elapsed_time [min],weight [g]
0.9837790355086327,-0.67,-0.88,30.05
0.9852631688117981,-0.67,-0.88,30.06
0.9867274090647697,-0.67,-0.88,30.06
0.9881123751401901,-0.67,-0.88,30.06
0.9896505400538445,-0.67,-0.87,30.06
0.9941281676292419,-0.67,-0.87,30.07
0.9970944002270699,-0.67,-0.86,30.07
0.9999814443290234,-0.67,-0.86,30.07
1.0027929805219173,-0.67,-0.86,30.08
1.0059192664921284,-0.66,-0.85,30.08
1.008921843022108,-0.66,-0.85,30.08
1.0117433220148087,-0.66,-0.84,30.08
1.0148071385920048,-0.66,-0.84,30.08
1.0178208611905575,-0.66,-0.84,30.09
1.0207621827721596,-0.66,-0.83,30.09
1.0235531404614449,-0.66,-0.83,30.09
1.0266830138862133,-0.66,-0.82,30.09
1.02963812276721,-0.66,-0.82,30.1
1.0326006673276424,-0.65,-0.82,30.1
1.0354224368929863,-0.65,-0.81,30.1
1.0384668484330177,-0.66,-0.81,30.11
1.041412141174078,-0.65,-0.81,30.11
1.0442993193864822,-0.65,-0.8,30.11
1.0473672784864902,-0.65,-0.8,30.11
1.0503674410283566,-0.65,-0.8,30.11
1.0531399734318256,-0.65,-0.79,30.11
1.0562695190310478,-0.65,-0.79,30.11
1.0590804629027843,-0.65,-0.79,30.12
1.0622061304748058,-0.65,-0.78,30.12
1.065043643116951,-0.65,-0.78,30.12
1.0681008026003838,-0.65,-0.79,30.12
1.0710851065814495,-0.65,-0.79,30.12
1.0725588202476501,-0.65,-0.78,30.12
1.0738659836351871,-0.65,-0.78,30.12
1.075474489480257,-0.65,-0.78,30.12
1.0770050138235092,-0.65,-0.78,30.13
1.0784763246774673,-0.65,-0.78,30.13
1.0799605138599873,-0.65,-0.78,30.13
1.0814431607723236,-0.65,-0.78,30.13
1.0829358473420143,-0.65,-0.78,30.13
1.0842225924134254,-0.64,-0.77,30.13
1.0857615731656551,-0.65,-0.77,30.13
1.0873621329665184,-0.64,-0.77,30.14
1.088840089738369,-0.64,-0.77,30.14
1.0918045416474342,-0.65,-0.77,30.14
1.0946625173091888,-0.65,-0.77,30.14
1.0977081879973412,-0.64,-0.76,30.14
1.1006678268313408,-0.64,-0.76,30.14
1.103610035032034,-0.64,-0.76,30.15
1.106561340391636,-0.64,-0.76,30.15
1.1095666997134686,-0.64,-0.76,30.15
1.1125084795057774,-0.64,-0.75,30.15
1.1154505535960197,-0.64,-0.75,30.15
1.1183806508779526,-0.64,-0.75,30.15
1.1213981807231903,-0.64,-0.75,30.16
1.1243373975157738,-0.64,-0.75,30.15
1.125789139419794,-0.64,-0.75,30.15
1.1271956525743008,-0.64,-0.74,30.16
1.128693349659443,-0.64,-0.74,30.16
1.130229476839304,-0.64,-0.74,30.16
1.1317057460546494,-0.64,-0.74,30.16
1.13322052359581,-0.64,-0.74,30.16
1.1345811374485493,-0.64,-0.74,30.16
1.1360791437327862,-0.64,-0.74,30.17
1.1376229301095009,-0.64,-0.74,30.17
1.1390395872294903,-0.64,-0.73,30.17
1.1404669284820557,-0.63,-0.73,30.17
1.142047993838787,-0.63,-0.73,30.17
1.143526367843151,-0.64,-0.73,30.17
1.1450273543596268,-0.64,-0.73,30.17
1.146512147039175,-0.63,-0.73,30.17
1.14798828586936,-0.63,-0.73,30.17
1.1493977382779121,-0.63,-0.73,30.17
1.1509462930262089,-0.63,-0.73,30.17
1.1522989831864834,-0.63,-0.72,30.17
1.1539813168346882,-0.63,-0.72,30.17
1.155410423874855,-0.63,-0.72,30.17
1.1567711904644966,-0.63,-0.72,30.17
1.1583635173738003,-0.64,-0.72,30.18
1.1596966795623302,-0.64,-0.72,30.18
1.161253746598959,-0.63,-0.72,30.18
1.1627279967069626,-0.64,-0.72,30.18
1.1641742251813412,-0.63,-0.72,30.18
1.1657909825444221,-0.63,-0.72,30.18
1.1672855950891972,-0.63,-0.72,30.18
1.1687676310539246,-0.63,-0.71,30.18
1.1701984517276287,-0.63,-0.71,30.19
1.171670313924551,-0.63,-0.71,30.21
1.1731157749891281,-0.62,-0.71,30.18
1.1745536550879478,-0.63,-0.71,30.16
1.1760577596724033,-0.64,-0.71,30.16
1.1774797290563583,-0.63,-0.71,30.18
1.1790687330067158,-0.63,-0.7,30.19
1.1805478185415268,-0.63,-0.7,30.19
1.1819521449506283,-0.63,-0.7,30.2
1.1834504902362823,-0.63,-0.7,30.19
1.184963695704937,-0.63,-0.69,30.18
1.1864189803600311,-0.63,-0.69,30.16
1.1879842765629292,-0.63,-0.69,30.18
1.1923303604125977,-0.63,-0.68,30.2
1.1952666155993938,-0.63,-0.68,30.18
1.198238879442215,-0.63,-0.68,30.2
1.201272152364254,-0.63,-0.68,30.18
1.2042702250182629,-0.63,-0.68,30.18
1.2071950063109398,-0.63,-0.68,30.18
1.2101907283067703,-0.63,-0.68,30.18
1.213068649172783,-0.63,-0.67,30.18
1.2160780243575573,-0.63,-0.67,30.19
1.2190272137522697,-0.63,-0.67,30.21
1.2219214551150799,-0.62,-0.67,30.17
1.2249920666217804,-0.63,-0.67,30.17
1.22792649269104,-0.62,-0.67,30.18
1.2293895296752453,-0.63,-0.67,30.17
1.2308672443032265,-0.63,-0.66,30.19
1.232353001832962,-0.63,-0.66,30.2
1.2337844520807266,-0.63,-0.66,30.22
1.235334750264883,-0.63,-0.66,30.23
1.2368253879249096,-0.63,-0.66,30.2
1.2382987290620804,-0.63,-0.65,30.19
1.2397377826273441,-0.63,-0.66,30.19
1.2411671578884125,-0.63,-0.66,30.19
1.2427461817860603,-0.63,-0.66,30.19
1.2441918514668941,-0.63,-0.66,30.19
1.2456843629479408,-0.62,-0.65,30.2
1.2471196874976158,-0.62,-0.65,30.2
1.2485953904688358,-0.63,-0.65,30.19
1.2501344457268715,-0.63,-0.65,30.19
1.2514168359339237,-0.63,-0.65,30.18
1.253036454319954,-0.63,-0.65,30.19
1.2545304410159588,-0.62,-0.65,30.19
1.255927413702011,-0.63,-0.65,30.19
1.2575073316693306,-0.63,-0.65,30.19
1.2589327692985535,-0.62,-0.65,30.19
1.2604799307882786,-0.62,-0.65,30.19
1.2619567140936852,-0.62,-0.65,30.19
1.2632867470383644,-0.63,-0.65,30.19
1.2649233303964138,-0.63,-0.65,30.19
1.2663983143866062,-0.62,-0.65,30.19
1.2678943015635014,-0.62,-0.64,30.19
1.2691609039902687,-0.62,-0.64,30.19
1.2708293087780476,-0.62,-0.64,30.2
1.272294882684946,-0.62,-0.64,30.2
1.2737910225987434,-0.62,-0.64,30.21
1.2752948701381683,-0.62,-0.64,30.21
1.2767388671636581,-0.63,-0.64,30.22
1.2782538868486881,-0.63,-0.64,30.23
1.2797323241829872,-0.62,-0.64,30.23
1.281175184994936,-0.63,-0.64,30.23
1.282683938741684,-0.63,-0.64,30.23
1.2841672636568546,-0.62,-0.64,30.23
1.2856470271945,-0.63,-0.64,30.24
1.2871293425559998,-0.62,-0.64,30.24
1.2900837138295174,-0.62,-0.64,30.23
1.2930193543434143,-0.62,-0.63,30.22
1.2959781847894192,-0.62,-0.63,30.21
1.2989579141139984,-0.62,-0.63,30.21
1.3019171208143234,-0.62,-0.63,30.22
1.3048751689493656,-0.62,-0.63,30.25
1.307832419872284,-0.62,-0.62,30.25
1.3106316030025482,-0.62,-0.62,30.25
1.3137316852807999,-0.62,-0.62,30.21
1.3164642192423344,-0.62,-0.62,30.21
1.3195747062563896,-0.61,-0.62,30.23
1.322629276663065,-0.62,-0.62,30.23
1.325550653040409,-0.62,-0.62,30.24
1.3285595551133156,-0.62,-0.62,30.23
1.3314657136797905,-0.62,-0.62,30.22
1.3344785012304783,-0.62,-0.62,30.21
1.3373380899429321,-0.62,-0.61,30.21
1.3404072858393192,-0.62,-0.61,30.21
1.3432381078600883,-0.62,-0.61,30.22
1.3461772091686726,-0.62,-0.6,30.25
1.3492273837327957,-0.62,-0.59,30.26
1.352245356887579,-0.62,-0.59,30.26
1.3551713600754738,-0.61,-0.58,30.27
1.3581459634006023,-0.61,-0.58,30.27
1.3610343039035797,-0.62,-0.58,30.27
1.3640012592077255,-0.62,-0.58,30.26
1.366991326212883,-0.62,-0.58,30.26
1.369974434375763,-0.61,-0.58,30.25
1.372713316231966,-0.62,-0.57,30.26
1.3758993446826935,-0.62,-0.57,30.26
1.378873210400343,-0.61,-0.57,30.26
1.381757888942957,-0.61,-0.57,30.27
1.3846636898815632,-0.62,-0.57,30.27
1.3862453922629356,-0.61,-0.57,30.27
1.389187142252922,-0.61,-0.56,30.28
1.390688568353653,-0.61,-0.56,30.28
1.3921280838549137,-0.61,-0.56,30.28
1.3936265408992767,-0.61,-0.56,30.28
1.3951192200183868,-0.61,-0.56,30.28
1.3966050632297993,-0.62,-0.56,30.28
1.3980977833271027,-0.61,-0.56,30.28
1.3995320945978165,-0.62,-0.56,30.27
1.4010438024997711,-0.62,-0.56,30.26
1.402535554021597,-0.61,-0.56,30.26
1.4040115214884281,-0.61,-0.56,30.26
1.4053864888846874,-0.61,-0.56,30.26
1.4069059193134308,-0.61,-0.56,30.26
1.4084602743387222,-0.61,-0.55,30.26
1.4099201820790768,-0.61,-0.56,30.27
1.4113415367901325,-0.61,-0.55,30.27
1.4128939993679523,-0.61,-0.55,30.27
1.4142487458884716,-0.61,-0.55,30.27
1.4157857447862625,-0.61,-0.55,30.27
1.4173004552721977,-0.61,-0.55,30.27
1.4188019931316376,-0.61,-0.55,30.27
1.42019784450531,-0.61,-0.55,30.27
1.4216027334332466,-0.61,-0.55,30.27
1.4231719635426998,-0.61,-0.55,30.27
1.4246596172451973,-0.61,-0.55,30.27
1.4262119568884373,-0.61,-0.55,30.27
1.4276760891079903,-0.61,-0.55,30.27
1.4291106015443802,-0.61,-0.55,30.27
1.4304328486323357,-0.61,-0.55,30.27
1.4321343787014484,-0.61,-0.55,30.27
1.4335882514715195,-0.61,-0.55,30.26
1.4350914023816586,-0.61,-0.54,30.26
1.4364634118974209,-0.61,-0.54,30.26
1.4378117136657238,-0.61,-0.54,30.27
1.4394516162574291,-0.61,-0.54,30.27
1.4410149231553078,-0.61,-0.54,30.27
1.4424114264547825,-0.61,-0.54,30.27
1.4439114555716515,-0.61,-0.54,30.27
1.445355262607336,-0.61,-0.54,30.27
1.4467936493456364,-0.61,-0.54,30.27
1.4483606740832329,-0.61,-0.54,30.27
1.4497067369520664,-0.61,-0.54,30.27
1.4512749835848808,-0.61,-0.54,30.27
1.452835377305746,-0.61,-0.54,30.27
1.4542669132351875,-0.61,-0.54,30.27
1.4557719677686691,-0.61,-0.54,30.27
1.457289218902588,-0.61,-0.54,30.27
1.4587554670870304,-0.61,-0.53,30.27
1.4602252766489983,-0.61,-0.53,30.27
1.461671531200409,-0.61,-0.53,30.26
1.4630932547152042,-0.61,-0.53,30.26
1.464654553681612,-0.61,-0.53,30.26
1.4660106413066387,-0.61,-0.53,30.26
1.4676374159753323,-0.61,-0.53,30.26
1.4691195450723171,-0.61,-0.53,30.27
1.4705645814538002,-0.61,-0.53,30.27
1.4720639400184155,-0.61,-0.53,30.27
1.4735259115695953,-0.61,-0.53,30.27
1.474991001188755,-0.61,-0.53,30.27
1.476297713816166,-0.61,-0.53,30.27
1.4779776446521282,-0.61,-0.53,30.27
1.479485645890236,-0.61,-0.53,30.27
1.4809419736266136,-0.61,-0.53,30.27
1.4824261292815208,-0.61,-0.53,30.27
1.4838139042258263,-0.61,-0.53,30.27
1.485320221632719,-0.61,-0.53,30.27
1.4882456101477146,-0.61,-0.53,30.27
1.4911268651485443,-0.61,-0.53,30.27
1.4941672571003437,-0.61,-0.52,30.27
1.497188352048397,-0.61,-0.52,30.27
1.5000732243061066,-0.61,-0.52,30.27
1.5029668658971786,-0.61,-0.52,30.28
1.506108708679676,-0.61,-0.52,30.28
1.5090717114508152,-0.6,-0.52,30.28
1.5119701363146305,-0.61,-0.52,30.28
1.514854796230793,-0.61,-0.52,30.28
1.5177299082279205,-0.61,-0.52,30.28
1.5208883062005043,-0.6,-0.51,30.28
1.5237747207283974,-0.61,-0.52,30.28
1.5266547836363316,-0.61,-0.52,30.28
1.529550340026617,-0.61,-0.51,30.28
1.5327110178768635,-0.61,-0.51,30.28
1.535700410604477,-0.6,-0.51,30.28
1.5384888462722301,-0.6,-0.51,30.28
1.541604857891798,-0.61,-0.51,30.28
1.544553242623806,-0.6,-0.51,30.29
1.54588982462883,-0.61,-0.51,30.29
1.5474251359701157,-0.61,-0.51,30.29
1.5490021668374538,-0.6,-0.51,30.28
1.5503120757639408,-0.6,-0.51,30.28
1.5518829748034477,-0.6,-0.51,30.28
1.5532026179134846,-0.6,-0.51,30.28
1.5547644421458244,-0.6,-0.51,30.28
1.5563433095812798,-0.61,-0.51,30.28
1.557883832603693,-0.6,-0.51,30.29
1.559250608086586,-0.6,-0.5,30.29
1.5608018524944782,-0.61,-0.5,30.29
1.5621233731508255,-0.6,-0.5,30.29
1.5636932365596294,-0.6,-0.5,30.29
1.5652621984481812,-0.6,-0.5,30.29
1.5665898397564888,-0.6,-0.5,30.29
1.5681563168764114,-0.6,-0.5,30.29
1.5697248354554176,-0.6,-0.5,30.28
1.5710404291749,-0.6,-0.5,30.28
1.5726295821368694,-0.6,-0.5,30.28
1.57392068952322,-0.6,-0.5,30.29
1.5754894725978374,-0.6,-0.5,30.29
1.5770599134266376,-0.6,-0.5,30.29
1.578366320580244,-0.6,-0.5,30.29
1.5799454413354397,-0.6,-0.5,30.29
1.581527952104807,-0.6,-0.5,30.29
1.5828418359160423,-0.6,-0.5,30.29
1.5844349674880505,-0.6,-0.5,30.29
1.5872900262475014,-0.6,-0.5,30.29
1.5904343537986279,-0.6,-0.49,30.29
1.5933122336864471,-0.61,-0.5,30.29
1.5963172316551208,-0.6,-0.49,30.28
1.599080316722393,-0.6,-0.49,30.28
1.6022172681987286,-0.6,-0.49,30.29
1.6051104329526424,-0.6,-0.49,30.29
1.60799790173769,-0.6,-0.49,30.29
1.611137680709362,-0.6,-0.49,30.29
1.614014569669962,-0.6,-0.49,30.29
1.617067251354456,-0.6,-0.49,30.3
1.6199641935527325,-0.6,-0.48,30.3
1.6229389198124409,-0.6,-0.49,30.29
1.6258902102708817,-0.6,-0.49,30.29
1.6287283822894096,-0.6,-0.48,30.29
1.6316041573882103,-0.6,-0.48,30.29
1.634813278913498,-0.6,-0.48,30.29
1.6377564147114754,-0.6,-0.48,30.28
1.640631016343832,-0.6,-0.48,30.28
1.6436752639710903,-0.6,-0.48,30.28
1.6466399654746056,-0.6,-0.48,30.28
1.6495763584971428,-0.6,-0.48,30.29
1.6524634659290314,-0.6,-0.48,30.29
1.6554026119410992,-0.6,-0.48,30.3
1.6569615043699741,-0.6,-0.48,30.31
1.6583934724330902,-0.6,-0.47,30.3
1.659894671291113,-0.6,-0.47,30.3
1.6612623147666454,-0.61,-0.48,30.31
1.6628058813512325,-0.6,-0.47,30.31
1.66440424695611,-0.6,-0.47,30.32
1.6657397039234638,-0.59,-0.47,30.32
1.6672975718975067,-0.6,-0.47,30.32
1.6686260998249054,-0.6,-0.47,30.31
1.6701944693922997,-0.6,-0.47,30.3
1.6717827171087265,-0.59,-0.47,30.29
1.6731438152492046,-0.59,-0.47,30.28
1.674683354794979,-0.59,-0.47,30.28
1.6760830618441105,-0.6,-0.47,30.29
1.6775612607598305,-0.6,-0.47,30.3
1.6791288368403912,-0.6,-0.47,30.3
1.6804450377821922,-0.6,-0.47,30.3
1.682017508894205,-0.6,-0.47,30.29
1.6836003363132477,-0.59,-0.47,30.3
1.6864870339632034,-0.59,-0.47,30.29
1.6894784718751907,-0.6,-0.47,30.3
1.6925223097205162,-0.6,-0.47,30.29
1.6954276077449322,-0.6,-0.46,30.29
1.6983146332204342,-0.6,-0.46,30.29
1.7012195363640785,-0.6,-0.46,30.26
1.7028155699372292,-0.6,-0.46,30.26
1.7043524198234081,-0.6,-0.46,30.25
1.7056631669402122,-0.6,-0.46,30.25
1.707231555134058,-0.6,-0.46,30.25
1.7085532657802105,-0.6,-0.46,30.25
1.7101280987262726,-0.6,-0.46,30.25
1.711703859269619,-0.59,-0.46,30.26
1.7130096293985844,-0.59,-0.46,30.26
1.7147076800465584,-0.59,-0.46,30.26
1.716196559369564,-0.59,-0.46,30.26
1.7174817956984043,-0.59,-0.46,30.26
1.7190500758588314,-0.6,-0.46,30.27
1.7206308841705322,-0.6,-0.46,30.27
1.7219330742955208,-0.6,-0.45,30.28
1.7235104478895664,-0.6,-0.46,30.26
1.7248294241726398,-0.6,-0.46,30.26
1.7265288531780243,-0.59,-0.46,30.26
1.7280204147100449,-0.59,-0.45,30.27
1.7293066196143627,-0.59,-0.45,30.27
1.7309448830783367,-0.59,-0.45,30.27
1.7322164997458458,-0.59,-0.45,30.27
1.7338123805820942,-0.59,-0.45,30.27
1.7354143597185612,-0.6,-0.45,30.26
1.736726563423872,-0.6,-0.45,30.26
1.7383004315197468,-0.6,-0.45,30.27
1.7396344542503357,-0.59,-0.45,30.26
1.7412533275783062,-0.59,-0.45,30.26
1.7428211458027363,-0.6,-0.45,30.27
1.7441287152469158,-0.6,-0.45,30.27
1.7456991411745548,-0.6,-0.45,30.27
1.747016254812479,-0.59,-0.45,30.28
1.7485859841108322,-0.59,-0.45,30.28
1.7501831613481045,-0.59,-0.45,30.28
1.751694805920124,-0.6,-0.45,30.28
1.7530832812190056,-0.59,-0.45,30.29
1.7546603083610535,-0.59,-0.44,30.29
1.7559672892093658,-0.59,-0.44,30.3
1.757527731359005,-0.59,-0.44,30.29
1.7588449977338314,-0.6,-0.44,30.29
1.7604146525263786,-0.59,-0.44,30.3
1.7620410844683647,-0.59,-0.44,30.29
1.7633332163095474,-0.59,-0.44,30.28
1.7649723552167416,-0.59,-0.44,30.28
1.7664505988359451,-0.59,-0.44,30.29
1.7679678425192833,-0.59,-0.44,30.28
1.7694394439458847,-0.6,-0.44,30.29
1.7707517631351948,-0.59,-0.44,30.29
1.7723232470452785,-0.59,-0.44,30.29
1.773636244237423,-0.59,-0.44,30.3
1.7752096131443977,-0.6,-0.43,30.31
1.7767851389944553,-0.59,-0.43,30.32
1.778112918138504,-0.59,-0.43,30.33
1.7797460407018661,-0.6,-0.43,30.33
1.781294297426939,-0.59,-0.43,30.33
1.7842034846544266,-0.59,-0.43,30.33
1.7871513478457928,-0.59,-0.43,30.34
1.7900947853922844,-0.59,-0.42,30.34
1.793053738772869,-0.59,-0.42,30.34
1.7960155606269836,-0.59,-0.42,30.33
1.7988670878112316,-0.59,-0.42,30.33
1.8019889704883099,-0.59,-0.42,30.33
1.8049718402326107,-0.6,-0.42,30.33
1.8079244010150433,-0.59,-0.42,30.33
1.810802809894085,-0.59,-0.42,30.33
1.8137611970305443,-0.59,-0.42,30.33
1.8166783452033997,-0.59,-0.42,30.33
1.8197406567633152,-0.6,-0.42,30.32
1.822499256581068,-0.59,-0.42,30.32
1.8256543762981892,-0.59,-0.42,30.32
1.828599076718092,-0.59,-0.42,30.33
1.8315071612596512,-0.59,-0.42,30.33
1.8345316611230373,-0.59,-0.41,30.33
1.8373658955097198,-0.59,-0.41,30.33
1.8403532579541206,-0.59,-0.41,30.33
1.8432882130146027,-0.59,-0.41,30.32
1.846381738781929,-0.59,-0.41,30.32
1.8491036109626293,-0.59,-0.41,30.32
1.8522961512207985,-0.59,-0.41,30.33
1.8552611395716667,-0.59,-0.41,30.33
1.8582230806350708,-0.59,-0.41,30.32
1.8594705499708652,-0.59,-0.41,30.33
1.8611113466322422,-0.59,-0.41,30.33
1.8626612164080143,-0.59,-0.41,30.33
1.8640710674226284,-0.59,-0.4,30.33
1.8655805625021458,-0.59,-0.41,30.33
1.8668996430933475,-0.59,-0.4,30.33
1.868571974337101,-0.59,-0.4,30.34
1.8698445968329906,-0.59,-0.4,30.33
1.8715139143168926,-0.59,-0.4,30.33
1.873011376708746,-0.59,-0.4,30.33
1.8743589371442795,-0.59,-0.4,30.34
1.8759762346744537,-0.59,-0.4,30.34
1.8772911131381989,-0.59,-0.4,30.34
1.8789303116500378,-0.59,-0.4,30.34
1.8802061304450035,-0.59,-0.4,30.34
1.8832003474235535,-0.59,-0.4,30.34
1.8863270655274391,-0.59,-0.4,30.34
1.8892581015825272,-0.59,-0.4,30.34
1.8921791277825832,-0.59,-0.4,30.34
1.895155169069767,-0.59,-0.4,30.34
1.8980881310999393,-0.59,-0.4,30.34
1.900971069931984,-0.59,-0.4,30.33
1.9039506316184998,-0.59,-0.4,30.32
1.906823880970478,-0.59,-0.4,30.33
1.909993838518858,-0.59,-0.4,30.34
1.9129253588616848,-0.59,-0.4,30.33
1.9158493243157864,-0.59,-0.39,30.33
1.918822705745697,-0.59,-0.4,30.32
1.9216495119035244,-0.59,-0.39,30.3
1.9232398830354214,-0.59,-0.39,30.3
1.9248047284781933,-0.59,-0.39,30.31
1.926118902862072,-0.59,-0.39,30.3
1.9276821427047253,-0.59,-0.39,30.3
1.9289968833327293,-0.59,-0.39,30.31
1.9305697716772556,-0.59,-0.39,30.31
1.9321485124528408,-0.59,-0.39,30.3
1.9334617257118225,-0.59,-0.39,30.3
1.9350358583033085,-0.59,-0.39,30.3
1.936636634171009,-0.59,-0.39,30.3
1.9379157461225986,-0.59,-0.39,30.31
1.939486812800169,-0.59,-0.39,30.31
1.9410772360861301,-0.59,-0.39,30.32
1.9423877112567425,-0.59,-0.39,30.33
1.9439587816596031,-0.59,-0.39,30.33
1.9452689588069916,-0.59,-0.39,30.33
1.946838766336441,-0.59,-0.39,30.33
1.9484049417078495,-0.59,-0.39,30.33
1.9499566704034805,-0.59,-0.38,30.33
1.9514243677258492,-0.59,-0.39,30.32
1.952891107648611,-0.59,-0.39,30.32
1.9542029239237309,-0.59,-0.39,30.32
1.9558249339461327,-0.58,-0.39,30.32
1.9571780040860176,-0.58,-0.38,30.33
1.9587280116975307,-0.59,-0.39,30.33
1.9600680880248547,-0.59,-0.38,30.33
1.961660921573639,-0.59,-0.38,30.34
1.963223870843649,-0.59,-0.38,30.34
1.9646493196487427,-0.59,-0.38,30.34
1.9661170057952404,-0.59,-0.38,30.34
1.9676969796419144,-0.58,-0.38,30.34
1.9690067991614342,-0.59,-0.38,30.34
1.9705818742513657,-0.59,-0.38,30.34
1.9721525348722935,-0.59,-0.38,30.34
1.9734612479805946,-0.59,-0.38,30.34
1.9750259518623352,-0.58,-0.38,30.34
1.9765892699360847,-0.58,-0.38,30.34
1.9779043160378933,-0.58,-0.38,30.34
1.9794779494404793,-0.58,-0.38,30.32
1.9807916358113289,-0.58,-0.38,30.31
1.9839412719011307,-0.59,-0.38,30.31
1.986826065927744,-0.58,-0.38,30.32
1.9897145703434944,-0.58,-0.38,30.33
1.99261936545372,-0.58,-0.38,30.34
1.9957879893481731,-0.59,-0.37,30.34
1.9987247474491596,-0.59,-0.38,30.34
2.0016357079148293,-0.59,-0.37,30.34
2.0045741200447083,-0.58,-0.37,30.34
2.0074722692370415,-0.59,-0.37,30.34
2.0103806406259537,-0.58,-0.37,30.34
2.0135700218379498,-0.58,-0.37,30.34
2.0164734087884426,-0.58,-0.37,30.35
2.0178129225969315,-0.59,-0.37,30.35
2.0195031724870205,-0.59,-0.37,30.34
2.020849581807852,-0.59,-0.37,30.34
2.0223934166133404,-0.59,-0.37,30.34
2.023883141577244,-0.58,-0.37,30.35
2.02538238465786,-0.58,-0.37,30.35
2.0268261656165123,-0.58,-0.37,30.35
2.0283809415996075,-0.58,-0.37,30.35
2.0298158302903175,-0.58,-0.37,30.35
2.031300686299801,-0.58,-0.37,30.35
2.03277001157403,-0.59,-0.37,30.35
2.034283973276615,-0.59,-0.37,30.35
2.0357772149145603,-0.58,-0.37,30.36
2.037163332104683,-0.59,-0.37,30.35
2.038706362247467,-0.59,-0.37,30.35
2.0401953496038914,-0.59,-0.37,30.35
2.041657343506813,-0.59,-0.37,30.35
2.0430440455675125,-0.59,-0.37,30.35
2.0445207990705967,-0.59,-0.36,30.35
2.046099603176117,-0.59,-0.36,30.35
2.047406416386366,-0.59,-0.36,30.35
2.0490778498351574,-0.58,-0.36,30.34
2.0504680797457695,-0.58,-0.37,30.33
2.0520349964499474,-0.58,-0.36,30.33
2.0535157211124897,-0.58,-0.36,30.34
2.05485712736845,-0.58,-0.36,30.34
2.056464996188879,-0.58,-0.36,30.34
2.057950984686613,-0.58,-0.36,30.35
2.059376660734415,-0.58,-0.36,30.35
2.060713231563568,-0.58,-0.36,30.34
2.0622753128409386,-0.58,-0.36,30.35
2.063869893550873,-0.58,-0.36,30.35
2.0652300342917442,-0.59,-0.36,30.35
2.0667765885591507,-0.59,-0.36,30.35
2.0683048143982887,-0.59,-0.36,30.35
2.0696455761790276,-0.58,-0.36,30.35
2.071241918951273,-0.58,-0.36,30.35
2.072674598544836,-0.58,-0.36,30.35
2.074138570576906,-0.59,-0.36,30.34
2.075457200407982,-0.59,-0.36,30.34
2.077138941735029,-0.59,-0.36,30.34
2.078632939606905,-0.59,-0.36,30.34
2.0815741904079914,-0.59,-0.36,30.34
2.0844313353300095,-0.59,-0.36,30.34
2.0873325876891613,-0.58,-0.36,30.34
2.090464521199465,-0.58,-0.36,30.34
2.0933486334979534,-0.58,-0.36,30.34
2.096240285784006,-0.58,-0.36,30.35
2.0991693660616875,-0.59,-0.35,30.35
2.102340642362833,-0.58,-0.35,30.35
2.1052859500050545,-0.58,-0.35,30.35
2.1082705669105053,-0.59,-0.35,30.35
2.111076183617115,-0.58,-0.35,30.35
2.1139900349080563,-0.58,-0.35,30.34
2.116987071931362,-0.58,-0.35,30.34
2.1200761049985886,-0.58,-0.35,30.34
2.1230026707053185,-0.58,-0.35,30.35
2.1260205879807472,-0.58,-0.35,30.31
2.128895230591297,-0.58,-0.35,30.3
2.1317659579217434,-0.59,-0.35,30.31
2.1347695030272007,-0.58,-0.35,30.31
2.137849848717451,-0.58,-0.35,30.3
2.1407556496560574,-0.58,-0.35,30.3
2.1437263786792755,-0.58,-0.35,30.31
2.1466785967350006,-0.58,-0.34,30.31
2.1495991833508015,-0.58,-0.34,30.33
2.152585908770561,-0.58,-0.34,30.33
2.1555894538760185,-0.58,-0.34,30.34
2.1585681848227978,-0.59,-0.34,30.35
2.161476470530033,-0.58,-0.34,30.38
2.1644450537860394,-0.58,-0.34,30.38
2.1672730930149555,-0.58,-0.34,30.37
2.1703564897179604,-0.58,-0.34,30.36
2.173352062702179,-0.57,-0.34,30.35
2.174819901585579,-0.58,-0.34,-414.22
2.1763066053390503,-0.58,-0.34,30.35
2.177789654582739,-0.58,-0.34,30.35
2.1809549294412136,-0.58,-0.34,30.35
2.183627486228943,-0.58,-0.34,30.35
2.1865868866443634,-0.58,-0.34,30.35
2.188138287514448,-0.58,-0.34,30.35
2.1896293722093105,-0.58,-0.34,30.35
2.1910818852484226,-0.58,-0.34,30.35
2.1925309784710407,-0.58,-0.34,30.35
2.193893302232027,-0.58,-0.34,30.35
2.195461545139551,-0.57,-0.34,30.34
2.196971159428358,-0.58,-0.34,30.34
2.1985125839710236,-0.58,-0.34,30.34
2.199989341199398,-0.58,-0.34,30.35
2.2014065496623516,-0.58,-0.34,30.35
2.2029554024338722,-0.58,-0.34,30.35
2.2044255770742893,-0.58,-0.34,30.35
2.205861620604992,-0.58,-0.34,30.34
2.2073839865624905,-0.58,-0.34,30.34
2.208818916231394,-0.58,-0.34,30.35
2.210235223174095,-0.58,-0.34,30.35
2.2117839716374874,-0.58,-0.33,30.35
2.2132713571190834,-0.58,-0.33,30.35
2.214697655290365,-0.58,-0.33,30.35
2.2161732241511345,-0.58,-0.33,30.35
2.217636600136757,-0.58,-0.33,30.34
2.2192065566778183,-0.58,-0.33,30.34
2.2205960415303707,-0.58,-0.33,30.34
2.222171977162361,-0.58,-0.33,30.35
2.2234690338373184,-0.58,-0.33,30.35
2.2251370698213577,-0.58,-0.33,30.34
2.2266093157231808,-0.58,-0.33,30.35
2.2280570194125175,-0.58,-0.33,30.35
2.229544334113598,-0.58,-0.33,30.35
2.230998106300831,-0.58,-0.33,30.35
2.2324931025505066,-0.58,-0.33,30.35
2.2339449673891068,-0.58,-0.33,30.35
2.2354970276355743,-0.58,-0.33,30.35
2.2369805425405502,-0.58,-0.33,30.35
2.2384591326117516,-0.58,-0.33,30.35
2.2399306185543537,-0.58,-0.33,30.35
2.241354465484619,-0.58,-0.33,30.34
2.242856066673994,-0.58,-0.33,30.35
2.2442668080329895,-0.58,-0.33,30.35
2.2458250634372234,-0.58,-0.33,30.34
2.2472156919538975,-0.58,-0.33,30.34
2.2488009929656982,-0.58,-0.33,30.34
2.2502879835665226,-0.58,-0.33,30.35
2.2517683431506157,-0.58,-0.33,30.35
2.253219246864319,-0.58,-0.33,30.34
2.254721935838461,-0.58,-0.33,30.34
2.2562094032764435,-0.58,-0.33,30.35
2.2576917856931686,-0.58,-0.32,30.35
2.2591169513761997,-0.58,-0.32,30.35
2.260537799447775,-0.58,-0.32,30.35
2.262127462774515,-0.58,-0.32,30.35
2.263598721474409,-0.58,-0.32,30.35
2.265082761645317,-0.58,-0.32,30.35
2.2665081471204758,-0.58,-0.32,30.35
2.267969537526369,-0.58,-0.32,30.35
2.2695102505385876,-0.58,-0.32,30.35
2.2709831967949867,-0.58,-0.32,30.35
2.2724789083004,-0.58,-0.32,30.35
2.274073000997305,-0.58,-0.32,30.35
2.2753561064600945,-0.58,-0.32,30.35
2.2769259735941887,-0.58,-0.32,30.35
2.2783171832561493,-0.58,-0.32,30.35
2.2812539003789425,-0.58,-0.32,30.36
2.284308146685362,-0.58,-0.32,30.38
2.287272058427334,-0.58,-0.32,30.4
2.2902425080537796,-0.57,-0.32,30.4
2.2931971177458763,-0.58,-0.32,30.4
2.29615980014205,-0.58,-0.31,30.39
2.298916306346655,-0.58,-0.31,30.38
2.3020284585654736,-0.58,-0.31,30.38
2.305040627717972,-0.58,-0.31,30.38
2.3079817183315754,-0.58,-0.31,30.38
2.310869563370943,-0.57,-0.31,30.38
2.313905917108059,-0.57,-0.31,30.37
2.3168542459607124,-0.57,-0.31,30.35
2.319833591580391,-0.58,-0.31,30.33
2.322679750621319,-0.58,-0.31,30.33
2.3256203792989254,-0.57,-0.31,30.31
2.328692726790905,-0.58,-0.31,30.34
2.3316404186189175,-0.58,-0.31,30.34
2.333148155361414,-0.58,-0.31,30.34
2.3346244916319847,-0.57,-0.31,30.34
2.336066022515297,-0.57,-0.31,30.34
2.337577499449253,-0.57,-0.31,30.34
2.339064948260784,-0.58,-0.31,30.33
2.3405190743505955,-0.57,-0.31,30.34
2.3418944142758846,-0.57,-0.31,30.34
2.343490604311228,-0.57,-0.31,30.34
2.3448834642767906,-0.57,-0.31,30.34
2.346456792205572,-0.58,-0.31,30.34
2.347955398261547,-0.58,-0.31,30.34
2.3494134098291397,-0.57,-0.31,30.34
2.3508937768638134,-0.57,-0.3,30.34
2.35239364951849,-0.57,-0.3,30.34
2.353852454572916,-0.57,-0.3,30.34
2.3553774803876877,-0.57,-0.3,30.34
2.356820534914732,-0.57,-0.3,30.34
2.3582649379968643,-0.58,-0.3,30.35
2.359717044979334,-0.57,-0.3,30.37
2.3611165061593056,-0.58,-0.3,30.38
2.362702142447233,-0.57,-0.3,30.39
2.364046212285757,-0.57,-0.3,30.39
2.3657020777463913,-0.57,-0.3,30.39
2.367118027061224,-0.57,-0.3,30.37
2.3686655424535275,-0.57,-0.3,30.37
2.3700904846191406,-0.57,-0.3,30.38
2.3716052547097206,-0.57,-0.3,30.39
2.372986286878586,-0.57,-0.3,30.39
2.3744826167821884,-0.57,-0.3,30.4
2.3759435191750526,-0.57,-0.3,30.4
2.379009161144495,-0.57,-0.3,30.4
2.3817924708127975,-0.57,-0.3,30.36
2.38492900878191,-0.57,-0.3,30.32
2.387816332280636,-0.57,-0.3,30.33
2.3906979262828827,-0.58,-0.3,30.33
2.3937562219798565,-0.57,-0.3,30.34
2.3966290168464184,-0.58,-0.3,30.35
2.399715404957533,-0.57,-0.29,30.35
2.402684148401022,-0.58,-0.3,30.35
2.4054193310439587,-0.57,-0.3,30.37
2.4084060229361057,-0.58,-0.29,30.4
2.4114149510860443,-0.57,-0.29,30.4
2.414534717798233,-0.57,-0.29,30.39
2.417430143803358,-0.58,-0.29,30.39
2.420431487262249,-0.57,-0.29,30.36
2.423326227813959,-0.58,-0.29,30.34
2.42632457613945,-0.57,-0.3,30.35
2.429269053041935,-0.58,-0.29,30.37
2.4322208166122437,-0.58,-0.29,30.4
2.4352045692503452,-0.57,-0.29,30.39
2.4381330609321594,-0.57,-0.29,30.37
2.441120781004429,-0.57,-0.29,30.36
2.444106787443161,-0.57,-0.29,30.36
2.44706953689456,-0.57,-0.29,30.36
2.4500447399914265,-0.58,-0.29,30.36
2.452983032912016,-0.57,-0.29,30.36
2.454453680664301,-0.57,-0.29,30.36
2.4559514299035072,-0.57,-0.29,30.36
2.457375470548868,-0.57,-0.29,30.36
2.458878703415394,-0.57,-0.29,30.36
2.460382044315338,-0.57,-0.29,30.36
2.4618727043271065,-0.57,-0.29,30.36
2.4633533842861652,-0.57,-0.29,30.36
2.464770697057247,-0.57,-0.29,30.36
2.4666104838252068,-0.57,-0.29,30.36
2.467752940952778,-0.57,-0.29,30.36
2.4692500941455364,-0.57,-0.29,30.36
2.4707419872283936,-0.57,-0.29,30.37
2.4722161553800106,-0.57,-0.29,30.36
2.4736838452517986,-0.57,-0.29,30.36
2.4751805551350117,-0.57,-0.29,30.37
2.476648285984993,-0.58,-0.29,30.37
2.479598741978407,-0.57,-0.29,30.37
2.4825735688209534,-0.57,-0.29,30.37
2.4855408668518066,-0.58,-0.29,30.37
2.4884856157004833,-0.57,-0.29,30.36
2.489974047988653,-0.57,-0.29,30.36
2.491442646831274,-0.58,-0.29,30.36
2.4929425790905952,-0.58,-0.29,30.36
2.4944008626043797,-0.57,-0.29,30.36
2.4958550110459328,-0.57,-0.29,30.37
2.4973799847066402,-0.57,-0.29,30.37
2.498846996575594,-0.57,-0.29,30.37
2.500339310616255,-0.57,-0.29,30.37
2.5018165707588196,-0.57,-0.29,30.37
2.5032792650163174,-0.57,-0.29,30.37
2.50476561114192,-0.57,-0.29,30.37
2.5062506534159184,-0.57,-0.29,30.37
2.5077249258756638,-0.57,-0.29,30.37
2.509205922484398,-0.57,-0.29,30.37
2.5106900110840797,-0.57,-0.29,30.38
2.5121664330363274,-0.57,-0.28,30.38
2.513653948903084,-0.57,-0.28,30.37
2.5151297375559807,-0.57,-0.29,30.37
2.516613494604826,-0.57,-0.29,30.37
2.518096674233675,-0.57,-0.28,30.37
2.5195790976285934,-0.57,-0.28,30.37
2.521057054400444,-0.57,-0.28,30.38
2.5225287079811096,-0.57,-0.28,30.38
2.5238479673862457,-0.58,-0.28,30.39
2.525507617741823,-0.57,-0.28,30.4
2.5269822366535664,-0.57,-0.28,30.41
2.528450172394514,-0.57,-0.28,30.41
2.529812812805176,-0.57,-0.28,30.4
2.5312583819031715,-0.57,-0.28,30.4
2.532878026366234,-0.57,-0.28,30.38
2.5343639217317104,-0.57,-0.28,30.36
2.535807978361845,-0.57,-0.28,30.35
2.537330485880375,-0.57,-0.28,30.34
2.538819670677185,-0.57,-0.28,30.33
2.5403034761548042,-0.57,-0.28,30.33
2.5416090227663517,-0.57,-0.28,30.34
2.543221093714237,-0.57,-0.28,30.34
2.544731244444847,-0.57,-0.28,30.34
2.546095833182335,-0.57,-0.28,30.34
2.547685571014881,-0.57,-0.28,30.34
2.549094706773758,-0.57,-0.28,30.35
2.550657778978348,-0.57,-0.28,30.34
2.551909204572439,-0.57,-0.28,30.35
2.553612641990185,-0.57,-0.28,30.35
2.555003546178341,-0.57,-0.28,30.35
2.5565066784620285,-0.57,-0.28,30.35
2.557944428175688,-0.57,-0.28,30.35
2.559481229633093,-0.57,-0.28,30.35
2.5609681718051434,-0.57,-0.28,30.35
2.562359806150198,-0.57,-0.28,30.35
2.5639174208045006,-0.57,-0.28,30.35
2.5654304027557373,-0.57,-0.28,30.35
2.5668545216321945,-0.57,-0.28,30.35
2.5683663226664066,-0.57,-0.28,30.35
2.5698668360710144,-0.57,-0.28,30.35
2.571315661072731,-0.57,-0.28,30.35
2.5728283636271954,-0.57,-0.28,30.35
2.5743189975619316,-0.57,-0.28,30.35
2.577174302190542,-0.58,-0.28,30.35
2.5801534950733185,-0.57,-0.28,30.35
2.5831962935626507,-0.57,-0.28,30.34
2.586145270615816,-0.58,-0.28,30.35
2.5891089402139187,-0.57,-0.28,30.35
2.591995671391487,-0.57,-0.28,30.35
2.5950023159384727,-0.57,-0.27,30.35
2.597950726747513,-0.57,-0.28,30.35
2.6009514965116978,-0.57,-0.28,30.35
2.6038926988840103,-0.57,-0.28,30.35
2.6068603433668613,-0.57,-0.28,30.35
2.609808061271906,-0.57,-0.28,30.35
2.6127327792346478,-0.57,-0.27,30.35
2.6157351806759834,-0.57,-0.28,30.36
2.6186316087841988,-0.57,-0.27,30.36
2.6216555908322334,-0.57,-0.27,30.36
2.624580968171358,-0.57,-0.27,30.36
2.6274814903736115,-0.57,-0.27,30.36
2.630547631531954,-0.57,-0.27,30.36
2.6334990933537483,-0.57,-0.27,30.36
2.6363621279597282,-0.57,-0.27,30.36
2.6394244767725468,-0.57,-0.27,30.36
2.6423478834331036,-0.57,-0.27,30.36
2.64530598372221,-0.57,-0.27,30.36
2.6468189358711243,-0.57,-0.27,-47.85
2.6481273770332336,-0.57,-0.27,30.36
2.6497663483023643,-0.57,-0.27,30.36
2.6511551029980183,-0.57,-0.27,30.36
2.652738995850086,-0.57,-0.27,30.35
2.6542143039405346,-0.57,-0.27,30.35
2.6555114462971687,-0.57,-0.27,30.34
2.657117083668709,-0.57,-0.27,30.33
2.6586360186338425,-0.57,-0.27,30.34
2.660110257565975,-0.57,-0.27,30.34
2.661594808101654,-0.57,-0.27,30.34
2.663073182106018,-0.57,-0.27,30.34
2.6645599380135536,-0.57,-0.27,30.34
2.666045218706131,-0.57,-0.27,30.35
2.6675270721316338,-0.57,-0.26,30.36
2.669009502977133,-0.57,-0.27,30.36
2.6704894602298737,-0.57,-0.27,30.36
2.6719663850963116,-0.57,-0.26,30.36
2.6734111085534096,-0.57,-0.26,30.36
2.6763718612492085,-0.57,-0.26,30.36
2.6793686412274837,-0.57,-0.27,30.36
2.682309627532959,-0.57,-0.27,30.36
2.6852572858333588,-0.57,-0.27,30.36
2.688253216445446,-0.57,-0.26,30.36
2.691183153539896,-0.57,-0.26,30.36
2.694150395691395,-0.57,-0.26,30.36
2.697124257683754,-0.57,-0.26,30.35
2.6998502910137177,-0.57,-0.26,30.35
2.7030353620648384,-0.57,-0.26,30.35
2.7058619372546673,-0.57,-0.26,30.34
2.708814237266779,-0.57,-0.26,30.33
2.711916781961918,-0.56,-0.26,30.33
2.7148434408009052,-0.57,-0.26,30.32
2.717721987515688,-0.57,-0.26,30.34
2.720786325633526,-0.57,-0.26,30.34
2.7221692129969597,-0.57,-0.26,30.34
2.7237327955663204,-0.57,-0.26,30.34
2.7252305187284946,-0.57,-0.26,30.34
2.726689901202917,-0.57,-0.26,30.34
2.728237446397543,-0.57,-0.26,30.35
2.729671888053417,-0.57,-0.26,30.36
2.7311376854777336,-0.57,-0.26,30.37
2.7326070182025433,-0.57,-0.26,30.37
2.7340368442237377,-0.57,-0.25,30.38
2.735573783516884,-0.57,-0.25,30.38
2.7370712980628014,-0.57,-0.25,30.39
2.738481767475605,-0.57,-0.25,30.39
2.7400174848735332,-0.57,-0.25,30.39
2.741458974778652,-0.57,-0.25,30.39
2.7429343536496162,-0.57,-0.25,30.38
2.7444316670298576,-0.57,-0.26,30.38
2.745919320732355,-0.57,-0.26,30.38
2.7473944574594498,-0.57,-0.26,30.37
2.7488200291991234,-0.57,-0.25,30.37
2.750378418713808,-0.57,-0.25,30.37
2.7518547624349594,-0.57,-0.25,30.37
2.753341883420944,-0.57,-0.25,30.37
2.7547592632472515,-0.57,-0.25,30.37
2.7561999410390854,-0.57,-0.25,30.37
2.7577719800174236,-0.56,-0.25,30.37
2.7592487931251526,-0.57,-0.25,30.37
2.7607357166707516,-0.57,-0.25,30.37
2.7622179351747036,-0.56,-0.25,30.36
2.763642515987158,-0.57,-0.25,30.36
2.7651681564748287,-0.57,-0.25,30.37
2.7666256316006184,-0.57,-0.25,30.37
2.7680033184587955,-0.57,-0.25,30.37
2.7696107402443886,-0.57,-0.25,30.38
2.7711110077798367,-0.57,-0.25,30.38
2.772583734244108,-0.57,-0.25,30.36
2.7739716209471226,-0.57,-0.26,30.36
2.776904907077551,-0.57,-0.25,30.37
2.7798455357551575,-0.57,-0.25,30.39
2.7829289250075817,-0.57,-0.25,30.39
2.7856940403580666,-0.57,-0.25,30.4
2.788704987615347,-0.56,-0.25,30.41
2.791669901460409,-0.57,-0.25,30.42
2.7947681210935116,-0.57,-0.25,30.38
2.797727681696415,-0.57,-0.25,30.38
2.8006926253437996,-0.57,-0.25,30.38
2.803625453263521,-0.57,-0.25,30.38
2.80505234003067,-0.56,-0.25,30.38
2.8065822049975395,-0.57,-0.25,30.38
2.8080772422254086,-0.57,-0.25,30.38
2.809525728225708,-0.57,-0.25,30.38
2.8109086230397224,-0.57,-0.25,30.38
2.8124905675649643,-0.57,-0.25,30.38
2.813993453979492,-0.57,-0.25,30.38
2.815481122583151,-0.57,-0.25,30.38
2.816805075854063,-0.57,-0.25,30.39
2.8184344321489334,-0.56,-0.25,30.38
2.81991408765316,-0.57,-0.25,30.38
2.821378543972969,-0.57,-0.25,30.38
2.82283653318882,-0.57,-0.25,30.38
2.824352130293846,-0.57,-0.25,30.38
2.8258214071393013,-0.56,-0.25,30.38
2.8272192776203156,-0.56,-0.25,30.38
2.8287996985018253,-0.56,-0.25,30.38
2.8302027210593224,-0.56,-0.25,30.39
2.8317899368703365,-0.56,-0.25,30.38
2.8332775458693504,-0.57,-0.25,30.38
2.834715746343136,-0.57,-0.25,30.38
2.8361702635884285,-0.57,-0.25,30.38
2.837675057351589,-0.56,-0.25,30.38
2.8391460739076138,-0.56,-0.25,30.39
2.8406114913523197,-0.57,-0.25,30.38
2.842114605009556,-0.57,-0.25,30.39
2.8435987755656242,-0.57,-0.25,30.39
2.8449955731630325,-0.56,-0.25,30.38
2.846448265016079,-0.57,-0.25,30.38
2.8480040319263935,-0.57,-0.24,30.38
2.8495092764496803,-0.57,-0.25,30.37
2.850983191281557,-0.56,-0.25,30.37
2.8524456061422825,-0.57,-0.24,30.36
2.8539457097649574,-0.57,-0.24,30.37
2.855401635169983,-0.56,-0.24,30.37
2.85690363869071,-0.56,-0.24,30.37
2.8582718931138515,-0.56,-0.24,30.38
2.8598620146512985,-0.57,-0.24,30.38
2.8613351322710514,-0.57,-0.24,30.38
2.862743142992258,-0.56,-0.24,30.38
2.8643032051622868,-0.56,-0.24,30.38
2.8657791391015053,-0.57,-0.24,30.39
2.8671601116657257,-0.57,-0.24,30.39
2.868637602776289,-0.57,-0.24,30.39
2.870225176215172,-0.57,-0.24,30.39
2.8716803528368473,-0.57,-0.24,30.38
2.874657668173313,-0.57,-0.24,30.37
2.877570889890194,-0.57,-0.24,30.37
2.8805422745645046,-0.56,-0.24,30.39
2.8835035040974617,-0.56,-0.23,30.46
2.8863882049918175,-0.57,-0.23,30.46
2.889331992715597,-0.57,-0.23,30.41
2.89241024851799,-0.56,-0.23,30.38
2.8952032178640366,-0.57,-0.23,30.37
2.8981260284781456,-0.57,-0.23,30.37
2.9012435972690582,-0.57,-0.23,30.36
2.9042449593544006,-0.56,-0.23,30.36
2.9072139896452427,-0.57,-0.23,30.36
2.9101488403975964,-0.57,-0.23,30.36
2.9130296483635902,-0.57,-0.23,30.37
2.9160421900451183,-0.57,-0.23,30.37
2.9190337732434273,-0.56,-0.23,30.34
2.9219438806176186,-0.57,-0.23,30.36
2.9249512813985348,-0.57,-0.23,30.39
2.92792372033,-0.57,-0.23,30.4
2.9308774434030056,-0.57,-0.23,30.4
2.9336893633008003,-0.56,-0.23,30.39
2.9367858096957207,-0.56,-0.23,30.39
2.939752858132124,-0.57,-0.23,30.38
2.942523207515478,-0.56,-0.23,30.38
2.945671733468771,-0.57,-0.23,30.39
2.9486193768680096,-0.56,-0.23,30.39
2.9515995234251022,-0.56,-0.23,30.39
2.9545247964560986,-0.56,-0.23,30.39
2.9574907198548317,-0.56,-0.23,30.38
2.9604547545313835,-0.57,-0.23,30.38
2.963442739099264,-0.56,-0.23,30.38
2.9648570977151394,-0.56,-0.23,30.38
2.9663393050432205,-0.56,-0.23,30.38
2.9677045978605747,-0.56,-0.23,30.38
2.969305470585823,-0.57,-0.23,30.38
2.970791459083557,-0.56,-0.23,30.38
2.973787121474743,-0.56,-0.23,30.35
2.9765276052057743,-0.56,-0.23,30.36
2.9796954058110714,-0.57,-0.22,30.36
2.9826372414827347,-0.56,-0.23,30.36
2.9855529330670834,-0.57,-0.23,30.36
2.989324141293764,-0.56,-0.23,30.36
2.9900554567575455,528.63,-0.23,30.36
2.9914969727396965,-0.57,-0.23,30.37
2.9930132888257504,-0.56,-0.23,30.36
2.994490448385477,-0.57,-0.23,30.36
2.9959629736840725,-0.57,-0.23,30.36
2.9974438697099686,-0.56,-0.23,30.37
2.998861126601696,-0.56,-0.23,30.38
3.0004228241741657,-0.57,-0.23,30.4
3.0018415562808514,-0.56,-0.23,30.4
3.0033501349389553,-0.56,-0.23,30.39
3.004852332174778,-0.56,-0.23,30.39
3.006337646394968,-0.57,-0.23,30.39
3.007809489965439,-0.56,-0.23,30.38
3.009181324392557,-0.57,-0.23,30.39
3.010595891624689,-0.57,-0.23,30.39
3.0122619830071926,-0.56,-0.23,30.38
3.013614684343338,-0.56,-0.23,30.39
3.0151947028934956,-0.56,-0.23,30.4
3.0165240801870823,-0.57,-0.23,30.41
3.018104162067175,-0.57,-0.23,30.42
3.0195853114128113,-0.56,-0.23,30.42
3.0210098139941692,-0.56,-0.23,30.41
3.0226115360856056,-0.56,-0.23,30.4
3.0240533351898193,-0.56,-0.23,30.4
3.0254809632897377,-0.56,-0.23,30.4
3.0269604846835136,-0.56,-0.23,30.39
3.028447575867176,-0.57,-0.23,30.38
3.029964182525873,-0.57,-0.23,30.39
3.031432718038559,-0.56,-0.23,30.4
3.0328609831631184,-0.56,-0.23,30.4
3.0344036631286144,-0.56,-0.23,30.4
3.035832416266203,-0.56,-0.23,30.39
3.0374227166175842,-0.56,-0.23,30.39
3.038830518722534,-0.57,-0.23,30.37
3.040268085896969,-0.57,-0.23,30.37
3.0417663417756557,-0.56,-0.23,30.38
3.0433118492364883,-0.56,-0.23,30.38
3.0447895601391792,-0.56,-0.23,30.38
3.046653810888529,-0.56,-0.23,30.38
3.0477644316852093,-0.56,-0.23,30.38
3.0491923689842224,-0.56,-0.23,30.37
3.050680849701166,-0.56,-0.23,30.37
3.0522035621106625,-0.57,-0.23,30.37
3.0535893477499485,-0.56,-0.23,30.38
3.055152628570795,-0.56,-0.23,30.38
3.056620642542839,-0.56,-0.23,30.39
3.058046154677868,-0.56,-0.22,30.4
3.0595120936632156,-0.56,-0.22,30.39
3.060981784015894,-0.56,-0.22,30.4
3.062535472214222,-0.56,-0.22,30.4
3.064010590314865,-0.56,-0.22,30.39
3.0654363445937634,-0.57,-0.22,30.4
3.066993083804846,-0.56,-0.22,30.41
3.068396396934986,-0.56,-0.22,30.41
3.069940611720085,-0.56,-0.22,30.41
3.0714235231280327,-0.57,-0.22,30.42
3.074300706386566,-0.56,-0.22,30.45
3.0773546025156975,-0.56,-0.22,30.45
3.0803134255111217,-0.56,-0.22,30.46
3.083187822252512,-0.56,-0.22,30.45
3.0861567966639996,-0.56,-0.22,30.45
3.089169643819332,-0.56,-0.22,30.45
3.092012371867895,-0.57,-0.22,30.44
3.0950912348926067,-0.56,-0.22,30.44
3.09793983399868,-0.57,-0.22,30.44
3.1010093316435814,-0.56,-0.22,30.44
3.1039472818374634,-0.56,-0.22,30.43
3.1069138646125793,-0.56,-0.22,30.43
3.1099045015871525,-0.56,-0.22,30.44
3.1128631979227066,-0.57,-0.22,30.42
3.115815032273531,-0.56,-0.22,30.44
3.118762779980898,-0.57,-0.22,30.43
3.120172653347254,-0.56,-0.22,30.43
3.1217092014849186,-0.56,-0.22,30.44
3.123220443725586,-0.56,-0.22,30.44
3.1246906593441963,-0.56,-0.22,30.44
3.1260891184210777,-0.56,-0.22,30.44
3.127666138112545,-0.57,-0.22,30.43
3.129081279039383,-0.56,-0.22,30.43
3.130616582930088,-0.56,-0.22,30.43
3.1320937126874924,-0.56,-0.22,30.43
3.1335769779980183,-0.56,-0.22,30.44
3.13504047319293,-0.56,-0.22,30.44
3.136486943811178,-0.56,-0.22,30.44
3.1379930078983307,-0.56,-0.22,30.44
3.1394887566566467,-0.56,-0.22,30.43
3.140971891582012,-0.56,-0.22,30.42
3.1423891745507717,-0.56,-0.22,30.42
3.143852546811104,-0.56,-0.21,30.44
3.145400181412697,-0.56,-0.21,30.44
3.1468597687780857,-0.56,-0.21,30.45
3.1483719795942307,-0.56,-0.21,30.44
3.149741653352976,-0.56,-0.22,30.44
3.1513066552579403,-0.56,-0.21,30.43
3.152811013162136,-0.57,-0.21,30.42
3.154246039688587,-0.57,-0.22,30.41
3.1557208597660065,-0.56,-0.22,30.43
3.1572020649909973,-0.56,-0.21,30.42
3.1585887670516968,-0.56,-0.22,30.41
3.160122361034155,-0.56,-0.22,30.41
3.1616755165159702,-0.56,-0.22,30.41
3.16315196454525,-0.56,-0.22,30.41
3.1645325273275375,-0.56,-0.22,30.41
3.1661303006112576,-0.56,-0.22,30.41
3.1675871647894382,-0.56,-0.21,30.41
3.16890661790967,-0.56,-0.21,30.41
3.1705438755452633,-0.57,-0.21,30.4
3.1734151653945446,-0.56,-0.21,30.39
3.1764783561229706,-0.56,-0.21,30.4
3.179403856396675,-0.56,-0.21,30.4
3.182403277605772,-0.56,-0.21,30.41
3.1853608787059784,-0.56,-0.21,30.39
3.188288625329733,-0.56,-0.21,30.4
3.1912791654467583,-0.56,-0.21,30.41
3.1942381486296654,-0.56,-0.21,30.4
3.1971756480634212,-0.56,-0.21,30.41
3.2001536898314953,-0.56,-0.21,30.4
3.203100185841322,-0.56,-0.21,30.41
3.2060749232769012,-0.56,-0.21,30.43
3.2090244367718697,-0.56,-0.2,30.41
3.2119924761354923,-0.56,-0.21,30.38
3.2149480618536472,-0.56,-0.2,30.4
3.2183091454207897,-0.56,-0.21,30.4
3.2208716236054897,-0.56,-0.2,30.42
3.223831217736006,-0.55,-0.2,30.41
3.226782988756895,-0.56,-0.2,30.42
3.229715410619974,-0.56,-0.2,30.4
3.2326823100447655,-0.56,-0.2,30.41
3.2356335669755936,-0.56,-0.2,30.41
3.2386040203273296,-0.57,-0.19,30.41
3.241547714918852,-0.56,-0.19,30.42
3.2444499358534813,-0.56,-0.2,30.39
3.247495051473379,-0.56,-0.2,30.44
3.2504290975630283,-0.56,-0.2,30.43
3.2533704303205013,-0.56,-0.2,30.43
3.256375439465046,-0.56,-0.19,30.4
3.259442053735256,-0.57,-0.2,30.38
3.2607687935233116,-0.57,-0.2,30.42
3.2622966691851616,-0.56,-0.2,30.44
3.263772264122963,-0.56,-0.2,30.44
3.2651965841650963,-0.56,-0.2,30.43
3.266702476888895,-0.56,-0.2,30.42
3.2681608758866787,-0.56,-0.21,30.42
3.2695925794541836,-0.56,-0.21,30.43
3.2711538933217525,-0.56,-0.21,30.43
3.27407193928957,-0.56,-0.2,30.42
3.2769894674420357,-0.56,-0.21,30.42
3.2785272113978863,-0.56,-0.21,30.42
3.2800572142004967,-0.56,-0.21,30.43
3.281511001288891,-0.56,-0.21,30.43
3.282999385148287,-0.56,-0.21,30.43
3.2844726108014584,-0.56,-0.21,30.42
3.2859263941645622,-0.56,-0.2,30.42
3.287447489798069,-0.56,-0.21,30.43
3.2889189682900906,-0.56,-0.21,30.43
3.290318366140127,-0.56,-0.21,30.42
3.291862454265356,-0.56,-0.21,30.41
3.293360248208046,-0.56,-0.21,30.42
3.2947990968823433,-0.56,-0.21,30.42
3.2962999902665615,-0.56,-0.21,30.43
3.297804117202759,-0.56,-0.2,30.42
3.299213971942663,-0.56,-0.2,30.41
3.300736904144287,-0.56,-0.2,30.42
3.3022348172962666,-0.56,-0.2,30.43
3.303697995841503,-0.56,-0.2,30.43
3.3051803670823574,-0.56,-0.2,30.42
3.306656338274479,-0.56,-0.2,30.42
3.3081392012536526,-0.56,-0.2,30.43
3.309613347053528,-0.56,-0.2,30.43
3.311103690415621,-0.56,-0.2,30.43
3.31258038058877,-0.56,-0.2,30.42
3.3140752278268337,-0.56,-0.2,30.42
3.3155237436294556,-0.57,-0.2,30.43
3.31700599193573,-0.56,-0.2,30.43
3.3184690587222576,-0.56,-0.2,30.42
3.319966495037079,-0.56,-0.2,30.42
3.321477212011814,-0.56,-0.2,30.42
3.322943191975355,-0.56,-0.2,30.43
3.3244347907602787,-0.56,-0.2,30.43
3.325866136699915,-0.56,-0.2,30.42
3.3273840248584747,-0.56,-0.2,30.42
3.3288592398166656,-0.56,-0.2,30.43
3.3303154222667217,-0.56,-0.2,30.43
3.331813547760248,-0.56,-0.2,30.43
3.333252590149641,-0.56,-0.2,30.42
3.3347814045846462,-0.56,-0.2,30.42
3.336242448538542,-0.56,-0.2,30.43
3.337715607136488,-0.56,-0.2,30.43
3.33918384462595,-0.56,-0.2,30.42
3.340709712356329,-0.56,-0.2,30.42
3.342187762260437,-0.56,-0.2,30.42
3.3436520099639893,-0.56,-0.2,30.43
3.345134686678648,-0.56,-0.2,30.43
3.346602138131857,-0.56,-0.2,30.42
3.3480845391750336,-0.56,-0.2,30.42
3.3495907932519913,-0.56,-0.2,30.43
3.351058728992939,-0.56,-0.2,30.43
3.352534059435129,-0.56,-0.2,30.43
3.354007337242365,-0.56,-0.2,30.42
3.355490878224373,-0.56,-0.2,30.42
3.3569635413587093,-0.56,-0.2,30.43
3.3584493547677994,-0.56,-0.2,30.43
3.359936647117138,-0.56,-0.2,30.43
3.3614166229963303,-0.56,-0.2,30.42
3.36290455237031,-0.56,-0.2,30.42
3.364390477538109,-0.56,-0.2,30.43
3.3658593744039536,-0.57,-0.2,30.43
3.3673514798283577,-0.56,-0.2,30.43
3.3688234463334084,-0.56,-0.2,30.43
3.373260598629713,-0.56,-0.2,30.43
3.3762108609080315,-0.56,-0.2,30.43
3.379182707518339,-0.56,-0.2,30.44
3.382143087685108,-0.56,-0.2,30.39
3.385097797960043,-0.56,-0.2,30.41
3.387969594448805,-0.56,-0.2,30.41
3.3910083919763565,-0.56,-0.19,30.41
3.3939099609851837,-0.56,-0.19,30.42
3.3968241810798645,-0.56,-0.19,30.41
3.3998517133295536,-0.56,-0.19,30.4
3.402811974287033,-0.56,-0.19,30.41
3.4057544842362404,-0.56,-0.19,30.41
3.4085827879607677,-0.56,-0.19,30.41
3.411728087812662,-0.56,-0.19,30.41
3.4146717563271523,-0.56,-0.19,30.41
3.417529996484518,-0.56,-0.19,30.41
3.420454189181328,-0.56,-0.19,30.41
3.42353405803442,-0.56,-0.19,30.41
3.4263200648128986,-0.57,-0.19,30.41
3.4294788353145123,-0.56,-0.19,30.41
3.432389672845602,-0.56,-0.19,30.41
3.435402423143387,-0.55,-0.19,30.41
3.4368792064487934,-0.56,-0.19,30.41
3.4382731840014458,-0.56,-0.19,30.41
3.4397662058472633,-0.56,-0.19,30.41
3.4413098730146885,-0.56,-0.19,30.41
3.442753680050373,-0.55,-0.19,30.41
3.4442456252872944,-0.56,-0.19,30.41
3.445706322789192,-0.56,-0.19,30.41
3.4471453987061977,-0.56,-0.19,30.41
3.4486537091434,-0.56,-0.19,30.41
3.4501247964799404,-0.56,-0.19,30.41
3.4515989534556866,-0.56,-0.19,30.41
3.452977981418371,-0.56,-0.19,30.41
3.454611212015152,-0.56,-0.19,30.41
3.456091322004795,-0.56,-0.19,30.41
3.457508873194456,-0.56,-0.19,30.41
3.4590510725975037,-0.56,-0.19,30.41
3.4605339765548706,-0.56,-0.19,30.41
3.461907312273979,-0.56,-0.19,30.41
3.4634598828852177,-0.56,-0.19,30.41
3.4649582989513874,-0.56,-0.19,30.42
3.466453865170479,-0.56,-0.19,30.42
3.4678872115910053,-0.56,-0.19,30.42
3.4709047116339207,-0.55,-0.19,30.42
3.473797257989645,-0.56,-0.19,30.41
3.476781375706196,-0.56,-0.19,30.41
3.4796274974942207,-0.56,-0.19,30.42
3.482728224247694,-0.55,-0.19,30.41
3.4855927266180515,-0.56,-0.19,30.42
3.488650072365999,-0.56,-0.19,30.42
3.4913760162889957,-0.56,-0.19,30.41
3.4945008903741837,-0.55,-0.19,30.42
3.4975463077425957,-0.56,-0.19,30.42
3.5004729330539703,-0.56,-0.19,30.42
3.5034498386085033,-0.56,-0.19,30.41
3.506360534578562,-0.56,-0.19,30.41
3.5093531757593155,-0.56,-0.19,30.41
3.512325193732977,-0.56,-0.19,30.41
3.515168134123087,-0.56,-0.19,30.41
3.518242247402668,-0.56,-0.19,30.41
3.521028943359852,-0.55,-0.18,30.41
3.524077959358692,-0.56,-0.19,30.41
3.5271092653274536,-0.56,-0.18,30.41
3.528594259172678,-0.56,-0.18,30.41
3.530069123953581,-0.56,-0.19,30.41
3.5315615348517895,-0.56,-0.19,30.41
3.532996866852045,-0.56,-0.19,30.41
3.534406438469887,-0.56,-0.19,30.41
3.5359228812158108,-0.56,-0.19,30.42
3.537298783659935,-0.56,-0.19,30.42
3.5390497259795666,-0.56,-0.19,30.41
3.5404690839350224,-0.56,-0.18,30.42
3.541906774044037,-0.56,-0.18,30.42
3.5433449298143387,-0.56,-0.18,30.41
3.5448353737592697,-0.56,-0.18,30.41
3.546215705573559,-0.56,-0.19,30.41
3.547849778085947,-0.56,-0.19,30.41
3.5493196211755276,-0.56,-0.18,30.41
3.5507444627583027,-0.56,-0.19,30.42
3.5521848648786545,-0.55,-0.18,30.41
3.553757093846798,-0.55,-0.18,30.41
3.555231962352991,-0.56,-0.18,30.42
3.556616436690092,-0.56,-0.18,30.41
3.558148253709078,-0.56,-0.18,30.41
3.5596322044730186,-0.55,-0.18,30.41
3.5611511692404747,-0.55,-0.18,30.41
3.562561295926571,-0.56,-0.18,30.41
3.5641180984675884,-0.56,-0.18,30.42
3.5655513405799866,-0.56,-0.18,30.41
3.5670610554516315,-0.56,-0.18,30.41
3.5684251710772514,-0.56,-0.18,30.41
3.5715145133435726,-0.56,-0.18,30.42
3.5744218081235886,-0.56,-0.18,30.4
3.577210783958435,-0.56,-0.18,30.4
3.5803482457995415,-0.55,-0.18,30.4
3.583348583430052,-0.56,-0.18,30.39
3.586253311485052,-0.55,-0.18,30.39
3.5892325341701508,-0.56,-0.18,30.39
3.592129908502102,-0.56,-0.18,30.38
3.595045417547226,-0.56,-0.18,30.39
3.596635162830353,-0.56,-0.18,30.4
3.5980198681354523,-0.56,-0.18,30.4
3.59960962459445,-0.55,-0.18,30.41
3.601067755371332,-0.56,-0.18,30.42
3.6025566570460796,-0.56,-0.18,30.42
3.6040693297982216,-0.56,-0.18,30.42
3.6055282689630985,-0.55,-0.18,30.42
3.6070237830281258,-0.56,-0.18,30.42
3.6084685623645782,-0.56,-0.18,30.42
3.609981846064329,-0.56,-0.18,30.42
3.6114682033658028,-0.56,-0.18,30.42
3.6129130199551582,-0.56,-0.18,30.42
3.6143862679600716,-0.56,-0.18,30.42
3.6158615462481976,-0.56,-0.18,30.42
3.6173705011606216,-0.56,-0.18,30.42
3.6188645027577877,-0.56,-0.18,30.42
3.620319738984108,-0.55,-0.18,30.42
3.621571894735098,-0.56,-0.18,30.42
3.6232367530465126,-0.56,-0.18,30.42
3.6245708726346493,-0.56,-0.18,30.42
3.626177094876766,-0.56,-0.18,30.42
3.627720206975937,-0.56,-0.18,30.42
3.629200879484415,-0.56,-0.18,30.42
3.630681775510311,-0.56,-0.18,30.42
3.6321234479546547,-0.56,-0.18,30.42
3.6336512565612793,-0.56,-0.18,30.42
3.6349230222404003,-0.56,-0.18,30.42
3.6365980580449104,-0.56,-0.18,30.42
3.6380774974823,-0.56,-0.18,30.42
3.6395021118223667,-0.56,-0.18,30.42
3.641040202230215,-0.56,-0.18,30.42
3.6424691788852215,-0.56,-0.18,30.42
3.643994200974703,-0.56,-0.18,30.42
3.6454740092158318,-0.55,-0.18,30.42
3.6469811238348484,-0.55,-0.18,30.42
3.6484016701579094,-0.56,-0.18,30.42
3.6498925909399986,-0.55,-0.18,30.42
3.651268009096384,-0.55,-0.18,30.42
3.65280270203948,-0.55,-0.18,30.42
3.6543311029672623,-0.56,-0.17,30.42
3.6558164171874523,-0.55,-0.17,30.42
3.657161831855774,-0.56,-0.17,30.42
3.6587982438504696,-0.56,-0.17,30.42
3.660254869610071,-0.56,-0.18,30.42
3.6615805439651012,-0.56,-0.18,30.42
3.6632272005081177,-0.56,-0.17,30.42
3.664668619632721,-0.56,-0.17,30.42
3.666171293705702,-0.56,-0.17,30.42
3.6674946658313274,-0.55,-0.17,30.42
3.67051088064909,-0.55,-0.17,30.42
3.6735430285334587,-0.55,-0.17,30.42
3.676505420356989,-0.56,-0.17,30.42
3.6793579757213593,-0.55,-0.17,30.42
3.6824184581637383,-0.55,-0.17,30.42
3.6854320280253887,-0.56,-0.17,30.42
3.6882976964116096,-0.56,-0.17,30.41
3.6912293694913387,-0.56,-0.17,30.41
3.694238193333149,-0.55,-0.17,30.42
3.69734263792634,-0.56,-0.17,30.42
3.6999751664698124,-0.55,-0.17,30.41
3.702981263399124,-0.56,-0.17,30.42
3.706137802451849,-0.55,-0.17,30.41
3.7090991400182247,-0.56,-0.17,30.42
3.711847595870495,-0.55,-0.17,30.43
3.7150214463472366,-0.56,-0.16,30.48
3.717981480062008,-0.55,-0.16,30.42
3.720942560583353,-0.56,-0.15,30.45
3.723668985068798,-0.56,-0.15,30.46
3.7268496230244637,-0.56,-0.15,30.43
3.7298022136092186,-0.55,-0.16,30.38
3.7326387502253056,-0.56,-0.16,30.37
3.735722951591015,-0.56,-0.16,30.39
3.738678839057684,-0.56,-0.16,30.38
3.7416413091123104,-0.55,-0.16,30.41
3.744586765766144,-0.56,-0.16,30.42
3.7475173585116863,-0.56,-0.16,30.41
3.750524155795574,-0.56,-0.16,30.41
3.753465224057436,-0.55,-0.16,30.39
3.755039479583502,-0.55,-0.15,30.4
3.7563817761838436,-0.55,-0.16,30.4
3.757920131087303,-0.56,-0.16,30.4
3.7593324333429337,-0.56,-0.16,30.41
3.7608698308467865,-0.56,-0.16,30.42
3.7623449377715588,-0.56,-0.15,30.42
3.7638433910906315,-0.55,-0.16,30.43
3.765322159975767,-0.56,-0.16,30.43
3.7667942866683006,-0.56,-0.16,30.42
3.7697580568492413,-0.55,-0.16,30.4
3.772707011550665,-0.55,-0.16,30.38
3.775632407516241,-0.56,-0.16,30.37
3.7785767018795013,-0.56,-0.16,30.37
3.781552128493786,-0.56,-0.16,30.37
3.7845435366034508,-0.56,-0.16,30.37
3.787470780313015,-0.56,-0.16,30.36
3.790448382496834,-0.56,-0.16,30.35
3.7934198901057243,-0.55,-0.16,30.37
3.7949071414768696,-0.55,-0.16,30.37
3.7963906303048134,-0.56,-0.15,30.37
3.797813519835472,-0.56,-0.16,30.38
3.7993535213172436,-0.56,-0.16,30.38
3.8008143715560436,-0.56,-0.15,30.38
3.8022649995982647,-0.56,-0.15,30.38
3.803779274225235,-0.56,-0.15,30.38
3.805262241512537,-0.56,-0.15,30.38
3.806706354022026,-0.55,-0.16,30.38
3.808224141597748,-0.55,-0.16,30.38
3.8096939101815224,-0.55,-0.15,30.38
3.8111399449408054,-0.56,-0.15,30.38
3.8126445934176445,-0.55,-0.15,30.38
3.814193084836006,-0.55,-0.15,30.38
3.815610822290182,-0.55,-0.16,30.38
3.8171003609895706,-0.56,-0.15,30.38
3.8184705153107643,-0.55,-0.15,30.38
3.820208076387644,-0.55,-0.15,30.38
3.821689695119858,-0.56,-0.15,30.38
3.8229890912771225,-0.56,-0.15,30.38
3.8244912438094616,-0.55,-0.15,30.38
3.8259704187512398,-0.55,-0.15,30.38
3.827457055449486,-0.56,-0.15,30.38
3.8288542851805687,-0.55,-0.15,30.37
3.8303370140492916,-0.55,-0.15,30.38
3.8318851329386234,-0.55,-0.15,30.37
3.833330363035202,-0.55,-0.15,30.38
3.834781777113676,-0.55,-0.15,30.38
3.836318254470825,-0.55,-0.15,30.37
3.837562944740057,-0.56,-0.15,30.37
3.839294411242008,-0.56,-0.15,30.36
3.8407777696847916,-0.56,-0.15,30.37
3.8422159999608994,-0.56,-0.15,30.36
3.843721814453602,-0.56,-0.15,30.36
3.8450285345315933,-0.55,-0.15,30.35
3.846685290336609,-0.55,-0.15,30.36
3.848133448511362,-0.55,-0.15,30.37
3.8496489077806473,-0.55,-0.15,30.37
3.8510502502322197,-0.56,-0.15,30.37
3.8525845259428024,-0.56,-0.15,30.37
3.8540778569877148,-0.55,-0.15,30.38
3.8554849699139595,-0.55,-0.15,30.39
3.8570265285670757,-0.56,-0.15,30.4
3.85836074501276,-0.55,-0.15,30.41
3.8598897457122803,-0.55,-0.15,30.42
3.861367389559746,-0.55,-0.15,30.42
3.8629643432796,-0.56,-0.15,30.43
3.864410884678364,-0.56,-0.15,30.43
3.8659062646329403,-0.55,-0.15,30.43
3.8688748627901077,-0.55,-0.15,30.42
3.87185624986887,-0.56,-0.15,30.42
3.874798934906721,-0.55,-0.15,30.42
3.877758663147688,-0.55,-0.15,30.41
3.8806646689772606,-0.55,-0.15,30.41
3.8834988735616207,-0.55,-0.15,30.41
3.8865924328565598,-0.55,-0.15,30.42
3.889410637319088,-0.55,-0.15,30.41
3.8924891501665115,-0.56,-0.15,30.41
3.895401891320944,-0.56,-0.15,30.42
3.8983076065778732,-0.55,-0.15,30.43
3.9014262817800045,-0.55,-0.15,30.38
3.904224257916212,-0.55,-0.15,30.4
3.9072711803019047,-0.56,-0.15,30.42
3.9102480858564377,-0.56,-0.15,30.39
3.911782279610634,-0.55,-0.14,30.4
3.913265936076641,-0.55,-0.14,30.39
3.9146308340132236,-0.55,-0.15,30.39
3.916228450834751,-0.55,-0.14,30.42
3.9176962971687317,-0.55,-0.15,30.43
3.919177144765854,-0.55,-0.14,30.44
3.9205514900386333,-0.56,-0.14,30.45
3.922116734087467,-0.56,-0.14,30.45
3.9235889054834843,-0.55,-0.14,30.45
3.9250422827899456,-0.56,-0.14,30.45
3.9265101961791515,-0.56,-0.15,30.45
3.9280159696936607,-0.56,-0.14,30.45
3.929516650736332,-0.55,-0.14,30.45
3.9310276471078396,-0.55,-0.14,30.45
3.9325031638145447,-0.56,-0.15,30.45
3.9339775927364826,-0.55,-0.14,30.45
3.9354560673236847,-0.55,-0.14,30.45
3.93693283572793,-0.55,-0.14,30.45
3.938378259539604,-0.56,-0.14,30.45
3.9398595429956913,-0.55,-0.14,30.45
3.94136144220829,-0.55,-0.14,30.45
3.9427785836160183,-0.55,-0.14,30.45
3.9443405605852604,-0.55,-0.14,30.45
3.9457816034555435,-0.55,-0.14,30.45
3.9472598880529404,-0.55,-0.14,30.45
3.9487520456314087,-0.55,-0.14,30.45
3.950009021908045,-0.55,-0.14,30.45
3.9517296850681305,-0.55,-0.14,30.44
3.9529885947704315,-0.55,-0.14,30.41
3.9545849710702896,-0.56,-0.15,30.39
3.9561586678028107,-0.55,-0.15,30.39
3.9576092027127743,-0.55,-0.15,30.39
3.9591294154524803,-0.55,-0.15,30.39
3.9605413526296616,-0.55,-0.15,30.39
3.96208506077528,-0.55,-0.15,30.39
3.9635558538138866,-0.55,-0.15,30.4
3.965059995651245,-0.56,-0.14,30.4
3.967994675040245,-0.56,-0.14,30.4
3.9709670320153236,-0.55,-0.15,30.4
3.97389679774642,-0.55,-0.15,30.41
3.9767110869288445,-0.55,-0.14,30.41
3.9798495694994926,-0.56,-0.14,30.41
3.9828067496418953,-0.55,-0.14,30.42
3.9857094697654247,-0.55,-0.14,30.42
3.988625455647707,-0.55,-0.15,30.41
3.9916723892092705,-0.55,-0.15,30.41
3.994549062103033,-0.55,-0.15,30.41
3.9975900165736675,-0.55,-0.14,30.41
4.000470109283924,-0.55,-0.14,30.41
4.003281187266111,-0.55,-0.14,30.41
4.0064864456653595,-0.55,-0.14,30.41
4.009439751505852,-0.55,-0.14,30.42
4.012392744421959,-0.55,-0.14,30.43
4.015195548534393,-0.55,-0.14,30.45
4.018163949251175,-0.55,-0.14,30.46
4.021218705922365,-0.55,-0.14,30.45
4.0242282114923,-0.55,-0.14,30.45
4.026987601071596,-0.55,-0.14,30.45
4.029900178313255,-0.55,-0.14,30.45
4.03297172114253,-0.55,-0.14,30.45
4.035997364670038,-0.55,-0.14,30.45
4.0390285812318325,-0.55,-0.14,30.45
4.041732423007488,-0.55,-0.14,30.45
4.044889733195305,-0.55,-0.14,30.45
4.047877591103315,-0.54,-0.14,30.45
4.050668407231569,-0.54,-0.14,30.45
4.053753741085529,-0.55,-0.14,30.44
4.056729909032583,-0.55,-0.14,30.44
4.059786155819893,-0.55,-0.14,30.43
4.061113886535168,-0.55,-0.14,30.43
4.062569558620453,-0.55,-0.14,30.43
4.064134072512388,-0.54,-0.14,30.43
4.065534453839064,-0.55,-0.14,30.43
4.068567220121622,-0.55,-0.14,30.43
4.070047687739134,-0.55,-0.14,30.43
4.071469496935606,-0.55,-0.14,30.43
4.07302987203002,-0.55,-0.14,30.43
4.0744144432246685,-0.55,-0.14,30.43
4.075998287647963,-0.55,-0.14,30.43
4.077488359063864,-0.55,-0.14,30.43
4.07888837903738,-0.55,-0.14,30.43
4.080397143959999,-0.55,-0.14,30.43
4.081874668598175,-0.55,-0.14,30.43
4.083270285278559,-0.55,-0.14,30.43
4.084819555282593,-0.55,-0.14,30.43
4.086345199495554,-0.55,-0.14,30.43
4.087833296507597,-0.55,-0.14,30.43
4.089277658611536,-0.55,-0.14,30.43
4.090751871466637,-0.55,-0.14,30.44
4.092276729643345,-0.55,-0.14,30.43
4.093746110796928,-0.55,-0.14,30.43
4.09520260989666,-0.55,-0.14,30.43
4.096644282341003,-0.55,-0.14,30.42
4.098195232450962,-0.55,-0.14,30.42
4.0996807143092155,-0.55,-0.14,30.42
4.10114860907197,-0.55,-0.14,30.42
4.102606754750013,-0.55,-0.14,30.42
4.104081619530916,-0.55,-0.14,30.42
4.1055847480893135,-0.55,-0.14,30.42
4.107035458087921,-0.55,-0.14,30.42
4.108481112867594,-0.55,-0.13,30.42
4.109973635524511,-0.55,-0.14,30.42
4.111501645296812,-0.55,-0.14,30.42
4.112969856709242,-0.55,-0.13,30.42
4.11443043500185,-0.55,-0.13,30.42
4.115913134068251,-0.55,-0.13,30.42
4.117400396615267,-0.55,-0.13,30.42
4.1188111416995525,-0.55,-0.14,30.42
4.120388310402632,-0.55,-0.13,30.42
4.121871832758188,-0.55,-0.13,30.42
4.123342093080282,-0.55,-0.14,30.42
4.12472578138113,-0.55,-0.14,30.42
4.126328717917204,-0.54,-0.13,30.42
4.1277837455272675,-0.55,-0.13,30.42
4.1292243748903275,-0.55,-0.13,30.42
4.130564566701651,-0.55,-0.13,30.42
4.1322201788425446,-0.55,-0.13,30.42
4.133707635104656,-0.55,-0.13,30.42
4.13518750667572,-0.55,-0.13,30.42
4.136651452630758,-0.55,-0.13,30.42
4.13813828676939,-0.55,-0.13,30.42
4.139619115740061,-0.54,-0.13,30.42
4.141001012176275,-0.55,-0.13,30.42
4.142575815320015,-0.55,-0.13,30.42
4.144049976021051,-0.55,-0.13,30.42
4.14536314830184,-0.55,-0.13,30.43
4.146947130560875,-0.55,-0.13,30.4
4.148498307913542,-0.55,-0.13,30.38
4.149826556444168,-0.55,-0.13,30.39
4.1513966247439384,-0.55,-0.13,30.4
4.152833249419928,-0.55,-0.13,30.39
4.154273893684149,-0.55,-0.13,30.4
4.155847474932671,-0.55,-0.13,30.39
4.157218039035797,-0.55,-0.13,30.4
4.158746734261513,-0.55,-0.13,30.4
4.160352703183889,-0.55,-0.13,30.4
4.161673307418823,-0.55,-0.13,30.4
4.163293216377497,-0.55,-0.13,30.4
4.164792202413082,-0.55,-0.13,30.4
4.167501516640186,-0.55,-0.13,30.4
4.170915108174086,-0.55,-0.13,30.4
4.173643782734871,-0.55,-0.13,30.4
4.17649070173502,-0.55,-0.13,30.4
4.179543469101191,-0.55,-0.13,30.4
4.182383142411709,-0.55,-0.13,30.4
4.185254067182541,-0.55,-0.13,30.4
4.188437238335609,-0.55,-0.13,30.4
4.191414657980204,-0.55,-0.13,30.41
4.194253269582987,-0.55,-0.13,30.4
4.197134204208851,-0.55,-0.13,30.41
4.200290724635124,-0.55,-0.13,30.41
4.203177567571402,-0.55,-0.13,30.4
4.2060446217656136,-0.55,-0.13,30.41
4.208928432315588,-0.55,-0.13,30.41
4.2120789885520935,-0.55,-0.12,30.41
4.214974578469992,-0.55,-0.13,30.41
4.21794992312789,-0.55,-0.13,30.41
4.2209958136081696,-0.55,-0.13,30.4
4.223890416324139,-0.55,-0.13,30.41
4.226784538477659,-0.55,-0.12,30.4
4.228359263390303,-0.55,-0.13,30.41
4.229668445885181,-0.55,-0.13,30.4
4.2313131131231785,-0.55,-0.13,30.4
4.232799865305424,-0.55,-0.12,30.4
4.23421885073185,-0.55,-0.12,30.4
4.235685385763645,-0.55,-0.12,30.4
4.237262912094593,-0.55,-0.12,30.4
4.238602377474308,-0.55,-0.12,30.4
4.240155830979347,-0.56,-0.12,30.4
4.2417216673493385,-0.55,-0.12,30.4
4.243025325238705,-0.55,-0.12,30.4
4.244698140770197,-0.55,-0.12,30.4
4.245900183916092,-0.55,-0.12,30.4
4.247485421597958,-0.55,-0.12,30.41
4.2490614503622055,-0.55,-0.12,30.41
4.250372689217329,-0.55,-0.12,30.41
4.251951243728399,-0.55,-0.13,30.4
4.253521740436554,-0.55,-0.12,30.4
4.2548312321305275,-0.55,-0.12,30.41
4.25639308989048,-0.54,-0.12,30.4
4.257956027984619,-0.55,-0.12,30.41
4.259469136595726,-0.55,-0.12,30.41
4.2608402743935585,-0.55,-0.12,30.4
4.262423750013113,-0.55,-0.12,30.41
4.2637156173586845,-0.55,-0.12,30.41
4.2668717205524445,-0.55,-0.12,30.41
4.269744709134102,-0.55,-0.12,30.41
4.27268860116601,-0.55,-0.12,30.43
4.2755447290837765,-0.55,-0.12,30.43
4.278698109090328,-0.55,-0.12,30.43
4.281596686691046,-0.55,-0.12,30.43
4.2844835333526134,-0.55,-0.12,30.43
4.287374377250671,-0.55,-0.12,30.43
4.290516536682844,-0.55,-0.12,30.43
4.293386194854975,-0.55,-0.12,30.43
4.2964376248419285,-0.55,-0.12,30.43
4.299405433237553,-0.55,-0.12,30.42
4.302292697131634,-0.55,-0.12,30.43
4.3051777593791485,-0.55,-0.12,30.43
4.3081229738891125,-0.55,-0.12,30.43
4.311218850314617,-0.55,-0.12,30.43
4.314108058810234,-0.55,-0.12,30.43
4.31716775894165,-0.55,-0.12,30.44
4.320115622133017,-0.55,-0.12,30.44
4.323039621114731,-0.55,-0.12,30.43
4.326032068580389,-0.55,-0.12,30.42
4.328948620706797,-0.55,-0.12,30.44
4.330484960228205,-0.55,-0.12,30.44
4.331837777048349,-0.55,-0.12,30.44
4.333371941000223,-0.55,-0.12,30.44
4.334921643137932,-0.55,-0.12,30.44
4.3362327963113785,-0.55,-0.12,30.44
4.337859883904457,-0.54,-0.12,30.43
4.339229699224234,-0.55,-0.12,30.42
4.340687517076731,-0.55,-0.12,30.43
4.34229352325201,-0.55,-0.12,30.43
4.343615755438805,-0.55,-0.12,30.43
4.345185525715351,-0.55,-0.12,30.42
4.346760209649801,-0.55,-0.12,30.42
4.348170757293701,-0.55,-0.12,30.42
4.349641799926758,-0.55,-0.12,30.42
4.351193740963936,-0.55,-0.12,30.42
4.3525443486869335,-0.55,-0.12,30.42
4.354127284139395,-0.55,-0.12,30.42
4.3555608205497265,-0.55,-0.12,30.42
4.357015583664179,-0.55,-0.12,30.42
4.358339659869671,-0.55,-0.12,30.42
4.359909899532795,-0.55,-0.12,30.42
4.36153244972229,-0.55,-0.12,30.42
4.362794645130634,-0.55,-0.12,30.42
4.364364020526409,-0.55,-0.12,30.42
4.3672404028475285,-0.55,-0.12,30.42
4.370380908250809,-0.54,-0.12,30.43
4.373334877192974,-0.55,-0.12,30.43
4.3761609345674515,-0.55,-0.12,30.43
4.379060339182615,-0.55,-0.12,30.42
4.3822241723537445,-0.54,-0.12,30.42
4.385115932673216,-0.54,-0.12,30.43
4.386569634079933,-0.55,-0.12,30.42
4.388093877583742,-0.55,-0.12,30.42
4.389669865369797,-0.55,-0.12,30.42
4.391110848635435,-0.55,-0.12,30.42
4.392637260258198,-0.55,-0.12,30.43
4.394037567079067,-0.55,-0.12,30.42
4.395583380013704,-0.55,-0.12,30.43
4.3969449028372765,-0.55,-0.12,30.43
4.39850939065218,-0.54,-0.12,30.43
4.400011282414198,-0.55,-0.12,30.42
4.40145119279623,-0.55,-0.12,30.42
4.402956709265709,-0.55,-0.12,30.43
4.404466327279806,-0.55,-0.12,30.43
4.405843649059534,-0.55,-0.12,30.42
4.407328199595213,-0.55,-0.12,30.41
4.4088995680212975,-0.55,-0.12,30.41
4.410328209400177,-0.54,-0.12,30.41
4.411836713552475,-0.55,-0.12,30.41
4.413292359560728,-0.55,-0.12,30.41
4.4147582203149796,-0.55,-0.11,30.42
4.4162497371435165,-0.54,-0.12,30.41
4.417785357683897,-0.55,-0.12,30.4
4.419508941471577,-0.55,-0.11,30.41
4.420667305588722,-0.55,-0.11,30.41
4.422147765755653,-0.55,-0.11,30.41
4.4237051121890545,-0.54,-0.11,30.42
4.425058823078871,-0.55,-0.12,30.41
4.426619619131088,-0.55,-0.11,30.42
4.42808460444212,-0.55,-0.11,30.41
4.429613683372736,-0.55,-0.11,30.41
4.43105498328805,-0.55,-0.11,30.41
4.432562194764614,-0.55,-0.11,30.42
4.434032775461674,-0.55,-0.11,30.43
4.4354411624372005,-0.54,-0.11,30.42
4.437000542879105,-0.54,-0.11,30.42
4.438308797776699,-0.55,-0.11,30.42
4.439946044236422,-0.55,-0.11,30.41
4.441348377615213,-0.55,-0.11,30.41
4.442719139158726,-0.55,-0.11,30.41
4.444386124610901,-0.55,-0.11,30.42
4.445821054279804,-0.54,-0.11,30.41
4.447352897375822,-0.54,-0.11,30.41
4.4488077983260155,-0.54,-0.11,30.41
4.4502713941037655,-0.54,-0.11,30.4
4.451818857342005,-0.54,-0.11,30.39
4.453247308731079,-0.54,-0.11,30.38
4.454729042947292,-0.54,-0.11,30.36
4.456237874925137,-0.55,-0.11,30.36
4.4576844573020935,-0.55,-0.11,30.37
4.459191303700209,-0.55,-0.11,30.39
4.460647139698267,-0.55,-0.11,30.41
4.462156321853399,-0.55,-0.11,30.42
4.46509562432766,-0.55,-0.11,30.42
4.468055140227079,-0.55,-0.11,30.43
4.470966998487711,-0.55,-0.11,30.42
4.473993465304375,-0.55,-0.11,30.43
4.4767823070287704,-0.55,-0.11,30.42
4.479908671230078,-0.54,-0.11,30.43
4.482855759561062,-0.55,-0.11,30.45
4.48581001535058,-0.55,-0.11,30.43
4.48874032124877,-0.55,-0.11,30.46
4.4917093850672245,-0.54,-0.11,30.44
4.494700290262699,-0.54,-0.11,30.42
4.497659765183926,-0.55,-0.12,30.42
4.500607632100582,-0.55,-0.11,30.42
4.5034275986254215,-0.55,-0.11,30.42
4.506544604897499,-0.54,-0.11,30.43
4.509490195661783,-0.55,-0.11,30.43
4.512463700026274,-0.54,-0.11,30.43
4.515415042638779,-0.55,-0.11,30.43
4.518395509570837,-0.54,-0.11,30.44
4.521320357918739,-0.55,-0.11,30.43
4.524290923029184,-0.55,-0.11,30.43
4.527252860367298,-0.55,-0.11,30.43
4.530215866863728,-0.55,-0.11,30.43
4.53317141905427,-0.55,-0.11,30.43
4.536123692989349,-0.55,-0.11,30.43
4.539090756326914,-0.54,-0.11,30.43
4.5420385748147964,-0.54,-0.11,30.43
4.543527327477932,-0.55,-0.11,30.43
4.545009687542915,-0.55,-0.11,30.43
4.546495113521814,-0.55,-0.11,30.43
4.547969531267881,-0.55,-0.11,30.43
4.549445226788521,-0.55,-0.11,30.44
4.550925064831972,-0.55,-0.11,30.43
4.552392173558474,-0.54,-0.11,30.44
4.5538839511573315,-0.54,-0.11,30.44
4.555362407118082,-0.54,-0.11,30.44
4.55684420093894,-0.54,-0.1,30.44
4.558347061276436,-0.55,-0.1,30.44
4.5598048865795135,-0.55,-0.1,30.44
4.561281036585569,-0.55,-0.1,30.44
4.564241446554661,-0.55,-0.1,30.43
4.567201040685177,-0.55,-0.1,30.44
4.570165537297726,-0.54,-0.1,30.44
4.573109570890665,-0.55,-0.1,30.44
4.576070033013821,-0.54,-0.1,30.44
4.579040564596653,-0.55,-0.1,30.44
4.581985101103783,-0.55,-0.1,30.44
4.58494720607996,-0.55,-0.1,30.44
4.587920095771551,-0.55,-0.11,30.44
4.5908666253089905,-0.54,-0.1,30.45
4.593841228634119,-0.55,-0.11,30.44
4.5967933014035225,-0.55,-0.11,30.45
4.5982770919799805,-0.54,-0.1,30.44
4.599745098501444,-0.54,-0.1,30.44
4.6012236922979355,-0.54,-0.1,30.44
4.602705899626017,-0.54,-0.1,30.44
4.604190219193697,-0.54,-0.1,30.44
4.6056609228253365,-0.54,-0.1,30.44
4.607138525694609,-0.55,-0.1,30.44
4.608637362718582,-0.55,-0.1,30.44
4.610112380236387,-0.55,-0.1,30.43
4.6116310730576515,-0.55,-0.1,30.44
4.613174542784691,-0.54,-0.1,30.44
4.614604778587818,-0.54,-0.1,30.44
4.616031728684902,-0.55,-0.1,30.44
4.617505960166454,-0.55,-0.1,30.44
4.618993267416954,-0.55,-0.1,30.44
4.620459973812103,-0.54,-0.1,30.44
4.621944013983011,-0.55,-0.1,30.44
4.623415611684322,-0.55,-0.1,30.44
4.624906025826931,-0.55,-0.1,30.44
4.626379709690809,-0.54,-0.1,30.44
4.62786416336894,-0.54,-0.1,30.44
4.629331022500992,-0.54,-0.1,30.44
4.630810510367155,-0.54,-0.1,30.44
4.632301516830921,-0.55,-0.09,30.44
4.633780043572187,-0.55,-0.09,30.45
4.635247278958559,-0.55,-0.09,30.45
4.636739581823349,-0.55,-0.09,30.43
4.638219151645899,-0.55,-0.09,30.42
4.639697767794132,-0.55,-0.09,30.44
4.641173865646124,-0.54,-0.08,30.44
4.642638172954321,-0.54,-0.08,30.45
4.644121550023556,-0.54,-0.08,30.41
4.645609632134438,-0.55,-0.09,30.42
4.647095907479525,-0.55,-0.08,30.43
4.6485691629350185,-0.54,-0.08,30.42
4.650043733417988,-0.54,-0.08,30.42
4.651540793478489,-0.54,-0.08,30.42
4.653010755777359,-0.54,-0.08,30.42
4.654509138315916,-0.54,-0.08,30.43
4.655996676534414,-0.54,-0.09,30.43
4.657455746084452,-0.55,-0.09,30.42
4.658922221511602,-0.54,-0.09,30.43
4.6604053638875484,-0.54,-0.09,30.43
4.661891046911478,-0.54,-0.09,30.43
4.664845112711191,-0.54,-0.09,30.43
4.667798414826393,-0.54,-0.09,30.43
4.670759066939354,-0.55,-0.08,30.43
4.673733521252871,-0.55,-0.09,30.44
4.676689837127924,-0.54,-0.08,30.46
4.679641786962748,-0.54,-0.08,30.46
4.682595793157816,-0.54,-0.08,30.46
4.685582045465708,-0.54,-0.08,30.45
4.688514366745949,-0.55,-0.08,30.45
4.691494755446911,-0.54,-0.09,30.45
4.694432619959116,-0.55,-0.08,30.45
4.697388123720884,-0.54,-0.08,30.45
4.7003528252244,-0.54,-0.08,30.45
4.7018319852650166,-0.54,-0.08,30.45
4.703319258987904,-0.54,-0.08,30.45
4.704787276685238,-0.54,-0.08,30.45
4.70625925809145,-0.54,-0.08,30.45
4.707749117165804,-0.54,-0.08,30.45
4.709225941449404,-0.54,-0.08,30.45
4.7107150331139565,-0.55,-0.08,30.45
4.712187863886356,-0.55,-0.08,30.45
4.713665284216404,-0.55,-0.08,30.45
4.715144857764244,-0.54,-0.08,30.45
4.716619443148375,-0.54,-0.08,30.45
4.718112763017416,-0.54,-0.08,30.45
4.719577327370644,-0.54,-0.08,30.45
4.7210726998746395,-0.54,-0.08,30.45
4.722547464072704,-0.54,-0.08,30.45
4.724017880856991,-0.55,-0.08,30.45
4.725506313145161,-0.54,-0.08,30.45
4.726984079927206,-0.54,-0.08,30.45
4.728465512394905,-0.55,-0.08,30.45
4.729942999780178,-0.54,-0.08,30.45
4.731420267373323,-0.54,-0.08,30.45
4.7329068295657635,-0.54,-0.08,30.45
4.734380055218935,-0.54,-0.08,30.45
4.7358666360378265,-0.54,-0.08,30.45
4.7373298816382885,-0.54,-0.08,30.45
4.738823160529137,-0.54,-0.08,30.45
4.740300010889769,-0.54,-0.08,30.45
4.7417784333229065,-0.55,-0.08,30.45
4.743266802281141,-0.55,-0.08,30.44
4.744730167090893,-0.54,-0.08,30.44
4.746213611215353,-0.55,-0.08,30.44
4.747685115784407,-0.55,-0.08,30.44
4.749166510999203,-0.54,-0.08,30.44
4.750659670680761,-0.54,-0.08,30.44
4.752140533179045,-0.54,-0.09,30.44
4.753615532070398,-0.55,-0.08,30.44
4.755106132477522,-0.55,-0.08,30.44
4.756578717380762,-0.54,-0.08,30.44
4.758059963583946,-0.54,-0.08,30.45
4.759524017572403,-0.54,-0.08,30.45
4.763975631445646,-0.54,-0.08,30.45
4.766934245824814,-0.54,-0.08,30.45
4.769886877387762,-0.54,-0.08,30.45
4.7728557623922825,-0.55,-0.08,30.45
4.77581200003624,-0.55,-0.08,30.44
4.778764106333256,-0.55,-0.08,30.44
4.781758423894644,-0.54,-0.08,30.44
4.784684672951698,-0.55,-0.08,30.44
4.787641063332558,-0.54,-0.08,30.45
4.790598206222057,-0.54,-0.08,30.45
4.793565019965172,-0.54,-0.08,30.44
4.79652252048254,-0.55,-0.08,30.44
4.799473449587822,-0.54,-0.08,30.44
4.802435509860516,-0.55,-0.08,30.44
4.805397920310497,-0.55,-0.08,30.44
4.808361507952213,-0.54,-0.08,30.44
4.811312347650528,-0.55,-0.08,30.44
4.81428387016058,-0.54,-0.08,30.44
4.817231133580208,-0.54,-0.08,30.44
4.8201960027217865,-0.54,-0.08,30.44
4.823155179619789,-0.54,-0.08,30.44
4.826114505529404,-0.55,-0.08,30.44
4.82906898483634,-0.55,-0.08,30.44
4.832030531018972,-0.55,-0.08,30.44
4.834980841726065,-0.55,-0.08,30.44
4.837950631976128,-0.54,-0.08,30.44
4.840934846550226,-0.54,-0.08,30.44
4.843867242336273,-0.55,-0.08,30.44
4.846827726811171,-0.54,-0.08,30.44
4.849788621068001,-0.54,-0.08,30.44
4.852741625159979,-0.55,-0.08,30.44
4.8556958213448524,-0.54,-0.08,30.44
4.857189927250147,-0.54,-0.08,-413.79
4.858662366867065,-0.55,-0.08,30.44
4.861612215638161,-0.54,-0.08,30.44
4.864581648260355,-0.54,-0.08,30.44
4.86753486841917,-0.55,-0.08,30.44
4.869021262973547,-0.55,-0.08,30.44
4.870491340756416,-0.54,-0.08,30.44
4.871967434883118,-0.55,-0.08,30.44
4.873459458351135,-0.55,-0.08,30.44
4.87493534013629,-0.55,-0.08,30.44
4.876427583396435,-0.55,-0.08,30.44
4.877885431051254,-0.54,-0.08,30.44
4.879374016076326,-0.54,-0.08,30.44
4.88086249679327,-0.54,-0.08,30.44
4.882326986640692,-0.54,-0.08,30.44
4.8838110864162445,-0.54,-0.08,30.44
4.885279584676027,-0.54,-0.08,30.44
4.886775683611631,-0.54,-0.08,30.44
4.888241693377495,-0.54,-0.08,30.44
4.8897253051400185,-0.55,-0.08,30.44
4.891207937151194,-0.54,-0.08,30.44
4.89269856736064,-0.54,-0.08,30.44
4.8941699378192425,-0.54,-0.08,30.44
4.89564710855484,-0.54,-0.08,30.44
4.897115968167782,-0.55,-0.08,30.44
4.898606926202774,-0.54,-0.08,30.44
4.900077681988478,-0.55,-0.08,30.44
4.901566967368126,-0.55,-0.08,30.44
4.903052449226379,-0.55,-0.08,30.44
4.90451180934906,-0.55,-0.08,30.44
4.906006336212158,-0.55,-0.08,30.44
4.907490078359842,-0.54,-0.08,30.44
4.908957630395889,-0.54,-0.08,30.44
4.910431873053312,-0.54,-0.08,30.44
4.911921616643667,-0.54,-0.08,30.44
4.913408573716879,-0.54,-0.08,30.44
4.914871037006378,-0.54,-0.08,30.44
4.916354287415743,-0.54,-0.08,30.45
4.917841162532568,-0.54,-0.08,30.45
4.919333312660456,-0.54,-0.08,30.45
4.920790679752827,-0.54,-0.07,30.44
4.922293554991484,-0.54,-0.07,30.44
4.923749838024378,-0.54,-0.08,30.44
4.925238087773323,-0.55,-0.08,30.44
4.926712274551392,-0.55,-0.07,30.44
4.92820293828845,-0.54,-0.07,30.44
4.929680839180946,-0.54,-0.07,30.44
4.931160233914852,-0.54,-0.08,30.44
4.932640761137009,-0.54,-0.07,30.44
4.934105038642883,-0.54,-0.07,30.45
4.935585435479879,-0.54,-0.07,30.44
4.93707687035203,-0.54,-0.07,30.45
4.938546527177095,-0.54,-0.07,30.45
4.940027363598347,-0.54,-0.07,30.45
4.941509414464235,-0.54,-0.07,30.45
4.942996498197317,-0.55,-0.08,30.45
4.944464486092329,-0.54,-0.07,30.45
4.94599387049675,-0.54,-0.07,30.45
4.94743512943387,-0.54,-0.07,30.45
4.948902204632759,-0.54,-0.07,30.45
4.950384460389614,-0.54,-0.07,30.44
4.951859030872583,-0.54,-0.07,30.45
4.953336406499147,-0.54,-0.07,30.45
4.954819496721029,-0.55,-0.07,30.45
4.956308376044035,-0.54,-0.07,30.45
4.95778588578105,-0.54,-0.07,30.44
4.95925810188055,-0.55,-0.07,30.44
4.96222759783268,-0.54,-0.07,30.41
4.9651868008077145,-0.54,-0.07,30.36
4.96814489364624,-0.54,-0.08,30.36
4.971087768673897,-0.54,-0.08,30.36
4.974051855504513,-0.54,-0.07,30.37
4.977024834603071,-0.55,-0.08,30.37
4.979976449161768,-0.54,-0.08,30.37
4.982933208346367,-0.54,-0.07,30.37
4.985890299081802,-0.55,-0.07,30.37
4.98885964602232,-0.54,-0.07,30.37
4.991805288940668,-0.55,-0.07,30.37
4.994779799133539,-0.54,-0.07,30.37
4.997735153883696,-0.54,-0.07,30.38
5.00068898499012,-0.54,-0.07,30.38
5.0036499463021755,-0.54,-0.07,30.38
5.006622862070799,-0.54,-0.07,30.38
5.00956416875124,-0.55,-0.07,30.38
5.012528836727142,-0.54,-0.07,30.38
5.0154824629426,-0.54,-0.07,30.38
5.016971934586763,-0.55,-0.07,30.38
5.018447548151016,-0.55,-0.07,30.38
5.019929926842451,-0.55,-0.07,30.38
5.021413281559944,-0.54,-0.07,30.37
5.022872056812048,-0.54,-0.07,30.37
5.024355039000511,-0.55,-0.07,30.37
5.0258487947285175,-0.54,-0.07,30.37
5.027312610298395,-0.54,-0.07,30.37
5.028798408806324,-0.54,-0.07,30.37
5.030297394841909,-0.54,-0.07,30.37
5.031758315861225,-0.54,-0.07,30.38
5.033251449465752,-0.54,-0.07,30.37
5.034714050590992,-0.54,-0.07,30.37
5.036210309714079,-0.54,-0.07,30.37
5.037677153944969,-0.54,-0.07,30.37
5.039149973541498,-0.54,-0.07,30.37
5.040642987936735,-0.54,-0.07,30.38
5.042119823396206,-0.54,-0.07,30.37
5.043595001101494,-0.54,-0.07,30.38
5.045082274824381,-0.54,-0.07,30.37
5.046557001769543,-0.55,-0.07,30.37
5.048034485429525,-0.54,-0.07,30.38
5.049511954188347,-0.55,-0.07,30.37
5.050991997122765,-0.54,-0.07,30.37
5.052461847662926,-0.54,-0.07,30.37
5.053955908864737,-0.55,-0.07,30.38
5.055439621210098,-0.54,-0.07,30.38
5.056964825838804,-0.54,-0.07,30.38
5.058420229703188,-0.55,-0.07,30.38
5.061354007571936,-0.54,-0.07,30.38
5.064316216856241,-0.54,-0.07,30.38
5.0672623217105865,-0.54,-0.07,30.37
5.070229381322861,-0.54,-0.06,30.37
5.073198590427637,-0.54,-0.07,30.38
5.076144658029079,-0.55,-0.07,30.38
5.079099915921688,-0.54,-0.06,30.38
5.082069274038076,-0.54,-0.06,30.37
5.085024539381266,-0.54,-0.07,30.37
5.087976153939962,-0.54,-0.07,30.37
5.090940244495869,-0.54,-0.06,30.37
5.09389566257596,-0.54,-0.06,30.38
5.0968650840222836,-0.54,-0.07,30.38
5.099821779876947,-0.54,-0.06,30.38
5.102769259363413,-0.54,-0.06,30.38
5.105722311884165,-0.54,-0.06,30.38
5.1086840108036995,-0.54,-0.06,30.37
5.111654490232468,-0.54,-0.07,30.37
5.114610865712166,-0.54,-0.06,30.37
5.117568127810955,-0.54,-0.06,30.38
5.120533280074596,-0.54,-0.06,30.38
5.123473107814789,-0.54,-0.06,30.37
5.126449648290873,-0.54,-0.06,30.37
5.129403352737427,-0.54,-0.06,30.37
5.132358316332102,-0.54,-0.06,30.37
5.133847028017044,-691.46,-0.06,30.36
5.135316610336304,-0.54,-0.06,30.37
5.136805504560471,-0.54,-0.06,30.37
5.138279110193253,-0.54,-0.06,30.37
5.139752388000488,-0.54,-0.06,30.39
5.141243740916252,-0.54,-0.06,30.39
5.142717808485031,-0.54,-0.06,30.41
5.1442069709300995,-0.54,-0.06,30.42
5.145683322101831,-0.54,-0.06,30.42
5.147166095674038,-0.54,-0.06,30.41
5.148642912507057,-0.54,-0.06,30.41
5.15012613683939,-0.54,-0.06,30.4
5.151594094932079,-0.54,-0.06,30.39
5.153098836541176,-0.54,-0.06,30.39
5.154551647603512,-0.54,-0.06,30.38
5.156026359647512,-0.55,-0.06,30.39
5.157512318342924,-0.54,-0.06,30.39
5.1604756526649,-0.54,-0.06,30.41
5.16343829408288,-0.54,-0.06,30.4
5.166386317461729,-0.54,-0.06,30.39
5.1693449057638645,-0.54,-0.06,30.37
5.172296766191721,-0.54,-0.06,30.4
5.1735824048519135,-0.54,-0.06,30.39
5.175281725823879,-0.54,-0.06,30.39
5.176748059689999,-0.54,-0.06,30.39
5.178122028708458,-0.54,-0.06,30.38
5.1797106973826885,-0.54,-0.06,30.38
5.181183632463217,-0.54,-0.06,30.38
5.1825288608670235,-0.54,-0.06,30.38
5.1841282695531845,-0.54,-0.06,30.38
5.1855922900140285,-0.54,-0.06,30.38
5.186999958008528,-0.55,-0.06,30.38
5.1885716915130615,-0.54,-0.06,30.38
5.1898704916238785,-0.54,-0.06,30.38
5.191452674567699,-0.54,-0.06,30.37
5.192773632705212,-0.54,-0.06,30.37
5.194360211491585,-0.54,-0.06,30.37
5.195925861597061,-0.54,-0.06,30.37
5.197461448609829,-0.54,-0.06,30.37
5.198834542185068,-0.54,-0.06,30.37
5.200332526117563,-0.54,-0.06,30.38
5.201824635267258,-0.54,-0.06,30.38
5.203332953155041,-0.54,-0.06,30.38
5.204653467983007,-0.54,-0.06,30.39
5.206233572214842,-0.54,-0.05,30.39
5.207819350063801,-0.54,-0.05,30.41
5.209161594510078,-0.54,-0.05,30.43
5.210706178098917,-0.53,-0.05,30.45
5.21212338283658,-0.54,-0.04,30.46
5.213603720068932,-0.54,-0.04,30.47
5.215208705514669,-0.54,-0.05,30.47
5.216506905853748,-0.54,-0.05,30.46
5.2181721813976765,-0.53,-0.05,30.46
5.219666913151741,-0.54,-0.05,30.46
5.2211320996284485,-0.54,-0.05,30.45
5.222606033086777,-0.54,-0.05,30.45
5.224066365510225,-0.54,-0.04,30.46
5.2255236729979515,-0.53,-0.04,30.46
5.227040663361549,-0.53,-0.04,30.46
5.228489898145199,-0.53,-0.04,30.46
5.229954935610294,-0.53,-0.04,30.45
5.231489419937134,-0.53,-0.04,30.45
5.232949834316969,-0.53,-0.04,30.45
5.234246835112572,-0.54,-0.04,30.45
5.235927760601044,-0.54,-0.04,30.45
5.237414356321096,-0.54,-0.04,30.46
5.238816808909178,-0.54,-0.04,30.47
5.240334294736385,-0.54,-0.04,30.48
5.241656359285116,-0.54,-0.04,30.49
5.243234299123287,-0.54,-0.03,30.49
5.244738910347223,-0.54,-0.03,30.49
5.246154598891735,-0.54,-0.03,30.49
5.247754346579313,-0.54,-0.03,30.49
5.249241203069687,-0.53,-0.03,30.47
5.250719416886568,-0.53,-0.03,30.46
5.2522099651396275,-0.53,-0.03,30.44
5.2536708526313305,-0.54,-0.03,30.43
5.2551491893827915,-0.54,-0.03,30.42
5.256638456135988,-0.54,-0.03,30.42
5.259566139429808,-0.53,-0.03,30.42
5.262408085167408,-0.54,-0.03,30.43
5.2653198800981045,-0.53,-0.03,30.42
5.268318805843592,-0.53,-0.03,30.42
5.271251529455185,-0.54,-0.03,30.42
5.274340845644474,-0.54,-0.03,30.42
5.2772783897817135,-0.54,-0.03,30.43
5.280318807810545,-0.54,-0.03,30.42
5.283279802650213,-0.54,-0.03,30.43
5.286223877221346,-0.54,-0.03,30.43
5.289188086986542,-0.54,-0.03,30.42
5.292113609611988,-0.54,-0.03,30.42
5.295430533587933,-0.53,-0.03,30.43
5.298048947006464,-0.54,-0.03,30.42
5.301008548587561,-0.54,-0.03,30.42
5.303963374346495,-0.54,-0.03,30.43
5.306887567043304,-0.53,-0.03,30.42
5.309858426451683,-0.54,-0.03,30.43
5.312807820737362,-0.54,-0.03,30.43
5.315784614533186,-0.53,-0.03,30.42
5.318750526756048,-0.54,-0.03,30.41
5.321705266833305,-0.54,-0.03,30.41
5.324515163898468,-0.54,-0.03,30.41
5.327649377286434,-0.53,-0.03,30.42
5.330597992986441,-0.54,-0.03,30.42
5.332089312374592,-0.53,-0.03,30.42
5.3335416950285435,-0.53,-0.03,30.42
5.334903076291084,-0.53,-0.03,30.44
5.336532346904278,-0.53,-0.03,30.45
5.337994609028101,-0.53,-0.03,30.46
5.339489560574293,-0.54,-0.03,30.47
5.340970024466515,-0.54,-0.03,30.48
5.34239673987031,-0.53,-0.02,30.47
5.3439282812178135,-0.53,-0.02,30.47
5.34523806348443,-0.53,-0.03,30.46
5.346892759203911,-0.53,-0.03,30.46
5.348153572529554,-0.53,-0.03,30.45
5.349833115935326,-0.54,-0.02,30.44
5.351325985044241,-0.54,-0.03,30.44
5.352778520435095,-0.54,-0.03,30.44
5.354274697601795,-0.54,-0.03,30.44
5.355664025992155,-0.54,-0.03,30.44
5.358718559145927,-0.53,-0.03,30.44
5.361627101898193,-0.54,-0.03,30.46
5.364572335034609,-0.54,-0.03,30.42
5.367598619312048,-0.54,-0.03,30.44
5.3703110255301,-0.54,-0.03,30.45
5.37352130562067,-0.54,-0.03,30.43
5.376350358128548,-0.53,-0.02,30.45
5.379416279494762,-0.54,-0.02,30.45
5.382382109761238,-0.54,-0.02,30.47
5.385341078042984,-0.54,-0.02,30.47
5.388059467077255,-0.53,-0.02,30.47
5.391198854893446,-0.54,-0.02,30.47
5.394100308418274,-0.54,-0.02,30.47
5.397099316120148,-0.54,-0.02,30.47
5.400199294090271,-0.53,-0.02,30.47
5.404457859694958,-0.53,-0.02,30.46
5.406036552041769,-0.54,-0.02,30.47
5.4073337614536285,-0.54,-0.02,30.47
5.4089395403862,-0.54,-0.02,30.47
5.410490527749062,-0.54,-0.02,30.46
5.411969378590584,-0.54,-0.02,30.47
5.413419168442488,-0.53,-0.02,30.47
5.414868924766779,-0.53,-0.02,30.45
5.416415046900511,-0.54,-0.02,30.44
5.417876787483692,-0.54,-0.02,30.44
5.419345092028379,-0.53,-0.02,30.43
5.4208154156804085,-0.54,-0.02,30.44
5.422183696180582,-0.54,-0.02,30.44
5.423798967152834,-0.53,-0.02,30.44
5.42525190487504,-0.53,-0.02,30.44
5.426581598818302,-0.53,-0.02,30.44
5.428223572671413,-0.54,-0.02,30.45
5.42974703758955,-0.53,-0.02,30.45
5.431097529828548,-0.53,-0.02,30.46
5.432667832821608,-0.53,-0.02,30.46
5.434048261493444,-0.53,-0.02,30.46
5.435439001768827,-0.54,-0.02,30.46
5.437111530452967,-0.54,-0.02,30.46
5.438483443111181,-0.54,-0.02,30.46
5.4400708973407745,-0.53,-0.02,30.46
5.441552110016346,-0.53,-0.02,30.46
5.443040408194065,-0.54,-0.02,30.47
5.444518961012363,-0.54,-0.02,30.47
5.445985026657581,-0.53,-0.02,30.47
5.4473901353776455,-0.54,-0.02,30.47
5.4489493779838085,-0.54,-0.02,30.47
5.450230035930872,-0.54,-0.02,30.47
5.451915830373764,-0.53,-0.02,30.47
5.453389547765255,-0.53,-0.02,30.47
5.454853024333715,-0.53,-0.02,30.47
5.457648660987616,-0.53,-0.02,30.47
5.460771080106497,-0.54,-0.02,30.47
5.4637577421963215,-0.54,-0.02,30.47
5.466656282544136,-0.53,-0.02,30.47
5.469520512968302,-0.54,-0.02,30.46
5.47246951982379,-0.53,-0.02,30.46
5.475583251565695,-0.53,-0.02,30.45
5.478457149118185,-0.54,-0.02,30.44
5.481275286525488,-0.54,-0.03,30.46
5.484362538903952,-0.53,-0.03,30.45
5.487449809908867,-0.53,-0.02,30.42
5.4887451604008675,-0.54,-0.03,30.45
5.490391008555889,-0.54,-0.03,30.45
5.491851635277271,-0.53,-0.03,30.46
5.49347510188818,-0.53,-0.02,30.46
5.49505353346467,-0.53,-0.03,30.42
5.496291778981686,-0.54,-0.03,30.44
5.497706029564142,-0.54,-0.03,30.45
5.499254688620567,-0.54,-0.03,30.45
5.500591788440943,-0.54,-0.03,30.44
5.502238489687443,-0.54,-0.03,30.44
5.5037118420004845,-0.53,-0.03,30.44
5.505078442394733,-0.53,-0.03,30.44
5.506544064730406,-0.53,-0.03,30.45
5.508144482970238,-0.53,-0.03,30.45
5.509625684469938,-0.53,-0.03,30.44
5.51107045263052,-0.54,-0.03,30.44
5.512542709708214,-0.53,-0.03,30.45
5.514067601412535,-0.53,-0.02,30.45
5.51554873585701,-0.54,-0.03,30.44
5.516996499150991,-0.54,-0.03,30.45
5.51847879961133,-0.53,-0.03,30.44
5.519961085170507,-0.53,-0.03,30.45
5.521455258131027,-0.53,-0.03,30.45
5.522802043706179,-0.54,-0.03,30.45
5.524424474686384,-0.53,-0.03,30.45
5.525799676775932,-0.53,-0.03,30.45
5.5272275768220425,-0.54,-0.03,30.45
5.528827108442783,-0.53,-0.02,30.46
5.530268050730228,-0.53,-0.02,30.46
5.5318095944821835,-0.53,-0.02,30.47
5.533269554376602,-0.53,-0.02,30.47
5.534676466137171,-0.53,-0.02,30.47
5.5361695401370525,-0.53,-0.02,30.48
5.5377390421926975,-0.53,-0.02,30.48
5.539308678358793,-0.53,-0.02,30.48
5.5406471118330956,-0.54,-0.02,30.48
5.5421639531850815,-0.54,-0.02,30.48
5.543611228466034,-0.53,-0.02,30.48
5.545130576938391,-0.53,-0.02,30.48
5.546563059091568,-0.54,-0.02,30.48
5.548057418316603,-0.53,-0.02,30.49
5.549559112638235,-0.54,-0.02,30.49
5.551053319126368,-0.54,-0.02,30.49
5.552524987608194,-0.54,-0.02,30.49
5.553964864462614,-0.54,-0.02,30.49
5.556951757520437,-0.54,-0.02,30.49
5.559916768223047,-0.53,-0.02,30.49
5.562908634543419,-0.53,-0.02,30.47
5.565764516592026,-0.54,-0.02,30.49
5.568734798580408,-0.53,-0.02,30.47
5.571671977639198,-0.53,-0.02,30.47
5.574698556214571,-0.53,-0.02,30.47
5.577623203396797,-0.53,-0.02,30.48
5.580575849860907,-0.53,-0.02,30.47
5.583539459854364,-0.53,-0.02,30.47
5.58653050661087,-0.53,-0.02,30.46
5.58948964998126,-0.53,-0.02,30.47
5.5924695655703545,-0.53,-0.02,30.5
5.595197759568691,-0.53,-0.01,30.47
5.598378229886293,-0.54,-0.02,30.47
5.601299326866865,-0.54,-0.01,30.47
5.604291848838329,-0.54,-0.01,30.48
5.607269134372473,-0.53,-0.01,30.48
5.610230825841427,-0.53,-0.01,30.48
5.613032095134258,-0.54,-0.01,30.48
5.61602009832859,-0.54,-0.01,30.48
5.618935693055391,-0.53,-0.01,30.48
5.622020971029997,-0.53,-0.01,30.48
5.624875519424677,-0.53,-0.01,30.47
5.627972699701786,-0.53,-0.01,30.48
5.630866348743439,-0.53,-0.01,30.48
5.633885648101568,-0.53,-0.01,30.48
5.636694435030222,-0.54,-0.01,30.48
5.639636557549238,-0.53,-0.01,30.48
5.642767384648323,-0.53,-0.01,30.47
5.645690806210041,-0.53,-0.01,30.47
5.64707213640213,-0.53,-0.01,30.47
5.648672912269831,-0.53,-0.01,30.47
5.650128062814474,-0.53,-0.01,30.47
5.651619307696819,-0.53,-0.01,30.47
5.654582154005766,-0.54,-0.01,30.48
5.657381888478994,-0.53,-0.01,30.48
5.66054180637002,-0.53,-0.01,30.48
5.663478203117847,-0.53,-0.01,30.47
5.666448883712292,-0.54,-0.01,30.47
5.669256817549467,-0.53,-0.01,30.47
5.670867539942265,-0.53,-0.01,30.47
5.672350242733955,-0.53,-0.01,30.47
5.6738442070782185,-0.53,-0.01,30.47
5.675422471016645,-0.53,-0.01,30.47
5.676790092140436,-0.54,-0.01,30.47
5.678281079977751,-0.53,-0.01,30.47
5.6797509007155895,-0.53,-0.01,30.47
5.681228592991829,-0.53,-0.01,30.47
5.682707116007805,-0.53,-0.01,30.47
5.68405432626605,-0.53,-0.01,30.47
5.6856740191578865,-0.53,-0.01,30.47
5.687113214284182,-0.53,-0.01,30.47
5.688629686832428,-0.53,-0.01,30.47
5.69011078029871,-0.53,-0.01,30.47
5.691555287688971,-0.53,-0.01,30.47
5.693089362233877,-0.53,-0.01,30.47
5.694448638707399,-0.54,-0.01,30.47
5.6960169188678265,-0.53,-0.01,30.47
5.697416588664055,-0.53,-0.01,30.47
5.698995020240545,-0.53,-0.01,30.47
5.700444366782904,-0.53,-0.01,30.47
5.701909970492125,-0.53,-0.01,30.47
5.703436840325594,-0.53,-0.01,30.47
5.704901453107595,-0.53,-0.01,30.47
5.706343822181225,-0.53,-0.01,30.47
5.7078805565834045,-0.53,-0.01,30.47
5.709303308278322,-0.53,-0.01,30.47
5.710730701684952,-0.53,-0.01,30.47
5.7121606804430485,-0.53,-0.01,30.47
5.713678568601608,-0.53,-0.01,30.47
5.7152181304991245,-0.53,-0.01,30.47
5.716632001101971,-0.53,-0.01,30.47
5.718186944723129,-0.54,-0.01,30.47
5.719704180955887,-0.53,-0.01,30.47
5.721149675548077,-0.53,-0.01,30.47
5.722650896757841,-0.53,-0.01,30.47
5.724040821194649,-0.53,-0.01,30.47
5.725565388798714,-0.53,-0.01,30.47
5.727019272744656,-0.53,-0.01,30.47
5.728579252958298,-0.53,-0.01,30.47
5.7300037033855915,-0.54,-0.01,30.47
5.731458552181721,-0.54,-0.01,30.47
5.732988927513361,-0.54,-0.01,30.47
5.73448833823204,-0.53,-0.01,30.47
5.735957384109497,-0.53,-0.01,30.47
5.737407620996237,-0.53,-0.01,30.47
5.738926950842142,-0.53,-0.01,30.47
5.740369014441967,-0.53,-0.01,30.47
5.741867087781429,-0.54,-0.01,30.47
5.743364661931992,-0.54,-0.01,30.47
5.7447517067193985,-0.53,-0.01,30.47
5.746226221323013,-0.53,-0.01,30.47
5.7478071339428425,-0.53,-0.01,30.47
5.749254189431667,-0.53,-0.01,30.47
5.750720303505659,-0.53,-0.01,30.47
5.752187814563513,-0.53,-0.01,30.47
5.755221124738455,-0.53,-0.01,30.47
5.758176922798157,-0.54,-0.01,30.47
5.760981362313032,-0.53,-0.01,30.47
5.764047298580408,-0.54,-0.01,30.47
5.767055533826351,-0.53,-0.01,30.47
5.769999831914902,-0.53,-0.01,30.47
5.772953975945711,-0.53,-0.01,30.47
5.775896850973368,-0.53,-0.01,30.47
5.77881832420826,-0.53,-0.01,30.47
5.7818764708936214,-0.53,-0.01,30.47
5.784739945083857,-0.53,-0.01,30.47
5.7875802628695965,-0.53,-0.01,30.47
5.790575407445431,-0.54,-0.01,30.47
5.79362865537405,-0.53,-0.01,30.47
5.796496711671352,-0.53,-0.01,30.47
5.799566391855478,-0.53,-0.01,30.47
5.802357733249664,-0.53,-0.01,30.46
5.803972229361534,-0.53,-0.01,30.47
5.805401012301445,-0.53,-0.01,30.47
5.806974805891514,-0.53,-0.01,30.47
5.8084616512060165,-0.53,-0.01,30.47
5.809946361929178,-0.53,-0.01,30.46
5.811415493488312,-0.53,-0.01,30.47
5.812889155000448,-0.53,-0.01,30.47
5.814380493015051,-0.53,-0.01,30.47
5.815876219421625,-0.53,-0.01,30.47
5.817224141210318,-0.53,-0.01,30.47
5.818821374326944,-0.53,-0.01,30.47
5.820298861712217,-0.53,-0.01,30.46
5.821595910936594,-0.53,-0.01,30.46
5.823256365954876,-0.54,-0.02,30.46
5.824707195162773,-0.53,-0.02,30.47
5.826221261173487,-0.53,-0.02,30.47
5.8277007676661015,-0.53,-0.02,30.47
5.8290490955114365,-0.53,-0.02,30.47
5.830647271126509,-0.53,-0.02,30.47
5.832050297409296,-0.53,-0.03,30.47
5.83349921554327,-0.53,-0.03,30.47
5.834978528320789,-0.53,-0.03,30.47
5.836572498083115,-0.53,-0.03,30.47
5.837905168533325,-0.53,-0.03,30.47
5.839521981775761,-0.53,-0.04,30.47
5.841000199317932,-0.54,-0.04,30.47
5.842492524534464,-0.54,-0.04,30.47
5.843949466943741,-0.54,-0.04,30.47
5.8454211615026,-0.53,-0.04,30.47
5.846830531954765,-0.53,-0.04,30.47
5.848330587148666,-0.54,-0.04,30.47
5.8498856127262115,-0.53,-0.04,30.47
5.851322617381811,-0.53,-0.04,30.47
5.854111358523369,-0.53,-0.04,30.47
5.857163622975349,-0.53,-0.04,30.47
5.860074661672115,-0.54,-0.04,30.47
5.863179922103882,-0.53,-0.04,30.47
5.86615539342165,-0.53,-0.04,30.47
5.869062900543213,-0.53,-0.04,30.47
5.872078221291304,-0.53,-0.04,30.47
5.874988805502653,-0.53,-0.04,30.47
5.8779382184147835,-0.53,-0.04,30.47
5.880873754620552,-0.53,-0.04,30.47
5.883811842650175,-0.53,-0.04,30.47
5.886631637811661,-0.53,-0.04,30.47
5.8898303508758545,-0.54,-0.04,30.47
5.892757128924131,-0.53,-0.04,30.47
5.895704045891762,-0.53,-0.04,30.47
5.898663852363825,-0.53,-0.04,30.47
5.901658125221729,-0.53,-0.04,30.47
5.904437370598316,-0.53,-0.04,30.47
5.9074051678180695,-0.53,-0.04,30.47
5.91037655249238,-0.53,-0.04,30.47
5.9134971015155315,-0.54,-0.04,30.47
5.916360072791576,-0.53,-0.04,30.47
5.919376116245985,-0.53,-0.04,30.47
5.922334302216768,-0.54,-0.04,30.47
5.925319489091635,-0.53,-0.04,30.47
5.92830578610301,-0.53,-0.04,30.47
5.931254129856825,-0.53,-0.04,30.47
5.934143356978893,-0.54,-0.04,30.47
5.935696095228195,-0.53,-0.04,30.47
5.937123671174049,-0.53,-0.04,30.47
5.938622631132603,-0.54,-0.04,30.47
5.940110985189676,-0.54,-0.04,30.47
5.941589701920748,-0.54,-0.04,30.47
5.943107005208731,-0.53,-0.04,30.47
5.944555185735226,-0.53,-0.04,30.47
5.946016989648342,-0.53,-0.04,30.47
5.947517640888691,-0.53,-0.04,30.47
5.948991619050503,-0.53,-0.04,30.47
5.95032212138176,-0.53,-0.04,30.47
5.953367039561272,-0.53,-0.04,30.47
5.9563942439854145,-0.53,-0.04,30.47
5.959331151098013,-0.54,-0.04,30.47
5.962236013263464,-0.53,-0.04,30.47
5.963795002549887,-0.53,-0.04,30.47
5.965293262153864,-0.53,-0.04,30.47
5.966732095927,-0.53,-0.04,30.47
5.968229714781046,-0.54,-0.04,30.47
5.969599135220051,-0.53,-0.04,30.47
5.971154980361462,-0.53,-0.04,30.47
5.9726810567080975,-0.53,-0.04,30.47
5.974133487790823,-0.53,-0.04,30.47
5.9755463525652885,-0.53,-0.04,30.47
5.977103367447853,-0.54,-0.04,30.47
5.978412672877312,-0.53,-0.04,30.47
5.980018213391304,-0.53,-0.04,30.47
5.981567472219467,-0.53,-0.04,30.47
5.982956849038601,-0.53,-0.04,30.47
5.984505500644445,-0.53,-0.04,30.47
5.985879369080067,-0.54,-0.04,30.47
5.987338110804558,-0.54,-0.04,30.47
5.988933015614748,-0.53,-0.04,30.47
5.990406516939402,-0.53,-0.04,30.47
5.9917440339922905,-0.53,-0.04,30.47
5.993375416845083,-0.53,-0.04,30.47
5.994760524481535,-0.54,-0.04,30.47
5.996340144425631,-0.54,-0.04,30.47
5.99782657250762,-0.53,-0.04,30.47
5.99929004535079,-0.53,-0.04,30.47
6.0007942989468575,-0.53,-0.04,30.47
6.002215672284365,-0.54,-0.04,30.47
6.003742258995771,-0.54,-0.04,30.47
6.005225110799074,-0.53,-0.04,30.47
6.006687510758638,-0.53,-0.04,30.47
6.008145447820425,-0.53,-0.04,30.47
6.00964243337512,-0.53,-0.04,30.47
6.011148184537888,-0.53,-0.04,30.47
6.012599866837263,-0.53,-0.04,30.47
6.014113359153271,-0.53,-0.04,30.48
6.0154835395514965,-0.53,-0.04,30.49
6.017031326889992,-0.53,-0.04,30.51
6.018402401357889,-0.54,-0.04,30.49
6.019910596311092,-0.53,-0.04,30.45
6.02143682166934,-0.53,-0.04,30.44
6.02289754524827,-0.53,-0.04,30.43
6.024412728846073,-0.53,-0.04,30.42
6.025902897119522,-0.53,-0.04,30.42
6.0274101458489895,-0.54,-0.04,30.41
6.028842281550169,-0.54,-0.04,30.42
6.0303535014390945,-0.53,-0.04,30.43
6.0318183451890945,-0.53,-0.04,30.44
6.033304564654827,-0.53,-0.04,30.44
6.03477905318141,-0.53,-0.04,30.43
6.03627897426486,-0.53,-0.04,30.43
6.037716761231422,-0.54,-0.04,30.43
6.039143182337284,-0.54,-0.04,30.43
6.040630146861076,-0.53,-0.04,30.43
6.042199842631817,-0.53,-0.04,30.43
6.0436622723937035,-0.53,-0.04,30.43
6.045139633119106,-0.53,-0.04,30.43
6.046647075563669,-0.53,-0.04,30.43
6.048106715083122,-0.53,-0.04,30.43
6.052543979138136,-0.53,-0.04,30.43
6.055461410433054,-0.53,-0.04,30.41
6.0584561713039875,-0.53,-0.04,30.42
6.061432734131813,-0.53,-0.04,30.44
6.064353998750448,-0.54,-0.04,30.44
6.067377328872681,-0.53,-0.04,30.44
6.070326663553715,-0.53,-0.04,30.45
6.073268450796604,-0.53,-0.04,30.45
6.076156944036484,-0.53,-0.04,30.44
6.079179786145687,-0.53,-0.04,30.44
6.082066006958485,-0.53,-0.04,30.43
6.0850388668477535,-0.53,-0.04,30.43
6.088039610534906,-0.54,-0.04,30.43
6.091015823185444,-0.53,-0.04,30.43
6.093957215547562,-0.54,-0.04,30.43
6.096947107464075,-0.53,-0.04,30.43
6.099897984415293,-0.53,-0.04,30.43
6.1027591452002525,-0.53,-0.04,30.43
6.105623427778482,-0.53,-0.04,30.43
6.108759239315987,-0.53,-0.04,30.43
6.111714016646147,-0.53,-0.04,30.43
6.114664152264595,-0.53,-0.04,30.43
6.117617964744568,-0.53,-0.04,30.43
6.119130752980709,-0.53,-0.04,-45.34
6.120418172329664,-0.53,-0.04,30.43
6.1220520958304405,-0.54,-0.04,30.44
6.123570166528225,-0.53,-0.04,30.44
6.125058326870203,-0.54,-0.04,30.44
6.126529265195131,-0.53,-0.04,30.44
6.127878196537495,-0.53,-0.04,30.44
6.129459034651518,-0.54,-0.04,30.43
6.13094263151288,-0.54,-0.04,30.43
6.132411941885948,-0.53,-0.04,30.43
6.1339189149439335,-0.53,-0.04,30.43
6.135412376374006,-0.53,-0.04,30.44
6.136885512620211,-0.54,-0.04,30.44
6.138342842459679,-0.53,-0.04,30.44
6.139848344027996,-0.53,-0.04,30.44
6.14127042144537,-0.54,-0.05,30.43
6.142811954021454,-0.54,-0.05,30.44
6.144284680485725,-0.53,-0.04,30.44
6.145645651966333,-0.53,-0.04,30.43
6.147229842841625,-0.53,-0.04,30.44
6.1501890905201435,-0.53,-0.04,30.45
6.153137609362602,-0.53,-0.04,30.45
6.156127639114857,-0.53,-0.04,30.45
6.158858135342598,-0.53,-0.04,30.45
6.162008531391621,-0.53,-0.04,30.45
6.164984490722418,-0.53,-0.04,30.45
6.1679566614329815,-0.54,-0.04,30.44
6.170865178108215,-0.53,-0.04,30.44
6.173788856714964,-0.53,-0.04,30.44
6.176801685243845,-0.53,-0.04,30.44
6.179797299206257,-0.53,-0.04,30.44
6.18254404515028,-0.53,-0.04,30.44
6.185704968869686,-0.53,-0.04,30.44
6.188641760498285,-0.54,-0.04,30.44
6.191528368741274,-0.53,-0.04,30.44
6.194565128535032,-0.53,-0.04,30.44
6.197401277720928,-0.53,-0.04,30.44
6.1989812813699245,-0.53,-0.04,30.44
6.200471509248018,-0.53,-0.04,30.44
6.201979286968708,-0.53,-0.04,30.44
6.203367210924625,-0.54,-0.04,30.44
6.2048643715679646,-0.53,-0.04,30.44
6.206359751522541,-0.53,-0.04,30.44
6.207878340035677,-0.53,-0.04,30.44
6.209367636591196,-0.53,-0.04,30.44
6.210827775299549,-0.53,-0.04,30.43
6.212238486856222,-0.53,-0.04,30.42
6.21381413564086,-0.53,-0.04,30.41
6.215232793241739,-0.53,-0.04,30.41
6.216687094420195,-0.53,-0.04,30.41
6.218210980296135,-0.53,-0.04,30.41
6.219674028456211,-0.53,-0.04,30.42
6.221225004643202,-0.53,-0.04,30.42
6.2226866111159325,-0.53,-0.04,30.42
6.224180210381746,-0.53,-0.04,30.43
6.225657321512699,-0.53,-0.04,30.43
6.227131109684706,-0.53,-0.04,30.43
6.22861522808671,-0.53,-0.04,30.45
6.2300909496843815,-0.53,-0.04,30.43
6.231570612639189,-0.53,-0.04,30.4
6.233041632920504,-0.53,-0.04,30.4
6.234535086899996,-0.53,-0.04,30.41
6.2360056303441525,-0.53,-0.04,30.41
6.237480465322733,-0.53,-0.04,30.41
6.2389617674052715,-0.53,-0.04,30.4
6.240446116775274,-0.53,-0.04,30.4
6.241929467767477,-0.53,-0.04,30.39
6.2434077598154545,-0.53,-0.04,30.39
6.244990564882755,-0.53,-0.04,30.41
6.246374934911728,-0.53,-0.04,30.42
6.249319899827242,-0.53,-0.04,30.44
6.252286501228809,-0.53,-0.04,30.44
6.255233936011791,-0.53,-0.04,30.46
6.258200831711292,-0.53,-0.04,30.46
6.261163212358952,-0.53,-0.04,30.46
6.264123324304819,-0.53,-0.04,30.46
6.2670688182115555,-0.53,-0.04,30.46
6.270031847059727,-0.53,-0.04,30.46
6.272999122738838,-0.53,-0.04,30.46
6.2759894952178,-0.54,-0.04,30.46
6.277432810515165,-0.53,-0.04,30.46
6.278912514448166,-0.53,-0.04,30.46
6.280394561588764,-0.53,-0.04,30.46
6.281867116689682,-0.53,-0.04,30.45
6.283351607620716,-0.53,-0.04,30.45
6.284842886030674,-0.53,-0.04,30.44
6.286314580589533,-0.54,-0.04,30.43
6.28778587654233,-0.54,-0.04,30.44
6.289260737597942,-0.54,-0.04,30.45
6.2907450273633,-0.54,-0.04,30.45
6.2922274470329285,-0.54,-0.04,30.46
6.2937032505869865,-0.53,-0.04,30.46
6.295181836932898,-0.53,-0.04,30.46
6.296666074544191,-0.54,-0.04,30.44
6.298145603388548,-0.53,-0.04,30.42
6.299631681293249,-0.54,-0.04,30.41
6.301093142479658,-0.53,-0.04,30.41
6.302582714706659,-0.53,-0.04,30.42
6.304058115929365,-0.54,-0.04,30.44
6.305537849664688,-0.54,-0.04,30.45
6.307013317942619,-0.53,-0.04,30.46
6.308496665209532,-0.53,-0.03,30.46
6.309971082955599,-0.54,-0.03,30.46
6.31145378947258,-0.54,-0.03,30.46
6.312946479767561,-0.53,-0.03,30.47
6.3144247233867645,-0.53,-0.04,30.47
6.315892867743969,-0.53,-0.03,30.47
6.317377556115389,-0.53,-0.03,30.47
6.318860806524754,-0.53,-0.03,30.47
6.320331886410713,-0.53,-0.03,30.47
6.321805525571108,-0.54,-0.03,30.47
6.323286820203066,-0.54,-0.03,30.47
6.324776209890842,-0.54,-0.03,30.46
6.326255898922682,-0.54,-0.03,30.46
6.327732156962156,-0.53,-0.03,30.46
6.329218555241823,-0.54,-0.03,30.46
6.330693278461695,-0.54,-0.03,30.46
6.332173235714436,-0.54,-0.03,30.46
6.33364138379693,-0.53,-0.03,30.45
6.335130222141743,-0.53,-0.03,30.45
6.336603730916977,-0.54,-0.03,30.46
6.338091820478439,-0.54,-0.03,30.45
6.3395666629076,-0.53,-0.03,30.45
6.341056514531374,-0.53,-0.03,30.44
6.342686578631401,-0.54,-0.03,30.44
6.3440029844641685,-0.53,-0.03,30.44
6.345486454665661,-0.53,-0.03,30.44
6.348447285592556,-0.53,-0.03,30.44
6.351403586566448,-0.54,-0.03,30.43
6.354355555027723,-0.53,-0.03,30.44
6.357310473918915,-0.54,-0.03,30.44
6.36028229445219,-0.54,-0.04,30.44
6.3632225804030895,-0.53,-0.04,30.44
6.366195950657129,-0.53,-0.03,30.44
6.369151841849089,-0.53,-0.04,30.44
6.3721122443675995,-0.53,-0.04,30.43
6.375065483152866,-0.53,-0.04,30.43
6.378023620694876,-0.53,-0.04,30.43
6.380986861884594,-0.53,-0.04,30.43
6.383968744426966,-0.53,-0.03,30.44
6.38690447434783,-0.53,-0.03,30.43
6.389863923192024,-0.53,-0.03,30.43
6.392814613878727,-0.53,-0.04,30.44
6.395782690495253,-0.53,-0.04,30.43
6.398740630596876,-0.53,-0.04,30.44
6.401704717427492,-0.53,-0.03,30.44
6.404656797647476,-0.53,-0.04,30.43
6.407619975507259,-0.53,-0.03,30.44
6.410578183829784,-0.53,-0.03,30.43
6.413541071116924,-0.53,-0.04,30.44
6.41649479418993,-0.53,-0.03,30.44
6.419458448886871,-0.53,-0.03,30.43
6.422423090785742,-0.54,-0.03,30.43
6.425380598753691,-0.53,-0.03,30.44
6.428325276821852,-0.53,-0.03,30.44
6.431286159902811,-0.53,-0.04,30.43
6.434256538748741,-0.53,-0.03,30.43
6.43573596701026,-0.53,-0.03,30.43
6.437204971909523,-0.53,-0.03,30.43
6.438694130629301,-0.53,-0.03,30.43
6.440170671790838,-0.53,-0.04,30.43
6.44165226444602,-0.53,-0.04,30.43
6.44312259927392,-0.53,-0.04,30.43
6.447562035173178,-0.53,-0.04,30.44
6.450513754040003,-0.53,-0.03,30.44
6.453478936105967,-0.53,-0.03,30.45
6.456445369869471,-0.53,-0.03,30.46
6.459389995783567,-0.53,-0.04,30.45
6.462359808385372,-0.53,-0.03,30.48
6.4638328589499,-0.53,-0.03,30.48
6.465322431176901,-0.53,-0.04,30.48
6.466795135289431,-0.53,-0.04,30.48
6.468268755823374,-0.53,-0.03,30.48
6.469762708991766,-0.53,-0.03,30.48
6.471238177269697,-0.53,-0.03,30.47
6.47270368412137,-0.53,-0.03,30.47
6.474195204675198,-0.53,-0.03,30.47
6.4756749495863914,-0.53,-0.03,30.47
6.477148901671171,-0.53,-0.03,30.47
6.4786263182759285,-0.53,-0.03,30.47
6.480100128799677,-0.53,-0.03,30.47
6.481593430042267,-0.53,-0.03,30.47
6.4830701276659966,-0.53,-0.03,30.47
6.484550427645445,-0.53,-0.03,30.47
6.486027244478464,-0.53,-0.03,30.47
6.487497184425592,-0.53,-0.03,30.47
6.488979272544384,-0.53,-0.03,30.47
6.490448735654354,-0.53,-0.03,30.47
6.491933990269899,-0.53,-0.03,30.46
6.493411138653755,-0.53,-0.03,30.43
6.494891095906496,-0.53,-0.03,30.41
6.496385894715786,-0.53,-0.03,30.41
6.497857667505741,-0.53,-0.03,30.41
6.499339021742344,-0.53,-0.03,30.42
6.500821501016617,-0.53,-0.03,30.42
6.502293456345797,-0.53,-0.03,30.42
6.5037739388644695,-0.53,-0.03,30.42
6.505263026803732,-0.53,-0.03,30.42
6.5067338347435,-0.53,-0.03,30.43
6.5082128047943115,-0.53,-0.03,30.43
6.509686078876257,-0.53,-0.03,30.42
6.511176269501448,-0.54,-0.03,30.42
6.512649241834879,-0.53,-0.03,30.43
6.5141380950808525,-0.53,-0.03,30.43
6.515610866248608,-0.53,-0.03,30.45
6.517090357840061,-0.53,-0.03,30.46
6.518569611012936,-0.53,-0.03,30.47
6.520044658333063,-0.53,-0.03,30.47
6.5215340703725815,-0.53,-0.03,30.47
6.522997308522463,-0.53,-0.03,30.47
6.524483315646648,-0.53,-0.03,30.45
6.52596976980567,-0.53,-0.03,30.42
6.527445577085018,-0.53,-0.03,30.42
6.528925221413374,-0.53,-0.03,30.42
6.530404087156057,-0.53,-0.03,30.42
6.531876031309366,-0.53,-0.03,30.42
6.533362105488777,-0.53,-0.03,30.42
6.534838493913412,-0.53,-0.03,30.42
6.536323118954897,-0.53,-0.03,30.43
6.537805527448654,-0.53,-0.03,30.42
6.539288472384214,-0.54,-0.03,30.42
6.540752597153187,-0.53,-0.03,30.43
6.542235180735588,-0.53,-0.03,30.44
6.543723564594984,-0.53,-0.03,30.45
6.546673484146595,-0.53,-0.03,30.47
6.549636125564575,-0.53,-0.03,30.48
6.552598729729652,-0.53,-0.03,30.48
6.555562071502209,-0.53,-0.03,30.47
6.558512095361948,-0.53,-0.03,30.47
6.56147338077426,-0.53,-0.03,30.47
6.564437694847584,-0.53,-0.03,30.47
6.567390583455563,-0.53,-0.03,30.47
6.5703477412462234,-0.53,-0.03,30.47
6.573300719261169,-0.53,-0.03,30.47
6.576277177780867,-0.53,-0.03,30.47
6.579227514564991,-0.53,-0.03,30.47
6.58219113573432,-0.53,-0.03,30.47
6.585143011063337,-0.53,-0.03,30.47
6.5880976766347885,-0.53,-0.03,30.47
6.59106308221817,-0.53,-0.03,30.47
6.594015054404736,-0.54,-0.03,30.47
6.595500957220793,-0.53,-0.03,30.47
6.596984073519707,-0.54,-0.03,30.48
6.598457396030426,-0.53,-0.03,30.47
6.599934045225382,-0.53,-0.03,30.47
6.601404972374439,-0.53,-0.03,30.47
6.602902110666037,-0.53,-0.03,30.47
6.6043806709349155,-0.53,-0.03,30.48
6.605854995548725,-0.53,-0.03,30.48
6.60734011977911,-0.53,-0.03,30.48
6.60880484431982,-0.53,-0.03,30.48
6.61028228700161,-0.53,-0.03,30.48
6.611778981983662,-0.53,-0.03,30.48
6.613245837390423,-0.53,-0.03,30.48
6.614740110933781,-0.53,-0.03,30.48
6.616205871105194,-0.53,-0.03,30.48
6.6176922880113125,-0.53,-0.03,30.48
6.619163136929274,-0.53,-0.02,30.48
6.6206468641757965,-0.53,-0.03,30.48
6.6221361719071865,-0.53,-0.02,30.48
6.623598538339138,-0.53,-0.02,30.48
6.625093664973974,-0.53,-0.02,30.48
6.626563396304846,-0.53,-0.02,30.48
6.628052096813917,-0.53,-0.03,30.48
6.629518821835518,-0.53,-0.03,30.48
6.6310085989534855,-0.53,-0.03,30.48
6.632484503090382,-0.53,-0.03,30.48
6.633958026766777,-0.53,-0.03,30.48
6.6354450806975365,-0.53,-0.03,30.48
6.636922564357519,-0.53,-0.03,30.48
6.638398673385382,-0.53,-0.02,30.48
6.639880008995533,-0.53,-0.02,30.47
6.64135354757309,-0.53,-0.02,30.47
6.642838358879089,-0.53,-242.69,30.45
6.645788077265024,-0.53,-0.03,30.43
6.6487723514437675,-0.53,-0.02,30.43
6.6517260149121284,-0.53,-0.03,30.43
6.654682036489248,-0.53,-0.02,30.43
6.657636869698763,-0.53,-0.02,30.47
6.660597547888756,-0.53,-0.02,30.47
6.663553770631552,-0.53,-0.02,30.48
6.666512813419104,-0.53,-0.02,30.48
6.6694748513400555,-0.53,-0.02,30.48
6.672431383281946,-0.53,-0.02,30.48
6.675384547561407,-0.54,-0.02,30.47
6.678343698382378,-0.53,-0.02,30.47
6.68130211904645,-0.53,-0.02,30.48
6.684272900223732,-0.53,-0.02,30.48
6.6872216165065765,-0.53,-0.02,30.47
6.690179575234652,-0.53,-0.02,30.47
6.693139247596264,-0.53,-0.02,30.48
6.6960955411195755,-0.53,-0.02,30.48
6.69906048849225,-0.53,-0.02,30.47
6.7020208686590195,-0.53,-0.02,30.46
6.704982105642557,-0.53,-0.02,30.44
6.707933139055967,-0.53,-0.02,30.43
6.710884179919958,-0.53,-0.02,30.43
6.713848859071732,-0.53,-0.02,30.43
6.716800447553396,-0.53,-0.02,30.43
6.719759941101074,-0.53,-0.02,30.45
6.72271928191185,-0.53,-0.02,30.46
6.725686546415091,-0.53,-0.02,30.49
6.728639431297779,-0.53,-0.01,30.53
6.730121538043022,-0.53,-0.01,30.53
6.731592874974012,-0.53,-0.01,30.54
6.733086861670017,-0.53,-0.01,30.55
6.734553825110197,-0.53,-0.02,30.55
6.736035592854023,-0.53,-0.02,30.56
6.737512391060591,-0.53,-0.01,30.56
6.738997105509043,-0.53,-0.02,30.57
6.740477427840233,-0.53,-0.01,30.56
6.741959914565086,-0.53,-0.01,30.56
6.74492447450757,-0.53,-0.01,30.56
6.747873306274414,-0.52,-0.01,30.56
6.750845637172461,-0.53,-0.01,30.56
6.752318304032087,-0.53,-0.01,30.56
6.753792833536863,-0.53,-0.01,30.56
6.755272667855024,-0.53,-0.01,30.56
6.756757382303476,-0.53,-0.01,30.56
6.75823038816452,-0.53,-0.01,30.56
6.759719297289848,-0.53,-0.01,30.56
6.761196404695511,-0.53,-0.01,30.56
6.762676943093538,-0.53,-0.01,30.56
6.764153055846691,-0.53,-0.01,30.56
6.765620734542608,-0.53,-0.01,30.56
6.767105285078287,-0.53,-0.01,30.56
6.768592394888401,-0.53,-0.01,30.56
6.7700549736619,-0.53,-0.01,30.55
6.771850671619177,-0.53,-0.01,30.56
6.773031301796436,-0.53,-0.01,30.55
6.774505827575922,-0.53,-0.01,30.55
6.775980174541473,-0.53,-0.01,30.56
6.777462098747492,-0.53,-0.01,30.55
6.778945170342922,-0.53,-0.01,30.55
6.780418634414673,-0.53,-0.02,30.55
6.781904023140669,-0.53,-0.01,30.55
6.783374689519405,-0.53,-0.01,30.55
6.784880165010691,-0.53,-0.01,30.55
6.786336474120617,-0.53,-0.01,30.55
6.7878119722008705,-0.53,-0.01,30.55
6.78929253667593,-0.53,-0.01,30.55
6.790789313614368,-0.53,-0.01,30.55
6.792269118130207,-0.53,-0.01,30.55
6.793743651360273,-0.53,-0.01,30.55
6.795217823237181,-0.54,-0.01,30.55
6.796695053577423,-0.53,-0.01,30.55
6.798183213919401,-0.53,-0.01,30.55
6.799667418003082,-0.54,-0.01,30.55
6.801130644977093,-0.53,-0.01,30.55
6.802610207349062,-0.53,-0.01,30.55
6.804083317518234,-0.53,-0.01,30.55
6.805567812174559,-0.53,-0.01,30.55
6.8070431016385555,-0.53,-0.01,30.55
6.808530874550343,-0.53,-0.01,30.55
6.810009386390448,-0.53,-0.01,30.55
6.8114950992167,-0.53,-0.01,30.55
6.812980219721794,-0.53,-0.01,30.55
6.814442794770002,-0.53,-0.01,30.55
6.815925009548664,-0.53,-0.01,30.55
6.817400101572275,-0.53,-0.01,30.55
6.8188795782625675,-0.53,-0.01,30.55
6.8203591629862785,-0.53,-0.01,30.54
6.821848578751087,-0.53,-0.01,30.54
6.82332781329751,-0.53,-0.01,30.54
6.824807848781347,-0.53,-0.01,30.54
6.826280243694782,-0.54,-0.01,30.54
6.827765975147486,-0.53,-0.01,30.52
6.829249411821365,-0.53,-0.01,30.48
6.830728363245726,-0.53,-0.02,30.47
6.832205653190613,-0.53,-0.02,30.46
6.833681710064411,-0.53,-0.02,30.45
6.835152242332697,-0.53,-0.02,30.42
6.836638189852238,-0.53,-0.02,30.41
6.8381198681890965,-0.53,-0.02,30.41
6.839602269232273,-0.53,-0.02,30.42
6.842549413442612,-0.53,-0.02,30.43
6.845516964793205,-0.53,-0.02,30.45
6.848463200032711,-0.54,-0.02,30.46
6.851433999836445,-0.53,-0.02,30.46
6.854397721588612,-0.53,-0.02,30.46
6.857343915849924,-0.53,-0.02,30.46
6.860308770090342,-0.53,-0.02,30.46
6.863273311406374,-0.53,-0.02,30.46
6.866236165165901,-0.54,-0.02,30.46
6.869182080030441,-0.53,-0.02,30.47
6.872146166861057,-0.53,-0.02,30.46
6.87511220946908,-0.53,-0.02,30.46
6.878079384565353,-0.53,-0.02,30.46
6.88103150203824,-0.53,-0.02,30.46
6.883978642523289,-0.53,-0.02,30.46
6.8869415782392025,-0.53,-0.02,30.45
6.889902666211128,-0.53,-0.02,30.46
6.892856154590845,-0.53,-0.02,30.46
6.895807962864637,-0.53,-0.02,30.46
6.898773618042469,-0.53,-0.02,30.46
6.901740476489067,-0.53,-0.02,30.46
6.904693342745304,-0.53,-0.02,30.46
6.907635577023029,-0.53,-0.02,30.46
6.909126464277506,-0.53,-0.02,30.46
6.910608746111393,-0.53,-0.02,30.46
6.9120884872972965,-0.53,-0.02,30.45
6.913574427366257,-0.53,-0.02,30.44
6.915042970329523,-0.53,-0.02,30.42
6.916528128087521,-0.53,-0.02,30.42
6.918005649000406,-0.53,-0.02,30.41
6.919483803212643,-0.53,-0.02,30.42
6.920971300452948,-0.53,-0.02,30.42
6.922433082014322,-0.53,-0.02,30.42
6.92392472922802,-0.53,-0.02,30.42
6.925404954701662,-0.53,-0.01,30.41
6.926888283342123,-0.53,-0.02,30.41
6.928369455039501,-0.53,-0.02,30.41
6.929846178740263,-0.53,-0.01,30.42
6.931323792785406,-0.53,-0.02,30.42
6.932805720716715,-0.53,-0.02,30.42
6.9342785850167274,-0.53,-0.02,30.42
6.935772851109505,-0.53,-0.02,30.42
6.937239900231361,-0.53,-0.02,30.42
6.938710540533066,-0.53,-0.02,30.42
6.941685166209936,-0.53,-0.02,30.42
6.9446279257535934,-0.53,-0.02,30.42
6.947593841701746,-0.53,-0.02,30.42
6.950547739863396,-0.53,-0.01,30.42
6.953507129102945,-0.53,-0.01,30.43
6.956460393965244,-0.53,-0.01,30.42
6.9594351053237915,-0.53,-0.02,30.42
6.962392818182707,-0.53,-0.02,30.43
6.965337932109833,-0.53,-0.02,30.43
6.968309506773949,-0.53,-0.01,30.43
6.971268869936466,-0.53,-0.02,30.43
6.974214371293783,-0.52,-0.02,30.43
6.977181877940893,-0.53,-0.02,30.43
6.980136018246412,-0.53,-0.01,30.43
6.983103595674038,-0.53,-0.01,30.43
6.986061304807663,-0.52,-0.01,30.44
6.9890165738761425,-0.53,-0.01,30.44
6.991969112306833,-0.53,-0.01,30.44
6.993448756635189,-0.53,-0.01,30.44
6.994927674531937,-0.53,-0.01,30.44
6.996413134038448,-0.53,-0.02,30.43
6.997886925935745,-0.53,-0.02,30.43
6.999391615390778,-0.53,-0.01,30.43
7.000860523432493,-0.53,-0.01,30.43
7.002331487834454,-0.53,-0.02,30.43
7.00380265712738,-0.53,-0.02,30.43
7.005283825099468,-0.53,-0.01,30.43
7.006771311163902,-0.53,-0.01,30.43
7.008241768926382,-0.53,-0.01,30.42
7.0097301825881,-0.53,-0.01,30.42
7.0112035274505615,-0.53,-0.01,30.43
7.012686565518379,-0.53,-0.01,30.44
7.01417388767004,-0.53,-0.01,30.44
7.015653882175684,-0.53,-0.01,30.44
7.017125748097897,-0.53,-0.02,30.44
7.01861260458827,-0.53,-0.02,30.44
7.0200902335345745,-0.53,-0.01,30.46
7.021549701690674,-0.53,-0.01,30.47
7.023036692291498,-0.53,-0.01,30.48
7.0245136842131615,-0.53,-0.01,30.48
7.026185374706984,-0.53,-0.01,30.48
7.027477726340294,-0.53,-0.01,30.48
7.0289523005485535,-0.53,-0.01,30.48
7.030439235270023,-0.53,-0.01,30.47
7.031926341354847,-0.53,-0.01,30.47
7.033394660800695,-0.53,-0.01,30.45
7.034868128597736,-0.53,-0.01,30.45
7.036343716084957,-0.53,-0.01,30.46
7.037844385951757,-0.53,-0.01,30.47
7.040796242654324,-0.53,-0.01,30.47
7.04375471919775,-0.53,-0.01,30.47
7.046724360436201,-0.52,-0.01,30.47
7.049676310271025,-0.53,-0.01,30.47
7.052632987499237,-0.53,-0.01,30.47
7.055593334138393,-0.53,-0.01,30.48
7.058543350547552,-0.53,-0.01,30.47
7.0615013018250465,-0.53,-0.01,30.47
7.0644690953195095,-0.53,-0.01,30.46
7.065951216965914,-0.53,-0.01,30.45
7.0674270167946815,-0.53,-0.01,30.44
7.068898353725672,-0.53,-0.01,30.43
7.070390373468399,-0.53,-0.01,30.43
7.071864925324917,-0.53,-0.01,30.43
7.073336996138096,-0.53,-0.01,30.43
7.074811220169067,-0.53,-0.01,30.43
7.0763765797019005,-0.53,-0.01,30.43
7.077772438526154,-0.53,-0.01,30.43
7.079254515469074,-0.53,-0.01,30.43
7.080744277685881,-0.53,-0.01,30.43
7.08222471550107,-0.53,-0.01,30.45
7.083691477775574,-0.53,-0.01,30.47
7.08518074080348,-0.53,-0.01,30.48
7.08664683625102,-0.53,-0.01,30.48
7.088127821683884,-0.53,-0.01,30.48
7.0896198861300945,-0.53,-0.01,30.48
7.091091927140951,-0.52,-0.01,30.48
7.092567749321461,-0.53,-0.01,30.48
7.094052828848362,-0.52,-0.01,30.47
7.095529079437256,-0.53,-0.01,30.47
7.097005765885115,-0.53,-0.01,30.47
7.0984922014176846,-0.52,-0.01,30.48
7.099968794733286,-0.53,-0.01,30.48
7.101445686072111,-0.53,-0.01,30.48
7.1029237397015095,-0.53,-0.01,30.48
7.104400996118784,-0.53,-0.01,30.49
7.1058818362653255,-0.52,-0.01,30.51
7.10736208409071,-0.52,-0.01,30.5
7.108844347298145,-0.53,-0.01,30.48
7.110333051532507,-0.53,-0.01,30.49
7.111806660890579,-0.53,-0.01,30.49
7.113277971744537,-0.53,-0.01,30.49
7.114763002842665,-0.53,-0.01,30.49
7.116248458623886,-0.53,-0.01,30.49
7.117722503840923,-0.53,-0.01,30.49
7.1191952638328075,-0.53,-0.01,30.49
7.120682671666145,-0.53,-0.01,30.49
7.122153501957655,-0.53,-0.01,30.49
7.1236422173678875,-0.53,-0.01,30.49
7.125123910605907,-0.53,-0.01,30.49
7.1265976801514626,-0.53,-0.01,30.49
7.128071941435337,-0.53,-0.01,30.49
7.1295694001019,-0.52,-0.01,30.49
7.131023533642292,-0.52,-0.01,30.49
7.13252292945981,-0.53,-0.01,30.49
7.1339923851192,-0.53,-0.01,30.49
7.135479968041182,-0.53,-0.01,30.49
7.1384426690638065,-0.53,-0.01,30.49
7.14140023291111,-0.53,-0.01,30.49
7.144358601421118,-0.53,-0.01,30.49
7.147312834858894,-0.52,-0.0,30.49
7.150264546275139,-0.53,-0.0,30.49
7.153219852596521,-0.53,-0.0,30.49
7.156186379492283,-0.53,-0.01,30.49
7.159152083098888,-0.53,-0.01,30.49
7.162099577486515,-0.53,-0.01,30.49
7.165070176124573,-0.53,-0.0,30.49
7.168017964810133,-0.53,-0.0,30.49
7.17098031565547,-0.53,-0.01,30.49
7.173946131020784,-0.53,-0.01,30.49
7.176896795630455,-0.53,-0.01,30.49
7.17985163256526,-0.53,-0.0,30.49
7.1828175112605095,-0.53,-0.0,30.49
7.185777608305216,-0.53,-0.0,30.49
7.188726302236319,-0.53,-0.0,30.49
7.191698007285595,-0.53,-0.0,30.49
7.194661434739828,-0.53,-0.01,30.49
7.197617392987013,-0.53,-0.0,30.49
7.2005607932806015,-0.53,-0.0,30.49
7.203525248914957,-0.53,-0.01,30.49
7.206482484936714,-0.53,-0.01,30.49
7.209450896829367,-0.53,-0.0,30.49
7.212398152798414,-0.53,-0.0,30.49
7.21536510437727,-0.53,-0.0,30.49
7.2183261923491955,-0.53,-0.0,30.49
7.221276231110096,-0.53,-0.01,30.48
7.224236860871315,-0.53,-0.0,30.49
7.225718405097723,-0.53,-0.0,30.49
7.227205030620098,-0.53,-0.0,30.49
7.22873542830348,-0.52,-0.0,30.49
7.230160798877478,-0.52,-0.0,30.48
7.231632933020592,-0.52,-0.0,30.49
7.233109042048454,-0.53,-0.0,30.49
7.236066784709692,-0.53,-0.0,30.48
7.239031404256821,-0.53,-0.0,30.49
7.241990104317665,-0.53,-0.0,30.49
7.244947735220194,-0.53,-0.0,30.49
7.247916806489229,-0.53,-0.0,30.48
7.250874780118465,-0.52,-0.0,30.48
7.253828372806311,-0.53,-0.0,30.49
7.256795592606068,-0.53,-0.0,30.49
7.2582732774317265,-0.53,-0.0,30.48
7.259743668138981,-0.53,-0.0,30.48
7.26122534647584,-0.52,-0.0,30.48
7.262708581984043,-0.52,-0.0,30.48
7.264190446585417,-0.53,-0.0,30.49
7.265666354447603,-0.53,-0.0,30.48
7.267171088606119,-0.53,-0.0,30.48
7.268628250807524,-0.52,-0.0,30.49
7.270105265080929,-0.52,-0.0,30.48
7.271578662097454,-0.53,-0.0,30.48
7.2730585895478725,-0.53,-0.0,30.48
7.2745432406663895,-0.53,-0.0,30.49
7.276027489453554,-0.53,-0.0,30.49
7.277492478489876,-0.52,-0.0,30.48
7.278981853276491,-0.53,-0.0,30.48
7.280636694282293,-0.53,-0.0,30.49
7.2819331884384155,-0.53,-0.0,30.49
7.283405724912882,-0.53,-0.0,30.49
7.284891102463007,-0.53,-0.0,30.49
7.286376744508743,-0.52,-0.0,30.49
7.287851382046938,-0.52,-0.0,30.49
7.289343476295471,-0.53,-0.0,30.49
7.290819227695465,-0.53,-0.0,30.49
7.292304310947657,-0.53,-0.0,30.48
7.29377181455493,-0.53,-0.0,30.48
7.295254975557327,-0.53,-0.0,30.48
7.2967287711799145,-0.53,-0.0,30.49
7.298218838870525,-0.53,-0.0,30.49
7.299683511257172,-0.53,-0.0,30.48
7.301173210144043,-0.53,-0.0,30.49
7.302642937749624,-0.52,-0.0,30.48
7.304128833115101,-0.53,-0.0,30.48
7.305606469511986,-0.53,-0.0,30.48
7.307102087885141,-0.53,-0.0,30.49
7.3085732869803905,-0.52,-0.0,30.48
7.310034740716219,-0.53,-0.0,30.48
7.31153916195035,-0.53,-0.0,30.49
7.312998332083225,-0.53,-0.0,30.48
7.314483352005482,-0.53,-0.0,30.48
7.315955523401499,-0.53,-0.0,30.48
7.317452061921358,-0.53,-0.0,30.48
7.318930685520172,-0.53,-0.0,30.48
7.320398464798927,-0.53,-0.0,30.48
7.321866024285555,-0.53,-0.0,30.48
7.323364321142435,-0.53,-0.0,30.48
7.324842732399702,-0.53,-0.0,30.48
7.326314728707075,-0.53,-0.0,30.48
7.327799908816814,-0.52,-0.0,30.48
7.329277977347374,-0.52,-0.0,30.48
7.330744586884975,-0.53,-0.0,30.47
7.332235716283321,-0.53,-0.0,30.48
7.333727929741144,-0.53,-0.0,30.48
7.336676046252251,-0.53,-0.0,30.48
7.3396291472017765,-0.53,-0.0,30.48
7.342595592141151,-0.53,-0.0,30.47
7.345547262579203,-0.53,-0.0,30.47
7.348504941910505,-0.53,-0.0,30.48
7.351460970938206,-0.53,-0.0,30.47
7.354414030909538,-0.53,-0.0,30.47
7.3573850728571415,-0.53,-0.0,30.47
7.36033846065402,-0.53,-0.0,30.47
7.363290712237358,-0.53,-0.0,30.47
7.366253849118948,-0.53,-0.0,30.48
7.3692117892205715,-0.53,-0.0,30.47
7.372175361961126,-0.53,0.0,30.48
7.375124476850033,-0.53,0.0,30.47
7.378087725490332,-0.53,0.0,30.48
7.38104447722435,-0.53,0.0,30.47
7.38252380490303,-0.53,0.0,30.47
7.384000577032566,-0.52,-0.0,30.47
7.385480735450983,-0.52,0.0,30.48
7.3869718760252,-0.53,0.0,30.47
7.388497516512871,-0.53,-0.0,30.47
7.389922305941582,-0.53,-0.0,30.47
7.391403757035732,-0.53,-0.0,30.47
7.392882402986288,-0.53,0.0,30.47
7.394365008920431,-0.53,0.0,30.47
7.395842682570219,-0.52,0.0,30.47
7.397318847477436,-0.53,0.0,30.47
7.3988070003688335,-0.53,0.0,30.47
7.40028103813529,-0.53,0.0,30.47
7.401750024408102,-0.53,0.0,30.47
7.403244063258171,-0.52,0.0,30.48
7.404711239039898,-0.53,0.0,30.47
7.406203478574753,-0.53,0.0,30.47
7.407675478607416,-0.52,0.0,30.47
7.409148816019297,-0.53,0.0,30.47
7.410636246204376,-0.53,0.0,30.48
7.412115514278412,-0.53,0.0,30.47
7.413595490157604,-0.53,0.0,30.47
7.415082599967718,-0.53,0.0,30.47
7.416561730206013,-0.53,0.0,30.47
7.418034326285124,-0.53,-0.0,30.47
7.419506944715977,-0.52,0.0,30.47
7.420999173074961,-0.53,0.0,30.47
7.422479495406151,-0.53,0.0,30.47
7.4239497147500515,-0.53,0.0,30.47
7.425441466271877,-0.53,0.0,30.47
7.426905088126659,-0.53,0.0,30.47
7.4283963814377785,-0.52,0.0,30.47
7.429859917610884,-0.53,0.0,30.47
7.4314088970422745,-0.53,0.0,30.47
7.434303354471922,-0.53,0.0,30.47
7.4372710436582565,-0.53,0.0,30.47
7.440221857279539,-0.53,0.0,30.47
7.4431791715323925,-0.53,0.0,30.47
7.446135226637125,-0.52,0.0,30.47
7.449103459715843,-0.53,0.0,30.47
7.452066902071238,-0.53,0.0,30.47
7.455017231404781,-0.53,0.0,30.47
7.457977090030909,-0.53,0.0,30.47
7.460932187736034,-0.53,0.0,30.47
7.463890623301268,-0.53,0.0,30.47
7.4668553955852985,-0.52,0.0,30.47
7.4698204174637794,-0.53,0.0,30.47
7.472777221351862,-0.53,0.0,30.47
7.4757304936647415,-0.53,0.0,30.47
7.478687085211277,-0.52,0.0,30.46
7.481653895229101,-0.52,0.0,30.47
7.484608385711908,-0.53,0.0,30.47
7.487555667757988,-0.52,0.0,30.47
7.490523487329483,-0.53,0.0,30.47
7.4934768453240395,-0.53,0.0,30.47
7.49643773958087,-0.52,0.0,30.47
7.499384563416243,-0.53,0.0,30.47
7.502361431717873,-0.53,0.0,30.47
7.505325328558683,-0.52,0.0,30.47
7.5082718431949615,-0.52,0.0,30.46
7.51122784242034,-0.53,0.0,30.47
7.514191165566444,-0.53,0.0,30.47
7.517151482403278,-0.52,0.0,30.47
7.5201095677912235,-0.53,0.0,30.47
7.521602552384138,-0.53,0.0,30.47
7.5230643302202225,-0.53,0.0,30.47
7.524557366967201,-0.53,0.0,30.47
7.526028640568256,-0.53,0.0,30.47
7.527504857629538,-0.53,0.0,30.47
7.528982229530811,-0.53,0.0,30.47
7.530465234071016,-0.52,0.0,30.47
7.531936179846525,-0.53,0.0,30.47
7.534901514649391,-0.52,0.0,30.47
7.5378684513270855,-0.53,0.0,30.47
7.539350658655167,-0.53,0.0,30.47
7.540820226073265,-0.53,0.0,30.47
7.542297657579184,-0.53,0.0,30.47
7.543788645416498,-0.52,0.0,30.47
7.5452668108046055,-0.53,0.0,30.47
7.546735912561417,-0.53,0.0,30.47
7.548612624406815,-0.53,0.0,30.47
7.549712657928467,-0.53,0.0,30.47
7.551179405301809,-0.52,0.0,30.47
7.5526590049266815,-0.52,0.0,30.46
7.554134611040354,-0.53,0.0,30.46
7.555624634027481,-0.53,0.01,30.47
7.557084735482931,-0.53,0.0,30.47
7.558568552136421,-0.53,0.0,30.47
7.5600450076162815,-0.53,0.0,30.47
7.561532784253359,-0.53,0.0,30.47
7.563022028654814,-0.53,0.0,30.47
7.564488485455513,-0.52,0.0,30.47
7.56596253067255,-0.52,0.0,30.47
7.567445445805788,-0.52,0.0,30.47
7.568944454193115,-0.53,0.0,30.47
7.570398718118668,-0.53,0.0,30.47
7.571895249187946,-0.53,0.0,30.47
7.5733732879161835,-0.53,0.0,30.47
7.574843592941761,-0.53,0.0,30.47
7.576318718492985,-0.53,0.0,30.47
7.577801983803511,-0.53,0.0,30.47
7.579296939074993,-0.52,0.0,30.47
7.580764092504978,-0.52,0.0,30.47
7.582243662327528,-0.52,0.0,30.47
7.583726856857538,-0.52,-0.0,30.47
7.585196699947119,-0.52,0.0,30.47
7.586687803268433,-0.52,0.0,30.47
7.588257670402527,-0.52,0.0,30.47
7.5896348133683205,-0.53,0.0,30.47
7.591122064739466,-0.53,0.0,30.47
7.592593975365162,-0.53,0.0,30.47
7.594078786671162,-0.53,0.0,30.47
7.5955495946109295,-0.53,0.0,30.46
7.597030863165855,-0.53,0.01,30.47
7.598512444645166,-0.53,0.0,30.46
7.599991358816624,-0.53,0.0,30.47
7.601463168859482,-0.53,0.0,30.47
7.602961577475071,-0.53,0.0,30.47
7.60444026067853,-0.53,0.0,30.47
7.605918541550636,-0.53,0.0,30.46
7.607390511780977,-0.53,0.0,30.47
7.608886566013098,-0.53,0.0,30.47
7.610349450260401,-0.53,0.0,30.47
7.611837457865477,-0.52,0.0,30.47
7.613309513777494,-0.53,0.0,30.46
7.614787042140961,-0.53,0.0,30.47
7.616266738623381,-0.53,0.0,30.47
7.617746166884899,-0.53,0.0,30.47
7.619232144206762,-0.53,0.0,30.46
7.620693862438202,-0.53,0.0,30.47
7.622181832790375,-0.53,0.0,30.47
7.623661991208792,-0.53,0.0,30.47
7.625138852745295,-0.53,0.0,30.47
7.626622322946787,-0.53,0.0,30.47
7.628094304352999,-0.53,0.0,30.47
7.629593625664711,-0.53,0.0,30.47
7.632550850510597,-0.52,0.0,30.47
7.63549830019474,-0.52,0.0,30.46
7.638464614748955,-0.53,0.0,30.47
7.641412444412708,-0.53,0.0,30.46
7.644379511475563,-0.53,0.0,30.47
7.647343631833792,-0.53,0.0,30.46
7.650296065956354,-0.53,0.0,30.47
7.653259463608265,-0.53,0.0,30.47
7.65621530637145,-0.53,0.0,30.46
7.659168817102909,-0.53,0.0,30.47
7.662133391946554,-0.53,0.0,30.47
7.665099408477545,-0.52,0.0,30.47
7.6680521331727505,-0.53,0.0,30.47
7.671016491949558,-0.53,0.0,30.47
7.673971030861139,-0.53,0.01,30.47
7.676938164979219,-0.53,0.0,30.47
7.679888136684895,-0.53,0.0,30.47
7.682839725166559,-0.53,0.0,30.47
7.685797560960054,-0.53,0.0,30.46
7.6887636706233025,-0.52,0.0,30.47
7.6917046420276165,-0.53,0.0,30.46
7.694685574620962,-0.52,0.01,30.46
7.6976339146494865,-0.52,0.0,30.46
7.699117697775364,-0.53,0.0,30.46
7.700602523982525,-0.53,0.0,30.46
7.702071595937014,-0.53,0.01,30.46
7.703550610691309,-0.52,0.01,30.46
7.705034837126732,-0.53,0.0,30.46
7.706501808017492,-0.53,0.0,30.46
7.707978889346123,-0.53,0.0,30.46
7.709463715553284,-0.53,0.0,30.47
7.710954785346985,-0.53,0.01,30.46
7.712422661483288,-0.53,0.01,30.46
7.713906649500132,-0.53,0.0,30.46
7.715379178524017,-0.53,0.01,30.46
7.716872785240412,-0.53,0.01,30.46
7.7183388359844685,-0.53,0.01,30.46
7.719831679016352,-0.53,0.0,30.46
7.721298847347498,-0.53,0.01,30.46
7.722790703177452,-0.53,0.01,30.46
7.724276147782803,-0.53,0.01,30.46
7.725743148475885,-0.53,0.01,30.46
7.727213200181723,-0.52,0.0,30.46
7.728710684925318,-0.53,0.0,30.46
7.731667090207338,-0.53,0.01,30.46
7.734630029648542,-0.53,0.0,30.46
7.737569913268089,-0.52,0.01,30.46
7.740533288568258,-0.53,0.01,30.46
7.743503805249929,-0.53,0.01,30.46
7.746455140411854,-0.53,0.01,30.46
7.749420426785946,-0.53,0.0,30.46
7.752374991774559,-0.53,0.01,30.46
7.755331080406904,-0.53,0.01,30.46
7.758290089666843,-0.53,0.01,30.46
7.761238720268011,-0.53,0.01,30.46
7.764202639460564,-0.53,0.01,30.46
7.7671669609844685,-0.53,0.01,30.46
7.770112853497267,-0.52,0.01,30.46
7.773069627583027,-0.52,0.01,30.46
7.77603929117322,-0.52,0.01,30.46
7.7789881974458694,-0.53,0.01,30.46
7.781944636255503,-0.52,0.01,30.46
7.78491635248065,-0.52,0.01,30.46
7.7863921746611595,-0.52,0.01,30.46
7.787871818989515,-0.52,0.01,30.46
7.789342783391476,-0.53,0.01,30.46
7.790838908404112,-0.53,0.01,30.46
7.792301341891289,-0.53,0.01,30.46
7.793790023773909,-0.53,0.01,30.46
7.795384436845779,-0.53,0.01,30.46
7.796743001788855,-0.52,0.01,30.46
7.798230439424515,-0.53,0.01,30.46
7.799715533852577,-0.53,0.01,30.46
7.801187213510275,-0.53,0.01,30.46
7.80266947299242,-0.52,0.01,30.45
7.804150592535734,-0.52,0.01,30.46
7.805625643581152,-0.52,0.01,30.46
7.8071188144385815,-0.53,0.01,30.45
7.808583922684193,-0.52,0.01,30.46
7.810054402798414,-0.53,0.01,30.46
7.811541423201561,-0.53,0.01,30.46
7.813022136688232,-0.52,0.01,30.46
7.814515434205532,-0.52,0.01,30.45
7.815981477499008,-0.52,0.01,30.45
7.817458014935255,-0.53,0.01,30.45
7.818954713642597,-0.52,0.01,30.46
7.820419859141111,-0.52,0.01,30.46
7.8218992576003075,-0.52,0.01,30.46
7.823361728340387,-0.53,0.01,30.45
7.824849966913462,-0.52,0.01,30.45
7.826328981667757,-0.52,0.01,30.45
7.827822253108025,-0.52,0.01,30.46
7.830774903297424,-0.52,0.01,30.45
7.833743263036013,-0.53,0.01,30.45
7.836910925805569,-0.52,0.01,30.45
7.839642144739628,-0.53,0.01,30.45
7.842606883496046,-0.52,0.01,30.45
7.845560993999243,-0.52,0.01,30.45
7.8485258258879185,-0.52,0.01,30.45
7.8514836728572845,-0.53,0.01,30.45
7.854436155408621,-0.53,0.01,30.46
7.855925295501947,-0.53,0.01,30.45
7.857396852225065,-0.53,0.01,30.45
7.858879078179598,-0.53,0.01,30.45
7.860367130488157,-0.53,0.01,30.45
7.861845325678587,-0.52,0.01,30.45
7.863319765776396,-0.53,0.01,30.45
7.864794544875622,-0.53,0.01,30.45
7.866273194551468,-0.53,0.01,30.45
7.867765940725803,-0.53,0.01,30.45
7.869244925677776,-0.53,0.01,30.45
7.8707145899534225,-0.53,0.01,30.45
7.872201066464186,-0.53,0.01,30.45
7.87367395684123,-0.52,0.01,30.45
7.875160723924637,-0.52,0.01,30.45
7.876629218459129,-0.53,0.01,30.45
7.878117926418781,-0.53,0.01,30.45
7.879593309015036,-0.53,0.01,30.45
7.8810826651751995,-0.53,0.01,30.45
7.882558822631836,-0.52,0.01,30.45
7.884370904415846,-0.52,0.01,30.45
7.885506853461266,-0.53,0.01,30.45
7.886996027082205,-0.52,0.01,30.45
7.888470534235239,-0.52,0.01,30.45
7.889940787106752,-0.52,0.01,30.45
7.891433034092188,-0.53,0.01,30.45
7.8929044008255005,-0.52,0.01,30.45
7.894397981464863,-0.53,0.01,30.45
7.895858135074377,-0.52,0.01,30.45
7.897343274205923,-0.52,0.01,30.45
7.898815304040909,-0.52,0.01,30.45
7.900300987064838,-0.52,0.01,30.45
7.901785112917423,-0.53,0.01,30.45
7.90326577052474,-0.53,0.01,30.45
7.904733952134848,-0.52,0.01,30.45
7.906211342662573,-0.53,0.01,30.45
7.907693959772587,-0.53,0.01,30.45
7.909182276576757,-0.53,0.01,30.45
7.910654377192259,-0.52,0.01,30.45
7.912138227373362,-0.52,0.01,30.45
7.913620248436928,-0.52,0.01,30.45
7.9151045717298985,-0.53,0.01,30.45
7.91656943410635,-0.53,0.01,30.45
7.918062523007393,-0.53,0.01,30.45
7.919537663459778,-0.53,0.01,30.45
7.921019114553928,-0.53,0.01,30.45
7.922495909035206,-0.53,0.01,30.45
7.924090698361397,-0.52,0.01,30.45
7.925453640520573,-0.52,0.01,30.45
7.926933482289314,-0.52,0.01,30.45
7.92990355566144,-0.53,0.01,30.45
7.932840794324875,-0.52,0.01,30.45
7.935813348740339,-0.53,0.02,30.45
7.93876176699996,-0.52,0.01,30.45
7.9417166672647,-0.52,0.01,30.45
7.944674659520388,-0.52,0.01,30.45
7.947651367634535,-0.52,0.01,30.45
7.950602576136589,-0.52,0.01,30.45
7.9535654745996,-0.52,0.01,30.45
7.956519111990929,-0.52,0.01,30.45
7.959484502673149,-0.52,0.01,30.45
7.96243092417717,-0.53,0.01,30.45
7.965408358722925,-0.52,0.01,30.45
7.968369752168655,-0.52,0.01,30.45
7.971308209002018,-0.52,0.01,30.45
7.974271304905415,-0.52,0.01,30.45
7.9772305600345135,-0.52,0.01,30.45
7.980193220078945,-0.53,0.01,30.45
7.983160614967346,-0.53,0.01,30.45
7.98609708622098,-0.52,0.01,30.45
7.989064443856478,-0.52,0.01,30.45
7.992014795541763,-0.52,0.01,30.45
7.994977977126837,-0.52,0.01,30.45
7.997937973588705,-0.53,0.01,30.45
8.000908508896828,-0.53,0.01,30.45
8.003850046545267,-0.53,0.01,30.45
8.006807625293732,-0.52,0.01,30.45
8.009775757789612,-0.52,0.01,30.45
8.01274174824357,-0.53,0.02,30.45
8.014225210994482,-0.52,0.01,30.45
8.015694972127676,-0.52,0.01,30.45
8.017179757356644,-0.52,0.02,30.45
8.0186547935009,-0.52,0.01,30.45
8.02012812718749,-0.52,0.01,30.45
8.021605402231216,-0.52,0.01,30.45
8.023093700408936,-0.53,0.01,30.45
8.024566859006882,-0.53,0.02,30.45
8.027550674974918,-0.53,0.01,30.45
8.030486356467009,-0.53,0.01,30.45
8.033445470035076,-0.53,0.01,30.45
8.036410924047232,-0.52,0.01,30.45
8.039354413747787,-0.52,0.02,30.45
8.04232333227992,-0.52,0.01,30.45
8.045282814651728,-0.53,0.02,30.45
8.048231817781925,-0.52,0.02,30.45
8.049716509878635,-0.52,0.01,30.45
8.051202796399593,-0.52,0.02,30.45
8.052661374211311,-0.52,0.02,30.45
8.054165467619896,-0.53,0.02,30.45
8.05563935637474,-0.53,0.02,30.45
8.057122576981783,-0.53,0.01,30.45
8.058588311076164,-0.52,0.01,30.45
8.060073226690292,-0.52,0.01,30.45
8.061544012278318,-0.53,0.02,30.45
8.063032153993845,-0.52,0.02,30.45
8.064523831009865,-0.52,0.01,30.45
8.065994121134281,-0.52,0.01,30.45
8.067462883889675,-0.52,0.01,30.45
8.068941067904234,-0.52,0.01,30.45
8.07042095437646,-0.52,0.01,30.45
8.071912910789251,-0.53,0.02,30.45
8.07339084893465,-0.52,0.02,30.45
8.074868060648441,-0.53,0.02,30.45
8.076342567801476,-0.52,0.01,30.45
8.077828634530306,-0.53,0.01,30.45
8.07929715886712,-0.53,0.01,30.45
8.080782558768988,-0.52,0.01,30.45
8.082264393568039,-0.53,0.01,30.45
8.083739873021841,-0.53,0.01,30.45
8.085226595401764,-0.52,0.01,30.45
8.086700104176998,-0.52,0.02,30.45
8.088182751089334,-0.52,0.02,30.45
8.089664917439222,-0.52,0.01,30.45
8.091138925403357,-0.52,0.01,30.45
8.092616997659206,-0.52,0.01,30.45
8.094090651720762,-0.52,0.01,30.45
8.095573473721743,-0.53,0.01,30.45
8.097060680389404,-0.53,0.01,30.45
8.098542258143425,-0.52,0.01,30.45
8.100015174597502,-0.52,0.01,30.45
8.101504758000374,-0.52,0.01,30.45
8.1029741615057,-0.52,0.01,30.45
8.10445175692439,-0.52,0.01,30.45
8.105929836630821,-0.53,0.01,30.45
8.107406124472618,-0.53,0.01,30.45
8.108885504305363,-0.52,0.01,30.45
8.110362738370895,-0.52,0.01,30.45
8.111844778060913,-0.52,0.01,30.45
8.113331258296967,-0.52,0.01,30.45
8.114808656275272,-0.52,0.01,30.45
8.116285484284163,-0.52,0.01,30.45
8.11776328831911,-0.52,0.01,30.45
8.119250990450382,-0.52,0.01,30.45
8.120722901076078,-0.52,0.01,30.45
8.122198611497879,-0.52,0.01,30.45
8.12368030846119,-0.52,0.01,30.45
8.12517113238573,-0.52,0.01,30.45
8.128132224082947,-0.52,0.01,30.45
8.13108441233635,-0.53,0.01,30.45
8.134035971015692,-0.52,0.01,30.45
8.13699297979474,-0.52,0.01,30.45
8.139957796782255,-0.52,0.01,30.45
8.142926558852196,-0.53,0.01,30.45
8.145878802984953,-0.53,0.01,30.45
8.148823581635952,-0.53,0.01,30.45
8.151793994009495,-0.52,0.01,30.45
8.154743403196335,-0.52,0.01,30.45
8.157710317522287,-0.52,0.01,30.45
8.160663977265358,-0.52,0.01,30.45
8.163620091974735,-0.52,0.01,30.45
8.166672203689814,-0.52,0.01,30.45
8.169541381299496,-0.52,0.01,30.45
8.172514572739601,-0.53,0.01,30.45
8.173974968492985,-0.52,0.01,30.45
8.175460360944271,-0.52,0.01,30.45
8.177140150219202,-0.53,0.01,30.45
8.178413443267345,-0.52,0.01,30.45
8.179899714887142,-0.52,0.01,30.45
8.181390825659037,-0.52,0.01,30.45
8.182857166975737,-0.52,0.01,30.45
8.184336744248867,-0.52,0.01,30.45
8.18581648170948,-0.52,0.01,30.45
8.187301889061928,-0.52,0.01,30.45
8.188770718872547,-0.52,0.01,30.45
8.190264530479908,-0.52,0.01,30.45
8.19174387305975,-0.52,0.01,30.45
8.193209808319807,-0.52,0.01,30.45
8.194688700139523,-0.52,0.01,30.45
8.196173824369907,-0.52,0.01,30.45
8.197647668421268,-0.52,0.02,30.45
8.199126027524471,-0.52,0.02,30.45
8.200610026717186,-0.53,0.01,30.45
8.202099945396185,-0.52,0.01,30.45
8.203573189675808,-0.52,0.01,30.45
8.20505017414689,-0.52,0.01,30.45
8.206533420830965,-0.52,0.01,30.45
8.208012193441391,-0.52,0.01,30.45
8.209483072161674,-0.52,0.01,30.45
8.210971623659134,-0.52,0.01,30.45
8.212453369051218,-0.52,0.01,30.45
8.213916905224323,-0.52,0.01,30.45
8.21540305390954,-0.52,0.01,30.45
8.216877792030573,-0.52,0.01,30.45
8.218424886465073,-0.52,0.01,30.45
8.219839230179787,-0.52,0.01,30.45
8.221309714019299,-0.52,0.01,30.45
8.222807873040438,-0.52,0.01,30.45
8.225753482431173,-0.52,0.01,30.45
8.228724531829357,-0.52,0.02,30.45
8.231674324721098,-0.52,0.01,30.45
8.234644401818514,-0.52,0.01,30.45
8.23759238421917,-0.53,0.02,30.45
8.240539249032736,-0.52,0.01,30.45
8.243502762168646,-0.52,0.01,30.45
8.246467854827642,-0.52,0.02,30.45
8.249424394220114,-0.52,0.02,30.45
8.252386327832937,-0.52,0.02,30.45
8.255349013954401,-0.52,0.01,30.45
8.258312687277794,-0.52,0.02,30.45
8.261259473860264,-0.52,0.02,30.45
8.264216121286154,-0.53,0.02,30.45
8.267190221697092,-0.53,0.02,30.45
8.27013647928834,-0.52,0.01,30.45
8.27311185747385,-0.52,0.02,30.45
8.27606925368309,-0.53,0.02,30.45
8.279017649590969,-0.52,0.02,30.45
8.28197317570448,-0.52,0.02,30.45
8.284941729158163,-0.52,0.02,30.45
8.287888418883085,-0.52,0.01,30.45
8.290855217725039,-0.52,0.02,30.45
8.293804619461298,-0.52,0.02,30.45
8.296769693493843,-0.52,0.02,30.45
8.29972916468978,-0.52,0.02,30.45
8.302672069519758,-0.52,0.02,30.45
8.305643659085035,-0.52,0.02,30.45
8.30859450250864,-0.52,0.02,30.45
8.311566032469273,-0.52,0.02,30.45
8.313033327460289,-0.52,0.02,30.45
8.314523935317993,-0.52,0.02,30.45
8.315994177013636,-0.52,0.02,30.45
8.317484475672245,-0.52,0.02,30.45
8.318949226289988,-0.52,0.02,30.45
8.320435270667076,-0.52,0.02,30.45
8.321913603693247,-0.52,0.02,30.45
8.324878085404634,-0.52,0.02,30.45
8.32783393934369,-0.52,0.02,30.45
8.330852873623371,-0.52,0.02,30.45
8.332272313535213,-0.52,0.02,30.45
8.333745036274195,-0.52,0.02,30.45
8.335243366658688,-0.52,0.02,30.45
8.336705509573221,-0.52,0.02,30.45
8.338180344551802,-0.52,0.02,30.45
8.339661598205566,-0.53,0.02,30.45
8.341147761791945,-0.53,0.02,30.45
8.342631228268147,-0.52,0.02,30.45
8.344107896089554,-0.52,0.02,30.45
8.345590569078922,-0.52,0.02,30.45
8.347058363258839,-0.52,0.02,30.45
8.348534528166056,-0.52,0.02,30.45
8.350020460784435,-0.52,0.02,30.45
8.3515090867877,-0.52,0.02,30.45
8.352985490113497,-0.52,0.02,30.45
8.354453094303608,-0.52,0.02,30.45
8.35592994093895,-0.52,0.02,30.45
8.357415214180946,-0.53,0.02,30.45
8.358891937881708,-0.52,0.02,30.45
8.360371943563223,-0.52,0.02,30.45
8.361868485808372,-0.52,0.02,30.45
8.363336745649576,-0.53,0.02,30.45
8.364822313189507,-0.53,0.02,30.45
8.366294488310814,-0.52,0.02,30.45
8.36776977777481,-0.52,0.02,30.45
8.369248889386654,-0.52,0.02,30.45
8.370772756636143,-0.52,0.02,30.45
8.37220661714673,-0.52,0.02,30.45
8.37369529902935,-0.53,0.02,30.45
8.375171076506376,-0.52,0.02,30.45
8.376641169190407,-0.52,0.02,30.45
8.37812788784504,-0.53,0.02,30.45
8.37961695715785,-0.53,0.02,30.45
8.381091993302107,-0.52,0.02,30.45
8.382569469511509,-0.52,0.02,30.45
8.384048454463482,-0.52,0.02,30.45
8.385529555380344,-0.52,0.02,30.45
8.387011148035526,-0.52,0.02,30.45
8.388470236212015,-0.52,0.02,30.45
8.389956206083298,-0.52,0.02,30.45
8.391437083482742,-0.53,0.02,30.45
8.392926190048456,-0.53,0.02,30.45
8.39440380781889,-0.52,0.02,30.45
8.395882122218609,-0.52,0.02,30.45
8.39736057445407,-0.52,0.02,30.45
8.398830693215132,-0.52,0.02,30.45
8.400331746786833,-0.52,0.02,30.45
8.401784662157297,-0.52,0.02,30.45
8.403283633291721,-0.52,0.02,30.45
8.404754888266325,-0.53,0.02,30.45
8.406341396272182,-0.52,0.02,30.45
8.407708466053009,-0.52,0.02,30.45
8.409200713038445,-0.52,0.02,30.45
8.410680331289768,-0.52,0.02,30.45
8.412155471742153,-0.52,0.02,30.45
8.413631949573755,-0.52,0.02,30.45
8.415117029100657,-0.52,0.02,30.45
8.41658578440547,-0.52,0.02,30.46
8.418068625032902,-0.52,0.02,30.45
8.419552743434906,-0.52,0.02,30.45
8.421034567058086,-0.52,0.02,30.45
8.423993535339832,-0.52,0.02,30.45
8.426938630640507,-0.53,0.02,30.45
8.429906826466322,-0.52,0.02,30.45
8.432857945561409,-0.52,0.02,30.45
8.435831218957901,-0.52,0.02,30.45
8.438782282173634,-0.52,0.02,30.45
8.4417370185256,-0.52,0.02,30.45
8.444712806493044,-0.52,0.02,30.45
8.447651959955692,-0.52,0.02,30.45
8.450636230409145,-0.52,0.02,30.45
8.453573118895292,-0.52,0.02,30.45
8.456537138670683,-0.52,0.02,30.45
8.459494266659021,-0.52,0.02,30.45
8.46245252341032,-0.52,0.02,30.45
8.465403411537409,-0.52,0.02,30.45
8.46836818754673,-0.53,0.02,30.45
8.471338253468275,-0.52,0.02,30.45
8.474287297576666,-0.52,0.02,30.45
8.47725098580122,-0.52,0.02,30.45
8.480207446962595,-0.52,0.02,30.45
8.483171716332436,-0.52,0.02,30.45
8.486132688820362,-0.52,0.02,30.45
8.487618170678616,-0.52,0.02,-412.7
8.489085488021374,-0.52,0.02,30.45
8.490560043603182,-0.52,0.02,30.45
8.492036525160074,-0.52,0.02,30.45
8.493524018675089,-0.52,0.02,30.45
8.494992934167385,-0.52,0.02,30.45
8.496473722159863,-0.52,0.02,30.45
8.497949957847595,-0.52,0.02,30.45
8.499431163072586,-0.52,0.02,30.45
8.50091614946723,-0.52,0.02,30.45
8.502386201173067,-0.52,0.02,30.45
8.503864705562592,-0.52,0.02,30.45
8.505350541323423,-0.52,0.02,30.45
8.506839144974947,-0.52,0.02,30.45
8.508303344249725,-0.52,0.02,30.45
8.509977892041206,-0.52,0.02,30.45
8.511272549629211,-0.52,0.02,30.45
8.512740015983582,-0.52,0.02,30.45
8.51423542574048,-0.52,0.02,30.45
8.515705235302448,-0.52,0.02,30.45
8.51719206944108,-0.52,0.02,30.45
8.518681690096855,-0.52,0.02,30.45
8.52162665501237,-0.52,0.02,30.45
8.524588432163,-0.52,0.02,30.45
8.527546741068363,-0.52,0.02,30.45
8.530506856739521,-0.52,0.02,30.45
8.533451478928328,-0.52,0.02,30.45
8.536415223032236,-0.52,0.02,30.45
8.53936479613185,-0.52,0.02,30.45
8.542332299053669,-0.53,0.02,30.45
8.545293912291527,-0.52,0.02,30.45
8.548248033970594,-0.52,0.02,30.45
8.551213923841715,-0.52,0.02,30.45
8.554215993732214,-0.52,0.02,30.45
8.557129193097353,-0.52,0.02,30.45
8.560072645545006,-0.52,0.02,30.45
8.563047803938389,-0.52,0.02,30.45
8.566004887223244,-0.53,0.02,30.45
8.56895799934864,-0.52,0.02,30.45
8.57191738113761,-0.52,0.02,30.45
8.576352760195732,-0.52,0.02,30.45
8.57784179225564,-0.53,0.03,30.45
8.57931162044406,-0.53,0.03,30.45
8.580792274326086,-0.52,0.03,30.45
8.582279048860073,-0.52,0.03,30.45
8.583757851272821,-0.52,0.03,30.45
8.585237953811884,-0.52,0.03,30.45
8.586726929992437,-0.52,0.02,30.45
8.58819342404604,-0.52,0.03,30.45
8.589670311659575,-0.52,0.03,30.45
8.591147158294916,-0.52,0.03,30.45
8.592622723430395,-0.52,0.02,30.45
8.594122849404812,-0.52,0.02,30.45
8.595595721155405,-0.52,0.03,30.45
8.597066335380077,-0.52,0.03,30.45
8.598551094532013,-0.52,0.03,30.45
8.600040674209595,-0.52,0.03,30.45
8.601552434265614,-0.52,0.03,30.45
8.60297778993845,-0.52,0.03,30.45
8.604455143213272,-0.52,0.03,30.45
8.605954106897116,-0.52,0.03,30.45
8.607420917600393,-0.52,0.03,30.45
8.608899716287851,-0.52,0.03,30.45
8.61038849875331,-0.52,0.03,30.45
8.611856371164322,-0.52,0.03,30.45
8.613342463970184,-0.52,0.02,30.45
8.61481923237443,-0.52,0.02,30.45
8.616291381418705,-0.52,0.02,30.45
8.617778301239014,-0.53,0.03,30.45
8.620737489312887,-0.52,0.03,30.45
8.623706366866827,-0.52,0.03,30.45
8.626663770526648,-0.53,0.02,30.45
8.629614006727934,-0.52,0.02,30.45
8.63258134201169,-0.52,0.03,30.45
8.63553873449564,-0.52,0.03,30.45
8.63848627731204,-0.52,0.02,30.45
8.641446262598038,-0.52,0.03,30.45
8.644413188099861,-0.52,0.03,30.45
8.645899720489979,-0.52,0.03,30.45
8.647372055798769,-0.52,0.03,30.45
8.64884902536869,-0.52,0.03,30.45
8.65032834559679,-0.52,0.03,30.45
8.651807937771082,-0.52,0.03,30.45
8.653290897607803,-0.52,0.03,30.45
8.65477005392313,-0.52,0.03,30.45
8.65623925998807,-0.52,0.03,30.45
8.657721150666475,-0.52,0.03,30.45
8.65920577198267,-0.52,0.03,30.45
8.66068722307682,-0.52,0.03,30.45
8.662166807800531,-0.52,0.03,30.45
8.663642566651106,-0.52,0.03,30.45
8.665119901299477,-0.52,0.03,30.45
8.666598327457905,-0.52,0.02,30.45
8.668072294443846,-0.52,0.03,30.45
8.669556681066751,-0.52,0.03,30.45
8.671029139310122,-0.52,0.03,30.45
8.67252330482006,-0.52,0.03,30.45
8.673988591879606,-0.52,0.03,30.45
8.67548954859376,-0.52,0.03,30.45
8.676953166723251,-0.52,0.03,30.45
8.678422216325998,-0.52,0.03,30.45
8.679918002337217,-0.52,0.03,30.45
8.681387770920992,-0.52,0.03,30.45
8.6828603297472,-0.52,0.03,30.45
8.684344258159399,-0.52,0.03,30.45
8.685828976333141,-0.52,0.03,30.45
8.687298860400915,-0.52,0.03,30.45
8.688785523176193,-0.52,0.03,30.45
8.690406873822212,-0.52,0.03,30.45
8.691746708005667,-0.52,0.03,30.45
8.693225257098675,-0.52,0.03,30.45
8.694708857685328,-0.52,0.03,30.45
8.696174278855324,-0.52,0.03,30.45
8.697656270116568,-0.52,0.03,30.45
8.69914248585701,-0.52,0.03,30.45
8.700625713914633,-0.52,0.03,30.45
8.702098824083805,-0.52,0.03,30.45
8.703581541776657,-0.52,0.03,30.45
8.705051373690367,-0.52,0.03,30.45
8.706533268094063,-0.52,0.03,30.45
8.70803016424179,-0.52,0.03,30.45
8.7094960026443,-0.52,0.03,30.45
8.710980240255594,-0.52,0.03,30.45
8.712455533444881,-0.52,0.03,30.45
8.713928993791342,-0.52,0.03,30.45
8.715410068631172,-0.52,0.03,30.45
8.716892570257187,-0.52,0.03,30.45
8.71985363215208,-0.52,0.03,30.45
8.722822330892086,-0.52,0.03,30.45
8.725759416818619,-0.52,0.03,30.45
8.728718798607588,-0.52,0.03,30.45
8.731676369905472,-0.52,0.03,30.45
8.734643191099167,-0.52,0.03,30.45
8.737603962421417,-0.52,0.03,30.45
8.740562796592712,-0.52,0.03,30.45
8.743517927825451,-0.52,0.03,30.45
8.746482744812965,-0.52,0.03,30.45
8.749445591121912,-0.52,0.03,30.45
8.752393413335085,-0.52,0.03,30.45
8.755361642688513,-0.52,0.03,30.45
8.758316103368998,-0.52,0.03,30.45
8.761278338730335,-0.52,0.03,30.45
8.764236740767956,-0.52,0.03,30.46
8.76719406619668,-0.52,0.03,30.45
8.770138073712587,-0.52,0.03,30.45
8.773106053471565,-0.52,0.03,30.45
8.776064358651638,-0.52,0.03,30.45
8.779030185192823,-0.52,0.03,30.45
8.781988624483347,-0.52,0.03,30.45
8.78494330495596,-0.51,0.03,30.45
8.787902999669313,-0.52,0.03,30.45
8.790867265313864,-0.52,0.03,30.45
8.793822146952152,-0.52,0.03,30.45
8.796778105199337,-0.52,0.03,30.45
8.799742594361305,-0.52,0.03,30.45
8.80269093811512,-0.52,0.03,30.45
8.804180886596441,-0.52,0.03,30.45
8.805658910423517,-0.52,0.03,30.45
8.807129725813866,-0.52,0.03,30.45
8.808606419712305,-0.52,0.03,30.45
8.810083337128162,-0.52,0.03,30.45
8.811572887003422,-0.52,0.03,30.45
8.81306191906333,-0.52,0.03,30.45
8.814532402902842,-0.52,0.03,30.45
8.817494180053473,-0.52,0.03,30.45
8.820443484932184,-0.52,0.03,30.45
8.823409341275692,-0.52,0.03,30.45
8.826352942734957,-0.52,0.03,30.45
8.829321380704641,-0.52,0.03,30.45
8.83228026330471,-0.53,0.03,30.45
8.83524314314127,-0.52,0.03,30.45
8.836730018258095,-837.87,0.03,30.45
8.838206425309181,-0.52,0.03,30.45
8.839679922908545,-0.52,0.03,30.45
8.841164357960224,-0.52,0.03,30.45
8.842642173171043,-0.52,0.03,30.45
8.844119742512703,-0.52,0.03,30.45
8.845588732510805,-0.52,0.03,30.45
8.847071435302496,-0.52,0.03,30.45
8.848553575575352,-0.52,0.03,30.45
8.850030034780502,-0.52,0.03,30.45
8.851519949734211,-0.52,0.03,30.45
8.852995432913303,-0.52,0.03,30.45
8.854474641382694,-0.52,0.03,30.45
8.85595129057765,-0.52,0.03,30.45
8.857445489615202,-0.52,0.03,30.45
8.85889894887805,-0.52,0.03,30.45
8.860396020114422,-0.52,0.03,30.45
8.8618720844388,-0.52,0.03,30.45
8.863341372460127,-0.52,0.03,30.45
8.864816151559353,-0.52,0.03,30.45
8.866297610104084,-0.52,0.03,30.45
8.867772810161114,-0.52,0.03,30.45
8.869260005652905,-0.52,0.03,30.45
8.87074863538146,-0.52,0.03,30.45
8.87222470343113,-0.52,0.03,30.45
8.87368694320321,-0.52,0.03,30.45
8.875175476074219,-0.52,0.03,30.45
8.876663096249104,-0.52,0.03,30.45
8.878133691847324,-0.52,0.03,30.45
8.87962968274951,-0.52,0.03,30.45
8.881094094365835,-0.52,0.03,30.45
8.882571574300528,-0.52,0.03,30.45
8.884078912436962,-0.52,0.03,30.45
8.885530162602663,-0.52,0.03,30.45
8.88700893893838,-0.52,0.03,30.45
8.888479795306921,-0.52,0.03,30.45
8.889963310211897,-0.52,0.03,30.45
8.891445055603981,-0.52,0.03,30.45
8.892914839088917,-0.52,0.03,30.45
8.894401006400585,-0.52,0.03,30.45
8.895875550806522,-0.51,0.03,30.45
8.897352401167154,-0.52,0.03,30.45
8.898842245340347,-0.52,0.03,30.45
8.900316819548607,-0.52,0.03,30.45
8.901803959161043,-0.52,0.03,30.45
8.903270404785872,-0.52,0.03,30.45
8.904756680130959,-0.52,0.03,30.45
8.906238537281752,-0.52,0.03,30.45
8.907710056751966,-0.52,0.03,30.45
8.90918492153287,-0.52,0.03,30.45
8.910670969635248,-0.52,0.03,30.45
8.91215406730771,-0.52,0.03,30.45
8.913623068481684,-0.52,0.03,30.45
8.918069507926702,-0.52,0.03,30.45
8.921022277325392,-0.52,0.03,30.45
8.92398003488779,-0.52,0.03,30.45
8.926963284611702,-0.52,0.03,30.45
8.929891258478165,-0.52,0.03,30.45
8.932857360690832,-0.52,0.03,30.45
8.935808289796114,-0.52,0.03,30.45
8.938769467175007,-0.52,0.03,30.45
8.941744856536388,-0.52,0.03,30.45
8.944680627435446,-0.52,0.03,30.45
8.947657734155655,-0.52,0.03,30.45
8.950624976307154,-0.52,0.03,30.45
8.953564953058958,-0.52,0.03,30.45
8.956533763557673,-0.52,0.03,30.45
8.959490302950144,-0.52,0.03,30.45
8.962435755878687,-0.52,0.03,30.46
8.96391537413001,-0.52,0.03,30.45
8.965392801910639,-0.52,0.03,30.45
8.96686751767993,-0.52,0.03,30.45
8.96836569160223,-0.52,0.03,30.45
8.969845682382584,-0.52,0.03,30.45
8.971313431859016,-0.52,0.03,30.45
8.972805205732584,-0.52,0.03,30.45
8.974275778979063,-0.52,0.03,30.45
8.975747764110565,-0.52,0.03,30.45
8.97722603008151,-0.52,0.03,30.45
8.97872158139944,-0.52,0.03,30.45
8.980192191898823,-0.52,0.03,30.45
8.981672994792461,-0.52,0.03,30.45
8.983150709420443,-0.52,0.03,30.45
8.984628215432167,-0.51,0.03,30.45
8.986103679984808,-0.52,0.03,30.45
8.987589228898287,-0.52,0.03,30.45
8.98906384035945,-0.52,0.03,30.45
8.990545690059662,-0.52,0.03,30.45
8.992030769586563,-0.52,0.03,30.45
8.99350469559431,-0.53,0.03,30.45
8.994989436119795,-0.52,0.03,30.45
8.996472354978323,-0.52,0.03,30.45
8.997951686382294,-0.52,0.03,30.45
8.999414328485727,-0.52,0.03,30.45
9.000897817313671,-0.52,0.03,30.45
9.002371288836002,-0.52,0.03,30.45
9.003859788179398,-0.52,0.03,30.45
9.005340494215488,-0.52,0.03,30.45
9.006822489202023,-0.52,0.03,30.45
9.008292593061924,-0.52,0.03,30.45
9.009774290025234,-0.52,0.03,30.45
9.011246394366026,-0.52,0.03,30.45
9.012740597128868,-0.52,0.03,30.45
9.015693210065365,-0.52,0.03,30.45
9.018647737801075,-0.52,0.03,30.45
9.021604008972645,-0.52,0.03,30.45
9.024583671241999,-0.52,0.03,30.45
9.027535386383533,-0.52,0.03,30.45
9.030502162873745,-0.52,0.03,30.45
9.033437822014093,-0.52,0.03,30.45
9.036391489207745,-0.52,0.03,30.45
9.039359591901302,-0.52,0.03,30.45
9.042323645204306,-0.52,0.03,30.45
9.045275744050741,-0.52,0.03,30.45
9.048238947987556,-0.52,0.03,30.45
9.051196455955505,-0.52,0.03,30.45
9.054148439317942,-0.52,0.03,30.45
9.057103052735329,-0.52,0.03,30.45
9.060066185891628,-0.52,0.03,30.45
9.06303608044982,-0.52,0.03,30.45
9.065996047109365,-0.52,0.03,30.45
9.068943377584219,-0.52,0.03,30.45
9.071903124451637,-0.52,0.03,30.45
9.074863936752081,-0.52,0.03,30.45
9.077822517603636,-0.52,0.04,30.45
9.080773022025824,-0.52,0.03,30.45
9.083725452423096,-0.52,0.03,30.45
9.086698532104492,-0.52,0.03,30.45
9.089651316404343,-0.52,0.03,30.45
9.092596843838692,-0.52,0.04,30.45
9.095568992197514,-0.52,0.04,30.45
9.097058836370707,-0.52,0.03,30.45
9.09853134304285,-0.52,0.04,30.45
9.100007880479097,-0.52,0.04,30.45
9.101477265357971,-0.52,0.04,30.45
9.102953422814608,-0.52,0.04,30.45
9.104439858347178,-0.52,0.04,30.45
9.105930231511593,-0.52,0.03,30.45
9.107398677617311,-0.52,0.03,30.45
9.10886400565505,-0.52,0.04,30.45
9.110361088067293,-0.52,0.03,30.45
9.111834429204464,-0.52,0.03,30.45
9.114787753671408,-0.52,0.04,30.45
9.117749594151974,-0.52,0.04,30.45
9.120717499405146,-0.52,0.04,30.45
9.123675394803286,-0.52,0.04,30.45
9.125156454741955,-0.51,0.04,30.45
9.126629583537579,-0.52,0.04,30.45
9.128107242286205,-0.52,0.04,30.45
9.129592049866915,-0.52,0.04,30.45
9.131563927978277,-0.52,0.04,30.45
9.132546983659267,-0.52,0.04,30.45
9.134017635136843,-0.52,0.04,30.45
9.135511469095945,-0.52,0.04,30.45
9.136984132230282,-0.52,0.04,30.45
9.138456612825394,-0.52,0.03,30.45
9.139938618987799,-0.52,0.04,30.45
9.141431458294392,-0.52,0.04,30.45
9.142908323556185,-0.52,0.03,30.45
9.144374694675207,-0.52,0.04,30.45
9.145852580666542,-0.52,0.04,30.45
9.147338915616274,-0.52,0.04,30.45
9.148808665573597,-0.52,0.04,30.45
9.150304451584816,-0.52,0.03,30.45
9.151770953088999,-0.52,0.04,30.45
9.153256714344025,-0.52,0.04,30.45
9.154732629656792,-0.52,0.04,30.45
9.1562041901052,-0.52,0.04,30.45
9.157683469355106,-0.52,0.04,30.45
9.159173898398876,-0.52,0.03,30.45
9.160646710544825,-0.52,0.03,30.45
9.162119571119547,-0.52,0.03,30.45
9.163612995296717,-0.52,0.04,30.45
9.165084574371576,-0.52,0.04,30.45
9.166570138186216,-0.52,0.03,30.45
9.168046709150076,-0.52,0.03,30.45
9.169521227478981,-0.52,0.03,30.45
9.17100778222084,-0.52,0.03,30.45
9.172482624650002,-0.52,0.03,30.45
9.173958644270897,-0.53,0.03,30.45
9.175445642322302,-0.52,0.03,30.45
9.176920622587204,-0.52,0.03,30.45
9.17839191108942,-0.52,0.03,30.45
9.179874740540981,-0.51,0.03,30.45
9.181350842118263,-0.51,0.03,30.45
9.182835664600134,-0.52,0.03,30.45
9.184318505227566,-0.52,0.03,30.45
9.185788810253143,-0.52,0.03,30.45
9.187277615070343,-0.52,0.04,30.45
9.188749611377716,-0.52,0.04,30.45
9.190224442631006,-0.52,0.03,30.45
9.191717449575663,-0.52,0.03,30.45
9.193194087594748,-0.52,0.04,30.45
9.194675769656897,-0.52,0.03,30.45
9.196146816015244,-0.52,0.03,30.45
9.19762897118926,-0.52,0.03,30.45
9.199107930064201,-0.52,0.03,30.45
9.200589817017317,-0.52,0.03,30.45
9.202062636613846,-0.52,0.04,30.45
9.20356024056673,-0.52,0.04,30.45
9.205015562474728,-0.52,0.03,30.45
9.206514228135347,-0.52,0.03,30.45
9.207966562360525,-0.52,0.03,30.45
9.209460064768791,-0.52,0.04,30.45
9.210941694676876,-0.52,0.03,30.45
9.213905800133944,-0.52,0.03,30.45
9.21685777977109,-0.52,0.03,30.45
9.219873052090406,-0.52,0.03,30.45
9.222767304629087,-0.53,0.03,30.45
9.225720755755901,-0.52,0.04,30.45
9.228688277304173,-0.52,0.04,30.45
9.231650583446026,-0.52,0.03,30.45
9.234604872763157,-0.52,0.04,30.45
9.237561631947756,-0.52,0.04,30.45
9.240515746176243,-0.52,0.04,30.45
9.24348622187972,-0.52,0.04,30.45
9.246452145278454,-0.52,0.04,30.45
9.249395858496428,-0.52,0.04,30.45
9.25236201286316,-0.52,0.03,30.45
9.255316082388163,-0.52,0.04,30.46
9.258280545473099,-0.52,0.04,30.46
9.261231131851673,-0.51,0.04,30.46
9.264187335968018,-0.52,0.04,30.45
9.267163079231977,-0.52,0.04,30.46
9.27030187472701,-0.52,0.04,30.45
9.273064099252224,-0.52,0.04,30.46
9.276038769632578,-0.52,0.04,30.45
9.278987161815166,-0.52,0.04,30.46
9.28194871917367,-0.52,0.04,30.46
9.290835805237293,-0.52,-120.49,30.45
9.299699764698744,-0.52,0.04,30.45
9.30264988169074,-0.52,0.04,30.46
9.305611424148083,-0.52,0.04,30.45
9.308584425598383,-0.52,0.04,30.45
9.311530314385891,-0.52,0.03,30.46
9.314495638012886,-0.52,0.04,30.45
9.317452605813742,-0.52,0.04,30.46
9.320397112518549,-0.52,0.04,30.45
9.323361985385418,-0.52,0.04,30.45
9.326313748955727,-0.52,0.04,30.45
9.329276211559772,-0.52,0.04,30.45
9.332234531641006,-0.52,0.04,30.46
9.335205163806677,-0.52,0.04,30.45
9.338153753429651,-0.52,0.04,30.46
9.341111406683922,-0.52,0.04,30.45
9.344072453677654,-0.52,0.04,30.46
9.34703105315566,-0.52,0.04,30.45
9.35000478848815,-0.52,0.04,30.45
9.352945372462273,-0.52,0.04,30.46
9.35590723156929,-0.52,0.04,30.46
9.35739154741168,-0.52,0.04,30.46
9.35887324810028,-0.52,0.04,30.45
9.360339742153883,-0.52,0.03,30.46
9.361815933138132,-0.52,0.03,30.46
9.36330283433199,-0.52,0.03,30.46
9.364782016724348,-0.52,0.04,30.46
9.366261698305607,-0.52,0.04,30.46
9.367734622210264,-0.52,0.04,30.45
9.369223304092884,-0.52,0.03,30.45
9.370700161904097,-0.52,0.03,30.46
9.372177697718143,-0.52,0.04,30.45
9.373661305755377,-0.52,0.03,30.45
9.3751359321177,-0.52,0.04,30.45
9.376606341451406,-0.52,0.04,30.45
9.3781096637249,-0.52,0.04,30.45
9.379577808082104,-0.52,0.04,30.45
9.38105882331729,-0.52,0.04,30.45
9.382537830621004,-0.52,0.04,30.45
9.384011827409267,-0.51,0.04,30.45
9.385493140667677,-0.52,0.04,30.45
9.38697450235486,-0.52,0.04,30.45
9.388444315642118,-0.52,0.04,30.45
9.391409326344728,-0.52,0.04,30.46
9.394367881119251,-0.52,0.04,30.46
9.397319182753563,-0.52,0.03,30.45
9.400289930403233,-0.52,0.04,30.46
9.403233043849468,-0.52,0.04,30.45
9.406188946217299,-0.52,0.04,30.45
9.409165404736996,-0.52,0.04,30.45
9.410637199878693,-0.52,0.04,30.45
9.412121396511793,-0.52,0.04,30.46
9.41359881311655,-0.52,0.04,30.45
9.415072333067656,-0.52,0.04,30.46
9.416556645184755,-0.52,0.04,30.46
9.418021205812693,-0.52,0.04,30.45
9.41950723156333,-0.52,0.04,30.45
9.420988984405994,-0.52,0.04,30.46
9.422469958662987,-0.52,0.04,30.45
9.423938632011414,-0.52,0.04,30.46
9.425431702286005,-0.51,0.04,30.45
9.426908299326897,-0.52,0.04,30.45
9.428382083773613,-0.52,0.04,30.45
9.429866924881935,-0.52,0.04,30.46
9.431384563446045,-0.52,0.04,30.45
9.432876825332642,-0.52,0.04,30.45
9.43429559469223,-0.51,0.04,30.45
9.4357895180583,-0.52,0.04,30.45
9.437266826629639,-0.52,0.04,30.45
9.438746396452188,-0.52,0.04,30.46
9.440216280519962,-0.52,0.04,30.46
9.44170704856515,-0.52,0.04,30.46
9.443186018615961,-0.52,0.04,30.46
9.444665398448706,-0.52,0.04,30.46
9.446138564497232,-0.52,0.04,30.46
9.447616018354893,-0.52,0.04,30.46
9.449091959744692,-0.52,0.04,30.46
9.450563658028841,-0.52,0.04,30.46
9.452049933373928,-0.52,0.04,30.46
9.453536711633205,-0.52,0.04,30.46
9.45501010492444,-0.52,0.04,30.46
9.456488281488419,-0.52,0.04,30.46
9.457965683192015,-0.52,0.04,30.46
9.45943984016776,-0.52,0.04,30.46
9.460923731327057,-0.52,0.04,30.46
9.462414976209402,-0.52,0.04,30.46
9.46388603746891,-0.52,0.04,30.46
9.46536160260439,-0.52,0.04,30.46
9.46683480963111,-0.52,0.04,30.46
9.468323823064566,-0.52,0.04,30.46
9.46980258077383,-0.52,0.04,30.46
9.47128913551569,-0.52,0.04,30.46
9.472755078226328,-0.52,0.04,30.46
9.474237512797117,-0.52,0.04,30.46
9.47571861743927,-0.52,0.04,30.46
9.47719607502222,-0.52,0.04,30.46
9.47867677360773,-0.52,0.04,30.46
9.480147290974855,-0.52,0.04,30.46
9.481631718575954,-0.52,0.04,30.46
9.483102515339851,-0.52,0.04,30.46
9.484604429453611,-0.52,0.04,30.46
9.48608273267746,-0.52,0.05,30.46
9.487555500119925,-0.52,0.05,30.46
9.490517865866423,-0.52,0.04,30.46
9.493477769196033,-0.52,0.05,30.46
9.496429532766342,-0.51,0.04,30.46
9.49939239397645,-0.52,0.04,30.46
9.502368420362473,-0.52,0.05,30.46
9.505308896303177,-0.52,0.05,30.46
9.508255276829004,-0.52,0.04,30.46
9.511215846985579,-0.52,0.04,30.46
9.51418550312519,-0.52,0.04,30.46
9.517146039754152,-0.51,0.04,30.46
9.520111832767725,-0.52,0.05,30.46
9.52306416630745,-0.52,0.05,30.46
9.526010498404503,-0.52,0.05,30.46
9.528978858143091,-0.52,0.04,30.46
9.531924214214087,-0.52,0.05,30.46
9.534894473850727,-0.51,0.04,30.46
9.537839204072952,-0.52,0.04,30.46
9.540797766298056,-0.51,0.04,30.46
9.543770182877779,-0.52,0.04,30.46
9.546734001487494,-0.52,0.04,30.46
9.549684323370457,-0.52,0.05,30.46
9.552651531994343,-0.52,0.05,30.46
9.555602505803108,-0.52,0.05,30.46
9.558549262583256,-0.52,0.05,30.46
9.561524275690317,-0.52,0.04,30.46
9.56446674093604,-0.52,0.05,30.46
9.567432187497616,-0.52,0.04,30.46
9.570389222353697,-0.51,0.04,30.46
9.571873500943184,-0.52,0.05,30.46
9.5733533911407,-0.52,0.05,30.46
9.574816815555096,-0.51,0.05,30.46
9.576304901391268,-0.51,0.05,30.46
9.577793542295694,-0.52,0.05,30.46
9.579256765544415,-0.52,0.05,30.46
9.580744925886393,-0.52,0.04,30.46
9.582220420241356,-0.52,0.04,30.46
9.583693202584982,-0.52,0.05,30.46
9.585187148302794,-0.52,0.05,30.46
9.586661770939827,-0.52,-181.97,30.46
9.589619431644678,-0.52,0.05,30.46
9.5925776027143,-0.52,0.04,30.46
9.595543786883354,-0.52,0.04,30.46
9.598909847438335,-0.52,0.05,30.46
9.601442392915487,-0.52,0.05,30.46
9.604417435824871,-0.52,0.05,30.46
9.607367724180222,-0.52,0.05,30.46
9.610317826271057,-0.52,0.05,30.46
9.613290671259165,-0.52,0.05,30.46
9.61624426022172,-0.52,0.05,30.46
9.617726124823093,-0.52,0.05,30.46
9.619204703718424,-0.52,0.05,30.46
9.620678648352623,-0.52,0.05,30.46
9.622164335101843,-0.52,0.05,30.46
9.623644817620516,-0.52,0.05,30.46
9.625123355537653,-0.52,0.05,30.46
9.626606777310371,-0.51,0.05,30.46
9.628082748502493,-0.51,0.04,30.46
9.629556149244308,-0.52,0.04,30.46
9.63103100657463,-0.52,0.05,30.46
9.632512401789427,-0.52,0.05,30.46
9.634003203362226,-0.52,0.05,30.46
9.635476507246494,-0.52,0.05,30.46
9.636961296200752,-0.52,0.05,30.46
9.638436671346426,-0.52,0.05,30.46
9.639903835952282,-0.52,0.05,30.46
9.641389667987823,-0.52,0.05,30.46
9.642859667539597,-0.52,0.05,30.46
9.644355047494173,-0.52,0.05,30.46
9.645833846181631,-0.52,0.05,30.46
9.647319078445435,-0.52,0.05,30.46
9.648782894015312,-0.52,0.05,30.46
9.650272570550442,-0.52,0.05,30.46
9.651752520352602,-0.52,0.05,30.46
9.653231725096703,-0.52,0.05,30.46
9.65470391139388,-0.52,0.05,30.46
9.656181275844574,-0.52,0.05,30.46
9.657664936035872,-0.52,0.05,30.46
9.659140713512897,-0.52,0.05,30.46
9.660623133182526,-0.52,0.05,30.46
9.662101957947016,-0.51,0.05,30.46
9.663588501513004,-0.52,0.05,30.46
9.665056470781565,-0.52,0.05,30.46
9.666546925902367,-0.52,0.05,30.46
9.668020732700825,-0.52,0.05,30.46
9.66951147839427,-0.52,0.05,30.46
9.670981388539076,-0.52,0.05,30.46
9.672446012496948,-0.52,0.05,30.46
9.67392811179161,-0.51,0.05,30.46
9.675409339368343,-0.51,0.05,30.46
9.67688786238432,-0.52,0.05,30.46
9.678362339735031,-0.52,0.05,30.46
9.679840192198753,-0.52,0.05,30.46
9.68132570385933,-0.52,0.05,30.46
9.682815417647362,-0.52,0.05,30.46
9.684291169047356,-0.52,0.05,30.46
9.685763660818338,-0.52,0.05,30.45
9.688720770180225,-0.52,0.05,30.46
9.691682264208794,-0.52,0.05,30.46
9.694643020629883,-0.52,0.05,30.46
9.697594068944454,-0.52,0.05,30.46
9.700551617890596,-0.52,0.05,30.46
9.703512035310268,-0.52,0.05,30.46
9.70647069439292,-0.52,0.05,30.46
9.709437351673841,-0.52,0.05,30.46
9.712400548160076,-0.52,0.05,30.46
9.715350188314915,-0.52,0.05,30.46
9.718311592936516,-0.52,0.05,30.46
9.721269834786654,-0.51,0.05,30.46
9.724389787763357,-0.52,0.05,30.46
9.727179281413555,-0.51,0.05,30.46
9.728666625916958,-0.52,0.05,30.46
9.730145793408155,-0.52,0.05,30.46
9.731620460748672,-0.52,0.05,30.46
9.733099859207869,-0.52,0.05,30.46
9.734579049050808,-0.52,0.05,30.46
9.736060421913862,-0.52,0.05,30.46
9.737547669559717,-0.52,0.05,30.46
9.739028714597225,-0.52,0.05,30.46
9.74050336331129,-0.52,0.05,30.46
9.741978626698256,-0.52,0.05,30.46
9.743461348116398,-0.52,0.05,30.46
9.744952082633972,-0.52,0.05,30.46
9.746432892978191,-0.52,0.05,30.45
9.747894991189241,-0.52,0.05,30.46
9.749375905841589,-0.52,0.05,30.45
9.75084563344717,-0.52,0.05,30.46
9.752335544675589,-0.52,0.05,30.46
9.753801606595516,-0.52,0.05,30.45
9.755290802568197,-0.52,0.05,30.46
9.756763737648726,-0.52,0.05,30.46
9.758256111294031,-0.52,0.05,30.46
9.759748611599207,-0.52,0.05,30.45
9.761198222637177,-0.52,0.05,30.46
9.762690290808678,-0.51,0.05,30.46
9.764168240129948,-0.51,0.05,30.45
9.765647422522306,-0.52,0.05,30.45
9.767151225358248,-0.52,0.05,30.46
9.768611039966345,-0.52,0.05,30.45
9.770086910575628,-0.52,0.05,30.46
9.771564159542322,-0.52,0.05,30.46
9.773033671081066,-0.52,0.04,30.46
9.77453139796853,-0.52,0.05,30.45
9.776016354560852,-0.52,0.05,30.46
9.777481105178595,-0.52,0.05,30.46
9.77896387130022,-0.52,0.05,30.45
9.780443169176579,-0.52,0.05,30.46
9.781907461583614,-0.51,0.05,30.46
9.783400550484657,-0.52,0.05,30.46
9.786354906857014,-0.52,0.05,30.45
9.789320055395365,-0.52,0.05,30.45
9.792277701199055,-0.52,0.05,30.46
9.795219112187624,-0.52,0.05,30.46
9.798182662576437,-0.51,0.05,30.45
9.801139540970325,-0.51,0.05,30.45
9.804290488362312,-0.52,0.05,30.46
9.807068273425102,-0.52,0.05,30.45
9.810040168464184,-0.52,0.05,30.46
9.8129852861166,-0.51,0.05,30.45
9.815930288285017,-0.52,0.05,30.46
9.818887390196323,-0.52,0.05,30.45
9.821858249604702,-0.52,0.05,30.46
9.824824891984463,-0.51,0.05,30.45
9.827782817184925,-0.52,0.05,30.45
9.830736577510834,-0.52,0.05,30.45
9.833696275949478,-0.52,0.05,30.45
9.836638819426298,-0.51,0.05,30.45
9.839607782661915,-0.52,0.05,30.45
9.84256648644805,-0.51,0.05,30.45
9.845519408583641,-0.52,0.05,30.45
9.848474942147732,-0.52,0.05,30.45
9.851446524262428,-0.52,0.05,30.45
9.854386616498232,-0.52,0.05,30.45
9.857359852641821,-0.52,0.05,30.45
9.860314317047596,-0.52,0.05,30.45
9.863270733505487,-0.52,0.05,30.45
9.866240240633488,-0.52,0.05,30.45
9.869179591536522,-0.52,0.05,30.45
9.872143972665071,-0.52,0.05,30.45
9.875108361244202,-0.52,0.05,30.45
9.878066588193178,-0.52,0.05,30.46
9.87954856455326,351.31,0.05,30.45
9.881023440510035,-0.52,0.05,30.46
9.882499180734158,-0.52,0.05,30.45
9.883990090340376,-0.52,0.05,30.45
9.886937871575356,-0.52,0.05,30.45
9.888415228575468,-0.52,0.05,30.45
9.889893539249897,-0.52,0.05,30.45
9.89138314500451,-0.52,0.05,30.45
9.8928625844419,-0.52,0.05,30.45
9.89433877915144,-0.52,0.05,30.45
9.895821753889322,-0.52,0.05,30.45
9.897296264767647,-0.52,0.05,30.45
9.898769918829203,-0.52,0.05,30.45
9.900263354182243,-0.52,0.05,30.45
9.901727799326181,-0.52,0.05,30.45
9.903214357793331,-0.52,0.05,30.45
9.904691185802221,-0.52,0.05,30.45
9.906165108084679,-0.52,0.05,30.45
9.907647844403982,-0.52,0.05,30.45
9.909135110676289,-0.52,0.05,30.46
9.910609632730484,-0.52,0.05,30.45
9.912088625133038,-0.51,0.05,30.45
9.913573063910007,-0.51,0.05,30.45
9.9150454364717,-0.51,0.05,30.45
9.916537519544363,-0.52,0.05,30.45
9.91801704466343,-0.52,0.05,30.45
9.91948702186346,-0.52,0.05,30.45
9.920960810035467,-0.52,0.05,30.45
9.922445684671402,-0.52,0.05,30.45
9.923925686627626,-0.52,0.05,30.45
9.92541390657425,-0.52,0.05,30.45
9.926954630762339,-0.52,0.05,30.45
9.928369261324406,-0.52,0.05,30.45
9.929837077856064,-0.51,0.05,30.45
9.931317392736673,-0.52,0.05,30.45
9.932800270617008,-0.52,0.05,30.45
9.934287119656801,-0.52,0.05,30.45
9.935766458511353,-0.52,0.05,30.45
9.937245111912489,-0.52,0.05,30.45
9.938710808753967,-0.52,0.05,30.45
9.940186083316803,-0.52,0.05,30.46
9.941678788512945,-0.52,0.05,30.45
9.943156268447638,-0.52,0.05,30.45
9.94464960694313,-0.52,0.05,30.45
9.946103654801846,-0.52,0.05,30.45
9.947596870362759,-0.52,0.05,30.45
9.949072871357203,-0.52,0.05,30.45
9.950554236769676,-0.52,0.05,30.45
9.952018588781357,-0.52,0.05,30.45
9.95351031422615,-0.52,0.05,30.45
9.95498689264059,-0.52,0.05,30.45
9.95646833255887,-0.52,0.05,30.45
9.95794590935111,-0.51,0.05,30.45
9.9594159796834,-0.52,0.05,30.45
9.96090792864561,-0.52,0.05,30.45
9.962370298802853,-0.52,0.05,30.45
9.963853534311056,-0.52,0.05,30.45
9.965340208262205,-0.52,0.05,30.45
9.966826863586903,-0.52,0.05,30.45
9.96829492971301,-0.52,0.05,30.45
9.969782456755638,-0.51,0.05,30.45
9.971262153238058,-0.52,0.05,30.45
9.972736179828644,-0.52,0.05,30.45
9.974210981279612,-0.52,0.05,30.45
9.975696064531803,-0.51,0.05,30.45
9.97718245536089,-0.52,0.05,30.45
9.97865280136466,-0.51,0.05,30.45
9.980134800076485,-0.52,0.05,30.45
9.981612611562014,-0.52,0.05,30.45
9.983090184628963,-0.52,0.05,30.45
9.98605452850461,-0.52,0.05,30.46
9.989006947726011,-0.52,0.05,30.45
9.991973981261253,-0.51,0.05,30.45
9.994926631450653,-0.52,0.05,30.45
9.997892167419195,-0.51,0.05,30.45
10.000848520547152,-0.52,0.05,30.45
10.003805566579103,-0.52,0.05,30.46
10.006763141602278,-0.52,0.05,30.45
10.009708553552628,-0.52,0.05,30.45
10.012668650597334,-0.52,0.05,30.45
10.015638291835785,-0.51,0.05,30.45
10.01859088242054,-0.51,0.05,30.45
10.021546129137278,-0.52,0.05,30.45
10.024497356265783,-0.52,0.05,30.45
10.027469046413898,-0.52,0.05,30.45
10.030433025211096,-0.52,0.05,30.45
10.033379100263119,-0.52,0.05,30.45
10.036332599818707,-0.52,0.05,30.45
10.039305176585913,-0.52,0.05,30.45
10.042258378118277,-0.52,0.05,30.45
10.045215409249067,-0.52,0.05,30.45
10.046706091612577,-0.52,0.05,30.45
10.048176608979702,-0.52,0.05,30.45
10.04965791106224,-0.52,0.05,30.45
10.051128420978785,-0.52,0.05,30.45
10.0526152998209,-0.52,0.05,30.45
10.054096467792988,-0.52,0.05,30.45
10.055574759840965,-0.51,0.05,30.45
10.05705213546753,-0.51,0.05,30.45
10.058529742062092,-0.51,0.05,30.45
10.060005586594343,-0.51,0.05,30.45
10.061496619135141,-0.52,0.05,30.45
10.062972854822874,-0.52,0.05,30.45
10.064442481845617,-0.52,0.05,30.45
10.065927647054195,-0.52,0.05,30.45
10.067403994500637,-0.52,0.05,30.45
10.068879786878824,-0.52,0.05,30.45
10.070373110473156,-0.51,0.05,30.45
10.071840897202492,-0.52,0.05,30.46
10.073335107415915,-0.52,0.05,30.45
10.074795126914978,-0.51,0.05,30.45
10.076288606971502,-0.51,0.05,30.45
10.077755521982908,-0.52,0.05,30.45
10.07924785465002,-0.51,0.05,30.45
10.08072905242443,-0.52,0.05,30.45
10.083677355200052,-0.52,0.05,30.45
10.086641147732735,-0.52,0.05,30.45
10.089596100151539,-0.51,0.05,30.46
10.092558585107327,-0.52,0.05,30.45
10.095504485070705,-0.52,0.05,30.45
10.09847167879343,-0.52,0.05,30.45
10.101466957479715,-0.51,0.05,30.45
10.104407638311386,-0.52,0.05,30.45
10.107347644865513,-0.52,0.05,30.45
10.110297605395317,-0.52,0.05,30.45
10.113258432596922,-0.51,0.05,30.45
10.116225134581327,-0.51,0.05,30.45
10.119159318506718,-0.51,0.05,30.45
10.122127920389175,-0.52,0.05,30.45
10.125094808638096,-0.52,0.05,30.45
10.128048777580261,-0.52,0.05,30.45
10.131014235317707,-0.52,0.05,30.45
10.133962515741587,-0.51,0.05,30.45
10.136935502290726,-0.51,0.05,30.45
10.139877781271935,-0.51,0.05,30.45
10.142844282090664,-0.51,0.05,30.45
10.144314974546432,-0.51,0.05,30.45
10.145807854831219,-0.51,0.05,30.45
10.1472811922431,-0.52,0.05,30.45
10.148757871240377,-0.51,0.05,30.45
10.150241915136576,-0.51,0.05,30.45
10.15172528475523,-0.52,0.05,30.45
10.153196781873703,-0.52,0.05,30.45
10.154679726809263,-0.52,0.05,30.45
10.156154111027718,-0.51,0.05,30.45
10.157650161534548,-0.52,0.05,30.45
10.15911065414548,-0.51,0.05,30.45
10.16058686003089,-0.52,0.05,30.45
10.162074852734804,-0.51,0.05,30.45
10.16355374082923,-0.51,0.05,30.45
10.165031138807535,-0.51,0.05,30.45
10.166518118232489,-0.52,0.05,30.45
10.16798573359847,-0.52,0.05,30.45
10.169464033097029,-0.51,0.05,30.45
10.170945137739182,-0.52,0.05,30.45
10.172434031963348,-0.52,0.05,30.45
10.173909477889538,-0.52,0.05,30.45
10.175384256988764,-0.52,0.05,30.45
10.176866818219423,-0.51,0.05,30.45
10.178347159177065,-0.51,0.05,30.45
10.179827962070704,-0.51,0.05,30.45
10.181299973279238,-0.51,0.05,30.45
10.184256136417389,-0.52,0.05,30.45
10.187215697020292,-0.52,0.05,30.45
10.190186738967896,-0.52,0.05,30.45
10.193129539489746,-0.51,0.05,30.45
10.196102738380432,-0.52,0.05,30.45
10.199068237096071,-0.51,0.06,30.45
10.202004879713058,-0.52,0.05,30.45
10.204978566616774,-0.52,0.05,30.45
10.20645933970809,-0.51,0.05,30.45
10.207936871796846,-0.52,0.05,30.45
10.209414426237345,-0.52,0.05,30.45
10.210885263979435,-0.51,0.05,30.45
10.21236789226532,-0.51,0.05,30.45
10.21383449062705,-0.51,0.05,30.45
10.215321451425552,-0.51,0.05,30.45
10.216801546514034,-0.51,0.05,30.45
10.218283288180828,-0.51,0.05,30.45
10.219769325107336,-0.51,0.05,30.45
10.221236549317837,-0.52,0.05,30.45
10.222708467394114,-0.52,0.05,30.45
10.224206402897835,-0.52,0.05,30.45
10.225709520280361,-0.52,0.05,30.45
10.227160468697548,-0.52,0.05,30.45
10.228637658059597,-0.52,0.05,30.45
10.230118833482265,-0.52,0.05,30.45
10.231600474566221,-0.52,0.05,30.45
10.23306753858924,-0.52,0.05,30.45
10.234546713531017,-0.51,0.05,30.45
10.236027266830206,-0.51,0.05,30.45
10.237510729581118,-0.51,0.05,30.45
10.238985177129507,-0.52,0.05,30.45
10.240470115095377,-0.52,0.05,30.45
10.241943694651127,-0.52,0.05,30.45
10.243430368602276,-0.51,0.05,30.45
10.244914077222347,-0.51,0.05,30.45
10.246397383511066,-0.51,0.05,30.45
10.247870095074177,-0.52,0.05,30.45
10.249339509755373,-0.52,0.05,30.45
10.25082665681839,-0.52,0.05,30.45
10.252357579767704,-0.51,0.05,30.45
10.253782857209444,-0.51,0.05,30.45
10.255266197025776,-0.52,0.05,30.45
10.256743364036083,-0.52,0.05,30.45
10.258217241615057,-0.51,0.05,30.45
10.259705029428005,-0.52,0.05,30.45
10.261190719902515,-0.52,0.05,30.45
10.26265661418438,-0.51,0.05,30.45
10.264145907014608,-0.51,0.05,30.45
10.265621565282345,-0.51,0.06,30.45
10.267099149525166,-0.51,0.05,30.45
10.268573854118586,-0.52,0.06,30.45
10.270052537322044,-0.52,0.06,30.45
10.271520897746086,-0.51,0.06,30.45
10.273008085787296,-0.52,0.06,30.45
10.274489045143127,-0.52,0.06,30.45
10.27597039565444,-0.52,0.06,30.45
10.277457069605589,-0.51,0.06,30.45
10.27892291545868,-0.51,0.06,30.45
10.281883507966995,-0.51,0.06,30.45
10.2848388440907,-0.51,0.06,30.45
10.28780273348093,-0.51,0.06,30.45
10.290764179080725,-0.52,0.06,30.45
10.293725419789553,-0.52,0.06,30.45
10.296680960804224,-0.52,0.06,30.45
10.299633644521236,-0.51,0.06,30.45
10.30260057374835,-0.51,0.06,30.45
10.305556368082762,-0.52,0.05,30.45
10.30851637199521,-0.52,0.06,30.45
10.311482202261686,-0.52,0.06,30.45
10.31442765519023,-0.51,0.06,30.45
10.317400634288788,-0.51,0.05,30.45
10.32034570351243,-0.52,0.05,30.45
10.323312427848577,-0.52,0.05,30.45
10.326259057968855,-0.52,0.05,30.45
10.329217530786991,-0.52,0.06,30.45
10.332180049270391,-0.51,0.06,30.45
10.33514404669404,-0.51,0.06,30.45
10.338092301040888,-0.51,0.06,30.45
10.34104172885418,-0.52,0.06,30.45
10.34408113360405,-0.51,0.06,30.45
10.346969190984964,-0.51,0.06,30.45
10.34993064403534,-0.52,0.06,30.45
10.352887801826,-0.52,0.06,30.45
10.355841308832169,-0.52,0.06,30.45
10.358811911195517,-0.51,0.05,30.45
10.361762523651123,-0.51,0.06,30.45
10.364723965525627,-0.51,0.06,30.45
10.366192795336246,-0.51,0.06,30.45
10.367674946784973,-0.52,0.06,30.45
10.36915086954832,-0.52,0.06,30.45
10.3706467859447,-0.52,0.05,30.45
10.372122406959534,-0.52,0.05,30.45
10.373602617532015,-0.52,0.05,30.45
10.375083070248365,-0.52,0.05,30.45
10.376551743596792,-0.52,0.05,30.45
10.37803690508008,-0.52,-302.58,30.45
10.380985703319311,-0.52,0.06,30.45
10.383945237845182,-0.52,0.06,30.45
10.386906865984201,-0.51,0.06,30.45
10.389860060065985,-0.52,0.05,30.45
10.39282164350152,-0.51,0.05,30.45
10.39579138532281,-0.51,0.05,30.45
10.398741140961647,-0.52,0.06,30.45
10.401703767478466,-0.51,0.06,30.45
10.40466283261776,-0.52,0.06,30.45
10.406124159693718,-0.51,0.06,30.45
10.407609578222036,-0.52,0.06,30.45
10.40909194946289,-0.52,0.06,30.45
10.410572040826082,-0.51,0.06,30.45
10.412048142403364,-0.52,0.06,30.45
10.413528930395842,-0.52,0.06,30.45
10.41507326066494,-0.52,0.06,30.45
10.416486766189337,-0.52,0.05,30.45
10.417978052049875,-0.51,0.06,30.45
10.419461283832788,-0.51,0.06,30.45
10.420929796993732,-0.51,0.06,30.45
10.422411315143108,-0.51,0.06,30.45
10.423885926604271,-0.52,0.06,30.45
10.425362031906843,-0.52,0.05,30.45
10.426841732114553,-0.52,0.06,30.45
10.42832076922059,-0.52,0.06,30.45
10.429806925356388,-0.52,0.06,30.45
10.431299485266209,-0.52,0.06,30.45
10.432771664112806,-0.52,0.06,30.45
10.434241458773613,-0.52,0.06,30.45
10.435725014656782,-0.51,0.06,30.45
10.437208406627178,-0.52,0.06,30.45
10.438682284206152,-0.52,0.06,30.45
10.440154433250427,-0.51,0.06,30.45
10.441650323569775,-0.51,0.06,30.45
10.443111851811409,-0.52,0.06,30.45
10.444589510560036,-0.51,0.06,30.45
10.446079596877098,-0.52,0.06,30.45
10.44755171239376,-0.52,0.06,30.45
10.449050441384315,-0.52,0.06,30.45
10.450503408908844,-0.52,0.06,30.45
10.451984237879515,-0.52,0.06,30.45
10.453465413302183,-0.52,0.06,30.45
10.454952985048294,-0.52,0.06,30.45
10.456422947347164,-0.52,0.06,30.45
10.45791906490922,-0.52,0.06,30.45
10.459385987371206,-0.52,0.06,30.45
10.46085748448968,-0.52,0.06,30.45
10.46234617009759,-0.52,0.06,30.45
10.463829826563597,-0.52,0.06,30.45
10.465301427990198,-0.51,0.06,30.45
10.466782480478287,-0.51,0.06,30.45
10.468267530202866,-0.51,0.06,30.45
10.469744332134724,-0.51,0.06,30.45
10.47121849656105,-0.52,0.06,30.45
10.472708996385336,-0.52,0.06,30.45
10.474187299609184,-0.52,0.06,30.45
10.475668858736753,-0.51,0.06,30.45
10.477137975394726,-0.52,0.06,30.45
10.480118688195944,-0.52,0.06,30.45
10.483060277998447,-0.52,0.06,30.45
10.486019652336836,-0.52,0.06,30.45
10.488977376371622,-0.51,0.06,30.45
10.491942822933197,-0.52,0.06,30.45
10.494895212352276,-0.51,0.06,30.45
10.497854892164469,-0.52,0.06,30.45
10.500803031027317,-0.51,0.06,30.45
10.503770004957914,-0.52,0.06,30.45
10.506730705499649,-0.52,0.06,30.46
10.509677093476057,-0.51,0.06,30.45
10.512638378888369,-0.51,0.06,30.45
10.515600483864546,-0.52,0.06,30.45
10.518572188913822,-0.52,0.06,30.46
10.521509047597647,-0.51,0.06,30.45
10.522997111082077,-0.52,0.06,30.46
10.524474512785673,-0.52,0.06,30.45
10.525949478149414,-0.52,0.06,30.45
10.52743262797594,-0.52,0.06,30.45
10.52890633419156,-0.51,0.06,30.46
10.530386310070753,-0.51,0.06,30.45
10.53186883032322,-0.52,0.06,30.46
10.533343993127346,-0.52,0.06,30.45
10.534828785806894,-0.51,0.06,30.45
10.536314692348242,-0.51,0.06,30.46
10.537787448614836,-0.52,0.06,30.46
10.539274726063013,-0.52,0.06,30.46
10.540758084505796,-0.51,0.06,30.46
10.542222242802382,-0.51,0.06,30.46
10.543699119240046,-0.51,0.06,30.46
10.54518549144268,-0.51,0.06,30.46
10.54667006060481,-0.51,0.06,30.46
10.548139251768589,-0.51,0.06,30.46
10.549622032791376,-0.51,0.06,30.46
10.551098089665174,-0.51,0.06,30.46
10.552574764937162,-0.51,0.06,30.46
10.554050549864769,-0.51,0.06,30.45
10.555548135191202,-0.51,0.06,30.46
10.557013474404812,-0.51,0.06,30.45
10.558485876768827,-0.51,0.06,30.46
10.559976231306791,-0.51,0.06,30.46
10.561458125710487,-0.51,0.06,30.46
10.562927708029747,-0.52,0.06,30.46
10.56440495699644,-0.51,0.06,30.45
10.56588226929307,-0.52,0.06,30.46
10.567368444055319,-0.52,0.06,30.46
10.568842805922031,-0.52,0.06,30.46
10.570322714745998,-0.51,0.06,30.46
10.57180729135871,-0.51,0.06,30.46
10.573280166834593,-0.51,0.06,30.46
10.574768971651793,-0.51,0.06,30.46
10.577719803899527,-0.51,0.06,30.46
10.58068112283945,-0.51,0.06,30.46
10.583638586103916,-0.51,0.06,30.46
10.586590681225061,-0.52,0.06,30.46
10.589551977813244,-0.51,0.06,30.46
10.592515617609024,-0.51,0.06,30.46
10.595470320433378,-0.51,0.06,30.46
10.598434146493673,-0.52,0.06,30.46
10.60139537230134,-0.52,0.06,30.45
10.60434689372778,-0.51,0.06,30.46
10.607313457876444,-0.51,0.06,30.46
10.610273368656635,-0.51,0.06,30.46
10.613218568265438,-0.51,0.06,30.46
10.616180345416069,-0.51,0.06,30.46
10.619143042713404,-0.51,0.06,30.46
10.622104581445456,-0.51,0.06,30.46
10.625053450465202,-0.52,0.06,30.46
10.628020707517862,-0.51,0.06,30.46
10.63096097484231,-0.51,0.06,30.46
10.633933462202549,-0.52,0.06,30.46
10.636882726103067,-0.52,0.06,30.46
10.63984989002347,-0.51,0.06,30.46
10.642799690365791,-0.51,0.06,30.46
10.64576705545187,-0.51,0.06,30.46
10.648740626871586,-0.51,0.06,30.46
10.651688266545534,-0.52,0.06,30.46
10.654651459306479,-0.52,0.06,30.46
10.657612148672342,-0.51,0.06,30.46
10.660560872405767,-0.51,0.06,30.46
10.663511946797371,-0.51,0.06,30.46
10.666472006589174,-0.51,0.06,30.46
10.667973175644875,-0.51,0.06,30.46
10.669439923018217,-0.51,0.06,30.46
10.67091690376401,-0.51,0.06,30.46
10.672399904578924,-0.51,0.06,30.46
10.67386843264103,-0.51,0.06,30.45
10.675363890826702,-0.51,0.06,30.46
10.67830178886652,-0.52,0.06,30.46
10.68126379698515,-0.51,0.06,30.46
10.682753425091505,-0.51,0.06,30.46
10.684227589517832,-0.51,0.06,30.46
10.685700800269842,-0.52,0.06,30.46
10.687186684459448,-0.51,0.06,30.46
10.688656207174063,-0.51,0.06,30.46
10.690130040049553,-0.51,0.06,30.46
10.691630400717258,-0.52,0.06,30.46
10.693110793828964,-0.52,0.06,30.46
10.694622449576855,-0.52,0.06,30.46
10.696151658892632,-0.52,0.06,30.46
10.697539582848549,-0.52,0.06,30.46
10.699017874896526,-0.52,0.06,30.46
10.700504515320063,-0.52,0.06,30.46
10.701987840235233,-0.51,0.06,30.46
10.703464590013027,-0.51,0.06,30.46
10.704942844808102,-0.51,0.06,30.46
10.706408105790615,-0.51,0.06,30.46
10.707906305789948,-0.51,0.06,30.46
10.709367517381907,-0.51,0.06,30.46
10.710861295461655,-0.51,0.06,30.46
10.712325539439917,-0.51,0.06,30.46
10.713811796158552,-0.52,0.06,30.46
10.715289063751698,-0.51,0.06,30.46
10.716770578175783,-0.51,0.06,30.46
10.71825060620904,-0.52,0.06,30.46
10.719742152839899,-0.52,0.06,30.46
10.721210956573486,-0.51,0.06,30.46
10.722686622291803,-0.51,0.06,30.46
10.724171917885542,-0.51,0.06,30.46
10.726065695285797,-0.51,0.06,30.46
10.727124456316233,-0.51,0.06,30.45
10.728605445474386,-0.51,0.06,30.46
10.73008517920971,-0.51,0.06,30.46
10.731558743864298,-0.51,0.06,30.46
10.733050853013992,-0.52,0.06,30.46
10.734525185078382,-0.52,0.06,30.46
10.735986646264791,-0.51,0.06,30.46
10.737476345151663,-0.51,0.06,30.46
10.738961849361658,-0.52,0.06,30.46
10.740435507148504,-0.52,0.06,30.46
10.741909377276897,-0.52,0.06,30.46
10.743402808904648,-0.52,0.06,30.46
10.744862142950296,-0.52,0.06,30.46
10.746341738849878,-0.51,0.06,30.46
10.747847381979227,-0.51,0.06,30.46
10.749305855482817,-0.51,0.06,30.46
10.750796768814325,-0.51,0.06,30.46
10.752271939069033,-0.51,0.06,30.46
10.753742024302483,-0.52,0.06,30.46
10.755231376737356,-0.51,0.06,30.46
10.756707478314638,-0.51,0.06,30.46
10.758187409490347,-0.51,0.06,30.46
10.759668752551079,-0.51,0.06,30.46
10.761144045740366,-0.51,0.06,30.46
10.762619759887457,-0.51,0.06,30.46
10.764098048210144,-0.51,0.06,30.46
10.76557731628418,-0.51,0.06,30.46
10.76706875115633,-0.51,0.06,30.46
10.76854208111763,-0.51,0.06,30.46
10.77002839371562,-0.51,0.06,30.46
10.77150709927082,-0.51,0.06,30.46
10.77297554537654,-0.52,0.06,30.46
10.775950755923986,-0.52,0.06,30.46
10.778894647955894,-0.52,0.06,30.46
10.781860463321209,-0.51,0.06,30.46
10.784815683960915,-0.52,0.06,30.46
10.788199361413717,-0.52,0.06,30.46
10.790722478181124,-0.51,0.06,30.46
10.793696239590645,-0.51,0.06,30.46
10.796651881188154,-0.51,0.06,30.46
10.799600806087255,-0.52,0.06,30.46
10.802555486559868,-0.51,0.06,30.45
10.805516291409731,-0.51,0.06,30.42
10.808492105454206,-0.51,0.06,30.46
10.812770925462246,-0.52,0.06,30.46
10.814406778663397,-0.51,0.06,30.48
10.817349042743444,-0.51,0.06,30.51
10.820316541939974,-0.51,0.06,30.51
10.823273003101349,-0.51,0.07,30.45
10.826238378882408,-0.51,0.06,30.44
10.829187121242285,-0.51,0.06,30.45
10.83215867727995,-0.51,0.06,30.45
10.835236232727766,-0.51,0.06,30.45
10.838219933211803,-0.52,0.06,30.43
10.841065522283316,-0.51,0.06,30.4
10.842899490147829,-0.51,0.06,30.41
10.844124902039766,-0.51,0.06,30.42
10.845457900315523,-0.51,0.06,30.43
10.846946325153112,-0.51,0.06,30.44
10.848413918167353,-0.51,0.06,30.44
10.849900662899017,-0.51,0.06,30.43
10.851371169090271,-0.51,0.06,30.44
10.852863054722548,-0.51,0.06,30.44
10.85433828085661,-0.51,0.06,30.44
10.855805061757565,-0.52,0.06,30.44
10.857297416776419,-0.52,0.06,30.42
10.85876950621605,-0.52,0.06,30.43
10.86024484038353,-0.51,0.06,30.44
10.86172241345048,-0.51,0.06,30.44
10.86319975554943,-0.51,0.06,30.44
10.864687908440828,-0.51,0.06,30.44
10.866172660142183,-0.51,0.06,30.45
10.867651674896479,-0.51,0.06,30.45
10.869123745709658,-0.51,0.06,30.45
10.870604887604713,-0.52,0.06,30.45
10.872088395059109,-0.52,0.06,30.44
10.875057145953178,-0.51,0.06,30.45
10.878002282232046,-0.51,0.06,30.45
10.880951207131147,-0.51,0.06,30.45
10.883918546140194,-0.51,0.06,30.45
10.88687177747488,-0.51,0.06,30.45
10.889832209795713,-0.52,0.06,30.46
10.892789743840694,-0.51,0.06,30.46
10.895757772028446,-0.51,0.06,30.46
10.898713063448668,-0.51,0.06,30.46
10.901664566248655,-0.51,0.06,30.46
10.90462240576744,-0.51,0.06,30.46
10.907584846019745,-0.51,0.06,30.46
10.910544522106647,-0.51,0.06,30.46
10.91350957378745,-0.52,0.06,30.46
10.916443571448326,-0.52,0.06,30.46
10.919428832828999,-0.52,0.06,30.46
10.92236889153719,-0.51,0.06,30.46
10.925344213843346,-0.51,0.06,30.46
10.92828668653965,-0.52,0.06,30.46
10.929779302328825,-0.51,0.06,30.45
10.93125407397747,-0.51,0.06,30.44
10.932730659842491,-0.51,0.06,30.45
10.934214163571596,-0.51,0.06,30.45
10.93568779528141,-0.51,0.06,30.43
10.937178429216146,-0.51,0.06,30.44
10.938654709607363,-0.51,0.06,30.45
10.940138507634401,-0.51,0.06,30.46
10.941598694771528,-0.51,0.06,30.46
10.943074569106102,-0.51,0.06,30.45
10.944571387022734,-0.51,0.06,30.45
10.9460439234972,-0.51,0.06,30.45
10.947521053254604,-0.51,0.06,30.45
10.949002530425787,-0.52,0.06,30.45
10.950488042086363,-0.51,0.06,30.45
10.951966878026724,-0.51,0.06,30.45
10.953429833054543,-0.51,0.06,30.45
10.954915657639503,-0.51,0.06,30.45
10.956395447254181,-0.51,0.06,30.45
10.957895670086145,-0.51,0.06,30.45
10.959345921874046,-0.51,0.06,30.45
10.96083215624094,-0.51,0.06,30.45
10.96232010051608,-0.51,0.06,30.45
10.96378419175744,-0.51,0.06,30.45
10.965276338160038,-0.52,0.06,30.45
10.966744355857372,-0.52,0.06,30.45
10.968237582594156,-0.51,0.06,30.46
10.969716038554907,-0.51,0.06,30.46
10.971199210733175,-0.51,0.06,30.46
10.974144451320171,-0.51,0.06,30.46
10.977099537849426,-0.51,0.06,30.46
10.98006522282958,-0.52,0.06,30.46
10.983015168458223,-0.52,0.06,30.46
10.985984977334738,-0.52,0.06,30.46
10.988935615867376,-0.52,0.06,30.44
10.991897474974394,-0.52,0.06,30.44
10.994857478886843,-0.52,0.06,30.43
10.997824605554342,-0.52,0.06,30.44
10.99929092079401,-0.51,0.06,30.44
11.000767044723034,-0.51,0.06,30.44
11.002249360084534,-0.51,0.06,30.45
11.003727432340384,-0.51,0.06,30.47
11.005209781229496,-0.51,0.06,30.48
11.006692837923765,-0.51,0.06,30.48
11.008178226649761,-0.52,0.06,30.48
11.009653028100729,-0.51,0.06,30.49
11.01112624630332,-0.51,0.06,30.5
11.012597631663084,-0.51,0.07,30.5
11.014087427407503,-0.51,0.07,30.51
11.015570610761642,-0.51,0.07,30.51
11.017044141888618,-0.52,0.07,30.51
11.01852621883154,-0.51,0.06,30.51
11.020000725984573,-0.51,0.06,30.5
11.021486315876245,-0.51,0.06,30.5
11.022954121232033,-0.51,0.06,30.5
11.024452280253172,-0.51,0.06,30.49
11.025924917310476,-0.51,0.06,30.49
11.027433469891548,-0.51,0.06,30.49
11.028870929032564,-0.51,0.06,30.49
11.0303541906178,-0.51,0.06,30.48
11.031832803040743,-0.51,0.06,30.49
11.033304385840893,-0.51,0.06,30.48
11.03478792309761,-0.51,0.06,30.48
11.03627186268568,-0.51,0.06,30.47
11.037744980305433,-0.51,0.06,30.44
11.039236158132553,-0.51,0.06,30.45
11.04070856794715,-0.51,0.06,30.45
11.042187806218863,-0.51,0.06,30.45
11.043669041246176,-0.51,0.06,30.43
11.045147109776735,-0.51,0.06,30.44
11.046616103500128,-0.51,0.06,30.42
11.048107281327248,-0.52,0.06,30.45
11.049579132348299,-0.51,0.06,30.47
11.051065191626549,-0.51,0.06,30.47
11.052537195384502,-0.51,0.06,30.48
11.05401099100709,-0.51,0.06,30.48
11.055501349270344,-0.51,0.06,30.48
11.056976083666086,-0.51,0.06,30.48
11.058448765426874,-0.51,0.06,30.48
11.059946686029434,-0.51,0.06,30.48
11.061408326029778,-0.51,0.06,30.48
11.062893353402615,-0.51,0.06,30.48
11.064380310475826,-0.51,0.06,30.48
11.065848756581545,-0.51,0.06,30.48
11.067336853593588,-0.51,0.06,30.48
11.068836394697428,-0.52,0.06,30.48
11.070288993418217,-0.52,0.06,30.48
11.073252078145742,-0.51,0.06,30.48
11.076208401471376,-0.51,0.06,30.48
11.079171903431416,-0.51,0.06,30.48
11.082127142697573,-0.52,0.06,30.48
11.085091140121222,-0.51,0.06,30.48
11.088054075837135,-0.51,0.06,30.48
11.090994022786617,-0.51,0.06,30.48
11.093963742256165,-0.51,0.06,30.48
11.09692233428359,-0.52,0.06,30.48
11.099860735237598,-0.51,0.06,30.48
11.102838765829802,-0.52,0.06,30.48
11.105792075395584,-0.51,0.06,30.49
11.108746327459812,-0.51,0.06,30.53
11.111710894852877,-0.52,0.06,30.54
11.114672720432281,-0.51,0.06,30.5
11.117616768926382,-0.51,0.06,30.45
11.120581284165382,-0.51,0.06,30.44
11.123549297451973,-0.51,0.06,30.44
11.126500647515059,-0.52,0.06,30.44
11.129466742277145,-0.51,0.06,30.45
11.132416021078825,-0.52,0.06,30.45
11.135372146964073,-0.51,0.06,30.45
11.13834148272872,-0.52,0.06,30.45
11.141298033297062,-0.51,0.06,30.45
11.144252002239227,-0.51,0.06,30.45
11.14721005409956,-0.51,0.06,30.45
11.150168422609568,-0.52,0.06,30.45
11.153125688433647,-0.51,0.06,30.45
11.156097389757633,-0.51,0.06,30.45
11.159040857106447,-0.52,0.06,30.45
11.160531524568796,-0.52,0.06,30.45
11.162002958357334,-0.52,0.06,30.45
11.163480203598738,-0.51,0.06,30.45
11.164959400892258,-0.51,0.05,30.45
11.166468851268291,-0.52,0.06,30.45
11.167974937707186,-0.51,0.06,30.45
11.170877519994974,-0.51,0.06,30.45
11.173824928700924,-0.52,0.06,30.45
11.176790125668049,-0.51,0.06,30.45
11.179756101220846,-0.51,0.06,30.46
11.182713899761438,-0.51,0.06,30.47
11.185665886849165,-0.51,0.06,30.47
11.188627123832703,-0.52,0.06,30.47
