elapsed_time [min],weight [g]
1.1362459249794483,-0.46,4.49,20.03
1.1393006332218647,-0.46,4.49,20.03
1.1422383449971676,-0.46,4.49,20.04
1.145166665315628,-0.45,4.49,20.04
1.1481634601950645,-0.46,4.49,20.04
1.1496284268796444,-0.45,4.49,20.04
1.151041079312563,-0.45,4.49,20.04
1.1526040695607662,-0.46,4.49,20.04
1.1540965288877487,-0.45,4.49,20.04
1.1554939225316048,-0.45,4.49,20.04
1.1570353992283344,-0.45,4.49,20.05
1.1584518030285835,-0.45,4.49,20.05
1.1600089073181152,-0.45,4.49,20.05
1.1614638827741146,-0.45,4.49,20.06
1.1629468277096748,-0.45,4.49,20.07
1.1644399240612984,-0.45,4.49,20.09
1.165878627449274,-0.45,4.5,20.09
1.1673567071557045,-0.45,4.5,20.09
1.1687355190515518,-0.45,4.5,20.09
1.1703065522015095,-0.45,4.5,20.09
1.1716294288635254,-0.45,4.5,20.09
1.1732508391141891,-0.45,4.49,20.09
1.1762764602899551,-0.45,4.49,20.1
1.1790230423212051,-0.45,4.49,20.1
1.1821004077792168,-0.45,4.49,20.09
1.1850009560585022,-0.45,4.51,24.31
1.18809487298131,-0.44,4.71,26.75
1.1909758374094963,-0.36,4.19,24.97
1.1938429214060307,-0.38,4.35,29.63
1.1969126351177692,-0.39,4.3,15.02
1.199697021394968,-0.41,3.24,1.22
1.202739104628563,-0.21,2.98,1.06
1.2058230340480804,0.09,4.16,0.43
1.2087110355496407,0.06,3.57,0.31
1.2115437909960747,-0.01,2.59,0.13
1.2146963998675346,-0.03,3.78,-1.07
1.2176357507705688,0.01,4.93,-1.14
1.2191519513726234,-0.0,4.61,-0.11
1.2205788679420948,-0.04,4.65,0.02
1.2220954298973083,-0.04,4.83,0.04
1.2234381027519703,0.97,4.88,0.04
1.225017961114645,7.8,4.75,0.04
1.2264240644872189,13.89,4.67,0.04
1.2280170172452927,15.48,4.58,0.04
1.2294042147696018,15.66,4.46,0.04
1.230968426913023,15.8,4.38,0.04
1.232357144355774,14.7,4.27,0.03
1.2339418642222881,15.4,4.19,0.03
1.2353514209389687,17.12,4.29,0.03
1.2368721552193165,18.84,4.34,0.03
1.238263562321663,19.28,4.39,0.03
1.2397806122899055,19.34,4.41,0.03
1.2413071617484093,19.29,4.41,0.03
1.2427101843059063,19.27,4.4,0.03
1.2442845925688744,19.26,4.4,0.03
1.2456738986074924,19.26,4.39,0.03
1.2472303956747055,19.25,4.4,0.04
1.2486839964985847,19.25,4.4,0.04
1.2502039149403572,19.25,4.39,0.04
1.251667059957981,19.25,4.39,0.04
1.253159537911415,19.25,4.38,0.04
1.2545577734708786,19.26,4.38,0.04
1.2561285085976124,19.27,4.38,0.04
1.2576025687158108,19.27,4.38,0.04
1.2590000964701176,19.28,4.37,0.04
1.2605660483241081,19.28,4.37,0.04
1.2619707584381104,19.3,4.37,0.04
1.2632619105279446,19.31,4.37,0.04
1.2649328224360943,19.33,4.37,0.04
1.2664622738957405,19.36,4.37,0.04
1.267706736922264,19.38,4.37,0.04
1.2694094963371754,19.4,4.36,0.04
1.27074159309268,19.41,4.34,0.04
1.272363182157278,19.43,4.33,0.04
1.273813009262085,19.44,4.32,0.04
1.2766043096780777,19.44,4.31,0.04
1.2797798961400986,19.45,4.31,0.04
1.2824877835810184,19.46,4.31,0.04
1.2856891974806786,19.48,4.31,0.04
1.2886438816785812,19.5,4.31,0.04
1.2915191389620304,19.51,4.32,0.04
1.2943863719701767,19.58,4.32,0.04
1.2975112274289131,19.66,4.32,0.04
1.300242155790329,19.77,4.33,0.05
1.30343746393919,19.82,4.33,0.04
1.3063346967101097,19.94,4.34,0.05
1.3093301616609097,19.98,4.33,0.04
1.3108005747199059,20.02,4.33,0.05
1.3121653385460377,20.03,4.33,0.04
1.313771016895771,20.04,4.33,0.05
1.315133936703205,20.05,4.33,0.05
1.3166878372430801,20.05,4.33,0.05
1.3182202279567719,20.05,4.33,0.05
1.3196598030626774,20.06,4.33,0.04
1.3211063295602798,20.07,4.32,0.05
1.3226574026048183,20.08,4.33,0.05
1.324061919003725,20.08,4.33,0.05
1.3256073780357838,20.08,4.33,0.05
1.3269741423428059,20.09,4.33,0.05
1.328505728393793,20.09,4.33,0.05
1.3300123140215874,20.09,4.33,0.05
1.3315088227391243,20.1,4.33,0.05
1.3329996168613434,20.1,4.33,0.05
1.334398154169321,20.1,4.33,0.05
1.3358961082994938,20.11,4.33,0.05
1.3373763225972652,20.11,4.33,0.05
1.3388546481728554,20.11,4.33,0.05
1.3403656221926212,20.11,4.33,0.05
1.3418696634471416,20.11,4.33,0.05
1.343353308737278,20.11,4.33,0.05
1.3448296412825584,20.11,4.33,0.05
1.346308995038271,20.12,4.33,0.05
1.3477940186858177,20.12,4.33,0.05
1.3492761999368668,20.12,4.33,0.05
1.3506770506501198,20.12,4.33,0.05
1.3522208854556084,20.12,4.34,0.05
1.3537084721028805,20.12,4.33,0.05
1.3551764152944088,20.12,4.33,0.05
1.3566545993089676,20.13,4.33,0.05
1.3581362254917622,20.13,4.33,0.05
1.359628763049841,20.13,4.33,0.05
1.361096989363432,20.13,4.34,0.05
1.362579807639122,20.14,4.34,0.05
1.3640358746051788,20.14,4.34,0.05
1.3655275776982307,20.14,4.35,0.05
1.3667765334248543,20.14,4.35,0.05
1.3684866689145565,20.14,4.35,0.05
1.3699214570224285,20.14,4.35,0.05
1.3714546598494053,20.15,4.35,0.05
1.3744105361402035,20.15,4.36,0.05
1.3773627988994122,20.15,4.37,0.05
1.3803239353001118,20.15,4.37,0.05
1.3832860738039017,20.16,4.37,0.05
1.3862337246537209,20.16,4.37,0.05
1.3890639878809452,20.16,4.37,0.06
1.392015714198351,20.16,4.36,0.05
1.3951193913817406,20.16,4.37,0.05
1.397905234247446,20.16,4.36,0.05
1.4008433483541012,20.16,4.36,0.05
1.4038495756685734,20.17,4.36,0.05
1.4069026857614517,20.17,4.36,0.05
1.40980564057827,20.17,4.36,0.05
1.4128079563379288,20.17,4.36,0.05
1.4157031923532486,20.18,4.36,0.05
1.4187354445457458,20.17,4.36,0.05
1.421634752303362,20.17,4.36,0.05
1.4245992004871368,20.18,4.36,0.05
1.4275710172951221,20.18,4.36,0.05
1.4305136501789093,20.18,4.36,0.05
1.433474175632,20.19,4.36,0.04
1.4365174733102322,20.18,4.36,0.05
1.439415816217661,20.2,4.36,0.04
1.4423773065209389,20.22,4.36,0.05
1.4453371539711952,20.22,4.36,0.04
1.448352638632059,20.22,4.36,0.04
1.4513248540461063,20.22,4.35,0.05
1.4542471319437027,20.22,4.35,0.05
1.4570816867053509,20.23,4.36,0.05
1.4601751640439034,20.21,4.36,0.05
1.4630153514444828,20.23,4.37,0.05
1.4659847021102905,20.22,4.37,0.05
1.4688913151621819,20.22,4.37,0.05
1.4702975898981094,20.23,4.37,0.05
1.472008466720581,20.22,4.37,0.05
1.4734902866184711,20.22,4.37,0.05
1.4749546684324741,20.23,4.37,0.05
1.4764203913509846,20.22,4.37,0.05
1.4779193550348282,20.22,4.37,0.05
1.4794031642377377,20.23,4.37,0.05
1.480871506035328,20.22,4.37,0.05
1.4823586195707321,20.23,4.37,0.05
1.4836471416056156,20.23,4.37,0.05
1.485308464616537,20.22,4.37,0.05
1.486735686659813,20.22,4.37,0.05
1.4882766716182232,20.22,4.37,0.05
1.489562302827835,20.23,4.37,0.05
1.491235427558422,20.23,4.37,0.05
1.4925315901637077,20.23,4.37,0.05
1.4941890463232994,20.22,4.37,0.05
1.4956681951880455,20.22,4.37,0.05
1.4971452355384827,20.24,4.37,0.05
1.498624935746193,20.22,4.37,0.05
1.500121884047985,20.23,4.38,0.05
1.5015849508345127,20.23,4.38,0.05
1.5030695162713528,20.23,4.38,0.05
1.5044481791555882,20.23,4.38,0.05
1.5059349201619625,20.23,4.38,0.05
1.5074958726763725,20.23,4.38,0.05
1.5088954493403435,20.23,4.38,0.05
1.5103528127074242,20.24,4.38,0.05
1.5117785558104515,20.23,4.38,0.05
1.5133407935500145,20.23,4.38,0.05
1.5148479044437408,20.23,4.38,0.05
1.5163763612508774,20.23,4.38,0.05
1.517840463668108,20.23,4.38,0.05
1.5193293876945972,20.23,4.38,0.05
1.5207535736262798,20.23,4.39,0.05
1.522290911525488,20.23,4.38,0.05
1.5237512849271297,20.23,4.39,0.05
1.5252236276865005,20.23,4.39,0.05
1.526609379798174,20.23,4.39,0.05
1.5281152315437794,20.23,4.39,0.05
1.5296434871852398,20.23,4.39,0.05
1.5311161540448666,20.23,4.39,0.05
1.5326037146151066,20.23,4.39,0.05
1.5340393111109734,20.23,4.39,0.05
1.5355881340801716,20.23,4.39,0.05
1.5370702371001244,20.23,4.39,0.05
1.53854351490736,20.24,4.39,0.05
1.5400175042450428,20.24,4.39,0.05
1.5414844751358032,20.24,4.39,0.05
1.5429852828383446,20.24,4.39,0.05
1.544468343257904,20.24,4.39,0.05
1.5458518378436565,20.24,4.39,0.05
1.5474232397973537,20.24,4.39,0.05
1.5489132963120937,20.24,4.39,0.05
1.5503789745271206,20.24,4.39,0.05
1.5518075451254845,20.24,4.39,0.05
1.5533324517309666,20.24,4.39,0.05
1.5548187792301178,20.24,4.39,0.05
1.556297555565834,20.24,4.39,0.05
1.5577725358307362,20.24,4.39,0.05
1.5592661872506142,20.24,4.39,0.05
1.560730766505003,20.24,4.39,0.05
1.5620883330702782,20.24,4.39,0.05
1.563693467527628,20.24,4.39,0.05
1.5651618130505085,20.24,4.39,0.05
1.5666425116360188,20.24,4.39,0.05
1.5681250132620335,20.24,4.39,0.05
1.5696175768971443,20.24,-103.49,0.05
1.5725575909018517,20.24,4.39,0.05
1.5754122510552406,20.24,4.39,0.05
1.5783301554620266,20.24,4.39,0.05
1.5813540928065777,20.24,4.39,0.05
1.5842567645013332,20.24,4.39,0.05
1.5872040577232838,20.25,4.39,0.05
1.5903285294771194,20.24,4.39,0.05
1.5932763442397118,20.25,4.39,0.05
1.5961290821433067,20.25,4.39,0.05
1.599181342869997,20.24,4.39,0.05
1.6020113341510296,20.25,4.39,0.05
1.6050055027008057,20.25,4.39,0.05
1.6080498583614826,20.25,4.39,0.05
1.6109732277691364,20.25,4.39,0.05
1.6138528920710087,20.25,4.39,0.05
1.6169312000274658,20.25,4.39,0.05
1.6197634413838387,20.25,4.39,0.05
1.6228351183235645,20.25,4.39,0.05
1.6257480755448341,20.25,4.39,0.05
1.6286759413778782,20.25,4.39,0.05
1.6316244900226593,20.25,4.39,0.05
1.6331900209188461,20.25,4.39,0.05
1.6346737518906593,20.26,4.39,0.05
1.63613910228014,20.26,4.39,0.05
1.637600377202034,20.26,4.39,0.05
1.6390933766961098,20.25,4.39,0.05
1.6405854523181915,20.26,4.39,0.05
1.6420540399849415,20.26,4.39,0.05
1.643508244305849,20.26,4.39,0.05
1.6450048685073853,20.26,4.39,0.05
1.6465103477239609,20.26,4.39,0.05
1.647979449480772,20.26,4.39,0.05
1.6493820697069168,20.26,4.39,0.05
1.6509371064603329,20.26,4.39,0.05
1.6524153426289558,20.26,4.39,0.05
1.653894331306219,20.26,4.39,0.05
1.6553670689463615,20.26,4.39,0.05
1.6568579636514187,20.26,4.39,0.05
1.6583303399384022,20.26,4.39,0.05
1.6598213165998459,20.26,4.39,0.05
1.6612338498234749,20.26,4.39,0.05
1.662771038711071,20.26,4.39,0.05
1.6642496660351753,20.26,4.39,0.05
1.665491208434105,20.26,4.39,0.05
1.667200580239296,20.26,4.39,0.05
1.6701468154788017,20.26,4.39,0.05
1.6729227788746357,20.26,4.39,0.05
1.6758977100253105,20.26,4.39,0.05
1.67895233258605,20.26,4.39,0.05
1.682004164904356,20.27,4.4,0.05
1.6849420294165611,20.26,4.4,0.05
1.687805950641632,20.26,4.4,0.05
1.6907317489385605,20.26,4.4,0.05
1.693819209933281,20.27,4.39,0.05
1.6966370455920696,20.26,4.39,0.05
1.6996873058378696,20.27,4.4,0.05
1.7027108147740364,20.26,4.4,0.05
1.7056294083595276,20.26,4.4,0.05
1.7085345350205898,20.26,4.39,0.05
1.7114861756563187,20.27,4.39,0.05
1.7144768126308918,20.27,4.4,0.05
1.7174863331019878,20.27,4.4,0.05
1.7204480096697807,20.27,4.4,0.05
1.7233408093452454,20.27,4.4,0.05
1.7247469425201416,20.27,4.4,0.05
1.7263615429401398,20.27,4.4,0.05
1.7278347574174404,20.27,4.4,0.05
1.7293172515928745,20.27,4.4,0.05
1.730781428515911,20.27,4.4,0.05
1.7322712913155556,20.27,4.4,0.05
1.7336344420909882,20.27,4.39,0.05
1.7352014295756817,20.27,4.4,0.05
1.7366052977740765,20.27,4.4,0.05
1.7381887435913086,20.27,4.4,0.05
1.739562977105379,20.27,4.4,0.05
1.7411004602909088,20.27,4.4,0.05
1.7426056116819382,20.27,4.4,0.05
1.744107086211443,20.27,4.4,0.05
1.7455697990953922,20.27,4.4,0.05
1.7470611929893494,20.27,4.4,0.05
1.7485413812100887,20.27,4.4,0.05
1.7500161863863468,20.27,4.4,0.05
1.7514967396855354,20.27,4.4,0.05
1.7529747784137726,20.27,4.39,0.05
1.7544461004436016,20.28,4.4,0.05
1.7557152137160301,20.27,4.4,0.05
1.7574112191796303,20.27,4.4,0.05
1.7588264383375645,20.28,4.4,0.05
1.7603675499558449,20.28,4.4,0.05
1.7617844566702843,20.28,4.39,0.05
1.7633221074938774,20.28,4.39,0.05
1.764684185385704,20.27,4.39,0.05
1.7662880271673203,20.28,4.39,0.05
1.7691611759364605,20.28,4.4,0.05
1.772195864468813,20.28,4.4,0.05
1.7749793492257595,20.28,4.39,0.05
1.778117150068283,20.28,4.4,0.05
1.7809804156422615,20.28,4.4,0.05
1.7838964201509953,20.28,4.4,0.05
1.7868090234696865,20.28,4.4,0.05
1.7899135909974575,20.28,4.4,0.05
1.7927349880337715,20.28,4.4,0.05
1.7943761684000492,20.28,4.4,0.05
1.7958569675683975,20.28,4.4,0.05
1.7973315827548504,20.28,4.4,0.05
1.7988245822489262,20.28,4.4,0.05
1.8002952560782433,20.28,4.4,0.05
1.801775187253952,20.28,4.4,0.05
1.8031982220709324,20.28,4.4,0.05
1.8047310784459114,20.28,4.4,0.05
1.8062080033123493,20.28,4.4,0.05
1.807605404406786,20.29,4.4,0.05
1.8091667033731937,20.28,4.4,0.05
1.8105342872440815,20.28,4.4,0.05
1.812067300081253,20.28,4.4,0.05
1.8134532906115055,20.28,4.4,0.05
1.814989097416401,20.28,4.4,0.05
1.8165598846971989,20.28,4.4,0.05
1.8180458173155785,20.28,4.4,0.05
1.8194822818040848,20.29,4.4,0.05
1.8209822289645672,20.28,4.4,0.05
1.8223934210836887,20.29,4.4,0.05
1.8239248655736446,20.29,4.4,0.05
1.8254097737371922,20.29,4.4,0.05
1.8269055224955082,20.29,4.4,0.05
1.8283946514129639,20.29,4.4,0.05
1.829872753471136,20.29,4.4,0.05
1.831236332654953,20.29,4.4,0.05
1.8328282348811626,20.29,4.4,0.05
1.8342147804796696,20.29,4.4,0.05
1.835763055831194,20.29,4.4,0.05
1.8372283913195133,20.29,4.4,0.05
1.8387251049280167,20.29,4.4,0.05
1.840221531689167,20.29,4.4,0.05
1.8416590690612793,20.29,4.4,0.05
1.8431822583079338,20.29,4.4,0.05
1.8446489237248898,20.29,4.4,0.04
1.8461149707436562,20.28,4.4,0.06
1.8476021774113178,20.3,4.4,0.04
1.849096667021513,20.27,4.39,0.04
1.850578784942627,20.29,4.4,0.05
1.852052479982376,20.29,4.4,0.05
1.8534483201801777,20.28,4.39,0.04
1.8549741879105568,20.29,4.4,0.06
1.8564891926944256,20.31,4.4,0.05
1.8579475618898869,20.27,4.39,0.04
1.859444499015808,20.28,4.4,0.05
1.8609202057123184,20.3,4.4,0.05
1.8624042645096779,20.29,4.4,0.05
1.863873153924942,20.28,4.4,0.05
1.8653603345155716,20.29,-134.43,0.05
1.8682113625109196,20.29,4.4,0.05
1.8711920864880085,20.29,4.4,0.05
1.8742418996989727,20.29,4.39,0.05
1.8771381117403507,20.29,4.4,0.05
1.8801595605909824,20.29,4.4,0.05
1.8831168115139008,20.28,4.4,0.05
1.8859643302857876,20.27,4.4,0.04
1.8890240080654621,20.27,4.4,0.05
1.8919446617364883,20.28,4.39,0.05
1.8949374184012413,20.28,4.39,0.05
1.8979040533304214,20.27,4.39,0.05
1.9008579030632973,20.26,4.39,0.05
1.903809666633606,20.26,4.39,0.05
1.906772404909134,20.26,4.39,0.05
1.9097289107739925,20.26,4.39,0.05
1.9126752614974976,20.26,4.39,0.05
1.9156482256948948,20.26,4.39,0.05
1.9186071939766407,20.26,4.39,0.05
1.9215543195605278,20.27,4.39,0.05
1.9245156906545162,20.27,4.39,0.05
1.9274631589651108,20.28,4.39,0.05
1.930432040244341,20.28,4.39,0.05
1.9333861358463764,20.28,4.39,0.05
1.9363437071442604,20.28,4.39,0.05
1.9393044747412205,20.28,4.39,0.05
1.9422600790858269,20.28,4.39,0.05
1.945222619920969,20.28,4.39,0.05
1.9481824673712254,20.29,4.39,0.05
1.9511351585388184,20.29,4.39,0.04
1.9540873318910599,20.29,4.39,0.05
1.9555767104029655,20.29,4.39,0.05
1.9570482447743416,20.29,4.39,0.05
1.9585303366184235,20.3,4.39,0.05
1.9600055441260338,20.3,4.39,0.05
1.9614861719310284,20.3,4.39,0.05
1.9629615284502506,20.3,4.39,0.05
1.9659196734428406,20.3,4.39,0.05
1.9688697792589664,20.3,4.39,0.05
1.971837256103754,20.3,4.39,0.05
1.974796999245882,20.3,4.39,0.05
1.9777451641857624,20.3,4.39,0.05
1.9792355559766293,20.3,4.39,0.05
1.9807109981775284,20.3,4.39,0.05
1.9821884036064148,20.3,4.39,0.04
1.983661737293005,20.29,4.39,0.05
1.9851488061249256,20.29,4.39,0.05
1.986617997288704,20.3,4.39,0.05
1.9881027974188328,20.3,4.39,0.05
1.9895885698497295,20.29,4.39,0.05
1.9910619221627712,20.3,4.39,0.05
1.9925463050603867,20.3,4.39,0.05
1.9940099380910397,20.3,4.39,0.05
1.9954973496496677,20.31,4.39,0.05
1.9969767518341541,20.31,4.39,0.05
1.9984606355428696,20.32,4.39,0.05
1.9999312907457352,20.31,4.39,0.05
2.0014057643711567,20.32,4.39,0.05
2.002884104847908,20.32,4.39,0.05
2.0043674632906914,20.33,4.39,0.05
2.005844794213772,20.33,4.39,0.05
2.0073373429477215,20.33,4.39,0.05
2.008807312697172,20.33,4.39,0.05
2.0102950632572174,20.34,4.4,0.05
2.0117688812315464,20.34,4.4,0.05
2.0132487416267395,20.33,4.4,0.05
2.014725737273693,20.34,4.4,0.05
2.0161950178444386,20.34,4.4,0.05
2.017681948840618,20.34,4.41,0.05
2.019167311489582,20.35,4.41,0.05
2.020638857036829,20.35,4.4,0.05
2.0221215784549713,20.35,4.41,0.05
2.023598290979862,20.35,4.41,0.05
2.025077059864998,20.35,4.41,0.05
2.02654667198658,20.36,4.4,0.05
2.028036769479513,20.36,4.4,0.05
2.0295098051428795,20.36,4.41,0.05
2.03097677603364,20.36,4.4,0.05
2.0324753299355507,20.36,4.41,0.05
2.0339492931962013,20.36,4.4,0.05
2.0354255102574825,20.36,4.4,0.05
2.0368951745331287,20.36,4.4,0.05
2.0383792147040367,20.36,4.4,0.05
2.039871606975794,20.36,4.4,0.05
2.0413437448441982,20.36,4.4,0.05
2.0428214743733406,20.36,4.4,0.05
2.0443017557263374,20.36,4.4,0.05
2.0457849465310574,20.36,4.4,0.05
2.0472476184368134,20.36,4.4,0.05
2.04873413965106,20.36,4.4,0.05
2.0502084381878376,20.36,4.4,0.05
2.0516971983015537,20.37,4.4,0.05
2.0531737208366394,20.37,4.4,0.05
2.0546567998826504,20.37,4.4,0.05
2.05613524466753,20.37,4.4,0.05
2.057608000934124,20.37,4.4,0.05
2.0590861216187477,20.37,4.4,0.05
2.060565561056137,20.37,4.4,0.05
2.0620617978274822,20.37,4.4,0.05
2.06500780582428,20.37,4.4,0.05
2.0679668970406055,20.37,4.4,0.05
2.070923328399658,20.37,4.4,0.05
2.0738796330988407,20.37,4.4,0.05
2.076833501458168,20.37,4.39,0.04
2.0797920413315296,20.37,4.39,0.05
2.0827461518347263,20.4,4.39,0.04
2.0857124216854572,20.4,4.38,0.06
2.0886514261364937,20.41,4.38,0.05
2.091615229845047,20.41,4.38,0.05
2.094577345997095,20.41,4.38,0.05
2.0975369699299335,20.41,4.38,0.05
2.1005001589655876,20.41,4.38,0.05
2.103450793772936,20.41,4.38,0.05
2.106402166187763,20.41,4.38,0.05
2.109366897493601,20.4,4.38,0.05
2.1123252250254154,20.41,4.38,0.05
2.1152810119092464,20.41,4.38,0.05
2.116759441792965,20.41,4.38,0.05
2.1182357519865036,20.41,4.38,0.05
2.1197203174233437,20.4,4.38,0.05
2.121192552149296,20.41,4.38,0.05
2.122666861861944,20.41,4.38,0.05
2.12415986135602,20.41,4.38,0.05
2.1256382688879967,20.41,4.38,0.05
2.127112340182066,20.41,4.38,0.05
2.1285930052399635,20.41,4.38,0.05
2.1300728879868984,20.41,4.38,0.05
2.1315493434667587,20.41,4.38,0.05
2.133037880063057,20.41,4.38,0.05
2.13450638204813,20.41,4.38,0.05
2.13598470389843,20.41,4.38,0.05
2.1374680288136005,20.41,4.38,0.05
2.1389514915645123,20.41,4.38,0.05
2.140422001481056,20.41,4.38,0.05
2.1418986581265926,20.41,4.38,0.05
2.143390975892544,20.41,4.38,0.05
2.1448575891554356,20.41,4.38,0.05
2.146346002817154,20.41,4.38,0.05
2.1478169187903404,20.41,4.38,0.05
2.149291131645441,20.41,4.38,0.05
2.150778792798519,20.41,4.38,0.05
2.1522728763520718,20.41,4.38,0.05
2.1537425816059113,20.41,4.38,0.05
2.1552136093378067,20.41,4.38,0.05
2.156691424548626,20.41,4.38,0.05
2.1581608541309834,20.41,4.38,0.05
2.1596465297043324,20.41,4.38,0.05
2.162605293095112,20.41,4.38,0.05
2.1655633226037025,20.41,4.38,0.05
2.1685216650366783,20.41,4.38,0.05
2.171471379697323,20.41,4.38,0.05
2.174432657659054,20.41,4.38,0.05
2.1773966141045094,20.41,4.38,0.05
2.1803512163460255,20.41,4.38,0.05
2.1833183467388153,20.41,4.38,0.05
2.1862614676356316,20.41,4.38,0.05
2.1892198212444782,20.4,4.38,0.05
2.1921888031065464,20.41,4.38,0.05
2.195138681679964,20.4,4.38,0.05
2.1980984210968018,20.41,4.38,0.05
2.2010498121380806,20.41,4.38,0.05
2.2040180899202824,20.4,4.38,0.05
2.2069741636514664,20.41,4.38,0.05
2.2099276147782803,20.41,4.38,0.05
2.2128849774599075,20.42,4.39,0.05
2.215836487710476,20.43,4.4,0.05
2.2187997736036777,20.43,4.4,0.05
2.22177904099226,20.43,4.41,0.05
2.2247120440006256,20.43,4.41,0.05
2.227679308503866,20.43,4.41,0.05
2.230642344802618,20.43,4.4,0.05
2.2335898987948895,20.43,4.4,0.05
2.235069464892149,20.43,4.4,0.05
2.236544720828533,20.43,4.4,0.05
2.238025341182947,20.43,4.4,0.05
2.2395097576081753,20.43,4.4,0.05
2.240981213748455,20.43,4.4,0.05
2.2424585931003094,20.43,4.4,0.05
2.2439369671046734,20.43,4.4,0.05
2.245432887226343,20.43,4.4,0.05
2.2469003684818745,20.43,4.4,0.05
2.2483840472996235,20.43,4.4,0.05
2.249846264719963,20.43,4.4,0.05
2.2513507790863514,20.43,4.4,0.05
2.2528151646256447,20.43,4.39,0.05
2.2542931102216244,20.43,4.4,0.05
2.2557632215321064,20.43,4.4,0.05
2.257249303162098,20.43,4.4,0.05
2.258729759603739,20.43,4.4,0.05
2.2601988539099693,20.44,4.39,0.05
2.2631673514842987,20.44,4.4,0.05
2.2661172412335873,20.43,4.4,0.05
2.2690817825496197,20.43,4.4,0.05
2.27204430103302,20.43,4.4,0.05
2.274998512119055,20.43,4.4,0.05
2.277952328324318,20.43,4.4,0.05
2.279434870928526,20.43,4.41,0.05
2.280903123319149,20.43,4.41,0.05
2.282390758395195,20.43,4.41,0.05
2.283870603889227,20.43,4.42,0.05
2.285347867757082,20.43,4.42,0.05
2.2868255972862244,20.43,4.41,0.05
2.288304839283228,20.43,4.41,0.05
2.2897982224822044,20.43,4.41,0.05
2.291261959820986,20.43,4.41,0.05
2.2927347905933857,20.43,4.41,0.05
2.2942115738987923,20.43,4.41,0.05
2.295698393136263,20.42,4.41,0.05
2.2971761226654053,20.43,4.41,0.05
2.298661969602108,20.43,4.41,0.05
2.3001387789845467,20.43,4.41,0.05
2.301612727344036,20.43,4.41,0.05
2.30309185013175,20.43,4.41,0.05
2.3045669347047806,20.43,4.41,0.05
2.306049682199955,20.43,4.4,0.05
2.3075276277959347,20.43,4.41,0.05
2.3090084306895733,20.43,4.41,0.05
2.3104772865772247,20.43,4.41,0.05
2.311970893293619,20.43,4.41,0.05
2.313447318971157,20.43,4.4,0.05
2.314927775412798,20.43,4.4,0.05
2.31640687584877,20.43,4.4,0.05
2.317872531712055,20.43,4.4,0.05
2.319360624998808,20.43,4.4,0.05
2.3208428099751472,20.43,4.4,0.05
2.322320006787777,20.43,4.4,0.05
2.3238050043582916,20.44,4.4,0.05
2.3252715058624744,20.43,4.4,0.05
2.3267519623041153,20.43,4.4,0.05
2.3282277062535286,20.43,4.4,0.05
2.329709943383932,20.44,4.4,0.05
2.331191062927246,20.44,4.4,0.05
2.332674168050289,20.43,4.4,0.05
2.3341480642557144,20.43,4.4,0.05
2.335624512284994,20.43,4.4,0.05
2.3370990231633186,20.43,4.4,0.05
2.338584441691637,20.43,4.4,0.05
2.3400659300386906,20.43,4.4,0.05
2.3415407463908195,20.44,4.4,0.05
2.343019224703312,20.44,4.4,0.05
2.3444930389523506,20.44,4.4,0.05
2.3459740318357944,20.43,4.4,0.05
2.3474590852856636,20.44,4.4,0.05
2.3489351235330105,20.44,4.4,0.05
2.3504182174801826,20.44,4.4,0.05
2.3518918342888355,20.44,4.4,0.05
2.3533757999539375,20.44,4.4,0.05
2.3548387065529823,20.44,4.4,0.05
2.3563292510807514,20.44,4.4,0.05
2.3578059673309326,20.44,4.4,0.05
2.3607552871108055,20.44,4.4,0.05
2.3637178242206573,20.44,4.4,0.05
2.3666704446077347,20.44,4.4,0.05
2.369629681110382,20.44,4.4,0.05
2.372601091861725,20.44,4.4,0.05
2.3755476102232933,20.44,4.4,0.05
2.3784984052181244,20.44,4.4,0.05
2.3814700581133366,20.44,4.39,0.05
2.3844151608645916,20.44,4.4,0.05
2.387379076331854,20.44,4.4,0.05
2.3903423100709915,20.45,4.4,0.05
2.393286604434252,20.44,4.4,0.05
2.3962517492473125,20.45,4.4,0.05
2.3992143720388412,20.44,4.4,0.05
2.4021605402231216,20.45,4.4,0.05
2.405131448060274,20.44,4.4,0.05
2.4080869406461716,20.44,4.4,0.05
2.4110394679009914,20.45,4.39,0.05
2.4139972254633904,20.45,4.39,0.05
2.4169594682753086,20.45,4.39,0.05
2.4199210181832314,20.45,4.39,0.05
2.4228716418147087,20.45,4.4,0.05
2.4258280880749226,20.45,4.39,0.05
2.4287958778440952,20.45,4.4,0.05
2.4317530430853367,20.45,4.39,0.05
2.434704825282097,20.45,4.39,0.05
2.4376608096063137,20.45,4.39,0.05
2.439138028770685,20.45,4.39,0.05
2.4406094662845135,20.45,4.39,0.05
2.4421110190451145,20.45,4.39,0.05
2.4435770958662033,20.46,4.39,0.05
2.445055276155472,20.46,4.39,0.05
2.446534752845764,20.45,4.39,0.05
2.4480146542191505,20.45,4.39,0.05
2.449487764388323,20.45,4.39,0.05
2.4509740732610226,20.45,4.39,0.05
2.4524374045431614,20.45,4.39,0.05
2.4539298452436924,20.45,4.39,0.05
2.4554039798676968,20.45,4.39,0.05
2.458363402634859,20.45,4.4,0.05
2.461313910782337,20.45,4.39,0.05
2.464275009930134,20.45,4.4,0.05
2.4672400318086147,20.45,4.39,0.05
2.4701942652463913,20.46,4.4,0.05
2.473160170018673,20.45,4.39,0.05
2.4760980531573296,20.45,4.4,0.05
2.479076437652111,20.45,4.39,0.05
2.4820230342447758,20.45,4.39,0.05
2.4849864915013313,20.46,4.4,0.05
2.486454624682665,20.45,4.4,0.05
2.4879425540566444,20.45,4.39,0.05
2.489418603479862,20.45,4.39,0.05
2.490897122770548,20.45,4.4,0.05
2.492380704730749,20.45,4.4,0.05
2.4938599169254303,20.46,4.4,0.05
2.495330974459648,20.46,4.4,0.05
2.496812619268894,20.46,4.39,0.05
2.4982953928411007,20.46,4.4,0.05
2.499771986156702,20.46,4.4,0.05
2.501247350126505,20.45,4.39,0.05
2.5027257837355137,20.45,4.4,0.05
2.504206083714962,20.46,4.4,0.05
2.5056897401809692,20.46,4.4,0.05
2.5071722976863384,20.46,4.4,0.05
2.508631631731987,20.45,4.4,0.05
2.5101165138185024,20.45,4.4,0.05
2.511605139821768,20.46,4.4,0.05
2.5130947194993496,20.46,4.4,0.05
2.514556486159563,20.45,4.4,0.05
2.5160407796502113,20.46,4.4,0.05
2.517514940351248,20.45,4.4,0.05
2.5190008245408535,20.46,4.4,0.05
2.5204656086862087,20.46,4.4,0.05
2.5219438299536705,20.45,4.4,0.05
2.523436352610588,20.45,4.4,0.05
2.5249078795313835,20.45,4.4,0.05
2.5263774916529655,20.46,4.4,0.05
2.5278645642101765,20.45,4.4,0.05
2.529332861304283,20.46,4.4,0.05
2.530829668045044,20.46,4.4,0.05
2.5322948656976223,20.46,4.4,0.05
2.533780809491873,20.46,4.4,0.05
2.535260710865259,20.46,4.4,0.05
2.5367400012910366,20.46,4.4,0.05
2.5382338538765907,20.46,4.4,0.05
2.539696842432022,20.46,4.4,0.05
2.541171308606863,20.46,4.4,0.05
2.5426516085863113,20.46,4.4,0.05
2.54413041472435,20.46,4.4,0.05
2.5456108562648296,20.46,4.4,0.05
2.5470814928412437,20.46,4.4,0.05
2.5485716313123703,20.46,4.4,0.05
2.5500566624104977,20.46,4.4,0.05
2.551530834287405,20.46,4.4,0.05
2.552998933941126,20.46,4.4,0.05
2.554482877254486,20.46,4.4,0.05
2.557445604354143,20.46,4.4,0.05
2.560400553047657,20.46,4.4,0.05
2.563360821455717,20.46,4.4,0.05
2.566309992223978,20.46,4.4,0.05
2.569261569529772,20.46,4.4,0.05
2.5722232796251774,20.46,4.4,0.05
2.5751909725368023,20.46,4.4,0.05
2.578140813857317,20.46,4.41,0.05
2.5811024084687233,20.46,4.4,0.05
2.5840622410178185,20.46,4.4,0.05
2.5870206989347935,20.46,4.4,0.05
2.5899627171456814,20.46,4.41,0.05
2.5929310768842697,20.46,4.41,0.05
2.5958882234990597,20.46,4.41,0.05
2.5988506600260735,20.46,4.41,0.05
2.6003272719681263,20.46,4.41,0.05
2.601802323013544,20.46,4.41,0.05
2.60328159481287,20.46,4.41,0.05
2.604762990027666,20.46,4.41,0.05
2.6062357537448406,20.46,4.41,0.05
2.607724718749523,20.46,4.41,0.05
2.6091986671090126,20.46,4.41,0.05
2.610688328742981,20.46,4.41,0.05
2.612151574343443,20.46,4.41,0.05
2.613626915961504,20.46,4.41,0.05
2.6151185780763626,20.46,4.4,0.05
2.616598926484585,20.46,4.41,0.05
2.6180680878460407,20.46,4.41,0.05
2.6195527017116547,20.46,4.41,0.05
2.6210208162665367,20.46,4.41,0.05
2.622504010796547,20.47,4.41,0.05
2.623995151370764,20.46,4.41,0.05
2.6254711635410786,20.46,4.41,0.05
2.626949042081833,20.46,4.41,0.05
2.6284215301275253,20.46,4.41,0.05
2.6299003288149834,20.46,4.41,0.05
2.631377398967743,20.46,4.41,0.05
2.632858242839575,20.46,4.41,0.05
2.6343407928943634,20.46,4.41,0.05
2.6358177959918976,20.47,4.41,0.05
2.6372990123927593,20.46,4.41,0.05
2.6387723945081234,20.46,4.41,0.05
2.6402528434991837,20.47,4.41,0.05
2.6417255476117134,20.47,4.41,0.05
2.6432027220726013,20.46,4.41,0.05
2.6446953378617764,20.46,4.41,0.05
2.646172307431698,20.46,4.41,0.05
2.6476463340222836,20.46,4.41,0.05
2.64912973344326,20.47,4.41,0.05
2.6506033055484295,20.47,4.41,0.05
2.652086865156889,20.46,4.41,0.05
2.6550444811582565,20.46,4.41,0.05
2.6579919904470444,20.46,4.41,0.05
2.660951666533947,20.46,4.41,0.05
2.663906842470169,20.46,4.41,0.05
2.6668679751455784,20.47,4.41,0.05
2.66982713714242,20.47,4.41,0.05
2.672767259180546,20.46,4.41,0.05
2.675733257085085,20.47,4.41,0.05
2.6787025965750217,20.47,4.41,0.06
2.681656237691641,20.47,4.42,0.05
2.684612385928631,20.45,4.43,0.05
2.6875691898167133,20.46,4.43,0.05
2.690529279410839,20.46,4.44,0.05
2.6934795938432217,20.46,4.43,0.05
2.6964475885033607,20.46,4.43,0.05
2.6994000114500523,20.46,4.43,0.05
2.702360901981592,20.46,4.43,0.05
2.7053259275853634,20.46,4.43,0.05
2.708286475390196,20.46,4.43,0.05
2.7112361155450344,20.46,4.43,0.05
2.7141896598041058,20.46,4.43,0.05
2.7171561792492867,20.47,4.43,0.05
2.720107540488243,20.46,4.43,0.05
2.7230600379407406,20.47,4.43,0.05
2.726017128676176,20.47,4.43,0.05
2.728972088545561,20.47,4.43,0.05
2.731934614479542,20.47,4.43,0.05
2.734892975538969,20.47,4.43,0.05
2.736379709094763,20.47,4.43,0.05
2.737850457429886,20.46,4.43,0.05
2.739332292228937,20.47,4.43,0.05
2.7408125400543213,20.46,4.43,0.05
2.7422751411795616,20.46,4.43,0.05
2.7437689937651157,20.46,4.43,0.05
2.745234128087759,20.45,4.43,0.05
2.746728587895632,20.45,4.43,0.05
2.7482038103044033,20.45,4.43,0.05
2.749685361981392,20.45,4.43,0.05
2.7511527463793755,20.45,4.43,0.05
2.754117976874113,20.45,4.43,0.05
2.7570829056203365,20.46,4.43,0.05
2.760030634701252,20.47,4.43,0.05
2.7615128867328167,20.47,4.43,0.05
2.762987483292818,20.47,4.43,0.05
2.764475379139185,20.48,4.42,0.05
2.7659455314278603,20.48,4.43,0.05
2.7674302831292152,20.48,4.43,0.05
2.7688987739384174,20.47,4.43,0.05
2.7703912183642387,20.48,4.42,0.05
2.7718639634549618,20.48,4.43,0.05
2.7733544185757637,20.48,4.43,0.05
2.7748211920261383,20.48,4.43,0.05
2.776300735771656,20.49,4.43,0.05
2.777780544012785,20.49,4.43,0.05
2.7792546153068542,20.49,4.43,0.05
2.7807388566434383,20.49,4.43,0.05
2.782204445451498,20.5,4.43,0.05
2.783706024289131,20.49,4.43,0.05
2.785163138061762,20.5,4.43,0.05
2.786647953093052,20.5,4.43,0.05
2.7881357073783875,20.5,4.43,0.05
2.789607349783182,20.5,4.43,0.05
2.791081450879574,20.51,4.43,0.05
2.7925634905695915,20.51,4.43,0.06
2.794059742242098,20.51,4.43,0.06
2.7955250926315784,20.52,4.43,0.05
2.797002874314785,20.51,4.43,0.04
2.798482544720173,20.5,4.44,0.05
2.7999789752066135,20.52,4.44,0.05
2.801434099674225,20.56,4.44,0.05
2.80290674418211,20.59,4.44,0.05
2.804395068436861,20.59,4.44,0.05
2.805873055011034,20.59,4.43,0.05
2.8073485866189003,20.58,4.43,0.05
2.8088359609246254,20.59,4.43,0.06
2.81031521782279,20.58,4.43,0.05
2.811796125024557,20.58,4.43,0.05
2.8132635205984116,20.58,4.43,0.05
2.814741648733616,20.58,4.43,0.05
2.8162334598600864,20.58,4.43,0.05
2.81770546361804,20.58,4.43,0.05
2.819195955991745,20.58,4.43,0.05
2.8206645883619785,20.58,4.43,0.05
2.8221419900655746,20.57,4.43,0.05
2.82361963018775,20.57,4.43,0.05
2.8251001983880997,20.57,4.43,0.05
2.8265784829854965,20.57,4.43,0.05
2.8280570581555367,20.57,4.43,0.05
2.8295349441468716,20.57,4.43,0.05
2.831014633178711,20.57,4.43,0.05
2.8324896432459354,20.57,4.43,0.05
2.833976414054632,20.57,4.43,0.05
2.835357401520014,20.57,4.43,0.05
2.8369248397648335,20.57,4.43,0.05
2.8382813334465027,20.57,4.43,0.05
2.8397768028080463,20.57,4.43,0.05
2.8412882797420025,20.57,4.43,0.05
2.8428439646959305,20.57,4.43,0.05
2.8442775532603264,20.57,4.43,0.05
2.845752488821745,20.57,4.43,0.05
2.8471869453787804,20.57,4.43,0.05
2.848759900778532,20.57,4.43,0.05
2.8516503907740116,20.57,4.43,0.05
2.854684956371784,20.57,4.43,0.05
2.8576288744807243,20.57,4.43,0.05
2.8603661246597767,20.57,4.43,0.05
2.8635385297238827,20.56,4.43,0.05
2.8664890863001347,20.57,4.44,0.05
2.8694012947380543,20.56,4.44,0.05
2.8724452145397663,20.57,4.44,0.05
2.8753724694252014,20.56,4.44,0.05
2.8781935162842274,20.57,4.44,0.05
2.8813085854053497,20.57,4.44,0.05
2.8842270113527775,20.57,4.44,0.05
2.8870408050715923,20.57,4.44,0.05
2.8900559097528458,20.56,4.44,0.05
2.892998769879341,20.56,4.44,0.05
2.896085560321808,20.56,4.43,0.05
2.898859929293394,20.56,4.43,0.05
2.9019294045865536,20.56,4.43,0.05
2.904776159673929,20.56,4.43,0.05
2.907854985445738,20.56,4.43,0.05
2.9107119403779507,20.56,4.43,0.05
2.913664545863867,20.56,4.44,0.05
2.9167326875030994,20.56,4.44,0.05
2.9197434335947037,20.56,4.44,0.05
2.922694094479084,20.56,4.44,0.05
2.9241949021816254,20.56,4.44,0.05
2.92565256357193,20.56,4.44,0.05
2.9270520508289337,20.56,4.44,0.05
2.92860484495759,20.56,4.44,0.05
2.9299567565321922,20.56,4.44,0.05
2.9314851947128773,20.56,4.44,0.05
2.9329346418380737,20.56,4.44,0.05
2.934521935880184,20.56,4.44,0.05
2.935912512242794,20.56,4.44,0.05
2.9374807327985764,20.56,4.44,0.05
2.9388409331440926,20.56,4.44,0.05
2.9404326640069485,20.56,4.44,0.05
2.941789995878935,20.56,4.44,0.05
2.9433957673609257,20.56,4.44,0.05
2.9447566643357277,20.56,4.44,0.05
2.946324497461319,20.56,4.44,0.05
2.949303675442934,20.56,4.44,0.05
2.952200759202242,20.56,4.44,0.05
2.9552427642047405,20.56,4.44,0.05
2.958127588033676,20.56,4.43,0.05
2.9610840417444706,20.56,4.43,0.05
2.9640285670757294,20.56,4.43,0.05
2.9669831916689873,20.56,4.43,0.05
2.969801265746355,20.56,4.44,0.05
2.9729028083384037,20.56,4.44,0.05
2.975929584354162,20.56,4.44,0.05
2.97874404117465,20.56,4.44,0.05
2.981846582144499,20.56,4.44,0.05
2.9848254211246967,20.56,4.44,0.05
2.98612492159009,20.56,4.44,0.05
2.987758044153452,20.56,4.44,0.05
2.989023692905903,20.56,4.44,0.05
2.990709066390991,20.56,4.44,0.05
2.9920602925121784,20.56,4.44,0.05
2.993668980896473,20.56,4.44,0.05
2.994969431310892,20.56,4.44,0.05
2.9966411516070366,20.56,4.44,0.05
2.997905623167753,20.56,4.44,0.05
2.999591238796711,20.56,4.44,0.05
3.0010648667812347,20.56,4.44,0.05
3.002545651048422,20.56,4.44,0.05
3.0040313974022865,20.56,4.44,0.05
3.005310855805874,20.56,4.44,0.05
3.006979141384363,20.56,4.44,0.05
3.008343495428562,20.56,4.44,0.05
3.009949181228876,20.56,4.44,0.05
3.011271618306637,20.56,4.44,0.05
3.012900449335575,20.56,4.44,0.05
3.0143850781023502,20.56,4.44,0.05
3.0158616080880165,20.56,4.44,0.05
3.0171707309782505,20.56,4.44,0.05
3.018835261464119,20.56,4.44,0.05
3.0201589800417423,20.56,4.44,0.05
3.0217658169567585,20.56,4.44,0.05
3.0231979116797447,20.55,4.44,0.05
3.0247254706919193,20.55,4.44,0.05
3.0261796936392784,20.56,4.44,0.05
3.027697302401066,20.56,4.44,0.05
3.029020093381405,20.56,4.44,0.05
3.0306502766907215,20.56,4.44,0.05
3.032042372971773,20.56,4.44,0.05
3.0335549265146255,20.56,4.44,0.05
3.035074956715107,20.56,4.44,0.05
3.0365502387285233,20.56,4.44,0.05
3.038052085787058,20.56,4.44,0.05
3.0395211465656757,20.56,4.44,0.05
3.041001506149769,20.56,4.44,0.05
3.0424625016748905,20.56,4.44,0.05
3.043938584625721,20.56,4.44,0.05
3.045326754450798,20.56,4.44,0.05
3.048281356692314,20.56,4.44,0.05
3.051356665790081,20.56,4.44,0.05
3.0542865991592407,20.56,4.44,0.05
3.057251427322626,20.56,4.44,0.05
3.060242660343647,20.56,4.44,0.05
3.0631650276482105,20.56,4.43,0.05
3.0661390610039234,20.56,4.44,0.05
3.069046512246132,20.55,4.43,0.05
3.071821503341198,20.55,4.43,0.05
3.0749494917690754,20.56,4.43,0.05
3.077870935201645,20.56,4.43,0.05
3.080781601369381,20.56,4.43,0.05
3.083735965192318,20.56,4.43,0.05
3.0853044241666794,20.56,4.44,0.05
3.0868368819355965,20.56,4.44,0.05
3.0883174650371075,20.56,4.44,0.05
3.0897928811609745,20.56,4.44,0.05
3.0912663526833057,20.56,4.44,0.05
3.0927662886679173,20.56,4.44,0.05
3.0942294001579285,20.56,4.43,0.05
3.0955253913998604,20.56,4.43,0.05
3.09718631580472,20.56,4.43,0.05
3.098538652062416,20.56,4.43,0.05
3.1001497991383076,20.56,4.43,0.05
3.101564161479473,20.56,4.43,0.05
3.103109423071146,20.56,4.43,0.05
3.1044058799743652,20.56,4.43,0.05
3.106063101440668,20.56,4.43,0.05
3.1073486134409904,20.56,4.43,0.05
3.109011922031641,20.56,4.43,0.05
3.1104917228221893,20.56,4.44,0.05
3.1119756288826466,20.56,4.43,0.05
3.113443985581398,20.56,4.43,0.05
3.114936899393797,20.56,4.43,0.05
3.116416275501251,20.56,4.43,0.05
3.117899429053068,20.56,4.43,0.05
3.1193808279931545,20.56,4.43,0.05
3.1207547932863235,20.56,4.43,0.05
3.1221760511398315,20.56,4.43,0.05
3.123744860291481,20.56,4.43,0.05
3.1251782812178135,20.56,4.43,0.05
3.1267679631710052,20.55,4.43,0.05
3.128255821764469,20.56,4.43,0.05
3.1296347714960575,20.56,4.43,0.05
3.1311954855918884,20.56,4.43,0.05
3.132678762078285,20.55,4.43,0.05
3.1341615170240402,20.55,4.43,0.05
3.1356106139719486,20.56,4.43,0.05
3.136978480964899,20.56,4.43,0.05
3.138567093759775,20.56,4.43,0.05
3.1400098837912083,20.56,4.43,0.05
3.1415582597255707,20.56,4.43,0.05
3.1429844610393047,20.56,4.43,0.05
3.1458547227084637,20.56,4.43,0.05
3.148939125239849,20.56,4.43,0.05
3.151840940117836,20.56,4.44,0.05
3.15486977994442,20.56,4.44,0.05
3.1578105352818966,20.56,4.44,0.05
3.160710111260414,20.56,4.44,0.05
3.1636850982904434,20.55,4.44,0.05
3.166646633297205,20.55,4.44,0.05
3.169512763619423,20.56,4.44,0.05
3.1726230420172215,20.56,4.44,0.05
3.1755498349666595,20.55,4.44,0.05
3.1784092895686626,20.56,4.44,0.05
3.1814928092062473,20.56,4.44,0.05
3.184294283390045,20.56,4.44,0.05
3.1872109696269035,20.56,4.44,0.05
3.190361015498638,20.56,4.44,0.05
3.193344607949257,20.55,4.44,0.05
3.196270491927862,20.56,4.44,0.05
3.1992252692580223,20.56,4.44,0.05
3.2021332569420338,20.56,4.44,0.05
3.2051346264779568,20.56,4.44,0.05
3.207994367927313,20.55,4.44,0.05
3.2109245732426643,20.55,4.44,0.05
3.2140418738126755,20.55,4.44,0.05
3.2168244644999504,20.55,4.44,0.05
3.219860453158617,20.55,4.44,0.05
3.222866903990507,20.55,4.44,0.05
3.2257107570767403,20.55,4.44,0.05
3.228809017688036,20.55,4.44,0.05
3.2315567322075367,20.55,4.44,0.05
3.2347146160900593,20.55,4.44,0.05
3.2361986972391605,20.55,4.44,0.05
3.237674545496702,20.55,4.44,0.05
3.239153616130352,20.56,4.44,0.05
3.2406428530812263,20.56,4.44,0.05
3.242110002785921,20.55,4.44,0.05
3.245043773204088,20.56,4.43,0.05
3.2465384900569916,20.55,4.43,0.05
3.2479883320629597,20.55,4.43,0.05
3.249480988830328,20.55,4.43,0.05
3.2508761771023273,20.55,4.43,0.05
3.2524648904800415,20.55,4.43,0.05
3.253897577524185,20.55,4.43,0.05
3.255390591919422,20.56,4.43,0.05
3.256882518529892,20.55,4.43,0.05
3.2583580128848553,20.55,4.43,0.05
3.2597524225711823,20.55,4.43,0.05
3.2613145746290684,20.55,4.44,0.05
3.262804038822651,20.55,4.44,0.05
3.26427511125803,20.55,4.44,0.05
3.265759442001581,20.56,4.45,0.05
3.267255373299122,20.56,4.46,0.05
3.268746215850115,20.56,4.49,0.05
3.2702046521008015,20.56,4.49,0.05
3.2716883458197117,20.57,4.49,0.05
3.2731691375374794,20.56,4.49,0.05
3.274657014757395,20.56,4.49,0.05
3.2761175557971,20.56,4.49,0.05
3.277413785457611,20.56,4.49,0.05
3.27907133474946,20.56,4.49,0.05
3.2803688384592533,20.56,4.49,0.05
3.2819741144776344,20.57,4.49,0.05
3.2835315577685833,20.56,4.49,0.05
3.2849895916879177,20.57,4.49,0.05
3.286469705402851,20.56,4.49,0.05
3.2878812812268734,20.56,4.49,0.05
3.2894297167658806,20.56,4.49,0.05
3.2909119613468647,20.56,4.49,0.05
3.2923856861889362,20.57,4.49,0.05
3.2936583794653416,20.56,4.49,0.05
3.2953411899507046,20.57,4.49,0.05
3.2966330014169216,20.57,4.49,0.05
3.2982997372746468,20.58,4.5,0.05
3.2997977919876575,20.6,4.5,0.05
3.301267698407173,20.6,4.5,0.05
3.3025406561791897,20.6,4.5,0.05
3.3042159527540207,20.59,4.5,0.05
3.305509265512228,20.59,4.5,0.05
3.307169560343027,20.59,4.5,0.05
3.3085386529564857,20.59,4.5,0.05
3.3101303838193417,20.59,4.5,0.05
3.311461504548788,20.59,4.5,0.05
3.313093177974224,20.59,4.5,0.05
3.314541522413492,20.59,4.5,0.05
3.3160569109022617,20.59,4.5,0.05
3.3175399638712406,20.59,4.5,0.05
3.3190112859010696,20.59,4.5,0.05
3.320338863879442,20.59,4.5,0.05
3.321961898356676,20.59,4.5,0.05
3.323374204337597,20.59,4.5,0.05
3.3248777464032173,20.59,4.5,0.05
3.326355580240488,20.59,4.5,0.05
3.327870398759842,20.59,4.5,0.05
3.3293583057820797,20.59,4.5,0.05
3.3308337666094303,20.59,4.5,0.05
3.3321641869843006,20.59,4.5,0.05
3.3337956108152866,20.59,4.5,0.05
3.3352619148790836,20.59,4.5,0.05
3.336754597723484,20.59,4.5,0.05
3.3380957171320915,20.59,4.5,0.05
3.3396561332046986,20.59,4.5,0.05
3.3424435928463936,20.59,4.5,0.05
3.34562935680151,20.59,4.5,0.05
3.3485988453030586,20.59,4.5,0.05
3.3514796681702137,20.59,4.5,0.05
3.3544321097433567,20.59,4.5,0.05
3.3574511036276817,20.59,4.5,0.05
3.3604224622249603,20.59,4.5,0.05
3.3631760478019714,20.59,4.5,0.05
3.3662452548742294,20.59,4.5,0.05
3.3690536618232727,20.58,4.5,0.05
3.372230239212513,20.59,4.5,0.05
3.3752076290547848,20.59,4.5,0.05
3.378062356263399,20.59,4.5,0.05
3.3810757137835026,20.59,4.5,0.05
3.383902244269848,20.59,4.5,0.05
3.386983063071966,20.59,4.5,0.05
3.389988597482443,20.59,4.5,0.05
3.3928260058164597,20.59,4.5,0.05
3.395811505615711,20.59,4.5,0.05
3.398658689111471,20.59,4.5,0.05
3.4018324688076973,20.59,4.5,0.05
3.4047326743602753,20.59,4.5,0.05
3.4076112546026707,20.59,4.5,0.05
3.409218695014715,20.59,4.5,0.05
3.4104944467544556,20.59,4.5,0.05
3.412176977843046,20.58,4.5,0.05
3.4134846851229668,20.59,4.5,0.05
3.415124736726284,20.58,4.5,0.05
3.4164337404072285,20.59,4.5,0.05
3.418087385594845,20.59,4.5,0.05
3.4194851256906986,20.59,4.5,0.05
3.4210512936115265,20.59,4.5,0.05
3.422378908842802,20.59,4.5,0.05
3.42400249093771,20.58,4.5,0.05
3.42544798925519,20.58,4.5,0.05
3.4269465431571007,20.58,4.5,0.05
3.4284348636865616,20.59,4.5,0.05
3.429913081228733,20.59,4.5,0.05
3.4313360899686813,20.59,4.5,0.05
3.4328859634697437,20.58,4.5,0.05
3.4343598932027817,20.59,4.5,0.05
3.4357584230601788,20.59,4.5,0.05
3.4401879012584686,20.59,4.5,0.05
3.4431952871382236,20.59,4.5,0.05
3.4460805915296078,20.58,4.5,0.05
3.4489444606006145,20.58,4.5,0.05
3.4521114826202393,20.58,4.5,0.05
3.4550510235130787,20.59,4.5,0.05
3.4580021537840366,20.59,4.5,0.05
3.4609268344938755,20.58,4.5,0.05
3.4637844562530518,20.59,4.5,0.05
3.4667087346315384,20.59,4.5,0.05
3.4697998128831387,20.59,4.5,0.05
3.4726353138685226,20.58,4.5,0.05
3.475563481450081,20.58,4.5,0.05
3.478709939867258,20.59,4.5,0.05
3.4816758818924427,20.59,4.5,0.05
3.484638098627329,20.59,4.5,0.05
3.485869437456131,20.59,4.5,0.05
3.487585537135601,20.59,4.5,0.05
3.4888673163950443,20.59,4.5,0.05
3.490539360791445,20.59,4.5,0.05
3.491803787648678,20.59,4.5,0.05
3.4934996515512466,20.59,4.5,0.05
3.4947610683739185,20.59,4.5,0.05
3.4964556992053986,20.59,4.5,0.05
3.4979366064071655,20.59,4.5,0.05
3.4992214553058147,20.59,4.5,0.05
3.5008981116116047,20.59,4.5,0.05
3.502195030450821,20.58,4.5,0.05
3.5038524717092514,20.58,4.5,0.05
3.5052134320139885,20.58,4.5,0.05
3.506812062114477,20.59,4.5,0.05
3.5082921162247658,20.59,4.5,0.05
3.509769219905138,20.59,4.5,0.05
3.5112476721405983,20.58,4.5,0.05
3.5127257369458675,20.58,4.5,0.05
3.5140263326466084,20.59,4.5,0.05
3.515694458037615,20.59,4.5,0.05
3.5171083100140095,20.59,4.5,0.05
3.518646091222763,20.59,4.5,0.05
3.5201295912265778,20.58,4.5,0.05
3.5214646570384502,20.58,4.5,0.05
3.5230426229536533,20.58,4.5,0.05
3.5245075933635235,20.58,4.5,0.05
3.5260398723185062,20.58,4.5,0.05
3.5274836905300617,20.58,4.5,0.05
3.5289765000343323,20.58,4.5,0.05
3.530474439263344,20.58,4.5,0.05
3.531901653856039,20.58,4.5,0.05
3.533434271812439,20.58,4.5,0.05
3.5349111147224903,20.58,4.5,0.05
3.5378638580441475,20.58,4.5,0.05
3.5408348478376865,20.58,4.5,0.05
3.543732263147831,20.58,4.5,0.05
3.546702563762665,20.58,4.5,0.05
3.5496228337287903,20.58,4.5,0.05
3.552454736083746,20.58,4.5,0.05
3.555497471243143,20.58,4.5,0.05
3.5585369765758514,20.58,4.5,0.05
3.5614191479980946,20.57,4.5,0.05
3.5644958093762398,20.57,4.5,0.05
3.5673770755529404,20.57,4.5,0.05
3.5688575841486454,20.57,4.5,0.05
3.570390559732914,20.57,4.5,0.05
3.5718637369573116,20.56,4.5,0.05
3.573362361639738,20.57,4.5,0.05
3.574825432151556,20.57,4.5,0.05
3.576317746192217,20.57,4.5,0.05
3.577788520604372,20.57,4.5,0.05
3.5792733542621136,20.57,4.5,0.05
3.5807399079203606,20.57,4.5,0.05
3.582172866910696,20.57,4.5,0.05
3.583710826933384,20.57,4.5,0.05
3.585191760212183,20.57,4.5,0.05
3.5866614803671837,20.57,4.5,0.05
3.5881500355899334,20.57,4.5,0.05
3.589616574347019,20.57,4.5,0.05
3.591071244329214,20.57,4.5,0.05
3.592583019286394,20.57,4.5,0.05
3.5940588861703873,20.57,4.5,0.05
3.595530778169632,20.57,4.5,0.05
3.5970191061496735,20.57,4.5,0.05
3.598504390567541,20.57,4.5,0.05
3.5999759286642075,20.57,4.5,0.05
3.601457342505455,20.57,4.5,0.05
3.6029375195503235,20.57,4.5,0.05
3.604403931647539,20.57,4.5,0.05
3.605892203748226,20.57,4.5,0.05
3.6073649153113365,20.57,4.5,0.05
3.6088489405810833,20.57,4.5,0.05
3.610330794006586,20.57,4.5,0.05
3.6118092015385628,20.57,4.5,0.05
3.6132764518260956,20.57,4.5,0.05
3.6147570721805096,20.57,4.5,0.05
3.6162377148866653,20.57,4.5,0.05
3.617717958986759,20.57,4.5,0.05
3.6191997453570366,20.57,4.5,0.05
3.6206840500235558,20.57,4.5,0.05
3.621990278363228,20.57,4.5,0.05
3.6235557831823826,20.57,4.5,0.05
3.624966572970152,20.57,4.5,0.05
3.62659365311265,20.57,4.5,0.05
3.6280730813741684,20.57,4.5,0.05
3.629496179521084,20.57,4.5,0.05
3.6310328394174576,20.57,4.5,0.05
3.6323496364057064,20.57,4.5,0.05
3.635465119034052,20.57,4.5,0.05
3.6383959762752056,20.57,4.5,0.05
3.641327667981386,20.57,4.5,0.05
3.644338436424732,20.57,4.5,0.05
3.6473036408424377,20.57,4.5,0.05
3.6502375304698944,20.57,4.5,0.05
3.6532115675508976,20.57,4.5,0.05
3.656164553016424,20.57,4.5,0.05
3.659094665199518,20.57,4.5,0.05
3.662084676325321,20.57,4.5,0.05
3.66503244638443,20.57,4.5,0.05
3.6679412089288235,20.57,4.5,0.05
3.6709580942988396,20.57,4.5,0.05
3.6739153414964676,20.57,4.5,0.05
3.6768077611923218,20.57,4.5,0.05
3.6796032898128033,20.57,4.5,0.05
3.682719763368368,20.57,4.5,0.05
3.6857456266880035,20.57,4.5,0.05
3.688660606741905,20.57,4.5,0.05
3.6916235610842705,20.57,4.5,0.05
3.6944932267069817,20.57,4.5,0.05
3.697359710931778,20.57,4.5,0.05
3.7005375660955906,20.57,4.5,0.05
3.703490689396858,20.57,4.5,0.05
3.7064398117363453,20.57,4.5,0.05
3.7094019018113613,20.57,4.5,0.05
3.7123690098524094,20.57,4.5,0.05
3.71532030031085,20.57,4.5,0.05
3.7182769626379013,20.57,4.5,0.05
3.721239313483238,20.57,4.5,0.05
3.724102456122637,20.57,4.5,0.05
3.7271023988723755,20.57,4.5,0.05
3.7300643250346184,20.56,4.5,0.05
3.7330199107527733,20.57,4.5,0.05
3.735892679542303,20.57,4.5,0.05
3.7374536506831646,20.57,4.5,0.05
3.738864116370678,20.57,4.5,0.05
3.740459270775318,20.57,4.5,0.05
3.7419426180422306,20.57,4.5,0.05
3.743425901979208,20.57,4.5,0.05
3.7446801774203777,20.57,4.5,0.05
3.746256109327078,20.57,4.5,0.05
3.7478072084486485,20.57,4.5,0.05
3.749234553426504,20.57,4.5,0.05
3.750770665705204,20.57,4.5,0.05
3.7521678172051907,20.57,4.5,0.05
3.753788258880377,20.57,4.5,0.05
3.7552449889481068,20.57,4.5,0.05
3.756736770272255,20.57,4.5,0.05
3.7581270411610603,20.57,4.5,0.05
3.7596880309283733,20.57,4.5,0.05
3.761167522519827,20.57,4.5,0.05
3.762565493583679,20.57,4.5,0.05
3.764112502336502,20.57,4.5,0.05
3.7655979990959167,20.57,4.5,0.05
3.7670172825455666,20.57,4.5,0.05
3.768539845943451,20.57,4.5,0.05
3.7700364142656326,20.57,4.5,0.05
3.7714376524090767,20.57,4.5,0.05
3.7730022855103016,20.57,4.5,0.05
3.774430189281702,20.57,4.5,0.05
3.7759515941143036,20.57,4.5,0.05
3.7774355337023735,20.57,4.5,0.05
3.778916411101818,20.57,4.5,0.05
3.7801431342959404,20.57,4.5,0.05
3.781799327582121,20.57,4.5,0.05
3.783353090286255,20.57,4.5,0.05
3.7847842536866665,20.57,4.5,0.05
3.786088913679123,20.57,4.5,0.05
3.787760518491268,20.57,4.5,0.05
3.7892137356102467,20.57,4.5,0.05
3.790718287229538,20.57,4.5,0.05
3.7920290902256966,20.57,4.5,0.05
3.793700359761715,20.57,4.5,0.05
3.7951425574719906,20.57,4.5,0.05
3.7964375652372837,20.57,4.5,0.05
3.7981386557221413,20.57,4.5,0.05
3.7995820231735706,20.57,4.5,0.05
3.8010665364563465,20.57,4.5,0.05
3.8025741800665855,20.57,4.5,0.05
3.8040455505251884,20.57,4.5,0.05
3.8053323328495026,20.57,4.5,0.05
3.8070063330233097,20.57,4.5,0.05
3.8084772415459156,20.57,4.5,0.05
3.8097634576261044,20.57,4.5,0.05
3.811429973691702,20.57,4.5,0.05
3.812822103500366,20.57,4.5,0.05
3.8144019283354282,20.57,4.5,0.05
3.8157858178019524,20.57,4.5,0.05
3.8173618875443935,20.57,4.5,0.05
3.8188498690724373,20.57,4.5,0.05
3.820324804633856,20.57,4.5,0.05
3.8217997774481773,20.57,4.5,0.05
3.8231201209127903,20.57,4.5,0.05
3.824576810002327,20.57,4.5,0.05
3.826247103512287,20.57,4.5,0.05
3.8277182318270206,20.57,4.5,0.05
3.8290601670742035,20.57,4.5,0.05
3.831924431025982,20.57,4.5,0.05
3.835021372884512,20.57,4.5,0.05
3.8379678577184677,20.57,4.5,0.05
3.840912815183401,20.57,4.5,0.05
3.8438877314329147,20.57,4.5,0.05
3.8468250520527363,20.57,4.5,0.05
3.8498047925531864,20.57,4.5,0.05
3.852778621017933,20.57,4.5,0.05
3.8558135591447353,20.57,4.5,0.05
3.85859751701355,20.57,4.5,0.05
3.861644797027111,20.57,4.5,0.05
3.864510763436556,20.57,4.5,0.05
3.86760226264596,20.57,4.5,0.05
3.8705989122390747,20.57,4.5,0.05
3.8733392879366875,20.57,4.5,0.05
3.8764669857919216,20.57,4.5,0.05
3.8794485591351986,20.57,4.5,0.05
3.882428575307131,20.57,4.5,0.05
3.8852061182260513,20.57,4.5,0.05
3.8881682083010674,20.57,4.5,0.05
3.8912920728325844,20.57,4.5,0.05
3.8927783854305744,20.57,4.5,0.05
3.894141636788845,20.57,4.5,0.05
3.895735289901495,20.57,4.49,0.05
3.896991927176714,20.57,4.49,0.05
3.8986867666244507,20.57,4.5,0.05
3.8999589569866657,20.57,4.49,0.05
3.9016660526394844,20.57,4.5,0.05
3.9029341340065002,20.57,4.5,0.05
3.9045919366180897,20.57,4.5,0.05
3.906067904084921,20.57,4.5,0.05
3.9075693376362324,20.57,4.5,0.05
3.9090425074100494,20.57,4.5,0.05
3.9105237312614918,20.57,4.5,0.05
3.9118516333401203,20.57,4.5,0.05
3.9134936816990376,20.57,4.5,0.05
3.9149542152881622,20.57,4.5,0.05
3.91645260900259,20.57,4.5,0.05
3.9179316610097885,20.57,4.5,0.05
3.9193966910243034,20.57,4.5,0.05
3.9208824299275875,20.57,4.5,0.05
3.922367487102747,20.57,4.5,0.05
3.9238301254808903,20.57,4.5,0.05
3.9251324087381363,20.57,4.5,0.05
3.926813319325447,20.57,4.5,0.05
3.9297493398189545,20.57,4.5,0.05
3.9325906969606876,20.57,4.5,0.05
3.935680568218231,20.57,4.5,0.05
3.9385126754641533,20.57,4.5,0.05
3.9414932131767273,20.57,4.5,0.05
3.944545928388834,20.57,4.5,0.05
3.9474980160593987,20.57,4.5,0.05
3.950432173907757,20.57,4.5,0.05
3.9533877559006214,20.57,4.5,0.05
3.956160470843315,20.57,4.5,0.05
3.959302019327879,20.57,4.5,0.05
3.962285879999399,20.57,4.5,0.05
3.9652333967387676,20.57,4.5,0.05
3.9679810851812363,20.57,4.5,0.05
3.970913667231798,20.57,4.5,0.05
3.974076546728611,20.57,4.5,0.05
3.9770801588892937,20.57,4.5,0.05
3.979962795972824,20.57,4.5,0.05
3.982776924967766,20.57,4.5,0.05
3.9859395623207092,20.57,4.5,0.05
3.9874183274805546,20.57,4.5,0.05
3.9888583160936832,20.57,4.5,0.05
3.9903899133205414,20.57,4.5,0.05
3.991823513060808,20.57,4.5,0.05
3.9933292493224144,20.57,4.5,0.05
3.994726959615946,20.57,4.5,0.05
3.996248949319124,20.57,4.5,0.05
3.997791238129139,20.57,4.5,0.05
3.999241255223751,20.57,4.5,0.05
4.000709433108568,20.57,4.5,0.05
4.0019918866455555,20.57,4.5,0.05
4.0036682933568954,20.57,4.5,0.05
4.005165442824364,20.57,4.5,0.05
4.0066580735147,20.57,4.5,0.05
4.008129633963108,20.57,4.5,0.05
4.00960897654295,20.57,4.5,0.05
4.0109723508358,20.57,4.5,0.05
4.01256312802434,20.57,4.5,0.05
4.013848848640919,20.57,4.5,0.05
4.015432238578796,20.57,4.5,0.05
4.017014104872942,20.57,4.5,0.05
4.018388487398624,20.56,4.5,0.05
4.019940447062254,20.57,4.5,0.05
4.021450284868479,20.57,4.5,0.05
4.022927835583687,20.57,4.5,0.05
4.024393532425165,20.57,4.5,0.05
4.025732107460499,20.57,4.5,0.05
4.028851117938757,20.57,4.5,0.05
4.031788181513548,20.57,4.5,0.05
4.034751292318106,20.57,4.5,0.05
4.037712506949902,20.56,4.5,0.05
4.0406600423157215,20.57,4.5,0.05
4.0436317548155785,20.56,4.5,0.05
4.046574383974075,20.57,4.5,0.05
4.049549903720617,20.57,4.5,0.05
4.052491296082735,20.57,4.5,0.05
4.053981713950634,20.57,4.5,0.04
4.055460918694735,20.58,4.51,0.06
4.05692570656538,20.67,4.51,0.06
4.058420836925507,20.72,4.51,0.06
4.05988834053278,20.72,4.52,0.06
4.061372697353363,20.71,4.52,0.04
4.0628483556210995,20.7,4.52,0.04
4.064321789890528,20.7,4.52,0.06
4.065810963511467,20.71,4.52,0.05
4.067294560372829,20.69,4.52,0.04
4.068773843348026,20.7,4.51,0.05
4.070251405239105,20.7,4.51,0.05
4.071740992367268,20.7,4.51,0.05
4.073200702667236,20.69,4.5,0.05
4.074681706726551,20.69,4.5,0.05
4.076162301003933,20.69,4.5,0.05
4.077642053365707,20.69,4.5,0.05
4.079116873443127,20.69,4.5,0.05
4.080608323216438,20.69,4.5,0.05
4.082069233059883,20.69,4.51,0.05
4.083544872701168,20.69,4.51,0.05
4.085041902959347,20.68,4.51,0.05
4.0865028239786625,20.69,4.51,0.05
4.0879929438233376,20.69,4.51,0.05
4.089487217366695,20.69,4.51,0.05
4.090956833213568,20.69,4.51,0.05
4.0924392230808735,20.68,4.51,0.05
4.093909773975611,20.69,4.51,0.05
4.095389284193516,20.69,4.51,0.05
4.0968646965920925,20.68,4.51,0.05
4.098349645733833,20.68,4.51,0.05
4.099829826503992,20.68,4.51,0.05
4.101307068020105,20.68,4.51,0.05
4.102788127958775,20.68,4.51,0.05
4.104258611798286,20.68,4.51,0.05
4.105756871402264,20.68,4.51,0.05
4.107225269079208,20.68,4.51,0.05
4.108696173876524,20.68,4.51,0.05
4.110171694308519,20.68,4.51,0.05
4.1116488836705685,20.68,4.51,0.05
4.113136202096939,20.68,4.51,0.05
4.114608258008957,20.68,4.51,0.05
4.116082288324833,20.68,4.51,0.05
4.117559552192688,20.68,4.51,0.05
4.1190400421619415,20.68,4.51,0.05
4.120530322194099,20.68,4.51,0.05
4.122016482055187,20.68,4.51,0.05
4.12348148971796,20.67,4.51,0.05
4.126444038003683,20.68,4.51,0.05
4.129397340118885,20.68,4.51,0.05
4.132358159869909,20.67,4.51,0.05
4.135319724678993,20.68,4.51,0.05
4.1382796205580235,20.68,4.51,0.05
4.141233526170254,20.67,4.51,0.05
4.144187696278095,20.68,4.51,0.05
4.147135388106108,20.67,4.51,0.05
4.150100227445364,20.68,4.51,0.05
4.153058182448149,20.68,4.51,0.05
4.156017765402794,20.67,4.51,0.05
4.15897598490119,20.67,4.51,0.05
4.161943014711142,20.67,4.51,0.05
4.164900090545416,20.67,4.51,0.05
4.167848724871874,20.67,4.51,0.05
4.17079620808363,20.67,4.51,0.05
4.173760995268822,20.67,4.51,0.05
4.176719728857279,20.67,4.51,0.05
4.179688975214958,20.67,4.51,0.05
4.182639431208372,20.67,4.51,0.05
4.185593269765377,20.67,4.51,0.05
4.188546270132065,20.67,4.51,0.05
4.191499475389719,20.67,4.51,0.05
4.194465450942516,20.67,4.51,0.05
4.197429172694683,20.67,4.51,0.05
4.200381223112345,20.67,4.51,0.05
4.203332453966141,20.67,4.51,0.05
4.2063042260706425,20.67,4.51,0.05
4.209243543446064,20.67,4.51,0.05
4.212225805968046,20.67,4.51,0.05
4.2136948145926,20.67,4.51,-22.1
4.215169955044985,20.67,4.51,0.05
4.216659270226955,20.67,4.51,0.05
4.218113943934441,20.67,4.51,0.05
4.219600543379784,20.67,4.51,0.05
4.22106933221221,20.67,4.51,0.05
4.224041413515806,20.67,4.51,0.05
4.227004833519459,20.67,4.51,0.05
4.2299548126757145,20.67,4.51,0.05
4.232920326292515,20.67,4.51,0.05
4.2358619794249535,20.67,4.51,0.05
4.237353678792715,20.67,4.51,0.05
4.238837908953428,20.67,4.5,0.05
4.240305382758379,20.67,4.51,0.05
4.241789624094963,20.67,4.51,0.05
4.243254356086254,20.67,4.51,0.05
4.244747992604971,20.67,4.51,0.05
4.246217519044876,20.67,4.51,0.05
4.2477005906403065,20.67,4.51,0.05
4.249181974679232,20.67,4.51,0.05
4.250678446143866,20.67,4.51,0.05
4.252143379300833,20.67,4.51,0.05
4.25363689288497,20.67,4.51,0.05
4.255103517323732,20.67,4.51,0.05
4.256576132029295,20.67,4.51,0.05
4.258059918880463,20.67,4.51,0.05
4.259536676108837,20.67,4.51,0.05
4.261015128344297,20.67,4.51,0.05
4.262485135346651,20.67,4.51,0.05
4.263973660767078,20.67,4.51,0.05
4.265440169721842,20.67,4.51,0.05
4.266923263669014,20.67,4.51,0.05
4.268404725939035,20.67,4.51,0.05
4.269882120192051,20.67,4.51,0.05
4.271364472806454,20.67,4.51,0.05
4.272837784141302,20.67,4.51,0.05
4.274316541850567,20.67,4.51,0.05
4.2758058197796345,20.67,4.51,0.05
4.27727846801281,20.67,4.51,0.05
4.278763771057129,20.67,4.51,0.05
4.280238159000874,20.67,4.51,0.05
4.2817097418010235,20.67,4.51,0.05
4.283183164894581,20.67,4.51,0.05
4.28466934338212,20.66,4.5,0.05
4.286142244935036,20.67,4.5,0.05
4.2876372411847115,20.67,4.5,0.05
4.289106797426939,20.67,4.5,0.05
4.29059686884284,20.67,4.5,0.05
4.292061220854521,20.67,4.5,0.05
4.293549235910177,20.67,4.5,0.05
4.295034661889076,20.67,4.5,0.05
4.2965077906847,20.67,4.5,0.05
4.297980021685362,20.67,4.51,0.05
4.299461781978607,20.67,4.51,0.05
4.300943996757269,20.67,4.51,0.05
4.302421141415834,20.67,4.51,0.05
4.303905576467514,20.67,4.51,0.05
4.305385500192642,20.67,4.51,0.05
4.306859020143747,20.67,4.5,0.05
4.308333832770586,20.67,4.51,0.05
4.309812519699335,20.67,4.5,0.05
4.311286129057407,20.67,4.5,0.05
4.312763657420874,20.67,4.5,0.05
4.3142425417900085,20.67,4.5,0.05
4.315731167793274,20.67,4.5,0.05
4.317211214452982,20.67,4.5,0.05
4.3186908811330795,20.67,4.5,0.05
4.320157282054424,20.67,4.5,0.05
4.323130011558533,20.67,4.5,0.05
4.326081532984972,20.66,4.5,0.05
4.3290395475924015,20.67,4.5,0.05
4.3319894932210445,20.66,4.5,0.05
4.334958575665951,20.67,4.5,0.05
4.3379114009439945,20.67,4.5,0.05
4.340867005288601,20.66,4.5,0.05
4.343831121921539,20.67,4.5,0.05
4.346790693700314,20.66,4.5,0.05
4.349745415151119,20.66,4.5,0.05
4.352700296789408,20.67,4.5,0.05
4.355656150728464,20.67,4.5,0.05
4.3586157113313675,20.66,4.5,0.05
4.361587010324001,20.66,4.5,0.05
4.364523909986019,20.66,4.5,0.05
4.367484573274851,20.67,4.5,0.05
4.370444342494011,20.66,4.5,0.05
4.373384069651365,20.67,4.5,0.05
4.37634826079011,20.66,4.5,0.05
4.377844769507647,20.66,4.5,0.05
4.3793176002800465,20.66,4.5,0.05
4.380793787539005,20.66,4.5,0.05
4.382271878421307,20.66,4.5,0.05
4.383759088814259,20.66,4.5,0.05
4.385236579924822,20.66,4.5,0.05
4.386711709201336,20.66,4.5,0.05
4.388189624994993,20.66,4.5,0.05
4.389668248593807,20.66,4.5,0.05
4.391147390007973,20.66,4.5,0.05
4.392626661807299,20.67,4.5,0.05
4.394109271466732,20.67,4.5,0.05
4.395588114857674,20.67,4.5,0.05
4.397063724696636,20.66,4.5,0.05
4.398538678884506,20.66,4.5,0.05
4.400015167891979,20.66,4.5,0.05
4.401518017053604,20.66,4.5,0.05
4.402969483286142,20.66,4.5,0.05
4.404450234025717,20.66,4.5,0.05
4.40593271329999,20.66,4.5,0.05
4.40741216018796,20.66,4.5,0.05
4.408893927931786,20.66,4.5,0.05
4.41036856174469,20.66,4.5,0.05
4.411852978169918,20.66,4.5,0.05
4.4133325926959515,20.66,4.5,0.05
4.414805792272091,20.66,4.5,0.05
4.416284814476967,20.66,4.5,0.05
4.419243328273296,20.66,4.5,0.05
4.42219927161932,20.66,4.5,0.05
4.425158713012934,20.66,4.5,0.05
4.428116261959076,20.66,4.5,0.05
4.431074965745211,20.66,4.5,0.05
4.434027023613453,20.66,4.5,0.05
4.436986543238163,20.66,4.5,0.05
4.4399480782449245,20.66,4.5,0.05
4.442907352000475,20.66,4.5,0.05
4.445862755179405,20.66,4.5,0.05
4.448825586587191,20.66,4.5,0.05
4.451781161129475,20.66,4.5,0.05
4.454735212028027,20.66,4.5,0.05
4.457699362188578,20.66,4.5,0.05
4.460654336959124,20.66,4.5,0.05
4.463611006736755,20.66,4.51,0.05
4.466558862477541,20.66,4.5,0.05
4.469514045864344,20.66,4.5,0.05
4.472470957785845,20.66,4.5,0.05
4.475432265549898,20.66,4.5,0.05
4.47839106246829,20.66,4.5,0.05
4.481353875249624,20.66,4.5,0.05
4.484302788972855,20.66,4.5,0.05
4.485793888568878,20.66,4.5,0.05
4.487266451120377,20.66,4.5,0.05
4.488748840987682,20.66,4.5,0.05
4.490226216614246,20.66,4.5,0.05
4.491721451282501,20.66,4.5,0.05
4.493179116398096,20.66,4.5,0.05
4.4946640357375145,20.66,4.5,0.05
4.496129535138607,20.66,4.5,0.05
4.497625857591629,20.66,4.5,0.05
4.499095384031534,20.66,4.5,0.05
4.500583589076996,20.66,4.5,0.05
4.502058818936348,20.66,4.5,0.05
4.503537449985743,20.66,4.5,0.05
4.505012046545744,20.66,4.5,0.05
4.50651241093874,20.66,4.5,0.05
4.507960606366396,20.66,4.5,0.05
4.509443290531635,20.66,4.5,0.05
4.510935146361589,20.66,4.5,0.05
4.512403517961502,20.66,4.5,0.05
4.513891719281673,20.66,4.5,0.05
4.515375975519419,20.66,4.5,0.05
4.518322769552469,20.66,4.5,0.05
4.521280854940414,20.66,4.51,0.05
4.524241801351309,20.66,4.5,0.05
4.527198985219002,20.66,4.5,0.05
4.530153378844261,20.66,4.5,0.05
4.533118072897196,20.66,4.5,0.05
4.536066956818104,20.66,4.5,0.05
4.53755247592926,20.66,4.5,0.05
4.539032611995935,20.66,4.5,0.05
4.5405022613704205,20.66,4.5,0.05
4.5419813096523285,20.66,4.5,0.05
4.543469354510307,20.66,4.5,0.05
4.544948551803827,20.66,4.5,0.05
4.546421859413385,20.66,4.5,0.05
4.54789349809289,20.66,4.5,0.05
4.549377769231796,20.66,4.5,0.05
4.550856977701187,20.66,4.5,0.05
4.552334893494844,20.66,4.51,0.05
4.553829271346331,20.66,4.5,0.05
4.555290911346674,20.66,4.5,0.05
4.5567746721208096,20.66,4.5,0.05
4.558257032185793,20.66,4.5,0.05
4.5597348771989346,20.66,4.5,0.05
4.561213470995426,20.66,4.5,0.05
4.562689136713743,20.66,4.5,0.05
4.564167656004429,20.66,4.5,0.05
4.565652348101139,20.66,4.5,0.05
4.567128922790289,20.66,4.5,0.05
4.56861038506031,20.66,4.5,0.05
4.570096135139465,20.66,4.5,0.05
4.5715605691075325,20.66,4.5,0.05
4.5730403289198875,20.66,4.5,0.05
4.574527680873871,20.66,4.5,0.05
4.575993809849024,20.66,4.5,0.05
4.577498756349087,20.66,4.5,0.05
4.578978039324284,20.66,4.5,0.05
4.580431707203388,20.66,4.5,0.05
4.581917881965637,20.66,4.5,0.05
4.583396136760712,20.66,4.5,0.05
4.584878504276276,20.66,4.5,0.05
4.58635339140892,20.66,4.5,0.05
4.587834656238556,20.66,4.5,0.05
4.589313887059689,20.66,4.5,0.05
4.5907922722399235,20.66,4.5,0.05
4.592269863933325,20.66,4.5,0.05
4.5937404707074165,20.66,4.5,0.05
4.595224477350712,20.66,4.5,0.05
4.596708852797747,20.66,4.5,0.05
4.598183646798134,20.66,4.5,0.05
4.599667955189943,20.66,4.5,0.05
4.60113525763154,20.66,4.5,0.05
4.602607753127813,20.66,4.5,0.05
4.604089677333832,20.66,4.5,0.05
4.605568516999483,20.66,4.5,0.05
4.607058681547642,20.66,4.5,0.05
4.6085296384990215,20.66,4.5,0.05
4.610017761588097,20.66,4.5,0.05
4.611489605158567,20.66,4.5,0.05
4.612965114414692,20.66,4.5,0.05
4.615925069898367,20.66,4.5,0.05
4.618884213268757,20.66,4.5,0.05
4.6218462735414505,20.66,4.5,0.05
4.624798104166985,20.66,4.5,0.05
4.627756595611572,20.66,4.5,0.05
4.630719617009163,20.66,4.5,0.05
4.633682135492563,20.66,4.5,0.05
4.636631973087788,20.66,4.5,0.05
4.6395871713757515,20.66,4.5,0.05
4.642558351159096,20.66,4.5,0.05
4.645510070025921,20.66,4.5,0.05
4.648460511118174,20.66,4.5,0.05
4.651428930461407,20.66,4.5,0.05
4.65437975525856,20.66,4.5,0.05
4.657329026609659,20.66,4.5,0.05
4.66030328348279,20.66,4.5,0.05
4.663249097764492,20.66,4.5,0.05
4.6662075109779835,20.66,4.5,0.05
4.6691636592149734,20.66,4.5,0.05
4.672117281705141,20.66,4.5,0.05
4.675079774111509,20.66,4.5,0.05
4.67803206294775,20.66,4.5,0.05
4.681005407124758,20.66,4.5,0.05
4.683954112231731,20.66,4.5,0.05
4.686920136213303,20.66,4.5,0.05
4.689892575144768,20.66,4.5,0.05
4.692827556282282,20.66,4.5,0.05
4.695783726871014,20.66,4.5,0.05
4.6987428814172745,20.66,4.5,0.05
4.7002242654562,20.66,4.5,0.05
4.701696515083313,20.66,4.5,0.05
4.70317742228508,20.66,4.5,0.05
4.7046637162566185,20.66,4.5,0.05
4.706138230860233,20.66,4.5,0.05
4.707612652331591,20.66,4.5,0.05
4.7090912237763405,20.66,4.5,0.05
4.710569031536579,20.66,4.5,0.05
4.7135364934802055,20.66,4.5,0.05
4.716487072408199,20.66,4.5,0.05
4.719445902854204,20.66,4.5,0.05
4.722399927675724,20.66,4.5,0.05
4.725356701761484,20.66,4.5,0.05
4.728326629847288,20.66,4.5,0.05
4.7312810607254505,20.66,4.5,0.05
4.734232101589441,20.66,4.5,0.05
4.735714569687843,20.66,4.5,0.05
4.737194295972586,20.65,4.5,0.05
4.738677714020014,20.66,4.5,0.05
4.740139503031969,20.66,4.5,0.05
4.7416305765509605,20.66,4.5,0.05
4.743113838136196,20.66,4.5,0.05
4.744591359049082,20.66,4.5,0.05
4.746066503226757,20.66,4.5,0.05
4.7475522719323635,20.66,4.5,0.05
4.749029207974672,20.66,4.5,0.05
4.750502351671457,20.66,4.5,0.05
4.751971937716007,20.66,4.5,0.05
4.75345266237855,20.66,4.5,0.05
4.75494222715497,20.66,4.5,0.05
4.756438683718443,20.66,4.5,0.05
4.757908020168543,20.66,4.49,0.05
4.7593703009188175,20.66,4.49,0.05
4.760852850973606,20.66,4.49,0.05
4.762336663901806,20.66,4.49,0.05
4.763803228735924,20.66,4.5,0.05
4.765293408185244,20.66,4.5,0.05
4.766763228923082,20.66,4.5,0.05
4.76824988424778,20.66,4.5,0.05
4.769725203514099,20.66,4.5,0.05
4.771212503314018,20.66,4.5,0.05
4.772686488926411,20.66,4.5,0.05
4.774161413311958,20.66,4.5,0.05
4.775657225400209,20.66,4.5,0.05
4.777111172676086,20.66,4.5,0.05
4.778606567531824,20.66,4.5,0.05
4.780076086521149,20.66,4.5,0.05
4.781558286398649,20.66,4.5,0.05
4.783032905310392,20.66,4.5,0.05
4.7845248356461525,20.66,4.5,0.05
4.785991981625557,20.66,4.5,0.05
4.787475660443306,20.66,4.5,0.05
4.788964308798313,20.66,4.5,0.05
4.790425326675177,20.66,4.5,0.05
4.791906829923391,20.66,4.5,0.05
4.793391786515713,20.66,4.5,0.05
4.794867753982544,20.66,4.5,0.05
4.796349499374628,20.66,4.5,0.05
4.797806952148676,20.66,4.5,0.05
4.79932451993227,20.66,4.5,0.05
4.800791569054127,20.66,4.5,0.05
4.802263651043177,20.66,4.49,0.05
4.803754098713398,20.66,4.49,0.05
4.805228319019079,20.66,4.49,0.05
4.8066966608166695,20.66,4.49,0.05
4.8081744983792305,20.66,4.49,0.05
4.809654522687197,20.66,4.49,0.05
4.812609206885099,20.66,4.49,0.05
4.815576620399952,20.66,4.49,0.05
4.818532072007656,20.66,4.49,0.05
4.82149376347661,20.66,4.5,0.05
4.8244434259831905,20.66,4.49,0.05
4.827403377741575,20.66,4.49,0.05
4.830366149544716,20.66,4.49,0.05
4.83331997320056,20.66,4.49,0.05
4.836278058588505,20.66,4.49,0.05
4.839239448308945,20.66,4.49,0.05
4.842190559953451,20.66,4.5,0.05
4.845136675983667,20.66,4.49,0.05
4.848098590970039,20.66,4.49,0.05
4.8510597832500935,20.66,4.49,0.05
4.8540158830583096,20.66,4.49,0.05
4.856986943632364,20.66,4.49,0.05
4.859935183078051,20.66,4.49,0.05
4.861417304724455,20.66,4.49,0.05
4.8628847151994705,20.66,4.49,0.05
4.864368282258511,20.66,4.49,0.05
4.865872595459223,20.66,4.49,0.05
4.86732629314065,20.66,4.49,0.05
4.868816025555134,20.66,4.49,0.05
4.8702882789075375,20.66,4.49,0.05
4.871764432638884,20.66,4.49,0.05
4.873251747339964,20.66,4.49,0.05
4.874735079705715,20.66,4.49,0.05
4.876202195882797,20.66,4.49,0.05
4.877680458128452,20.66,4.49,0.05
4.879166454076767,20.66,4.49,0.05
4.880636498332024,20.66,4.49,0.05
4.882124364376068,20.66,4.49,0.05
4.883590955287218,20.66,4.49,0.05
4.885066457092762,20.66,4.49,0.05
4.886572562158108,20.66,4.49,0.05
4.888032004237175,20.65,4.49,0.05
4.8895126804709435,20.66,4.49,0.05
4.890999589115381,20.66,4.49,0.05
4.892464850097895,20.66,4.49,0.05
4.893946155905724,20.66,4.49,0.05
4.895427573472261,20.66,4.49,0.05
4.89691449701786,20.66,4.49,0.05
4.89838295802474,20.66,4.49,0.05
4.899859577417374,20.66,4.49,0.05
4.901343900710344,20.66,4.49,0.05
4.902825333178043,20.66,4.49,0.05
4.9043015874922276,20.66,4.49,0.05
4.905778758227825,20.66,4.49,0.05
4.90725439786911,20.66,4.49,0.05
4.910231560468674,20.66,4.49,0.05
4.913178909569979,20.66,4.49,0.05
4.916124049574137,20.66,4.49,0.05
4.919091586023569,20.66,4.49,0.05
4.922054763883352,20.66,4.49,0.05
4.925005670636892,20.66,4.49,0.05
4.927956234663725,20.66,4.49,0.05
4.930912494659424,20.66,4.49,0.05
4.933860749006271,20.66,4.49,0.05
4.936829213052988,20.66,4.49,0.05
4.9397938176989555,20.66,4.49,0.05
4.9427452608942986,20.66,4.49,0.05
4.945698633790016,20.65,4.49,0.05
4.948665793985128,20.66,4.49,0.05
4.9516234658658504,20.65,4.49,0.05
4.954567510634661,20.66,4.49,0.05
4.957529041916132,20.66,4.48,0.05
4.960491765290499,20.66,4.49,0.05
4.963458951562643,20.66,4.49,0.05
4.966412220150232,20.66,4.49,0.05
4.969354663044214,20.66,4.49,0.05
4.972319334745407,20.66,4.49,0.05
4.975275587290525,20.66,4.49,0.05
4.978227078914642,20.66,4.48,0.05
4.981188848614693,20.66,4.48,0.05
4.9841530323028564,20.66,4.49,0.05
4.985629860311747,20.66,4.49,0.05
4.987108938395977,20.66,4.49,0.05
4.988579358905554,20.65,4.49,0.05
4.990057587623596,20.66,4.49,0.05
4.991551470011473,20.66,4.49,0.05
4.993015289306641,20.66,4.49,0.05
4.994502890855074,20.66,4.49,0.05
4.995979066938162,20.66,4.49,0.05
4.997457291930914,20.66,4.49,0.05
4.998929385095835,20.66,4.49,0.05
5.000436205416918,20.66,4.49,0.05
5.001891158521175,20.66,4.49,0.05
5.003366578370333,20.66,4.49,0.05
5.004840385168791,20.66,4.49,0.05
5.006336539983749,20.66,4.49,0.05
5.009289685636759,20.65,4.49,0.05
5.012254163622856,20.66,4.48,0.05
5.015200339257717,20.66,4.48,0.05
5.018170058727264,20.66,4.48,0.05
5.021123420447111,20.66,4.49,0.05
5.022597756236792,20.66,4.49,0.05
5.024082917720079,20.66,4.48,0.05
5.025551307946444,20.66,4.48,0.05
5.027032550424337,20.66,4.48,0.05
5.0285204984247684,20.66,4.48,0.05
5.029988579452038,20.66,4.48,0.05
5.03147054836154,20.66,4.48,0.05
5.032940596342087,20.66,4.48,0.05
5.034431681036949,20.66,4.48,0.05
5.035897795110941,20.66,4.48,0.05
5.03740444406867,20.66,4.48,0.05
5.038868870586157,20.66,4.48,0.05
5.040331214666367,20.66,4.48,0.05
5.041701897978783,20.65,4.48,0.05
5.043296925723553,20.66,4.48,0.05
5.044755823910236,20.66,4.49,0.05
5.046250332146883,20.66,4.49,0.05
5.047710660845041,20.66,4.49,0.05
5.049216695129871,20.66,4.49,0.05
5.050621010363102,20.66,4.49,0.05
5.051950071007013,20.66,4.49,0.05
5.053482543677092,20.66,4.49,0.05
5.05508590862155,20.66,4.49,0.05
5.056610219180584,20.66,4.49,0.05
5.058090899139643,20.66,4.49,0.05
5.059566032141447,20.66,4.48,0.05
5.061042670160532,20.66,4.48,0.05
5.062444169074297,20.66,4.49,0.05
5.063888739794493,20.65,4.48,0.05
5.065367054194212,20.66,4.49,0.05
5.066839147359133,20.66,4.49,0.05
5.068391799926758,20.66,4.48,0.05
5.069891128689051,20.66,4.48,0.05
5.071262273937464,20.66,4.49,0.05
5.072850406169891,20.66,4.48,0.05
5.074347078800201,20.66,4.48,0.05
5.075736839324236,20.66,4.49,0.05
5.077265061438084,20.66,4.49,0.05
5.078784614801407,20.66,4.48,0.05
5.080183085054159,20.66,4.49,0.05
5.081742450594902,20.66,4.49,0.05
5.0831193551421165,20.66,4.48,0.05
5.084711588919163,20.66,4.48,0.05
5.086103554815054,20.66,4.49,0.05
5.087673518806696,20.66,4.49,0.05
5.089148107916117,20.66,4.49,0.05
5.090591475367546,20.66,4.49,0.05
5.092066064476967,20.66,4.49,0.05
5.093420684337616,20.66,4.49,0.05
5.095036365091801,20.66,4.49,0.05
5.096547655761242,20.66,4.49,0.05
5.097971584647894,20.66,4.49,0.05
5.099473409354687,20.66,4.49,0.05
5.100981295108795,20.66,4.49,0.05
5.102450400590897,20.66,4.49,0.05
5.103929907083511,20.66,4.49,0.05
5.105403169989586,20.66,20.0,0.05
5.108367502689362,20.66,4.5,0.06
5.1113286800682545,20.66,4.51,0.05
5.114279478788376,20.66,4.51,0.04
5.117247611284256,20.66,4.52,0.05
5.120104558765888,20.66,4.52,0.05
5.123150367289782,20.66,4.51,0.05
5.126075901091099,20.65,4.51,0.05
5.128977455198765,20.65,4.51,0.05
5.131993252784014,20.65,4.51,0.05
5.134993389248848,20.65,4.51,0.05
5.137947767972946,20.65,4.51,0.05
5.1409089006483555,20.65,4.51,0.05
5.143860600888729,20.65,4.51,0.05
5.146819461137056,20.64,4.51,0.05
5.149773649871349,20.65,4.51,0.05
5.152743697166443,20.65,4.51,0.05
5.155683249235153,20.64,4.51,0.05
5.15865109115839,20.65,4.51,0.05
5.1616052351891994,20.65,4.5,0.05
5.164562866091728,20.64,4.51,0.05
5.167523272335529,20.65,4.5,0.05
5.170486003160477,20.65,4.51,0.05
5.173439908772707,20.65,4.5,0.05
5.176397584378719,20.65,4.5,0.05
5.179347932338715,20.65,4.5,0.05
5.182309903204441,20.65,4.5,0.05
5.183798599988222,20.65,4.51,0.05
5.1852656453847885,20.65,4.51,0.05
5.186749894171953,20.64,4.51,0.05
5.188223764300346,20.64,4.51,0.05
5.189706828445196,20.64,4.51,0.05
5.191186428070068,20.64,4.51,0.05
5.19266702234745,20.64,4.51,0.05
5.194146130234003,20.64,4.5,0.05
5.195623382925987,20.64,4.5,0.05
5.197095140814781,20.65,4.5,0.05
5.198570974171162,20.64,4.5,0.05
5.200057692825794,20.65,4.5,0.05
5.20153746008873,20.65,4.5,0.05
5.203017465770245,20.65,4.5,0.05
5.205966293811798,20.65,4.51,0.05
5.208931174129248,20.64,4.51,0.05
5.211888074874878,20.64,4.5,0.05
5.214854273945093,20.64,4.5,0.05
5.217805679887533,20.64,4.5,0.05
5.220764894038439,20.64,4.51,0.05
5.223725348711014,20.65,4.51,0.05
5.226677354425192,20.65,4.51,0.05
5.22964258864522,20.65,4.5,0.05
5.232598632574081,20.65,4.5,0.05
5.235547162592411,20.64,4.5,0.05
5.2370205372571945,20.64,4.5,0.05
5.238507825881243,20.64,4.49,0.05
5.239997252821922,20.65,4.49,0.05
5.241462279111147,20.65,4.48,0.05
5.242949474602938,20.65,4.48,0.05
5.244415409862995,20.64,4.48,0.05
5.24589866399765,20.65,4.48,0.05
5.247388530522585,20.65,4.48,0.05
5.248854663223028,20.64,4.48,0.05
5.250344678759575,20.64,4.48,0.05
5.251813545823097,20.64,4.48,0.05
5.2532972283661366,20.64,4.48,0.05
5.254764340817928,20.64,4.48,0.05
5.25625991076231,20.65,4.48,0.05
5.2577235624194145,20.65,4.48,0.05
5.2592172138392925,20.64,4.48,0.05
5.260692618787289,20.64,4.48,0.05
5.26215809956193,20.64,4.48,0.05
5.263645302504301,20.64,4.48,0.05
5.265134230256081,20.64,4.48,0.05
5.266611650586128,20.64,4.48,0.05
5.2680858746171,20.65,4.48,0.05
5.26956457644701,20.64,4.48,0.05
5.271048732101917,20.64,4.48,0.05
5.2725249491631985,20.64,4.48,0.05
5.27400790527463,20.64,4.48,0.05
5.275483179837465,20.64,4.48,0.05
5.276964016258717,20.64,4.48,0.05
5.278434302657843,20.64,4.48,0.05
5.279906682670116,20.65,4.48,0.05
5.28140527009964,20.65,4.48,0.05
5.282871153205633,20.65,4.48,0.05
5.284353166818619,20.64,4.48,0.05
5.285831190645695,20.64,4.48,0.05
5.2873015478253365,20.64,4.48,0.05
5.288795169442892,20.65,4.48,0.05
5.290262158960104,20.64,4.48,0.05
5.291750900447369,20.64,4.48,0.05
5.293265532702208,20.65,4.48,0.05
5.294699989259243,20.64,4.48,0.05
5.2961904890835285,20.64,4.48,0.05
5.297668807208538,20.64,4.48,0.05
5.299141064286232,20.64,4.48,0.05
5.300630182027817,20.64,4.48,0.05
5.302099820226431,20.64,4.48,0.05
5.3050614558160305,20.65,4.48,0.05
5.3080185651779175,20.64,4.48,0.05
5.3109650276601315,20.64,4.48,0.05
5.313925862312317,20.64,4.48,0.05
5.316896740347147,20.64,4.48,0.05
5.319864694029093,20.64,4.48,0.05
5.322809159755707,20.64,4.48,0.05
5.325759574770927,20.64,4.48,0.05
5.328710086643696,20.64,4.48,0.05
5.331676445901394,20.64,4.48,0.05
5.334636867046356,20.64,4.48,0.05
5.337592367082834,20.64,4.48,0.05
5.340554762631655,20.64,4.48,0.05
5.343504022806883,20.64,4.48,0.05
5.344977535307407,20.64,4.48,0.05
5.346466217190027,20.64,4.48,0.05
5.347942054271698,20.64,4.48,0.05
5.349421862512827,20.64,4.48,0.05
5.350889138877392,20.64,4.48,0.05
5.352380447089672,20.64,4.48,0.05
5.353853043168783,20.64,4.48,0.05
5.355332046747208,20.64,4.48,0.05
5.356805168092251,20.64,4.48,0.05
5.3582987524569035,20.64,4.48,0.05
5.359769776463509,20.64,4.48,0.05
5.361252304166555,20.64,4.48,0.05
5.362728551030159,20.64,4.48,0.05
5.364214468747377,20.64,4.48,0.05
5.3656883873045444,20.64,4.48,0.05
5.367184363305569,20.65,4.48,0.05
5.368647679686546,20.64,4.48,0.05
5.370126847177744,20.64,4.48,0.05
5.371608093380928,20.64,4.48,0.05
5.373088702559471,20.64,4.48,0.05
5.3745628371834755,20.64,4.48,0.05
5.376038443297148,20.64,4.48,0.05
5.377542287111282,20.64,4.48,0.05
5.379004180431366,20.64,4.48,0.05
5.380488097667694,20.64,4.48,0.05
5.381962597370148,20.64,4.48,0.05
5.383434846997261,20.64,4.48,0.05
5.384919449687004,20.64,4.48,0.05
5.386386942118406,20.64,4.48,0.05
5.387873027473688,20.64,4.48,0.05
5.389344282448292,20.64,4.48,0.05
5.390820883214474,20.64,4.48,0.05
5.392313055694103,20.64,4.48,0.05
5.39378297328949,20.64,4.48,0.05
5.395262166857719,20.64,4.48,0.05
5.396754082292318,20.64,4.48,0.05
5.398215357214212,20.64,4.48,0.05
5.399702936410904,20.64,4.48,0.05
5.402684602886438,20.64,4.48,0.05
5.405619412660599,20.64,4.48,0.05
5.408581607043743,20.64,4.48,0.05
5.411531809717417,20.64,4.48,0.05
5.414492771029472,20.64,4.48,0.05
5.417447112500668,20.64,4.48,0.05
5.420405734330416,20.64,4.48,0.05
5.423367463052273,20.64,4.48,0.05
5.426322836428881,20.64,4.48,0.05
5.429278336465359,20.64,4.48,0.05
5.432242047041655,20.64,4.48,0.05
5.435196302831173,20.64,4.48,0.05
5.438149582594633,20.64,4.48,0.05
5.441118039190769,20.64,4.49,0.05
5.444071389734745,20.64,4.48,0.05
5.447015929967165,20.64,4.48,0.05
5.449980914592743,20.64,4.49,0.05
5.452938865870237,20.64,4.48,0.05
5.455898012965918,20.64,4.49,0.05
5.458854302763939,20.64,4.49,0.05
5.46181695535779,20.64,4.49,0.05
5.464781112968922,20.64,4.49,0.05
5.4677343517541885,20.64,4.49,0.05
5.470686864107847,20.64,4.49,0.05
5.473640389740467,20.64,4.49,0.05
5.4766007624566555,20.64,4.49,0.05
5.479561872780323,20.64,4.49,0.05
5.482512600719929,20.64,4.49,0.05
5.485480546951294,20.64,4.49,0.05
5.488434959203005,20.64,4.49,0.05
5.489919271320105,20.64,4.49,0.05
5.491399947553873,20.64,4.49,0.05
5.49286800250411,20.64,4.49,0.05
5.4943369925022125,20.64,4.49,0.05
5.495834309607744,20.64,4.49,0.05
5.4973054677248,20.64,4.49,0.05
5.498775314539671,20.64,4.49,0.05
5.50174131244421,20.65,4.49,0.05
5.50470519810915,20.64,4.49,0.05
5.5061935894191265,20.64,4.49,0.05
5.5076556876301765,20.65,4.49,0.05
5.5091365948319435,20.65,4.49,0.05
5.510631769895554,20.64,4.49,0.05
5.512099761515856,20.64,4.49,0.05
5.5135829746723175,20.64,4.49,0.05
5.515053737908602,20.64,4.49,0.05
5.516531080007553,20.64,4.49,0.05
5.518003094941378,20.65,4.49,0.05
5.519491091370583,20.64,4.49,0.05
5.520963974297047,20.64,4.49,0.05
5.52244171872735,20.65,4.49,0.05
5.52392977848649,20.64,4.49,0.05
5.525398418307304,20.64,4.49,0.05
5.526890899986029,20.64,4.49,0.05
5.528353895992041,20.65,4.49,0.05
5.529834292829037,20.64,4.49,0.05
5.531321369111538,20.64,4.49,0.05
5.5328003987669945,20.65,4.49,0.05
5.534272488206625,20.65,4.49,0.05
5.535762216895819,20.64,4.49,0.05
5.537233971059322,20.64,4.49,0.05
5.538709711283445,20.65,4.49,0.05
5.540197543799877,20.65,4.49,0.05
5.5416711792349815,20.65,4.49,0.05
5.543152090162039,20.65,4.49,0.05
5.544627457857132,20.65,4.49,0.05
5.546111170202494,20.64,4.49,0.05
5.547579638659954,20.64,4.49,0.05
5.549063801765442,20.65,4.49,0.05
5.5505411028862,20.65,4.49,0.05
5.552026346325874,20.65,4.49,0.05
5.553500764071941,20.65,4.49,0.05
5.554979059845209,20.65,4.49,0.05
5.556469887495041,20.65,4.49,0.05
5.5579376593232155,20.64,4.49,0.05
5.559420172125101,20.65,4.49,0.05
5.560886859893799,20.65,4.49,0.05
5.562375612556934,20.65,4.49,0.05
5.563854180276394,20.65,4.49,0.05
5.56533271074295,20.65,4.49,0.05
5.566808130592108,20.65,4.49,0.05
5.568281263113022,20.65,4.49,0.05
5.569771107286215,20.65,4.49,0.05
5.571256395429373,20.64,4.49,0.05
5.572730749845505,20.64,4.49,0.05
5.574213523417711,20.64,4.49,0.05
5.575681008398533,20.65,4.49,0.05
5.577168524265289,20.65,4.49,0.05
5.5786394365131855,20.65,4.49,0.05
5.5801320895552635,20.65,4.49,0.05
5.581602901220322,20.64,4.49,0.05
5.583083402365446,20.64,4.49,0.05
5.584561310708523,20.64,4.49,0.05
5.586047500371933,20.65,4.49,0.05
5.5875058472156525,20.64,4.49,0.05
5.588987268507481,20.64,4.49,0.05
5.590473372489214,20.64,4.49,0.05
5.591953221708536,20.64,4.49,0.05
5.5934386141598225,20.64,4.49,0.05
5.594930104911327,20.64,4.49,0.05
5.596391543745995,20.64,4.49,0.05
5.599366396665573,20.64,4.48,0.05
5.60230203717947,20.64,4.48,0.05
5.605263199657202,20.65,4.48,0.05
5.608218751847744,20.64,4.48,0.05
5.61117035523057,20.64,4.48,0.05
5.614139407873154,20.64,4.48,0.05
5.617090474814177,20.65,4.48,0.05
5.620052948594093,20.64,4.48,0.05
5.6230045184493065,20.65,4.48,0.04
5.625972114503384,20.64,4.48,0.06
5.62892060726881,20.65,4.48,0.05
5.631874207407236,20.65,4.48,0.05
5.634838744997978,20.64,4.48,0.05
5.637787792831659,20.64,4.48,0.05
5.640752598643303,20.64,4.48,0.05
5.643705312162638,20.64,4.48,0.05
5.646660685539246,20.64,4.48,0.05
5.649626884609461,20.64,4.48,0.05
5.652578014880419,20.64,4.48,0.05
5.655540011823177,20.64,4.48,0.05
5.658495854586363,20.64,4.48,0.05
5.661448456346989,20.64,4.48,0.05
5.66441472992301,20.64,4.48,0.05
5.6673670038580894,20.65,4.48,0.05
5.66884845122695,20.64,4.49,0.05
5.670338902622461,20.64,4.49,0.05
5.671803060919046,20.64,4.48,0.05
5.673282992094755,20.64,4.48,0.05
5.6747633703053,20.65,4.48,0.05
5.676246643066406,20.65,4.48,0.05
5.6777179017663,20.64,4.48,0.05
5.679198827594519,20.65,4.48,0.05
5.680689454078674,20.65,4.48,0.05
5.682169482111931,20.65,4.48,0.05
5.683652892708778,20.65,4.48,0.05
5.685120098292828,20.65,4.48,0.05
5.686606403440237,20.65,4.48,0.05
5.688080884516239,20.65,4.48,0.05
5.689558371901512,20.65,4.48,0.05
5.6910329051315784,20.65,4.48,0.05
5.692507829517126,20.65,4.48,0.05
5.693994142115116,20.64,4.48,0.05
5.696950316429138,20.65,4.48,0.05
5.699911650270224,20.65,4.48,0.05
5.702862750738859,20.64,4.48,0.05
5.705834094434977,20.65,4.48,0.05
5.708781063556671,20.65,4.48,0.05
5.711741950362921,20.65,4.48,0.05
5.7146931029856205,20.65,4.48,0.05
5.71765598654747,20.65,4.48,0.05
5.720617670565844,20.65,4.48,0.05
5.723567355424166,20.65,4.48,0.05
5.726522512733936,20.65,4.48,0.05
5.729476630687714,20.64,4.48,0.05
5.732441749423742,20.65,4.48,0.05
5.735390659421682,20.65,4.48,0.05
5.738353569060564,20.65,4.48,0.05
5.739830981940031,20.65,4.48,0.05
5.741309586912394,20.65,4.48,0.05
5.742782209068537,20.65,4.48,0.05
5.744276747107506,20.65,4.48,0.05
5.74574339389801,20.65,4.48,0.05
5.747219920158386,20.65,4.48,0.05
5.748708121478558,20.64,4.48,0.05
5.750183820724487,20.64,4.48,0.05
5.751653455197811,20.65,4.48,0.05
5.753149680793285,20.65,4.48,0.05
5.754625894129276,20.65,4.48,0.05
5.756099168211222,20.65,4.48,0.05
5.757568214088678,20.64,4.48,0.05
5.759062860161066,20.64,4.48,0.05
5.7605355605483055,20.64,4.48,0.05
5.762018170207739,20.64,4.48,0.05
5.763500481843948,20.64,4.48,0.05
5.764974784106016,20.64,4.48,0.05
5.766459673643112,20.65,4.48,0.05
5.767945609986782,20.65,4.48,0.05
5.769421182572842,20.65,4.48,0.05
5.770889904350042,20.65,4.48,0.05
5.772392578423023,20.65,4.48,0.05
5.773855682462454,20.65,4.48,0.05
5.77532871440053,20.65,4.48,0.05
5.776814475655556,20.65,4.48,0.05
5.77828386798501,20.65,4.48,0.05
5.779765244573355,20.65,4.48,0.05
5.781242091208696,20.65,4.48,0.05
5.782724764198065,20.65,4.48,0.05
5.784194186329842,20.64,4.48,0.05
5.785684809088707,20.65,4.48,0.05
5.78715530410409,20.64,4.48,0.05
5.788641083985567,20.65,4.48,0.05
5.790113393217325,20.64,4.48,0.05
5.791592471301556,20.65,4.48,0.05
5.7930888421833515,20.65,4.48,0.05
5.796035215258598,20.64,4.48,0.05
5.798989124596119,20.64,4.48,0.05
5.801937110722065,20.64,4.48,0.05
5.804910525679588,20.65,4.48,0.05
5.807864259928465,20.65,4.48,0.05
5.810819115489721,20.65,4.48,0.05
5.813777223229408,20.65,4.48,0.05
5.816740341484547,20.65,4.48,0.05
5.81969778239727,20.64,4.48,0.05
5.822658080607653,20.64,4.48,0.05
5.825607612729073,20.65,4.48,0.05
5.828566584736109,20.65,4.48,0.05
5.83004953712225,20.65,4.48,0.05
5.83152012526989,20.64,4.48,0.05
5.83300457149744,20.64,4.48,0.05
5.834487728774548,20.65,4.48,0.05
5.83595709875226,20.64,4.48,0.05
5.837439063936472,20.64,4.48,0.05
5.838912758976221,20.64,4.48,0.05
5.840398538857698,20.64,4.48,0.05
5.841878332197666,20.64,4.48,0.05
5.843360044062138,20.64,4.48,0.05
5.844831757247448,20.64,4.48,0.05
5.84631085768342,20.64,4.48,0.05
5.847796723246574,20.64,4.48,0.05
5.849260661751032,20.64,4.48,0.05
5.8507529236376286,20.64,4.48,0.05
5.852230723947287,20.64,4.48,0.05
5.853708978742361,20.64,4.48,0.05
5.855189952999353,20.64,4.48,0.05
5.856661569327116,20.64,4.48,0.05
5.858142770826817,20.64,4.48,0.05
5.859621189534664,20.65,4.48,0.05
5.861098896712065,20.64,4.48,0.05
5.862581793218851,20.64,4.48,0.05
5.864065021276474,20.64,4.48,0.05
5.865525849163532,20.64,4.48,0.05
5.867022264748812,20.64,4.48,0.05
5.868498511612415,20.64,4.48,0.05
5.869969166815281,20.64,4.48,0.05
5.871459923684597,20.64,4.48,0.05
5.872926685959101,20.64,4.47,0.04
5.874408844858408,20.64,4.47,0.05
5.87588407099247,20.64,4.48,0.05
5.877374175935984,20.64,4.47,0.05
5.878852602094412,20.64,4.47,0.05
5.880332421511412,20.64,4.47,0.05
5.881795689463615,20.64,4.47,0.05
5.883284296840429,20.64,4.47,0.05
5.884762808680534,20.64,4.47,0.05
5.886240288615227,20.64,4.47,0.05
5.887722201645374,20.64,4.47,0.05
5.88919910043478,20.64,4.47,0.05
5.890674330294132,20.64,4.47,0.05
5.893625844269991,20.64,4.47,0.05
5.8965909704566,20.64,4.47,0.05
5.899557258933783,20.64,4.47,0.05
5.902506597340107,20.64,4.47,0.05
5.90546640753746,20.64,4.47,0.05
5.908429499715567,20.64,4.47,0.05
5.911390211433172,20.64,4.47,0.05
5.914356090128422,20.64,4.47,0.05
5.9172941744327545,20.64,4.47,0.05
5.920270785689354,20.64,4.48,0.05
5.923210933804512,20.64,4.48,0.05
5.926183644682169,20.64,4.48,0.05
5.929128669202328,20.64,4.48,0.05
5.932095553725958,20.64,4.48,0.05
5.93503774702549,20.64,4.48,0.05
5.937994785606861,20.64,4.48,0.05
5.940957900136709,20.64,4.48,0.05
5.943906839936972,20.64,4.47,0.05
5.946870781481266,20.64,4.47,0.05
5.949837237596512,20.64,4.47,0.05
5.952787563204765,20.64,4.47,0.05
5.955745540559292,20.64,4.47,0.05
5.958699963986874,20.64,4.47,0.05
5.961659599095583,20.64,4.47,0.05
5.964613106101751,20.64,4.47,0.05
5.967574514448643,20.64,4.47,0.05
5.970533601939678,20.64,4.47,0.05
5.973493069410324,20.64,4.48,0.05
5.976446386426687,20.64,4.47,0.05
5.979404117912054,20.64,4.48,0.05
5.982354488223791,20.64,4.47,0.05
5.9853256046772,20.64,4.47,0.05
5.988295491784811,20.64,4.47,0.05
5.991243153810501,20.64,4.47,0.05
5.992712821811438,20.64,4.47,0.05
5.9941999316215515,20.64,4.47,0.05
5.995682153850794,20.64,4.47,0.05
5.9971509501338005,20.64,4.47,0.05
5.998640216886997,20.64,4.47,0.05
6.000114910304546,20.64,4.47,0.05
6.001602623611689,20.64,4.47,0.05
6.003074295818806,20.64,4.47,0.05
6.004551608115435,20.64,4.47,0.05
6.006033033132553,20.64,4.47,0.05
6.007499407976866,20.64,4.47,0.05
6.008981555700302,20.64,4.47,0.05
6.010465681552887,20.64,4.47,0.05
6.0119415782392025,20.64,4.47,0.05
6.0134148970246315,20.64,4.47,0.05
6.014911368489265,20.64,4.47,0.05
6.0163805820047855,20.64,4.47,0.05
6.01785733550787,20.64,4.47,0.05
6.019336014986038,20.64,4.47,0.05
6.02081299200654,20.64,4.47,0.05
6.022303059697151,20.64,4.47,0.05
6.023776259273291,20.64,4.47,0.05
6.025265648961067,20.65,4.48,0.05
6.026730943471193,20.65,4.48,0.05
6.028208404779434,20.65,4.48,0.05
6.029687598347664,20.65,4.49,0.05
6.031170133501291,20.65,4.49,0.05
6.032656338065863,20.65,4.5,0.04
6.034115314483643,20.64,4.5,0.04
6.035608798265457,20.64,4.5,0.05
6.037077482789755,20.64,4.5,0.05
6.038559503853321,20.64,4.5,0.05
6.040048502385616,20.64,4.5,0.05
6.041526470333338,20.64,4.5,0.05
6.043003682047129,20.64,4.5,0.05
6.04447715729475,20.63,4.5,0.05
6.045955594629049,20.63,4.5,0.05
6.047430522739887,20.63,4.5,0.05
6.048925939947367,20.63,4.5,0.05
6.050387725234032,20.63,4.5,0.05
6.0518632754683495,20.63,4.5,0.05
6.05335945263505,20.63,4.5,0.05
6.054827123880386,20.63,4.5,0.05
6.056309603154659,20.63,4.5,0.05
6.057790219783783,20.63,4.5,0.05
6.0592614486813545,20.63,4.5,0.05
6.060735538601875,20.63,4.5,0.05
6.062232207506895,20.63,4.5,0.05
6.063700117170811,20.63,4.5,0.05
6.065179631114006,20.63,4.5,0.05
6.066661477088928,20.63,4.5,0.05
6.068149045109749,20.63,4.5,0.05
6.0696185529232025,20.63,4.5,0.05
6.0711057074368,20.63,4.5,0.05
6.072564594447613,20.63,4.5,0.05
6.074041865766048,20.63,4.49,0.05
6.0755284652113914,20.63,4.5,0.05
6.077010169625282,20.62,4.5,0.05
6.07848933339119,20.63,4.5,0.05
6.0799759812653065,20.63,4.5,0.05
6.081445395946503,20.63,4.5,0.05
6.082934159785509,20.63,4.49,0.05
6.084405519068241,20.63,4.5,0.05
6.085884153842926,20.63,4.5,0.05
6.087363608181477,20.63,4.5,0.05
6.090328618884087,20.63,4.5,0.05
6.09328731149435,20.63,4.49,0.05
6.096234071999788,20.63,4.49,0.05
6.099197793751955,20.63,4.49,0.05
6.102152056992054,20.63,4.49,0.05
6.105111941695213,20.63,4.49,0.05
6.108071945607662,20.63,4.49,0.05
6.111017547547817,20.63,4.49,0.05
6.1139820739626884,20.63,4.49,0.05
6.116937018930912,20.63,4.49,0.05
6.119897596538067,20.63,4.49,0.05
6.122881352901459,20.62,4.49,0.05
6.125810239464045,20.63,4.49,0.05
6.128765687346458,20.62,4.49,0.05
6.131720490753651,20.62,4.49,0.05
6.134692776948214,20.63,4.49,0.05
6.137644059956074,20.62,4.5,0.05
6.140604943037033,20.63,4.5,0.05
6.143558971583843,20.63,4.49,0.05
6.146389305591583,20.63,4.49,0.05
6.149333503097296,20.62,4.5,0.05
6.152255419641733,20.63,4.5,0.05
6.153872311115265,20.62,4.49,0.05
6.1553719118237495,20.63,4.49,0.05
6.156698476523161,20.63,4.49,0.05
6.1582730785012245,20.63,4.49,0.05
6.159685794264078,20.63,4.49,0.05
6.161227717995644,20.63,4.49,0.05
6.162747588008642,20.63,4.49,0.05
6.1640641912817955,20.63,4.49,0.05
6.165646675974131,20.63,4.49,0.05
6.16721960157156,20.63,4.5,0.05
6.168608665466309,20.63,4.49,0.05
6.170173618942499,20.63,4.49,0.05
6.171489257365465,20.63,4.5,0.05
6.173081576824188,20.62,4.49,0.05
6.17460485175252,20.63,4.5,0.05
6.176027860492468,20.63,4.5,0.05
6.177511859685183,20.62,4.49,0.05
6.178980175405741,20.62,4.49,0.05
6.180428862571716,20.62,4.49,0.05
6.18199473246932,20.63,4.49,0.05
6.183318346738815,20.63,4.49,0.05
6.184962842613459,20.62,4.49,0.05
6.187802664935589,20.62,4.49,0.05
6.1906905844807625,20.63,4.49,0.05
6.1938308998942375,20.62,4.49,0.05
6.196775782853365,20.62,4.49,0.05
6.199705433100462,20.62,4.49,0.05
6.202694956213236,20.63,4.49,0.05
6.205508019775152,20.62,4.49,0.05
6.208629120141268,20.62,4.49,0.05
6.211583502590656,20.62,4.49,0.05
6.214547235518694,20.62,4.49,0.05
6.217341799288988,20.62,4.49,0.05
6.2204419150948524,20.62,4.49,0.05
6.223405297845602,20.62,4.49,0.05
6.2262874990701675,20.63,4.49,0.05
6.229251880198717,20.62,4.49,0.05
6.2321051843464375,20.62,4.49,0.05
6.235029745846987,20.62,4.49,0.05
6.23816791921854,20.62,4.49,0.05
6.241133835166693,20.62,4.49,0.05
6.242644127458334,20.62,4.49,0.05
6.2440160401165485,20.62,4.49,0.05
6.245571091771126,20.62,4.49,0.05
6.24708466976881,20.62,4.49,0.05
6.248523712158203,20.62,4.49,0.05
6.250035312026739,20.63,4.49,0.05
6.2513882257044315,20.63,4.49,0.05
6.252948202192783,20.62,4.49,0.05
6.254446268081665,20.62,4.49,0.05
6.255893964320421,20.62,4.49,0.05
6.257429778575897,20.62,4.49,0.05
6.258800897747278,20.62,4.49,0.05
6.2603806257247925,20.62,4.49,0.05
6.261856138706207,20.63,4.49,0.05
6.2632755152881145,20.63,4.49,0.05
6.264822546392679,20.62,4.49,0.05
6.2663036249578,20.62,4.49,0.05
6.267779026180506,20.62,4.49,0.05
6.26923817768693,20.62,4.49,0.05
6.270728453993797,20.62,4.49,0.05
6.272215809673071,20.62,4.49,0.05
6.273687094449997,20.62,4.49,0.05
6.275177501142025,20.62,4.49,0.05
6.2766539342701435,20.62,4.49,0.05
6.278132908046246,20.62,4.49,0.05
6.279613859951496,20.62,4.49,0.05
6.281084883958101,20.62,4.49,0.05
6.2825599536299706,20.62,4.49,0.05
6.283917315304279,20.62,4.49,0.05
6.285525057464838,20.62,4.49,0.05
6.288488171994686,20.62,4.49,0.05
6.291283026337624,20.62,4.49,0.05
6.29417559877038,20.62,4.49,0.05
6.297303970903158,20.62,4.49,0.05
6.300315786153078,20.62,4.49,0.05
6.303245037794113,20.63,4.48,0.05
6.306154694408178,20.62,4.49,0.05
6.30910587310791,20.63,4.49,0.05
6.312144938856363,20.62,4.49,0.05
6.31355020403862,20.62,4.49,0.05
6.31503377109766,20.63,4.49,0.05
6.316593788564205,20.63,4.49,0.05
6.317967768758535,20.63,4.49,0.05
6.319521456956863,20.63,4.49,0.05
6.3210127130150795,20.63,4.49,0.05
6.322502214461565,20.63,4.49,0.05
6.323964428156614,20.62,4.49,0.05
6.325448654592037,20.62,4.49,0.05
6.326871480792761,20.62,4.49,0.05
6.3283317014575005,20.62,4.49,0.05
6.329884447157383,20.62,4.49,0.05
6.331299372017384,20.63,4.49,0.05
6.332803875207901,20.63,4.49,0.05
6.334277473390102,20.62,4.49,0.05
6.33580744639039,20.62,4.49,0.05
6.337282732129097,20.63,4.49,0.05
6.338705491274595,20.63,4.49,0.05
6.340236574411392,20.63,4.49,0.05
6.341665182262659,20.62,4.49,0.05
6.343202121555805,20.62,4.49,0.05
6.34468137472868,20.62,4.49,0.05
6.346169605851173,20.62,4.49,0.05
6.347632814198732,20.62,4.48,0.05
6.349126972258091,20.62,4.48,0.05
6.350365996360779,20.62,4.48,0.05
6.352073237299919,20.62,4.49,0.05
6.3535462617874146,20.62,4.49,0.05
6.35482145473361,20.62,4.49,0.05
6.356512106955051,20.62,4.49,0.05
6.357986818999052,20.62,4.49,0.05
6.359468691051006,20.62,4.48,0.05
6.3609538078308105,20.62,4.49,0.05
6.362432345747948,20.62,4.49,0.05
6.3638965375721455,20.62,4.49,0.05
6.365381635725498,20.62,4.49,0.05
6.3668198473751545,20.62,4.48,0.05
6.3683424815535545,20.62,4.49,0.05
6.369823761284351,20.62,4.49,0.05
6.37130630761385,20.62,4.49,0.05
6.37278675287962,20.62,4.49,0.05
6.374263301491737,20.62,4.49,0.05
6.375724587589502,20.62,4.49,0.05
6.377216432243586,20.62,4.49,0.05
6.378690242767334,20.62,4.49,0.05
6.380152229219675,20.62,4.49,0.05
6.3816510029137135,20.62,4.49,0.05
6.382959697395563,20.62,4.49,0.05
6.386087596416473,20.62,4.49,0.05
6.388882648199797,20.62,4.49,0.05
6.39201033860445,20.62,4.49,0.05
6.394844278693199,20.63,4.49,0.05
6.3978716023266315,20.62,4.49,0.05
6.40088452398777,20.62,4.49,0.05
6.403746873140335,20.63,4.49,0.05
6.40680293738842,20.62,4.49,0.05
6.409740678966045,20.62,4.49,0.05
6.412707302719355,20.63,4.49,0.05
6.415669336915016,20.62,4.49,0.05
6.4184368178248405,20.62,4.48,0.05
6.42158804833889,20.62,4.48,0.05
6.42450724542141,20.62,4.48,0.05
6.427489768713713,20.63,4.49,0.05
6.43045687302947,20.63,4.49,0.05
6.433413960039616,20.63,4.49,0.05
6.436376795172691,20.63,4.49,0.05
6.439335692673922,20.63,4.48,0.05
6.442239739000797,20.63,4.48,0.05
6.445245988667011,20.62,4.48,0.05
6.44819825142622,20.63,4.48,0.05
6.451168291270733,20.63,4.48,0.05
6.453887939453125,20.62,4.48,0.05
6.456845674663782,20.63,4.48,0.05
6.460036374628544,20.63,4.48,0.05
6.462992746382952,20.63,4.49,0.05
6.46594263613224,20.63,4.49,0.05
6.468894653022289,20.63,4.49,0.05
6.471853628754616,20.63,4.49,0.05
6.474831100553274,20.62,4.49,0.05
6.476264379918575,20.62,4.48,0.05
6.477765068411827,20.62,4.48,0.05
6.479250501841307,20.62,4.48,0.05
6.480739790946245,20.62,4.48,0.05
6.483692437410355,20.62,4.48,0.05
6.486661478877068,20.62,4.48,0.05
6.4896180331707,20.62,4.48,0.05
6.492560513317585,20.62,4.48,0.05
6.494048427790403,20.62,4.48,0.05
6.495530053973198,20.62,4.48,0.05
6.496907785534859,20.62,4.48,0.05
6.4984908439219,20.62,4.48,0.05
6.499974720180035,20.62,4.48,0.05
6.501439455896616,20.62,4.48,0.05
6.502914655953646,20.62,4.48,0.05
6.504393525421619,20.62,4.48,0.05
6.505882233381271,20.62,4.48,0.05
6.50737127289176,20.62,4.48,0.05
6.508750092238188,20.62,4.48,0.05
6.510320451110601,20.62,4.48,0.05
6.511789783835411,20.62,4.48,0.05
6.513281479477882,20.62,4.48,0.05
6.5146400183439255,20.62,4.48,0.05
6.516230072826147,20.62,4.48,0.05
6.51770207285881,20.62,4.48,0.05
6.519188016653061,20.62,4.48,0.05
6.520673744380474,20.62,4.48,0.05
6.522146008908749,20.62,4.48,0.05
6.5236273892223835,20.62,4.48,0.05
6.525098729878664,20.62,4.48,0.05
6.526577718555927,20.62,4.48,0.05
6.528061382472515,20.62,4.48,0.05
6.529461499303579,20.62,4.48,0.05
6.530914064496756,20.62,4.48,0.05
6.532431595027447,20.62,4.48,0.05
6.53395127505064,20.62,4.48,0.05
6.535437539219856,20.62,4.48,0.05
6.536922361701727,20.62,4.48,0.05
6.538414005190134,20.62,4.48,0.05
6.539790201932192,20.62,4.48,0.05
6.541376173496246,20.62,4.48,0.05
6.542764190584421,20.62,4.48,0.05
6.544330656528473,20.62,4.48,0.05
6.545789755880833,20.62,4.48,0.05
6.547290340065956,20.62,4.48,0.05
6.548756513744593,20.62,4.48,0.05
6.5502416379749775,20.62,4.48,0.05
6.551726788282394,20.62,4.48,0.05
6.5532070361077785,20.62,4.48,0.05
6.554682709276676,20.62,4.48,0.05
6.556163098663092,20.62,4.48,0.05
6.557643685489893,20.62,4.48,0.05
6.559116635471582,20.62,4.48,0.05
6.560599148273468,20.62,4.48,0.05
6.562071017920971,20.62,4.48,0.05
6.563550166785717,20.62,4.48,0.05
6.565027203410864,20.62,4.48,0.05
6.566503871232271,20.62,4.48,0.05
6.5679854191839695,20.62,4.48,0.05
6.569476045668125,20.61,4.48,0.05
6.570930130779743,20.61,4.48,0.05
6.572408903390169,20.62,4.48,0.05
6.573896482586861,20.62,4.48,0.05
6.57539077475667,20.61,4.48,0.05
6.576853442937136,20.62,4.48,0.05
6.578329876065254,20.62,4.48,0.05
6.57982424646616,20.62,4.48,0.05
6.582783509045839,20.62,4.48,0.05
6.585737980902195,20.62,4.48,0.05
6.5886841006577015,20.62,4.48,0.05
6.591525945812464,20.62,4.48,0.05
6.594525542110205,20.62,4.48,0.05
6.597399655729532,20.62,4.48,0.05
6.600424125790596,20.62,4.48,0.05
6.6034140810370445,20.62,4.48,0.05
6.606378320604563,20.62,4.48,0.05
6.609386220574379,20.62,4.48,0.05
6.612346179783344,20.62,4.48,0.05
6.615305334329605,20.62,4.48,0.05
6.618265390396118,20.62,4.48,0.05
6.621156148612499,20.62,4.48,0.05
6.624097287654877,20.62,4.48,0.05
6.627055749297142,20.62,4.48,0.05
6.630019512027502,20.62,4.48,0.05
6.63306662067771,20.62,4.48,0.05
6.63586812466383,20.62,4.48,0.05
6.63749036192894,20.62,4.48,0.05
6.638976965099573,20.62,4.48,0.05
6.640448421239853,20.62,4.48,0.05
6.641844600439072,20.62,4.48,0.05
6.643283382058144,20.62,4.48,0.05
6.644896890968084,20.62,4.48,0.05
6.646354332566261,20.62,4.48,0.05
6.64775125682354,20.62,4.48,0.05
6.649309184402227,20.62,4.48,0.05
6.65078479424119,20.62,4.48,0.05
6.652193505316973,20.61,4.48,0.05
6.653725437819958,20.61,4.48,0.05
6.655245687812567,20.62,4.48,0.05
6.656705487519503,20.62,4.48,0.05
6.658096693456173,20.62,4.48,0.05
6.659650683403015,20.62,4.48,0.05
6.661154583096504,20.62,4.48,0.05
6.662612497806549,20.62,4.48,0.05
6.664085928350687,20.62,4.48,0.05
6.665569078177214,20.62,4.48,0.05
6.6670477613806725,20.62,4.48,0.05
6.6685521975159645,20.62,4.48,0.05
6.670031920075417,20.62,4.48,0.05
6.671514865010977,20.62,4.48,0.05
6.6729999259114265,20.62,4.48,0.05
6.6744887717068195,20.62,4.48,0.05
6.67590831592679,20.62,4.48,0.05
6.677418060600758,20.62,4.48,0.05
6.680352088063955,20.62,4.48,0.05
6.683337897062302,20.62,4.48,0.05
6.68629652634263,20.62,4.48,0.05
6.689264893531799,20.62,4.48,0.05
6.692218415439129,20.62,4.48,0.05
6.6951393485069275,20.62,4.48,0.05
6.69789782166481,20.62,4.48,0.05
6.700980678200722,20.62,4.48,0.05
6.703855097293854,20.62,4.48,0.05
6.706808298826218,20.62,4.48,0.05
6.709902513772249,20.62,4.48,0.05
6.712787717580795,20.62,4.48,0.05
6.715779639780521,20.62,4.48,0.05
6.718664564192295,20.62,4.48,0.05
6.721801280975342,20.61,4.48,0.05
6.724664997309446,20.62,4.48,0.05
6.727707378566265,20.62,4.48,0.05
6.730573423206806,20.62,4.48,0.05
6.733617212623358,20.62,4.48,0.05
6.736576814204454,20.62,4.48,0.05
6.739535793662071,20.62,4.48,0.05
6.742502104490995,20.62,4.48,0.05
6.74546218290925,20.62,4.48,0.05
6.746926829218864,20.62,4.48,0.05
6.74832059815526,20.62,4.48,0.05
6.749876473098993,20.62,4.47,0.05
6.7513370253145695,20.62,4.48,0.05
6.752775937318802,20.62,4.48,0.05
6.7543246150016785,20.62,4.48,0.05
6.755737312138081,20.62,4.48,0.05
6.757182087749243,20.62,4.48,0.05
6.758735116571188,20.62,4.48,0.05
6.760231710970402,20.62,4.48,0.05
6.761632043868303,20.62,4.48,0.05
6.7632054798305035,20.62,4.48,0.05
6.7646177634596825,20.62,4.48,0.05
6.765926573425531,20.62,4.48,0.05
6.7676267847418785,20.62,4.48,0.05
6.769072808325291,20.62,4.48,0.05
6.770374722778797,20.62,4.48,0.05
6.7720661871135235,20.62,4.48,0.05
6.773344237357378,20.62,4.48,0.05
6.775031745433807,20.62,4.48,0.05
6.776318978518248,20.62,4.48,0.05
6.77926105260849,20.62,4.48,0.05
6.782421495765448,20.62,4.48,0.05
6.785393178462982,20.62,4.48,0.05
6.788248218595982,20.62,4.48,0.05
6.791177153587341,20.62,4.48,0.05
6.794108036905527,20.62,4.48,0.05
6.797055441886187,20.62,4.48,0.05
6.798680618405342,20.62,4.48,0.05
6.800176236778498,20.62,4.48,0.05
6.80162950605154,20.62,4.48,0.05
6.803122527897358,20.62,4.48,0.05
6.80443299561739,20.62,4.48,0.05
6.806086391210556,20.62,4.48,0.05
6.807497043162584,20.62,4.48,0.05
6.80887046828866,20.62,4.48,0.05
6.810543231666088,20.62,4.48,0.05
6.812011748552322,20.62,4.48,0.05
6.813486430794001,20.62,4.47,0.05
6.814962353557348,20.62,4.48,0.05
6.816440716385841,20.62,4.47,0.05
6.817916139960289,20.62,4.47,0.05
6.81939772516489,20.62,4.47,0.05
6.820761274546385,20.62,4.47,0.05
6.822222467511892,20.62,4.47,0.05
6.823784489184618,20.62,4.47,0.05
6.825319916009903,20.62,4.47,0.05
6.826790954917669,20.62,4.47,0.05
6.828255131840706,20.62,4.47,0.05
6.829746879637241,20.62,4.47,0.05
6.831222016364336,20.62,4.47,0.05
6.832701075822115,20.62,4.47,0.05
6.834183033555746,20.62,4.47,0.05
6.835607349872589,20.62,4.47,0.05
6.837090227752924,20.62,4.47,0.05
6.838628526777029,20.62,4.47,0.05
6.840006463229656,20.62,4.48,0.05
6.841575466096401,20.62,4.48,0.05
6.843058157712221,20.62,4.47,0.05
6.84453459456563,20.62,4.47,0.05
6.846002720296383,20.62,4.48,0.05
6.8474974781274796,20.62,4.48,0.05
6.848889980465174,20.62,4.48,0.05
6.850439362227917,20.62,4.47,0.05
6.851864591240883,20.62,4.47,0.05
6.853408966213465,20.62,4.48,0.05
6.854893572628498,20.62,4.48,0.05
6.856322921812534,20.62,4.48,0.05
6.857830073684454,20.62,4.47,0.05
6.85932819545269,20.62,4.47,0.05
6.860732290893793,20.62,4.48,0.05
6.8622502237558365,20.62,4.47,0.05
6.863755144178867,20.61,4.47,0.05
6.86523375287652,20.62,4.48,0.05
6.86664105206728,20.62,4.47,0.05
6.868154935538769,20.62,4.47,0.05
6.869454596191645,20.62,4.47,0.05
6.871171373873949,20.62,4.48,0.05
6.872529860585928,20.62,4.48,0.05
6.87412142008543,20.62,4.47,0.05
6.8769915252923965,20.62,4.47,0.05
6.880018763244152,20.62,4.47,0.05
6.882994245737791,20.62,4.47,0.05
6.885922841727734,20.62,4.47,0.05
6.888898022472858,20.62,4.47,0.05
6.891647346317768,20.62,4.47,0.05
6.894819796085358,20.61,4.47,0.05
6.897782418876886,20.61,4.47,0.05
6.900738846510649,20.62,4.47,0.05
6.903586972504854,20.62,4.47,0.05
6.906656868755817,20.62,4.47,0.05
6.909601394087076,20.62,4.47,0.05
6.9125576093792915,20.62,4.47,0.05
6.915451630949974,20.62,4.47,0.05
6.918354079127312,20.62,4.47,0.05
6.921462241560221,20.62,4.47,0.05
6.924276143312454,20.62,4.47,0.05
6.927240759134293,20.62,4.47,0.05
6.930279023945332,20.62,4.47,0.05
6.933239735662937,20.62,4.47,0.05
6.9362210519611835,20.62,4.47,0.05
6.939188450574875,20.62,4.47,0.05
6.9420843459665775,20.62,4.47,0.05
6.945030685514212,20.62,4.47,0.05
6.948059879243374,20.61,4.47,0.05
6.951025001704693,20.62,4.47,0.05
6.953981686383486,20.62,4.47,0.05
6.956919398158789,20.62,4.47,0.05
6.958438165485859,20.62,4.47,0.05
6.959795843809843,20.62,4.47,0.05
6.961348183453083,20.62,4.47,0.05
6.962856855243444,20.62,4.47,0.05
6.964263767004013,20.62,4.47,0.05
6.965726461261511,20.61,4.47,0.05
6.967292312532663,20.62,4.47,0.05
6.968769695609808,20.62,4.47,0.05
6.970241904258728,20.62,4.47,0.05
6.971738785505295,20.62,4.47,0.05
6.974462050944567,20.62,4.47,0.05
6.977630387991667,20.61,4.47,0.05
6.980586048215628,20.62,4.47,0.05
6.983544893562794,20.62,4.47,0.05
6.986281130462885,20.62,4.47,0.05
6.989467915147543,20.62,4.47,0.05
6.992433432489634,20.62,4.47,0.05
6.995385702699423,20.62,4.47,0.05
6.998222406953573,20.62,4.47,0.05
6.999638348817825,20.62,4.47,0.05
7.001309994608164,20.62,4.47,0.05
7.0027857311069965,20.61,4.47,0.05
7.0042400397360325,20.62,4.47,0.05
7.005587995052338,20.62,4.47,0.05
7.007211357355118,20.62,4.47,0.05
7.008500307798386,20.62,4.47,0.05
7.010179705917835,20.62,4.47,0.05
7.011645879596472,20.62,4.47,0.05
7.013036839663982,20.62,4.47,0.05
7.014607969671488,20.62,4.47,0.05
7.016031853854656,20.61,4.47,0.05
7.0175740495324135,20.62,4.47,0.05
7.019063528627157,20.62,4.47,0.05
7.020384509116411,20.62,4.47,0.05
7.021969925612211,20.62,4.47,0.05
7.023481972515583,20.62,4.47,0.05
7.024959668517113,20.62,4.47,0.05
7.026444047689438,20.62,4.47,0.05
7.027912933379412,20.62,4.47,0.05
7.029399264603853,20.62,4.47,0.05
7.030878819525242,20.62,4.47,0.05
7.03236547857523,20.62,4.47,0.05
7.033830374479294,20.62,4.47,0.05
7.035195853561163,20.62,4.47,0.05
7.03678884357214,20.62,4.47,0.05
7.038264531642199,20.62,4.47,0.05
7.039746552705765,20.62,4.47,0.05
7.041231580078602,20.61,4.47,0.05
7.042716026306152,20.61,4.47,0.05
7.044162727892399,20.62,4.47,0.05
7.045674562454224,20.62,4.47,0.05
7.047044426202774,20.62,4.47,0.05
7.048586931079626,20.62,4.47,0.05
7.050104159861803,20.62,4.47,0.05
7.05157770216465,20.61,4.47,0.05
7.053051881492138,20.62,4.47,0.05
7.054545033723116,20.62,4.47,0.05
7.056034445762634,20.62,4.47,0.05
7.057392496615648,20.62,4.47,0.05
7.058984402567148,20.62,4.47,0.05
7.060254283249378,20.62,4.47,0.05
7.0619321428239346,20.62,4.47,0.05
7.063406623899937,20.62,4.47,0.05
7.064821053296328,20.61,4.47,0.05
7.066376939415932,20.62,4.47,0.05
7.067859582602978,20.62,4.47,0.05
7.0693145878612995,20.62,4.47,0.05
7.070808362215757,20.62,4.47,0.05
7.073737923055887,20.62,4.47,0.05
7.0767316073179245,20.62,4.47,0.05
7.079460889101028,20.62,4.47,0.05
7.082634229212999,20.62,4.47,0.05
7.0855559557676315,20.61,4.47,0.05
7.08856089040637,20.62,4.47,0.05
7.091517046093941,20.62,4.47,0.05
7.094465829432011,20.62,4.47,0.05
7.097435332834721,20.62,4.47,0.05
7.100385338068008,20.62,4.47,0.05
7.1033433973789215,20.61,4.47,0.05
7.106305658817291,20.62,4.47,0.05
7.109240375459194,20.62,4.47,0.05
7.112203922122717,20.62,4.47,0.05
7.115033067762852,20.62,4.47,0.05
7.118127454072237,20.62,4.47,0.05
7.119613826274872,20.62,4.47,0.05
7.121098089963198,20.62,4.47,0.05
7.12257045134902,20.62,4.47,0.05
7.12405065074563,20.62,4.47,0.05
7.125531777739525,20.62,4.47,0.05
7.12701553478837,20.62,4.47,0.05
7.128481041640043,20.61,4.47,0.05
7.129877902567387,20.61,4.47,0.05
7.131412424147129,20.62,4.47,0.05
7.132924027740955,20.62,4.47,0.05
7.134406361728907,20.61,4.47,0.05
7.135797884315252,20.61,4.47,0.05
7.137230407446623,20.62,4.47,0.05
7.138732232153416,20.62,4.47,0.05
7.140225321054459,20.62,4.47,0.05
7.141702227294445,20.62,4.47,0.05
7.143275015056133,20.62,4.47,0.05
7.1447534784674644,20.62,4.47,0.05
7.146234694868326,20.62,4.47,0.05
7.147574864327908,20.62,4.47,0.05
7.149195335805416,20.62,4.47,0.05
7.150624755769968,20.62,4.47,0.05
7.152147002518177,20.62,4.47,0.05
7.153633054345846,20.63,4.47,0.05
7.155098058283329,20.62,4.47,0.05
7.156583737581968,20.62,4.47,0.05
7.1580526903271675,20.62,4.47,0.05
7.159538112580776,20.62,4.47,0.05
7.161013297736645,20.63,4.47,0.05
7.162418648600578,20.63,4.47,0.05
7.163985703140497,20.62,4.47,0.05
7.165380381047726,20.62,4.47,0.05
7.166938200592995,20.62,4.47,0.05
7.16831997781992,20.62,4.47,0.05
7.169899825006723,20.62,-269.88,0.05
7.172864779829979,20.62,4.47,0.05
7.175741378217936,20.62,4.47,0.05
7.1787718161940575,20.62,4.47,0.05
7.181723915040493,20.62,4.47,0.05
7.184471745043993,20.62,4.47,0.05
7.187639821320772,20.62,4.47,0.05
7.190359324216843,20.62,4.47,0.05
7.193556271493435,20.62,4.47,0.05
7.1965153105556965,20.62,4.47,0.05
7.199370827525854,20.62,4.47,0.05
7.202423643320799,20.62,4.47,0.05
7.205399412661791,20.62,4.47,0.05
7.20828989893198,20.62,4.47,0.05
7.211286276578903,20.62,4.47,0.05
7.214263502508402,20.62,4.47,0.05
7.21710841730237,20.62,4.47,0.05
7.22000528126955,20.62,4.47,0.05
7.222967851907015,20.62,4.47,0.05
7.225881699472666,20.62,4.47,0.05
7.228867124766111,20.62,4.47,0.05
7.2320054695010185,20.62,4.47,0.05
7.234965283423662,20.62,4.47,0.05
7.237922340631485,20.62,4.47,0.05
7.240891866385937,20.62,4.47,0.05
7.243837181478739,20.63,4.47,0.05
7.246745094656944,20.62,4.47,0.05
7.249765321612358,20.62,4.47,0.05
7.25123318657279,20.62,4.47,0.05
7.2525977455079556,20.62,4.47,0.05
7.254018250852823,20.62,4.47,0.05
7.255528885871172,20.63,4.47,0.05
7.257153585553169,20.62,4.47,0.05
7.258611675351858,20.62,4.47,0.05
7.260102953761816,20.62,4.47,0.05
7.2615488730371,20.62,4.47,0.05
7.2629852294921875,20.63,4.47,0.05
7.264392461627722,20.62,4.47,0.05
7.266021311283112,20.62,4.47,0.05
7.267378736287355,20.63,4.47,0.05
7.2689438462257385,20.63,4.47,0.05
7.2719414830207825,20.62,4.47,0.05
7.274668347090483,20.63,4.47,0.05
7.277819328010082,20.62,4.47,0.05
7.280766271054745,20.62,4.47,0.05
7.282298978418112,20.63,4.47,0.05
7.283727698028088,20.63,4.47,0.05
7.285259559750557,20.63,4.47,0.05
7.286735735833645,20.62,4.47,0.05
7.288210712373257,20.62,4.47,0.05
7.289695594459772,20.62,4.47,0.05
7.291171658784151,20.62,4.47,0.05
7.292651135474443,20.62,4.47,0.05
7.294131506234407,20.62,4.47,0.05
7.295604653656483,20.62,4.47,0.05
7.297087628394365,20.62,4.47,0.05
7.298562657088041,20.62,4.47,0.05
7.300048604607582,20.62,4.47,0.05
7.301492337137461,20.62,4.47,0.05
7.302977114915848,20.62,4.47,0.05
7.304466601461172,20.62,4.47,0.05
7.3059595711529255,20.62,4.47,0.05
7.3074258752167225,20.62,4.47,0.05
7.308917500078678,20.62,4.47,0.05
7.310394302010536,20.62,4.47,0.05
7.311881389468908,20.62,4.47,0.05
7.313356056809425,20.62,4.47,0.05
7.314807765185833,20.62,4.47,0.05
7.316316112875938,20.62,4.47,0.05
7.317789062857628,20.62,4.47,0.05
7.319264460355043,20.62,4.47,0.05
7.320746563374996,20.62,4.47,0.05
7.322219796478748,20.62,4.47,0.05
7.323670540004969,20.62,4.47,0.05
7.325166191905737,20.62,4.47,0.05
7.326648570597172,20.62,4.47,0.05
7.328123476356268,20.62,4.47,0.05
7.3295230977237225,20.62,4.47,0.05
7.331076119095087,20.62,4.47,0.05
7.332577146589756,20.62,4.47,0.05
7.334070183336735,20.62,4.47,0.05
7.335535801947117,20.63,4.47,0.05
7.336963195353746,20.63,4.47,0.05
7.338378794491291,20.62,4.47,0.05
7.339962590485811,20.63,4.47,0.05
7.341346122324467,20.63,4.47,0.05
7.342782691121101,20.63,4.47,0.05
7.344369065016508,20.63,4.47,0.05
7.345837220549583,20.62,4.47,0.05
7.347315683960915,20.62,4.47,0.05
7.348723735660315,20.63,4.47,0.05
7.3501744158566,20.63,4.47,0.05
7.351755313575268,20.62,4.47,0.05
7.353216838091612,20.62,4.47,0.05
7.354679338634014,20.62,4.47,0.05
7.356242120265961,20.62,4.47,0.05
7.357659623026848,20.62,4.47,0.05
7.358981046825647,20.62,4.47,0.05
7.360611632466316,20.62,4.47,0.05
7.362118903547525,20.62,4.47,0.05
7.363633558154106,20.62,4.47,0.05
7.3650868982076645,20.62,4.47,0.05
7.366586312651634,20.62,4.47,0.05
7.3695205338299274,20.63,4.47,0.05
7.372511047869921,20.62,4.47,0.05
7.3754369504749775,20.62,4.47,0.05
7.378410555422306,20.62,4.47,0.05
7.38130172714591,20.62,4.47,0.05
7.384296528995037,20.62,4.47,0.05
7.387229196727276,20.62,4.47,0.05
7.390215799212456,20.62,4.47,0.05
7.393187895417213,20.62,4.47,0.05
7.396162752062082,20.62,4.47,0.05
7.399130094796419,20.62,4.47,0.05
7.40208038315177,20.62,4.47,0.05
7.405040793120861,20.62,4.47,0.05
7.408003892749548,20.62,4.47,0.05
7.4109660014510155,20.62,4.47,0.05
7.413913801312447,20.62,4.47,0.05
7.416868723928928,20.62,4.47,0.05
7.419832486659288,20.62,4.47,0.05
7.4227682910859585,20.62,4.47,0.05
7.425749883055687,20.62,4.47,0.05
7.428706843405962,20.62,4.47,0.05
7.431664854288101,20.62,4.47,0.05
7.43461962044239,20.62,4.47,0.05
7.437578100711107,20.61,4.47,0.05
7.440534558147192,20.62,4.47,0.05
7.441857565194368,20.62,4.47,0.05
7.443348061293364,20.62,4.47,0.05
7.444876279681921,20.62,4.47,0.05
7.446451146155596,20.62,4.47,0.05
7.4479235000908375,20.62,4.47,0.05
7.449335310608149,20.62,4.47,0.05
7.450704004615545,20.62,4.47,0.05
7.452350702136755,20.62,4.47,0.05
7.453845504671335,20.62,4.47,0.05
7.455318346619606,20.62,4.47,0.05
7.456795159727335,20.62,4.47,0.05
7.458278831094503,20.62,4.47,0.05
7.459752861410379,20.62,4.47,0.05
7.461185343563557,20.62,4.47,0.05
7.462670940905809,20.62,4.47,0.05
7.464190550148487,20.62,4.47,0.05
7.467155121266842,20.62,4.47,0.05
7.4701066464185715,20.62,4.47,0.05
7.473064925521612,20.62,4.47,0.05
7.475940655916929,20.62,4.46,0.05
7.478943921625614,20.62,4.46,0.05
7.481867302209139,20.61,4.46,0.05
7.484828911721706,20.61,4.47,0.05
7.48785912618041,20.61,4.46,0.05
7.490809336304665,20.62,4.46,0.05
7.493776261806488,20.62,4.46,0.05
7.496673669666052,20.62,4.46,0.05
7.499688006937504,20.62,4.47,0.05
7.50262988358736,20.62,4.47,0.05
7.504103947430849,20.62,4.47,0.05
7.505563482642174,20.62,4.46,0.05
7.507045436650515,20.62,4.47,0.05
7.508561089634895,20.62,4.46,0.05
7.510037127882242,20.61,4.46,0.05
7.511516522616148,20.62,4.46,0.05
7.512995537370443,20.62,4.46,0.05
7.514451190829277,20.62,4.46,0.05
7.515935871750116,20.62,4.46,0.05
7.517434325069189,20.62,4.46,0.05
7.518888995051384,20.62,4.46,0.05
7.5202313251793385,20.62,4.46,0.05
7.5218653082847595,20.62,4.46,0.05
7.523344956338406,20.62,4.46,0.05
7.524832356721163,20.62,4.46,0.05
7.526244826614857,20.62,4.46,0.05
7.527543887495995,20.62,4.46,0.05
7.529169492423534,20.62,4.46,0.05
7.530747786164284,20.62,4.46,0.05
7.532229386270046,20.62,4.46,0.05
7.533700197935104,20.62,4.46,0.05
7.535181500017643,20.62,4.46,0.05
7.536651290953159,20.62,4.46,0.05
7.5381359569728374,20.62,4.46,0.05
7.5396170020103455,20.62,4.46,0.05
7.541101295500994,20.62,4.46,0.05
7.5425786674022675,20.62,4.46,0.05
7.544057279825211,20.62,4.46,0.05
7.545537084341049,20.62,4.46,0.05
7.547012872993946,20.62,4.46,0.05
7.548473600298166,20.62,4.46,0.05
7.549844812601805,20.62,4.46,0.05
7.551361914724112,20.62,4.46,0.05
7.552930328994989,20.62,4.46,0.05
7.554385177791119,20.62,4.46,0.05
7.55588535964489,20.62,4.46,0.05
7.55735145509243,20.61,4.46,0.05
7.558840747922659,20.62,4.46,0.05
7.5603131130337715,20.62,4.46,0.05
7.561779920011759,20.62,4.46,0.05
7.563258804380894,20.62,4.46,0.05
7.5662261582911015,20.62,4.47,0.05
7.56917018443346,20.62,4.47,0.05
7.572049006819725,20.62,4.47,0.05
7.575021982192993,20.62,4.47,0.05
7.577979147434235,20.62,4.47,0.05
7.5809446051716805,20.62,4.47,0.05
7.583946876227856,20.62,4.47,0.05
7.586942970752716,20.62,4.47,0.05
7.589707009494305,20.62,4.47,0.05
7.59265137091279,20.62,4.47,0.05
7.595810163766146,20.62,4.47,0.05
7.598744750022888,20.62,4.47,0.05
7.601682599633932,20.62,4.47,0.05
7.603136323392391,20.62,4.47,0.05
7.604694362729788,20.62,4.47,0.05
7.606164116412401,20.62,4.47,0.05
7.607646357268095,20.62,4.47,0.05
7.608939215540886,20.62,4.47,0.05
7.610504817217588,20.62,4.47,0.05
7.611867226660252,20.62,4.47,0.05
7.613436337560415,20.62,4.47,0.05
7.615044593811035,20.62,4.47,0.05
7.616435803472996,20.62,4.47,0.05
7.617996871471405,20.62,4.47,0.05
7.619479823857546,20.62,4.47,0.05
7.620908811688423,20.62,4.47,0.05
7.622435752302408,20.62,4.47,0.05
7.623849187046289,20.62,4.47,0.05
7.625369492918253,20.62,4.47,0.05
7.626728508621454,20.62,4.47,0.05
7.628343477845192,20.63,4.47,0.05
7.629808992147446,20.62,4.47,0.05
7.631145715713501,20.62,4.47,0.05
7.632788170129061,20.63,4.47,0.05
7.634099826216698,20.62,4.47,0.05
7.635744821280241,20.62,4.47,0.05
7.637209966778755,20.62,4.47,0.05
7.638703998178244,20.62,4.47,0.05
7.64013160020113,20.62,4.47,0.05
7.641658179461956,20.62,4.47,0.05
7.643050499260426,20.62,4.47,0.05
7.6446050144732,20.62,4.47,0.05
7.6460739225149155,20.62,4.47,0.05
7.64756666123867,20.62,4.47,0.05
7.648954760283232,20.62,4.47,0.05
7.6505502089858055,20.62,4.47,0.05
7.651929710060358,20.62,4.47,0.05
7.6534938253462315,20.62,4.47,0.05
7.654858842492104,20.62,4.47,0.05
7.65637269616127,20.62,4.47,0.05
7.657706782221794,20.62,4.47,0.05
7.659310903400183,20.62,4.47,0.05
7.6608686819672585,20.62,4.47,0.05
7.663778152316809,20.62,4.47,0.05
7.666808929294348,20.62,4.47,0.05
7.669560227543116,20.62,4.47,0.05
7.672599967569113,20.62,4.47,0.05
7.675672430545092,20.62,4.47,0.05
7.678637113422155,20.62,4.47,0.05
7.6815581656992435,20.62,4.47,0.05
7.684551570564508,20.62,4.47,0.05
7.687507640570402,20.62,4.47,0.05
7.690405089408159,20.62,4.47,0.05
7.693425506353378,20.62,4.47,0.05
7.696380726993084,20.62,4.47,0.05
7.699348762631416,20.62,4.47,0.05
7.702298056334257,20.62,4.47,0.05
7.705211970955133,20.62,4.47,0.05
7.708188142627478,20.62,4.47,0.05
7.711114723235369,20.62,4.47,0.05
7.714131224900484,20.62,4.47,0.05
7.717072851955891,20.62,4.47,0.05
7.72002051025629,20.62,4.47,0.05
7.7229724787175655,20.62,4.47,0.05
7.72595538944006,20.62,4.47,0.05
7.728893801569939,20.62,4.47,0.05
7.731886338442564,20.62,4.47,0.05
7.734835810959339,20.62,4.47,0.05
7.737790495157242,20.62,4.47,0.05
7.740751326084137,20.62,4.47,0.05
7.743708245456219,20.62,4.47,0.05
7.746662490069866,20.63,4.47,0.05
7.749502349644899,20.62,4.47,0.05
7.7525783106684685,20.62,4.47,0.05
7.754060290753841,20.62,4.47,0.05
7.7555304653942585,20.62,4.47,0.05
7.7570215947926044,20.62,4.47,0.05
7.758342489600182,20.62,4.47,0.05
7.759898364543915,20.62,4.47,0.05
7.762860510498285,20.62,4.47,0.05
7.7644116543233395,20.62,4.47,0.05
7.76589660346508,20.62,4.47,0.05
7.767371915280819,20.62,4.47,0.05
7.768690656870604,20.62,4.47,0.05
7.770240120589733,20.62,4.47,0.05
7.771629344671965,20.62,4.47,0.05
7.773289896547794,20.62,4.47,0.05
7.774651512503624,20.62,4.47,0.05
7.776243358850479,20.63,4.47,0.05
7.777723237872124,20.62,4.47,0.05
7.779203604906797,20.63,4.47,0.05
7.780668031424284,20.63,4.47,0.05
7.7820202447474,20.62,4.47,0.05
7.7836373299360275,20.62,4.47,0.05
7.7849215269088745,20.62,4.47,0.05
7.786591671407223,20.62,4.47,0.05
7.788074497133493,20.62,4.47,0.05
7.7894519455730915,20.62,4.47,0.05
7.79103122651577,20.62,4.47,0.05
7.792452547699213,20.62,4.47,0.05
7.793917749077082,20.62,4.47,0.05
7.795392822474241,20.62,4.47,0.05
7.796918880194426,20.62,4.47,0.05
7.7984277829527855,20.62,4.47,0.05
7.79991377517581,20.62,4.47,0.05
7.801391057670116,20.62,4.47,0.05
7.802861742675304,20.62,4.47,0.05
7.8043428882956505,20.62,4.47,0.05
7.805827721953392,20.62,4.47,0.05
7.807107523083687,20.62,4.47,0.05
7.808683302253485,20.62,4.47,0.05
7.810258585959673,20.62,4.47,0.05
7.811736602336168,20.62,4.47,0.05
7.813193276524544,20.62,4.47,0.05
7.814697984606028,20.62,4.47,0.05
7.816164810210466,20.62,4.47,0.05
7.817575063556433,20.62,4.47,0.05
7.819128133356571,20.62,4.47,0.05
7.820611461997032,20.62,4.47,0.05
7.82208876311779,20.62,4.47,0.05
7.823565915226936,20.62,4.47,0.05
7.825053870677948,20.62,4.47,0.05
7.826532498002052,20.62,4.47,0.05
7.827986750751734,20.62,4.47,0.05
7.829486206173897,20.62,4.47,0.05
7.830964591354132,20.62,4.47,0.05
7.832445785403252,20.62,4.47,0.05
7.833920583128929,20.62,4.47,0.05
7.83540753275156,20.62,4.47,0.05
7.836876198649406,20.62,4.47,0.05
7.838360317051411,20.62,4.47,0.05
7.839836690574884,20.62,4.47,0.05
7.84132119640708,20.62,4.47,0.05
7.84280302375555,20.62,4.47,0.05
7.8442761935293674,20.62,4.47,0.05
7.845753625035286,20.63,4.47,0.05
7.847224146127701,20.63,4.47,0.05
7.848693262785673,20.63,4.47,0.05
7.850196577608585,20.63,4.47,0.05
7.851658698171377,20.63,4.47,0.05
7.85315203294158,20.63,4.47,0.05
7.854635059833527,20.63,4.47,0.05
7.856078293174505,20.63,4.47,0.05
7.857582684606314,20.63,4.47,0.05
7.86053953319788,20.63,4.47,0.05
7.863503057509661,20.63,4.47,0.05
7.866460718214512,20.63,4.47,0.05
7.869275484234095,20.63,4.47,0.05
7.872371003031731,20.63,4.47,0.05
7.87531191110611,20.62,4.47,0.05
7.878233350813389,20.62,4.47,0.05
7.881183005869389,20.63,4.47,0.05
7.884113036096096,20.63,4.47,0.05
7.887120980769396,20.63,4.47,0.05
7.8901241309940815,20.63,4.47,0.05
7.893077932298183,20.63,4.47,0.05
7.895807925611734,20.62,4.47,0.05
7.898993141949177,20.63,4.47,0.05
7.901955854147673,20.62,4.47,0.05
7.90491322055459,20.62,4.47,0.05
7.907874021679163,20.62,4.47,0.05
7.91083025559783,20.62,4.47,0.05
7.913787126541138,20.62,4.47,0.05
7.916740417480469,20.62,4.47,0.05
7.9197036772966385,20.62,4.47,0.05
7.922631844878197,20.62,4.47,0.05
7.92413067817688,20.62,4.47,0.05
7.925580181181431,20.62,4.47,0.05
7.927097130566835,20.62,4.47,0.05
7.928570367395878,20.62,4.47,0.05
7.930020894855261,20.62,4.47,0.05
7.931530263274908,20.62,4.47,0.05
7.933012124150991,20.62,4.47,0.05
7.934487588703632,20.62,4.47,0.05
7.935955408960581,20.62,4.47,0.05
7.9374446757137775,20.62,4.47,0.05
7.938929487019777,20.62,4.47,0.05
7.940391156822443,20.62,4.47,0.05
7.941870152950287,20.62,4.47,0.05
7.9433604925870895,20.62,4.47,0.05
7.944840025156736,20.62,4.47,0.05
7.94632513076067,20.62,4.47,0.05
7.947796419262886,20.62,4.47,0.05
7.9492657743394375,20.62,4.47,0.05
7.9507583156228065,20.62,4.47,0.05
7.95223792642355,20.62,4.47,0.05
7.953690566122532,20.62,4.47,0.05
7.954944122582674,20.62,4.47,0.05
7.958040710538626,20.62,4.47,0.05
7.961115762591362,20.62,4.47,0.05
7.96405953168869,20.62,4.47,0.05
7.967031482607126,20.62,4.46,0.05
7.969986833631992,20.62,4.47,0.05
7.972950007766485,20.62,4.46,0.05
7.975901950150728,20.62,4.46,0.05
7.978860042989254,20.62,4.46,0.05
7.981815803796053,20.62,4.47,0.05
7.984583929181099,20.62,4.46,0.05
7.987741183489561,20.62,4.46,0.05
7.990681126713753,20.62,4.46,0.05
7.993640631437302,20.62,4.47,0.05
7.996375732123852,20.62,4.47,0.05
7.999537248164415,20.62,4.47,0.05
8.002506230026484,20.62,4.47,0.05
8.005330324172974,20.62,4.47,0.05
8.006908409297466,20.62,4.47,0.05
8.008393846452236,20.62,4.47,0.05
8.00989231094718,20.62,4.47,0.05
8.011379517614841,20.62,4.47,0.05
8.012805238366127,20.62,4.47,0.05
8.014328919351101,20.62,4.47,0.05
8.015831761062145,20.62,4.47,0.05
8.017295151948929,20.62,4.47,0.05
8.018759652972221,20.62,4.47,0.05
8.020020797848701,20.62,4.47,0.05
8.021593675017357,20.62,4.47,0.05
8.023221213370562,20.62,4.47,0.05
8.024672623723745,20.62,4.47,0.05
8.026175200939178,20.62,4.47,0.05
