elapsed_time [s],weight [g]
0.2769429534673691,40.02
0.2785652093589306,40.01
0.2802356518805027,40.01
0.2819105535745621,40.02
0.2835196256637573,40.01
0.28525348380208015,40.01
0.28693418204784393,40.01
0.2885660193860531,40.0
0.2902419753372669,40.01
0.29191654920578003,40.01
0.2935491316020489,40.01
0.29518432170152664,40.01
0.29694681242108345,40.0
0.2986072301864624,40.0
0.3002418279647827,40.0
0.3019142672419548,40.0
0.3035811632871628,40.01
0.30525480955839157,40.01
0.30693449079990387,40.0
0.30860332772135735,40.01
0.3102420009672642,40.0
0.31189625710248947,40.01
0.31357359886169434,40.0
0.31525831297039986,39.99
0.3169131986796856,40.0
0.3185352198779583,40.0
0.3202473968267441,40.0
0.32190192490816116,40.0
0.32350222766399384,40.0
0.3251677304506302,40.01
0.3269108906388283,40.01
0.3285662941634655,40.0
0.3302360586822033,40.0
0.3319045938551426,40.0
0.3336028978228569,40.0
0.33525199815630913,40.0
0.33692171797156334,40.0
0.33860865607857704,40.0
0.3402477167546749,40.0
0.3419406823813915,40.0
0.34357963129878044,40.0
0.3452362008392811,40.0
0.3468581363558769,40.0
0.34858009591698647,39.99
0.3501885272562504,39.99
0.3519279882311821,40.0
0.3535041883587837,40.0
0.355279628187418,40.0
0.3568849749863148,40.0
0.35859229788184166,40.0
0.36024900525808334,39.99
0.3619243763387203,40.0
0.3635929897427559,40.0
0.3652293235063553,40.0
0.36690936237573624,40.0
0.36849890276789665,40.0
0.3701601065695286,40.0
0.3719307966530323,39.98
0.3735073246061802,39.97
0.37521277740597725,39.98
0.37691091373562813,39.99
0.37853697314858437,39.99
0.38024821877479553,39.99
0.38190390914678574,39.99
0.3835921213030815,40.0
0.3853400647640228,40.0
0.3869328573346138,40.0
0.3885391652584076,39.98
0.3902534134685993,39.98
0.3919242136180401,39.95
0.3935794159770012,39.95
0.3952020853757858,39.95
0.39691806212067604,39.95
0.3985653668642044,39.95
0.40025485679507256,39.95
0.4018978513777256,39.95
0.4035796672105789,39.95
0.4052632562816143,39.93
0.40689900889992714,39.94
0.408596258610487,39.95
0.41018278151750565,39.95
0.411851204931736,39.95
0.4134998060762882,39.95
0.41526998579502106,39.95
0.41689541563391685,39.96
0.41856203600764275,39.96
0.42026659846305847,39.95
0.42191508412361145,39.95
0.42357563972473145,39.94
0.425261028110981,39.95
0.4269353896379471,39.94
0.42860326915979385,39.95
0.43025854229927063,39.94
0.43185294046998024,39.95
0.4335946924984455,39.95
0.4352567344903946,39.95
0.4368525370955467,39.95
0.43852194026112556,39.95
0.4402228444814682,39.95
0.4418702647089958,39.96
0.44354213029146194,39.95
0.4451834410429001,39.94
0.44688602536916733,39.95
0.4485802799463272,39.94
0.450252041220665,39.94
0.4519161209464073,39.93
0.4535946436226368,39.95
0.4552191011607647,39.94
0.45693397894501686,39.93
0.4585600383579731,39.94
0.46024493873119354,39.94
0.46190091595053673,39.94
0.46358001977205276,39.94
0.46524497866630554,39.94
0.46693944185972214,39.93
0.4685760736465454,39.93
0.4702024608850479,39.94
0.471932727843523,39.95
0.4735424444079399,39.94
0.47522325068712234,39.94
0.4768204241991043,39.95
0.47858767583966255,39.95
0.4802742823958397,39.95
0.481902789324522,39.95
0.4835830479860306,39.94
0.48526356741786003,39.95
0.48684012144804,39.94
0.4885494001209736,39.94
0.49024977162480354,39.95
0.49188071861863136,39.94
0.49358269572257996,39.94
0.49520889297127724,39.95
0.49691473692655563,39.94
0.4985998645424843,39.94
0.5002502277493477,39.95
0.5019318461418152,39.94
0.5035825967788696,39.95
0.505234632641077,39.94
0.5069237127900124,39.94
0.5085990838706493,39.94
0.5102473646402359,39.94
0.5118557959794998,39.94
0.5135798826813698,39.93
0.5152087099850178,39.94
0.5169277563691139,39.95
0.5185316987335682,39.94
0.5201977044343948,39.95
0.5218800492584705,39.94
0.5235880836844444,39.93
0.5252685137093067,39.94
0.5268395245075226,39.93
0.5285910069942474,39.94
0.5301645509898663,39.94
0.5319117158651352,39.94
0.5335606411099434,39.95
0.5352222211658955,39.94
0.536912340670824,39.94
0.5385842546820641,39.95
0.5401817485690117,39.95
0.5419336184859276,39.95
0.5435433126986027,39.95
0.545272171497345,39.95
0.5469317324459553,39.95
0.5485923290252686,39.95
0.5502640977501869,39.94
0.551923830062151,39.94
0.553581491112709,39.95
0.5551887936890125,39.95
0.5569245591759682,39.95
0.5585777685046196,39.94
0.5602672025561333,39.94
0.5619057863950729,39.94
0.5636024177074432,39.94
0.5652420297265053,39.94
0.5668206661939621,39.95
0.5685418397188187,39.95
0.5702344588935375,39.95
0.5718806684017181,39.95
0.5736077837646008,39.94
0.5752110667526722,39.94
0.5769187211990356,39.94
0.5785755775868893,39.94
0.5802734903991222,39.94
0.5819375365972519,39.95
0.5835852511227131,39.94
0.5852367207407951,39.95
0.586923785507679,39.96
0.5885720029473305,39.95
0.5902496315538883,39.95
0.591919407248497,39.94
0.5936009027063847,39.94
0.595265056937933,39.95
0.5969282798469067,39.95
0.5986013300716877,39.94
0.6002472341060638,39.94
0.6019467450678349,39.94
0.6036028079688549,39.94
0.6052546165883541,39.94
0.6069197729229927,39.95
0.6085677072405815,39.95
0.6102389320731163,39.94
0.6119416691362858,39.94
0.6135206706821918,39.94
0.6152643337845802,39.94
0.6169205568730831,39.95
0.618581909686327,39.94
0.6202679872512817,39.95
0.6219321489334106,39.95
0.6235557086765766,39.95
0.6252213530242443,39.95
0.6269442848861217,39.95
0.6285916343331337,39.95
0.6302524879574776,39.95
0.6318756118416786,39.95
0.6335855759680271,39.95
0.6352107860147953,39.95
0.6368741393089294,39.95
0.6385927498340607,39.96
0.6402258723974228,39.95
0.6418646015226841,39.95
0.6436161138117313,39.94
0.6452455669641495,39.94
0.6468262225389481,39.95
0.6485822796821594,39.95
0.6502727307379246,39.95
0.6519313007593155,39.96
0.6534984856843948,39.95
0.6552672386169434,39.95
0.6569180674850941,39.95
0.6586031392216682,39.96
0.6602603495121002,39.95
0.6619411036372185,39.95
0.663582444190979,39.95
0.6651885285973549,39.95
0.6669003143906593,39.95
0.6685969494283199,39.96
0.6702149994671345,39.96
0.6719417348504066,39.95
0.6735834181308746,39.96
0.6752673462033272,39.96
0.6768729873001575,39.95
0.6785748600959778,39.95
0.6802296228706837,39.95
0.681879311800003,39.94
0.6835053823888302,39.94
0.6852623112499714,39.94
0.6869290135800838,39.95
0.6886010020971298,39.95
0.6902497299015522,39.95
0.6919379234313965,39.95
0.693592045456171,39.95
0.6952530518174171,39.95
0.6968605183064938,39.95
0.6985983029007912,39.95
0.7001772001385689,39.96
0.7019334323704243,39.97
0.7035964615643024,39.95
0.7052153684198856,39.96
0.7068821005523205,39.95
0.7085916809737682,39.95
0.71025300770998,39.95
0.7119094915688038,39.96
0.7135980390012264,39.95
0.7152553424239159,39.94
0.7168860547244549,39.94
0.7185844220221043,39.95
0.7202540524303913,39.95
0.7218960821628571,39.95
0.7235926911234856,39.96
0.725264348089695,39.96
0.7269414886832237,39.96
0.7286007665097713,39.95
0.7302531376481056,39.96
0.7318461015820503,39.96
0.7335866466164589,39.96
0.7351992391049862,39.94
0.7369180098176003,39.95
0.7386040277779102,39.95
0.7402569726109505,39.94
0.7419040016829967,39.94
0.7435987703502178,39.95
0.7452086396515369,39.95
0.7468826398253441,39.95
0.7485158033668995,39.94
0.7502500675618649,39.94
0.75191780179739,39.95
0.7535452991724014,39.95
0.7552520073950291,39.95
0.756937813013792,39.95
0.7586052417755127,39.96
0.7602776437997818,39.95
0.7619370445609093,39.94
0.7638866752386093,39.94
0.7652720436453819,39.95
0.7669223137199879,39.95
0.7685808911919594,39.95
0.7702498510479927,39.96
0.7719494365155697,39.95
0.7734922282397747,39.95
0.7752439081668854,39.95
0.7769323065876961,39.95
0.778606191277504,39.95
0.7802538760006428,39.95
0.7819370627403259,39.95
0.783551461994648,39.95
0.7852808833122253,39.95
0.7869191989302635,39.94
0.7885392494499683,39.94
0.7901831157505512,39.95
0.7919104769825935,39.96
0.7935781069099903,39.96
0.7952743619680405,39.95
0.7969406843185425,39.95
0.7985634468495846,39.95
0.8002632558345795,39.95
0.8018727228045464,39.95
0.8035890124738216,39.95
0.8052652031183243,39.95
0.8069214075803757,39.95
0.8085742630064487,39.95
0.8102696351706982,39.95
0.8119134493172169,39.96
0.8135991580784321,39.96
0.8152743317186832,39.95
0.8169222325086594,39.95
0.8186019361019135,39.95
0.8202639259397984,39.95
0.821943536400795,39.95
0.8235626220703125,39.94
0.8252567648887634,39.95
0.8269350044429302,39.94
0.8286211863160133,39.95
0.8302244395017624,39.95
0.8318637497723103,39.94
0.8335729390382767,39.95
0.8352710604667664,39.95
0.8368834555149078,39.95
0.8386081792414188,39.95
0.8401765823364258,39.95
0.8418294861912727,39.96
0.8435853458940983,39.97
0.8452565744519234,39.96
0.8468351364135742,39.96
0.848568506538868,39.96
0.8501641266047955,39.96
0.8518225997686386,39.95
0.8535837344825268,39.96
0.8552775979042053,39.96
0.8568749241530895,39.95
0.8585385158658028,39.96
0.8602701053023338,39.96
0.8618982322514057,39.96
0.8636064305901527,39.96
0.8652774281799793,39.96
0.8669231571257114,39.96
0.8685910627245903,39.96
0.8702792190015316,39.96
0.8719437569379807,39.96
0.8735772259533405,39.97
0.8752747513353825,39.96
0.8769340962171555,39.95
0.8785446435213089,39.95
0.8802345171570778,39.95
0.8818851448595524,39.96
0.8835565596818924,39.95
0.885269932448864,39.95
0.8869024813175201,39.95
0.8885885700583458,39.95
0.8902332931756973,39.95
0.8919216692447662,39.96
0.8935093358159065,39.96
0.8952825292944908,39.95
0.8968469016253948,39.95
0.8986100256443024,39.95
0.9002593867480755,39.95
0.9019457101821899,39.95
0.9035958498716354,39.96
0.9052506312727928,39.96
0.9069304391741753,39.96
0.9086007885634899,39.95
0.910264678299427,39.95
0.9119205214083195,39.96
0.9135885909199715,39.95
0.9152454473078251,39.95
0.9168431386351585,39.96
0.9185406006872654,39.96
0.9202578477561474,39.96
0.9219423532485962,39.95
0.923606526106596,39.95
0.9251961708068848,39.96
0.9269231148064137,39.96
0.9285957850515842,39.96
0.9302219450473785,39.96
0.9318837895989418,39.95
0.9336172416806221,39.96
0.9352337792515755,39.96
0.9369047060608864,39.96
0.9385301135480404,39.95
0.940243311226368,39.95
0.9418891556560993,39.96
0.9435497894883156,39.96
0.9452586360275745,39.96
0.9469208754599094,39.96
0.9486016407608986,39.95
0.9502579383552074,39.95
0.9519241787493229,39.95
0.953586008399725,39.95
0.9552825465798378,39.95
0.9569394253194332,39.95
0.9585684947669506,39.95
0.9602829441428185,39.95
0.9618760570883751,39.95
0.9635874964296818,39.95
0.9652201198041439,39.95
0.9669240228831768,39.96
0.9685904085636139,39.96
0.9702715575695038,39.97
0.9719359613955021,39.96
0.9736025407910347,39.95
0.9752640351653099,39.96
0.9769493155181408,39.95
0.9785921387374401,39.95
0.9802542142570019,39.95
0.9819001629948616,39.95
0.9835180751979351,39.95
0.9852818846702576,39.96
0.9868324473500252,39.95
0.9886002466082573,39.95
0.9901609607040882,39.96
0.9919451475143433,39.95
0.9936132952570915,39.96
0.9952731877565384,39.95
0.9968847520649433,39.94
0.9985735639929771,39.95
1.0001505389809608,39.94
1.0018898025155067,39.95
1.0035184994339943,39.96
1.0052362084388733,39.95
1.0068779364228249,39.95
1.008563444018364,39.95
1.0102374777197838,39.94
1.011835940182209,39.95
1.0135191194713116,39.96
1.015281107276678,39.95
1.0168941803276539,39.95
1.0185230635106564,39.95
1.0201781541109085,39.94
1.0219074338674545,39.95
1.0236156918108463,39.95
1.025232955813408,39.95
1.0269557610154152,39.95
1.0285589769482613,39.96
1.0302390567958355,39.96
1.0318826511502266,39.96
1.033606719225645,39.94
1.035256963223219,39.96
1.0369247905910015,39.96
1.0385472252964973,39.95
1.0402787700295448,39.95
1.0418947786092758,39.95
1.0435572937130928,39.95
1.04525688290596,39.95
1.046935759484768,39.95
1.0485373996198177,39.95
1.0501541942358017,39.96
1.0518868789076805,39.96
1.053521417081356,39.96
1.0552580170333385,39.95
1.0568276830017567,39.95
1.0585343353450298,39.95
1.060282252728939,39.95
1.0618441812694073,39.95
1.0634950399398804,39.95
1.0652616806328297,39.95
1.0668812207877636,39.95
1.068606398999691,39.95
1.0702222920954227,39.95
1.0718878842890263,39.94
1.0736113414168358,39.95
1.0752353556454182,39.95
1.0769446343183517,39.95
1.0785702243447304,39.95
1.0802518613636494,39.97
1.0818805620074272,39.97
1.0836146548390388,39.96
1.085251022130251,39.95
1.0869038440287113,39.96
1.088600728660822,39.96
1.0902225188910961,39.96
1.0918822027742863,39.96
1.093591369688511,39.96
1.0952552668750286,39.96
1.0969247445464134,39.96
1.098608985543251,39.97
1.100233294069767,39.96
1.101941004395485,39.95
1.1035346426069736,39.95
1.1052722036838531,39.95
1.1069450080394745,39.95
1.1086224429309368,39.94
1.1102598011493683,39.95
1.111887902021408,39.96
1.113616555929184,39.96
1.1152384504675865,39.95
1.116940513253212,39.96
1.1185684502124786,39.95
1.1202821023762226,39.95
1.1219031512737274,39.95
1.123591672629118,39.95
1.125235266983509,39.96
1.1269314140081406,39.95
1.128579769283533,39.95
1.1302595399320126,39.95
1.1319016478955746,39.95
1.13359010592103,39.96
1.135242260992527,39.95
1.136926107108593,39.95
1.138609103858471,39.95
1.140290778130293,39.95
1.141898337751627,39.95
1.1435913927853107,39.96
1.1452782973647118,39.96
1.1469279527664185,39.95
1.1486052498221397,39.95
1.1502436250448227,39.95
1.1518940217792988,39.95
1.1535263285040855,39.95
1.155211579054594,39.94
1.1569281220436096,39.95
1.1586140729486942,39.96
1.1602656692266464,39.95
1.161928180605173,39.95
1.1634909212589264,39.95
1.1652304790914059,39.96
1.1669276244938374,39.95
1.168575406074524,39.95
1.1702780537307262,39.95
1.1718787588179111,39.96
1.173613578081131,39.96
1.1752760782837868,39.95
1.1769238598644733,39.95
1.1785637401044369,39.96
1.180283036082983,39.96
1.1819278486073017,39.96
1.1835653372108936,39.95
1.1852703019976616,39.95
1.1869488880038261,39.95
1.1886244714260101,39.95
1.1902919076383114,39.95
1.1919365227222443,39.95
1.1935485303401947,39.95
1.1952779479324818,39.95
1.1969264298677444,39.95
1.198600322008133,39.96
1.2002611421048641,39.97
1.2019468992948532,39.95
1.203596368432045,39.95
1.2052130475640297,39.95
1.2069278545677662,39.96
1.2085474729537964,39.96
1.2102617658674717,39.95
1.2119409665465355,39.95
1.2134966850280762,39.94
1.2152141332626343,39.95
1.216935709118843,39.95
1.2185964845120907,39.94
1.2202751860022545,39.95
1.2219478972256184,39.95
1.2235914170742035,39.94
1.225247673690319,39.95
1.2269461415708065,39.96
1.2285646982491016,39.95
1.230266634374857,39.95
1.2319004349410534,39.95
1.2335908710956573,39.94
1.2352222129702568,39.95
1.2369324900209904,39.95
1.2385438792407513,39.95
1.2402789704501629,39.95
1.2418971695005894,39.95
1.2435380518436432,39.95
1.2452659867703915,39.95
1.2468968257308006,39.95
1.2486184611916542,39.95
1.2502794042229652,39.95
1.25188098102808,39.95
1.2536103911697865,39.95
1.2552855499088764,39.95
1.2569394297897816,39.95
1.2586134932935238,39.95
1.2602490969002247,39.96
1.2619270347058773,39.95
1.2635922208428383,39.95
1.2652377784252167,39.95
1.2669093906879425,39.95
1.2685785107314587,39.95
1.27029425278306,39.95
1.2719142027199268,39.94
1.273584522306919,39.95
1.2752524465322495,39.95
1.276927139610052,39.95
1.2786207534372807,39.94
1.2802819460630417,39.95
1.28195109218359,39.95
1.2836222127079964,39.95
1.2852668091654778,39.94
1.2869386337697506,39.95
1.2886089384555817,39.95
1.290282055735588,39.95
1.2919549122452736,39.94
1.2936230078339577,39.95
1.295250542461872,39.95
1.296863328665495,39.95
1.2985532879829407,39.95
1.3001944683492184,39.95
1.3018545135855675,39.95
1.303579118102789,39.95
1.3052069172263145,39.94
1.30692870169878,39.94
1.3086079023778439,39.94
1.3101800568401814,39.94
1.3118976950645447,39.95
1.3135020323097706,39.95
1.315280955284834,39.94
1.3168499507009983,39.95
1.3186042718589306,39.95
1.3202795684337616,39.96
1.3219445534050465,39.96
1.3236108347773552,39.96
1.3252752050757408,39.95
1.326938096433878,39.95
1.3286117389798164,39.95
1.3302638791501522,39.96
1.33194075897336,39.95
1.33361104875803,39.95
1.3352043442428112,39.95
1.3368702605366707,39.96
1.3386017382144928,39.96
1.3402642346918583,39.95
1.341931201517582,39.95
1.3435734137892723,39.95
1.3452791199088097,39.95
1.3469363376498222,39.95
1.3486179001629353,39.95
1.3502749614417553,39.95
1.3519415184855461,39.96
1.353555429726839,39.96
1.3552436456084251,39.95
1.356866542249918,39.95
1.3585412353277206,39.95
1.360241062939167,39.95
1.3619520477950573,39.95
1.363580234348774,39.95
1.3652199506759644,39.95
1.3669308423995972,39.95
1.368615262210369,39.95
1.3702677115797997,39.95
1.371892124414444,39.96
1.3735958114266396,39.96
1.3752442747354507,39.95
1.3768477253615856,39.95
1.3785717375576496,39.95
1.3802924379706383,39.95
1.3818795308470726,39.95
1.3835983611643314,39.95
1.3852660991251469,39.95
1.386914573609829,39.95
1.388619415462017,39.96
1.3901663199067116,39.95
1.391947016119957,39.95
1.393589474260807,39.95
1.3952476419508457,39.95
1.396921455860138,39.96
1.398595955222845,39.95
1.400284256786108,39.95
1.40188555046916,39.95
1.4036031365394592,39.96
1.4052854031324387,39.96
1.4069399982690811,39.95
1.4086118377745152,39.96
1.4102651737630367,39.96
1.411930300295353,39.95
1.413607906550169,39.95
1.415254183113575,39.95
1.4169318825006485,39.94
1.4186026565730572,39.95
1.420261949300766,39.96
1.4219133593142033,39.96
1.423595268279314,39.95
1.425207082182169,39.94
1.4268605969846249,39.94
1.4286111257970333,39.94
1.4302646219730377,39.95
1.4319147765636444,39.95
1.4335304498672485,39.95
1.435263965278864,39.96
1.4368543848395348,39.95
1.4385853596031666,39.95
1.4402876868844032,39.96
1.4419459104537964,39.94
1.4435944370925426,39.95
1.4452395588159561,39.94
1.4469274580478668,39.95
1.4486102387309074,39.96
1.4502868205308914,39.95
1.4518814161419868,39.94
1.4534953832626343,39.95
1.4552465230226517,39.95
1.4568320587277412,39.95
1.458552099764347,39.95
1.460182536393404,39.95
1.461922861635685,39.95
1.4636062197387218,39.95
1.4652607925236225,39.95
1.466956116259098,39.94
1.46860770881176,39.95
1.4702685661613941,39.95
1.4719277285039425,39.95
1.473614428192377,39.95
1.4752833135426044,39.94
1.4769505374133587,39.94
1.4786232486367226,39.95
1.480226419866085,39.95
1.4819058291614056,39.96
1.4835986010730267,39.96
1.4852269031107426,39.95
1.4868722446262836,39.95
1.4885307997465134,39.95
1.4902755059301853,39.95
1.4919320046901703,39.95
1.4934987537562847,39.96
1.4951067678630352,39.96
1.496947068721056,39.95
1.4986261390149593,39.94
1.5002051144838333,39.95
1.501948993653059,39.95
1.503597218543291,39.95
1.5052835829555988,39.94
1.5068409778177738,39.95
1.50855827704072,39.95
1.5102631524205208,39.95
1.5119260400533676,39.94
1.5136006399989128,39.94
1.5152024030685425,39.95
1.5168790817260742,39.95
1.518617633730173,39.95
1.5202664583921432,39.96
1.5219587907195091,39.95
1.523604430258274,39.95
1.5252884402871132,39.95
1.5268348678946495,39.95
1.5286069884896278,39.94
1.5302769280970097,39.94
1.5319365598261356,39.94
1.5336049944162369,39.95
1.5352631360292435,39.95
1.5368330553174019,39.95
1.5385988540947437,39.94
1.5402664169669151,39.94
1.5418441481888294,39.95
1.543501690030098,39.95
1.5452994853258133,39.95
1.5469292812049389,39.95
1.548596665263176,39.94
1.550220500677824,39.94
1.551925115287304,39.94
1.5536277629435062,39.94
1.5552291013300419,39.95
1.5568871796131134,39.94
1.5586043782532215,39.94
1.5602943487465382,39.95
1.5619207955896854,39.95
1.5636004842817783,39.95
1.5652701258659363,39.95
1.5668525025248528,39.95
1.5685989782214165,39.95
1.5702677741646767,39.94
1.5719654075801373,39.94
1.5736010409891605,39.94
1.575260952115059,39.94
1.5769203417003155,39.95
1.5785528160631657,39.94
1.580260593444109,39.94
1.5818900763988495,39.95
1.5835335440933704,39.95
1.5852651745080948,39.95
1.5869321376085281,39.95
1.5885801129043102,39.95
1.5902891382575035,39.94
1.591863289475441,39.95
1.5935059003531933,39.95
1.5952328257262707,39.94
1.596941102296114,39.94
1.5985203012824059,39.94
1.6002784222364426,39.94
1.6019315645098686,39.95
1.603544443845749,39.94
1.605207733809948,39.94
1.6069496013224125,39.94
1.608609177172184,39.93
1.6102954298257828,39.93
1.6119603998959064,39.94
1.6135680973529816,39.95
1.6152934655547142,39.95
1.6169355437159538,39.94
1.6185175776481628,39.94
1.6202862933278084,39.94
1.621924888342619,39.94
1.623601071536541,39.94
1.6252854764461517,39.94
1.6269339248538017,39.95
1.6286114193499088,39.94
1.6302637942135334,39.94
1.6318632997572422,39.94
1.633541464805603,39.94
1.6351899653673172,39.95
1.6368242129683495,39.93
1.6385003477334976,39.95
1.6402435824275017,39.94
1.641889601945877,39.94
1.643512025475502,39.95
1.6451673731207848,39.94
1.6468439437448978,39.95
1.648600209504366,39.94
1.6502187252044678,39.94
1.6519598998129368,39.95
1.6535790860652924,39.94
1.6552497819066048,39.94
1.6569499373435974,39.94
1.6586281135678291,39.95
1.660268846899271,39.94
1.6619514860212803,39.94
1.6635998375713825,39.95
1.6652647592127323,39.95
1.6669360660016537,39.94
1.668610118329525,39.95
1.6702285930514336,39.96
1.6719549112021923,39.96
1.6735503263771534,39.94
1.6752823255956173,39.93
1.6769396774470806,39.93
1.6785294339060783,39.95
1.6802754700183868,39.96
1.681867815554142,39.96
1.683613657951355,39.94
1.6852899082005024,39.95
1.6869203709065914,39.95
1.6886065937578678,39.95
1.6902327872812748,39.95
1.6919381506741047,39.94
1.6935717649757862,39.94
1.6952277272939682,39.94
1.6969331987202168,39.94
1.6986004002392292,39.95
1.7001851797103882,39.94
1.7021601051092148,39.95
1.7035731077194214,39.95
1.7052390053868294,39.94
1.7068882696330547,39.94
1.7085908576846123,39.95
1.7101953253149986,39.93
1.7118831686675549,39.94
1.7136000655591488,39.95
1.7152861393988132,39.94
1.7168373353779316,39.94
1.7185934223234653,39.95
1.7202525474131107,39.94
1.7218951135873795,39.94
1.723614476621151,39.94
1.7252410165965557,39.94
1.726953573524952,39.94
1.7286073789000511,39.94
1.7302678637206554,39.94
1.7319543398916721,39.94
1.7336136437952518,39.94
1.7352087497711182,39.95
1.736922837793827,39.95
1.738624680787325,39.94
1.7402679435908794,39.94
1.7418819181621075,39.94
1.743600569665432,39.94
1.7452656216919422,39.94
1.7469532899558544,39.94
1.748579803854227,39.94
1.75026710703969,39.94
1.7519372701644897,39.94
1.7535990811884403,39.95
1.7552930191159248,39.95
1.7569574899971485,39.95
1.7586108520627022,39.95
1.7603014893829823,39.95
1.7618643827736378,39.94
1.7636030726134777,39.95
1.7650890424847603,39.95
1.7669644057750702,39.95
1.7686253190040588,39.94
1.7702813930809498,39.94
1.7719565965235233,39.95
1.7736023999750614,39.95
1.7752783708274364,39.95
1.7769335508346558,39.94
1.7786130160093307,39.94
1.7802697233855724,39.95
1.781957946717739,39.94
1.7835565879940987,39.95
1.785238515585661,39.94
1.7869738265872002,39.94
1.7885584458708763,39.95
1.7902981825172901,39.94
1.7918744087219238,39.95
1.7936058677732944,39.94
1.7952488996088505,39.94
1.7968601398169994,39.94
1.7985555045306683,39.94
1.8002025075256824,39.94
1.801877148449421,39.95
1.8035691641271114,39.94
1.805199272930622,39.95
1.8068948835134506,39.95
1.8086125999689102,39.95
1.8101610913872719,39.95
1.8119451776146889,39.94
1.8135094232857227,39.94
1.8151924796402454,39.94
1.8169064670801163,39.94
1.8185223080217838,39.94
1.8201601393520832,39.95
1.821938879787922,39.94
1.8235383704304695,39.94
1.8252861723303795,39.94
1.826959766447544,39.95
1.8286362290382385,39.95
1.8302880115807056,39.94
1.8319559879601002,39.95
1.8335225693881512,39.94
1.835281990468502,39.94
1.8369347304105759,39.94
1.8386071398854256,39.95
1.8402813896536827,39.95
1.8419576324522495,39.94
1.8436046838760376,39.94
1.8452824279665947,39.95
1.8468591310083866,39.94
1.8486048877239227,39.95
1.8502995483577251,39.95
1.8519267663359642,39.94
1.8535339906811714,39.95
1.8552879355847836,39.95
1.8569630682468414,39.95
1.8586219176650047,39.94
1.8602727204561234,39.94
1.861735749989748,39.95
1.8636324889957905,39.94
1.8652439005672932,39.95
1.8669413030147552,39.94
1.8685887604951859,39.95
1.8702739737927914,39.95
1.871939867734909,39.94
1.8736056499183178,39.94
1.875278566032648,39.94
1.876934640109539,39.93
1.878516435623169,39.94
1.880271676927805,39.95
1.8818627633154392,39.95
1.8836049623787403,39.95
1.885197751224041,39.95
1.88688999786973,39.94
1.8885887749493122,39.93
1.8902721144258976,39.94
1.891928780823946,39.93
1.893600981682539,39.93
1.8951939530670643,39.94
1.896950252354145,39.94
1.8986283279955387,39.95
1.9002885445952415,39.94
1.9019161462783813,39.94
1.9036311022937298,39.94
1.905229102820158,39.94
1.906964786350727,39.94
1.9086254090070724,39.95
1.9102713912725449,39.95
1.9119429737329483,39.94
1.9136081114411354,39.94
1.915257889777422,39.95
1.9169404692947865,39.95
1.9186136946082115,39.95
1.9202032946050167,39.95
1.9219199120998383,39.95
1.9235876686871052,39.95
1.9252154268324375,39.95
1.926918439567089,39.95
1.9285897240042686,39.94
1.93019400537014,39.95
1.9318861775100231,39.95
1.933607343584299,39.95
1.935217808932066,39.95
1.9369661062955856,39.96
1.938616905361414,39.95
1.940271534025669,39.94
1.941909871995449,39.94
1.9436061456799507,39.94
1.9452857188880444,39.94
1.9469399712979794,39.95
1.9484350271522999,39.95
1.9503015093505383,39.95
1.9519663453102112,39.96
1.953623741865158,39.96
1.9552540443837643,39.95
1.9569579772651196,39.95
1.9586077257990837,39.95
1.9602742530405521,39.94
1.9619557783007622,39.94
1.9635702520608902,39.95
1.9652646966278553,39.95
1.9669270031154156,39.95
1.9685885235667229,39.94
1.9702927954494953,39.94
1.9719171784818172,39.94
1.9735531099140644,39.94
1.9752891138195992,39.94
1.976849164813757,39.94
1.9785964265465736,39.94
1.9801727533340454,39.94
1.9819606728851795,39.94
1.983531914651394,39.94
1.985235057771206,39.94
1.9869395606219769,39.94
1.9886006340384483,39.94
1.99020604044199,39.94
1.9919146932661533,39.94
1.9935242608189583,39.93
1.9952506609261036,39.93
1.9969169795513153,39.94
1.9986183643341064,39.94
2.0002399161458015,39.94
2.001928925514221,39.93
2.0036049261689186,39.93
2.005273401737213,39.94
2.006876118481159,39.94
2.0085786916315556,39.94
2.010272953659296,39.94
2.0119324512779713,39.94
2.0136055424809456,39.94
2.015204142779112,39.94
2.016905512660742,39.95
2.018573760986328,39.95
2.020194686949253,39.94
2.0219607576727867,39.94
2.0236033871769905,39.95
2.0252789184451103,39.96
2.0269591584801674,39.94
2.028541970998049,39.93
2.030225496739149,39.95
2.0318836979568005,39.95
2.0336143113672733,39.94
2.0352892205119133,39.94
2.0369203239679337,39.94
2.038631096482277,39.95
2.0403005108237267,39.95
2.0419596061110497,39.94
2.043617472052574,39.94
2.0452940315008163,39.94
2.046865001320839,39.94
2.04855003580451,39.94
2.0503005757927895,39.93
2.05193829536438,39.94
2.05359223484993,39.95
2.0552697628736496,39.94
2.0569159016013145,39.94
2.058640517294407,39.94
2.060226820409298,39.94
2.0618709847331047,39.95
2.06361136212945,39.95
2.065252795815468,39.95
2.0668808594346046,39.95
2.0685782097280025,39.95
2.0702845603227615,39.95
2.0718823596835136,39.95
2.0736321918666363,39.94
2.075286217033863,39.93
2.076939307153225,39.95
2.0786113627254963,39.95
2.0801789425313473,39.94
2.081957124173641,39.94
2.083628937602043,39.95
2.085293736308813,39.94
2.086940422654152,39.95
2.0886006355285645,39.94
2.0902878306806087,39.94
2.091939888894558,39.94
2.0936050452291965,39.94
2.095182977616787,39.94
2.0969268456101418,39.94
2.098541386425495,39.94
2.1002668291330338,39.95
2.101895458996296,39.95
2.1036010272800922,39.95
2.1052840687334538,39.96
2.1069433577358723,39.94
2.108611848205328,39.94
2.110274851322174,39.95
2.111949697136879,39.95
2.1136247031390667,39.95
2.115302450954914,39.95
2.116972628980875,39.95
2.118574444204569,39.95
2.120192527770996,39.96
2.121965829282999,39.95
2.1236103177070618,39.95
2.1252310425043106,39.94
2.1268795877695084,39.95
2.1286224648356438,39.94
2.1302786841988564,39.95
2.1319480314850807,39.95
2.133607678115368,39.95
2.1352771893143654,39.94
2.136945214122534,39.94
2.138558827340603,39.94
2.140280034393072,39.94
2.1419336423277855,39.95
2.143629275262356,39.95
2.1452251225709915,39.94
2.1468432433903217,39.95
2.1485413126647472,39.95
2.1502405256032944,39.94
2.15185634419322,39.94
2.153609909117222,39.94
2.1552996523678303,39.95
2.1569166108965874,39.95
2.1585880294442177,39.95
2.1602724865078926,39.95
2.161901168525219,39.95
2.163597110658884,39.95
2.1652813963592052,39.94
2.1668705344200134,39.94
2.1686240322887897,39.96
2.170283295214176,39.95
2.171968534588814,39.94
2.1736406795680523,39.96
2.1752966977655888,39.96
2.1769445426762104,39.95
2.1786313131451607,39.95
2.180273063480854,39.94
2.1819672398269176,39.95
2.1836087964475155,39.95
2.1852983124554157,39.95
2.186959370970726,39.94
2.188548546284437,39.94
2.190181039273739,39.95
2.1919088140130043,39.95
2.193634059280157,39.95
2.195296138525009,39.94
2.196966402232647,39.94
2.1986233852803707,39.95
2.2002620846033096,39.95
2.201850265264511,39.94
2.2036395482718945,39.95
2.2052765265107155,39.94
2.2069455720484257,39.94
2.2085822485387325,39.94
2.210299003869295,39.94
2.2119007408618927,39.94
2.2136078737676144,39.94
2.2152209877967834,39.95
2.2168794982135296,39.95
2.218550633639097,39.94
2.2202012203633785,39.94
2.2219627648591995,39.94
2.2235470190644264,39.94
2.225277040153742,39.94
2.2269069887697697,39.94
2.228604596108198,39.94
2.230248659849167,39.95
2.231952477246523,39.94
2.2336086817085743,39.95
2.235295295715332,39.94
2.2368827015161514,39.94
2.2386131323873997,39.95
2.240237683057785,39.95
2.2418844997882843,39.95
2.2436247803270817,39.95
2.245276801288128,39.95
2.2469345778226852,39.94
2.248602733016014,39.94
2.250206008553505,39.94
2.2519286796450615,39.95
2.2536262795329094,39.94
2.255291622132063,39.95
2.256940431892872,39.94
2.2586011923849583,39.95
2.2602884210646152,39.95
2.261972453445196,39.95
2.2636219523847103,39.95
2.2651836574077606,39.94
2.2669425792992115,39.94
2.2686001658439636,39.94
2.270290356129408,39.94
2.2719727903604507,39.95
2.2736226618289948,39.95
2.2752355970442295,39.95
2.2768722400069237,39.95
2.2786160558462143,39.95
2.2802928425371647,39.94
2.2819352746009827,39.94
2.2835821732878685,39.95
2.2852833047509193,39.95
2.286958161741495,39.94
2.288635566830635,39.94
2.2902369871735573,39.94
2.2918716222047806,39.94
2.2936250902712345,39.95
2.2952641770243645,39.95
2.2969282642006874,39.95
2.2985758930444717,39.94
2.300297621637583,39.94
2.3019203543663025,39.94
2.3036021441221237,39.94
2.305276431143284,39.94
2.3069549947977066,39.94
2.308576177805662,39.95
2.310219518840313,39.95
2.311924424022436,39.95
2.3135767206549644,39.94
2.3152262829244137,39.93
2.316941946744919,39.94
2.318578340113163,39.94
2.320247370749712,39.94
2.321967516094446,39.95
2.3236196227371693,39.95
2.3252767734229565,39.94
2.3269749619066715,39.95
2.3286223523318768,39.95
2.3302927389740944,39.94
2.331975318491459,39.95
2.333634700626135,39.95
2.33527122810483,39.95
2.336973413825035,39.95
2.3387151956558228,39.95
2.3402938693761826,39.95
2.3419424295425415,39.94
2.3436412401497364,39.93
2.3453186340630054,39.94
2.3469379395246506,39.95
2.3485666923224926,39.95
2.350277464836836,39.94
2.351887047290802,39.94
2.35353085026145,39.94
2.355294480919838,39.94
2.3569568544626236,39.94
2.3585712648928165,39.94
2.3602784387767315,39.94
2.3618734255433083,39.94
2.363610576838255,39.95
2.3652971759438515,39.94
2.366966310888529,39.95
2.368615172803402,39.94
2.3701916225254536,39.93
2.3719480745494366,39.94
2.373616795986891,39.94
2.37527609616518,39.94
2.376962762326002,39.94
2.3786222152411938,39.94
2.3802605271339417,39.94
2.381916366517544,39.95
2.383610278367996,39.93
2.385254956781864,39.94
2.3869464844465256,39.94
2.388602588325739,39.95
2.390308413654566,39.93
2.391965351998806,39.94
2.3935299776494503,39.93
2.395290445536375,39.94
2.3969717286527157,39.95
2.3986283242702484,39.94
2.400312125682831,39.93
2.4019198454916477,39.93
2.4036154970526695,39.93
2.4052672497928143,39.93
2.4068928584456444,39.94
2.4086317755281925,39.94
2.410295259207487,39.94
2.4119646474719048,39.94
2.413599044084549,39.94
2.4151921309530735,39.93
2.4169751591980457,39.93
2.41858334466815,39.93
2.420234329998493,39.93
2.4219797179102898,39.93
2.42362792044878,39.93
2.425292931497097,39.94
2.426948294043541,39.94
2.4286159984767437,39.93
2.430301435291767,39.93
2.4319230131804943,39.94
2.433568447828293,39.93
2.4352743290364742,39.93
2.43694581463933,39.93
2.4385873191058636,39.94
2.4402820616960526,39.93
2.4419468864798546,39.93
2.4436377435922623,39.93
2.4452487900853157,39.94
2.4468537159264088,39.94
2.4486032649874687,39.93
2.450283396989107,39.93
2.4519115164875984,39.93
2.453640166670084,39.93
2.455277554690838,39.93
2.456967104226351,39.92
2.4586231410503387,39.92
2.4602970108389854,39.93
2.4619025476276875,39.92
2.463631436228752,39.94
2.4652675688266754,39.95
2.4669412784278393,39.92
2.468627166002989,39.94
2.4702480286359787,39.94
2.4719425961375237,39.93
2.473632726818323,39.94
2.4752571061253548,39.93
2.4769584387540817,39.93
2.478588789701462,39.92
2.480311017483473,39.93
2.4819639436900616,39.93
2.4836154095828533,39.93
2.4852663464844227,39.92
2.486906547099352,39.94
2.4886196739971638,39.93
2.4902777411043644,39.92
2.491924252361059,39.93
2.4936315305531025,39.94
2.4952887408435345,39.94
2.4969506449997425,39.94
2.498541545122862,39.93
2.5002785958349705,39.94
2.501898732036352,39.95
2.5036200918257236,39.93
2.505288928747177,39.93
2.5069263093173504,39.93
2.5086331628262997,39.93
2.5102252811193466,39.94
2.511919591575861,39.94
2.513615932315588,39.94
2.515227496623993,39.93
2.516889788210392,39.94
2.5186064578592777,39.94
2.5202612690627575,39.94
2.5219678580760956,39.95
2.5235621482133865,39.94
2.5252417251467705,39.94
2.526850141584873,39.94
2.5285660922527313,39.94
2.530310697853565,39.94
2.5319348834455013,39.93
2.5335315093398094,39.93
2.535284586250782,39.93
2.5369492694735527,39.94
2.538548532873392,39.93
2.5403155125677586,39.93
2.5419652201235294,39.93
2.543584279716015,39.93
2.5452335216104984,39.94
2.5469089187681675,39.94
2.548627980053425,39.93
2.550231419503689,39.93
2.551956493407488,39.94
2.553549002856016,39.93
2.555299211293459,39.93
2.556946527212858,39.93
2.558553896844387,39.93
2.5602880120277405,39.94
2.5619312077760696,39.93
2.5636293552815914,39.93
2.5652984976768494,39.94
2.566924709826708,39.92
2.5686039589345455,39.93
2.570279035717249,39.92
2.5719132274389267,39.93
2.573507685214281,39.93
2.5753043703734875,39.93
2.5769534036517143,39.93
2.5785507932305336,39.93
2.5802753902971745,39.92
2.5819602832198143,39.93
2.583628959953785,39.93
2.585298750549555,39.92
2.5869177281856537,39.91
2.5885709524154663,39.92
2.590270310640335,39.94
2.591945670545101,39.93
2.5936058163642883,39.92
2.595248244702816,39.93
2.5969193801283836,39.92
2.598569981753826,39.92
2.600281275808811,39.93
2.60196790099144,39.92
2.603515397757292,39.92
2.605218719691038,39.92
2.6069469526410103,39.92
2.6085932441055775,39.93
2.610262505710125,39.93
2.611953604966402,39.93
2.6136435121297836,39.93
2.6152929067611694,39.93
2.6169512569904327,39.92
2.618594743311405,39.93
2.620300617069006,39.93
2.621938806027174,39.93
2.623532399535179,39.92
2.625293716788292,39.92
2.6269683353602886,39.92
2.6285752914845943,39.92
2.630238689482212,39.93
2.631968777626753,39.93
2.6336096450686455,39.94
2.6353035122156143,39.94
2.6369208581745625,39.93
2.638542089611292,39.92
2.6403040885925293,39.93
2.641972091048956,39.93
2.6435886919498444,39.93
2.6452609412372112,39.93
2.646973803639412,39.93
2.6485469229519367,39.93
2.650294426828623,39.92
2.6519660577178,39.93
2.653584271669388,39.93
2.6552676893770695,39.93
2.656921934336424,39.92
2.6585879772901535,39.93
2.6603111140429974,39.93
2.661938413977623,39.93
2.6636360958218575,39.92
2.665301863104105,39.93
2.6669317819178104,39.93
2.6686298958957195,39.92
2.670309416949749,39.92
2.6718809194862843,39.93
2.6735786348581314,39.91
2.6752444617450237,39.91
2.6769553758203983,39.92
2.6786296293139458,39.92
2.680246040225029,39.92
2.6819372475147247,39.92
2.6835721619427204,39.92
2.685297641903162,39.92
2.6869460605084896,39.93
2.6885892748832703,39.92
2.690213955938816,39.92
2.6919458396732807,39.93
2.693632610142231,39.93
2.6952563524246216,39.93
2.696960099041462,39.93
2.6986398845911026,39.93
2.700266007333994,39.92
2.701910637319088,39.92
2.7036267593503,39.92
2.705310568213463,39.92
2.706968192011118,39.93
2.7085528448224068,39.93
2.71023915335536,39.92
2.711894366890192,39.92
2.7136023230850697,39.92
2.7152857407927513,39.92
2.7168912515044212,39.93
2.7185704484581947,39.93
2.720209389925003,39.93
2.7219313755631447,39.92
2.7235929556190968,39.92
2.725288722664118,39.92
2.7269076481461525,39.92
2.728637918829918,39.92
2.730287853628397,39.93
2.7319154143333435,39.93
2.733626537024975,39.93
2.7353018932044506,39.93
2.736947327852249,39.93
2.7386206164956093,39.93
2.740281891077757,39.92
2.7419735565781593,39.92
2.7436295971274376,39.92
2.745301801711321,39.92
2.7469634152948856,39.92
2.748549420386553,39.92
2.7503014281392097,39.92
2.751919962465763,39.92
2.7536050751805305,39.93
2.7552960999310017,39.93
2.756954815238714,39.92
2.758585549890995,39.93
2.760300852358341,39.93
2.761861402541399,39.93
2.763594012707472,39.92
2.765238717198372,39.92
2.766974128782749,39.92
2.768619902431965,39.92
2.7703029736876488,39.92
2.771970484405756,39.94
2.7736207880079746,39.94
2.7753033116459846,39.94
2.7769320979714394,39.93
2.7786491364240646,39.93
2.78030489385128,39.92
2.781897883862257,39.92
2.783586859703064,39.93
2.7852075546979904,39.92
2.786949921399355,39.92
2.788505334407091,39.93
2.7902407571673393,39.92
2.791873265057802,39.93
2.793616820126772,39.93
2.795298233628273,39.93
2.7968993112444878,39.93
2.7986177913844585,39.93
2.8002466447651386,39.93
2.8019223511219025,39.93
2.803596869111061,39.93
2.8052831180393696,39.93
2.806896533817053,39.93
2.808617740869522,39.92
2.8102916181087494,39.93
2.811963465064764,39.94
2.8136239163577557,39.93
2.8152375519275665,39.93
2.816967688500881,39.93
2.818630389869213,39.92
2.820296388119459,39.93
2.8219800293445587,39.92
2.823637641966343,39.92
2.8252883926033974,39.93
2.826944224536419,39.93
2.8285585902631283,39.93
2.8302696235477924,39.93
2.831914909183979,39.92
2.833630006760359,39.92
2.8352735079824924,39.93
2.8369563445448875,39.93
2.8385884910821915,39.93
2.840289182960987,39.93
2.8419354148209095,39.93
2.8436397686600685,39.93
2.845247872173786,39.92
2.846850823611021,39.92
2.8486262410879135,39.93
2.850290212780237,39.93
2.851933754980564,39.92
2.8535916954278946,39.92
2.855297803878784,39.92
2.8569670356810093,39.93
2.858601901680231,39.92
2.860220979899168,39.92
2.861951295286417,39.92
2.863552249968052,39.93
2.8652425222098827,39.92
2.866903644055128,39.92
2.8686163015663624,39.92
2.870265856385231,39.92
2.871877644211054,39.92
2.873621951788664,39.92
2.8751904517412186,39.93
2.8768743500113487,39.93
2.8785987980663776,39.93
2.8802946135401726,39.93
2.881904263049364,39.93
2.883593622595072,39.93
2.8852985613048077,39.92
2.8869454190135,39.92
2.8886200189590454,39.93
2.8903093226253986,39.93
2.8919735066592693,39.93
2.893588986247778,39.93
2.8952807895839214,39.93
2.8969267196953297,39.93
2.8985802307724953,39.93
2.9002604745328426,39.94
2.9019622690975666,39.92
2.9036319106817245,39.93
2.9053061231970787,39.92
2.9069536738097668,39.93
2.9086105674505234,39.93
2.910285137593746,39.93
2.911978766322136,39.93
2.9136200286448,39.93
2.9152618907392025,39.93
2.916903145611286,39.93
2.918571412563324,39.93
2.9202702827751637,39.93
2.9219031035900116,39.93
2.923641238361597,39.93
2.9252885170280933,39.92
2.9269562363624573,39.92
2.928609348833561,39.93
2.930220190435648,39.92
2.9319302700459957,39.92
2.9336363673210144,39.93
2.9353167712688446,39.93
2.9369789473712444,39.93
2.938611350953579,39.94
2.9402261786162853,39.93
2.9419345520436764,39.92
2.9436341747641563,39.93
2.9453081637620926,39.93
2.9469386748969555,233.06
2.94862799718976,39.93
2.9503061026334763,232.67
2.9519741721451283,232.86
2.953633300960064,233.15
2.955317933112383,233.63
2.9568739123642445,233.54
2.958639621734619,233.63
2.960309386253357,233.73
2.961973626166582,233.73
2.9636350348591805,233.87
2.965297944843769,233.06
2.9669602923095226,232.77
2.9686392582952976,233.25
2.970304351300001,233.06
2.971925526857376,233.32
2.9736481569707394,233.15
2.9752958193421364,232.53
2.976921711117029,232.96
2.9786510057747364,232.58
2.9802865721285343,232.67
2.9818990379571915,233.2
2.9835611172020435,233.92
2.985288552939892,233.1
2.986955724656582,231.81
2.9886424727737904,232.67
2.990257527679205,233.44
2.991872161626816,233.25
2.9936057180166245,233.2
2.995287761092186,232.29
2.9968961849808693,232.29
2.998581610620022,231.81
3.0002876929938793,232.77
3.0019564516842365,233.25
3.003640953451395,233.44
3.0052044689655304,232.1
3.0069515332579613,233.2
3.0086397863924503,233.15
3.01029334589839,233.63
3.011965338140726,232.96
3.0136343985795975,231.81
3.015294648706913,232.0
3.016845006495714,232.1
3.018643904477358,232.1
3.0202499739825726,232.29
3.021960884332657,232.91
3.0236408300697803,233.15
3.025263272225857,231.81
3.0268996842205524,232.38
3.0286417603492737,233.06
3.0302026718854904,234.02
3.0319556891918182,232.77
3.0336203575134277,232.53
3.035358849912882,233.2
3.0369496941566467,232.77
3.03861303627491,232.58
3.0403211750090122,232.38
3.041903767734766,232.29
3.0436038449406624,231.81
3.0452997721731663,233.73
3.0468951016664505,233.1
3.0486085079610348,232.0
3.0503108762204647,232.67
3.0519469417631626,232.91
3.0535855293273926,232.1
3.0552432388067245,233.34
3.0569309182465076,233.97
3.0586394891142845,233.63
3.060318537056446,233.87
3.0619736909866333,232.58
3.063646338880062,233.54
3.065258029848337,233.68
3.066969558596611,233.1
3.068633783608675,233.32
3.0703068636357784,232.96
3.071887604892254,233.73
3.0736425146460533,232.58
3.0753123834729195,231.81
3.0769231244921684,232.91
3.0786258466541767,232.48
3.080317869782448,232.19
3.0819280073046684,233.2
3.083601951599121,231.81
3.085234470665455,231.81
3.086875796318054,232.38
3.0885918252170086,233.87
3.09027823805809,232.67
3.091954454779625,232.29
3.0936366617679596,232.38
3.09531257301569,232.38
3.0968801639974117,233.1
3.0986007042229176,232.67
3.100278403609991,233.44
3.1019751727581024,233.15
3.1036021523177624,233.44
3.1053079292178154,231.81
3.1069544069468975,231.81
3.1086296811699867,232.29
3.110253095626831,233.82
3.1119595393538475,234.02
3.1136385537683964,233.63
3.1153151728212833,232.96
3.1169249787926674,232.67
3.1186241507530212,232.67
3.1202235855162144,233.32
3.1219782419502735,233.06
3.123626921325922,233.32
3.125309981405735,233.06
3.126984015107155,233.15
3.1286252848803997,232.96
3.1303211711347103,233.54
3.1319601871073246,232.96
3.133580446243286,232.96
3.135315243154764,233.68
3.1369173265993595,233.06
3.1385933496057987,232.1
3.140276752412319,232.0
3.141960971057415,232.19
3.1436141468584538,232.1
3.1452913619577885,232.0
3.1469085328280926,232.58
3.1486339680850506,233.34
3.1502553336322308,233.97
3.151899617165327,232.91
3.153615027666092,233.34
3.155242368578911,232.58
3.1569285541772842,232.86
3.1586252227425575,232.77
3.160290252417326,233.54
3.1619724966585636,233.25
3.163648571819067,232.67
3.165285300463438,233.44
3.1669385209679604,234.02
3.168651409447193,233.73
3.170314848423004,232.77
3.171977810561657,232.0
3.1736350655555725,232.86
3.175260256975889,233.15
3.1768829487264156,233.06
3.1785829961299896,232.53
3.1803028471767902,233.15
3.181940335780382,232.49
3.18364404886961,232.77
3.185306441038847,232.96
3.186983499675989,232.67
3.1885320097208023,233.44
3.1903116703033447,233.2
3.1919818073511124,232.67
3.1936253681778908,232.86
3.195303600281477,233.44
3.196936622262001,232.53
3.1986259073019028,232.77
3.2002596706151962,233.34
3.20189955458045,232.96
3.203607700765133,234.06
3.205226145684719,233.68
3.2069767341017723,234.06
3.208630844950676,233.44
3.2103026658296585,232.91
3.21190832182765,232.96
3.2136099711060524,233.63
3.215313296765089,232.1
3.2169246450066566,232.1
3.218637801706791,232.58
3.2202936559915543,233.54
3.2219582833349705,233.54
3.223607525229454,233.1
3.225299585610628,233.32
3.2269640006124973,233.34
3.228648278862238,233.34
3.2302955463528633,233.44
3.2319760397076607,232.67
3.2336023673415184,232.58
3.235312707722187,232.77
3.2369678169488907,233.68
3.238646510988474,233.34
3.240254856646061,233.97
3.24197593703866,233.3
3.2436487078666687,232.38
3.2452325746417046,232.58
3.246877633035183,232.67
3.2486311495304108,232.1
3.250208865851164,233.44
3.2518736198544502,233.06
3.253577020019293,233.2
3.255213364958763,232.29
3.2569244764745235,232.53
3.2586453072726727,233.15
3.2602063044905663,233.87
3.2619753070175648,233.2
3.2636009454727173,232.19
3.265230856835842,233.2
3.266929619014263,233.3
3.2685946002602577,232.48
3.2702782936394215,233.63
3.2719333060085773,233.54
3.2787261232733727,290.11
3.2803752571344376,290.11
3.282029416412115,289.82
3.283721260726452,289.53
3.2853138148784637,289.58
3.2870366014540195,289.72
3.288709830492735,289.58
3.290393054485321,289.68
3.2920239605009556,289.77
3.2937162593007088,289.87
3.295346811413765,290.06
3.2970621027052402,289.77
3.298710860311985,289.68
3.300353392958641,289.77
3.302056722342968,289.82
3.303652089089155,289.87
3.305357351899147,289.58
3.3070232681930065,289.2
3.308668028563261,289.44
3.3102615289390087,289.29
3.3120506033301353,289.34
3.31372769549489,289.15
3.315395813435316,289.2
3.317029759287834,287.99
3.3186969235539436,94.6
3.3203158862888813,294.64
3.322032544761896,-2.32
3.3294921293854713,231.81
3.3311787359416485,231.66
3.333837352693081,40.07
3.341595996171236,-46.02
3.3432764038443565,-45.79
3.3507777228951454,39.88
3.3524411022663116,39.89
3.354107227176428,39.88
3.3557809963822365,39.89
3.3574313558638096,39.89
3.3591018840670586,39.89
3.360778257250786,39.89
3.3624462857842445,39.9
3.3640425354242325,39.89
3.3657588362693787,39.89
3.367431830614805,39.89
3.36911379173398,39.9
3.370772160589695,39.89
3.3723861165344715,39.89
3.3740979619324207,39.88
3.3757439851760864,39.89
3.3773959018290043,39.89
3.379032127559185,39.88
3.38065742328763,39.89
3.3824335001409054,39.9
3.384081620723009,39.89
3.385769337415695,39.89
3.3874471448361874,39.89
3.3890988267958164,39.89
3.390770047903061,39.9
3.3924463726580143,39.9
3.3941088505089283,39.9
3.3957766704261303,39.9
3.397439021617174,39.89
3.399074163287878,39.89
3.4007787629961967,39.9
3.4023805260658264,39.89
3.4041126407682896,39.89
3.405772875994444,39.89
3.407445941120386,39.89
3.4090948440134525,39.89
3.410662818700075,39.9
3.4124356880784035,39.9
3.4140952453017235,39.89
3.415706556290388,39.89
3.4174604304134846,39.89
3.4191044718027115,39.89
3.4207666143774986,39.9
3.4224420599639416,39.9
3.424115873873234,39.9
3.425766535103321,39.89
3.4274400398135185,39.88
3.429098565131426,39.9
3.430770069360733,39.9
3.432433098554611,39.9
3.4340950585901737,39.9
3.435780316591263,39.9
3.4373563416302204,39.9
3.4390958435833454,39.9
3.4407631903886795,39.9
3.4424508921802044,39.9
3.444111119955778,39.9
3.445766381919384,39.9
3.447453524917364,39.9
3.4491115994751453,39.9
3.4507411308586597,39.9
3.4524292685091496,39.9
3.4541058652102947,39.89
3.4557864665985107,231.52
3.4574413411319256,39.9
3.4591130912303925,39.89
3.4607704430818558,39.89
3.4624836780130863,39.89
3.4640755392611027,39.89
3.465779162943363,39.9
3.467429269105196,39.89
3.468991331756115,39.89
3.4707573167979717,124.6
3.472451765090227,39.9
3.4740952476859093,26.26
3.4757537357509136,39.9
3.477432429790497,288.72
3.4791041798889637,232.43
3.4863231256604195,-2.43
3.4940971843898296,-45.8
3.5018486753106117,39.92
3.5035198777914047,39.91
3.505183231085539,39.91
3.5068475380539894,39.91
3.5085165202617645,39.92
3.5101841762661934,39.92
3.51184893399477,40.13
3.5182193517684937,-45.77
3.5259637348353863,39.92
3.527638901025057,39.92
3.5293054841458797,124.66
3.5309513732790947,39.93
3.5326925925910473,39.93
3.534297477453947,39.92
3.5359507873654366,39.92
3.5376209691166878,39.92
3.5392689742147923,39.92
3.540950022637844,39.93
3.5426329784095287,39.93
3.5442818216979504,39.92
3.545963265001774,39.92
3.5476290807127953,39.93
3.5492246076464653,39.92
3.5509462729096413,39.93
3.552597489207983,39.93
3.5542608611285686,39.93
3.555945597589016,39.92
3.557636383920908,39.93
3.559298899024725,39.93
3.560964297503233,39.93
3.5626261681318283,39.93
3.5642973110079765,39.92
3.565914649516344,39.93
3.567623145878315,39.92
3.5692823193967342,39.92
3.5709273517131805,39.92
3.572630535811186,39.92
3.5742877908051014,39.92
3.5759027637541294,39.92
3.57763210311532,39.92
3.5793024227023125,39.92
3.5809175297617912,39.93
3.5825055837631226,39.93
3.5842682532966137,39.92
3.5859381072223186,39.92
3.5875407308340073,39.91
3.589282803237438,39.92
3.5909601114690304,39.93
3.5926007218658924,39.93
3.594305418431759,124.66
3.601197488605976,-45.77
3.608962118625641,39.92
3.610590148717165,39.92
3.612289935350418,39.92
3.6139720678329468,39.92
3.615614142268896,39.93
3.617284942418337,39.92
3.6189361214637756,39.91
3.620624925941229,39.92
3.6222443357110023,39.92
3.6239462718367577,39.91
3.6256207674741745,39.91
3.627269249409437,39.92
3.6294662058353424,39.92
3.6306118443608284,39.93
3.6322500854730606,39.92
3.6339498832821846,39.74
3.635582447052002,39.92
3.63719130679965,39.92
3.6389260552823544,39.92
3.640608098357916,39.92
3.6422756761312485,39.93
3.6439542323350906,39.93
3.645589079707861,39.92
3.647248961031437,39.92
3.648932594805956,39.93
3.6506164595484734,39.91
3.652287468314171,124.64
3.659773249179125,-45.78
3.6674315370619297,39.92
3.6692039519548416,39.91
3.67087484896183,39.91
3.6724145859479904,39.92
3.6741514429450035,39.92
3.6758458390831947,39.92
3.6775182746350765,39.92
3.679204151034355,39.93
3.6807477474212646,39.93
3.6825679764151573,39.91
3.684144176542759,39.9
3.6857962757349014,39.92
3.687530279159546,232.0
3.689174313098192,39.93
3.6908236891031265,39.93
3.692458137869835,39.93
3.694174960255623,39.93
3.6958098337054253,39.92
3.6975361444056034,39.92
3.699197020381689,39.93
3.7008635476231575,39.92
3.7025213837623596,39.93
3.7042002826929092,39.93
3.705855719745159,39.93
3.707528669387102,39.92
3.709137462079525,39.92
3.7108563631772995,39.75
3.7183585166931152,-45.77
3.726098820567131,39.92
3.7276956290006638,39.93
3.729346301406622,39.92
3.7311195619404316,39.9
3.7327822856605053,39.92
3.7344558350741863,39.93
3.736131690442562,39.92
3.7376772202551365,39.92
3.739422783255577,39.92
3.741137232631445,39.92
3.742778394371271,39.93
3.744366481900215,39.93
3.7461098097264767,39.92
3.7477848827838898,39.92
3.749464076012373,39.92
3.7511137016117573,39.93
3.752760637551546,39.93
3.7544631958007812,39.91
3.7560647651553154,39.92
3.757776577025652,39.91
3.7594419792294502,39.91
3.7611101754009724,113.68
3.762776408344507,39.92
3.764393202960491,39.91
3.766117189079523,124.66
3.76769433170557,124.66
3.7754718400537968,-45.77
3.783235002309084,39.92
3.784890577197075,39.92
3.7865692153573036,39.91
3.788250844925642,39.92
3.789906647056341,39.92
3.7916048280894756,124.65
3.7981545217335224,-45.89
3.805884752422571,39.9
3.8076159432530403,39.91
3.80927237868309,39.91
3.8109484761953354,39.9
3.812616340816021,39.9
3.8142876885831356,39.91
3.8157497756183147,39.91
3.817590419203043,39.91
3.8192876875400543,39.9
3.8209420070052147,39.9
3.8226171731948853,39.9
3.8242784403264523,39.91
3.8259513564407825,39.91
3.8275493532419205,39.91
3.8292824998497963,39.91
3.8308730125427246,39.91
3.8326191380620003,39.91
3.8342749141156673,39.91
3.835949145257473,39.91
3.8376117050647736,39.91
3.839286297559738,39.91
3.8409442231059074,39.91
3.84254964441061,39.91
3.844257462769747,39.91
3.845908150076866,39.9
3.847811132669449,39.91
3.8492701575160027,39.91
3.8509330302476883,39.91
3.85822930932045,-45.76
3.8659682273864746,39.9
3.867631822824478,39.91
3.8692841231822968,39.9
3.8709571957588196,39.9
3.872630849480629,39.9
3.874298743903637,39.91
3.8759666234254837,39.91
3.877646055072546,124.63
3.885225974023342,-45.76
3.892962832003832,39.91
3.894594382494688,39.91
3.896188832819462,39.9
3.8979594111442566,39.9
3.8995945751667023,39.91
3.901281714439392,39.91
3.902853272855282,39.91
3.904622834175825,39.9
3.906225372105837,124.62
3.9079601019620895,39.91
3.910025369375944,39.91
3.911266166716814,39.91
3.9129367992281914,39.91
3.9146042056381702,39.91
3.9162545651197433,39.91
3.917954731732607,39.91
3.919570568948984,39.91
3.9212883710861206,39.91
3.922927800565958,39.91
3.9246190935373306,39.91
3.926260370761156,39.91
3.927947413176298,39.92
3.929610215127468,39.91
3.9312786124646664,39.91
3.932974312454462,39.9
3.9346119165420532,39.91
3.9362692423164845,39.91
3.937956478446722,40.1
3.9451989978551865,-45.77
3.9529808461666107,39.91
3.954636801034212,39.9
3.9562490172684193,39.9
3.957985132932663,39.91
3.959630534052849,39.91
3.9612484350800514,39.9
3.963153287768364,39.9
3.964635241776705,39.91
3.9663122706115246,39.91
3.967978373169899,39.91
3.969631891697645,39.91
3.9712471030652523,39.91
3.9729592576622963,39.91
3.9746389128267765,39.92
3.976239562034607,39.91
3.977967418730259,39.91
3.9796408340334892,39.92
3.981290377676487,39.91
3.982897151261568,39.92
3.9846334010362625,39.91
3.986226685345173,39.92
3.9879328049719334,39.91
3.9895274229347706,39.92
3.9912968277931213,39.91
3.9929375648498535,39.92
3.994584035128355,39.91
3.996203199028969,121.95
3.997966907918453,39.91
3.999636385589838,39.91
4.001296628266573,39.91
4.002945706248283,39.91
4.004643771797419,39.91
4.006634760648012,39.91
4.007938869297504,39.91
4.0096402280032635,39.92
4.011238783597946,39.92
4.012985665351152,39.9
4.014588266611099,39.9
4.016303803771734,39.9
4.017864506691694,39.9
4.019649222493172,39.91
4.021301366388798,39.91
4.023334331810474,124.63
4.024920307099819,39.92
4.026671793311834,39.91
4.028246246278286,39.9
4.030006438493729,39.9
4.031675700098276,39.91
4.033284567296505,39.91
4.034957338124514,39.91
4.036675494164228,39.91
4.038340646773577,39.91
4.039935417473316,39.91
4.041670244187117,39.9
4.0433210879564285,38.55
4.044949844479561,39.91
4.046656891703606,39.9
4.048684734851122,294.06
4.050001934170723,38.57
4.05165396258235,294.02
4.058348387479782,-45.8
4.066101081669331,39.91
4.067792385816574,39.91
4.069397296756506,39.91
4.071094084531069,39.92
4.072800673544407,39.93
4.074451416730881,39.96
4.076115794479847,39.99
4.077721975743771,39.97
4.079448487609625,39.98
4.081117477267981,39.96
4.082732994109392,39.96
4.084454867988825,39.96
4.0860730446875095,39.96
4.08775806799531,39.96
4.089463677257299,124.73
4.096851501613855,-45.76
4.104605063796043,39.96
4.106273345649242,39.96
4.107925519347191,97.56
4.115212209522724,-45.88
4.116793487221003,-45.88
4.118492133915424,-45.7
4.120227541774511,-45.67
4.121895417571068,-45.5
4.123566269874573,-45.58
4.1252284944057465,-45.36
4.126830488443375,-45.2
4.134479407221079,290.08
4.136132087558508,287.61
4.137808665633202,287.13
4.139422703534365,290.11
4.141125690191984,290.01
4.14277983084321,287.61
4.1444552801549435,290.19
4.146140791475773,287.32
4.147803019732237,290.01
4.149448778480291,290.19
4.151106487959623,287.13
4.152784768491983,290.06
4.15441320836544,287.8
4.1561290845274925,290.13
4.15777326002717,289.99
4.15942620486021,290.16
4.1610684506595135,290.13
4.162805937230587,287.32
4.164319436997175,287.42
4.166017513722181,289.53
4.167812239378691,289.2
4.169394824653864,288.86
4.171132925897837,289.15
4.172787941992283,288.86
4.174463484436274,287.99
4.176132492721081,287.42
4.177758082747459,287.9
4.1794125363230705,287.9
4.181110467761755,288.19
4.1828007362782955,288.09
4.184350073337555,288.28
4.186111252754927,288.09
4.187802266329527,287.99
4.189459800720215,288.24
4.191069260239601,287.85
4.192790884524584,287.99
4.194468177855015,287.99
4.196116868406534,287.9
4.197795480489731,288.28
4.199439324438572,288.28
4.201090406626463,288.19
4.202756285667419,288.24
4.204439297318459,288.09
4.206045117229223,287.99
4.207831732928753,287.71
4.2094485983252525,288.67
4.211114127188921,288.76
4.212808761745691,287.71
4.214450858533382,288.38
4.216046992689371,288.67
4.217809818685055,288.43
4.21946457028389,288.24
4.221066445112228,288.48
4.2227847166359425,287.61
4.224475096911192,287.99
4.226048234850168,288.09
4.227801322937012,287.99
4.22945736348629,288.24
4.231075286865234,288.24
4.2328115701675415,288.64
4.234364338219166,289.0
4.236112222075462,288.62
4.237786199897528,288.28
4.239471334964037,289.0
4.24110321700573,287.71
4.242801882326603,287.99
4.244358614087105,288.24
4.246054425835609,288.48
4.247782062739134,288.09
4.249450456351042,287.9
4.251133684068918,287.99
4.2527842335402966,288.48
4.254463687539101,288.09
4.256108045578003,287.9
4.2577841728925705,288.09
4.259438164532185,287.71
4.261118106544018,287.99
4.262719050049782,287.42
4.2643674723804,288.28
4.26612077280879,288.96
4.267800126224756,288.76
4.269443854689598,288.43
4.271127667278051,288.52
4.272786006331444,288.48
4.274449713528156,288.24
4.276109702885151,125.07
4.2777818366885185,287.13
4.279463034123182,287.9
4.281124237924814,122.78
4.2886110581457615,39.82
4.290325753390789,39.82
4.291910160332918,39.83
4.293603617697954,39.84
4.295334529131651,39.84
4.29701479151845,39.83
4.298668459057808,39.83
4.300244551151991,39.84
4.302016764879227,39.88
4.303658694028854,39.88
4.305312350392342,39.93
4.306998401880264,39.93
4.308666825294495,39.93
4.310334786772728,39.92
4.312012396752834,39.91
4.313650116324425,39.91
4.315332807600498,39.93
4.317001257091761,39.93
4.318643622100353,39.94
4.320352733135223,39.94
4.3219590820372105,39.94
4.323659610003233,39.94
4.325344480574131,39.94
4.326973717659712,39.94
4.328609544783831,39.93
4.330344870686531,39.94
4.332004759460688,39.94
4.333599340170622,39.93
4.335279438644648,39.94
4.337013080716133,39.94
4.338618136942387,39.94
4.34027474373579,39.93
4.341992691159248,39.94
4.34366299957037,39.93
4.345332000404596,39.94
4.346941482275724,39.93
4.348683629184961,39.93
4.3503408916294575,39.93
4.351951189339161,39.94
4.353665210306644,39.94
4.355334889143705,39.94
4.357009008526802,39.94
4.3586670979857445,39.94
4.360333885997534,39.93
4.3619994558393955,39.94
4.363660637289286,39.94
4.365332473069429,39.93
4.367021888494492,39.93
4.368653643876314,39.93
4.370349299162626,39.94
4.371898204088211,39.94
4.373667661100626,39.94
4.375309959053993,39.94
4.37695150077343,39.94
4.3785919807851315,39.94
4.380338739603758,39.94
4.3820032477378845,39.94
4.383664291352034,39.95
4.385320406407118,39.95
4.387013018131256,39.95
4.388623401522636,39.94
4.390322256833315,39.93
4.392020560801029,39.94
4.393686596304178,39.94
4.39532670006156,39.94
4.396936729550362,39.93
4.398684170097113,39.93
4.400330793112516,39.93
4.401930563151836,39.94
4.403658527880907,39.93
4.405344590544701,39.94
4.407019391655922,39.94
4.408638138324022,39.94
4.410281881690025,39.94
4.41196658834815,39.94
4.413578785955906,39.94
4.415314584970474,39.94
4.4169135838747025,39.94
4.418668020516634,39.95
4.420344021171331,39.95
4.42201790958643,39.95
4.423663355410099,39.94
4.425318945199251,39.94
4.426911640912294,39.94
4.428681507706642,39.94
4.4303409941494465,39.93
4.431943189352751,39.93
4.433568108826876,39.93
4.435273163020611,39.95
4.436998248100281,39.94
4.438683535903692,39.94
4.440301071852446,39.95
4.441991437226534,39.95
4.44367416575551,39.95
4.445347279310226,39.94
4.446953754872084,39.94
4.448663666844368,39.94
4.450270473957062,39.93
4.451963417232037,39.93
4.453689221292734,39.94
4.4553062915802,26.31
4.462989509105682,-45.76
4.470729857683182,39.93
4.472387712448835,39.93
4.474066946655512,39.93
4.475739743560553,39.92
4.47740788012743,39.92
4.479076776653528,39.93
4.480646815150976,39.93
4.48236209154129,39.93
4.484053388237953,39.91
4.485725600272417,39.92
4.487333253026009,39.92
4.489065211266279,39.92
4.490655813366175,39.93
4.492819368839264,39.93
4.494062941521406,39.93
4.495685957372189,39.93
4.497368909418583,39.93
4.499056316912174,39.93
4.500721037387848,39.93
4.5023631528019905,39.93
4.503971375524998,39.93
4.505734942853451,39.92
4.5073581635952,39.93
4.508992280811071,39.93
4.51071485504508,39.92
4.512357380241156,39.93
4.5140541680157185,39.93
4.515725161880255,39.93
4.517377845942974,39.94
4.519036833196878,39.94
4.520728636533022,39.94
4.522306881844997,39.94
4.524051163345575,39.94
4.525690659880638,39.94
4.527394287288189,39.94
4.528957113623619,39.93
4.530738327652216,39.93
4.532393205910921,39.94
4.534035511314869,39.94
4.535725645720959,39.94
4.5373980812728405,39.94
4.539192244410515,39.95
4.540731862187386,39.95
4.54238248988986,39.95
4.544045880436897,39.94
4.545672871172428,39.95
4.5473562926054,39.95
4.548968274146318,39.95
4.550632048398256,39.95
4.552352402359247,39.94
4.554036658257246,39.94
4.555682819336653,39.94
4.557403527200222,39.94
4.559017330408096,39.94
4.560638453811407,39.95
4.562371648848057,39.95
4.564015604555607,39.95
4.565652325749397,39.95
4.567390166223049,39.95
4.569031197577715,39.95
4.5707288682460785,39.95
4.572320409119129,39.94
4.574053440243006,39.95
4.575638864189386,39.95
4.577375777065754,39.94
4.579032026231289,39.95
4.580691181123257,39.96
4.58231558650732,39.95
4.5840694308280945,39.95
4.585704706609249,39.95
4.587359398603439,39.95
4.589063830673695,39.95
4.590717952698469,39.96
4.592311564832926,39.95
4.594066206365824,39.95
4.59568877518177,39.95
4.597362853586674,39.95
4.599074736237526,39.95
4.600669581443071,39.95
4.602365855127573,39.95
4.60402724146843,39.94
4.605738610029221,39.96
4.607384569942951,39.95
4.6090336218476295,39.95
4.610736150294542,39.95
4.612366054207087,39.95
4.614043843001127,39.95
4.615647915750742,39.94
4.617408607155085,39.95
4.619059804826975,39.94
4.620743375271559,39.95
4.622370660305023,39.94
4.624031603336334,39.94
4.62569161131978,39.95
4.6273398250341415,39.95
4.62894207239151,39.95
4.6306417770683765,39.94
4.632365465164185,39.94
4.6340542659163475,39.95
4.635715387761593,39.95
4.637373022735119,39.95
4.638992689549923,39.95
4.640725340694189,39.95
4.642373662441969,39.94
4.644073832780123,39.95
4.645674724131823,39.95
4.647385496646166,39.95
4.649060394614935,39.95
4.650726985186338,39.95
4.652392458170652,39.95
4.653978168964386,39.95
4.6556978560984135,39.96
4.657395850867033,39.95
4.659059666097164,39.95
4.660721641033888,39.94
4.662397153675556,39.95
4.6639932207763195,39.95
4.665627207607031,39.94
4.667361631989479,39.95
4.668984070420265,39.95
4.670733243227005,39.96
4.672385584563017,39.94
4.673939410597086,39.95
4.675626717507839,39.94
4.6773864552378654,39.95
4.679048456251621,39.95
4.6806900203228,39.94
4.682314667850733,39.95
4.684082850813866,39.95
4.685717787593603,39.95
4.687402609735727,39.95
4.689081002026796,39.95
4.690730486065149,39.95
4.692392271012068,39.96
4.694047722965479,39.96
4.695724803954363,39.96
4.697338402271271,39.96
4.699058722704649,39.96
4.700711887329817,39.96
4.702633291482925,39.95
4.704017102718353,39.95
4.70572692528367,39.96
4.707391142845154,39.96
4.709039811044931,39.95
4.710674125701189,39.95
4.712401680648327,39.95
4.713985044509172,39.96
4.7156735472381115,39.96
4.717387102544308,39.96
4.7190530598163605,39.95
4.720660097897053,39.96
4.722336940467358,39.96
4.72406030446291,39.95
4.725699312984943,39.95
4.727408714592457,39.96
4.728996518999338,39.97
4.7306609861552715,39.96
4.73237295076251,39.96
4.734057538211346,39.96
4.735623717308044,39.95
4.737402234226465,39.96
4.739046294242144,39.95
4.740736398845911,39.96
4.7423713728785515,39.96
4.74407122284174,39.96
4.74583288282156,39.96
4.74735326692462,39.95
4.748976293951273,39.95
4.750655256211758,39.95
4.752405188977718,39.96
4.754056818783283,39.96
4.75573943182826,39.96
4.757390089333057,39.96
4.759033747017384,39.96
4.7607477977871895,39.96
4.762386750429869,39.95
4.76406903937459,39.95
4.76565508544445,39.95
4.7673359811306,39.96
4.768989350646734,39.96
4.770690280944109,39.96
4.772402890026569,39.96
4.7739881463348866,39.96
4.775725115090609,39.96
4.777387134730816,39.96
4.7790699526667595,39.95
4.780725751072168,39.96
4.78233041241765,39.96
4.784002605825663,39.96
4.785675290971994,39.96
4.787266280502081,39.96
4.789052225649357,39.95
4.790721524506807,39.96
4.792385950684547,39.95
4.794063720852137,39.96
4.795727178454399,39.97
4.7973520159721375,39.97
4.799053631722927,39.97
4.800738979130983,39.96
4.802405063062906,39.97
4.804032448679209,39.96
4.80572409927845,39.97
4.807398654520512,39.97
4.809051904827356,39.96
4.810715954750776,39.96
4.812350679188967,39.97
4.8139846585690975,39.97
4.815716408193111,39.97
4.817411374300718,39.97
4.818982671946287,39.97
4.820686236023903,39.97
4.822370171546936,39.97
4.82408569380641,39.97
4.82569944113493,39.97
4.827397231012583,39.97
4.828992456197739,39.97
4.830668721348047,39.97
4.832392740994692,39.97
4.83406925201416,39.97
4.835735831409693,39.97
4.837375715374947,39.97
4.838992465287447,39.97
4.840747781097889,39.97
4.842368211597204,39.97
4.843989256769419,39.97
4.845659505575895,39.98
4.84735082089901,39.97
4.849059641361237,39.97
4.85073559358716,39.96
4.852348629385233,39.96
4.854031085968018,39.97
4.855650641024113,39.97
4.857409700751305,39.98
4.859072521328926,39.97
4.8606881983578205,39.98
4.862383082509041,39.99
4.864009283483028,39.98
4.8656885623931885,39.98
4.86734838411212,39.97
4.869040749967098,39.98
4.870837278664112,39.98
4.872395519167185,39.98
4.874043226242065,39.98
4.87571869418025,39.97
4.877356540411711,39.97
4.879005141556263,39.97
4.8807433769106865,39.97
4.8823322504758835,39.97
4.88406029343605,39.97
4.885640807449818,39.98
4.887366645038128,39.97
4.889070946723223,39.97
4.890710812062025,39.97
4.892388869076967,39.96
4.894050285220146,39.96
4.89570964127779,39.98
4.897344894707203,39.97
4.8990382850170135,39.97
4.900734413415194,39.96
4.902372121810913,39.97
4.903974894434214,39.97
4.905678015202284,39.97
4.907391160726547,39.97
4.909065440297127,39.98
4.910623978823423,39.97
4.912397921085358,39.98
4.914066564291716,39.97
4.915720924735069,39.96
4.91739048063755,39.97
4.919040352106094,39.97
4.920686710625887,39.98
4.922362610697746,39.98
4.9239864237606525,39.98
4.9257227554917336,39.97
4.927406523376703,39.97
4.929063927382231,39.97
4.930684454739094,39.97
4.932328104972839,39.97
4.934008311480284,39.96
4.9357099160552025,39.97
4.937275838106871,39.97
4.939069218933582,39.96
4.940737098455429,39.97
4.942318633198738,39.97
4.94396486133337,39.97
4.945650696754456,39.97
4.947408191859722,39.96
4.949081886559725,39.97
4.950739398598671,39.97
4.9523954801261425,39.97
4.954045280814171,39.97
4.955729275941849,39.97
4.957359299063683,39.97
4.958994038403034,39.97
4.960642762482166,39.97
4.962419729679823,39.97
4.964057814329863,39.96
4.965741276741028,39.96
4.967396482825279,39.96
4.969180278480053,39.96
4.970725908875465,39.96
4.972343251109123,39.97
4.974060013890266,39.97
4.975699249655008,39.97
4.977321822196245,39.96
4.979011416435242,39.96
4.98066882789135,39.97
4.982398219406605,39.97
4.984074901789427,39.96
4.985675975680351,39.96
4.987297661602497,39.96
4.989067647606134,39.97
4.990691140294075,39.97
4.992350682616234,39.95
4.994053915143013,39.96
4.995650757104158,39.98
4.997384160757065,39.96
4.999072566628456,39.97
5.000718928873539,39.97
5.002391621470451,39.97
5.004043288528919,39.96
5.005704753100872,39.97
5.007316950708628,39.97
5.008983448147774,39.97
5.010737624019384,39.97
5.012398362159729,39.97
5.013991691172123,39.97
5.015661239624023,39.96
5.017399311065674,39.97
5.019016671925783,39.97
5.020726829767227,39.97
5.02233999222517,39.98
5.024058524519205,39.96
5.025675218552351,39.96
5.027347676455975,39.96
5.02906396985054,39.97
5.030692093074322,39.96
5.032354086637497,39.95
5.034021083265543,39.96
5.035699430853128,39.96
5.037409204989672,39.95
5.0390552170574665,39.94
5.040721833705902,39.95
5.042393308132887,39.95
5.044061627238989,39.95
5.045731902122498,39.95
5.047407228499651,39.97
5.0490513779222965,39.97
5.050743188709021,39.93
5.052388176321983,39.96
5.054059576243162,39.95
5.055731162428856,39.95
5.057400155812502,39.95
5.059074204415083,39.95
5.06074633449316,39.95
5.062355857342482,39.95
5.06403062492609,39.95
5.065695688128471,39.95
5.067335374653339,39.94
5.0690700225532055,39.95
5.070726133882999,39.95
5.072394639253616,39.95
5.074045330286026,39.95
5.075703598558903,39.95
5.07740006968379,39.95
5.079074248671532,39.95
5.0807319693267345,39.96
5.082351237535477,39.95
5.084086783230305,39.96
5.085661295801401,39.97
5.087360568344593,39.95
5.089077714830637,39.96
5.090728119015694,39.96
5.092390071600676,39.96
5.0940261743962765,39.96
5.095678672194481,39.96
5.097409315407276,39.96
5.099002934992313,39.97
5.100709334015846,39.96
5.102420870214701,39.95
5.104068148881197,39.96
5.105738960206509,39.97
5.107402868568897,39.98
5.10898581892252,39.96
5.110657803714275,39.96
5.112362835556269,39.97
5.11400018632412,39.97
5.115736808627844,39.95
5.117311805486679,39.97
5.119079176336527,39.96
5.120738040655851,39.97
5.12232331186533,39.97
5.124074775725603,39.95
5.1256958693265915,39.96
5.1273978762328625,39.97
5.129011247307062,40.01
5.130676317960024,39.95
5.132396254688501,39.94
5.134074218571186,39.97
5.135694615542889,39.95
5.137392796576023,39.96
5.139062214642763,39.96
5.140667296946049,39.97
5.142375733703375,39.97
5.1440359801054,39.98
5.145735085010529,39.98
5.147367801517248,39.98
5.149021461606026,39.98
5.1506678611040115,39.98
5.152319043874741,39.97
5.154073152691126,39.97
5.155663907527924,39.98
5.157393008470535,39.98
5.159044209867716,39.99
5.160755783319473,39.98
5.162307191640139,39.98
5.164032269269228,51.02
5.170480236411095,-45.76
5.178243905305862,39.95
5.179886881262064,39.96
5.18144004046917,39.96
5.183215916156769,39.97
5.184883669018745,39.96
5.186567761003971,39.95
5.188227668404579,39.96
5.189896814525127,39.95
5.1915440782904625,39.96
5.193198353052139,39.96
5.194854278117418,39.96
5.196514692157507,39.97
5.198218438774347,39.96
5.199858196079731,39.97
5.201559975743294,39.97
5.203189522027969,39.96
5.204840522259474,39.97
5.206522803753614,39.97
5.2081835605204105,39.97
5.209900181740522,39.97
5.211693458259106,39.97
5.213296048343182,39.96
5.2148934826254845,39.96
5.216567311435938,39.96
5.218209434300661,39.96
5.219903789460659,39.97
5.221576154232025,39.97
5.223234720528126,39.97
5.2249023132026196,39.96
5.226519200950861,39.95
5.228211406618357,39.96
5.229892697185278,39.96
5.231545105576515,39.95
5.2332060150802135,39.95
5.23486115783453,39.96
5.236554399132729,39.96
5.238218631595373,39.97
5.239802207797766,39.96
5.241558216512203,39.96
5.243211191147566,39.96
5.244859177619219,39.96
5.246561847627163,39.96
5.248231593519449,39.96
5.24987867474556,39.97
5.251545257866383,39.97
5.253208924084902,39.96
5.254882954061031,39.96
5.256548389792442,39.96
5.258209504187107,39.96
5.25983277708292,39.96
5.26154650375247,39.96
5.263187330216169,39.96
5.264851972460747,39.96
5.266555394977331,39.96
5.268215369433165,39.96
5.269902758300304,39.97
5.2715498469769955,39.95
5.273208145052195,39.96
5.274887882173061,39.96
5.276548080146313,39.96
5.278185445815325,39.96
5.279885079711676,39.96
5.281561825424433,39.96
5.28320499509573,39.97
5.284866500645876,39.97
5.286530762910843,39.97
5.288154609501362,39.98
5.289902441203594,39.97
5.292073123157024,39.96
5.29324259981513,39.97
5.294831048697233,39.97
5.296526499092579,39.98
5.298119895160198,39.97
5.299896780401468,39.96
5.301549945026636,39.97
5.303197357803583,39.97
5.304888613522053,39.98
5.306535355746746,39.96
5.308191001415253,39.97
5.309901956468821,39.98
5.311551410704851,39.98
5.31323516368866,39.97
5.314889766275883,39.98
5.316565129905939,39.98
5.3182214722037315,39.98
5.319885760545731,39.97
5.321531359106302,39.97
5.323224000632763,233.44
5.324892561882734,233.92
5.326524913311005,234.06
5.32821424305439,97.66
5.3298593275249,233.87
5.331536773592234,233.54
5.333528429269791,233.34
5.334918301552534,233.8
5.336521048098803,233.34
5.338220696896315,233.82
5.339859861880541,233.63
5.341499671339989,233.34
5.343225121498108,234.09
5.344865586608648,233.54
5.346538260579109,233.44
5.34819520264864,233.73
5.349892154335976,234.3
5.3515628688037395,234.5
5.353387646377087,232.96
5.3550327681005,233.54
5.356711272150278,234.21
5.359096027910709,234.3
5.360767472535372,233.91
5.362374257296324,234.02
5.364123556762934,234.35
5.365801595151424,233.92
5.36744973808527,233.44
5.368999719619751,234.21
5.37079594284296,233.92
5.372462373226881,233.34
5.374129261821508,233.73
5.375831384211779,233.73
5.377341132611036,234.5
5.383999712765217,288.09
5.386966191232204,287.13
5.388632953166962,287.13
5.390322335064411,289.15
5.3926501758396626,287.13
5.394374258816242,289.2
5.396038942039013,287.32
5.3976930268108845,289.24
5.399381186813116,287.71
5.4009959399700165,287.8
5.40268649160862,288.24
5.404360979795456,90.62
5.406021304428577,289.03
5.407701686024666,288.81
5.409936182200909,26.15
5.417672384530306,124.59
5.419278435409069,239.42
5.421022303402424,240.19
5.428303979337215,-45.76
5.4360546842217445,124.59
5.443721033632755,38.51
5.451561544090509,124.59
5.459308732300997,-45.77
5.467080477625132,39.99
5.474811766296625,-45.78
5.4825410433113575,38.74
5.490342736244202,-45.79
5.498079854995012,39.99
5.499696791172028,40.0
5.501397866755724,39.99
5.503070138394833,39.98
5.504741113632917,39.98
5.506377719342709,39.98
5.508066263049841,39.99
5.509675491601229,39.98
5.511412721127272,39.99
5.513085249811411,39.99
5.514735195785761,39.98
5.516417179256678,39.98
5.5180667750537395,39.98
5.519751489162445,39.98
5.52141148224473,39.98
5.523005917668343,39.98
5.524717748165131,39.99
5.526416324079037,39.99
5.528005290776491,39.99
5.529741711914539,39.98
5.531420141458511,39.98
5.533078204840422,39.98
5.534692618995905,39.99
5.5364054925739765,39.98
5.538024980574846,39.98
5.539684057235718,39.98
5.541414428502321,39.97
5.543092727661133,39.97
5.544751331210136,39.97
5.546355709433556,39.98
5.5480204448103905,39.98
5.549688816070557,39.97
5.5513834953308105,39.97
5.553075801581144,39.97
5.554728168994188,39.97
5.556416098028421,124.77
5.5632398054003716,-45.76
5.571006260812283,39.97
5.5726673901081085,39.98
5.574311278760433,39.98
5.575936105102301,39.97
5.577630288898945,39.98
5.579322285950184,39.97
5.580980151891708,39.98
5.582643270492554,26.43
5.590242732316256,-45.78
5.597988955676556,39.97
5.599661834537983,39.98
5.601334974169731,39.98
5.603001266717911,39.98
5.6046667620539665,39.98
5.6063400991261005,39.97
5.607989173382521,39.98
5.609630811959505,39.98
5.611308887600899,39.98
5.613010786473751,124.76
5.614633060991764,39.97
5.616266280412674,39.98
5.61796236038208,39.99
5.619673192501068,39.98
5.621265489608049,39.98
5.6229987889528275,100.2
5.624557636678219,39.98
5.626335896551609,39.97
5.627983905375004,39.97
5.629616525024176,39.97
5.631342515349388,39.97
5.632985591888428,39.98
5.634668331593275,39.97
5.6363291293382645,39.97
5.6379799619317055,39.97
5.639665983617306,39.98
5.6412716917693615,39.98
5.643003165721893,39.98
5.6446328684687614,39.98
5.6462671905756,39.98
5.647966746240854,39.98
5.649651899933815,39.98
5.651310030370951,39.98
5.652988646179438,39.98
5.654653888195753,39.97
5.656338308006525,39.98
5.657986376434565,39.98
5.659625343978405,39.98
5.661294847726822,39.97
5.663013447076082,39.96
5.664669916033745,39.97
5.666327707469463,39.97
5.667991254478693,39.97
5.669656779617071,39.97
5.671279922127724,39.97
5.673006653785706,39.97
5.67466988787055,39.96
5.676280003041029,39.97
5.6779767498373985,39.97
5.679665639996529,39.98
5.681325811892748,39.97
5.68297316133976,39.98
5.684661153703928,39.96
5.686250656843185,39.97
5.687968030571938,39.97
5.6896645575761795,39.97
5.691343907266855,39.97
5.692999139428139,39.97
5.694635514169931,39.97
5.696338664740324,39.96
5.697983995079994,39.97
5.6996694058179855,39.97
5.701347339898348,39.97
5.702952053397894,39.96
5.704865410923958,39.96
5.7062704637646675,39.97
5.708006516098976,39.97
5.709649804979563,39.97
5.711316779255867,39.96
5.712997056543827,39.97
5.714656561613083,39.97
5.716338261961937,39.96
5.717931039631367,39.96
5.719618573784828,39.98
5.721313077956438,39.98
5.72299724817276,39.95
5.72466029971838,232.48
5.726229507476091,124.73
5.7279878705739975,232.77
5.72966517880559,232.29
5.731343977153301,232.91
5.73301412910223,232.38
5.734631706029177,233.06
5.736267603933811,39.96
5.737951539456844,232.58
5.739671729505062,232.86
5.741335477679968,232.29
5.74300554767251,233.1
5.744667559862137,233.06
5.746308993548155,233.92
5.748073980212212,234.4
5.749656658619642,233.54
5.751319069415331,232.0
5.753002688288689,232.77
5.754661478102207,232.67
5.756246604025364,233.25
5.757992431521416,233.63
5.759664751589298,233.2
5.761322014033794,233.1
5.762941036373377,233.44
5.764638535678387,232.96
5.766267579048872,233.68
5.767982464283705,233.87
5.769622795283794,233.68
5.771317962557077,233.25
5.773003987967968,233.2
5.774648256599903,232.91
5.776287842541933,232.77
5.778020493686199,232.53
5.779676832258701,232.58
5.781326897442341,233.2
5.783018685877323,232.53
5.784668140113354,231.81
5.7863356322050095,233.25
5.787951517850161,231.81
5.789654761552811,233.34
5.791311264038086,231.81
5.792992811650038,232.38
5.794673766940832,233.54
5.796352542936802,232.58
5.797974810004234,231.81
5.799666482955217,232.96
5.80127726867795,232.38
5.803012020885944,231.81
5.8046531714499,232.77
5.806339219212532,233.1
5.807938151061535,233.2
5.809668209403753,232.0
5.811342854052782,233.06
5.812960512936115,233.25
5.814653031527996,232.86
5.8163339123129845,232.91
5.817997198551893,232.67
5.819666516035795,232.77
5.821258641779423,233.34
5.822890233248472,232.96
5.824604284018278,232.38
5.826340548694134,232.29
5.827930215746164,233.2
5.82960557192564,232.1
5.831373043358326,232.29
5.832932122051716,232.48
5.834670566022396,232.77
5.836337763816118,232.19
5.837990548461676,233.1
5.839665908366442,232.38
5.841337542980909,232.29
5.843017961829901,232.29
5.844671294093132,232.19
5.846349224448204,232.19
5.848019994795322,233.25
5.849668014794588,232.48
5.851335808634758,232.19
5.853010427206755,232.38
5.854670245200396,232.0
5.856245402246714,232.19
5.858000755310059,232.67
5.8596759513020515,233.2
5.861337289214134,232.96
5.86301002278924,232.19
5.864672549068928,232.1
5.866346620023251,231.81
5.86800267919898,233.15
5.869672443717718,231.81
5.871223080903292,231.81
5.87299332395196,231.81
5.874652907252312,232.86
5.876351237297058,232.19
5.878008496016264,233.1
5.879668042063713,233.1
5.881340954452753,231.81
5.883001826703548,232.29
5.884608745574951,232.58
5.886341206729412,232.38
5.888006579130888,233.32
5.889554966241121,232.1
5.891319073736668,232.29
5.892983995378017,232.48
5.894636705517769,233.44
5.896341670304537,233.34
5.8979093842208385,232.53
5.899679332971573,232.58
5.901339955627918,233.1
5.903021771460772,233.73
5.9046439081430435,233.87
5.90634410828352,233.63
5.908009894192219,233.68
5.909659303724766,233.44
5.9113398268818855,234.02
5.913019806146622,233.44
5.914671819657087,232.19
5.916291367262602,232.86
5.9179322980344296,233.44
5.919677555561066,232.96
5.921466611325741,232.96
5.922885742038488,233.68
5.92466851323843,233.54
5.926344089210033,233.97
5.927994195371866,234.02
5.929668866097927,233.44
5.931333530694246,233.97
5.933011446148157,233.54
5.934679102152586,234.02
5.936326872557402,233.44
5.937959462404251,233.82
5.939684223383665,233.73
5.941269721835852,234.21
5.942973207682371,234.11
5.9446438774466515,233.34
5.946345210075378,234.06
5.94800828024745,234.11
5.949660576879978,234.54
5.951326575130224,234.3
5.952925700694323,234.35
5.954655319452286,234.11
5.956333942711353,234.26
5.957975495606661,233.73
5.959826044738293,233.44
5.961342558264732,233.68
5.962995484471321,233.44
5.96467974036932,234.47
5.966352127492428,233.82
5.968010392040014,234.35
5.96967039629817,234.11
5.9713413417339325,234.3
5.973004341125488,234.11
5.974684912711382,234.4
5.976241312921047,234.21
5.977888096123934,234.21
5.9796692952513695,234.26
5.981346823275089,234.02
5.982883974909782,233.34
5.984683606773615,233.97
5.986346367746592,234.54
5.987997334450483,234.74
5.9896152429282665,234.3
5.991319488734007,234.69
5.99299918115139,234.11
5.994667362421751,234.4
5.996359076350927,234.11
5.998012971132994,233.73
5.999659959226847,232.58
6.001345731317997,233.68
6.003002151846886,233.54
6.004647690802813,233.63
6.006274785846472,231.81
6.008047830313444,232.29
6.009672310203314,232.19
6.0113373175263405,232.1
6.013005763292313,231.81
6.014663390815258,231.81
6.016329377889633,231.81
6.018015138804913,231.81
6.019649360328913,233.25
6.021272372454405,231.81
6.022966265678406,233.06
6.024644333869219,232.58
6.026254214346409,232.53
6.028007827699184,39.95
6.034866910427809,287.32
6.036621350795031,288.24
6.038251977413893,287.9
6.039909593760967,287.42
6.041624318808317,287.32
6.043285351246595,287.42
6.044955030083656,287.13
6.046599105000496,287.9
6.04831163957715,287.51
6.049956660717726,287.13
6.051610551774502,290.13
6.053296096622944,287.13
6.054929628968239,287.51
6.056639526039362,287.61
6.058255083858967,287.51
6.059933438897133,287.42
6.061630729585886,287.9
6.063396833837032,288.19
6.064878456294537,287.42
6.06655029207468,290.08
6.068332694470882,290.11
6.069974806159735,290.19
6.071590214967728,287.42
6.0732972882688046,287.13
6.074975583702326,287.32
6.076635327190161,287.13
6.078302714973688,287.42
6.079953733831644,287.13
6.081586260348558,287.13
6.0833049193024635,287.85
6.084969401359558,287.8
6.086633212864399,287.51
6.0883049219846725,287.8
6.089964125305414,290.06
6.091622963547707,290.08
6.093264140188694,287.71
6.094977241009474,290.18
6.096612278372049,290.06
6.098209027200937,287.71
6.0999665558338165,287.13
6.101583857089281,287.61
6.103282127529383,287.13
6.104933373630047,287.8
6.106640491634607,287.32
6.108247626572847,287.13
6.109915342181921,287.51
6.111617352813482,287.13
6.113270107656717,287.13
6.1149563528597355,287.71
6.116625998169184,38.32
6.118216905742884,287.71
6.119949646294117,287.13
6.121641673147678,288.19
6.123274717479944,288.09
6.124927148222923,287.8
6.126564264297485,290.11
6.128264330327511,287.71
6.1299264915287495,290.11
6.1316374614834785,287.51
6.1332675367593765,287.71
6.134970147162676,287.71
6.1365696005523205,287.61
6.138310555368662,287.85
6.139986038208008,287.71
6.141590364277363,287.9
6.143244255334139,287.51
6.1449034959077835,288.09
6.146596502512693,287.9
6.148346874862909,287.51
6.149863105267286,287.42
6.151656646281481,288.09
6.15330908074975,287.61
6.154956512153149,287.51
6.1565616726875305,287.71
6.158302873373032,287.61
6.159963674843311,289.87
6.161624982953072,287.61
6.16326566785574,287.42
6.1649342849850655,287.42
6.1666298024356365,287.8
6.168204139918089,287.71
6.1699759513139725,288.28
6.171635765582323,288.24
6.173246152698994,288.24
6.174975160509348,287.9
6.176641184836626,287.71
6.178253389894962,287.13
6.179965306073427,287.9
6.181582931429148,287.61
6.1832690834999084,288.24
6.184949152171612,288.57
6.18663052469492,287.99
6.188275892287493,287.61
6.189967766404152,287.71
6.191643133759499,288.28
6.193301539868116,288.09
6.194973550736904,287.9
6.196606568992138,288.09
6.198305528610945,287.9
6.199927646666765,288.24
6.20159775018692,288.09
6.20306957885623,287.99
6.204978805035353,287.13
6.20663483440876,288.09
6.208273269236088,288.19
6.209956668317318,287.99
6.211593691259623,287.99
6.213296763598919,287.99
6.214906066656113,288.09
6.216628018766642,287.13
6.218295160681009,287.61
6.21997170522809,287.13
6.221633702516556,288.24
6.223300185054541,288.64
6.22503525018692,288.48
6.226625073701143,288.57
6.228306893259287,288.52
6.229846823960543,91.72
6.2316125482320786,288.52
6.233225889503956,287.9
6.234888672828674,287.71
6.236642632633448,288.28
6.238319594413042,288.38
6.2399061396718025,288.38
6.241563778370619,288.38
6.243298463523388,287.71
6.244868256151676,288.09
6.246657691895962,288.48
6.248289719223976,287.13
6.249936368316412,287.71
6.251554995775223,287.99
6.253219306468964,287.9
6.254882823675871,287.13
6.256576873362064,287.71
6.258299060165882,287.9
6.25993562489748,288.43
6.261543706059456,288.28
6.263262312859297,288.28
6.264963645488024,287.13
6.266598012298346,288.28
6.268250230699778,288.62
6.269944731146097,288.57
6.271631270647049,288.62
6.273302119225264,287.13
6.274968333542347,290.11
6.276598405092955,287.13
6.278263319283724,287.99
6.2799398601055145,288.09
6.281608823686838,290.92
6.283283896744251,93.2
6.284962970763445,289.44
6.286564569920301,-2.38
6.293919265270233,231.81
6.2954921163618565,232.77
6.297223437577486,238.85
6.2988766841590405,124.69
6.300530377775431,124.69
6.307339657098055,-45.77
6.31511278450489,39.95
6.316760402172804,122.1
6.32433445006609,-45.86
6.332087904214859,123.09
6.339857459068298,287.61
6.341391254216433,287.32
6.3431845009326935,287.13
6.344827577471733,287.99
6.346512831747532,287.61
6.348184313625097,91.15
6.349859811365604,287.51
6.351550951600075,287.42
6.353212345391512,287.13
6.354884911328554,290.11
6.356582872569561,290.01
6.358217217028141,290.11
6.3597932159900665,290.01
6.361525151878595,287.13
6.363206319510937,290.06
6.364874769002199,287.13
6.366526909172535,289.68
6.368210524320602,290.16
6.369902662932873,287.13
6.3715503588318825,287.32
6.373222470283508,290.13
6.374821022152901,287.32
6.376463908702135,290.11
6.378214277327061,289.87
6.379888851195574,287.61
6.381550624966621,122.81
6.383255265653133,-2.31
6.390632953494787,39.95
6.392291989177465,39.96
6.3939891718328,39.96
6.395640004426241,232.19
6.397306229919195,39.96
6.39900366961956,39.95
6.400642409920692,39.96
6.402321487665176,39.96
6.403960287570953,39.95
6.405652452260256,39.95
6.407279931008816,39.95
6.408998034894466,39.95
6.410609260201454,39.95
6.412285789847374,39.95
6.4139630645513535,39.95
6.415657460689545,39.95
6.417272355407476,39.96
6.418951317667961,39.95
6.420669633895159,39.95
6.422329690307379,39.95
6.423957817256451,39.95
6.4256545305252075,39.94
6.427328918129206,39.94
6.428946532309055,39.95
6.430811177939177,39.95
6.432289339601994,39.95
6.433951310813427,39.95
6.435621473938227,39.96
6.437260515987873,39.96
6.438996095210314,39.96
6.4406613409519196,39.97
6.442315727472305,39.97
6.44387748837471,39.94
6.445650339126587,39.95
6.447276186197996,39.96
6.4489832147955894,39.96
6.450613345950842,39.96
6.452288415282965,39.95
6.453970227390528,39.95
6.455668769776821,39.95
6.457336075603962,39.95
6.459003698080778,39.95
6.460621848702431,39.94
6.4622810035943985,39.95
6.463994465768337,38.64
6.471551094204187,-45.76
6.479350596666336,39.96
6.481001872569323,39.95
6.482630684971809,39.95
6.484372489154339,39.95
6.485970534384251,39.95
6.4877007342875,39.94
6.489321421831846,39.95
6.4910310767591,39.95
6.492695953696966,124.85
6.494327753782272,39.96
6.4960385374724865,39.96
6.497669879347086,229.4
6.504329863935709,40.19
6.512099355459213,-45.77
6.519784428179264,39.94
6.5214788392186165,39.94
6.5230928137898445,39.94
6.524819292128086,39.95
6.526415508240461,39.95
6.528142511844635,39.94
6.529842793941498,39.92
6.5314559526741505,39.94
6.533085312694311,39.95
6.534819204360247,39.94
6.536476332694292,39.95
6.538082525134087,39.96
6.539777003228664,39.95
6.541439712047577,39.96
6.5431610979139805,39.96
6.5448154509067535,39.96
6.546455509960651,39.96
6.548115395009518,39.96
6.54971157386899,39.96
6.5515001229941845,39.96
6.55316611006856,39.96
6.554835818707943,39.95
6.556499652564526,39.95
6.558128137141466,39.96
6.55982368439436,39.96
6.561480276286602,39.95
6.563085034489632,39.96
6.56482220813632,39.95
6.5664874613285065,39.95
6.5681812427937984,39.95
6.569826774299145,39.95
6.571498606353998,39.96
6.573086861521006,39.95
6.574763648211956,39.95
6.57642026245594,39.96
6.578126557171345,39.96
6.5797442346811295,39.95
6.5816700756549835,39.96
6.583083044737577,39.95
6.584817219525576,39.95
6.586469572037458,39.95
6.588155515491962,39.95
6.589828830212355,39.95
6.591467697173357,39.95
6.5931143797934055,39.96
6.594810698181391,39.96
6.5964784398674965,39.96
6.598090093582869,39.96
6.599786881357431,39.96
6.601503137499094,39.96
6.603170290589333,39.96
6.604722160845995,39.97
6.606500938534737,39.96
6.608115065842867,39.96
6.609824683517218,39.96
6.611437626183033,39.96
6.61310038715601,39.97
6.61482810229063,39.96
6.616458345204592,39.96
6.6181617602705956,233.01
6.6198468543589115,233.54
6.621462915092707,233.54
6.6231766156852245,39.94
6.624981705099344,231.9
6.62646558880806,241.72
6.633741442114115,293.49
6.6354553289711475,123.09
6.637124195694923,40.2
6.644357722252607,-45.82
6.652184255421162,124.68
6.659908622503281,40.09
6.667677212506533,-47.05
6.675429597496986,233.7
6.6782751604914665,234.76
6.679952338337898,232.19
6.68157596513629,233.2
6.68325500190258,233.3
6.684937350451946,232.96
6.686628948897123,232.53
6.688275311142206,232.67
6.689892668277025,232.67
6.691620878875256,232.53
6.693261992186308,287.39
6.700403433293104,-46.27
6.708102121949196,39.95
6.709797877818346,39.95
6.7114900611341,39.95
6.713161200284958,39.96
6.714924555271864,39.96
6.716472290456295,39.95
6.7181218303740025,39.95
6.719760041683912,39.94
6.721461120992899,39.95
6.723146483302116,39.95
6.724815592169762,39.95
6.726478032767773,39.95
6.728023052215576,39.96
6.729703925549984,39.97
6.7314351089298725,39.96
6.73314955085516,39.97
6.734800525009632,39.96
6.73638803511858,39.97
6.738151177763939,39.97
6.739764057099819,39.97
6.741416111588478,39.97
6.743114020675421,39.96
6.744809065014124,39.97
6.746481370180845,39.97
6.748060382902622,39.97
6.749730192124844,39.97
6.751759748905897,39.97
6.753164611756802,39.98
6.754806000739336,39.98
6.756494529545307,39.97
6.758139509707689,39.97
6.759812951087952,39.97
6.7614713460206985,39.97
6.763100270181894,39.96
6.764826625585556,232.48
6.766467250883579,94.36
6.768129948526621,294.36
6.774734307080507,-45.97
6.782479554414749,38.4
6.784147851169109,290.56
6.785826209932566,233.04
6.787487488240004,291.22
6.79454829916358,27.56
6.796210467815399,26.07
6.797855738550425,122.0
6.805158227682114,39.97
6.806771460920572,293.52
6.814298395067453,-46.11
6.82210249081254,125.03
6.8298688642680645,-45.81
6.837544422596693,39.93
6.839251603931189,97.5
6.846779767423868,-45.77
6.854537792503834,40.2
6.856191344559193,125.19
6.857855826616287,40.18
6.86515935510397,-45.77
6.872893452644348,39.95
6.874569222331047,39.94
6.876228675246239,39.9
6.877837244421244,39.89
6.879547990858555,124.6
6.886340722441673,-9.07
6.894149266183376,240.74
6.901909667998552,40.13
6.903563588857651,-2.34
6.911066502332687,39.91
6.9127364084124565,40.1
6.914413940161467,39.91
6.91609600931406,239.49
6.923138525336981,287.71
6.924765232950449,288.14
6.932304989546537,39.89
6.933966055512428,39.89
6.935619305819273,39.9
6.9372863583266735,39.91
6.93896558880806,39.91
6.940658256411552,124.62
6.947257578372955,-45.88
6.948878977447748,-45.92
6.95049337297678,-45.78
6.957870714366436,39.91
6.9594848938286304,39.9
6.961147587746382,124.62
6.96286728605628,241.11
6.964505545794964,232.0
6.966145820915699,231.81
6.96778903529048,290.02
6.974233075976372,-45.82
6.98197765648365,233.34
6.983637720346451,232.48
6.98529951646924,233.68
6.986971121281385,234.02
6.988599468022585,232.67
6.990309547632933,234.5
6.991963990032673,232.58
6.993644814938307,232.0
6.995267480611801,232.29
6.99688233435154,232.67
6.998651552945375,232.19
7.000308722257614,232.0
7.001982755959034,233.25
7.003628354519606,232.29
7.005330644547939,233.3
7.006978828459978,231.57
7.008653484284878,233.3
7.010324787348509,232.96
7.011940248310566,233.06
7.013658732175827,231.76
7.01524617895484,232.1
7.016996040940285,232.29
7.0186697691679,232.38
7.0203008353710175,231.81
7.021972466260195,231.59
7.023668445646763,233.2
7.025312330573797,232.0
7.02698415890336,232.1
7.028658032417297,232.58
7.030438374727964,232.96
7.031991899013519,233.1
7.033649317920208,232.38
7.03531339392066,231.81
7.0369492918252945,232.38
7.03862813860178,231.81
7.040319807827473,232.29
7.042000088840723,232.1
7.043646287173033,231.81
7.045244336128235,232.77
7.046932343393564,232.96
7.048643980175257,233.32
7.050280153751373,232.77
7.051992744207382,232.38
7.053649358451366,233.25
7.055247139185667,232.96
7.056980196386576,231.81
7.058607958257198,232.19
7.060323428362608,232.58
7.061974484473467,232.96
7.063619337975979,232.48
7.065309781581163,232.29
7.066997397691011,233.1
7.068635765463114,232.67
7.070280555635691,232.67
7.071968894451857,232.0
7.0736616887152195,232.91
7.075325019657612,232.53
7.0769756361842155,232.58
7.07862313836813,232.96
7.080309849232435,232.67
7.081972386687994,233.06
7.083607643842697,232.91
7.085308492183685,232.77
7.086939103901386,233.06
7.088649909943342,232.86
7.090296369045973,232.96
7.0919420048594475,233.34
7.093615759164095,233.68
7.0952989384531975,233.63
7.096946429461241,233.87
7.098614998161793,233.06
7.100306190550327,232.0
7.101998273283243,233.73
7.103667285293341,232.91
7.105297341942787,232.29
7.106955964118242,232.29
7.108646593987942,232.29
7.110306963324547,232.53
7.111958507448435,232.77
7.113633796572685,232.48
7.115329742431641,233.25
7.116981245577335,233.34
7.118631012737751,233.34
7.1202998869121075,232.91
7.1219696663320065,233.25
7.123663198202848,233.25
7.125708717852831,232.38
7.1269786693155766,233.3
7.128660149872303,233.25
7.130328580737114,232.19
7.131990555673838,231.81
7.133660037070513,233.34
7.135287798941135,232.86
7.1370007656514645,232.96
7.1386469304561615,233.63
7.140275929123163,233.2
7.141984235495329,233.2
7.143612019717693,233.44
7.145320378243923,233.54
7.146940931677818,233.2
7.148655503988266,233.54
7.1503148674964905,233.54
7.151979848742485,232.96
7.1536501087248325,233.34
7.155293922871351,233.68
7.15694447979331,233.44
7.158638518303633,233.68
7.160325147211552,233.54
7.161968138068914,232.96
7.16362938284874,232.96
7.165281672030687,233.34
7.167033173143864,232.58
7.168623760342598,233.82
7.170277945697308,232.58
7.171996161341667,233.15
7.173591390252113,233.1
7.175216641277075,232.19
7.176900431513786,232.53
7.178636956959963,233.06
7.18032056465745,232.96
7.181991022080183,233.06
7.183645762503147,233.3
7.1853100918233395,233.32
7.186936356127262,232.53
7.188585631549358,232.96
7.190322604030371,232.58
7.1919806599617,232.38
7.193591944873333,232.38
7.1953021213412285,232.67
7.196995422244072,232.67
7.198646709322929,232.77
7.2003170400857925,232.48
7.2019130028784275,232.19
7.203601382672787,231.81
7.205319218337536,232.67
7.206906273961067,232.96
7.208671793341637,232.67
7.210265409201384,233.1
7.21195425093174,232.1
7.2135893031954765,232.1
7.215288862586021,232.77
7.216923512518406,233.25
7.218648586422205,232.58
7.2203314155340195,232.96
7.221987776458263,233.15
7.223575219511986,231.81
7.225316230207682,232.29
7.226996157318354,232.77
7.228650793433189,233.34
7.230325881391764,232.19
7.231895327568054,232.67
7.233562868088484,232.91
7.235280655324459,233.1
7.237000871449709,232.58
7.238574348390102,232.91
7.240299232304096,232.38
7.241991072893143,232.96
7.2436725832521915,232.96
7.2453213185071945,232.58
7.246895931661129,232.86
7.248585768043995,232.96
7.2503148056566715,231.62
7.251993667334318,233.25
7.253624320030212,232.77
7.2552518136799335,232.96
7.256878305226564,232.91
7.258642360568047,232.1
7.260305918753147,231.81
7.261988997459412,231.69
7.263583302497864,232.96
7.265307128429413,233.25
7.266996167600155,231.81
7.268665872514248,294.06
7.2703292444348335,39.91
7.271973799914122,124.64
7.273637302219868,39.98
7.275249548256397,40.11
7.276986386626959,40.2
7.278597746044397,40.22
7.280261132866144,40.22
7.281995601952076,40.24
7.283663101494312,40.21
7.285258691757917,40.17
7.286969345062971,40.12
7.2886384800076485,40.08
7.290324047207832,39.98
7.291974455118179,39.95
7.2936410419642925,39.96
7.295310385525227,39.95
7.297109015285969,39.95
7.298666138201952,39.96
7.300318967550993,39.95
7.301980745047331,39.95
7.303677007555962,39.95
7.305258110165596,39.96
7.306980688124895,39.96
7.308646433055401,39.95
7.310332112014294,39.95
7.311914347112179,39.96
7.313642725348473,39.95
7.315313283354044,39.96
7.316938981413841,39.95
7.318660773336887,39.95
7.320274133235216,39.95
7.321985751390457,39.95
7.3236475214362144,39.96
7.325323581695557,39.96
7.326988808810711,39.96
7.3286425322294235,39.96
7.3303282260894775,39.95
7.331964805722237,39.96
7.333562713116407,39.96
7.335287995636463,231.81
7.336971204727888,232.48
7.338648125529289,232.58
7.340332809835672,232.77
7.341993737965822,225.76
7.343567777425051,232.19
7.345275644212961,232.58
7.34700145944953,294.81
7.3493547439575195,123.15
7.351045086979866,232.19
7.352677628397942,233.34
7.355160024017096,233.1
7.356764227151871,233.13
7.358488857746124,232.67
7.360143568366766,232.14
7.367214627563953,288.52
7.368780832737684,288.09
7.370521489530802,287.13
7.372158277779818,288.09
7.373861093074083,288.19
7.3755244091153145,288.28
7.37716456875205,288.43
7.378869071602821,288.24
7.380501538515091,97.64
7.387843802571297,-47.02
7.395624566823244,39.98
7.397274889051914,39.98
7.398954890668392,39.98
7.400626327842474,39.98
7.402277518063784,39.98
7.403938248753548,39.98
7.405592635273933,39.98
7.4072881154716015,39.99
7.408904753625393,39.99
7.4105460569262505,39.98
7.412283461540937,39.98
7.413948383182287,39.98
7.415614292025566,39.98
7.417226064950228,39.98
7.418946951627731,39.98
7.420586917549372,39.98
7.422276332974434,39.98
7.423952970653772,39.98
7.425661828368902,39.98
7.427268125116825,39.98
7.4289479702711105,39.98
7.430537544190884,39.97
7.432262998074293,39.97
7.433851853013039,39.98
7.435504745692015,39.98
7.437257252633572,39.97
7.438959151506424,39.98
7.4406110271811485,39.98
7.442229226231575,39.97
7.443948667496443,39.97
7.445530075579882,39.97
7.447178769856691,39.98
7.448946747928858,39.98
7.4506166353821754,39.97
7.452263105660677,39.97
7.453969735652208,39.96
7.455610707402229,39.97
7.457261301577091,39.97
7.458942372351885,39.96
7.460618060082197,39.96
7.4622776582837105,39.96
7.463939677923918,39.97
7.465601995587349,39.97
7.467202011495829,39.98
7.46887943893671,39.97
7.470613785088062,39.97
7.472282491624355,39.98
7.473952308297157,39.98
7.475593090057373,39.98
7.477253515273333,39.98
7.4788862727582455,39.99
7.480546798557043,39.99
7.482281073927879,39.98
7.483942214399576,39.97
7.485546629875898,39.97
7.487266134470701,39.98
7.4889125265181065,39.98
7.490521881729364,39.99
7.49228547886014,39.98
7.493904013186693,124.76
7.500889290124178,-45.73
7.508711323142052,232.77
7.510348189622164,232.1
7.511990290135145,232.86
7.513700965791941,232.77
7.515350561589003,233.06
7.517032165080309,232.29
7.518703930079937,234.09
7.520251862704754,235.36
7.522041622549295,235.94
7.523679748177528,234.35
7.525374762713909,234.88
7.526928286999464,233.82
7.528697054833174,232.0
7.53025022521615,231.81
7.532029967755079,231.81
7.533632591366768,232.77
7.53528818488121,234.5
7.537026979029179,233.73
7.538660753518343,234.59
7.540272776037455,234.69
7.5419589057564735,231.81
7.543701007962227,234.59
7.545334719121456,234.11
7.547012630850077,234.69
7.548654116690159,232.77
7.550371058285236,234.35
7.551977675408125,234.35
7.553590815514326,233.73
7.555340096354485,233.73
7.557019095867872,234.5
7.558704666793346,234.47
7.5603044629096985,232.29
7.561943955719471,234.59
7.563768785446882,234.69
7.565685540437698,234.21
7.567036435008049,232.38
7.568662229925394,232.77
7.570319801568985,233.68
7.571969993412495,230.8
7.573592651635408,226.81
7.5753360986709595,232.0
7.576957806944847,232.1
7.578675910830498,227.05
7.580295335501432,232.0
7.581980172544718,124.72
7.5896406173706055,-45.96
7.591286983340979,-45.77
7.598833981901407,39.94
7.600480496883392,39.94
7.602110218256712,39.94
7.603710256516933,39.95
7.6054367534816265,124.81
7.6123172752559185,-45.88
7.615186795592308,-45.78
7.616841346025467,-45.7
7.6184920854866505,-45.6
7.620158653706312,-45.45
7.621958687901497,-45.43
7.623512856662273,-45.45
7.630104284733534,124.72
7.631755545735359,91.4
7.63343707844615,39.95
7.634982664138079,39.97
7.6367472521960735,39.96
7.638423208147287,295.37
7.644961070269346,-45.77
7.652745436877012,39.96
7.654377818107605,39.96
7.656057607382536,39.95
7.657781187444925,39.96
7.659445885568857,39.96
7.661086585372686,39.96
7.6627295054495335,39.97
7.664359785616398,39.97
7.6661184802651405,39.96
7.667721673846245,39.97
7.66945581138134,39.98
7.671036675572395,39.97
7.672769341617823,39.97
7.6743974313139915,39.96
7.67604872584343,39.96
7.677721224725246,39.97
7.679439902305603,39.97
7.68107371032238,39.97
7.68272152915597,39.96
7.6844278164207935,39.97
7.686059702187777,39.97
7.687730107456446,39.97
7.689442873001099,39.97
7.691109828650951,39.97
7.6927405372262,39.97
7.694451194256544,39.97
7.696085453033447,39.97
7.6977754309773445,39.97
7.699419930577278,39.97
7.701109427958727,39.97
7.702784515917301,39.97
7.704449042677879,39.97
7.7061185874044895,39.97
7.707787547260523,39.98
7.709442224353552,39.17
7.71110899746418,39.98
7.7127761617302895,233.44
7.714447394013405,233.44
7.716116718947887,228.15
7.723663106560707,-2.29
7.731412384659052,321.4
7.7391706593334675,-47.63
7.7408240512013435,-47.73
7.742484912276268,-47.12
7.7441466152668,-46.99
7.745828956365585,-46.62
7.747483268380165,-46.28
7.754076521843672,-45.29
7.761835526674986,39.96
7.763502616435289,39.96
7.765151984989643,39.94
7.766780760139227,39.95
7.768479146063328,39.96
7.770167775452137,39.95
7.771853927522898,234.83
7.7735140435397625,294.28
7.780987873673439,-45.72
7.788813017308712,39.97
7.79049389436841,39.96
7.792160589247942,39.96
7.793834447860718,39.96
7.795447144657373,39.96
7.797120615839958,39.98
7.798771820962429,39.97
7.800442222505808,39.95
7.802096217870712,39.95
7.803773254156113,93.69
7.805497035384178,233.25
7.807167939841747,232.96
7.8087688237428665,230.75
7.810439508408308,233.3
7.812138389796019,234.21
7.81376738846302,233.54
7.815508019179106,232.67
7.817100148648024,233.06
7.818966556340456,234.59
7.820539474487305,232.19
7.8223126865923405,231.81
7.823936026543379,231.81
7.825621463358402,233.1
7.827299140393734,233.3
7.828968238085508,232.48
7.830614488571882,233.34
7.832301955670118,232.67
7.833954360336065,232.19
7.835669461637735,232.1
7.837285898625851,232.91
7.838962577283382,232.19
7.840639319270849,234.69
7.842299103736877,232.58
7.843942366540432,234.76
7.845609433948994,232.48
7.84730402007699,234.02
7.848949398845434,232.0
7.850641816854477,228.73
7.8522919453680515,234.21
7.853977598249912,234.26
7.85562988743186,232.29
7.857309114187956,293.61
7.864014096558094,-2.32
7.8717441484332085,39.93
7.873424757272005,39.94
7.875102046877146,39.94
7.876740898936987,39.94
7.878406099975109,39.95
7.880092464387417,39.94
7.881753768771887,39.94
7.8833375461399555,39.95
7.885108318179846,39.94
7.886770665645599,234.06
7.888330176472664,234.59
7.889989987015724,234.11
7.891756009310484,319.93
7.893435817211866,228.23
7.895014975219965,234.3
7.896749269217253,234.35
7.8984203562140465,234.54
7.900440242141485,39.94
7.902134634554386,39.95
7.903785269707441,39.95
7.905443213880062,39.95
7.907134938985109,124.71
7.913953568786383,-45.9
7.91682006046176,-45.66
7.924565959721804,39.94
7.926154017448425,295.16
7.933764073997736,-45.96
7.935436055064201,-45.9
7.942836564034224,-44.81
7.944585129618645,-44.81
7.9462682865560055,-44.81
7.947860632091761,-44.81
7.949568722397089,-44.81
7.95128533616662,-44.81
7.952969942241907,-44.81
7.954623535275459,-44.81
7.956273727118969,-44.81
7.957887090742588,-44.81
7.959574107080698,-44.81
7.961211312562227,-44.81
7.962900195270777,-44.81
7.964526355266571,-44.81
7.966212656348944,-44.81
7.967942450195551,-44.81
7.969575982540846,-44.81
7.971240904182196,-44.81
7.972963519394398,-44.81
7.974578820168972,-44.81
7.976246263831854,-44.81
7.977950565516949,-44.81
7.979626800864935,-44.81
7.981278765946627,-44.81
7.982965849339962,-44.81
7.984623402357101,-44.81
7.986252464354038,-44.81
7.98790879920125,-44.81
7.989614278078079,-44.81
7.991293750703335,-44.81
7.993089530616999,-44.81
7.994650550186634,-44.81
7.996239703148603,-44.81
7.9979466907680035,-44.81
7.999573852866888,-44.81
8.001203708350658,-44.81
8.002957742661238,-44.81
8.004609435796738,-44.81
8.006272178143263,-44.81
8.007938411086798,-44.81
8.009560465812683,-44.81
8.01124519482255,-44.81
8.012965053319931,-44.81
8.014626435935497,-44.81
8.016281116753817,-44.81
8.017895989120007,-44.81
8.019592829048634,-44.81
8.021251253783703,-44.81
8.022922821342945,-44.81
8.024550810456276,-44.81
8.0261937007308,-44.81
8.027860064059496,-44.81
8.029616110026836,-44.81
8.031275432556868,-44.81
8.032944325357676,-44.81
8.034612245857716,-44.81
8.03637132793665,-44.81
8.037930373102427,-44.81
8.039605118334293,-44.81
8.041291736066341,-44.81
8.042951129376888,-44.81
8.044587753713131,-44.81
8.046266473829746,-44.81
8.04795940220356,-44.81
8.049608163535595,-44.81
8.051272548735142,-44.81
8.052952378988266,-44.81
8.05463219806552,-44.81
8.056235153228045,-44.81
8.057915214449167,-44.81
8.059627715498209,-44.81
8.061251390725374,-44.81
8.062895186245441,-44.81
8.064614180475473,-44.81
8.066271860152483,-44.81
8.067946437746286,-44.81
8.069604486227036,-44.81
8.071214627474546,-44.81
8.072960745543242,-44.81
8.074629936367273,-44.81
8.076267760246992,-44.81
8.07796884700656,-44.81
8.07975497841835,-45.24
8.087027322500944,316.43
8.088684469461441,320.36
8.090353418141603,312.87
8.091998260468245,314.79
8.09368622303009,139.0
8.100509881973267,-45.71
8.108256828039885,39.92
8.109874349087477,39.92
8.111609622836113,39.93
8.113282687962055,39.93
8.114874634891748,39.93
8.116599593311548,39.93
8.118281077593565,39.92
8.119903847575188,39.93
8.121603850275278,39.93
8.123264111578465,232.48
8.124938145279884,233.34
8.126556042581797,233.1
8.128254014998674,232.96
8.12994109466672,232.77
8.131578035652637,232.91
8.13323175162077,233.54
8.13494486361742,231.81
8.136600982397795,233.25
8.138282001018524,232.67
8.139818720519543,233.87
8.141593221575022,233.73
8.143259290605783,39.93
8.144931834191084,39.92
8.146613255143166,39.92
8.14820060506463,39.92
8.149888888001442,39.93
8.15156176686287,39.92
8.153246909379959,39.93
8.154889985918999,39.93
8.15657052770257,233.68
8.158169765025377,234.11
8.159906297922134,233.34
8.16161347925663,233.73
8.163278732448816,233.54
8.164948493242264,233.34
8.16656580939889,233.63
8.168275322765112,233.97
8.169902447611094,233.73
8.171626258641481,233.92
8.173273645341396,233.87
8.17488307505846,233.54
8.176594901829958,233.54
8.178239271044731,233.82
8.17994912341237,233.1
8.181617893278599,232.77
8.183246575295925,233.34
8.184920400381088,233.34
8.186612583696842,233.97
8.188221745193005,233.97
8.189942575991154,233.63
8.19156027957797,233.3
8.19321821630001,232.48
8.194814905524254,231.76
8.196569669991732,231.42
8.198149621486664,226.76
8.199916888028383,226.57
8.201486688107252,232.77
8.203232564032078,233.06
8.204920094460249,233.54
8.20659028366208,290.9
8.20827255770564,39.92
8.209960997104645,39.92
8.211576264351606,39.92
8.213272824883461,39.91
8.214907959103584,124.61
8.222206749022007,-45.75
8.229921106249094,232.0
8.23162841051817,231.33
8.23319835588336,232.19
8.234891198575497,230.94
8.23658874630928,39.89
8.238291025161743,39.92
8.23994044214487,231.13
8.241632997989655,39.9
8.243292890489101,39.89
8.2449334487319,39.89
8.246615312993526,39.89
8.248270235955715,39.9
8.249963965266943,39.9
8.251590106636286,39.9
8.253285113722086,39.9
8.254963707178831,39.9
8.256591368466616,39.9
8.258227810263634,39.89
8.259942159056664,39.9
8.261529367417097,39.89
8.263216741383076,39.9
8.264931201934814,39.89
8.26655787602067,39.9
8.268200565129519,39.9
8.26996186003089,39.89
8.27159247547388,39.88
8.273290738463402,39.9
8.274964790791273,39.91
8.276620615273714,39.9
8.278273068368435,39.91
8.279915824532509,39.9
8.28163518384099,39.9
8.28329237923026,39.9
8.28494580835104,39.91
8.286613382399082,39.91
8.28825630992651,39.91
8.2899568118155,39.91
8.291626401245594,39.91
8.293254997581244,39.91
8.29495718702674,39.91
8.296612773090601,39.92
8.298238303512335,39.91
8.300251118838787,39.92
8.301535062491894,39.91
8.303242139518261,39.92
8.304946191608906,39.9
8.30661353841424,39.91
8.308219898492098,39.91
8.309936549514532,39.91
8.311628885567188,39.91
8.31327873468399,39.92
8.314950875937939,39.91
8.316636051982641,39.91
8.318181954324245,39.92
8.319906502962112,39.91
8.321583483368158,39.92
8.323275055736303,39.91
8.324942003935575,39.92
8.32663393765688,39.92
8.32829561829567,39.92
8.329947553575039,39.92
8.331613637506962,39.91
8.333297155797482,39.91
8.334952555596828,39.91
8.336611557751894,39.91
8.338299706578255,39.91
8.339917372912169,39.91
8.341628409922123,39.9
8.343296486884356,39.9
8.344852272421122,39.91
8.346520945429802,39.91
8.348285481333733,39.92
8.349946826696396,39.91
8.351640298962593,39.92
8.353306856006384,39.91
8.354960136115551,39.91
8.356617879122496,39.91
8.358266059309244,39.91
8.359954498708248,39.92
8.361626997590065,39.92
8.36328024417162,39.92
8.364917047321796,39.91
8.366600185632706,39.91
8.368288967758417,39.92
8.369956955313683,39.92
8.371604152023792,39.91
8.373297654092312,39.92
8.374914910644293,39.91
8.376617949455976,39.91
8.37841872498393,39.91
8.379897136241198,39.91
8.381563358008862,39.91
8.38328268751502,39.91
8.384937539696693,39.9
8.386597897857428,39.91
8.38827833533287,39.91
8.389897853136063,39.91
8.391617015004158,39.9
8.393285375088453,39.9
8.394914221018553,39.9
8.396624505519867,39.9
8.398283395916224,39.9
8.399963174015284,39.9
8.401627514511347,39.9
8.40325091779232,39.91
8.40496275946498,39.9
8.406610302627087,39.9
8.40825417637825,39.9
8.409958526492119,39.92
8.411633521318436,39.9
8.413275584578514,39.91
8.41495756059885,39.9
8.416598748415709,39.9
8.418303467333317,39.9
8.419952977448702,39.9
8.421553410589695,39.91
8.423298716545105,39.9
8.424931682646275,39.91
8.426543787121773,39.91
8.428249910473824,39.91
8.429853692650795,39.91
8.431615773588419,39.91
8.433275140821934,39.9
8.43488422036171,39.89
8.436645530164242,39.9
8.43821620196104,39.9
8.439962048083544,39.91
8.441586628556252,39.9
8.443290084600449,39.91
8.44489349424839,39.91
8.446627628058195,39.89
8.448276996612549,39.9
8.449934642761946,39.9
8.451617173850536,39.9
8.453266341239214,39.89
8.45493146032095,39.91
8.456630188971758,39.9
8.45828627049923,39.9
8.459874115884304,39.89
8.461568243801594,39.9
8.463285647332668,39.91
8.464929789304733,232.29
8.466514367610216,124.63
8.473059669137001,-45.75
8.48081225156784,290.25
8.48246992006898,231.35
8.484076827764511,232.0
8.48579590395093,232.77
8.487429156899452,232.58
8.4891356267035,232.19
8.490772802382708,233.25
8.492461636662483,232.77
8.494128681719303,233.06
8.495745658874512,231.33
8.497480232268572,231.8
8.499127425253391,232.38
8.500802345573902,232.86
8.502470046281815,231.81
8.504136428236961,231.78
8.505796298384666,39.9
8.507404211908579,39.91
8.509076319634914,39.92
8.510797131806612,39.91
8.512463975697756,39.91
8.51409786194563,39.9
8.515802390873432,232.38
8.517479702830315,232.38
8.519123122096062,232.58
8.520779501646757,231.74
8.522463835775852,232.0
8.524082064628601,232.1
8.525800194591284,232.36
8.527462393045425,228.74
8.534448944032192,288.86
8.536136884242296,288.76
8.53778151795268,288.28
8.539442591369152,288.67
8.541122231632471,288.38
8.542794145643711,287.85
8.544475503265858,-44.81
8.546107489615679,-44.81
8.5477273799479,-44.81
8.549501456320286,-44.81
8.551106572151184,-44.81
8.552776265889406,-44.81
8.554472722113132,-44.81
8.556124173104763,-44.81
8.557723496109247,-44.81
8.55944574251771,-44.81
8.561140935868025,-44.81
8.562763378024101,-44.81
8.564396429806948,-44.81
8.566122602671385,-44.81
8.567823894321918,-44.81
8.569485258311033,-44.81
8.571116730570793,-44.81
8.572783719748259,-44.81
8.574380822479725,-44.81
8.576157674193382,-44.81
8.57778375223279,-44.81
8.579448077827692,-44.81
8.581025201827288,-44.81
8.582766592502594,-44.81
8.58432836085558,-44.81
8.586133267730474,-44.81
8.587805304676294,-44.81
8.589479573071003,-44.81
8.591127198189497,-44.81
8.592780716717243,-44.81
8.59444623067975,-44.81
8.596082478761673,-44.81
8.597810477018356,-44.81
8.599486101418734,-44.81
8.60104152187705,-44.81
8.60278495401144,-44.81
8.604463379830122,-44.81
8.606142744421959,-44.81
8.6078140437603,-44.81
8.609437108039856,-44.81
8.611057627946138,-44.81
8.612807005643845,-44.81
8.614403750747442,-44.81
8.616165801882744,-44.81
8.61777774989605,-44.81
8.619402147829533,-44.81
8.621092163026333,-44.81
8.622779726982117,-44.81
8.624484978616238,-44.81
8.626147508621216,-44.81
8.627825189381838,-44.81
8.62948389723897,-44.81
8.631115809082985,-44.81
8.632749527692795,-44.81
8.634432900696993,-44.81
8.636090472340584,-44.81
8.637764476239681,-44.81
8.639480162411928,-44.81
8.641136672347784,-44.81
8.64277121424675,-44.81
8.644460383802652,-44.81
8.646056301891804,-44.81
8.647823181003332,-44.81
8.649449788033962,-44.81
8.65108509734273,-44.81
8.652818776667118,-44.81
8.654425598680973,-44.81
8.656141560524702,-44.81
8.657810736447573,-44.81
8.659481924027205,-44.81
8.661052152514458,-44.81
8.66274568066001,-44.81
8.664397615939379,-44.81
8.666111964732409,-44.81
8.667810432612896,-44.81
8.669455330818892,-44.81
8.67110313475132,-44.81
8.672806847840548,-44.81
8.67448178306222,-44.81
8.676140654832125,-44.81
8.677803799510002,-44.81
8.679453704506159,-44.81
8.681144196540117,-44.81
8.682820789515972,-44.81
8.684417385607958,-44.81
8.686153624206781,-44.81
8.687834702432156,-44.81
8.689455393701792,-44.81
8.691148903220892,-44.81
8.69276449084282,-44.81
8.694402910768986,-44.81
8.696158949285746,-44.81
8.697809237986803,-44.81
8.699449423700571,-44.81
8.701141268014908,-44.81
8.702706586569548,-44.81
8.704462382942438,-44.81
8.706104073673487,-44.81
8.707739502191544,-44.81
8.709653668105602,-44.81
8.711152963340282,-44.81
8.71281023696065,-44.81
8.714417949318886,-44.81
8.71610489115119,-44.81
8.717779979109764,-44.81
8.719472479075193,-44.81
8.72104673832655,-44.81
8.72281213477254,-44.81
8.7244873046875,-44.81
8.726128190755844,-44.81
8.727764151990414,-44.81
8.729370214045048,-44.81
8.731059223413467,-44.81
8.73282327875495,-44.81
8.734488911926746,-44.81
8.73609471693635,-44.81
8.737786144018173,-44.81
8.73935754969716,-44.81
8.741117589175701,-44.81
8.742739588022232,-44.81
8.744457378983498,-44.81
8.746068801730871,-44.81
8.74778487533331,-44.81
8.749484479427338,-44.81
8.751171171665192,-44.81
8.75278875976801,-44.81
8.754427008330822,-44.81
8.75614495947957,-44.81
8.757728282362223,-44.81
8.759445566684008,-44.81
8.761148069053888,-44.81
8.762777678668499,-44.81
8.764371734112501,-44.81
8.766136787831783,-44.81
8.767804846167564,-44.81
8.769487552344799,-44.81
8.771159209311008,-44.81
8.772803172469139,-44.81
8.774456176906824,-44.81
8.776159308850765,-44.81
8.777816817164421,-44.81
8.779485687613487,-44.81
8.781106822192669,-44.81
8.782824002206326,-44.81
8.784419231116772,-44.81
8.78608863055706,-44.81
8.787736341357231,287.13
8.789459116756916,287.42
8.791199747473001,287.42
8.79281336069107,287.32
8.794477690011263,287.32
8.796139501035213,288.43
8.797777645289898,288.52
8.799450926482677,287.99
8.80114871636033,287.61
8.802783399820328,287.42
8.804390121251345,287.71
8.806117929518223,287.13
8.807745348662138,-2.35
8.814872946590185,124.57
8.822607968002558,-45.85
8.824270356446505,-45.7
8.831767685711384,230.92
8.833416026085615,228.08
8.840994995087385,287.51
8.842658929526806,287.51
8.84432528913021,288.24
8.845984771847725,288.19
8.847659394145012,287.13
8.84931718185544,293.21
8.850983314216137,-2.36
8.857352212071419,230.25
8.858933497220278,229.31
8.860692821443081,229.5
8.862310908734798,39.87
8.864003028720617,39.86
8.865642588585615,39.87
8.86728909239173,39.86
8.869010992348194,39.87
8.87068846449256,39.86
8.872357413172722,39.87
8.87399896979332,39.88
8.875669158995152,39.88
8.877356074750423,39.87
8.8789988681674,39.87
8.880683023482561,230.75
8.882308643311262,228.73
8.884002160280943,39.87
8.88568264618516,229.31
8.887352034449577,230.75
8.888951234519482,39.87
8.89066070318222,228.3
8.898098777979612,-47.43
8.899756461381912,-47.61
8.901440761983395,-46.98
8.903074238449335,-46.92
8.904777936637402,-46.54
8.911573864519596,228.73
8.913247909396887,228.73
8.91492548212409,39.87
8.916586257517338,39.87
8.918265741318464,39.88
8.919922854751348,39.87
8.92157318815589,39.88
8.923244569450617,39.88
8.924904827028513,39.88
8.92659368738532,39.87
8.928235780447721,240.54
8.929933857172728,230.13
8.931574754416943,230.27
8.933243498206139,230.85
8.934839751571417,230.56
8.936562694609165,230.56
8.938224501907825,230.27
8.939796924591064,231.38
8.941582292318344,231.38
8.94324728474021,229.6
8.944906502962112,229.6
8.946585111320019,229.69
8.948319435119629,230.27
8.949845287948847,231.62
8.951500676572323,231.18
8.95318741723895,231.28
8.9549221098423,231.04
8.956594955176115,230.94
8.95820813253522,230.94
8.959921557456255,230.65
8.961472529917955,230.27
8.963258098810911,230.65
8.964923478662968,39.87
8.96654662117362,39.9
8.968234091997147,39.9
8.969905771315098,39.89
8.971545651555061,39.88
8.973232049494982,39.89
8.97493501752615,39.9
8.97658209875226,39.88
8.978214643895626,39.89
8.979908742010593,39.89
8.981543704867363,39.89
8.983260039240122,39.89
8.984910022467375,39.88
8.986577022820711,39.88
8.988279864192009,39.89
8.989914774894714,39.88
8.991546023637056,39.88
8.993257213383913,39.88
8.994830638170242,39.89
8.996547147631645,39.89
8.998234890401363,39.88
8.999906666576862,39.9
9.001491326838732,39.9
9.003234922885895,39.89
9.004915080964565,39.9
9.00658418238163,39.9
9.008249524980783,39.9
9.009916819632053,39.9
9.011566985398531,39.91
9.013240855187178,39.9
9.014848697930574,39.9
9.01654464751482,39.91
9.018246620893478,39.91
9.019880156964064,39.9
9.021530039608479,39.9
9.02323255687952,39.91
9.024881549179554,39.9
9.026561744511127,39.9
9.028209511190653,39.91
9.029875423759222,39.91
9.03157116100192,39.9
9.033246081322432,39.91
9.034892871975899,39.91
9.036517295986414,39.91
9.038242302834988,39.9
9.039891202002764,39.9
9.041572131216526,39.88
9.043240737169981,39.89
9.044905960559845,39.91
9.04657642915845,39.91
9.04825945571065,39.91
9.049918498843908,39.91
9.051586627960205,39.89
9.053223118185997,39.91
9.054888490587473,39.91
9.056597124785185,39.91
9.058164715766907,39.9
9.060009345412254,39.9
9.06151195243001,39.9
9.063255533576012,39.9
9.064919974654913,39.89
9.066550958901644,39.9
9.068198002874851,39.9
9.069929271936417,39.91
9.071581695228815,39.9
9.073246322572231,39.9
9.074900045990944,39.9
9.076581809669733,39.9
9.07825968042016,39.91
9.079891953617334,39.91
9.081560268998146,39.9
9.083157513290644,39.9
9.08491576090455,39.9
9.086507514119148,39.91
9.088258288800716,39.9
9.089927095919847,39.91
9.091589350253344,39.91
9.093254122883081,39.91
9.094808720052242,39.91
9.09669690579176,39.9
9.09816487133503,39.9
9.09983779117465,39.9
9.101575002074242,39.9
9.10321256145835,39.9
9.10491069406271,39.9
9.106580950319767,39.89
9.108213860541582,39.89
9.109924208372831,39.9
9.111521817743778,39.91
9.113239113241434,39.9
9.114860337227583,39.9
9.116581059992313,39.91
9.118250418454409,39.91
9.11990949511528,39.91
9.121592946350574,39.9
9.123241059482098,39.9
9.124894987791777,39.89
9.12659365311265,39.9
9.128181669861078,39.9
9.129894603043795,39.9
9.131601601839066,39.9
9.1332480981946,39.9
9.13490454107523,39.9
9.136575669050217,39.91
9.138229001313448,39.9
9.139821231365204,39.9
9.141499560326338,39.89
9.1432571336627,39.9
9.144929017871618,39.91
9.146576475352049,39.9
9.148260328918695,39.9
9.149849344044924,39.91
9.151568539440632,39.9
9.153229858726263,39.9
9.154913887381554,39.9
9.156574338674545,39.89
9.158252339810133,39.89
9.159919705241919,39.89
9.161567319184542,39.89
9.163159165531397,39.89
9.164901822805405,39.91
9.166563622653484,39.9
9.168245792388916,39.9
9.169918775558472,39.89
9.171593096107244,39.9
9.173239778727293,39.9
9.174907986074686,39.9
9.17653875425458,39.9
9.178223211318254,39.9
9.179892644286156,39.89
9.181583117693663,39.9
9.183265458792448,39.9
9.184876143932343,39.91
9.186569012701511,39.91
9.188159924000502,39.9
9.189888879656792,39.9
9.191538106650114,39.89
9.19326376914978,39.89
9.19488399475813,39.9
9.1965172290802,39.91
9.19824344292283,39.9
9.199926059693098,39.89
9.201588992029428,39.89
9.203184999525547,39.9
9.204921960830688,39.9
9.206593133509159,39.9
9.208262789994478,39.9
9.20988953486085,39.9
9.211551323533058,39.91
9.213249191641808,39.91
9.214911013841629,39.9
9.216644708067179,39.9
9.21822676435113,39.9
9.219903483986855,39.89
9.221564881503582,39.89
9.2232012078166,39.89
9.224821012467146,39.89
9.226527661085129,39.89
9.228191748261452,39.9
9.22987825423479,39.9
9.231584209948778,39.9
9.233183186501265,39.9
9.234911192208529,39.91
9.236555613577366,39.91
9.238264326006174,39.91
9.239924047142267,39.91
9.241588603705168,39.9
9.243211768567562,39.89
9.244914334267378,39.9
9.246561750769615,39.91
9.248239170759916,39.9
9.249910898506641,39.92
9.251589369028807,39.9
9.253258913755417,39.9
9.254922959953547,39.91
9.256554163992405,39.92
9.258164774626493,39.9
9.259916339069605,39.91
9.26159793883562,39.91
9.263246715068817,39.9
9.264877021312714,39.9
9.266528502106667,39.91
9.268166068941355,39.92
9.269879177212715,39.92
9.271519921720028,39.91
9.273229211568832,39.91
9.27490109950304,39.92
9.276584427803755,39.92
9.27819262817502,39.92
9.279819387942553,39.92
9.281538762152195,39.91
9.283204279839993,39.92
9.284915342926979,39.91
9.286594524979591,39.91
9.28821812197566,39.91
9.289918050169945,39.9
9.291581559926271,39.9
9.293250251561403,39.89
9.294901136308908,39.89
9.296592809259892,39.9
9.298263818025589,39.89
9.299886975437403,39.89
9.301563620567322,39.9
9.303254008293152,39.9
9.304883155971766,39.89
9.306566447019577,39.89
9.308264762163162,39.9
9.309929993003607,40.42
9.311558555811644,41.4
9.313255988061428,40.22
9.314914301037788,39.82
9.316560663282871,39.78
9.318245761096478,39.85
9.319915417581797,39.95
9.321590147912502,40.87
9.323269192129374,44.41
9.324929304420948,44.26
9.326595734804869,40.61
9.32824918627739,39.78
9.329927746206522,39.66
9.331576362252235,39.65
9.333258789032698,39.66
9.334906671196222,25.85
9.34265848621726,-45.94
9.344232358038425,-45.87
9.345881558954716,-45.71
9.347608834505081,-45.65
9.349322333931923,-45.52
9.350939873605967,-45.58
9.352636139839888,-45.39
9.354307353496552,-45.57
9.355921003967524,-45.39
9.363301068544388,287.8
9.364966705441475,293.09
9.366621270775795,292.89
9.368302799761295,293.13
9.369957946240902,288.48
9.37163021788001,287.85
9.37328651919961,291.33
9.37495195120573,292.17
9.376626618206501,287.61
9.378279313445091,287.32
9.379964973777533,293.24
9.38159979134798,287.42
9.383289948105812,288.09
9.384959928691387,287.32
9.386635169386864,287.13
9.388251218944788,287.13
9.389965061098337,287.71
9.391509354114532,287.32
9.39326911047101,287.32
9.39489870518446,287.85
9.396632228046656,287.8
9.398243255913258,293.21
9.399947572499514,287.85
9.401618126779795,287.9
9.403282675892115,288.19
9.404968027025461,287.99
9.406621422618628,287.42
9.408296830952168,287.51
9.409962803125381,288.19
9.41157702729106,287.9
9.413294676691294,287.51
9.414938509464264,288.24
9.416622024029493,287.85
9.41828991100192,288.09
9.419959675520658,287.85
9.421626847237349,287.99
9.423287529498339,287.32
9.424973629415035,287.9
9.426546860486269,288.52
9.428295034915209,288.09
9.429909985512495,288.28
9.431639675050974,288.19
9.4332255423069,288.43
9.434933930635452,288.48
9.436627365648746,288.57
9.438259348273277,288.52
9.439851641654968,288.28
9.441618703305721,288.52
9.443260498344898,287.71
9.444908190518618,287.13
9.44658413529396,288.28
9.448218766599894,288.24
9.449965164065361,288.19
9.451571471989155,287.32
9.453305393457413,287.13
9.454964280128479,287.71
9.456634372472763,288.48
9.458263210952282,288.43
9.459963213652372,287.13
9.461600843816996,287.71
9.463289003819227,287.8
9.464914686977863,287.71
9.466569665819407,287.13
9.468261566013098,287.99
9.469881661236286,287.85
9.471619710326195,287.71
9.473251290619373,287.51
9.47497420758009,287.32
9.476635046303272,287.51
9.478306785225868,288.19
9.479928694665432,287.99
9.48163990303874,288.09
9.483213815838099,287.61
9.484895415604115,287.51
9.48663268610835,287.71
9.488307688385248,287.51
9.489908874034882,287.9
9.491604041308165,288.09
9.493239510804415,288.24
9.49490226432681,287.71
9.496613781899214,287.8
9.498301353305578,287.51
9.499967753887177,287.9
9.501584861427546,288.28
9.503296710550785,288.09
9.50493647530675,287.99
9.506620027124882,288.38
9.508286032825708,288.43
9.50996968895197,288.67
9.511650428175926,288.67
9.513250146061182,288.57
9.51490581408143,288.43
9.51663476228714,287.61
9.518280524760485,289.2
9.519967004656792,288.48
9.52163214981556,288.48
9.523310039192438,288.62
9.524909801781178,288.48
9.526604421436787,288.86
9.528309255838394,287.99
9.529956638813019,295.68
9.531616508960724,42.54
9.538841746747494,39.66
9.540587075054646,39.7
9.54227326437831,39.71
9.54393295943737,39.72
9.545586351305246,39.73
9.547177165746689,39.74
9.54891612380743,39.79
9.55052063986659,39.81
9.552241832017899,39.81
9.553836490958929,39.81
9.555587563663721,39.82
9.557271111756563,39.82
9.558910712599754,39.82
9.560517314821482,39.8
9.562316071242094,39.8
9.563915103673935,39.81
9.5655702278018,39.81
9.567250557243824,39.81
9.56889894977212,39.81
9.57049223780632,39.81
9.572281274944544,39.82
9.573891960084438,39.82
9.575515307486057,39.81
9.577273044735193,39.82
9.578847710043192,39.81
9.580575972795486,39.81
9.582275778055191,39.82
9.583934344351292,39.82
9.58557890728116,39.81
9.587267961353064,39.81
9.588904161006212,39.82
9.59047607332468,39.77
9.592229053378105,39.72
9.593856148421764,39.72
9.59558467566967,39.76
9.597172062844038,39.78
9.598936457186937,39.8
9.600628830492496,39.81
9.602193400263786,39.81
9.603923104703426,39.8
9.605584654957056,39.8
9.607255801558495,39.82
9.608936294913292,39.81
9.61059483885765,39.8
9.612138275057077,39.8
9.61387638375163,39.8
9.615555752068758,39.8
9.617270361632109,39.81
9.618881572037935,39.81
9.620508253574371,39.8
9.622238330543041,39.81
9.623925317078829,39.8
9.625582434237003,39.79
9.627170663326979,39.8
9.628840334713459,39.8
9.630591437220573,39.8
9.632208235561848,39.82
9.633927501738071,39.81
9.635588083416224,39.81
9.637154839932919,39.81
9.638879735022783,39.82
9.640603356063366,39.81
9.642203036695719,39.81
9.643920857459307,39.8
9.64559393003583,39.81
9.647206969559193,39.82
9.648935467004776,39.81
9.650601208209991,39.8
9.652221392840147,39.79
9.653931617736816,39.81
9.655602779239416,39.79
9.657265771180391,39.81
9.658940695226192,39.82
9.660552363842726,39.8
9.662180099636316,39.81
9.663851525634527,39.81
9.665586862713099,39.8
9.667275752872229,39.82
9.668934810906649,39.81
9.67058727890253,39.81
9.672222048044205,39.81
9.673898190259933,39.82
9.675556018948555,39.81
9.67716870084405,39.81
9.678922645747662,39.82
9.680530861020088,39.8
9.682220201939344,39.8
9.683937575668097,39.8
9.685483887791634,39.79
9.687158983200788,39.8
9.688929069787264,39.81
9.690498888492584,39.8
9.69224477559328,39.8
9.693870533257723,39.81
9.69549821689725,39.8
9.697206057608128,39.79
9.698851261287928,39.8
9.700538855046034,39.78
9.702224969863892,39.79
9.703890435397625,39.8
9.705663025379181,39.81
9.707173064351082,39.81
9.708908285945654,39.82
9.71057354658842,39.82
9.712234824895859,39.82
9.713906064629555,39.82
9.715578336268663,39.83
9.717230789363384,39.83
9.71892562508583,39.83
9.720532488077879,39.83
9.722241699695587,39.82
9.72393150255084,39.83
9.725540865212679,39.82
9.727281395345926,39.82
9.72892065346241,39.81
9.730513978749514,39.83
9.732177454978228,39.81
9.733846675604582,39.81
9.735586553812027,39.79
9.73722243309021,39.8
9.738931834697723,39.8
9.740484084933996,39.82
9.742166839540005,39.81
9.744200021028519,39.8
9.745636563748121,39.8
9.747245509177446,39.82
9.748898047953844,39.81
9.750552747398615,39.81
9.75217904523015,39.81
9.753803677856922,39.8
9.755493223667145,39.8
9.757231373339891,39.81
9.758891049772501,39.8
9.760525811463594,39.8
9.762177277356386,39.81
9.763937283307314,39.81
9.765577271580696,39.81
9.767199613153934,39.8
9.768910698592663,39.8
9.770548418164253,39.8
9.77223102748394,39.81
9.773927964270115,39.8
9.77551830559969,39.8
9.777182817459106,39.8
9.778929695487022,39.8
9.780545718967915,39.8
9.78227387368679,39.8
9.783866576850414,39.8
9.78550861030817,39.8
9.787266358733177,39.8
9.788936138153076,39.81
9.79060335829854,39.81
9.792254336178303,39.8
9.793938737362623,39.79
9.795599710196257,39.77
9.797224260866642,39.8
9.798932317644358,39.79
9.800593096762896,39.79
9.802195835858583,39.8
9.803892385214567,39.8
9.805538408458233,39.8
9.807243898510933,39.79
9.808902591466904,39.79
9.81054924428463,39.8
9.81223652139306,39.8
9.813878625631332,39.8
9.815595142543316,39.8
9.81722690910101,39.8
9.818929504603148,39.8
9.82058072090149,39.8
9.822261795401573,39.8
9.823928326368332,39.79
9.825576931238174,39.8
9.827247131615877,39.79
9.828921847045422,39.8
9.830603819340467,39.8
9.832260005176067,39.8
9.833925615996122,39.8
9.835595514625311,39.8
9.837261337786913,39.79
9.838932078331709,39.8
9.840601939707994,39.79
9.842266719788313,39.8
9.843939501792192,39.81
9.845605589449406,39.8
9.847271721810102,39.81
9.84894060343504,39.79
9.850611474364996,39.79
9.85227706283331,39.8
9.85384638607502,39.81
9.855564333498478,39.8
9.85718458890915,39.8
9.85888684540987,39.81
9.86068756133318,39.82
9.862261928617954,39.79
9.863931600004435,39.79
9.865592766553164,39.79
9.867168292403221,39.8
9.868896663188934,39.8
9.870602734386921,39.81
9.872184719890356,39.8
9.873836934566498,39.81
9.875571876764297,39.81
9.877260014414787,39.8
9.878908321261406,39.8
9.88050802052021,39.78
9.882272470742464,39.8
9.883887141942978,39.78
9.885573755949736,39.81
9.887176025658846,39.8
9.888934306800365,39.79
9.890609100461006,39.8
9.892247818410397,39.82
9.893923174589872,39.8
9.895608939230442,39.8
9.897247113287449,39.81
9.898912195116282,39.82
9.900578517466784,39.79
9.902241721749306,39.81
9.903884463012218,39.8
9.905613653361797,39.79
9.907170727849007,39.8
9.908935103565454,39.79
9.910574804991484,39.8
9.912238448858261,39.8
9.913937322795391,39.82
9.915591925382614,39.8
9.917201682925224,39.81
9.918813575059175,39.81
9.920535944402218,39.79
9.922174844890833,39.81
9.923904106020927,39.81
9.925590019673109,39.82
9.927195571362972,39.8
9.928854696452618,39.8
9.930560301989317,39.81
9.932259030640125,39.81
9.933860372751951,39.81
9.935570068657398,39.8
9.937189858406782,39.81
9.938864216208458,39.8
9.940459705889225,39.8
9.942272521555424,39.81
9.943846736103296,39.8
9.945539724081755,39.81
9.947236455976963,39.8
9.948946431279182,39.81
9.95061181485653,39.8
9.952261585742235,39.8
9.953902080655098,39.8
9.955503676086664,39.81
9.95727626979351,39.81
9.958955332636833,39.8
9.960510775446892,39.81
9.962246231734753,39.8
9.963837374001741,39.8
9.965585343539715,39.8
9.96714685484767,39.8
9.968875594437122,39.8
9.97060613706708,39.8
9.972243759781122,39.81
9.973917212337255,39.81
9.9755955375731,39.8
9.97726697102189,39.8
9.97886811196804,39.8
9.980494402348995,39.8
9.982263054698706,39.79
9.983895409852266,39.81
9.985600538551807,39.8
9.987154938280582,39.79
9.988877933472395,39.8
9.990607786923647,39.8
9.992178320884705,39.8
9.993918795138597,39.8
9.995500292629004,39.8
9.99727538600564,39.8
9.998846102505922,39.8
10.000602941960096,39.8
10.002254597842693,39.81
10.0039426907897,39.79
10.005612257868052,39.81
10.007235459983349,39.8
10.00886169821024,39.81
10.010601162910461,39.81
10.012282758951187,39.81
10.01391089335084,39.8
10.015494968742132,39.8
10.017258297652006,39.8
10.018889710307121,39.79
10.020471129566431,39.79
10.022200182080269,39.8
10.0239372625947,39.8
10.025519236922264,39.81
10.027159295976162,39.81
10.028943210840225,39.81
10.030589800328016,39.8
10.03224267065525,39.8
10.033873725682497,39.79
10.035511381924152,39.8
10.03719237819314,39.8
10.03889548778534,39.8
10.040579050779343,39.8
10.042272042483091,39.79
10.043921325355768,39.79
10.045551627874374,39.79
10.047177664935589,39.79
10.048864264041185,39.79
10.05049267411232,39.79
10.052258923649788,39.8
10.05393598228693,39.8
10.055561523884535,39.8
10.057186525315046,39.8
10.05886809155345,39.79
10.060583498328924,39.79
10.06224625557661,39.79
10.063905268907547,39.8
10.06560830771923,39.79
10.067277379333973,39.8
10.068888135254383,39.79
10.070566024631262,39.78
10.07224528491497,39.8
10.073910158127546,39.79
10.075602669268847,39.79
10.077237419784069,39.79
10.078907065093517,39.81
10.080507267266512,39.78
10.082276064902544,39.79
10.083922035992146,39.8
10.085578456521034,39.8
10.087262634187937,39.8
10.088918644934893,39.8
10.090528938919306,39.81
10.092271897941828,39.79
10.093881696462631,39.81
10.09561249986291,39.8
10.097244791686535,39.79
10.09894573688507,39.8
10.100603759288788,39.8
10.102262932807207,39.8
10.103890504688025,39.8
10.105601362884045,39.81
10.10722055286169,39.8
10.108941037207842,39.78
10.110560409724712,39.78
10.11215117201209,39.79
10.11385115236044,39.8
10.115546125918627,39.79
10.11724266782403,39.8
10.118853650987148,39.8
10.120564606040716,39.8
10.122198898345232,39.79
10.123897090554237,39.79
10.125608090311289,39.8
10.127191495150328,39.8
10.128893926739693,39.79
10.130583144724369,39.8
10.132211036980152,39.81
10.133841801434755,39.8
10.135610487312078,39.8
10.137181658297777,39.8
10.13895632326603,39.79
10.14051529020071,39.8
10.142279546707869,39.8
10.14394237101078,39.8
10.145598858594894,39.79
10.147186700254679,39.79
10.14890992641449,39.79
10.150548443198204,39.8
10.152578972280025,39.79
10.153867807239294,39.79
10.155612867325544,39.8
10.157193910330534,39.81
10.158950459212065,39.8
10.160516940057278,39.8
10.162285905331373,39.8
10.163931727409363,39.8
10.165506400167942,39.8
10.167275995016098,39.8
10.168910931795835,39.79
10.170520637184381,39.8
10.172230806201696,39.79
10.17393358424306,39.8
10.175598002970219,39.8
10.177247636020184,39.79
10.178851079195738,39.79
10.180553451180458,39.8
10.182206060737371,39.79
10.183917175978422,39.8
10.185520060360432,39.8
10.187279671430588,39.78
10.188872709870338,39.8
10.190984535962343,39.81
10.192182529717684,39.81
10.193935990333557,39.8
10.195584621280432,39.8
10.19727685302496,39.8
10.19893328845501,39.79
10.200605262070894,39.79
10.202273182570934,39.79
10.203843280673027,39.8
10.205545529723167,39.79
10.207216195762157,39.79
10.208948511630297,39.78
10.21061385050416,39.79
10.212273672223091,39.78
10.213884610682726,39.77
10.215528555214405,39.78
10.217275820672512,39.78
10.218867521733046,39.77
10.220535535365343,39.78
10.222186580300331,39.78
10.223936814814806,39.78
10.225596763193607,39.78
10.227284342050552,39.78
10.228878449648619,39.79
10.230520695447922,39.8
10.232284035533667,39.78
10.233838357031345,39.78
10.235453706234694,39.79
10.237232200801373,39.78
10.238914586603642,39.78
10.240576684474945,39.78
10.24226725474,39.78
10.243855498731136,39.78
10.245583474636078,39.78
10.247277311980724,39.78
10.248924985527992,39.77
10.2505187317729,39.78
10.252275235950947,39.78
10.25392821058631,39.78
10.255584601312876,39.77
10.257238619029522,39.77
10.2589145116508,39.78
10.260556142777205,39.77
10.262242447584867,39.78
10.263897478580475,39.78
10.265579983592033,39.78
10.267248224467039,39.77
10.268866520375013,39.77
10.270612075924873,39.77
10.27223725989461,39.77
10.27382293716073,39.77
10.275530744343996,39.77
10.277256291359663,39.78
10.278930746018887,39.78
10.280557114630938,39.78
10.28224490955472,39.79
10.283880595117807,39.79
10.285607516765594,39.79
10.287220198661089,39.78
10.28892993927002,39.78
10.290600154548883,39.78
10.292273830622435,39.78
10.29394380748272,39.78
10.295582592487335,39.78
10.297273639589548,39.79
10.298953671008348,39.78
10.300518434494734,39.77
10.302248638123274,39.78
10.303822662681341,39.8
10.305585388094187,39.77
10.307279214262962,39.78
10.308934886008501,39.79
10.310521889477968,39.79
10.31224936619401,39.78
10.313922435045242,39.77
10.315617620944977,39.77
10.317243568599224,39.78
10.318900149315596,39.77
10.320546738803387,39.77
10.322262100875378,39.78
10.323930613696575,39.78
10.32560720667243,39.77
10.327157001942396,39.77
10.32891022413969,39.77
10.330479137599468,39.77
10.332229766994715,39.78
10.333835855126381,39.79
10.335557542741299,39.78
10.337273679673672,39.78
10.338939249515533,39.78
10.340604946017265,39.78
10.342276029288769,39.79
10.343951344490051,39.78
10.34563722461462,39.78
10.347162190824747,39.78
10.34889716655016,39.79
10.350567895919085,39.78
10.352276656776667,39.78
10.353877436369658,39.78
10.35559931024909,39.78
10.357286781072617,39.79
10.35894613340497,39.78
10.36058934777975,39.78
10.362278867512941,39.79
10.36393941193819,39.78
10.365594889968634,39.78
10.36727685853839,39.79
10.368955314159393,39.79
10.370588183403015,39.78
10.372209839522839,39.79
10.373947340995073,39.78
10.375529307872057,39.79
10.377248544245958,39.79
10.378869969397783,39.79
10.380492307245731,39.79
10.382274806499481,39.79
10.383843887597322,39.78
10.385747354477644,39.79
10.38718893378973,39.78
10.388898208737373,39.78
10.390596766024828,39.78
10.392256032675505,39.79
10.393877491354942,39.79
10.395608697086573,39.79
10.397281270474195,39.79
10.398862302303314,39.79
10.400554619729519,39.79
10.402254126966,39.78
10.403897292912006,39.79
10.405554115772247,39.78
10.407288271933794,39.79
10.408947695046663,39.79
10.41057350859046,39.78
10.412207998335361,39.78
10.413862608373165,39.79
10.415583822876215,39.79
10.417206529527903,39.79
10.418943379074335,39.79
10.420587837696075,39.79
10.42227115854621,39.79
10.423917852342129,39.79
10.425579350441694,39.79
10.427253749221563,39.79
10.428902257233858,39.8
10.430616199970245,39.79
10.432282883673906,39.8
10.433860287070274,39.8
10.435598623007536,39.8
10.437258694320917,39.8
10.438944581896067,39.8
10.4405772164464,39.79
10.442281447350979,39.8
10.443937506526709,39.8
10.445583257824183,39.79
10.447270322591066,39.8
10.448930583894253,39.79
10.45059198513627,39.79
10.452249497175217,39.8
10.45391420274973,39.8
10.455578304827213,39.79
10.45724679902196,39.81
10.458978552371264,39.8
10.460604894906282,39.8
10.462249461561441,39.8
10.463949162513018,39.8
10.465563639998436,39.79
10.467199642211199,39.8
10.46892024204135,39.79
10.470564763993025,39.79
10.472292069345713,39.8
10.473852053284645,39.79
10.47558206692338,39.8
10.477284204214811,39.8
10.478929616510868,39.8
10.480519324541092,39.8
10.482251547276974,39.8
10.483900289982557,39.79
10.485565796494484,39.8
10.487278923392296,39.8
10.488915242254734,39.8
10.490503747016191,39.8
10.492282122373581,39.8
10.493865430355072,39.8
10.495670296251774,39.8
10.497267588973045,39.79
10.498938478529453,39.79
10.500581588596106,39.79
10.50215920433402,39.79
10.503903318196535,39.79
10.505595088005066,39.78
10.507281687110662,39.79
10.508930277079344,39.78
10.510617792606354,39.79
10.51230063289404,39.78
10.513942956924438,39.79
10.515588618814945,39.78
10.517156559973955,39.79
10.518916759639978,39.79
10.520562343299389,39.79
10.522281650453806,39.79
10.523919090628624,39.79
10.52560904994607,39.79
10.527305901050568,39.79
10.528949666768312,39.79
10.530556727200747,39.78
10.532224871218204,39.78
10.533875361084938,39.79
10.535871539264917,39.79
10.537157721817493,39.78
10.538918696343899,39.78
10.54060846939683,39.77
10.542248282581568,39.78
10.543907187879086,39.79
10.545524012297392,39.78
10.547249596565962,39.79
10.548905406147242,39.79
10.550554100424051,39.79
10.552206248044968,39.79
10.553911853581667,39.78
10.555585615336895,39.78
10.557233307510614,39.78
10.558884005993605,39.78
10.560589205473661,39.79
10.56219033896923,39.79
10.563846983015537,39.78
10.565599344670773,39.79
10.567243698984385,39.79
10.568826250731945,39.78
10.5704958550632,39.79
10.57219772785902,39.78
10.573948454111814,39.78
10.57559621334076,39.78
10.577286399900913,39.79
10.578943233937025,39.79
10.580578874796629,39.79
10.58224095031619,39.78
10.583926983177662,39.79
10.58560685813427,39.8
10.58715844899416,39.8
10.588912855833769,39.79
10.59062185510993,39.79
10.592234119772911,39.79
10.593899630010128,39.79
10.595603257417679,39.79
10.597259737551212,39.79
10.598914504051208,39.79
10.600497275590897,39.79
10.602245688438416,39.78
10.603898916393518,39.79
10.60560518503189,39.79
10.607274901121855,39.78
10.608913615345955,39.79
10.610602222383022,39.79
10.612259082496166,39.79
10.613927714526653,39.79
10.615594413131475,39.79
10.617245558649302,39.78
10.618954949080944,39.78
10.620567843317986,39.78
10.622288554906845,39.78
10.62391933053732,39.78
10.625587970018387,39.78
10.62717168033123,39.78
10.628949087113142,39.78
10.630599536001682,39.78
10.632209945470095,39.78
10.633903827518225,39.78
10.635602843016386,39.79
10.637194208800793,39.79
10.638953618705273,39.78
10.640615474432707,39.78
10.642254464328289,39.78
10.643922500312328,39.79
10.64559082314372,39.78
10.64722429215908,39.78
10.648916520178318,39.78
10.650588374584913,39.77
10.652288507670164,39.77
10.653969716280699,39.77
10.655532103031874,39.78
10.657194450497627,39.78
10.658948201686144,39.78
10.660571567714214,39.78
10.662288095802069,39.77
10.663942784070969,39.77
10.665596097707748,39.77
10.667213268578053,39.78
10.668936021625996,39.78
10.670559007674456,39.78
10.67224757745862,39.78
10.673916026949883,39.77
10.675604991614819,39.78
10.677196361124516,39.77
10.678948931396008,39.77
10.68062511458993,39.78
10.682261299341917,39.78
10.68383102118969,39.78
10.685622952878475,39.78
10.687231235206127,39.78
10.688874915242195,39.78
10.690619129687548,39.76
10.692260790616274,39.78
10.69395212084055,39.8
10.695617474615574,39.78
10.697217799723148,39.78
10.69890121743083,39.79
10.700595542788506,39.79
10.70224741473794,39.78
10.703960336744785,39.78
10.705554157495499,39.76
10.707277555018663,39.77
10.708911333233118,39.78
10.710592795163393,39.79
10.712278611958027,39.77
10.713953513652086,39.78
10.715529192239046,39.78
10.71723297983408,39.78
10.718856953084469,39.78
10.720606710761786,39.79
10.722268477082253,39.77
10.723919123411179,39.78
10.725824490189552,39.78
10.727223429828882,39.79
10.728847842663527,39.78
10.730520728975534,39.78
10.732266701757908,39.78
10.733914256095886,39.78
10.73559008166194,39.77
10.737280234694481,39.77
10.738873522728682,39.78
10.740547068417072,39.79
10.742251206189394,39.78
10.743917655199766,39.79
10.745579563081264,39.79
10.747211135923862,39.78
10.74892245978117,39.79
10.750592187047005,39.79
10.752227392047644,39.79
10.753895740956068,39.8
10.755603469908237,39.79
10.757276367396116,39.78
10.75893795862794,39.78
10.760596949607134,39.79
10.762278534471989,39.78
10.763856656849384,39.77
10.765586335211992,39.77
10.767201319336891,39.78
10.76890917494893,39.77
10.770560767501593,39.77
10.772284526377916,39.77
10.773923564702272,39.77
10.77560469508171,39.77
10.777219496667385,39.78
10.778920955955982,39.77
10.780602190643549,39.77
10.78218575567007,39.77
10.78394304588437,39.78
10.78558398783207,39.77
10.787294905632734,39.77
10.788860220462084,39.77
10.790619783103466,39.77
10.792259875684977,39.77
10.793915826827288,39.78
10.795614812523127,39.77
10.797160170972347,39.77
10.798950266093016,39.77
10.800601564347744,39.78
10.802297178655863,39.78
10.803961921483278,39.75
10.80549605935812,39.73
10.807298608124256,39.74
10.808945789933205,39.76
10.810629408806562,39.75
10.81226547807455,39.73
10.813948601484299,39.74
10.815582074224949,39.75
10.81723103672266,39.74
10.818960055708885,39.75
10.820627856999636,39.75
10.822251290082932,39.75
10.823915634304285,39.74
10.82555316016078,39.74
10.82725290954113,39.76
10.82895551994443,39.76
10.830619364976883,39.75
10.832252111285925,39.78
10.833919119089842,39.79
10.83561310917139,39.78
10.837233126163483,39.77
10.838907420635223,39.79
10.840616431087255,39.78
10.842187091708183,39.77
10.843915086239576,39.77
10.845591459423304,39.78
10.847152847796679,39.78
10.848858188837767,39.77
10.850505225360394,39.82
10.852285519242287,39.75
10.853924930095673,39.75
10.855578515678644,39.78
10.85727720335126,39.79
10.858944427222013,39.77
10.860498301684856,39.78
10.862259522080421,39.79
10.863949861377478,39.78
10.86561743170023,39.78
10.867215778678656,39.78
10.868870735168457,39.78
10.87059373408556,39.79
10.87227688729763,39.78
10.873874559998512,39.78
10.875576678663492,39.78
10.877216935157776,39.78
10.878908086568117,39.78
10.880531039088964,39.78
10.882201258093119,39.79
10.88388954848051,39.78
10.885604992508888,39.78
10.887242045253515,39.78
10.888872392475605,39.79
10.890550382435322,39.79
10.892211105674505,39.79
10.893855936825275,39.78
10.895596612244844,39.78
10.897269383072853,39.79
10.898949481546879,39.78
10.900629002600908,39.78
10.902277383953333,39.78
10.903944317251444,39.78
10.905614752322435,39.78
10.90728910639882,39.78
10.908949822187424,39.77
10.910557139664888,39.76
10.912252224981785,39.77
10.913948122411966,39.77
10.91561584547162,39.78
10.917274884879589,39.77
10.918878111988306,39.77
10.920587632805109,39.78
10.922239560633898,39.79
10.923947058618069,39.78
10.925542183220387,39.77
10.92715659737587,39.78
10.92892749980092,39.78
10.93057069554925,39.79
10.932206135243177,39.78
10.93395072594285,39.78
10.935609504580498,39.78
10.937289696186781,39.79
10.938942532986403,39.79
10.940598163753748,39.79
10.942224349826574,39.79
10.943893600255251,39.79
10.945547357201576,39.79
10.947226971387863,39.79
10.949011221528053,39.79
10.95052333921194,39.8
10.952259939163923,39.78
10.953957796096802,39.79
10.955596018582582,39.79
10.957289941608906,39.79
10.958921991288662,39.79
10.960551530122757,39.79
10.962276387959719,39.78
10.963862046599388,39.79
10.965630806982517,39.78
10.967259712517262,39.79
10.968931525945663,39.79
10.970589116215706,39.79
10.972263496369123,39.79
10.973892394453287,39.79
10.975579105317593,39.78
10.977277278900146,39.79
10.978891637176275,39.79
10.980557058006525,39.79
10.982286598533392,39.79
10.984097391366959,39.79
10.985621862113476,39.79
10.987280692905188,39.79
10.988933328539133,39.79
10.99057188630104,39.8
10.992245946079493,39.79
10.993913974612951,39.79
10.99558337405324,39.8
10.99725054949522,39.79
10.998924482613802,39.79
11.00063045322895,39.8
11.002263970673084,39.8
11.00395093858242,39.8
11.00562285259366,39.79
11.007263641804457,39.78
11.00893048942089,39.79
11.01059852913022,39.8
11.012270972132683,39.79
11.013946413993835,39.8
11.015635501593351,39.79
11.017280764877796,39.78
11.018949583172798,39.8
11.020620495080948,39.81
11.022285915911198,39.8
11.023951046168804,39.8
11.025622263550758,39.79
11.02728721126914,39.8
11.028958268463612,39.8
11.03062842041254,39.8
11.032207414507866,39.8
11.033940643072128,39.81
11.03561956435442,39.8
11.037284880876541,39.8
11.038933865725994,39.81
11.040610417723656,39.8
11.042256060987711,39.8
11.043881434947252,39.8
11.045586496591568,39.8
11.047197442501783,39.8
11.048960253596306,39.81
11.05053624138236,39.81
11.052201639860868,39.8
11.05385909229517,39.81
11.055587403476238,39.81
11.057213056832552,39.81
11.058895509690046,39.81
11.060600593686104,39.81
11.062259286642075,39.81
11.063887409865856,39.81
11.065571084618568,39.8
11.067288100719452,39.82
11.068945847451687,39.81
11.070608649402857,39.81
11.0722859762609,39.81
11.07389573007822,39.81
11.075609751045704,39.81
11.077306255698204,39.81
11.078960485756397,39.8
11.080515079200268,39.81
11.082276675850153,39.8
11.083848040550947,39.8
11.085590686649084,39.81
11.087222803384066,39.81
11.088949345052242,39.81
11.090672336518764,39.8
11.09226206317544,39.8
11.093959264457226,39.81
11.095582082867622,39.81
11.0972885414958,39.81
11.098880916833878,39.82
11.100590374320745,39.82
11.10218770429492,39.94
11.103948689997196,45.63
11.105606619268656,63.54
11.107188791036606,68.88
11.10892715677619,63.5
11.110577493906021,56.98
11.112305283546448,57.82
11.113887798041105,54.48
11.1155902184546,25.16
11.11726837232709,-0.19
11.118951175361872,-0.17
11.120605077594519,-0.19
11.122200712561607,-0.2
11.123952362686396,-0.2
11.125599674880505,-0.19
11.127233542501926,-0.2
11.128962952643633,-0.19
11.130637433379889,-0.19
11.132273469120264,-0.2
11.133962403982878,-0.2
11.135604623705149,-0.2
11.13728753477335,-0.2
11.138952281326056,-0.2
11.140571400523186,-0.21
11.142244525253773,-0.21
11.143937520682812,-0.21
11.145617678761482,-0.2
11.147282853722572,-0.19
11.148939114063978,-0.2
11.150607723742723,-0.2
11.152294419705868,-0.2
11.15391070395708,-0.21
11.15552719682455,-0.21
11.157169356942177,-0.2
11.158971596509218,-0.19
11.160536885261536,-0.2
11.16227751225233,-0.2
11.16391909122467,-0.2
11.16564841195941,-0.19
11.167276781052351,-0.19
11.168947115540504,-0.2
11.17062372341752,-0.2
11.172289494425058,-0.2
11.173942308872938,-0.2
11.175591479986906,-0.2
11.17724397033453,-0.2
11.178890615701675,-0.2
11.180605482310057,-0.2
11.182247772812843,-0.2
11.183937631547451,-0.2
11.185569230467081,-0.19
11.18725335970521,-0.19
11.188957527279854,-0.2
11.19056947901845,-0.2
11.192285757511854,-0.2
11.193935554474592,-0.19
11.19557610154152,-0.2
11.19729283452034,-0.2
11.198929026722908,-0.2
11.200607351958752,-0.21
11.202283300459385,-0.2
11.203887678682804,-0.2
11.205555826425552,-0.21
11.207289852201939,-0.22
11.208975687623024,-0.21
11.210524681955576,-0.2
11.212213709950447,-0.21
11.213949996978045,-0.21
11.215631652623415,-0.2
11.217295240610838,-0.2
11.218942977488041,-0.21
11.220607601106167,-0.2
11.222284488379955,-0.2
11.223928738385439,-0.21
11.225615408271551,-0.21
11.22729517519474,-0.22
11.228952188044786,-0.21
11.230576377362013,-0.21
11.232279650866985,-0.21
11.233928073197603,-0.21
11.235589239746332,-0.21
11.237246237695217,-0.21
11.238924384117126,-0.2
11.240565974265337,-0.2
11.242247141897678,-0.19
11.24394653365016,-0.19
11.245599929243326,-0.19
11.247279986739159,-0.22
11.24897401407361,-0.22
11.250611737370491,-0.22
11.252273630350828,-0.22
11.253928147256374,-0.23
11.255646746605635,-0.21
11.257233634591103,0.84
11.258944671601057,9.1
11.260577961802483,29.32
11.26225658506155,40.05
11.263910312205553,39.77
11.265590030699968,39.79
11.26729590445757,39.79
11.268917862325907,39.78
11.270635161548853,39.78
11.272261921316385,39.78
11.273864302784204,39.78
11.27559258416295,39.78
11.277251351624727,39.78
11.278951242566109,39.77
11.280630242079496,39.77
11.282280553132296,39.78
11.283973924815655,39.78
11.285557836294174,39.78
11.287178497761488,39.78
11.288957245647907,39.77
11.290603294968605,39.77
11.29228238761425,39.77
11.293928731232882,39.78
11.295577008277178,39.78
11.297234509140253,39.77
11.298881076276302,39.77
11.300632163882256,39.78
11.30224934592843,39.78
11.303930524736643,39.78
11.305528298020363,39.78
11.307218175381422,39.79
11.308898039162159,39.79
11.310644641518593,39.78
11.31228532269597,39.78
11.313928429037333,39.79
11.31563225388527,39.79
11.317300878465176,39.78
11.318926505744457,39.77
11.32065174728632,39.78
11.322258975356817,39.78
11.323875214904547,39.78
11.325632646679878,39.78
11.327280070632696,39.77
11.328890062868595,39.77
11.330573312938213,39.78
11.33220736309886,39.77
11.333888996392488,39.77
11.335543174296618,39.77
11.337293803691864,39.77
11.338912598788738,39.76
11.340625535696745,39.76
11.342269070446491,39.77
11.343962095677853,39.76
11.345590226352215,39.76
11.34722000733018,39.76
11.348877519369125,39.76
11.35063361003995,39.77
11.352277383208275,39.77
11.353893712162971,39.77
11.355526853352785,39.77
11.357267666608095,39.76
11.358969695866108,39.85
11.360545992851257,43.67
11.36233675852418,50.59
11.363822046667337,44.5
11.365543562918901,49.41
11.367251172661781,42.08
11.368948727846146,11.98
11.370602548122406,0.26
11.37227039411664,-0.22
11.37382485717535,-0.23
11.375526122748852,-0.22
11.377274416387081,-0.23
11.378951869904995,-0.23
11.380611516535282,-0.22
11.382296074181795,-0.23
11.38386895135045,-0.23
11.385613843798637,-0.23
11.387229565531015,-0.22
11.388824470341206,-0.23
11.390612747520208,-0.23
11.39230041205883,-0.23
11.393964495509863,-0.23
11.395562592893839,-0.23
11.397195052355528,-0.23
11.39896497502923,-0.24
11.40057472139597,-0.23
11.402256403118372,-0.23
11.40385102108121,-0.23
11.405550107359886,-0.22
11.407236184924841,-0.23
11.40896300598979,-0.22
11.41059711202979,-0.22
11.412211004644632,-0.23
11.413911931216717,-0.23
11.415553767234087,-0.22
11.417221575975418,-0.22
11.418892376124859,-0.21
11.420529317110777,-0.22
11.422289229929447,-0.22
11.423917654901743,-0.22
11.425527479499578,-0.22
11.427274379879236,-0.23
11.42895270138979,-0.23
11.430567517876625,-0.22
11.432290736585855,-0.23
11.43396282568574,0.09
11.435528174042702,7.03
11.437300402671099,41.77
11.438896335661411,42.36
11.440566960722208,39.79
11.442224681377411,39.77
11.443935502320528,39.78
11.445606652647257,39.77
11.44729819148779,39.78
11.448926225304604,39.78
11.45057562366128,39.78
11.452261365950108,39.78
11.453898791223764,39.79
11.455654703080654,39.78
11.457189537584782,39.78
11.458950147032738,39.78
11.46063056588173,39.78
11.462195601314306,39.78
11.463963557034731,39.77
11.465608421713114,39.77
11.46726567670703,39.78
11.468847192823887,39.77
11.47057031467557,39.78
11.472283110022545,39.78
11.474177867174149,39.78
11.47553950548172,39.78
11.47729504480958,39.78
11.478926431387663,39.78
11.480633810162544,39.78
11.482229866087437,39.78
11.483896881341934,39.77
11.485536303371191,39.78
11.487195912748575,39.79
11.488935366272926,39.79
11.490627277642488,39.79
11.49228985607624,39.8
11.493951298296452,39.79
11.49562070146203,39.94
11.497294966131449,41.64
11.498912822455168,43.43
11.500595305114985,49.28
11.502245642244816,50.58
11.503942716866732,29.49
11.505630478262901,4.03
11.507311318069696,-0.23
11.50888953730464,-0.23
11.510536406189203,-0.22
11.512267529964447,-0.22
11.513906512409449,-0.22
11.515593077987432,-0.22
11.517238430678844,-0.22
11.518954388797283,-0.22
11.520634092390537,-0.22
11.522304236888885,-0.21
11.523949954658747,-0.21
11.525616530328989,-0.2
11.52730019018054,-0.2
11.528907276690006,-0.21
11.53062079101801,-0.21
11.532290045171976,-0.21
11.533879343420267,-0.2
11.535596936941147,-0.19
11.537259798496962,-0.2
11.538906075060368,-0.2
11.54060921445489,-0.21
11.54227290302515,-0.22
11.54392895847559,-0.21
11.545621521770954,-0.21
11.547310441732407,-0.21
11.54887429624796,-0.21
11.550620626658201,-0.21
11.552287381142378,-0.21
11.553893376141787,0.04
11.555543627589941,6.88
11.557210303843021,24.62
11.558934986591339,42.9
11.56056023389101,39.86
11.562297061085701,39.76
11.563969243317842,39.79
11.565549165010452,39.79
11.567211870104074,39.79
11.5689586289227,39.8
11.570621591061354,39.8
11.572301965206861,39.79
11.57394465059042,39.8
11.575618982315063,39.81
11.577194537967443,39.8
11.578949343413115,39.8
11.580581232905388,39.81
11.582283515483141,39.81
11.583954337984324,39.81
11.585516199469566,39.8
11.5872952491045,39.8
11.588948398828506,39.81
11.590570647269487,39.8
11.592269483953714,39.81
11.593938268721104,39.81
11.595547694712877,39.8
11.597295615822077,39.8
11.5988604798913,39.79
11.60063012316823,39.79
11.602259028702974,39.79
11.603924129158258,39.8
11.60557410493493,39.8
11.607289634644985,39.81
11.608945537358522,39.81
11.610611356794834,39.8
11.612194981426,39.8
11.613965161144733,39.8
11.615554187446833,39.79
11.61718051880598,39.8
11.618941526859999,39.8
11.620645329356194,39.81
11.622302673757076,39.8
11.623910453170538,39.91
11.62553233280778,43.09
11.627305667847395,53.33
11.628935623914003,58.91
11.630560588091612,53.95
11.632286749780178,35.37
11.63390338793397,-0.08
11.63554947823286,-0.21
11.637270040810108,-0.21
11.638911787420511,-0.21
11.640575408935547,-0.21
11.642301335930824,-0.21
11.64392514899373,-0.21
11.645549677312374,-0.21
11.64729929342866,-0.22
11.648906864225864,-0.22
11.65060106664896,-0.21
11.652303356677294,-0.21
11.65390283986926,-0.22
11.655640427023172,-0.22
11.657264161854982,-0.22
11.658936444669962,-0.21
11.66062382236123,-0.22
11.662266977131367,-0.22
11.663844883441925,-0.22
11.665535226464272,-0.22
11.667177807539701,-0.22
11.668938174843788,-0.22
11.670601852238178,-0.21
11.672268733382225,-0.21
11.673906542360783,-0.22
11.67555819451809,-0.22
11.677305281162262,-0.22
11.678867146372795,-0.22
11.680632911622524,-0.21
11.682289086282253,-0.21
11.683977492153645,-0.21
11.685607001185417,-0.22
11.687185429036617,0.35
11.688881330192089,6.89
11.690576173365116,19.37
11.692270819097757,37.07
11.693979639559984,39.5
11.695636335760355,39.78
11.697312958538532,39.78
11.698960471898317,39.79
11.700614474713802,39.79
11.702217303216457,39.78
11.703872263431549,39.78
11.705633327364922,39.79
11.707186508923769,39.79
11.708952359855175,39.78
11.71062209457159,39.78
11.712299142032862,39.78
11.71394133940339,39.81
11.715572789311409,45.75
11.71727416664362,44.1
11.71895620599389,43.8
11.72064883634448,44.24
11.722304213792086,27.31
11.723956055939198,3.81
11.725575156509876,-0.22
11.727294944226742,-0.23
11.728872131556273,-0.24
11.730617955327034,-0.23
11.732239630073309,-0.23
11.733898531645536,-0.23
11.735649421811104,-0.23
11.73724627494812,-0.23
11.738969001919031,-0.23
11.74058673158288,-0.22
11.742282290011644,-0.21
11.743981219828129,-0.22
11.745551362633705,-0.22
11.747304204851389,-0.23
11.748954202979803,-0.23
11.75060923397541,-0.23
11.752287991344929,-0.22
11.753958120942116,-0.22
11.755609177052975,-0.22
11.757281221449375,0.96
11.758961945772171,10.15
11.760614786297083,24.47
11.762278903275728,36.19
11.76395870745182,37.92
11.76562587916851,39.7
11.767258554697037,39.77
11.768949817866087,39.77
11.770584739744663,39.78
11.772528681904078,39.78
11.773970279842615,39.78
11.775563661009073,39.78
11.777290530502796,39.79
11.778925724327564,39.79
11.78054590150714,39.79
11.782264351844788,39.79
11.78386327251792,39.79
11.785550229251385,39.79
11.78728848695755,39.78
11.788931041955948,39.78
11.7906428091228,39.78
11.792318768799305,39.79
11.793922618031502,39.78
11.795635543763638,39.77
11.79729488492012,39.77
11.798849765211344,39.77
11.800628673285246,39.77
11.80227330699563,39.77
11.803869094699621,39.78
11.805542547255754,39.79
11.807274803519249,39.78
11.808925621211529,39.78
11.810543101280928,39.78
11.812280274927616,39.79
11.813936222344637,39.78
11.81563676148653,39.77
11.817302227020264,39.77
11.818887889385223,39.78
11.820645850151777,39.78
11.82227622717619,39.77
11.823865801095963,39.77
11.825619250535965,39.78
11.827309001237154,39.78
11.828962948173285,39.76
11.830623470246792,39.77
11.832303050905466,39.77
11.833865564316511,39.78
11.835628546774387,39.78
11.837275419384241,39.78
11.83891697973013,39.79
11.840638671070337,39.77
11.842208553105593,39.77
11.843871779739857,39.78
11.845626473426819,39.77
11.847221292555332,39.78
11.848955005407333,39.78
11.85061265900731,39.78
11.852236971259117,39.77
11.853937704116106,39.78
11.855621557682753,39.78
11.857311591506004,39.78
11.85897296667099,39.79
11.860632214695215,39.79
11.862304329872131,39.79
11.863973148167133,39.79
11.865552932024002,39.78
11.867219120264053,39.78
11.868962571024895,39.78
11.870637010782957,39.77
11.872233334928751,39.78
11.873941335827112,39.79
11.875635609030724,39.78
11.877221137285233,39.78
11.878968201577663,39.78
11.880594588816166,39.78
11.882274013012648,39.78
11.88396766781807,39.79
11.885651208460331,39.79
11.887332305312157,39.79
11.888998337090015,39.78
11.890631508082151,39.79
11.892299570143223,39.78
11.89387758821249,39.79
11.89552703872323,39.79
11.897315494716167,39.79
11.898975066840649,39.79
11.900542497634888,39.79
11.90231217816472,39.79
11.90394314751029,39.79
11.905570164322853,39.8
11.907276391983032,39.79
11.908908370882273,39.79
11.910639822483063,39.79
11.912305422127247,39.78
11.913982395082712,39.79
11.915639478713274,39.79
11.917305309325457,39.78
11.918971795588732,39.79
11.920592281967402,39.79
11.922287169843912,39.79
11.924186866730452,39.79
11.925670135766268,39.79
11.927305828779936,39.8
11.928967647254467,39.79
11.930642914026976,39.79
11.932307928800583,39.79
11.933972608298063,39.79
11.935628898441792,39.79
11.937216900289059,39.79
11.938952583819628,39.8
11.94060018658638,39.8
11.94226985424757,39.79
11.943856801837683,39.79
11.94556362181902,39.78
11.947282534092665,39.79
11.948920600116253,39.79
11.950608406215906,39.79
11.95228273421526,39.8
11.953886404633522,39.79
11.95556914806366,39.8
11.957203850150108,39.81
11.958936393260956,39.81
11.96060535684228,39.8
11.962230157107115,39.79
11.96397478878498,39.8
11.965566962957382,39.79
11.9673061221838,39.79
11.968933038413525,39.8
11.970650807023048,39.8
11.972289375960827,39.8
11.973948810249567,39.79
11.97561415284872,39.8
11.977300696074963,39.79
11.978885680437088,39.79
11.98057733848691,39.8
11.982195999473333,39.8
11.983937792479992,39.8
11.98563389852643,39.8
11.987275306135416,39.8
11.988969404250383,39.8
11.99064775928855,39.8
11.992251303046942,39.8
11.993960682302713,39.8
11.995557848364115,39.8
11.997301828116179,39.8
11.998947579413652,39.8
12.000639162957668,39.8
12.002307150512934,39.8
12.003979742527008,39.8
12.005629483610392,39.8
12.007306136190891,39.8
12.008935201913118,39.8
12.010635044425726,39.8
12.012283820658922,39.8
12.013983711600304,39.8
12.015638522803783,39.8
12.017304446548223,39.8
12.018946077674627,39.8
12.020568806678057,39.79
12.022314377129078,39.79
12.023872833698988,39.8
12.025597780942917,39.79
12.027243882417679,39.79
12.028933547437191,39.79
12.030635695904493,39.79
12.03230719640851,39.79
12.033925004303455,39.79
12.035539761185646,39.8
12.037306416779757,39.79
12.038918145000935,39.79
12.040521323680878,39.79
12.042286463081837,39.79
12.043987799435854,39.79
12.045630659908056,39.8
12.047327283769846,39.79
12.04888965189457,39.79
12.050553128123283,39.8
12.052223958075047,39.79
12.053980194032192,39.79
12.055543974041939,39.79
12.057310983538628,39.79
12.058889664709568,39.79
12.060606937855482,39.79
12.062246847897768,39.78
12.063968658447266,39.78
12.065570704638958,39.79
12.067318573594093,39.78
12.068915966898203,39.77
12.070575080811977,39.78
12.072301790118217,39.78
12.073975794017315,39.78
12.07559797167778,39.78
12.077287673950195,39.79
12.078894756734371,39.78
12.080547038465738,39.79
12.082270052284002,39.8
12.083901219069958,39.78
12.085557956248522,39.79
12.087234400212765,39.78
12.088904786854982,39.78
12.090625926852226,39.79
12.092266269028187,39.79
12.093950938433409,39.77
12.09556870535016,39.77
12.097204003483057,39.77
12.098968494683504,39.77
12.100615695118904,39.78
12.102310068905354,39.78
12.104132436215878,39.78
12.105602387338877,39.77
12.107300113886595,39.78
12.108891911804676,39.78
12.11064401641488,39.78
12.112314574420452,39.77
12.113956239074469,39.78
12.115555822849274,39.79
12.117300551384687,39.78
12.118945203721523,39.77
12.120610408484936,39.78
12.122285533696413,39.77
12.123983144760132,39.78
12.125638402998447,39.78
12.127221718430519,39.77
12.128936879336834,39.77
12.130577519536018,39.77
12.132305763661861,39.77
12.133903592824936,39.77
12.135652083903551,39.77
12.137284509837627,39.78
12.138919152319431,39.78
12.14063961431384,39.78
12.142198119312525,39.77
12.143895477056503,39.77
12.145600367337465,39.77
12.147289894521236,39.78
12.148986078798771,39.78
12.150652099400759,39.77
12.152287293225527,39.77
12.153923470526934,39.77
12.155624520033598,39.78
12.157271329313517,39.78
12.158978011459112,39.78
12.160577476024628,39.78
12.162196356803179,39.78
12.163946870714426,39.78
12.165560767054558,39.78
12.167320523411036,39.78
12.168876100331545,39.79
12.170646850019693,39.78
12.172394067049026,39.78
12.17392960563302,39.78
12.175593666732311,39.78
12.1773197427392,39.78
12.178919535130262,39.78
12.180603701621294,39.78
12.182291645556688,39.78
12.183965653181076,39.78
12.185640465468168,39.79
12.187301203608513,39.78
12.188978776335716,39.78
12.190636813640594,39.77
12.192220035940409,39.77
12.19392728060484,39.79
12.195620350539684,39.79
12.197289753705263,39.78
12.198955662548542,39.78
12.200560927391052,39.78
12.202313650399446,39.78
12.20389298722148,39.78
12.205664612352848,39.78
12.207274191081524,39.78
12.208967126905918,39.78
12.210579592734575,39.78
12.21226891130209,39.79
12.213939595967531,39.79
12.215601447969675,39.78
12.217252377420664,39.78
12.218947321176529,39.78
12.220585722476244,39.79
12.222210481762886,39.78
12.223878625780344,39.78
12.225604742765427,39.78
12.227322358638048,39.78
12.228875789791346,39.78
12.230647403746843,39.78
12.232295222580433,39.78
12.233934212476015,39.77
12.235661771148443,39.78
12.237210776656866,39.78
12.23894114792347,39.78
12.2406184412539,39.77
12.242297302931547,39.78
12.243959754705429,39.78
12.245625521987677,39.78
12.247272156178951,39.79
12.248985543847084,39.79
12.250643506646156,39.79
12.252298798412085,39.78
12.253980617970228,39.78
12.255623001605272,39.79
12.257252797484398,39.78
12.258887432515621,39.78
12.260652378201485,39.77
12.262325625866652,39.78
12.263924852013588,39.78
12.26571948826313,39.78
12.267283722758293,39.78
12.268971875309944,39.79
12.270644690841436,39.79
12.272302191704512,39.78
12.273974820971489,39.79
12.27558023110032,39.78
12.277197241783142,39.79
12.27888996899128,39.78
12.280542612075806,39.78
12.282197300344706,39.79
12.283939097076654,39.79
12.285633590072393,39.79
12.287258006632328,39.79
12.288961235433817,39.79
12.290585428476334,39.78
12.292242672294378,39.79
12.293918952345848,39.79
12.295604195445776,39.79
12.297287154942751,39.79
12.298964578658342,39.79
12.300651982426643,39.78
12.302233081310987,39.78
12.303922522813082,39.79
12.305657345801592,39.78
12.307241100817919,39.77
12.30890953913331,39.77
12.310635022819042,39.78
12.312278360128403,39.78
12.313950717449188,39.78
12.315588600933552,39.78
12.317330073565245,39.79
12.31893303245306,39.79
12.320603467524052,39.78
12.322277013212442,39.78
12.323956996202469,39.78
12.325627341866493,39.78
12.32730057835579,39.78
12.328968841582537,39.78
12.330638781189919,39.77
12.33230422437191,39.78
12.333971876651049,39.78
12.335653990507126,39.78
12.3373252004385,39.78
12.338975477963686,39.77
12.340642124414444,39.78
12.342307224869728,39.78
12.343985423445702,39.78
12.345639385282993,39.78
12.347311776131392,39.77
12.348981335759163,39.77
12.350655481219292,39.77
12.352298747748137,39.77
12.353986103087664,39.78
12.355653751641512,39.77
12.357286285609007,39.77
12.35915195941925,39.77
12.360636979341507,39.77
12.362212013453245,39.77
12.363969683647156,39.77
12.3656538836658,39.76
12.367265064269304,39.77
12.36891170218587,39.77
12.370552659034729,39.78
12.372314561158419,39.78
12.373863350600004,39.78
12.375563822686672,39.77
12.377195727080107,39.77
12.378926955163479,39.77
12.380589731037617,39.77
12.382279951125383,39.77
12.383941873908043,39.78
12.385654829442501,39.77
12.387311853468418,39.77
12.388968721032143,39.77
12.390534307807684,39.77
12.392222315073013,39.78
12.393869444727898,39.78
12.395576432347298,39.76
12.397273130714893,39.77
12.398886993527412,39.77
12.400589846074581,39.77
12.402218881994486,39.76
12.403974361717701,39.77
12.405654221773148,39.77
12.407265827059746,39.76
12.408897552639246,39.77
12.41065550968051,39.77
12.41231956332922,39.77
12.41398125141859,39.77
12.41565065458417,39.77
12.41731783375144,39.77
12.41898174956441,39.77
12.420521467924118,39.77
12.422333527356386,39.77
12.424004547297955,39.77
12.425617344677448,39.76
12.427313309162855,39.77
12.428949065506458,39.76
12.430617406964302,39.76
12.432302601635456,39.77
12.433969359844923,39.77
12.435631465166807,39.77
12.43729542568326,39.77
12.438933659344912,39.77
12.44065596908331,39.77
12.4422518722713,39.77
12.44395848736167,39.77
12.445631835609674,39.78
12.447322499006987,39.77
12.448947098106146,39.78
12.450609050691128,39.78
12.452297829091549,39.77
12.453978821635246,39.77
12.455655127763748,39.78
12.457269668579102,39.78
12.458870973438025,39.78
12.46063894405961,39.79
12.462279558181763,39.79
12.463985443115234,39.78
12.465660106390715,39.78
12.467239081859589,39.77
12.468988731503487,39.77
12.470661010593176,39.78
12.472221460193396,39.78
12.473906427621841,39.78
12.475541722029448,39.78
12.477311991155148,39.78
12.478962827473879,39.78
12.480635810643435,39.78
12.482194140553474,39.78
12.483954899013042,39.78
12.485590562224388,39.77
12.487238127738237,39.77
12.48891557008028,39.77
12.490657519549131,39.77
12.492310363799334,39.77
12.493990428745747,39.78
12.495571989566088,39.77
12.497407361865044,39.78
12.498958498239517,39.77
12.500646471977234,39.77
12.502321679145098,39.78
12.503875955939293,39.78
12.505601312965155,39.77
12.50729263946414,39.78
12.508898422122002,39.78
12.510637443512678,39.79
12.512227788567543,39.78
12.513943679630756,39.78
12.515591070055962,39.77
12.51732175052166,39.77
12.518898699432611,39.78
12.520656615495682,39.78
12.522289160639048,39.77
12.52396073937416,39.78
12.52561305090785,39.78
12.527231875807047,39.78
12.528903499245644,39.77
12.530641805380583,39.78
12.532224979251623,39.77
12.533958811312914,39.78
12.535646129399538,39.78
12.537301272153854,39.77
12.538955271244049,39.78
12.540639240294695,39.77
12.54227440059185,39.77
12.543938554823399,39.77
12.545644126832485,39.78
12.547256775200367,39.77
12.548932664096355,39.77
12.55065043643117,39.77
12.552306164056063,39.77
12.553989633917809,39.77
12.555609941482544,39.77
12.557306546717882,39.77
12.558913610875607,39.78
12.560652993619442,39.78
12.562250025570393,39.78
12.563991200178862,39.77
12.565632943063974,39.78
12.567301247268915,39.77
12.568948809057474,39.77
12.570625633001328,39.77
12.572306782007217,39.76
12.57399420067668,39.76
12.575555711984634,39.76
12.577311012893915,39.76
12.578898753970861,39.77
12.580524057149887,39.77
12.582192439585924,39.77
12.583904452621937,39.77
12.585630469024181,39.78
12.58731434494257,39.77
12.588979132473469,39.77
12.590744379907846,39.77
12.59222586080432,39.77
12.593959234654903,39.77
12.595633339136839,39.77
12.597260154783726,39.77
12.598887164145708,39.77
12.600661683827639,39.77
12.602328009903431,39.77
12.603888273239136,39.78
12.605900324881077,39.77
12.607200410217047,39.77
12.608898922801018,39.77
12.610581740736961,39.77
12.612219624221325,39.76
12.613972749561071,39.76
12.615615334361792,39.76
12.617302145808935,39.77
12.618924796581268,39.77
12.620652191340923,39.77
12.622221939265728,39.77
12.623877510428429,39.77
12.625622630119324,39.76
12.627266239374876,39.76
12.628910772502422,39.76
12.63056980073452,39.77
12.632266584783792,39.76
12.633994948118925,39.75
12.63568540662527,39.75
12.637265581637621,39.76
12.638976864516735,39.76
12.640620190650225,39.75
12.642315588891506,39.76
12.643969215452671,39.76
12.645548939704895,39.75
12.647254407405853,39.76
12.648880135267973,39.76
12.650640171021223,39.76
12.652324605733156,39.77
12.653940238058567,39.76
12.655629508197308,39.76
12.657324019819498,39.75
12.658945359289646,39.75
12.660650979727507,39.75
12.662311688065529,39.75
12.663907274603844,39.75
12.665621936321259,39.76
12.667317651212215,39.75
12.668952066451311,39.75
12.670654572546482,39.75
12.672301895916462,39.75
12.67398277670145,39.75
12.675654344260693,39.75
12.67729427665472,39.76
12.678913671523333,39.76
12.680581409484148,39.76
12.682296801358461,39.75
12.683905880898237,39.75
12.685566689819098,39.76
12.68731888383627,39.76
12.68888732418418,39.75
12.690557096153498,39.74
12.692287869751453,39.75
12.693985760211945,39.75
12.695634946227074,39.75
12.697329137474298,39.75
12.69889197871089,39.76
12.700801204890013,39.75
12.702286668121815,39.75
12.70387750864029,39.75
12.70565815642476,39.76
12.707306731492281,39.74
12.70898149907589,39.75
12.710659772157669,39.75
12.712319858372211,39.75
12.71396954730153,39.75
12.715670682489872,39.75
12.717306736856699,39.76
12.718980841338634,39.75
12.720644924789667,39.74
12.722230203449726,39.74
12.723895214498043,39.75
12.725541029125452,39.74
12.727262757718563,39.75
12.728855483233929,39.75
12.73062976449728,39.75
12.732226736843586,39.75
12.733973909169436,39.76
12.735650397837162,39.76
12.737317834049463,39.75
12.73894615098834,39.75
12.740618534386158,39.76
12.742312677204609,39.76
12.743968605995178,39.75
12.745641328394413,39.75
12.747301995754242,39.76
12.748889587819576,39.75
12.750648718327284,39.75
12.752289395779371,39.75
12.753910899162292,39.75
12.755557931959629,39.75
12.75727242976427,39.75
12.758930373936892,39.75
12.760565642267466,39.75
12.76233509927988,39.75
12.763976201415062,39.75
12.765621144324541,39.76
12.76733123138547,39.76
12.768942754715681,39.76
12.77066221833229,39.76
12.772297706454992,39.76
12.773988086730242,39.76
12.775563348084688,39.76
12.777242831885815,39.76
12.778920613229275,39.75
12.780635729432106,39.75
12.782201532274485,39.75
12.783983513712883,39.76
12.785547468811274,39.75
12.787320647388697,39.76
12.788878239691257,39.76
12.790619287639856,39.75
12.79223745316267,39.75
12.793947346508503,39.75
12.795649413019419,39.75
12.7972960062325,39.75
12.798929374665022,39.75
12.800658490508795,39.75
12.80232447758317,39.75
12.803935758769512,39.75
12.805659841746092,39.75
12.807247024029493,39.75
12.808964159339666,39.75
12.810658771544695,39.75
12.812324691563845,39.75
12.813988737761974,39.76
12.81564176082611,39.76
12.817329443991184,39.75
12.818942740559578,39.75
12.82065999880433,39.75
12.8222132101655,39.76
12.82394927740097,39.76
12.825561329722404,39.76
12.827195290476084,39.76
12.828893169760704,39.76
12.830629158765078,39.77
12.83221735432744,39.76
12.833976849913597,39.76
12.835565362125635,39.76
12.837294831871986,39.76
12.838935520499945,39.75
12.840589795261621,39.75
12.84226094186306,39.76
12.843978986144066,39.76
12.845606371760368,39.76
12.847305439412594,39.76
12.848876427859068,39.76
12.850551556795835,39.76
12.852322213351727,39.76
12.854051634669304,39.76
12.85565411299467,39.77
12.857326235622168,39.77
12.858968954533339,39.76
12.860635485500097,39.77
12.862282618880272,39.77
12.863994181156158,39.77
12.86563976854086,39.77
12.867311101406813,39.77
12.869003668427467,39.77
12.870621848851442,39.77
12.872313641011715,39.77
12.87391497194767,39.77
12.875660110265017,39.77
12.877324614673853,39.77
12.878979090601206,39.77
12.880660030990839,39.77
12.882232509553432,39.77
12.883920092135668,39.77
12.88567366078496,39.77
12.887315403670073,39.76
12.888876337558031,39.76
12.890640437602997,39.76
12.892311543226242,39.75
12.893997490406036,39.76
12.895577918738127,39.76
12.897235345095396,39.76
12.898948527872562,39.76
12.90054801106453,39.76
12.902268908917904,39.75
12.903988189995289,39.76
12.905615970492363,39.77
12.907307878136635,39.76
12.908973075449467,39.76
12.910598266869783,39.77
12.912241570651531,39.76
12.913999799638987,39.76
12.91556679084897,39.76
12.917301822453737,39.76
12.918968215584755,39.76
12.9206627830863,39.76
12.92226392030716,39.76
12.923985213041306,39.76
12.925656948238611,39.77
12.92725045606494,39.77
12.928917482495308,39.77
12.930557444691658,39.78
12.932294931262732,39.76
12.933885291218758,39.75
12.935589715838432,39.76
12.93722166493535,39.76
12.938991405069828,39.77
12.940607089549303,39.77
12.942196812480688,39.78
12.943970885127783,39.77
12.945635944604874,39.77
12.947301372885704,39.77
12.94892080500722,39.77
12.95066811516881,39.77
12.9522818736732,39.77
12.953997887670994,39.77
12.95558563247323,39.77
12.957282338291407,39.77
12.958948779851198,39.77
12.960601698607206,39.77
12.962326541543007,39.77
12.96389077231288,39.76
12.965587079524994,39.76
12.967267155647278,39.76
12.968998979777098,39.77
12.970581479370594,39.77
12.972302976995707,39.77
12.973995480686426,39.78
12.975669167935848,39.78
12.977326646447182,39.77
12.978969402611256,39.77
12.980641484260559,39.76
12.98231489956379,39.77
12.98387399315834,39.78
12.98564376309514,39.77
12.987318307161331,39.77
12.988928847014904,39.77
12.990612778812647,39.77
12.992322694510221,39.77
12.993989922106266,39.77
12.99561208859086,39.76
12.997288927435875,39.77
12.998949091881514,39.78
13.00066016241908,39.78
13.002259653061628,39.77
13.003989160060883,39.78
13.005558773875237,39.77
13.00732046738267,39.77
13.00899038091302,39.76
13.010606177151203,39.76
13.01224159449339,39.76
13.013967011123896,39.76
13.015654139220715,39.76
13.017597071826458,39.75
13.018879383802414,39.76
13.020662777125835,39.76
13.022310297936201,39.76
13.023987002670765,39.76
13.025557953864336,39.75
13.02732776850462,39.75
13.028981689363718,39.76
13.030635934323072,39.76
13.032277505844831,39.76
13.033909745514393,39.75
13.035658027976751,39.76
13.037280403077602,39.76
13.03889499977231,39.75
13.040559519082308,39.76
13.042330119758844,39.76
13.043915361166,39.76
13.045660335570574,39.75
13.047329287976027,39.75
13.048980314284563,39.75
13.05057379975915,39.75
13.05233009904623,39.75
13.053878910839558,39.75
13.05563399195671,39.75
13.057336818426847,39.75
13.058947026729584,39.75
13.060638148337603,39.75
13.062202975153923,39.76
13.063892424106598,39.75
13.065641812980175,39.76
13.067322187125683,39.76
13.068973295390606,39.75
13.070662666112185,39.75
13.072283118963242,39.75
13.073908101767302,39.75
13.075625155121088,39.74
13.077329639345407,39.75
13.07890673354268,39.75
13.080614347010851,39.76
13.082328710705042,39.76
13.083996720612049,39.76
13.085585568100214,39.76
13.087323561310768,39.76
13.088978298008442,39.76
13.09062235802412,39.75
13.09229676425457,39.75
13.093960147351027,39.76
13.095595147460699,39.77
13.097321350127459,39.76
13.098989725112915,39.76
13.100663159042597,39.76
13.102230142802,39.75
13.1039915420115,39.76
13.105634290724993,39.76
13.10730454325676,39.78
13.108868047595024,39.78
13.110640302300453,39.76
13.112333856523037,39.75
13.11398185044527,39.76
13.115560464560986,39.76
13.117207828909159,39.77
13.11895040422678,39.76
13.12064940109849,39.76
13.122239992022514,39.76
13.123886115849018,39.76
13.12559000402689,39.76
13.127265967428684,39.76
13.128903836011887,39.76
13.130648255348206,39.76
13.132274221628904,39.77
13.13399900123477,39.77
13.135651670396328,39.76
13.137266173958778,39.76
13.138961598277092,39.75
13.14053900167346,39.75
13.142313368618488,39.75
13.143937572836876,39.75
13.145596284419298,39.75
13.147328302264214,39.76
13.1489184089005,39.77
13.150569871068,39.77
13.152329966425896,39.76
13.153937481343746,39.75
13.15566322952509,39.75
13.157254125922918,39.76
13.158930379897356,39.76
13.160539917647839,39.76
13.162331368774176,39.76
13.164002019912004,39.75
13.165639981627464,39.75
13.167304951697588,39.74
13.168990086764097,39.78
13.170662056654692,39.74
13.172422975301743,39.73
13.173980344086885,39.76
13.175501458346844,39.76
13.177331898361444,39.75
13.178886000066996,39.75
13.180662855505943,39.75
13.18224760144949,39.74
13.183948419988155,39.73
13.18556073307991,39.74
13.187313936650753,39.74
13.188896555453539,39.75
13.190638169646263,39.75
13.192306909710169,39.74
13.193986669182777,39.75
13.195557784289122,39.74
13.197322193533182,39.74
13.198946662247181,39.74
13.200657222419977,39.74
13.20232880488038,39.73
13.203997321426868,39.75
13.205649118870497,39.75
13.207304298877716,39.74
13.208906780928373,39.74
13.21067139133811,39.75
13.2123247012496,39.73
13.213957447558641,39.74
13.215569481253624,39.74
13.217320121824741,39.74
13.219183534383774,39.74
13.220648862421513,39.74
13.222220670431852,39.74
13.22388769686222,39.75
13.225646927952766,39.75
13.22732874378562,39.75
13.228999741375446,39.75
13.230614844709635,39.74
13.232310246676207,39.74
13.233998980373144,39.75
13.235567547380924,39.75
13.23732291162014,39.75
13.238906476646662,39.75
13.240666598081589,39.75
13.242330372333527,39.74
13.24398522078991,39.75
13.245661977678537,39.75
13.247332964092493,39.75
13.248975601047277,39.74
13.250665049999952,39.73
13.2523138448596,39.73
13.25399561598897,39.74
13.255568567663431,39.74
13.257332880049944,39.74
13.25900550186634,39.73
13.260666348040104,39.74
13.262324456125498,39.74
13.264003492891788,39.74
13.265657346695662,39.74
13.267315901815891,39.74
13.268881253898144,39.73
13.270656265318394,39.73
13.272288598120213,39.72
13.273987472057343,39.72
13.275662574917078,39.73
13.277331482619047,39.72
13.278931453824043,39.72
13.280650936067104,39.72
13.282325457781553,39.72
13.283999029546976,39.71
13.285643938928843,39.7
13.287319831550121,39.7
13.288999304175377,39.73
13.29066625982523,39.72
13.292247790843248,39.71
13.293947167694569,39.7
13.295659482479095,39.71
13.297260373830795,39.71
13.29898989200592,39.71
13.300667468458414,39.71
13.302331361919641,39.71
13.303999166935682,39.71
13.30558566749096,39.71
13.307320106774569,39.72
13.308998480439186,39.72
13.310568165034056,39.72
13.312334842979908,39.73
13.313900355249643,39.73
13.315653312951326,39.73
13.317253768444061,39.73
13.318941462785006,39.73
13.320638082921505,39.73
13.32233103364706,39.72
13.324003260582685,39.73
13.325638931244612,39.73
13.327424079179764,39.71
13.328900396823883,39.71
13.330664049834013,39.7
13.332223538309336,39.7
13.333998773247004,39.71
13.335555963218212,39.71
13.337321177124977,39.71
13.33899711444974,39.71
13.340663723647594,39.71
13.342310272157192,39.71
13.34397854655981,39.71
13.345604032278061,39.71
13.347268253564835,39.71
13.348988253623247,39.71
13.350619621574879,39.71
13.352316208183765,39.71
13.353996429592371,39.72
13.355663485825062,39.71
13.35732889175415,39.71
13.359338540583849,39.73
13.360644392669201,39.73
13.362222917377949,39.72
13.363986123353243,39.72
13.365540985018015,39.73
13.367321338504553,39.72
13.368956424295902,39.71
13.370606552809477,39.72
13.372312545776367,39.72
13.373962827026844,39.71
13.375589709728956,39.72
13.377292856574059,39.71
13.378998070955276,39.72
13.380666796118021,39.71
13.382254809141159,39.71
13.383993729948997,39.71
13.385603487491608,39.71
13.387318328022957,39.71
13.389001086354256,39.71
13.390633065253496,39.71
13.392280474305153,39.71
13.394000314176083,39.72
13.395659942179918,39.72
13.397283654659986,39.72
13.39895173534751,39.72
13.400584787130356,39.72
13.402262631803751,39.72
13.403936251997948,39.73
13.405571918934584,39.73
13.407333832234144,39.73
13.408920485526323,39.73
13.41066548973322,39.72
13.412239354103804,39.73
13.414008252322674,39.73
13.415630500763655,39.73
13.41724780574441,39.73
13.419230379164219,39.74
13.42066377401352,39.72
13.42233132570982,39.72
13.423951152712107,39.73
13.425657846033573,39.72
13.427280522882938,39.73
13.428893346339464,39.73
13.430645007640123,39.74
13.432304952293634,39.72
13.433999121189117,39.72
13.435563623905182,39.73
13.437328413128853,39.73
13.438949309289455,39.72
13.440586782991886,39.72
13.442303944379091,39.73
13.443974032998085,39.73
13.445583019405603,39.73
13.447313215583563,39.73
13.449006587266922,39.73
13.450666327029467,39.74
13.452209986746311,39.72
13.454000677913427,39.72
13.455665972083807,39.73
13.457310140132904,39.72
13.45895604416728,39.72
13.46066565066576,39.73
13.462276615202427,39.73
13.464170292019844,39.73
13.465619754046202,39.73
13.467333976179361,39.74
13.468987584114075,39.72
13.470667388290167,39.72
13.472315050661564,39.72
13.473956633359194,39.72
13.475648403167725,39.73
13.477327156811953,39.74
13.478998720645905,39.73
13.480646286159754,39.73
13.482327714562416,39.73
13.484002854675055,39.73
13.48564763367176,39.73
13.487297669053078,39.72
13.489006523042917,39.53
13.490667425096035,39.58
13.492335088551044,39.67
13.493960991501808,39.71
13.495653178542852,39.7
13.497254319489002,39.72
13.498913861811161,39.72
13.500668913125992,39.72
13.5022880025208,39.72
13.504006456583738,39.71
13.505582094192505,39.72
13.507339637726545,39.73
13.508996989578009,39.72
13.510592810809612,39.72
13.512209512293339,39.72
13.513987246900797,39.72
13.515661932528019,39.72
13.517245132476091,39.72
13.51891715452075,39.71
13.520698130130768,39.73
13.522266305983067,39.72
13.524001836776733,39.72
13.525602269917727,39.72
13.527323074638844,39.71
13.529005974531174,39.7
13.53066036105156,39.7
13.53224003314972,39.71
13.534006260335445,39.7
13.535677783191204,39.71
13.53727687522769,39.72
13.53896688297391,39.72
13.540629588067532,39.71
13.542311090976,39.71
13.543974738568068,39.71
13.545645583420992,39.72
13.547269213944674,39.71
13.54902047291398,39.71
13.550656106323004,39.71
13.55233759433031,39.71
13.55390777438879,39.71
13.555651996284723,39.72
13.55733336135745,39.72
13.558952376246452,39.71
13.56066957488656,39.72
13.562308266758919,39.72
13.563985496759415,39.72
13.565608493983746,39.72
13.567271914333105,39.73
13.568989623337984,39.73
13.570676151663065,39.72
13.572325799614191,39.73
13.573954820632935,39.72
13.575667005032301,39.72
13.577303603291512,39.73
13.578895434737206,39.72
13.580672215670347,39.72
13.582311380654573,39.71
13.583954341709614,39.72
13.585557539016008,39.72
13.587302099913359,39.73
13.588959209620953,39.72
13.590601921081543,39.72
13.592351716011763,39.74
13.593970254063606,39.73
13.595658581703901,39.72
13.597293186932802,39.72
13.598964974284172,39.73
13.600668039172888,39.72
13.602289784699678,39.72
13.603942133486271,39.72
13.605669479817152,39.73
13.607281140983105,39.73
13.608903851360083,39.73
13.61066897585988,39.73
13.612315863370895,39.73
13.61398083716631,39.74
13.615630824118853,39.73
13.617324892431498,39.73
13.61900695413351,39.73
13.620567739009857,39.73
13.622262496501207,39.72
13.62398424372077,39.73
13.625615686178207,39.73
13.627306710928679,39.73
13.628991350531578,39.73
13.630655217915773,39.73
13.632238507270813,39.73
13.63398314267397,39.72
13.635649599134922,39.73
13.637321148067713,39.73
13.638980679214,39.72
13.640617039054632,39.71
13.642324544489384,39.72
13.644006945192814,39.73
13.645633846521378,39.73
13.647279478609562,39.74
13.648916095495224,39.73
13.65054477751255,39.74
13.652231935411692,39.74
13.654003012925386,39.73
13.655644662678242,39.73
13.657310158014297,39.73
13.65901105478406,39.74
13.660667944699526,39.73
13.662335239350796,39.73
13.664003614336252,39.73
13.665679205209017,39.74
13.667338531464338,39.74
13.669011764228344,39.73
13.670658972114325,39.73
13.672335341572762,39.73
13.674003791064024,39.73
13.675583321601152,39.73
13.67733634635806,39.72
13.678968414664268,39.73
13.680624283850193,39.73
13.682317804545164,39.73
13.6839106567204,39.73
13.685677003115416,39.73
13.687308810651302,39.72
13.689007084816694,39.73
13.69058495759964,39.73
13.692329205572605,39.72
13.693985179066658,39.74
13.695666532963514,39.72
13.697319380939007,39.73
13.69893729686737,39.73
13.70065264776349,39.74
13.702270649373531,39.72
13.704006005078554,39.73
13.705631144344807,39.73
13.707337535917759,39.73
13.70959673449397,39.73
13.710650481283665,39.74
13.712337795644999,39.73
13.71398612856865,39.73
13.715647749602795,39.74
13.717299293726683,39.74
13.719002202153206,39.74
13.720669817179441,39.74
13.722314726561308,39.74
13.723987136036158,96.66
13.730537597090006,-2.42
13.738266818225384,39.73
13.73995178192854,39.72
13.741616107523441,39.73
13.743282936513424,39.73
13.744949471205473,39.72
13.746569480746984,39.71
13.748286128044128,39.71
13.749983079731464,39.71
13.751619197428226,39.71
13.753280740231276,39.72
13.75496132671833,39.73
13.756603088229895,39.73
13.758229341357946,39.73
13.759954527020454,39.72
13.76149133965373,39.73
13.763282023370266,39.72
13.764953840523958,39.71
13.76660929247737,39.72
13.768279612064362,39.71
13.769944813102484,39.72
13.7716224193573,39.73
13.77328236401081,39.73
13.774955481290817,39.73
13.776616308838129,39.71
13.77822545915842,39.72
13.779930599033833,39.73
13.781592164188623,39.72
13.78325018286705,39.72
13.784889612346888,39.73
13.786563627421856,39.73
13.788291942328215,39.73
13.789946835488081,39.72
13.791625265032053,39.72
13.793281946331263,39.73
13.794931065291166,39.73
13.796631328761578,39.73
13.798281200230122,39.73
13.79987133294344,39.73
13.801587373018265,38.27
13.809149663895369,-45.69
13.816799502819777,226.33
13.818577017635107,227.0
13.8201684653759,227.2
13.821894563734531,227.92
13.823526103049517,225.85
13.825120449066162,226.43
13.826872739940882,227.77
13.828564926981926,225.66
13.830190751701593,226.33
13.83189419284463,225.85
13.833548620343208,226.33
13.835224356502295,226.33
13.836792074143887,227.39
13.83845530077815,227.2
13.84017100930214,227.87
13.841850224882364,227.97
13.84349961951375,227.68
13.845161620527506,227.39
13.846992116421461,227.77
13.848469626158476,227.92
13.850148797035217,227.39
13.851840127259493,227.39
13.853556126356125,226.43
13.855141922831535,227.0
13.856915965676308,226.81
13.85848480835557,226.33
13.860149629414082,227.0
13.861782629042864,225.85
13.863566722720861,226.43
13.865137100219727,227.0
13.866887167096138,226.62
13.868512477725744,227.2
13.870180360972881,227.2
13.87179946154356,227.39
13.873473301529884,226.24
13.875237800180912,227.39
13.876788407564163,228.25
13.87857611477375,227.39
13.880237270146608,226.43
13.881839469075203,226.04
13.883467957377434,227.1
13.88524267077446,227.77
13.886818893253803,227.15
13.888573855161667,226.91
13.890197556465864,227.68
13.89189225807786,227.49
13.893571693450212,225.66
13.895235426723957,226.81
13.89678356051445,226.04
13.898576602339745,225.61
13.900219783186913,226.62
13.90184623375535,225.49
13.903533559292555,225.61
13.90523499622941,225.47
13.906877130270004,225.64
13.908485654741526,225.66
13.910196963697672,226.33
13.911808803677559,225.6
13.913564804941416,225.52
13.915148418396711,226.72
13.916892651468515,225.62
13.91857012361288,225.66
13.920129597187042,226.81
13.92189958319068,39.72
13.923498697578907,25.88
13.925170928239822,226.62
13.926876928657293,227.77
13.928576674312353,227.15
13.930249657481909,226.04
13.931874375790358,227.15
13.933546137064695,226.91
13.93524120375514,225.64
13.936907663941383,225.85
13.938480746001005,227.68
13.940117225050926,226.04
13.941888842731714,226.33
13.943450007587671,227.1
13.945232402533293,227.1
13.94691814109683,227.49
13.948536477982998,225.85
13.950149938464165,228.16
13.951793476939201,225.66
13.953540150076151,226.72
13.955137517303228,226.04
13.956859737634659,227.58
13.958571135997772,227.39
13.960182394832373,226.24
13.961885556578636,227.0
13.963557999581099,225.66
13.965225327759981,225.85
13.96682832017541,227.2
13.968478083610535,228.06
13.970209512859583,227.92
13.971848499029875,227.58
13.973572827875614,227.92
13.975152917206287,227.2
13.976885180920362,227.0
13.978528432548046,228.25
13.98022373765707,227.77
13.981896620243788,227.2
13.983479227870703,227.87
13.985119428485632,228.49
13.986880149692297,227.39
13.988567791879177,227.92
13.990204237401485,226.43
13.991784207522869,225.85
13.993586998432875,225.85
13.995172623544931,226.72
13.996909655630589,227.77
13.998545277863741,228.45
14.000229638069868,227.2
14.001869160681963,227.77
14.00354016572237,227.2
14.005143247544765,228.35
14.00681308656931,228.54
14.008535090833902,227.97
14.010143723338842,227.2
14.011836256831884,226.43
14.013469610363245,227.58
14.015151970088482,225.66
14.016910172998905,227.77
14.018571484833956,227.58
14.020190589129925,227.68
14.021883770823479,227.2
14.023569885641336,227.1
14.025212295353413,228.49
14.02680204436183,226.91
14.02853948622942,227.68
14.030218448489904,226.43
14.031882800161839,226.43
14.0335504822433,227.58
14.035231545567513,226.43
14.036844700574875,226.72
14.038578875362873,226.72
14.040238998830318,225.66
14.041941318660975,225.66
14.043563324958086,226.91
14.0452422760427,227.39
14.046908240765333,225.85
14.048583496361971,226.43
14.050132673233747,226.43
14.051875002682209,226.04
14.05355554819107,226.91
14.055207256227732,225.66
14.056850533932447,227.39
14.058538358658552,227.2
14.060210179537535,226.81
14.06188215315342,226.43
14.063491225242615,226.24
14.065221142023802,227.68
14.066822804510593,226.72
14.068559389561415,228.71
14.070229794830084,226.81
14.071900095790625,226.04
14.073545508086681,226.33
14.075238682329655,226.33
14.076842032372952,227.39
14.078829128295183,225.85
14.080174773931503,227.77
14.081909503787756,227.2
14.083563104271889,226.33
14.085246413946152,226.91
14.08683517202735,227.97
14.08856537938118,225.66
14.090236887335777,226.81
14.091847494244576,227.2
14.093504875898361,226.91
14.095223274081945,227.39
14.096806436777115,228.06
14.098531745374203,227.68
14.100152980536222,226.33
14.101863134652376,227.2
14.103571951389313,228.73
14.105228174477816,228.45
14.106790535151958,228.16
14.108525682240725,227.92
14.11014737188816,226.43
14.111912198364735,227.2
14.113580591976643,228.3
14.11522263661027,228.3
14.116867333650589,228.35
14.118574351072311,229.02
14.12020829319954,227.97
14.121842052787542,227.2
14.12355275824666,227.87
14.125153947621584,228.35
14.126911275088787,227.77
14.128570403903723,228.25
14.130191333591938,228.73
14.131891373544931,228.54
14.133523058146238,228.3
14.13523954153061,227.39
14.136863797903061,39.75
14.138467658311129,39.75
14.140244726091623,39.75
14.141970925033092,39.75
14.14354433491826,39.76
14.145203683525324,39.76
14.146810542792082,39.76
14.148514173924923,39.75
14.150206871330738,39.76
14.15179654955864,39.76
14.153507512062788,39.76
14.155225344002247,39.76
14.156810283660889,39.76
14.15855536609888,39.75
14.16014613583684,39.75
14.161826025694609,39.75
14.163562070578337,39.75
14.165224485099316,39.75
14.166908908635378,39.76
14.168506007641554,39.75
14.170243538916111,39.75
14.171962056308985,39.75
14.173470888286829,39.76
14.175254318863153,39.75
14.176871228963137,39.75
14.178532291203737,39.76
14.18024268746376,39.76
14.181891907006502,39.76
14.183564990758896,39.75
14.185238406062126,39.75
14.186882756650448,39.76
14.188580553978682,39.75
14.19025918096304,39.76
14.191884856671095,39.76
14.193475101143122,39.76
14.195238575339317,39.76
14.196898858994246,39.76
14.198566913604736,39.76
14.200247444212437,39.76
14.201893988996744,39.76
14.203476700931787,39.76
14.205195028334856,39.77
14.206864975392818,39.77
14.208518393337727,39.76
14.210154056549072,39.76
14.211857009679079,39.76
14.21358746662736,39.76
14.215159423649311,39.75
14.216870155185461,39.76
14.218511272221804,39.77
14.220239151269197,39.77
14.221894357353449,39.76
14.223557975143194,39.77
14.225211504846811,39.78
14.226908832788467,39.76
14.228486083447933,39.76
14.230245798826218,39.76
14.231890007853508,39.76
14.233540635555983,39.76
14.235227957367897,39.76
14.236906174570322,39.76
14.238554868847132,39.76
14.240243382751942,39.76
14.24190703779459,39.75
14.243495773524046,39.75
14.24523501843214,39.75
14.24689345434308,39.76
14.248454324901104,39.77
14.250231131911278,39.75
14.251816891133785,39.76
14.253482393920422,39.76
14.2552350461483,39.76
14.25687761604786,39.75
14.258573845028877,39.76
14.260255865752697,39.76
14.261843550950289,39.76
14.263477135449648,39.76
14.265141122043133,39.76
14.266787365078926,39.76
14.268550794571638,39.76
14.27014708891511,39.76
14.27190851047635,39.76
14.273545376956463,39.76
14.275235965847969,39.76
14.276820007711649,39.76
14.278450272977352,39.75
14.280200880020857,39.76
14.281893644481897,39.76
14.283565454185009,39.76
14.285241525620222,39.76
14.286820013076067,39.76
14.28858020156622,39.76
14.290244724601507,39.76
14.29183929041028,39.76
14.29358185455203,39.76
14.295247744768858,39.75
14.296815864741802,39.76
14.29861168563366,39.76
14.300233647227287,39.75
14.301868848502636,39.75
14.303559388965368,39.75
14.305232558399439,39.76
14.306913640350103,39.77
14.308500424027443,39.77
14.310238163918257,39.76
14.311877753585577,39.75
14.3134800568223,39.76
14.315224967896938,39.75
14.3169090077281,39.76
14.318503174930811,39.76
14.320192284882069,39.76
14.321822442114353,39.76
14.323482140898705,39.76
14.325192827731371,39.76
14.32687945663929,39.76
14.328488647937775,39.75
14.33024263381958,39.74
14.331903077661991,39.75
14.333533320575953,39.75
14.335185743868351,39.75
14.336872078478336,39.75
14.338524021208286,39.75
14.340255532413721,39.76
14.341791674494743,39.74
14.34348563477397,39.75
14.345196790993214,39.75
14.346819519996643,39.76
14.348547831177711,39.75
14.350219678133726,39.75
14.351809710264206,39.75
14.353571813553572,39.75
14.35524683073163,39.76
14.356872387230396,39.75
14.358571879565716,39.75
14.360229443758726,39.75
14.361823916435242,39.74
14.363557782024145,39.75
14.365211300551891,39.76
14.3669039234519,39.75
14.3685138002038,39.74
14.370125118643045,39.75
14.37187322974205,39.75
14.3734832406044,39.76
14.37524200975895,39.76
14.376841399818659,39.76
14.378490753471851,39.76
14.380218643695116,39.75
14.381788857281208,39.75
14.383545126765966,39.76
14.385122928768396,39.76
14.38691844791174,39.76
14.388525579124689,39.76
14.39024868234992,39.75
14.391839019954205,39.76
14.393483683466911,39.77
14.395202308893204,39.76
14.396906785666943,39.76
14.398590691387653,39.76
14.400257673114538,39.75
14.401903443038464,39.75
14.403498910367489,39.74
14.405247200280428,39.75
14.406905461102724,39.75
14.408578123897314,39.76
14.410249806940556,39.76
14.411906842142344,39.74
14.41348222643137,39.75
14.415186289697886,39.75
14.41691366955638,39.75
14.418512657284737,39.75
14.420205861330032,39.75
14.421902406960726,39.75
14.423463560640812,39.75
14.425163447856903,39.76
14.426893163472414,39.75
14.428538799285889,39.76
14.430219024419785,39.76
14.431907389312983,39.76
14.43356842175126,39.76
14.435252357274294,39.76
14.436918400228024,39.76
14.438562903553247,39.74
14.44021624326706,39.75
14.44189540669322,39.76
14.443563297390938,39.76
14.445226732641459,39.75
14.446871548891068,39.76
14.448734201490879,39.75
14.450241185724735,39.76
14.45180581510067,39.75
14.45355312153697,39.76
14.455124098807573,39.75
14.456907734274864,39.76
14.458539981395006,39.76
14.460212145000696,39.76
14.461908642202616,39.75
14.463516555726528,39.76
14.465127710253,39.76
14.46679100766778,39.76
14.468583721667528,39.76
14.470206342637539,39.77
14.471912685781717,39.76
14.473480373620987,39.76
14.475219056010246,39.76
14.476901970803738,39.77
14.478566691279411,39.77
14.480248592793941,39.76
14.481894373893738,39.77
14.483453698456287,39.76
14.485215120017529,39.76
14.486879158765078,39.76
14.488575257360935,39.76
14.490239720791578,39.76
14.491850823163986,39.76
14.49347959086299,39.76
14.495233360677958,39.76
14.496832717210054,39.76
14.498565513640642,39.76
14.50019833818078,39.76
14.501827578991652,39.75
14.50348724424839,39.76
14.505238711833954,39.75
14.506819944828749,39.76
14.508545845746994,39.77
14.510215882211924,39.77
14.511862151324749,39.76
14.51354132220149,39.75
14.515251412987709,39.76
14.5169168561697,39.77
14.518545467406511,39.76
14.520166151225567,39.75
14.52189927175641,39.76
14.52350290864706,39.76
14.525207743048668,39.76
14.526803307235241,39.76
14.528506137430668,39.76
14.530183494091034,39.76
14.53184450790286,39.75
14.53353352099657,39.76
14.535246059298515,39.75
14.536871571093798,39.75
14.538548331707716,39.75
14.540192320942879,39.75
14.541837692260742,39.76
14.543535009026527,39.76
14.545168410986662,39.76
14.546843759715557,39.75
14.548487417399883,39.75
14.55025191232562,39.75
14.55191034451127,39.75
14.553493607789278,39.76
14.55523320659995,39.76
14.556873109191656,39.76
14.558571949601173,39.76
14.560204569250345,39.76
14.561816532164812,39.75
14.563543181866407,39.76
14.565224755555391,39.76
14.566837403923273,39.75
14.56858541816473,39.75
14.570159398019314,39.76
14.571875765919685,39.75
14.573501039296389,39.75
14.575250871479511,39.76
14.576913513243198,39.75
14.57855500280857,39.75
14.580163810402155,39.75
14.581920452415943,39.75
14.583549547940493,39.76
14.585226744413376,39.76
14.586876284331083,39.76
14.588591277599335,39.77
14.59021308645606,39.75
14.591907944530249,39.75
14.593543093651533,39.76
14.59519924968481,39.76
14.596922185271978,39.75
14.598692636936903,39.76
14.600188188254833,39.75
14.60185818374157,39.76
14.603579610586166,39.75
14.605222266167402,39.75
14.606886826455593,39.76
14.608557917177677,39.76
14.610201500356197,39.76
14.611896239221096,39.75
14.613554086536169,39.75
14.615211486816406,39.75
14.616919986903667,39.75
14.618555419147015,39.75
14.620250403881073,39.76
14.621896136552095,39.75
14.623576752841473,39.75
14.625248353928328,39.74
14.626913037151098,39.73
14.628576826304197,39.74
14.630245730280876,39.74
14.631911303848028,39.75
14.633576974272728,39.75
14.6353415325284,39.75
14.636917188763618,39.75
14.638587426394224,39.74
14.640259105712175,39.75
14.641834180802107,39.75
14.64357776939869,39.75
14.645213101059198,39.75
14.646876983344555,39.75
14.6485849134624,39.74
14.650199256837368,39.75
14.651868838816881,39.75
14.653476636856794,39.74
14.655139666050673,39.74
14.656813632696867,39.74
14.658569872379303,39.74
14.660207703709602,39.73
14.661828566342592,39.74
14.66356061771512,39.73
14.66522328183055,39.73
14.666906081140041,39.76
14.668854050338268,39.73
14.670215621590614,39.74
14.671917617321014,39.74
14.67357088252902,39.74
14.675227615982294,39.74
14.676899652928114,39.74
14.678474344313145,39.74
14.680260803550482,39.73
14.681902084499598,39.74
14.683574207127094,39.74
14.685224458575249,39.74
14.686906553804874,39.73
14.688586078584194,39.73
14.690232448279858,39.74
14.69186069816351,39.73
14.693531814962626,39.74
14.695174425840378,39.74
14.696904957294464,39.74
14.698565937578678,39.73
14.700363658368587,39.73
14.701883103698492,39.74
14.703579518944025,39.74
14.705255895853043,39.74
14.706877138465643,39.74
14.708522859960794,39.74
14.710261017084122,39.74
14.711875706911087,39.74
14.713544607162476,39.74
14.715213157236576,39.74
14.716878358274698,39.74
14.71857214346528,39.74
14.720236048102379,39.74
14.721822924911976,39.73
14.7235242202878,39.73
14.725214779376984,39.73
14.726913910359144,39.73
14.728539548814297,39.73
14.730235163122416,39.74
14.731825277209282,39.74
14.733567882329226,39.74
14.735123705118895,39.74
14.736920569092035,39.74
14.738475650548935,39.74
14.74015387520194,39.74
14.741919316351414,39.74
14.743520747870207,39.74
14.74524886906147,39.75
14.746796522289515,39.75
14.748529471457005,39.74
14.750162091106176,39.74
14.75181457400322,39.75
14.75358273461461,39.75
14.75523092225194,238.26
14.756919253617525,39.74
14.758591163903475,39.75
14.76021559163928,39.75
14.76188089698553,39.76
14.763552270829678,39.76
14.765220895409584,39.75
14.766922298818827,39.76
14.768588468432426,226.33
14.770249255001545,227.2
14.771868240088224,227.49
14.773579802364111,228.3
14.775154244154692,228.73
14.776802763342857,227.58
14.778522372245789,228.73
14.780228856950998,228.45
14.781902700662613,227.49
14.783547725528479,229.21
14.785251796245575,229.69
14.786886226385832,228.73
14.788587048649788,228.73
14.790256600826979,229.02
14.791896633803844,227.68
14.793547134846449,227.77
14.795238919556141,227.77
14.796825472265482,228.25
14.798597149550915,229.02
14.800264492630959,229.31
14.80189611762762,293.46
14.80885100737214,-45.82
14.81052092090249,-45.83
14.812194153666496,-45.68
14.813845235854387,-45.65
14.815515894442797,-45.51
14.817181333899498,-45.47
14.823729164898396,227.2
14.825424030423164,228.06
14.827068220824003,294.14
14.828751660883427,293.33
14.830431535840034,229.02
14.832100838422775,39.77
14.833767905831337,229.79
14.835441119968891,39.76
14.837109606713057,39.76
14.838729999959469,39.76
14.840478301048279,39.76
14.842047236859798,39.76
14.843763753771782,39.77
14.845383241772652,39.76
14.847074843943119,39.76
14.848677624017,39.77
14.85043090581894,39.77
14.852085582911968,39.78
14.853777721524239,39.77
14.855344835668802,39.77
14.85700510442257,39.77
14.858717650175095,39.77
14.860433649271727,39.76
14.86204195395112,39.76
14.863766066730022,226.0
14.865410719066858,229.21
14.866996552795172,39.77
14.868761233985424,293.78
14.87593299895525,-2.4
14.883750524371862,39.77
14.885396096855402,39.78
14.887016959488392,39.76
14.888702750205994,39.77
14.890389163047075,39.78
14.892015486955643,39.78
14.89370008930564,39.76
14.895400155335665,39.76
14.897032618522644,39.77
14.898722499608994,39.79
14.900344032794237,39.78
14.902069125324488,39.77
14.903667997568846,39.77
14.905387613922358,39.76
14.907078012824059,39.76
14.908726319670677,39.76
14.910364013165236,39.76
14.912062659859657,39.76
14.913737494498491,39.77
14.915398683398962,39.77
14.916955303400755,39.77
14.91868805885315,39.76
14.920378975570202,39.76
14.92198159173131,39.76
14.923721112310886,39.77
14.925404362380505,39.76
14.926959216594696,39.76
14.928648248314857,124.32
14.935957033187151,-45.7
14.943706255406141,39.77
14.94537603110075,39.77
14.946998219937086,39.76
14.948701083660126,39.76
14.95033759251237,39.76
14.95202475041151,39.77
14.953710496425629,39.77
14.955364774912596,39.77
14.957044813781977,39.77
14.958701103925705,39.77
14.960342455655336,39.78
14.962008457630873,39.77
14.963708762079477,39.77
14.965288382023573,39.76
14.967019028961658,39.77
14.968657851219177,39.77
14.970366928726435,39.76
14.972039069980383,39.76
14.973684925585985,39.76
14.975371930748224,39.76
14.97704877331853,39.76
14.97870847210288,39.76
14.98037600889802,39.76
14.98196392506361,39.76
14.983687784522772,39.77
14.985366694629192,39.77
14.987029381096363,39.77
14.988706510514021,39.77
14.990375310182571,39.77
14.99203995987773,39.77
14.993621964007616,39.76
14.995365884155035,39.76
14.997032556682825,39.76
14.998660996556282,39.76
15.000344831496477,39.77
15.002040471881628,39.77
15.00370404869318,39.77
15.005368608981371,39.76
15.007040649652481,39.76
15.008711963891983,39.76
15.010337501764297,39.76
15.01204178482294,39.77
15.013688948005438,39.78
15.015284027904272,39.77
15.017020307481289,39.77
15.018586993217468,39.77
15.020349808037281,39.77
15.022041633725166,39.76
15.023684229701757,39.76
15.025341663509607,39.77
15.026992361992598,39.77
15.028682384639978,39.77
15.030331179499626,39.76
15.03198990225792,39.76
15.033655121922493,39.77
15.035296883434057,39.77
15.036934524774551,39.76
15.038675475865602,39.76
15.040324095636606,39.76
15.041983932256699,39.76
15.04360044002533,39.77
15.045316107571125,39.77
15.047015096992254,39.77
15.04867671430111,39.77
15.050253465771675,39.76
15.052096050232649,39.77
15.053705677390099,39.78
15.055343046784401,39.77
15.05702243372798,39.77
15.058635838329792,39.76
15.060273326933384,39.77
15.061991106718779,39.77
15.063600849360228,39.77
15.065355565398932,39.76
15.066942818462849,39.77
15.068694613873959,39.76
15.070328135043383,39.76
15.071989625692368,39.77
15.073696870356798,39.76
15.075256686657667,39.76
15.076965782791376,39.76
15.078606579452753,39.76
15.08033174276352,39.76
15.081968072801828,39.76
15.083585925400257,39.76
15.085250277072191,39.76
15.086998455226421,39.77
15.088631708174944,39.77
15.09036474302411,39.77
15.09193093702197,39.77
15.093604952096939,39.77
15.095376960933208,39.76
15.097018115222454,39.76
15.098702002316713,39.76
15.100329268723726,39.76
15.102018006145954,39.76
15.103638015687466,39.76
15.105339385569096,39.76
15.10701772943139,39.77
15.10867253318429,39.76
15.110357381403446,39.76
15.112011514604092,39.77
15.113657910376787,39.76
15.115334946662188,39.76
15.116992257535458,39.75
15.118705913424492,39.76
15.12044259160757,39.76
15.121982250362635,39.75
15.123684994876385,39.76
15.125336159020662,39.76
15.127040520310402,39.77
15.128690551966429,39.77
15.130372010171413,39.75
15.131991904228926,39.75
15.133694481104612,39.76
15.13534776866436,39.76
15.1370297819376,39.75
15.138705540448427,39.75
15.14036612212658,39.75
15.14201769605279,39.76
15.143696751445532,39.75
15.14527227729559,39.76
15.146962199360132,39.75
15.14872558042407,39.75
15.15036142617464,39.76
15.152039546519518,39.76
15.153708782047033,39.75
15.15535268932581,39.76
15.15702973306179,39.75
15.158678721636534,39.75
15.160351485013962,39.75
15.162035185843706,39.76
15.163706321269274,39.76
15.16534649580717,39.76
15.167019978165627,39.76
15.168641056865454,39.75
15.170343689620495,39.75
15.17203214392066,39.75
15.173674453049898,39.76
15.175380639731884,39.76
15.177010517567396,39.76
15.178605578839779,39.75
15.180338848382235,39.75
15.18204203248024,39.75
15.183629773557186,39.75
15.185329020023346,39.76
15.187015250325203,39.75
15.188671458512545,39.75
15.1903657913208,39.75
15.191994938999414,39.76
15.193678129464388,39.76
15.195373632013798,39.76
15.196933295577765,39.76
15.198606502264738,39.76
15.20037405565381,39.76
15.202020198106766,39.75
15.203708499670029,39.76
15.205369975417852,39.76
15.207035977393389,39.75
15.208711717277765,39.76
15.210344679653645,39.75
15.212025430053473,39.75
15.21371067687869,39.75
15.215362913906574,39.75
15.217025063931942,39.75
15.218708977103233,39.76
15.220377657562494,39.76
15.222035683691502,39.77
15.223705925047398,39.76
15.225335903465748,39.76
15.227043844759464,39.76
15.22869499400258,39.75
15.230366967618465,39.76
15.232047747820616,39.77
15.233652874827385,39.76
15.235275745391846,39.76
15.236939325928688,39.76
15.238714061677456,39.75
15.240360893309116,39.75
15.242022953927517,39.76
15.243680961430073,39.75
15.245557457208633,39.76
15.247025310993195,39.76
15.248705610632896,39.76
15.250293266028166,39.76
15.252001479268074,39.77
15.253592643886805,39.76
15.255334094166756,39.76
15.2570167966187,39.76
15.258713584393263,39.76
15.260346878319979,39.76
15.261985648423433,39.76
15.263611417263746,39.75
15.265373680740595,39.76
15.267036207020283,39.76
15.268711362034082,39.76
15.27034368366003,39.76
15.272037137299776,39.76
15.273680448532104,39.76
15.275330130010843,39.76
15.277032144367695,39.76
15.278709206730127,39.76
15.280346289277077,39.77
15.28202448412776,39.76
15.2841528467834,39.76
15.285338252782822,39.76
15.287011973559856,39.76
15.288712911307812,39.76
15.290338039398193,39.76
15.29202227294445,39.77
15.293697156012058,39.76
15.295359577983618,39.76
15.29701441526413,39.76
15.298651941120625,39.77
15.300374917685986,39.77
15.302023373544216,39.77
15.303672604262829,39.77
15.305345423519611,39.77
15.307018175721169,39.77
15.3086745031178,39.77
15.310351841151714,39.77
15.312040690332651,39.77
15.313703630119562,39.76
15.315386522561312,39.77
15.31718710437417,39.77
15.318707138299942,39.77
15.320303823798895,39.77
15.322049580514431,39.77
15.323721006512642,39.77
15.325363967567682,39.77
15.32702912017703,39.76
15.32869989424944,39.77
15.330380354076624,39.77
15.33201664686203,39.77
15.333714611828327,39.77
15.335350405424833,39.77
15.337007287889719,39.77
15.338677980005741,39.77
15.340283498167992,39.77
15.342034585773945,39.77
15.343669842928648,39.77
15.345383111387491,39.77
15.346920173615217,39.77
15.348727494478226,39.77
15.350363530218601,39.77
15.352033827453852,39.77
15.353711869567633,39.77
15.35535391420126,39.77
15.357035905122757,39.76
15.358714830130339,39.77
15.360295109450817,39.77
15.36201499775052,39.77
15.363704960793257,39.77
15.365330837666988,39.77
15.367037620395422,39.77
15.368680316954851,39.77
15.370367381721735,39.77
15.37204733863473,39.77
15.373669598251581,39.77
15.375260435044765,39.76
15.37703837826848,39.76
15.378649272024632,39.76
15.380297623574734,39.76
15.382033288478851,39.76
15.38370780274272,39.77
15.385382007807493,39.76
15.387008659541607,39.76
15.388658829033375,39.77
15.390352882444859,39.76
15.392013512551785,39.76
15.393605377525091,39.76
15.395363621413708,39.76
15.39701621234417,39.75
15.39871183782816,39.76
15.400385338813066,39.76
15.402056135237217,39.76
15.403604056686163,39.77
15.405369780957699,39.76
15.407053172588348,39.75
15.408647954463959,39.77
15.410366456955671,39.77
15.412021171301603,39.76
15.413588147610426,39.76
15.415346309542656,39.76
15.417014122009277,39.76
15.418680731207132,39.74
15.420290097594261,39.75
15.421944327652454,39.75
15.423713833093643,39.76
15.4253553673625,39.76
15.427050773054361,39.76
15.428690023720264,39.76
15.430342365056276,39.75
15.432040136307478,39.75
15.433641865849495,39.76
15.43526029586792,39.76
15.437010951340199,39.77
15.438698038458824,39.75
15.440275941044092,39.75
15.442051149904728,39.76
15.443689838051796,39.76
15.445374719798565,39.75
15.447017315775156,39.75
15.448592886328697,39.75
15.450350917875767,39.76
15.452051863074303,39.77
15.453627947717905,39.76
15.455277543514967,39.76
15.457031711935997,39.76
15.458648178726435,39.77
15.460376005619764,39.76
15.462030671536922,39.75
15.463653687387705,39.75
15.465349420905113,39.75
15.467027012258768,39.76
15.46872003376484,39.75
15.470384545624256,39.75
15.471995677798986,39.76
15.473711494356394,39.75
15.475354857742786,39.76
15.477041453123093,39.76
15.47868536785245,39.76
15.480339001864195,39.75
15.482034862041473,39.75
15.48367290571332,39.75
15.48535767570138,39.76
15.487025063484907,39.76
15.488675639033318,39.76
15.490404572337866,39.76
15.49201850965619,39.76
15.493688747286797,39.75
15.4953856728971,39.76
15.497020483016968,39.75
15.498659890145063,39.75
15.500323418527842,39.75
15.502015676349401,39.74
15.503656230866909,39.75
15.505322434008121,39.74
15.506975699216127,39.75
15.508692547678947,39.75
15.51034064590931,39.75
15.512015171349049,39.75
15.513700231909752,39.75
15.51535203307867,39.74
15.517047740519047,39.74
15.51868436485529,39.75
15.520345747470856,39.76
15.522041715681553,39.75
15.523720156401396,39.74
15.525369673967361,39.75
15.526931378990412,39.75
15.528702426701784,39.74
15.530332297086716,39.74
15.531966410577297,39.74
15.53369215130806,39.74
15.53534909337759,39.74
15.537034012377262,39.74
15.538710482418537,39.74
15.540356699377298,39.74
15.542032603174448,39.74
15.543728649616241,39.73
15.545373946428299,39.73
15.546930588781834,39.74
15.548680514097214,39.73
15.550372738391161,39.72
15.552027124911547,39.73
15.553690776228905,39.74
15.555322851985693,39.74
15.55701468884945,39.73
15.55867324769497,39.73
15.560377016663551,39.73
15.561981491744518,39.73
15.563686564564705,39.73
15.565320067107677,39.73
15.566925019025803,39.72
15.568642497062683,39.73
15.570378828793764,39.73
15.572044044733047,39.74
15.573641039431095,39.73
15.57534870505333,39.73
15.577014438807964,39.73
15.57871862873435,39.73
15.580365728586912,39.73
15.582041952759027,39.73
15.583606719970703,39.72
15.585375167429447,39.73
15.587186343967915,39.74
15.588717196136713,39.74
15.590362321585417,39.74
15.591995663940907,39.74
15.593672376126051,39.73
15.595390025526285,39.73
15.597030524164438,39.73
15.598715376108885,39.74
15.600352454930544,39.74
15.602006547152996,39.74
15.603699643164873,39.74
15.605366423726082,39.74
15.606987029314041,39.73
15.608684480190277,39.73
15.610389336943626,39.74
15.612040624022484,39.74
15.613718833774328,39.73
15.615365009754896,39.73
15.617051746696234,39.73
15.618715178221464,39.73
15.620370645076036,39.73
15.621989756822586,39.73
15.623633496463299,39.73
15.625391647219658,39.74
15.626964122056961,39.74
15.628683257848024,39.74
15.630378279834986,39.73
15.632023125886917,39.73
15.633635737001896,39.73
15.635271336883307,39.74
15.63702780380845,39.74
15.638712231069803,39.73
15.640385128557682,39.74
15.642037715762854,39.74
15.643691904842854,39.73
15.645352214574814,39.74
15.6469700448215,39.75
15.648701094090939,39.75
15.65038500353694,39.75
15.652007088065147,39.75
15.653626423329115,39.75
15.655382186174393,39.75
15.656955443322659,39.76
15.658669970929623,39.75
15.660351399332285,39.75
15.661995362490416,39.74
15.66370178386569,39.74
15.665330741554499,39.74
15.667044799774885,39.75
15.66865611821413,39.75
15.670276328921318,39.75
15.672025267034769,39.74
15.673699736595154,39.75
15.675379060208797,39.74
15.677045900374651,39.74
15.678711365908384,39.75
15.680390603840351,39.75
15.682014256715775,39.75
15.683701314032078,39.74
15.685381822288036,39.74
15.687039591372013,39.75
15.68869287148118,39.74
15.69034942612052,39.74
15.69205192103982,39.75
15.69370574876666,39.75
15.695375945419073,39.74
15.696997869759798,39.75
15.698690295219421,39.75
15.70036642998457,39.74
15.702038902789354,39.75
15.70363549888134,39.75
15.705351632088423,39.75
15.707028429955244,39.75
15.70869555696845,39.75
15.710376046597958,39.75
15.712043069303036,39.74
15.713674258440733,39.75
15.71539494395256,39.75
15.717008497565985,39.75
15.718720108270645,39.75
15.72034177929163,39.74
15.722008883953094,39.74
15.723717454820871,39.75
15.725371588021517,39.76
15.727041989564896,39.76
15.728687148541212,39.76
15.730381328612566,39.75
15.732014026492834,39.77
15.733720541000366,39.77
15.735354747623205,39.77
15.73696418106556,39.76
15.73872023075819,39.76
15.740301296114922,39.76
15.742040779441595,39.76
15.743708554655313,39.76
15.745279226452112,39.76
15.747036784887314,39.76
15.74868381395936,39.76
15.75036634504795,39.75
15.752045843750238,39.76
15.753707740455866,39.76
15.755391422659159,39.76
15.757048714905977,39.77
15.758716408163309,39.76
15.760386254638433,39.76
15.76212851703167,39.76
15.763693138957024,39.77
15.765358049422503,39.77
15.767002057284117,39.76
15.768690947443247,39.76
15.770342778414488,39.76
15.772038903087378,39.76
15.773710567504168,39.75
15.775368962436914,39.75
15.776998568326235,39.77
15.778700821101665,39.76
15.780389849096537,39.76
15.782056052237749,39.75
15.783698074519634,39.76
15.785367082804441,39.76
15.787032086402178,39.76
15.78870289772749,39.75
15.790359497070312,39.76
15.792014561593533,39.76
15.793611992150545,39.76
15.79538343846798,39.76
15.797048788517714,39.76
15.798724666237831,39.75
15.800352733582258,39.75
15.802035465836525,39.75
15.80385036021471,39.75
15.805342052131891,39.74
15.806968715041876,39.74
15.808718457818031,39.75
15.81037537381053,39.75
15.811976589262486,39.75
15.81371657922864,39.75
15.815388578921556,39.74
15.81705492734909,39.73
15.818721137940884,39.74
15.820286553353071,39.73
15.822010558098555,39.74
15.823723066598177,39.74
15.825387243181467,39.75
15.827045686542988,39.75
15.828637044876814,39.75
15.830376997590065,39.74
15.83201476931572,39.74
15.83364263549447,39.74
15.835859388113022,39.74
15.83704736456275,39.74
15.83870342373848,39.73
15.840378116816282,39.74
15.84202516078949,39.73
15.843699358403683,39.73
15.845374327152967,39.73
15.847041744738817,39.73
15.848675951361656,39.74
15.850351318717003,39.73
15.852002125233412,39.74
15.853702511638403,39.73
15.855380602180958,39.74
15.857021182775497,39.74
15.858707673847675,39.74
15.860343612730503,39.74
15.862061005085707,39.73
15.863711938261986,39.73
15.865326654165983,39.74
15.867048487067223,39.74
15.868712805211544,39.74
15.870384246110916,39.74
15.872051443904638,39.74
15.873703394085169,39.74
15.875389475375414,39.74
15.877023711800575,39.73
15.878715939819813,39.74
15.880343306809664,39.74
15.88201504200697,39.74
15.883707918226719,39.73
15.885378140956163,39.73
15.887020874768496,39.74
15.888701926916838,39.75
15.890358686447144,39.75
15.892023403197527,39.74
15.893695075064898,39.75
15.895367406308651,39.75
15.897051125764847,39.75
15.89871870353818,39.75
15.900368392467499,39.75
15.902036651968956,39.75
15.903701782226562,39.75
15.905386935919523,39.76
15.90705395117402,39.75
15.908701751381159,39.75
15.910373948514462,39.75
15.912039201706648,39.74
15.913708254694939,39.74
15.915375091135502,39.74
15.917042065411806,39.73
15.91870691627264,39.73
15.92039493098855,39.74
15.922059256583452,39.73
15.923717185854912,39.74
15.925462558865547,39.74
15.927034053951502,39.73
15.928710922598839,39.73
15.930328194051981,39.73
15.932021126151085,39.74
15.933687560260296,39.73
15.935360714793205,39.73
15.937057301402092,39.74
15.938707552850246,39.75
15.940370433032513,39.74
15.942038785666227,39.74
15.943688914179802,39.75
15.945362478494644,39.75
15.947031490504742,39.73
15.948723278939724,39.74
15.950368233025074,39.74
15.952021148055792,39.75
15.953723017126322,39.74
15.95538505911827,39.74
15.95704973116517,39.73
15.958718448877335,39.74
15.960379600524902,39.74
15.962051216512918,39.74
15.963723551481962,39.74
15.965368129312992,39.75
15.967032000422478,39.74
15.968690998852253,39.75
15.97039095312357,39.75
15.972028899937868,39.75
15.973715521395206,39.75
15.975364774465561,39.75
15.977058205753565,39.74
15.978698272258043,39.74
15.980381652712822,39.74
15.982029512524605,39.74
15.98369487002492,39.74
15.985352609306574,39.75
15.987030044198036,39.74
15.98871497809887,39.75
15.990387737751007,39.75
15.992018640041351,39.73
15.993719480931759,39.74
15.99535421654582,39.73
15.997012659907341,39.74
15.998662382364273,39.75
16.000339303165674,39.74
16.00206097215414,39.74
16.00371665507555,39.74
16.005386147648096,39.75
16.007027935236692,39.75
16.00860022380948,39.75
16.010353449732065,39.74
16.011944137513638,39.74
16.013707533478737,39.74
16.01539070159197,39.75
16.016933925449848,39.74
16.018716614693403,39.74
16.02038699388504,39.75
16.021994430571795,39.74
16.023725237697363,39.73
16.025388102978468,39.74
16.027059618383646,39.74
16.028714530169964,39.74
16.03037628903985,39.73
16.03203509375453,39.73
16.033680204302073,39.73
16.035396579653025,39.73
16.036964286118746,39.73
16.038678012788296,39.74
16.0403930619359,39.74
16.04205395653844,39.74
16.04370791465044,39.74
16.045387286692858,39.73
16.04701178520918,39.73
16.04869681969285,39.73
16.05036372691393,39.73
16.052050683647394,39.73
16.053729977458715,39.74
16.05533516779542,39.74
16.05704975128174,39.74
16.05869548395276,39.73
16.06026955321431,39.73
16.062013771384954,39.73
16.063726618885994,39.73
16.065384645015,39.73
16.066985119134188,39.73
16.06872446835041,39.73
16.070345371961594,39.73
16.072054125368595,39.73
16.073722891509533,39.73
16.075365222990513,39.73
16.07701101526618,39.73
16.07871723547578,39.73
16.080370616167784,39.73
16.08205408602953,39.73
16.0836850553751,39.74
16.08537680655718,39.74
16.087021470069885,39.74
16.088714219629765,39.73
16.09038444980979,39.74
16.092033319175243,39.74
16.093719724565744,39.74
16.09539381414652,39.74
16.09704726189375,39.73
16.098709538578987,39.74
16.100353449583054,39.74
16.102057963609695,39.74
16.103662509471178,39.73
16.105375070124865,39.73
16.107050746679306,39.74
16.108708202838898,39.74
16.11034955829382,39.74
16.11199526488781,39.75
16.113690342754126,39.74
16.1153930015862,39.74
16.1170605532825,39.74
16.11872296780348,39.74
16.12038841843605,39.74
16.122029088437557,39.74
16.123664416372776,39.74
16.125386748462915,39.74
16.12705261260271,39.75
16.12866374850273,39.75
16.13032068684697,39.74
16.132040541619062,39.75
16.13372216001153,39.75
16.135348975658417,39.74
16.136972852051258,39.74
16.138700127601624,39.74
16.1403586640954,39.74
16.142044592648745,39.74
16.1437222994864,39.74
16.145365327596664,39.75
16.14702131971717,39.75
16.148713555186987,39.74
16.150332879275084,39.74
16.152038898319006,39.75
16.153696697205305,39.74
16.155379075556993,39.74
16.157029882073402,39.74
16.158611588180065,39.74
16.16039264202118,39.75
16.161998130381107,39.74
16.16372335329652,39.74
16.165367614477873,39.74
16.167044579982758,39.73
16.16872078552842,39.73
16.170348964631557,39.74
16.172048393636942,39.74
16.1737146563828,39.73
16.175352316349745,39.74
16.17701419815421,39.75
16.17866349965334,39.74
16.180364038795233,39.74
16.182002801448107,39.74
16.18370359018445,39.74
16.185370847582817,39.74
16.186959829181433,39.74
16.188699461519718,39.73
16.19037625193596,39.73
16.192059442400932,39.74
16.193665467202663,39.74
16.19536416232586,39.74
16.197056744247675,39.74
16.198706652969122,39.74
16.20036807656288,39.74
16.202037416398525,39.74
16.203698754310608,39.74
16.205277755856514,39.73
16.20703276619315,39.74
16.20872502401471,39.74
16.21036933362484,39.73
16.212058030068874,39.73
16.213690720498562,39.74
16.215348660945892,39.74
16.217040810734034,39.73
16.21871680766344,39.74
16.220385774970055,39.74
16.22200485318899,39.74
16.22370956838131,39.75
16.225374069064856,39.75
16.2270743586123,39.74
16.228702511638403,39.74
16.230365376919508,39.74
16.232061319053173,39.73
16.233687430620193,39.73
16.235336903482676,39.73
16.2370396964252,39.74
16.23869600147009,39.74
16.240366231650114,39.74
16.241939339786768,39.73
16.24369813129306,39.74
16.245357546955347,39.74
16.247061386704445,39.73
16.248664405196905,39.72
16.25035258382559,39.73
16.2520541138947,39.73
16.253716323524714,39.72
16.255364760756493,39.72
16.256984278559685,39.73
16.25870569050312,39.74
16.26038248836994,39.74
16.26206099241972,39.74
16.263717833906412,39.73
16.265345826745033,39.73
16.26703902333975,39.73
16.268723729997873,39.73
16.27034179866314,39.73
16.27201498672366,39.73
16.273680485785007,39.74
16.275384347885847,39.73
16.277063075453043,39.74
16.278596810996532,39.74
16.280372221022844,39.74
16.282043039798737,39.74
16.283708680421114,39.73
16.285355664789677,39.74
16.287023656070232,39.74
16.28869155421853,39.74
16.29034435749054,39.74
16.29196235165,39.74
16.29361305758357,39.73
16.29539490863681,39.74
16.297028865665197,39.74
16.298711121082306,39.74
16.30034676194191,39.74
16.302054323256016,39.74
16.303702235221863,39.74
16.305387515574694,39.73
16.306936655193567,39.73
16.308683842420578,39.74
16.310333404690027,39.74
16.312025155872107,39.74
16.313698314130306,39.74
16.31534830108285,39.73
16.317055843770504,39.73
16.318724494427443,39.74
16.32037503644824,39.74
16.322064135223627,39.73
16.3237300850451,39.74
16.325395453721285,39.74
16.327046658843756,39.74
16.32872161269188,39.74
16.330377351492643,39.74
16.332043543457985,39.74
16.333707988262177,39.74
16.335380911827087,39.75
16.337132181972265,39.75
16.338702026754618,39.74
16.340374052524567,39.74
16.342063549906015,39.75
16.34371044114232,39.75
16.345376633107662,39.74
16.346992261707783,39.74
16.348650455474854,39.74
16.350282348692417,39.75
16.352067835628986,39.74
16.353668954223394,39.74
16.35538922250271,39.75
16.356976360082626,39.75
16.358727011829615,39.74
16.36035705730319,39.75
16.362044900655746,39.75
16.363713465631008,39.75
16.36539751291275,39.74
16.367025461047888,39.74
16.368716698139906,39.74
16.37039642035961,39.74
16.37201676517725,39.75
16.374072715640068,39.75
16.375317074358463,39.74
16.377051457762718,39.75
16.37872127816081,39.75
16.380363773554564,39.75
16.382058907300234,39.75
16.38363914191723,39.75
16.38533265143633,39.74
16.38704378530383,39.75
16.388730388134718,39.75
16.39039144665003,39.76
16.392059050500393,39.75
16.39366476982832,39.75
16.395397566258907,39.75
16.397061251103878,39.74
16.398718420416117,39.76
16.400393895804882,39.75
16.402066476643085,39.76
16.40369177609682,39.76
16.405397668480873,39.76
16.406942825764418,39.75
16.408713147044182,39.76
16.410379637032747,39.75
16.412049308419228,39.74
16.413701977580786,39.75
16.415371172130108,39.75
16.417059879750013,39.76
16.418729588389397,39.75
16.42040302604437,39.76
16.42204089090228,39.75
16.423715617507696,39.75
16.425333697348833,39.75
16.427034437656403,39.75
16.428720962256193,39.75
16.43030086904764,39.76
16.432046219706535,39.75
16.43372081965208,39.75
16.435393277555704,39.75
16.437020778656006,39.75
16.438668124377728,39.74
16.44036616757512,39.74
16.442062344402075,39.75
16.4436802752316,39.76
16.445323053747416,39.75
16.447016805410385,39.75
16.448698420077562,39.74
16.450361747294664,39.75
16.452023033052683,39.75
16.453694004565477,39.73
16.45538967102766,39.74
16.457052003592253,39.75
16.458711624145508,39.76
16.46035112813115,39.74
16.462070167064667,39.77
16.463720746338367,39.75
16.4653940834105,39.74
16.467056304216385,39.76
16.468729335814714,39.75
16.470281433314085,39.75
16.47205388918519,39.76
16.473722487688065,39.74
16.475401528179646,39.75
16.477067057043314,39.76
16.478693533688784,39.75
16.48055113106966,39.76
16.48205727338791,39.75
16.483729176223278,39.75
16.485381569713354,39.75
16.487058483064175,39.76
16.48869688436389,39.76
16.490382876247168,39.75
16.492065154016018,39.75
16.493694070726633,39.75
16.49536744877696,39.75
16.497057925909758,39.75
16.49871276319027,39.76
16.500358428806067,39.75
16.50199978798628,39.75
16.503643553704023,39.76
16.50540216267109,39.75
16.50702592730522,39.75
16.508734334260225,39.76
16.510382004082203,39.75
16.51206534355879,39.75
16.51372656598687,39.76
16.51540359482169,39.76
16.517044309526682,39.76
16.518735069781542,39.75
16.520388200879097,39.75
16.52203045785427,39.75
16.523694716393948,39.76
16.525344040244818,39.75
16.52701909467578,39.75
16.528725817799568,39.75
16.5303541906178,39.75
16.53200701251626,39.74
16.53370788693428,39.75
16.53539641574025,39.76
16.537050902843475,39.75
16.538706094026566,39.74
16.54042510688305,39.74
16.54206481203437,39.73
16.5436946824193,39.74
16.54539743810892,39.75
16.547050192952156,39.75
16.54868583381176,39.74
16.550396464765072,39.74
16.552058946341276,39.74
16.553709413856268,39.74
16.555356185883284,39.74
16.55700145661831,39.74
16.558684077113867,39.75
16.5603602938354,39.75
16.56206075847149,39.74
16.563684325665236,39.74
16.565395783632994,39.75
16.567034740000963,39.75
16.568728543817997,39.74
16.570368319749832,39.74
16.572050482034683,39.75
16.573724046349525,39.74
16.5753920301795,39.74
16.57695994526148,39.75
16.57873586565256,39.75
16.580385480076075,39.74
16.58206380903721,39.75
16.583702597767115,39.75
16.585367154330015,39.74
16.58703264966607,39.74
16.588729359209538,39.75
16.59036299213767,39.72
16.592045940458775,39.76
16.593720499426126,39.74
16.59539559856057,39.74
16.597037337720394,39.75
16.598710399121046,39.74
16.600366815924644,39.73
16.60206938534975,39.75
16.603736139833927,39.74
16.605397406965494,39.74
16.607008181512356,39.74
16.608724392950535,39.74
16.610357344150543,39.74
16.612019270658493,39.74
16.613717880100012,39.75
16.61535445600748,39.75
16.61702746525407,39.74
16.618692211806774,39.74
16.620288979262114,39.74
16.622054360806942,39.74
16.62367808073759,39.74
16.625269450247288,39.73
16.626964211463928,39.74
16.62867896258831,39.75
16.630283936858177,39.75
16.63206598162651,39.73
16.63368261232972,39.74
16.635334946215153,39.73
16.637071441859007,39.72
16.638727515935898,39.75
16.64038112014532,39.76
16.642064444720745,39.75
16.643715981394053,39.75
16.645395807921886,39.74
16.647059351205826,39.74
16.648729361593723,39.73
16.65036717057228,39.73
16.652046214789152,39.74
16.65362487733364,39.75
16.655377700924873,39.74
16.657055597752333,39.74
16.658702336251736,39.75
16.660366870462894,39.74
16.662048384547234,39.73
16.66371377557516,39.74
16.665336403995752,39.75
16.66705296188593,39.74
16.668736662715673,39.74
16.670364383608103,39.75
16.672043066471815,39.75
16.673689104616642,39.74
16.67542103305459,39.74
16.677066665142775,39.74
16.678743541240692,39.74
16.680387243628502,39.74
16.68204829469323,39.74
16.68369721248746,39.74
16.68529911339283,39.74
16.687022618949413,39.73
16.68869674950838,39.74
16.690368216484785,39.73
16.692059356719255,39.73
16.6936859972775,39.73
16.695394560694695,39.73
16.697032801806927,39.73
16.698737643659115,39.73
16.700383964926004,39.72
16.702029056847095,39.72
16.70367458462715,39.73
16.705352380871773,39.72
16.707062505185604,39.72
16.708686474710703,39.72
16.71032528951764,39.72
16.712058939039707,39.72
16.713714368641376,39.72
16.715390760451555,39.72
16.717050541192293,39.72
16.718721259385347,39.72
16.720505002886057,39.72
16.72207036614418,39.73
16.72368921712041,39.73
16.725391630083323,39.72
16.727073423564434,39.72
16.728731259703636,39.73
16.730383966118097,39.73
16.732063498347998,39.72
16.733709819614887,39.72
16.73538602143526,39.73
16.73701122403145,39.73
16.738699108362198,39.72
16.740356151014566,39.72
16.742060143500566,39.72
16.743708476424217,39.72
16.74540377035737,39.72
16.74705098569393,39.71
16.748732574284077,39.71
16.750363774597645,39.72
16.75207108259201,39.72
16.753698259592056,39.71
16.755401223897934,39.71
16.757021628320217,39.71
16.758706759661436,39.72
16.760381642729044,39.72
16.762028578668833,39.73
16.763695009052753,39.73
16.765408370643854,39.73
16.7670652680099,39.72
16.768740121275187,39.72
16.770405560731888,39.73
16.772008880972862,39.73
16.77370136231184,39.72
16.775395900011063,39.73
16.777003400027752,39.72
16.778704948723316,39.72
16.780362274497747,39.72
16.782048426568508,39.73
16.783695094287395,39.72
16.785401970148087,39.72
16.787034548819065,39.72
16.788737680763006,39.72
16.790395688265562,39.72
16.791978608816862,39.72
16.793679278343916,39.72
16.795393489301205,39.72
16.797054439783096,39.72
16.798672020435333,39.72
16.800289146602154,39.73
16.801986552774906,39.73
16.803744912147522,39.73
16.80533867329359,39.72
16.807057667523623,39.71
16.80870445817709,39.71
16.81039647758007,39.73
16.812052212655544,39.72
16.81373716518283,39.72
16.815398167818785,39.72
16.817062571644783,39.72
16.818690735846758,39.72
16.820414021611214,39.72
16.822048842906952,39.72
16.82372782751918,39.72
16.825396716594696,39.72
16.82705921307206,39.72
16.82871374115348,39.71
16.83036084473133,39.71
16.832021437585354,39.72
16.833731196820736,39.72
16.83539977297187,39.71
16.83704426139593,39.72
16.838729366660118,39.72
16.84039945155382,39.72
16.84207431972027,39.72
16.84373778104782,39.71
16.84540282934904,39.71
16.84703515470028,39.7
16.848729833960533,39.7
16.85040533542633,39.71
16.852051451802254,39.7
16.85369436815381,39.7
16.855386320501566,39.7
16.85707399994135,39.7
16.858712930232286,39.7
16.86032372713089,39.7
16.862057991325855,39.71
16.863733936101198,39.71
16.865339376032352,39.71
16.867011532187462,39.71
16.86873249709606,39.7
16.870399720966816,39.7
16.87203750759363,39.7
16.873720355331898,39.71
16.875365141779184,39.7
16.877055075019598,39.7
16.87870814651251,39.71
16.880289398133755,39.71
16.88194263726473,39.7
16.883725617080927,39.7
16.88538807630539,39.7
16.887067962437868,39.7
16.888717982918024,39.7
16.89037800580263,39.7
16.89206850528717,39.71
16.893725711852312,39.71
16.895392425358295,39.69
16.89705614000559,39.7
16.8987052179873,39.7
16.900355253368616,39.71
16.902006473392248,39.7
16.903710711747408,39.7
16.905402325093746,39.7
16.907021835446358,39.7
16.90872957929969,39.69
16.910348940640688,39.7
16.912059266120195,39.7
16.913720779120922,39.7
16.915391013026237,39.7
16.917038656771183,39.7
16.918734952807426,39.71
16.920356400310993,39.71
16.922046069055796,39.72
16.923734448850155,39.71
16.925356313586235,39.71
16.92706960812211,39.71
16.92873129621148,39.71
16.93040082231164,39.72
16.93203952535987,39.72
16.933709923177958,39.71
16.935385152697563,39.72
16.937072288244963,39.71
16.938688352704048,39.7
16.940396171063185,39.7
16.942023266106844,39.69
16.9437204785645,39.7
16.94538328796625,39.7
16.9469699524343,39.7
16.948672346770763,39.72
16.950377270579338,39.7
16.952242739498615,39.7
16.95373621582985,39.7
16.955407310277224,39.71
16.95707232132554,39.7
16.958710219711065,39.69
16.960320204496384,39.68
16.96203588694334,39.75
16.963645681738853,39.68
16.965380683541298,39.7
16.967069815844297,39.71
16.9687331430614,39.71
16.970382779836655,39.71
16.972075514495373,39.7
16.973727952688932,39.69
16.9753460213542,39.71
16.9770675227046,39.7
16.978731974959373,39.7
16.98037013784051,39.71
16.98205431178212,39.71
16.98372272402048,39.71
16.985386453568935,39.7
16.986956402659416,39.7
16.988698482513428,39.7
16.99030388519168,39.7
16.991952184587717,39.7
16.993734620511532,39.7
16.995377741754055,39.71
16.99704162031412,39.71
16.998719278723,39.71
17.00040788203478,39.71
17.00206220895052,39.7
17.003732427954674,39.7
17.005376659333706,39.71
17.006986394524574,39.71
17.008731849491596,39.71
17.01040530949831,39.7
17.012074880301952,39.71
17.013736210763454,39.71
17.015407130122185,39.7
17.017057977616787,39.71
17.018626160919666,39.72
17.020381074398756,39.72
17.02202595770359,39.72
17.02370624989271,39.72
17.025407277047634,39.72
17.027064226567745,39.72
17.02873869985342,39.72
17.03040438145399,39.72
17.032080717384815,39.73
17.033736489713192,39.73
17.035408549010754,39.73
17.03707493841648,39.73
17.03874469920993,39.72
17.040404319763184,39.72
17.042050324380398,39.72
17.0436360090971,39.72
17.04540327563882,39.72
17.047062031924725,39.73
17.04873899370432,39.73
17.050390999764204,39.74
17.052046574652195,39.73
17.05373278260231,39.73
17.055367521941662,39.73
17.057064935564995,39.73
17.05873901769519,39.74
17.060371086001396,39.74
17.062050867825747,39.73
17.06366477161646,39.73
17.065359715372324,39.73
17.067048583179712,39.74
17.06869190186262,39.73
17.07040536403656,39.73
17.072084061801434,39.74
17.07371911033988,39.73
17.07533175870776,39.73
17.07699978724122,39.73
17.078741408884525,39.73
17.080364990979433,39.72
17.081957675516605,39.74
17.083741385489702,39.73
17.08534014970064,39.71
17.086984362453222,39.72
17.088674068450928,39.72
17.09039318934083,39.73
17.092035334557295,39.72
17.09373877942562,39.73
17.09534076973796,39.73
17.097036235034466,39.73
17.098732642829418,39.72
17.10039309412241,39.72
17.10202645510435,39.73
17.103741116821766,39.72
17.105395775288343,39.72
17.10707588493824,39.73
17.108727019280195,39.73
17.110365472733974,39.73
17.11205668002367,39.73
17.1137424595654,39.73
17.115390218794346,39.72
17.117033772170544,39.72
17.11876318231225,39.73
17.12036118283868,39.73
17.122037392109632,39.72
17.123691000044346,39.73
17.125407826155424,39.74
17.12704173475504,39.73
17.128736536949873,39.72
17.130373500287533,39.72
17.132049664855003,39.73
17.133733190596104,39.73
17.13540417701006,39.73
17.137046843767166,39.73
17.138702370226383,39.73
17.140357203781605,39.74
17.142082381993532,39.73
17.143728960305452,39.73
17.145413365215063,39.74
17.147057220339775,39.73
17.148614399135113,39.73
17.15037600696087,39.73
17.152009207755327,39.73
17.15373244136572,39.73
17.155361033976078,39.74
17.157059714198112,39.73
17.1587493121624,39.73
17.16038465872407,39.73
17.162032555788755,39.73
17.1637379899621,39.73
17.165390703827143,39.73
17.167075976729393,39.73
17.168692845851183,39.74
17.170407190918922,39.73
17.172059040516615,39.74
17.173711583018303,39.74
17.175374820828438,39.75
17.17705873399973,39.75
17.17874189093709,39.74
17.180407464504242,39.74
17.18203441426158,39.74
17.183655720204115,39.74
17.185403313487768,39.74
17.187045820057392,39.74
17.188731376081705,39.74
17.190331492573023,39.74
17.192057333886623,39.73
17.193733148276806,39.74
17.19534070044756,39.74
17.197068948298693,39.74
17.198703728616238,39.74
17.200418036431074,39.74
17.20204985141754,39.74
17.203670896589756,39.74
17.205382734537125,39.74
17.207055278122425,39.74
17.208730421960354,39.73
17.21035024896264,39.73
17.21203950420022,39.73
17.21372965723276,39.74
17.21539770439267,39.75
17.217018850147724,39.74
17.218683782964945,39.74
17.2204003110528,39.74
17.222067393362522,39.74
17.223693549633026,39.74
17.225411374121904,39.74
17.227077562361956,39.74
17.2287264354527,39.74
17.230366956442595,39.73
17.23206053301692,39.74
17.233737591654062,39.74
17.235403958708048,39.75
17.237057756632566,39.74
17.23870949819684,39.73
17.240411940962076,39.73
17.242073144763708,39.75
17.24374472349882,39.75
17.24538243189454,39.74
17.24706882983446,39.74
17.248727075755596,39.74
17.250396244227886,39.74
17.2520819529891,39.74
17.25371441245079,39.74
17.25538508594036,39.75
17.257071912288666,39.73
17.258744582533836,39.75
17.26038407161832,39.74
17.26205387338996,39.75
17.263780005276203,39.75
17.265406906604767,39.76
17.267063699662685,39.75
17.268743760883808,39.74
17.27038424089551,39.74
17.27205180376768,39.75
17.27371894195676,39.75
17.275386571884155,39.74
17.277077596634626,39.75
17.27874056622386,39.74
17.28038701415062,39.75
17.282055146992207,39.76
17.283726822584867,39.75
17.285405855625868,39.74
17.28706857934594,39.73
17.288738660514355,39.74
17.290414821356535,39.75
17.292077638208866,39.74
17.29374534264207,39.73
17.29541228339076,39.73
17.297079019248486,39.74
17.298725072294474,39.75
17.30034112930298,39.76
17.302069656550884,39.74
17.303706541657448,39.73
17.30537125095725,39.74
17.307072680443525,39.74
17.308731269091368,39.75
17.310373723506927,39.73
17.31205139681697,39.74
17.313701197504997,39.74
17.31536676734686,39.75
17.31720120832324,39.75
17.31871171295643,39.75
17.32038765400648,39.75
17.32206156849861,39.74
17.323731057345867,39.74
17.32538003101945,39.75
17.327078938484192,39.74
17.328680247068405,39.75
17.33040490373969,39.74
17.33204961568117,39.74
17.333737663924694,39.75
17.33539332076907,39.74
17.33708370476961,39.74
17.338703479617834,39.74
17.34031417965889,39.74
17.342076506465673,39.74
17.343717824667692,39.75
17.34537858888507,39.74
17.347049705684185,39.73
17.348732475191355,39.74
17.350400529801846,39.74
17.35204227268696,39.74
17.35373793914914,39.74
17.355380456894636,39.74
17.35705453529954,39.75
17.35874280706048,39.75
17.360402319580317,39.74
17.362042743712664,39.74
17.36364694312215,39.75
17.36539951339364,39.74
17.367054421454668,39.74
17.3687377050519,39.75
17.3703650906682,39.74
17.3720509596169,39.74
17.373742640018463,39.74
17.37540939077735,39.74
17.377077657729387,39.75
17.378713447600603,39.74
17.380401834845543,39.74
17.38207469880581,39.74
17.383694663643837,39.74
17.385335598140955,39.74
17.387079123407602,39.74
17.38871818780899,39.73
17.39039494842291,39.74
17.39207772910595,39.75
17.393746979534626,39.74
17.39541283622384,39.74
17.397071212530136,39.74
17.39871261268854,39.73
17.400390293449163,39.73
17.402055326849222,39.74
17.403701692819595,39.74
17.40540323406458,39.75
17.407055884599686,39.75
17.40873048454523,39.74
17.410381142050028,39.74
17.412035074084997,39.74
17.41374970972538,39.74
17.415384456515312,39.74
17.417042590677738,39.75
17.418729562312365,39.73
17.420376013964415,39.73
17.42201665788889,39.73
17.423685062676668,39.74
17.42541553452611,39.74
17.427074879407883,39.74
17.428719952702522,39.74
17.430367805063725,39.75
17.432067908346653,39.75
17.433681417256594,39.74
17.435347702354193,39.74
17.437035404145718,39.75
17.438733499497175,39.74
17.440415397286415,39.74
17.442061211913824,39.73
17.44372398406267,39.73
17.44540660083294,39.73
17.447019901126623,39.74
17.448753245174885,39.73
17.450379498302937,39.72
17.452045395970345,39.72
17.453714232891798,39.74
17.455376401543617,39.78
17.457049433141947,39.73
17.458742540329695,39.75
17.460378721356392,39.74
17.46206435933709,39.74
17.463741421699524,39.74
17.465406090021133,39.74
17.467055201530457,39.75
17.46874988079071,39.74
17.47035053372383,39.74
17.472032479941845,39.74
17.473739311099052,39.74
17.475406274199486,39.73
17.477075304836035,39.74
17.478703875094652,39.74
17.480393294245005,39.74
17.482030641287565,39.74
17.483688198029995,39.74
17.485349107533693,39.73
17.48696807026863,39.73
17.48874808475375,39.74
17.490419551730156,39.75
17.49206929653883,39.74
17.493701219558716,39.74
17.49537019431591,39.74
17.496994473040104,39.74
17.498732157051563,39.74
17.500408496707678,39.74
17.502074923366308,39.74
17.503750264644623,39.74
17.50537446886301,39.74
17.506974957883358,39.75
17.50873425602913,39.75
17.51041764393449,39.75
17.512037739157677,39.74
17.513636361807585,39.75
17.515414990484715,39.75
17.51705703139305,39.75
17.518748924136162,39.75
17.52038373798132,39.74
17.522043839097023,39.74
17.52373070269823,39.75
17.525377966463566,39.75
17.527082048356533,39.75
17.528728682547808,39.74
17.530369020998478,39.76
17.532081950455904,39.76
17.533745672553778,39.75
17.535398434847593,39.74
17.537026278674603,39.75
17.538748368620872,39.76
17.540382158011198,39.75
17.54207681491971,39.75
17.54373064637184,39.74
17.54540790989995,39.74
17.547026947140694,39.75
17.54873761534691,39.75
17.550416886806488,39.75
17.55208532139659,39.74
17.553708653897047,39.75
17.55540743842721,39.75
17.557011555880308,39.74
17.558739975094795,39.75
17.560381710529327,39.74
17.562066692858934,39.74
17.563734479248524,39.75
17.56538476794958,39.76
17.567032609134912,39.76
17.568721897900105,39.75
17.5703762806952,39.75
17.572070322930813,39.76
17.5736876539886,39.75
17.575399287045002,39.75
17.577055297791958,39.75
17.578746661543846,39.75
17.580363396555185,39.75
17.582053415477276,39.76
17.58368730545044,39.76
17.58538343757391,39.76
17.587056793272495,39.75
17.588746942579746,39.75
17.59036847949028,39.75
17.592034969478846,39.76
17.5937396325171,39.76
17.59540218487382,39.75
17.59703789278865,39.76
17.598742727190256,39.76
17.600418269634247,39.75
17.60208923742175,39.76
17.60370008274913,39.75
17.60537587478757,39.76
17.607072088867426,39.76
17.60872730985284,39.75
17.610310681164265,39.76
17.612061023712158,39.76
17.613708071410656,39.76
17.615349233150482,39.76
17.61707492172718,39.75
17.618744142353535,39.76
17.620417330414057,39.76
17.622018303722143,39.76
17.62363912537694,39.75
17.62535109370947,39.76
17.62698397040367,39.75
17.628736842423677,39.75
17.63037045672536,39.75
17.632025074213743,39.76
17.633691035211086,39.76
17.635411519557238,39.75
17.637086275964975,39.75
17.63873502984643,39.75
17.640377204865217,39.76
17.642067454755306,39.76
17.643749475479126,39.76
17.645369213074446,39.76
17.64705990999937,39.76
17.64873545616865,39.76
17.650418646633625,39.75
17.652062874287367,39.76
17.65371709316969,39.75
17.655377231538296,39.75
17.65702136605978,39.75
17.65874958783388,39.76
17.660778120160103,39.75
17.66202488169074,39.75
17.66369491070509,39.76
17.665400214493275,39.75
17.66704562306404,39.76
17.66871313750744,39.76
17.670394390821457,39.76
17.672052465379238,39.76
17.673737570643425,39.77
17.67537372559309,39.76
17.67705661430955,39.76
17.67875101417303,39.76
17.680408343672752,39.76
17.68208397552371,39.76
17.68370619043708,39.75
17.685388538986444,39.76
17.687064670026302,39.76
17.688752215355635,39.75
17.69036154448986,39.76
17.69208576530218,39.76
17.693719368427992,39.76
17.695420183241367,39.76
17.697079207748175,39.76
17.698741149157286,39.77
17.700383488088846,39.76
17.70201889052987,39.76
17.70371574535966,39.75
17.70536520332098,39.76
17.707061421126127,39.76
17.708682157099247,39.76
17.710371393710375,39.76
17.71209192276001,39.76
17.713747769594193,39.77
17.71540416404605,39.76
17.71708820387721,39.76
17.71870633587241,39.76
17.720420006662607,39.76
17.722089059650898,39.76
17.723683822900057,39.76
17.725414976477623,39.76
17.727086640894413,39.75
17.728750843554735,39.76
17.730420257896185,39.76
17.73203317821026,39.76
17.73370958864689,39.76
17.735392786562443,39.76
17.737025190144777,39.74
17.73873119801283,39.75
17.74039026349783,39.74
17.742080729454756,39.75
17.743745643645525,39.75
17.745397567749023,39.75
17.747508000582457,39.75
17.74870193004608,39.75
17.75036732107401,39.75
17.752040173858404,39.76
17.753725580871105,39.76
17.755366761237383,39.76
17.757041733711958,39.76
17.75873377919197,39.75
17.760422229766846,39.76
17.762070257216692,39.76
17.76368271559477,39.76
17.765370048582554,39.75
17.767037238925695,39.75
17.768736600875854,39.75
17.770365100353956,39.76
17.77205990254879,39.76
17.77372456714511,39.75
17.775423157960176,39.75
17.777008719742298,39.76
17.778712790459394,39.75
17.78035444021225,39.76
17.782046984881163,39.76
17.78371888771653,39.75
17.785390291363,39.75
17.787096604704857,39.76
17.788714088499546,39.75
17.790361013263464,39.75
17.79216143861413,39.75
17.79370302334428,39.74
17.79541366174817,39.74
17.79707471653819,39.74
17.798754833638668,39.75
17.80041180551052,39.75
17.80209057033062,39.75
17.803707905113697,39.75
17.80541704595089,39.75
17.80708760023117,39.74
17.808738611638546,39.75
17.81036965176463,39.74
17.812055371701717,39.75
17.81368910521269,39.75
17.8154204711318,39.75
17.817068554461002,39.75
17.818757202476263,39.75
17.82042444497347,39.76
17.822083745151758,39.75
17.823745232075453,39.75
17.825395360589027,39.75
17.827066380530596,39.75
17.828709468245506,39.75
17.830388445407152,39.75
17.832067649811506,39.75
17.833711471408606,39.74
17.835369620472193,39.75
17.837054684758186,39.74
17.838755313307047,39.74
17.840391028672457,39.74
17.841976083815098,39.74
17.843753408640623,39.73
17.845394924283028,39.74
17.84706101939082,39.74
17.848735887557268,39.74
17.85036613792181,39.74
17.852087073028088,39.74
17.85364793613553,39.74
17.855420101433992,39.74
17.857049196958542,39.73
17.858746517449617,39.73
17.86040160059929,39.75
17.862052101641893,39.74
17.863750718533993,39.73
17.865401282906532,39.73
17.867040529847145,39.74
17.868716601282358,39.75
17.87038215249777,39.74
17.87220711633563,39.74
17.8737180121243,39.74
17.875349383801222,39.74
17.877091612666845,39.75
17.87874872237444,39.74
17.880424790084362,39.75
17.8820789642632,39.75
17.883744277060032,39.75
17.885411240160465,39.74
17.8870842307806,39.73
17.888760529458523,39.73
17.89042690396309,39.74
17.892090048640966,39.73
17.893741618841887,39.73
17.895416539162397,39.74
17.89707477390766,39.74
17.89875604957342,39.74
17.900356400758028,39.73
17.902087964117527,39.74
17.90367951616645,39.74
17.90539839863777,39.74
17.90699654817581,39.74
17.908739488571882,39.74
17.91040536761284,39.74
17.91203587129712,39.74
17.913706488907337,39.74
17.91537569090724,39.74
17.917092751711607,39.74
17.91873210668564,39.74
17.920379128307104,39.73
17.92204025015235,39.74
17.92373299598694,39.74
17.92542004585266,39.74
17.927066691219807,39.74
17.92874062806368,39.73
17.93037397414446,39.73
17.932079400867224,39.74
17.933752980083227,39.74
17.93540744483471,39.74
17.937020491808653,39.73
17.938722528517246,39.74
17.94040499255061,39.74
17.94205718487501,39.74
17.943721007555723,39.73
17.94537726044655,39.73
17.947063703089952,39.74
17.948751240968704,39.74
17.950368247926235,39.74
17.952032390981913,39.73
17.953739553689957,39.73
17.95541437715292,39.73
17.957090377807617,39.74
17.958749406039715,39.74
17.960418324917555,39.74
17.96204198896885,39.74
17.963757418096066,39.74
17.965383481234312,39.73
17.96705475449562,39.74
17.96868360042572,39.74
17.97037899494171,39.73
17.97206713631749,39.74
17.973727468401194,39.73
17.975413125008345,39.73
17.977083802223206,39.73
17.978761442005634,39.74
17.980375580489635,39.73
17.982034385204315,39.74
17.98364706337452,39.74
17.985374957323074,39.73
17.98705928400159,39.73
17.9887167327106,39.73
17.990381836891174,39.73
17.99205021187663,39.74
17.993720702826977,39.74
17.9954074062407,39.73
17.997047819197178,39.72
17.998714953660965,39.73
18.00041290745139,39.73
18.002091519534588,39.73
18.0036936737597,39.73
18.00541464984417,39.72
18.007049418985844,39.73
18.008701868355274,39.74
18.010399393737316,39.74
18.012060567736626,39.73
18.013746961951256,39.73
18.015375178307295,39.73
18.01705575361848,39.73
18.01872554793954,39.73
18.02038709446788,39.74
18.02206126600504,39.73
18.02371895685792,39.73
18.02542147412896,39.73
18.027030419558287,39.74
18.028752632439137,39.74
18.030421182513237,39.73
18.032059159129858,39.74
18.033743903040886,39.75
18.03540986031294,39.75
18.037056673318148,39.73
18.038691073656082,39.73
18.040311191231012,39.74
18.04207680374384,39.74
18.043746512383223,39.75
18.045419827103615,39.75
18.04696012288332,39.75
18.048746418207884,39.74
18.050420429557562,39.74
18.052022602409124,39.74
18.053746223449707,39.73
18.055360231548548,39.73
18.057021763175726,39.74
18.05875288695097,39.74
18.060386084020138,39.74
18.062076900154352,39.74
18.063758671283722,39.73
18.065387949347496,39.73
18.067084789276123,39.74
18.068726748228073,39.75
18.070386927574873,39.73
18.072065632790327,39.74
18.073750127106905,39.74
18.07540301606059,39.74
18.07707577943802,39.75
18.078743889927864,39.74
18.08036210387945,39.74
18.082092069089413,39.74
18.083706468343735,39.74
18.085413485765457,39.75
18.08702089637518,39.74
18.08871064707637,39.75
18.090383905917406,39.75
18.092056822031736,39.74
18.093707524240017,39.74
18.09541216120124,39.75
18.09703830257058,39.74
18.098760280758142,39.73
18.100406460464,39.73
18.10203579440713,39.73
18.103693902492523,39.74
18.105424642562866,39.73
18.10708463937044,39.74
18.108754314482212,39.73
18.11038639396429,39.73
18.11203632876277,39.72
18.113758400082588,39.72
18.11540237441659,39.72
18.11708080023527,39.73
18.118745677173138,39.73
18.120400741696358,39.74
18.122046928852797,39.74
18.12372061237693,39.73
18.125387880951166,39.73
18.126972123980522,39.74
18.128748685121536,39.75
18.130425110459328,39.73
18.132088370621204,39.73
18.13372003287077,39.74
18.135355684906244,39.73
18.13705489784479,39.73
18.138738550245762,39.74
18.140386316925287,39.73
18.142081044614315,39.73
18.143715500831604,39.73
18.145406160503626,39.72
18.147086713463068,39.73
18.148705825209618,39.73
18.15041534975171,39.72
18.152049023658037,39.73
18.15374455600977,39.73
18.155410315841436,39.73
18.15704521164298,39.72
18.158731929957867,39.73
18.160357899963856,39.72
18.162059228867292,39.72
18.16374833881855,39.73
18.16543010622263,39.73
18.167057640850544,39.73
18.168755788356066,39.73
18.17039093747735,39.74
18.172081016004086,39.73
18.17375484481454,39.72
18.17536874115467,39.73
18.177035562694073,39.73
18.17871879786253,39.73
18.180364672094584,39.73
18.182054556906223,39.73
18.1837195456028,39.73
18.185424584895372,39.73
18.187083069235086,39.72
18.18876076117158,39.73
18.19040386751294,39.73
18.192074451595545,39.72
18.193725548684597,39.72
18.19543619826436,39.73
18.197083208709955,39.73
18.198720060288906,39.74
18.200369529426098,39.74
18.202080495655537,39.74
18.203758489340544,39.73
18.205373529344797,39.73
18.207103721797466,39.73
18.208754494786263,39.73
18.210408944636583,39.73
18.212094247341156,39.74
18.213707342743874,39.74
18.215430956333876,39.74
18.217079024761915,39.73
18.2187596000731,39.73
18.220420628786087,39.73
18.22202454134822,39.72
18.22356155142188,39.73
18.22539872676134,39.74
18.22705687582493,39.74
18.22872741892934,39.74
18.23040981590748,39.73
18.23204791545868,39.73
18.233714539557695,39.72
18.235366515815258,39.73
18.237097680568695,39.73
18.238751653581858,39.73
18.240363623946905,39.73
18.242079831659794,39.74
18.24369689449668,39.73
18.245365664362907,39.73
18.246996629983187,39.74
18.248742770403624,39.73
18.250414792448282,39.73
18.2521009221673,39.73
18.253699649125338,39.72
18.255403488874435,39.72
18.257048953324556,39.73
18.258734613656998,39.72
18.260429672896862,39.72
18.26208794862032,39.72
18.263761524111032,39.73
18.26541431993246,39.73
18.267065957188606,39.73
18.268744233995676,39.73
18.27037288248539,39.72
18.27205366641283,39.72
18.273712515830994,39.73
18.275364741683006,39.73
18.277000926434994,39.74
18.278757348656654,39.73
18.280373010784388,39.73
18.282080441713333,39.73
18.28373236209154,39.73
18.285431247204542,39.74
18.28709515556693,39.73
18.28876281529665,39.74
18.290426801890135,39.74
18.29204920679331,39.74
18.29366148635745,39.74
18.295430928468704,39.73
18.297057561576366,39.72
18.298711072653532,39.72
18.30038644373417,39.72
18.302090782672167,39.74
18.303705878555775,39.73
18.305369410663843,39.73
18.30709618330002,39.73
18.308678720146418,39.73
18.310644425451756,39.73
18.312098249793053,39.73
18.313737738877535,39.73
18.31541122868657,39.74
18.31703258305788,39.73
18.318728536367416,39.73
18.320400465279818,39.74
18.322054229676723,39.73
18.323723454028368,39.73
18.325399231165648,39.73
18.32706006988883,39.73
18.328707586973906,39.73
18.330380719155073,39.75
18.332091037184,39.74
18.333714086562395,39.74
18.335379887372255,39.73
18.33709590882063,39.74
18.33870928362012,39.75
18.340403765439987,39.74
18.342052586376667,39.74
18.343675546348095,39.75
18.345409598201513,39.74
18.347098469734192,39.73
18.34874415397644,39.74
18.350375071167946,39.75
18.352033227682114,39.75
18.353899527341127,39.74
18.35543155670166,39.75
18.35706502944231,39.75
18.35871149599552,39.74
18.36039048433304,39.74
18.36206539347768,39.75
18.363745611160994,39.74
18.365416038781404,39.74
18.3670747987926,39.75
18.36874733492732,39.74
18.370391357690096,39.75
18.372096493840218,39.75
18.373745895922184,39.74
18.375410608947277,39.74
18.376960422843695,39.75
18.378732204437256,39.75
18.380386751145124,39.76
18.382064942270517,39.75
18.383710451424122,39.74
18.38540345802903,39.74
18.38702242821455,39.75
18.38876761496067,39.74
18.39042603224516,39.74
18.392063718289137,39.75
18.393723011016846,39.75
18.39541430771351,39.74
18.397060967981815,39.74
18.398713767528534,39.74
18.40034781396389,39.75
18.402084559202194,39.74
18.403782226145267,39.74
18.405377462506294,39.75
18.407100174576044,39.74
18.408715561032295,39.74
18.41042048484087,39.72
18.41207528859377,39.74
18.413988072425127,39.75
18.415356181561947,39.75
18.41708207502961,39.74
18.41876319050789,39.74
18.420432843267918,39.73
18.422049425542355,39.74
18.423720370978117,39.73
18.425367433577776,39.73
18.427053660154343,39.74
18.428757905960083,39.74
18.430367808789015,39.74
18.432044200599194,39.73
18.433726996183395,39.73
18.435400050133467,39.74
18.437058124691248,39.74
18.438696950674057,39.73
18.440419137477875,39.73
18.441989857703447,39.74
18.443696446716785,39.74
18.445424407720566,39.73
18.447074327617884,39.74
18.448759891092777,39.73
18.450399722903967,39.72
18.45209852978587,39.73
18.453743070364,39.73
18.455425262451172,39.73
18.457068763673306,39.73
18.458764098584652,39.73
18.460410572588444,39.74
18.462060142308474,39.74
18.463687747716904,39.74
18.465382643043995,39.73
18.467056166380644,39.73
18.468720845878124,39.73
18.47038846462965,39.73
18.47206947952509,39.73
18.473721761256456,39.74
18.475390248000622,39.74
18.47703229635954,39.73
18.478701774030924,39.73
18.480388209223747,39.73
18.482078332453966,39.73
18.48374306038022,39.73
18.485429007560015,39.73
18.48709724843502,39.73
18.488718319684267,39.72
18.490427400916815,39.73
18.492060095071793,39.73
18.493725549429655,39.73
18.495396673679352,39.73
18.49709501489997,39.73
18.498764231801033,39.73
18.50041051954031,39.73
18.502097070217133,39.72
18.503751661628485,39.72
18.505423951894045,39.73
18.507095262408257,39.72
18.508741531521082,39.72
18.510435294359922,39.73
18.512105263769627,39.73
18.513773545622826,39.73
18.515418648719788,39.74
18.517029494047165,39.73
18.51874789968133,39.72
18.52043668553233,39.72
18.522022519260645,39.73
18.523676995187998,39.73
18.52538425475359,39.73
18.527048744261265,39.73
18.5287468098104,39.73
18.53043419122696,39.73
18.532100066542625,39.73
18.53372747451067,39.73
18.535371083766222,39.74
18.537059351801872,39.74
18.538724530488253,39.74
18.54043271765113,39.73
18.54209714010358,39.73
18.543707437813282,39.73
18.54542127624154,39.73
18.547033291310072,39.74
18.548767566680908,39.74
18.55041327700019,39.73
18.552087284624577,39.74
18.553763560950756,39.74
18.555402852594852,39.73
18.557026457041502,39.74
18.558768402785063,39.74
18.560431074351072,39.73
18.562109250575304,39.73
18.5637235827744,39.74
18.5654342956841,39.74
18.56703422218561,39.73
18.568752337247133,39.73
18.570399180054665,39.73
18.57205518707633,39.74
18.57375992462039,39.73
18.57541761174798,39.74
18.57705681398511,39.73
18.578743986785412,39.74
18.58036795631051,39.74
18.582100614905357,39.72
18.583768121898174,39.72
18.585404567420483,39.72
18.587080910801888,39.73
18.588698107749224,39.73
18.590381126850843,39.73
18.592087414115667,39.73
18.59370780363679,39.73
18.595422755926847,39.73
18.597089037299156,39.73
18.59877749532461,39.74
18.60043326765299,39.73
18.602100230753422,39.72
18.603908125311136,39.72
18.60540422052145,39.73
18.607048217207193,39.74
18.608726173639297,39.73
18.61043306440115,39.72
18.612095683813095,39.74
18.613759458065033,39.74
18.615419883280993,39.74
18.617062520235777,39.74
18.618711031973362,39.73
18.62037742882967,39.74
18.62205107137561,39.74
18.62374819815159,39.74
18.62535149976611,39.73
18.627085279673338,39.74
18.628767892718315,39.74
18.63037210702896,39.73
18.632082987576723,39.73
18.63376111164689,39.74
18.635434933006763,39.74
18.63708647713065,39.74
18.638696167618036,39.74
18.64042843133211,39.75
18.642096929252148,39.75
18.643768284469843,39.74
18.645418353378773,39.75
18.647065948694944,39.75
18.648763332515955,39.75
18.65043441951275,39.74
18.65210161358118,39.74
18.653749901801348,39.73
18.655421026051044,39.74
18.657081995159388,39.74
18.65876317024231,39.74
18.66041275113821,39.74
18.662101440131664,39.75
18.66376105323434,39.73
18.665434956550598,39.74
18.667069636285305,39.74
18.668755162507296,39.73
18.670437917113304,39.73
18.67211076244712,39.74
18.673764549195766,39.74
18.67540168762207,39.74
18.67709343507886,39.74
18.678728573024273,39.74
18.680202312767506,39.73
18.682093750685453,39.74
18.68372905999422,39.75
18.685391295701265,39.74
18.68703166767955,39.74
18.688755080103874,39.75
18.69039348885417,39.75
18.692049451172352,39.74
18.69373831152916,39.73
18.69542843848467,39.73
18.697093963623047,39.73
18.698772978037596,39.72
18.700398586690426,39.72
18.702027276158333,39.73
18.70373133569956,39.74
18.705339036881924,39.73
18.70705760270357,39.74
18.708753615617752,39.74
18.71041901037097,39.74
18.712084490805864,39.74
18.71373561397195,39.74
18.715406760573387,39.73
18.717107627540827,39.74
18.718737453222275,39.74
18.720441181212664,39.73
18.722089502960443,39.73
18.723726525902748,39.74
18.725419580936432,39.74
18.72709833458066,39.74
18.728758737444878,39.75
18.730374682694674,39.74
18.73209934309125,39.74
18.733744647353888,39.75
18.73541682958603,39.76
18.73698602989316,39.75
18.738718792796135,39.74
18.740416951477528,39.73
18.742088478058577,39.74
18.74376666545868,39.74
18.745406687259674,39.73
18.74706980958581,39.73
18.74875722452998,39.73
18.750425077974796,39.74
18.75205897539854,39.73
18.75376432389021,39.74
18.755432598292828,39.73
18.75707372650504,39.74
18.758770290762186,39.74
18.760394223034382,39.73
18.762100763618946,39.73
18.76370808109641,39.74
18.76541741937399,39.74
18.767070069909096,39.73
18.76874840632081,39.73
18.770366810262203,39.73
18.772089052945375,39.73
18.773759469389915,39.72
18.775357399135828,39.72
18.777086462825537,39.73
18.778725437819958,39.72
18.78033996000886,39.72
18.78206031396985,39.72
18.783760517835617,39.72
18.78542621433735,39.72
18.787086218595505,39.72
18.788721710443497,39.72
18.79039702564478,39.72
18.7920773178339,39.72
18.793767612427473,39.73
18.795421302318573,39.73
18.797093879431486,39.71
18.79875723645091,39.69
18.80042602866888,39.73
18.80209806933999,39.75
18.803748674690723,39.69
18.80542343109846,39.7
18.807070773094893,39.72
18.808760855346918,39.71
18.810339242219925,39.7
18.812048330903053,39.7
18.81375987455249,39.7
18.815418496727943,39.69
18.817086473107338,39.69
18.8187551535666,39.7
18.82040198519826,39.7
18.822057388722897,39.71
18.823762737214565,39.71
18.825397539883852,39.71
18.82705209031701,39.71
18.828762132674456,39.7
18.830394998192787,39.7
18.832081094384193,39.71
18.833749257028103,39.71
18.835438672453165,39.7
18.837111864238977,39.7
18.838740196079016,39.7
18.84039268642664,39.71
18.84209132194519,39.71
18.84372879564762,39.7
18.84543462842703,39.71
18.847061816602945,39.7
18.848742678761482,39.7
18.8504095710814,39.7
18.85207500308752,39.71
18.85376963764429,39.72
18.85541494935751,39.71
18.857046715915203,39.71
18.858720149844885,39.7
18.86032225191593,39.7
18.862058721482754,39.7
18.863739017397165,39.71
18.86542435362935,39.71
18.867062125355005,39.71
18.868765123188496,39.7
18.870409574359655,39.7
18.872092127799988,39.71
18.87372586503625,39.72
18.875427793711424,39.71
18.877086225897074,39.71
18.878735400736332,39.7
18.880397081375122,39.7
18.88208756968379,39.7
18.883775897324085,39.7
18.88536200672388,39.71
18.887034356594086,39.7
18.888725705444813,39.7
18.890435080975294,39.7
18.89208745956421,39.7
18.89377984777093,39.7
18.89538760855794,39.71
18.8970185816288,39.7
18.898741208016872,39.7
18.900410175323486,39.7
18.902080681174994,39.7
18.90372582897544,39.7
18.905432295054197,39.71
18.907069511711597,39.71
18.908766608685255,39.7
18.91040465608239,39.7
18.912106309086084,39.7
18.913702815771103,39.7
18.915374007076025,39.7
18.917034082114697,39.7
18.918731842190027,39.69
18.920387260615826,39.7
18.922035723924637,39.7
18.923735342919827,39.7
18.925389274954796,39.7
18.92710741236806,39.7
18.928757034242153,39.7
18.930400382727385,39.7
18.932096756994724,39.7
18.933772414922714,39.7
18.935390189290047,39.71
18.936986673623323,39.71
18.938715498894453,39.7
18.94040821865201,39.71
18.942066848278046,39.7
18.943763189017773,39.71
18.945412438362837,39.71
18.947103809565306,39.71
18.948788929730654,39.7
18.950430504977703,39.69
18.95207490772009,39.7
18.953770387917757,39.7
18.955441299825907,39.7
18.957040324807167,39.7
18.958757668733597,39.7
18.96044208481908,39.71
18.962098766118288,39.7
18.963734410703182,39.7
18.965416833758354,39.7
18.967039793729782,39.71
18.968745701014996,39.71
18.97039834409952,39.71
18.972091495990753,39.7
18.97373705357313,39.71
18.975386150181293,39.71
18.977201722562313,39.71
18.978751070797443,39.7
18.980415020138025,39.71
18.982088912278414,39.7
18.983735267072916,39.7
18.985403761267662,39.71
18.98711222782731,39.7
18.98876992240548,39.72
18.990426164120436,39.71
18.992080569267273,39.71
18.993716053664684,39.71
18.99539566412568,39.71
18.9970549531281,39.71
18.99870355054736,39.71
19.00039841979742,39.71
19.002093583345413,39.71
19.003720447421074,39.7
19.005386892706156,39.71
19.00706785917282,39.7
19.008774645626545,39.71
19.010413520038128,39.71
19.01209844276309,39.71
19.01372981071472,39.71
19.015362329781055,39.71
19.017075050622225,39.71
19.01875566318631,39.71
19.020447824150324,39.71
19.02210358902812,39.71
19.02374327927828,39.71
19.0253846347332,39.7
19.027090836316347,39.7
19.02875543385744,39.7
19.03040198981762,39.71
19.032064847648144,39.71
19.03368603438139,39.71
19.03541610389948,39.71
19.03706106171012,39.71
19.03872723504901,39.71
19.04042898863554,39.71
19.04209604486823,39.71
19.043745815753937,39.72
19.045431416481733,39.71
19.04701304808259,39.71
19.048732552677393,39.71
19.05034365877509,39.71
19.052092112600803,39.72
19.053721204400063,39.7
19.055399164557457,39.73
19.05709231644869,39.69
19.058761909604073,39.7
19.060400545597076,39.74
19.062101341784,39.72
19.06376577168703,39.72
19.06542069464922,39.72
19.0670972391963,39.72
19.068736992776394,39.73
19.070379566401243,39.72
19.072029653936625,39.72
19.07376280426979,39.73
19.075429771095514,39.71
19.077065113931894,39.72
19.078726544976234,39.72
19.08031840249896,39.72
19.082086887210608,39.73
19.08369617164135,39.73
19.085425719618797,39.71
19.08711014315486,39.72
19.08876509964466,39.72
19.090440303087234,39.71
19.092109993100166,39.71
19.093686658889055,39.72
19.09543626010418,39.72
19.09721092507243,226.33
19.098732072860003,225.65
19.10037161409855,225.65
19.102094274014235,226.43
19.103743083775043,225.65
19.10536551475525,226.43
19.10706990212202,227.0
19.108784284442663,225.56
19.110454976558685,225.64
19.11209325119853,227.0
19.113704580813646,227.1
19.1154062487185,226.33
19.117042753845453,227.15
19.11872761324048,226.04
19.120420884341,226.43
19.12211038172245,225.66
19.123695760965347,225.85
19.125445008277893,225.66
19.12704173102975,227.92
19.128715202212334,225.85
19.1303970515728,225.66
19.13208108395338,226.81
19.13373466208577,225.66
19.135368958115578,226.24
19.137107335031033,225.35
19.138761289417744,225.35
19.140400979667902,225.47
19.142112016677856,225.59
19.14373493939638,238.05
19.145444337278605,39.7
19.147118143737316,39.73
19.148766204714775,39.73
19.15037278831005,39.7
19.1521072126925,39.72
19.153705939650536,39.74
19.155427366495132,39.74
19.157055463641882,39.75
19.158777065575123,39.74
19.16043173149228,39.74
19.162085942924023,39.74
19.16371413692832,39.75
19.165428947657347,39.75
19.167109560221434,39.74
19.168764878064394,39.7
19.170398265123367,39.7
19.172107074409723,39.72
19.173721075057983,39.74
19.17540307715535,39.72
19.177002154290676,39.7
19.178778495639563,39.71
19.180424835532904,39.7
19.18210705369711,39.71
19.183763243258,39.73
19.18544777855277,39.72
19.187102269381285,39.7
19.18871046602726,39.71
19.190377924591303,39.71
19.192040730267763,39.71
19.193757474422455,39.71
19.19538137689233,39.71
19.197066180408,39.69
19.198757153004408,39.71
19.200429920107126,39.71
19.202081184834242,39.72
19.203719291836023,39.72
19.20541262999177,39.72
19.207063000649214,39.71
19.20875497162342,39.7
19.21040289476514,39.72
19.2121076695621,39.71
19.21373775601387,39.71
19.215367700904608,39.71
19.217042934149504,39.71
19.218707285821438,39.72
19.22034491226077,39.72
19.222073774784803,39.71
19.22373117879033,39.71
19.225408900529146,39.71
19.227024398744106,39.72
19.22870371863246,39.72
19.230335734784603,39.72
19.232036627829075,39.72
19.233706448227167,39.72
19.2354299351573,39.71
19.237116791307926,39.71
19.23875279352069,39.72
19.240367952734232,39.72
19.24206155911088,39.73
19.24372298642993,39.73
19.24543285742402,39.72
19.2470566034317,39.73
19.248720560222864,39.73
19.25043424591422,39.71
19.252107191830873,39.72
19.25369741022587,39.72
19.255429930984974,39.72
19.257098738104105,39.72
19.258733928203583,39.73
19.26043477654457,39.71
19.26205798983574,39.72
19.263732954859734,39.72
19.26542303338647,39.72
19.267069697380066,39.72
19.26876662299037,39.72
19.270443934947252,39.72
19.272093940526247,39.73
19.27372655272484,39.73
19.27539476007223,39.72
19.277004703879356,39.71
19.278745971620083,39.72
19.280433654785156,39.72
19.282065756618977,39.72
19.283746030181646,39.71
19.28540612012148,39.73
19.28710601478815,39.72
19.28877466917038,39.72
19.29045668244362,39.72
19.292115941643715,39.72
19.293775003403425,39.7
19.29544587433338,39.71
19.297071762382984,39.72
19.298771861940622,39.72
19.300443772226572,39.72
19.30205710977316,39.72
19.303748317062855,39.73
19.305421598255634,39.71
19.30706002190709,39.73
19.308770582079887,39.72
19.310440488159657,39.72
19.312111478298903,39.71
19.313716899603605,39.72
19.3154027312994,39.72
19.317059591412544,39.73
19.31872196123004,39.72
19.32037338986993,39.72
19.322108261287212,39.71
19.323771193623543,39.72
19.32544455677271,39.72
19.327076084911823,39.72
19.32872299104929,39.72
19.330400437116623,39.71
19.33206745609641,39.71
19.333752248436213,39.71
19.33534773811698,39.72
19.337118197232485,39.71
19.338760159909725,39.72
19.34043676033616,39.71
19.34206486493349,39.71
19.34372867271304,39.72
19.34538335725665,39.72
19.347111396491528,39.7
19.34877971932292,39.71
19.35044700279832,39.72
19.352103888988495,39.7
19.353766784071922,39.71
19.35542494058609,39.72
19.35708449408412,39.71
19.358726292848587,39.7
19.360415384173393,39.71
19.362048991024494,39.71
19.36377028748393,39.72
19.365439116954803,39.7
19.367062702775,39.72
19.368721194565296,39.71
19.370414324104786,39.7
19.372104860842228,39.7
19.373766615986824,39.71
19.375419702380896,39.7
19.377050075680017,39.71
19.37875160202384,39.71
19.380431097000837,39.71
19.382113367319107,39.72
19.383784040808678,39.71
19.385418940335512,39.71
19.387109227478504,39.71
19.388749435544014,39.72
19.39043042436242,39.7
19.39209107682109,39.71
19.393762223422527,39.71
19.39545724913478,39.72
19.397072963416576,39.72
19.398736223578453,39.71
19.40042655915022,39.71
19.40206704288721,39.71
19.40374108031392,39.71
19.4054012298584,39.71
19.407101914286613,39.71
19.408752396702766,39.71
19.41040673851967,39.71
19.412060145288706,39.7
19.413689844310284,39.7
19.41544210910797,39.7
19.41709402948618,39.69
19.41876046732068,39.7
19.420400515198708,39.71
19.422062270343304,39.7
19.42371765896678,39.7
19.42542989552021,39.7
19.42706150561571,39.7
19.428723990917206,39.72
19.43044487386942,39.7
19.432085175067186,39.7
19.43373453617096,39.69
19.43542357161641,39.7
19.437080189585686,39.7
19.438746623694897,39.71
19.440344888716936,39.7
19.442107547074556,39.69
19.443751234561205,39.69
19.4453852660954,39.69
19.447046756744385,39.7
19.44872746616602,39.7
19.450444880872965,39.7
19.452124509960413,39.7
19.453780449926853,39.7
19.455461136996746,39.7
19.457041334360838,39.7
19.458770107477903,39.69
19.460558377206326,39.69
19.462082147598267,39.7
19.463787779211998,39.7
19.46537397056818,39.69
19.46706188097596,39.69
19.468768004328012,39.69
19.47045001760125,39.68
19.472101595252752,39.68
19.473749577999115,39.69
19.475443698465824,39.68
19.477121956646442,39.69
19.47877272590995,39.69
19.480394028127193,39.68
19.48210257291794,39.67
19.48378299921751,39.66
19.485414896160364,39.68
19.487067244946957,39.69
19.488764345645905,39.68
19.49044159054756,39.69
19.4921144656837,39.69
19.49372485652566,39.69
19.495447251945734,39.69
19.497099209576845,39.67
19.498736165463924,39.68
19.500394016504288,39.69
19.50209240615368,39.68
19.503730952739716,39.69
19.505430176854134,39.68
19.507037367671728,39.69
19.50876860693097,39.69
19.510392401367426,39.7
19.51210119575262,39.7
19.513767909258604,39.7
19.515450097620487,39.69
19.517069421708584,39.69
19.51877799257636,39.7
19.520399667322636,39.7
19.522119104862213,39.69
19.523776255548,39.69
19.525450188666582,39.69
19.52711994946003,39.69
19.528736677020788,39.7
19.53039426729083,39.69
19.532116182148457,39.69
19.53373033180833,39.69
19.535434160381556,39.69
19.537006556987762,39.7
19.53873759508133,39.69
19.540400754660368,39.69
19.54209203645587,39.7
19.54377143085003,39.7
19.545445308089256,39.7
19.54709978029132,39.69
19.548743806779385,39.68
19.5504069365561,39.69
19.55210493132472,39.69
19.553780995309353,39.7
19.55545225739479,39.7
19.557093635201454,39.7
19.558725085109472,39.69
19.56043979898095,39.68
19.562113363295794,39.7
19.56378535926342,39.69
19.565412551164627,39.69
19.56704344972968,39.69
19.568776927888393,39.7
19.570406787097454,39.7
19.572061829268932,39.7
19.573779717087746,39.7
19.57544459030032,39.71
19.57711297273636,39.71
19.57870114967227,39.71
19.580409545451403,39.7
19.582118555903435,39.7
19.583729028701782,39.7
19.585387751460075,39.7
19.587057821452618,39.71
19.58878179639578,39.71
19.590375546365976,39.71
19.592035930603743,39.71
19.59374438971281,39.71
19.595447588711977,39.71
19.59709255769849,39.71
19.59878495335579,39.71
19.600451044738293,39.71
19.602104488760233,39.71
19.603780645877123,39.71
19.605456084012985,39.71
19.607114627957344,39.71
19.608713176101446,39.71
19.610403146594763,39.72
19.61206416040659,39.72
19.613770555704832,39.71
19.615436006337404,39.72
19.61704246327281,39.71
19.618773210793734,39.72
19.620426286011934,39.71
19.62211748957634,39.71
19.623774219304323,39.71
19.62539629265666,39.71
19.627096343785524,39.71
19.62877717241645,39.71
19.630442194640636,39.71
19.63210480287671,39.7
19.633775141090155,39.71
19.63541631400585,39.71
19.637069534510374,39.71
19.638786863535643,39.71
19.640414774417877,39.71
19.64211132004857,39.72
19.6437531337142,39.72
19.64544427394867,39.73
19.64707063511014,39.72
19.648719895631075,39.72
19.650374062359333,39.72
19.652119535952806,39.72
19.653704471886158,39.72
19.65542095899582,39.72
19.657048493623734,39.71
19.658777751028538,39.72
19.660436630249023,39.72
19.66209765151143,39.72
19.663729537278414,39.72
19.66539977490902,39.72
19.66709192097187,39.72
19.668775983154774,39.73
19.670408993959427,39.72
19.672112360596657,39.72
19.67378519102931,39.72
19.675576139241457,39.72
19.677069645375013,39.72
19.67876521870494,39.72
19.68041307106614,39.73
19.68208122998476,39.72
19.683742571622133,39.73
19.6854426600039,39.73
19.6870829872787,39.72
19.68875463679433,39.72
19.69043466076255,39.71
19.692080158740282,39.72
19.693762950599194,39.73
19.695417426526546,39.73
19.697082094848156,39.73
19.698770862072706,39.73
19.700449652969837,39.73
19.70210500061512,39.73
19.70376144349575,39.73
19.705427695065737,39.72
19.707109846174717,39.73
19.708779454231262,39.73
19.71043322607875,39.73
19.712123699486256,39.73
19.713773645460606,39.72
19.715446069836617,39.73
19.717114455997944,39.73
19.718778930604458,39.73
19.720447931438684,39.73
19.72211293876171,39.72
19.723783876746893,39.73
19.725430719554424,39.73
19.727109283208847,39.73
19.728761941194534,39.73
19.730434522032738,39.74
19.73206650093198,39.74
19.733724992722273,39.73
19.73543743416667,39.73
19.737093154340982,39.73
19.738788034766912,39.73
19.740444134920835,39.73
19.7420640476048,39.74
19.743723794817924,39.74
19.74539679288864,39.74
19.747055035084486,39.74
19.74873223900795,39.74
19.75045109540224,39.74
19.752111673355103,39.74
19.753788009285927,39.73
19.75544173642993,39.73
19.757115494459867,39.73
19.758753333240747,39.74
19.760391421616077,39.74
19.762115463614464,39.74
19.763769786804914,39.75
19.76543505117297,39.74
19.76706888154149,39.73
19.768779765814543,39.74
19.770397942513227,39.74
19.77211907878518,39.74
19.773751869797707,39.74
19.77546253800392,39.75
19.777111772447824,39.74
19.77878600358963,39.74
19.780448641628027,39.74
19.782047379761934,39.74
19.783726885914803,39.73
19.785427533090115,39.74
19.78710639849305,39.74
19.788785565644503,39.75
19.790425676852465,39.75
19.7921159863472,39.75
19.79378182068467,39.75
19.79544861987233,39.74
19.797090381383896,39.74
19.798756897449493,39.74
19.800405114889145,39.74
19.80210855975747,39.75
19.8037731051445,39.77
19.805444858968258,39.76
19.807113885879517,39.75
19.808774698525667,39.74
19.810397762805223,39.74
19.81206949800253,39.74
19.81377650052309,39.74
19.81543592736125,39.75
19.817121095955372,39.75
19.818774420768023,39.74
19.82045480981469,39.74
19.822116810828447,39.74
19.82377804070711,39.74
19.825455129146576,39.74
19.827122911810875,39.75
19.82871527224779,39.75
19.83044795691967,39.75
19.83208743855357,39.73
19.833794429898262,39.74
19.83544934540987,39.75
19.83711901307106,39.75
19.838750284165144,39.74
19.84045559540391,39.73
19.84211929515004,39.73
19.843770802021027,39.74
19.845457885414362,39.74
19.847092907875776,39.74
19.848790433257818,39.73
19.850411221385002,39.74
19.85209510475397,39.74
19.85376927256584,39.74
19.8553746342659,39.74
19.857071675360203,39.74
19.858790133148432,39.73
19.860522210597992,39.74
19.862124919891357,39.74
19.86375416815281,39.73
19.86543995514512,39.74
19.867091417312622,39.74
19.86873973160982,39.74
19.870458964258432,39.74
19.87212123349309,39.75
19.87377681583166,39.74
19.87540314346552,39.74
19.87712335959077,39.73
19.878790069371462,39.74
19.880452632904053,39.75
19.882044665515423,39.74
19.8837882950902,39.74
19.885400712490082,39.73
19.887120559811592,39.74
19.88876334577799,39.74
19.890384804457426,39.74
19.892088431864977,39.75
19.89378546178341,39.74
19.895447969436646,39.75
19.89711520448327,39.75
19.89875802397728,39.74
19.900421507656574,39.74
19.902106054127216,39.74
19.9037370570004,39.74
19.905454706400633,39.74
19.90710561349988,39.74
19.908784091472626,39.74
19.91044508293271,39.73
19.912076018750668,39.74
19.913739509880543,39.74
19.9154551923275,39.75
19.917109210044146,39.75
19.918745081871748,39.74
19.920402109622955,39.74
19.922115229070187,39.73
19.92378642037511,39.74
19.925444662570953,39.75
19.927129462361336,39.74
19.928775925189257,39.75
19.93044927343726,39.75
19.932074461132288,39.74
19.933764159679413,39.75
19.935451976954937,39.74
19.937053840607405,39.75
19.938762299716473,39.75
19.94045578315854,39.74
19.9421048425138,39.75
19.94377812370658,39.75
19.945402573794127,39.75
19.94712497293949,39.75
19.948784328997135,39.75
19.950420916080475,39.75
19.952057480812073,39.75
19.953734945505857,39.74
19.95537419989705,39.74
19.957082141190767,39.75
19.95874011516571,39.75
19.960437543690205,39.76
19.962106745690107,39.75
19.963770762085915,39.76
19.96540407091379,39.75
19.967066656798124,39.75
19.968717597424984,39.75
19.970379810780287,39.75
19.972108729183674,39.74
19.973792102187872,39.74
19.975453685969114,39.75
19.977113869041204,39.75
19.978763103485107,39.75
19.98042267933488,39.75
19.982110545039177,39.76
19.983778677880764,39.76
19.985435217618942,39.75
19.98708150535822,39.75
19.988777860999107,39.76
19.990374840795994,39.75
19.992120377719402,39.75
19.99379824101925,39.75
19.995460484176874,39.76
19.99702086672187,39.76
19.998767256736755,39.75
20.000415362417698,39.76
20.002107869833708,39.75
20.003768116235733,39.75
20.00544684007764,39.74
20.00704250857234,39.73
20.008763004094362,39.74
20.01041777431965,39.75
20.012114733457565,39.75
20.013749923557043,39.74
20.01541817188263,39.75
20.017105266451836,39.75
20.018757443875074,39.74
20.02044678106904,39.75
20.02211556956172,39.75
20.02377688884735,39.74
20.025442451238632,39.74
20.027113761752844,39.75
20.028786651790142,39.75
20.03046130388975,39.75
20.032070506364107,39.74
20.033749602735043,39.75
20.035374328494072,39.74
20.037055891007185,39.74
20.038747027516365,39.74
20.040400307625532,39.74
20.04207855835557,39.75
20.04378927499056,39.74
20.045441456139088,39.74
20.04704873263836,39.73
20.04878283292055,39.74
20.050404995679855,39.74
20.052107498049736,39.74
20.05373363941908,39.73
20.055391293019056,39.73
20.057078693062067,39.74
20.058759350329638,39.74
20.060449577867985,39.74
20.06211855262518,39.74
20.063738577067852,39.74
20.0653813816607,39.74
20.067104533314705,39.74
20.068772446364164,39.73
20.070445336401463,39.73
20.072117056697607,39.74
20.073785234242678,39.73
20.075397986918688,39.74
20.07707515358925,39.73
20.078762900084257,39.73
20.08039528504014,39.73
20.08212288469076,39.73
20.083725549280643,39.73
20.085433315485716,39.73
20.08711750432849,39.72
20.088766057044268,39.72
20.09046182781458,39.71
20.09210867807269,39.71
20.09376435354352,39.72
20.09545212984085,39.73
20.097110763192177,39.73
20.098742708563805,39.73
20.100434735417366,39.74
20.10207075625658,39.73
20.103792507201433,39.73
20.10543243959546,39.72
20.10712058469653,39.72
20.10873581469059,39.71
20.11044728755951,39.72
20.112124051898718,39.73
20.11375853046775,39.73
20.115430809557438,39.73
20.117061089724302,39.72
20.11875757947564,39.73
20.120449356734753,39.73
20.122113723307848,39.73
20.123791705816984,39.73
20.125375408679247,39.73
20.127041347324848,39.73
20.128802750259638,39.73
20.13040479645133,39.74
20.132049065083265,39.72
20.133687619119883,39.74
20.13544749468565,39.73
20.13712640479207,39.73
20.13878007978201,39.73
20.140401013195515,39.73
20.14204777032137,39.72
20.14378311857581,39.73
20.14546139910817,39.73
20.147096812725067,39.73
20.148793172091246,39.73
20.150405321270227,39.73
20.152086045593023,39.73
20.153766803443432,39.73
20.155456736683846,39.73
20.15707176923752,39.72
20.15870562195778,39.72
20.1604589112103,39.72
20.16213134676218,39.72
20.163793724030256,39.72
20.165390241891146,39.73
20.167103342711926,39.73
20.168763257563114,39.73
20.17039629817009,39.73
20.172135211527348,39.73
20.173789907246828,39.74
20.175440832972527,39.74
20.17703328281641,39.73
20.178775053471327,39.73
20.180444464087486,39.73
20.182049423456192,39.74
20.183768302202225,39.74
20.185423981398344,39.73
20.187089033424854,39.73
20.188777662813663,39.73
20.190468568354845,39.73
20.192123286426067,39.73
20.193776909261942,39.73
20.195438884198666,39.73
20.19712133705616,39.74
20.198781352490187,39.74
20.200457077473402,39.74
20.202120412141085,39.73
20.203760895878077,39.73
20.205457516014576,39.73
20.207127641886473,39.73
20.20875634625554,39.73
20.21042526140809,39.72
20.21212985739112,39.73
20.213791839778423,39.74
20.215443909168243,39.74
20.2171000726521,39.72
20.218796242028475,39.72
20.22043077647686,39.73
20.222092252224684,39.74
20.223749801516533,39.74
20.22543352842331,39.73
20.227141465991735,39.73
20.22874252125621,39.74
20.230377342551947,39.74
20.232104927301407,39.74
20.233785156160593,39.74
20.235456731170416,39.75
20.237125761806965,39.75
20.23878812044859,39.73
20.240401662886143,39.74
20.242082573473454,39.73
20.243793357163668,39.74
20.245437521487474,39.74
20.247009824961424,39.73
20.248767342418432,39.73
20.25045234337449,39.74
20.252108696848154,39.74
20.2537724301219,39.74
20.255403727293015,39.74
20.257081985473633,39.74
20.25879266858101,39.74
20.260442540049553,39.75
20.262125357985497,39.74
20.2637930624187,39.74
20.265394691377878,39.75
20.267102874815464,39.74
20.26879046857357,39.75
20.270435728132725,39.73
20.27209022268653,39.74
20.2737953402102,39.75
20.275409426540136,39.74
20.277130875736475,39.74
20.278791181743145,39.75
20.28042259067297,39.74
20.28207191824913,39.75
20.283788055181503,39.75
20.285456031560898,39.75
20.287066478282213,39.74
20.288792565464973,39.75
20.2904622964561,39.75
20.292111042886972,39.75
20.29379666596651,39.75
20.29546793550253,39.76
20.29705459252,39.76
20.29879141971469,39.74
20.300377938896418,39.75
20.302116353064775,39.75
20.303710710257292,39.75
20.30545113235712,39.75
20.307098153978586,39.75
20.308727275580168,39.74
20.310458172112703,39.75
20.31207400932908,39.75
20.31371996179223,39.75
20.315422270447016,39.75
20.317088089883327,39.76
20.31879733502865,39.76
20.32039024680853,39.75
20.322124529629946,39.75
20.323791220784187,39.75
20.32544742897153,39.75
20.327110156416893,39.76
20.32877902686596,39.75
20.33044584095478,39.75
20.332090221345425,39.75
20.33374486118555,39.76
20.335466250777245,39.75
20.337061557918787,39.75
20.338767915964127,39.75
20.34034051373601,39.75
20.34207606688142,39.76
20.34378720074892,39.76
20.345402363687754,39.75
20.347102131694555,39.76
20.348759960383177,39.76
20.350411623716354,39.75
20.352099288254976,39.75
20.353727605193853,39.75
20.355455480515957,39.75
20.357122093439102,39.75
20.35878061503172,39.76
20.360413916409016,39.75
20.362107798457146,39.75
20.363739371299744,39.75
20.365407280623913,39.75
20.367070846259594,39.74
20.36879187077284,39.74
20.370428539812565,39.75
20.37211364507675,39.76
20.373778946697712,39.74
20.37546655535698,39.74
20.37712698057294,39.75
20.37874051555991,39.74
20.380434047430754,39.74
20.38211777806282,39.75
20.383759308606386,39.74
20.385433554649353,39.73
20.387124005705118,39.74
20.388755295425653,39.74
20.390377208590508,39.73
20.392116755247116,39.74
20.393797248601913,39.74
20.395414266735315,39.74
20.397079724818468,39.74
20.39874318614602,39.74
20.40041659772396,39.74
20.40211409702897,39.74
20.40379549562931,39.74
20.40544395521283,39.74
20.40707092732191,39.73
20.408795319497585,39.73
20.41041936725378,39.75
20.41211511567235,39.74
20.413774326443672,39.74
20.415399353951216,39.74
20.417084142565727,39.74
20.418770745396614,39.74
20.420455887913704,39.74
20.422072488814592,39.74
20.423741851001978,39.73
20.425457168370485,39.72
20.42712703719735,39.72
20.42874103039503,39.73
20.430422145873308,39.72
20.43208561465144,39.73
20.43378335237503,39.73
20.435444228351116,39.73
20.437122147530317,39.73
20.438802268356085,39.72
20.44044952467084,39.72
20.442137148231268,39.72
20.443737879395485,39.73
20.445434629917145,39.73
20.44709549099207,39.73
20.448713202029467,39.73
20.450449362397194,39.72
20.452080845832825,39.72
20.453753020614386,39.72
20.455387443304062,39.72
20.457076337188482,39.72
20.4587343595922,39.72
20.460460912436247,39.71
20.462133817374706,39.72
20.463784657418728,39.72
20.465460419654846,39.73
20.467117864638567,39.72
20.46878505125642,39.73
20.470400545746088,39.72
20.472121316939592,39.73
20.473761845380068,39.73
20.475443936884403,39.73
20.477135110646486,39.72
20.478795927017927,39.73
20.48043443262577,39.73
20.48213167488575,39.72
20.48380632326007,39.72
20.48546565324068,39.73
20.487077958881855,39.73
20.488798659294844,39.72
20.49046328663826,39.72
20.492081500589848,39.73
20.493793681263924,39.73
20.495449870824814,39.73
20.4971328265965,39.73
20.498792845755816,39.72
20.500460378825665,39.72
20.50206420198083,39.72
20.503792706876993,39.73
20.505409937351942,39.73
20.507092617452145,39.72
20.508802145719528,39.71
20.510388039052486,39.72
20.512120444327593,39.72
20.513748679310083,39.72
20.515456169843674,39.71
20.517139341682196,39.73
20.518786493688822,39.72
20.520390167832375,39.72
20.52206478640437,39.72
20.523744132369757,39.72
20.525464244186878,39.71
20.52707525342703,39.71
20.528796337544918,39.72
20.53046839684248,39.71
20.53213132917881,39.71
20.53379613533616,39.72
20.5354395955801,39.72
20.537070374935865,39.71
20.538778137415648,39.71
20.540433317422867,39.71
20.54210053384304,39.72
20.5437131524086,39.71
20.545457884669304,39.7
20.547132968902588,39.72
20.548783883452415,39.71
20.550459068268538,39.71
20.552108950912952,39.71
20.55373301357031,39.71
20.555397242307663,39.71
20.55707949772477,39.71
20.55872041732073,39.71
20.56046872213483,39.71
20.562036003917456,39.71
20.563757348805666,39.71
20.565445318818092,39.71
20.56710148230195,39.72
20.5687847584486,39.71
20.570472311228514,39.71
20.57213233038783,39.72
20.573787346482277,39.72
20.57542820647359,39.72
20.57708615064621,39.72
20.578750792890787,39.72
20.58036444336176,39.73
20.582107950001955,39.73
20.583734691143036,39.72
20.58546920120716,39.72
20.587048184126616,39.72
20.588792502880096,39.72
20.590465679764748,39.72
20.59211314469576,39.72
20.593730695545673,39.72
20.595461022108793,39.72
20.597130872309208,39.73
20.598798532038927,39.71
20.600461576133966,39.72
20.602126341313124,39.73
20.603782262653112,39.73
20.605457708239555,39.74
20.60711484029889,39.73
20.608769569545984,39.73
20.610462207347155,39.73
20.61209913343191,39.73
20.613777600228786,39.73
20.615472309291363,39.73
20.617104031145573,39.74
20.618740987032652,39.74
20.62046829238534,39.73
20.622090354561806,39.73
20.623740568757057,39.74
20.625446144491434,39.73
20.627057127654552,39.73
20.628771729767323,39.73
20.63044587522745,39.74
20.632129099220037,39.74
20.633708599954844,39.73
20.63544251397252,39.73
20.637095741927624,39.73
20.638753533363342,39.73
20.640461452305317,39.73
20.64209570735693,39.73
20.643751088529825,39.73
20.645468559116125,39.73
20.647126868367195,39.74
20.64876475185156,39.73
20.65041634067893,39.73
20.65212758630514,39.73
20.653792683035135,39.73
20.655421048402786,39.73
20.657110791653395,39.73
20.65879286080599,39.74
20.66041325032711,39.75
20.662129372358322,39.74
20.663750641047955,39.74
20.665454972535372,39.73
20.667116850614548,39.72
20.668773133307695,39.73
20.670358806848526,39.74
20.67214437201619,39.74
20.673806693404913,39.74
20.675467558205128,39.75
20.67708657309413,39.74
20.678786017000675,39.74
20.68043700233102,39.73
20.68211944028735,39.73
20.683772929012775,39.74
20.68544252216816,39.73
20.687060821801424,39.73
20.688784901052713,39.72
20.690464340150356,39.74
20.692140646278858,39.73
20.693694803863764,39.73
20.69546163827181,39.74
20.69713842868805,39.73
20.698796812444925,39.73
20.700460717082024,39.73
20.702081952244043,39.73
20.7037312425673,39.73
20.70545532554388,39.73
20.707094740122557,39.73
20.70874847099185,39.73
20.7104504480958,39.73
20.712100334465504,39.73
20.713792994618416,39.73
20.715454880148172,39.73
20.717110503464937,39.73
20.718805830925703,39.73
20.7204554900527,39.74
20.72212276980281,39.74
20.72373753786087,39.75
20.725465394556522,39.73
20.72713390737772,39.73
20.728742230683565,39.73
20.73046424239874,39.73
20.7320989780128,39.74
20.733756721019745,39.74
20.735454261302948,39.73
20.737083546817303,39.72
20.738776586949825,39.74
20.740441869944334,39.73
20.742122936993837,39.74
20.74380423501134,39.73
20.745466984808445,39.74
20.747058987617493,39.73
20.74873488396406,39.73
20.750429932028055,39.74
20.752086080610752,39.74
20.753806479275227,39.74
20.755471896380186,39.74
20.75712788850069,39.73
20.75878555327654,39.74
20.760459054261446,39.74
20.76208159700036,39.73
20.763794973492622,39.74
20.76546486467123,39.73
20.76712568104267,39.75
20.768742084503174,39.75
20.77045924961567,39.74
20.77212842553854,39.74
20.77379534766078,39.74
20.77547074854374,39.74
20.77711781859398,39.74
20.77880471944809,39.75
20.780467465519905,39.74
20.782114777714014,39.75
20.783764459192753,39.74
20.785433877259493,39.74
20.78711001202464,39.74
20.78875721618533,39.74
20.79045070335269,39.75
20.79211575165391,39.74
20.793755128979683,39.74
20.795464050024748,39.74
20.797059405595064,39.74
20.798802498728037,39.74
20.80046597868204,39.74
20.802123080939054,39.74
20.803747076541185,39.74
20.80543503537774,39.75
20.807077419012785,39.75
20.80880692601204,39.76
20.810437351465225,39.74
20.812134567648172,39.75
20.813729993999004,39.75
20.815413683652878,39.75
20.817100506275892,39.75
20.818790946155787,39.76
20.820472855120897,39.75
20.822057526558638,39.75
20.8237976282835,39.75
20.825415696948767,39.75
20.82710150629282,39.75
20.82872260734439,39.75
20.830400805920362,39.75
20.832071732729673,39.75
20.833777636289597,39.74
20.835404355078936,39.74
20.83711763471365,39.75
20.838799692690372,39.74
20.840470641851425,39.75
20.84213550388813,39.75
20.843758285045624,39.74
20.84545001760125,39.74
20.847133256495,39.75
20.848806213587523,39.76
20.85047124698758,39.76
20.85209208726883,39.75
20.853747379034758,39.75
20.855400528758764,39.75
20.857076309621334,39.74
20.858750246465206,39.75
20.8604203350842,39.76
20.86210408806801,39.75
20.863781299442053,39.75
20.865460071712732,39.74
20.867069590836763,39.74
20.86879963427782,39.75
20.8704546764493,39.75
20.87215818464756,39.74
20.873804476112127,39.74
20.87546656653285,39.74
20.87714919820428,39.74
20.878763124346733,39.74
20.880392018705606,39.73
20.88214209675789,39.73
20.883743684738874,39.73
20.88546958938241,39.74
20.887110013514757,39.74
20.888805978000164,39.74
20.890473745763302,39.73
20.892103623598814,39.74
20.89374354854226,39.74
20.89543565735221,39.73
20.897078718990088,39.74
20.89877850562334,39.74
20.90041731670499,39.74
20.902118612080812,39.74
20.9038013368845,39.74
20.905474916100502,39.74
20.907126147300005,39.74
20.90877988189459,39.74
20.910393558442593,39.74
20.91209590807557,39.74
20.913793824613094,39.74
20.91543961316347,39.74
20.917137034237385,39.74
20.918769001960754,39.73
20.920443799346685,39.73
20.922131940722466,39.74
20.923743024468422,39.75
20.92541180923581,39.74
20.92713561654091,39.74
20.92880706489086,39.73
20.930427137762308,39.73
20.932146698236465,39.74
20.93380404636264,39.74
20.93543617799878,39.73
20.937147308140993,39.74
20.938807029277086,39.75
20.9403889849782,39.74
20.94214279949665,39.74
20.94380322098732,39.74
20.945463448762894,39.75
20.947127502411604,39.74
20.94880474731326,39.75
20.950411397963762,39.73
20.95214070007205,39.71
20.953799966722727,39.7
20.9554610773921,39.7
20.957132689654827,39.71
20.95878503471613,39.72
20.96044636517763,39.73
20.962123341858387,39.74
20.96381000056863,39.74
20.96541890129447,39.74
20.967142570763826,39.73
20.968790739774704,39.74
20.970481257885695,39.74
20.972081288695335,39.74
20.97376522794366,39.74
20.975390505045652,39.74
20.977131232619286,39.74
20.978743862360716,39.75
20.980441227555275,39.74
20.982124604284763,39.74
20.983769964426756,39.74
20.98543617129326,39.75
20.987130872905254,39.75
20.988771677017212,39.75
20.99047216400504,39.75
20.992102444171906,39.75
20.993801970034838,39.75
20.99544856324792,39.75
20.99710827320814,39.76
20.998746044933796,39.76
21.000447668135166,39.75
21.00208217650652,39.75
21.003781385719776,39.75
21.005444180220366,39.75
21.007105153054,39.74
21.00878757610917,39.74
21.01044152677059,39.74
21.01213940232992,39.74
21.013817243278027,39.74
21.0154563896358,39.74
21.017141941934824,39.74
21.01879397034645,39.73
21.020445078611374,39.73
21.02213414758444,39.73
21.02377361431718,39.74
21.025466959923506,39.75
21.027119390666485,39.74
21.028761848807335,39.74
21.030445657670498,39.74
21.03210962191224,39.75
21.033809933811426,39.75
21.035444114357233,39.75
21.037099912762642,39.75
21.03879328817129,39.74
21.04046918079257,39.74
21.04212273284793,39.75
21.043749749660492,39.75
21.04543225839734,39.75
21.047083225101233,39.74
21.048755042254925,39.74
21.050439421087503,39.74
21.052111197263002,39.68
21.053789757192135,39.66
21.055469159036875,39.66
21.057125471532345,39.69
21.05879520252347,39.7
21.06047112494707,39.69
21.06210906431079,39.67
21.06379882991314,39.68
21.065459348261356,39.69
21.067135024815798,39.69
21.06877787783742,39.69
21.070479299873114,39.7
21.072136223316193,39.7
21.073803890496492,39.7
21.075468201190233,39.7
21.077122185379267,39.7
21.07879050821066,39.7
21.08046031370759,39.7
21.082129031419754,39.7
21.083811651915312,39.7
21.085463009774685,39.7
21.0871296338737,39.69
21.088814340531826,39.69
21.090465385466814,39.69
21.092133063822985,39.69
21.093805376440287,39.69
21.095443341881037,39.68
21.097114756703377,39.68
21.09878734499216,39.69
21.100427582859993,39.7
21.102083045989275,39.69
21.103810638189316,39.68
21.105442576110363,39.69
21.107055377215147,39.7
21.108787775039673,39.7
21.110476937144995,39.7
21.11205868795514,39.7
21.113785091787577,39.7
21.115420024842024,39.71
21.11709612980485,39.71
21.11880324408412,39.71
21.120425309985876,39.71
21.122106947004795,39.71
21.12378804385662,39.72
21.125428564846516,39.72
21.127111818641424,39.72
21.128787245601416,39.7
21.130434907972813,39.7
21.132088758051395,39.69
21.13379206508398,39.71
21.135483369231224,39.71
21.137112531811,39.7
21.138697285205126,39.71
21.140418723225594,39.71
21.142126962542534,39.71
21.143758893013,39.71
21.14547387883067,39.72
21.14713567495346,39.7
21.148772850632668,39.7
21.150425497442484,39.7
21.152089282870293,39.69
21.153801918029785,39.69
21.15537156164646,39.7
21.15711310878396,39.71
21.15875454619527,39.72
21.160440757870674,39.71
21.162110667675734,39.71
21.16381048411131,39.71
21.165444813668728,39.72
21.16711576282978,39.73
21.168810177594423,39.73
21.1704457141459,39.72
21.17212774977088,39.72
21.173768036067486,39.72
21.175463158637285,39.72
21.177150059491396,39.71
21.178777914494276,39.71
21.18048334866762,39.72
21.18215511366725,39.72
21.183776307851076,39.72
21.1854628957808,39.71
21.187111854553223,39.72
21.18873144313693,39.73
21.19042146578431,39.72
21.192108720541,39.72
21.193710412830114,39.72
21.195453230291605,39.71
21.197113253176212,39.71
21.198753774166107,39.71
21.200392745435238,39.72
21.202061008661985,39.71
21.203800681978464,39.71
21.205371420830488,39.72
21.207118317484856,39.71
21.20870252326131,39.7
21.210459012538195,39.7
21.2120859362185,39.72
21.213782381266356,39.72
21.215420961380005,39.72
21.217068202793598,39.7
21.21878545731306,39.7
21.220388438552618,39.71
21.222079779952765,39.71
21.223757576197386,39.71
21.22542727738619,39.71
21.227091275155544,39.71
21.22873007506132,39.72
21.23046524822712,39.72
21.232056330889463,39.71
21.23381282016635,39.71
21.23539051413536,39.71
21.237086426466703,39.69
21.238783568143845,39.7
21.240476097911596,39.69
21.242138363420963,39.7
21.24380298703909,39.7
21.245430260896683,39.7
21.2470559515059,39.7
21.248776502907276,39.69
21.25048042461276,39.69
21.252113081514835,39.69
21.253701653331518,39.69
21.255393866449594,39.69
21.257135841995478,39.68
21.258758407086134,39.69
21.260449785739183,39.7
21.26209180429578,39.7
21.263771638274193,39.69
21.26539036631584,39.68
21.267090123146772,39.69
21.268802851438522,39.7
21.270415131002665,39.7
21.272130239754915,39.7
21.273808136582375,39.69
21.275417238473892,39.69
21.2771501429379,39.69
21.27872882410884,39.69
21.280453588813543,39.7
21.28205904737115,39.69
21.283785421401262,39.68
21.28546565026045,39.68
21.2871246188879,39.69
21.288752883672714,39.7
21.29044022038579,39.7
21.292110051959753,39.7
21.29376746714115,39.7
21.295419335365295,39.7
21.29713262990117,39.69
21.29876896739006,39.69
21.300464551895857,39.69
21.302064161747694,39.69
21.30377122759819,39.69
21.305458273738623,39.69
21.307138349860907,39.69
21.30880805104971,39.69
21.31046685576439,39.69
21.312082797288895,39.7
21.313799265772104,39.69
21.315407942980528,39.69
21.317146826535463,39.68
21.3188084512949,39.7
21.320427745580673,39.71
21.32213619723916,39.69
21.323792949318886,39.69
21.325469695031643,39.69
21.327082235366106,39.69
21.328809279948473,39.71
21.33045532181859,39.69
21.332152627408504,39.7
21.33375857397914,39.7
21.33543309569359,39.7
21.337114740163088,39.7
21.338791023939848,39.71
21.340471014380455,39.68
21.34214461967349,39.69
21.343746848404408,39.69
21.345412079244852,39.7
21.347140099853277,39.69
21.348749361932278,39.69
21.350442554801702,39.69
21.35214303433895,39.7
21.353772174566984,39.7
21.355415247380733,39.69
21.357140831649303,39.7
21.35872384160757,39.7
21.360475935041904,39.69
21.362149510532618,39.7
21.363775052130222,39.69
21.365425385534763,39.7
21.367141637951136,39.7
21.36879625916481,39.7
21.370472848415375,39.69
21.37213644385338,39.69
21.373812962323427,39.69
21.37546193599701,39.69
21.377083647996187,39.69
21.378792371600866,39.7
21.380475878715515,39.69
21.38212613761425,39.7
21.383767522871494,39.7
21.385420322418213,39.7
21.38714001700282,39.7
21.38882215321064,39.69
21.39041320607066,39.7
21.392077926546335,39.7
21.393815528601408,39.7
21.395395807921886,39.7
21.39714292436838,39.69
21.398780930787325,39.7
21.400429897010326,39.69
21.40211470797658,39.7
21.403820417821407,39.71
21.40542719513178,39.7
21.407106306403875,39.7
21.408776000142097,39.69
21.410458609461784,39.69
21.41211447864771,39.7
21.413800805807114,39.7
21.415479380637407,39.7
21.41710840538144,39.7
21.418793711811304,39.69
21.42040242254734,39.69
21.422145161777735,39.69
21.423759896308184,39.7
21.42544961348176,39.7
21.427150398492813,39.71
21.42881580069661,39.71
21.430477935820818,39.7
21.432142037898302,39.71
21.433761045336723,39.7
21.43542566522956,39.69
21.437132082879543,39.69
21.438760314136744,39.71
21.44046576693654,39.71
21.44211518764496,39.7
21.443808190524578,39.7
21.44541009515524,39.7
21.447116792201996,39.7
21.448779217898846,39.71
21.45044293627143,39.7
21.452143393456936,39.69
21.45380301773548,39.69
21.455390695482492,39.69
21.45710626989603,39.69
21.458808202296495,39.69
21.460460018366575,39.69
21.46214595064521,39.69
21.463761433959007,39.7
21.465399999171495,39.7
21.467086043208838,39.7
21.46880666911602,39.7
21.47043900564313,39.69
21.472140036523342,39.69
21.473811581730843,39.69
21.4754168279469,39.69
21.477090071886778,39.69
21.478747438639402,39.69
21.48048246651888,39.68
21.482049345970154,39.69
21.483799904584885,39.7
21.4854168407619,39.69
21.487124487757683,39.68
21.488756760954857,39.69
21.490471813827753,39.68
21.49215218797326,39.69
21.493806783109903,39.68
21.4954633153975,39.68
21.497074365615845,39.68
21.498804457485676,39.68
21.500475708395243,39.68
21.5021360963583,39.68
21.50376556441188,39.68
21.50548080354929,39.68
21.507144156843424,39.68
21.508715741336346,39.68
21.510474365204573,39.67
21.5121306553483,39.67
21.51378894224763,39.68
21.51544537395239,39.67
21.517100412398577,39.68
21.518755473196507,39.67
21.52039060369134,39.66
21.52214740216732,39.67
21.52379571646452,39.68
21.52542158961296,39.67
21.5271283313632,39.67
21.528753645718098,39.68
21.530477799475193,39.67
21.53209626674652,39.66
21.533808905631304,39.66
21.535408444702625,39.66
21.537132907658815,39.66
21.538793444633484,39.66
21.540474593639374,39.66
21.54214545711875,39.65
21.543759297579527,39.66
21.545481242239475,39.67
21.547147523611784,39.67
21.5488055460155,39.66
21.550464782863855,39.66
21.552152130752802,39.67
21.553806219249964,39.67
21.555446721613407,39.67
21.557115618139505,39.66
21.558752607554197,39.66
21.560470793396235,39.66
21.56211583316326,39.66
21.56381246447563,39.67
21.56547412276268,39.66
21.56712908297777,39.66
21.568786300718784,39.66
21.57047524303198,39.66
21.57208677381277,39.66
21.57375431060791,39.66
21.57547013834119,39.66
21.577039197087288,39.66
21.578760471194983,39.66
21.580420147627592,39.66
21.582092981785536,39.66
21.583824709057808,39.65
21.58547270298004,39.65
21.587149132043123,39.65
21.588785868138075,39.65
21.590472675859928,39.65
21.5920652449131,39.65
21.593805018812418,39.66
21.59547709673643,39.67
21.59713703393936,39.66
21.598817825317383,39.67
21.600405111908913,39.66
21.602150980383158,39.66
21.603807725012302,39.66
21.605474300682545,39.66
21.60711443424225,39.66
21.60879336670041,39.66
21.610445331782103,39.66
21.61209252104163,39.65
21.613813407719135,39.66
21.615477353334427,39.65
21.617090370506048,39.66
21.618755381554365,39.65
21.62047888711095,39.65
21.622116956859827,39.66
21.623807813972235,39.66
21.625428199768066,39.65
21.627091616392136,39.65
21.628746882081032,39.65
21.630480390042067,39.64
21.63212712109089,39.65
21.633811630308628,39.65
21.635464914143085,39.66
21.637144312262535,39.65
21.638768531382084,39.65
21.640401542186737,39.65
21.64214013144374,39.65
21.643742684274912,39.66
21.64547983184457,39.66
21.647116541862488,39.66
21.648804560303688,39.66
21.650468051433563,39.66
21.652138575911522,39.67
21.653794072568417,39.67
21.65548585727811,39.66
21.65716180205345,39.65
21.65880948677659,39.67
21.66049838066101,39.68
21.662133384495974,39.66
21.663731161504984,39.66
21.66540141776204,39.66
21.66713623329997,39.67
21.668814573436975,39.67
21.67044674605131,39.67
21.67208867520094,39.67
21.673779156059027,39.67
21.67540743201971,39.66
21.677108600735664,39.67
21.678817316889763,39.67
21.680482298135757,39.67
21.682152271270752,39.67
21.683821752667427,39.67
21.68542106449604,39.67
21.68713577836752,39.68
21.688785269856453,39.68
21.69048111885786,39.66
21.692125730216503,39.66
21.693756751716137,39.67
21.695428270846605,39.67
21.69713906943798,39.67
21.698803178966045,39.66
21.70047829300165,39.67
21.702135391533375,39.66
21.7038082331419,39.66
21.70548042282462,39.65
21.707155030220747,39.66
21.708781633526087,39.66
21.71043661981821,39.65
21.71210101991892,39.66
21.713810339570045,39.66
21.71546008065343,39.66
21.717147279530764,39.66
21.7188185043633,39.66
21.720491655170918,39.66
21.722139574587345,39.67
21.72375427559018,39.66
21.725478932261467,39.65
21.727135326713324,39.67
21.72880608588457,39.67
21.730490289628506,39.65
21.73210158571601,39.66
21.73378785327077,39.66
21.73541972786188,39.67
21.73711257427931,39.68
21.738732043653727,39.68
21.740486204624176,39.67
21.7421160005033,39.67
21.743786476552486,39.67
21.745433289557695,39.68
21.747082442045212,39.67
21.748756114393473,39.67
21.75046856328845,39.67
21.752149060368538,39.68
21.75379543378949,39.67
21.755485277622938,39.67
21.757066819816828,39.68
21.758820731192827,39.68
21.760479759424925,39.68
21.76211555674672,39.69
21.763685252517462,39.68
21.765398923307657,39.68
21.76712602376938,39.68
21.76881716400385,39.68
21.770426899194717,39.67
21.77215041220188,39.68
21.773805487900972,39.68
21.77548561617732,39.67
21.777118682861328,39.68
21.77879573777318,39.68
21.780479170382023,39.68
21.78209440037608,39.68
21.78380797803402,39.68
21.785432897508144,39.67
21.787142105400562,39.66
21.788757368922234,39.67
21.790453299880028,39.67
21.792135041207075,39.68
21.793782100081444,39.68
21.795423053205013,39.69
21.79714957624674,39.69
21.79876320436597,39.69
21.80048082396388,39.69
21.802112620323896,39.68
21.80379470437765,39.68
21.80543076992035,39.67
21.80712652951479,39.68
21.80881106853485,39.68
21.810458920896053,39.68
21.81214915215969,39.68
21.813770845532417,39.67
21.815439213067293,39.68
21.817089039832354,39.68
21.818729784339666,39.68
21.820396054536104,39.67
21.822157695889473,39.67
21.823715303093195,39.67
21.82547866180539,39.67
21.8270916454494,39.66
21.82879337668419,39.67
21.830425821244717,39.67
21.83209704235196,39.66
21.833777263760567,39.66
21.835428774356842,39.66
21.837162002921104,39.67
21.83878942579031,39.67
21.840477626770735,39.68
21.84214947372675,39.68
21.84382452070713,39.66
21.84547322243452,39.67
21.847105741500854,39.67
21.84876374527812,39.67
21.85042867064476,39.67
21.85212928801775,39.67
21.85380931198597,39.68
21.855416879057884,39.66
21.8571175634861,39.67
21.858763955533504,39.67
21.86043456941843,39.66
21.862102657556534,39.67
21.863785285502672,39.67
21.86548477783799,39.67
