elapsed_time [min],weight [g]
0.33227477222681046,50.08
0.33387404680252075,50.08
0.3351970314979553,50.09
0.3368394263088703,50.09
0.3383256010711193,50.1
0.3397646062076092,50.1
0.34130075573921204,50.1
0.34275365248322487,50.1
0.34408218413591385,50.1
0.34575535729527473,50.1
0.3470737040042877,50.1
0.34874696657061577,50.11
0.3500223308801651,50.11
0.3514929227530956,50.11
0.35322098433971405,50.11
0.354663647711277,50.11
0.35612229257822037,50.12
0.3576844036579132,50.12
0.3590923696756363,50.12
0.360458642244339,50.13
0.3620782047510147,50.12
0.36362165212631226,50.13
0.36504705250263214,50.13
0.36647531762719154,50.13
0.3680865988135338,50.13
0.36958198621869087,50.14
0.371060598641634,50.15
0.37242836505174637,50.14
0.3740304708480835,50.15
0.3754185512661934,50.15
0.3770024999976158,50.14
0.378344401717186,50.14
0.37998633831739426,50.15
0.3813354894518852,50.16
0.38292934000492096,50.16
0.38427985459566116,50.16
0.38575539737939835,50.16
0.3874336704611778,50.17
0.38892051950097084,50.17
0.39026759564876556,50.16
0.39189061149954796,50.16
0.3931901827454567,50.17
0.394828625023365,50.17
0.3963126353919506,50.17
0.3976459503173828,50.17
0.3992733433842659,50.18
0.40082983300089836,50.18
0.4022369235754013,50.18
0.40364862605929375,50.18
0.405239462852478,50.18
0.4067690446972847,50.19
0.40818385779857635,50.19
0.40973012894392014,50.19
0.41121091321110725,50.19
0.41263795644044876,50.2
0.4142223745584488,50.2
0.41565117985010147,50.2
0.4171934761106968,50.19
0.41864804923534393,50.19
0.42002487927675247,50.2
0.42158767953515053,50.21
0.4230164512991905,50.21
0.42463553324341774,50.21
0.42595018818974495,50.21
0.42760956659913063,50.21
0.42903241887688637,50.21
0.43058501183986664,50.21
0.43194643408060074,50.21
0.43334804102778435,50.21
0.43505121767520905,50.21
0.4365510083734989,50.22
0.43797945976257324,50.22
0.43930159509181976,50.23
0.4409552551805973,50.23
0.44250255823135376,50.23
0.4439396560192108,50.23
0.445418331772089,50.23
0.4469464644789696,50.22
0.44837117940187454,50.22
0.4499394968152046,50.23
0.45142922550439835,50.24
0.4528243914246559,50.23
0.4542899541556835,50.24
0.455879133194685,50.24
0.4573146812617779,50.24
0.45886680111289024,50.24
0.4602006711065769,50.24
0.4617653749883175,50.25
0.463191632181406,50.24
0.4647960141301155,50.25
0.4662947356700897,50.25
0.46762559562921524,50.25
0.46911342442035675,50.26
0.4707629606127739,50.25
0.47225747630000114,50.25
0.4735317751765251,50.26
0.47519759461283684,50.26
0.4765278436243534,50.26
0.4781681187450886,50.26
0.47967471927404404,50.26
0.4809640347957611,50.27
0.48268940299749374,50.26
0.484096996486187,50.27
0.48564309999346733,50.26
0.4870602488517761,50.26
0.4886113442480564,50.27
0.49001171439886093,50.28
0.4916042499244213,50.27
0.4930192604660988,50.27
0.49455467239022255,50.27
0.495979193598032,50.27
0.49752265214920044,50.27
0.4989238679409027,50.27
0.5005296915769577,50.28
0.5020279735326767,50.28
0.5033775418996811,50.28
0.5049231164157391,50.28
0.5063635036349297,50.28
0.5078091025352478,50.28
0.5093402490019798,50.29
0.51092778891325,50.29
0.5122509002685547,50.28
0.5138965882360935,50.29
0.5152036398649216,50.29
0.5166977792978287,50.29
0.5183723606169224,50.3
0.5196954645216465,50.3
0.5213657319545746,50.3
0.5226154252886772,50.29
0.5242875330150127,50.29
0.5258502773940563,50.3
0.5272475630044937,50.3
0.5288024172186852,50.3
0.5302460305392742,50.3
0.531769372522831,50.3
0.5332160107791424,50.3
0.5347479395568371,50.3
0.5362405069172382,50.3
0.5377109311521053,50.31
0.5391441024839878,50.31
0.5407061465084553,50.31
0.5420601516962051,50.31
0.5436750873923302,50.31
0.5450253337621689,50.31
0.5465771965682507,50.31
0.5480732396245003,50.32
0.5495481044054031,50.31
0.5509664602577686,50.32
0.5524213388562202,50.32
0.5541062392294407,50.32
0.5553814545273781,50.32
0.5570731647312641,50.33
0.5583636686205864,50.33
0.5600441209971905,50.32
0.5614208690822124,50.32
0.562983114272356,50.32
0.5642762072384357,50.33
0.5659639351069927,50.33
0.5672737397253513,50.33
0.5689613334834576,50.33
0.5704663433134556,50.33
0.5719432830810547,50.34
0.5734337195754051,50.33
0.5749433673918247,50.33
0.576404944062233,50.33
0.5778343789279461,50.34
0.5793703235685825,50.34
0.5808170065283775,50.34
0.5823288895189762,50.34
0.5837536156177521,50.34
0.5853226594626904,50.34
0.5867125876247883,50.34
0.5883253440260887,50.34
0.5897847265005112,50.35
0.5912221893668175,50.34
0.5926583707332611,50.34
0.5941846705973148,50.35
0.5956080891191959,50.35
0.5970552042126656,50.35
0.5987319052219391,50.35
0.6000351682305336,50.35
0.6016859672963619,50.35
0.603193249553442,50.35
0.6046759225428104,50.35
0.6059496402740479,50.35
0.6076093502342701,50.35
0.6091764234006405,50.36
0.6105806045234203,50.36
0.6121308356523514,50.36
0.6135436743497849,50.35
0.6151010394096375,50.36
0.6165138520300388,50.36
0.6180886812508106,50.36
0.6194695867598057,50.37
0.6210477091372013,50.37
0.6225540935993195,50.37
0.6239065192639828,50.37
0.625487670302391,50.37
0.6270088106393814,50.37
0.6283562332391739,50.36
0.6299135126173496,50.36
0.631319098174572,50.37
0.6329553909599781,50.37
0.6342767514288425,50.37
0.6359504088759422,50.37
0.6372527815401554,50.37
0.6388290449976921,50.37
0.6402108445763588,50.37
0.6418649442493916,50.37
0.6432053185999393,50.37
0.6448685377836227,50.37
0.6463612355291843,50.38
0.6477244421839714,50.38
0.649309329688549,50.38
0.6507978066802025,50.38
0.6522849090397358,50.38
0.6538064740598202,50.38
0.6552793234586716,50.37
0.6566950492560863,50.37
0.6582643687725067,50.38
0.6596566550433636,50.38
0.6612007915973663,50.38
0.6627116985619068,50.39
0.6641980931162834,50.39
0.6656025908887386,50.38
0.6671520508825779,50.38
0.6685354895889759,50.38
0.6701533310115337,50.39
0.6715675666928291,50.39
0.6731158792972565,50.4
0.6744654104113579,50.4
0.6760206371545792,50.41
0.6775886192917824,50.41
0.6789064928889275,50.41
0.6805825047194958,50.41
0.6818699091672897,50.41
0.6835356839001179,50.41
0.6849513463675976,50.41
0.6865074448287487,50.41
0.6880145333707333,50.42
0.6894954144954681,50.43
0.6909981407225132,50.43
0.6924491934478283,50.43
0.6939657330513,50.4
0.6954389959573746,50.42
0.6969473250210285,50.41
0.6982988528907299,50.43
0.6998480148613453,50.46
0.7014261595904827,50.46
0.702805619686842,50.45
0.7043579630553722,50.45
0.7058760449290276,50.45
0.7073503397405148,50.46
0.7088414505124092,50.46
0.7103167027235031,50.46
0.7118315100669861,50.46
0.71331886947155,50.46
0.7148044146597385,50.47
0.7162847928702831,50.47
0.7177682928740978,50.47
0.7192550338804722,50.48
0.7207532450556755,50.47
0.7220557816326618,50.47
0.7237258180975914,50.48
0.7250480502843857,50.48
0.7266990840435028,50.47
0.7279912643134594,50.47
0.7296649105846882,50.48
0.7311148531734943,50.47
0.7326461151242256,50.47
0.7340425848960876,50.47
0.7356527075171471,50.46
0.7370638251304626,50.47
0.7383775115013123,50.47
0.7400510050356388,50.47
0.7415984310209751,50.47
0.7429832555353642,50.48
0.7445558942854404,50.47
0.7459725923836231,50.47
0.7475174441933632,50.47
0.74891397356987,50.47
0.7503825053572655,50.47
0.7519491501152515,50.47
0.7533510848879814,50.47
0.7549748569726944,50.47
0.756464309990406,50.48
0.7579421661794186,50.48
0.7593020647764206,50.47
0.7609353139996529,50.48
0.7624256610870361,50.49
0.7639172598719597,50.49
0.7653890736401081,50.49
0.7668924778699875,50.48
0.7683699429035187,50.48
0.7698563635349274,50.48
0.7713547796010971,50.48
0.7728395983576775,50.48
0.7741266116499901,50.48
0.7758115790784359,50.48
0.777297530323267,50.48
0.7787482775747776,50.47
0.7802759669721127,50.47
0.7816994972527027,50.48
0.783247385174036,50.48
0.7846727073192596,50.48
0.7862266451120377,50.48
0.7876295559108257,50.48
0.7890416085720062,50.48
0.7906038537621498,50.48
0.7921777181327343,50.48
0.7935356870293617,50.48
0.7951084189116955,50.49
0.7965294122695923,50.49
0.7981207706034184,50.49
0.7994662001729012,50.49
0.8011230491101742,50.49
0.8026160262525082,50.49
0.8040995486080647,50.49
0.8053981252014637,50.49
0.8070757761597633,50.49
0.8084813840687275,50.49
0.8100162819027901,50.49
0.8113425523042679,50.49
0.812991451472044,50.5
0.8142811879515648,50.49
0.8159826397895813,50.49
0.8174704499542713,50.5
0.818958006799221,50.5
0.8204587772488594,50.49
0.8218735083937645,50.5
0.8234237693250179,50.49
0.8249077089130878,50.49
0.8264001496136189,50.5
0.82781021296978,50.5
0.8293819651007652,50.5
0.8307631760835648,50.5
0.8323337323963642,50.5
0.833757970482111,50.5
0.8351968936622143,50.5
0.8368139080703259,50.5
0.8381855078041553,50.5
0.8398020379245281,50.5
0.8411266542971134,50.5
0.8427777215838432,50.51
0.8441334664821625,50.51
0.8457484692335129,50.5
0.8471439704298973,50.5
0.8487390764057636,50.5
0.850115068256855,50.5
0.8515308797359467,50.5
0.8531875871121883,50.5
0.8546711355447769,50.51
0.8561760634183884,50.5
0.8575643785297871,50.5
0.8591300062835217,50.51
0.8606336265802383,50.51
0.8620937913656235,50.51
0.8635896295309067,50.51
0.8650601133704185,50.51
0.8665301315486431,50.52
0.868013758212328,50.52
0.8694965913891792,50.52
0.871014665812254,50.52
0.8725377358496189,50.51
0.8739539869129658,50.51
0.875489667057991,50.51
0.8769961260259151,50.51
0.878491148352623,50.52
0.8799329660832882,50.52
0.8813847228884697,50.52
0.8829412795603275,50.52
0.8843187876045704,50.51
0.8859374038875103,50.52
0.8874195963144302,50.52
0.8889179490506649,50.52
0.8903983905911446,50.52
0.8918721005320549,50.52
0.8933605402708054,50.52
0.8948392011225224,50.52
0.8961416184902191,50.52
0.897824015468359,50.53
0.8990842401981354,50.52
0.9007970690727234,50.51
0.9022850282490253,50.52
0.9035533741116524,50.52
0.9052641578018665,50.53
0.9067494496703148,50.52
0.9082415886223316,50.53
0.9097355492413044,50.52
0.9111325480043888,50.52
0.9126908630132675,50.52
0.9141002222895622,50.52
0.9156645834445953,50.52
0.9171654842793941,50.53
0.9186653010547161,50.52
0.9201462678611279,50.52
0.9216403663158417,50.52
0.9231255985796452,50.52
0.9246321395039558,50.52
0.9260635003447533,50.53
0.9276104979217052,50.53
0.9289831519126892,50.53
0.9305332340300083,50.54
0.9320588558912277,50.53
0.9335452243685722,50.53
0.9350182488560677,50.53
0.9365237057209015,50.53
0.9378199353814125,50.54
0.9394647479057312,50.54
0.9409241192042828,50.53
0.9424347691237926,50.53
0.9439403750002384,50.54
0.945419505238533,50.53
0.9469184465706348,50.53
0.9483844190835953,50.53
0.9499115981161594,50.52
0.95137495175004,50.53
0.9528766088187695,50.54
0.954374834895134,50.54
0.9558706060051918,50.55
0.9573482796549797,50.54
0.9586960896849632,50.54
0.9603321477770805,50.54
0.9617724306881428,50.54
0.9632094576954842,50.54
0.9647339396178722,50.54
0.9662891402840614,50.54
0.9677268452942371,50.54
0.9692452400922775,50.54
0.9707533977925777,50.54
0.9722368344664574,50.54
0.9737157709896564,50.54
0.9752052612602711,50.55
0.9766979590058327,50.55
0.9781765602529049,50.54
0.9796627052128315,50.55
0.9811563566327095,50.55
0.9826493002474308,50.55
0.9841172881424427,50.54
0.9856084138154984,50.55
0.9871103577315807,50.55
0.9885743074119091,50.55
0.9900739341974258,50.55
0.9915221780538559,50.55
0.9930126555263996,50.55
0.9944778755307198,50.56
0.9959799684584141,50.56
0.9974375516176224,50.56
0.9989266507327557,50.56
1.0004600584506989,50.56
1.0018735267221928,50.55
1.0033653639256954,50.54
1.0049149729311466,50.55
1.0063555166125298,50.56
1.0078818686306477,50.56
1.0093954913318157,50.56
1.010852076113224,50.57
1.01223923265934,50.57
1.013892862945795,50.57
1.0152450203895569,50.56
1.0168651193380356,50.56
1.0181635655462742,50.56
1.0196468345820904,50.55
1.0213218666613102,50.54
1.022615049034357,50.54
1.0243174508213997,50.54
1.0256784185767174,50.54
1.0272456519305706,50.55
1.028773907572031,50.54
1.03026507422328,50.55
1.031517632305622,50.55
1.0332464277744293,50.56
1.0346971154212952,50.55
1.0362135991454124,50.54
1.0377198308706284,50.55
1.0391080379486084,50.55
1.0406774803996086,50.55
1.0421610362827778,50.55
1.0436338372528553,50.55
1.0450455583631992,50.55
1.0466223172843456,50.55
1.0481181032955647,50.55
1.0495474636554718,50.55
1.0509618520736694,50.55
1.0525825023651123,50.56
1.0540680438280106,50.56
1.055568564683199,50.56
1.0570707060396671,50.56
1.0585567764937878,50.56
1.0600370094180107,50.56
1.0615207180380821,50.56
1.0630047917366028,50.56
1.0644863471388817,50.56
1.06595204398036,50.56
1.067452684044838,50.57
1.0689230002462864,50.57
1.0704189538955688,50.57
1.071922842413187,50.56
1.073415383696556,50.56
1.0748774148523808,50.56
1.0763940401375294,50.57
1.0778785794973373,50.57
1.0792999677360058,50.57
1.0808473974466324,50.57
1.0823443830013275,50.56
1.0837506093084812,50.56
1.0852984488010406,50.56
1.0867984555661678,50.56
1.0882853604853153,50.56
1.089735884219408,50.56
1.0911943428218365,50.56
1.0927663184702396,50.56
1.0941097661852837,50.56
1.095605008304119,50.56
1.0971418879926205,50.56
1.0987169295549393,50.56
1.1001985259354115,50.57
1.1016897074878216,50.57
1.1030377224087715,50.56
1.1046569123864174,50.57
1.105938646942377,50.57
1.1076406128704548,50.57
1.10911513119936,50.57
1.1106181778013706,50.57
1.112060584127903,50.57
1.1133632883429527,50.57
1.1150366589426994,50.58
1.116478580981493,50.57
1.1179392635822296,50.57
1.1195466108620167,50.57
1.1210289262235165,50.57
1.1225138418376446,50.57
1.1240126676857471,50.58
1.12539953738451,50.58
1.1269778907299042,50.58
1.1283650621771812,50.58
1.1299182400107384,50.58
1.131319098174572,50.57
1.1328827887773514,50.57
1.1342926919460297,50.57
1.1359221003949642,50.57
1.1373869106173515,50.57
1.138819981366396,50.57
1.1403505317866802,50.58
1.1418784745037556,50.58
1.143176108598709,50.58
1.1448310241103172,50.57
1.146177776157856,50.58
1.1478115431964397,50.58
1.1491035856306553,50.59
1.1507928296923637,50.59
1.1520592980086803,50.6
1.1537638492882252,50.61
1.1550347805023193,50.62
1.156511813402176,50.61
1.1582157537341118,50.61
1.1597339138388634,50.61
1.1612019874155521,50.61
1.1626997739076614,50.61
1.1641118302941322,50.61
1.165669783949852,50.61
1.1671003140509129,50.62
1.1686579696834087,50.61
1.1700218580663204,50.6
1.171626254916191,50.61
1.173109333962202,50.62
1.1745940037071705,50.62
1.1760768964886665,50.62
1.177501168102026,50.62
1.1790766716003418,50.62
1.1805466525256634,50.62
1.1820445507764816,50.62
1.1835331693291664,50.61
1.1850194409489632,50.62
1.1864975206553936,50.61
1.1878213584423065,50.6
1.1894560232758522,50.59
1.1909508109092712,50.58
1.1924550905823708,50.58
1.1939459182322025,50.58
1.1954247504472733,50.59
1.1969248428940773,50.58
1.1984016671776772,50.58
1.199890911579132,50.58
1.201388068497181,50.59
1.2028727419674397,50.59
1.2043643929064274,50.58
1.205754715949297,50.58
1.207313735038042,50.58
1.2088175117969513,50.59
1.210263181477785,50.59
1.2117986902594566,50.59
1.2132824510335922,50.59
1.214777011424303,50.6
1.2162685431540012,50.6
1.2176177762448788,50.62
1.2192616499960423,50.62
1.2207382209599018,50.62
1.222076315432787,50.61
1.223631776869297,50.61
1.2250861637294292,50.61
1.2265936583280563,50.6
1.2281794250011444,50.59
1.2296562008559704,50.59
1.231142170727253,50.59
1.2326326481997967,50.59
1.2341117151081562,50.59
1.2355925291776657,50.59
1.237088467925787,50.59
1.2385793253779411,50.58
1.2400663793087006,50.58
1.2415631674230099,50.58
1.243043351918459,50.59
1.2445288188755512,50.59
1.2460086271166801,50.6
1.2474680319428444,50.59
1.248944066464901,50.59
1.2504884488880634,50.6
1.2519749253988266,50.6
1.2534113116562366,50.6
1.2549117133021355,50.59
1.2563791908323765,50.6
1.2578707821667194,50.6
1.2593336813151836,50.6
1.2608336135745049,50.6
1.2622823379933834,50.6
1.263855755329132,50.59
1.265235099941492,50.6
1.266851283609867,50.59
1.2683459632098675,50.59
1.2698357962071896,50.6
1.2713111527264118,50.6
1.2728163041174412,50.61
1.2742920406162739,50.6
1.275775521993637,50.6
1.2772724218666553,50.6
1.2787631675601006,50.6
1.2802504636347294,50.61
1.2817495316267014,50.61
1.2832233794033527,50.6
1.2847069129347801,50.6
1.2861956395208836,50.61
1.2876198999583721,50.61
1.2891793847084045,50.61
1.290663842111826,50.61
1.2921452932059765,50.6
1.2936320379376411,50.61
1.295119822025299,50.61
1.2966181226074696,50.61
1.2981022633612156,50.6
1.299592774361372,50.6
1.3010834008455276,50.6
1.3025583662092686,50.6
1.3040546104311943,50.6
1.3055411912500858,50.6
1.306882455945015,50.61
1.3083799071609974,50.61
1.3099286891520023,50.62
1.3113741390407085,50.61
1.3129794299602509,50.61
1.3144787400960922,50.61
1.3159578144550323,50.61
1.3174217753112316,50.62
1.3189373724162579,50.62
1.3204187974333763,50.62
1.3219110406935215,50.62
1.3233977481722832,50.62
1.3248740546405315,50.62
1.3263762407004833,50.62
1.3278522044420242,50.61
1.3293011635541916,50.61
1.330848902463913,50.62
1.3323319219052792,50.62
1.3338095881044865,50.61
1.3352963738143444,50.61
1.3367919772863388,50.62
1.3382854983210564,50.61
1.3397329226136208,50.61
1.3412485010921955,50.62
1.342752430588007,50.62
1.344232801347971,50.61
1.345724392682314,50.61
1.3472093045711517,50.61
1.3485846407711506,50.62
1.3501944206655025,50.62
1.3516750819981098,50.62
1.3531556986272335,50.62
1.3546404875814915,50.63
1.3561272397637367,50.63
1.357627060264349,50.62
1.3591113686561584,50.63
1.360585667192936,50.62
1.3620798960328102,50.62
1.3635782822966576,50.62
1.365058969706297,50.62
1.3665462993085384,50.62
1.3680348694324493,50.63
1.3695242889225483,50.63
1.371014017611742,50.63
1.3724983409047127,50.63
1.37397937849164,50.63
1.3754781149327755,50.63
1.3769520968198776,50.62
1.3784464672207832,50.62
1.3799405433237553,50.62
1.3814193420112133,50.63
1.3829119130969048,50.64
1.3844101317226887,50.63
1.3858912996947765,50.63
1.3873843774199486,50.63
1.3888744749128819,50.63
1.3903577253222466,50.63
1.391702950000763,50.63
1.393336620181799,50.63
1.3948273472487926,50.63
1.3963085934519768,50.63
1.3977908305823803,50.63
1.399289470165968,50.63
1.4007705003023148,50.63
1.4022556319832802,50.63
1.4037504941225052,50.63
1.4052337184548378,50.64
1.4067248478531837,50.63
1.4082104451954365,50.63
1.409484039992094,50.63
1.4111363962292671,50.63
1.4126750938594341,50.62
1.4141527898609638,50.63
1.4156556464731693,50.64
1.4171389937400818,50.63
1.418556820601225,50.64
1.4201256968080997,50.64
1.4215647242963314,50.64
1.4230913929641247,50.64
1.4245793633162975,50.64
1.4260737970471382,50.63
1.4275715462863445,50.64
1.428938016295433,50.64
1.430530060082674,50.64
1.432010728865862,50.64
1.4335057735443115,50.64
1.4349900037050247,50.64
1.4364792332053185,50.65
1.4379808455705643,50.66
1.4392951652407646,50.67
1.4409445114433765,50.67
1.4424417987465858,50.67
1.4438785202801228,50.67
1.445320948958397,50.66
1.4468843452632427,50.67
1.4482169151306152,50.66
1.4498699121177197,50.66
1.4512265659868717,50.66
1.45286825299263,50.67
1.4541235081851482,50.67
1.4558272697031498,50.67
1.457278672605753,50.66
1.4588113017380238,50.67
1.4602964594960213,50.68
1.4617939479649067,50.68
1.4632072448730469,50.68
1.464744459837675,50.68
1.4661495387554169,50.68
1.4676197692751884,50.68
1.4692225120961666,50.67
1.4706535339355469,50.67
1.4721464179456234,50.67
1.4735523499548435,50.67
1.4750950001180172,50.68
1.4765059873461723,50.67
1.4780206680297852,50.67
1.4796505644917488,50.67
1.480984903872013,50.67
1.482571393251419,50.67
1.4839297346770763,50.66
1.4855785891413689,50.66
1.4870638400316238,50.67
1.4885368943214417,50.67
1.4898925200104713,50.67
1.4913170859217644,50.67
1.4930330067873,50.67
1.4944950938224792,50.67
1.4960082471370697,50.67
1.4975101463496685,50.66
1.4989808797836304,50.67
1.5004368871450424,50.67
1.50196847692132,50.66
1.5033606141805649,50.66
1.5049242116510868,50.66
1.5063320845365524,50.66
1.5079000145196915,50.66
1.5093934088945389,50.67
1.510902065783739,50.67
1.5123672783374786,50.67
1.5137592367827892,50.68
1.515315506607294,50.67
1.51668631285429,50.67
1.518332440406084,50.67
1.5198237150907516,50.67
1.5213045068085194,50.67
1.5226915925741196,50.67
1.5242922939360142,50.67
1.5256510488688946,50.67
1.5272522270679474,50.66
1.5285409018397331,50.66
1.530066754668951,50.66
1.5316947549581528,50.66
1.533102199435234,50.66
1.5347087010741234,50.66
1.5359641313552856,50.66
1.5376436859369278,50.66
1.5390053503215313,50.66
1.5405941642820835,50.67
1.5421450287103653,50.67
1.5435867197811604,50.66
1.5451226346194744,50.66
1.5465969666838646,50.66
1.548069305717945,50.67
1.5495113171637058,50.66
1.5509189628064632,50.66
1.5525212027132511,50.67
1.5540169924497604,50.67
1.555398389697075,50.67
1.5570169873535633,50.66
1.5583642572164536,50.66
1.5598661415278912,50.66
1.561472810804844,50.67
1.562803789973259,50.67
1.564389392733574,50.67
1.565768752247095,50.67
1.5674238987267017,50.67
1.5689215324819088,50.67
1.570235151797533,50.67
1.571699507534504,50.67
1.5733711570501328,50.67
1.5748556107282639,50.67
1.576209630817175,50.67
1.5778115205466747,50.67
1.5793341398239136,50.67
1.5807119607925415,50.67
1.582303985953331,50.68
1.5838064402341843,50.67
1.5852184817194939,50.67
1.5867891907691956,50.67
1.5882487036287785,50.67
1.5897439941763878,50.68
1.5912420228123665,50.68
1.5926466099917889,50.68
1.5942088030278683,50.68
1.5957140177488327,50.68
1.597182709723711,50.69
1.5985722355544567,50.69
1.6001630313694477,50.68
1.6015380658209324,50.68
1.603119045495987,50.68
1.6044803746044636,50.68
1.6060466542840004,50.68
1.6074408516287804,50.68
1.6090905889868736,50.67
1.6105086728930473,50.67
1.6120621897280216,50.67
1.6134145185351372,50.67
1.614847507327795,50.67
1.6165164709091187,50.67
1.6177992895245552,50.67
1.6195054985582829,50.67
1.6210005395114422,50.67
1.6224380917847157,50.68
1.6237485110759735,50.68
1.625403430312872,50.68
1.6269453391432762,50.68
1.6284355744719505,50.67
1.62983438372612,50.67
1.6313515603542328,50.67
1.632903303951025,50.67
1.6343095414340496,50.67
1.6358773931860924,50.67
1.637370329350233,50.67
1.6388033628463745,50.68
1.640248842537403,50.68
1.6417739242315292,50.68
1.6431783139705658,50.68
1.6447968631982803,50.68
1.646159004420042,50.67
1.6477367393672466,50.67
1.6492696292698383,50.67
1.6507777497172356,50.67
1.6521468497812748,50.66
1.653551671653986,50.66
1.655221164226532,50.67
1.6567021384835243,50.68
1.6581935547292233,50.69
1.659670002758503,50.68
1.6611570827662945,50.68
1.6626292690634727,50.69
1.6641596890985966,50.69
1.6656322106719017,50.68
1.6671136803925037,50.67
1.6686119548976421,50.67
1.6700666956603527,50.68
1.6715442277491093,50.68
1.6730677038431168,50.68
1.674503080546856,50.68
1.6760328449308872,50.67
1.6775394678115845,50.67
1.6790480352938175,50.67
1.6805251687765121,50.67
1.6820182278752327,50.67
1.6833879724144936,50.67
1.6849769093096256,50.67
1.686336189508438,50.68
1.6879568435251713,50.68
1.6892869174480438,50.67
1.6909299567341805,50.67
1.69225687161088,50.67
1.6938989907503128,50.68
1.6953993774950504,50.68
1.6968865767121315,50.69
1.698369100689888,50.69
1.6998619921505451,50.68
1.7013503834605217,50.68
1.7028271034359932,50.68
1.7043147906661034,50.68
1.705818071961403,50.68
1.707299504429102,50.68
1.7087787501513958,50.69
1.7102687992155552,50.68
1.7117622420191765,50.68
1.7132558450102806,50.68
1.71473965421319,50.68
1.7162341102957726,50.69
1.7177165560424328,50.69
1.7192048914730549,50.68
1.7205937020480633,50.68
1.7221910171210766,50.68
1.7235968373715878,50.68
1.7251200303435326,50.68
1.7266186624765396,50.69
1.7281308881938457,50.69
1.7294965498149395,50.68
1.7311063632369041,50.67
1.7325664982199669,50.68
1.7340860031545162,50.68
1.7354264184832573,50.68
1.7370582073926926,50.69
1.7385626658797264,50.69
1.7400345541536808,50.69
1.7415196560323238,50.7
1.7428156845271587,50.69
1.7445070929825306,50.69
1.7458532266318798,50.7
1.747474815696478,50.7
1.7489586733281612,50.7
1.7504123114049435,50.71
1.7519183233380318,50.71
1.7533944994211197,50.71
1.7549129202961922,50.71
1.7563652843236923,50.71
1.757839284837246,50.71
1.75930580124259,50.71
1.7608553618192673,50.71
1.762291382998228,50.71
1.7637689486145973,50.71
1.7652321606874466,50.71
1.7667308673262596,50.71
1.7681838907301426,50.71
1.7696589343249798,50.71
1.7711673453450203,50.72
1.7726186625659466,50.72
1.7742268182337284,50.71
1.775610540062189,50.71
1.7770971208810806,50.72
1.7787249349057674,50.71
1.7802181839942932,50.71
1.7817150503396988,50.71
1.783178310841322,50.71
1.7845030277967453,50.72
1.7861496955156326,50.71
1.7876408025622368,50.71
1.7891331687569618,50.72
1.7906040735542774,50.72
1.7921105362474918,50.71
1.793593056499958,50.71
1.795103494077921,50.71
1.7965460419654846,50.71
1.798029888421297,50.71
1.7995131202042103,50.71
1.800982266664505,50.71
1.8025129362940788,50.71
1.8039623349905014,50.72
1.8054349943995476,50.72
1.80692820250988,50.71
1.808455266058445,50.71
1.809957828372717,50.71
1.8113897740840912,50.69
1.8128100410103798,50.71
1.8143622353672981,50.72
1.8158854320645332,50.72
1.8172795213758945,50.72
1.818915218114853,50.71
1.8203927427530289,50.72
1.8218796849250793,50.72
1.823173951357603,50.72
1.8248388916254044,50.72
1.8263387493789196,50.71
1.8278181664645672,50.72
1.8293076157569885,50.71
1.830781802535057,50.7
1.832278672605753,50.7
1.8337719291448593,50.7
1.835256140679121,50.71
1.8367424458265305,50.71
1.8382471278309822,50.71
1.8397273793816566,50.71
1.841216329485178,50.71
1.842702329158783,50.71
1.8441972807049751,50.7
1.8456786088645458,50.71
1.8471417166292667,50.71
1.8486514538526535,50.71
1.8501323834061623,50.71
1.8515527062118053,50.71
1.8531048968434334,50.71
1.8545912876725197,50.71
1.8560392707586288,50.71
1.8575668632984161,50.71
1.8590731397271156,50.72
1.860557645559311,50.72
1.862050622701645,50.71
1.8633866347372532,50.7
1.8650222308933735,50.7
1.866347212344408,50.7
1.8678048253059387,50.69
1.8694818392395973,50.7
1.8709709085524082,50.71
1.8724537678062916,50.7
1.8737643286585808,50.71
1.875448677688837,50.71
1.8769228160381317,50.7
1.878370713442564,50.71
1.8798719123005867,50.72
1.8813639730215073,50.72
1.8828655369579792,50.72
1.8843525126576424,50.73
1.8858117312192917,50.76
1.8872954025864601,50.77
1.8887798860669136,50.78
1.8902401328086853,50.77
1.8917415663599968,50.76
1.8932721056044102,50.75
1.8946565017104149,50.75
1.896161437034607,50.75
1.897677093744278,50.74
1.8991399481892586,50.74
1.900622982531786,50.74
1.9021015800535679,50.74
1.9035791791975498,50.74
1.9050303250551224,50.74
1.9066967107355595,50.73
1.9081847444176674,50.73
1.9094829745590687,50.74
1.9111426956951618,50.74
1.9126311391592026,50.75
1.9141077660024166,50.74
1.9156128466129303,50.74
1.917080596089363,50.74
1.918594766408205,50.74
1.9200788214802742,50.73
1.921530093997717,50.73
1.9230109639465809,50.74
1.9245333820581436,50.75
1.9260213375091553,50.75
1.9274519830942154,50.75
1.9289531335234642,50.75
1.9304291866719723,50.75
1.9318771623075008,50.76
1.933457687497139,50.75
1.9348745718598366,50.76
1.936348270624876,50.76
1.9378422424197197,50.77
1.939364269375801,50.77
1.940801553428173,50.77
1.9423008114099503,50.78
1.943795382976532,50.78
1.9453829862177372,50.76
1.9468429386615753,50.76
1.9483478181064129,50.75
1.9498619511723518,50.74
1.9513239711523056,50.73
1.9528139904141426,50.73
1.9543003514409065,50.74
1.9557791128754616,50.73
1.957281433045864,50.74
1.9587602876126766,50.73
1.9600451737642288,50.73
1.9617360942065716,50.73
1.9632291495800018,50.73
1.9646826647222042,50.73
1.9662121087312698,50.72
1.9676958657801151,50.72
1.9691749960184097,50.72
1.970670036971569,50.72
1.9721565134823322,50.72
1.973650999367237,50.72
1.9751344993710518,50.71
1.9766183756291866,50.72
1.9781043753027916,50.73
1.9795960783958435,50.73
1.9810811914503574,50.74
1.982468768954277,50.73
1.9839868620038033,50.73
1.9855457432568073,50.73
1.9870364293456078,50.74
1.9883930534124374,50.74
1.9899947308003902,50.74
1.99149040132761,50.74
1.9929840080440044,50.73
1.9944655783474445,50.73
1.9959604367613792,50.73
1.9974452666938305,50.73
1.9989268258213997,50.74
2.0004100427031517,50.74
2.0018980987370014,50.73
2.003376215696335,50.73
2.0048744715750217,50.74
2.0063789561390877,50.73
2.007855001837015,50.73
2.0093555599451065,50.74
2.0107796266674995,50.74
2.0123301781713963,50.76
2.013811357319355,50.75
2.0153065733611584,50.74
2.016784518957138,50.75
2.018276173621416,50.75
2.01977613940835,50.74
2.021259266883135,50.74
2.022749748080969,50.74
2.024239156395197,50.74
2.0256841853260994,50.75
2.0272084809839725,50.75
2.028616391122341,50.75
2.03011367470026,50.74
2.0315887480974197,50.74
2.0331572145223618,50.74
2.0346503891050816,50.74
2.0361339561641216,50.74
2.037625562399626,50.74
2.039028324186802,50.75
2.0405929796397686,50.75
2.0418845042586327,50.76
2.0435530357062817,50.76
2.044847957789898,50.76
2.046346638351679,50.75
2.0479645170271397,50.76
2.04945108294487,50.76
2.050964865833521,50.76
2.052280742675066,50.76
2.0539901480078697,50.76
2.0554084591567516,50.76
2.0569589026272297,50.76
2.058445878326893,50.76
2.059945646673441,50.76
2.0614432841539383,50.76
2.062927681952715,50.76
2.0643299631774426,50.76
2.065852865576744,50.76
2.0672593973577023,50.76
2.0688217505812645,50.75
2.0702416822314262,50.76
2.0718544125556946,50.76
2.073175113648176,50.76
2.074660826474428,50.77
2.076224498450756,50.79
2.0778143517673016,50.8
2.079298682510853,50.81
2.0806285850703716,50.81
2.0820957347750664,50.8
2.0835698433220387,50.8
2.0852448754012585,50.8
2.086548775434494,50.79
2.088186278939247,50.78
2.0894976519048214,50.79
2.091193787753582,50.8
2.0924493111670017,50.8
2.0941479690372944,50.82
2.095679070800543,50.81
2.0971363335847855,50.81
2.0985805727541447,50.81
2.100053623318672,50.8
2.1015802547335625,50.79
2.1031042598187923,50.78
2.104588832706213,50.77
2.1060669757425785,50.77
2.107514314353466,50.77
2.108940113335848,50.77
2.110514808446169,50.76
2.112032175064087,50.76
2.113400559872389,50.75
2.1148491352796555,50.76
2.116431348025799,50.76
2.117859076708555,50.76
2.1193846575915813,50.75
2.1207878328859806,50.76
2.122450638562441,50.76
2.1237528696656227,50.76
2.1252258643507957,50.76
2.126900862902403,50.77
2.1281876787543297,50.76
2.1298397928476334,50.76
2.131202295422554,50.77
2.1328196600079536,50.78
2.134116008877754,50.78
2.1357766464352608,50.77
2.13731200248003,50.77
2.138818431645632,50.76
2.1403033323585987,50.77
2.1417877823114395,50.76
2.143185116350651,50.77
2.144774414598942,50.77
2.146209329366684,50.76
2.147660870105028,50.76
2.149132799357176,50.75
2.150620363652706,50.76
2.1520869061350822,50.77
2.1536938697099686,50.77
2.1551862247288227,50.76
2.156669981777668,50.76
2.1581544131040573,50.77
2.159582693129778,50.76
2.161122102290392,50.77
2.1624381728470325,50.77
2.1641060188412666,50.77
2.165580615401268,50.76
2.1670785024762154,50.76
2.168571475893259,50.75
2.170058283954859,50.76
2.171526290476322,50.76
2.1730223670601845,50.76
2.1745189428329468,50.76
2.1760042533278465,50.76
2.177486438304186,50.77
2.178970456123352,50.77
2.1804663613438606,50.77
2.181955348700285,50.76
2.183431375771761,50.77
2.1848736591637135,50.77
2.1863477490842342,50.77
2.187849473208189,50.78
2.189293250441551,50.78
2.190883055329323,50.76
2.1923656202852726,50.77
2.1938571594655514,50.77
2.1953468322753906,50.76
2.1968305371701717,50.77
2.1983214244246483,50.77
2.1998156420886517,50.76
2.201307285577059,50.76
2.2027847431600094,50.76
2.2042722143232822,50.77
2.2057669274508953,50.77
2.207248777151108,50.77
2.208553172647953,50.77
2.2102268747985363,50.77
2.2115467116236687,50.77
2.2131036669015884,50.77
2.2146034128963947,50.77
2.216186720877886,50.77
2.217634443193674,50.76
2.2189468033611774,50.77
2.220610059797764,50.76
2.2221434228122234,50.77
2.223598062992096,50.77
2.225104156881571,50.77
2.2265390269458294,50.77
2.2280852384865284,50.77
2.229574654251337,50.77
2.2310511246323586,50.77
2.232530642300844,50.77
2.234039817005396,50.77
2.235399764031172,50.77
2.237002953886986,50.77
2.2383847422897816,50.77
2.239959456026554,50.77
2.2414726801216602,50.77
2.2429654859006405,50.77
2.2444396652281284,50.77
2.2459342814981937,50.77
2.2474315501749516,50.77
2.24890835955739,50.78
2.2503961846232414,50.78
2.2518844418227673,50.78
2.253377500921488,50.78
2.254655946046114,50.78
2.256351809948683,50.77
2.257633164525032,50.77
2.259135402739048,50.77
2.260779805481434,50.77
2.26229964569211,50.77
2.2637843750417233,50.77
2.2652842067182064,50.77
2.2667729519307613,50.78
2.2682634107768536,50.78
2.2697403244674206,50.78
2.2712302319705486,50.78
2.272710733115673,50.78
2.274116788059473,50.78
2.27570778131485,50.78
2.277184270322323,50.78
2.278587907552719,50.77
2.2801622189581394,50.77
2.281645391136408,50.77
2.283128920942545,50.77
2.284614361822605,50.77
2.2859729565680027,50.78
2.287565864622593,50.78
2.2889312244951725,50.78
2.290585532784462,50.78
2.2919748462736607,50.77
2.293548047542572,50.77
2.2950442768633366,50.77
2.296520508825779,50.77
2.29800945520401,50.77
2.2994924001395702,50.77
2.300972104072571,50.77
2.3024684339761734,50.77
2.3039658218622208,50.77
2.305461496114731,50.78
2.3069436252117157,50.78
2.3084274530410767,50.78
2.3099147602915764,50.78
2.3114111870527267,50.78
2.312886044383049,50.77
2.314380243420601,50.77
2.315878853201866,50.77
2.3173713833093643,50.78
2.3188582211732864,50.78
2.3203432373702526,50.78
2.3217120692133904,50.78
2.3233108446002007,50.77
2.3247968442738056,50.77
2.326239340007305,50.78
2.3277098797261715,50.78
2.3292864710092545,50.78
2.3307745829224586,50.78
2.332249727100134,50.78
2.3337301202118397,50.78
2.3352351039648056,50.79
2.3367012590169907,50.79
2.338202565908432,50.79
2.3396753445267677,50.78
2.3411606661975384,50.77
2.3426473774015903,50.77
2.344135720282793,50.77
2.3456329442560673,50.77
2.3471114188432693,50.78
2.348591286689043,50.78
2.350099101662636,50.78
2.3515208438038826,50.77
2.3530422262847424,50.78
2.354530844837427,50.78
2.355984687805176,50.77
2.357519943267107,50.77
2.358941540122032,50.78
2.360479585826397,50.78
2.3618979565799236,50.77
2.363405477255583,50.78
2.364966183900833,50.77
2.366372961550951,50.77
2.36796073615551,50.78
2.3694332391023636,50.79
2.3708193078637123,50.78
2.372284635901451,50.78
2.373761836439371,50.78
2.375379014760256,50.78
2.3768699020147324,50.78
2.378354225307703,50.79
2.3798474818468094,50.8
2.38133904337883,50.79
2.382826991379261,50.79
2.3843047954142094,50.78
2.3858025074005127,50.78
2.387290682643652,50.78
2.3885736018419266,50.79
2.3902631141245365,50.79
2.3917787298560143,50.78
2.3932544253766537,50.77
2.394730072468519,50.77
2.3962023369967937,50.78
2.397677343338728,50.78
2.399160597473383,50.78
2.400627553462982,50.78
2.402075622230768,50.78
2.403654232621193,50.78
2.4051455073058605,50.79
2.406630400568247,50.79
2.4081263653934,50.78
2.40960805863142,50.79
2.4110937900841236,50.79
2.4125888384878635,50.78
2.414074718952179,50.78
2.4155699275434017,50.79
2.41706495732069,50.79
2.418394237756729,50.78
2.4198609925806522,50.79
2.4214135594666004,50.78
2.4228467643260956,50.77
2.4244848005473614,50.77
2.425799824297428,50.77
2.427461378276348,50.77
2.4287327006459236,50.76
2.430454682558775,50.78
2.4319432117044926,50.77
2.433186072856188,50.77
2.434889044612646,50.78
2.4364077486097813,50.78
2.437882114201784,50.78
2.439367152750492,50.78
2.440864112228155,50.78
2.442150019109249,50.78
2.44375629350543,50.77
2.4453092627227306,50.78
2.4467781633138657,50.78
2.4482185877859592,50.79
2.4497670978307724,50.79
2.451160941272974,50.78
2.452764317393303,50.79
2.454105820506811,50.78
2.455714836716652,50.79
2.457239542156458,50.78
2.458691406995058,50.78
2.4601484648883343,50.78
2.461700152605772,50.78
2.4631789699196815,50.78
2.464662194252014,50.79
2.466164853423834,50.79
2.467468846589327,50.79
2.4691167138516903,50.78
2.470608741044998,50.78
2.4718872122466564,50.79
2.4735607877373695,50.79
2.4749070554971695,50.78
2.4765428341925144,50.78
2.47799227014184,50.78
2.4795577824115753,50.78
2.480984888970852,50.78
2.4825392216444016,50.78
2.4839433431625366,50.78
2.4854916408658028,50.78
2.4868956692516804,50.78
2.488454207777977,50.78
2.489877939224243,50.78
2.49144284427166,50.78
2.492933467030525,50.78
2.4944219328463078,50.78
2.4958351589739323,50.78
2.4973402619361877,50.79
2.498739864677191,50.79
2.500382963567972,50.78
2.5016991682350636,50.78
2.503205932676792,50.79
2.5047909021377563,50.79
2.5061507746577263,50.79
2.5078093595802784,50.79
2.509300399571657,50.79
2.5106356889009476,50.78
2.512082014232874,50.79
2.513776473701,50.79
2.5150571279227734,50.78
2.5167092606425285,50.78
2.5182454995810986,50.78
2.519716564565897,50.78
2.521175045520067,50.77
2.522711042314768,50.78
2.5241805724799633,50.78
2.5256063863635063,50.78
2.52695769071579,50.78
2.528639931231737,50.78
2.5301286466419697,50.79
2.531610779464245,50.79
2.5330103151500225,50.79
2.53452380746603,50.79
2.5359882451593876,50.79
2.5375656709074974,50.79
2.5390142649412155,50.79
2.5404340401291847,50.79
2.5420381762087345,50.79
2.5435285456478596,50.79
2.5450068339705467,50.79
2.546501860022545,50.8
2.5479868352413177,50.79
2.5494690388441086,50.79
2.550962556153536,50.79
2.5523896664381027,50.8
2.5539414398372173,50.8
2.5552259758114815,50.79
2.556929539889097,50.8
2.5581903532147408,50.8
2.559894595295191,50.8
2.5611615031957626,50.79
2.562879480421543,50.79
2.564313620328903,50.8
2.5658592879772186,50.8
2.567294664680958,50.79
2.5688268281519413,50.79
2.5702564492821693,50.79
2.5718046315014362,50.79
2.5732081346213818,50.79
2.574762899428606,50.8
2.5761449225246906,50.8
2.5777344182133675,50.8
2.5791164189577103,50.79
2.580725736916065,50.79
2.5820904970169067,50.79
2.5836825519800186,50.78
2.585182446986437,50.79
2.586678270250559,50.79
2.5881625078618526,50.79
2.5896590016782284,50.79
2.591140542179346,50.79
2.5926292464137077,50.79
2.5941020287573338,50.79
2.5956015214323997,50.79
2.597079087048769,50.79
2.598575107753277,50.79
2.599879741668701,50.79
2.6015585064888,50.79
2.6028584651649,50.79
2.6044781506061554,50.79
2.606026392430067,50.79
2.6075180545449257,50.8
2.6089528910815716,50.79
2.6102546378970146,50.79
2.6118980571627617,50.8
2.6134690642356873,50.8
2.6148903369903564,50.8
2.6162772327661514,50.8
2.617813777178526,50.8
2.619324553757906,50.79
2.620892357081175,50.78
2.622378658503294,50.78
2.6238756850361824,50.79
2.625310316681862,50.8
2.6267497465014458,50.79
2.6282383911311626,50.8
2.6297128088772297,50.8
2.6312909238040447,50.8
2.632807157933712,50.8
2.6342957094311714,50.79
2.6357808522880077,50.8
2.637278765439987,50.8
2.6387630999088287,50.8
2.640231464058161,50.8
2.6417202427983284,50.79
2.6432180739939213,50.79
2.6447097919881344,50.79
2.6461902260780334,50.78
2.6476718932390213,50.79
2.6491683423519135,50.8
2.650649331510067,50.79
2.652141336351633,50.79
2.653633862733841,50.8
2.655113600194454,50.81
2.656600132584572,50.81
2.658066600561142,50.8
2.6595500707626343,50.8
2.661081999540329,50.8
2.6625602170825005,50.8
2.6640466041862965,50.8
2.6655430495738983,50.8
2.666894756257534,50.8
2.668368823826313,50.8
2.6699361987411976,50.79
2.671369783580303,50.79
2.6728863529860973,50.8
2.674319237470627,50.81
2.6759701631963253,50.81
2.6772570237517357,50.83
2.67893810197711,50.85
2.6802243627607822,50.86
2.6819056421518326,50.86
2.6832869201898575,50.86
2.6848667040467262,50.84
2.6861799471080303,50.82
2.687847200781107,50.82
2.6891124173998833,50.82
2.6907950676977634,50.81
2.6923175379633904,50.81
2.6937593929469585,50.82
2.6952997781336308,50.81
2.6967820785939693,50.8
2.698207341134548,50.8
2.699765667319298,50.8
2.7011515349149704,50.81
2.702720932662487,50.81
2.7041892409324646,50.8
2.7057235576212406,50.8
2.707211334258318,50.8
2.708587434142828,50.8
2.7101232558488846,50.8
2.7116600312292576,50.81
2.7130419202148914,50.8
2.7145777195692062,50.8
2.716031413525343,50.81
2.7176095247268677,50.8
2.7191190868616104,50.81
2.720412939786911,50.81
2.7220828123390675,50.81
2.723375730216503,50.81
2.7250450924038887,50.81
2.726349785923958,50.81
2.7279948368668556,50.81
2.729500725865364,50.81
2.731001637876034,50.81
2.7322600968182087,50.81
2.733940362930298,50.81
2.7354309000074863,50.82
2.7369693778455257,50.81
2.7383756190538406,50.8
2.739927213639021,50.81
2.741413611918688,50.81
2.742853321135044,50.81
2.744384728372097,50.81
2.745785929262638,50.82
2.7473733574151993,50.81
2.748846035450697,50.8
2.750333607196808,50.81
2.75184054300189,50.8
2.753319878131151,50.81
2.7546718530356884,50.81
2.756237354129553,50.81
2.7576642856001854,50.81
2.7592509388923645,50.82
2.760589934885502,50.82
2.762167703360319,50.81
2.7637115828692913,50.82
2.76522496342659,50.82
2.766710553318262,50.82
2.768184930086136,50.81
2.769582435488701,50.81
2.7710413187742233,50.81
2.772463507950306,50.81
2.7741427831351757,50.81
2.7756342999637127,50.82
2.7771208733320236,50.82
2.7786078825592995,50.82
2.780108764767647,50.82
2.7815832681953907,50.82
2.783074390143156,50.82
2.7845665626227856,50.82
2.7860578186810017,50.82
2.7875234335660934,50.82
2.788902275264263,50.82
2.790495775640011,50.83
2.791904702782631,50.83
2.7935010828077793,50.83
2.794868901371956,50.83
2.7964313477277756,50.84
2.797849789261818,50.83
2.7994481921195984,50.83
2.800806287676096,50.83
2.80242158472538,50.83
2.803752887994051,50.82
2.805385362356901,50.82
2.8068851083517075,50.82
2.8083641678094864,50.82
2.8098530024290085,50.83
2.8113377913832664,50.83
2.8128368631005287,50.83
2.81431020796299,50.83
2.815813947468996,50.84
2.817310307174921,50.83
2.8187737353146076,50.83
2.820277839899063,50.83
2.821767706423998,50.83
2.82325479388237,50.84
2.8247015923261642,50.82
2.8261790089309216,50.83
2.8276714012026787,50.83
2.8291699327528477,50.84
2.830657608807087,50.83
2.8321203626692295,50.84
2.8336408399045467,50.84
2.8351454734802246,50.84
2.836520165205002,50.84
2.8381172567605972,50.83
2.8395235873758793,50.84
2.840955663472414,50.84
2.842606872320175,50.83
2.844083819538355,50.83
2.8454078920185566,50.85
2.8470700718462467,50.86
2.8485505133867264,50.86
2.8500490114092827,50.86
2.851526465266943,50.86
2.853011589497328,50.86
2.854505266994238,50.86
2.8559806644916534,50.87
2.8574557676911354,50.85
2.8589456155896187,50.82
2.860439483076334,50.81
2.861942045390606,50.81
2.8634028509259224,50.82
2.8648954443633556,50.81
2.8663978800177574,50.81
2.867871541529894,50.82
2.869353797286749,50.83
2.8708224929869175,50.84
2.8723443783819675,50.85
2.873795583844185,50.86
2.8752545416355133,50.86
2.8768178708851337,50.85
2.878292515873909,50.84
2.879798300564289,50.83
2.881189923733473,50.83
2.8827096074819565,50.83
2.8842104710638523,50.83
2.8857399113476276,50.83
2.8870891630649567,50.83
2.8887390233576298,50.82
2.8902170062065125,50.83
2.8916987515985966,50.84
2.893195129930973,50.84
2.8946702778339386,50.84
2.896162535995245,50.85
2.8976520150899887,50.84
2.899130117148161,50.84
2.900619223713875,50.84
2.901903159916401,50.84
2.9035820476710796,50.85
2.905077699571848,50.85
2.9065819792449474,50.84
2.9080191664397717,50.84
2.9095269814133644,50.84
2.91101735830307,50.85
2.912469930946827,50.85
2.913958676159382,50.84
2.9154387824237347,50.84
2.91697296500206,50.84
2.9184027165174484,50.84
2.919926330447197,50.84
2.9214582592248917,50.86
2.922719869762659,50.85
2.924306310713291,50.85
2.9258778020739555,50.85
2.9272844418883324,50.84
2.9287479296326637,50.84
2.930384624749422,50.85
2.9318865202367306,50.85
2.9332090355455875,50.85
2.9347410686314106,50.85
2.9363390617072582,50.85
2.937676154077053,50.86
2.9393038637936115,50.85
2.9407730363309383,50.85
2.9420849680900574,50.85
2.9437747709453106,50.85
2.9452768564224243,50.84
2.946545258164406,50.85
2.948204420506954,50.86
2.9496881142258644,50.85
2.951166272163391,50.85
2.952723104506731,50.85
2.9541234262287617,50.85
2.9556774348020554,50.85
2.957077655941248,50.85
2.958663608878851,50.85
2.960142582654953,50.85
2.9616175033152103,50.85
2.96312066167593,50.84
2.964568078517914,50.85
2.9659703597426414,50.85
2.9675843380391598,50.85
2.968925502151251,50.86
2.970405761152506,50.86
2.971984650939703,50.86
2.9735401570796967,50.86
2.975029371678829,50.85
2.9763382263481617,50.86
2.9779080487787724,50.85
2.9793951399624348,50.85
2.980809360742569,50.85
2.9824457317590714,50.85
2.983931351453066,50.85
2.985281229019165,50.85
2.98694259300828,50.86
2.9881843999028206,50.86
2.9898686334490776,50.85
2.99135559797287,50.85
2.9928924292325974,50.84
2.994303211569786,50.85
2.995857510715723,50.84
2.9973286129534245,50.84
2.998838748782873,50.84
3.0002909153699875,50.85
3.0017934665083885,50.85
3.003208167850971,50.85
3.0047441497445107,50.85
3.00624830275774,50.85
3.007749654352665,50.85
3.009189546108246,50.85
3.0106836333870888,50.85
3.0120840705931187,50.85
3.0136644281446934,50.85
3.015204470604658,50.85
3.0166186690330505,50.86
3.0181836262345314,50.86
3.019649136811495,50.86
3.0210569873452187,50.85
3.0224565863609314,50.85
3.0240259058773518,50.86
3.0254246406257153,50.86
3.027091335505247,50.86
3.0285809822380543,50.86
3.0300789549946785,50.86
3.03156341612339,50.86
3.0330316312611103,50.86
3.034314587712288,50.86
3.036009982228279,50.85
3.0375366397202015,50.85
3.0389456897974014,50.86
3.040494602173567,50.86
3.0418949611485004,50.87
3.0434532947838306,50.86
3.0449667014181614,50.86
3.046354278922081,50.86
3.047909453511238,50.86
3.049346834421158,50.86
3.0508836805820465,50.86
3.0523495227098465,50.86
3.0537766627967358,50.86
3.055367335677147,50.86
3.056739494204521,50.85
3.0583251640200615,50.85
3.05983517318964,50.85
3.06132859736681,50.86
3.0628213323652744,50.85
3.0641412250697613,50.85
3.065779749304056,50.86
3.067074913531542,50.86
3.068757627159357,50.85
3.0700485967099667,50.86
3.0717284604907036,50.86
3.0730170607566833,50.85
3.0747287273406982,50.85
3.0759919062256813,50.85
3.077674388885498,50.85
3.0791397355496883,50.85
3.0806045569479465,50.86
3.082169074565172,50.86
3.0835618190467358,50.86
3.085045088082552,50.86
3.086622942239046,50.85
3.0880949907004833,50.86
3.0896079763770103,50.86
3.091091178357601,50.86
3.0925792157649994,50.86
3.0940654203295708,50.86
3.095443159341812,50.86
3.096972707659006,50.86
3.098387621343136,50.86
3.09993914142251,50.86
3.101442251354456,50.86
3.102850615978241,50.86
3.1044850796461105,50.86
3.1059661842882633,50.86
3.1072882041335106,50.87
3.108763501048088,50.86
3.1104029566049576,50.86
3.1119150295853615,50.86
3.1133861988782883,50.86
3.1146968118846416,50.86
3.116337638348341,50.86
3.117702856659889,50.86
3.1193590611219406,50.86
3.1206060871481895,50.86
3.122266173362732,50.86
3.1238177493214607,50.85
3.1252361088991165,50.85
3.1267855651676655,50.85
3.1282824985682964,50.86
3.1297203078866005,50.86
3.1312423534691334,50.87
3.1326373890042305,50.86
3.134061109274626,50.85
3.13570848852396,50.85
3.1371610797941685,50.86
3.1386565044522285,50.86
3.140082646161318,50.86
3.1416535153985023,50.86
3.143167208880186,50.86
3.14451165124774,50.86
3.1460715234279633,50.86
3.1476323045790195,50.87
3.148935031145811,50.86
3.1506032161414623,50.86
3.152093816548586,50.85
3.1533798947930336,50.85
3.1550384871661663,50.86
3.1565126553177834,50.86
3.1580272763967514,50.86
3.159327633678913,50.86
3.160993319004774,50.86
3.162471938878298,50.86
3.1639812737703323,50.85
3.165483705699444,50.86
3.166975539177656,50.86
3.1683859042823315,50.85
3.1699427515268326,50.86
3.1713643930852413,50.87
3.1729119680821896,50.86
3.1743201948702335,50.87
3.1757956854999065,50.87
3.1773714423179626,50.87
3.1788570135831833,50.86
3.180344920605421,50.87
3.1818015426397324,50.86
3.183322601020336,50.86
3.1847716234624386,50.87
3.186220660805702,50.87
3.1876439712941647,50.87
3.189249347895384,50.87
3.190597601234913,50.86
3.192164871841669,50.86
3.193746190518141,50.86
3.195237059146166,50.87
3.1967292465269566,50.87
3.198200948536396,50.87
3.199689358472824,50.87
3.2011670134961605,50.87
3.2026680819690228,50.86
3.204163361340761,50.87
3.20551660656929,50.87
3.207102783024311,50.87
3.208568662405014,50.87
3.210135757923126,50.87
3.2115968242287636,50.87
3.2130358703434467,50.87
3.214532434940338,50.87
3.2160237543284893,50.87
3.2174984365701675,50.87
3.2189969532191753,50.87
3.220529619604349,50.87
3.221925463527441,50.87
3.2233992032706738,50.87
3.2248868979513645,50.88
3.2263723611831665,50.88
3.2278304770588875,50.88
3.2293512634932995,50.88
3.2308180816471577,50.87
3.232332319021225,50.88
3.2339247092604637,50.88
3.2354261577129364,50.87
3.236885506659746,50.87
3.238375049084425,50.88
3.23969829082489,50.88
3.241356372833252,50.87
3.2426616363227367,50.88
3.2443008944392204,50.88
3.2457977309823036,50.87
3.2472752407193184,50.87
3.2487931959331036,50.87
3.250285219401121,50.86
3.2517874129116535,50.86
3.2532036378979683,50.87
3.254762962460518,50.86
3.256177853792906,50.86
3.25769429653883,50.87
3.2591542452573776,50.87
3.260621428489685,50.86
3.26218194141984,50.86
3.263660192489624,50.87
3.265071891248226,50.87
3.266566675156355,50.87
3.268030561506748,50.87
3.269639741629362,50.86
3.2709945365786552,50.87
3.272533066570759,50.87
3.2739632837474346,50.87
3.27559370175004,50.87
3.2770721316337585,50.87
3.278566114604473,50.87
3.2800546288490295,50.87
3.2815383672714233,50.87
3.283011719584465,50.88
3.2844937928020954,50.87
3.2859856002032757,50.87
3.2874704599380493,50.88
3.288970798254013,50.88
3.2904193438589573,50.87
3.291936855763197,50.87
3.2934196144342422,50.87
3.294924333691597,50.87
3.2963744923472404,50.87
3.297898717224598,50.88
3.2993455044925213,50.88
3.3008149415254593,50.88
3.3022754564881325,50.87
3.3038423396646976,50.87
3.3052579276263714,50.87
3.306798793375492,50.88
3.3082000091671944,50.88
3.309713676571846,50.89
3.3111718893051147,50.89
3.3126816749572754,50.88
3.3141097463667393,50.88
3.3156227730214596,50.88
3.317135237157345,50.88
3.3186582401394844,50.88
3.320219896733761,50.88
3.321708384901285,50.89
3.323195982724428,50.88
3.324675962328911,50.88
3.3261649794876575,50.88
3.327656600624323,50.88
3.3291515186429024,50.89
3.330634068697691,50.88
3.332115199416876,50.88
3.333581320941448,50.88
3.3350944370031357,50.88
3.3365844041109085,50.88
3.338066004216671,50.88
3.3395619243383408,50.88
3.3410529121756554,50.87
3.3425337970256805,50.88
3.3440203741192818,50.88
3.345512315630913,50.88
3.347000315785408,50.88
3.348477728664875,50.88
3.3499612659215927,50.88
3.351465482264757,50.87
3.352899454534054,50.87
3.3544321581721306,50.88
3.355777669698,50.88
3.357283476740122,50.87
3.358899734914303,50.88
3.360393837094307,50.88
3.3618732504546642,50.88
3.3633654937148094,50.89
3.3648568838834763,50.88
3.3663314804434776,50.88
3.367706995457411,50.88
3.369305569678545,50.88
3.3706420063972473,50.88
3.3721038438379765,50.88
3.3737793751060963,50.87
3.3752712830901146,50.86
3.3767520412802696,50.86
3.378245446830988,50.85
3.3797353617846966,50.85
3.3812010921537876,50.86
3.382710240781307,50.85
3.384197160601616,50.86
3.3856599926948547,50.86
3.387113194912672,50.86
3.3886540569365025,50.87
3.3900807835161686,50.87
3.391630671918392,50.88
3.393111504614353,50.86
3.3945721313357353,50.87
3.3960809260606766,50.88
3.3975853472948074,50.88
3.398998122662306,50.89
3.400510497391224,50.88
3.4019531831145287,50.88
3.403430625796318,50.88
3.404893472790718,50.88
3.4065179899334908,50.88
3.40800091996789,50.88
3.4094815738499165,50.89
3.4109787084162235,50.89
3.4124664664268494,50.89
3.413950987160206,50.9
3.415424183011055,50.89
3.416903045028448,50.89
3.4184119403362274,50.9
3.419906809926033,50.89
3.421367108821869,50.9
3.422878596931696,50.9
3.4243562668561935,50.89
3.4258551597595215,50.89
3.4273477233946323,50.89
3.4288349635899067,50.89
3.4303040504455566,50.89
3.4318046122789383,50.89
3.433295138180256,50.9
3.4347846060991287,50.89
3.4362735897302628,50.89
3.437749221920967,50.89
3.4392442516982555,50.89
3.4407341219484806,50.89
3.442229747772217,50.89
3.4437115602195263,50.89
3.445150204002857,50.9
3.446558400988579,50.89
3.4480309672653675,50.9
3.44966584444046,50.9
3.4511468410491943,50.89
3.4526331312954426,50.9
3.4541218988597393,50.9
3.455602239817381,50.89
3.4571048505604267,50.89
3.458585951477289,50.89
3.4600641429424286,50.89
3.461537342518568,50.89
3.463050741702318,50.9
3.464527990669012,50.89
3.466022700071335,50.89
3.467515230178833,50.9
3.469003837555647,50.89
3.4704963453114033,50.89
3.4719810634851456,50.89
3.4734617583453655,50.89
3.474960431456566,50.89
3.476420722901821,50.9
3.4779223911464214,50.89
3.4793795570731163,50.89
3.480903957039118,50.89
3.4823651053011417,50.89
3.4838559105992317,50.88
3.4852637089788914,50.89
3.4868023097515106,50.89
3.4881961196660995,50.89
3.4897441528737545,50.89
3.491157554090023,50.9
3.492749135941267,50.89
3.4942973479628563,50.89
3.495788250118494,50.89
3.497270066291094,50.89
3.498757168650627,50.89
3.5002043694257736,50.89
3.5017445497214794,50.88
3.503232564777136,50.89
3.504704464226961,50.9
3.5061934031546116,50.9
3.507689081132412,50.9
3.5091415643692017,50.89
3.510656960308552,50.9
3.5121487602591515,50.89
3.5134611055254936,50.89
3.5150934383273125,50.9
3.5165578052401543,50.9
3.5180527679622173,50.9
3.519538827240467,50.91
3.5210300870239735,50.91
3.5224747993052006,50.91
3.5240626744925976,50.91
3.525421265512705,50.92
3.526997271925211,50.92
3.528452731668949,50.95
3.5298977121710777,50.95
3.5314287692308426,50.96
3.5329016521573067,50.95
3.534339889883995,50.96
3.5358062982559204,50.96
3.5374208092689514,50.95
3.538749486207962,50.95
3.540428176522255,50.96
3.5418997928500175,50.97
3.5433886349201202,50.96
3.5448805950582027,50.97
3.546367511153221,50.97
3.5478622429072857,50.96
3.5493076369166374,50.96
3.5507607981562614,50.96
3.5523159205913544,50.96
3.5538192577660084,50.97
3.555294468998909,50.97
3.5567788034677505,50.97
3.5582828111946583,50.97
3.5597630999982357,50.96
3.5611660331487656,50.97
3.56274751201272,50.96
3.564167518168688,50.96
3.565714567899704,50.97
3.5670816227793694,50.97
3.568684585392475,50.98
3.570162110030651,50.98
3.57165589928627,50.98
3.573042780160904,50.95
3.574512541294098,50.96
3.5760565772652626,50.97
3.577598337084055,50.97
3.579109091311693,50.97
3.5806124806404114,50.97
3.5820955298841,50.97
3.583571545779705,50.97
3.585059903562069,50.97
3.586546167731285,50.95
3.588018801063299,50.96
3.589509606361389,50.96
3.5910039991140366,50.95
3.5924576744437218,50.95
3.593933369964361,50.95
3.5954890847206116,50.95
3.5969536751508713,50.95
3.5983684100210667,50.94
3.599869880825281,50.94
3.6014278270304203,50.95
3.602911878377199,50.94
3.604397375136614,50.94
3.6058940663933754,50.94
3.6073674224317074,50.94
3.608830738812685,50.94
3.610334485769272,50.94
3.6118410266935825,50.94
3.6133175268769264,50.94
3.6148133538663387,50.95
3.6161828376352787,50.94
3.617777183651924,50.94
3.6192811019718647,50.95
3.6207693107426167,50.95
3.6222650445997715,50.95
3.6237317584455013,50.95
3.6252268068492413,50.95
3.62671285122633,50.94
3.628197930753231,50.95
3.6296870969235897,50.95
3.6309724263846874,50.95
3.632657293230295,50.95
3.63415439799428,50.95
3.635637044906616,50.95
3.637135747820139,50.95
3.638595063239336,50.96
3.6400940641760826,50.94
3.641596984118223,50.95
3.6430689021945,50.95
3.644568730145693,50.95
3.6460506543517113,50.95
3.647552937269211,50.95
3.648935329169035,50.94
3.650537818670273,50.94
3.6519231870770454,50.94
3.653496105223894,50.95
3.6548806726932526,50.95
3.6564228534698486,50.95
3.6577509827911854,50.95
3.659314900636673,50.95
3.6608678214251995,50.95
3.662430588155985,50.95
3.663874499499798,50.95
3.6652519442141056,50.95
3.666796423494816,50.95
3.66836703941226,50.94
3.6697892136871815,50.94
3.671338513493538,50.95
3.6728417314589024,50.94
3.674326479434967,50.95
3.6757849641144276,50.95
3.6772494353353977,50.94
3.678757406771183,50.94
3.6802547685801983,50.95
3.681784763932228,50.95
3.6830222085118294,50.95
3.6847527846693993,50.95
3.6861556507647038,50.95
3.6877252645790577,50.94
3.6892165280878544,50.95
3.6906754672527313,50.96
3.6921805143356323,50.95
3.6936317794024944,50.95
3.6951624043285847,50.95
3.696659781038761,50.95
3.6980179771780968,50.96
3.6995839066803455,50.95
3.7009721845388412,50.95
3.70256320014596,50.94
3.7040566205978394,50.95
3.705530859529972,50.95
3.706894528120756,50.95
3.708493772894144,50.94
3.709866590797901,50.94
3.7115305103361607,50.94
3.713004320859909,50.92
3.7144836708903313,51.05
3.715987090021372,51.16
3.7174755223095417,51.17
3.718755103647709,51.16
3.7204540111124516,51.16
3.721739701926708,51.16
3.7234266586601734,51.15
3.724680218845606,51.15
3.726352494210005,51.15
3.727904472500086,51.15
3.7293964847922325,51.15
3.7308313883841038,51.14
3.7323664501309395,51.14
3.733757521957159,51.14
3.7353212498128414,51.15
3.736744862049818,51.14
3.73829248547554,51.15
3.739614814519882,51.14
3.7411601431667805,51.14
3.7427307665348053,51.13
3.744279406964779,51.14
3.7457106821238995,51.14
3.747112423181534,51.13
3.7486422285437584,51.13
3.7502109184861183,51.13
3.7516559809446335,51.12
3.7530000060796738,51.13
3.7545080855488777,51.13
3.756149921566248,51.13
3.757637746632099,51.13
3.759144615381956,51.12
3.760440245270729,51.12
3.7620987109839916,51.12
3.763384345918894,51.13
3.7650983408093452,51.12
3.7665221244096756,51.13
3.767837028950453,51.12
3.7694980911910534,51.12
3.770994581282139,51.12
3.772491116076708,51.12
3.774021491408348,51.13
3.77543967962265,51.13
3.7769918218255043,51.13
3.778395850211382,51.12
3.7799029760062695,51.13
3.7814569659531116,51.12
3.7828269600868225,51.12
3.7843912094831467,51.13
3.785934556275606,51.12
3.7873752117156982,51.12
3.7887604124844074,51.12
3.790373735129833,51.12
3.791716642677784,51.12
3.7933012545108795,51.13
3.794841080904007,51.12
3.7962198592722416,51.13
3.797741461545229,51.12
3.799147132784128,51.13
3.800679039210081,51.14
3.8020898699760437,51.14
3.80377684161067,51.13
3.805113583803177,51.12
3.806744657456875,51.15
3.8082356303930283,51.16
3.809679213911295,51.14
3.8110077306628227,51.14
3.812694273889065,51.15
3.814181409776211,51.15
3.8156691677868366,51.16
3.8171511217951775,51.15
3.8186411038041115,51.15
3.8201298490166664,51.16
3.8216210156679153,51.15
3.8230303451418877,51.15
3.8246034532785416,51.15
3.826082292944193,51.15
3.82756856828928,51.16
3.8290569856762886,51.17
3.8305428624153137,51.14
3.832033522427082,51.14
3.83348960056901,51.14
3.8350258357822895,51.14
3.836493581533432,51.15
3.837994884699583,51.16
3.8394782692193985,51.15
3.840962264686823,51.13
3.84246151894331,51.14
3.8439486995339394,51.14
3.8454214558005333,51.14
3.8469170555472374,51.14
3.848393075168133,51.14
3.849901381880045,51.15
3.85137477517128,51.15
3.852856457233429,51.14
3.854349110275507,51.14
3.855852894484997,51.14
3.8573311045765877,51.14
3.8588117100298405,51.15
3.8603124395012856,51.15
3.8617924116551876,51.15
3.8632771521806717,51.14
3.8647736832499504,51.15
3.8662538304924965,51.14
3.867743868380785,51.15
3.869230628013611,51.15
3.8707161359488964,51.14
3.872214697301388,51.14
3.8736756965517998,51.13
3.8751845099031925,51.14
3.876681722700596,51.14
3.878157462924719,51.14
3.879646461457014,51.14
3.8811349496245384,51.14
3.8826292790472507,51.14
3.884117938578129,51.14
3.885591123253107,51.15
3.8870898075401783,51.15
3.8885756731033325,51.14
3.8900680020451546,51.15
3.8915424533188343,51.15
3.8930339366197586,51.15
3.8945228531956673,51.14
3.8960209526121616,51.14
3.897493440657854,51.14
3.898980461061001,51.15
3.900478322058916,51.15
3.9019590467214584,51.14
3.9034524708986282,51.15
3.9049342535436153,51.14
3.9064284302294254,51.14
3.9079199880361557,51.14
3.909402910619974,51.14
3.9108941331505775,51.15
3.9123804941773415,51.14
3.913874637335539,51.14
3.915233291685581,51.15
3.916830074042082,51.14
3.918225470930338,51.14
3.9197706170380116,51.14
3.921196222305298,51.15
3.9227965995669365,51.14
3.9241996705532074,51.14
3.9257843010127544,51.14
3.927261281758547,51.14
3.9287437349557877,51.14
3.9302423000335693,51.14
3.931724462658167,51.14
3.9332071021199226,51.14
3.9347048588097095,51.14
3.9361828230321407,51.14
3.9376691728830338,51.14
3.93916467577219,51.14
3.9406427331268787,51.14
3.942129261791706,51.14
3.9436266534030437,51.14
3.945104658603668,51.14
3.9466020800173283,51.14
3.9480871446430683,51.14
3.9495364017784595,51.14
3.951063096523285,51.14
3.9525150768458843,51.15
3.954036198556423,51.15
3.955525476485491,51.15
3.957017384469509,51.15
3.958497002720833,51.14
3.9599888399243355,51.14
3.9614904411137104,51.14
3.9628991074860096,51.14
3.964424841105938,51.15
3.9659459218382835,51.15
3.9674359746277332,51.15
3.9689140990376472,51.15
3.970255870372057,51.14
3.9719006903469563,51.15
3.9731951653957367,51.14
3.974871840327978,51.14
3.9763573482632637,51.15
3.9778398983180523,51.15
3.979351367801428,51.15
3.980622086673975,51.15
3.9823006875813007,51.14
3.983791969716549,51.14
3.98524247482419,51.15
3.9867676310241222,51.15
3.988227713853121,51.15
3.9897192865610123,51.15
3.9912121817469597,51.15
3.9926970712840557,51.14
3.994195118546486,51.15
3.9956548549234867,51.15
3.9971200712025166,51.15
3.998628456145525,51.15
4.000088755041361,51.15
4.001559007912874,51.14
4.003103084862232,51.15
4.004617631435394,51.15
4.006118550896645,51.15
4.00759918615222,51.14
4.009067762643099,51.15
4.010531321167946,51.14
4.012089885771275,51.14
4.0135642811656,51.15
4.014862321317196,51.15
4.016534153372049,51.15
4.018015313893557,51.15
4.0194947980344296,51.15
4.020995523780584,51.15
4.0224836729466915,51.14
4.023968290537596,51.14
4.02545390278101,51.15
4.026912081986666,51.15
4.028404835611582,51.14
4.029915809631348,51.15
4.031421050429344,51.15
4.0328631065785885,51.15
4.034390728920698,51.15
4.035795893520117,51.15
4.037359401583672,51.15
4.03875133395195,51.14
4.040316257625818,51.14
4.041765064001083,51.15
4.0432899333536625,51.15
4.044703993946314,51.16
4.046246491372585,51.15
4.047643914818764,51.15
4.049262680113316,51.16
4.050626650452614,51.12
4.052173342555761,51.14
4.053571417927742,51.15
4.055205501616001,51.14
4.05658395960927,51.15
4.058149557560682,51.15
4.05950890108943,51.14
4.0611731596291065,51.14
4.062477648258209,51.14
4.064129538834095,51.13
4.065430026501417,51.13
4.067118234932423,51.13
4.068420547991991,51.12
4.070095244795084,51.13
4.0715707167983055,51.14
4.073058430105448,51.15
4.074564952403307,51.16
4.075982294976711,51.15
4.0775578282773495,51.15
4.07901556044817,51.15
4.08047104254365,51.14
4.081961043179035,51.14
4.083406422287226,51.15
4.084957145154476,51.14
4.08640730381012,51.14
4.087943017482758,51.14
4.089407555758953,51.15
4.090854424983263,51.14
4.09230288490653,51.14
4.093902565538883,51.14
4.095381919294596,51.14
4.09676756337285,51.15
4.098272368311882,51.14
4.099687550216913,51.15
4.101339843124151,51.15
4.102818466722965,51.15
4.104322008788586,51.14
4.105802021920681,51.13
4.107282102108002,51.14
4.108766674995422,51.14
4.110268864780664,51.14
4.11174201220274,51.14
4.113238196820021,51.14
4.1147320084273815,51.14
4.116213981062174,51.14
4.117699407041073,51.14
4.119185820221901,51.14
4.120667885988951,51.14
4.122170604765415,51.13
4.123657677322626,51.14
4.125130537897348,51.15
4.126571420580149,51.15
4.1281226724386215,51.15
4.1296010091900826,51.15
4.131066739559174,51.15
4.132589686661959,51.13
4.134063541889191,51.13
4.1355627328157425,51.12
4.136917471885681,51.11
4.138406854122877,51.1
4.1400187984108925,51.1
4.141504500061274,51.1
4.14300761371851,51.1
4.144489273428917,51.11
4.145971052348614,51.11
4.147467717528343,51.1
4.148939166218042,51.1
4.150432802736759,51.1
4.151912372559309,51.1
4.153407622128725,51.11
4.154889330267906,51.11
4.156381823122501,51.11
4.157868582755327,51.1
4.159372474998236,51.1
4.160858180373907,51.11
4.162336681038141,51.11
4.1638322323560715,51.1
4.165316238999367,51.1
4.166788529604673,51.1
4.168248206377029,51.1
4.1697630397975445,51.11
4.17125253751874,51.11
4.172722760587931,51.12
4.174170061945915,51.12
4.175660438835621,51.11
4.177177872508764,51.11
4.178569287061691,51.11
4.180119056254625,51.11
4.1815579906105995,51.11
4.1831666231155396,51.12
4.184633187949657,51.1
4.186161041259766,51.11
4.18764029070735,51.11
4.188946228474379,51.11
4.190614752471447,51.12
4.191910717636347,51.12
4.193584561347961,51.14
4.194870755076408,51.16
4.196554329246283,51.16
4.198036931455135,51.15
4.199497420340776,51.15
4.200988747179508,51.14
4.20251764729619,51.14
4.203955516219139,51.13
4.205507438629866,51.13
4.206979524344206,51.13
4.208385676145554,51.12
4.209951959550381,51.12
4.2114520743489265,51.13
4.212841723114252,51.12
4.214417774230242,51.12
4.215901851654053,51.12
4.2172882333397865,51.12
4.218870464712381,51.12
4.2203749641776085,51.12
4.221727043390274,51.13
4.223346874117851,51.12
4.224708069115877,51.12
4.226246416568756,51.12
4.227803487330675,51.12
4.229173861443996,51.12
4.230747535824776,51.12
4.232099704444408,51.12
4.233757637441158,51.12
4.235085736960173,51.12
4.236727647483349,51.12
4.23805883154273,51.12
4.239702217280865,51.11
4.241003189235926,51.12
4.242672972381115,51.12
4.244173161685467,51.13
4.245658427476883,51.13
4.247136697173119,51.12
4.248623237013817,51.12
4.250112719833851,51.13
4.251608304679394,51.12
4.253090884536505,51.12
4.254590909928083,51.12
4.256067413836718,51.12
4.257556442171335,51.13
4.259012248367071,51.13
4.26055458933115,51.12
4.26191221177578,51.12
4.26351285725832,51.12
4.264871928840876,51.12
4.2664371356368065,51.12
4.2679016180336475,51.12
4.269475758075714,51.11
4.270976632833481,51.11
4.2724281549453735,51.12
4.273794211447239,51.12
4.275338668376207,51.12
4.276716433465481,51.12
4.278393559157848,51.12
4.279730685055256,51.12
4.281364817172289,51.12
4.28265418112278,51.13
4.284344084560871,51.12
4.285643372684717,51.11
4.287311337888241,51.12
4.288597598671913,51.12
4.29026011377573,51.12
4.291565001010895,51.12
4.293206226080656,51.12
4.29473801702261,51.12
4.296211566776037,51.12
4.297731604427099,51.12
4.299184184521437,51.13
4.300705753266811,51.12
4.3021910563111305,51.12
4.3036845326423645,51.12
4.305044554173946,51.12
4.30666096881032,51.12
4.308142766356468,51.12
4.309530880302191,51.12
4.311083663254976,51.12
4.312454003840685,51.12
4.313998460769653,51.12
4.315446957945824,51.12
4.317075692117214,51.12
4.318423014134169,51.11
4.319957211613655,51.12
4.321540057659149,51.12
4.322830267250538,51.12
4.324514336884022,51.12
4.3257911540567875,51.12
4.3273035399615765,51.13
4.328978557139635,51.12
4.330461908131838,51.12
4.331943716853857,51.12
4.33342982083559,51.12
4.334925573319197,51.12
4.336413014680147,51.12
4.337890770286322,51.12
4.339388117194176,51.12
4.340874243527651,51.13
4.342362906783819,51.12
4.343858130276203,51.12
4.345346536487341,51.12
4.346835657954216,51.12
4.348270814865828,51.12
4.349772311747074,51.12
4.3512424267828465,51.12
4.352740827947855,51.12
4.354263853281736,51.12
4.355767376720905,51.12
4.357153311371803,51.12
4.3586447313427925,51.13
4.360233969986439,51.12
4.361715335398912,51.12
4.3631974048912525,51.13
4.364694535732269,51.13
4.366177454590797,51.12
4.367664724588394,51.12
4.368969082832336,51.12
4.370643008500338,51.12
4.372088007628918,51.12
4.373438287526369,51.12
4.375054966658354,51.13
4.376587823033333,51.13
4.3780928663909435,51.12
4.379533026367426,51.11
4.381065759807825,51.11
4.382548816502094,51.12
4.383982215076685,51.12
4.385424096137285,51.13
4.386999309062958,51.12
4.388486880809069,51.12
4.389972019940615,51.13
4.391364980489016,51.13
4.392921559512615,51.13
4.394363131374121,51.12
4.395878028124571,51.13
4.397415816783905,51.13
4.3987659849226475,51.12
4.400340422987938,51.12
4.401725992560387,51.12
4.40338871255517,51.12
4.404862079769373,51.12
4.406351946294308,51.12
4.40766566991806,51.12
4.409318599849939,51.13
4.410809371620417,51.13
4.412303779274225,51.13
4.413793511688709,51.12
4.415272988379002,51.12
4.416761290282011,51.12
4.418166607618332,51.12
4.419741153717041,51.12
4.421052362769842,51.13
4.422684792429209,51.14
4.424210142344236,51.15
4.425642624497414,51.16
4.427175309509039,51.17
4.428659487515688,51.17
4.430143777281046,51.17
4.431563004851341,51.17
4.433078918606043,51.17
4.434621993452311,51.16
4.435984097421169,51.15
4.437592539936304,51.15
4.439067978411913,51.16
4.440565247088671,51.17
4.442060951143503,51.17
4.443549133837223,51.17
4.444937810301781,51.17
4.446519289165735,51.15
4.448001567274332,51.16
4.449495378881693,51.16
4.4509825222194195,51.16
4.452464621514082,51.17
4.453759711235762,51.17
4.455425873398781,51.17
4.456829495728016,51.17
4.458417974412441,51.17
4.459887400269508,51.17
4.461397100239992,51.17
4.462882377207279,51.17
4.464383162558079,51.17
4.465805850923061,51.17
4.467367708683014,51.17
4.46879155933857,51.17
4.470335215330124,51.16
4.471801422536373,51.17
4.47330978885293,51.17
4.4747573882341385,51.16
4.476178836077452,51.17
4.477751441299915,51.16
4.4791610315442085,51.16
4.480704128742218,51.16
4.482101146131754,51.16
4.483670938760042,51.17
4.48505650088191,51.16
4.486583761870861,51.17
4.488149791955948,51.18
4.489498537033796,51.16
4.4911461509764194,51.17
4.492546547204256,51.17
4.4941441006958485,51.17
4.495440702885389,51.17
4.4970887824893,51.17
4.498580444604158,51.17
4.49990214779973,51.17
4.501585882157087,51.17
4.5030502788722515,51.17
4.5045454651117325,51.17
4.505807057023048,51.17
4.5074613355100155,51.17
4.509025428444147,51.17
4.510498624294996,51.17
4.5119982697069645,51.18
4.513403229415417,51.18
4.514951694756746,51.19
4.516440737992525,51.2
4.517934765666723,51.18
4.519223287701607,51.15
4.520816266536713,51.15
4.522364601492882,51.16
4.523893516510725,51.17
4.52524022385478,51.16
4.5268541276454926,51.16
4.528349671512842,51.16
4.5296770595014095,51.16
4.531330838799477,51.16
4.532698679715395,51.18
4.534296862781048,51.17
4.535794176161289,51.15
4.537097364664078,51.15
4.538764126598835,51.17
4.540235746651888,51.15
4.541681669652462,51.16
4.543220147490501,51.16
4.544684838503599,51.15
4.545978046953678,51.15
4.547682654112577,51.16
4.548979792743921,51.16
4.550617873668671,51.16
4.552172303199768,51.17
4.553666818886995,51.18
4.555142477154732,51.17
4.556610930711031,51.16
4.558012347668409,51.16
4.559590045362711,51.16
4.561071053147316,51.16
4.562570706009865,51.17
4.564051296561956,51.17
4.5655396692454815,51.16
4.567040424793959,51.18
4.568511664867401,51.16
4.570008881390095,51.17
4.571495786309242,51.17
4.572978395968676,51.16
4.574463199824095,51.17
4.5758804976940155,51.17
4.577454335987568,51.16
4.578942429274321,51.16
4.580418132245541,51.16
4.581908490508795,51.16
4.583405919373035,51.16
4.584877833724022,51.17
4.586368162184954,51.17
4.587857414036989,51.16
4.589339129626751,51.16
4.59084239974618,51.17
4.592348091304302,51.17
4.59378108382225,51.16
4.595206066966057,51.17
4.596684064716101,51.17
4.598204825073481,51.16
4.599772527813911,51.16
4.60117718949914,51.15
4.602673292160034,51.16
4.604210529476404,51.16
4.6057338528335094,51.14
4.607203111052513,51.14
4.608694009482861,51.14
4.610057216137648,51.13
4.61169945448637,51.14
4.613021485507488,51.13
4.614587400108576,51.14
4.615983493626118,51.14
4.617568019777536,51.14
4.619102213531733,51.12
4.62058537080884,51.13
4.622031595557928,51.13
4.623579129576683,51.13
4.625043116509914,51.13
4.626547161489725,51.13
4.627872861921787,51.13
4.629518002271652,51.13
4.630806349217892,51.12
4.632490787655115,51.11
4.633804526180029,51.12
4.635270342230797,51.12
4.636977721005678,51.11
4.638449728488922,51.11
4.639868922531605,51.13
4.641360521316528,51.13
4.642907585948706,51.12
4.644413560628891,51.12
4.645899035036564,51.13
4.64731439948082,51.13
4.648852817714214,51.13
4.650292877107859,51.13
4.651842646300793,51.13
4.65320086479187,51.14
4.654779642820358,51.14
4.656296096742153,51.13
4.657772906124592,51.13
4.659141883254051,51.13
4.660763878375292,51.14
4.66211998462677,51.13
4.663584046065807,51.13
4.6651405692100525,51.13
4.666645497083664,51.14
4.668213818222284,51.13
4.6695063933730125,51.13
4.671177115291357,51.13
4.672568004578352,51.14
4.674142811447382,51.15
4.675452008843422,51.15
4.677122473716736,51.13
4.678541392087936,51.13
4.680099032819271,51.13
4.68154464662075,51.14
4.68285920843482,51.15
4.684536699205637,51.15
4.686010465025902,51.15
4.687531962990761,51.14
4.689028654247522,51.14
4.690522275865078,51.14
4.691921800374985,51.14
4.693478517234325,51.14
4.69492718949914,51.14
4.696244575083256,51.14
4.697862092405558,51.14
4.699391305446625,51.13
4.700938768684864,51.13
4.702409718185663,51.14
4.7037898898124695,51.15
4.7053259164094925,51.14
4.706788167357445,51.13
4.7083629705011845,51.13
4.709690820425749,51.14
4.711366571485996,51.16
4.712676115334034,51.17
4.714336108416319,51.15
4.71563445776701,51.15
4.717303786426783,51.14
4.718584451824427,51.18
4.72013233602047,51.14
4.721744704991579,51.13
4.723082855343819,51.15
4.724711239337921,51.16
4.72599670290947,51.16
4.727725014090538,51.16
4.729220811277628,51.16
4.730671375989914,51.16
4.732180252671242,51.16
4.733616840094328,51.17
4.735149867832661,51.17
4.73661969974637,51.17
4.73814756795764,51.17
4.739497292786837,51.17
4.74106390401721,51.16
4.7424872405827045,51.16
4.744100194424391,51.17
4.745569556951523,51.17
4.746917683631182,51.16
4.748492829501629,51.16
4.749943852424622,51.16
4.751535825431347,51.17
4.75299821421504,51.17
4.754519812762737,51.17
4.755823481827974,51.16
4.757462505251169,51.17
4.758791163563728,51.17
4.760434679687023,51.17
4.761850222945213,51.17
4.763401091098785,51.17
4.764735326170921,51.17
4.766361724585295,51.17
4.767655737698078,51.16
4.769388072192669,51.17
4.770834997296333,51.16
4.77215500921011,51.16
4.773858118802309,51.16
4.775331247597933,51.17
4.776737455278635,51.17
4.778265930712223,51.16
4.779799908399582,51.16
4.78117586299777,51.16
4.7827591225504875,51.16
4.784139417111874,51.17
4.785738546401262,51.17
4.78709939494729,51.16
4.788670253008604,51.17
4.790081426501274,51.17
4.791631832718849,51.16
4.793053928762674,51.17
4.794580351561308,51.17
4.796170614659786,51.17
4.7976565808057785,51.17
4.7989546954631805,51.17
4.800625883042812,51.17
4.801918618381023,51.17
4.803569748997688,51.17
4.805088963359594,51.16
4.80635728687048,51.16
4.8080347664654255,51.17
4.80957493558526,51.17
4.811009012162685,51.17
4.812547538429499,51.17
4.8139569237828255,51.17
4.815511517226696,51.17
4.8169394582509995,51.17
4.818480387330055,51.17
4.819881726056337,51.17
4.821466840803623,51.17
4.82292565330863,51.17
4.824353497475386,51.16
4.8257965706288815,51.17
4.827403217554092,51.17
4.828782290220261,51.16
4.830358251929283,51.16
4.831728842109442,51.17
4.83329451829195,51.17
4.834694281220436,51.17
4.836193848401308,51.17
4.837741732597351,51.17
4.839322313666344,51.17
4.840680800378323,51.18
4.8422345370054245,51.17
4.843617528676987,51.16
4.8452757596969604,51.16
4.8466518595814705,51.17
4.848228756338358,51.16
4.8495176285505295,51.17
4.850995603948832,51.17
4.852677024900913,51.16
4.854128289967775,51.17
4.855441760271788,51.17
4.857110977172852,51.17
4.858646832406521,51.17
4.860108118504286,51.17
4.861605312675238,51.17
4.863048885017633,51.16
4.86458570510149,51.17
4.866098046302795,51.17
4.867505121976137,51.17
4.869064308702946,51.17
4.87051210552454,51.17
4.8719626143574715,51.17
4.873525530099869,51.17
4.875019866973162,51.16
4.876400243490934,51.17
4.877924207597971,51.17
4.879340078681707,51.17
4.880926385521889,51.17
4.882314033806324,51.17
4.883937880396843,51.16
4.885314654558897,51.17
4.88672049343586,51.16
4.888399921357632,51.17
4.889882672578096,51.17
4.891178302466869,51.17
4.892881169915199,51.16
4.894353289157152,51.16
4.895727697759867,51.17
4.897096797823906,51.17
4.898664236068726,51.17
4.90026256069541,51.17
4.901799410581589,51.17
4.9032942317426205,51.17
4.904767848551273,51.17
4.906175468116999,51.17
4.9077370427548885,51.18
4.909124802798033,51.17
4.910720560699701,51.17
4.912094626575708,51.17
4.913700304925442,51.17
4.9150663912296295,51.17
4.91665069386363,51.17
4.918029759079218,51.17
4.919551968574524,51.17
4.921126943081617,51.17
4.922620601952076,51.17
4.923948757350445,51.16
4.925441671162844,51.17
4.927087392657995,51.17
4.928390730172396,51.17
4.9300653748214245,51.17
4.931375756859779,51.17
4.93303208053112,51.17
4.934333633631468,51.17
4.935819316655397,51.17
4.937492154538631,51.18
4.938794977962971,51.17
4.940492633730173,51.17
4.941737085580826,51.17
4.943421669304371,51.17
4.944893531501293,51.17
4.946191295981407,51.17
4.947880666702986,51.17
4.949401151388884,51.16
4.950810149312019,51.16
4.9523858316242695,51.17
4.953881029039621,51.17
4.955355353653431,51.18
4.956805270165205,51.18
4.958227586001158,51.17
4.959779806435108,51.17
4.961163841187954,51.17
4.962794225662947,51.17
4.964214880019426,51.17
4.965706992894411,51.17
4.967098250985146,51.17
4.9687438271939754,51.17
4.9700916819274426,51.18
4.9717331156134605,51.18
4.973061203956604,51.17
4.974688544869423,51.17
4.975997302681208,51.17
4.977676287293434,51.17
4.9790208749473095,51.16
4.980624303221703,51.17
4.982061192393303,51.17
4.98362797871232,51.17
4.98491869866848,51.18
4.986611612141132,51.18
4.988081514835358,51.17
4.989529948681593,51.18
4.99105865880847,51.18
4.992546584457159,51.18
4.99405038356781,51.18
4.995473820716143,51.18
4.996997714042664,51.18
4.998432539403439,51.17
4.999996520578861,51.17
5.001355975866318,51.18
5.002934839576483,51.18
5.004329718649387,51.18
5.0058858916163445,51.18
5.007285375148058,51.18
5.0088526122272015,51.18
5.010262988507748,51.18
5.011743932962418,51.18
5.013290487229824,51.17
5.014875315129757,51.17
5.016367398202419,51.18
5.017676685005426,51.18
5.019328463822603,51.18
5.020642627030611,51.18
5.022311374545097,51.17
5.023799009621143,51.17
5.025243133306503,51.18
5.026570621877909,51.18
5.028250422328711,51.17
5.029520429670811,51.17
5.031208157539368,51.17
5.032735455781221,51.18
5.034176517277956,51.17
5.035714976489544,51.17
5.0371531173586845,51.18
5.038653574883938,51.18
5.040110871195793,51.17
5.041431155055761,51.17
5.043104033917189,51.17
5.044538125395775,51.17
5.046100474894047,51.16
5.047572091221809,51.17
5.048960335552692,51.18
5.050574827939272,51.18
5.05191657692194,51.18
5.053439609706402,51.18
5.055047143250704,51.18
5.056364022195339,51.18
5.058015558868647,51.18
5.05942951887846,51.18
5.060983691364527,51.2
5.06247091293335,51.18
5.063804417848587,51.17
5.065369084477425,51.21
5.066945493221283,51.19
5.06820322573185,51.17
5.069916907697916,51.18
5.071186788380146,51.16
5.0728752091526985,51.17
5.074180509895086,51.18
5.075861468911171,51.18
5.077375493943691,51.19
5.07885629311204,51.18
5.0802415162324905,51.18
5.081805266439915,51.17
5.083237264305353,51.18
5.084764871746302,51.17
5.08617952093482,51.18
5.087739713490009,51.18
5.089177142828703,51.18
5.090739343315363,51.18
5.092146277427673,51.18
5.093662966042757,51.18
5.095217615365982,51.18
5.096575655043125,51.18
5.098121587187052,51.18
5.0995300225913525,51.18
5.101142056286335,51.18
5.1026428416371346,51.19
5.1039481572806835,51.18
5.105623349547386,51.18
5.1069711446762085,51.18
5.108594425022602,51.18
5.109920524060726,51.18
5.111569371074438,51.18
5.1128741800785065,51.17
5.114527955651283,51.17
5.115831948816776,51.18
5.11747095361352,51.17
5.118842925876379,51.18
5.120513338595629,51.18
5.122003477066755,51.18
5.123430915176868,51.17
5.124963317066431,51.18
5.126388531178236,51.18
5.12791171297431,51.18
5.129325449466705,51.18
5.130924005061388,51.18
5.132294155657291,51.18
5.133858110755682,51.18
5.135381434112787,51.19
5.136864196509123,51.18
5.138251673430204,51.18
5.139829434454441,51.17
5.141204450279474,51.18
5.142775479704142,51.18
5.144313775002956,51.18
5.1458069160580635,51.18
5.147227313369513,51.18
5.148768395185471,51.18
5.150061242282391,51.18
5.151537328958511,51.18
5.153227515518665,51.18
5.154515910893679,51.19
5.156203590333462,51.18
5.157473638653755,51.18
5.159137133508921,51.18
5.16066287830472,51.18
5.162113539874554,51.18
5.163660239428282,51.18
5.165091220289469,51.18
5.166620887815952,51.18
5.16802940890193,51.18
5.169595442712307,51.18
5.170997936278582,51.18
5.172578610479832,51.18
5.174068242311478,51.19
5.175418131053448,51.19
5.17704164981842,51.19
5.17844595015049,51.19
5.179863706231117,51.19
5.18145190179348,51.19
5.182855375111103,51.17
5.184339623898268,51.18
5.185970790684223,51.18
5.187325660139322,51.18
5.188933681696653,51.18
5.190254785120487,51.18
5.191911954432726,51.18
5.193240966647863,51.18
5.1948839873075485,51.17
5.196199432015419,51.19
5.197861399501562,51.19
5.19919191300869,51.18
5.200844455510378,51.18
5.202327582985163,51.19
5.203621491789818,51.19
5.205248408019543,51.19
5.206782054156065,51.18
5.208283223211765,51.18
5.2097218707203865,51.19
5.211259167641401,51.18
5.212745267897844,51.18
5.214209198951721,51.19
5.215640529990196,51.18
5.217209734022617,51.18
5.218600418418646,51.18
5.22008116915822,51.18
5.221532087773085,51.18
5.223114140331745,51.18
5.224521093070507,51.19
5.226083554327488,51.18
5.227516666054726,51.18
5.228958912193775,51.19
5.230532053858042,51.18
5.231913015246391,51.18
5.2335321716964245,51.19
5.23495727032423,51.19
5.23654480278492,51.19
5.238037139177322,51.18
5.239518094807863,51.18
5.240841008722782,51.18
5.242497719824314,51.18
5.2439809665083885,51.18
5.245275475084782,51.18
5.2469301745295525,51.18
5.24823996797204,51.19
5.249945793300867,51.18
5.251209396868944,51.18
5.252915948629379,51.19
5.254338011145592,51.19
5.25590630248189,51.18
5.257357519119978,51.18
5.258862033486366,51.18
5.260367419570684,51.19
5.261843245476484,51.19
5.263223487883806,51.18
5.264797370880842,51.18
5.266234364360571,51.18
5.267747353762388,51.18
5.269280977547169,51.19
5.270776946097612,51.19
5.272267285734415,51.19
5.273593466728926,51.18
5.275168068706989,51.19
5.2765479274094105,51.19
5.278217174112797,51.19
5.279506418853998,51.19
5.281179025769234,51.19
5.282512828707695,51.18
5.284158978611231,51.19
5.2855976819992065,51.19
5.287143472582102,51.18
5.2886063531041145,51.18
5.290090683847666,51.18
5.2915764935314655,51.19
5.293070375919342,51.19
5.294541407376528,51.19
5.295974552631378,51.18
5.29751892760396,51.18
5.2990144751966,51.18
5.300481498241425,51.18
5.302021387964487,51.18
5.303423300385475,51.18
5.304972503334284,51.18
5.306402154266834,51.19
5.307967342436314,51.2
5.309478677809238,51.19
5.310842368751764,51.18
5.312430713325739,51.19
5.313764814287424,51.18
5.315420001745224,51.18
5.316883735358715,51.18
5.318343281745911,51.18
5.319878492504358,51.19
5.321206972002983,51.18
5.322849400341511,51.19
5.324136774986982,51.19
5.325816661119461,51.18
5.327130574733019,51.19
5.328796666115522,51.19
5.330285120755434,51.19
5.331583201885223,51.18
5.333243235945702,51.18
5.334754411131144,51.19
5.336244381964207,51.19
5.337653283029795,51.19
5.339216690510511,51.19
5.340642053633928,51.19
5.342192936688662,51.19
5.343605123460293,51.19
5.345167201012373,51.19
5.346576735377312,51.18
5.3481201976537704,51.18
5.3495017141103745,51.19
5.351064387708902,51.19
5.3526132963597775,51.19
5.354081489145756,51.19
5.355439253151417,51.19
5.3570010252296925,51.19
5.358434483408928,51.19
5.360034134238958,51.19
5.361366841942072,51.19
5.362936500459909,51.19
5.36436215788126,51.18
5.36589477583766,51.18
5.367461755871773,51.19
5.368951428681612,51.19
5.370248861610889,51.18
5.371919192373753,51.19
5.373246818780899,51.19
5.374907273799181,51.18
5.376173451542854,51.18
5.377882566303015,51.19
5.379156913608313,51.19
5.380827993154526,51.18
5.38235729932785,51.19
5.383796937763691,51.19
5.3851796835660934,51.19
5.386830199509859,51.19
5.388109292834997,51.19
5.38970934599638,51.19
5.391259465366602,51.19
5.392683330923319,51.19
5.394250765442848,51.18
5.39564411342144,51.19
5.397182565182447,51.18
5.398615550249815,51.19
5.400196153670549,51.19
5.401567317545414,51.19
5.403102722018957,51.19
5.4046782068908215,51.18
5.406103644520044,51.19
5.407490659505129,51.19
5.409067813307047,51.19
5.4106201864778996,51.19
5.41195248439908,51.19
5.413594111800194,51.19
5.41491125151515,51.19
5.416568260639906,51.19
5.417842715978622,51.19
5.419504199177027,51.19
5.421007364988327,51.19
5.422499768435955,51.19
5.42380004376173,51.19
5.425461206585169,51.19
5.426776461303234,51.19
5.428430914878845,51.2
5.429962322115898,51.19
5.431386716663837,51.19
5.432946495711803,51.19
5.434429872781038,51.19
5.4359212927520275,51.19
5.4373051300644875,51.19
5.43884376809001,51.19
5.440246865153313,51.19
5.441867262125015,51.19
5.443255256861448,51.19
5.444841034710407,51.19
5.446321815252304,51.18
5.4477469474077225,51.18
5.449194319546223,51.19
5.450699280947447,51.19
5.452284127473831,51.19
5.453586984425783,51.19
5.455265868455172,51.19
5.456578064709902,51.19
5.458226412534714,51.19
5.459509611129761,51.19
5.461175631731749,51.19
5.462529182434082,51.19
5.464151971042156,51.19
5.465454876422882,51.18
5.467135958373547,51.18
5.4684362933039665,51.18
5.4700755178928375,51.18
5.471632111817598,51.18
5.473101321607828,51.19
5.474582392722368,51.19
5.476027857512236,51.2
5.47757900506258,51.2
5.479060932993889,51.19
5.48047598451376,51.18
5.482026398181915,51.18
5.4834037236869335,51.19
5.484955575317144,51.19
5.4863560907542706,51.18
5.487956378608942,51.19
5.489347323775291,51.19
5.490883335471153,51.19
5.492299325764179,51.19
5.493923436850309,51.19
5.495282910764217,51.19
5.496924571692944,51.19
5.498244807124138,51.19
5.499878853559494,51.18
5.501191519200802,51.18
5.502703618258238,51.18
5.504349272698164,51.18
5.505648732185364,51.19
5.507321674376726,51.19
5.508617267012596,51.19
5.510260783135891,51.19
5.511607486754656,51.19
5.513258054852486,51.19
5.5147807858884335,51.19
5.516197208315134,51.2
5.517566375434399,51.2
5.519234776496887,51.19
5.520649299025536,51.19
5.522174701094627,51.19
5.523597497493029,51.19
5.525164354592562,51.19
5.526622962206602,51.2
5.528172381222248,51.19
5.529511917382479,51.19
5.531122118234634,51.2
5.532603643834591,51.2
5.534094285219908,51.2
5.535449001938105,51.19
5.536947328597307,51.19
5.538430634886026,51.19
5.539989180862904,51.19
5.541392989456654,51.19
5.543036639690399,51.19
5.5443498603999615,51.19
5.546000335365534,51.19
5.547308020293713,51.19
5.548969484865665,51.19
5.550284571945667,51.19
5.551950879395008,51.19
5.55343459546566,51.19
5.554947875440121,51.2
5.556366633623838,51.19
5.557903382927179,51.19
5.559399556368589,51.2
5.560888949781656,51.2
5.5623849630355835,51.19
5.563851863145828,51.19
5.565348468720913,51.19
5.56676159799099,51.19
5.568344693630934,51.19
5.5696901716291904,51.2
5.571257211267948,51.19
5.572685766965151,51.18
5.574272736907005,51.18
5.575646437704563,51.19
5.577253866940737,51.19
5.578613467514515,51.19
5.580154560506344,51.2
5.581569693982601,51.2
5.5832063145935535,51.19
5.584506887942553,51.2
5.586181230843067,51.2
5.587669551372528,51.19
5.588977426290512,51.2
5.5906426422297955,51.21
5.591930873692036,51.2
5.593609977513552,51.19
5.594919711351395,51.2
5.596583042293787,51.19
5.597847726196051,51.19
5.599556155502796,51.19
5.601006604731083,51.19
5.602536488324404,51.19
5.603956364095211,51.19
5.605519752949476,51.19
5.607012286782265,51.19
5.608514167368412,51.19
5.609784051775932,51.19
5.6113728024065495,51.19
5.612726084887981,51.19
5.614348836243153,51.19
5.615806922316551,51.19
5.617366690188646,51.2
5.618899557739496,51.19
5.620336875319481,51.2
5.621755927801132,51.2
5.623304359614849,51.2
5.624718505889177,51.19
5.626254238188267,51.19
5.62769403681159,51.19
5.62919856980443,51.19
5.6308171190321445,51.19
5.632193494588137,51.19
5.633603613823652,51.19
5.6352685913443565,51.19
5.636563744395971,51.19
5.638223834335804,51.2
5.639522720128298,51.2
5.641200724989176,51.2
5.642703257501125,51.2
5.644197408109903,51.2
5.645637571811676,51.2
5.64718334376812,51.19
5.648606795817614,51.19
5.650142285972834,51.19
5.651646517217159,51.19
5.653042025864124,51.19
5.654615070670843,51.2
5.656059101223946,51.19
5.657443854957819,51.19
5.659072998911142,51.19
5.660437136888504,51.19
5.661955304443836,51.19
5.6635016687214375,51.2
5.664958704262972,51.2
5.666517652571201,51.19
5.667872045189142,51.19
5.669509246945381,51.19
5.670985735952854,51.19
5.6722894832491875,51.19
5.67396280542016,51.19
5.675282333046198,51.2
5.676832690834999,51.19
5.6782265938818455,51.19
5.6796918995678425,51.19
5.6814024448394775,51.19
5.6827615685760975,51.19
5.684384509921074,51.19
5.685807336121798,51.19
5.6873133555054665,51.19
5.688849005848169,51.19
5.690258998423815,51.19
5.691821578890085,51.19
5.693217676132917,51.19
5.694811645895243,51.2
5.696173261851072,51.2
5.697771415114403,51.19
5.699176821857691,51.19
5.700727067887783,51.19
5.702118292450905,51.19
5.703684613108635,51.19
5.705065131187439,51.19
5.706668745726347,51.2
5.708052195608616,51.19
5.709599077701569,51.19
5.711103115230799,51.19
5.712604060769081,51.2
5.71398413553834,51.2
5.715516924858093,51.2
5.71711165830493,51.2
5.718424517661333,51.2
5.720077827572823,51.2
5.721550144255161,51.2
5.722878586500883,51.2
5.724526599049568,51.2
5.725831251591444,51.19
5.727511346340179,51.2
5.728791885077953,51.19
5.730434782803059,51.2
5.7319949343800545,51.19
5.733484536409378,51.19
5.734922681003809,51.2
5.736446857452393,51.2
5.737865246832371,51.19
5.739416375756264,51.2
5.740846443921328,51.19
5.742396265268326,51.19
5.743875831365585,51.19
5.745288673788309,51.2
5.746854327619076,51.19
5.7483597211539745,51.2
5.749831739813089,51.2
5.751220986247063,51.2
5.752824850380421,51.2
5.75423564389348,51.19
5.755653545260429,51.2
5.757246185094118,51.2
5.758620321750641,51.19
5.760256461799145,51.2
5.761744353920221,51.19
5.763035401701927,51.19
5.7647038996219635,51.19
5.766172785311937,51.19
5.767692156136036,51.19
5.769169520586729,51.19
5.770559880882502,51.2
5.772136308252811,51.2
5.773662995547056,51.2
5.775071278214455,51.2
5.776386637240648,51.2
5.778032079339027,51.2
5.779515586793423,51.2
5.781027879565954,51.2
5.78256369009614,51.2
5.783997282385826,51.2
5.785558987408876,51.21
5.7870297357439995,51.19
5.788410548120737,51.19
5.7899777777493,51.19
5.7914726957678795,51.19
5.792978834360838,51.2
5.794331222772598,51.2
5.795900411903858,51.19
5.7972937151789665,51.2
5.798859421163797,51.19
5.800282619893551,51.19
5.8019217774271965,51.2
5.803215764462948,51.2
5.804874379187822,51.19
5.80636178329587,51.2
5.8078623265028,51.2
5.8093614988029,51.2
5.810835186392069,51.19
5.812133431434631,51.21
5.813796978443861,51.2
5.815188009291887,51.2
5.816735055297613,51.19
5.818294990807772,51.2
5.819708254188299,51.2
5.821257539093494,51.19
5.82266790419817,51.2
5.824241902679205,51.19
5.825635004788637,51.2
5.827213488519192,51.19
5.828657053411007,51.19
5.830155823379755,51.2
5.8315833024680614,51.2
5.8331552259624,51.2
5.834543958306313,51.2
5.836002875119448,51.2
5.837615896016359,51.2
5.839109573513269,51.2
5.84051139652729,51.2
5.841944206506014,51.2
5.843484442681074,51.2
5.844942279160023,51.2
5.846545115113258,51.2
5.847954764962196,51.2
5.849479354918003,51.2
5.850992005318403,51.2
5.852500952780247,51.2
5.8537818640470505,51.2
5.85544827952981,51.19
5.856762278825045,51.19
5.858419422060251,51.19
5.859765622764826,51.2
5.861376546323299,51.2
5.862925365567207,51.2
5.864422839134932,51.2
5.865891553461552,51.2
5.8673377968370914,51.2
5.868871495127678,51.2
5.870252411812544,51.2
5.871729001402855,51.19
5.873322430998087,51.2
5.874729014933109,51.2
5.876273892819881,51.2
5.877668686211109,51.21
5.879271414130926,51.2
5.8806556314229965,51.19
5.882147021591663,51.2
5.883672319352627,51.2
5.885167144238949,51.21
5.886721026152372,51.2
5.888060495257378,51.2
5.889703415334225,51.2
5.891177773475647,51.2
5.892488043755293,51.2
5.894147574901581,51.2
5.895629249513149,51.2
5.897137809544802,51.2
5.898608013987541,51.2
5.900035671889782,51.2
5.901400823146105,51.2
5.90305644646287,51.19
5.904371999204159,51.2
5.906028050929308,51.2
5.907334987074137,51.19
5.908965710550547,51.2
5.910320784896612,51.2
5.911963377147913,51.2
5.913477838039398,51.19
5.914947021752596,51.2
5.9164601638913155,51.2
5.917912144213915,51.21
5.919338051229715,51.2
5.920935023576021,51.2
5.922349575906992,51.2
5.923910401761532,51.2
5.925261162221432,51.2
5.926857594400644,51.2
5.928389713168144,51.2
5.929716531187296,51.2
5.93134542927146,51.19
5.932671647518873,51.19
5.934324219822884,51.2
5.935812287032604,51.21
5.937133640050888,51.2
5.9387824870646,51.2
5.940070763230324,51.2
5.941736608743668,51.2
5.943231984972954,51.2
5.944686997681856,51.2
5.946183685213327,51.2
5.94749142229557,51.2
5.949154861271381,51.21
5.950698230415583,51.2
5.952147018164396,51.2
5.95368379727006,51.2
5.955164555460215,51.2
5.9566470086574554,51.2
5.958075504750013,51.2
5.959599919617176,51.2
5.9610216319561005,51.2
5.962574522942305,51.2
5.963956817984581,51.2
5.965412188321352,51.2
5.966950438916683,51.21
5.968492574989796,51.21
5.9699122197926044,51.21
5.9714868776500225,51.21
5.972858276218176,51.2
5.974488593637943,51.19
5.975976012647152,51.2
5.977469515055418,51.2
5.978771649301052,51.21
5.980450134724379,51.2
5.981794897466898,51.2
5.983418453484774,51.2
5.9847624115645885,51.2
5.986406482756138,51.2
5.987758502364159,51.2
5.989364940673113,51.21
5.990669514983892,51.21
5.992317292839289,51.2
5.9938588216900826,51.21
5.995338525623083,51.2
5.996750567108393,51.2
5.998316004872322,51.21
5.999741591513157,51.21
6.001260332763195,51.21
6.002779975533485,51.21
6.004218380898237,51.21
6.005696337670088,51.21
6.00715271756053,51.21
6.008707705885172,51.21
6.010150019079447,51.21
6.011685106903315,51.21
6.013193089514971,51.2
6.0146608129143715,51.2
6.016169488430023,51.2
6.017484724521637,51.2
6.019125856459141,51.2
6.020634416490793,51.2
6.021915774792433,51.21
6.02359763905406,51.21
6.0249374732375145,51.21
6.026570085436106,51.21
6.027873508632183,51.21
6.029545698314905,51.21
6.030810542404652,51.21
6.032486591488123,51.21
6.033781461417675,51.21
6.035475052893162,51.21
6.036754224449396,51.21
6.038430534303188,51.21
6.0398248843848705,51.21
6.041468545794487,51.21
6.042924977838993,51.21
6.044343151152134,51.21
6.045902196317911,51.21
6.047377314418554,51.21
6.048870828002691,51.2
6.050263904035091,51.2
6.051856387406588,51.2
6.053352907299995,51.2
6.0548321306705475,51.2
6.056217055767775,51.2
6.057822655886412,51.2
6.059280596673489,51.21
6.060790721327066,51.21
6.062137629836798,51.21
6.063765525817871,51.2
6.065259732306004,51.2
6.06675535812974,51.21
6.0681557804346085,51.2
6.069723770022392,51.2
6.071203917264938,51.21
6.072477173060179,51.2
6.074154399335384,51.2
6.075464054942131,51.2
6.076950911432505,51.2
6.078431859612465,51.2
6.080074340105057,51.21
6.0814975425601006,51.2
6.083046693354845,51.21
6.084616053849459,51.2
6.086032375693321,51.2
6.087565429508686,51.2
6.088992163538933,51.21
6.090525731444359,51.2
6.0919978357851505,51.21
6.093446455895901,51.2
6.095019895583391,51.21
6.096473358571529,51.21
6.097857937216759,51.21
6.099472068250179,51.21
6.100855782628059,51.21
6.1024388782680035,51.2
6.103940390050411,51.21
6.105386793613434,51.21
6.106808815151453,51.21
6.108412403613329,51.2
6.109865553677082,51.2
6.111364059150219,51.21
6.112689007073641,51.21
6.1142770536243916,51.21
6.115660570561886,51.21
6.1173227317631245,51.21
6.118806347250938,51.21
6.1201000064611435,51.2
6.12178597971797,51.21
6.123289655894041,51.21
6.124726835638285,51.21
6.126175679266453,51.21
6.127726808190346,51.21
6.12924725189805,51.21
6.130658067762852,51.2
6.132197454571724,51.2
6.133599266409874,51.2
6.135172892361879,51.21
6.136599287390709,51.2
6.13810994848609,51.2
6.1395489647984505,51.2
6.141094207763672,51.2
6.143280331045389,51.2
6.1439874693751335,51.21
6.145458661019802,51.21
6.147025566548109,51.2
6.1485810354352,51.2
6.1499300710856915,51.2
6.151549283415079,51.2
6.152880746871233,51.21
6.154333122074604,51.21
6.156005546450615,51.21
6.157496891915798,51.21
6.158770225942135,51.2
6.160461954772472,51.21
6.161751821637154,51.2
6.163440316915512,51.2
6.164946042001247,51.21
6.166189938783646,51.2
6.167879048734903,51.2
6.1693518459796906,51.2
6.170900784432888,51.21
6.1723079569637775,51.21
6.173791598528624,51.21
6.17534726858139,51.21
6.176743898540735,51.21
6.178299453109503,51.21
6.179716266691685,51.21
6.181306581944227,51.21
6.182794623076916,51.21
6.184143725782633,51.2
6.185760755091906,51.21
6.187269508838654,51.21
6.188750583678484,51.22
6.190177902579308,51.22
6.19167222827673,51.21
6.193160593509674,51.2
6.194583419710398,51.21
6.19618696346879,51.21
6.197503060102463,51.21
6.199154384434223,51.21
6.200489643961191,51.21
6.202124986797571,51.21
6.2034432627260685,51.21
6.205093406140804,51.21
6.2064015083014965,51.21
6.208038222044706,51.22
6.209330208599567,51.21
6.211063601076603,51.21
6.2125635370612144,51.21
6.213989935815334,51.2
6.215520229190588,51.2
6.216950919479132,51.21
6.21847876906395,51.21
6.219905454665422,51.21
6.221356846392155,51.21
6.222944922745228,51.21
6.224344581365585,51.21
6.225927036255598,51.2
6.2274001985788345,51.2
6.228918083012104,51.21
6.230259880423546,51.21
6.231856305152178,51.21
6.233377866446972,51.21
6.234856508672237,51.2
6.236205231398344,51.21
6.237853933125734,51.21
6.239312782883644,51.21
6.240638822317123,51.21
6.242293875664473,51.21
6.243788372725248,51.21
6.245095945894718,51.2
6.246770154684782,51.21
6.248065412044525,51.21
6.249729335308075,51.21
6.251026812940836,51.21
6.252728171646595,51.21
6.254011642187834,51.21
6.255669586360455,51.21
6.257125914096832,51.21
6.258466254919767,51.2
6.260087687522173,51.21
6.261659469455481,51.21
6.263044122606516,51.2
6.2646000273525715,51.2
6.266005955636501,51.2
6.267595700919628,51.21
6.2690916284918785,51.21
6.2704628221690655,51.21
6.27207513526082,51.21
6.273433856666088,51.2
6.2750533521175385,51.21
6.276400368660688,51.21
6.278003308922052,51.21
6.279490422457457,51.21
6.280981443822384,51.21
6.282417926937342,51.22
6.283782705664635,51.21
6.285455171018839,51.2
6.286938086152077,51.21
6.288393180817366,51.21
6.289898760616779,51.21
6.291384246200323,51.21
6.292762540280819,51.21
6.294337742030621,51.21
6.295639682561159,51.21
6.297338292002678,51.21
6.29865799844265,51.21
6.300271812826395,51.21
6.301807075738907,51.21
6.303316555917263,51.21
6.304730731993914,51.21
6.306224443018436,51.21
6.3077594712376595,51.21
6.309224750846624,51.21
6.310734435915947,51.21
6.3121116273105145,51.21
6.313668627291918,51.21
6.315105743706226,51.21
6.316497124731541,51.21
6.31811460852623,51.21
6.319590650498867,51.21
6.321036107838154,51.21
6.322635103017092,51.21
6.324022859334946,51.21
6.325520686805248,51.21
6.326948661357164,51.21
6.328504554927349,51.21
6.330070365220308,51.22
6.331568706780672,51.21
6.333053536713123,51.21
6.334326971322298,51.22
6.3360242433846,51.22
6.337425120174885,51.21
6.338993940502405,51.21
6.3404641561210155,51.21
6.341948136687279,51.21
6.3433966636657715,51.21
6.3449491038918495,51.21
6.346377693116665,51.21
6.347924999892712,51.21
6.349417857825756,51.21
6.350818857550621,51.21
6.352413564920425,51.21
6.3536825068295,51.21
6.35527116805315,51.21
6.356853548437357,51.21
6.358250990509987,51.21
6.359708312898874,51.21
6.3613295294344425,51.21
6.362696472555399,51.21
6.364232234656811,51.21
6.365655142813921,51.21
6.367223307490349,51.21
6.368601407855749,51.22
6.370096419006586,51.22
6.371752269566059,51.22
6.373045813292265,51.22
6.374541074037552,51.22
6.3762031346559525,51.22
6.377702668309212,51.22
6.378996774554253,51.21
6.380661331117153,51.21
6.381933134049177,51.21
6.383634127676487,51.21
6.385129779577255,51.21
6.386613082140684,51.21
6.388112887740135,51.21
6.389552667737007,51.21
6.391079347580671,51.21
6.392480343580246,51.22
6.394052445888519,51.22
6.395454436540604,51.21
6.397016931325197,51.22
6.398451577872038,51.22
6.399971831589937,51.21
6.401408214122057,51.22
6.402969852089882,51.23
6.404365591704845,51.22
6.405945315957069,51.22
6.40729670971632,51.22
6.408878777176142,51.21
6.410314545035362,51.21
6.411784324795008,51.21
6.413409132510424,51.22
6.414896681904793,51.22
6.416360057890415,51.22
6.417862184345722,51.22
6.419350903481245,51.22
6.4206352308392525,51.21
6.422117479145527,51.22
6.423773445188999,51.21
6.425152275711298,51.22
6.426792323589325,51.21
6.428221791982651,51.21
6.429528381675482,51.21
6.431219581514597,51.22
6.432752959430218,51.21
6.434175807982683,51.21
6.4357277341187,51.21
6.437143944203854,51.22
6.438686743378639,51.22
6.440135024487972,51.22
6.441638521850109,51.22
6.443048153072596,51.22
6.444625545293093,51.22
6.446031142026186,51.22
6.4475599974393845,51.22
6.448994431644678,51.21
6.450586065649986,51.21
6.451956119388342,51.22
6.453480124473572,51.22
6.45500536262989,51.22
6.456538859754801,51.21
6.4578553177416325,51.21
6.459428083151579,51.21
6.461015686392784,51.21
6.462315246462822,51.21
6.463980816304684,51.21
6.46543861925602,51.22
6.466841749846935,51.21
6.46843034029007,51.22
6.469889007508755,51.22
6.471416722983122,51.22
6.472926389425993,51.22
6.4743920005857944,51.22
6.475892938673496,51.22
6.477379731833935,51.22
6.478794079273939,51.22
6.48035429418087,51.22
6.481753073632717,51.22
6.483193300664425,51.22
6.484725009649992,51.22
6.486276376992464,51.22
6.487699523568153,51.22
6.489283669739962,51.21
6.490716014057398,51.21
6.492212012410164,51.22
6.493746820837259,51.22
6.495225567370653,51.22
6.496716771274805,51.22
6.4980348870158195,51.22
6.49963802844286,51.22
6.501011364161968,51.22
6.502671975642443,51.22
6.503994703292847,51.22
6.505580093711615,51.22
6.506963182240725,51.21
6.508598603308201,51.21
6.50994086638093,51.22
6.511578593403101,51.21
6.513065405189991,51.21
6.514362499117851,51.21
6.515936978161335,51.21
6.517554294317961,51.22
6.519036781042814,51.22
6.520467963069677,51.22
6.522002466022968,51.21
6.523465294390917,51.22
6.524997554719448,51.22
6.526396941393614,51.22
6.5279385559260845,51.22
6.529374331235886,51.22
6.530906721949577,51.23
6.532303016632795,51.22
6.533872652798891,51.21
6.535307455807924,51.22
6.5367579236626625,51.22
6.538365751504898,51.22
6.539737015962601,51.21
6.5413128808140755,51.21
6.5427101999521255,51.21
6.54418683052063,51.21
6.5458142422139645,51.22
6.547134641557932,51.22
6.548786725848913,51.22
6.5501145124435425,51.22
6.551739778369665,51.22
6.553064677864313,51.21
6.554729674011469,51.22
6.556197337806225,51.22
6.557535357773304,51.21
6.559160768985748,51.21
6.560454435646534,51.21
6.562187492847443,51.22
6.563640359789133,51.22
6.565162863582373,51.22
6.566595681011677,51.22
6.567914210259914,51.22
6.569606587290764,51.22
6.57109560072422,51.22
6.572560019791126,51.22
6.574080433696508,51.22
6.575457081198692,51.22
6.577051643282175,51.22
6.578535132110119,51.22
6.580023929476738,51.22
6.581463798880577,51.22
6.58286153152585,51.22
6.584443379193544,51.22
6.585984516888857,51.22
6.587376609444618,51.22
6.588871378451586,51.22
6.590402465313673,51.22
6.591917961835861,51.22
6.593297805637121,51.21
6.594912737607956,51.21
6.596224386245012,51.21
6.597867887467146,51.21
6.599181208759546,51.22
6.600830242037773,51.22
6.60214464366436,51.22
6.603757958859205,51.22
6.605260971933603,51.22
6.606595933437347,51.22
6.608192004263401,51.22
6.609789710491896,51.22
6.611186806112528,51.21
6.612758208066225,51.22
6.614174488931894,51.22
6.615737829357386,51.22
6.617217041552067,51.22
6.618618950247765,51.22
6.620202507823706,51.22
6.621558669954538,51.22
6.623115506023169,51.22
6.624671999365091,51.22
6.626050114631653,51.22
6.627626720815897,51.22
6.629116520285606,51.22
6.630535576492548,51.22
6.632101863622665,51.22
6.633591320365667,51.22
6.634923826903105,51.22
6.636553667485714,51.22
6.637870971113443,51.22
6.639428947120905,51.23
6.640828408300877,51.22
6.642491787672043,51.22
6.64379870146513,51.23
6.645461887121201,51.22
6.646975018084049,51.22
6.648234315216541,51.23
6.649964842945337,51.22
6.6513874009251595,51.21
6.652933549135923,51.22
6.654337257146835,51.22
6.655906278640032,51.21
6.65731094032526,51.22
6.658805523067713,51.22
6.660367980599403,51.22
6.661862388253212,51.22
6.663249094039202,51.22
6.664828233420849,51.22
6.666209541261196,51.23
6.667801808565855,51.22
6.669286597520113,51.22
6.6706568375229836,51.22
6.672202929854393,51.22
6.6736229211091995,51.22
6.675257433205843,51.22
6.676745388656855,51.22
6.678053252398968,51.22
6.679637301713228,51.22
6.681044403463602,51.22
6.682685166597366,51.23
6.684000048786402,51.22
6.685653194785118,51.22
6.687165468931198,51.22
6.688443008810282,51.22
6.690092146396637,51.22
6.691381402313709,51.22
6.693075310438871,51.23
6.694368463009596,51.23
6.696040667593479,51.22
6.697570361196995,51.22
6.69900394231081,51.23
6.700524613261223,51.22
6.7020045556128025,51.22
6.70348559319973,51.22
6.7050009071826935,51.22
6.7063973024487495,51.22
6.70793541520834,51.22
6.709366515278816,51.22
6.710949432104826,51.22
6.712302036583424,51.22
6.713886223733425,51.22
6.715283691883087,51.23
6.7168312557041645,51.22
6.718235559761524,51.22
6.719832092523575,51.22
6.721355278044939,51.22
6.722681548446417,51.23
6.724336970597506,51.22
6.725830379873514,51.23
6.727307237684727,51.23
6.728794414550066,51.22
6.730180028825998,51.22
6.731784984469414,51.22
6.733200095593929,51.22
6.734734799712896,51.22
6.736027896404266,51.22
6.73769773170352,51.23
6.739181615412235,51.22
6.740711905062199,51.22
6.7421317137777805,51.22
6.743680026382208,51.22
6.7451841831207275,51.22
6.746656388044357,51.22
6.748163092881441,51.22
6.749519944190979,51.22
6.751097694039345,51.22
6.752599459141493,51.22
6.753983024507761,51.22
6.755577988922596,51.22
6.7569559924304485,51.22
6.758566342294216,51.22
6.759923670440912,51.22
6.761409141123295,51.22
6.7629286497831345,51.22
6.764512449502945,51.22
6.765951000154018,51.22
6.76732150092721,51.22
6.768975637853146,51.22
6.770286113023758,51.23
6.771951571106911,51.22
6.773260377347469,51.22
6.774718478322029,51.22
6.7764059491455555,51.22
6.77788707613945,51.22
6.779386289417744,51.22
6.780865136533976,51.22
6.782277014106512,51.22
6.783843826502562,51.22
6.785342659801245,51.22
6.786835126578808,51.22
6.788257520645857,51.22
6.789805863052607,51.23
6.791222933679819,51.23
6.792774133384228,51.23
6.794265482574701,51.23
6.795665483921766,51.23
6.79719977453351,51.23
6.798726584762335,51.22
6.800224676728249,51.22
6.8017119243741035,51.23
6.803133297711611,51.23
6.804629128426313,51.22
6.806175496429205,51.22
6.807526648044586,51.22
6.8091508485376835,51.22
6.810637213289738,51.23
6.811939258128405,51.23
6.813557464629412,51.23
6.81491719558835,51.23
6.816574029624462,51.22
6.81806979700923,51.22
6.8193530067801476,51.22
6.821013730019331,51.23
6.8223404586315155,51.23
6.824000041931868,51.23
6.825516503304243,51.23
6.8270055539906025,51.22
6.828500717878342,51.23
6.829913802444935,51.22
6.831473674625158,51.22
6.832877431064844,51.22
6.834433276206255,51.23
6.835923921316862,51.23
6.837403912097216,51.23
6.8386718817055225,51.22
6.840288084000349,51.22
6.841862682253122,51.22
6.8432576805353165,51.22
6.844769943505526,51.21
6.846341207623482,51.22
6.847807846963406,51.22
6.849251765757799,51.23
6.850685454905033,51.23
6.852297447621822,51.22
6.853633064776659,51.22
6.855268359184265,51.22
6.856556721031666,51.23
6.858229301869869,51.23
6.859726093709469,51.22
6.861221086233854,51.23
6.862516522407532,51.23
6.86416932195425,51.22
6.865699913352728,51.22
6.867123708128929,51.22
6.868434049189091,51.22
6.870091989636421,51.23
6.871648877859116,51.22
6.873051006346941,51.22
6.874605488032103,51.22
6.876009128987789,51.22
6.877612341195345,51.23
6.879084751009941,51.22
6.880557615309954,51.22
6.882046848535538,51.22
6.883542221039534,51.22
6.884988531470299,51.22
6.886384807527065,51.22
6.8880105428397655,51.22
6.889370679855347,51.22
6.890919458121061,51.22
6.892358426004648,51.22
6.8939380422234535,51.23
6.895271025598049,51.22
6.896861534565687,51.22
6.898422341793776,51.22
6.899717293679714,51.22
6.901304319500923,51.23
6.9026709869503975,51.22
6.904358863830566,51.22
6.905827090144157,51.23
6.907338969409466,51.23
6.90863249823451,51.23
6.9102741703391075,51.22
6.911579590290785,51.22
6.913261190056801,51.22
6.91479417681694,51.22
6.9162284433841705,51.23
6.917756866663694,51.23
6.9192376881837845,51.23
6.920708805322647,51.23
6.922126892954111,51.22
6.923711404204369,51.23
6.925173528492451,51.23
6.926679376512766,51.22
6.928156562149525,51.22
6.9296027310192585,51.23
6.931014619767666,51.23
6.932626709342003,51.23
6.934110887348652,51.22
6.935598790645599,51.22
6.9369581416249275,51.22
6.938496969640255,51.22
6.939995683729649,51.22
6.941556021571159,51.22
6.94286347925663,51.22
6.944526933133602,51.22
6.945841886103153,51.22
6.947508089244366,51.22
6.9488166980445385,51.22
6.95047452673316,51.23
6.951759252697229,51.23
6.953263066709042,51.23
6.954914402216673,51.23
6.956244844943285,51.23
6.95786215737462,51.22
6.959417171776295,51.22
6.960890717804432,51.23
6.962338402867317,51.23
6.963867608457804,51.23
6.9652610793709755,51.23
6.966833334416151,51.23
6.968225181102753,51.23
6.969796929508448,51.23
6.97132209315896,51.23
6.972769908607006,51.22
6.974151257425547,51.22
6.975764766335487,51.23
6.977140862494707,51.23
6.978637259453535,51.23
6.980203241109848,51.23
6.981588292866945,51.23
6.983135409653187,51.23
6.984538480639458,51.23
6.986047301441431,51.23
6.987677216529846,51.23
6.989149317145348,51.22
6.990599561482668,51.23
6.991954475641251,51.24
6.993630602955818,51.21
6.9950851537287235,51.22
6.996421303600073,51.23
6.998050771653652,51.22
6.999384582042694,51.22
7.001031532883644,51.22
7.002560660243034,51.22
7.004001021385193,51.22
7.005538504570723,51.22
7.006938587874174,51.22
7.0085019282996655,51.23
7.009936146438122,51.23
7.011383775621653,51.23
7.012959256768227,51.22
7.0143648609519005,51.22
7.015937093645334,51.22
7.0173374861478806,51.22
7.018905434757471,51.23
7.0204189121723175,51.23
7.021890439093113,51.23
7.023358933627605,51.23
7.024745546281338,51.23
7.026297297328711,51.22
7.027669012546539,51.23
7.029347438365221,51.23
7.0306377820670605,51.22
7.032305512577295,51.23
7.033626392483711,51.23
7.035279352217913,51.23
7.0365983955562115,51.22
7.038268309086561,51.23
7.039562191814184,51.23
7.041225716471672,51.23
7.042545247823,51.23
7.044211972504854,51.23
7.0457130670547485,51.22
7.047155167907476,51.23
7.048680793493986,51.23
7.050154007971287,51.23
7.051656886935234,51.23
7.0530434884130955,51.22
7.054620388895273,51.23
7.056028164923191,51.23
7.057565651834011,51.22
7.059081356972456,51.22
7.060516063123941,51.23
7.0620132721960545,51.24
7.063426990061998,51.23
7.065038748085499,51.23
7.066374816000462,51.23
7.0679645128548145,51.22
7.069351423531771,51.23
7.070983912795782,51.23
7.072327632457018,51.23
7.07398471608758,51.23
7.075272087007761,51.23
7.076943892985582,51.23
7.078430604189634,51.24
7.079917747527361,51.23
7.081208426505327,51.23
7.082900777459145,51.22
7.084264121949673,51.23
7.085843965411186,51.23
7.087132766842842,51.23
7.088817752897739,51.23
7.09034238755703,51.23
7.091780833899975,51.23
7.093320090323687,51.23
7.094737250357866,51.23
7.096275556832552,51.23
7.097719397395849,51.24
7.0992436632514,51.23
7.100735604763031,51.23
7.1022221557796,51.23
7.10361897200346,51.23
7.105172045528889,51.23
7.106609009206295,51.23
7.108126353472471,51.23
7.109528943896294,51.23
7.11100298166275,51.23
7.112617027014494,51.23
7.11400044336915,51.23
7.115554738789797,51.23
7.116942249238491,51.23
7.11850630491972,51.23
7.119931314140558,51.22
7.121520526707172,51.23
7.1230654790997505,51.23
7.124348070472479,51.23
7.125955428928137,51.24
7.127515196800232,51.23
7.128910902887583,51.23
7.130281280726194,51.23
7.13196887075901,51.23
7.133486203849316,51.23
7.134909801185131,51.23
7.136360440403223,51.24
7.137858800590038,51.24
7.139431845396757,51.23
7.140827648341656,51.23
7.14239264652133,51.23
7.143818769603968,51.23
7.1453625448048115,51.24
7.14677506685257,51.23
7.148345340043306,51.23
7.149748578667641,51.23
7.151290435343981,51.23
7.1527209766209126,51.23
7.154251970350742,51.23
7.155639413744211,51.23
7.157222367823124,51.23
7.158629961311817,51.22
7.160153869539499,51.22
7.161752726882696,51.23
7.163225792348385,51.23
7.1645241267979145,51.23
7.166200045496225,51.23
7.167665634304285,51.23
7.1691713482141495,51.22
7.170680247247219,51.23
7.171964030712843,51.23
7.173634834587574,51.23
7.174949008971453,51.23
7.176605571061373,51.23
7.178052883595228,51.23
7.179601918905973,51.22
7.18109093606472,51.23
7.1825143322348595,51.23
7.184052936732769,51.22
7.185546327382326,51.23
7.186934128403664,51.23
7.188474517315626,51.23
7.18998471274972,51.23
7.191429726779461,51.23
7.192939765751362,51.23
7.194384898990393,51.23
7.19595842435956,51.23
7.197313062846661,51.23
7.198828086256981,51.22
7.20042921602726,51.23
7.201751131564379,51.22
7.203229796141386,51.24
7.204885806888342,51.23
7.206229712814093,51.23
7.207704178988934,51.24
7.20934471487999,51.24
7.210850223898888,51.22
7.212147012352943,51.23
7.213794756680727,51.23
7.2150797843933105,51.23
7.216777637600899,51.23
7.218059651553631,51.24
7.219721723347902,51.24
7.2211835496127605,51.22
7.2227419055998325,51.23
7.22423679754138,51.23
7.225647017359734,51.23
7.227209195494652,51.23
7.228682946413755,51.24
7.230170324444771,51.24
7.2315786592662334,51.24
7.233044780790806,51.23
7.234644252806902,51.23
7.236060753464699,51.24
7.2376028671860695,51.23
7.239006005227566,51.23
7.240579359233379,51.22
7.241973128169775,51.23
7.24352927133441,51.23
7.245063081383705,51.23
7.246396601200104,51.22
7.248036470264196,51.23
7.24939102679491,51.22
7.250945936888456,51.22
7.25249482318759,51.22
7.2539850026369095,51.23
7.255297869443893,51.23
7.256936136633158,51.22
7.258258260786533,51.23
7.25994349271059,51.24
7.2613764852285385,51.23
7.2627492770552635,51.23
7.264350134879351,51.23
7.265648163855076,51.23
7.267316821962595,51.23
7.268854320049286,51.23
7.270340144634247,51.23
7.27183598652482,51.24
7.273272104561329,51.23
7.2748104222118855,51.23
7.276231467723846,51.24
7.277764718979597,51.24
7.279270835220814,51.23
7.280682604759932,51.24
7.282253779470921,51.23
7.283641256392002,51.23
7.285222541540861,51.24
7.286597948521376,51.23
7.288114957511425,51.24
7.289526507258415,51.23
7.291192892938852,51.23
7.29251055046916,51.24
7.294157210737467,51.23
7.295635771006346,51.23
7.297046314924955,51.24
7.298601593822241,51.23
7.299909204244614,51.23
7.30159218236804,51.24
7.302888240665197,51.23
7.304561961442232,51.23
7.305859342217445,51.24
7.307519663125277,51.23
7.309038192033768,51.23
7.310518931597471,51.23
7.312010511755943,51.23
7.313252538442612,51.24
7.314828854054213,51.24
7.316394004970789,51.23
7.317933347076178,51.23
7.319347731769085,51.23
7.320911448448896,51.23
7.322432328015566,51.23
7.323819551616907,51.24
7.325403153896332,51.24
7.326787736266851,51.23
7.328320812433958,51.23
7.329714633524418,51.23
7.331295672804117,51.23
7.332833845168352,51.23
7.3342772871255875,51.23
7.335822153836489,51.23
7.337216179817915,51.23
7.338628686964512,51.23
7.340157929807901,51.24
7.341767024248838,51.24
7.343062482774258,51.23
7.344735596328974,51.23
7.346214987337589,51.24
7.347694307565689,51.24
7.348972000181675,51.24
7.350697975605726,51.24
7.351970754563808,51.24
7.353446386754513,51.23
7.355154063552618,51.23
7.3566389717161655,51.23
7.358053602278233,51.24
7.359611015766859,51.24
7.361082244664431,51.24
7.362556003034115,51.24
7.364083755761385,51.22
7.3655587695539,51.27
7.367055237293243,51.33
7.368426870554686,51.32
7.370029918849468,51.33
7.37140516936779,51.31
7.372924521565437,51.29
7.374491721391678,51.3
7.37597880885005,51.3
7.3774518966674805,51.31
7.378814838826656,51.31
7.380365621298552,51.32
7.381755355745554,51.31
7.38341698795557,51.28
7.3849004209041595,51.29
7.386377796530724,51.29
7.387869134545326,51.29
7.389377154409885,51.29
7.390675228089094,51.31
7.392325486987829,51.33
7.393636468797922,51.34
7.395312394946814,51.33
7.396764114499092,51.32
7.3980687484145164,51.3
7.399784956127405,51.29
7.401271749287844,51.31
7.402768913656473,51.29
7.404238138347864,51.3
7.405738815665245,51.3
7.407216478139162,51.31
7.408704578876495,51.32
7.4101422019302845,51.31
7.411683686077595,51.3
7.413171906024218,51.31
7.41465999931097,51.3
7.416134838014841,51.28
7.417636223137379,51.3
7.419124696403742,51.3
7.420599527657032,51.3
7.421949990093708,51.3
7.423452660441399,51.29
7.4249886982142925,51.29
7.426420748233795,51.3
7.428043562918901,51.3
7.429522082209587,51.29
7.431015472859144,51.3
7.432506166398525,51.29
7.433779440820217,51.29
7.43546910956502,51.29
7.436970975250006,51.29
7.438454136252403,51.29
7.439951810985804,51.29
7.441430076956749,51.3
7.442921586334705,51.3
7.444411776959896,51.3
7.445897065103054,51.31
7.447391621768475,51.3
7.448874440044165,51.29
7.450359132140875,51.29
7.4518521055579185,51.3
7.453263524919748,51.31
7.454813279211521,51.28
7.456285800784826,51.28
7.457759030163288,51.3
7.459064580500126,51.3
7.460697997361422,51.3
7.462262347340584,51.29
7.463769044727087,51.27
7.465122353285551,51.26
7.466652009636164,51.26
7.468077555298805,51.25
7.469715937972069,51.25
7.471042163670063,51.25
7.472543250769377,51.25
7.474151350557804,51.25
7.475454825907946,51.25
7.477149050682783,51.25
7.478626515716314,51.25
7.480031311511993,51.25
7.4816018752753735,51.25
7.483062610030174,51.26
7.484554432332516,51.25
7.486081123352051,51.25
7.487532656639814,51.25
7.489058703184128,51.26
7.490451246500015,51.25
7.492022663354874,51.25
7.493509665131569,51.25
7.494997125118971,51.26
7.496477220207453,51.26
7.497973766177893,51.25
7.499336630105972,51.26
7.500936388969421,51.25
7.502354744821787,51.25
7.503937494009733,51.26
7.505309589207172,51.26
7.506868340075016,51.26
7.508276503533125,51.25
7.509805157780647,51.26
7.511326838284731,51.26
7.512705475091934,51.25
7.514236502349377,51.26
7.515827428549528,51.26
7.5171136520802975,51.26
7.518805555999279,51.26
7.52028326690197,51.26
7.521764073520899,51.26
7.523266471922398,51.26
7.524751789867878,51.26
7.526232019066811,51.26
7.527727592736483,51.26
7.529165022075176,51.26
7.530635870993137,51.26
7.5321838185191154,51.26
7.5336796045303345,51.27
7.5351671278476715,51.27
7.536567311733961,51.25
7.537995770573616,51.25
7.539577197283506,51.24
7.541114773601294,51.24
7.5424979738891125,51.25
7.5441041104495525,51.25
7.545597832649946,51.25
7.547082502394915,51.25
7.548463869839907,51.25
7.550047319382429,51.25
7.551545727998018,51.25
7.553023260086775,51.25
7.554508816450834,51.24
7.555906020104885,51.24
7.557348631322384,51.24
7.5588776506483555,51.24
7.560291651636362,51.25
7.5619485303759575,51.25
7.563435792922974,51.24
7.5649146139621735,51.25
7.56640437617898,51.26
7.567896757274866,51.25
7.56937738135457,51.25
7.570843264460564,51.25
7.572155814617872,51.24
7.573842171579599,51.26
7.575337417423725,51.27
7.576820880174637,51.26
7.578307580202818,51.27
7.579757951200008,51.29
7.581277713179588,51.29
7.582770723849535,51.29
7.584247380495071,51.3
7.585747193545103,51.3
7.587238300591707,51.3
7.588718067854643,51.29
7.590208608657122,51.3
7.591657996177673,51.29
7.593180924654007,51.3
7.594681933522224,51.3
7.596051909029484,51.29
7.597569264471531,51.29
7.598992135375738,51.3
7.600620418787003,51.29
7.602130562067032,51.28
7.603605765849352,51.3
7.604935131967068,51.29
7.606560133397579,51.29
7.608053140342236,51.29
7.60954849049449,51.29
7.610871057957411,51.3
7.612507373094559,51.3
7.613828215748072,51.29
7.615269277244806,51.3
7.616969928145409,51.3
7.6182493306696415,51.3
7.619935594499111,51.29
7.621468987315893,51.29
7.622863873839378,51.29
7.624435618519783,51.3
7.625855688005686,51.3
7.627416089177132,51.29
7.628817409276962,51.29
7.630388546735048,51.29
7.631845321506262,51.29
7.6333237290382385,51.3
7.634752430021763,51.3
7.636337488889694,51.29
7.637708701193333,51.3
7.639302305877209,51.3
7.640656307339668,51.3
7.642259445041418,51.29
7.643627267330885,51.29
7.645263336598873,51.29
7.646609496325254,51.29
7.6482314839959145,51.28
7.64968703314662,51.29
7.651032954454422,51.29
7.652701500803232,51.3
7.6541902795434,51.29
7.655477985739708,51.29
7.657140590250492,51.29
7.658541239798069,51.29
7.660119976848364,51.29
7.661542896181345,51.29
7.6631123945117,51.29
7.664609521627426,51.29
7.666031174361706,51.29
7.667566575109959,51.3
7.668972168117762,51.29
7.670538946986198,51.29
7.672019265592098,51.28
7.673543233424425,51.29
7.675032574683428,51.29
7.676501791924238,51.29
7.678000345826149,51.29
7.679471302777529,51.29
7.680975716561079,51.29
7.682423643767834,51.29
7.683943185955286,51.29
7.68542754650116,51.27
7.686912249773741,51.26
7.688413970172405,51.26
7.689886424690485,51.27
7.691385116428137,51.26
7.69287696480751,51.26
7.694344900548458,51.26
7.695846129208803,51.26
7.6973235458135605,51.26
7.6988128162920475,51.26
7.700097233057022,51.26
7.701791483908892,51.26
7.703202001750469,51.26
7.704735964536667,51.26
7.706259235739708,51.26
7.707745809108019,51.26
7.709233406931162,51.26
7.710718993097544,51.26
7.712199557572603,51.26
7.7136972434818745,51.26
7.7151801250875,51.26
7.716662399470806,51.26
7.718078602105379,51.26
7.719599008560181,51.26
7.721129335463047,51.26
7.722539685666561,51.25
7.7240477576851845,51.25
7.725481282919645,51.26
7.727053303271532,51.26
7.728465303778648,51.26
7.7299814112484455,51.25
7.731559485197067,51.26
7.733023647218943,51.26
7.734353382140398,51.27
7.73602207005024,51.26
7.737511582672596,51.26
7.738837324082851,51.27
7.740477204322815,51.26
7.741763733327389,51.26
7.743422854691744,51.27
7.7449420765042305,51.26
7.746438484638929,51.27
7.747885625809431,51.26
7.749416753649712,51.27
7.750888995826244,51.28
7.75216444209218,51.27
7.753865126520395,51.27
7.755286920815706,51.26
7.756843037903309,51.26
7.7582718804478645,51.26
7.75980082154274,51.27
7.7613053768873215,51.27
7.762689623981714,51.26
7.764269482344389,51.27
7.765645898878574,51.26
7.767260782420635,51.26
7.768635671585798,51.27
7.770138289779425,51.26
7.77171066775918,51.26
7.773058120161295,51.27
7.774692229926586,51.26
7.776169564574957,51.27
7.777674816548824,51.26
7.779052022844553,51.26
7.780643425881863,51.27
7.782130464911461,51.26
7.783488254994154,51.26
7.785107720643282,51.26
7.786602929234505,51.27
7.788077104836702,51.27
7.7895611971616745,51.27
7.79105905815959,51.26
7.792544566094875,51.27
7.794026557356119,51.27
7.79552624002099,51.27
7.7969311363995075,51.27
7.798500958830118,51.27
7.799991153180599,51.27
7.801449738442898,51.26
7.8029624707996845,51.25
7.804440721869469,51.26
7.805857703089714,51.26
7.807434521615505,51.26
7.808790378272533,51.27
7.810366045683622,51.27
7.811774756759405,51.27
7.813336208462715,51.26
7.814741894602776,51.26
7.816384021192789,51.26
7.817723788321018,51.26
7.8193252347409725,51.27
7.820707835257053,51.27
7.822267770767212,51.27
7.823656868189573,51.27
7.82527069747448,51.27
7.826679769903421,51.26
7.828249957412481,51.27
7.829645458608866,51.26
7.831065226346254,51.26
7.832700628787279,51.26
7.833982639014721,51.27
7.835645936429501,51.27
7.837006960064173,51.26
7.838642369955778,51.26
7.840173471719027,51.26
7.8416442684829235,51.25
7.84308360144496,51.25
7.8446128368377686,51.24
7.846114329993725,51.25
7.847576782107353,51.25
7.849082611501217,51.25
7.850490886718035,51.26
7.852059796452522,51.25
7.8534563556313515,51.24
7.85500455647707,51.24
7.856388244777918,51.24
7.858005780726671,51.24
7.859380137175322,51.25
7.860855393111706,51.24
7.862450860440731,51.25
7.863788511604071,51.25
7.865451604127884,51.24
7.866934224963188,51.25
7.868426077067852,51.25
7.86971639841795,51.25
7.871398705989122,51.26
7.872706942260265,51.25
7.874377727508545,51.25
7.875841677188873,51.25
7.877344466745853,51.25
7.878829397261143,51.25
7.8802920170128345,51.25
7.8817889504134655,51.25
7.8832553923130035,51.25
7.884779684245586,51.24
7.886275876313448,51.24
7.887774396687746,51.25
7.889256838709116,51.25
7.890666410326958,51.24
7.892207816243172,51.24
7.893731497228146,51.25
7.89511926099658,51.25
7.896603751927614,51.25
7.898096721619368,51.25
7.899583529680967,51.25
7.901056978851557,51.25
7.902512740343809,51.26
7.904003266245127,51.25
7.905499555170536,51.25
7.907121974974871,51.25
7.908462859690189,51.24
7.910071078687906,51.25
7.911386512219906,51.25
7.913041904568672,51.24
7.91439164057374,51.25
7.916017364710569,51.25
7.91731520742178,51.25
7.919015038758516,51.24
7.9202981516718864,51.25
7.92184953764081,51.25
7.923450145870447,51.24
7.924911130219698,51.24
7.926225766539574,51.24
7.927940025925636,51.24
7.9293715842068195,51.25
7.930928528308868,51.25
7.932328063994646,51.24
7.9338023364543915,51.24
7.9353619664907455,51.24
7.936852443963289,51.24
7.9383266642689705,51.25
7.939820270985365,51.25
7.94130939245224,51.25
7.942697875201702,51.25
7.944320283830166,51.25
7.945697158575058,51.25
7.947214685380459,51.25
7.948630761355162,51.25
7.950247414410114,51.25
7.951641201972961,51.25
7.953087657690048,51.25
7.954717747867107,51.25
7.956212770193815,51.25
7.957588657736778,51.25
7.9590341337025166,51.24
7.960660517215729,51.25
7.962151627987623,51.25
7.963466089218855,51.24
7.965131789445877,51.24
7.966417156159878,51.25
7.968070819973946,51.25
7.969375517219305,51.25
7.9710749462246895,51.25
7.972350794821978,51.25
7.974010203033686,51.25
7.975547533482313,51.25
7.976965233683586,51.25
7.978516269475222,51.25
7.979904353618622,51.25
7.98147489130497,51.25
7.982892967760563,51.25
7.984240930527449,51.26
7.985912222415209,51.27
7.987406648695469,51.27
7.988929949700832,51.27
7.990308552980423,51.27
7.991830367594957,51.26
7.993242431432009,51.26
7.994799822568893,51.26
7.996383599936962,51.26
7.9976935386657715,51.26
7.999284762889147,51.25
8.000670298933983,51.26
8.002320647239685,51.26
8.003637541085482,51.26
8.005297839641571,51.27
8.00661252439022,51.27
8.008269995450974,51.26
8.009569868445396,51.26
8.011203449219465,51.26
8.012523531913757,51.26
8.014163877815008,51.26
8.015674818307161,51.25
8.01697163283825,51.26
8.018669970333576,51.26
8.020174410194159,51.26
8.02163876593113,51.27
8.023135427385569,51.27
8.02458555623889,51.28
8.026057541370392,51.28
8.02755768224597,51.28
8.029038991779089,51.28
8.030518282204866,51.28
8.032030805945396,51.28
8.03356135636568,51.28
8.034988090395927,51.29
8.036479867994785,51.29
8.037946060299873,51.28
8.039526887238026,51.28
8.04100900888443,51.29
8.042490147054195,51.29
8.043979294598103,51.29
8.045457545667887,51.28
8.046959355473518,51.28
8.048445422202349,51.29
8.049717772752047,51.28
8.051425226032734,51.28
8.052892327308655,51.29
8.054406601935625,51.29
8.055672440677881,51.31
8.057340927422047,51.3
8.058873683214188,51.3
8.060290072113276,51.31
8.061854530125856,51.31
8.063261285424232,51.3
8.064763654023409,51.28
8.06623762845993,51.28
8.067766778171062,51.28
8.069283932447433,51.28
8.070704035460949,51.28
8.07224902138114,51.28
8.073652431368828,51.28
8.075150642544031,51.27
8.076607637107372,51.27
8.0782052539289,51.27
8.07969256862998,51.28
8.081183321774006,51.27
8.08266782015562,51.28
8.083998367190361,51.28
8.085483696311712,51.27
8.08695474267006,51.27
8.088623218238354,51.27
8.090112634003162,51.27
8.091592736542225,51.28
8.09307448938489,51.28
8.094555251300335,51.28
8.096036486327648,51.28
8.097542885690928,51.28
8.098997335880995,51.29
8.100519075989723,51.29
8.101999260485172,51.29
8.103467799723148,51.29
8.10493566468358,51.29
8.106416214257479,51.29
8.10793561115861,51.27
8.109443873167038,51.27
8.110874626785517,51.27
8.112383972853422,51.27
8.113838337361813,51.27
8.115360222756863,51.27
8.116816453635693,51.28
8.118279505521059,51.27
8.119774293154478,51.28
8.121277373284101,51.28
8.12280335277319,51.28
8.124249279499054,51.28
8.125658102333546,51.28
8.127305634319782,51.27
8.128622740507126,51.27
8.130290925502777,51.26
8.131751462817192,51.27
8.133259780704975,51.27
8.134730257093906,51.27
8.136225212365389,51.27
8.137702845036983,51.27
8.139201737940311,51.28
8.14065846055746,51.28
8.142174251377583,51.28
8.14364106208086,51.29
8.14512650668621,51.29
8.146596554666758,51.3
8.148090168833733,51.29
8.14954960346222,51.3
8.151074979454279,51.3
8.15249439701438,51.3
8.153974987566471,51.3
8.155500564724207,51.3
8.156983330845833,51.3
8.158543318510056,51.29
8.159994628280401,51.29
8.16138306632638,51.29
8.162954159080982,51.3
8.164360247552395,51.3
8.165980912744999,51.29
8.167314566671848,51.29
8.1688630618155,51.29
8.170444812625647,51.29
8.171946741640568,51.29
8.173264108598232,51.3
8.174913041293621,51.29
8.176213145256042,51.29
8.177892196923494,51.3
8.179365906864405,51.3
8.180851247161627,51.3
8.182164493948221,51.3
8.183819450438023,51.29
8.185321010649204,51.29
8.186802826821804,51.29
8.188255224376917,51.29
8.189745429903269,51.29
8.191237900406122,51.29
8.192721452564001,51.29
8.19418165832758,51.28
8.195697389543056,51.29
8.197179786860943,51.29
8.198685768991709,51.29
8.200191043317318,51.29
8.201680351048708,51.29
8.203171752393246,51.29
8.204541958868504,51.29
8.20605431124568,51.3
8.20760514587164,51.29
8.209018558263779,51.29
8.210497952997684,51.3
8.21202440932393,51.3
8.213441632688046,51.3
8.215049624443054,51.3
8.216575849801302,51.29
8.21804602816701,51.29
8.219546645879745,51.28
8.221026722341776,51.29
8.22251196578145,51.29
8.223998170346022,51.29
8.225487511605024,51.28
8.226853184401989,51.29
8.2284629419446,51.29
8.229941729456186,51.29
8.231433250010014,51.29
8.23287970945239,51.29
8.234373398125172,51.29
8.235903210937977,51.29
8.237341914325953,51.29
8.238849271088839,51.29
8.240295004099607,51.3
8.241802237927914,51.29
8.243280969560146,51.29
8.244824949651957,51.3
8.246232107281685,51.29
8.247716505080462,51.3
8.249278649687767,51.3
8.250773940235376,51.3
8.252206537872553,51.3
8.253765508532524,51.3
8.255107663571835,51.3
8.256668776273727,51.3
8.258063584566116,51.3
8.259540785104036,51.29
8.261198036372662,51.29
8.262679286301136,51.29
8.263979323208332,51.3
8.265503618866205,51.3
8.26713938638568,51.3
8.268458161503077,51.3
8.270117409527302,51.3
8.271606706082821,51.29
8.272919777780771,51.29
8.27458992600441,51.29
8.276045843958855,51.3
8.277557518333197,51.3
8.279042892158031,51.3
8.280497372150421,51.28
8.282020799815655,51.29
8.283508863300085,51.3
8.28499049693346,51.3
8.286429956555367,51.3
8.287910848855972,51.3
8.289399899542332,51.3
8.290904931724072,51.29
8.292411990463734,51.29
8.29382073879242,51.3
8.29538518935442,51.3
8.296897668391466,51.3
8.298266176134348,51.3
8.299853768199682,51.3
8.301331631839275,51.3
8.30286444351077,51.29
8.304347306489944,51.3
8.305835578590631,51.3
8.307327348738909,51.29
8.308779139071703,51.29
8.310188934206963,51.29
8.311581142246723,51.29
8.313266597688198,51.29
8.314571175724268,51.29
8.316235728561878,51.29
8.317510847002268,51.29
8.31900792196393,51.29
8.32069257646799,51.28
8.322139956057072,51.28
8.32368614897132,51.29
8.325127579271793,51.29
8.32660561054945,51.3
8.328083518892527,51.29
8.329623404890299,51.29
8.331109635531902,51.29
8.332607720047235,51.29
8.33401632681489,51.29
8.33549340069294,51.29
8.336977403610945,51.3
8.338468708097935,51.29
8.339917328208685,51.28
8.34140333905816,51.28
8.342893958091736,51.29
8.34445407986641,51.29
8.345869686454535,51.29
8.347475420683622,51.28
8.3488125577569,51.28
8.350466351956129,51.28
8.35195393487811,51.29
8.35343699157238,51.29
8.354905519634485,51.3
8.356409445405006,51.3
8.357880473136902,51.29
8.35937324166298,51.3
8.360873490571976,51.3
8.36234188452363,51.29
8.363851267844439,51.29
8.36532687395811,51.29
8.36677798256278,51.3
8.36828425899148,51.29
8.369743268936872,51.29
8.371219411492348,51.29
8.372789211571217,51.29
8.374270550906658,51.3
8.375671107321978,51.29
8.377216551452875,51.29
8.378715459257364,51.29
8.380211755633354,51.29
8.381606068462133,51.29
8.382960230112076,51.28
8.3845623023808,51.29
8.386098451912403,51.29
8.387663055211306,51.29
8.389144375920296,51.28
8.390623066574335,51.28
8.392032373696566,51.28
8.393481347709894,51.29
8.395095244050026,51.29
8.396563310176134,51.28
8.398053366690874,51.28
8.399548064917326,51.3
8.401024024933577,51.29
8.40234674140811,51.29
8.40400556474924,51.29
8.405487537384033,51.28
8.406976759433746,51.28
8.408465001732111,51.29
8.40992110222578,51.29
8.411434259265661,51.28
8.412905056029558,51.29
8.414436247199774,51.28
8.415846645832062,51.28
8.417397551238537,51.28
8.418887130916119,51.27
8.420387167483568,51.27
8.421757377684116,51.27
8.42329653725028,51.27
8.424838699400425,51.27
8.42625318095088,51.28
8.42774847522378,51.28
8.429213713854551,51.28
8.43067104369402,51.28
8.432198844850063,51.28
8.433768600225449,51.28
8.435258083045483,51.28
8.436747677624226,51.28
8.438233938068151,51.29
8.439715750515461,51.29
8.441203992813826,51.29
8.442694894969463,51.29
8.444183591753244,51.29
8.445674255490303,51.29
8.447161201387644,51.29
8.44864958897233,51.3
8.450143683701754,51.3
8.451622359454632,51.29
8.453110370784998,51.29
8.454509861767292,51.29
8.456081416457891,51.3
8.457573637366295,51.29
8.459060970693827,51.29
8.46055556833744,51.29
8.46202940121293,51.28
8.463525988161564,51.29
8.465010795742273,51.28
8.466483619064093,51.28
8.467932224273682,51.28
8.469456989318132,51.27
8.470966711640358,51.27
8.472403470426798,51.27
8.473936576396227,51.27
8.475423503667116,51.28
8.47684034705162,51.27
8.478402178734541,51.28
8.479716807603836,51.28
8.481274727731943,51.28
8.482863698154688,51.27
8.4843475446105,51.27
8.485830381512642,51.27
8.487285111099482,51.27
8.488814890384674,51.28
8.490105144679546,51.28
8.491761811077595,51.28
8.493273042142391,51.28
8.49473087862134,51.28
8.49623230099678,51.28
8.497711200267076,51.28
8.499232161790133,51.28
8.500717677175999,51.28
8.502199783921242,51.28
8.503643102943897,51.28
8.505111645907164,51.27
8.50660441070795,51.27
8.508110854774714,51.28
8.509642485529184,51.28
8.511133320629597,51.28
8.512619901448488,51.27
8.51410135999322,51.27
8.51560066267848,51.28
8.517081212252378,51.28
8.518566086888313,51.28
8.52004536613822,51.28
8.521459631621838,51.29
8.522891528904438,51.29
8.524440191686153,51.28
8.52600621059537,51.28
8.527348261326551,51.28
8.528975680470467,51.28
8.530280075967312,51.28
8.531939771026373,51.28
8.533323537558317,51.28
8.53492646664381,51.28
8.536206189543009,51.28
8.537867210805416,51.28
8.539184991270304,51.28
8.540829636156559,51.27
8.542338877916336,51.27
8.543799251317978,51.27
8.545350253582,51.27
8.54683993011713,51.27
8.548277080059052,51.27
8.549814514815807,51.27
8.551247153431177,51.27
8.552786607295275,51.27
8.554194696247578,51.27
8.555740229785442,51.28
8.557187609374523,51.28
8.558742560446262,51.28
8.560179863125086,51.28
8.561580501496792,51.28
8.563174668699503,51.28
8.564681567251682,51.28
8.566170491278172,51.29
8.56753721833229,51.28
8.569036103785038,51.28
8.570614948868752,51.28
8.572139590978622,51.28
8.57360502704978,51.29
8.575091134756804,51.29
8.576405718922615,51.28
8.57809230685234,51.28
8.579391438513994,51.28
8.581052038818598,51.29
8.582536492496729,51.28
8.584006194025278,51.29
8.585539564490318,51.29
8.586969662457705,51.29
8.588501069694757,51.29
8.589978355914354,51.3
8.59146673604846,51.3
8.592959020286798,51.3
8.594429790973663,51.29
8.595937460660934,51.29
8.597354877740145,51.29
8.59891726076603,51.3
8.60038622841239,51.3
8.601896237581968,51.29
8.603387165814638,51.29
8.604845479130745,51.29
8.606349162757397,51.29
8.607715889811516,51.29
8.609298765659332,51.28
8.610801309347153,51.27
8.61229420080781,51.28
8.613639917224646,51.29
8.615171119570732,51.3
8.616756193339825,51.3
8.618241593241692,51.3
8.619724709540606,51.3
8.621224153786898,51.29
8.622716326266527,51.29
8.624201439321041,51.29
8.625519379973412,51.29
8.62714483961463,51.29
8.6284309476614,51.29
8.630109455436468,51.29
8.631636936217546,51.28
8.633117116987705,51.28
8.634609505534172,51.28
8.636093281209469,51.29
8.637582760304213,51.29
8.639076046645641,51.29
8.640473533421755,51.29
8.642046872526407,51.29
8.643542855978012,51.29
8.645022824406624,51.3
8.64642720669508,51.29
8.647954743355513,51.29
8.649383522570133,51.29
8.650836359709501,51.29
8.652468837797642,51.29
8.65382307767868,51.3
8.655359122902155,51.3
8.656803168356419,51.3
8.65843041613698,51.3
8.659925494343042,51.29
8.661388985812664,51.29
8.662719927728176,51.29
8.664343640208244,51.3
8.665768530219793,51.3
8.667144242674112,51.3
8.66882835701108,51.3
8.670123491436243,51.31
8.671803761273623,51.31
8.673252284526825,51.3
8.674775253981352,51.3
8.676209568977356,51.3
8.677585616707802,51.3
8.67918248847127,51.3
8.680751010775566,51.3
8.682143773883581,51.3
8.683699138462543,51.29
8.685171030461788,51.29
8.686688654124737,51.3
8.688082855194807,51.3
8.689656391739845,51.3
8.691102728247643,51.3
8.692488305270672,51.29
8.69412174448371,51.3
8.695492569357157,51.3
8.697072602808475,51.3
8.69847209751606,51.29
8.700084142386913,51.29
8.701406452804804,51.3
8.702970311045647,51.3
8.704426035284996,51.3
8.706025552004576,51.3
8.707492243498564,51.3
8.70900122821331,51.29
8.710275281220675,51.3
8.711756963282824,51.3
8.71345380321145,51.3
8.714736346155405,51.3
8.716410227119923,51.3
8.717891935259104,51.29
8.719389002770185,51.3
8.720842257142067,51.3
8.722402207553387,51.3
8.723824810236692,51.3
8.725364968180656,51.3
8.726796090602875,51.3
8.728281751275063,51.3
8.729770746082067,51.3
8.73121328279376,51.3
8.732745707035065,51.29
8.73426916450262,51.3
8.73577779904008,51.3
8.737199638038874,51.29
8.738750845193863,51.3
8.740151919424534,51.3
8.741632290184498,51.31
8.743142195045948,51.31
8.744539618492126,51.31
8.746187008917332,51.31
8.747681621462107,51.31
8.749157454818487,51.3
8.75064655393362,51.3
8.751976493746042,51.31
8.753631755709648,51.3
8.755115069448948,51.3
8.756451606750488,51.3
8.757863413542509,51.3
8.759393017739058,51.3
8.761054530739784,51.3
8.76255164295435,51.3
8.763990443199873,51.3
8.765522550791502,51.3
8.76699635758996,51.3
8.768528383225203,51.3
8.769919019192457,51.3
8.77139711752534,51.31
8.772965431213379,51.31
8.774389643222094,51.31
8.775882188230753,51.3
8.77733889222145,51.31
8.778926115483046,51.32
8.780276097357273,51.31
8.781907800585032,51.3
8.783377569168806,51.3
8.784742247313261,51.3
8.786367677152157,51.3
8.78769975155592,51.3
8.789235640317202,51.3
8.7908378764987,51.31
8.79228164628148,51.3
8.793694145977497,51.3
8.795294664800167,51.3
8.796610463410616,51.3
8.798259869217873,51.3
8.799760021269321,51.3
8.801032915711403,51.3
8.802721992135048,51.3
8.804212741553783,51.29
8.80569003522396,51.29
8.806970842182636,51.3
8.808690194040537,51.29
8.810173455625772,51.29
8.811592556536198,51.29
8.813151851296425,51.3
8.814598880708218,51.3
8.816120523959398,51.3
8.817565683275461,51.3
8.81909428536892,51.3
8.820500634610653,51.3
8.822033189237118,51.3
8.823460422456264,51.3
8.825016357004642,51.29
8.826401390135288,51.29
8.827999725937843,51.3
8.82937029376626,51.3
8.830979000777006,51.3
8.832490481436253,51.3
8.833883177489042,51.29
8.835462849587202,51.29
8.836944937705994,51.29
8.83842570334673,51.29
8.839923042804003,51.29
8.841405294835567,51.3
8.842891443520784,51.29
8.844366859644651,51.29
8.845866225659847,51.29
8.847361601889133,51.29
8.848848011344671,51.29
8.850338615477085,51.29
8.851782392710447,51.29
8.853307344019413,51.29
8.854783814400434,51.29
8.856259360909462,51.29
8.857742562890053,51.29
8.85925255343318,51.3
8.86071840673685,51.29
8.862220082432032,51.29
8.863644946366549,51.29
8.865208752453327,51.29
8.866697948426008,51.29
8.86819252371788,51.29
8.869667302817106,51.29
8.871166355907917,51.29
8.87263110280037,51.3
8.87408522516489,51.3
8.875400368124247,51.3
8.87707994878292,51.3
8.878593903034925,51.3
8.879909131675959,51.3
8.881579603999853,51.29
8.883053999394178,51.29
8.884355321526527,51.29
8.886014062911272,51.28
8.887514434754848,51.29
8.889005430042744,51.3
8.890497013926506,51.3
8.891893897205591,51.29
8.893439937382936,51.3
8.894755933433771,51.3
8.896433729678392,51.29
8.897707723081112,51.29
8.899421982467175,51.29
8.900913000106812,51.29
8.902356002479792,51.29
8.903888083994389,51.29
8.905297864228487,51.3
8.90686646103859,51.3
8.908306647092104,51.3
8.909842044115067,51.29
8.911306247115135,51.3
8.91279411315918,51.3
8.914202854037285,51.3
8.915748782455921,51.3
8.917171496897936,51.3
8.918657671660185,51.3
8.920279745012522,51.3
8.921609349548817,51.3
8.923239778727293,51.3
8.924721345305443,51.29
8.926093690097332,51.29
8.927691504359245,51.29
8.929044090211391,51.28
8.930668897926807,51.28
8.932150330394506,51.29
8.933632835745811,51.3
8.93501042574644,51.29
8.936588328331709,51.29
8.93808676302433,51.29
8.939585469663143,51.29
8.941046703606844,51.29
8.94253183528781,51.28
8.944031964987516,51.29
8.945546310395002,51.29
8.947021566331387,51.29
8.948520619422197,51.29
8.95001270994544,51.29
8.951494831591845,51.29
8.952979303896427,51.29
8.954441588371992,51.29
8.955938290804625,51.29
8.957447923719883,51.29
8.95893844217062,51.29
8.960411239415407,51.29
8.961912419646978,51.29
8.96339938044548,51.29
8.964857414364815,51.29
8.96637563034892,51.3
8.967851728200912,51.3
8.96934324875474,51.3
8.970769617706537,51.3
8.972314577549696,51.29
8.973619602620602,51.29
8.975306175649166,51.29
8.976759657263756,51.29
8.978055596351624,51.29
8.979762978851795,51.29
8.981238763779402,51.29
8.982734136283398,51.28
8.984214141964912,51.28
8.985472671687603,51.29
8.987189747393131,51.28
8.988619972020388,51.28
8.99015649408102,51.28
8.991666279733181,51.29
8.993151344358921,51.29
8.994640804827213,51.28
8.996114615350962,51.28
8.997594732791185,51.28
8.999095108360052,51.28
9.000468578189611,51.29
9.002071153372526,51.28
9.003555376082659,51.28
9.005041051656008,51.29
9.006391029804945,51.28
9.008030276745558,51.28
9.009503848850727,51.29
9.011004358530045,51.3
9.012501820921898,51.29
9.013891063630581,51.28
9.01546635851264,51.28
9.016964327543974,51.29
9.018240474164486,51.29
9.019917748868465,51.29
9.021232709288597,51.29
9.022745825350285,51.29
9.02417691424489,51.29
9.025870449841022,51.29
9.027327373623848,51.29
9.028633069247007,51.29
9.030286870896816,51.3
9.031776506453753,51.29
9.033071145415306,51.29
9.034758184105158,51.3
9.036291681230068,51.29
9.037777487188578,51.29
9.039274349808693,51.3
9.040754895657301,51.29
9.042215131223202,51.27
9.043642435222864,51.27
9.04518573358655,51.27
9.046616736799479,51.28
9.0482008010149,51.28
9.049661569297314,51.28
9.051152542233467,51.28
9.052546463906765,51.27
9.054075051099062,51.28
9.05547084286809,51.27
9.056949343532324,51.28
9.058618672192097,51.28
9.060098938643932,51.28
9.061430051922798,51.28
9.063081204891205,51.28
9.064486742019653,51.29
9.066024169325829,51.29
9.067355562001467,51.29
9.069016803056002,51.28
9.070477068424225,51.29
9.07178009301424,51.3
9.073487661778927,51.3
9.074925433844328,51.29
9.076246365904808,51.29
9.077951289713383,51.29
9.079369582235813,51.29
9.080914217978716,51.29
9.082351870834827,51.29
9.08379515260458,51.29
9.08537382632494,51.29
9.086792565882206,51.28
9.088329318910837,51.29
9.089740205556154,51.29
9.091301441192627,51.29
9.092843551188707,51.29
9.094295866787434,51.29
9.095781467854977,51.29
9.09729340672493,51.29
9.098624974489212,51.29
9.100238803774118,51.29
9.101623348891735,51.29
9.103150453418493,51.29
9.10457842797041,51.29
9.106211453676224,51.29
9.107686929404736,51.29
9.109185297042131,51.29
9.110476393252611,51.29
9.112145315855742,51.28
9.113487735390663,51.29
9.115144573152065,51.29
9.116621635854244,51.29
9.117920033633709,51.29
9.119589611887932,51.29
9.12110248208046,51.29
9.122574467211962,51.29
9.124076668173075,51.3
9.125504408031702,51.29
9.127043548971415,51.29
9.128540385514498,51.29
9.129999302327633,51.29
9.131504565477371,51.3
9.132923189550638,51.3
9.13444884121418,51.3
9.135867580771446,51.3
9.137431938201189,51.3
9.138839520514011,51.29
9.140433806926012,51.29
9.141853488981724,51.29
9.143332533538342,51.3
9.144901219755411,51.3
9.14625171944499,51.3
9.147805392742157,51.29
9.14936800673604,51.29
9.150654286146164,51.29
9.152314510196447,51.3
9.153839591890574,51.3
9.155275955796242,51.31
9.156769052147865,51.28
9.158278685063124,51.27
9.159597709774971,51.28
9.161271780729294,51.28
9.162543393671513,51.29
9.164202958345413,51.29
9.165710791945457,51.28
9.16720174625516,51.28
9.16863514482975,51.28
9.170185089111328,51.29
9.171611793339252,51.28
9.173160590231419,51.28
9.174654755741358,51.29
9.176061544567347,51.29
9.17760655283928,51.29
9.179133247584105,51.28
9.180557806044817,51.29
9.1819665171206,51.29
9.183568198233843,51.29
9.185057926923037,51.29
9.18648224323988,51.28
9.187983274459839,51.28
9.189456406980753,51.28
9.190871737897396,51.28
9.19251337647438,51.28
9.194009006023407,51.28
9.195474334061146,51.29
9.196897074580193,51.28
9.198454070836306,51.29
9.199823882430792,51.29
9.20132339373231,51.28
9.202923946082592,51.29
9.20418819412589,51.29
9.205876633524895,51.29
9.207397606223822,51.29
9.208868574351072,51.29
9.210359007120132,51.28
9.211851961910725,51.28
9.213327378034592,51.28
9.214826263487339,51.29
9.21626428887248,51.29
9.217781580984592,51.3
9.219184949994087,51.3
9.220659516751766,51.3
9.222218696027994,51.3
9.223644573241472,51.3
9.225227255374193,51.3
9.226588133722544,51.29
9.228175893425941,51.3
9.229575753211975,51.3
9.231110617518425,51.3
9.232580825686455,51.29
9.234162379056215,51.3
9.235497560352087,51.29
9.237144902348518,51.3
9.238437347114086,51.29
9.24010231718421,51.29
9.24146457016468,51.3
9.243082541972399,51.29
9.24435829371214,51.29
9.246065899729729,51.29
9.247537840157747,51.3
9.24883707612753,51.3
9.250521287322044,51.3
9.2520060390234,51.29
9.253281965851784,51.29
9.25496256724,51.3
9.256442457437515,51.3
9.257885299623013,51.3
9.25944497436285,51.3
9.260853204876184,51.3
9.26241846010089,51.3
9.263840071856976,51.3
9.265406787395477,51.3
9.266804326325655,51.29
9.268380496650934,51.29
9.269781183451414,51.29
9.27130787447095,51.29
9.272709649056196,51.3
9.274331297725439,51.3
9.275661293417215,51.29
9.277163106948137,51.29
9.278805129230022,51.29
9.280281372368336,51.29
9.281606391072273,51.29
9.283126823604107,51.3
9.284704774618149,51.3
9.286063838750124,51.3
9.287605784833431,51.3
9.289076466113329,51.3
9.290493231266737,51.3
9.291994169354439,51.3
9.293662216514349,51.3
9.294964730739594,51.3
9.296587627381086,51.3
9.298129595816135,51.29
9.299635712057352,51.3
9.30105872452259,51.3
9.302588537335396,51.29
9.303989514708519,51.3
9.30541106685996,51.3
9.306961748749018,51.29
9.308466527611017,51.3
9.310034725815058,51.3
9.311476334929466,51.3
9.31296518072486,51.3
9.314374301582575,51.3
9.315944213420153,51.3
9.317469168454409,51.3
9.318816889077425,51.3
9.320370972156525,51.3
9.321784675121307,51.3
9.323363978415728,51.3
9.32486205548048,51.3
9.326207607984543,51.3
9.32770386338234,51.3
9.329365983605385,51.3
9.330712664872408,51.29
9.332336392253637,51.29
9.333629924803972,51.29
9.335319843143225,51.29
9.336806364357471,51.3
9.338300634175539,51.3
9.339768912643194,51.3
9.341043312102556,51.3
9.342772722244263,51.3
9.344243757426739,51.3
9.345696035772562,51.3
9.347222335636616,51.29
9.348655927926302,51.3
9.350216157734394,51.3
9.351592380553484,51.29
9.353169705718756,51.29
9.354593072086573,51.3
9.356065470725298,51.29
9.357546985149384,51.29
9.359019719064236,51.29
9.3605628721416,51.3
9.361999284476042,51.3
9.363491773605347,51.29
9.3649259544909,51.3
9.366576205939054,51.3
9.367923304438591,51.3
9.369476713240147,51.29
9.370878480374813,51.29
9.372508715838194,51.29
9.373879075050354,51.3
9.375488989055157,51.3
9.376824669539928,51.3
9.378460388630629,51.31
9.379927039146423,51.3
9.381223604083061,51.29
9.382890343666077,51.29
9.384445577859879,51.29
9.385863970965147,51.29
9.387382511049509,51.29
9.388645619153976,51.3
9.390361037105322,51.3
9.391852155327797,51.3
9.393281310796738,51.3
9.394844572991133,51.3
9.396308723837137,51.3
9.397736463695765,51.3
9.399292726069689,51.29
9.40067757666111,51.29
9.402138415724039,51.3
9.403712298721075,51.3
9.405261278152466,51.3
9.406599152833223,51.3
9.408064026385546,51.29
9.409706991165876,51.29
9.411211252212524,51.29
9.412696246057749,51.29
9.414035301655531,51.29
9.415675431489944,51.29
9.416950039565563,51.29
9.418631613254547,51.3
9.42010148242116,51.3
9.421596873551607,51.3
9.423098310828209,51.3
9.424584813416004,51.29
9.425860151648521,51.29
9.427520897239447,51.3
9.429065637290478,51.3
9.43048145249486,51.3
9.43195865675807,51.29
9.433485016226768,51.31
9.43494189530611,51.31
9.4365050829947,51.3
9.437967091798782,51.3
9.43948007747531,51.3
9.440874021500349,51.3
9.442439183592796,51.29
9.443935871124268,51.29
9.445411544293165,51.28
9.446899436414242,51.29
9.448390912264585,51.29
9.449873019009829,51.29
9.451356217265129,51.29
9.452869538217783,51.29
9.454299941658974,51.29
9.455688152462244,51.3
9.457320254296064,51.3
9.45880165323615,51.3
9.46014954149723,51.28
9.46166355907917,51.28
9.463066548109055,51.28
9.464754093438387,51.3
9.466244153678417,51.3
9.46772150695324,51.3
9.46901524439454,51.31
9.470521613955498,51.3
9.472180902957916,51.3
9.473691273480654,51.3
9.475160218775272,51.29
9.476649422198534,51.29
9.478137161582708,51.3
9.479640159755945,51.3
9.48104291036725,51.3
9.482481732964516,51.29
9.484075080603361,51.29
9.48536054044962,51.29
9.48698564618826,51.29
9.488549001514912,51.29
9.490044500678778,51.29
9.491434816271067,51.29
9.493034798651934,51.29
9.494385901838541,51.28
9.495852749794722,51.28
9.497411023825407,51.28
9.49884182959795,51.28
9.500385943800211,51.28
9.501950945705175,51.28
9.503454983234406,51.28
9.504934083670378,51.27
9.50640070438385,51.27
9.50788639858365,51.27
9.509193792939186,51.27
9.510866474360228,51.28
9.512140721082687,51.28
9.513851083815098,51.29
9.515119325369596,51.28
9.516771089285612,51.27
9.518327619880438,51.27
9.519769337028265,51.28
9.521206717938185,51.28
9.522766638547182,51.29
9.524269193410873,51.29
9.525697357952595,51.29
9.527231592684984,51.28
9.528664164245129,51.28
9.530197493731976,51.29
9.531680509448051,51.28
9.533193171024323,51.28
9.534677986055613,51.28
9.536042012274265,51.28
9.537649732083082,51.27
9.538988720625639,51.25
9.54062258079648,51.25
9.542116411030293,51.26
9.543514609336853,51.28
9.545036435127258,51.28
9.54657630622387,51.29
9.547895897179842,51.29
9.54954744502902,51.31
9.55087760835886,51.32
9.552363499999046,51.32
9.553833041340113,51.32
9.555469896644354,51.31
9.55678590014577,51.31
9.558452393859625,51.31
9.559962771832943,51.3
9.56146602332592,51.3
9.562911123037338,51.3
9.56438758969307,51.29
9.565932426601648,51.29
9.567370440810919,51.29
9.56880747526884,51.3
9.5703887604177,51.3
9.571797415614128,51.3
9.573334902524948,51.3
9.57477305084467,51.3
9.576335866004229,51.3
9.577727749943733,51.29
9.579265724867582,51.29
9.580716855823994,51.29
9.582288045436144,51.3
9.583643201738596,51.31
9.58526886627078,51.3
9.586755342781544,51.3
9.588156912475824,51.31
9.589730311185122,51.3
9.591209027916193,51.29
9.59251607581973,51.3
9.5941814891994,51.3
9.595478683710098,51.29
9.596953552216291,51.3
9.598635662347078,51.3
9.60013186186552,51.3
9.601606223732233,51.29
9.603113401681185,51.29
9.604563664644957,51.29
9.605870261788368,51.29
9.607573810964823,51.3
9.608994498848915,51.3
9.610558968037367,51.31
9.61196530237794,51.3
9.613515973091125,51.29
9.6150136962533,51.3
9.616507362574339,51.29
9.61798196285963,51.28
9.619470052421093,51.26
9.620958395302296,51.27
9.622347086668015,51.26
9.623861886560917,51.27
9.625314977020025,51.28
9.626899275928736,51.28
9.62825707346201,51.28
9.629761882126331,51.29
9.631341356784105,51.29
9.63269679248333,51.28
9.634372271597385,51.28
9.635841261595488,51.28
9.637144111096859,51.27
9.638681650161743,51.27
9.640301428735256,51.28
9.64176556840539,51.27
9.643248610198498,51.28
9.64475105330348,51.27
9.646235272288322,51.28
9.647527892142534,51.28
9.649036690592766,51.29
9.65071813389659,51.29
9.652224283665419,51.29
9.653481509536505,51.3
9.655107356607914,51.29
9.656610675156116,51.29
9.658155422657728,51.29
9.659573912620544,51.31
9.661108165979385,51.31
9.662617180496454,51.31
9.66410569101572,51.3
9.66558638215065,51.3
9.667086455971003,51.29
9.668560303747654,51.28
9.669937193393707,51.29
9.671549897640944,51.3
9.672884821891785,51.31
9.674392595887184,51.31
9.675934724509716,51.31
9.677496783435345,51.32
9.678988102823496,51.33
9.680392652750015,51.33
9.68195079267025,51.33
9.683281555771828,51.33
9.684926930814981,51.33
9.686252068728209,51.33
9.687911216169596,51.34
9.689215168356895,51.35
9.690875101834536,51.34
9.69233526289463,51.34
9.693670429289341,51.34
9.695342559367418,51.33
9.696818877011538,51.32
9.698260858654976,51.31
9.699809156358242,51.3
9.70129407942295,51.3
9.702808022499084,51.31
9.704183727502823,51.3
9.705745235085487,51.3
9.707149643450975,51.3
9.708714161068201,51.3
9.710229769349098,51.3
9.711713559925556,51.31
9.713202219456434,51.31
9.714552745223045,51.3
9.71614957973361,51.29
9.717519488185644,51.3
9.71916351467371,51.3
9.720644999295473,51.3
9.722139537334442,51.29
9.723588585853577,51.29
9.725103206932545,51.29
9.726594012230635,51.28
9.728081174194813,51.29
9.729366149753332,51.29
9.73104702308774,51.28
9.73252458870411,51.28
9.734026610851288,51.29
9.73552105203271,51.3
9.73700562492013,51.28
9.738451804965734,51.28
9.739935331046581,51.29
9.741447299718857,51.3
9.742916114628315,51.3
9.744384542107582,51.3
9.745844308286905,51.3
9.74735888838768,51.3
9.748863779008389,51.3
9.750403869897127,51.29
9.751808974891901,51.29
9.753313671797514,51.3
9.754759155213833,51.31
9.756299130618572,51.31
9.757746420800686,51.3
9.759322747588158,51.3
9.760668933391571,51.3
9.762221779674292,51.3
9.763786379247904,51.3
9.765246093273163,51.29
9.766764678061008,51.29
9.768249243497849,51.29
9.769729148596525,51.29
9.771219085901976,51.29
9.77251387014985,51.3
9.774186350405216,51.3
9.775688450783491,51.29
9.77698227390647,51.3
9.778664540499449,51.3
9.78013738244772,51.3
9.781632732599974,51.3
9.783066712319851,51.29
9.784572750329971,51.3
9.786052096635103,51.3
9.787580464035273,51.29
9.789005290716887,51.29
9.790506802499294,51.3
9.792054302990437,51.3
9.793546788394451,51.3
9.795011162757874,51.29
9.796453338116407,51.29
9.797910455614328,51.29
9.799494240432978,51.3
9.800983611494303,51.3
9.802324831485748,51.29
9.80392935872078,51.3
9.805446188896894,51.3
9.806774906814098,51.3
9.80833400413394,51.3
9.80976913869381,51.3
9.8113072514534,51.3
9.812714092433453,51.3
9.814369279891253,51.3
9.815840616822243,51.31
9.817344605922699,51.3
9.818679727613926,51.3
9.820309177041054,51.3
9.821805477142334,51.3
9.823257971554995,51.29
9.824756931513548,51.29
9.826253939419985,51.3
9.827754769474268,51.3
9.829251296818256,51.3
9.830691289156675,51.3
9.832203425467014,51.3
9.833706118166447,51.3
9.835130847990513,51.29
9.8366724178195,51.28
9.838099259883165,51.28
9.839649625122547,51.3
9.841054502874613,51.3
9.842641849070787,51.3
9.84405031055212,51.3
9.845616597682238,51.3
9.846983142197132,51.3
9.848468039184809,51.29
9.850065808743238,51.29
9.851545490324497,51.3
9.85304842889309,51.3
9.854515943676233,51.3
9.855909962207079,51.31
9.857486464083195,51.3
9.858924351632595,51.3
9.86047288030386,51.3
9.861980509012938,51.3
9.863461080938578,51.3
9.864750880748034,51.3
9.866432506591082,51.29
9.867728628218174,51.3
9.869392562657595,51.31
9.870661564171314,51.31
9.87237824127078,51.31
9.873858664184809,51.31
9.875335846096277,51.31
9.876865349709988,51.31
9.878340378403664,51.31
9.879814952611923,51.31
9.88130984455347,51.31
9.882801786065102,51.3
9.884283803403378,51.3
9.885777615010738,51.3
9.887166790664196,51.3
9.88868908956647,51.29
9.890139162540436,51.3
9.89172699674964,51.3
9.893114551901817,51.3
9.89455971121788,51.31
9.896057426929474,51.31
9.897669930011034,51.3
9.89917004108429,51.3
9.90064449608326,51.31
9.902142647653818,51.32
9.903438813984394,51.3
9.905102640390396,51.29
9.906605567783117,51.3
9.90806395933032,51.29
9.909562312066555,51.28
9.911044109612703,51.28
9.912330538034439,51.29
9.914192575961351,51.29
9.915528945624828,51.29
9.917022231966257,51.29
9.918497085571289,51.28
9.919981993734837,51.29
9.921404011547565,51.29
9.922966692596674,51.28
9.924375161528587,51.29
9.92586088553071,51.29
9.927427906543016,51.29
9.928912747651339,51.28
9.930400025099516,51.29
9.931883960962296,51.28
9.933281619101763,51.28
9.934871081262827,51.29
9.936304535716772,51.28
9.937868475914001,51.29
9.939323086291552,51.29
9.94082822650671,51.3
9.942317616194487,51.3
9.943763881921768,51.3
9.94528066366911,51.3
9.946713525801897,51.31
9.948264267295599,51.3
9.949743323028088,51.31
9.951236251741648,51.31
9.952709592878819,51.3
9.95420390740037,51.3
9.95568998157978,51.3
9.95718301832676,51.29
9.958670932799578,51.29
9.960170034319162,51.29
9.961645226925611,51.29
9.963103335350752,51.29
9.964623644948006,51.29
9.966059908270836,51.29
9.967529010027647,51.29
9.969084959477186,51.3
9.970578830689192,51.3
9.971980262547731,51.3
9.97354694828391,51.3
9.975036349147558,51.3
9.976437583565712,51.31
9.977935798466206,51.33
9.979392424225807,51.34
9.980939995497465,51.33
9.982381083071232,51.32
9.98383904993534,51.31
9.985447842627764,51.3
9.986804772168398,51.3
9.988419566303492,51.31
9.989917822182178,51.32
9.991400986909866,51.31
9.992879524827003,51.31
9.994378734380007,51.32
9.995681531727314,51.31
9.997360657900572,51.32
9.998786602169275,51.32
10.000328432768583,51.32
10.001806013286114,51.32
10.003103718161583,51.31
10.004772443324327,51.32
10.006255019456148,51.32
10.007762391120195,51.31
10.009258393198252,51.31
10.010750070214272,51.32
10.012135852128267,51.31
10.013709932565689,51.31
10.01512173563242,51.3
10.01669155061245,51.3
10.018074065446854,51.29
10.019635930657387,51.3
10.021067779511213,51.3
10.022536303848028,51.3
10.024132888764143,51.31
10.025632955133915,51.3
10.027117472141981,51.31
10.02859104052186,51.31
10.029938630759716,51.31
10.031586892902851,51.31
10.033067625015974,51.31
10.034553363919258,51.31
10.036028899252415,51.31
10.037530813366175,51.3
10.039015889167786,51.31
10.040487371385098,51.31
10.04197908565402,51.31
10.043458890169859,51.31
10.044957492500544,51.31
10.046249222010374,51.31
10.047930244356394,51.31
10.049416329711676,51.31
10.050931107252836,51.31
10.052400451153517,51.3
10.05388929694891,51.31
10.055330205708742,51.31
10.056849520653486,51.31
10.058283437043428,51.31
10.05983091890812,51.31
10.06131498888135,51.3
10.062808860093355,51.31
10.064308770000935,51.31
10.065737627446651,51.31
10.067277073860168,51.32
10.068664029240608,51.32
10.070195309817791,51.31
10.071742381900549,51.31
10.07322995364666,51.31
10.07471001893282,51.31
10.076218791306019,51.31
10.077702231705189,51.31
10.079188324511051,51.31
10.08066001534462,51.31
10.082153242081404,51.31
10.083640914410353,51.31
10.085128713399172,51.31
10.08661213889718,51.31
10.087889354676008,51.31
10.08959673717618,51.31
10.091029420495033,51.31
10.09255301952362,51.31
10.094039384275675,51.3
10.095518354326487,51.31
10.097021330147982,51.31
10.098457802087069,51.31
10.10000530257821,51.31
10.10140035301447,51.3
10.102976277470589,51.31
10.10445973277092,51.31
10.105924870818853,51.31
10.107374548912048,51.31
10.108897782862186,51.31
10.110295098274946,51.31
10.111873712390661,51.31
10.113292183727026,51.32
10.114875067025423,51.31
10.116359256207943,51.32
10.117737397551537,51.32
10.119192089885473,51.31
10.120783418416977,51.31
10.122215777635574,51.31
10.12381061911583,51.31
10.125289473682642,51.31
10.126624811440706,51.31
10.128273073583841,51.31
10.129761271178722,51.31
10.131232492625713,51.3
10.132728386670351,51.31
10.134210236370564,51.31
10.135701302438974,51.31
10.13720739632845,51.31
10.138676565140486,51.31
10.1401760391891,51.31
10.141620896756649,51.31
10.143077690154314,51.31
10.144561488181353,51.3
10.146128319203854,51.3
10.147604681551456,51.3
10.149091064929962,51.3
10.150590240955353,51.3
10.152047473937273,51.3
10.153573147952557,51.31
10.154965974390507,51.31
10.15655467286706,51.32
10.1580253764987,51.3
10.159404747188091,51.3
10.160951565951109,51.3
10.16249318793416,51.3
10.163915075361729,51.31
10.165476474910975,51.29
10.166810523718596,51.3
10.168437231332064,51.3
10.169926658272743,51.31
10.171405885368586,51.31
10.172892101109028,51.31
10.17438080534339,51.32
10.175872962921858,51.3
10.17733447253704,51.31
10.178644258528948,51.3
10.180339854210615,51.31
10.181819390505552,51.3
10.18331829085946,51.3
10.184764102101326,51.3
10.18631049990654,51.3
10.18770594149828,51.3
10.189266953617334,51.29
10.19068107008934,51.3
10.192204736173153,51.3
10.19366955012083,51.3
10.195140976458788,51.31
10.196622923016548,51.3
10.198101330548525,51.31
10.199614930897951,51.31
10.20116464048624,51.3
10.202591013163328,51.3
10.204160317778587,51.31
10.205626480281353,51.32
10.207048084586859,51.32
10.208455748856068,51.33
10.210107531398535,51.34
10.211596716195345,51.33
10.213082578033209,51.32
10.214567739516497,51.31
10.21605584025383,51.31
10.217527896165848,51.31
10.219014018774033,51.31
10.22049755975604,51.32
10.221990626305342,51.31
10.223479151725769,51.31
10.224927518516779,51.31
10.22624945640564,51.31
10.227897562086582,51.31
10.22943851351738,51.31
10.230872347950935,51.31
10.23240352421999,51.32
10.233902364969254,51.31
10.235384494066238,51.31
10.236887115985155,51.32
10.238366574048996,51.32
10.239823341369629,51.31
10.241304654628038,51.32
10.242816545069218,51.32
10.244218289852142,51.32
10.245677046477795,51.32
10.24728588014841,51.32
10.248781193047762,51.32
10.250269021838903,51.32
10.251752808690071,51.31
10.253229063004255,51.32
10.254572853446007,51.31
10.256225634366274,51.31
10.257704421877861,51.32
10.259025115519762,51.32
10.26067365333438,51.32
10.261961232870817,51.31
10.263663981109858,51.31
10.265144117176533,51.32
10.266615007072687,51.32
10.268094543367624,51.32
10.269592344760895,51.32
10.27108683437109,51.33
10.272540751844645,51.34
10.274041771888733,51.35
10.275517787784338,51.35
10.276972964406013,51.34
10.278541818261147,51.34
10.279972031712532,51.34
10.281518843024969,51.33
10.282918952405453,51.32
10.284437660127878,51.32
10.285981886088848,51.31
10.287362959235907,51.31
10.288953442126513,51.31
10.290322612971067,51.31
10.291930265724659,51.31
10.293301079422235,51.31
10.2948934212327,51.3
10.296254485845566,51.3
10.297786593437195,51.3
10.29933701083064,51.3
10.300759382545948,51.31
10.302214410156012,51.31
10.30381989851594,51.32
10.305300686508417,51.31
10.306787203997374,51.3
10.308281127363443,51.31
10.30976153165102,51.31
10.311262991279364,51.32
10.312740109860897,51.34
10.314179092645645,51.34
10.31571128219366,51.34
10.317216344177723,51.35
10.318695228546858,51.35
10.320194475352764,51.34
10.321668729186058,51.34
10.323149237781763,51.34
10.324644226580858,51.34
10.326144181191921,51.34
10.327632706612349,51.34
10.329109854996204,51.34
10.330594643950462,51.34
10.332093462347984,51.34
10.333580493927002,51.34
10.335056256502867,51.34
10.336538843810558,51.35
10.338024266064167,51.34
10.339513454586267,51.34
10.341002650558949,51.35
10.342501651495695,51.34
10.343968488276005,51.34
10.345476429909468,51.34
10.346788622438908,51.34
10.348452188074589,51.34
10.349928379058838,51.34
10.351420976221561,51.34
10.35288468748331,51.34
10.354213513433933,51.35
10.355900503695011,51.34
10.357159581035376,51.33
10.358858469873667,51.34
10.36034519970417,51.34
10.361828602850437,51.34
10.36332367733121,51.34
10.364807695150375,51.35
10.36628844216466,51.34
10.3677279651165,51.34
10.369282234460115,51.34
10.37076911330223,51.34
10.372245348989964,51.34
10.373736128211021,51.34
10.37510772049427,51.34
10.376677829772234,51.34
10.378202818334103,51.34
10.379564072936773,51.34
10.381068244576454,51.34
10.382619768381119,51.35
10.384154010564089,51.36
10.385646592825651,51.34
10.386994782835245,51.35
10.388604622334242,51.36
10.390116769820452,51.35
10.39148474112153,51.35
10.393096845597029,51.34
10.394568085670471,51.33
10.396053276956081,51.33
10.397535160183907,51.33
10.398857869207859,51.34
10.400508012622595,51.35
10.401804465800524,51.36
10.403289467096329,51.36
10.404924597591162,51.36
10.406335551291704,51.35
10.407738093286753,51.35
10.409455217421055,51.34
10.410883586853743,51.33
10.412420213222504,51.32
10.413852538913488,51.32
10.415375083684921,51.32
10.416812647134066,51.31
10.418346602469683,51.31
10.419772002846003,51.3
10.421308815479279,51.3
10.42283484712243,51.31
10.424318697303534,51.31
10.425793092697859,51.31
10.427295222878456,51.3
10.428638942539692,51.3
10.430201064795256,51.31
10.431619845330715,51.3
10.433165777474642,51.3
10.434572961181402,51.31
10.436236426234245,51.3
10.437536299228668,51.3
10.439149048179388,51.3
10.44067919626832,51.31
10.442143123596907,51.31
10.443661071360111,51.31
10.444922164082527,51.31
10.446640085428953,51.3
10.448126543313265,51.31
10.449613142758608,51.31
10.451097927987576,51.3
10.45258941873908,51.3
10.45406724885106,51.31
10.455563560128212,51.31
10.45705508440733,51.31
10.458550818264484,51.31
10.460018794983625,51.31
10.461428944021463,51.3
10.462999239563942,51.3
10.464483920484781,51.31
10.465978477150202,51.31
10.467451702803373,51.31
10.46894707903266,51.31
10.470437735319138,51.31
10.471943140029907,51.3
10.4733263887465,51.3
10.474837072193623,51.3
10.476262643933296,51.3
10.477871388196945,51.31
10.479366723448038,51.31
10.480849225074053,51.31
10.482341952621937,51.31
10.483824625611305,51.31
10.485306937247515,51.31
10.486793790012598,51.31
10.488286923617125,51.3
10.489769849926233,51.31
10.491271004080772,51.31
10.492755148559809,51.31
10.494198631495237,51.31
10.495742820203304,51.32
10.49714507162571,51.32
10.49866158515215,51.31
10.500186372548342,51.31
10.501687303185463,51.32
10.503161046653986,51.32
10.504622492939234,51.32
10.506143908947706,51.31
10.507549088448286,51.31
10.50904754921794,51.32
10.510580375790596,51.32
10.512095283716917,51.32
10.513529483228922,51.32
10.515082105994225,51.31
10.516560655087233,51.32
10.518062550574541,51.32
10.519388899207115,51.32
10.521037809550762,51.32
10.522514000535011,51.32
10.524014119058847,51.32
10.525493130087852,51.31
10.526798330247402,51.33
10.528461545705795,51.33
10.529779210686684,51.32
10.53142324462533,51.32
10.532888922840357,51.33
10.534279339015484,51.33
10.53588880226016,51.32
10.537182815372944,51.33
10.538832306861877,51.32
10.54014415666461,51.34
10.54181807488203,51.35
10.543269045650959,51.32
10.544838104397058,51.34
10.546233803033829,51.35
10.547813273966312,51.35
10.549245350062847,51.35
10.550788145512342,51.34
10.55218257009983,51.33
10.553716070950031,51.32
10.555130805820227,51.35
10.556726649403572,51.34
10.558231823146343,51.34
10.559585981070995,51.33
10.561070043593645,51.33
10.562642637640238,51.34
10.564114831387997,51.34
10.565665237605572,51.34
10.567154981195927,51.34
10.56863397359848,51.34
10.570118382573128,51.33
10.571451090276241,51.34
10.572890970855951,51.34
10.574372187256813,51.34
10.576068110764027,51.34
10.57753186300397,51.34
10.578836999833584,51.34
10.580486502498388,51.34
10.582027647644281,51.33
10.583526585251093,51.33
10.584980975836515,51.33
10.586492847651243,51.34
10.587926708161831,51.34
10.58946007490158,51.34
10.590865161269903,51.33
10.592420358210802,51.33
10.593916438519955,51.33
10.595340568572283,51.34
10.5967814065516,51.34
10.598352152854204,51.34
10.59977700188756,51.34
10.601300723850727,51.34
10.602729447185993,51.33
10.604270588606596,51.34
10.605818793177605,51.34
10.60718110203743,51.34
10.60875279828906,51.33
10.610145378857851,51.34
10.611739698797464,51.34
10.61326777935028,51.33
10.614574387669563,51.33
10.616237211972475,51.34
10.617712888866663,51.34
10.619218338280916,51.34
10.620518270879984,51.34
10.62218464910984,51.34
10.623463910073042,51.34
10.625038892030716,51.34
10.626632906496525,51.33
10.627928894013166,51.34
10.629588983953,51.34
10.631086003035307,51.34
10.632592160254717,51.34
10.63401398062706,51.33
10.635583493858576,51.33
10.636986918747425,51.34
10.63852597400546,51.33
10.639959812164307,51.33
10.641500379890203,51.34
10.642923269420862,51.34
10.644500743597746,51.33
10.645913295447826,51.34
10.647454731166363,51.34
10.648973751813173,51.33
10.650343127548695,51.34
10.651940122246742,51.34
10.653397887945175,51.34
10.654907058924437,51.34
10.656314998865128,51.34
10.65788059681654,51.34
10.659308068454266,51.34
10.660785913467407,51.33
10.66234777867794,51.34
10.66379239037633,51.34
10.665321961045265,51.34
10.66673008352518,51.33
10.668104812502861,51.33
10.669779174029827,51.34
10.671298950910568,51.33
10.67270128801465,51.33
10.674267087131739,51.33
10.675709318369627,51.33
10.67725095897913,51.34
10.678663216531277,51.33
10.68020236864686,51.33
10.681630976498127,51.34
10.683110974729061,51.32
10.684647053480148,51.34
10.686156839132309,51.33
10.687650624662638,51.34
10.689140476286411,51.35
10.690522391349077,51.34
10.692100588232279,51.34
10.6936093904078,51.34
10.694932773709297,51.33
10.696511432528496,51.34
10.697915978729725,51.34
10.699385304003954,51.34
10.701036881655455,51.34
10.702510572969913,51.34
10.703850250691175,51.33
10.70550363138318,51.34
10.70679733529687,51.33
10.70843992009759,51.33
10.709795013070107,51.32
10.711274586617947,51.33
10.712928641587496,51.34
10.714373156428337,51.34
10.715899001806974,51.34
10.717415411025286,51.34
10.71889292448759,51.33
10.720368664711714,51.33
10.721876565366983,51.34
10.723302911967039,51.33
10.724757988005877,51.33
10.726210169494152,51.32
10.727735549211502,51.33
10.72921996563673,51.33
10.73075844720006,51.32
10.732271760702133,51.33
10.733629167079926,51.33
10.735209796577692,51.33
10.73671717569232,51.34
10.738152250647545,51.33
10.739715356379747,51.32
10.74120270460844,51.33
10.742693651467562,51.32
10.744058467447758,51.33
10.745682835578918,51.34
10.746978592127562,51.33
10.748638827353716,51.33
10.74993285536766,51.32
10.751513663679361,51.33
10.752901401370764,51.33
10.754583053290844,51.33
10.756059717386961,51.33
10.7573675327003,51.33
10.759042285382748,51.32
10.760317403823137,51.33
10.761979427188635,51.33
10.763463247567415,51.33
10.76501527056098,51.34
10.766494765877724,51.33
10.767938241362572,51.33
10.769470352679491,51.33
10.770887568593025,51.32
10.772356450557709,51.33
10.773948509246111,51.33
10.775300964713097,51.32
10.776807375252247,51.32
10.778343968093395,51.33
10.779755875468254,51.33
10.78125587105751,51.33
10.78280908241868,51.33
10.784225303679705,51.33
10.785753291100264,51.34
10.787154987454414,51.33
10.788804098963737,51.33
10.790150605142117,51.33
10.791631702333689,51.33
10.793276838958263,51.33
10.794579524546862,51.33
10.796244468539953,51.33
10.797549474984407,51.33
10.799211293458939,51.33
10.800707682967186,51.33
10.802195198833942,51.33
10.803488425910473,51.34
10.805124916136265,51.33
10.806439850479364,51.33
10.807924170047045,51.33
10.809631023555994,51.33
10.811123874038458,51.34
10.812615524977446,51.33
10.81401588395238,51.32
10.815576210618019,51.33
10.817072290927172,51.33
10.818460304290056,51.33
10.820039831101894,51.33
10.821443788707256,51.34
10.82288909330964,51.33
10.824467770755291,51.33
10.825943559408188,51.33
10.827373757958412,51.33
10.828908704221249,51.33
10.830330330878496,51.33
10.831956684589386,51.33
10.833303060382605,51.33
10.834771428257227,51.33
10.83640968799591,51.33
10.837812572717667,51.33
10.839273039251566,51.33
10.84071584790945,51.33
10.842373713850975,51.33
10.843840546905994,51.33
10.845195021480322,51.33
10.8467867821455,51.33
10.848331928253174,51.33
10.849771048873663,51.33
10.851175766438246,51.33
10.852783892303705,51.33
10.854237049818039,51.33
10.855762377381325,51.34
10.857253193855286,51.34
10.858560983091593,51.33
10.86015322431922,51.33
10.86164977028966,51.33
10.863176427781582,51.33
10.86463100463152,51.33
10.866075839847326,51.34
10.867621436715126,51.34
10.869064178317785,51.33
10.870621785521507,51.33
10.871999133378267,51.33
10.873606689274311,51.33
10.874943565577269,51.33
10.876558236777782,51.33
10.87807434052229,51.33
10.879566676914692,51.33
10.880890879780054,51.33
10.882537294179201,51.33
10.883864805102348,51.33
10.885423935949802,51.33
10.88698697090149,51.33
10.88849214836955,51.33
10.889813739806414,51.33
10.891448628157377,51.33
10.892922148108482,51.33
10.894414216279984,51.33
10.895941752940416,51.33
10.897356513887644,51.33
10.89890656247735,51.33
10.900404013693333,51.33
10.901867404580116,51.33
10.903290200978518,51.33
10.904806397855282,51.33
10.906270246952772,51.33
10.907725363969803,51.32
10.90928489714861,51.33
10.910734303295612,51.33
10.912274669855833,51.33
10.913783524185419,51.33
10.91513229906559,51.33
10.91666154935956,51.33
10.918229904025793,51.33
10.919627156108618,51.33
10.921203535050154,51.33
10.922597300261259,51.33
10.924105647951365,51.34
10.925678629428148,51.33
10.927156440913677,51.33
10.92863541841507,51.33
10.93013260141015,51.33
10.931413512676954,51.33
10.933102808892727,51.33
10.93439582362771,51.33
10.936092898249626,51.33
10.937341917306185,51.33
10.939004175364971,51.33
10.940548062324524,51.33
10.942018873989582,51.33
10.943531915545464,51.33
10.94494103640318,51.33
10.946492224931717,51.33
10.947902426123619,51.33
10.949463628232479,51.33
10.950960166752338,51.32
10.95244862511754,51.33
10.953829381614923,51.33
10.9551947042346,51.33
10.956792753189802,51.33
10.958409674465656,51.34
10.959753561764956,51.33
10.961374793201685,51.33
10.962765764445066,51.33
10.964328426867723,51.33
10.965676870197058,51.33
10.967201303690672,51.33
10.968729056417942,51.33
10.97032043337822,51.33
10.971804145723581,51.33
10.973079282790422,51.33
10.974749367684126,51.34
10.97622761130333,51.36
10.977551467716694,51.38
10.979249373078346,51.31
10.980504274368286,51.31
10.982207268476486,51.36
10.983682002872229,51.35
10.985126864165068,51.35
10.986675515770912,51.36
10.988081209361553,51.34
10.98964636400342,51.34
10.991124097257853,51.34
10.99253999069333,51.35
10.994095604866743,51.34
10.995500728487968,51.34
10.997063502669334,51.34
10.998510532081127,51.34
11.000028595328331,51.35
11.001453179866076,51.34
11.002931047230959,51.34
11.004345443099737,51.34
11.006008729338646,51.34
11.007345955818892,51.35
11.008831907063723,51.34
11.01045884937048,51.35
11.011952120810747,51.35
11.013349711894989,51.35
11.014936573803425,51.34
11.01642319187522,51.34
11.017913956195116,51.34
11.019192330539227,51.34
11.020691502839327,51.35
11.022338934242725,51.35
11.02385002747178,51.34
11.025136061012745,51.35
11.026823844760656,51.35
11.028327379375696,51.35
11.029764994978905,51.35
11.031265407800674,51.35
11.032789912074804,51.35
11.034276995807886,51.34
11.035681910812855,51.34
11.037261225283146,51.35
11.038675401359797,51.34
11.040005628019571,51.34
11.041629321873188,51.34
11.0431925393641,51.35
11.044469688087702,51.34
11.04618015512824,51.34
11.047678396105766,51.34
11.049158796668053,51.34
11.050495505332947,51.34
11.052066955715418,51.34
11.053462635725737,51.34
11.0550183840096,51.34
11.056585222482681,51.34
11.057910311967134,51.34
11.059572905302048,51.34
11.06105138733983,51.34
11.062375515699387,51.35
11.064024906605482,51.34
11.06550819799304,51.34
11.066991847008467,51.35
11.068300396203995,51.35
11.069944642484188,51.35
11.071480117738247,51.35
11.072946399450302,51.35
11.074201636016369,51.35
11.075888324528933,51.35
11.07734527811408,51.35
11.078808311372995,51.35
11.08040076494217,51.35
11.081832356750965,51.35
11.083280347287655,51.34
11.084858685731888,51.34
11.086247809231281,51.34
11.087794054299593,51.35
11.089210480451584,51.35
11.090711817145348,51.35
11.092236738651991,51.35
11.093641057610512,51.35
11.095219142735004,51.34
11.096641592681408,51.35
11.098181072622538,51.35
11.09973206371069,51.35
11.101079814136028,51.34
11.102619417011738,51.35
11.104025088250637,51.35
11.10568431019783,51.35
11.107151437550783,51.35
11.10848991945386,51.35
11.109946675598621,51.34
11.11161171644926,51.35
11.112897336483002,51.35
11.114398423582315,51.34
11.11610260233283,51.35
11.117350280284882,51.35
11.11902118101716,51.35
11.120564926415682,51.35
11.121978897601366,51.35
11.1233636662364,51.34
11.125014834105968,51.34
11.126510482281446,51.35
11.127913936972618,51.35
11.129357933998108,51.35
11.13094911724329,51.34
11.132390286773443,51.35
11.133942153304815,51.35
11.13530757278204,51.36
11.136868871748447,51.35
11.138294257223606,51.35
11.139895476400852,51.35
11.141253504902124,51.36
11.142867807298899,51.35
11.144222557544708,51.35
11.14582284912467,51.35
11.147163413465023,51.35
11.148819040507078,51.35
11.150172866880894,51.35
11.151805326342583,51.35
11.153272707015276,51.35
11.15456411242485,51.35
11.15625025704503,51.35
11.15752537176013,51.35
11.159234821796417,51.35
11.160723853856325,51.35
11.162188351154327,51.35
11.163485493510962,51.35
11.1651697345078,51.35
11.16666828840971,51.35
11.168116554617882,51.35
11.16965900361538,51.35
11.171052858233452,51.35
11.172580234706402,51.35
11.174014419317245,51.35
11.175603464245796,51.36
11.177005860954523,51.35
11.178557489067316,51.35
11.17996896803379,51.35
11.18149771541357,51.35
11.18297166749835,51.35
11.18446658551693,51.36
11.18603327870369,51.35
11.187510371208191,51.35
11.188827704638243,51.35
11.190481595695019,51.34
11.191968202590942,51.35
11.193310920149088,51.35
11.19483233988285,51.35
11.196428313851357,51.34
11.197743475437164,51.35
11.199272893369198,51.36
11.200684107840061,51.35
11.202378116548061,51.35
11.203640948981047,51.35
11.205348066985607,51.35
11.206816483289003,51.35
11.208334647119045,51.35
11.209770396351814,51.36
11.211123529821634,51.36
11.212769150733948,51.35
11.214275166392326,51.35
11.215675637125969,51.35
11.217256646603346,51.35
11.218736033886671,51.35
11.220222000032663,51.35
11.221651796251535,51.36
11.223164282739162,51.35
11.2246732711792,51.35
11.226046398282051,51.36
11.227648705244064,51.35
11.229129068553448,51.35
11.230641152709723,51.35
11.232068590819836,51.35
11.233610723167658,51.35
11.234990525990725,51.35
11.236439414322376,51.35
11.238087806850672,51.36
11.239417422562838,51.36
11.24105765298009,51.36
11.24253761768341,51.37
11.244015287607908,51.35
11.245330478996038,51.35
11.24702201411128,51.36
11.248328857123852,51.36
11.249993398785591,51.36
11.251426223665476,51.37
11.252963442355394,51.37
11.254462331533432,51.36
11.255936615169048,51.36
11.257355701178312,51.36
11.258848614990711,51.36
11.260396681725979,51.35
11.261812273412943,51.36
11.263370539993048,51.36
11.264849748462439,51.37
11.26635691523552,51.36
11.267847266048193,51.36
11.269196342676878,51.36
11.2707580588758,51.36
11.272193275392056,51.35
11.273780036717653,51.36
11.275147542357445,51.36
11.276757691055536,51.36
11.278089065104723,51.36
11.27973124012351,51.36
11.281226251274347,51.36
11.28255595266819,51.35
11.284197378903627,51.35
11.285518687218428,51.37
11.28717464581132,51.35
11.288658373057842,51.36
11.29014052823186,51.36
11.291421581059694,51.36
11.29309781640768,51.36
11.294386446475983,51.36
11.296060480177402,51.36
11.29737851023674,51.37
11.29909137263894,51.36
11.300561584532261,51.36
11.302053362131119,51.36
11.303491476923227,51.37
11.305019710212946,51.36
11.306427914649248,51.36
11.307895492762327,51.35
11.309473812580109,51.36
11.310917139053345,51.36
11.312438327819109,51.37
11.313834387809038,51.37
11.315438762307167,51.36
11.316938906908035,51.37
11.318389229476452,51.37
11.31989237293601,51.37
11.321387719362974,51.36
11.322868768125772,51.37
11.324205942451954,51.37
11.32579655572772,51.37
11.32733903080225,51.37
11.328840289264917,51.36
11.330119837075472,51.36
11.331805437803268,51.36
11.333274316042662,51.36
11.33477221801877,51.36
11.336269915103912,51.37
11.337748751044273,51.36
11.33922964334488,51.36
11.34071484953165,51.36
11.34221637994051,51.37
11.343658290803432,51.36
11.345131907612085,51.37
11.346670020371675,51.37
11.348103173077106,51.37
11.349651847034693,51.37
11.351104814559221,51.37
11.352639004588127,51.37
11.354015976190567,51.36
11.355603486299515,51.36
11.357039153575897,51.37
11.358596034348011,51.37
11.36008919030428,51.37
11.361431948840618,51.37
11.36302025616169,51.37
11.364537358283997,51.36
11.366033226251602,51.36
11.367387138307095,51.37
11.36893630027771,51.37
11.37031526863575,51.37
11.371976990252733,51.37
11.37347923964262,51.36
11.374822735786438,51.37
11.376425575464964,51.37
11.377839021384716,51.37
11.379381649196148,51.37
11.380894262343645,51.36
11.382346462458372,51.36
11.38374138996005,51.37
11.385197393596172,51.37
11.38681911304593,51.36
11.388356111943722,51.36
11.389829467982054,51.36
11.391304641962051,51.37
11.392802901566029,51.36
11.394204445183277,51.36
11.395760290324688,51.36
11.397203639149666,51.36
11.398753944784403,51.36
11.400183398276567,51.36
11.401698626577854,51.37
11.403098285198212,51.37
11.40465522557497,51.36
11.406057227402925,51.36
11.407672435045242,51.36
11.409050576388836,51.37
11.410644315183163,51.37
11.412054922431707,51.37
11.413490526378155,51.36
11.415028493851423,51.36
11.416614335030317,51.36
11.41790796071291,51.36
11.419567972421646,51.37
11.420905619859695,51.37
11.422543704509735,51.36
11.424015920609236,51.36
11.425331570208073,51.36
11.426890563219786,51.37
11.428502153605223,51.37
11.429793983697891,51.37
11.431470274925232,51.36
11.432929065078497,51.36
11.43445860221982,51.37
11.435952685773373,51.37
11.437382340431213,51.37
11.438911005854607,51.37
11.44039286673069,51.37
11.441886462271214,51.36
11.443318136036396,51.36
11.444853108376265,51.36
11.44624313339591,51.36
11.447796247899532,51.37
11.449204944074154,51.36
11.450810749083757,51.37
11.452323369681835,51.36
11.453646872192621,51.36
11.45528794080019,51.37
11.45665854588151,51.37
11.458110060542822,51.37
11.459694061428308,51.36
11.461247481405735,51.36
11.46253738552332,51.35
11.464205525815487,51.36
11.465687800198793,51.36
11.466986428946257,51.36
11.468658916652203,51.36
11.47016328945756,51.36
11.47141283750534,51.36
11.473127163946629,51.36
11.47457729279995,51.36
11.476127937436104,51.36
11.477607574313879,51.36
11.479019597172737,51.36
11.480579741299152,51.36
11.48205791041255,51.36
11.483539942651987,51.36
11.484959606081247,51.36
11.486511014401913,51.36
11.487939786165953,51.36
11.489499226212502,51.36
11.490899600088596,51.36
11.492429349571466,51.36
11.493875458836555,51.36
11.49540251865983,51.37
11.496931083500385,51.36
11.498416028916836,51.37
11.49976272881031,51.37
11.501315202564001,51.37
11.50276106968522,51.36
11.504366464912891,51.37
11.505677990615368,51.36
11.507342673838139,51.36
11.508656922727823,51.36
11.51025741174817,51.36
11.511624973267317,51.35
11.513294734060764,51.36
11.514794189482927,51.38
11.51605175435543,51.38
11.51771643012762,51.37
11.519055761396885,51.36
11.520739238709211,51.37
11.52201396226883,51.36
11.523710023611784,51.36
11.525142796337605,51.36
11.526687365025282,51.37
11.528130680322647,51.37
11.529670163989067,51.36
11.53115139529109,51.35
11.532616548240185,51.36
11.534021884202957,51.36
11.535613432526588,51.37
11.53700253739953,51.36
11.538551516830921,51.36
11.539945796132088,51.36
11.54149379208684,51.37
11.54306235536933,51.36
11.544384378939867,51.36
11.545968100428581,51.36
11.547394257038832,51.36
11.549014929682016,51.36
11.550496850162745,51.36
11.551974039524794,51.36
11.553457260131836,51.36
11.55496297776699,51.35
11.556242633610964,51.36
11.557716120034456,51.36
11.559210374951363,51.36
11.56086814776063,51.36
11.562208015471697,51.36
11.563830573111773,51.36
11.565372008830309,51.36
11.566849235445261,51.36
11.56835313513875,51.36
11.56985742971301,51.36
11.571264192461967,51.35
11.572789628058672,51.36
11.574206378310919,51.36
11.575793903321028,51.36
11.577246136963367,51.36
11.578738879412413,51.36
11.58014515787363,51.36
11.581689734011889,51.35
11.58324047923088,51.36
11.584619611501694,51.36
11.586176168173552,51.37
11.587690029293299,51.36
11.589165586978197,51.36
11.59049317240715,51.36
11.592167370021343,51.36
11.593663860112429,51.36
11.595074940472841,51.36
11.596438363194466,51.36
11.598036974668503,51.36
11.599397230893373,51.36
11.601084552705288,51.35
11.602573357522488,51.36
11.603984512388706,51.36
11.605347581207752,51.35
11.607017442584038,51.36
11.608280941843987,51.36
11.609978292137384,51.36
11.611419141292572,51.36
11.613001517951488,51.35
11.614386763423681,51.36
11.615947861224413,51.36
11.617364585399628,51.35
11.618944182991982,51.35
11.620350994169712,51.36
11.621881574392319,51.36
11.623182103037834,51.35
11.624879978597164,51.35
11.626379866153002,51.35
11.627758525311947,51.35
11.62919645383954,51.36
11.630836512893438,51.36
11.632333807647228,51.36
11.633686259388924,51.36
11.635227136313915,51.36
11.636710532009602,51.36
11.638100609183311,51.36
11.639660015702248,51.36
11.641086470335722,51.36
11.642741300165653,51.36
11.644013464450836,51.36
11.645499281585217,51.36
11.647195011377335,51.36
11.648688592016697,51.36
11.65016620606184,51.36
11.651464629918337,51.37
11.653091859072447,51.37
11.654660154134035,51.37
11.656092382967472,51.36
11.657627131789923,51.35
11.65909268334508,51.36
11.660585828125477,51.37
11.662025857716799,51.36
11.663457002490759,51.36
11.664947390556335,51.36
11.666434593498707,51.37
11.668030053377151,51.36
11.669402413070202,51.36
11.670959424227476,51.36
11.67236341536045,51.36
11.673988565802574,51.36
11.67538484185934,51.36
11.676873732358217,51.36
11.678441934287548,51.36
11.679886642843485,51.35
11.681346569210291,51.36
11.682905465364456,51.35
11.684214614331722,51.36
11.685888886451721,51.36
11.687201011925936,51.36
11.688837505877018,51.35
11.690163791179657,51.36
11.691686909645796,51.36
11.693296544253826,51.36
11.694578979164362,51.36
11.696284431964159,51.36
11.69767289608717,51.35
11.699278969317675,51.36
11.70071405544877,51.37
11.702252469956875,51.36
11.703643925487995,51.35
11.705121524631977,51.36
11.70670523494482,51.35
11.708217959851027,51.36
11.70961257815361,51.38
11.711158312857151,51.38
11.712665040045977,51.36
11.713927544653416,51.36
11.715647272765636,51.36
11.71709281206131,51.37
11.718550786376,51.36
11.719973281025887,51.36
11.721532668918371,51.35
11.72296204790473,51.35
11.724424548447132,51.36
11.726069584488869,51.36
11.72735546529293,51.35
11.72902449965477,51.36
11.730435203760862,51.36
11.731997653841972,51.36
11.733466736972332,51.36
11.735002622008324,51.36
11.736264541745186,51.36
11.737906657159328,51.36
11.739390034228563,51.37
11.740884639322758,51.36
11.742201454937458,51.36
11.743903651833534,51.36
11.745357111096382,51.36
11.746806338429451,51.36
11.748354196548462,51.36
11.749786302447319,51.36
11.751326035708189,51.36
11.752844009548426,51.36
11.754228312522173,51.36
11.755774956196547,51.36
11.757303435355425,51.36
11.758789267390966,51.35
11.76022007316351,51.36
11.761769223958254,51.37
11.763116136193275,51.37
11.764653820544481,51.36
11.766087755560875,51.36
11.767615154385567,51.37
11.769038159400225,51.37
11.770694069564342,51.37
11.772149186581373,51.37
11.773662231862545,51.37
11.77513276413083,51.37
11.77643782645464,51.37
11.778118047863245,51.36
11.77943018823862,51.36
11.781056627631187,51.35
11.78235588222742,51.36
11.784037861973047,51.37
11.785479340702295,51.36
11.787050444632769,51.36
11.788308594375849,51.36
11.789987411350012,51.36
11.791435852646828,51.36
11.792980819940567,51.36
11.794406104832888,51.36
11.795967783778906,51.35
11.797381341457367,51.35
11.798952329903841,51.36
11.800331573933363,51.36
11.801938004791737,51.36
11.803278293460608,51.35
11.804884050041437,51.36
11.80623759329319,51.36
11.80784760043025,51.36
11.809279881417751,51.36
11.810860805213451,51.36
11.812184166163206,51.36
11.813735347241163,51.37
11.815135706216097,51.37
11.81672128662467,51.36
11.81828186288476,51.37
11.819704547524452,51.37
11.82126747444272,51.36
11.822577111423016,51.37
11.824243914335966,51.36
11.825528483837843,51.36
11.827208649367094,51.36
11.828722782433033,51.36
11.83015651628375,51.36
11.831446431577206,51.36
11.833139106631279,51.37
11.834661819040775,51.38
11.836133670061827,51.37
11.837535206228495,51.36
11.83911594003439,51.36
11.840603023767471,51.36
11.842106930911541,51.38
11.843471050262451,51.36
11.845058351755142,51.36
11.846561942249537,51.36
11.847937125712633,51.37
11.849513038992882,51.37
11.850874781608582,51.36
11.852449428290129,51.36
11.853896044194698,51.37
11.85547437518835,51.37
11.856827139854431,51.37
11.858472421765327,51.36
11.85978914052248,51.37
11.861446525901556,51.36
11.862746272236109,51.36
11.864397149533033,51.36
11.865708515048027,51.36
11.867355614900589,51.36
11.868673354387283,51.36
11.870160195976496,51.36
11.871628057211637,51.36
11.873351465910673,51.36
11.874822836369276,51.37
11.876294299960136,51.36
11.877726338803768,51.36
11.87929866462946,51.36
11.880773171782494,51.36
11.88227554410696,51.36
11.883755344897509,51.35
11.885234836488962,51.35
11.88661753386259,51.36
11.888185862451792,51.37
11.889598239213228,51.36
11.891157306730747,51.36
11.892564281821251,51.36
11.894162602722645,51.36
11.895617697387934,51.36
11.897114675492048,51.36
11.898475550115108,51.36
11.899938769638538,51.36
11.901511907577515,51.36
11.903098303824663,51.35
11.904387179762125,51.36
11.906072534620762,51.36
11.90734764188528,51.36
11.909034080803394,51.36
11.910506140440702,51.36
11.911981265991926,51.36
11.913285288959742,51.36
11.91498913243413,51.36
11.916319698095322,51.36
11.917930979281664,51.36
11.919266410171986,51.36
11.920875534415245,51.36
11.92243492975831,51.36
11.923922695219517,51.36
11.925360433757305,51.36
11.92688836529851,51.36
11.92828681692481,51.36
11.929757039994001,51.36
11.931339483708143,51.36
11.932758439332247,51.36
11.934286415576935,51.36
11.935708198696375,51.36
11.937273114919662,51.36
11.938677161931992,51.36
11.940289735794067,51.36
11.941615972667933,51.36
11.943271648138762,51.36
11.94460741430521,51.36
11.946196090430021,51.36
11.947715565562248,51.37
11.949204161763191,51.36
11.950678244233131,51.36
11.952181827276945,51.36
11.95350755751133,51.36
11.955022398382425,51.36
11.956641599535942,51.36
11.957938328385353,51.36
11.959575347602367,51.36
11.96105656772852,51.36
11.962620325386524,51.36
11.96404555439949,51.36
11.965496383607388,51.36
11.967063806951046,51.37
11.968469388782978,51.36
11.97002873942256,51.36
11.971467480063438,51.36
11.973016537725925,51.36
11.974514096975327,51.36
11.975871868431568,51.36
11.977428179234266,51.36
11.978871062397957,51.36
11.980403505265713,51.36
11.981797568500042,51.36
11.983424734324217,51.36
11.984837621450424,51.35
11.986247085034847,51.36
11.987884625792503,51.36
11.989208150655031,51.36
11.9907300285995,51.36
11.992188606411219,51.36
11.993847347795963,51.36
11.995330538600683,51.37
11.996808636933565,51.36
11.998201176524162,51.36
11.999796967953444,51.36
12.001161083579063,51.36
12.002752523869276,51.36
12.004256799817085,51.36
12.005734015256166,51.36
12.007224023342133,51.37
12.008735794574022,51.37
12.010132655501366,51.37
12.01170053333044,51.36
12.013130687177181,51.36
12.014611318707466,51.36
12.015944991260767,51.36
12.017558015882969,51.36
12.019124776124954,51.36
12.020617075264454,51.36
12.022100254893303,51.36
12.023575149476528,51.37
12.025018453598022,51.36
12.026578143239021,51.36
12.027924556285143,51.37
12.029476121068,51.37
12.031043477356434,51.37
12.032446503639221,51.37
12.03399682417512,51.36
12.035505134612322,51.36
12.03680283203721,51.36
12.038468405604362,51.36
12.039782173931599,51.36
12.041444133967161,51.35
12.042730432003736,51.35
12.044414818286896,51.36
12.045760855078697,51.36
12.047172788530588,51.37
12.048885982483625,51.36
12.050210747867823,51.36
12.051809668540955,51.36
12.053302187472582,51.36
12.054839678108692,51.36
12.056331042200327,51.36
12.057721704244614,51.36
12.059291772544384,51.36
12.06078239902854,51.36
12.062163595110178,51.36
12.063757877796888,51.36
12.0652394592762,51.36
12.06661869585514,51.36
12.068229638040066,51.35
12.069712601602077,51.36
12.071199081838131,51.36
12.072659946978092,51.36
12.074126407504082,51.36
12.075585976243019,51.36
12.077158343046904,51.36
12.07859169319272,51.36
12.079959467053413,51.36
12.08162010461092,51.37
12.083114713430405,51.36
12.084382809698582,51.37
12.086073651909828,51.37
12.087480708956718,51.37
12.089043445885181,51.36
12.090498454868793,51.36
12.091812256723642,51.36
12.093472599983215,51.36
12.095027402043343,51.36
12.096433587372303,51.37
12.097917906939983,51.36
12.099413108080626,51.36
12.100970286875963,51.36
12.102357797324657,51.36
12.103907525539398,51.36
12.105339214205742,51.36
12.106911040842533,51.36
12.10831257328391,51.36
12.109885934740305,51.36
12.111378572881222,51.36
12.112813383340836,51.36
12.114220917224884,51.37
12.115697704255581,51.37
12.117323834449053,51.37
12.118802789598703,51.36
12.120129138231277,51.36
12.121712032705545,51.36
12.12320652231574,51.36
12.124759569764137,51.37
12.126142136752605,51.36
12.127571266144514,51.37
12.129220269620419,51.36
12.130522310733795,51.36
12.132197350263596,51.36
12.13352582976222,51.36
12.13515855371952,51.36
12.136449612677097,51.36
12.138110939413309,51.36
12.139417711645365,51.37
12.141122214496136,51.37
12.14262817054987,51.36
12.144038736820221,51.36
12.145592048764229,51.36
12.147083830088377,51.37
12.148503046482801,51.36
12.150063686072826,51.36
12.151558581739664,51.36
12.152922421693802,51.36
12.154526192694902,51.36
12.155911661684513,51.36
12.157427057623863,51.36
12.15887775272131,51.36
12.160405069589615,51.36
12.161952387541533,51.36
12.163393091410398,51.36
12.164892308413982,51.36
12.166427437216043,51.36
12.16790421679616,51.36
12.16935308650136,51.36
12.170898597687483,51.36
12.172364301979542,51.36
12.173853449523449,51.37
12.175346616655588,51.36
12.176830243319273,51.36
12.178277179598808,51.36
12.179789587855339,51.37
12.181266859173775,51.36
12.182797200977802,51.36
12.184260927140713,51.36
12.185696840286255,51.36
12.187257181853056,51.36
12.188648831099272,51.37
12.19023459404707,51.37
12.191662315279245,51.36
12.193188611418009,51.36
12.194608807563782,51.36
12.196155115962029,51.36
12.19760561734438,51.36
12.199141323566437,51.36
12.200587440282106,51.36
12.202005580067635,51.36
12.203487250953913,51.36
12.205094538629055,51.36
12.206544324755669,51.36
12.207912240177393,51.37
12.209579601883888,51.36
12.21099629253149,51.36
12.212531451135874,51.36
12.213940843939781,51.36
12.215508233755827,51.36
12.216976922005415,51.36
12.218293257057667,51.37
12.219970110803843,51.36
12.221290923655033,51.36
12.222915321588516,51.36
12.224314369261265,51.36
12.225894562900066,51.36
12.227406699210405,51.37
12.228845663368702,51.37
12.23041221871972,51.36
12.231805644929409,51.36
12.233292501419783,51.35
12.234867136925459,51.36
12.236272264271975,51.36
12.237829934805632,51.36
12.23932696133852,51.36
12.240810710936785,51.36
12.242192398756742,51.36
12.243736941367388,51.36
12.245138924568892,51.36
12.246709533035755,51.36
12.248119905591011,51.37
12.249655075371265,51.36
12.25122369080782,51.36
12.25269229710102,51.36
12.254167061299086,51.36
12.255520284175873,51.37
12.25716519355774,51.37
12.258474741131067,51.37
12.260126158595085,51.36
12.261475779116154,51.37
12.263124141842127,51.37
12.264426458626986,51.37
12.266101494431496,51.36
12.26754504814744,51.36
12.268905013799667,51.36
12.270499590784311,51.36
12.271832391619682,51.36
12.273464273661375,51.36
12.275036338716745,51.37
12.276459138840437,51.37
12.278006263077259,51.38
12.279431849718094,51.37
12.28097028285265,51.36
12.28237271681428,51.36
12.283846709877253,51.36
12.28543334454298,51.37
12.286917626857758,51.37
12.288365107029676,51.36
12.289787001907825,51.36
12.29134089499712,51.37
12.292733199894428,51.36
12.294310308992863,51.37
12.295721270143986,51.37
12.297257576137781,51.37
12.298821214586496,51.37
12.300329625606537,51.37
12.301797926425934,51.36
12.303095530718565,51.37
12.304764870554209,51.37
12.306136559695005,51.36
12.307753786444664,51.37
12.309241771697998,51.37
12.310715071856976,51.37
12.312000058591366,51.36
12.313673961907625,51.36
12.31495575979352,51.37
12.316701609641314,51.36
12.318172205239534,51.37
12.319637335836887,51.37
12.321141466498375,51.36
12.322589933872223,51.37
12.324054881930351,51.37
12.325609669089317,51.36
12.327027630060911,51.37
12.328562393784523,51.38
12.329947508871555,51.36
12.331561036407948,51.36
12.33305249363184,51.37
12.334445286542177,51.37
12.335869241505861,51.37
12.337505269795656,51.36
12.338840253651142,51.36
12.340487852692604,51.37
12.341902982443571,51.37
12.34344708174467,51.37
12.344922989606857,51.36
12.346435219049454,51.37
12.347752574831247,51.37
12.349418114870787,51.36
12.350711412727833,51.37
12.352365244179964,51.37
12.3536605425179,51.37
12.355339288711548,51.37
12.35663452744484,51.36
12.358121313154697,51.38
12.359831232577562,51.37
12.361316852271557,51.36
12.362811103463173,51.37
12.364232696592808,51.37
12.365728992968798,51.36
12.367146018892527,51.37
12.36873921379447,51.37
12.370164174586535,51.37
12.371699016541243,51.37
12.373104225844145,51.36
12.374612834304571,51.36
12.376149639487267,51.36
12.377583779394627,51.37
12.379107162356377,51.38
12.380519319325686,51.36
12.38213050737977,51.36
12.383646056056023,51.37
12.384948179125786,51.37
12.386593841016293,51.36
12.388112783432007,51.36
12.38946446403861,51.37
12.391071122139692,51.37
12.392395440489054,51.37
12.394029915332794,51.37
12.39532582089305,51.37
12.39699686691165,51.36
12.398298002779484,51.37
12.399804547429085,51.37
12.401483915746212,51.36
12.402863457798958,51.37
12.404427714645863,51.37
12.40596990659833,51.37
12.407413143664598,51.37
12.408913288265467,51.37
12.410328343510628,51.36
12.411881759762764,51.36
12.413297656923532,51.37
12.414867911487818,51.37
12.41624828055501,51.37
12.417833294719458,51.37
12.419211704283953,51.37
12.420792877674103,51.38
12.422191098332405,51.38
12.42378906533122,51.37
12.42529084160924,51.37
12.426616381853819,51.36
12.428179070353508,51.37
12.42964992299676,51.37
12.431177470833063,51.37
12.432549580931664,51.37
12.43402735888958,51.37
12.435695841908455,51.37
12.437001295387745,51.37
12.438662640750408,51.36
12.439961709082127,51.37
12.441649548709393,51.37
12.44313595071435,51.37
12.444518599659204,51.36
12.44608498737216,51.37
12.447592180222273,51.38
12.449042242020369,51.38
12.450533043593168,51.38
12.452062051743269,51.37
12.453548233956099,51.37
12.454976730048656,51.37
12.456504434347153,51.37
12.458016756922007,51.37
12.459492020308971,51.38
12.460886269807816,51.37
12.46244452893734,51.36
12.463961638510227,51.36
12.465444717556238,51.37
12.466953624039888,51.37
12.468430895358324,51.37
12.469786252826452,51.37
12.471330180764198,51.37
12.472883973270655,51.37
12.474314570426941,51.37
12.475701671093702,51.37
12.477366268634796,51.36
12.478652510792017,51.36
12.480332601815462,51.37
12.481643985956907,51.37
12.483118202537298,51.38
12.484792552888393,51.38
12.4862792044878,51.37
12.487749591469765,51.37
12.489277705550194,51.37
12.490734178572893,51.37
12.492026422172785,51.38
12.493697546422482,51.37
12.495220389217138,51.37
12.496635004878044,51.37
12.498191248625517,51.37
12.499607723206282,51.37
12.501153383404016,51.37
12.502541370689869,51.38
12.504018150269985,51.37
12.505585707724094,51.37
12.507058784365654,51.37
12.508599378168583,51.37
12.509955897927284,51.38
12.511546976864338,51.37
12.51300846785307,51.37
12.514542944729328,51.38
12.51604625582695,51.37
12.517364047467709,51.37
12.518920850008726,51.37
12.520505040884018,51.37
12.52198001369834,51.37
12.523357577621937,51.37
12.524961411952972,51.37
12.526274435222149,51.36
12.527941387146711,51.37
12.52930886298418,51.37
12.530895728617907,51.38
12.53235724940896,51.37
12.533754859119654,51.37
12.53532687947154,51.38
12.536876808851957,51.38
12.538369845598936,51.37
12.539783846586943,51.37
12.541331738233566,51.37
12.54275207594037,51.37
12.544298641383648,51.37
12.545767292380333,51.38
12.54728952050209,51.38
12.548764511942863,51.37
12.550137221813202,51.37
12.551720216870308,51.38
12.553172383457422,51.38
12.554702214896679,51.37
12.556069314479828,51.38
12.55768496543169,51.37
12.559094183146954,51.38
12.560620564967394,51.38
12.56201747059822,51.37
12.56357191130519,51.38
12.565138082951307,51.37
12.566436611115932,51.36
12.568105462938547,51.37
12.569404035806656,51.38
12.571081090718508,51.37
12.572360433638096,51.38
12.574048012495041,51.38
12.575533330440521,51.38
12.57687894999981,51.38
12.578475210815668,51.38
12.579781897366047,51.37
12.58144137635827,51.37
12.58297385275364,51.38
12.584398970007896,51.38
12.585814476013184,51.38
12.587439570575953,51.38
12.588939979672432,51.37
12.590413331985474,51.37
12.591799419373274,51.37
12.593382269144058,51.37
12.594786185771227,51.37
12.5963731482625,51.37
12.597752828150988,51.37
12.599208377301693,51.37
12.600841775536537,51.37
12.60225062072277,51.37
12.603807348757982,51.37
12.605157129466534,51.38
12.606693658977747,51.37
12.608292367309332,51.37
12.609763726592064,51.38
12.61109795793891,51.37
12.612741962075233,51.37
12.614025816321373,51.38
12.6157036870718,51.37
12.616988807916641,51.38
12.61869778111577,51.38
12.619970925152302,51.38
12.62162447720766,51.37
12.623089417815208,51.37
12.624593298882246,51.37
12.626148078590631,51.38
12.627553522586823,51.38
12.629103351384401,51.38
12.630543120205402,51.38
12.632083434611559,51.37
12.633523363620043,51.38
12.63503834977746,51.38
12.636438928544521,51.38
12.638015031814575,51.38
12.639444209635258,51.38
12.640962399542332,51.37
12.642405401915312,51.38
12.643952153623104,51.37
12.64546973630786,51.37
12.646904967725277,51.38
12.648456037044525,51.38
12.649948377162218,51.38
12.651272654533386,51.38
12.652816209942102,51.37
12.654223758727312,51.37
12.655713643878698,51.37
12.657376121729612,51.37
12.658845495432615,51.37
12.660181261599064,51.38
12.661812745034695,51.38
12.663150046020746,51.38
12.664790108799934,51.37
12.666067659854889,51.37
12.667728636413813,51.38
12.669028896838427,51.37
12.670698549598455,51.38
12.67209604382515,51.37
12.673728056252003,51.37
12.675141051411629,51.37
12.67669666185975,51.37
12.678153298795223,51.38
12.679662872105837,51.37
12.681074723601341,51.37
12.682644251734018,51.38
12.684058964252472,51.38
12.685520369559526,51.37
12.687066923826933,51.37
12.688467238098383,51.38
12.690068233758211,51.38
12.691582597792149,51.38
12.69296882301569,51.37
12.694544948637486,51.38
12.695890013128519,51.37
12.697538148611784,51.38
12.69901916384697,51.38
12.700324520468712,51.38
12.701988834887743,51.38
12.703494481742382,51.38
12.704973436892033,51.38
12.706483349204063,51.38
12.707755878567696,51.37
12.709410142153502,51.38
12.710688684135675,51.38
12.71236702054739,51.37
12.713857375085354,51.38
12.715412523597479,51.37
12.716870032250881,51.38
12.718375839293003,51.38
12.719848278909922,51.37
12.721354503184557,51.38
12.722735967487097,51.38
12.72424928843975,51.38
12.725787054747343,51.37
12.727262299507856,51.37
12.728674553334713,51.37
12.730228789150715,51.37
12.7316257879138,51.38
12.733254823833704,51.38
12.73459855094552,51.38
12.736137613654137,51.38
12.737678933888674,51.38
12.739201724529266,51.38
12.740697279572487,51.38
12.74217987805605,51.37
12.743501160293818,51.38
12.745130456984043,51.37
12.746547427028418,51.37
12.748118195682764,51.37
12.749603495001793,51.37
12.751085758209229,51.38
12.75236502289772,51.38
12.754032798111439,51.38
12.755336254835129,51.38
12.757048610597849,51.38
12.758306086063385,51.38
12.759979885071516,51.37
12.761506766080856,51.38
12.762929562479258,51.37
12.764490947127342,51.37
12.765879038721323,51.37
12.767440352588892,51.37
12.7688381485641,51.37
12.770435236394405,51.37
12.771828196942806,51.37
12.773378640413284,51.37
12.774920985102654,51.38
12.776379704475403,51.38
12.777756862342358,51.37
12.779352143406868,51.37
12.780717931687832,51.37
12.782340738922358,51.37
12.783723339438438,51.37
12.78528494015336,51.37
12.786632616072893,51.37
12.788302600383759,51.38
12.789581432938576,51.38
12.791262652724981,51.37
12.792545437812805,51.38
12.794045489281416,51.37
12.795714993029833,51.37
12.796995170414448,51.38
12.798693902790546,51.37
12.79996057972312,51.38
12.801632311195135,51.38
12.803173713386059,51.38
12.804593939334154,51.37
12.806154411286116,51.37
12.80762504786253,51.37
12.80913196876645,51.38
12.810549508780241,51.37
12.812075316905975,51.37
12.81358178332448,51.37
12.81499021500349,51.38
12.816432133316994,51.38
12.818001288920641,51.38
12.819406695663929,51.38
12.821017365902662,51.38
12.822393134236336,51.38
12.82400668784976,51.38
12.825482998043299,51.38
12.826804406940937,51.38
12.82838910073042,51.38
12.829870894551277,51.38
12.831273954361677,51.38
12.83275642618537,51.38
12.834351323544979,51.38
12.835703179240227,51.38
12.837382517755032,51.38
12.838686786592007,51.38
12.840351585298777,51.37
12.841841854155064,51.38
12.843353778123856,51.38
12.84483104199171,51.38
12.846299078315496,51.36
12.84777607396245,51.37
12.849251169711351,51.38
12.850767306983471,51.38
12.852252319455147,51.38
12.853742945939302,51.39
12.855139441788197,51.38
12.856717068701982,51.38
12.858179215341806,51.38
12.8595962934196,51.38
12.86116860806942,51.38
12.86254134401679,51.38
12.86410952359438,51.38
12.86564602702856,51.38
12.86699317023158,51.38
12.868559900671244,51.37
12.870110891759396,51.37
12.87158389762044,51.38
12.872924886643887,51.38
12.874590244144201,51.38
12.875973872840405,51.38
12.87755498290062,51.37
12.878916248679161,51.38
12.880350708961487,51.38
12.882009536027908,51.38
12.883518569171429,51.38
12.884957913309336,51.38
12.88625605776906,51.38
12.887955650687218,51.38
12.889222964644432,51.38
12.890888947993517,51.37
12.892436005175114,51.37
12.89387622475624,51.38
12.895399749279022,51.37
12.896819677203894,51.37
12.898369643837214,51.37
12.899860966950655,51.37
12.901251666247845,51.38
12.902818519622087,51.37
12.904217518866062,51.37
12.905783824622631,51.37
12.907318383455276,51.38
12.908681087195873,51.38
12.91027619689703,51.38
12.911764740943909,51.37
12.913130357861519,51.37
12.914678275585175,51.37
12.916079983115196,51.37
12.917639151215553,51.38
12.919104523956776,51.38
12.920657824724913,51.37
12.922175955027342,51.38
12.923669718205929,51.38
12.925146736204624,51.38
12.926445327699184,51.39
12.927911970764399,51.39
12.92947006225586,51.38
12.931067191064358,51.38
12.93255327641964,51.37
12.934063706547022,51.37
12.935583967715502,51.38
12.93706275895238,51.38
12.93855069950223,51.38
12.93995962291956,51.38
12.941520430147648,51.37
12.942950680851936,51.38
12.944474130868912,51.37
12.945969223976135,51.38
12.947358947247267,51.39
12.948977306485176,51.38
12.950329136103392,51.38
12.951904635876417,51.37
12.95329800248146,51.38
12.954794567078352,51.38
12.956342425197363,51.37
12.957887656986713,51.37
12.959288913756609,51.38
12.960696309804916,51.38
12.962370313704014,51.38
12.96385207772255,51.38
12.965192321687937,51.38
12.966667346656322,51.38
12.968303948640823,51.38
12.969768475741148,51.37
12.971255742013454,51.37
12.972666643559933,51.38
12.974027939140797,51.38
12.975697342306376,51.38
12.97699747607112,51.38
12.978658337146044,51.38
12.980068549513817,51.38
12.981685239821672,51.38
12.983196046203375,51.37
12.984611079096794,51.38
12.986144941300154,51.37
12.987571634352207,51.38
12.989121325314045,51.38
12.990627948194742,51.38
12.992016833275557,51.38
12.993588641285896,51.38
12.994972836226225,51.37
12.99652349948883,51.38
12.998047813773155,51.38
12.999503407627344,51.38
13.001034639775753,51.38
13.00239648297429,51.38
13.003932669758797,51.38
13.005349677056074,51.38
13.006983648985624,51.38
13.00844195857644,51.38
13.009767033159733,51.38
13.011271864175797,51.37
13.01284585148096,51.38
13.01422243192792,51.38
13.015903200954199,51.38
13.017190240323544,51.38
13.018875289708376,51.38
13.020270079374313,51.38
13.021836206316948,51.38
13.023371577262878,51.37
13.024833168834448,51.37
13.026279281824827,51.37
13.02757229283452,51.38
13.02928602695465,51.38
13.030699465423822,51.38
13.032285653054714,51.38
13.033663872629404,51.37
13.035234615206718,51.37
13.03663095459342,51.38
13.038225334137678,51.37
13.03970631211996,51.38
13.041155114769936,51.38
13.042656116187572,51.38
13.044028837233782,51.38
13.045603964477777,51.38
13.047010384500027,51.37
13.048629850149155,51.38
13.049965064972639,51.38
13.051450040191412,51.38
13.05310944095254,51.38
13.054591968655586,51.38
13.055886883288622,51.37
13.057571429759264,51.38
13.058997698128223,51.38
13.060536172240973,51.38
13.061983089894056,51.38
13.063526265323162,51.38
13.064780704677105,51.38
13.06649212539196,51.37
13.067942887544632,51.38
13.069242015480995,51.38
13.070953238755465,51.38
13.072452865540981,51.38
13.073926884680986,51.38
13.075335714966059,51.38
13.076891284435987,51.38
13.078295808285475,51.38
13.079843923449516,51.38
13.08136747404933,51.38
13.082874100655317,51.38
13.084240466356277,51.38
13.08582790941,51.38
13.087214909493923,51.38
13.088751830160618,51.38
13.090181030333042,51.38
13.091627839952707,51.37
13.093176025897264,51.38
13.09458862990141,51.38
13.096071619540453,51.38
13.097745038568974,51.38
13.09922407567501,51.38
13.100529953837395,51.39
13.102006621658802,51.38
13.103681411594152,51.38
13.104955792427063,51.38
13.106677368283272,51.38
13.10813807696104,51.39
13.109592393040657,51.38
13.111138343811035,51.38
13.1125574298203,51.38
13.113993484526873,51.38
13.115579035133123,51.38
13.1170817874372,51.37
13.118498239666224,51.37
13.120054680854082,51.38
13.121474880725145,51.38
13.122925702482462,51.38
13.124320454895496,51.38
13.125881928950548,51.38
13.127445742487907,51.38
13.128852941095829,51.38
13.130443897098303,51.38
13.131941080093384,51.39
13.133384838700294,51.38
13.13492139801383,51.37
13.136272113770247,51.39
13.137843873351812,51.37
13.139400374144316,51.38
13.14070250466466,51.38
13.142359275370836,51.37
13.143791161477566,51.37
13.145340476185083,51.38
13.146794740110636,51.38
13.148134030401707,51.38
13.149602260440588,51.38
13.151272721588612,51.38
13.152756325900555,51.38
13.154085017740726,51.38
13.155737698078156,51.38
13.157240249216557,51.38
13.158666219562292,51.37
13.160210561007261,51.37
13.161660324782133,51.38
13.163196757435799,51.38
13.164586711674929,51.38
13.166084729135036,51.38
13.167623672634363,51.38
13.169154901057482,51.38
13.170520395040512,51.38
13.172107368707657,51.38
13.173478409647942,51.38
13.175108388066292,51.37
13.17644377797842,51.38
13.178015474230051,51.38
13.17956069484353,51.38
13.181015755981207,51.38
13.182530082762241,51.38
13.183911077678204,51.39
13.18545362725854,51.38
13.18683248013258,51.38
13.188468340784311,51.39
13.189784798771143,51.38
13.191460840404034,51.38
13.192931793630123,51.38
13.194225523620844,51.39
13.195928234606981,51.38
13.197258088737726,51.38
13.198906399309635,51.38
13.200378518551588,51.38
13.201887387782335,51.38
13.20313822478056,51.38
13.204849574714899,51.39
13.20632453262806,51.38
13.207745630294085,51.39
13.20930752530694,51.39
13.210702043026686,51.38
13.212267339229584,51.38
13.213667962700129,51.37
13.21526151150465,51.39
13.21665297076106,51.38
13.218184612691402,51.38
13.21971856430173,51.38
13.221061374992132,51.39
13.222662467509508,51.38
13.224144238978624,51.39
13.225597810000181,51.38
13.227152958512306,51.39
13.228589098900557,51.38
13.230145897716284,51.38
13.231442861258984,51.39
13.233108315616846,51.38
13.234592653810978,51.37
13.235918626189232,51.38
13.237551435828209,51.38
13.238858345896006,51.39
13.2405462898314,51.39
13.241813454777002,51.38
13.243477992713451,51.38
13.245029360055923,51.38
13.246525816619396,51.38
13.247954562306404,51.38
13.24925621598959,51.38
13.250959627330303,51.38
13.252472285181284,51.38
13.253880638629198,51.38
13.255330547690392,51.38
13.256914462894201,51.38
13.25837692245841,51.38
13.259846739470959,51.38
13.261264111846685,51.39
13.262850865721703,51.39
13.264289014041424,51.38
13.265704281628132,51.37
13.267272245138884,51.38
13.268704615533352,51.38
13.27030123397708,51.38
13.271806843578815,51.38
13.273276422172785,51.38
13.274625360965729,51.39
13.276176754385233,51.38
13.277565732598305,51.38
13.27922248840332,51.37
13.280709389597178,51.38
13.282203666865826,51.38
13.283508509397507,51.38
13.285139910876751,51.38
13.286461554467678,51.38
13.288163725286722,51.38
13.289647668600082,51.38
13.29113632813096,51.38
13.292553555220366,51.38
13.294112492352724,51.37
13.295546721667051,51.38
13.297076866030693,51.38
13.298526916652918,51.38
13.300049304962158,51.38
13.301441207528114,51.38
13.303023435175419,51.39
13.304438181221485,51.38
13.30596486479044,51.39
13.30751172080636,51.39
13.308895479887724,51.39
13.310353863984346,51.38
13.311884615570307,51.39
13.31345572322607,51.39
13.314805548638105,51.39
13.316435787826777,51.39
13.317896820604801,51.39
13.319220799952745,51.39
13.32089303061366,51.39
13.322241969406605,51.39
13.323841977864504,51.39
13.325148716568947,51.38
13.326831717044115,51.38
13.328307293355465,51.38
13.329795181751251,51.38
13.331102807074785,51.38
13.332799278199673,51.38
13.334226109087467,51.38
13.335584107786417,51.38
13.337255340069532,51.38
13.338651422411203,51.39
13.340157676488161,51.38
13.341631304472685,51.39
13.343187775462866,51.39
13.3446283377707,51.39
13.346181850880384,51.38
13.3475656285882,51.39
13.349026788026094,51.4
13.350604224950075,51.41
13.352016232907772,51.4
13.353468932211399,51.4
13.355042673647404,51.4
13.356439601629972,51.4
13.357918493449688,51.39
13.359587598592043,51.39
13.36106326431036,51.4
13.362390011548996,51.4
13.364016391336918,51.39
13.365524627268314,51.39
13.366836797446012,51.4
13.368487913161516,51.4
13.36977732181549,51.4
13.371435780078173,51.39
13.372739903628826,51.4
13.374446894973516,51.4
13.3758954256773,51.41
13.377306867390871,51.41
13.378858927637339,51.41
13.3804139085114,51.4
13.381886560469866,51.4
13.383384555578232,51.4
13.384798936545849,51.4
13.386202339082956,51.4
13.387740187346935,51.4
13.389304127544165,51.4
13.390764512121677,51.41
13.39226120710373,51.4
13.393672235310078,51.41
13.395224887877703,51.4
13.396771039813757,51.41
13.398140516132116,51.4
13.399592198431492,51.4
13.401166580617428,51.4
13.40257741510868,51.4
13.404159393161535,51.4
13.405673008412123,51.4
13.407173499464989,51.4
13.408491916954517,51.4
13.410048495978117,51.4
13.411447886377573,51.4
13.413122616708279,51.41
13.414446711540222,51.41
13.415881890803576,51.4
13.417550422251225,51.4
13.419026136398315,51.4
13.420583926141262,51.41
13.422044854611158,51.4
13.423552472144365,51.39
13.424962624907494,51.39
13.426526762545109,51.4
13.42791661247611,51.39
13.429482489824295,51.4
13.430970672518015,51.39
13.432467892765999,51.39
13.433952439576387,51.39
13.435226324945688,51.4
13.436917405575514,51.4
13.438412129878998,51.4
13.43989373371005,51.4
13.441383924335241,51.4
13.442865509539843,51.4
13.44436415657401,51.41
13.445783037692308,51.4
13.447323977947235,51.4
13.44882670789957,51.39
13.450321059674025,51.39
13.451796654611826,51.39
13.453286599367857,51.39
13.454784180969,51.4
13.456272713840008,51.39
13.45776355266571,51.39
13.459232401102781,51.39
13.460727781057358,51.4
13.462220638990402,51.39
13.463720709085464,51.39
13.465188693255186,51.39
13.466692216694355,51.39
13.468191713094711,51.39
13.469666738063097,51.39
13.471145063638687,51.4
13.472638446837664,51.4
13.474119044840336,51.39
13.475505579262972,51.39
13.477084323763847,51.39
13.478566616773605,51.39
13.480068188160658,51.4
13.481561850756407,51.4
13.483045719563961,51.4
13.484516244381666,51.38
13.485976915806532,51.39
13.487512838095427,51.39
13.488988902419806,51.4
13.490489386022091,51.4
13.491969965398312,51.4
13.493456445634365,51.39
13.494949724525213,51.39
13.496431596577168,51.4
13.497902665287256,51.4
13.499407425522804,51.39
13.500892497599125,51.4
13.502385217696428,51.39
13.503844499588013,51.4
13.505345597863197,51.4
13.506845485419035,51.39
13.508324068039656,51.38
13.509811133146286,51.38
13.511310826987028,51.39
13.512793589383364,51.4
13.5142781175673,51.4
13.515766609460115,51.39
13.517281398177147,51.39
13.518761523067951,51.39
13.520244557410479,51.4
13.521733772009611,51.4
13.52320521324873,51.4
13.524697508662939,51.4
13.526171002537012,51.4
13.52766951173544,51.39
13.52915846183896,51.39
13.530654024332762,51.4
13.532141216099262,51.4
13.533627230674028,51.4
13.535106156021357,51.39
13.536596823483706,51.39
13.53808442875743,51.4
13.53957448527217,51.4
13.541063636541367,51.4
13.542525138705969,51.41
13.544028472155333,51.4
13.545532502233982,51.4
13.547019712626934,51.4
13.548496641218662,51.4
13.549987230449915,51.4
13.551476500928402,51.39
13.55296316370368,51.4
13.554442565888166,51.39
13.5558942258358,51.39
13.557418592274189,51.39
13.558907512575388,51.39
13.560376737266779,51.39
13.561892967671156,51.4
13.56340066716075,51.4
13.564861088991165,51.39
13.566360753029585,51.39
13.567838493734598,51.4
13.576418612152338,51.4
13.576482824981213,51.39
13.576500989496708,51.39
13.576518535614014,51.39
13.576518535614014,51.39
13.576708622276783,51.39
13.578250426799059,51.4
13.579750809818506,51.39
13.581192422658205,51.39
13.58271224424243,51.39
13.584208976477385,51.38
13.585689879953861,51.39
13.587176404893398,51.39
13.588669031858444,51.39
13.59014754742384,51.39
13.591638706624508,51.4
13.593109458684921,51.39
13.594608448445797,51.39
13.596108388155699,51.4
13.597573436796665,51.38
13.599089581519365,51.38
13.600573871284723,51.38
13.602052364498377,51.38
13.603554636240005,51.39
13.605028085410595,51.39
13.606512017548084,51.38
13.608016103506088,51.38
13.609504792839289,51.39
13.610991805791855,51.39
13.612478591501713,51.39
13.613878834992647,51.38
13.615408387035131,51.39
13.61694148927927,51.39
13.618426229804754,51.39
13.619913458824158,51.39
13.621399693191051,51.39
13.62288062274456,51.39
13.624292321503162,51.39
13.625862687826157,51.4
13.62735167145729,51.4
13.628834832459688,51.39
13.630323112010956,51.39
13.63178114593029,51.39
13.633301589637995,51.39
13.63477460667491,51.38
13.636249739676714,51.39
13.637761358171701,51.39
13.639257028698921,51.39
13.640722338110209,51.39
13.642196204513311,51.39
13.643703043460846,51.39
13.64519427716732,51.39
13.646696470677853,51.39
13.648177020251751,51.38
13.649665724486113,51.39
13.651144787669182,51.4
13.652631215751171,51.39
13.654133301228285,51.39
13.655590549111366,51.4
13.657099299132824,51.4
13.658586118370295,51.4
13.660067472606897,51.4
13.661568764597178,51.4
13.66304176300764,51.4
13.664534773677588,51.4
13.666000492870808,51.4
13.667495977133512,51.4
13.669001996517181,51.4
13.670488078147173,51.4
13.671976946294308,51.39
13.673381932079792,51.4
13.67492662370205,51.39
13.676448777318,51.39
13.67790200561285,51.39
13.67935585975647,51.4
13.680906645953655,51.4
13.682391062378883,51.4
13.683855656534433,51.4
13.685365825891495,51.4
13.686855275183916,51.39
13.688349641859531,51.4
13.689806658774614,51.4
13.69129816070199,51.39
13.692812986671925,51.4
13.694280315190554,51.4
13.695776414126158,51.4
13.697273805737495,51.39
13.698762480169535,51.39
13.700251899659634,51.39
13.70174976810813,51.38
13.703225512057543,51.39
13.704712897539139,51.39
13.706204272806644,51.4
13.707640536129475,51.4
13.709162771701813,51.4
13.710660111159086,51.4
13.712141185998917,51.4
13.713640227913857,51.39
13.715127114206553,51.4
13.716609362512827,51.4
13.7180744856596,51.4
13.719548925757408,51.4
13.72106859460473,51.39
13.722556367516518,51.38
13.723950911313295,51.39
13.725539475679398,51.4
13.727008622139692,51.4
13.72850737720728,51.39
13.729997225105762,51.39
13.731479961425066,51.4
13.732960600405931,51.39
13.734450969845057,51.39
13.735946957021952,51.4
13.737434044480324,51.4
13.738924853503704,51.39
13.740373626351357,51.39
13.741895258426666,51.39
13.743390314280987,51.4
13.744809594005346,51.39
13.746353540569544,51.4
13.747844405472279,51.4
13.749328438192606,51.4
13.75077647343278,51.4
13.752290084958076,51.4
13.75381227210164,51.4
13.755283862352371,51.4
13.75677377358079,51.4
13.758265770971775,51.4
13.759754907339811,51.4
13.76122609525919,51.4
13.76263228058815,51.4
13.764197587966919,51.4
13.765705984085798,51.41
13.767140429466963,51.4
13.768672872334719,51.39
13.770160343497992,51.4
13.771598171442747,51.41
13.773135248571634,51.41
13.77461702376604,51.4
13.776116754859686,51.4
13.777598850429058,51.4
13.779054842889309,51.4
13.780582170933485,51.4
13.782062198966742,51.4
13.783554561436176,51.4
13.785033866763115,51.4
13.78652199357748,51.4
13.78800554573536,51.4
13.789498019963503,51.39
13.790987152606249,51.4
13.792476035654545,51.4
13.793977342545986,51.4
13.795448649674654,51.39
13.79694203659892,51.4
13.798428662121296,51.38
13.799832802265882,51.4
13.801403615623713,51.39
13.802892338484526,51.4
13.804376292973757,51.39
13.80586076527834,51.4
13.80735919997096,51.4
13.808837477117777,51.4
13.810295388102531,51.39
13.811789602041245,51.4
13.813316822052002,51.39
13.814776983112097,51.39
13.816276654601097,51.41
13.817766107618809,51.39
13.819189798086882,51.41
13.820716891437769,51.41
13.822229862213135,51.4
13.8236766718328,51.39
13.825183372944593,51.41
13.826693043112755,51.4
13.828185860067606,51.41
13.829664885997772,51.4
13.831134218722582,51.4
13.832651529461145,51.4
13.83412542194128,51.41
13.83561858534813,51.4
13.837101329118013,51.41
13.838608104735613,51.41
13.840068195015192,51.41
13.841545972973108,51.4
13.84303716942668,51.4
13.844546046108007,51.39
13.846026752144098,51.39
13.847529649734497,51.39
13.849010482430458,51.39
13.850496724247932,51.4
13.851978030055761,51.4
13.853428289294243,51.4
13.85493453592062,51.4
13.856462128460407,51.4
13.857933323830366,51.4
13.85942667722702,51.4
13.860913302749395,51.39
13.862406078726053,51.39
13.86389508843422,51.39
13.865360353142023,51.39
13.86686497181654,51.39
13.868342842906713,51.4
13.869845312088728,51.39
13.871319144964218,51.39
13.872753005474806,51.39
13.87428067624569,51.39
13.875792864710093,51.4
13.877272803336382,51.4
13.878758046776056,51.39
13.880252614617348,51.4
13.881737854331732,51.4
13.883207704871893,51.4
13.884704533964396,51.4
13.886206652969122,51.4
13.887679684907198,51.39
13.889184404164553,51.38
13.890649378299713,51.39
13.892139852046967,51.4
13.893644470721483,51.39
13.895033027976751,51.4
13.896581284701824,51.39
13.89810386300087,51.39
13.899586021900177,51.4
13.901075530797243,51.39
13.902555245906115,51.39
13.904048383235931,51.39
13.905549824237823,51.39
13.906999718397856,51.39
13.908433809876442,51.39
13.90999260917306,51.4
13.911500409245491,51.4
13.912989608943462,51.39
13.914469003677368,51.4
13.915962938219309,51.39
13.917448941618204,51.39
13.91893519833684,51.4
13.920417789369822,51.39
13.921906433999538,51.39
13.923396348953247,51.39
13.924866735935211,51.39
13.926304299384356,51.4
13.927823923528194,51.4
13.929354310035706,51.39
13.930829271674156,51.39
13.932327173650265,51.39
13.933815453201532,51.39
13.935292031615973,51.4
13.93678929656744,51.39
13.938271641731262,51.39
13.939755879342556,51.39
13.941143490374088,51.39
13.942726090550423,51.4
13.944219145923853,51.39
13.945648737251759,51.39
13.947195626795292,51.38
13.948682118207216,51.39
13.950178634375334,51.39
13.951602134853601,51.4
13.953142911195755,51.39
13.954643029719591,51.39
13.956120423972607,51.39
13.957580834627151,51.4
13.959106218069792,51.4
13.960571620613337,51.39
13.962074402719736,51.39
13.963582806289196,51.39
13.965046364814043,51.39
13.966545667499304,51.39
13.968025498092175,51.4
13.969503216445446,51.39
13.970998153090477,51.39
13.97248811647296,51.4
13.973922472447157,51.4
13.975455455482006,51.4
13.976948227733374,51.4
13.978429902344942,51.39
13.979854132980108,51.39
13.981379806995392,51.4
13.982904694974422,51.39
13.984375268220901,51.4
13.985871128737926,51.4
13.987337552011013,51.4
13.988863926380873,51.4
13.99034070968628,51.39
13.991827812045813,51.39
13.993307493627071,51.39
13.994788333773613,51.39
13.996289160102606,51.39
13.997764501720667,51.4
13.999267429113388,51.39
14.000754583626986,51.39
14.002213716506958,51.39
14.003689792007208,51.4
14.00520984083414,51.4
14.006706330925226,51.39
14.008200764656067,51.39
14.009649522602558,51.39
14.01116057112813,51.39
14.012653708457947,51.39
14.014012191444635,51.39
14.015530947595835,51.39
14.017077509313822,51.39
14.01861434429884,51.39
14.02009705081582,51.39
14.02154752239585,51.39
14.023057837039232,51.39
14.024557616561651,51.39
14.026050616055727,51.39
14.02740766480565,51.39
14.029022376984358,51.39
14.030506424605846,51.4
14.031993210315704,51.4
14.033473465591669,51.4
14.034927785396576,51.39
14.036462891846895,51.38
14.037943348288536,51.39
14.039436087012291,51.39
14.040912289172411,51.39
14.042414676398039,51.4
14.043898440897465,51.39
14.045290354639292,51.39
14.046867124736309,51.4
14.048368338495493,51.4
14.049841269850731,51.39
14.051338125020266,51.39
14.052808906883001,51.39
14.054303232580423,51.39
14.055805545300245,51.39
14.057283110916615,51.4
14.058776285499334,51.39
14.06024693697691,51.39
14.061748046427965,51.39
14.063227016478777,51.4
14.064721468836069,51.4
14.06621402874589,51.39
14.067706607282162,51.4
14.069183077663183,51.39
14.070677895098925,51.39
14.072158116847277,51.4
14.073658764362335,51.4
14.075141787528992,51.4
14.076633930206299,51.4
14.078033789992332,51.4
14.079566929489374,51.4
14.081036023795605,51.4
14.082570120692253,51.41
14.084069583564997,51.41
14.085431814193726,51.4
14.087036304175854,51.39
14.088499963283539,51.39
14.090015660971403,51.4
14.091496303677559,51.4
14.092877745628357,51.4
14.094462279230356,51.4
14.095945376902819,51.39
14.097429234534502,51.4
14.098949387669563,51.4
14.100423958152533,51.4
14.101914625614882,51.4
14.103397402912378,51.4
14.104903228580952,51.4
14.106381502002478,51.39
14.10785537213087,51.39
14.109342947602272,51.39
14.11074747517705,51.4
14.11229706555605,51.4
14.11381609365344,51.4
14.115314036607742,51.4
14.116722866892815,51.4
14.118234608322382,51.39
14.119775533676147,51.4
14.121256072074175,51.39
14.122745502740145,51.4
14.124242525547743,51.4
14.125695694237947,51.4
14.127213779836893,51.4
14.128683496266603,51.4
14.130126491189003,51.39
14.131658721715212,51.4
14.133164659142494,51.4
14.134560346603394,51.39
14.14001440256834,51.39
14.14001440256834,51.39
14.14001440256834,51.39
14.140601068735123,51.39
14.142036098986864,51.39
14.143511667847633,51.39
14.145037420094013,51.4
14.14654627814889,51.41
14.148039821535349,51.4
14.149517584592104,51.39
14.151003900915384,51.39
14.152514331042767,51.39
14.153990782797337,51.39
14.155466955155134,51.39
14.156962484121323,51.39
14.158456850796938,51.4
14.15993383526802,51.4
14.161426614969969,51.4
14.16291306167841,51.39
14.164394326508045,51.39
14.16583701223135,51.4
14.167365744709969,51.41
14.168857373297215,51.4
14.170349311083555,51.4
14.171833600848913,51.41
14.173329696059227,51.4
14.17481043189764,51.4
14.176285117864609,51.4
14.177754037082195,51.4
14.179275557398796,51.4
14.180758580565453,51.4
14.182241573929787,51.41
14.183744758367538,51.41
14.185144402086735,51.4
14.186643838882446,51.4
14.18821219727397,51.4
14.189625900238752,51.4
14.191172484308481,51.41
14.19267375394702,51.4
14.194155897945166,51.4
14.195645656436682,51.4
14.197044000029564,51.4
14.198589660227299,51.4
14.200030241161585,51.39
14.20157428085804,51.4
14.203082907944918,51.4
14.204568672925234,51.4
14.206058472394943,51.41
14.207506965845823,51.4
14.209041241556406,51.4
14.21051912382245,51.41
14.212009478360415,51.41
14.213489603251219,51.4
14.214988343417645,51.4
14.216481897979975,51.4
14.217953577637672,51.4
14.219446830451488,51.4
14.220846321433783,51.4
14.222443044185638,51.41
14.223899506032467,51.41
14.225403659045696,51.41
14.226869478821754,51.4
14.228366483002901,51.4
14.229851644486189,51.4
14.231352750211954,51.4
14.232840988785028,51.4
14.234318513423204,51.4
14.235807806253433,51.41
14.237299092113972,51.41
14.238774985074997,51.4
14.240271739661694,51.4
14.241750784218311,51.4
14.24322585761547,51.41
14.244711823761463,51.41
14.246229737997055,51.4
14.247729551047087,51.41
14.249148216098547,51.4
14.250656053423882,51.4
14.252164371311665,51.4
14.253672402352095,51.4
14.25514068081975,51.4
14.25663385540247,51.4
14.258115913718939,51.4
14.259605597704649,51.4
14.26100304722786,51.4
14.262568779289722,51.41
14.26406792551279,51.4
14.265559155493975,51.4
14.266987472772598,51.41
14.26852486655116,51.41
14.270026337355375,51.4
14.271516427397728,51.41
14.273004312068224,51.4
14.274490427225828,51.41
14.275980189442635,51.4
14.277469653636217,51.4
14.278953574597836,51.41
14.280439529567957,51.4
14.2819111533463,51.41
14.283415991812944,51.4
14.28490661084652,51.41
14.286385871469975,51.41
14.287869222462177,51.4
14.289309293031693,51.4
14.290851641446352,51.4
14.29234692454338,51.4
14.293842319399118,51.4
14.295327745378017,51.4
14.296795353293419,51.4
14.298254530876875,51.41
14.299773320555687,51.41
14.301268257200718,51.41
14.302756384015083,51.41
14.304210506379604,51.41
14.305727988481522,51.41
14.30721814185381,51.4
14.308695506304502,51.4
14.310169983655214,51.41
14.311673149466515,51.4
14.313088819384575,51.4
14.314648654311895,51.4
14.316137116402388,51.4
14.317628510296345,51.4
14.319118443876505,51.4
14.320607971400023,51.4
14.322100967168808,51.4
14.323551084846258,51.4
14.325043506920338,51.4
14.326555740088224,51.4
14.328052498400211,51.4
14.329422764480114,51.39
14.330996107310057,51.41
14.332481537014246,51.41
14.334007564932108,51.41
14.335494384169579,51.4
14.336965821683407,51.39
14.338356394320726,51.4
14.339941501617432,51.41
14.341428201645613,51.41
14.342842441052198,51.41
14.344404745846987,51.4
14.345907233655453,51.4
14.347371257841587,51.4
14.348814625293016,51.41
14.350351743400097,51.41
14.351861421018839,51.41
14.353333223611116,51.4
14.354828339070082,51.41
14.356314301490784,51.4
14.357789859175682,51.4
14.359278108924627,51.4
14.360736336559057,51.4
14.36223866045475,51.4
14.363743491470814,51.39
14.365239426493645,51.4
14.366719175130129,51.4
14.368217814713717,51.39
14.369692910462618,51.4
14.371114455163479,51.4
14.372669450938702,51.4
14.374171424657106,51.4
14.375655844807625,51.4
14.377124730497599,51.39
14.378611762076616,51.4
14.380111977458,51.4
14.381603803485632,51.4
14.383088745176792,51.41
14.384586703032255,51.4
14.386060751974583,51.4
14.387518983334303,51.4
14.38905255869031,51.4
14.390524297952652,51.4
14.39201620966196,51.4
14.393469516187906,51.4
14.394938744604588,51.4
14.396483920514584,51.4
14.397965114563704,51.4
14.399453893303871,51.41
14.400858595967293,51.4
14.402409881353378,51.4
14.403904426842928,51.4
14.405396349728107,51.4
14.40688443928957,51.4
14.408375777304173,51.41
14.409866224974394,51.4
14.411349419504404,51.4
14.41280858963728,51.4
14.414295017719269,51.4
14.415817387402058,51.4
14.417310442775488,51.4
14.418782748281956,51.41
14.420124009251595,51.41
14.42168128862977,51.4
14.42320729792118,51.4
14.424754660576582,51.4
14.426237732172012,51.39
14.42766235023737,51.4
14.429159320890903,51.4
14.4307025000453,51.4
14.432175192981958,51.4
14.43365716189146,51.39
14.435149177908897,51.4
14.436609044671059,51.4
14.438124537467957,51.4
14.439619950950146,51.4
14.441026546061039,51.4
14.442599460482597,51.4
14.444075144827366,51.4
14.445561587810516,51.4
14.447060994803905,51.41
14.448529675602913,51.4
14.450020883232355,51.4
14.451512224972248,51.4
14.453006967902184,51.4
14.454461250454187,51.4
14.45598616823554,51.4
14.457471203058958,51.4
14.458956882357597,51.4
14.460437588393688,51.4
14.46193452179432,51.39
14.463415894657373,51.39
14.464903697371483,51.4
14.466381538659334,51.41
14.467885725200176,51.41
14.469368018209934,51.4
14.470851253718138,51.4
14.472341697663069,51.4
14.473836481571198,51.39
14.475333906710148,51.39
14.476811528205872,51.39
14.478287171572447,51.39
14.479775473475456,51.39
14.481266047805548,51.39
14.482753790915012,51.39
14.484131399542093,51.39
14.485728591680527,51.39
14.487217530608177,51.39
14.48870350793004,51.39
14.49018558114767,51.39
14.491685319691896,51.39
14.493120834231377,51.39
14.494661822915077,51.39
14.496164329349995,51.38
14.497450433671474,51.38
14.498996153473854,51.37
14.500519890338182,51.38
14.502037528902292,51.38
14.503588799387217,51.4
14.505120977759361,51.4
14.50658268854022,51.43
14.507925502955914,51.44
14.509484253823757,51.44
14.511001519858837,51.44
14.512504890561104,51.44
14.514000553637743,51.44
14.515253949910402,51.45
14.5168373323977,51.45
14.518357492983341,51.45
14.519916541874409,51.45
14.521333426237106,51.45
14.522938281297684,51.45
14.524425975978374,51.45
14.525708325207233,51.45
14.52743749320507,51.45
14.52890358865261,51.45
14.530165575444698,51.45
14.532051410526037,51.45
14.533348686993122,51.45
14.534821603447199,51.45
14.536262109875679,51.44
14.53780759125948,51.44
14.539225023239851,51.44
14.54054495319724,51.43
14.54226253554225,51.41
14.543682668358088,51.41
14.545159474015236,51.41
14.546640925109386,51.41
14.548163421452045,51.42
14.549603071063757,51.42
14.551081076264381,51.41
14.552572213113308,51.4
14.554045420140028,51.41
14.555518116801977,51.41
14.557073831558228,51.4
14.558585420250893,51.4
14.559973068535328,51.4
14.561531201004982,51.4
14.563085865229368,51.4
14.564413473010063,51.4
14.565891187638044,51.4
14.567557580769062,51.41
14.569046694785357,51.41
14.570342194288969,51.42
14.572020079940557,51.41
14.573495902121067,51.41
14.574978433549404,51.41
14.576445583254099,51.41
14.577744714915752,51.41
14.579430554062128,51.39
14.580707933753729,51.39
14.58238635584712,51.44
14.583929169923067,51.43
14.585376411676407,51.4
14.586901295930147,51.4
14.588306788355112,51.41
14.58987870067358,51.42
14.591267310082912,51.41
14.592851478606462,51.41
14.59428047388792,51.41
14.595789894461632,51.4
14.597185838967562,51.41
14.598789039999247,51.41
14.600225545465946,51.41
14.601788621395826,51.41
14.603201296180487,51.41
14.604708977043629,51.42
14.606227360665798,51.41
14.607659362256527,51.41
14.60917018353939,51.4
14.610551744699478,51.41
14.61200238391757,51.41
14.613671887665987,51.41
14.615174613893032,51.41
14.616544120013714,51.41
14.61813099309802,51.41
14.619567215442657,51.42
14.621080569922924,51.42
14.62240518629551,51.42
14.624079618602991,51.41
14.625336613506079,51.42
14.627031397074461,51.43
14.628436092287302,51.42
14.630037318915129,51.41
14.631472948938608,51.41
14.633009187877178,51.42
14.63450550287962,51.41
14.635917391628027,51.41
14.637481048703194,51.4
14.638953674584627,51.41
14.64044713973999,51.42
14.641939952969551,51.4
14.643398612737656,51.4
14.64489359781146,51.41
14.646295376121998,51.43
14.64788906276226,51.41
14.649238970130682,51.41
14.650839176028967,51.42
14.652219101786613,51.41
14.653752267360687,51.41
14.655192755162716,51.42
14.656632710248232,51.42
14.658291831612587,51.42
14.659781500697136,51.42
14.661282368004322,51.42
14.662752848118544,51.42
14.664207354187965,51.41
14.665569700300694,51.42
14.667233902961016,51.46
14.668706227093935,51.44
14.669971790164709,51.39
14.671685468405485,51.39
14.673167400062084,51.4
14.67467412352562,51.4
14.676143683493137,51.42
14.677590612322092,51.42
14.6791299469769,51.42
14.680624961853027,51.41
14.682096797972918,51.42
14.683594159781933,51.42
14.685086481273174,51.41
14.686573315411806,51.41
14.688063077628613,51.41
14.689549949020147,51.41
14.6910255625844,51.41
14.692521423101425,51.41
14.693997744470835,51.41
14.695500537753105,51.41
14.696983773261309,51.41
14.698463432490826,51.41
14.69996053725481,51.41
14.701459851115942,51.4
14.702939875423908,51.41
14.704425126314163,51.41
14.705911975353956,51.41
14.707391016185284,51.41
14.708883319050074,51.41
14.710381500422955,51.41
14.711867697536945,51.4
14.713345233350992,51.4
14.714597754180431,51.41
14.716138944029808,51.4
14.71780737861991,51.41
14.719306915998459,51.41
14.720722403377295,51.41
14.722276341170073,51.41
14.723766725510359,51.41
14.725253690034151,51.41
14.726657439023256,51.41
14.728229068219662,51.4
14.729606181383133,51.42
14.731190986931324,51.41
14.732674930244684,51.4
14.734180204570293,51.41
14.735654518008232,51.42
14.737146560102701,51.42
14.738559901714325,51.41
14.740054715424776,51.42
14.741619680076838,51.42
14.74309416860342,51.41
14.744599923491478,51.41
14.74607564136386,51.42
14.747535321861506,51.42
14.749058742076159,51.41
14.75053608417511,51.42
14.752025656402111,51.43
14.753505755215883,51.42
14.755003415048122,51.41
14.756452906876802,51.41
14.757935058325529,51.41
14.759461250156164,51.41
14.76089133322239,51.41
14.762447103857994,51.41
14.763907615095377,51.41
14.765423011034727,51.41
14.766919512301683,51.4
14.76837507635355,51.39
14.769859943538904,51.38
14.771278236061335,51.38
14.772844571620226,51.4
14.774339746683836,51.41
14.775822434574366,51.41
14.777317143976688,51.42
14.778783593326807,51.41
14.78027668222785,51.41
14.781785156577826,51.41
14.783119767904282,51.4
14.784605603665113,51.4
14.78624964877963,51.41
14.787732530385256,51.42
14.78922326862812,51.41
14.790703561156988,51.41
14.792200092226267,51.43
14.793684426695108,51.42
14.795006327331066,51.4
14.796659555286169,51.4
14.79811767116189,51.41
14.799490299075842,51.41
14.801128190010786,51.41
14.80260967463255,51.41
14.804082777351141,51.41
14.80558231472969,51.41
14.807065475732088,51.42
14.808552920818329,51.41
14.809995047748089,51.41
14.81150958687067,51.41
14.81302885338664,51.41
14.814500074833632,51.41
14.815980777144432,51.41
14.81747930496931,51.41
14.81896248087287,51.41
14.820425916463137,51.41
14.821942754089832,51.41
14.82338123768568,51.41
14.82488252222538,51.41
14.82642500475049,51.41
14.827889867126942,51.4
14.829366505146027,51.41
14.830872625112534,51.41
14.832360927015543,51.41
14.833753265440464,51.41
14.835343521088362,51.41
14.836690030992031,51.41
14.838145602494478,51.41
14.839802149683237,51.41
14.84128962829709,51.42
14.842578832060099,51.42
14.84426550194621,51.42
14.845538526773453,51.41
14.847049057483673,51.42
14.84871131554246,51.42
14.850224401801825,51.41
14.851665087044239,51.42
14.853180713951588,51.42
14.854676388204098,51.42
14.856162384152412,51.42
14.857645444571972,51.41
14.859133757650852,51.41
14.86062902212143,51.41
14.862118147313595,51.41
14.863596398383379,51.41
14.865103151649237,51.41
14.866528533399105,51.42
14.867935605347157,51.41
14.869509875774384,51.41
14.871048234403133,51.41
14.872405719012022,51.41
14.873895291239023,51.42
14.875417158007622,51.41
14.876908905804157,51.42
14.878422189503908,51.42
14.879970096051693,51.41
14.881294641643763,51.41
14.882790625095367,51.41
14.88442526012659,51.41
14.885715823620558,51.41
14.887328803539276,51.42
14.888880733400583,51.42
14.890376400202513,51.41
14.89183709397912,51.41
14.893343776464462,51.42
14.894664842635393,51.41
14.896334897726774,51.41
14.897822491824627,51.41
14.89930509403348,51.41
14.900801882147789,51.41
14.902292549610138,51.41
14.903746090829372,51.42
14.90526394918561,51.42
14.906692940741777,51.41
14.908224735409021,51.41
14.909636788070202,51.42
14.91118911281228,51.42
14.91257494688034,51.43
14.914182834327221,51.42
14.915525332093239,51.42
14.91714135184884,51.41
14.918636981397867,51.41
14.920129608362913,51.41
14.921624265611172,51.41
14.92292920127511,51.41
14.924587685614824,51.41
14.92608230561018,51.41
14.92740122973919,51.42
14.92906567454338,51.41
14.930523853749037,51.41
14.931841060519218,51.42
14.933519762009382,51.41
14.93503112345934,51.41
14.936500750482082,51.41
14.93792823702097,51.41
14.939422212541103,51.41
14.940924022346735,51.4
14.94244034588337,51.41
14.943944174796343,51.41
14.945427045226097,51.41
14.946922570466995,51.41
14.94841132313013,51.41
14.949838116765022,51.42
14.951366282999516,51.42
14.95286762714386,51.42
14.95430264249444,51.42
14.955837283283472,51.41
14.957312308251858,51.42
14.958755042403936,51.42
14.960311725735664,51.41
14.961785212159157,51.42
14.963276945054531,51.41
14.964762646704912,51.41
14.96618451923132,51.41
14.96772237867117,51.41
14.969123266637325,51.41
14.970712970942259,51.41
14.972186151891947,51.41
14.973630513995886,51.41
14.975171763449907,51.41
14.976663641631603,51.42
14.9779654443264,51.41
14.979445438832045,51.41
14.981129694730043,51.41
14.982393395155668,51.4
14.984098978340626,51.41
14.985606897622347,51.41
14.987080547958612,51.41
14.98852140083909,51.41
14.990049969404936,51.41
14.991543989628553,51.41
14.993012759834528,51.41
14.994513764977455,51.42
14.995991215109825,51.41
14.997498229146004,51.41
14.998985949903727,51.41
15.000428207218647,51.41
15.00194713100791,51.41
15.003393415361643,51.41
15.004936639219522,51.41
15.006290763616562,51.41
15.007910218089819,51.41
15.009335104376078,51.41
15.010885339230299,51.41
15.01236056536436,51.41
15.013875406235456,51.41
15.015335910022259,51.41
15.016837608069181,51.41
15.018320467323065,51.42
15.019794072955847,51.42
15.021296564489603,51.41
15.022787295281887,51.41
15.024273347109556,51.41
15.025761876255274,51.41
15.027253370732069,51.4
15.028733424842358,51.41
15.030218187719584,51.41
15.031708002090454,51.41
15.03320237994194,51.4
15.03466721624136,51.4
15.036175318062305,51.4
15.037587363272905,51.4
15.039145044982433,51.4
15.0406404286623,51.4
15.042121022939682,51.41
15.04359770938754,51.41
15.045097295194864,51.41
15.046587612479925,51.41
15.048072174191475,51.41
15.049580357968807,51.41
15.05100180208683,51.41
15.052544493228197,51.41
15.054018430411816,51.41
15.055512331426144,51.41
15.057013783603907,51.41
15.058487076312304,51.41
15.059961568564177,51.41
15.061465222388506,51.41
15.062790654599667,51.41
15.064418576657772,51.41
15.065914079546928,51.41
15.067385043948889,51.41
15.068703763186932,51.41
15.070347052067518,51.42
15.071763541549444,51.42
15.073141492903233,51.41
15.074799787253141,51.41
15.076301045715809,51.41
15.077621441334486,51.41
15.07930264249444,51.4
15.080801475793123,51.4
15.082278534770012,51.41
15.083777334541082,51.41
15.085251789540052,51.41
15.0867725238204,51.41
15.088233552873135,51.41
15.089740250259638,51.41
15.091227576136589,51.4
15.092693969607353,51.41
15.094187714159489,51.41
15.09561999514699,51.42
15.097030121833086,51.41
15.098652809858322,51.41
15.100120224058628,51.41
15.101629681885242,51.41
15.103111863136292,51.41
15.10460251569748,51.41
15.106091272085905,51.41
15.10757551714778,51.41
15.109061680734158,51.41
15.11037665978074,51.4
15.112019650638103,51.41
15.113480128347874,51.41
15.115015644580126,51.41
15.116480216383934,51.41
15.117797508835793,51.41
15.119465094059706,51.41
15.12098715826869,51.41
15.122462313622236,51.41
15.123947475105524,51.41
15.125423859804869,51.41
15.126918710768223,51.41
15.128376744687557,51.41
15.129879605025053,51.41
15.131380628794432,51.41
15.132863707840443,51.41
15.134257286787033,51.41
15.135825302451849,51.41
15.137315671890974,51.41
15.138831108808517,51.41
15.140287227928638,51.41
15.14179740101099,51.42
15.143279388546944,51.41
15.144685961306095,51.41
15.14624771475792,51.41
15.147749446332455,51.41
15.149222828447819,51.42
15.150704436004162,51.42
15.152208644896746,51.42
15.153687536716461,51.41
15.155170604586601,51.41
15.15659298747778,51.4
15.158116679638624,51.41
15.159638017416,51.41
15.161139369010925,51.41
15.162625297904015,51.41
15.163873922079802,51.41
15.165361385792494,51.41
15.166994459927082,51.41
15.168539345264435,51.41
15.170065466314554,51.41
15.171549323946238,51.41
15.173049461096525,51.41
15.174497827887535,51.42
15.176006887108088,51.42
15.177491813898087,51.41
15.178950022906065,51.41
15.180423587560654,51.41
15.181955438107252,51.41
15.18338993191719,51.41
15.18494251742959,51.41
15.186373207718134,51.41
15.187918972223997,51.41
15.189396135509014,51.41
15.190894816070795,51.41
15.192375034093857,51.41
15.193865697830915,51.41
15.195358075201511,51.41
15.196767453104258,51.42
15.198332507163286,51.41
15.199816230684519,51.41
15.201274737715721,51.41
15.202786732465029,51.41
15.204240266233683,51.41
15.205742590129375,51.41
15.207037057727575,51.41
15.208714954555035,51.41
15.210229694843292,51.42
15.211722180247307,51.41
15.213206931948662,51.41
15.214691862463951,51.41
15.216181892901659,51.42
15.217645201832056,51.41
15.219153072685003,51.41
15.220532272011042,51.41
15.222096554934978,51.41
15.223578680306673,51.41
15.225080776959658,51.41
15.226588293910027,51.4
15.22807976976037,51.41
15.22951240837574,51.41
15.231070406734943,51.41
15.232550136744976,51.41
15.234030816704035,51.41
15.23551719635725,51.41
15.236913029104471,51.4
15.23849369212985,51.4
15.239980798214674,51.41
15.241469990462065,51.41
15.242956519126892,51.4
15.24443855136633,51.41
15.245935529470444,51.41
15.247197974473238,51.4
15.248891100287437,51.41
15.25039428845048,51.4
15.251876138150692,51.4
15.253319926559925,51.41
15.254854522645473,51.41
15.256325662136078,51.41
15.25781774520874,51.4
15.259318672120571,51.4
15.260821461677551,51.4
15.262290380895138,51.41
15.263761211186647,51.41
15.265273340046406,51.4
15.266759723424911,51.41
15.268078725785017,51.41
15.269720628857613,51.41
15.271209049969912,51.41
15.272704366594553,51.41
15.274066280573606,51.41
15.275653254240751,51.41
15.277178652584553,51.41
15.278643973171711,51.41
15.280155066400766,51.41
15.281625475734472,51.41
15.283100731670856,51.41
15.28443555906415,51.4
15.28609411418438,51.41
15.287527117878199,51.41
15.28907122835517,51.4
15.290447227656841,51.4
15.292052019387484,51.41
15.293485444039106,51.41
15.29503470659256,51.41
15.296451225876808,51.41
15.298001054674387,51.4
15.299415063112974,51.41
15.300974883139133,51.41
15.302459813654423,51.4
15.303947139531374,51.4
15.305440176278353,51.4
15.306927040219307,51.4
15.308405414223671,51.42
15.309819679707289,51.41
15.311351131647825,51.41
15.312754958868027,51.43
15.314370412379503,51.41
15.315847370773554,51.41
15.317334551364183,51.42
15.318804610520601,51.4
15.32028817012906,51.42
15.321739792823792,51.42
15.32315944135189,51.42
15.32477866485715,51.42
15.326161447912455,51.42
15.327754858881235,51.41
15.329239640384912,51.41
15.330727525055408,51.41
15.332209531217813,51.42
15.333696145564318,51.42
15.33518247678876,51.42
15.336672365665436,51.42
15.338142357766628,51.41
15.339646507054567,51.41
15.341147188097239,51.41
15.342496402561665,51.41
15.344114735722542,51.41
15.3454828299582,51.41
15.347013674676418,51.41
15.348580960184336,51.41
15.350067276507616,51.41
15.351533442735672,51.41
15.353000901639462,51.41
15.354409746825695,51.41
15.356023095548153,51.41
15.357407372444868,51.41
15.35889621078968,51.4
15.360426638275385,51.41
15.361840106546879,51.42
15.363456767052412,51.41
15.364949852228165,51.4
15.36642649769783,51.4
15.367841843515635,51.4
15.36935306340456,51.4
15.370729923248291,51.41
15.372379899024963,51.41
15.373856153339148,51.41
15.375338535755873,51.4
15.376844715327024,51.41
15.37811839953065,51.41
15.379804693162441,51.41
15.381302207708359,51.41
15.382611230015755,51.41
15.384125676006079,51.41
15.385771177709103,51.41
15.38721090555191,51.41
15.388750214129686,51.41
15.390229471027851,51.4
15.391686368733644,51.4
15.393214013427496,51.41
15.394661348313093,51.4
15.396175771951675,51.4
15.39767199754715,51.41
15.399134151637554,51.41
15.400609701871872,51.41
15.40212732553482,51.41
15.403612323105335,51.41
15.405096750706434,51.41
15.406463947147131,51.41
15.408045370131731,51.41
15.40943031385541,51.41
15.411046244204044,51.41
15.412486467510462,51.41
15.414028022438288,51.41
15.415442310273647,51.41
15.416853029280901,51.41
15.418493878096342,51.41
15.41998653486371,51.41
15.421443447470665,51.42
15.422967627644539,51.41
15.424413990229368,51.41
15.425899874418974,51.41
15.42741572111845,51.4
15.428908079862595,51.41
15.430390305817127,51.41
15.431752931326628,51.41
15.433326281607151,51.41
15.434752505272627,51.41
15.43634095042944,51.41
15.437858175486326,51.41
15.439317304641008,51.41
15.440805703401566,51.41
15.44227909296751,51.41
15.443792149424553,51.41
15.445266276597977,51.41
15.44671942666173,51.41
15.448127686977386,51.41
15.449731197208166,51.41
15.451235044747591,51.4
15.452695481479168,51.41
15.454162072390318,51.4
15.455681886523962,51.41
15.45716730877757,51.41
15.458669390529394,51.41
15.46007738634944,51.41
15.461638778448105,51.4
15.463020600378513,51.41
15.464610897004604,51.41
15.466095767915249,51.41
15.467585872858763,51.41
15.468969214707613,51.41
15.470548011362553,51.41
15.472065400332212,51.41
15.473530948162079,51.4
15.475022323429585,51.41
15.476503290235996,51.41
15.478004783391953,51.41
15.47949418798089,51.41
15.480967786163092,51.42
15.482467137277126,51.42
15.483947027474642,51.41
15.485440574586391,51.41
15.486917309463024,51.41
15.488335348665714,51.41
15.489842481911182,51.4
15.491397023200989,51.41
15.492848798632622,51.41
15.494246523827314,51.41
15.495855305343866,51.4
15.497329790145159,51.4
15.498826157301664,51.4
15.500309087336063,51.4
15.50181470066309,51.41
15.503238964825869,51.4
15.504761200398207,51.4
15.506138909608126,51.4
15.50775883346796,51.41
15.509102150797844,51.4
15.5107232183218,51.4
15.512174844741821,51.4
15.513713523745537,51.4
15.515185214579105,51.41
15.516680367290974,51.4
15.518162924796343,51.4
15.519654583185911,51.4
15.521155789494514,51.4
15.522631503641605,51.4
15.523926436901093,51.4
15.525600221008062,51.4
15.52709399163723,51.4
15.528580214828253,51.4
15.530076436698437,51.41
15.53155605122447,51.41
15.53302051872015,51.4
15.534512471407652,51.41
15.535798076540232,51.41
15.537326335906982,51.4
15.538865212351084,51.4
15.54048776626587,51.4
15.541950799524784,51.41
15.543458621948957,51.41
15.544946305453777,51.4
15.546438239514828,51.4
15.547927487641573,51.4
15.54939029365778,51.41
15.550849463790655,51.4
15.55237652361393,51.4
15.55386396497488,51.4
15.555178262293339,51.41
15.556841481477022,51.41
15.5583231523633,51.41
15.559816997498274,51.4
15.561303734779358,51.4
15.562767162919044,51.4
15.564289309084415,51.4
15.565766833722591,51.4
15.567250233143568,51.4
15.56869401037693,51.4
15.570177476853132,51.39
15.57170682400465,51.4
15.573215775191784,51.41
15.574685048311949,51.4
15.576173260807991,51.4
15.577660612761974,51.4
15.57915186882019,51.4
15.580631420016289,51.4
15.582142394036055,51.4
15.583620734512806,51.4
15.58489529415965,51.4
15.58659602701664,51.4
15.588041450828314,51.39
15.589572716504335,51.39
15.591055426746607,51.39
15.592540811747313,51.4
15.593967754393816,51.4
15.595513205975294,51.4
15.597015269100666,51.4
15.598396379500628,51.4
15.59997583925724,51.4
15.601470544934273,51.4
15.602951493114233,51.4
15.604431249201298,51.4
15.605930548161268,51.4
15.607419304549694,51.4
15.608896125108004,51.4
15.610383171588182,51.39
15.611884284764528,51.39
15.61328573897481,51.39
15.614860758185387,51.39
15.616346102207899,51.4
15.617842756211758,51.4
15.61932810023427,51.4
15.620796535164118,51.4
15.622296493500471,51.4
15.623787395656109,51.4
15.62526010721922,51.4
15.626744352281094,51.4
15.628252726048231,51.4
15.629620105028152,51.4
15.631222426891327,51.4
15.632709667086601,51.4
15.634151466190815,51.41
15.635695040225983,51.41
15.637176148593426,51.4
15.63866813853383,51.4
15.640141699463129,51.4
15.641635548323393,51.4
15.643118754029274,51.4
15.644619602710009,51.39
15.646045483648777,51.4
15.647594176232815,51.4
15.649076171219349,51.39
15.650545939803123,51.4
15.65204881131649,51.4
15.65333303436637,51.4
15.655027829110622,51.4
15.656518917530775,51.4
15.658001936972141,51.4
15.659435950219631,51.4
15.660865191370249,51.4
15.662455670535564,51.39
15.663957204669714,51.4
15.665422763675451,51.4
15.666926804929972,51.39
15.668400470167398,51.4
15.669826548546553,51.39
15.671367436647415,51.39
15.672883801162243,51.4
15.674351762980223,51.41
15.675834633409977,51.41
15.677355218678713,51.41
15.678831558674574,51.4
15.68032019585371,51.4
15.681816034018993,51.41
15.683243788778782,51.4
15.684644442051649,51.4
15.686230201274157,51.4
15.68766526505351,51.4
15.689250398427248,51.4
15.69055326282978,51.4
15.692223899066448,51.4
15.69370450079441,51.41
15.695191346108913,51.4
15.696682646870613,51.39
15.698153264820576,51.39
15.699618127197027,51.39
15.701144643127918,51.4
15.702623926103115,51.4
15.704120926558971,51.4
15.70560310035944,51.4
15.707085281610489,51.41
15.708583395928144,51.4
15.71005155146122,51.4
15.71156819164753,51.4
15.71304875984788,51.4
15.714519802480936,51.41
15.71601665765047,51.4
15.717514876276255,51.4
15.718973591923714,51.41
15.720490846782923,51.4
15.72197461873293,51.41
15.723315142095089,51.4
15.724937863647938,51.39
15.726408436894417,51.39
15.727906536310911,51.39
15.729401901364326,51.4
15.730900671333075,51.4
15.732395853847265,51.4
15.733885310590267,51.39
15.735351823270321,51.39
15.736839421093464,51.39
15.738336604088545,51.4
15.739810056984425,51.41
15.74128070473671,51.41
15.742797281593084,51.4
15.744273521006107,51.4
15.74577171355486,51.41
15.747254900634289,51.41
15.748742438852787,51.41
15.750223152339458,51.41
15.751680079847574,51.41
15.753213450312614,51.41
15.754634141921997,51.41
15.756196230649948,51.41
15.757648721337318,51.41
15.759164161980152,51.41
15.760562229901552,51.41
15.76213439553976,51.4
15.763627611100674,51.41
15.765103079378605,51.41
15.766577433794737,51.41
15.767981853336096,51.41
15.769517671316862,51.41
15.771060064435005,51.4
15.772544130682945,51.41
15.774028446525335,51.41
15.775509648025036,51.41
15.777011711150408,51.41
15.77844450250268,51.41
15.779981713742018,51.41
15.781422816216946,51.41
15.782938662916422,51.41
15.784440346062183,51.41
15.785938069224358,51.41
15.787428624927998,51.41
15.788921408355236,51.4
15.790394231677055,51.4
15.791886128485203,51.4
15.79337664321065,51.41
15.794869005680084,51.41
15.796346455812454,51.41
15.797831907868385,51.41
15.79933189228177,51.41
15.800744201987982,51.41
15.802307017147541,51.41
15.803768962621689,51.41
15.805166278034449,51.41
15.80675794184208,51.4
15.808258414268494,51.41
15.809744510799646,51.41
15.811181548982859,51.41
15.812577944248915,51.4
15.814207658171654,51.4
15.815698016434908,51.41
15.817160051316023,51.41
15.81865955889225,51.41
15.820158082991838,51.41
15.821648091077805,51.4
15.823137145489454,51.4
15.824430268257856,51.41
15.826101817190647,51.4
15.82759154215455,51.4
15.828938283026218,51.4
15.830558497458696,51.4
15.83204561471939,51.4
15.833534106612206,51.4
15.8349550627172,51.41
15.836526580154896,51.4
15.837829079478979,51.41
15.839487165212631,51.41
15.840798139572144,51.41
15.842442285269499,51.41
15.843957390636206,51.41
15.845433443784714,51.41
15.846920751035213,51.41
15.84841663017869,51.41
15.849916893988848,51.41
15.85140322893858,51.4
15.852771334350109,51.4
15.854372341185808,51.41
15.855861857533455,51.41
15.857271362096071,51.4
15.858767986297607,51.4
15.860308647155762,51.4
15.861778419464827,51.41
15.863307643681765,51.41
15.864777330309153,51.4
15.866274505853653,51.41
15.867749381810427,51.41
15.869164988398552,51.4
15.870733089745045,51.4
15.872215069830418,51.4
15.87368981167674,51.4
15.87498114258051,51.41
15.876672949641943,51.41
15.878155007958412,51.41
15.87966351211071,51.41
15.88112536072731,51.41
15.882457420229912,51.41
15.884121008217335,51.41
15.885621037334204,51.41
15.887093059718609,51.41
15.888579700142145,51.41
15.890048291534185,51.4
15.891545452177525,51.4
15.893053632229567,51.4
15.894537005573511,51.4
15.896028712391853,51.4
15.8975127376616,51.41
15.898996904492378,51.41
15.900495775043964,51.4
15.901967532932758,51.4
15.903468508273363,51.41
15.904947649687529,51.41
15.906441979110241,51.41
15.907769486308098,51.41
15.909396965056658,51.4
15.910888373851776,51.4
15.912369083613157,51.4
15.913868099451065,51.41
15.915358919650316,51.41
15.916847970336676,51.41
15.918202832341194,51.4
15.919831324368715,51.4
15.921282224357128,51.41
15.922806441783905,51.41
15.92425050213933,51.41
15.925775058567524,51.4
15.927264958620071,51.4
15.92872904241085,51.41
15.930235456675291,51.41
15.931718669831753,51.4
15.933131445199251,51.4
15.934699859470129,51.41
15.936111930757761,51.41
15.937697436660528,51.41
15.939159817993641,51.41
15.940651580691338,51.4
15.942132215946913,51.4
15.94362387061119,51.41
15.945100415498018,51.41
15.946595657616854,51.41
15.948086824268103,51.41
15.949450686573982,51.41
15.951040249317884,51.41
15.952554009854794,51.4
15.954003602266312,51.4
15.955423071980476,51.41
15.957029178738594,51.4
15.95841359347105,51.4
15.95998614281416,51.4
15.961451016366482,51.4
15.96295826882124,51.4
15.964431334286928,51.4
15.965824823826551,51.41
15.967337235808372,51.41
15.968711741268635,51.41
15.970352414995432,51.4
15.971885576844215,51.4
15.973137561231852,51.4
15.974823910742998,51.4
15.97633619979024,51.41
15.977837823331356,51.41
15.979228023439646,51.4
15.980824518948793,51.4
15.982277005910873,51.4
15.983775861561298,51.4
15.985257435590029,51.4
15.986773293465376,51.41
15.988132752478123,51.41
15.989723697304726,51.4
15.991233300417662,51.4
15.992578577250242,51.41
15.994142089039087,51.4
15.995694730430841,51.4
15.99717453494668,51.41
15.998497668653727,51.4
16.00014863908291,51.41
16.00146161019802,51.41
16.00312753021717,51.4
16.004434198141098,51.4
16.00610913708806,51.41
16.007570784538984,51.4
16.009044382721186,51.41
16.010424003005028,51.4
16.01183833181858,51.4
16.0135364420712,51.4
16.014850798994303,51.41
16.016490790992975,51.41
16.018019881099463,51.4
16.019499395042658,51.4
16.02091035991907,51.4
16.022476360201836,51.4
16.023887909948826,51.41
16.0252840295434,51.41
16.0269031599164,51.41
16.028411723673344,51.41
16.02990884333849,51.4
16.031394235789776,51.4
16.032767672091722,51.4
16.034331116825342,51.4
16.03584448248148,51.41
16.037296749651432,51.41
16.038692329078913,51.41
16.04017286375165,51.41
16.041756585240364,51.41
16.043299864977598,51.4
16.044607900083065,51.41
16.04628461971879,51.4
16.047750305384398,51.4
16.04919281601906,51.4
16.050740230828524,51.4
16.05215833708644,51.4
16.053701259195805,51.4
16.055195905268192,51.41
16.056653574109077,51.4
16.05814079195261,51.4
16.059660006314516,51.4
16.061133563518524,51.4
16.062629349529743,51.4
16.064126804471016,51.39
16.065558791160583,51.39
16.067043535411358,51.41
16.068576280027628,51.42
16.070069935172796,51.39
16.07155153527856,51.4
16.0730334892869,51.42
16.074437838047743,51.41
16.07596231997013,51.4
16.077509086579084,51.42
16.079001180827618,51.4
16.08049976825714,51.4
16.081906128674746,51.4
16.08346224948764,51.41
16.084945172071457,51.41
16.086328987032175,51.41
16.08790672570467,51.41
16.089417815208435,51.41
16.09074891358614,51.41
16.092299349606037,51.41
16.093870047479868,51.4
16.095358442515135,51.4
16.096815954893827,51.4
16.098334439098835,51.41
16.099657878279686,51.41
16.10123300552368,51.41
16.102796141058207,51.4
16.104083858430386,51.4
16.10576891899109,51.4
16.107130717486143,51.4
16.108752340078354,51.39
16.11024032905698,51.4
16.111731939017773,51.41
16.113214038312435,51.4
16.114706959575415,51.4
16.11618134751916,51.4
16.117651872336864,51.4
16.119087792932987,51.4
16.120621033012867,51.4
16.122141152620316,51.4
16.12361767143011,51.4
16.125093810260296,51.4
16.1265886798501,51.4
16.12806562706828,51.4
16.129511285573244,51.4
16.131071660667658,51.4
16.132548291236162,51.39
16.13399602845311,51.41
16.13553572818637,51.42
16.13690373674035,51.42
16.138507023453712,51.42
16.139987032860518,51.42
16.141465075314045,51.42
16.142964854836464,51.42
16.144441667944193,51.42
16.1459447927773,51.43
16.147424835711718,51.42
16.148725014179945,51.42
16.150166910141706,51.42
16.151877660304308,51.42
16.15324116498232,51.42
16.154859986156225,51.42
16.156290914863348,51.42
16.15779773518443,51.42
16.159335900098085,51.42
16.160822171717882,51.43
16.162311498075724,51.43
16.163786936551332,51.43
16.16530193015933,51.42
16.166752133518457,51.43
16.168209474533796,51.43
16.169731371104717,51.43
16.171233348548412,51.43
16.17272436618805,51.43
16.174209613353014,51.42
16.1756142526865,51.42
16.177014641463757,51.42
16.178671069443226,51.43
16.18002449721098,51.43
16.181617993861437,51.42
16.1829418130219,51.42
16.184616699814796,51.42
16.185945734381676,51.43
16.187603745609522,51.42
16.189086515456438,51.42
16.190557722002268,51.43
16.19206004589796,51.42
16.193406246602535,51.42
16.19503640383482,51.43
16.196306493133307,51.41
16.198010575026274,51.44
16.199450239539146,51.42
16.200828172266483,51.43
16.202421344816685,51.42
16.20395116508007,51.42
16.205451242625713,51.42
16.20693066343665,51.42
16.208338994532824,51.42
16.209877111017704,51.42
16.211387678980827,51.41
16.212760128080845,51.42
16.214374534785748,51.42
16.2158418931067,51.42
16.217214420437813,51.43
16.2187813334167,51.43
16.22018053755164,51.42
16.221780225634575,51.42
16.22315191105008,51.42
16.22477140277624,51.42
16.22616882994771,51.42
16.227753482759,51.42
16.2292420566082,51.42
16.23073962330818,51.42
16.232024870812893,51.43
16.233710680156946,51.43
16.235198561102152,51.42
16.236640084534883,51.42
16.23812021687627,51.43
16.239619832485914,51.42
16.240933250635862,51.42
16.242529597133398,51.42
16.244121432304382,51.41
16.24555966630578,51.42
16.24704248458147,51.41
16.248469054698944,51.41
16.250068858265877,51.42
16.251570407301188,51.42
16.252951942384243,51.4
16.25450376421213,51.42
16.25602838769555,51.42
16.257513593882322,51.42
16.25894608721137,51.41
16.260466445237398,51.42
16.261910166591406,51.42
16.263413291424513,51.41
16.26481457799673,51.42
16.266375191509724,51.42
16.267925340682268,51.41
16.26925464347005,51.41
16.270899087190628,51.41
16.272387631237507,51.41
16.273874379694462,51.43
16.275185082107782,51.42
16.276853125542402,51.41
16.27831744030118,51.43
16.27982496470213,51.43
16.2813121676445,51.42
16.282801531255245,51.42
16.284281104803085,51.42
16.285768628120422,51.42
16.287042420357466,51.42
16.288746248930693,51.42
16.290230505168438,51.41
16.29172106459737,51.42
16.293202601373196,51.42
16.29469184949994,51.42
16.296125423163176,51.42
16.29768155887723,51.42
16.299152087420225,51.42
16.300639297813177,51.42
16.30213052406907,51.42
16.30362769961357,51.42
16.30501313507557,51.42
16.30646838247776,51.42
16.308032363653183,51.41
16.30945186316967,51.39
16.311012357473373,51.38
16.31256239488721,51.38
16.31396647542715,51.37
16.315359335392714,51.38
16.316948164254427,51.38
16.318488366901875,51.38
16.319989129900932,51.37
16.32146728411317,51.38
16.322967894375324,51.37
16.32444540038705,51.37
16.325926158577204,51.37
16.327430229634047,51.37
16.328903388231993,51.38
16.330364029854536,51.37
16.331868804991245,51.37
16.333358496427536,51.37
16.33486345782876,51.36
16.336286455392838,51.38
16.3378415517509,51.38
16.339277163147926,51.38
16.340809423476458,51.39
16.34227715805173,51.4
16.343786124140024,51.41
16.345268081873655,51.42
16.346767231822014,51.41
16.348251543939114,51.41
16.349623274058104,51.41
16.351217925548553,51.41
16.352698996663094,51.4
16.35408451780677,51.4
16.35554837062955,51.4
16.35709946602583,51.4
16.358670733869076,51.4
16.36015198379755,51.41
16.361646711826324,51.4
16.36306758224964,51.4
16.364609744399786,51.4
16.366092663258314,51.4
16.36757519841194,51.39
16.36907995864749,51.39
16.370350994169712,51.4
16.37204461172223,51.4
16.37353203073144,51.41
16.375014636665583,51.4
16.37651376053691,51.4
16.377979397773743,51.41
16.37949427589774,51.4
16.380979798734188,51.41
16.382428973913193,51.4
16.38390075415373,51.4
16.385426811873913,51.39
16.386879988014698,51.4
16.38835959881544,51.4
16.389905657619238,51.4
16.3913960121572,51.4
16.39288553968072,51.4
16.394276723265648,51.4
16.395761091262102,51.41
16.39730003848672,51.4
16.39882342144847,51.4
16.400311544537544,51.4
16.401777356863022,51.4
16.403271421790123,51.4
16.404773455113173,51.4
16.406206846237183,51.41
16.407762989401817,51.41
16.40923883765936,51.4
16.41072091087699,51.4
16.412239115685225,51.4
16.41371066123247,51.4
16.415201753377914,51.4
16.41668152809143,51.4
16.41817155852914,51.4
16.419647566974163,51.41
16.42114859074354,51.41
16.422635607421398,51.4
16.424111288040876,51.4
16.42561075463891,51.4
16.427089296281338,51.4
16.428577437996864,51.4
16.430067870765924,51.4
16.43155851215124,51.4
16.43303782120347,51.4
16.43453896418214,51.4
16.436014089733362,51.4
16.43751135095954,51.4
16.438987761735916,51.4
16.44048361852765,51.39
16.441919844597578,51.39
16.44344412535429,51.4
16.444944951683283,51.4
16.446376848965883,51.4
16.447898663580418,51.4
16.449371725320816,51.4
16.450882099568844,51.39
16.452388651669025,51.4
16.45387138426304,51.4
16.45537029951811,51.4
16.4568466283381,51.4
16.458328623324633,51.4
16.45981116965413,51.4
16.461300000548363,51.4
16.462791372090578,51.4
16.464259546250105,51.4
16.465772304683924,51.39
16.46725956350565,51.39
16.46875872835517,51.4
16.47021558135748,51.4
16.471686825156212,51.4
16.47320555895567,51.4
16.474695600569248,51.41
16.47617109119892,51.41
16.477667544037104,51.4
16.47915828227997,51.4
16.480641424655914,51.41
16.482140745967627,51.41
16.48362473025918,51.41
16.485117353498936,51.41
16.486591938883066,51.4
16.48808167502284,51.4
16.48944591730833,51.4
16.491052351891994,51.4
16.492532391101122,51.39
16.49402902275324,51.4
16.49539963155985,51.41
16.49693799763918,51.41
16.498501159250736,51.4
16.49999040365219,51.39
16.501479744911194,51.4
16.502957712858915,51.4
16.504442937672138,51.4
16.505941312760115,51.4
16.50741930678487,51.4
16.508921194821596,51.4
16.510390009731054,51.4
16.511885974556208,51.4
16.513376265764236,51.4
16.51485552638769,51.4
16.51635282114148,51.4
16.517808452248573,51.39
16.519287317991257,51.4
16.520735036581755,51.4
16.52224687859416,51.41
16.523767787963152,51.4
16.525201808661222,51.4
16.526683151721954,51.4
16.52824966236949,51.41
16.529727406799793,51.41
16.531227100640535,51.4
16.532708570361137,51.4
16.534158620983362,51.4
16.53562369942665,51.4
16.537178236991167,51.4
16.538655146956444,51.41
16.54015390574932,51.41
16.541645370423794,51.4
16.543131295591593,51.4
16.544612731784582,51.4
16.546093318611383,51.4
16.547592513263226,51.41
16.549070417881012,51.4
16.550555262714624,51.41
16.552053194493055,51.4
16.55353458970785,51.4
16.555016208440065,51.4
16.556505873799324,51.4
16.5579964928329,51.4
16.559488955885172,51.4
16.560977406799793,51.41
16.56246466562152,51.4
16.563954416662455,51.4
16.56543632224202,51.4
16.566918935626745,51.41
16.568417582660913,51.41
16.56988265365362,51.41
16.57138505578041,51.4
16.57285950705409,51.4
16.574360266327858,51.4
16.575833309441805,51.4
16.577330507338047,51.41
16.578786116093397,51.4
16.580310709774494,51.39
16.581790193915367,51.39
16.583255663514137,51.4
16.58474299311638,51.4
16.58622172102332,51.4
16.587725643068552,51.4
16.589242659509182,51.4
16.59072594717145,51.4
16.59221625700593,51.41
16.593700647354126,51.41
16.595180798321962,51.41
16.59666646271944,51.4
16.598172206431627,51.41
16.59964595362544,51.41
16.601143900305033,51.4
16.602633628994226,51.41
16.60410661995411,51.4
16.60560665279627,51.4
16.607087023556232,51.41
16.60857743024826,51.41
16.609997179359198,51.41
16.611560627818108,51.41
16.613018963485956,51.41
16.61452642455697,51.4
16.61600799113512,51.41
16.617508474737406,51.41
16.618959985673428,51.41
16.620481867343187,51.41
16.621900215744972,51.41
16.623456068336964,51.41
16.624941054731607,51.41
16.626421187072992,51.41
16.627893909811974,51.4
16.629382152110338,51.41
16.630866039544344,51.4
16.632391288876534,51.41
16.633871365338564,51.41
16.63535301759839,51.41
16.636835526674986,51.41
16.63833700492978,51.41
16.639819487929344,51.41
16.641313195228577,51.4
16.642785374075174,51.41
16.64429410547018,51.41
16.645751725882292,51.41
16.647246602922678,51.41
16.64873682335019,51.41
16.65019391849637,51.4
16.651720196008682,51.41
16.653208307921886,51.4
16.65466609224677,51.4
16.656150680035353,51.41
16.657668139785528,51.41
16.659148905426264,51.4
16.660553593188524,51.41
16.6621305719018,51.4
16.663610249757767,51.4
16.665111184120178,51.41
16.666531827300787,51.41
16.66808020323515,51.41
16.66956101730466,51.41
16.671058919280767,51.41
16.672545831650496,51.41
16.67403055727482,51.41
16.675517089664936,51.41
16.677003655582666,51.42
16.678487055003643,51.4
16.679985139518976,51.41
16.681464206427336,51.41
16.682945977896452,51.41
16.68443175777793,51.41
16.685927871614695,51.41
16.68741424381733,51.41
16.688905995339155,51.41
16.690396670252085,51.41
16.69187181442976,51.41
16.693360038101673,51.41
16.694848988205194,51.41
16.696349639445543,51.41
16.697838198393583,51.4
16.699310161173344,51.4
16.700811602175236,51.4
16.702295426279306,51.4
16.70378791168332,51.4
16.705238468945026,51.41
16.70675854384899,51.41
16.70824733003974,51.41
16.709735345095396,51.41
16.711212441325188,51.41
16.712709683924913,51.41
16.714201547205448,51.41
16.715676575899124,51.41
16.717158809304237,51.41
16.718655172735453,51.41
16.720146127045155,51.41
16.72163663059473,51.41
16.723036754876375,51.41
16.724614433944225,51.41
16.72609554976225,51.41
16.727580226957798,51.41
16.72907506674528,51.42
16.730560090392828,51.41
16.73204942792654,51.42
16.733523584902287,51.41
16.735010039061308,51.4
16.736503463238478,51.41
16.738000616431236,51.42
16.73948683962226,51.41
16.740976944565773,51.41
16.74246386438608,51.42
16.743942368775606,51.41
16.745429027825594,51.4
16.746916133910418,51.4
16.748409423977137,51.41
16.749904587864876,51.41
16.751386642456055,51.41
16.752869073301554,51.41
16.7543559782207,51.4
16.755852982401848,51.42
16.75728713348508,51.41
16.758732054382563,51.41
16.76031729206443,51.41
16.761789798736572,51.42
16.763275418430567,51.41
16.764765076339245,51.42
16.766259137541056,51.42
16.76764400675893,51.41
16.769056983292103,51.41
16.77072251588106,51.43
16.772205762565136,51.43
16.773704078048468,51.43
16.7751829251647,51.43
16.776664566248655,51.43
16.77816192060709,51.43
16.779647681862116,51.43
16.781132221221924,51.43
16.782616034150124,51.43
16.784104377031326,51.43
16.785595767199993,51.44
16.787072148174047,51.43
16.78856634348631,51.43
16.79001934453845,51.43
16.791541293263435,51.43
16.792975578457117,51.44
16.79450275376439,51.42
16.796006347984076,51.42
16.79749868810177,51.43
16.79898229241371,51.43
16.80047096312046,51.43
16.80196987092495,51.44
16.80345395207405,51.43
16.804933547973633,51.43
16.806341413408518,51.42
16.807854309678078,51.43
16.809389546513557,51.43
16.81089524179697,51.43
16.812322668731213,51.43
16.81386113539338,51.43
16.81535965949297,51.43
16.81683659926057,51.43
16.818332813680172,51.43
16.81980412080884,51.43
16.821298010647297,51.43
16.822781454771757,51.43
16.82428116351366,51.43
16.825767312198877,51.43
16.827244240790606,51.42
16.82874346897006,51.43
16.83023278415203,51.43
16.831710197031498,51.43
16.83319667726755,51.42
16.83466263487935,51.42
16.836167849600315,51.42
16.837660774588585,51.43
16.83915612846613,51.43
16.840640269219875,51.43
16.842132531106472,51.43
16.84362081065774,51.42
16.845089722424746,51.42
16.846600499004126,51.43
16.848069049417973,51.43
16.849556107074022,51.43
16.85104627534747,51.43
16.852543238550425,51.42
16.85389608517289,51.42
16.855507731437683,51.43
16.856997601687908,51.42
16.85848341882229,51.42
16.859975814819336,51.42
16.86146604269743,51.42
16.862956922501326,51.42
16.864435646682978,51.43
16.865916311740875,51.43
16.86741714179516,51.43
16.868894554674625,51.43
16.87036097422242,51.43
16.871878571808338,51.42
16.873363722115755,51.42
16.874859038740396,51.42
16.87629611045122,51.42
16.877836100757122,51.42
16.879313804209232,51.42
16.880808744579554,51.43
16.882293932139874,51.43
16.88378009572625,51.43
16.885257471352816,51.42
16.886684700846672,51.42
16.888225346803665,51.42
16.88972606509924,51.42
16.891221337020397,51.42
16.892697241157293,51.42
16.89418751001358,51.42
16.895684149116278,51.41
16.89715965092182,51.41
16.89865116402507,51.42
16.900135077536106,51.42
16.901628471910954,51.42
16.903055638074875,51.42
16.904617585241795,51.42
16.90609747543931,51.42
16.907585255801678,51.42
16.909063640981913,51.42
16.910547234117985,51.42
16.912039011716843,51.41
16.913521371781826,51.41
16.915023185312748,51.41
16.91650263592601,51.41
16.917984794825315,51.4
16.919470462948084,51.4
16.92096335813403,51.41
16.9224567823112,51.41
16.923935540020466,51.41
16.925428993999958,51.41
16.926918104290962,51.39
16.928398746997118,51.4
16.929887276142836,51.4
16.93132284283638,51.4
16.932865917682648,51.41
16.934353575110435,51.42
16.93583996221423,51.42
16.93733713403344,51.41
