elapsed_time [min],weight [g]
0.8156351782381535,-1.13,-7.27,29.95
0.8169595189392567,-1.13,-7.27,29.95
0.8185880556702614,-1.13,-7.26,29.95
0.8199916854500771,-1.12,-7.26,29.95
0.8214396014809608,-1.13,-7.25,29.95
0.8229592591524124,-1.13,-7.25,29.94
0.8244791477918625,-1.13,-7.25,29.94
0.8258713260293007,-1.12,-7.24,29.94
0.8274631574749947,-1.13,-7.23,29.94
0.8288142308592796,-1.13,-7.23,29.94
0.8303693421185017,-1.13,-7.23,29.94
0.8318321034312248,-1.13,-7.22,29.94
0.8332986198365688,-1.12,-7.22,29.94
0.8348129279911518,-1.13,-7.22,29.93
0.8362936452031136,-1.13,-7.21,29.93
0.8378288932144642,-1.12,-7.21,29.94
0.8392264023423195,-1.12,-7.2,29.95
0.8407594412565231,-1.12,-7.19,29.95
0.8421452268958092,-1.13,-7.17,29.95
0.8437089510262012,-1.13,-7.16,29.96
0.8452074229717255,-1.12,-7.16,29.96
0.8466898165643215,-1.13,-7.16,29.96
0.8480771258473396,-1.13,-7.16,29.96
0.8496323451399803,-1.13,-7.16,29.95
0.8510512597858906,-1.13,-7.15,29.95
0.8525980897247791,-1.11,-7.16,29.97
0.8540667928755283,-1.07,-7.37,30.36
0.8555592447519302,-1.27,-7.45,30.01
0.8569715470075607,-1.05,-7.22,29.93
0.8585364073514938,-1.11,-7.18,30.03
0.8599263653159142,-1.15,-7.24,30.26
0.8614932484924793,-1.15,-7.12,33.45
0.8629549741744995,-1.15,-6.58,35.01
0.8641925044357777,-1.12,-6.71,30.87
0.8659101463854313,-1.1,-7.07,30.24
0.8671604655683041,-1.1,-7.34,31.06
0.8688657619059086,-1.16,-7.63,32.73
0.8702142685651779,-1.12,-7.43,35.99
0.8717893250286579,-0.95,-6.17,38.74
0.873064536601305,-0.75,-4.72,39.2
0.8745762072503567,-0.75,-4.26,35.93
0.8762566782534122,-0.66,-4.88,35.71
0.8775127902626991,-0.58,-4.37,42.19
0.8792204186320305,-0.56,-5.15,36.15
0.8806702233850956,-0.73,-7.19,24.46
0.8819575533270836,-0.99,-7.0,15.77
0.8836185559630394,-0.89,-5.91,8.91
0.8849445208907127,-0.89,-6.25,7.28
0.8866083398461342,-0.93,-6.09,6.55
0.8878946900367737,-0.97,-5.99,5.7
0.8895704932510853,-1.16,-6.07,4.96
0.8924280516803265,-1.1,-2.9,4.37
0.8953131698071957,-0.27,1.33,3.1
0.8982262462377548,-0.03,3.24,2.34
0.9012587033212185,-0.1,3.17,2.23
0.9042101167142391,-0.04,4.21,0.65
0.9072384275496006,0.04,4.27,-0.12
0.9102861173450947,0.06,4.63,-3.09
0.91311389580369,0.1,3.55,-0.49
0.9160713404417038,0.02,5.28,-0.33
0.9190026819705963,10.39,6.41,-0.29
0.9221102073788643,15.46,4.88,-0.26
0.9249876104295254,44.99,3.89,-0.25
0.9280283115804195,30.48,4.45,-0.24
0.9309603050351143,34.54,4.58,-0.24
0.9339336790144444,35.2,4.57,-0.24
0.9367291666567326,35.06,4.55,-0.24
0.9398031830787659,34.88,4.54,-0.24
0.9413265809416771,34.78,4.55,-0.24
0.9428035952150822,34.74,4.55,-0.24
0.9442526064813137,34.72,4.55,-0.24
0.9456885382533073,34.7,4.54,-0.24
0.9472147896885872,34.68,4.54,-0.24
0.9487171955406666,34.67,4.52,-0.24
0.9502055160701275,34.66,4.5,-0.24
0.9515904523432255,34.66,4.5,-0.24
0.9531163759529591,34.65,4.5,-0.24
0.9545672684907913,34.64,4.51,-0.24
0.9561185427010059,34.62,4.52,-0.24
0.9575294628739357,34.62,4.52,-0.24
0.9589883349835873,34.64,4.53,-0.24
0.9605479203164577,34.65,4.53,-0.24
0.9620250761508942,34.64,4.54,-0.24
0.9633870013058186,34.64,4.54,-0.24
0.9649319835007191,34.63,4.55,-0.24
0.9664755053818226,34.62,4.55,-0.24
0.9679398387670517,34.62,4.56,-0.24
0.9691927395761013,34.62,4.56,-0.24
0.9708468317985535,34.61,4.56,-0.24
0.9721496216952801,34.61,4.56,-0.24
0.9738372750580311,34.61,4.57,-0.24
0.9752900898456573,34.61,4.57,-0.24
0.9767870754003525,34.61,4.57,-0.24
0.9780860990285873,34.61,4.57,-0.24
0.9797548688948154,34.6,4.57,-0.24
0.981105700135231,34.6,4.57,-0.24
0.982710238546133,34.6,4.57,-0.24
0.9840221777558327,34.61,4.57,-0.24
0.9856879748404026,34.6,4.57,-0.24
0.9871641881763935,34.6,4.58,-0.24
0.9899663589894772,34.6,4.58,-0.24
0.9929329976439476,34.6,4.58,-0.24
0.9959836304187775,34.6,4.58,-0.24
0.9988044090569019,34.6,4.58,-0.24
1.0018108785152435,34.59,4.59,-0.24
1.0048623383045197,34.59,4.6,-0.24
1.0077809877693653,34.56,4.6,-0.24
1.0106198973953724,34.56,4.6,-0.24
1.013569165021181,34.56,4.59,-0.24
1.0166936479508877,34.57,4.59,-0.24
1.019635558128357,34.56,4.59,-0.24
1.0225771181285381,34.56,4.59,-0.24
1.0255134552717209,34.56,4.59,-0.23
1.0285864099860191,34.57,4.59,-0.24
1.0314649976789951,34.57,4.59,-0.23
1.03447625041008,34.57,4.59,-0.23
1.037407711148262,34.57,4.59,-0.23
1.0403372831642628,34.57,4.59,-0.23
1.0433643572032452,34.57,4.58,-0.23
1.0462893433868885,34.58,4.54,-0.23
1.0492911860346794,34.58,4.54,-0.23
1.0522363744676113,34.58,4.55,-0.23
1.055158320814371,34.59,4.55,-0.23
1.0581413470208645,34.59,4.55,-0.23
1.0610747076570988,34.58,4.55,-0.24
1.0640218406915665,34.58,4.55,-0.24
1.066788263618946,34.59,4.55,-0.24
1.0684873722493649,34.58,4.54,-0.24
1.0697436034679413,34.58,4.55,-0.24
1.0714104808866978,34.58,4.55,-0.23
1.0727860257029533,34.58,4.55,-0.23
1.0744051560759544,34.58,4.55,-0.24
1.0756706558167934,34.58,4.55,-0.24
1.0773658156394958,34.58,4.55,-0.23
1.07862663641572,34.59,4.55,-0.23
1.080297790467739,34.58,4.56,-0.23
1.0816227495670319,34.59,4.56,-0.23
1.0832795985043049,34.59,4.56,-0.23
1.0845720805227757,34.59,4.56,-0.23
1.0862439423799515,34.58,4.55,-0.23
1.08751729875803,34.59,4.56,-0.23
1.0906699895858765,34.59,4.56,-0.23
1.0936306081712246,34.59,4.56,-0.23
1.096554335206747,34.59,4.56,-0.23
1.0994447618722916,34.59,4.56,-0.24
1.1009458750486374,34.59,4.56,-0.23
1.1025083512067795,34.59,4.56,-0.23
1.1039880737662315,34.59,4.56,-0.23
1.105322003364563,34.6,4.56,-0.23
1.1069523878395557,34.6,4.56,-0.23
1.1084277220070362,34.6,4.56,-0.23
1.1097425445914268,34.59,4.56,-0.23
1.1113350167870522,34.6,4.56,-0.23
1.112725518643856,34.6,4.56,-0.23
1.1143421567976475,34.59,4.56,-0.23
1.1157035417854786,34.59,4.56,-0.23
1.1172648705542088,34.6,4.56,-0.23
1.118687842041254,34.6,4.56,-0.23
1.1202525682747364,34.6,4.56,-0.23
1.1217327825725079,34.6,4.56,-0.23
1.1231343187391758,34.59,4.56,-0.23
1.1246387660503387,34.6,4.56,-0.23
1.1260375678539276,34.6,4.56,-0.23
1.127529762685299,34.6,4.56,-0.23
1.1290304213762283,34.6,4.56,-0.23
1.1306046023964882,34.6,4.56,-0.23
1.131986565887928,34.6,4.56,-0.23
1.1335597783327103,34.6,4.56,-0.23
1.135040059685707,34.6,4.56,-0.23
1.1365097500383854,34.6,4.56,-0.23
1.138002909719944,34.6,4.56,-0.23
1.1394791789352894,34.6,4.56,-0.23
1.1408670619130135,34.6,4.56,-0.23
1.1424122750759125,34.6,4.56,-0.23
1.143873043358326,34.6,4.56,-0.23
1.1453811191022396,34.6,4.57,-0.23
1.146861493587494,34.6,4.57,-0.23
1.148342501372099,34.61,4.56,-0.23
1.1498021557927132,34.61,4.57,-0.23
1.1513120494782925,34.61,4.57,-0.23
1.1527835950255394,34.6,4.57,-0.23
1.1542563885450363,34.6,4.56,-0.23
1.1557316780090332,34.61,4.56,-0.23
1.1572266146540642,34.61,4.56,-0.23
1.1586469188332558,34.61,4.56,-0.23
1.1601805575191975,34.61,4.56,-0.23
1.1616139449179173,34.61,4.56,-0.23
1.1630312651395798,34.6,4.56,-0.23
1.1646298356354237,34.61,4.57,-0.23
1.1658944860100746,34.61,4.57,-0.23
1.167538519948721,34.61,4.57,-0.23
1.1689997352659702,34.61,4.57,-0.23
1.1704860627651215,34.61,4.57,-0.23
1.1720055565238,34.61,4.57,-0.23
1.173458356410265,34.61,4.57,-0.23
1.1749638095498085,34.61,4.57,-0.23
1.1764235086739063,34.61,4.57,-0.23
1.1778097115457058,34.61,4.57,-0.23
1.1793839298188686,34.61,4.57,-0.23
1.1808945573866367,34.61,4.57,-0.23
1.182373583316803,34.62,4.57,-0.23
1.183853067457676,34.61,4.57,-0.23
1.1851039193570614,34.61,4.58,-0.23
1.1882699392735958,34.61,4.57,-0.23
1.1912300251424313,34.61,4.58,-0.23
1.1941846199333668,34.62,4.58,-0.23
1.1971415579319,34.61,4.58,-0.23
1.2000391371548176,34.62,4.58,-0.23
1.2029286213219166,34.62,4.58,-0.23
1.205879244953394,34.62,4.58,-0.23
1.2089945115149021,34.62,4.58,-0.23
1.2117939330637455,34.62,4.58,-0.23
1.2149013951420784,34.62,4.58,-0.23
1.2177680656313896,34.62,4.58,-0.23
1.2207422517240047,34.62,4.58,-0.23
1.2237675748765469,34.62,4.58,-0.23
1.2267197221517563,34.62,4.58,-0.23
1.2296722307801247,34.62,4.58,-0.23
1.2326416932046413,34.62,4.58,-0.23
1.2355977073311806,34.62,4.58,-0.23
1.2384395822882652,34.62,4.58,-0.23
1.2415240593254566,34.63,4.58,-0.23
1.2444706447422504,34.63,4.59,-0.23
1.2474266365170479,34.63,4.59,-0.23
1.2502535060048103,34.64,4.61,-0.24
1.2531883791089058,34.62,4.6,-0.23
1.2562887147068977,34.63,4.6,-0.23
1.2592031471431255,34.63,4.6,-0.23
1.2622087970376015,34.62,4.59,-0.24
1.2636988088488579,34.63,4.58,-0.23
1.2651786878705025,34.65,4.58,-0.22
1.2666530758142471,34.65,4.56,-0.22
1.2681196853518486,34.64,4.55,-0.23
1.2695839442312717,34.64,4.55,-0.23
1.2711138278245926,34.64,4.55,-0.23
1.272558830678463,34.63,4.54,-0.23
1.2740448266267776,34.64,4.54,-0.23
1.2755289003252983,34.64,4.54,-0.23
1.2770001366734505,34.64,4.55,-0.23
1.2784823961555958,34.64,4.55,-0.23
1.2799684964120388,34.65,4.56,-0.22
1.281298466026783,34.65,4.56,-0.23
1.282717876136303,34.63,4.56,-0.24
1.2842120602726936,34.62,4.56,-0.24
1.2873827777802944,34.64,4.55,-0.22
1.2902309894561768,34.64,4.53,-0.23
1.2932669408619404,34.64,4.53,-0.23
1.2960060238838196,34.64,4.53,-0.23
1.2991987951099873,34.63,4.53,-0.23
1.3021516241133213,34.64,4.53,-0.23
1.3051139563322067,34.64,4.53,-0.23
1.3080507218837738,34.64,4.54,-0.23
1.3110260888934135,34.64,4.54,-0.23
1.31394999101758,34.64,4.53,-0.23
1.3168796002864838,34.65,4.54,-0.23
1.3198875859379768,34.64,4.54,-0.23
1.3228508904576302,34.65,4.54,-0.23
1.3243395797908306,34.64,4.54,-0.23
1.3257457911968231,34.64,4.54,-0.23
1.3272346816956997,34.64,4.54,-0.23
1.3286446519196033,34.64,4.54,-0.23
1.3302216567099094,34.64,4.54,-0.23
1.3316955268383026,34.65,4.54,-0.23
1.3331292159855366,34.64,4.54,-0.23
1.33467610552907,34.64,4.54,-0.23
1.3361618295311928,34.65,4.54,-0.23
1.3376295827329159,34.65,4.54,-0.23
1.3391192629933357,34.65,4.54,-0.23
1.340589165687561,34.65,4.54,-0.23
1.342054843902588,34.65,4.54,-0.23
1.3434893153607845,34.65,4.54,-0.23
1.3450134247541428,34.65,4.54,-0.23
1.3465229831635952,34.64,4.54,-0.23
1.3479985445737839,34.64,4.54,-0.23
1.3493962064385414,34.64,4.54,-0.23
1.3509269393980503,34.65,4.54,-0.23
1.3524190410971642,34.65,4.54,-0.23
1.353901643306017,34.65,4.54,-0.23
1.355387207120657,34.65,4.54,-0.23
1.3568583764135838,34.65,4.54,-0.23
1.358274195343256,34.65,4.54,-0.23
1.3595832623541355,34.65,4.54,-0.23
1.3612992763519287,34.65,4.54,-0.23
1.3627830892801285,34.65,4.54,-0.23
1.3642616905272007,34.65,4.54,-0.23
1.365740742534399,34.65,4.54,-0.23
1.3672162219882011,34.65,4.54,-0.23
1.3686881586909294,34.65,4.54,-0.23
1.369964063167572,34.65,4.54,-0.23
1.3716048523783684,34.65,4.54,-0.23
1.3729281276464462,34.65,4.54,-0.23
1.3745843097567558,34.66,4.54,-0.23
1.3760910592973232,34.66,4.53,-0.23
1.3775661922991276,34.66,4.53,-0.23
1.3790310770273209,34.66,4.53,-0.23
1.3805287666618824,34.65,4.53,-0.23
1.3820037320256233,34.65,4.53,-0.23
1.3834504932165146,34.66,4.54,-0.23
1.3863881677389145,34.66,4.54,-0.23
1.3893870934844017,34.66,4.54,-0.23
1.392177727073431,34.66,4.54,-0.23
1.3952323943376541,34.66,4.54,-0.23
1.398103453218937,34.66,4.54,-0.23
1.4012306034564972,34.66,4.54,-0.23
1.4041928388178349,34.66,4.54,-0.23
1.4070890843868256,34.66,4.54,-0.23
1.4099367819726467,34.67,4.54,-0.23
1.4130555465817451,34.66,4.54,-0.23
1.4160236790776253,34.66,4.54,-0.23
1.4189469255506992,34.66,4.54,-0.23
1.4219380654394627,34.66,4.54,-0.23
1.424878053367138,34.66,4.55,-0.23
1.4263597279787064,34.65,4.55,-0.23
1.4278247244656086,34.66,4.55,-0.23
1.4293221980333328,34.66,4.55,-0.23
1.4308097511529922,34.66,4.55,-0.23
1.4321546033024788,34.66,4.55,-0.23
1.4337065368890762,34.66,4.55,-0.23
1.4351195581257343,34.67,4.55,-0.23
1.4366723783314228,34.67,4.55,-0.23
1.4382025822997093,34.66,4.55,-0.23
1.439589500427246,34.67,4.55,-0.23
1.441162820905447,34.66,4.55,-0.23
1.4426324293017387,34.66,4.55,-0.23
1.4441188536584377,34.66,4.55,-0.23
1.4455879963934422,34.66,4.55,-0.23
1.4470677338540554,34.66,4.55,-0.23
1.448450744152069,34.66,4.55,-0.23
1.4500270634889603,34.66,4.55,-0.23
1.4514172412455082,34.67,4.55,-0.23
1.4529725350439548,34.66,4.55,-0.23
1.4544281885027885,34.66,4.55,-0.23
1.455943576991558,34.67,4.55,-0.23
1.4573267735540867,34.67,4.55,-0.23
1.4589030407369137,34.67,4.56,-0.23
1.4603668674826622,34.67,4.56,-0.23
1.461829949170351,34.66,4.56,-0.23
1.4633372500538826,34.67,4.56,-0.23
1.4648148939013481,34.67,4.56,-0.23
1.4662870727479458,34.66,4.56,-0.23
1.4676963835954666,34.67,4.56,-0.23
1.4691865034401417,34.67,4.55,-0.23
1.4707224033772945,34.67,4.55,-0.23
1.4720129147171974,34.67,4.56,-0.23
1.4736866913735867,34.67,4.55,-0.23
1.4749306999146938,34.66,4.55,-0.23
1.476630724966526,34.67,4.55,-0.23
1.4780821204185486,34.67,4.55,-0.23
1.4795982092618942,34.67,4.56,-0.23
1.4810783006250858,34.67,4.56,-0.23
1.482522901147604,34.67,4.56,-0.23
1.4853164851665497,34.67,4.56,-0.23
1.4884651862084866,34.66,4.56,-0.23
1.4914372488856316,34.67,4.56,-0.23
1.494194533675909,34.67,4.56,-0.23
1.4973384253680706,34.67,4.56,-0.23
1.5001751072704792,34.67,4.56,-0.23
1.5032527074217796,34.67,4.56,-0.23
1.5062236040830612,34.67,4.56,-0.23
1.5091450214385986,34.67,4.56,-0.23
1.5121264643967152,34.67,4.56,-0.23
1.5151095539331436,34.67,4.56,-0.23
1.5180415995419025,34.67,4.56,-0.23
1.5210139714181423,34.67,4.56,-0.23
1.5237454995512962,34.67,4.56,-0.23
1.5269243456423283,34.67,4.56,-0.23
1.5297641605138779,34.68,4.56,-0.23
1.5326352789998055,34.67,4.56,-0.23
1.5358000732958317,34.67,4.56,-0.23
1.5387239344418049,34.68,4.56,-0.23
1.5417143441736698,34.68,4.56,-0.23
1.544667862355709,34.68,4.56,-0.23
1.5476388558745384,34.67,4.56,-0.23
1.5505734607577324,34.67,4.56,-0.23
1.5535416305065155,34.67,4.56,-0.23
1.5564934238791466,34.67,4.56,-0.23
1.5594633221626282,34.67,4.56,-0.23
1.5624273791909218,34.68,4.56,-0.23
1.5651514418423176,34.67,4.56,-0.23
1.5683335177600384,34.68,4.56,-0.23
1.5710673220455647,34.68,4.56,-0.23
1.5742370188236237,34.68,4.56,-0.23
1.5757272355258465,-66.34,4.56,-0.23
1.5772072821855545,34.68,4.56,-0.23
1.578684076666832,34.68,4.56,-0.23
1.5799329727888107,34.68,4.56,-0.23
1.5816441737115383,34.68,4.56,-0.23
1.5845900624990463,34.68,4.56,-0.23
1.5860796608030796,34.68,4.56,-0.23
1.5875549465417862,34.68,4.56,-0.23
1.589033491909504,34.68,4.56,-0.23
1.590515349060297,34.68,4.56,-0.22
1.5919905379414558,34.69,4.56,-0.23
1.5934664160013199,34.68,4.56,-0.23
1.5949456803500652,34.68,4.56,-0.23
1.5964217334985733,34.68,4.56,-0.23
1.5979010574519634,34.68,4.56,-0.23
1.5993786677718163,34.68,4.56,-0.23
1.6008626483380795,34.68,4.56,-0.23
1.6021473035216331,34.68,4.56,-0.23
1.603823222219944,34.68,4.56,-0.23
1.6051466315984726,34.68,4.56,-0.23
1.6067774556577206,34.68,4.56,-0.23
1.6080725230276585,34.68,4.56,-0.23
1.6097285524010658,34.68,4.56,-0.23
1.6112185306847095,34.68,4.56,-0.23
1.6126963794231415,34.68,4.56,-0.23
1.6141664311289787,34.68,4.56,-0.23
1.6156628467142582,34.68,4.56,-0.23
1.6170491836965084,34.68,4.56,-0.23
1.6184741519391537,34.68,4.56,-0.23
1.6201015450060368,34.68,4.56,-0.23
1.6214900389313698,34.68,4.56,-0.23
1.6230445615947247,34.68,4.56,-0.23
1.6245244517922401,34.68,4.56,-0.23
1.6259678304195404,34.68,4.56,-0.23
1.6274846717715263,34.68,4.56,-0.23
1.6289563737809658,34.67,4.56,-0.23
1.6304122358560562,34.68,4.56,-0.23
1.6317766346037388,34.68,4.56,-0.23
1.6333846375346184,34.68,4.56,-0.23
1.6347443833947182,34.68,4.56,-0.23
1.6363161578774452,34.68,4.57,-0.23
1.6376997083425522,34.68,4.57,-0.23
1.6393101550638676,34.68,4.57,-0.23
1.6406702995300293,34.68,4.57,-0.23
1.6422673724591732,34.68,4.57,-0.23
1.6436642706394196,34.68,4.57,-0.23
1.6451852656900883,34.68,4.57,-0.23
1.6466042883694172,34.68,4.57,-0.23
1.6481905654072762,34.68,4.57,-0.23
1.6496413797140121,34.68,4.57,-0.23
1.6511127389967442,34.68,4.57,-0.23
1.6526278480887413,34.69,4.57,-0.23
1.6540997922420502,34.68,4.57,-0.23
1.655577976256609,34.69,4.57,-0.23
1.65706218034029,34.68,4.57,-0.23
1.658536460250616,34.68,4.57,-0.23
1.6600081026554108,34.68,4.57,-0.23
1.6614992171525955,34.69,4.57,-0.23
1.6629691421985626,34.68,4.57,-0.23
1.6644428670406342,34.69,4.57,-0.23
1.665922824293375,34.69,4.57,-0.23
1.6673535220324993,34.69,4.57,-0.23
1.6687075197696686,34.68,4.57,-0.23
1.670297872275114,34.68,4.57,-0.23
1.6718160957098007,34.69,4.57,-0.23
1.6733313202857971,34.68,4.57,-0.23
1.6748034097254276,34.68,4.57,-0.23
1.6762796640396118,34.68,4.57,-0.23
1.6777564994990826,34.68,4.57,-0.23
1.6792355179786682,34.68,4.57,-0.23
1.6821988336741924,34.68,4.57,-0.23
1.6851466745138168,34.69,4.57,-0.23
1.6881104782223701,34.68,4.58,-0.23
1.6910493522882462,34.69,4.58,-0.23
1.6940316632390022,34.69,4.58,-0.23
1.696832600980997,34.69,4.58,-0.23
1.6997295580804348,34.68,4.58,-0.23
1.702896822243929,34.68,4.57,-0.23
1.7058726511895657,34.69,4.58,-0.23
1.7088062949478626,34.69,4.58,-0.23
1.7116644978523254,34.68,4.58,-0.23
1.714683286845684,34.68,4.58,-0.23
1.7177062556147575,34.68,4.58,-0.23
1.7205580994486809,34.68,4.58,-0.23
1.7234800793230534,34.68,4.58,-0.23
1.7265612483024597,34.68,4.58,-0.23
1.7295156456530094,34.69,4.58,-0.23
1.7324539609253407,34.69,4.58,-0.23
1.7354021035134792,34.69,4.58,-0.23
1.7383853234350681,34.69,4.58,-0.23
1.7413488514721394,34.69,4.58,-0.23
1.7442953437566757,34.69,4.58,-0.23
1.747259147465229,34.69,4.58,-0.23
1.7487452290952206,34.69,4.58,-0.23
1.7502235174179077,34.7,4.58,-0.23
1.7516975402832031,34.69,4.58,-0.23
1.753180492669344,34.7,4.58,-0.23
1.7546520829200745,34.7,4.58,-0.23
1.756129413843155,34.7,4.58,-0.23
1.7576213702559471,34.7,4.58,-0.23
1.7591071873903275,34.7,4.58,-0.23
1.760574571788311,34.7,4.58,-0.23
1.762048576027155,34.7,4.58,-0.23
1.7635323144495487,34.7,4.58,-0.23
1.7650123946368694,34.69,4.58,-0.23
1.7664876691997051,34.69,4.58,-0.23
1.7679655849933624,34.7,4.58,-0.23
1.769443966448307,34.7,4.58,-0.23
1.7709328271448612,34.69,4.58,-0.23
1.7724110707640648,34.7,4.58,-0.23
1.7738910168409348,34.69,4.58,-0.23
1.7753698825836182,34.69,4.58,-0.23
1.776833899319172,34.7,4.58,-0.23
1.7783127091825008,34.7,4.58,-0.23
1.7812816686928272,34.7,4.58,-0.23
1.7842290066182613,34.7,4.58,-0.23
1.7871916554868221,34.7,4.58,-0.23
1.7901527248322964,34.7,4.58,-0.23
1.7931031323969364,34.7,4.58,-0.23
1.7960670851171017,34.7,4.58,-0.23
1.7990255616605282,34.7,4.58,-0.23
1.801913745701313,34.7,4.58,-0.23
1.8047925345599651,34.7,4.58,-0.23
1.8079030141234398,34.7,4.58,-0.23
1.810851089656353,34.7,4.58,-0.23
1.813781276345253,34.7,4.58,-0.23
1.8167691119015217,34.7,4.58,-0.23
1.819592647254467,34.7,4.58,-0.23
1.822681725025177,34.71,4.58,-0.23
1.825650591403246,34.71,4.59,-0.22
1.828607901930809,34.72,4.62,-0.22
1.8315637595951557,34.7,4.6,-0.24
1.833029117435217,34.7,4.61,-0.23
1.8345096446573734,34.71,4.61,-0.23
1.835989948362112,34.71,4.61,-0.23
1.8374715149402618,34.71,4.61,-0.23
1.8389474265277386,34.71,4.6,-0.23
1.8404275625944138,34.71,4.6,-0.23
1.84192019328475,34.71,4.6,-0.23
1.8433904387056828,34.7,4.6,-0.23
1.8447547554969788,34.71,4.6,-0.23
1.8463457338511944,34.71,4.6,-0.23
1.8478309847414494,34.71,4.6,-0.23
1.849279299378395,34.7,4.6,-0.23
1.8507895953953266,34.69,4.59,-0.23
1.8522677794098854,34.69,4.59,-0.23
1.8537446781992912,34.68,4.59,-0.23
1.8552200831472874,34.68,4.59,-0.23
1.8566982969641685,34.68,4.59,-0.23
1.8581761494278908,34.67,4.59,-0.23
1.8596481569111347,34.66,4.59,-0.23
1.8611370213329792,34.67,4.59,-0.23
1.8626232668757439,34.66,4.59,-0.23
1.8640792705118656,34.66,4.59,-0.23
1.8655481822788715,34.66,4.59,-0.23
1.8670502081513405,34.66,4.59,-0.23
1.868519801646471,34.66,4.59,-0.23
1.8700117021799088,34.66,4.59,-0.23
1.8714924231171608,34.66,4.59,-0.23
1.8729763217270374,34.66,4.59,-0.23
1.8744578883051872,34.66,4.59,-0.23
1.8758762665092945,34.66,4.59,-0.23
1.8774159140884876,34.66,4.59,-0.23
1.8788814544677734,34.66,4.59,-0.23
1.8816412538290024,34.66,4.59,-0.23
1.8847715817391872,34.66,4.59,-0.23
1.8877257890999317,34.66,4.59,-0.23
1.8906875289976597,34.66,4.59,-0.23
1.8936668373644352,34.66,4.59,-0.23
1.896631982177496,34.66,4.59,-0.23
1.8995692133903503,34.67,4.59,-0.23
1.90254408121109,34.67,4.59,-0.23
1.905506044626236,34.67,4.59,-0.23
1.9084571786224842,34.66,4.59,-0.23
1.9099386893212795,34.67,4.59,-0.23
1.9114206358790398,34.67,4.59,-0.23
1.9128835648298264,34.67,4.59,-0.23
1.9143748618662357,34.67,4.59,-0.23
1.9158523008227348,34.67,4.59,-0.23
1.917328581213951,34.66,4.59,-0.23
1.9188106209039688,34.67,4.59,-0.23
1.9202929213643074,34.67,4.59,-0.23
1.921778954565525,34.67,4.59,-0.23
1.9231116101145744,34.67,4.59,-0.23
1.9247190207242966,34.67,4.59,-0.23
1.9261955097317696,34.67,4.59,-0.23
1.927647739648819,34.67,4.59,-0.23
1.9291696324944496,34.67,4.59,-0.23
1.9306366443634033,34.67,4.59,-0.23
1.9320963844656944,34.67,4.59,-0.23
1.933442361652851,34.67,4.59,-0.23
1.9350691474974155,34.67,4.59,-0.23
1.9365516230463982,34.67,4.59,-0.23
1.9380336254835129,34.67,4.59,-0.23
1.9395185708999634,34.67,4.59,-0.23
1.9409429430961609,34.67,4.59,-0.23
1.9424688965082169,34.67,4.59,-0.23
1.9439517334103584,34.68,4.59,-0.23
1.9453712068498135,34.68,4.58,-0.23
1.9468235671520233,34.67,4.58,-0.23
1.9483293034136295,34.67,4.58,-0.23
1.9498655758798122,34.67,4.58,-0.23
1.9513449557125568,34.67,4.58,-0.23
1.9527885243296623,34.67,4.58,-0.23
1.954195998609066,34.67,4.58,-0.23
1.9557571448385715,34.67,4.58,-0.23
1.9572638310492039,34.67,4.58,-0.23
1.9587368294596672,34.68,4.58,-0.23
1.9602221623063087,34.67,4.58,-0.23
1.9616059213876724,34.67,4.58,-0.23
1.9631612189114094,34.67,4.58,-0.23
1.9646279886364937,34.67,4.58,-0.23
1.9661253169178963,34.67,4.58,-0.23
1.9675304144620895,34.67,4.58,-0.23
1.9690338745713234,34.67,4.58,-0.23
1.970564790070057,34.67,4.58,-0.23
1.9720553271472454,34.67,4.58,-0.23
1.9735255762934685,34.67,4.58,-0.23
1.9750083461403847,34.67,4.58,-0.23
1.9764813929796219,34.67,4.58,-0.23
1.9792763330042362,34.67,4.58,-0.23
1.9824014082551003,34.67,4.58,-0.23
1.9853755347430706,34.67,4.58,-0.23
1.9881157539784908,34.67,4.58,-0.23
1.9912809915840626,34.68,4.58,-0.23
1.9942289665341377,34.67,4.58,-0.23
1.9971940442919731,34.67,4.58,-0.22
2.000149477273226,34.67,4.58,-0.23
2.0030950866639614,34.67,4.58,-0.23
2.006059158593416,34.67,4.58,-0.23
2.008892387151718,34.68,4.58,-0.23
2.011880047619343,34.67,4.58,-0.23
2.014923471957445,34.67,4.58,-0.23
2.017896305769682,34.67,4.58,-0.22
2.0208200700581074,34.67,4.58,-0.23
2.023799952119589,34.67,4.59,-0.23
2.026754457503557,34.67,4.58,-0.23
2.0297097712755203,34.68,4.59,-0.22
2.0326445251703262,34.68,4.59,-0.23
2.035512540489435,34.67,4.59,-0.23
2.0385737903416157,34.68,4.59,-0.23
2.041554357856512,34.68,4.59,-0.23
2.044391341507435,34.68,4.58,-0.23
2.0473554357886314,34.69,4.58,-0.23
2.0503391101956367,34.69,4.58,-0.23
2.0533721186220646,34.68,4.57,-0.23
2.05629837885499,34.68,4.57,-0.23
2.059153690934181,34.69,4.57,-0.23
2.062263358384371,34.69,4.57,-0.23
2.065213233232498,34.68,4.57,-0.23
2.0681757107377052,34.68,4.57,-0.23
2.069624938070774,34.69,4.57,-252.89
2.071135353296995,34.69,4.57,-0.23
2.072526052594185,34.69,4.57,-0.23
2.0740912593901157,34.69,4.57,-0.23
2.075572159141302,34.68,4.57,-0.23
2.078515123575926,34.68,4.57,-0.23
2.081441666930914,34.68,4.57,-0.23
2.0844017937779427,34.68,4.57,-0.23
2.0873970426619053,34.68,4.57,-0.23
2.088879529386759,34.68,4.57,-0.23
2.090349644422531,34.68,4.57,-0.23
2.0918086133897305,34.69,4.57,-0.23
2.0932852551341057,34.69,4.57,-0.23
2.094789881259203,34.69,4.56,-0.23
2.096269156783819,34.69,4.56,-0.23
2.0977318175137043,34.69,4.56,-0.23
2.0992066636681557,34.69,4.57,-0.23
2.100692428648472,34.68,4.57,-0.23
2.1021838784217834,34.69,4.57,-0.23
2.103668376803398,34.69,4.56,-0.23
2.105153925716877,34.69,4.56,-0.23
2.1064244136214256,34.69,4.56,-0.23
2.1080802902579308,34.69,4.56,-0.23
2.109409876167774,34.68,4.56,-0.23
2.11105752363801,34.69,4.56,-0.23
2.112340919673443,34.69,4.56,-0.23
2.113822340965271,34.69,4.56,-0.23
2.1155022755265236,34.69,4.56,-0.23
2.1168159507215023,34.69,4.56,-0.23
2.1184529326856136,34.69,4.56,-0.23
2.119761310517788,34.69,4.56,-0.23
2.121406201273203,34.69,4.56,-0.23
2.1227091625332832,34.69,4.56,-0.23
2.1243827641010284,34.69,4.56,-0.23
2.1258346177637577,34.69,4.56,-0.23
2.1272460110485554,34.68,4.56,-0.22
2.1286502331495285,34.69,4.56,-0.22
2.130131673067808,34.69,4.56,-0.22
2.1317365914583206,34.69,4.56,-0.23
2.133245550096035,34.69,4.56,-0.23
2.1347005553543568,34.69,4.56,-0.23
2.13612724468112,34.69,4.56,-0.23
2.137563370168209,34.69,4.56,-0.23
2.1390168964862823,34.69,4.56,-0.23
2.140584122389555,34.69,4.56,-0.23
2.1421186700463295,34.69,4.56,-0.23
2.1435011252760887,34.69,4.56,-0.23
2.1450155414640903,34.69,4.56,-0.23
2.146548818796873,34.69,4.56,-0.23
2.148029774427414,34.69,4.56,-0.23
2.149381674826145,34.69,4.56,-0.23
2.1508638486266136,34.69,4.56,-0.23
2.1522306241095066,34.69,4.56,-0.23
2.153822038322687,34.69,4.56,-0.23
2.155378222465515,34.69,4.56,-0.23
2.156785663217306,34.69,4.56,-0.23
2.15835827216506,34.69,4.56,-0.23
2.159868013113737,34.69,4.56,-0.23
2.1612537167966366,34.69,4.56,-0.23
2.1628190763294697,34.69,4.56,-0.23
2.1642437241971493,34.69,4.56,-0.23
2.1656712777912617,34.69,4.56,-0.23
2.167250882834196,34.69,4.56,-0.23
2.1686354130506516,34.69,4.56,-0.22
2.1701708659529686,34.69,4.56,-0.23
2.1716776750981808,34.69,4.56,-0.22
2.173120342195034,34.69,4.56,-0.23
2.174583602696657,34.69,4.56,-0.22
2.1775303222239017,34.69,4.56,-0.23
2.1805265061557293,34.69,4.56,-0.23
2.1834766268730164,34.69,4.56,-0.22
2.1864583864808083,34.69,4.56,-0.23
2.18939558416605,34.7,4.56,-0.23
2.192398991435766,34.69,4.56,-0.23
2.1953486800193787,34.7,4.56,-0.23
2.1983186081051826,34.69,4.56,-0.23
2.201265200972557,34.69,4.55,-0.22
2.2042186371982098,34.69,4.56,-0.23
2.2071724869310856,34.69,4.55,-0.23
2.21013555303216,34.7,4.56,-0.23
2.213100489228964,34.7,4.55,-0.23
2.21604435518384,34.7,4.55,-0.23
2.2190143689513206,34.69,4.55,-0.23
2.221753813326359,34.7,4.55,-0.22
2.2248080484569073,34.69,4.55,-0.23
2.227896325290203,34.69,4.55,-0.23
2.2308575809001923,34.69,4.55,-0.23
2.2323330976068974,34.7,4.55,-0.23
2.233784504234791,34.7,4.55,-0.23
2.2351409681141376,34.69,4.55,-0.23
2.236691389232874,34.69,4.55,-0.23
2.2381561882793903,34.7,4.55,-0.22
2.239706814289093,34.69,4.55,-0.22
2.241089180111885,34.7,4.55,-0.23
2.242570724338293,34.7,4.55,-0.22
2.2440460547804832,34.69,4.55,-0.22
2.2454942986369133,34.69,4.55,-0.23
2.2469896972179413,34.69,4.55,-0.23
2.2484920658171177,34.69,4.56,-0.22
2.2499716989696026,34.69,4.56,-0.22
2.2515081502497196,34.7,4.56,-0.23
2.252910815179348,34.69,4.56,-0.23
2.2543760277330875,34.7,4.56,-0.23
2.2559938319027424,34.7,4.56,-0.23
2.2574777118861675,34.69,4.55,-0.23
2.2588537894189358,34.7,4.55,-0.23
2.2603352926671505,34.7,4.55,-0.23
2.261818453669548,34.7,4.55,-0.23
2.2633134871721268,34.7,4.55,-0.23
2.2648514844477177,34.69,4.55,-0.22
2.2663227431476116,34.69,4.55,-0.23
2.2677457071840763,34.69,4.55,-0.23
2.2691925950348377,34.69,4.55,-0.22
2.2707113288342953,34.69,4.56,-0.22
2.272194679826498,34.69,4.56,-0.23
2.273680530488491,34.7,4.56,-0.23
2.2766606323421,34.7,4.56,-0.23
2.2796059921383858,34.7,4.56,-0.22
2.2824126556515694,34.7,4.56,-0.22
2.285513076931238,34.7,4.56,-0.22
2.288484789431095,34.71,4.55,-0.22
2.291472926735878,34.7,4.55,-0.23
2.294434364885092,34.71,4.55,-0.22
2.2973561994731426,34.71,4.55,-0.22
2.3003526628017426,34.71,4.55,-0.23
2.30330478399992,34.71,4.55,-0.23
2.3062352873384953,34.71,4.55,-0.23
2.3091346621513367,34.71,4.55,-0.23
2.3121365569531918,34.71,4.55,-0.23
2.3150880225002766,34.71,4.55,-0.22
2.317954931408167,34.71,4.55,-0.23
2.320982590317726,34.71,4.55,-0.23
2.3240077942609787,34.7,4.55,-0.23
2.3269771225750446,34.7,4.55,-0.23
2.329932786524296,34.7,4.55,-0.23
2.332899209111929,34.7,4.55,-0.23
2.335854437202215,34.7,4.55,-0.23
2.3388190381228924,34.7,4.55,-0.23
2.3416717387735844,34.7,4.55,-0.23
2.3430978693068027,34.7,4.55,-0.23
2.3446401208639145,34.7,4.55,-0.23
2.3460638001561165,34.69,4.55,-0.23
2.347586527466774,34.69,4.55,-0.23
2.3491461910307407,34.69,4.55,-0.23
2.350507017225027,34.7,4.55,-0.23
2.352112241089344,34.7,4.55,-0.23
2.3534829169511795,34.7,4.55,-0.23
2.3549837954342365,34.7,4.55,-0.23
2.356421545147896,34.7,4.55,-0.23
2.35798067972064,34.69,4.55,-0.23
2.3594467677176,34.7,4.54,-0.23
2.3608688227832317,34.71,4.53,-0.22
2.3623522222042084,34.71,4.53,-0.23
2.3639413379132748,34.71,4.53,-0.23
2.3654275685548782,34.71,4.53,-0.23
2.3668999448418617,34.71,4.53,-0.23
2.3683174699544907,34.71,4.53,-0.23
2.369863010942936,34.7,4.53,-0.23
2.3712944500148296,34.71,4.53,-0.23
2.3727564588189125,34.71,4.53,-0.23
2.375719089061022,34.71,4.53,-0.23
2.3786615803837776,34.71,4.53,-0.23
2.381670508533716,34.71,4.53,-0.23
2.384592406451702,34.71,4.53,-0.23
2.38755389675498,34.71,4.53,-0.23
2.390519492328167,34.71,4.53,-0.23
2.3935134150087833,34.71,4.53,-0.22
2.394976142793894,34.71,4.53,-0.22
2.3964229337871075,34.71,4.53,-0.22
2.3978822715580463,34.71,4.53,-0.23
2.3994263112545013,34.71,4.53,-0.23
2.4006717950105667,34.71,4.53,-0.22
2.402336835861206,34.71,4.53,-0.23
2.4038603864610195,34.71,4.52,-0.23
2.4053524285554886,34.71,4.53,-0.23
2.4068328700959682,34.71,4.53,-0.23
2.408309727907181,34.71,4.52,-0.23
2.4097787477076054,34.71,4.52,-0.22
2.4112663343548775,34.71,4.52,-0.22
2.412745725363493,34.71,4.52,-0.23
2.4142122380435467,34.71,4.52,-0.23
2.4157094582915306,34.71,4.52,-0.23
2.417177267372608,34.71,4.52,-0.23
2.418660629540682,34.71,4.52,-0.23
2.42014180123806,34.71,4.52,-0.23
2.421602502465248,34.71,4.52,-0.23
2.423088751733303,34.71,4.52,-0.23
2.424571443349123,34.7,4.52,-0.23
2.4260629564523697,34.71,4.52,-0.23
2.4275342598557472,34.7,4.52,-0.23
2.4290251173079014,34.71,4.52,-0.23
2.4304978139698505,34.71,4.52,-0.23
2.4319295212626457,34.7,4.52,-0.23
2.4334424063563347,34.71,4.52,-0.23
2.434921931475401,34.71,4.52,-0.23
2.4364084787666798,34.71,4.52,-0.23
2.437907002866268,34.71,4.52,-0.23
2.43936587870121,34.7,4.52,-0.23
2.44085306301713,34.7,4.52,-0.23
2.4423181377351284,34.71,4.52,-0.23
2.4437943175435066,34.71,4.52,-0.23
2.445284925401211,34.7,4.52,-0.23
2.4466675110161304,34.7,4.52,-0.23
2.4482284672558308,34.71,4.52,-0.23
2.4497140273451805,34.71,4.52,-0.23
2.4510371387004852,34.71,4.52,-0.23
2.4526699408888817,34.71,4.52,-0.23
2.4541504569351673,34.71,4.52,-0.22
2.4556250534951687,34.71,4.52,-0.22
2.457113850861788,34.71,4.52,-0.23
2.4585918076336384,34.71,4.52,-0.23
2.45999738201499,34.71,4.52,-0.23
2.4615506529808044,34.71,4.52,-0.23
2.4629407301545143,34.7,4.52,-0.23
2.4644977934658527,34.71,4.52,-0.23
2.465986344963312,34.71,4.52,-0.23
2.467418409883976,34.71,4.52,-0.23
2.4689046032726765,34.71,4.52,-0.23
2.470420304685831,34.71,4.52,-0.23
2.4719033539295197,34.71,4.52,-0.23
2.4748593904078007,34.7,4.52,-0.23
2.4778181090950966,34.71,4.52,-0.23
2.4807742685079575,34.71,4.53,-0.22
2.4837272502481937,34.71,4.53,-0.23
2.4866840839385986,34.71,4.52,-0.23
2.4894690550863743,34.71,4.53,-0.23
2.4925872795283794,34.71,4.53,-0.23
2.4955344684422016,34.71,4.53,-0.23
2.498408742249012,34.71,4.53,-0.23
2.5012556575238705,34.7,4.53,-0.23
2.5043982937932014,34.71,4.53,-0.23
2.5073509216308594,34.71,4.53,-0.23
2.5101456865668297,34.71,4.53,-0.23
2.513308186084032,34.7,4.53,-0.23
2.516258131712675,34.71,4.53,-0.23
2.5191687680780888,34.71,4.53,-0.23
2.522129487246275,34.7,4.53,-0.22
2.525132901966572,34.7,4.53,-0.23
2.5280631370842457,34.7,4.53,-0.23
2.530871793627739,34.7,4.53,-0.23
2.5337839387357235,34.7,4.53,-0.23
2.53696770593524,34.71,4.53,-0.23
2.539927124977112,34.71,4.53,-0.23
2.5427812337875366,34.71,4.53,-0.23
2.5457406900823116,34.71,4.53,-0.23
2.5486797764897346,34.7,4.53,-0.23
2.5516454577445984,34.7,4.53,-0.22
2.5547067746520042,34.71,4.53,-0.23
2.556075606495142,34.7,4.53,-0.23
2.5576488114893436,34.71,4.53,-0.23
2.559150468558073,34.71,4.53,-0.23
2.560523808002472,34.7,4.53,-0.23
2.5620171055197716,34.7,4.53,-0.23
2.5635549537837505,34.7,4.54,-0.23
2.5649975575506687,34.69,4.53,-0.23
2.5664539262652397,34.7,4.53,-0.23
2.567931145429611,34.7,4.54,-0.23
2.5694481395184994,34.7,4.54,-0.23
2.5724125280976295,34.71,4.53,-0.23
2.5754115656018257,34.71,4.53,-0.23
2.5781595408916473,34.71,4.53,-0.22
2.5812989249825478,34.71,4.53,-0.23
2.584222976118326,34.72,4.53,-0.23
2.5871983766555786,34.72,4.53,-0.23
2.590151607990265,34.72,4.53,-0.23
2.593119077384472,34.73,4.53,-0.23
2.5961183831095695,34.72,4.52,-0.23
2.59908364713192,34.72,4.52,-0.23
2.600561060011387,34.72,4.52,-0.23
2.6020413376390934,34.72,4.52,-0.23
2.6035141199827194,34.71,4.52,-0.23
2.6049973368644714,34.72,4.52,-0.23
2.6064526326954365,34.72,4.52,-0.23
2.607727311551571,34.72,4.52,-0.23
2.6093825325369835,34.72,4.52,-0.23
2.6108971126377583,34.72,4.52,-0.23
2.612388737499714,34.71,4.51,-0.23
2.6138688661158085,34.71,4.52,-0.23
2.6153502948582172,34.71,4.51,-0.23
2.616822771728039,34.71,4.51,-0.23
2.618309158831835,34.71,4.51,-0.23
2.6197696700692177,34.71,4.51,-0.23
2.6212718226015568,34.71,4.51,-0.22
2.6227403469383717,34.72,4.51,-0.23
2.6242114827036858,34.71,4.51,-0.23
2.625704515725374,34.7,4.51,-0.23
2.6271666027605534,34.71,4.51,-0.23
2.628665789961815,34.71,4.51,-0.23
2.6301341839134693,34.71,4.51,-0.23
2.63161139562726,34.71,4.51,-0.23
2.6330957487225533,34.71,4.51,-0.23
2.6345707774162292,34.71,4.51,-0.23
2.636057287454605,34.71,4.51,-0.23
2.637529704719782,34.71,4.51,-0.23
2.639003846794367,34.71,4.51,-0.23
2.640483044087887,34.71,4.51,-0.23
2.6419722363352776,34.71,4.51,-0.22
2.6434560380876064,34.72,4.5,-0.23
2.6449288092553616,34.71,4.5,-0.23
2.646397314965725,34.72,4.51,-0.23
2.6478819213807583,34.71,4.51,-0.23
2.6493655294179916,34.71,4.5,-0.23
2.65084645152092,34.71,4.51,-0.22
2.6523131132125854,34.71,4.5,-0.22
2.6537882313132286,34.72,4.5,-0.23
2.655276447534561,34.71,4.5,-0.22
2.6566013731062412,34.71,4.5,-0.23
2.6582248769700527,34.72,4.5,-0.23
2.65970791131258,34.72,4.5,-0.23
2.661094918847084,34.72,4.5,-0.22
2.662676054984331,34.72,4.5,-0.22
2.6640713959932327,34.72,4.5,-0.22
2.6655587889254093,34.72,4.51,-0.23
2.6670471988618374,34.72,4.51,-0.23
2.668530836701393,34.72,4.51,-0.23
2.670055638998747,34.71,4.5,-0.23
2.6729609705507755,34.71,4.5,-0.22
2.675882562994957,34.71,4.51,-0.23
2.678845699876547,34.71,4.51,-0.23
2.6818780340254307,34.71,4.51,-0.22
2.6848468743264675,34.71,4.51,-0.22
2.6877566762268543,34.71,4.51,-0.23
2.6907224655151367,34.71,4.51,-0.23
2.6937262043356895,34.71,4.51,-0.22
2.6966744288802147,34.71,4.51,-0.23
2.6995890587568283,34.71,4.51,-0.22
2.7024578414857388,34.71,4.5,-0.22
2.705542553216219,34.71,4.51,-0.23
2.708496145904064,34.71,4.51,-0.22
2.7114570774137974,34.71,4.5,-0.23
2.7144243828952312,34.71,4.5,-0.23
2.715876843780279,34.71,4.5,-0.23
2.7173985838890076,34.71,4.5,-0.22
2.718866713345051,34.71,4.5,-0.23
2.720343917608261,34.7,4.5,-0.22
2.7218289598822594,34.7,4.5,-0.22
2.7232886478304863,34.71,4.5,-0.23
2.7247838973999023,34.7,4.5,-0.23
2.7262586317956448,34.71,4.5,-0.22
2.7277362942695618,34.71,4.5,-0.23
2.7292229384183884,34.71,4.5,-0.23
2.730692245066166,34.71,4.5,-0.23
2.7319731637835503,34.71,4.5,-0.22
2.733653098344803,34.71,4.5,-0.23
2.7351163551211357,34.71,4.5,-0.23
2.7366096675395966,34.72,4.5,-0.23
2.737907461822033,34.71,4.5,-0.23
2.739572200924158,34.71,4.5,-0.23
2.7410614490509033,34.71,4.5,-0.23
2.7425305880606174,34.72,4.5,-0.23
2.7440111376345158,34.71,4.5,-0.23
2.7454992085695267,34.71,4.5,-0.23
2.746969051659107,34.71,4.5,-0.23
2.7484500110149384,34.71,4.5,-0.23
2.749791879206896,34.71,4.5,-0.23
2.7514138594269753,34.71,4.5,-0.23
2.7527448795735836,34.71,4.5,-0.22
2.7542130015790462,34.71,4.5,-0.23
2.755858089774847,34.71,4.5,-0.23
2.757184959948063,34.71,4.5,-0.23
2.7586735524237156,34.71,4.5,-0.23
2.7602887004613876,34.71,4.5,-0.23
2.7616137489676476,34.71,4.5,-0.23
2.763169165700674,34.71,4.5,-0.23
2.7645741999149323,34.71,4.5,-0.23
2.7660659328103065,34.71,4.5,-0.23
2.767628125846386,34.71,4.5,-0.23
2.770401418209076,34.71,4.5,-0.23
2.7735795564949512,34.71,4.5,-0.23
2.776448033750057,34.71,4.5,-0.23
2.779421202838421,34.71,4.5,-0.23
2.7823868095874786,34.71,4.5,-0.23
2.785357143729925,34.71,4.5,-0.23
2.788315322250128,34.71,4.49,-0.23
2.7913115695118904,34.72,4.49,-0.23
2.7942369021475315,34.71,4.5,-0.23
2.7971857748925686,34.71,4.5,-0.23
2.800169665366411,34.71,4.49,-0.23
2.8031561709940434,34.72,4.5,-0.23
2.8060978911817074,34.71,4.5,-0.23
2.809056468307972,34.71,4.5,-0.23
2.8120157048106194,34.71,4.5,-0.23
2.8149596601724625,34.71,4.5,-0.23
2.8179256059229374,34.71,4.49,-0.23
2.8208940625190735,34.71,4.49,-0.23
2.8238388672471046,34.71,4.5,-0.22
2.826811283826828,34.71,4.5,-0.23
2.8297667540609837,34.7,4.5,-0.23
2.8327294029295444,34.71,4.5,-0.23
2.83564767614007,34.71,4.5,-0.23
2.838443096727133,34.71,4.5,-0.23
2.841574139893055,34.71,4.5,-0.23
2.8443479165434837,34.71,4.5,-0.23
2.8475238420069218,34.71,4.49,-0.23
2.850489627569914,34.7,4.5,-0.23
2.85339941829443,34.71,4.5,-0.23
2.8549149818718433,34.71,4.49,-0.23
2.8563966155052185,34.71,4.5,-0.22
2.857844639569521,34.71,4.5,-0.23
2.859267845749855,34.72,4.49,-0.23
2.8607460372149944,34.71,4.49,-0.23
2.86229744926095,34.71,4.49,-0.23
2.863731514662504,34.71,4.49,-0.23
2.865158509463072,34.71,4.49,-0.23
2.8666360415518284,34.71,4.49,-0.23
2.8681112080812454,34.71,4.5,-0.23
2.8709542006254196,34.71,4.49,-0.22
2.8741462230682373,34.72,4.5,-0.23
2.877100855112076,34.7,4.5,-0.23
2.8785569183528423,34.71,4.5,-0.22
2.8799947649240494,34.71,4.49,-0.23
2.88144313916564,34.71,4.5,-0.23
2.8829775750637054,34.72,4.5,-0.23
2.8844932913780212,34.71,4.5,-0.23
2.8859082497656345,34.71,4.5,-0.22
2.8874262869358063,34.71,4.5,-0.23
2.888890113681555,34.71,4.49,-0.23
2.890390954911709,34.71,4.49,-0.23
2.891812440007925,34.71,4.5,-0.23
2.8932875022292137,34.71,4.5,-0.23
2.89481221139431,34.71,4.5,-0.23
2.8962614871561527,34.71,4.5,-0.23
2.897759296000004,34.71,4.5,-0.23
2.8992780148983,34.71,4.5,-0.23
2.900746136903763,34.71,4.5,-0.23
2.9021801985800266,34.71,4.5,-0.22
2.9036609455943108,34.71,4.5,-0.22
2.905128337442875,34.71,4.5,-0.23
2.9064989052712917,34.71,4.5,-0.23
2.9079656340181828,34.71,4.5,-0.23
2.9096248857676983,34.71,4.5,-0.23
2.9111015871167183,34.71,4.5,-0.23
2.9125828444957733,34.71,4.5,-0.23
2.9140321128070354,34.71,4.5,-0.23
2.91553271189332,34.71,4.5,-0.23
2.9170160964131355,34.71,4.5,-0.23
2.9185014627873898,34.71,4.5,-0.23
2.919978193938732,34.71,4.5,-0.23
2.921464681625366,34.7,4.5,-0.23
2.9229376278817654,34.7,4.5,-0.23
2.9243534430861473,34.71,4.51,-0.22
2.9258979447185993,34.71,4.5,-0.23
2.9273821227252483,34.71,4.5,-0.23
2.9288457296788692,34.71,4.51,-0.23
2.9303335435688496,34.71,4.5,-0.23
2.931811824440956,34.71,4.5,-0.22
2.9332782737910748,34.71,4.51,-0.23
2.9347780533134937,34.71,4.51,-0.23
2.936255492269993,34.71,4.51,-0.23
2.9377244785428047,34.71,4.5,-0.23
2.939204651862383,34.71,4.5,-0.23
2.94068955257535,34.71,4.5,-0.23
2.94212207198143,34.7,4.5,-0.22
2.943648472428322,34.7,4.5,-0.22
2.9451164193451405,34.7,4.5,-0.23
2.946604188531637,34.7,4.5,-0.23
2.94809041172266,34.71,4.5,-0.23
2.949586149305105,34.71,4.5,-0.23
2.951044697314501,34.7,4.5,-0.22
2.9525322504341602,34.7,4.5,-0.22
2.9540030919015408,34.71,4.5,-0.22
2.955485589802265,34.71,4.5,-0.22
2.95694999396801,34.7,4.5,-0.22
2.958436459302902,34.7,4.5,-0.23
2.959763702005148,34.71,4.5,-0.22
2.961266752332449,34.71,4.5,-0.22
2.962754599750042,34.71,4.5,-0.22
2.9642418026924133,34.71,4.5,-0.22
2.9657156988978386,34.71,4.5,-0.23
2.9686546474695206,34.7,4.5,-0.23
2.971555355936289,34.71,4.5,-0.23
2.974683605134487,34.71,4.5,-0.23
2.977529525756836,34.71,4.5,-0.22
2.9806077405810356,34.71,4.5,-0.23
2.983577251434326,34.7,4.5,-0.23
2.9864533729851246,34.7,4.5,-0.22
2.989454660564661,34.71,4.5,-0.23
2.992375172674656,34.71,4.5,-0.23
2.9954291246831417,34.71,4.5,-0.22
2.9983147345483303,34.71,4.5,-0.23
3.001282811164856,34.7,4.5,-0.23
3.0042296200990677,34.71,4.5,-0.23
3.0072298496961594,34.71,4.5,-0.23
3.0101832300424576,34.71,4.5,-0.22
3.0129825435578823,34.72,4.5,-0.23
3.0160506553947926,34.71,4.51,-0.23
3.0189873948693275,34.73,4.51,-0.23
3.0220323391258717,34.74,4.51,-0.23
3.0249815322458744,34.73,4.51,-0.23
3.027933206409216,34.73,4.5,-0.22
3.030879832804203,34.73,4.5,-0.23
3.033844228833914,34.73,4.5,-0.23
3.0368070788681507,34.73,4.5,-0.22
3.0382912158966064,34.72,4.5,-0.23
3.039764579385519,34.73,4.5,-0.22
3.041253998875618,34.73,4.5,-0.22
3.0427323542535305,34.73,4.5,-0.22
3.0440375097095966,34.73,4.5,-0.23
3.0456911213696003,34.73,4.5,-0.23
3.047172397375107,34.73,4.5,-0.22
3.048642374575138,34.73,4.5,-0.23
3.0501176714897156,34.72,4.5,-0.22
3.05160541087389,34.73,4.5,-0.23
3.0530948974192142,34.73,4.49,-0.23
3.054572816938162,34.73,4.49,-0.22
3.056045178323984,34.73,4.5,-0.22
3.05752444639802,34.72,4.5,-0.23
3.05896008387208,34.71,4.49,-0.23
3.0604071021080017,34.72,4.5,-0.22
3.06185095757246,34.72,4.5,-0.22
3.063298899680376,34.72,4.49,-0.22
3.064804334193468,34.72,4.49,-0.23
3.067870892584324,34.72,4.49,-0.22
3.0708290226757526,34.72,4.49,-0.23
3.073788858950138,34.72,4.49,-0.23
3.0767499208450317,34.72,4.49,-0.23
3.0796714052557945,34.73,4.49,-0.23
3.0825578160583973,34.72,4.49,-0.22
3.085619442164898,34.72,4.49,-0.23
3.0883914828300476,34.72,4.49,-0.22
3.0915262922644615,34.72,4.49,-0.22
3.0944807082414627,34.72,4.49,-0.22
3.097339052706957,34.72,4.49,-0.23
3.100312102586031,34.73,4.49,-0.22
3.10326661542058,34.72,4.49,-0.22
3.1061397790908813,34.73,4.49,-0.22
3.1091396138072014,34.72,4.49,-0.23
3.110765364021063,-799.39,4.49,-0.22
3.1122406013309956,34.73,4.49,-0.22
3.1137205958366394,34.73,4.49,-0.23
3.115176986902952,34.73,4.49,-0.23
3.1166779696941376,34.72,4.49,-0.22
3.118153292685747,34.73,4.49,-0.23
3.1196108907461166,34.73,4.49,-0.23
3.121046271175146,34.73,4.49,-0.23
3.1225563511252403,34.73,4.49,-0.23
3.1240429282188416,34.72,4.49,-0.22
3.1255429945886135,34.72,4.49,-0.22
3.1270109079778194,34.72,4.49,-0.22
3.128502242267132,34.72,4.49,-0.23
3.1299357526004314,34.72,4.49,-0.23
3.1312582343816757,34.73,4.49,-0.23
3.132931735366583,34.73,4.49,-0.23
3.134418446570635,34.73,4.49,-0.23
3.13590469956398,34.73,4.49,-0.23
3.1373751536011696,34.72,4.49,-0.23
3.1388453915715218,34.72,4.49,-0.23
3.1403310783207417,34.72,4.49,-0.22
3.141798671334982,34.73,4.49,-0.23
3.1432834565639496,34.72,4.48,-0.23
3.144771069288254,34.72,4.48,-0.23
3.1462314389646053,34.72,4.48,-0.23
3.147732324898243,34.72,4.48,-0.22
3.1491984091699123,34.72,4.48,-0.22
3.150632366538048,34.72,4.48,-0.23
3.1521602869033813,34.72,4.49,-0.22
3.153659239411354,34.72,4.49,-0.23
3.1551276706159115,34.72,4.49,-0.23
3.156612031161785,34.73,4.49,-0.23
3.158082827925682,34.73,4.49,-0.23
3.1595726013183594,34.72,4.49,-0.23
3.161046501249075,34.72,4.49,-0.22
3.162507750093937,34.73,4.49,-0.22
3.1639846488833427,34.73,4.49,-0.23
3.1668173372745514,34.72,4.49,-0.23
3.1697868555784225,34.72,4.49,-0.23
3.1727884002029896,34.72,4.49,-0.22
3.1757147684693336,34.72,4.49,-0.23
3.178677771240473,34.72,4.49,-0.23
3.1816275604069233,34.72,4.49,-0.22
3.1846551820635796,34.72,4.49,-0.23
3.1875317990779877,34.73,4.49,-0.22
3.1906246691942215,34.72,4.49,-0.23
3.1934645026922226,34.73,4.49,-0.23
3.1965242214500904,34.72,4.49,-0.23
3.1994928643107414,34.72,4.49,-0.22
3.2008779644966125,34.73,4.49,-0.22
3.2024442106485367,34.73,4.49,-0.22
3.203912630677223,34.73,4.49,-0.23
3.205353558063507,34.73,4.49,-0.23
3.2068406715989113,34.73,4.49,-0.23
3.2083103358745575,34.73,4.5,-0.23
3.209789201617241,34.73,4.49,-0.23
3.2112618535757065,34.73,4.49,-0.22
3.2127881161868572,34.73,4.49,-0.23
3.2142820358276367,34.72,4.49,-0.23
3.215708013623953,34.72,4.49,-0.22
3.2171824164688587,34.73,4.49,-0.23
3.2186873517930508,34.73,4.5,-0.23
3.2201544605195522,34.73,4.5,-0.22
3.221667543053627,34.72,4.5,-0.22
3.223114252090454,34.72,4.5,-0.23
3.2245997972786427,34.72,4.5,-0.22
3.226100217550993,34.72,4.5,-0.22
3.2275569289922714,34.72,4.5,-0.23
3.229053869843483,34.72,4.5,-0.23
3.2305439449846745,34.72,4.5,-0.23
3.232026182115078,34.73,4.5,-0.22
3.2335046231746674,34.72,4.5,-0.23
3.2349810004234314,34.72,4.5,-0.23
3.2362555861473083,34.72,4.5,-0.23
3.2379247434437275,34.72,4.5,-0.22
3.239417277276516,34.72,4.49,-0.23
3.240887425839901,34.72,4.49,-0.23
3.2423790991306305,34.72,4.49,-0.23
3.2438390366733074,34.73,4.49,-0.23
3.2453266121447086,34.72,4.49,-0.23
3.24680632352829,34.73,4.49,-0.22
3.24829276278615,34.73,4.49,-0.23
3.2497554309666157,34.73,4.49,-0.23
3.251253519207239,34.73,4.49,-0.23
3.252718009054661,34.73,4.49,-0.23
3.2542042657732964,34.73,4.5,-0.23
3.2556749284267426,34.73,4.49,-0.23
3.2571704983711243,34.73,4.49,-0.23
3.2586324997246265,34.72,4.49,-0.23
3.2601205110549927,34.72,4.49,-0.22
3.2614226527512074,34.72,4.49,-0.23
3.263091817498207,34.72,-227.8,-0.23
3.266050513833761,34.73,4.49,-0.23
3.2690051682293415,34.73,4.49,-0.23
3.271955870091915,34.72,4.49,-0.23
3.274890258908272,34.73,4.48,-0.22
3.2778501473367214,34.72,4.48,-0.22
3.2808174453675747,34.73,4.49,-0.23
3.283782135695219,34.72,4.49,-0.22
3.286687433719635,34.72,4.49,-0.23
3.2896181792020798,34.72,4.49,-0.23
3.2925652861595154,34.72,4.49,-0.22
3.2955813109874725,34.72,4.49,-0.23
3.2984731160104275,34.72,4.49,-0.23
3.301496859639883,34.72,4.49,-0.23
3.3044190369546413,34.72,4.49,-0.23
3.3073794580996037,34.72,4.48,-0.23
3.310398507863283,34.72,4.49,-0.23
3.3133609294891357,34.72,4.49,-0.23
3.3163230940699577,34.72,4.49,-0.23
3.3192801140248775,34.72,4.49,-0.23
3.3222304694354534,34.71,4.49,-0.23
3.325196024030447,34.72,4.49,-0.23
3.3281526789069176,34.72,4.49,-0.23
3.3311093002557755,34.72,4.49,-0.23
3.334068212658167,34.72,4.49,-0.23
3.337021052837372,34.72,4.49,-0.23
3.339935414493084,34.72,4.49,-0.23
3.342939794063568,34.72,4.49,-0.22
3.3458974324166775,34.72,4.49,-0.23
3.3488592505455017,34.72,4.49,-0.23
3.3518109507858753,34.72,4.49,-0.22
3.3547731041908264,34.72,4.5,-0.23
3.3577214628458023,34.73,4.5,-0.23
3.3606766760349274,34.72,4.5,-0.23
3.3635082840919495,34.73,4.49,-0.22
3.3664578422904015,34.73,4.49,-0.23
3.368082705885172,34.73,4.49,-0.23
3.369560293853283,34.73,4.49,-0.23
3.37103783339262,34.73,4.49,-0.22
3.372514773160219,34.73,4.49,-0.23
3.3738271594047546,34.73,4.49,-0.23
3.375307809561491,34.73,4.49,-0.23
3.3769432865083218,34.73,4.49,-0.23
3.3782872296869755,34.73,4.49,-0.23
3.379866596311331,34.73,4.49,-0.23
3.381397631019354,34.72,4.49,-0.23
3.382860604673624,34.72,4.49,-0.23
3.384224656969309,34.73,4.5,-0.22
3.385760486125946,34.73,4.5,-0.22
3.387062355875969,34.73,4.49,-0.23
3.3886520750820637,34.72,4.49,-0.23
3.3902731612324715,34.73,4.49,-0.22
3.391631744801998,34.73,4.49,-0.23
3.3932102024555206,34.72,4.49,-0.23
3.394594367593527,34.73,4.49,-0.23
3.3961263597011566,34.73,4.49,-0.23
3.3975646644830704,34.73,4.49,-0.22
3.3991313725709915,34.73,4.49,-0.23
3.400597997009754,34.73,4.49,-0.23
3.4020695462822914,34.72,4.49,-0.23
3.4035594575107098,34.72,4.49,-0.23
3.4050284400582314,34.72,4.49,-0.23
3.4064199067652225,34.73,4.49,-0.22
3.407909367233515,34.73,4.49,-0.23
3.40947924554348,34.72,4.49,-0.23
3.410894226282835,34.72,4.49,-0.23
3.4124528281390667,34.72,4.49,-0.22
3.413920108228922,34.72,4.49,-0.23
3.415409453213215,34.72,4.49,-0.23
3.4168962351977825,34.73,4.49,-0.23
3.4182810932397842,34.72,4.49,-0.23
3.4198323786258698,34.72,4.49,-0.22
3.421309504657984,34.73,4.49,-0.22
3.4227937944233418,34.73,4.49,-0.23
3.4242774583399296,34.72,4.49,-0.23
3.4256845004856586,34.72,4.49,-0.23
3.4272433258593082,34.72,4.49,-0.22
3.4286885857582092,34.72,4.49,-0.23
3.4301986172795296,34.72,4.49,-0.23
3.4316831827163696,34.73,4.49,-0.23
3.433091662824154,34.72,4.49,-0.23
3.4343955479562283,34.72,4.49,-0.23
3.43607821688056,34.72,4.49,-0.23
3.4375935085117817,34.72,4.49,-0.23
3.439056247472763,34.72,4.49,-0.23
3.440324120223522,34.73,4.49,-0.23
3.442030567675829,34.72,4.49,-0.23
3.4434947669506073,34.72,4.49,-0.22
3.444879174232483,34.73,4.49,-0.23
3.446432862430811,34.73,4.49,-0.23
3.4477447643876076,34.73,4.49,-0.23
3.4494181871414185,34.73,4.49,-0.23
3.4508753567934036,34.72,4.49,-0.22
3.452162019908428,34.73,4.49,-0.22
3.453842043876648,34.73,4.49,-0.23
3.4551362581551075,34.73,4.49,-0.23
3.4568173848092556,34.73,4.49,-0.23
3.4582845866680145,34.73,4.49,-0.23
3.4595848843455315,34.72,4.49,-0.22
3.461255170404911,34.73,4.49,-0.23
3.463991291821003,34.73,4.49,-0.22
3.467153925448656,34.73,4.49,-0.23
3.4699986279010773,34.72,4.49,-0.22
3.4730103611946106,34.74,4.49,-0.22
3.475991167128086,34.73,4.49,-0.23
3.4790099784731865,34.73,4.49,-0.22
3.4818301387131214,34.72,4.49,-0.22
3.4847067072987556,34.73,4.49,-0.23
3.4876657649874687,34.73,4.49,-0.22
3.490807421505451,34.74,4.49,-0.23
3.493752494454384,34.73,4.49,-0.22
3.4966441728174686,34.72,4.49,-0.23
3.4996497109532356,34.73,4.49,-0.23
3.5024633184075356,34.73,4.49,-0.22
3.5055275447666645,34.73,4.49,-0.23
3.5083677172660828,34.72,4.49,-0.22
3.5114467591047287,34.73,4.49,-0.23
3.514487214386463,34.73,4.49,-0.22
3.5174103528261185,34.73,4.48,-0.22
3.52036040276289,34.73,4.48,-0.22
3.521892160177231,34.73,4.48,-0.22
3.5233028642833233,34.73,4.48,-0.22
3.524764247238636,34.73,4.48,-0.22
3.5263249166309834,34.73,4.48,-0.22
3.52775152400136,34.72,4.48,-0.23
3.5293011851608753,34.72,4.48,-0.23
3.5307448767125607,34.73,4.48,-0.22
3.5322524309158325,34.73,4.48,-0.22
3.5334836430847645,34.73,4.48,-0.23
3.5351349636912346,34.73,4.49,-0.23
3.5364356487989426,34.73,4.49,-0.22
3.538128077983856,34.73,4.49,-0.22
3.5394158363342285,34.73,4.49,-0.23
3.541087578982115,34.73,4.49,-0.23
3.5424580052495003,34.73,4.49,-0.22
3.54405864328146,34.73,4.49,-0.22
3.5453287214040756,34.73,4.49,-0.22
3.5470365658402443,34.73,4.49,-0.23
3.5484952218830585,34.73,4.49,-0.23
3.5499610379338264,34.73,4.49,-0.22
3.551240500062704,34.73,4.49,-0.23
3.552945863455534,34.73,4.49,-0.23
3.554427780210972,34.73,4.48,-0.23
3.555901136249304,34.73,4.49,-0.23
3.557178635150194,34.73,4.49,-0.22
3.5587036311626434,34.73,4.49,-0.22
3.5618282333016396,34.73,4.49,-0.23
3.5646189115941525,34.73,4.48,-0.23
3.5675482600927353,34.73,4.48,-0.22
3.570467848330736,34.73,4.48,-0.23
3.5734324641525745,34.73,4.49,-0.22
3.5765788666903973,34.73,4.48,-0.23
3.5795844681560993,34.73,4.49,-0.23
3.5825099647045135,34.72,4.48,-0.23
3.585438348352909,34.73,4.49,-0.23
3.588305465877056,34.73,4.49,-0.23
3.591411307454109,34.73,4.48,-0.22
3.594355780631304,34.73,4.49,-0.22
3.5972005911171436,34.73,4.49,-0.23
3.600261952728033,34.73,4.49,-0.23
3.603215243667364,34.73,4.49,-0.23
3.606185209006071,34.72,4.49,-0.23
3.6089697368443012,34.73,4.49,-0.22
3.612083710730076,34.73,4.49,-0.23
3.614971373230219,34.72,4.49,-0.23
3.617881391197443,34.72,4.49,-0.23
3.620993334800005,34.73,4.49,-0.22
3.6238667853176594,34.73,4.49,-0.22
3.6253223158419132,34.73,4.49,-0.22
3.626897782087326,34.73,4.49,-0.23
3.628353960812092,34.72,4.49,-0.23
3.6298475712537766,34.72,4.49,-0.23
3.6313217878341675,34.72,4.49,-0.23
3.632804799824953,34.73,4.49,-0.23
3.634234093129635,34.72,4.49,-0.23
3.635549634695053,34.73,4.49,-0.23
3.637256905436516,34.73,4.49,-0.23
3.638702515512705,34.73,4.49,-0.23
3.640219386667013,34.72,4.49,-0.23
3.6414494775235653,34.73,4.49,-0.23
3.643143054097891,34.73,4.49,-0.22
3.644613217562437,34.73,4.49,-0.22
3.6461118683218956,34.73,4.49,-0.23
3.647368937730789,34.73,4.49,-0.23
3.64903886243701,34.73,4.49,-0.22
3.650359310209751,34.73,4.49,-0.23
3.6519914492964745,34.73,4.49,-0.23
3.6533025167882442,34.73,4.49,-0.23
3.654969047755003,34.73,4.49,-0.23
3.6562493704259396,34.73,4.49,-0.22
3.6579142920672894,34.73,4.49,-0.22
3.65941821038723,34.73,4.49,-0.22
3.662166938185692,34.73,4.49,-0.22
3.665357980877161,34.73,4.49,-0.22
3.6682897433638573,34.73,4.49,-0.22
3.6712708063423634,34.73,4.49,-0.23
3.674198243767023,34.73,4.49,-0.23
3.677105341106653,34.73,4.49,-0.23
3.679976213723421,34.72,4.49,-0.22
3.683094572275877,34.73,4.49,-0.22
3.684410396963358,34.73,4.49,-0.22
3.686048686504364,34.73,4.49,-0.22
3.6873766370117664,34.73,4.49,-0.22
3.6889759823679924,34.73,4.49,-0.22
3.6904435865581036,34.73,4.49,-0.23
3.6919226944446564,34.73,4.49,-0.22
3.693350426852703,34.73,4.49,-0.22
3.6949168667197227,34.73,4.49,-0.22
3.6963171996176243,34.73,4.49,-0.23
3.697830680757761,34.72,4.49,-0.23
3.6993569433689117,34.73,4.49,-0.22
3.7007203064858913,34.74,4.49,-0.23
3.702249675989151,34.72,4.49,-0.23
3.703677471727133,34.73,4.49,-0.22
3.705231934785843,34.73,4.49,-0.22
3.7066458128392696,34.73,4.49,-0.22
3.7081674486398697,34.73,4.49,-0.22
3.7096896693110466,34.73,4.49,-0.22
3.711156655102968,34.73,4.49,-0.22
3.7126166820526123,34.72,4.49,-0.22
3.714028414338827,34.72,4.49,-0.22
3.7156137973070145,34.73,4.49,-0.22
3.716981090605259,34.74,4.49,-0.22
3.718584470450878,34.73,4.49,-0.23
3.7199387438595295,34.73,4.49,-0.22
3.721524730324745,34.73,4.49,-0.22
3.7230275124311447,34.73,4.49,-0.22
3.7244661413133144,34.73,4.49,-0.22
3.725892499089241,34.73,4.48,-0.22
3.7274433225393295,34.73,4.49,-0.22
3.7288418486714363,34.73,4.49,-0.22
3.7304030060768127,34.73,4.49,-0.23
3.7318140603601933,34.73,4.48,-0.23
3.733370218425989,34.73,4.48,-0.23
3.7348338589072227,34.73,4.48,-0.22
3.7363384254276752,34.73,4.48,-0.22
3.737729586660862,34.73,4.49,-0.22
3.739289052784443,34.73,4.49,-0.22
3.7407475374639034,34.73,4.49,-0.22
3.7422331646084785,34.73,4.48,-0.22
3.7434782721102238,34.73,4.48,-0.23
3.7451892532408237,34.73,4.48,-0.22
3.7466982193291187,34.73,4.48,-0.22
3.7481066323816776,34.73,4.48,-0.22
3.74963416159153,34.73,4.48,-0.22
3.7509045526385307,34.73,4.48,-0.22
3.752572938799858,34.73,4.48,-0.22
3.753874585032463,34.73,4.48,-0.22
3.755530808120966,34.73,4.48,-0.22
3.756847567856312,34.73,4.48,-0.22
3.759952913969755,34.73,4.48,-0.22
3.7627547457814217,34.73,4.48,-0.22
3.765771832317114,34.73,4.48,-0.22
3.7687830179929733,34.73,4.48,-0.22
3.771672908216715,34.73,4.48,-0.22
3.7747893668711185,34.73,4.48,-0.22
3.777715414762497,34.73,4.48,-0.22
3.780538260936737,34.73,4.48,-0.22
3.7836564108729362,34.73,4.48,-0.22
3.7865724600851536,34.73,4.48,-0.22
3.7894248366355896,34.73,4.48,-0.22
3.79237038269639,34.73,4.48,-0.22
3.7954441979527473,34.73,4.48,-0.22
3.798373017460108,34.73,4.48,-0.23
3.80141519382596,34.73,4.48,-0.23
3.8043086752295494,34.73,4.48,-0.23
3.807306796312332,34.73,4.48,-0.22
3.8102750033140182,34.73,4.48,-0.23
3.8132084757089615,34.73,4.48,-0.22
3.816061530262232,34.73,4.48,-0.22
3.8190088123083115,34.73,4.48,-0.22
3.8220952041447163,34.73,4.48,-0.23
3.825030628591776,34.73,4.48,-0.22
3.8278677351772785,34.73,4.49,-0.22
3.8308096565306187,34.73,4.47,-0.23
3.833820439875126,34.72,4.48,-0.23
3.8367418237030506,34.72,4.48,-0.23
3.8398666456341743,34.73,4.48,-0.23
3.842762812972069,34.72,4.48,-0.23
3.8442855551838875,34.72,4.48,-0.23
3.8457576893270016,34.72,4.48,-0.23
3.8470971807837486,34.72,4.48,-0.22
3.8486833535134792,34.73,4.48,-0.22
3.8500838428735733,34.72,4.48,-0.23
3.851647786796093,34.72,4.48,-0.23
3.8529262579977512,34.72,4.48,-0.23
3.854655459523201,34.72,4.48,-0.23
3.856076866388321,34.72,4.48,-0.23
3.8590554669499397,34.72,4.48,-0.23
3.8620494343340397,34.72,4.48,-0.23
3.864979837089777,34.72,4.48,-0.23
3.8679646775126457,34.72,4.48,-0.23
3.870790932327509,34.72,4.48,-0.23
3.8737687692046165,34.72,4.48,-0.23
3.876707285642624,34.72,4.48,-0.23
3.8796933256089687,34.72,4.48,-0.23
3.881268300116062,34.73,4.48,-0.23
3.8827357925474644,34.72,4.48,-0.23
3.8840285651385784,34.72,4.48,-0.23
3.8856953643262386,34.72,4.48,-0.22
3.8869906030595303,34.73,4.48,-0.22
3.888486385345459,34.72,4.48,-0.22
3.8901031613349915,34.72,4.48,-0.22
3.8914650678634644,34.72,4.48,-0.22
3.893068376928568,34.72,4.48,-0.22
3.894425544887781,34.72,4.48,-0.22
3.8959578834474087,34.72,4.48,-0.23
3.8975096866488457,34.72,4.48,-0.22
3.898867815732956,34.72,4.48,-0.22
3.9004311449825764,34.72,4.48,-0.22
3.9019681736826897,34.72,4.48,-0.23
3.9033909738063812,34.73,4.48,-0.23
3.9048974625766277,34.72,4.48,-0.22
3.9063835516572,34.72,4.48,-0.22
3.9078835286200047,34.73,4.48,-0.22
3.9092397429049015,34.73,4.48,-0.22
3.910774666815996,34.73,4.48,-0.23
3.9121809042990208,34.72,4.48,-0.22
3.913783498108387,34.72,4.49,-0.23
3.9151737801730633,34.72,4.48,-0.22
3.916735716164112,34.72,4.48,-0.22
3.9182286970317364,34.72,4.49,-0.22
3.919575933367014,34.73,4.49,-0.22
3.921191044151783,34.72,4.49,-0.23
3.9226664043962955,34.72,4.49,-0.22
3.924128223210573,34.73,4.49,-0.22
3.9255125671625137,34.73,4.49,-0.23
3.9271075055003166,34.73,4.49,-0.23
3.9284769147634506,34.73,4.49,-0.23
3.929946556687355,34.73,4.49,-0.23
3.931555896997452,34.73,4.49,-0.23
3.933021653443575,34.73,4.49,-0.23
3.934481229633093,34.73,4.49,-0.22
3.9359933845698833,34.73,4.49,-0.23
3.9373710080981255,34.73,4.49,-0.23
3.9389216005802155,34.73,4.49,-0.23
3.9403167366981506,34.73,4.49,-0.23
3.941895868629217,34.72,4.49,-0.23
3.94329696521163,34.73,4.49,-0.23
3.9448496773838997,34.73,4.49,-0.23
3.94625823199749,34.73,4.49,-0.23
3.9478206634521484,34.73,4.49,-0.23
3.9492869041860104,34.74,4.49,-0.23
3.950697347521782,34.74,4.49,-0.23
3.952007193118334,34.73,4.48,-0.23
3.9536838494241238,34.73,4.49,-0.23
3.9552076309919357,34.73,4.48,-0.23
3.9581340327858925,34.73,4.49,-0.22
3.9611175507307053,34.73,4.48,-0.23
3.963875934481621,34.73,4.48,-0.23
3.966818645596504,34.73,4.48,-0.22
3.969824306666851,34.73,4.48,-0.23
3.972769245505333,34.73,4.48,-0.22
3.9757309779524803,34.74,4.48,-0.23
3.9787025302648544,34.74,4.48,-0.23
3.9817109927535057,34.74,4.48,-0.22
3.984618980437517,34.74,4.48,-0.23
3.9877342730760574,34.74,4.48,-0.23
3.990546438843012,34.74,4.48,-0.23
3.993555221706629,34.74,4.48,-0.23
3.996481481939554,34.74,4.48,-0.23
3.999568533152342,34.74,4.48,-0.23
4.002499129623175,34.74,4.48,-0.23
4.003853488713503,34.74,4.48,-0.23
4.005391892045736,34.74,4.48,-0.23
4.006962142884731,34.74,4.48,-0.23
4.008462850004435,34.74,4.48,-0.23
4.009926330298185,34.74,4.48,-0.23
4.011256407946348,34.74,4.48,-0.22
4.012819819152355,34.74,4.48,-0.23
4.0142162926495075,34.74,4.48,-0.23
4.015834469348192,34.74,4.48,-0.23
4.017246074974537,34.74,4.48,-0.23
4.01874515414238,34.74,4.48,-0.23
4.020276196300983,34.74,4.48,-0.23
4.021732546389103,34.74,4.48,-0.23
4.023097492754459,34.74,4.48,-0.23
4.024583630263805,34.74,4.48,-0.23
4.026149336248636,34.74,4.48,-0.23
4.027552004903555,34.74,4.48,-0.23
4.029143840074539,34.74,4.48,-0.23
4.030606269836426,34.74,4.48,-0.23
4.03201511874795,34.74,4.48,-0.23
4.03347672149539,34.74,4.48,-0.23
4.035057719796896,34.74,4.48,-0.23
4.036509778350592,34.74,4.48,-0.23
4.037940710783005,34.75,4.48,-0.23
4.039489034563303,34.73,4.48,-0.23
4.040976706892252,34.74,4.48,-0.23
4.042369809001684,34.74,4.48,-0.23
4.043941363692284,34.74,4.48,-0.23
4.045335341244936,34.74,4.48,-0.23
4.0468996949493885,34.74,4.48,-0.23
4.048298954963684,34.73,4.49,-0.23
4.049838989973068,34.73,4.48,-0.23
4.05125493183732,34.73,4.48,-0.23
4.052817530930042,34.73,4.48,-0.23
4.054209299385548,34.74,4.49,-0.22
4.057118982076645,34.74,4.48,-0.23
4.059977401047945,34.74,4.49,-0.23
4.0630187317729,34.73,4.49,-0.23
4.066130314022303,34.74,4.49,-0.23
4.068953819572926,34.73,4.49,-0.23
4.072034198790789,34.74,4.49,-0.23
4.074950370937586,34.74,4.49,-0.23
4.077959846705198,34.74,4.49,-0.23
4.080749053508043,34.74,4.49,-0.23
4.08385144174099,34.73,4.49,-0.22
4.086808606982231,34.74,4.49,-0.23
4.089633654803038,34.74,4.49,-0.22
4.092728931456804,34.73,4.49,-0.23
4.095642317086458,34.74,4.49,-0.23
4.09859237447381,34.74,4.49,-0.23
4.101541541516781,34.74,4.49,-0.23
4.104513015598059,34.74,4.49,-0.23
4.107462789863348,34.74,4.49,-0.23
4.110471658408642,34.74,4.49,-0.23
4.113324359059334,34.74,4.49,-0.23
4.116242002695799,34.74,4.49,-0.23
4.119344223290682,34.74,4.49,-0.22
4.122269429266453,34.74,4.49,-0.23
4.125104136765003,34.74,4.49,-0.23
4.1282258704304695,34.74,4.49,-0.23
4.131114952266216,34.74,4.49,-0.23
4.139111064374447,34.74,4.49,-118.82
4.140663430094719,34.74,4.49,-118.81
4.142002750188112,34.74,4.49,-118.81
4.143619708716869,34.74,4.49,-118.81
4.145082011818886,34.74,4.49,-118.8
4.146441489458084,34.74,4.49,-118.8
4.148043639957905,34.74,4.49,-118.8
4.149425700306892,34.74,4.49,-118.79
4.150997761636972,34.74,4.49,-118.79
4.152437351644039,34.74,4.49,-118.79
4.1618828400969505,34.74,4.49,-0.22
4.164788618683815,34.74,4.48,-0.23
4.16786066442728,34.74,4.49,-0.23
4.170752927660942,34.74,4.49,-0.23
4.173722341656685,34.75,4.49,-0.22
4.1765880808234215,34.74,4.49,-0.23
4.179472781717777,34.74,4.49,-0.22
4.182487610727549,34.74,4.48,-0.23
4.185581315308809,34.74,4.49,-0.23
4.188503224402666,34.75,4.49,-0.23
4.191516872495413,34.74,4.49,-0.22
4.194477707147598,34.75,4.48,-0.23
4.197400841861963,34.74,4.48,-0.22
4.198886968195438,34.75,4.48,-0.23
4.20033261552453,34.74,4.49,-0.22
4.201878264546394,34.75,4.49,-0.22
4.203338265419006,34.75,4.49,-0.23
4.204779334366322,34.74,4.48,-0.23
4.206330243498087,34.74,4.48,-0.22
4.207781556993723,34.75,4.49,-0.22
4.2092552818357944,34.74,4.49,-0.23
4.210619330406189,34.74,4.49,-0.22
4.212205346673727,34.75,4.49,-0.23
4.213478326797485,34.75,4.48,-0.23
4.214947897940874,34.75,4.49,-0.22
4.216636601835489,34.75,4.49,-0.23
4.218043815344572,34.74,4.48,-0.22
4.219614628702402,34.74,4.49,-0.22
4.2209029532969,34.74,4.49,-0.22
4.222559425979853,34.74,4.49,-0.22
4.224056851118803,34.74,4.49,-0.22
4.225374899804592,34.74,4.49,-0.22
4.227012120187283,34.74,4.49,-0.23
4.2284230552613735,34.74,4.49,-0.22
4.229963190853596,34.74,4.49,-0.22
4.231457822024822,34.74,4.49,-0.22
4.232750881463289,34.75,4.49,-0.22
4.234399165958166,34.75,4.49,-0.23
4.235888194292784,34.74,4.49,-0.23
4.237337410449982,34.74,4.49,-0.23
4.238849483430386,34.75,4.49,-0.22
4.240162327885628,34.75,4.49,-0.23
4.241642203181982,34.75,4.49,-0.22
4.243192598223686,34.75,4.49,-0.22
4.244593650102615,34.74,4.49,-0.23
4.246238999068737,34.75,4.49,-0.22
4.247546877712011,34.75,4.49,-0.22
4.249213486909866,34.75,4.48,-0.23
4.250651892274618,34.74,4.49,-0.22
4.25347089022398,34.74,4.49,-0.22
4.256487637758255,34.75,4.49,-0.22
4.25941414013505,34.75,4.49,-0.22
4.2624965608119965,34.75,4.49,-0.22
4.265357326716185,34.74,4.49,-0.22
4.268340844660997,34.75,4.48,-0.22
4.271188605576754,34.75,4.48,-0.22
4.274246085435152,34.75,4.48,-0.22
4.277138900011778,34.75,4.49,-0.23
4.28018856793642,34.74,4.48,-0.23
4.283118773251772,34.75,4.48,-0.23
4.286018673330545,34.75,4.48,-0.22
4.2891151160001755,34.75,4.48,-0.23
4.291884634643793,34.75,4.48,-0.23
4.294894799590111,34.75,4.48,-0.23
4.297962445765734,34.75,4.48,-0.22
4.3009664081037045,34.74,4.48,-0.23
4.303862579166889,34.75,4.48,-0.23
4.306676477193832,34.75,4.48,-0.23
4.3098535016179085,34.75,4.48,-0.23
4.312763046473265,34.74,4.48,-0.23
4.315689142793417,34.75,4.48,-0.23
4.318697616457939,34.75,4.48,-0.23
4.321449551731348,34.75,4.48,-0.23
4.324612677097321,34.75,4.48,-0.23
4.327577903866768,34.74,4.49,-0.23
4.330498863011599,34.75,4.49,-0.23
4.333444889634848,34.75,4.48,-0.23
4.336215730756521,34.75,4.49,-0.23
4.337914738804102,34.75,4.48,-0.23
4.339409712702036,34.75,4.48,-0.23
4.340885289013386,34.75,4.49,-0.23
4.34220539778471,34.75,4.48,-0.23
4.3438465520739555,34.75,4.48,-0.22
4.345148645341396,34.75,4.48,-0.23
4.346808545291424,34.75,4.48,-0.23
4.348102603107691,34.75,4.48,-0.23
4.349774356931448,34.75,4.48,-0.23
4.352665960788727,34.75,4.48,-0.23
4.35565822571516,34.74,4.49,-0.23
4.3584617637097836,34.75,4.49,-0.23
4.360072936862707,34.75,4.48,-0.23
4.361477121710777,34.75,4.48,-0.23
4.3629993461072445,34.75,4.48,-0.23
4.364414181560278,34.75,4.49,-0.23
4.3659690245985985,34.75,4.49,-0.23
4.367375265806913,34.74,4.48,-0.23
4.368995331227779,34.75,4.49,-0.23
4.370461288839579,34.75,4.49,-0.23
4.371878620237112,34.75,4.49,-0.23
4.373287193477154,34.75,4.49,-0.23
4.374769032001495,34.75,4.49,-0.23
4.37638059258461,34.75,4.49,-0.23
4.37774109095335,34.75,4.49,-0.23
4.379351187497377,34.75,4.49,-0.23
4.380714830011129,34.75,4.49,-0.23
4.3822085708379745,34.75,4.49,-0.23
4.383677773177624,34.75,4.49,-0.23
4.385254763066769,34.75,4.49,-0.23
4.386696245521307,34.75,4.49,-0.23
4.388207022100687,34.75,4.49,-0.23
4.389624036848545,34.75,4.49,-0.23
4.391064137220383,34.75,4.49,-0.23
4.392627593129873,34.75,4.49,-0.23
4.39403872191906,34.75,4.49,-0.23
4.395606778562069,34.75,4.49,-0.23
4.397012814879417,34.75,4.49,-0.23
4.3985551334917545,34.75,4.49,-0.23
4.3999601341784,34.75,4.49,-0.23
4.401522472500801,34.75,4.49,-0.23
4.402929902076721,34.75,4.49,-0.23
4.404493499547243,34.75,4.48,-0.23
4.405891824513674,34.74,4.49,-0.23
4.407182049006224,34.75,4.49,-0.23
4.408920884132385,34.75,4.48,-0.23
4.410387866199017,34.75,4.48,-0.23
4.411819525063038,34.74,4.49,-0.23
4.413358602672815,34.75,4.49,-0.23
4.414766728878021,34.75,4.49,-0.23
4.416244264692068,34.75,4.49,-0.23
4.417795170098543,34.75,4.49,-0.23
4.419225741177797,34.75,4.49,-0.23
4.420773334801197,34.75,4.49,-0.23
4.421996973454952,34.75,4.49,-0.23
4.423654288053513,34.75,4.48,-0.23
4.424971420317888,34.75,4.48,-0.23
4.426652554422617,34.75,4.49,-0.23
4.428013052791357,34.75,4.49,-0.22
4.429625865072012,34.75,4.49,-0.23
4.430910594761372,34.75,4.49,-0.23
4.432578671723604,34.75,4.49,-0.23
4.433852896094322,34.75,4.49,-0.23
4.435391951352358,34.75,4.49,-0.23
4.4369965717196465,34.75,4.49,-0.23
4.438294772058725,34.75,4.49,-0.23
4.439985331147909,34.75,4.49,-0.23
4.441456165164709,34.75,4.49,-0.23
4.442734695971012,34.75,4.49,-0.23
4.444420639425516,34.76,4.49,-0.23
4.445703774690628,34.75,4.49,-0.23
4.447374410927296,34.75,4.49,-0.23
4.448659144341946,34.75,4.49,-0.23
4.451748788356781,34.75,4.49,-0.23
4.454628121107817,34.75,4.49,-0.23
4.457622803747654,34.75,4.49,-0.23
4.460640653967857,34.75,4.49,-0.23
4.463514123111963,34.75,4.49,-0.23
4.4665260054171085,34.75,4.49,-0.23
4.469508171081543,34.75,4.48,-0.23
4.472447883337736,34.75,4.49,-0.23
4.475486505776644,34.75,4.49,-0.23
4.4782398864626884,34.75,4.49,-0.23
4.481293007731438,34.75,4.49,-0.23
4.484243292361498,34.75,4.49,-0.23
4.487276915460825,34.75,4.48,-0.23
4.490188967436552,34.75,4.48,-0.23
4.493057738989592,34.75,4.48,-0.22
4.496056027710438,34.75,4.48,-0.22
4.499116078019142,34.75,4.48,-0.22
4.502015188336372,34.75,4.48,-0.23
4.50499527156353,34.75,4.48,-0.23
4.50793631374836,34.75,4.48,-0.23
4.51096909865737,34.75,4.48,-0.23
4.513711668550968,34.75,4.48,-0.22
4.516748771071434,34.75,4.48,-0.23
4.519696049392223,34.75,4.48,-0.23
4.521279517561197,34.75,4.48,-0.23
4.5227838344872,34.75,4.48,-0.23
4.524267211556435,34.75,4.48,-0.23
4.525508165359497,34.75,4.48,-0.22
4.527220595628023,34.75,4.48,-0.22
4.528665337711573,34.75,4.48,-0.22
4.530182473361492,34.75,4.48,-0.22
4.53162657096982,34.75,4.48,-0.22
4.532956901937723,34.75,4.48,-0.23
4.534598782658577,34.75,4.48,-0.22
4.535875905305147,34.75,4.48,-0.22
4.537568036466837,34.75,4.48,-0.22
4.539035126566887,34.75,4.48,-0.22
4.540325816720724,34.75,4.48,-0.22
4.541815098375082,34.75,4.48,-0.22
4.543442327529192,34.75,4.48,-0.22
4.544780787080526,34.75,4.48,-0.22
4.546450532972813,34.75,4.48,-0.22
4.549412164837122,34.75,4.48,-0.22
4.5523655861616135,34.75,4.48,-0.22
4.55528137460351,34.75,4.48,-0.22
4.558114696294069,34.75,4.48,-0.22
4.561244525015354,34.75,4.48,-0.22
4.5640833377838135,34.75,4.48,-0.22
4.566964104771614,34.75,4.48,-0.23
4.570073563605547,34.75,4.48,-0.23
4.573041073977947,34.75,4.48,-0.23
4.575925040990114,34.75,4.48,-0.23
4.578965969383717,34.75,4.48,-0.23
4.581837423145771,34.75,4.48,-0.22
4.584799021482468,34.75,4.48,-0.22
4.587840549647808,34.75,4.48,-0.22
4.590828116983175,34.75,4.49,-0.22
4.592204425483942,34.76,4.48,-0.22
4.593757964670658,34.75,4.48,-0.22
4.595151305198669,34.75,4.49,-0.22
4.59651455283165,34.75,4.48,-0.22
4.598102517426014,34.75,4.48,-0.22
4.599591191858053,34.75,4.48,-0.23
4.601061053574085,34.75,4.48,-0.23
4.602645717561245,34.75,4.49,-0.23
4.604029677808285,34.75,4.48,-0.23
4.605389103293419,34.75,4.48,-0.22
4.607042010873556,34.76,4.48,-0.22
4.608551513403654,34.75,4.48,-0.22
4.609954476356506,34.75,4.48,-0.22
4.6115392334759235,34.75,4.48,-0.22
4.612919703125954,34.75,4.49,-0.22
4.614481247961521,34.75,4.48,-0.22
4.615881275385618,34.75,4.49,-0.22
4.6174311600625515,34.75,4.49,-0.22
4.61890571564436,34.75,4.49,-0.22
4.620405975729227,34.74,4.49,-0.22
4.6218242309987545,34.75,4.48,-0.22
4.623113967478275,34.75,4.48,-0.23
4.624773222953081,34.75,4.48,-0.22
4.626312408596277,34.75,4.48,-0.23
4.627635862678289,34.75,4.48,-0.22
4.629248108714819,34.75,4.49,-0.22
4.6305267959833145,34.75,4.49,-0.23
4.632192645221949,34.75,4.49,-0.23
4.633678011596203,34.75,4.49,-0.22
4.634953528642654,34.75,4.49,-0.22
4.636436223983765,34.75,4.49,-0.22
4.6381357572972775,34.75,4.49,-0.22
4.639591548591852,34.75,4.49,-0.22
4.641110632568598,34.75,4.49,-0.22
4.6423681154847145,34.75,4.49,-0.22
4.644042160362005,34.75,4.49,-0.23
4.645352121442556,34.75,4.49,-0.22
4.649968106299639,34.75,4.49,-0.23
4.652929373085499,34.75,4.49,-0.22
4.655698172748089,34.75,4.49,-0.23
4.658616919070482,34.74,4.49,-0.23
4.661583684384823,34.75,4.49,-0.22
4.664607360959053,34.75,4.49,-0.22
4.6675937958061695,34.75,4.49,-0.23
4.670439794659615,34.75,4.49,-0.22
4.673631656914949,34.75,4.49,-0.23
4.676537785679102,34.75,4.49,-0.23
4.679432228207588,34.75,4.49,-0.23
4.682413507252932,34.75,4.49,-0.22
4.683982405811548,34.75,4.49,-0.23
4.685349475592375,34.75,4.49,-0.23
4.68690724670887,34.75,4.49,-0.23
4.688296243548393,34.75,4.49,-0.22
4.68983992561698,34.75,4.49,-0.23
4.691385004669428,34.75,4.49,-0.22
4.692761454731226,34.75,4.49,-0.23
4.694272227585316,34.75,4.49,-0.23
4.6957048289477825,34.75,4.49,-0.23
4.697070587426424,34.75,4.49,-0.23
4.6987366788089275,34.75,4.49,-0.23
4.7002692967653275,34.75,4.49,-0.22
4.701620880514383,34.75,4.49,-0.22
4.703195653855801,34.75,4.49,-0.23
4.704684257507324,34.75,4.49,-0.23
4.70616852119565,34.75,4.49,-0.23
4.707551259547472,34.76,4.49,-0.23
4.7091245874762535,34.75,4.49,-0.23
4.710601627826691,34.75,4.49,-0.23
4.712071359157562,34.75,4.49,-0.22
4.713563285768032,34.75,4.49,-0.22
4.714993134140968,34.75,4.49,-0.23
4.716520808637142,34.75,4.49,-0.23
4.71795791760087,34.75,4.49,-0.23
4.719268258661032,34.75,4.49,-0.23
4.720936920493841,34.75,4.49,-0.23
4.722457196563482,34.75,4.49,-0.23
4.723858706653118,34.76,4.49,-0.23
4.725332174450159,34.75,4.49,-0.23
4.726704258471727,34.75,4.49,-0.22
4.728334695100784,34.75,4.49,-0.22
4.729813933372498,34.75,4.49,-0.23
4.73131151124835,34.75,4.49,-0.23
4.732804283499718,34.75,4.49,-0.22
4.734225995838642,34.75,4.49,-0.22
4.735765565186739,34.75,4.49,-0.23
4.7372280061244965,34.76,4.49,-0.23
4.738670375198126,34.75,4.49,-0.23
4.739988461136818,34.75,4.49,-0.23
4.741627048701048,34.75,4.49,-0.23
4.743100944906473,34.75,4.49,-0.23
4.744592145085335,34.75,4.49,-0.23
4.747487980872393,34.75,4.49,-0.23
4.750532265752554,34.75,4.49,-0.22
4.753329358994961,34.75,4.49,-0.22
4.75632793828845,34.75,4.49,-0.23
4.759243942797184,34.76,4.49,-0.22
4.7622544430196285,34.76,4.49,-0.22
4.765328302979469,34.75,4.49,-0.22
4.7681371830403805,34.75,4.49,-0.22
4.771222703158855,34.76,4.49,-0.23
4.774197995662689,34.75,4.49,-0.23
4.776997286826372,34.75,4.49,-0.23
4.78012403100729,34.75,4.49,-0.23
4.78305958583951,34.76,4.49,-0.23
4.785817071795464,34.75,4.49,-0.22
4.788944620639086,34.76,4.49,-0.23
4.7917263731360435,34.75,4.49,-0.23
4.79489640891552,34.75,4.49,-0.22
4.797806918621063,34.76,4.49,-0.23
4.800826635211706,34.75,4.48,-0.23
4.803724519908428,34.76,4.48,-0.23
4.806614566594362,34.75,4.49,-0.23
4.809499204158783,34.76,4.48,-0.23
4.81258911639452,34.76,4.48,-0.23
4.815589513629675,34.76,4.48,-0.23
4.818572536110878,34.76,4.48,-0.23
4.82147078961134,34.76,4.48,-0.23
4.824423044919968,34.76,4.48,-0.23
4.827327076345682,34.76,4.48,-0.22
4.830272987484932,34.75,4.48,-0.23
4.833250910043716,34.75,4.48,-0.23
4.836186345666647,34.75,4.48,-0.22
4.839257922023535,34.76,4.48,-0.22
4.842146992683411,34.76,4.48,-0.22
4.845064744353294,34.76,4.48,-0.23
4.846653506159782,34.75,4.48,-0.22
4.847939886152744,34.76,4.48,-0.22
4.849608696997166,34.75,4.48,-0.23
4.850891847163439,34.75,4.48,-0.23
4.8525698967278,34.76,4.48,-0.23
4.85387672111392,34.76,4.48,-0.23
4.855533882975578,34.75,4.48,-0.23
4.856806173920631,34.75,4.48,-0.23
4.858487900346518,34.76,4.48,-0.23
4.859974969178438,34.76,4.48,-0.23
4.8614340871572495,34.76,4.48,-0.23
4.862735606729984,34.75,4.48,-0.23
4.864368632435799,34.75,4.48,-0.22
4.8658786714077,34.75,4.48,-0.22
4.867195501923561,34.75,4.48,-0.22
4.868663515895605,34.75,4.48,-0.22
4.870319053530693,34.76,4.48,-0.23
4.871722910553217,34.76,4.48,-0.23
4.873197693377733,34.76,4.48,-0.23
4.874763015657663,34.75,4.48,-0.22
4.876072999089956,34.75,4.48,-0.23
4.877681482583284,34.75,4.48,-0.23
4.879046909511089,34.75,4.48,-0.23
4.880680251866579,34.75,4.48,-0.23
4.88216707482934,34.75,4.48,-0.22
4.883625317364931,34.76,4.48,-0.23
4.885112155228853,34.75,4.48,-0.23
4.8865748681128025,34.76,4.48,-0.22
4.887925911694765,34.76,4.48,-0.23
4.8895137421786785,34.76,4.48,-0.22
4.891027331352234,34.76,4.48,-0.22
4.892387494444847,34.76,4.48,-0.22
4.893981672823429,34.76,4.48,-0.22
4.895360022783279,34.76,4.48,-0.22
4.896905466914177,34.76,4.48,-0.22
4.898354042321444,34.76,4.48,-0.23
4.8998463824391365,34.76,4.48,-0.23
4.901265703141689,34.75,4.48,-0.23
4.9028608947992325,34.75,4.48,-0.22
4.904247175902128,34.76,4.48,-0.23
4.9058133363723755,34.76,4.48,-0.22
4.907305233180523,34.76,4.48,-0.22
4.908784441649914,34.75,4.48,-0.23
4.9101565554738045,34.76,4.48,-0.22
4.911721371114254,34.77,4.48,-0.22
4.913128729909658,34.76,4.48,-0.22
4.914582550525665,34.75,4.47,-0.23
4.916162222623825,34.74,4.48,-0.22
4.917582213878632,34.76,4.48,-0.22
4.9191277623176575,34.76,4.48,-0.22
4.920528780668974,34.76,4.48,-0.23
4.922075692564249,34.76,4.48,-0.22
4.923564530909061,34.76,4.48,-0.22
4.9250501953065395,34.76,4.48,-0.23
4.926422290503979,34.76,4.48,-0.23
4.927996896207333,34.76,4.48,-0.22
4.929437708109617,34.76,4.48,-0.22
4.930973377078772,34.76,4.48,-0.22
4.932444293051958,34.76,4.48,-0.23
4.933675084263086,34.76,4.48,-0.23
4.935371369123459,34.76,4.48,-0.22
4.93673375621438,34.76,4.48,-0.22
4.938111040741205,34.76,4.47,-0.22
4.93977976590395,34.75,4.48,-0.23
4.941278230398893,34.75,4.48,-0.22
4.945752773433924,34.76,4.48,-0.23
4.948644634336233,34.75,4.48,-0.22
4.951661501079798,34.75,4.48,-0.23
4.954456564038992,34.75,4.48,-0.23
4.957570675760508,34.76,4.48,-0.23
4.960363619029522,34.76,4.48,-0.22
4.963448964059353,34.76,4.48,-0.22
4.9664631225168705,34.76,4.48,-0.22
4.969187952578068,34.75,4.48,-0.23
4.9721482172608376,34.76,4.48,-0.22
4.975211653858423,34.76,4.48,-0.22
4.9782424084842205,34.76,4.48,-0.22
4.981108028441668,34.76,4.48,-0.23
4.983980346471071,34.76,4.48,-0.22
4.987136818468571,34.76,4.48,-0.23
4.990065291523933,34.76,4.48,-0.22
4.992955889552832,34.76,4.48,-0.22
4.996003113687038,34.76,4.48,-0.23
4.998866245150566,34.76,4.48,-0.22
5.001890253275633,34.75,4.48,-0.22
5.004874423146248,34.76,4.48,-0.23
5.006375763565302,34.76,4.48,-0.22
5.0078600980341434,34.76,4.48,-0.22
5.009233079850674,34.75,4.48,-0.23
5.010801386088133,34.77,4.48,-0.22
5.01220016553998,34.76,4.48,-0.23
5.013760007917881,34.75,4.48,-0.23
5.015249311923981,34.76,4.48,-0.22
5.016661033034325,34.76,4.48,-0.22
5.018203172832727,34.76,4.48,-0.22
5.0196618512272835,34.75,4.48,-0.22
5.021159250289202,34.76,4.48,-0.22
5.022635847330093,34.76,4.48,-0.22
5.024113141000271,34.76,4.48,-0.23
5.025590572506189,34.76,4.48,-0.23
5.027083825320005,34.76,4.48,-0.23
5.028533063828945,34.75,4.48,-0.22
5.030048970133066,34.75,4.48,-0.22
5.031513795256615,34.75,4.48,-0.22
5.032978616654873,34.75,4.49,-0.22
5.034484799951315,34.76,4.49,-0.22
5.035912472754717,34.76,4.49,-0.22
5.037226490676403,34.76,4.49,-0.22
5.03885492682457,34.76,4.49,-0.22
5.040351923555136,34.76,4.49,-0.22
5.043330833315849,34.76,4.49,-0.23
5.046307656913996,34.75,4.48,-0.22
5.049245957285166,34.75,4.49,-0.23
5.052176460623741,34.75,4.49,-0.22
5.0550086833536625,34.76,4.49,-0.22
5.05813430249691,34.75,4.49,-0.23
5.060994379222393,34.76,4.49,-0.23
5.063935860991478,34.75,4.49,-0.23
5.067010004073381,34.75,4.49,-0.23
5.069947496056557,34.76,4.49,-0.23
5.072773177176714,34.76,4.49,-0.23
5.075657892972231,34.76,4.49,-0.23
5.0786977000534534,34.75,4.49,-0.22
5.081722017377615,34.76,4.49,-0.22
5.0846426747739315,34.75,4.49,-0.22
5.087720490992069,34.76,4.5,-0.23
5.090584937483072,34.76,4.49,-0.23
5.093420326709747,34.76,4.49,-0.23
5.096569787710905,34.76,4.49,-0.23
5.099488317966461,34.76,4.49,-0.23
5.100890409201384,34.76,4.49,-0.22
5.102496322244406,34.76,4.49,-0.22
5.103849783539772,34.76,4.49,-0.23
5.105464965105057,34.76,4.49,-0.23
5.10681377351284,34.76,4.49,-0.23
5.1081836968660355,34.76,4.49,-0.23
5.109778393059969,34.76,4.49,-0.23
5.11124425008893,34.76,4.49,-0.23
5.1128173768520355,34.76,4.49,-0.23
5.114260569214821,34.76,4.49,-0.23
5.115803450345993,34.76,4.49,-0.23
5.117191080003977,34.76,4.49,-0.23
5.118767358362675,34.76,4.49,-0.23
5.120180226862431,34.76,4.49,-0.23
5.1217184737324715,34.76,4.49,-0.23
5.12310728058219,34.76,4.49,-0.22
5.124583635479212,34.76,4.49,-0.22
5.126115877181292,34.76,4.49,-0.22
5.127650193870068,34.76,4.49,-0.23
5.129126261919737,34.76,4.49,-0.22
5.1305976659059525,34.76,4.49,-0.23
5.132077604532242,34.76,4.49,-0.22
5.133510049432516,34.76,4.49,-0.22
5.134951431304216,34.76,4.49,-0.22
5.136455986648798,34.75,4.49,-0.22
5.137745689600706,34.75,4.49,-0.22
5.13947032392025,34.76,4.49,-0.23
5.142342355102301,34.76,4.49,-0.22
5.145259466022253,34.77,4.49,-0.22
5.1481290794909,34.76,4.5,-0.22
5.151294518262148,34.76,4.49,-0.22
5.154160927981138,34.76,4.49,-0.22
5.157137170433998,34.76,4.49,-0.23
5.16003230586648,34.75,4.49,-0.22
5.162966515868902,34.76,4.49,-0.22
5.166068229824305,34.76,4.5,-0.22
5.167371798306704,34.76,4.5,-0.22
5.169031515717506,34.76,4.49,-0.22
5.170519839972258,34.76,4.5,-0.22
5.1719967015087605,34.76,4.5,-0.23
5.173458963632584,34.75,4.5,-0.22
5.174964837729931,34.76,4.5,-0.23
5.176273707300425,34.76,4.5,-0.22
5.177748799324036,34.76,4.5,-0.23
5.179372064769268,34.76,4.5,-0.23
5.180741876363754,34.76,4.5,-0.22
5.1823394522070885,34.76,4.5,-0.22
5.183662809431553,34.76,4.5,-0.23
5.185273554176092,34.76,4.5,-0.22
5.186657145619392,34.76,4.5,-0.23
5.188265219330788,34.76,4.5,-0.22
5.189584530889988,34.76,4.49,-0.22
5.191221568733454,34.76,4.49,-0.23
5.192568194121122,34.76,4.49,-0.22
5.19412150233984,34.76,4.49,-0.22
5.195538654923439,34.77,4.49,-0.22
5.197137918323278,34.77,4.49,-0.22
5.1985511519014835,34.76,4.5,-0.22
5.200102295726538,34.75,4.5,-0.22
5.201459739357233,34.76,4.5,-0.22
5.203005686402321,34.76,4.49,-0.22
5.204534087330103,34.76,4.5,-0.22
5.205888580530882,34.76,4.5,-0.22
5.207494631409645,34.76,4.5,-0.22
5.2088879607617855,34.76,4.5,-0.22
5.210423715412617,34.76,4.5,-0.22
5.2118100225925446,34.76,4.5,-0.22
5.21341210976243,34.76,4.5,-0.22
5.214802648872137,34.76,4.5,-0.22
5.216262087225914,34.76,4.5,-0.22
5.217831198126078,34.76,4.5,-0.22
5.219293672591448,34.76,4.5,-0.23
5.220713771879673,34.76,4.5,-0.22
5.222218252718449,34.76,4.5,-0.22
5.223742745816708,34.76,4.5,-0.23
5.225251633673906,34.76,4.5,-0.22
5.226717371493578,34.76,4.5,-0.23
5.228158578276634,34.76,4.5,-0.23
5.2296939715743065,34.76,4.5,-0.22
5.231073509901762,34.76,4.5,-0.22
5.232644502073526,34.76,4.5,-0.22
5.233939703553915,34.76,4.5,-0.22
5.2355898059904575,34.76,4.49,-0.22
5.237070512026548,34.76,4.49,-0.22
5.2384666465222836,34.76,4.49,-0.22
5.241520404815674,34.76,4.5,-0.22
5.244267251342535,34.76,4.49,-0.22
5.2474149242043495,34.76,4.5,-0.22
5.250196952372789,34.76,4.5,-0.22
5.253254398703575,34.76,4.49,-0.23
5.25611038506031,34.77,4.49,-0.22
5.259252272546291,34.76,4.49,-0.22
5.26220728084445,34.75,4.49,-0.23
5.265132121741772,34.76,4.49,-0.23
5.268032155930996,34.76,4.49,-0.22
5.2710643373429775,34.76,4.49,-0.22
5.274026073515415,34.76,4.49,-0.23
5.276917651295662,34.76,4.49,-0.22
5.279812823981047,34.76,4.49,-0.22
5.282919563353062,34.76,4.49,-0.23
5.285721428692341,34.76,4.49,-0.22
5.288773037493229,34.76,4.5,-0.23
5.291779510676861,34.76,4.49,-0.22
5.294696468859911,34.76,4.49,-0.23
5.297594025731087,34.76,4.49,-0.23
5.300589680671692,34.76,4.49,-0.22
5.303488194942474,34.76,4.49,-0.22
5.306563023477793,34.75,4.5,-0.22
5.309476658701897,34.76,4.49,-0.22
5.312476065009832,34.76,4.5,-0.23
5.315446838736534,34.76,4.5,-0.22
5.318306531757116,34.76,4.5,-0.23
5.321285329759121,34.76,4.5,-0.22
5.324317116290331,34.75,4.49,-0.22
5.3271012008190155,34.76,4.49,-0.22
5.328689426183701,34.76,4.49,-0.22
5.330230288207531,34.76,4.5,-0.22
5.331643167883158,34.76,4.49,-0.22
5.333197984844446,34.76,4.49,-0.23
5.334594838321209,34.76,4.49,-0.22
5.336163032799959,34.76,4.49,-0.22
5.339115221053362,34.76,4.49,-0.23
5.342097543179989,34.76,4.49,-0.22
5.344933979213238,34.76,4.49,-0.22
5.347855776548386,34.76,4.49,-0.22
5.35092693194747,34.76,4.49,-0.22
5.3524239882826805,34.76,4.49,-0.22
5.353878054767847,34.76,4.49,-0.22
5.355177670717239,34.76,4.49,-0.22
5.3568149246275425,34.76,4.49,-0.22
5.358126785606146,34.76,4.49,-0.22
5.359788794070482,34.76,4.49,-0.22
5.361092038452625,34.76,4.49,-0.22
5.36277049779892,34.76,4.49,-0.22
5.364178832620382,34.76,4.49,-0.22
5.365724686533213,34.76,4.49,-0.23
5.367213066667318,34.76,4.49,-0.22
5.368679735809565,34.76,4.49,-0.23
5.3701524175703526,34.76,4.49,-0.22
5.3714431673288345,34.76,4.49,-0.22
5.373133458197117,34.76,4.49,-0.22
5.374609064310789,34.76,4.49,-0.22
5.375901330262423,34.76,4.49,-0.22
5.377486135810614,34.76,4.49,-0.22
5.379043340682983,34.76,4.49,-0.22
5.380519159138203,34.77,4.49,-0.22
5.381836239248514,34.76,4.49,-0.22
5.383302576839924,34.76,4.49,-0.22
5.384875167161226,34.76,4.49,-0.22
5.386426027864218,34.76,4.49,-0.22
5.387835532426834,34.76,4.49,-0.22
5.389252930879593,34.76,4.49,-0.22
5.390874423086643,34.76,4.49,-0.23
5.392322100698948,34.76,4.49,-0.22
5.393737744539976,34.76,4.49,-0.22
5.395315907895565,34.76,4.49,-0.22
5.39663989469409,34.77,4.49,-0.22
5.398184210062027,34.76,4.49,-0.22
5.399755202233791,34.76,4.49,-0.22
5.401097472757101,34.77,4.49,-0.22
5.402703274041414,34.76,4.49,-0.22
5.404184050858021,34.76,4.49,-0.22
5.405661337077618,34.76,4.49,-0.22
5.407033212482929,34.76,4.49,-0.22
5.408502645790577,34.76,4.49,-0.22
5.410044897347689,34.77,4.49,-0.22
5.411583669483662,34.77,4.49,-0.22
5.412934143096209,34.76,4.49,-0.22
5.414499014616013,34.76,4.49,-0.22
5.4160103388130665,34.76,4.49,-0.22
5.417403988540173,34.76,4.49,-0.22
5.418836921453476,34.76,4.49,-0.22
5.420421238988638,34.76,4.49,-0.22
5.421820849180222,34.76,4.49,-0.22
5.423194564878941,34.76,4.49,-0.22
5.424849208444357,34.76,4.49,-0.22
5.426349349319935,34.76,4.49,-0.22
5.427766613662243,34.76,4.49,-0.22
5.429314017295837,34.76,4.49,-0.22
5.430733196437359,34.76,4.49,-0.22
5.432281915098429,34.76,4.49,-0.22
5.433745086193085,34.76,4.49,-0.22
5.435235846787691,34.76,4.49,-0.22
5.43798653036356,34.76,4.49,-0.22
5.441092554479837,34.76,4.49,-0.23
5.443986762315035,34.76,4.49,-0.22
5.4470217898488045,34.76,4.5,-0.22
5.449900962412357,34.76,4.5,-0.22
5.452880047261715,34.76,4.5,-0.22
5.455927029252052,34.76,4.49,-0.23
5.458791267126799,34.77,4.5,-0.23
5.461870547384024,34.76,4.5,-0.22
5.464818619191647,34.76,4.5,-0.22
5.4677891582250595,34.76,4.49,-0.23
5.470733545720577,34.77,4.49,-0.22
5.473688192665577,34.76,4.49,-0.22
5.476658686995506,34.76,4.49,-0.22
5.4795641005039215,34.76,4.5,-0.22
5.482560098171234,34.77,4.49,-0.22
5.48545391485095,34.77,4.49,-0.22
5.488464135676622,34.77,4.49,-0.22
5.489952236413956,34.77,4.49,-0.22
5.491429757326841,34.76,4.49,-0.22
5.492912355810404,34.76,4.49,-0.22
5.494311820715666,34.77,4.49,-0.22
5.495711829513311,34.77,4.49,-0.22
5.497296150773764,34.77,4.49,-0.22
5.498678617179394,34.76,4.49,-0.22
5.500307835638523,34.76,4.49,-0.22
5.501643158495426,34.76,4.49,-0.22
5.503243334591389,34.77,4.49,-0.22
5.504612449556589,34.77,4.49,-0.22
5.506149489432573,34.77,4.49,-0.22
5.507671415805817,34.76,4.49,-0.23
5.509054020047188,34.77,4.49,-0.22
5.510598748922348,34.77,4.49,-0.22
5.512033175677061,34.76,4.49,-0.22
5.513531573116779,34.76,4.49,-0.22
5.515095561742783,34.76,4.49,-0.22
5.516472414135933,34.77,4.49,-0.22
5.518019858747721,34.77,4.49,-0.22
5.519430011510849,34.77,4.49,-0.22
5.521025333553553,34.77,4.49,-0.23
5.522370886057615,34.77,4.49,-0.23
5.523971140384674,34.76,4.49,-0.23
5.525441184639931,34.76,4.49,-0.22
5.526818946003914,34.76,4.49,-0.23
5.52840231731534,34.77,4.49,-0.22
5.529799573123455,34.77,4.49,-0.23
5.53133562207222,34.77,4.49,-0.22
5.532840620726347,34.77,4.49,-0.22
5.5342214442789555,34.77,-118.89,-0.22
5.537273366004229,34.77,4.49,-0.22
5.540010824799538,34.77,4.49,-0.22
5.543072950094938,34.76,4.49,-0.22
5.546097766608,34.76,4.49,-0.22
5.548897098749876,34.77,4.49,-0.23
5.551851470023394,34.77,4.49,-0.22
5.55497807264328,34.77,4.49,-0.22
5.557860489934683,34.76,4.49,-0.22
5.56092319637537,34.77,4.49,-0.22
5.563660085201263,34.76,4.49,-0.22
5.566697768867016,34.77,4.49,-0.22
5.56980774179101,34.77,4.49,-0.22
5.572780296206474,34.77,4.49,-0.22
5.575729560106993,34.77,4.49,-0.22
5.578459776937962,34.77,4.49,-0.22
5.581657454371452,34.77,4.49,-0.22
5.584555242210627,34.76,4.49,-0.22
5.587424099445343,34.76,4.49,-0.22
5.590510908514261,34.77,4.49,-0.22
5.5933499820530415,34.77,4.49,-0.22
5.596240244805813,34.77,4.49,-0.22
5.599223181605339,34.76,4.49,-0.22
5.602337468415499,34.76,4.49,-0.22
5.6051094606518745,34.77,4.48,-0.22
5.606781613081694,34.76,4.49,-0.22
5.608135312795639,34.77,4.49,-0.22
5.609762493520975,34.76,4.48,-0.22
5.6111982353031635,34.77,4.48,-0.22
5.6126962304115295,34.76,4.49,-0.22
5.614175442606211,34.77,4.49,-0.22
5.615448143333197,34.76,4.49,-0.22
5.617048639804125,34.76,4.48,-0.22
5.618610795587301,34.77,4.48,-0.22
5.620095778256655,34.77,4.48,-0.22
5.621357478201389,34.77,4.48,-0.22
5.622950371354818,34.77,4.48,-0.22
5.624528732150793,34.77,4.48,-0.22
5.626027647405863,34.77,4.48,-0.22
5.6274405382573605,34.77,4.48,-0.22
5.628959205001593,34.77,4.48,-0.22
5.630352512001991,34.77,4.48,-0.22
5.631919503211975,34.77,4.48,-0.22
5.633364588022232,34.78,4.48,-0.22
5.636359818279743,34.78,4.48,-0.22
5.639323111623526,34.77,4.48,-0.22
5.642236441373825,34.77,4.48,-0.22
5.645230449736118,34.77,4.48,-0.22
5.648209363222122,34.77,4.48,-0.22
5.6510974280536175,34.77,4.48,-0.22
5.652592204511166,34.77,4.48,-0.22
5.654126048088074,34.77,4.48,-0.22
5.655593182891607,34.77,4.48,-0.22
5.65706742554903,34.77,4.48,-0.22
5.658537354320288,34.77,4.48,-0.22
5.660021316260099,34.77,4.48,-0.22
5.66127485409379,34.77,4.48,-0.22
5.662932671606541,34.77,4.48,-0.22
5.664235070347786,34.77,4.48,-0.22
5.665936395525932,34.77,4.48,-0.22
5.667379159480333,34.77,4.48,-0.22
5.668784439563751,34.77,4.48,-0.22
5.670373488217592,34.77,4.48,-0.22
5.671627901494503,34.77,4.48,-0.22
5.673119641840458,34.77,4.48,-0.22
5.674817010760307,34.77,4.48,-0.22
5.676281072199345,34.77,4.48,-0.22
5.677762035280466,34.77,4.48,-0.22
5.6792386174201965,34.77,4.48,-0.22
5.680562302470207,34.77,4.48,-0.22
5.682203773409128,34.77,4.48,-0.22
5.68350251019001,34.77,4.48,-0.22
5.6851674765348434,34.77,4.48,-0.22
5.686472676694393,34.77,4.48,-0.22
5.688044734299183,34.77,4.48,-0.22
5.689612675458193,34.78,4.48,-0.22
5.6910714246332645,34.78,4.48,-0.22
5.692566089332104,34.77,4.48,-0.22
5.694031804800034,34.77,4.48,-0.22
5.6953606978058815,34.77,4.48,-0.22
5.696998838335276,34.77,4.48,-0.22
5.69830134510994,34.77,4.48,-0.22
5.699953850358725,34.77,4.48,-0.22
5.7013066075742245,34.77,4.48,-0.22
5.70287224650383,34.76,4.48,-0.22
5.70425246655941,34.78,4.48,-0.22
5.7058366648852825,34.78,4.48,-0.22
5.707230169326067,34.77,4.48,-0.22
5.708694599568844,34.77,4.48,-0.22
5.710227310657501,34.77,4.48,-0.22
5.7116302736103535,34.77,4.48,-0.22
5.713256631046534,34.77,4.48,-0.22
5.714627929031849,34.77,4.48,-0.22
5.716233164072037,34.77,4.49,-0.22
5.717583786696196,34.77,4.49,-0.22
5.719126492738724,34.77,4.49,-0.22
5.720530562102795,34.77,4.48,-0.22
5.722142454236746,34.77,4.48,-0.22
5.723505076020956,34.77,4.48,-0.22
5.724977720528841,34.77,4.49,-0.22
5.726532634347677,34.77,4.49,-0.22
5.727956589311361,34.77,4.49,-0.22
5.729494191706181,34.78,4.49,-0.22
5.73089711740613,34.77,4.49,-0.22
5.733749330043793,34.77,4.49,-0.22
5.736928317695856,34.77,4.49,-0.22
5.739749256521463,34.77,4.49,-0.22
5.742629490792751,34.77,4.49,-0.22
5.745627753436565,34.77,4.49,-0.22
5.74870090931654,34.77,4.49,-0.22
5.751525480300188,34.77,4.49,-0.22
5.754678685218096,34.77,4.49,-0.22
5.7575586549937725,34.77,4.49,-0.22
5.760596331208944,34.78,4.49,-0.22
5.763350956141949,34.77,4.49,-0.22
5.766453646123409,34.78,4.49,-0.22
5.76942840218544,34.77,4.49,-0.22
5.772313181310892,34.77,4.49,-0.22
5.775320399552584,34.77,4.49,-0.22
5.778328463435173,34.77,4.49,-0.22
5.781268287450075,34.77,4.49,-0.22
5.784123212099075,34.77,4.49,-0.22
5.786992944777012,34.77,4.49,-0.22
5.790120963007212,34.77,4.49,-0.22
5.793071284890175,34.77,4.49,-0.22
5.796042863279581,34.78,4.49,-0.22
5.79903020337224,34.78,4.49,-0.22
5.801792412996292,34.78,4.49,-0.22
5.804777577519417,34.77,4.49,-0.22
5.807912118732929,34.77,4.49,-0.22
5.8107059970498085,34.77,4.5,-0.22
5.8138184659183025,34.77,4.49,-0.22
5.815159153193235,34.77,4.49,-0.22
5.816653378307819,34.77,4.49,-0.22
5.818203721195459,34.77,4.5,-0.22
5.819603446871042,34.77,4.49,-0.22
5.821164317429066,34.77,4.5,-0.22
5.822555799037218,34.77,4.49,-0.22
5.824171479791403,34.77,4.49,-0.22
5.825591046363115,34.77,4.49,-0.22
5.827045235782862,34.77,4.49,-0.22
5.828588739037514,34.77,4.49,-0.22
5.831491857767105,34.77,4.49,-0.22
5.834509272128344,34.77,4.49,-0.22
5.8374220207333565,34.77,4.5,-0.22
5.8403852470219135,34.77,4.49,-0.22
5.843353766947985,34.77,4.5,-0.22
5.846314143389463,34.77,4.5,-0.22
5.849277459084988,34.77,4.49,-0.22
5.852183498442173,34.77,4.49,-0.22
5.855006605386734,34.78,4.49,-0.22
5.856698572635651,34.78,4.5,-0.22
5.8581893518567085,34.77,4.5,-0.22
5.859682142734528,34.77,4.49,-0.22
5.861109171062708,34.77,4.5,-0.22
5.86238419637084,34.78,4.5,-0.22
5.864089492708445,34.77,4.5,-0.22
5.8655968979001045,34.77,4.5,-0.22
5.86682977154851,34.78,4.49,-0.22
5.868511900305748,34.77,4.49,-0.22
5.8698726780712605,34.77,4.49,-0.22
5.871486220508814,34.77,4.5,-0.22
5.8727512545883656,34.77,4.5,-0.22
5.874468643218279,34.77,4.5,-0.22
5.875711563974619,34.78,4.49,-0.22
5.877387348562479,34.77,4.49,-0.22
5.878787595778704,34.77,4.5,-0.22
5.880369149148464,34.78,4.49,-0.22
5.881638843566179,34.78,4.49,-0.22
5.883325442671776,34.77,4.49,-0.22
5.884792689234018,34.77,4.49,-0.22
5.886086985468864,34.77,4.49,-0.22
5.887758992612362,34.77,4.49,-0.22
5.889252543449402,34.77,4.49,-0.22
5.89071137458086,34.78,4.49,-0.22
5.892028741538525,34.78,4.49,-0.22
5.893511839210987,34.78,4.49,-0.22
5.895153649151325,34.77,4.49,-0.22
5.896586991846561,34.77,4.49,-0.22
5.89812583103776,34.78,4.49,-0.22
5.899597771465778,34.78,4.49,-0.22
5.901073515415192,34.77,4.49,-0.22
5.902557726949453,34.77,4.49,-0.22
5.904035672545433,34.77,4.49,-0.22
5.905351668596268,34.77,4.49,-0.22
5.906911041587591,34.78,4.49,-0.22
5.9083153530955315,34.77,4.49,-0.22
5.9099446795880795,34.77,4.49,-0.22
5.911262594163418,34.77,4.49,-0.22
5.912845019251108,34.77,4.49,-0.22
5.91427756100893,34.77,4.49,-0.22
5.915860120207071,34.78,4.49,-0.22
5.917215067893267,34.77,4.49,-0.22
5.918791174888611,34.77,4.49,-0.22
5.920154049992561,34.77,4.49,-0.22
5.92172584310174,34.78,4.49,-0.22
5.923123814165592,34.77,4.49,-0.22
5.924624752253294,34.77,4.49,-0.22
5.9261583760380745,34.77,4.49,-0.22
5.927567053586245,34.78,4.49,-0.22
5.930456303060055,34.77,4.49,-0.22
5.933385454118252,34.78,4.49,-0.22
5.936578519642353,34.77,4.49,-0.22
5.939352430403233,34.77,4.49,-0.22
5.94232153147459,34.77,4.49,-0.22
5.945353452116251,34.78,4.49,-0.22
5.948412287980318,34.78,4.49,-0.22
5.951285529881716,34.77,4.5,-0.22
5.9543126448988914,34.78,4.49,-0.22
5.957228638231754,34.77,4.49,-0.22
5.960198551416397,34.77,4.5,-0.22
5.963163062930107,34.77,4.49,-0.22
5.965973146259785,34.78,4.49,-0.22
5.968897379934788,34.77,4.49,-0.22
5.971812039613724,34.77,4.5,-0.22
5.9750222228467464,34.77,4.49,-0.22
5.976485256105661,34.78,4.5,-0.22
5.9777538031339645,34.78,4.5,-0.22
5.979443434625864,34.77,4.5,-0.22
5.980932679027319,34.77,4.5,-0.22
5.982233989983797,34.77,4.5,-0.22
5.983876287937164,34.78,4.5,-0.22
5.98537140712142,34.77,4.5,-0.22
5.986839283257723,34.77,4.5,-0.22
5.988138843327761,34.77,4.5,-0.22
5.989608138799667,34.77,4.5,-0.22
5.991278402507305,34.77,4.5,-0.22
5.992656085640192,34.77,4.5,-0.22
5.99423199146986,34.77,4.5,-0.22
5.995527599006891,34.78,4.5,-0.22
5.997196115553379,34.78,4.5,-0.22
5.998501613736153,34.77,4.5,-0.22
6.000158526003361,34.77,4.5,-0.22
6.001457396894693,34.78,4.5,-0.22
6.003085017204285,34.77,4.5,-0.22
6.004413362592459,34.77,4.5,-0.22
6.006081156432629,34.77,4.5,-0.22
6.007374819368124,34.77,4.5,-0.22
6.00888042524457,34.77,4.5,-0.22
6.010431315749884,34.77,4.5,-0.22
6.0118333250284195,34.78,4.5,-0.22
6.013391919434071,34.78,4.5,-0.22
6.014938645064831,34.78,4.5,-0.22
6.016289211809635,34.78,4.5,-0.22
6.017900995910168,34.78,4.5,-0.22
6.0192355662584305,34.78,4.5,-0.22
6.0208287835121155,34.78,4.5,-0.22
6.022193033248186,34.77,4.5,-0.22
6.023810498416424,34.77,4.5,-0.22
6.025157023221254,34.77,4.5,-0.22
6.028049625456333,34.77,4.5,-0.22
6.031125478446484,34.77,4.5,-0.22
6.034089092165232,34.77,4.5,-0.22
6.036924265325069,34.77,4.5,-0.22
6.040102921426296,34.78,4.5,-0.22
6.042956653982401,34.77,4.5,-0.22
6.0460121892392635,34.77,4.5,-0.22
6.048974756151438,34.78,4.5,-0.22
6.051780883222818,34.78,4.5,-0.22
6.05463108792901,34.77,4.5,-0.22
6.05772877857089,34.77,4.5,-0.22
6.060597509145737,34.78,4.5,-0.22
6.063527379184961,34.77,4.5,-0.22
6.066538464277983,34.78,4.5,-0.22
6.0696860291063786,34.77,4.5,-0.22
6.072413880378008,34.77,4.5,-0.22
6.075412206351757,34.78,4.5,-0.22
6.078524250537157,34.78,4.5,-0.22
6.081396333873272,34.77,4.5,-0.22
6.084256064146757,34.77,4.5,-0.22
6.087263263761997,34.77,4.5,-0.22
6.090368285775185,34.78,4.5,-0.22
6.093335412442684,34.78,4.5,-0.22
6.096214711666107,34.77,4.5,-0.22
6.099228989332914,34.78,4.5,-0.22
6.1019805781543255,34.78,4.5,-0.22
6.105081528425217,34.78,4.5,-0.22
6.108132090419531,34.78,4.5,-0.22
6.109601501375437,34.78,4.5,-0.22
6.110905047506094,34.77,4.5,-0.22
6.112557303160429,34.77,4.5,-0.22
6.114036049693823,34.78,4.5,-0.22
6.115452438592911,34.77,4.5,-0.22
6.116984263062477,34.77,4.5,-0.22
6.118323154747486,34.78,4.5,-0.22
6.119938302785158,34.78,4.5,-0.22
6.121320780366659,34.78,4.5,-0.22
6.122827377170324,34.78,4.5,-0.22
6.124385617673397,34.77,4.5,-0.22
6.127133917063475,34.78,4.5,-0.22
6.1302673146128654,34.78,4.5,-0.22
6.13319331780076,34.78,4.5,-0.22
6.136184923350811,34.77,4.5,-0.22
6.143610056489706,34.77,-243.24,-0.22
6.145088043063879,34.78,-243.24,-0.22
6.146466631442308,34.77,-243.25,-0.22
6.148043029010296,34.78,-243.26,-0.22
6.149533614516258,34.78,-243.26,-0.22
6.150983352214098,34.77,-243.27,-0.22
6.152482062578201,34.78,-243.27,-0.22
6.153966248035431,34.77,-243.28,-0.22
6.155372478067875,34.77,-243.28,-0.22
6.156912609934807,34.77,-243.29,-0.22
6.158302463591099,34.78,-243.3,-0.22
6.159896288067102,34.78,-243.3,-0.22
6.1612701416015625,34.78,-243.31,-0.22
6.162836242467165,34.78,-243.31,-0.22
6.164241518825293,34.78,-243.32,-0.22
6.172998357564211,34.77,4.51,-0.22
6.174668479710817,34.78,4.51,-0.22
6.175922978669405,34.77,4.51,-0.22
6.177566647529602,34.78,4.51,-0.22
6.1790941543877125,34.78,4.51,-0.22
6.180535219609737,34.78,4.51,-0.22
6.181995686143637,34.77,4.51,-0.22
6.183520384132862,34.77,4.51,-0.22
6.184999156743288,34.77,4.51,-0.22
6.186266083270311,34.77,4.51,-0.22
6.187949240207672,34.77,4.51,-0.22
6.189302768558264,34.78,4.51,-0.22
6.190921206027269,34.78,4.51,-0.22
6.192339286208153,34.78,4.51,-0.22
6.193878754973412,34.78,4.51,-0.22
6.1953535079956055,34.78,4.51,-0.22
6.1968484446406364,34.78,4.51,-0.22
6.198327478021383,34.78,4.51,-0.22
6.199595149606466,34.78,4.51,-0.22
6.201276566833258,34.78,4.51,-0.22
6.202759113162756,34.78,4.51,-0.22
6.2056514993309975,34.78,4.51,-0.22
6.208652779459953,34.78,4.51,-0.22
6.21159315481782,34.78,4.51,-0.22
6.214371308684349,34.78,4.51,-0.22
6.2174217030406,34.77,4.51,-0.22
6.220402266830206,34.78,4.51,-0.22
6.223440404981375,34.78,4.51,-0.22
6.226284492760897,34.78,4.51,-0.22
6.2293548583984375,34.78,4.51,-0.22
6.23217086866498,34.78,4.51,-0.22
6.235264666378498,34.78,4.51,-0.22
6.238144222646952,34.78,4.51,-0.22
6.241153735667467,34.78,4.51,-0.22
6.243961084634066,34.78,4.51,-0.22
6.247115470468998,34.79,4.51,-0.22
6.249869242310524,34.78,4.51,-0.22
6.25287701934576,34.78,4.51,-0.22
6.255979333072901,34.78,4.51,-0.22
6.258767459541559,34.78,4.51,-0.22
6.2619290463626385,34.78,4.51,-0.22
6.264823313802481,34.78,4.51,-0.22
6.266349032521248,34.78,4.51,-0.22
6.267793908715248,34.78,4.51,-0.22
6.2690887823700905,34.78,4.51,-0.22
6.27070914581418,34.78,4.51,-0.22
6.272115636616945,34.78,4.51,-0.22
6.273685533553362,34.78,4.51,-0.22
6.275231447070837,34.78,4.51,-0.22
6.276683021336794,34.78,4.51,-0.22
6.278113655745983,34.78,4.51,-0.22
6.279424976557493,34.78,4.51,-0.22
6.281133603304625,34.78,4.51,-0.22
6.282409660518169,34.78,4.51,-0.22
6.284102380275726,34.78,4.51,-0.22
6.285472065210342,34.78,4.51,-0.22
6.2870336174964905,34.79,4.51,-0.22
6.288422364741564,34.78,4.5,-0.22
6.289996698498726,34.78,4.5,-0.22
6.291492130607367,34.78,4.5,-0.22
6.292758770287037,34.78,4.51,-0.22
6.294424243271351,34.78,4.51,-0.22
6.29576787725091,34.78,4.5,-0.22
6.297396697103977,34.78,4.5,-0.22
6.29887792468071,34.78,4.5,-0.22
6.300284497439861,34.78,4.5,-0.22
6.3031738847494125,34.78,4.5,-0.22
6.306032441556454,34.78,4.5,-0.22
6.309214793145657,34.78,4.5,-0.22
6.312181022018194,34.78,4.5,-0.22
6.315108176320791,34.78,4.5,-0.22
6.318063035607338,34.78,4.51,-0.22
6.320886433124542,34.78,4.51,-0.22
6.323997888714075,34.78,4.51,-0.22
6.326826062053442,34.78,4.5,-0.22
6.329764053225517,34.78,4.51,-0.22
6.332876555621624,34.78,4.51,-0.22
6.335767082870007,34.78,4.51,-0.22
6.338637158274651,34.78,4.5,-0.22
6.3416016809642315,34.78,4.51,-0.22
6.344706144183874,34.78,4.51,-0.22
6.347512785345316,34.78,4.51,-0.22
6.350545670837164,34.78,4.51,-0.22
6.353531152009964,34.78,4.51,-0.22
6.356499906629324,34.78,4.51,-0.22
6.357959616929293,34.78,4.51,-0.22
6.3594449535012245,34.78,4.51,-0.22
6.3609758913517,34.78,4.51,-0.22
6.362459059804678,34.78,4.51,-0.22
6.363933239132166,34.78,4.51,-0.22
6.36539825797081,34.78,4.51,-0.22
6.366903722286224,34.78,4.51,-0.22
6.368377525359392,34.78,4.5,-0.22
6.369849041104317,34.78,4.51,-0.22
6.371331837028265,34.78,4.5,-0.22
6.372816704213619,34.79,4.5,-0.22
6.3742899894714355,34.79,4.5,-0.22
6.375782057642937,34.78,4.5,-0.22
6.377249196171761,34.78,4.51,-0.22
6.378723323345184,34.78,4.51,-0.22
6.380199454724789,34.78,4.5,-0.22
6.381685629487038,34.78,4.5,-0.22
6.383170772343874,34.78,4.5,-0.22
6.384645227342844,34.79,4.5,-0.22
6.386102210730314,34.78,4.5,-0.22
6.387607786804438,34.78,4.5,-0.22
6.389093019068241,34.78,4.5,-0.22
6.390568736940622,34.78,4.5,-0.22
6.392042331397533,34.78,4.5,-0.22
6.3935165628790855,34.78,4.5,-0.22
6.394986495375633,34.78,4.5,-0.22
6.396467074751854,34.78,4.5,-0.22
6.397959399968386,34.78,4.5,-0.22
6.399433922022581,34.78,4.5,-0.22
6.402391579002142,34.78,4.5,-0.22
6.405285749584436,34.78,4.5,-0.22
6.408131219446659,34.78,4.5,-0.22
6.411278609186411,34.78,4.5,-0.22
6.414151765406132,34.79,4.5,-0.22
6.417183436453342,34.79,4.5,-0.22
6.420075982809067,34.79,4.5,-0.22
6.423065714538097,34.79,4.5,-0.22
6.426041953265667,34.78,4.5,-0.22
6.4289018996059895,34.79,4.5,-0.22
6.4304408095777035,34.79,4.5,-0.22
6.43196927011013,34.79,4.5,-0.22
6.433450948446989,34.78,4.5,-0.22
6.434807546436787,34.78,4.5,-0.22
6.436366751790047,34.78,4.5,-0.22
6.437832448631525,34.78,4.5,-0.22
6.439350720494986,34.79,4.5,-0.22
6.440833754837513,34.79,4.5,-0.22
6.442264720797539,34.78,4.5,-0.22
6.44377189129591,34.78,4.5,-0.22
6.445282429456711,34.78,4.5,-0.22
6.4467575661838055,34.78,4.5,-0.22
6.448240790516138,34.78,4.51,-0.22
6.449713997542858,34.78,4.51,-0.22
6.451194614171982,34.78,4.51,-0.22
6.452673066407442,34.79,4.51,-0.22
6.4541558511555195,34.78,4.5,-0.22
6.455594565719366,34.78,4.51,-0.22
6.457098875194788,34.79,4.51,-0.22
6.458595283329487,34.79,4.51,-0.22
6.460063174366951,34.78,4.51,-0.22
6.4615479446947575,34.78,4.51,-0.22
6.463019788265228,34.78,4.51,-0.22
6.4644928351044655,34.78,4.5,-0.22
6.4659773372113705,34.78,4.5,-0.22
6.467453517019749,34.78,4.5,-0.22
6.46894321590662,34.78,4.5,-0.22
6.470416534692049,34.79,4.5,-0.22
6.4718908332288265,34.78,4.5,-0.22
6.473377510905266,34.78,4.5,-0.22
6.474852938205004,34.78,4.5,-0.22
6.476330764591694,34.78,4.5,-0.22
6.477803315967321,34.78,4.5,-0.22
6.479293722659349,34.78,4.5,-0.22
6.480721298605204,34.78,4.5,-0.22
6.482123576104641,34.78,4.5,-0.22
6.4837079755961895,34.78,4.5,-0.22
6.485063437372446,34.78,4.51,-0.22
6.486604157835245,34.78,4.51,-0.22
6.488154150545597,34.78,4.51,-0.22
6.489633612334728,34.78,4.51,-0.22
6.491122417151928,34.78,4.51,-0.22
6.4925899133086205,34.78,4.51,-0.22
6.494047410786152,34.78,4.51,-0.22
6.495564490556717,34.78,4.51,-0.22
6.497035574167967,34.78,4.51,-0.22
6.499984439462423,34.79,4.51,-0.22
6.502914056181908,34.78,4.51,-0.22
6.505899965763092,34.78,4.51,-0.22
6.508874021470547,34.77,4.5,-0.22
6.511746034026146,34.78,4.51,-0.22
6.514749951660633,34.78,4.51,-0.22
6.517690613865852,34.78,4.51,-0.22
6.520646184682846,34.78,4.51,-0.22
6.523649286478758,34.78,4.51,-0.22
6.526605781167746,34.78,4.51,-0.22
6.5295660346746445,34.78,4.51,-0.22
6.532519064843655,34.78,4.51,-0.22
6.535486504435539,34.79,4.51,-0.22
6.538414180278778,34.78,4.51,-0.22
6.541405562311411,34.78,4.5,-0.22
6.544351663440466,34.78,4.5,-0.22
6.547323528677225,34.78,4.5,-0.22
6.55027686804533,34.78,4.5,-0.22
6.553172644227743,34.78,4.5,-0.22
6.556019477546215,34.78,4.5,-0.22
6.559117004275322,34.78,4.5,-0.22
6.5621116906404495,34.78,4.5,-0.22
6.565069854259491,34.78,4.5,-0.22
6.567976534366608,34.78,4.5,-0.22
6.570973310619593,34.78,4.5,-0.22
6.573930986225605,34.78,4.5,-0.22
6.5768873281776905,34.78,4.5,-0.22
6.579843036830425,34.79,4.5,-0.22
6.5828062035143375,34.78,4.5,-0.22
6.585773650556803,34.78,4.5,-0.22
6.5887245535850525,34.78,4.5,-0.22
6.590130839496851,34.78,4.5,-0.22
6.591680180281401,34.78,4.5,-0.22
6.593155965209007,34.78,4.5,-0.22
6.594645265489817,34.78,4.5,-0.22
6.596119873225689,34.78,4.5,-0.22
6.599055722355843,34.78,4.5,-0.22
6.602038398385048,34.78,4.5,-0.22
6.60499694570899,34.78,4.5,-0.22
6.607941009104252,34.78,4.5,-0.22
6.609404597431421,34.78,4.5,-0.22
6.610907897353172,34.78,4.5,-0.22
6.612382873892784,34.78,4.5,-0.22
6.613854371011257,34.78,4.5,-0.22
6.615342691540718,34.78,4.5,-0.22
6.616812288761139,34.78,4.5,-0.22
6.618307460099459,34.78,4.49,-0.22
6.619778133928776,34.78,4.49,-0.22
6.621260449290276,34.78,4.5,-0.22
6.622729271650314,34.78,4.5,-0.22
6.624212376773357,34.78,4.49,-0.22
6.6256995387375355,34.78,4.49,-0.22
6.627167508006096,34.78,4.5,-0.22
6.62864688411355,34.78,4.5,-0.22
6.630130004137754,34.78,4.5,-0.22
6.631619304418564,34.78,4.5,-0.22
6.63309633731842,34.78,4.49,-0.22
6.6345737017691135,34.78,4.5,-0.22
6.636036366224289,34.78,4.5,-0.22
6.637519020587206,34.79,4.49,-0.22
6.638996049761772,34.79,4.5,-0.22
6.640459347516298,34.78,4.5,-0.22
6.641954597085714,34.78,4.5,-0.22
6.643431145697832,34.78,4.5,-0.22
6.644917163997889,34.78,4.5,-0.22
6.6463911309838295,34.78,4.5,-0.22
6.647879745811224,34.78,4.5,-0.22
6.64935365691781,34.78,4.49,-0.22
6.650824513286352,34.78,4.49,-0.22
6.652322538197041,34.78,4.49,-0.22
6.6537869945168495,34.78,4.49,-0.22
6.655274383723736,34.78,4.49,-0.22
6.6566570289433,34.78,4.49,-0.22
6.658156745135784,34.77,4.49,-0.22
6.659708883613348,34.78,4.49,-0.22
6.661191966384649,34.78,4.49,-0.22
6.6626598089933395,34.78,4.49,-0.22
6.664145100861788,34.78,4.49,-0.22
6.665625706315041,34.78,4.49,-0.22
6.667113713920116,34.78,4.49,-0.22
6.668581925332546,34.79,4.49,-0.22
6.67005742713809,34.78,4.49,-0.22
6.671555820852518,34.78,4.49,-0.22
6.673012964427471,34.78,4.49,-0.22
6.674482513219118,34.79,4.49,-0.22
6.675973519682884,34.79,4.49,-0.22
6.677445515990257,34.79,4.49,-0.22
6.67891900986433,34.79,4.49,-0.22
6.6804059445858,34.78,4.49,-0.22
6.681787326931953,34.78,4.49,-0.22
6.683319915086031,34.78,4.49,-0.22
6.684833128005266,34.78,4.49,-0.22
6.686329580843449,34.78,4.49,-0.22
6.68781366199255,34.79,4.49,-0.22
6.689289081841707,34.78,4.49,-0.22
6.690754950046539,34.78,4.49,-0.22
6.692242860794067,34.78,4.49,-0.22
6.693718630820513,34.78,4.49,-0.22
6.695196904242039,34.78,4.49,-0.22
6.69812822714448,34.78,4.49,-0.22
6.70109648630023,34.79,4.49,-0.22
6.703865543007851,34.78,4.49,-0.22
6.706983670592308,34.78,4.49,-0.22
6.709981951862574,34.79,4.49,-0.22
6.712948922067881,34.78,4.49,-0.22
6.715853948146105,34.78,4.49,-0.22
6.718844413757324,34.78,4.49,-0.22
6.721819579601288,34.78,4.49,-0.22
6.724676165729761,34.78,4.49,-0.22
6.727529920637608,34.79,4.49,-0.22
6.730625469237566,34.78,4.49,-0.22
6.7336147874593735,34.78,4.49,-0.22
6.736602656543255,34.79,4.49,-0.22
6.739528547972441,34.78,4.49,-0.22
6.742513336241245,34.78,4.49,-0.22
6.745273683220148,34.78,4.49,-0.22
6.748440120369196,34.78,4.48,-0.22
6.751394897699356,34.78,4.48,-0.22
6.752875275909901,34.78,4.48,-0.22
6.75431839376688,34.78,4.48,-0.22
6.7558310851454735,34.78,4.48,-0.22
6.757226951420307,34.78,4.48,-0.22
6.758787866681814,34.78,4.48,-0.22
6.760254021733999,34.78,4.49,-0.22
6.761751119047403,34.78,4.49,-0.22
6.763219274580479,34.78,4.49,-0.22
6.764645893126726,34.78,4.49,-0.22
6.766185697168112,34.78,4.48,-0.22
6.7676518224179745,34.78,4.48,-0.22
6.7691465690732,34.78,4.48,-0.22
6.770622551441193,34.78,4.48,-0.22
6.772100891917944,34.79,4.48,-0.22
6.773567821830511,34.79,4.48,-0.22
6.774822019040585,34.78,4.48,-0.22
6.776531722396612,34.78,4.48,-0.22
6.777947548776865,34.78,4.49,-0.22
6.7794786766171455,34.78,4.48,-0.22
6.78094644472003,34.79,4.48,-0.22
6.782450515776873,34.78,4.48,-0.22
6.783925995230675,34.78,4.48,-0.22
6.785381559282541,34.79,4.48,-0.22
6.7867334969341755,34.78,4.48,-0.22
6.78835179284215,34.78,4.48,-0.22
6.789797052741051,34.78,4.48,-0.22
6.791282381862402,34.78,4.48,-0.22
6.792785968631506,34.79,4.48,-0.22
6.795723024755716,34.78,4.49,-0.22
6.7986003793776035,34.79,4.49,-0.22
6.801450498402119,34.78,4.48,-0.22
6.80446120351553,34.78,4.49,-0.22
6.807574033737183,34.78,4.49,-0.22
6.8104117177426815,34.78,4.49,-0.22
6.813284456729889,34.78,4.49,-0.22
6.816374722868204,34.78,4.49,-0.22
6.819271165877581,34.78,4.49,-0.22
6.822365161031485,34.78,4.49,-0.22
6.82530677318573,34.78,4.49,-0.22
6.828163206577301,34.78,4.49,-0.22
6.831227142363787,34.79,4.49,-0.22
6.834060024470091,34.79,4.49,-0.22
6.837086368352175,34.78,4.49,-0.22
6.84011996537447,34.79,4.49,-0.22
6.843080196529627,34.78,4.49,-0.22
6.845983747392893,34.79,4.49,-0.22
6.848930411040783,34.79,4.49,-0.22
6.851944204419851,34.78,4.49,-0.22
6.854903310537338,34.79,4.49,-0.22
6.857870172709227,34.78,4.49,-0.22
6.859348833560944,34.78,4.49,-0.22
6.860823925584555,34.79,4.49,-0.22
6.862198110669851,34.79,4.49,-0.22
6.863783594220877,34.78,4.49,-0.22
6.865244675427675,34.78,4.49,-0.22
6.866744663566351,34.78,4.49,-0.22
6.868200473487377,34.78,4.49,-0.22
6.869658201932907,34.79,4.49,-0.22
6.871147383004427,34.78,4.49,-0.22
6.872647155076265,34.78,4.49,-0.22
6.874128375202417,34.78,4.49,-0.22
6.875603176653385,34.78,4.49,-0.22
6.877078704535961,34.78,4.49,-0.22
6.878515116870403,34.79,4.49,-0.22
6.880049135535955,34.79,4.49,-0.22
6.88152614608407,34.78,4.49,-0.22
6.882996428757906,34.78,4.49,-0.22
6.884490005671978,34.78,4.49,-0.22
6.8859674371778965,34.78,4.49,-0.22
6.887374393641949,34.78,4.49,-0.22
6.888822186738253,34.79,4.49,-0.22
6.890390500426292,34.79,4.49,-0.22
6.89186629652977,34.79,4.49,-0.22
6.89481008797884,34.78,4.49,-0.22
6.8978023417294025,34.78,4.49,-0.22
6.900691837072372,34.79,4.49,-0.22
6.903687082231045,34.78,4.49,-0.22
6.906433470547199,34.79,4.49,-0.22
6.909567788243294,34.79,4.49,-0.22
6.912581622600555,34.78,4.49,-0.22
6.915319625288248,34.79,4.49,-0.22
6.917010713368654,34.78,4.49,-0.22
6.918499197810888,34.78,4.49,-0.22
6.919974055141211,34.78,4.49,-0.22
6.921452529728413,34.79,4.49,-0.22
6.922926440834999,34.79,4.49,-0.22
6.924403455108404,34.78,4.49,-0.22
6.925896342843771,34.78,4.49,-0.22
6.927368760108948,34.78,4.5,-0.22
6.9288445971906185,34.78,4.49,-0.22
6.930279903113842,34.79,4.49,-0.22
6.931811150163412,34.79,4.49,-0.22
6.933280494064093,34.78,4.5,-0.22
6.934771001338959,34.79,4.5,-0.22
6.936247203499079,34.78,4.5,-0.22
6.9377157762646675,34.78,4.5,-0.22
6.939192842692137,34.78,4.5,-0.22
6.940682426095009,34.78,4.5,-0.22
6.942107558250427,34.78,4.5,-0.22
6.943634424358606,34.78,4.5,-0.22
6.945121023803949,34.79,4.5,-0.22
6.946582827717066,34.79,4.5,-0.22
6.948007080703974,34.78,4.5,-0.22
6.949542257934809,34.78,4.5,-0.22
6.951019991189241,34.79,4.5,-0.22
6.952498286962509,34.79,4.5,-0.22
6.953981805592775,34.79,4.5,-0.22
6.955388855189085,34.78,4.5,-0.22
6.956936031579971,34.78,4.5,-0.22
6.958420943468809,34.79,4.5,-0.22
6.959903601557016,34.79,4.5,-0.22
6.961381837725639,34.78,4.5,-0.22
6.962858438491821,34.79,4.5,-0.22
6.964341524988413,34.78,4.5,-0.22
6.965815655887127,34.78,4.5,-0.22
6.967295706272125,34.78,4.5,-0.22
6.968781430274248,34.78,4.5,-0.22
6.970248185098171,34.79,4.5,-0.22
6.971738912165165,34.79,4.5,-0.22
6.973221082240343,34.78,4.5,-0.22
6.974679745733738,34.79,4.5,-0.22
6.976154051721096,34.79,4.5,-0.22
6.977647189050913,34.79,4.5,-0.22
6.979129981249571,34.79,4.5,-0.22
6.980605915188789,34.79,4.5,-0.22
6.982088044285774,34.78,4.5,-0.22
6.983567327260971,34.78,4.5,-0.22
6.985032852739096,34.78,4.5,-0.22
6.986513871699572,34.78,4.5,-0.22
6.9879990220069885,34.78,4.5,-0.22
6.9894788302481174,34.78,4.5,-0.22
6.992369435727596,34.78,4.5,-0.22
6.995233878493309,34.78,4.5,-0.22
6.998348366469145,34.78,4.5,-0.22
7.001312378793955,34.78,4.5,-0.22
7.004269063472748,34.78,4.5,-0.22
7.007197007536888,34.78,4.5,-0.22
7.010188523679972,34.78,4.5,-0.22
7.013125482946634,34.78,4.5,-0.22
7.016042198985815,34.78,4.5,-0.22
7.0190399736166,34.78,4.5,-0.22
7.022002939134836,34.78,4.5,-0.22
7.024854101240635,34.78,4.5,-0.22
7.027783486992121,34.79,4.5,-0.22
7.030884280800819,34.78,4.5,-0.22
7.033832259476185,34.79,4.5,-0.22
7.036791261285543,34.78,4.5,-0.22
7.039756201207638,34.78,4.5,-0.22
7.042719677090645,34.79,4.5,-0.22
7.045653685927391,34.78,4.5,-0.22
7.048634424805641,34.78,4.5,-0.22
7.051371023058891,34.78,4.5,-0.22
7.054536830633879,34.78,4.5,-0.22
7.057498507201672,34.78,4.5,-0.22
7.060420084744692,34.78,4.5,-0.22
7.063413355499506,34.78,4.5,-0.22
7.066299870610237,34.78,4.5,-0.22
7.069338120520115,34.79,4.5,-0.22
7.072276897728443,34.78,4.5,-0.22
7.0752341113984585,34.78,4.5,-0.22
7.078173100948334,34.78,4.5,-0.22
7.079681366682053,34.78,4.5,-0.22
7.081168256700039,34.78,4.5,-0.22
7.082634910941124,34.78,4.5,-0.22
7.084111779928207,34.78,4.5,-0.22
7.085595864802599,34.78,4.5,-0.22
7.087082926183939,34.78,4.5,-0.22
7.090034678578377,34.78,4.5,-0.22
7.092996291816235,34.78,4.5,-0.22
7.095872346311808,34.79,4.5,-0.22
7.0988832749426365,34.78,4.5,-0.22
7.101866457611322,34.79,4.5,-0.22
7.104823287576437,34.79,4.5,-0.22
7.1077828742563725,34.79,4.5,-0.22
7.10925517231226,34.78,4.5,-0.22
7.110679402947426,34.78,4.5,-0.22
7.112146392464638,34.78,4.5,-0.22
7.113667938858271,34.79,4.5,-0.22
7.115175914019346,34.79,4.5,-0.22
7.116654526442289,34.78,4.5,-0.22
7.118141818791628,34.78,4.5,-0.22
7.119590736925602,34.78,4.5,-0.22
7.121084723621607,34.78,4.5,-0.22
7.122575629502535,34.78,4.5,-0.22
7.124044872820377,34.79,4.5,-0.22
7.1254841685295105,34.79,4.5,-0.22
7.126997664570808,34.78,4.5,-0.22
7.128486033529043,34.79,4.5,-0.22
7.129974324256182,34.78,4.5,-0.22
7.131434760987759,34.78,4.5,-0.22
7.132916398346424,34.79,4.5,-0.22
7.134404886513948,34.79,4.5,-0.22
7.135881505906582,34.78,4.5,-0.22
7.1372822523117065,34.79,4.5,-0.22
7.138807907700539,34.79,4.5,-0.22
7.140317924320698,34.79,4.5,-0.22
7.141798049211502,34.79,4.5,-0.22
7.1432817950844765,34.79,4.5,-0.22
7.14476016536355,34.79,4.5,-0.22
7.1462332755327225,34.79,4.5,-0.22
7.1477023512125015,34.78,4.5,-0.22
7.149190090596676,34.78,4.5,-0.22
7.150669809430838,34.78,4.5,-0.22
7.152149561792612,34.78,4.5,-0.22
7.153575204312801,34.78,4.5,-0.22
7.155110023915768,34.78,4.5,-0.22
7.1565842516720295,34.79,4.5,-0.22
7.158065244555473,34.78,4.5,-0.22
7.159547705203295,34.78,4.5,-0.22
7.161006141453981,34.78,4.5,-0.22
7.162450462579727,34.79,4.5,-0.22
7.163947649300098,34.79,4.5,-0.22
7.165459800511599,34.79,4.5,-0.22
7.166938114911318,34.78,4.5,-0.22
7.1683836579322815,34.78,4.5,-0.22
7.169891241937876,34.79,4.5,-0.22
7.171368967741728,34.79,4.5,-0.22
7.1728533655405045,34.79,4.5,-0.22
7.174322687089443,34.79,4.5,-0.22
7.175810970366001,34.79,4.5,-0.22
7.177261896431446,34.79,4.5,-0.22
7.178769126534462,34.79,4.5,-0.22
7.18025241792202,34.78,4.5,-0.22
7.181698098778725,34.78,4.5,-0.22
7.183202505111694,34.78,4.5,-0.21
7.184680078178644,34.81,4.51,-0.22
7.186140011996031,34.78,4.5,-0.23
7.189101107418537,34.78,4.5,-0.22
7.19204855337739,34.8,4.5,-0.22
7.195037700235844,34.78,4.5,-0.22
7.197958003729582,34.79,4.5,-0.22
7.200941741466522,34.78,4.5,-0.22
7.203904416412115,34.79,4.5,-0.22
7.206825453788042,34.79,4.5,-0.22
7.20980454608798,34.79,4.5,-0.22
7.212761495262384,34.79,4.5,-0.22
7.215627674013376,34.78,4.5,-0.22
7.21849637851119,34.79,4.5,-0.22
7.221582107245922,34.79,4.5,-0.22
7.224443029612303,34.79,4.5,-0.22
7.227540481835604,34.79,4.5,-0.22
7.230516564100981,34.79,4.5,-0.22
7.233451701700687,34.78,4.5,-0.22
7.236395884305239,34.78,4.5,-0.22
7.239400397986174,34.78,4.5,-0.22
7.2408641539514065,34.79,4.5,-0.22
7.2423460483551025,34.78,4.5,-0.22
7.243833277374506,34.78,4.5,-0.22
7.2453112825751305,34.79,4.5,-0.22
7.246794480830431,34.79,4.5,-0.22
7.248254645615816,34.79,4.5,-0.22
7.24975211918354,34.79,4.5,-0.22
7.2512324042618275,34.79,4.5,-0.22
7.252708345651627,34.79,4.5,-0.22
7.254185028374195,34.78,4.5,-0.22
7.25566228851676,34.79,4.5,-0.22
7.257137063890696,34.79,4.5,-0.22
7.258616507053375,34.79,4.5,-0.22
7.260097295045853,34.79,4.5,-0.22
7.261574164032936,34.79,4.5,-0.22
7.263059541583061,34.78,4.5,-0.22
7.264534492045641,34.79,4.5,-0.22
7.26600819081068,34.78,4.5,-0.22
7.267497528344393,34.79,4.5,-0.22
7.268974766135216,34.79,4.5,-0.22
7.270443435758352,34.79,4.5,-0.22
7.271926708519459,34.79,4.5,-0.22
7.2733997367322445,34.78,4.5,-0.22
7.274885930120945,34.78,4.5,-0.22
7.276364956051111,34.78,4.5,-0.22
7.277843702584505,34.78,4.5,-0.22
7.279316734522581,34.78,4.5,-0.22
7.280799202620983,34.78,4.5,-0.22
7.282267797738314,34.79,4.5,-0.22
7.283753212541342,34.79,4.5,-0.22
7.286719031631947,34.79,4.5,-0.22
7.289653804153204,34.79,4.5,-0.22
7.292622681707144,34.79,4.5,-0.22
7.295433793216944,34.79,4.5,-0.22
7.2985223308205605,34.79,4.5,-0.22
7.301351513713598,34.79,4.5,-0.22
7.3044383600354195,34.79,4.5,-0.22
7.3072793148458,34.78,4.5,-0.22
7.31014596670866,34.79,4.5,-0.22
7.3133367374539375,34.78,4.5,-0.22
7.316283196210861,34.79,4.5,-0.22
7.319236859679222,34.79,4.5,-0.22
7.322167847305536,34.79,4.5,-0.22
7.325166299939156,34.79,4.5,-0.22
7.32812524959445,34.78,4.5,-0.22
7.331069577485323,34.79,4.5,-0.22
7.334031883627176,34.79,4.5,-0.22
7.337000265717506,34.78,4.5,-0.22
7.339943267405033,34.79,4.5,-0.22
7.34289063513279,34.78,4.5,-0.22
7.345616780221462,34.78,4.5,-0.22
7.348831720650196,34.78,4.5,-0.22
7.351771987974644,34.78,4.5,-0.22
7.354730069637299,34.79,4.5,-0.22
7.356204677373171,34.78,4.5,-0.22
7.357688505202532,34.78,4.5,-0.22
7.359162665903568,34.78,4.5,-0.22
7.360660914331675,34.79,4.5,-0.22
7.3621317110955715,34.78,4.5,-0.22
7.363605555146933,34.78,4.5,-0.22
7.36508047580719,34.78,4.5,-0.22
7.366569571197033,34.79,4.5,-0.22
7.368039634078741,34.79,4.5,-0.22
7.369520202279091,34.78,4.5,-0.22
7.370919156819582,34.78,4.5,-0.22
7.3724860697984695,34.78,4.5,-0.22
7.373951070010662,34.78,4.5,-0.22
7.375430550426245,34.78,4.49,-0.22
7.376827355474234,34.79,4.5,-0.22
7.378391403704882,34.79,4.5,-0.22
7.379874255508184,34.79,4.5,-0.22
7.381241552531719,34.78,4.5,-0.22
7.3828259743750095,34.78,4.49,-0.22
7.384312309324741,34.78,4.49,-0.22
7.387172948569059,34.78,4.49,-0.22
7.390095740556717,34.78,4.49,-0.22
7.3931502141058445,34.78,4.49,-0.22
7.395973924547434,34.78,4.49,-0.22
7.399090178310871,34.78,4.49,-0.22
7.4019105806946754,34.78,4.49,-0.22
7.4034563563764095,34.78,4.49,-0.22
7.40502006560564,34.78,4.49,-0.22
7.406505331397057,34.78,4.49,-0.22
7.407973378896713,34.78,4.49,-0.22
7.409447032958269,34.78,4.49,-0.22
7.410928424447775,34.78,4.49,-0.22
7.412396341562271,34.78,4.49,-0.22
7.413883451372385,34.78,4.49,-0.22
7.415376752614975,34.78,4.5,-0.22
7.4168458841741085,34.79,4.49,-0.22
7.418320845812559,34.79,4.49,-0.22
7.41979692876339,34.79,4.49,-0.22
7.421280324459076,34.78,4.49,-0.22
7.422767233103514,34.78,4.5,-0.22
7.424244072288275,34.79,4.49,-0.22
7.425586003810167,34.79,4.49,-0.22
7.427181135863066,34.79,4.49,-0.22
7.428652513772249,34.78,4.49,-0.22
7.430152345448732,34.78,4.49,-0.22
7.4316398575901985,34.78,4.49,-0.22
7.4331176318228245,34.78,4.49,-0.22
7.434588313102722,34.78,4.49,-0.22
7.43607622385025,34.78,4.49,-0.22
7.43749775364995,34.78,4.49,-0.22
7.439012818038464,34.79,4.49,-0.22
7.44051443785429,34.78,4.49,-0.22
7.441986832767725,34.78,4.49,-0.22
7.443464130163193,34.78,4.49,-0.22
7.4449376203119755,34.78,4.49,-0.22
7.446420140564442,34.78,4.49,-0.22
7.447904512286186,34.79,4.49,-0.22
7.4493773728609085,34.78,4.49,-0.22
7.450845755636692,34.78,4.49,-0.22
7.4523329846560955,34.78,4.49,-0.22
7.453815508633852,34.78,4.49,-0.22
7.455305840820074,34.78,4.49,-0.22
7.456779800355434,34.78,4.49,-0.22
7.458254165947437,34.78,4.49,-0.22
7.459743086248636,34.78,4.49,-0.22
7.461211081594229,34.78,4.49,-0.22
7.462690878659487,34.78,4.49,-0.22
7.464179936796427,34.78,4.49,-0.22
7.465654127299786,34.78,4.49,-0.22
7.467074021697044,34.78,4.49,-0.22
7.468611564487219,34.78,4.49,-0.22
7.470092184841633,34.78,4.49,-0.22
7.471568163484335,34.78,4.49,-0.22
7.473038803786039,34.78,4.49,-0.22
7.474516224116087,34.78,4.49,-0.22
7.475997742265463,34.78,4.49,-0.22
7.477474205195904,34.78,4.49,-0.22
7.478845354169607,34.78,4.49,-0.22
7.480449561029673,34.78,4.49,-0.22
7.481922049075365,34.78,4.49,-0.22
7.484864074736834,34.78,4.49,-0.22
7.487831525504589,34.78,4.49,-0.22
7.490634750574827,34.78,4.49,-0.22
7.493726894259453,34.78,4.48,-0.22
7.496588885784149,34.78,4.48,-0.22
7.499639857560396,34.78,4.48,-0.22
7.502586133778095,34.78,4.49,-0.22
7.505566719919443,34.79,4.48,-0.22
7.508543625473976,34.79,4.48,-0.22
7.511503212153912,34.78,4.48,-0.22
7.514318771660328,34.78,4.48,-0.22
7.517396781593561,34.78,4.48,-0.22
7.520353190600872,34.78,4.48,-0.22
7.52332816272974,34.78,4.48,-0.22
7.526275876909494,34.79,4.48,-0.22
7.5290156081318855,34.78,4.48,-0.22
7.5321928933262825,34.79,4.48,-0.22
7.53516511619091,34.78,4.48,-0.22
7.538106970489025,34.78,4.48,-0.22
7.541077021509409,34.79,4.48,-0.22
7.544026538729668,34.78,4.48,-0.22
7.546998020261526,34.78,4.48,-0.22
7.549949795007706,34.78,4.49,-0.22
7.552910394966602,34.78,4.48,-0.22
7.555862355977297,34.78,4.49,-0.22
7.558815501630306,34.78,4.49,-0.22
7.561784394085407,34.78,4.49,-0.22
7.564726233482361,34.78,4.49,-0.22
7.5662035048007965,34.78,4.49,-0.22
7.567692928016186,34.78,4.49,-0.22
7.569173637777567,34.79,4.49,-0.22
7.570557463914156,34.78,4.49,-0.22
7.572079975157976,34.79,4.49,-0.22
7.573602050542831,34.78,4.49,-0.22
7.575084026902914,34.78,4.49,-0.22
7.576559152454138,34.78,4.49,-0.22
7.578002296388149,34.78,4.49,-0.22
7.579511545598507,34.78,4.49,-0.22
7.582365781068802,34.78,4.49,-0.22
7.585222829133272,34.78,4.49,-0.22
7.588402286171913,34.78,4.49,-0.22
7.591343946754932,34.78,4.49,-0.22
7.594077244400978,34.78,4.49,-0.22
7.597254455089569,34.78,4.49,-0.22
7.600223001092672,34.78,4.49,-0.22
7.60317999124527,34.78,4.49,-0.22
7.606133822351694,34.78,4.49,-0.22
7.60760959982872,34.79,4.49,-0.22
7.609096240252256,34.79,4.49,-0.22
7.61057510599494,34.78,4.49,-0.22
7.612049650400877,34.78,4.49,-0.22
7.613541293889284,34.78,4.49,-0.22
7.615003366023302,34.78,4.49,-0.22
7.616495542228222,34.78,4.49,-0.22
7.61796148121357,34.78,4.49,-0.22
7.619380354881287,34.78,4.49,-0.22
7.620934031903744,34.78,4.49,-0.22
7.622401021420956,34.78,4.49,-0.22
7.623755443841219,34.78,4.49,-0.22
7.625272687524557,34.78,4.49,-0.22
7.626817885786295,34.79,4.49,-0.22
7.628324076533318,34.78,4.49,-0.22
7.629802048206329,34.78,4.49,-0.22
7.631280418485403,34.78,4.49,-0.22
7.632712546736002,34.79,4.49,-0.22
7.634245429188013,34.79,4.49,-0.22
7.635710261762142,34.78,4.49,-0.22
7.6372050531208515,34.78,4.49,-0.22
7.638677183538675,34.78,4.49,-0.22
7.640146289020777,34.78,4.49,-0.22
7.6416411101818085,34.78,4.49,-0.22
7.643071547150612,34.78,4.49,-0.22
7.644578386098146,34.78,4.49,-0.22
7.646055281162262,34.79,4.49,-0.22
7.647552445530891,34.78,4.49,-0.22
7.649027895182371,34.78,4.49,-0.22
7.65045415610075,34.78,4.49,-0.22
7.651979684829712,34.79,4.49,-0.22
7.653460741043091,34.79,4.48,-0.22
7.654947862029076,34.78,4.48,-0.22
7.656403113156557,34.78,4.49,-0.22
7.657903451472521,34.78,4.49,-0.22
7.659380201250315,34.78,4.48,-0.22
7.66085846722126,34.78,4.49,-0.22
7.662329871207476,34.78,4.49,-0.22
7.663719467818737,34.78,4.48,-0.22
7.665231816470623,34.79,4.48,-0.22
7.666759021580219,34.78,4.48,-0.22
7.668223734945059,34.78,4.48,-0.22
7.669721499085426,34.78,4.48,-0.22
7.671214509755373,34.78,4.48,-0.22
7.672691859304905,34.78,4.48,-0.22
7.674163434654474,34.78,4.48,-0.22
7.675641965121031,34.78,4.48,-0.22
7.6770988292992115,34.78,4.48,-0.22
7.678595121949911,34.78,4.48,-0.22
7.6815570667386055,34.78,4.48,-0.22
7.684517715126276,34.78,4.48,-0.22
7.687459658831358,34.78,4.48,-0.22
7.690276555716991,34.79,4.48,-0.22
7.693369623273611,34.78,4.48,-0.22
7.6963371485471725,34.78,4.48,-0.22
7.6991175673902035,34.78,4.48,-0.22
7.702245254069567,34.78,4.48,-0.22
7.705085229128599,34.79,4.48,-0.22
7.708181403577328,34.78,4.48,-0.22
7.711066551506519,34.78,4.48,-0.22
7.713893905282021,34.78,4.48,-0.22
7.71699108928442,34.78,4.48,-0.22
7.719815291464329,34.78,4.48,-0.22
7.722923718392849,34.78,4.48,-0.22
7.725827418267727,34.78,4.48,-0.22
7.727370630949736,34.78,4.48,-0.22
7.728891536593437,34.78,4.48,-0.22
7.730358801782131,34.78,4.48,-0.22
7.731746084988117,34.78,4.48,-0.22
7.73332754150033,34.78,4.48,-0.22
7.734791900962591,34.78,4.48,-0.22
7.736272964626551,34.78,4.48,-0.22
7.737761709839106,34.78,4.48,-0.22
7.73923521861434,34.79,4.48,-0.22
7.740703709423542,34.78,4.48,-0.22
7.742190647870302,34.78,4.48,-0.22
7.743668224662542,34.78,4.48,-0.22
7.745146427303553,34.78,4.48,-0.22
7.746522486209869,34.78,4.48,-0.22
7.74810279533267,34.78,4.48,-0.22
7.7495908960700035,34.78,4.48,-0.22
7.751066152006388,34.77,4.48,-0.22
7.752515636384487,34.78,4.48,-0.22
7.753999073058367,34.78,4.48,-0.22
7.755500607192516,34.78,4.48,-0.22
7.756973028182983,34.78,4.48,-0.22
7.758462652564049,34.78,4.48,-0.22
7.759942434728146,34.78,4.48,-0.22
7.761416003108025,34.78,4.48,-0.22
7.762889850884676,34.79,4.48,-0.22
7.764378100633621,34.78,4.48,-0.22
7.765845760703087,34.78,4.48,-0.22
7.767324257642031,34.79,4.48,-0.22
7.76881717890501,34.79,4.48,-0.22
7.770169202238321,34.79,4.48,-0.22
7.77171890437603,34.79,4.48,-0.22
7.773253172636032,34.78,4.48,-0.22
7.774723246693611,34.79,4.48,-0.22
7.776202350854874,34.79,4.48,-0.22
7.779035896062851,34.78,4.48,-0.22
7.781891580671072,34.78,4.48,-0.22
7.785014379769564,34.79,4.48,-0.22
7.788038544356823,34.78,4.48,-0.22
7.790998697280884,34.78,4.48,-0.22
7.793916627764702,34.78,4.48,-0.22
7.796903729438782,34.78,4.48,-0.22
7.799859818071127,34.79,4.48,-0.22
7.802780855447054,34.78,4.48,-0.22
7.805785905569792,34.78,4.48,-0.22
7.808664985001087,34.79,4.48,-0.22
7.811486087739468,34.78,4.48,-0.22
7.8145807683467865,34.79,4.48,-0.22
7.81746120005846,34.78,4.48,-0.22
7.820542439818382,34.78,4.48,-0.22
7.823429737240076,34.78,4.48,-0.22
7.82623640447855,34.78,4.48,-0.22
7.829452380537987,34.79,4.48,-0.22
7.832396473735571,34.78,4.48,-0.22
7.835369348526001,34.79,4.48,-0.22
7.838309176266193,34.78,4.48,-0.22
7.841267455369234,34.78,4.48,-0.22
7.8442250564694405,34.79,4.48,-0.22
7.847185201942921,34.78,4.48,-0.22
7.850148722529411,34.78,4.48,-0.22
7.85307327285409,34.78,4.48,-0.22
7.856041543185711,34.78,4.48,-0.22
7.8590177446603775,34.78,4.48,-0.22
7.860418647527695,34.78,4.48,-0.22
7.861967086791992,34.78,4.48,-0.22
7.863464150577784,34.78,4.48,-0.22
7.864916633814573,34.78,4.48,-0.22
7.8664171397686005,34.78,4.48,-0.22
7.867887832224369,34.78,4.48,-0.22
7.869366098195314,34.78,4.48,-0.22
7.8708587773144245,34.78,4.48,-0.22
7.872325237840414,34.78,4.48,-0.22
7.873803440481424,34.78,4.48,-0.22
7.875293340533972,34.79,4.48,-0.22
7.878240313380957,34.78,4.48,-0.22
7.881199333816767,34.78,4.48,-0.22
7.884150639176369,34.78,4.48,-0.22
7.887111265212297,34.78,4.48,-0.22
7.895994659513235,34.79,-118.61,-0.22
7.897479359060526,34.78,-118.61,-0.22
7.898955047130585,34.78,-118.61,-0.22
7.9004199877381325,34.78,-118.61,-0.22
7.901888832449913,34.78,-118.61,-0.22
7.903398979455233,34.79,-118.61,-0.22
7.904861494898796,34.78,-118.61,-0.22
7.906351033598185,34.78,-118.61,-0.22
7.907832715660334,34.78,-118.61,-0.22
7.909314777702093,34.78,-118.61,-0.22
7.910775177180767,34.79,-118.61,-0.22
7.912270747125149,34.78,-118.61,-0.22
7.9137283600866795,34.78,-118.61,-0.22
7.91522679105401,34.78,-118.61,-0.22
7.924087531864643,34.78,4.48,-0.22
7.925564311444759,34.78,4.48,-0.22
7.92704588547349,34.78,4.48,-0.22
7.928523298352957,34.78,4.48,-0.22
7.930005505681038,34.79,4.48,-0.22
7.931491039693356,34.78,4.48,-0.22
7.932946354150772,34.78,4.47,-0.22
7.934434913098812,34.78,4.47,-0.22
7.935921221971512,34.79,4.47,-0.22
7.937389545142651,34.79,4.47,-0.22
7.938865568488836,34.78,4.47,-0.22
7.940365109592676,34.78,4.47,-0.22
7.941842053085566,34.79,4.47,-0.22
7.943307884037495,34.78,4.48,-0.22
7.944788660854101,34.79,4.48,-0.22
7.9462593495845795,34.78,4.48,-0.22
7.94773730635643,34.78,4.48,-0.22
7.94922986254096,34.78,4.47,-0.22
7.950710114091635,34.78,4.47,-0.22
7.952191427350044,34.79,4.47,-0.22
7.953665874898434,34.79,4.47,-0.22
7.956583619117737,34.79,4.47,-0.22
7.959571026265621,34.78,4.48,-0.22
7.96252828091383,34.79,4.47,-0.22
7.965439114719629,34.79,4.47,-0.22
7.968440301716328,34.79,4.48,-0.22
7.971410054713488,34.79,4.47,-0.22
7.974357225000858,34.79,4.48,-0.22
7.977198865264654,34.78,4.48,-0.22
7.980269003659487,34.79,4.48,-0.22
7.98323305696249,34.78,4.48,-0.22
7.986204948276281,34.79,4.48,-0.22
7.989085149019957,34.79,4.48,-0.22
7.991969492286444,34.78,4.48,-0.22
7.995080020278692,34.78,4.48,-0.22
7.997958842664957,34.78,4.48,-0.22
8.000980462878942,34.79,4.48,-0.22
8.003952741622925,34.78,4.48,-0.22
8.006834656000137,34.78,4.48,-0.22
8.009651280939579,34.79,4.48,-0.22
8.012784320861101,34.79,4.48,-0.22
8.01566994190216,34.78,4.48,-0.22
8.017201341688633,34.78,4.48,-0.22
8.01873418316245,34.78,4.48,-0.22
8.020215708762407,34.79,4.48,-0.22
8.021693468093872,34.79,4.48,-0.22
8.02317924425006,34.78,4.48,-0.22
8.024643003940582,34.78,4.48,-0.22
8.026121512055397,34.78,4.48,-0.22
8.027509529143572,34.79,4.48,-0.22
8.029066558927298,34.79,4.48,-0.22
8.030561462044716,34.78,4.48,-0.22
8.032050877809525,34.78,4.48,-0.22
8.033520635217428,34.79,4.48,-0.22
8.03500160574913,34.79,4.48,-0.22
8.036476075649261,34.78,4.48,-0.22
8.03795687109232,34.79,4.48,-0.22
8.0394322052598,34.79,4.48,-0.22
8.04084824025631,34.79,4.48,-0.22
8.04239884391427,34.79,4.48,-0.22
8.04387203603983,34.79,4.48,-0.22
8.045346185564995,34.78,4.48,-0.22
8.046823050826788,34.79,4.48,-0.22
8.048297949135303,34.79,4.48,-0.22
8.049781054258347,34.79,4.48,-0.22
8.051264692097902,34.79,4.48,-0.22
8.054165311157703,34.79,4.48,-0.22
8.057023581117392,34.79,4.48,-0.22
8.060142993927002,34.79,4.48,-0.22
8.06309349089861,34.79,4.48,-0.22
8.065871641039848,34.79,4.48,-0.22
8.069002963602543,34.79,4.48,-0.22
8.071967367082834,34.79,4.48,-0.22
8.07475833594799,34.8,4.48,-0.22
8.07785128802061,34.79,4.48,-0.22
8.080713629722595,34.79,4.48,-0.22
8.083578005433083,34.79,4.48,-0.22
8.086753457784653,34.79,4.48,-0.22
8.089710295200348,34.8,4.48,-0.22
8.09263676404953,34.79,4.48,-0.22
8.095489047467709,34.79,4.48,-0.22
8.098591938614845,34.79,4.48,-0.22
8.101544793695211,34.78,4.48,-0.22
8.104517195373774,34.79,4.48,-0.22
8.107422482222319,34.79,4.48,-0.22
8.1089448928833,246.93,4.48,-0.22
8.110414814203978,34.79,4.48,-0.22
8.111892152577639,34.79,4.48,-0.22
8.11336013302207,34.79,4.48,-0.22
8.11484781652689,34.79,4.48,-0.22
8.11633875966072,34.79,4.47,-0.22
8.117801696062088,34.79,4.48,-0.22
8.11928840354085,34.79,4.48,-0.22
8.120768081396818,34.79,4.48,-0.22
8.122247721999884,34.79,4.48,-0.22
8.123739711940289,34.79,4.48,-0.22
8.125218212604523,34.79,4.48,-0.22
8.12667778506875,34.79,4.48,-0.22
8.128166064620018,34.79,4.48,-0.22
8.129653364419937,34.79,4.48,-0.22
8.1311095058918,34.79,4.48,-0.22
8.132605154067278,34.79,4.48,-0.22
8.134090386331081,34.79,4.48,-0.22
8.13555383309722,34.79,4.48,-0.22
8.13704876601696,34.79,4.48,-0.22
8.138519495725632,34.79,4.48,-0.22
8.14000041782856,34.79,4.48,-0.22
8.141476530581713,34.78,4.48,-0.22
8.142948016524315,34.79,4.48,-0.22
8.144434165209532,34.79,4.48,-0.22
8.145903930068016,34.79,4.48,-0.22
8.147391855716705,34.79,4.48,-0.22
8.148866765201092,34.79,4.48,-0.22
8.150343418121338,34.79,4.48,-0.22
8.153177578002214,34.79,4.48,-0.22
8.156266413629055,34.78,4.48,-0.22
8.159099511802197,34.79,4.48,-0.22
8.16216379776597,34.79,4.48,-0.22
8.165124341845512,34.79,4.48,-0.22
8.168102413415909,34.79,4.48,-0.22
8.17104559391737,34.79,4.48,-0.22
8.173998393118382,34.79,4.48,-0.22
8.176861990243196,34.79,4.48,-0.22
8.179918173700571,34.79,4.48,-0.22
8.181394517421722,34.79,4.48,-0.22
8.182836882770061,34.79,4.48,-0.22
8.184344340115786,34.79,4.48,-0.22
8.185841873288155,34.79,4.48,-0.22
8.187314040958881,34.79,4.48,-0.22
8.188797779381275,34.79,4.48,-0.22
8.19027253612876,34.79,4.48,-0.22
8.191733207553625,34.79,4.48,-0.22
8.193192474544048,34.79,4.48,-0.22
8.194722048938274,34.78,4.48,-0.22
8.196194242686033,34.79,4.48,-0.22
8.197664264589548,34.79,4.48,-0.22
8.199156805872917,34.79,4.48,-0.22
8.200612902641296,34.79,4.48,-0.22
8.202114142477512,34.79,4.48,-0.22
8.203578017652035,34.79,4.48,-0.22
8.205055572092533,34.79,4.48,-0.22
8.20654547214508,34.79,4.48,-0.22
8.208027228713036,34.8,4.48,-0.22
8.209493841975927,34.79,4.48,-0.22
8.210978228598833,34.79,4.48,-0.22
8.212386630475521,34.79,4.48,-0.22
8.213942155241966,34.79,4.48,-0.22
8.215407319366932,34.79,4.48,-0.22
8.216901816427708,34.79,4.48,-0.22
8.218361366540194,34.79,4.48,-0.22
8.219858575612307,34.79,4.48,-0.22
8.221333641558886,34.79,4.48,-0.22
8.222812052816153,34.79,4.48,-0.22
8.224271640181541,34.79,4.48,-0.22
8.225757952779531,34.79,4.48,-0.22
8.227239962667227,34.79,4.48,-0.22
8.228724353015423,34.79,4.48,-0.22
8.230198346078396,34.79,4.48,-0.22
8.231681622564793,34.79,4.48,-0.22
8.233165360987186,34.79,4.48,-0.22
8.23463275283575,34.79,4.48,-0.22
8.2361013405025,34.79,4.48,-0.22
8.23759451881051,34.79,4.48,-0.22
8.239089846611023,34.79,4.48,-0.22
8.24055341258645,34.79,4.48,-0.22
8.242030624300241,34.8,4.48,-0.22
8.243517853319645,34.79,4.48,-0.22
8.244982670992613,34.78,4.48,-0.22
8.246473222970963,34.79,4.48,-0.22
8.247938841581345,34.79,4.48,-0.22
8.249423708766699,34.79,30.0,-0.22
8.252382025122643,34.79,4.48,-0.22
8.255274720489979,34.79,4.48,-0.22
8.258117686957121,34.78,4.48,-0.22
8.26124819368124,34.79,4.49,-0.22
8.264226291328669,34.79,4.49,-0.22
8.266980137676,34.79,4.49,-0.22
8.270137287676334,34.79,4.49,-0.22
8.272957231849432,34.79,4.49,-0.22
8.275800485163927,34.8,4.49,-0.22
8.278991494327784,34.79,4.49,-0.22
8.281955607235432,34.8,4.49,-0.22
8.284789204597473,34.79,4.49,-0.22
8.287872657179832,34.79,4.49,-0.22
8.290703002363443,34.79,4.49,-0.22
8.293783269822598,34.79,4.49,-0.22
8.296737406402826,34.79,4.49,-0.22
8.29971744865179,34.79,4.49,-0.22
8.302665580064058,34.79,4.49,-0.22
8.305414959788322,34.79,4.5,-0.22
8.308538924902678,34.79,4.5,-0.22
8.311436671763659,34.79,4.5,-0.22
8.314496245235205,34.79,4.5,-0.22
8.3174549639225,34.79,4.5,-0.22
8.320400912314653,34.79,4.5,-0.22
8.323151025921106,34.79,4.5,-0.22
8.326334897428751,34.79,4.5,-0.22
8.3291674554348,34.79,4.5,-0.22
8.332237254828215,34.79,4.5,-0.22
8.335148751735687,34.79,4.5,-0.22
8.338029380887747,34.79,4.5,-0.22
8.341110780835152,34.79,4.5,-0.22
8.342601869255304,34.79,4.5,-0.22
8.344068314880133,34.79,4.5,-0.22
8.345540702342987,34.79,4.5,-0.22
8.348513443022966,34.79,4.5,-0.22
8.35126457363367,34.79,4.5,-0.22
8.354405153542757,34.79,4.5,-0.22
8.357281476259232,34.78,4.5,-0.22
8.358860805630684,34.78,4.5,-0.22
8.360328502953053,34.79,4.5,-0.22
8.361819084733725,34.79,4.5,-0.22
8.363292254507542,34.79,4.5,-0.22
8.36477130651474,34.79,4.5,-0.22
8.366243422031403,34.78,4.5,-0.22
8.367723934352398,34.79,4.5,-0.22
8.369209352880716,34.79,4.5,-0.22
8.37068272382021,34.79,4.5,-0.22
8.37213484942913,34.79,4.49,-0.22
8.373652014881372,34.78,4.49,-0.22
8.375116236507893,34.79,4.5,-0.22
8.376606121659279,34.79,4.5,-0.22
8.378087930381298,34.79,4.49,-0.22
8.37955728545785,34.79,4.49,-0.22
8.381045155227184,34.79,4.5,-0.22
8.382516887038946,34.8,4.5,-0.22
8.383995417505503,34.79,4.5,-0.22
8.385471660643816,34.79,4.49,-0.22
8.386952385306358,34.79,4.5,-0.22
8.388374619185925,34.79,4.5,-0.22
8.389915559440851,34.8,4.5,-0.22
8.391386575996876,34.79,4.49,-0.22
8.392865009605885,34.79,4.49,-0.22
8.394347667694092,34.79,4.49,-0.22
8.395816531032324,34.79,4.49,-0.22
8.397242836654186,34.8,4.49,-0.22
8.39878373965621,34.8,4.49,-0.22
8.400270033627748,34.79,4.49,-0.22
8.401738729327917,34.79,4.49,-0.22
8.403218723833561,34.79,4.49,-0.22
8.404705740511417,34.79,4.49,-0.22
8.40617886558175,34.79,4.49,-0.22
8.407652828842402,34.79,4.49,-0.22
8.409116182476282,34.79,4.49,-0.22
8.41061045229435,34.79,4.49,-0.22
8.412046112120152,34.79,4.49,-0.22
8.413564182817936,34.79,4.49,-0.22
8.415044374763966,34.79,4.49,-0.22
8.416531402617693,34.79,4.49,-0.22
8.418006990104914,34.79,4.49,-0.22
8.419500574469566,34.79,4.49,-0.22
8.420971468091011,34.79,4.49,-0.22
8.42245227843523,34.79,4.48,-0.22
8.423849057406187,34.79,4.49,-0.22
8.425402041524649,34.8,4.49,-0.22
8.42687651142478,34.79,4.49,-0.22
8.428363844752312,34.79,4.49,-0.22
8.429783534258604,34.79,4.49,-0.22
8.431311633437872,34.79,4.49,-0.22
8.432790130376816,34.8,4.49,-0.22
8.434268847107887,34.79,4.48,-0.22
8.435765098780394,34.79,4.48,-0.22
8.437052104622126,34.79,4.48,-0.22
8.438707027584314,34.8,4.48,-0.22
8.440117038786411,34.8,4.48,-0.22
8.441666059195995,34.8,4.48,-0.22
8.44314320012927,34.8,4.48,-0.22
8.444625824689865,34.79,4.48,-0.22
8.447591990232468,34.79,4.49,-0.22
8.450470883399248,34.79,4.49,-0.22
8.453459955751896,34.79,4.49,-0.22
8.456354323774576,34.79,4.49,-0.22
8.4593046605587,34.79,4.48,-0.22
8.462148562073708,34.79,4.48,-0.22
8.465308085083961,34.79,4.48,-0.22
8.46813552081585,34.79,4.49,-0.22
8.471166510134935,34.8,4.49,-0.22
8.474142145365477,34.79,4.49,-0.22
8.477011401206255,34.79,4.48,-0.22
8.480126813054085,34.79,4.48,-0.22
8.483095742762089,34.79,4.49,-0.22
8.485849536955357,34.8,4.49,-0.22
8.48899820074439,34.79,4.49,-0.22
8.49194099009037,34.79,4.49,-0.22
8.49477818980813,34.79,4.49,-0.22
8.497871197760105,34.78,4.49,-0.22
8.500826299190521,34.79,4.49,-0.22
8.503729190677404,34.79,4.49,-0.22
8.50526862964034,34.79,4.49,-0.22
8.506631851196289,34.79,4.49,-0.22
8.508191853761673,34.79,4.49,-0.22
8.509696833789349,34.79,4.49,-0.22
8.511179748922586,34.8,4.49,-0.22
8.512573428452015,34.79,4.49,-0.22
8.514123685657978,34.79,4.49,-0.22
8.515614233911037,34.79,4.49,-0.22
8.517092309892178,34.79,4.49,-0.22
8.51858351379633,34.79,4.49,-0.22
8.519944250583649,34.79,4.49,-0.22
8.521455872803926,34.79,4.49,-0.22
8.523005362600088,34.79,4.49,-0.22
8.524491716176271,34.79,4.49,-0.22
8.5259691439569,34.79,4.49,-0.22
8.52744559943676,34.79,4.49,-0.22
8.528922647237778,34.79,4.49,-0.22
8.530398078262806,34.8,4.5,-0.21
8.531881868839264,34.79,4.49,-0.22
8.533358447253704,34.78,4.49,-0.22
8.534838870167732,34.79,4.5,-0.22
8.536304969340563,34.79,4.5,-0.22
8.537797342985868,34.79,4.49,-0.22
8.539261400699615,34.79,4.49,-0.22
8.540624625980854,34.8,4.49,-0.22
8.54214870929718,34.8,4.49,-0.22
8.544977393001318,34.8,4.5,-0.22
8.54811530932784,34.8,4.5,-0.22
8.550921514630318,34.79,4.49,-0.22
8.554049205034971,34.79,4.5,-0.22
8.55695729330182,34.8,4.5,-0.22
8.559992514550686,34.79,4.5,-0.22
8.562945816665888,34.79,4.49,-0.22
8.565867155790329,34.8,4.5,-0.22
8.56883156299591,34.79,4.5,-0.22
8.571816939860582,34.79,4.5,-0.22
8.57478180155158,34.79,4.5,-0.22
8.577496852725744,34.79,4.49,-0.22
8.580600764602423,34.79,4.49,-0.22
8.583643443882465,34.79,4.49,-0.22
8.5866117477417,34.79,4.49,-0.22
8.589552130550146,34.79,4.49,-0.22
8.592486467212439,34.79,4.49,-0.22
8.595485676079988,34.79,4.49,-0.22
8.598438579589128,34.79,4.49,-0.22
8.60119365900755,34.79,4.49,-0.22
8.60427188128233,34.79,4.49,-0.22
8.607265010476112,34.79,4.49,-0.22
8.608779188245535,34.79,4.49,-0.22
8.610258292406797,34.79,4.49,-0.22
8.611653711646795,34.79,4.49,-0.22
8.613208424299955,34.79,4.49,-0.22
8.61470303684473,34.79,4.49,-0.22
8.616170443594456,34.79,4.49,-0.22
8.617564093321562,34.79,4.49,-0.22
8.619127571582794,34.79,4.49,-0.22
8.6206108443439,34.79,4.49,-0.22
8.622094329446554,34.79,4.49,-0.22
8.62345726415515,34.79,4.49,-0.22
12.995517015457153,34.84,4.58,-0.21
12.995611295104027,34.84,4.58,-0.21
12.996775146573782,34.84,4.58,-0.21
12.996960021555424,34.84,4.58,-0.21
12.996994823217392,34.85,4.58,-0.21
12.99723495170474,34.84,4.58,-0.21
12.997270178049803,34.84,4.58,-0.21
12.997306194156408,34.84,4.58,-0.21
12.997342694550753,34.84,4.58,-0.21
12.997363485395908,34.84,4.58,-0.21
12.997396513819695,34.85,4.58,-0.21
12.99742305278778,34.84,4.58,-0.21
12.99745823442936,34.85,4.58,-0.21
12.997490223497152,34.84,4.58,-0.21
12.997516687959433,34.84,4.58,-0.21
12.997543580830097,34.84,4.58,-0.21
12.997563041746616,34.84,4.58,-0.21
12.99759217724204,34.84,4.59,-0.21
12.99763112142682,34.84,4.58,-0.21
12.99765820428729,34.84,4.58,-0.21
12.997695330530405,34.85,4.58,-0.21
12.997712418437004,34.84,4.59,-0.21
12.99774994701147,34.84,4.58,-0.21
12.997784547507763,34.84,4.59,-0.21
12.997808050364256,34.84,4.59,-0.21
12.997831117361784,34.83,4.6,-0.21
12.997861981391907,34.83,4.59,-0.21
12.997894898056984,34.83,4.58,-0.21
12.997927386313677,34.84,4.58,-0.21
12.997954573482275,34.83,4.58,-0.21
12.997990008443594,34.83,4.58,-0.21
12.998027820140123,34.83,4.58,-0.21
12.998055450618267,34.84,4.58,-0.21
12.998086020350456,34.83,4.58,-0.21
12.998110745102167,34.84,4.58,-0.21
12.998141422867775,34.84,4.58,-0.21
12.998160272836685,34.84,4.58,-0.21
12.998177997767925,34.84,4.58,-0.21
12.998215980827808,34.83,4.58,-0.21
12.998249489814043,34.83,4.58,-0.21
12.998274862766266,34.84,4.58,-0.21
12.998292416334152,34.84,4.58,-0.21
12.998313196003437,34.84,4.58,-0.21
12.998338349163532,34.84,4.58,-0.21
12.9983551800251,34.83,4.58,-0.21
12.998388536274433,34.84,4.58,-0.21
12.9984146989882,34.84,4.58,-0.21
12.998434603214264,34.84,4.58,-0.21
12.99845127761364,34.83,4.57,-0.21
12.998467922210693,34.84,4.58,-0.21
12.998500496149063,34.84,4.58,-0.21
12.998509213328362,34.84,4.58,-0.21
12.998509213328362,34.84,4.58,-0.21
12.998559642583132,34.83,4.58,-0.21
12.998559642583132,34.84,4.58,-0.21
12.998591028153896,34.84,4.58,-0.21
12.998607832938433,34.84,4.58,-0.21
12.998624537140131,34.84,4.58,-0.21
12.998641196638346,34.84,4.58,-0.21
12.9986578412354,34.84,4.58,-0.21
12.99868394434452,34.84,4.58,-0.22
12.99869379401207,34.84,4.58,-0.21
12.99872725829482,34.84,4.58,-0.21
12.998753417283297,34.84,4.58,-0.21
12.998786997050047,34.84,4.58,-0.21
12.998808275908232,34.84,4.58,-0.21
12.998825144022703,34.84,4.58,-0.21
12.998867210000753,34.84,4.58,-0.21
12.998901627957821,34.84,4.58,-0.21
12.998932506889105,34.84,4.58,-0.21
12.998966045677662,34.84,4.58,-0.21
12.998982716351748,34.84,4.58,-0.21
12.99901981651783,34.84,4.58,-0.21
12.999053455889225,34.84,4.58,-0.21
12.999080616980791,34.84,4.58,-0.21
12.999107465147972,34.84,4.58,-0.21
12.99912865832448,34.84,4.58,-0.21
12.999155480414629,34.84,4.58,-0.21
12.999178849160671,34.84,4.58,-0.21
12.999187760055065,34.84,4.58,-0.21
12.999205220490694,34.84,4.58,-0.21
12.999221991747618,34.84,4.58,-0.21
12.999230496585369,34.84,4.58,-0.21
12.99926407635212,34.84,4.58,-0.21
12.999280754476786,34.84,4.58,-0.21
12.999314848333597,34.84,4.58,-0.21
12.999331567436457,34.84,4.58,-0.21
12.999348223209381,34.84,4.58,-0.21
12.999377477914095,34.84,4.58,-0.21
12.999402839690447,34.84,4.58,-0.21
12.999419443309307,34.84,4.58,-0.21
12.999436102807522,34.84,4.58,-0.21
12.999452777206898,34.84,4.58,-0.21
12.999469432979822,34.84,4.58,-0.21
12.999483302235603,34.84,4.58,-0.21
12.99950011074543,34.84,4.58,-0.21
12.999533422291279,34.84,4.58,-0.21
12.999558541923761,34.84,4.58,-0.21
12.999576222151518,34.84,4.58,-0.21
12.999594666063786,34.84,4.58,-0.21
12.999611593782902,34.84,4.58,-0.21
12.999628260731697,34.84,4.58,-0.21
12.999644819647074,34.84,4.58,-0.21
12.999644819647074,34.84,4.58,-0.21
12.999661460518837,34.85,4.58,-0.21
12.999691616743803,34.84,4.58,-0.21
12.999708592891693,34.84,4.58,-0.21
12.999708592891693,34.84,4.58,-0.21
12.999733828008175,34.84,4.58,-0.21
12.99975062161684,34.84,4.58,-0.21
12.999767422676086,34.84,4.58,-0.21
12.999785140156746,34.84,4.58,-0.21
12.999808460474014,34.84,4.58,-0.21
12.999825365841389,34.84,4.58,-0.21
12.999841965734959,34.84,4.58,-0.21
12.999875266104937,34.84,4.58,-0.21
12.999891944229603,34.84,4.58,-0.21
12.999909773468971,34.84,4.58,-0.21
12.999926593154669,34.84,4.58,-0.21
12.999959960579872,34.85,4.58,-0.21
12.999976605176926,34.84,4.58,-0.21
12.99999325349927,34.84,4.58,-0.21
13.000006631016731,34.84,4.58,-0.21
13.000023491680622,34.84,4.58,-0.21
13.000040102750063,34.84,4.58,-0.21
13.000056765973568,34.84,4.58,-0.21
13.000081863254309,34.84,4.58,-0.21
13.000098649412394,34.84,4.58,-0.21
13.000115472823381,34.84,4.58,-0.21
13.0001321695745,34.84,4.58,-0.21
13.000148810446262,34.84,4.58,-0.21
13.000165488570929,34.84,4.58,-0.21
13.000182170420885,34.84,4.58,-0.21
13.000207602977753,34.84,4.58,-0.21
13.000224281102419,34.84,4.58,-66.23
13.000240921974182,34.84,4.58,-0.21
13.000258073210716,34.84,4.58,-0.21
13.00027472525835,34.84,4.58,-0.21
13.000300891697407,34.84,4.58,-0.21
13.000317692756653,34.84,4.58,-0.21
13.0003343783319,34.84,4.58,-0.21
13.000351034104824,34.84,4.58,-0.21
13.000367678701878,34.84,4.58,-0.21
13.000384360551834,34.85,4.58,-0.21
13.000412739813328,34.84,4.58,-0.21
13.000429522246122,34.85,4.58,-0.21
13.000446174293756,34.84,4.59,-0.21
13.000462844967842,34.84,4.58,-0.21
13.000479530543089,34.85,4.59,-0.21
13.000506304204464,34.84,4.58,-0.21
13.00052309408784,34.84,4.59,-0.21
13.000539742410183,34.84,4.59,-0.21
13.00055642426014,34.84,4.59,-0.21
13.00055642426014,34.84,4.59,-0.21
13.000581499189138,34.84,4.59,-0.21
13.000598259270191,34.84,4.59,-0.21
13.000612732023,34.84,4.59,-0.21
13.000629540532827,34.84,4.59,-0.21
13.00064617022872,34.85,4.58,-0.21
13.00064617022872,34.84,4.59,-0.21
13.000662829726934,34.85,4.59,-0.21
13.00067950412631,34.84,4.58,-0.21
13.000696171075106,34.84,4.59,-0.21
13.000709898769855,34.85,4.59,-0.21
13.000726733356714,34.84,4.59,-0.21
13.000726733356714,34.84,4.59,-0.21
13.000751905143261,34.84,4.58,-0.21
13.000768769532442,34.84,4.59,-0.21
13.000785440206528,34.84,4.58,-0.21
13.000785440206528,34.84,4.58,-0.21
13.00080968812108,34.85,4.59,-0.21
13.000826392322779,34.84,4.58,-0.21
13.000826392322779,34.84,4.58,-0.21
13.000843070447445,34.84,4.58,-0.21
13.000859793275595,34.84,4.59,-0.21
13.000859793275595,34.84,4.59,-0.21
13.000876374542713,34.84,4.59,-0.21
13.00089305266738,34.84,4.59,-0.21
13.000907517969608,34.85,4.59,-0.21
13.000924281775951,34.84,4.59,-0.21
13.000924281775951,34.84,4.59,-0.21
13.000941049307585,34.84,4.59,-0.21
13.000957779586315,34.84,4.59,-0.21
13.000957779586315,34.84,4.58,-0.21
13.000980492681265,34.84,4.58,-0.21
13.001005705446005,34.84,4.59,-0.21
13.001008797436953,34.84,4.59,-0.21
13.001025460660458,34.85,4.59,-0.21
13.001045424491167,34.85,4.59,-0.21
13.001058854162693,34.85,4.59,-0.21
13.001075457781553,34.84,4.59,-0.21
13.001099992543459,34.84,4.59,-0.21
13.001103058457375,34.85,4.58,-0.21
13.00111971795559,34.84,4.58,-0.21
13.00113633647561,34.84,4.59,-0.21
13.001152999699116,34.84,4.59,-0.21
13.001152999699116,34.85,4.59,-0.21
13.001169711351395,34.84,4.59,-0.21
13.001195378601551,34.84,4.59,-0.21
13.001195378601551,34.84,4.58,-0.21
13.001212164759636,34.84,4.59,-0.21
13.001228883862495,34.84,4.59,-0.21
13.001245468854904,34.85,4.59,-0.21
13.001245468854904,34.84,4.59,-0.21
13.00126951187849,34.84,4.59,-0.21
13.00128622725606,34.84,4.58,-0.21
13.00128622725606,34.84,4.59,-0.21
13.00128622725606,34.84,4.58,-0.21
13.00128622725606,34.84,4.59,-0.21
13.00128622725606,34.84,4.59,-0.21
13.001356564462185,34.85,4.59,-0.21
13.001373413950205,34.84,4.59,-0.21
13.001390121877193,34.84,4.58,-0.21
13.001406781375408,34.84,4.59,-0.21
13.001423481851816,34.84,4.59,-0.21
13.001440964639187,34.84,4.59,-0.21
13.001466818153858,34.85,4.59,-0.21
13.001483518630266,34.84,4.59,-0.21
13.001483518630266,34.84,4.59,-0.21
13.00150016322732,34.84,4.59,-0.21
13.00150016322732,34.85,4.59,-0.21
13.001525279134512,34.84,4.59,-0.21
13.00154209509492,34.84,4.59,-0.21
13.001562472432852,34.84,4.59,-0.21
13.001564770936966,34.85,4.59,-0.21
13.001581445336342,34.84,4.59,-0.21
13.00159814581275,34.85,4.59,-0.21
13.001614820212126,34.85,4.59,-0.21
13.00163146480918,34.84,4.59,-0.21
13.0016480833292,34.85,4.59,-0.21
13.001662254333496,34.85,4.59,-0.21
13.001664660871029,34.84,4.59,-0.21
13.001681439578533,34.84,4.59,-0.21
13.001706473529339,34.84,4.59,-0.21
13.001706473529339,34.84,4.59,-0.21
13.001723285764456,34.84,4.59,-0.21
13.001738801598549,34.84,4.59,-0.21
13.001738801598549,34.84,4.59,-0.21
13.001738801598549,34.84,4.59,-0.21
13.001738801598549,34.84,4.59,-0.21
13.001738801598549,34.85,4.59,-0.21
13.001738801598549,34.84,4.59,-0.21
13.001738801598549,34.84,4.59,-0.21
13.001838620752096,34.85,4.59,-0.21
13.001855444163084,34.85,4.59,-0.21
13.001855444163084,34.85,4.59,-0.21
13.001872088760138,34.85,4.59,-0.21
13.00189220905304,34.84,4.59,-0.21
13.00189220905304,34.84,4.59,-0.21
13.001908894628286,34.84,4.59,-0.21
13.001925561577082,34.84,4.59,-0.21
13.001940939575434,34.85,4.59,-0.21
13.001957818865776,34.85,4.58,-0.21
13.001957818865776,34.84,4.59,-0.21
13.001974392682314,34.84,4.59,-0.21
13.001991055905819,34.84,4.58,-0.21
13.002007741481066,34.84,4.59,-0.21
13.002024434506893,34.85,4.59,-0.21
13.002040144056082,34.85,4.58,-0.21
13.002057023346424,34.85,4.59,-0.21
13.002057023346424,34.85,4.58,-0.21
13.002073612064123,34.85,4.58,-0.21
13.002090267837048,34.85,4.59,-0.21
13.002106964588165,34.84,4.59,-0.21
13.002123605459929,34.85,4.58,-0.21
13.002123605459929,34.85,4.58,-0.21
13.002140279859304,34.85,4.59,-0.21
13.00215695053339,34.85,4.58,-0.21
13.002173602581024,34.84,4.58,-0.21
13.002190306782722,34.85,4.58,-0.21
13.002190306782722,34.85,4.59,-0.21
13.002215433865786,34.84,4.58,-0.21
13.002215433865786,34.85,4.58,-0.21
13.002232249826193,34.85,4.58,-0.21
13.00224893167615,34.85,4.58,-0.21
13.002265572547913,34.85,4.58,-0.21
13.002282198518515,34.85,4.58,-0.21
13.002298880368471,34.84,4.58,-0.21
13.002298880368471,34.84,4.58,-0.21
13.002315528690815,34.84,4.58,-0.21
13.002332292497158,34.84,4.58,-0.21
13.00234891101718,34.84,4.58,-0.21
13.002365581691265,34.85,4.58,-0.21
13.002365581691265,34.85,4.58,-0.21
13.002365581691265,34.85,4.58,-0.21
13.002390686422586,34.85,4.58,-0.21
13.002407476305962,34.85,4.58,-0.21
13.002424217760563,34.84,4.58,-0.21
13.002440806478262,34.84,4.58,-0.21
13.002440806478262,34.85,4.58,-0.21
13.002457473427057,34.85,4.58,-0.21
13.002474140375853,34.85,4.58,-0.21
13.002490822225809,34.85,4.58,-0.21
13.002507500350475,34.85,4.58,-0.21
13.002524204552174,34.85,4.58,-0.21
13.002540796995163,34.84,4.58,-0.21
13.002540796995163,34.85,4.58,-0.21
13.002565909177065,34.85,4.58,-0.21
13.002582732588053,34.85,4.58,-0.21
13.002582732588053,34.85,4.58,-0.21
13.002599358558655,34.85,4.58,-0.21
13.002599358558655,34.85,4.58,-0.21
13.002624500542879,34.85,4.58,-0.21
13.002641305327415,34.85,4.58,-0.21
13.00265795737505,34.85,4.58,-0.21
13.002674616873264,34.85,4.58,-0.21
13.002674616873264,34.85,4.58,-0.21
13.002691272646189,34.84,4.58,-0.21
13.002707954496145,34.84,4.58,-0.21
13.002707954496145,34.85,4.58,-0.21
13.002733055502176,34.85,4.58,-0.21
13.002749856561422,34.85,4.56,-0.21
13.002749856561422,34.85,4.54,-0.21
13.002766501158476,34.85,4.54,-0.21
13.002783183008432,34.85,4.54,-0.21
13.002783183008432,34.85,4.54,-0.21
13.00279987230897,34.85,4.54,-0.21
13.002816509455442,34.85,4.54,-0.21
13.002833165228367,34.85,4.54,-0.21
13.002833165228367,34.85,4.54,-0.21
13.002849828451872,34.85,4.54,-0.21
13.002866499125957,34.85,4.54,-0.21
13.002866499125957,34.85,4.54,-0.21
13.002883173525333,34.85,4.53,-0.21
13.002883173525333,34.85,4.54,-0.21
13.002908293157816,34.85,4.53,-0.21
13.00292507559061,34.85,4.54,-0.21
13.002941746264696,34.85,4.54,-0.21
13.002941746264696,34.85,4.54,-0.21
13.00295840576291,34.85,4.54,-0.21
13.002975091338158,34.85,4.54,-0.21
13.002975091338158,34.85,4.54,-0.21
13.002991747111082,34.85,4.54,-0.21
13.003008414059877,34.85,4.53,-0.21
13.003008414059877,34.85,4.54,-0.21
13.003025084733963,34.85,4.54,-0.21
13.003041744232178,34.85,4.54,-0.21
13.003058403730392,34.85,4.54,-0.21
13.003058403730392,34.85,4.53,-0.21
13.003083541989326,34.85,4.53,-0.21
13.003083541989326,34.85,4.53,-0.21
13.003100343048573,34.85,4.53,-0.21
13.003117009997368,34.85,4.53,-0.21
13.003117009997368,34.85,4.54,-0.21
13.003133669495583,34.85,4.54,-0.21
13.003150336444378,34.85,4.54,-0.21
13.003150336444378,34.86,4.54,-0.21
13.003167018294334,34.85,4.54,-0.21
13.003183674067259,34.85,4.54,-0.21
13.003183674067259,34.85,4.54,-0.21
13.003200348466635,34.85,4.54,-0.21
13.00321700796485,34.85,4.54,-0.21
13.003233697265387,34.85,4.54,-0.21
13.003233697265387,34.86,4.54,-0.21
13.003233697265387,34.86,4.54,-0.21
13.003258809447289,34.85,4.54,-0.21
13.003275591880083,34.85,4.54,-0.21
13.003292251378298,34.85,4.54,-0.21
13.003309223800898,34.86,4.54,-0.21
13.003309223800898,34.85,4.54,-0.21
13.003342263400555,34.85,4.54,-0.21
13.003375627100468,34.85,4.54,-0.21
13.003410819917917,34.85,4.54,-0.21
13.003427501767874,34.86,4.54,-0.21
13.00346702709794,34.86,4.54,-0.21
13.003500416874886,34.86,4.54,-0.21
13.00351706519723,34.85,4.55,-0.21
13.003550432622433,34.85,4.54,-0.21
13.003583736717701,34.85,4.55,-0.21
13.003600377589464,34.86,4.55,-0.21
13.003618329763412,34.85,4.55,-0.21
13.003635045140982,34.85,4.55,-0.21
13.00366835668683,34.85,4.55,-0.21
13.003701701760292,34.85,4.55,-0.21
13.003718372434378,34.86,4.55,-0.21
13.003735013306141,34.85,4.55,-0.21
13.003768358379602,34.85,4.55,-0.21
13.003785766661167,34.85,4.55,-0.21
13.003802414983511,34.85,4.55,-0.21
13.003819070756435,34.85,4.55,-0.21
13.003835711628199,34.85,4.55,-0.21
13.003852400928736,34.85,4.55,-0.21
13.003869101405144,34.85,4.55,-0.21
13.003877591341734,34.85,4.55,-0.21
13.003894425928593,34.85,4.55,-0.21
13.003911048173904,34.85,4.55,-0.21
13.003936175256968,34.85,4.55,-0.21
13.003969643265009,34.85,4.55,-0.21
13.003969643265009,34.86,4.55,-0.21
13.003986451774836,34.85,4.55,-0.21
13.004003003239632,34.85,4.55,-0.21
13.004019685089588,34.85,4.55,-0.21
13.004019685089588,34.85,4.55,-0.21
13.004044946283102,34.86,4.55,-0.21
13.004061747342348,34.86,4.55,-0.21
13.004078391939402,34.86,4.55,-0.21
13.004103507846594,34.85,4.55,-0.21
13.004103507846594,34.85,4.55,-0.21
13.004120364785194,34.85,4.55,-0.21
13.004136968404055,34.85,4.55,-0.21
13.00415375828743,34.85,4.55,-0.21
13.00415375828743,34.85,4.55,-0.21
13.004170421510935,34.85,4.55,-0.21
13.004186995327473,34.85,4.55,-0.21
13.004203651100397,34.85,4.55,-0.21
13.004203651100397,34.85,4.55,-0.21
13.004228841513395,34.85,4.55,-0.21
13.004245731979609,34.85,4.55,-0.21
13.004245731979609,34.85,4.55,-0.21
13.004245731979609,34.86,4.55,-0.21
13.004270929843187,34.85,4.55,-0.21
13.004270929843187,34.85,4.55,-0.21
13.004296205937862,34.85,4.55,-0.21
13.004313107579947,34.85,4.55,-0.21
13.004313107579947,34.85,4.55,-0.21
13.004329763352871,34.85,4.55,-0.21
13.004346441477537,34.85,4.55,-0.21
13.0043630823493,34.85,4.55,-0.21
13.0043630823493,34.85,4.55,-0.21
13.004379767924547,34.86,4.55,-0.21
13.004379767924547,34.86,4.55,-0.21
13.004404965788126,34.85,4.55,-0.21
13.00442173704505,34.85,4.55,-0.21
13.004438415169716,34.85,4.55,-0.21
13.00444683432579,34.85,4.55,-0.21
13.004463639110327,34.85,4.55,-0.21
13.004480313509703,34.86,4.55,-0.21
13.004480313509703,34.86,4.55,-0.21
13.00449700281024,34.85,4.55,-0.21
13.004513617604971,34.85,4.55,-0.21
13.004513617604971,34.85,4.55,-0.21
13.004536662250757,34.85,4.55,-0.21
13.004553314298391,34.86,4.55,-0.21
13.004570003598928,34.85,4.55,-0.21
13.004570003598928,34.85,4.55,-0.21
13.004595059901476,34.85,4.55,-0.21
13.004595059901476,34.85,4.55,-0.21
13.004611894488335,34.85,4.55,-0.21
13.004629202187061,34.85,4.55,-0.21
13.00464590266347,34.85,4.55,-0.21
13.0046625174582,34.85,4.55,-0.21
13.0046625174582,34.86,4.55,-0.21
13.004679206758738,34.86,4.55,-0.21
13.004695944488049,34.85,4.55,-0.21
13.004712548106909,34.85,4.55,-0.21
13.004729203879833,34.85,4.55,-0.21
13.004729203879833,34.85,4.55,-0.21
13.004745874553919,34.85,4.55,-0.21
13.004762530326843,34.85,4.55,-0.21
13.004762530326843,34.85,4.55,-0.21
13.004779651761055,34.86,4.55,-0.21
13.004796423017979,34.85,4.55,-0.21
13.004813086241484,34.85,4.55,-0.21
13.004813086241484,34.85,4.55,-0.21
13.00482976064086,34.86,4.55,-0.21
13.004846420139074,34.85,4.55,-0.21
13.004846420139074,34.85,4.55,-0.21
13.004863113164902,34.85,4.55,-0.21
13.004879783838987,34.85,4.55,-0.21
13.00489642098546,34.85,4.55,-0.21
13.00489642098546,34.86,4.55,-0.21
13.004913099110126,34.86,4.55,-0.21
13.004929766058922,34.85,4.55,-0.21
13.004929766058922,34.86,4.55,-0.21
13.004954863339663,34.86,4.55,-0.21
13.004954863339663,34.85,4.55,-0.21
13.004971645772457,34.86,4.55,-0.21
13.004988316446543,34.86,4.55,-0.21
13.005004975944757,34.86,4.55,-0.21
13.005021639168262,34.86,4.55,-0.21
13.005021639168262,34.85,4.55,-0.21
13.005038291215897,34.85,4.55,-0.21
13.005071695894003,34.86,4.55,-0.21
13.005105018615723,34.85,4.56,-0.21
13.005130138248205,34.86,4.55,-0.21
13.00514692813158,34.86,4.55,-0.21
13.005163628607988,34.85,4.55,-0.21
13.005180269479752,34.86,4.55,-0.21
13.005213666707277,34.86,4.55,-0.21
13.005213666707277,34.85,4.55,-0.21
13.005253661423922,34.85,4.55,-0.21
13.0052703730762,34.85,4.55,-0.21
13.0052703730762,34.85,4.55,-0.21
13.005303639918566,34.85,4.55,-0.21
13.005312152206898,34.85,4.55,-0.21
13.005328975617886,34.85,4.55,-0.21
13.005345642566681,34.85,4.55,-0.21
13.005378969013691,34.86,4.55,-0.21
13.005395602434874,34.86,4.55,-0.21
13.005428981035948,34.86,4.55,-0.21
13.005445651710033,34.86,4.55,-0.21
13.005462300032377,34.85,4.55,-0.21
13.005478952080011,34.85,4.55,-0.21
13.005497239530087,34.86,4.55,-0.21
13.005513865500689,34.85,4.55,-0.21
13.005547236651182,34.85,4.55,-0.21
13.005563907325268,34.86,4.55,-0.21
13.005580581724644,34.86,4.55,-0.21
13.005613841116428,34.85,4.55,-0.21
13.005630556493998,34.86,4.55,-0.21
13.005647201091051,34.86,4.55,-0.21
13.005681935697794,34.86,4.56,-0.21
13.005698509514332,34.85,4.55,-0.21
13.00573206692934,34.86,4.56,-0.21
13.005765117704868,34.85,4.56,-0.21
13.005781803280115,34.85,4.55,-0.21
13.00579845905304,34.86,4.55,-0.21
13.005815137177706,34.86,4.56,-0.21
13.005839195102453,34.85,4.55,-0.21
13.005855843424797,34.86,4.56,-0.21
13.005889173597097,34.85,4.56,-0.21
13.005905915051699,34.86,4.56,-0.21
13.005922503769398,34.86,4.56,-0.21
13.00593914091587,34.86,4.56,-0.21
13.005964245647192,34.85,4.56,-0.21
13.005964245647192,34.85,4.56,-0.21
13.006006382405758,34.85,4.56,-0.21
13.006023082882166,34.86,4.56,-0.21
13.006039757281542,34.86,4.56,-0.21
13.006056416779757,34.85,4.56,-0.21
13.00607305020094,34.86,4.56,-0.21
13.00610638409853,34.85,4.56,-0.21
13.006123036146164,34.85,4.56,-0.21
13.00613972172141,34.86,4.56,-0.21
13.006164878606796,34.85,4.56,-0.21
13.006181709468365,34.85,4.56,-0.21
13.006198462098837,34.85,4.56,-0.21
13.006215032190084,34.85,4.56,-0.21
13.006231717765331,34.86,4.56,-0.21
13.006248366087675,34.85,4.56,-0.21
13.00626501813531,34.86,4.56,-0.21
13.006281688809395,34.86,4.56,-0.21
13.00629834830761,34.86,4.56,-0.21
13.00629834830761,34.85,4.56,-0.21
13.006315026432276,34.85,4.56,-0.21
13.006340142339468,34.85,4.56,-0.21
13.006340142339468,34.85,4.56,-0.21
13.006356962025166,34.85,4.56,-0.21
13.006373632699251,34.85,4.56,-0.21
13.006390262395144,34.85,4.56,-0.21
13.00642367079854,34.85,4.56,-0.21
13.006456967443228,34.85,4.56,-0.21
13.006473623216152,34.85,4.56,-0.21
13.006490297615528,34.85,4.56,-0.21
13.006517238914967,34.85,4.56,-0.21
13.006598982959986,34.85,4.56,-0.21
13.00671811029315,34.85,4.56,-0.21
13.00677239894867,34.86,4.56,-0.21
13.00682845711708,34.86,4.56,-0.21
13.006851602345705,34.85,4.56,-0.21
13.006895244121552,34.86,4.56,-0.21
13.006922077387571,34.85,4.56,-0.21
13.006949219852686,34.85,4.56,-0.21
13.006975837051868,34.85,4.56,-0.21
13.007016200572252,34.85,4.56,-0.21
13.007325865328312,34.85,4.56,-0.21
13.009991440922022,34.85,4.56,-0.21
13.010008074343204,34.86,4.56,-0.21
13.010041426867247,34.86,4.56,-0.21
13.010074742138386,34.85,4.56,-0.21
13.010108105838299,34.85,4.56,-0.21
13.010141469538212,34.86,4.56,-0.21
13.010174743831158,34.85,4.56,-0.21
13.011073112487793,34.86,4.56,-0.21
13.011123303323984,34.86,4.56,-0.21
13.011217888444662,34.86,4.56,-0.21
13.011522464454174,34.85,4.56,-0.21
13.01183195412159,34.85,4.56,-0.21
13.011965475976467,34.85,4.56,-0.21
13.012041792273521,34.85,4.56,-0.21
13.012041792273521,34.86,4.56,-0.21
13.012211177498102,34.85,4.56,-0.21
13.012260913848877,34.85,4.56,-0.21
13.012305554002523,34.85,4.56,-0.21
13.012350101023912,34.86,4.56,-0.21
13.012395072728395,34.86,4.56,-0.21
13.012435752898455,34.85,4.56,-0.21
13.012500002980232,34.85,4.56,-0.21
13.012561812996864,34.85,4.56,-0.21
13.012731477618217,34.85,4.56,-0.21
13.012788508087397,34.85,4.56,-0.21
13.013223063200712,34.85,4.56,-0.21
13.013346519321203,34.85,4.56,-0.21
13.013540931046009,34.86,4.56,-0.21
13.013640258461237,34.86,4.56,-0.21
13.013771541416645,34.86,4.56,-0.21
13.013820935040712,34.85,4.56,-0.21
13.013887882232666,34.85,4.56,-0.21
13.01393972337246,34.85,4.56,-0.21
13.013947386294603,34.85,4.56,-0.21
13.014015074819326,34.85,4.56,-0.21
13.014080047607422,34.85,4.56,-0.21
13.014404311776161,34.85,4.56,-0.21
13.014484655112028,34.85,4.56,-0.21
13.01452661678195,34.85,4.56,-0.21
13.014566756784916,34.86,4.56,-0.21
13.014610417187214,34.86,4.56,-0.21
13.014646157622337,34.85,4.56,-0.21
13.014690805226564,34.85,4.56,-0.21
13.014726758003235,34.85,4.56,-0.21
13.014824151992798,34.85,4.56,-0.21
13.014875821769238,34.85,4.56,-0.21
13.01495236158371,34.85,4.56,-0.21
13.015020433813334,34.85,4.56,-0.21
13.015059389173985,34.85,4.56,-0.21
13.015102501958609,34.85,4.56,-0.21
13.015157893300056,34.85,4.56,-0.21
13.015195548534393,34.85,4.56,-0.22
13.015224643051624,34.86,4.56,-0.21
13.015258681029081,34.86,4.55,-0.21
13.015295512974262,34.85,4.55,-0.21
13.01532281190157,34.85,4.54,-0.21
13.015353854745626,34.85,4.54,-0.21
13.01539534330368,34.85,4.54,-0.22
13.015420068055391,34.83,4.53,-0.21
13.015447072684765,34.86,4.5,-0.21
13.01547621935606,34.89,4.52,-0.22
13.015515513718128,34.81,4.49,-0.21
13.015542417764664,34.82,4.49,-0.22
13.015569176524878,34.82,4.49,-0.21
13.015587229281664,34.81,4.49,-0.21
13.015628173947334,34.81,4.49,-0.21
13.015646107494831,34.81,4.49,-0.21
13.015675716102123,34.82,4.49,-0.21
13.015705645084381,34.82,4.49,-0.22
13.015741970390081,34.81,4.49,-0.22
13.015769131481647,34.81,4.49,-0.22
13.015804301947355,34.82,4.49,-0.21
13.015836156904697,34.82,4.49,-0.21
13.015875831246376,34.82,4.49,-0.22
13.015912421047688,34.82,4.49,-0.21
13.015986062586308,34.82,4.49,-0.22
13.016136139631271,34.81,4.49,-0.21
13.01633720844984,34.82,4.49,-0.22
13.016387172043324,34.81,4.49,-0.21
13.016916766762733,34.82,4.49,-0.21
13.016962565481663,34.82,4.49,-0.22
13.01697726547718,34.82,4.49,-0.21
13.017048504203558,34.82,4.49,-0.21
13.017072312533855,34.82,4.49,-0.21
13.017099317163229,34.82,4.49,-0.21
13.017117507755756,34.82,4.49,-0.22
13.017117507755756,34.81,4.49,-0.21
13.01721766218543,34.81,4.49,-0.21
13.017288412898779,34.81,4.49,-0.21
13.017317119985819,34.81,4.49,-0.21
13.01734846830368,34.81,4.49,-0.21
13.017400812357664,34.82,4.49,-0.21
13.017441589385271,34.82,4.49,-0.21
13.01746953651309,34.81,4.49,-0.21
13.017502076923847,34.81,4.49,-0.21
13.01752894744277,34.81,4.49,-0.22
13.017568409442902,34.81,4.49,-0.21
13.017601277679205,34.81,4.49,-0.21
13.017628982663155,34.81,4.49,-0.21
13.017668794840574,34.81,4.49,-0.21
13.017695002257824,34.81,4.49,-0.21
13.017729461193085,34.81,4.49,-0.21
13.017756473273039,34.82,4.49,-0.21
13.017792448401451,34.82,4.49,-0.22
13.01781902462244,34.81,4.49,-0.21
13.017848953604698,34.81,4.5,-0.21
13.017867144197226,34.82,4.5,-0.21
13.01790326461196,34.82,4.5,-0.21
13.017922662198544,34.81,4.49,-0.21
13.017949409782887,34.82,4.49,-0.21
13.017967037856579,34.81,4.5,-0.21
13.017993822693825,34.82,4.5,-0.21
13.018020078539848,34.81,4.5,-0.21
13.018046788871288,34.81,4.5,-0.21
13.018082927912474,34.82,4.5,-0.21
13.018110115081072,34.82,4.5,-0.21
13.018137071281672,34.81,4.5,-0.21
13.018173545598984,34.82,4.5,-0.21
13.018196888267994,34.82,4.5,-0.21
13.018214780837297,34.82,4.5,-0.21
13.018250092864037,34.82,4.5,-0.21
13.018276695162058,34.82,4.5,-0.21
13.018299888819456,34.82,4.5,-0.21
13.018326960504055,34.81,4.5,-0.21
13.018344536423683,34.81,4.5,-0.21
13.018378045409918,34.81,4.5,-0.21
13.018408808857203,34.82,4.5,-0.21
13.018425524234772,34.82,4.5,-0.21
13.018458794802427,34.81,4.5,-0.21
13.018492095172405,34.82,4.5,-0.21
13.01851499453187,34.82,4.5,-0.21
13.018534686416388,34.82,4.5,-0.21
13.01855131238699,34.82,4.5,-0.21
13.018567953258753,34.82,4.5,-0.21
13.018602225929499,34.82,4.5,-0.21
13.018629383295774,34.82,4.5,-0.21
13.018662691116333,34.82,4.5,-0.21
13.018662691116333,34.82,4.5,-0.21
13.018711593002081,34.82,4.5,-0.21
13.0187379270792,34.82,4.5,-0.21
13.018754743039608,34.82,4.5,-0.21
13.018781073391438,34.81,4.5,-0.21
13.018806237727404,34.82,4.5,-0.21
13.018856260925531,34.82,4.5,-0.22
13.018878404051065,34.81,4.5,-0.21
13.018903747200966,34.81,4.5,-0.21
13.018929094076157,34.82,4.5,-0.21
13.018955506384373,34.82,4.5,-0.21
13.018988784402609,34.82,4.5,-0.22
13.019023813307285,34.82,4.5,-0.22
13.019052144140005,34.82,4.5,-0.21
13.019068952649832,34.82,4.5,-0.21
13.019083995372057,34.82,4.5,-0.21
13.019116908311844,34.82,4.5,-0.21
13.019133765250444,34.82,4.5,-0.21
13.019150398671627,34.82,4.5,-0.21
13.019167065620422,34.82,4.5,-0.21
13.019193299114704,34.81,4.5,-0.21
13.019210144877434,34.82,4.5,-0.21
13.019226808100939,34.82,4.5,-0.21
13.019243527203798,34.82,4.5,-0.21
13.019260097295046,34.82,4.5,-0.21
13.019276771694422,34.82,4.5,-0.21
13.019293449819088,34.82,4.5,-0.21
13.019317340105772,34.82,4.5,-0.21
13.019333988428116,34.82,4.5,-0.21
13.019350685179234,34.82,4.5,-0.21
13.019367340952158,34.82,4.5,-0.21
13.019386038184166,34.82,4.5,-0.21
13.019390638917685,34.82,4.5,-0.22
13.019424311816692,34.82,4.5,-0.21
13.019440982490778,34.82,4.51,-0.21
13.019457656890154,34.82,4.5,-0.21
13.019474361091852,34.82,4.5,-0.21
13.019494980573654,34.82,4.5,-0.21
13.01951164379716,34.82,4.51,-0.22
13.019528340548277,34.82,4.5,-0.22
13.01954497396946,34.82,4.51,-0.21
13.019561652094126,34.82,4.51,-0.21
13.019578292965889,34.82,4.51,-0.21
13.019612167030573,34.81,4.5,-0.21
13.019628845155239,34.82,4.5,-0.21
13.019645560532808,34.82,4.51,-0.22
13.019664350897074,34.82,4.51,-0.22
13.019682481884956,34.82,4.51,-0.21
13.019714783877134,34.82,4.51,-0.22
13.019748274236917,34.82,4.51,-0.21
13.019784737378359,34.82,4.51,-0.21
13.019802704453468,34.82,4.51,-0.21
13.019856177270412,34.82,4.51,-0.22
13.019872847944498,34.82,4.51,-0.21
13.019906170666218,34.83,4.51,-0.21
13.019922964274883,34.82,4.51,-0.21
13.019977055490017,34.82,4.51,-0.21
13.0200105458498,34.82,4.51,-0.21
13.020043928176165,34.82,4.51,-0.21
13.020045045763254,34.82,4.51,-0.22
13.020082481205463,34.82,4.51,-0.21
13.020115990191698,34.82,4.51,-0.21
13.02015995234251,34.83,4.51,-0.21
13.020190443843603,34.83,4.51,-0.21
13.020223915576935,34.82,4.51,-0.22
13.020257212221622,34.81,4.51,-0.21
13.020273752510548,34.82,4.51,-0.21
13.02030449733138,34.83,4.51,-0.21
13.020322598516941,34.82,4.51,-0.21
13.02035940438509,34.82,4.51,-0.21
13.020392760634422,34.82,4.51,-0.21
13.02040921151638,34.82,4.51,-0.21
13.020442809909582,34.82,4.51,-0.21
13.020459350198507,34.82,4.51,-0.21
13.020476013422012,34.82,4.51,-0.21
13.02050644531846,34.82,4.51,-0.21
13.020543657243252,34.82,4.51,-0.21
13.020577117800713,34.82,4.51,-0.21
13.020599272102118,34.82,4.51,-0.21
13.020615946501493,34.82,4.51,-0.21
13.020632591098547,34.82,4.51,-0.21
13.020665898919106,34.83,4.51,-0.21
13.020682707428932,34.82,4.51,-0.21
13.020721361041069,34.82,4.51,-0.21
13.020754847675562,34.82,4.51,-0.21
13.02077154070139,34.82,4.51,-0.21
13.020788170397282,34.82,4.51,-0.21
13.020804837346077,34.82,4.51,-0.21
13.02083844318986,34.83,4.51,-0.21
13.020878102630377,34.83,4.52,-0.21
13.020878102630377,34.82,4.52,-0.21
13.020934969186783,34.82,4.52,-0.21
13.020960301160812,34.83,4.52,-0.21
13.020993895828724,34.82,4.51,-0.21
13.0210104547441,34.82,4.51,-0.21
13.02104488760233,34.82,4.51,-0.21
13.02104488760233,34.82,4.51,-0.21
13.021099753677845,34.82,4.51,-0.21
13.021133448928595,34.82,4.51,-0.21
13.021149963140488,34.82,4.51,-0.21
13.021179176867008,34.82,4.51,-0.21
13.021195996552706,34.82,4.51,-0.21
13.021229326725006,34.82,4.51,-0.21
13.021249417215586,34.83,4.51,-0.21
13.02131362259388,34.83,4.52,-0.21
13.021330259740353,34.82,4.52,-0.21
13.021363630890846,34.82,4.52,-0.21
13.02138115093112,34.82,4.52,-0.21
13.021408528089523,34.82,4.52,-0.21
13.021449409425259,34.82,4.52,-0.21
13.021483074873686,34.82,4.52,-0.22
13.021500613540411,34.82,4.52,-0.22
13.021541826426983,34.83,4.52,-0.21
13.02157524228096,34.83,4.52,-0.21
13.021591931581497,34.83,4.52,-0.21
13.02161618322134,34.82,4.52,-0.21
13.021672047674656,34.82,4.52,-0.21
13.021688733249903,34.82,4.52,-0.21
13.021705269813538,34.83,4.52,-0.21
13.021739467978477,34.83,4.52,-0.21
13.021739467978477,34.82,4.52,-0.21
13.021779146045446,34.83,4.52,-0.21
13.021803352981806,34.82,4.52,-0.21
13.021837867796421,34.83,4.52,-0.21
13.021871272474527,34.82,4.52,-0.21
13.021889187395573,34.82,4.52,-0.21
13.021922800689936,34.83,4.52,-0.21
13.02193944901228,34.82,4.52,-0.21
13.02197279036045,34.82,4.52,-0.21
13.02197279036045,34.82,4.52,-0.21
13.022020395845175,34.82,4.52,-0.21
13.022053737193346,34.82,4.52,-0.21
13.022071316838264,34.83,4.52,-0.21
13.022120092064142,34.82,4.52,-0.21
13.022136677056551,34.82,4.52,-0.21
13.022170014679432,34.82,4.52,-0.21
13.022183414548635,34.82,4.52,-0.21
13.022227358072996,34.83,4.52,-0.21
13.022244848310947,34.83,4.52,-0.21
13.022279523313046,34.83,4.52,-0.21
13.022297110408545,34.83,4.52,-0.21
13.022329151630402,34.82,4.52,-0.21
13.022359047085047,34.83,4.52,-0.21
13.022393222898245,34.83,4.52,-0.21
13.022410701960325,34.82,4.52,-0.21
13.022456385195255,34.83,4.53,-0.21
13.02248976007104,34.83,4.52,-0.21
13.022506415843964,34.83,4.53,-0.21
13.022524140775204,34.83,4.52,-0.21
13.022577181458473,34.83,4.52,-0.21
13.022593818604946,34.83,4.52,-0.21
13.022637657821178,34.82,4.53,-0.21
13.022637657821178,34.82,4.53,-0.21
13.02270732820034,34.82,4.52,-0.21
13.022777445614338,34.82,4.53,-0.21
13.022795375436544,34.83,4.53,-0.21
13.022852156311274,34.83,4.53,-0.21
13.022885739803314,34.83,4.53,-0.21
13.022939287126064,34.83,4.53,-0.21
13.022981587797403,34.82,4.52,-0.21
13.02301487326622,34.82,4.53,-0.21
13.023048210889101,34.83,4.53,-0.21
13.02308264374733,34.82,4.53,-0.21
13.023129377514124,34.82,4.53,-0.21
13.023162975907326,34.83,4.53,-0.22
13.023179616779089,34.82,4.53,-0.21
13.023196287453175,34.83,4.53,-0.21
13.023229293525219,34.82,4.53,-0.21
13.023262612521648,34.82,4.53,-0.21
13.023284275084734,34.83,4.53,-0.21
13.023343916982412,34.82,4.53,-0.21
13.023377243429422,34.83,4.53,-0.21
13.023393902927637,34.83,4.53,-0.21
13.023428358137608,34.83,4.53,-0.21
13.023446943610907,34.83,4.53,-0.21
13.02349442243576,34.83,4.53,-0.21
13.023527905344963,34.83,4.53,-0.21
13.023545749485493,34.83,4.53,-0.21
13.023572478443384,34.83,4.53,-0.21
13.023605957627296,34.82,4.53,-0.21
13.023639313876629,34.83,4.53,-0.21
13.023656025528908,34.83,4.53,-0.21
13.023656025528908,34.82,4.53,-0.21
13.023755509406328,34.83,4.53,-0.21
13.023772176355124,34.83,4.53,-0.21
13.023805484175682,34.83,4.53,-0.21
13.023861791938543,34.82,4.53,-0.21
13.023895874619484,34.82,4.53,-0.21
13.023930288851261,34.82,4.53,-0.21
13.024001702666283,34.82,4.53,-0.21
13.024044685065746,34.83,4.53,-0.21
13.024079352617264,34.83,4.53,-0.21
13.024125274270773,34.83,4.53,-0.21
13.024158727377653,34.83,4.53,-0.21
13.024175260215998,34.83,4.53,-0.22
13.024192813783884,34.82,4.53,-0.22
13.024259597063065,34.83,4.53,-0.21
13.024301402270794,34.83,4.53,-0.22
13.024334985762835,34.83,4.53,-0.21
13.024352844804525,34.83,4.54,-0.21
13.024397164583206,34.83,4.53,-0.21
13.02443366870284,34.83,4.53,-0.21
13.024466875940561,34.83,4.53,-0.22
13.024466875940561,34.83,4.53,-0.21
13.024512127041817,34.83,4.54,-0.21
13.024545714259148,34.83,4.54,-0.21
13.024578973650932,34.83,4.54,-0.22
13.0246122777462,34.83,4.54,-0.22
13.024628970772028,34.82,4.54,-0.21
13.024645660072565,34.83,4.54,-0.22
13.024678960442543,34.83,4.54,-0.22
13.02469564601779,34.83,4.54,-0.22
13.024729005992413,34.83,4.54,-0.22
13.024778991937637,34.82,4.54,-0.22
13.024846695363522,34.82,4.54,-0.22
13.024890005588531,34.83,4.54,-0.22
13.024923328310251,34.83,4.54,-0.22
13.0249577537179,34.82,4.54,-0.22
13.025076441466808,34.82,4.54,-0.22
13.025101896375418,34.83,4.54,-0.22
13.025128223001957,34.83,4.54,-0.22
13.025153405964375,34.83,4.54,-0.22
13.025198198854923,34.83,4.54,-0.22
13.025206718593836,34.83,4.54,-0.22
13.02523210272193,34.83,4.54,-0.22
13.025257498025894,34.82,4.54,-0.22
13.025300987064838,34.83,4.54,-0.21
13.025340612977743,34.83,4.54,-38.07
13.025365963578224,34.83,4.54,-0.22
13.025392346084118,34.82,4.54,-0.22
13.025413397699594,34.83,4.54,-0.22
13.025438755750656,34.83,4.54,-0.22
13.025464095175266,34.82,4.54,-0.22
13.025489404797554,34.83,4.54,-0.21
13.025516327470541,34.83,4.54,-0.21
13.025537826120853,34.83,4.54,-0.22
13.025563228875399,34.83,4.54,-0.21
13.025607243180275,34.82,4.55,-0.22
13.025638669729233,34.82,4.55,-0.22
13.025663994252682,34.83,4.54,-0.22
13.025711573660374,34.83,4.55,-0.22
13.025759886950254,34.83,4.55,-0.22
13.025785323232412,34.83,4.55,-0.22
13.025837261229753,34.83,4.55,-0.22
13.025863412767649,34.82,4.55,-0.22
13.02590723335743,34.83,4.55,-0.22
13.025932688266039,34.82,4.55,-0.22
13.025958057492971,34.83,4.55,-0.21
13.026008501648903,34.82,4.55,-0.21
13.026033885776997,34.82,4.55,-0.22
13.026081521064043,34.82,4.55,-0.22
13.026138339191675,34.83,4.55,-0.22
13.026171885430813,34.83,4.55,-0.22
13.026205275207758,34.83,4.55,-0.22
13.02623749896884,34.83,4.55,-0.22
13.026249580085278,34.83,4.55,-0.21
13.026310447603464,34.83,4.55,-0.22
13.026343792676926,34.83,4.55,-0.22
13.026372071355581,34.83,4.55,-0.21
13.026388946920633,34.83,4.55,-0.21
13.026422258466482,34.83,4.55,-0.21
13.026456657797098,34.82,4.55,-0.21
13.026513375341892,34.83,4.55,-0.21
13.026546604931355,34.83,4.55,-0.21
13.026571497321129,34.82,4.55,-0.21
13.026616983115673,34.82,4.55,-0.21
13.026654694229364,34.83,4.55,-0.21
13.026700135320425,34.83,4.55,-0.21
13.026750091463327,34.83,4.55,-0.21
13.026766773313284,34.83,4.55,-0.21
13.026825338602066,34.83,4.55,-0.21
13.026842221617699,34.83,4.55,-0.22
13.026892211288214,34.82,4.55,-0.21
13.026941925287247,34.83,4.55,-0.22
13.026958629488945,34.82,4.55,-0.22
13.027008641511202,34.83,4.55,-0.22
13.027021456509829,34.83,4.55,-0.21
13.027021456509829,34.83,4.55,-0.21
13.027132213115692,34.83,4.55,-0.21
13.027145691215992,34.83,4.55,-0.21
13.027145691215992,34.83,4.55,-0.21
13.027290254831314,34.83,4.55,-0.21
13.027418397367,34.83,4.55,-0.22
13.027468644082546,34.83,4.55,-0.21
13.027503062039614,34.84,4.55,-0.22
13.027503062039614,34.82,4.55,-0.22
13.027610547840595,34.83,4.55,-0.22
13.027667697519064,34.83,4.55,-0.21
13.02772593870759,34.83,4.55,-0.21
13.027776129543781,34.83,4.55,-0.21
13.027809511870146,34.83,4.55,-0.22
13.027859520167112,34.83,4.55,-0.21
13.02789281308651,34.83,4.55,-0.21
13.027942821383476,34.83,4.55,-0.22
13.027977135032415,34.83,4.55,-0.22
13.02801512926817,34.83,4.55,-0.22
13.028048478066921,34.83,4.55,-0.22
13.028086870908737,34.83,4.55,-0.21
13.028141722083092,34.83,4.55,-0.22
13.028210807591677,34.83,4.55,-0.21
13.028210807591677,34.83,4.55,-0.21
13.028288811445236,34.83,4.55,-0.21
13.028322130441666,34.83,4.55,-0.21
13.028338767588139,34.83,4.55,-0.21
13.028372816741467,34.83,4.55,-0.21
13.028442952781916,34.83,4.55,-0.21
13.02849305793643,34.83,4.55,-0.21
13.02862098440528,34.83,4.55,-0.21
13.028698164969683,34.83,4.55,-0.21
13.0289476364851,34.83,4.55,-0.21
13.029153354465961,34.83,4.55,-0.21
13.029793087393045,34.83,4.55,-0.21
13.030504200607538,34.83,4.55,-0.21
13.030910305678844,34.83,4.55,-0.21
13.031339947134256,34.83,4.55,-0.21
13.031451169401407,34.83,4.55,-0.21
13.03186533600092,34.83,4.55,-0.21
13.031941700726748,34.83,4.55,-0.22
13.032242055982351,34.83,4.55,-0.21
13.032633740454912,34.83,4.55,-0.21
13.032760549336672,34.83,4.55,-0.21
13.0328105725348,34.83,4.55,-0.21
13.032860580831766,34.83,4.55,-0.21
13.032912448048592,34.83,4.55,-0.21
13.03305983170867,34.83,4.55,-0.21
13.033093173056841,34.83,4.55,-0.21
13.033335585147142,34.83,4.55,-0.22
13.033516950905323,34.83,4.55,-0.21
13.033516950905323,34.83,4.55,-0.21
13.033735103905201,34.83,4.55,-0.21
13.033921793103218,34.83,4.55,-0.21
13.03410166874528,34.83,4.55,-0.21
13.034151632338762,34.83,4.55,-0.21
13.034169364720583,34.83,4.55,-0.21
13.034169364720583,34.83,4.55,-0.21
13.034349206835032,34.83,4.55,-0.21
13.034399174153805,34.83,4.55,-0.21
13.034456744790077,34.83,4.55,-0.21
13.034481916576624,34.83,4.55,-0.21
13.034529186785221,34.83,4.55,-0.21
13.034599114209414,34.83,4.55,-0.21
13.034650057554245,34.83,4.55,-0.21
13.034701120108366,34.83,4.55,-0.21
13.034726902842522,34.83,4.55,-0.21
13.034805461764336,34.83,4.55,-0.21
13.034858841449022,34.83,4.55,-0.21
13.034884013235569,34.84,4.55,-0.21
13.034934766590595,34.83,4.55,-0.21
13.034967731684446,34.83,4.55,-0.21
13.035028267651796,34.83,4.55,-0.21
13.035046949982643,34.83,4.55,-0.21
13.035176306962967,34.83,4.55,-0.21
13.035201475024223,34.83,4.55,-0.21
13.03678159788251,34.83,4.55,-0.21
13.037070877850056,34.83,4.55,-0.22
13.037220787256956,34.83,4.55,-0.21
13.037260100245476,34.83,4.55,-0.22
13.037294391542673,34.83,4.55,-0.22
13.037472508847713,34.83,4.55,-0.21
13.037555776536465,34.83,4.55,-0.21
13.037757515907288,34.83,4.55,-0.21
13.038006722927094,34.83,4.55,-0.22
13.038056697696447,34.83,4.55,-0.21
13.03809005394578,34.83,4.55,-0.21
13.038108259439468,34.83,4.55,-0.21
13.038161348551512,34.83,4.55,-0.21
13.038211576640606,34.83,4.55,-0.21
13.038245797157288,34.83,4.55,-0.22
13.038286957889795,34.83,4.55,-0.22
13.038320519030094,34.83,4.55,-0.21
13.038371846079826,34.83,4.55,-0.21
13.038409121334553,34.83,4.55,-0.21
13.038442432880402,34.83,4.55,-0.21
13.038550551980734,34.83,4.55,-0.21
13.038581296801567,34.83,4.55,-0.21
13.03859817609191,34.83,4.55,-0.21
13.0386303961277,34.83,4.55,-0.21
13.038670022040606,34.83,4.55,-0.21
13.038703352212906,34.83,4.55,-0.21
13.038746949285269,34.83,4.55,-0.21
13.038746949285269,34.83,4.55,-0.21
13.038826067000628,34.82,4.55,-0.21
13.03885206580162,34.83,4.55,-0.22
13.03888537734747,34.83,4.55,-0.22
13.038920044898987,34.83,4.55,-0.21
13.038942825049162,34.83,4.56,-0.21
13.038942825049162,34.83,4.55,-0.21
13.03902143239975,34.83,4.56,-0.21
13.039054963737726,34.83,4.56,-0.21
13.039088319987059,34.84,4.55,-0.22
13.039113640785217,34.83,4.56,-0.21
13.039143238216639,34.83,4.55,-0.21
13.039164420217276,34.83,4.56,-0.21
13.039181403815746,34.83,4.55,-0.21
13.039222814142704,34.83,4.56,-0.21
13.039239503443241,34.83,4.56,-0.21
13.039272803813219,34.83,4.56,-0.21
13.039289500564337,34.83,4.55,-0.21
13.039312653243542,34.83,4.55,-0.21
13.039312653243542,34.83,4.55,-0.21
13.039312653243542,34.84,4.56,-0.21
13.039425916969776,34.83,4.56,-0.21
13.039442591369152,34.83,4.56,-0.21
13.039475914090872,34.83,4.55,-0.21
13.039500750601292,34.83,4.56,-0.21
13.039500750601292,34.83,4.56,-0.21
13.039628617465496,34.83,4.56,-0.21
13.039661958813667,34.83,4.56,-0.21
13.03968383744359,34.83,4.56,-0.21
13.039725951850414,34.83,4.55,-0.21
13.039759457111359,34.83,4.56,-0.21
13.039776224642992,34.83,4.56,-0.21
13.039809461683035,34.83,4.56,-0.21
13.039842862635851,34.83,4.55,-0.21
13.039842862635851,34.83,4.55,-0.21
13.039892315864563,34.83,4.56,-0.21
13.039925839751959,34.83,4.55,-0.21
13.039946857839823,34.83,4.56,-0.21
13.039963718503714,34.83,4.56,-0.21
13.039993964135647,34.83,4.56,-0.21
13.040031164884567,34.83,4.56,-0.21
13.040069341659546,34.83,4.56,-0.21
13.04008935764432,34.83,4.56,-0.21
13.040122877806425,34.83,4.56,-0.21
13.040139552205801,34.83,4.56,-0.21
13.040174428373575,34.82,4.56,-0.21
13.04020620137453,34.84,4.56,-0.21
13.040239620953798,34.83,4.56,-0.21
13.0402713380754,34.83,4.56,-0.21
13.040304068475962,34.83,4.56,-0.21
13.040320932865143,34.83,4.56,-0.21
13.040354315191507,34.83,4.56,-0.21
13.040387593209743,34.83,4.56,-0.21
13.040399558842182,34.83,4.56,-0.21
13.040399558842182,34.83,4.56,-0.21
13.040399558842182,34.83,4.56,-0.21
13.040494978427887,34.84,4.56,-0.21
13.040528450161219,34.83,4.56,-0.21
13.040567073971033,34.83,4.56,-0.21
13.04058650881052,34.83,4.56,-0.21
13.040623277425766,34.83,4.56,-0.22
13.040639963001013,34.83,4.56,-0.21
13.040686924010515,34.83,4.56,-0.21
13.040720462799072,34.83,4.56,-0.21
13.040755350142717,34.83,4.56,-0.21
13.040772188454866,34.83,4.56,-0.21
13.040805529803038,34.83,4.56,-0.21
13.040831051766872,34.83,4.56,-0.21
13.040847696363926,34.83,4.56,-0.21
13.040864378213882,34.83,4.56,-0.21
13.040897734463215,34.83,4.56,-0.21
13.040919803082943,34.83,4.56,-0.22
13.040919803082943,34.83,4.56,-0.21
13.040973834693432,34.84,4.56,-0.21
13.040973834693432,34.83,4.56,-0.21
13.040973834693432,34.82,4.56,-0.21
13.041076377034187,34.83,4.56,-0.21
13.04110461845994,34.83,4.56,-0.21
13.041126117110252,34.83,4.56,-0.21
13.041149914264679,34.83,4.56,-0.21
13.041149914264679,34.82,4.56,-0.21
13.041149914264679,34.83,4.56,-0.21
13.041149914264679,34.83,4.56,-0.21
13.041243683546782,34.83,4.56,-0.21
13.04126052558422,34.83,4.56,-0.21
13.041288487613201,34.83,4.56,-0.21
13.041331071406603,34.83,4.56,-0.21
13.041339345276356,34.83,4.56,-0.21
13.041339345276356,34.83,4.56,-0.21
13.041417457163334,34.83,4.56,-0.21
13.041439030319452,34.83,4.56,-0.21
13.041455637663603,34.83,4.56,-0.21
13.04147232696414,34.82,4.56,-0.21
13.041495274752378,34.83,4.56,-0.21
13.041512116789818,34.83,4.56,-0.21
13.041512116789818,34.83,4.56,-0.21
13.041512116789818,34.83,4.56,-0.21
13.041568890213966,34.82,4.56,-0.21
13.041585773229599,34.83,4.56,-0.21
13.04160238057375,34.83,4.56,-0.21
13.041619058698416,34.83,4.56,-0.21
13.04163571074605,34.83,4.56,-0.21
13.041669059544802,34.83,4.56,-0.21
13.04168577119708,34.83,4.56,-0.21
13.041702389717102,34.83,4.56,-0.21
13.041726984083652,34.83,4.56,-0.21
13.04174841940403,34.83,4.56,-0.21
13.041765231639147,34.83,4.56,-0.21
13.041794274002314,34.83,4.56,-0.21
13.041814398020506,34.83,4.56,-0.22
13.04184776544571,34.83,4.56,-0.22
13.04186436533928,34.83,4.56,-0.22
13.041878275573254,34.83,4.56,-0.22
13.041925504803658,34.83,4.56,-0.21
13.041942153126001,34.83,4.56,-0.21
13.041958831250668,34.83,4.56,-0.21
13.041975397616625,34.83,4.56,-0.21
13.042008716613054,34.83,4.56,-0.21
13.042029816657305,34.83,4.56,-0.21
13.042049050331116,34.83,4.56,-0.21
13.042065966874361,34.83,4.56,-0.21
13.042082581669092,34.83,4.56,-0.21
13.042099263519049,34.83,4.57,-0.21
13.042113415896893,34.83,4.57,-0.21
13.042130529880524,34.83,4.56,-0.21
13.042163923382759,34.83,4.57,-0.21
13.04218054562807,34.83,4.57,-0.21
13.04222322627902,34.83,4.56,-0.21
13.04222322627902,34.83,4.57,-0.21
13.04227613657713,34.83,4.57,-0.21
13.042293008416891,34.83,4.56,-0.21
13.042309634387493,34.83,4.57,-0.22
13.042326297610998,34.83,4.57,-0.21
13.042342972010374,34.83,4.56,-0.21
13.042376317083836,34.83,4.56,-0.21
13.042397912591696,34.83,4.57,-0.21
13.042417414486408,34.83,4.57,-0.21
13.042434312403202,34.83,4.57,-0.21
13.042451847344637,34.83,4.56,-0.21
13.04248957708478,34.83,4.57,-0.21
13.042506415396929,34.83,4.57,-0.21
13.042539779096842,34.83,4.57,-0.22
13.042573053389788,34.83,4.56,-0.21
13.042615197598934,34.83,4.57,-0.22
13.042640335857868,34.83,4.57,-0.22
13.042657155543566,34.83,4.57,-0.22
13.042690504342318,34.83,4.57,-0.21
13.042726136744022,34.83,4.57,-0.21
13.04277703911066,34.83,4.57,-0.22
13.042814079672098,34.83,4.56,-0.21
13.042833007872105,34.83,4.57,-0.21
13.0428665317595,34.83,4.57,-0.21
13.04289985075593,34.83,4.57,-0.21
13.042916521430016,34.83,4.57,-0.21
13.04295727238059,34.83,4.57,-0.21
13.042994748800993,34.83,4.57,-0.21
13.043011389672756,34.83,4.57,-0.21
13.04302903264761,34.83,4.57,-0.21
13.04306286200881,34.83,4.57,-0.21
13.043096359819174,34.83,4.57,-0.21
13.043129671365023,34.83,4.56,-0.21
13.04314237087965,34.83,4.57,-0.21
13.04314237087965,34.83,4.57,-0.22
13.04314237087965,34.83,4.57,-0.21
13.043249938637018,34.83,4.56,-0.21
13.0432832762599,34.83,4.56,-0.21
13.043316651135683,34.83,4.57,-0.21
13.04333332926035,34.83,4.57,-0.21
13.04333332926035,34.83,4.57,-0.21
13.04333332926035,34.83,4.57,-0.21
13.043429043143988,34.83,4.57,-0.21
13.0434640198946,34.83,4.57,-0.22
13.04349735379219,34.83,4.57,-0.21
13.043524660170078,34.83,4.57,-0.21
13.043524660170078,34.83,4.57,-0.21
13.043584536761045,34.83,4.57,-0.21
13.04360118880868,34.83,4.57,-0.21
13.04363176599145,34.83,4.57,-0.21
13.043650306761265,34.83,4.57,-0.21
13.043684277683496,34.83,4.57,-0.21
13.043697949498892,34.83,4.57,-0.21
13.04372926428914,34.83,4.57,-0.21
13.043762750923634,34.83,4.57,-0.21
13.043779410421848,34.83,4.57,-0.21
13.043796077370644,34.83,4.57,-0.21
13.04381275549531,34.83,4.57,-0.21
13.043853398412466,34.83,4.57,-0.21
13.043910160660744,34.83,4.57,-0.21
13.04392696171999,34.83,4.57,-0.21
13.043944545090199,34.83,4.57,-0.21
13.043992094695568,34.83,4.57,-0.21
13.044024039059877,34.83,4.57,-0.21
13.04404067248106,34.82,4.57,-0.21
13.044068530201912,34.83,4.57,-0.21
13.044097416102886,34.83,4.57,-0.21
13.044114276766777,34.83,4.57,-0.21
13.044147558510303,34.83,4.57,-0.21
13.044181775301695,34.83,4.57,-0.21
13.044207319617271,34.83,4.57,-0.21
13.044224172830582,34.83,4.57,-0.21
13.044254504144192,34.83,4.57,-0.21
13.044254504144192,34.83,4.57,-0.21
13.04430466145277,34.83,4.57,-0.21
13.04430466145277,34.83,4.57,-0.21
13.044372905045748,34.84,4.57,-0.21
13.044443521648645,34.84,4.57,-0.21
13.044537261128426,34.83,4.57,-0.21
13.044603891670704,34.83,4.57,-0.21
13.044626116752625,34.83,4.57,-0.21
13.044669922441244,34.83,4.57,-0.21
13.044720198959112,34.84,4.57,-0.21
13.044762559235096,34.83,4.57,-0.21
13.04479605332017,34.83,4.57,-0.21
13.044808436185122,34.83,4.57,-0.21
13.04487206786871,34.84,4.57,-0.21
13.044888723641634,34.84,4.57,-0.21
13.044922061264515,34.84,4.57,-0.21
13.044950444251299,34.84,4.57,-0.21
13.044983983039856,34.84,4.57,-0.21
13.045017275959253,34.83,4.57,-0.21
13.045047547668219,34.83,4.57,-0.21
13.04506442323327,34.83,4.57,-0.21
13.04512419551611,34.84,4.57,-0.21
13.045157469809055,34.84,4.57,-0.21
13.045190766453743,34.83,4.57,-0.21
13.045202281326056,34.83,4.57,-0.21
13.045242507010698,34.83,4.57,-0.21
13.045276042073965,34.84,4.57,-0.21
13.045292686671019,34.83,4.57,-0.21
13.04532602056861,34.83,4.57,-0.21
13.04536410793662,34.83,4.57,-0.21
13.045386224985123,34.83,4.57,-0.21
13.045419801026583,34.83,4.57,-0.21
13.045437343418598,34.83,4.57,-0.21
13.045472260564566,34.83,4.57,-0.21
13.04550575464964,34.83,4.57,-0.21
13.045522399246693,34.83,4.57,-0.21
13.045549098402262,34.83,4.57,-0.21
13.045589029788971,34.83,4.57,-0.21
13.04560586810112,34.83,4.57,-0.21
13.04563919082284,34.83,4.57,-0.21
13.045655868947506,34.83,4.57,-0.21
13.045689806342125,34.83,4.57,-0.21
13.045706707984209,34.84,4.57,-0.21
13.045735951513052,34.84,4.57,-0.21
13.045775342732668,34.83,4.57,-0.21
13.045791983604431,34.83,4.57,-0.21
13.04582466930151,34.83,4.57,-0.21
13.045841481536627,34.83,4.57,-0.21
13.045858144760132,34.83,4.57,-0.21
13.045874785631895,34.83,4.57,-0.22
13.045891478657722,34.84,4.57,-0.21
13.045919515192509,34.83,4.57,-0.22
13.045945528894663,34.83,4.57,-0.21
13.045970648527145,34.84,4.57,-0.21
13.045987419784069,34.83,4.57,-0.21
13.046004090458155,34.84,4.57,-0.21
13.046020790934563,34.84,4.57,-0.22
13.04605370014906,34.83,4.57,-0.22
13.046070367097855,34.84,4.57,-0.21
13.046103715896606,34.84,4.57,-0.22
13.046143110841513,34.84,4.57,-0.21
13.046162363141775,34.84,4.57,-0.21
13.046195853501558,34.84,4.57,-0.21
13.046229243278503,34.84,4.57,-0.21
13.046262588351965,34.83,4.57,-0.21
13.046314999461174,34.83,4.57,-0.21
13.04634851589799,34.84,4.57,-0.21
13.046366095542908,34.84,4.57,-0.21
13.046390477567911,34.84,4.57,-0.21
13.046407476067543,34.84,4.57,-0.21
13.046440683305264,34.84,4.57,-0.21
13.046457342803478,34.84,4.57,-0.21
13.046476617455482,34.84,4.57,-0.21
13.046522490680218,34.84,4.57,-0.21
13.046555999666452,34.84,4.57,-0.21
13.046587068587542,34.84,4.57,-0.21
13.046631634235382,34.84,4.57,-0.21
13.046663492918015,34.84,4.57,-0.21
13.046663492918015,34.84,4.57,-0.21
13.046663492918015,34.84,4.57,-0.22
13.046663492918015,34.84,4.57,-0.21
13.046663492918015,34.84,4.57,-0.21
13.046816274523735,34.84,4.57,-0.21
13.046847723424435,34.84,4.57,-0.21
13.04688585549593,34.84,4.57,-0.21
13.046902514994144,34.83,4.57,-0.21
13.046902514994144,34.84,4.57,-0.21
13.046958297491074,34.84,4.57,-0.21
13.046975128352642,34.84,4.57,-0.21
13.046991780400276,34.84,4.57,-0.21
13.047025095671415,34.84,4.57,-0.21
13.047030005604029,34.84,4.57,-0.21
13.047079794108868,34.84,4.57,-0.21
13.047103621065617,34.84,4.57,-0.21
13.047137059271336,34.84,4.57,-0.21
13.047153621912003,34.83,4.57,-0.21
13.047186970710754,34.84,4.57,-0.21
13.047218009829521,34.84,4.57,-0.21
13.047218009829521,34.84,4.57,-0.21
13.047218009829521,34.84,4.57,-0.21
13.047307640314102,34.84,4.57,-0.21
13.047326982021332,34.84,4.57,-0.21
13.047360476106405,34.84,4.57,-0.21
13.047377243638039,34.84,4.57,-0.21
13.047410748898983,34.84,4.57,-0.21
13.04744416102767,34.84,4.57,-0.21
13.047469414770603,34.84,4.57,-0.21
13.047557100653648,34.84,4.57,-0.21
13.047590378671885,34.83,4.57,-0.21
13.047654561698437,34.83,4.57,-0.21
13.047668106853962,34.84,4.57,-0.21
13.047742955386639,34.84,4.57,-0.21
13.047776252031326,34.84,4.57,-0.21
13.047809556126595,34.84,4.57,-0.21
13.047825422137976,34.84,4.57,-0.21
13.047893069684505,34.84,4.57,-0.21
13.047927401959896,34.84,4.57,-0.21
13.047944106161594,34.84,4.57,-0.21
13.047956053167582,34.84,4.57,-0.21
13.048016775399446,34.84,4.57,-0.21
13.048038128763437,34.83,4.57,-0.21
13.048071444034576,34.84,4.57,-0.21
13.048088662326336,34.84,4.57,-0.21
13.048105474561453,34.84,4.57,-0.21
13.048138853162527,34.84,4.57,-0.21
13.04815548285842,34.84,4.57,-0.21
13.0481888204813,34.84,4.57,-0.21
13.0482081733644,34.84,4.57,-0.21
13.048224229365587,34.84,4.57,-0.21
13.048224229365587,34.84,4.57,-0.21
13.0482891574502,34.84,4.57,-0.21
13.048322431743145,34.84,4.57,-0.21
13.048355735838413,34.85,4.57,-0.21
13.048372376710176,34.84,4.57,-0.21
13.048398103564978,34.84,4.57,-0.21
13.048398103564978,34.84,4.57,-0.21
13.048483934253454,34.84,4.57,-0.21
13.048517238348722,34.84,4.57,-0.21
13.048550572246313,34.84,4.57,-0.21
13.048570413142443,34.84,4.57,-0.21
13.048621583729982,34.84,4.57,-0.21
13.048667445778847,34.84,4.57,-0.21
13.048684030771255,34.84,4.57,-0.21
13.048717338591814,34.84,4.57,-0.21
13.048750720918179,34.84,4.57,-0.21
13.048763576894999,34.84,4.57,-0.21
13.048763576894999,34.84,4.57,-0.21
13.048854179680347,34.84,4.57,-0.21
13.048887487500906,34.84,4.57,-0.21
13.048920821398497,34.84,4.57,-0.21
13.048937484622002,34.84,4.57,-0.21
13.048937484622002,34.84,4.57,-0.21
13.048985373228788,34.84,4.57,-0.21
13.049002297222614,34.84,4.57,-0.21
13.049035660922527,34.84,4.57,-0.21
13.04905229434371,34.84,4.57,-0.21
13.049085818231106,34.84,4.57,-0.21
13.049102496355772,34.85,4.57,-0.21
13.049125213176012,34.84,4.57,-0.21
13.049125213176012,34.84,4.57,-0.21
13.049183033406734,34.84,4.57,-0.21
13.04919196665287,34.84,4.57,-0.21
13.049231871962547,34.84,4.57,-0.21
13.04924950003624,34.84,4.57,-0.21
13.049282934516668,34.84,4.57,-0.21
13.049307033419609,34.84,4.57,-0.21
13.049307033419609,34.84,4.57,-0.21
13.049307033419609,34.84,4.57,-0.21
13.049307033419609,34.84,4.57,-0.21
13.049391184002161,34.84,4.57,-0.21
13.049408044666052,34.84,4.57,-0.21
13.049424726516008,34.84,4.57,-0.21
13.049441363662481,34.84,4.57,-0.21
13.049458030611277,34.84,4.57,-0.21
13.04947480559349,34.84,4.57,-0.21
13.049497861415148,34.85,4.57,-0.21
13.049497861415148,34.84,4.57,-0.21
13.049497861415148,34.84,4.57,-0.21
13.049575913697481,34.84,4.57,-0.21
13.04959274083376,34.84,4.57,-0.21
13.04960947483778,34.84,4.57,-0.21
13.049626056104898,34.84,4.57,-0.21
13.049642715603113,34.84,4.57,-0.21
13.049659449607134,34.84,4.57,-0.21
13.049674823880196,34.84,4.57,-0.21
13.049674823880196,34.84,4.57,-0.21
13.049718227237463,34.85,4.57,-0.21
13.049735032022,34.84,4.57,-0.21
13.049751691520214,34.83,4.57,-0.21
13.049768354743719,34.84,4.57,-0.21
13.049785010516644,34.84,4.57,-0.21
13.049785010516644,34.84,4.57,-0.21
13.049801725894213,34.84,4.57,-0.21
13.049835029989481,34.84,4.57,-0.22
13.049851689487696,34.84,4.57,-0.21
13.049862261861563,34.84,4.57,-0.21
13.049862261861563,34.84,4.57,-0.21
13.049898397177458,34.84,4.57,-0.21
13.049927845597267,34.84,4.57,-0.21
13.049944717437029,34.84,4.57,-0.21
13.04996133968234,34.84,4.57,-0.21
13.049978014081717,34.84,4.58,-0.21
13.049994632601738,34.84,4.58,-0.21
13.050011299550533,34.84,4.57,-0.21
13.05002798885107,34.84,4.57,-0.21
13.050048608332872,34.84,4.58,-0.22
13.050048608332872,34.84,4.58,-0.21
13.05008152872324,34.84,4.58,-0.21
13.05009837076068,34.84,4.58,-0.21
13.05012572184205,34.84,4.58,-0.21
13.050142537802458,34.84,4.58,-0.21
13.050159212201834,34.84,4.58,-0.21
13.050175864249468,34.84,4.58,-0.21
13.050192512571812,34.84,4.58,-0.21
13.050205484032631,34.84,4.58,-0.21
13.050205484032631,34.84,4.58,-0.21
13.050205484032631,34.85,4.58,-0.21
13.050261549651623,34.84,4.58,-0.21
13.05027823895216,34.84,4.58,-0.21
13.050293937325478,34.84,4.58,-0.21
13.05030893534422,34.84,4.58,-0.21
13.050325769931078,34.84,4.58,-0.21
13.050325769931078,34.85,4.58,-0.21
13.050342429429293,34.84,4.58,-0.21
13.050361145287752,34.84,4.58,-0.21
13.050361145287752,34.84,4.58,-0.21
13.050403408706188,689.4,4.58,-0.21
13.050420247018337,34.84,4.58,-0.21
13.050436910241842,34.84,4.58,-0.21
13.050436910241842,34.84,4.58,-0.21
13.050453580915928,34.84,4.58,-0.21
13.050470225512981,34.84,4.58,-0.21
13.050470225512981,34.84,4.58,-0.21
13.050501763820648,34.85,4.58,-0.21
13.050518609583378,34.84,4.58,-0.21
13.050518609583378,34.84,4.58,-0.21
13.050544690340757,34.84,4.58,-0.21
13.050544690340757,34.84,4.58,-0.21
13.050576463341713,34.84,4.58,-0.21
13.050593350082636,34.84,4.58,-0.21
13.050611231476068,34.84,4.58,-0.21
13.050629489123821,34.84,4.58,-0.21
13.05064619705081,34.85,4.58,-0.21
13.050662841647863,34.84,4.58,-0.21
13.05067951604724,34.84,4.58,-0.21
13.050696220248938,34.84,4.58,-0.21
13.050712887197733,34.84,4.58,-0.21
13.050731420516968,34.84,4.58,-0.21
13.050731420516968,34.84,4.58,-0.21
13.05076202750206,34.85,4.58,-0.21
13.050778891891241,34.85,4.58,-0.21
13.050795532763004,34.85,4.58,-0.21
13.050795532763004,34.85,4.58,-0.21
13.050821002572775,34.84,4.58,-0.21
13.050822850316763,34.84,4.58,-0.21
13.050839621573687,34.84,4.58,-0.21
13.0508563965559,34.84,4.58,-0.21
13.0508729852736,34.84,4.58,-0.21
13.050889667123556,34.85,4.58,-0.21
13.050889667123556,34.84,4.58,-0.21
13.050915081053972,34.84,4.58,-0.21
13.050915081053972,34.84,4.58,-0.21
13.050915081053972,34.85,4.58,-0.21
13.050915081053972,34.85,4.58,-0.21
13.05097358673811,34.84,4.58,-0.21
13.050995476543903,34.85,4.58,-0.21
13.05101228132844,34.85,4.58,-0.21
13.051028992980719,34.85,4.58,-0.21
13.051028992980719,34.84,4.58,-0.21
13.05104560032487,34.84,4.58,-0.21
13.0510623306036,34.85,4.58,-0.21
13.051095649600029,34.84,4.58,-0.21
13.051102250814438,34.84,4.58,-0.21
13.05113261193037,34.84,4.58,-0.21
13.051149565726519,34.85,4.58,-0.21
13.051166132092476,34.84,4.58,-0.21
13.051182795315981,34.84,4.58,-0.21
13.051202587783337,34.85,4.58,-0.21
13.051202587783337,34.84,4.58,-0.21
13.051219318062067,34.84,4.58,-0.21
13.051235988736153,34.84,4.58,-0.21
13.051252592355013,34.84,4.58,-0.21
13.051269270479679,34.84,4.58,-0.21
13.051285475492477,34.84,4.58,-0.21
13.051285475492477,34.85,4.58,-0.21
13.051318552345037,34.85,4.58,-0.21
13.051335453987122,34.84,4.58,-0.21
13.051352083683014,34.84,4.58,-0.21
13.051352083683014,34.84,4.58,-0.21
13.051368746906519,34.85,4.58,-0.21
13.051393948495388,34.85,4.58,-0.21
13.051393948495388,34.85,4.58,-0.21
13.051410645246506,34.84,4.58,-0.21
13.051427323371172,34.84,4.58,-0.21
13.051443986594677,34.85,4.58,-0.21
13.051460646092892,34.85,4.58,-0.21
13.051470510661602,34.85,4.58,-0.21
13.051470510661602,34.84,4.58,-0.21
13.051512561738491,34.84,4.58,-0.21
13.051529243588448,34.85,4.58,-0.21
13.051539868116379,34.85,4.58,-0.21
13.051557313650846,34.85,4.58,-0.21
13.051568791270256,34.84,4.58,-0.21
13.05158555880189,34.84,4.58,-0.21
13.05158555880189,34.85,4.58,-0.21
13.051602259278297,34.85,4.58,-0.21
13.05161327496171,34.85,4.58,-0.21
13.051630087196827,34.85,4.58,-0.21
13.051652774214745,34.84,4.58,-0.21
13.05165609717369,34.84,4.58,-0.21
13.05165609717369,34.85,4.58,-0.21
13.05169128999114,34.84,4.58,-0.21
13.051708161830902,34.84,4.58,-0.21
13.051724798977375,34.84,4.58,-0.21
13.051724798977375,34.85,4.58,-0.21
13.051748991012573,34.85,4.58,-0.21
13.05177091062069,34.84,4.58,-0.21
13.051788296550512,34.85,4.58,-0.21
13.051799282431602,34.85,4.58,-0.21
13.05181610956788,34.85,4.58,-0.21
13.051832754164934,34.85,4.58,-0.21
13.051839128136635,34.85,4.58,-0.21
13.051874253898859,34.85,4.58,-0.21
13.051888648420572,34.84,4.58,-0.21
13.051905456930399,34.84,4.58,-0.21
13.051922116428614,34.84,4.58,-0.21
13.05193917825818,34.84,4.58,-0.21
13.051955960690975,34.84,4.58,-0.21
13.051955960690975,34.84,4.58,-0.21
13.051983930170536,34.84,4.58,-0.21
13.052000775933266,34.85,4.58,-0.21
13.052026234567165,34.84,4.58,-0.21
13.052026234567165,34.84,4.58,-0.21
13.052067626267672,34.84,4.58,-0.21
13.052084490656853,34.84,4.58,-0.21
13.052101120352745,34.84,4.58,-0.21
13.052128545939922,34.85,4.58,-0.21
13.052138082683086,34.84,4.58,-0.21
13.052154924720526,34.85,4.58,-0.21
13.05217158049345,34.84,4.58,-0.21
13.052188247442245,34.84,4.58,-0.21
13.052204940468073,34.84,4.58,-0.21
13.052221614867449,34.84,4.58,-0.21
13.052238248288631,34.84,4.59,-0.21
13.052238248288631,34.84,4.58,-0.21
13.052254911512136,34.84,4.58,-0.21
13.052271597087383,34.85,4.58,-0.21
13.052288241684437,34.84,4.59,-0.21
13.052637834101915,34.84,4.58,-0.21
13.054122794419527,34.84,4.59,-0.21
13.055575087666512,34.84,4.59,-0.21
13.056984040886164,34.83,4.6,-0.21
13.058541402220726,34.83,4.59,-0.21
13.060042392462492,34.83,4.58,-0.21
13.06150982528925,34.84,4.58,-0.21
13.062990844249725,34.83,4.58,-0.21
13.064475547522306,34.83,4.58,-0.21
13.065949581563473,34.83,4.58,-0.21
13.067428357899189,34.84,4.58,-0.21
13.070207446813583,34.83,4.58,-0.21
13.073342025279999,34.84,4.58,-0.21
13.076148711144924,34.84,4.58,-0.21
13.079066421836615,34.84,4.58,-0.21
13.082210410386324,34.84,4.58,-0.21
13.085070714354515,34.83,4.58,-0.21
13.0880145765841,34.83,4.58,-0.21
13.091004978865385,34.84,4.58,-0.21
13.094018545001745,34.84,4.58,-0.21
13.097001507878304,34.84,4.58,-0.21
13.099805660545826,34.84,4.58,-0.21
13.10291600599885,34.83,4.58,-0.21
13.105876263231039,34.84,4.58,-0.21
13.108831595629454,34.84,4.58,-0.21
13.11178594082594,34.84,4.58,-0.21
13.113263666629791,34.83,4.57,-0.21
13.114754661917686,34.84,4.58,-0.21
13.116234306246042,34.84,4.58,-0.21
13.117702521383762,34.84,4.58,-0.21
13.119056269526482,34.84,4.58,-0.21
13.120595302432775,34.83,4.58,-0.21
13.122136168181896,34.84,4.58,-0.21
13.123615950345993,34.84,4.58,-0.21
13.125107735395432,34.84,4.58,-0.21
13.126584488898516,34.84,4.58,-0.21
13.12806124612689,34.84,4.58,-0.21
13.129543662071228,34.84,4.58,-0.21
13.131018374115229,34.84,4.58,-0.22
13.13238911703229,34.84,4.58,-0.21
13.133920941501856,34.84,4.58,-0.21
13.135434664785862,34.84,4.58,-0.21
13.136799901723862,34.84,4.58,-0.21
13.138371642678976,34.84,4.58,-0.21
13.139895111322403,34.84,4.58,-0.21
13.141371011734009,34.84,4.58,-0.21
13.142740413546562,34.84,4.58,-0.21
13.144206412136555,34.84,4.58,-0.21
13.145780302584171,34.84,4.58,-0.21
13.147281363606453,34.84,4.58,-0.21
13.148652330040932,34.84,4.58,-0.21
13.150232870131731,34.84,4.58,-0.21
13.15157537534833,34.84,4.58,-0.21
13.153207115828991,34.84,4.58,-0.21
13.154678661376238,34.84,4.58,-0.21
13.156077731400728,34.84,4.58,-0.21
13.157551813870668,34.84,4.58,-0.21
13.15910528972745,34.84,4.58,-0.21
13.160532128065825,34.84,4.58,-0.21
13.162047371268272,34.84,4.58,-0.21
13.16348571330309,34.84,4.58,-0.21
13.164949413388968,34.84,4.58,-0.21
13.16651251539588,34.84,4.58,-0.21
13.16946603730321,34.84,4.58,-0.21
13.172417242079973,34.84,4.58,-0.21
13.175385631620884,34.84,4.58,-0.21
13.17809709534049,34.84,4.58,-0.21
13.181304048746824,34.84,4.58,-0.21
13.184261709451675,34.84,4.58,-0.21
13.18720418214798,34.84,4.58,-0.21
13.190173972398043,34.84,4.58,-0.21
13.193095862865448,34.84,4.58,-0.21
13.196059424430132,34.84,4.58,-0.21
13.199046667665243,34.84,4.58,-0.21
13.201982509344816,34.84,4.58,-0.21
13.203480318188667,34.84,4.58,-0.21
13.204953901469707,34.84,4.58,-0.21
13.206311635673046,34.84,4.58,-0.21
13.20791370421648,34.84,4.58,-0.21
13.20940001681447,34.84,4.58,-0.21
13.210719395428896,34.84,4.58,-0.21
13.212357964366674,34.84,4.58,-0.21
13.213842861354351,34.85,4.58,-0.21
13.215302165597677,34.84,4.58,-0.21
13.216695584356785,34.84,4.58,-0.21
13.218275032937527,34.84,4.58,-0.21
13.219579450786114,34.84,4.58,-0.21
13.221212048083544,34.84,4.58,-0.21
13.22256725281477,34.84,4.58,-0.21
13.224063634872437,34.84,4.58,-0.21
13.225644029676914,34.84,4.58,-0.21
13.227010861039162,34.84,4.58,-0.21
13.22862197086215,34.84,4.58,-0.21
13.229973070323467,34.84,4.58,-0.21
13.231464214622974,34.84,4.58,-0.21
13.232936408370733,34.84,4.58,-0.21
13.23452951386571,34.84,4.58,-0.21
13.235899046063423,34.85,4.58,-0.21
13.237392902374268,34.84,4.58,-0.21
13.238872814923525,34.84,4.58,-0.21
13.240353841334581,34.84,4.58,-0.21
13.2418412566185,34.84,4.58,-0.21
13.243316136300564,34.84,4.58,-0.21
13.244851019233465,34.84,4.58,-0.21
13.246271785348654,34.84,4.58,-0.21
13.247753269970417,34.84,4.58,-0.21
13.249232862144709,34.84,4.58,-0.21
13.250715162605047,34.84,4.58,-0.21
13.252205684781075,34.84,4.58,-0.21
13.253685910254717,34.84,4.58,-0.21
13.255170468240976,34.84,4.58,-0.21
13.256644390523434,34.84,4.58,-0.21
13.258114971220493,34.84,4.58,-66.23
13.259617682546377,34.84,4.58,-0.21
13.261096887290478,34.84,4.58,-0.21
13.262581933289766,34.84,4.58,-0.21
13.264023635536432,34.84,4.58,-0.21
13.266904976218939,34.84,4.58,-0.21
13.269966501742601,34.84,4.58,-0.21
13.272772189229727,34.84,4.58,-0.21
13.275882814079523,34.84,4.58,-0.21
13.278741288930178,34.85,4.58,-0.21
13.28183626756072,34.84,4.58,-0.21
13.2846023067832,34.85,4.58,-0.21
13.287763360887766,34.84,4.59,-0.21
13.290739174932241,34.84,4.58,-0.21
13.29366696998477,34.85,4.59,-0.21
13.296539410948753,34.84,4.58,-0.21
13.299610629677773,34.84,4.59,-0.21
13.30256611853838,34.84,4.59,-0.21
13.305522285401821,34.84,4.59,-0.21
13.308461870998144,34.84,4.59,-0.21
13.311443354934454,34.84,4.59,-0.21
13.314394239336252,34.84,4.59,-0.21
13.317355647683144,34.84,4.59,-0.21
13.320302929729223,34.84,4.59,-0.21
13.323271661996841,34.85,4.58,-0.21
13.326221130788326,34.84,4.59,-0.21
13.329189140349627,34.85,4.59,-0.21
13.332142598927021,34.84,4.58,-0.21
13.33509273454547,34.84,4.59,-0.21
13.338052343577147,34.85,4.59,-0.21
13.34078998118639,34.84,4.59,-0.21
13.343974482268095,34.84,4.59,-0.21
13.34686117619276,34.84,4.58,-0.21
13.349770590662956,34.84,4.59,-0.21
13.352844383567572,34.84,4.58,-0.21
13.355633292347193,34.84,4.58,-0.21
13.358769375830889,34.85,4.59,-0.21
13.361650213599205,34.84,4.58,-0.21
13.363185748457909,34.84,4.58,-0.21
13.370597906410694,34.84,4.58,-0.21
13.372075866907835,34.84,4.59,-0.21
13.373508099466562,34.84,4.59,-0.21
13.3750214651227,34.84,4.59,-0.21
13.376506745815277,34.84,4.59,-0.21
13.377954009920359,34.85,4.59,-0.21
13.379430316388607,34.84,4.59,-0.21
13.380910698324442,34.84,4.59,-0.21
13.380910698324442,34.84,4.59,-0.21
13.382459498941898,34.84,4.59,-0.21
13.383933398872614,34.84,4.58,-0.21
13.38541280478239,34.84,4.58,-0.21
13.386843509972095,34.84,4.59,-0.21
13.388318203389645,34.84,4.59,-0.21
13.389801628887653,34.85,4.59,-0.21
13.39125469326973,34.85,4.59,-0.21
13.392736628651619,34.85,4.59,-0.21
13.394238714128733,34.84,4.59,-0.21
13.395701859146357,34.84,4.59,-0.21
13.397209364920855,34.85,4.58,-0.21
13.398680407553911,34.84,4.58,-0.21
13.400164298713207,34.84,4.59,-0.21
13.401626788079739,34.84,4.59,-0.21
13.401626788079739,34.85,4.59,-0.21
13.410557314753532,34.84,4.59,-0.21
13.412037391215563,34.84,4.59,-0.21
13.413519565016031,34.84,4.58,-0.21
13.415000047534704,34.84,4.59,-0.21
13.416254833340645,34.84,4.59,-0.21
13.417949166148901,34.85,4.59,-0.21
13.419412028044462,34.84,4.59,-0.21
13.420891121029854,34.84,4.59,-0.21
13.422386433929205,34.84,4.58,-0.21
13.4236542545259,34.84,4.59,-0.21
13.425323624163866,34.84,4.58,-0.21
13.426794476807117,34.84,4.59,-0.21
13.428303219377995,34.84,4.59,-0.21
13.42977236956358,34.85,4.59,-0.21
13.431261591613293,34.84,4.59,-0.21
13.432741463184357,34.84,4.58,-0.21
13.434110321104527,34.84,4.59,-0.21
13.435692507773638,34.84,4.59,-0.21
13.437007520347834,34.84,4.59,-0.21
13.438566032797098,34.85,4.59,-0.21
13.440134331583977,34.84,4.59,-0.21
13.441607758402824,34.84,4.59,-0.21
13.444545298814774,34.84,4.59,-0.21
13.447384532541037,34.85,4.59,-0.21
13.450439758598804,34.84,4.59,-0.21
13.45345276221633,34.84,4.59,-0.21
13.45639343187213,34.84,4.59,-0.21
13.45936669036746,34.85,4.59,-0.21
13.462236072868109,34.84,4.59,-0.21
13.465210016816854,34.85,4.59,-0.21
13.468225218355656,34.85,4.59,-0.21
13.471173979341984,34.84,4.59,-0.21
13.474107038229704,34.85,4.59,-0.21
13.477082941681147,34.85,4.59,-0.21
13.47999707609415,34.84,4.59,-0.21
13.483021032065153,34.84,4.59,-0.21
13.48598974198103,34.84,4.59,-0.21
13.488943725824356,34.84,4.59,-0.21
13.49190478771925,34.84,4.59,-0.21
13.493380177766085,34.84,4.59,-0.21
13.494856134057045,34.84,4.59,-0.21
13.496338326483965,34.84,4.59,-0.21
13.497819632291794,34.84,4.59,-0.21
13.499285727739334,34.85,4.59,-0.21
13.500785700976849,34.84,4.59,-0.21
13.502255961298943,34.84,4.59,-0.21
13.503724671900272,34.85,4.59,-0.21
13.505204372107983,34.85,4.59,-0.21
13.506682276725769,34.85,4.59,-0.21
13.508160773664713,34.85,4.59,-0.21
13.509634349495173,34.84,4.59,-0.21
13.511121425777674,34.84,4.59,-0.21
13.512484885752201,34.84,4.59,-0.21
13.514075007289648,34.84,4.59,-0.21
13.515441562980413,34.85,4.59,-0.21
13.517025616019964,34.85,4.58,-0.21
13.518284928053617,34.84,4.59,-0.21
13.519996788352728,34.84,4.59,-0.21
13.521477822214365,34.84,4.58,-0.21
13.522954449057579,34.84,4.59,-0.21
13.524430230259895,34.85,4.59,-0.21
13.525919023901224,34.85,4.58,-0.21
13.527393080294132,34.85,4.59,-0.21
13.528878949582577,34.85,4.58,-0.21
13.53034432977438,34.85,4.58,-0.21
13.53182328864932,34.85,4.59,-0.21
13.533291790634394,34.84,4.59,-0.21
13.534782815724611,34.85,4.58,-0.21
13.5360706448555,34.85,4.58,-0.21
13.537749830633402,34.85,4.59,-0.21
13.539228416979313,34.85,4.58,-0.21
13.542176820337772,34.84,4.58,-0.21
13.545138772577047,34.85,4.58,-0.21
13.548100605607033,34.85,4.59,-0.21
13.550929091870785,34.84,4.58,-0.21
13.553843632340431,34.85,4.58,-0.21
13.55687090009451,34.85,4.58,-0.21
13.55984714999795,34.85,4.58,-0.21
13.562748782336712,34.85,4.58,-0.21
13.565846811980009,34.85,4.58,-0.21
13.568683352321386,34.84,4.58,-0.21
13.571569252759218,34.84,4.58,-0.21
13.574711922556162,34.84,4.58,-0.21
13.577673211693764,34.84,4.58,-0.21
13.58044956997037,34.84,4.58,-0.21
13.583559513092041,34.85,4.58,-0.21
13.58636999502778,34.85,4.58,-0.21
13.589367635548115,34.85,4.58,-0.21
13.59241757541895,34.85,4.58,-0.21
13.595425747334957,34.85,4.58,-0.21
13.598368264734745,34.84,4.58,-0.21
13.601151123642921,34.84,4.58,-0.21
13.604273993521929,34.85,4.58,-0.21
13.607258465141058,34.85,4.58,-0.21
13.610186487436295,34.85,4.58,-0.21
13.61314032226801,34.85,4.58,-0.21
13.616126034408808,34.85,4.58,-0.21
13.61760924756527,34.85,4.58,-0.21
13.619073186069727,34.84,4.58,-0.21
13.620353758335114,34.85,4.58,-0.21
13.622037712484598,34.85,4.58,-0.21
13.623508583754301,34.85,4.58,-0.21
13.624999176710844,34.85,4.58,-0.21
13.626480348408222,34.85,4.58,-0.21
13.627944726496935,34.85,4.58,-0.21
13.629436325281858,34.85,4.58,-0.21
13.630920700728893,34.85,4.58,-0.21
13.632393207401037,34.85,4.58,-0.21
13.633867617696524,34.85,4.58,-0.21
13.635353729128838,34.85,4.58,-0.21
13.6368309520185,34.84,4.58,-0.21
13.638314254581928,34.84,4.58,-0.21
13.641272746026516,34.85,4.58,-0.21
13.644228883087635,34.85,4.58,-0.21
13.647188797593117,34.85,4.56,-0.21
13.650140963494778,34.85,4.54,-0.21
13.653095953166485,34.85,4.54,-0.21
13.654585022479296,34.85,4.54,-0.21
13.656026192009449,34.85,4.54,-0.21
13.657441947609186,34.85,4.54,-0.21
13.658951304852962,34.85,4.54,-0.21
13.66047166287899,34.85,4.54,-0.21
13.661974504590034,34.85,4.54,-0.21
13.663433719426394,34.85,4.54,-0.21
13.664933234453201,34.85,4.54,-0.21
13.666408851742744,34.85,4.54,-0.21
13.667842335999012,34.85,4.53,-0.21
13.669303625822067,34.85,4.54,-0.21
13.670834694057703,34.85,4.53,-0.21
13.67230935767293,34.85,4.54,-0.21
13.673796609044075,34.85,4.54,-0.21
13.675286129117012,34.85,4.54,-0.21
13.676725555211306,34.85,4.54,-0.21
13.678245548158884,34.85,4.54,-0.21
13.679719600826502,34.85,4.54,-0.21
13.681186720728874,34.85,4.54,-0.21
13.682666823267937,34.85,4.53,-0.21
13.68412358686328,34.85,4.54,-0.21
13.685638710856438,34.85,4.54,-0.21
13.687116477638483,34.85,4.54,-0.21
13.688587263226509,34.85,4.54,-0.21
13.69006721675396,34.85,4.53,-0.21
13.691551174968481,34.85,4.53,-0.21
13.693029969930649,34.85,4.53,-0.21
13.694501034915447,34.85,4.53,-0.21
13.695917040109634,34.85,4.53,-0.21
13.697455424815416,34.85,4.54,-0.21
13.698934856802225,34.85,4.54,-0.21
13.700416803359985,34.85,4.54,-0.21
13.701889298856258,34.86,4.54,-0.21
13.703380912542343,34.85,4.54,-0.21
13.704848825931549,34.85,4.54,-0.21
13.706322327256203,34.85,4.54,-0.21
13.707822248339653,34.85,4.54,-0.21
13.70925898104906,34.85,4.54,-0.21
13.710783042013645,34.85,4.54,-0.21
13.712256271392107,34.86,4.54,-0.21
13.713709767907858,34.86,4.54,-0.21
13.715178605169058,34.85,4.54,-0.21
13.716670706868172,34.85,4.54,-0.21
13.718158654868603,34.85,4.54,-0.21
13.719651576131582,34.86,4.54,-0.21
13.72112749516964,34.85,4.54,-0.21
13.722366206347942,34.85,4.54,-0.21
13.724075634032488,34.85,4.54,-0.21
13.725564930588007,34.85,4.54,-0.21
13.727050069719553,34.86,4.54,-0.21
13.72851025313139,34.86,4.54,-0.21
13.729996167123318,34.86,4.54,-0.21
13.731483206152916,34.85,4.55,-0.21
13.7328937985003,34.85,4.54,-0.21
13.734443310648203,34.85,4.55,-0.21
13.735912647098303,34.86,4.55,-0.21
13.738877136260271,34.85,4.55,-0.21
13.741754345595837,34.85,4.55,-0.21
13.744793619960546,34.85,4.55,-0.21
13.7477518171072,34.85,4.55,-0.21
13.750682730227709,34.86,4.55,-0.21
13.753664202988148,34.85,4.55,-0.21
13.756597805768251,34.85,4.55,-0.21
13.759539131075144,34.85,4.55,-0.21
13.762407261878252,34.85,4.55,-0.21
13.765483308583498,34.85,4.55,-0.21
13.768329881131649,34.85,4.55,-0.21
13.771325938403606,34.85,4.55,-0.21
13.774365041404963,34.85,4.55,-0.21
13.77723890915513,34.85,4.55,-0.21
13.780204843729734,34.85,4.55,-0.21
13.783236999064684,34.85,4.55,-0.21
13.786193147301674,34.85,4.55,-0.21
13.789106220006943,34.85,4.55,-0.21
13.792106688022614,34.86,4.55,-0.21
13.794964205473661,34.85,4.55,-0.21
13.798032574355602,34.85,4.55,-0.21
13.800899140536785,34.85,4.55,-0.21
13.803935494273901,34.85,4.55,-0.21
13.806904342025518,34.86,4.55,-0.21
13.809858608990908,34.86,4.55,-0.21
13.812672816216946,34.86,4.55,-0.21
13.814290095120668,34.85,4.55,-0.21
13.815778527408838,34.85,4.55,-0.21
13.817256189882755,34.85,4.55,-0.21
13.818725019693375,34.85,4.55,-0.21
13.820210613310337,34.85,4.55,-0.21
13.821640569716692,34.85,4.55,-0.21
13.823151767253876,34.85,4.55,-0.21
13.824649628251791,34.85,4.55,-0.21
13.826074689626694,34.85,4.55,-0.21
13.82760676369071,34.85,4.55,-0.21
13.829028967767954,34.85,4.55,-0.21
13.830563325434923,34.85,4.55,-0.21
13.832030203193426,34.85,4.55,-0.21
13.833296082913876,34.86,4.55,-0.21
13.836450945585966,34.85,4.55,-0.21
13.83943511173129,34.85,4.55,-0.21
13.842397566884756,34.85,4.55,-0.21
13.845114883035421,34.85,4.55,-0.21
13.848300956189632,34.85,4.55,-0.21
13.85103189572692,34.85,4.55,-0.21
13.854165486991405,34.85,4.55,-0.21
13.857085850089788,34.85,4.55,-0.21
13.86007333919406,34.85,4.55,-0.21
13.863039515912533,34.86,4.55,-0.21
13.866053964942694,34.86,4.55,-0.21
13.86880662292242,34.85,4.55,-0.21
13.870488807559013,34.85,4.55,-0.21
13.87189320102334,34.85,4.55,-0.21
13.873297687619925,34.85,4.55,-0.21
13.874925818294287,34.85,4.55,-0.21
13.876253996044397,34.86,4.55,-0.21
13.877881843596697,34.86,4.55,-0.21
13.87929493561387,34.85,4.55,-0.21
13.880841489881277,34.85,4.55,-0.21
13.882204432040453,34.85,4.55,-0.21
13.88374039158225,34.85,4.55,-0.21
13.885171014815569,34.86,4.55,-0.21
13.886754594743252,34.85,4.55,-0.21
13.888241976499557,34.85,4.55,-0.21
13.889697637408972,34.85,4.55,-0.21
13.891191609203815,34.85,4.55,-0.21
13.892676070332527,34.85,4.55,-0.21
13.894144836813211,34.85,4.55,-0.21
13.895626090466976,34.85,4.55,-0.21
13.897116720676422,34.85,4.55,-0.21
13.898579977452755,34.86,4.55,-0.21
13.90007060393691,34.86,4.55,-0.21
13.901457533240318,34.85,4.55,-0.21
13.90302462875843,34.85,4.55,-0.21
13.90450755506754,34.85,4.55,-0.21
13.905981749296188,34.85,4.55,-0.21
13.907456085085869,34.85,4.55,-0.21
13.90884480625391,34.85,4.55,-0.21
13.910424336791039,34.85,4.55,-0.21
13.9118985645473,34.86,4.55,-0.21
13.913298774510622,34.85,4.55,-0.21
13.914860505610704,34.85,4.55,-0.21
13.916324459016323,34.85,4.55,-0.21
13.917812198400497,34.86,4.55,-0.21
13.919296983629465,34.85,4.55,-0.21
13.92077450454235,34.85,4.55,-0.21
13.922256149351597,34.85,4.55,-0.21
13.923733495175838,34.85,4.55,-0.21
13.925203539431095,34.85,4.55,-0.21
13.92668840661645,34.86,4.55,-0.21
13.928157962858677,34.86,4.55,-0.21
13.929594431072474,34.85,4.55,-0.21
13.931118957698345,34.86,4.55,-0.21
13.932602360844612,34.86,4.55,-0.21
13.935400523245335,34.85,4.55,-0.21
13.938516497612,34.86,4.55,-0.21
13.941461488604546,34.86,4.55,-0.21
13.944273430854082,34.86,4.55,-0.21
13.947362147271633,34.86,4.55,-0.21
13.950350183993578,34.85,4.55,-0.21
13.953308716416359,34.85,4.55,-0.21
13.95626800134778,34.86,4.55,-0.21
13.95921390503645,34.85,4.56,-0.21
13.962184902280569,34.86,4.55,-0.21
13.965140208601952,34.86,4.55,-0.21
13.968097127974033,34.85,4.55,-0.21
13.97100868076086,34.86,4.55,-0.21
13.97400777041912,34.86,4.55,-0.21
13.975492469966412,34.85,4.55,-0.21
13.976963181048632,34.85,4.55,-0.21
13.978445369750261,34.85,4.55,-0.21
13.97990944609046,34.85,4.55,-0.21
13.98140188679099,34.85,4.55,-0.21
13.98286896944046,34.85,4.55,-0.21
13.984320547431707,34.85,4.55,-0.21
13.985801935195923,34.85,4.55,-0.21
13.987315565347672,34.86,4.55,-0.21
13.988799817860126,34.86,4.55,-0.21
13.990282572805882,34.86,4.55,-0.21
13.991695255041122,34.86,4.55,-0.21
13.993141207844019,34.85,4.55,-0.21
13.994619432836771,34.85,4.55,-0.21
13.996098715811968,34.86,4.55,-0.21
13.997614294290543,34.85,4.55,-0.21
13.999151136726141,34.85,4.55,-0.21
14.000632643699646,34.86,4.55,-0.21
14.002002999186516,34.86,4.55,-0.21
14.003555376082659,34.85,4.55,-0.21
14.004999496042728,34.86,4.55,-0.21
14.006529733538628,34.86,4.55,-0.21
14.007927767932415,34.86,4.56,-0.21
14.009492427110672,34.85,4.55,-0.21
14.010970048606396,34.86,4.56,-0.21
14.012393809854984,34.85,4.56,-0.21
14.013936247676611,34.85,4.55,-0.21
14.015281252563,34.86,4.55,-0.21
14.016818840056658,34.86,4.56,-0.21
14.018380902707577,34.85,4.55,-0.21
14.019780725240707,34.86,4.56,-0.21
14.021329998970032,34.85,4.56,-0.21
14.022749155759811,34.86,4.56,-0.21
14.024069644510746,34.86,4.56,-0.21
14.02573224529624,34.86,4.56,-0.21
14.027025926858187,34.85,4.56,-0.21
14.028725642710924,34.85,4.56,-0.21
14.030198350548744,34.85,4.56,-0.21
14.032969180494547,34.86,4.56,-0.21
14.036084949970245,34.86,4.56,-0.21
14.039066761732101,34.85,4.56,-0.21
14.04204298183322,34.86,4.56,-0.21
14.044982373714447,34.85,4.56,-0.21
14.047958333045244,34.85,4.56,-0.21
14.050907716155052,34.86,4.56,-0.21
14.05386120826006,34.85,4.56,-0.21
14.056827396154404,34.85,4.56,-0.21
14.059771806001663,34.85,4.56,-0.21
14.062744852155447,34.85,4.56,-0.21
14.065698105841875,34.86,4.56,-0.21
14.068660721182823,34.85,4.56,-0.21
14.07163155078888,34.86,4.56,-0.21
14.074498053640127,34.86,4.56,-0.21
14.077467299997807,34.86,4.56,-0.21
14.080376882106066,34.85,4.56,-0.21
14.083369802683592,34.85,4.56,-0.21
14.086400635540485,34.85,4.56,-0.21
14.089355826377869,34.85,4.56,-0.21
14.092144891619682,34.85,4.56,-0.21
14.095242504030466,34.85,4.56,-0.21
14.098075930029154,34.85,4.56,-0.21
14.10119415819645,34.85,4.56,-0.21
14.104068238288164,34.85,4.56,-0.21
14.10712081566453,34.85,4.56,-0.21
14.110067993402481,34.85,4.56,-0.21
14.113020833581686,34.85,4.56,-0.21
14.115841887891293,34.85,4.56,-0.21
14.118703305721283,34.85,4.56,-0.21
14.12041075900197,34.86,4.56,-0.21
14.121894229203463,34.86,4.56,-0.21
14.123369634151459,34.85,4.56,-0.21
14.124783147126436,34.86,4.56,-0.21
14.126314532011747,34.85,4.56,-0.21
14.127816151827574,34.85,4.56,-0.21
14.12928844615817,34.85,4.56,-0.21
14.132249016314745,34.85,4.56,-0.21
14.135192312300205,34.85,4.56,-0.21
14.138159282505512,34.85,4.56,-0.21
14.139636002480984,34.86,4.56,-0.21
14.141119994223118,34.86,4.56,-0.21
14.142593450844288,34.85,4.56,-0.21
14.14407803490758,34.85,4.56,-0.21
14.14552577957511,34.86,4.56,-0.21
14.14700097963214,34.85,4.56,-0.21
14.148462191224098,34.86,4.56,-0.21
14.149992000311613,34.86,4.56,-0.21
14.15146803110838,34.86,4.56,-0.21
14.152945637702942,34.85,4.56,-0.21
14.154430720955133,34.85,4.56,-0.21
14.155902031809092,34.85,4.56,-0.21
14.157385017722845,34.85,4.56,-0.21
14.158862978219986,34.86,4.56,-0.21
14.160343624651432,34.85,4.56,-0.21
14.161824841052294,34.85,4.56,-0.21
14.163302317261696,34.85,4.56,-0.21
14.164770983159542,34.86,4.56,-0.21
14.166253302246332,34.86,4.56,-0.21
14.167733658105135,34.85,4.56,-0.21
14.169217500835657,34.85,4.56,-0.21
14.170514106750488,34.85,4.56,-0.21
14.17212015017867,34.85,4.56,-0.21
14.173661276698112,34.85,4.56,-0.21
14.175139218568802,34.85,4.56,-0.21
14.176588412374258,34.85,4.56,-0.21
14.177959740161896,34.86,4.56,-0.21
14.179447438567877,34.86,4.56,-0.21
14.18093366548419,34.86,4.56,-0.21
14.182501077651978,34.85,4.56,-0.21
14.1838662289083,34.85,4.56,-0.21
14.185356732457876,34.85,4.56,-0.21
14.186843052506447,34.85,4.56,-0.21
14.188341744244099,34.85,4.56,-0.21
14.189906753599644,34.85,4.56,-0.21
14.191411897540092,34.85,4.56,-0.21
14.19288145378232,34.85,4.56,-0.21
14.19431173056364,34.85,4.56,-0.21
14.195811118930578,34.86,4.56,-0.21
14.197323177009821,34.86,4.56,-0.21
14.198585338890553,34.85,4.56,-0.21
14.200256403535604,34.85,4.56,-0.21
14.201755963265896,34.85,4.56,-0.21
14.203206516802311,34.85,4.56,-0.21
14.204693455249071,34.85,4.56,-0.21
14.206194754689932,34.85,4.56,-0.21
14.20758106559515,34.85,4.56,-0.21
14.209150958806276,34.85,4.56,-0.21
14.210616309195757,34.85,4.56,-0.21
14.2120232693851,34.85,4.56,-0.21
14.213572181761265,34.85,4.56,-0.22
14.21505818143487,34.86,4.56,-0.21
14.216541305184364,34.86,4.55,-0.21
14.218014974147081,34.85,4.55,-0.21
14.21940790116787,34.85,4.54,-0.21
14.220911383628845,34.85,4.54,-0.21
14.22241011634469,34.85,4.54,-0.22
14.22393686324358,34.83,4.53,-0.21
14.225368861109018,34.86,4.5,-0.21
14.226888336241245,34.89,4.52,-0.22
14.229757498949766,34.86,4.52,-0.21
14.23279270902276,34.87,4.52,-0.21
14.235743589699268,34.88,4.52,-0.21
14.238538771867752,34.87,4.54,-0.21
14.241685725748539,34.87,4.55,-0.21
14.244637727737427,34.86,4.56,-0.22
14.247474301606417,34.87,4.57,-0.21
14.250538982450962,34.87,4.57,-0.22
14.253492467105389,34.86,4.57,-0.21
14.25639570131898,34.86,4.57,-0.21
14.259423062205315,34.84,4.56,-0.21
14.262311786413193,34.84,4.56,-0.21
14.265227615833282,34.84,4.57,-0.21
14.268314976245165,34.84,4.56,-0.21
14.271266460418701,34.84,4.56,-0.21
14.274217303842306,34.84,4.56,-0.21
14.277022194117308,34.84,4.56,-0.21
14.280083119869232,34.84,4.56,-0.21
14.282870776951313,34.84,4.56,-0.21
14.285888884216547,34.83,4.56,-0.21
14.28890748694539,34.83,4.56,-0.21
14.291929423809052,34.83,4.56,-0.21
14.294801864773035,34.84,4.56,-0.21
14.297863062471151,34.84,4.56,-0.21
14.299362238496542,34.84,4.56,-0.21
14.300738524645567,34.84,4.56,-0.21
14.302217449992895,34.84,4.56,-0.21
14.303738664835691,34.84,4.56,-0.21
14.305243276059628,34.85,4.56,-0.2
14.30674010142684,34.84,4.56,-0.22
14.308222126215696,34.84,4.57,-0.21
14.309625994414091,34.84,4.56,-0.21
14.311138141900301,34.84,4.55,-0.21
14.31265426427126,34.84,4.55,-0.21
14.31414357200265,34.84,4.55,-0.21
14.315585169941187,34.84,4.55,-0.21
14.317021418362856,34.85,4.55,-0.21
14.318513054400682,34.84,4.55,-0.21
14.320049956440926,34.85,4.55,-0.21
14.321523871272802,34.84,4.55,-0.21
14.323021583259106,34.83,4.55,-0.2
14.324502181261778,34.85,4.55,-0.22
14.327452585101128,34.84,4.55,-0.21
14.330399587750435,34.85,4.55,-0.21
14.333356443792582,34.85,4.55,-0.21
14.3362883515656,34.85,4.55,-0.21
14.33922865986824,34.85,4.55,-0.21
14.342193685472012,34.84,4.55,-0.21
14.345159944146872,34.84,4.55,-0.21
14.34798252210021,34.84,4.55,-0.21
14.351090885698795,34.84,4.55,-0.22
14.354076571762562,34.84,4.55,-0.22
14.357000641524792,34.84,4.55,-0.21
14.359959002584219,34.85,4.54,-0.21
14.362856660038233,34.85,4.54,-0.21
14.365881659090519,34.85,4.54,-0.21
14.368689950555563,34.85,4.54,-0.21
14.370189279317856,34.85,4.54,-0.21
14.371825821697712,34.85,4.54,-0.21
14.373135030269623,34.85,4.54,-0.21
14.374771568924189,34.84,4.54,-0.21
14.376117691397667,34.85,4.55,-0.21
14.377738866955042,34.84,4.55,-0.21
14.379203382879496,34.84,4.55,-0.21
14.380684494972229,34.84,4.55,-0.21
14.382038488984108,34.84,4.55,-0.21
14.383650004863739,34.84,4.55,-0.21
14.385012596845627,34.85,4.54,-0.21
14.386611934751272,34.85,4.54,-0.21
14.387968827039003,34.84,4.54,-0.21
14.389538396149874,34.84,4.54,-0.21
14.390931133180857,34.84,4.54,-0.21
14.39243521168828,34.84,4.54,-0.21
14.39388083666563,34.85,4.54,-0.21
14.395369958132505,34.85,4.54,-0.21
14.396842151880264,34.85,4.54,-0.21
14.398413717746735,34.84,4.54,-0.21
