elapsed_time [min],weight [g]
0.6193496249616146,-0.0,21.03
0.6207700595259666,-0.0,15.32
0.6223269253969193,-0.0,16.18
0.6237893141806126,-0.0,21.93
0.6252499297261238,-0.0,22.55
0.6266310997307301,-0.0,21.02
0.6281667239964008,-0.0,21.18
0.6296297088265419,-0.0,22.75
0.6310427263379097,-0.0,20.85
0.6325298324227333,-0.0,19.83
0.6339516341686249,-0.0,18.78
0.6354372911155224,-0.0,14.05
0.6369055807590485,-0.0,11.8
0.6383252441883087,-0.0,8.96
0.6398194096982479,-0.0,9.69
0.6412533260881901,-0.0,9.87
0.6426605209708214,-0.0,9.84
0.6441967003047466,-0.0,9.82
0.6456196308135986,0.0,9.73
0.6470414251089096,-0.0,9.55
0.6485601924359798,-0.0,9.51
0.6500048525631428,0.23,9.45
0.6513883210718632,3.96,9.32
0.6529047749936581,10.41,9.3
0.6543787159025669,14.95,9.21
0.6557489037513733,18.71,9.11
0.6572167724370956,21.36,9.08
0.6586620025336742,23.59,9.02
0.6602001823484898,25.14,8.99
0.6616571508347988,25.88,8.92
0.6631251722574234,27.05,8.85
0.6645906716585159,27.89,8.76
0.6659508533775806,27.37,8.73
0.6674829907715321,25.41,8.7
0.6689048558473587,23.5,8.64
0.6704062186181545,23.6,8.61
0.6718674413859844,23.64,8.58
0.6732892468571663,22.98,8.5
0.674774095416069,21.83,8.51
0.6762423329055309,21.5,8.52
0.6776418052613735,21.29,8.49
0.6791177839040756,21.14,8.44
0.6804632917046547,21.43,8.4
0.6820666939020157,21.93,8.41
0.6834866590797901,22.03,8.42
0.6849421299993992,21.66,8.35
0.6864099390804768,19.13,8.28
0.6878583692014217,12.88,8.28
0.6893520131707191,5.04,8.29
0.6907785944640636,0.61,8.2
0.6921964026987553,-0.03,8.16
0.6936374269425869,-0.0,8.17
0.6950433999300003,-0.0,8.13
0.6965872533619404,-0.0,8.13
0.6980763971805573,-0.0,8.07
0.6994886994361877,-0.0,8.04
0.7009529955685139,-0.0,8.01
0.7023877538740635,-0.0,8.02
0.7038729041814804,-0.0,8.04
0.7053488753736019,-0.0,8.04
0.7067746818065643,-0.0,8.03
0.7082024700939655,-0.0,8.0
0.7096438966691494,-0.0,8.02
0.711064338684082,-0.0,7.99
0.7126429229974747,-0.0,7.9
0.7141163423657417,-0.0,7.88
0.7155042476952076,0.0,7.88
0.7169950976967812,0.53,7.91
0.7184340469539165,4.36,7.92
0.7199410684406757,9.02,7.9
0.7213523872196674,12.9,7.91
0.7227723933756351,16.51,7.91
0.7242311015725136,19.69,7.87
0.7257563509047031,21.66,7.82
0.7272203899919987,22.67,7.74
0.7286689393222332,23.35,7.74
0.7301395088434219,23.88,7.8
0.7315593175590038,24.16,7.82
0.7330155819654465,24.17,7.81
0.7345066927373409,23.56,7.78
0.7359346710145473,23.26,7.81
0.7373853661119938,23.3,7.81
0.7388097532093525,22.57,7.78
0.7402458675205708,21.61,7.72
0.7417963445186615,21.54,7.72
0.7432236522436142,22.07,7.7
0.744646456092596,22.09,7.65
0.7460902705788612,21.87,7.74
0.7475295662879944,21.96,7.68
0.7489499263465405,22.24,7.63
0.7505079805850983,22.84,7.68
0.7519833259284496,22.9,7.63
0.7533509619534016,21.14,7.6
0.7548808641731739,16.9,7.63
0.7563316002488136,10.02,7.61
0.7577993758022785,3.63,7.57
0.7592473402619362,0.35,7.52
0.7606477811932564,-0.03,7.54
0.7621054351329803,-0.0,7.56
0.7634869813919067,-0.0,7.55
0.7650888338685036,-0.0,7.55
0.7665494494140148,-0.0,7.54
0.7679335325956345,-0.0,7.53
0.7694055996835232,-0.0,7.48
0.7708900161087513,-0.0,7.5
0.7723797373473644,-0.0,7.52
0.77382692694664,-0.0,7.48
0.7752605266869068,-0.0,7.5
0.7766741402447224,-0.0,7.53
0.778159711509943,-0.0,6.55
0.7796678282320499,-0.0,-2.5
0.7810891345143318,-0.0,3.0
0.7825822122395039,-0.0,20.32
0.7840246707201004,-0.0,28.58
0.7853887304663658,-0.0,32.75
0.7869460359215736,-0.0,31.53
0.7884021028876305,-0.0,28.15
0.7898218259215355,-0.0,29.45
0.7913175113499165,-0.0,27.83
0.7927745319902897,-0.0,22.51
0.7941017486155033,-0.0,24.34
0.7956691943109035,-0.0,32.25
0.7971292808651924,-0.0,33.92
0.7985100038349628,-0.0,28.13
0.8000155761837959,-0.0,22.38
0.8014981336891651,-0.0,20.21
0.8029585033655167,-0.0,12.87
0.8043783418834209,-0.0,7.91
0.8058268688619137,-0.0,7.56
0.8072177805006504,-0.0,7.58
0.8087926879525185,-0.0,7.64
0.8102403432130814,-0.0,7.68
0.8117025531828403,-0.0,7.68
0.8131652548909187,-0.0,7.62
0.8146193847060204,-0.0,7.6
0.8160823099315166,-0.0,7.59
0.8175289705395699,-0.0,7.55
0.818985179066658,-0.0,7.5
0.8204451948404312,-0.0,7.48
0.8217999935150146,-0.0,7.43
0.8233366385102272,-0.0,6.93
0.8248210437595844,-0.0,6.32
0.8262406922876835,-0.0,5.83
0.8277206271886826,-0.0,5.58
0.8291726186871529,-0.0,5.61
0.830641146749258,-0.0,5.7
0.8321072645485401,-0.0,5.81
0.8335304670035839,-0.0,6.73
0.8349571861326694,0.0,8.02
0.8364132158458233,0.0,8.28
0.8378934860229492,0.0,8.19
0.8393810503184795,0.01,8.34
0.8408233188092709,0.01,8.3
0.8422412946820259,0.0,6.8
0.8437537252902985,-0.0,5.26
0.8451896570622921,-0.01,4.27
0.8466069996356964,-0.01,4.08
0.8481149934232235,-0.02,6.47
0.8495305515825748,-0.02,8.53
0.8509963937103748,-0.02,8.9
0.8523807190358639,-0.01,9.22
0.853949498385191,0.02,9.23
0.855396781116724,0.47,9.26
0.8568625263869762,1.38,9.11
0.8582464940845966,2.33,9.11
0.859712291508913,3.97,9.43
0.8611479997634888,5.1,9.13
0.862690731883049,4.96,8.66
0.8641120754182339,4.85,8.54
0.8656023740768433,4.83,8.55
0.8669998683035374,4.44,8.5
0.8684923015534878,4.31,8.59
0.8699502125382423,4.26,8.62
0.8713978379964828,4.12,8.41
0.8728625737130642,4.05,8.13
0.8742734901607037,4.17,7.75
0.8757795207202435,4.21,7.38
0.8771832175552845,3.78,7.35
0.8786885291337967,2.95,7.19
0.8801435083150864,2.37,6.54
0.8816054873168468,2.02,5.12
0.8829860836267471,0.82,4.42
0.8845236599445343,0.02,4.39
0.8859748244285583,-0.02,4.25
0.8874333389103413,-0.02,3.64
0.8888610377907753,-0.02,3.1
0.8902801908552647,-0.01,3.68
0.8916891254484653,-0.01,4.61
0.8932689391076565,-0.01,5.15
0.8947207741439342,-0.01,5.27
0.8961778245866299,-0.01,5.5
0.8976348266005516,-0.01,5.9
0.8990911208093166,-0.01,6.02
0.9005425460636616,-0.01,5.94
0.9019998349249363,-0.01,5.93
0.9033984281122684,-0.01,5.93
0.9048775546252728,-0.01,5.88
0.9063186980783939,-0.01,5.86
0.9078356362879276,-0.01,5.86
0.9092782363295555,-0.01,5.91
0.9107238203287125,-0.01,5.94
0.9121733605861664,-0.01,5.87
0.9136564433574677,-0.01,5.78
0.9149848781526089,-0.01,5.76
0.9165534414350986,-0.01,5.76
0.918008241802454,-0.01,5.8
0.9194094799458981,-0.01,5.79
0.9208528622984886,-0.01,5.8
0.9223976582288742,-0.01,5.81
0.9238490052521229,-0.01,5.83
0.9253038614988327,-0.0,5.78
0.926717184484005,-0.0,5.7
0.9282295256853104,-0.0,5.7
0.9296748600900173,-0.0,5.77
0.9311376549303532,-0.0,5.76
0.9325971119105816,-0.0,5.71
0.9340230859816074,-0.01,5.68
0.9355185888707638,-0.01,5.69
0.9368861354887486,-0.01,5.63
0.9384268932044506,-0.0,5.62
0.9398790337145329,-0.0,5.69
0.9413066692650318,-0.0,5.72
0.942719142884016,-0.0,5.69
0.9442527592182159,-0.0,5.62
0.9457134231925011,-0.0,5.63
0.9471630603075027,-0.0,5.71
0.9486070983111858,-0.0,5.68
0.9500729069113731,-0.0,5.64
0.9515353813767433,-0.0,5.6
0.9529959745705128,-0.0,5.58
0.9544539675116539,-0.0,5.55
0.9559157527983189,-0.0,5.57
0.9573515988886356,-0.0,5.61
0.9586915746331215,-0.0,5.66
0.9602410867810249,-0.0,5.65
0.9617168493568897,-0.0,5.7
0.9631713852286339,-0.0,5.65
0.9645629040896893,-0.0,5.61
0.9659790247678757,-0.0,5.65
0.9675649888813496,-0.0,5.59
0.9690066836774349,-0.0,5.59
0.9704640284180641,-0.0,5.62
0.9718490615487099,-0.0,5.65
0.9733792021870613,-0.0,5.66
0.9748441614210606,-0.0,5.65
0.9763065092265606,-0.0,5.64
0.9777434132993221,-0.0,5.64
0.9791391789913177,-0.0,5.66
0.9806294068694115,-0.0,5.65
0.9821241311728954,-0.0,5.64
0.9835855253040791,-0.0,5.62
0.9850037358701229,-0.0,5.62
0.9864975400269032,-0.0,5.57
0.9879581891000271,-0.0,5.53
0.9894038513302803,-0.0,5.57
0.9908713810145855,-0.0,5.5
0.9923274256289005,-0.0,5.48
0.9937803260982037,-0.0,5.5
0.995239220559597,-0.0,5.51
0.9966945126652718,-0.0,5.53
0.9981601983308792,-0.0,5.53
0.9996028169989586,-0.0,5.54
1.0010706596076488,-0.0,5.57
1.0025343038141727,-0.0,5.48
1.0038839131593704,-0.0,5.5
1.0054356530308723,-0.0,5.5
1.0068954899907112,-0.0,5.46
1.0083133317530155,-0.0,5.48
1.0097512304782867,-0.0,5.5
1.011266928166151,-0.0,5.54
1.012581255286932,-0.0,5.5
1.0141583234071732,-0.0,5.45
1.0155806504189968,-0.0,5.49
1.0170873440802097,-0.0,5.5
1.018480371683836,-0.0,5.5
1.0200169309973717,-0.0,5.49
1.0214487165212631,-0.0,5.41
1.0229247510433197,-0.0,5.41
1.0242947489023209,-0.0,5.44
1.0257814899086952,-0.0,5.39
1.0272542126476765,-0.0,5.41
1.0287453345954418,-0.0,5.4
1.03016247600317,-0.0,5.38
1.0316677130758762,-0.0,5.35
1.0330429077148438,-0.0,5.34
1.0344544723629951,-0.0,5.36
1.0360302738845348,-0.0,5.42
1.0374778620898724,-0.0,5.43
1.0388734675943851,-0.0,5.35
1.0404074676334858,-0.0,5.33
1.041807685047388,-0.0,5.38
1.043317299336195,-0.0,5.4
1.0447686538100243,-0.0,5.36
1.046160463243723,0.0,5.3
1.047693394124508,-0.0,5.33
1.0491507537662983,-0.0,5.34
1.050601802766323,0.0,5.37
1.0520616248250008,0.0,5.37
1.0534783639013767,0.0,5.33
1.0549745932221413,0.0,5.33
1.0563477836549282,0.0,5.35
1.0578906685113907,0.0,5.33
1.0593204461038113,0.0,5.4
1.0607814155519009,0.0,5.4
1.0621622987091541,0.0,5.34
1.0636907294392586,0.0,5.33
1.065161231905222,0.0,5.33
1.0666087493300438,0.0,5.3
1.068076491355896,0.0,5.31
1.069476805627346,0.0,5.34
1.070948738604784,0.0,5.34
1.072449054569006,0.0,5.36
1.0739085115492344,0.0,5.39
1.0753342919051647,0.0,5.31
1.0768274888396263,0.0,5.25
1.078247394412756,0.0,5.29
1.0796161703765392,0.0,5.38
1.081184383481741,0.0,5.45
1.082643035799265,0.0,5.41
1.0840471051633358,0.0,5.41
1.0855287685990334,0.01,5.43
1.0870137810707092,0.0,5.31
1.0884741060435772,0.0,5.32
1.0899275317788124,0.0,5.36
1.0913925729691982,0.0,5.32
1.0928305387496948,0.0,5.34
1.0942972116172314,0.0,5.29
1.095762923359871,0.0,5.3
1.0972128063440323,0.0,5.31
1.0986473634839058,0.0,5.31
1.1001288667321205,0.0,5.29
1.101485412567854,-0.0,5.31
1.1030484288930893,-0.0,5.3
1.1044746786355972,0.0,5.33
1.1058967970311642,0.0,5.31
1.1074229255318642,0.0,5.28
1.1088595427572727,0.0,5.35
1.1103398837149143,0.0,5.35
1.1117942407727242,0.0,5.29
1.113248597830534,0.0,5.26
1.1146448962390423,0.0,5.28
1.1161509603261948,0.0,5.34
1.1176131144165993,0.0,5.33
1.1190566048026085,0.0,5.26
1.1205280683934689,0.0,5.26
1.121899925172329,0.0,5.28
1.1234128847718239,0.0,5.29
1.1248254925012589,0.0,5.3
1.1263435930013657,0.0,5.31
1.1277900710701942,0.0,5.29
1.1292140819132328,-0.0,5.25
1.1307321600615978,0.0,5.24
1.132059995085001,0.0,5.23
1.1336367204785347,0.0,5.25
1.1350931003689766,0.0,5.25
1.1364710666239262,0.0,5.24
1.137898776680231,0.0,5.28
1.139466281980276,0.0,5.24
1.14091906696558,0.0,5.22
1.1423814967274666,0.0,5.22
1.1438445746898651,0.0,5.2
1.1452269107103348,0.0,5.19
1.146746639162302,0.0,5.27
1.1482057459652424,0.0,5.3
1.1496336720883846,0.0,5.23
1.1511197835206985,0.0,5.21
1.1525835059583187,0.0,5.19
1.1539215184748173,0.0,5.18
1.1554995141923428,0.0,5.18
1.1569157838821411,0.0,5.22
1.158405788242817,0.0,5.25
1.1597985252738,0.0,5.26
1.161326203495264,0.0,5.25
1.162784617394209,0.0,5.22
1.1642316170036793,0.0,5.24
1.1656568795442581,0.0,5.25
1.1670759953558445,0.0,5.21
1.168503675609827,0.0,5.18
1.169941484928131,0.0,5.21
1.1715180315077305,0.0,5.19
1.172919750213623,0.0,5.19
1.1743799932301044,0.0,5.18
1.1757933124899864,0.0,5.13
1.1772810369729996,0.0,5.1
1.178801629692316,0.0,5.1
1.180256750434637,0.0,5.15
1.181714303791523,0.0,5.15
1.1830886080861092,0.0,5.17
1.1845069155097008,0.0,5.19
1.186072926968336,0.0,5.16
1.187544871121645,0.0,5.15
1.1890045665204525,0.0,5.13
1.1903401091694832,0.0,5.13
1.1918944232165813,0.0,5.15
1.1933700256049633,0.0,5.13
1.19481735303998,0.0,5.14
1.1962827555835247,0.0,5.15
1.1976672895252705,0.0,5.14
1.1990885213017464,0.0,5.16
1.200657207518816,0.0,5.12
1.202111043035984,0.0,5.08
1.2034992352128029,0.0,5.07
1.2050231844186783,0.0,5.1
1.2064789608120918,0.0,5.08
1.2079416289925575,0.0,5.09
1.2093661464750767,0.0,5.11
1.2107837051153183,0.0,5.13
1.2122481428086758,0.0,5.06
1.2137730233371258,0.0,4.98
1.2151915580034256,0.0,4.93
1.2166975401341915,0.0,4.97
1.218125943094492,0.0,5.02
1.2195366844534874,0.0,5.03
1.2210150472819805,0.0,5.09
1.2225060909986496,0.0,5.08
1.2239451222121716,0.0,5.1
1.2254201956093311,0.0,5.07
1.2268998175859451,0.0,5.02
1.2283373810350895,0.0,5.06
1.229799922555685,0.0,5.05
1.2312344536185265,0.0,5.05
1.2326829060912132,0.0,5.06
1.2341298498213291,0.0,5.01
1.2355949878692627,0.0,5.0
1.2370824441313744,0.0,5.06
1.2385281287133694,0.0,5.1
1.2399554327130318,0.0,5.09
1.241429127752781,0.0,5.09
1.2428231090307236,0.0,5.09
1.2443667016923428,0.0,5.0
1.2458124943077564,0.0,5.05
1.247229129076004,0.0,5.13
1.2487160339951515,0.0,5.03
1.25016376003623,0.0,5.05
1.2515026740729809,0.0,5.1
1.2531029917299747,0.0,5.04
1.254557978361845,0.0,5.08
1.256010614335537,0.0,5.08
1.257393877953291,0.0,5.05
1.2588556557893753,0.0,4.99
1.2603868879377842,0.0,5.05
1.2618407271802425,0.0,5.07
1.26328644156456,0.0,5.01
1.2647252194583416,0.0,5.05
1.26621800288558,0.0,5.08
1.2676350437104702,0.0,5.09
1.2691248208284378,0.0,5.04
1.2705543749034405,0.0,5.09
1.2720407247543335,0.0,5.07
1.2734067551791668,0.0,5.0
1.2748667560517788,0.0,5.03
1.2764169983565807,0.0,5.02
1.277845747768879,0.0,5.06
1.2792330421507359,0.0,5.07
1.2806889154016972,0.0,5.05
1.2822349071502686,0.0,5.02
1.283683191984892,0.0,4.95
1.2851426489651203,0.0,4.97
1.2865231335163116,0.0,5.0
1.288066815584898,0.0,5.0
1.2895032614469528,0.0,4.99
1.290969479829073,0.0,5.01
1.2924284897744656,0.0,5.01
1.2938880696892738,0.0,5.05
1.2953434996306896,0.0,5.04
1.2966850213706493,0.0,5.02
1.2982608564198017,0.0,5.01
1.299711737781763,0.0,4.97
1.3011675775051117,0.0,4.93
1.3026292063295841,0.0,4.95
1.3040517792105675,0.0,4.99
1.305545311421156,0.0,4.98
1.3069661259651184,0.0,4.94
1.308387953788042,0.0,4.92
1.3098420351743698,0.0,4.9
1.311265055090189,0.0,4.9
1.312818069010973,0.0,5.01
1.3142603896558285,0.0,4.98
1.3157324939966202,0.0,4.91
1.3171818815171719,0.0,4.9
1.3187451511621475,0.0,4.91
1.320079330354929,0.0,4.94
1.3215437904000282,0.0,4.94
1.3230068497359753,0.0,4.97
1.324396401643753,0.0,4.99
1.3259344138205051,0.0,4.92
1.3272329978644848,0.0,4.86
1.328838624060154,0.0,4.9
1.3302714861929417,0.0,4.9
1.3317206278443336,0.0,4.91
1.3331390991806984,0.0,4.88
1.3346615247428417,0.0,4.91
1.3361228965222836,0.0,4.94
1.3375820107758045,0.0,4.9
1.3390447907149792,0.0,4.91
1.3405075781047344,0.0,4.94
1.3418938107788563,0.0,4.94
1.3434145711362362,0.0,4.94
1.3448390252888203,0.0,4.9
1.3463295735418797,0.0,4.96
1.3477777689695358,0.0,4.94
1.3491425849497318,-0.0,4.93
1.3507039360702038,0.0,4.94
1.3521222025156021,0.0,4.93
1.3535837642848492,0.0,4.94
1.355026040226221,0.0,4.93
1.3565327152609825,0.0,4.9
1.357989989221096,0.0,4.88
1.3594295233488083,0.0,4.88
1.3608926311135292,0.0,4.88
1.3622964173555374,0.0,4.93
1.3637184537947178,0.0,4.87
1.3652446083724499,0.0,4.88
1.36670508608222,0.0,4.95
1.3681612014770508,0.0,4.97
1.3695483393967152,0.0,4.96
1.3710989654064178,0.0,4.92
1.37248470261693,0.0,4.88
1.373987603932619,-0.0,4.92
1.3754410222172737,0.0,4.94
1.3769237846136093,0.0,4.96
1.378312673419714,0.0,5.0
1.3798338882625103,0.0,5.0
1.3812823668122292,0.0,4.96
1.3827370591461658,0.0,4.95
1.3841627202928066,-0.0,4.97
1.3856655769050121,-0.0,5.03
1.3871088065207005,0.0,5.06
1.3885697163641453,0.0,5.07
1.3900365866720676,0.0,5.09
1.3914559036493301,0.0,5.13
1.3929177671670914,0.0,5.1
1.3942931853234768,0.0,5.07
1.3958729952573776,0.0,5.05
1.3973240032792091,0.0,5.08
1.3987300992012024,0.0,5.12
1.4002182893455029,-0.0,5.18
1.4016354642808437,0.0,5.24
1.4031452275812626,0.0,5.23
1.4046027958393097,0.0,5.27
1.4060552008450031,-0.0,5.24
1.4074881561100483,-0.0,5.2
1.4088864363729954,0.0,5.21
1.410436950623989,0.0,5.21
1.4118633680045605,0.0,5.24
1.413343358784914,-0.0,5.3
1.4147040136158466,0.0,5.32
1.4162589982151985,0.0,5.31
1.4177254810929298,-0.0,5.35
1.4191678874194622,0.0,5.4
1.4205837547779083,0.0,5.38
1.4220300912857056,0.0,5.41
1.4235440641641617,0.0,5.41
1.4249495044350624,-0.0,5.37
1.4264678061008453,-0.0,5.42
1.427897848188877,0.0,5.51
1.4293097518384457,0.0,5.55
1.4307694099843502,0.0,5.53
1.4322461560368538,-0.0,5.49
1.433726403862238,-0.0,5.53
1.4351876974105835,-0.0,5.53
1.4368168115615845,-0.0,5.53
1.4383865110576153,-0.0,5.55
1.4395398199558258,-0.0,5.58
1.4410167001187801,-0.0,5.59
1.4424378238618374,0.0,5.63
1.4438603781163692,0.0,5.59
1.4454137198626995,0.0,5.6
1.4467414766550064,0.0,5.6
1.4483039677143097,0.0,5.6
1.4497726894915104,-0.0,5.64
1.451189961284399,-0.0,5.71
1.4526097513735294,-0.0,5.69
1.4541023559868336,0.0,5.66
1.4555910304188728,-0.0,5.66
1.4570151008665562,-0.0,5.64
1.4584967829287052,0.0,5.68
1.459861148148775,0.0,5.72
1.4613764025270939,-0.0,5.71
1.4627719148993492,-0.0,5.71
1.464330282062292,-0.0,5.71
1.465728908777237,-0.0,5.73
1.4671825058758259,-0.0,5.75
1.4686969108879566,-0.0,5.73
1.4701578915119171,-0.0,5.73
1.4715975373983383,0.0,5.78
1.4730172380805016,0.0,5.83
1.4744923822581768,-0.0,5.8
1.4759117178618908,-0.0,5.82
1.4773867838084698,-0.0,5.82
1.4788841307163239,0.0,5.87
1.4803160801529884,0.0,5.85
1.4817810729146004,-0.0,5.85
1.4831870272755623,-0.0,5.86
1.4847170189023018,0.0,5.89
1.4861691370606422,-0.0,5.91
1.4876402392983437,-0.0,5.87
1.4890894554555416,-0.0,5.9
1.4905218593776226,-0.0,5.89
1.4919664114713669,-0.0,5.93
1.4934626892209053,-0.0,5.98
1.4949134290218353,-0.0,5.92
1.4963756203651428,-0.0,5.99
1.497805330902338,-0.0,6.04
1.4993016459047794,-0.0,6.02
1.5007487535476685,-0.0,6.03
1.5022027641534805,-0.0,6.06
1.5036607645452023,-0.0,6.11
1.5050977431237698,-0.0,6.08
1.5065467804670334,-0.0,6.13
1.508017286658287,-0.0,6.14
1.5094590038061142,-0.0,6.13
1.5109292231500149,-0.0,6.11
1.5123081840574741,-0.0,6.11
1.5137640126049519,-0.0,6.2
1.5153214521706104,-0.0,6.2
1.516780473291874,-0.0,6.23
1.5182013735175133,-0.0,6.23
1.5196639858186245,-0.0,6.2
1.521019421517849,-0.0,6.11
1.522580161690712,-0.0,6.14
1.5240661688148975,-0.0,6.17
1.525465365499258,-0.0,6.15
1.5269289091229439,-0.0,6.19
1.5283695496618748,-0.0,6.2
1.5298134125769138,-0.0,6.23
1.5313322395086288,-0.0,6.25
1.5327891670167446,-0.0,6.19
1.534215435385704,-0.0,6.16
1.5357028916478157,-0.0,6.19
1.5370922274887562,-0.0,6.2
1.5386249646544456,-0.0,6.2
1.540082886815071,-0.0,6.26
1.5415400713682175,-0.0,6.22
1.542966689914465,-0.0,6.21
1.5444260314106941,-0.0,6.23
1.545907024294138,-0.0,6.28
1.5473570674657822,-0.0,6.23
1.5487838611006737,-0.0,6.22
1.550210401415825,-0.0,6.26
1.5517380870878696,-0.0,6.22
1.553195659071207,-0.0,6.23
1.5546484924852848,-0.0,6.27
1.55604238063097,-0.0,6.25
1.5578985959291458,-0.0,6.22
1.5592435002326965,-0.0,6.25
1.560477390885353,-0.0,6.31
1.5619099512696266,-0.0,6.28
1.5633834637701511,-0.0,6.24
1.564828272908926,-0.0,6.26
1.5663077421486378,-0.0,6.26
1.567663311958313,-0.0,6.26
1.5692270621657372,-0.01,6.23
1.570622842758894,-0.0,6.2
1.5720722451806068,-0.0,6.23
1.5735058598220348,-0.0,6.24
1.575046382844448,-0.0,6.32
1.576506856828928,-0.01,6.31
1.5779434479773045,-0.0,6.23
1.5794227682054043,-0.01,6.22
1.5807792320847511,-0.0,6.25
1.582222804427147,-0.0,6.23
1.5837756991386414,-0.01,6.23
1.5852405428886414,-0.0,6.19
1.5866199918091297,-0.0,6.16
1.58804078027606,-0.01,6.17
1.5896183513104916,-0.01,6.24
1.5910617113113403,-0.01,6.31
1.5925209783017635,-0.01,6.28
1.5939519740641117,-0.01,6.21
1.5954451598227024,-0.01,6.23
1.5970087498426437,-0.01,6.24
1.5983560234308243,-0.01,6.28
1.5997923165559769,-0.01,6.28
1.6011979058384895,-0.01,6.25
1.6027276664972305,-0.01,6.25
1.6041704006493092,-0.01,6.26
1.6055128648877144,-0.01,6.26
1.6071019358932972,-0.01,6.3
1.6085539497435093,-0.01,6.27
1.6100100949406624,-0.01,6.26
1.611460566520691,-0.01,6.27
1.6129054576158524,-0.01,6.31
1.6143545284867287,-0.01,6.3
1.6157746203243732,-0.01,6.21
1.6172965541481972,-0.01,6.21
1.6186658143997192,-0.01,6.3
1.6201799549162388,-0.01,6.33
1.6216390877962112,-0.01,6.27
1.6231187283992767,-0.01,6.29
1.6245651878416538,-0.01,6.37
1.6260385550558567,-0.01,6.35
1.627367116510868,-0.01,6.29
1.628954067826271,-0.01,6.24
1.630356416106224,-0.01,6.29
1.6318625025451183,-0.01,6.32
1.6332817822694778,-0.01,6.25
1.6346215642988682,-0.01,6.29
1.6362341418862343,-0.01,6.34
1.6376734115183353,-0.01,6.33
1.6391475908458233,-0.01,6.36
1.6405888870358467,-0.01,6.35
1.6420590989291668,-0.01,6.36
1.6435243710875511,-0.01,6.39
1.6449747569859028,-0.01,6.38
1.646356713026762,-0.01,6.33
1.6477964632213116,-0.01,6.35
1.6492405273020267,-0.01,6.33
1.6507948227226734,-0.01,6.33
1.6522245481610298,-0.01,6.35
1.6537087000906467,-0.01,6.43
1.6551376767456532,-0.01,6.42
1.6566283516585827,-0.01,6.38
1.6580896712839603,-0.01,6.45
1.6595458053052425,-0.01,6.43
1.660964522510767,-0.01,6.36
1.6624184660613537,-0.01,6.36
1.6639134362339973,-0.01,6.38
1.6653530858457088,-0.01,6.38
1.666823871433735,-0.01,6.43
1.6682910211384296,-0.01,6.5
1.6696949116885662,-0.01,6.51
1.6711039878427982,-0.01,6.49
1.6726359501481056,-0.01,6.45
1.6741092018783092,-0.01,6.53
1.6755459047853947,-0.01,6.55
1.6770201809704304,-0.01,6.5
1.6783563531935215,-0.01,6.44
1.6799373216927052,-0.01,6.43
1.6813789829611778,-0.01,6.46
1.6828521974384785,-0.01,6.47
1.684285320341587,-0.01,6.46
1.685756266117096,-0.01,6.49
1.6872015669941902,-0.01,6.52
1.6886718235909939,-0.01,6.53
1.6901350878179073,-0.01,6.52
1.6915697827935219,-0.01,6.52
1.6930493488907814,-0.01,6.5
1.6945065557956696,-0.01,6.54
1.695954442024231,-0.01,6.53
1.6974089927971363,-0.01,6.55
1.698873646557331,-0.01,6.54
1.7002206780016422,-0.01,6.54
1.701684009283781,-0.01,6.5
1.7032446712255478,-0.01,6.49
1.7046638578176498,-0.01,6.53
1.706149872392416,-0.01,6.53
1.7075095884501934,-0.01,6.56
1.7090652361512184,-0.01,6.59
1.7103523761034012,-0.01,6.58
1.7119762673974037,-0.01,6.56
1.7134467996656895,-0.01,6.57
1.7148333936929703,-0.01,6.58
1.7162924632430077,-0.01,6.58
1.717818170785904,-0.01,6.55
1.719244111329317,-0.01,6.57
1.7207025960087776,-0.01,6.59
1.7221857272088528,-0.01,6.58
1.723617721349001,-0.01,6.56
1.7250710017979145,-0.01,6.59
1.7265348061919212,-0.01,6.62
1.7280071675777435,-0.01,6.61
1.729468323290348,-0.01,6.59
1.730926524847746,-0.01,6.59
1.7322845943272114,-0.01,6.63
1.7338417172431946,-0.01,6.64
1.7352437227964401,-0.01,6.6
1.7367162592709064,-0.01,6.58
1.738201666623354,-0.01,6.58
1.7396141439676285,-0.01,6.65
1.741109348833561,-0.01,6.7
1.7425554767251015,-0.01,6.7
1.7440194301307201,-0.01,6.64
1.7454800754785538,-0.01,6.62
1.746831115335226,-0.01,6.64
1.7484102919697762,-0.01,6.66
1.7498599141836166,-0.01,6.65
1.7512758374214172,-0.01,6.73
1.7527688927948475,-0.01,6.79
1.7542350925505161,-0.01,6.73
1.755695790052414,-0.01,6.69
1.757150273770094,-0.01,6.67
1.758535485714674,-0.01,6.73
1.7600582540035248,-0.01,6.73
1.7614568322896957,-0.01,6.73
1.7628571018576622,-0.01,6.75
1.7644296884536743,-0.01,6.8
1.7658203691244125,-0.01,6.8
1.7673489041626453,-0.01,6.72
1.7686770968139172,-0.01,6.73
1.770221833139658,-0.01,6.77
1.771693505346775,-0.01,6.77
1.7731121182441711,-0.01,6.76
1.7746290192008018,-0.01,6.76
1.7759807892143726,-0.01,6.77
1.7775434888899326,-0.01,6.81
1.7789991684257984,-0.01,6.79
1.780445620417595,-0.01,6.77
1.7819026708602905,-0.01,6.77
1.7833512984216213,-0.01,6.79
1.7846726216375828,-0.01,6.78
1.78627497702837,-0.01,6.75
1.7877407558262348,-0.01,6.76
1.7891108021140099,-0.01,6.74
1.7906532436609268,-0.01,6.8
1.7919981703162193,-0.01,6.84
1.7935606725513935,-0.01,6.83
1.7950261048972607,-0.01,6.8
1.7963999062776566,-0.01,6.77
1.797823179513216,-0.01,6.78
1.7993879653513432,-0.01,6.79
1.800845481455326,-0.01,6.77
1.8022884279489517,-0.01,6.81
1.8037625886499882,-0.01,6.79
1.8052199110388756,-0.01,6.72
1.8066668286919594,-0.01,6.75
1.808136261999607,-0.01,6.81
1.8095578998327255,-0.01,6.82
1.8110363706946373,-0.01,6.8
1.8125006593763828,-0.01,6.8
1.8139383606612682,-0.01,6.83
1.8154080174863338,-0.01,6.82
1.8168619461357594,-0.01,6.82
1.8183186016976833,-0.01,6.76
1.8197744376957417,-0.01,6.79
1.8212359435856342,-0.01,6.87
1.822625394910574,-0.01,6.92
1.8241576813161373,-0.01,6.88
1.8256156891584396,-0.01,6.88
1.8270654454827309,-0.01,6.91
1.8284989148378372,-0.01,6.86
1.8298223726451397,-0.01,6.86
1.8314232304692268,-0.01,6.93
1.8328492008149624,-0.01,6.88
1.8342680148780346,-0.01,6.88
1.8357789888978004,-0.01,6.85
1.8372687920928001,-0.01,6.85
1.8387175165116787,-0.01,6.82
1.840139552950859,-0.01,6.84
1.841558538377285,-0.01,6.84
1.8430808521807194,-0.01,6.88
1.8445629477500916,-0.01,6.92
1.8460045903921127,-0.01,6.9
1.8474654033780098,-0.01,6.89
1.848848957568407,-0.01,6.87
1.85027689114213,-0.01,6.89
1.851810172200203,-0.01,6.88
1.8532961159944534,-0.01,6.86
1.8547411374747753,-0.01,6.86
1.8561436831951141,-0.01,6.88
1.857620656490326,-0.01,6.86
1.8590315096080303,-0.01,6.89
1.8605828285217285,-0.01,6.9
1.8620363734662533,-0.01,6.89
1.8634899817407131,-0.01,6.89
1.8648523725569248,-0.01,6.95
1.8664058223366737,-0.01,6.92
1.867876347154379,-0.01,6.98
1.8692959398031235,-0.01,6.96
1.8707493729889393,-0.01,6.93
1.8721497878432274,-0.01,6.95
1.8736662082374096,-0.01,6.96
1.875104695558548,-0.01,6.97
1.8765839599072933,-0.01,6.99
1.8780032508075237,-0.01,7.03
1.879474926739931,-0.01,7.06
1.8809178359806538,-0.01,7.01
1.8823312744498253,-0.01,7.03
1.8838707692921162,-0.01,6.99
1.8853297866880894,-0.01,6.98
1.8868038170039654,-0.01,6.95
1.8882566839456558,-0.01,6.88
1.8897158317267895,-0.01,6.94
1.8911761529743671,-0.01,6.97
1.89263004809618,-0.01,7.01
1.8940143398940563,-0.01,6.97
1.895544320344925,-0.01,6.96
1.8969735018908978,-0.01,7.0
1.8984522633254528,-0.01,7.0
1.8998747281730175,-0.01,7.03
1.9013603292405605,-0.01,7.05
1.9027509912848473,-0.01,6.99
1.9042898826301098,-0.01,6.96
1.905738215893507,-0.01,6.96
1.907196968793869,-0.01,6.96
1.9086548686027527,-0.01,7.02
1.9101210944354534,-0.01,7.02
1.9114424474537373,-0.01,7.01
1.9130270928144455,-0.01,7.1
1.9144487343728542,-0.01,7.04
1.9159350581467152,-0.01,7.0
1.917391523718834,-0.01,7.02
1.9187547340989113,-0.01,6.98
1.9202258624136448,-0.01,6.94
1.9217408634722233,-0.01,7.03
1.9232267625629902,-0.01,7.05
1.9246031120419502,-0.01,7.06
1.926145549863577,-0.01,7.02
1.9275865145027637,-0.01,7.01
1.92903758212924,-0.01,7.02
1.9305179715156555,-0.01,6.99
1.9319239370524883,-0.01,7.02
1.9333322159945965,-0.01,7.04
1.9348618537187576,-0.01,7.08
1.9363439790904522,-0.01,7.09
1.9377428255975246,-0.01,7.11
1.9392449669539928,-0.01,7.12
1.9406648501753807,-0.01,7.13
1.9420781396329403,-0.01,7.07
1.9436036944389343,-0.01,7.07
1.9450394064188004,-0.01,7.09
1.946543399244547,-0.01,7.05
1.9479151256382465,-0.01,7.09
1.949427381157875,-0.01,7.01
1.9508963637053967,-0.01,7.07
1.9523366168141365,-0.01,7.09
1.9537473917007446,-0.01,7.12
1.955276571214199,-0.01,7.09
1.9566158130764961,-0.01,7.07
1.9581860154867172,-0.01,7.07
1.959643267095089,-0.01,7.11
1.96103984862566,-0.01,7.02
1.9625602066516876,-0.01,7.01
1.9640130773186684,-0.01,7.06
1.9654760025441647,-0.01,7.11
1.966898761689663,-0.01,7.09
1.9683615118265152,-0.01,7.05
1.9698451608419418,-0.01,7.07
1.971293106675148,-0.01,7.1
1.9727520756423473,-0.0,7.11
1.9742083437740803,-0.0,7.12
1.9756152257323265,-0.01,7.12
1.9770726263523102,-0.0,7.13
1.978486679494381,-0.0,7.06
1.979936484247446,-0.0,7.11
1.9814789667725563,-0.01,7.11
1.9829582907259464,-0.01,7.09
1.984339565038681,-0.01,7.05
1.985867653042078,-0.01,7.07
1.9871770106256008,-0.01,7.11
1.9887612238526344,-0.01,7.11
1.990183588117361,-0.01,7.13
1.9916157573461533,-0.01,7.17
1.993128214031458,-0.01,7.16
1.994455523788929,-0.01,7.12
1.9960551485419273,-0.01,7.14
1.9975012876093388,-0.01,7.15
1.9989360459148884,-0.01,7.14
2.0003339760005474,-0.01,7.1
2.001887522637844,-0.01,7.1
2.003340780735016,-0.01,7.13
2.00480405241251,-0.01,7.1
2.006252121180296,-0.01,7.13
2.0076878778636456,-0.01,7.13
2.009115904569626,-0.01,7.09
2.0106379352509975,-0.01,7.08
2.012076508253813,-0.01,7.13
2.013473153114319,-0.01,7.17
2.0149300321936607,-0.01,7.19
2.016450196504593,-0.01,7.18
2.017919611185789,-0.01,7.16
2.019372470676899,-0.01,7.18
2.020764485001564,-0.01,7.2
2.022282350808382,-0.01,7.19
2.0236875414848328,-0.01,7.22
2.025037497282028,-0.01,7.18
2.0266337394714355,-0.01,7.15
2.0281030759215355,-0.01,7.19
2.0294774807989597,-0.01,7.18
2.030924327671528,-0.01,7.17
2.032470602542162,-0.01,7.17
2.0339384339749813,-0.01,7.16
2.035342175513506,-0.01,7.25
2.036818217486143,-0.01,7.19
2.0382905825972557,-0.01,7.19
2.039609417319298,-0.01,7.2
2.0412071608006954,-0.01,7.22
2.0426727049052715,-0.01,7.15
2.044132612645626,-0.01,7.16
2.045511920005083,-0.01,7.21
2.0470464788377285,-0.01,7.18
2.0484832488000393,-0.01,7.14
2.0499254129827023,-0.01,7.17
2.0513976588845253,-0.01,7.21
2.0528284646570683,-0.01,7.23
2.054314438253641,-0.01,7.22
2.055774763226509,-0.01,7.29
2.0572086200118065,-0.01,7.29
2.058685202151537,-0.01,7.18
2.0601419396698475,-0.01,7.16
2.0614787228405476,-0.01,7.28
2.0630386136472225,-0.01,7.37
2.0645183697342873,-0.01,7.34
2.0659790448844433,-0.01,7.29
2.067411493510008,-0.01,7.33
2.0687674656510353,-0.01,7.35
2.070343781262636,-0.01,7.33
2.071791350841522,-0.01,7.38
2.0732561759650707,-0.01,7.33
2.074628435075283,-0.01,7.3
2.0761531442403793,-0.01,7.34
2.0776356607675552,-0.01,7.45
2.079088531434536,-0.01,7.47
2.0805199295282364,-0.01,7.38
2.0819944739341736,-0.01,7.42
2.0834607034921646,-0.01,7.37
2.084797192364931,-0.01,7.35
2.086370173841715,-0.01,7.44
2.0877930521965027,-0.0,7.45
2.089287556707859,-0.0,7.46
2.0907378159463406,-0.01,7.46
2.0920550525188446,-0.0,7.42
2.09366212785244,-0.01,7.38
2.095111947506666,-0.0,7.44
2.0964991003274918,-0.0,7.48
2.0979604721069336,-0.0,7.49
2.099482800811529,-0.01,7.49
2.1009421572089195,-0.0,7.48
2.1023998595774174,-0.0,7.52
2.1038062050938606,-0.0,7.55
2.1052190475165844,-0.0,7.51
2.106771197170019,-0.0,7.54
2.108231771737337,-0.0,7.56
2.1096604950726032,-0.0,7.6
2.111134722828865,-0.0,7.6
2.112573519349098,-0.0,7.63
2.114015646278858,-0.0,7.62
2.1153690330684185,-0.0,7.57
2.1169703155755997,-0.0,7.53
2.118393138051033,-0.01,7.54
2.1198553778231144,-0.0,7.59
2.1212689131498337,-0.0,7.59
2.1226331368088722,-0.0,7.59
2.124231234192848,-0.0,7.64
2.125704240053892,-0.0,7.66
2.1271152049303055,-0.0,7.69
2.1285675279796124,-0.0,7.7
2.129970096051693,-0.0,7.67
2.1315274573862553,-0.0,7.67
2.1329957023262978,-0.0,7.62
2.1344510056078434,-0.0,7.59
2.1358822397887707,-0.0,7.61
2.137257941067219,-0.0,7.64
2.1388128474354744,-0.0,7.67
2.1402751095592976,-0.0,7.69
2.141732808202505,-0.0,7.7
2.1431135684251785,-0.0,7.69
2.1445005610585213,-0.0,7.66
2.1461008191108704,-0.0,7.61
2.147559154778719,-0.0,7.63
2.1490128859877586,-0.0,7.59
2.1504586301743984,-0.0,7.7
2.1519027054309845,-0.0,7.76
2.1533914543688297,-0.0,7.69
2.1548371389508247,-0.0,7.71
2.15628544613719,-0.0,7.72
2.157699603587389,-0.0,7.71
2.159149080514908,-0.0,7.75
2.1606804318726063,-0.0,7.74
2.1621046997606754,-0.0,7.74
2.163523979485035,-0.0,7.75
2.165059994906187,-0.0,7.74
2.166483838111162,-0.0,7.78
2.1678293719887733,-0.0,7.76
2.1693902611732483,-0.0,7.77
2.170814275741577,-0.0,7.77
2.172322791069746,-0.0,7.74
2.173655990511179,-0.0,7.73
2.1751757003366947,-0.0,7.73
2.17667792737484,-0.0,7.81
2.178098578006029,-0.0,7.78
2.1796052642166615,-0.0,7.77
2.1809424944221973,-0.0,7.8
2.182484544813633,-0.0,7.84
2.1839668303728104,-0.0,7.79
2.1854330748319626,-0.0,7.79
2.186888862401247,-0.0,7.78
2.188299812376499,-0.0,7.82
2.189653966575861,-0.0,7.9
2.191254921257496,-0.0,7.9
2.192719891667366,-0.0,7.86
2.1941589154303074,-0.0,7.81
2.1955486312508583,-0.0,7.81
2.197081819176674,-0.0,7.85
2.198524970561266,-0.0,7.83
2.1999671570956707,-0.0,7.85
2.201455570757389,-0.0,7.86
2.20292729139328,-0.0,7.85
2.2042895294725895,-0.0,7.84
2.2058375738561153,-0.0,7.85
2.2072834447026253,0.0,7.92
2.2087452113628387,0.0,7.85
2.2101810723543167,-0.0,7.85
2.211527306586504,-0.0,7.92
2.2131103686988354,-0.0,7.91
2.2145692110061646,-0.0,7.93
2.21598207578063,-0.0,7.95
2.2174510695040226,-0.0,7.93
2.218932807445526,-0.0,7.96
2.220335725694895,-0.0,7.99
2.22184020280838,-0.0,7.97
2.2232927456498146,0.0,7.98
2.2247317731380463,-0.0,7.96
2.2261575646698475,-0.0,8.0
2.2275786250829697,-0.0,7.97
2.22912784665823,-0.0,8.0
2.2305512093007565,-0.0,8.0
2.2320053428411484,-0.0,8.05
2.2334754168987274,-0.0,8.06
2.2348171807825565,-0.0,8.12
2.236411239951849,-0.0,8.11
2.237842284142971,-0.0,8.09
2.2392571829259396,-0.0,8.1
2.2407175041735172,-0.0,8.13
2.242186728864908,-0.0,8.06
2.243706464767456,-0.0,8.05
2.2451634779572487,-0.0,8.21
2.246557053178549,-0.0,8.13
2.2480691745877266,-0.0,8.09
2.2494364604353905,-0.0,8.11
2.250996634364128,-0.0,8.13
2.2524177841842175,-0.0,8.17
2.253845166414976,-0.0,8.2
2.2553491182625294,-0.0,8.23
2.2568134889006615,-0.0,8.25
2.258129820227623,-0.0,8.24
2.2597068771719933,-0.0,8.21
2.2611683905124664,-0.0,8.28
2.262645684182644,-0.0,8.3
2.263974029570818,-0.0,8.3
2.265551209449768,-0.0,8.31
2.2669984064996243,-0.0,8.36
2.26843823492527,-0.0,8.3
2.269851863384247,-0.0,8.29
2.2712950073182583,0.0,8.31
2.2728106752038,0.0,8.38
2.2742861472070217,-0.0,8.38
2.2757216468453407,-0.0,8.34
2.2771387211978436,0.0,8.35
2.2786650769412518,0.0,8.4
2.279967211186886,0.0,8.44
2.2815748043358326,-0.0,8.45
2.2830376885831356,-0.0,8.46
2.284485127776861,-0.0,8.5
2.285953674465418,0.0,8.51
2.2872991375625134,-0.0,8.49
2.2888613119721413,0.0,8.5
2.2903178073465824,-0.0,8.51
2.2917088828980923,-0.0,8.52
2.2931413166224957,-0.0,8.56
2.294686231762171,0.0,8.51
2.2961539328098297,0.0,8.51
2.2975994348526,0.0,8.58
2.298994228243828,0.0,8.62
2.3005065880715847,0.0,8.61
2.3019832856953144,0.0,8.55
2.303315158933401,-0.0,8.52
2.3048689737915993,-0.0,8.57
2.306333538144827,-0.0,8.62
2.3077482990920544,0.0,8.58
2.3092256374657154,0.0,8.57
2.3105862513184547,0.0,8.6
2.3121550753712654,0.0,8.7
2.31358003243804,-0.0,8.71
2.315031085163355,0.0,8.66
2.3165367655456066,0.0,8.66
2.3179909847676754,0.0,8.68
2.319440510123968,0.0,8.65
2.320902269333601,0.0,8.67
2.3222868479788303,0.0,8.71
2.323734652251005,0.0,8.76
2.325284205377102,0.0,8.77
2.3267311342060566,0.0,8.74
2.328195061534643,0.0,8.74
2.3295948207378387,0.0,8.74
2.3310770615935326,0.0,8.77
2.3324156627058983,0.0,8.82
2.334024403244257,0.0,8.84
2.335438873618841,-0.0,8.87
2.336891792714596,-0.0,8.85
2.338300012052059,-0.0,8.77
2.3398591354489326,-0.0,8.82
2.341306045651436,0.0,8.87
2.342764500528574,-0.0,8.89
2.3442174196243286,-0.0,8.88
2.3455758430063725,-0.0,8.91
2.347082991153002,-0.0,8.91
2.3485974706709385,-0.0,8.87
2.350054509937763,-0.0,8.93
2.3514404334127903,-0.0,9.03
2.352858129888773,-0.0,9.0
2.3544203750789165,-0.0,8.93
2.3558894619345665,-0.0,8.93
2.3573347441852093,-0.0,8.95
2.3587812818586826,-0.0,8.97
2.3602441623806953,-0.0,9.0
2.361639440059662,-0.0,9.06
2.3630327358841896,-0.0,9.05
2.3646161668002605,-0.0,9.08
2.3660794012248516,-0.0,9.08
2.36744898930192,-0.0,9.04
2.368947248905897,-0.0,9.09
2.3704090006649494,-0.01,9.11
2.3719088584184647,-0.01,9.11
2.3733121939003468,-0.01,9.09
2.3747952431440353,-0.01,9.08
2.376273315399885,-0.01,9.09
2.3776058070361614,-0.01,9.1
2.3791805990040302,-0.01,9.09
2.380642842501402,-0.01,9.1
2.3820516504347324,-0.01,9.12
2.3835609033703804,-0.01,9.1
2.385017655789852,-0.01,9.09
2.3864668011665344,-0.01,9.08
2.387889329344034,-0.01,9.12
2.389376476407051,-0.01,9.16
2.3907330706715584,-0.01,9.11
2.3922777958214283,-0.01,9.16
2.3937483429908752,-0.01,9.17
2.3951764591038227,-0.01,9.14
2.3966515958309174,-0.01,9.16
2.3981286101043224,-0.01,9.14
2.3994426019489765,-0.01,9.16
2.401045225560665,-0.01,9.21
2.4024984426796436,-0.01,9.23
2.4039320424199104,-0.01,9.14
2.405333574861288,-0.01,9.18
2.406738568097353,-0.01,9.2
2.4083279073238373,-0.01,9.2
2.4097796492278576,-0.01,9.23
2.411237806081772,-0.01,9.21
2.4126621298491955,-0.01,9.19
2.4141228422522545,-0.01,9.19
2.4155202880501747,-0.01,9.23
2.417039681226015,-0.01,9.26
2.41846739128232,-0.01,9.29
2.4199741072952747,-0.01,9.24
2.421305373311043,-0.01,9.2
2.422774437814951,-0.01,9.18
2.424336478114128,-0.01,9.19
2.4257758483290672,-0.01,9.24
2.4271830916404724,-0.01,9.21
2.428677272051573,-0.01,9.23
2.430017616599798,-0.01,9.2
2.4316368363797665,-0.01,9.23
2.433041788637638,-0.01,9.24
2.434491164982319,-0.01,9.2
2.4359731040894985,-0.01,9.18
2.4374467730522156,-0.01,9.15
2.438922680914402,-0.01,9.18
2.440369050949812,-0.01,9.18
2.4418279230594635,-0.01,9.24
2.44321945682168,-0.01,9.23
2.444688104093075,-0.01,9.18
2.446201428771019,-0.01,9.16
2.4476584531366825,-0.01,9.15
2.4491193927824497,-0.01,9.19
2.450539778918028,-0.01,9.24
2.451886523514986,-0.01,9.21
2.4534899592399597,-0.01,9.18
2.454946119338274,-0.01,9.18
2.4563294239342213,-0.01,9.16
2.457823511213064,-0.01,9.15
2.459225319325924,-0.01,9.19
2.4607783891260624,-0.01,9.2
2.4622141420841217,-0.01,9.19
2.463652826845646,-0.01,9.19
2.465115148574114,-0.01,9.2
2.46649232134223,-0.01,9.2
2.4680137634277344,-0.01,9.2
2.4694900028407574,-0.01,9.15
2.4709613919258118,-0.01,9.18
2.472362883388996,-0.01,9.17
2.4737985730171204,-0.01,9.18
2.475341271609068,-0.01,9.19
2.4767820835113525,-0.01,9.17
2.4782444797456264,-0.01,9.15
2.4796780832111835,-0.01,9.11
2.4811643809080124,-0.01,9.17
2.482576545327902,-0.01,9.19
2.484069027006626,-0.01,9.17
2.4854948930442333,-0.01,9.26
2.486997861415148,-0.01,9.23
2.4883311800658703,-0.01,9.21
2.4897878877818584,-0.01,9.21
2.491355713456869,-0.01,9.21
2.4927752055227757,-0.01,9.2
2.494206663221121,-0.01,9.17
2.4956661835312843,-0.01,9.17
2.497186027467251,-0.01,9.21
2.4986465126276016,-0.01,9.21
2.500073704868555,-0.01,9.22
2.501490369439125,-0.01,9.28
2.503000032156706,-0.01,9.31
2.504426784813404,-0.01,9.23
2.505935490131378,-0.01,9.17
2.507390681654215,-0.01,9.21
2.5088398568332195,-0.01,9.24
2.510234087705612,-0.01,9.26
2.5116272270679474,-0.01,9.22
2.5131330266594887,-0.01,9.18
2.5146478302776814,-0.01,9.18
2.5160809569060802,-0.01,9.13
2.517571683973074,-0.0,9.13
2.519011713564396,-0.01,9.18
2.5203378088772297,-0.0,9.18
2.521947003901005,-0.0,9.29
2.523353647440672,-0.0,9.31
2.5248507484793663,-0.0,9.32
2.5262788087129593,-0.0,9.26
2.5277038104832172,-0.0,9.25
2.529238287359476,-0.01,9.27
2.5306964851915836,-0.0,9.28
2.53206829726696,-0.0,9.28
2.5335697531700134,-0.0,9.28
2.5349791273474693,-0.0,9.32
2.5365109853446484,-0.0,9.35
2.537952221930027,-0.0,9.31
2.5394354164600372,-0.0,9.29
2.5407803021371365,-0.0,9.32
2.5423485450446606,-0.0,9.3
2.543804008513689,-0.0,9.33
2.545261885970831,-0.0,9.36
2.546717345714569,-0.0,9.39
2.54812378436327,-0.0,9.38
2.5496368557214737,-0.0,9.38
2.5510871075093746,-0.0,9.34
2.552547302097082,-0.0,9.3
2.553932398557663,-0.0,9.3
2.555403061211109,-0.0,9.32
2.556842152029276,-0.0,9.35
2.5583821944892406,-0.01,9.35
2.5598350912332535,-0.0,9.37
2.56128903478384,-0.0,9.36
2.562727700918913,-0.0,9.27
2.5641165524721146,-0.0,9.31
2.565669883042574,-0.0,9.39
2.5670954696834087,-0.0,9.35
2.568570848554373,-0.0,9.36
2.5699461363255978,102.22,9.38
2.571442160755396,-0.0,9.44
2.5728102773427963,-0.0,9.45
2.574402693659067,-0.0,9.47
2.5758078172802925,-0.01,9.45
2.5772710666060448,-0.0,9.39
2.578696880489588,-0.0,9.34
2.58013803511858,-0.0,9.34
2.581670593470335,-0.0,9.41
2.583124380558729,-0.0,9.4
2.584597732871771,-0.0,9.42
2.5860578902065754,-0.0,9.4
2.5874423682689667,-0.01,9.38
2.588961184024811,-0.01,9.45
2.590427730232477,-0.0,9.43
2.5918773747980595,-0.0,9.43
2.5932378619909286,-0.01,9.45
2.5946891345083714,-0.01,9.46
2.5962485037744045,-0.01,9.49
2.597693633288145,-0.0,9.46
2.599161069840193,-0.0,9.45
2.600627563893795,-0.0,9.42
2.602008495479822,-0.0,9.44
2.6035334207117558,-0.0,9.48
2.604979168623686,-0.01,9.5
2.606382552534342,-0.01,9.5
2.6078298054635525,-0.01,9.43
2.6093619242310524,-0.0,9.42
2.6108280420303345,-0.0,9.45
2.6122426092624664,-0.0,9.46
2.6136732660233974,-0.0,9.48
2.6151781864464283,-0.0,9.5
2.6165113300085068,-0.0,9.47
2.6181003116071224,-0.0,9.45
2.6195647679269314,-0.0,9.42
2.6210043393075466,-0.0,9.42
2.6224128268659115,-0.0,9.44
2.6238228417932987,-0.01,9.48
2.625226367264986,-0.0,9.52
2.6268428340554237,-0.0,9.53
2.6282446421682835,-0.0,9.53
2.6297488808631897,-0.0,9.51
2.6312173269689083,-0.0,9.55
2.6325608715415,-0.01,9.61
2.634111676365137,-0.0,9.58
2.6355773024260998,-0.0,9.58
2.6369613632559776,-0.0,9.53
2.6384872496128082,-0.0,9.49
2.6398007832467556,-0.0,9.48
2.6414056047797203,-0.0,9.48
2.6428576968610287,-0.0,9.48
2.6443142890930176,-0.0,9.52
2.6457260213792324,-0.0,9.53
2.6470915973186493,-0.0,9.53
2.6486903727054596,-0.0,9.5
2.6501242257654667,-0.0,9.5
2.6515423469245434,-0.0,9.53
2.65306293964386,-0.0,9.57
2.6544337421655655,-0.0,9.55
2.6559883803129196,-0.0,9.48
2.65742651745677,-0.0,9.45
2.6588873751461506,-0.0,9.53
2.66025348380208,-0.0,9.53
2.6618052013218403,-0.0,9.47
2.663269940763712,-0.0,9.47
2.6646920666098595,-0.0,9.51
2.666157763451338,-0.0,9.53
2.66758206859231,-0.0,9.53
2.6689646393060684,-0.0,9.56
2.670540679246187,-0.0,9.54
2.6720005236566067,-0.0,9.56
2.673407204449177,-0.0,9.59
2.674922574311495,-0.0,9.68
2.676276069134474,-0.0,9.6
2.677831992506981,-0.0,9.52
2.679289322346449,-0.0,9.54
2.680726397782564,-0.0,9.56
2.6821199245750904,-0.0,9.6
2.6836647018790245,-0.0,9.62
2.684961821883917,-0.0,9.62
2.6865620277822018,-0.0,9.62
2.6880234964191914,-0.0,9.61
2.6894582249224186,-0.0,9.58
2.690912675112486,-0.0,9.64
2.6922832019627094,-0.0,9.65
2.6938528902828693,-0.0,9.7
2.695309806615114,-0.0,9.73
2.6967139206826687,-0.0,9.71
2.6982271187007427,-0.0,9.67
2.6995909214019775,-0.0,9.68
2.7011398188769817,-0.0,9.68
2.7025990560650826,-0.0,9.66
2.7039885818958282,-0.0,9.66
2.705496169626713,-0.0,9.72
2.7068490497767925,-0.0,9.74
2.708424676209688,-0.0,9.74
2.7098555378615856,-0.0,9.72
2.7113346196711063,-0.0,9.72
2.7127686217427254,-0.0,9.68
2.714195344597101,-0.0,9.77
2.7155369482934475,-0.0,9.82
2.717139571905136,-0.0,9.8
2.718629039824009,-0.0,9.81
2.7200790122151375,-0.0,9.79
2.7214434891939163,-0.0,9.81
2.7228338606655598,-0.0,9.87
2.724437139928341,-0.0,9.86
2.7258998937904835,-0.0,9.84
2.727355442941189,-0.0,9.81
2.72881231456995,-0.0,9.77
2.7301705293357372,-0.0,9.81
2.731730818748474,-0.0,9.84
2.7331415079534054,-0.0,9.89
2.7345596700906754,-0.0,9.91
2.7360925152897835,-0.0,9.87
2.737401884049177,-0.0,9.87
2.7390212304890156,-0.0,9.89
2.740465708076954,-0.0,9.92
2.7418888807296753,-0.0,9.94
2.743314992636442,-0.0,9.88
2.744734849780798,-0.0,9.94
2.746295925229788,-0.0,9.98
2.7477483488619328,-0.0,9.93
2.7492066621780396,-0.0,9.95
2.750562936067581,-0.0,10.0
2.7520843520760536,-0.0,9.95
2.7535806372761726,-0.0,9.97
2.755009390413761,-0.0,9.95
2.7564836218953133,-0.0,10.03
2.757851518690586,-0.0,10.06
2.7592763788998127,-0.0,10.07
2.760864492505789,-0.0,10.06
2.7623075656592846,-0.01,10.07
2.7637587785720825,-0.01,10.04
2.7652310580015182,-0.0,10.09
2.7666795551776886,-0.0,10.14
2.768134742975235,-0.0,10.13
2.7695940993726254,-0.0,10.08
2.7710490189492702,-0.0,10.11
2.7724616527557373,-0.0,10.12
2.7738822288811207,-0.0,10.11
2.7754149064421654,-0.0,10.15
2.776872403919697,-0.0,10.18
2.77832967415452,-0.0,10.19
2.7797803729772568,-0.0,10.25
2.781190402805805,-0.0,10.23
2.7826742380857468,-0.0,10.22
2.7841694690287113,-0.0,10.28
2.785616811364889,-0.01,10.23
2.787070397287607,-0.0,10.22
2.7885320372879505,-0.0,10.24
2.7898616828024387,-0.0,10.24
2.791451219469309,-0.0,10.25
2.792883012443781,-0.01,10.24
2.794308979064226,-0.0,10.24
2.7957521826028824,-0.01,10.26
2.7972814179956913,-0.0,10.32
2.798665788024664,-0.01,10.3
2.8001646623015404,-0.0,10.34
2.8016456738114357,-0.0,10.4
2.8030928149819374,-0.0,10.46
2.804524887353182,-0.0,10.47
2.805976305156946,-0.0,10.46
2.8074712939560413,-0.01,10.47
2.8088814727962017,-0.0,10.5
2.810334261506796,-0.0,10.46
2.81182299926877,-0.01,10.47
2.81314042955637,-0.0,10.49
2.814739890396595,-0.0,10.47
2.8161997459828854,-0.01,10.49
2.8176027983427048,-0.01,10.53
2.819113176316023,-0.01,10.57
2.8205731362104416,-0.0,10.58
2.822031904011965,-0.01,10.53
2.823456186801195,-0.01,10.55
2.8249399214982986,-0.01,10.58
2.8262980841100216,-0.01,10.62
2.827863607555628,-0.01,10.6
2.829319190233946,-0.01,10.64
2.8307462334632874,-0.01,10.67
2.8322282172739506,-0.01,10.63
2.8336799554526806,-0.01,10.65
2.835011512041092,-0.01,10.67
2.8365836292505264,-0.01,10.7
2.838054623454809,-0.0,10.69
2.8395014591515064,-0.0,10.73
2.840906586498022,-0.01,10.75
2.842294868081808,-0.01,10.74
2.843882281333208,-0.01,10.8
2.845324043184519,-0.01,10.84
2.846780989319086,-0.0,10.82
2.8482642397284508,-0.0,10.83
2.849621322005987,-0.01,10.85
2.8511658310890198,-0.0,10.86
2.852606788277626,-0.01,10.9
2.854068111628294,-0.01,10.84
2.8555183857679367,-0.0,10.83
2.856903772801161,-0.01,10.91
2.8583687879145145,-0.01,10.89
2.85989336296916,-0.01,10.92
2.861319877207279,-0.01,10.93
2.862744200974703,-0.0,10.93
2.864249777048826,-0.0,10.97
2.865584034472704,-0.0,11.0
2.8671852611005306,-0.0,10.96
2.868613015860319,-0.0,10.96
2.8700984977185726,-0.0,10.99
2.8714959397912025,-0.0,11.02
2.8729215264320374,-0.0,11.08
2.874479975551367,-0.0,11.11
2.8759223259985447,-0.0,11.15
2.87735341116786,-0.0,11.12
2.8788432218134403,-0.0,11.09
2.8801870718598366,-0.0,11.15
2.8817179538309574,-0.0,11.15
2.8831908777356148,-0.0,11.17
2.884661689400673,-0.0,11.24
2.8861221447587013,-0.0,11.26
2.887556802481413,-0.0,11.18
2.888885274529457,-0.0,11.24
2.890497237443924,-0.0,11.26
2.891924787312746,-0.01,11.24
2.8934074863791466,-0.0,11.24
2.8947804383933544,-0.0,11.26
2.896239500492811,-0.0,11.33
2.8977662213146687,-0.0,11.35
2.8991953879594803,-0.0,11.35
2.9006972052156925,-0.01,11.4
2.902062177658081,-0.0,11.41
2.9036076106131077,-0.0,11.41
2.9050564505159855,-0.01,11.47
2.9065201692283154,-0.01,11.47
2.907980050891638,-0.01,11.43
2.9094350673258305,-0.01,11.51
2.9107444770634174,-0.01,11.54
2.912343356758356,-0.01,11.52
2.9137624129652977,-0.01,11.52
2.915217574685812,-0.01,11.59
2.9166468866169453,-0.01,11.54
2.9181203693151474,-0.01,11.56
2.9196327701210976,-0.01,11.59
2.9210523068904877,-0.01,11.65
2.9225471429526806,-0.01,11.64
2.9239468798041344,-0.01,11.58
2.9254290275275707,-0.01,11.61
2.9268407560884953,-0.01,11.62
2.928370550274849,-0.01,11.66
2.9298036471009254,-0.01,11.66
2.9312910810112953,-0.01,11.67
2.932699739933014,-0.0,11.7
2.9341183118522167,-0.01,11.72
2.9356321059167385,-0.0,11.79
2.9371076971292496,-0.01,11.79
2.9384985454380512,-0.01,11.75
2.939908292144537,-0.01,11.73
2.9414802491664886,-0.01,11.78
2.942926973104477,-0.0,11.85
2.944393079727888,-0.0,11.85
2.945825159549713,-0.01,11.82
2.9472189992666245,-0.01,11.81
2.9487604796886444,-0.01,11.79
2.9502099193632603,-0.01,11.83
2.951637376099825,-0.01,11.87
2.953111197799444,-0.01,11.9
2.9545922689139843,-0.01,11.98
2.9559037685394287,-0.01,11.91
2.957497674971819,-0.01,11.9
2.9589196890592575,-0.01,11.95
2.9604185856878757,-0.01,11.99
2.9618081636726856,-0.01,11.99
2.963334158062935,-0.01,11.92
2.9647898375988007,-0.01,11.89
2.9662317596375942,-0.01,11.97
2.967672683298588,-0.01,12.0
2.969121292233467,-0.01,11.98
2.9705452993512154,-0.01,11.97
2.971902873367071,-0.01,12.03
2.9735234081745148,-0.01,12.04
2.974928181618452,-0.01,12.04
2.976427722722292,-0.01,12.12
2.9777949787676334,-0.01,12.09
2.9793487042188644,-0.01,12.13
2.980790939182043,-0.01,12.16
2.982244946062565,-0.01,12.1
2.9836709834635258,-0.01,12.15
2.9851764887571335,-0.01,12.19
2.9864859245717525,-0.01,12.16
2.988080721348524,-0.01,12.16
2.9895070046186447,-0.01,12.18
2.9909623861312866,-0.01,12.18
2.9924699030816555,-0.01,12.18
2.9938830099999905,-0.01,12.23
2.9953663386404514,-0.01,12.2
2.996806811541319,-0.01,12.27
2.9982915744185448,-0.01,12.29
2.9996364191174507,-0.01,12.29
3.0011649280786514,-0.01,12.27
3.0026706606149673,-0.01,12.35
3.0040772557258606,-0.01,12.4
3.005560513585806,-0.01,12.33
3.0070169791579247,-0.01,12.32
3.0084802880883217,-0.01,12.34
3.0099435672163963,-0.01,12.36
3.0113703198730946,-0.01,12.39
3.0127873606979847,-0.01,12.41
3.014308735728264,-0.01,12.42
3.0157161690294743,-0.01,12.44
3.0170533135533333,-0.01,12.5
3.018671654164791,-0.01,12.48
3.020098313689232,-0.01,12.5
3.021538518369198,-0.01,12.48
3.022973358631134,-0.01,12.43
3.0244959481060505,-0.01,12.43
3.0259509421885014,-0.01,12.51
3.0274053514003754,-0.01,12.59
3.0288623049855232,-0.01,12.52
3.0302546247839928,-0.01,12.55
3.0316342934966087,-0.01,12.6
3.0332353562116623,-0.01,12.6
3.034688986837864,-0.01,12.67
3.0361478962004185,-0.01,12.69
3.037499535828829,-0.01,12.65
3.03905838355422,-0.01,12.68
3.040523625910282,-0.01,12.71
3.0419770628213882,-0.01,12.71
3.0434308759868145,-0.01,12.71
3.0448947958648205,-0.01,12.71
3.0463555939495564,-0.01,12.72
3.0478139631450176,-0.01,12.72
3.049234990030527,-0.01,12.7
3.0506999865174294,-0.01,12.72
3.05218193680048,-0.01,12.72
3.0535034723579884,-0.01,12.78
3.055058166384697,-0.01,12.83
3.0565571673214436,-0.01,12.78
3.057989787310362,-0.01,12.76
3.0594020672142506,-0.01,12.78
3.060915905982256,-0.01,12.76
3.062282271683216,-0.01,12.85
3.063820205628872,-0.01,12.94
3.0652838572859764,-0.01,12.87
3.0667320750653744,-0.01,12.87
3.0682091005146503,-0.01,12.97
3.069610569626093,-0.01,12.94
3.0711066760122776,-0.01,12.9
3.072575006633997,-0.01,12.92
3.073973026126623,-0.01,12.88
3.0754134692251682,-0.01,12.93
3.076828271150589,-0.01,12.97
3.07839697599411,-0.01,12.98
3.07985407859087,-0.01,12.95
3.0812468975782394,-0.01,13.0
3.0827504098415375,-0.01,13.05
3.084084615111351,-0.01,13.03
3.085680589079857,-0.01,13.05
3.0871244110167027,-0.01,13.05
3.0885296314954758,-0.01,13.09
3.090062353760004,-0.01,13.07
3.091446876525879,-0.01,13.04
3.092970672994852,-0.01,13.09
3.0944198183715343,-0.01,13.11
3.0958727970719337,-0.01,13.11
3.0972402691841125,-0.01,13.09
3.098764929920435,-0.01,13.09
3.100169014185667,-0.01,13.13
3.101680714637041,-0.01,13.13
3.1031630374491215,-0.01,13.15
3.10453025624156,-0.01,13.15
3.105947945266962,-0.01,13.14
3.1075183898210526,-0.01,13.16
3.108969271183014,-0.01,13.19
3.1104448325932026,-0.01,13.22
3.1118455827236176,-0.01,13.26
3.1132753491401672,-0.01,13.21
3.11481561884284,-0.01,13.18
3.116256959736347,-0.01,13.22
3.117684129625559,-0.01,13.21
3.1191348806023598,-0.01,13.2
3.120644174516201,-0.01,13.23
3.121999893337488,-0.01,13.27
3.123552642762661,-0.01,13.27
3.1250083670020103,-0.01,13.25
3.1263958364725113,-0.01,13.32
3.1278564110398293,-0.01,13.3
3.1293066516518593,-0.01,13.28
3.1308423914015293,-0.01,13.36
3.1322681792080402,-0.01,13.33
3.133748274296522,-0.01,13.28
3.1351559050381184,-0.01,13.34
3.1365303583443165,-0.01,13.37
3.1381259337067604,-0.01,13.38
3.139554638415575,-0.01,13.44
3.141031362116337,-0.01,13.38
3.14242572709918,-0.01,13.36
3.1439525969326496,-0.01,13.42
3.1453925631940365,-0.01,13.45
3.146846130490303,-0.01,13.46
3.1483114548027515,-0.01,13.42
3.1497830785810947,-0.01,13.44
3.15110170468688,-0.01,13.48
3.15268287435174,-0.01,13.49
3.1541242972016335,-0.01,13.49
3.1555994860827923,-0.01,13.51
3.1570137478411198,-0.01,13.49
3.1585183516144753,-0.01,13.45
3.1598151177167892,-0.01,13.48
3.1614207811653614,-0.02,13.54
3.162889964878559,-0.02,13.51
3.164301224052906,-0.01,13.52
3.165789932012558,-0.01,13.5
3.1672481521964073,-0.01,13.53
3.168710619211197,-0.01,13.59
3.1701597422361374,-0.01,13.62
3.171623859554529,-0.02,13.57
3.1730800420045853,-0.02,13.55
3.1745061054825783,-0.01,13.6
3.175998765975237,-0.01,13.63
3.177459504455328,-0.01,13.59
3.1788809187710285,-0.02,13.61
3.180346366018057,-0.01,13.68
3.1816817708313465,-0.01,13.67
3.183201715350151,-0.02,13.66
3.1847295351326466,-0.02,13.67
3.1861565336585045,-0.02,13.66
3.1875743977725506,-0.02,13.68
3.1889994628727436,-0.01,13.66
3.190572291612625,-0.01,13.72
3.192000135779381,-0.01,13.73
3.1934862695634365,-0.02,13.68
3.1948365680873394,-0.02,13.67
3.196352068334818,-0.02,13.72
3.1977800242602825,-0.02,13.75
3.1992876939475536,-0.02,13.78
3.200728803873062,-0.02,13.77
3.202133420854807,-0.02,13.76
3.2036714032292366,-0.02,13.72
3.204995568841696,-0.02,13.79
3.206571254879236,-0.02,13.85
3.208001084625721,-0.02,13.81
3.2095062285661697,-0.02,13.85
3.210914231836796,-0.02,13.84
3.21241208165884,-0.02,13.88
3.2138646990060806,-0.02,13.87
3.2153161615133286,-0.02,13.85
3.2167064622044563,-0.02,13.85
3.218206401914358,-0.02,13.83
3.21959338337183,-0.02,13.78
3.221152402460575,-0.02,13.82
3.222609180957079,-0.02,13.87
3.224044818431139,-0.02,13.9
3.225518047809601,-0.02,13.86
3.226976905018091,-0.02,13.82
3.228440184146166,-0.02,13.77
3.229866787791252,-0.02,13.83
3.231340926140547,-0.02,13.86
3.2327485233545303,-0.02,13.8
3.2342671304941177,-0.02,13.77
3.235547199845314,-0.02,13.84
3.237176600843668,-0.02,13.88
3.238638821989298,-0.02,13.83
3.2400272749364376,-0.02,13.89
3.241488579660654,-0.02,13.92
3.242847539484501,-0.02,13.88
3.2444419860839844,-0.02,13.89
3.2458629310131073,-0.02,13.89
3.2473786026239395,-0.02,13.91
3.248749192804098,-0.02,13.96
3.250285893678665,-0.02,13.9
3.2517264746129513,-0.02,13.85
3.25320802628994,-0.02,13.88
3.2545830942690372,-0.02,13.87
3.2560695745050907,-0.02,13.89
3.257569771260023,-0.02,13.93
3.259016890078783,-0.02,13.87
3.2604506239295006,-0.02,13.94
3.2619092240929604,-0.02,13.94
3.2633847258985043,-0.02,13.89
3.264832142740488,-0.02,13.9
3.266321185976267,-0.02,13.93
3.2677620239555836,-0.02,13.95
3.2692298255860806,-0.02,13.89
3.270578134804964,-0.02,13.94
3.272085167467594,-0.02,14.0
3.273595407605171,-0.02,14.02
3.275043986737728,-0.02,14.01
3.2764501087367535,-0.02,13.98
3.277953837066889,-0.02,13.97
3.2792831026017666,-0.02,14.01
3.280890140682459,-0.01,14.05
3.2823090590536594,-0.01,14.09
3.2837779000401497,-0.02,14.05
3.28517721965909,-0.02,14.04
3.28657503426075,-0.01,14.09
3.288154799491167,-0.01,14.06
3.289596598595381,-0.01,14.05
3.2910645231604576,-0.02,14.04
3.292468585073948,-0.01,14.08
3.2939673475921154,-0.01,14.13
3.2953464202582836,-0.01,14.13
3.296740520745516,-0.01,14.13
3.2983420342206955,-0.01,14.17
3.299739047884941,-0.01,14.17
3.3012447394430637,-0.01,14.18
3.30257298797369,-0.01,14.2
3.3041236847639084,-0.01,14.15
3.3056190460920334,-0.01,14.12
3.307022612541914,-0.01,14.13
3.3084523268043995,-0.01,14.13
3.3099852204322815,-0.01,14.14
3.3112866654992104,-0.01,14.18
3.3129023388028145,-0.01,14.19
3.314332704991102,-0.01,14.23
3.315733451396227,-0.01,14.22
3.3172631673514843,-0.01,14.27
3.3186911679804325,-0.01,14.33
3.320176873356104,-0.01,14.25
3.321629259735346,-0.01,14.26
3.323090825229883,-0.01,14.3
3.324487391859293,-0.01,14.29
3.3259800337255,-0.01,14.34
3.3274677731096745,-0.01,14.33
3.328919440507889,-0.01,14.31
3.330363728106022,-0.01,14.39
3.331817887723446,-0.01,14.42
3.3332866616547108,-0.01,14.44
3.3347394689917564,-0.01,14.48
3.336204379796982,-0.01,14.45
3.3376607298851013,-0.01,14.42
3.33902395889163,-0.01,14.45
3.340528979897499,-0.01,14.48
3.3418655656278133,-0.01,14.45
3.3434796780347824,-0.01,14.49
3.3449210673570633,-0.01,14.48
3.346365824341774,-0.01,14.47
3.3478579744696617,-0.01,14.44
3.349244274199009,-0.01,14.46
3.3507510274648666,-0.01,14.52
3.3522150926291943,-0.01,14.52
3.3536008447408676,-0.01,14.51
3.355135902762413,-0.01,14.54
3.356600433588028,-0.01,14.53
3.358041178435087,-0.01,14.48
3.359506491571665,-0.01,14.5
3.3608920127153397,-0.01,14.51
3.3624077439308167,-0.01,14.45
3.3638367354869843,-0.01,14.53
3.3653312996029854,-0.01,14.52
3.3667887300252914,-0.01,14.56
3.368176519870758,-0.01,14.6
3.369694657623768,-0.01,14.57
3.3710903972387314,-0.01,14.55
3.372621975839138,-0.01,14.57
3.3740593418478966,-0.01,14.6
3.375505242496729,-0.01,14.64
3.3769959174096584,-0.01,14.68
3.3783694058656693,-0.01,14.64
3.3799079842865467,-0.01,14.64
3.381336733698845,-0.01,14.64
3.3827533274888992,-0.01,14.66
3.3842686861753464,-0.01,14.7
3.3857119642198086,-0.01,14.69
3.387067835777998,-0.01,14.67
3.3886253722012043,-0.01,14.67
3.390093792229891,-0.01,14.69
3.391553856432438,-0.01,14.79
3.393007107079029,-0.01,14.77
3.3944613337516785,-0.01,14.73
3.395932652056217,-0.01,14.71
3.3973757922649384,-0.01,14.7
3.3988331221044064,-0.01,14.77
3.4002323113381863,-0.01,14.77
3.4016604870557785,-0.01,14.76
3.4032041020691395,-0.01,14.79
3.4046399109065533,-0.01,14.76
3.4060878343880177,-0.01,14.76
3.407549627125263,-0.01,14.83
3.409035064280033,-0.01,14.87
3.4103598669171333,-0.01,14.9
3.411915399134159,-0.01,14.88
3.4133377633988857,-0.01,14.87
3.414865404367447,-0.01,14.87
3.416314721107483,-0.01,14.85
3.4177799224853516,-0.01,14.85
3.4192203991115093,-0.01,14.85
3.420685287564993,-0.01,14.86
3.4220559298992157,-0.01,14.9
3.423585571348667,-0.01,14.9
3.425054967403412,-0.01,14.89
3.426492165774107,-0.01,14.93
3.427943889051676,-0.01,14.97
3.429338499903679,-0.01,14.97
3.430879145860672,-0.01,14.97
3.4323398545384407,-0.01,15.02
3.4337820187211037,-0.01,15.01
3.435249902307987,-0.01,15.02
3.436713043600321,-0.01,15.1
3.438091579824686,-0.01,15.13
3.439620044082403,-0.01,15.08
3.441071156412363,-0.01,15.05
3.4424923323094845,-0.01,15.02
3.4439934082329273,-0.01,15.07
3.44536666944623,-0.01,15.08
3.446899004280567,-0.01,15.07
3.448362421244383,-0.01,15.13
3.4497805647552013,-0.01,15.17
3.451260846108198,-0.01,15.09
3.452641859650612,-0.01,15.13
3.4541787803173065,-0.01,15.09
3.455648984760046,-0.01,15.06
3.4570991657674313,-0.01,15.11
3.4585550911724567,-0.01,15.14
3.460006844252348,-0.01,15.13
3.4614569321274757,-0.01,15.14
3.4629370719194412,-0.01,15.19
3.464385662227869,-0.01,15.16
3.465838011354208,-0.01,15.12
3.4672925025224686,-0.01,15.2
3.4686717726290226,-0.01,15.24
3.4701836928725243,-0.01,15.19
3.471660438925028,-0.01,15.16
3.4731024727225304,-0.01,15.17
3.4745813980698586,-0.01,15.22
3.47592868283391,-0.01,15.24
3.4774610102176666,-0.01,15.25
3.47893400862813,-0.01,15.19
3.480386722832918,-0.01,15.26
3.4818364158272743,-0.01,15.25
3.483291745185852,-0.01,15.25
3.4846600890159607,-0.01,15.28
3.4862285032868385,-0.01,15.36
3.4876530952751637,-0.01,15.32
3.4890693984925747,-0.01,15.28
3.490609895437956,-0.01,15.31
3.492064781486988,-0.01,15.27
3.4935159124433994,-0.01,15.25
3.494944777339697,-0.01,15.3
3.496375482529402,-0.02,15.33
3.4978436194360256,-0.02,15.31
3.4992757998406887,-0.02,15.31
3.500810168683529,-0.01,15.35
3.5022228360176086,-0.01,15.4
3.5037092976272106,-0.01,15.43
3.505171697586775,-0.02,15.39
3.5065107606351376,-0.02,15.41
3.5080708414316177,-0.02,15.44
3.509542215615511,-0.02,15.42
3.510995466262102,-0.02,15.4
3.512357387691736,-0.02,15.39
3.513920519500971,-0.02,15.38
3.515335898846388,-0.02,15.4
3.5168203338980675,-0.02,15.44
3.5182254277169704,-0.02,15.46
3.519707281142473,-0.02,15.46
3.5210881382226944,-0.02,15.48
3.522649109363556,-0.02,15.47
3.5241167210042477,-0.02,15.48
3.5255643129348755,-0.02,15.44
3.5270070284605026,-0.02,15.41
3.5283769965171814,-0.02,15.43
3.529813300818205,-0.02,15.5
3.5313844569027424,-0.02,15.53
3.532851878553629,-0.02,15.55
3.5342291556298733,-0.02,15.51
3.5356903411448,-0.02,15.49
3.537212535738945,-0.02,15.49
3.5386724807322025,-0.02,15.46
3.540127109736204,-0.02,15.5
3.5415855199098587,-0.02,15.55
3.542964667081833,-0.02,15.51
3.5444962196052074,-0.02,15.45
3.5459569729864597,-0.02,15.47
3.547412905842066,-0.02,15.51
3.548874009400606,-0.02,15.52
3.550229236483574,-0.02,15.55
3.5517852008342743,-0.02,15.53
3.553149100393057,-0.02,15.62
3.5546766109764576,-0.02,15.63
3.55614797770977,-0.02,15.58
3.5575935281813145,-0.02,15.56
3.5590290427207947,-0.02,15.61
3.5605171397328377,-0.02,15.61
3.5619573928415775,-0.02,15.54
3.563394270837307,-0.02,15.63
3.5648558512330055,-0.02,15.65
3.5663503780961037,-0.02,15.61
3.567747201770544,-0.02,15.6
3.569252733141184,-0.02,15.67
3.570719812065363,-0.02,15.69
3.572181347757578,-0.02,15.69
3.5735617466270924,-0.02,15.68
3.575070310384035,-0.02,15.72
3.576536674052477,-0.02,15.72
3.5779723525047302,-0.02,15.68
3.57945441827178,-0.01,15.7
3.5809029154479504,-0.01,15.77
3.582229468971491,-0.02,15.8
3.5838252417743206,-0.02,15.73
3.585275273770094,-0.02,15.72
3.586669836193323,-0.02,15.7
3.588136237114668,-0.02,15.72
3.589649770408869,-0.01,15.72
3.5911172591149807,-0.01,15.75
3.5925713144242764,-0.01,15.75
3.593964520841837,-0.02,15.78
3.595431886613369,-0.02,15.78
3.5968440026044846,-0.02,15.79
3.598405599594116,-0.02,15.8
3.5998483262956142,-0.02,15.83
3.6012883000075817,-0.01,15.86
3.6027592457830906,-0.01,15.9
3.60413458943367,-0.02,15.85
3.6055305749177933,-0.01,15.85
3.607122827321291,-0.01,15.86
3.6085435785353184,-0.01,15.86
3.609964292496443,-0.01,15.84
3.6114742904901505,-0.01,15.89
3.6129527799785137,-0.02,15.86
3.6144067011773586,-0.01,15.82
3.6158428490161896,-0.01,15.84
3.6173241399228573,-0.01,15.88
3.618758797645569,-0.02,15.84
3.6202316507697105,-0.01,15.92
3.6216969899833202,-0.01,15.92
3.6231257878243923,-0.02,15.82
3.6245985440909863,-0.02,15.82
3.625958025455475,-0.02,15.87
3.62738573551178,-0.02,15.88
3.628945916891098,-0.02,15.93
3.63043449819088,-0.02,15.89
3.6318682096898556,-0.02,15.82
3.6332896649837494,-0.02,15.85
3.6347904801368713,-0.02,15.85
3.6362697891891003,-0.02,15.89
3.6376990750432014,-0.02,15.9
3.639122623950243,-0.02,15.88
3.6406270749866962,-0.02,15.92
3.6420878022909164,-0.02,15.92
3.643494125455618,-0.02,15.91
3.6449864357709885,-0.02,15.97
3.6464543119072914,-0.02,15.99
3.6478311084210873,-0.02,16.0
3.6493366099894047,-0.02,15.96
3.6508221961557865,-0.02,15.94
3.652280278503895,-0.02,16.0
3.6537160985171795,-0.02,15.98
3.6551554016768932,-0.02,15.9
3.6566519737243652,-0.02,15.93
3.6579656340181828,-0.02,15.94
3.6595637015998363,-0.02,16.04
3.6609948091208935,-0.01,16.05
3.6624596305191517,-0.01,16.05
3.6638829931616783,-0.02,16.0
3.6652840338647366,-0.02,16.02
3.6668501310050488,-0.02,15.99
3.668280743062496,-0.02,15.99
3.669701725244522,-0.01,15.96
3.6711228005588055,-0.02,16.02
3.672656375914812,-0.02,16.06
3.6741305477917194,-0.01,16.04
3.6755855418741703,-0.01,16.08
3.6769909001886845,-0.02,16.06
3.6784967370331287,-0.02,16.01
3.6798555813729763,-0.02,16.01
3.6813816092908382,-0.01,16.02
3.6828523464500904,-0.01,16.04
3.684320952743292,-0.01,15.99
3.685778021812439,-0.01,16.05
3.687176186591387,-0.01,16.1
3.688539296388626,-0.01,16.12
3.6901377104222775,-0.01,16.12
3.6915600523352623,-0.02,16.05
3.693025231361389,-0.02,16.0
3.694522976875305,-0.02,16.02
3.695929668843746,-0.01,16.11
3.697430368512869,-0.01,16.12
3.6988580003380775,-0.01,16.11
3.7003430984914303,-0.02,16.16
3.701746191829443,-0.02,16.1
3.7031313851475716,-0.02,16.13
3.704715695232153,-0.02,16.18
3.706142794340849,-0.01,16.2
3.707635425031185,-0.01,16.23
3.7090793289244175,-0.02,16.24
3.7104937694966793,-0.01,16.26
3.711970377713442,-0.02,16.24
3.713430166244507,-0.02,16.21
3.7148527316749096,-0.02,16.19
3.716348774731159,-0.02,16.24
3.7177812084555626,-0.02,16.28
3.7191221825778484,-0.02,16.3
3.7207208834588528,-0.01,16.27
3.722191132605076,-0.02,16.2
3.723575036972761,-0.02,16.24
3.7250387109816074,-0.02,16.34
3.726567480713129,-0.02,16.26
3.728024646639824,-0.02,16.22
3.72945711389184,-0.02,16.27
3.730858001857996,-0.02,16.27
3.7323816530406475,-0.02,16.25
3.7337001264095306,-0.02,16.29
3.7352953292429447,-0.02,16.28
3.7367571964859962,-0.02,16.29
3.7381961047649384,-0.02,16.32
3.7395700104534626,-0.02,16.3
3.7411366440355778,-0.02,16.32
3.742587510496378,-0.02,16.37
3.744045339524746,-0.02,16.37
3.7454902194440365,-0.02,16.37
3.746915578842163,-0.02,16.39
3.748311247676611,-0.02,16.38
3.7498749792575836,-0.02,16.37
3.7513007409870625,-0.02,16.38
3.7527489326894283,-0.02,16.38
3.754143923521042,-0.02,16.33
3.755698751658201,-0.02,16.4
3.757163245230913,-0.02,16.46
3.758600927889347,-0.02,16.37
3.7600685730576515,-0.01,16.39
3.761469963937998,-0.02,16.41
3.762942038476467,-0.02,16.39
3.764422107487917,-0.02,16.45
3.765889447182417,-0.02,16.44
3.767353143543005,-0.02,16.42
3.768729045987129,-0.02,16.45
3.770263846963644,-0.02,16.45
3.7716475166380405,-0.02,16.46
3.773166909813881,-0.02,16.47
3.7746409960091114,-0.02,16.48
3.776083540171385,-0.02,16.5
3.7774299420416355,-0.02,16.49
3.7789470329880714,-0.02,16.5
3.780456393957138,-0.02,16.5
3.781921949237585,-0.02,16.55
3.7833732403814793,-0.02,16.61
3.7847925908863544,-0.02,16.61
3.7861463874578476,-0.02,16.58
3.7877471148967743,-0.02,16.55
3.7891643680632114,-0.02,16.6
3.790588643401861,-0.02,16.61
3.7921085134148598,-0.02,16.62
3.793540444225073,-0.02,16.63
3.7950337193906307,-0.02,16.65
3.7964773774147034,-0.02,16.67
3.79793606325984,-0.02,16.7
3.7993471808731556,-0.02,16.67
3.800851833075285,-0.02,16.63
3.802175834774971,-0.02,16.64
3.8037471398711205,-0.02,16.7
3.805227402597666,-0.02,16.7
3.8066770620644093,-0.02,16.65
3.8080514557659626,-0.02,16.67
3.8095799423754215,-0.02,16.67
3.811032321304083,-0.02,16.7
3.812461704015732,-0.01,16.67
3.813958764076233,-0.01,16.67
3.8153404891490936,-0.02,16.68
3.816879879683256,-0.02,16.73
3.8183273524045944,-0.02,16.8
3.8197543509304523,-0.02,16.78
3.821233816444874,-0.02,16.71
3.8226154521107674,-0.02,16.76
3.8241406083106995,-0.02,16.79
3.825611501932144,-0.02,16.81
3.8270315639674664,-0.01,16.8
3.8285292126238346,-0.02,16.76
3.82997964695096,-0.02,16.75
3.831445835530758,-0.02,16.77
3.832904640585184,-0.02,16.79
3.8343244194984436,-0.02,16.84
3.835815764963627,-0.02,16.85
3.8371786028146744,-0.02,16.8
3.838700085878372,-0.02,16.79
3.8401904068887234,-0.02,16.85
3.8416149467229843,-0.02,16.84
3.8430524952709675,-0.02,16.83
3.8445530645549297,-0.02,16.91
3.845917522907257,-0.02,16.89
3.847455769777298,-0.02,16.81
3.848904311656952,-0.02,16.82
3.850335966795683,-0.02,16.86
3.851821530610323,-0.02,16.85
3.8531693816184998,-0.02,16.82
3.8546949811279774,-0.02,16.81
3.8561917543411255,-0.02,16.83
3.8576350435614586,-0.02,16.79
3.859116304665804,-0.02,16.77
3.86055389046669,-0.02,16.84
3.862030539661646,-0.02,16.91
3.8634839728474617,-0.02,16.84
3.8649373948574066,-0.02,16.85
3.8664031848311424,-0.02,16.9
3.867778964340687,-0.02,16.86
3.8691737949848175,-0.02,16.8
3.8707640022039413,-0.02,16.84
3.8721957840025425,-0.02,16.87
3.8736723884940147,-0.02,16.89
3.875098992139101,-0.02,16.9
3.8765718527138233,-0.02,16.9
3.878060109913349,-0.02,16.91
3.879502359777689,-0.02,16.91
3.8809392005205154,-0.02,16.88
3.882419601082802,-0.02,16.9
3.8837889172136784,-0.02,16.88
3.8853446915745735,-0.02,16.89
3.8867715634405613,-0.02,16.91
3.8881875947117805,-0.02,16.92
3.889685772359371,-0.02,16.85
3.8911036513745785,-0.02,16.88
3.892502423375845,-0.02,16.88
3.894075144082308,-0.02,16.83
3.895522676408291,-0.02,16.87
3.8969491086900234,-0.02,16.9
3.898417368531227,-0.02,16.86
3.8998007960617542,-0.02,16.9
3.9013457521796227,-0.02,16.95
3.9027716480195522,-0.02,16.98
3.9042634032666683,-0.02,16.9
3.905658606439829,-0.02,16.88
3.907183676958084,-0.02,16.86
3.9086354225873947,-0.02,16.85
3.9100563935935497,-0.02,16.87
3.9114779233932495,-0.02,16.86
3.9129151441156864,-0.02,16.9
3.914467751979828,-0.02,16.97
3.915928289294243,-0.02,16.98
3.9173754416406155,-0.02,16.99
3.918837409466505,-0.02,16.94
3.920194983482361,-0.02,16.99
3.921732921153307,-0.02,16.99
3.923215087503195,-0.02,16.98
3.924636147916317,-0.02,17.03
3.9260576479136944,-0.02,17.02
3.9274816066026688,-0.02,16.98
3.928902592509985,-0.02,16.94
3.930429108440876,-0.02,17.05
3.9319449551403522,-0.02,17.03
3.9333869256079197,-0.02,17.0
3.934850513935089,-0.02,17.03
3.9361977130174637,-0.02,17.01
3.9377757981419563,-0.02,17.03
3.9392175301909447,-0.02,17.04
3.9406347945332527,-0.02,17.05
3.942069422453642,-0.02,17.09
3.9436114504933357,-0.02,17.08
3.9449971318244934,-0.01,17.08
3.9465111047029495,-0.01,17.07
3.947965107858181,-0.02,17.06
3.9493566304445267,-0.02,17.09
3.950873978435993,-0.02,17.11
3.9522425159811974,-0.02,17.09
3.953795362263918,-0.01,17.11
3.9552431143820286,-0.01,17.11
3.9566768780350685,-0.02,17.14
3.958062842488289,-0.02,17.23
3.9596124552190304,-0.02,17.2
3.961067158728838,-0.02,17.12
3.9625049605965614,-0.02,17.14
3.9639825485646725,-0.02,17.16
3.965432420372963,-0.02,17.19
3.966837763786316,-0.02,17.16
3.9683532416820526,-0.02,17.23
3.9698149412870407,-0.01,17.26
3.97126467525959,-0.02,17.25
3.9726472720503807,-0.01,17.29
3.9740587770938873,-0.01,17.22
3.975620187819004,-0.02,17.15
3.977080713957548,-0.02,17.19
3.9785482175648212,-0.01,17.22
3.9799741469323635,-0.01,17.23
3.9814415350556374,-0.01,17.31
3.982921849936247,-0.02,17.36
3.9843675829470158,-0.02,17.3
3.985831882804632,-0.02,17.32
3.987283669412136,-0.02,17.29
3.988750923424959,-0.01,17.32
3.990202371031046,-0.01,17.36
3.991662349551916,-0.02,17.37
3.9931151159107685,-0.02,17.37
3.9945086538791656,-0.01,17.36
3.9959310106933117,-0.01,17.36
3.9974627383053303,-0.02,17.31
3.998861324042082,-0.02,17.32
4.000370122492313,-0.02,17.39
4.001840874552727,-0.01,17.42
4.003259357064962,-0.01,17.41
4.004679691046476,-0.02,17.43
4.006219316273928,-0.01,17.43
4.007662191987038,-0.01,17.44
4.009118217974901,-0.02,17.46
4.0105123072862625,-0.01,17.44
4.012042198330164,-0.02,17.46
4.013349317014217,-0.02,17.49
4.014967329800129,-0.02,17.49
4.016397222876549,-0.02,17.53
4.01779355481267,-0.02,17.54
4.01932567730546,-0.02,17.53
4.020721677690744,-0.01,17.56
4.022237028926611,-0.01,17.55
4.023689337074757,-0.02,17.59
4.0251265577971935,-0.02,17.59
4.0266100242733955,-0.02,17.58
4.027968432754278,-0.01,17.61
4.029528230428696,-0.01,17.56
4.030954070389271,-0.01,17.59
4.032431375235319,-0.02,17.62
4.03380186483264,-0.02,17.59
4.035341996699572,-0.02,17.54
4.036824323236942,-0.02,17.56
4.038262907415628,-0.02,17.58
4.039711259305477,-0.02,17.56
4.041097078472376,-0.01,17.59
4.0426088236272335,-0.02,17.55
4.044088453054428,-0.02,17.59
4.0455430299043655,-0.02,17.65
4.046951308846474,-0.02,17.57
4.048371024429798,-0.02,17.52
4.0499174147844315,-0.02,17.63
4.051281228661537,-0.02,17.65
4.052814342081547,-0.02,17.61
4.054278455674648,-0.02,17.61
4.055732984095812,-0.02,17.65
4.057205364108086,-0.02,17.66
4.058533478528261,-0.02,17.64
4.060109466314316,-0.02,17.64
4.061559833586216,-0.02,17.64
4.06296007707715,-0.02,17.72
4.064410641789436,-0.02,17.64
4.065937239676714,-0.02,17.67
4.06739554554224,-0.02,17.68
4.068817995488644,-0.02,17.73
4.07026731595397,-0.02,17.7
4.071756340563297,-0.02,17.67
4.0732008293271065,-0.02,17.7
4.074604261666536,-0.02,17.69
4.076134230941534,-0.02,17.65
4.0775658786296844,-0.02,17.7
4.078989189118147,-0.02,17.69
4.080461785197258,-0.02,17.67
4.081854347139597,-0.02,17.74
4.083410736173391,-0.02,17.72
4.08486695215106,-0.02,17.72
4.086304545402527,-0.01,17.7
4.087665423750877,-0.02,17.77
4.089234594255686,-0.02,17.76
4.090693816542625,-0.02,17.78
4.092144027352333,-0.02,17.76
4.093561548739672,-0.02,17.75
4.095072127878666,-0.02,17.75
4.09648309648037,-0.02,17.77
4.097973205149174,-0.02,17.8
4.099443014711142,-0.02,17.81
4.100895408540964,-0.02,17.76
4.1023289784789085,-0.02,17.8
4.103811703622341,-0.02,17.76
4.10526841506362,-0.02,17.76
4.106724169105291,-0.02,17.79
4.108127374202013,-0.02,17.76
4.109628368169069,-0.02,17.78
4.111087515950203,-0.02,17.83
4.112554967403412,-0.02,17.84
4.113979771733284,-0.02,17.81
4.115395326167345,-0.02,17.77
4.11685224249959,-0.02,17.73
4.118238817900419,-0.02,17.77
4.11982735991478,-0.02,17.78
4.121262736618519,-0.02,17.77
4.122700918465853,-0.02,17.76
4.12410805746913,-0.02,17.82
4.125605266541243,-0.02,17.79
4.127044301480055,-0.02,17.79
4.128550726920366,-0.02,17.83
4.130021132528782,-0.02,17.87
4.131477057933807,-0.02,17.89
4.132865529507399,-0.02,17.86
4.13432976976037,-0.02,17.79
4.135839011520147,-0.02,17.81
4.137263786047697,-0.02,17.86
4.13869896158576,-0.02,17.81
4.140115760266781,-0.02,17.82
4.141650158911943,-0.02,17.87
4.143130347132683,-0.02,17.94
4.144566982984543,-0.02,17.88
4.146014552563429,-0.02,17.88
4.147484961897135,-0.02,17.91
4.148964133113623,-0.02,17.89
4.150424126535654,-0.02,17.89
4.151871748268604,-0.02,17.92
4.153326667845249,-0.02,17.9
4.154692899435759,-0.02,17.92
4.15624512732029,-0.02,17.97
4.159158747643232,-0.02,17.94
4.160556569695473,-0.02,17.94
4.162062097340822,-0.02,17.87
4.163521692156792,-0.02,17.92
4.164972074329853,-0.02,17.96
4.166425731033087,-0.02,18.0
4.1678910702466965,-0.02,17.98
4.169304735958576,-0.02,17.94
4.170811735093594,-0.02,17.86
4.172249138355255,-0.02,17.93
4.1737130135297775,-0.02,17.94
4.175133988261223,-0.02,17.91
4.1766298189759254,-0.02,17.93
4.1779728308320045,-0.02,17.94
4.1795436553657055,-0.02,17.92
4.180999957025051,-0.02,17.96
4.182424757629633,-0.02,18.0
4.183853458613157,-0.02,18.02
4.185371898114681,-0.02,17.99
4.186685010790825,-0.02,18.01
4.188287440687418,-0.02,18.0
4.189742170274258,-0.02,17.99
4.191196274012327,-0.02,17.98
4.192589607089758,-0.02,17.92
4.194004628807306,-0.02,17.96
4.1955410577356815,-0.02,18.06
4.1970204301178455,-0.02,18.07
4.198469217866659,-0.02,18.05
4.199878230690956,-0.02,18.11
4.201390132308006,-0.02,18.12
4.202775601297617,-0.02,18.14
4.204302981495857,-0.02,18.14
4.20575712993741,-0.02,18.11
4.207193236798048,-0.02,18.12
4.208670753985643,-0.02,18.11
4.210016071796417,-0.02,18.13
4.211581915616989,-0.02,18.11
4.213050965219736,-0.02,18.14
4.21445170417428,-0.02,18.16
4.21588297188282,-0.02,18.19
4.217411354184151,-0.02,18.21
4.218875091522932,-0.02,18.17
4.220325592905283,-0.02,18.16
4.221706531941891,-0.02,18.17
4.223218139261007,-0.02,18.13
4.224627047777176,-0.02,18.1
4.226157907396555,-0.02,18.19
4.22759959474206,-0.02,18.24
4.229068882763386,-0.02,18.21
4.230520095676184,-0.02,18.2
4.231875993311405,-0.02,18.22
4.233316406607628,-0.02,18.26
4.234870035201311,-0.02,18.22
4.236313588917255,-0.02,18.23
4.237710665911436,-0.02,18.34
4.239254388958216,-0.02,18.38
4.240556988865137,-0.02,18.28
4.242171324789524,-0.02,18.24
4.243602454662323,-0.02,18.28
4.245033290237188,-0.02,18.26
4.246541682630777,-0.02,18.3
4.2479458302259445,-0.02,18.3
4.249448049813509,-0.02,18.31
4.250894755125046,-0.02,18.34
4.25229724869132,-0.02,18.33
4.253718979656696,-0.02,18.31
4.255258798599243,-0.02,18.26
4.256733361631632,-0.02,18.23
4.258157756179571,-0.02,18.34
4.259641088545322,-0.02,18.35
4.261048935353756,-0.02,18.31
4.262449573725462,-0.02,18.35
4.264024581760168,-0.02,18.35
4.265464019030333,-0.02,18.33
4.266908779740334,-0.02,18.35
4.268381871283054,-0.02,18.34
4.269715767353773,-0.02,18.36
4.271286107599735,-0.02,18.31
4.27273566275835,-0.02,18.28
4.274159077554941,-0.02,18.38
4.2755934819579124,-0.02,18.4
4.277102578431368,-0.02,18.41
4.278529312461615,-0.02,18.42
4.280034702271223,-0.02,18.41
4.281491037458181,-0.02,18.39
4.282947909086943,-0.02,18.41
4.284290295094252,-0.02,18.37
4.285825490951538,-0.02,18.37
4.287310745567083,-0.02,18.42
4.288767907768488,-0.02,18.42
4.290200248360634,-0.02,18.48
4.291621163487434,-0.02,18.47
4.293132618069649,-0.02,18.47
4.294601961970329,-0.02,18.43
4.296023555099964,-0.02,18.49
4.297511335462332,-0.02,18.45
4.298962656408548,-0.02,18.45
4.300382770597935,-0.02,18.52
4.301887080073357,-0.02,18.51
4.303326647728682,-0.02,18.51
4.304744075983763,-0.02,18.54
4.306260380893946,-0.02,18.47
4.307603985071182,-0.02,18.46
4.309148166328669,-0.02,18.51
4.3106101378798485,-0.02,18.48
4.312052968889475,-0.02,18.47
4.313533075153828,-0.02,18.5
4.314987752586603,-0.02,18.5
4.316289432346821,-0.02,18.5
4.31788669526577,-0.02,18.48
4.319314777851105,-0.02,18.52
4.320792928338051,-0.02,18.59
4.322206739336252,-0.02,18.53
4.323728043586016,-0.02,18.54
4.325182281434536,-0.02,18.57
4.326600261032581,-0.02,18.58
4.328099850565195,-0.02,18.61
4.329446617513895,-0.02,18.65
4.33099502697587,-0.02,18.67
4.332471292465925,-0.02,18.63
4.333892721682787,-0.02,18.62
4.335357040166855,-0.02,18.71
4.336737293750048,-0.02,18.7
4.338299952447414,-0.02,18.68
4.339758243411779,-0.02,18.65
4.341208461672068,-0.02,18.6
4.342662412673235,-0.02,18.67
4.344029385596514,-0.02,18.68
4.345550820231438,-0.02,18.62
4.346866939216852,-0.02,18.64
4.3484922014176846,-0.02,18.69
4.3498956598341465,-0.02,18.7
4.351346768438816,-0.02,18.66
4.352868981659412,-0.02,18.71
4.354306120425463,-0.02,18.76
4.355759751051664,-0.02,18.71
4.357181034982204,-0.02,18.74
4.3586787059903145,-0.02,18.71
4.3601087518036366,-0.02,18.68
4.361566763371229,-0.02,18.72
4.363043546676636,-0.02,18.74
4.364510893821716,-0.02,18.75
4.365960694849491,-0.02,18.84
4.367310680449009,-0.02,18.89
4.368735950440168,-0.02,18.87
4.370339084416628,-0.02,18.86
4.3717630207538605,-0.02,18.83
4.373217027634382,-0.02,18.8
4.374690420925617,-0.02,18.83
4.376095667481422,-0.02,18.83
4.377593595534563,-0.02,18.86
4.379050798714161,-0.02,18.86
4.380526054650545,-0.02,18.81
4.381903059780598,-0.02,18.89
4.3834419921040535,-0.02,18.9
4.384912118315697,-0.02,18.89
4.38633519411087,-0.02,18.9
4.387763302773237,-0.02,18.97
4.389272928237915,-0.02,18.94
4.390673287212849,-0.02,18.96
4.39218233525753,-0.02,18.99
4.393627520650625,-0.02,18.96
4.395095068961382,-0.02,18.99
4.396553426980972,-0.02,18.96
4.398001786321402,-0.02,18.91
4.399312034249306,-0.02,18.93
4.400912959128618,-0.02,18.96
4.40234037861228,-0.02,18.98
4.403833206743002,-0.02,18.98
4.405181132256985,-0.02,18.98
4.4067342057824135,-0.02,19.05
4.408205822110176,-0.02,19.02
4.409664995968342,-0.02,18.96
4.41108763217926,-0.02,19.0
4.412562321871519,-0.02,19.0
4.41399972140789,-0.02,19.03
4.415460415184498,-0.02,19.07
4.416919611394405,-0.02,18.99
4.4183798506855965,-0.02,19.05
4.419850863516331,-0.02,19.07
4.421273157000542,-0.02,19.08
4.422643303871155,-0.02,19.05
4.424206145107746,-0.02,19.07
4.42568501830101,-0.02,19.13
4.427087876945734,-0.02,19.17
4.428599864244461,-0.02,19.16
4.430042948573828,-0.02,19.15
4.431496247649193,-0.02,19.14
4.432922847568989,-0.02,19.18
4.434410896152258,-0.02,19.21
4.435762632638216,-0.02,19.19
4.4373158775269985,-0.02,19.15
4.4387817569077015,-0.02,19.17
4.440235413610935,-0.02,19.21
4.441696774214506,-0.02,19.27
4.443052928894758,-0.02,19.26
4.444607753306627,-0.02,19.24
4.446079935878515,-0.02,19.25
4.447518173605204,-0.02,19.23
4.44891557097435,-0.02,19.24
4.450434941798449,-0.02,19.28
4.451861623674631,-0.02,19.28
4.453363049775362,-0.02,19.29
4.454813983291388,-0.02,19.31
4.456273701041937,-0.02,19.37
4.457629330456257,-0.02,19.44
4.45914700999856,-0.02,19.43
4.460608672350645,-0.02,19.37
4.462093058973551,-0.02,19.39
4.463519010692835,-0.02,19.4
4.464957404881716,-0.02,19.37
4.466452278196812,-0.02,19.43
4.467833910137415,-0.02,19.48
4.4693643897771835,-0.02,19.46
4.47083131596446,-0.02,19.39
4.472294632345438,-0.02,19.39
4.47370932251215,-0.02,19.42
4.475204307585955,-0.02,19.4
4.476648073643446,-0.02,19.5
4.478106796741486,-0.02,19.52
4.479526836425066,-0.02,19.45
4.480999726802111,-0.02,19.47
4.4824054427444935,-0.02,19.51
4.483943175524473,-0.02,19.53
4.485367521643639,-0.02,19.56
4.4868535697460175,-0.02,19.53
4.488312967121601,-0.02,19.56
4.489628717303276,-0.02,19.57
4.491227112710476,-0.02,19.6
4.492677669972181,-0.02,19.56
4.494132217019796,-0.02,19.5
4.495537806302309,-0.02,19.57
4.496924076229334,-0.02,19.61
4.498491860926151,-0.02,19.53
4.499940916895866,-0.02,19.53
4.501366704702377,-0.02,19.54
4.502849355340004,-0.02,19.57
4.504339072853327,-0.02,19.63
4.505776774138212,-0.02,19.66
4.507234860211611,-0.02,19.73
4.50869108363986,-0.02,19.71
4.510158360004425,-0.02,19.65
4.511551324278116,-0.02,19.64
4.512967970222235,-0.02,19.73
4.514520585536957,-0.02,19.72
4.515978794544935,-0.02,19.72
4.517436575144529,-0.02,19.75
4.518902570009232,-0.02,19.79
4.520348738878965,-0.02,19.8
4.521815486252308,-0.02,19.82
4.523229945451021,-0.02,19.77
4.524718310683966,-0.02,19.8
4.526135925203562,-0.02,19.77
4.527500171214342,-0.02,19.78
4.529093652963638,-0.02,19.81
4.530521832406521,-0.02,19.82
4.532006248831749,-0.02,19.84
4.533474110066891,-0.02,19.91
4.534800074994564,-0.02,19.87
4.536343798041344,-0.02,19.85
4.537832286208868,-0.02,19.85
4.53922737762332,-0.02,19.83
4.54065003618598,-0.02,19.88
4.542194504290819,-0.02,19.93
4.543509796261787,-0.02,19.88
4.545092955231667,-0.02,19.88
4.546568892896175,-0.02,19.93
4.5479542426764965,-0.02,19.94
4.5493638552725315,-0.02,19.96
4.550926182419062,-0.02,19.96
4.552388735115528,-0.02,19.99
4.55385060608387,-0.02,20.01
4.555240273475647,-0.02,19.97
4.556769389659166,-0.02,19.93
4.558156359940767,-0.02,19.98
4.559681888669729,-0.02,20.04
4.561135441064835,-0.02,19.98
4.562590550631285,-0.02,20.01
4.56394425407052,-0.02,20.01
4.5655064806342125,-0.02,20.01
4.566940937191248,-0.02,20.02
4.568419054150581,-0.02,20.02
4.569877624511719,-0.02,19.96
4.571315173059702,-0.02,20.01
4.572782784700394,-0.02,20.09
4.574214786291122,-0.02,20.04
4.575695723295212,-0.02,20.06
4.577103566378355,-0.02,20.11
4.578621610999107,-0.02,20.16
4.5799914337694645,-0.02,20.09
4.5813717395067215,-0.02,20.04
4.582961719483137,-0.02,20.08
4.584391541779041,-0.02,20.12
4.585877653211355,-0.02,20.15
4.587342377752066,-0.02,20.18
4.588812254369259,-0.02,20.15
4.590265441685915,-0.02,20.15
4.591707661747932,-0.02,20.13
4.5931765884160995,-0.02,20.15
4.594617273658514,-0.02,20.16
4.5960805378854275,-0.02,20.14
4.597544588148594,-0.02,20.14
4.598989620804787,-0.02,20.19
4.6004100032150745,-0.02,20.21
4.601860705763102,-0.02,20.2
4.6033735275268555,-0.02,20.17
4.604832299053669,-0.02,20.19
4.60625471547246,-0.02,20.25
4.607742968946695,-0.02,20.25
4.60914171859622,-0.02,20.17
4.610653884708881,-0.02,20.2
4.61210847645998,-0.02,20.22
4.613539040088654,-0.02,20.25
4.615024887025356,-0.02,20.27
4.616459209471941,-0.02,20.2
4.617925144731998,-0.02,20.23
4.619379822164774,-0.02,20.28
4.620856612920761,-0.02,20.28
4.622308053076267,-0.02,20.32
4.623757995665073,-0.02,20.27
4.625212479382753,-0.02,20.24
4.626669269055128,-0.02,20.27
4.628120165318251,-0.02,20.31
4.629586577415466,-0.02,20.36
4.631040662527084,-0.02,20.36
4.632499735802412,-0.02,20.36
4.633938696235418,-0.02,20.38
4.635405961424112,-0.02,20.35
4.6368578262627125,-0.02,20.37
4.638312324881554,-0.02,20.43
4.639774154871702,-0.02,20.42
4.641231823712587,-0.02,20.38
4.64269569888711,-0.02,20.39
4.644146990031004,-0.02,20.38
4.645607128739357,-0.02,20.41
4.647065192461014,-0.02,20.39
4.6485128700733185,-0.02,20.39
4.649974215775728,-0.02,20.39
4.651438165456057,-0.02,20.35
4.65288120880723,-0.02,20.39
4.654338497668505,-0.02,20.42
4.655777893960476,-0.02,20.4
4.657259687781334,-0.02,20.4
4.65871674194932,-0.02,20.47
4.660158306360245,-0.02,20.48
4.661623738706112,-0.02,20.43
4.663080722093582,-0.02,20.42
4.664539251476526,-0.02,20.4
4.665991201996803,-0.02,20.43
4.667458035051823,-0.02,20.42
4.668902259320021,-0.02,20.39
4.670371312648058,-0.02,20.44
4.671822119504213,-0.02,20.48
4.673277303576469,-0.02,20.48
4.674737472087145,-0.02,20.45
4.676198855042458,-0.02,20.45
4.677651613950729,-0.02,20.48
4.6790963895618916,-0.02,20.5
4.680562876164913,-0.02,20.51
4.682020857930183,-0.02,20.49
4.6834644712507725,-0.02,20.46
4.68491979315877,-0.02,20.49
4.686389502137899,-0.02,20.51
4.687834862619638,-0.02,20.49
4.6892924308776855,-0.02,20.53
4.6907211020588875,-0.02,20.51
4.692202657461166,-0.02,20.51
4.693596605211496,-0.02,20.53
4.695101324468851,-0.02,20.49
4.696581367403269,-0.02,20.52
4.697990205138922,-0.02,20.55
4.699492491781712,-0.02,20.51
4.700939130038023,-0.02,20.51
4.702381137758493,-0.02,20.54
4.703858911991119,-0.02,20.52
4.705319352447987,-0.02,20.49
4.70670448616147,-0.02,20.47
4.708225682377815,-0.02,20.52
4.709684178233147,-0.02,20.53
4.7111439146101475,-0.02,20.52
4.712599106132984,-0.02,20.51
4.714056838303804,-0.02,20.52
4.7155162543058395,-0.02,20.61
4.7169619388878345,-0.02,20.6
4.718409087508917,-0.02,20.5
4.719886444509029,-0.02,20.55
4.721334874629974,-0.02,20.55
4.722727820277214,-0.02,20.54
4.7242511510849,-0.02,20.54
4.725700117647648,-0.02,20.52
4.727160759270191,-0.02,20.52
4.728624142706394,-0.02,20.55
4.730023752897978,-0.02,20.57
4.73152369633317,-0.02,20.54
4.732996601611376,-0.02,20.55
4.734433937817812,-0.02,20.52
4.735899172723293,-0.02,20.5
4.737355317920446,-0.02,20.51
4.7388125360012054,-0.02,20.55
4.740270532667637,-0.02,20.58
4.741721764206886,-0.02,20.55
4.743178393691778,-0.02,20.57
4.7446403577923775,-0.02,20.59
4.746090900152922,-0.02,20.51
4.7475505247712135,-0.02,20.56
4.74900945648551,-0.02,20.56
4.750467237085104,-0.02,20.48
4.751911282539368,-0.02,20.51
4.753376889973879,-0.02,20.58
4.754802610725164,-0.02,20.59
4.756297510117292,-0.02,20.6
4.75774922221899,-0.02,20.57
4.759204853326082,-0.02,20.55
4.760644730180502,-0.02,20.51
4.762121599167585,-0.02,20.51
4.763565003871918,-0.02,20.51
4.7650394551455975,-0.02,20.5
4.766494441777468,-0.02,20.51
4.767934054136276,-0.02,20.55
4.769397020339966,-0.02,20.53
4.770851269364357,-0.02,20.53
4.77232076600194,-0.02,20.5
4.773766428232193,-0.02,20.55
4.775196667760611,-0.02,20.54
4.776684228330851,-0.02,20.56
4.7781294248998165,-0.02,20.57
4.779592122882605,-0.02,20.54
4.781048320233822,-0.02,20.54
4.7824982441961765,-0.02,20.52
4.7839602790772915,-0.02,20.52
4.785425219684839,-0.02,20.56
4.78688195720315,-0.02,20.58
4.788331791758537,-0.02,20.56
4.789798256009817,-0.02,20.53
4.791240215301514,-0.02,20.53
4.792711645364761,-0.02,20.55
4.794166814535856,-0.02,20.56
4.795616779476404,-0.02,20.54
4.797074064612389,-0.02,20.57
4.798521924763918,-0.02,20.56
4.799985956400633,-0.02,20.49
4.801423225551844,-0.02,20.44
4.802901923656464,-0.02,20.51
4.804360054433346,-0.02,20.47
4.805801589041948,-0.02,20.5
4.808697823435068,-0.02,20.51
4.81016855314374,-0.02,20.48
4.811648610979319,-0.02,20.49
4.813087664544582,-0.02,20.48
4.814544942229986,-0.02,20.53
4.816008660942316,-0.02,20.51
4.817455135285854,-0.02,20.52
4.818913023918867,-0.02,20.59
4.8203647546470165,-0.02,20.55
4.8218276016414165,-0.02,20.58
4.823286458849907,-0.02,20.61
4.8247488252818584,-0.02,20.52
4.826203215867281,-0.02,20.47
4.827656429260969,-0.02,20.48
4.829061385244131,-0.02,20.53
4.830547120422125,-0.02,20.55
4.8320190496742725,-0.02,20.52
4.833473421633244,-0.02,20.54
4.834933407604694,-0.02,20.59
4.836397182196379,-0.02,20.56
4.837854564189911,-0.02,20.54
4.839298401027918,-0.02,20.51
4.840757515281439,-0.02,20.52
4.842219486832619,-0.02,20.5
4.843680191785097,-0.02,20.51
4.845115330070257,-0.02,20.51
4.846554171293974,-0.02,20.45
4.848039802163839,-0.02,20.47
4.849484629929066,-0.02,20.45
4.850958753377199,-0.02,20.43
4.852427784353495,-0.02,20.44
4.853881917893887,-0.02,20.44
4.855345867574215,-0.02,20.47
4.856781899929047,-0.02,20.44
4.858239009976387,-0.02,20.47
4.859673831611872,-0.02,20.48
4.861030954867601,-0.02,20.46
4.862611714750528,-0.02,20.51
4.86404150351882,-0.02,20.46
4.865458834916353,-0.02,20.42
4.866884384304285,-0.02,20.37
4.86839409545064,-0.02,20.33
4.869848288595676,-0.02,20.41
4.871325951069593,-0.01,20.39
4.872795052826405,-0.02,20.35
4.874170154333115,-0.02,20.35
4.875715088099241,-0.02,20.37
4.877100728452206,-0.02,20.39
4.878631163388491,-0.02,20.41
4.880035258829594,-0.02,20.43
4.881460208445787,-0.02,20.42
4.882956061512232,-0.02,20.46
4.884449500590563,-0.02,20.4
4.885730892419815,-0.02,20.4
4.887358114123344,-0.02,20.42
4.888751655817032,-0.02,20.37
4.890270493924618,-0.02,20.36
4.891665104776621,-0.02,20.36
4.8931019604206085,-0.02,20.32
4.894627436995506,-0.02,20.36
4.896084886044264,-0.02,20.41
4.897461444139481,-0.02,20.45
4.898963399231434,-0.02,20.42
4.900435090065002,-0.02,20.37
4.901909172534943,-0.02,20.36
4.903323791921139,-0.01,20.35
4.904808305203915,-0.02,20.33
4.906172871589661,-0.01,20.36
4.9076603055000305,-0.01,20.36
4.909194976091385,-0.01,20.38
4.910618767142296,-0.01,20.37
4.912105713039637,-0.01,20.43
4.913563400506973,-0.02,20.42
4.914887610822916,-0.02,20.39
4.916472155600786,-0.02,20.41
4.917927131056786,-0.02,20.45
4.919328678399324,-0.03,20.44
4.920833509415388,-0.03,20.44
4.922212015837431,-0.02,20.44
4.923709195107222,-0.02,20.42
4.925201214849949,-0.02,20.41
4.926654081791639,-0.02,20.41
4.928123511373997,-0.02,20.41
4.929483413696289,-0.02,20.43
4.93102091550827,-0.02,20.41
4.932479705661535,-0.02,20.39
4.93393575027585,-0.02,20.43
4.935324266552925,-0.02,20.36
4.936861574649811,-0.02,20.35
4.938318751752377,-0.02,20.39
4.9397773295640945,-0.02,20.37
4.941194534301758,-0.02,20.36
4.942660868167877,-0.02,20.38
4.94413448870182,-0.02,20.35
4.945494793355465,-0.02,20.26
4.947058599442244,-0.02,20.26
4.948514401912689,-0.02,20.33
4.949934646487236,-0.02,20.31
4.951400235295296,-0.02,20.27
4.952839836478233,-0.02,20.24
4.954327587038279,-0.02,20.25
4.955775190144777,-0.02,20.19
4.957245394587517,-0.02,20.21
4.958618298172951,-0.02,20.23
4.960151392966509,-0.02,20.23
4.961605746299028,-0.02,20.23
4.963066525757313,-0.02,20.18
4.964488256722689,-0.02,20.1
4.965909767895937,-0.02,20.07
4.96742208302021,-0.02,20.06
4.968852985650301,-0.02,20.08
4.970325876027346,-0.02,20.11
4.9717728570103645,-0.02,20.19
4.973199564963579,-0.02,20.14
4.974708702415228,-0.02,20.09
4.976160056889057,-0.02,20.07
4.977588444948196,-0.03,20.11
4.979063492268324,-0.02,20.12
4.980502232909203,-0.03,20.05
4.981917425990105,-0.03,19.98
4.983396843075752,-0.03,19.99
4.984812743961811,-0.03,20.04
4.9863503985106945,-0.03,19.98
4.987807668745518,-0.03,19.93
4.989243432879448,-0.03,19.96
4.9906168058514595,-0.03,19.95
4.992192555218935,-0.03,19.91
4.993641220033169,-0.03,19.95
4.9950943030416965,-0.02,19.92
4.99655070155859,-0.03,19.88
5.003828261047602,-2.78,19.9
5.005275424569845,-2.78,19.94
5.006660345941782,-2.78,19.85
5.0080405212938786,-2.78,19.83
5.009658075869083,-2.78,19.85
5.011109363287687,-2.78,19.84
5.012574192136526,-2.78,19.78
5.013920217752457,-2.78,19.8
5.0154859609901905,-2.78,19.82
5.016932677477598,-2.78,19.75
5.018380865454674,-2.78,19.72
5.019872281700373,-2.78,19.7
5.0213152803480625,-2.78,19.72
5.02276673540473,-2.78,19.82
5.024224665015936,-2.78,19.81
5.02567782253027,-2.78,19.78
5.027064710855484,-2.78,19.71
5.0285964123904705,-2.78,19.68
5.030048456043005,-2.78,19.62
5.031513448804617,-2.78,19.57
5.032957743853331,-2.78,19.58
5.040225073695183,-0.03,19.49
5.041697647422552,-0.03,19.57
5.043153773993254,-0.03,19.65
5.044617298990488,-0.03,19.57
5.0460702031850815,-0.03,19.54
5.047507312148809,-0.03,19.57
5.048930641263723,-0.03,19.58
5.050360348075628,-0.03,19.54
5.0518903359770775,-0.03,19.47
5.053357616066933,-0.03,19.51
5.054810632020235,-0.03,19.51
5.056251402944326,-0.03,19.5
5.057641107589006,-0.03,19.47
5.059101793915033,-0.03,19.46
5.060621473938227,-0.03,19.47
5.062085412442684,-0.03,19.5
5.063551861792803,-0.03,19.47
5.064990144222975,-0.03,19.38
5.066394913941622,-0.03,19.4
5.067774876952171,-0.03,19.44
5.069366849958897,-0.03,19.38
5.070819362998009,-0.03,19.35
5.072232723236084,-0.03,19.37
5.073741212487221,-0.03,19.36
5.075068473815918,-0.03,19.4
5.07664380967617,-0.03,19.44
5.07809279859066,-0.03,19.4
5.079563871026039,-0.03,19.35
5.081018760800362,-0.03,19.33
5.0823929607868195,-0.03,19.36
5.083884991705418,-0.03,19.35
5.085391003638506,-0.03,19.35
5.086837112903595,-0.03,19.25
5.08826357871294,-0.03,19.26
5.089772529900074,-0.03,19.34
5.091113481670618,-0.03,19.33
5.092663187533617,-0.03,19.28
5.094118721783161,-0.03,19.3
5.095578119158745,-0.03,19.31
5.096965488046408,-0.03,19.31
5.0983527190983295,-0.03,19.24
5.0999571196734905,-0.03,19.22
5.10141483694315,-0.03,19.21
5.102866258472204,-0.03,19.22
5.104332309216261,-0.03,19.22
5.105780512094498,-0.03,19.24
5.107228755950928,-0.03,19.18
5.1086747124791145,-0.03,19.15
5.110090419650078,-0.03,19.16
5.111550003290176,-0.03,19.19
5.113055933266878,-0.03,19.21
5.114518113434315,-0.03,19.22
5.1159725077450275,-0.03,19.12
5.117424298077822,-0.04,19.03
5.11886790394783,-0.03,19.0
5.120256628841162,-0.03,19.01
5.121699638664722,-0.03,19.02
5.1232448779046535,-0.03,19.02
5.124663949012756,-0.04,18.94
5.126169063150883,-0.04,18.92
5.127628285437822,-0.04,18.93
5.129080768674612,-0.04,18.9
5.130535326898098,-0.04,18.89
5.131991036236286,-0.04,18.86
5.133408170193434,-0.04,18.81
5.13484488427639,-0.04,18.77
5.136353816837072,-0.04,18.73
5.1377906166017056,-0.04,18.7
5.139269210398197,-0.04,18.75
5.140734992921352,-0.04,18.71
5.142164092510939,-0.04,18.71
5.143550533801317,-0.04,18.67
5.14501915499568,-0.04,18.66
5.146559037268162,-0.04,18.69
5.147958420217037,-0.04,18.65
5.149427697062492,-0.04,18.65
5.150815729051828,-0.04,18.72
5.152344647794962,-0.04,18.64
5.153837885707617,-0.04,18.59
5.155292451381683,-0.04,18.63
5.156685974448919,-0.04,18.61
5.158119410276413,-0.04,18.53
5.159516990184784,-0.03,18.55
5.161114152520895,-0.03,18.58
5.162538468837738,-0.04,18.53
5.164027530699968,-0.04,18.52
5.171250659972429,-2.79,18.43
5.172739554196596,-2.79,18.49
5.174227077513933,-2.79,18.49
5.17565655335784,-2.79,18.48
5.177115544676781,-2.79,18.45
5.178536452353001,-2.79,18.47
5.180048495531082,-2.79,18.46
5.181466855108738,-2.79,18.42
5.182805966585875,-2.79,18.4
5.184406127780676,-2.79,18.38
5.18582646548748,-2.79,18.43
5.187330473214388,-2.79,18.47
5.18879597261548,-2.79,18.45
5.1901795566082,-2.79,18.41
5.19169233366847,-2.79,18.4
5.193162318319082,-2.79,18.4
5.1946204379200935,-2.79,18.37
5.1960104294121265,-2.79,18.31
5.197507049888372,-2.79,18.28
5.1989769116044044,-2.79,18.26
5.200404744595289,-2.79,18.25
5.207724209874868,-0.04,18.18
5.209131795912981,-0.04,18.17
5.2105601988732815,-0.04,18.13
5.212090626358986,-0.04,18.1
5.213531415909529,-0.04,18.15
5.215000975877047,-0.04,18.17
5.216462854295969,-0.04,18.09
5.217917546629906,-0.04,18.07
5.219351779669523,-0.04,18.04
5.220823813229799,-0.04,17.95
5.222284059971571,-0.04,17.92
5.223745405673981,-0.04,17.92
5.225193198770285,-0.04,17.94
5.226647790521383,-0.04,17.94
5.2280967347323895,-0.04,17.99
5.229561049491167,-0.04,17.99
5.231026399880648,-0.04,17.97
5.232438262552023,-0.04,17.93
5.233935259282589,-0.04,17.92
5.235387645661831,-0.04,17.99
5.236851584166288,-0.04,17.98
5.238306798040867,-0.04,17.99
5.239696159958839,-0.04,17.98
5.241155460476875,-0.03,17.97
5.242656260728836,-0.03,17.93
5.244136542081833,-0.03,17.91
5.245560843497515,-0.03,17.94
5.247005421668291,-0.03,17.91
5.248501632362604,-0.03,17.88
5.24996604770422,-0.03,17.92
5.251363426446915,-0.03,17.94
5.252852324396372,-0.03,17.86
5.254296258091927,-0.03,17.83
5.255785990506411,-0.03,17.83
5.257239211350679,-0.03,17.83
5.258701413869858,-0.03,17.86
5.260150834918022,-0.03,17.84
5.261581663042307,-0.03,17.84
5.263047713786364,-0.03,17.84
5.264464296400547,-0.03,17.79
5.265948094427586,-0.04,17.84
5.267423786222935,-0.04,17.88
5.26889493316412,-0.04,17.85
5.270269721746445,-0.04,17.85
5.271803595125675,-0.04,17.84
5.273248802870512,-0.04,17.81
5.274714399129152,-0.03,17.77
5.276173654943705,-0.03,17.74
5.277629811316729,-0.04,17.74
5.2790502198040485,-0.04,17.73
5.280537135899067,-0.04,17.7
5.281871575862169,-0.03,17.74
5.283447902649641,-0.04,17.74
5.284906130284071,-0.04,17.73
5.2863685712218285,-0.04,17.78
5.287812557071447,-0.04,17.77
5.289251651614904,-0.03,17.68
5.290737792849541,-0.03,17.64
5.292139623314142,-0.03,17.6
5.293638713657856,-0.03,17.63
5.295090928673744,-0.03,17.72
5.296546347439289,-0.04,17.69
5.298007786273956,-0.03,17.68
5.29942349344492,-0.03,17.7
5.300926301628351,-0.03,17.67
5.30238963291049,-0.03,17.62
5.3038467317819595,-0.03,17.58
5.3052924536168575,-0.03,17.64
5.306751050055027,-0.03,17.62
5.308215819299221,-0.03,17.6
5.3096423745155334,-0.03,17.58
5.311125248670578,-0.03,17.6
5.312581896781921,-0.03,17.64
5.314018465578556,-0.03,17.6
5.315452743321657,-0.03,17.69
5.316886603832245,-0.03,17.65
5.318369831889868,-0.03,17.61
5.319832444190979,-0.03,17.69
5.321294266730547,-0.03,17.63
5.322774779051542,-0.03,17.59
5.32418380305171,-0.03,17.6
5.325682755559683,-0.03,17.66
5.327136285603046,-0.03,17.65
5.328582007437944,-0.03,17.61
5.330034162849188,-0.03,17.63
5.331489682197571,-0.03,17.63
5.332852903753519,-0.03,17.62
5.334428239613771,-0.03,17.61
5.335876043885946,-0.03,17.64
5.337293446063995,-0.03,17.62
5.3387943133711815,-0.03,17.61
5.340244393795729,-0.03,17.58
5.341698385775089,-0.03,17.58
5.343163035809994,-0.03,17.57
5.344612993299961,-0.03,17.56
5.346002694219351,-0.03,17.56
5.347492087632418,-0.03,17.6
5.348904576152563,-0.03,17.55
5.350434206426144,-0.03,17.53
5.351871475577354,-0.03,17.55
5.3533457182347775,-0.03,17.57
5.354815106838942,-0.03,17.6
5.356271345168352,-0.03,17.54
5.35762420296669,-0.03,17.53
5.359158419072628,-0.03,17.59
5.360631570219994,-0.03,17.59
5.362090054899454,-0.03,17.6
5.36354373767972,-0.03,17.6
5.364846922457218,-0.03,17.56
5.366451896727085,-0.03,17.58
5.367887865751982,-0.03,17.55
5.369322996586561,-0.03,17.51
5.370834860950708,-0.03,17.54
5.3721380196511745,-0.03,17.48
5.373743139207363,-0.03,17.51
5.375160962343216,-0.03,17.58
5.376656241714954,-0.03,17.55
5.378110703080893,-0.03,17.51
5.3795570731163025,-0.03,17.52
5.381015572696924,-0.03,17.55
5.382481034845114,-0.03,17.53
5.383938204497099,-0.03,17.6
5.385378431528807,-0.03,17.58
5.386845536530018,-0.03,17.54
5.388290241360664,-0.03,17.49
5.3897629007697105,-0.03,17.55
5.391221188008785,-0.03,17.57
5.392647624015808,-0.03,17.46
5.394047472625971,-0.03,17.47
5.395558580756187,-0.03,17.54
5.397029496729374,-0.03,17.5
5.39850278198719,-0.03,17.42
5.399937089532614,-0.03,17.45
5.401321172714233,-0.03,17.47
5.40286411345005,-0.03,17.48
5.404319006949663,-0.03,17.5
5.405758436769247,-0.03,17.48
5.4072342328727245,-0.03,17.51
5.408608805388212,-0.03,17.5
5.410139679908752,-0.03,17.49
5.41160336509347,-0.03,17.47
5.413061458617449,-0.03,17.4
5.414454992860556,-0.03,17.43
5.415971968322992,-0.03,17.42
5.417393289506435,-0.03,17.4
5.418882865458727,-0.03,17.35
5.420343466103077,-0.03,17.39
5.421740733087063,-0.03,17.41
5.42326245829463,-0.03,17.39
5.424632750451565,-0.03,17.39
5.426172435283661,-0.03,17.45
5.427606891840696,-0.03,17.46
5.429083783179522,-0.03,17.41
5.430524535477161,-0.03,17.4
5.431874290108681,-0.03,17.45
5.433449219912291,-0.03,17.41
5.434898119419813,-0.03,17.38
5.436321277171373,-0.03,17.42
5.437803171575069,-0.03,17.39
5.439167473465204,-0.03,17.31
5.440583370625973,-0.03,17.3
5.442195616662502,-0.03,17.4
5.4436074160039425,-0.03,17.4
5.445035308599472,-0.03,17.36
5.4465558640658855,-0.03,17.38
5.448016367852688,-0.03,17.3
5.449474602937698,-0.03,17.28
5.450925726443529,-0.03,17.32
5.4523814134299755,-0.03,17.32
5.453837621957064,-0.03,17.35
5.455185450613499,-0.03,17.33
5.456704933196306,-0.03,17.34
5.4582114070653915,-0.03,17.38
5.459650054574013,-0.03,17.37
5.461111407727003,-0.03,17.33
5.462478280067444,-0.03,17.3
5.46403856575489,-0.03,17.33
5.465480819344521,-0.03,17.31
5.466898504644632,-0.03,17.3
5.468398932367563,-0.03,17.32
5.469847921282053,-0.03,17.27
5.471295557916164,-0.03,17.29
5.472769122570753,-0.03,17.33
5.47422082722187,-0.03,17.4
5.47568379342556,-0.03,17.4
5.477136880159378,-0.03,17.39
5.478523004800081,-0.03,17.37
5.4800545908510685,-0.03,17.34
5.481481350958347,-0.03,17.33
5.482950631529093,-0.03,17.3
5.484351620078087,-0.03,17.3
5.485784150660038,-0.03,17.36
5.487293988466263,-0.03,17.35
5.488763462752104,-0.03,17.35
5.49018907174468,-0.03,17.33
5.491699516773224,-0.03,17.31
5.493159264326096,-0.03,17.33
5.494457747787237,-0.03,17.38
5.496057953685522,-0.03,17.38
5.4975126050412655,-0.03,17.35
5.498953964561224,-0.03,17.31
5.500432550907135,-0.03,17.36
5.50175479054451,-0.03,17.39
5.503342222422361,-0.03,17.34
5.504806488752365,-0.03,17.33
5.506267495453358,-0.03,17.38
5.5077184326946735,-0.03,17.35
5.509135525673628,-0.03,17.39
5.5106327049434185,-0.03,17.33
5.512058202177286,-0.03,17.32
5.513476401567459,-0.03,17.32
5.514903258532286,-0.03,17.25
5.516463998705149,-0.03,17.29
5.5179267674684525,-0.03,17.28
5.519346639513969,-0.03,17.3
5.520813141018152,-0.03,17.34
5.5222801975905895,-0.03,17.33
5.523701552301645,-0.03,17.3
5.525192763656378,-0.03,17.29
5.526651918888092,-0.03,17.29
5.528058499097824,-0.03,17.21
5.529562532901764,-0.03,17.15
5.531018991023302,-0.03,17.12
5.532477892935276,-0.03,17.16
5.533943548798561,-0.03,17.25
5.535384029150009,-0.03,17.27
5.536845441907644,-0.03,17.27
5.538226995617151,-0.03,17.22
5.539750423282385,-0.03,17.2
5.541210077702999,-0.03,17.22
5.5426731295883656,-0.03,17.23
5.544076751917601,-0.03,17.18
5.545477077364922,-0.03,17.2
5.546898473054171,-0.03,17.16
5.5484769232571125,-0.03,17.13
5.5499205105006695,-0.03,17.14
5.551404412835836,-0.03,17.15
5.552808590233326,-0.03,17.12
5.554227374494076,-0.03,17.08
5.5557889975607395,-0.03,17.15
5.5572163835167885,-0.03,17.18
5.558670055121183,-0.03,17.15
5.56013660505414,-0.03,17.16
5.561547238379717,-0.03,17.17
5.563046079128981,-0.03,17.17
5.5645008981227875,-0.03,17.17
5.565919850021601,-0.03,17.19
5.5673459358513355,-0.03,17.21
5.568862035870552,-0.03,17.21
5.570198472589254,-0.03,17.18
5.571739207953215,-0.03,17.12
5.5732330940663815,-0.03,17.03
5.574660141021013,-0.03,17.05
5.576084863394499,-0.03,17.09
5.577602576464415,-0.03,17.06
5.579060528427362,-0.03,17.06
5.5805175714194775,-0.03,17.1
5.581962905824184,-0.03,17.05
5.583407364785671,-0.03,17.04
5.584768261760473,-0.03,17.1
5.586287032812834,-0.03,17.08
5.587787244468927,-0.03,17.01
5.5892414301633835,-0.03,17.04
5.590698283165693,-0.03,17.04
5.5920929200947285,-0.03,17.04
5.593570072203875,-0.03,17.08
5.59507929161191,-0.03,17.06
5.596515115350485,-0.03,17.06
5.597926273941994,-0.03,17.05
5.599443234503269,-0.03,17.02
5.600878953933716,-0.03,16.99
5.602210093289614,-0.03,16.99
5.603794004768133,-0.03,17.01
5.605217102915049,-0.03,16.99
5.606718078255653,-0.03,16.96
5.60817313939333,-0.03,16.94
5.609481781721115,-0.03,16.97
5.6110768392682076,-0.03,16.96
5.612552810460329,-0.03,16.92
5.614000033587217,-0.03,16.9
5.615428622812033,-0.03,16.91
5.616923648864031,-0.03,16.89
5.618371643126011,-0.03,16.91
5.619813326746225,-0.03,16.89
5.621276292949915,-0.03,16.95
5.622730512171984,-0.03,16.94
5.624184608459473,-0.03,16.89
5.625573080033064,-0.03,16.9
5.627079140394926,-0.03,16.89
5.628525078296661,-0.03,16.89
5.629995968192816,-0.03,16.91
5.631472773849964,-0.03,16.9
5.632810216397047,-0.03,16.93
5.63437132909894,-0.03,16.92
5.635792586952448,-0.03,16.92
5.637293670326471,-0.03,16.88
5.638757910579443,-0.03,16.91
5.640216093510389,-0.03,16.93
5.641660947352648,-0.03,16.91
5.643139451742172,-0.03,16.92
5.644573248922825,-0.03,16.92
5.646010238677263,-0.03,16.85
5.647491037845612,-0.03,16.82
5.64894749969244,-0.03,16.86
5.650409996509552,-0.03,16.86
5.651865344494581,-0.03,16.82
5.6532116532325745,-0.03,16.83
5.654671970754862,-0.03,16.86
5.656243070960045,-0.03,16.9
5.6576632261276245,-0.03,16.88
5.659116253256798,-0.03,16.84
5.660555627197027,-0.03,16.79
5.6620262414216995,-0.03,16.78
5.663506630808115,-0.03,16.81
5.664945635944605,-0.03,16.85
5.666419517248869,-0.03,16.8
5.667853698134422,-0.03,16.78
5.669312693178654,-0.03,16.75
5.670804191380739,-0.03,16.74
5.672255638986826,-0.03,16.7
5.673703942447901,-0.03,16.69
5.675169967114925,-0.03,16.69
5.67652303352952,-0.03,16.68
5.678073443472385,-0.03,16.69
5.67952586337924,-0.03,16.71
5.680984701961279,-0.03,16.7
5.682435065507889,-0.03,16.69
5.683901742100716,-0.03,16.64
5.685363654047251,-0.02,16.65
5.686816431581974,-0.03,16.69
5.688256520777941,-0.03,16.73
5.689735494554043,-0.03,16.64
5.691105462610722,-0.03,16.65
5.692627966403961,-0.03,16.65
5.694102004170418,-0.03,16.63
5.695555545389652,-0.03,16.61
5.6970011703670025,-0.03,16.6
5.698463656008244,-0.03,16.56
5.699926700443029,-0.03,16.54
5.701378010213375,-0.03,16.52
5.702827736735344,-0.03,16.46
5.704288691282272,-0.02,16.46
5.7057445757091045,-0.03,16.41
5.707081265747547,-0.03,16.42
5.708655461668968,-0.03,16.44
5.710108045488596,-0.03,16.48
5.711557477712631,-0.03,16.47
5.71298711001873,-0.03,16.47
5.714371219277382,-0.02,16.5
5.715928051620722,-0.02,16.43
5.71739250048995,-0.02,16.43
5.718818426132202,-0.03,16.42
5.720284227281809,-0.03,16.35
5.721754431724548,-0.02,16.36
5.723158102482557,-0.02,16.41
5.724679324775934,-0.02,16.42
5.726135358214378,-0.03,16.4
5.727557372301817,-0.03,16.45
5.729050163179636,-0.02,16.41
5.730439398437738,-0.03,16.41
5.731937851756811,-0.02,16.49
5.7334174066782,-0.02,16.48
5.734868351370096,-0.02,16.45
5.736239567399025,-0.02,16.44
5.737783312797546,-0.02,16.41
5.739244922995567,-0.03,16.4
5.740686155855656,-0.03,16.38
5.742108087986708,-0.03,16.39
5.743557184934616,-0.03,16.41
5.7450663559138775,-0.02,16.42
5.746520072221756,-0.02,16.35
5.747974094003439,-0.03,16.32
5.749432522803545,-0.03,16.34
5.7508897334337234,-0.03,16.38
5.752326395362616,-0.02,16.39
5.753720350563526,-0.02,16.32
5.7552619986236095,-0.02,16.32
5.756685879081488,-0.03,16.35
5.758171804249287,-0.02,16.31
5.759561724960804,-0.03,16.38
5.761083383113146,-0.03,16.36
5.762535158544779,-0.03,16.28
5.763990473002195,-0.02,16.3
5.765445742756128,-0.02,16.37
5.766848225146532,-0.03,16.39
5.768369328230619,-0.02,16.29
5.769758675247431,-0.03,16.28
5.771285563707352,-0.02,16.29
5.772726584225893,-0.03,16.21
5.774104446172714,-0.03,16.23
5.775573533028364,-0.02,16.25
5.776996556669474,-0.03,16.23
5.778549190610647,-0.02,16.24
5.780013855546713,-0.03,16.28
5.781477648764849,-0.02,16.3
5.782822217792273,-0.02,16.25
5.784333318471909,-0.02,16.19
5.785849068313837,-0.03,16.14
5.787289086729288,-0.02,16.17
5.78874172642827,-0.02,16.23
5.7902125753462315,-0.02,16.26
5.791666936129332,-0.02,16.24
5.793128807097673,-0.02,16.18
5.794569153338671,-0.02,16.22
5.796036202460527,-0.02,16.28
5.797485049813986,-0.02,16.25
5.798947885632515,-0.02,16.2
5.800246756523848,-0.02,16.16
5.801850229501724,-0.02,16.24
5.803285732865334,-0.02,16.22
5.804775454103947,-0.02,16.19
5.806119948625565,-0.02,16.24
5.807689260691404,-0.02,16.21
5.80913308262825,-0.02,16.21
5.810585152357817,-0.02,16.2
5.812040936201811,-0.02,16.26
5.813413310796022,-0.02,16.25
5.814820073544979,-0.02,16.2
5.816421359777451,-0.02,16.16
5.817875009030104,-0.02,16.21
5.819315850734711,-0.03,16.23
5.820752799510956,-0.02,16.21
5.822223026305437,-0.02,16.22
5.823705915361643,-0.02,16.16
5.825148906558752,-0.02,16.16
5.826585199683905,-0.02,16.22
5.8280432485044,-0.02,16.23
5.829440727829933,-0.02,16.17
5.830866854637861,-0.02,16.16
5.832420151680708,-0.02,16.14
5.833869941532612,-0.02,16.15
5.835260856896639,-0.03,16.17
5.836784716695547,-0.02,16.12
5.8382261991500854,-0.02,16.08
5.839709021151066,-0.02,16.09
5.841166511178017,-0.02,16.13
5.8425537794828415,-0.02,16.18
5.8440686240792274,-0.02,16.2
5.845532421022654,-0.02,16.14
5.846986602991819,-0.02,16.1
5.848435901105404,-0.02,16.1
5.849895689636469,-0.02,16.06
5.851341612637043,-0.02,16.1
5.852780517190695,-0.02,16.15
5.854105867445469,-0.02,16.13
5.855704747140408,-0.02,16.16
5.857160773128271,-0.02,16.17
5.858569942414761,-0.02,16.1
5.860091242939234,-0.02,16.09
5.86150100082159,-0.02,16.09
5.862998589873314,-0.02,16.17
5.864466425031424,-0.02,16.19
5.865915533155203,-0.02,16.13
5.867369923740625,-0.02,16.06
5.8687937669456005,-0.02,16.12
5.8702905587852,-0.02,16.14
5.871741138398647,-0.02,16.13
5.873172778636217,-0.02,16.05
5.874657317996025,-0.02,16.12
5.876087833195925,-0.02,16.13
5.8775727562606335,-0.02,16.11
5.8790260925889015,-0.02,16.12
5.8804734125733376,-0.02,16.16
5.881926480680704,-0.02,16.22
5.883394341915846,-0.02,16.21
5.8846870213747025,-0.02,16.2
5.886284690350294,-0.02,16.11
5.887765780091286,-0.02,16.14
5.88912895694375,-0.02,16.17
5.890637144446373,-0.02,16.2
5.892029210925102,-0.02,16.16
5.893596895039082,-0.02,16.13
5.895020794123411,-0.02,16.07
5.896498329937458,-0.02,16.15
5.897950533777475,-0.02,16.18
5.89941319078207,-0.02,16.21
5.90086430311203,-0.02,16.25
5.902320187538862,-0.02,16.28
5.903746876865625,-0.02,16.25
5.905190777033567,-0.01,16.24
5.906553581357002,-0.01,16.2
5.908150091767311,-0.01,16.26
5.909577559679747,-0.02,16.25
5.910997167229652,-0.02,16.31
5.912502072751522,-0.02,16.31
5.913889147341251,-0.02,16.26
5.915340196341276,-0.02,16.27
5.916879910975695,-0.02,16.3
5.918288376182318,-0.02,16.33
5.919780746102333,-0.01,16.31
5.921129867434502,-0.02,16.31
5.922698892652988,-0.02,16.31
5.924132835119963,-0.01,16.34
5.925600562244654,-0.02,16.35
5.927041355520487,-0.01,16.28
5.928511571139097,-0.01,16.34
5.929842360317707,-0.01,16.43
5.931375119835138,-0.01,16.46
5.932869326323271,-0.02,16.4
5.934329885989428,-0.01,16.38
5.935771074146032,-0.01,16.39
5.937171708792448,-0.01,16.42
5.938696425408125,-0.01,16.39
5.940153244882822,-0.01,16.43
5.941624250262976,-0.01,16.45
5.9430581741034985,-0.01,16.39
5.944524075835943,-0.01,16.41
5.945978507399559,-0.01,16.51
5.947446472942829,-0.01,16.45
5.948880210518837,-0.01,16.41
5.950297065079212,-0.01,16.46
5.951817099004984,-0.01,16.43
5.953150954097509,-0.02,16.43
5.954708572477102,-0.02,16.49
5.956169404089451,-0.02,16.51
5.957622118294239,-0.02,16.49
5.959097146987915,-0.01,16.49
5.960419416427612,-0.02,16.5
5.961931765079498,-0.02,16.51
5.963471796363592,-0.02,16.51
5.96488905698061,-0.01,16.58
5.966382388025522,-0.01,16.54
5.96781237795949,-0.01,16.52
5.969216573983431,-0.02,16.59
5.970747549086809,-0.01,16.54
5.972156047821045,-0.01,16.49
5.973655108362436,-0.01,16.57
5.975116588175297,-0.01,16.61
5.976574342697859,-0.01,16.67
5.9780235923826694,-0.01,16.63
5.979444667696953,-0.01,16.61
5.980916175991297,-0.01,16.61
5.982295349240303,-0.01,16.63
5.983748361468315,-0.02,16.66
5.985270917415619,-0.02,16.64
5.986759901046753,-0.01,16.67
5.98817976936698,-0.02,16.69
5.989631112664938,-0.02,16.7
5.990998163819313,-0.02,16.68
5.992584362626076,-0.02,16.7
5.994027134031057,-0.02,16.71
5.995472505688667,-0.02,16.71
5.996896151453257,-0.02,16.71
5.998411640524864,-0.02,16.69
5.999864049255848,-0.02,16.72
6.001312505453825,-0.02,16.71
6.0027682557702065,-0.02,16.72
6.004226695746183,-0.02,16.77
6.00568737462163,-0.02,16.74
6.007052481174469,-0.02,16.76
6.0086023062467575,-0.02,16.78
6.010068159550428,-0.02,16.81
6.011447336524725,-0.02,16.83
6.012960568070412,-0.02,16.79
6.014293268322945,-0.02,16.81
6.015867572277784,-0.02,16.82
6.017309792339802,-0.02,16.8
6.018737908452749,-0.02,16.83
6.02024457603693,-0.02,16.83
6.02167171984911,-0.02,16.89
6.023037154227495,-0.02,16.9
6.024600647389889,-0.02,16.82
6.0260320864617825,-0.02,16.77
6.027492590248585,-0.02,16.82
6.028934884816408,-0.02,16.89
6.030373137444258,-0.02,16.91
6.0318944454193115,-0.02,16.86
6.033347826451063,-0.02,16.83
6.034815181046724,-0.02,16.85
6.036222454160452,-0.02,16.9
6.037593394517899,-0.02,16.93
6.039181061089039,-0.02,16.91
6.040603268891573,-0.02,16.92
6.042080171406269,-0.02,16.94
6.043447233736515,-0.02,16.93
6.044911254197359,-0.02,16.89
6.046468935906887,-0.02,16.89
6.0478898994624615,-0.02,16.92
6.0493329130113125,-0.02,16.96
6.0507523491978645,-0.02,16.95
6.052288632839918,-0.02,16.99
6.05374002084136,-0.02,17.02
6.055188745260239,-0.02,16.98
6.056658495217562,-0.02,16.95
6.058100961148739,-0.02,16.98
6.0595632791519165,-0.02,17.02
6.061007220298052,-0.02,17.0
6.06248477101326,-0.02,17.04
6.06394175440073,-0.02,17.07
6.065311703830957,-0.02,17.02
6.066856577992439,-0.02,17.07
6.0681565552949905,-0.02,17.09
6.0697590336203575,-0.02,17.05
6.071218978613615,-0.02,17.05
6.072606526315212,-0.02,17.08
6.074074104428291,-0.02,17.04
6.0754509046673775,-0.02,17.01
6.077045764774084,-0.02,17.03
6.078502934426069,-0.02,17.05
6.079895384609699,-0.02,17.06
6.0813770443201065,-0.02,17.02
6.0828731916844845,-0.02,17.02
6.084233433008194,-0.02,17.07
6.08576237782836,-0.02,17.08
6.087236732244492,-0.02,17.1
6.0886298306286335,-0.02,17.1
6.090143691748381,-0.02,17.07
6.091607883572578,-0.02,17.04
6.093045264482498,-0.02,17.06
6.094509016722441,-0.02,17.11
6.095972303301096,-0.02,17.06
6.097422271966934,-0.02,17.07
6.098736699670553,-0.02,17.07
6.100338265299797,-0.02,17.02
6.101760316640139,-0.02,17.03
6.1031827218830585,-0.02,17.1
6.104608461260796,-0.02,17.16
6.106163453310728,-0.02,17.16
6.107624497264624,-0.02,17.13
6.109080150723457,-0.02,17.13
6.1104735769331455,-0.02,17.15
6.111995913088322,-0.02,17.11
6.113449051976204,-0.02,17.1
6.1148069985210896,-0.02,17.18
6.116336241364479,-0.02,17.21
6.117765635251999,-0.02,17.17
6.119256768375635,-0.02,17.14
6.120720572769642,-0.02,17.16
6.122066140174866,-0.02,17.15
6.1236290745437145,-0.02,17.19
6.125100906938314,-0.02,17.2
6.126537587493658,-0.02,17.17
6.1279811672866344,-0.02,17.19
6.129327565431595,-0.02,17.24
6.130919940769672,-0.02,17.25
6.132338415831327,-0.02,17.24
6.1337602250278,-0.02,17.26
6.135256677865982,-0.02,17.26
6.136749994009733,-0.02,17.21
6.13820980116725,-0.02,17.19
6.139631651341915,-0.02,17.22
6.141117502003908,-0.02,17.21
6.142472866922617,-0.02,17.24
6.144013952463865,-0.02,17.23
6.145493406802416,-0.02,17.23
6.146938979625702,-0.02,17.3
6.148391366004944,-0.02,17.26
6.149850491434336,-0.02,17.2
6.151280466467142,-0.02,17.27
6.1527673825621605,-0.02,17.29
6.1542030312120914,-0.02,17.28
6.155670922249556,-0.02,17.25
6.157133873552084,-0.02,17.28
6.15851017460227,-0.02,17.28
6.159931410104036,-0.02,17.29
6.161497097462416,-0.02,17.24
6.162960592657328,-0.02,17.27
6.164409227669239,-0.02,17.33
6.165860388427973,-0.02,17.33
6.167323991656303,-0.02,17.25
6.168782699853182,-0.02,17.26
6.170238584280014,-0.02,17.34
6.171630743891001,-0.02,17.39
6.173151504248381,-0.02,17.39
6.174486596137285,-0.02,17.35
6.1759176552295685,-0.02,17.33
6.177520476281643,-0.02,17.32
6.178964834660292,-0.02,17.36
6.180399466305971,-0.02,17.35
6.18176481872797,-0.02,17.34
6.183345057070255,-0.02,17.36
6.184799436479807,-0.02,17.4
6.18621514365077,-0.02,17.48
6.187667604535818,-0.02,17.45
6.189166482537985,-0.02,17.34
6.19055549800396,-0.02,17.38
6.192069001495838,-0.02,17.48
6.193498898297548,-0.02,17.42
6.194921676069498,-0.02,17.36
6.196366790682077,-0.02,17.4
6.197897456586361,-0.02,17.4
6.1992824375629425,-0.02,17.4
6.20080291852355,-0.02,17.43
6.202208027243614,-0.02,17.47
6.203720271587372,-0.02,17.46
6.205083634704351,-0.02,17.49
6.206627961248159,-0.02,17.41
6.208074521273375,-0.02,17.38
6.209523554891348,-0.02,17.43
6.210931673645973,-0.02,17.5
6.212341591715813,-0.02,17.48
6.213915854692459,-0.02,17.43
6.215366344898939,-0.02,17.44
6.216832421720028,-0.02,17.43
6.2182258777320385,-0.02,17.42
6.219716440886259,-0.02,17.44
6.22119564563036,-0.02,17.48
6.222653232514858,-0.02,17.5
6.224105142056942,-0.02,17.47
6.225554022938013,-0.02,17.45
6.226996507495642,-0.02,17.44
6.228379316627979,-0.02,17.48
6.229937590658665,-0.02,17.51
6.231394130736589,-0.02,17.46
6.232838194817305,-0.02,17.45
6.234260454773903,-0.02,17.5
6.235625237226486,-0.02,17.5
6.2371441796422005,-0.02,17.51
6.238674830645323,-0.02,17.51
6.240070026367903,-0.02,17.52
6.241582598537207,-0.02,17.55
6.24302764236927,-0.02,17.53
6.244421444833279,-0.02,17.42
6.245945073664188,-0.02,17.42
6.247367579489946,-0.02,17.49
6.248861998319626,-0.02,17.48
6.250238839536905,-0.02,17.48
6.251753743737936,-0.02,17.45
6.25323286280036,-0.02,17.45
6.254673734307289,-0.02,17.49
6.2560758255422115,-0.02,17.46
6.2575944401323795,-0.02,17.47
6.258920982480049,-53.89,17.39
6.26051564887166,-0.02,17.36
6.261964987963438,-0.02,17.43
6.263415776193142,-0.02,17.43
6.264834601432085,-0.02,17.39
6.266344528645277,-0.02,17.39
6.2677128948271275,-0.02,17.35
6.26925290748477,-0.02,17.41
6.270705528557301,-0.02,17.45
6.27216238155961,-0.02,17.39
6.273553736507893,-0.02,17.35
6.275003381073475,-0.02,17.39
6.276522200554609,-0.02,17.41
6.277983766049147,-0.02,17.42
6.279362834990025,-0.02,17.42
6.280893128365278,-0.02,17.4
6.282359715551138,-0.02,17.34
6.283812046051025,-0.02,17.36
6.285272028297186,-0.02,17.34
6.286718264222145,-0.02,17.37
6.288110475987196,-0.02,17.37
6.289640571922064,-0.02,17.36
6.291100949048996,-0.02,17.4
6.292517617344856,-0.02,17.39
6.293938282877207,-0.02,17.3
6.295466937124729,-0.02,17.31
6.296881705522537,-0.02,17.35
6.298288971185684,-0.02,17.36
6.299832183867693,-0.02,17.36
6.301257386803627,-0.02,17.35
6.302654847502708,-0.02,17.36
6.304156731814146,-0.02,17.35
6.3055817149579525,-0.02,17.34
6.307106103748083,-0.02,17.32
6.3085243590176105,-0.02,17.38
6.3100170232355595,-0.02,17.34
6.3114755265414715,-0.02,17.31
6.312935270369053,-0.02,17.3
6.314385622739792,-0.02,17.26
6.315840799361467,-0.02,17.28
6.317232385277748,-0.02,17.31
6.318738855421543,-0.02,17.28
6.320181466639042,-0.02,17.28
6.321674134582281,-0.02,17.32
6.323123849928379,-0.02,17.28
6.3245806731283665,-0.02,17.3
6.325956527143717,-0.02,17.29
6.327492695301771,-0.02,17.19
6.328898135572672,-0.02,17.2
6.330385155975819,-0.02,17.18
6.331844512373209,-0.02,17.17
6.333261154592037,-0.02,17.18
6.3347721844911575,-0.02,17.19
6.336180802434683,-0.02,17.18
6.337692026048899,-0.02,17.16
6.33909697830677,-0.02,17.17
6.340553566813469,-0.02,17.14
6.342022679746151,-0.02,17.17
6.343513607978821,-0.02,17.17
6.344963677227497,-0.02,17.1
6.346423912793398,-0.02,17.09
6.3478560782969,-0.02,17.1
6.349278077483177,-0.02,17.15
6.350748300552368,-0.02,17.13
6.352255437523127,-0.02,17.1
6.353695701807737,-0.02,17.07
6.355164844542742,-0.02,17.07
6.356598060578108,-0.02,17.07
6.358064852654934,-0.02,17.08
6.359446324408054,-0.02,17.04
6.360961750149727,-0.02,17.02
6.362444717437029,-0.02,17.01
6.3638965636491776,-0.02,16.96
6.365358076989651,-0.02,17.04
6.366809349507093,-0.02,17.07
6.3682586923241615,-0.02,16.99
6.369726985692978,-0.02,16.96
6.371139392256737,-0.02,17.01
6.372619193047285,-0.02,17.02
6.374081559479237,-0.02,16.97
6.375545114278793,-0.02,16.94
6.376989841461182,-0.02,16.9
6.378407184034586,-0.02,16.92
6.379852633923292,-0.02,16.95
6.381373960524797,-0.02,16.95
6.382832445204258,-0.02,16.92
6.384274240583181,-0.02,16.97
6.38571385666728,-0.02,16.95
6.387184631079435,-0.02,16.93
6.388610079884529,-0.02,16.97
6.390015780925751,-0.02,16.89
6.391551475971937,-0.02,16.82
6.3929653242230415,-0.02,16.9
6.394448559731245,-0.02,16.92
6.395868849009275,-0.02,16.92
6.3973775915801525,-0.02,16.91
6.398836150765419,-0.02,16.93
6.400254923850298,-0.02,16.95
6.401759579777718,-0.02,16.94
6.403203655034304,-0.02,16.92
6.404519088566303,-0.02,16.91
6.406118795275688,-0.02,16.9
6.407583240419626,-0.02,16.9
6.408998463302851,-0.02,16.84
6.410460859537125,-0.02,16.81
6.411956060677767,-0.02,16.81
6.413412377238274,-0.02,16.88
6.414856638759375,-0.02,16.86
6.416304621845484,-0.02,16.81
6.417708870023489,-0.02,16.85
6.419225715100765,-0.02,16.89
6.420676294714212,-0.02,16.89
6.42214871942997,-0.02,16.88
6.423601113259792,-0.02,16.84
6.425058528780937,-0.02,16.8
6.426496688276529,-0.02,16.87
6.427896719425917,-0.02,16.87
6.429417606443167,-0.02,16.91
6.430861711502075,-0.02,16.86
6.432300042361021,-0.02,16.9
6.433784671127796,-0.02,16.86
6.435246553272009,-0.02,16.83
6.4366976618766785,-0.02,16.81
6.438123144209385,-0.02,16.85
6.43961239606142,-0.02,16.88
6.440967038273811,-0.02,16.84
6.442450139671564,-0.02,16.77
6.443997319787741,-0.02,16.75
6.445429101586342,-0.02,16.85
6.446875903755426,-0.02,16.89
6.448299415409565,-0.02,16.86
6.449809141457081,-0.02,16.84
6.451254863291979,-0.02,16.86
6.452722150832415,-0.02,16.82
6.454124059528112,-0.02,16.84
6.455628365278244,-0.02,16.82
6.457087226212025,-0.02,16.81
6.458551939576864,-0.02,16.86
6.459990005940199,-0.02,16.82
6.461442764848471,-0.02,16.83
6.462917152792215,-0.02,16.82
6.464327473193407,-0.02,16.87
6.465829063206911,-0.02,16.86
6.467279594391584,-0.02,16.87
6.468742609024048,-0.02,16.8
6.470124375075102,-0.02,16.83
6.471649661660194,-0.02,16.85
6.473109353333712,-0.02,16.83
6.474568136036396,-0.02,16.82
6.4759916961193085,-0.02,16.8
6.4774114564061165,-0.02,16.76
6.478837136179209,-0.02,16.74
6.480305586010218,-0.02,16.83
6.481837414205074,-0.02,16.84
6.483295224606991,-0.02,16.8
6.4847570434212685,-0.02,16.74
6.4862039387226105,-0.02,16.78
6.487563114613295,-0.02,16.79
6.489083647727966,-0.02,16.75
6.4905687011778355,-0.02,16.79
6.492000475525856,-0.02,16.79
6.493411090224981,-0.02,16.76
6.494840431958437,-0.02,16.78
6.496387466788292,-0.02,16.82
6.497857540845871,-0.02,16.84
6.499297879636288,-0.02,16.82
6.500764515250921,-0.02,16.82
6.502126768231392,-0.02,16.79
6.503685310482979,-0.02,16.78
6.505144476890564,-0.02,16.79
6.506593991070986,-0.02,16.81
6.508047744631767,-0.02,16.77
6.50951337441802,-0.02,16.81
6.5109681114554405,-0.02,16.8
6.512260142713785,-0.02,16.76
6.513859964907169,-0.02,16.74
6.5152826346457005,-0.02,16.74
6.516794327646494,-0.02,16.7
6.5181886330246925,-0.02,16.68
6.519711807370186,-0.02,16.69
6.5211445689201355,-0.02,16.77
6.522594105452299,-0.02,16.79
6.524072099477053,-0.02,16.82
6.525532156229019,-0.02,16.77
6.526876375079155,-0.02,16.78
6.528444316238165,-0.02,16.76
6.529903676360846,-0.02,16.74
6.531359240412712,-0.02,16.75
6.532807633280754,-0.02,16.74
6.534252282232046,-0.02,16.72
6.535725597292185,-0.03,16.73
6.537144746631384,-0.02,16.72
6.538566578179598,-0.02,16.71
6.540027856826782,-0.03,16.71
6.5415412448346615,-0.03,16.72
6.5430133901536465,-0.03,16.73
6.544459402561188,-0.03,16.73
6.54591316357255,-0.03,16.72
6.547367557883263,-0.03,16.72
6.54882500693202,-0.03,16.7
6.5501814894378185,-0.03,16.71
6.551729079335928,-0.03,16.73
6.553173329681158,-0.03,16.7
6.554604336619377,-0.03,16.71
6.55609555542469,-0.03,16.7
6.55741148814559,-0.03,16.65
6.559017159044743,-0.03,16.72
6.560480009764433,-0.03,16.74
6.561929740011692,-0.03,16.68
6.563387371599674,-0.03,16.69
6.564849749207497,-0.03,16.72
6.566307041794062,-0.03,16.71
6.567723263055086,-0.03,16.68
6.569192871451378,-0.03,16.66
6.570612292736769,-0.03,16.6
6.572132643312216,-0.03,16.64
6.573517564684153,-0.03,16.67
6.575013421475887,-0.03,16.67
6.576493266969919,-0.03,16.66
6.577948212623596,-0.03,16.65
6.5792856849730015,-0.03,16.67
6.580853309482336,-0.03,16.63
6.582307819277048,-0.03,16.58
6.5837305672466755,-0.03,16.64
6.585193760693073,-0.03,16.57
6.586573880165815,-0.03,16.62
6.588134434074163,-0.03,16.59
6.589591611176729,-0.03,16.58
6.591018971055746,-0.03,16.62
6.5925027541816235,-0.03,16.58
6.593968246132135,-0.03,16.59
6.595422223210335,-0.03,16.63
6.596884794533253,-0.03,16.65
6.598311942070723,-0.03,16.58
6.599802032113075,-0.03,16.56
6.601254433393478,-0.03,16.54
6.6026735082268715,-0.03,16.59
6.6041478253901005,-0.03,16.59
6.605595130473375,-0.03,16.62
6.607019018381834,-0.03,16.58
6.608534850180149,-0.03,16.55
6.609933622181416,-0.03,16.55
6.611391145735979,-0.03,16.51
6.612882301211357,-0.03,16.52
6.614340398460627,-0.03,16.54
6.615764010697603,-0.03,16.52
6.617193289101124,-0.03,16.48
6.618706148117781,-0.03,16.49
6.6201758198440075,-0.03,16.46
6.621633242815733,-0.03,16.49
6.623014573007822,-0.03,16.53
6.624550435692072,-0.03,16.48
6.6259274035692215,-0.03,16.49
6.627287391573191,-0.03,16.49
6.628887236118317,-0.03,16.47
6.630323622375727,-0.03,16.5
6.631818518042564,-0.03,16.5
6.63328455761075,-0.03,16.49
6.634746614843607,-0.03,16.47
6.636169459670782,-0.03,16.45
6.637595202773809,-0.03,16.46
6.639103803783655,-0.03,16.45
6.6404397785663605,-0.03,16.4
6.642026279121637,-0.03,16.41
6.643466342240572,-0.03,16.45
6.644901346415281,-0.03,16.43
6.646316021680832,-0.03,16.46
6.647842422127724,-0.03,16.44
6.649220164865255,-0.03,16.46
6.650750812143087,-0.03,16.47
6.652218256145716,-0.03,16.48
6.653591711074114,-0.03,16.49
6.655104834586382,-0.03,16.43
6.656584557145834,-0.03,16.41
6.658043719828129,-0.03,16.43
6.659487143158913,-0.03,16.48
6.660892631858587,-0.03,16.46
6.662404280155897,-0.03,16.43
6.6637689881026745,-0.03,16.49
6.6652523688972,-0.03,16.52
6.666774250566959,-0.03,16.54
6.668225318193436,-0.03,16.46
6.669592350721359,-0.03,16.47
6.671121098101139,-0.03,16.46
6.672447167336941,-0.03,16.4
6.674052186310291,-0.03,16.44
6.675470199435949,-0.03,16.46
6.676900994032621,-0.03,16.43
6.678433809429407,-0.03,16.47
6.679814863950014,-0.03,16.44
6.6813341192901134,-0.03,16.45
6.682792089879513,-0.03,16.47
6.684181433171034,-0.03,16.48
6.685679830610752,-0.03,16.46
6.6870592050254345,-0.03,16.48
6.688620913773775,-0.03,16.46
6.690076518803835,-0.03,16.45
6.6915323585271835,-0.03,16.47
6.692889880388975,-0.03,16.52
6.69444677978754,-0.03,16.46
6.695745829492807,-0.03,16.43
6.697354227304459,-0.03,16.45
6.698811557143927,-0.03,16.49
6.700259067118168,-0.03,16.52
6.701612934470177,-0.03,16.48
6.703179158270359,-0.03,16.48
6.704619515687227,-0.03,16.44
6.706092108041048,-0.03,16.46
6.707539722323418,-0.03,16.53
6.708928395062685,-0.03,16.55
6.710384279489517,-0.03,16.55
6.7119054570794106,-0.03,16.55
6.713356949388981,-0.03,16.53
6.714751377701759,-0.03,16.5
6.716269172728062,-0.03,16.49
6.717616461217403,-0.03,16.49
6.7191931791603565,-0.03,16.45
6.720618098974228,-0.03,16.51
6.72204352915287,-0.03,16.54
6.72352883592248,-0.03,16.49
6.725001305341721,-0.03,16.51
6.726343970745802,-0.03,16.58
6.727924916893244,-0.03,16.53
6.729330878704786,-0.03,16.47
6.730753466486931,-0.03,16.49
6.732204865664244,-0.03,16.5
6.73368077352643,-0.03,16.55
6.7351959981024265,-0.03,16.57
6.736622482538223,-0.03,16.56
6.738117877393961,-0.03,16.56
6.739573772996664,-0.03,16.61
6.741037186235189,-0.02,16.57
6.742488909512758,-0.02,16.51
6.743944149464369,-0.03,16.52
6.745395228266716,-0.03,16.58
6.746757876127958,-0.02,16.63
6.748288549482822,-0.02,16.56
6.749775845557451,-0.02,16.62
6.7512313686311245,-0.03,16.6
6.752680879086256,-0.03,16.53
6.754039686173201,-0.02,16.54
6.755585964769125,-0.03,16.59
6.756890211254358,-0.03,16.53
6.758483607321978,-0.03,16.53
6.759948093444109,-0.03,16.55
6.7614221051335335,-0.03,16.57
6.76287654414773,-0.03,16.63
6.764286436140537,-0.03,16.65
6.7657770216465,-0.03,16.57
6.7672293819487095,-0.03,16.53
6.76862258464098,-0.03,16.58
6.7700892351567745,-0.03,16.62
6.7715097814798355,-0.03,16.6
6.77306655049324,-0.03,16.61
6.7744856886565685,-0.03,16.62
6.775979220867157,-0.03,16.58
6.7773349694907665,-0.03,16.6
6.778890199959278,-0.03,16.62
6.78035755828023,-0.03,16.58
6.781774044036865,-0.03,16.56
6.783262949436903,-0.03,16.58
6.784664425998926,-0.03,16.6
6.7861342169344425,-0.03,16.56
6.7874696888029575,-0.03,16.54
6.789084240794182,-0.03,16.57
6.790492292493582,-0.03,16.61
6.7919220589101315,-0.03,16.65
6.793450966477394,-0.03,16.67
6.7948459051549435,-0.03,16.61
6.796355586498976,-0.03,16.59
6.7978176809847355,-0.03,16.62
6.799242850393057,-0.03,16.63
6.800728090107441,-0.03,16.61
6.802055697888136,-0.03,16.61
6.803645733743906,-0.03,16.66
6.805065382272005,-0.03,16.67
6.806557297706604,-0.03,16.66
6.807990375906229,-0.03,16.65
6.80937422439456,-0.03,16.62
6.810914311558008,-0.03,16.62
6.812356855720282,-0.03,16.6
6.813786197453737,-0.03,16.63
6.815202496945858,-0.03,16.66
6.816679883748293,-0.03,16.64
6.818176053464413,-0.03,16.61
6.819643650203943,-0.03,16.63
6.8210894130170345,-0.03,16.65
6.822572011500597,-0.03,16.64
6.82399495318532,-0.03,16.61
6.825456582009792,-0.03,16.65
6.8269352465868,-0.03,16.6
6.828368544578552,-0.03,16.61
6.829813320189714,-0.03,16.64
6.831231687217951,-0.03,16.67
6.832764972001314,-0.03,16.66
6.83423201367259,-0.03,16.66
6.835676621645689,-0.03,16.67
6.837119437754154,-0.03,16.63
6.838584125041962,-0.03,16.63
6.8400441743433475,-0.03,16.65
6.841498643159866,-0.03,16.59
6.842937711626291,-0.03,16.59
6.844383645802736,-0.03,16.62
6.845782335847616,-0.03,16.63
6.847331639379263,-0.03,16.58
6.848706841468811,-0.03,16.59
6.850234683603048,-0.03,16.65
6.851647835224867,-0.03,16.67
6.853148564696312,-0.03,16.66
6.854487240314484,-0.03,16.59
6.856022145599127,-0.03,16.6
6.857511915266514,-0.03,16.6
6.858970791101456,-0.03,16.57
6.860377933830023,-0.03,16.65
6.861883491277695,-0.03,16.66
6.863344039767981,-0.03,16.58
6.864808201789856,-0.03,16.57
6.866259250789881,-0.03,16.6
6.867646299302578,-0.03,16.62
6.869100119918585,-0.03,16.59
6.870559431612492,-0.03,16.57
6.87191104888916,-0.03,16.56
6.873531114310026,-0.03,16.58
6.874985095113516,-0.03,16.56
6.876444470137358,-0.03,16.64
6.877862896770239,-0.03,16.62
6.87927083671093,-0.03,16.59
6.880804620683193,-0.03,16.66
6.882254119962454,-0.03,16.57
6.883715081959963,-0.03,16.55
6.885127793997526,-0.03,16.58
6.886493932455778,-0.03,16.62
6.888097647577524,-0.03,16.58
6.889510728418827,-0.03,16.61
6.890933655202389,-0.03,16.59
6.892422337085009,-0.03,16.54
6.8938548266887665,-0.03,16.51
6.895358432084322,-0.03,16.53
6.89679865911603,-0.03,16.55
6.898224376142025,-0.03,16.54
6.899750825017691,-0.03,16.56
6.901143740862608,-0.03,16.56
6.902572877705097,-0.03,16.58
6.904088482260704,-0.03,16.59
6.905572857707739,-0.03,16.54
6.90701899304986,-0.03,16.6
6.9084747694432735,-0.03,16.62
6.909941293299198,-0.03,16.6
6.911378048360348,-0.03,16.6
6.912827964872122,-0.03,16.58
6.914222542196512,-0.03,16.51
6.9157299511134624,-0.03,16.55
6.917214144021273,-0.03,16.57
6.9186710976064205,-0.03,16.58
6.920093286782503,-0.03,16.58
6.921576295047998,-0.03,16.54
6.923049472272396,-0.03,16.56
6.924452506005764,-0.03,16.58
6.925954710692167,-0.03,16.6
6.927411139011383,-0.03,16.56
6.928840223699808,-0.03,16.59
6.930270973592997,-0.03,16.54
6.931743908673525,-0.03,16.54
6.933219321072102,-0.03,16.56
6.9346724152565,-0.03,16.55
6.936097461730242,-0.03,16.55
6.937600277364254,-0.03,16.58
6.938935738056898,-0.03,16.57
6.940390229225159,-0.03,16.57
6.941963341087103,-0.03,16.55
6.9434265568852425,-0.03,16.56
6.944816142320633,-0.03,16.59
6.946257032454014,-0.03,16.58
6.947776637971401,-0.03,16.58
6.949251722544432,-0.03,16.54
6.9507051557302475,-0.03,16.55
6.9521143436431885,-0.03,16.56
6.953554045408964,-0.03,16.52
6.954994689673185,-0.03,16.57
6.956533182412386,-0.03,16.6
6.957984860986471,-0.03,16.6
6.959391552954912,-0.03,16.57
6.960829712450504,-0.03,16.61
6.9623142927885056,-0.03,16.64
6.963822245597839,-0.03,16.56
6.965259414166212,-0.03,16.55
6.966707311570644,-0.03,16.5
6.968156889081001,-0.03,16.49
6.969615843147039,-0.03,16.49
6.970934942364693,-0.03,16.53
6.972539722919464,-0.03,16.61
6.973988983780146,-0.03,16.63
6.975399363785982,-0.03,16.59
6.976805295795202,-0.03,16.59
6.978360082954168,-0.03,16.6
6.979679241776466,-0.03,16.54
6.981255475431681,-0.03,16.54
6.982713747769594,-0.03,16.55
6.9841160997748375,-0.03,16.54
6.9855139553546906,-0.03,16.57
6.987051084637642,-0.03,16.61
6.9885357692837715,-0.03,16.62
6.989984400570393,-0.03,16.6
6.991448305547237,-0.03,16.57
6.992895048111677,-0.03,16.61
6.994362432509661,-0.03,16.6
6.995811447501183,-0.03,16.6
6.997250538319349,-0.03,16.61
6.998731654137373,-0.03,16.58
7.00019071623683,-0.03,16.56
7.001515846699476,-0.03,16.6
7.003060899674892,-0.03,16.63
7.004534114152193,-0.03,16.54
7.006000246852636,-0.03,16.56
7.00744541361928,-0.03,16.64
7.008887652307749,-0.03,16.63
7.010227523744106,-0.03,16.57
7.011827506124973,-0.03,16.6
7.013276159763336,-0.03,16.65
7.0146729201078415,-0.03,16.61
7.016208995133638,-0.03,16.57
7.0176355093717575,-0.03,16.57
7.018938597291708,-0.03,16.68
7.020539712160826,-0.03,16.64
7.022011443972588,-0.03,16.55
7.023476582020521,-0.03,16.57
7.024927083402872,-0.03,16.63
7.026371739804745,-0.03,16.68
7.0278310887515545,-0.03,16.69
7.029297959059477,-0.03,16.67
7.030675187706947,-0.03,16.67
7.032201286405325,-0.03,16.66
7.0335314236581326,-0.03,16.57
7.035117316991091,-0.03,16.58
7.036536231637001,-0.03,16.66
7.037995595484972,-0.03,16.66
7.039448399096727,-0.03,16.64
7.040927395224571,-0.03,16.58
7.04225929453969,-0.03,16.55
7.043856684118509,-0.03,16.53
7.045316353440285,-0.03,16.51
7.046757712960243,-0.03,16.59
7.0482386611402035,-0.03,16.61
7.049683284014463,-0.03,16.57
7.051118899136782,-0.03,16.62
7.052594386041164,-0.03,16.59
7.054046977311373,-0.03,16.55
7.055465243756771,-0.03,16.55
7.056906741112471,-0.03,16.59
7.058422591537237,-0.03,16.58
7.059826303273439,-0.03,16.54
7.061327677220106,-0.03,16.52
7.062670849263668,-0.03,16.56
7.064243298023939,-0.03,16.54
7.065692204982042,-0.03,16.51
7.067148398607969,-0.03,16.54
7.068614825606346,-0.03,16.55
7.070026405155659,-0.03,16.54
7.071388006210327,-0.03,16.57
7.072982091456652,-0.03,16.57
7.074409432709217,-0.03,16.53
7.075856473296881,-0.04,16.51
7.077305432409048,-0.04,16.56
7.078806430101395,-0.04,16.56
7.080205626785755,-0.04,16.5
7.081718385219574,-0.03,16.52
7.083172906190157,-0.03,16.51
7.0845401138067245,-0.03,16.5
7.0860237665474415,-0.03,16.44
7.087422575801611,-0.03,16.44
7.088984273374081,-0.04,16.4
7.090463098138571,-0.03,16.43
7.091853465884924,-0.03,16.41
7.093287821859121,-0.03,16.44
7.094817001372576,-0.03,16.36
7.0962726175785065,-0.03,16.4
7.097726371139288,-0.03,16.43
7.099184557795525,-0.03,16.41
7.1005444675683975,-0.03,16.45
7.10207162052393,-0.03,16.38
7.103564977645874,-0.03,16.37
7.105007119476795,-0.04,16.43
7.106454141438007,-0.04,16.42
7.107828255742788,-0.03,16.46
7.109286714345217,-0.03,16.45
7.110854547470808,-0.03,16.42
7.112300284206867,-0.03,16.37
7.1137431263923645,-0.03,16.38
7.115205954760313,-0.03,16.4
7.116670023649931,-0.03,16.41
7.117983032017946,-0.03,16.44
7.119559668004513,-0.03,16.42
7.121025815606117,-0.03,16.39
7.1224886029958725,-0.04,16.34
7.123935326933861,-0.03,16.33
7.125393155962229,-0.03,16.35
7.126852106302977,-0.03,16.35
7.12828828766942,-0.03,16.37
7.129769191145897,-0.03,16.36
7.131231501698494,-0.03,16.4
7.132604345679283,-0.03,16.4
7.134137541055679,-0.03,16.34
7.1355613470077515,-0.03,16.29
7.136993084102869,-0.03,16.29
7.138504095375538,-0.03,16.35
7.139950580894947,-0.03,16.43
7.141401909291744,-0.03,16.38
7.1428559720516205,-0.03,16.34
7.144308999180794,-0.03,16.38
7.145789846777916,-0.03,16.39
7.147115610539913,-0.03,16.36
7.148563746362925,-0.03,16.39
7.150155406445265,-0.03,16.36
7.1516031213104725,-0.03,16.29
7.153011281043291,-0.03,16.33
7.15445115044713,-0.03,16.42
7.155840799212456,-0.03,16.4
7.157427221536636,-0.03,16.37
7.158895157277584,-0.03,16.37
7.160273086279631,-0.03,16.34
7.161743339151144,-0.03,16.32
7.163192294538021,-0.03,16.4
7.164597667753696,-0.03,16.41
7.166150625795126,-0.03,16.41
7.167632836848497,-0.03,16.42
7.169075768440962,-0.03,16.37
7.170472100377083,-0.03,16.34
7.1719875037670135,-0.03,16.38
7.17343482375145,-0.03,16.39
7.174902621656656,-0.03,16.39
7.176363974809647,-0.03,16.4
7.177815560251474,-0.03,16.44
7.179274201393127,-0.03,16.44
7.180745620280504,-0.03,16.33
7.182139221578836,-0.03,16.33
7.183581780642271,-0.03,16.32
7.185101505368948,-0.03,16.34
7.186553347855806,-0.03,16.35
7.188011538237333,-0.03,16.38
7.189461309462786,-0.03,16.39
7.190858382731676,-0.03,16.36
7.192377656698227,-0.03,16.39
7.193751413375139,-0.03,16.42
7.19529764354229,-0.03,16.43
7.196740847080946,-0.03,16.43
7.198157370090485,-0.03,16.46
7.199638493359089,-0.03,16.39
7.201112989336252,-0.03,16.39
7.202552758157253,-0.03,16.43
7.20401019230485,-0.03,16.4
7.2054904736578465,-0.03,16.38
7.206929374486208,-0.03,16.41
7.20836117118597,-0.03,16.45
7.2097073420882225,-0.03,16.43
7.21130907908082,-0.03,16.41
7.212757054716349,-0.03,16.47
7.214195277541876,-0.03,16.41
7.215605329722166,-0.03,16.44
7.217126477509737,-0.03,16.5
7.218593567609787,-0.03,16.52
7.22001339495182,-0.03,16.47
7.221509713679552,-0.03,16.38
7.222877826541662,-0.03,16.41
7.224361877888441,-0.03,16.48
7.225876461714506,-0.03,16.48
7.2273106053471565,-0.03,16.48
7.2287855707108974,-0.03,16.51
7.230214159935713,-0.03,16.49
7.231572646647692,-0.03,16.37
7.233148645609617,-0.03,16.38
7.234590996056795,-0.03,16.44
7.236060004681349,-0.03,16.45
7.2374390214681625,-0.03,16.46
7.238946374505758,-0.03,16.44
7.240275725722313,-0.03,16.42
7.241879094392061,-0.03,16.42
7.243343383073807,-0.03,16.41
7.24476981908083,-0.03,16.41
7.246248904615641,-0.03,16.41
7.247610546648502,-0.03,16.44
7.249169610440731,-0.03,16.43
7.250622890889645,-0.03,16.44
7.252085525542498,-0.03,16.44
7.253544103354216,-0.03,16.55
7.254986383020878,-0.03,16.56
7.256404783576727,-0.03,16.53
7.25790236890316,-0.03,16.48
7.259296763688326,-0.03,16.48
7.260731860995293,-0.03,16.45
7.262261193245649,-0.03,16.44
7.263733591884375,-0.03,16.43
7.265180893242359,-0.03,16.4
7.266647253185511,-0.03,16.44
7.268048908561468,-0.03,16.48
7.269458718597889,-0.03,16.43
7.270902968943119,-0.03,16.42
7.272456921637058,-0.03,16.44
7.273925852030516,-0.03,16.47
7.275357134640217,-0.03,16.46
7.276790648698807,-0.03,16.5
7.278187099844217,-0.03,16.54
7.27974808961153,-0.04,16.52
7.28116737306118,-0.04,16.47
7.282630641013384,-0.04,16.44
7.284109815955162,-0.04,16.52
7.285437490791082,-0.03,16.53
7.2870342172682285,-0.03,16.53
7.288484953343868,-0.03,16.49
7.289909482002258,-0.03,16.52
7.29134276881814,-0.03,16.5
7.292728293687105,-0.03,16.55
7.29427233338356,-0.03,16.57
7.29574616253376,-0.03,16.57
7.297225404530764,-0.03,16.57
7.298645474016666,-0.03,16.52
7.300139434635639,-0.03,16.52
7.30158906057477,-0.03,16.51
7.30303530395031,-0.03,16.4
7.30451237782836,-0.04,16.42
7.305914033204317,-0.03,16.47
7.307408433407545,-0.03,16.45
7.308746829628944,-0.03,16.5
7.310327772051096,-0.03,16.54
7.311783071607351,-0.03,16.56
7.313180193305016,-0.03,16.54
7.3146304450929165,-0.03,16.5
7.316153030842543,-0.03,16.51
7.317614857107401,-0.03,16.54
7.319062352180481,-0.03,16.53
7.320517003536224,-0.03,16.53
7.321987260133028,-0.03,16.54
7.323439162224531,-0.03,16.54
7.324875082820654,-0.04,16.52
7.3263505063951015,-0.03,16.52
7.327749986201525,-0.03,16.51
7.329257789999247,-0.03,16.53
7.330653253942728,-0.03,16.54
7.332076512277126,-0.03,16.55
7.3336094953119755,-0.03,16.53
7.335093915462494,-0.03,16.58
7.336457174271345,-0.03,16.59
7.337966989725828,-0.03,16.58
7.339454151690006,-0.03,16.53
7.340906318277121,-0.04,16.52
7.342325020581484,-0.04,16.58
7.343788608908653,-0.03,16.57
7.3452279306948185,-0.03,16.54
7.346730012446642,-0.03,16.53
7.348011512309313,-0.04,16.5
7.349642723798752,-0.03,16.51
7.351035296916962,-0.03,16.51
7.352552328258753,-0.03,16.53
7.353984333574772,-0.03,16.6
7.3553626500070095,-0.03,16.66
7.356918763369322,-0.03,16.6
7.358374185860157,-0.03,16.57
7.359828602522612,-0.03,16.59
7.361250400543213,-0.03,16.62
7.362752236425877,-0.04,16.58
7.36419603228569,-0.03,16.61
7.36565899848938,-0.03,16.6
7.367054387927055,-0.03,16.6
7.368539750576019,-0.04,16.59
7.370020914822817,-0.03,16.55
7.371483042836189,-0.03,16.56
7.372928101569414,-0.03,16.58
7.374380335211754,-0.03,16.54
7.375843487679958,-0.03,16.56
7.37723546102643,-0.04,16.55
7.378766465932131,-0.03,16.54
7.380205702036619,-0.03,16.55
7.381672665476799,-0.03,16.63
7.383131403476,-0.03,16.65
7.38454494997859,-0.03,16.67
7.386058643460274,-0.03,16.66
7.3874828442931175,-0.03,16.6
7.388958845287561,-0.03,16.6
7.390363488346338,-0.03,16.61
7.391857285052538,-0.03,16.64
7.393197525292635,-0.03,16.57
7.394772369414568,-0.03,16.51
7.39622763171792,-0.03,16.52
7.39761820808053,-0.04,16.54
7.399121470749378,-0.04,16.55
7.400586821138859,-0.03,16.56
7.402060564607382,-0.03,16.58
7.403526950627565,-0.03,16.62
7.404905762523413,-0.03,16.63
7.406394679099321,-0.03,16.57
7.407799828797579,-0.04,16.59
7.40935230627656,-0.04,16.62
7.410794258117676,-0.04,16.59
7.412195459008217,-0.03,16.56
7.413714312016964,-0.04,16.62
7.415042165666819,-0.04,16.58
7.416617423295975,-0.04,16.57
7.418081786483526,-0.04,16.55
7.419485040009022,-0.03,16.54
7.42094637081027,-0.03,16.51
7.4224494099617,-0.03,16.5
7.4238213412463665,-0.03,16.57
7.425351645797491,-0.04,16.58
7.426814798265696,-0.04,16.66
7.428252514451742,-0.04,16.67
7.429673194885254,-0.03,16.64
7.431069239974022,-0.03,16.61
7.432637397199869,-0.03,16.63
7.434061955660582,-0.03,16.61
7.435488149523735,-0.04,16.57
7.436941169202328,-0.04,16.59
7.438434898853302,-0.03,16.62
7.439927242696285,-0.03,16.63
7.441382493823767,-0.04,16.62
7.442830562591553,-0.04,16.65
7.444245982915163,-0.04,16.64
7.445750970393419,-0.03,16.64
7.447100657969713,-0.03,16.62
7.448666464537382,-0.03,16.62
7.450118061155081,-0.04,16.59
7.451575666666031,-0.04,16.6
7.453004941344261,-0.04,16.6
7.45432884991169,-0.04,16.63
7.4559245109558105,-0.04,16.62
7.457353375852108,-0.03,16.58
7.45884944498539,-0.04,16.59
7.460256651043892,-0.04,16.58
7.461764845997095,-0.04,16.61
7.463216718286276,-0.04,16.66
7.4646614491939545,-0.04,16.67
7.46606320887804,-0.04,16.66
7.467521965503693,-0.04,16.64
7.469041898846626,-0.04,16.64
7.470514163374901,-0.04,16.61
7.471951875835657,-0.04,16.61
7.473409503698349,-0.04,16.62
7.474862713366747,-0.04,16.59
7.476245857775211,-0.04,16.61
7.477771304547787,-0.04,16.59
7.479235593229532,-0.04,16.61
7.480636674910784,-0.04,16.66
7.482149038463831,-0.04,16.69
7.483530338853598,-0.04,16.67
7.484903648495674,-0.04,16.65
7.486517917364836,-0.04,16.69
7.487932290881872,-0.04,16.67
7.48943280056119,-0.04,16.66
7.490883499383926,-0.04,16.63
7.492340698838234,-0.04,16.63
7.49379525706172,-0.04,16.64
7.495257999747992,-0.04,16.64
7.496643427759409,-0.04,16.62
7.498162154108286,-0.04,16.63
7.499621901661158,-0.04,16.66
7.50108340382576,-0.04,16.64
7.502509076148272,-0.04,16.65
7.503971304744482,-0.04,16.66
7.505447432398796,-0.04,16.65
7.506773389875889,-0.04,16.67
7.508358020335436,-0.04,16.73
7.509822469204664,-0.04,16.7
7.511269599199295,-0.04,16.68
7.512724585831165,-0.04,16.73
7.514174439013004,-0.04,16.72
7.515581592917442,-0.04,16.68
7.51708871871233,-0.04,16.67
7.518511813133955,-0.04,16.72
7.520006973296404,-0.04,16.75
7.521395653486252,-0.04,16.72
7.52287083864212,-0.04,16.74
7.524374276399612,-0.04,16.76
7.525793217122555,-0.04,16.73
7.527226265519857,-0.04,16.74
7.528748162090778,-0.04,16.76
7.530192755162716,-0.04,16.75
7.531659286469221,-0.04,16.74
7.53308542445302,-0.04,16.7
7.534505736082792,-0.04,16.73
7.536036238074303,-0.04,16.71
7.537472639232874,-0.04,16.73
7.538776956498623,-0.04,16.75
7.54038879647851,-0.04,16.8
7.541858050972223,-0.04,16.78
7.543275024741888,-0.04,16.77
7.544729080051184,-0.04,16.78
7.546197846531868,-0.04,16.82
7.547660768032074,-0.04,16.81
7.5490899458527565,-0.04,16.86
7.550589274615049,-0.04,16.86
7.551942314952612,-0.04,16.85
7.553389344364405,-0.04,16.84
7.554957650601864,-0.04,16.86
7.556417692452669,-0.04,16.91
7.557800490409136,-0.04,16.85
7.55932242795825,-0.04,16.81
7.560755658894777,-0.04,16.83
7.562240552157164,-0.04,16.87
7.563692010939121,-0.04,16.9
7.565083172172308,-0.04,16.87
7.566607546061277,-0.04,16.86
7.568063378334045,-0.04,16.89
7.569517482072115,-0.04,16.85
7.570952534675598,-0.04,16.86
7.572414290159941,-0.04,16.89
7.573814537376165,-0.04,16.86
7.57533548399806,-0.04,16.92
7.57669623196125,-0.04,16.93
7.578244332224131,-0.04,16.92
7.579665444791317,-0.04,16.87
7.581087201833725,-0.04,16.84
7.582610711455345,-0.04,16.82
7.583930820226669,-0.04,16.91
7.5855281837284565,-0.04,16.9
7.586958829313517,-0.04,16.85
7.588375922292471,-0.04,16.9
7.589907977730036,-0.04,16.91
7.591357935220003,-0.04,16.88
7.592820916324854,-0.04,16.85
7.594266280531883,-0.04,16.87
7.595660608261824,-0.04,16.87
7.597140595316887,-0.04,16.89
7.59861308708787,-0.04,16.96
7.600087404251099,-0.04,16.94
7.601534150540829,-0.04,16.95
7.60295582562685,-0.04,16.9
7.604373663663864,-0.04,16.85
7.605835232883692,-0.04,16.89
7.607380419969559,-0.04,16.92
7.608819797635078,-0.04,16.98
7.610267803072929,-0.04,16.96
7.611749779433012,-0.04,16.96
7.6132125072181225,-0.04,16.99
7.61459631100297,-0.04,16.95
7.616118837147951,-0.04,16.89
7.617568515241146,-0.04,16.92
7.6189544424414635,-0.04,16.95
7.620491422712803,-0.04,16.93
7.621937770396471,-0.04,16.92
7.623397175222635,-0.04,16.97
7.624854978173971,-0.04,17.01
7.626242972910404,-0.04,17.06
7.627662096172571,-0.04,16.98
7.629172571003437,-0.04,16.93
7.63056231290102,-0.04,16.96
7.632124446332455,-0.04,16.96
7.63356664404273,-0.04,16.95
7.635038513690233,-0.04,16.94
7.636504445225,-0.04,16.97
7.63781351223588,-0.04,16.91
7.639399569481611,-0.04,16.91
7.640824995934963,-0.04,16.92
7.642325576394796,-0.04,16.93
7.643784746527672,-0.04,16.95
7.645218979567289,-0.04,16.97
7.6466931365430355,-0.04,16.95
7.648149620741606,-0.04,16.95
7.64960365369916,-0.04,16.92
7.6509843692183495,-0.04,16.93
7.652423698455095,-0.04,16.97
7.653976410627365,-0.04,16.9
7.655397463589907,-0.04,16.97
7.656850066035986,-0.04,16.93
7.6583379581570625,-0.04,16.91
7.659738514572382,-0.04,16.95
7.661122370511293,-0.04,16.99
7.662691053003073,-0.04,17.0
7.664164528250694,-0.04,16.97
7.665575452148914,-0.04,16.99
7.667046632617712,-0.04,17.08
7.668540447950363,-0.04,17.06
7.669983208179474,-0.04,16.98
7.671452797949314,-0.04,17.0
7.672859966754913,-0.04,17.05
7.6743518598377705,-0.04,17.05
7.675818983465433,-0.04,17.05
7.67726618796587,-0.04,17.1
7.678731724619865,-0.04,17.13
7.680112726986408,-0.04,17.07
7.681619770824909,-0.04,17.05
7.683104325085878,-0.04,17.15
7.684556465595961,-0.04,17.14
7.68600170314312,-0.04,17.13
7.687472369521856,-0.04,17.17
7.688923217356205,-0.04,17.1
7.690380372107029,-0.04,17.12
7.691836666315794,-0.04,17.15
7.693299386650324,-0.04,17.09
7.694735713303089,-0.04,17.08
7.696200285106897,-0.04,17.09
7.69753472507,-0.04,17.13
7.699122097343206,-0.04,17.13
7.7005590088665485,-0.04,17.11
7.702027428895235,-0.04,17.16
7.703485656529665,-0.04,17.18
7.704851005226374,-0.04,17.2
7.706392429769039,-0.04,17.18
7.707856152206659,-0.04,17.21
7.7093119993805885,-0.04,17.23
7.710691295564175,-0.04,17.19
7.7122221402823925,-0.04,17.18
7.713668059557676,-0.04,17.27
7.715133190155029,-0.04,17.24
7.716595966368914,-0.04,17.19
7.7179770320653915,-0.04,17.21
7.719479933381081,-0.04,17.14
7.720822017639875,-0.04,17.16
7.722317188978195,-0.04,17.22
7.723870735615492,-0.04,17.23
7.725269973278046,-0.04,17.26
7.726770579814911,-0.04,17.33
7.728156562894583,-0.04,17.22
7.729545850306749,-0.04,17.22
7.731158085167408,-0.04,17.22
7.732571862637997,-0.04,17.22
7.734062436968088,-0.04,17.24
7.735493049025536,-0.04,17.25
7.73688892275095,-0.04,17.23
7.7384276539087296,-0.04,17.26
7.739846553653479,-0.04,17.23
7.741270661354065,-0.04,17.22
7.7427742928266525,-0.04,17.24
7.744253847748041,-0.04,17.27
7.745714481920004,-0.04,17.29
7.747172247618437,-0.04,17.24
7.74855475127697,-0.04,17.22
7.750005275011063,-0.04,17.29
7.7515421025455,-0.04,17.32
7.75290510058403,-0.04,17.33
7.754453964531422,-0.04,17.38
7.755908448249102,-0.04,17.35
7.757315184921026,-0.04,17.33
7.758812587708235,-0.04,17.35
7.760229207575321,-0.04,17.4
7.761716891080141,-0.04,17.37
7.763184428215027,-0.04,17.37
7.764554526656866,-0.04,17.4
7.766091953963041,-0.04,17.41
7.767435308545828,-0.04,17.38
7.769011091440916,-0.04,17.34
7.770452059805393,-0.04,17.43
7.771936915814877,-0.04,17.42
7.773370485752821,-0.04,17.39
7.774695262312889,-0.04,17.41
7.776293128728867,-0.04,17.41
7.7777462266385555,-0.04,17.44
7.77913261577487,-0.04,17.45
7.780564468353987,-0.04,17.45
7.782045364379883,-0.04,17.42
7.7835325710475445,-0.04,17.41
7.785001613199711,-0.04,17.45
7.786482810974121,-0.04,17.45
7.787878543138504,-0.04,17.39
7.789376821368933,-0.04,17.43
7.79082789644599,-0.04,17.46
7.792290449142456,-0.04,17.4
7.793719548732042,-0.04,17.44
7.795216213911772,-0.04,17.48
7.7966712191700935,-0.04,17.47
7.798137132078409,-0.04,17.46
7.799589034169912,-0.04,17.48
7.801022801548243,-0.04,17.49
7.802452329546213,-0.04,17.51
7.803876090794802,-0.04,17.5
7.805408302694559,-0.04,17.51
7.806867700070143,-0.04,17.55
7.808316573500633,-0.04,17.48
7.8097754791378975,-0.04,17.47
7.8112051375210285,-0.04,17.53
7.812611531466246,-0.04,17.54
7.813982490450144,-0.04,17.53
7.815609138458967,-0.04,17.54
7.817004892975092,-0.04,17.48
7.818510249257088,-0.04,17.44
7.81993892788887,-0.04,17.44
7.821425501257181,-0.04,17.47
7.822886858135462,-0.04,17.55
7.82429588586092,-0.04,17.52
7.82578744366765,-0.04,17.52
7.827254120260477,-0.04,17.51
7.828709851950407,-0.04,17.52
7.830162011086941,-0.04,17.55
7.831580109894276,-0.04,17.64
7.83300581946969,-0.04,17.64
7.834498628973961,-0.04,17.61
7.835990142077208,-0.04,17.58
7.837446045130491,-0.04,17.59
7.8388936296105385,-0.04,17.6
7.840294346213341,-0.04,17.58
7.841814801096916,-0.04,17.59
7.843170389533043,-0.04,17.62
7.844646945595741,-0.04,17.6
7.846160247921944,-0.04,17.53
7.847641013562679,-0.04,17.52
7.849095720797777,-0.04,17.57
7.850429028272629,-0.04,17.54
7.851989556103945,-0.04,17.57
7.853445660322905,-0.04,17.6
7.854869991540909,-0.04,17.62
7.856292679905891,-0.04,17.62
7.857788443565369,-0.04,17.62
7.8592808842659,-0.04,17.65
7.860745560377836,-0.04,17.63
7.86216003075242,-0.04,17.6
7.863580979406834,-0.04,17.54
7.865105763077736,-0.04,17.62
7.866572335362434,-0.04,17.66
7.868024434894323,-0.04,17.62
7.869472112506628,-0.04,17.62
7.870909854769707,-0.04,17.64
7.872319895774126,-0.04,17.62
7.873748037964106,-0.04,17.61
7.875311966985464,-0.04,17.67
7.876743394881487,-0.04,17.65
7.878210008144379,-0.04,17.59
7.879681956022978,-0.04,17.65
7.8810895420610905,-0.04,17.69
7.882592037320137,-0.04,17.64
7.8840334713459015,-0.04,17.62
7.885480724275112,-0.04,17.68
7.886955831199884,-0.04,17.77
7.888343509286642,-0.04,17.73
7.889873430132866,-0.04,17.68
7.891319952905178,-0.04,17.63
7.8927857130765915,-0.04,17.68
7.894243486225605,-0.04,17.72
7.89567232504487,-0.04,17.7
7.897046759724617,-0.04,17.67
7.898602355271578,-0.04,17.63
7.900060795247555,-0.04,17.66
7.90149087831378,-0.04,17.68
7.902869492769241,-0.04,17.69
7.904426619410515,-0.04,17.74
7.905893173068762,-0.04,17.71
7.907339382916689,-0.04,17.7
7.908737260848284,-0.04,17.73
7.910251852124929,-0.04,17.74
7.911580119282007,-0.04,17.67
7.913063149899244,-0.04,17.67
7.91460270062089,-0.04,17.68
7.916031260043383,-0.04,17.66
7.917490016669035,-0.04,17.71
7.918962016701698,-0.04,17.78
7.920404937118292,-0.04,17.77
7.921899683773518,-0.04,17.72
7.923347622156143,-0.04,17.75
7.924742620438337,-0.04,17.75
7.926196593791246,-0.04,17.71
7.9276059083640575,-0.04,17.75
7.929177526384592,-0.04,17.75
7.930636741220951,-0.04,17.76
7.9320862255990505,-0.04,17.81
7.9335443042218685,-0.04,17.77
7.934904616326094,-0.04,17.66
7.936342261731625,-0.04,17.7
7.937891781330109,-0.04,17.76
7.939366992563009,-0.04,17.68
7.940755534917116,-0.04,17.64
7.942242976278067,-0.04,17.64
7.943736240267754,-0.04,17.69
7.9451818242669106,-0.04,17.76
7.946640532463789,-0.04,17.69
7.948108609765768,-0.04,17.66
7.9495635107159615,-0.05,17.69
7.951022680848837,-0.04,17.68
7.952473200857639,-0.04,17.7
7.953912910073996,-0.04,17.74
7.955317500978708,-0.05,17.73
7.956844970583916,-0.05,17.65
7.958302363753319,-0.04,17.6
7.959744356572628,-0.04,17.64
7.961186904460192,-0.04,17.65
7.962608195841312,-0.04,17.65
7.964108094573021,-0.04,17.64
7.965560421347618,-0.04,17.64
7.966877311468124,-0.04,17.64
7.968490105122328,-0.04,17.65
7.969915598630905,-0.05,17.65
7.971407134085894,-0.04,17.63
7.972859308123589,-0.04,17.64
7.974254321306944,-0.04,17.62
7.975762438029051,-0.04,17.62
7.977235283702612,-0.04,17.6
7.978688020259142,-0.04,17.67
7.9800444804131985,-0.04,17.73
7.981571815907955,-0.04,17.72
7.983055122196674,-0.04,17.7
7.984476611018181,-0.04,17.68
7.985936436802149,-0.04,17.72
7.987336724996567,-0.04,17.68
7.9888750948011875,-0.04,17.66
7.990286372601986,-0.04,17.68
7.9917876198887825,-0.04,17.62
7.993187092244625,-0.04,17.64
7.994619332253933,-0.04,17.68
7.996147770434618,-0.04,17.67
7.9975909255445,-0.04,17.64
7.999050822108984,-0.04,17.61
8.000506799668074,-0.04,17.63
8.001936953514814,-0.04,17.61
8.003417503088713,-0.04,17.6
8.004778143018484,-0.04,17.67
8.006327774375677,-0.04,17.66
8.00776556879282,-0.04,17.62
8.009185671806335,-0.04,17.64
8.010695047676563,-0.04,17.68
8.012083780020475,-0.04,17.66
8.013533893972635,-0.04,17.64
8.015051458030939,-0.04,17.62
8.016533739864826,-0.04,17.54
8.017908580601215,-0.04,17.56
8.019368305802345,-0.04,17.59
8.020780429244041,-0.04,17.58
8.02234248816967,-0.04,17.58
8.023811466991901,-0.04,17.59
8.02522237971425,-0.04,17.61
8.02669833227992,-0.04,17.6
8.028163567185402,-0.04,17.58
8.02963512018323,-0.04,17.57
8.03109772503376,-0.04,17.58
8.032529316842556,-0.04,17.61
8.034002553671598,-0.04,17.63
8.035416524857283,-0.04,17.66
8.036930821835995,-0.04,17.65
8.038372155278921,-0.04,17.62
8.03976621478796,-0.04,17.61
8.041280899196863,-0.04,17.57
8.042736068367958,-0.04,17.58
8.044194266200066,-0.04,17.54
8.045655529946089,-0.04,17.53
8.047060772776604,-0.04,17.57
8.04850809648633,-0.04,17.59
8.050012484192848,-0.04,17.57
8.051472555845976,-0.04,17.59
8.052922584116459,-0.04,17.54
8.054384477436543,-0.04,17.54
8.055775348097086,-0.04,17.54
8.057213768362999,-0.04,17.54
8.058750934898853,-0.04,17.56
8.06021273508668,-0.05,17.56
8.06163215637207,-0.05,17.52
8.06306354701519,-0.05,17.58
8.064476929605007,-0.05,17.65
8.0660151951015,-0.05,17.57
8.067495185881853,-0.05,17.5
8.068927727639675,-0.05,17.52
8.070408876985312,-0.05,17.51
8.071772135794163,-0.05,17.44
8.07324942946434,-0.05,17.53
8.074650891125202,-0.05,17.53
8.076233457773924,-0.05,17.47
8.077687948942184,-0.05,17.52
8.079140201210976,-0.05,17.52
8.080556873232126,-0.05,17.4
8.082060541957617,-0.05,17.39
8.08351531997323,-0.05,17.39
8.084962978959084,-0.05,17.36
8.086387410759926,-0.05,17.38
8.087871119379997,-0.05,17.39
8.089185688644648,-0.05,17.38
8.090786598622799,-0.05,17.35
8.092216301709414,-0.05,17.38
8.093703422695398,-0.05,17.4
8.095057640224695,-0.05,17.34
8.096586603671312,-0.05,17.28
8.098082885146141,-0.05,17.31
8.099536061286926,-0.05,17.39
8.100979700684547,-0.05,17.39
8.102404233068228,-0.05,17.29
8.103900112211704,-0.05,17.31
8.105365961790085,-0.05,17.28
8.106792476028204,-0.05,17.31
8.108270645141602,-0.04,17.31
8.10972161218524,-0.04,17.25
8.111059408634901,-0.05,17.25
8.112603690475225,-0.04,17.28
8.114096529781818,-0.04,17.31
8.115504324436188,-0.04,17.29
8.116957038640976,-0.05,17.23
8.118433121591806,-0.05,17.23
8.119914438575506,-0.04,17.25
8.121371161192656,-0.04,17.23
8.122792929410934,-0.04,17.24
8.124281626194715,-0.04,17.22
8.12563206627965,-0.04,17.26
8.127125449478626,-0.04,17.29
8.128661394119263,-0.04,17.28
8.130113195627928,-0.04,17.26
8.131535410881042,-0.04,17.23
8.133022706955671,-0.04,17.19
8.134456645697355,-0.04,17.21
8.135949280112982,-0.04,17.23
8.137385591864586,-0.04,17.18
8.13882103189826,-0.04,17.17
8.140270352363586,-0.04,17.17
8.1417614556849,-0.04,17.2
8.143082726746798,-0.04,17.19
8.144671265035868,-0.04,17.18
8.146119605749846,-0.04,17.15
8.147531770169735,-0.04,17.16
8.14900790154934,-0.04,17.17
8.150498319417238,-0.04,17.17
8.151949483901262,-0.04,17.11
8.153371009975672,-0.04,17.12
8.154870517551899,-0.04,17.2
8.156211275607347,-0.04,17.2
8.157771807163954,-0.04,17.14
8.159237693995237,-0.04,17.2
8.160682167857885,-0.04,17.13
8.162159446626902,-0.04,17.09
8.163570877164602,-0.04,17.12
8.165025383234024,-0.04,17.15
8.166522216051817,-0.04,17.14
8.167950060218573,-0.04,17.14
8.169404443353415,-0.05,17.11
8.170800127089024,-0.04,17.1
8.1723324470222,-0.04,17.12
8.173718057572842,-0.04,17.12
8.175231520086527,-0.04,17.12
8.176668141037226,-0.04,17.1
8.17815987765789,-0.05,17.09
8.179622448980808,-0.04,17.11
8.181069042533636,-0.04,17.1
8.182537592947483,-0.04,17.09
8.18399117141962,-0.04,17.09
8.185400608927011,-0.04,17.08
8.186892971396446,-0.04,17.09
8.18835811689496,-0.04,17.06
8.189816530793905,-0.04,17.02
8.191231526434422,-0.05,17.04
8.192679148167372,-0.05,17.04
8.194138512015343,-0.04,17.05
8.195611797273159,-0.04,17.11
8.197099514305592,-0.04,17.05
8.198558691889048,-0.05,17.0
8.200012069195509,-0.05,17.01
8.20143024995923,-0.05,17.01
8.202895987778902,-0.05,17.02
8.20429326966405,-0.05,17.01
8.205810558050871,-0.05,17.01
8.207279834896326,-0.05,16.99
8.20866435393691,-0.05,16.95
8.210200753062963,-0.05,16.93
8.21165695041418,-0.05,16.97
8.213102828711271,-0.05,16.97
8.21454668790102,-0.05,17.0
8.216026447713375,-0.05,16.99
8.217486564069986,-0.05,16.96
8.218917038291693,-0.05,16.92
8.220390744507313,-0.05,16.92
8.221854239702225,-0.05,16.97
8.223310567438602,-0.05,16.91
8.224663812667131,-0.05,16.87
8.226221837103367,-0.05,16.87
8.227667812258005,-0.05,16.91
8.229129433631897,-0.05,16.88
8.230590749531984,-0.05,16.79
8.232032902538776,-0.05,16.8
8.23348981142044,-0.05,16.8
8.234848082065582,-0.05,16.81
8.236407194286585,-0.05,16.77
8.237867787480354,-0.05,16.73
8.239328142255545,-0.05,16.74
8.240743558853865,-0.05,16.76
8.242166601121426,-0.05,16.76
8.243681952357292,-0.05,16.73
8.245107021182775,-0.05,16.72
8.246604301035404,-0.05,16.77
8.24805261939764,-0.05,16.74
8.24952444806695,-0.05,16.74
8.25096819922328,-0.05,16.76
8.252432260662317,-0.05,16.75
8.253878984600306,-0.05,16.69
8.255339983850718,-0.05,16.59
8.2568074837327,-0.05,16.57
8.25818644836545,-0.05,16.59
8.259707573801279,-0.05,16.63
8.261129595339298,-0.05,16.62
8.262617848813534,-0.05,16.58
8.26398066803813,-0.05,16.56
8.265453681349754,-0.05,16.57
8.266985315829515,-0.05,16.68
8.268442898988724,-0.05,16.6
8.269903395324945,-0.05,16.58
8.271361585706472,-0.05,16.59
8.272813599556684,-0.05,16.57
8.274274572730064,-0.05,16.58
8.275732528418303,-0.05,16.6
8.277184702455997,-0.05,16.56
8.278633244335651,-0.05,16.56
8.280097041279078,-0.05,16.57
8.281552221626043,-0.05,16.54
8.283003248274326,-0.05,16.5
8.284457635134459,-0.05,16.47
8.285997994244099,-0.05,16.42
8.287237145006657,-0.05,16.45
8.28883446007967,-0.05,16.46
8.29025923088193,-0.05,16.47
8.291678313165903,-0.05,16.43
8.293202232569456,-0.05,16.43
8.294661428779364,-0.05,16.4
8.29603173956275,-0.05,16.4
8.2975486330688,-0.05,16.42
8.298968225717545,-0.05,16.44
8.300466749817133,-0.05,16.45
8.301913626492023,-0.05,16.38
8.30323439836502,-0.05,16.37
8.304839331656694,-0.04,16.34
8.306258518248796,-0.04,16.3
8.307753156870604,-0.05,16.36
8.309193756431341,-0.05,16.43
8.310603745281696,-0.05,16.46
8.311981588602066,-0.05,16.47
8.313577648252249,-0.05,16.47
8.31503127515316,-0.05,16.39
8.316478330641985,-0.05,16.36
8.31793213263154,-0.05,16.32
8.319307524710894,-0.04,16.32
8.320854049175978,-0.05,16.35
8.32226275280118,-0.05,16.32
8.323682364076376,-0.05,16.35
8.325207587331533,-0.05,16.4
8.326681196689606,-0.05,16.34
8.328127656131983,-0.05,16.26
8.329556353390217,-0.05,16.25
8.330970998853445,-0.05,16.25
8.332493033260107,-0.05,16.26
8.333915948867798,-0.04,16.26
8.335414931178093,-0.05,16.32
8.336856577545404,-0.05,16.32
8.338322103023529,-0.05,16.24
8.339682329446077,-0.04,16.23
8.341133564710617,-0.04,16.21
8.342553809285164,-0.04,16.2
8.344130877405405,-0.04,16.19
8.345554150640965,-0.04,16.17
8.347064103931189,-0.04,16.16
8.348460625857115,-0.04,16.17
8.349840611219406,-0.04,16.23
8.351418014615774,-0.05,16.25
8.352842506021261,-0.05,16.22
8.35431843996048,-0.05,16.21
8.355723690241575,-0.05,16.23
8.35710246860981,-0.05,16.14
8.358707316219807,-0.05,16.14
8.360138334333897,-0.05,16.13
8.36155940964818,-0.05,16.1
8.36305446177721,-0.05,16.1
8.364496417343616,-0.05,16.1
8.366002455353737,-0.05,16.05
8.367414403706789,-0.05,16.06
8.368909228593111,-0.05,16.07
8.37025985494256,-0.05,16.04
8.371769335120916,-0.05,16.0
8.373189516365528,-0.05,15.96
8.374717354774475,-0.05,15.94
8.376178033649921,-0.05,15.94
8.377626735717058,-0.05,15.92
8.379055347293615,-0.05,15.96
8.38054146617651,-0.05,16.02
8.381992567330599,-0.05,16.02
8.383467376232147,-0.05,16.01
8.384864900261164,-0.05,16.03
8.386274192482233,-0.05,16.03
8.387835152447224,-0.05,16.0
8.389284830540419,-0.05,15.94
8.390737298876047,-0.05,15.89
8.3921272829175,-0.05,15.95
8.393661327660084,-0.05,15.95
8.395105071365833,-0.05,15.98
8.396573923528194,-0.05,16.01
8.39802511408925,-0.05,16.01
8.399476334452629,-0.05,16.0
8.400928676128387,-0.05,15.96
8.402391966432333,-0.05,16.01
8.40384765341878,-0.05,15.99
8.405301041901112,-0.05,15.96
8.406756915152073,-0.05,15.95
8.408178675919771,-0.05,15.96
8.40967147052288,-0.05,15.96
8.411037683486938,-0.05,15.99
8.412579402327538,-0.05,15.92
8.414031263440847,-0.05,15.93
8.415494423359632,-0.05,15.94
8.416952211409807,-0.05,15.91
8.418408814817667,-0.05,15.85
8.419860556721687,-0.05,15.89
8.421310890465975,-0.05,15.9
8.422771256417036,-0.05,15.87
8.424231186509132,-0.05,15.83
8.425684347748756,-0.05,15.82
8.42712827771902,-0.04,15.82
8.428603500127792,-0.05,15.85
8.430048882961273,-0.04,15.85
8.431503724306822,-0.04,15.81
8.432960759848356,-0.04,15.82
8.434432197362185,-0.04,15.85
8.435867078602314,-0.04,15.85
8.437338788062334,-0.04,15.86
8.438758619129658,-0.04,15.83
8.440218225121498,-0.04,15.82
8.441711734980345,-0.04,15.86
8.443166814744473,-0.04,15.85
8.444573201239109,-0.04,15.77
8.446071606129408,-0.04,15.74
8.44750003889203,-0.04,15.8
8.448910634964705,-0.04,15.82
8.450444977730513,-0.04,15.83
8.45186422020197,-0.04,15.78
8.45334592461586,-0.04,15.78
8.454796966165304,-0.04,15.8
8.456270419061184,-0.04,15.78
8.457731015980244,-0.04,15.78
8.459149222820997,-0.04,15.74
8.460608664900064,-0.04,15.81
8.462085343897343,-0.04,15.85
8.463545087724924,-0.04,15.82
8.465003233402967,-0.04,15.85
8.466445323079824,-0.04,15.8
8.46789088845253,-0.04,15.8
8.469324741512537,-0.04,15.83
8.470796391367912,-0.04,15.83
8.472278505563736,-0.04,15.84
8.473727963864803,-0.04,15.78
8.475198838859797,-0.04,15.88
8.47664562240243,-0.04,15.84
8.47809612378478,-0.04,15.88
8.479467131197453,-0.04,15.9
8.481018923223019,-0.04,15.85
8.482468634843826,-0.04,15.84
8.483927454799414,-0.04,15.87
8.48538425564766,-0.04,15.86
8.486790802329779,-0.04,15.87
8.488255962729454,-0.04,15.94
8.489729080349207,-0.04,15.94
8.491152420639992,-0.04,15.91
8.49263883754611,-0.04,15.86
8.494100790470839,-0.04,15.86
8.49558176472783,-0.04,15.89
8.497023850679398,-0.04,15.9
8.498447459191084,-0.04,15.87
8.499937307089567,-0.04,15.89
8.501337684690952,-0.04,15.84
8.502851609140635,-0.04,15.83
8.504314068704844,-0.04,15.81
8.505766078829765,-0.04,15.86
8.507153328508139,-0.04,15.93
8.508675247430801,-0.04,15.87
8.510128196328878,-0.04,15.89
8.511560935527086,-0.04,15.94
8.513022623956203,-0.04,15.92
8.514507126063108,-0.04,15.91
8.515957079827785,-0.04,15.88
8.517421573400497,-0.04,15.91
8.518728695809841,-0.04,15.88
8.520306058228016,-0.04,15.91
8.521774310618639,-0.04,15.98
8.523234315216541,-0.04,16.02
8.524691320955753,-0.04,15.99
8.526145275682211,-0.04,15.94
8.527607798576355,-0.04,15.94
8.52907182648778,-0.04,15.96
8.530443783849478,-0.04,16.0
8.531969767063856,-0.04,16.03
8.533435132354498,-0.04,16.01
8.534893918782473,-0.04,16.01
8.536356627941132,-0.04,15.95
8.537771042436361,-0.04,15.94
8.539257317781448,-0.04,15.93
8.540647182613611,-0.04,15.96
8.542180243879557,-0.04,15.95
8.543620381504297,-0.04,15.99
8.54507990181446,-0.04,15.98
8.546535890549421,-0.04,15.97
8.547904428094625,-0.04,15.97
8.549442142248154,-0.04,15.93
8.550909269601107,-0.04,15.94
8.552325040102005,-0.04,15.95
8.553826555609703,-0.04,15.92
8.555216629058123,-0.04,15.89
8.556638453155756,-0.04,15.92
8.558193601667881,-0.04,15.98
8.559603843837976,-0.04,16.01
8.561110217124224,-0.04,16.02
8.562537968158722,-0.04,16.0
8.564008343964815,-0.04,15.94
8.565463528037071,-0.04,15.93
8.566885437816381,-0.04,15.98
8.568388689309359,-0.04,15.9
8.569744359701872,-0.04,15.88
8.571298409253359,-0.04,15.92
8.572756838053465,-0.04,15.93
8.574174549430609,-0.04,15.95
8.57566897943616,-0.04,15.92
8.577113177627325,-0.04,15.86
8.578446578234434,-0.04,15.89
8.580042939633131,-0.04,15.89
8.581469126045704,-0.04,15.89
8.582950603216887,-0.04,15.88
8.584406822919846,-0.04,15.92
8.585783828049898,-0.04,15.94
8.587188299745321,-0.04,15.93
8.588756397366524,-0.04,15.88
8.59020196273923,-0.04,15.85
8.591599091887474,-0.04,15.88
8.593139372766018,-0.04,16.0
8.594596613198519,-0.05,15.99
8.596047203987837,-0.05,15.89
8.597504157572985,-0.05,15.88
8.598887708038092,-0.05,15.92
8.600387636572123,-0.05,15.93
8.601846057921648,-0.05,15.95
8.603333685547113,-0.05,15.92
8.604786656796932,-0.05,15.9
8.606244944036007,-0.05,15.88
8.607702393084764,-0.05,15.86
8.609159234911203,-0.05,15.9
8.610620811581612,-0.05,15.89
8.612069759517908,-0.05,15.87
8.613530203700066,-0.05,15.9
8.614932864904404,-0.05,15.91
8.616436786949635,-0.05,15.89
8.617807157337666,-0.05,15.85
8.619352363049984,-0.05,15.83
8.620798118412495,-0.05,15.83
8.622264981269836,-0.05,15.82
8.623711615800858,-0.05,15.81
8.625141460448503,-0.05,15.87
8.626626029610634,-0.05,15.84
8.628079000860453,-0.05,15.81
8.629533063620329,-0.05,15.82
8.630923293530941,-0.05,15.78
8.632457196712494,-0.05,15.79
8.633911233395338,-0.05,15.79
8.635360337793827,-0.05,15.77
8.636756602674723,-0.05,15.8
8.638277400285006,-0.05,15.78
8.639684285968542,-0.05,15.75
8.641177102923393,-0.05,15.74
8.642635129392147,-0.05,15.77
8.644049048423767,-0.05,15.75
8.645497899502516,-0.05,15.78
8.64701546356082,-0.05,15.79
8.648465622216463,-0.05,15.74
8.649927165359259,-0.05,15.69
8.651354234665632,-0.05,15.72
8.652834616601467,-0.05,15.71
8.654282957315445,-0.05,15.68
8.655752792954445,-0.05,15.67
8.657206546515226,-0.05,15.66
8.658629328012466,-0.05,15.68
8.660116359591484,-0.05,15.7
8.661503948271275,-0.05,15.73
8.663034025579691,-0.05,15.72
8.66449024528265,-0.05,15.72
8.665914800018072,-0.05,15.69
8.667392265051603,-0.05,15.68
8.668836254626513,-0.05,15.66
8.670313268899918,-0.05,15.65
8.671690102666616,-0.05,15.66
8.673207260668278,-0.05,15.7
8.674684427678585,-0.05,15.69
8.67613235116005,-0.05,15.67
8.677591394633055,-0.05,15.63
8.678997740149498,-0.05,15.64
8.680508513003588,-0.05,15.73
8.681918382644653,-0.05,15.64
8.683374032378197,-0.05,15.63
8.684872724115849,-0.05,15.66
8.6862997636199,-0.05,15.67
8.687785562127829,-0.05,15.66
8.68924880772829,-0.05,15.62
8.690625578165054,-0.05,15.68
8.692133344709873,-0.05,15.67
8.693615574389696,-0.05,15.63
8.695069175213575,-0.05,15.66
8.696519643068314,-0.05,15.64
8.697970975190401,-0.05,15.6
8.699429254978895,-0.05,15.62
8.700892809778452,-0.05,15.56
8.702354043722153,-0.05,15.54
8.703805278986692,-0.05,15.61
8.705256793648005,-0.05,15.59
8.706688359379768,-0.05,15.58
8.708173882216215,-0.05,15.59
8.709586381912231,-0.05,15.62
8.711088307201862,-0.05,15.56
8.712542232125998,-0.05,15.51
8.713949233293533,-0.05,15.55
8.715470056980848,-0.05,15.5
8.71691444888711,-0.05,15.48
8.718364235013723,-0.05,15.53
8.719823744148016,-0.05,15.54
8.721276603639126,-0.05,15.52
8.722735073417425,-0.05,15.5
8.724187031388283,-0.05,15.48
8.72565196454525,-0.05,15.54
8.727102737873793,-0.05,15.55
8.728562589734793,-0.05,15.54
8.729920152574778,-0.05,15.49
8.73139288276434,-0.05,15.41
8.732934553176165,-0.05,15.41
8.734364196658134,-0.05,15.41
8.735843926668167,-0.05,15.43
8.737252078950405,-0.05,15.49
8.738656833767891,-0.05,15.48
8.740175671875477,-0.05,15.43
8.741674289107323,-0.05,15.39
8.743095833808184,-0.05,15.38
8.744573775678873,-0.05,15.41
8.74596107006073,-0.05,15.4
8.747336503118277,-0.05,15.36
8.748942781239748,-0.05,15.36
8.750358399003744,-0.05,15.4
8.751820158213377,-0.05,15.44
8.753206875175238,-0.05,15.42
8.754729181528091,-0.05,15.32
8.756227675825357,-0.05,15.29
8.757683131843805,-0.05,15.25
8.759072124958038,-0.05,15.3
8.76060326397419,-0.05,15.36
8.762034732848406,-0.05,15.29
8.763496413826942,-0.05,15.28
8.764964636415243,-0.06,15.26
8.766426403075457,-0.05,15.21
8.767810303717852,-0.05,15.29
8.769308909773827,-0.05,15.28
8.770652264356613,-0.06,15.23
8.772246457636356,-0.06,15.23
8.773649781942368,-0.05,15.16
8.775101505219936,-0.06,15.19
8.776551879942417,-0.06,15.22
8.77805594727397,-0.06,15.18
8.779514607042074,-0.05,15.13
8.780990052968264,-0.05,15.08
8.782360393553972,-0.05,15.08
8.783784750849009,-0.05,15.14
8.785347539931536,-0.06,15.11
8.786804523319006,-0.06,15.07
8.788251519203186,-0.06,15.07
8.78965000808239,-0.05,15.11
8.791179440915585,-0.05,15.11
8.79249458387494,-0.05,15.01
8.794094126671553,-0.05,15.02
8.795543391257524,-0.05,15.07
8.796998258680105,-0.06,15.02
8.798367161303759,-0.05,14.94
8.79991327598691,-0.05,14.92
8.801369369029999,-0.05,14.97
8.802806228399277,-0.05,14.98
8.804230276495218,-0.05,14.96
8.805696252733469,-0.05,14.95
8.807073626667261,-0.06,14.95
8.808568548411131,-0.05,14.98
8.810097999870777,-0.05,14.96
8.811568446457386,-0.05,14.9
8.812940765172243,-0.05,14.87
8.81448045745492,-0.05,14.86
8.815781597048044,-0.05,14.81
8.817386697977781,-0.05,14.82
8.818813994526863,-0.05,14.79
8.82023024559021,-0.05,14.74
8.821687962859869,-0.05,14.8
8.823155168443918,-0.05,14.81
8.82467582076788,-0.05,14.78
8.82609861716628,-0.05,14.76
8.827515680342913,-0.06,14.74
8.828972436487675,-0.05,14.67
8.830389842391014,-0.05,14.71
8.83194912597537,-0.06,14.72
8.83338513970375,-0.06,14.67
8.834848772734404,-0.05,14.67
8.836228795349598,-0.05,14.65
8.837740521878004,-0.05,14.64
8.839108873158693,-0.05,14.63
8.840675365179777,-0.05,14.63
8.842098761349916,-0.05,14.61
8.843556437641382,-0.05,14.58
8.844940591603518,-0.05,14.59
8.846479997038841,-0.05,14.56
8.847974844276905,-0.05,14.58
8.849387776106596,-0.05,14.55
8.850807394832373,-0.05,14.56
8.852298483252525,-0.05,14.58
8.853649254888296,-0.05,14.59
8.855248097330332,-0.06,14.53
8.856676768511534,-0.05,14.5
8.858131095767021,-0.05,14.5
8.859576150774956,-0.05,14.48
8.861031398177147,-0.05,14.49
8.862366139888763,-0.05,14.53
8.863965075463057,-0.05,14.51
8.865390792489052,-0.05,14.49
8.86688382923603,-0.05,14.46
8.868234321475029,-0.05,14.44
8.869796849787235,-0.05,14.44
8.871258772909641,-0.05,14.42
8.872701730579138,-0.05,14.38
8.874096985906363,-0.05,14.42
8.875617042183876,-0.05,14.36
8.877069756388664,-0.05,14.38
8.878543365746737,-0.05,14.37
8.879999682307243,-0.05,14.32
8.881442029029131,-0.05,14.29
8.882806897163391,-0.05,14.32
8.884355440735817,-0.05,14.34
8.885828528553247,-0.05,14.27
8.887281741946936,-0.05,14.29
8.88867836073041,-0.05,14.32
8.890189033001661,-0.05,14.28
8.891648456454277,-0.05,14.27
8.893101170659065,-0.05,14.28
8.894539155066013,-0.05,14.24
8.89596800133586,-0.05,14.18
8.897426381707191,-0.05,14.23
8.898808509111404,-0.05,14.19
8.900356773287058,-0.05,14.2
8.901834107935429,-0.05,14.15
8.903249997645617,-0.05,14.11
8.90468169003725,-0.05,14.14
8.906125281006098,-0.05,14.11
8.90751875191927,-0.05,14.06
8.909120131283998,-0.05,14.06
8.910540498793125,-0.05,14.07
8.911967124789953,-0.05,14.02
8.91338375583291,-0.05,14.07
8.914905983954668,-0.05,14.08
8.91628758981824,-0.05,14.05
8.917830526828766,-0.05,14.0
8.919256675988436,-0.05,13.98
8.920770570635796,-0.05,13.99
8.92223147302866,-0.05,13.96
8.923680257052183,-0.05,13.96
8.925125319510698,-0.05,13.97
8.926546707749367,-0.05,13.97
8.928041204810143,-0.05,13.94
8.929387670010328,-0.05,13.92
8.930951569229364,-0.05,13.92
8.932414218783379,-0.05,13.86
8.93387708067894,-0.05,13.89
8.93525705114007,-0.05,13.87
8.936763439327478,-0.05,13.84
8.938127767294645,-0.05,13.89
8.939697112888098,-0.05,13.81
8.941157933324575,-0.05,13.73
8.942615520209074,-0.05,13.72
8.94407333061099,-0.05,13.75
8.945389810949564,-0.05,13.73
8.946898888796568,-0.05,13.7
8.948413882404566,-0.05,13.68
8.94983658194542,-0.05,13.68
8.951340690255165,-0.05,13.67
8.952811386436224,-0.05,13.66
8.954149767756462,-0.05,13.66
8.955696608871222,-0.05,13.67
8.957162465900183,-0.05,13.68
8.958622690290213,-0.05,13.7
8.959972146898508,-0.05,13.63
8.961537908762693,-0.05,13.6
8.962987925857306,-0.05,13.56
8.9644511975348,-0.05,13.55
8.965831756591797,-0.05,13.57
8.967365603893995,-0.05,13.61
8.968721877783537,-0.05,13.61
8.970282271504402,-0.05,13.59
8.971700072288513,-0.05,13.55
8.973119635134935,-0.05,13.55
8.974549125880003,-0.05,13.52
8.975964467972517,-0.05,13.5
8.977564562112093,-0.05,13.42
8.978989105671644,-0.05,13.43
8.980411436408758,-0.05,13.44
8.981930889189243,-0.05,13.43
8.983375739306211,-0.05,13.39
8.984834551811218,-0.05,13.35
8.986275348812342,-0.05,13.35
8.987725388258696,-0.05,13.3
8.989209771156311,-0.05,13.32
8.990586336702108,-0.05,13.33
8.992065999656916,-0.05,13.27
8.993568051606417,-0.05,13.23
8.995041195303202,-0.05,13.25
8.996491581201553,-0.05,13.25
8.997832532972097,-0.05,13.16
8.999401852488518,-0.05,13.18
9.00085498392582,-0.05,13.16
9.002313632518053,-0.05,13.22
9.00376583263278,-0.05,13.23
9.005214489996433,-0.05,13.16
9.006677806377411,-0.05,13.06
9.008142214268446,-0.05,13.11
9.009598035365343,-0.05,13.07
9.011035174131393,-0.05,13.01
9.012508437037468,-0.05,13.0
9.013949513435364,-0.05,12.95
9.01542554050684,-0.05,12.97
9.016879137605429,-0.05,13.01
9.018276650458574,-0.05,13.02
9.019740592688322,-0.05,12.93
9.021219119429588,-0.05,12.91
9.022683430463076,-0.05,12.91
9.024143800139427,-0.05,12.91
9.025604739785194,-0.05,12.89
9.027072962373495,-0.05,12.83
9.028524741530418,-0.05,12.8
9.02991470694542,-0.05,12.83
9.031449295580387,-0.05,12.78
9.032856322824955,-0.05,12.72
9.034345149993896,-0.05,12.68
9.035792417824268,-0.05,12.66
9.037256818264723,-0.05,12.64
9.038742300122976,-0.05,12.63
9.040148880332708,-0.05,12.68
9.041628170758486,-0.05,12.62
9.043080449104309,-0.05,12.57
9.044518806040287,-0.05,12.55
9.045992583036423,-0.05,12.48
9.047439385205507,-0.05,12.49
9.04891398921609,-0.05,12.51
9.050281401723623,-0.05,12.49
9.05173534527421,-0.05,12.44
9.053213596343994,-0.05,12.41
9.054726596921682,-0.05,12.41
9.056195482611656,-0.05,12.39
9.057643570005894,-0.05,12.34
9.059109769761562,-0.05,12.38
9.060468323528767,-0.05,12.41
9.062013190239668,-0.05,12.29
9.063466891646385,-0.05,12.23
9.064894814044237,-0.05,12.22
9.066364165395498,-0.05,12.23
9.0678422562778,-0.05,12.22
9.069303397089243,-0.05,12.17
9.070728171616793,-0.05,12.21
9.072177972644567,-0.05,12.22
9.073634009808302,-0.05,12.12
9.07512041553855,-0.05,12.14
9.076532140374184,-0.05,12.07
9.078024938702583,-0.05,12.06
9.07948274165392,-0.05,12.04
9.080944545567036,-0.05,12.01
9.082284715026617,-0.05,11.99
9.083852846175432,-0.05,12.0
9.085306625813246,-0.05,12.0
9.086777035146952,-0.05,11.92
9.08822287619114,-0.05,11.91
9.089679628610611,-0.05,11.83
9.091147735714912,-0.05,11.83
9.092588391155005,-0.05,11.8
9.094045281410217,-0.05,11.81
9.095510140061378,-0.05,11.85
9.096959814429283,-0.05,11.75
9.098424941301346,-0.05,11.71
9.099883627146482,-0.05,11.66
9.101341739296913,-0.05,11.68
9.102783981710672,-0.05,11.7
9.104229141026735,-0.05,11.6
9.105604313313961,-0.05,11.63
9.10716599225998,-0.05,11.6
9.108588669449091,-0.05,11.6
9.110063463449478,-0.05,11.59
9.111525557935238,-0.05,11.54
9.112982589751482,-0.05,11.5
9.114346619695425,-0.05,11.44
9.115878507494926,-0.05,11.46
9.117304481565952,-0.05,11.44
9.118799794465303,-0.05,11.38
9.120232559740543,-0.05,11.42
9.121720619499683,-0.05,11.41
9.123170543462038,-0.05,11.33
9.124623537063599,-0.05,11.32
9.12609126418829,-0.05,11.3
9.127551674842834,-0.05,11.24
9.129416432231665,-0.05,11.2
9.130458433181047,-0.05,11.12
9.131897784769535,-0.05,11.09
9.133370164781809,-0.05,11.19
9.13481231033802,-0.05,11.18
9.136282533407211,-0.05,11.13
9.137731850147247,-0.05,11.05
9.13919810205698,-0.05,11.03
9.140630051493645,-0.05,11.06
9.142104998230934,-0.05,10.98
9.14356005564332,-0.05,10.94
9.145026843994856,-0.05,10.96
9.146479848772287,-0.05,10.95
9.147883802652359,-0.05,10.9
9.149390041828156,-0.05,10.94
9.150808487087488,-0.05,10.88
9.152182087302208,-0.05,10.81
9.153752356767654,-0.05,10.8
9.155170176178217,-0.05,10.8
9.156593937426805,-0.04,10.81
9.158078573644161,-0.04,10.82
9.159472588449717,-0.05,10.86
9.161035932600498,-0.05,10.84
9.162491131573915,-0.05,10.75
9.163956809788942,-0.04,10.75
9.165384884923697,-0.05,10.72
9.166837815195322,-0.05,10.66
9.168326321989298,-0.05,10.64
9.169752392917871,-0.05,10.59
9.171235233545303,-0.05,10.62
9.172601528465748,-0.05,10.62
9.174134436994791,-0.05,10.55
9.175436343997717,-0.04,10.53
9.177063819020987,-0.05,10.5
9.178508289158344,-0.04,10.47
9.179954256862402,-0.04,10.48
9.181422021239996,-0.04,10.48
9.182882905006409,-0.04,10.38
9.18432442843914,-0.04,10.4
9.185779891908169,-0.04,10.42
9.187254294753075,-0.04,10.35
9.18868150189519,-0.04,10.29
9.190158069133759,-0.04,10.27
9.191614557057619,-0.04,10.29
9.193062782287598,-0.04,10.28
9.19453788921237,-0.04,10.25
9.195985451340675,-0.04,10.24
9.197442840784788,-0.04,10.19
9.198759511113167,-0.04,10.13
9.200363002717495,-0.04,10.16
9.201780777424574,-0.04,10.17
9.2032704167068,-0.04,10.16
9.204593010246754,-0.04,10.14
9.206178970634937,-0.04,10.17
9.207613911479712,-0.04,10.13
9.20908634364605,-0.04,10.09
9.210463382303715,-0.04,10.04
9.211966950446367,-0.04,10.0
9.21336941048503,-0.04,10.01
9.214910179376602,-0.04,10.0
9.21632943674922,-0.04,9.95
9.21775110065937,-0.04,9.91
9.219283793121576,-0.04,9.92
9.220669750124216,-0.04,9.95
9.222194463014603,-0.04,9.98
9.223658114671707,-0.04,9.96
9.225044090300798,-0.04,9.9
9.226569939404726,-0.04,9.89
9.22788805887103,-0.04,9.83
9.22947023063898,-0.04,9.76
9.230933878570795,-0.04,9.77
9.232356458902359,-0.04,9.82
9.233846802264452,-0.04,9.81
9.235237453132868,-0.04,9.79
9.236683081835508,-0.04,9.75
9.238216247409582,-0.04,9.76
9.23965222388506,-0.04,9.7
9.241073947399855,-0.04,9.66
9.242487233132124,-0.04,9.7
9.244003541767597,-0.04,9.67
9.245501805096865,-0.04,9.66
9.246947325766087,-0.05,9.63
9.248391300439835,-0.05,9.57
9.249790992587805,-0.04,9.57
9.251321103423834,-0.04,9.57
9.252775251865387,-0.04,9.54
9.254231832921505,-0.04,9.57
9.255615133792162,-0.04,9.53
9.257139626890421,-0.04,9.55
9.258555471897125,-0.05,9.52
9.260043200105429,-0.05,9.46
9.261506639420986,-0.05,9.4
9.262961823493242,-0.05,9.38
9.264422480016947,-0.04,9.38
9.265877705067396,-0.05,9.38
9.267196461558342,-0.05,9.44
9.268775943666697,-0.05,9.41
9.270235747098923,-0.05,9.4
9.271694511175156,17.18,9.32
9.27316066622734,-0.05,9.29
9.274556711316109,-0.05,9.29
9.276060596108437,-0.05,9.24
9.277522630989552,-0.04,9.24
9.27897896245122,-0.05,9.26
9.280445229262114,-0.05,9.16
9.281752720475197,-0.05,9.11
9.283350106328726,-0.05,9.14
9.284809418022633,-0.05,9.18
9.286239802837372,-0.05,9.16
9.287719879299402,-0.05,9.08
9.289044063538313,-0.05,9.06
9.29063956066966,-0.05,9.09
9.292087335139513,-0.05,9.1
9.293550189584494,-0.05,9.07
9.294906105846167,-0.05,9.05
9.296417728066444,-0.05,9.1
9.297909673303366,-0.05,9.09
9.299372993409634,-0.05,9.01
9.300778269767761,-0.05,8.95
9.302239824086428,-0.05,8.97
9.303737338632345,-0.05,9.0
9.305040393024683,-0.05,8.93
9.306638814508915,-0.05,8.9
9.308106485754251,-0.05,8.94
9.309556912630796,-0.05,8.93
9.310953095555305,-0.05,8.91
9.312468372285366,-0.05,8.87
9.313933309167624,-0.04,8.89
9.315395187586546,-0.05,8.91
9.316815216094255,-0.05,8.91
9.318300317972898,-0.04,8.83
9.319758608937263,-0.05,8.9
9.321219064295292,-0.05,8.89
9.322667356580496,-0.04,8.85
9.324112102389336,-0.04,8.85
9.325578533113003,-0.04,8.87
9.32703459635377,-0.04,8.85
9.328487951308489,-0.04,8.8
9.329929266124964,-0.04,8.78
9.33141090348363,-0.04,8.77
9.332850705832243,-0.04,8.82
9.334295835345984,-0.04,8.84
9.335620734840631,-0.04,8.88
9.337230995297432,-0.04,8.79
9.338694259524345,-0.04,8.75
9.340063437819481,-0.04,8.75
9.34159655123949,-0.04,8.79
9.342990562319756,-0.04,8.81
9.344509050250053,-0.04,8.81
9.345931526273489,-0.04,8.79
9.34742308408022,-0.04,8.77
9.3488693498075,-0.04,8.73
9.35033942386508,-0.04,8.73
9.351802714169025,-0.05,8.74
9.353224512189627,-0.05,8.76
9.354677099734545,-0.05,8.75
9.35615749657154,-0.04,8.72
9.357548356056213,-0.05,8.66
9.358984775841236,-0.05,8.73
9.360506668686867,-0.05,8.76
9.361975979059935,-0.04,8.59
9.363377705216408,-0.04,8.56
9.364873182028532,-0.04,8.58
9.366198312491179,-0.04,8.59
9.367802895605564,-0.05,8.6
9.36926793679595,-0.05,8.59
9.370721593499184,-0.04,8.53
9.372149989008904,-0.05,8.53
9.37363950163126,-0.05,8.57
9.375092413276434,-0.05,8.55
9.376544151455164,-0.05,8.52
9.378003429621458,-0.05,8.49
9.379460975527763,-0.05,8.48
9.38080544397235,-0.05,8.49
9.382375299930573,-0.05,8.51
9.383831236511469,-0.04,8.52
9.385222684592009,-0.05,8.57
9.38672548532486,-0.05,8.54
9.38820356875658,-0.05,8.48
9.389654219150543,-0.05,8.46
9.391084775328636,-0.04,8.47
9.392507646232843,-0.05,8.49
9.394018441438675,-0.05,8.51
9.395412299782038,-0.05,8.49
9.396929942071438,-0.05,8.52
9.398394376039505,-0.05,8.43
9.399807132780552,-0.05,8.37
9.40122052282095,-0.05,8.43
9.402760207653046,-0.05,8.42
9.404190208762884,-0.05,8.44
9.40567483752966,-0.05,8.4
9.40712659060955,-0.05,8.37
9.40858544409275,-0.05,8.36
9.410035904496908,-0.05,8.34
9.411468014121056,-0.05,8.35
9.412953987717628,-0.05,8.31
9.414381101727486,-0.05,8.32
9.415837313979864,-0.05,8.35
9.417325772345066,-0.05,8.31
9.418646108359098,-0.05,8.28
9.42023778706789,-0.05,8.26
9.42166943103075,-0.04,8.29
9.423089366406202,-0.04,8.34
9.424598846584558,-0.04,8.35
9.426052808761597,-0.04,8.35
9.42735406756401,-0.04,8.35
9.428953755646944,-0.04,8.38
9.430427320301533,-0.05,8.41
9.431875925511122,-0.05,8.38
9.433259256184101,-0.05,8.34
9.43475092202425,-0.05,8.32
9.436243556439877,-0.04,8.38
9.437712673097849,-0.04,8.36
9.43916143476963,-0.04,8.4
9.440610587596893,-0.04,8.46
9.442064628005028,-0.05,8.39
9.443535652011633,-0.04,8.33
9.444989446550608,-0.04,8.33
9.446426972746849,-0.04,8.31
9.447816248983145,-0.04,8.35
9.449284706264734,-0.04,8.38
9.450655326247215,-0.04,8.4
9.452250216156244,-0.04,8.34
9.453726202249527,-0.04,8.38
9.455174371600151,-0.04,8.35
9.456627558916807,-0.04,8.35
9.458088856190443,-0.04,8.36
9.459537237882614,-0.04,8.36
9.460956741124392,-0.04,8.29
9.462458606809378,-0.04,8.33
9.463918771594763,-0.04,8.35
9.465290732681751,-0.04,8.42
9.46682558208704,-0.04,8.44
9.468286212533712,-0.04,8.42
9.46969449520111,-0.04,8.42
9.471150282770395,-0.04,8.42
9.472575642168522,-0.04,8.39
9.473975371569395,-0.04,8.41
9.475553538650274,-0.04,8.44
9.477011915296316,-0.04,8.42
9.478484097868204,-0.04,8.43
9.479932434856892,-0.04,8.43
9.481252118945122,-0.04,8.41
9.48284324631095,-0.04,8.37
9.484285190701485,-0.04,8.39
9.485752526670694,-0.04,8.39
9.487128756940365,-0.04,8.39
9.488553561270237,-0.04,8.45
9.49011217057705,-0.04,8.43
9.491537764668465,-0.04,8.39
9.492965053766966,-0.04,8.38
9.494500432163477,-0.04,8.37
9.495907858014107,-0.04,8.38
9.49740668386221,-0.04,8.39
9.498863190412521,-0.04,8.41
9.500291727483273,-0.04,8.41
9.50177900493145,-0.04,8.37
9.503092478960752,-0.04,8.31
9.504691693931818,-0.04,8.34
9.506143484264612,-0.04,8.43
9.507603503763676,-0.04,8.43
9.508986294269562,-0.04,8.45
9.510396059602499,-0.04,8.49
9.511890299618244,-0.04,8.44
9.513402987271547,-0.04,8.4
9.514864511787891,-0.04,8.45
9.516327902674675,-0.04,8.44
9.517787139862776,-0.04,8.48
9.519181858748198,-0.04,8.53
9.520693052560091,-0.04,8.46
9.522153120487928,-0.04,8.45
9.523609351366758,-0.04,8.43
9.525030832737684,-0.04,8.43
9.526521626859903,-0.04,8.45
9.527989190071821,-0.04,8.5
9.529444698244333,-0.04,8.49
9.530899904668331,-0.04,8.46
9.53226212412119,-0.04,8.45
9.533704917877913,-0.04,8.51
9.53517410159111,-0.04,8.51
9.536727868020535,-0.04,8.47
9.538169331848621,-0.04,8.48
9.539578523486853,-0.04,8.49
9.540994390845299,-0.04,8.5
9.542513556778431,-0.04,8.52
9.54400485381484,-0.04,8.5
9.54544597491622,-0.04,8.49
9.546904720366001,-0.04,8.52
9.548306211829185,-0.04,8.54
9.549847729504108,-0.04,8.51
9.551290728151798,-0.04,8.55
9.552691910415888,-0.04,8.52
9.554202888160944,-0.04,8.51
9.555651519447565,-0.04,8.5
9.55704790726304,-0.04,8.48
9.558559097349644,-0.04,8.47
9.559991493821144,-0.04,8.54
9.56146988272667,-0.04,8.6
9.562933094799519,-0.04,8.56
9.564308140426874,-0.04,8.58
9.565699514001608,-0.04,8.63
9.567290589213371,-0.04,8.6
9.56869362667203,-0.04,8.57
9.570215221494436,-0.04,8.53
9.57166713103652,-0.04,8.51
9.57302800193429,-0.04,8.61
9.574575826525688,-0.04,8.67
9.576030898839235,-0.04,8.66
9.577474389225245,-0.04,8.61
9.57891696318984,-0.04,8.59
9.580273315310478,-0.04,8.56
9.581848789006472,-0.04,8.61
9.583305545151234,-0.04,8.62
9.584692519158125,-0.04,8.6
9.586145985871553,-0.04,8.64
9.587627038359642,-0.04,8.65
9.589136183261871,-0.04,8.68
9.59055844321847,-0.04,8.66
9.59204676002264,-0.04,8.66
9.593402869999409,-0.04,8.68
9.594976920634508,-0.04,8.7
9.59643204882741,-0.04,8.7
9.597852613776922,-0.04,8.68
9.599316067993641,-0.04,8.66
9.600747365504503,-0.04,8.72
9.602237828075886,-0.04,8.81
9.603591859340668,-0.04,8.76
9.605149488896132,-0.04,8.72
9.60661794245243,-0.04,8.73
9.60806368663907,-0.04,8.73
9.6095209158957,-0.04,8.69
9.61091161891818,-0.04,8.68
9.612432386726141,-0.04,8.73
9.613890953361988,-0.04,8.74
9.615348692983389,-0.04,8.78
9.61680294573307,-0.04,8.8
9.618176858872175,-0.04,8.77
9.61971752345562,-0.04,8.82
9.6211705096066,-0.04,8.82
9.622599329799414,-0.03,8.82
9.624085385352373,-0.04,8.82
9.625547964125872,-0.04,8.87
9.627003718167543,-0.03,8.9
9.628445144742727,-0.04,8.92
9.629881605505943,-0.04,8.93
9.631332140415907,-0.04,8.92
9.632754772901535,-0.04,8.94
9.634203221648932,-0.04,8.93
9.63572009280324,-0.04,8.99
9.637148942798376,-0.04,9.0
9.638654936105013,-0.04,8.99
9.640052631497383,-0.04,9.06
9.641509871929884,-0.04,9.05
9.643008448183537,-0.04,9.04
9.644460946321487,-0.04,9.06
9.645855370908976,-0.04,9.09
9.647336099296808,-0.04,9.09
9.64883353561163,-0.04,9.09
9.650299277156591,-0.04,9.05
9.651727363467216,-0.04,9.08
9.653175935149193,-0.04,9.09
9.654587790369987,-0.04,9.11
9.656118094921112,-0.04,9.12
9.657559659332037,-0.04,9.06
9.659036718308926,-0.03,9.05
9.66047741100192,-0.04,9.13
9.661882139742374,-0.04,9.14
9.663405507802963,-0.04,9.13
9.664849504828453,-0.04,9.18
9.666321996599436,-0.04,9.21
9.667772591114044,-0.04,9.18
9.669216472655535,-0.04,9.14
9.670665822923183,-0.04,9.12
9.672134134918451,-0.04,9.17
9.673583753407001,-0.04,9.25
9.67501212283969,-0.04,9.21
9.676504697650671,-0.04,9.22
9.677889190614223,-0.04,9.14
9.679421670734882,-0.04,9.12
9.680871173739433,-0.04,9.16
9.682335924357176,-0.04,9.23
9.683755040168762,-0.04,9.21
9.685221716761589,-0.04,9.22
9.686563771218061,-0.04,9.23
9.688006099313498,-0.04,9.23
9.689610317349434,-0.04,9.26
9.691064424812794,-0.04,9.26
9.692514438182116,-0.04,9.26
9.693927615880966,-0.04,9.25
9.695284008979797,-0.04,9.29
9.696896329522133,-0.04,9.33
9.69830185547471,-0.04,9.28
9.699719995260239,-0.04,9.28
9.701180342584848,-0.04,9.28
9.702707752585411,-0.04,9.27
9.704166114330292,-0.04,9.28
9.705600526183844,-0.04,9.23
9.707007694989443,-0.04,9.26
9.70853067561984,-0.04,9.35
9.709987167268991,-0.04,9.33
9.711450971662998,-0.04,9.32
9.712873831391335,-0.04,9.3
9.714381977915764,-0.04,9.31
9.715819735080004,-0.04,9.34
9.717249352484941,-0.04,9.39
9.718740176409483,-0.04,9.36
9.720166590064764,-0.04,9.29
9.721635077148676,-0.04,9.26
9.723091874271631,-0.04,9.26
9.724554993212223,-0.04,9.31
9.725994385778904,-0.04,9.3
9.727454643696547,-0.04,9.27
9.72891703620553,-0.04,9.25
9.73032658919692,-0.04,9.29
9.731829702854156,-0.04,9.33
9.733180679380894,-0.04,9.3
9.734739277511835,-0.04,9.32
9.736197259277105,-0.04,9.43
9.73765654489398,-0.04,9.43
9.739106517285109,-0.03,9.26
9.74056912586093,-0.04,9.27
9.742017433047295,-0.04,9.36
9.74348098039627,-0.03,9.37
9.744929727166891,-0.04,9.43
9.746390890330076,-0.03,9.44
9.74783881008625,-0.04,9.39
9.749301515519619,-0.04,9.37
9.750757407397032,-0.04,9.37
9.752220153808594,-0.04,9.39
9.753674551844597,-0.04,9.45
9.755118891596794,-0.04,9.48
9.75652115419507,-0.04,9.51
9.758028391748667,-0.04,9.54
9.759491670876741,-0.04,9.51
9.76094738394022,-0.04,9.56
9.762406434863806,-0.03,9.52
9.763877458870411,-0.03,9.49
9.76532094180584,-0.03,9.53
9.766780391335487,-0.03,9.46
9.768235471099615,-0.03,9.46
9.76968964934349,-0.03,9.55
9.771150350570679,-0.03,9.61
9.772607330232859,-0.03,9.64
9.77405009791255,-0.03,9.6
9.775510352104902,-0.03,9.61
9.776963021606207,-0.03,9.67
9.778415262699127,-0.03,9.65
9.77988638728857,-0.03,9.63
9.781340759247541,-0.03,9.68
9.782797500491142,-0.03,9.72
9.784163046628237,-0.03,9.7
9.785636246204376,-0.03,9.7
9.78714795038104,-0.03,9.7
9.788613565266132,-0.03,9.72
9.790041528642178,-0.03,9.76
9.79152012243867,-0.03,9.7
9.792894523590803,-0.03,9.7
9.794446155428886,-0.03,9.8
9.7958980537951,-0.03,9.81
9.797358572483063,-0.03,9.86
9.79881302267313,-0.03,9.85
9.800269864499569,-0.03,9.79
9.801713109016418,-0.03,9.86
9.803170301020145,-0.03,9.8
9.80463521182537,-0.03,9.81
9.806085959076881,-0.03,9.87
9.807545643299818,-0.03,9.83
9.808997888118029,-0.03,9.88
9.810449119657278,-0.03,9.89
9.811920151114464,-0.03,9.94
9.813377145677805,-0.03,9.96
9.814824026077986,-0.03,9.91
9.816282492130995,-0.03,9.94
9.817736689001322,-0.03,9.96
9.819191701710224,-0.03,9.95
9.82064801454544,-0.03,9.97
9.822108246386051,-0.03,9.95
9.82356721907854,-0.03,9.93
9.825023867189884,-0.03,9.99
9.826478205621243,-0.03,10.01
9.827928721904755,-0.03,10.06
9.829380597919226,-0.03,10.08
9.830845810472965,-0.03,10.05
9.832306236028671,-0.03,10.07
9.833763301372528,-0.03,10.08
9.835207462310791,-0.03,10.13
9.836665414273739,-0.03,10.18
9.838125642389059,-0.03,10.21
9.8395817540586,-0.03,10.13
9.84103699401021,-0.03,10.16
9.842492293566465,-0.03,10.21
9.843950610607862,-0.03,10.21
9.845412373542786,-0.03,10.21
9.846858248114586,-0.03,10.19
9.848320458084345,-0.03,10.2
9.849765084683895,-0.03,10.22
9.851229846477509,-0.03,10.22
9.852687552571297,-0.03,10.27
9.85413996130228,-0.03,10.27
9.855602450668812,-0.03,10.39
9.857055511325598,-0.03,10.38
9.858509231358767,-0.03,10.35
9.859967585653067,-0.03,10.37
9.861427925527096,-0.03,10.39
9.862880770117044,-0.03,10.33
9.864319540560246,-0.03,10.32
9.865785263478756,-0.03,10.34
9.8672512806952,-0.03,10.45
9.86870988830924,-0.03,10.42
9.870159331709146,-0.03,10.35
9.871619027107954,-0.03,10.38
9.873061187565327,-0.03,10.43
9.874527975916862,-0.03,10.4
9.875974602997303,-0.03,10.44
9.877432361245155,-0.03,10.5
9.878896001726389,-0.03,10.52
9.880343273282051,-0.03,10.5
9.88180823624134,-0.03,10.54
9.883254151791334,-0.03,10.55
9.884716913104057,-0.03,10.53
9.886175736784935,-0.03,10.58
9.887636572122574,-0.03,10.63
9.889090359210968,-0.03,10.64
9.890547789633274,-0.03,10.6
9.892002545297146,-0.03,10.63
9.893457382917404,-0.03,10.62
9.894912764430046,-0.03,10.68
9.896372511982918,-0.03,10.69
9.897809326648712,-0.03,10.69
9.899273704737425,-0.03,10.72
9.900732349604368,-0.03,10.68
9.902194578200579,-0.03,10.63
9.903652090579271,-0.03,10.66
9.905099913477898,-0.03,10.7
9.906564842909575,-0.03,10.8
9.908015947788954,-0.03,10.86
9.90947163850069,-0.03,10.83
9.910931371152401,-0.03,10.85
9.912390004843473,-0.03,10.86
9.913831062614918,-0.03,10.88
9.915301624685526,-0.03,10.9
9.916750397533178,-0.03,10.88
9.918209750205278,-0.03,10.9
9.919656995683908,-0.03,10.95
9.921115782111883,-0.03,10.95
9.922586385160685,-0.03,10.9
9.924043957144022,-0.03,10.91
9.925473727285862,-0.03,10.91
9.926944218575954,-0.03,10.93
9.92839452624321,-0.03,10.94
9.929861273616552,-0.03,10.96
9.93131436035037,-0.04,11.0
9.932778287678957,-0.04,10.98
9.934230014681816,-0.04,10.96
9.935685586184263,-0.03,11.0
9.937143705785275,-0.04,10.96
9.938596490770578,-0.04,11.0
9.940056063234806,-0.04,11.04
9.941505700349808,-0.04,11.05
9.942957635968924,-0.04,11.04
9.944422718137503,-0.04,11.09
9.945880498737097,-0.04,11.13
9.947333246469498,-0.04,11.13
9.94878949597478,-0.04,11.13
9.950234342366457,-0.04,11.1
9.951701749116182,-0.04,11.11
9.953148324042559,-0.04,11.14
9.954614363610744,-0.04,11.16
9.956061575561762,-0.04,11.16
9.95752340182662,-0.04,11.17
9.958980683237314,-0.04,11.2
9.960435539484024,-0.04,11.22
9.961899194866419,-0.04,11.2
9.96335420012474,-0.04,11.19
9.964800495654345,-0.04,11.21
9.966263119131327,-0.04,11.21
9.967709854245186,-0.03,11.22
9.969167780131102,-0.04,11.21
9.970622267574072,-0.04,11.2
9.97207798063755,-0.03,11.23
9.973535139113665,-0.03,11.32
9.974988117814064,-0.04,11.28
9.976444564759731,-0.04,11.27
9.977901313453913,-0.04,11.31
9.97935589402914,-0.04,11.31
9.980801742523909,-0.04,11.33
9.982259552925825,-0.04,11.39
9.983710590749979,-0.04,11.41
9.985167667269707,-0.04,11.44
9.986629609018564,-0.04,11.42
9.988080061972141,-0.04,11.38
9.989534057676792,-0.04,11.4
9.990995269268751,-0.04,11.39
9.992456514388323,-0.04,11.4
9.993906047195196,-0.04,11.41
9.995344426482916,-0.04,11.41
9.996818128973246,-0.04,11.42
9.99826829135418,-0.04,11.47
9.999725610017776,-0.04,11.48
10.001180417835712,-0.04,11.47
10.002636920660734,-0.04,11.48
10.004095323383808,-0.04,11.49
10.005546417087317,-0.04,11.51
10.007006362080574,-0.04,11.51
10.008465439081192,-0.04,11.52
10.009924180805683,-0.04,11.54
10.011375404894352,-0.04,11.5
10.01282823085785,-0.04,11.52
10.014297492802143,-0.04,11.56
10.015746742486954,-0.04,11.51
10.017205405980349,-0.04,11.53
10.018659971654415,-0.04,11.55
10.020109221339226,-0.04,11.6
10.021571971476078,-0.04,11.61
10.023038517683744,-0.04,11.6
10.024488508701324,-0.04,11.58
10.025933865457773,-0.04,11.66
10.027384500950575,-0.04,11.61
10.028841935098171,-0.04,11.59
10.030304785817862,-0.04,11.58
10.031760081648827,-0.04,11.6
10.033209212124348,-0.04,11.66
10.034674376249313,-0.04,11.63
10.036130677908659,-0.04,11.64
10.037587005645037,-0.04,11.6
10.039043553173542,-0.04,11.57
10.040503241121769,-0.04,11.6
10.041950941085815,-0.04,11.61
10.04341160133481,-0.04,11.67
10.044857818633318,-0.04,11.63
10.046327259391546,-0.04,11.61
10.047780185937881,-0.04,11.71
10.04924101755023,-0.04,11.67
10.050681438297033,-0.04,11.68
10.052153535187244,-0.04,11.65
10.053605619817972,-0.04,11.66
10.055058032274246,-0.04,11.62
10.056508164852858,-0.04,11.65
10.057973057031631,-0.04,11.69
10.059421453624964,-0.04,11.73
10.060876347124577,-0.04,11.72
10.062335401773453,-0.04,11.72
10.063790746033192,-0.04,11.68
10.065256148576736,-0.04,11.65
10.066703774034977,-0.04,11.65
10.068159934133291,-0.04,11.65
10.069623779505491,-0.04,11.74
10.071081906557083,-0.04,11.67
10.072527080774307,-0.04,11.61
10.073985300958157,-0.04,11.69
10.075446601957083,-0.04,11.73
10.076893851161003,-0.04,11.76
10.078365240246058,-0.04,11.67
10.079817917197943,-0.04,11.6
10.081272397190332,-0.04,11.61
10.082717224955559,-0.04,11.69
10.08418858423829,-0.04,11.68
10.085636530071497,-0.04,11.72
10.087085109204054,-0.04,11.77
10.088544338941574,-0.04,11.73
10.090006846934557,-0.04,11.69
10.091453924775124,-0.04,11.71
10.092918004840612,-0.04,11.68
10.09437683224678,-0.04,11.68
10.095829974859953,-0.04,11.68
10.097279984503984,-0.04,11.63
10.098747286945581,-0.04,11.59
10.100199304521084,-0.04,11.61
10.101646095514297,-0.04,11.64
10.10310859978199,-0.04,11.65
10.104569002985954,-0.04,11.69
10.106024663895369,-0.04,11.66
10.107470493763685,-0.04,11.61
10.108937326818705,-0.04,11.62
10.110393308103085,-0.04,11.69
10.11185397580266,-0.04,11.65
10.113303262740374,-0.04,11.62
10.114754781126976,-0.04,11.65
10.116213638335466,-0.04,11.67
10.117665749043226,-0.04,11.56
10.119121253490448,-0.04,11.54
10.120588567107916,-0.04,11.6
10.12204410508275,-0.04,11.59
10.123492393642664,-0.04,11.65
10.124955218285322,-0.04,11.65
10.126409489661455,-0.04,11.59
10.127857983112335,-0.04,11.5
10.12931538745761,-0.04,11.51
10.130780652165413,-0.04,11.59
10.132236029952765,-0.04,11.59
10.13368608802557,-0.04,11.58
10.135143626481295,-0.04,11.56
10.136600561439991,-0.04,11.53
10.138058193027973,-0.04,11.54
10.139517560601234,-0.04,11.61
10.140951238572598,-0.04,11.61
10.14242871850729,-0.04,11.57
10.1438739746809,-0.04,11.56
10.1453358232975,-0.04,11.5
10.14680052921176,-0.04,11.57
10.148242071270943,-0.04,11.56
10.149700041860342,-0.04,11.57
10.151147570461035,-0.04,11.53
10.152610000222921,-0.04,11.51
10.154072973877192,-0.04,11.51
10.155534032732248,-0.04,11.5
10.156993325799704,-0.04,11.47
10.158446740359068,-0.04,11.5
10.159895364195108,-0.04,11.55
10.161347817629576,-0.04,11.54
10.162802755832672,-0.04,11.52
10.164268296211958,-0.04,11.48
10.16571669653058,-0.04,11.49
10.167173407971859,-0.04,11.51
10.168639495968819,-0.04,11.59
10.170092154294252,-0.04,11.57
10.171535313129425,-0.04,11.52
10.172999653965235,-0.04,11.55
10.174458030611277,-0.04,11.54
10.175923641771078,-0.04,11.54
10.177377101033926,-0.04,11.52
10.178825411945581,-0.04,11.57
10.180275686085224,-0.04,11.59
10.181735463440418,-0.04,11.54
10.183198597282171,-0.04,11.61
10.184645783156157,-0.04,11.59
10.18610255420208,-0.04,11.53
10.187556587159634,-0.04,11.56
10.189024541527033,-0.04,11.61
10.190470844507217,-0.04,11.61
10.19193547964096,-0.04,11.63
10.193382106721401,-0.04,11.65
10.194845464080572,-0.04,11.68
10.19629879295826,-0.04,11.68
10.1977605111897,-0.04,11.63
10.199210595339537,-0.04,11.65
10.20066248998046,-0.04,11.66
10.20212833955884,-0.04,11.67
10.20358556136489,-0.04,11.7
10.2050323151052,-0.04,11.69
10.206486824899912,-0.04,11.74
10.207930490374565,-0.04,11.73
10.209405336529016,-0.04,11.72
10.2108572460711,-0.04,11.75
10.21231571957469,-0.04,11.76
10.213763918727636,-0.03,11.75
10.215221170336008,-0.04,11.78
10.21668267250061,-0.04,11.87
10.218135610222816,-0.04,11.92
10.219588004052639,-0.04,11.85
10.221057321876287,-0.04,11.81
10.222507514059544,-0.04,11.81
10.223959013819695,-0.03,11.85
10.225405000150204,-0.03,11.9
10.226862620562315,-0.03,11.86
10.228319365531206,-0.03,11.79
10.229782186448574,-0.03,11.86
10.231243401765823,-0.03,11.94
10.232684027403593,-0.03,11.96
10.234144415706396,-0.03,11.92
10.235591571778059,-0.03,11.84
10.237046767026186,-0.03,11.84
10.238513618707657,-0.03,11.92
10.239958964288235,-0.03,11.93
10.241420064121485,-0.03,11.96
10.242879904806614,-0.03,11.96
10.2443283572793,-0.03,11.93
10.245786733925343,-0.03,12.0
10.247244838625193,-0.03,12.05
10.248688876628876,-0.03,12.05
10.250151559710503,-0.03,12.08
10.25160352513194,-0.03,12.09
10.253053277730942,-0.03,12.04
10.254522372037172,-0.03,12.02
10.255965068936348,-0.03,11.99
10.25742881372571,-0.03,12.03
10.258884999901056,-0.03,12.1
10.260338332504034,-0.03,12.13
10.261790569871664,-0.03,12.12
10.2632494866848,-0.03,12.06
10.264711663126945,-0.03,12.06
10.26615983620286,-0.03,12.11
10.26762405410409,-0.03,12.12
10.269075527787209,-0.03,12.14
10.270533114671707,-0.03,12.19
10.271997381001711,-0.03,12.18
10.273454084992409,-0.03,12.17
10.274902999401093,-0.03,12.17
10.276355799287558,-0.03,12.2
10.277815088629723,-0.03,12.26
10.279278106987476,-0.03,12.25
10.28071691840887,-0.03,12.29
10.282174978405237,-0.03,12.3
10.283639684319496,-0.03,12.31
10.285091806203127,-0.03,12.32
10.286549992859364,-0.03,12.32
10.288005590438843,-0.03,12.33
10.289465934038162,-0.03,12.32
10.290909856557846,-0.03,12.35
10.292372446507215,-0.03,12.32
10.293817322701216,-0.03,12.35
10.295284777879715,-0.03,12.32
10.296727824956179,-0.03,12.31
10.298184521496296,-0.03,12.39
10.299642082303762,-0.03,12.38
10.301104847341776,-0.04,12.37
10.302563030272722,-0.04,12.36
10.304019518196583,-0.04,12.38
10.30546860396862,-0.03,12.37
10.306930769234896,-0.04,12.4
10.308380763977766,-0.04,12.43
10.309831481426954,-0.04,12.38
10.311291120946407,-0.03,12.35
10.312733579427004,-0.03,12.37
10.314190030097961,-0.03,12.39
10.315653454512358,-0.03,12.42
10.317109126597643,-0.04,12.41
10.318563301116228,-0.04,12.4
10.320033609867096,-0.03,12.36
10.32148202508688,-0.03,12.38
10.322934105992317,-0.03,12.42
10.324394911527634,-0.04,12.34
10.325854703783989,-0.04,12.31
10.327320873737335,-0.03,12.34
10.328754257410765,-0.04,12.31
10.33021704852581,-0.04,12.26
10.331672169268131,-0.04,12.28
10.333122987300158,-0.04,12.34
10.334583081305027,-0.04,12.29
10.336034912616014,-0.04,12.31
10.337494112551212,-0.04,12.34
10.338954526931047,-0.04,12.34
10.340404890477657,-0.04,12.32
10.34186800941825,-0.04,12.33
10.343321979045868,-0.04,12.32
10.344777725636959,-0.04,12.29
10.34622997045517,-0.03,12.31
10.347689360380173,-0.04,12.29
10.349148541688919,-0.04,12.26
10.350602634251118,-0.04,12.27
10.352058369666338,-0.04,12.32
10.353504836559296,-0.04,12.31
10.354981053620577,-0.04,12.24
10.356422644108534,-0.04,12.24
10.357875477522612,-0.04,12.27
10.359341729432344,-0.04,12.25
10.36079292371869,-0.04,12.33
10.362250540405512,-0.04,12.3
10.363712452352047,-0.04,12.33
10.365159630775452,-0.04,12.28
10.36661872267723,-0.04,12.27
10.36807431653142,-0.04,12.31
10.369534727185965,-0.04,12.26
10.370979774743319,-0.04,12.24
10.37244525179267,-0.04,12.29
10.373896408826113,-0.04,12.26
10.375356417149305,-0.04,12.27
10.376804873347282,-0.04,12.23
10.378265839070082,-0.04,12.23
10.37971993535757,-0.04,12.23
10.381179127842188,-0.04,12.25
10.382633093744516,-0.04,12.28
10.384079933166504,-0.04,12.3
10.38554897531867,-0.04,12.23
10.387007281184196,-0.04,12.21
10.38844994828105,-0.04,12.24
10.389914896339178,-0.04,12.25
10.391366671770811,-0.04,12.19
10.392819378525019,-0.04,12.17
10.394274700433016,-0.04,12.16
10.39573834091425,-0.04,12.13
10.39718384295702,-0.04,12.16
10.398642517626286,-0.04,12.24
10.400101695209742,-0.04,12.19
10.401563450694084,-0.04,12.19
10.403002984821796,-0.04,12.14
10.404465802013874,-0.04,12.15
10.405922148376703,-0.04,12.2
10.407383143901825,-0.04,12.13
10.408835299313068,-0.04,12.14
10.410287361592054,-0.04,12.12
10.411757107824087,-0.04,12.08
10.413208968937397,-0.04,12.13
10.414675675332546,-0.04,12.15
10.416111346334219,-0.04,12.09
10.417577303946018,-0.04,12.08
10.41904205083847,-0.04,12.12
10.420492228120565,-0.04,12.16
10.421946089714766,-0.04,12.1
10.423400294035673,-0.04,12.15
10.424860622733831,-0.04,12.11
10.426311876624823,-0.04,12.07
10.42777719348669,-0.04,12.08
10.429230935871601,-0.04,12.09
10.430675700306892,-0.04,12.11
10.43213801458478,-0.04,12.04
10.433603722602129,-0.04,12.08
10.43504823744297,-0.04,12.07
10.436500582844019,-0.04,12.1
10.437956590205431,-0.04,12.08
10.440876562148333,-0.04,12.04
10.442324217408895,-0.04,12.0
10.443791758269072,-0.04,11.96
10.445241902023554,-0.04,12.01
10.446704246103764,-0.04,12.04
10.44815307855606,-0.04,12.02
10.449607275426388,-0.04,12.05
10.451058365404606,-0.04,12.03
10.452519845217466,-0.04,12.04
10.453983135521412,-0.04,12.01
10.455433961004019,-0.04,12.02
10.456890258938074,-0.04,12.02
10.45834818482399,-0.04,11.99
10.45980578660965,-0.04,11.94
10.461255941540003,-0.04,11.97
10.462708000093699,-0.04,11.99
10.464158810675144,-0.04,11.95
10.465619012713432,-0.04,11.94
10.467076119035482,-0.04,11.92
10.46852719783783,-0.04,11.91
10.470002301037312,-0.04,11.87
10.471456445753574,-0.04,11.91
10.472897063940763,-0.04,11.91
10.47435924038291,-0.04,11.84
10.475812420248985,-0.04,11.89
10.47726919874549,-0.04,11.87
10.478728126734495,-0.04,11.88
10.480180725455284,-0.04,11.89
10.481642682105303,-0.04,11.88
10.483101293444633,-0.04,11.87
10.484549544751644,-0.04,11.87
10.486006449908018,-0.04,11.83
10.487475536763668,-0.04,11.8
10.488914608955383,-0.04,11.78
10.490370769053698,-0.04,11.74
10.491836115717888,-0.04,11.73
10.49329224973917,-0.04,11.76
10.494734264910221,-0.04,11.81
10.496205300092697,-0.04,11.74
10.497658085078001,-0.04,11.67
10.499118994921446,-0.04,11.73
10.500569727271795,-0.04,11.71
10.502031300216913,-0.04,11.65
10.503480464220047,-0.04,11.66
10.504939023405313,-0.04,11.69
10.50638485327363,-0.04,11.65
10.50785555690527,-0.04,11.63
10.509311687201262,-0.04,11.61
10.510765258222818,-0.04,11.62
10.512214619666338,-0.04,11.58
10.513677760958672,-0.04,11.6
10.51512798294425,-0.04,11.59
10.516582049429417,-0.05,11.51
10.518047511577606,-0.05,11.47
10.519494127482176,-0.04,11.47
10.520952075719833,-0.04,11.46
10.522402625530958,-0.04,11.47
10.523856297135353,-0.04,11.46
10.525327909737825,-0.04,11.46
10.52678057551384,-0.04,11.46
10.528232280164957,-0.04,11.41
10.5296870470047,-0.04,11.4
10.531136084347963,-0.04,11.39
10.5325971506536,-0.04,11.37
10.534053299576044,-0.04,11.43
10.535498797893524,-0.04,11.46
10.53697069734335,-0.04,11.42
10.538418758660555,-0.04,11.3
10.539874754846096,-0.05,11.25
10.541339632123709,-0.05,11.26
10.542789462953806,-0.04,11.21
10.54424986243248,-0.04,11.13
10.545701533555984,-0.05,11.19
10.547156807035208,-0.05,11.28
10.548611424863338,-0.05,11.3
10.55007553473115,-0.05,11.25
10.551526330411434,-0.05,11.24
10.552979413419962,-0.04,11.18
10.55443286523223,-0.04,11.16
10.555891525000334,-0.04,11.18
10.557342004030943,-0.04,11.17
10.558797087520361,-0.04,11.18
10.56025754287839,-0.04,11.14
10.561723303049803,-0.04,11.11
10.563160691410303,-0.04,11.15
10.564627081155777,-0.04,11.1
10.566084686666727,-0.04,11.1
10.56754457950592,-0.04,11.12
10.56899033114314,-0.04,11.08
10.570457369089127,-0.04,11.15
10.571898221969604,-0.04,11.11
10.573356714099646,-0.04,11.08
10.574825525283813,-0.04,11.09
10.576283879578114,-0.04,11.11
10.577736627310514,-0.04,11.17
10.579187251627445,-0.04,11.16
10.58064977824688,-0.04,11.1
10.582101464271545,-0.04,11.09
10.583561200648546,-0.04,11.08
10.585014417767525,-0.04,11.12
10.58646796271205,-0.04,11.15
10.58792369440198,-0.04,11.12
10.589376602321863,-0.04,11.12
10.590830747038126,-0.04,11.11
10.592291235923767,-0.04,11.13
10.593746412545443,-0.04,11.09
10.595202263444662,-0.04,11.04
10.596666682511568,-0.04,11.07
10.598116636276245,-0.04,11.07
10.599564865231514,-0.04,11.11
10.60103139653802,-0.04,11.12
10.602474953979254,-0.04,11.09
10.603939309716225,-0.04,11.09
10.60540034621954,-0.04,11.07
10.606854628771544,-0.04,11.03
10.608305286616087,-0.04,11.03
10.609766766428947,-0.04,11.05
10.611224062740803,-0.04,11.05
10.612681366503239,-0.04,11.01
10.614123601466417,-0.04,11.06
10.61559708043933,-0.04,11.07
10.617043662816286,-0.04,11.01
10.618499487638474,-0.04,11.05
10.619960863143206,-0.04,11.02
10.621416993439198,-0.04,11.0
10.622864190489054,-0.04,11.02
10.624327160418034,-0.04,11.09
10.625766731798649,-0.04,11.06
10.62723833695054,-0.04,11.03
10.628682751208544,-0.04,11.04
10.630148530006409,-0.04,11.05
10.63160514459014,-0.04,11.01
10.633056625723839,-0.04,10.99
10.634521842002869,-0.04,11.03
10.635968744754791,-0.04,11.03
10.637418910861015,-0.04,11.0
10.638895835727453,-0.04,10.94
10.640338450670242,-0.04,10.93
10.641801439225674,-0.04,10.98
10.643257722258568,-0.04,11.0
10.644700836390257,-0.04,11.01
10.646171413362026,-0.04,11.0
10.647622402757406,-0.04,11.0
10.649081632494926,-0.04,10.96
10.650535129010677,-0.04,10.94
10.651991251856089,-0.04,10.98
10.653449852019548,-0.04,11.01
10.654893036931753,-0.04,11.01
10.656339284032583,-0.04,11.04
10.65780771523714,-0.04,11.05
10.659275151789188,-0.04,11.02
10.660722441971302,-0.04,11.0
10.662183675915003,-0.04,11.0
10.663633070886135,-0.04,10.97
10.665090627968311,-0.04,10.95
10.666545778512955,-0.04,10.97
10.667997632175684,-0.04,10.95
10.669462610036135,-0.04,10.96
10.670919422060251,-0.04,10.95
10.672377474606037,-0.04,10.98
10.673820897936821,-0.04,10.99
10.675279583781958,-0.04,11.01
10.676739867776632,-0.04,10.96
10.678192991763353,-0.04,10.99
10.679654031991959,-0.04,11.01
10.681103114038706,-0.04,10.99
10.6825657710433,-0.04,10.99
10.684017475694418,-0.04,10.99
10.685476001352072,-0.04,10.97
10.686942249536514,-0.04,10.98
10.688386362046003,-0.04,11.01
10.689860615879297,-0.04,11.03
10.69129841029644,-0.04,10.98
10.692748554050922,-0.04,10.89
10.694209858775139,-0.04,10.88
10.695660848170519,-0.04,10.93
10.697128154337406,-0.04,10.96
10.698576912283897,-0.04,10.99
10.700028393417597,-0.04,10.99
10.701485306024551,-0.04,10.92
10.702947612851858,-0.04,10.93
10.704401150345802,-0.04,10.98
10.705857276916504,-0.04,10.99
10.707319386303425,-0.04,10.96
10.708776343613863,-0.04,10.96
10.710233490914106,-0.04,10.94
10.711689356714487,-0.04,10.98
10.71314699947834,-0.04,10.94
10.714588239789009,-0.04,10.91
10.716050866991282,-0.04,10.92
10.717503972351551,-0.04,10.94
10.718958333134651,-0.04,10.99
10.720415968447924,-0.04,11.05
10.721873175352812,-0.04,11.04
10.723327115178108,-0.04,10.98
10.72478997334838,-0.04,10.97
10.726245503872633,-0.04,10.92
10.727706179022789,-0.04,10.92
10.729150298982859,-0.04,10.97
10.730607312172651,-0.04,10.92
10.732061550021172,-0.04,10.86
10.733525943011045,-0.04,10.89
10.734990242868662,-0.04,10.91
10.736441224813461,-0.04,10.94
10.737897671759129,-0.04,10.99
10.739344645291567,-0.04,10.99
10.740800116211176,-0.04,10.92
10.742254074662924,-0.04,10.97
10.743720222264528,-0.04,11.0
10.745180830359459,-0.04,11.01
10.746626179665327,-0.04,10.93
10.74808757007122,-0.04,10.92
10.749549720436335,-0.04,10.92
10.750999189913273,-0.04,10.94
10.752458218485117,-0.04,11.01
10.753910955041647,-0.04,10.98
10.755364641547203,-0.04,10.97
10.756816871464252,-0.04,10.87
10.758268363773823,-0.04,10.83
10.759725403040648,-0.04,10.91
10.761184964329004,-0.04,10.88
10.76264849677682,-0.04,10.89
10.764100819826126,-0.04,10.92
10.765558984130621,-0.04,10.87
10.767017621546984,-0.04,10.82
10.768459137529135,-0.04,10.84
10.76992829889059,-0.04,10.83
10.771388683468103,-0.04,10.82
10.772843599319458,-0.04,10.84
10.774286318570375,-0.04,10.77
10.775749206542969,-0.04,10.77
10.77719907835126,-0.04,10.8
10.778660342097282,-0.04,10.78
10.780121300369501,-0.04,10.75
10.7815772742033,-0.04,10.77
10.783031925559044,-0.04,10.71
10.784478515386581,-0.04,10.68
10.785941768437624,-0.04,10.68
10.787394974380732,-0.04,10.62
10.788854539394379,-0.04,10.65
10.790312059223652,-0.04,10.65
10.791766036301851,-0.04,10.62
10.793224111199379,-0.04,10.62
10.794676411896944,-0.04,10.56
10.79613671451807,-0.04,10.56
10.797589588910341,-0.04,10.54
10.79903632774949,-0.04,10.48
10.800491493195295,-0.04,10.51
10.801956214010715,-0.04,10.51
10.80340714380145,-0.04,10.49
10.804870452731848,-0.04,10.5
10.806323073804379,-0.04,10.51
10.807776872068644,-0.04,10.5
10.80923281237483,-0.04,10.46
10.810698632150888,-0.04,10.45
10.812147177755833,-0.04,10.48
10.813606336712837,-0.04,10.44
10.815061081200838,-0.04,10.41
10.816516805440187,-0.04,10.43
10.817968260496855,-0.04,10.4
10.81942531466484,-0.04,10.39
10.820873331278563,-0.04,10.34
10.822345562279224,-0.04,10.29
10.82379350438714,-0.04,10.25
10.825236324220896,-0.04,10.27
10.826711520552635,-0.04,10.29
10.82816905528307,-0.04,10.27
10.829623073339462,-0.04,10.27
10.831079792231321,-0.04,10.26
10.832523666322231,-0.04,10.21
10.833982139825821,-0.04,10.19
10.835439771413803,-0.04,10.23
10.83690145239234,-0.04,10.22
10.838346876204014,-0.04,10.2
10.83980742096901,-0.04,10.21
10.841257903724909,-0.04,10.17
10.842723213136196,-0.04,10.17
10.844175413250923,-0.04,10.15
10.84562973678112,-0.04,10.11
10.847095467150211,-0.04,10.15
10.84854530915618,-0.04,10.12
10.850000474601984,-0.04,10.09
10.851461824029684,-0.04,10.09
10.852914467453957,-0.04,10.1
10.85437362268567,-0.04,10.07
10.855816930532455,-0.05,10.11
10.857279010117054,-0.04,10.08
10.858746364712715,-0.04,10.05
10.860188525170088,-0.04,9.98
10.861649140715599,-0.04,10.0
10.863109707832336,-0.04,9.99
10.864562693983316,-0.04,10.0
10.866023682057858,-0.04,10.05
10.867471240460873,-0.04,10.04
10.8689239397645,-0.04,9.92
10.870383720844984,-0.04,9.89
10.871840082108974,-0.04,9.93
10.873304396867752,-0.04,9.94
10.874742809683084,-0.04,9.89
10.876205008476973,-0.04,9.9
10.87765733152628,-0.04,9.83
10.879123963415623,-0.04,9.84
10.880577120929956,-0.04,9.86
10.882035493850708,-0.04,9.91
10.883489176630974,-0.04,9.9
10.884933348745108,-0.04,9.83
10.886387709528208,-0.04,9.81
10.887862302362919,-0.04,9.85
10.88931718468666,-0.04,9.84
10.890767998993397,-0.04,9.86
10.892213702201843,-0.04,9.86
10.893683765083551,-0.04,9.87
10.895129010081291,-0.04,9.82
10.896595757454634,-0.04,9.85
10.898037116974592,-0.04,9.91
10.899497222155333,-0.04,9.88
10.900954861193895,-0.04,9.85
10.902416367083788,-0.04,9.83
10.903874192386866,-0.04,9.85
10.905327528715134,-0.03,9.85
10.906776335090399,-0.03,9.91
10.908240281045437,-0.03,9.94
10.90969268605113,-0.03,9.99
10.911143396049738,-0.03,9.97
10.912604697048664,-0.03,9.92
10.914063762873411,-0.03,9.96
10.915511280298233,-0.03,10.0
10.916969422250986,-0.03,9.99
10.918420597910881,-0.03,9.94
10.919880356639624,-0.03,9.94
10.921332284808159,-0.03,9.94
10.922796841710806,-0.03,9.92
10.924253638833761,-0.03,9.92
10.925706211477518,-0.03,9.97
10.927164424210787,-0.03,10.0
10.928618181496859,-0.03,10.06
10.930076781660318,-0.03,10.03
10.931536704301834,-0.03,10.02
10.93299226462841,-0.03,9.99
10.934436310082674,-0.03,10.01
10.935899887233973,-0.03,9.96
10.937358360737562,-0.03,9.95
10.938811484724283,-0.03,10.03
10.940268635749817,-0.03,10.07
10.941727109253407,-0.03,10.07
10.943180747330189,-0.03,10.02
10.944639038294554,-0.03,10.07
10.946089122444391,-0.03,10.14
10.94754534587264,-0.03,10.09
10.948995929211378,-0.03,10.11
10.950459096580744,-0.03,10.12
10.951920125633478,-0.03,10.12
10.953379657119513,-0.03,10.16
10.95483261346817,-0.03,10.17
10.95628722757101,-0.03,10.17
10.957733035087585,-0.03,10.19
10.959197420626879,-0.03,10.22
10.960651613771915,-0.03,10.25
10.962103463709354,-0.03,10.22
10.963545847684145,-0.03,10.2
10.965015262365341,-0.03,10.2
10.96647546812892,-0.03,10.23
10.967936906963587,-0.03,10.26
10.969380382448435,-0.03,10.28
10.97084317356348,-0.03,10.32
10.972305860370398,-0.03,10.32
10.973754182457924,-0.03,10.29
10.975203350186348,-0.04,10.29
10.976668864488602,-0.03,10.29
10.978120431303978,-0.03,10.27
10.979577220976353,-0.04,10.27
10.98103703185916,-0.03,10.27
10.982480395585299,-0.03,10.32
10.983938623219728,-0.04,10.34
10.985400069504976,-0.04,10.34
10.9868642129004,-0.04,10.34
10.988304566591978,-0.04,10.29
10.98976269364357,-0.04,10.35
10.991218090057373,-0.03,10.36
10.992680985480547,-0.03,10.33
10.99413601309061,-0.03,10.31
10.995594933629036,-0.03,10.33
10.99704535678029,-0.04,10.32
10.998505409806967,-0.03,10.29
10.999951854348183,-0.03,10.24
11.001410260796547,-0.04,10.24
11.002863742411137,-0.04,10.21
11.004321932792664,-0.04,10.21
11.005784653127193,-0.04,10.3
11.00724483653903,-0.04,10.31
11.008696302771568,-0.04,10.34
11.010156035423279,-0.04,10.34
11.011599238961935,-0.04,10.34
11.013065375387669,-0.04,10.31
11.014515563845634,-0.04,10.3
11.015974067151546,-0.04,10.26
11.017420664429665,-0.03,10.28
11.01888732612133,-0.03,10.32
11.02033718302846,-0.03,10.35
11.02179742231965,-0.03,10.36
11.023252423852682,-0.04,10.32
11.024712819606066,-0.04,10.32
11.026153195649385,-0.04,10.34
11.02761646732688,-0.04,10.36
11.02908593788743,-0.04,10.37
11.030529029667377,-0.04,10.31
11.03199166804552,-0.04,10.3
11.0334452688694,-0.04,10.36
11.034901216626167,-0.04,10.39
11.036362238228321,-0.04,10.27
11.037810705602169,-0.04,10.25
11.039268035441637,-0.04,10.27
11.040731690824032,-0.04,10.24
11.042188081890345,-0.04,10.29
11.043641988188028,-0.04,10.3
11.045086521655321,-0.04,10.36
11.046554669737816,-0.04,10.39
11.048000115901232,-0.04,10.36
11.049467016011477,-0.04,10.35
11.050924051553011,-0.04,10.37
11.05237553268671,-0.04,10.38
11.053833074867725,-0.04,10.35
11.055281102657318,-0.04,10.3
11.056749437004328,-0.04,10.35
11.05820031836629,-0.04,10.39
11.059642292559147,-0.04,10.42
11.061113968491554,-0.04,10.39
11.06256116181612,-0.04,10.36
11.064030177891254,-0.04,10.37
11.065475728362799,-0.04,10.39
11.066942811012268,-0.04,10.4
11.06839158385992,-0.04,10.38
11.069844845682383,-0.04,10.38
11.071293339133263,-0.04,10.37
11.0727642737329,-0.04,10.37
11.074214592576027,-0.04,10.28
11.075660403817892,-0.04,10.29
11.077123008668423,-0.04,10.31
11.078572448343039,-0.04,10.37
11.080035127699375,-0.04,10.35
11.08149141445756,-0.04,10.39
11.082949995994568,-0.04,10.41
11.084406338632107,-0.04,10.44
11.085853051394224,-0.04,10.45
11.087308246642351,-0.04,10.41
11.088772796094418,-0.04,10.38
11.090230073779821,-0.04,10.39
11.091671351343393,-0.04,10.4
11.093144182115793,-0.04,10.4
11.094586204737425,-0.04,10.43
11.096038911491632,-0.04,10.47
11.097502551972866,-0.04,10.47
11.098955813795328,-0.04,10.41
11.100407134741545,-0.04,10.4
11.101866342127323,-0.04,10.39
11.103315092623234,-0.04,10.39
11.104779340326786,-0.04,10.4
11.106233097612858,-0.04,10.41
11.107677813619375,-0.04,10.43
11.109143253415823,-0.04,10.41
11.110599309206009,-0.04,10.43
11.112053956836462,-0.04,10.45
11.113504234701395,-0.04,10.4
11.11495616659522,-0.04,10.41
11.116419531404972,-0.04,10.47
11.117869719862938,-0.04,10.52
11.119329772889614,-0.04,10.52
11.120781004428864,-0.04,10.48
11.122232530266047,-0.04,10.46
11.123699735850096,-0.04,10.43
11.125155445188284,-0.04,10.46
11.126618638634682,-0.04,10.46
11.128073062747717,-0.04,10.47
11.129528522491455,-0.04,10.49
11.130979258567095,-0.04,10.47
11.132428612560034,-0.04,10.46
11.133889209479094,-0.04,10.44
11.135342676192522,-0.04,10.47
11.136798679828644,-0.04,10.48
11.138264667242765,-0.04,10.44
11.139720242470503,-0.04,10.45
11.14117644354701,-0.04,10.5
11.142626162618399,-0.04,10.52
11.14408341050148,-0.04,10.51
11.145539864897728,-0.04,10.51
11.146989077329636,-0.04,10.47
11.148438170552254,-0.04,10.47
11.149907119572163,-0.04,10.51
11.151365112513304,-0.04,10.54
11.152825735509396,-0.04,10.51
11.154265820980072,-0.04,10.5
11.15572988986969,-0.04,10.52
11.157181359827518,-0.04,10.55
11.158642116934061,-0.04,10.54
11.160087812691927,-0.04,10.52
11.161554832011461,-0.04,10.54
11.163003422319889,-0.04,10.51
11.164465866982937,-0.04,10.52
11.165922779589891,-0.04,10.6
11.167373225092888,-0.04,10.59
11.168840803205967,-0.04,10.61
11.170289784669876,-0.04,10.65
11.171754326671362,-0.04,10.66
11.173193126916885,-0.04,10.64
11.17466313764453,-0.04,10.69
11.176114320755005,-0.04,10.65
11.177560664713383,-0.04,10.68
11.179018676280975,-0.04,10.68
11.180486045777798,-0.04,10.66
11.181943692266941,-0.04,10.67
11.183396313339472,-0.04,10.7
11.18484317138791,-0.04,10.79
11.18629800900817,-0.04,10.75
11.1877556219697,-0.04,10.66
11.189213544130325,-0.04,10.71
11.19068717956543,-0.04,10.75
11.192125882953405,-0.04,10.78
11.19358941540122,-0.04,10.78
11.195048160851002,-0.04,10.73
11.196496285498142,-0.04,10.74
11.197959251701832,-0.04,10.77
11.199414495378733,-0.03,10.78
11.200855862349272,-0.03,10.81
11.202320709824562,-0.03,10.84
11.203775685280561,-0.03,10.8
11.205236542969942,-0.03,10.79
11.206686086952686,-0.03,10.78
11.208143301308155,-0.04,10.82
11.209597036242485,-0.03,10.84
11.211054291576147,-0.03,10.77
11.212509956210852,-0.03,10.79
11.2139647975564,-0.03,10.8
11.215430054813623,-0.03,10.8
11.21687787771225,-0.03,10.85
11.218340877443552,-0.03,10.85
11.219790756702423,-0.03,10.81
11.221248358488083,-0.03,10.82
11.222708512097597,-0.03,10.88
11.224157273769379,-0.03,10.88
11.22560278326273,-0.03,10.9
11.227065298706293,-0.03,10.88
11.22852898389101,-0.03,10.89
11.229987725615501,-0.03,10.9
11.23144207522273,-0.03,10.92
11.23289629817009,-0.03,10.96
11.234356664121151,-0.03,10.95
11.235806841403246,-0.03,10.97
11.237268388271332,-0.03,11.0
11.238718412816525,-0.03,11.07
11.240179106593132,-0.03,11.14
11.241624750196934,-0.03,11.12
11.243082322180271,-0.03,11.02
11.244547449052334,-0.03,11.03
11.245999615639448,-0.03,11.09
11.247459210455418,-0.03,11.17
11.248913291841745,-0.03,11.17
11.250370480120182,-0.03,11.11
11.251815810799599,-0.03,11.11
11.253274586051702,-0.03,11.19
11.25473940744996,-0.03,11.22
11.25618464872241,-0.03,11.2
11.257641218602657,-0.03,11.18
11.25910423323512,-0.03,11.23
11.26055958122015,-0.03,11.21
11.26201531291008,-0.03,11.21
11.263465017080307,-0.03,11.23
11.2649245262146,-0.03,11.27
11.266394101083279,-0.03,11.29
11.267835043370724,-0.03,11.31
11.269295781850815,-0.03,11.3
11.270742021501064,-0.03,11.34
11.272205282002687,-0.03,11.35
11.273659709841013,-0.03,11.38
11.275108762085438,-0.03,11.42
11.276574619114399,-0.03,11.43
11.278028417378664,-0.03,11.37
11.279485512524843,-0.03,11.37
11.28094706684351,-0.03,11.46
11.28239157795906,-0.03,11.51
11.283844478428364,-0.03,11.49
11.2853152602911,-0.03,11.48
11.286768723279238,-0.03,11.44
11.288217928260565,-0.03,11.47
11.289679881185293,-0.03,11.52
11.291139617562294,-0.03,11.52
11.292591236531734,-0.03,11.49
11.294045712798834,-0.03,11.51
11.295506067574024,-0.03,11.51
11.296950224786997,-0.03,11.52
11.298405762761831,-0.03,11.59
11.299870017915964,-0.03,11.59
11.30131633207202,-0.03,11.55
11.302779573947191,-0.03,11.59
11.304236970841885,-0.03,11.57
11.305691365152597,-0.03,11.6
11.307146538048983,-0.03,11.62
11.308601535856724,-0.03,11.61
11.31005223467946,-0.03,11.6
11.311505269259214,-0.03,11.59
11.312965124845505,-0.03,11.59
11.314429957419634,-0.03,11.63
11.31588565185666,-0.03,11.64
11.31734325364232,-0.03,11.62
11.318803042173386,-0.03,11.68
11.32025009021163,-0.03,11.72
11.321695607155561,-0.03,11.78
11.323163956403732,-0.03,11.68
11.324614122509956,-0.03,11.67
11.32607514411211,-0.03,11.69
11.3275275118649,-0.03,11.63
11.32898461818695,-0.03,11.65
11.330445781350136,-0.03,11.66
11.331890858709812,-0.03,11.68
11.333362080156803,-0.03,11.65
11.334803815931082,-0.03,11.65
11.33626015484333,-0.03,11.7
11.337722416967154,-0.03,11.74
11.339168217033148,-0.03,11.71
11.340635910630226,-0.03,11.73
11.342087127268314,-0.03,11.72
11.34353556856513,-0.03,11.71
11.344991087913513,-0.03,11.7
11.346459213644266,-0.03,11.74
11.347908716648817,-0.03,11.72
11.34936759993434,-0.03,11.76
11.350822947919369,-0.03,11.7
11.35227782279253,-0.03,11.67
11.353729333728552,-0.03,11.69
11.355181846767664,-0.03,11.74
11.356654174625874,-0.03,11.78
11.358091402798891,-0.03,11.75
11.359554812312126,-0.03,11.71
11.361011549830437,-0.03,11.78
11.362470209598541,-0.03,11.79
11.363938480615616,-0.03,11.77
11.365386053919792,-0.03,11.72
11.366839498281479,-0.03,11.72
11.36828837916255,-0.03,11.71
11.369740355759859,-0.03,11.74
11.37120807170868,-0.03,11.8
11.372656900435686,-0.03,11.89
11.374106831848621,-0.03,11.84
11.37557015195489,-0.03,11.82
11.377032440155745,-0.03,11.8
11.378482677042484,-0.03,11.82
11.379918705672026,-0.03,11.78
11.381398051977158,-0.03,11.78
11.382852885872126,-0.03,11.8
11.384310182183981,-0.03,11.78
11.385759439319372,-0.03,11.83
11.387210320681334,-0.03,11.85
11.388671677559614,-0.03,11.85
11.390129394829273,-0.03,11.87
11.391584862023592,-0.03,11.85
11.393032412976027,-0.03,11.86
11.39448693394661,-0.03,11.89
11.395948767662048,-0.03,11.91
11.397398054599762,-0.03,11.9
11.398858815431595,-0.03,11.88
11.400310955941677,-0.03,11.86
11.401765320450068,-0.03,11.89
11.403234101831913,-0.03,11.93
11.404692590236664,-0.03,11.89
11.406139019876719,-0.03,11.89
11.407601997256279,-0.03,11.91
11.409059267491102,-0.03,11.93
11.41051534935832,-0.03,11.99
11.41196021810174,-0.03,12.01
11.413415979593992,-0.03,11.98
11.414875764399767,-0.03,11.95
11.416330695152283,-0.03,11.95
11.417793974280357,-0.03,12.0
11.419243279844522,-0.03,12.04
11.420709609985352,-0.03,11.99
11.422157436609268,-0.03,12.01
11.423601675778627,-0.04,12.06
11.425067849457264,-0.04,12.05
11.426518458873034,-16.87,12.07
11.42796452715993,-0.04,12.07
11.429439511150122,-0.04,12.02
11.430890779942274,-0.04,12.04
11.432347357273102,-0.03,12.09
11.433804541826248,-0.03,12.09
11.435260817408562,-0.03,12.02
11.436708152294159,-0.04,12.06
11.438162207603455,-0.03,12.14
11.439613778144121,-0.03,12.11
11.441074963659048,-0.04,12.14
11.442523878067732,-0.04,12.23
11.443994298577309,-0.04,12.2
11.445440787822008,-0.04,12.13
11.446900736540556,-0.04,12.11
11.448358908295631,-0.04,12.14
11.449807863682508,-0.04,12.16
11.451268315315247,-0.03,12.23
11.452710308134556,-0.03,12.19
11.454163804650307,-0.03,12.16
11.455616250634193,-0.03,12.22
11.457070380449295,-0.03,12.17
11.458544291555882,-0.04,12.19
11.459991443902254,-0.04,12.23
11.461440484970808,-0.04,12.12
11.462913025170565,-0.04,12.09
11.46436919271946,-0.04,12.13
11.465814609080553,-0.04,12.14
11.467270836234093,-0.04,12.14
11.468730248510838,-0.04,12.23
11.470182940363884,-0.04,12.22
11.471644848585129,-0.04,12.23
11.473076943308115,-0.04,12.25
11.47455384209752,-0.04,12.27
11.4760078266263,-0.04,12.27
11.47746742144227,-0.04,12.24
11.478917337954044,-0.04,12.27
11.48038650676608,-0.04,12.24
11.481829062104225,-0.04,12.24
11.483291193842888,-0.04,12.27
11.484740149229765,-0.04,12.28
11.486201759427786,-0.04,12.29
11.487653464078903,-0.04,12.27
11.48912464082241,-0.04,12.28
11.490563809871674,-0.04,12.33
11.492015227675438,-0.04,12.32
11.493472181260586,-0.04,12.35
11.494936849921942,-0.04,12.33
11.496391732245684,-0.04,12.3
11.497846581041813,-0.04,12.34
11.49929604679346,-0.04,12.33
11.500758711248636,-0.04,12.32
11.502227190881968,-0.04,12.37
11.503662291914225,-0.04,12.36
11.50511747598648,-0.04,12.34
11.506581388413906,-0.04,12.33
11.508037012070417,-0.04,12.4
11.509486760944128,-0.04,12.43
11.510944429785013,-0.04,12.5
11.512404758483171,-0.04,12.47
11.513852383941412,-0.03,12.46
11.515304744243622,-0.03,12.49
11.516758784651756,-0.03,12.45
11.518224656581879,-0.04,12.41
11.519676376134157,-0.04,12.44
11.521139342337847,-0.04,12.49
11.522585354745388,-0.04,12.51
11.524046286940575,-0.04,12.5
11.52550133690238,-0.04,12.47
11.526944406330585,-0.04,12.45
11.528407696634531,-0.04,12.4
11.529867932200432,-0.04,12.47
11.53131753578782,-0.04,12.48
11.532769579440355,-0.04,12.43
11.534226458519697,-0.04,12.39
11.535686399787664,-0.04,12.37
11.537139546126127,-0.04,12.41
11.538603324443102,-0.04,12.46
11.540050134062767,-0.04,12.49
11.54151713848114,-0.04,12.44
11.542971771210432,-0.04,12.37
11.544430147856474,-0.03,12.38
11.545881289988756,-0.04,12.4
11.547337744385004,-0.04,12.41
11.548793897032738,-0.04,12.46
11.550253853201866,-0.04,12.47
11.551701921969652,-0.04,12.53
11.553154334425926,-0.04,12.53
11.554611925035715,-0.03,12.46
11.55607259646058,-0.03,12.44
11.55752182006836,-0.04,12.44
11.558982320129871,-0.03,12.44
11.560429718345404,-0.03,12.48
11.561895936727524,-0.04,12.47
11.563351199030876,-0.04,12.42
11.56480498239398,-0.03,12.45
11.566256072372198,-0.04,12.5
11.56770971417427,-0.04,12.52
11.569179616868496,-0.04,12.55
11.570623241364956,-0.03,12.58
11.572084542363882,-0.04,12.55
11.573523536324501,-0.03,12.51
11.574990019202232,-0.03,12.51
11.576450072228909,-0.03,12.49
11.57790033891797,-0.03,12.49
11.579351525753736,-0.03,12.53
11.580812234431505,-0.03,12.47
11.582269493490458,-0.03,12.52
11.58371451869607,-0.03,12.53
11.585178334265947,-0.03,12.57
11.586645174771547,-0.03,12.62
11.588086921721697,-0.03,12.64
11.58954830095172,-0.03,12.59
11.59100866690278,-0.03,12.58
11.59247076883912,-0.03,12.61
11.593917440623045,-0.03,12.57
11.595367021858692,-0.03,12.65
11.596813682466745,-0.03,12.71
11.598290622234344,-0.03,12.67
11.599734343588352,-0.03,12.62
11.601195074617863,-0.03,12.61
11.60264716297388,-0.03,12.62
11.604107599705458,-0.03,12.63
11.605562780052423,-0.03,12.69
11.607014652341604,-0.03,12.66
11.608478706330061,-0.03,12.65
11.609936986118555,-0.03,12.75
11.611391097307205,-0.03,12.87
11.612834237515926,-0.03,12.87
11.614299058914185,-0.03,12.81
11.615747079253197,-0.03,12.81
11.617204155772924,-0.03,12.8
11.618669044226408,-0.03,12.85
11.620127763599157,-0.03,12.82
11.621578082442284,-0.03,12.85
11.62303290143609,-0.03,12.84
11.624487284570932,-0.03,12.8
11.625948294997215,-0.03,12.78
11.627384688705206,-0.03,12.86
11.628856997936964,-0.03,12.92
11.630314856767654,-0.03,12.92
11.631766721606255,-0.03,12.91
11.633213467895985,-0.03,12.87
11.634680982679129,-0.03,12.9
11.636134691536427,-0.03,12.88
11.637582566589117,-0.03,12.89
11.639053341001272,-0.03,12.91
11.64050129801035,-0.03,12.98
11.641950134187937,-0.03,12.99
11.643416088074446,-0.03,13.0
11.644856963306665,-0.03,13.03
11.646331246942282,-0.03,13.03
11.647769890725613,-0.03,13.1
11.649230968207121,-0.03,13.08
11.650688707828522,-0.03,13.09
11.652143772691488,-0.03,13.08
11.653601489961147,-0.03,13.09
11.655048921704292,-0.03,13.13
11.656500902026892,-0.03,13.15
11.657970491796732,-0.03,13.16
11.659432277083397,-0.03,13.2
11.660869371145964,-0.03,13.17
11.66233391314745,-0.03,13.17
11.663785833865404,-0.03,13.21
11.665243741124868,-0.03,13.24
11.666701149195433,-0.03,13.3
11.66815659403801,-0.03,13.29
11.669613994657993,-0.03,13.24
11.671063903719187,-0.03,13.26
11.672522112727165,-0.03,13.33
11.673971477895975,-0.03,13.32
11.675432153046131,-0.03,13.24
11.676873069256544,-0.03,13.3
11.67833037674427,-0.03,13.32
11.679784551262856,-0.03,13.35
11.681248553097248,-0.03,13.39
11.68270280584693,-0.03,13.44
11.684156030416489,-0.03,13.48
11.685614131391048,-0.03,13.44
11.687070269137621,-0.03,13.38
11.68851800635457,-0.03,13.39
11.689969301223755,-0.03,13.39
11.691434532403946,-0.03,13.39
11.69288632273674,-0.03,13.41
11.694340135902166,-0.03,13.43
11.695802260190248,-0.03,13.46
11.697258111089468,-0.03,13.54
11.698703527450562,-0.03,13.57
11.70016698166728,-0.03,13.54
11.701628863811493,-0.03,13.56
11.703077394515276,-0.03,13.6
11.704533766955137,-0.03,13.57
11.705999583005905,-0.03,13.55
11.70744564756751,-0.03,13.6
11.70890188217163,-0.03,13.6
11.710362877696753,-0.03,13.62
11.711817670613527,-0.03,13.58
11.713267769664526,-0.03,13.65
11.714706744998693,-0.03,13.65
11.716174729168415,-0.03,13.63
11.717633560299873,-0.03,13.69
11.719094812870026,-0.04,13.71
11.720547713339329,-0.03,13.73
11.721990048885345,-0.03,13.76
11.723447740077972,-0.03,13.73
11.724915463477373,-0.04,13.64
11.726365346461535,-0.04,13.68
11.727820623666048,-0.03,13.72
11.72928474843502,-0.04,13.71
11.730741154402494,-0.04,13.72
11.732185889035463,-0.04,13.76
11.733645975589752,-0.04,13.75
11.735099863260984,-0.04,13.77
11.736556392163038,-0.04,13.79
11.738000333309174,-0.04,13.8
11.739455189555883,-0.03,13.78
11.740909434854984,-0.03,13.81
11.742371585220098,-0.03,13.88
11.743830870836973,-0.04,13.89
11.745280265808105,-0.04,13.88
11.746738851070404,-0.04,13.96
11.748201314359903,-0.03,14.01
11.749652445316315,-0.03,13.93
11.751104716211557,-0.03,13.93
11.752552468329668,-0.04,13.98
11.75401733443141,-0.03,14.0
11.755466490983963,-0.04,13.98
11.756921365857124,-0.04,13.97
11.758384861052036,-0.04,14.01
11.759830888360739,-0.04,14.01
11.76130274683237,-0.04,14.01
11.76274585351348,-0.04,14.04
11.764207921922207,-0.04,14.05
11.765657018870115,-0.04,14.06
11.767114378511906,-0.04,14.08
11.768573138862848,-0.04,14.09
11.770031467080116,-0.04,14.08
11.771491348743439,-0.04,14.12
11.772938754409552,-0.04,14.09
11.774399794638157,-0.04,14.06
11.775844495743513,-0.04,14.1
11.777297522872686,-0.04,14.05
11.778767202049494,-0.04,14.07
11.78021688759327,-0.04,14.16
11.781671591103077,-0.04,14.17
11.78313184529543,-0.04,14.13
11.784597422927618,-0.04,14.15
11.786036632955074,-0.04,14.14
11.787495728582144,-0.04,14.08
11.78895590826869,-0.04,14.08
11.790412198752165,-0.04,14.12
11.791865732520819,-0.04,14.2
11.793316032737494,-0.04,14.18
11.794762481004,-0.04,14.07
11.79622108489275,-0.04,14.11
11.797685112804174,-0.04,14.16
11.799135908484459,-0.04,14.17
11.800594929605722,-0.04,14.16
11.80204600840807,-0.04,14.12
11.803505402058363,-0.04,14.17
11.804954439401627,-0.04,14.13
11.806417346000671,-0.04,14.19
11.807867139577866,-0.04,14.26
11.809319321066141,-0.04,14.21
11.81077527999878,-0.04,14.19
11.812242534011602,-0.04,14.2
11.813681092113256,-0.04,14.25
11.815139159560204,-0.04,14.21
11.816606115549803,-0.04,14.18
11.818069446831942,-0.04,14.14
11.819518059492111,-0.04,14.12
11.820961721241474,-0.04,14.18
11.822425294667482,-0.04,14.22
11.823886271566153,-0.04,14.21
11.825335547327995,-0.04,14.25
11.826789144426584,-0.04,14.26
11.828253984451294,-0.04,14.23
11.829692110419273,-0.04,14.18
11.831166993826628,-0.04,14.22
11.832615949213505,-0.04,14.3
11.83407099172473,-0.04,14.3
11.835526913404465,-0.04,14.33
11.836971521377563,-0.04,14.28
11.838441230356693,-0.04,14.23
11.839882332831621,-0.04,14.28
11.841341760009527,-0.04,14.31
11.842804409563541,-0.04,14.28
11.844261150807142,-0.04,14.23
11.845717985183,-0.04,14.21
11.847172189503908,-0.04,14.24
11.848631046712399,-0.04,14.26
11.850089762359858,-0.04,14.27
11.851525660604239,-0.04,14.25
11.853003062307835,-0.04,14.27
11.854445219039917,-0.04,14.28
11.855900835245848,-0.04,14.34
11.857359178364277,-0.04,14.28
11.858810052275658,-0.04,14.26
11.860275950282812,-0.04,14.31
11.861728869378567,-0.04,14.32
11.863181874155998,-0.04,14.36
11.864633958786726,-0.04,14.37
11.866098958998919,-0.04,14.32
11.867541883140802,-0.04,14.31
11.869005907326937,-0.04,14.34
11.870444722473621,-0.04,14.36
11.871902238577604,-0.04,14.35
11.873372338712215,-0.04,14.36
11.874819561839104,-0.04,14.4
11.87627736851573,-0.04,14.33
11.877731528133154,-0.04,14.34
11.879181321710348,-0.04,14.39
11.88065416738391,-0.04,14.42
11.882106333971024,-0.04,14.46
11.883565813302994,-0.04,14.39
11.885017640888691,-0.04,14.4
11.886468533426523,-0.04,14.4
11.88791760802269,-0.04,14.41
11.889372274279594,-0.04,14.45
11.890841394662857,-0.04,14.43
11.8922808021307,-0.04,14.4
11.893740974366665,-0.04,14.41
11.895200915634632,-0.04,14.43
11.896653555333614,-0.04,14.5
11.898116160184145,-0.04,14.5
11.899567037820816,-0.04,14.5
11.901035066694021,-0.04,14.55
11.902477286756039,-0.04,14.51
11.90393965318799,-0.04,14.47
11.905392166227102,-0.04,14.5
11.906845420598984,-0.04,14.52
11.908311322331429,-0.04,14.41
11.909762866795063,-0.04,14.44
11.911214526742697,-0.04,14.48
11.912667259573936,-0.04,14.47
11.914123509079218,-0.04,14.44
11.91559610888362,-0.04,14.45
11.917030096054077,-0.04,14.43
11.918476145714521,-0.04,14.45
11.919951058924198,-0.04,14.49
11.921411130577326,-0.04,14.55
11.92285980284214,-0.04,14.54
11.924313493072987,-0.04,14.48
11.92576576769352,-0.04,14.47
11.927223660051823,-0.04,14.55
11.928686283528805,-0.04,14.55
11.930134806782007,-0.04,14.53
11.9315998069942,-0.04,14.53
11.933043297380209,-0.04,14.52
11.934493720531464,-0.04,14.54
11.935962475836277,-0.04,14.53
11.937401335686445,-0.04,14.53
11.938866768032312,-0.04,14.58
11.940323043614626,-0.04,14.53
11.94178181514144,-0.04,14.53
11.943234276026487,-0.04,14.59
11.944678094238043,-0.04,14.58
11.946139570325613,-0.04,14.58
11.947601739317179,-0.04,14.61
11.94905449077487,-0.04,14.59
11.950511023402214,-0.04,14.64
11.951961260288954,-0.04,14.6
11.953423116356134,-0.04,14.59
11.954869870096445,-0.04,14.63
11.956324517726898,-0.04,14.62
11.957791339606047,-0.04,14.61
11.959239069372416,-0.04,14.63
11.960691221058369,-0.04,14.61
11.962153520435095,-0.04,14.62
11.96360370889306,-0.04,14.66
11.965069457888603,-0.04,14.64
11.966517385095358,-0.04,14.64
11.967969506978989,-0.04,14.64
11.969427675008774,-0.04,14.62
11.972345784306526,-0.04,14.64
11.973804004490376,-0.04,14.61
11.975255340337753,-0.04,14.66
11.976704739034176,-0.04,14.72
11.978164803236723,-0.04,14.69
11.979608744382858,-0.04,14.7
11.98107947781682,-0.04,14.69
11.982530642300844,-0.04,14.68
11.983983114361763,-0.04,14.67
11.985440537333488,-0.04,14.65
11.98690427467227,-0.04,14.72
11.988352008163929,-0.04,14.79
11.989814098924398,-0.04,14.76
11.991273809224367,-0.04,14.75
11.992717333137989,-0.04,14.69
11.994176529347897,-0.04,14.69
11.995635349303484,-0.04,14.69
11.997091367840767,-0.04,14.72
11.998542569577694,-0.04,14.79
11.999988161027431,-0.04,14.74
12.001454968005419,-0.04,14.73
12.002908181399107,-0.04,14.7
12.004358526319265,-0.04,14.76
12.005821917206049,-0.04,14.76
12.007274061441422,-0.04,14.79
12.008733469992876,-0.04,14.81
12.010186642408371,-0.04,14.76
12.011637549847364,-0.04,14.77
12.013086203485727,-0.04,14.79
12.014559227973223,-0.04,14.79
12.01601441577077,-0.04,14.77
12.017465077340603,-0.05,14.8
12.01890940964222,-0.04,14.8
12.0203741453588,-0.04,14.84
12.021830718964338,-0.04,14.83
12.023281641304493,-0.04,14.82
12.02472971379757,-0.05,14.75
12.026197165250778,-0.05,14.78
12.027652360498905,-0.04,14.79
12.029107991605997,-0.05,14.8
12.03055477142334,-0.05,14.78
12.03201574459672,-0.04,14.8
12.033479791134596,-0.05,14.82
12.03492620587349,-0.05,14.8
12.036382969468832,-0.05,14.89
12.037837233394384,-0.05,14.93
12.039290558546782,-0.05,14.83
12.04075761884451,-0.05,14.76
12.042205337435007,-0.05,14.78
12.04366734623909,-0.05,14.87
12.045118283480406,-0.05,14.83
12.0465730689466,-0.04,14.83
12.048023875802755,-0.05,14.86
12.049491990357637,-0.05,14.82
12.050938945263624,-0.05,14.84
12.05239175260067,-0.05,14.82
12.053850892931223,-0.05,14.81
12.055305328220129,-0.05,14.83
12.05675608664751,-0.04,14.83
12.058215398341417,-0.05,14.86
12.059671238064766,-0.05,14.81
12.062575954943895,-0.05,14.76
12.064044412225485,-0.04,14.71
12.0654899738729,-0.05,14.69
12.066955897957087,-0.05,14.77
12.068400897085667,-0.05,14.77
12.069859135895967,-0.05,14.77
12.071308176964521,-0.05,14.75
12.072774786502123,-0.05,14.73
12.074230462312698,-0.05,14.72
12.075682569295168,-0.05,14.75
12.077132869511843,-0.05,14.67
12.078597590327263,-0.05,14.68
12.080049879848957,-0.05,14.68
12.081507351249456,-0.05,14.65
12.082958612591028,-0.04,14.69
12.084415398538113,-0.05,14.65
12.085872020572424,-0.04,14.67
12.087313149124384,-0.04,14.68
12.088772974908352,-0.04,14.67
12.090236082673073,-0.04,14.66
12.091695941984653,-0.04,14.67
12.093142200261354,-0.04,14.62
12.094610910862684,-0.04,14.68
12.09606272354722,-0.04,14.75
12.097509808838367,-0.05,14.71
12.098976731300354,-0.05,14.57
12.100427594035864,-0.05,14.58
12.101891107857227,-0.05,14.58
12.103339202702045,-0.05,14.58
12.104794826358557,-0.05,14.54
12.106245439499617,-0.04,14.53
12.107710488140583,-0.04,14.59
12.109158784151077,-0.05,14.59
12.110604867339134,-0.05,14.52
12.11206904053688,-0.05,14.49
12.113519713282585,-0.05,14.52
12.114991433918476,-0.05,14.49
12.116440035402775,-0.05,14.42
12.117891315370798,-0.05,14.49
12.119358148425817,-0.05,14.51
12.120812576264143,-0.05,14.54
12.12226878106594,-0.05,14.49
12.123710233718157,-0.05,14.5
12.125168688595295,-0.05,14.45
12.126630041748285,-0.05,14.43
12.128089565783739,-0.05,14.37
12.129536610096693,-0.05,14.39
12.130984872579575,-0.05,14.41
12.132448345422745,-0.05,14.35
12.133912026882172,-0.05,14.3
12.135363563895226,-0.05,14.33
12.136816509068012,-0.05,14.4
12.138273354619741,-0.05,14.41
12.139721166342497,-0.05,14.33
12.141189716756344,-0.05,14.33
12.14262929931283,-0.04,14.38
12.144098788499832,-0.04,14.4
12.145541734993458,-0.05,14.42
12.147004496306181,-0.05,14.41
12.148460187017918,-0.05,14.33
12.149912685155869,-0.05,14.31
12.152831353247166,-0.05,14.33
12.154267836362123,-0.05,14.28
12.155740458518267,-0.05,14.25
12.157182920724154,-0.05,14.32
12.15865108370781,-0.05,14.27
12.160105839371681,-0.05,14.19
12.16156530380249,-0.05,14.18
12.163011450320482,-0.05,14.16
12.164463922381401,-0.05,14.2
12.165923040360212,-0.05,14.25
12.167388811707497,-0.05,14.21
12.16883135214448,-0.05,14.16
12.170284949243069,-0.05,14.13
12.171751745045185,-0.05,14.12
12.173208083957434,-0.04,14.15
12.174661595374346,-0.06,14.15
12.176113229244947,-0.05,14.18
12.177559178322554,-0.05,14.11
12.179029405117035,-0.04,14.1
12.180478621274233,-0.05,14.14
12.181932963430882,-0.05,14.16
12.183388989418745,-0.05,14.16
12.184840869158506,-0.05,14.14
12.186301622539759,-0.05,14.07
12.187752824276686,-0.05,14.03
12.189209032803774,-0.05,14.08
12.190663285553455,-0.05,14.1
12.192129652947187,-0.05,14.13
12.193580988794565,-0.05,14.09
12.195036690682173,-0.05,14.13
12.196492742747068,-0.05,14.16
12.197948355227709,-0.05,14.1
12.19940659403801,-0.05,14.11
12.200859978795052,-0.05,14.13
12.20231332629919,-0.05,14.13
12.20376593619585,-0.05,14.16
12.205226816236973,-0.05,14.18
12.206672798842192,-0.05,14.17
12.20813025906682,-0.05,14.2
12.209591578692198,-0.05,14.18
12.211042005568743,-0.05,14.15
12.212499029934406,-0.05,14.17
12.213950350880623,-0.05,14.2
12.215419624000788,-0.05,14.17
12.2168652638793,-0.05,14.15
12.21831838786602,-0.05,14.14
12.219787329435349,-0.04,14.11
12.221236333251,-0.05,14.12
12.222684267908335,-0.04,14.2
12.224147401750088,-0.04,14.18
12.225606989115477,-0.05,14.18
12.227048609405756,-0.05,14.16
12.22851101309061,-0.05,14.15
12.229959793388844,-0.05,14.14
12.231414839625359,-0.04,14.13
12.232877057045698,-0.04,14.23
12.234328255057335,-0.04,14.25
12.235796879976988,-0.04,14.23
12.237250030040741,-0.04,14.23
12.23870113864541,-0.04,14.22
12.240161009132862,-0.04,14.19
12.241606555879116,23.36,14.21
12.243060544133186,-0.04,14.23
12.244521748274565,-0.04,14.27
12.245977461338043,-0.04,14.29
12.247438859194517,-0.04,14.29
12.248883232474327,-0.04,14.27
12.250333704054356,-0.04,14.26
12.251802004873753,-0.04,14.25
12.253246404230595,-0.04,14.24
12.254704311490059,-0.04,14.24
12.256164886057377,-0.04,14.24
12.257616117596626,-0.04,14.22
12.259075295180082,-0.04,14.26
12.260525524616241,-0.04,14.26
12.261981640011072,-0.04,14.22
12.263435240834951,-0.04,14.23
12.264886900782585,-0.04,14.32
12.266335304826498,-0.04,14.27
12.267801646143198,-0.04,14.27
12.26926850154996,-0.04,14.26
12.27071524783969,-0.04,14.27
12.272175818681717,-0.04,14.29
12.273628979921341,-0.04,14.32
12.27507620677352,-0.04,14.33
12.276546448469162,-0.04,14.34
12.277999963611364,-0.04,14.33
12.279444467276335,-0.04,14.35
12.28090862929821,-0.04,14.28
12.282362639904022,-0.04,14.25
12.283824522048235,-0.04,14.32
12.28527269884944,-0.04,14.34
12.286722801625729,-0.04,14.32
12.288178458809853,-0.04,14.32
12.28962491825223,-0.04,14.32
12.291094940155745,-0.04,14.34
12.292551890015602,-0.04,14.38
12.294014129787683,-0.04,14.32
12.295467142015696,-0.04,14.3
12.296918448060751,-0.04,14.28
12.298365011811256,-0.04,14.3
12.299825586378574,-0.04,14.3
12.301289595663548,-0.04,14.32
12.302747070789337,-0.04,14.27
12.304196204990149,-0.04,14.29
12.305655434727669,-0.04,14.33
12.307111766189337,-0.04,14.3
12.308555942028761,-0.04,14.29
12.310015477240086,-0.04,14.32
12.311464548110962,-0.04,14.31
12.312929291278124,-0.04,14.29
12.314384542405605,-0.04,14.27
12.315838236361742,-0.04,14.26
12.317290540784597,-0.04,14.25
12.318754095584154,-0.04,14.23
12.320201650261879,-0.04,14.21
12.321659460663795,-0.04,14.21
12.3231087513268,-0.04,14.19
12.32456874474883,-0.04,14.08
12.326018527150154,-0.04,14.13
12.327473808079958,-0.04,14.16
12.328942969441414,-0.04,14.15
12.33038791641593,-0.04,14.19
12.331853576004505,-0.04,14.21
12.333298861980438,-0.04,14.18
12.334759842604399,-0.04,14.18
12.336214002221823,-0.04,14.19
12.337673503905535,-0.04,14.22
12.339129641652107,-0.04,14.16
12.340584021061659,-0.04,14.12
12.342028804123402,-0.04,14.13
12.343491192907095,-0.04,14.13
12.344952680170536,-0.04,14.16
12.346399769186974,-0.04,14.15
12.347856726497412,-0.04,14.11
12.349312011152506,-0.04,14.05
12.350776262581348,-0.04,14.01
12.352205727249384,-0.04,14.01
12.353684097528458,-0.04,14.01
12.3551379814744,-0.04,14.0
12.356586623936892,-0.04,14.02
12.35803721100092,-0.04,14.01
12.359500378370285,-0.04,13.95
12.360945269465446,-0.04,13.99
12.362418066710234,-0.04,14.0
12.363867565989494,-0.04,14.0
12.36532424762845,-0.04,13.94
12.366780012845993,-0.04,13.91
12.368235383182764,-0.04,13.93
12.369691863656044,-0.04,13.95
12.371136330068111,-0.04,13.94
12.372588969767094,-0.04,13.91
12.374057535082102,-0.04,13.85
12.37549863010645,-0.04,13.82
12.376964267343283,-0.04,13.81
12.37841134890914,-0.04,13.8
12.379869420081377,-0.04,13.81
12.381334386765957,-0.04,13.84
12.382786061614752,-0.04,13.85
12.384239193052053,-0.04,13.8
12.385691486299038,-0.04,13.76
12.387158785015345,-0.04,13.75
12.388598997145891,-0.04,13.69
12.390065122395754,-0.04,13.68
12.391530077904463,-0.04,13.76
12.392980381846428,-0.04,13.82
12.394425798207521,-0.04,13.74
12.395887456834316,-0.04,13.7
12.397341161966324,-0.04,13.66
12.39879796281457,-0.04,13.59
12.400235373526812,-0.04,13.58
12.401709381490946,-0.04,13.65
12.403167549520731,-0.04,13.65
12.404625363647938,-0.04,13.65
12.406073588877916,-0.04,13.55
12.407523781061172,-0.04,13.53
12.408982917666435,-0.04,13.56
12.410445436835289,-0.04,13.53
12.411896202713251,-0.04,13.5
12.413343142718077,-0.04,13.47
12.414810817688704,-0.04,13.49
12.416260037571192,-0.04,13.49
12.417719401419163,-0.04,13.47
12.419176939874887,-0.04,13.47
12.420619457960129,-0.04,13.46
12.422077916562557,-0.04,13.47
12.423536773771048,-0.04,13.51
12.424999330192804,-0.04,13.53
12.426448803395033,-0.04,13.46
12.427903160452843,-0.04,13.42
12.429364040493965,-0.04,13.4
12.430814485996962,-0.04,13.34
12.432275258004665,-0.04,13.42
12.4337307959795,-0.04,13.38
12.435175191611052,-0.04,13.34
12.43663838878274,-0.04,13.33
12.438101503998041,-0.04,13.32
12.439553070813417,-0.04,13.37
12.441001411527395,-0.04,13.35
12.44246118888259,-0.04,13.34
12.443897344172,-0.04,13.32
12.445372145622969,-0.04,13.29
12.446822181344032,-0.04,13.31
12.448273159563541,-0.04,13.26
12.449722796678543,-0.04,13.27
12.451176766306162,-0.04,13.31
12.45263822749257,-0.04,13.33
12.454101741313934,-0.04,13.33
12.455554649233818,-0.04,13.25
12.457013342529535,-0.04,13.18
12.458456236869097,-0.04,13.2
12.459924351423979,-0.04,13.21
12.461379539221525,-0.04,13.28
12.462834525853395,-0.04,13.24
12.46428893879056,-0.04,13.19
12.465745616704226,-0.04,13.21
12.46718704327941,-0.04,13.18
12.468653615564108,-0.04,13.15
12.470099590718746,-0.04,13.19
12.471571151167154,-0.04,13.15
12.473022617399693,-0.04,13.13
12.474475726485252,-0.04,13.18
12.47593280673027,-0.04,13.13
12.477369051426649,-0.04,13.08
12.478833686560392,-0.04,13.1
12.480287559330463,-0.04,13.16
12.481745012104511,-0.04,13.14
12.483190890401602,-0.04,13.1
12.48464785516262,-0.04,13.07
12.486103318631649,-0.04,13.08
12.487564910203218,-0.04,13.13
12.489018119871616,-0.04,13.16
12.49047551304102,-0.04,13.12
12.491924293339252,-0.04,13.02
12.493392072618008,-0.04,13.07
12.49484534561634,-0.04,13.08
12.496292740106583,-0.04,12.98
12.497752513736486,-0.04,12.95
12.499208595603704,-0.04,12.99
12.500653851777315,-0.04,12.97
12.502103224396706,-0.04,12.98
12.503576919436455,-0.04,13.01
12.505018036812544,-0.04,12.99
12.506480641663074,-0.04,12.93
12.507932860404253,-0.04,12.91
12.509394723922014,-0.04,12.92
12.510851867496967,-0.04,12.9
12.512301165610552,-0.04,12.88
12.513763889670372,-0.04,12.84
12.515214070677757,-0.04,12.84
12.5166768245399,-0.04,12.85
12.518132779747248,-0.04,12.86
12.519581843167543,-0.04,12.87
12.52104315534234,-0.04,12.85
12.522490695118904,-0.04,12.84
12.523951396346092,-0.04,12.83
12.525395195931196,-0.04,12.81
12.526858013123274,-0.04,12.78
12.528310634195805,-0.04,12.75
12.529767747968435,-0.04,12.74
12.531232308596373,-0.04,12.72
12.532681435346603,-0.04,12.78
12.534132856875658,-0.04,12.76
12.535593960434198,-0.04,12.78
12.537050876766443,-0.04,12.8
12.538501042872667,-0.04,12.73
12.539945404976606,-0.04,12.71
12.541417017579079,-0.04,12.67
12.542864177376032,-0.04,12.7
12.544320542365313,-0.04,12.69
12.545777838677168,-0.04,12.68
12.54724057763815,-0.04,12.63
12.548678800463676,-0.04,12.64
12.550142500549555,-0.04,12.61
12.551599975675344,-0.04,12.62
12.553045734763145,-0.04,12.68
12.554517470300198,-0.04,12.66
12.555956538766623,-0.04,12.58
12.557411137968302,-0.04,12.56
12.558878872543573,-0.04,12.54
12.560325633734465,-0.04,12.49
12.561791222542524,-0.04,12.49
12.563245758414268,-0.04,12.48
12.564699806272984,-0.04,12.46
12.566159047186375,-0.04,12.46
12.567601770162582,-0.04,12.42
12.569064054638147,-0.04,12.35
12.570525001734495,-0.04,12.36
12.571974080055952,-0.04,12.29
12.573435887694359,-0.04,12.29
12.574879255145788,-0.04,12.31
12.576344199478626,-0.04,12.26
12.577806331217289,-0.04,12.18
12.579264432191849,-0.04,12.23
12.580707490444183,-0.04,12.26
12.582159336656332,-0.04,12.19
12.583619866520166,-0.04,12.11
12.585074972361326,-0.04,12.15
12.58653211593628,-0.04,12.19
12.587986771017313,-0.04,12.1
12.58943348005414,-0.04,12.04
12.59089732915163,-0.04,12.11
12.592346999794245,-0.04,12.14
12.593802280724049,-0.04,12.1
12.595266424119473,-0.04,12.15
12.596722561866045,-0.04,12.2
12.598167840391397,-0.04,12.16
12.599628057330847,-0.04,12.12
12.601075913757086,-0.04,12.1
12.602527599781752,-0.04,12.08
12.604002315551043,-0.04,12.05
12.605447418987751,-0.04,12.06
12.60690862312913,-0.04,12.04
12.608358401805162,-0.04,12.0
12.609818682074547,-0.04,12.0
12.61127445474267,-0.04,12.06
12.612731654196978,-0.04,12.06
12.61417306959629,-0.04,11.99
12.615637302398682,-0.04,11.99
12.617098066955805,-0.04,11.97
12.618549183011055,-0.04,11.95
12.620009403675795,-0.04,11.97
12.621462069451809,-0.04,11.94
12.622920729219913,-0.04,11.96
12.624376472085714,-0.04,11.93
12.6258180513978,-0.04,11.85
12.627287667244673,-0.04,11.8
12.628737654536963,-0.04,11.82
12.630198534578085,-0.04,11.84
12.631651233881712,-0.04,11.85
12.633104220032692,-0.04,11.86
12.634547725319862,-0.04,11.81
12.636010963469744,-0.04,11.8
12.63746626675129,-0.04,11.77
12.638915572315454,-0.04,11.83
12.640382070094347,-0.04,11.79
12.641836170107126,-0.04,11.81
12.64329207316041,-0.04,11.81
12.644747003912926,-0.04,11.79
12.646206945180893,-0.04,11.81
12.647648617625237,-0.04,11.75
12.649100437760353,-0.04,11.73
12.650568839162588,-0.04,11.77
12.652014177292585,-0.04,11.77
12.653476241976023,-0.04,11.75
12.654931589961052,-0.04,11.75
12.656389340758324,-0.04,11.76
12.65784865245223,-0.04,11.73
12.659305218607187,-0.04,11.71
12.66074874997139,-0.04,11.69
12.662205137312412,-0.04,11.7
12.663666602224112,-0.04,11.66
12.665129289031029,-0.04,11.65
12.666559733450413,-0.04,11.69
12.668023515492678,-0.04,11.65
12.669492490589619,-0.04,11.64
12.670938584953547,-0.04,11.64
12.67239873483777,-0.04,11.6
12.673859439790249,-0.04,11.61
12.675316616892815,-0.04,11.6
12.676761843264103,-0.04,11.6
12.678225103765726,-0.04,11.57
12.679670345038176,-0.04,11.53
12.681126307696104,-0.04,11.5
12.682592649012804,-0.04,11.51
12.684040434658527,-0.04,11.54
12.68548896163702,-0.04,11.53
12.686956450343132,-0.04,11.51
12.68840005993843,-0.04,11.48
12.689864452928305,-0.04,11.52
12.691318064928055,-0.04,11.53
12.69277485460043,-0.04,11.52
12.69423296675086,-0.04,11.53
12.695683721452951,-0.04,11.53
12.697134640067816,-0.04,11.51
12.698594596236944,-0.04,11.57
12.70005016028881,-0.04,11.54
12.70151487737894,-0.04,11.46
12.702952481806278,-0.04,11.44
12.704422768205404,-0.04,11.46
12.70587284117937,-0.04,11.49
12.707335729151964,-0.04,11.49
12.708789885044098,-0.04,11.5
12.710237991064787,-0.04,11.47
12.711704462766647,-0.04,11.46
12.713144022971392,-0.04,11.48
12.71460047736764,-0.04,11.45
12.716050315648317,-0.04,11.45
12.717512033879757,-0.04,11.45
12.718969691544771,-0.04,11.4
12.720418885350227,-0.04,11.4
12.721881456673145,-0.04,11.37
12.723336175084114,-0.04,11.39
12.724791772663593,-0.04,11.35
12.726248864084482,-0.04,11.33
12.72770807147026,-0.04,11.35
12.729160442948341,-0.04,11.37
12.730608094483614,-0.04,11.44
12.732069693505764,-0.04,11.39
12.733517426997423,-0.04,11.37
12.734982591122389,-0.04,11.43
12.73644069954753,-0.04,11.32
12.737885266542435,-0.04,11.25
12.739350318908691,-0.04,11.21
12.740805886685848,-0.04,11.2
12.742257606238127,-0.04,11.22
12.743711400777102,-0.04,11.23
12.745161086320877,-0.04,11.26
12.746620681136847,-0.04,11.28
12.74807545170188,-0.04,11.23
12.74953056871891,-0.04,11.2
12.750971850007772,-0.04,11.11
12.752436477690935,-0.04,11.11
12.753893941640854,-0.04,11.11
12.755351673811674,-0.04,11.15
12.756806999444962,-0.04,11.14
12.75825060531497,-0.04,11.09
12.759707115590572,-0.04,11.11
12.761164143681526,-0.04,11.1
12.762629605829716,-0.04,11.04
12.76408613100648,-0.04,11.04
12.76553575322032,-0.04,11.03
12.766972858458757,-0.04,11.06
12.768439028412104,-0.04,11.01
12.769893813878298,-0.04,10.98
12.771350681781769,-0.04,10.95
12.772809278219938,-0.04,10.91
12.774260994046926,-0.04,10.92
12.775724612176418,-0.04,10.94
12.777187213301659,-0.04,11.01
12.778639439493418,-0.04,10.98
12.780082076787949,-0.04,10.91
12.781539000570774,-0.04,10.89
12.782995779067278,-0.04,10.95
12.784453935921192,-0.04,10.99
12.78591737896204,-0.04,10.93
12.787369329482317,-0.04,10.86
12.788826029747725,-0.04,10.9
12.790278047323227,-0.04,10.92
12.791730988770723,-0.04,10.93
12.793191350996494,-0.04,10.9
12.794644556939602,-0.04,10.9
12.79608853906393,-0.04,10.9
12.797546189278364,-0.04,10.9
12.799013182520866,-0.04,10.91
12.800456378608942,-0.04,10.87
12.801919117569923,-0.04,10.87
12.803367651998997,-0.04,10.93
12.804835394024849,-0.04,10.93
12.806289959698915,-0.04,10.89
12.807744920253754,-0.04,10.88
12.80919186025858,-0.04,10.89
12.810649752616882,-0.04,10.91
12.812108166515827,-0.04,10.92
12.813559971749783,-0.04,10.93
12.815023940056562,-0.04,10.95
12.816478699445724,-0.04,10.95
12.817923802882433,-0.04,10.96
12.819380152970552,-0.04,10.97
12.820833653211594,-0.04,10.93
12.822290536016226,-0.04,10.95
12.823752045631409,-0.04,10.99
12.825195506215096,-0.04,11.06
12.826661247760057,-0.04,11.02
12.828120213001966,-0.04,10.97
12.829574897885323,-0.04,10.96
12.831025563180447,-0.04,11.02
12.832486938685179,-0.04,11.06
12.833947528153658,-0.04,10.99
12.835387405008078,-0.04,10.99
12.836844358593225,-0.04,11.01
12.838306669145823,-0.04,11.03
12.839762102812529,-0.04,11.03
12.841216407716274,-0.04,11.07
12.842674408107996,-0.04,11.04
12.844120010733604,-0.04,11.07
12.845583103597164,-0.04,11.07
12.847033392637968,-0.04,11.02
12.84848914295435,-0.04,11.03
12.849936831742525,-0.04,11.02
12.851404190063477,-0.04,11.05
12.852853808552027,-0.04,11.06
12.854306850582361,-0.04,11.05
12.855770606547594,-0.04,11.01
12.857226997613907,-0.04,11.02
12.858676634728909,-0.04,11.08
12.860128909349442,-0.04,11.06
12.86159523949027,-0.04,11.04
12.863046381622553,-0.04,11.03
12.86449582874775,-0.04,11.07
12.865947905927896,-0.04,11.06
12.867408577352762,-0.04,11.04
12.868866927921772,-0.04,11.11
12.87032826244831,-0.04,11.16
12.871783841401339,-0.04,11.16
12.873235527426004,-0.04,11.11
12.874695610255003,-0.04,11.11
12.876134276390076,-0.04,11.14
12.877604328095913,-0.04,11.21
12.879059076309204,-0.04,11.15
12.880509182810783,-0.04,11.15
12.881955619901419,-0.04,11.19
12.883417259901762,-0.04,11.14
12.884865295141935,-0.04,11.14
12.886329408735037,-0.04,11.16
12.887795004993677,-0.04,11.18
12.889249190688133,-0.04,11.22
12.890694584697485,-0.04,11.23
12.89214414730668,-0.04,11.2
12.893609557300806,-0.04,11.16
12.895056519657373,-0.04,11.18
12.896524224430323,-0.04,11.19
12.897973775863647,-0.04,11.18
12.89943340420723,-0.04,11.24
12.90089263021946,-0.04,11.22
12.902344442903996,-0.04,11.2
12.90378786996007,-0.04,11.19
12.905248835682869,-0.04,11.22
12.906695302575827,-0.04,11.22
12.908157832920551,-0.04,11.22
12.909614346921444,-0.04,11.25
12.911073137074709,-0.04,11.24
12.912546910345554,-0.04,11.26
12.913976982235909,-0.04,11.21
12.915444277226925,-0.04,11.23
12.916889611631632,-0.04,11.23
12.918341726064682,-0.04,11.26
12.919807441532612,-0.04,11.26
12.921255707740784,-0.04,11.2
12.922711409628391,-0.04,11.12
12.924176469445229,-0.04,11.16
12.925630956888199,-0.04,11.22
12.927081070840359,-0.04,11.22
12.92853120714426,-0.04,11.26
12.929993033409119,-0.04,11.26
12.931444559246302,-0.04,11.23
12.932903796434402,-0.04,11.2
12.93435724079609,-0.04,11.23
12.935813929885626,-0.04,11.24
12.937263987958431,-0.04,11.19
12.938719268888235,-0.04,11.23
12.940183974802494,-0.04,11.18
12.941628750413656,-0.04,11.19
12.94308602809906,-0.04,11.25
12.94454163685441,-0.04,11.25
12.946000304073095,-0.04,11.28
12.947452284395695,-0.04,11.27
12.9489129409194,-0.04,11.24
12.95036968961358,-0.04,11.23
12.951819516718388,-0.04,11.21
12.953270360827446,-0.04,11.22
12.954733196645975,-0.04,11.2
12.95619274303317,-0.04,11.17
12.957634270191193,-0.04,11.21
12.959099605679512,-0.04,11.26
12.960551526397467,-0.04,11.24
12.962008610367775,-0.04,11.25
12.963448416441679,-0.04,11.24
12.964915670454502,-0.04,11.27
12.966379001736641,-0.04,11.25
12.967827681452036,-0.04,11.27
12.96928621456027,-0.04,11.32
12.97073644772172,-0.04,11.33
12.972200408577919,-0.04,11.35
12.973647434264421,-0.04,11.27
12.97511550039053,-0.04,11.31
12.97655938565731,-0.04,11.36
12.978024426847696,-0.04,11.35
12.979475405067205,-0.04,11.39
12.980934113264084,-0.04,11.41
12.982382025569677,-0.04,11.4
12.983843762427568,-0.04,11.42
12.985278442502022,-0.04,11.45
12.986761998385191,-0.04,11.44
12.988208994269371,-0.04,11.45
12.989666126668453,-0.04,11.45
12.991033717989922,-0.04,11.47
12.992565359920263,-0.04,11.46
12.99403527751565,-0.04,11.47
12.995479676872492,-0.04,11.53
12.99691442027688,-0.04,11.53
12.998391579836607,-0.04,11.52
12.999713625758886,-0.04,11.46
13.001317366957664,-0.04,11.52
13.002742055803537,-0.04,11.56
13.004216760396957,-0.04,11.59
13.005654633045197,-0.04,11.61
13.00712437927723,-0.04,11.63
13.008583933115005,-0.04,11.63
13.010035950690508,-0.04,11.59
13.01149133592844,-0.04,11.58
13.01291223242879,-0.04,11.63
13.014391623437405,-0.04,11.64
13.015811514109373,-0.04,11.62
13.017315186560154,-0.04,11.63
13.018771711736917,-0.04,11.6
13.020158797502518,-0.04,11.61
13.021660543978214,-0.04,11.59
13.0231395624578,-0.04,11.61
13.024589527398348,-0.04,11.59
13.026028793305159,-0.04,11.57
13.02750163152814,-0.04,11.59
13.028906308114529,-0.04,11.58
13.030403476208448,-0.04,11.6
13.031860917806625,-0.04,11.62
13.033320631831884,-0.04,11.61
13.034774776548147,-0.04,11.62
13.036231957376003,-0.04,11.62
13.037686690688133,-0.04,11.6
13.039134480059147,-0.04,11.63
13.040539558976889,-0.04,11.67
13.042057260870934,-0.04,11.71
13.043503850698471,-0.04,11.73
13.044953968375921,-0.04,11.63
13.046422991901636,-0.04,11.64
13.047873850911856,-0.04,11.68
13.049335807561874,-0.04,11.64
13.050779487937689,-0.04,11.67
13.052194073796272,-0.04,11.64
13.053692601621151,-0.04,11.67
13.055153604596853,-0.04,11.7
13.05660255625844,-0.04,11.68
13.058066055178642,-0.04,11.66
13.05951676890254,-0.04,11.69
13.060948874801397,-0.04,11.74
13.062402669340372,-0.04,11.71
13.063879236578941,-0.04,11.72
13.065336611121893,-0.04,11.69
13.066785376518965,-0.04,11.64
13.068248234689236,-0.04,11.67
13.069705463945866,-0.04,11.69
13.071141637861729,-0.04,11.65
13.072605945169926,-0.04,11.7
13.07406735047698,-0.04,11.75
13.075532615184784,-0.04,11.7
13.076929423958063,-0.04,11.69
13.078434728085995,-0.04,11.71
13.079873010516167,-0.04,11.74
13.081346701830626,-0.04,11.79
13.08279862254858,-0.04,11.78
13.084246166050434,-0.04,11.73
13.085715681314468,-0.04,11.69
13.087164718657732,-0.04,11.71
13.088604927062988,-0.04,11.74
13.090074360370636,-0.04,11.72
13.091528620570898,-0.04,11.71
13.092991091310978,-0.04,11.76
13.094422318041325,-0.04,11.81
13.095897383987904,-0.04,11.78
13.09731987118721,-0.04,11.77
13.098811145871878,-0.04,11.75
13.100254599004984,-0.04,11.79
13.10172614455223,-0.04,11.75
13.103162169456482,-0.04,11.71
13.104625273495913,-0.04,11.74
13.106043368577957,-0.04,11.72
13.107523422688246,-0.04,11.72
13.108993861824274,-0.04,11.79
13.110453840345144,-0.04,11.76
13.111894842237234,-0.04,11.75
13.113367792218924,-0.04,11.7
13.11481412500143,-0.04,11.75
13.11621444299817,-0.04,11.74
13.11771035194397,-0.04,11.69
13.119181755930185,-0.04,11.73
13.120638370513916,-0.04,11.76
13.122027654200792,-0.04,11.82
13.12355411797762,-0.04,11.8
13.124996565282345,-0.04,11.78
13.126360822468996,-0.04,11.85
13.127896450459957,-0.04,11.88
13.129374161362648,-0.04,11.8
13.130832057446241,-0.04,11.75
13.132286187261343,-0.04,11.82
13.13369881734252,-0.04,11.82
13.135188408195972,-0.04,11.82
13.136608760803938,-0.04,11.82
13.138062454760075,-0.04,11.81
13.139520693570375,-0.04,11.86
13.140916053205729,-0.04,11.83
13.142449893057346,-0.04,11.82
13.143928058445454,-0.04,11.81
13.14536676183343,-0.04,11.8
13.14683785662055,-0.04,11.78
13.148288294672966,-0.04,11.77
13.149748776108027,-0.04,11.82
13.151187486946583,-0.04,11.84
13.15265879034996,-0.04,11.79
13.154059957712889,-0.04,11.74
13.155567616224289,-0.04,11.78
13.156921725720167,-0.04,11.88
13.158481176942587,-0.04,11.89
13.159899353981018,-0.04,11.91
13.161349661648273,-0.04,11.88
13.162844896316528,-0.04,11.9
13.164224300533533,-0.04,11.84
13.165623981505632,-0.04,11.83
13.167206883430481,-0.04,11.86
13.168665487319231,-0.04,11.91
13.17007825896144,-0.04,11.94
13.17154986411333,-0.04,11.92
13.173023786395788,-0.04,11.85
13.1744739189744,-0.04,11.93
13.17594487592578,-0.04,11.94
13.177376665174961,-0.04,11.88
13.178852919489145,-0.04,11.87
13.180310551077127,-0.04,11.86
13.181767027825117,-0.04,11.87
13.183207914233208,-0.04,11.86
13.184661913663149,-0.04,11.82
13.186122227460146,-0.04,11.88
13.187572609633207,-0.04,11.91
13.18904210999608,-0.04,11.85
13.19047299772501,-0.04,11.85
13.191895205527544,-0.04,11.85
13.193399768322706,-0.04,11.85
13.19479252398014,-0.04,11.84
13.196219403296709,-0.04,11.79
13.19778386503458,-0.04,11.81
13.199222162365913,-0.04,11.87
13.200678899884224,-0.04,11.94
13.20213458687067,-0.04,11.92
13.203584987670183,-0.04,11.88
13.20505091547966,-0.04,11.88
13.20649915933609,-0.04,11.95
13.2079196870327,-0.04,11.93
13.209407813847065,-0.04,11.92
13.210816577076912,-0.04,11.93
13.21220064535737,-0.04,11.9
13.21376583725214,-0.04,11.87
13.215223710983992,-0.04,11.93
13.216661497950554,-0.04,11.97
13.218085322529078,-0.04,11.96
13.219592489302158,-0.04,11.94
13.221054717898369,-0.04,11.94
13.222507327795029,-0.04,11.97
13.223900277167559,-0.04,11.98
13.22540221735835,-0.04,11.98
13.226855583488941,-0.04,11.95
13.2283293902874,-0.04,11.94
13.229776803404093,-0.04,11.96
13.231225620955229,-0.04,11.99
13.232690155506134,-0.04,12.0
13.234151192009449,-0.04,11.97
13.235607843846083,-0.04,11.96
13.237056139856577,-0.04,11.94
13.238473806530237,-0.04,11.95
13.239898905158043,-0.04,11.91
13.241319876164198,-0.04,11.86
13.242878623306751,-0.04,11.92
13.244252141565084,-0.04,11.91
13.245787907391787,-0.04,11.91
13.247254028916359,-0.04,11.88
13.248670920729637,-0.04,11.89
13.250167589634657,-0.04,11.88
13.251546647399664,-0.04,11.88
13.253054771572351,-0.04,11.95
13.254525225609541,-0.04,11.95
13.255901277065277,-0.04,11.9
13.257395043969154,-0.04,11.9
13.258887272328138,-0.04,11.93
13.260349463671446,-0.04,11.91
13.261768836528063,-0.04,11.94
13.263255272060633,-0.04,11.91
13.264710433781147,-0.04,11.91
13.266067415475845,-0.04,11.9
13.26758062839508,-0.04,11.84
13.269081927835941,-0.04,11.91
13.27048258855939,-0.04,11.91
13.271981157362461,-0.04,11.89
13.273323088884354,-0.04,11.92
13.27489211782813,-0.04,11.91
13.276344571262598,-0.04,11.89
13.277767896652222,-0.04,11.91
13.279256392270327,-0.04,11.92
13.280635923147202,-0.04,11.92
13.282118652015924,-0.04,11.87
13.283632323145866,-0.04,11.87
13.2850781083107,-0.04,11.9
13.28653496876359,-0.04,11.98
13.287984110414982,-0.04,12.0
13.289349682629108,-0.04,11.96
13.290884178131819,-0.04,11.94
13.292364340275526,-0.04,12.0
13.293773874640465,-0.04,12.02
13.295189127326012,-0.04,11.97
13.296732384711504,-0.04,11.99
13.29819030687213,-0.04,12.01
13.29963105916977,-0.04,12.02
13.30107694491744,-0.04,11.96
13.302540361881256,-0.04,11.99
13.303937956690788,-0.04,12.05
13.305446550250053,-0.04,12.09
13.306895915418863,-0.04,12.09
13.308344468474388,-0.04,12.05
13.30976878106594,-0.04,12.01
13.311260972172022,-0.04,12.0
13.312663737684488,-0.04,11.98
13.314036317169666,-0.04,12.0
13.315633323043585,-0.04,11.99
13.317095257341862,-0.04,11.96
13.318550672382116,-0.04,11.93
13.31990210711956,-0.04,11.93
13.321465369313955,-0.04,11.99
13.322925847023726,-0.04,12.03
13.324380073696375,-0.04,12.04
13.325824346393347,-0.04,12.06
13.327271368354559,-0.04,12.1
13.32873722910881,-0.04,12.09
13.33017636463046,-0.04,12.09
13.331638168543577,-0.04,12.03
13.33308058977127,-0.04,11.98
13.334527261555195,-0.04,12.05
13.335992705076933,-0.04,12.13
13.337322313338518,-0.04,12.11
13.33892222121358,-0.04,12.09
13.340345326811075,-0.04,12.11
13.341837532818317,-0.04,12.07
13.343197882175446,-0.04,12.12
13.344742134213448,-0.04,12.12
13.346212532371283,-0.04,12.11
13.347639001905918,-0.04,12.12
13.349056150764227,-0.04,12.11
13.35056321322918,-0.04,12.14
13.351899970322847,-0.04,12.08
13.353324074298143,-0.04,12.06
13.354923821985722,-0.04,12.08
13.356352012604475,-0.04,12.09
13.35778047889471,-0.04,12.15
13.359195727854967,-0.04,12.19
13.360689468681812,-0.04,12.13
13.362210437655449,-0.04,12.14
13.36363546922803,-0.04,12.13
13.365060035139322,-0.04,12.17
13.366482850164175,-0.04,12.11
13.367906328290701,-0.04,12.1
13.369482539594173,-0.04,12.16
13.370927691459656,-0.04,12.12
13.37234641611576,-0.04,12.08
13.373862940818071,-0.04,12.15
13.375278249382973,-0.04,12.25
13.376701839268208,-0.04,12.16
13.37821714580059,-0.04,12.16
13.37963343039155,-0.04,12.17
13.381061892956495,-0.04,12.13
13.382484644651413,-0.04,12.15
13.383998490869999,-0.04,12.15
13.385325204581022,-0.04,12.12
13.38692170009017,-0.04,12.21
13.38835098221898,-0.04,12.28
13.3897663988173,-0.04,12.28
13.391306966543198,-0.04,12.22
13.392760273069143,-0.04,12.18
13.394212145358324,-0.04,12.27
13.39563549682498,-0.04,12.3
13.397094756364822,-0.04,12.2
13.398478336632252,-0.04,12.24
13.400010488927364,-0.04,12.23
13.401333902031183,-0.04,12.21
13.402953039854765,-0.04,12.18
13.404348459094763,-0.04,12.21
13.405849426984787,-0.04,12.23
13.407220546156168,-0.04,12.27
13.40873809531331,-0.04,12.3
13.410218555480242,-0.04,12.24
13.411673948168755,-0.04,12.23
13.413062542676926,-0.04,12.24
13.414549849927425,-0.04,12.28
13.415945813059807,-0.04,12.24
13.41750331223011,-0.04,12.25
13.41895641759038,-0.04,12.25
13.42036733776331,-0.04,12.26
13.421805303543806,-0.04,12.25
13.423264235258102,-0.04,12.22
13.424754925072193,-0.04,12.24
13.426219798624516,-0.04,12.29
13.427679643034935,-0.04,12.29
13.429097030311823,-0.04,12.29
13.430596992373466,-0.04,12.28
13.431902304291725,-0.04,12.29
13.43350837007165,-0.04,12.27
13.4349251575768,-0.04,12.23
13.436385490000248,-0.04,12.29
13.43785172700882,-0.04,12.35
13.43927362933755,-0.04,12.37
13.440620087087154,-0.04,12.35
13.442239630967379,-0.04,12.37
13.44364184141159,-0.04,12.35
13.445118695497513,-0.04,12.4
13.446485478430986,-0.04,12.38
13.448010925203562,-0.04,12.35
13.449511528015137,-0.04,12.36
13.450937174260616,-0.04,12.35
13.452423822134733,-0.04,12.35
13.453847613185644,-0.04,12.36
13.45532874763012,-0.04,12.36
13.45679022744298,-0.04,12.4
13.45821825787425,-0.04,12.38
13.459642086178064,-0.04,12.41
13.461058471351862,-0.04,12.46
13.462564285844564,-0.04,12.43
13.463926650583744,-0.04,12.39
13.465508628636599,-0.04,12.44
13.466974534094334,-0.04,12.46
13.468422688543797,-0.04,12.48
13.469770159572363,-0.04,12.48
13.471344895660877,-0.04,12.53
13.472794212400913,-0.04,12.53
13.474240139126778,-0.04,12.55
13.475639384239912,-0.04,12.49
13.477070849388838,-0.04,12.47
13.478621732443571,-0.04,12.47
13.480075966566801,-0.04,12.48
13.481506146490574,-0.04,12.44
13.48298329859972,-0.04,12.46
13.484393935650587,-0.04,12.5
13.48589001223445,-0.04,12.47
13.487309850752354,-0.04,12.47
13.488793965429068,-0.04,12.46
13.490218322724104,-0.04,12.41
13.49171993136406,-0.04,12.37
13.49305859208107,-0.04,12.43
13.494571518152952,-0.04,12.53
13.49608151987195,-0.04,12.52
13.497504588216543,-0.04,12.46
13.498968325555325,-0.04,12.42
13.500355761498213,-0.04,12.47
13.501806750893593,-0.04,12.52
13.503249142318964,-0.04,12.61
13.50479918345809,-0.04,12.58
13.506216432899237,-0.04,12.54
13.50764350220561,-0.04,12.57
13.50910396873951,-0.04,12.61
13.5106121301651,-0.04,12.57
13.512090619653463,-0.04,12.54
13.513504590839148,-0.04,12.55
13.514932245016098,-0.04,12.54
13.51643880829215,-0.04,12.51
13.517790108919144,-0.04,12.5
13.519326243549585,-0.04,12.52
13.520796161144972,-0.04,12.49
13.522232986986637,-0.04,12.53
13.523732244968414,-0.04,12.54
13.52516495808959,-0.04,12.5
13.526481240987778,-0.04,12.47
13.528088983148336,-0.04,12.49
13.52950781956315,-0.04,12.61
13.530959609895945,-0.04,12.6
13.532352469861507,-0.04,12.58
13.533880043774843,-0.04,12.58
13.535370990633965,-0.04,12.65
13.536830138415098,-0.04,12.65
13.53825768083334,-0.04,12.61
13.539728678762913,-0.04,12.63
13.5411939881742,-0.04,12.6
13.542605321854353,-0.04,12.62
13.544082935899496,-0.04,12.6
13.545557755976915,-0.04,12.61
13.546997833997011,-0.04,12.65
13.548458255827427,-0.04,12.67
13.549892242997885,-0.04,12.69
13.551377400755882,-0.04,12.66
13.552851971238852,-0.04,12.75
13.554283808916807,-0.04,12.81
13.555711727589369,-0.04,12.77
13.557141494005919,-0.04,12.73
13.558652620762587,-0.04,12.73
13.560082159936428,-0.04,12.79
13.561540883034468,-0.04,12.81
13.563024997711182,-0.04,12.74
13.564476743340492,-0.04,12.8
13.565832823514938,-0.04,12.89
13.567385241389275,-0.04,12.89
13.568843249231577,-0.04,12.81
13.570217072963715,-0.04,12.85
13.571751054376364,-0.04,12.95
13.573148094117641,-0.04,12.92
13.574663206934929,-0.04,12.92
13.576119311153889,-0.04,12.95
13.577574465423822,-0.04,13.01
13.5790306776762,-0.04,13.07
13.580482613295317,-0.04,13.03
13.581815171986818,-0.04,13.01
13.5833994820714,-0.04,13.04
13.584848418831825,-0.04,13.07
13.58630632981658,-0.04,13.1
13.587759602814913,-0.04,13.12
13.589217726141214,-0.04,13.17
13.590669952332973,-0.04,13.2
13.592113729566336,-0.04,13.18
13.593581445515156,-0.04,13.17
13.594988189637661,-0.04,13.18
13.596405744552612,-0.04,13.21
13.597950864583254,-0.04,13.17
13.59937971830368,-0.04,13.2
13.600860621780157,-0.04,13.27
13.60230142250657,-0.04,13.25
13.603644918650389,-0.04,13.21
13.60522386059165,-0.04,13.24
13.60667097941041,-0.04,13.3
13.6080920137465,-0.04,13.29
13.609509654343128,-0.04,13.3
13.611040003597736,-0.04,13.29
13.612440846860409,-0.04,13.36
13.613950971513987,-0.04,13.42
13.615374844521284,-0.04,13.36
13.616832133382559,-0.04,13.38
13.618255347013474,-0.04,13.45
13.619766410440207,-0.04,13.45
13.621181048452854,-0.04,13.5
13.622667450457811,-0.04,13.54
13.624142806977034,-0.04,13.5
13.625593479722738,-0.04,13.46
13.627032566815615,-0.04,13.45
13.628408279269934,-0.04,13.44
13.629953164607286,-0.04,13.51
13.631420526653528,-0.04,13.56
13.63283308967948,-0.04,13.54
13.634326431900263,-0.04,13.49
13.635782267898321,-0.04,13.46
13.637240592390299,-0.04,13.5
13.638688538223505,-0.04,13.58
13.640143230557442,-0.04,13.58
13.641594126820564,-0.04,13.58
13.643034473061562,-0.04,13.54
13.644511710852385,-0.04,13.52
13.64595477283001,-0.04,13.53
13.647374425083399,-0.04,13.55
13.64880257844925,-0.04,13.47
13.650220952928066,-0.04,13.44
13.651770699769258,-0.04,13.51
13.653147578239441,-0.04,13.55
13.65469829365611,-0.04,13.57
13.656087014824152,-0.04,13.54
13.65756756812334,-0.04,13.57
13.659065619111061,-0.04,13.5
13.660505264997482,-0.04,13.48
13.661957360804081,-0.04,13.52
13.663390774279833,-0.04,13.5
13.664880774915218,-0.04,13.57
13.666304908692837,-0.04,13.57
13.667676869779825,-0.04,13.55
13.66924598440528,-0.04,13.54
13.670700989663601,-0.04,13.5
13.672098826617002,-0.04,13.48
13.673612773418427,-0.04,13.45
13.675017446279526,-0.04,13.5
13.676507994532585,-0.04,13.5
13.677980486303568,-0.04,13.48
13.679411873221397,-0.04,13.49
13.680886507034302,-0.04,13.46
13.68234521150589,-0.04,13.48
13.683685161173344,-0.04,13.55
13.685246609151363,-0.04,13.47
13.686689399182796,-0.04,13.44
13.6881652623415,-0.04,13.49
13.689620863646269,-0.04,13.49
13.691014498472214,-0.04,13.48
13.692534729838371,-0.04,13.53
13.693985179066658,-0.04,13.52
13.695403020828962,-0.04,13.52
13.696886900812387,-0.04,13.5
13.698354560881853,-0.04,13.41
13.699715748429298,-0.04,13.4
13.70124277472496,-0.04,13.39
13.702720232307911,-0.04,13.4
13.704147789627314,-0.04,13.42
13.705598510801792,-0.04,13.36
13.70693076401949,-0.04,13.33
13.708534952253103,-0.04,13.34
13.70995544269681,-0.04,13.32
13.711382992565632,-0.04,13.34
13.71290298178792,-0.04,13.32
13.714357703924179,-0.04,13.26
13.715818829834461,-0.04,13.26
13.717247165739536,-0.04,13.24
13.718671157956123,-0.04,13.24
13.720184680074453,-0.04,13.19
13.721549570560455,-0.04,13.15
13.723036389797926,-0.04,13.11
13.724532570689917,-0.04,13.12
13.725959040224552,-0.04,13.07
13.727415535598993,-0.04,13.04
13.728855717927217,-0.04,12.96
13.730262164026499,-0.04,12.99
13.731820773333311,-0.04,13.0
13.733270425349474,-0.04,12.98
13.734734151512384,-0.04,12.91
13.736137967556715,-0.04,12.93
13.737596582621336,-0.04,12.92
13.739091537892818,-0.04,12.9
13.740551419556141,-0.04,12.9
13.741994392126799,-0.04,12.88
13.743379905819893,-0.04,12.87
13.744906838983297,-0.04,12.85
13.746308740228415,-0.04,12.85
13.747827500104904,-0.05,12.87
13.749276250600815,-0.05,12.87
13.7507417909801,-0.05,12.75
13.752187177538872,-0.04,12.82
13.753641802817583,-0.04,12.87
13.755099684000015,-0.04,12.81
13.756552893668413,-0.04,12.85
13.758012797683477,-0.04,12.82
13.759465679526329,-0.05,12.72
13.76091929152608,-0.05,12.77
13.762307424098253,-0.04,12.8
13.763826210051775,-0.04,12.79
13.765289977192879,-0.04,12.76
13.766734153032303,-0.04,12.75
13.768192078918219,-0.04,12.76
13.769653834402561,-0.04,12.71
13.771113000810146,-0.04,12.73
13.772565174847841,-0.04,12.74
13.774015080183744,-146.84,12.77
13.775464106351137,-0.04,12.78
13.7769183665514,-0.04,12.73
13.778381235897541,-0.04,12.72
13.779825802892447,-0.04,12.76
13.781290024518967,-0.04,12.74
13.782738100737333,-0.04,12.73
13.784205298870802,-0.04,12.73
13.785648699849844,-0.04,12.65
13.787114769220352,-0.04,12.64
13.788562532514334,-0.04,12.7
13.790017705410719,-0.04,12.75
13.791484538465738,-0.04,12.76
13.792923752218485,-0.04,12.71
13.794387597590685,-0.04,12.77
13.795845415443182,-0.04,12.79
13.797303266823292,-0.04,12.81
13.798754137009382,-0.05,12.82
13.800212875008583,-0.05,12.76
13.8016700707376,-0.05,12.73
13.803113549947739,-0.05,12.72
13.804568257182837,-0.05,12.74
13.806026309728622,-0.05,12.75
13.80748350918293,-0.05,12.67
13.80894497409463,-0.05,12.68
13.810388036072254,-0.05,12.77
13.811843980103731,-0.05,12.78
13.813291884958744,-0.05,12.73
13.814757596701384,-0.05,12.75
13.816222369670868,-0.05,12.76
13.817676931619644,-0.05,12.72
13.819131672382355,-0.05,12.73
13.82057785987854,-0.05,12.7
13.822028022259474,-0.05,12.75
13.82349755987525,-0.05,12.76
13.824946027249098,-0.05,12.65
13.826403323560953,-0.05,12.67
13.827862206846476,-0.05,12.74
13.829306308180094,-0.05,12.8
13.830755110830069,-0.05,12.77
13.832210440188646,-0.05,12.78
13.833678394556046,-0.05,12.83
13.835144188255072,-0.05,12.77
13.83658391609788,-0.05,12.77
13.83804252371192,-0.05,12.84
13.839505039155483,-0.05,12.83
13.840955339372158,-0.05,12.82
13.842406831681728,-0.05,12.84
13.843872960656881,-0.05,12.88
13.84531682357192,-0.05,12.86
13.846772134304047,-0.05,12.76
13.84823027253151,-0.05,12.8
13.849670875817537,-0.05,12.85
13.851136788725853,-0.05,12.82
13.852769285440445,-0.05,12.83
13.854055881500244,-0.05,12.86
13.85549396649003,-0.05,12.83
13.856952551752329,-0.05,12.76
13.858420830219984,-0.05,12.82
13.859864480793476,-0.05,12.81
13.861323304474354,-0.05,12.78
13.86277648434043,-0.05,12.77
13.864230815321207,-0.05,12.84
13.865690968930721,-0.05,12.9
13.867148466408253,-0.05,12.89
13.868603564798832,-0.05,12.87
13.870060596615076,-0.05,12.88
13.871510803699493,-0.05,12.91
13.872960455715656,-0.05,12.93
13.874420955777168,-0.05,12.99
13.875874876976013,-0.05,12.98
13.87733018398285,-0.05,12.89
13.878788162022829,-0.05,12.86
13.880253240466118,-0.05,12.91
13.88170850649476,-0.05,12.94
13.883159559220076,-0.05,12.99
13.884606510400772,-0.05,12.97
13.886070262640715,-0.05,12.88
13.887525089085102,-0.05,12.93
13.888979747891426,-0.05,12.97
13.890426523983479,-0.05,12.96
13.891878969967365,-0.05,12.97
13.893332339823246,-0.05,12.89
13.894789677113295,-0.05,12.94
13.896250639110804,-0.05,12.93
13.897704098373652,-0.05,12.94
13.899157110601664,-0.05,12.97
13.900624074041843,-0.05,12.93
13.902079239487648,-0.05,12.88
13.903534147888422,-0.05,12.89
13.904979977756739,-0.05,12.94
13.906439829617739,-0.05,12.97
13.9078852199018,-0.05,12.95
13.909344289451838,-0.05,12.95
13.910799216479063,-0.05,12.95
13.912251021713018,-0.05,12.93
13.913717467337847,-0.05,12.93
13.915174551308155,-0.05,12.96
13.916631437838078,-0.05,12.97
13.918072678148746,-0.05,12.97
13.919539771974087,-0.05,12.99
13.921000611037016,-0.05,13.02
13.922441240400076,-0.05,13.01
13.923903360962868,-0.05,12.97
13.925359152257442,-0.05,12.92
13.926803536713123,-0.05,12.92
13.928268883377314,-0.05,12.94
13.929729223251343,-0.05,12.92
13.931184604763985,-0.05,12.96
13.93263666704297,-0.05,12.98
13.9340824149549,-0.05,12.97
13.935549892485142,-0.05,12.97
13.936990778893232,-0.05,12.95
13.938446130603552,-0.05,13.0
13.939900930970907,-0.05,13.04
13.941369403153658,-0.05,12.98
13.942829359322786,-0.05,12.95
13.944271210581064,-0.05,12.98
13.945731673389673,-0.05,12.93
13.947189211845398,-0.05,12.95
13.948639936745167,-0.05,12.98
13.950099606066942,-0.05,12.98
13.951541304588318,-0.05,12.96
13.953002460300922,-0.05,12.99
13.954460896551609,-0.05,12.98
13.9559087716043,-0.05,12.96
13.95737523958087,-0.05,12.95
13.9588279761374,-0.05,12.99
13.960288412868977,-0.05,12.97
13.96173294633627,-0.05,12.93
13.963197108358145,-0.05,12.93
13.964647959917784,-0.05,12.93
13.966098979115486,-0.05,12.93
13.967559274286032,-0.05,12.92
13.969013839960098,-0.05,12.93
13.970461059361696,-0.05,12.89
13.971920784562826,-0.05,12.84
13.973379164934158,-0.05,12.84
13.974828202277422,-0.05,12.87
13.976293191313744,-0.05,12.91
13.977738693356514,-0.05,12.89
13.979199886322021,-0.05,12.92
13.98065996542573,-0.05,12.93
13.982113391160965,-0.05,12.88
13.983562633395195,-0.05,12.83
13.985021125525236,-0.05,12.89
13.986477997153997,-0.05,12.84
13.987943906337023,-0.05,12.79
13.989390589296818,-0.05,12.77
13.990838184952736,-0.05,12.79
13.992289908230305,-0.05,12.82
13.993753105401993,-0.05,12.81
13.99521079286933,-0.05,12.8
13.996658340096474,-0.05,12.81
13.998112577944994,-0.05,12.78
13.999563712626696,-0.05,12.83
14.001025963574648,-0.05,12.8
14.002485197037458,-0.05,12.69
14.003932863473892,-0.05,12.7
14.005397900938988,-0.05,12.76
14.006852116435766,-0.05,12.8
14.008303638547659,-0.05,12.79
14.009762190282345,-0.05,12.74
14.01121761277318,-0.05,12.71
14.012668255716562,-0.05,12.61
14.014116030186415,-0.05,12.63
14.015571113675833,-0.05,12.67
14.017025779932737,-0.05,12.67
14.018485885113478,-0.05,12.7
14.019934203475714,-0.05,12.7
14.021398726850748,-0.05,12.65
14.022854175418615,-0.05,12.64
14.02431259676814,-0.05,12.62
14.025768406689167,-0.05,12.61
14.027215972542763,-0.05,12.64
14.028667706996202,-0.05,12.64
14.030119609087706,-0.05,12.54
14.031589984893799,-0.05,12.55
14.03304873779416,-0.05,12.56
14.034501515328884,-0.05,12.55
14.035941258072853,-0.05,12.59
14.037406995892525,-0.05,12.59
14.038856029510498,-0.05,12.59
14.040316078811884,-0.05,12.61
14.04177337884903,-0.05,12.6
14.043223556131124,-0.05,12.54
14.044682312756777,-0.05,12.55
14.046128362417221,-0.05,12.53
14.04759356379509,-0.05,12.47
14.049043122678995,-0.05,12.42
14.050502575933933,-0.05,12.45
14.051960527896881,-0.05,12.4
14.0534063950181,-0.05,12.43
14.054870203137398,-0.05,12.44
14.056313883513212,-0.05,12.41
14.057775098830462,-0.05,12.46
14.059232544153929,-0.05,12.47
14.060694817453623,-0.05,12.42
14.062144793570042,-0.05,12.38
14.06359601020813,-0.05,12.36
14.065044824033976,-0.05,12.38
14.066510200500488,-0.05,12.35
14.067960198968649,-0.05,12.38
14.0694067068398,-0.05,12.42
14.070868607610464,-0.05,12.34
14.072333130985498,-0.05,12.26
14.073791719973087,-0.05,12.27
14.075245976448059,-0.05,12.29
14.076700892299414,-0.05,12.3
14.07814260199666,-0.05,12.33
14.079600963741541,-0.05,12.32
14.08106018975377,-0.05,12.27
14.082509849220514,-0.05,12.24
14.083978328853846,-0.05,12.25
14.085432946681976,-0.05,12.23
14.086883448064327,-0.05,12.18
14.088325597345829,-0.05,12.23
14.089785620570183,-0.05,12.22
14.091238934546709,-0.05,12.18
14.092693887650967,-0.05,12.2
14.094157800078392,-0.05,12.23
14.095616977661848,-0.05,12.23
14.097062703222036,-0.05,12.16
14.098513662815094,-0.05,12.2
14.09997433796525,-0.05,12.18
14.101429522037506,-0.05,12.11
14.102878984063864,-0.05,12.12
14.104334369301796,-0.05,12.1
14.105785466730595,-0.05,12.15
14.107251394540071,-0.05,12.11
14.108694646507502,-0.05,12.09
14.110162749886513,-0.05,12.08
14.111620847135782,-0.05,12.05
14.113073144108057,-0.05,12.09
14.114516217261553,-0.05,12.08
14.115975365042686,-0.05,12.03
14.117439683526754,-0.05,12.04
14.11889461055398,-0.05,12.09
14.120342314243317,-0.05,12.06
14.121804866939783,-0.05,12.09
14.123250711709261,-0.05,12.12
14.124706074595451,-0.05,12.09
14.126188274472952,-0.05,12.09
14.127626042813063,-0.05,12.08
14.12907924130559,-0.05,12.05
14.13052798062563,-0.05,12.07
14.131995417177677,-0.05,12.09
14.133448284119368,-0.05,12.07
14.13488294556737,-0.05,12.11
14.136355739086866,-0.05,12.07
14.13780964538455,-0.05,12.04
14.139269590377808,-0.05,12.06
14.140723533928394,-0.05,12.04
14.14217897132039,-0.05,12.03
14.143633782863617,-0.05,12.05
14.145085375756025,-0.05,12.04
14.146543223410845,-0.05,12.04
14.147997856140137,-0.05,12.05
14.149442944675684,-0.05,12.04
14.15089813247323,-0.05,12.01
14.152352664619684,-0.05,12.05
14.15381458774209,-0.05,12.03
14.155271552503109,-0.05,12.06
14.15672268345952,-0.05,12.07
14.158179596066475,-0.05,12.01
14.159622218459845,-0.05,12.04
14.161091957241297,-0.05,12.06
14.16254012286663,-0.05,12.04
14.163995292037725,-0.05,12.05
14.165448520332575,-0.05,12.08
14.166901499032974,-0.05,12.12
14.168347973376513,-0.05,12.13
14.169808980077505,-0.05,12.06
14.171269543468952,-0.05,12.0
14.17272363230586,-0.05,12.06
14.174179758876562,-0.05,12.09
14.175627142190933,-0.05,12.08
14.17708956822753,-0.05,12.02
14.178545985370874,-0.05,12.01
14.179993122816086,-0.05,12.04
14.181452620774508,-0.05,12.0
14.182915557175875,-0.05,12.02
14.184369958937168,-0.05,12.06
14.185816824436188,-0.05,12.08
14.187279224395752,-0.05,12.04
14.188725274056196,-0.05,12.01
14.190185140818357,-0.05,11.99
14.191639382392168,-0.05,12.07
14.193092986941338,-0.05,12.08
14.194549802690744,-0.05,12.01
14.196013275533915,-0.05,11.98
14.197453044354916,-0.05,11.98
14.198911223560572,-0.05,11.93
14.20036843046546,-0.04,11.96
14.201837535947561,-0.05,11.97
14.203286070376635,-0.05,12.02
14.204737160354853,-0.05,12.0
14.206200011074543,-0.04,12.06
14.207636144012213,-0.05,12.05
14.209094475954771,-0.04,11.99
14.210556045174599,-0.04,11.93
14.212010689079762,-0.05,12.02
14.2134615406394,-0.05,12.0
14.214922152459621,-0.05,11.98
14.216373015195131,-0.05,12.01
14.217832706868649,-0.05,12.03
14.219282869249582,-0.05,12.06
14.220728181302547,-0.05,12.02
14.2222067900002,-0.05,12.05
14.223651599138975,-0.05,12.02
14.225113119930029,-0.04,12.01
14.226550754159689,-0.04,12.08
14.228013444691896,-0.04,12.14
14.229468327015638,-0.04,12.09
14.230932276695967,-0.04,12.04
14.232387330383062,-0.04,12.08
14.233833651989698,-0.04,12.06
14.235279265791178,-0.04,12.03
14.236744318157434,-0.05,12.07
14.238194424659014,-0.04,12.07
14.23966147378087,-0.04,12.07
14.241117537021637,-0.04,12.06
14.242563921958208,-0.04,12.09
14.24401805922389,-0.04,12.11
14.245479915291071,-0.04,12.11
14.246936105191708,-0.04,12.07
14.24839485809207,-0.04,12.08
14.249851033091545,-0.04,12.13
14.251303628087044,-0.04,12.12
14.252754747867584,-0.04,12.06
14.254217110574245,-0.04,12.05
14.255671057850122,-0.04,12.0
14.257116168737411,-0.04,11.97
14.258566923439503,-0.04,12.0
14.260031212121248,-0.04,12.08
14.261483673006296,-0.04,12.1
14.262935031205416,-0.04,12.07
14.264403127133846,-0.04,12.13
14.265853505581617,-0.04,12.1
14.2673021517694,-0.04,12.05
14.268762908875942,-0.04,12.04
14.270222209393978,-0.04,12.06
14.271676864475012,-0.04,12.03
14.27312695980072,-0.04,12.01
14.274566866457462,-0.04,11.97
14.2760313116014,-0.04,11.93
14.277495246380568,-0.04,11.92
14.278940547257662,-0.04,12.0
14.280400820076466,-0.04,12.03
14.281858783215284,-0.04,12.02
14.283304657787085,-0.04,12.03
14.28476470708847,-0.04,12.01
14.286216259002686,-0.04,11.97
14.287672724574804,-0.04,11.93
14.28912914916873,-0.04,11.89
14.29057602211833,-0.04,11.92
14.29204286262393,-0.04,11.91
14.293488621711731,-0.04,11.93
14.294950984418392,-0.05,11.87
14.296390689909458,-0.05,11.83
14.29789574816823,-0.05,11.85
14.299304127693176,-0.05,11.91
14.30076302215457,-0.05,11.92
14.302219394594431,-0.05,11.89
14.303668476641178,-0.05,11.86
14.305123791098595,-0.05,11.83
14.306585524231195,-0.05,11.79
14.308039609342813,-0.05,11.79
14.309502590447664,-0.05,11.76
14.310949627310038,-0.05,11.73
14.31240488961339,-0.05,11.76
14.31386735662818,-0.05,11.77
14.315307877957821,-0.04,11.74
14.316770680248737,-0.05,11.67
14.3240433819592,-2.79,11.69
14.325502175837755,-2.79,11.69
14.326951406896114,-2.79,11.63
14.32840345427394,-2.79,11.64
14.32985895499587,-2.79,11.66
14.331323366612196,-2.79,11.65
14.332774143666029,-2.79,11.65
14.334241315722466,-2.79,11.6
14.335680667310953,-2.79,11.6
14.337143305689096,-2.79,11.6
14.338596265763044,-2.79,11.61
14.340046435594559,-2.79,11.62
14.341505531221628,-2.79,11.58
14.34295516833663,-2.79,11.54
14.344418615102768,-2.79,11.52
14.345863167196512,-2.79,11.61
14.34733161330223,-2.79,11.57
14.34877821430564,-2.79,11.54
14.350231673568487,-2.79,11.54
14.351691760122776,-2.79,11.58
14.358967158943415,-0.04,11.41
14.360411211848259,-0.04,11.41
14.361869934946299,-0.04,11.43
14.363309405744076,-0.04,11.45
14.364778190851212,-0.04,11.5
14.366234127432108,-0.04,11.47
14.367690328508615,-0.04,11.44
14.369148429483175,-0.04,11.42
14.370595831423998,-0.04,11.43
14.372058890759945,-0.04,11.48
14.373514119535685,-0.04,11.44
14.37496167421341,-0.04,11.47
14.376415964215994,-0.04,11.45
14.37788213789463,-0.04,11.5
14.379329718649387,-0.04,11.53
14.380776423960924,-0.04,11.53
14.38223735243082,-0.04,11.51
14.383688285946846,-0.04,11.45
14.385148916393518,-0.04,11.5
14.38660104945302,-0.04,11.49
14.388066329061985,-0.04,11.43
14.389512795954943,-0.04,11.5
14.390975620597601,-0.04,11.51
14.392411921173334,-0.04,11.5
14.393888384103775,-0.04,11.52
14.395333420485258,-0.04,11.52
14.396787006407976,-0.04,11.47
14.398247726261616,-0.04,11.5
14.399707797914743,-0.04,11.44
14.401146806776524,-0.04,11.45
14.40260773897171,-0.04,11.51
14.404070779681206,-0.04,11.49
14.405522499233484,-0.04,11.5
14.406984604895115,-0.04,11.53
14.408428598195314,-0.04,11.51
14.409886658191681,-0.04,11.46
14.411350514739752,-0.04,11.49
14.412800766527653,-0.04,11.5
14.414255425333977,-0.04,11.54
14.415712017565966,-0.04,11.52
14.417150441557169,-0.04,11.46
14.41862566769123,-0.04,11.46
14.42006903886795,-0.04,11.48
14.4215286411345,-0.04,11.56
14.42298998311162,-0.04,11.58
14.424431063234806,-0.04,11.62
14.425891011953354,-0.04,11.59
14.427347857505083,-0.04,11.57
14.428795609623194,-0.04,11.57
14.430256340652704,-0.04,11.62
14.431712225079536,-0.04,11.69
14.433177668601274,-0.04,11.7
14.434620227664709,-0.04,11.69
14.436085030436516,-0.04,11.7
14.437544297426939,-0.04,11.71
14.43899093195796,-0.04,11.67
14.440449584275484,-0.04,11.69
14.441923625767231,-0.04,11.7
14.443352777510881,-0.04,11.65
14.444806955754757,-0.04,11.62
14.446267664432526,-0.04,11.64
14.447715759277344,-0.04,11.65
14.449173241853714,-0.04,11.68
14.450625240802765,-0.04,11.7
14.452084805816412,-0.04,11.71
14.45354987680912,-0.04,11.75
14.454999808222055,-0.04,11.73
14.456449404358864,-0.04,11.73
14.457901004701853,-0.04,11.76
14.459361881017685,-0.04,11.74
14.460820972919464,-0.04,11.67
14.462272465229034,-0.04,11.71
14.463730026036501,-0.04,11.72
14.465175293385983,-0.04,11.71
14.466640159487724,-0.04,11.73
14.468099873512983,-0.04,11.72
14.469557110220194,-0.04,11.72
14.470998976379633,-0.04,11.76
14.47246503457427,-0.04,11.8
14.47392288967967,-0.04,11.81
14.475367117673159,-0.04,11.81
14.476826578378677,-0.04,11.84
14.478275164961815,-0.04,11.87
14.479727551341057,-0.04,11.84
14.481191754341125,-0.04,11.8
14.482637364417315,-0.04,11.82
14.484102196991444,-0.04,11.89
14.485560089349747,-0.04,11.87
14.487015545368195,-0.04,11.87
14.48846785724163,-0.04,11.84
14.489930529147387,-0.04,11.9
14.491379994899035,-0.04,11.96
14.49282393604517,-0.04,11.96
14.494285386055708,-0.04,11.96
14.495740327984095,-0.04,11.91
14.497194770723581,-0.04,11.9
14.498641647398472,-0.04,11.98
14.50010534003377,-0.04,12.04
14.501566264778376,-0.04,11.99
14.503008268773556,-0.04,12.01
14.504482463002205,-0.04,12.05
14.50592165067792,-0.04,12.03
14.507386233657598,-0.04,12.03
14.508841797709465,-0.04,12.02
14.510297685861588,-0.04,12.05
14.51175469905138,-0.04,12.1
14.513198342174292,-0.04,12.14
14.514652952551842,-0.04,12.14
14.516105655580759,-0.04,12.11
14.517573155462742,-0.04,12.06
14.519014578312635,-0.04,12.09
14.520482521504164,-0.04,12.12
14.52193670347333,-0.04,12.12
14.523399114608765,-0.04,12.13
14.524835113435984,-0.04,12.22
14.52629567682743,-0.04,12.26
14.527752544730902,-0.04,12.26
14.529207896441221,-0.04,12.21
14.530670817941427,-0.04,12.17
14.532121442258358,-0.04,12.26
14.533569440245628,-0.04,12.33
14.535016555339098,-0.04,12.31
14.536488372832537,-0.04,12.29
14.537944927811623,-0.04,12.24
14.539394069463015,-0.04,12.31
14.540850665420294,-0.04,12.39
14.542302381247282,-0.04,12.36
14.543755810707808,-0.04,12.33
14.545215129852295,-0.04,12.36
14.54667703807354,-0.04,12.35
14.54811741039157,-0.04,12.37
14.549579590559006,-0.04,12.43
14.551021184772253,-0.04,12.43
14.5524958409369,-0.04,12.46
14.55394447594881,-0.04,12.46
14.555394776165485,-0.04,12.45
14.55685418471694,-0.04,12.48
14.558314111083746,-0.04,12.45
14.559773370623589,-0.04,12.47
14.561229404062033,-0.04,12.5
14.562672138214111,-0.04,12.54
14.56413371488452,-0.04,12.54
14.565580546855927,-0.04,12.57
14.5670460537076,-0.04,12.55
14.568499770015478,-0.04,12.58
14.569947525858879,-0.04,12.63
14.571413084864616,-0.04,12.57
14.572868645191193,-0.04,12.55
14.574309032410383,-0.04,12.58
14.575770560652018,-0.04,12.65
14.577231597155333,-0.04,12.64
14.5786849334836,-0.04,12.63
14.580128159373999,-0.04,12.68
14.581594284623861,-0.04,12.72
14.583042453974485,-0.04,12.71
14.58449200168252,-0.04,12.71
14.585962411016226,-0.04,12.75
14.58741133287549,-0.04,12.75
14.588861484080553,-0.04,12.72
14.590310338884592,-0.04,12.7
14.591766864061356,-0.04,12.71
14.593227315694094,-0.04,12.77
14.594692725688219,-0.04,12.77
14.596142161637545,-0.04,12.8
14.597597602754831,-0.04,12.83
14.599047180265188,-0.04,12.9
14.600511714816093,-0.04,12.92
14.601960182189941,-0.04,12.94
14.603421710431576,-0.04,12.95
14.604870762676,-0.04,12.93
14.606315802782774,-0.04,12.85
14.607776459306479,-0.04,12.86
14.609247092157602,-0.04,12.96
14.610695607960224,-0.04,13.0
14.612151190638542,-0.04,12.97
14.613598093390465,-0.04,12.94
14.61506187915802,-0.04,12.94
14.61651523411274,-0.04,12.96
14.617971654981375,-0.04,13.01
14.619423497468233,-0.04,12.98
14.620878841727972,-0.04,13.01
14.622322287410498,-0.04,13.03
14.623776849359274,-0.04,13.08
14.62523140013218,-0.04,13.06
14.626704405993223,-0.04,13.09
14.62815062329173,-0.04,13.12
14.62961171939969,-0.04,13.16
14.63104883953929,-0.04,13.18
14.632518153637648,-0.04,13.15
14.633967038244009,-0.04,13.12
14.635427080094814,-0.04,13.2
14.636882480233908,-0.04,13.25
14.638337183743715,-0.04,13.17
14.63979660347104,-0.04,13.12
14.641252491623163,-0.04,13.12
14.642695594578981,-0.04,13.18
14.6441521756351,-0.04,13.24
14.645621228963137,-0.04,13.21
14.64707126840949,-0.04,13.25
14.648518398404121,-0.04,13.28
14.649984776973724,-0.04,13.3
14.651433125138283,-0.04,13.31
14.652889501303434,-0.04,13.29
14.654339954257011,-0.04,13.33
14.655800487846136,-0.04,13.33
14.657254055142403,-0.04,13.4
14.65870587527752,-0.04,13.41
14.660164639353752,-0.04,13.4
14.661624517291784,-0.04,13.38
14.663077875971794,-0.04,13.4
14.66453304886818,-0.04,13.41
14.665978316217661,-0.04,13.43
14.667442012578249,-0.04,13.44
14.668911311775446,-0.04,13.41
14.67035200074315,-0.04,13.4
14.671809550374746,-0.04,13.48
14.673254676163197,-0.04,13.51
14.674713600426912,-0.04,13.55
14.676171574741602,-0.04,13.6
14.677627205848694,-0.04,13.63
14.679079659283161,-0.04,13.58
14.680539060384035,-0.04,13.55
14.681992378085852,-0.04,13.64
14.683452352881432,-0.04,13.67
14.684895895421505,-0.04,13.65
14.686355020850897,-0.04,13.57
14.68780256435275,-0.04,13.63
14.689259577542543,-0.04,13.73
14.690716672688723,-0.04,13.72
14.692165207117796,-0.04,13.67
14.693623624742031,-0.04,13.63
14.695085771381855,-0.04,13.74
14.69654244929552,-0.04,13.77
14.697997320443392,-0.04,13.75
14.699455127120018,-0.04,13.72
14.700911272317171,-0.04,13.74
14.702362168580294,-0.04,13.75
14.703822512179613,-0.04,13.75
14.705272432416677,-0.04,13.79
14.70673069730401,-0.04,13.8
14.708213288336992,-0.04,13.81
14.7096345461905,-0.04,13.81
14.711087953299284,-0.04,13.8
14.712550815194845,-0.04,13.87
14.713999077677727,-0.04,13.87
14.715459790080786,-0.04,13.83
14.71691881120205,-0.04,13.87
14.718357514590025,-0.04,13.86
14.719820380210876,-0.04,13.94
14.721280362457037,-0.04,13.91
14.722730159759521,-0.04,13.88
14.724179696291685,-0.04,13.89
14.725623745471239,-0.04,13.91
14.727085307240486,-0.04,13.99
14.7285430803895,-0.04,14.0
14.730011265724897,-0.04,13.99
14.731469240039587,-0.04,13.99
14.732916209846735,-0.04,13.99
14.734370406717062,-0.05,13.99
14.73582461848855,-0.05,13.98
14.73728309199214,-0.04,13.96
14.738743085414171,-0.04,13.96
14.740191329270601,-0.04,13.98
14.74164031073451,-0.05,13.99
14.74311013892293,-0.05,14.0
14.744557697325945,-0.04,14.02
14.746016904711723,-0.05,14.01
14.747460346668959,-0.05,14.0
14.748916987329721,-0.05,13.98
14.75037431716919,-0.05,14.01
14.751829098910093,-0.05,14.07
14.75328628718853,-0.05,14.1
14.754741683602333,-0.05,14.07
14.756191588938236,-0.05,14.12
14.757653325796127,-0.05,14.07
14.759104736149311,-0.05,14.09
14.760547429323196,-0.05,14.08
14.762002792209387,-0.05,14.09
14.763453803956509,-0.05,14.07
14.764914397150278,-0.05,14.09
14.766363497823477,-0.05,14.17
14.767829045653343,-0.05,14.18
14.769280310720205,-0.05,14.13
14.770733062177896,-0.05,14.12
14.772193055599928,-0.05,14.19
14.773650173097849,-0.05,14.24
14.775095328688622,-0.05,14.23
14.776555355638266,-0.05,14.16
14.778008744120598,-0.05,14.1
14.77947498485446,-0.05,14.13
14.780917551368475,-0.05,14.19
14.782375510782003,-0.05,14.16
14.78383295610547,-0.05,14.16
14.785281777381897,-0.05,14.15
14.78675426542759,-0.05,14.21
14.788204345852137,-0.05,14.18
14.789650101214647,-0.05,14.15
14.791115291416645,-0.05,14.18
14.792558122426271,-0.05,14.18
14.794023174792528,-0.05,14.13
14.795461736619473,-0.05,14.11
14.796919152140617,-0.05,14.12
14.798381973057985,-0.05,14.1
14.799837678670883,-0.05,14.12
14.801302943378687,-0.05,14.16
14.802738592028618,-0.05,14.19
14.804189145565033,-0.05,14.19
14.805647734552622,-0.05,14.15
14.807105042040348,-0.05,14.15
14.808557998389006,-0.05,14.2
14.810028735548258,-0.05,14.21
14.811465684324503,-0.05,14.17
14.812937568873167,-0.05,14.16
14.814391478896141,-0.05,14.19
14.815845172852278,-0.05,14.16
14.817303974181414,-0.05,14.15
14.818756584078074,-0.05,14.14
14.82021101936698,-0.05,14.2
14.82165564224124,-0.05,14.22
14.82311638072133,-0.05,14.17
14.824570868164301,-0.05,14.13
14.826015062630177,-0.05,14.09
14.827489621937275,-0.05,14.13
14.828943129628897,-0.05,14.18
14.830393705517054,-0.05,14.14
14.831844847649336,-0.05,14.12
14.833297405391932,-0.05,14.09
14.834756877273321,-0.05,14.17
14.836214907467365,-0.05,14.13
14.837665103375912,-0.05,14.14
14.839117787778378,-0.05,14.13
14.840582493692636,-0.05,14.16
14.842032872140408,-0.05,14.11
14.843484673649073,-0.05,14.05
14.84494511783123,-0.05,14.08
14.846393309533596,-0.05,14.16
14.847847890108824,-0.05,14.14
14.849302019923925,-0.05,14.13
14.850762642920017,-0.05,14.2
14.85221266373992,-0.05,14.2
14.853668477386236,-0.05,14.15
14.855122715234756,-0.05,14.16
14.856582682579756,-0.05,14.17
14.858030438423157,-0.05,14.19
14.859496612101793,-0.05,14.18
14.860943850129843,-0.05,14.2
14.862394701689482,-0.05,14.2
14.863858487457037,-0.05,14.23
14.865312527865171,-0.05,14.18
14.866762552410364,-0.05,14.12
14.86822160333395,-0.05,14.15
14.869674570858479,-0.05,14.15
14.871131468564272,-0.05,14.17
14.87258580327034,-0.05,14.19
14.874038334935904,-0.05,14.18
14.875501710921526,-0.05,14.18
14.876949358731508,-0.05,14.15
14.878418900072575,-0.05,14.19
14.879866074770689,-0.05,14.19
14.881303187459707,-0.05,14.16
14.882762789726257,-0.05,14.14
14.884231090545654,-0.05,14.18
14.885679207742214,-0.05,14.22
14.887129589915276,-0.05,14.24
14.88858886808157,-0.05,14.26
14.890055671334267,-0.05,14.29
14.891495667397976,-0.05,14.24
14.892962649464607,-0.05,14.26
14.894419267773628,-0.05,14.23
14.895861338824034,-0.05,14.21
14.897327084094286,-0.05,14.26
14.898762382566929,-0.05,14.33
14.900236144661903,-0.05,14.34
14.901683915406466,-0.05,14.26
14.903143629431725,-0.05,14.25
14.904604025185108,-0.05,14.29
14.906053230166435,-0.05,14.3
14.907503437250853,-0.05,14.3
14.908963244408369,-0.05,14.29
14.91041473671794,-0.05,14.25
14.911874998360872,-0.05,14.23
14.913334853947163,-0.05,14.24
14.914786633104086,-0.05,14.22
14.916239980608225,-0.05,14.21
14.917696103453636,-0.05,14.25
14.919153310358524,-0.05,14.35
14.920596919953823,-0.05,14.31
14.922062817960978,-0.05,14.35
14.92351669818163,-0.05,14.37
14.924971457570791,-0.05,14.35
14.926429316401482,-0.05,14.39
14.92787554487586,-0.05,14.33
14.929340470582247,-0.05,14.34
14.930788576602936,-0.05,14.36
14.932243559509516,-0.05,14.41
14.933683704584837,-0.05,14.4
14.935158658772707,-0.05,14.41
14.93661480769515,-0.05,14.39
14.938054580241442,-0.05,14.44
14.939520686864853,-0.05,14.51
14.940971408039331,-0.05,14.52
14.94242474064231,-0.05,14.51
14.943887211382389,-0.05,14.51
14.945340942591429,-0.05,14.51
14.94679132848978,-0.05,14.49
14.948249492794275,-0.05,14.52
14.949703887104988,-0.05,14.54
14.951159935444593,-0.05,14.49
14.952609419822693,-0.05,14.51
14.954063728451729,-0.05,14.49
14.955518454313278,-0.05,14.47
14.956970930099487,-0.05,14.47
14.958426032215357,-0.05,14.52
14.959883697330952,-0.05,14.5
14.961350046098232,-0.05,14.45
14.962787352502346,-0.05,14.46
14.964260291308165,-0.05,14.49
14.965701192617416,-0.05,14.48
14.967165753245354,-0.05,14.4
14.96862156689167,-0.05,14.44
14.970081057399511,-0.05,14.45
14.971526052802801,-0.05,14.51
14.97297701984644,-0.05,14.49
14.974446192383766,-0.05,14.45
14.975887890905142,-0.05,14.48
14.977346304804087,-0.05,14.54
14.97881068661809,-0.05,14.51
14.980263769626617,-0.05,14.53
14.981722682714462,-0.04,14.49
14.983159814029932,-0.04,14.53
14.984632764011621,-0.05,14.49
14.98607862368226,-0.05,14.5
14.987540166825056,-0.04,14.5
14.988991003483534,-0.04,14.56
14.99044768884778,-0.04,14.6
14.99190467223525,-0.04,14.59
14.99335515499115,-0.04,14.6
14.99481537565589,-0.04,14.58
14.996265511959791,-0.04,14.61
14.997713256627321,-0.04,14.64
14.999176289886236,-0.04,14.59
15.00063107535243,-0.04,14.6
15.002077329903841,-0.04,14.56
15.00353828445077,-0.04,14.59
15.004995472729206,-0.04,14.6
15.006442543119192,-0.04,14.66
15.007898785173893,-0.04,14.65
15.009363792836666,-0.04,14.62
15.010815065354109,-0.04,14.62
15.012260895222425,-0.04,14.61
15.013714488595724,-0.04,14.66
15.015173319727182,-0.04,14.65
15.016636591404676,-0.04,14.69
15.018086165189743,-0.04,14.7
15.019541509449482,-0.04,14.68
15.021006621420383,-0.04,14.7
15.02245157957077,-0.04,14.74
15.02391016855836,-0.04,14.72
15.025371633470058,-0.04,14.73
15.02682451531291,-0.04,14.8
15.028272863477468,-0.04,14.78
15.029717475175858,-0.04,14.74
15.031186264008284,-0.04,14.79
15.032641608268023,-0.04,14.76
15.034081671386957,-0.04,14.75
15.035550940781832,-0.04,14.78
15.036995645612478,-0.04,14.79
15.038449216634035,-0.04,14.83
15.039916064590216,-0.04,14.8
15.041371271014214,-0.04,14.86
15.042824368923903,-0.04,14.91
15.044279903173447,-0.04,14.89
15.045727718621492,-0.04,14.83
15.047192391008139,-0.04,14.81
15.048635311424732,-0.04,14.85
15.05010612308979,-0.04,14.83
15.051545854657888,-0.04,14.81
15.053007323294878,-0.04,14.85
15.054467421025038,-0.04,14.85
15.055910993367434,-0.04,14.89
15.057369872927666,-0.04,14.85
15.058829072862864,-0.04,14.88
15.060288783162832,-0.04,14.92
15.061742387712002,-0.04,14.94
15.063196904957294,-0.04,14.96
15.064656715840101,-0.04,14.98
15.066095612943172,-0.04,14.95
15.067563392221928,-0.04,14.94
15.069014091044664,-0.04,14.96
15.070472072809935,-0.04,15.02
15.071922946721315,-0.04,15.05
15.07337686792016,-0.04,15.01
15.074826832860708,-0.04,15.03
15.076287902891636,-0.04,15.05
15.077746845781803,-0.04,15.09
15.079196631908417,-0.04,15.09
15.080657348036766,-0.04,15.12
15.082107082009315,-0.04,15.13
15.083568189293146,-0.04,15.11
15.085011467337608,-0.04,15.09
15.086468156427145,-0.04,15.09
15.087928507477045,-0.04,15.12
15.089373502880335,-0.04,15.18
15.090843476355076,-0.04,15.14
15.092282462865114,-0.04,15.15
15.093768820166588,-0.04,15.19
15.095205884426832,-0.04,15.12
15.096662510186434,-0.04,15.11
15.098111104220152,-0.04,15.13
15.099560856819153,-0.04,15.17
15.101023204624653,-0.04,15.17
15.102477613836527,-0.04,15.23
15.10393264517188,-0.04,15.16
15.105384536087513,-0.04,15.21
15.106837064027786,-0.04,15.27
15.108299050480127,-0.04,15.23
15.109751358628273,-0.04,15.28
15.111200604587793,-0.04,15.26
15.11266627907753,-0.04,15.19
15.11410815641284,-0.04,15.23
15.11557136848569,98.16,15.21
15.117031440138817,-0.04,15.23
15.118484627455473,-0.04,15.31
15.119945332407951,-0.04,15.3
15.12139954417944,-0.04,15.29
15.122851062566042,-0.04,15.28
15.12429877743125,-0.04,15.29
15.125755283981562,-0.04,15.3
15.12720251828432,-0.04,15.33
15.128657288849354,-0.04,15.33
15.13011522218585,-0.04,15.37
15.131577678024769,-0.04,15.38
15.133031260222197,-0.04,15.39
15.134487222880125,-0.04,15.33
15.135945420712233,-0.04,15.37
15.137395352125168,-0.04,15.45
15.138845939189196,-0.04,15.43
15.140308566391468,-0.04,15.41
15.141757491976023,-0.04,15.42
15.143214773386717,-0.04,15.48
15.144679736346006,-0.04,15.5
15.146123357117176,-0.04,15.47
15.147579919546843,-0.04,15.45
15.149032078683376,-0.04,15.44
15.150491420179605,-0.04,15.5
15.151948638260365,-0.04,15.55
15.153397981077433,-0.04,15.52
15.154850125312805,-0.04,15.51
15.15631540864706,-0.04,15.47
15.157771490514278,-0.04,15.46
15.159215398132801,-0.04,15.53
15.160664111375809,-0.04,15.56
15.162119377404451,-0.04,15.55
15.163581117987633,-0.04,15.51
15.165039658546448,-0.05,15.49
15.166495591402054,-0.05,15.51
15.16795451194048,-0.05,15.54
15.169397369027138,-0.04,15.54
15.170851279050112,-0.05,15.55
15.17231086269021,-0.05,15.55
15.173767995089293,-0.05,15.49
15.17522618919611,-0.05,15.53
15.176684737205505,-0.05,15.61
15.178124826401472,-0.05,15.58
15.179583575576544,-0.05,15.58
15.181038834154606,-0.05,15.66
15.182499375194311,-0.05,15.61
15.183947660028934,-0.05,15.63
15.185414656996727,-0.05,15.65
15.186865512281656,-0.05,15.62
15.1883231587708,-0.05,15.64
15.189773220568895,-0.05,15.63
15.191241472959518,-0.05,15.67
15.19268348813057,-0.05,15.64
15.19414183869958,-0.05,15.61
15.195593975484371,-0.05,15.6
15.197041641920805,-0.04,15.58
15.198499485850334,-0.04,15.62
15.199948336929083,-0.05,15.63
15.201402887701988,-0.05,15.61
15.202872157096863,-0.04,15.66
15.204315766692162,-0.05,15.7
15.205774035304785,-0.05,15.7
15.207216259092093,-0.05,15.67
15.208681531250477,-0.05,15.68
15.210136748850346,-0.05,15.64
15.21159752830863,-0.05,15.7
15.213048674166203,-0.05,15.74
15.214502044022083,-0.05,15.72
15.215958088636398,-0.05,15.71
15.217404905706644,-0.05,15.69
15.218871224671602,-0.05,15.67
15.220322716981173,-0.05,15.7
15.221783962100744,-0.05,15.79
15.223235789686441,-0.05,15.76
15.224726814776659,-0.05,15.74
15.226146526634693,-0.05,15.8
15.227592188864946,-0.05,15.83
15.229057297110558,-0.05,15.8
15.230516228824854,-0.04,15.71
15.231987360864878,-0.05,15.71
15.233424127101898,-0.05,15.79
15.234879076480865,-0.05,15.79
15.236336451023817,-0.05,15.84
15.237786807119846,-0.05,15.85
15.239244244992733,-0.05,15.8
15.240708488970995,-0.05,15.73
15.242148943245411,-0.05,15.75
15.243613380938768,-0.05,15.82
15.245059989392757,-0.05,15.81
15.246511910110712,-0.05,15.79
15.24797235429287,-0.05,15.78
15.249421536922455,-0.05,15.83
15.250879764556885,-0.05,15.83
15.252321243286133,-0.05,15.84
15.253788847476244,-0.05,15.9
15.255248863250017,-0.05,15.94
15.256697975099087,-0.05,15.91
15.258158192038536,-0.05,15.81
15.259604673832655,-0.05,15.9
15.261061877012253,-0.05,15.91
15.262528270483017,-0.05,15.92
15.26396694406867,-0.05,15.89
15.265434108674526,-0.05,15.9
15.266890425235033,-0.05,15.89
15.2683463729918,-0.05,15.91
15.269791528582573,-0.05,15.95
15.271244071424007,-0.04,15.94
15.27270232513547,-0.04,15.97
15.274155043065548,-0.05,15.98
15.275604210793972,-0.05,15.92
15.2770657800138,-0.05,15.94
15.278532769531012,-0.04,16.0
15.279988206923008,-0.04,16.05
15.281433947384357,-0.04,16.09
15.282895289361477,-0.04,16.07
15.284332789480686,-0.04,16.06
15.285799153149128,-0.04,16.02
15.287256833165884,-0.04,16.05
15.288705814629793,-0.05,16.04
15.290157958865166,-0.04,16.0
15.291622325778008,-0.05,16.05
15.293073173612356,-0.04,16.07
15.294532865285873,-0.04,16.07
15.295984238386154,-0.04,16.14
15.297443453222513,-0.05,16.12
15.298893120139837,-0.05,16.13
15.300348106771708,-0.05,16.19
15.301804143935442,-0.04,16.22
15.303259056061506,-0.05,16.23
15.30470933392644,-0.05,16.22
15.306175671517849,-0.05,16.21
15.307627405971289,-0.04,16.25
15.309079799801111,-0.05,16.3
15.310527883470058,-0.05,16.34
15.311986785382032,-0.05,16.36
15.313443087041378,-0.05,16.38
15.314906731247902,-0.05,16.38
15.316356621682644,-0.05,16.42
15.317797977477312,-0.05,16.47
15.319267179816961,-0.05,16.43
15.320716124027967,-0.05,16.47
15.32217201963067,-0.05,16.49
15.323635283857584,-0.05,16.46
15.325086835771799,-0.05,16.46
15.326539732515812,-0.05,16.47
15.3279925622046,-0.05,16.45
15.32944917678833,-0.05,16.49
15.330901820212603,-0.05,16.49
15.332361176609993,-0.05,16.52
15.333818454295397,-0.05,16.53
15.33526960760355,-0.05,16.58
15.336722295731306,-0.05,16.53
15.338178787380457,-0.05,16.54
15.33964702859521,-0.05,16.51
15.34108117967844,-0.05,16.51
15.34253653883934,-0.05,16.5
15.344003651291132,-0.05,16.55
15.345450721681118,-0.05,16.55
15.346907440572977,-0.05,16.65
15.3483583368361,-0.05,16.64
15.349823739379644,-0.05,16.61
15.351269140839577,-0.05,16.59
15.352723684161901,-0.05,16.63
15.354180186986923,-0.05,16.61
15.35563052073121,-0.05,16.6
15.357089314609766,-0.05,16.59
15.358548548072577,-0.05,16.62
15.360002305358648,-0.05,16.64
15.36145019903779,-0.05,16.6
15.362909853458405,-0.05,16.6
15.364369060844183,-0.05,16.6
15.365820705890656,-0.05,16.55
15.36728135868907,-0.05,16.56
15.368732914328575,-0.05,16.63
15.370190687477589,-0.05,16.64
15.371645655483007,-0.05,16.61
15.373091865330935,-0.05,16.6
15.37455602362752,-0.05,16.6
15.376006375998259,-0.05,16.61
15.377456162124872,-0.05,16.65
15.378921784460545,-0.05,16.67
15.380376148968935,-0.05,16.65
15.381823923438787,-0.06,16.63
15.383286103606224,-0.05,16.63
15.384743575006723,-0.05,16.61
15.386197492480278,-0.05,16.59
15.387642536312342,-0.05,16.66
15.389107376337051,-0.05,16.63
15.390554204583168,-0.05,16.64
15.392006535083055,-0.05,16.59
15.39347192645073,-0.05,16.58
15.394922994077206,-0.05,16.7
15.396377500146627,-0.05,16.72
15.397830303758383,-0.05,16.73
15.39928462728858,-0.05,16.68
15.400733016431332,-0.05,16.6
15.402196291834116,-0.05,16.59
15.403654720634222,-0.05,16.59
15.405098099261522,-0.05,16.55
15.406567472964525,-0.05,16.6
15.408024448901415,-0.05,16.69
15.409478280693293,-0.05,16.69
15.410925213247538,-0.05,16.69
15.41237923130393,-0.05,16.7
15.413842752575874,-0.05,16.73
15.415285736322403,-0.05,16.77
15.416730131953955,-0.05,16.73
15.418202463537455,-0.05,16.58
15.419652160257101,-0.05,16.63
15.421116027981043,-0.05,16.73
15.4225636087358,-0.05,16.77
15.424021735787392,-0.05,16.76
15.425471883267164,-0.05,16.76
15.426935762166977,-0.05,16.81
15.428402435034513,-0.05,16.81
15.429840240627527,-0.05,16.77
15.431302089244127,-0.05,16.78
15.432756993919611,-0.05,16.78
15.434201046824455,-0.05,16.76
15.435665249824524,-0.05,16.74
15.437117759138346,-0.05,16.75
15.438567530363798,-0.05,16.71
15.440022852271795,-0.05,16.68
15.441482592374086,-0.05,16.66
15.44294323399663,-0.05,16.75
15.444380432367325,-0.05,16.73
15.445848431438208,-0.05,16.7
15.447305265814066,-0.05,16.71
15.4487493224442,-0.05,16.7
15.450212862342596,-0.05,16.75
15.451668046414852,-0.05,16.75
15.453117076307535,-0.05,16.77
15.454571858048439,-0.05,16.75
15.456025589257479,-0.05,16.72
15.457483667880297,-0.06,16.71
15.458941858261824,-0.05,16.74
15.460397843271494,-0.05,16.71
15.46185913309455,-0.05,16.7
15.463297925889492,-0.05,16.72
15.464757107198238,-0.05,16.72
15.466216143220663,-0.06,16.73
15.467673126608133,-0.05,16.76
15.469127163290977,-0.05,16.73
15.470582157373428,-0.05,16.7
15.472025401890278,-0.05,16.7
15.473496660590172,-0.06,16.74
15.474943548440933,-0.06,16.74
15.47640261426568,-0.06,16.7
15.477853365242481,-0.06,16.68
15.479315117001534,-0.05,16.63
15.480767618864775,-0.06,16.63
15.482222639024258,-0.05,16.68
15.48367765918374,-0.06,16.67
15.485138475894928,-0.06,16.66
15.486584406346083,-0.06,16.63
15.488050423562527,-0.05,16.69
15.489490523934364,-0.05,16.74
15.490947216749191,-0.05,16.71
15.492398798465729,-0.05,16.71
15.493856880813837,-0.05,16.72
15.495317958295345,-0.05,16.71
15.496768899261951,-0.05,16.74
15.498227067291737,-0.05,16.7
15.499688692390919,-0.05,16.66
15.501135725528002,-0.05,16.72
15.50258831307292,-0.05,16.73
15.504040360450745,-0.05,16.73
15.505489468574524,-0.05,16.72
15.506954926997423,-0.05,16.7
15.508407026529312,-0.05,16.68
15.509864892810583,-0.05,16.74
15.511306524276733,-0.05,16.71
15.51277307793498,-0.05,16.71
15.514221619814634,-0.05,16.78
15.515672415494919,-0.05,16.83
15.517144583165646,-0.05,16.78
15.518585070967674,-0.05,16.71
15.52003863081336,-0.05,16.77
15.521496444940567,-0.05,16.84
15.52293736487627,-0.05,16.85
15.524405743926764,-0.05,16.85
15.525852523744106,-0.05,16.9
15.527308445423841,-0.05,16.87
15.528772201389074,-0.05,16.88
15.53021477535367,-0.05,16.89
15.531677018851042,-0.05,16.96
15.533134445548058,-0.05,17.01
15.534577254205942,-0.05,16.97
15.536040101200342,-0.05,17.01
15.53749829530716,-0.05,17.09
15.538941200822592,-0.05,17.1
15.540404047816992,-0.05,17.12
15.541859369724989,-0.05,17.06
15.543315451592207,-0.05,17.07
15.544767368584871,-0.05,17.1
15.54622207581997,-0.05,17.08
15.547664608806372,-0.05,17.09
15.549133647233248,-0.05,17.08
15.55059352889657,-0.05,17.1
15.552043672651052,-0.05,17.13
15.55349912494421,-0.05,17.16
15.554941661655903,-0.05,17.14
15.556407358497381,-0.05,17.1
15.557852372527122,-0.05,17.15
15.559310656040907,-0.05,17.15
15.560777314007282,-0.05,17.1
15.562226355075836,-0.05,17.11
15.563673287630081,-0.05,17.11
15.565133925527334,-0.05,17.11
15.566593032330275,-0.05,17.18
15.568052753806114,-0.05,17.21
15.56948933005333,-0.05,17.19
15.570949491113424,-0.05,17.19
15.572410818189383,-0.05,17.16
15.573866609483957,-0.05,17.17
15.575321305543184,-0.05,17.18
15.57677549123764,-0.05,17.19
15.578221071511507,-0.05,17.24
15.579691030085087,-0.05,17.25
15.581134412437677,-0.05,17.25
15.582592941820621,-0.05,17.32
15.584053304046392,-0.05,17.34
15.585509117692709,-0.05,17.31
15.58695125207305,-0.05,17.21
15.588423393666744,-0.05,17.18
15.589873801916838,-0.05,17.17
15.591322470456362,-0.05,17.21
15.592768158763647,-0.05,17.26
15.594231996685266,-0.05,17.28
15.595672905445099,-0.05,17.27
15.597147393971682,-0.05,17.3
15.59860436245799,-0.05,17.34
15.600056897848845,-0.05,17.36
15.601512156426907,-0.05,17.37
15.602965701371431,-0.05,17.37
15.60441829636693,-0.05,17.32
15.60586367547512,-0.05,17.3
15.607323408126831,-0.05,17.32
15.608779922127724,-0.05,17.36
15.610242433845997,-0.05,17.36
15.611694883555174,-0.05,17.39
15.613136481493711,-0.05,17.37
15.614595144987106,-0.05,17.36
15.616046532988548,-0.05,17.39
15.617518294602633,-0.05,17.41
15.61895551159978,-0.05,17.42
15.620421294122934,-0.05,17.42
15.621870886534452,-0.05,17.45
15.623327065259218,-0.05,17.41
15.624791242182255,-0.05,17.41
15.626231461763382,-0.05,17.4
15.627692647278309,-0.05,17.37
15.629157539457083,-0.05,17.4
15.630607176572084,-0.05,17.48
15.632061779499054,-0.05,17.48
15.633508875966072,-0.05,17.42
15.634962152689695,-0.05,17.49
15.63642267510295,-0.05,17.49
15.637900590896606,-0.05,17.49
15.639334045350552,-0.05,17.45
15.64079026505351,-0.05,17.44
15.642249315977097,-0.05,17.44
15.643696054816246,-0.05,17.48
15.645155739039183,-0.05,17.45
15.646608375012875,-0.05,17.51
15.648061454296112,-0.05,17.55
15.649518869817257,-0.05,17.58
15.650959320366383,-0.05,17.55
15.65241677314043,-0.05,17.57
15.653873141855001,-0.05,17.59
15.655338373035192,-0.05,17.56
15.656795058399439,-0.05,17.58
15.658246021717787,-0.05,17.61
15.659707233309746,-0.05,17.6
15.66114742681384,-0.05,17.61
15.662608958780766,-0.05,17.65
15.664074540138245,-0.05,17.67
15.665520615875721,-0.05,17.63
15.666972253471613,-0.05,17.62
15.668436229228973,-0.05,17.72
15.669892102479935,-0.05,17.69
15.67133965715766,-0.05,17.6
15.672802161425352,-0.05,17.65
15.674242306500673,-0.05,17.7
15.675709087401628,-0.05,17.75
15.677168764173985,-0.05,17.7
15.678620047867298,-0.05,17.63
15.680072493851185,-0.05,17.66
15.681523617357016,-0.05,17.67
15.682982351630926,-0.05,17.69
15.684435799717903,-0.05,17.71
15.685891721397638,-0.05,17.69
15.68734022602439,-0.05,17.66
15.688791420310736,-0.05,17.72
15.690251637250185,-0.05,17.73
15.691701278090477,-0.05,17.72
15.693157479166985,-0.05,17.72
15.694620233029127,-0.05,17.72
15.696079518646002,-0.05,17.76
15.697531875222921,-0.05,17.73
15.698984157294035,-0.05,17.74
15.700443107634783,-0.05,17.69
15.701899219304323,-0.05,17.65
15.703349735587835,-0.05,17.68
15.704800311475992,-0.05,17.65
15.706246268004179,-0.05,17.6
15.707705460488796,-0.05,17.64
15.709156457334757,-0.05,17.68
15.710622627288103,-0.05,17.76
15.712078999727964,-0.05,17.77
15.713524159044027,-0.05,17.76
15.714991636574268,-0.05,17.72
15.716446623206139,-0.05,17.71
15.717900827527046,-0.05,17.72
15.719350419938564,-0.05,17.72
15.720809023827314,-0.05,17.71
15.72224786132574,-0.05,17.71
15.723715294152498,-0.05,17.73
15.725169364362955,-0.05,17.76
15.7266219034791,-0.05,17.78
15.728079568594694,-0.05,17.78
15.729537189006805,-0.05,17.76
15.730986572802067,-0.05,17.75
15.732440177351236,-0.05,17.71
15.733890026807785,-0.05,17.69
15.735345795750618,-0.05,17.72
15.736806500703096,-0.05,17.71
15.738256722688675,-0.05,17.71
15.739721082150936,-0.05,17.72
15.74116875976324,-0.05,17.73
15.742630496621132,-0.05,17.75
15.744080998003483,-0.05,17.71
15.745533913373947,-0.05,17.7
15.746995639055967,-0.05,17.74
15.748439688235521,-0.05,17.72
15.749895587563515,-0.05,17.67
15.751358564943075,-0.05,17.71
15.75280625000596,-0.05,17.71
15.754273846745491,-0.05,17.8
15.755721438676119,-0.05,17.81
15.757182069122791,-0.05,17.73
15.75863816589117,-0.05,17.74
15.760088957846165,-0.05,17.73
15.761535000056028,-0.05,17.73
15.762990277260542,-0.05,17.76
15.76444148644805,-0.05,17.75
15.765919834375381,-0.05,17.75
15.76736406236887,-0.05,17.74
15.768806513398886,-0.05,17.69
15.770277883857489,-0.05,17.63
15.771716061979532,-0.05,17.69
15.773175932466984,-0.05,17.7
15.774629391729832,-0.05,17.65
15.776077888906002,-0.05,17.62
15.777540761977434,-0.05,17.63
15.778995554894209,-0.05,17.65
15.780455823987722,-0.05,17.63
15.781911574304104,-0.05,17.56
15.783370818942785,-0.05,17.55
15.784826260060072,-0.05,17.61
15.786277320235968,-0.05,17.65
15.787732426077127,-0.05,17.71
15.789177607744932,-0.05,17.69
15.79063231498003,-0.05,17.64
15.792089860886335,-0.05,17.63
15.793537858873606,-0.05,17.58
15.795002557337284,-0.05,17.61
15.796448741108179,-0.05,17.59
15.797906953841448,-0.05,17.61
15.799352053552866,-0.05,17.67
15.800802253186703,-0.05,17.58
15.802258864045143,-0.05,17.58
15.803720716387033,-0.05,17.59
15.805171590298414,-0.05,17.6
15.806632697582245,-0.05,17.61
15.808092195540667,-0.05,17.65
15.809540010988712,-0.05,17.55
15.81100670620799,-0.05,17.61
15.812450423836708,-0.05,17.64
15.813914347440004,-0.05,17.58
15.815357573330402,-0.05,17.54
15.81681677699089,-0.05,17.57
15.818276982754469,-0.05,17.55
15.819720514118671,-0.05,17.55
15.821185555309057,-0.05,17.58
15.82263833284378,-0.05,17.53
15.824083529412746,-0.05,17.6
15.825547829270363,-0.05,17.6
15.82700364664197,-0.05,17.53
15.828451342880726,-0.05,17.59
15.829899784177542,-0.05,17.62
15.831360906362534,-0.05,17.54
15.832819409668446,-0.05,17.51
15.83428230509162,-0.05,17.52
15.835734259337187,-0.05,17.56
15.837180953472853,-0.05,17.6
15.838637746870518,-0.05,17.55
15.84008776769042,-0.05,17.51
15.841553285717964,-0.05,17.51
15.842998262494802,-0.05,17.51
15.844465628266335,-0.05,17.53
15.845910087227821,-0.05,17.45
15.847361046820879,-0.05,17.47
15.848822750151157,-0.05,17.48
15.850278425961733,-0.05,17.41
15.851735934615135,-0.05,17.41
15.85319533571601,-0.05,17.42
15.854648064821959,-0.05,17.41
15.856094755232334,-0.05,17.43
15.857553984969854,-0.05,17.47
15.85900828242302,-0.05,17.48
15.860456049442291,-0.05,17.43
15.861915733665228,-0.05,17.45
15.863359227776527,-0.05,17.51
15.864834919571877,-0.05,17.52
15.86627747118473,-0.05,17.45
15.867734532803297,-0.05,17.45
15.869196444749832,-0.05,17.45
15.87065003812313,-0.05,17.42
15.872096836566925,-0.05,17.46
15.8735411465168,-0.05,17.45
15.87501522153616,-0.05,17.36
15.87646296992898,-0.05,17.37
15.877924144268036,-0.05,17.43
15.879371248185635,-0.05,17.37
15.88082630187273,-0.05,17.35
15.882284086197615,-0.05,17.34
15.883747175335884,-0.05,17.36
15.885199766606092,-0.05,17.39
15.886645060032606,-0.05,17.4
15.888102743774652,-0.05,17.44
15.889547258615494,-0.05,17.45
15.891010031104088,-0.05,17.43
15.892469432204962,-0.05,17.42
15.893925119191408,-0.05,17.4
15.895374435931444,-0.05,17.33
15.896829165518284,-0.05,17.32
15.898292817175388,-0.05,17.4
15.899741921573877,-0.05,17.39
15.90119257196784,-0.05,17.38
15.902658745646477,-0.05,17.39
15.904110498726368,-0.05,17.38
15.90556738525629,-0.05,17.38
15.907008349895477,-0.05,17.38
15.908478762954473,-0.05,17.31
15.909931506961584,-0.05,17.32
15.9113978035748,-0.05,17.3
15.912842374294996,-0.05,17.27
15.91428405046463,-0.05,17.27
15.915740504860878,-0.05,17.31
15.917195461690426,-0.05,17.34
15.918660886585712,-0.05,17.31
15.920109193772078,-0.05,17.28
15.921568248420954,-0.05,17.28
15.92302605882287,-0.05,17.3
15.924476090818644,-0.05,17.27
15.925924569368362,-0.05,17.29
15.927377570420504,-0.05,17.3
15.928839813917875,-0.05,17.32
15.93028349801898,-0.05,17.29
15.93174897134304,-0.05,17.27
15.933200020343065,-0.05,17.3
15.934648919850588,-0.05,17.28
15.936113193631172,-0.05,17.33
15.937570787966251,-0.05,17.31
15.939017284661531,-0.05,17.32
15.940484058111906,-0.05,17.29
15.941938012838364,-0.05,17.24
15.943385399878025,-0.05,17.28
15.944844733923674,-0.05,17.27
15.94629792869091,-0.05,17.31
15.94775514677167,-0.05,17.28
15.949198514223099,-0.05,17.29
15.950652789324522,-0.05,17.32
15.952119130641222,-0.05,17.33
15.953573312610388,-0.05,17.32
15.955020930618048,-0.05,17.31
15.956488985568285,-0.05,17.27
15.957942921668291,-0.05,17.32
15.959392953664064,-0.05,17.37
15.960839845240116,-0.05,17.32
15.96229637041688,-0.05,17.31
15.963757663965225,-0.05,17.28
15.965217590332031,-0.05,17.31
15.966670729219913,-0.05,17.33
15.968117762356997,-0.05,17.31
15.969572342932224,-0.05,17.38
15.971026685088873,-0.05,17.35
15.972479231655598,-0.05,17.3
15.97394072636962,-0.05,17.3
15.975400310009718,-0.05,17.26
15.97685607522726,-0.05,17.29
15.978299714624882,-0.05,17.28
15.97975616529584,-0.05,17.32
15.981216322630644,-0.05,17.36
15.982667066156864,-0.05,17.3
15.984125014394522,-0.05,17.34
15.985580671578646,-0.05,17.35
15.987023785710335,-0.05,17.3
15.988495621830225,-0.05,17.33
15.989947501569986,-0.05,17.33
15.991394530981779,-0.05,17.3
15.992859747260809,-0.05,17.31
15.99430913478136,-0.05,17.3
15.995769921690226,-0.05,17.29
15.997231867164373,-0.05,17.31
15.998669847846031,-0.05,17.33
16.000123366713524,-0.05,17.35
16.001588009297848,-0.05,17.32
16.003034744411707,-0.05,17.27
16.00449163466692,-0.05,17.36
16.005947720259428,-0.05,17.36
16.007402278482914,-0.05,17.35
16.008862476795912,-0.05,17.35
16.010311260819435,-0.05,17.34
16.011767383664846,-0.05,17.36
16.013222344219685,-0.05,17.36
16.014672081917524,-0.05,17.38
16.016122218221426,-0.05,17.33
16.017582342028618,-0.05,17.31
16.019047368317842,-0.05,17.39
16.020502865314484,-0.05,17.36
16.02195217087865,-0.05,17.31
16.023401085287333,-0.05,17.25
16.024858575314283,-0.05,17.25
16.026316415518522,-0.05,17.31
16.027762070298195,-0.05,17.36
16.029228378087282,-0.05,17.31
16.030675306916237,-0.05,17.31
16.032125890254974,-0.05,17.32
16.03358131274581,-0.05,17.26
16.035037342458963,-0.05,17.27
16.036499604582787,-0.05,17.23
16.037959165871143,-0.05,17.23
16.03941174969077,-0.05,17.21
16.040857706218958,-0.05,17.19
16.042308397591114,-0.05,17.26
16.04376769065857,-0.05,17.24
16.045226838439703,-0.05,17.25
16.046679813414812,-0.05,17.25
16.048146676272154,-0.05,17.25
16.04957639798522,-0.05,17.23
16.051037330180407,-0.05,17.17
16.052498251199722,-0.05,17.15
16.053954180330038,-0.05,17.19
16.055410761386156,-0.05,17.27
16.05686103925109,-0.05,17.31
16.058308579027653,-0.05,17.29
16.05978076159954,-0.05,17.26
16.0612261146307,-0.05,17.22
16.062690928578377,-0.05,17.22
16.064134147018194,-0.05,17.19
16.065595626831055,-0.05,17.18
16.06705231592059,-0.05,17.16
16.068500369787216,-0.05,17.17
16.069954182952642,-0.05,17.2
16.071411300450563,-0.05,17.14
16.072878155857325,-0.05,17.19
16.074316181242466,-0.05,17.16
16.07578780129552,-0.05,17.1
16.077227503061295,-0.05,17.05
16.07868007943034,-0.05,17.11
16.080131445080042,-0.05,17.16
16.081598941236734,-0.05,17.17
16.08304811269045,-0.05,17.11
16.084510792046785,-0.05,17.1
16.08596494421363,-0.05,17.13
16.087408181279898,-0.05,17.07
16.088866960257292,-0.05,17.13
16.09032705053687,-0.05,17.11
16.091761376708746,-0.05,17.08
16.093242298811674,-0.05,17.09
16.094693545252085,-0.05,17.08
16.09612974897027,-0.05,17.09
16.097599871456623,-0.05,17.0
16.09906078875065,-0.05,17.01
16.100501779466867,-0.05,17.04
16.101965721696615,-0.05,17.01
16.103423714637756,-0.05,17.01
16.104878149926662,-0.05,17.1
16.106323271989822,-0.05,17.08
16.10778947547078,-0.05,17.04
16.109228786081076,-0.05,16.99
16.110690005123615,-0.05,16.96
16.112151950597763,-0.05,17.01
16.113608967512846,-0.05,17.03
16.115053664892912,-0.05,17.03
16.116517938673496,-0.05,17.03
16.117963906377554,-0.05,16.96
16.119423631578684,-0.05,17.03
16.120881885290146,-0.05,17.04
16.12233706563711,-0.05,16.99
16.123789824545383,-0.05,16.97
16.125240702182055,-0.05,16.89
16.126688815653324,-0.05,16.86
16.128150392323732,-0.05,16.95
16.129601687192917,-0.05,16.95
16.13106168806553,-0.05,16.93
16.132521126419306,-0.05,16.95
16.133961465209723,-0.05,16.91
16.135423928499222,-0.05,16.89
16.136870097368956,-0.05,16.89
16.13833874464035,-0.05,16.88
16.139786083251238,-0.05,16.93
16.1412462182343,-0.05,16.94
16.142702478915453,-0.05,16.9
16.144152149558067,-0.05,16.91
16.14559857547283,-0.05,16.92
16.147062849253416,-0.05,16.91
16.148513101041317,-0.05,16.9
16.149976644665003,-0.05,16.93
16.15142258629203,-0.05,16.9
16.152888249605894,-0.05,16.91
16.154338035732508,-0.05,16.95
16.155792087316513,-0.05,16.91
16.15725637599826,-0.05,16.9
16.158705968409777,-0.05,16.88
16.16015939041972,-0.05,16.86
16.161611557006836,-0.05,16.87
16.16306808963418,-0.05,16.87
16.164517492055893,-0.05,16.86
16.16597855091095,-0.05,16.86
16.167418245226145,-0.05,16.83
16.168890364468098,-0.05,16.84
16.170340295881033,-0.05,16.79
16.171788718551397,-0.05,16.8
16.173250306397676,-0.05,16.82
16.17469873651862,-0.05,16.85
16.17616019770503,-0.05,16.89
16.177615333348513,-0.05,16.9
16.179061129689217,-0.05,16.88
16.180537223815918,-0.05,16.85
16.18198285996914,-0.05,16.89
16.183420307934284,-0.05,16.89
16.184890788048506,-0.05,16.86
16.186334047466516,-0.05,16.88
16.187792047858238,-0.05,16.89
16.189249526709318,-0.05,16.88
16.190703310072422,-0.05,16.96
16.192160826176405,-0.05,16.95
16.19361151754856,-0.05,16.87
16.195073802024126,-0.05,16.87
16.196532055735588,-0.05,16.88
16.1979813426733,-0.05,16.87
16.199439473450184,-0.05,16.86
16.200884211808443,-0.05,16.92
16.202347110956907,-0.05,16.89
16.20380610972643,-0.05,16.86
16.205246530473232,-0.05,16.88
16.206716131418943,-0.05,16.88
16.20815832540393,-0.05,16.92
16.21106868609786,-0.05,16.94
16.21253463625908,-0.05,16.87
16.21397678554058,-0.05,16.82
16.21544475480914,-0.05,16.89
16.216899681836367,-0.05,16.87
16.218349505215883,-0.05,16.89
16.21981006488204,-0.05,16.95
16.221251223236322,-0.05,16.87
16.222710132598877,-0.05,16.89
16.224160194396973,-0.05,16.86
16.225611805915833,-0.05,16.93
16.22708598524332,-0.05,16.97
16.22853247076273,-0.05,16.97
16.229987863451242,-0.05,16.91
16.23144095018506,-0.05,16.88
16.232900392264128,-0.05,16.89
16.234348259866238,-0.05,16.93
16.235807098448277,-0.05,16.96
16.237269539386034,-0.05,16.94
16.238709706813097,-0.05,16.95
16.24017495661974,-0.05,16.91
16.241621155291796,-0.05,16.9
16.243080031126738,-0.05,16.99
16.244535997509956,-0.05,16.97
16.245985832065344,-0.05,16.91
16.247448567301035,-0.05,16.92
16.24889985844493,-0.05,16.93
16.250345215201378,-0.05,16.9
16.25181159377098,-0.05,16.93
16.253264352679253,-0.05,16.91
16.25471317395568,-0.05,16.89
16.256175376474857,-0.05,16.87
16.257627800107002,-0.05,16.95
16.259078186005354,-0.05,17.0
16.260544680058956,-0.05,16.96
16.26198671385646,-0.05,16.86
16.263441558927298,-0.05,16.9
16.264897033572197,-0.05,16.97
16.266368582844734,-0.05,17.02
16.267814833670855,-0.05,16.97
16.269265733659267,-0.05,16.91
16.27071864902973,-0.05,16.98
16.272178146988153,-0.05,16.99
16.27362920343876,-0.05,17.0
16.275084644556046,-0.05,17.0
16.27653918042779,-0.05,16.96
16.27799478545785,-0.05,16.99
16.27944166585803,-0.05,17.04
16.280903842300177,-0.05,17.06
16.28234063088894,-0.05,17.01
16.283791922032833,-0.05,17.01
16.285259798169136,-0.05,17.03
16.28671496734023,-0.05,17.04
16.288159511983395,-0.05,17.03
16.289628349244595,-0.05,16.98
16.291073005646467,-0.05,16.98
16.292538795620203,-0.05,16.99
16.29399546980858,-0.05,17.05
16.29544237628579,-0.05,17.03
16.296891551464796,-0.05,17.03
16.298359390348196,-0.05,17.03
16.299802497029305,-0.05,17.02
16.30126566439867,-0.05,17.02
16.302706606686115,-0.05,16.97
16.304171308875084,-0.05,17.01
16.305626694113016,-0.05,17.03
16.3070724979043,-0.05,17.04
16.308545116335154,-0.05,17.1
16.30998445302248,-0.05,17.09
16.31144705042243,-0.05,17.05
16.31290304660797,-0.05,17.09
16.314358863979578,-0.05,17.09
16.315809939056635,-0.05,17.06
16.317258346825838,-0.05,17.06
16.31871497631073,-0.05,17.08
16.320181153714657,-0.05,17.15
16.32163004204631,-0.05,17.15
16.323077276349068,-0.05,17.13
16.324543729424477,-0.05,17.16
16.32598814740777,-0.05,17.12
16.327442456036806,-0.05,17.1
16.32890260964632,-0.05,17.12
16.330365002155304,-0.05,17.09
16.331812847405672,-0.05,17.1
16.33325855433941,-0.05,17.08
16.334717974066734,-0.05,17.12
16.336171131581068,-0.05,17.21
16.337636094540358,-0.05,17.19
16.339086018502712,-0.05,17.13
16.340547397732735,-0.05,17.11
16.34199282154441,-0.05,17.21
16.343446254730225,-0.05,17.17
16.3449111841619,-0.05,17.19
16.346360623836517,-0.05,17.17
16.347810868173838,-0.05,17.17
16.34927088022232,-0.05,17.2
16.350714433938265,-0.05,17.16
16.352190613746643,-0.05,17.19
16.353642120957375,-0.05,17.18
16.355091840028763,-0.05,17.16
16.356546938419342,-0.05,17.24
16.35799913108349,-0.05,17.25
16.35945112258196,-0.05,17.2
16.360901698470116,-0.05,17.22
16.362353701144457,-0.05,17.26
16.36381170153618,-0.05,17.27
16.365269850939512,-0.05,17.27
16.366732239723206,-0.05,17.27
16.368177700787783,-0.05,17.23
16.369642909616232,-0.05,17.21
16.37108675390482,-0.05,17.23
16.37254474312067,-0.05,17.28
16.374003905802965,-0.05,17.28
16.375454183667898,-0.05,17.31
16.37691079080105,-0.05,17.31
16.378370463848114,-0.05,17.34
16.379830077290535,-0.05,17.34
16.38127240538597,-0.05,17.31
16.382736321538687,-0.05,17.3
16.384186189621687,-0.05,17.32
16.385634683072567,-0.05,17.34
16.387102495878935,-0.05,17.34
16.388549458235502,-0.05,17.36
16.39000516757369,-0.05,17.34
16.391464360058308,-0.05,17.34
16.392918672412634,-0.05,17.34
16.394363578408957,-0.05,17.35
16.39582046493888,-0.05,17.31
16.39728605374694,-0.05,17.32
16.398735620081425,-0.05,17.35
16.400190450251102,-0.05,17.38
16.40163892880082,-0.05,17.39
16.40308667719364,-0.05,17.35
16.40454986691475,-0.05,17.38
16.406006023287773,-0.05,17.38
16.407466609030962,-0.05,17.4
16.40890922769904,-0.05,17.38
16.41036733239889,-0.05,17.34
16.411833472549915,-0.05,17.34
16.413274943828583,-0.05,17.36
16.41474112868309,-0.05,17.37
16.416192688047886,-0.05,17.31
16.41763262823224,-0.05,17.34
16.419093001633883,-0.05,17.38
16.42055270820856,-0.05,17.35
16.422008395195007,-0.05,17.33
16.423456348478794,-0.05,17.35
16.42491640150547,-0.05,17.4
16.42638048902154,-0.05,17.44
16.42782187461853,-0.05,17.42
16.429281916469336,-0.05,17.42
16.430736429989338,-0.05,17.45
16.432201106101274,-0.05,17.44
16.433637466281652,-0.05,17.39
16.435105461627245,-0.05,17.38
16.436560545116663,-0.05,17.38
16.43799900636077,-0.05,17.37
16.439468897879124,-0.05,17.46
16.440924290567636,-0.05,17.43
16.442372232675552,-0.05,17.37
16.443828471004963,-0.05,17.38
16.44528029859066,-0.05,17.4
16.446753945201635,-0.05,17.44
16.44818989187479,-0.05,17.44
16.449650812894106,-0.05,17.42
16.451103072613478,-0.05,17.42
16.45255098864436,-0.05,17.43
16.454017240554094,-0.05,17.44
16.45547790452838,-0.05,17.43
16.456921573728323,-0.05,17.46
16.458374049514532,-0.05,17.43
16.45983151346445,-0.05,17.37
16.461282558739185,-0.05,17.39
16.462739642709494,-0.05,17.44
16.464193131774664,-0.05,17.43
16.465643614530563,-0.05,17.42
16.467105373740196,-0.05,17.4
16.468554340302944,-0.05,17.41
16.470012985169888,-0.05,17.45
16.471472274512053,-0.05,17.47
16.472929917275906,-0.05,17.49
16.474381919950247,-0.05,17.55
16.475826032459736,-0.05,17.5
16.47729190811515,-0.05,17.45
16.478744473308325,-0.05,17.46
16.480195209383965,-0.05,17.48
16.481644224375486,-0.05,17.42
16.483104653656483,-0.05,17.38
16.484557565301657,-0.05,17.43
16.48601295053959,-0.05,17.46
16.487474095076323,-0.05,17.44
16.488926839083433,-0.05,17.44
16.49037128686905,-0.05,17.51
16.4918358810246,-0.05,17.54
16.49329086393118,-0.05,17.5
16.49474396929145,-0.05,17.46
16.496194753795862,-0.05,17.4
16.497653052210808,-0.05,17.4
16.499114971607924,-0.05,17.43
16.500563506036997,-0.05,17.43
16.502004962414503,-0.05,17.46
16.503468453884125,-0.05,17.53
16.5049364939332,-0.05,17.54
16.506390057504177,-0.05,17.52
16.507837016135454,-0.05,17.49
16.509298000484705,-0.05,17.47
16.510744217783213,-0.05,17.53
16.512198638170958,-0.05,17.51
16.513666212558746,-0.05,17.44
16.515114083886147,-0.05,17.43
16.516558602452278,-0.05,17.44
16.518027789890766,-0.05,17.43
16.51946882531047,-0.05,17.48
16.52092820033431,-0.05,17.45
16.52239127084613,-0.05,17.38
16.523834493011236,-0.05,17.37
16.525292340666056,-0.05,17.37
16.52673927694559,-0.05,17.41
16.528196301311255,-0.05,17.43
16.529658414423466,-0.05,17.42
16.531103506684303,-0.05,17.37
16.532562259584665,-0.05,17.38
16.534027978777885,-0.05,17.38
16.535475958138704,-0.05,17.39
16.53693925961852,-0.05,17.38
16.538388311862946,-0.05,17.38
16.539846189320087,-0.05,17.4
16.54129782319069,-0.05,17.41
16.5427428111434,-0.05,17.41
16.54419994354248,-0.05,17.42
16.545661456882954,-0.05,17.39
16.54712711647153,-0.05,17.43
16.54857537895441,-0.05,17.43
16.550030931830406,-0.05,17.43
16.551481761038303,-0.05,17.36
16.552939999848604,-0.05,17.39
16.554380256682634,-0.05,17.45
16.555849976837635,-0.05,17.48
16.557294841855764,-0.05,17.44
16.558751728385687,-0.05,17.47
16.560215279459953,-0.05,17.48
16.561667893081903,-0.05,17.45
16.563122782856226,-0.05,17.39
16.564580596983433,-0.05,17.48
16.566034521907568,-0.05,17.49
16.567486483603716,-0.05,17.49
16.568939596414566,-0.05,17.52
16.57038689404726,-0.05,17.55
16.571843829005957,-0.05,17.53
16.5732927583158,-0.05,17.54
16.574749018996954,-0.05,17.53
16.57620484381914,-0.05,17.54
16.577660959213972,-0.05,17.57
16.579110126942396,-0.05,17.57
16.580567453056574,-0.05,17.56
16.58203224092722,-0.05,17.55
16.583474814891815,-0.05,17.58
16.584934916347265,-0.05,17.63
16.586379762738943,-0.05,17.54
16.58783946558833,-0.05,17.56
16.589289627969265,-0.05,17.61
16.59074991568923,-0.05,17.56
16.592196878045797,-0.05,17.56
16.593652699142694,-0.05,17.55
16.59511638432741,-0.05,17.49
16.59657159820199,-0.05,17.53
16.598003886640072,-0.05,17.57
16.599471285939217,-0.05,17.61
16.600931879132986,-0.05,17.63
16.602386511862278,-0.05,17.61
16.603845700621605,-0.05,17.57
16.6052983738482,-0.05,17.55
16.6067488566041,-0.05,17.63
16.6081979945302,-0.05,17.59
16.60965635254979,-0.05,17.61
16.61111279577017,-0.05,17.6
16.612568501383066,-0.05,17.59
16.614009872078896,-0.05,17.62
16.615478947758675,-0.05,17.62
16.616936042904854,-0.05,17.61
16.618382085114717,-0.05,17.57
16.61983173713088,-0.05,17.62
16.621304474771023,-0.05,17.69
16.622746258974075,-0.05,17.69
16.62420881167054,-0.05,17.67
16.625652965158224,-0.05,17.66
16.62712289020419,-0.05,17.6
16.628572538495064,-0.05,17.62
16.630017552524805,-0.05,17.66
16.631478045135736,-0.05,17.69
16.632928490638733,-0.05,17.65
16.63439602404833,-0.05,17.64
16.635833758860826,-0.05,17.71
16.637298304587603,-0.05,17.75
16.638758681714535,-0.05,17.72
16.64020249992609,-0.05,17.69
16.64166770502925,-0.05,17.69
16.643113985657692,-0.05,17.74
16.644569769501686,-0.05,17.71
16.64603492617607,-0.05,17.74
16.647484719753265,-0.05,17.79
16.648936063051224,-0.05,17.85
16.650402322411537,-0.05,17.83
16.651840895414352,-0.05,17.77
16.653293173760176,-0.05,17.74
16.654756773263216,-0.05,17.78
16.65620095655322,-0.05,17.79
16.657670941203833,-0.05,17.79
16.659113314002752,-0.05,17.84
16.660573448985815,-0.05,17.9
16.662035431712866,-0.05,17.89
16.663488801568747,-0.05,17.84
16.66493859142065,-0.05,17.81
16.66638784110546,-0.05,17.84
16.667841363698244,-0.05,17.87
16.66930467635393,-0.05,17.94
16.67076088488102,-0.05,18.01
16.672211073338985,-0.05,17.97
16.67366787791252,-0.05,17.94
16.675121139734983,-0.05,17.91
16.676580596715212,-0.05,17.94
16.678035970777273,-0.05,17.96
16.679490692913532,-0.05,17.96
16.680931013077497,-0.05,17.96
16.682385981082916,-0.05,17.93
16.683845326304436,-0.05,17.94
16.685293346643448,-0.05,18.0
16.68675084412098,-0.05,18.0
16.68821456283331,-0.05,17.97
16.689660489559174,-0.05,18.0
16.691128104925156,-0.05,18.02
16.692575719207525,-0.05,18.06
16.694037064909935,-0.05,18.09
16.695486903190613,-0.05,18.04
16.696936525404453,-0.05,18.0
16.69839598238468,-0.05,18.03
16.69985368102789,-0.05,18.08
16.701306235045195,-0.05,18.09
16.702748108655214,-0.05,18.11
16.704225547611713,-0.05,18.06
16.705669477581978,-0.05,18.05
16.707125276327133,-0.05,18.11
16.708572033792734,-0.05,18.08
16.710037756711245,-0.05,18.08
16.711485747247934,-0.05,18.15
16.71294879540801,-0.05,18.17
16.714397612959146,-0.05,18.11
16.71585264056921,-0.05,18.1
16.717295192182064,-0.05,18.09
16.718765176832676,-0.05,18.11
16.720219399780035,-0.05,18.14
16.72167606279254,-0.05,18.15
16.723121881484985,-0.05,18.15
16.72458429262042,-0.05,18.17
16.72603526711464,-0.05,18.17
16.72747439146042,-0.05,18.24
16.72895011305809,-0.05,18.27
16.730394914746284,-0.05,18.17
16.731855414807796,-0.05,18.14
16.733300406485796,-0.05,18.16
16.734748248010874,-0.05,18.2
16.73622116819024,-0.05,18.22
16.737671591341496,-0.05,18.19
16.73912525177002,-0.05,18.22
16.740577321499586,-0.05,18.3
16.74203910678625,-0.05,18.27
16.743490625172853,-0.05,18.23
16.744932755827904,-0.05,18.11
16.746402245014906,-0.05,18.17
16.747848514467478,-0.05,18.23
16.749304734170437,-0.05,18.2
16.750763162970543,-0.05,18.2
16.75221885740757,-0.05,18.19
16.75367432832718,-0.05,18.22
16.75511696189642,-0.05,18.2
16.756572145968676,-0.05,18.14
16.7580359056592,-0.06,18.15
16.75949390232563,-0.05,18.14
16.76093517243862,-0.05,18.17
16.762393604964018,-0.05,18.21
16.763851404190063,-0.06,18.15
16.765301533043385,-0.06,18.11
16.76676118373871,-0.06,18.13
16.768205508589745,-0.05,18.12
16.76966117694974,-0.05,18.07
16.771121885627508,-0.05,18.08
16.772570356726646,-0.05,18.12
16.77401940152049,-0.06,18.13
16.775471594184637,-0.06,18.13
16.77693410217762,-0.06,18.16
16.778380285948515,-0.06,18.15
16.77983934059739,-0.06,18.11
16.781292121857405,-0.06,18.07
16.782751064747572,-0.06,18.11
16.784188345074654,-0.06,18.11
16.785661030560732,-0.06,18.08
16.787160970270634,-0.06,18.04
16.78856945410371,-0.06,18.03
16.790007796138525,-0.06,18.07
16.791481778025627,-0.06,18.07
16.792932655662298,-0.06,18.05
16.7943771854043,-0.06,18.05
16.795840367674828,-0.06,18.07
16.79728878289461,-0.06,18.1
16.798752151429653,-0.06,18.11
16.800206784158945,-0.06,18.11
16.80166443064809,-0.06,18.1
16.803111538290977,-0.06,18.14
16.80456569045782,-0.06,18.14
16.80602104216814,-0.06,18.13
16.807473108172417,-0.06,18.14
16.8089210242033,-0.06,18.13
16.81038572266698,-0.06,18.07
16.811843432486057,-0.06,18.06
16.81329993531108,-0.06,18.07
16.814751226454973,-0.06,18.02
16.816210821270943,-0.06,18.04
16.817665733397007,-0.06,18.03
16.819114685058594,-0.06,17.98
16.820572685450315,-0.06,17.98
16.822014179080725,-0.06,18.0
16.8234783411026,-0.06,17.98
16.8249335847795,-0.06,17.93
16.826383847743273,-0.06,17.91
16.827840361744165,-0.06,17.93
16.829290844500065,-0.06,17.85
16.830746553838253,-0.06,17.88
16.83220286667347,-0.06,17.88
16.83366784825921,-0.06,17.84
16.83511335402727,-0.06,17.89
16.83656883984804,-0.06,17.87
16.83801408857107,-0.06,17.84
16.839481260627508,-0.06,17.84
16.840941455215216,-0.06,17.84
16.84238552674651,-0.06,17.87
16.843841578811407,-0.06,17.87
16.845304135233164,-0.06,17.88
16.846757128834724,-0.06,17.94
16.848205909132957,-0.06,17.95
16.84966203942895,-0.06,17.91
16.851123116910458,-0.06,17.89
16.852577827870846,-0.06,17.83
16.854033801704645,-0.06,17.81
16.855484791100025,-0.06,17.86
16.856949903070927,-0.06,17.84
16.85838670283556,-0.06,17.78
16.85984291508794,-0.06,17.78
16.861300114542246,-0.06,17.75
16.862753253430128,-0.06,17.81
16.86420778185129,-0.06,17.81
16.86567409336567,-0.06,17.73
16.867118675261736,-0.06,17.78
16.86857046931982,-0.06,17.79
16.870037902146578,-0.06,17.76
16.87148829177022,-0.06,17.77
16.87293241918087,-0.06,17.78
16.87438690289855,-0.06,17.8
16.875841811299324,-0.06,17.77
16.877307575196028,-0.06,17.78
16.878765128552914,-0.06,17.8
16.880210265517235,-0.06,17.79
16.88167103379965,-0.06,17.72
16.883122891187668,-0.06,17.7
16.88457588851452,-0.06,17.73
16.88604113459587,-0.06,17.75
16.88748912513256,-0.06,17.72
16.8889405913651,-0.06,17.69
16.890395153313875,-0.06,17.76
16.89184958860278,-0.06,17.78
16.893313966691494,-0.06,17.73
16.894753105938435,-0.06,17.68
16.896225571632385,-0.06,17.72
16.897661730647087,-0.06,17.76
16.89912949874997,-0.06,17.81
16.9005857296288,-0.06,17.74
16.902039673179388,-0.06,17.74
16.90349728986621,-0.06,17.75
16.90493832156062,-0.06,17.7
16.906403701752424,-0.06,17.76
16.907858848571777,-0.06,17.73
16.90930124372244,-0.06,17.66
16.910762935876846,-0.06,17.55
16.912210520356894,-0.06,17.59
16.91366921365261,-0.06,17.61
16.91511733084917,-0.06,17.64
16.916576117277145,-0.06,17.62
16.918016362935305,-0.06,17.64
16.919484447687864,-0.06,17.65
16.920932613313198,-0.06,17.65
16.92239760234952,-0.06,17.57
16.923847928643227,-0.06,17.57
16.92530868574977,-0.06,17.54
16.926775377243757,-0.06,17.48
16.928221475332975,-0.06,17.5
16.92967887967825,-0.06,17.55
16.93113636597991,-0.06,17.56
16.93258073553443,-0.06,17.49
16.9340381026268,-0.06,17.48
16.93549359217286,-0.06,17.46
16.936936162412167,-0.06,17.47
16.9384014159441,-0.06,17.41
16.939847871661186,-0.06,17.46
16.94131214171648,-0.06,17.46
16.94276000931859,-0.06,17.4
16.944226909428835,-0.06,17.43
16.945673886686563,-0.06,17.41
16.94712994992733,-0.06,17.38
16.94858293607831,-0.06,17.34
16.950043562799692,-0.06,17.36
16.951495297253132,-0.06,17.33
16.95295177027583,-0.06,17.39
16.954399842768908,-0.06,17.39
16.955857504159212,-0.06,17.34
16.957317747175694,-0.06,17.32
16.958768848329782,-0.06,17.32
16.96022605895996,-0.06,17.3
16.961672827601433,-0.05,17.29
16.963132590055466,-0.06,17.27
16.964584685862064,-0.06,17.22
16.966040804982185,-0.06,17.2
16.96749285981059,-0.06,17.31
16.96894659474492,-0.06,17.36
16.970406271517277,-0.06,17.35
16.971856616437435,-0.06,17.28
16.97331826388836,-0.06,17.25
16.974768456071615,-0.06,17.21
16.97623061016202,-0.06,17.21
16.977685272693634,-0.06,17.27
16.979134924709797,-0.06,17.28
16.98058272898197,-0.06,17.23
16.98203757405281,-0.06,17.2
16.983508050441742,-0.06,17.18
16.984953109174967,-0.06,17.22
16.98640689626336,-0.06,17.18
16.987866815179586,-0.06,17.14
16.98930686339736,-0.06,17.19
16.990774389356375,-0.06,17.16
16.992225900292397,-0.06,17.13
16.99367593601346,-0.05,17.22
16.99514750391245,-0.05,17.28
16.996597710996866,-0.06,17.25
16.998052179813385,-0.06,17.25
16.999502509832382,-0.06,17.28
17.000950288027525,-0.06,17.3
17.002414852380753,-0.06,17.25
17.003860615193844,-0.06,17.32
17.00531216338277,-0.06,17.36
17.006767243146896,-0.06,17.35
17.008235212415457,-0.06,17.31
17.009682156145573,-0.06,17.29
17.01114260777831,-0.05,17.27
17.01259208843112,-0.05,17.25
17.014040380716324,-0.05,17.29
17.015501599758863,-0.05,17.27
17.016959737986326,-0.06,17.3
17.018409922719,-0.06,17.31
17.019860468804836,-0.06,17.28
17.021327320486307,-0.06,17.31
17.022757302969694,-0.06,17.29
17.024233497679234,-0.06,17.37
17.02568643912673,-0.06,17.33
17.02713456377387,-0.06,17.22
17.028588332235813,-0.06,17.23
17.03004301711917,-0.06,17.34
17.031506456434727,-0.06,17.3
17.032943967729807,-0.06,17.26
17.034409511834383,-0.06,17.23
17.0358584523201,-0.06,17.25
17.037327501922846,-0.06,17.29
17.038770653307438,-0.06,17.3
17.040230832993984,-0.06,17.28
17.041687611490488,-0.06,17.29
17.04314013198018,-0.06,17.25
17.044603303074837,-0.06,17.29
17.046047754585743,-0.06,17.28
17.04750520735979,-0.06,17.31
17.04894659295678,-0.06,17.33
17.050416622310877,-0.06,17.28
17.051864992827177,-0.06,17.27
17.05332687497139,-0.06,17.23
17.054777838289738,-0.06,17.24
17.056226532906294,-0.06,17.23
17.057688873261213,-0.06,17.22
17.059142272919416,-0.06,17.25
17.060592025518417,-0.06,17.24
17.062061417847872,-0.06,17.22
17.063503120094538,-0.06,17.19
17.064964700490236,-0.06,17.22
17.06642072275281,-0.06,17.21
17.067870151251554,-0.06,17.17
17.06933183595538,-0.06,17.21
17.07078066840768,-0.06,17.26
17.072229646146297,-0.06,17.29
17.07368439435959,-0.06,17.36
17.075134299695492,-0.06,17.36
17.076599288731813,-0.06,17.31
17.078058388084173,-0.05,17.25
17.079513676464558,-0.06,17.2
17.080969482660294,-0.06,17.23
17.082425214350224,-0.05,17.22
17.083862222731113,-0.05,17.16
17.085328932851553,-0.05,17.2
17.08677578344941,-0.05,17.24
17.08823676034808,-0.06,17.19
17.08968536183238,-0.05,17.19
17.091146547347307,-0.05,17.19
17.092602651566267,-0.05,17.23
17.094048004597425,-0.05,17.19
17.095513716340065,-0.05,17.19
17.09696474671364,-0.05,17.2
17.09841299802065,-0.05,17.17
17.099879380315542,-0.05,17.16
17.10131222382188,-0.05,17.22
17.10278419777751,-0.05,17.16
17.1042300760746,-0.05,17.12
17.105687752366066,-0.05,17.1
17.107145868241787,-0.05,17.14
17.10860049724579,-0.05,17.09
17.110061179846525,-0.05,17.09
17.11150586977601,-0.05,17.12
17.112977366894484,-0.05,17.19
17.114416621625423,-0.05,17.18
17.115866411477327,-0.05,17.12
17.117329638451338,-0.05,17.06
17.11878727376461,-0.05,17.02
17.120242796838284,-0.05,17.01
17.121687177568674,-0.05,17.05
17.123153768479824,-0.05,17.07
17.12460581958294,-0.05,17.06
17.12606032937765,-0.05,17.05
17.127500887960196,-0.05,17.03
17.128972981125116,-0.05,17.04
17.130423188209534,-0.06,16.98
17.13187477737665,-0.05,16.95
17.133335318416357,-0.06,16.96
17.13478909805417,-0.06,17.01
17.136238537728786,-0.05,16.94
17.137706834822893,-0.05,16.94
17.139153886586428,-0.05,16.93
17.14059889316559,-0.05,16.92
17.142051823437214,-0.06,16.95
17.143517196178436,-0.06,16.95
17.14497386291623,-0.06,16.94
17.14642807468772,-0.05,16.91
17.147876355797052,-0.05,16.89
17.149335861206055,-0.05,16.9
17.150794077664614,-0.06,16.92
17.15224799513817,-0.05,16.9
17.153703782707453,-0.06,16.91
17.15514886379242,-0.06,16.91
17.156608387827873,-0.06,16.95
17.158064637333155,-0.05,16.94
17.15950834751129,-0.05,16.85
17.160974241793156,-0.05,16.81
17.162431236356497,-0.06,16.84
17.16388450935483,-0.05,16.85
17.165335673838854,-0.05,16.9
17.1667882502079,-0.05,16.88
17.168247804045677,-0.05,16.92
17.169706415385008,-0.05,16.93
17.17114720493555,-0.05,16.89
17.17260802909732,-0.05,16.88
17.174065090715885,-0.05,16.84
17.17552663013339,-0.05,16.84
17.17696848884225,-0.05,16.85
17.17843796685338,-0.05,16.86
17.17987935617566,-0.05,16.87
17.181339502334595,-0.05,16.83
17.182794515043497,-0.05,16.81
17.184250120073557,-0.05,16.79
17.185703177005053,-0.05,16.84
17.187161702662706,-0.05,16.84
17.188610438257456,-0.05,16.84
17.190072033554316,-0.05,16.92
17.19151698052883,-0.05,16.9
17.19297967106104,-0.05,16.89
17.194434702396393,-0.05,16.9
17.195880141109228,-0.05,16.85
17.19733391329646,-0.05,16.82
17.198795404285192,-0.05,16.85
17.200249429792166,-0.05,16.88
17.20170971751213,-0.05,16.84
17.20316009223461,-0.05,16.82
17.204602897167206,-0.05,16.85
17.206066202372313,-0.05,16.8
17.207528300583363,-0.05,16.78
17.20897488668561,-0.05,16.83
17.2104337438941,-0.05,16.84
17.211886927485466,-0.05,16.83
17.213337883353233,-0.05,16.75
17.214796382933855,-0.05,16.75
17.2162458114326,-0.05,16.86
17.217702388763428,-0.05,16.8
17.219166353344917,-0.05,16.75
17.22060963511467,-0.05,16.79
17.222073391079903,-0.05,16.87
17.223527137190104,-0.05,16.85
17.224978137761354,-0.05,16.82
17.226436514407396,-0.05,16.82
17.227896612137556,-0.05,16.79
17.229348577558994,-0.05,16.81
17.23080078139901,-0.05,16.83
17.232257563620806,-0.05,16.79
17.233708694577217,-0.05,16.78
17.23515982925892,-0.05,16.79
17.236623652279377,-0.05,16.79
17.23808028921485,-0.05,16.77
17.23952578380704,-0.05,16.81
17.240983959287405,-0.05,16.81
17.24244211241603,-0.05,16.81
17.243898160755634,-0.05,16.84
17.24534261971712,-0.05,16.85
17.246794544160366,-0.05,16.84
17.248262092471123,-0.05,16.8
17.249714825302362,-0.05,16.82
17.251169301569462,-0.05,16.83
17.25262711942196,-0.05,16.78
17.254066478461027,-0.05,16.79
17.255539420992136,-0.05,16.84
17.256981197744608,-0.05,16.83
17.25843884050846,-0.05,16.85
17.25989170372486,-0.05,16.84
17.261341113597155,-0.06,16.77
17.26280253753066,-0.05,16.71
17.264256853610277,-0.05,16.7
17.2657177336514,-0.05,16.64
17.26716798916459,-0.05,16.71
17.268627431243658,-0.05,16.78
17.270064033567905,-0.05,16.77
17.27153743430972,-0.05,16.74
17.2729804366827,-0.05,16.78
17.274433609098196,-0.05,16.72
17.27589885517955,-0.05,16.7
17.277342412620783,-0.05,16.68
17.278808560222387,-0.05,16.72
17.280267480760813,-0.05,16.69
17.28171280398965,-0.05,16.67
17.283163081854582,-0.05,16.68
17.284626334905624,-0.05,16.72
17.28607838973403,-0.05,16.67
17.28753551095724,-0.05,16.67
17.288988672196865,-0.05,16.69
17.290442045778036,-0.05,16.73
17.291898477822542,-0.05,16.74
17.293356116861105,-0.05,16.77
17.294806245714426,-0.05,16.7
17.296261355280876,-0.05,16.69
17.297709438949823,-0.05,16.65
17.29917284846306,-0.05,16.67
17.30062934756279,-0.05,16.68
17.30208632722497,-0.05,16.67
17.303540837019682,-0.05,16.7
17.304982014000416,-0.05,16.75
17.306453105062246,-0.05,16.76
17.307893957942724,-0.05,16.73
17.30935600027442,-0.05,16.71
17.31080039218068,-0.05,16.71
17.31226373463869,-0.05,16.75
17.313721161335707,-0.05,16.73
17.315176028758287,-0.05,16.7
17.316623877733946,-0.05,16.74
17.318087194114923,-0.05,16.71
17.319526828825474,-0.05,16.74
17.3209986127913,-0.05,16.74
17.32245684042573,-0.05,16.76
17.323898676782846,-0.05,16.7
17.325347870588303,-0.05,16.65
17.32680005580187,-0.05,16.63
17.3282657712698,-0.05,16.64
17.32971226796508,-0.05,16.56
17.331159330904484,-0.05,16.64
17.332639068365097,-0.05,16.62
17.33408385887742,-0.05,16.61
17.33554007485509,-0.05,16.6
17.336992263793945,-0.05,16.55
17.338445093482733,-0.05,16.52
17.339903738349676,-0.05,16.63
17.341358620673418,-0.05,16.63
17.34281388670206,-0.05,16.59
17.34426400065422,-0.05,16.6
17.34572483599186,-0.05,16.58
17.347180604934692,-0.05,16.54
17.348632261157036,-0.05,16.55
17.350088346749544,-0.05,16.53
17.351540591567755,-0.05,16.46
17.352984081953764,-0.05,16.47
17.35444352775812,-0.05,16.49
17.35589913651347,-0.05,16.49
17.35735096409917,-0.05,16.46
17.358813237398863,-0.05,16.47
17.360261656343937,-0.05,16.48
17.361717481166124,-0.05,16.52
17.36318190395832,-0.05,16.46
17.364628169685602,-0.05,16.39
17.36608588695526,-0.05,16.43
17.36754634976387,-0.05,16.38
17.368996117264032,-0.05,16.37
17.370451003313065,-0.05,16.38
17.371892508119345,-0.05,16.36
17.373366493731737,-0.05,16.33
17.374818071722984,-0.05,16.29
17.376265674829483,-0.05,16.28
17.377720490098,-0.05,16.33
17.379171799868345,-0.05,16.31
17.380630113184452,-0.05,16.3
17.38208730891347,-0.05,16.24
17.383542343974113,-0.05,16.28
17.384994074702263,-0.05,16.25
17.386445846408606,-0.05,16.24
17.387893971055746,-0.05,16.27
17.389365147799253,-0.05,16.32
17.390808299183846,-0.05,16.33
17.392271667718887,-0.05,16.34
17.393723770976067,-0.05,16.31
17.395180702209473,-0.05,16.32
17.396626446396112,-0.06,16.33
17.398089561611414,-0.05,16.25
17.399547342211008,-0.05,16.27
17.400997318327427,-0.05,16.25
17.40244349464774,-0.05,16.22
17.403893135488033,-0.05,16.25
17.40536354109645,-0.05,16.24
17.40681267529726,-0.05,16.27
17.408258326351643,-0.05,16.21
17.409739207476377,-0.05,16.22
17.411177441477776,-0.05,16.21
17.412634510546923,-0.05,16.18
17.414098884910345,-0.05,16.21
17.41554205492139,-0.05,16.2
17.417001329362392,-0.05,16.15
17.418462831526995,-0.05,16.15
17.41990514099598,-0.05,16.22
17.421361546963453,-0.05,16.22
17.422821920365095,-0.05,16.17
17.424276631325483,-0.05,16.19
17.425730030983686,-0.05,16.21
17.42718629911542,-0.05,16.16
17.428633857518435,-0.05,16.18
17.430084832012653,-0.05,16.12
17.431542992591858,-0.05,16.13
17.432994045317173,-0.05,16.19
17.434456262737513,-0.06,16.18
17.435893177986145,-0.05,16.08
17.437365163117647,-0.05,16.04
17.438816905021667,-0.05,16.06
17.440269608050585,-0.05,16.03
17.441727854311466,-0.05,16.01
17.443195957690477,-0.05,16.02
17.44462951272726,-0.05,16.06
17.446087516844273,-0.05,16.06
17.447545267641544,-0.05,16.08
17.449007607996464,-0.05,16.03
17.450463980436325,-0.05,16.0
17.45193988457322,-0.05,16.02
17.453367955982685,-0.06,16.03
17.454814542084932,-0.05,16.01
17.45627600327134,-0.05,15.94
17.457731246948242,-0.05,15.95
17.459182806313038,-0.05,16.0
17.4606412909925,-0.05,15.94
17.462088223546743,-0.05,15.91
17.46354889497161,-0.05,15.93
17.464997850358486,-0.05,15.94
17.466458845883608,-0.05,15.95
17.467912409454584,-0.05,15.94
17.469374503940344,-0.05,15.98
17.470832478255033,-0.05,15.96
17.4722842797637,-0.05,15.93
17.47372790053487,-0.05,15.92
17.475181806832552,-0.05,15.85
17.476645957678556,-0.05,15.86
17.478089407086372,-0.05,15.94
17.479547176510096,-0.05,15.9
17.48100233450532,-0.05,15.9
17.482459273189306,-0.05,15.92
17.483920093625784,-0.05,15.92
17.48536128923297,-0.05,15.9
17.486824728548527,-0.05,15.86
17.48828187957406,-0.05,15.84
17.489725336432457,-0.05,15.82
17.49118160828948,-0.05,15.85
17.49264244735241,-0.05,15.9
17.49408919364214,-0.05,15.91
17.495553970336914,-0.05,15.9
17.497004386037588,-0.05,15.83
17.4984571672976,-0.05,15.8
17.499918825924397,-0.05,15.84
17.501373197883368,-0.05,15.89
17.502818066626787,-0.05,15.87
17.504290748387575,-0.05,15.83
17.505730219185352,-0.05,15.78
17.507194992154837,-0.05,15.84
17.508640840649605,-0.05,15.87
17.510092340409756,-0.05,15.89
17.511548079550266,-0.05,15.93
17.513000916689634,-0.05,15.91
17.51445422694087,-0.05,15.84
17.51592106372118,-0.05,15.78
17.517374377697706,-0.05,15.82
17.51881469786167,-0.05,15.85
17.52028527855873,-0.05,15.88
17.521724309772253,-0.05,15.9
17.52318738400936,-0.05,15.87
17.52463684603572,-0.05,15.87
17.526087816804647,-0.05,15.85
17.527551848441362,-0.05,15.83
17.529004462063313,-0.05,15.85
17.530462432652712,-0.05,15.84
17.531908441334963,-0.05,15.84
17.533363223075867,-0.05,15.85
17.534820295870304,-0.05,15.8
17.536267399787903,-0.05,15.77
17.537726543843746,-0.05,15.82
17.539193380624056,-0.05,15.85
17.54064639657736,-0.05,15.84
17.542088724672794,-0.05,15.78
17.543548971414566,-0.05,15.81
17.545014426112175,-0.05,15.83
17.546458397060633,-0.05,15.78
17.54792368784547,-0.05,15.83
17.549372117966413,-0.05,15.85
17.550824709236622,-0.05,15.79
17.552285254001617,-0.05,15.79
17.553735453635454,-0.05,15.84
17.55518762767315,-0.05,15.8
17.55664848163724,-0.05,15.83
17.558102436363697,-0.05,15.77
17.55955033004284,-0.05,15.8
17.561011403799057,-0.05,15.81
17.562466893345118,-0.05,15.79
17.563921231776476,-0.05,15.79
17.56536938250065,-0.05,15.72
17.566834520548582,-0.05,15.75
17.56827710196376,-0.05,15.77
17.56973198056221,-0.05,15.74
17.571185186505318,-0.05,15.77
17.57265079766512,-0.05,15.74
17.574102003127337,-0.05,15.78
17.575552884489298,-0.05,15.79
17.577007174491882,-0.05,15.77
17.57846537604928,-0.05,15.75
17.57992270961404,-0.05,15.74
17.581371303647757,-0.05,15.73
17.582831241190434,-0.05,15.78
17.584282353520393,-0.05,15.81
17.585744451731443,-0.05,15.79
17.587191980332136,-0.05,15.71
17.58864137530327,-0.05,15.72
17.590093702077866,-0.05,15.75
17.591552805155516,-0.05,15.73
17.593009419739246,-0.05,15.77
17.594462003558874,-0.05,15.74
17.59592805802822,-0.05,15.78
17.59738390147686,-0.05,15.75
17.598834600299597,-0.05,15.73
17.600292269140482,-0.05,15.74
17.601736094802618,-0.05,15.75
17.60319723188877,-0.05,15.71
17.604642305523157,-0.05,15.73
17.606113102287054,-0.05,15.71
17.607556995004416,-0.05,15.69
17.609010703861713,-0.05,15.74
17.610467981547117,-0.05,15.72
17.61192201077938,-0.05,15.74
17.613382305949926,-0.05,15.74
17.6148266158998,-0.05,15.68
17.61627984791994,-0.05,15.71
17.617748767137527,-0.05,15.73
17.61919642239809,-0.05,15.71
17.620655793696642,-0.05,15.71
17.622105415910482,-0.05,15.73
17.623555321246386,-0.05,15.72
17.6250103674829,-0.05,15.7
17.62647159397602,-0.05,15.68
17.62792954221368,-0.05,15.68
17.629382591694593,-0.05,15.63
17.630828589200974,-0.05,15.58
17.632294304668903,-0.05,15.57
17.633750714361668,-0.05,15.5
17.63519023358822,-0.05,15.57
17.636660989373922,-0.05,15.63
17.63810520246625,-0.05,15.62
17.639556147158146,-0.05,15.64
17.641025606542826,-0.05,15.6
17.64247791841626,-0.05,15.56
17.643929358571768,-0.05,15.59
17.64538338035345,-0.05,15.51
17.646835036575794,-0.05,15.47
17.648289497941732,-0.05,15.53
17.649742662906647,-0.05,15.56
17.651193123310804,-0.05,15.51
17.65265978872776,-0.05,15.52
17.65412087365985,-0.05,15.53
17.655574206262827,-0.05,15.52
17.657031029462814,-0.05,15.53
17.658472441136837,-0.05,15.6
17.659938372671604,-0.05,15.64
17.661388907581568,-0.05,15.62
17.662835739552975,-0.05,15.62
17.664295081049204,-0.05,15.61
17.665747858583927,-0.05,15.63
17.6671952418983,-0.05,15.57
17.66884297505021,-0.05,15.64
17.670119740068913,-0.05,15.71
17.671562161296606,-0.05,15.71
17.673028144985437,-0.05,15.68
17.674469474703074,-0.05,15.64
17.675942350178957,-0.05,15.63
17.677385576069355,-0.05,15.66
17.678850024938583,-0.05,15.69
17.680291790515184,-0.05,15.68
17.68175722286105,-0.04,15.68
17.68321219459176,-0.04,15.64
17.684665989130735,-0.04,15.65
17.686108753085136,-0.05,15.64
17.687577035278082,-0.05,15.62
17.689026556909084,-0.05,15.62
17.69048485904932,-0.05,15.66
17.691933143883944,-0.05,15.68
17.69338960200548,-0.05,15.68
17.694847207516432,-0.05,15.72
17.69629679247737,-0.05,15.76
17.697751205414534,-0.05,15.78
17.69919402897358,-0.05,15.73
17.700666196644306,-0.05,15.72
17.702119179069996,-0.05,15.77
17.703566174954176,-0.05,15.76
17.705030146986246,-0.04,15.74
17.706477236002684,-0.04,15.73
17.707933992147446,-0.05,15.8
17.70939664170146,-0.05,15.78
17.710848316550255,-0.05,15.79
17.712300963699818,-0.05,15.87
17.713750269263983,-0.05,15.83
17.71519486606121,-0.05,15.81
17.716672837734222,-0.05,15.83
17.71812565624714,-0.05,15.86
17.719575185328722,-0.05,15.85
17.721032325178385,-0.05,15.9
17.72248874977231,-0.05,15.87
17.72393373027444,-0.05,15.85
17.72539673745632,-0.05,15.83
17.72685558348894,-0.05,15.83
17.728306647390127,-0.05,15.86
17.729759227484465,-0.05,15.87
17.731218203902245,-0.05,15.88
17.732663072645664,-0.05,15.91
17.734114971011877,-0.05,15.92
17.735585417598486,-0.05,15.93
17.737037397921085,-0.05,15.9
17.738481357693672,-0.05,15.94
17.7399426959455,-0.05,15.97
17.74139839410782,-0.05,15.96
17.7428653948009,-0.05,15.98
17.74431410431862,-0.05,15.97
17.745767280459404,-0.05,16.0
17.747217874974012,-0.05,16.01
17.748670857399702,-0.05,16.01
17.750116247683764,-0.05,15.99
17.751562282443047,-0.05,15.99
17.753029268234968,-0.05,15.99
17.754492100328207,-0.05,15.99
17.75594311952591,-0.05,16.01
17.75739859044552,-0.05,16.05
17.75885881856084,-0.05,16.1
17.760313101112843,-0.05,16.1
17.761766951531172,-0.05,16.11
17.763220109045506,-0.05,16.15
17.76467679068446,-0.05,16.15
17.76612290367484,-0.05,16.12
17.767585307359695,-0.05,16.11
17.76903647556901,-0.05,16.12
17.770494554191828,-0.05,16.09
17.77193510532379,-0.05,16.1
17.77341280505061,-0.05,16.11
17.774856623262167,-0.05,16.06
17.776300080120564,-0.05,16.12
17.777764588594437,-0.05,16.09
17.779218167066574,-0.05,16.11
17.7806757055223,-0.05,16.15
17.782130997627974,-0.05,16.19
17.78358592838049,-0.05,16.18
17.785034626722336,-0.05,16.13
17.786478776484728,-0.05,16.14
17.787942871451378,-0.05,16.11
17.78940449655056,-0.05,16.14
17.79085385799408,-0.05,16.17
17.792316161096096,-0.05,16.16
17.79375920072198,-0.05,16.11
17.795213855803013,-0.05,16.16
17.79668241739273,-0.05,16.17
17.79813451319933,-0.05,16.17
17.79958327114582,-0.05,16.23
17.801042161881924,-0.05,16.21
17.80250396206975,-0.05,16.15
17.803945124149323,-0.05,16.23
17.805400285869837,-0.05,16.21
17.806856609880924,-0.05,16.15
17.808315351605415,-0.05,16.19
17.809775087982416,-0.05,16.17
17.811216708272696,-0.05,16.14
17.812673643231392,-0.05,16.08
17.81412883847952,-0.05,16.12
17.815588243305683,-0.05,16.11
17.81703332439065,-0.05,16.14
17.818487871438265,-0.05,16.1
17.81995189934969,-0.05,16.02
17.821405056864023,-0.05,16.02
17.822864517569542,-0.05,16.09
17.82431699708104,-0.05,16.09
17.82576210796833,-0.05,16.08
17.827216267585754,-0.05,15.99
17.82867706939578,-0.05,15.99
17.83013965561986,-0.05,16.02
17.83158526197076,-0.05,15.94
17.833036437630653,-0.05,15.95
17.83450724929571,-0.05,15.92
17.835957374423742,-0.05,15.92
17.83741418644786,-0.05,15.98
17.838860098272562,-0.05,15.98
17.840316969901323,-0.05,15.95
17.841772358864546,-0.05,15.91
17.84323200583458,-0.05,15.96
17.84467912092805,-0.05,15.83
17.84613686800003,-0.05,15.79
17.847587384283543,-0.05,15.85
17.849046647548676,-0.05,15.87
17.85048371553421,-0.05,15.83
17.853402748703957,-0.05,15.85
17.85486873611808,-0.05,15.85
17.856321219354868,-0.05,15.77
17.857778027653694,-0.05,15.84
17.859224811196327,-0.05,15.83
17.86067419871688,-0.05,15.8
17.862135499715805,-0.05,15.81
17.86360113695264,-0.05,15.75
17.86504941061139,-0.05,15.7
17.86650739237666,-0.05,15.74
17.867956053465605,-0.05,15.73
17.869402941316366,-0.05,15.66
17.87086722627282,-0.05,15.63
17.872327160090208,-0.05,15.64
17.873772840946913,-0.05,15.64
17.8752380348742,-0.05,15.64
17.876679264009,-0.05,15.58
17.878143724054098,-0.05,15.62
17.87956477701664,-0.05,15.67
17.881045192480087,-0.05,15.62
17.882477670907974,-0.05,15.56
17.883927512913942,-0.05,15.55
17.88541329652071,-0.05,15.55
17.886785101145506,-0.05,15.53
17.88830928131938,-0.05,15.54
17.88976189121604,-0.05,15.5
17.89122163131833,-0.05,15.49
17.89268032833934,-0.05,15.44
17.894062124192715,-0.05,15.41
17.89553290605545,-0.05,15.45
17.896993070840836,-0.05,15.46
17.898508667945862,-0.05,15.38
17.89996762946248,-0.05,15.4
17.901354655623436,-0.05,15.37
17.902868796139956,-0.05,15.38
17.90432506799698,-0.05,15.37
17.9057730846107,-0.05,15.34
17.907237071543932,-0.05,15.38
17.908679135143757,-0.05,15.35
17.910144317895174,-0.05,15.26
17.911593165248632,-0.05,15.28
17.912983402609825,-0.05,15.34
17.914408065378666,-0.05,15.33
17.915961604565382,-0.04,15.3
17.917405672371387,-0.05,15.37
17.918862499296665,-0.05,15.39
17.92032903060317,-0.04,15.33
17.921775735914707,-0.05,15.26
17.9232278726995,-0.04,15.26
17.924674469977617,-0.04,15.34
17.926136568188667,-0.05,15.34
17.927523005753756,-0.05,15.26
17.929053246974945,-0.05,15.25
17.930482137948275,-0.04,15.31
17.931960053741932,-0.04,15.31
17.93337555229664,-0.05,15.36
17.93486301973462,-0.05,15.33
17.936312839388847,-0.05,15.33
17.93774699792266,-0.05,15.35
17.939220279455185,-0.04,15.33
17.940686535090208,-0.04,15.3
17.942065317183733,-0.05,15.34
17.943584393709898,-0.04,15.34
17.945023465901613,-0.04,15.31
17.946492917835712,-0.04,15.34
17.947950214147568,-0.04,15.37
17.94940371066332,-0.04,15.37
17.95085785910487,-0.04,15.4
17.952201757580042,-0.04,15.38
17.953761540353298,-0.04,15.37
17.955225445330143,-0.04,15.38
17.956680346280336,-0.04,15.45
17.958103001117706,-0.04,15.4
17.95958237349987,-0.04,15.39
17.961044553667307,-0.04,15.38
17.962395150214434,-0.04,15.38
17.963962256908417,-0.04,15.4
17.96535572782159,-0.04,15.38
17.96683681383729,-0.04,15.37
17.968315731734037,-0.04,15.39
17.969767715781927,-0.04,15.41
17.971232544630766,-0.04,15.42
17.972644113004208,-0.04,15.42
17.97411172091961,-0.04,15.43
17.975580874830484,-0.04,15.35
17.977051731199026,-0.04,15.32
17.97848019376397,-0.04,15.35
17.979966670274734,-0.04,15.36
17.981406647711992,-0.04,15.4
17.982817325741053,-0.04,15.42
17.984322138130665,-0.04,15.41
17.985777612775564,-0.04,15.42
17.9872224368155,-0.04,15.41
17.98868977651,-0.04,15.36
17.99006488546729,-0.04,15.38
17.99158938229084,-0.04,15.41
17.992997843772173,-0.04,15.4
17.994481045752764,-0.04,15.42
17.995944507420063,-0.04,15.49
17.997414112091064,-0.04,15.49
17.998851157724857,-0.04,15.5
18.000313475728035,-0.04,15.48
18.00170774385333,-0.04,15.42
18.00322002917528,-0.04,15.53
18.004644136875868,-0.04,15.56
18.006069619208574,-0.04,15.58
18.007562190294266,-0.04,15.56
18.009007416665554,-0.04,15.52
18.01050842180848,-0.04,15.51
18.011962968856096,-0.04,15.54
18.01335332542658,-0.04,15.59
18.014796152710915,-0.04,15.6
18.01631259545684,-0.04,15.64
18.017769780009985,-0.04,15.65
18.019237767904997,-0.04,15.61
18.020678233355284,-0.04,15.61
18.022150684148073,-0.04,15.64
18.023589227348566,-0.04,15.66
18.025058526545763,-0.04,15.67
18.026488840579987,-0.04,15.66
18.027963235974312,-0.04,15.65
18.029391445219517,-0.04,15.69
18.030802760273218,-0.04,15.67
18.03232979774475,-0.04,15.67
18.03378090262413,-0.04,15.71
18.03522204980254,-0.04,15.74
18.036675095558167,-0.04,15.77
18.03814448788762,-0.04,15.74
18.039596278220415,-0.04,15.76
18.041052725166082,-0.04,15.77
18.04250932112336,-0.04,15.79
18.043958611786366,-0.04,15.77
18.045406937599182,-0.04,15.72
18.046818867325783,-0.04,15.71
18.048325147479773,-0.04,15.83
18.049778170883656,-0.04,15.9
18.05123846232891,-0.04,15.81
18.052649594843388,-0.04,15.81
18.054144393652678,-0.04,15.84
18.055587951093912,-0.04,15.86
18.057047724723816,-0.04,15.87
18.058509927242994,-0.04,15.89
18.059957165271044,-0.04,15.84
18.061406269669533,-0.04,15.78
18.06278010830283,-0.04,15.84
18.064237874001265,-0.04,15.87
18.065709732472897,-0.04,15.84
18.06722305342555,-0.04,15.87
18.068688970059156,-0.04,15.93
18.07015097513795,-0.04,15.99
18.071609992533922,-0.04,15.94
18.072948168963194,-0.04,16.0
18.074512861669064,-0.04,16.03
18.075969230383635,-0.04,16.01
18.07742242142558,-0.04,15.93
18.07886216044426,-0.04,15.94
18.080287486314774,-0.04,16.04
18.08177934959531,-0.04,16.03
18.083241283893585,-0.04,16.04
18.08468896895647,-0.04,15.96
18.0861447006464,-0.04,15.95
18.087593611329794,-0.04,16.04
18.089052576571703,-0.04,16.03
18.090496987104416,-0.04,15.99
18.091960579156876,-0.04,16.0
18.09339575096965,-0.04,15.99
18.094867315143347,-0.04,16.0
18.096321020275354,-0.04,16.01
18.097708370536566,-0.04,15.98
18.099228877574205,-0.04,16.02
18.100647941231728,-0.04,16.0
18.10215139016509,-0.04,15.99
18.103601951152086,-0.04,15.99
18.105055943131447,-0.04,15.96
18.10650933533907,-0.04,15.96
18.107967879623175,-0.04,15.95
18.109422113746405,-0.04,15.98
18.11086928844452,-0.04,15.95
18.1122888289392,-0.04,15.94
18.113776214420795,-0.04,15.94
18.11522364988923,-0.04,16.02
18.116699617356062,-0.04,16.07
18.11814233288169,-0.04,16.02
18.119606781750917,-0.05,16.06
18.121051963418722,-0.05,16.0
18.122512716799974,-0.05,15.99
18.123939603567123,-0.05,16.03
18.12535745278001,-0.04,16.03
18.126880038529634,-0.04,16.08
18.128326661884785,-0.04,15.98
18.12977995723486,-0.05,15.99
18.131245754659176,-0.05,16.04
18.13269918784499,-0.05,16.07
18.134117513895035,-0.05,16.08
18.135526806116104,-0.04,16.1
18.13702928647399,-0.04,16.1
18.13846069946885,-0.05,16.07
18.139973033219576,-0.05,16.09
18.141421880573034,-0.05,16.09
18.142882823944092,-0.05,16.07
18.14432629942894,-0.04,16.09
18.14578089490533,-0.05,16.13
18.147242188453674,-0.05,16.08
18.148699458688498,-0.05,16.12
18.150118827819824,-0.05,16.12
18.151604678481817,-0.04,16.11
18.153050992637873,-0.04,16.05
18.15451503172517,-0.04,16.08
18.155973445624113,-0.04,16.1
18.157390668988228,-0.05,16.1
18.158799421042204,-0.05,16.12
18.16032848507166,-0.05,16.14
18.16177548840642,-0.05,16.18
18.16322771459818,-0.04,16.17
18.164703089743853,-0.04,16.17
18.16610439121723,-0.05,16.13
18.16749319434166,-0.05,16.14
18.169057697057724,-0.04,16.2
18.170518819242716,-0.04,16.19
18.171965334564447,-0.05,16.13
18.173423495143652,-0.05,16.14
18.174884665757418,-0.05,16.17
18.17633556202054,-0.05,16.22
18.177784107625484,-0.05,16.18
18.179227992892265,-0.05,16.19
18.180701047182083,-0.05,16.24
18.182146448642015,-0.05,16.23
18.18361008912325,-0.05,16.14
18.18502961471677,-0.05,16.19
18.186518862843513,-0.05,16.16
18.187974903732538,-0.05,16.19
18.189426634460688,-0.04,16.2
18.19088528305292,-0.05,16.2
18.192332539707422,-0.05,16.17
18.19377700611949,-0.05,16.19
18.19522587582469,-0.05,16.25
18.19670333713293,-0.05,16.26
18.19810091331601,-0.05,16.25
18.199612144380808,-0.05,16.23
18.201047137379646,-0.05,16.19
18.202515985816717,-0.05,16.23
18.203975543379784,-0.05,16.25
18.2054283618927,-0.05,16.24
18.20686924085021,-0.05,16.25
18.20833820849657,-0.05,16.27
18.209759794175625,-0.05,16.27
18.211236897855997,-0.05,16.29
18.212703961879015,-0.05,16.25
18.214133583009243,-0.05,16.19
18.21555119380355,-0.05,16.21
18.217008501291275,-0.05,16.28
18.218519065529108,-0.05,16.3
18.219973865896463,-0.05,16.2
18.22143342718482,-0.05,16.21
18.222882125526667,-0.05,16.24
18.224299907684326,-0.05,16.22
18.225783471018076,-0.05,16.23
18.2272528372705,-0.05,16.27
18.228669188916683,-0.05,16.27
18.23016283661127,-0.05,16.18
18.231595266610384,-0.04,16.18
18.23307353258133,-0.05,16.25
18.23451966419816,-0.05,16.28
18.235970452427864,-0.04,16.27
18.23739944025874,-0.04,16.22
18.23887887597084,-0.05,16.2
