elapsed_time [min],weight [g]
0.34903590753674507,20.08
0.3504667244851589,20.08
0.3520241118967533,20.08
0.3534955829381943,20.08
0.3549041226506233,20.08
0.356372844427824,20.08
0.3579506315290928,20.08
0.35936862230300903,20.08
0.3609365224838257,20.08
0.36230844631791115,20.08
0.3638819046318531,20.08
0.36531245335936546,20.08
0.36677195876836777,20.08
0.3683193512260914,20.08
0.3698379248380661,20.08
0.37132347002625465,20.08
0.37268678843975067,20.08
0.3742850609123707,20.08
0.3756641261279583,20.08
0.3772275932133198,20.08
0.3786231800913811,20.08
0.3802628181874752,20.08
0.38176141306757927,20.08
0.38306791707873344,20.08
0.38473960757255554,20.08
0.38602162152528763,20.08
0.3877006694674492,20.09
0.3889750652015209,20.09
0.3904913514852524,20.08
0.39215174317359924,20.08
0.3936593607068062,20.08
0.39494191855192184,20.09
0.39659037813544273,20.09
0.3980468660593033,20.09
0.3996146433055401,20.09
0.4010685905814171,20.09
0.40258343517780304,20.09
0.4039989896118641,20.09
0.4055343195796013,20.09
0.40695735439658165,20.09
0.40850580111145973,20.09
0.4099036306142807,20.09
0.41147057712078094,20.09
0.4128738008439541,20.09
0.4144418500363827,20.09
0.4158683642745018,20.09
0.4174392931163311,20.09
0.41882750019431114,20.09
0.42035700753331184,20.09
0.4218091182410717,20.09
0.42336007207632065,20.09
0.42474735528230667,20.09
0.4262824021279812,20.09
0.42772509157657623,20.1
0.4292627312242985,20.09
0.4306544177234173,20.09
0.4323163777589798,20.09
0.43380018323659897,20.09
0.4350881651043892,20.1
0.43677379563450813,20.09
0.43808170408010483,20.09
0.4397592395544052,20.09
0.44101377949118614,20.09
0.44274263828992844,20.09
0.4439764618873596,20.09
0.44564466178417206,20.1
0.44697049632668495,20.1
0.44861822202801704,20.1
0.45017049834132195,20.1
0.4515814371407032,20.1
0.45313816145062447,20.1
0.4545699246227741,20.1
0.45612137764692307,20.1
0.45759737864136696,20.1
0.4590856544673443,20.1
0.4605298191308975,20.1
0.46201177313923836,20.1
0.4635567031800747,20.1
0.46491312608122826,20.1
0.46647581085562706,20.1
0.467912495136261,20.1
0.469499833881855,20.1
0.47085656598210335,20.1
0.472391989082098,20.1
0.4738411232829094,20.1
0.47536157444119453,20.1
0.47695087268948555,20.1
0.47830503061413765,20.1
0.47991853207349777,20.1
0.48120954632759094,20.1
0.48290862143039703,20.1
0.4841650314629078,20.1
0.4856451563537121,20.1
0.48731424286961555,20.1
0.4886147975921631,20.1
0.4902748018503189,20.1
0.49182501807808876,20.11
0.4933084659278393,20.1
0.49472709372639656,20.1
0.49629586189985275,20.1
0.4977034628391266,20.1
0.4992462322115898,20.1
0.5006433762609959,20.1
0.5022383593022823,20.1
0.5036469139158726,20.1
0.5051643252372742,20.1
0.5066848434507847,20.1
0.5081881731748581,20.1
0.5095684640109539,20.1
0.5111490301787853,20.1
0.512508187443018,20.1
0.5141020752489567,20.1
0.5154605098068714,20.1
0.5170412473380566,20.1
0.5184815116226673,20.1
0.5200879015028477,20.1
0.5215227603912354,20.11
0.5229541398584843,20.1
0.5243892818689346,20.1
0.5260350666940212,20.1
0.527314443141222,20.1
0.5289798267185688,20.1
0.530462246388197,20.1
0.5319656021893024,20.1
0.5334261134266853,20.1
0.5348973236978054,20.1
0.5363905765116215,20.1
0.5379396714270115,20.1
0.5393568612635136,20.11
0.5409060530364513,20.11
0.542387131601572,20.11
0.5436870269477367,20.11
0.5452862046658993,20.11
0.5468150489032269,20.11
0.5483584739267826,20.11
0.5497217327356339,20.11
0.5512766875326633,20.11
0.5528278462588787,20.11
0.5541735850274563,20.11
0.5557717904448509,20.11
0.5571506060659885,20.11
0.5586922392249107,20.11
0.5601022765040398,20.11
0.56164725497365,20.11
0.5631919540464878,20.11
0.5645639225840569,20.11
0.5661019682884216,20.11
0.5676906518638134,20.11
0.569003988057375,20.11
0.5705790668725967,20.11
0.572123896330595,20.11
0.573422659188509,20.11
0.5751057490706444,20.12
0.5765936076641083,20.12
0.5780653432011604,20.12
0.5793639123439789,20.12
0.5808322764933109,20.12
0.582569558173418,20.11
0.5838251523673534,20.12
0.5855374187231064,20.12
0.5870255380868912,20.12
0.5884749963879585,20.12
0.5899913869798183,20.12
0.5914906710386276,20.12
0.5928897149860859,20.12
0.5943266898393631,20.12
0.5959593243896961,20.12
0.5973245650529861,20.12
0.5989122614264488,20.12
0.6004197187721729,20.12
0.6018364503979683,20.12
0.6033745668828487,20.12
0.6047538109123707,20.12
0.6063656061887741,20.12
0.6076954081654549,20.12
0.6091688275337219,20.12
0.6107269003987312,20.12
0.6121316663920879,20.12
0.6137994565069675,20.12
0.6150916144251823,20.12
0.6166512221097946,20.12
0.6180643998086452,20.12
0.6197630800306797,20.12
0.6212102845311165,20.12
0.6225677654147148,20.13
0.6241569668054581,20.12
0.6254682019352913,20.13
0.6271414756774902,20.13
0.6284397579729557,20.13
0.6301034726202488,20.13
0.6316580250859261,20.13
0.6330671943724155,20.13
0.634418748319149,20.13
0.6360212825238705,20.13
0.6375839598476887,20.13
0.6389855556190014,20.13
0.6405662633478642,20.13
0.6419552564620972,20.13
0.6435426026582718,20.13
0.6450247578322887,20.13
0.6465041935443878,20.13
0.6478717587888241,20.13
0.6494880393147469,20.13
0.6509094461798668,20.13
0.6524786353111267,20.13
0.6538432873785496,20.13
0.655358899384737,20.13
0.656786348670721,20.13
0.6583874449133873,20.13
0.6597243100404739,20.13
0.6614016965031624,20.14
0.6628164276480675,20.14
0.6643727086484432,20.14
0.6656448841094971,20.14
0.6673349924385548,20.14
0.6686195991933346,20.14
0.6703081615269184,20.14
0.6717979870736599,20.14
0.6733069866895676,20.14
0.6747949346899986,20.14
0.6762120947241783,20.14
0.6777557097375393,20.14
0.679161299020052,20.14
0.6804874576628208,20.14
0.6821519136428833,20.14
0.6836040057241917,20.14
0.6852014474570751,20.14
0.6865865178406239,20.14
0.6881378404796124,20.15
0.6895333677530289,20.14
0.6910910829901695,20.15
0.6925900653004646,20.15
0.6940330266952515,20.14
0.6955407187342644,20.15
0.6969581171870232,20.15
0.6985162161290646,20.15
0.6999126970767975,20.15
0.7015489935874939,20.15
0.7029321379959583,20.15
0.7044385001063347,20.15
0.7058629132807255,20.15
0.7074816264212132,20.15
0.7088100165128708,20.15
0.7104686200618744,20.15
0.7117846012115479,20.16
0.7134494446218014,20.16
0.714934378862381,20.16
0.716205257922411,20.16
0.7179256901144981,20.16
0.7191633656620979,20.16
0.7208497151732445,20.16
0.7222561724483967,20.16
0.7237945906817913,20.16
0.7253563106060028,20.17
0.726793747395277,20.17
0.7283272445201874,20.17
0.7297744676470757,20.17
0.7312919646501541,20.18
0.7328064627945423,20.18
0.7341726943850517,20.2
0.7357674390077591,20.22
0.7371388524770737,20.23
0.7387411445379257,20.24
0.7401397302746773,20.25
0.7417148984968662,20.25
0.7430699691176414,20.25
0.7446877285838127,20.25
0.7460315153002739,20.25
0.7476297952234745,20.26
0.7490441650152206,20.26
0.7504928782582283,20.25
0.7520421855151653,20.26
0.7534901313483715,20.26
0.7551035918295383,20.26
0.7563907839357853,20.27
0.7580752372741699,20.27
0.7593610733747482,20.27
0.7610381282866001,20.27
0.7625071741640568,20.28
0.7639803141355515,20.28
0.7653262764215469,20.28
0.7669520564377308,20.29
0.7682632729411125,20.29
0.769913375377655,20.29
0.7714766189455986,20.29
0.772946298122406,20.29
0.7744588479399681,20.29
0.7758311815559864,20.29
0.7773979976773262,20.3
0.7788067646324635,20.31
0.7804044000804424,20.31
0.7818743139505386,20.31
0.7833331115543842,20.31
0.7848456054925919,20.31
0.7862160988152027,20.32
0.7877665385603905,20.32
0.789189837872982,20.32
0.790819238871336,20.32
0.7921594977378845,20.32
0.7937946543097496,20.33
0.795241191983223,20.32
0.7966997809708118,20.32
0.79805788397789,20.33
0.7997347451746464,20.33
0.801233135163784,20.33
0.802722156047821,20.33
0.8041931949555874,20.33
0.8056850507855415,20.33
0.8071534596383572,20.33
0.8086313903331757,20.33
0.8101339563727379,20.33
0.8113912642002106,20.34
0.8131271004676819,20.34
0.8146197982132435,20.34
0.8160357214510441,20.34
0.8175855837762356,20.34
0.8190402276813984,20.35
0.8205523677170277,20.35
0.8219520300626755,20.35
0.8235253095626831,20.35
0.8249326050281525,20.35
0.8264803849160671,20.35
0.8279097676277161,20.35
0.8293469622731209,20.36
0.830893125385046,20.36
0.8324490673840046,20.36
0.8339560739696026,20.36
0.8353789746761322,20.36
0.8368810936808586,20.36
0.8382391184568405,20.36
0.8399060405790806,20.36
0.8412146419286728,20.36
0.8428306467831135,20.36
0.8441656976938248,20.36
0.8458471335470676,20.36
0.8473195694386959,20.36
0.8486258238554001,20.36
0.8503024391829967,20.36
0.8515950590372086,20.37
0.8532544113695621,20.37
0.8547425977885723,20.37
0.8562581054866314,20.37
0.8577635437250137,20.37
0.8592409230768681,20.37
0.8607060834765434,20.37
0.8622261360287666,20.37
0.8636284209787846,20.37
0.8651901371777058,20.37
0.8666751682758331,20.37
0.868170727044344,20.37
0.8696415573358536,20.38
0.8711266443133354,20.38
0.8724966086447239,20.37
0.8740616925060749,20.37
0.8754900395870209,20.38
0.8770376592874527,20.38
0.878498051315546,20.38
0.8800520226359367,20.37
0.8814784847199917,20.38
0.8828814439475536,20.38
0.8844465538859367,20.38
0.8858543261885643,20.39
0.8874105289578438,20.38
0.888896606862545,20.38
0.8904811702668667,20.39
0.8917634636163712,20.39
0.8934355489909649,20.39
0.8949315771460533,20.39
0.8962204866111279,20.39
0.8978779725730419,20.39
0.8992896266281605,20.39
0.9008715339004993,20.39
0.9023810885846615,20.39
0.9038272127509117,20.4
0.9053340591490269,20.39
0.9068369977176189,20.39
0.9082952737808228,20.39
0.9097979329526424,20.4
0.9113058559596539,20.4
0.9127469062805176,20.4
0.9141633324325085,20.4
0.9157637096941471,20.4
0.9171400144696236,20.41
0.9186969101428986,20.41
0.9201209656894207,20.41
0.921706285327673,20.41
0.9230809956789017,20.41
0.9246905669569969,20.41
0.9260830879211426,20.42
0.9275034070014954,20.42
0.9291450120508671,20.42
0.9304726608097553,20.42
0.9320555180311203,20.42
0.9334668032824993,20.42
0.9350905977189541,20.42
0.9364737384021282,20.43
0.9378799982368946,20.43
0.9393668659031391,20.43
0.941026758402586,20.43
0.9423241429030895,20.43
0.9440267011523247,20.43
0.9454050399363041,20.44
0.9469515979290009,20.44
0.9482735879719257,20.44
0.9499714262783527,20.44
0.9512251727283001,20.45
0.9528768174350262,20.45
0.954441275447607,20.45
0.9558659121394157,20.45
0.9574033804237843,20.45
0.9588587619364262,20.45
0.9603691957890987,20.45
0.9617911577224731,20.45
0.9633394964039326,20.45
0.9647628329694271,20.45
0.966280359774828,20.45
0.9678352288901806,20.45
0.9693102352321148,20.45
0.9707939587533474,20.45
0.9722251854836941,20.45
0.9737885408103466,20.45
0.9751902706921101,20.45
0.9765814952552319,20.45
0.978185135871172,20.45
0.9795637279748917,20.45
0.9812171086668968,20.45
0.9827057793736458,20.45
0.9841914921998978,20.45
0.9855019859969616,20.45
0.9871629290282726,20.45
0.9884383045136929,20.45
0.9901017136871815,20.45
0.9914088286459446,20.45
0.9930770210921764,20.45
0.994610920548439,20.46
0.9960241839289665,20.46
0.9975826479494572,20.46
0.9990048110485077,20.46
1.000556293874979,20.46
1.0020278915762901,20.46
1.0034415759146214,20.46
1.0050113163888454,20.46
1.0065073445439339,20.46
1.0078764744102955,20.46
1.0094987377524376,20.46
1.010977204889059,20.46
1.0123241096735,20.46
1.0139396451413631,20.46
1.01542367041111,20.46
1.0169152170419693,20.46
1.0183059871196747,20.46
1.0198260135948658,20.45
1.0212149918079376,20.46
1.022783849388361,20.46
1.0241867452859879,20.46
1.0257550552487373,20.46
1.027188740670681,20.46
1.0288178510963917,20.46
1.0301079489290714,20.46
1.031615987420082,20.46
1.033265758305788,20.46
1.0345403142273426,20.46
1.0362149216234684,20.45
1.0375435017049313,20.46
1.0391944609582424,20.46
1.0407212190330029,20.46
1.0421953834593296,20.46
1.0436895191669464,20.46
1.0451250784099102,20.46
1.0466528348624706,20.46
1.048075720667839,20.46
1.0496453791856766,20.46
1.0510217547416687,20.46
1.052597001194954,20.46
1.0540198050439358,20.46
1.0555556677281857,20.46
1.057000245898962,20.46
1.058552149683237,20.46
1.0599938854575157,20.46
1.0614012442529202,20.46
1.0629708617925644,20.46
1.0645050071179867,20.46
1.0659289881587029,20.46
1.0675054378807545,20.46
1.068922445178032,20.46
1.0704647600650787,20.46
1.0718920081853867,20.46
1.073426179587841,20.46
1.074930377304554,20.46
1.0764122121036053,20.46
1.0777088925242424,20.46
1.0793760642409325,20.46
1.0806828290224075,20.46
1.0823568068444729,20.46
1.0836820639669895,20.46
1.085278145968914,20.46
1.0865831188857555,20.46
1.0882525779306889,20.46
1.0898067392408848,20.46
1.091212809085846,20.46
1.092787478119135,20.46
1.0942001044750214,20.46
1.0957352183759212,20.46
1.097215998917818,20.46
1.0986264757812023,20.46
1.1001726314425468,20.46
1.1015775687992573,20.46
1.1031442806124687,20.46
1.104562770575285,20.46
1.1060987822711468,20.46
1.1075118072330952,20.46
1.109115470200777,20.46
1.1106399893760681,20.46
1.1120649687945843,20.46
1.1134384796023369,20.46
1.1150102503597736,20.46
1.116396352648735,20.46
1.1180503778159618,20.46
1.1193814724683762,20.46
1.1210305951535702,20.46
1.1223246678709984,20.46
1.1239879429340363,20.46
1.1252916939556599,20.46
1.1269547864794731,20.46
1.1283638626337051,20.46
1.1299254447221756,20.46
1.1313180066645145,20.46
1.1328832022845745,20.46
1.13434674218297,20.46
1.1359087526798248,20.46
1.1374119110405445,20.46
1.1388929672539234,20.46
1.1403151825070381,20.46
1.1418445147573948,20.46
1.1432615108788013,20.46
1.1448251642286777,20.46
1.1462342739105225,20.46
1.147811695933342,20.46
1.1491843946278095,20.46
1.150748748332262,20.46
1.1521568559110165,20.46
1.1537522710859776,20.46
1.1551383472979069,20.46
1.1566111706197262,20.46
1.1582284979522228,20.46
1.1596535444259644,20.46
1.1610206328332424,20.46
1.1626946069300175,20.46
1.1641836911439896,20.46
1.165480587631464,20.46
1.167130932211876,20.46
1.168442565947771,20.46
1.1701105311512947,20.46
1.1713942885398865,20.46
1.1730984151363373,20.45
1.174603246152401,20.46
1.1758441179990768,20.46
1.1775468178093433,20.46
1.179011296480894,20.46
1.180509589612484,20.46
1.1818428114056587,20.46
1.1834518127143383,20.46
1.1850024983286858,20.46
1.1863994412124157,20.46
1.1879604198038578,20.46
1.1893896646797657,20.46
1.1909413039684296,20.46
1.192417997866869,20.46
1.1938687190413475,20.46
1.195362377911806,20.46
1.1967733502388,20.46
1.198329895734787,20.46
1.19974747300148,20.46
1.201222375035286,20.46
1.2027876824140549,20.46
1.204172782599926,20.46
1.2058160975575447,20.46
1.2071491591632366,20.46
1.2088090255856514,20.46
1.2100970670580864,20.46
1.2117204889655113,20.46
1.2131296135485172,20.46
1.214620403945446,20.46
1.216052282601595,20.46
1.2177396975457668,20.46
1.2192202508449554,20.46
1.2207109034061432,20.46
1.2221433520317078,20.46
1.2235520891845226,20.46
1.2251735031604767,20.46
1.2266409806907177,20.46
1.2281433530151844,20.46
1.2296199351549149,20.46
1.231041818857193,20.46
1.2325885370373726,20.47
1.2340715825557709,20.47
1.2354802787303925,20.46
1.2370449639856815,20.46
1.2384484708309174,20.46
1.2400317937135696,20.46
1.2413960620760918,20.47
1.2429724521934986,20.46
1.2443858943879604,20.47
1.2459791749715805,20.47
1.2474275268614292,20.46
1.2488875091075897,20.46
1.2502955421805382,20.47
1.2519374527037144,20.48
1.2532620392739773,20.47
1.2549219243228436,20.48
1.2564064972102642,20.46
1.257687296718359,20.47
1.2593764327466488,20.48
1.2608592249453068,20.48
1.2621385417878628,20.48
1.2638175189495087,20.48
1.2651048861443996,20.48
1.266579993069172,20.48
1.2683140747249126,20.48
1.2697237692773342,20.48
1.2710636779665947,20.48
1.2727006413042545,20.48
1.274111196398735,20.48
1.2756745740771294,20.48
1.2772199101746082,20.48
1.2786309830844402,20.48
1.2801802083849907,20.48
1.2815837524831295,20.47
1.2831458747386932,20.48
1.2845742888748646,20.48
1.286126721650362,20.48
1.2875466495752335,20.48
1.2891205213963985,20.48
1.2906226105988026,20.48
1.2919937372207642,20.48
1.293531235307455,20.48
1.2949538677930832,20.48
1.2964909598231316,20.48
1.297878235578537,20.48
1.299545530229807,20.48
1.3008457981050014,20.47
1.3024594187736511,20.48
1.3038034364581108,20.48
1.3054840601980686,20.48
1.3069637417793274,20.48
1.3082535900175571,20.48
1.3099414519965649,20.48
1.3112174682319164,20.48
1.3129082322120667,20.48
1.3141735382378101,20.49
1.315892055630684,20.48
1.3173230402171612,20.48
1.318877313286066,20.48
1.3202836439013481,20.48
1.3218466900289059,20.48
1.3232557363808155,20.48
1.3248078152537346,20.48
1.3263182379305363,20.48
1.3276993744075298,20.48
1.329248569905758,20.48
1.3306627422571182,20.48
1.3322629779577255,20.48
1.3336776085197926,20.49
1.3351762406527996,20.48
1.3365744203329086,20.48
1.338160414248705,20.48
1.339655127376318,20.49
1.3411805965006351,20.49
1.3425203114748,20.49
1.3441739231348038,20.49
1.3455137722194195,20.48
1.3470297418534756,20.48
1.348481584340334,20.48
1.35012586414814,20.49
1.3514291159808636,20.48
1.3530809618532658,20.48
1.3543693460524082,20.48
1.3560520336031914,20.49
1.3575413562357426,20.49
1.3590287789702415,20.48
1.360292438417673,20.48
1.3619481399655342,20.48
1.3635110817849636,20.49
1.3649415522813797,20.49
1.3664946965873241,20.49
1.367892812937498,20.49
1.369450181722641,20.48
1.3709404021501541,20.48
1.3723228238523006,20.49
1.3738989531993866,20.49
1.3753903545439243,20.49
1.3769145347177982,20.49
1.3783221282064915,20.49
1.3798664957284927,20.49
1.3812177740037441,20.49
1.3828104622662067,20.49
1.3841985650360584,20.49
1.3857287056744099,20.49
1.3872907161712646,20.49
1.3886258155107498,20.49
1.3902320973575115,20.48
1.3917574286460876,20.49
1.393242221325636,20.48
1.3945623263716698,20.49
1.3962153494358063,20.48
1.3975497782230377,20.49
1.3990243561565876,20.49
1.4006861858069897,20.48
1.4019638411700726,20.49
1.403558898717165,20.49
1.4051084630191326,20.49
1.4066570587456226,20.49
1.4080868028104305,20.49
1.4096176289021969,20.49
1.4110990762710571,20.49
1.4125891141593456,20.48
1.4140486009418964,20.48
1.415556401014328,20.48
1.4169692695140839,20.49
1.4185429848730564,20.49
1.4199677035212517,20.49
1.4213485270738602,20.49
1.4229871444404125,20.49
1.4243740290403366,20.49
1.4259247705340385,20.49
1.4273316375911236,20.49
1.4288940466940403,20.49
1.4302960373461246,20.49
1.4318655617535114,20.49
1.4333020374178886,20.49
1.4348954558372498,20.49
1.436256568878889,20.49
1.437876183539629,20.49
1.4392852075397968,20.49
1.440838810056448,20.49
1.4422475099563599,20.49
1.4438171088695526,20.49
1.445117138326168,20.49
1.4467739537358284,20.49
1.4480690099298954,20.49
1.449787698686123,20.49
1.4510591067373753,20.49
1.4526970870792866,20.49
1.454257320612669,20.49
1.455661702901125,20.49
1.4572259299457073,20.49
1.4586242251098156,20.49
1.4601971805095673,20.49
1.4615864157676697,20.49
1.4631436355412006,20.49
1.4645602889358997,20.49
1.4661492370069027,20.49
1.4675195328891277,20.49
1.468981310725212,20.49
1.4705571681261063,20.49
1.4719735197722912,20.49
1.4735641218721867,20.49
1.4750247150659561,20.49
1.476565409451723,20.49
1.4779161885380745,20.49
1.479458849877119,20.49
1.4810177274048328,20.49
1.4825023412704468,20.49
1.4838025867938995,20.49
1.4854767844080925,20.49
1.4867824874818325,20.49
1.4884381331503391,20.49
1.489946074783802,20.49
1.4914238937199116,20.49
1.492739014327526,20.49
1.49439662322402,20.49
1.4956555403769016,20.49
1.497401475906372,20.49
1.4986706376075745,20.49
1.500296376645565,20.5
1.5017480961978436,20.49
1.5033340901136398,20.49
1.5048066452145576,20.5
1.5062983594834805,20.49
1.5077265724539757,20.49
1.5092931315302849,20.49
1.5106697380542755,20.49
1.5122212395071983,20.49
1.5136288218200207,20.49
1.5151786655187607,20.49
1.516592763364315,20.49
1.5182063803076744,20.5
1.519594058394432,20.49
1.5211764611303806,20.49
1.5225354842841625,20.49
1.5241386853158474,20.49
1.5256528072059155,20.49
1.52698440477252,20.49
1.5286120250821114,20.49
1.529911883175373,20.49
1.5315923392772675,20.5
1.5330663211643696,20.5
1.5343901850283146,20.49
1.5360469333827496,20.49
1.5373621992766857,20.49
1.5389412976801395,20.49
1.5402878932654858,20.5
1.5419923961162567,20.5
1.5432482212781906,20.49
1.5449224449694157,20.49
1.5464758798480034,20.5
1.547894224524498,20.5
1.5494430996477604,20.5
1.5509188771247864,20.5
1.5524180717766285,20.5
1.553916022181511,20.5
1.5552866980433464,20.5
1.556856982409954,20.5
1.5582499168813229,20.5
1.5598591677844524,20.5
1.5613079220056534,20.5
1.5627903416752815,20.5
1.5641883872449398,20.5
1.5657924674451351,20.5
1.5671682357788086,20.5
1.568705141544342,20.5
1.570146881043911,20.5
1.5717586614191532,20.5
1.5731432139873505,20.5
1.5747356452047825,20.5
1.5761024542152882,20.5
1.5777068436145782,20.5
1.5790187753736973,20.5
1.5806603506207466,20.5
1.5821210853755474,20.5
1.5836402289569378,20.5
1.5849970430135727,20.5
1.5866075865924358,20.5
1.5878856182098389,20.5
1.5895953625440598,20.5
1.591102097183466,20.5
1.592587672173977,20.5
1.5939896553754807,20.5
1.595562119036913,20.5
1.597036525607109,20.5
1.5985257290303707,20.5
1.5999560058116913,20.5
1.601492241024971,20.5
1.6029118411242962,20.5
1.6044738292694092,20.5
1.6058459542691708,20.5
1.607397735118866,20.5
1.6089594960212708,20.5
1.6102954857051373,20.5
1.6119116619229317,20.5
1.6133020594716072,20.5
1.6149035058915615,20.5
1.6163748390972614,20.5
1.6178619489073753,20.5
1.6193420924246311,20.5
1.6207949742674828,20.5
1.6221468560397625,20.5
1.6238199807703495,20.5
1.6251081116497517,20.5
1.6267810761928558,20.5
1.6280744560062885,20.5
1.6297400742769241,20.5
1.6312668472528458,20.51
1.6327518448233604,20.5
1.6339964494109154,20.5
1.6356813795864582,20.5
1.6369734480977058,20.5
1.6386970020830631,20.51
1.640188418328762,20.51
1.6415975876152515,20.51
1.6430645547807217,20.51
1.6445408090949059,20.51
1.6461111642420292,20.51
1.6475886069238186,20.51
1.6490049101412296,20.5
1.6505839489400387,20.5
1.651965994387865,20.5
1.6535197161138058,20.51
1.6549330279231071,20.51
1.6565163806080818,20.51
1.6578871086239815,20.5
1.6595291048288345,20.51
1.6608544774353504,20.51
1.6624620370566845,20.51
1.6638190150260925,20.51
1.6654111482203007,20.51
1.6667986810207367,20.51
1.6684307865798473,20.51
1.6699179224669933,20.51
1.671212363988161,20.51
1.6728789284825325,20.51
1.6744052469730377,20.51
1.6758452877402306,20.51
1.6773841939866543,20.51
1.678838949650526,20.51
1.6801133826375008,20.51
1.6817922443151474,20.51
1.6833339147269726,20.51
1.6847461126744747,20.51
1.686268549412489,20.51
1.6877039931714535,20.51
1.6892857141792774,20.51
1.6907345317304134,20.51
1.6921680830419064,20.51
1.693513385951519,20.51
1.6951002106070518,20.51
1.696711827069521,20.51
1.6981861516833305,20.51
1.6996495127677917,20.51
1.7011321187019348,20.51
1.7026598043739796,20.51
1.7040004879236221,20.51
1.705557655543089,20.51
1.7069635950028896,20.51
1.7085812948644161,20.51
1.7099217288196087,20.51
1.7115934640169144,20.51
1.7129189223051071,20.51
1.7144427001476288,20.51
1.715896051377058,20.51
1.7175387404859066,20.51
1.7188318483531475,20.51
1.720472976565361,20.51
1.721770666539669,20.52
1.7234933823347092,20.52
1.7247677147388458,20.52
1.7264157719910145,20.52
1.727941446006298,20.52
1.7293635495007038,20.52
1.7309257239103317,20.52
1.732341032475233,20.52
1.7339021600782871,20.52
1.7353842295706272,20.52
1.7368749380111694,20.52
1.7383586056530476,20.52
1.7397892586886883,20.52
1.7413465529680252,20.51
1.742726158350706,20.52
1.7442680336534977,20.52
1.7457633540034294,20.52
1.747288167476654,20.52
1.748683899641037,20.52
1.7501832880079746,20.52
1.751599743962288,20.52
1.7531635947525501,20.52
1.7546478360891342,20.52
1.7561254985630512,20.52
1.757607340812683,20.52
1.759173858910799,20.52
1.7604791186749935,20.52
1.7621545754373074,20.52
1.7634391635656357,20.52
1.7651296854019165,20.52
1.7663975358009338,20.52
1.7680997177958488,20.53
1.7695756405591965,20.52
1.7710932902991772,20.52
1.7723642401397228,20.52
1.7740781530737877,20.53
1.7755038477480412,20.53
1.7770447358489037,20.53
1.7784427851438522,20.52
1.7799094654619694,20.52
1.7814977504312992,20.52
1.7829069532454014,20.52
1.7843697145581245,20.52
1.7857394628226757,20.53
1.7873843163251877,20.52
1.7888983599841595,20.53
1.7902901917696,20.53
1.7919181510806084,20.53
1.7934012524783611,20.53
1.794814296066761,20.53
1.7963479943573475,20.53
1.7977931573987007,20.53
1.7993614077568054,20.53
1.800843983888626,20.53
1.8022261895239353,20.53
1.8036353699862957,20.53
1.8052995391190052,20.53
1.8065891452133656,20.53
1.8082744516432285,20.53
1.8097097873687744,20.53
1.8112452365458012,20.53
1.8125524073839188,20.53
1.8141797333955765,20.54
1.8154896833002567,20.53
1.817142739892006,20.53
1.8186285495758057,20.54
1.820185236632824,20.54
1.8216668777167797,20.54
1.8230844922363758,20.54
1.8246395736932755,20.54
1.8260381408035755,20.54
1.8275882042944431,20.54
1.8290046714246273,20.54
1.8305755481123924,20.54
1.831982098519802,20.54
1.8333230689167976,20.54
1.8349167294800282,20.54
1.836484830826521,20.54
1.8379641436040401,20.54
1.8393916562199593,20.54
1.8409193865954876,20.54
1.8423282727599144,20.54
1.8439385555684566,20.54
1.8453103825449944,20.54
1.84685792401433,20.54
1.848265815526247,20.55
1.84992054104805,20.55
1.8513146936893463,20.55
1.8528894186019897,20.55
1.854204948991537,20.54
1.8558726273477077,20.55
1.8572489880025387,20.55
1.8586405403912067,20.55
1.8603282570838928,20.55
1.861587304621935,20.55
1.863281261175871,20.55
1.8647939153015614,20.56
1.866294514387846,20.55
1.8677115105092525,20.56
1.8692592270672321,20.56
1.8707065097987652,20.56
1.8721630796790123,20.56
1.8737115897238255,20.56
1.8751115761697292,20.56
1.8766939789056778,20.56
1.8781514689326286,20.56
1.8795646019279957,20.56
1.8811657689511776,20.57
1.8825205489993095,20.57
1.8840730711817741,20.57
1.885482620447874,20.57
1.8871109671890736,20.57
1.8885153122246265,20.57
1.890015609562397,20.57
1.891517523676157,20.57
1.89303857088089,20.57
1.8943735845386982,20.57
1.8960417322814465,20.58
1.897328369319439,20.58
1.8988046273589134,20.58
1.9004950635135174,20.58
1.9019799903035164,20.58
1.9032910205423832,20.58
1.904879480600357,20.58
1.906343400478363,20.58
1.907701961696148,20.58
1.9093908555805683,20.58
1.9106781147420406,20.58
1.9123624190688133,20.58
1.9138934649527073,20.58
1.915320035070181,20.58
1.9167738631367683,20.58
1.9183535650372505,20.58
1.919775951653719,20.58
1.92130321636796,20.58
1.922710545361042,20.58
1.9243132323026657,20.58
1.9256848096847534,20.58
1.9272623509168625,20.58
1.928629294037819,20.58
1.9302439875900745,20.58
1.9316332004964352,20.58
1.9332227446138859,20.58
1.9345847927033901,20.59
1.936105977743864,20.59
1.9375215880572796,20.59
1.939070824533701,20.59
1.9404707439243793,20.59
1.9421538189053535,20.59
1.9434506557881832,20.59
1.945138294249773,20.59
1.9465855807065964,20.59
1.9480803199112415,20.59
1.9493742175400257,20.59
1.9510527923703194,20.59
1.9523242451250553,20.59
1.9540079981088638,20.59
1.9555499479174614,20.59
1.9570042565464973,20.59
1.958512831479311,20.59
1.9600044712424278,20.59
1.9614014327526093,20.6
1.9628626741468906,20.6
1.9644831493496895,20.6
1.9658603742718697,20.6
1.9674384705722332,20.6
1.968837171792984,20.6
1.9703707844018936,20.6
1.97178203612566,20.61
1.973295446485281,20.61
1.9748788997530937,20.61
1.9762287326157093,20.61
1.977806456387043,20.62
1.9793447703123093,20.62
1.9806662164628506,20.62
1.9822202399373055,20.62
1.9836719185113907,20.62
1.9852657988667488,20.62
1.9866098128259182,20.62
1.9882739931344986,20.62
1.9895729646086693,20.62
1.9910281784832478,20.62
1.992721427232027,20.62
1.9941883981227875,20.61
1.9957002624869347,20.62
1.9970581084489822,20.61
1.9986265450716019,20.61
2.000101760029793,20.61
2.001634895801544,20.61
2.0031434409320354,20.61
2.004647519439459,20.61
2.006056170910597,20.61
2.007616590708494,20.61
2.009005546569824,20.61
2.010572127997875,20.61
2.0119835920631886,20.61
2.0134494937956333,20.61
2.015025906264782,20.61
2.0164131112396717,20.61
2.0179737880825996,20.61
2.019440855830908,20.61
2.0209446102380753,20.61
2.0223820954561234,20.61
2.0238840989768505,20.61
2.025321688503027,20.61
2.026904881000519,20.62
2.0283434577286243,20.61
2.029885057359934,20.61
2.0312118642032146,20.61
2.03289120644331,20.61
2.034379180520773,20.61
2.035665452480316,20.61
2.037356849759817,20.61
2.03862763941288,20.61
2.0401195995509624,20.61
2.0418305695056915,20.61
2.0433254465460777,20.62
2.044730134308338,20.61
2.046110264956951,20.61
2.0477105416357517,20.61
2.049189828336239,20.61
2.0507508628070354,20.61
2.0521842129528522,20.61
2.05350985750556,20.61
2.0551231913268566,20.61
2.05670328438282,20.61
2.0580821372568607,20.61
2.059680726379156,20.61
2.0611563473939896,20.61
2.0625973604619503,20.61
2.0641556195914745,20.61
2.0654745027422905,20.61
2.0670076720416546,20.61
2.068535204976797,20.61
2.070069048553705,20.61
2.071567550301552,20.61
2.072962898761034,20.61
2.0745539851486683,20.61
2.075856428593397,20.61
2.077527068555355,20.61
2.078814871609211,20.61
2.080484449863434,20.61
2.0819950327277184,20.61
2.0834860429167747,20.61
2.0847476795315742,20.61
2.0864069163799286,20.61
2.087699342519045,20.61
2.089419100433588,20.61
2.090844102203846,20.61
2.0924141965806484,20.61
2.0938846208155155,20.61
2.0953907407820225,20.61
2.096800807863474,20.61
2.0983441062271595,20.61
2.099746387451887,20.61
2.101293221116066,20.61
2.1027067564427853,20.61
2.1042803414165974,20.61
2.105568241328001,20.61
2.1071429327130318,20.61
2.1087546162307262,20.61
2.1101830303668976,20.61
2.1117504574358463,20.61
2.1130777336657047,20.61
2.114643331617117,20.61
2.116071317344904,20.61
2.117684107273817,20.62
2.119011480361223,20.62
2.1205595433712006,20.61
2.121971484273672,20.61
2.1236441023647785,20.61
2.125144012272358,20.61
2.126615922898054,20.62
2.1281233318150043,20.62
2.129555992782116,20.62
2.130849849432707,20.61
2.1325289867818356,20.61
2.133851271122694,20.61
2.135485976934433,20.61
2.1370338313281536,20.61
2.1384887993335724,20.61
2.140002988278866,20.61
2.1414288096129894,20.61
2.142967328429222,20.61
2.144455622881651,20.62
2.1459466330707073,20.62
2.147338178008795,20.62
2.1489186696708202,20.62
2.1503299735486507,20.62
2.1518779806792736,20.62
2.1532695107162,20.61
2.154862228780985,20.62
2.1562375463545322,20.62
2.1578372940421104,20.62
2.1591767370700836,20.62
2.1608234345912933,20.62
2.1623214408755302,20.62
2.1637671999633312,20.62
2.165200036019087,20.62
2.1665928177535534,20.62
2.1682644076645374,20.62
2.169576693326235,20.62
2.171244017779827,20.62
2.1725562177598476,20.62
2.174177560955286,20.62
2.1756588481366634,20.62
2.1771902702748775,20.61
2.178540963679552,20.62
2.1801395677030087,20.61
2.181664850562811,20.61
2.1831044144928455,20.61
2.1844060234725475,20.62
2.186045277863741,20.62
2.1875988878309727,20.62
2.189021971076727,20.62
2.190571293234825,20.62
2.1919740848243237,20.62
2.1935613118112087,20.62
2.1949556060135365,20.62
2.19648602232337,20.62
2.1979091204702854,20.61
2.1993819065392017,20.62
2.200954083353281,20.62
2.2023584842681885,20.61
2.203960318118334,20.61
2.2054492868483067,20.62
2.2069335617125034,20.62
2.208275269716978,20.62
2.2098266631364822,20.62
2.211246222257614,20.62
2.212790433317423,20.62
2.2142145968973637,20.62
2.215849008411169,20.62
2.21715160086751,20.62
2.218837548047304,20.62
2.220311775803566,20.62
2.2218127883970737,20.61
2.2230951860547066,20.61
2.2247390747070312,20.62
2.226294293999672,20.62
2.227698925882578,20.62
2.229269690811634,20.62
2.230735380202532,20.62
2.232241578400135,20.62
2.233653124421835,20.62
2.235206037759781,20.62
2.2366702891886234,20.62
2.238187126815319,20.62
2.2396300584077835,20.62
2.2411619313061237,20.62
2.2425288185477257,20.62
2.2440566308796406,20.62
2.245630517601967,20.62
2.2469638660550117,20.62
2.2485627718269825,20.62
2.249964639544487,20.62
2.2515261359512806,20.62
2.2528954073786736,20.62
2.2544528767466545,20.62
2.2558446042239666,20.62
2.2575122974812984,20.62
2.258832149207592,20.62
2.260492693632841,20.62
2.2619853243231773,20.62
2.2634684443473816,20.62
2.2648727111518383,20.62
2.2664386071264744,20.62
2.267725843936205,20.62
2.269374690949917,20.62
2.2709242962300777,20.62
2.272328682243824,20.62
2.273671232163906,20.62
2.2753418646752834,20.62
2.2768640108406544,20.62
2.2782692722976208,20.62
2.27981773391366,20.62
2.2812255769968033,20.62
2.2827993519604206,20.62
2.284198187291622,20.62
2.2857534997165203,20.62
2.2872660011053085,20.62
2.2887238524854183,20.62
2.290190100669861,20.62
2.2916065640747547,20.62
2.2931592017412186,20.62
2.2946728579699993,20.62
2.2960423193871975,20.62
2.2976334430277348,20.62
2.2990713976323605,20.62
2.3005063608288765,20.62
2.30204189196229,20.62
2.3036242686212063,20.62
2.3049353286623955,20.62
2.3064075000584126,20.62
2.3080990836024284,20.62
2.3094842582941055,20.62
2.310932021588087,20.62
2.312519133090973,20.62
2.3139916509389877,20.62
2.315545327961445,20.62
2.3170397765934467,20.62
2.318523161113262,20.62
2.3199879974126816,20.62
2.3213540203869343,20.62
2.323000241070986,20.62
2.324403554201126,20.62
2.325959336012602,20.62
2.327454261481762,20.62
2.3288223706185818,20.62
2.3303931020200253,20.62
2.331859800964594,20.62
2.33326743170619,20.62
2.334827031940222,20.62
2.336342804133892,20.62
2.3378471322357655,20.62
2.3393158838152885,20.62
2.340810000896454,20.62
2.342150431126356,20.62
2.3438240215182304,20.62
2.345125190913677,20.62
2.346682034432888,20.62
2.34814316034317,20.62
2.3497617058455944,20.62
2.3512295335531235,20.62
2.3525272831320763,20.62
2.3541803807020187,20.62
2.355487946420908,20.62
2.357173427939415,20.62
2.3584834821522236,20.62
2.3601457588374615,20.62
2.361443530768156,20.62
2.3630722612142563,20.62
2.364634495228529,20.63
2.3661044724285603,20.63
2.3675885014235973,20.62
2.369009342044592,20.62
2.3705770261585712,20.62
2.372060865163803,20.62
2.3735324293375015,20.62
2.375043585896492,20.62
2.3764082863926888,20.62
2.3779669515788555,20.62
2.3793777152895927,20.62
2.380932543426752,20.62
2.382340904325247,20.62
2.3839597925543785,20.62
2.3854477144777775,20.62
2.3869138658046722,20.62
2.388263575732708,20.62
2.389923792332411,20.62
2.3914110884070396,20.62
2.392703142017126,20.62
2.3943678364157677,20.63
2.39588712900877,20.62
2.3971486426889896,20.62
2.3988425098359585,20.62
2.4001252204179764,20.62
2.401783250272274,20.62
2.4030999653041363,20.62
2.404745414853096,20.62
2.406109407544136,20.62
2.4077413491904736,20.62
2.4092707000672817,20.62
2.4107458032667637,20.62
2.41218838095665,20.62
2.4137007109820843,20.62
2.41512843221426,20.62
2.4166882634162903,20.62
2.418145041912794,20.62
2.419669084250927,20.62
2.4210434667766094,20.62
2.4226048663258553,20.62
2.4240202754735947,20.62
2.425572082400322,20.62
2.4270004630088806,20.62
2.4285516627132893,20.62
2.430068973451853,20.62
2.4315674230456352,20.62
2.4329027496278286,20.62
2.434518240392208,20.62
2.4358594827353954,20.62
2.4373388700187206,20.62
2.438995510339737,20.62
2.440494291484356,20.62
2.441978298127651,20.62
2.4432767033576965,20.62
2.4449305422604084,20.62
2.4462663680315018,20.62
2.4479319751262665,20.62
2.4492167830467224,20.62
2.450894884765148,20.62
2.452396385371685,20.62
2.4538980685174465,20.62
2.4553708098828793,20.62
2.456816915422678,20.61
2.458341248333454,20.59
2.4597667269408703,20.59
2.4613303057849407,20.59
2.4627021104097366,20.59
2.4642743915319443,20.59
2.4657816626131535,20.6
2.4672793485224247,20.59
2.468634646385908,20.59
2.4701827950775623,20.59
2.471605684608221,20.59
2.4731754809617996,20.59
2.474704723805189,20.6
2.476187914609909,20.59
2.4776883982121944,20.59
2.4790052995085716,20.59
2.480671752244234,20.59
2.4821601547300816,20.6
2.4834483340382576,20.6
2.4851169288158417,20.59
2.48643858730793,20.59
2.488097794353962,20.6
2.489365916699171,20.6
2.4910821579396725,20.6
2.492341335862875,20.59
2.4940150678157806,20.59
2.495299842208624,20.6
2.49695935100317,20.59
2.4985205866396427,20.59
2.4999999590218067,20.6
2.501489859074354,20.6
2.5028958581387997,20.59
2.504452969878912,20.59
2.505853645503521,20.59
2.5074420049786568,20.59
2.5089067928493023,20.59
2.5104018561542034,20.59
2.511879079043865,20.59
2.5132938250899315,20.59
2.514878984540701,20.59
2.5162408612668514,20.6
2.5178376510739326,20.6
2.519210174679756,20.59
2.5207536183297634,20.59
2.522246841341257,20.59
2.523758765310049,20.6
2.5251392126083374,20.59
2.5267881602048874,20.6
2.528265316039324,20.6
2.5297443084418774,20.59
2.5310348123311996,20.6
2.5327101051807404,20.6
2.534188900142908,20.59
2.535594493150711,20.59
2.5371981114149094,20.59
2.5384587831795216,20.59
2.5401148088276386,20.59
2.541666004806757,20.59
2.543066430836916,20.59
2.544609110802412,20.58
2.5461075119674206,20.59
2.547554612159729,20.58
2.549037043005228,20.59
2.5505415089428425,20.59
2.55197636410594,20.58
2.553535182029009,20.58
2.5549564324319363,20.58
2.5564989671111107,20.58
2.558005068451166,20.58
2.559507083147764,20.58
2.5609995871782303,20.58
2.5624930784106255,20.58
2.5639601685106754,20.58
2.5654387772083282,20.58
2.566933263093233,20.58
2.56841316819191,20.58
2.569910451769829,20.58
2.571252766996622,20.58
2.5728837698698044,20.58
2.5743821188807487,20.58
2.5758631713688374,20.58
2.577329520136118,20.58
2.5788279697299004,20.58
2.580321729183197,20.58
2.581803973764181,20.58
2.583301592618227,20.58
2.584778007119894,20.58
2.586277674883604,20.58
2.5877579748630524,20.58
2.5892380960285664,20.58
2.5907288789749146,20.58
2.592221789062023,20.58
2.593702808022499,20.58
2.5951882749795914,20.58
2.596668966114521,20.58
2.598168730735779,20.58
2.599653609097004,20.58
2.6011450961232185,20.58
2.6026285737752914,20.58
2.6041225120425224,20.58
2.6056070514023304,20.58
2.6070929020643234,20.58
2.608585238456726,20.58
2.6100675389170647,20.58
2.6115707084536552,20.58
2.613058228045702,20.58
2.6144714318215847,20.58
2.615952968597412,20.58
2.6175189092755318,20.58
2.619006458669901,20.58
2.6204886473715305,20.58
2.6219780445098877,20.58
2.6234643794596195,20.58
2.6249309182167053,20.58
2.626424640417099,20.58
2.62790734320879,20.58
2.6293938606977463,20.58
2.6308808401226997,20.58
2.6323791705071926,20.58
2.6338515914976597,20.58
2.6353319324553013,20.58
2.636812910437584,20.58
2.6383267901837826,20.58
2.639812868088484,20.58
2.641298834234476,20.58
2.64279817417264,20.59
2.644276425242424,20.58
2.645754214376211,20.58
2.647268656641245,20.58
2.6487039737403393,20.58
2.6502068266272545,20.58
2.6516977436840534,20.58
2.6531682908535004,20.58
2.6546315141022205,20.58
2.656134944409132,20.58
2.6576081328094006,20.58
2.659066703170538,20.58
2.6605647690594196,20.59
2.6621432416141033,20.59
2.663622546941042,20.59
2.6651230044662952,20.59
2.6666040271520615,20.58
2.6680855713784695,20.58
2.6695674918591976,20.59
2.67105346173048,20.59
2.6725440062582493,20.59
2.674039304256439,20.59
2.6755263172090054,20.59
2.676999982446432,20.58
2.678495939821005,20.59
2.6799877025187016,20.59
2.6814696826040745,20.59
2.682958662509918,20.59
2.6844371296465397,20.59
2.6859231516718864,20.59
2.6874216869473457,20.59
2.6889130771160126,20.59
2.690370909869671,20.58
2.6918850168585777,20.59
2.693362347781658,20.59
2.6948338635265827,20.59
2.696299657225609,20.58
2.697830256074667,20.59
2.6993219926953316,20.59
2.7007866390049458,20.59
2.7022495605051517,20.59
2.703728310763836,20.59
2.70520456507802,20.59
2.7067726142704487,20.59
2.7082525193691254,20.59
2.70973626896739,20.59
2.7112190052866936,20.59
2.712719440460205,20.59
2.714198235422373,20.59
2.7156785801053047,20.59
2.7171764969825745,20.59
2.718659743666649,20.59
2.7201411090791225,20.59
2.7216393686830997,20.6
2.723117969930172,20.59
2.724616888910532,20.59
2.72608819976449,20.59
2.727583020925522,20.59
2.7290793284773827,20.59
2.7305696457624435,20.59
2.7320467866957188,20.59
2.7335370928049088,20.59
2.7349571883678436,20.59
2.7365170270204544,20.59
2.7380168475210667,20.59
2.7395110353827477,20.59
2.740858495235443,20.59
2.7424284741282463,20.59
2.743889532983303,20.59
2.745294239372015,20.59
2.7467843629419804,20.59
2.748388037085533,20.59
2.74977258220315,20.59
2.751403618603945,20.59
2.7528849355876446,20.59
2.7543670274317265,20.59
2.7557490803301334,20.59
2.757338058203459,20.59
2.758634503930807,20.59
2.7603128105401993,20.59
2.7617893368005753,20.59
2.7630977630615234,20.59
2.764768049120903,20.59
2.766256757080555,20.59
2.767699420452118,20.59
2.7692300900816917,20.59
2.77072599157691,20.59
2.7721907384693623,20.59
2.7736769542098045,20.59
2.7751812003552914,20.59
2.7766472212970257,20.59
2.7781516201794147,20.59
2.7795795388519764,20.59
2.7810699865221977,20.59
2.782634697854519,20.59
2.7841073237359524,20.59
2.7855754159390926,20.59
2.7870867997407913,20.6
2.7885328084230423,20.6
2.789992179721594,20.59
2.7914868593215942,20.59
2.793014883995056,20.59
2.7944971174001694,20.59
2.7960129491984844,20.59
2.7974784076213837,20.59
2.798996027559042,20.59
2.800476089119911,20.59
2.8019752353429794,20.59
2.8034603632986546,20.59
2.804930876940489,20.59
2.8062170892953873,20.59
2.807900719344616,20.59
2.8093997165560722,20.59
2.81088649854064,20.59
2.812186121940613,20.59
2.813752632588148,20.59
2.8151426017284393,20.59
2.816835645586252,20.59
2.818302493542433,20.59
2.8198117576539516,20.59
2.8212494924664497,20.59
2.8227330073714256,20.59
2.824259053915739,20.59
2.8257585056126118,20.6
2.8272541761398315,20.59
2.828744936734438,20.59
2.830222077667713,20.59
2.831598434597254,20.59
2.8331481143832207,20.59
2.834631446748972,20.59
2.836043141782284,20.59
2.837627410888672,20.59
2.8391600511968136,20.59
2.8405716754496098,20.59
2.842022340744734,20.59
2.843468550592661,20.59
2.845112882554531,20.59
2.8465974628925323,20.59
2.8479278944432735,20.59
2.8495689183473587,20.59
2.851051017642021,20.59
2.852527480572462,20.6
2.8539415039122105,20.59
2.8553103506565094,20.59
2.8570013232529163,20.6
2.858492750674486,20.6
2.8599494583904743,20.59
2.8614594489336014,20.6
2.8629326224327087,20.6
2.864363744854927,20.59
2.8659346029162407,20.6
2.86739094927907,20.6
2.868886824697256,20.59
2.8703846521675587,20.59
2.871812131255865,20.6
2.8732721135020256,20.59
2.8747846968472004,20.59
2.8762555308640003,20.59
2.877861525863409,20.6
2.879284020513296,20.59
2.8808021545410156,20.6
2.882295798510313,20.6
2.8836318850517273,20.59
2.8851854614913464,20.59
2.8867719061672688,20.59
2.888180147856474,20.59
2.88973743095994,20.59
2.8912190161645412,20.59
2.8927185125648975,20.59
2.894181717187166,20.59
2.8956803642213345,20.59
2.8971624299883842,20.59
2.8986524417996407,20.59
2.900138381868601,20.59
2.9016230031847954,20.59
2.9031203500926495,20.59
2.904596321284771,20.59
2.9060971662402153,20.59
2.907573875039816,20.59
2.909081619232893,20.59
2.910540010780096,20.6
2.912040427327156,20.59
2.91353764757514,20.6
2.9150255396962166,20.59
2.9164994582533836,20.59
2.9179853461682796,20.6
2.919411540031433,20.6
2.9209663532674313,20.6
2.9224562644958496,20.6
2.9239119961857796,20.6
2.9254248403012753,20.6
2.926923293620348,20.6
2.928400967270136,20.6
2.9298917315900326,20.6
2.9312988482415676,20.6
2.9327433183789253,20.6
2.934370379894972,20.6
2.9358618818223476,20.6
2.9371348321437836,20.6
2.9388306587934494,20.6
2.9403068087995052,20.6
2.941794902086258,20.6
2.9431614987552166,20.6
2.9447572343051434,20.59
2.946254640817642,20.59
2.947742346674204,20.59
2.94922137260437,20.59
2.9507026486098766,20.59
2.952209137380123,20.59
2.953698743134737,20.59
2.955178175121546,20.6
2.95659039914608,20.6
2.958176001906395,20.6
2.9595794305205345,20.6
2.9611149430274963,20.59
2.9626102559268475,20.59
2.964110441505909,20.59
2.9655896499753,20.6
2.9670834578573704,20.6
2.9685598723590374,20.6
2.969959996640682,20.6
2.9715499579906464,20.59
2.9730368703603745,20.6
2.974514629691839,20.6
2.975947890430689,20.6
2.977333951741457,20.59
2.978969741612673,20.59
2.980475340038538,20.6
2.981952667236328,20.6
2.983259778469801,20.6
2.984770443290472,20.6
2.986428216099739,20.6
2.9879106283187866,20.59
2.989389408379793,20.59
2.990880362689495,20.6
2.9923700131475925,20.59
2.9938637912273407,20.59
2.9953475035727024,20.59
2.996837019920349,20.59
2.9983257986605167,20.59
2.999810952693224,20.59
3.001283574849367,20.6
3.0027739964425564,20.6
3.004207104444504,20.59
3.005759809166193,20.6
3.0072571113705635,20.6
3.008730512112379,20.6
3.0102214701473713,20.6
3.0116633661091328,20.59
3.0131266713142395,20.6
3.0146636180579662,20.6
3.0160845778882504,20.59
3.0176475644111633,20.6
3.019052606076002,20.6
3.0206212922930717,20.6
3.0220395773649216,20.6
3.0236065834760666,20.6
3.02510904148221,20.6
3.026592582464218,20.6
3.028072774410248,20.6
3.0295661725103855,20.6
3.031057432293892,20.6
3.032530654221773,20.6
3.034019574522972,20.6
3.0355196185410023,20.6
3.0370068587362766,20.6
3.0384848564863205,20.6
3.0399515591561794,20.6
3.0414572581648827,20.6
3.04292431473732,20.59
3.0444329008460045,20.59
3.0459074079990387,20.59
3.0473969131708145,20.59
3.048872258514166,20.6
3.050316169857979,20.6
3.0518086031079292,20.59
3.05336332693696,20.59
3.054851096123457,20.59
3.056355580687523,20.6
3.0577904619276524,20.6
3.059313125908375,20.6
3.0608120672404766,20.6
3.0622977018356323,20.6
3.0636660158634186,20.6
3.0652721263468266,20.6
3.0667164027690887,20.6
3.068157684057951,20.6
3.069596767425537,20.6
3.0711923204362392,20.59
3.07269699126482,20.6
3.074184510856867,20.6
3.075681686401367,20.6
3.077151272445917,20.6
3.078644409775734,20.59
3.0801309235394,20.6
3.081623464822769,20.6
3.082925956696272,20.6
3.08457575365901,20.6
3.086048189550638,20.6
3.087519846856594,20.6
3.088863927870989,20.6
3.09053148701787,20.6
3.0919960662722588,20.6
3.0935151241719723,20.6
3.0949450843036175,20.59
3.0964881405234337,20.59
3.0979835987091064,20.59
3.0994752012193203,20.59
3.1008911207318306,20.6
3.102443788200617,20.59
3.10393088683486,20.6
3.1054231449961662,20.6
3.1069065295159817,20.6
3.1083450205624104,20.6
3.1097584888339043,20.6
3.1113142371177673,20.6
3.11278023943305,20.6
3.114349838346243,20.6
3.115851167589426,20.6
3.1171787045896053,20.6
3.1188146211206913,20.6
3.120149429887533,20.6
3.121791549026966,20.6
3.123262908309698,20.6
3.1247677244246006,20.6
3.126110278069973,20.6
3.1277492977678776,20.6
3.1290985085070133,20.6
3.130685441195965,20.6
3.132200002670288,20.6
3.1337097249925137,20.6
3.135180726647377,20.6
3.1366601027548313,20.6
3.1381614357233047,20.6
3.1396365724503994,20.6
3.141089078038931,20.6
3.1426366791129112,20.6
3.144039798527956,20.6
3.145585957914591,20.6
3.147072497755289,20.6
3.1485524848103523,20.6
3.1500117406249046,20.6
3.151544712483883,20.6
3.1529192738234997,20.6
3.1544161327183247,20.6
3.1559961661696434,20.6
3.157432835549116,20.6
3.158925659954548,20.6
3.1604809388518333,20.6
3.1618762016296387,20.59
3.1632862351834774,20.6
3.164926938712597,20.6
3.166417870670557,20.59
3.167903132736683,20.59
3.169389210641384,20.59
3.170887440443039,20.6
3.1723332703113556,20.6
3.173850767314434,20.6
3.1753332801163197,20.6
3.1766063198447227,20.6
3.17826971039176,20.6
3.1798175796866417,20.6
3.181289564818144,20.6
3.1827830374240875,20.6
3.184190172702074,20.6
3.185752809047699,20.61
3.1871845982968807,20.61
3.1887264363467693,20.6
3.190161131322384,20.61
3.1916905976831913,20.61
3.193094190210104,20.61
3.19465297088027,20.61
3.1961438171565533,20.6
3.1975277960300446,20.6
3.1991444416344166,20.58
3.200544323772192,20.57
3.2021049670875072,20.56
3.2034564465284348,20.56
3.2050406858325005,20.55
3.206585321575403,20.55
3.208078797906637,20.54
3.2095694057643414,20.54
3.2110621221363544,20.55
3.2124143093824387,20.55
3.2140156477689743,20.55
3.2154956869781017,20.55
3.2169739566743374,20.55
3.218469053506851,20.55
3.2199688889086246,20.55
3.2214498557150364,20.55
3.2229481041431427,20.55
3.2244164384901524,20.55
3.225924201309681,20.55
3.227417044341564,20.55
3.2288930602371693,20.55
3.2303890995681286,20.54
3.2318709790706635,20.54
3.233362540602684,20.54
3.2348433658480644,20.55
3.2362617067992687,20.55
3.2377355322241783,20.55
3.239254541695118,20.55
3.240782108157873,20.55
3.2421973161399364,20.55
3.2436496317386627,20.55
3.2451541051268578,20.55
3.2466288842260838,20.54
3.2482318356633186,20.55
3.24956064671278,20.55
3.2512159049510956,20.55
3.2527040876448154,20.54
3.254184350371361,20.55
3.2556840144097805,20.55
3.25717955827713,20.55
3.2586466558277607,20.55
3.260130189359188,20.55
3.2616241239011288,20.55
3.263103000819683,20.55
3.264599684625864,20.55
3.2660791613161564,20.55
3.267565790563822,20.55
3.269040308892727,20.55
3.2705322094261646,20.55
3.271982464939356,20.55
3.273480772972107,20.54
3.2750111520290375,20.55
3.2764891907572746,20.55
3.2779839038848877,20.56
3.2794652618467808,20.57
3.28096591681242,20.58
3.282362472265959,20.58
3.28392431512475,20.58
3.285392791032791,20.58
3.286845188587904,20.58
3.288342658430338,20.58
3.289875641465187,20.58
3.2913730703294277,20.57
3.2928579561412334,20.57
3.294345524162054,20.57
3.295686859637499,20.57
3.2971791364252567,20.57
3.298790279775858,20.57
3.3002045191824436,20.57
3.301796454936266,20.57
3.303264670073986,20.57
3.3047662675380707,20.57
3.3062448129057884,20.57
3.3077228404581547,20.57
3.3092154003679752,20.57
3.3107153363525867,20.57
3.312178835272789,20.57
3.3134443312883377,20.57
3.3151542507112026,20.57
3.316433373838663,20.57
3.318074218928814,20.57
3.319557275623083,20.57
3.3211268708109856,20.57
3.3225301653146744,20.57
3.324030987918377,20.57
3.3255839832127094,20.57
3.326970834285021,20.57
3.328556962311268,20.57
3.3300434052944183,20.57
3.331538949161768,20.57
3.333015199750662,20.57
3.334499053657055,20.57
3.3360024988651276,20.57
3.3375065624713898,20.57
3.3388464897871017,20.57
3.340457957237959,20.57
3.3417925871908665,20.57
3.343381278216839,20.57
3.3449151068925858,20.57
3.3464076183736324,20.57
3.347901366651058,20.57
3.3493707068264484,20.57
3.350866749882698,20.57
3.3523639626801014,20.57
3.3538546711206436,20.57
3.355135641992092,20.57
3.3565990179777145,20.57
3.3583135344088078,20.57
3.3595816120505333,20.57
3.36125311255455,20.57
3.362540453672409,20.57
3.3641976192593575,20.57
3.36575635895133,20.58
3.367186401039362,20.58
3.368733547627926,20.57
3.3701136596500874,20.57
3.3716867715120316,20.57
3.373188868165016,20.57
3.3746738731861115,20.57
3.3761650770902634,20.57
3.377658188343048,20.57
3.3791343234479427,20.57
3.3806260339915752,20.57
3.382118634879589,20.57
3.3835444934666157,20.57
3.385021422058344,20.57
3.386416330933571,20.58
3.3879930526018143,20.57
3.3893929198384285,20.57
3.3909863345324993,20.57
3.3923428021371365,20.57
3.3940111622214317,20.57
3.3953056558966637,20.57
3.3969810530543327,20.57
3.3982777185738087,20.57
3.3999458849430084,20.57
3.4012806117534637,20.57
3.4029160626232624,20.57
3.404193952679634,20.57
3.405875664204359,20.57
3.4071804024279118,20.57
3.4088289253413677,20.57
3.4103843234479427,20.57
3.4117810986936092,20.57
3.413347952067852,20.57
3.4147756583988667,20.57
3.4163327254354954,20.57
3.4177419170737267,20.57
3.4193059019744396,20.57
3.420690666884184,20.57
3.422236315906048,20.57
3.4236562103033066,20.57
3.425246000289917,20.57
3.4266044199466705,20.57
3.4281640611588955,20.57
3.429670501500368,20.57
3.431125447154045,20.57
3.4325336441397667,20.57
3.4340859912335873,20.57
3.435504514724016,20.57
3.4370053224265575,20.57
3.4386409036815166,20.57
3.4399522729218006,20.57
3.441430449485779,20.57
3.4430383667349815,20.57
3.444377664476633,20.57
3.4460836313664913,20.57
3.4475581124424934,20.57
3.4490153044462204,20.57
3.4503215849399567,20.58
3.451988749206066,20.57
3.4532788917422295,20.57
3.454938616603613,20.57
3.4565052427351475,20.57
3.4579241909086704,20.57
3.4594629518687725,20.57
3.4609674252569675,20.58
3.462439604103565,20.58
3.46382625028491,20.57
3.4654091708362103,20.57
3.4668011590838432,20.57
3.46839015558362,20.57
3.4697521962225437,20.57
3.4713291190564632,20.57
3.472845781594515,20.57
3.474210273474455,20.57
3.475793555378914,20.58
3.47719631716609,20.58
3.478645369410515,20.57
3.4803089760243893,20.58
3.481642037630081,20.58
3.4831116795539856,20.58
3.4847668893635273,20.58
3.486039560288191,20.57
3.4877254888415337,20.57
3.489032682031393,20.57
3.490695148706436,20.57
3.4919783547520638,20.57
3.493673276156187,20.58
3.495077956467867,20.58
3.4966272078454494,20.58
3.4981457628309727,20.58
3.4996231459081173,20.58
3.501112390309572,20.58
3.502595603466034,20.58
3.50408174097538,20.58
3.505573060363531,20.58
3.506983183324337,20.58
3.508568186312914,20.58
3.5100324153900146,20.58
3.51143204793334,20.58
3.5129957795143127,20.58
3.514445446431637,20.58
3.51597585901618,20.57
3.5173650570213795,20.58
3.5189277082681656,20.58
3.5203800424933434,20.58
3.521950166672468,20.58
3.5232799239456654,20.58
3.524854615330696,20.58
3.526259832084179,20.58
3.527727734297514,20.58
3.529390439391136,20.58
3.530844744294882,20.58
3.53224216401577,20.58
3.5336421951651573,20.58
3.5353247448801994,20.58
3.5367182083427906,20.57
3.5381289273500443,20.57
3.539779469370842,20.57
3.5412806309759617,20.57
3.5427369214594364,20.58
3.5442677214741707,20.57
3.5456933602690697,20.57
3.5472450256347656,20.58
3.5486531741917133,20.58
3.550204761326313,20.58
3.551614087074995,20.57
3.553122330456972,20.58
3.5546690225601196,20.57
3.556084893643856,20.57
3.557613141834736,20.57
3.5590119399130344,20.57
3.560627829283476,20.58
3.561993271112442,20.57
3.5635951161384583,20.57
3.565054029226303,20.57
3.566516000777483,20.57
3.5679168179631233,20.57
3.5695647038519382,20.58
3.5709013268351555,20.57
3.5725326538085938,20.57
3.5738322883844376,20.57
3.5754968635737896,20.57
3.5768058225512505,20.58
3.578278608620167,20.57
3.5799579694867134,20.58
3.581240024417639,20.58
3.5829164311289787,20.57
3.5842063538730145,20.57
3.58590342476964,20.57
3.5874178893864155,20.58
3.5889000967144966,20.57
3.590288944542408,20.57
3.591872949153185,20.57
3.5933553874492645,20.57
3.5947549417614937,20.57
3.5963272526860237,20.57
3.5978090204298496,20.57
3.5991406738758087,20.57
3.600680708885193,20.57
3.6022612638771534,20.57
3.6036420725286007,20.57
3.6052141040563583,20.57
3.6066757179796696,20.57
3.6082282811403275,20.57
3.6095684245228767,20.57
3.61119619384408,20.57
3.612542126327753,20.57
3.614105951040983,20.57
3.615672465413809,20.57
3.617009773850441,20.57
3.6185299195349216,20.57
3.619967844337225,20.57
3.621605906635523,20.57
3.6230118609964848,20.57
3.6245862506330013,20.57
3.6260775849223137,20.57
3.627565760165453,20.57
3.629043024033308,20.57
3.630528900772333,20.57
3.6320151910185814,20.57
3.6335086077451706,20.57
3.6350020430982113,20.58
3.636492021381855,20.57
3.637975972145796,20.57
3.639458369463682,20.58
3.6408549547195435,20.58
3.6424146443605423,20.58
3.643905807286501,20.57
3.6453166492283344,20.57
3.6468955539166927,20.58
3.648299418389797,20.58
3.6498193629086018,20.58
3.651224549859762,20.58
3.652840282768011,20.58
3.6542626321315765,20.57
3.65574499219656,20.57
3.6572272703051567,20.58
3.6587371677160263,20.57
3.660156186670065,20.58
3.6616340316832066,20.58
3.6632584556937218,20.57
3.664582185447216,20.58
3.6662266924977303,20.57
3.6675356924533844,20.57
3.6692126989364624,20.58
3.6704918146133423,20.58
3.6721804179251194,20.58
3.6736735850572586,20.58
3.6751228496432304,20.58
3.6766469180583954,20.57
3.6779621206223965,20.57
3.6795725785195827,20.57
3.681126542389393,20.58
3.6825317926704884,20.58
3.6841029822826385,20.58
3.685571651905775,20.58
3.686905860900879,20.58
3.68848492577672,20.57
3.690015185624361,20.57
3.691444031894207,20.58
3.6928655430674553,20.58
3.6945210732519627,20.57
3.695887729525566,20.57
3.697439543902874,20.58
3.6988563053309917,20.57
3.7003982923924923,20.57
3.701934088021517,20.57
3.703368928283453,20.58
3.7048961110413074,20.58
3.7062544487416744,20.58
3.707883059978485,20.58
3.7092014141380787,20.57
3.710862699896097,20.58
3.7121878899633884,20.58
3.7136459685862064,20.58
3.715318214148283,20.58
3.7167692482471466,20.58
3.7182920798659325,20.58
3.7197903841733932,20.58
3.7210679091513157,20.58
3.722772665321827,20.57
3.724006872624159,20.57
3.7257400937378407,20.58
3.7271688915789127,20.58
3.7287176847457886,20.58
3.7302049435675144,20.58
3.731683664023876,20.58
3.7331735715270042,20.58
3.7346605733036995,20.58
3.7361476458609104,20.58
3.737631820142269,20.58
3.739130489528179,20.58
3.74057899042964,20.57
3.7419754341244698,20.58
3.743547808378935,20.58
3.7450643852353096,20.58
3.7465112321078777,20.58
3.747909836471081,20.58
3.7494958750903606,20.58
3.751027200371027,20.58
3.7523413859307766,20.58
3.753823544830084,20.58
3.7554928734898567,20.58
3.756992280483246,20.58
3.758419644087553,20.58
3.7599505335092545,20.58
3.7612471133470535,20.58
3.762914050370455,20.58
3.7642050087451935,20.58
3.7659043706953526,20.58
3.7673150151968002,20.58
3.7688316740095615,20.58
3.7703936584293842,20.58
3.771798934787512,20.58
3.773359626531601,20.58
3.7748465053737164,20.58
3.7762511111795902,20.58
3.7778166607022285,20.58
3.7792072035372257,20.58
3.7806925177574158,20.58
3.7822620794177055,20.57
3.7837748788297176,20.58
3.78524249792099,20.58
3.786711987107992,20.58
3.7882162891328335,20.57
3.789701208472252,20.58
3.79119773209095,20.58
3.792682945728302,20.58
3.7941687926650047,20.58
3.7956636510789394,20.58
3.7971576415002346,20.58
3.798639327287674,20.58
3.800137050449848,20.58
3.8016172125935555,20.58
3.802907630801201,20.58
3.8045943714678288,20.58
3.805872831493616,20.58
3.807548265904188,20.58
3.809052050113678,20.58
3.810313895344734,20.58
3.8120146691799164,20.58
3.8135022930800915,20.58
3.814996037632227,20.58
3.816510371863842,20.58
3.817903194576502,20.58
3.819444876164198,20.58
3.820943683385849,20.58
3.822452124208212,20.58
3.823826175183058,20.58
3.825399186462164,20.58
3.82687359303236,20.58
3.828383404761553,20.58
3.8297997899353504,20.58
3.8313267678022385,20.57
3.8327279314398766,20.58
3.8343350514769554,20.58
3.8358254246413708,20.58
3.8371696434915066,20.58
3.8387645296752453,20.58
3.8401573821902275,20.58
3.8417826034128666,20.58
3.8432657457888126,20.58
3.8445965126156807,20.58
3.8462448082864285,20.58
3.847725812345743,20.58
3.849015038460493,20.58
3.850677464157343,20.58
3.8520082868635654,20.58
3.8536553643643856,20.58
3.8551630564033985,20.58
3.8566066585481167,20.58
3.857904799282551,20.58
3.8595724813640118,20.58
3.8611133582890034,20.58
3.8625373542308807,20.58
3.8639872074127197,20.58
3.8655711114406586,20.58
3.8670547418296337,20.58
3.868554886430502,20.58
3.8699384927749634,20.58
3.8715195916593075,20.58
3.873003527522087,20.58
3.874386016279459,20.58
3.8759544901549816,20.58
3.8773791901767254,20.58
3.8788495510816574,20.58
3.880424913018942,20.58
3.8818737380206585,20.58
3.883378393948078,20.58
3.884798426181078,20.58
3.886309415102005,20.58
3.8877542056143284,20.58
3.889287829399109,20.58
3.8908771872520447,20.58
3.8921691179275513,20.58
3.893651310354471,20.58
3.895323932170868,20.58
3.8966203220188618,20.58
3.8982740938663483,20.58
3.899580664932728,20.58
3.901285484433174,20.58
3.902780931442976,20.58
3.9042059145867825,20.58
3.905499041080475,20.58
3.9071722663939,20.58
3.9087190069258213,20.58
3.9101981706917286,20.58
3.9116147570312023,20.58
3.913172233849764,20.58
3.914650771766901,20.58
3.9160648323595524,20.58
3.917471509426832,20.58
3.9190525487065315,20.58
3.920622128993273,20.58
3.922040056437254,20.58
3.923592198640108,20.58
3.9250814504921436,20.58
3.9265629053115845,20.58
3.928057387471199,20.58
3.9295424930751324,20.58
3.93103064969182,20.58
3.9325245693325996,20.58
3.9340058714151382,20.58
3.935489282011986,20.58
3.9369683377444744,20.58
3.9384626001119614,20.58
3.9399492628872395,20.58
3.941438190639019,20.58
3.9429317004978657,20.58
3.9444161131978035,20.58
3.9458940364420414,20.58
3.947396032512188,20.58
3.9488428197801113,20.58
3.9503453597426414,20.58
3.95180419459939,20.58
3.9533441066741943,20.58
3.954841110855341,20.58
3.95632441714406,20.58
3.9578070379793644,20.58
3.9592826664447784,20.58
3.9607679955661297,20.58
3.962261289358139,20.58
3.9637573435902596,20.59
3.965214926749468,20.58
3.9666766189038754,20.58
3.9681309163570404,20.58
3.9695798121392727,20.58
3.9711984917521477,20.58
3.9725305177271366,20.58
3.9740918278694153,20.58
3.975605681538582,20.58
3.9771605618298054,20.58
3.9786447510123253,20.59
3.9799392744898796,20.59
3.9816137179732323,20.59
3.9831122010946274,20.59
3.984416823834181,20.59
3.986079268157482,20.59
3.987360402941704,20.58
3.9890311770141125,20.58
3.990335386246443,20.58
3.991994071751833,20.58
3.993356604129076,20.58
3.994970429688692,20.58
3.996244966983795,20.58
3.997975993901491,20.58
3.9993937462568283,20.58
4.0009451135993,20.58
4.002437386661768,20.58
4.0039049088954926,20.59
4.005350485444069,20.58
4.0068770833313465,20.58
4.008283466100693,20.58
4.0098754949867725,20.57
4.011234495788813,20.58
4.012780074030161,20.59
4.014343615621328,20.59
4.015685219317675,20.59
4.017262730747461,20.58
4.018690153956413,20.59
4.020173188298941,20.59
4.021752450615168,20.58
4.023096684366465,20.58
4.024748396128416,20.59
4.026104975491762,20.59
4.027713868767023,20.59
4.029197379946709,20.59
4.030495725572109,20.58
4.032186653465033,20.59
4.033672407269478,20.59
4.035131718963385,20.59
4.036617446690798,20.59
4.037955969572067,20.59
4.039603352546692,20.59
4.0408769473433495,20.58
4.042606916278601,20.59
4.043909449130297,20.59
4.045579332858324,20.59
4.047036945819855,20.59
4.048552367836237,20.59
4.050047028809786,20.59
4.051490664482117,20.59
4.05298313498497,20.59
4.054508596658707,20.59
4.055878426879644,20.59
4.057315729558468,20.59
4.0589804239571095,20.59
4.06038461625576,20.59
4.061922237277031,20.58
4.06327935308218,20.58
4.064843703061342,20.59
4.066412806510925,20.59
4.067814216017723,20.58
4.069381348788738,20.59
4.070687215775251,20.59
4.0723481476306915,20.6
4.07382957264781,20.59
4.07532524690032,20.58
4.076637342572212,20.57
4.078288804739714,20.58
4.0795800387859344,20.58
4.08128322288394,20.58
4.082557614892721,20.58
4.084264162927866,20.59
4.085531812161207,20.59
4.087245304137468,20.59
4.088651772588491,20.59
4.090208549052477,20.59
4.0916237980127335,20.59
4.0931752771139145,20.58
4.0945743434131145,20.58
4.096146356314421,20.58
4.097555477172136,20.59
4.099102783948183,20.59
4.100612889975309,20.59
4.102103758603334,20.58
4.103496510535479,20.58
4.105064712464809,20.58
4.1064947955310345,20.59
4.108064997941256,20.58
4.109400644898415,20.58
4.1110513508319855,20.58
4.112437315285206,20.59
4.114021025598049,20.58
4.11550610512495,20.58
4.116809036582708,20.58
4.118478380143642,20.58
4.11989276856184,20.58
4.121326215565205,20.58
4.122741427272558,20.59
4.124411046504974,20.58
4.125717829912901,20.58
4.127342369407415,20.58
4.128868743777275,20.58
4.130362715572119,20.59
4.131849382072687,20.58
4.133342865854502,20.58
4.134823173284531,20.59
4.136326145380735,20.59
4.137801963835955,20.59
4.1392900459468365,20.58
4.140770263969898,20.58
4.142259508371353,20.59
4.14375813677907,20.59
4.145232763141394,20.58
4.146729487925768,20.59
4.148180481046438,20.59
4.149596206843853,20.59
4.151165071874857,20.59
4.152688708156347,20.59
4.1540516540408134,20.58
4.155656725168228,20.59
4.157148439437151,20.59
4.158634979277849,20.59
4.160059172660112,20.59
4.16142164170742,20.59
4.163103446364403,20.58
4.164565373212099,20.58
4.166055496782064,20.58
4.167507015168667,20.58
4.169041123241186,20.59
4.170524507761002,20.59
4.172016400843859,20.59
4.173495814204216,20.59
4.174995642155409,20.59
4.176488354802132,20.59
4.1779734417796135,20.59
4.179455269128084,20.59
4.180966965854168,20.58
4.182428169995546,20.58
4.183844372630119,20.59
4.185391452163458,20.58
4.186897188425064,20.58
4.188392352312803,20.59
4.189865708351135,20.59
4.191361907869577,20.59
4.192846480756998,20.59
4.194343194365501,20.59
4.195816162973642,20.59
4.197309512645006,20.59
4.19881372153759,20.59
4.200126249343157,20.59
4.20169086009264,20.58
4.203120701014996,20.58
4.20465736463666,20.59
4.206087742000818,20.59
4.207735784351826,20.59
4.20921128615737,20.59
4.210697200149298,20.58
4.212176200002432,20.58
4.213666252791882,20.59
4.214953660964966,20.58
4.216656517237425,20.59
4.21790611371398,20.59
4.219575047492981,20.59
4.220894310623407,20.59
4.222554888576269,20.59
4.22410349547863,20.59
4.225544530898333,20.59
4.227063354104757,20.59
4.2285347282886505,20.59
4.230066280812025,20.59
4.231515739113092,20.59
4.232902646064758,20.59
4.234467830508947,20.59
4.236006278544664,20.59
4.237373825162649,20.59
4.238909512758255,20.59
4.24039525911212,20.59
4.241936799138784,20.59
4.243398565798998,20.59
4.244911689311266,20.59
4.246236801147461,20.59
4.247907888144255,20.59
4.249371517449617,20.59
4.2506942972540855,20.59
4.252362292259932,20.59
4.253835197538137,20.59
4.255325134843588,20.59
4.256810665130615,20.59
4.258106477558613,20.59
4.259779546409845,20.59
4.261134464293718,20.59
4.262770567089319,20.59
4.2642546109855175,20.59
4.265743497759104,20.59
4.267228569835424,20.59
4.268644642084837,20.59
4.2702127024531364,20.59
4.271609585732222,20.59
4.27318961173296,20.59
4.274586144834757,20.59
4.276132546365261,20.59
4.277643900364637,20.59
4.279130339622498,20.59
4.2806141898036,20.59
4.28209350630641,20.59
4.283586133271456,20.59
4.285020861774683,20.59
4.2864663526415825,20.59
4.288030382245779,20.59
4.289559472352266,20.59
4.291024774312973,20.59
4.292514238506556,20.59
4.294010926038027,20.6
4.2954892590641975,20.6
4.296832446008921,20.59
4.29846977815032,20.59
4.299791298806667,20.6
4.301440846174955,20.6
4.302738968282938,20.6
4.304413214325905,20.59
4.305903725326061,20.6
4.307292032986879,20.6
4.308875251561403,20.6
4.310139544308186,20.59
4.311828598380089,20.59
4.313358951359987,20.6
4.31476429104805,20.6
4.31632612273097,20.59
4.31772930547595,20.59
4.319319758564234,20.59
4.320725329220295,20.6
4.322242576628923,20.59
4.323677055537701,20.59
4.32520804181695,20.6
4.32673105224967,20.59
4.328226312994957,20.59
4.329618915915489,20.59
4.331135023385286,20.59
4.332559954375029,20.59
4.334119599312544,20.6
4.335645992308855,20.59
4.337008494883776,20.59
4.3385571129620075,20.6
4.339947361499071,20.6
4.341505315154791,20.6
4.343014597892761,20.59
4.344587687402964,20.6
4.345903187990189,20.6
4.347578931599855,20.6
4.349050931632519,20.6
4.3505239598453045,20.59
4.351958405226469,20.59
4.353490520268679,20.6
4.354768469929695,20.6
4.3564957566559315,20.6
4.357915159314871,20.6
4.359469089657068,20.6
4.360972363501787,20.6
4.3624316565692425,20.6
4.363938957452774,20.6
4.365411851555109,20.6
4.366879802197218,20.6
4.368297394365072,20.6
4.369835067540407,20.59
4.371389400213957,20.61
4.372795794159174,20.61
4.374346047639847,20.61
4.375700663775206,20.62
4.377245884388685,20.62
4.378678608685732,20.62
4.380301773548126,20.62
4.38177190721035,20.62
4.3831078596413136,20.62
4.384574327617884,20.61
4.386083219200373,20.61
4.38772426918149,20.62
4.38905306905508,20.61
4.390717092901468,20.62
4.392217189073563,20.62
4.393465239554644,20.62
4.394944652915001,20.61
4.396447367966175,20.62
4.398149859160185,20.61
4.399592589586973,20.62
4.401131048798561,20.62
4.402620289474726,20.61
4.404074255377054,20.61
4.405506260693073,20.61
4.407008249312639,20.62
4.408532649278641,20.62
4.409980431199074,20.61
4.411520529538393,20.61
4.412992879748344,20.61
4.4144877679646015,20.61
4.415925156325102,20.61
4.417423382401466,20.61
4.418980587273836,20.61
4.420405384153128,20.62
4.421919617801905,20.61
4.423376310616732,20.62
4.424768205732107,20.62
4.426366828382015,20.62
4.4279080629348755,20.62
4.429212357848883,20.62
4.430853512138128,20.63
4.432180147618055,20.61
4.4338511899113655,20.6
4.43513498082757,20.6
4.4367980025708675,20.6
4.438267275691032,20.61
4.439578775316477,20.61
4.441245276480913,20.61
4.442541480064392,20.61
4.444227252155542,20.6
4.445763818919659,20.6
4.447252582758665,20.61
4.448728695511818,20.61
4.449970241636038,20.61
4.451688915491104,20.61
4.453162517398596,20.61
4.454685643315315,20.6
4.45605305954814,20.6
4.457616988569498,20.59
4.45913989469409,20.59
4.4605829156935215,20.58
4.4620016887784,20.58
4.463539879769087,20.58
4.464979324489832,20.58
4.466556195169687,20.58
4.467904422432184,20.58
4.469540186226368,20.58
4.470894172787666,20.59
4.472485590726137,20.59
4.474018298089504,20.59
4.4753642827272415,20.59
4.476972162723541,20.59
4.478463675826788,20.59
4.479867570102215,20.59
4.4814234003424644,20.59
4.4827517084777355,20.59
4.484431680291891,20.59
4.485922813415527,20.59
4.4871759712696075,20.58
4.488843750208616,20.59
4.4901368878781796,20.59
4.491831257939339,20.58
4.493342757225037,20.59
4.494828835129738,20.59
4.496328249573708,20.59
4.497814130038023,20.59
4.499269634485245,20.59
4.500774621963501,20.59
4.502216771245003,20.59
4.503754120320082,20.59
4.505242869257927,20.59
4.506714146584272,20.59
4.508229911327362,20.59
4.50970433652401,20.59
4.511088322848082,20.59
4.512622028589249,20.59
4.514046475291252,20.59
4.515655696392059,20.59
4.517142683267593,20.59
4.51863894239068,20.59
4.520129136741161,20.59
4.521437168121338,20.59
4.523113489151001,20.59
4.524593096226454,20.59
4.525877643376589,20.59
4.527547053992748,20.58
4.529050901532173,20.59
4.530540317296982,20.59
4.53201661631465,20.58
4.533538468182087,20.58
4.5349440686404705,20.59
4.5364668518304825,20.59
4.537995710968971,20.58
4.539475664496422,20.59
4.5409553200006485,20.59
4.542439732700586,20.59
4.543938025832176,20.59
4.545416820794344,20.59
4.5468803979456425,20.59
4.5482855476439,20.59
4.5498371087014675,20.58
4.551273748278618,20.58
4.552753444761038,20.58
4.554281011223793,20.58
4.555761869996786,20.59
4.557165216654539,20.59
4.558767139911652,20.58
4.560302436351776,20.59
4.5617845468223095,20.58
4.563219990581274,20.58
4.564580213278532,20.58
4.5662511102855206,20.59
4.567557644098997,20.59
4.569222163408995,20.59
4.570509664714336,20.59
4.572171349078417,20.59
4.573647879064083,20.58
4.57515986263752,20.58
4.576425105333328,20.59
4.578152660280466,20.59
4.579580400139093,20.59
4.580902565270662,20.59
4.582568556070328,20.59
4.584084201604128,20.59
4.585588760674,20.59
4.586985994130373,20.59
4.588543385267258,20.59
4.5899480655789375,20.59
4.591527573764324,20.58
4.592929858714342,20.58
4.594409957528114,20.58
4.595984395593405,20.59
4.597499333322048,20.59
4.598829951137304,20.58
4.600450191646814,20.58
4.601942542940378,20.59
4.60335148870945,20.59
4.6047734916210175,20.58
4.6063363291323185,20.58
4.607863549143076,20.58
4.609294977039099,20.58
4.610881358385086,20.58
4.6121748350560665,20.59
4.613844361156225,20.58
4.615135300904512,20.59
4.616815160959959,20.59
4.618117641657591,20.58
4.619795076549053,20.58
4.621086645871401,20.58
4.622738562524319,20.58
4.624268338084221,20.58
4.625550150871277,20.58
4.627173028886318,20.58
4.628716818988323,20.58
4.63021956756711,20.59
4.6316916681826115,20.59
4.633172009140253,20.59
4.634665880352259,20.59
4.636163279414177,20.58
4.63764800876379,20.59
4.639126431196928,20.59
4.640636365860701,20.59
4.64212929084897,20.59
4.643616948276758,20.59
4.644945930689573,20.59
4.646555993705988,20.59
4.647912245243788,20.59
4.649395149201155,20.59
4.650963954627514,20.59
4.652522768825293,20.59
4.6540075577795506,20.59
4.655509293079376,20.59
4.6569858230650425,20.59
4.658471893519163,20.58
4.65998325124383,20.58
4.661454785615206,20.59
4.6629072315990925,20.58
4.664302609860897,20.58
4.665910165756941,20.59
4.667179498821497,20.59
4.66886468231678,20.59
4.670393232256174,20.59
4.6718764975667,20.59
4.673358492553234,20.59
4.674849286675453,20.59
4.676325980573893,20.59
4.677823260426521,20.59
4.679310780018568,20.59
4.68079013004899,20.59
4.682245954871178,20.59
4.683688011020422,20.59
4.685180995613337,20.59
4.686737067997456,20.59
4.6882238276302814,20.59
4.689714513719082,20.59
4.691206824034452,20.59
4.6926838755607605,20.59
4.694179676473141,20.59
4.695515222847462,20.58
4.697153802961111,20.58
4.698481906205416,20.58
4.700134243816137,20.58
4.7016313299536705,20.58
4.703101947903633,20.58
4.704401921480894,20.59
4.706076171249151,20.59
4.707580756396055,20.58
4.709039401262999,20.58
4.71044385060668,20.59
4.712015695869923,20.58
4.713289499282837,20.59
4.714962840080261,20.59
4.716255843639374,20.59
4.717983838170767,20.59
4.719390217214823,20.58
4.72095039114356,20.59
4.722355246543884,20.59
4.723927427083254,20.59
4.725416209548712,20.59
4.726899571716785,20.59
4.728388890624046,20.59
4.729875519871712,20.59
4.7313745357096195,20.59
4.73271968215704,20.59
4.73434204608202,20.59
4.735825151205063,20.59
4.737330183386803,20.59
4.73880210891366,20.58
4.740292865782976,20.58
4.741638895124197,20.59
4.743274003267288,20.59
4.7447567991912365,20.59
4.7460857927799225,20.59
4.747730772942305,20.59
4.749214053153992,20.59
4.750700619071722,20.59
4.752194497734308,20.59
4.753682978451252,20.59
4.755173563957214,20.59
4.756668105721474,20.59
4.758107535541058,20.59
4.759624194353819,20.59
4.761109404265881,20.59
4.762616120278835,20.58
4.764099560678005,20.58
4.76557494327426,20.58
4.7670624405145645,20.58
4.768555898219347,20.58
4.770036473870277,20.58
4.771533139050007,20.58
4.773025639355183,20.58
4.77438422665,20.58
4.775996472686529,20.59
4.777482207864523,20.58
4.778973869979382,20.58
4.780456066131592,20.59
4.781866177916527,20.59
4.783365726470947,20.59
4.7847716845571995,20.59
4.786309834569693,20.58
4.787729103118181,20.58
4.7893932312726974,20.59
4.790766220539808,20.59
4.792190853506327,20.59
4.793749127537012,20.59
4.795158930122852,20.58
4.796806965023279,20.59
4.798117253929377,20.59
4.799769923090935,20.59
4.8010675348341465,20.59
4.8027339316904545,20.58
4.804066374897957,20.59
4.805724147707224,20.59
4.807000737637281,20.59
4.808677364140749,20.59
4.8102145455777645,20.59
4.811615448445082,20.59
4.81321119889617,20.59
4.81457806378603,20.59
4.8161633014678955,20.59
4.817626345902681,20.59
4.81902464479208,20.59
4.820638507604599,20.58
4.8219796270132065,20.59
4.823562201112509,20.59
4.825095549225807,20.59
4.826504115015268,20.59
4.827924095094204,20.59
4.829518131911755,20.59
4.831039234995842,20.59
4.832364734262228,20.59
4.834022715687752,20.58
4.835318844765425,20.59
4.836993310600519,20.59
4.8383206352591515,20.59
4.839963976293802,20.59
4.841292500495911,20.59
4.842940915375948,20.59
4.844418868422508,20.59
4.845921702682972,20.59
4.847404066473246,20.59
4.848656464368105,20.59
4.850321799516678,20.59
4.8518712520599365,20.59
4.853298727422953,20.59
4.85483418405056,20.59
4.856274724006653,20.59
4.857767377048731,20.59
4.859226372092962,20.59
4.860785353928804,20.59
4.862192165106535,20.59
4.863739021122456,20.59
4.865189746022224,20.59
4.866699952632189,20.59
4.8680992014706135,20.59
4.869654484093189,20.59
4.8711186572909355,20.59
4.872701186686754,20.59
4.874025300145149,20.59
4.875618025660515,20.59
4.877070683985949,20.59
4.878469128161669,20.59
4.880149766802788,20.59
4.881440714001656,20.59
4.8830731473863125,20.59
4.88458189740777,20.59
4.886080153286457,20.59
4.887354914098978,20.59
4.888856630772352,20.59
4.890535939484835,20.59
4.892038092017174,20.59
4.893280208110809,20.59
4.894965086132288,20.59
4.896252200007439,20.58
4.89798042550683,20.59
4.899420861154795,20.58
4.900969162583351,20.58
4.902368735522032,20.59
4.903853595256805,20.59
4.905350420624018,20.59
4.906876847147942,20.59
4.908318877220154,20.59
4.909863978624344,20.59
4.911257967352867,20.59
4.912837635725737,20.59
4.914256062358618,20.59
4.915836922824383,20.59
4.9172376953065395,20.59
4.918658073991537,20.59
4.920151099562645,20.59
4.9217941500246525,20.59
4.923136617988348,20.59
4.924702495336533,20.59
4.926219508051872,20.59
4.927726656198502,20.59
4.929058540612459,20.59
4.930615559220314,20.59
4.932107627391815,20.59
4.933667916804552,20.59
4.935033317655325,20.59
4.936438921838999,20.59
4.938106965273619,20.59
4.93962886556983,20.59
4.940885219722986,20.59
4.94255430623889,20.59
4.944104179739952,20.59
4.945579614490271,20.59
4.946984976530075,20.59
4.948568981140852,20.59
4.950043369084597,20.59
4.951555281877518,20.59
4.952976856380701,20.59
4.954516772180796,20.59
4.9559716284275055,20.59
4.957479160279036,20.59
4.958844646811485,20.59
4.960404999554157,20.59
4.961871478706598,20.59
4.963444255292416,20.59
4.964878022670746,20.59
4.966337285935879,20.59
4.967848360538483,20.59
4.969398330897093,20.59
4.9706950187683105,20.59
4.972354751080275,20.59
4.973726160824299,20.59
4.975336540490389,20.59
4.976675674319267,20.59
4.978297308087349,20.59
4.979782037436962,20.59
4.9812661074101925,20.59
4.982762515544891,20.59
4.984243139624596,20.59
4.985742811113596,20.59
4.987211216241121,20.59
4.98871660977602,20.59
4.990201022475958,20.59
4.991697795689106,20.59
4.99318677559495,20.59
4.994668211787939,20.59
4.995985079556704,20.59
4.997611965984106,20.59
4.999115776270628,20.59
5.000544670969248,20.59
5.002097092568874,20.59
5.003475911915302,20.59
5.0050462037324905,20.59
5.006560444831848,20.59
5.008011817932129,20.59
5.009405497461557,20.59
5.010902583599091,20.59
5.012449994683266,20.59
5.01385236158967,20.59
5.015403319150209,20.59
5.016820281744003,20.59
5.018361438065767,20.59
5.019769053906202,20.59
5.021438956260681,20.59
5.022741179913282,20.59
5.024407487362623,20.59
5.025728523731232,20.59
5.027384404093027,20.59
5.0286878645420074,20.59
5.030354883521795,20.59
5.031625289469957,20.59
5.0332950465381145,20.59
5.034762647002935,20.59
5.036250997334719,20.59
5.037732649594545,20.59
5.039292640984058,20.59
5.040719408541918,20.59
5.04214783012867,20.59
5.043768782168627,20.59
5.045132175087929,20.59
5.046702165156603,20.59
5.048223119229078,20.59
5.04970383271575,20.6
5.051205158233643,20.59
5.052693910896778,20.59
5.054025147110224,20.59
5.055650871247053,20.59
5.057146020233631,20.59
5.058481395244598,20.59
5.060118213295937,20.59
5.061454076319933,20.59
5.063101943582296,20.59
5.0645813792943954,20.59
5.066070977598429,20.59
5.067557383328676,20.59
5.069044668227434,20.59
5.070360794663429,20.59
5.072021529078484,20.59
5.073503784835339,20.59
5.074997860938311,20.59
5.076487343758345,20.59
5.077980250120163,20.59
5.0794527977705,20.59
5.080944675952196,20.59
5.082434825599194,20.59
5.083925094455481,20.59
5.085405051708221,20.59
5.086842209100723,20.59
5.088362235575914,20.59
5.0898740366101265,20.59
5.091350983828306,20.6
5.09283746778965,20.6
5.094342466443777,20.6
5.095822531729937,20.6
5.09724823012948,20.59
5.098671838641167,20.59
5.100223358720541,20.6
5.101727150380611,20.6
5.103146929293871,20.59
5.104748282581568,20.59
5.106244709342718,20.59
5.107734490185976,20.59
5.109023619443178,20.59
5.1106926910579205,20.6
5.112008046358824,20.6
5.113671142607927,20.59
5.1149600856006145,20.6
5.116636835038662,20.6
5.1181293949484825,20.6
5.1196272522211075,20.6
5.121043253690004,20.6
5.122589726001024,20.6
5.124073531478643,20.6
5.125570576637983,20.6
5.127055190503597,20.6
5.128552287817001,20.6
5.130041550844908,20.59
5.131531793624163,20.6
5.132915012538433,20.6
5.1344612538814545,20.6
5.135996125638485,20.6
5.137369390577078,20.6
5.138868365436792,20.6
5.140444949269295,20.59
5.141884688287973,20.59
5.143280595541,20.6
5.144906308501959,20.6
5.146394215524197,20.6
5.14789056032896,20.6
5.149208307266235,20.59
5.150874178856611,20.59
5.152325566858053,20.59
5.153795413672924,20.59
5.155337888747454,20.6
5.1566265150904655,20.6
5.158299453556538,20.59
5.1595797426998615,20.6
5.161242354661226,20.6
5.162568163126707,20.59
5.1642474345862865,20.59
5.16571594029665,20.6
5.166983909904957,20.6
5.168671917170286,20.6
5.170169122517109,20.6
5.171496514230967,20.6
5.173183761537075,20.6
5.1745792254805565,20.6
5.17615832388401,20.6
5.177549552172422,20.6
5.1791401244699955,20.6
5.18051141500473,20.6
5.182085622102022,20.6
5.183482106775045,20.59
5.185065906494856,20.61
5.186515349894762,20.6
5.187998730689287,20.6
5.189536202698946,20.6
5.190923761576414,20.6
5.192453350871801,20.6
5.193850513547659,20.6
5.195440977811813,20.6
5.1968103386461735,20.6
5.198462411761284,20.6
5.1998640932142735,20.6
5.201446916908026,20.6
5.202925156801939,20.6
5.204218775033951,20.6
5.205934967845678,20.6
5.207367829978466,20.6
5.208835080265999,20.6
5.210361324250698,20.6
5.211845759302378,20.6
5.213333737105131,20.6
5.214834224432707,20.6
5.216331157833338,20.6
5.217737879604101,20.6
5.2192842327058315,20.6
5.220724705606699,20.6
5.222152810543776,20.6
5.223665300756693,20.6
5.225232265889645,20.6
5.226665511727333,20.6
5.228196606040001,20.6
5.229582633823156,20.6
5.231179386377335,20.6
5.232556127011776,20.6
5.234157331287861,20.6
5.235534533858299,20.6
5.237150192260742,20.6
5.238499641418457,20.6
5.239953521639109,20.6
5.241568099707365,20.6
5.24300093203783,20.6
5.244434222579002,20.6
5.246066518127918,20.6
5.247377764433622,20.6
5.249050848186016,20.6
5.25039953365922,20.6
5.251996275037527,20.6
5.253495443612337,20.6
5.254949599504471,20.6
5.2564807422459126,20.6
5.257966950535774,20.6
5.2594487480819225,20.6
5.260938428342342,20.6
5.262428589165211,20.6
5.263909000903368,20.6
5.2654014229774475,20.6
5.266864623874426,20.6
5.268377039581537,20.6
5.26976964995265,20.6
5.271343264728785,20.6
5.27283750474453,20.6
5.274230528622866,20.6
5.2758155055344105,20.6
5.277192261070013,20.6
5.278779577463865,20.6
5.28017708286643,20.6
5.281639114022255,20.6
5.2831861563026905,20.6
5.284582477062941,20.6
5.286146704107523,20.6
5.287614841014147,20.6
5.289201483130455,20.6
5.290543265640736,20.6
5.291995100677013,20.6
5.293666463345289,20.6
5.295141126960516,20.6
5.296637237071991,20.6
5.29813078045845,20.6
5.2996202409267426,20.6
5.300891473889351,20.6
5.302590500563383,20.6
5.304072666913271,20.6
5.305579382926226,20.6
5.306985456496477,20.6
5.3085547015070915,20.6
5.309975538402796,20.6
5.311513353139162,20.6
5.31293985620141,20.61
5.314500700682402,20.6
5.315898612141609,20.6
5.31747018173337,20.61
5.318958390504122,20.61
5.320396035909653,20.61
5.3217971958220005,20.61
5.3233175948262215,20.6
5.324871137738228,20.6
5.326389219611883,20.6
5.3278221897780895,20.6
5.329354960471392,20.6
5.330849431455135,20.6
5.332357857376337,20.61
5.3336609452962875,20.61
5.335319396108389,20.61
5.336660455912352,20.61
5.3383002281188965,20.61
5.339774195104837,20.61
5.341120727360249,20.62
5.3427558690309525,20.61
5.3440521620213985,20.61
5.345735501497984,20.61
5.347077768296003,20.62
5.348704755306244,20.62
5.350189082324505,20.62
5.351685807108879,20.62
5.353186581283808,20.62
5.354609776288271,20.61
5.356165818870068,20.6
5.357628010213375,20.6
5.359118111431599,20.6
5.360609203577042,20.6
5.3619963973760605,20.6
5.3635727278888226,20.6
5.365017436444759,20.6
5.366543736308813,20.59
5.36794800683856,20.6
5.369508560746908,20.6
5.370914109051228,20.6
5.372502852231264,20.59
5.373875375837088,20.59
5.375405833125114,20.59
5.376990374177694,20.59
5.378469750285149,20.6
5.379953157156706,20.6
5.38143901899457,20.6
5.382920648902655,20.6
5.384404096752405,20.6
5.3857035003602505,20.59
5.387368757277727,20.59
5.388864643871784,20.6
5.390350580215454,20.59
5.391846437007189,20.59
5.393334619700909,20.59
5.39481957629323,20.6
5.396275207400322,20.6
5.397745590656996,20.6
5.39923957362771,20.6
5.4007896818220615,20.6
5.402251362800598,20.6
5.403758842498064,20.6
5.405152551829815,20.6
5.4067213498055935,20.6
5.408139053732157,20.6
5.409653540700674,20.6
5.41117961332202,20.6
5.412594195455313,20.6
5.414043512195349,20.6
5.415544927120209,20.6
5.417001936584711,20.6
5.418491385877132,20.6
5.420101925730705,20.6
5.421614587306976,20.6
5.423079315572977,20.6
5.424440823495388,20.6
5.425963249057531,20.6
5.427537094801664,20.6
5.428877636790276,20.6
5.43051465600729,20.6
5.431866932660341,20.6
5.433503691107035,20.6
5.4349705800414085,20.6
5.436473842710257,20.6
5.437964782118797,20.6
5.439242213964462,20.6
5.44091534242034,20.6
5.44242112711072,20.6
5.443906936794519,20.6
5.445406824350357,20.6
5.446799222379923,20.6
5.448307458311319,20.6
5.449851296842098,20.6
5.451283771544695,20.6
5.4528226517140865,20.6
5.454288728535175,20.6
5.45581654086709,20.6
5.457184188067913,20.59
5.458757121115923,20.6
5.460170313715935,20.6
5.461700472980738,20.6
5.463099017739296,20.6
5.464683383703232,20.6
5.4662423729896545,20.6
5.467712063342333,20.6
5.469021532684565,20.6
5.470535226166248,20.6
5.472199153155088,20.6
5.473652858287096,20.6
5.475142061710358,20.6
5.47664063423872,20.6
5.478114955127239,20.6
5.4796078614890575,20.6
5.4811020120978355,20.6
5.482566379010677,20.59
5.484049014747143,20.6
5.4855574034154415,20.6
5.487030774354935,20.6
5.488535601645708,20.6
5.490014050155878,20.6
5.491477198898792,20.6
5.492952320724726,20.59
5.494451489299536,20.59
5.495879407972097,20.6
5.497478451579809,20.6
5.498876675963402,20.59
5.500413730740547,20.6
5.501838851720095,20.6
5.503296732902527,20.6
5.504835054278374,20.6
5.506277848035097,20.61
5.507783364504576,20.6
5.509313087910414,20.6
5.510766111314297,20.59
5.512339353561401,20.59
5.513842258602381,20.59
5.51532195135951,20.59
5.516824636608362,20.59
5.518302898854017,20.59
5.519786451011896,20.59
5.5210757702589035,20.6
5.522742263972759,20.6
5.524228271096945,20.59
5.525726862251759,20.59
5.527200289070606,20.59
5.528684385120869,20.59
5.530176114290953,20.6
5.5316611640155315,20.6
5.533148545771837,20.59
5.534617900848389,20.6
5.536158226430416,20.59
5.537441223859787,20.59
5.539118144661188,20.59
5.540521036833525,20.59
5.542076759040356,20.59
5.543578866869211,20.6
5.544999893754721,20.6
5.546462137252092,20.6
5.547944724559784,20.6
5.549462169408798,20.6
5.5509245954453945,20.6
5.552359964698553,20.6
5.553990539163351,20.6
5.555325496941805,20.6
5.556901544332504,20.6
5.558458525687456,20.6
5.5598991103470325,20.6
5.561288300901651,20.6
5.562909092754126,20.6
5.564220670610666,20.6
5.565890789031982,20.6
5.567379131913185,20.6
5.568759340792894,20.6
5.570347428321838,20.6
5.571626346558332,20.6
5.5733371414244175,20.6
5.574766557663679,20.6
5.5761403031647205,20.59
5.577745735645294,20.6
5.579045653343201,20.6
5.580750793218613,20.6
5.582266271114349,20.6
5.583754692226648,20.6
5.5852364003658295,20.59
5.5866460502147675,20.59
5.588212236762047,20.6
5.589592382311821,20.6
5.591149285435677,20.6
5.592681150883436,20.59
5.594023212790489,20.6
5.595659580081701,20.6
5.59710930287838,20.6
5.59857926890254,20.6
5.599965427070856,20.6
5.601608455181122,20.6
5.60302409529686,20.6
5.604572549462318,20.6
5.605895739048719,20.6
5.60755180940032,20.6
5.6090458035469055,20.6
5.610525954514742,20.6
5.612012159079313,20.6
5.613487485796213,20.6
5.6149761117994785,20.6
5.616266440600157,20.6
5.617956604808569,20.6
5.61942695826292,20.6
5.620922319591045,20.6
5.622411262243986,20.6
5.623867765069008,20.6
5.625333413481712,20.6
5.626831863075495,20.6
5.628335177898407,20.6
5.629855800420046,20.6
5.6312618143856525,20.6
5.632806587964296,20.6
5.634217217564583,20.6
5.635694939643145,20.6
5.63730164244771,20.6
5.638800282031298,20.6
5.640284895896912,20.6
5.641724783927202,20.6
5.643113549798727,20.6
5.644698031246662,20.6
5.646065291017294,20.6
5.647718030959368,20.6
5.649067685008049,20.6
5.650630388408899,20.6
5.652010753750801,20.6
5.65363359823823,20.6
5.654961295425892,20.6
5.656648948788643,20.6
5.658117767423391,20.6
5.6596041433513165,20.6
5.661072302609682,20.6
5.662380859255791,20.6
5.66406038030982,20.6
5.665506262332201,20.6
5.667069736868143,20.6
5.668304733932018,20.6
5.669964928179979,20.6
5.671521689742804,20.6
5.673009093850851,20.6
5.6744896695017815,20.6
5.675981264561415,20.6
5.6774514131248,20.59
5.6788506507873535,20.6
5.680355165153742,20.6
5.681845787912607,20.6
5.683310329914093,20.6
5.684771351516247,20.59
5.686307746917009,20.59
5.687783557921648,20.59
5.689243867993355,20.59
5.6907345950603485,20.59
5.692211147397757,20.59
5.693844445049763,20.6
5.695332828909159,20.61
5.696807950735092,20.62
5.69829286634922,20.61
5.699784811586142,20.61
5.701094023883343,20.61
5.70275754109025,20.6
5.704226851463318,20.6
5.70571369305253,20.59
5.707196969538927,20.59
5.708682179450989,20.59
5.710184067487717,20.59
5.711645498871803,20.59
5.713098853826523,20.59
5.714416868984699,20.59
5.716074243187904,20.59
5.717628065496683,20.59
5.719119753688574,20.59
5.720594432204962,20.59
5.722024317830801,20.59
5.72357390448451,20.59
5.725054737180471,20.59
5.726549118757248,20.59
5.727952890098095,20.58
5.729493498802185,20.59
5.730930235236883,20.58
5.732504945248365,20.58
5.734000891447067,20.58
5.735377442091703,20.58
5.736846506595612,20.58
5.738323543220758,20.58
5.7399563156068325,20.58
5.741440020501614,20.58
5.742925196886063,20.58
5.7444145530462265,20.58
5.745906937867403,20.58
5.747377399355173,20.58
5.748868759721518,20.58
5.750349372625351,20.59
5.751714143902063,20.59
5.753319542855024,20.59
5.754804491996765,20.59
5.7562881745398045,20.59
5.757788471877575,20.59
5.759271781891584,20.59
5.760723739862442,20.58
5.762206859886646,20.59
5.7637253403663635,20.59
5.765206445008516,20.59
5.766706883907318,20.59
5.7681486420333385,20.59
5.76969862729311,20.59
5.771171677857637,20.59
5.772674411535263,20.59
5.774057600647211,20.58
5.775618072599173,20.58
5.777077525854111,20.58
5.77861587703228,20.58
5.779960922896862,20.58
5.781447093933821,20.58
5.783055983483791,20.58
5.784409295767546,20.58
5.78606316819787,20.58
5.787387449294329,20.59
5.788994640111923,20.59
5.790521617978811,20.59
5.791993569582701,20.58
5.793325558304787,20.58
5.794973034411669,20.59
5.796316187828779,20.58
5.79794143512845,20.58
5.799245975911617,20.58
5.8009218499064445,20.58
5.802410613745451,20.59
5.803875353187323,20.59
5.805179666727781,20.59
5.8068824633955956,20.59
5.808330371975899,20.59
5.809818275272846,20.58
5.811300992965698,20.59
5.812782149761915,20.59
5.814282543957233,20.59
5.815713666379452,20.59
5.817246362566948,20.58
5.818748738616705,20.58
5.820181492716074,20.58
5.821736924350262,20.59
5.823127508163452,20.59
5.824723914265633,20.59
5.8261160887777805,20.59
5.827586397528648,20.59
5.8291273303329945,20.59
5.830694776028395,20.58
5.832153845578432,20.58
5.833516970276833,20.59
5.835155826061964,20.58
5.836638029664755,20.58
5.838123742491007,20.58
5.839602164924145,20.58
5.841073472052813,20.59
5.842571094632149,20.59
5.844059370458126,20.59
5.845568191260099,20.59
5.84681511297822,20.59
5.8484863340854645,20.59
5.850009340792894,20.59
5.8514841720461845,20.59
5.853002853691578,20.58
5.854413829743862,20.58
5.855967003852129,20.59
5.857429627329111,20.59
5.858917381614447,20.59
5.860368683934212,20.59
5.861921653151512,20.59
5.86334104090929,20.58
5.864776369184256,20.59
5.866373252123594,20.59
5.867781847715378,20.59
5.8692989610135555,20.59
5.870709087699652,20.59
5.872225672006607,20.59
5.873704839497805,20.59
5.875326205044985,20.6
5.876804701983929,20.6
5.878293011337519,20.61
5.879774730652571,20.62
5.8812738917768,20.61
5.882743321359158,20.6
5.884237051010132,20.59
5.8857234716415405,20.59
5.887199308723211,20.58
5.888685870915651,20.58
5.890184924006462,20.58
5.891669284552336,20.58
5.893131248652935,20.58
5.894643131643534,20.58
5.89614525064826,20.57
5.8976338766515255,20.57
5.899041697382927,20.57
5.900562930852175,20.58
5.902050636708736,20.58
5.903513643890619,20.58
5.904985040426254,20.58
5.906471133232117,20.58
5.907959450036287,20.58
5.909414749592543,20.58
5.9109233021736145,20.58
5.9124300591647625,20.58
5.913879852741957,20.58
5.915376927703619,20.58
5.916952796280384,20.58
5.918308701366186,20.58
5.919787276536226,20.58
5.921439588069916,20.58
5.922915514558554,20.58
5.92440639808774,20.57
5.925909303128719,20.57
5.927374858409166,20.57
5.928858540952206,20.58
5.930348251014948,20.58
5.93165872618556,20.58
5.933140605688095,20.58
5.934801936149597,20.57
5.936249654740095,20.58
5.937800355255604,20.57
5.939277783036232,20.58
5.940719373524189,20.58
5.942237384617329,20.58
5.943679120391607,20.58
5.945161007344723,20.58
5.946703247725964,20.58
5.948130887001753,20.58
5.94968843087554,20.58
5.951070196926594,20.58
5.952635671943426,20.58
5.954136449843645,20.58
5.955557636916637,20.58
5.957034800201654,20.58
5.958516716957092,20.59
5.9600041173398495,20.58
5.9615797102451324,20.58
5.9630753472447395,20.58
5.964552164077759,20.58
5.96591142937541,20.58
5.967531926929951,20.58
5.9690287709236145,20.58
5.970529109239578,20.58
5.971998650580645,20.58
5.973500516265631,20.58
5.974966913461685,20.58
5.976461835205555,20.58
5.97773927077651,20.58
5.979439541697502,20.58
5.980913255363703,20.59
5.982414893805981,20.59
5.983901027590036,20.59
5.9853788167238235,20.58
5.986854858696461,20.58
5.988336820155382,20.58
5.989822953939438,20.58
5.991304989904165,20.59
5.992760017514229,20.58
5.994265500456095,20.58
5.995775490999222,20.59
5.997244380414486,20.59
5.998709533363581,20.59
6.0001424960792065,20.58
6.0017514787614346,20.59
6.003159448504448,20.58
6.004644557833672,20.59
6.006138749420643,20.59
6.007653050124645,20.58
6.0090664476156235,20.59
6.010619204491377,20.59
6.012176778167486,20.58
6.013677399605513,20.58
6.015163205564022,20.58
6.016439709812403,20.58
6.0181194096803665,20.58
6.0196025259792805,20.58
6.021079931408167,20.58
6.0225710272789,20.58
6.0240537747740746,20.58
6.025535687804222,20.58
6.027038067579269,20.58
6.028508868068457,20.58
6.029995143413544,20.58
6.031304985284805,20.58
6.032988045364618,20.58
6.0344685055315495,20.58
6.0359844118356705,20.58
6.037453919649124,20.58
6.038944236934185,20.58
6.040381669998169,20.58
6.041881702840328,20.58
6.043306462466717,20.58
6.0448522716760635,20.58
6.046315126121044,20.58
6.047821223735809,20.58
6.0492986515164375,20.58
6.0507991053164005,20.58
6.052326802164316,20.58
6.053696919232607,20.58
6.0553012154996395,20.58
6.056788690388203,20.58
6.058294516056776,20.58
6.059776555746794,20.58
6.061270944774151,20.59
6.062738139182329,20.59
6.064065773040056,20.59
6.065706480294466,20.58
6.067198108881712,20.59
6.068695027381182,20.58
6.070176959037781,20.58
6.071658082306385,20.58
6.072911236435175,20.59
6.074504476040602,20.59
6.07612968236208,20.58
6.077595848590136,20.59
6.07909993454814,20.58
6.080602660775185,20.58
6.082009017467499,20.58
6.083566341549158,20.58
6.085052236914635,20.59
6.086454622447491,20.58
6.087999742478132,20.58
6.089406631886959,20.59
6.090904351323843,20.59
6.092491503804922,20.59
6.093967981636524,20.58
6.095367517322302,20.59
6.096874441951513,20.59
6.098434053361416,20.58
6.099821042269468,20.58
6.101428788155317,20.58
6.102907359600067,20.59
6.104403559118509,20.58
6.105712652206421,20.58
6.107365787029266,20.58
6.108864318579435,20.58
6.110215686261654,20.58
6.111819326877594,20.58
6.1132918782532215,20.58
6.114805214107037,20.58
6.116276618093252,20.58
6.117783769965172,20.58
6.119252525269985,20.58
6.120700415223837,20.59
6.122206654399633,20.58
6.1237304881215096,20.58
6.125221379101276,20.58
6.126644004136324,20.58
6.128186851739883,20.58
6.129624094814062,20.59
6.131152927875519,20.59
6.132560141384602,20.59
6.1341176219284534,20.59
6.135624371469021,20.59
6.137109216302633,20.59
6.138523738831282,20.58
6.139993991702795,20.58
6.141490325331688,20.58
6.142968125641346,20.59
6.144443817436695,20.58
6.145918909460306,20.58
6.147397838532925,20.58
6.149019476026297,20.58
6.150517415255308,20.58
6.152007471770048,20.59
6.1534861959517,20.58
6.154976487159729,20.59
6.156467508524656,20.59
6.157741218805313,20.59
6.159425497055054,20.58
6.1608872674405575,20.58
6.162398658692837,20.58
6.1638855412602425,20.58
6.165385589003563,20.58
6.166659459471703,20.58
6.168288540095091,20.58
6.169856660068035,20.58
6.17132680490613,20.58
6.172825526446104,20.58
6.174255147576332,20.58
6.175792429596186,20.59
6.177236508578062,20.59
6.1787579245865345,20.58
6.180141732096672,20.58
6.181740969419479,20.58
6.1832281947135925,20.58
6.184686973690987,20.59
6.186205480247736,20.58
6.187635138630867,20.58
6.1890855841338634,20.58
6.190662633627653,20.59
6.192025385797024,20.59
6.193661272525787,20.59
6.195141565054655,20.59
6.19662394374609,20.59
6.198124274611473,20.59
6.199596419930458,20.59
6.201087974011898,20.59
6.202574107795954,20.59
6.204055815935135,20.59
6.2055324129760265,20.59
6.207013338804245,20.58
6.208296600729227,20.59
6.209998514503241,20.59
6.211275011301041,20.59
6.21289711073041,20.59
6.214466016739607,20.59
6.215929385274649,20.59
6.2174376510083675,20.59
6.218897331506014,20.59
6.22037461027503,20.59
6.2218359634280205,20.59
6.223396956920624,20.59
6.224836491048336,20.59
6.226306490600109,20.59
6.227750524878502,20.59
6.229234054684639,20.59
6.2308337688446045,20.59
6.232222590595484,20.59
6.233714919537306,20.59
6.235179215669632,20.59
6.236651379615068,20.59
6.238260868936777,20.59
6.23977368324995,20.59
6.241251800209284,20.59
6.242754757404327,20.59
6.2442363649606705,20.59
6.245704285800457,20.59
6.247197315096855,20.59
6.248680457472801,20.59
6.25014777854085,20.59
6.251450948417187,20.59
6.253154654055834,20.6
6.254418253898621,20.59
6.255897346884012,20.59
6.257482644170523,20.59
6.25906927511096,20.59
6.260507885366678,20.59
6.262055695056915,20.59
6.263574168086052,20.6
6.265063624829054,20.59
6.266477968543768,20.59
6.267817966639996,20.59
6.269443944096565,20.59
6.270985085517168,20.59
6.272501721978188,20.6
6.273967768996954,20.6
6.275333981961012,20.6
6.276951782405376,20.6
6.278341446071863,20.59
6.279854495078325,20.6
6.281424503773451,20.59
6.282766222953796,20.6
6.284403298050165,20.6
6.285852201282978,20.6
6.287358473986387,20.6
6.2888649217784405,20.6
6.29034198820591,20.59
6.291644301265478,20.59
6.293133698403835,20.59
6.294794425368309,20.59
6.296270746737719,20.59
6.297763179987669,20.59
6.299251284450293,20.59
6.300744287669659,20.59
6.302249178290367,20.59
6.303691938519478,20.59
6.30515530705452,20.59
6.306702606379986,20.6
6.308191850781441,20.59
6.3096647672355175,20.59
6.311033930629492,20.59
6.3126459792256355,20.59
6.314091131091118,20.59
6.315581314265728,20.59
6.317036394029856,20.59
6.318372640758753,20.59
6.319956056773663,20.6
6.321454666554928,20.6
6.323058936744928,20.6
6.324511960148811,20.6
6.325978916138411,20.59
6.327509764581919,20.59
6.329011041671038,20.59
6.330387581139803,20.59
6.331815406680107,20.59
6.333450485020876,20.59
6.334955919533968,20.59
6.336402852088213,20.59
6.337943594902754,20.59
6.3394299149513245,20.59
6.340894639492035,20.59
6.342390988022089,20.59
6.343887601047754,20.59
6.345339331775904,20.59
6.346866961568594,20.59
6.348345469683409,20.59
6.349853318184614,20.59
6.351295977830887,20.59
6.35279268398881,20.59
6.354268878698349,20.59
6.355739161372185,20.59
6.357211247086525,20.59
6.358699940145016,20.59
6.3601959608495235,20.59
6.361741334199905,20.59
6.3632299937307835,20.59
6.364665508270264,20.59
6.366088267415762,20.59
6.367689844220877,20.59
6.36915185302496,20.59
6.370658364146948,20.59
6.3721071518957615,20.59
6.373537607491016,20.59
6.375148314982653,20.59
6.3766289465129375,20.59
6.3781116008758545,20.59
6.379505541175604,20.59
6.381070401519537,20.59
6.382396809756756,20.59
6.384023752063513,20.59
6.38540655747056,20.59
6.3869748711586,20.59
6.3884805999696255,20.59
6.38999280706048,20.59
6.39148211851716,20.6
6.392974149435759,20.59
6.394459400326014,20.6
6.395944185554981,20.59
6.397433772683144,20.59
6.398931208997965,20.59
6.4004312343895435,20.59
6.401813853532076,20.59
6.403384607285261,20.59
6.404873091727495,20.59
6.4063415341079235,20.59
6.407737608999014,20.59
6.40930937230587,20.59
6.410753786563873,20.59
6.412212584167719,20.59
6.413727726787329,20.6
6.4151907078921795,20.59
6.416662812232971,20.6
6.418153326958418,20.6
6.4197723008692265,20.6
6.421116273850203,20.6
6.422741428017616,20.6
6.424216333776712,20.6
6.425725691020489,20.6
6.4271983578801155,20.6
6.428687293082476,20.6
6.4301535822451115,20.6
6.431656077504158,20.59
6.433135349303484,20.6
6.434449065476656,20.6
6.436094742268324,20.6
6.437609903514385,20.6
6.438873592764139,20.6
6.440523952245712,20.6
6.442086290568113,20.6
6.443514678627253,20.6
6.445050545036793,20.6
6.446541253477335,20.6
6.447936240583658,20.6
6.449498862028122,20.6
6.450955908745527,20.6
6.452353246510029,20.6
6.453969519585371,20.6
6.455376148223877,20.6
6.456791702657938,20.6
6.458448980003595,20.6
6.459804609417915,20.6
6.461405448615551,20.6
6.462750218808651,20.6
6.464308679103851,20.6
6.46583953872323,20.6
6.467266820371151,20.6
6.46883787214756,20.6
6.470183331519365,20.6
6.471819967031479,20.6
6.4732302986085415,20.6
6.4747925363481045,20.59
6.4761060401797295,20.6
6.47775524109602,20.6
6.479168858379126,20.6
6.480748899281025,20.6
6.4820368103682995,20.6
6.483700018376112,20.6
6.485201712697744,20.6
6.486697658896446,20.6
6.488145645707846,20.6
6.489671226590872,20.6
6.491087559610605,20.6
6.492588568478823,20.6
6.49407883733511,20.6
6.495628375560045,20.6
6.497060343623161,20.59
6.498560592532158,20.6
6.5000315718352795,20.6
6.501467812806368,20.6
6.503052916377783,20.6
6.50444008782506,20.6
6.506021521985531,20.6
6.507393650710583,20.6
6.509002882987261,20.6
6.51040580868721,20.61
6.511997442692518,20.61
6.513482689857483,20.61
6.5149763487279415,20.6
6.516467019915581,20.6
6.517945822328329,20.6
6.519367549568415,20.6
6.520898383110762,20.6
6.522403739392757,20.59
6.523873001337051,20.6
6.525356974452734,20.6
6.526841327548027,20.6
6.528340544551611,20.6
6.529816254973412,20.6
6.5313038639724255,20.6
6.5328049920499325,20.6
6.53423149138689,20.6
6.53576422482729,20.6
6.537245023995638,20.6
6.538713596761227,20.6
6.540188990533352,20.6
6.541703660041094,20.59
6.543160229921341,20.59
6.544650495052338,20.59
6.546123221516609,20.6
6.547615084797144,20.59
6.5491690300405025,20.59
6.550655152648687,20.6
6.552053038030863,20.59
6.55352845788002,20.59
6.555025480687618,20.59
6.556631106883287,20.59
6.55811719596386,20.6
6.559421747922897,20.59
6.561083905398846,20.59
6.562379866838455,20.59
6.564059928059578,20.59
6.565343271940947,20.59
6.5670162960886955,20.59
6.568530146032572,20.59
6.570004742592573,20.6
6.5714865028858185,20.59
6.57278048992157,20.6
6.5744311437010765,20.6
6.575961288064718,20.6
6.577456850558519,20.6
6.57894179597497,20.6
6.580354444682598,20.6
6.5818961672484875,20.6
6.5833116210997105,20.6
6.584790270775557,20.6
6.5863465294241905,20.6
6.587845928966999,20.6
6.58923177048564,20.6
6.590808637440205,20.6
6.59220789372921,20.6
6.593706097453833,20.6
6.595285233110189,20.6
6.5967866107821465,20.6
6.598139572888613,20.6
6.599746063351631,20.6
6.601121835410595,20.6
6.602702591568232,20.6
6.604050934314728,20.6
6.605557098984718,20.6
6.607185985893011,20.6
6.60853698849678,20.6
6.610175117850304,20.6
6.611660346388817,20.6
6.612975373864174,20.6
6.614477124065161,20.6
6.616089582443237,20.6
6.61761024966836,20.6
6.618891898542643,20.6
6.620556563138962,20.6
6.622082352638245,20.6
6.6234918758273125,20.6
6.625050354748964,20.6
6.626457031816244,20.6
6.627923648804426,20.6
6.629509918391705,20.6
6.6309223882853985,20.6
6.632465977221727,20.6
6.633854489773512,20.6
6.635357640683651,20.6
6.6368131302297115,20.6
6.6384376883506775,20.6
6.639796558767557,20.6
6.641299579292536,20.6
6.6428497061133385,20.61
6.644388068467379,20.61
6.645712718367577,20.6
6.647330474108458,20.6
6.6486897468566895,20.6
6.650333274155855,20.6
6.651631072163582,20.6
6.653311457484961,20.6
6.654790818691254,20.61
6.656275197863579,20.61
6.657752510160208,20.61
6.659248515963554,20.61
6.660752087831497,20.61
6.662208244204521,20.6
6.663722485303879,20.6
6.6651721224188805,20.6
6.666678737848997,20.6
6.668122675269842,20.6
6.669623237103224,20.61
6.671166144311428,20.61
6.67262339964509,20.6
6.674060836434364,20.6
6.6755937077105045,20.6
6.677089471369982,20.6
6.678588949143887,20.61
6.679998815059662,20.6
6.681481946259737,20.6
6.682950343936682,20.6
6.684545960277319,20.61
6.686002995818853,20.61
6.687469959259033,20.61
6.688878357410431,20.61
6.690492145717144,20.61
6.692004106938839,20.61
6.693479530513287,20.61
6.694962810724974,20.61
6.696463298052549,20.6
6.697936020791531,20.6
6.699427917599678,20.61
6.700894873589277,20.61
6.70240481197834,20.61
6.7038681618869305,20.61
6.705352772027254,20.61
6.706841699779034,20.61
6.708330769091845,20.61
6.709843918681145,20.61
6.711327511817217,20.61
6.7128111235797405,20.61
6.714272614568472,20.61
6.7157367914915085,20.61
6.71723099052906,20.61
6.718731340020895,20.61
6.720188897103071,20.61
6.721672937273979,20.61
6.7232159450650215,20.61
6.724711436778307,20.61
6.726207662373781,20.61
6.727657254785299,20.61
6.729176070541143,20.61
6.730532690882683,20.61
6.732159446924925,20.61
6.733517654240131,20.61
6.735058255493641,20.61
6.736494418233633,20.61
6.738117132335901,20.61
6.739575456827879,20.61
6.741086922585964,20.61
6.742401584982872,20.61
6.744047421962023,20.61
6.7454201169312,20.61
6.747022993862629,20.61
6.748418513685465,20.61
6.750012740492821,20.61
6.75143812969327,20.61
6.752967864274979,20.61
6.754254341125488,20.61
6.755904797464609,20.61
6.757200937718153,20.61
6.758883733302355,20.61
6.7604069374501705,20.61
6.761817932128906,20.61
6.763190787285566,20.61
6.7648815251886845,20.61
6.766289122402668,20.61
6.7678319700062275,20.61
6.769263282418251,20.61
6.770795043557882,20.61
6.772310387343168,20.61
6.773769456893206,20.61
6.775287955999374,20.61
6.776778843253851,20.61
6.778215009719133,20.61
6.779635190963745,20.61
6.781249914318323,20.61
6.782736126333475,20.61
6.784064061939716,20.61
6.785711113363504,20.61
6.787084847688675,20.61
6.788679096847773,20.61
6.790115397423506,20.61
6.791651140898466,20.61
6.793144226074219,20.61
6.794614344835281,20.61
6.7959189265966415,20.61
6.797594662755728,20.61
6.798964649438858,20.61
6.800362758338451,20.61
6.802037253975868,20.61
6.8033787459135056,20.61
6.805002402514219,20.61
6.806453552097082,20.61
6.808020852506161,20.61
6.809453282505274,20.61
6.810988936573267,20.61
6.812416270375252,20.61
6.813979998230934,20.61
6.815465811640024,20.61
6.816826086491346,20.61
6.818201843649149,20.61
6.819882892072201,20.61
6.8213902078568935,20.61
6.822866208851337,20.61
6.824223406612873,20.61
6.8258613012731075,20.61
6.827202253043652,20.62
6.828840006142855,20.62
6.830189097672701,20.64
6.8316777385771275,20.64
6.8333029225468636,20.64
6.834683857858181,20.64
6.836079452186823,20.64
6.837771661579609,20.64
6.839221388101578,20.64
6.840519558638334,20.64
6.84220589324832,20.64
6.843569573014975,20.64
6.845006939023733,20.64
6.846645437180996,20.64
6.848127029836178,20.64
6.849688172340393,20.64
6.851102605462074,20.64
6.852652285248041,20.64
6.854069642722607,20.64
6.855629984289408,20.64
6.85710035264492,20.64
6.858485866338015,20.64
6.860071554780006,20.64
6.861470475792885,20.64
6.863056048750877,20.64
6.86453990265727,20.64
6.865902207791805,20.64
6.867459885776043,20.64
6.868901547044516,20.64
6.870498739182949,20.65
6.87188833206892,20.64
6.873476915061474,20.64
6.874831039458513,20.64
6.876404885202646,20.64
6.877755753695965,20.64
6.8794169425964355,20.64
6.880911808460951,20.64
6.882262676954269,20.64
6.883876487612724,20.63
6.885164491832256,20.63
6.88686116412282,20.63
6.888352621346712,20.63
6.889750834554434,20.63
6.891331136226654,20.63
6.892720852047205,20.63
6.894291900098324,20.63
6.89573660492897,20.63
6.897259585559368,20.63
6.898727785795927,20.63
6.900244694203138,20.63
6.901685688644648,20.63
6.903139803558588,20.63
6.904633656144142,20.63
6.906126484274864,20.62
6.907634746283293,20.62
6.909115895628929,20.62
6.910664044320583,20.62
6.912134621292353,20.62
6.91363812237978,20.62
6.915112726390362,20.62
6.916610598564148,20.62
6.918102536350489,20.62
6.919514697045088,20.62
6.921084854751825,20.62
6.92255038022995,20.62
6.924052704125643,20.62
6.92553735896945,20.62
6.926846858114004,20.62
6.928488120436668,20.62
6.9298491552472115,20.62
6.931489482522011,20.62
6.932962000370026,20.62
6.934449162334204,20.62
6.935939643532038,20.62
6.937417387962341,20.62
6.938919194042683,20.62
6.940408084541559,20.62
6.941846251487732,20.62
6.943363536149263,20.62
6.94485991820693,20.62
6.946353349834681,20.62
6.947836086153984,20.62
6.949341773986816,20.62
6.95082251355052,20.62
6.952222228050232,20.62
6.953753713518381,20.62
6.9552295319736,20.62
6.956752445548773,20.62
6.958231538534164,20.62
6.959747493267059,20.62
6.961165215820074,20.62
6.9627095982432365,20.62
6.964226171374321,20.62
6.965548902750015,20.62
6.967196803539991,20.62
6.96868035569787,20.62
6.970152392983437,20.62
6.9716406390070915,20.62
6.973127331584692,20.62
6.974618416279554,20.62
6.976094473153353,20.62
6.977577719837427,20.62
6.978864684700966,20.63
6.980566069483757,20.63
6.982058022171259,20.63
6.98350827768445,20.63
6.984827619045973,20.62
6.9865117110311985,20.62
6.988002989441156,20.63
6.989490948617458,20.63
6.9909824058413506,20.63
6.992449831217527,20.63
6.993943888694048,20.62
6.995430164039135,20.62
6.996875796467066,20.62
6.9983572922647,20.62
6.999843053519726,20.61
7.001394551247358,20.6
7.002811402082443,20.6
7.004305850714445,20.6
7.00576950237155,20.6
7.007326956838369,20.6
7.008719619363546,20.6
7.010310363024473,20.6
7.011738076806068,20.6
7.013143353164196,20.6
7.014778014272451,20.6
7.0161872915923595,20.6
7.017744790762663,20.6
7.019238252192736,20.59
7.020733755081892,20.6
7.0222060196101665,20.6
7.023680463433266,20.6
7.025164928287268,20.6
7.026682935655117,20.6
7.02816504240036,20.6
7.029654085636139,20.6
7.031135391443968,20.6
7.032623682171106,20.6
7.034108478575945,20.59
7.035593677312136,20.6
7.037102937698364,20.6
7.0385889038443565,20.6
7.040062043815851,20.6
7.041556052863598,20.6
7.042989548295736,20.6
7.044532272964716,20.6
7.045971114188433,20.6
7.047410119324923,20.6
7.048901740461588,20.6
7.050389554351568,20.6
7.051852852106094,20.6
7.053307358175516,20.6
7.0548381097614765,20.6
7.056449197232723,20.59
7.0579282976686954,20.59
7.059413660317659,20.59
7.06073397397995,20.59
7.062378581613302,20.59
7.0638699270784855,20.59
7.06535255163908,20.59
7.066842459142208,20.59
7.068322531878948,20.6
7.069814804941416,20.59
7.07130729034543,20.59
7.072795160114765,20.6
7.074284050613642,20.6
7.075758948922157,20.6
7.07723593711853,20.6
7.0787141509354115,20.59
7.080231476575136,20.59
7.081711512058973,20.6
7.083186369389296,20.59
7.084624517709017,20.6
7.086170595139265,20.6
7.08762439340353,20.6
7.089085593819618,20.6
7.090647328644991,20.6
7.0921357572078705,20.6
7.093622777611017,20.6
7.094967555254698,20.6
7.096569113433361,20.6
7.098012115806341,20.6
7.099423736333847,20.6
7.100924078375101,20.6
7.102477461099625,20.6
7.103895928710699,20.6
7.105530541390181,20.6
7.106830939650536,20.6
7.108404938131571,20.6
7.10998085513711,20.6
7.11145007237792,20.6
7.112941674888134,20.6
7.114232752472162,20.6
7.115824211388826,20.61
7.117302119731903,20.6
7.118884734809399,20.6
7.120229329913855,20.6
7.121829506009817,20.61
7.123330555856228,20.61
7.12484947219491,20.61
7.12620734423399,20.61
7.12783782184124,20.61
7.129276983439922,20.61
7.130711458623409,20.61
7.132282450795174,20.61
7.133718315511942,20.61
7.135274413973093,20.61
7.136753257364035,20.61
7.138221975415945,20.61
7.139704041182995,20.61
7.141077797859907,20.61
7.142680678516626,20.61
7.144208211451769,20.61
7.145531378686428,20.61
7.147108037024736,20.61
7.1485185250639915,20.61
7.150162685662508,20.6
7.151570618152618,20.6
7.153025329113007,20.6
7.154507350176573,20.6
7.156086053699255,20.6
7.157578330487013,20.6
7.159078866243362,20.6
7.160562343895435,20.59
7.162047978490591,20.6
7.163526441901922,20.6
7.165021017193794,20.6
7.166512385010719,20.6
7.167996928095818,20.6
7.169454175978899,20.6
7.170990619808435,20.6
7.1724150367081165,20.6
7.1738745756447315,20.59
7.175421927124262,20.6
7.176838345825672,20.6
7.178369395434856,20.6
7.179820701479912,20.6
7.181278299540281,20.6
7.182782828807831,20.59
7.1842759139835835,20.59
7.185744717717171,20.59
7.18726160377264,20.59
7.1887215711176395,20.6
7.190312974154949,20.6
7.191671006381512,20.6
7.193294528871775,20.59
7.194714322686195,20.6
7.196269910782576,20.6
7.197592906653881,20.59
7.1992333717644215,20.59
7.200740102678537,20.6
7.202215317636728,20.6
7.203687641769648,20.6
7.205175451934338,20.6
7.206677284091711,20.6
7.20793853700161,20.6
7.209670066833496,20.59
7.210901003330946,20.59
7.212599281221628,20.59
7.2140554785728455,20.6
7.215587619692087,20.6
7.217069085687399,20.6
7.218562807887793,20.6
7.220051344484091,20.6
7.221553675830364,20.6
7.222984634339809,20.6
7.224518239498138,20.6
7.226009290665388,20.6
7.227511625736952,20.6
7.228991653770208,20.6
7.230423580855131,20.6
7.2318931221961975,20.6
7.233329113572836,20.6
7.234818782657385,20.6
7.236351616680622,20.6
7.237923506647348,20.6
7.239294242113829,20.6
7.2409046813845634,20.6
7.242374207824469,20.6
7.2437520660459995,20.6
7.245340291410685,20.6
7.246843244880438,20.59
7.248318061232567,20.59
7.249812215566635,20.6
7.25130020827055,20.6
7.25278115645051,20.6
7.25416948273778,20.6
7.255750320851803,20.6
7.2572604939341545,20.59
7.258628088980913,20.6
7.260239999741316,20.6
7.261709596961737,20.6
7.263203497976065,20.6
7.264676243066788,20.6
7.266111060976982,20.6
7.26764240860939,20.6
7.2690899185836315,20.6
7.270625505596399,20.6
7.272004626691341,20.6
7.2735912799835205,20.6
7.275004953145981,20.6
7.2765743881464005,20.6
7.277975860983133,20.6
7.279558435082436,20.6
7.280990045517683,20.6
7.282422941178083,20.6
7.284025851637125,20.61
7.285502430051565,20.61
7.286845374852419,20.61
7.288400191813707,20.6
7.289806507527828,20.6
7.291453827172518,20.6
7.292754299938679,20.6
7.294419694691896,20.6
7.295893907546997,20.6
7.297291200608015,20.6
7.298912905156612,20.6
7.300388805568218,20.6
7.301823500543833,20.6
7.3033639676868916,20.6
7.304627798497677,20.6
7.306335795670748,20.6
7.30782850459218,20.6
7.309321247041225,20.6
7.310832399874926,20.61
7.312238872051239,20.6
7.313755683600903,20.6
7.315160147845745,20.6
7.316761255264282,20.6
7.318171560764313,20.6
7.319731198251247,20.6
7.321228835731745,20.6
7.322688587009907,20.6
7.324124738574028,20.6
7.325672537088394,20.6
7.327164202928543,20.6
7.328605119138956,20.6
7.330067165195942,20.6
7.331461559981108,20.61
7.333118539303541,20.61
7.334439776837826,20.61
7.336085695773363,20.6
7.337573133409023,20.61
7.339060455560684,20.61
7.340545795857906,20.61
7.341820426285267,20.61
7.343522693961859,20.61
7.344811454415321,20.61
7.3464954905211926,20.61
7.347996935248375,20.61
7.349503584206104,20.61
7.350921127945185,20.61
7.352380435913801,20.61
7.353933934122324,20.61
7.3554223999381065,20.61
7.356878068298101,20.61
7.358423754572868,20.61
7.359817340970039,20.61
7.361264821141958,20.61
7.362870164215565,20.61
7.364325176924467,20.61
7.365815654397011,20.61
7.367219667881727,20.61
7.368794102221727,20.61
7.370189223438501,20.6
7.371805224567652,20.61
7.373122695833445,20.61
7.374758027493954,20.61
7.376231096684933,20.61
7.377744019031525,20.61
7.379077788442373,20.61
7.380673993378878,20.61
7.382018778473139,20.61
7.383674129843712,20.61
7.385102044790983,20.61
7.38666482642293,20.61
7.388093017041683,20.61
7.389643926173449,20.61
7.390900537371635,20.6
7.392609432339668,20.6
7.394108362495899,20.6
7.395607598125935,20.6
7.397083014249802,20.59
7.398577820509672,20.59
7.399989660829306,20.6
7.401536468416452,20.6
7.403035495430231,20.6
7.404515832662582,20.6
7.406004838645458,20.6
7.407504472881556,20.6
7.408899396657944,20.6
7.410448059439659,20.6
7.411906566470861,20.6
7.413385804742575,20.6
7.414812810719013,20.6
7.416298005729914,20.6
7.417772497981787,20.6
7.4194177612662315,20.6
7.420896552503109,20.6
7.422285884618759,20.6
7.423849232494831,20.6
7.425184417515993,20.6
7.426806464791298,20.6
7.428158517926931,20.6
7.429806284606457,20.6
7.431298263370991,20.6
7.432764742523432,20.6
7.434273976832628,20.59
7.435758240520954,20.59
7.43720205873251,20.6
7.4386885315179825,20.6
7.440191708505154,20.59
7.441707823425531,20.59
7.443133980035782,20.6
7.444643598049879,20.6
7.446171637624502,20.6
7.44756518676877,20.6
7.449149675667286,20.59
7.45061856508255,20.6
7.452083572745323,20.6
7.453564424067736,20.59
7.45507076382637,20.6
7.456585172563791,20.6
7.458020638674498,20.6
7.459563739597797,20.6
7.460997808724642,20.6
7.462538003921509,20.6
7.464018125087023,20.6
7.465512704104185,20.6
7.466997217386961,20.6
7.468495849519968,20.6
7.469913732260466,20.6
7.471367880702019,20.6
7.472938448190689,20.6
7.474286578595638,20.6
7.475916348397732,20.6
7.477204874157906,20.6
7.478892680257559,20.6
7.480344839394093,20.6
7.481847159564495,20.6
7.483143974095583,20.6
7.484855405986309,20.6
7.486343663185835,20.6
7.487791854888201,20.6
7.489319287240505,20.6
7.490769051015377,20.6
7.492280267179012,20.6
7.4936756528913975,20.6
7.495229110121727,20.6
7.496669244021177,20.6
7.498147066682577,20.6
7.499668937176466,20.6
7.501117877662182,20.6
7.502589896321297,20.6
7.504112329334021,20.6
7.505559589713812,20.6
7.507067911326885,20.6
7.50860033929348,20.6
7.510121684521437,20.6
7.51161627098918,20.6
7.513033527880907,20.6
7.5146001279354095,20.6
7.51592755317688,20.6
7.517563942819834,20.6
7.519067708402872,20.6
7.520546589046717,20.6
7.522009380161762,20.6
7.523522578179836,20.6
7.525003083050251,20.6
7.526274856179953,20.6
7.527976579964161,20.6
7.529470261186361,20.6
7.530929025262594,20.6
7.53245435282588,20.6
7.533867210149765,20.6
7.535429958254099,20.6
7.536872625350952,20.6
7.538407500833273,20.6
7.539791744202375,20.6
7.541341483592987,20.6
7.542756006121635,20.6
7.54432899877429,20.6
7.545751638710499,20.6
7.547271724790335,20.59
7.54880978167057,20.6
7.550238281488419,20.6
7.551754556596279,20.6
7.553149584680796,20.6
7.554609946906567,20.6
7.556181091815233,20.6
7.5575804859399796,20.6
7.559173930436373,20.6
7.560529179871082,20.6
7.562174450606108,20.6
7.563695967197418,20.6
7.565179567784071,20.6
7.566536486148834,20.6
7.568153224885464,20.6
7.569640174508095,20.59
7.571120783686638,20.6
7.572596911340952,20.6
7.574106276035309,20.59
7.575574211776257,20.6
7.577092543244362,20.6
7.578543845564127,20.59
7.579993665218353,20.59
7.581536293029785,20.59
7.582934319972992,20.59
7.5845092460513115,20.59
7.586005594581366,20.6
7.587483190000057,20.6
7.588970798999071,20.6
7.590395621955395,20.6
7.5919495820999146,20.6
7.5933625884354115,20.6
7.594878271222115,20.6
7.596294313669205,20.6
7.597913946956396,20.6
7.599397569894791,20.6
7.600802253931761,20.6
7.602305714040995,20.6
7.6038352102041245,20.59
7.605256088078022,20.6
7.606821913272142,20.6
7.608305681496859,20.59
7.609809089452028,20.6
7.611275993287563,20.6
7.612578243017197,20.6
7.614266734570265,20.6
7.615751631557941,20.6
7.617232013493776,20.6
7.618722479790449,20.6
7.620204698294401,20.6
7.6214816980063915,20.6
7.623176824301481,20.6
7.624684303998947,20.59
7.626082830131054,20.59
7.627646517008543,20.6
7.6290477477014065,20.6
7.630613729357719,20.59
7.632121197879314,20.6
7.633601367473602,20.6
7.6350882314145565,20.6
7.636456046253443,20.6
7.638033214956522,20.6
7.639455556869507,20.6
7.64098608866334,20.6
7.642495684325695,20.59
7.644017215818167,20.59
7.645506616681814,20.59
7.646921567618847,20.6
7.648491233587265,20.6
7.649960361421108,20.6
7.651384074240923,20.6
7.652879204601049,20.6
7.654360711574554,20.6
7.655927512794733,20.6
7.657408177852631,20.6
7.658890962600708,20.6
7.660380192101002,20.6
7.661673154681921,20.6
7.6633456870913506,20.6
7.664860758930445,20.59
7.666332479566336,20.59
7.667751684784889,20.59
7.6693164967000484,20.6
7.670711491256952,20.6
7.672276999801397,20.6
7.673766061663628,20.6
7.675256580114365,20.6
7.676700286567211,20.6
7.678190760314465,20.6
7.679714769124985,20.6
7.681186065077782,20.6
7.6827116049826145,20.6
7.684080254286528,20.6
7.6856380850076675,20.6
7.687156982719898,20.6
7.688601993024349,20.6
7.69014248251915,20.6
7.69161893799901,20.6
7.692969743162394,20.6
7.6944949850440025,20.6
7.696069642901421,20.6
7.697439048439264,20.6
7.699046935886145,20.6
7.700389478355646,20.6
7.702033836394548,20.6
7.7035129480063915,20.6
7.7048911564052105,20.6
7.706484064459801,20.6
7.707773804664612,20.6
7.709466524422169,20.6
7.710955962538719,20.6
7.712394382804632,20.6
7.713950205594301,20.6
7.715401455760002,20.6
7.716792717576027,20.6
7.718340661376715,20.6
7.719795178622007,20.6
7.721356112509966,20.6
7.722851421684027,20.6
7.72427960857749,20.6
7.7258321307599545,20.6
7.727257687598467,20.6
7.728816516697407,20.6
7.730171076953411,20.6
7.7317223735153675,20.6
7.733271569013596,20.6
7.734641816467047,20.6
7.736246787011623,20.6
7.737574405968189,20.6
7.739210911095142,20.6
7.740691874176264,20.6
7.742195252329111,20.6
7.743649523705244,20.6
7.745167378336191,20.6
7.746544308960438,20.6
7.748132362961769,20.6
7.749622892588377,20.6
7.751098960638046,20.6
7.752596583217382,20.6
7.75409896299243,20.6
7.755425315350294,20.6
7.757010545581579,20.6
7.758402481675148,20.6
7.760045699775219,20.61
7.761493865400553,20.6
7.763043064624071,20.6
7.764456003904343,20.6
7.766000162810087,20.6
7.767476562410593,20.6
7.768952082842588,20.6
7.77042218670249,20.6
7.771942362189293,20.6
7.773432672023773,20.59
7.774796314537525,20.6
7.776299938559532,20.6
7.777832560241222,20.6
7.779241923242807,20.6
7.780742537230253,20.6
7.782306421548128,20.6
7.78385467082262,20.6
7.785171817988157,20.6
7.7868244163692,20.6
7.788215160369873,20.6
7.789787705987692,20.6
7.791101366281509,20.6
7.79276742041111,20.61
7.794261280447245,20.61
7.795529332011938,20.61
7.797241073101759,20.61
7.798719976097345,20.61
7.800195947289467,20.61
7.801570858806372,20.61
7.80316362157464,20.61
7.804612655192614,20.61
7.806149665266275,20.61
7.807640556246042,20.61
7.809134352952242,20.61
7.8105288334190845,20.61
7.812099043279886,20.6
7.813513856381178,20.6
7.814980730414391,20.6
7.816535118967295,20.6
7.8180690705776215,20.6
7.819557689130306,20.6
7.821033339947462,20.6
7.822522364556789,20.6
7.823939234018326,20.6
7.825509514659643,20.6
7.8269256837666035,20.6
7.828468546271324,20.6
7.8298746682703495,20.6
7.831449378281832,20.6
7.832786396145821,20.6
7.83443309366703,20.6
7.835730507969856,20.6
7.8373797833919525,20.6
7.838740896433592,20.6
7.840345732867718,20.6
7.841865058988333,20.6
7.843354664742947,20.6
7.844803210347891,20.6
7.846321392804384,20.6
7.84779055044055,20.61
7.849299650639296,20.6
7.850560773164034,20.61
7.852088242769241,20.61
7.853776402771473,20.6
7.855166140943766,20.6
7.85672752559185,20.6
7.858172319829464,20.61
7.859706234186888,20.61
7.861200600862503,20.6
7.862684268504381,20.61
7.864175550639629,20.61
7.8656721748411655,20.61
7.867159187793732,20.62
7.868616748601198,20.62
7.8700694143772125,20.62
7.87160649895668,20.62
7.872965157032013,20.62
7.874443303793669,20.62
7.876093041151762,20.63
7.877381097525358,20.62
7.878861974924803,20.61
7.880465969443321,20.62
7.882023103535175,20.61
7.883479338139296,20.62
7.884988375008106,20.61
7.886417031288147,20.61
7.887749943882227,20.61
7.889464657753706,20.62
7.890949506312609,20.6
7.892434794455767,20.61
7.893921047449112,20.62
7.8953427486121655,20.62
7.896906718611717,20.62
7.898376151919365,20.62
7.899869482964277,20.62
7.901292514055967,20.62
7.902833309024572,20.62
7.904232542961836,20.62
7.905802603811026,20.62
7.907283455133438,20.63
7.9088225066661835,20.63
7.91025435552001,20.62
7.911670237779617,20.62
7.913219224661589,20.63
7.914606794714928,20.63
7.91617913916707,20.63
7.917578645050526,20.63
7.9192030020058155,20.63
7.920574489980936,20.62
7.922162637114525,20.63
7.923690799623728,20.63
7.925166413187981,20.63
7.926462650299072,20.62
7.9279367960989475,20.62
7.929543491452932,20.62
7.931120049208403,20.62
7.932484440505505,20.61
7.934084855020046,20.61
7.935577750205994,20.61
7.9370644092559814,20.6
7.938549816608429,20.61
7.940040409564972,20.61
7.941526558250189,20.61
7.942951738834381,20.61
7.944496255367994,20.61
7.945979431271553,20.61
7.947422940284014,20.61
7.9489205330610275,20.61
7.950408361852169,20.61
7.951928447932005,20.6
7.953429218381643,20.6
7.954801958054304,20.6
7.956326004117727,20.6
7.957801252603531,20.6
7.959322657436132,20.6
7.960757564753294,20.6
7.96224020421505,20.6
7.96383660659194,20.6
7.965175934135914,20.59
7.966830253601074,20.59
7.968307252973318,20.61
7.969796806573868,20.61
7.971278093755245,20.61
7.9727669805288315,20.61
7.974248681217432,20.62
7.975741922855377,20.62
7.977220539003611,20.61
7.97871332988143,20.61
7.980170622467995,20.61
7.981683664023876,20.61
7.983135525137186,20.61
7.984637465327978,20.61
7.986101172864437,20.61
7.98763507604599,20.61
7.989131476730108,20.61
7.9906037002801895,20.62
7.992095101624727,20.61
7.993593238294125,20.61
7.995057377964258,20.61
7.996559705585241,20.62
7.99798821657896,20.62
7.999511007219553,20.61
8.000927917659283,20.62
8.002431247383356,20.62
8.00394631177187,20.62
8.005485650151968,20.62
8.006982937455177,20.62
8.008467577397823,20.61
8.009954124689102,20.61
8.011337131261826,20.61
8.01292809098959,20.62
8.014409933239222,20.61
8.015905275940895,20.62
8.017232827842236,20.63
8.018770776689053,20.63
8.020364459604025,20.63
8.021827477961779,20.63
8.023260537534952,20.63
8.02482359111309,20.63
8.026135172694921,20.62
8.027807720005512,20.61
8.029065482318401,20.61
8.03071666136384,20.61
8.032230503857136,20.61
8.033749096095562,20.61
8.035188637673855,20.61
8.036733470857143,20.61
8.038168285042048,20.61
8.039700277149677,20.61
8.041183199733496,20.6
8.042574994266033,20.61
8.044160690158606,20.61
8.045572102069855,20.61
8.047107350081205,20.61
8.048510778695345,20.61
8.050066884607077,20.61
8.051629830151796,20.61
8.052963744848967,20.61
8.054564028978348,20.61
8.05591531470418,20.61
8.05756914243102,20.61
8.058967672288418,20.61
8.060501523315907,20.61
8.061928104609251,20.61
8.063525188714266,20.61
8.064830504357815,20.61
8.066471859812737,20.61
8.067754935473204,20.61
8.069438762962818,20.61
8.070952463895082,20.61
8.072433970868587,20.61
8.073923889547586,20.61
8.07540763542056,20.61
8.076903942972422,20.61
8.078381925821304,20.6
8.079864230006933,20.6
8.081299040466547,20.6
8.08286202326417,20.61
8.084327407181263,20.6
8.085795868188143,20.6
8.087316356599331,20.61
8.088804326951504,20.6
8.09024616330862,20.6
8.09173696488142,20.6
8.09326447546482,20.6
8.094703286886215,20.6
8.096203073859215,20.61
8.097699098289013,20.61
8.0992083363235,20.6
8.100693490356207,20.6
8.102175991982222,20.6
8.103666190057993,20.6
8.105162885040045,20.6
8.106637090444565,20.6
8.108124691992998,20.61
8.109619725495577,20.6
8.111111041158438,20.6
8.112572733312845,20.6
8.114085018634796,20.61
8.115435931831598,20.61
8.117013067007065,20.61
8.11832606419921,20.61
8.11999811604619,20.6
8.12151850014925,20.6
8.123003769665956,20.6
8.1244997382164,20.6
8.125974833965302,20.61
8.127420973032713,20.6
8.128962278366089,20.6
8.130381286144257,20.6
8.13191643357277,20.61
8.133383873850107,20.61
8.134824462234974,20.6
8.136367317289114,20.61
8.137821786105633,20.61
8.13926611840725,20.61
8.140752375125885,20.61
8.142349626868963,20.6
8.143715437501669,20.6
8.145256515592337,20.61
8.14668507874012,20.61
8.148309834301472,20.61
8.149709179997444,20.61
8.15127369761467,20.61
8.152650617063046,20.61
8.154242642223835,20.61
8.155702576041222,20.61
8.157144904136658,20.61
8.158711202442646,20.61
8.160003781318665,20.61
8.161487564444542,20.61
8.163159903138876,20.61
8.164669543504715,20.61
8.165936131030321,20.61
8.167608838528395,20.61
8.169071931391954,20.61
8.170617036521435,20.6
8.172021802514791,20.61
8.173570595681667,20.61
8.174987558275461,20.61
8.176485728472471,20.61
8.178045336157084,20.61
8.179439518600702,20.61
8.181014116853476,20.61
8.182394746690989,20.61
8.183990988880396,20.61
8.185476556420326,20.61
8.186963886022568,20.61
8.188390899449587,20.61
8.189794275909662,20.61
8.191368449479342,20.61
8.192835453897715,20.61
8.194258332252502,20.61
8.195902690291405,20.61
8.197373058646917,20.61
8.198849692940712,20.61
8.20016673579812,20.61
8.201835326850414,20.61
8.203172195702791,20.61
8.20482325181365,20.61
8.206126186996698,20.61
8.207753241062164,20.61
8.209059782326221,20.61
8.2107537612319,20.61
8.212034780532122,20.61
8.213746398687363,20.61
8.215130478143692,20.61
8.216709580272436,20.61
8.218219298869371,20.61
8.219606075435877,20.61
8.221195846796036,20.61
8.222669307142496,20.61
8.224058907479048,20.61
8.225616961717606,20.61
8.227040112018585,20.61
8.22861884534359,20.61
8.230097379535437,20.61
8.23150685429573,20.62
8.233083635568619,20.62
8.23455948382616,20.62
8.23605527728796,20.62
8.23749889433384,20.62
8.239027969539165,20.62
8.240472227334976,20.62
8.242023911327124,20.62
8.243494760245085,20.62
8.244974568486214,20.62
8.246473100036383,20.61
8.247756909579039,20.62
8.249262023717165,20.62
8.250903505831957,20.62
8.252373144030571,20.61
8.253875065594912,20.61
8.255393292754889,20.61
8.25680936127901,20.61
8.258308753371239,20.61
8.259749427437782,20.62
8.261341627687216,20.62
8.262824472039938,20.62
8.264316141605377,20.62
8.265767689794302,20.62
8.267285350710154,20.62
8.268702063709497,20.62
8.27026878669858,20.62
8.271756049245596,20.62
8.273246269673109,20.62
8.274714034050703,20.62
8.276116490364075,20.62
8.277637179940939,20.62
8.279092472046614,20.62
8.280631627887487,20.62
8.282138522714376,20.61
8.283540789037943,20.61
8.285063341259956,20.62
8.286466393619776,20.62
8.287985380738974,20.62
8.289608582854271,20.62
8.291096936911345,20.62
8.292576257139444,20.62
8.294048991054296,20.62
8.295535828918219,20.62
8.296829786151648,20.62
8.298539888113737,20.62
8.299996253103018,20.62
8.30138024687767,20.62
8.302995029836893,20.62
8.304486475884914,20.62
8.305901903659105,20.62
8.307442124933004,20.62
8.3089558519423,20.62
8.310434468090534,20.62
8.311837319284678,20.62
8.313393015414476,20.62
8.314897939562798,20.62
8.316280886530876,20.62
8.317869748920202,20.62
8.319252856075764,20.62
8.320842232555151,20.62
8.322215929627419,20.62
8.32382059469819,20.62
8.325318578630686,20.62
8.326728817075491,20.62
8.328211572021246,20.62
8.329608023166656,20.62
8.331176169216633,20.62
8.332742426544428,20.62
8.33408484980464,20.62
8.335647717118263,20.62
8.337069541215897,20.62
8.338699575513601,20.62
8.34015642479062,20.62
8.3414720967412,20.62
8.34303929656744,20.62
8.344437275081873,20.62
8.346051882952452,20.62
8.34748064354062,20.62
8.34908365830779,20.62
8.350604377686977,20.62
8.352089758962393,20.61
8.353527951985598,20.62
8.35506984218955,20.62
8.35653355717659,20.62
8.358033403754234,20.62
8.359430611133575,20.62
8.361003536731005,20.62
8.3625218719244,20.62
8.363984603434801,20.62
8.365436285734177,20.62
8.366909798234701,20.62
8.368458434939384,20.62
8.369937378913164,20.62
8.371362686157227,20.61
8.372837994247675,20.61
8.374341458082199,20.61
8.375855207443237,20.62
8.377375315874815,20.61
8.37883647158742,20.62
8.380180582404137,20.62
8.381733376532793,20.62
8.38313002884388,20.62
8.384801175445318,20.62
8.386093255132437,20.62
8.387785449624062,20.62
8.389116566628218,20.62
8.390745263546705,20.62
8.392044011503458,20.62
8.393681418150663,20.62
8.395004771649837,20.62
8.396695658564568,20.61
8.398206122219563,20.62
8.399684570729733,20.61
8.40118321031332,20.62
8.402643758803606,20.62
8.404147539287806,20.61
8.405637178570032,20.61
8.407133340835571,20.62
8.408618498593569,20.62
8.410012111067772,20.62
8.411552298814058,20.62
8.413085747510195,20.62
8.414494190365076,20.62
8.41598604619503,20.62
8.417498357594013,20.62
8.419008247554302,20.62
8.42050638049841,20.62
8.421830642968416,20.62
8.423396714031696,20.62
8.42489305511117,20.62
8.426357701420784,20.62
8.427956741303205,20.62
8.42928820848465,20.63
8.430913597345352,20.62
8.432372480630875,20.62
8.433917235583067,20.62
8.435318529605865,20.62
8.436882428824902,20.62
8.438315197825432,20.62
8.439608585089445,20.62
8.441346481442451,20.62
8.442837592214346,20.62
8.444197718054056,20.62
8.44580614939332,20.62
8.447297651320696,20.62
8.448763351887465,20.62
8.45026096701622,20.62
8.45174741372466,20.62
8.453239995986223,20.62
8.454742401838303,20.62
8.456215590238571,20.62
8.457696996629238,20.62
8.459184151142836,20.62
8.460661046206951,20.61
8.462099436670542,20.62
8.463509101420641,20.62
8.465078979730606,20.62
8.466634925454855,20.62
8.468131303787231,20.62
8.46957989409566,20.63
8.471069980412722,20.63
8.472521889954805,20.63
8.474079594016075,20.64
8.47544815018773,20.64
8.47687790170312,20.64
8.478387299925089,20.64
8.479982428252697,20.63
8.481362730264664,20.64
8.48299103602767,20.63
8.484501507133245,20.63
8.485937163233757,20.63
8.487394239753485,20.63
8.48894763737917,20.63
8.490244567394257,20.63
8.491831362247467,20.62
8.493405934423208,20.62
8.494839202612638,20.62
8.496358465403318,20.62
8.497833207249641,20.62
8.499347548931837,20.62
8.500844839960337,20.62
8.5023403018713,20.61
8.50377531349659,20.62
8.505213759839535,20.62
8.50672997161746,20.62
8.50813864544034,20.62
8.509743385016918,20.62
8.511121097952127,20.62
8.512751679867506,20.62
8.514245301485062,20.62
8.515728671103716,20.62
8.517204124480486,20.62
8.51869086548686,20.62
8.520164132118225,20.62
8.52146353200078,20.62
8.523156572133303,20.62
8.524671405553818,20.62
8.526129100471735,20.62
8.527625795453787,20.62
8.52891593053937,20.62
8.530562978237867,20.62
8.532089419662952,20.62
8.53355561569333,20.62
8.535061351954937,20.61
8.536536291241646,20.61
8.53802391141653,20.62
8.539435852319002,20.61
8.54102661460638,20.61
8.542516488581896,20.61
8.543868824839592,20.61
8.545434173196554,20.6
8.546960350126028,20.6
8.548294380307198,20.6
8.549944017082453,20.61
8.551290392875671,20.61
8.552907850593328,20.62
8.554267894476652,20.62
8.555860690772533,20.62
8.557215634733438,20.63
8.55886148661375,20.62
8.56025018915534,20.62
8.561670701950788,20.62
8.563260782510042,20.62
8.564632020890713,20.62
8.566286973655224,20.61
8.567602720111609,20.61
8.569273542612791,20.61
8.570573035627604,20.61
8.57218974083662,20.61
8.573692582547665,20.61
8.575224332511425,20.62
8.57673117890954,20.62
8.578161973506212,20.62
8.579693742096424,20.61
8.58109949529171,20.61
8.582660842686892,20.61
8.584058057516813,20.61
8.585612758994102,20.61
8.587017502635717,20.61
8.588619191199541,20.61
8.59010310843587,20.61
8.591548811644316,20.61
8.592989191412926,20.61
8.594328228384256,20.61
8.59597284346819,20.6
8.597527787089348,20.6
8.5989237613976,20.61
8.600360099226236,20.61
8.601945489645004,20.61
8.603323929011822,20.61
8.604941044002771,20.62
8.606278743594885,20.62
8.60796582698822,20.62
8.609340064227581,20.62
8.610934775322676,20.62
8.612401973456144,20.62
8.613910023123026,20.62
8.615404848009348,20.62
8.616872366517782,20.62
8.61837350204587,20.62
8.619826674461365,20.62
8.621312830597162,20.62
8.622834168374538,20.62
8.62432836741209,20.62
8.625742048025131,20.62
8.627300906926394,20.62
8.628775719553232,20.62
8.63027249649167,20.62
8.63165258616209,20.62
8.63321841135621,20.62
8.634715098887682,20.62
8.636217799037695,20.62
8.637673679739237,20.62
8.639178395271301,20.62
8.640676863491535,20.62
8.642156768590212,20.61
8.643557962030172,20.62
8.645039860159159,20.62
8.646648820489645,20.62
8.648127853870392,20.62
8.64960839226842,20.62
8.651090156286955,20.62
8.652589857578278,20.62
8.65407633036375,20.62
8.655559629201889,20.62
8.657043099403381,20.62
8.658530160784721,20.62
8.660023007541895,20.62
8.661503542214632,20.62
8.663004700094461,20.62
8.664490930736065,20.62
8.66597881168127,20.62
8.66745226085186,20.62
8.668957646936178,20.62
8.670446768403053,20.62
8.671931099146605,20.62
8.673394482582808,20.62
8.674901094287634,20.62
8.676402617245913,20.62
8.677793983370066,20.62
8.6793317720294,20.62
8.680853202939034,20.62
8.68233460187912,20.62
8.683819931000471,20.62
8.68521123751998,20.62
8.686683777719736,20.62
8.688139133155346,20.62
8.689693104475737,20.62
8.691282223910093,20.62
8.692677229642868,20.62
8.694239545613527,20.62
8.695731356739998,20.62
8.697215106338263,20.62
8.698694441467524,20.62
8.70019206032157,20.62
8.701657049357891,20.62
8.702963028103113,20.62
8.704636689275503,20.62
8.705937050282955,20.62
8.707578867673874,20.62
8.709056451916695,20.62
8.710568618029356,20.62
8.71184891462326,20.62
8.713570050895214,20.62
8.715057630091906,20.62
8.716552887111902,20.62
8.718043558299541,20.62
8.719488695263863,20.62
8.721010323613882,20.62
8.722493894398212,20.61
8.723980750888586,20.62
8.725438639521599,20.62
8.726921696215868,20.62
8.728373646736145,20.62
8.729839280247688,20.62
8.731336399912834,20.62
8.732824083417654,20.62
8.734316255897284,20.62
8.735909033566713,20.62
8.737396266311407,20.62
8.738869979977608,20.61
8.740366898477077,20.62
8.741840962320566,20.62
8.743327971547842,20.62
8.74481337890029,20.62
8.74629045277834,20.62
8.7477936334908,20.62
8.74927506223321,20.62
8.750762049108744,20.62
8.752215154469013,20.62
8.75374435260892,20.62
8.7552200704813,20.62
8.756716024130583,20.62
8.758124452084303,20.62
8.759672589600086,20.62
8.761145774275064,20.62
8.762671243399382,20.62
8.764048472046852,20.62
8.765593383461237,20.62
8.76703668013215,20.62
8.768603298813105,20.62
8.77006285265088,20.62
8.771585687994957,20.62
8.773075103759766,20.61
8.774559658020735,20.61
8.77597551047802,20.62
8.777465417981148,20.62
8.778967931866646,20.62
8.780418656766415,20.62
8.781998496502638,20.62
8.783428609371185,20.63
8.784980159252882,20.62
8.78646183013916,20.62
8.787948682904243,20.62
8.789443176239729,20.62
8.790923699736595,20.62
8.792419657111168,20.62
8.793894100934267,20.62
8.795386526733637,20.62
8.796878699213266,20.62
8.798138175159693,20.63
8.799805898219347,20.62
8.801295537501574,20.61
8.80276806652546,20.62
8.80431703850627,20.62
8.805739413946867,20.61
8.807285036891699,20.61
8.808694049715996,20.61
8.810268215835094,20.61
8.811753738671541,20.61
8.813164237886667,20.62
8.814670998603106,20.62
8.816108591854572,20.62
8.817706074565649,20.62
8.819136768579483,20.62
8.82067608460784,20.62
8.822174098342657,20.62
8.823660917580128,20.62
8.825141802430153,20.62
8.826583851128817,20.61
8.827984597533941,20.61
8.829614046961069,20.62
8.831098642200232,20.62
8.832590777426958,20.61
8.834071472287178,20.61
8.835555605590343,20.62
8.837043885141611,20.61
8.838526863604784,20.62
8.840014357119799,20.62
8.841507744044065,20.62
8.842994064092636,20.62
8.844480976462364,20.61
8.845967516303062,20.61
8.847429472953081,20.61
8.848953191190958,20.61
8.850428510457277,20.61
8.851923689246178,20.61
8.85340427979827,20.61
8.854852743446827,20.61
8.85631725564599,20.61
8.857815120369196,20.61
8.85929361358285,20.61
8.860841918736696,20.62
8.862255919724703,20.62
8.863688815385103,20.61
8.865252193063498,20.61
8.866810876876116,20.61
8.868148621171713,20.61
8.869745928794146,20.61
8.871258284896612,20.61
8.87257706001401,20.61
8.874104879796505,20.61
8.875470608472824,20.61
8.877216819673777,20.61
8.878703031688929,20.61
8.880166802555323,20.61
8.881683066487312,20.61
8.883163265883923,20.61
8.884642474353313,20.62
8.886145640164614,20.61
8.887619376182556,20.61
8.889099091291428,20.61
8.890550635755062,20.61
8.89206239208579,20.62
8.893574468791485,20.61
8.895069897174835,20.61
8.896491914987564,20.61
8.898035179823637,20.61
8.899484138935804,20.61
8.90100210160017,20.61
8.902436286211014,20.61
8.90396637097001,20.61
8.905357979238033,20.62
8.90692938119173,20.61
8.908444438129663,20.61
8.909931614995003,20.61
8.91128096356988,20.62
8.912848226726055,20.61
8.914321511983871,20.62
8.915889594703913,20.62
8.917252708226442,20.62
8.918817143887281,20.62
8.920213706791401,20.61
8.921848125755787,20.62
8.923142343759537,20.63
8.924800746142864,20.63
8.926108848303556,20.63
8.927770510315895,20.63
8.929082028567791,20.64
8.930753905326128,20.63
8.932201784104109,20.63
8.933534190058708,20.63
8.935230378061533,20.64
8.936655219644308,20.64
8.938220150768757,20.64
8.939613305032253,20.63
8.941185794770718,20.63
8.942610546946526,20.63
8.944156311452389,20.64
8.94544292986393,20.64
8.947120238095522,20.63
8.948548559099436,20.63
8.950082942843437,20.63
8.95148404687643,20.63
8.953075777739286,20.63
8.954437583684921,20.63
8.955994073301554,20.63
8.957398381084204,20.63
8.95898886397481,20.63
8.960499808192253,20.63
8.961925957351923,20.64
8.963349122554064,20.63
8.964991170912981,20.63
8.966466948390007,20.63
8.967761065810919,20.63
8.969439700245857,20.63
8.97075542807579,20.63
8.972391612827778,20.63
8.973920617252588,20.63
8.975382417440414,20.63
8.976891871541739,20.64
8.978317227214575,20.63
8.979650426656008,20.63
8.981289375573397,20.63
8.98258214071393,20.63
8.984243761748075,20.63
8.985821068286896,20.64
8.987231861799955,20.64
8.988804586231709,20.64
8.990234907716513,20.63
8.991736881434917,20.63
8.993166297674179,20.64
8.994731985032558,20.64
8.996135532855988,20.64
8.997665200382471,20.63
8.999120116233826,20.63
9.00063880160451,20.64
9.002030178904533,20.64
9.00357747823,20.64
9.005113609135151,20.63
9.006473653018475,20.63
9.0080700032413,20.64
9.009451434016228,20.64
9.011083122342825,20.63
9.012564215809107,20.63
9.014061219990253,20.63
9.015367988497019,20.63
9.016933139413595,20.64
9.018410801887512,20.63
9.019814446568489,20.63
9.021286211907864,20.63
9.02298902720213,20.63
9.0244578756392,20.63
9.025737944990396,20.64
9.02740078791976,20.63
9.028959259390831,20.63
9.030362997204065,20.63
9.031915485858917,20.63
9.033327784389257,20.63
9.034885287284851,20.63
9.0363735742867,20.63
9.037801399827003,20.63
9.039366383105516,20.63
9.040725711733103,20.63
9.042307034134865,20.63
9.043714854866266,20.63
9.045301385223866,20.63
9.046794179826975,20.63
9.048200700432062,20.63
9.04971470311284,20.63
9.051118738949299,20.63
9.052669126540422,20.63
9.05405980721116,20.63
9.055674318224192,20.63
9.05722975358367,20.63
9.058661695569754,20.63
9.059985145926476,20.63
9.061553955078125,20.63
9.06295346468687,20.63
9.064620774239302,20.63
9.065927017480135,20.64
9.067581407725811,20.64
9.069098480045795,20.64
9.070356409996748,20.64
9.072038784623146,20.63
9.073587648570538,20.63
9.075046807527542,20.64
9.076317597180605,20.64
9.077948704361916,20.64
9.07951794564724,20.63
9.080910846590996,20.63
9.082482226192951,20.63
9.083985887467861,20.63
9.085368044674397,20.63
9.086942132562399,20.63
9.088408909738064,20.63
9.089809190481901,20.63
9.091371595859528,20.63
9.092798817902803,20.63
9.0944047793746,20.63
9.095874231308699,20.63
9.097337905317545,20.63
9.09877223148942,20.64
9.100175984203815,20.63
9.101726956665516,20.63
9.10322242975235,20.63
9.104615394026041,20.63
9.106285698711872,20.63
9.107584189623594,20.63
9.109263930469751,20.63
9.110722605139017,20.63
9.112206541001797,20.63
9.113727182149887,20.64
9.11521115526557,20.64
9.116519801318645,20.64
9.118134155869484,20.63
9.119703214615583,20.63
9.121104687452316,20.63
9.122657172381878,20.64
9.124140422791243,20.64
9.12555043026805,20.64
9.127114161849022,20.64
9.128593727946281,20.63
9.130092043429613,20.64
9.131487417966127,20.64
9.133061550557613,20.63
9.134518560022116,20.63
9.1360557153821,20.63
9.137540597468615,20.63
9.138956815004349,20.63
9.140420269221067,20.64
9.141991797834635,20.64
9.143476724624634,20.63
9.144903976470232,20.63
9.146449744701385,20.64
9.147956866770983,20.64
9.149413518607616,20.64
9.150913182646036,20.64
9.15234487131238,20.64
9.153873533010483,20.64
9.155179131776094,20.63
9.15684613212943,20.64
9.158172197639942,20.64
9.15982262417674,20.63
9.16132041439414,20.63
9.162792075425386,20.64
9.164150711148977,20.64
9.165626306086779,20.63
9.167142692953348,20.63
9.168773252516985,20.63
9.170261081308126,20.63
9.17167405411601,20.63
9.17322501540184,20.63
9.174624595791101,20.63
9.17618839070201,20.63
9.177586775273085,20.63
9.179139636456966,20.64
9.180574178695679,20.63
9.182125270366669,20.63
9.183520283550024,20.63
9.185143940150738,20.63
9.18646750971675,20.63
9.188032533973455,20.63
9.18945300579071,20.63
9.19103690981865,20.63
9.192427676171064,20.63
9.194060731679201,20.63
9.19547339528799,20.63
9.196844924241304,20.63
9.19846423715353,20.63
9.199806842952967,20.63
9.201476883143187,20.63
9.202790688723326,20.63
9.2044581733644,20.64
9.205748707056046,20.63
9.207443591207266,20.63
9.208823129534721,20.63
9.210365820676088,20.63
9.211670938879251,20.63
9.213329445570707,20.63
9.214896492660046,20.63
9.216289538890123,20.63
9.217857088893652,20.63
9.21935709565878,20.63
9.22076215967536,20.63
9.222179856151342,20.63
9.223814528435469,20.63
9.225301753729582,20.64
9.226800236850977,20.64
9.228266414254904,20.63
9.229704931378365,20.63
9.231106638908386,20.64
9.232713725417852,20.64
9.234095249325037,20.63
9.235619332641363,20.63
9.237209957093,20.63
9.238697979599237,20.63
9.239993024617434,20.64
9.24159124866128,20.63
9.24298245832324,20.63
9.244626846164465,20.63
9.246047504246235,20.63
9.247606106102467,20.63
9.249085202813148,20.63
9.250551756471395,20.63
9.25203501060605,20.63
9.253561340272427,20.62
9.254803232848644,20.62
9.25647608935833,20.63
9.257959350943565,20.62
9.259448952972889,20.62
9.260997541248798,20.62
9.262433666735888,20.62
9.26397142931819,20.62
9.265436664223671,20.62
9.266949474811554,20.63
9.268378250300884,20.63
9.269923634827137,20.63
9.271407406777143,20.63
9.27285036072135,20.63
9.27439734712243,20.63
9.275740560144186,20.62
9.277357261627913,20.62
9.278851930052042,20.62
9.28033635392785,20.62
9.281732447445393,20.62
9.283292174339294,20.63
9.28466146811843,20.63
9.28627260029316,20.63
9.28777776658535,20.63
9.289272546768188,20.62
9.290753200650215,20.62
9.292232852429152,20.63
9.293717611581087,20.63
9.295207940042019,20.63
9.29668951407075,20.63
9.298190318048,20.63
9.299676921218634,20.63
9.300948824733496,20.63
9.302632261067629,20.63
9.304149482399225,20.63
9.30561613291502,20.63
9.307114865630865,20.62
9.308590922504663,20.63
9.310082387179136,20.63
9.311506859958172,20.62
9.313037171959877,20.63
9.314559329301119,20.63
9.316042650491,20.63
9.317518409341574,20.63
9.31900680065155,20.63
9.320505924522877,20.63
9.321995221078396,20.63
9.323464497923851,20.63
9.324962202459574,20.63
9.326449561864138,20.63
9.327763702720404,20.62
9.329273745417595,20.62
9.330911979079247,20.63
9.332243230193853,20.63
9.333892524242401,20.63
9.335347604006529,20.63
9.336857095360756,20.63
9.33815572783351,20.63
9.33982926979661,20.63
9.341320145875216,20.63
9.34278778731823,20.63
9.344300530850887,20.63
9.345783106982708,20.63
9.347241312265396,20.63
9.348760388791561,20.63
9.350251130759716,20.63
9.351734109222889,20.63
9.353217750787735,20.63
9.354712661355734,20.63
9.356148172169924,20.63
9.357677031308413,20.63
9.359093241393566,20.63
9.360622856765985,20.63
9.362120345234871,20.63
9.36348007619381,20.63
9.365122824907303,20.63
9.366607550531626,20.63
9.368110060691833,20.63
9.369590483605862,20.63
9.371060203760862,20.63
9.372560162097216,20.63
9.374056152999401,20.63
9.375543475151062,20.63
9.377026699483395,20.63
9.378505039960146,20.63
9.379841163754463,20.63
9.381488006561995,20.63
9.382980078458786,20.63
9.384455144405365,20.63
9.3859460093081,20.63
9.387432422488928,20.63
9.388925518840551,20.63
9.390415601432323,20.63
9.391869567334652,20.63
9.393369603902102,20.63
9.394862044602633,20.63
9.39631001651287,20.63
9.397800013422966,20.63
9.399315491318703,20.63
9.400811199098825,20.64
9.402272794395685,20.64
9.403721176087856,20.64
9.405298497527838,20.63
9.40678097680211,20.63
9.408268261700869,20.63
9.409768920391798,20.63
9.411196324974298,20.62
9.412725314497948,20.62
9.414074867963791,20.62
9.415665611624718,20.62
9.41703737527132,20.61
9.418682001531124,20.61
9.420067738741636,20.61
9.421653531491756,20.62
9.423035405576229,20.62
9.42461633682251,20.62
9.426114566624165,20.62
9.42760455980897,20.62
9.429093655198812,20.62
9.430568065494299,20.63
9.432063978165388,20.63
9.433557536453009,20.63
9.435027543455362,20.63
9.436521396040916,20.63
9.438014168292284,20.63
9.439506769180298,20.63
9.440916538238525,20.63
9.442472405731678,20.63
9.443968813866377,20.63
9.445443511009216,20.63
9.44693960621953,20.63
9.448423366993666,20.63
9.449879609048367,20.62
9.45140054449439,20.63
9.452895388007164,20.63
9.454365197569132,20.63
9.455795463174582,20.63
9.457318466156721,20.62
9.458812557160854,20.62
9.460206024348736,20.62
9.461683455854654,20.62
9.46328042447567,20.62
9.46476374939084,20.62
9.466221831738949,20.62
9.467766046524048,20.62
9.469264138489962,20.62
9.470729254186153,20.63
9.472028005868196,20.62
9.473619885742664,20.63
9.475231647491455,20.63
9.476691830903292,20.63
9.478171948343515,20.63
9.479470822960138,20.63
9.480971477925777,20.62
9.48248028755188,20.62
9.48406558856368,20.62
9.485619429498911,20.62
9.48711509257555,20.62
9.488588843494654,20.62
9.490068834275007,20.62
9.491562724113464,20.62
9.49299842119217,20.62
9.494514394551516,20.62
9.495960090309381,20.61
9.497491739690304,20.61
9.498991660773754,20.62
9.50048241019249,20.62
9.501939553767443,20.62
9.503364875912666,20.62
9.504837643355131,20.62
9.506323844194412,20.61
9.50777928903699,20.61
9.509386163204908,20.62
9.510848585516214,20.62
9.512363329529762,20.62
9.513876553624868,20.62
9.515378005802631,20.62
9.516853298991919,20.62
9.51813543587923,20.62
9.519622694700956,20.62
9.521317947655916,20.62
9.522729966789484,20.62
9.524108104407787,20.62
9.525745917111635,20.62
9.527256656438112,20.62
9.528753571212292,20.62
9.530004065483809,20.62
9.531698286533356,20.62
9.533219370990992,20.62
9.534685883671045,20.62
9.536011632531881,20.62
9.537652358412743,20.62
9.539152383804321,20.62
9.54064916819334,20.62
9.542132619768381,20.62
9.543592475354671,20.62
9.545110199600458,20.62
9.54651402682066,20.63
9.548049438744783,20.63
9.549466621130705,20.63
9.551016867160797,20.63
9.552458431571722,20.63
9.554057139903307,20.63
9.5555370002985,20.63
9.556917313486338,20.63
9.558379989117384,20.63
9.559894930571318,20.63
9.56131811067462,20.62
9.56296730786562,20.63
9.564285285770893,20.63
9.565948620438576,20.62
9.567436810582876,20.62
9.568914659321308,20.61
9.570410780608654,20.61
9.571841564029455,20.62
9.573362592607737,20.62
9.574865594506264,20.62
9.576300397515297,20.62
9.577837910503149,20.62
9.579326670616865,20.61
9.580751154571772,20.62
9.58225728198886,20.62
9.583728719502687,20.62
9.585204664617777,20.62
9.58668714016676,20.62
9.588171351701021,20.62
9.58965177834034,20.62
9.591152086853981,20.62
9.592630553990602,20.62
9.594079185277224,20.62
9.595613565295935,20.62
9.597176805138588,20.62
9.598670739680529,20.62
9.600162968039513,20.62
9.601478796452284,20.62
9.60297241806984,20.62
9.60447284206748,20.62
9.606118887662888,20.62
9.607599645853043,20.62
9.609087686985731,20.62
9.610567454248667,20.62
9.612046752125025,20.62
9.61352015659213,20.62
9.615020301192999,20.62
9.61650313436985,20.62
9.61798731610179,20.62
9.6194828748703,20.62
9.620965924113989,20.62
9.622466079890728,20.62
9.62391496822238,20.62
9.625442955642939,20.62
9.62693278491497,20.62
9.628352366387844,20.62
9.629896264523268,20.62
9.631385553628206,20.62
9.632888492196798,20.61
9.634275022894144,20.62
9.635765746235847,20.62
9.637182340025902,20.62
9.638736434280872,20.62
9.640314552932978,20.62
9.641817852854729,20.62
9.643239229917526,20.62
9.644633300602436,20.62
9.646263562142849,20.62
9.647760286927223,20.62
9.649238839745522,20.62
9.650730658322573,20.62
9.652212124317884,20.62
9.653709795325994,20.62
9.655185591429472,20.62
9.656669784337282,20.62
9.658176477998495,20.62
9.659623686224222,20.62
9.66110336408019,20.62
9.662467438727617,20.62
9.664115510880947,20.62
9.665594145655632,20.62
9.667095128446817,20.62
9.668566353619099,20.62
9.67006965726614,20.62
9.671565491706133,20.62
9.672953490167856,20.62
9.674540027976036,20.62
9.67600055038929,20.62
9.677508819848299,20.62
9.67900475114584,20.62
9.680476304143667,20.62
9.681912541389465,20.62
9.683452121913433,20.62
9.684963878244162,20.62
9.68643905967474,20.62
9.687921695411205,20.62
9.689420774579048,20.62
9.69090061634779,20.62
9.692359253764153,20.62
9.693881087005138,20.62
9.69520279020071,20.62
9.696862358599901,20.62
9.69834616780281,20.62
9.69983147084713,20.62
9.701317485421896,20.62
9.702786445617676,20.62
9.70413999632001,20.62
9.705744050443172,20.62
9.707249481230974,20.62
9.708733901381493,20.62
9.710183344781399,20.62
9.71174032241106,20.61
9.713207118213177,20.62
9.714702777564526,20.62
9.71619375422597,20.62
9.717683508992195,20.62
9.719157062470913,20.62
9.720579694956541,20.62
9.722133845090866,20.62
9.72356741502881,20.63
9.725088443607092,20.62
9.726523242890835,20.62
9.728014305233955,20.62
9.729481689631939,20.62
9.731011386960745,20.63
9.732478629797697,20.62
9.733902774751186,20.62
9.735525965690613,20.62
9.736859023571014,20.62
9.738499846309423,20.62
9.739997055381536,20.62
9.741460110992193,20.62
9.742954298853874,20.62
9.744451593607664,20.62
9.74587319418788,20.62
9.747425191104412,20.63
9.748911932110786,20.63
9.750394821166992,20.62
9.751886427402496,20.62
9.753361478447914,20.62
9.754862692207098,20.62
9.756341941654682,20.62
9.757815565913916,20.62
9.759282104671001,20.62
9.760778095573187,20.62
9.76229453086853,20.62
9.763705417513847,20.62
9.765265669673681,20.62
9.76669467240572,20.62
9.768251784145832,20.62
9.769680105149746,20.62
9.771218053996563,20.62
9.772715136408806,20.62
9.77417692169547,20.62
9.775689784437418,20.62
9.77716875448823,20.62
9.77866954728961,20.62
9.780159637331963,20.62
9.781653419137001,20.62
9.782960720360279,20.62
9.784533094614744,20.62
9.78593410551548,20.62
9.787523712962866,20.62
9.788968928158283,20.62
9.790568180382252,20.62
9.792054489254951,20.63
9.793542206287384,20.62
9.795024454593658,20.62
9.796505760401487,20.62
9.797998670488596,20.62
9.799466997385025,20.62
9.8009687140584,20.62
9.802453521639109,20.62
9.803951032459736,20.62
9.805388636887074,20.62
9.806868743151426,20.62
9.80836246535182,20.62
9.80986749380827,20.62
9.811337444931269,20.62
9.812760259956121,20.62
9.814255323261023,20.62
9.815853402018547,20.62
9.81722977757454,20.62
9.818848088383675,20.62
9.820191968232393,20.62
9.821812469512224,20.62
9.82328599318862,20.62
9.824634928256273,20.62
9.826199937611818,20.62
9.827607121318579,20.62
9.829226464033127,20.62
9.830550145357847,20.62
9.832209136337042,20.62
9.833693630993366,20.62
9.83507901802659,20.62
9.836555607616901,20.62
9.837954681366682,20.62
9.839620839804411,20.62
9.841146789491177,20.62
9.842604499310255,20.62
9.844089031219482,20.63
9.845592491328716,20.62
9.846924934536219,20.62
9.848579201847315,20.63
9.849909856915474,20.63
9.851557467132807,20.62
9.85304818674922,20.62
9.854450963437557,20.62
9.855920433998108,20.62
9.857486359775066,20.62
9.858887046575546,20.62
9.860448006540537,20.62
9.861856359988451,20.62
9.863415144383907,20.62
9.86482049152255,20.62
9.866373989731073,20.62
9.86791030690074,20.62
9.869342751801014,20.62
9.870806030929089,20.62
9.872234981507063,20.62
9.873813975602388,20.63
9.875251989811659,20.63
9.876863844692707,20.64
9.878166001290083,20.64
9.87981278821826,20.64
9.88130559027195,20.64
9.882791306823492,20.64
9.884269952774048,20.63
9.885771878063679,20.63
9.887225549668074,20.63
9.888733021914959,20.63
9.890187293291092,20.63
9.891725204885006,20.63
9.893172606825829,20.63
9.8946886472404,20.63
9.896118093281984,20.64
9.897639084607363,20.63
9.899116527289152,20.63
9.90063826739788,20.63
9.902128543704748,20.63
9.903516557067633,20.63
9.905072934925556,20.63
9.906445562839508,20.63
9.907996162772179,20.63
9.909517958760262,20.63
9.911028385162354,20.63
9.912425812333822,20.63
9.913958624005318,20.63
9.915527801960707,20.63
9.91692304983735,20.63
9.918505292385817,20.63
9.919956732541323,20.63
9.921465571969748,20.63
9.922967493534088,20.63
9.924453150480986,20.63
9.92588821426034,20.63
9.927418939769268,20.63
9.928885515779257,20.63
9.930208962410688,20.63
9.931883484125137,20.63
9.933373972773552,20.63
9.934856347739697,20.63
9.936342604458332,20.63
9.937837455421686,20.63
9.939310822635889,20.63
9.940804474055767,20.63
9.942300021648407,20.63
9.943725790828466,20.63
9.945256646722555,20.63
9.946703724563122,20.63
9.948198691010475,20.63
9.949746366590261,20.63
9.951137360185385,20.63
9.952642645686865,20.63
9.954153895378113,20.63
9.955571468919516,20.63
9.957054562866688,20.63
9.958551295101643,20.63
9.960103739053011,20.63
9.961631700396538,20.63
9.963040035218,20.63
9.964508183300495,20.63
9.966108348220587,20.63
9.967586234211922,20.63
9.969074867665768,20.63
9.97055035457015,20.63
9.972040474414825,20.63
9.973525945097208,20.63
9.975019693374634,20.63
9.97648949176073,20.64
9.97798778489232,20.64
9.979473739862442,20.63
9.98095690459013,20.63
9.982235874980688,20.64
9.983904600143433,20.64
9.985179487615824,20.63
9.986913453787565,20.63
9.988326005637646,20.62
9.989891115576029,20.62
9.99135958775878,20.62
9.992754966020584,20.62
9.994333431124687,20.62
9.995846960693598,20.62
9.99732531234622,20.62
9.998824656009674,20.62
10.000307857990265,20.62
10.001785524189472,20.62
10.003280360251665,20.62
10.004722092300653,20.62
10.006257247179747,20.62
10.00773049518466,20.62
10.00924214720726,20.63
10.010733429342508,20.63
10.012220218777657,20.63
10.013697192072868,20.63
10.015189372003078,20.63
10.016675002872944,20.63
10.018090650439262,20.63
10.019516222178936,20.62
10.02112591266632,20.62
10.022611197084188,20.62
10.023883372545242,20.62
10.025600779801607,20.63
10.02707515284419,20.62
10.028569724410772,20.62
10.0300496481359,20.62
10.031480357050896,20.62
10.032913163304329,20.62
10.03452655300498,20.62
10.0359514541924,20.62
10.037433095276356,20.62
10.03892071545124,20.62
10.040424089878798,20.62
10.04194550216198,20.62
10.043375968933105,20.62
10.044819470494986,20.62
10.046324092894793,20.62
10.047806330025196,20.62
10.049381792545319,20.62
10.050847083330154,20.62
10.052296333014965,20.62
10.05386857688427,20.62
10.055288095027208,20.62
10.056805819272995,20.62
10.05832776799798,20.62
10.05980895832181,20.62
10.061308678239584,20.63
10.062789268791676,20.63
10.064272213727236,20.62
10.065746083855629,20.62
10.067234981805086,20.62
10.068701673299074,20.62
10.070013388991356,20.62
10.0717079564929,20.62
10.073193076997995,20.62
10.074444580823183,20.62
10.076168194413185,20.62
10.077653877437115,20.62
10.079094551503658,20.62
10.08063954859972,20.62
10.08207018300891,20.62
10.083592660725117,20.63
10.085006728768349,20.63
10.086598116904497,20.63
10.088041111826897,20.63
10.089558880776167,20.64
10.090942200273275,20.64
10.092499617487192,20.64
10.094016190618277,20.63
10.095474872738123,20.63
10.096991442143917,20.62
10.098365973681211,20.62
10.099867466837168,20.62
10.101402092725039,20.62
10.102963909506798,20.62
10.104446422308683,20.62
10.105928543955088,20.62
10.107412748038769,20.62
10.108907096087933,20.61
10.11038712784648,20.61
10.111879352480173,20.62
10.11317266523838,20.61
10.114821661263704,20.61
10.116132747381926,20.61
10.117792472243309,20.61
10.119074277579784,20.61
10.12074800953269,20.61
10.122293751686811,20.62
10.123736094683409,20.61
10.125264886766672,20.61
10.126753572374582,20.61
10.12814924493432,20.61
10.129705119878054,20.62
10.1311303563416,20.61
10.132621310651302,20.61
10.13413268700242,20.62
10.135652158409357,20.62
10.137066379189491,20.61
10.13855093345046,20.61
10.140027802437544,20.61
10.14151617884636,20.62
10.14311407878995,20.61
10.144459515810013,20.62
10.146027382463217,20.62
10.14757651463151,20.62
10.148889791220427,20.61
10.150556821376085,20.61
10.152037288993597,20.61
10.1535231359303,20.62
10.1550148203969,20.62
10.15650064125657,20.61
10.157968632876873,20.61
10.159459263086319,20.61
10.160941004753113,20.61
10.162439797073603,20.61
10.16371127218008,20.61
10.165427468717098,20.61
10.166901540011168,20.62
10.168411154299974,20.62
10.16987818479538,20.62
10.171341802924871,20.62
10.172813791781664,20.62
10.174308314919472,20.62
10.175792664289474,20.61
10.177256543189287,20.62
10.178749207407236,20.61
10.180189341306686,20.61
10.181690633296967,20.61
10.183204710483551,20.61
10.18467527627945,20.61
10.18615984544158,20.61
10.187759783118963,20.61
10.189096685498953,20.61
10.190725687891245,20.61
10.19222079962492,20.61
10.19370910897851,20.61
10.195002470165491,20.62
10.196665111929178,20.62
10.198152977973223,20.62
10.199638281017542,20.62
10.20110534876585,20.62
10.202425461262465,20.61
10.20411279052496,20.61
10.205396130681038,20.61
10.207074537873268,20.61
10.208549849689007,20.61
10.210044890642166,20.61
10.211531784385443,20.61
10.213011175394058,20.61
10.214498277753592,20.61
10.215989340096712,20.61
10.217450618743896,20.61
10.21894583106041,20.61
10.22045774012804,20.61
10.221957072615623,20.61
10.2233850620687,20.61
10.224930614233017,20.61
10.226306434720755,20.61
10.227851260453463,20.61
10.229402419179678,20.62
10.230745241045952,20.61
10.232384711503983,20.61
10.23374044150114,20.61
10.23526744171977,20.61
10.236831914633512,20.61
10.238276485353708,20.61
10.2397126480937,20.61
10.241281121969223,20.61
10.242591690272093,20.61
10.244256369769573,20.61
10.245752029120922,20.61
10.247220166027546,20.61
10.248709622770548,20.61
10.250186305493116,20.61
10.251687295734882,20.62
10.25297474488616,20.61
10.25445145741105,20.61
10.256170473992825,20.61
10.257410448044538,20.61
10.259074464440346,20.61
10.26064696162939,20.61
10.262079797685146,20.61
10.263613533228636,20.61
10.265083618462086,20.61
10.266558654606342,20.61
10.268074069172144,20.61
10.269441563636065,20.61
10.27104326337576,20.61
10.272530123591423,20.61
10.273983608931303,20.61
10.275432001799345,20.61
10.276904948055744,20.61
10.278410051018,20.61
10.279969062656164,20.61
10.281353060156107,20.61
10.282858666032553,20.61
10.28442095220089,20.61
10.285831104964018,20.61
10.28725316748023,20.61
10.288895852863789,20.61
10.290375050157309,20.61
10.291871689260006,20.61
10.293337650597095,20.61
10.294830176979303,20.61
10.296333856880665,20.61
10.297799911350012,20.61
10.2992910631001,20.61
10.30077325552702,20.61
10.30227617919445,20.61
10.303736936300993,20.61
10.305237602442503,20.61
10.306741587817669,20.61
10.308221112936735,20.61
10.30964832752943,20.61
10.311209704726934,20.61
10.312689941376448,20.61
10.314079537987709,20.61
10.31564661115408,20.61
10.317137960344553,20.61
10.318635545670986,20.62
10.320184726268053,20.61
10.321488413959742,20.61
10.323101699352264,20.61
10.324454884976149,20.61
10.326017707586288,20.61
10.327438607811928,20.61
10.329029191285372,20.61
10.33052634447813,20.61
10.332042280584574,20.61
10.333349578082561,20.61
10.335005853325129,20.61
10.336343079805374,20.62
10.337968681007624,20.62
10.339371394366026,20.62
10.340936467051506,20.62
10.342326756566763,20.62
10.343829091638327,20.62
10.345400352030993,20.61
10.346746157854795,20.62
10.348366875201464,20.62
10.34989232942462,20.62
10.351323075592518,20.62
10.352871283888817,20.62
10.354300428181887,20.62
10.355799026787281,20.62
10.35730366408825,20.62
10.35872919857502,20.62
10.360268983989954,20.62
10.36178009212017,20.62
10.363237041980028,20.62
10.364649757742882,20.62
10.366269554942846,20.62
10.367605328559875,20.62
10.36921438202262,20.61
10.370576106011868,20.62
10.372124090790749,20.62
10.373518574982882,20.62
10.375162299722433,20.62
10.376663040369749,20.62
10.378146298229694,20.62
10.379642717540264,20.62
10.381124388426542,20.61
10.382396459579468,20.61
10.38406065478921,20.61
10.385578233748674,20.61
10.387075994163752,20.62
10.388557843863964,20.62
10.390047136694193,20.62
10.391529887914658,20.62
10.392970748245716,20.62
10.394512515515089,20.64
10.39596363157034,20.63
10.397263590246439,20.63
10.3989078104496,20.63
10.400456476956606,20.62
10.401948541402817,20.63
10.40334277972579,20.62
10.404910866171122,20.62
10.406321488320827,20.62
10.407869830727577,20.63
10.40929289534688,20.63
10.410881917923689,20.63
10.412368584424257,20.62
10.41371763497591,20.63
10.415344927459955,20.63
10.416788037866354,20.63
10.418154131621122,20.63
10.419671460986137,20.63
10.421131860464811,20.63
10.422786891460419,20.63
10.424264319241047,20.63
10.425591185688972,20.63
10.42722962796688,20.63
10.428725678473711,20.62
10.430080737918615,20.62
10.43153179436922,20.63
10.433167241513729,20.63
10.434459432959557,20.63
10.436167661100626,20.62
10.43757764622569,20.62
10.43894337490201,20.63
10.440643459558487,20.63
10.442076988518238,20.63
10.44361251220107,20.63
10.445009980350733,20.63
10.446571093052626,20.63
10.447970047593117,20.63
10.449534896761179,20.63
10.45096368715167,20.63
10.452540691941977,20.63
10.453964676707983,20.63
10.455493327230215,20.63
10.456885702908039,20.63
10.458447646349669,20.63
10.459819495677948,20.63
10.461301058530807,20.63
10.462935209274292,20.63
10.464442037045956,20.63
10.465775143355131,20.64
10.467393461614847,20.63
10.46870981156826,20.63
10.470207806676626,20.63
10.47186167165637,20.64
10.473163850605488,20.63
10.474855609238148,20.63
10.476321175694466,20.63
10.477814089506865,20.64
10.479266926646233,20.64
10.480673629790545,20.63
10.482258055359125,20.63
10.483543127775192,20.63
10.485254891216755,20.63
10.486753854900599,20.63
10.488182175904512,20.63
10.489707287400961,20.64
10.491203743964434,20.64
10.492659874260426,20.63
10.494181901216507,20.63
10.49564964696765,20.63
10.497064098715782,20.63
10.498624347150326,20.63
10.500012841075659,20.63
10.501554425805807,20.63
10.502979021519423,20.64
10.504535522311926,20.63
10.505963142961264,20.63
10.507501881569624,20.63
10.509049091488123,20.63
10.510557346045971,20.64
10.511851485818624,20.63
10.51352646574378,20.63
10.514835745096207,20.63
10.516404081135988,20.64
10.517990488559008,20.64
10.51928086206317,20.64
10.520955476909876,20.64
10.52240377292037,20.64
10.52389769256115,20.63
10.52523136511445,20.63
10.526873741298914,20.63
10.528372004628181,20.64
10.529826704412699,20.63
10.531124494969845,20.63
10.53279585018754,20.63
10.53435456380248,20.63
10.53578057140112,20.64
10.537312097847462,20.63
10.538714293390512,20.63
10.540294878184795,20.64
10.541678193956614,20.64
10.543276149779558,20.63
10.544756442308426,20.63
10.5461853928864,20.64
10.547739408910275,20.64
10.549080293625593,20.63
10.550646562129259,20.63
10.552203174680471,20.63
10.553556762635708,20.63
10.555093593895435,20.63
10.55649483576417,20.63
10.558062419295311,20.63
10.559447441250086,20.63
10.561116993427277,20.64
10.562560271471739,20.63
10.564098462462425,20.63
10.56559894606471,20.63
10.567059937864542,20.63
10.56833978742361,20.63
10.570054315030575,20.63
10.571410030126572,20.63
10.573006983846426,20.63
10.574504528194666,20.64
10.575939789414406,20.64
10.577458307147026,20.63
10.578756138682365,20.63
10.580407969653606,20.64
10.581940427422523,20.63
10.583335116505623,20.63
10.584818203002214,20.64
10.586408983916044,20.64
10.587911296635866,20.63
10.589392218738794,20.63
10.590806607156992,20.63
10.592353392392397,20.63
10.593843154609203,20.63
10.595357306301594,20.63
10.596773464232683,20.63
10.598302599042654,20.63
10.599812015891075,20.63
10.601119883358479,20.63
10.602601528167725,20.64
10.604235995560884,20.64
10.60555949434638,20.64
10.607228305190802,20.64
10.608721945434809,20.63
10.610209114849567,20.64
10.611567214131355,20.63
10.613003090023994,20.63
10.614658664911985,20.64
10.615946386009455,20.63
10.617596205323935,20.64
10.619143668562174,20.64
10.620593830943108,20.63
10.622089181095362,20.63
10.62353402748704,20.63
10.625028185546398,20.63
10.626589592546225,20.63
10.628051314502954,20.63
10.6294507086277,20.63
10.631022449582815,20.63
10.632521715015173,20.63
10.634009666740894,20.63
10.63547482714057,20.64
10.636887550354004,20.63
10.6384173668921,20.63
10.639860153198242,20.63
10.641445361077785,20.63
10.642784718424082,20.63
10.6444145552814,20.63
10.645875919610262,20.63
10.647232498973608,20.63
10.648843299597502,20.63
10.650193959474564,20.64
10.65166762471199,20.63
10.653195019811392,20.63
10.65482310950756,20.64
10.656346578150988,20.63
10.657808143645525,20.63
10.659297626465559,20.63
10.660764001309872,20.64
10.662082463502884,20.63
10.66371888667345,20.63
10.665036365389824,20.63
10.666687592864037,20.64
10.66824258863926,20.64
10.669724438339472,20.63
10.67120760306716,20.63
10.672610986977816,20.63
10.674175377935171,20.63
10.675561476498842,20.63
10.677147034555674,20.64
10.678555697202682,20.63
10.680124621838331,20.64
10.681497249752283,20.63
10.683066800236702,20.63
10.684451922774315,20.64
10.685961317270994,20.64
10.687550850212574,20.64
10.688905585557222,20.64
10.690548989921808,20.63
10.691895473748446,20.63
10.6934479996562,20.64
10.69499783590436,20.64
10.69649650529027,20.64
10.697790965437889,20.63
10.6994655020535,20.63
10.70087568461895,20.64
10.702434740960598,20.63
10.703709404915571,20.64
10.705386195331812,20.64
10.70668163150549,20.64
10.708355471491814,20.64
10.709637638181448,20.64
10.711207274347544,20.64
10.712863977998495,20.63
10.714361321181059,20.63
10.715748596936464,20.64
10.717314682900906,20.63
10.718777775764465,20.63
10.72019899263978,20.63
10.721790838986635,20.63
10.723160717636347,20.64
10.724726784974337,20.64
10.726165670901537,20.63
10.727623637765646,20.64
10.729161255061626,20.63
10.730565886944532,20.64
10.732194617390633,20.64
10.733531910926104,20.64
10.73516345769167,20.64
10.73659636080265,20.64
10.738077100366354,20.63
10.739477593451738,20.64
10.741116840392351,20.63
10.742604874074459,20.63
10.744095236063004,20.64
10.74555179476738,20.63
10.7468944452703,20.63
10.748556535691023,20.63
10.749858845025301,20.63
10.751526776701212,20.63
10.75279587879777,20.64
10.754516836255789,20.64
10.75599741563201,20.64
10.757491871714592,20.64
10.758907049894333,20.63
10.760444927960634,20.63
10.761865586042404,20.63
10.763445246964693,20.64
10.764854580163956,20.63
10.766300529241562,20.63
10.767877578735352,20.63
10.769282888621092,20.64
10.77082496508956,20.63
10.772248957306147,20.64
10.773798029869795,20.64
10.775351639837027,20.64
10.776700980961323,20.63
10.778301816433668,20.63
10.779656168073416,20.64
10.781211044639349,20.64
10.782725680619478,20.64
10.784091155976057,20.64
10.785743080079556,20.64
10.787077102810144,20.64
10.788714453577995,20.64
10.790036886930466,20.64
10.791686948388815,20.63
10.793129093945026,20.64
10.794679645448923,20.64
10.795977711677551,20.64
10.797650929540396,20.64
10.79891724139452,20.64
10.8005850315094,20.64
10.802099455147982,20.64
10.803601145744324,20.64
10.805093690752983,20.63
10.806495163589716,20.63
10.808062214404345,20.63
10.809459805488586,20.63
10.811036869883537,20.63
10.812417704612017,20.64
10.814000468701124,20.64
10.815384354442358,20.63
10.816982790827751,20.63
10.818373370915651,20.64
10.8198526725173,20.63
10.821412526071072,20.63
10.822916332632303,20.64
10.824354939162731,20.64
10.825763121247292,20.64
10.827408134937286,20.63
10.828809838742018,20.63
10.830314487218857,20.63
10.83167576417327,20.64
10.833340365439653,20.64
10.83467386290431,20.64
10.836119163781404,20.64
10.837799072265625,20.64
10.839271001517773,20.64
10.840759057551622,20.63
10.842059593647718,20.64
10.84376122429967,20.64
10.845266941934824,20.64
10.84670713916421,20.64
10.848244156688452,20.64
10.84963782504201,20.64
10.851208712905645,20.64
10.85262006521225,20.64
10.85416540876031,20.64
10.855589851737022,20.64
10.857130996882915,20.64
10.858542021363974,20.64
10.860130250453949,20.64
10.86149936914444,20.64
10.86304685473442,20.64
10.864482372999191,20.64
10.866059314459562,20.64
10.867474488914013,20.64
10.869070943444967,20.64
10.870381221175194,20.64
10.871893912553787,20.64
10.87344028800726,20.64
10.874871667474508,20.64
10.876468434929848,20.64
10.877796486020088,20.64
10.87939590215683,20.64
10.880758482962847,20.64
10.88242418691516,20.64
10.883710447698832,20.64
10.885405097156763,20.64
10.886743027716875,20.64
10.88837894052267,20.64
10.889651376754045,20.64
10.891312751919031,20.64
10.892729688435793,20.64
10.894289944320917,20.64
10.895825281739235,20.64
10.897239193320274,20.64
10.898795865476131,20.64
10.900187775492668,20.64
10.901761841028929,20.64
10.90318425744772,20.64
10.904612183570862,20.64
10.906220462173223,20.64
10.90765806287527,20.64
10.909167289733887,20.64
10.910707667469978,20.64
10.912061594426632,20.64
10.913683604449034,20.64
10.9150314591825,20.64
10.916617877781391,20.63
10.917992878705263,20.64
10.91960085183382,20.64
10.92110015079379,20.64
10.922542691230774,20.64
10.923910658806562,20.64
10.925386592745781,20.64
10.92704989016056,20.64
10.928358405828476,20.64
10.930040266364813,20.64
10.931335099041462,20.64
10.932990979403257,20.64
10.934454511851072,20.64
10.935754500329494,20.64
10.937419574707747,20.64
10.938754331320524,20.64
10.940386209636927,20.64
10.941959533840418,20.64
10.943340979516506,20.64
10.944911528378725,20.64
10.946331456303596,20.64
10.947884161025286,20.64
10.949372574687004,20.64
10.950783398002386,20.64
10.95234665647149,20.64
10.953834109008312,20.64
10.955203156918287,20.64
10.956771399825811,20.64
10.958327110856771,20.63
10.9597811922431,20.64
10.961194701492786,20.64
10.962638512253761,20.64
10.964221943169832,20.64
10.965672478079796,20.64
10.96712064370513,20.64
10.968706488609314,20.64
10.970039453357458,20.64
10.971700835973024,20.64
10.972990304231644,20.64
10.974650133401155,20.64
10.97615471482277,20.64
10.9775964692235,20.64
10.979037344455719,20.64
10.980606906116009,20.64
10.981874532997608,20.64
10.983541775494814,20.64
10.985006254166365,20.64
10.986563138663769,20.64
10.988069117069244,20.64
10.989506740123034,20.64
10.9910235889256,20.64
10.992439862340689,20.64
10.993995677679777,20.64
10.995385359972715,20.64
10.99695973098278,20.64
10.998351838439703,20.64
10.99980679526925,20.64
11.001388523727655,20.64
11.002864200621843,20.64
11.004348628222942,20.64
11.005914580076933,20.64
11.007231872528791,20.64
11.00889103859663,20.64
11.010321918874979,20.64
11.011675637215376,20.64
11.013342294842005,20.64
11.014671940356493,20.64
11.016318365931511,20.64
11.017662737518549,20.64
11.019278336316347,20.64
11.020564004778862,20.64
11.022244315594435,20.64
11.023550942540169,20.64
11.025229826569557,20.64
11.02649810910225,20.64
11.02822221070528,20.64
11.029560562223196,20.64
11.031137015670538,20.64
11.032442510128021,20.64
11.034088715910912,20.64
11.035654947161674,20.64
11.037057273089886,20.64
11.038632109761238,20.64
11.040018945932388,20.64
11.041595917195082,20.64
11.042976528406143,20.64
11.044539015740156,20.64
11.0459697060287,20.64
11.047361969947815,20.64
11.048910200595856,20.64
11.05053786560893,20.64
11.05186627805233,20.64
11.053487859666348,20.64
11.054979033768177,20.64
11.056310873478651,20.64
11.057948771864176,20.64
11.059459641575813,20.64
11.060941968113184,20.64
11.062244195491076,20.64
11.063906613737345,20.64
11.06522012129426,20.64
11.06686020642519,20.64
11.068258311599493,20.64
11.069772217422724,20.64
11.071326818317175,20.64
11.072621267288923,20.64
11.074277471750975,20.64
11.075826328247786,20.64
11.077292546629906,20.64
11.078717276453972,20.64
11.080286215990782,20.64
11.081585589796305,20.64
11.083157703280449,20.64
11.084723398089409,20.64
11.08612772077322,20.64
11.0876993983984,20.64
11.089113164693117,20.64
11.090659208595753,20.64
11.092090625315905,20.64
11.093665923923254,20.64
11.095040630549192,20.65
11.096573274582624,20.64
11.098033998161554,20.64
11.099580392241478,20.64
11.101111855357885,20.64
11.102419469505548,20.64
11.104087047278881,20.64
11.105390504002571,20.64
11.107055243104696,20.64
11.108398005366325,20.64
11.110013779252768,20.64
11.11133747547865,20.64
11.112997621297836,20.64
11.114287238568068,20.64
11.115940019488335,20.64
11.117280967533588,20.64
11.118949856609106,20.64
11.120200883597136,20.64
11.121940400451422,20.64
11.12342631444335,20.65
11.124884810298681,20.64
11.126365277916193,20.64
11.127828370779753,20.64
11.129246443510056,20.64
11.130846947431564,20.64
11.132242571562529,20.64
11.133808001875877,20.65
11.135219138115644,20.65
11.136801421642303,20.64
11.138161733746529,20.64
11.139710959047079,20.64
11.141267221421003,20.64
11.142619732767344,20.64
11.14423355832696,20.65
11.145699884742498,20.64
11.147126406431198,20.64
11.148620873689651,20.64
11.150041673332453,20.64
11.151683636009693,20.64
11.153066385537386,20.65
11.154651869088411,20.65
11.15602707862854,20.64
11.157469402998686,20.65
11.159013599157333,20.64
11.160607181489468,20.64
11.161983504891396,20.64
11.163528148084879,20.64
11.164842683821917,20.64
11.166523020714521,20.65
11.16784106567502,20.65
11.169465374201536,20.64
11.171017609536648,20.64
11.172422274947166,20.64
11.173978678882122,20.64
11.175427477806807,20.64
11.176952585577965,20.64
11.178352620452642,20.64
11.179909218102694,20.64
11.181430168449879,20.64
11.18278979882598,20.65
11.184368535876274,20.64
11.185901287943125,20.64
11.18725810945034,20.65
11.188797306269407,20.65
11.190363805741072,20.65
11.191839583218098,20.65
11.19317064806819,20.65
11.194767825305462,20.65
11.196197550743818,20.65
11.197798300534487,20.64
11.199126560240984,20.64
11.200766503810883,20.64
11.20224317535758,20.65
11.20360453799367,20.64
11.205173421651125,20.64
11.206502262502909,20.65
11.208162687718868,20.65
11.20947827398777,20.64
11.21116367354989,20.64
11.212442997843027,20.64
11.214105263352394,20.64
11.215408191084862,20.65
11.21711802855134,20.65
11.218631606549025,20.65
11.220080308616161,20.64
11.221490699797869,20.64
11.223062239587307,20.64
11.224459003657103,20.64
11.225908428430557,20.64
11.227550864219666,20.65
11.229030311107635,20.64
11.230395913124084,20.64
11.231944870203733,20.64
11.2335105240345,20.64
11.234884038567543,20.64
11.236461412161589,20.64
11.237906470894814,20.64
11.239276245236397,20.64
11.240919794887304,20.64
11.242247134447098,20.64
11.24389748647809,20.64
11.245208036154509,20.64
11.246882073581219,20.64
11.248389717191458,20.64
11.249853864312172,20.64
11.251213174313307,20.64
11.252832651138306,20.64
11.2542763389647,20.64
11.255572222173214,20.64
11.25726517289877,20.65
11.25857636705041,20.65
11.260215569287539,20.64
11.261761542409658,20.64
11.263160970062017,20.64
11.264722313731909,20.64
11.266128037124872,20.64
11.267694875597954,20.64
11.269143771380186,20.64
11.270561899989843,20.65
11.272168356925249,20.65
11.27353523299098,20.65
11.275119885802269,20.64
11.276504132896662,20.64
11.278038516640663,20.65
11.279613319784403,20.65
11.2809430770576,20.64
11.282585490494967,20.64
11.283907860517502,20.64
11.285554453730583,20.64
11.286865338683128,20.64
11.288536701351404,20.64
11.289858229458332,20.64
11.291523788124323,20.64
11.292977329343557,20.64
11.2943543381989,20.64
11.295960392802954,20.64
11.297273084521294,20.64
11.29890276119113,20.64
11.300231829285622,20.64
11.30186776816845,20.64
11.303190905600786,20.64
11.304884508252144,20.64
11.306141346693039,20.64
11.307865783572197,20.64
11.309298876672983,20.64
11.31076168641448,20.64
11.312318928539753,20.64
11.313714761286974,20.64
11.315305896103382,20.64
11.316727314144373,20.64
11.318223558366299,20.64
11.319768488407135,20.65
11.321147844195366,20.65
11.322636153548956,20.64
11.32416008412838,20.64
11.32571106031537,20.65
11.327184453606606,20.65
11.328538324683905,20.65
11.330106899142265,20.64
11.331629544496536,20.64
11.333113733679056,20.64
11.334476485848427,20.64
11.336076524108648,20.64
11.337438199669123,20.64
11.339103117585182,20.64
11.340409904718399,20.64
11.342084735631943,20.64
11.34335532039404,20.64
11.345028050243855,20.64
11.346314899623394,20.64
11.347975995391607,20.65
11.34938209503889,20.65
11.350997354835272,20.65
11.352424405515194,20.64
11.353745713829994,20.64
11.355393074452877,20.64
11.356965512037277,20.64
11.35835912078619,20.64
11.359928403049707,20.64
11.36140038445592,20.64
11.362904243171215,20.64
11.364272113889456,20.64
11.365866415202618,20.64
11.367245454341173,20.64
11.368840165436268,20.64
11.370209407061338,20.65
11.371783766895533,20.64
11.373269736766815,20.64
11.37480903789401,20.65
11.376303236931562,20.64
11.37779088318348,20.64
11.379119277000427,20.64
11.38072170317173,20.65
11.382048401981592,20.65
11.383709203451872,20.65
11.385215792804956,20.65
11.386701580137014,20.65
11.3881754912436,20.65
11.389672558754683,20.65
11.39109581708908,20.65
11.392608162015676,20.65
11.394082438200712,20.65
11.395411025732756,20.65
11.397106748074293,20.65
11.398613534867764,20.64
11.400105509907007,20.64
11.401492055505514,20.64
11.403065022081137,20.64
11.404538817703724,20.65
11.406028304249048,20.64
11.40745709836483,20.64
11.409007012844086,20.64
11.410463836044073,20.64
11.411890145391226,20.64
11.413488656282425,20.64
11.414958875626326,20.65
11.416307628154755,20.64
11.417929392307997,20.64
11.419281627982855,20.65
11.420920994132757,20.65
11.422242391854525,20.64
11.42389726266265,20.65
11.425391364842653,20.64
11.426697604358196,20.64
11.428314860910177,20.64
11.429831746965647,20.64
11.431314397603273,20.64
11.432797264307737,20.65
11.434225667268038,20.65
11.435797583311796,20.64
11.437128201127052,20.64
11.438742764294147,20.64
11.440047532320023,20.65
11.441682610660791,20.65
11.443146403878927,20.65
11.44473846256733,20.65
11.446205768734217,20.64
11.447702433913946,20.64
11.449177198112011,20.64
11.450577445328236,20.64
11.45214818790555,20.64
11.453571941703558,20.64
11.455131221562624,20.65
11.456530127674341,20.64
11.458088286221027,20.64
11.459486957639456,20.64
11.461017150431871,20.64
11.462576989084482,20.64
11.46391275152564,20.64
11.46549204364419,20.64
11.467017736285925,20.64
11.468437280505896,20.64
11.46983240172267,20.64
11.471412353217602,20.64
11.472805444151163,20.64
11.474473983049393,20.65
11.475754488259554,20.64
11.477434761822224,20.64
11.478803504258394,20.64
11.480398293584585,20.64
11.481703214347363,20.64
11.483390789479017,20.64
11.48465459793806,20.65
11.486126691102982,20.65
11.487800393253565,20.65
11.48923246562481,20.65
11.490841798484325,20.64
11.49210337921977,20.65
11.49378688633442,20.65
11.495285276323557,20.64
11.496723476797342,20.64
11.498278602957726,20.64
11.499742612242699,20.65
11.501162618398666,20.65
11.502712722867727,20.65
11.504097636789083,20.65
11.505641337484121,20.65
11.507186345756054,20.65
11.5086765922606,20.64
11.51007453724742,20.64
11.511501718312502,20.65
11.513114258646965,20.65
11.514465771615505,20.65
11.51612925902009,20.65
11.51754530519247,20.65
11.519096087664366,20.65
11.520462814718485,20.65
11.522076319903135,20.65
11.523469969630241,20.65
11.525044433772564,20.64
11.526341438293457,20.65
11.527991484850645,20.65
11.529281813651323,20.65
11.530953891575336,20.65
11.532234739512205,20.65
11.533971678465605,20.65
11.535446982830763,20.65
11.536954712122679,20.65
11.538430262356997,20.65
11.539865255355835,20.65
11.541404340416193,20.65
11.542817704379559,20.65
11.54438004270196,20.65
11.545779954642057,20.65
11.547355681657791,20.65
11.548772774636745,20.65
11.550291053950787,20.64
11.551677469164133,20.65
11.553174640983343,20.65
11.554784409701824,20.65
11.556264221668243,20.65
11.55770355463028,20.65
11.55910112708807,20.65
11.56075830385089,20.65
11.5620793774724,20.65
11.56369847804308,20.65
11.565191343426704,20.65
11.5666637532413,20.65
11.567986737936735,20.65
11.569478739053011,20.65
11.57108885422349,20.65
11.572431463748217,20.65
11.574125543236732,20.65
11.575565081089735,20.65
11.576904065907001,20.65
11.578601598739624,20.65
11.580044146627188,20.64
11.581585105508566,20.64
11.582989405840635,20.65
11.584298565983772,20.65
11.586017493158579,20.65
11.587435558438301,20.65
11.589017480611801,20.65
11.590389750897884,20.65
11.591957826167345,20.65
11.59339402616024,20.65
11.594978470355272,20.65
11.596338611096144,20.65
11.597896795719862,20.65
11.599429331719875,20.65
11.600759711116552,20.65
11.602388344705105,20.65
11.603881359100342,20.65
11.605361122637987,20.65
11.606808051466942,20.65
11.608350716531277,20.65
11.609646134078503,20.65
11.6113190241158,20.65
11.612621024250984,20.65
11.61428339034319,20.65
11.615752045065165,20.65
11.617248643189669,20.65
11.618741989135742,20.65
11.620239317417145,20.65
11.62171271070838,20.65
11.623179856687784,20.65
11.62449038401246,20.65
11.626178927719593,20.65
11.62768705189228,20.65
11.629142057150602,20.65
11.63066254556179,20.65
11.632061414420605,20.65
11.633631356060505,20.65
11.635023038834333,20.64
11.636591218411922,20.65
11.637978482991457,20.65
11.63958104327321,20.65
11.640952840447426,20.65
11.642508354038,20.64
11.644050110131502,20.65
11.645398497581482,20.65
11.6469765342772,20.65
11.648349981755018,20.65
11.649920802563429,20.65
11.651317603886127,20.65
11.65280906483531,20.65
11.654372461140156,20.65
11.655765064060688,20.65
11.657436907291412,20.65
11.65872436016798,20.65
11.660407893359661,20.65
11.661873757839203,20.65
11.663166832178831,20.65
11.66484710201621,20.65
11.666343163698912,20.65
11.66761701181531,20.65
11.669335577636957,20.65
11.670576218515635,20.65
11.672276079654694,20.65
11.673787843436003,20.65
11.67522395402193,20.64
11.676765356212854,20.65
11.678255029022694,20.65
11.679672542959452,20.65
11.681231129914522,20.65
11.68262953683734,20.64
11.684215620160103,20.65
11.685687813907862,20.65
11.687067478895187,20.65
11.688660498708487,20.65
11.69003377482295,20.65
11.691578570753336,20.65
11.692981015890837,20.65
11.69456097856164,20.65
11.696022234857082,20.65
11.697443317621946,20.65
11.69906609505415,20.65
11.700403567403555,20.65
11.702047046273947,20.65
11.703536793589592,20.65
11.704834789037704,20.65
11.706400398164988,20.65
11.70799021050334,20.65
11.709321524947882,20.65
11.710974548012018,20.65
11.71226179972291,20.65
11.71394408494234,20.65
11.715389419347048,20.65
11.716886263340712,20.65
11.71843071654439,20.65
11.71991054341197,20.65
11.721349846571684,20.65
11.722873024642467,20.65
11.724292114377022,20.65
11.725845769047737,20.65
11.727340448647738,20.65
11.728738330304623,20.64
11.730305265635252,20.65
11.731727734208107,20.65
11.733248267322779,20.65
11.734663154929876,20.65
11.73617733642459,20.65
11.737632997334003,20.65
11.73922973871231,20.65
11.74056950584054,20.65
11.742215644568205,20.65
11.743628595024347,20.65
11.7450593970716,20.65
11.74655344709754,20.65
11.74806097522378,20.65
11.749662186950445,20.65
11.751071970909834,20.65
11.752614323049784,20.65
11.754102289676666,20.65
11.755425553768873,20.65
11.757094655185938,20.65
11.758374594151974,20.65
11.760073330253363,20.65
11.76131884381175,20.65
11.763014554977417,20.65
11.764456283301115,20.65
11.766011025756598,20.65
11.767507806420326,20.65
11.768989440053701,20.65
11.770445764064789,20.65
11.771953616291285,20.65
11.773454993963242,20.65
11.774861384183168,20.65
11.77638903260231,20.65
11.777931060642004,20.65
11.779296103864908,20.65
11.780879937112331,20.65
11.782382283359766,20.65
11.783855579793453,20.65
11.785223059356213,20.65
11.78670197725296,20.65
11.78826044127345,20.65
11.789695903658867,20.65
11.791148565709591,20.65
11.792783457785845,20.65
11.794094368815422,20.65
11.79566552862525,20.65
11.797148123383522,20.65
11.798743661493063,20.65
11.800015650689602,20.65
11.801681991666555,20.65
11.803003378212452,20.65
11.804700028151274,20.65
11.805966190993786,20.65
11.807676777243614,20.65
11.809117883443832,20.65
11.810626439750195,20.65
11.812064714729786,20.65
11.813626855611801,20.65
11.815023437142372,20.65
11.816605094820261,20.65
11.81798729673028,20.65
11.819512005895376,20.65
11.82106675580144,20.65
11.822502586990595,20.64
11.823949709534645,20.65
11.825388211756945,20.65
11.826999824494123,20.65
11.828369248658419,20.65
11.82997016981244,20.65
11.831422310322523,20.65
11.83296662941575,20.65
11.834305211901665,20.65
11.835928354412317,20.64
11.837426859885454,20.65
11.838883992284536,20.65
11.84029208868742,20.65
11.841695744544268,20.65
11.843235597014427,20.65
11.844845302402973,20.65
11.846129789948463,20.64
11.847817774862051,20.64
11.849109649658203,20.65
11.850799459964037,20.65
11.852267310023308,20.65
11.853543359786272,20.65
11.8552136272192,20.65
11.85651695728302,20.65
11.858165849000216,20.65
11.859742887318134,20.65
11.861160773783922,20.65
11.862695340067148,20.65
11.864107020199299,20.65
11.865667901933193,20.65
11.867064569145441,20.65
11.868654977530241,20.65
11.870012693107128,20.65
11.871593300253153,20.65
11.872989270836115,20.65
11.874551840126514,20.65
11.87596021220088,20.65
11.87747959420085,20.65
11.878989294171333,20.65
11.880397904664278,20.65
11.88200455531478,20.65
11.883455831557512,20.65
11.885031443089247,20.65
11.886522453278303,20.65
11.88779804483056,20.65
11.889464113861322,20.65
11.89097398146987,20.65
11.892286084592342,20.65
11.893930815160275,20.65
11.895421028137207,20.65
11.8968417160213,20.65
11.898174222558737,20.65
11.899868246167898,20.65
11.901163082569838,20.65
11.902877435088158,20.65
11.904312059283257,20.65
11.90586607158184,20.65
11.907307047396898,20.65
11.90882320702076,20.65
11.910294383764267,20.65
11.911768715828657,20.65
11.91326753795147,20.65
11.914548382163048,20.65
11.916170191019773,20.65
11.917695075273514,20.65
11.9191392660141,20.65
11.920688331127167,20.65
11.92208068817854,20.65
11.923629123717546,20.65
11.92517651617527,20.65
11.926498595625162,20.65
11.928176287561655,20.65
11.929644670337439,20.65
11.93095275759697,20.65
11.932459738105536,20.65
11.934108130633831,20.65
11.935595698654652,20.65
11.937056433409452,20.65
11.93838432058692,20.65
11.940052568912506,20.65
11.941535584628582,20.65
11.942841526120901,20.65
11.94452640786767,20.65
11.945954944938421,20.65
11.9473269097507,20.65
11.948980711400509,20.65
11.950388722121716,20.65
11.951967108994722,20.65
11.953383143991232,20.65
11.954917922616005,20.65
11.956324011087418,20.65
11.957914743572474,20.65
11.959286127239466,20.65
11.960785541683435,20.65
11.962344665080309,20.65
11.963782381266356,20.65
11.965339582413435,20.65
11.966712821274996,20.65
11.96824797987938,20.65
11.969742391258478,20.65
11.97113437205553,20.65
11.972709864377975,20.65
11.974107526242733,20.65
11.975759148597717,20.65
11.977238606661558,20.65
11.978538066148758,20.65
11.980211466550827,20.65
11.981560822576284,20.65
11.983208488672972,20.65
11.984490599483252,20.65
11.986160296946764,20.65
11.987444669008255,20.65
11.98910116031766,20.65
11.990645103156567,20.65
11.992076098918915,20.65
11.993615861982107,20.65
11.995040018111467,20.65
11.99657404050231,20.65
11.998001430183649,20.65
11.999565958976746,20.65
12.00095122307539,20.65
12.002510502934456,20.65
12.003953143954277,20.65
12.005496490746737,20.65
12.006991978734732,20.65
12.008376479148865,20.65
12.009917788207531,20.65
12.011452876031399,20.65
12.012949462980032,20.65
12.014402695000172,20.65
12.015775226056576,20.65
12.017334494739771,20.65
12.018902767449617,20.65
12.020385462790728,20.65
12.021705336868763,20.65
12.023276656866074,20.65
12.024661667644978,20.65
12.026324477046728,20.65
12.027819942682981,20.65
12.029305644333363,20.65
12.030764900147915,20.65
12.032242555171251,20.65
12.0336176417768,20.65
12.035220954567194,20.65
12.036580745130777,20.65
12.03825382515788,20.65
12.039658013731241,20.65
12.041220966726542,20.65
12.042628597468138,20.65
12.044136423617601,20.65
12.04568636789918,20.65
12.047061901539564,20.65
12.048629354685545,20.65
12.05003034695983,20.65
12.051619876176119,20.65
12.05306488648057,20.65
12.054482724517584,20.65
12.055953331291676,20.65
12.057556003332138,20.65
12.058930803090334,20.65
12.060554649680853,20.65
12.06188040971756,20.65
12.06352075189352,20.65
12.065006766468287,20.65
12.0663210041821,20.65
12.067987032234669,20.65
12.0694869607687,20.65
12.070822764188051,20.65
12.072447024285793,20.65
12.07380324602127,20.65
12.075201783329248,20.65
12.07691790163517,20.65
12.078185964375734,20.65
12.079875286668539,20.65
12.081380426883698,20.65
12.082690432667732,20.65
12.084295701235533,20.65
12.085825953632593,20.65
12.087315674871206,20.65
12.088732600212097,20.65
12.090307287871838,20.65
12.09172049164772,20.65
12.093274593353271,20.65
12.094658084213734,20.65
12.096235562115908,20.65
12.097624897956848,20.65
12.09917762503028,20.65
12.10070925951004,20.65
12.102154903113842,20.65
12.103641387075186,20.65
12.105108018964529,20.65
12.106550376862288,20.65
12.108096469193697,20.65
12.109473008662462,20.65
12.111072406172752,20.65
12.112530384212732,20.65
12.114093828946352,20.65
12.11555453389883,20.65
12.117051675915718,20.65
12.118541553616524,20.65
12.119859844446182,20.65
12.12139105796814,20.65
12.122946631163359,20.66
12.12427331507206,20.65
12.125998690724373,20.65
12.127492066472769,20.65
12.12898788228631,20.65
12.130404982715845,20.65
12.131961297243834,20.65
12.133399546146393,20.65
12.134930200874805,20.65
12.136404171586037,20.65
12.137811850756407,20.65
12.139366321265697,20.65
12.140887800604105,20.65
12.142348758876324,20.65
12.143745765089989,20.65
12.14521363005042,20.65
12.146766882389784,20.65
12.148325227200985,20.65
12.14971224591136,20.65
12.151215560734272,20.64
12.15270645543933,20.65
12.154240176081657,20.65
12.155740302056074,20.65
12.157249882817268,20.65
12.158536851406097,20.65
12.160210192203522,20.65
12.161690022796392,20.65
12.163005139678717,20.65
12.16467371582985,20.65
12.165950000286102,20.65
12.167637124657631,20.65
12.169091187417507,20.65
12.170401457697153,20.65
12.17207407951355,20.65
12.173590082675219,20.65
12.17510013654828,20.65
12.17658456414938,20.65
12.177991550415754,20.65
12.179542016237974,20.65
12.180965781211853,20.65
12.182508252561092,20.65
12.18401001393795,20.65
12.18549619615078,20.64
12.186986200511456,20.64
12.188378654420376,20.68
12.189923126250505,20.65
12.19131351262331,20.64
12.19288419559598,20.65
12.194306045770645,20.66
12.195895500481129,20.65
12.197413317859173,20.65
12.19889697805047,20.65
12.200236331671476,20.66
12.201793860644102,20.65
12.20316981524229,20.65
12.204836674034595,20.65
12.206161115318537,20.66
12.207800175994635,20.65
12.209300730377436,20.65
12.210786443203688,20.66
12.212057188153267,20.66
12.213730737566948,20.65
12.215217225253582,20.65
12.216648802161217,20.66
12.218098547309637,20.66
12.219702456146479,20.66
12.221132297068834,20.65
12.222666505724192,20.65
12.224178846925497,20.65
12.225663561373949,20.65
12.227147918194532,20.65
12.228638909757137,20.65
12.230113591998816,20.65
12.23160445317626,20.65
12.233014315366745,20.65
12.234587874263525,20.65
12.236071847379208,20.65
12.237432528287172,20.65
12.238993633538485,20.65
12.240536220371723,20.65
12.242030873894691,20.65
12.24350244551897,20.65
12.245004329830408,20.65
12.24648191779852,20.65
12.247980892658234,20.65
12.249463219195604,20.65
12.250950783491135,20.65
12.252301823347807,20.65
12.253917168825865,20.65
12.25541403889656,20.64
12.256887041032314,20.64
12.258374456316233,20.64
12.259864304214716,20.63
12.261353977024555,20.63
12.26285432651639,20.64
12.264335867017508,20.64
12.265820067375898,20.64
12.267302434891462,20.64
12.268814411014318,20.64
12.270219631493092,20.64
12.271737985312939,20.64
12.273261688649654,20.64
12.274671334773302,20.64
12.276204824447632,20.64
12.277719106525183,20.64
12.279128540307283,20.64
12.280605722218752,20.63
12.28214031085372,20.63
12.283596817404032,20.63
12.285069275647402,20.63
12.286568406969309,20.64
12.288034450262785,20.63
12.289619192481041,20.63
12.291018929332495,20.63
12.292429871857166,20.63
12.29393421113491,20.63
12.295571025460958,20.63
12.296983938664198,20.63
12.29854429140687,20.64
12.299956981092691,20.63
12.301525618880987,20.63
12.303005557507277,20.63
12.304498568177223,20.63
12.305983047932386,20.64
12.307470545172691,20.64
12.308949075639248,20.64
12.310438357293606,20.65
12.311930995434523,20.65
12.313427206128836,20.65
12.314899433404207,20.65
12.316352274268866,20.65
12.317883055657148,20.65
12.31936313956976,20.65
12.32084933295846,20.65
12.322276819497347,20.65
12.323828026652336,20.65
12.325321681797504,20.65
12.326799698174,20.65
12.328291028738022,20.65
12.329676751047373,20.65
12.331262670457363,20.65
12.332721054553986,20.65
12.334124233573675,20.65
12.335581365972757,20.65
12.337089385837317,20.65
12.338550388813019,20.65
12.340204149484634,20.65
12.341683954000473,20.64
12.343164905905724,20.64
12.344646863639355,20.64
12.346057519316673,20.64
12.347628060728312,20.64
12.34911297261715,20.64
12.350604355335236,20.64
12.352094646543264,20.63
12.353493336588144,20.63
12.3548415414989,20.64
12.35636680945754,20.63
12.357939779758453,20.63
12.359532956033945,20.63
12.361029613763094,20.63
12.36250340566039,20.63
12.363991778343916,20.64
12.365500438958406,20.64
12.366968881338835,20.64
12.36845788732171,20.64
12.369937468320131,20.65
12.371435467153788,20.65
12.372887250036001,20.65
12.374298367649317,20.65
12.375826295465231,20.65
12.37732395902276,20.65
12.378800477832556,20.65
12.380234345793724,20.65
12.381719332188368,20.65
12.383287973701954,20.65
12.384757671505213,20.65
12.386314034461975,20.65
12.387804385274649,20.64
12.389289401471615,20.65
12.39078040421009,20.64
12.392085939645767,20.64
12.393749311566353,20.65
12.395077526569366,20.64
12.396722611039877,20.65
12.398016933351755,20.65
12.399554248899221,20.65
12.401150435209274,20.65
12.402452666312456,20.65
12.404096357524395,20.65
12.405419655144215,20.65
12.407097920775414,20.65
12.40861976891756,20.65
12.410113211721182,20.65
12.41149938851595,20.66
12.413065925240517,20.67
12.414564672857523,20.67
12.416019570082426,20.66
12.417476762086153,20.66
12.419041603803635,20.65
12.420512489974499,20.65
12.422014128416777,20.65
12.423501305282116,20.64
12.424846310168505,20.64
12.426415625959635,20.65
12.427893504500389,20.65
12.42945920675993,20.65
12.43088236823678,20.65
12.432318538427353,20.65
12.433917313814163,20.65
12.435211777687073,20.65
12.436889994889498,20.64
12.438354335725307,20.64
12.439852599054575,20.64
12.441339895129204,20.65
12.442837603390217,20.65
12.44432432577014,20.65
12.445813123136759,20.65
12.447307832539082,20.65
12.448757443577051,20.65
12.450236033648252,20.65
12.451719298958778,20.65
12.453205797821283,20.65
12.454742979258299,20.65
12.45616802573204,20.65
12.45770525932312,20.65
12.459194928407669,20.64
12.460676286369562,20.65
12.462077308446169,20.65
12.463654514402151,20.65
12.465145960450172,20.65
12.466645061969757,20.65
12.468030322343111,20.65
12.469530411064625,20.65
12.471015188843012,20.65
12.47251857817173,20.65
12.473979026079178,20.65
12.47557296603918,20.65
12.477074794471264,20.65
12.478548120707273,20.65
12.48004462197423,20.65
12.481517873704433,20.65
12.482999175786972,20.65
12.484495852142572,20.65
12.485804364085197,20.65
12.487331122159958,20.65
12.488946873694658,20.65
12.49021316692233,20.65
12.491911947727203,20.65
12.493187192827463,20.65
12.494897585362196,20.65
12.496229734271765,20.65
12.4978799931705,20.65
12.499283082783222,20.65
12.50085748359561,20.65
12.502329908311367,20.65
12.503833368420601,20.65
12.505215123295784,20.65
12.506687227636576,20.65
12.508259128779173,20.65
12.509650573134422,20.65
12.511215951293707,20.65
12.512613885104656,20.65
12.51417314261198,20.65
12.515731528401375,20.64
12.517210248857737,20.65
12.518686842173338,20.65
12.52018429338932,20.65
12.521684516221285,20.65
12.52316728234291,20.65
12.524655353277922,20.65
12.526144936680794,20.65
12.5276218354702,20.65
12.529096949845552,20.65
12.53058098629117,20.65
12.532081883400679,20.65
12.533577486872673,20.65
12.535060629248619,20.65
12.536342706531286,20.66
12.538043964654207,20.65
12.539525393396616,20.65
12.541021529585123,20.65
12.54235191643238,20.65
12.543995473533869,20.65
12.545431032776833,20.65
12.546955700963736,20.65
12.548447702080011,20.65
12.549837611615658,20.65
12.551412235945463,20.66
12.552867490798235,20.65
12.554296631366014,20.65
12.555888962000608,20.65
12.557317916303873,20.65
12.558867841959,20.66
12.560343768447638,20.65
12.561843268573284,20.66
12.563339099287987,20.66
12.564648617058992,20.66
12.566211938858032,20.66
12.56762995198369,20.66
12.569285113364458,20.65
12.570580642670393,20.66
12.57226000353694,20.66
12.573656626045704,20.65
12.57504665106535,20.65
12.576700992882252,20.66
12.578197531402111,20.66
12.579625885933638,20.66
12.581171829253435,20.66
12.582467839121819,20.66
12.58413515612483,20.66
12.585620626807213,20.66
12.587133064866066,20.66
12.588623866438866,20.66
12.590096481144428,20.66
12.591536369174719,20.66
12.593072030693293,20.66
12.59456579014659,20.66
12.595975931733847,20.66
12.597516771405935,20.67
12.598909866064787,20.66
12.60047933831811,20.66
12.601839073002338,20.66
12.603483837097883,20.66
12.604984156787395,20.66
12.606351438909769,20.67
12.60792776569724,20.66
12.60928374901414,20.66
12.610846783965826,20.66
12.612413108348846,20.66
12.613738417625427,20.66
12.615360155701637,20.66
12.61672818288207,20.66
12.618354186415672,20.66
12.619650673121214,20.66
12.621331743896008,20.66
12.62280197814107,20.66
12.624291837215424,20.66
12.62577048316598,20.66
12.627254154533148,20.66
12.628733299672604,20.66
12.630029115825891,20.66
12.631753664463758,20.66
12.633251368999481,20.66
12.634658686816692,20.66
12.63621187582612,20.66
12.63770255818963,20.66
12.639181476086378,20.67
12.640676036477089,20.66
12.64205837994814,20.67
12.643573876470327,20.66
12.645137902349234,20.66
12.64650272578001,20.67
12.64799291267991,20.66
12.6495405100286,20.66
12.650955472141504,20.67
12.652528420090675,20.66
12.653984162956476,20.66
12.655518528074026,20.66
12.656882032752037,20.66
12.65844015404582,20.66
12.659837059676647,20.66
12.661510419100523,20.66
12.663002874702215,20.66
12.66447365283966,20.66
12.665769789367914,20.66
12.667433246970177,20.66
12.668756302446127,20.66
12.67042763158679,20.66
12.671818971633911,20.66
12.673199277371168,20.66
12.674848709255457,20.66
12.676360674202442,20.66
12.677635047584772,20.66
12.679279893636703,20.66
12.680848199874163,20.66
12.682347439229488,20.66
12.683728318661451,20.66
12.685282494872808,20.66
12.68680040538311,20.66
12.688178837299347,20.66
12.6897290982306,20.66
12.691172573715448,20.66
12.692698404192924,20.66
12.694239631295204,20.66
12.695598416030407,20.66
12.697158060967922,20.67
12.69854648783803,20.66
12.70013727620244,20.66
12.701517313718796,20.66
12.703153621405363,20.66
12.704558197408915,20.66
12.70594796538353,20.66
12.707639116793871,20.66
12.70911156386137,20.66
12.710428040474653,20.66
12.712079420685768,20.66
12.71357398852706,20.66
12.71506154537201,20.66
12.716403793543577,20.66
12.71803604066372,20.66
12.719301909208298,20.66
12.720985233783722,20.66
12.722521483898163,20.66
12.723921664059162,20.66
12.725399665534496,20.67
12.726795170456171,20.66
12.728363506495953,20.66
12.729853507131338,20.66
12.731418535113335,20.66
12.732906118035316,20.66
12.734358631074429,20.66
12.735655199736357,20.66
12.737244129180908,20.66
12.738836571574211,20.66
12.740223333239555,20.66
12.741784136742353,20.66
12.743175216019154,20.66
12.744805116206408,20.66
12.746164258569479,20.66
12.747766740620136,20.66
12.749138381332159,20.66
12.750692196190357,20.66
12.75223207846284,20.66
12.753591530025005,20.67
12.755234707146883,20.67
12.756716251373291,20.67
12.758103638887405,20.66
12.759528610855341,20.66
12.761177334934473,20.66
12.762445960193872,20.66
12.764106333255768,20.66
12.765519265085459,20.66
12.766906380653381,20.66
12.768541395664215,20.66
12.77010553702712,20.66
12.771507319062948,20.66
12.772987380623817,20.66
12.774467319250107,20.66
12.775968700647354,20.66
12.777511600404978,20.66
12.77891282364726,20.66
12.78050733357668,20.66
12.781882282346487,20.66
12.783473130315542,20.66
12.784933865070343,20.67
12.786465857177973,20.66
12.787960950285196,20.66
12.789441097527742,20.66
12.7909129075706,20.66
12.792270552366972,20.66
12.793726086616516,20.66
12.79532790184021,20.66
12.79686737805605,20.66
12.79833197966218,20.66
12.799845833331347,20.67
12.801336821168661,20.66
12.802821289747953,20.66
12.804298959672451,20.66
12.80558617040515,20.66
12.807285156100988,20.66
12.808616016060114,20.66
12.810245800763369,20.66
12.811693958938122,20.66
12.81316477805376,20.66
12.814524352550507,20.66
12.816190037876368,20.66
12.81769322603941,20.67
12.819097764790058,20.66
12.8206733353436,20.66
12.822166312485933,20.66
12.823622431606054,20.66
12.825023289769888,20.67
12.826620560139418,20.66
12.828068926930428,20.66
12.829612776637077,20.67
12.830990936607122,20.67
12.832549285143614,20.66
12.833978228271008,20.66
12.835553579032421,20.66
12.837005283683538,20.66
12.83852555602789,20.67
12.839911166578531,20.66
12.841485485434532,20.66
12.842990823090076,20.66
12.84437869861722,20.66
12.845958225429058,20.66
12.847252506762743,20.66
12.84893911331892,20.66
12.85020900145173,20.66
12.851874437183142,20.66
12.853333614766598,20.66
12.854872226715088,20.66
12.856392830610275,20.66
12.85786047950387,20.66
12.859131637960672,20.66
12.860772963613272,20.66
12.862320441752672,20.66
12.863753017038107,20.66
12.865118891000748,20.66
12.866773594170809,20.66
12.868267644196749,20.66
12.869773916900158,20.66
12.871141642332077,20.66
12.872725315392017,20.66
12.874105203896761,20.66
12.875654947012663,20.66
12.877215526998043,20.66
12.878683734685183,20.66
12.880175989121199,20.66
12.88155236467719,20.66
12.883109390735626,20.66
12.884644318372011,20.66
12.885950054973364,20.66
12.8874332010746,20.66
12.889102473855019,20.67
12.890473317354918,20.66
12.892061904072762,20.66
12.89355929940939,20.66
12.894905000925064,20.66
12.896371897310019,20.66
12.897805605083704,20.66
12.899480395019054,20.66
12.900825928896666,20.66
12.902440208941698,20.66
12.903737295418978,20.66
12.905417513102293,20.67
12.906952686607838,20.66
12.90825666859746,20.66
12.909923002123833,20.66
12.91141001880169,20.66
12.912885326892138,20.66
12.914391752332449,20.66
12.91580230370164,20.66
12.91719762980938,20.66
12.918799098581076,20.66
12.920213427394629,20.66
12.921781711280346,20.66
12.923259273171425,20.66
12.924738999456167,20.67
12.92628474906087,20.66
12.92770479246974,20.66
12.929265547543764,20.66
12.930579829961061,20.66
12.932237714529037,20.66
12.93372980132699,20.66
12.93503326177597,20.66
12.936603777110577,20.66
12.938197329640388,20.66
12.939675699919462,20.66
12.941154982894659,20.66
12.94264805689454,20.66
12.944098096340895,20.66
12.94539987668395,20.66
12.94694360718131,20.67
12.94857631251216,20.66
12.949989587068558,20.66
12.951410621404648,20.66
12.953072018921375,20.66
12.954558204859495,20.66
12.955958604812622,20.66
12.957299545407295,20.66
12.958921764045954,20.66
12.960501968860626,20.66
12.961983397603035,20.66
12.963442459702492,20.66
12.964955557137728,20.66
12.966341748833656,20.66
12.967918012291193,20.66
12.969294264912605,20.66
12.970917414873838,20.66
12.97233733534813,20.66
12.973845928907394,20.66
12.975382160395384,20.67
12.976827152073383,20.66
12.97835035994649,20.66
12.979856684803963,20.66
12.98114287480712,20.66
12.982814341783524,20.66
12.984302293509245,20.66
12.985594101250172,20.66
12.987273581326008,20.67
12.988574881106615,20.67
12.990214124321938,20.67
12.991656977683306,20.66
12.993168745189905,20.66
12.994674049317837,20.66
12.9962157048285,20.66
12.99762487411499,20.67
12.999147210270166,20.67
13.000592444092035,20.66
13.002160746604204,20.66
13.003543596714735,20.67
13.00512159243226,20.66
13.006600704044104,20.67
13.008092429488897,20.67
13.009485829621553,20.66
13.010953672230244,20.66
13.012526366859674,20.67
13.013916209340096,20.66
13.015534725040197,20.67
13.016963429749012,20.67
13.01851411163807,20.66
13.020013805478811,20.66
13.021347802132368,20.66
13.022977773100138,20.66
13.024464476853609,20.66
13.025765780359507,20.66
13.027250032871962,20.66
13.028915479779243,20.67
13.030412837862968,20.67
13.031902126967907,20.66
13.033383380621672,20.67
13.03477206453681,20.67
13.036328222602606,20.66
13.03785602748394,20.67
13.039275169372559,20.67
13.040799267590046,20.67
13.042299386113882,20.67
13.043637063354254,20.67
13.045292343944311,20.66
13.046776045113802,20.67
13.048138719052076,20.66
13.049764197319746,20.66
13.051237154752016,20.66
13.052735812962055,20.67
13.054012939333916,20.66
13.055592712014914,20.66
13.057062312960625,20.67
13.058631669729948,20.66
13.06016294658184,20.66
13.061603676527739,20.66
13.063024122267962,20.67
13.064564492553473,20.67
13.065950404852629,20.67
13.067465826869011,20.66
13.069051761180162,20.67
13.070564780384302,20.67
13.071889128535986,20.67
13.07355047762394,20.66
13.075048636645079,20.67
13.076517507433891,20.67
13.077821098268032,20.66
13.079475603997707,20.66
13.080980248749256,20.66
13.082466755062342,20.67
13.083779528737068,20.67
13.085396282374859,20.67
13.086958929896355,20.66
13.088424101471901,20.66
13.089911092072725,20.66
13.091324359178543,20.67
13.0928860232234,20.66
13.094378057867289,20.67
13.09580098092556,20.67
13.097252171486616,20.67
13.098820857703686,20.66
13.100305695086718,20.66
13.10178029537201,20.67
13.10329158231616,20.66
13.104661360383034,20.67
13.106234796345234,20.67
13.107630733400583,20.66
13.109196674078703,20.66
13.110692270100117,20.67
13.112198632210493,20.66
13.113553669303656,20.66
13.115093547850847,20.67
13.116531301289797,20.67
13.11812611669302,20.66
13.119481913745403,20.66
13.12115827202797,20.67
13.12262051180005,20.66
13.12392907962203,20.66
13.12558139488101,20.66
13.126893542706966,20.67
13.128557607531548,20.67
13.130025118589401,20.66
13.131522189825773,20.67
13.133014880120754,20.67
13.13454732298851,20.67
13.135955214500427,20.66
13.13751756772399,20.66
13.138915054500103,20.66
13.140500836074352,20.66
13.14189350232482,20.66
13.143475249409676,20.66
13.144923593848944,20.67
13.146426133811474,20.66
13.14789766073227,20.67
13.149351995438337,20.66
13.1508196182549,20.66
13.152326107025146,20.66
13.15386563912034,20.67
13.155242055654526,20.67
13.156835302710533,20.66
13.158192053437233,20.67
13.159745585173368,20.66
13.161322247236967,20.66
13.16276553273201,20.67
13.164293345063925,20.67
13.165774069726467,20.66
13.167074374854565,20.67
13.168749175965786,20.67
13.170180529356003,20.67
13.171726670116186,20.67
13.173178903758526,20.67
13.174480218440294,20.67
13.176137313246727,20.67
13.177459798753262,20.67
13.179100725799799,20.67
13.180665910243988,20.67
13.182078402489424,20.67
13.183496367186308,20.67
13.185031343251467,20.66
13.186593625694513,20.66
13.18798941001296,20.66
13.189575415104628,20.66
13.190967921167612,20.67
13.192475266754627,20.66
13.194009613245726,20.67
13.195539593696594,20.66
13.196886967867613,20.67
13.198450930416584,20.67
13.199846513569355,20.67
13.201403737068176,20.67
13.202843125909567,20.66
13.204368945211172,20.67
13.205767177045345,20.66
13.20736838877201,20.67
13.208910316228867,20.67
13.210256308317184,20.66
13.211878154426813,20.67
13.213209576904774,20.67
13.2148501239717,20.66
13.216360684484243,20.66
13.217629130929708,20.67
13.21911046281457,20.67
13.220774739980698,20.67
13.22208309918642,20.67
13.22373215854168,20.66
13.225216578692198,20.66
13.226732835173607,20.66
13.228201035410166,20.66
13.22966292873025,20.66
13.231228075921535,20.66
13.232660703361034,20.67
13.23413248732686,20.66
13.235692247748375,20.67
13.237176105380058,20.67
13.238563437014818,20.66
13.240130886435509,20.67
13.241641327738762,20.66
13.243025064468384,20.66
13.244493309408426,20.67
13.246120061725378,20.67
13.247434549033642,20.66
13.249065209180117,20.67
13.250563383102417,20.66
13.25190507993102,20.67
13.25337404385209,20.67
13.25498415902257,20.66
13.256355993449688,20.66
13.257989790290594,20.66
13.25935111939907,20.66
13.260778777301311,20.66
13.262455634772778,20.66
13.263762321323156,20.67
13.265244085341692,20.66
13.266930643469095,20.66
13.268392831087112,20.66
13.269902672618628,20.66
13.271400772035122,20.66
13.272873722016811,20.67
13.2743338085711,20.66
13.275795221328735,20.67
13.277277428656816,20.67
13.278827115893364,20.66
13.28025671839714,20.67
13.281779304146767,20.67
13.283183339983225,20.66
13.284761019051075,20.66
13.286068450659513,20.66
13.287744484841824,20.67
13.289115473628044,20.66
13.290680062025785,20.67
13.292070370167494,20.66
13.293710459023714,20.66
13.295031327754259,20.66
13.296522159129381,20.66
13.298014283180237,20.67
13.299653053283691,20.66
13.301071833819151,20.67
13.302620008587837,20.66
13.304069321602583,20.66
13.305426798760891,20.66
13.307073310017586,20.66
13.30858051404357,20.66
13.309922743588686,20.66
13.311535466462374,20.66
13.312804643064737,20.66
13.314288672059774,20.66
13.31602455303073,20.66
13.317443493753672,20.66
13.318998001515865,20.66
13.320481818169355,20.67
13.321957129985094,20.67
13.323385149240494,20.66
13.324881423264742,20.66
13.326411981135607,20.66
13.327819399535656,20.66
13.32923535630107,20.66
13.330899011343718,20.66
13.332397807389498,20.66
13.333827443420887,20.66
13.335333153605461,20.67
13.336843106895685,20.67
13.338225539773703,20.67
13.339664537459612,20.66
13.341235253959894,20.66
13.342729907482862,20.66
13.344295039772987,20.66
13.345617812126875,20.66
13.34725059196353,20.66
13.348743103444576,20.66
13.350082900375128,20.66
13.351527664810419,20.66
13.352991688996553,20.66
13.354694917798042,20.67
13.355990417301655,20.66
13.35762955993414,20.66
13.35892290621996,20.66
13.36065498366952,20.66
13.362150695174932,20.66
13.363555278629065,20.66
13.364928495138884,20.66
13.366595059633255,20.67
13.36802264675498,20.66
13.369556829333305,20.67
13.370962146669626,20.66
13.372526422142982,20.66
13.37398748844862,20.66
13.375523533672094,20.66
13.376914754509926,20.66
13.378491166979074,20.66
13.37984811142087,20.66
13.38145150616765,20.67
13.38282597437501,20.66
13.384378716349602,20.66
13.38579547777772,20.66
13.387392103672028,20.66
13.388841144740582,20.66
13.390379916876554,20.66
13.391877472400665,20.66
13.393242422491312,20.66
13.394660584628582,20.66
13.396337106823921,20.66
13.397628713399172,20.66
13.399287112057209,20.66
13.400599632412195,20.66
13.402250602841377,20.66
13.403707321733236,20.66
13.405038330703974,20.66
13.406768713146448,20.66
13.408006832003593,20.66
13.409697998315096,20.66
13.411218155175447,20.66
13.412660479545593,20.66
13.414185781031847,20.66
13.41568435356021,20.66
13.41706608608365,20.66
13.418634373694658,20.66
13.420043092221022,20.66
13.421634931117296,20.66
13.423055101186037,20.66
13.424612667411566,20.66
13.426112163811922,20.66
13.427493959665298,20.66
13.428945109248161,20.66
13.430492985993624,20.66
13.431882720440626,20.66
13.433425396680832,20.66
13.434929732233286,20.66
13.43633258342743,20.66
13.437810823321342,20.66
13.439480002969503,20.66
13.440973747521639,20.66
13.44230616465211,20.66
13.443948745727539,20.66
13.445409383624792,20.66
13.446924909949303,20.66
13.448182094842196,20.66
13.449852496385574,20.66
13.451156307011843,20.66
13.45287038013339,20.66
13.454374857246876,20.66
13.455794587731361,20.66
13.457121755927801,20.66
13.458752881735563,20.66
13.460310585796833,20.66
13.461696051061153,20.66
13.463081650435925,20.66
13.464781269431114,20.66
13.46607181429863,20.66
13.467625737190247,20.66
13.469132754951715,20.66
13.470678690820932,20.66
13.472146473824978,20.66
13.473591290414333,20.66
13.47517055645585,20.66
13.476525120437145,20.66
13.478122562170029,20.66
13.479481227695942,20.66
13.481099516153336,20.66
13.482626140117645,20.66
13.483927264809608,20.66
13.485589522868395,20.66
13.48689091950655,20.66
13.48855609074235,20.66
13.490032367408276,20.66
13.49135521426797,20.66
13.493040427565575,20.66
13.49450834095478,20.66
13.495779760181904,20.66
13.497308496385813,20.66
13.49896765127778,20.66
13.500475157052279,20.66
13.501942954957485,20.66
13.503444265574217,20.66
13.504934772849083,20.66
13.50641867145896,20.66
13.50771626457572,20.66
13.509322132915258,20.66
13.510777432471514,20.66
13.51233533397317,20.66
13.51385272294283,20.66
13.51534879207611,20.66
13.516808856278658,20.66
13.518322814255953,20.66
13.51982070505619,20.66
13.52114624157548,20.66
13.522712454199791,20.66
13.52413810417056,20.66
13.525661796331406,20.66
13.527248345315456,20.66
13.528554916381836,20.66
13.530223578214645,20.66
13.53152360022068,20.66
13.533185798674822,20.66
13.534508753567934,20.66
13.53616452589631,20.66
13.537656035274267,20.66
13.539118189364672,20.66
13.540629282593727,20.66
13.541912965476513,20.66
13.54350845143199,20.66
13.545111704617739,20.66
13.546539951115847,20.66
13.547844845801592,20.66
13.549305327236652,20.66
13.551049187779427,20.66
13.55252194777131,20.66
13.554013907909393,20.66
13.555410724133253,20.66
13.556974418461323,20.66
13.558372050523758,20.66
13.559937167912722,20.66
13.561365902423859,20.66
13.562948253005743,20.66
13.564434204250574,20.66
13.56579764187336,20.66
13.567408688366413,20.66
13.56889271736145,20.66
13.570224691182375,20.66
13.571832314133644,20.66
13.573299579322338,20.66
13.574852526187897,20.66
13.57632976770401,20.66
13.577813919633627,20.66
13.579161882400513,20.66
13.580784503370523,20.66
13.58225467056036,20.66
13.583558209240437,20.66
13.585058260709047,20.66
13.5867456831038,20.66
13.588177561759949,20.66
13.58954031392932,20.66
13.5911550745368,20.66
13.59270280227065,20.66
13.594119351357222,20.66
13.595602840185165,20.67
13.59704913944006,20.66
13.598638091236353,20.67
13.600038945674896,20.66
13.601596426218748,20.66
13.603009980171919,20.66
13.60451752692461,20.66
13.606047231703997,20.66
13.60744859278202,20.66
13.609000749886036,20.66
13.610435217618942,20.66
13.612027246505022,20.66
13.613417204469442,20.66
13.614858828485012,20.67
13.616444278508425,20.66
13.617812480777502,20.66
13.619475647807121,20.66
13.620955493301153,20.66
13.622290544211864,20.66
13.62393332272768,20.66
13.625414844602346,20.66
13.626881908625364,20.66
13.628364108502865,20.66
13.62988942489028,20.66
13.631360165774822,20.66
13.63284331932664,20.66
13.634350847452879,20.67
13.635828260332346,20.66
13.63729539141059,20.66
13.638816677033901,20.66
13.640215490013361,20.66
13.641781449317932,20.66
13.643262930214405,20.67
13.644658759236336,20.66
13.646219369024038,20.66
13.647708557546139,20.67
13.649218637496233,20.66
13.65071850642562,20.66
13.652136392891407,20.66
13.653651610016823,20.67
13.655064307153225,20.66
13.656636014580727,20.66
13.658002596348524,20.66
13.659563682973385,20.66
13.661120317876339,20.67
13.662442672997713,20.66
13.6641053147614,20.67
13.66559075191617,20.67
13.667074017226696,20.66
13.668365877121687,20.66
13.669940676540136,20.67
13.671524222940207,20.66
13.673006970435381,20.67
13.674509827047586,20.66
13.675821784883738,20.66
13.677338924258947,20.66
13.678971104323864,20.66
13.680229026824236,20.66
13.681882571429014,20.66
13.683375384658575,20.66
13.684922471642494,20.66
13.68642034754157,20.66
13.68782677873969,20.67
13.689395364373922,20.66
13.690869651734829,20.66
13.692362278699875,20.66
13.69384591653943,20.67
13.695257429033518,20.67
13.696706991642714,20.66
13.6982625387609,20.66
13.69966433569789,20.66
13.70122616365552,20.66
13.702777203172445,20.66
13.704239770770073,20.67
13.70564640313387,20.66
13.707135140895844,20.67
13.70855437219143,20.67
13.710068810731173,20.66
13.711699102073908,20.66
13.713192399591208,20.66
13.714483734220266,20.66
13.716148983687162,20.66
13.717440713196993,20.66
13.719133201986551,20.66
13.720423992723227,20.66
13.722100000828505,20.66
13.723378904163837,20.66
13.725040104240179,20.66
13.72633570060134,20.66
13.7280637845397,20.66
13.729493338614702,20.66
13.731033820658922,20.66
13.732515651732683,20.66
13.734003022313118,20.66
13.735492210835218,20.66
13.736930634826422,20.66
13.738474011421204,20.66
13.73974946513772,20.66
13.741415046155453,20.66
13.742946233600378,20.66
13.744346465915442,20.66
13.745779786258936,20.66
13.747396182268858,20.66
13.748860377818346,20.66
13.750366277992725,20.66
13.751707270741463,20.66
13.75336391851306,20.66
13.754690799862146,20.66
13.756241913884878,20.66
13.757624845951796,20.66
13.759298101067543,20.66
13.76078849285841,20.66
13.762154653668404,20.66
13.763551879674196,20.66
13.765222270041704,20.66
13.766754362732172,20.66
13.768179092556238,20.66
13.769594576209784,20.66
13.771169908344746,20.66
13.772700492292643,20.66
13.774178881198168,20.66
13.775663938373327,20.66
13.777151178568602,20.66
13.778645478188992,20.66
13.78012491390109,20.66
13.781573344022036,20.66
13.783086314797401,20.66
13.784575693309307,20.66
13.786041110754013,20.66
13.787557426840067,20.66
13.789059724658728,20.67
13.790512546896935,20.66
13.791972279548645,20.66
13.79341720417142,20.66
13.795007474720478,20.66
13.796332251280546,20.66
13.797941766679287,20.66
13.799407493323088,20.66
13.800951540470123,20.66
13.80238464847207,20.66
13.80384798720479,20.66
13.805223505944014,20.66
13.806895151734352,20.66
13.808375526219606,20.66
13.809877905994654,20.66
13.81118717417121,20.66
13.812702521681786,20.67
13.81430932879448,20.66
13.815837297588587,20.67
13.817278280854225,20.67
13.81881595775485,20.66
13.820108313113451,20.67
13.82178521156311,20.66
13.823215313255787,20.66
13.824749134480953,20.66
13.826233357191086,20.67
13.827633898705244,20.66
13.82911691442132,20.67
13.830587826669216,20.66
13.832161407917738,20.66
13.833666805177927,20.67
13.835032623261213,20.66
13.836590845137835,20.67
13.83800008893013,20.66
13.839580085128546,20.67
13.841059796512127,20.66
13.842462085187435,20.66
13.844073951244354,20.67
13.845554232597351,20.66
13.846903845667839,20.66
13.848464127629995,20.66
13.84984865039587,20.67
13.85152706131339,20.66
13.852850124239922,20.66
13.854480233043432,20.68
13.855879690498114,20.67
13.857430960983038,20.66
13.858889013528824,20.66
13.860429737716913,20.67
13.86174052581191,20.67
13.863401588052511,20.66
13.864923913031816,20.66
13.866394512355328,20.67
13.867828600108624,20.66
13.869381088763475,20.66
13.87087830901146,20.66
13.872337024658918,20.66
13.873737387359142,20.67
13.875315953046083,20.66
13.876790300011635,20.67
13.878182284533978,20.66
13.879747290164232,20.66
13.881171315908432,20.65
13.882711231708527,20.6
13.884132970124483,20.55
13.885681472718716,20.55
13.887128368020058,20.55
13.8885632827878,20.55
13.89020761847496,20.55
13.891565136611462,20.55
13.893165666610003,20.55
13.894483488053083,20.55
13.89598423615098,20.55
13.897646725177765,20.55
13.899075295776129,20.56
13.900587946176529,20.56
13.901967521756887,20.56
13.903397496789694,20.56
13.905079834163189,20.56
13.906338140368462,20.56
13.907997012138367,20.56
13.90940709784627,20.56
13.911021661013365,20.56
13.912500973790884,20.56
13.913983050733805,20.56
13.91547929123044,20.56
13.91695687547326,20.56
13.918464567512274,20.56
13.919893942773342,20.56
13.921344332396984,20.57
13.922871060669422,20.57
13.92441189289093,20.57
13.925905272364616,20.56
13.927386399358511,20.56
13.92884922772646,20.56
13.930307112634182,20.56
13.931817751377821,20.57
13.933287799358368,20.56
13.93478887528181,20.57
13.936166692525148,20.57
13.937650948762894,20.57
13.939194917678833,20.57
13.940779350697994,20.57
13.94227084890008,20.57
13.943755585700274,20.57
13.94515160098672,20.57
13.946732684969902,20.57
13.948005598038435,20.57
13.949529144912958,20.57
13.951145954430103,20.57
13.95250042155385,20.57
13.954164545983076,20.57
13.955647554248571,20.57
13.957102254033089,20.57
13.958624500781298,20.57
13.960109245032072,20.57
13.961566999554634,20.57
13.963072530925274,20.57
13.96451423689723,20.57
13.965998243540525,20.57
13.967506531625986,20.57
13.969044774770737,20.57
13.970532987266779,20.57
13.971931859850883,20.57
13.973447639495134,20.57
13.974859360605478,20.57
13.976474050432444,20.57
13.977847304195166,20.57
13.97945574298501,20.57
13.980954218655825,20.57
13.982440426945686,20.57
13.983911387622356,20.57
13.985261145979166,20.57
13.986879952251911,20.57
13.988381270319223,20.57
13.989863649010658,20.57
13.9913388825953,20.58
13.992843620479107,20.57
13.994325175881386,20.57
13.99581242352724,20.57
13.997302114963531,20.58
13.998790431767702,20.57
14.000251065939665,20.57
14.00153075531125,20.57
14.003252912312746,20.57
14.004744581878185,20.57
14.006227508187294,20.57
14.007655005902052,20.57
14.009199541062117,20.58
14.010683495551348,20.58
14.012159589678049,20.57
14.013560004532337,20.57
14.015153668820858,20.57
14.016559921205044,20.57
14.018027849495411,20.57
14.019539032131433,20.58
14.020985797047615,20.57
14.022518385201693,20.57
14.023928821086884,20.57
14.025572307407856,20.57
14.026889249682426,20.57
14.028545551002026,20.57
14.030043888837099,20.57
14.03144658356905,20.57
14.03300941362977,20.57
14.034497912973166,20.57
14.035976517945528,20.57
14.037399489432573,20.57
14.038943152874708,20.57
14.040451798588037,20.57
14.041764687746763,20.57
14.043413564562798,20.57
14.04489790275693,20.57
14.046192608773708,20.57
14.047630239278078,20.57
14.049351576715708,20.57
14.050850357860327,20.57
14.052329149097204,20.57
14.053784053772688,20.57
14.055269949138165,20.57
14.056786999106407,20.57
14.058262377977371,20.57
14.05974942818284,20.57
14.061248384416103,20.57
14.062689885497093,20.57
14.064186505973339,20.57
14.06561791524291,20.57
14.067111127078533,20.57
14.068717245012522,20.57
14.070178359746933,20.57
14.071600262075663,20.57
14.073162868618965,20.57
14.07451094686985,20.57
14.076145771890879,20.57
14.077562272548676,20.57
14.079111151397228,20.57
14.080437254160643,20.57
14.081943053752184,20.57
14.083416290581226,20.57
14.08485721424222,20.57
14.086560692638159,20.58
14.087850980460644,20.57
14.089480746537447,20.57
14.091014336794615,20.58
14.092468574643135,20.57
14.093781776726246,20.57
14.095406372100115,20.57
14.096980214118958,20.58
14.09837606549263,20.57
14.0998545140028,20.57
14.101433128118515,20.57
14.102743428200483,20.57
14.104403626173735,20.57
14.105883784592152,20.57
14.107382584363222,20.57
14.10883416980505,20.58
14.110228665173054,20.58
14.111833896487951,20.58
14.113320715725422,20.58
14.114679597318172,20.58
14.116308573633432,20.58
14.117734089493752,20.58
14.119262211024761,20.58
14.120769750326872,20.58
14.122083816677332,20.58
14.123739797621965,20.58
14.125081580132246,20.58
14.12671410292387,20.58
14.128132611513138,20.58
14.12957363948226,20.58
14.131184060126543,20.58
14.13259856402874,20.58
14.133960142731667,20.58
14.135603927075863,20.58
14.136898905038834,20.58
14.138562947511673,20.58
14.140117157250643,20.58
14.141526192426682,20.58
14.143092475831509,20.58
14.144480723887682,20.58
14.1459456756711,20.57
14.147554472088814,20.57
14.148977421224117,20.57
14.15048372745514,20.57
14.152008347213268,20.57
14.153467025607824,20.57
14.154939983040094,20.57
14.156336914747953,20.58
14.157898414880037,20.58
14.15932310372591,20.58
14.160853132605553,20.58
14.162421833723783,20.58
14.163768008351326,20.58
14.165371246635914,20.58
14.166805941611528,20.58
14.168318808078766,20.58
14.169837430119514,20.58
14.171336643397808,20.58
14.172815699130297,20.58
14.174312051385641,20.58
14.175622038543224,20.58
14.177286829799414,20.58
14.178561359643936,20.58
14.180258009582758,20.58
14.18152366951108,20.58
14.18323516100645,20.58
14.184489790350199,20.58
14.186195261776447,20.58
14.187709260731936,20.58
14.18919663503766,20.58
14.19067707285285,20.58
14.192163322120905,20.58
14.193657625466585,20.58
14.195047244429588,20.58
14.196618251502514,20.58
14.198082473129034,20.58
14.199571210891008,20.58
14.201096296310425,20.58
14.202453844249249,20.57
14.204003918915987,20.57
14.205516334623098,20.58
14.20700553059578,20.58
14.208406407386065,20.57
14.209925841540098,20.58
14.211388118565083,20.58
14.212948199361563,20.57
14.214474245905876,20.57
14.215961895883083,20.58
14.217452868819237,20.58
14.218839600682259,20.58
14.220430549234152,20.58
14.22192545980215,20.58
14.223404105752707,20.57
14.22489558905363,20.57
14.226241204887629,20.58
14.227721747010946,20.57
14.229378882795572,20.58
14.230783995240927,20.58
14.232151303440332,20.58
14.233831275254488,20.58
14.235316652804613,20.58
14.23671343177557,20.58
14.238295044749975,20.58
14.239681836217642,20.58
14.241230357438326,20.58
14.242717817425728,20.58
14.244120802730322,20.58
14.245703093707561,20.58
14.247219894081354,20.59
14.248673606663942,20.59
14.250196244567633,20.6
14.251531258225441,20.61
14.253088433295488,20.6
14.254653483629227,20.61
14.25602900236845,20.61
14.257552199065685,20.61
14.25892997160554,20.61
14.260604806244373,20.6
14.262086264789104,20.61
14.263561267405748,20.61
14.265046365559101,20.61
14.266342148184776,20.61
14.267823342233896,20.61
14.269491266459227,20.61
14.270975019782782,20.61
14.272324942052364,20.61
14.273938834667206,20.61
14.275491248816252,20.61
14.276895258575678,20.61
14.27845872566104,20.61
14.279859349131584,20.61
14.281415969133377,20.61
14.282747838646173,20.6
14.284383460879326,20.6
14.285878013819456,20.61
14.287257581949234,20.61
14.28879265487194,20.61
14.290111560374498,20.61
14.291733205318451,20.61
14.293280772864819,20.61
14.294640224426985,20.61
14.296202462166548,20.6
14.29780324921012,20.6
14.299113374203444,20.6
14.30070935934782,20.61
14.302068714052439,20.61
14.303619768470526,20.61
14.305189274251461,20.61
14.306511122733355,20.6
14.308103810995817,20.6
14.309457391500473,20.61
14.311084728688002,20.61
14.31261357292533,20.61
14.313919685781002,20.61
14.315637435764074,20.61
14.317067865282297,20.61
14.318406116217375,20.61
14.320079930126667,20.61
14.32156266272068,20.61
14.322890907526016,20.61
14.324477724730968,20.61
14.326040524989367,20.61
14.327362552285194,20.61
14.328961655497551,20.61
14.330291137099266,20.61
14.331869710236788,20.61
14.333445355296135,20.61
14.334766834974289,20.61
14.336349084973335,20.6
14.337924148887396,20.61
14.33942386880517,20.61
14.340814616531134,20.61
14.342402949929237,20.6
14.343735333532095,20.61
14.345297548919916,20.61
14.34667569026351,20.61
14.34827857464552,20.61
14.349807534366846,20.6
14.35134856030345,20.61
14.352776128798723,20.61
14.35427900776267,20.61
14.355599358677864,20.61
14.357164666056633,20.61
14.35874481126666,20.61
14.360066343098879,20.61
14.361662834882736,20.61
14.363244488835335,20.61
14.364570170640945,20.61
14.366147059947252,20.61
14.367489714175463,20.61
14.36913638561964,20.6
14.370632085949183,20.61
14.37195997312665,20.61
14.373656157404184,20.61
14.375135887414217,20.61
14.37646158784628,20.61
14.378044541925192,20.61
14.379498843103647,20.61
14.38095735013485,20.61
14.382552523165941,20.61
14.383872643113136,20.61
14.385474726557732,20.61
14.38703104108572,20.61
14.388341449201107,20.6
14.389910824596882,20.61
14.391480039805174,20.61
14.39284610003233,20.61
14.394383922219276,20.61
14.395977947860956,20.61
14.397453110665083,20.61
14.398902114480734,20.6
14.4004079811275,20.61
14.401753038167953,20.61
14.403331879526377,20.61
14.404694527387619,20.61
14.40635996684432,20.6
14.407863546162844,20.61
14.409356787800789,20.61
14.410823434591293,20.6
14.4123033285141,20.6
14.413592781871557,20.6
14.415292967110872,20.6
14.416797149926424,20.6
14.4182786680758,20.61
14.419640760868788,20.61
14.42123493179679,20.61
14.42266021668911,20.6
14.424153480678797,20.61
14.4257188513875,20.61
14.426997598260641,20.6
14.428606811910868,20.61
14.430171221494675,20.61
14.431670233607292,20.61
14.433062676340342,20.61
14.43455359339714,20.61
14.435989242047071,20.61
14.43753569200635,20.61
14.4388531409204,20.61
14.440424747765064,20.61
14.442002654075623,20.61
14.443559408187866,20.61
14.444921873509884,20.61
14.4465048648417,20.61
14.447898399084806,20.61
14.44943180307746,20.61
14.450977195054293,20.61
14.452287137508392,20.61
14.453958924859762,20.61
14.45545943826437,20.61
14.456903591752052,20.61
14.458344303071499,20.61
14.459928814321756,20.61
14.461249023675919,20.61
14.462853617966175,20.61
14.464210093021393,20.61
14.465814020484686,20.61
14.467312533408403,20.61
14.468801412731409,20.62
14.47023992612958,20.62
14.471781328320503,20.62
14.473216727375984,20.62
14.474696699529886,20.62
14.476293034851551,20.61
14.477702170610428,20.61
14.479194428771734,20.61
14.480515476316214,20.6
14.48209248110652,20.6
14.483677867799997,20.59
14.485183224081993,20.59
14.486606553196907,20.6
14.488139230757952,20.6
14.489629875868559,20.6
14.491147816181183,20.6
14.492647118866444,20.6
14.494139071553946,20.59
14.495623368769884,20.59
14.497100844979286,20.6
14.498580727726221,20.59
14.500082604587078,20.59
14.501560911536217,20.59
14.503056533634663,20.59
14.50452060624957,20.6
14.5059948079288,20.59
14.507526528090239,20.6
14.50899888202548,20.59
14.510511551052332,20.6
14.511981274932623,20.6
14.51347829028964,20.6
14.514953926205635,20.6
14.516435861587524,20.6
14.517939675599337,20.6
14.519414443522692,20.6
14.520895387977362,20.6
14.522400323301554,20.6
14.523847050964832,20.6
14.525366321206093,20.6
14.526723518967628,20.59
14.52822034433484,20.6
14.52969478815794,20.6
14.531316619366407,20.6
14.532816182821989,20.6
14.534304328262806,20.6
14.535795599222183,20.6
14.537267476320267,20.59
14.53875881806016,20.59
14.540240831673145,20.59
14.541738733649254,20.59
14.543204560875893,20.59
14.544673569500446,20.59
14.546151801943779,20.59
14.547684375196695,20.59
14.54915937781334,20.59
14.550661597400904,20.59
14.552150499075651,20.59
14.55362008139491,20.59
14.555132906883955,20.59
14.556603241711855,20.59
14.558094032108784,20.59
14.55958230420947,20.59
14.561067145317793,20.59
14.562499571591616,20.59
14.56404285505414,20.59
14.56541384011507,20.59
14.567014921456575,20.59
14.568450577557087,20.59
14.569908306002617,20.59
14.571475811302662,20.59
14.572959583252668,20.59
14.57444766163826,20.59
14.5758150331676,20.59
14.577446077018976,20.59
14.578935869038105,20.59
14.580410409718752,20.59
14.581898152828217,20.59
14.583380650728941,20.59
14.584862444549799,20.59
14.586361102759838,20.59
14.587852280586958,20.59
14.589327149093151,20.58
14.590601984411478,20.58
14.592270240187645,20.58
14.593793515115976,20.58
14.595225632190704,20.58
14.596713356673717,20.58
14.598036102950573,20.58
14.599748272448778,20.58
14.601194143295288,20.59
14.602680169045925,20.58
14.604157108813524,20.58
14.605678629130125,20.58
14.607141379266977,20.59
14.608567398041487,20.59
14.610067918896675,20.59
14.61156415566802,20.59
14.613114915788174,20.59
14.61461390554905,20.58
14.615991313010454,20.58
14.617532011121511,20.59
14.618963342159986,20.58
14.620513077825308,20.59
14.621909610927105,20.59
14.623385034501553,20.59
14.624939382076263,20.58
14.626524176448584,20.59
14.62786266580224,20.59
14.629503685981035,20.59
14.630782090127468,20.59
14.632470365613699,20.59
14.633931957185268,20.58
14.635284382849932,20.59
14.636707551777363,20.59
14.638421583920717,20.59
14.63989681750536,20.59
14.641155641525984,20.58
14.642888356000185,20.59
14.644377991557121,20.59
14.645851098001003,20.6
14.647284656763077,20.6
14.648827258497477,20.6
14.650324273854494,20.6
14.651804443448782,20.6
14.653206039220095,20.6
14.654758155345917,20.6
14.656271979212761,20.6
14.657636255025864,20.59
14.659138698130846,20.6
14.660741318017244,20.6
14.662074383348227,20.6
14.66365409642458,20.6
14.665054235607386,20.6
14.66666516289115,20.59
14.668145835399628,20.59
14.669486001133919,20.59
14.670995891094208,20.59
14.672635808587074,20.59
14.674114927649498,20.59
14.67544024437666,20.59
14.67707896605134,20.59
14.678382188081741,20.59
14.680059984326363,20.59
14.681548345834017,20.59
14.682980429381132,20.59
14.684542175382376,20.59
14.686030626296997,20.59
14.687324490398169,20.59
14.688945848494768,20.59
14.69048086181283,20.59
14.691975768655539,20.59
14.693357363343239,20.59
14.69494053721428,20.59
14.696438807994127,20.59
14.69791330397129,20.59
14.699386350810528,20.59
14.7009062692523,20.59
14.702267535030842,20.59
14.703816670924425,20.59
14.705361321568489,20.59
14.70684089511633,20.59
14.708218168467283,20.59
14.709799349308014,20.59
14.711244098842144,20.6
14.71272012963891,20.6
14.714196223765612,20.61
14.715642049908638,20.61
14.717246893793344,20.61
14.718575160950422,20.61
14.720235906541348,20.61
14.721523478627205,20.61
14.723207265138626,20.61
14.724689695984125,20.61
14.726089347153902,20.61
14.72765576094389,20.61
14.729162260890007,20.61
14.73064235970378,20.61
14.731939900666475,20.61
14.73359639570117,20.61
14.734909523278475,20.62
14.736604928970337,20.61
14.738088514655828,20.61
14.73949509859085,20.61
14.741044621914625,20.62
14.742547255009413,20.62
14.743931382894516,20.61
14.745525732636452,20.61
14.746916133910418,20.61
14.748461037874222,20.61
14.749860994517803,20.61
14.751478035002947,20.62
14.752853970974684,20.61
14.75431053712964,20.62
14.755921095609665,20.62
14.757369589060545,20.62
14.758911687880754,20.61
14.760232336819172,20.61
14.761879280209541,20.62
14.763376105576754,20.62
14.764815337955952,20.62
14.766162063926458,20.62
14.767644803971052,20.62
14.769326515495777,20.63
14.770609389990568,20.61
14.772266149520874,20.62
14.773787751793861,20.62
14.775068450719118,20.61
14.776716373860836,20.62
14.778213445097208,20.62
14.779697109013796,20.62
14.781229488551617,20.62
14.782672379165888,20.62
14.784193690866232,20.62
14.785696018487215,20.61
14.78708704188466,20.61
14.788656938821077,20.62
14.790068905800581,20.62
14.791621893644333,20.62
14.792939089238644,20.62
14.794614896178246,20.62
14.796104844659567,20.62
14.797458406537771,20.62
14.799018807709217,20.62
14.80055332928896,20.62
14.802018113434315,20.62
14.803498983383179,20.62
14.804860223084688,20.62
14.806426398456097,20.62
14.807854436337948,20.62
14.80948681011796,20.62
14.810807421803474,20.62
14.812458734959364,20.62
14.813945557922125,20.62
14.815237827599049,20.62
14.816711235791445,20.62
14.818234894424677,20.62
14.819916777312756,20.62
14.821174006909132,20.62
14.822851236909628,20.62
14.824144929647446,20.62
14.825846340507269,20.62
14.827093973755836,20.62
14.82882534712553,20.62
14.83030677959323,20.62
14.83163970336318,20.62
14.833210173994303,20.61
14.834784708917141,20.61
14.836208377033472,20.62
14.837735090404749,20.62
14.83912431076169,20.61
14.840720616281033,20.61
14.842219557613134,20.62
14.843562413007021,20.61
14.84513645619154,20.61
14.846559654921293,20.62
14.848105639219284,20.62
14.849489245563745,20.61
14.85098360106349,20.62
14.852589629590511,20.62
14.853945512324572,20.62
14.855432346463203,20.62
14.857087913900614,20.62
14.85854797065258,20.62
14.860061392188072,20.62
14.861350517719984,20.62
14.862847488373518,20.61
14.864305965602398,20.61
14.866010922938585,20.62
14.867466114461422,20.62
14.86898573860526,20.62
14.870412517338991,20.62
14.871961459517479,20.61
14.873325437307358,20.61
14.87493023648858,20.62
14.87637311220169,20.61
14.87767769023776,20.61
14.879300974309444,20.61
14.880873251706362,20.62
14.882355771958828,20.62
14.88377394899726,20.62
14.885317161679268,20.62
14.886737156659365,20.61
14.88833862170577,20.62
14.889673694968224,20.62
14.891236577183008,20.62
14.892774417996407,20.62
14.894128669053316,20.61
14.895749855786562,20.61
14.897278469055891,20.61
14.89849017933011,20.61
14.900137200951576,20.61
14.90161956846714,20.62
14.903209898620844,20.62
14.904542747884989,20.61
14.906125400215387,20.62
14.907460179179907,20.62
14.909054815769196,20.62
14.910627610981464,20.62
14.912103448063135,20.61
14.913592785596848,20.62
14.914959389716387,20.62
14.916435688734055,20.62
14.918035462498665,20.61
14.919575497508049,20.61
14.92096697166562,20.61
14.922408044338226,20.61
14.92401459813118,20.61
14.925427466630936,20.61
14.926998529583216,20.61
14.928455501794815,20.61
14.929975878447294,20.61
14.931286573410034,20.61
14.932830851525068,20.61
14.93443026766181,20.61
14.935826253145933,20.61
14.937406703829765,20.61
14.93891978263855,20.61
14.940320502966642,20.61
14.941870242357254,20.61
14.943358652293682,20.61
14.944759622216225,20.61
14.946344636380672,20.61
14.94783016294241,20.61
14.949146088212729,20.61
14.950793460011482,20.61
14.952084336429834,20.61
14.953750502318144,20.61
14.955250583589077,20.61
14.956677246838808,20.61
14.95801830664277,20.61
14.959687128663063,20.62
14.96107928827405,20.61
14.962688084691763,20.61
14.964163538068533,20.61
14.96567878127098,20.62
14.967163249850273,20.61
14.968573957681656,20.61
14.970127757638693,20.62
14.971616063266993,20.61
14.973098147660494,20.61
14.974497579038143,20.61
14.976086378097534,20.62
14.977461066097021,20.61
14.979048684239388,20.61
14.980430006980896,20.61
14.981999155133963,20.61
14.98340280726552,20.61
14.984980914741755,20.61
14.986396554857492,20.61
14.987862084060907,20.61
14.98938275128603,20.61
14.990963585674763,20.61
14.992458436638117,20.61
14.993750769644976,20.61
14.995255753397942,20.61
14.996812496334314,20.61
14.998383685946465,20.62
14.999896720051765,20.62
15.001182321459055,20.62
15.002820674329996,20.62
15.004346020519733,20.61
15.005788121372461,20.61
15.007082350552082,20.61
15.008769411593676,20.61
15.010247644037008,20.62
15.011783447116613,20.62
15.013201668858528,20.61
15.014752827584743,20.62
15.016241889446974,20.62
15.01775173842907,20.62
15.019209936261177,20.62
15.02069841697812,20.62
15.022170532494783,20.62
15.023664448410273,20.62
15.025132168084383,20.62
15.026552218943834,20.62
15.028092738240957,20.61
15.02952103689313,20.61
15.031101495027542,20.61
15.032458286732435,20.61
15.034067999571562,20.61
15.035431548953056,20.62
15.037051100283861,20.62
15.038579363375902,20.62
15.03988627716899,20.62
15.041341919451952,20.61
15.043037056922913,20.62
15.044497568160295,20.61
15.045990008860826,20.62
15.047329887747765,20.62
15.048947345465422,20.62
15.050247445702553,20.61
15.05190560594201,20.62
15.053451288491488,20.61
15.054866097867489,20.62
15.05641407892108,20.62
15.05791187658906,20.62
15.05938221514225,20.62
15.060869108885527,20.62
15.062267243862152,20.62
15.063825372606516,20.61
15.065329685807228,20.61
15.066767383366823,20.62
15.068307515233755,20.62
15.069806944578886,20.62
15.071163713932037,20.62
15.072718769311905,20.62
15.074190258979797,20.61
15.075694486498833,20.62
15.077094685286283,20.62
15.078720446676016,20.62
15.080155294388533,20.61
15.081694077700377,20.62
15.083018690347672,20.62
15.08467622101307,20.62
15.086143996566534,20.62
15.08763962984085,20.62
15.088949643075466,20.62
15.090609315782785,20.62
15.092093594372272,20.62
15.093470945954323,20.62
15.095081649720669,20.62
15.096569892019033,20.62
15.09785347059369,20.62
15.099493209272623,20.62
15.100797150284052,20.61
15.102474458515644,20.61
15.104025024920702,20.61
15.10545064508915,20.62
15.10698015987873,20.62
15.108405902981758,20.62
15.109955724328756,20.61
15.111422374844551,20.61
15.112826369702816,20.61
15.114397555589676,20.62
15.11588854342699,20.61
15.11740530282259,20.61
15.11879413574934,20.61
15.120358154177666,20.62
15.121869832277298,20.61
15.123219441622496,20.62
15.12475698813796,20.61
15.126322090625763,20.62
15.127683062106371,20.62
15.129286296665668,20.62
15.13069475069642,20.61
15.132272962480783,20.61
15.133570786565542,20.62
15.135239038616419,20.61
15.136575248092413,20.62
15.138191401958466,20.61
15.139720764011145,20.61
15.141156438738108,20.61
15.142461955547333,20.62
15.144161615520716,20.61
15.145657416433096,20.62
15.147097043693066,20.61
15.148581624031067,20.61
15.150124162435532,20.62
15.15161419659853,20.62
15.153084337711334,20.62
15.15450269728899,20.62
15.155961841344833,20.61
15.157554190605879,20.61
15.158943701535463,20.62
15.16050287336111,20.62
15.162018831819296,20.62
15.163502600044012,20.62
15.164869252592325,20.62
15.166341926902533,20.62
15.167910661548376,20.62
15.169322058558464,20.61
15.170943815261126,20.62
15.172436490654945,20.62
15.173751182854176,20.62
15.175309583544731,20.61
15.176907110959291,20.62
15.178209140896797,20.62
15.179869543761015,20.61
15.181275505572557,20.61
15.182847369462252,20.62
15.184295780956745,20.62
15.185824375599623,20.61
15.187277548015118,20.61
15.188776791095734,20.61
15.19021886959672,20.61
15.191766675561666,20.61
15.193022329360247,20.61
15.194570381194353,20.61
15.196247234940529,20.62
15.197506200522184,20.61
15.19913899153471,20.61
15.200680620968342,20.61
15.202084049582481,20.61
15.203645925968885,20.61
15.205167029052973,20.61
15.206658501178026,20.61
15.208128470927477,20.61
15.20957200229168,20.62
15.210988454520702,20.61
15.212608821690083,20.61
15.213976673781872,20.61
15.215556796640158,20.62
15.217056948691607,20.61
15.218538865447044,20.62
15.220041189342737,20.61
15.221520092338324,20.62
15.223005875945091,20.62
15.224325519055128,20.61
15.22582807391882,20.61
15.22746242955327,20.62
15.228761032223701,20.62
15.230432387441397,20.61
15.231944542378187,20.61
15.233380377292633,20.62
15.23468940705061,20.62
15.23619930818677,20.62
15.23783603310585,20.62
15.239156864583492,20.62
15.24081513658166,20.61
15.242352448403835,20.61
15.243794672191143,20.62
15.245314035564661,20.61
15.246770225465298,20.62
15.248270153999329,20.61
15.249746855348349,20.61
15.251250654459,20.61
15.252641588449478,20.61
15.254244815558195,20.61
15.255726397037506,20.62
15.257106501609087,20.62
15.25858249887824,20.61
15.260145798325539,20.61
15.26157383993268,20.61
15.263113290071487,20.62
15.264525201171637,20.62
15.266146413981915,20.62
15.267644342035055,20.61
15.268938411027193,20.61
15.270601212978363,20.61
15.271932125091553,20.62
15.273385968059301,20.61
15.27507659420371,20.61
15.276439912617207,20.62
15.278016332536936,20.62
15.279500685632229,20.62
15.280788581818342,20.62
15.282330844551325,20.61
15.283989075571299,20.62
15.285452719777822,20.62
15.28693724423647,20.62
15.288463417440653,20.62
15.289895474910736,20.61
15.291344072669744,20.61
15.292785059660673,20.61
15.294337201863527,20.62
15.295895040035248,20.62
15.297305297106504,20.62
15.298857245594263,20.62
15.300349671393633,20.62
15.301730047911406,20.62
15.303232114762068,20.62
15.304782874882221,20.62
15.30615958943963,20.62
15.307731982320547,20.61
15.309122193604708,20.61
15.31065359339118,20.62
15.312240913510323,20.62
15.313625309616327,20.62
15.315215975046158,20.61
15.316725805401802,20.61
15.318012613803148,20.62
15.319699961692095,20.62
15.321008402854204,20.62
15.322667077183723,20.62
15.323940370231867,20.61
15.325640711933374,20.62
15.327144902199507,20.61
15.328414034098387,20.61
15.330122649669647,20.62
15.331607773900032,20.61
15.33286838233471,20.62
15.334571298211813,20.62
15.336032561957836,20.61
15.337544307112694,20.61
15.339001163840294,20.61
15.340417642146349,20.61
15.342005129903555,20.62
15.343380730599165,20.61
15.344871740788221,20.61
15.346471302211285,20.61
15.347825728356838,20.61
15.34940817579627,20.61
15.350792665034533,20.61
15.352420594543219,20.61
15.353855323046446,20.62
15.355344876646996,20.61
15.356899466365576,20.62
15.358347672969103,20.61
15.359768506139517,20.61
15.361160308122635,20.61
15.362837214022875,20.61
15.36433445289731,20.61
15.365799739956856,20.61
15.367119666188955,20.61
15.368684887886047,20.61
15.370241772383451,20.61
15.37166191264987,20.61
15.373244058340788,20.61
15.374498039484024,20.62
15.376159708946943,20.61
15.377721045166254,20.61
15.379186972975731,20.61
15.380610004067421,20.61
15.382047533988953,20.61
15.383655853569508,20.62
15.385156504809856,20.62
15.386539068073034,20.62
15.38797177746892,20.62
15.389619436115026,20.61
15.390987031161785,20.61
15.392574582248926,20.62
15.393946755677462,20.61
15.395562712103128,20.61
15.396979115903378,20.61
15.398444518446922,20.61
15.399926822632551,20.62
15.401347700506449,20.62
15.402921840548515,20.61
15.40442256629467,20.61
15.405986700206995,20.62
15.407273415476084,20.62
15.408942628651857,20.62
15.41043396666646,20.61
15.411906741559505,20.61
15.413201835006475,20.61
15.414782371371984,20.61
15.416166763752699,20.61
15.417647365480661,20.61
15.419342465698719,20.61
15.42084675654769,20.61
15.422091014683247,20.61
15.423816926777363,20.61
15.42527860403061,20.61
15.42673235759139,20.61
15.428290713578463,20.62
15.429780963808298,20.61
15.431194424629211,20.61
15.432616215199232,20.61
15.43412545695901,20.61
15.435725044459105,20.62
15.437200121581554,20.61
15.438617076724768,20.61
15.440174970775843,20.61
15.44165999442339,20.61
15.443027075380087,20.61
15.444651123136282,20.61
15.446144048124552,20.61
15.447461690753698,20.61
15.449018646031618,20.61
15.450597640126944,20.61
15.452089931815863,20.61
15.4535678550601,20.61
15.455050606280565,20.62
15.456549126654863,20.61
15.458036005496979,20.62
15.459318865090609,20.61
15.460846077650785,20.61
15.46249282732606,20.62
15.46380591019988,20.61
15.46543050929904,20.62
15.466747000813484,20.62
15.468383997678757,20.62
15.469894852489233,20.62
15.471377722918987,20.62
15.472905933856964,20.62
15.47439643740654,20.61
15.475823435932398,20.61
15.477393325418234,20.62
15.478867296129465,20.62
15.480333521962166,20.62
15.481825694441795,20.61
15.483234789222479,20.61
15.484754886478186,20.62
15.486278541386127,20.61
15.487776599824429,20.62
15.489272706210613,20.62
15.490774676203728,20.62
15.492124129086733,20.61
15.4936653226614,20.62
15.495056472718716,20.61
15.49655606225133,20.61
15.49819890037179,20.61
15.499524720013142,20.62
15.501165926456451,20.61
15.502459172159433,20.62
15.504138868302107,20.62
15.505497470498085,20.61
15.50711378455162,20.62
15.508404418826103,20.61
15.510050244629383,20.62
15.511439550668001,20.61
15.513050999492407,20.61
15.514402478933334,20.61
15.515986293554306,20.62
15.517552848905325,20.61
15.518939416855574,20.62
15.520516283810139,20.61
15.521989315748215,20.61
15.523469775915146,20.61
15.524963703006506,20.62
15.526386350393295,20.61
15.527952715754509,20.61
15.529445987194777,20.61
15.530919037759304,20.62
15.532392032444477,20.62
15.533922906965017,20.62
15.535233989357948,20.62
15.53681367635727,20.62
15.538349900394678,20.62
15.53968246653676,20.61
15.541337132453918,20.61
15.542665109038353,20.61
15.544201042503119,20.61
15.545808263123035,20.61
15.547179240733385,20.61
15.548577290028334,20.61
15.550062660127878,20.61
15.55163224041462,20.61
15.553058058023453,20.61
15.554625615477562,20.62
15.556161474436522,20.61
15.55745841190219,20.61
15.559181276708841,20.61
15.56062350794673,20.61
15.56193544715643,20.61
15.563571397215128,20.61
15.565146002918482,20.61
15.566540151834488,20.61
15.56805869936943,20.61
15.569407932460308,20.61
15.571089215576649,20.61
15.572467278689146,20.62
15.573932953178883,20.62
15.57553694024682,20.61
15.577025834470987,20.61
15.57839709147811,20.61
15.579979363828897,20.61
15.58142425864935,20.61
15.582854457199574,20.61
15.584337700158358,20.61
15.585793260484934,20.61
15.587462153285742,20.61
15.588883899152279,20.61
15.590333048254251,20.61
15.591749254614115,20.61
15.593305442482233,20.61
15.594894975423813,20.61
15.596200440078974,20.61
15.59784935042262,20.61
15.599343903362751,20.61
15.60068891942501,20.61
15.60222801938653,20.61
15.603814870119095,20.61
15.605059374123812,20.61
15.60678580775857,20.61
15.608217742294073,20.62
15.609760787338018,20.61
15.611176118254662,20.61
15.612739033997059,20.61
15.614127229899168,20.61
15.615692555904388,20.61
15.617114704102278,20.62
15.618658564984798,20.61
15.620053578168154,20.61
15.621609628200531,20.62
15.623147625476122,20.62
15.624531242996454,20.61
15.626077935099602,20.62
15.627540152519941,20.62
15.629036955535412,20.61
15.630581215023994,20.61
15.631928656250238,20.61
15.633481703698635,20.61
15.634908024221659,20.61
15.636367224156857,20.62
15.637832164764404,20.62
15.639501709491014,20.62
15.640820931643248,20.61
15.642316173762083,20.61
15.643968649208546,20.61
15.6454743668437,20.61
15.64675473421812,20.62
15.648422848433256,20.62
15.64994378387928,20.62
15.651400119066238,20.62
15.652904134243727,20.62
15.654386941343546,20.61
15.65589077025652,20.61
15.65727161616087,20.62
15.658832859247923,20.62
15.660269368439913,20.62
15.66173092648387,20.62
15.663315679877996,20.61
15.66468932107091,20.61
15.666290488094091,20.61
15.66771100088954,20.61
15.669160325080156,20.61
15.670747440308332,20.62
15.67212449759245,20.61
15.67357923462987,20.62
15.675060484558344,20.61
15.676628038287163,20.62
15.678014796227217,20.62
15.679682672023773,20.61
15.681180529296398,20.62
15.682575464248657,20.62
15.684034895151854,20.62
15.685639813542366,20.62
15.687112540006638,20.62
15.688399013131857,20.62
15.690085899084806,20.62
15.69135857373476,20.61
15.693019304424524,20.62
15.694318562746048,20.62
15.69603780284524,20.62
15.69755007326603,20.62
15.69898134097457,20.62
15.700490616261959,20.61
15.70198693498969,20.61
15.703433237969875,20.61
15.704957131296396,20.61
15.706383608281612,20.61
15.707851257175207,20.61
15.709443140774965,20.61
15.710818883031607,20.61
15.712405268102884,20.62
15.713907767087221,20.61
15.715239878743887,20.61
15.716858949512243,20.62
15.718233618885279,20.61
15.719777505844831,20.61
15.721176479011774,20.62
15.722665529698133,20.62
15.724254176020622,20.62
15.725788049399853,20.61
15.727272406220436,20.62
15.728706952184439,20.61
15.730110738426447,20.61
15.731542892754078,20.61
15.733211189508438,20.61
15.73451917245984,20.61
15.736159935593605,20.61
15.737680610269308,20.61
15.73900068923831,20.61
15.740661412477493,20.61
15.741929296404123,20.62
15.743601117283106,20.62
15.745142303407192,20.61
15.74653197452426,20.61
15.748098354786634,20.61
15.749587140977383,20.61
15.751041486859322,20.61
15.752562835812569,20.62
15.75400760024786,20.62
15.755488947033882,20.62
15.75701530277729,20.61
15.758386004716158,20.61
15.759986516088247,20.62
15.761353209614754,20.62
15.762916088104248,20.62
15.764389418065548,20.62
15.765794537961483,20.62
15.76735918968916,20.62
15.768935859203339,20.62
15.770250957459211,20.62
15.771717686206102,20.62
15.773378200829029,20.61
15.774681746959686,20.62
15.776368368417025,20.62
15.777658816426992,20.62
15.779330249875784,20.62
15.780806552618742,20.62
15.78211523592472,20.62
15.783770501613617,20.62
15.785295449197292,20.62
15.786542642861605,20.62
15.788201298564672,20.62
15.789714511483908,20.62
15.791246931999922,20.62
15.792646650224924,20.62
15.794143158942461,20.62
15.795704010874033,20.61
15.797188755124807,20.62
15.798668380826712,20.62
15.800088666379452,20.62
15.801661740988493,20.62
15.803163435310125,20.61
15.804501492530107,20.61
15.80602565407753,20.61
15.807551261037588,20.61
15.809034757316113,20.62
15.810575876384974,20.62
15.811904679983854,20.61
15.813469927757978,20.61
15.815055310726166,20.62
15.816350102424622,20.62
15.817857667803764,20.62
15.819507472217083,20.62
15.820984318852425,20.62
15.822376672178507,20.62
15.8237712867558,20.62
15.825245581567287,20.62
15.82696032896638,20.61
15.828394196927547,20.62
15.82968582212925,20.61
15.831360790878534,20.62
15.832836985588074,20.62
15.834391254931688,20.62
15.835832171142101,20.62
15.837369747459888,20.62
15.83883785456419,20.62
15.84028846025467,20.62
15.841825868934393,20.62
15.843216065317392,20.62
15.84478371962905,20.62
15.846174765378237,20.62
15.847752869129181,20.62
15.849259745329618,20.62
15.850747108459473,20.62
15.852224830538034,20.61
15.853662721812725,20.61
15.855079434812069,20.61
15.856682233512402,20.61
15.858064819127321,20.61
15.859533045440912,20.61
15.861022680997849,20.61
15.862643614411354,20.61
15.864125806838274,20.61
15.865628514438868,20.61
15.867107208818197,20.61
15.868596702814102,20.61
15.87005103006959,20.61
15.871564220637083,20.61
15.873015534132719,20.61
15.874542258679867,20.61
15.876026898622513,20.61
15.877512384206057,20.61
15.878841135650873,20.61
15.880496710538864,20.61
15.88190483674407,20.61
15.883468184620142,20.61
15.884951930493116,20.61
15.88643230497837,20.61
15.887922331690788,20.61
15.889339931309223,20.61
15.89089785888791,20.61
15.892311904579401,20.62
15.893788278102875,20.62
15.895353510975838,20.62
15.896751161664724,20.61
15.898233521729708,20.61
15.899719420820475,20.61
15.901309084147215,20.61
15.902809344232082,20.6
15.90422236919403,20.6
15.90578793734312,20.6
15.907271943986416,20.6
15.908755779266357,20.6
15.910236533731222,20.6
15.911735463887453,20.6
15.913216531276703,20.6
15.914707966148853,20.6
15.916191399097443,20.6
15.917674388736486,20.6
15.919163599610329,20.6
15.92065853998065,20.6
15.922144342213869,20.6
15.923634435981512,20.6
15.925131525844336,20.6
15.92659255489707,20.6
15.928047765046358,20.59
15.929566405713558,20.6
15.931069739162922,20.6
15.93256264925003,20.61
15.934049289673567,20.61
15.935519687831402,20.61
15.937015730887651,20.61
15.938443832099438,20.61
15.939985156059265,20.62
15.941463440656662,20.62
15.942964904010296,20.62
15.944451674818993,20.61
15.945818815380335,20.62
15.947412684559822,20.61
15.948913961648941,20.62
15.950310103595257,20.61
15.951770469546318,20.62
15.953373406082392,20.62
15.95487393066287,20.62
15.956353273242712,20.62
15.957847028970718,20.62
15.959329657256603,20.62
15.960817739367485,20.61
15.962312132120132,20.61
15.963798187673092,20.61
15.965273186564445,20.62
15.96667816862464,20.62
15.968213580548763,20.62
15.96973754093051,20.62
15.971231993287802,20.62
15.972720615565777,20.61
15.974161334335804,20.61
15.975651197135448,20.61
15.977151561528444,20.61
15.9786894954741,20.61
15.98015970364213,20.61
15.981556702405214,20.61
15.983135897666216,20.61
15.984590515494347,20.6
15.986086443066597,20.6
15.987591173499823,20.6
15.988945484161377,20.6
15.990577045828104,20.6
15.991907332092524,20.6
15.99347585439682,20.6
15.995002325624228,20.61
15.996484026312828,20.6
15.99786813929677,20.6
15.999495778232813,20.6
16.00098355486989,20.6
16.002278450876474,20.6
16.003969822078943,20.6
16.005249604582787,20.6
16.006926495581865,20.61
16.008415687829256,20.61
16.009914562106133,20.61
16.011392276734114,20.61
16.01287515833974,20.61
16.01434987410903,20.6
16.015839207917452,20.6
16.017308484762907,20.6
16.018827062100172,20.6
16.020247593522072,20.61
16.021759137511253,20.61
16.023257050663233,20.61
16.024782087653875,20.6
16.026182744652033,20.61
16.027668595314026,20.6
16.029163774102926,20.61
16.030728798359632,20.6
16.032210055738688,20.61
16.033597324043512,20.61
16.035185407847166,20.61
16.036662865430117,20.61
16.038175869733095,20.61
16.039652954787016,20.61
16.04113557562232,20.61
16.042584106326103,20.61
16.043945126235485,20.61
16.045561380684376,20.61
16.04693765938282,20.61
16.048583049327135,20.61
16.04987943544984,20.61
16.051541481167078,20.61
16.05303069204092,20.61
16.054526761174202,20.61
16.055993765592575,20.6
16.057511884719133,20.6
16.058987218886614,20.6
16.060448806732893,20.6
16.06172424927354,20.6
16.063443955034018,20.6
16.06490672007203,20.6
16.066439297050238,20.6
16.06783354282379,20.6
16.069412160664797,20.6
16.070898815989494,20.6
16.072275817394257,20.6
16.073869485408068,20.61
16.075359623879194,20.61
16.076850209385157,20.61
16.07832432538271,20.61
16.07981137558818,20.61
16.08130072057247,20.61
16.082794319838285,20.61
16.084198974072933,20.61
16.085746500641108,20.61
16.087257128208876,20.61
16.088585004210472,20.61
16.090190790593624,20.61
16.091739412397146,20.61
16.093053810298443,20.61
16.09468736499548,20.61
16.096062079072,20.6
16.09767337143421,20.6
16.09908353164792,20.6
16.100618362426758,20.61
16.102133952081203,20.61
16.10361984372139,20.61
16.10510451719165,20.61
16.10659609362483,20.61
16.108088072389364,20.61
16.10953125730157,20.61
16.111062075942755,20.61
16.11254434287548,20.61
16.113952722400427,20.61
16.115533217787743,20.61
16.1169494651258,20.61
16.11839947476983,20.61
16.11996341869235,20.61
16.121376108378172,20.61
16.122921116650105,20.61
16.12431626394391,20.61
16.12589528784156,20.61
16.127277672290802,20.61
16.12890224531293,20.62
16.130402259528637,20.62
16.13179063796997,20.62
16.133266277611256,20.62
16.134713668376207,20.62
16.136350739747286,20.62
16.137831661850214,20.62
16.139224659651518,20.62
16.14080633595586,20.62
16.14227769896388,20.62
16.14360972493887,20.62
16.1452475823462,20.62
16.14673065766692,20.62
16.148101024329662,20.62
16.14973995089531,20.62
16.150992590934038,20.62
16.15266291424632,20.62
16.154206540435553,20.62
16.155679553747177,20.62
16.1571823656559,20.62
16.158651541918516,20.62
16.160143848508596,20.62
16.161638617515564,20.62
16.16311990469694,20.63
16.164470672607422,20.62
16.16610174626112,20.62
16.167590130120516,20.62
16.16906763613224,20.62
16.170517317950726,20.62
16.17203778028488,20.62
16.17338890209794,20.62
16.174966614693403,20.62
16.17635567486286,20.62
16.17796789482236,20.62
16.179322354495525,20.62
16.180960949510336,20.62
16.182308986783028,20.62
16.183945033699274,20.62
16.185245618224144,20.62
16.18691812455654,20.62
16.188217386603355,20.62
16.189875569194555,20.62
16.19119879603386,20.62
16.192835688591003,20.62
16.19425719976425,20.62
16.195843681693077,20.62
16.19717913866043,20.62
16.198837772011757,20.62
16.200216557830572,20.62
16.201580297201872,20.62
16.20321235060692,20.62
16.20477207005024,20.62
16.206193134188652,20.62
16.207744270563126,20.63
16.20921368151903,20.63
16.210623782128096,20.62
16.21220614388585,20.62
16.213590506464243,20.62
16.215064715594053,20.62
16.216539077460766,20.62
16.21814239397645,20.63
16.21952396631241,20.62
16.22106682881713,20.62
16.222618136554956,20.62
16.2240742854774,20.62
16.225595805794,20.62
16.22699535638094,20.62
16.22858840972185,20.62
16.229883771389723,20.62
16.231547232717276,20.62
16.232853762805462,20.62
16.23439846932888,20.63
16.235953960567713,20.63
16.237493190914392,20.63
16.238980907946825,20.63
16.240444760769606,20.62
16.241759058088064,20.62
16.2434313967824,20.63
16.244956374168396,20.63
16.246362779289484,20.63
16.247664969414473,20.62
16.249392576515675,20.62
16.250881414860487,20.62
16.252352207899094,20.62
16.253664165735245,20.63
16.255366511642933,20.63
16.256834611296654,20.62
16.258285760879517,20.62
16.259823851287365,20.63
16.261202577501535,20.63
16.262748025357723,20.63
16.2641469091177,20.63
16.265700720250607,20.63
16.267167579382658,20.63
16.26873119547963,20.63
16.270218055695295,20.63
16.271724238991737,20.63
16.273175101727247,20.62
16.274686228483915,20.62
16.276090156286955,20.62
16.27765415236354,20.62
16.27914573997259,20.63
16.280522897839546,20.63
16.282121136784554,20.63
16.283577125519514,20.63
16.285053465515375,20.63
16.28658289834857,20.63
16.287843886762857,20.62
16.289355654269457,20.63
16.291008852422237,20.63
16.29247361794114,20.63
16.29403342306614,20.63
16.29550790786743,20.63
16.29699744656682,20.63
16.2983284778893,20.63
16.29996447265148,20.63
16.30137764289975,20.63
16.302714746445417,20.63
16.304359417408705,20.62
16.305874045938253,20.63
16.30742236599326,20.63
16.30877447500825,20.63
16.31034153699875,20.63
16.311733409762383,20.63
16.313291933387518,20.63
16.31472198665142,20.62
16.316270500421524,20.62
16.31774404644966,20.63
16.31930984556675,20.63
16.320809450000525,20.62
16.322102535516024,20.62
16.323781713843346,20.62
16.325254034250975,20.63
16.32657477632165,20.62
16.328215211629868,20.63
16.329521734267473,20.63
16.331208392977715,20.62
16.332717198878527,20.62
16.334158439189196,20.62
16.335617046803236,20.62
16.33693727105856,20.62
16.33857550472021,20.62
16.33991788327694,20.62
16.341570399701595,20.63
16.3431058190763,20.63
16.344513840973377,20.63
16.3460909165442,20.63
16.34755899757147,20.62
16.348955530673265,20.62
16.35054912790656,20.62
16.352050449699163,20.63
16.353393901139498,20.62
16.35496286675334,20.62
16.35650335252285,20.63
16.35787408798933,20.62
16.35941793397069,20.62
16.36080478876829,20.62
16.362408235669136,20.62
16.36378914117813,20.62
16.36542996391654,20.63
16.366803228855133,20.63
16.368392284959555,20.62
16.369707103818655,20.62
16.371363885700703,20.62
16.3728428222239,20.62
16.3741406314075,20.62
16.375808287411928,20.62
16.37732209637761,20.62
16.378795240074396,20.62
16.380147486925125,20.62
16.38173520937562,20.62
16.383103784173727,20.62
16.38471433520317,20.63
16.386092074215412,20.62
16.387668561190367,20.62
16.38900676369667,20.62
16.39062947779894,20.62
16.392172507941723,20.62
16.393667805939913,20.63
16.394995409995317,20.62
16.396655295044184,20.62
16.39815765246749,20.62
16.399516705423594,20.62
16.401096384972334,20.63
16.40247192978859,20.62
16.4040643312037,20.62
16.405443757772446,20.62
16.40698504820466,20.62
16.40839848294854,20.62
16.41005862504244,20.62
16.41142265126109,20.62
16.413019362837076,20.63
16.41450209543109,20.63
16.415850784629583,20.63
16.41748785227537,20.63
16.418839532881975,20.63
16.420440580695868,20.62
16.42173309996724,20.62
16.423392195254564,20.62
16.424697618931532,20.62
16.426366042345762,20.63
16.427916299551725,20.62
16.429319113492966,20.62
16.430803284049034,20.62
16.43220941722393,20.62
16.433850295841694,20.62
16.435256604105234,20.62
16.43681326881051,20.62
16.43831718713045,20.63
16.439798418432474,20.62
16.441259190440178,20.62
16.442656259983778,20.62
16.444269958883524,20.63
16.445748455822468,20.62
16.44718909263611,20.62
16.448690004646778,20.62
16.450166378170252,20.62
16.451548475772142,20.62
16.453148994594812,20.62
16.45454878360033,20.62
16.456058967858553,20.63
16.457495167851448,20.63
16.459138091653585,20.62
16.460438687354326,20.62
16.462111622095108,20.62
16.46339698508382,20.63
16.46507828310132,20.63
16.466374896466732,20.62
16.468031242489815,20.63
16.469543408602476,20.63
16.471033468842506,20.62
16.47250998392701,20.62
16.47376360744238,20.63
16.47549742087722,20.62
16.476914431899786,20.63
16.478370618075132,20.62
16.479964703321457,20.63
16.481429878622293,20.62
16.48285387456417,20.62
16.484321381896734,20.62
16.485886327922344,20.62
16.487296901643276,20.63
16.488894540816545,20.63
16.490370593965054,20.62
16.491743471473455,20.63
16.49321698769927,20.62
16.494827780872583,20.62
16.496330816298723,20.62
16.497659042477608,20.62
16.499251548200846,20.63
16.50061697140336,20.63
16.50218339636922,20.62
16.503578789532185,20.63
16.50525464117527,20.63
16.506550434976816,20.63
16.508209995925426,20.63
16.50970684736967,20.63
16.51118764653802,20.63
16.512679629027843,20.63
16.514165814965963,20.63
16.51549842953682,20.63
16.517097480595112,20.63
16.51839804649353,20.63
16.52010039612651,20.63
16.521363899111748,20.63
16.52286782488227,20.63
16.524591222405434,20.63
16.525989413261414,20.63
16.52755457162857,20.63
16.529049143195152,20.63
16.530439112335443,20.63
16.531994625926018,20.63
16.533422484993935,20.63
16.534955844283104,20.63
16.536396145820618,20.63
16.537946611642838,20.63
16.539425995200872,20.63
16.540879007428885,20.63
16.542439933866262,20.63
16.543932132422924,20.63
16.545283913612366,20.63
16.54680824279785,20.63
16.548243906348944,20.63
16.549889758229256,20.63
16.551347624510527,20.63
16.552679631859064,20.63
16.554338924586773,20.63
16.555802170187235,20.63
16.557106602936983,20.63
16.558783289045095,20.63
16.560245044529438,20.63
16.561742428690195,20.63
16.56326589360833,20.63
16.564568750560284,20.63
16.566235836595297,20.63
16.56774401292205,20.63
16.569144163280725,20.63
16.57070054113865,20.63
16.572174731642008,20.63
16.57366518303752,20.63
16.575151596218348,20.63
16.57665792480111,20.63
16.57803152874112,20.63
16.579576209187508,20.63
16.58101336658001,20.63
16.582555700093508,20.63
16.583963721990585,20.63
16.585579868406057,20.63
16.587064400315285,20.63
16.588450264185667,20.63
16.590024773031473,20.63
16.59152538701892,20.63
16.592925187200308,20.63
16.594405248761177,20.63
16.59585538879037,20.63
16.59739799052477,20.63
16.598797921091318,20.63
16.600254330784082,20.63
16.601934548467398,20.63
16.603400349617004,20.63
16.6046991199255,20.63
16.606388568878174,20.63
16.60788993164897,20.63
16.609320156276226,20.63
16.61075796186924,20.63
16.612352531403303,20.63
16.613775942474604,20.63
16.615264661610126,20.63
16.616807535290718,20.63
16.618304390460253,20.63
16.619785856455564,20.63
16.62128008157015,20.63
16.622729502618313,20.63
16.624143704771996,20.63
16.62570020183921,20.63
16.627111457288265,20.63
16.62870816513896,20.63
16.630138639360666,20.63
16.631621565669775,20.63
16.633035071194172,20.63
16.63461947068572,20.63
16.636014994233847,20.63
16.63747403398156,20.63
16.6390291005373,20.63
16.640595849603415,20.63
16.642085537314415,20.63
16.643588550388813,20.63
16.64506095275283,20.63
16.646358147263527,20.63
16.648025285452604,20.63
16.64942028746009,20.63
16.65101819857955,20.62
16.65245632827282,20.63
16.653965458273888,20.63
16.65548925101757,20.63
16.65675962716341,20.63
16.65840069577098,20.63
16.65987554192543,20.63
16.66129943355918,20.63
16.662920467555523,20.63
16.664321143180132,20.63
16.665892735123634,20.63
16.667386639863253,20.63
16.66887939348817,20.63
16.670304622501135,20.63
16.671738725155592,20.63
16.673282627016306,20.63
16.67477425187826,20.63
16.67631123960018,20.63
16.677802685648203,20.62
16.67928248643875,20.63
16.680646892637014,20.62
16.682178884744644,20.63
16.683757442981005,20.63
16.685069378465414,20.63
16.68671303614974,20.63
16.688136272132397,20.63
16.689693566411734,20.63
16.691178485751152,20.63
16.692573595792055,20.62
16.69415905326605,20.62
16.695628006011248,20.63
16.69699712842703,20.63
16.698622036725283,20.63
16.699887085705996,20.62
16.701585181057453,20.63
16.703004609793425,20.63
16.704515431076288,20.63
16.7060670517385,20.62
16.707478437572718,20.62
16.70903130248189,20.63
16.71044237166643,20.63
16.71191619709134,20.63
16.71349263563752,20.63
16.714879766106606,20.62
16.71644638851285,20.63
16.717843636870384,20.63
16.719448633491993,20.63
16.720807690173388,20.63
16.722370319068432,20.63
16.723909504711628,20.63
16.725398901849985,20.63
16.726879507303238,20.63
16.728380039334297,20.63
16.72986413165927,20.62
16.731180865317583,20.63
16.73271617665887,20.63
16.734324779361486,20.63
16.735802751034498,20.63
16.737301040440798,20.63
16.738773602992296,20.62
16.74011505395174,20.62
16.74175252020359,20.63
16.74324467778206,20.63
16.744714997708797,20.63
16.74601834639907,20.63
16.74771410226822,20.63
16.74915236979723,20.63
16.750652108341455,20.63
16.75192293152213,20.62
16.75366598367691,20.63
16.75506240129471,20.63
16.756544589996338,20.63
16.758121337741613,20.63
16.75953946635127,20.62
16.76110976934433,20.62
16.76255416497588,20.63
16.763959039002657,20.63
16.76542842760682,20.63
16.76700508967042,20.64
16.768400747328997,20.62
16.769984379410744,20.63
16.77151269838214,20.63
16.77284288778901,20.63
16.77439706772566,20.63
16.77598375454545,20.63
16.777457281947136,20.63
16.778817746788263,20.63
16.780247259885073,20.63
16.78192015364766,20.62
16.78340682014823,20.63
16.784877214580774,20.63
16.78636272996664,20.63
16.787727434188128,20.63
16.789357855916023,20.63
16.790858030319214,20.63
16.79231294617057,20.63
16.793770346790552,20.63
16.795324869453907,20.63
16.796793088316917,20.63
16.798285510390997,20.63
16.799763303250074,20.63
16.801198709756136,20.63
16.802739575505257,20.63
16.804238069802523,20.63
16.805629685521126,20.63
16.807123977690935,20.63
16.808670181781054,20.63
16.81019138172269,20.63
16.81162764504552,20.63
16.81315240636468,20.63
16.814537305384874,20.63
16.816115763038397,20.63
16.817478362470865,20.63
16.819079760462046,20.63
16.820599023252726,20.63
16.821960736066103,20.63
16.823572669178247,20.63
16.824905063956976,20.63
16.826505355536938,20.63
16.828032694756985,20.63
16.82952605187893,20.63
16.830990698188543,20.63
16.832285907119513,20.63
16.833982158452272,20.63
16.835439078509808,20.63
16.83673732727766,20.63
16.838446646928787,20.63
16.8399264998734,20.63
16.841415282338858,20.63
16.842908833175898,20.62
16.844330869615078,20.62
16.845891766250134,20.63
16.847376458346844,20.63
16.84877346083522,20.63
16.850343942642212,20.63
16.8517541103065,20.63
16.853305608034134,20.63
16.854700051248074,20.62
16.856180176138878,20.63
16.857741445302963,20.63
16.859269503504038,20.62
16.860622718930244,20.63
16.862194418907166,20.62
16.863619312644005,20.62
16.8652205131948,20.62
16.866586856544018,20.63
16.8681928999722,20.62
16.869510415941477,20.63
16.870989225804806,20.63
16.87265995144844,20.63
16.873991016298532,20.63
16.875634089112282,20.63
16.8771062605083,20.63
16.878467988222837,20.63
16.880104336887598,20.63
16.881560053676367,20.63
16.882954385131598,20.63
16.88452972471714,20.63
16.885832514613867,20.63
16.887507934123278,20.63
16.88903970643878,20.63
16.89046884700656,20.63
16.891996666789055,20.63
16.893294747918844,20.63
16.894896928220987,20.63
16.896375134587288,20.63
16.897948320955038,20.63
16.899335496127605,20.63
16.900905515998602,20.63
16.902301479130983,20.63
16.90376602113247,20.63
16.90534010156989,20.63
16.90674051642418,20.63
16.908229012042284,20.63
16.909718681126833,20.63
16.911299988627434,20.63
16.912823792546988,20.63
16.91432309523225,20.63
16.915620546787977,20.63
16.917292080819607,20.63
16.918720200657845,20.63
16.920092903077602,20.63
16.92174694314599,20.63
16.92324385046959,20.63
16.92458486557007,20.63
16.92610989511013,20.63
16.92747127264738,20.64
16.92918461561203,20.63
16.930667512118816,20.63
16.931997653096914,20.64
16.933622617274523,20.63
16.93515771254897,20.63
16.936595898121595,20.63
16.93802873417735,20.63
16.939598962664604,20.63
16.941020373255014,20.63
16.942558236420155,20.63
16.944061800837517,20.63
16.945505559444427,20.63
16.947027076035738,20.64
16.948417764157057,20.63
16.94996140897274,20.63
16.951499547809362,20.63
16.952846728265285,20.63
16.954406391829252,20.63
16.955960527062416,20.63
16.957295197993517,20.63
16.958841256797314,20.63
16.960327867418528,20.63
16.961906604468822,20.63
16.963397603482008,20.63
16.96470519527793,20.63
16.966376651078463,20.64
16.9676899574697,20.63
16.969327971339226,20.63
16.970831152051687,20.64
16.972101502120495,20.63
16.97381091862917,20.63
16.975267250090837,20.63
16.976759120821953,20.63
16.978274632245302,20.63
16.979770716279745,20.63
16.980999432504177,20.63
16.982747212052345,20.63
16.984178230166435,20.63
16.98569880798459,20.63
16.98720234259963,20.63
16.98866368457675,20.64
16.990175500512123,20.63
16.99166351929307,20.63
16.99315471202135,20.63
16.994639854878187,20.63
16.996105879545212,20.64
16.997563257813454,20.63
16.99903929978609,20.63
17.000444177538157,20.63
17.001941189169884,20.64
17.003495536744595,20.63
17.004988703876734,20.63
17.00636775791645,20.64
17.008034400641918,20.63
17.00932690128684,20.63
17.010999403893948,20.64
17.012301474809647,20.64
17.01397467032075,20.63
17.015443310141563,20.63
17.016816522926092,20.63
17.01843961328268,20.64
17.019700400531292,20.63
17.021361138671637,20.64
17.02284850925207,20.63
17.024139940738678,20.63
17.025877311825752,20.63
17.027294848114252,20.63
17.028858982026577,20.63
17.03024984151125,20.63
17.031825184822083,20.64
17.033274605870247,20.64
17.03478018939495,20.63
17.03617672994733,20.64
17.037635922431946,20.63
17.039265301078558,20.64
17.04064043611288,20.64
17.04221787676215,20.64
17.04371802136302,20.64
17.04506616294384,20.64
17.0466363504529,20.63
17.048052184283733,20.63
17.049636479467154,20.64
17.050991851836443,20.64
17.052664570510387,20.63
17.05397279188037,20.64
17.05563037097454,20.64
17.05692295730114,20.64
17.05858300998807,20.63
17.06005873903632,20.63
17.06155114248395,20.64
17.063060984015465,20.64
17.064536534249783,20.63
17.06604191288352,20.64
17.067291896790266,20.64
17.068993095308542,20.64
17.070411205291748,20.63
17.071757793426514,20.64
17.07347947731614,20.64
17.074769139289856,20.64
17.076396849006414,20.64
17.077849559485912,20.64
17.079412043094635,20.63
17.080881904810667,20.64
17.08230623975396,20.64
17.083877485245466,20.64
17.08525151014328,20.63
17.086732763797045,20.63
17.088353291153908,20.63
17.08970069512725,20.63
17.09128285944462,20.65
17.09282797574997,20.63
17.09415889903903,20.64
17.09577475860715,20.64
17.09711016714573,20.63
17.09871008247137,20.63
17.10026752948761,20.64
17.101748917251825,20.63
17.10322405770421,20.63
17.104524295777082,20.63
17.106202330440283,20.63
17.107673089951277,20.64
17.109147273004055,20.63
17.110454935580492,20.63
17.112101789563894,20.63
17.113618653267622,20.63
17.115126870572567,20.63
17.116555016487837,20.64
17.118103813380003,20.63
17.119589276611805,20.63
17.12099613249302,20.64
17.122455328702927,20.63
17.12404303252697,20.63
17.12545272707939,20.63
17.12691592052579,20.63
17.12845104187727,20.63
17.12996644154191,20.63
17.13150491937995,20.63
17.132867958396673,20.63
17.13440566882491,20.63
17.135962806642056,20.63
17.137288998812437,20.63
17.138917822390795,20.63
17.140380013734102,20.63
17.1417975127697,20.63
17.14330767840147,20.63
17.14469925686717,20.64
17.146377474069595,20.63
17.147851169109344,20.63
17.149174444377422,20.63
17.15081376954913,20.63
17.152132909744978,20.63
17.153800766915083,20.63
17.155204944312572,20.63
17.15673379600048,20.63
17.158266089856625,20.63
17.159583635628223,20.64
17.161227475851774,20.63
17.1626059114933,20.63
17.163998991250992,20.63
17.165620528161526,20.63
17.16715992242098,20.63
17.168679025024176,20.63
17.17014418169856,20.63
17.171626947820187,20.62
17.173130556941032,20.63
17.174514073878527,20.63
17.176005423069,20.63
17.177593622356653,20.63
17.17897018045187,20.63
17.180445406585932,20.63
17.182039372622967,20.63
17.183525446802378,20.63
17.184986736625433,20.63
17.186395037919283,20.64
17.18801834434271,20.63
17.189342107623816,20.63
17.190998811274767,20.63
17.192487955093384,20.63
17.193780317902565,20.63
17.1954546533525,20.63
17.19692625850439,20.63
17.198220513761044,20.64
17.199897598475218,20.63
17.201225604861975,20.63
17.202843349426985,20.63
17.204155668616295,20.63
17.205815713852644,20.63
17.207365307956934,20.63
17.20877905189991,20.63
17.2103258818388,20.63
17.211818117648363,20.63
17.213217694312334,20.63
17.21469723060727,20.63
17.21628611534834,20.64
17.21771927922964,20.63
17.2192671187222,20.63
17.220694571733475,20.63
17.222190361469984,20.64
17.223718516528606,20.63
17.225205428898335,20.63
17.22656386718154,20.63
17.22810899466276,20.63
17.22954660654068,20.63
17.231120117008686,20.63
17.232477627694607,20.63
17.234074376523495,20.63
17.235438361763954,20.63
17.237114429473877,20.63
17.238573007285595,20.63
17.24007624387741,20.63
17.241369295865297,20.63
17.24290342628956,20.63
17.244520518928766,20.63
17.245834160596132,20.63
17.24734176695347,20.63
17.248825546354055,20.63
17.250502694398165,20.63
17.251922700554132,20.63
17.25322588533163,20.63
17.254735749214888,20.63
17.2564482614398,20.63
17.257922749966383,20.63
17.25928045809269,20.63
17.260927874594927,20.63
17.262294583022594,20.63
17.26386682316661,20.63
17.265351347625256,20.63
17.266836926341057,20.63
17.268305853009224,20.63
17.26980359479785,20.63
17.271203979849815,20.63
17.27280431613326,20.63
17.274143990129232,20.63
17.275746271014214,20.63
17.27714103832841,20.63
17.27875055372715,20.63
17.280095372349024,20.63
17.281675927340984,20.63
17.283039145171642,20.63
17.284539729356766,20.63
17.28620070964098,20.63
17.287675123661757,20.64
17.288957338780165,20.64
17.290658075362444,20.63
17.291992474347353,20.63
17.29363088682294,20.63
17.295067954808474,20.64
17.296419739723206,20.64
17.298057191073895,20.64
17.299599774181843,20.63
17.30100178718567,20.63
17.302480537444353,20.64
17.304036881774664,20.63
17.305536560714245,20.63
17.306978914886713,20.64
17.308439161628485,20.63
17.309853702783585,20.64
17.311481226235628,20.64
17.312883254140615,20.63
17.314412780106068,20.63
17.3159481883049,20.64
17.317431282252073,20.64
17.318925600498915,20.63
17.320408429950476,20.63
17.321805369108915,20.63
17.323220692574978,20.64
17.324823193252087,20.64
17.32635798305273,20.63
17.327859483659267,20.63
17.3293183632195,20.64
17.330809969455004,20.64
17.332318611443043,20.64
17.333696823567152,20.64
17.335266191512346,20.63
17.336788579821587,20.64
17.33825683221221,20.63
17.339749064296484,20.63
17.34101015329361,20.63
17.34272851422429,20.63
17.344159472733736,20.63
17.34570038318634,20.63
17.347189340740442,20.64
17.348680540919304,20.64
17.350158222019672,20.63
17.351648967713118,20.64
17.35307054594159,20.64
17.35461463406682,20.63
17.355996269732714,20.63
17.357576195150614,20.63
17.35898942872882,20.64
17.360442772507668,20.63
17.362033773213625,20.63
17.363410882651806,20.63
17.364982340484858,20.63
17.366538394242525,20.64
17.3678636290133,20.63
17.36940724402666,20.63
17.370977997779846,20.63
17.37231170386076,20.63
17.373967692255974,20.63
17.37545469403267,20.63
17.376938872039318,20.63
17.378409821540117,20.63
17.379775036126375,20.63
17.381369683891535,20.64
17.382702358067036,20.64
17.384238943457603,20.64
17.38586211577058,20.63
17.387361016124487,20.63
17.388703126460314,20.63
17.390253115445375,20.64
17.391812451183796,20.63
17.39321655407548,20.63
17.39472486078739,20.63
17.39621042087674,20.63
17.397763218730688,20.63
17.39915031939745,20.63
17.400724314153194,20.63
17.402201004326344,20.63
17.40372124314308,20.63
17.40506947785616,20.64
17.406676899641752,20.63
17.40809429064393,20.63
17.40961529687047,20.63
17.411033619195223,20.63
17.412575524300337,20.63
17.41395765915513,20.63
17.415469475090504,20.63
17.41708742082119,20.63
17.41841622814536,20.63
17.42007314413786,20.63
17.421551156789064,20.63
17.422845985740423,20.63
17.42453273385763,20.64
17.426017004996538,20.64
17.427300333976746,20.63
17.428995218127966,20.63
17.430448707193136,20.63
17.431968186050653,20.63
17.43345921486616,20.64
17.43495499715209,20.64
17.436403565108776,20.63
17.43783240020275,20.63
17.439340956509113,20.63
17.44089585915208,20.63
17.44237396121025,20.63
17.443897996097803,20.63
17.44536267966032,20.63
17.44676062837243,20.63
17.448312543332577,20.63
17.449780955910683,20.63
17.45118721947074,20.63
17.45279424637556,20.63
17.45418708026409,20.63
17.45563316717744,20.63
17.457110572606325,20.63
17.458737701177597,20.63
17.4601888358593,20.63
17.461559534072876,20.63
17.463100668042898,20.63
17.464512556791306,20.63
17.466189350932837,20.63
17.467669025063515,20.63
17.468966972082853,20.63
17.470647867769003,20.63
17.472127947956324,20.63
17.473586678504944,20.63
17.475094687193632,20.63
17.476595878601074,20.63
17.47805131226778,20.64
17.47932977974415,20.64
17.481070056557655,20.64
17.482557609677315,20.64
17.48395936191082,20.63
17.485458701848984,20.63
17.48700124770403,20.63
17.488492853939533,20.63
17.489983074367046,20.64
17.49137480184436,20.64
17.492858607321978,20.64
17.494455218315125,20.64
17.49591639265418,20.63
17.497415259480476,20.63
17.498781967908144,20.64
17.50034210085869,20.64
17.501848738640547,20.63
17.503306455910206,20.63
17.504705231636763,20.64
17.50618164241314,20.64
17.507672995328903,20.64
17.509225599467754,20.64
17.510817106813192,20.64
17.512297686189413,20.64
17.513795357197523,20.64
17.515267625451088,20.64
17.516756378114223,20.64
17.518118016421795,20.64
17.519707035273314,20.64
17.52124225348234,20.64
17.522513210773468,20.64
17.524141024798155,20.63
17.52569231763482,20.64
17.527139898389578,20.63
17.52867231145501,20.63
17.530120961368084,20.63
17.531447920948267,20.63
17.533073894679546,20.63
17.53458731994033,20.63
17.53609710931778,20.64
17.537563022226095,20.64
17.538982078433037,20.63
17.54056340828538,20.63
17.541984524577856,20.64
17.543529734015465,20.64
17.544885486364365,20.64
17.546452026814222,20.64
17.54799387231469,20.64
17.549437761306763,20.63
17.550810031592846,20.63
17.552460819482803,20.64
17.55383649095893,20.64
17.555441070348024,20.64
17.556738052517176,20.64
17.558388616889715,20.64
17.559901267290115,20.64
17.56119031086564,20.64
17.562872372567654,20.64
17.5641458183527,20.64
17.56581098586321,20.64
17.56729256734252,20.63
17.56858976557851,20.64
17.570307224988937,20.64
17.57182303443551,20.64
17.5732189938426,20.64
17.574783846735954,20.64
17.576208226382732,20.63
17.577671244740486,20.63
17.579258881509304,20.64
17.580627016723156,20.64
17.582199215888977,20.64
17.583616703748703,20.63
17.58507787063718,20.63
17.58664659038186,20.64
17.588173780590296,20.64
17.589518301188946,20.64
17.59112798422575,20.64
17.59252855181694,20.64
17.594050642102957,20.64
17.59559927880764,20.64
17.597008228302002,20.64
17.598432309925556,20.64
17.599889878183603,20.64
17.601544469594955,20.64
17.60285759717226,20.64
17.604514818638563,20.64
17.605997126549482,20.64
17.60732413828373,20.64
17.608965188264847,20.64
17.6104403026402,20.64
17.61192264407873,20.64
17.61341591924429,20.64
17.6148531883955,20.64
17.61643834412098,20.63
17.617662116885185,20.64
17.619390796869993,20.64
17.62084473297,20.64
17.622375335544348,20.64
17.623698636889458,20.64
17.625345319509506,20.64
17.62676427140832,20.64
17.62831076234579,20.64
17.629698503762484,20.64
17.631298180669546,20.64
17.632666751742363,20.64
17.634229380637407,20.64
17.635712299495935,20.64
17.63725994154811,20.64
17.63859325647354,20.64
17.640162955969572,20.64
17.641723185777664,20.64
17.643041733652353,20.64
17.644689619541168,20.64
17.646184012293816,20.64
17.647564601153135,20.64
17.649157863110304,20.64
17.65064223855734,20.64
17.652006573975086,20.64
17.65360951423645,20.64
17.654899548739195,20.64
17.656581562012434,20.64
17.658034950494766,20.64
17.65937352925539,20.64
17.661007951945066,20.64
17.66236113011837,20.64
17.663995407521725,20.64
17.665331166237593,20.64
17.666996356099844,20.64
17.66842106357217,20.64
17.669963661581278,20.64
17.671453833580017,20.64
17.672952882945538,20.64
17.674427155405283,20.64
17.675821393728256,20.64
17.677367709577084,20.64
17.67879880219698,20.64
17.680377420037985,20.64
17.681864611804485,20.64
17.68329383432865,20.64
17.684850301593542,20.64
17.686341900378466,20.64
17.68767075613141,20.64
17.689146742224693,20.64
17.6908096075058,20.64
17.692152988165617,20.64
17.69367366284132,20.64
17.69525919854641,20.64
17.696747228503227,20.64
17.698044791817665,20.64
17.699542347341776,20.64
17.70118721574545,20.64
17.702504832297564,20.64
17.704153895378113,20.64
17.70565504580736,20.64
17.707089841365814,20.64
17.70864651724696,20.64
17.710139218717813,20.64
17.711571350693703,20.64
17.71311118453741,20.64
17.71460148319602,20.64
17.716037064790726,20.64
17.71756787225604,20.64
17.71906355395913,20.64
17.720501001924276,20.64
17.72190996259451,20.64
17.723484355956316,20.64
17.725020311772823,20.64
17.726401422172785,20.64
17.727938879281282,20.64
17.72936413064599,20.64
17.730896435678005,20.64
17.732336424291134,20.64
17.733858723193407,20.64
17.735434781759977,20.64
17.73677183687687,20.64
17.73838399350643,20.64
17.739774864166975,20.64
17.741377159953117,20.64
17.74285088852048,20.64
17.74415225163102,20.64
17.745819497853518,20.64
17.74728962779045,20.64
17.748592898249626,20.64
17.750297710299492,20.64
17.751797698438168,20.64
17.753036431968212,20.64
17.754762314260006,20.64
17.756250869482756,20.64
17.757691495120525,20.64
17.759224880486727,20.64
17.760720152407885,20.64
17.762209083884954,20.64
17.763694290071726,20.64
17.765073604881763,20.64
17.766562048345804,20.64
17.76811210438609,20.64
17.7696343511343,20.64
17.770999424159527,20.64
17.772573433816433,20.64
17.774061504751444,20.64
17.775536607950926,20.64
17.77707637473941,20.64
17.778565913438797,20.64
17.779922485351562,20.64
17.781405918300152,20.64
17.78290145471692,20.64
17.784524749964476,20.64
17.785887010395527,20.64
17.787485234439373,20.64
17.78878878429532,20.64
17.79045893251896,20.64
17.79173993691802,20.64
17.79343168064952,20.64
17.794773306697607,20.64
17.796394422650337,20.64
17.797691252082586,20.64
17.799345564097166,20.64
17.800882007926702,20.64
17.80211078003049,20.64
17.80384073778987,20.64
17.805090807378292,20.64
17.80682284012437,20.64
17.808237332850695,20.64
17.8096982575953,20.64
17.811262544244528,20.64
17.812768951058388,20.64
17.814257591962814,20.64
17.81575370207429,20.64
17.81723767146468,20.64
17.8187258541584,20.64
17.820080373436213,20.64
17.82156153768301,20.64
17.823045134544373,20.64
17.824607346206903,20.64
17.825999211519957,20.64
17.827608596533537,20.64
17.82909855246544,20.63
17.830590281635523,20.64
17.83210054039955,20.64
17.8334131129086,20.64
17.834988843649626,20.64
17.836554281413555,20.64
17.838038820773363,20.64
17.83954979479313,20.64
17.841010455042124,20.64
17.842517275363207,20.64
17.843893487006426,20.64
17.845491353422403,20.64
17.846879430115223,20.64
17.848470885306597,20.64
17.849918458610773,20.64
17.851328443735838,20.64
17.852935176342726,20.64
17.85443054884672,20.64
17.85585740581155,20.64
17.85738380625844,20.64
17.858780425041914,20.64
17.860292185097933,20.64
17.861816998571157,20.64
17.863222490996122,20.64
17.864709597080946,20.64
17.8662290237844,20.64
17.867777343839407,20.64
17.869288370013237,20.64
17.870784990489483,20.64
17.872120201587677,20.64
17.873679477721453,20.64
17.875073425471783,20.64
17.876591097563505,20.64
17.878235407173634,20.64
17.87952024117112,20.64
17.881187818944454,20.64
17.882675632834435,20.64
17.884141203016043,20.64
17.88564831018448,20.64
17.887109626084566,20.64
17.888434886932373,20.64
17.890073750168085,20.64
17.891557291150093,20.64
17.89285423979163,20.64
17.89458877965808,20.64
17.896073393523693,20.64
17.89751908555627,20.64
17.899044796824455,20.64
17.90045579895377,20.64
17.901973243802786,20.64
17.903483789414167,20.64
17.90494493767619,20.64
17.90647666156292,20.64
17.90785162895918,20.64
17.90933372080326,20.63
17.910899501293898,20.64
17.91231006383896,20.63
17.913781374692917,20.63
17.915338464081287,20.63
17.91689257323742,20.63
17.91830100119114,20.64
17.91971057280898,20.64
17.921263232827187,20.64
17.922806590795517,20.64
17.924157857894897,20.63
17.925823494791985,20.63
17.92731973901391,20.64
17.92866888269782,20.64
17.930281177163124,20.63
17.931584257632494,20.63
17.933248095214367,20.63
17.934738721698523,20.64
17.936012040823698,20.64
17.937678273767233,20.64
17.939163275063038,20.64
17.940515529364347,20.63
17.942192878574133,20.63
17.94359765574336,20.63
17.945160146802664,20.64
17.946600936353207,20.64
17.94812185317278,20.64
17.949595622718334,20.64
17.951098665595055,20.64
17.952524039894342,20.64
17.954075064510107,20.64
17.955445390194654,20.63
17.957003004848957,20.64
17.958549574017525,20.64
17.959931217134,20.64
17.961510308086872,20.64
17.963004369288683,20.64
17.964374907314777,20.64
17.965992160141468,20.64
17.967294953763485,20.64
17.968815002590418,20.64
17.97045063227415,20.63
17.97174432501197,20.64
17.97341537103057,20.64
17.974891535937786,20.64
17.976185746490955,20.64
17.977869678288698,20.64
17.979338455945253,20.64
17.980848871171474,20.64
17.982338313013315,20.64
17.98377725109458,20.64
17.985286187380552,20.64
17.9866412691772,20.64
17.988289088010788,20.64
17.98977865278721,20.64
17.991184044629335,20.64
17.992562625557184,20.64
17.994195252656937,20.64
17.995728854089975,20.64
17.99714733287692,20.64
17.99864364042878,20.64
18.00008774921298,20.64
18.001644987612963,20.64
18.003172051161528,20.64
18.004631519317627,20.64
18.006138514727354,20.64
18.007532868534327,20.64
18.00905019789934,20.64
18.010449908673763,20.63
18.012019276618958,20.64
18.013568062335253,20.64
18.015076976269484,20.64
18.016380440443754,20.64
18.017927281558514,20.64
18.01952290162444,20.64
18.02087001502514,20.64
18.022483944892883,20.64
18.023988015949726,20.64
18.025268092751503,20.64
18.026937395334244,20.64
18.02823154628277,20.64
18.029890671372414,20.64
18.03136943280697,20.64
18.032830499112606,20.64
18.03442147001624,20.64
18.035870622843504,20.64
18.037390932440758,20.64
18.038817197084427,20.64
18.04033661261201,20.64
18.04184238612652,20.64
18.043335683643818,20.64
18.044802140444517,20.64
18.046186700463295,20.64
18.04766795411706,20.64
18.049266424030066,20.64
18.05070560798049,20.64
18.05226619541645,20.63
18.05363016203046,20.64
18.055232029408216,20.64
18.05671403184533,20.63
18.058207754045725,20.63
18.059693325310946,20.63
18.061177361756563,20.64
18.062668692320585,20.64
18.063977800309658,20.64
18.065447062253952,20.64
18.06711434945464,20.64
18.068601444363594,20.64
18.069991067051888,20.64
18.071561742573977,20.64
18.07303960621357,20.63
18.074351854622364,20.63
18.07600151374936,20.63
18.07750364765525,20.64
18.078908048570156,20.64
18.08049240708351,20.64
18.082018323242664,20.63
18.08349434658885,20.63
18.08496506512165,20.64
18.086472142487764,20.63
18.087948136031628,20.63
18.0893341191113,20.63
18.09086799621582,20.64
18.092429637908936,20.63
18.093866005539894,20.63
18.09533592313528,20.63
18.096831552684307,20.64
18.098227817565203,20.64
18.09986539185047,20.64
18.101187095046043,20.63
18.10276499390602,20.63
18.1043315641582,20.63
18.105664901435375,20.64
18.107149098068476,20.64
18.10861073434353,20.64
18.110087871551514,20.64
18.111741960048676,20.63
18.113106068223715,20.63
18.11464997380972,20.64
18.116216249763966,20.63
18.11763423681259,20.64
18.119192358106375,20.63
18.120668411254883,20.64
18.122053518891335,20.63
18.123625941574574,20.63
18.12507728114724,20.63
18.126630321145058,20.63
18.128083754330873,20.63
18.12961046025157,20.64
18.13109602406621,20.64
18.13258908689022,20.64
18.133967749774456,20.64
18.135551162064075,20.64
18.137051410973072,20.64
18.138514045625925,20.63
18.140014812350273,20.63
18.14147561788559,20.64
18.142996456474066,20.63
18.14449357241392,20.63
18.145967710763216,20.64
18.147299144417048,20.63
18.14880969002843,20.63
18.1503530703485,20.63
18.151743102818727,20.64
18.15339680761099,20.64
18.15490287914872,20.64
18.15625425055623,20.64
18.157879050821066,20.63
18.159345980733633,20.63
18.160828411579132,20.64
18.162304241210222,20.64
18.163784198462963,20.63
18.16529569029808,20.63
18.166579894721508,20.64
18.168279767036438,20.64
18.169778890907764,20.64
18.171028092503548,20.64
18.172685146331787,20.64
18.174216505140066,20.63
18.17571448907256,20.63
18.177126202732325,20.63
18.178687639534473,20.64
18.180160749703646,20.64
18.18156249821186,20.63
18.183129608631134,20.64
18.18463170900941,20.64
18.186005089432,20.63
18.187572948634624,20.64
18.189083706587553,20.63
18.190572377294302,20.63
18.192064367234707,20.63
18.19341044127941,20.63
18.194897424429655,20.63
18.196544036269188,20.63
18.197865314781666,20.64
18.19950122386217,20.64
18.200997978448868,20.64
18.20249218121171,20.64
18.20394877716899,20.64
18.205468952655792,20.64
18.206953413784504,20.64
18.208415798842907,20.64
18.209935657680035,20.64
18.21140955016017,20.64
18.212869729846716,20.63
18.214349050074816,20.64
18.215820718556643,20.64
18.217129573225975,20.64
18.218856882303953,20.64
18.22033978626132,20.64
18.22182795405388,20.64
18.223320048302412,20.64
18.22473055869341,20.64
18.226280380040407,20.64
18.227729700505733,20.63
18.229237906634808,20.64
18.230708807706833,20.64
18.232115175575018,20.64
18.23367928341031,20.64
18.235233817249537,20.64
18.236662045121193,20.63
18.23818362876773,20.64
18.239522144198418,20.63
18.241088036447763,20.63
18.242657471448183,20.64
18.244150944054127,20.64
18.245600301772356,20.64
18.2471155077219,20.64
18.248596601188183,20.64
18.24990164116025,20.64
18.251576021313667,20.64
18.25306260213256,20.64
18.25445532053709,20.64
18.256048023700714,20.64
18.257527142763138,20.64
18.25896866992116,20.64
18.260269816964865,20.64
18.261990875005722,20.63
18.26344057545066,20.63
18.264970377087593,20.63
18.266443096101284,20.63
18.267859168350697,20.64
18.26943399757147,20.64
18.270760007202625,20.64
18.27233277261257,20.64
18.273781925439835,20.63
18.275233075022697,20.64
18.27687482535839,20.64
18.278161350637674,20.64
18.27974146977067,20.64
18.28118919953704,20.64
18.28275841474533,20.63
18.284165803343058,20.64
18.285781119018793,20.64
18.287236031144857,20.64
18.288767784833908,20.64
18.290262296795845,20.64
18.291736211627722,20.63
18.293232586234808,20.63
18.294715341180563,20.63
18.296187829226255,20.63
18.29768830910325,20.64
18.299076311290264,20.64
18.300651472061872,20.63
18.302119739353657,20.64
18.303496919572353,20.64
18.30489816889167,20.64
18.3065693564713,20.64
18.30789055675268,20.64
18.309530701488256,20.63
18.311005614697933,20.64
18.31234162673354,20.64
18.31396694853902,20.64
18.315534196794033,20.64
18.31686570122838,20.64
18.318495739251375,20.64
18.319998491555452,20.64
18.321378897875547,20.64
18.322941225022078,20.64
18.324469208717346,20.64
18.32585960254073,20.64
18.32728746533394,20.64
18.328940022736788,20.64
18.33041539415717,20.64
18.331893764436245,20.64
18.333402782678604,20.64
18.334797222167253,20.64
18.336245253682137,20.63
18.337866727262735,20.64
18.339173302054405,20.64
18.340823370963335,20.64
18.342303473502398,20.64
18.34359936788678,20.64
18.34528460353613,20.64
18.346787597984076,20.64
18.348050493746996,20.64
18.349753990769386,20.64
18.351211484521627,20.64
18.352682642638683,20.64
18.35415144264698,20.64
18.355451326817274,20.64
18.35718048736453,20.64
18.358627513051033,20.64
18.360162183642387,20.64
18.361659720540047,20.64
18.36308043450117,20.64
18.364626608788967,20.63
18.366014033555984,20.63
18.36759126186371,20.63
18.3690066896379,20.64
18.37044805660844,20.64
18.37194012105465,20.64
18.373495895415545,20.64
18.375044886022806,20.64
18.37637558951974,20.64
18.37785718217492,20.63
18.37951409444213,20.64
18.380975861102343,20.64
18.382351711392403,20.64
18.38393098115921,20.64
18.385414261370897,20.64
18.386863969266415,20.64
18.388418804854155,20.64
18.38990145549178,20.64
18.39122063666582,20.64
18.39288330823183,20.64
18.394390106201172,20.64
18.395642299205065,20.64
18.397351518273354,20.64
18.398783154785633,20.64
18.400078788399696,20.64
18.401813380420208,20.63
18.40307192504406,20.63
18.40478639304638,20.63
18.406190998852253,20.64
18.40771098062396,20.64
18.409230522811413,20.63
18.410744190216064,20.63
18.412234231829643,20.63
18.41360552608967,20.64
18.4150920920074,20.64
18.41669863089919,20.64
18.418137412518263,20.64
18.419531155377626,20.64
18.42100579664111,20.64
18.42260781303048,20.64
18.423980128020048,20.64
18.425569754093885,20.63
18.42711602523923,20.64
18.428443778306246,20.64
18.430070612579584,20.64
18.431566055864096,20.64
18.43306728079915,20.63
18.434538546949625,20.64
18.436032004654408,20.64
18.437309935688972,20.64
18.438990127295256,20.63
18.44049970805645,20.64
18.44175746291876,20.64
18.44343977794051,20.64
18.444726213812828,20.64
18.446384269744158,20.64
18.447935827076435,20.64
18.44934504851699,20.64
18.450895994901657,20.64
18.45233079791069,20.64
18.453786201775074,20.64
18.455346509814262,20.64
18.456864707171917,20.64
18.458226047456264,20.64
18.459826607257128,20.64
18.461320240050554,20.64
18.4627937823534,20.64
18.464161794632673,20.64
18.465720158070326,20.64
18.46726818755269,20.64
18.468629028648138,20.64
18.47024103999138,20.64
18.47159279510379,20.64
18.473215337842703,20.64
18.474617678672075,20.64
18.47618806734681,20.64
18.477493196725845,20.64
18.479162205010653,20.64
18.480654019862413,20.64
18.481969125568867,20.64
18.483601067215204,20.64
18.48491847142577,20.64
18.48656153678894,20.64
18.488043155521154,20.64
18.489571928977966,20.64
18.491036850959063,20.64
18.492313724011183,20.64
18.49403264373541,20.64
18.495449870824814,20.64
18.49701216444373,20.64
18.498496133834124,20.64
18.499895866960287,20.64
18.501460179686546,20.64
18.50293032824993,20.64
18.504421077668667,20.64
18.505933310836554,20.64
18.507307339459658,20.64
18.50888254866004,20.64
18.510389745235443,20.64
18.51188661903143,20.64
18.513239070773125,20.64
18.51485338807106,20.64
18.516302045434713,20.64
18.517726980149746,20.63
18.51928459480405,20.64
18.520639307796955,20.64
18.522303134202957,20.64
18.52378949522972,20.64
18.525262400507927,20.64
18.526774059981108,20.64
18.528174474835396,20.64
18.529633946716785,20.64
18.531031541526318,20.64
18.532677054405212,20.64
18.53398209065199,20.64
18.535678628832102,20.64
18.53712075203657,20.64
18.538657750934362,20.64
18.54008074849844,20.64
18.54152338951826,20.64
18.54312327504158,20.64
18.544523496180773,20.64
18.546094734221697,20.64
18.54749659821391,20.64
18.548969626426697,20.64
18.55053700134158,20.64
18.552051454782486,20.64
18.553489953279495,20.64
18.555021543055773,20.64
18.556463111191988,20.64
18.55799148976803,20.64
18.559482496231794,20.64
18.560834888368845,20.64
18.562459737062454,20.64
18.563956674188375,20.64
18.565305948257446,20.64
18.566789105534554,20.64
18.568262167274952,20.64
18.569912020117044,20.64
18.571380518376827,20.64
18.57267999649048,20.64
18.57434891536832,20.64
18.575820043683052,20.64
18.577313512563705,20.64
18.578818544745445,20.64
18.580104142427444,20.64
18.581745233386755,20.64
18.58328377082944,20.64
18.584764823317528,20.64
18.58626150339842,20.64
18.587672285735607,20.64
18.589062049984932,20.64
18.590637881308794,20.64
18.592117827385664,20.64
18.593685805797577,20.64
18.59516190364957,20.64
18.596676722168922,20.64
18.59812458232045,20.64
18.599540885537863,20.64
18.60100869834423,20.64
18.602610509842634,20.64
18.604120276868343,20.64
18.605516713112593,20.64
18.60709524527192,20.64
18.608495593070984,20.64
18.610060084611177,20.64
18.611377116292715,20.64
18.612993244081736,20.64
18.61436377465725,20.64
18.616006836295128,20.64
18.617509856820107,20.64
18.6187993735075,20.64
18.620459347963333,20.64
18.621747717261314,20.64
18.623449370265007,20.64
18.62491350620985,20.64
18.62642627209425,20.64
18.62785829231143,20.65
18.629263997077942,20.65
18.630875546485186,20.65
18.632377479225397,20.64
18.633786108344793,20.64
18.63529958575964,20.64
18.63683384656906,20.64
18.63831001147628,20.64
18.63973606750369,20.64
18.641270894557238,20.64
18.642778653651476,20.64
18.64418738335371,20.64
18.64571262523532,20.64
18.647240661084652,20.64
18.648613892495632,20.65
18.650227639824152,20.64
18.651640851050615,20.65
18.653078731149435,20.65
18.654529612511396,20.64
18.656163442879915,20.64
18.657498084008694,20.64
18.659023258835077,20.64
18.66046053543687,20.65
18.662135887891054,20.64
18.66361165046692,20.64
18.66509959474206,20.65
18.666571129113436,20.64
18.667919293045998,20.65
18.669557258486748,20.64
18.671038381755352,20.64
18.67238650843501,20.64
18.67400186508894,20.64
18.675302110612392,20.64
18.676972042769194,20.65
18.678491290658712,20.65
18.679896388202906,20.65
18.68142729625106,20.64
18.682939011603594,20.65
18.684434287250042,20.65
18.685855232179165,20.65
18.687387987971306,20.64
18.688895121216774,20.65
18.690273448824883,20.65
18.691742319613695,20.65
18.693242970854044,20.65
18.694800708442926,20.64
18.69626994431019,20.64
18.697815626859665,20.65
18.69916333630681,20.65
18.70076471939683,20.64
18.70211949199438,20.65
18.70371288433671,20.65
18.705112665891647,20.64
18.70675115659833,20.65
18.70812077447772,20.65
18.709717612713575,20.65
18.71113147959113,20.65
18.712694123387337,20.65
18.71405055746436,20.65
18.715460654348135,20.65
18.717150826007128,20.64
18.718415901064873,20.65
18.719907097518444,20.65
18.72158234193921,20.65
18.723076608031988,20.65
18.72437658533454,20.64
18.72600733488798,20.64
18.727567739784718,20.64
18.729046616703272,20.64
18.730545345693827,20.64
18.73202793300152,20.64
18.733448136597872,20.65
18.734896380454302,20.65
18.736476592719555,20.64
18.73792576044798,20.64
18.739462468773127,20.65
18.740780595690012,20.65
18.742424111813307,20.64
18.74394293129444,20.64
18.745279800146818,20.64
18.746836967766285,20.64
18.74840571731329,20.64
18.74982850626111,20.65
18.751281339675188,20.64
18.75285493955016,20.64
18.75416113063693,20.64
18.755822595208883,20.64
18.757326543331146,20.64
18.75880828127265,20.64
18.76027876138687,20.64
18.761589236557484,20.65
18.76319397240877,20.64
18.76453785225749,20.65
18.766204107552767,20.64
18.767524234950542,20.64
18.76915855705738,20.65
18.770717602223158,20.64
18.772119347006083,20.64
18.77360349148512,20.64
18.775158617645502,20.64
18.776657730340958,20.64
18.778056290000677,20.64
18.779634907841682,20.64
18.78112481161952,20.64
18.78261561691761,20.64
18.784095246344805,20.64
18.785495206713676,20.64
18.78701362386346,20.64
18.78856074437499,20.64
18.78990427032113,20.64
18.791533291339874,20.64
18.792860828340054,20.64
18.794378850609064,20.65
18.795987341552973,20.64
18.797344658523798,20.64
18.798877630382776,20.64
18.800462871789932,20.64
18.80192792415619,20.65
18.803232241421938,20.64
18.80491529032588,20.64
18.806421097368002,20.64
18.807839941233397,20.64
18.809362556785345,20.65
18.810705736279488,20.65
18.81232102587819,20.65
18.813672859221697,20.66
18.81533195078373,20.65
18.816784266382456,20.64
18.818229518830776,20.65
18.81978603452444,20.65
18.82128356024623,20.64
18.82270895689726,20.64
18.82425333932042,20.65
18.825759310275316,20.65
18.827222008258104,20.64
18.828714087605476,20.64
18.830183010548353,20.64
18.83161662518978,20.63
18.833193466067314,20.63
18.834674771875143,20.63
18.836150761693716,20.63
18.837618812918663,20.63
18.839137688279152,20.63
18.84058814495802,20.63
18.842043045908213,20.63
18.84359971061349,20.63
18.84509002417326,20.63
18.846562553197145,20.63
18.848060812801123,20.63
18.849542941898108,20.63
18.851018581539392,20.63
18.852511014789343,20.63
18.853997193276882,20.63
18.85539023205638,20.63
18.856974005699158,20.63
18.858433671295643,20.63
18.859895277768373,20.63
18.86144930869341,20.63
18.862928848713636,20.63
18.86434607952833,20.63
18.86589565500617,20.63
18.86738907918334,20.63
18.8688851185143,20.63
18.870370790362358,20.63
18.871790930628777,20.63
18.873346533626318,20.63
18.874749813228846,20.63
18.876229003071785,20.63
18.877794418483973,20.63
18.87929541990161,20.63
18.880672547966242,20.62
18.882236029952765,20.62
18.88364725187421,20.62
18.885240856558084,20.62
18.88667816668749,20.63
18.888231858611107,20.62
18.88971411064267,20.62
18.891193464398384,20.62
18.89268581941724,20.62
18.89416415989399,20.62
18.89565386623144,20.62
18.89713790640235,20.62
18.898625027388334,20.62
18.90011454001069,20.62
18.901597056537867,20.62
18.903070729225874,20.62
18.904575813561678,20.62
18.906057510524988,20.62
18.907554890960455,20.62
18.90897172316909,20.62
18.910536117851734,20.62
18.91194151714444,20.62
18.913508970290422,20.62
18.914993576705456,20.62
18.916479341685772,20.62
18.91796698793769,20.62
18.919358421117067,20.63
18.920936726033688,20.62
18.922434452921152,20.63
18.923922795802355,20.62
18.925367526710033,20.62
18.92682619392872,20.62
18.928357739001513,20.62
18.929899618029594,20.62
18.93126580491662,20.62
18.932749945670366,20.62
18.934345420449972,20.62
18.93582310900092,20.62
18.937303509563208,20.62
18.938628870993853,20.62
18.940282568335533,20.62
18.9417602494359,20.62
18.94325315579772,20.62
18.944546401500702,20.62
18.946228742599487,20.62
18.947730749845505,20.62
18.94921351596713,20.62
18.95069318637252,20.63
18.952123019844294,20.63
18.953663807362318,20.63
18.955157700926065,20.63
18.956582330167294,20.64
18.9581212811172,20.64
18.959621369838715,20.63
18.96104197576642,20.64
18.962530322372913,20.63
18.96409237757325,20.63
18.96554535999894,20.63
18.966968949884176,20.63
18.968458231538534,20.63
18.96995171904564,20.63
18.971439890563488,20.63
18.972910299897194,20.63
18.97449403256178,20.63
18.975980635732412,20.63
18.9773373529315,20.63
18.978799242526293,20.63
18.980453360825777,20.64
18.981810301542282,20.63
18.98340179026127,20.63
18.984922967851162,20.63
18.986389979720116,20.63
18.987685415893793,20.63
18.98937088996172,20.63
18.990842901170254,20.63
18.992147140204906,20.64
18.993822321295738,20.63
18.995318073779345,20.63
18.99681017920375,20.63
18.998292978852987,20.63
18.999786037951708,20.63
19.00126488879323,20.63
19.00268590450287,20.63
19.004165336489677,20.63
19.005718253552914,20.63
19.007230568677187,20.63
19.008683510124683,20.63
19.0101873613894,20.63
19.011680506169796,20.63
19.013142473995686,20.63
19.01457016915083,20.63
19.01601142436266,20.63
19.017624404281378,20.63
19.01900440081954,20.63
19.020538955926895,20.63
19.022093527019024,20.63
19.023439832031727,20.63
19.024985264986753,20.63
19.026384338736534,20.63
19.027892235666513,20.63
19.02952366694808,20.64
19.03100349381566,20.63
19.032310657203197,20.64
19.033992286771536,20.65
19.035285994410515,20.65
19.03694488108158,20.65
19.03831100091338,20.65
19.03977570310235,20.64
19.041435062885284,20.64
19.042696069926023,20.65
19.044348869472742,20.64
19.04589844122529,20.65
19.047307312488556,20.65
19.048868652433157,20.64
19.050295691937208,20.64
19.051843784749508,20.64
19.05332774296403,20.64
19.05480469763279,20.64
19.056304417550564,20.64
19.05774175003171,20.64
19.0592431537807,20.64
19.0607566870749,20.64
19.06225484609604,20.65
19.063636235892773,20.65
19.06517954170704,20.64
19.066718500107527,20.64
19.068135291337967,20.64
19.069536227732897,20.64
19.071147311478853,20.64
19.07249106094241,20.64
19.074089370667934,20.64
19.075540721416473,20.64
19.07703720778227,20.64
19.078608594834805,20.64
19.08010198175907,20.64
19.081487365067005,20.64
19.083071421831846,20.64
19.084383238106966,20.64
19.086021024733782,20.64
19.087530713528395,20.64
19.088857281953096,20.64
19.09051701799035,20.64
19.09201082214713,20.64
19.093448895961046,20.64
19.094984892755747,20.64
19.096468463540077,20.64
19.097881499677896,20.64
19.099392499774694,20.64
19.10090996697545,20.64
19.102349124848843,20.64
19.103903852403164,20.64
19.105393055826426,20.64
19.10670717060566,20.64
19.10835025086999,20.64
19.109870955348015,20.64
19.11120042204857,20.64
19.11267687752843,20.64
19.114248387515545,20.64
19.11570869386196,20.64
19.11724267527461,20.64
19.118698123842478,20.64
19.12024801596999,20.64
19.12173366174102,20.64
19.12324172630906,20.65
19.124539602547884,20.64
19.126205634325743,20.64
19.12767818942666,20.64
19.129057113081217,20.64
19.130661342293024,20.64
19.1319817379117,20.64
19.13363203406334,20.64
19.135130539536476,20.64
19.1366073936224,20.64
19.138057004660368,20.64
19.139355149120092,20.64
19.141020458191633,20.64
19.142494089901447,20.64
19.14407056197524,20.64
19.14536277577281,20.64
19.1470384337008,20.64
19.148447692394257,20.64
19.149986062198877,20.64
19.151383567601442,20.64
19.152953922748566,20.64
19.15435702353716,20.64
19.15591276064515,20.64
19.157336123287678,20.64
19.158929251134396,20.64
19.160285349935293,20.64
19.161785375326872,20.64
19.16339959949255,20.64
19.16482474654913,20.64
19.16638618335128,20.64
19.16771211847663,20.64
19.169356178492308,20.64
19.170827738940716,20.64
19.17222161963582,20.64
19.173817917704582,20.64
19.175128750503063,20.64
19.17680211737752,20.64
19.178261157125235,20.64
19.179534047842026,20.64
19.18125720694661,20.64
19.1826838478446,20.64
19.1840148717165,20.64
19.18567030504346,20.64
19.187227103859186,20.64
19.188607160001993,20.64
19.190153643488884,20.64
19.19166337326169,20.64
19.193133428692818,20.64
19.194639530032873,20.65
19.19602118805051,20.64
19.19757830351591,20.64
19.19910564646125,20.64
19.20045806095004,20.64
19.202056016772985,20.64
19.203515607863665,20.64
19.204911161214113,20.64
19.20654571428895,20.64
19.207953963428736,20.64
19.20937144011259,20.64
19.211017102003098,20.64
19.212504226714373,20.65
19.213800683617592,20.64
19.215457681566477,20.64
19.21684144437313,20.64
19.218418817967176,20.64
19.219741351902485,20.64
19.221417527645826,20.64
19.222897119820118,20.65
19.224300786852837,20.64
19.225870821624994,20.64
19.22734033316374,20.65
19.228606775403023,20.64
19.23027176782489,20.64
19.2316053211689,20.64
19.233248565346003,20.64
19.23479427024722,20.64
19.23629929125309,20.64
19.237736348062754,20.64
19.239277593791485,20.64
19.24065075442195,20.64
19.2421249486506,20.64
19.24374246224761,20.64
19.24508698284626,20.64
19.246707197278738,20.64
19.24806347116828,20.64
19.249621514230967,20.64
19.25106719136238,20.65
19.252523235976696,20.65
19.2541124522686,20.65
19.255485210567713,20.64
19.257038176059723,20.64
19.258611034601927,20.64
19.25998504087329,20.64
19.26148895546794,20.64
19.263005405664444,20.64
19.264552112668753,20.64
19.265854340046644,20.64
19.267520111054182,20.64
19.268978152424097,20.64
19.27035666257143,20.64
19.27195278927684,20.64
19.2734219096601,20.64
19.27475192025304,20.64
19.276452489197254,20.64
19.277879398316145,20.64
19.27942630648613,20.64
19.28086294606328,20.65
19.282403394579887,20.65
19.283897567540407,20.64
19.28537653386593,20.65
19.286754988133907,20.64
19.28835752233863,20.64
19.289717104285955,20.64
19.291202507913113,20.64
19.292680989950895,20.64
19.294254291802645,20.64
19.29579396918416,20.64
19.29728814959526,20.65
19.298772890120745,20.65
19.30025238916278,20.65
19.30164061486721,20.65
19.303066566586494,20.65
19.304620649665594,20.65
19.306039184331894,20.64
19.307686649262905,20.65
19.309001434594393,20.64
19.31065258011222,20.64
19.31217046454549,20.65
19.313640531152487,20.64
19.315131187438965,20.64
19.31660270690918,20.64
19.318076845258474,20.65
19.319598142057657,20.65
19.32109533622861,20.65
19.322504740208387,20.64
19.32401618361473,20.64
19.325543697923422,20.65
19.327015660703182,20.64
19.32831847667694,20.64
19.330001447349787,20.65
19.33139182627201,20.64
19.33297322690487,20.64
19.334485325962305,20.64
19.33585986867547,20.65
19.337319895625114,20.65
19.338796373456717,20.64
19.340359695255756,20.64
19.34183758124709,20.65
19.343323938548565,20.64
19.344895031303167,20.64
19.346225559711456,20.64
19.347805738449097,20.64
19.349346682429314,20.64
19.350644771009684,20.64
19.352332647889853,20.65
19.353811096400023,20.64
19.355210907757282,20.64
19.356766436249018,20.65
19.35823966190219,20.65
19.359532706439495,20.64
19.361242219805717,20.64
19.36251864209771,20.64
19.36406458169222,20.64
19.365715075284243,20.65
19.3670200034976,20.63
19.36860653012991,20.64
19.370169579982758,20.65
19.371647376567125,20.64
19.373151913285255,20.65
19.37453368678689,20.65
19.376090992242098,20.65
19.377604011446238,20.64
19.378976814448833,20.65
19.380554761737585,20.64
19.3820331543684,20.65
19.383430276066065,20.65
19.384997379034758,20.65
19.386398639529943,20.65
19.387989673763514,20.65
19.389364294707775,20.64
19.390955332666636,20.65
19.392333209514618,20.65
19.393957253545523,20.65
19.395386319607496,20.65
19.396842926740646,20.64
19.398363556712866,20.65
19.399916026741266,20.65
19.40120054781437,20.65
19.402781773358583,20.65
19.40437327325344,20.65
19.405654460191727,20.65
19.40734189003706,20.64
19.40873846411705,20.65
19.410207472741604,20.65
19.411762963980436,20.65
19.41330846771598,20.65
19.414726991206408,20.65
19.416205659508705,20.64
19.417767833918333,20.64
19.41925511136651,20.65
19.420731764286757,20.65
19.42222774401307,20.65
19.423635467886925,20.65
19.425176981836557,20.65
19.42670615017414,20.65
19.42807947844267,20.65
19.42966393008828,20.65
19.431036591529846,20.65
19.432621475309134,20.65
19.434008162468672,20.65
19.435608252882957,20.65
19.437091577798128,20.64
19.438533950597048,20.64
19.440012954175472,20.65
19.441578954458237,20.65
19.4429004304111,20.65
19.444421008229256,20.64
19.44602107256651,20.65
19.447316639125347,20.65
19.448884438723326,20.65
19.45048790052533,20.65
19.451972391456366,20.64
19.453409787267447,20.65
19.454950600862503,20.65
19.4564419798553,20.65
19.457779459655285,20.65
19.45935946330428,20.64
19.46091166511178,20.65
19.46231984347105,20.64
19.463792394846678,20.64
19.465193890035152,20.65
19.466760754585266,20.65
19.46832299232483,20.65
19.46984802559018,20.65
19.47123858332634,20.65
19.47276760265231,20.65
19.474284578114748,20.65
19.47573646903038,20.64
19.47714264318347,20.65
19.478619523346424,20.65
19.480253130197525,20.65
19.48173452541232,20.65
19.483168352395296,20.64
19.484712183475494,20.65
19.486021228134632,20.65
19.487690649926662,20.64
19.489095225930214,20.65
19.490567687898874,20.64
19.492123790085316,20.65
19.49345152825117,20.64
19.49511845782399,20.65
19.496595859527588,20.64
19.497869934886694,20.65
19.49957011640072,20.64
19.50083391368389,20.64
19.50251068174839,20.65
19.504007011651993,20.64
19.505483638495207,20.65
19.50702377781272,20.65
19.508507423102856,20.64
19.509907208383083,20.64
19.51148495450616,20.65
19.512875016778708,20.64
19.514424197375774,20.64
19.515895903110504,20.65
19.517425891011953,20.65
19.518832307308912,20.65
19.520389053970575,20.65
19.521902769804,20.64
19.523272197693586,20.65
19.524826772511005,20.65
19.52637092769146,20.65
19.527733627706766,20.65
19.529251892119646,20.65
19.53082226589322,20.65
19.532186791300774,20.65
19.533686231821775,20.65
19.535301942378283,20.64
19.536766063421965,20.65
19.538057439029217,20.64
19.539743967354298,20.65
19.541209898889065,20.65
19.54249667748809,20.65
19.54419082775712,20.65
19.545675918459892,20.65
19.546962559223175,20.64
19.548626635223627,20.65
19.55017475411296,20.64
19.551580749452114,20.65
19.553133971989155,20.65
19.55453769862652,20.65
19.556032728403807,20.65
19.55747751519084,20.64
19.559090968221426,20.65
19.5605554766953,20.65
19.561979420483112,20.65
19.563460994511843,20.65
19.564988665282726,20.63
19.56652956828475,20.5
19.567886896431446,20.04
19.569434393197298,19.7
19.57097590714693,19.71
19.572480332106352,19.74
19.573910396546125,19.77
19.575276028364897,19.78
19.57694772258401,19.8
19.578347072005272,19.81
19.579908166080713,19.87
19.581366810947657,20.08
19.582872461527586,20.21
19.584370248019695,20.22
19.761694367974997,20.21
19.761719703674316,20.21
19.761728189885616,20.21
19.761728189885616,20.21
19.761778615415096,20.21
19.761799834668636,20.21
19.76182248070836,20.21
19.761843509972095,20.21
19.761868461966515,20.21
19.76188963651657,20.21
19.761910993605852,20.21
19.761934000998735,20.21
19.761958673596382,20.21
19.761979840695858,20.21
19.762007918208838,20.21
19.762028951197863,20.21
19.762056469917297,20.21
19.762076266109943,20.21
19.76210291311145,20.2
19.762119736522436,20.2
19.762146897614002,20.2
19.762165281921625,20.2
19.762173771858215,20.21
19.762173771858215,20.21
19.762173771858215,20.21
19.762173771858215,20.21
19.762173771858215,20.21
19.762332305312157,20.21
19.76259307190776,20.21
19.762782625854015,20.21
19.76286020874977,20.21
19.76288452371955,20.21
19.762909829616547,20.21
19.76306315138936,20.21
19.763116095215082,20.21
19.763116095215082,20.21
19.763171460479498,20.21
19.763213127851486,20.21
19.763297729194164,20.21
19.763319596648216,20.21
19.76335148140788,20.21
19.763368356972933,20.21
19.763393506407738,20.2
19.763410318642855,20.21
19.76343734934926,20.21
19.763452220708132,20.21
19.763474229723215,20.21
19.763504214584827,20.21
19.76352758705616,20.21
19.763545911759138,20.21
19.76357127726078,20.2
19.763590019196272,20.2
19.763650506734848,20.21
19.763689514249563,20.21
19.763724073767662,20.21
19.763741329312325,20.21
19.763780042529106,20.21
19.763797536492348,20.21
19.7638152949512,20.21
19.7638152949512,20.21
19.763840559870005,20.21
19.763840559870005,20.21
19.763877402991056,20.21
19.763894241303205,20.21
19.76391090452671,20.22
19.763927575200796,20.22
19.763927575200796,20.22
19.763944283127785,20.22
19.76397253572941,20.22
19.76397253572941,20.22
19.763989344239235,20.22
19.76401448622346,20.22
19.76401448622346,20.22
19.764031279832125,20.22
19.764047984033823,20.22
19.764064636081457,20.22
19.764085676521063,20.22
19.764087852090597,20.22
19.764104511588812,20.22
19.76412122324109,20.22
19.76413783058524,20.22
19.76413783058524,20.22
19.764154497534037,20.22
19.764180216938257,20.22
19.764188639819622,20.22
19.764222133904696,20.22
19.764238845556974,20.23
19.764255490154028,20.23
19.764277167618275,20.23
19.76427983492613,20.23
19.76431316882372,20.23
19.76431316882372,20.23
19.76432989537716,20.23
19.76434650272131,20.23
19.764355909079313,20.23
19.764355909079313,20.24
19.764355909079313,20.24
19.764355909079313,20.24
19.764355909079313,20.24
19.764355909079313,20.24
19.764355909079313,20.24
19.764355909079313,20.24
19.764454547315836,20.25
19.764454547315836,20.25
19.764471378177404,20.25
19.764487996697426,20.24
19.764487996697426,20.24
19.764504723250866,20.24
19.764521334320307,20.24
19.764521334320307,20.24
19.764538045972586,20.24
19.76455271244049,20.24
19.76455271244049,20.24
19.764569494873285,20.24
19.764586240053177,20.25
19.764586240053177,20.26
19.764602914452553,20.26
19.764619577676058,20.25
19.764619577676058,20.24
19.764642897993326,20.23
19.764642897993326,20.24
19.765719946473837,20.24
19.76724401116371,20.24
19.76878584176302,20.24
19.77055160701275,20.24
19.77188505232334,20.39
19.773294668644667,20.72
19.774789944291115,20.94
19.77620840445161,21.04
19.777589049190283,21.09
19.77906783297658,21.13
19.78055690973997,21.12
19.782100658863783,21.08
19.783699441701174,21.06
19.785177443176508,21.05
19.786519292742014,21.04
19.787966798990965,21.03
19.789638806134462,21.03
19.790916621685028,21.02
19.792583607137203,21.02
19.79410193860531,21.03
19.79555595293641,21.03
19.79709253832698,21.04
19.798512931913137,21.03
19.799874931573868,21.03
19.801608845591545,21.02
19.80295367911458,21.02
19.80453833565116,21.02
19.806101851165295,21.02
19.807518105953932,21.0
19.808993574231863,21.0
19.810488734394312,21.01
19.81194992735982,21.0
19.813336070626974,20.99
19.814891900867224,20.98
19.816427797079086,20.97
19.817908588796854,20.96
19.819400757551193,20.96
19.820884585380554,20.96
19.822365269064903,20.96
19.82386239618063,20.96
19.82534970343113,20.96
19.826730117201805,20.97
19.82820152118802,20.97
19.82980725541711,20.97
19.83130468428135,20.96
19.832602933049202,20.96
19.834148474037647,20.96
19.8357502669096,20.95
19.837030339986086,20.95
19.838730439543724,20.95
19.840172559022903,20.94
19.841542471200228,20.93
19.84318933263421,20.92
19.84449763968587,20.92
19.846158806234598,20.91
19.847658678889275,20.91
19.84889432415366,20.91
19.850633397698402,20.91
19.85211681947112,20.91
19.85360998287797,20.91
19.854990988969803,20.91
19.85655515268445,20.9
19.8580804169178,20.9
19.859552394598722,20.9
19.861032228916883,20.89
19.86249851435423,20.9
19.863882292062044,20.89
19.865364406257868,20.89
19.86699803173542,20.89
19.868354946374893,20.89
19.869888987392187,20.89
19.871451076120138,20.89
19.872952237725258,20.89
19.874407790601254,20.89
19.875916618853807,20.89
19.877401258796453,20.89
19.87882586941123,20.89
19.880385596305132,20.89
19.881843138486147,20.89
19.883332546800375,20.89
19.884815834462643,20.89
19.88633682206273,20.89
19.887681305408478,20.89
19.889311857521534,20.89
19.89073135703802,20.89
19.892039604485035,20.89
19.893705558031797,20.89
19.895020574331284,20.89
19.89669470116496,20.88
19.89824154227972,20.87
19.89969326555729,20.89
19.901214484125376,20.89
19.90264781564474,20.9
19.904195576906204,20.9
19.905679248273373,20.91
19.90711146593094,20.91
19.908631782978773,20.91
19.91006249561906,20.91
19.911580856889486,20.91
19.91307521238923,20.91
19.914464686065912,20.9
19.91594512015581,20.91
19.917452078312635,20.9
19.91890363395214,20.91
19.920548364520073,20.91
19.922027707099915,20.9
19.923657674342394,20.9
19.9250208735466,20.9
19.926512368023396,20.91
19.927962888032198,20.9
19.92947556450963,20.9
19.930947322398424,20.9
19.93243520706892,20.91
19.93388671427965,20.9
19.935394670814276,20.9
19.936910703778267,20.91
19.938362076878548,20.91
19.93989146873355,20.9
19.941370204091072,20.9
19.942852467298508,20.89
19.94434406235814,20.89
19.945836141705513,20.89
19.947322599589825,20.88
19.948820244520903,20.88
19.95030101761222,20.88
19.951693762093782,20.88
19.95327064394951,20.88
19.954682536423206,20.88
19.9562556296587,20.88
19.95769153162837,20.88
19.95918607711792,20.88
19.960704069584608,20.88
19.962192110717297,20.88
19.963697761297226,20.88
19.965178728103638,20.88
19.966660615056753,20.88
19.968150448054075,20.88
19.96963842585683,20.88
19.971112575381994,20.88
19.972616262733936,20.88
19.974101297557354,20.88
19.97559643909335,20.88
19.9770767390728,20.88
19.9785586707294,20.88
19.98005659505725,20.88
19.981297437101603,20.88
19.983034793287516,20.88
19.98450453951955,20.88
19.986002177000046,20.88
19.987483099102974,20.88
19.98896650597453,20.88
19.990463383495808,20.88
19.991874501109123,20.88
19.993430893868208,20.88
19.994936499744654,20.88
19.99638569355011,20.88
19.997849758714437,20.88
19.999278277158737,20.88
20.000753413885832,20.87
20.002371061593294,20.87
20.00385944917798,20.87
20.005188070237637,20.87
20.006836775690317,20.87
20.00832489132881,20.87
20.009656608104706,20.87
20.011305704712868,20.87
20.012785132974386,20.87
20.014264211058617,20.87
20.015757966786623,20.87
20.017229206860065,20.87
20.018727716058493,20.88
20.020214926451445,20.88
20.021702587604523,20.88
20.023193031549454,20.88
20.024663973599672,20.88
20.02615763992071,20.88
20.02762397751212,20.88
20.02910402417183,20.88
20.030557096004486,20.88
20.032133176922798,20.88
20.033586252480745,20.88
20.03504715487361,20.88
20.036514960229397,20.88
20.038074605166912,20.88
20.039552692323923,20.88
20.041028264909983,20.88
20.0424724817276,20.88
20.0439599044621,20.88
20.045458383858204,20.88
20.046895902603865,20.88
20.048384331166744,20.88
20.049844309687614,20.88
20.051407270133495,20.88
20.052848260849714,20.88
20.054437279701233,20.88
20.055923338979483,20.88
20.057415287941694,20.88
20.058898113667965,20.88
20.06037837639451,20.88
20.06185455992818,20.88
20.063344411551952,20.88
20.06481485441327,20.88
20.06630088761449,20.88
20.067805118858814,20.88
20.06930921599269,20.88
20.070799212902784,20.88
20.072276555001736,20.88
20.07376778125763,20.88
20.075256317853928,20.88
20.076712429523468,20.88
20.07820302248001,20.88
20.079703886061907,20.88
20.08113667368889,20.88
20.082616817206144,20.88
20.084164794534445,20.88
20.085578609257936,20.88
20.08715333789587,20.88
20.088542718440294,20.88
20.090003218501806,20.88
20.091625843197107,20.88
20.092990171164274,20.88
20.09451686963439,20.87
20.096089329570532,20.88
20.0974257029593,20.87
20.098962251096964,20.88
20.10054722428322,20.88
20.101844135671854,20.88
20.10339555516839,20.88
20.105000648647547,20.88
20.106504898518324,20.89
20.107984703034163,20.89
20.10926852747798,20.88
20.110966555774212,20.89
20.11243538558483,20.89
20.11394428089261,20.88
20.115433383733034,20.88
20.116915211081505,20.89
20.118406053632498,20.89
20.119903292506933,20.89
20.121376056224108,20.89
20.122839879244566,20.89
20.124340873211622,20.89
20.125849418342113,20.89
20.12725441157818,20.89
20.128713205456734,20.89
20.130311075598,20.89
20.131788067519665,20.89
20.133243668824434,20.89
20.134728576987982,20.89
20.136246662586927,20.89
20.137736849486828,20.89
20.139077227562666,20.89
20.14070987701416,20.89
20.14220706745982,20.89
20.143689922988415,20.89
20.145176138728857,20.89
20.146495897322893,20.88
20.14815418794751,20.88
20.149630948901176,20.88
20.150920763611794,20.88
20.15261957421899,20.88
20.15409905835986,20.88
20.1555687636137,20.88
20.157032929360867,20.88
20.158565778285265,20.89
20.160021003335714,20.89
20.16153520718217,20.89
20.16282084584236,20.88
20.164514627307653,20.88
20.165919423103333,20.88
20.167491298168898,20.88
20.168987166136503,20.88
20.17037307098508,20.88
20.171953693032265,20.89
20.173378702253103,20.89
20.174824986606836,20.89
20.176413886249065,20.89
20.17790823057294,20.89
20.17937048152089,20.89
20.180875539779663,20.89
20.18237828090787,20.89
20.183800388127565,20.89
20.185325417667627,20.89
20.186839070171118,20.89
20.18832614272833,20.89
20.189806923270226,20.89
20.191293388605118,20.89
20.19278385490179,20.88
20.194277942180634,20.88
20.195759639143944,20.88
20.197250947356224,20.88
20.198735557496548,20.89
20.200188778340816,20.89
20.201664436608553,20.89
20.203147564083338,20.9
20.204681284725666,20.9
20.20593486353755,20.89
20.207656621932983,20.89
20.209145329892635,20.9
20.21063805744052,20.9
20.21211649477482,20.9
20.213523760437965,20.89
20.215097319334745,20.9
20.216585353016853,20.9
20.218074321746826,20.9
20.219443697482347,20.9
20.22104451432824,20.9
20.222423776984215,20.9
20.224023461341858,20.9
20.22549571469426,20.9
20.226855728775263,20.9
20.228474028408527,20.89
20.22991982474923,20.89
20.231461357325315,20.89
20.232945304363966,20.9
20.234435327351093,20.89
20.235920626670122,20.89
20.23721931502223,20.89
20.238886080682278,20.89
20.24038704112172,20.89
20.241761945188046,20.89
20.243349485099316,20.89
20.244832821190357,20.89
20.246333222836256,20.89
20.247822485864162,20.89
20.24931074678898,20.89
20.250587835907936,20.89
20.252275716513395,20.89
20.25371104851365,20.89
20.255101211369038,20.89
20.256709575653076,20.89
20.258235603570938,20.89
20.259724635630846,20.89
20.26119241118431,20.89
20.262694351375103,20.89
20.264177463948727,20.89
20.26567478105426,20.89
20.267092894762754,20.89
20.26862782239914,20.89
20.270136084407568,20.89
20.271611887961626,20.89
20.27297493815422,20.89
20.274590380489826,20.89
20.27593643963337,20.89
20.277560207992792,20.89
20.279046203941107,20.89
20.280513241887093,20.9
20.28203608840704,20.89
20.2835196480155,20.89
20.284809965640306,20.89
20.286491841077805,20.89
20.287783846259117,20.89
20.289441097527742,20.89
20.29096407815814,20.89
20.292432088404894,20.89
20.29373962804675,20.89
20.295210767537355,20.89
20.296871326863766,20.89
20.29835994169116,20.89
20.299658481031656,20.89
20.301251225173473,20.89
20.302841782569885,20.89
20.30433639511466,20.89
20.30583145469427,20.89
20.30732250213623,20.89
20.30866850912571,20.89
20.3102854937315,20.89
20.31168119236827,20.89
20.313121248036623,20.89
20.314710572361946,20.89
20.31607599183917,20.89
20.317677192389965,20.89
20.319223076105118,20.89
20.320514373481274,20.89
20.322161935269833,20.89
20.32368530705571,20.89
20.325157903134823,20.89
20.326660741120577,20.89
20.32813960686326,20.89
20.329506814479828,20.89
20.331060152500868,20.89
20.332589115947485,20.89
20.333896730095148,20.89
20.335569612681866,20.89
20.337077401578426,20.89
20.338555112481117,20.89
20.33998652547598,20.89
20.34153103455901,20.89
20.342938899993896,20.89
20.34450414404273,20.89
20.345810636878014,20.89
20.3474541939795,20.89
20.348963256925344,20.89
20.350431710481644,20.89
20.35190510004759,20.89
20.353434689342976,20.89
20.35490332171321,20.89
20.35632460191846,20.89
20.357896897941828,20.89
20.359228443354368,20.89
20.360835652798414,20.89
20.362360406666994,20.89
20.36369501426816,20.88
20.365296248346567,20.89
20.366621892899275,20.89
20.368311192840338,20.89
20.36977941542864,20.89
20.371219485998154,20.89
20.37269528955221,20.89
20.37421304360032,20.89
20.37573418021202,20.89
20.377233643084764,20.89
20.378559667617083,20.89
20.38019486516714,20.89
20.381682336330414,20.89
20.383167810738087,20.89
20.384648773819208,20.89
20.38615144044161,20.89
20.387501072138548,20.89
20.3890861608088,20.89
20.390603624284267,20.89
20.392087668180466,20.89
20.393542427569628,20.89
20.395057804882526,20.89
20.396552555263042,20.89
20.397983741015196,20.89
20.39953126758337,20.89
20.400840681046247,20.89
20.402419090270996,20.89
20.404000118374825,20.89
20.40545281395316,20.89
20.406896956264973,20.89
20.40846936777234,20.89
20.409962937235832,20.89
20.411438811570406,20.89
20.412921514362097,20.89
20.414388090372086,20.89
20.41591529175639,20.89
20.417185608297586,20.89
20.418731410056353,20.89
20.420311700552702,20.89
20.42162975296378,20.89
20.423201266676188,20.89
20.42476986721158,20.89
20.426089480519295,20.89
20.42770468443632,20.89
20.42929656431079,20.89
20.430613551288843,20.89
20.432222951203585,20.89
20.43374662846327,20.89
20.435193121433258,20.89
20.436692412942648,20.89
20.438187144696712,20.89
20.43953938037157,20.89
20.441196028143167,20.89
20.442684710025787,20.89
20.443983986973763,20.89
20.4455660097301,20.89
20.44713371247053,20.89
20.44861191511154,20.89
20.450047109276056,20.89
20.451352834701538,20.89
20.45293616503477,20.89
20.454543214291334,20.89
20.45586161315441,20.89
20.457404255867004,20.89
20.458985157310963,20.89
20.460312739014626,20.88
20.461955662816763,20.89
20.463447600603104,20.89
20.464966218918562,20.89
20.466488540172577,20.88
20.467965979129076,20.88
20.469208002090454,20.88
20.470808904618025,20.88
20.472429808229208,20.88
20.473688822239637,20.88
20.475305270403624,20.88
20.476866964250803,20.88
20.478160556405783,20.88
20.47974780574441,20.88
20.481286242604256,20.88
20.482636138796806,20.88
20.484209645539522,20.89
20.485754907131195,20.88
20.487066373229027,20.89
20.48869824036956,20.88
20.490276761353016,20.89
20.491766661405563,20.88
20.493173230439425,20.88
20.49465909227729,20.88
20.49623503163457,20.89
20.497570499777794,20.88
20.499122586101294,20.88
20.500695187598467,20.88
20.50201477110386,20.88
20.50366448238492,20.88
20.504966977983713,20.88
20.50649344548583,20.88
20.508095398545265,20.88
20.509410936385393,20.88
20.510991845279932,20.88
20.512580048292875,20.88
20.513886149972677,20.88
20.51546862348914,20.88
20.51703653857112,20.88
20.518329218029976,20.89
20.520022973418236,20.88
20.52148463204503,20.88
20.522859569638968,20.88
20.524502210319042,20.88
20.525961931794882,20.88
20.527277547866106,20.88
20.528855875134468,20.89
20.53044345602393,20.88
20.531781807541847,20.88
20.533341571688652,20.88
20.534859757870436,20.88
20.53627512231469,20.89
20.537818022072315,20.88
20.539167743176222,20.89
20.540754456073046,20.88
20.5423396974802,20.88
20.543829049915075,20.88
20.545211922377348,20.88
20.546778850257397,20.88
20.548196896910667,20.88
20.549687389284372,20.88
20.551225289702415,20.88
20.55253054201603,20.88
20.554103538393974,20.88
20.555732518434525,20.88
20.55719419941306,20.88
20.55870059132576,20.89
20.56019850075245,20.88
20.561463858932257,20.88
20.563125107437372,20.88
20.564618844538927,20.88
20.565947968512774,20.88
20.567518167197704,20.88
20.56910254061222,20.88
20.570609413087368,20.89
20.572090905159712,20.88
20.573566514998674,20.88
20.574910264462233,20.88
20.576475866138935,20.88
20.578047197312117,20.88
20.579362213611603,20.88
20.58101335167885,20.88
20.582273367792368,20.89
20.583852659910917,20.88
20.5854389667511,20.88
20.586780343204737,20.88
20.58833559975028,20.88
20.589932285249233,20.88
20.59141108766198,20.88
20.59291160851717,20.88
20.594355273991823,20.88
20.595678091049194,20.89
20.597252890467644,20.88
20.598840598016977,20.88
20.60015108436346,20.89
20.601721424609423,20.89
20.603300001472235,20.88
20.60471609607339,20.88
20.606213491410017,20.89
20.607792545109987,20.88
20.60910875350237,20.88
20.610696382820606,20.88
20.612125527113676,20.88
20.613735038787127,20.88
20.61522464826703,20.88
20.616701912134886,20.88
20.61809929087758,20.88
20.619702775031328,20.89
20.62109051272273,20.89
20.622598063200712,20.89
20.62404192611575,20.88
20.625650074332952,20.88
20.627102624624968,20.88
20.62838764861226,20.88
20.62996617332101,20.88
20.631544273346663,20.88
20.6328545473516,20.89
20.634420707821846,20.89
20.636004824191332,20.88
20.63732725009322,20.88
20.638937827199697,20.88
20.640501782298088,20.89
20.641790810972452,20.89
20.643431663513184,20.88
20.644955549389124,20.88
20.64627644792199,20.89
20.647864423692226,20.88
20.64944715425372,20.88
20.65083345398307,20.88
20.652378123253584,20.88
20.653855979442596,20.88
20.655243925750256,20.89
20.656850036233664,20.89
20.658228304237127,20.88
20.659758921712637,20.88
20.66134087741375,20.88
20.662827000021935,20.88
20.664221428334713,20.88
20.665808212012053,20.89
20.66719998791814,20.89
20.66869092732668,20.89
20.67001622542739,20.89
20.671610616147518,20.89
20.673167321830988,20.88
20.674729958176613,20.89
20.67614870518446,20.89
20.677657928317785,20.89
20.67919123917818,20.89
20.680579893290997,20.89
20.68214025720954,20.88
20.68345195800066,20.88
20.685050673782825,20.89
20.68659922108054,20.89
20.688100442290306,20.89
20.689492359757423,20.89
20.69109856337309,20.88
20.692400086671114,20.89
20.69401403144002,20.89
20.695521913468838,20.89
20.697024691849947,20.89
20.698457799851894,20.89
20.699780013412237,20.89
20.70135571062565,20.89
20.702948085963726,20.89
20.704286824911833,20.89
20.705846291035414,20.88
20.707430090755224,20.89
20.708925120532513,20.89
20.71032677590847,20.89
20.71191382780671,20.89
20.71325785294175,20.89
20.71480304375291,20.89
20.71637947112322,20.89
20.71769730374217,20.89
20.71932775899768,20.88
20.720844317227602,20.89
20.722274370491505,20.89
20.723751477897167,20.89
20.72507756575942,20.89
20.726646784693003,20.89
20.728221233934164,20.89
20.72953835129738,20.89
20.7311336286366,20.89
20.73270707577467,20.89
20.734069667756557,20.89
20.735693749040365,20.89
20.73719086498022,20.89
20.738508481532335,20.89
20.740098480135202,20.89
20.74167452380061,20.89
20.743141885846853,20.88
20.744560666382313,20.89
20.74613221362233,20.88
20.747452709823847,20.89
20.749030772596598,20.89
20.750480566173792,20.89
20.75192680209875,20.89
20.753497306257486,20.89
20.75506179779768,20.89
20.756386656314135,20.89
20.757964465767145,20.89
20.75928270444274,20.89
20.76085925474763,20.88
20.76243931800127,20.88
20.763974215835333,20.88
20.765340492129326,20.89
20.76695930212736,20.88
20.76825249940157,20.88
20.769838970154524,20.88
20.771421872079372,20.88
20.772729519754648,20.88
20.774395164102316,20.88
20.775877244770527,20.89
20.777324218302965,20.88
20.778808057308197,20.88
20.780105639249086,20.88
20.781832106411457,20.89
20.783255096524954,20.88
20.78456687927246,20.88
20.786193374544382,20.88
20.787767190486193,20.88
20.78907858207822,20.88
20.79066562652588,20.88
20.792247887700796,20.88
20.793670054525137,20.88
20.795167315751314,20.88
20.79668330401182,20.88
20.79803654924035,20.88
20.79968522116542,20.88
20.801015753298998,20.88
20.802523005753756,20.88
20.804095834493637,20.88
20.80542091652751,20.88
20.806989088654518,20.88
20.808578547090292,20.88
20.809891868382692,20.88
20.81151108071208,20.88
20.81303906440735,20.88
20.814562626183033,20.88
20.815941341221333,20.88
20.81753696873784,20.88
20.818848688155413,20.88
20.820439290255308,20.88
20.821834925562143,20.89
20.82332345098257,20.88
20.82497773692012,20.88
20.826237849891186,20.88
20.82782218977809,20.89
20.829429607838392,20.89
20.83070581406355,20.89
20.832375090569258,20.88
20.833901274949312,20.88
20.835204623639584,20.88
20.836863476783037,20.88
20.8381044305861,20.88
20.839693069458008,20.88
20.841275103390217,20.88
20.84278066456318,20.89
20.844169329851866,20.89
20.845757111907005,20.89
20.847106490284204,20.88
20.848650839179754,20.88
20.850256513804197,20.89
20.8516748175025,20.88
20.853174548596144,20.87
20.85471175983548,20.88
20.856141336262226,20.88
20.857674531638622,20.88
20.85915792360902,20.88
20.860656768083572,20.88
20.86202384531498,20.88
20.863644115626812,20.88
20.86493280529976,20.88
20.866493940353394,20.87
20.868068635463715,20.81
20.86957246810198,20.75
20.870953433215618,20.76
20.872566048055887,20.77
20.874056342989206,20.74
20.87554580718279,20.75
20.87702726572752,20.75
20.87830548733473,20.76
20.879889737814665,20.76
20.88147523626685,20.76
20.882774233818054,20.78
20.884347900748253,20.77
20.885939355939627,20.73
20.887426503002644,20.76
20.888834945857525,20.77
20.89041342586279,20.77
20.891744654625654,20.77
20.89331827685237,20.76
20.8948736153543,20.77
20.896358732134104,20.77
20.89785350486636,20.76
20.89933429285884,20.76
20.900777608156204,20.77
20.90226637199521,20.77
20.903778217732906,20.77
20.90517868846655,20.76
20.906774055212736,20.76
20.90805922821164,20.76
20.90963715687394,20.76
20.91123792529106,20.76
20.91271173581481,20.76
20.914214968681335,20.76
20.915730949491262,20.76
20.917199429124594,20.76
20.918682228773832,20.76
20.920168600976467,20.76
20.92165158689022,20.76
20.92314774170518,20.76
20.924636002629995,20.76
20.92612000182271,20.76
20.92759582400322,20.76
20.92909597977996,20.76
20.930578853935003,20.76
20.93207436800003,20.76
20.933555860072374,20.76
20.935042642056942,20.76
20.93653468415141,20.76
20.938001345843077,20.76
20.939503233879805,20.76
20.9409903511405,20.76
20.942484095692635,20.76
20.943962387740612,20.76
20.945445839315653,20.76
20.946941945701838,20.76
20.948423478752375,20.76
20.94991647824645,20.76
20.9514096416533,20.76
20.952882178127766,20.76
20.95437578484416,20.76
20.955873783677816,20.76
20.95735063776374,20.76
20.95884509757161,20.76
20.9603192768991,20.76
20.961813133209944,20.76
20.96329377219081,20.76
20.96479368209839,20.76
20.966274425387383,20.76
20.967770725488663,20.76
20.96924651041627,20.76
20.970743119716644,20.76
20.972231831401587,20.76
20.97371495887637,20.76
20.97519850358367,20.76
20.976681888103485,20.76
20.978177707642317,20.76
20.979664646089077,20.76
20.981152053922415,20.76
20.982631642371416,20.76
20.98411962017417,20.76
20.985616847872734,20.76
20.9870972558856,20.76
20.988593719899654,20.76
20.990075021982193,20.76
20.991577595472336,20.76
20.99306347221136,20.77
20.994527902454138,20.77
20.996030524373055,20.76
20.997507996857166,20.76
20.998991828411818,20.76
21.000493697822094,20.76
21.001979548484087,20.76
21.003461178392172,20.76
21.004953920841217,20.76
21.00643540546298,20.76
21.007915500551462,20.76
21.009406197816133,20.76
21.010908037424088,20.76
21.012387424707413,20.76
21.01386607810855,20.76
21.01535978168249,20.76
21.016865093261003,20.76
21.018341545015574,20.76
21.019833736121655,20.76
21.02131876349449,20.76
21.02279555052519,20.76
21.024285912513733,20.76
21.025775756686926,20.76
21.02726911753416,20.76
21.028739899396896,20.76
21.030227702111006,20.76
21.031718011945486,20.76
21.033211264759302,20.76
21.034696955233812,20.76
21.036190275102854,20.76
21.037681747227907,20.76
21.03916820883751,20.76
21.040654215961695,20.76
21.042147032916546,20.76
21.043613255023956,20.76
21.04510210826993,20.76
21.046593211591244,20.76
21.048085153102875,20.76
21.049565993249416,20.76
21.051079105585814,20.76
21.052547298371792,20.76
21.054041657596827,20.76
21.055521231144667,20.76
21.057023651897907,20.76
21.058495867997408,20.76
21.05998256802559,20.76
21.061490919440985,20.76
21.062963392585516,20.76
21.06444162130356,20.76
21.0659408159554,20.76
21.067424945533276,20.76
21.068918872624636,20.76
21.070400644093752,20.76
21.07187930122018,20.76
21.073374208062887,20.76
21.074854604899883,20.76
21.076355788856745,20.76
21.077831517904997,20.76
21.0793318413198,20.76
21.080808326601982,20.76
21.08229161426425,20.76
21.083779342472553,20.76
21.08527545258403,20.76
21.08675105497241,20.76
21.088248513638973,20.76
21.089733477681875,20.76
21.091217946261168,20.76
21.092712566256523,20.76
21.09419897198677,20.76
21.095682084560394,20.76
21.097204886376858,20.76
21.098665669560432,20.76
21.10014321282506,20.76
21.101643078029156,20.76
21.10312581434846,20.76
21.104610357433558,20.76
21.106081064790487,20.76
21.10758501663804,20.77
21.109082397073507,20.77
21.110548801720142,20.77
21.11204954981804,20.77
21.11353352293372,20.77
21.115021910518408,20.77
21.116512890905142,20.77
21.118013318628073,20.77
21.119488399475813,20.77
21.120974622666836,20.77
21.122458402067423,20.77
21.123945202678442,20.77
21.12543750181794,20.77
21.126921378076077,20.76
21.128418818116188,20.77
21.129906442016363,20.77
21.13137661665678,20.77
21.132873184978962,20.77
21.134368270635605,20.77
21.135847985744476,20.77
21.13733944669366,20.77
21.13882689923048,20.77
21.140315879136324,20.77
21.141801062971354,20.77
21.143279924988747,20.76
21.14477899298072,20.77
21.146259658038616,20.77
21.147742498666048,20.77
21.1492305919528,20.77
21.150731060653925,20.77
21.152214482426643,20.77
21.153689313679934,20.77
21.155178528279066,20.77
21.15668073669076,20.77
21.158152908086777,20.77
21.159650705754757,20.77
21.161135386675596,20.77
21.162617586553097,20.77
21.164109226316214,20.77
21.165602702647448,20.77
21.167077999562025,20.77
21.16857150569558,20.77
21.170066826045513,20.77
21.17154848948121,20.77
21.17304226383567,20.77
21.17451322823763,20.77
21.1760000474751,20.77
21.17749299108982,20.77
21.178997438400984,20.77
21.18046773970127,20.77
21.181962236762047,20.77
21.183448787778616,20.77
21.18493516370654,20.77
21.186425872147083,20.77
21.18790151923895,20.77
21.189383078366518,20.77
21.19089040160179,20.78
21.192368019372225,20.78
21.19385915994644,20.78
21.1953443326056,20.78
21.196823805570602,20.78
21.19832356646657,20.78
21.19979864731431,20.78
21.201287243515253,20.78
21.202786665409803,20.78
21.204261366277933,20.78
21.205747198313475,20.78
21.207246761769056,20.78
21.208721604198217,20.78
21.21020819246769,20.78
21.211695697158575,20.78
21.21318819001317,20.78
21.214680273085833,20.78
21.2161653265357,20.78
21.21765112876892,20.78
21.219144888222218,20.78
21.220624327659607,20.78
21.22211753576994,20.78
21.223608285188675,20.78
21.225086014717817,20.78
21.226568415760994,20.78
21.2280763797462,20.78
21.229561042040586,20.78
21.23104488104582,20.78
21.2325186021626,20.79
21.23400893062353,20.79
21.235507912933826,20.79
21.236979514360428,20.78
21.238467268645763,20.77
21.239956956356764,20.77
21.241454176604748,20.77
21.242932822555304,20.77
21.24443055689335,20.77
21.24590903148055,20.76
21.247402392327785,20.76
21.248882800340652,20.76
21.250388365238905,20.77
21.25186449289322,20.77
21.25335230305791,20.77
21.254835542291403,20.76
21.25632769986987,20.76
21.257804442197084,20.76
21.259304650127888,20.76
21.260783288627863,20.76
21.262275144457817,20.77
21.263764392584562,20.76
21.265252072364092,20.76
21.266728181391954,20.76
21.268224019557238,20.76
21.269696604460478,20.77
21.271196205168962,20.76
21.2726823836565,20.76
21.274169489741325,20.76
21.275661062449217,20.76
21.27714217826724,20.76
21.278636913746595,20.76
21.280125211924314,20.76
21.28161695227027,20.76
21.283103495836258,20.76
21.28459295630455,20.75
21.286059226840734,20.76
21.287558190524578,20.76
21.289040680974722,20.75
21.29054006189108,20.75
21.292028449475765,20.76
21.293503433465958,20.76
21.295010790228844,20.76
21.296494092792273,20.76
21.297971840947866,20.76
21.2994547188282,20.76
21.300952825695276,20.77
21.302437372505665,20.77
21.3039182536304,20.77
21.30540442839265,20.77
21.30688874796033,20.77
21.308370772749186,20.77
21.30987263098359,20.77
21.31135206669569,20.77
21.312839034944773,20.77
21.314330384135246,20.77
21.315829169005156,20.77
21.317313861101866,20.77
21.318788096308708,20.77
21.320281971246004,20.77
21.3217803388834,20.77
21.323260713368654,20.77
21.324750762432814,20.77
21.326229836791754,20.77
21.327720765024424,20.77
21.329208306968212,20.77
21.33069870248437,20.77
21.332184705883265,20.76
21.33367485180497,20.77
21.3351628780365,20.77
21.336649883538485,20.77
21.33814037591219,20.77
21.339624114334583,20.77
21.34111102670431,20.77
21.342596285045147,20.77
21.344078235328197,20.77
21.345562398433685,20.78
21.347058665007353,20.78
21.3485436886549,20.79
21.350034538656473,20.8
21.351517748087645,20.8
21.353011555969715,20.8
21.354488249868155,20.79
21.3559727370739,20.78
21.357466895133257,20.78
21.358962196856737,20.78
21.360458236187696,20.78
21.361927419900894,20.78
21.363414399325848,20.78
21.364911530166864,20.78
21.366400115191936,20.78
21.36787484958768,20.78
21.369365341961384,20.77
21.370870765298605,20.76
21.37234538793564,20.76
21.373820673674345,20.76
21.375316556543112,20.76
21.376801904290915,20.76
21.37828442081809,20.76
21.379774000495672,20.76
21.381276208907366,20.76
21.382762271910906,20.76
21.384234733879566,20.76
21.385730355978012,20.76
21.387216970324516,20.76
21.388707231730223,20.76
21.39020425453782,20.76
21.391674976795912,20.76
21.393181588500738,20.76
21.394647251814604,20.76
21.39614813029766,20.76
21.3976263217628,20.76
21.399121697992086,20.76
21.400590036064386,20.76
21.40208127349615,20.76
21.403577260673046,20.76
21.405065342783928,20.76
21.406555090099573,20.76
21.40804859623313,20.76
21.409528758376837,20.76
21.411024887114763,20.76
21.412502449005842,20.76
21.414002925157547,20.76
21.415477477014065,20.76
21.416965756565332,20.76
21.418448012322187,20.76
21.419936545193195,20.76
21.421436060220003,20.75
21.42291584983468,20.76
21.424406986683607,20.75
21.42590668052435,20.76
21.427382439374924,20.76
21.42887358367443,20.76
21.430357955396175,20.75
21.431850366294384,20.75
21.43332826346159,20.75
21.43481833860278,20.76
21.436301294714212,20.75
21.43779719993472,20.75
21.43929037451744,20.76
21.44076455757022,20.75
21.442258596420288,20.75
21.443735223263502,20.75
21.445219311863184,20.76
21.446719374507666,20.76
21.448197703808546,20.75
21.449685975909233,20.75
21.451181691139936,20.75
21.452664013952017,20.75
21.454156041145325,20.75
21.455641452223063,20.75
21.45712424069643,20.75
21.458620127290487,20.75
21.460107147693634,20.75
21.461595341563225,20.76
21.463083181530237,20.76
21.46457516029477,20.76
21.466064650565386,20.75
21.467534940689802,20.76
21.46902621164918,20.76
21.470534153282642,20.76
21.471989255398512,20.76
21.473494101315737,20.76
21.47498108074069,20.76
21.4764597825706,20.76
21.47794473543763,20.76
21.479441098868847,20.76
21.480933152139187,20.76
21.482432775199413,20.76
21.483906012028456,20.76
21.485396400094032,20.76
21.48688380792737,20.76
21.488366976380348,20.76
21.489859387278557,20.76
21.491359997540712,20.76
21.492830280214548,20.76
21.4943228662014,20.76
21.495797131210566,20.76
21.497295144945383,20.76
21.498782239854336,20.76
21.500257190316916,20.76
21.501759957522154,20.76
21.50324220582843,20.76
21.504743188619614,20.76
21.50621087104082,20.76
21.507706928998232,20.76
21.50919483229518,20.76
21.510672494769096,20.76
21.512163665145636,20.76
21.513669703155756,20.76
21.515141371637583,20.76
21.516631722450256,20.76
21.51811856403947,20.76
21.51959503442049,20.76
21.521091051399708,20.76
21.52257088944316,20.76
21.5240694321692,20.76
21.525557696819305,20.77
21.527063481509686,20.76
21.528520818799734,20.76
21.530023105442524,20.76
21.531490564346313,20.76
21.532990761101246,20.76
21.534469097852707,20.76
21.535968232899904,20.76
21.537454903125763,20.76
21.538949701935053,20.76
21.540427532047033,20.76
21.54191543534398,20.76
21.543407797813416,20.76
21.544881355017424,20.76
21.54637559130788,20.76
21.547853969037533,20.76
21.54934822022915,20.76
21.550833489745855,20.76
21.552334900945425,20.76
21.55380130931735,20.76
21.55529808625579,20.76
21.556784883141518,20.76
21.558278806507587,20.75
21.559754073619843,20.76
21.56125158444047,20.76
21.562746055424213,20.77
21.564226269721985,20.77
21.56570713594556,20.77
21.567212011665106,20.77
21.568685587495565,20.77
21.570179991424084,20.77
21.571656230837107,20.77
21.573145154863596,20.77
21.57463961094618,20.77
21.576119352132082,20.77
21.57760862633586,20.77
21.579093538224697,20.77
21.580598436295986,20.77
21.582076236605644,20.77
21.583560053259134,20.77
21.585062935948372,20.77
21.586534429341555,20.77
21.58802942931652,20.77
21.589502055197954,20.77
21.590995714068413,20.77
21.59249345585704,20.77
21.593979485332966,20.77
21.595471918582916,20.77
21.59695666283369,20.77
21.598446279764175,20.77
21.599933478981256,20.77
21.601412001997232,20.77
21.602900709956884,20.76
21.604391772300005,20.76
21.605888724327087,20.77
21.607367794960737,20.77
21.60886023938656,20.77
21.61034182086587,20.77
21.611823741346598,20.77
21.613315846771002,20.77
21.614800333976746,20.77
21.61628907546401,20.77
21.61777687817812,20.77
21.619266357272863,20.77
21.620746478438377,20.77
21.62224490940571,20.77
21.62373399361968,20.77
21.62520780414343,20.77
21.6266922429204,20.77
21.628180980682373,20.78
21.62966864556074,20.77
21.63116916641593,20.78
21.632646095007658,20.78
21.63414264842868,20.78
21.63562048226595,20.78
21.637105360627174,20.78
21.638599708676338,20.78
21.640079371631145,20.78
21.641568940132856,20.78
21.643068179488182,20.78
21.644548550248146,20.78
21.646043691784143,20.78
21.647529870271683,20.78
21.649010941386223,20.78
21.65048860386014,20.78
21.65198453515768,20.77
21.65348082780838,20.77
21.654958061873913,20.78
21.656449239701033,20.78
21.65793415531516,20.78
21.65941607952118,20.77
21.660915229469538,20.78
21.662393763661385,20.78
21.663883827626705,20.78
21.66537967696786,20.78
21.66686701029539,20.78
21.66835106909275,20.78
21.669832315295935,20.78
21.671320509165525,20.78
21.672809306532145,20.78
21.674291592091322,20.78
21.675795700401068,20.78
21.677273713052273,20.78
21.678760930895805,20.78
21.68024529144168,20.78
21.68174298107624,20.78
21.68321644514799,20.78
21.684703093022108,20.78
21.686200581490993,20.78
21.68768335878849,20.77
21.68917651474476,20.77
21.690676495432854,20.77
21.692151304334402,20.77
21.693630628287792,20.77
21.695127457380295,20.78
21.696617029607296,20.77
21.698106728494167,20.78
21.699587251991034,20.78
21.701079793274403,20.78
21.70255922526121,20.78
21.704042688012123,20.77
21.70553556084633,20.77
21.707023661583662,20.78
21.708514876663685,20.78
21.709992066025734,20.78
21.711490616202354,20.78
21.712963417172432,20.78
21.714467868208885,20.78
21.715954922139645,20.78
21.71743891760707,20.78
21.71893037855625,20.78
21.72040433436632,20.78
21.72189175710082,20.78
21.723395094275475,20.78
21.72487474232912,20.78
21.726360589265823,20.77
21.72784063592553,20.77
21.72934226319194,20.77
21.730827771127224,20.77
21.73231415823102,20.78
21.733795948326588,20.78
21.735283102840185,20.78
21.73676734045148,20.78
21.73826404288411,20.78
21.739742450416088,20.78
21.741234704852104,20.78
21.742723032832146,20.78
21.744207743555307,20.78
21.745697010308504,20.77
21.747189342975616,20.78
21.748675543814898,20.78
21.750164087861776,20.78
21.751647371798754,20.77
21.75313414633274,20.77
21.754621256142855,20.78
21.756109077483416,20.78
21.757598843425512,20.78
21.759087834507227,20.78
21.760569293051958,20.78
21.76205812394619,20.78
21.763558518141508,20.78
21.765032216906548,20.78
21.766526136547327,20.78
21.76800513267517,20.78
21.769492134451866,20.78
21.77097922936082,20.78
21.77248004451394,20.78
21.77396784722805,20.78
21.77545763552189,20.78
21.776927523314953,20.78
21.7784358933568,20.78
21.779918856918812,20.77
21.78138391673565,20.77
21.78289670497179,20.78
21.784377738833427,20.78
21.785854548215866,20.78
21.787354439496994,20.78
21.788833867758512,20.77
21.790321927517653,20.77
21.79181792214513,20.78
21.793289814144373,20.78
21.794790726155043,20.77
21.796275600790977,20.77
21.79776256531477,20.77
21.79924914240837,20.77
21.800727728754282,20.77
21.802220057696104,20.77
21.80370941758156,20.78
21.80518974736333,20.77
21.80668791383505,20.77
21.808176081627607,20.77
21.809655219316483,20.77
21.811151396483183,20.77
21.81262807548046,20.77
21.81412109360099,20.77
21.815603863447905,20.77
21.817102666944265,20.77
21.818588081747293,20.77
21.820082638412714,20.77
21.82156178355217,20.77
21.823041696101427,20.77
21.82453240081668,20.78
21.826025802642107,20.78
21.82750715315342,20.77
21.829003259539604,20.77
21.83048737794161,20.77
21.831965275108814,20.77
21.83346562087536,20.78
21.834943935275078,20.77
21.836429722607136,20.77
21.837926272302866,20.77
21.839402448385954,20.78
21.84090456366539,20.78
21.842382602393627,20.77
21.84387446194887,20.77
21.84537050500512,20.78
21.846845474094152,20.77
21.84832827374339,20.77
21.849830958992243,20.77
21.85131250321865,20.78
21.852786649018526,20.78
21.854293309152126,20.77
21.855776958167553,20.78
21.857266325503588,20.77
21.858750350773335,20.77
21.860241740942,20.78
21.861725460737944,20.77
21.863205779343843,20.77
21.864714171737432,20.78
21.86617873609066,20.78
21.86767228320241,20.77
21.869158998131752,20.77
21.870650324970484,20.77
21.872142929583788,20.77
21.87362750992179,20.77
21.875115282833576,20.78
21.8765901774168,20.77
21.87810578942299,20.77
21.879566803574562,20.77
21.881052639335394,20.77
21.88253816589713,20.78
21.884034156799316,20.77
21.885522231459618,20.77
21.88701631873846,20.77
21.88849427551031,20.77
21.88999242708087,20.77
21.891472976654768,20.77
21.892961524426937,20.77
21.894446674734354,20.78
21.895934600383043,20.78
21.897428516298532,20.78
21.898902237415314,20.78
21.900396414101124,20.77
21.90189040079713,20.78
21.90336049348116,20.78
21.90487013757229,20.78
21.90634223073721,20.78
21.90783293917775,20.77
21.909318279474974,20.78
21.910811096429825,20.78
21.91230345517397,20.78
21.913779746741056,20.77
21.915268059819937,20.77
21.916750520467758,20.78
21.918235145509243,20.78
21.9197362549603,20.77
21.921230290085077,20.77
21.922712583094835,20.77
21.924192283302546,20.78
21.92570098489523,20.78
21.927177101373672,20.78
21.92866289243102,20.78
21.930144608020782,20.77
21.931642599403858,20.78
21.93311919271946,20.78
21.934611722826958,20.78
21.936093796044588,20.78
21.937578212469816,20.78
21.93907806277275,20.78
21.940572150051594,20.78
21.942052990198135,20.78
21.943531576544046,20.78
21.94502381980419,20.78
21.94651798531413,20.78
21.947999473661184,20.78
21.949486881494522,20.78
21.950972136110067,20.78
21.95245599001646,20.78
21.953944984823465,20.78
21.95542549341917,20.78
21.956914722919464,20.78
21.958403073251247,20.78
21.959902945905924,20.78
21.961378011852503,20.78
21.962879464030266,20.78
21.964371595531702,20.78
21.965851847082376,20.78
21.967335030436516,20.78
21.96882665902376,20.78
21.970304906368256,20.78
21.971799820661545,20.78
21.97328196838498,20.78
21.97476753219962,20.78
21.976260613650084,20.78
21.97775123640895,20.78
21.979234382510185,20.77
21.980713076889515,20.77
21.98220470920205,20.78
21.983687572181225,20.78
21.985181711614132,20.78
21.986677423119545,20.78
21.988150261342525,20.78
21.989636681973934,20.78
21.991123508661985,20.78
21.99262572824955,20.78
21.99411253258586,20.78
21.995600901544094,20.78
21.99709204956889,20.78
21.998570565134287,20.78
22.00006027147174,20.77
22.001546066254377,20.77
22.003035206347704,20.77
22.00452410429716,20.78
22.00600815191865,20.78
22.007491044700146,20.78
22.008989341557026,20.78
22.010473866015673,20.77
22.011952217668295,20.78
22.01344822347164,20.78
22.01493640244007,20.78
22.016425378620625,20.77
22.01791537925601,20.78
22.019394885748625,20.78
22.020893555134535,20.77
22.02237530425191,20.78
22.023858908563852,20.77
22.02535105124116,20.78
22.026846043765545,20.78
22.02833365276456,20.78
22.029806699603796,20.78
22.031297639012337,20.77
22.032781943678856,20.77
22.034274976700544,20.78
22.03576124832034,20.78
22.0372420437634,20.78
22.038738191127777,20.77
22.04020880907774,20.77
22.041703570634127,20.78
22.04319593310356,20.78
22.044678423553705,20.78
22.046167097985744,20.78
22.047665435820818,20.77
22.04915728420019,20.78
22.05064034834504,20.78
22.052115332335234,20.78
22.0536052249372,20.78
22.055102471262217,20.78
22.056577138602734,20.78
22.058072492480278,20.78
22.05956146493554,20.77
22.06105826422572,20.78
22.06253070756793,20.77
22.064022291451693,20.77
22.06550784409046,20.78
22.067004449665546,20.78
22.0684914290905,20.77
22.069984406232834,20.77
22.071462713181973,20.77
22.072955578565598,20.77
22.074442200362682,20.77
22.075907237827778,20.77
22.077420216053724,20.77
22.078900258988142,20.77
22.080392602831125,20.77
22.081881571561098,20.77
22.083352964371443,20.77
22.084847185760736,20.77
22.086341053247452,20.77
22.08783908933401,20.77
22.089307095855474,20.77
22.09081168845296,20.77
22.0922921448946,20.77
22.093772534281015,20.77
22.095266550779343,20.77
22.09674211591482,20.77
22.09824814274907,20.77
22.09972932934761,20.77
22.101211059838533,20.77
22.102702248841524,20.77
22.104196798056364,20.78
22.10567667335272,20.77
22.107166595757008,20.77
22.10865570232272,20.78
22.110139075666666,20.78
22.111625038087368,20.78
22.113113578408957,20.78
22.11460144817829,20.78
22.11609046906233,20.78
22.11757016927004,20.78
22.119057063013315,20.78
22.1205521710217,20.78
22.122027166187763,20.78
22.123523719608784,20.78
22.125008184462786,20.78
22.12649267911911,20.78
22.12798649445176,20.78
22.129478983581066,20.78
22.130958262830973,20.78
22.132440220564604,20.78
22.13394157961011,20.78
22.135424338281155,20.78
22.136906746774912,20.78
22.138404857367277,20.78
22.139881320297718,20.78
22.141365107148886,20.78
22.14285473898053,20.78
22.14435726776719,20.78
22.14583693444729,20.78
22.147312566637993,20.78
22.14880721271038,20.78
22.150297675281763,20.78
22.15177559480071,20.78
22.153274420648813,20.78
22.154756110161543,20.78
22.156239800155163,20.78
22.157720789313316,20.78
22.15922139212489,20.78
22.160705786198378,20.78
22.162188537418842,20.78
22.163683578372,20.78
22.16517775505781,20.78
22.16665994748473,20.78
22.168137036263943,20.78
22.169644720852375,20.78
22.17112770676613,20.78
22.172603271901608,20.78
22.174098558723927,20.78
22.175580859184265,20.78
22.177069190889597,20.78
22.17855565622449,20.78
22.180049818009138,20.78
22.181537356227636,20.78
22.18302806466818,20.78
22.184515345841646,20.78
22.185997303575277,20.78
22.187485069036484,20.78
22.188972357660532,20.78
22.190464574843645,20.78
22.191943433135748,20.78
22.19344449788332,20.78
22.194918904453516,20.78
22.196400947868824,20.78
22.19788884371519,20.78
22.199381060898304,20.78
22.20087192952633,20.78
22.202347192913294,20.78
22.203857075423002,20.78
22.205333027988672,20.78
22.206832818686962,20.78
22.208312090486288,20.78
22.20979292318225,20.78
22.211280435323715,20.78
22.212774198502302,20.78
22.21425772085786,20.78
22.21574182063341,20.78
22.217241521924734,20.78
22.218719381839037,20.78
22.22020349279046,20.78
22.221695598214865,20.78
22.223186008632183,20.78
22.224670618772507,20.78
22.22616731747985,20.78
22.227648071944714,20.78
22.229137126356363,20.78
22.230622850358486,20.78
22.232105016708374,20.78
22.233606573194265,20.78
22.235088869929314,20.78
22.23657599464059,20.78
22.238051258027554,20.78
22.239546790719032,20.78
22.241024263203144,20.78
22.242516238242388,20.78
22.244013223797083,20.78
22.245486814528704,20.78
22.24699003994465,20.78
22.248475678265095,20.78
22.24997442960739,20.78
22.251446664333344,20.78
22.252925533801317,20.77
22.254423562437296,20.78
22.255919184535742,20.78
22.25739163905382,20.78
22.258875090628862,20.78
22.260373163968325,20.78
22.26186154782772,20.78
22.263351745903492,20.78
22.264835637062788,20.78
22.266321282833815,20.78
22.26779869198799,20.78
22.269292932003736,20.78
22.270783569663763,20.77
22.27227198705077,20.78
22.273767434060574,20.78
22.27525081858039,20.78
22.27673251926899,20.78
22.278229359537363,20.77
22.279711086302996,20.77
22.281193606555462,20.78
22.28267478942871,20.78
22.284174118191004,20.78
22.2856598906219,20.78
22.28714780136943,20.78
22.28863200545311,20.78
22.290119368582964,20.78
22.291635259985924,20.78
22.29309520125389,20.78
22.2945803925395,20.78
22.29606480523944,20.77
22.297556057572365,20.77
22.299047075212002,20.78
22.300532966852188,20.77
22.30201956629753,20.77
22.303503297269344,20.78
22.30498681589961,20.78
22.306485071778297,20.77
22.307963851839304,20.78
22.30945425480604,20.78
22.310940228402615,20.78
22.312441270798445,20.78
22.313930865377188,20.77
22.315409928560257,20.77
22.316895503550768,20.77
22.31839057058096,20.77
22.319878339767456,20.77
22.321372635662556,20.77
22.322855584323406,20.77
22.324348159134388,20.77
22.325824607163668,20.76
22.327310163527727,20.76
22.328800830990076,20.76
22.330276310443878,20.76
22.33177302405238,20.76
22.333257637917995,20.76
22.334748711436987,20.75
22.336239222437143,20.75
22.337723940610886,20.74
22.339209660887718,20.75
22.34069726243615,20.75
22.342186383903027,20.75
22.343668203800917,20.75
22.34515516459942,20.75
22.34665610268712,20.75
22.34813142567873,20.75
22.349618587642908,20.74
22.351098239421844,20.75
22.35259761288762,20.75
22.354089718312025,20.75
22.355562310665846,20.74
22.357050195336342,20.75
22.35853923484683,20.75
22.360033217817545,20.75
22.361513547599316,20.75
22.36300441995263,20.75
22.36450558900833,20.75
22.365989945828915,20.75
22.367462281137705,20.75
22.368959717452526,20.75
22.370447237044573,20.75
22.371925726532936,20.75
22.37342144548893,20.76
22.374910939484835,20.76
22.37639321759343,20.75
22.37787153944373,20.75
22.379358246922493,20.75
22.3808518871665,20.75
22.382344026118517,20.75
22.38384323194623,20.75
22.38532453775406,20.76
22.386800460517406,20.76
22.38829581812024,20.76
22.389792792499065,20.75
22.391277585178614,20.75
22.392750844359398,20.75
22.394260954111814,20.76
22.39572846889496,20.75
22.397215865552425,20.75
22.398710995912552,20.76
22.400200575590134,20.76
22.401691872626543,20.75
22.40316078066826,20.75
22.404661428183317,20.76
22.40614115819335,20.76
22.40763545408845,20.76
22.409112595021725,20.75
22.410598199814558,20.75
22.41209503263235,20.76
22.41357457637787,20.76
22.41506753489375,20.75
22.416562531143427,20.76
22.418038439005613,20.76
22.419521294534206,20.76
22.42101250961423,20.76
22.422516483813524,20.76
22.423988949507475,20.76
22.425494626164436,20.76
22.426968093961477,20.75
22.428449276834726,20.76
22.429949197918177,20.76
22.431435901671648,20.76
22.43291860818863,20.76
22.43439471721649,20.76
22.43591309338808,20.76
22.43738443776965,20.76
22.438865944743156,20.76
22.440353605896235,20.76
22.441838692873716,20.76
22.443341191858053,20.75
22.44481110945344,20.76
22.446307603269815,20.76
22.447807379066944,20.76
22.449282992631197,20.76
22.450762197375298,20.76
22.45226902142167,20.76
22.45374634489417,20.76
22.45523127168417,20.76
22.45668949559331,20.76
22.458200458437204,20.76
22.459467094391584,20.76
22.46116318926215,20.76
22.46262013167143,20.76
22.463991474360228,20.76
22.46558089926839,20.76
22.467139959335327,20.76
22.468568790704012,20.76
22.47002260759473,20.76
22.471534214913845,20.76
22.473096515983343,20.76
22.474477041512728,20.76
22.476057056337595,20.76
22.477554190903902,20.76
22.4790314771235,20.76
22.480477198958397,20.76
22.48201236128807,20.76
22.483350947499275,20.76
22.484976641833782,20.76
22.486470103263855,20.76
22.48790329694748,20.76
22.489460237324238,20.76
22.490932375192642,20.76
22.49242838472128,20.76
22.49372972920537,20.76
22.49538528174162,20.76
22.49670033529401,20.76
22.498366933315992,20.75
22.4996500313282,20.75
22.501331966370344,20.76
22.502843592315912,20.76
22.504091143608093,20.76
22.505805905908346,20.75
22.50724406912923,20.75
22.508699718862772,20.75
22.51028235256672,20.76
22.511688798666,20.76
22.51324949786067,20.76
22.51464842259884,20.76
22.516145575791597,20.76
22.517514690756798,20.76
22.519187856465578,20.76
22.52066619321704,20.76
22.522063724696636,20.76
22.523658607155085,20.76
22.52501780539751,20.76
22.52662981301546,20.76
22.52812149748206,20.76
22.529595240950584,20.77
22.531109374016523,20.77
22.532476492226124,20.77
22.533979389816523,20.78
22.53555988520384,20.79
22.537046033889055,20.79
22.538534197956324,20.79
22.540020160377026,20.79
22.541491072624922,20.78
22.542989552021027,20.78
22.544482689350843,20.79
22.54575887322426,20.79
22.547429639846087,20.79
22.548936687409878,20.78
22.550400458276272,20.78
22.551916990429163,20.78
22.55336445942521,20.79
22.554895110428333,20.79
22.556406512856483,20.78
22.557805985212326,20.78
22.5592853538692,20.78
22.560843151062727,20.79
22.562326584011316,20.79
22.5637279599905,20.78
22.56528327986598,20.79
22.56668983027339,20.79
22.56816651672125,20.78
22.56976541876793,20.78
22.571228113025427,20.78
22.57269575446844,20.78
22.574233129620552,20.78
22.57560794427991,20.78
22.57719273120165,20.79
22.57858268916607,20.78
22.580108623951674,20.78
22.581684410572052,20.79
22.583167403936386,20.78
22.584639575332403,20.79
22.58594524860382,20.78
22.58761778473854,20.78
22.589110989123583,20.78
22.5905832760036,20.78
22.5920629799366,20.78
22.593561001121998,20.79
22.595032442361116,20.79
22.596500627696514,20.78
22.597991686314344,20.78
22.59952573478222,20.78
22.600794315338135,20.78
22.60249186307192,20.78
22.603987265378237,20.79
22.605405267328024,20.78
22.60695120692253,20.78
22.60843861103058,20.78
22.609932113438845,20.79
22.611390128731728,20.78
22.612892746925354,20.79
22.614290978759527,20.79
22.61574710533023,20.79
22.617356687784195,20.78
22.61881633847952,20.78
22.620326310396194,20.78
22.6217947229743,20.78
22.623201984912157,20.78
22.624819189310074,20.78
22.62617890909314,20.78
22.627673212438822,20.79
22.62927545234561,20.79
22.630643229931593,20.79
22.632153302431107,20.78
22.63372703641653,20.79
22.635202180594206,20.78
22.63669378310442,20.78
22.638191234320402,20.78
22.63967641070485,20.78
22.641162984073162,20.78
22.642554353922606,20.78
22.644145153462887,20.79
22.645627617836,20.79
22.64711618050933,20.78
22.64860336109996,20.78
22.650027189403772,20.78
22.651577942073345,20.78
22.65297991782427,20.78
22.654550559818745,20.78
22.656031351536512,20.78
22.65745236352086,20.78
22.658919651061296,20.78
22.66046892851591,20.79
22.661999691277742,20.79
22.663380786776543,20.79
22.664845306426287,20.79
22.666447646915913,20.79
22.667796477675438,20.78
22.669277485460043,20.79
22.67091529816389,20.79
22.67226242274046,20.79
22.67381512746215,20.78
22.675376404076815,20.79
22.676859077066183,20.78
22.67826333269477,20.78
22.6798416338861,20.78
22.68113002181053,20.78
22.682817351073027,20.79
22.684296045452356,20.79
22.685765702277422,20.78
22.687269013375044,20.78
22.68874166533351,20.78
22.69020403549075,20.78
22.69169331714511,20.78
22.69322780147195,20.79
22.6946610994637,20.79
22.696129854768515,20.78
22.69762446731329,20.78
22.699182275682688,20.78
22.700655441731215,20.78
22.702150590717793,20.79
22.703636404126883,20.79
22.705122638493776,20.78
22.706500355154276,20.78
22.707983877509832,20.78
22.709550589323044,20.78
22.7110803052783,20.78
22.712570294737816,20.79
22.714051235467196,20.79
22.71549340337515,20.78
22.716873090714216,20.78
22.718519810587168,20.78
22.719833929091692,20.78
22.721500497311354,20.78
22.722983669489622,20.78
22.724464774131775,20.78
22.725952353328466,20.78
22.72743844613433,20.79
22.728934235870838,20.79
22.73026066273451,20.78
22.731902234256268,20.78
22.733203139156103,20.78
22.734844136983156,20.78
22.73631451651454,20.78
22.737830732017756,20.79
22.73928003758192,20.79
22.740767125040293,20.79
22.742250494658947,20.78
22.743724416941404,20.78
22.745211716741323,20.78
22.746781554073095,20.78
22.748235650360584,20.78
22.749648183584213,20.79
22.751211188733578,20.78
22.752722416073084,20.79
22.754228621721268,20.78
22.755640897899866,20.78
22.75719739124179,20.78
22.758671883493662,20.78
22.760156493633986,20.78
22.76165460422635,20.78
22.763071961700916,20.78
22.764636259526014,20.78
22.766022097319365,20.78
22.76760381832719,20.78
22.768967647105455,20.78
22.77056421712041,20.78
22.772067826241255,20.78
22.773357287049294,20.78
22.775035373866558,20.78
22.776524901390076,20.78
22.77780008688569,20.78
22.77948810532689,20.78
22.780960518866777,20.78
22.78228498250246,20.78
22.783951491117477,20.78
22.785400081425905,20.78
22.7868936881423,20.78
22.788426619023085,20.78
22.789683885872364,20.78
22.791340615600348,20.78
22.792800460010767,20.78
22.79428143054247,20.78
22.795846667140722,20.78
22.797242246568203,20.78
22.798849869519472,20.78
22.800272583961487,20.78
22.80171299725771,20.78
22.80330851301551,20.78
22.80477824807167,20.78
22.80626219511032,20.78
22.807777013629675,20.78
22.80909476056695,20.78
22.810736674815416,20.78
22.81222128868103,20.78
22.81354645267129,20.78
22.815189611166716,20.78
22.81667998805642,20.78
22.818025413900614,20.78
22.81965059041977,20.78
22.82113154605031,20.78
22.822496958076954,20.78
22.824114713817835,20.78
22.82559996843338,20.78
22.827043812721968,20.78
22.828572887927294,20.78
22.82984645664692,20.78
22.831540636718273,20.78
22.832997985184193,20.78
22.83438951149583,20.78
22.836027901619673,20.78
22.837427008897066,20.77
22.83895582333207,20.78
22.840399090200663,20.78
22.841874703764915,20.78
22.843465700745583,20.77
22.8448715955019,20.78
22.846435360610485,20.78
22.847921572625637,20.78
22.849285006523132,20.78
22.85088636353612,20.77
22.852396193891764,20.78
22.853860780596733,20.78
22.855376794934273,20.78
22.856845565140247,20.78
22.858329758048058,20.78
22.859654173254967,20.78
22.86131027713418,20.78
22.862804416567087,20.78
22.864103250205517,20.77
22.865769296884537,20.78
22.86724929139018,20.78
22.868750721216202,20.78
22.870211083441973,20.78
22.871689584106207,20.78
22.873197101056576,20.78
22.87450174987316,20.78
22.876196336001158,20.78
22.87764960899949,20.78
22.879102244973183,20.78
22.880618307739496,20.78
22.882072292268276,20.78
22.883625771850348,20.78
22.88510101288557,20.78
22.886585019528866,20.78
22.888064317405224,20.78
22.889571722596884,20.78
22.891056787222624,20.77
22.892436921596527,20.77
22.894039805978537,20.78
22.895454227924347,20.78
22.896886322647333,20.77
22.89849913865328,20.77
22.8997339643538,20.78
22.901465740054846,20.78
22.902977004647255,20.78
22.904376056045294,20.78
22.905931528657675,20.78
22.907431926578283,20.78
22.908825013786554,20.78
22.910396490246058,20.78
22.911700502038002,20.78
22.913366358727217,20.78
22.91483611986041,20.78
22.91614156961441,20.78
22.917833551764488,20.78
22.919318288564682,20.78
22.92080970108509,20.78
22.92225005850196,20.78
22.923550125211477,20.78
22.925214134156704,20.78
22.926773995161057,20.78
22.928225677460432,20.78
22.929729096591473,20.78
22.93122462555766,20.78
22.932706367224455,20.78
22.934104319661856,20.78
22.935698874294758,20.78
22.937178928405046,20.78
22.938540760427713,20.78
22.94014746695757,20.78
22.941591318696737,20.78
22.943051662296057,20.78
22.944599982351065,20.78
22.94610534235835,20.78
22.94742914289236,20.78
22.94906211644411,20.78
22.950567729771137,20.78
22.95198940113187,20.78
22.95337199419737,20.78
22.955024417489767,20.78
22.956502806395292,20.78
22.957992613315582,20.78
22.95946605876088,20.78
22.96082967147231,20.78
22.96245012804866,20.78
22.963915776461363,20.78
22.965433329343796,20.78
22.96692168712616,20.78
22.968358285725117,20.78
22.96989306434989,20.78
22.971370484679937,20.78
22.972865592688322,20.78
22.974366273730993,20.78
22.975839748978615,20.78
22.9773032926023,20.78
22.97882228344679,20.78
22.980234161019325,20.78
22.981726448982954,20.78
22.983247756958008,20.78
22.98477378860116,20.78
22.986138489097357,20.78
22.987740568816662,20.78
22.989237315952778,20.78
22.990705028176308,20.78
22.992210883647203,20.78
22.993642915040255,20.78
22.995182037353516,20.78
22.996672440320253,20.78
22.997995547950268,20.78
22.99957885220647,20.78
23.00114806368947,20.78
23.002434995025396,20.78
23.00410360470414,20.78
23.005414359271526,20.78
23.0068749897182,20.78
23.008554574102163,20.78
23.009856171905994,20.78
23.011534858494997,20.78
23.012988172471523,20.78
23.014294505119324,20.78
23.01597359403968,20.79
23.01744030788541,20.79
23.01898904144764,20.78
23.020466193556786,20.78
23.021964099258184,20.78
23.02336275205016,20.78
23.024870667606592,20.78
23.026421014219522,20.78
23.027800247073174,20.78
23.02931160107255,20.78
23.030853796750307,20.78
23.03225025907159,20.78
23.033853121101856,20.78
23.035333145409822,20.78
23.036794375628233,20.78
23.03832772746682,20.79
23.039693020284176,20.78
23.041226353496313,20.78
23.042782988399267,20.78
23.044232737272978,20.78
23.045745477080345,20.78
23.04723772406578,20.78
23.04873951897025,20.78
23.050206787884235,20.79
23.051703698933125,20.79
23.05317832529545,20.78
23.05467749387026,20.79
23.05614150315523,20.78
23.05762393772602,20.78
23.059153743088245,20.79
23.060617610812187,20.79
23.062128074467182,20.78
23.063528046011925,20.78
23.065092854201794,20.78
23.06652043759823,20.78
23.067970242351294,20.79
23.069547943770885,20.79
23.071023039519787,20.78
23.07248082011938,20.78
23.07394902408123,20.78
23.075484361499548,20.78
23.07698530703783,20.78
23.078397560864687,20.78
23.079930797219276,20.78
23.08146584406495,20.78
23.08285543322563,20.78
23.084427166730165,20.78
23.085911981761456,20.78
23.087404500693083,20.79
23.088902045041323,20.78
23.0902217105031,20.78
23.09177865087986,20.78
23.09336105361581,20.78
23.09466364979744,20.78
23.096135426312685,20.78
23.09780825674534,20.78
23.099295366555452,20.78
23.100595373660326,20.78
23.102248072624207,20.78
23.103759348392487,20.78
23.1050614528358,20.78
23.106734458357096,20.78
23.10815315693617,20.78
23.109712228178978,20.78
23.111143980175257,20.78
23.112617261707783,20.78
23.114192459732294,20.78
23.115655604749918,20.78
23.117107629776,20.78
23.11859591677785,20.78
23.120131459087133,20.78
23.1216215826571,20.77
23.123100247234106,20.77
23.12459072843194,20.77
23.125970046967268,20.76
23.1275592520833,20.77
23.129045519977808,20.77
23.130483973771334,20.77
23.13192704692483,20.77
23.133391615003347,20.77
23.13500891253352,20.77
23.13650117814541,20.77
23.137817822396755,20.77
23.139468226581812,20.77
23.14094863831997,20.77
23.142431139945984,20.77
23.143931973725557,20.77
23.14540957659483,20.77
23.146896857768297,20.78
23.148390982300043,20.78
23.149873916059732,20.77
23.15135034918785,20.77
23.15283639729023,20.77
23.154340371489525,20.77
23.155826687812805,20.77
23.157301977276802,20.77
23.158795721828938,20.77
23.16029416769743,20.77
23.161748491227627,20.76
23.163265600800514,20.76
23.164747890084982,20.76
23.16624290123582,20.76
23.167726166546345,20.76
23.16900397092104,20.76
23.17068974673748,20.76
23.172189958393574,20.76
23.173692874610424,20.76
23.175172120332718,20.76
23.176559932529926,20.76
23.178124215453863,20.76
23.17962870001793,20.76
23.181060951203108,20.76
23.18259797990322,20.76
23.184098828583956,20.76
23.18548956885934,20.76
23.187059935182333,20.76
23.188541639596224,20.76
23.190039336681366,20.76
23.191508751362562,20.76
23.192997992038727,20.76
23.194493278861046,20.76
23.195900958031416,20.76
23.19747832790017,20.76
23.198930341750383,20.76
23.20044508576393,20.76
23.201741013675928,20.76
23.2032409645617,20.76
23.204911060631275,20.76
23.20620735362172,20.76
23.20786778256297,20.76
23.20932910963893,20.76
23.21083714440465,20.75
23.212360844016075,20.76
23.213828448206186,20.76
23.215283080935478,20.75
23.2168107368052,20.75
23.21821439266205,20.75
23.219772525131702,20.75
23.221269730478525,20.75
23.222759749740362,20.75
23.224252849817276,20.75
23.225740417838097,20.75
23.227221447974443,20.75
23.228720542043447,20.75
23.230197835713625,20.76
23.231685925275087,20.76
23.233177345246077,20.76
23.234665017575026,20.76
23.236151158809662,20.76
23.23763146996498,20.76
23.239103086292744,20.76
23.240609049797058,20.76
23.242094796150923,20.76
23.243547320365906,20.76
23.24502708762884,20.76
23.246542170643806,20.76
23.24801927804947,20.76
23.249503381550312,20.76
23.251023061573505,20.76
23.252505384385586,20.76
23.25398813188076,20.76
23.25548130646348,20.76
23.256959669291973,20.76
23.25845919176936,20.76
23.259957134723663,20.76
23.261428132653236,20.76
23.262882441282272,20.76
23.264415606856346,20.76
23.26586687937379,20.77
23.267348643392324,20.77
23.268878649920225,20.77
23.27024568244815,20.77
23.271793752908707,20.77
23.273337777704,20.77
23.27481458708644,20.77
23.276313081383705,20.76
23.277699649333954,20.78
23.279271502047777,20.78
23.280767526477575,20.78
23.282248374074697,20.78
23.283748287707567,20.77
23.285031758248806,20.76
23.286716405302286,20.77
23.28800192475319,20.77
23.28965102508664,20.77
23.291175574064255,20.77
23.29264982417226,20.77
23.294097881764174,20.77
23.29561708495021,20.77
23.29706996679306,20.77
23.298621833324432,20.77
23.300061244517565,20.76
23.30160217732191,20.77
23.30308810248971,20.77
23.304484356194735,20.77
23.30606137216091,20.76
23.307532712817192,20.77
23.309036415070295,20.76
23.310428269207478,20.76
23.311876833438873,20.77
23.313496205955744,20.76
23.31498385965824,20.76
23.316328305751085,20.76
23.31796383857727,20.76
23.319438230246305,20.76
23.320865742862225,20.77
23.32242327183485,20.77
23.323898997157812,20.76
23.325398556888103,20.76
23.326879393309355,20.76
23.328357383608818,20.76
23.329847995191813,20.76
23.331341691315174,20.77
23.332820661365986,20.77
23.33419991657138,20.77
23.335765808820724,20.76
23.33728637546301,20.76
23.338550861924887,20.76
23.340278070420027,20.76
23.34175807237625,20.76
23.343244049698114,20.76
23.344740089029074,20.77
23.34622198715806,20.77
23.34770630672574,20.77
23.34913456067443,20.77
23.350689485669136,20.77
23.352140206843615,20.77
23.35364643856883,20.76
23.355057828128338,20.76
23.356632467359304,20.77
23.35811609774828,20.76
23.35960043594241,20.76
23.361074157059193,20.76
23.362584557384253,20.76
23.36406696587801,20.76
23.36543968692422,20.76
23.36703672632575,20.76
23.36839270591736,20.76
23.370017897337675,20.76
23.37150774523616,20.76
23.37298858910799,20.76
23.37447051331401,20.76
23.375965375453234,20.75
23.377450309693813,20.75
23.378928743302822,20.75
23.380415603518486,20.75
23.381925016641617,20.75
23.38339703530073,20.75
23.384879875928164,20.75
23.38636415079236,20.75
23.387831684201956,20.75
23.389353714883327,20.75
23.390831027179956,20.74
23.392313487827778,20.74
23.393821243196726,20.75
23.395301941782236,20.75
23.39678370580077,20.75
23.398297037929296,20.75
23.39976254478097,20.75
23.401261132210493,20.75
23.402742639183998,20.75
23.40424906462431,20.75
23.405701033771038,20.76
23.40721784159541,20.75
23.408685628324747,20.75
23.410183273255825,20.75
23.411576107144356,20.75
23.41314985975623,20.75
23.41462117061019,20.75
23.41613671183586,20.74
23.417617455124855,20.74
23.41910019889474,20.75
23.420597583055496,20.74
23.422081485390663,20.74
23.423569578677416,20.74
23.425059217959642,20.75
23.42650383338332,20.74
23.427862148731947,20.74
23.429435539990664,20.74
23.43101341277361,20.74
23.432484343647957,20.75
23.433960888534784,20.75
23.435411859303713,20.75
23.436950407922268,20.75
23.438444163650274,20.75
23.43992305919528,20.75
23.441363099962473,20.75
23.442847445607185,20.75
23.44433495029807,20.75
23.44584507867694,20.75
23.447271827608347,20.75
23.448757220059633,20.75
23.450263787060976,20.75
23.451776027679443,20.75
23.453263763338327,20.75
23.45471554249525,20.75
23.45615155622363,20.75
23.45778477564454,20.75
23.459292475134134,20.76
23.460617132484913,20.76
23.46215656027198,20.75
23.46357659623027,20.75
23.465216998010874,20.75
23.466515574604273,20.75
23.46818318963051,20.75
23.46948828175664,20.75
23.471151534467936,20.75
23.47245729714632,20.75
23.474104803055525,20.75
23.47547821328044,20.75
23.47711779177189,20.76
23.478390224277973,20.76
23.48008641973138,20.75
23.481555055826902,20.75
23.483040314167738,20.75
23.484551940113306,20.75
23.486043505370617,20.75
23.487526185810566,20.75
23.489013135433197,20.75
23.490405909717083,20.75
23.49197532609105,20.75
23.493485514074564,20.75
23.49497913569212,20.75
23.496376149356365,20.76
23.497854057699442,20.75
23.499342303723097,20.75
23.50084287300706,20.75
23.502282921224833,20.75
23.50386655703187,20.75
23.505279127508402,20.75
23.506830416619778,20.75
23.508359745144844,20.75
23.509845193475485,20.75
23.511333137750626,20.75
23.512617271393538,20.75
23.514110919088125,20.75
23.515790846198797,20.75
23.517281122505665,20.75
23.518611066043377,20.75
23.520250640809536,20.75
23.521584410220385,20.75
23.523206189274788,20.76
23.524526730179787,20.75
23.526202742010355,20.75
23.52768661826849,20.76
23.52912013977766,20.76
23.53043681010604,20.76
23.53209136798978,20.76
23.533637326210737,20.76
23.53512191027403,20.76
23.536515954881907,20.76
23.53807010501623,20.76
23.539522975683212,20.76
23.54104233533144,20.76
23.54257081821561,20.76
23.543958712369204,20.76
23.545505076646805,20.76
23.547015864402056,20.76
23.548369374126196,20.76
23.549937557429075,20.75
23.551482122391462,20.76
23.552983812987804,20.76
23.554382514208555,20.76
23.555942431092262,20.76
23.55743957683444,20.76
23.558757796883583,20.76
23.560418389737606,20.76
23.561898604035378,20.76
23.563258297741413,20.76
23.564877323806286,20.76
23.566353727132082,20.76
23.567622050642967,20.76
23.569303143769503,20.76
23.570619642734528,20.75
23.57225649431348,20.75
23.57381998375058,20.76
23.575240075588226,20.75
23.57678686082363,20.75
23.57817928865552,20.76
23.579741150140762,20.76
23.581243339926004,20.76
23.582632206380367,20.76
23.584191668778658,20.76
23.585617385804653,20.76
23.58707780018449,20.76
23.58868071064353,20.75
23.590031649917364,20.75
23.591624580323696,20.76
23.59301555901766,20.76
23.594581693410873,20.76
23.59599342569709,20.76
23.59760418906808,20.76
23.59897229447961,20.76
23.600540671497583,20.76
23.602072447538376,20.76
23.60354658961296,20.76
23.60504161193967,20.76
23.60638527199626,20.76
23.607916727662086,20.75
23.609473545104265,20.75
23.61077192425728,20.76
23.612287785857916,20.76
23.613957196474075,20.76
23.615392208099365,20.76
23.61670546978712,20.75
23.618251409381628,20.76
23.619905184954405,20.76
23.621415205299854,20.76
23.622842490673065,20.76
23.6243831589818,20.76
23.625837698578835,20.76
23.627351842820644,20.76
23.628837287425995,20.76
23.630327962338924,20.76
23.631807830184698,20.75
23.63330401852727,20.75
23.634774927049875,20.76
23.63626565039158,20.76
23.637733209878206,20.76
23.63924089446664,20.76
23.6406235024333,20.76
23.64218495413661,20.76
23.64363032951951,20.76
23.64522336423397,20.76
23.646546229720116,20.76
23.648177850991488,20.75
23.649667248129845,20.75
23.651140552014112,20.76
23.652612399309874,20.76
23.65396511927247,20.76
23.655597023665905,20.76
23.657041057944298,20.76
23.658386379480362,20.76
23.660073649138212,20.76
23.661537490785122,20.76
23.662966590374708,20.76
23.664481207728386,20.76
23.666036058217287,20.76
23.667463526129723,20.76
23.6690138541162,20.76
23.670497957617044,20.76
23.67188047245145,20.76
23.67344754189253,20.76
23.674955066293478,20.76
23.676354739814997,20.76
23.67789587751031,20.76
23.67928935587406,20.77
23.680900771170855,20.77
23.682260926812887,20.76
23.683809641748667,20.78
23.685367599129677,20.79
23.686734154820442,20.79
23.688257217407227,20.78
23.689839743077755,20.78
23.6913297586143,20.79
23.692816127091646,20.78
23.6941146440804,20.78
23.69573599845171,20.78
23.697265598922968,20.78
23.698756087571383,20.78
23.70005802437663,20.78
23.701531376689672,20.78
23.70322372764349,20.78
23.704688359051943,20.78
23.70615040138364,20.78
23.707469034940004,20.78
23.70911183208227,20.78
23.71043384820223,20.78
23.712146643549204,20.78
23.71354368329048,20.78
23.71511274948716,20.78
23.716609951108694,20.78
23.71804242953658,20.78
23.719478629529476,20.78
23.72108657285571,20.78
23.722468364983797,20.78
23.724011436104774,20.78
23.72540220618248,20.78
23.72678578272462,20.78
23.728353269398212,20.78
23.72989757731557,20.78
23.73141737282276,20.78
23.732815425843,20.78
23.734375592321157,20.78
23.735948603600264,20.78
23.737255331128836,20.78
23.7388909868896,20.78
23.74023187533021,20.78
23.74188843742013,20.78
23.743221156299114,20.78
23.74486992135644,20.78
23.746181573718786,20.78
23.747811373323202,20.78
23.74912864714861,20.78
23.750818606466055,20.78
23.752093341201544,20.78
23.753551419824362,20.78
23.75529134273529,20.78
23.75662339478731,20.78
23.758259408175945,20.78
23.759753461927176,20.78
23.76123584061861,20.78
23.762631449848413,20.78
23.764155637472868,20.78
23.765475619584322,20.78
23.76718470081687,20.78
23.76868376135826,20.78
23.769938245415688,20.78
23.771646700799465,20.78
23.773097589612007,20.78
23.774552937597036,20.78
23.776120774447918,20.78
23.77751386538148,20.78
23.77900166809559,20.78
23.780571158975363,20.78
23.781919490545988,20.78
23.78345485776663,20.78
23.784860502928495,20.78
23.78644908964634,20.78
23.78785891830921,20.78
23.789464198052883,20.78
23.790980953723192,20.78
23.79228714108467,20.78
23.793927025049925,20.78
23.795285474509,20.78
23.796889800578356,20.78
23.79818670079112,20.78
23.799789536744356,20.78
23.80127114057541,20.78
23.80289114639163,20.78
23.804370805621147,20.78
23.805778585374355,20.78
23.807330299168825,20.78
23.808835569769144,20.78
23.810242924839258,20.78
23.811695523560047,20.78
23.813300136476755,20.78
23.814783852547407,20.78
23.816150795668364,20.78
23.817714367061853,20.78
23.819026987999678,20.78
23.82059981673956,20.78
23.82220707833767,20.78
23.823495402932167,20.78
23.824981782585382,20.78
23.826561223715544,20.78
23.828162007033825,20.78
23.829652778804302,20.78
23.830986738204956,20.78
23.832624014467,20.78
23.833926003426313,20.78
23.835555210709572,20.78
23.836921077221632,20.78
23.8385899849236,20.78
23.839967858046293,20.78
23.841514840722084,20.78
23.84281024336815,20.78
23.844540268182755,20.78
23.84580137580633,20.78
23.847470235079527,20.78
23.84901900961995,20.78
23.850432686507702,20.78
23.8519590459764,20.78
23.853453125804663,20.78
23.854866571724415,20.78
23.85637290775776,20.78
23.85791863873601,20.78
23.859365787357092,20.78
23.860887851566076,20.78
23.86226660013199,20.78
23.863819103688,20.78
23.865209605544806,20.78
23.86671184003353,20.78
23.868258975446224,20.78
23.869831077754498,20.78
23.8713036775589,20.78
23.872790854424238,20.78
23.87411880865693,20.78
23.87569896876812,20.78
23.87726379930973,20.78
23.878554224967957,20.78
23.88023167103529,20.78
23.881617847830057,20.78
23.88321354985237,20.78
23.884483132511377,20.78
23.886186826974154,20.78
23.887628607451916,20.78
23.888927094638348,20.78
23.890650425106287,20.78
23.892098490148783,20.78
23.893373254686594,20.78
23.89512673020363,20.78
23.896602492779493,20.78
23.898002449423075,20.78
23.899570524692535,20.78
23.900966931134462,20.78
23.902538053691387,20.78
23.903956085443497,20.78
23.905484933406115,20.78
23.907012213021517,20.78
23.908381208777428,20.78
23.909961353987455,20.78
23.911332074552774,20.78
23.912902049720287,20.78
23.91424485296011,20.78
23.91577996686101,20.78
23.91737788543105,20.78
23.918895598500967,20.78
23.920241497457027,20.78
23.92188349738717,20.79
23.92338078841567,20.78
23.92480106651783,20.78
23.926337469369173,20.78
23.927835159003735,20.79
23.929139006882906,20.78
23.93078124523163,20.78
23.932069543749094,20.78
23.93374413624406,20.78
23.9350649677217,20.78
23.936703763902187,20.78
23.938235346227884,20.78
23.93969788774848,20.78
23.94100057706237,20.78
23.942633394151926,20.78
23.944096330553293,20.78
23.94556701183319,20.78
23.947153341025114,20.78
23.948662783950567,20.78
23.950046055018902,20.78
23.951609928160906,20.78
23.95300715789199,20.78
23.95457561686635,20.78
23.95595720410347,20.78
23.957553654909134,20.78
23.958947479724884,20.78
23.96049391105771,20.78
23.96189195290208,20.78
23.963501401245594,20.78
23.96493347361684,20.78
23.966438177973032,20.78
23.967841994017363,20.78
23.96948442235589,20.78
23.970802202820778,20.78
23.972459141165018,20.78
23.973761435598135,20.78
23.975428692996502,20.78
23.976708851754665,20.78
23.978420563042164,20.78
23.979858964681625,20.78
23.981378246098757,20.78
23.982881918549538,20.78
23.98432081192732,20.78
23.985822219401598,20.78
23.987270269542933,20.78
23.988808128982782,20.78
23.990174300968647,20.78
23.991821460425854,20.78
23.993270181119442,20.78
23.994760368019342,20.78
23.996147077530622,20.78
23.99773519486189,20.78
23.99911516159773,20.78
24.00072494149208,20.78
24.002077255398035,20.78
24.003633599728346,20.78
24.00505681335926,20.78
24.006676580756903,20.78
24.00816786289215,20.78
24.009635478258133,20.78
24.010961316525936,20.78
24.012475218623877,20.78
24.014117054641247,20.78
24.01540455594659,20.78
24.017077807337046,20.78
24.01849838346243,20.78
24.019961949437857,20.78
24.02134171128273,20.78
24.023045908659697,20.78
24.02433604374528,20.78
24.025966726243496,20.78
24.027519147843122,20.78
24.0288230702281,20.78
24.03048140183091,20.78
24.03188832476735,20.78
24.03345789387822,20.78
24.034856610000134,20.78
24.036409433931112,20.78
24.03790955990553,20.78
24.039356663823128,20.78
24.040867015719414,20.78
24.04226514324546,20.78
24.04382199048996,20.78
24.045220717787743,20.78
24.046790827065706,20.78
24.048330415040255,20.78
24.049676302820444,20.78
24.05127138644457,20.78
24.05263213813305,20.78
24.054195407778025,20.78
24.055756136775017,20.78
24.0570757240057,20.78
24.05863545462489,20.78
24.06021398678422,20.78
24.061723802238703,20.78
24.063205745071173,20.78
24.06450268998742,20.78
24.065994288772345,20.78
24.067653119564056,20.78
24.06892730668187,20.78
24.07063938677311,20.78
24.07193512842059,20.78
24.073550794273615,20.78
24.075112372636795,20.78
24.076526775956154,20.78
24.07807917147875,20.78
24.079566594213247,20.78
24.08104896172881,20.78
24.082544453442097,20.78
24.08394880965352,20.79
24.085501089692116,20.79
24.086929228156805,20.78
24.088454846292734,20.79
24.08993460610509,20.78
24.091329503804445,20.78
24.092949215322733,20.78
24.09445246309042,20.78
24.095929473638535,20.78
24.097425375133753,20.78
24.09888806194067,20.78
24.10030510649085,20.79
24.10185107216239,20.78
24.103390488773584,20.78
24.104854375123978,20.78
24.10632973909378,20.78
24.10779805481434,20.79
24.109314505010843,20.79
24.11080241203308,20.78
24.112289361655712,20.79
24.113755598664284,20.79
24.11521604284644,20.79
24.116752553731203,20.78
24.118202563375235,20.78
24.119492050260305,20.78
24.12122032418847,20.78
24.122713539749384,20.78
24.12414013594389,20.79
24.12566864863038,20.78
24.12715132161975,20.78
24.12866348773241,20.78
24.130117166787386,20.78
24.131625786423683,20.78
24.13300085067749,20.78
24.13456752151251,20.78
24.13606394454837,20.78
24.137596432119608,20.78
24.13895396515727,20.78
24.14042904227972,20.79
24.14197063818574,20.78
24.143465753644705,20.79
24.14488809555769,20.78
24.14650859311223,20.78
24.14794871583581,20.79
24.149395044893026,20.79
24.150982167571783,20.78
24.15227859467268,20.78
24.15394017100334,20.79
24.155425559729338,20.78
24.156867932528257,20.78
24.158381804823875,20.78
24.159888174384832,20.78
24.16137320175767,20.78
24.162628013640642,20.78
24.164351496845484,20.78
24.16559738665819,20.78
24.167324107140303,20.78
24.168765034526587,20.78
24.170138083398342,20.78
24.171784479171038,20.78
24.173279277980328,20.78
24.174674674868584,20.78
24.176251754164696,20.78
24.17764051258564,20.78
24.17922730371356,20.79
24.18064208328724,20.78
24.18217985332012,20.78
24.18368423357606,20.78
24.18515480682254,20.78
24.186614476144314,20.78
24.188082799315453,20.78
24.18948245421052,20.78
24.191136594861746,20.78
24.19248480722308,20.78
24.19401926547289,20.78
24.19561018794775,20.78
24.197083838284016,20.78
24.198492996394634,20.79
24.200055718421936,20.78
24.20141177996993,20.78
24.20303152874112,20.78
24.204518515616655,20.78
24.205974277108908,20.78
24.20729210227728,20.78
24.20893131196499,20.78
24.21022402867675,20.78
24.211886636912823,20.78
24.213230073451996,20.78
24.21485798060894,20.78
24.21642054989934,20.78
24.217882454395294,20.78
24.219406116753817,20.78
24.220847219228745,20.79
24.222372606396675,20.79
24.223740592598915,20.78
24.225320626050234,20.79
24.226736202836037,20.79
24.228324584662914,20.78
24.229763854295015,20.78
24.23123685643077,20.78
24.232637360692024,20.79
24.234192099422216,20.79
24.23577620834112,20.78
24.23720581457019,20.79
24.238612361252308,20.78
24.240217249840498,20.78
24.241709552705288,20.78
24.243191439658403,20.79
24.244480293244123,20.79
24.246173560619354,20.78
24.247440684586763,20.78
24.249144610017538,20.79
24.250607203692198,20.78
24.251997742801905,20.78
24.253569550812244,20.79
24.25495144352317,20.79
24.256543774157763,20.78
24.257958754897118,20.79
24.25955718755722,20.79
24.2610541023314,20.79
24.262446254491806,20.79
24.2640060223639,20.79
24.265506509691477,20.78
24.266924031078815,20.78
24.268477842211723,20.78
24.269966926425695,20.78
24.271418508142233,20.79
24.27282252535224,20.78
24.27438811957836,20.78
24.27588392049074,20.78
24.2773990444839,20.78
24.278747215867043,20.78
24.280308380723,20.78
24.28170993179083,20.78
24.283351186662912,20.79
24.284665197134018,20.79
24.286333978176117,20.79
24.28780947625637,20.79
24.289228215813637,20.79
24.290792644023895,20.79
24.292080130428076,20.79
24.293772485107183,20.78
24.295244358479977,20.79
24.296747874468565,20.78
24.298234712332487,20.78
24.299718022346497,20.78
24.301193207502365,20.78
24.302635081112385,20.78
24.304117370396852,20.78
24.305669505149126,20.79
24.307172007858753,20.78
24.308642394840717,20.78
24.31007019802928,20.78
24.31160780414939,20.78
24.31290176510811,20.79
24.314586594700813,20.79
24.316039495170116,20.79
24.31755943596363,20.79
24.319007240235806,20.79
24.320437651127577,20.78
24.321978393942118,20.79
24.323400303721428,20.78
24.324937116354704,20.79
24.326490852981806,20.78
24.32781720533967,20.78
24.329389568418264,20.78
24.33081566914916,20.78
24.332394678145647,20.78
24.333768758922815,20.78
24.335312735289335,20.78
24.336707796901464,20.78
24.33821177855134,20.78
24.33968223258853,20.78
24.34137086197734,20.78
24.342817071825266,20.78
24.34417052567005,20.79
24.34580110386014,20.78
24.347239907830954,20.78
24.34874116256833,20.78
24.350300278514624,20.78
24.351574070751667,20.78
24.35319947823882,20.78
24.354666531085968,20.78
24.356240324676037,20.78
24.357627976685762,20.78
24.359234910458326,20.78
24.360628742724657,20.78
24.362164344638586,20.78
24.36368077620864,20.78
24.3650887273252,20.78
24.366602808237076,20.78
24.368137124925852,20.78
24.369604282081127,20.78
24.371116429567337,20.78
24.37246862053871,20.78
24.374058689922094,20.78
24.375588431954384,20.78
24.376965254545212,20.78
24.378479182720184,20.78
24.380012590438128,20.78
24.3813349455595,20.78
24.383023854345083,20.78
24.38442125543952,20.78
24.385777786374092,20.78
24.387481100857258,20.78
24.38874476030469,20.78
24.3904391489923,20.78
24.391738072037697,20.78
24.393302708864212,20.78
24.394759111106396,20.78
24.39641273394227,20.78
24.397828098386526,20.78
24.399380557239056,20.78
24.400861855596304,20.78
24.402166567742825,20.78
24.403831243515015,20.78
24.405317906290293,20.78
24.40681317448616,20.78
24.408304639160633,20.78
24.409693263471127,20.78
24.41128710284829,20.78
24.412523973733187,20.78
24.41420716419816,20.78
24.415714874863625,20.78
24.417072117328644,20.79
24.418687038123608,20.79
24.420040402561426,20.78
24.421648863703012,20.78
24.42303664982319,20.78
24.42458375915885,20.78
24.426077898591757,20.78
24.42758848145604,20.78
24.428927704691887,20.78
24.430617082864046,20.78
24.43209934607148,20.78
24.433384526520967,20.79
24.435053519904613,20.79
24.43633956834674,20.78
24.43803619593382,20.78
24.43947336450219,20.78
24.44095664471388,20.79
24.44246131554246,20.79
24.44395549222827,20.79
24.44533919915557,20.78
24.446897223591805,20.78
24.448461059480906,20.78
24.449860736727715,20.78
24.451445881277323,20.79
24.452927015721798,20.79
24.4543050006032,20.78
24.455895964056253,20.78
24.457168642431498,20.79
24.458825428038836,20.79
24.46030718460679,20.79
24.46170314401388,20.78
24.463268127292395,20.77
24.464705854654312,20.79
24.46630935743451,20.81
24.467653702944517,20.78
24.469220362603664,20.77
24.470781944692135,20.79
24.47223449498415,20.79
24.4737551510334,20.78
24.47507093474269,20.78
24.476711094379425,20.78
24.478089954704046,20.78
24.47970612719655,20.78
24.481182549148798,20.78
24.482639141380787,20.77
24.484095010906458,20.77
24.485637333244085,20.77
24.487093832343817,20.76
24.488556426018476,20.77
24.490113232284784,20.77
24.491604574024677,20.76
24.493056681007147,20.77
24.494538564234972,20.76
24.49600851535797,20.76
24.497537560760975,20.76
24.498998250812292,20.76
24.500493712723255,20.76
24.502019744366407,20.76
24.50338551774621,20.76
24.504991799592972,20.76
24.50646575167775,20.76
24.507877562195063,20.76
24.50939292088151,20.76
24.510801520198584,20.76
24.51235030591488,20.76
24.513763815164566,20.76
24.51531682908535,20.76
24.516872074455023,20.76
24.518291004002094,20.76
24.519772700965405,20.76
24.521182864904404,20.76
24.522729009389877,20.76
24.52431197091937,20.76
24.525601360946894,20.76
24.52726186439395,20.76
24.5287847481668,20.76
24.530208431184292,20.75
24.531708348542452,20.76
24.533215027302504,20.76
24.53467571362853,20.76
24.536220088601112,20.76
24.537707321345806,20.75
24.539204973727465,20.75
24.540686946362257,20.75
24.542127653956413,20.75
24.543659333139658,20.75
24.54515915364027,20.75
24.546462442725897,20.75
24.548131365329027,20.75
24.549518909305334,20.75
24.551061760634184,20.75
24.55248947069049,20.75
24.554076582193375,20.75
24.555480629205704,20.75
24.557003766298294,20.75
24.558381602168083,20.75
24.55997770652175,20.75
24.561343416571617,20.75
24.562991075217724,20.76
24.56447606906295,20.76
24.565988454967737,20.75
24.56744995340705,20.76
24.568922188133,20.76
24.570327449589968,20.76
24.57189590483904,20.76
24.57336287945509,20.76
24.574707970023155,20.76
24.57638145983219,20.75
24.577875904738903,20.75
24.579366855323315,20.75
24.580863442271948,20.75
24.5822695158422,20.75
24.583591263741255,20.75
24.585238359868526,20.75
24.586676862090826,20.75
24.588214404881,20.75
24.58968910202384,20.75
24.591017670929432,20.75
24.592597749084234,20.75
24.594183426350355,20.75
24.595650389790535,20.75
24.597178872674704,20.75
24.59869009256363,20.75
24.599980384111404,20.75
24.601683273911476,20.75
24.60316428169608,20.75
24.60442814603448,20.75
24.60601207986474,20.75
24.607578206807375,20.76
24.609054416418076,20.75
24.610515505075455,20.75
24.612068098038435,20.74
24.613566882908344,20.74
24.614952847361565,20.74
24.616443153470755,20.74
24.618002854287624,20.75
24.619414921849966,20.77
24.620896503329277,20.77
24.62248757854104,20.78
24.623967621475458,20.79
24.625483512878418,20.79
24.626917246729136,20.79
24.628447141498327,20.79
24.629850264638662,20.78
24.631431449204683,20.78
24.632864207029343,20.79
24.634332083165646,20.79
24.635842017829418,20.79
24.63734696805477,20.77
24.638863682746887,20.78
24.64015642181039,20.78
24.641734573990107,20.78
24.64332703128457,20.77
24.64477078989148,20.77
24.64613066613674,20.78
24.647639766335487,20.77
24.649139150977135,20.77
24.6507796831429,20.77
24.652259837836027,20.77
24.65374592319131,20.77
24.655227977782488,20.77
24.656712777912617,20.77
24.658203922212124,20.77
24.65968879684806,20.77
24.66116776689887,20.77
24.662672888487577,20.77
24.664145812392235,20.77
24.665643714368343,20.77
24.667127199470997,20.77
24.668603774160147,20.77
24.670083809643984,20.77
24.67156470939517,20.77
24.67304554209113,20.77
24.674566622823477,20.77
24.676008567214012,20.77
24.677514478564262,20.77
24.67903285101056,20.77
24.680492836982012,20.77
24.682000890374184,20.77
24.6834872700274,20.77
24.684969373047352,20.77
24.686350524425507,20.77
24.68794134259224,20.77
24.689436238259077,20.77
24.690813943743706,20.77
24.692308489233255,20.77
24.693795051425695,20.77
24.69525984302163,20.77
24.69678408652544,20.77
24.698371976614,20.77
24.699862215667963,20.77
24.701342824846506,20.77
24.70283880457282,20.77
24.70430723950267,20.77
24.705790109932423,20.77
24.707300424575806,20.77
24.708699584007263,20.77
24.710258677601814,20.77
24.711669765412807,20.77
24.713224720209837,20.77
24.714728370308876,20.77
24.716216191649437,20.77
24.71763200312853,20.77
24.718953654170036,20.77
24.720605734735727,20.77
24.72210282459855,20.77
24.723416473716497,20.77
24.724992245435715,20.77
24.726578876376152,20.77
24.728064876049757,20.77
24.72946660593152,20.77
24.73109156265855,20.77
24.732582099735737,20.77
24.734031423926353,20.77
24.735490512102842,20.77
24.736983101814985,20.77
24.738525740802288,20.77
24.740018647164106,20.77
24.741496741771698,20.77
24.743002027273178,20.77
24.74448336660862,20.77
24.745971608906984,20.77
24.747447162866592,20.77
24.748942408710718,20.77
24.75043299794197,20.77
24.751928504556417,20.77
24.753404956310987,20.77
24.754896745085716,20.77
24.75636227428913,20.77
24.75786115974188,20.77
24.75935000181198,20.77
24.760786674916744,20.77
24.76228728145361,20.77
24.763730842620134,20.77
24.76530770584941,20.77
24.766588266938925,20.77
24.768158081918955,20.77
24.76977227628231,20.77
24.771084617823362,20.77
24.772665314376354,20.77
24.774233110249043,20.77
24.77564273774624,20.77
24.777163058519363,20.77
24.778493639081717,20.77
24.780062835663557,20.77
24.781644847244024,20.77
24.783028338104486,20.77
24.784522388130426,20.77
24.786105763167143,20.77
24.787407729774714,20.77
24.789018023759127,20.77
24.790568858385086,20.77
24.79187434911728,20.77
24.79345817118883,20.77
24.795035421848297,20.77
24.796428509056568,20.77
24.797958575189114,20.77
24.79928534477949,20.77
24.80085699632764,20.77
24.802455324679613,20.77
24.80377732217312,20.77
24.80537588149309,20.77
24.806925289332867,20.77
24.808431144803762,20.77
24.809831578284502,20.77
24.811414510011673,20.77
24.81273165345192,20.77
24.814311370253563,20.77
24.815886422991753,20.77
24.817185532301664,20.77
24.818760734051466,20.77
24.820342611521482,20.77
24.82166125252843,20.76
24.82326875254512,20.77
24.824820678681135,20.77
24.826136242598295,20.77
24.827710054814816,20.77
24.82907458022237,20.77
24.830743607133627,20.77
24.832244381308556,20.77
24.833526756614447,20.77
24.835088338702917,20.77
24.836674835532904,20.77
24.837977409362793,20.77
24.83954729512334,20.77
24.841129686683416,20.77
24.842515882104635,20.77
24.84409761428833,20.77
24.845594257116318,20.77
24.84691186621785,20.77
24.84848290681839,20.77
24.850054662674665,20.77
24.851373806595802,20.77
24.852953117340803,20.77
24.854546777904034,20.77
24.855857003480196,20.77
24.857452757656574,20.77
24.859019596129656,20.77
24.860340122133493,20.77
24.861914463341236,20.77
24.863487035036087,20.77
24.86498936265707,20.77
24.866464909166098,20.77
24.867932993918657,20.77
24.869248919188976,20.77
24.870827969163656,20.77
24.8723950907588,20.77
24.87378227338195,20.77
24.87530656903982,20.77
24.87687784805894,20.77
24.878360863775015,20.77
24.879854694008827,20.77
24.881337128579617,20.77
24.88263561576605,20.78
24.88422305881977,20.77
24.88580671325326,20.77
24.887303858995438,20.78
24.88863381743431,20.78
24.890267577022314,20.76
24.891523212194443,20.77
24.89310424774885,20.77
24.894682306796312,20.78
24.896002378314734,20.78
24.8975842744112,20.77
24.899170849472284,20.77
24.900677651166916,20.77
24.90215288475156,20.76
24.903657242655754,20.75
24.905080500990152,20.75
24.90661222487688,20.75
24.90804708376527,20.75
24.90952455997467,20.75
24.91101797297597,20.74
24.912537779659033,20.74
24.91403726860881,20.75
24.915531534701586,20.75
24.917038172483444,20.74
24.918410513550043,20.74
24.919994246214628,20.75
24.921483896672726,20.74
24.922885663807392,20.75
24.924373768270016,20.75
24.925921194255352,20.75
24.927448000758886,20.75
24.928791251033545,20.74
24.930430229753256,20.74
24.931919753551483,20.75
24.933219701051712,20.75
24.934809390455484,20.75
24.936372864991426,20.75
24.937857925891876,20.76
24.93930034711957,20.76
24.9406414963305,20.75
24.94227484241128,20.75
24.943766318261623,20.75
24.945099227130413,20.75
24.94668346643448,20.75
24.948283035308123,20.75
24.9495805837214,20.75
24.95116138085723,20.75
24.952740147709846,20.75
24.95414037629962,20.75
24.955628715455532,20.75
24.95721235871315,20.75
24.958584260195494,20.75
24.960104316473007,20.75
24.9614333845675,20.75
24.963004995137453,20.75
24.964585710316896,20.75
24.96593540161848,20.75
24.96760982275009,20.75
24.969057738780975,20.75
24.970532905310392,20.75
24.97201007977128,20.75
24.97354806214571,20.75
24.974867768585682,20.75
24.976438615471125,20.75
24.97802098467946,20.75
24.979332525283098,20.75
24.980969969183207,20.75
24.9824908785522,20.75
24.983862534165382,20.75
24.98544405028224,20.75
24.986920092254877,20.74
24.988397110253572,20.75
24.989911284297705,20.75
24.991338565945625,20.75
24.9928178191185,20.75
24.9943974763155,20.74
24.995799113065004,20.75
24.997329249978065,20.75
24.99879239872098,20.75
25.00025199726224,20.75
25.001846741884947,20.75
25.00314449518919,20.75
25.00478496402502,20.75
25.006301697343588,20.75
25.007682509720325,20.75
25.009205885231495,20.75
25.01069961860776,20.75
25.012120228260756,20.75
25.013718746602535,20.76
25.01515957340598,20.76
25.016707248985767,20.75
25.018189009279013,20.75
25.019670512527227,20.76
25.021169025450945,20.76
25.022653825581074,20.76
25.024133190512657,20.76
25.02561755850911,20.78
25.027118522673845,20.78
25.028610844165087,20.78
25.03009456396103,20.79
25.03157962113619,20.78
25.033061128109694,20.79
25.034511517733335,20.79
25.03603135421872,20.79
25.037481293082237,20.79
25.039009802043438,20.79
25.040505044162273,20.79
25.04199469089508,20.79
25.043484959751368,20.79
25.044967494904995,20.79
25.046455431729555,20.79
25.04787352308631,20.78
25.04938457533717,20.76
25.0508581250906,20.76
25.052408564835787,20.76
25.05383989214897,20.77
25.05538009107113,20.76
25.056861016899347,20.76
25.058348305523396,20.77
25.059845846146345,20.76
25.06117870286107,20.76
25.062818709760904,20.76
25.06421672925353,20.76
25.06579091399908,20.76
25.06711195781827,20.76
25.06874706968665,20.76
25.070043563842773,20.76
25.071732457727194,20.76
25.073206149041653,20.76
25.07451208308339,20.76
25.076163802295923,20.76
25.077468402683735,20.76
25.079144928604364,20.76
25.0806848667562,20.76
25.082128282636404,20.75
25.083632487803698,20.76
25.085130102932453,20.76
25.086549382656813,20.76
25.088105902075768,20.76
25.089493323117495,20.76
25.091073978692293,20.76
25.092478815466166,20.76
25.094026368111372,20.76
25.09541627764702,20.76
25.096976172178984,20.76
25.09852259978652,20.76
25.100005567073822,20.76
25.101493902504444,20.76
25.102977715432644,20.76
25.10447159036994,20.76
25.105785597115755,20.76
25.10744481906295,20.76
25.108752958476543,20.76
25.110411379486322,20.76
25.111917156726122,20.76
25.113394029438496,20.76
25.11487502604723,20.76
25.116377253085375,20.76
25.117852490395308,20.76
25.119351141154766,20.76
25.120829708874226,20.76
25.12231393903494,20.76
25.123802859336138,20.76
25.125287115573883,20.76
25.12678813189268,20.76
25.128274139016867,20.76
25.12975598499179,20.76
25.131242711097002,20.76
25.132740061730146,20.76
25.134219832718372,20.76
25.135702434927225,20.76
25.13719755038619,20.76
25.13858751952648,20.76
25.140127401798964,20.76
25.141668129712343,20.76
25.143009159713984,20.76
25.14463246613741,20.76
25.146134730428457,20.76
25.14755418896675,20.76
25.148939840495586,20.76
25.15051970258355,20.76
25.151910718530416,20.76
25.15347356721759,20.76
25.154869183897972,20.76
25.15653855353594,20.76
25.15801267698407,20.76
25.15947249531746,20.76
25.161004189401865,20.75
25.162463765591383,20.76
25.163748893886805,20.76
25.165432326495647,20.76
25.16687286272645,20.76
25.168441358953714,20.76
25.169885702431202,20.76
25.17116867378354,20.76
25.172841280698776,20.76
25.174387231469154,20.76
25.17578576132655,20.76
25.17736256867647,20.76
25.178849540650845,20.76
25.180340614169836,20.76
25.18173521384597,20.76
25.183281734585762,20.76
25.184694092720747,20.76
25.18617432191968,20.76
25.187719609588385,20.76
25.189147409051657,20.76
25.190717671066523,20.76
25.192120175808668,20.76
25.193647902458906,20.76
25.195204108953476,20.76
25.196638721972704,20.76
25.198189962655306,20.76
25.19952328130603,20.76
25.201074860990047,20.76
25.202554993331432,20.76
25.203936155885458,20.76
25.205620877444744,20.76
25.2069004252553,20.76
25.20856373012066,20.77
25.209918837994337,20.76
25.211568146944046,20.76
25.21305913478136,20.76
25.21453969553113,20.76
25.215975120663643,20.76
25.217528343200684,20.76
25.218967113643885,20.76
25.22050791233778,20.76
25.22191396728158,20.76
25.223453611135483,20.76
25.2249537371099,20.76
25.2263596765697,20.76
25.22793609648943,20.76
25.229398138821125,20.76
25.23087164759636,20.76
25.232266705483198,20.76
25.233783643692732,20.76
25.23535982146859,20.76
25.236879646778107,20.76
25.238201688975096,20.76
25.239761002361774,20.76
25.241250973194838,20.76
25.24271196499467,20.76
25.244302809238434,20.76
25.24560095369816,20.76
25.247271440923214,20.76
25.248675040900707,20.76
25.250045757740736,20.76
25.251713771373034,20.76
25.253146830946207,20.76
25.254600133746862,20.76
25.25609916448593,20.76
25.257490385323763,20.76
25.259119518101215,20.76
25.260667867958546,20.76
25.261933151632547,20.76
25.26357251778245,20.76
25.265130426734686,20.76
25.26660730689764,20.76
25.268108390271664,20.76
25.26961547881365,20.76
25.27107160165906,20.76
25.272568937391043,20.76
25.273994531482458,20.76
25.27553853020072,20.76
25.277049534022808,20.76
25.278437439352274,20.76
25.279995542019606,20.76
25.2814289778471,20.76
25.28295113146305,20.76
25.28431574627757,20.76
25.28588980063796,20.76
25.287356670945883,20.76
25.28885803744197,20.76
25.290245085954666,20.76
25.291911154985428,20.76
25.29320267215371,20.76
25.294876132160425,20.76
25.29633755236864,20.76
25.2978320941329,20.76
25.299125730991364,20.76
25.300824210047722,20.76
25.302096221596003,20.76
25.303757429122925,20.76
25.30514019355178,20.76
25.306748170405626,20.76
25.30827472731471,20.76
25.30967679619789,20.76
25.311262380331755,20.76
25.312638755887747,20.76
25.314135123044252,20.76
25.315710969269276,20.76
25.31719096750021,20.77
25.318688079714775,20.77
25.320117559283972,20.76
25.32166365161538,20.76
25.323142658919096,20.76
25.32449048012495,20.77
25.326053492724895,20.76
25.3274545930326,20.76
25.3289594091475,20.77
25.330587409436703,20.76
25.331913698464632,20.77
25.333386223763227,20.76
25.335045993328094,20.76
25.336351439356804,20.76
25.338017612695694,20.76
25.339304734021425,20.76
25.340991154313087,20.76
25.34247951582074,20.76
25.343935202807188,20.76
25.34544363617897,20.76
25.3468757905066,20.76
25.34822006523609,20.76
25.34993312880397,20.76
25.351357754319906,20.76
25.35290054604411,20.76
25.35422768071294,20.76
25.355796549469233,20.77
25.357342302799225,20.76
25.358856607228518,20.76
25.360249627381563,20.76
25.361815463751554,20.76
25.363311011344194,20.77
25.364693254232407,20.76
25.366224870085716,20.76
25.367649219930172,20.77
25.369264483451843,20.78
25.37066173925996,20.75
25.37217239663005,20.77
25.37372550368309,20.77
25.375051133334637,20.77
25.37664395943284,20.77
25.378032635897398,20.77
25.379677198827267,20.77
25.380974292755127,20.77
25.38263886421919,20.77
25.384136643260717,20.77
25.38545100390911,20.77
25.38710505142808,20.77
25.388510804623365,20.77
25.38994364067912,20.77
25.391585916280746,20.77
25.393044363707304,20.77
25.39454498514533,20.77
25.396052464842796,20.77
25.39746229350567,20.77
25.399013467133045,20.77
25.40042532607913,20.77
25.401908699423075,20.77
25.40344212576747,20.77
25.40487778931856,20.77
25.40646070986986,20.77
25.40783329680562,20.77
25.409398905932903,20.77
25.410796459764242,20.77
25.4123497903347,20.77
25.41389274969697,20.77
25.415244918316603,20.77
25.41682443022728,20.77
25.41833694651723,20.77
25.41983363032341,20.77
25.421207934617996,20.77
25.42281584441662,20.77
25.42414829134941,20.77
25.425779972225428,20.77
25.427097767591476,20.77
25.428635846823454,20.77
25.430069118738174,20.77
25.431625310331583,20.77
25.433095704764128,20.78
25.434709440916777,20.77
25.436014361679554,20.77
25.437664706259966,20.77
25.439202688634396,20.77
25.440608978271484,20.77
25.441934656351805,20.78
25.44347347319126,20.77
25.44514411687851,20.77
25.446542415767908,20.77
25.44810777902603,20.77
25.449505798518658,20.77
25.45106142386794,20.77
25.452451404184103,20.78
25.453957624733448,20.77
25.455525644123554,20.77
25.45697035267949,20.77
25.458479214459658,20.78
25.459865916520357,20.77
25.46150565892458,20.77
25.462858483195305,20.77
25.464397441595793,20.77
25.465832822024822,20.77
25.467314820736647,20.77
25.468941371887922,20.78
25.47040794417262,20.77
25.471926778554916,20.77
25.47319746762514,20.77
25.474880307912827,20.78
25.47635556012392,20.77
25.477673579007387,20.77
25.479156903922558,20.77
25.480828061699867,20.77
25.48233200609684,20.77
25.483572360128164,20.77
25.485282711684704,20.77
25.486595511436462,20.77
25.48824655264616,20.77
25.48975082859397,20.77
25.491172712296247,20.77
25.492719061672688,20.77
25.494121201336384,20.77
25.495712712407112,20.77
25.497085943818092,20.77
25.49868954718113,20.77
25.50006176531315,20.77
25.50161936879158,20.78
25.50302668660879,20.78
25.504589453339577,20.77
25.505977261811495,20.77
25.507607109844685,20.77
25.50895583257079,20.77
25.51050230115652,20.77
25.51207121834159,20.77
25.513514451682568,20.77
25.51504686102271,20.77
25.51652692630887,20.77
25.51801908016205,20.77
25.519509743899107,20.77
25.52080611884594,20.77
25.52246204018593,20.77
25.523775715380907,20.78
25.52545055747032,20.77
25.52687107026577,20.77
25.52843213453889,20.77
25.529863510280848,20.77
25.53119270503521,20.77
25.5328974686563,20.77
25.53431548550725,20.78
25.535685136914253,20.78
25.53728662803769,20.78
25.538835559040308,20.77
25.540320325642824,20.77
25.541821230202913,20.77
25.54323025792837,20.77
25.544784169644117,20.77
25.546159591525793,20.77
25.54777153581381,20.77
25.54912781715393,20.77
25.550701186060905,20.77
25.552096664905548,20.77
25.55365077778697,20.77
25.555225737392902,20.77
25.556587003171444,20.78
25.558121871203184,20.77
25.559532672166824,20.77
25.56100543215871,20.77
25.562554232776165,20.77
25.5640190243721,20.78
25.565435234457254,20.77
25.567098647356033,20.77
25.568394239991903,20.77
25.570074442774057,20.77
25.571546286344528,20.77
25.57305832952261,20.77
25.57433396577835,20.77
25.576009891927242,20.77
25.577277798205614,20.77
25.57893879339099,20.77
25.58048677816987,20.77
25.581979900598526,20.77
25.583405755460262,20.77
25.58494894579053,20.77
25.586445074528456,20.77
25.58783794566989,20.77
25.589298095554113,20.77
25.59091427922249,20.77
25.592283356934786,20.77
25.593826223164797,20.77
25.59536449238658,20.77
25.596834424883127,20.77
25.598285388201475,20.77
25.599837694317102,20.77
25.601340003311634,20.77
25.60266701877117,20.77
25.604123525321484,20.77
25.60575993731618,20.77
25.607255812734365,20.77
25.608769815415144,20.78
25.610084787011147,20.78
25.61173104122281,20.77
25.61301227658987,20.77
25.614692509174347,20.77
25.61611830815673,20.77
25.617641896009445,20.77
25.61910418048501,20.77
25.620620783418417,20.77
25.622132569551468,20.77
25.623582534492016,20.77
25.624939501285553,20.77
25.626593858003616,20.77
25.62811155989766,20.77
25.629524238407612,20.77
25.63104483485222,20.77
25.632466185837984,20.77
25.63401899114251,20.78
25.635390788316727,20.78
25.636912677437067,20.77
25.63848651573062,20.78
25.63996883481741,20.78
25.641490664333105,20.77
25.6429692953825,20.77
25.644429944455624,20.77
25.645933359861374,20.77
25.647333342581987,20.78
25.64889184758067,20.78
25.650418512523174,20.77
25.651914197951555,20.77
25.65339271724224,20.77
25.654870718717575,20.77
25.656360805034637,20.78
25.65788521245122,20.77
25.65933269634843,20.77
25.66083026304841,20.77
25.66227949038148,20.77
25.663802430033684,20.77
25.665261778980494,20.77
25.66676615551114,20.77
25.668265741318464,20.76
25.669622603803873,20.76
25.671231362968683,20.76
25.672730054706335,20.76
25.67421244829893,20.76
25.675640683621168,20.75
25.677170243114233,20.76
25.678603664040565,20.76
25.680166855454445,20.76
25.68162401020527,20.76
25.68296829238534,20.76
25.684619799256325,20.76
25.686110500246286,20.76
25.68748800829053,20.76
25.689087830483913,20.76
25.690423917025328,20.76
25.691988613456488,20.76
25.69345524907112,20.76
25.695046052336693,20.76
25.696510560810566,20.76
25.697921998798847,20.76
25.699396956712008,20.76
25.700980447232723,20.76
25.702282432466745,20.76
25.703960947692394,20.76
25.705434020608664,20.77
25.706906147301197,20.76
25.708302032202482,20.76
25.709867730736732,20.76
25.711238030344248,20.76
25.712877720594406,20.76
25.714366286993027,20.76
25.715802434831858,20.76
25.71733570098877,20.76
25.71883950755,20.76
25.720322627574205,20.76
25.72181924805045,20.76
25.723263774067163,20.76
25.72457006946206,20.76
25.726215828210115,20.76
25.727729450911283,20.76
25.729263063520193,20.77
25.730688612908125,20.77
25.73212656751275,20.78
25.733710758388042,20.78
25.7350513599813,20.77
25.73667037114501,20.77
25.738168749958277,20.77
25.739585533738136,20.76
25.741157367825508,20.76
25.742649119347334,20.76
25.744005620479584,20.76
25.745589897036552,20.75
25.747013870626688,20.75
25.748461961746216,20.75
25.750038385391235,20.75
25.751352533698082,20.75
25.75304500386119,20.75
25.754552025347948,20.75
25.755861844867468,20.75
25.75742582604289,20.76
25.75899577885866,20.76
25.760356672108173,20.75
25.76196325570345,20.75
25.763435751199722,20.75
25.76488010212779,20.76
25.766433272510767,20.76
25.76775336638093,20.76
25.769340343773365,20.76
25.770926102995872,20.76
25.772265803068876,20.75
25.773817531764507,20.76
25.775131206959486,20.76
25.77671467885375,20.76
25.778307918459177,20.76
25.779624462127686,20.75
25.781260073184967,20.75
25.782783214002848,20.75
25.784223344177008,20.76
25.785772662609816,20.76
25.787259254604578,20.76
25.788580875843763,20.76
25.79023300483823,20.75
25.791720677167177,20.75
25.793133322149515,20.75
25.794686164706945,20.76
25.795960023999214,20.76
25.797533981502056,20.76
25.799114279448986,20.76
25.800441328436136,20.76
25.802106250077486,20.76
25.80359386280179,20.76
25.805119782686234,20.76
25.80651419609785,20.76
25.808033745735884,20.75
25.80935825780034,20.76
25.810933522880077,20.75
25.81256239116192,20.75
25.81386112049222,20.76
25.815468717366457,20.76
25.8167721927166,20.76
25.818412229418755,20.76
25.819977089762688,20.76
25.821262046694756,20.76
25.822933219373226,20.76
25.82443806901574,20.75
25.82585794106126,20.75
25.827419470995665,20.75
25.828926872462034,20.76
25.830276530236006,20.76
25.831751987338066,20.76
25.833339527249336,20.76
25.83471603319049,20.75
25.836246963590384,20.75
25.8378305695951,20.75
25.839146241545677,20.75
25.840757209807634,20.75
25.842309795320034,20.75
25.84361981600523,20.75
25.845226105302572,20.75
25.84678379073739,20.75
25.848113372921944,20.75
25.849679689854383,20.75
25.85120962932706,20.75
25.852576605975628,20.76
25.85416156053543,20.75
25.855491168797016,20.75
25.857041094452143,20.75
25.85863381996751,20.75
25.860119961202145,20.75
25.861636597663164,20.75
25.863104835152626,20.75
25.86441035568714,20.75
25.865988090634346,20.75
25.867554996162653,20.75
25.868877969682217,20.75
25.87044794857502,20.76
25.87202736735344,20.75
25.873474821448326,20.75
25.874951109290123,20.75
25.87653835490346,20.75
25.877861458808184,20.75
25.879485331475735,20.75
25.88075279816985,20.75
25.882353644818068,20.75
25.883928373456,20.76
25.885265968739986,20.76
25.886821407824755,20.76
25.88839577883482,20.75
25.88970712199807,20.75
25.891285002231598,20.75
25.89288067445159,20.76
25.89413398131728,20.76
25.895821388810873,20.75
25.897330693900585,20.75
25.89879162237048,20.76
25.90023098513484,20.76
25.901817094534636,20.75
25.903264332562685,20.75
25.904778510332108,20.76
25.906167943030596,20.75
25.907724168151617,20.75
25.909032117575407,20.74
25.910641994327307,20.74
25.91217853501439,20.74
25.913658045232296,20.74
25.915170021355152,20.74
25.916637923568487,20.75
25.91804203391075,20.75
25.91956728324294,20.75
25.921095985919237,20.75
25.92263839021325,20.75
25.923941142857075,20.75
25.92560952156782,20.75
25.92711627110839,20.75
25.9285777695477,20.75
25.930067341774702,20.75
25.931389026343822,20.75
25.933060973882675,20.75
25.934321224689484,20.75
25.935921892523766,20.75
25.937463585287333,20.75
25.938973020762205,20.75
25.940490901470184,20.75
25.941988047212362,20.75
25.943412959575653,20.75
25.944946501404047,20.75
25.946348633617163,20.75
25.947810154408216,20.75
25.94939198344946,20.75
25.950908791273832,20.75
25.952277794480324,20.75
25.953850213438272,20.75
25.955269683152437,20.75
25.956839125603437,20.75
25.958342514932156,20.75
25.95982402563095,20.76
25.961318854242563,20.76
25.962804898619652,20.76
25.964286621659994,20.76
25.965779807418585,20.75
25.96726182103157,20.75
25.96876199543476,20.76
25.9702319316566,20.76
25.971578884869814,20.76
25.973116036504507,20.77
25.974538173526525,20.77
25.975980408489704,20.78
25.977646235376596,20.78
25.979167375713587,20.78
25.98065998032689,20.77
25.98214666545391,20.77
25.983627002686262,20.77
25.98511466756463,20.77
25.986603688448668,20.77
25.988033462315798,20.77
25.989449437707663,20.77
25.991013932973146,20.77
25.99254620820284,20.77
25.994044180959463,20.77
25.995507299900055,20.78
25.99702098965645,20.78
25.998411759734154,20.77
25.99994769319892,20.77
26.00149693712592,20.77
26.002969674766064,20.77
26.004234801977873,20.77
26.005882542580366,20.77
26.00738798826933,20.77
26.008767757564783,20.77
26.01032931357622,20.77
26.011726513504982,20.77
26.013324093073606,20.77
26.014720752835274,20.77
26.01625094935298,20.77
26.017775047570467,20.77
26.019331119954586,20.77
26.0207851678133,20.77
26.02211882919073,20.77
26.0237671546638,20.77
26.025283977389336,20.77
26.0267218016088,20.77
26.028041675686836,20.78
26.029685962945223,20.77
26.031150806695223,20.77
26.03271808847785,20.78
26.034214448183775,20.77
26.035608772188425,20.77
26.036966163665056,20.77
26.03863213956356,20.77
26.04015563800931,20.77
26.04154384508729,20.78
26.04311567544937,20.77
26.044526740908623,20.77
26.046105198562145,20.77
26.04746860638261,20.77
26.04902022331953,20.78
26.050559632480145,20.78
26.05207869410515,20.77
26.053477853536606,20.77
26.055045675486326,20.77
26.056382596492767,20.77
26.057977084070444,20.77
26.059502486139536,20.77
26.06079450249672,20.78
26.062465634196997,20.77
26.06393003836274,20.77
26.065441500395536,20.77
26.06692647188902,20.77
26.06820248812437,20.77
26.06972860917449,20.77
26.071388375014067,20.77
26.072845451533794,20.77
26.074129719287157,20.78
26.0758475959301,20.78
26.077191058546305,20.78
26.078834127634764,20.78
26.080269508063793,20.78
26.081812884658575,20.78
26.083291992545128,20.78
26.084769256412983,20.77
26.086277648806572,20.77
26.087780255824327,20.77
26.08920455351472,20.77
26.090610068291426,20.77
26.092247359454632,20.78
26.093684654682875,20.77
26.095204815268517,20.77
26.096674501895905,20.77
26.09813768789172,20.77
26.09968190267682,20.77
26.100988004356623,20.77
26.102573037147522,20.77
26.103945463895798,20.77
26.105616215616465,20.77
26.107097189873457,20.77
26.108390174806118,20.78
26.110077757388353,20.78
26.111359167844057,20.78
26.11304533481598,20.78
26.114336386322975,20.78
26.115988802164793,20.77
26.11732016503811,20.77
26.11896064132452,20.77
26.120503295212984,20.77
26.121906213462353,20.78
26.1234778650105,20.77
26.12489765509963,20.77
26.126446221023798,20.78
26.127846404910088,20.77
26.129392307251692,20.78
26.130905520170927,20.78
26.132298476994038,20.77
26.133896104991436,20.77
26.135249998420477,20.77
26.13674743846059,20.78
26.138289153575897,20.77
26.139829646795988,20.78
26.141196079552174,20.78
26.14273225516081,20.78
26.144291147589684,20.78
26.14561628177762,20.78
26.14717698842287,20.77
26.148765366524458,20.78
26.15007434785366,20.78
26.151724830269814,20.78
26.153220377862453,20.78
26.15454437583685,20.77
26.156074538826942,20.78
26.157661274075508,20.78
26.15898373350501,20.78
26.160619046539068,20.78
26.16215880960226,20.78
26.163587287068367,20.77
26.165130503475666,20.77
26.166544672101736,20.78
26.168107837438583,20.78
26.169572826474905,20.77
26.171054620295763,20.77
26.172556895762682,20.77
26.173980843275785,20.78
26.175432067364454,20.78
26.177018605172634,20.78
26.17850622534752,20.78
26.179996650666,20.78
26.181425716727972,20.78
26.182925175875425,20.77
26.18441779538989,20.77
26.185812395066023,20.77
26.187405940145254,20.77
26.188765954226255,20.77
26.190402273088694,20.78
26.191758017987013,20.78
26.193327452987432,20.78
26.194823000580072,20.78
26.19635993987322,20.78
26.197658143937588,20.77
26.199319690465927,20.77
26.200641445815563,20.77
26.202292248606682,20.78
26.20378740876913,20.78
26.205235201865435,20.78
26.20658752694726,20.78
26.208269253373146,20.78
26.209549240767956,20.78
26.211175564676523,20.77
26.21248396486044,20.77
26.214046128094196,20.77
26.21568750962615,20.78
26.217142820358276,20.78
26.218547362834215,20.77
26.22015704214573,20.77
26.22156259045005,20.77
26.2231335490942,20.77
26.22452360764146,20.78
26.226056899875402,20.77
26.22759172692895,20.77
26.229090709239244,20.78
26.230511389672756,20.77
26.232043646275997,20.77
26.233553986996412,20.77
26.235036987811327,20.77
26.23638043925166,20.78
26.237946402281523,20.77
26.23950071632862,20.77
26.240830712020397,20.77
26.242374781519175,20.77
26.243818670511246,20.77
26.245444234460592,20.77
26.24693415686488,20.77
26.24823334440589,20.78
26.24990051612258,20.77
26.251316029578447,20.77
26.2526828199625,20.77
26.25435146316886,20.77
26.255670242011547,20.77
26.257360506802797,20.77
26.258841048926115,20.77
26.260268475860357,20.77
26.261808339506388,20.77
26.263212472200394,20.77
26.26476938277483,20.77
26.26617604866624,20.77
26.267737343907356,20.77
26.269131924957037,20.77
26.270742252469063,20.77
26.272186290472746,20.77
26.273657348006964,20.77
26.275082353502512,20.77
26.276623409241438,20.77
26.278053425252438,20.77
26.2796105183661,20.77
26.28092646598816,20.77
26.282464813441038,20.77
26.284027867019176,20.77
26.28561957925558,20.77
26.286927923560143,20.77
26.28851368278265,20.77
26.29005803540349,20.77
26.291361939162016,20.77
26.292835373431444,20.77
26.294532421976328,20.77
26.295990951359272,20.77
26.297510851174593,20.77
26.299008768051863,20.77
26.300244469195604,20.77
26.301915533840656,20.77
26.30320716276765,20.77
26.304880786687136,20.77
26.306432630866766,20.77
26.307911071926355,20.77
26.309409622102976,20.77
26.310874067246914,20.77
26.31238105893135,20.77
26.31387349590659,20.77
26.315360628068447,20.78
26.31685235723853,20.77
26.31833840534091,20.77
26.31967345997691,20.77
26.321254454553127,20.77
26.32279270887375,20.77
26.324277345091105,20.77
26.32564677670598,20.77
26.327209141105413,20.77
26.328753117471933,20.77
26.330234680324793,20.77
26.33153946325183,20.77
26.333188761025667,20.77
26.334590062499046,20.77
26.33617566898465,20.77
26.33765061572194,20.77
26.339139740914106,20.77
26.340583380311728,20.77
26.342124458402395,20.77
26.343612022697926,20.77
26.34510262683034,20.77
26.34635939449072,20.77
26.348029974848032,20.77
26.34957256540656,20.77
26.350995380431414,20.77
26.352557566016912,20.77
26.353899877518415,20.77
26.355540949851274,20.77
26.357024032622576,20.77
26.35839791968465,20.77
26.359964355826378,20.77
26.361463580280542,20.77
26.362930864095688,20.77
26.36435877904296,20.77
26.36590087786317,20.77
26.36727934330702,20.77
26.3689175657928,20.77
26.370371900498867,20.77
26.3718777410686,20.77
26.373377066105604,20.77
26.3748659491539,20.77
26.37635924294591,20.77
26.377827432006598,20.77
26.37924286723137,20.77
26.38069547712803,20.77
26.382264986634254,20.77
26.383647426962852,20.77
26.385246843099594,20.77
26.386614609509706,20.77
26.388046249747276,20.77
26.38973904401064,20.77
26.391241420060396,20.77
26.392715945839882,20.77
26.394148610532284,20.77
26.39563525468111,20.77
26.397115472704172,20.77
26.398657403886318,20.77
26.40014375001192,20.77
26.401629239320755,20.77
26.4031082354486,20.77
26.40442617237568,20.76
26.406036861240864,20.77
26.407588120549917,20.77
26.408945873379707,20.77
26.410565569996834,20.77
26.412037294358015,20.77
26.413519870489836,20.77
26.415016662329435,20.77
26.41643162816763,20.77
26.41799994558096,20.77
26.4194362051785,20.76
26.420947682112455,20.76
26.42246900871396,20.77
26.423955269157887,20.77
26.425441086292267,20.77
26.42692881450057,20.77
26.428392577916384,20.77
26.429876632988453,20.76
26.43139060214162,20.76
26.43265826627612,20.76
26.434361305087805,20.76
26.435852456837893,20.76
26.43729656934738,20.76
26.438826631754637,20.76
26.440317574888468,20.76
26.441772397607565,20.76
26.443093236535788,20.76
26.444658629596233,20.76
26.446280997246504,20.76
26.44773780554533,20.76
26.44916022568941,20.76
26.45069193467498,20.76
26.452213745564222,20.76
26.45360278338194,20.76
26.45514165982604,20.76
26.45662197098136,20.76
26.458061058074236,20.76
26.45958947762847,20.76
26.460992008447647,20.76
26.462556190788746,20.76
26.46401846781373,20.76
26.46559279412031,20.76
26.46695264428854,20.76
26.468557499349117,20.76
26.469926208257675,20.76
26.471441596746445,20.76
26.47303654626012,20.76
26.474337190389633,20.76
26.475985303521156,20.76
26.47741988301277,20.76
26.478987086564302,20.76
26.480441987514496,20.76
26.481842525303364,20.76
26.483446195721626,20.76
26.484933529049158,20.76
26.486397724598646,20.76
26.487838216125965,20.76
26.489395886659622,20.76
26.490875847637653,20.76
26.492379516363144,20.76
26.493773233145475,20.76
26.49533723294735,20.76
26.496741082519293,20.76
26.49828678369522,20.76
26.4998149164021,20.76
26.501213740557432,20.76
26.50265197083354,20.76
26.50420381128788,20.76
26.505696814507246,20.76
26.50726194679737,20.76
26.508578162640333,20.76
26.51016803458333,20.76
26.511622302234173,20.76
26.51315004006028,20.76
26.51470834389329,20.76
26.51598583906889,20.76
26.517668806016445,20.76
26.519067928195,20.76
26.520627848803997,20.76
26.52207423746586,20.76
26.52361687272787,20.76
26.524879187345505,20.76
26.5264053940773,20.76
26.528095576912165,20.76
26.529355596750975,20.76
26.53099312633276,20.76
26.532391417771578,20.77
26.533957559615374,20.77
26.535523615777493,20.76
26.53691976517439,20.76
26.538484800606966,20.76
26.539956755936146,20.76
26.541451446712017,20.76
26.542911138385534,20.76
26.54443721100688,20.76
26.545761808753014,20.77
26.54738476127386,20.77
26.548849992454052,20.76
26.55031741410494,20.76
26.5518746599555,20.76
26.553239427506924,20.76
26.55478360876441,20.76
26.556344583630562,20.76
26.55782876908779,20.77
26.559135157614946,20.76
26.56073535606265,20.76
26.562099006026983,20.76
26.563653975725174,20.76
26.56526182219386,20.76
26.566552631556988,20.76
26.5682422965765,20.76
26.569692991673946,20.76
26.571212995797396,20.76
26.57250388339162,20.76
26.5741671808064,20.76
26.575666200369596,20.76
26.577172704041004,20.77
26.57865522801876,20.77
26.57999389246106,20.77
26.581578079611063,20.77
26.58310531079769,20.76
26.584602937102318,20.76
26.586074750870466,20.76
26.587475150823593,20.76
26.58907024934888,20.76
26.590439546853304,20.76
26.59200355783105,20.76
26.593512143939734,20.77
26.594859186559916,20.76
26.596439015120268,20.76
26.59799187257886,20.76
26.59947433695197,20.76
26.60088537633419,20.76
26.602460000663996,20.76
26.603934057056904,20.77
26.605429846793413,20.76
26.606750536710024,20.76
26.60830443352461,20.76
26.609886076301336,20.76
26.611368659883738,20.76
26.612761989235878,20.76
26.614355195313692,20.76
26.61581587791443,20.76
26.617324724793434,20.76
26.618597742170095,20.76
26.620259694755077,20.76
26.621555738151073,20.76
26.62311790511012,20.76
26.624517139047384,20.76
26.626242630183697,20.76
26.627740491181612,20.76
26.62916773930192,20.76
26.63069551065564,20.76
26.63214312493801,20.76
26.633683651685715,20.76
26.634984727948904,20.77
26.636656872928143,20.76
26.638036258518696,20.76
26.63963346555829,20.76
26.641122572124004,20.76
26.642551261931658,20.76
26.644110154360533,20.76
26.64543953165412,20.76
26.647027045488358,20.76
26.648563724011183,20.76
26.650056567043066,20.76
26.651558183133602,20.76
26.652941912412643,20.76
26.6543939858675,20.76
26.65600184723735,20.76
26.65736148133874,20.76
26.65877192467451,20.76
26.660465735942125,20.76
26.661734841763973,20.76
26.66341109201312,20.76
26.664697218686342,20.76
26.666407376527786,20.76
26.667764723300934,20.76
26.669338904321194,20.76
26.670876313000917,20.76
26.672365568578243,20.76
26.673865258693695,20.76
26.675323374569416,20.76
26.676827922463417,20.76
26.678306829184294,20.76
26.679771810770035,20.76
26.68120277300477,20.76
26.682740595191717,20.76
26.684204384684563,20.76
26.685730453580618,20.76
26.687232356518507,20.76
26.688665322959423,20.76
26.690175019204617,20.76
26.691703874617815,20.76
26.693058248609304,20.76
26.694598481059074,20.76
26.696017883718014,20.76
26.697554644197226,20.76
26.698965433984995,20.76
26.700558736920357,20.76
26.702075608074665,20.76
26.703602246940136,20.76
26.704876963049173,20.76
26.706568643450737,20.76
26.7078814804554,20.76
26.709334917366505,20.76
26.711001943796873,20.76
26.71255300939083,20.76
26.714007522910833,20.76
26.715508922934532,20.76
26.7169908285141,20.76
26.718405853956938,20.76
26.719957906752825,20.76
26.72144613787532,20.76
26.72284772992134,20.76
26.724413126707077,20.76
26.72591045126319,20.76
26.727372877299786,20.76
26.728773061186075,20.76
26.730328489094973,20.76
26.731853753328323,20.76
26.733366053551435,20.76
26.734695877879858,20.76
26.736255068331957,20.76
26.73774618282914,20.76
26.73924671113491,20.76
26.740742392838,20.76
26.742276411503553,20.76
26.74358928948641,20.76
26.745247643440962,20.76
26.746738523244858,20.76
26.74823148548603,20.76
26.74951969832182,20.76
26.75119971856475,20.76
26.75258555263281,20.76
26.754036094993353,20.76
26.755553111433983,20.76
26.757153138518333,20.76
26.758620876818895,20.76
26.759933292865753,20.76
26.761543583124876,20.76
26.763117495924234,20.76
26.764513678848743,20.76
26.765923261642456,20.76
26.767469216138124,20.76
26.76904096454382,20.76
26.770534556359053,20.76
26.771941304206848,20.76
26.77338096499443,20.76
26.77500246092677,20.76
26.776411548256874,20.76
26.777917232364416,20.76
26.779457103461027,20.76
26.78094942867756,20.76
26.782373119145632,20.76
26.783946875482798,20.76
26.78532249853015,20.76
26.786737114191055,20.76
26.78837051615119,20.76
26.78969295322895,20.76
26.791360344737768,20.76
26.792700104415417,20.76
26.79429656639695,20.76
26.795824114233255,20.76
26.7971467114985,20.76
26.798800729215145,20.76
26.800099194049835,20.76
26.801775887608528,20.76
26.80303130671382,20.76
26.80472721159458,20.76
26.8061042688787,20.76
26.807694885879755,20.76
26.809221163392067,20.76
26.810684498399496,20.76
26.812183778733015,20.76
26.813673436641693,20.76
26.815103124827147,20.76
26.816650118678808,20.76
26.818032912909985,20.76
26.81962637603283,20.76
26.821085911244154,20.76
26.822484731674194,20.76
26.824083551764488,20.76
26.82544258236885,20.76
26.827008832246065,20.76
26.82854798808694,20.76
26.83004219084978,20.76
26.831539396196604,20.77
26.83283857628703,20.76
26.83450748026371,20.76
26.835810367017984,20.76
26.837470524013042,20.76
26.83888717740774,20.76
26.84028247371316,20.76
26.841932103037834,20.76
26.843224965035915,20.76
26.844885770231485,20.76
26.846402179449797,20.76
26.847888443619013,20.76
26.849383890628815,20.76
26.85061364993453,20.77
26.852291587740183,20.76
26.853847842663527,20.76
26.855214774608612,20.76
26.856821820139885,20.76
26.85828336700797,20.77
26.85979387164116,20.77
26.861273121088743,20.77
26.862718980759382,20.77
26.864233803004026,20.77
26.86562294512987,20.77
26.867185339331627,20.76
26.86861401796341,20.76
26.870148807764053,20.76
26.871551793068647,20.77
26.87312224507332,20.77
26.874674636870623,20.77
26.876166332513094,20.77
26.877560753375292,20.77
26.87912454456091,20.77
26.880625657737255,20.77
26.882091403007507,20.77
26.88347950577736,20.77
26.88508442416787,20.76
26.886565916240215,20.77
26.888045385479927,20.77
26.889502063393593,20.77
26.890814002603292,20.77
26.89251084625721,20.77
26.893798775970936,20.77
26.895448692142963,20.77
26.896771878004074,20.76
26.898405261337757,20.76
26.89994451403618,20.76
26.90143844485283,20.76
26.90288183093071,20.77
26.904413126409054,20.77
26.905907813459635,20.76
26.907385908067226,20.77
26.908868733793497,20.77
26.910342950373888,20.77
26.91173091903329,20.77
26.91332597285509,20.77
26.914691984653473,20.77
26.91625027358532,20.77
26.91780535504222,20.77
26.919262677431107,20.77
26.920778181403875,20.76
26.922134030610323,20.77
26.923673819750547,20.77
26.925067208707333,20.77
26.92673934996128,20.77
26.92803107574582,20.77
26.929694533348083,20.77
26.931189995259047,20.77
26.93258734792471,20.77
26.934163227677345,20.77
26.93547761440277,20.77
26.937105879187584,20.77
26.938412562012672,20.77
26.939887136220932,20.77
26.9415963627398,20.77
26.942945171147585,20.77
26.94448635354638,20.77
26.946022778749466,20.77
26.947486758232117,20.77
26.948976919054985,20.77
26.950544606894255,20.77
26.951992467045784,20.77
26.953473802655935,20.77
26.954986710101366,20.77
26.956254106014967,20.77
26.95786253735423,20.77
26.95945131778717,20.76
26.960803113877773,20.77
26.962402120232582,20.77
26.963907666504383,20.77
26.9653366394341,20.77
26.96688822284341,20.76
26.968215823173523,20.77
26.969865530729294,20.77
26.971191473305225,20.77
26.97284211218357,20.77
26.974146146327257,20.76
26.97581458091736,20.76
26.977110225707293,20.77
26.978778410702944,20.77
26.980075370520353,20.77
26.981741577386856,20.76
26.983192212879658,20.76
26.984539169818163,20.76
26.98619904741645,20.77
26.987481404095888,20.77
26.989197626709938,20.77
26.990566954016685,20.76
26.992177098989487,20.77
26.993686370551586,20.77
26.995157796889544,20.77
26.9965808019042,20.77
26.998115938156843,20.77
26.999546263366938,20.76
27.00108926743269,20.76
27.002570640295744,20.77
27.004067450761795,20.76
27.005424346774817,20.76
27.00705326348543,20.76
27.008428517729044,20.76
27.010029640048742,20.76
27.011418621987104,20.76
27.012927174568176,20.76
27.01451024785638,20.77
27.015811178833246,20.77
27.017370399087667,20.77
27.018805887550116,20.77
27.020408745855093,20.76
27.021744906902313,20.77
27.0234186463058,20.77
27.024835411459208,20.76
27.02638728171587,20.77
27.027823716402054,20.76
27.029172029346228,20.76
27.030819457024336,20.76
27.032143481075764,20.76
27.033800147473812,20.76
27.035277273505926,20.76
27.036736607551575,20.77
27.03828878328204,20.76
27.0397734567523,20.76
27.041259352117777,20.76
27.042752403765917,20.76
27.04416322335601,20.77
27.045705687254667,20.77
27.047136191278696,20.76
27.04869968816638,20.76
27.05008513852954,20.77
27.051543787121773,20.76
27.053114406764507,20.76
27.05461287871003,20.77
27.056117329746485,20.77
27.05751032754779,20.76
27.05908738449216,20.77
27.060608610510826,20.77
27.06191659346223,20.77
27.063573103398085,20.77
27.065036788582802,20.76
27.066551137715578,20.76
27.068019792437553,20.76
27.0695261657238,20.77
27.07081412523985,20.77
27.07248193025589,20.77
27.073991119861603,20.76
27.075430791825056,20.76
27.076791655272245,20.76
27.078397899866104,20.76
27.079706698656082,20.76
27.081415340304375,20.77
27.082897786051035,20.76
27.084402211010456,20.76
27.08583288639784,20.76
27.087201185524464,20.76
27.088860768824816,20.76
27.09033952653408,20.76
27.09183906018734,20.76
27.093328423798084,20.76
27.094722013920546,20.76
27.09625757113099,20.77
27.09777493774891,20.76
27.099138256162405,20.76
27.100710339844227,20.76
27.102268055081367,20.76
27.103684540838003,20.76
27.105227038264275,20.76
27.10670229047537,20.76
27.10811787098646,20.76
27.10969691723585,20.76
27.11109235137701,20.76
27.112490009516478,20.76
27.11415519192815,20.76
27.115445837378502,20.76
27.116958525031805,20.76
27.118580102920532,20.76
27.119887076318264,20.77
27.121566101908684,20.76
27.12306872010231,20.76
27.12450885772705,20.76
27.12583989277482,20.76
27.12747609615326,20.76
27.129039011895657,20.76
27.13049663975835,20.76
27.132009256631136,20.76
27.13349637761712,20.76
27.134913191199303,20.76
27.136457432061434,20.76
27.137850485742092,20.76
27.13940531015396,20.76
27.140942361205816,20.76
27.142301563173532,20.76
27.143859911710024,20.76
27.14538247510791,20.76
27.14682911708951,20.76
27.148244749754667,20.76
27.14978589117527,20.76
27.151206370443106,20.76
27.152781907469034,20.76
27.154301751405,20.76
27.15574001148343,20.76
27.157279681414366,20.76
27.158759657293558,20.76
27.160259041935205,20.77
27.161750093102455,20.76
27.16307419165969,20.76
27.16469593718648,20.76
27.166224610060453,20.77
27.167658429592848,20.76
27.169182777404785,20.76
27.170629039406776,20.76
27.172158028930426,20.77
27.173650987446308,20.76
27.175085995346308,20.76
27.176629804074764,20.77
27.178104523569345,20.77
27.17941465601325,20.76
27.181038580834866,20.77
27.18255217000842,20.77
27.184071507304907,20.77
27.185442429035902,20.76
27.187001828104258,20.76
27.18852398172021,20.76
27.189985170960426,20.76
27.191420681774616,20.76
27.192950934171677,20.77
27.19442233070731,20.76
27.195970717817545,20.76
27.19741988182068,20.76
27.198944218456745,20.76
27.200253035873175,20.76
27.201898593455553,20.76
27.203406799584627,20.76
27.20475960895419,20.76
27.20637960359454,20.77
27.20766181871295,20.77
27.20918069407344,20.77
27.21083838865161,20.77
27.21211503446102,20.76
27.213779143989086,20.76
27.215078856796026,20.77
27.216741666197777,20.77
27.21827318146825,20.76
27.219771783798933,20.77
27.221269067376852,20.77
27.22269331663847,20.76
27.22422779351473,20.76
27.225656006485224,20.77
27.22718768566847,20.77
27.228591710329056,20.76
27.230163659900427,20.76
27.231654044240713,20.76
27.23311183974147,20.76
27.234591215848923,20.76
27.23603229224682,20.77
27.23759101703763,20.77
27.238986495882273,20.76
27.24054293334484,20.77
27.242107219994068,20.76
27.243409488350153,20.77
27.244965437799692,20.76
27.246557403355837,20.76
27.248035617172718,20.76
27.249412536621094,20.76
27.25098069384694,20.77
27.25243189930916,20.76
27.253780119121075,20.76
27.255466118454933,20.76
27.25695851072669,20.76
27.25842635706067,20.76
27.259914357215166,20.77
27.261191811412573,20.77
27.262886587530375,20.76
27.2643822170794,20.76
27.265877690166235,20.76
27.26736867800355,20.77
27.268847666680813,20.77
27.27034095302224,20.76
27.271809186786413,20.76
27.273313116282225,20.76
27.2747898735106,20.76
27.27627059444785,20.76
27.27775603532791,20.76
27.279135778546333,20.76
27.28075210750103,20.76
27.28212198615074,20.77
27.28370349481702,20.76
27.285228420048952,20.76
27.286629397422075,20.76
27.28818480297923,20.76
27.28961817547679,20.76
27.2910309843719,20.76
27.292568564414978,20.76
27.29396814480424,20.76
27.29552347958088,20.77
27.29712164402008,20.76
27.298525247722864,20.76
27.300068102777004,20.76
27.301507890224457,20.76
27.303058113902807,20.76
27.304402943700552,20.76
27.305823042988777,20.76
27.30753617733717,20.77
27.308776635676622,20.76
27.310472901910543,20.77
27.31174724176526,20.77
27.31329907104373,20.76
27.314964957535267,20.76
27.316288378089666,20.76
27.31792826578021,20.76
27.319404892623425,20.76
27.320848610252142,20.76
27.322390913963318,20.76
27.323808427900076,20.77
27.32534822449088,20.77
27.326741125434637,20.76
27.328375451266766,20.77
27.329705704003572,20.76
27.33126862719655,20.76
27.33268142864108,20.76
27.334248192608356,20.77
27.335645705461502,20.77
27.337210059165955,20.76
27.338708728551865,20.76
27.34014457091689,20.77
27.341591246426105,20.76
27.343214593827724,20.76
27.344559729099274,20.76
27.34620263427496,20.76
27.347546588629484,20.77
27.349146280437708,20.77
27.350451909005642,20.77
27.35213813558221,20.76
27.35341626033187,20.76
27.355120599269867,20.76
27.356617510318756,20.76
27.358016937971115,20.76
27.359579924494028,20.76
27.361078172922134,20.76
27.362383157014847,20.76
27.364050589501858,20.77
27.365535024553537,20.77
27.367012284696102,20.77
27.36851328983903,20.77
27.36997514218092,20.77
27.371470514684916,20.76
27.37293992936611,20.76
27.374447759240866,20.77
27.37588805705309,20.76
27.377430226653814,20.76
27.37893048301339,20.77
27.380174092948437,20.77
27.381865043193102,20.77
27.383331511169672,20.76
27.384699389338493,20.76
27.386361323297024,20.76
27.38785957917571,20.76
27.389150872826576,20.76
27.390810672193766,20.76
27.392144415527582,20.76
27.393778573721647,20.77
27.395296450704336,20.77
27.396762188524008,20.76
27.39826238527894,20.76
27.39970836043358,20.77
27.401015989482403,20.76
27.402696691453457,20.76
27.403991740196943,20.76
27.405648056417704,20.77
27.407192081212997,20.77
27.408590495586395,20.77
27.41015626862645,20.76
27.41162695735693,20.76
27.41312512755394,20.77
27.414547365158796,20.77
27.41607552021742,20.77
27.41758468747139,20.77
27.41896853968501,20.77
27.42056528106332,20.77
27.421925086528063,20.77
27.423497147858143,20.76
27.425025053322315,20.76
27.426468838006258,20.76
27.427854120731354,20.76
27.4294031560421,20.76
27.43098394945264,20.77
27.43231052905321,20.76
27.433960661292076,20.76
27.43525754660368,20.76
27.436938364058733,20.77
27.438390728086233,20.77
27.43989124521613,20.77
27.4412111826241,20.76
27.4428552351892,20.76
27.44415297731757,20.76
27.445844184607267,20.77
27.447271425276995,20.77
27.448834497481585,20.77
27.450263306498528,20.77
27.451817009598017,20.77
27.453292965888977,20.77
27.4547768086195,20.77
27.456263836473227,20.76
27.457669407129288,20.77
27.459233071655035,20.77
27.460658617317677,20.77
27.462184701114893,20.77
27.463710699230433,20.77
27.465068623423576,20.77
27.466675002127886,20.77
27.46817322820425,20.77
27.46960211545229,20.77
27.471003651618958,20.77
27.472562674432993,20.77
27.473996311426163,20.77
27.47555025294423,20.77
27.47708897665143,20.77
27.47843560948968,20.77
27.48007059842348,20.77
27.481582272797823,20.77
27.482872005552053,20.77
27.48453288525343,20.77
27.486010745167732,20.77
27.48746094480157,20.77
27.488816644996405,20.77
27.490473993122578,20.77
27.491734694689512,20.77
27.49340285733342,20.77
27.49476157873869,20.77
27.496373523026705,20.77
27.497925989329815,20.77
27.499327570199966,20.77
27.500720221549273,20.77
27.50229438766837,20.77
27.503863859921694,20.77
27.505292635411024,20.77
27.506827030330896,20.77
27.50825472921133,20.77
27.50981767848134,20.77
27.511296700686216,20.77
27.51279243826866,20.77
27.514142990112305,20.77
27.515730392187834,20.77
27.51725758239627,20.77
27.51875390484929,20.77
27.520226649940014,20.77
27.521727439016104,20.77
27.523035272955894,20.77
27.524588745087385,20.77
27.526063043624163,20.77
27.527674820274115,20.77
27.528969459235668,20.77
27.530629754066467,20.77
27.532086081802845,20.77
27.533433694392443,20.77
27.535120088607073,20.77
27.53640988469124,20.77
27.538037840276957,20.77
27.539357110857964,20.77
27.541056774556637,20.77
27.542536575347185,20.77
27.5440315566957,20.77
27.54544522613287,20.77
27.546893995255232,20.77
27.54849249124527,20.77
27.549980077892542,20.77
27.551457911729813,20.77
27.552857276052237,20.77
27.55440739914775,20.77
27.555888187140226,20.77
27.55743956565857,20.77
27.558796748518944,20.77
27.560376439243555,20.77
27.561747137457132,20.77
27.563342545181513,20.77
27.564861297607422,20.77
27.56619470566511,20.77
27.567744329571724,20.77
27.569313004612923,20.77
27.57065923139453,20.77
27.572187766432762,20.77
27.57377966493368,20.77
27.575086805969477,20.77
27.576757222414017,20.77
27.578045155853033,20.77
27.579706847667694,20.77
27.58102783188224,20.77
27.58267216384411,20.77
27.583959467709064,20.77
27.58562684804201,20.77
27.586943056434393,20.77
27.588601738214493,20.77
27.59012544155121,20.77
27.591570366173983,20.77
27.593110878020525,20.77
27.59459814429283,20.77
27.596107702702284,20.77
27.597479604184628,20.77
27.599011462181807,20.77
27.600532442331314,20.77
27.601921442896128,20.77
27.603517923504114,20.77
27.604909908026457,20.77
27.60648289695382,20.77
27.608001582324505,20.77
27.609336737543344,20.77
27.610903199762106,20.77
27.612302131950855,20.77
27.613945491611958,20.77
27.615297939628363,20.77
27.616827379912138,20.77
27.61842166632414,20.77
27.61973001435399,20.77
27.621375020593405,20.77
27.622685000300407,20.77
27.624229196459055,20.77
27.625853940844536,20.77
27.627338763326406,20.77
27.62858786433935,20.77
27.630288653075695,20.77
27.63177617266774,20.77
27.633259922266006,20.77
27.63455232977867,20.77
27.636208102107048,20.77
27.637751303613186,20.77
27.639183275401592,20.77
27.640715315937996,20.77
27.642142698168755,20.77
27.64367448911071,20.77
27.645127277821302,20.77
27.646636746823788,20.77
27.648153197020292,20.77
27.64964209496975,20.77
27.651095245033503,20.77
27.65247930958867,20.77
27.654099624603987,20.77
27.655456598848104,20.77
27.657005067914724,20.77
27.658561877906322,20.77
27.65989577397704,20.77
27.66154360026121,20.77
27.66286740079522,20.77
27.66441200301051,20.77
27.665998596698046,20.77
27.667303178459406,20.77
27.668895807117224,20.77
27.670478258281946,20.77
27.671804446727037,20.77
27.67343880981207,20.77
27.674731966108084,20.77
27.6764026992023,20.77
27.677687611430883,20.77
27.679258350282907,20.77
27.680830776691437,20.77
27.682386480271816,20.77
27.68377536535263,20.77
27.68534430116415,20.77
27.6868162676692,20.77
27.688318483531475,20.77
27.689802270382643,20.77
27.691190261393785,20.77
27.692761834710836,20.77
27.694265857338905,20.76
27.695746403187513,20.77
27.697226207703352,20.77
27.698721282184124,20.77
27.700205486267805,20.77
27.701559025794268,20.76
27.70311852917075,20.77
27.70467782765627,20.77
27.706020299345255,20.77
27.707596492022276,20.77
27.708989843726158,20.77
27.71052921935916,20.77
27.71198980510235,20.77
27.713511310517788,20.77
27.714925568550825,20.77
27.716574035584927,20.77
27.71785019338131,20.77
27.71954884380102,20.77
27.72102751582861,20.77
27.722483418881893,20.78
27.723818611353636,20.77
27.72547997161746,20.77
27.72701358422637,20.77
27.728415198624134,20.78
27.729967825114727,20.77
27.731450740247965,20.78
27.732903841882944,20.78
27.73442905023694,20.78
27.735851790755987,20.77
27.73727096989751,20.78
27.73886363953352,20.78
27.74026606604457,20.78
27.74187259376049,20.78
27.743337724357843,20.77
27.74482859298587,20.77
27.74630869179964,20.77
27.747820053249598,20.77
27.749223612248898,20.78
27.75078211724758,20.78
27.752133186906576,20.78
27.75372002646327,20.77
27.75520968809724,20.77
27.75656059756875,20.77
27.75812704488635,20.77
27.759515192359686,20.77
27.76119052991271,20.77
27.76251770928502,20.77
27.764154817909002,20.78
27.765543945133686,20.78
27.767116356641054,20.78
27.76862510293722,20.78
27.770105853676796,20.78
27.771482400596142,20.78
27.772919315844774,20.78
27.774571280926466,20.78
27.77608300000429,20.78
27.777560975402594,20.78
27.77896361425519,20.78
27.780530989170074,20.78
27.78200723975897,20.78
27.783499773591757,20.78
27.784969583153725,20.78
27.786499049514532,20.78
27.787871435284615,20.78
27.789439968764782,20.78
27.790847584605217,20.78
27.792411420494318,20.78
27.79393343999982,20.78
27.79522680863738,20.79
27.79689560830593,20.78
27.798403564840555,20.78
27.799861405044794,20.78
27.80132171139121,20.78
27.80284057930112,20.78
27.804319195449352,20.78
27.805814784020185,20.78
27.807139310985804,20.78
27.808737438172102,20.78
27.81026490032673,20.78
27.81156140193343,20.77
27.81323556229472,20.78
27.81474005803466,20.78
27.816226921975613,20.78
27.817668918520212,20.78
27.819184616208076,20.78
27.820689626038074,20.78
27.822176340967417,20.78
27.823669727891684,20.78
27.82514901086688,20.78
27.8264845199883,20.78
27.828129023313522,20.78
27.829550370573997,20.78
27.831087321043015,20.78
27.832574978470802,20.78
27.834048315882683,20.78
27.83548128977418,20.78
27.83701376989484,20.78
27.838504929095507,20.78
27.84002449735999,20.78
27.841484293341637,20.77
27.842889327555895,20.77
27.844387248158455,20.78
27.845934107899666,20.78
27.847302559763193,20.78
27.848882745951414,20.77
27.85045364126563,20.77
27.851824060082436,20.78
27.85339917987585,20.77
27.854905508458614,20.78
27.85638678073883,20.78
27.85787482559681,20.78
27.859307397156954,20.78
27.8608564324677,20.78
27.862308356910944,20.78
27.863703958690166,20.77
27.865319155156612,20.78
27.866807639598846,20.78
27.86816607788205,20.78
27.86953880265355,20.78
27.871219128370285,20.78
27.872747592628002,20.78
27.874240968376398,20.78
27.875647608190775,20.78
27.877200316637754,20.77
27.878705520182848,20.77
27.879963092505932,20.76
27.881468705832958,20.76
27.88310918584466,20.75
27.884641397744417,20.74
27.886093243956566,20.74
27.887633468955755,20.74
27.88911308348179,20.75
27.89060515537858,20.74
27.89201356098056,20.75
27.893557403236628,20.75
27.895077772438526,20.74
27.896368205547333,20.75
27.898037776350975,20.75
27.899534426629543,20.74
27.901015996932983,20.75
27.902293767780066,20.76
27.903818659484386,20.78
27.905480165034533,20.78
27.906925283372402,20.78
27.90822734311223,20.77
27.90989463403821,20.77
27.91144347190857,20.78
27.912895902991295,20.78
27.914418928325176,20.78
27.915811136364937,20.78
27.91737150400877,20.78
27.918860252946615,20.78
27.920274943113327,20.78
27.921753276139498,20.78
27.92330088093877,20.78
27.924816239625216,20.78
27.92615583911538,20.78
27.927788991481066,20.78
27.92920057475567,20.78
27.93072099238634,20.78
27.932111456990242,20.78
27.93373939394951,20.78
27.935123682022095,20.78
27.93671303987503,20.78
27.93807353451848,20.78
27.939637444913387,20.78
27.941024109721184,20.78
27.942665055394173,20.78
27.943968307226896,20.78
27.945532351732254,20.78
27.947094351053238,20.78
27.94859904795885,20.78
27.949914157390594,20.78
27.951553780585527,20.78
27.952862452715635,20.78
27.95448177307844,20.78
27.955819856375456,20.78
27.95750319957733,20.78
27.95893781259656,20.78
27.960476454347372,20.78
27.962030321359634,20.78
27.96342396736145,20.78
27.964970152825117,20.78
27.96637674048543,20.78
27.967948138713837,20.78
27.96937058493495,20.78
27.970900800079107,20.78
27.972303792834282,20.78
27.973907563835382,20.78
27.975314810872078,20.78
27.976845163851976,20.78
27.978234760463238,20.78
27.97974345460534,20.78
27.981291204690933,20.78
27.982811756432056,20.78
27.984181325882673,20.78
27.985715985298157,20.78
27.98727771267295,20.78
27.988635331392288,20.78
27.990250762552023,20.78
27.991588413715363,20.78
27.993245292454958,20.78
27.994726318866014,20.78
27.996007215231657,20.78
27.997488129884005,20.78
27.999187033623457,20.78
28.00063681602478,20.78
28.0020754262805,20.78
28.003631945699453,20.78
28.005129002034664,20.78
28.00655584782362,20.78
28.008118618279696,20.78
28.009518556296825,20.78
28.011098880320787,20.78
28.012479335069656,20.78
28.014033555984497,20.78
28.015544548630714,20.78
28.016947463154793,20.78
28.018507104367018,20.78
28.019891027361155,20.78
28.02151107043028,20.78
28.022876884788275,20.78
28.02440434321761,20.78
28.02581487223506,20.78
28.027386158704758,20.78
28.028922136873007,20.78
28.03035769984126,20.78
28.031771931797266,20.78
28.033316615968943,20.78
28.034717366099358,20.78
28.036376014351845,20.78
28.03782109543681,20.78
28.039343364536762,20.78
28.040831714868546,20.78
28.042203195393085,20.78
28.04381113499403,20.78
28.045116260647774,20.78
28.046748768538237,20.78
28.04803590849042,20.78
28.049759324640036,20.78
28.0512029863894,20.78
28.052688594907522,20.78
28.054156713187695,20.78
28.0557096414268,20.78
28.057197272777557,20.78
28.058592218905687,20.78
28.060051824897528,20.78
28.06164150685072,20.78
28.0631450638175,20.78
28.064648650586605,20.78
28.066020790487528,20.78
28.06758114695549,20.78
28.068976368755102,20.78
28.070561666041613,20.78
28.07195434346795,20.78
28.073552794754505,20.78
28.07503777369857,20.78
28.07645870745182,20.77
28.077947452664375,20.78
28.079334545880556,20.78
28.080952540040016,20.78
28.082493018358946,20.78
28.083894595503807,20.78
28.085444021970034,20.78
28.08689445629716,20.78
28.088329818099737,20.78
28.089894764125347,20.78
28.09133416041732,20.78
28.092860471457243,20.78
28.094155341386795,20.78
28.095821890980005,20.78
28.097236808389425,20.78
28.09884312003851,20.78
28.100337736308575,20.78
28.101770285516977,20.78
28.10331130027771,20.78
28.104711532592773,20.78
28.106282982975245,20.78
28.10767539218068,20.78
28.109128288924694,20.78
28.11066285148263,20.78
28.112186789512634,20.78
28.113725930452347,20.78
28.115108523517847,20.78
28.116636279970407,20.78
28.11807168647647,20.78
28.1196618527174,20.78
28.121029902249575,20.78
28.122559767216444,20.78
28.124004263430834,20.78
28.125645875930786,20.78
28.126954801380634,20.78
28.128590866923332,20.78
28.129918854683638,20.78
28.131455559283495,20.78
28.133050091564655,20.78
28.134537395089865,20.78
28.135849449783564,20.77
28.13750672340393,20.77
28.138950433582067,20.77
28.140489101409912,20.78
28.141973208636045,20.78
28.143463149666786,20.78
28.144953176379204,20.78
28.1464358009398,20.78
28.147906307131052,20.78
28.149345107376575,20.78
28.150844540446997,20.77
28.1523230150342,20.77
28.153801310807467,20.77
28.15531723946333,20.78
28.156829927116632,20.77
28.158222779631615,20.77
28.159809608012438,20.77
28.16132093220949,20.77
28.162764437496662,20.77
28.16428918391466,20.77
28.165782865136862,20.77
28.16725280880928,20.77
28.168723836541176,20.77
28.170086730271578,20.77
28.171644289046526,20.77
28.173224721103907,20.77
28.17465715110302,20.78
28.176025737076998,20.77
28.17767183855176,20.77
28.17916502431035,20.78
28.18065057322383,20.77
28.182144474238157,20.77
28.183414701372385,20.77
28.185076151043177,20.77
28.18657762929797,20.77
28.188044734299183,20.77
28.1895783059299,20.77
28.191059727221727,20.77
28.19255530461669,20.78
28.19400242343545,20.77
28.19544431567192,20.77
28.197002094238997,20.77
28.19850218296051,20.78
28.19998874142766,20.77
28.201478201895952,20.78
28.20297372713685,20.78
28.204453393816948,20.78
28.205936040729284,20.78
28.207368902862072,20.78
28.208833906799555,20.78
28.21037306264043,20.78
28.21185463666916,20.78
28.213272772729397,20.77
28.214871875941753,20.77
28.216309789568186,20.77
28.217808730900288,20.77
28.219331979751587,20.76
28.22081720083952,20.76
28.222311530262232,20.76
28.223792921751738,20.76
28.225273970514536,20.76
28.22675646096468,20.76
28.22824941202998,20.76
28.22972844541073,20.76
28.231234174221754,20.76
28.232715513557196,20.76
28.234203916043043,20.76
28.23569092527032,20.76
28.237116768956184,20.76
28.2385824508965,20.76
28.24014751240611,20.76
28.24163144081831,20.76
28.243133019655943,20.76
28.244525618851185,20.76
28.246024414896965,20.76
28.247591849416494,20.76
28.249082256108522,20.76
28.250451408326626,20.76
28.252047944813967,20.76
28.253524634987116,20.76
28.25503195822239,20.77
28.256513468921185,20.76
28.25790297985077,20.76
28.25947016850114,20.76
28.260930072516203,20.76
28.262414198368788,20.76
28.263962104916573,20.77
28.265447661280632,20.77
28.266931235790253,20.76
28.26841314136982,20.76
28.269905377179384,20.76
28.271396450698376,20.76
28.272667918354273,20.75
28.27435754239559,20.76
28.27585731074214,20.76
28.27712131291628,20.76
28.278829857707024,20.76
28.280317034572363,20.76
28.281808491796255,20.76
28.283299393951893,20.76
28.284704953432083,20.76
28.286272305995226,20.77
28.287729490548372,20.77
28.289222110062838,20.76
28.29073380306363,20.76
28.292140632867813,20.76
28.29370265826583,20.76
28.2951905913651,20.76
28.296594463288784,20.77
28.298082374036312,20.77
28.29955254495144,20.77
28.301138073205948,20.76
28.302612278610468,20.76
28.304105326533318,20.76
28.305543318390846,20.76
28.307024244219065,20.76
28.308592151850462,20.76
28.309895008802414,20.76
28.311526086181402,20.76
28.313051342964172,20.76
28.314353067427874,20.76
28.316020272672176,20.76
28.31750112771988,20.76
28.318926598876715,20.76
28.320478424429893,20.76
28.32197094708681,20.76
28.323454413563013,20.76
28.32494457811117,20.76
28.3264342546463,20.76
28.32791981101036,20.77
28.32941249012947,20.76
28.33088229969144,20.77
28.332375567406416,20.77
28.333861481398344,20.77
28.335360813885927,20.77
28.336844205856323,20.77
28.33822527900338,20.77
28.33981804549694,20.77
28.34124606102705,20.77
28.34279727190733,20.77
28.344275698065758,20.77
28.345766860991716,20.77
28.347128327935934,20.78
28.348706994205713,20.78
28.350236885249615,20.78
28.351566199213266,20.77
28.35320271551609,20.77
28.354700166732073,20.77
28.356177050620317,20.77
28.357667353004217,20.77
28.359152730554342,20.77
28.36050382256508,20.77
28.362131528556347,20.77
28.363419722765684,20.77
28.36510929837823,20.77
28.36659362912178,20.77
28.36808617413044,20.77
28.36955776438117,20.77
28.370834730565548,20.77
28.37255184724927,20.77
28.374062433838844,20.77
28.37545670941472,20.77
28.37700180336833,20.77
28.37848212197423,20.77
28.379984512925148,20.77
28.381382759660482,20.77
28.38285992667079,20.77
28.384388774633408,20.77
28.385939929634333,20.77
28.387333746999502,20.77
28.388881113380194,20.77
28.39018039032817,20.77
28.391758862882853,20.77
28.393334168940783,20.77
28.394648134708405,20.77
28.396249163895845,20.77
28.397833425551653,20.77
28.399156890809536,20.77
28.400744520127773,20.77
28.402295734733343,20.77
28.403654795140028,20.77
28.405208203941584,20.77
28.406503591686487,20.77
28.408112339675426,20.77
28.409666646271944,20.77
28.41122079268098,20.77
28.412708658725023,20.77
28.414160065352917,20.77
28.415574554353952,20.77
28.4170411080122,20.77
28.418616089969873,20.77
28.41994959488511,20.77
28.421625535935163,20.77
28.423109155148268,20.77
28.42443161085248,20.77
28.426036193966866,20.78
28.427529279142618,20.76
28.428963344544172,20.76
28.430507246404886,20.76
28.431824378669262,20.77
28.43343286588788,20.77
28.435009472072124,20.76
28.436479222029448,20.76
28.437855381518602,20.76
28.439437109977007,20.76
28.44084519520402,20.76
28.442334420979023,20.76
28.443908516317606,20.76
28.445206489413977,20.76
28.44691824540496,20.76
28.448349196463823,20.76
28.449684899300337,20.76
28.4512523598969,20.76
28.452834133058786,20.76
28.454187117516994,20.76
28.45581068471074,20.76
28.45732394233346,20.76
28.45880976691842,20.76
28.460188385099173,20.76
28.46178013086319,20.76
28.4632756896317,20.76
28.46469761058688,20.76
28.466255519539118,20.76
28.467552233487368,20.76
28.46922715380788,20.76
28.47071799263358,20.76
28.472010362893343,20.76
28.473696619272232,20.76
28.47518252581358,20.77
28.47656773403287,20.76
28.478087559342384,20.76
28.479647766798735,20.76
28.480975423008204,20.76
28.482589721679688,20.76
28.483904626220465,20.76
28.48545979708433,20.76
28.487041503190994,20.76
28.488360419869423,20.76
28.490009631961584,20.76
28.49133336544037,20.76
28.492869190871716,20.76
28.49446614086628,20.76
28.495868992060423,20.76
28.497357171028852,20.76
28.498982947319746,20.76
28.500318858772516,20.76
28.501952353864908,20.76
28.50335794687271,20.76
28.504797000437975,20.76
28.506402220577,20.76
28.507699321955442,20.76
28.50929529592395,20.76
28.510885562747717,20.76
28.512208327651024,20.76
28.513816080987453,20.76
28.515353456139565,20.76
28.51667818799615,20.76
28.518285542726517,20.76
28.51963309943676,20.76
28.521195370703936,20.76
28.52275889366865,20.76
28.524235259741545,20.76
28.525738831609488,20.76
28.527238596230745,20.76
28.5286211296916,20.76
28.5301482565701,20.76
28.531673055142164,20.76
28.533038172870874,20.76
28.53465359658003,20.76
28.536152120679617,20.76
28.537577852606773,20.76
28.539115604013205,20.76
28.54054558649659,20.76
28.542029444128275,20.76
28.543588154017925,20.76
28.54501521959901,20.76
28.54652450978756,20.76
28.54806547611952,20.76
28.549448143690825,20.76
28.55099706351757,20.76
28.55251022428274,20.76
28.553879138082266,20.76
28.55548022314906,20.76
28.556784979999065,20.76
28.558351702988148,20.76
28.55992465466261,20.76
28.561398327350616,20.76
28.562825869768858,20.76
28.5644158013165,20.76
28.565781198441982,20.76
28.5673096626997,20.76
28.56887698546052,20.76
28.570192024111748,20.77
28.571779634803534,20.78
28.57336263731122,20.79
28.574692849069834,20.79
28.57629919052124,20.79
28.57761610299349,20.79
28.57928377389908,20.78
28.580784171819687,20.78
28.58225729689002,20.77
28.58377379179001,20.79
28.585263326764107,20.78
28.586740631610155,20.78
28.588226482272148,20.78
28.589705657213926,20.77
28.591197222471237,20.77
28.59269990026951,20.77
28.594172656536102,20.77
28.595664486289024,20.77
28.59693082794547,20.77
28.59841700270772,20.77
28.600128635764122,20.77
28.60163728520274,20.77
28.603050336241722,20.77
28.604599229991436,20.77
28.60601308941841,20.77
28.607558593153954,20.77
28.609050791710615,20.77
28.610542256385088,20.78
28.611970756202936,20.78
28.61351825669408,20.77
28.615010678768158,20.77
28.616501040756702,20.78
28.617871575057507,20.78
28.61946042627096,20.78
28.62085621803999,20.78
28.6223780028522,20.78
28.62391823530197,20.78
28.625392127782106,20.79
28.626753386110067,20.79
28.628390822559595,20.79
28.629865013062954,20.79
28.631360679864883,20.79
28.632864646613598,20.79
28.634320843964815,20.79
28.635820399969816,20.79
28.637302473187447,20.79
28.638672053813934,20.79
28.64028127491474,20.78
28.641772150993347,20.78
28.643049489706755,20.78
28.644745528697968,20.79
28.646247159689665,20.79
28.647661834955215,20.79
28.649200033396482,20.78
28.650546070188284,20.78
28.652140747755766,20.79
28.65366866067052,20.78
28.655086420476437,20.78
28.65663832053542,20.78
28.658136792480946,20.78
28.6596241556108,20.78
28.661101188510656,20.78
28.66259640827775,20.78
28.664056945592165,20.78
28.665500596165657,20.78
28.66705173999071,20.78
28.668513122946024,20.78
28.669910602271557,20.78
28.671408616006374,20.78
28.67289348691702,20.78
28.674335297197104,20.78
28.67594300955534,20.78
28.67746551707387,20.78
28.678967025130987,20.78
28.680447783321142,20.78
28.68192969635129,20.78
28.683274380862713,20.78
28.684905618429184,20.78
28.686398565769196,20.78
28.687883608043194,20.78
28.68936825916171,20.79
28.690746773034334,20.79
28.692298714071512,20.78
28.693832654505968,20.78
28.695273708552122,20.78
28.696810588240623,20.77
28.698283284902573,20.77
28.69979415461421,20.77
28.701227217912674,20.77
28.702770199626684,20.77
28.704258639365435,20.77
28.705659043043852,20.77
28.70721622928977,20.77
28.70848834142089,20.77
28.71016114577651,20.77
28.71169303357601,20.77
28.71313262358308,20.76
28.714625522494316,20.76
28.716152474284172,20.76
28.717626109719276,20.76
28.719031795859337,20.76
28.72053699567914,20.76
28.72209395840764,20.76
28.72357015311718,20.76
28.725042827427387,20.76
28.726560674607754,20.76
28.72804246842861,20.76
28.729523722082376,20.76
28.731019761413336,20.76
28.732501432299614,20.76
28.733993463218212,20.76
28.735486142337322,20.76
28.736973106861115,20.76
28.73846285790205,20.76
28.739931851625443,20.76
28.74141078069806,20.76
28.742919020354748,20.76
28.744400687515736,20.76
28.74585649371147,20.76
28.747384149581194,20.76
28.74885969609022,20.76
28.750354547053576,20.76
28.751856368035078,20.75
28.753265965729952,20.75
28.754831071943045,20.76
28.756214790046215,20.76
28.757793825119734,20.76
28.759280901402235,20.76
28.760775789618492,20.75
28.762252934277058,20.76
28.763738110661507,20.76
28.765115190297365,20.76
28.766711466014385,20.76
28.768074195832014,20.76
28.769690092653036,20.76
28.771189346909523,20.76
28.77267399802804,20.76
28.774151794612408,20.76
28.77565287053585,20.76
28.77713220566511,20.76
28.77861814200878,20.76
28.780109625309706,20.76
28.781595926731825,20.76
28.783074103295803,20.76
28.78455738350749,20.76
28.786036774516106,20.76
