elapsed_time [min],weight [g]
0.600253988057375,0.0,46.44
0.6017415374517441,0.0,46.68
0.6031348630785942,0.0,47.36
0.6045284979045391,0.0,46.59
0.6061528883874416,0.0,46.62
0.6076086275279522,0.0,48.02
0.6090566515922546,0.0,47.82
0.610388096421957,0.0,48.54
0.611986942589283,0.01,49.38
0.6134209781885147,0.01,47.68
0.6148327551782131,0.01,47.47
0.6163119524717331,0.0,48.48
0.6177759319543839,0.0,50.18
0.6191666088998318,0.0,50.47
0.6207057237625122,0.0,50.98
0.6221324987709522,0.0,50.91
0.6235782541334629,0.0,50.45
0.6250643618404865,0.0,53.5
0.6263926848769188,0.01,56.12
0.627953328192234,0.0,48.28
0.6294168271124363,0.01,29.19
0.6308848112821579,0.01,11.87
0.632336188107729,0.0,1.71
0.6337160766124725,0.0,2.3
0.6351683512330055,0.0,2.36
0.6367004401981831,0.0,2.27
0.638160701841116,0.01,2.24
0.6396116465330124,0.0,2.09
0.6409676633775234,0.0,1.97
0.642500426620245,0.0,1.9
0.6439906917512417,0.0,1.87
0.6454362273216248,0.0,1.82
0.6468474604189396,0.01,1.74
0.6482909917831421,0.01,1.72
0.6498049385845661,0.01,1.71
0.6511200666427612,0.01,1.63
0.6526999361813068,0.96,1.59
0.6541280224919319,5.97,1.55
0.6556468866765499,10.55,1.48
0.6570419073104858,15.0,1.44
0.6584436781704426,21.79,1.4
0.6599911563098431,28.61,1.38
0.6614453941583633,33.59,1.3
0.6628672778606415,37.04,1.24
0.664356142282486,38.39,1.23
0.6657524853944778,38.28,1.23
0.6672839000821114,38.18,1.25
0.6687053740024567,38.72,1.17
0.6701782122254372,39.34,1.15
0.6715472899377346,39.08,1.14
0.6730666123330593,38.64,1.12
0.6745708361268044,38.55,1.09
0.6759880520403385,39.07,1.06
0.6774160005152225,40.98,1.07
0.6788737066090107,44.52,1.0
0.6803643107414246,49.15,0.97
0.6818394400179386,53.53,1.0
0.683279525488615,57.05,0.99
0.6847371384501457,59.36,0.95
0.6861952245235443,60.62,0.92
0.6875878535211086,60.19,0.91
0.6890015602111816,59.64,0.9
0.6905475556850433,59.85,0.86
0.6919976249337196,60.06,0.85
0.6934554018080235,59.65,0.84
0.6948696933686733,58.98,0.79
0.6962954923510551,57.98,0.78
0.6977259814739227,54.01,0.8
0.6992846876382828,44.32,0.78
0.7007013522088528,30.69,0.72
0.7022015415132046,19.02,0.71
0.7035945355892181,11.4,0.69
0.7051191441714764,5.82,0.64
0.7065692022442818,2.27,0.63
0.708024151623249,0.59,0.61
0.709422018378973,0.09,0.57
0.7109189406037331,0.01,0.57
0.7123894616961479,0.01,0.55
0.7137355580925941,0.01,0.54
0.7153070904314518,0.01,0.5
0.716731246560812,0.01,0.49
0.7181589119136333,0.01,0.46
0.7196109481155872,0.01,0.44
0.7209693230688572,0.01,0.44
0.7225730121135712,0.01,0.42
0.724026083946228,0.01,0.42
0.7254411242902279,0.01,0.43
0.7268887087702751,0.01,0.41
0.7283174134790897,0.01,0.65
0.7298584170639515,0.01,6.82
0.7312799952924252,0.01,19.65
0.732764970511198,0.01,21.08
0.7342259399592876,0.0,16.02
0.7356786988675594,0.01,18.5
0.7371110916137695,0.01,20.93
0.7385691031813622,0.01,20.92
0.7399932146072388,0.01,21.95
0.7414898350834846,0.01,24.5
0.7429211810231209,0.01,24.17
0.7442977763712406,0.01,26.87
0.745855987071991,0.01,30.21
0.7473256699740887,0.01,32.61
0.7487055845558643,0.01,31.42
0.7501751706004143,0.01,31.7
0.7516534700989723,0.01,28.65
0.7531454563140869,0.01,26.86
0.7545707821846008,0.01,24.99
0.7560018785297871,0.01,23.95
0.757439348846674,0.01,29.83
0.7588730752468109,0.01,37.01
0.7602628357708454,0.01,38.91
0.761870339512825,0.01,32.77
0.7633173987269402,0.01,16.1
0.7647772431373596,0.01,3.89
0.7661628350615501,0.01,1.9
0.767702329903841,0.01,1.87
0.769148264080286,0.01,1.77
0.7706153839826584,0.01,1.62
0.772061076015234,0.01,1.53
0.7735097296535969,0.01,1.45
0.7748833745718002,0.01,1.35
0.7763235308229923,0.01,1.27
0.7778775990009308,0.0,1.19
0.7792869731783867,0.0,1.15
0.7807402014732361,0.01,1.11
0.7822404950857162,0.01,1.02
0.7835536003112793,0.01,0.99
0.7851502932608128,0.01,0.99
0.7865816913545132,0.01,0.9
0.7880733646452427,0.01,0.88
0.789448905736208,0.01,0.82
0.7909806556999683,0.01,0.75
0.7924387343227863,0.01,0.7
0.7938941642642021,0.01,0.66
0.7953446097671986,0.01,0.56
0.796798188239336,0.0,0.5
0.7981628924608231,0.0,0.54
0.799588929861784,0.01,0.59
0.8011536560952663,0.01,0.57
0.8025942407548428,0.01,0.53
0.8040758855640888,0.01,0.51
0.805528599768877,0.01,0.48
0.8068466633558273,0.01,0.45
0.8084391690790653,0.01,0.42
0.8098602667450905,0.01,0.41
0.8113231770694256,0.01,0.42
0.8127877414226532,0.01,0.37
0.8141244053840637,0.01,0.31
0.8157306648790836,0.01,0.33
0.8171538226306438,0.01,0.34
0.8186280988156796,0.01,0.31
0.8200625889003277,0.01,0.27
0.8215017914772034,0.01,0.26
0.8228817321360111,0.01,0.28
0.8244520053267479,0.01,0.27
0.8259002082049847,0.01,0.29
0.8273323178291321,0.01,0.3
0.8287927806377411,0.01,0.3
0.8301933370530605,0.01,0.28
0.8317331746220589,0.01,0.3
0.8331796117126942,0.01,0.31
0.8346079029142857,0.01,0.28
0.8361006416380405,0.01,0.28
0.8374154008924961,0.01,0.23
0.8389700390398502,0.01,0.25
0.8404427357017994,0.01,0.23
0.8418768756091595,0.01,0.23
0.8432957045733929,0.01,0.22
0.8448159471154213,0.01,0.24
0.8461551330983639,0.01,0.23
0.8477274365723133,0.01,0.21
0.8491798266768456,0.01,0.2
0.8506281115114689,0.01,0.1
0.852096676826477,0.01,0.11
0.8534186743199825,0.01,0.15
0.8548471517860889,0.01,0.16
0.8564625643193722,0.01,0.17
0.8579102642834187,0.01,0.17
0.8593172170221806,0.01,0.14
0.8607106506824493,0.01,0.13
0.8622787781059742,0.01,0.14
0.8637428134679794,0.01,0.09
0.8651951923966408,0.01,0.09
0.8666412942111492,0.01,0.1
0.8680317662656307,0.01,0.06
0.8695123679935932,0.01,0.06
0.8710168786346912,0.01,0.05
0.8724377378821373,0.01,0.04
0.8738887943327427,0.01,0.04
0.8753668330609798,0.01,0.0
0.8768406175076962,0.01,0.02
0.8783048130571842,0.01,-0.03
0.8797278478741646,0.01,-0.04
0.8811965845525265,0.01,0.0
0.8826529271900654,0.01,-0.01
0.8841066360473633,0.01,-0.04
0.8855609595775604,0.01,-0.06
0.8870325721800327,0.01,-0.03
0.8884773924946785,0.01,-0.06
0.8899133466184139,0.01,-0.09
0.8913873508572578,0.01,-0.04
0.8928294442594051,0.01,-0.06
0.8943030834197998,0.01,-0.06
0.8957534432411194,0.01,-0.06
0.897206224501133,0.01,-0.05
0.8986640721559525,0.01,-0.05
0.9001196846365929,0.01,-0.06
0.9015689380466938,0.01,-0.11
0.9030213132500648,0.01,-0.09
0.9044858142733574,0.01,-0.1
0.9059334471821785,0.01,-0.12
0.9073994532227516,0.01,-0.11
0.9088523834943771,0.01,-0.11
0.910304132848978,0.01,-0.09
0.9117636568844318,0.01,-0.07
0.9132144637405872,0.01,-0.05
0.9146662205457687,0.01,-0.08
0.9161310382187366,0.01,-0.1
0.917595062404871,0.01,-0.07
0.9190402328968048,0.01,-0.06
0.9204949848353863,0.01,-0.05
0.9219522215425968,0.01,-0.08
0.9233958013355732,0.01,-0.06
0.924856074154377,0.01,-0.09
0.9263195730745792,0.01,-0.11
0.9277799911797047,0.01,-0.13
0.929228413850069,0.01,-0.08
0.9306757748126984,0.01,-0.11
0.9321388341486454,0.01,-0.16
0.9336003549396992,0.01,-0.12
0.9350359998643398,0.01,-0.1
0.936499822884798,0.01,-0.11
0.9379538036882877,0.01,-0.14
0.9394142329692841,0.01,-0.15
0.9408629201352596,0.01,-0.15
0.9423255510628223,0.01,-0.14
0.9437810443341732,0.01,-0.15
0.9452419355511665,0.01,-0.11
0.9466839395463467,0.01,-0.13
0.9481375776231289,0.01,-0.1
0.9496124498546124,0.01,-0.11
0.951058205217123,0.01,-0.17
0.9525184370577335,0.01,-0.16
0.9539697840809822,0.01,-0.13
0.9554176703095436,0.01,-0.18
0.9568826109170914,0.01,-0.16
0.9583396799862385,0.01,-0.1
0.959784135222435,0.01,-0.1
0.9612483717501163,0.01,-0.16
0.962694451212883,0.01,-0.19
0.9641522504389286,0.01,-0.18
0.9656162783503532,0.01,-0.14
0.9670594558119774,0.01,-0.12
0.9685189239680767,0.01,-0.13
0.9699650667607784,0.01,-0.16
0.9714208394289017,0.01,-0.15
0.9728828594088554,0.01,-0.14
0.974340733140707,0.01,-0.14
0.9758021272718906,0.01,-0.19
0.9772589057683945,0.01,-0.21
0.9787129424512386,0.01,-0.16
0.9801496304571629,0.01,-0.16
0.9816208742558956,0.01,-0.17
0.9830706268548965,0.01,-0.12
0.984536424279213,0.01,-0.15
0.9859800525009632,0.01,-0.13
0.9874352179467678,0.01,-0.15
0.9888997413218021,0.01,-0.17
0.9903541877865791,0.01,-0.14
0.9918047748506069,0.01,-0.11
0.9932623654603958,0.01,-0.11
0.9947237372398376,0.01,-0.12
0.9961744509637356,0.01,-0.15
0.9976190701127052,0.01,-0.12
0.9990911707282066,0.01,-0.15
1.0005371309816837,0.01,-0.18
1.0019902810454369,0.01,-0.1
1.0034451186656952,0.01,-0.05
1.0049032866954803,0.01,-0.05
1.0063676312565804,0.01,-0.09
1.0078172460198402,0.01,-0.12
1.0092738904058933,0.01,-0.11
1.0107289999723434,0.01,-0.04
1.0121812671422958,0.01,-0.04
1.0136355608701706,0.01,-0.04
1.015094231814146,0.01,-0.03
1.0165536180138588,0.01,-0.04
1.0180042646825314,0.01,-0.01
1.019464336335659,0.01,-0.02
1.0209042020142078,0.01,-0.0
1.022360235452652,0.01,-0.02
1.0238235220313072,0.01,-0.02
1.0252811200916767,0.01,-0.01
1.0267278030514717,0.01,-0.01
1.0281900018453598,0.01,0.03
1.0296364538371563,0.01,0.03
1.0311010666191578,0.01,0.04
1.0325554125010967,0.01,0.02
1.0340141728520393,0.01,0.0
1.035462573170662,0.01,0.02
1.0369153805077076,0.01,-0.0
1.0383733808994293,0.01,-0.04
1.039837323129177,0.01,-0.01
1.0412947796285152,0.01,0.04
1.0427401326596737,0.01,0.07
1.0441977269947529,0.01,0.03
1.0456541664898396,0.01,0.02
1.0471137836575508,0.01,0.02
1.0485633611679077,0.01,0.04
1.0500131398439407,0.01,0.06
1.0514763221144676,0.01,0.05
1.0529293529689312,0.01,0.06
1.054391734302044,0.01,0.05
1.055834550410509,0.01,0.09
1.0572838671505451,0.01,0.1
1.058743055909872,0.01,0.09
1.0602122209966183,0.01,0.09
1.0616597458720207,0.01,0.13
1.0631191991269588,0.01,0.13
1.064573273062706,0.01,0.15
1.0660307854413986,0.01,0.17
1.0674832426011562,0.01,0.17
1.0689401887357235,0.01,0.16
1.070382971316576,0.01,0.19
1.0718431696295738,0.01,0.19
1.0733023770153522,0.01,0.15
1.074758816510439,0.01,0.15
1.0762140452861786,0.01,0.19
1.0776695311069489,0.01,0.22
1.0791273973882198,0.01,0.21
1.0805816538631916,0.01,0.23
1.08204560354352,0.01,0.23
1.0834876634180546,0.01,0.2
1.084943000227213,0.01,0.2
1.086391732096672,0.01,0.22
1.0878582075238228,0.01,0.24
1.0893158093094826,0.01,0.21
1.0907742008566856,0.01,0.26
1.0922179333865643,0.01,0.27
1.093680452555418,0.01,0.25
1.095120083540678,0.01,0.27
1.0965893603861332,0.01,0.25
1.0980479903519154,0.01,0.29
1.0994926169514656,0.01,0.3
1.100965216755867,0.01,0.32
1.102410927414894,0.01,0.33
1.1038580238819122,0.01,0.31
1.1053165271878242,0.01,0.3
1.1067607402801514,0.01,0.29
1.1082426607608795,0.01,0.3
1.1096830517053604,0.01,0.32
1.111148290336132,0.01,0.35
1.1126037910580635,0.01,0.36
1.1140462048351765,0.01,0.34
1.1155029200017452,0.01,0.35
1.1169618740677834,0.01,0.38
1.118419572710991,0.01,0.41
1.1198702454566956,0.01,0.37
1.1213357411324978,0.01,0.37
1.1227787211537361,0.01,0.39
1.1242474094033241,0.01,0.38
1.1257041916251183,0.01,0.36
1.1271484978497028,0.01,0.39
1.1286086738109589,0.01,0.41
1.1300642937421799,0.01,0.4
1.1315200068056583,0.01,0.4
1.132978305220604,0.01,0.39
1.1344373933970928,0.01,0.38
1.135890293866396,0.01,0.39
1.1373467035591602,0.01,0.42
1.1387973688542843,0.01,0.43
1.1402533538639545,0.01,0.46
1.141699604690075,0.01,0.48
1.143167331814766,0.01,0.51
1.144626196473837,0.01,0.48
1.1460763588547707,0.01,0.47
1.1475273668766022,0.01,0.47
1.1489813700318336,0.01,0.46
1.1504369005560875,0.01,0.46
1.1518993377685547,0.01,0.49
1.1533561237156391,0.01,0.48
1.1548086628317833,0.01,0.43
1.1562530659139156,0.01,0.48
1.157722134143114,0.01,0.47
1.1591735929250717,0.01,0.43
1.160622589290142,0.01,0.41
1.1620852649211884,0.01,0.44
1.1635432504117489,0.01,0.43
1.1649877950549126,0.01,0.41
1.166456151753664,0.01,0.44
1.1679119914770126,0.01,0.4
1.1693632006645203,0.01,0.4
1.1708091385662556,0.01,0.41
1.1722747087478638,0.0,0.44
1.17371267080307,0.01,0.47
1.1751666255295277,0.01,0.41
1.176640685647726,0.01,0.45
1.1780799254775047,0.01,0.47
1.1795450821518898,0.01,0.43
1.1809983551502228,0.01,0.4
1.1824445128440857,0.01,0.44
1.1838904693722725,0.01,0.45
1.1853606477379799,0.01,0.43
1.1868134289979935,0.01,0.42
1.188266832381487,0.01,0.39
1.1897217817604542,0.01,0.39
1.1911848336458206,0.01,0.41
1.1926384903490543,0.01,0.41
1.1940782852470875,0.01,0.4
1.1955422908067703,0.01,0.43
1.19701461866498,0.01,0.43
1.1984695047140121,0.01,0.44
1.1999125927686691,0.01,0.45
1.2013711892068386,0.01,0.37
1.20282431691885,0.01,0.37
1.2042854763567448,0.01,0.43
1.2057255767285824,0.01,0.38
1.207184560596943,0.01,0.41
1.2086398266255856,0.01,0.4
1.2101058512926102,0.01,0.41
1.2115565724670887,0.01,0.37
1.2130182981491089,0.01,0.38
1.2144634686410427,0.01,0.4
1.2159273140132427,0.01,0.4
1.2173815034329891,0.01,0.38
1.218842577189207,0.0,0.42
1.2202968522906303,0.01,0.44
1.221746388822794,0.01,0.42
1.2232004553079605,0.0,0.41
1.2246505096554756,0.0,0.4
1.2261179462075233,0.0,0.44
1.2275742441415787,0.01,0.46
1.2290272451937199,0.01,0.42
1.2304729223251343,0.0,0.4
1.2319341450929642,0.0,0.42
1.233388964086771,0.0,0.39
1.2348430939018726,0.0,0.4
1.2362960502505302,0.01,0.45
1.237753339111805,0.01,0.44
1.2392224296927452,0.0,0.44
1.2406685873866081,0.01,0.51
1.2421320378780365,0.01,0.47
1.2435802146792412,0.0,0.46
1.2450261935591698,0.0,0.46
1.24648979306221,0.0,0.47
1.247942689806223,0.0,0.45
1.2493947073817253,0.0,0.43
1.250850509852171,0.0,0.44
1.2523129507899284,0.0,0.45
1.2537618391215801,0.0,0.45
1.2552222460508347,0.0,0.46
1.2566797360777855,0.0,0.42
1.2581338658928871,0.0,0.42
1.2595972567796707,0.0,0.46
1.2610431760549545,0.0,0.45
1.26250284537673,0.0,0.45
1.2639494203031063,0.0,0.46
1.2654179856181145,0.0,0.43
1.2668588273227215,0.0,0.41
1.2683224231004715,0.0,0.43
1.26977901160717,0.0,0.49
1.2712360806763172,0.0,0.49
1.272678829729557,0.0,0.46
1.274144522845745,0.0,0.45
1.2756017595529556,0.0,0.47
1.277051754295826,0.0,0.45
1.2785136252641678,0.0,0.43
1.2799680791795254,0.0,0.45
1.2814118526875973,0.0,0.48
1.2828819528222084,0.0,0.44
1.284335657954216,0.0,0.44
1.2857815586030483,0.0,0.44
1.2872367203235626,0.0,0.41
1.2886951826512814,0.0,0.44
1.2901417650282383,0.0,0.47
1.2916148602962494,0.0,0.43
1.2930583953857422,0.0,0.42
1.2945123873651028,0.0,0.43
1.2959785610437393,0.0,0.46
1.2974248863756657,0.0,0.48
1.298878487199545,0.0,0.47
1.3003363981842995,0.0,0.47
1.3017857745289803,0.0,0.46
1.303249940276146,0.0,0.39
1.3047005385160446,0.0,0.4
1.3061616457998753,0.0,0.44
1.307609986513853,0.0,0.45
1.3090730495750904,0.0,0.49
1.310524933040142,0.0,0.47
1.3119811154901981,0.0,0.46
1.3134323097765446,0.0,0.47
1.3148910105228424,0.0,0.46
1.3163357451558113,0.0,0.5
1.3178010024130344,0.0,0.51
1.3192545026540756,-0.0,0.52
1.3207097500562668,0.0,0.51
1.3221618980169296,0.0,0.48
1.3236209638416767,0.0,0.49
1.3250719867646694,0.0,0.5
1.3265200704336166,0.0,0.52
1.327978041023016,0.0,0.53
1.3294277712702751,0.0,0.49
1.3308978639543056,0.0,0.49
1.3323478884994984,0.0,0.49
1.333792570978403,0.0,0.47
1.3352650962769985,0.0,0.48
1.3367067016661167,0.0,0.5
1.3381783738732338,0.0,0.5
1.3396230600774288,0.0,0.5
1.3410819508135319,0.0,0.57
1.342537522315979,0.0,0.6
1.3439832888543606,0.0,0.57
1.3454462736845016,0.0,0.53
1.346900798380375,0.0,0.53
1.3483487255871296,0.0,0.52
1.3498073481023312,0.0,0.53
1.3512643463909626,0.0,0.56
1.3527246229350567,0.0,0.59
1.3541702330112457,0.0,0.55
1.3556290976703167,0.0,0.53
1.357088629156351,0.0,0.54
1.358537919819355,0.0,0.57
1.360004335641861,0.0,0.55
1.3614543229341507,0.0,0.54
1.3629127591848373,0.0,0.53
1.3643636927008629,0.0,0.57
1.3658231161534786,0.0,0.61
1.3672809228301048,0.0,0.58
1.3687360472977161,0.0,0.55
1.370195560157299,0.0,0.56
1.371628925204277,0.0,0.57
1.37310042232275,0.0,0.57
1.3745587058365345,0.0,0.56
1.3760093040764332,0.0,0.58
1.3774577341973782,0.0,0.57
1.3789227306842804,0.0,0.58
1.3803672641515732,0.0,0.6
1.381835013628006,0.0,0.6
1.3832964412868023,0.0,0.58
1.384734820574522,0.0,0.62
1.3862034119665623,0.0,0.62
1.3876550123095512,0.0,0.62
1.3891082406044006,0.0,0.59
1.3905680179595947,0.0,0.6
1.3920268379151821,0.0,0.63
1.393480259925127,0.01,0.59
1.3949177451431751,0.0,0.6
1.396386630833149,0.0,0.64
1.3978407755494118,0.0,0.66
1.399296473711729,0.0,0.63
1.4007454179227352,0.0,0.67
1.4022112339735031,0.0,0.7
1.4036652445793152,0.0,0.67
1.4051223248243332,0.0,0.69
1.4065837487578392,0.0,0.72
1.40803736820817,0.0,0.73
1.409492366015911,0.0,0.68
1.4109431467950344,0.0,0.69
1.4124009348452091,0.0,0.7
1.413848027586937,0.0,0.69
1.4153104610741138,0.0,0.71
1.4167654775083065,0.0,0.76
1.4182083830237389,0.0,0.74
1.4196679145097733,0.0,0.73
1.4211312793195248,0.0,0.71
1.4225831776857376,0.0,0.71
1.424045242369175,0.0,0.73
1.425498478114605,0.0,0.71
1.426950365304947,0.0,0.73
1.42840626090765,0.0,0.73
1.4298623465001583,0.0,0.71
1.4313195049762726,0.0,0.73
1.432780183851719,0.0,0.77
1.4342194385826588,0.0,0.77
1.43568804115057,0.0,0.75
1.4371368922293186,0.0,0.76
1.4386024363338947,0.0,0.73
1.440047387033701,0.0,0.72
1.4415012784302235,0.0,0.77
1.442964967340231,0.0,0.77
1.4444176480174065,0.0,0.72
1.4458797052502632,0.0,0.73
1.4473281167447567,0.0,0.75
1.4487758874893188,0.0,0.78
1.450230274349451,0.0,0.81
1.4516905881464481,0.0,0.81
1.4531420804560184,0.0,0.8
1.4546055160462856,0.0,0.73
1.456063624471426,0.0,0.76
1.4575091674923897,0.0,0.72
1.4589624181389809,0.0,0.72
1.4604161083698273,0.0,0.75
1.461879339069128,0.0,0.78
1.463329154998064,0.0,0.79
1.4647875986993313,0.0,0.81
1.4662488847970963,0.01,0.81
1.4676940403878689,0.0,0.8
1.4691490791738033,0.0,0.8
1.4706137254834175,0.0,0.77
1.4720601476728916,0.0,0.78
1.4735239818692207,0.0,0.8
1.474981028586626,0.0,0.81
1.4764299541711807,0.0,0.78
1.477891892194748,0.0,0.77
1.479346975684166,0.0,0.72
1.480790164321661,0.0,0.76
1.482248481363058,0.0,0.78
1.4837119095027447,0.0,0.77
1.4851574450731277,0.0,0.82
1.4866139814257622,0.0,0.84
1.4880705438554287,0.0,0.84
1.489540245383978,0.0,0.84
1.4909944422543049,0.0,0.85
1.4924417734146118,0.0,0.82
1.4938913248479366,0.0,0.79
1.4953567869961262,0.0,0.79
1.4968110173940659,0.0,0.77
1.498265340924263,0.0,0.83
1.4997111819684505,0.0,0.86
1.5011808313429356,0.0,0.87
1.5026366636157036,0.0,0.84
1.504091765731573,0.0,0.85
1.5055497996509075,0.0,0.87
1.5069979578256607,0.0,0.82
1.508455689996481,0.0,0.8
1.5099108144640923,0.0,0.83
1.5113648287951946,0.0,0.82
1.5128264762461185,0.0,0.78
1.5142661891877651,0.0,0.77
1.5157283395528793,0.0,0.81
1.5171728134155273,0.0,0.82
1.5186394304037094,0.0,0.81
1.5200851149857044,0.0,0.79
1.5215516462922096,0.0,0.79
1.5229974426329136,0.0,0.79
1.5244589298963547,0.0,0.84
1.5259130150079727,0.0,0.81
1.527366265654564,0.0,0.78
1.528819877654314,0.0,0.81
1.5302834697067738,0.0,0.79
1.5317317433655262,0.0,0.8
1.5331928618252277,0.0,0.77
1.534646525979042,0.0,0.79
1.5361019931733608,0.0,0.84
1.5375543422996998,0.0,0.85
1.5390108674764633,0.0,0.82
1.54046967998147,0.0,0.78
1.541927546262741,0.0,0.79
1.5433869324624538,0.0,0.8
1.5448356196284294,0.0,0.81
1.5462921969592571,0.0,0.84
1.5477440878748894,0.0,0.81
1.5492097586393356,0.0,0.76
1.550658829510212,0.0,0.79
1.5521162115037441,0.0,0.85
1.553566813468933,0.0,0.86
1.5550168007612228,0.0,0.86
1.5564690604805946,0.0,0.84
1.557927493005991,0.0,0.84
1.5593878626823425,0.0,0.87
1.5608304366469383,0.0,0.87
1.5622934810817242,0.01,0.86
1.5637423247098923,0.0,0.89
1.5652050040662289,0.01,0.84
1.5666577517986298,0.01,0.82
1.568109605461359,0.0,0.8
1.569572128355503,0.01,0.82
1.5710225962102413,0.01,0.82
1.5724822841584682,0.01,0.81
1.573935717344284,0.01,0.84
1.5753915645182133,0.01,0.85
1.5768476761877537,0.01,0.83
1.5782965272665024,0.01,0.82
1.5797540061175823,0.01,0.84
1.5812143571674824,0.01,0.91
1.582661334425211,0.01,0.92
1.5841296166181564,0.01,0.88
1.585584755986929,0.01,0.86
1.587027981877327,0.01,0.87
1.5884837992489338,0.01,0.83
1.5899485722184181,0.01,0.85
1.5913959443569183,0.01,0.86
1.5928659439086914,0.01,0.87
1.5943114757537842,0.01,0.87
1.5957668274641037,0.01,0.93
1.5972312465310097,0.01,0.96
1.5986802764236927,0.01,0.93
1.600135087966919,0.01,0.93
1.601592380553484,0.01,0.95
1.6030592657625675,0.01,0.95
1.6045030988752842,0.01,0.95
1.6059407219290733,0.01,0.96
1.6074090637266636,0.01,0.97
1.608867347240448,0.01,0.96
1.6103276796638966,0.01,0.96
1.6117756441235542,0.01,1.0
1.613225482404232,0.01,0.97
1.6146921589970589,0.01,0.97
1.6161402016878128,0.01,0.96
1.6175913289189339,0.01,0.95
1.6190573647618294,0.01,0.94
1.620510846376419,0.01,0.92
1.6219694204628468,0.01,0.92
1.6234253868460655,0.01,0.94
1.6248667538166046,0.01,0.95
1.6263504587113857,0.01,0.96
1.627790167927742,0.01,0.96
1.629232730716467,0.0,0.94
1.6307071186602116,0.01,0.95
1.6321566626429558,0.01,0.97
1.633600853383541,0.01,0.99
1.6350728273391724,0.01,1.03
1.6365267597138882,0.01,1.01
1.637977447360754,0.0,1.0
1.6394333988428116,0.0,1.04
1.6408883966505527,0.01,1.08
1.6423497088253498,0.01,1.09
1.6437975466251373,0.01,1.11
1.6452442184090614,0.01,1.05
1.646708432585001,0.01,1.09
1.6481710635125637,0.01,1.11
1.6496101915836334,0.01,1.08
1.6510757878422737,0.01,1.06
1.6525304280221462,0.01,1.07
1.6539893299341202,0.01,1.09
1.6554461643099785,0.01,1.09
1.6568965166807175,0.01,1.1
1.658342644572258,0.01,1.14
1.6598003506660461,0.01,1.12
1.661256793886423,0.01,1.11
1.662708155810833,0.01,1.1
1.6641698367893696,0.01,1.08
1.6656263433396816,0.01,1.09
1.6670788414776325,0.01,1.12
1.668520700186491,0.01,1.14
1.6699897088110447,0.01,1.12
1.671440202742815,0.01,1.16
1.6728976480662823,0.01,1.15
1.6743451729416847,0.01,1.13
1.6758010275661945,0.01,1.16
1.6772661693394184,0.01,1.13
1.6787163689732552,0.01,1.13
1.6801711916923523,0.01,1.14
1.681626159697771,0.01,1.16
1.6830904260277748,0.01,1.18
1.684547245502472,0.01,1.21
1.685994978994131,0.01,1.2
1.6874413378536701,0.01,1.16
1.6889066211879253,0.01,1.17
1.6903601326048374,0.01,1.18
1.6918088234961033,0.01,1.18
1.6932618245482445,0.01,1.18
1.694728571921587,0.01,1.18
1.696186177432537,0.01,1.23
1.6976351402699947,0.01,1.23
1.6990856900811195,0.01,1.23
1.700556505471468,0.01,1.24
1.702007219195366,0.0,1.22
1.7034625001251698,0.01,1.24
1.7049212343990803,0.01,1.23
1.7063665464520454,0.01,1.21
1.707823023200035,0.0,1.24
1.7092787772417068,0.0,1.24
1.7107381857931614,0.01,1.21
1.7121873758733273,0.01,1.22
1.7136467099189758,0.01,1.26
1.7151026204228401,0.0,1.25
1.7165564596652985,0.0,1.22
1.7180056124925613,0.01,1.23
1.719457145780325,0.0,1.29
1.7209167405962944,0.0,1.32
1.722376238554716,0.01,1.29
1.723824892193079,0.0,1.26
1.725281249731779,0.0,1.25
1.726753618568182,0.0,1.3
1.7282055504620075,0.0,1.31
1.729656033217907,0.0,1.32
1.7311066910624504,0.0,1.34
1.7325655221939087,0.01,1.34
1.73402189463377,0.01,1.35
1.7354774475097656,0.0,1.36
1.7369287200272083,0.0,1.37
1.7383942194283009,0.0,1.35
1.7398642003536224,0.0,1.35
1.741298172622919,0.0,1.41
1.7427454218268394,0.0,1.43
1.7442083992064,0.0,1.45
1.7456613071262836,0.0,1.38
1.7471291348338127,0.0,1.37
1.7485766634345055,0.0,1.39
1.7500377669930458,0.0,1.41
1.7514834627509117,0.0,1.45
1.7529397644102573,0.0,1.44
1.7543991319835186,0.0,1.42
1.7558595538139343,0.0,1.44
1.757308442145586,0.0,1.46
1.758760578930378,0.0,1.41
1.7602067068219185,0.0,1.41
1.7616731114685535,0.0,1.41
1.7631316632032394,0.0,1.47
1.7645808458328247,0.0,1.5
1.766044721007347,0.0,1.49
1.7674848139286041,0.0,1.47
1.7689482942223549,0.0,1.44
1.7704049795866013,0.0,1.45
1.771862719208002,0.0,1.53
1.773314654827118,0.0,1.52
1.7747733145952225,0.0,1.51
1.776222463697195,0.0,1.53
1.7776772305369377,0.0,1.48
1.7791432812809944,0.0,1.47
1.7805892564356327,0.0,1.49
1.7820503301918507,0.0,1.49
1.7834950424730778,0.0,1.5
1.7849525809288025,0.0,1.5
1.78640615940094,0.0,1.45
1.78787474706769,0.0,1.45
1.789321668446064,0.0,1.49
1.7907811366021633,0.0,1.48
1.7922382466495037,0.0,1.48
1.793690264225006,0.0,1.51
1.7951506711542606,-0.0,1.54
1.7966017834842205,-0.0,1.52
1.7980558909475803,-0.0,1.51
1.7995168194174767,-0.0,1.51
1.8009630218148232,-0.0,1.53
1.802425805479288,-0.0,1.53
1.8038906119763851,-0.0,1.5
1.8053321205079556,-0.0,1.53
1.8067930415272713,-0.0,1.56
1.8082388639450073,-0.0,1.54
1.809692494571209,-0.0,1.52
1.8111638985574245,-0.0,1.5
1.8126221224665642,-0.0,1.5
1.8140643239021301,-0.0,1.53
1.815525822341442,-0.0,1.52
1.8169839046895504,-0.0,1.49
1.8184211738407612,-0.0,1.54
1.8198907263576984,-0.0,1.52
1.8213394060730934,-0.0,1.48
1.8228088058531284,-0.0,1.45
1.8242606036365032,-0.01,1.46
1.8257067389786243,-0.0,1.48
1.8271718174219131,-0.0,1.43
1.8286185450851917,-0.01,1.44
1.8300781585276127,-0.01,1.45
1.831535279750824,-0.01,1.48
1.832975346595049,-0.01,1.48
1.8344427607953548,-0.01,1.5
1.8359004445374012,-0.01,1.5
1.8373628295958042,-0.01,1.51
1.8388137333095074,-0.01,1.53
1.8402717560529709,-0.0,1.51
1.8417182937264442,-0.01,1.45
1.8431734330952168,-0.01,1.48
1.844633761793375,-0.01,1.54
1.8460883982479572,-0.01,1.5
1.8475359790027142,-0.01,1.46
1.8490059226751328,-0.01,1.45
1.8504564687609673,-0.01,1.47
1.8519064635038376,-0.01,1.49
1.8533680140972137,-0.01,1.49
1.8548263683915138,-0.01,1.54
1.856285285204649,-0.01,1.53
1.8577343821525574,-0.01,1.49
1.8591923341155052,-0.01,1.5
1.860644206404686,-0.01,1.48
1.8620998710393906,-0.0,1.49
1.8635501265525818,-0.0,1.52
1.8650006353855133,-0.0,1.52
1.8664705716073513,-0.0,1.48
1.8679219260811806,-0.0,1.5
1.8693834729492664,-0.01,1.5
1.8708300478756428,-0.0,1.49
1.8722743280231953,-0.0,1.5
1.8737233355641365,-0.0,1.5
1.8751853071153164,-0.0,1.46
1.876649759709835,-0.01,1.52
1.8781070783734322,-0.0,1.49
1.8795629665255547,-0.0,1.48
1.8810188248753548,-0.0,1.47
1.8824705481529236,-0.0,1.43
1.8839315064251423,-0.0,1.44
1.8853731155395508,-0.0,1.4
1.8868407681584358,-0.0,1.39
1.888293631374836,-0.0,1.41
1.8897453472018242,-0.0,1.43
1.891210600733757,-0.0,1.45
1.8926561176776886,-0.0,1.43
1.8941103219985962,-0.0,1.47
1.8955761156976223,-0.0,1.44
1.8970328494906425,-0.0,1.44
1.8984751664102077,-0.0,1.46
1.899941734969616,-0.0,1.45
1.9014020822942257,-0.0,1.43
1.9028403013944626,-0.0,1.46
1.9043030589818954,-0.0,1.48
1.9057613015174866,-0.0,1.48
1.9072134494781494,-0.0,1.42
1.9086709395051003,-0.0,1.44
1.9101299718022346,-0.0,1.48
1.9115744307637215,-0.0,1.45
1.9130363687872887,-0.0,1.39
1.9145012982189655,-0.0,1.39
1.9159503020346165,-0.0,1.43
1.9174034893512726,-0.0,1.41
1.9188396409153938,-0.0,1.4
1.920310091227293,-0.0,1.44
1.9217674247920513,-0.0,1.45
1.9232245869934559,-0.0,1.45
1.924681842327118,-0.0,1.42
1.9261386692523956,-0.0,1.41
1.9275945760309696,-0.0,1.4
1.9290535785257816,-0.0,1.39
1.930498082190752,-0.0,1.38
1.9319621287286282,-0.0,1.39
1.9334034025669098,-0.0,1.38
1.9348675794899464,-0.0,1.4
1.9363195858895779,-0.0,1.39
1.9377812780439854,-0.0,1.34
1.9392359778285027,-0.0,1.39
1.9406932219862938,-0.0,1.39
1.9421522319316864,-0.0,1.37
1.9436086416244507,-0.0,1.35
1.9450541846454144,-0.0,1.37
1.9465131610631943,-0.0,1.36
1.947968777269125,-0.0,1.37
1.9494196809828281,-0.0,1.41
1.9508676752448082,-0.0,1.43
1.9523368068039417,-0.0,1.43
1.9537947177886963,-0.0,1.39
1.955242745578289,-0.0,1.44
1.9567015543580055,-0.0,1.44
1.9581564702093601,-0.0,1.39
1.959606595337391,-0.0,1.41
1.9610668942332268,-0.0,1.4
1.9625287912786007,-0.0,1.39
1.9639781154692173,-0.0,1.4
1.9654223248362541,-0.0,1.37
1.9668820574879646,-0.0,1.39
1.9683408699929714,-0.0,1.41
1.969798244535923,-0.0,1.4
1.971255213022232,-0.0,1.38
1.9727099500596523,-0.0,1.37
1.9741645567119122,-0.0,1.39
1.9756225869059563,-0.0,1.4
1.9770865365862846,-0.0,1.4
1.978532314300537,-0.0,1.41
1.979997731745243,-0.0,1.41
1.981444090604782,-0.0,1.41
1.9829029403626919,-0.0,1.42
1.9843676872551441,-0.0,1.38
1.9858023039996624,-0.0,1.36
1.987257108092308,-0.0,1.4
1.9887184984982014,-0.0,1.38
1.9901737868785858,-0.0,1.34
1.9916315264999866,-0.0,1.41
1.9930854737758636,-0.0,1.41
1.994533732533455,-0.0,1.35
1.9959933497011662,-0.0,1.32
1.9974529817700386,-0.0,1.29
1.9988959766924381,-0.0,1.31
2.000361029058695,-0.0,1.35
2.0018183328211308,-0.01,1.37
2.0032648369669914,-0.01,1.3
2.0047320500016212,-0.0,1.29
2.0061785206198692,-0.0,1.3
2.0076327323913574,-0.01,1.32
2.009077128022909,-0.01,1.32
2.0105410367250443,-0.01,1.29
2.0119846910238266,-0.0,1.29
2.013447977602482,-0.0,1.25
2.0149062126874924,-0.01,1.23
2.0163572058081627,-0.01,1.29
2.0178174935281277,-0.01,1.31
2.0192710272967815,-0.0,1.28
2.0207223929464817,-0.01,1.24
2.0221826806664467,-0.01,1.25
2.02363957837224,-0.01,1.29
2.025092676281929,-0.01,1.27
2.0265439078211784,-0.01,1.21
2.028005987405777,-0.01,1.23
2.029455326497555,-0.01,1.23
2.030905783176422,-0.01,1.17
2.032374918460846,-0.01,1.17
2.033823672682047,-0.0,1.22
2.0352791473269463,-0.0,1.31
2.036737769842148,-0.01,1.37
2.0381889641284943,-0.01,1.35
2.0396444648504257,-0.01,1.32
2.041103672236204,-0.01,1.27
2.0425589121878147,-0.01,1.3
2.0440026447176933,-0.01,1.29
2.045468106865883,-0.01,1.29
2.046928074210882,-0.01,1.27
2.0483763217926025,-0.01,1.3
2.0498251505196095,-0.01,1.32
2.0512818060815334,-0.01,1.27
2.0527403242886066,-0.01,1.25
2.054197158664465,-0.0,1.25
2.0556549578905106,-0.0,1.25
2.0571032911539078,-0.01,1.23
2.0585810877382755,-0.0,1.26
2.060037363320589,-0.0,1.27
2.0614606738090515,-0.01,1.27
2.0629394836723804,-0.01,1.28
2.064394701272249,-0.01,1.25
2.0658509768545628,-0.01,1.24
2.067299421876669,-0.01,1.27
2.0687674656510353,-0.01,1.22
2.0702050663530827,-0.01,1.22
2.0716536939144135,-0.01,1.28
2.0731223076581955,-0.01,1.26
2.074575364589691,-0.01,1.27
2.076048757880926,-0.01,1.32
2.077489860355854,-0.01,1.32
2.0789264403283596,-0.01,1.35
2.080396082252264,-0.01,1.33
2.081844102591276,-0.0,1.32
2.083294562995434,-0.0,1.31
2.084759060293436,-0.0,1.28
2.0862157829105854,-0.01,1.28
2.087668154388666,-0.0,1.32
2.0891226790845394,-0.0,1.28
2.090577010065317,-0.0,1.29
2.0920416079461575,-0.0,1.36
2.093492105603218,-0.0,1.38
2.094934646040201,-0.0,1.33
2.096405263990164,-0.0,1.35
2.0978589728474617,-0.0,1.33
2.0993148386478424,-0.0,1.38
2.1007616817951202,-0.0,1.37
2.102230552583933,-0.0,1.36
2.1036771796643734,-0.0,1.33
2.105125617235899,-0.0,1.33
2.1065785624086857,-0.0,1.34
2.1080389320850372,-0.0,1.35
2.1095043681561947,-0.0,1.38
2.1109471432864666,-0.0,1.34
2.1124124452471733,-0.0,1.36
2.11387075856328,-0.0,1.39
2.115314021706581,-0.0,1.39
2.1167760863900185,-0.0,1.41
2.118243046104908,-0.0,1.38
2.1196937449276447,-0.0,1.39
2.121138844639063,-0.0,1.4
2.122584119439125,-0.0,1.37
2.1240606047213078,-0.0,1.34
2.1255112178623676,-0.0,1.35
2.126961797475815,-0.0,1.36
2.128415171056986,-0.0,1.36
2.1298807002604008,-0.0,1.4
2.1313371174037457,-0.0,1.39
2.1327869035303593,-0.0,1.39
2.1342315413057804,-0.0,1.39
2.135697491466999,-0.0,1.39
2.137159451842308,-0.0,1.39
2.1386050917208195,-0.0,1.41
2.1400660276412964,-0.0,1.41
2.1415099278092384,-0.0,1.42
2.1429703570902348,-0.0,1.42
2.144427478313446,-0.0,1.44
2.1458915323019028,-0.0,1.49
2.1473360024392605,-0.0,1.47
2.148796707391739,-0.0,1.42
2.1502529494464397,-0.0,1.4
2.151708200573921,-0.0,1.45
2.153159637004137,-0.0,1.47
2.15462389588356,-0.0,1.47
2.156077992171049,-0.0,1.48
2.157528005540371,-0.0,1.52
2.1589853949844837,-0.0,1.54
2.1604322530329227,-0.0,1.54
2.161895949393511,-0.0,1.54
2.163355279713869,-0.0,1.55
2.1648025661706924,-0.0,1.59
2.1662607192993164,-0.0,1.59
2.1677157059311867,-0.0,1.57
2.1691830717027187,-0.0,1.57
2.1706275083124638,-0.0,1.56
2.172084990888834,-0.0,1.56
2.173538528382778,-0.0,1.55
2.1749942414462566,-0.01,1.57
2.176441326737404,-0.0,1.54
2.177912909537554,-0.0,1.56
2.1793527491390705,-0.0,1.57
2.1808187663555145,-0.0,1.59
2.1822726018726826,-0.01,1.61
2.183709528297186,-0.0,1.61
2.1851834282279015,-0.0,1.6
2.18662890791893,-0.0,1.63
2.188071459531784,-0.01,1.66
2.18954686075449,-0.0,1.63
2.190989825874567,-0.01,1.65
2.1922967173159122,-0.01,1.68
2.1938994862139225,-0.0,1.63
2.195325568318367,-0.01,1.65
2.1967684477567673,-0.01,1.64
2.1981648094952106,-0.0,1.64
2.19968169182539,-0.01,1.65
2.201182261109352,-0.01,1.66
2.2026345022022724,-0.01,1.63
2.204069532454014,-0.0,1.64
2.205468986183405,-0.0,1.67
2.2068713940680027,-0.0,1.65
2.208382785320282,-0.01,1.62
2.2098996974527836,-0.01,1.58
2.211321674287319,-0.01,1.61
2.212739162147045,-0.01,1.63
2.2142201513051987,-0.01,1.64
2.2155893072485924,-0.01,1.66
2.2171819768846035,-0.0,1.64
2.218641936779022,-0.01,1.64
2.2200262919068336,-0.01,1.64
2.2214531898498535,-0.01,1.6
2.2229055166244507,-0.01,1.58
2.2242976874113083,-0.01,1.61
2.2258970625698566,-0.01,1.62
2.2273186072707176,-0.01,1.67
2.2287479266524315,-0.01,1.68
2.230212662369013,-0.01,1.67
2.231719449162483,-0.01,1.66
2.233184203505516,-0.01,1.66
2.2346429750323296,-0.01,1.62
2.2361053451895714,-0.01,1.65
2.237564694136381,-0.01,1.68
2.2388996481895447,-0.01,1.68
2.240472737699747,-0.01,1.68
2.241936057806015,-0.01,1.69
2.2433642260730267,-0.01,1.72
2.2448294274508953,-0.01,1.71
2.2461657524108887,-0.01,1.71
2.2477383762598038,-0.01,1.71
2.249183751642704,-0.01,1.7
2.2506477907299995,-0.01,1.74
2.2520351707935333,-0.01,1.76
2.2535397298634052,-0.01,1.74
2.254964116960764,-0.01,1.77
2.2564798146486282,-0.01,1.76
2.257896602153778,-0.01,1.78
2.25938019156456,-0.01,1.81
2.260838322341442,-0.01,1.76
2.262304987758398,-0.01,1.74
2.263779941946268,-0.01,1.75
2.265208974480629,-0.01,1.78
2.2666096463799477,-0.01,1.81
2.2681216038763523,-0.01,1.78
2.2694514133036137,-0.01,1.75
2.271037735044956,-0.01,1.78
2.272475603967905,-0.01,1.8
2.273943353444338,-0.01,1.82
2.275317657738924,-0.01,1.83
2.2768478021025658,-0.01,1.83
2.2781708128750324,-0.01,1.86
2.279764786362648,-0.01,1.88
2.281192075461149,-0.01,1.86
2.2826360501348972,-0.01,1.87
2.284037262201309,-0.01,1.84
2.2854628823697567,-0.01,1.83
2.2869762890040874,-0.01,1.9
2.2884801626205444,-0.01,1.84
2.289933819323778,-0.01,1.83
2.2913184985518456,-0.01,1.9
2.292810644954443,-0.01,1.92
2.294270798563957,-0.01,1.92
2.2957756258547306,-0.01,1.93
2.2971933782100677,-0.01,1.96
2.298616051673889,-0.01,1.9
2.300028871744871,-0.01,1.86
2.3015377037227154,-0.01,1.91
2.3028762005269527,-0.01,1.94
2.304473716765642,-0.01,1.92
2.3059564605355263,-0.01,1.93
2.307332918047905,-0.01,1.95
2.308750633150339,-0.01,1.95
2.3102857135236263,-0.01,1.97
2.311767816543579,-0.01,1.98
2.3132258020341396,-0.01,2.0
2.314611677080393,-0.01,1.99
2.31611692532897,-0.01,2.0
2.31750151142478,-0.01,2.04
2.3190598264336586,-0.01,2.04
2.320480640977621,-0.01,2.03
2.321896206587553,-0.01,2.06
2.3233516700565815,-0.01,2.02
2.3248793706297874,-0.01,2.02
2.3262500651180744,-0.01,2.02
2.3277706019580364,-0.01,2.01
2.329222697764635,-0.01,2.03
2.330614410340786,-0.01,2.06
2.3320313692092896,-0.01,2.08
2.3336148858070374,-0.01,2.09
2.335058070719242,-0.01,2.07
2.3364771343767643,-0.01,2.04
2.337969858199358,-0.01,2.06
2.339434340596199,-0.01,2.07
2.340783417224884,-0.01,2.07
2.3421665020287037,-0.01,2.09
2.343764003366232,-0.01,2.1
2.345195923000574,-0.01,2.11
2.346702340990305,-0.01,2.1
2.348035827279091,-0.01,2.1
2.349605042487383,-0.01,2.15
2.351054899394512,-0.01,2.15
2.3524782210588455,-0.01,2.14
2.3539032079279423,-0.01,2.11
2.355326432734728,-0.01,2.14
2.356824889779091,-0.01,2.19
2.358256448060274,-0.01,2.2
2.359771128743887,-0.01,2.18
2.361188892275095,-0.01,2.16
2.3626798428595066,-0.01,2.21
2.364087115973234,-0.01,2.23
2.365455161780119,-0.01,2.22
2.367057204246521,-0.01,2.23
2.368486426770687,-0.01,2.22
2.3699065297842026,-0.01,2.23
2.3713210597634315,-0.01,2.22
2.37283031642437,-0.01,2.24
2.3743436597287655,-0.01,2.23
2.3758058212697506,-0.01,2.22
2.377200733870268,-0.01,2.26
2.378667563199997,-0.01,2.24
2.3800368197262287,-0.01,2.24
2.381601858884096,-0.01,2.23
2.383057478815317,-0.01,2.23
2.3844777941703796,-0.01,2.25
2.3859295584261417,-0.01,2.22
2.387386951595545,-0.01,2.22
2.3887491151690483,-0.01,2.23
2.390343725681305,-0.01,2.26
2.3917682506144047,-0.01,2.24
2.393223773688078,-0.01,2.22
2.3946627601981163,-0.01,2.26
2.396136924624443,-0.01,2.28
2.3974613435566425,-0.01,2.3
2.3990569673478603,-0.01,2.32
2.4004791043698788,-0.01,2.26
2.4019693844020367,-0.01,2.24
2.4033268615603447,-0.01,2.23
2.4048968628048897,-0.01,2.27
2.4063495248556137,-0.01,2.28
2.4078028239309788,-0.01,2.25
2.4091921746730804,-0.01,2.24
2.4106127098202705,-0.01,2.21
2.4120790399610996,-0.01,2.21
2.4136312045156956,-0.01,2.28
2.4150609634816647,-0.01,2.28
2.4165487065911293,-0.01,2.25
2.4179056771099567,-0.01,2.21
2.4193937070667744,-0.01,2.25
2.4207992926239967,-0.01,2.31
2.4223475083708763,-0.01,2.27
2.4237676709890366,-0.01,2.29
2.4252635575830936,-0.01,2.3
2.426654029637575,-0.01,2.28
2.4281714856624603,-0.01,2.27
2.429633252322674,-0.01,2.23
2.431089472025633,-0.01,2.27
2.4324792325496674,-0.01,2.3
2.4340064227581024,-0.01,2.28
2.435349151492119,-0.01,2.25
2.436877965927124,-0.01,2.26
2.438368909060955,-0.01,2.27
2.439765650779009,-0.01,2.31
2.4412198439240456,-0.01,2.32
2.4426172859966755,-0.01,2.33
2.444083034992218,-0.01,2.27
2.445639416575432,-0.01,2.29
2.4471002966165543,-0.01,2.32
2.448565684258938,-0.01,2.29
2.449899021536112,-0.01,2.3
2.4513265565037727,-0.01,2.27
2.4529254101216793,-0.01,2.29
2.4543493427336216,-0.01,2.32
2.4558152854442596,-0.01,2.35
2.4571940042078495,-0.01,2.36
2.4586548283696175,-0.01,2.36
2.460209831595421,-0.01,2.38
2.461634114384651,-0.01,2.32
2.4630605690181255,-0.01,2.34
2.464477591216564,-0.01,2.36
2.465907271951437,-0.01,2.34
2.467399038374424,-0.01,2.35
2.4689212553203106,-0.01,2.39
2.470397923141718,-0.01,2.35
2.4717677533626556,-0.01,2.32
2.473197303712368,-0.01,2.34
2.474676739424467,-0.01,2.36
2.476212091743946,-0.01,2.38
2.47763866558671,-0.01,2.44
2.479103397578001,-0.01,2.41
2.480528585612774,-0.01,2.4
2.4819019809365273,-0.01,2.42
2.483386691659689,-0.01,2.44
2.484923604875803,-0.01,2.42
2.4863498769700527,-0.01,2.44
2.4878633692860603,-0.01,2.47
2.489196617156267,-0.01,2.42
2.490770436823368,-0.01,2.42
2.4922140575945377,-0.01,2.43
2.4936408624053,-0.01,2.43
2.495055451989174,-0.01,2.48
2.49647918343544,-0.01,2.45
2.497976679354906,-0.01,2.44
2.499500874429941,-0.01,2.42
2.50096071138978,-0.01,2.43
2.5024186223745346,-0.01,2.48
2.5038711950182915,-0.01,2.44
2.505246013402939,-0.01,2.45
2.5067747868597507,-0.01,2.47
2.508219137787819,-0.01,2.48
2.509696237742901,-0.01,2.46
2.511062253266573,-0.01,2.46
2.5126053541898727,-0.01,2.49
2.5139860659837723,-0.01,2.49
2.5155059583485126,-0.01,2.49
2.516924276947975,-0.01,2.48
2.5183480456471443,-0.01,2.44
2.5198422111570835,-0.01,2.46
2.521242618560791,-0.01,2.48
2.522794209420681,-0.0,2.47
2.5242172069847584,-0.01,2.47
2.5256436578929424,-0.01,2.47
2.5270645581185818,-0.01,2.48
2.528481360524893,-0.0,2.51
2.530037645250559,-0.0,2.51
2.5315051078796387,-0.01,2.49
2.5329309292137623,-0.01,2.49
2.5343527384102345,-0.01,2.47
2.535818465054035,-0.01,2.45
2.5371960662305355,-0.01,2.45
2.5387942269444466,-0.01,2.46
2.540256015956402,-0.0,2.48
2.5416401363909245,-0.0,2.48
2.5430642515420914,-0.0,2.5
2.544530689716339,-0.0,2.56
2.546088207513094,-0.0,2.54
2.54750307276845,-0.01,2.48
2.548923995345831,-0.0,2.51
2.550371430814266,-0.0,2.53
2.5518784672021866,-0.0,2.5
2.553285885602236,-0.0,2.5
2.554798152297735,-0.0,2.45
2.556218735873699,-0.0,2.48
2.5576380155980587,-0.0,2.49
2.559170935302973,-0.0,2.51
2.560599237680435,-0.0,2.54
2.5620843023061752,-0.0,2.5
2.5635066963732243,-0.0,2.54
2.564955547451973,-0.0,2.53
2.5664529651403427,-0.0,2.54
2.5678696781396866,-0.0,2.6
2.5693644285202026,-0.0,2.58
2.5708178393542767,-0.0,2.55
2.572259485721588,-0.0,2.58
2.573726087808609,-0.0,2.58
2.5751826502382755,-0.0,2.56
2.576645825058222,-0.0,2.52
2.5780976563692093,-0.0,2.55
2.5795581936836243,-0.0,2.53
2.581004500389099,-0.0,2.54
2.5823546573519707,-0.0,2.55
2.583892449736595,-0.0,2.56
2.585376348346472,-0.0,2.56
2.5867955461144447,-0.0,2.55
2.5882165618240833,-0.0,2.58
2.5897506773471832,-0.0,2.6
2.5911294780671597,-0.0,2.63
2.592638887465,-0.0,2.58
2.594085142016411,-0.0,2.59
2.5955617167055607,-0.0,2.6
2.596965439617634,-0.0,2.57
2.598440781235695,-0.0,2.58
2.599776975810528,-0.0,2.6
2.6013716012239456,-0.0,2.62
2.6027913093566895,-0.0,2.6
2.6042828410863876,-0.0,2.58
2.6056406386196613,-0.0,2.55
2.607208326458931,-0.0,2.59
2.6086588352918625,-0.0,2.61
2.61010954529047,-0.0,2.58
2.6115095913410187,-0.0,2.55
2.613035712391138,-0.0,2.59
2.6143536008894444,-0.0,2.6
2.6159115731716156,-0.0,2.6
2.617371629923582,-0.0,2.61
2.618850711733103,-0.0,2.61
2.620217114686966,-0.0,2.55
2.621733281761408,-0.0,2.59
2.6230648681521416,-0.0,2.6
2.6246629916131496,-0.0,2.6
2.6261113435029984,-0.0,2.59
2.6275805979967117,-0.0,2.58
2.6290394850075245,-0.0,2.59
2.630425203591585,-0.0,2.6
2.6319505609571934,-0.0,2.61
2.6333700455725193,-0.0,2.57
2.6348604634404182,-0.0,2.58
2.6362539418041706,-0.0,2.6
2.6376754008233547,-0.0,2.62
2.639132335782051,-0.0,2.61
2.6406595669686794,-0.0,2.56
2.6421160772442818,-0.0,2.55
2.643598824739456,-0.0,2.6
2.644960932433605,-0.0,2.57
2.64649947732687,-0.0,2.57
2.6479500718414783,-0.0,2.59
2.6494049690663815,-0.0,2.61
2.6507945768535137,-0.0,2.59
2.6522929668426514,-0.0,2.59
2.653638329356909,-0.0,2.58
2.65523998811841,-0.0,2.59
2.6566652804613113,-0.0,2.59
2.6581441089510918,-0.0,2.58
2.659576188772917,-0.0,2.59
2.6609990932047367,-0.0,2.64
2.66238809004426,-0.0,2.66
2.663966476917267,-0.0,2.62
2.6653716564178467,-0.0,2.58
2.666840512305498,-0.0,2.57
2.6683285981416702,-0.0,2.58
2.669724926352501,-0.0,2.62
2.6712511219084263,-0.0,2.61
2.672669366002083,-0.0,2.6
2.6740911193192005,-0.0,2.62
2.6755109764635563,-0.0,2.63
2.6770700812339783,-0.0,2.58
2.678527493029833,-0.0,2.56
2.6799604073166847,-0.0,2.57
2.681378223001957,-0.0,2.58
2.6827980875968933,-0.0,2.6
2.684281077235937,-0.0,2.57
2.6856457591056824,-0.0,2.58
2.6872422844171524,-0.0,2.64
2.688705734908581,-0.0,2.61
2.6900914795696735,-0.0,2.58
2.691510234028101,-0.0,2.65
2.692976552993059,-0.0,2.66
2.694533571600914,-0.0,2.64
2.6959520541131496,-0.0,2.62
2.697373691946268,-0.0,2.64
2.698865368962288,-0.0,2.62
2.7003452703356743,-0.0,2.63
2.7017643339931965,-0.0,2.65
2.703261073678732,-0.0,2.62
2.7046662271022797,-0.0,2.63
2.7061768136918545,-0.0,2.67
2.70757270231843,-0.0,2.69
2.7090754993259907,-0.0,2.66
2.710541147738695,-0.0,2.67
2.711983911693096,-0.0,2.67
2.713446144014597,-0.0,2.72
2.714903701096773,-0.0,2.69
2.716330908238888,-0.0,2.7
2.717823702841997,-0.0,2.72
2.7192410454154015,-0.0,2.71
2.720722269266844,-0.0,2.69
2.7220852859318256,-0.0,2.71
2.7236497178673744,-0.0,2.73
2.724957164376974,-0.0,2.7
2.7265328653156757,-0.0,2.71
2.7279601208865643,-0.0,2.71
2.729441214352846,-0.0,2.71
2.730795294046402,-0.0,2.73
2.7323630042374134,-0.0,2.74
2.733825135976076,-0.0,2.71
2.735281005501747,-0.0,2.69
2.736661609262228,-0.0,2.73
2.7382049821317196,-0.0,2.72
2.7396338433027267,-0.0,2.73
2.741109970957041,-0.0,2.75
2.7425330132246017,-0.0,2.71
2.743968240916729,-0.0,2.7
2.7454065270721912,-0.0,2.72
2.7467957995831966,-0.0,2.74
2.74835666641593,-0.0,2.76
2.7498237565159798,-0.0,2.75
2.7512422911822796,-0.0,2.71
2.752669706940651,-0.0,2.73
2.754111237823963,-0.0,2.73
2.75551625341177,-0.0,2.71
2.7571141868829727,-0.0,2.71
2.758533276617527,-0.0,2.72
2.7599620521068573,-0.0,2.74
2.761379085481167,-0.0,2.79
2.762872751802206,-0.0,2.76
2.764400091022253,-0.0,2.75
2.7658262364566326,-0.0,2.76
2.767268642783165,-0.0,2.73
2.7687514163553715,-0.0,2.75
2.7700907960534096,-0.0,2.73
2.771581806242466,-0.0,2.74
2.773109745234251,-0.0,2.74
2.7745312824845314,-0.0,2.75
2.7759566828608513,-0.0,2.73
2.777403213083744,-0.0,2.78
2.778798956423998,-0.0,2.81
2.7803976871073246,-0.0,2.78
2.7818254716694355,-0.0,2.77
2.783278226852417,-0.0,2.74
2.7846647948026657,-0.0,2.73
2.7861489728093147,-0.0,2.76
2.787687297910452,-0.0,2.77
2.7891384661197662,-0.0,2.77
2.7905429154634476,-0.0,2.8
2.791976533830166,-0.0,2.79
2.7933759689331055,-0.0,2.77
2.794871896505356,-0.0,2.78
2.7964017391204834,-0.0,2.79
2.797868177294731,-0.0,2.79
2.7993232645094395,-0.0,2.79
2.800683129578829,-0.0,2.77
2.8020891435444355,-0.0,2.75
2.803692225366831,-0.0,2.78
2.805113047361374,-0.0,2.78
2.8065318129956722,-0.01,2.75
2.808006875216961,-0.0,2.77
2.8094611428678036,-0.0,2.77
2.8107997812330723,-0.0,2.78
2.8124006167054176,-0.01,2.79
2.8138211257755756,-0.0,2.75
2.8153326585888863,-0.01,2.78
2.816669140011072,-0.0,2.77
2.8182441890239716,-0.0,2.78
2.81969041377306,-0.0,2.81
2.8211363032460213,-0.0,2.82
2.8226173631846905,-0.0,2.79
2.82405848428607,-0.0,2.79
2.8253960870206356,-0.0,2.75
2.8269777595996857,-0.0,2.78
2.828396763652563,-0.0,2.84
2.829825922846794,-0.0,2.83
2.8313454166054726,-0.0,2.82
2.8327498883008957,-0.0,2.84
2.8341697230935097,-0.0,2.8
2.8356928788125515,-0.0,2.79
2.8371626250445843,-0.0,2.82
2.838534738868475,-0.0,2.83
2.8399974554777145,-0.0,2.79
2.8414640687406063,-0.0,2.81
2.8429809771478176,-0.0,2.83
2.8444024585187435,-0.0,2.79
2.8458599783480167,-0.0,2.79
2.847351387143135,-0.0,2.83
2.848797108978033,-0.0,2.84
2.8502660170197487,-0.0,2.84
2.8517105355858803,-0.0,2.84
2.8531561121344566,-0.0,2.84
2.854551900178194,-0.0,2.84
2.8560205437242985,-0.0,2.81
2.857482634484768,-0.0,2.83
2.858996171504259,-0.0,2.83
2.8604038804769516,-0.0,2.82
2.8619035594165325,-0.0,2.81
2.8632649034261703,-0.0,2.82
2.864711754024029,-0.0,2.83
2.8662675730884075,-0.0,2.82
2.8676952980458736,-0.0,2.84
2.8691756017506123,-0.0,2.85
2.8705386854708195,-0.0,2.89
2.8720966689288616,-0.0,2.85
2.8734645545482635,-0.01,2.83
2.874979879707098,-0.0,2.87
2.876439981162548,-0.0,2.86
2.8778261803090572,-0.0,2.87
2.87924974411726,-0.0,2.85
2.8808220736682415,-0.0,2.88
2.8822724260389805,-0.0,2.86
2.883720938116312,-0.0,2.86
2.885165896266699,-0.01,2.89
2.886641137301922,-0.0,2.92
2.8880809880793095,-0.0,2.92
2.889555286616087,-0.0,2.87
2.8909797966480255,-0.0,2.83
2.892402719706297,-0.0,2.85
2.893891341984272,-0.0,2.85
2.895274206995964,-0.01,2.88
2.8968318067491055,-0.01,2.85
2.898267552256584,-0.0,2.84
2.8997366689145565,-0.0,2.88
2.9011783935129642,-0.0,2.87
2.9026347771286964,-0.01,2.85
2.903956975787878,-0.01,2.88
2.905570324510336,-0.01,2.88
2.9069799445569515,-0.0,2.88
2.908456474542618,-0.01,2.9
2.909827619791031,-0.0,2.88
2.911244176328182,-0.01,2.86
2.9127404056489468,-0.01,2.86
2.9142709895968437,-0.0,2.84
2.9156910479068756,-0.01,2.84
2.91720949485898,-0.0,2.85
2.918536551296711,-0.0,2.83
2.920113407075405,-0.0,2.85
2.9215590842068195,-0.01,2.89
2.9230304248631,-0.0,2.86
2.9244871512055397,-0.0,2.85
2.9259389862418175,-0.0,2.83
2.927356630563736,-0.0,2.84
2.9288466051220894,-0.0,2.89
2.9302702248096466,-0.0,2.9
2.9317436330020428,-0.0,2.86
2.9331608042120934,-0.01,2.86
2.934670940041542,-0.01,2.84
2.9360818825662136,-0.0,2.85
2.9375575818121433,-0.0,2.84
2.939013112336397,-0.01,2.83
2.9404669366776943,-0.0,2.81
2.9419512823224068,-0.0,2.84
2.943413309752941,-0.01,2.87
2.9448474757373333,-0.01,2.87
2.946295738220215,-0.0,2.84
2.9477520138025284,-0.0,2.82
2.949141174554825,-0.0,2.8
2.950629059225321,-0.01,2.82
2.952140126377344,-0.01,2.85
2.9535867646336555,-0.01,2.84
2.9550242610275745,-0.0,2.8
2.9565078541636467,-0.0,2.8
2.957911618053913,-0.0,2.8
2.959368921816349,-0.0,2.77
2.9608707167208195,-0.01,2.8
2.962269552052021,-0.01,2.79
2.963722836226225,-0.01,2.86
2.965226523578167,-0.01,2.9
2.966626964509487,-0.01,2.82
2.968141872435808,-0.01,2.75
2.969560194760561,-0.01,2.81
2.970982387661934,-0.0,2.82
2.9724064767360687,-0.0,2.77
2.9738986641168594,-0.0,2.79
2.9752517603337765,-0.0,2.82
2.9768472239375114,-0.01,2.85
2.978298459202051,-0.0,2.79
2.9797726906836033,-0.0,2.75
2.981179006397724,-0.0,2.78
2.9826261699199677,-0.0,2.8
2.984135627746582,-0.0,2.76
2.985568083822727,-0.0,2.75
2.986982576549053,-0.0,2.75
2.988482866436243,-0.0,2.79
2.9898282438516617,-0.0,2.82
2.9914295002818108,-0.0,2.78
2.99285089597106,-0.0,2.79
2.994344085454941,-0.0,2.79
2.995788287371397,-0.0,2.8
2.9972470700740814,-0.0,2.74
2.998586166650057,-0.0,2.73
3.000145610421896,-0.0,2.75
3.0015640184283257,-0.0,2.74
3.0030473582446575,-0.0,2.79
3.004441037774086,-0.0,2.79
3.0059460438787937,-0.01,2.79
3.007432572543621,-0.01,2.77
3.0088769793510437,-0.01,2.77
3.010270845144987,-0.0,2.78
3.011766280978918,-0.0,2.77
3.0131834112107754,-0.0,2.76
3.0146554261446,-0.0,2.79
3.0161388479173183,-0.0,2.79
3.017563320696354,-0.0,2.74
3.018986586481333,-0.0,2.75
3.0204555131495,-0.01,2.75
3.0218319594860077,-0.0,2.73
3.0234279073774815,-0.0,2.71
3.0248561166226864,-0.0,2.7
3.026283249258995,-0.0,2.74
3.0276984460651875,-0.01,2.7
3.02920388430357,-0.01,2.71
3.0307213738560677,-0.01,2.72
3.0321439169347286,-0.01,2.69
3.033559676259756,-0.0,2.7
3.035090394318104,-0.0,2.67
3.036516211926937,-0.0,2.69
3.037973530590534,-0.01,2.69
3.039434928447008,-0.01,2.67
3.0408765114843845,-0.0,2.64
3.042270388454199,-0.0,2.62
3.043801698833704,-0.0,2.67
3.045242950320244,-0.0,2.7
3.0467174015939236,-0.0,2.68
3.048188168555498,-0.0,2.69
3.049570672214031,-0.0,2.73
3.050988405942917,-0.0,2.76
3.0524978674948215,-0.0,2.77
3.0540060698986053,-0.0,2.75
3.0554344914853573,-0.0,2.71
3.056859362870455,-0.0,2.74
3.058360029011965,-0.0,2.74
3.0597037337720394,-0.0,2.73
3.0612976774573326,-0.0,2.77
3.0627214908599854,-0.0,2.77
3.064147088676691,-0.0,2.77
3.0655974969267845,-0.0,2.73
3.0669860392808914,-0.0,2.76
3.068463709205389,-0.0,2.82
3.0700099654495716,-0.0,2.8
3.0714326947927475,-0.0,2.78
3.07285663112998,-0.0,2.78
3.0743089877068996,-0.0,2.76
3.07570493966341,-0.0,2.81
3.077299330383539,-0.0,2.8
3.0787227638065815,-0.0,2.76
3.0801396667957306,-0.0,2.78
3.0815634056925774,-0.0,2.76
3.083052434027195,-0.0,2.75
3.0844127163290977,-0.0,2.79
3.0860079117119312,-0.0,2.78
3.087432522326708,-0.0,2.82
3.088869147002697,-0.0,2.79
3.090279199182987,-0.0,2.75
3.0917870923876762,-0.0,2.79
3.093314453959465,-0.0,2.81
3.0947268530726433,-0.0,2.82
3.096143502742052,-0.0,2.79
3.097649957984686,-0.0,2.81
3.098991811275482,0.0,2.83
3.100589159876108,0.0,2.84
3.102013397961855,0.0,2.87
3.103436838835478,-0.0,2.81
3.104916740208864,-0.0,2.82
3.1062868908047676,0.0,2.83
3.1078338734805584,0.0,2.87
3.109299287199974,0.0,2.9
3.1107299625873566,-0.0,2.89
3.1121503338217735,-0.0,2.88
3.1136301197111607,-0.0,2.84
3.1149886548519135,-0.0,2.83
3.116589341312647,-0.0,2.82
3.118049480021,-0.0,2.8
3.119502179324627,0.0,2.8
3.120900295674801,-0.0,2.85
3.1223932281136513,0.0,2.85
3.123880572617054,0.0,2.86
3.1253031007945538,0.0,2.86
3.126717645674944,0.0,2.88
3.128198053687811,0.0,2.9
3.1296019852161407,0.0,2.87
3.1311460100114346,0.0,2.86
3.1325849257409573,0.0,2.89
3.1340108402073383,0.0,2.84
3.135429885238409,-0.0,2.84
3.1369680874049664,-0.0,2.89
3.1382747292518616,0.0,2.85
3.1398799270391464,0.0,2.82
3.1413080357015133,0.0,2.83
3.142758395522833,-0.0,2.86
3.1441471613943577,0.0,2.87
3.1456554047763348,0.0,2.86
3.1470251716673374,-0.0,2.87
3.1485946513712406,-0.0,2.86
3.1500147245824337,-0.0,2.89
3.1515237130224705,-0.0,2.91
3.1528590694069862,-0.0,2.87
3.1543706357479095,0.0,2.89
3.1558805257081985,0.0,2.88
3.15730682015419,0.0,2.89
3.1587251126766205,0.0,2.92
3.1602211482822895,0.0,2.94
3.161620073020458,0.0,2.92
3.163164336234331,-0.0,2.91
3.164591357111931,0.0,2.9
3.1660677418112755,0.0,2.91
3.1674690321087837,-0.0,2.93
3.1689701229333878,-0.0,2.94
3.170326765626669,-0.0,2.96
3.1718984693288803,-0.0,2.92
3.1733059398829937,-0.0,2.9
3.1748072803020477,-0.0,2.93
3.1761708222329617,-0.0,2.94
3.1775776147842407,-0.0,2.92
3.1791663616895676,-0.0,2.9
3.1805901043117046,-0.0,2.91
3.182010255753994,-0.0,2.91
3.1834338419139385,-0.0,2.87
3.184976249933243,-0.0,2.88
3.1864521689713,-0.0,2.9
3.1878785341978073,-0.0,2.87
3.189299438148737,-0.0,2.87
3.190738607198,-0.0,2.88
3.1921439357101917,-0.0,2.87
3.1936550587415695,-0.0,2.83
3.1951661854982376,-0.0,2.77
3.196591407060623,-0.0,2.82
3.1980079151690006,-0.0,2.84
3.1995242722332478,-0.0,2.87
3.2008538879454136,-0.0,2.82
3.202459044754505,-0.0,2.84
3.2038807049393654,-0.0,2.88
3.2053740099072456,-0.01,2.85
3.2067264579236507,-0.0,2.83
3.2082943320274353,-0.0,2.81
3.209745656698942,-0.0,2.83
3.2111753337085247,-0.0,2.89
3.2125890888273716,-0.0,2.9
3.214046683162451,-0.0,2.87
3.215458020567894,-0.0,2.84
3.216866437345743,-0.0,2.84
3.2184554673731327,-0.0,2.86
3.2198864929378033,-0.0,2.84
3.2213424295186996,-0.0,2.85
3.2227230444550514,-0.0,2.87
3.2242557406425476,-0.0,2.87
3.225748836994171,-0.0,2.85
3.2271977700293064,-0.0,2.83
3.2285917289555073,-0.0,2.87
3.230060249567032,-0.0,2.83
3.2314799167215824,-0.0,2.82
3.2329823412001133,-0.0,2.83
3.2344612665474415,-0.0,2.82
3.2358885034918785,-0.0,2.8
3.2372988909482956,-0.0,2.83
3.2388392947614193,-0.0,2.83
3.240153230726719,-0.0,2.8
3.241761151701212,-0.0,2.81
3.2431726343929768,-0.0,2.83
3.2446471974253654,-0.0,2.84
3.2460120394825935,-0.0,2.82
3.247562937438488,-0.0,2.78
3.249037578701973,-0.01,2.82
3.2504599764943123,-0.01,2.83
3.2519487515091896,-0.01,2.8
3.2533740997314453,-0.01,2.77
3.2547251023352146,-0.01,2.85
3.2562762796878815,-0.01,2.86
3.257744677364826,-0.0,2.82
3.2591846510767937,-0.0,2.82
3.2605915628373623,-0.0,2.82
3.2621284872293472,-0.0,2.8
3.2634400315582752,-0.0,2.81
3.265038628131151,-0.0,2.82
3.266460184007883,-0.0,2.86
3.2679433710873127,-0.0,2.87
3.2693045400083065,-0.0,2.82
3.270823158323765,-0.0,2.82
3.2723269015550613,-0.0,2.82
3.2737435065209866,-0.0,2.84
3.2751766182482243,-0.0,2.83
3.2766553685069084,-0.0,2.84
3.278013825416565,-0.0,2.84
3.279568921774626,-0.0,2.83
3.2810530066490173,-0.01,2.8
3.282494504004717,-0.01,2.82
3.283964343369007,-0.01,2.83
3.285349488258362,-0.01,2.85
3.2867277897894382,-0.01,2.85
3.2883208096027374,-0.01,2.83
3.2897906079888344,-0.01,2.83
3.2912448905408382,-0.01,2.83
3.292599581182003,-0.01,2.84
3.294095743447542,-0.01,2.86
3.2956170067191124,-0.01,2.85
3.297040853649378,-0.01,2.82
3.298455599695444,-0.01,2.85
3.2999740168452263,-0.01,2.86
3.3014534190297127,-0.01,2.84
3.30280651897192,-0.01,2.85
3.304328139871359,-0.01,2.84
3.3057480603456497,-0.01,2.83
3.3071731440722942,-0.01,2.82
3.308656170964241,-0.01,2.81
3.3101697601377964,-0.01,2.8
3.3116165287792683,-0.01,2.79
3.313038684427738,-0.01,2.79
3.3144925385713577,-0.01,2.81
3.315884079784155,-0.01,2.85
3.3173759058117867,-0.01,2.83
3.3189001120626926,-0.01,2.83
3.320323832333088,-0.01,2.83
3.3217521011829376,-0.01,2.78
3.323170207440853,-0.01,2.75
3.32466958835721,-0.01,2.76
3.3260673880577087,-0.01,2.74
3.327621314674616,-0.01,2.72
3.3290348201990128,-0.01,2.71
3.3305432349443436,-0.01,2.71
3.3319132402539253,-0.01,2.72
3.3334449380636215,-0.01,2.71
3.334902338683605,-0.01,2.75
3.336327090859413,-0.01,2.73
3.337746284902096,-0.01,2.68
3.3391742408275604,-0.01,2.73
3.340720970183611,-0.01,2.68
3.3421969525516033,-0.01,2.69
3.3436147160828114,-0.01,2.7
3.3450672402977943,-0.01,2.73
3.3465467281639576,-0.01,2.77
3.3478830456733704,-0.0,2.74
3.3493544422090054,-0.0,2.72
3.350908849388361,-0.01,2.69
3.352326273918152,-0.01,2.72
3.3537489399313927,-0.01,2.74
3.3551725074648857,-0.01,2.71
3.3567369543015957,-0.01,2.7
3.358196921646595,-0.0,2.65
3.359655525535345,-0.0,2.63
3.3610379733145237,-0.0,2.64
3.3625480607151985,-0.01,2.65
3.363886747509241,-0.01,2.68
3.3654670156538486,-0.0,2.66
3.366908397525549,-0.0,2.68
3.3683778047561646,-0.0,2.68
3.369762934744358,-0.0,2.66
3.3712919279932976,-0.01,2.64
3.3725978061556816,-0.01,2.64
3.374194212257862,-0.01,2.64
3.375652689486742,-0.01,2.63
3.3771065771579742,-0.01,2.64
3.3785570226609707,-0.01,2.65
3.3800217285752296,-0.01,2.66
3.3814861103892326,-0.01,2.65
3.382911302149296,-0.01,2.66
3.3843837343156338,-0.01,2.68
3.3858423121273518,-0.01,2.65
3.387299656867981,-0.01,2.63
3.388752542436123,-0.01,2.64
3.3902140855789185,-0.01,2.65
3.3916668817400932,-0.01,2.65
3.3930396363139153,-0.01,2.67
3.3945387192070484,-0.01,2.64
3.395888838917017,-0.01,2.61
3.397484738379717,-0.01,2.61
3.398944817483425,-0.01,2.59
3.400332823395729,-0.01,2.58
3.4017706364393234,-0.01,2.59
3.4031735844910145,-0.01,2.62
3.404770649969578,-0.01,2.61
3.406235072761774,-0.01,2.6
3.407618209719658,-0.01,2.61
3.4090401753783226,-0.01,2.57
3.4104847870767117,-0.01,2.59
3.4118854887783527,-0.01,2.58
3.4134873002767563,-0.01,2.53
3.414913170039654,-0.01,2.49
3.416355140507221,-0.01,2.48
3.4177473299205303,-0.01,2.54
3.4193305037915707,-0.01,2.5
3.420771174132824,-0.01,2.51
3.4222302734851837,-0.01,2.51
3.423616074025631,-0.01,2.48
3.4251297637820244,-0.01,2.47
3.4266034737229347,-0.01,2.49
3.428058158606291,-0.0,2.47
3.4294999167323112,-0.0,2.5
3.430978413671255,-0.01,2.52
3.432404652237892,-0.0,2.46
3.4337479919195175,-0.0,2.43
3.4353076331317425,-0.0,2.44
3.4367954693734646,-0.0,2.43
3.4382160380482674,-0.0,2.42
3.439694572240114,-0.0,2.39
3.4411504939198494,-0.0,2.39
3.442467223852873,-0.0,2.42
3.4440655782818794,-0.0,2.42
3.4454822093248367,-0.0,2.38
3.4469631798565388,-0.0,2.34
3.4483312144875526,-0.0,2.33
3.44988527148962,-0.01,2.35
3.4512237645685673,-0.0,2.37
3.452780954539776,-0.01,2.35
3.4541925750672817,-0.01,2.32
3.455690708011389,-0.01,2.31
3.4570446647703648,-0.01,2.33
3.458595670759678,-0.01,2.28
3.460062563419342,-0.01,2.29
3.4615100286900997,-0.01,2.31
3.462906576693058,-0.01,2.32
3.4644160717725754,-0.0,2.32
3.4657845199108124,-0.01,2.27
3.4673509262502193,-0.01,2.24
3.468772303313017,-0.01,2.29
3.470204770565033,-0.01,2.32
3.4717151895165443,-0.01,2.31
3.4730435721576214,-0.01,2.27
3.474638380110264,-0.01,2.26
3.476066615432501,-0.01,2.25
3.4775395169854164,-0.01,2.23
3.4789931885898113,-0.01,2.25
3.4804209396243095,-0.0,2.26
3.481836289167404,-0.01,2.23
3.483355574309826,-0.01,2.23
3.484817214310169,-0.01,2.22
3.486258413642645,-0.01,2.22
3.487622894346714,-0.01,2.23
3.4891647212207317,-0.01,2.15
3.4906438030302525,-0.01,2.14
3.4920938909053802,-0.01,2.17
3.493502177298069,-0.01,2.16
3.4949066638946533,-0.01,2.15
3.496358033269644,-0.01,2.16
3.497891388833523,-0.01,2.18
3.49934995919466,-0.01,2.2
3.5008113756775856,-0.0,2.18
3.502202846109867,-0.01,2.18
3.503729425370693,-0.01,2.15
3.505196213722229,-0.01,2.14
3.5066413655877113,-0.01,2.13
3.5080610811710358,-0.01,2.13
3.5094836428761482,-0.01,2.13
3.510914195328951,-0.01,2.12
3.5123333632946014,-0.01,2.13
3.513891451060772,-0.01,2.11
3.5154002495110035,-0.01,2.11
3.5168337672948837,-0.01,2.15
3.5182289257645607,-0.0,2.12
3.5196817815303802,-0.01,2.09
3.5210414044559,-0.01,2.08
3.522642061114311,-0.01,2.06
3.5240701362490654,-0.0,2.04
3.5254916064441204,-0.0,2.08
3.526906616985798,-0.01,2.09
3.528476182371378,-0.01,2.08
3.5299360007047653,-0.0,2.04
3.5313569456338882,-0.01,2.06
3.5327780917286873,-0.01,2.07
3.5341991670429707,-0.01,2.07
3.535622652620077,-0.01,2.07
3.5371314622461796,-0.01,2.07
3.538647338747978,-0.01,2.09
3.5400760918855667,-0.0,2.09
3.541492983698845,-0.0,2.04
3.542976949363947,-0.01,2.05
3.544331457465887,-0.01,2.05
3.545932836830616,-0.01,2.02
3.547352686524391,-0.01,2.03
3.5488347113132477,-0.0,2.02
3.5502464026212692,-0.01,2.03
3.551754765212536,-0.0,2.03
3.5531187430024147,-0.01,2.0
3.5546531341969967,-0.01,2.04
3.5560680255293846,-0.01,2.06
3.5575666800141335,-0.01,2.03
3.5589077956974506,-0.01,2.0
3.560335785150528,-0.01,2.01
3.5619317404925823,-0.01,1.97
3.5633572041988373,-0.01,1.96
3.564780071377754,-0.01,2.03
3.566197719424963,-0.01,2.02
3.567653726786375,-0.01,1.96
3.5690829530358315,-0.01,1.98
3.570641964673996,-0.01,1.99
3.5720643028616905,-0.01,1.97
3.5734863206744194,-0.01,1.96
3.57490873336792,-0.01,1.91
3.5764963068068027,-0.01,1.94
3.5779448598623276,-0.01,1.95
3.579363163560629,-0.01,1.97
3.5807807333767414,-0.01,1.98
3.5822045244276524,-0.01,1.95
3.5836307890713215,-0.01,1.93
3.585219044238329,-0.01,1.9
3.5866459645330906,-0.01,1.92
3.588064130395651,-0.01,1.94
3.58949102088809,-0.01,1.91
3.5909641087055206,-0.01,1.88
3.5925102420151234,-0.01,1.86
3.593936748802662,-0.01,1.88
3.5953570939600468,-0.01,1.91
3.5968076698482037,-0.01,1.89
3.598200526088476,-0.01,1.89
3.599800132215023,-0.0,1.95
3.601226817816496,-0.0,1.94
3.602648366242647,-0.0,1.94
3.604072216898203,-0.0,1.92
3.605509404093027,-0.0,1.92
3.606968317180872,-0.0,1.92
3.608514655381441,-0.0,1.89
3.6099389977753162,-0.0,1.91
3.611354473978281,-0.0,1.88
3.6127762869000435,-0.0,1.89
3.6142576783895493,0.0,1.97
3.6157983019948006,-0.0,1.97
3.6172199696302414,-0.0,1.91
3.6186495199799538,0.0,1.9
3.6200882978737354,0.0,1.92
3.621499489992857,-0.0,1.89
3.6230169720947742,-0.0,1.9
3.624515511095524,0.0,1.92
3.6259425319731236,-0.0,1.92
3.627360913902521,-0.0,1.95
3.6288544833660126,-0.0,1.95
3.630315847694874,-0.0,1.91
3.6318026669323444,-0.0,1.91
3.6332248151302338,-0.0,1.92
3.6346948258578777,-0.0,1.92
3.6361165642738342,-0.0,1.91
3.637594051659107,-0.0,1.92
3.6390949971973896,-0.0,1.93
3.640512142330408,-0.0,1.91
3.6419857926666737,-0.0,1.91
3.6434429325163364,-0.0,1.89
3.644781183451414,-0.0,1.88
3.646299984306097,-0.0,1.91
3.6478054262697697,-0.0,1.91
3.6492240950465202,-0.0,1.94
3.6506500393152237,-0.0,1.96
3.6521280892193317,-0.0,1.96
3.653492383658886,-0.0,1.99
3.655089993029833,-0.0,1.97
3.6565132923424244,-0.0,1.95
3.657961718738079,-0.0,1.96
3.6593555547297,-0.0,1.97
3.660866942256689,-0.0,1.96
3.662213657051325,-0.0,1.94
3.6638213135302067,-0.0,1.89
3.665248740464449,-0.0,1.89
3.666728865355253,-0.0,1.94
3.668072484433651,-0.0,1.98
3.6694923751056194,-0.0,1.96
3.671094376593828,-0.0,1.91
3.6725167594850063,-0.0,1.93
3.6739390939474106,-0.0,1.9
3.6754293218255043,-0.0,1.91
3.676794696599245,-0.0,1.92
3.678200125694275,-0.0,1.92
3.6798062697052956,-0.0,1.92
3.6812839433550835,-0.0,1.9
3.6826480217278004,-0.0,1.91
3.6841175071895123,-0.0,1.88
3.6855811662971973,-0.0,1.89
3.687088653445244,-0.01,1.9
3.688555285334587,-0.01,1.88
3.6899788342416286,-0.01,1.83
3.6913815401494503,-0.01,1.83
3.6927784830331802,-0.01,1.82
3.6943832635879517,-0.01,1.84
3.6958062015473843,-0.01,1.87
3.697231575846672,-0.0,1.84
3.698697529733181,-0.01,1.84
3.700186688452959,-0.01,1.86
3.701670464128256,-0.01,1.88
3.703094720840454,-0.01,1.85
3.704514440149069,-0.01,1.8
3.7060071788728237,-0.0,1.79
3.707355570048094,-0.0,1.81
3.7089297212660313,-0.01,1.8
3.7104014977812767,-0.01,1.82
3.711838770657778,-0.0,1.8
3.713223773986101,-0.0,1.77
3.7147374972701073,-0.0,1.73
3.716073762625456,-0.01,1.73
3.7176705822348595,-0.01,1.77
3.719095468521118,-0.01,1.76
3.720517612993717,-0.01,1.75
3.7219406627118587,-0.01,1.76
3.7234864458441734,-0.01,1.74
3.7249573171138763,-0.01,1.72
3.726377859711647,-0.01,1.7
3.7278057113289833,-0.01,1.7
3.7293128967285156,-0.01,1.71
3.7306466698646545,-0.01,1.71
3.7321513071656227,-0.01,1.71
3.7336733378469944,-0.01,1.73
3.7350883036851883,-0.01,1.7
3.7365167401731014,-0.01,1.66
3.7380032688379288,-0.01,1.63
3.7393613047897816,-0.0,1.62
3.7409559823572636,-0.01,1.62
3.742382477968931,-0.01,1.64
3.7438043653964996,-0.01,1.66
3.7452891133725643,-0.01,1.62
3.746694840490818,-0.01,1.61
3.7480693235993385,-0.01,1.6
3.7496692650020123,-0.0,1.58
3.7510992623865604,-0.0,1.57
3.7526023983955383,-0.01,1.57
3.7540582977235317,-0.01,1.57
3.755483329296112,-0.01,1.55
3.756957098841667,-0.01,1.52
3.758384443819523,-0.01,1.53
3.75980294495821,-0.01,1.55
3.7612804286181927,-0.0,1.53
3.762651100754738,-0.0,1.52
3.7642470374703407,-0.0,1.54
3.7656737752258778,-0.0,1.53
3.7671168744564056,-0.01,1.5
3.768539883196354,-0.01,1.5
3.770006950944662,-0.01,1.46
3.7713561318814754,-0.01,1.49
3.772963035851717,-0.01,1.49
3.774383056908846,-0.01,1.49
3.775818970054388,-0.01,1.5
3.7772670686244965,-0.01,1.48
3.7787691429257393,-0.01,1.5
3.7802520990371704,-0.0,1.45
3.781673014163971,-0.0,1.43
3.7830963991582394,-0.0,1.47
3.7846198678016663,-0.0,1.46
3.785934165120125,-0.0,1.48
3.7875352017581463,-0.0,1.45
3.788989130407572,-0.0,1.41
3.7904413267970085,-0.0,1.42
3.7918025590479374,-0.01,1.48
3.793294668197632,-0.01,1.46
3.7946513071656227,-0.0,1.43
3.7962504662573338,-0.0,1.43
3.797674898058176,-0.0,1.42
3.7991485968232155,-0.0,1.43
3.800634317100048,-0.0,1.43
3.80203315988183,-0.0,1.42
3.8035375960171223,-0.0,1.42
3.8049646131694317,-0.0,1.42
3.806379310786724,-0.01,1.42
3.8079143911600113,-0.0,1.4
3.809224095195532,-0.0,1.35
3.8108258731663227,-0.0,1.31
3.8122728131711483,-0.0,1.3
3.8136770389974117,-0.0,1.36
3.8150966614484787,-0.0,1.39
3.816649917513132,-0.0,1.4
3.817936036735773,-0.0,1.3
3.8195344880223274,-0.0,1.32
3.8209622018039227,-0.01,1.34
3.822418976575136,-0.0,1.32
3.823802337050438,-0.0,1.36
3.8253363855183125,-0.0,1.34
3.8268271014094353,-0.0,1.27
3.8282553032040596,-0.0,1.28
3.829734157770872,-0.0,1.26
3.8311799317598343,-0.0,1.29
3.832590900361538,-0.0,1.29
3.833939526230097,-0.0,1.24
3.8355368971824646,-0.0,1.24
3.836963314563036,-0.0,1.27
3.8383871242403984,-0.0,1.27
3.839805092662573,-0.0,1.26
3.8413195572793484,-0.0,1.27
3.842831276357174,-0.0,1.25
3.8442473709583282,-0.0,1.28
3.845670595765114,-0.0,1.29
3.8471519127488136,-0.0,1.27
3.848514437675476,-0.0,1.27
3.8501206897199154,-0.0,1.29
3.8515426628291607,-0.0,1.3
3.852964960038662,-0.0,1.29
3.85438235104084,-0.0,1.27
3.855916552245617,-0.0,1.27
3.8572689406573772,-0.0,1.23
3.85884228348732,-0.0,1.21
3.860246904194355,-0.0,1.17
3.861678171902895,-0.0,1.19
3.863094922155142,-0.0,1.22
3.8645988404750824,-0.0,1.23
3.8661180026829243,-0.0,1.2
3.867581568658352,-0.0,1.2
3.869000967592001,-0.0,1.22
3.870508875697851,-0.0,1.23
3.8718441650271416,-0.0,1.23
3.873406145721674,-0.0,1.21
3.8748650774359703,-0.0,1.19
3.87625278159976,-0.0,1.2
3.8776741810142994,-0.0,1.24
3.879118975251913,-0.0,1.18
3.880522269755602,-0.0,1.14
3.882121976464987,-0.0,1.14
3.883539706468582,-0.0,1.15
3.8850403018295765,-0.0,1.11
3.8863858468830585,-0.0,1.1
3.887852754443884,-0.0,1.18
3.8894068226218224,-0.0,1.19
3.890862248837948,-0.0,1.19
3.8922541700303555,-0.0,1.15
3.89370821416378,-0.0,1.12
3.8952421322464943,-0.0,1.12
3.8966998606920242,-0.0,1.11
3.898118242621422,-0.0,1.08
3.8995449878275394,-0.01,1.12
3.900964941829443,-0.01,1.12
3.9023841358721256,-0.0,1.1
3.9039418399333954,-0.01,1.11
3.9054106660187244,-0.01,1.13
3.906842041760683,-0.01,1.13
3.908281587064266,-0.01,1.15
3.909760668873787,-0.01,1.16
3.9111468456685543,-0.01,1.13
3.9126977287232876,-0.01,1.09
3.914151806384325,-0.01,1.09
3.9155908077955246,-0.0,1.08
3.916959874331951,-0.01,1.07
3.9184716269373894,-0.01,1.09
3.919982824474573,-0.0,1.08
3.9214086271822453,-0.0,1.07
3.922827772796154,-0.0,1.08
3.924342341721058,-0.01,1.12
3.9257929660379887,-0.01,1.08
3.927235558629036,-0.01,1.09
3.928696621209383,-0.0,1.08
3.9301654174923897,-0.0,1.05
3.9315584041178226,-0.0,1.03
3.9330160804092884,-0.0,1.05
3.9345199540257454,-0.0,1.08
3.935983806848526,-0.0,1.03
3.937449362128973,-0.0,1.04
3.93882954493165,-0.0,1.07
3.940335277467966,-0.0,1.0
3.9418026208877563,-0.0,1.0
3.943277582526207,-0.0,1.06
3.944693375378847,-0.0,1.08
3.9461630806326866,-0.0,1.0
3.9476283565163612,-0.0,0.99
3.949031949043274,-0.0,1.04
3.9504043608903885,-0.0,1.03
3.951984353363514,-0.0,0.98
3.9534114003181458,-0.0,1.03
3.9548793397843838,-0.0,1.01
3.956370986998081,-0.0,1.01
3.957826901227236,-0.0,1.06
3.9592730067670345,-0.0,1.03
3.960738454014063,-0.0,1.0
3.962120659649372,-0.0,1.01
3.963654726743698,-0.0,1.05
3.9650466963648796,-0.0,1.06
3.9665638729929924,-0.0,1.03
3.9680155850946903,-0.0,0.98
3.9694419652223587,-0.0,1.03
3.9709289334714413,-0.0,1.1
3.972377672791481,-0.0,1.09
3.9737659730017185,-0.0,1.03
3.9752967692911625,-0.0,0.99
3.976702056825161,-0.0,1.04
3.9781873300671577,-0.0,1.07
3.979569401592016,-0.0,1.11
3.981109134852886,-0.0,1.09
3.9825787469744682,-0.0,1.05
3.9839856773614883,-0.0,1.03
3.9854063130915165,-0.0,1.06
3.986906945705414,0.0,1.07
3.9882583990693092,-0.0,1.12
3.98978079482913,-0.0,1.11
3.9912732280790806,-0.0,1.08
3.9927461929619312,-0.0,1.08
3.9941792637109756,-0.0,1.1
3.9955765679478645,-0.0,1.12
3.9969618283212185,-0.0,1.1
3.9985798075795174,-0.0,1.07
3.999990787357092,-0.0,1.1
4.001409340649843,-0.0,1.13
4.002949051558971,-0.0,1.13
4.004282560199499,-0.0,1.11
4.005852546542883,-0.0,1.11
4.007276762276888,-0.0,1.12
4.008749548345804,-0.0,1.07
4.0101177133619785,0.0,1.07
4.011722948402166,-0.0,1.15
4.01314602792263,-0.0,1.17
4.014567025005817,-0.0,1.14
4.015984628349543,0.0,1.15
4.017494324594736,-0.0,1.19
4.018835734575987,-0.0,1.17
4.02040583640337,-0.0,1.16
4.021856404840946,-0.0,1.18
4.023315072059631,-0.0,1.18
4.02470026910305,-0.0,1.17
4.026232734322548,-0.0,1.18
4.027542673051357,-0.0,1.2
4.029147423803806,-0.0,1.2
4.030564531683922,-0.0,1.21
4.032046649605036,-0.0,1.22
4.033413972705603,-0.0,1.27
4.034969042986631,-0.0,1.26
4.03640104457736,0.0,1.3
4.03785877674818,0.0,1.29
4.039281141012907,-0.0,1.28
4.040702722966671,0.0,1.29
4.042232882231474,-0.0,1.28
4.043600846081972,-0.0,1.33
4.045144017785788,-0.0,1.35
4.046564411371946,0.0,1.33
4.048014294356108,0.0,1.29
4.049411743879318,0.0,1.32
4.050968382507563,0.0,1.35
4.052424672991037,0.0,1.31
4.053851690143347,0.0,1.34
4.0553045608103275,0.0,1.33
4.056784965097904,0.0,1.29
4.058189257979393,0.0,1.35
4.059700831770897,0.0,1.37
4.061153080314398,0.0,1.37
4.062612000852823,0.0,1.38
4.063989032059908,0.0,1.38
4.06551867723465,0.0,1.33
4.066962290555239,0.0,1.36
4.068401996046305,0.0,1.39
4.069856781512499,0.0,1.39
4.071341473609209,0.0,1.42
4.072755429893732,0.0,1.44
4.074236582964659,0.0,1.45
4.0755754336714745,0.0,1.46
4.077159721404314,0.0,1.46
4.0785642601549625,0.0,1.45
4.079990927129984,0.0,1.43
4.081431843340397,0.0,1.42
4.082835573703051,0.0,1.43
4.084430575370789,0.0,1.45
4.08585412055254,0.0,1.47
4.087312374264002,0.0,1.49
4.088698528707027,0.0,1.48
4.090190686285496,0.0,1.49
4.0916653200984,0.0,1.48
4.093147549778223,0.0,1.5
4.094563975930214,0.0,1.51
4.0959938913583755,0.0,1.5
4.097409840673208,0.01,1.48
4.09887121617794,0.0,1.53
4.100432626903057,0.0,1.51
4.101911045610905,0.0,1.5
4.103357683867216,0.0,1.53
4.104737423360348,0.0,1.52
4.106254182755947,0.0,1.53
4.107722744345665,0.01,1.52
4.109164051711559,0.0,1.52
4.110568106174469,0.0,1.56
4.112081706523895,0.01,1.55
4.113413266837597,0.0,1.55
4.114977546036243,0.0,1.57
4.116434868425131,0.0,1.61
4.117895156145096,0.01,1.58
4.119279149919748,0.01,1.59
4.120808381587267,0.01,1.61
4.122130569070578,0.0,1.62
4.123726200312376,0.01,1.61
4.125150874257088,0.01,1.58
4.126631047576666,0.01,1.54
4.127989217638969,0.01,1.56
4.129511225968599,0.01,1.61
4.131018087267876,0.01,1.63
4.132436729967594,0.01,1.61
4.133858818560839,0.01,1.59
4.135311510413885,0.0,1.62
4.136702794581652,0.0,1.63
4.138208109885454,0.0,1.61
4.139735836535692,0.01,1.6
4.141198206692934,0.01,1.62
4.142579115927219,0.0,1.63
4.144080456346273,0.01,1.66
4.145412046462297,0.0,1.67
4.147017531096935,0.0,1.65
4.14843650534749,0.0,1.69
4.1499340161681175,0.0,1.7
4.151384502649307,0.01,1.68
4.152809999883175,0.01,1.65
4.154302906244993,0.01,1.64
4.155754338949919,0.01,1.63
4.157149486243725,0.01,1.7
4.158630821853876,0.01,1.7
4.160001128911972,0.01,1.63
4.16152073815465,0.01,1.65
4.1630179062485695,0.01,1.68
4.164461798965931,0.01,1.69
4.16592301055789,0.01,1.69
4.167396750301123,0.01,1.73
4.168704994022846,0.01,1.72
4.170312698930502,0.0,1.69
4.171724941581488,0.0,1.71
4.173210132867098,0.0,1.7
4.1745807603001595,0.01,1.67
4.176136698573828,0.0,1.66
4.17759283259511,0.0,1.68
4.179038550704718,0.01,1.7
4.180470325052738,0.01,1.66
4.181943409144878,0.0,1.68
4.18331291154027,0.01,1.74
4.184701267629862,0.0,1.74
4.186308741569519,0.01,1.72
4.18773141130805,0.01,1.76
4.189224269241095,0.01,1.76
4.190678000450134,0.01,1.72
4.192031428217888,0.01,1.74
4.193597450852394,0.01,1.76
4.195017646998167,0.01,1.78
4.196440182626247,0.01,1.78
4.197924043983221,0.01,1.76
4.199312914162874,0.01,1.77
4.200878378003836,0.01,1.8
4.202307973057032,0.0,1.8
4.203722409904003,0.0,1.79
4.205229677259922,0.0,1.79
4.206601105630398,0.0,1.78
4.207990501075983,0.0,1.76
4.209589309990406,0.0,1.79
4.211011778563261,0.0,1.81
4.212436269968748,0.0,1.76
4.213858440518379,0.0,1.77
4.2153350077569485,0.0,1.81
4.216878466308117,0.0,1.8
4.218325782567263,0.0,1.78
4.219751361757517,0.0,1.8
4.221190698444843,0.0,1.79
4.222662318497896,0.0,1.75
4.224079925566912,0.0,1.77
4.22559143230319,0.0,1.84
4.227018266916275,0.0,1.84
4.228434439748526,0.0,1.77
4.22992530465126,0.0,1.82
4.231279421597719,0.0,1.84
4.232885058969259,0.0,1.78
4.234306011348963,0.0,1.74
4.235724121332169,0.0,1.81
4.237146470695734,0.0,1.82
4.238645572215319,0.0,1.81
4.239993289113045,0.0,1.81
4.241592429578304,0.0,1.82
4.243018198758364,0.0,1.8
4.244486518204212,0.0,1.8
4.245860606431961,0.0,1.83
4.247406989336014,0.0,1.87
4.248881332576275,0.0,1.88
4.250309478491545,0.0,1.88
4.251728501170874,0.0,1.86
4.253245905041695,0.0,1.9
4.254661113023758,0.0,1.87
4.256170749664307,0.0,1.82
4.2575982585549355,0.0,1.8
4.25901660323143,0.0,1.82
4.260441187769175,0.0,1.89
4.261912997812033,0.0,1.85
4.263368558138609,0.0,1.82
4.264882083982229,0.0,1.84
4.266314174979925,0.0,1.84
4.267729613929987,0.0,1.82
4.269230857491493,0.0,1.83
4.270578637719154,0.0,1.83
4.272176414728165,0.0,1.85
4.273598823696375,0.0,1.87
4.275062404572964,0.0,1.87
4.276441279798746,0.0,1.84
4.277948617935181,0.0,1.86
4.279468305408955,0.0,1.87
4.280910134315491,0.0,1.88
4.282306134700775,0.0,1.88
4.283807180821896,0.0,1.9
4.285167381167412,0.0,1.9
4.286570720374584,0.0,1.91
4.288174279034138,0.0,1.88
4.289594169706106,0.0,1.87
4.291076838970184,0.0,1.93
4.292442735284567,0.0,1.94
4.293922532349825,0.0,1.93
4.295466486364603,0.0,1.93
4.296885326504707,0.0,1.91
4.298313859850168,0.0,1.91
4.299790918827057,0.0,1.97
4.301158234477043,0.0,1.98
4.302755914628506,0.0,1.95
4.304174963384867,0.0,1.95
4.305598080158234,0.0,1.96
4.30702805146575,0.0,1.94
4.308571420609951,0.0,1.95
4.3098605163395405,0.0,1.95
4.3114620968699455,0.0,1.95
4.312895439565182,0.0,1.96
4.314305383712053,0.0,1.99
4.315732832998037,0.0,1.96
4.317207146435976,0.0,1.97
4.318755991756916,0.0,1.96
4.320178974419832,0.0,2.04
4.321644779294729,-0.0,2.1
4.323054827749729,0.0,2.04
4.324498549103737,0.0,2.03
4.325978152453899,0.0,2.07
4.327479250729084,0.0,2.01
4.328917272388935,0.0,1.98
4.330312319099903,0.0,1.97
4.331838980317116,0.0,2.0
4.3333307802677155,0.0,2.05
4.334750425070524,0.0,2.05
4.336177386343479,0.0,2.04
4.337659362703562,0.0,2.03
4.33911494910717,0.0,2.02
4.340570028871298,0.0,2.05
4.342044245451689,0.0,2.04
4.343471582978964,0.0,2.05
4.344889841973782,0.0,2.02
4.346395246684551,0.0,2.0
4.347830377519131,0.0,1.99
4.349150154739618,0.0,1.98
4.350756254047155,0.0,2.0
4.352174565196037,0.0,2.04
4.353607602417469,-0.0,2.05
4.3550302013754845,-0.0,2.05
4.356524754315615,-0.0,2.04
4.35804233700037,0.0,2.04
4.359510660171509,0.0,2.0
4.360884133726358,0.0,2.01
4.362368937581778,0.0,2.02
4.363730162382126,0.0,2.01
4.365291438996792,0.0,2.01
4.366749156266451,0.0,2.04
4.368234355002642,0.0,1.99
4.369599748402834,-0.0,1.96
4.3711325116455555,0.0,1.97
4.37244738638401,0.0,1.99
4.374038875102997,0.0,2.0
4.37546094506979,0.0,1.96
4.376973919570446,0.0,1.91
4.378429889678955,0.0,1.96
4.379865996539593,0.0,1.98
4.381344549357891,0.0,1.97
4.382787652313709,0.0,1.96
4.384176030755043,0.0,1.98
4.3856978714466095,0.0,1.97
4.387019366025925,0.0,1.99
4.3884413950145245,0.0,1.96
4.390045329928398,0.0,1.93
4.391462080180645,0.0,1.93
4.392971724271774,0.0,1.93
4.394356332719326,0.0,1.95
4.395847488194704,0.0,1.91
4.397329591214657,0.0,1.93
4.398753132671118,0.0,1.95
4.400179896503687,0.0,1.96
4.401703950017691,0.0,1.95
4.403047267347574,0.0,1.97
4.404618561267853,0.0,1.98
4.4060443341732025,0.0,1.98
4.4075045324862,0.0,1.96
4.4089270904660225,0.0,1.94
4.410442404448986,0.0,1.94
4.411778636276722,0.0,1.95
4.413352724164724,0.0,1.98
4.414753470569849,0.0,1.98
4.416256662458181,0.0,1.95
4.417641129344702,0.0,1.98
4.419174376875162,0.0,1.99
4.420619659125805,0.0,1.98
4.422081593424082,0.0,1.96
4.42346653714776,0.0,1.99
4.4249779507517815,0.0,1.95
4.426311779767275,0.0,1.92
4.427895106375217,0.0,1.93
4.429330665618181,0.0,1.96
4.430805619806051,0.0,1.92
4.432176634669304,0.0,1.94
4.4337135180830956,0.0,1.95
4.435062997043133,0.0,1.94
4.436635956168175,0.0,1.93
4.438040632754564,0.0,1.95
4.43953413516283,0.0,1.95
4.440966363996267,0.0,1.96
4.442448455840349,0.0,1.98
4.443914107978344,0.0,1.96
4.445351254194975,0.0,1.96
4.446754988282919,0.0,1.96
4.448269218206406,0.0,1.91
4.449655883014202,0.0,1.95
4.451021146029234,0.0,1.97
4.452620260417461,0.0,1.95
4.454081237316132,0.0,1.94
4.455501604825258,0.0,1.95
4.457015506923199,0.0,1.98
4.458312690258026,0.0,1.97
4.459917422384024,0.0,1.97
4.4613598473370075,0.0,1.97
4.462810035794973,0.0,1.98
4.464245583862066,0.0,1.99
4.465733557939529,0.0,2.01
4.46719628572464,0.0,2.0
4.468647811561823,0.0,2.0
4.470044318586588,0.0,2.01
4.471543733030558,0.0,2.03
4.47300972789526,0.0,2.02
4.474469214677811,0.0,2.0
4.475913319736719,0.0,1.98
4.477385379374027,0.0,2.06
4.478842124342918,0.0,2.07
4.480299077928066,0.0,2.02
4.481744322925806,0.0,2.04
4.483201753348112,0.0,2.06
4.484655011445284,0.0,2.05
4.4861133471131325,0.0,2.03
4.487502511590719,0.0,2.0
4.489002652466297,0.0,2.01
4.490487828850746,0.0,2.0
4.491949770599604,0.0,1.96
4.4934044405817986,0.0,2.01
4.4947835467755795,0.0,2.0
4.4963156543672085,0.0,1.93
4.49777452647686,0.0,1.96
4.499216675758362,0.0,2.0
4.500665191560984,0.0,1.99
4.502134565263987,0.0,2.03
4.503589641302824,0.0,2.03
4.505037747323513,0.0,2.03
4.506489049643278,0.0,2.04
4.507951762527227,0.0,2.05
4.509334359318018,0.0,2.04
4.510870009660721,-0.0,1.99
4.512310434132814,0.0,1.98
4.513776797801256,0.0,2.06
4.515227388590574,0.0,2.07
4.516658261418343,0.0,2.05
4.518107749521732,0.0,2.02
4.519586693495512,0.0,2.01
4.5210472866892815,0.0,2.03
4.522488962858915,0.0,2.04
4.523962788283825,0.0,2.02
4.525403257459402,0.0,2.0
4.526805218309164,0.0,1.99
4.528318338096142,0.0,2.02
4.529782585799694,0.0,2.03
4.5312368385493755,0.0,2.03
4.53264781460166,0.0,2.02
4.53414037451148,0.0,2.02
4.535597838461399,0.0,2.02
4.536995127797127,0.0,2.01
4.538516882807016,0.0,2.04
4.539944794028997,0.0,2.03
4.541388094425201,0.0,2.02
4.54288187250495,0.0,2.02
4.544337023049593,0.0,2.03
4.5457821153104305,0.0,2.01
4.547246299684048,0.0,2.04
4.5486994832754135,-0.0,2.02
4.550176862627268,-0.0,2.03
4.551607146859169,-0.0,1.98
4.55307250469923,-0.0,1.99
4.554522808641195,-0.0,2.01
4.555980987846851,0.0,2.03
4.557432696223259,0.0,2.04
4.558846537023783,-0.0,2.02
4.560359131544828,-0.0,2.01
4.561783321201801,0.0,2.01
4.563251368701458,0.0,2.05
4.56466406956315,-0.0,2.03
4.566174603998661,-0.0,2.03
4.567625660449266,-0.0,1.99
4.569072473794222,-0.0,1.95
4.570533372461796,-0.0,2.01
4.571998085826635,-0.0,2.03
4.573441840708256,-0.0,2.01
4.574898447841406,-0.0,2.03
4.5763618014752865,-0.0,2.0
4.57781371101737,-0.0,1.99
4.579266309738159,-0.0,2.01
4.58072941750288,-0.0,2.02
4.582183040678501,-0.0,1.97
4.583635151386261,-0.0,1.98
4.585078828036785,-0.0,2.05
4.586549252271652,-0.0,2.02
4.588003408163786,-0.0,2.03
4.5894536934792995,-0.0,2.01
4.590775523334742,-0.0,1.99
4.592358823865652,-0.0,2.01
4.5937816090881824,-0.0,1.99
4.5952573493123055,-0.0,1.96
4.596735630184412,-0.0,1.98
4.598189380019903,-0.0,1.96
4.599647853523493,-0.0,1.95
4.6010842844843864,-0.0,1.97
4.6024885550141335,-0.0,1.98
4.603984829038382,-0.0,1.98
4.605410348623991,-0.0,1.97
4.606921460479498,-0.0,1.96
4.608376886695623,-0.0,1.93
4.609838664531708,-0.0,1.99
4.61128307133913,-0.0,1.99
4.612642660737038,-0.0,1.98
4.614189650863409,-0.0,1.97
4.615660447627306,-0.0,1.94
4.617106959223747,-0.0,1.95
4.618560008704662,-0.0,1.94
4.62002482637763,-0.0,1.97
4.621402740478516,-0.0,1.96
4.622933346778154,-0.0,1.94
4.624358616769314,-0.0,1.97
4.625806745141745,-0.0,1.97
4.627297006547451,-0.0,1.93
4.628737095743418,-0.0,1.88
4.630210570991039,-0.0,1.9
4.631644733250141,-0.0,1.91
4.633096858859062,-0.0,1.94
4.634553957730532,-0.0,1.94
4.635980099439621,-0.0,1.97
4.637483615428209,-0.0,1.98
4.638950113207102,-0.0,1.91
4.640386365354061,-0.0,1.88
4.641831297427416,-0.0,1.91
4.6432826071977615,-0.0,1.96
4.644682552665472,-0.0,1.98
4.6462258622050285,-0.0,1.96
4.647663604468107,-0.0,1.98
4.649131245911121,-0.0,1.98
4.6505871675908566,-0.0,1.96
4.651912201195955,-0.0,1.96
4.653394710272551,-0.0,1.99
4.654949173331261,-0.0,1.92
4.6563564240932465,-0.0,1.87
4.657859403640032,-0.0,1.93
4.659315656870604,-0.0,1.95
4.660739369690418,-0.0,1.94
4.662227097898722,-0.0,1.94
4.663673289120197,-0.0,1.93
4.665140978991985,-0.0,1.95
4.666556086391211,-0.0,1.94
4.668026834726334,-0.0,1.94
4.669482015073299,-0.0,1.91
4.670966740697622,-0.0,1.89
4.67236303538084,-0.0,1.9
4.673862762749195,-0.0,1.9
4.675302926450968,-0.0,1.93
4.6767550483345985,-0.0,1.92
4.6782306507229805,-0.0,1.93
4.6796696819365025,-0.0,1.93
4.68113661184907,-0.0,1.91
4.682492900639772,-0.0,1.89
4.6840494349598885,-0.0,1.93
4.685468975454569,-0.0,1.94
4.686957988888025,-0.0,1.93
4.68841727823019,-0.0,1.93
4.689858675003052,-0.0,1.91
4.691311962902546,-0.0,1.88
4.692767955362797,-0.0,1.89
4.694225084036589,-0.0,1.93
4.695692829787731,-0.0,1.93
4.697146199643612,-0.0,1.91
4.698549069464207,0.0,1.94
4.699944034218788,0.0,1.93
4.701515421271324,-0.0,1.9
4.7029406651854515,-0.0,1.95
4.704411920160055,-0.0,1.94
4.705882839858532,-0.0,1.92
4.707336507737637,-0.0,1.94
4.70874610543251,0.0,1.95
4.710227310657501,-0.0,1.95
4.711699780076742,-0.0,1.93
4.713158257305622,-0.0,1.91
4.714610993862152,0.0,1.9
4.716069862246513,0.0,1.91
4.717518482357264,0.0,1.85
4.718939650803804,0.0,1.88
4.720428291708231,-0.0,1.91
4.721826158463955,0.0,1.88
4.723342549055815,0.0,1.85
4.724745664745569,0.0,1.82
4.7262541726231575,0.0,1.84
4.7277056612074375,0.0,1.85
4.729155048727989,0.0,1.86
4.730596724897623,0.0,1.85
4.732066120952368,0.0,1.87
4.733519107103348,0.0,1.87
4.734937742352486,0.0,1.88
4.736409820616245,0.0,1.88
4.73781531304121,0.0,1.86
4.739317134022713,0.0,1.86
4.740807510912418,0.0,1.85
4.7422300316393375,0.0,1.86
4.743719112128019,0.0,1.88
4.74511256814003,0.0,1.83
4.7466273419559,0.0,1.86
4.74807520583272,0.0,1.88
4.749535039067268,0.0,1.81
4.750978074967861,0.0,1.83
4.7524533942341805,0.0,1.82
4.753905113786459,0.0,1.88
4.75536622479558,0.0,1.85
4.756821807473898,0.0,1.81
4.758264318108559,0.0,1.85
4.759736064821482,0.0,1.86
4.761175639927387,0.0,1.85
4.7626410238444805,0.0,1.87
4.764094285666943,0.0,1.9
4.765551060438156,0.0,1.91
4.767000380903482,0.0,1.88
4.768459461629391,0.0,1.88
4.769923165440559,0.0,1.85
4.771204736083746,0.0,1.81
4.772809576243162,0.0,1.85
4.77427688613534,0.0,1.85
4.775737415999174,0.0,1.84
4.777156423777342,0.0,1.84
4.778644949197769,0.0,1.83
4.7800949439406395,0.0,1.83
4.781556393951178,0.0,1.83
4.78294950351119,0.0,1.84
4.784463826566935,0.0,1.82
4.7859068512916565,0.0,1.82
4.787368785589933,0.0,1.88
4.788804337382317,0.0,1.89
4.790289703756571,0.0,1.82
4.791733987629414,0.0,1.84
4.793187748640776,0.0,1.84
4.794651739299297,0.0,1.83
4.796100724488497,-0.0,1.86
4.797516498714685,-0.0,1.85
4.799019310623407,-0.0,1.79
4.800474792718887,0.0,1.79
4.801896411925554,0.0,1.79
4.803385362029076,-0.0,1.81
4.804841637611389,-0.0,1.8
4.80626941844821,-0.0,1.84
4.8077381402254105,0.0,1.84
4.8092100992798805,0.0,1.83
4.810529623180628,0.0,1.82
4.812101263552904,-0.0,1.8
4.813568715006113,-0.0,1.77
4.81503588706255,-0.0,1.77
4.816487435251474,-0.0,1.78
4.817942596971989,-0.0,1.83
4.81938723474741,-0.0,1.84
4.820805199444294,0.0,1.8
4.822281569242477,0.0,1.78
4.823762718588114,-0.0,1.78
4.8252129554748535,-0.0,1.8
4.826675154268742,-0.0,1.77
4.828129082918167,-0.0,1.77
4.829565338790417,-0.0,1.75
4.831021454185247,-0.0,1.76
4.832406215369701,0.0,1.8
4.833940729498863,-0.0,1.78
4.835395660251379,-0.0,1.79
4.836805142462254,-0.0,1.79
4.838270753622055,-0.0,1.76
4.8397656455636024,-0.0,1.73
4.841221701353788,-0.0,1.77
4.842674698680639,-0.0,1.79
4.8441031239926815,-0.0,1.78
4.84559478983283,-0.0,1.77
4.847051523625851,-0.0,1.74
4.8484269939363,-0.0,1.74
4.849962115287781,-0.0,1.77
4.851405195891857,-0.0,1.76
4.8528575003147125,-0.0,1.72
4.854235198348761,-0.0,1.71
4.855772722512484,0.0,1.74
4.857167173177004,0.0,1.77
4.8586776703596115,0.0,1.77
4.860146019607782,0.0,1.75
4.861538641154766,-0.0,1.8
4.862942863255739,-0.0,1.8
4.864514302462339,-0.0,1.78
4.865963269025087,0.0,1.78
4.867428205907345,-0.0,1.74
4.8688684441149235,0.0,1.71
4.870298933237791,0.0,1.78
4.871786840260029,0.0,1.77
4.873111076653004,0.0,1.77
4.874692715704441,0.0,1.76
4.876145113259554,0.0,1.75
4.877608604729176,0.0,1.75
4.878988452255726,0.0,1.71
4.880481950938702,0.0,1.72
4.881966341286898,0.0,1.77
4.883431263267994,0.0,1.8
4.8848782777786255,0.0,1.78
4.886284373700619,-0.0,1.76
4.887656319886446,-0.0,1.73
4.889256425201893,0.0,1.66
4.890679232776165,0.0,1.69
4.892151698470116,0.0,1.78
4.893582426011562,0.0,1.79
4.8950584679841995,0.0,1.77
4.8965351320803165,-0.0,1.74
4.898000501096249,-0.0,1.71
4.899388037621975,-0.0,1.73
4.900897189974785,-0.0,1.71
4.9023501463234425,0.0,1.73
4.90379460901022,-0.0,1.75
4.905268952250481,-0.0,1.73
4.9067276157438755,-0.0,1.7
4.9081754721701145,-0.0,1.71
4.909629907459021,-0.0,1.7
4.910997796803713,-0.0,1.73
4.912540473043919,-0.0,1.71
4.913991678506136,-0.0,1.71
4.915408242493868,-0.0,1.74
4.91690930724144,-0.0,1.75
4.918257959187031,-0.0,1.71
4.919806983321905,-0.0,1.7
4.921273753046989,-0.0,1.72
4.922733187675476,-0.0,1.71
4.924187138676643,-0.0,1.67
4.925597097724676,-0.0,1.65
4.927017815411091,-0.0,1.7
4.9285604283213615,-0.0,1.72
4.930003870278597,-0.0,1.65
4.931464288383722,-0.0,1.62
4.932916969060898,0.0,1.62
4.934366639703512,-0.0,1.61
4.935812793672085,-0.0,1.61
4.9372843988239765,-0.0,1.62
4.9387357868254185,-0.0,1.62
4.940202347934246,-0.0,1.64
4.941647958010435,-0.0,1.63
4.94308590516448,0.0,1.56
4.94456085562706,-0.0,1.58
4.94601334258914,-0.0,1.57
4.947469301521778,-0.0,1.55
4.948898229748011,-0.0,1.57
4.9503203965723515,-0.0,1.63
4.951840318739414,-0.0,1.6
4.953298043459654,-0.0,1.59
4.9547383934259415,-0.0,1.63
4.956205811351538,-0.0,1.56
4.957658812403679,-0.0,1.52
4.959122147411108,-0.0,1.52
4.960541814565659,-0.0,1.56
4.961963951587677,-0.0,1.6
4.963483236730099,-0.0,1.54
4.964858066290617,-0.0,1.51
4.966282848268747,-0.0,1.52
4.967838957905769,-0.0,1.51
4.969288501888514,-0.0,1.5
4.970679398626089,-0.0,1.51
4.972219981253147,-0.0,1.48
4.973557893186808,-0.0,1.51
4.975124973803759,-0.0,1.47
4.976582765579224,-0.0,1.43
4.9780383706092834,-0.0,1.46
4.9794951640069485,-0.0,1.45
4.9809406995773315,-0.0,1.43
4.982388865202665,-0.0,1.47
4.983861330896616,-0.0,1.45
4.985260903835297,-0.0,1.43
4.986742176115513,-0.0,1.42
4.988190025091171,-0.0,1.44
4.989521913230419,-0.0,1.42
4.99113430082798,-0.0,1.37
4.992582529783249,-0.0,1.41
4.994038287550211,-0.0,1.4
4.995491653680801,-0.0,1.38
4.996887404471636,-0.0,1.36
4.998415611684322,-0.0,1.32
4.999870982021093,-0.0,1.29
5.001329720020294,-0.0,1.3
5.002787455916405,-0.0,1.34
5.0042421743273735,-0.0,1.34
5.005618587136269,-0.0,1.31
5.007150158286095,-0.0,1.29
5.008584443479776,-0.0,1.31
5.010061822831631,-0.0,1.32
5.011524450033903,-0.0,1.31
5.012904196977615,-0.0,1.28
5.014412119984627,-0.0,1.29
5.015839226543903,-0.0,1.28
5.017258640378714,-0.0,1.23
5.018793452531099,-0.0,1.24
5.020229648798704,-0.0,1.26
5.021702773869038,0.0,1.22
5.023154430091381,0.0,1.19
5.024550553411245,0.0,1.18
5.026073008775711,0.0,1.22
5.027530286461115,0.0,1.22
5.028970830142498,0.0,1.24
5.030438989400864,0.0,1.2
5.0318340845406055,0.0,1.15
5.0332761108875275,0.01,1.19
5.034681104123592,0.0,1.2
5.03625313937664,0.0,1.15
5.037709783762693,0.0,1.18
5.039149668067694,0.0,1.17
5.040628183633089,0.01,1.16
5.042018510401249,0.0,1.16
5.043535020202398,0.0,1.16
5.044991251081228,0.0,1.15
5.046418026089668,0.0,1.14
5.04783945530653,0.0,1.14
5.049255203455687,0.0,1.13
5.050812639296055,0.0,1.11
5.052106119692326,0.0,1.08
5.053699936717749,0.0,1.11
5.055130667984486,0.0,1.07
5.056635569781065,0.0,1.07
5.058066166937351,0.0,1.07
5.059500399976969,0.0,1.04
5.060995776206255,0.0,1.03
5.062440983951092,0.0,1.07
5.063911814242601,0.0,1.1
5.06535967066884,0.0,1.09
5.066821984946728,0.0,1.05
5.068262346088886,0.0,1.02
5.069703694432974,0.0,1.03
5.071180947124958,0.01,1.05
5.072626888751984,0.0,1.05
5.0740093141794205,0.0,1.04
5.075533006340265,0.01,0.99
5.076989561319351,0.01,1.03
5.078451011329889,0.01,1.02
5.079882439225912,0.0,0.96
5.081365503370762,0.0,0.94
5.082727901637554,0.0,1.0
5.084253925830126,0.0,1.0
5.085722994059324,0.0,0.96
5.087160665541887,0.0,0.97
5.0886351354420185,0.0,0.96
5.0900930389761925,0.0,0.96
5.091543309390545,0.0,0.97
5.092997942119837,0.01,0.95
5.09446357190609,0.01,0.94
5.095839336514473,0.0,0.94
5.09736318513751,0.0,0.91
5.0987696796655655,0.0,0.93
5.10010427609086,0.0,0.94
5.101708892732859,0.01,1.0
5.103123925626278,0.01,0.98
5.104610521346331,0.01,0.97
5.105969116091728,0.01,0.93
5.107479069381952,0.0,0.88
5.108997721225023,0.0,0.91
5.110427763313055,0.0,0.92
5.111922986805439,0.0,0.92
5.1133699007332325,0.0,0.9
5.1147225722670555,0.0,0.89
5.116282183676958,0.0,0.87
5.117703668773174,0.0,0.87
5.119201086461544,0.0,0.86
5.120559748262167,0.0,0.84
5.122041769325733,0.0,0.81
5.123572446405888,0.0,0.84
5.12499138712883,0.0,0.87
5.126419559121132,0.0,0.9
5.127935320138931,0.0,0.85
5.129359696060419,0.0,0.8
5.130777336657047,0.0,0.83
5.132280129939318,0.0,0.84
5.133703239262104,0.0,0.83
5.135129723697901,0.0,0.83
5.1366275139153,0.01,0.79
5.1381065137684345,0.0,0.8
5.139571882784367,0.0,0.78
5.140991032123566,0.01,0.77
5.142414428293705,0.01,0.77
5.143836069852114,0.01,0.8
5.1452908255159855,0.01,0.77
5.146862260997295,0.01,0.74
5.148309960961342,0.01,0.74
5.149767160415649,0.01,0.72
5.151126209646463,0.01,0.71
5.152677550911903,0.01,0.71
5.1540223471820354,0.01,0.72
5.155576266348362,0.0,0.73
5.156997434794903,0.01,0.73
5.158419635146856,0.01,0.76
5.15986842662096,0.01,0.74
5.161301910877228,0.01,0.72
5.162864942103624,0.01,0.78
5.164304569363594,0.01,0.73
5.165709540247917,0.01,0.71
5.167209215462208,0.01,0.73
5.168577942997217,0.01,0.74
5.170145720243454,0.01,0.68
5.171577297151089,0.01,0.71
5.17302967980504,0.01,0.75
5.174417462199926,0.01,0.74
5.175927795469761,0.01,0.76
5.177261475473642,0.01,0.76
5.178865365684032,0.01,0.74
5.180281404405832,0.01,0.74
5.181757986545563,0.01,0.73
5.183132994920015,0.0,0.72
5.18465481698513,0.0,0.69
5.1861513033509254,0.0,0.71
5.1875803135335445,0.0,0.72
5.189000029116869,0.0,0.69
5.190464287996292,0.0,0.68
5.1918434873223305,0.0,0.71
5.193354483693838,0.0,0.72
5.194870002567768,0.0,0.71
5.19633236899972,0.0,0.71
5.197792008519173,0.0,0.69
5.19915771484375,0.0,0.69
5.20054829120636,0.01,0.67
5.2021562568843365,0.0,0.65
5.203577935695648,0.0,0.65
5.204996634274721,0.0,0.66
5.206414915621281,0.0,0.68
5.207928836345673,0.0,0.66
5.209439929574728,0.0,0.64
5.210862897336483,0.0,0.63
5.212354492396116,0.0,0.63
5.213805139064789,0.0,0.68
5.215252079069614,0.0,0.65
5.216676641255617,0.0,0.6
5.2181483171880245,0.0,0.63
5.2195763029158115,0.0,0.63
5.221079036593437,0.0,0.61
5.222419578582048,0.0,0.58
5.223981332033873,0.0,0.53
5.225445002317429,0.0,0.61
5.2269048392772675,0.0,0.64
5.22835398837924,0.0,0.61
5.229822348803282,0.0,0.59
5.231146119534969,0.0,0.59
5.232726965099573,0.0,0.59
5.234168380498886,0.0,0.59
5.235573407262564,0.0,0.56
5.2370935790240765,0.0,0.53
5.238544784486294,0.0,0.56
5.239892672747374,0.0,0.57
5.241445578634739,0.0,0.55
5.242866847664118,0.0,0.56
5.244285620748997,0.0,0.57
5.245705638080835,0.0,0.52
5.247285548597574,0.0,0.49
5.248732816427946,0.0,0.51
5.250155467540026,0.0,0.55
5.251649033278227,0.0,0.54
5.252995848655701,0.0,0.52
5.254563353955746,0.0,0.51
5.256016615778208,0.0,0.53
5.257441349327564,0.0,0.51
5.258860751986504,0.0,0.48
5.2603239715099335,0.0,0.48
5.261711589992046,0.0,0.47
5.263204876333475,0.0,0.48
5.264734324067831,0.0,0.53
5.266198210418224,0.0,0.49
5.267577972263098,0.0,0.46
5.269086968153715,0.0,0.48
5.270422827452421,0.0,0.46
5.272021267563105,0.0,0.44
5.2734712436795235,0.0,0.46
5.274917058646679,0.0,0.47
5.276325844228268,0.0,0.45
5.277840092778206,0.0,0.41
5.279294215142727,0.0,0.37
5.280727621167898,0.0,0.39
5.282156068831682,0.0,0.41
5.283617649227381,0.0,0.43
5.285052381455898,0.01,0.41
5.28654482588172,0.0,0.42
5.288018085062504,0.0,0.41
5.289487175643444,0.0,0.37
5.290947612375021,0.0,0.38
5.292365744709969,0.0,0.43
5.293708298355341,0.0,0.42
5.295313932001591,0.0,0.35
5.296738658100367,0.0,0.33
5.298220761120319,0.0,0.34
5.299574140459299,0.0,0.36
5.301112305372953,0.0,0.33
5.302473314106464,0.0,0.31
5.304047156125307,0.0,0.3
5.305445034056902,0.0,0.29
5.30694817379117,0.0,0.29
5.308286301791668,0.0,0.3
5.309860855340958,0.0,0.28
5.311313271522522,0.0,0.24
5.312735039740801,0.0,0.23
5.314152657985687,0.0,0.21
5.315640494227409,0.0,0.22
5.317115269601345,0.0,0.22
5.318599008023739,0.0,0.22
5.32005837932229,0.0,0.21
5.321475099772215,0.0,0.24
5.322959814220667,0.0,0.21
5.324409540742636,0.0,0.19
5.325771953910589,0.0,0.21
5.327310163527727,0.0,0.2
5.328732367604971,0.0,0.19
5.330238472670317,0.0,0.16
5.331575367599726,0.0,0.15
5.333147440105677,0.0,0.16
5.334603518247604,0.0,0.17
5.336021076887846,0.0,0.15
5.337444245815277,0.0,0.18
5.33892222866416,0.0,0.19
5.340287856757641,0.0,0.14
5.341885682195425,0.0,0.15
5.34331139549613,0.0,0.13
5.344734329730272,0.0,0.12
5.346217654645443,0.01,0.16
5.347639475017786,0.01,0.12
5.3489970266819,0.01,0.08
5.350606210529804,0.0,0.11
5.352075818926096,0.01,0.14
5.353529762476683,0.01,0.13
5.35489821434021,0.01,0.08
5.356337979435921,0.01,0.09
5.357890255749226,0.0,0.08
5.3593484833836555,0.01,0.09
5.360796749591827,0.01,0.09
5.36218074709177,0.01,0.06
5.363630291074514,0.01,0.07
5.365154940634966,0.01,0.13
5.366597067564726,0.01,0.15
5.368059907108545,0.01,0.08
5.369443643838167,0.01,0.06
5.37099326774478,0.01,0.09
5.372348539531231,0.01,0.07
5.3738864958286285,0.01,0.08
5.375328592956066,0.01,0.07
5.376813177019358,0.01,0.06
5.378159005194902,0.01,0.07
5.379698920994997,0.01,0.1
5.381175581365824,0.01,0.1
5.3826004303991795,0.01,0.07
5.384089101105928,0.01,0.07
5.385443702340126,0.01,0.1
5.386988416314125,0.01,0.13
5.388443145900965,0.01,0.12
5.38991416990757,0.01,0.09
5.391366109251976,0.01,0.12
5.392822738736868,0.01,0.09
5.394250206649303,0.01,0.11
5.395722039043903,0.01,0.09
5.397177763283253,0.01,0.09
5.398604776710272,0.01,0.09
5.400058276951313,0.01,0.07
5.401513502001762,0.0,0.06
5.402982283383608,0.01,0.1
5.404402777552605,0.01,0.09
5.4058891125023365,0.0,0.06
5.407364942133427,0.0,0.05
5.408737305551767,0.0,0.09
5.41023787483573,0.01,0.05
5.411593984812498,0.01,0.06
5.413182493299246,0.0,0.05
5.414598610252142,0.0,0.04
5.4160454869270325,0.0,0.05
5.417449973523617,0.0,0.07
5.418938294053078,0.0,0.09
5.420467924326658,0.0,0.06
5.4219286777079105,0.0,0.04
5.4233716651797295,0.0,0.03
5.42475551366806,0.0,0.01
5.426173496991396,0.0,0.0
5.427652008831501,0.0,-0.01
5.429206196218729,0.0,0.03
5.430603634566069,0.0,0.05
5.432032313197851,0.0,0.03
5.433566529303789,0.0,0.0
5.435018349438906,0.0,0.02
5.43647138774395,0.0,-0.01
5.437893357127905,0.0,-0.03
5.439312744885683,0.0,0.01
5.4407331719994545,0.0,0.03
5.442218687385321,0.0,0.02
5.443760212510824,0.01,0.0
5.445211187005043,0.0,-0.02
5.4466055035591125,0.0,-0.0
5.448124952614307,0.01,-0.02
5.449469335377216,0.0,-0.01
5.450979873538017,0.01,-0.02
5.452482961118221,0.01,-0.07
5.453941959887743,0.01,-0.05
5.455404218286276,0.01,-0.05
5.456766564399004,0.0,-0.07
5.458231672644615,0.0,-0.05
5.45975586399436,0.0,-0.04
5.461186680942774,0.01,-0.02
5.46267257630825,0.01,-0.01
5.464064832776785,0.01,-0.03
5.465584848076105,0.01,-0.07
5.467046082019806,0.01,-0.06
5.468470208346844,0.01,-0.03
5.469890367239714,0.01,-0.02
5.471382100135088,0.01,-0.01
5.472739104181528,0.01,-0.04
5.474310990422964,0.01,-0.02
5.475755486637354,0.01,-0.02
5.477235347032547,0.01,-0.03
5.478675849735737,0.01,-0.02
5.480112854391336,0.01,0.02
5.4816030487418175,0.01,-0.01
5.483047842979431,0.01,0.01
5.484507519751787,0.01,-0.01
5.48593321070075,0.01,0.02
5.487397376447916,0.01,0.01
5.48878051713109,0.01,0.03
5.490335546433926,0.01,-0.0
5.491759330034256,0.01,-0.04
5.493243243545294,0.01,0.02
5.4946835823357105,0.01,0.05
5.496129080653191,0.01,0.07
5.497448105365038,0.01,0.07
5.499048098921776,0.01,0.06
5.500467296689749,0.01,0.08
5.501962963491678,0.01,0.08
5.503328945487738,0.01,0.05
5.504883132874966,0.01,0.04
5.506337620317936,0.01,0.07
5.507789008319378,0.01,0.08
5.509179353713989,0.01,0.09
5.510690100491047,0.01,0.12
5.512131500989199,0.01,0.12
5.513610478490591,0.01,0.11
5.515069589018822,0.01,0.08
5.516520276665688,0.01,0.05
5.517894461750984,0.01,0.04
5.519432716071606,0.01,0.04
5.520869214087725,0.01,0.08
5.522341374307871,0.01,0.1
5.523762360215187,0.01,0.11
5.5252657644450665,0.01,0.11
5.526603974401951,0.01,0.13
5.528144616633654,0.01,0.13
5.529629498720169,0.01,0.1
5.531074471771717,0.01,0.07
5.53247732296586,0.01,0.09
5.5340051501989365,0.01,0.1
5.535320341587067,0.01,0.1
5.5369132198393345,0.01,0.1
5.538340661674738,0.01,0.12
5.539826903492212,0.01,0.12
5.541231073439121,0.01,0.11
5.542660027742386,0.01,0.12
5.544184133410454,0.01,0.07
5.54564219340682,0.01,0.08
5.547095093876123,0.01,0.08
5.548507448285818,0.01,0.07
5.549896061420441,0.01,0.07
5.551407929509878,0.01,0.08
5.55291349068284,0.01,0.07
5.554375700652599,0.01,0.07
5.555763211101294,0.01,0.07
5.557210344821215,0.01,0.09
5.5586691834032536,0.01,0.06
5.560117479413748,0.01,0.03
5.5616549924016,0.01,0.04
5.563082054257393,0.01,0.04
5.56454748287797,0.01,0.02
5.566008899360895,0.01,0.03
5.567316982895136,0.01,0.07
5.568920835852623,0.01,0.12
5.570379566401243,0.01,0.09
5.571801457554102,0.01,0.07
5.57324655726552,0.01,0.06
5.574717674404383,0.01,0.05
5.5762053206563,0.01,0.1
5.577658254653215,0.01,0.11
5.579051848500967,0.01,0.04
5.58050649613142,0.01,-0.01
5.582006212323904,0.01,0.02
5.583491861820221,0.01,0.03
5.5849186219275,0.01,0.04
5.5863671489059925,0.01,0.05
5.587761275470257,0.01,0.03
5.589240908622742,0.01,0.03
5.590630009770393,0.01,-0.01
5.592204533517361,0.01,0.02
5.593680698424578,0.01,0.03
5.59507629647851,0.01,0.04
5.5965598449110985,0.01,0.06
5.598030097782612,0.01,0.07
5.59949778392911,0.01,0.06
5.600953079760075,0.01,0.03
5.602373778820038,0.01,-0.01
5.603859014809132,0.01,-0.01
5.605311363935471,0.01,0.03
5.606742549687624,0.01,0.03
5.608204301446676,0.01,0.06
5.609665047377348,0.01,0.06
5.611136518418789,0.01,0.05
5.6125856675207615,0.01,0.02
5.614059813320637,0.01,-0.01
5.615496385842562,0.01,-0.01
5.61691689491272,0.01,-0.01
5.6184080839157104,0.01,-0.01
5.61980465054512,0.01,-0.01
5.621324934065342,0.01,0.06
5.622787103056908,0.01,0.04
5.624210558831692,0.0,0.01
5.625659581273794,0.01,0.03
5.627114612609148,0.01,0.05
5.628471992909908,0.01,0.05
5.630024388432503,0.01,0.05
5.631493616849184,0.01,0.07
5.632953774183989,0.01,0.01
5.634349953383207,0.01,0.02
5.635882817208767,0.01,0.07
5.6372556164860725,0.01,0.06
5.638783290982246,0.01,0.05
5.640204418450594,0.01,0.07
5.641705837100744,0.01,0.1
5.643091876059771,0.01,0.08
5.644616559147835,0.01,0.07
5.646077275276184,0.01,0.11
5.64749750867486,0.01,0.12
5.648920778185129,0.01,0.08
5.650393553078175,0.01,0.02
5.6518401727080345,0.01,0.06
5.6533389165997505,0.01,0.07
5.654786139726639,0.01,0.07
5.656259573996067,0.01,0.12
5.657666303217411,0.01,0.08
5.659155692905188,0.01,0.05
5.66063029691577,0.01,0.06
5.662075638771057,0.01,0.03
5.663532830774784,0.01,0.04
5.66496541723609,0.01,0.06
5.666345749050379,0.01,0.06
5.667829193174839,0.01,0.06
5.669359967112541,0.01,0.09
5.670815881341696,0.01,0.1
5.672260705381632,0.01,0.06
5.6737200655043125,0.01,0.03
5.675184328109026,0.01,0.05
5.676618903875351,0.0,0.06
5.678073242306709,0.0,0.09
5.679534740746021,0.0,0.1
5.680941794067621,0.0,0.07
5.682454500347376,0.01,0.05
5.683785159140825,0.01,0.06
5.685369465500116,0.01,0.02
5.686818245798349,0.01,0.06
5.688250470906496,0.01,0.09
5.689634297043085,0.01,0.08
5.691158022731543,0.01,0.08
5.69260411709547,0.01,0.04
5.694076273590326,0.01,-0.0
5.6954998560249805,0.01,-0.01
5.697016883641481,0.01,-0.02
5.698340035974979,0.0,0.0
5.699902713298798,0.0,0.01
5.70138593018055,0.0,-0.03
5.702853091061115,0.0,-0.05
5.704248674213886,0.0,-0.04
5.705696403980255,0.0,-0.01
5.707079388201237,0.0,-0.0
5.708650592714548,0.0,-0.0
5.710072468966246,0.0,-0.01
5.711566563695669,0.0,0.01
5.7129227221012115,0.0,-0.03
5.714394725859165,0.0,-0.03
5.715766083449125,0.0,-0.03
5.717364437878132,0.0,-0.05
5.718788530677557,0.0,-0.07
5.720207117497921,0.0,-0.04
5.721633922308683,0.0,-0.08
5.723109845072031,0.0,-0.07
5.7246522679924965,0.0,-0.08
5.726081285625696,0.0,-0.1
5.727499678730965,0.0,-0.06
5.72892439365387,0.0,-0.07
5.730414774268866,0.0,-0.09
5.731942154467106,0.0,-0.05
5.733400769531727,0.0,-0.07
5.734820012003183,0.0,-0.09
5.736319288611412,0.0,-0.07
5.737668439745903,0.0,-0.05
5.739220440387726,0.0,-0.08
5.740657798945904,0.0,-0.1
5.742135375738144,0.0,-0.09
5.743498057126999,0.0,-0.07
5.745038524270058,0.0,-0.13
5.746364071965218,0.0,-0.11
5.747943665832281,0.0,-0.1
5.749367173761129,0.0,-0.09
5.750847540795803,0.0,-0.1
5.752286873757839,0.0,-0.14
5.753777164965868,0.0,-0.19
5.755193956196308,0.0,-0.17
5.75668128579855,0.0,-0.13
5.75808098167181,0.0,-0.13
5.759572152048349,0.0,-0.15
5.761035084724426,0.0,-0.19
5.762494899332523,0.0,-0.16
5.763941761106253,0.0,-0.15
5.76536351069808,0.0,-0.14
5.766791936010122,0.0,-0.2
5.768277574330568,0.0,-0.24
5.769632149487734,0.0,-0.23
5.771235134452581,0.0,-0.22
5.772658947855234,0.0,-0.19
5.774102348834276,0.0,-0.19
5.7754984349012375,0.0,-0.2
5.777035519480705,0.0,-0.2
5.7785215228796005,0.0,-0.23
5.7799429558217525,0.0,-0.23
5.781370401382446,0.0,-0.23
5.782834820449352,0.0,-0.23
5.784214373677969,0.0,-0.21
5.785730451345444,0.0,-0.23
5.787232842296362,0.0,-0.23
5.788653779774904,0.0,-0.23
5.790076471865177,0.0,-0.25
5.791553854942322,0.0,-0.26
5.7930289432406425,0.0,-0.29
5.794519204646349,0.0,-0.28
5.79594824463129,0.0,-0.26
5.797370932996273,0.0,-0.3
5.7988271079957485,0.0,-0.3
5.800285913050175,0.0,-0.26
5.80180898308754,0.0,-0.27
5.8032419718801975,0.0,-0.25
5.804705191403627,0.0,-0.24
5.80612525343895,0.0,-0.26
5.807501498609781,0.0,-0.25
5.8090726509690285,0.0,-0.28
5.810521587729454,0.0,-0.3
5.811945460736752,0.0,-0.3
5.813449162989855,0.0,-0.32
5.814790718257427,0.0,-0.29
5.81635582819581,0.0,-0.28
5.8178147822618484,0.0,-0.3
5.819269020110369,0.0,-0.3
5.820718832314014,0.0,-0.31
5.822167154401541,0.0,-0.3
5.823581352829933,0.0,-0.32
5.825042810291052,0.0,-0.37
5.826521769165993,0.0,-0.36
5.827974855899811,0.0,-0.37
5.829366408288479,0.0,-0.35
5.8308733478188515,0.0,-0.33
5.832367975264788,0.0,-0.37
5.833811137825251,0.0,-0.35
5.835231177508831,0.0,-0.33
5.836733598262072,0.01,-0.33
5.83808284252882,0.0,-0.35
5.839646574109793,0.0,-0.37
5.841100502759218,0.01,-0.36
5.842525754123926,0.01,-0.34
5.8439460173249245,0.01,-0.38
5.845415025949478,0.01,-0.4
5.8467868492007256,0.01,-0.4
5.848352909088135,0.01,-0.46
5.849814459681511,0.01,-0.43
5.851289764046669,0.01,-0.35
5.8526586554944515,0.01,-0.36
5.854164972901344,0.01,-0.4
5.855615045875311,0.01,-0.39
5.85710334032774,0.01,-0.41
5.858564980328083,0.01,-0.39
5.859962038695812,0.01,-0.44
5.861444342881441,0.01,-0.43
5.8628764152526855,0.01,-0.4
5.8643895871937275,0.01,-0.41
5.865816384553909,0.01,-0.46
5.867245182394981,0.01,-0.46
5.868712522089481,0.01,-0.45
5.870183650404215,0.01,-0.44
5.871596410870552,0.0,-0.41
5.873101748526096,0.01,-0.43
5.874524023383856,0.01,-0.45
5.875952992588282,0.01,-0.44
5.87736851722002,0.0,-0.48
5.878843180835247,0.0,-0.48
5.880394723266363,0.01,-0.49
5.881828855723143,0.01,-0.48
5.8832853063941,0.01,-0.48
5.884751431643963,0.0,-0.49
5.886219214648008,0.01,-0.5
5.887665923684835,0.01,-0.52
5.889107499271631,0.0,-0.52
5.890578627586365,0.0,-0.53
5.892036531120539,0.0,-0.53
5.893484491854906,0.0,-0.53
5.8948177844285965,0.01,-0.57
5.896394994109869,0.0,-0.53
5.8978387750685215,0.0,-0.53
5.89931034296751,0.01,-0.55
5.900661543011665,0.0,-0.52
5.9022063463926315,0.0,-0.52
5.903683111071587,0.01,-0.52
5.905103035271168,0.01,-0.51
5.906523879617453,0.0,-0.52
5.907990396022797,0.0,-0.55
5.909371837973595,0.0,-0.55
5.910966087132692,0.0,-0.58
5.912389323115349,0.0,-0.58
5.9138672314584255,0.0,-0.61
5.9152782037854195,0.0,-0.6
5.916712544858456,0.0,-0.58
5.918228875845671,0.0,-0.6
5.919703420251608,0.01,-0.59
5.921106871217489,0.0,-0.57
5.922600630670786,0.0,-0.55
5.923965517431498,0.01,-0.57
5.925470899790525,0.0,-0.6
5.926970802247524,0.0,-0.57
5.928426865488291,0.01,-0.57
5.929824288934469,0.0,-0.59
5.931332465261221,0.01,-0.61
5.9327532313764095,0.01,-0.61
5.93425527587533,0.01,-0.63
5.935685809701681,0.01,-0.58
5.937110189348459,0.01,-0.56
5.938527952879667,0.01,-0.6
5.9400510266423225,0.01,-0.61
5.941369384527206,0.01,-0.59
5.942973624914885,0.01,-0.59
5.944392681121826,0.01,-0.59
5.945820972323418,0.01,-0.6
5.947298180311918,0.01,-0.59
5.948709759861231,0.01,-0.58
5.950258985161781,0.01,-0.55
5.9516837522387505,0.01,-0.53
5.95314135402441,0.01,-0.53
5.954543184489012,0.01,-0.56
5.9559505470097065,0.01,-0.54
5.957451798021793,0.01,-0.56
5.958973664790392,0.01,-0.58
5.960397113114595,0.01,-0.56
5.961814854294062,0.01,-0.53
5.96331474557519,0.01,-0.56
5.964694857597351,0.01,-0.54
5.966259021311998,0.01,-0.51
5.967682808637619,0.01,-0.5
5.969168294221163,0.01,-0.51
5.970567289739847,0.01,-0.52
5.972007568925619,0.01,-0.52
5.973553761839867,0.01,-0.55
5.975002069026232,0.01,-0.53
5.976394925266504,0.01,-0.5
5.977859769016504,0.01,-0.52
5.9793389067053795,0.01,-0.53
5.980748116970062,0.01,-0.48
5.982259187847376,0.01,-0.44
5.983741272240877,0.01,-0.43
5.985189970582724,0.01,-0.45
5.986569106578827,0.01,-0.48
5.98803048953414,0.01,-0.49
5.989556610584259,0.01,-0.51
5.991008747369051,0.01,-0.46
5.992399331182241,0.01,-0.48
5.993907976895571,0.01,-0.5
5.995381437242031,0.01,-0.47
5.9967473447322845,0.01,-0.47
5.998260483145714,0.01,-0.41
5.999680984765291,0.01,-0.4
6.001121077686548,0.01,-0.41
6.002526730298996,0.01,-0.44
6.004064846783876,0.01,-0.42
6.005553994327784,0.01,-0.38
6.006974872201681,0.01,-0.43
6.008477415889502,0.01,-0.45
6.009899884462357,0.01,-0.47
6.011243302375078,0.01,-0.45
6.012837905436754,0.01,-0.41
6.0142612382769585,0.01,-0.39
6.015754092484713,0.01,-0.39
6.017103377729654,0.01,-0.37
6.018648162484169,0.01,-0.33
6.020072761923075,0.01,-0.38
6.021571479737759,0.01,-0.43
6.0229751244187355,0.01,-0.37
6.02448545768857,0.01,-0.36
6.025934010744095,0.01,-0.4
6.027360189706087,0.01,-0.41
6.028837289661169,0.01,-0.43
6.0302793607115746,0.01,-0.42
6.031686492264271,0.01,-0.4
6.033191613852978,0.01,-0.37
6.034587703645229,0.01,-0.38
6.036131050437689,0.01,-0.41
6.0375538021326065,0.01,-0.39
6.039032705128193,0.01,-0.39
6.040425028651953,0.01,-0.38
6.041955199092627,0.01,-0.33
6.043282870203257,0.01,-0.34
6.044865638017654,0.01,-0.38
6.046260222792625,0.01,-0.37
6.047749273478985,0.01,-0.34
6.049193248152733,0.01,-0.38
6.050646353513002,0.01,-0.41
6.052129782736301,0.01,-0.34
6.05359398946166,0.01,-0.4
6.0549759566783905,0.01,-0.39
6.056463293731213,0.01,-0.34
6.057936664670706,0.01,-0.38
6.059421390295029,0.01,-0.43
6.060844950377941,0.01,-0.4
6.062298443168402,0.01,-0.39
6.063772946596146,0.01,-0.43
6.065243314951658,0.01,-0.4
6.0666533857584,0.01,-0.4
6.068128105252981,0.01,-0.4
6.069549649953842,0.01,-0.37
6.071012165397406,0.01,-0.39
6.072394896298647,0.01,-0.38
6.073966398835182,0.01,-0.37
6.075421329587698,0.01,-0.45
6.076840929687023,0.01,-0.47
6.078294824808836,0.01,-0.37
6.079800400882959,0.01,-0.38
6.081135977059603,0.01,-0.38
6.082710415124893,0.01,-0.36
6.08416735380888,0.01,-0.4
6.0855668894946575,0.01,-0.38
6.087028458714485,0.01,-0.38
6.088515944778919,0.01,-0.4
6.089818358421326,0.01,-0.41
6.091419719159603,0.01,-0.41
6.09284408763051,0.01,-0.41
6.094333730638027,0.01,-0.42
6.095685243606567,0.01,-0.38
6.0972131453454494,0.01,-0.37
6.098705984652042,0.01,-0.43
6.100127644836903,0.01,-0.44
6.101575471460819,0.01,-0.39
6.103082109242678,0.01,-0.39
6.10440019518137,0.01,-0.41
6.106001049280167,0.01,-0.42
6.107423357665539,0.01,-0.44
6.108897265046835,0.01,-0.41
6.1102638356387615,0.01,-0.42
6.11179007217288,0.01,-0.41
6.113104958087206,0.01,-0.4
6.11471064388752,0.01,-0.42
6.116127405315638,0.01,-0.41
6.117580495774746,0.01,-0.4
6.11901830509305,0.01,-0.42
6.120468281209469,0.01,-0.42
6.121997505426407,0.01,-0.44
6.12341770529747,0.01,-0.46
6.124844580888748,0.01,-0.44
6.126307807862759,0.01,-0.39
6.127684973180294,0.01,-0.46
6.1292838007211685,0.01,-0.45
6.130709134042263,0.01,-0.44
6.1321316957473755,0.01,-0.48
6.133555356413126,0.01,-0.5
6.135059390217066,0.01,-0.48
6.136553678661585,0.01,-0.48
6.138002268970013,0.01,-0.51
6.139471549540758,0.01,-0.5
6.1409056186676025,0.01,-0.48
6.142369773238897,0.01,-0.52
6.143833771348,0.01,-0.5
6.145284786820412,0.01,-0.47
6.146747704595327,0.01,-0.49
6.1481286361813545,0.01,-0.55
6.14966007322073,0.01,-0.54
6.150980465114117,0.01,-0.49
6.152577802538872,0.01,-0.49
6.154016125947237,0.01,-0.51
6.1554576978087425,0.01,-0.47
6.156839337199926,0.01,-0.45
6.158352077007294,0.01,-0.5
6.1596865355968475,0.01,-0.54
6.16128521412611,0.01,-0.52
6.162708643823862,0.01,-0.49
6.164217803627253,0.01,-0.53
6.165608391165733,0.01,-0.56
6.167132638394833,0.01,-0.56
6.168582018464804,0.01,-0.56
6.170038476586342,0.01,-0.55
6.171424761414528,0.01,-0.5
6.172948256134987,0.01,-0.51
6.174318298697472,0.01,-0.51
6.175857819616795,0.01,-0.48
6.177317671477795,0.01,-0.47
6.178769841790199,0.01,-0.51
6.180180933326483,0.01,-0.52
6.1816613264381886,0.01,-0.52
6.182990428060293,0.01,-0.52
6.18458079174161,0.01,-0.49
6.186000999063253,0.01,-0.48
6.1875014975667,0.01,-0.5
6.188896056264639,0.01,-0.54
6.190352234989405,0.01,-0.53
6.191867955029011,0.01,-0.52
6.193319119513035,0.01,-0.49
6.1947088949382305,0.01,-0.51
6.19618497043848,0.01,-0.55
6.197657521814108,0.01,-0.51
6.19914336502552,0.01,-0.49
6.200602971017361,0.01,-0.47
6.202015653252602,0.01,-0.46
6.203427724540234,0.01,-0.45
6.204888757318258,0.01,-0.47
6.206362634897232,0.01,-0.48
6.207870949059725,0.01,-0.48
6.20932724326849,0.01,-0.47
6.210781846195459,0.01,-0.49
6.212217479944229,0.01,-0.47
6.213617525994778,0.01,-0.48
6.215153593569994,0.01,-0.48
6.216597903519869,0.01,-0.45
6.218047071248293,0.01,-0.47
6.219457358121872,0.01,-0.45
6.2208504639565945,0.01,-0.42
6.222428973764181,0.01,-0.45
6.223869476467371,0.01,-0.46
6.22528675571084,0.01,-0.44
6.226783584803343,0.01,-0.45
6.2281387113034725,0.01,-0.41
6.2296443320810795,0.01,-0.39
6.23116135969758,0.01,-0.42
6.232619199901819,0.01,-0.43
6.2340065240859985,0.01,-0.36
6.235508341342211,0.01,-0.34
6.236975744366646,0.01,-0.37
6.238414563238621,0.01,-0.35
6.239864345639944,0.01,-0.34
6.241339419037104,0.01,-0.39
6.242739260196686,0.01,-0.38
6.244240868836641,0.01,-0.35
6.245635785162449,0.01,-0.37
6.2471659407019615,0.01,-0.32
6.248580750077963,0.01,-0.3
6.2500825971364975,0.01,-0.29
6.251430172473192,0.01,-0.28
6.252995282411575,0.01,-0.22
6.25444408133626,0.01,-0.23
6.25588770583272,0.01,-0.24
6.25728802755475,0.01,-0.27
6.258807826787233,0.01,-0.25
6.260151851922274,0.01,-0.23
6.261722955852747,0.01,-0.19
6.263173174113035,0.01,-0.13
6.2646239772439,0.01,-0.14
6.26608819141984,0.01,-0.15
6.267541576176882,0.01,-0.14
6.269003197550774,0.01,-0.14
6.270446125417948,0.01,-0.1
6.271909322589636,0.01,-0.1
6.273292429745197,0.01,-0.1
6.274826172739267,0.01,-0.08
6.276277042925358,0.01,-0.03
6.277737580239773,0.01,-0.02
6.279158055782318,0.01,-0.03
6.28063727170229,0.01,-0.04
6.281998459249735,0.01,-0.03
6.283514346927404,0.01,-0.03
6.285006262362003,0.01,-0.01
6.286445081233978,0.01,-0.03
6.287866100668907,0.01,0.0
6.289376549422741,0.01,0.04
6.290809899568558,0.01,0.05
6.292285643517971,0.01,0.03
6.293739937245846,0.01,0.07
6.295161202549934,0.01,0.06
6.29657643660903,0.01,0.11
6.298037558794022,0.01,0.12
6.299428049474955,0.01,0.11
6.300910227000713,0.01,0.1
6.302477106451988,0.01,0.12
6.303899012506008,0.02,0.12
6.3053846806287766,0.01,0.1
6.306740336120129,0.01,0.15
6.30829020217061,0.01,0.17
6.309735152870417,0.01,0.16
6.311203703284264,0.02,0.13
6.31261345371604,0.01,0.14
6.314116403460503,0.01,0.14
6.31544566899538,0.01,0.16
6.317027103155851,0.02,0.16
6.318447712808847,0.02,0.19
6.319935172796249,0.02,0.24
6.321288347244263,0.01,0.24
6.322852000594139,0.01,0.23
6.324249219149351,0.01,0.22
6.325773015618324,0.01,0.26
6.327156562358141,0.01,0.32
6.328668802976608,0.01,0.33
6.3300457932055,0.01,0.32
6.331556390970945,0.01,0.33
6.33304139226675,0.01,0.34
6.334490440785885,0.01,0.32
6.335873685777187,0.01,0.36
6.3374127969145775,0.01,0.35
6.3387751169502735,0.01,0.36
6.340314880013466,0.01,0.36
6.341752182692289,0.01,0.36
6.3432005271315575,0.01,0.4
6.344673901796341,0.01,0.43
6.346133727580309,0.01,0.41
6.347503077238798,0.01,0.45
6.349022340029478,0.01,0.5
6.350452691316605,0.01,0.48
6.3519040532410145,0.01,0.49
6.353379063308239,0.01,0.51
6.354861211031675,0.01,0.52
6.356316391378641,0.01,0.54
6.357737589627504,0.01,0.56
6.359202302992344,0.01,0.59
6.360607337206602,0.01,0.57
6.362138580530882,0.01,0.58
6.363465454429388,0.01,0.59
6.365043718367815,0.01,0.61
6.366502344608307,0.01,0.61
6.367942325770855,0.01,0.62
6.369311906397343,0.01,0.65
6.370869532227516,0.01,0.65
6.372318897396326,0.01,0.65
6.373740401118994,0.01,0.63
6.375233609229326,0.01,0.66
6.376660913228989,0.01,0.68
6.378013595938683,0.01,0.69
6.379601791501045,0.01,0.69
6.381023500114679,0.01,0.71
6.382504820823669,0.01,0.75
6.383955255150795,0.01,0.76
6.3853419199585915,0.01,0.73
6.386784017086029,0.01,0.74
6.388318233191967,0.01,0.79
6.389795050024986,0.01,0.79
6.391243986785412,0.01,0.75
6.3926728293299675,0.01,0.76
6.394136179238558,0.01,0.79
6.395607586950064,0.01,0.82
6.397025853395462,0.01,0.81
6.398478914052248,0.01,0.85
6.399869702756405,0.01,0.88
6.401403471827507,0.01,0.87
6.402895972132683,0.01,0.88
6.404341991990805,0.01,0.92
6.405789513140917,0.01,0.9
6.407257005572319,0.01,0.96
6.408690169453621,0.01,0.97
6.410168349742889,0.01,0.93
6.411609262228012,0.01,0.94
6.413078770041466,0.01,0.97
6.414529867470264,0.01,0.96
6.415929846465588,0.01,0.98
6.41729336604476,0.01,1.01
6.418891705572605,0.01,1.02
6.420315094292164,0.01,1.04
6.4217623472213745,0.01,1.06
6.423165153712034,0.01,1.06
6.424689803272486,0.01,1.07
6.426152728497982,0.01,1.08
6.427625983953476,0.01,1.06
6.42903121933341,0.01,1.08
6.430487133562565,0.01,1.14
6.431872643530369,0.01,1.18
6.4333766885101795,0.01,1.18
6.434912089258432,0.01,1.17
6.436319418251514,0.01,1.17
6.437820199877024,0.01,1.22
6.4392077177762985,0.01,1.23
6.440618306398392,0.01,1.25
6.4421874806284904,0.01,1.27
6.443644117563963,0.01,1.28
6.445030085742474,0.01,1.28
6.446552202105522,0.01,1.29
6.447924394160509,0.01,1.3
6.4494695365428925,0.01,1.31
6.450898975133896,0.01,1.29
6.452317785471678,0.01,1.33
6.453781329095364,0.01,1.33
6.4552222564816475,0.01,1.34
6.456597179174423,0.01,1.35
6.458199772983789,0.01,1.39
6.459623817354441,0.01,1.4
6.4610812067985535,0.01,1.38
6.462448097765446,0.01,1.38
6.463996142148972,0.01,1.39
6.465299762785435,0.01,1.39
6.466916501522064,0.01,1.42
6.468321401625872,0.01,1.43
6.469765305519104,0.01,1.44
6.471182402223349,0.01,1.42
6.472667846828699,0.01,1.43
6.474186725914478,0.01,1.45
6.475661166012287,0.01,1.48
6.477033577859402,0.01,1.47
6.478510297834873,0.01,1.51
6.479960855096579,0.01,1.54
6.48147327452898,0.01,1.51
6.48289992287755,0.01,1.48
6.484342642128468,0.01,1.5
6.485745158046484,0.01,1.53
6.4872481524944305,0.01,1.54
6.488585401326418,0.01,1.55
6.490182667970657,0.01,1.54
6.491610519587994,0.01,1.53
6.4931068904697895,0.01,1.53
6.494452025741339,0.0,1.53
6.496010027825832,0.0,1.58
6.497475825250149,0.0,1.58
6.498901776969433,0.0,1.59
6.500319372862577,0.0,1.59
6.501803286373615,0.0,1.59
6.503252848982811,0.0,1.62
6.5047642365098,0.0,1.62
6.506183575838804,0.0,1.62
6.507666420191526,0.0,1.68
6.509029246866703,0.0,1.7
6.510532762855291,0.0,1.64
6.51197050884366,0.0,1.71
6.513475671410561,0.0,1.71
6.514927186071873,0.0,1.7
6.516349300742149,0.0,1.71
6.517739471048117,0.0,1.76
6.519286509603262,0.0,1.74
6.520768776535988,0.0,1.77
6.522189941257238,0.0,1.72
6.523606717586517,0.0,1.72
6.525137677788734,0.0,1.8
6.526450905948877,0.0,1.77
6.528051123023033,0.0,1.77
6.529477629810572,0.0,1.75
6.530948102474213,0.0,1.77
6.532336376607418,0.0,1.79
6.533864993602037,0.0,1.79
6.535221930593252,0.0,1.82
6.536768093705177,0.0,1.87
6.538191009312868,0.0,1.88
6.5396618247032166,0.0,1.87
6.54103572294116,0.0,1.92
6.542560271918774,0.0,1.89
6.544054485857487,0.0,1.89
6.545474972575903,0.0,1.91
6.546900615096092,0.0,1.93
6.548363015055656,0.0,1.92
6.549745626747608,0.0,1.93
6.551327917724848,0.0,1.96
6.552764713764191,0.0,2.0
6.5542265102267265,0.0,2.01
6.555609755218029,0.0,1.99
6.557143080979586,0.0,1.99
6.558452431112528,0.0,2.02
6.5600598230957985,0.0,2.04
6.561478201299906,0.0,2.06
6.562972079962492,0.0,2.08
6.564327158033848,0.0,2.1
6.565864872187376,0.0,2.1
6.567193157970905,0.0,2.09
6.568767033517361,0.0,2.07
6.570193596184254,0.0,2.09
6.571691703051329,0.0,2.18
6.573032259941101,0.0,2.16
6.574594404548407,0.0,2.15
6.576055258512497,0.0,2.17
6.577507257461548,0.0,2.22
6.5789370983839035,0.0,2.18
6.580436632037163,0.0,2.2
6.5817728117108345,0.0,2.24
6.583342183381319,0.0,2.24
6.584771182388067,0.0,2.27
6.58625315502286,0.0,2.3
6.5876655131578445,0.0,2.32
6.589118883013725,0.0,2.32
6.590531479567289,0.0,2.33
6.592054959386587,0.0,2.34
6.593480814248323,0.0,2.34
6.594983346760273,0.0,2.35
6.596330441534519,-0.0,2.35
6.597744584083557,0.0,2.39
6.599347431212664,0.0,2.37
6.6007752530276775,-0.0,2.37
6.60222165286541,0.0,2.35
6.603609826415777,0.0,2.31
6.605106253176928,-0.0,2.38
6.606632832437754,-0.0,2.42
6.608057130128145,-0.0,2.4
6.609476827085018,-0.0,2.4
6.610897351056337,-0.0,2.42
6.612466063350439,-0.0,2.43
6.613793775439262,-0.0,2.46
6.615348268300295,-0.0,2.46
6.616763915866613,-0.0,2.45
6.618279740214348,-0.0,2.42
6.619610272347927,-0.01,2.4
6.621187325567007,-0.01,2.41
6.622637517750263,-0.01,2.45
6.624100457876921,-0.01,2.46
6.625476751476526,-0.01,2.44
6.627010714262724,-0.01,2.43
6.62838264927268,-0.01,2.47
6.629922974854708,-0.0,2.41
6.631373766809702,-0.0,2.41
6.632812198251486,-0.01,2.47
6.6341891176998615,-0.01,2.49
6.635717961937189,-0.01,2.47
6.637054022401571,-0.01,2.5
6.63863867893815,-0.01,2.52
6.640056747943163,-0.01,2.54
6.641529135406017,-0.01,2.52
6.642913673073053,-0.01,2.53
6.644472800195217,-0.01,2.58
6.6459243260324,-0.01,2.61
6.6473467238247395,-0.01,2.57
6.648768607527018,-0.01,2.57
6.650242857635021,-0.01,2.57
6.651609513908625,-0.01,2.55
6.653145898133516,-0.01,2.61
6.654637213796377,-0.01,2.66
6.656058810651302,-0.01,2.65
6.6574833281338215,-0.01,2.62
6.658999565988779,-0.01,2.61
6.660464648157358,-0.01,2.65
6.661940835416317,-0.01,2.7
6.663349408656359,-0.01,2.68
6.664791230112314,-0.01,2.67
6.666193500161171,-0.01,2.68
6.667754597961903,-0.01,2.67
6.669217683374882,-0.01,2.69
6.67066914588213,-0.01,2.69
6.6720584742724895,-0.01,2.7
6.673520252108574,-0.01,2.73
6.674905702471733,-0.01,2.73
6.676439952105284,-0.01,2.75
6.677925914525986,-0.01,2.79
6.67936921864748,-0.01,2.79
6.680766887962818,-0.01,2.76
6.682277634739876,-0.01,2.74
6.6836416609585285,-0.01,2.75
6.68521186709404,-0.01,2.76
6.686633188277483,-0.0,2.78
6.688126515597105,-0.01,2.85
6.689521718770266,-0.01,2.81
6.6910311579704285,-0.0,2.82
6.692500185221434,-0.01,2.85
6.693955756723881,-0.0,2.82
6.695347219705582,-0.01,2.83
6.696846194565296,-0.0,2.89
6.698190424591303,-0.0,2.9
6.699766520410776,-0.01,2.9
6.701211620122194,-0.0,2.87
6.702685434371233,-0.0,2.87
6.704121440649033,-0.0,2.87
6.705585025250912,-0.01,2.86
6.707048013806343,-0.0,2.88
6.708502672612667,-0.0,2.88
6.709923610091209,-0.0,2.92
6.711346484720707,-0.0,2.91
6.712770365178585,-0.0,2.91
6.714245036244392,-0.0,2.9
6.715792629867792,-0.0,2.92
6.71721476316452,-0.0,2.91
6.718639243394136,-0.01,2.97
6.720063365995884,-0.01,2.98
6.721550025045872,-0.01,2.95
6.722903098911047,-0.01,2.95
6.724506948143244,-0.0,2.97
6.72592581436038,-0.01,3.0
6.727401755750179,-0.0,2.92
6.728765778243542,-0.0,2.95
6.730283588171005,-0.0,3.0
6.7317900359630585,-0.0,3.03
6.733215168118477,-0.0,3.01
6.734641142189503,-0.0,2.98
6.7361588552594185,-0.0,3.0
6.737518552690744,-0.01,3.02
6.739049319177866,-0.01,3.01
6.7405198737978935,-0.01,3.02
6.741970792412758,-0.01,3.02
6.7433995343744755,-0.01,3.02
6.7448755241930485,-0.01,3.02
6.7461897395551205,-0.01,3.06
6.7478078827261925,-0.01,3.02
6.74921315535903,-0.01,2.99
6.75071182847023,-0.01,3.03
6.752102419734001,-0.01,3.06
6.753562096506357,-0.0,3.04
6.7550785057246685,-0.01,3.01
6.756531693041325,-0.01,3.02
6.757964625954628,-0.01,3.05
6.75940316170454,-0.01,3.11
6.760780666023493,-0.01,3.09
6.76236766949296,-0.01,3.06
6.76379494741559,-0.01,3.06
6.765218399465084,-0.01,3.04
6.766634039580822,-0.01,3.04
6.768176440149546,-0.01,3.07
6.769518781453371,-0.01,3.07
6.771084316074848,-0.01,3.04
6.772510591894388,-0.01,3.05
6.773998636752367,-0.01,3.05
6.77535642683506,-0.01,3.03
6.776829432696104,-0.01,3.0
6.778376076370478,-0.01,3.03
6.7797907292842865,-0.01,3.02
6.781219109892845,-0.01,3.03
6.782685156911612,-0.01,3.07
6.7840639390051365,-0.01,3.03
6.785605076700449,-0.01,3.03
6.7870835438370705,-0.01,3.03
6.788548216223717,-0.01,3.0
6.789925038814545,-0.01,3.04
6.791435562074184,-0.01,3.05
6.7928111627697945,-0.0,3.05
6.794373523443937,-0.0,3.05
6.795796275138855,-0.0,3.04
6.797216586768627,-0.0,3.06
6.798665773123503,-0.01,3.06
6.800140708684921,-0.0,3.07
6.801660139113665,-0.0,3.11
6.803080320358276,-0.0,3.1
6.804507903754711,-0.0,3.08
6.8059360422194,-0.0,3.08
6.807395577430725,-0.0,3.04
6.808824483305216,-0.0,3.0
6.810375094413757,-0.0,3.02
6.811797805130482,-0.0,3.1
6.813212975859642,-0.0,3.08
6.8146419152617455,-0.0,3.09
6.816196843981743,-0.0,3.08
6.817663598805666,-0.0,3.1
6.819082714617252,-0.0,3.07
6.820507615804672,-0.0,3.08
6.8219823352992535,-0.0,3.09
6.823356471955776,-0.0,3.05
6.824906602501869,-0.0,3.07
6.826374042779207,-0.0,3.1
6.827797271311283,-0.0,3.12
6.829252976924181,-0.0,3.09
6.8307575434446335,-0.0,3.09
6.832112573087215,-0.0,3.06
6.833664666861296,-0.0,3.1
6.835081219673157,-0.0,3.14
6.836580820381641,-0.0,3.11
6.83793032169342,-0.0,3.13
6.839454364031553,-0.0,3.13
6.840952046215534,-0.0,3.11
6.842369128018618,-0.0,3.13
6.8437987342476845,-0.0,3.18
6.845285028219223,-0.0,3.17
6.846637569367886,-0.0,3.15
6.848179325461388,-0.0,3.15
6.849663704633713,-0.0,3.17
6.851130489259958,-0.0,3.17
6.852504082024097,-0.0,3.19
6.85404871404171,-0.0,3.14
6.855346847325563,-0.0,3.15
6.856946725398302,-0.0,3.25
6.858419179916382,-0.0,3.24
6.859831735491753,-0.0,3.19
6.861219875514507,-0.0,3.2
6.8626924604177475,-0.0,3.23
6.864237274974585,-0.0,3.23
6.865658648312092,-0.0,3.26
6.867085468024015,-0.0,3.3
6.8685347735881805,-0.0,3.24
6.869928017258644,-0.0,3.24
6.871439203619957,-0.0,3.23
6.872955366969109,-0.0,3.24
6.874375831335783,-0.0,3.27
6.8757981434464455,-0.0,3.29
6.87730124220252,-0.0,3.28
6.878642790019512,-0.0,3.31
6.880243234336376,-0.0,3.31
6.881658770143986,-0.0,3.3
6.883132807910442,-0.0,3.36
6.884504545480013,-0.0,3.39
6.886049639433622,-0.0,3.35
6.887486707419157,0.0,3.35
6.888958308845758,0.0,3.39
6.89037499204278,-0.0,3.41
6.891863260418177,-0.0,3.44
6.893224973231554,-0.0,3.39
6.8947790041565895,0.0,3.39
6.896240551024675,0.0,3.45
6.8976838774979115,-0.0,3.48
6.8990809209644794,-0.0,3.49
6.900597173720598,-0.0,3.49
6.901941563934088,-0.0,3.48
6.903509218245745,-0.0,3.49
6.904952246695757,-0.0,3.49
6.906415645033121,-0.0,3.52
6.9078564159572124,-0.0,3.53
6.9093291983008385,-0.0,3.52
6.910663828253746,-0.0,3.53
6.912238419055939,-0.0,3.52
6.91366957500577,-0.0,3.54
6.9151645340025425,-0.0,3.58
6.916534788906574,0.0,3.6
6.918065916746855,0.0,3.57
6.919544227421284,0.0,3.55
6.920978993177414,-0.0,3.57
6.922378681600094,-0.0,3.58
6.923886962234974,-0.0,3.56
6.9252166002988815,-0.0,3.59
6.926754094660282,-0.0,3.59
6.928238067775965,-0.0,3.63
6.929661337286234,-0.0,3.66
6.931085173040628,-0.0,3.63
6.932510055601597,-0.0,3.64
6.934066027402878,-0.0,3.61
6.935535162687302,-0.0,3.62
6.93699249252677,-0.0,3.67
6.938451938331127,-0.0,3.66
6.939889870584011,-0.0,3.66
6.941270604729652,-0.0,3.66
6.942695084959269,-0.0,3.67
6.944246090948582,-0.0,3.64
6.9456637762486935,-0.0,3.62
6.947116501629353,-0.0,3.64
6.948595397174358,-0.0,3.67
6.9500163570046425,-0.0,3.68
6.951528690755367,-0.0,3.65
6.952951930463314,-0.0,3.62
6.954378165304661,-0.0,3.66
6.955797050148249,-0.0,3.64
6.957353640347719,-0.0,3.63
6.958816036581993,-0.0,3.64
6.960240125656128,-0.0,3.65
6.961660698056221,-0.0,3.62
6.9631404131650925,-0.0,3.64
6.964583173394203,-0.0,3.7
6.966044418513775,-0.0,3.72
6.967548854649067,-0.0,3.68
6.968978952616453,-0.01,3.66
6.970410533249378,-0.01,3.67
6.9718820452690125,-0.01,3.69
6.973255775868893,-0.0,3.66
6.974823858588934,-0.0,3.67
6.976284682750702,-0.01,3.67
6.97772379219532,-0.01,3.63
6.979190669953823,-0.0,3.66
6.980654299259186,-0.01,3.67
6.982107393443584,-0.01,3.65
6.98352923989296,-0.01,3.7
6.985020846128464,-0.01,3.68
6.986432507634163,-0.01,3.68
6.987936317920685,-0.01,3.67
6.9893370643258095,-0.01,3.64
6.990844130516052,-0.01,3.66
6.992242358624935,-0.01,3.65
6.993742357939482,-0.01,3.68
6.995094031095505,-0.01,3.69
6.996661361306906,-0.01,3.67
6.998110085725784,-0.01,3.69
6.999540768563747,-0.01,3.72
7.000959604978561,-0.01,3.72
7.002380091696978,-0.01,3.66
7.00383934378624,-0.01,3.66
7.005305744707584,-0.01,3.67
7.006822243332863,-0.01,3.7
7.008241713047028,-0.01,3.71
7.009705279022455,-0.01,3.7
7.011087454855442,-0.01,3.73
7.012569013983011,-0.01,3.72
7.014129597693682,-0.01,3.72
7.015528466552496,-0.01,3.74
7.017025403678417,-0.01,3.73
7.018417987972498,-0.01,3.71
7.019803151488304,-0.01,3.69
7.021402385085821,-0.01,3.69
7.0228492096066475,-0.01,3.72
7.024280216544867,-0.01,3.72
7.025766626000404,-0.01,3.68
7.027225658297539,-0.01,3.63
7.028509020805359,-0.01,3.71
7.03011366724968,-0.01,3.75
7.031533356755972,-0.01,3.71
7.032954562455416,-0.01,3.71
7.034378804266453,-0.01,3.73
7.035899359732866,-0.01,3.74
7.037404090166092,-0.01,3.73
7.038825914263725,-0.01,3.73
7.040244121104479,-0.01,3.71
7.041676446795464,-0.01,3.68
7.043086003512144,-0.01,3.71
7.044685807079077,-0.01,3.76
7.046112425625324,-0.01,3.74
7.04753627255559,-0.01,3.71
7.048958986997604,-0.01,3.68
7.050465472042561,-0.01,3.73
7.051926642656326,-0.01,3.75
7.053403854370117,-0.01,3.76
7.0548196621239185,-0.01,3.72
7.056326486170292,-0.01,3.7
7.057669181376696,-0.01,3.67
7.059236455708742,-0.01,3.67
7.06068903580308,-0.01,3.7
7.062147546559572,-0.01,3.71
7.063537891954184,-0.01,3.69
7.064994685351849,-0.01,3.69
7.066417131572962,-0.01,3.64
7.067975584417582,-0.01,3.67
7.069427002221346,-0.01,3.71
7.07082050293684,-0.01,3.65
7.072252828627825,-0.01,3.66
7.073741465806961,-0.01,3.69
7.075086377561092,-0.01,3.63
7.076696392148733,-0.01,3.65
7.078109074383974,-0.01,3.68
7.079572789371014,-0.01,3.65
7.080957282334566,-0.01,3.6
7.0824884958565235,-0.01,3.6
7.0839822590351105,-0.01,3.57
7.085431165993214,-0.01,3.59
7.086822178214788,-0.01,3.59
7.088329400867224,-0.01,3.62
7.089674733579159,-0.01,3.63
7.091122940182686,-0.01,3.63
7.092691969126463,-0.01,3.63
7.094114534556866,-0.01,3.59
7.095535404980183,-0.01,3.59
7.097079310566187,-0.01,3.62
7.09847916662693,-0.01,3.59
7.0999829806387424,-0.01,3.61
7.101399801671505,-0.01,3.59
7.102862354367971,-0.01,3.56
7.104245085269213,-0.01,3.57
7.105757139623165,-0.01,3.57
7.107270952314138,-0.01,3.55
7.1086986772716045,-0.01,3.54
7.1101146303117275,-0.01,3.56
7.1116177923977375,-0.01,3.57
7.113027568906546,-0.01,3.6
7.114467307925224,-0.01,3.57
7.115983534604311,-0.01,3.56
7.117401901632547,-0.01,3.58
7.118904791772366,-0.01,3.56
7.120248470455408,-0.01,3.53
7.121694304049015,-0.01,3.54
7.123093985021114,-0.01,3.55
7.124720174819231,-0.01,3.57
7.126175258308649,-0.01,3.55
7.127534568309784,-0.01,3.52
7.1289540566504,-0.01,3.47
7.130414426326752,-0.01,3.49
7.131997372955084,-0.01,3.52
7.1334043219685555,-0.01,3.53
7.1348923444747925,-0.01,3.49
7.136248968541622,-0.01,3.49
7.137818068265915,-0.01,3.51
7.139267358928919,-0.01,3.5
7.140711985528469,-0.01,3.52
7.142112646251917,-0.01,3.47
7.1436230801045895,-0.01,3.45
7.1451015174388885,-0.01,3.45
7.146536346524954,-0.01,3.43
7.147979527711868,-0.01,3.44
7.149441182613373,-0.01,3.46
7.1508221216499805,-0.01,3.48
7.152372278273106,-0.01,3.47
7.153813660144806,-0.01,3.45
7.155268147587776,-0.01,3.46
7.156696159392595,-0.01,3.45
7.158178687095642,-0.01,3.43
7.1595347709953785,-0.01,3.4
7.161100752651691,-0.01,3.38
7.162556432187557,-0.01,3.39
7.163979459553957,-0.01,3.37
7.16540277376771,-0.01,3.38
7.1668572425842285,-0.01,3.42
7.168289348483086,-0.01,3.4
7.169825945049524,-0.01,3.39
7.1712717935442924,-0.01,3.38
7.172705337405205,-0.01,3.39
7.174114260822535,-0.01,3.39
7.175594467669725,-0.01,3.42
7.177117485553026,-0.01,3.42
7.178556255996227,-0.01,3.39
7.180014330893755,-0.01,3.37
7.1814735643565655,-0.01,3.39
7.182836856693029,-0.01,3.38
7.1843624375760555,-0.01,3.38
7.185844287276268,-0.01,3.37
7.187301613390446,-0.01,3.36
7.188699781894684,-0.01,3.36
7.190157249569893,-0.01,3.36
7.191540934145451,-0.01,3.35
7.1930892765522,-0.01,3.35
7.1945603638887405,-0.01,3.39
7.195984236896038,-0.01,3.41
7.197401367127895,-0.01,3.41
7.19882557541132,-0.01,3.36
7.20040487870574,-0.01,3.37
7.201846279203892,-0.01,3.38
7.2032744362950325,-0.01,3.36
7.204754192382097,-0.01,3.38
7.206111565232277,-0.01,3.39
7.207587826997042,-0.01,3.36
7.20913514867425,-0.01,3.38
7.210565999150276,-0.01,3.38
7.211984489113092,-0.01,3.42
7.213422920554876,-0.01,3.39
7.214830938726664,-0.01,3.35
7.216393977403641,-0.01,3.38
7.217851221561432,-0.01,3.34
7.219305694103241,-0.01,3.31
7.220726050436497,-0.01,3.35
7.222134944051504,-0.01,3.38
7.223541397601366,-0.01,3.37
7.225136119872332,-0.01,3.38
7.226563856005669,-0.01,3.4
7.227982960641384,-0.01,3.37
7.229408465325832,-0.01,3.33
7.230869043618441,-0.01,3.34
7.232427526265383,-0.01,3.38
7.233852539211512,-0.01,3.37
7.235270757228136,-0.01,3.38
7.236727811396122,-0.01,3.34
7.238113645464182,-0.01,3.36
7.239699024707079,-0.01,3.34
7.241141516715288,-0.01,3.4
7.242574166506529,-0.0,3.42
7.2440250888466835,-0.01,3.43
7.245515380054712,-0.01,3.43
7.246826324611902,-0.0,3.41
7.248425774276257,-0.0,3.4
7.24986407160759,-0.0,3.38
7.251275472342968,-0.0,3.36
7.25272660702467,-0.0,3.37
7.254236467182636,-0.0,3.41
7.255572289228439,-0.0,3.39
7.25714024156332,-0.0,3.4
7.2585986740887165,-0.0,3.37
7.260042682290077,-0.0,3.37
7.261458560824394,-0.01,3.41
7.262933399528265,-0.01,3.4
7.264430116862059,-0.01,3.4
7.2658486887812614,-0.01,3.4
7.267353042960167,-0.01,3.45
7.268715351819992,-0.0,3.47
7.27015345916152,-0.01,3.42
7.271627079695463,-0.01,3.36
7.273139670491219,-0.01,3.37
7.2745639979839325,-0.01,3.39
7.275981768965721,-0.0,3.41
7.27745571359992,-0.0,3.4
7.2789164036512375,-0.0,3.41
7.280430115759373,-0.0,3.39
7.281848810613155,-0.0,3.41
7.2832763977348804,-0.01,3.38
7.284719239920378,-0.01,3.38
7.286192633211613,-0.01,3.42
7.28771435841918,-0.01,3.4
7.289140235632658,-0.01,3.41
7.290567874908447,-0.01,3.42
7.292050577700138,-0.01,3.41
7.293404497206211,-0.01,3.42
7.294976554811001,-0.01,3.43
7.296426173299551,-0.01,3.36
7.297897834330797,-0.01,3.33
7.299275755882263,-0.01,3.35
7.300814300775528,-0.0,3.37
7.30215584859252,-0.01,3.38
7.303717747330666,-0.01,3.41
7.3051408268511295,-0.01,3.39
7.3066221214830875,-0.0,3.38
7.308095157146454,-0.01,3.38
7.309509612619877,-0.01,3.39
7.311003096401691,-0.01,3.36
7.312463480979204,-0.01,3.35
7.313852269202471,-0.01,3.36
7.31536940485239,-0.01,3.36
7.316742736846209,-0.01,3.37
7.318281281739473,-0.01,3.39
7.319717228412628,-0.01,3.35
7.321144454181194,-0.01,3.36
7.322559699416161,-0.01,3.37
7.324100948870182,-0.01,3.39
7.3254403211176395,-0.01,3.4
7.327008377760649,-0.01,3.37
7.328438188880682,-0.01,3.37
7.329856161028147,-0.01,3.4
7.331355459988117,-0.01,3.39
7.3328333757817745,-0.01,3.41
7.334293104708195,-0.01,3.43
7.335746355354786,-0.01,3.43
7.337199699133635,-0.01,3.47
7.338659644126892,-0.01,3.47
7.340073261409998,-0.01,3.44
7.341513235121965,-0.01,3.43
7.343011733144522,-0.01,3.39
7.34443399310112,-0.01,3.37
7.345855075865984,-0.01,3.35
7.347361382097006,-0.01,3.36
7.348694641143084,-0.01,3.4
7.350296191871166,-0.01,3.38
7.351721365004778,-0.01,3.34
7.353206850588322,-0.01,3.34
7.3545610047876835,-0.01,3.38
7.356120049953461,-0.01,3.35
7.357421673834324,-0.01,3.34
7.359007351100445,-0.01,3.37
7.360433053225279,-0.01,3.38
7.361915193498135,-0.01,3.35
7.3632760383188725,-0.01,3.33
7.364854786545038,-0.01,3.3
7.366298619657755,-0.01,3.33
7.3677230551838875,-0.01,3.32
7.369143385440111,-0.01,3.3
7.370648354291916,-0.01,3.33
7.37211836874485,-0.01,3.31
7.373588673770428,-0.01,3.3
7.375010598450899,-0.01,3.31
7.376435227692127,-0.01,3.3
7.377857334911823,-0.01,3.3
7.379278525710106,-0.01,3.35
7.380750522017479,-0.01,3.36
7.382301464676857,-0.01,3.36
7.383721109479666,-0.01,3.33
7.385226454585791,-0.01,3.28
7.386608600616455,-0.01,3.27
7.388061985373497,-0.01,3.25
7.389584433287382,-0.01,3.26
7.3910446129739285,-0.01,3.27
7.392459385097027,-0.01,3.26
7.393903270363808,-0.01,3.28
7.3953423500061035,-0.01,3.28
7.396876558661461,-0.01,3.24
7.398327685892582,-0.01,3.24
7.399780873209238,-0.01,3.22
7.401180781424046,-0.01,3.22
7.402673207223415,-0.01,3.24
7.404074124991894,-0.01,3.24
7.405586056411266,-0.01,3.23
7.407055053859949,-0.01,3.19
7.408480331301689,-0.01,3.15
7.409906584769487,-0.01,3.18
7.411383476108313,-0.01,3.2
7.412874683737755,-0.01,3.23
7.41433734819293,-0.01,3.24
7.41572442650795,-0.01,3.23
7.417190637439489,-0.01,3.21
7.418656274676323,-0.01,3.22
7.420087359845638,-0.01,3.21
7.421585079282522,-0.01,3.22
7.423013914376497,-0.0,3.21
7.424432598054409,-0.0,3.21
7.425938591361046,-0.01,3.19
7.427315171808004,-0.01,3.15
7.428874220699072,-0.01,3.17
7.4303014278411865,-0.01,3.18
7.431787703186274,-0.01,3.21
7.433141924440861,-0.01,3.19
7.434698101133108,-0.01,3.14
7.436060696840286,-0.01,3.17
7.437609203159809,-0.01,3.16
7.439010385423899,-0.01,3.16
7.440516654402018,-0.01,3.18
7.44185671582818,-0.01,3.19
7.443358350545168,-0.01,3.18
7.444875944405794,-0.01,3.2
7.446307968348265,-0.01,3.22
7.447723485529423,-0.01,3.18
7.449143502861261,-0.01,3.22
7.450677573680878,-0.01,3.26
7.452163591980934,-0.01,3.21
7.453592609614134,-0.01,3.18
7.4550100564956665,-0.01,3.17
7.456485915929079,-0.01,3.14
7.457913335412741,-0.01,3.15
7.459397092461586,-0.01,3.13
7.460877887904644,-0.01,3.13
7.462320193648338,-0.01,3.15
7.4637881852686405,-0.01,3.13
7.465233135968447,-0.01,3.14
7.466607537120581,-0.01,3.13
7.468166708946228,-0.01,3.14
7.469591684639454,-0.01,3.15
7.471059467643499,-0.01,3.13
7.472529586404562,-0.01,3.15
7.47398329898715,-0.01,3.17
7.475321937352419,-0.01,3.15
7.476880498230457,-0.01,3.13
7.4783031195402145,-0.01,3.09
7.479804772883654,-0.01,3.07
7.481215741485357,-0.01,3.13
7.4827238619327545,-0.01,3.17
7.484164897352457,-0.01,3.13
7.485595867037773,-0.01,3.09
7.4870525151491165,-0.01,3.13
7.488437332212925,-0.01,3.11
7.489960569888353,-0.01,3.1
7.491277150809765,-0.01,3.09
7.492875900119543,-0.0,3.08
7.494304671883583,-0.01,3.04
7.495741203427315,-0.01,3.04
7.497145708650351,-0.0,3.08
7.498655028641224,-0.0,3.11
7.500169392675161,-0.0,3.13
7.50162261351943,-0.01,3.1
7.503061018884182,-0.01,3.06
7.504524648189545,-0.01,3.03
7.505948930978775,-0.01,3.09
7.50745315849781,-0.01,3.1
7.508877355605364,-0.01,3.05
7.510300539433956,-0.01,3.04
7.511724885553122,-0.01,3.04
7.513197101652622,-0.01,3.06
7.514565903693438,-0.01,3.09
7.516169790178537,-0.01,3.08
7.517588559538126,-0.01,3.1
7.519014250487089,-0.01,3.06
7.520529240369797,-0.01,3.09
7.521928288042545,-0.0,3.1
7.523457869887352,-0.01,3.09
7.524881072342396,-0.01,3.09
7.5263794511556625,-0.01,3.08
7.527765426784754,-0.01,3.07
7.529201984405518,-0.01,3.03
7.5307452455163,-0.01,3.0
7.53217189386487,-0.01,3.02
7.533634625375271,-0.0,3.02
7.5350825525820255,-0.01,3.04
7.536480613052845,-0.0,3.02
7.537941619753838,-0.0,3.03
7.539453107863665,-0.0,3.1
7.540876187384129,-0.0,3.1
7.542371351271868,-0.0,3.03
7.5437345020473,-0.0,3.03
7.545228078961372,-0.0,3.08
7.546744581311941,-0.0,3.09
7.548166770488024,-0.0,3.07
7.549594134092331,-0.0,3.06
7.551047388464212,-0.0,3.07
7.552485637366772,-0.0,3.08
7.554031513631344,-0.0,3.06
7.5554861053824425,-0.0,3.03
7.556930419057608,-0.0,3.05
7.558325245976448,-0.0,3.04
7.559802800416946,-0.0,3.04
7.561144068837166,-0.0,3.0
7.562765147536993,-0.0,3.02
7.564169179648161,-0.0,3.06
7.565591875463724,-0.0,3.1
7.567102495580912,-0.0,3.1
7.568554066121578,-0.0,3.1
7.570037387311459,-0.0,3.11
7.571455363184214,-0.0,3.12
7.572884153574705,-0.0,3.12
7.5743058025836945,0.0,3.09
7.575725831091404,0.0,3.08
7.577309608459473,-0.0,3.08
7.578747242689133,0.0,3.07
7.580210760235786,-0.0,3.1
7.581657186150551,-0.0,3.11
7.583074752241373,-0.0,3.13
7.584525998681784,-0.0,3.07
7.586032059043646,-0.0,3.04
7.587454117834568,-0.0,3.05
7.588882759213448,-0.0,3.04
7.590298842638731,-0.0,3.03
7.591769907623529,-0.0,3.03
7.593323171138763,-0.0,3.02
7.594750668853521,-0.0,3.0
7.596350133419037,0.0,3.06
7.597694482654333,-0.0,3.03
7.5990528203547,0.0,3.04
7.6005139499902725,0.0,3.01
7.6020327769219875,0.0,3.04
7.603504501283169,0.0,3.05
7.604967888444662,-0.0,3.03
7.606399420648813,-0.0,3.0
7.607878163456917,-0.0,2.99
7.609328057616949,-0.0,2.99
7.610771745443344,-0.0,2.98
7.612167526036501,-0.0,3.0
7.613698706030846,-0.0,3.01
7.615044090896845,-0.0,3.0
7.616434149444103,-0.0,2.97
7.618034020066261,-0.0,3.01
7.619522862136364,-0.0,3.01
7.620920725166798,-0.0,3.02
7.622392259538174,-0.0,3.01
7.623877186328173,-0.0,2.98
7.625329930335283,-0.0,3.0
7.626759048551321,-0.0,3.0
7.628179468214512,-0.0,2.98
7.629635967314243,-0.0,3.03
7.631162691861391,-0.0,3.03
7.6326189786195755,-0.0,2.96
7.634052488952875,-0.0,2.99
7.635459873825312,-0.0,2.96
7.6369680389761925,-0.0,2.94
7.638422705233097,-0.0,2.94
7.639887809753418,-0.0,2.98
7.641351606696844,-0.0,2.97
7.642750356346369,-0.0,2.95
7.644223004579544,-0.0,2.96
7.645703323185444,-0.0,2.98
7.647122021764517,-0.0,2.97
7.648617584258318,-0.0,2.93
7.650063432753086,-0.0,2.95
7.651536848396063,-0.0,2.97
7.652928743511438,-0.0,2.92
7.654436755925417,-0.0,2.89
7.655902735888958,-0.0,2.96
7.657350726425648,-0.0,2.95
7.658809624612331,-0.0,2.91
7.660262160003185,-0.0,2.93
7.661716353148222,-0.0,2.96
7.663135074079037,-0.0,2.91
7.664636135101318,-0.0,2.89
7.666063591837883,-0.0,2.91
7.667535826563835,-0.0,2.93
7.668988756835461,-0.0,2.89
7.670426085591316,-0.0,2.9
7.6719117648899555,-0.0,2.92
7.67336893081665,-0.0,2.91
7.674813903868198,-0.0,2.92
7.676279403269291,-0.0,2.94
7.677768245339394,-0.0,2.94
7.6791958175599575,-0.0,2.93
7.6806358471512794,-0.0,2.9
7.6820910833776,-0.0,2.92
7.6835297383368015,-0.0,2.9
7.685009118169546,0.0,2.88
7.686435602605343,0.0,2.88
7.687907733023167,0.0,2.96
7.689366292208433,-0.0,2.94
7.690808791667223,0.0,2.93
7.692289508879185,0.0,2.92
7.6936256512999535,-0.0,2.9
7.695190571248531,-0.0,2.97
7.696653425693512,-0.0,2.96
7.698037061840296,-0.0,2.95
7.699546966701746,0.0,2.96
7.70088117942214,0.0,2.97
7.702459670603275,0.0,2.95
7.703919742256403,0.0,2.95
7.705369997769594,0.0,2.97
7.706812873482704,0.0,2.99
7.708232931792736,0.0,2.99
7.70972366258502,0.0,2.94
7.711200699210167,0.0,2.92
7.712649546563625,0.0,2.93
7.714109688997269,0.0,2.99
7.715516947209835,0.0,3.01
7.716999426484108,0.0,3.01
7.718481540679932,0.0,3.01
7.719933301210403,0.0,3.04
7.721369337290525,0.0,2.99
7.722837183624506,0.0,2.98
7.724296383559704,0.0,2.99
7.725621789693832,0.0,3.04
7.727197423577309,0.0,3.06
7.728661991655827,0.0,3.0
7.730122569948435,0.0,2.96
7.731578849256039,0.0,3.01
7.732965100556612,0.0,3.0
7.734481416642666,0.0,2.99
7.735929202288389,0.0,3.01
7.737390402704477,0.0,2.98
7.738854575902224,0.0,2.99
7.740299358963966,0.0,2.95
7.741753958165646,0.0,2.96
7.743199285119772,0.0,2.99
7.7446782104671,0.0,3.01
7.7461089342832565,0.0,3.06
7.747505486011505,0.0,3.04
7.7490348517894745,0.0,3.03
7.750486705452204,0.0,3.01
7.751941867172718,0.0,2.99
7.753363244235516,0.0,3.0
7.75474800541997,0.0,3.04
7.756223354488611,0.0,3.04
7.757771700620651,0.0,3.04
7.759219400584698,0.0,3.07
7.760683748871088,0.0,3.03
7.7621009312570095,0.0,3.02
7.763547599315643,0.0,3.06
7.7649523094296455,0.0,3.02
7.766503654420376,0.0,3.02
7.767941638827324,0.0,3.04
7.769400395452976,0.0,3.04
7.770869866013527,0.0,3.03
7.772321157157421,0.0,3.03
7.7737716771662235,0.0,3.07
7.775229334831238,0.0,3.06
7.776689991354942,0.0,3.06
7.778139606118202,0.0,3.06
7.77959543466568,0.0,3.04
7.781042452901602,0.0,3.05
7.782500751316547,0.0,3.08
7.783952999860048,0.0,3.07
7.785414718091488,0.0,3.07
7.7868340611457825,0.0,3.08
7.788300063461065,0.0,3.08
7.789773691445589,0.0,3.04
7.79124004766345,0.0,3.04
7.792618531733751,0.0,3.03
7.7941388711333275,0.0,3.06
7.7956035025417805,0.0,3.09
7.797060139477253,0.0,3.07
7.798483580350876,0.0,3.05
7.799956377595663,0.0,3.03
7.801431320607662,-0.0,3.03
7.802878171205521,-0.0,3.04
7.804177708923817,-0.0,3.08
7.805777672678232,-0.0,3.08
7.807236909866333,-0.0,3.08
7.808621417731047,-0.0,3.03
7.810157157480717,0.0,3.03
7.8115700744092464,-0.0,3.09
7.813064847141504,-0.0,3.08
7.814520962536335,-0.0,3.04
7.815910667181015,-0.0,3.05
7.817438185214996,-0.0,3.07
7.818875025957823,-0.0,3.05
7.820352029055357,-0.0,3.06
7.821799576282501,-0.0,3.07
7.823247421532869,-0.0,3.07
7.824719823896885,-0.0,3.09
7.826167404651642,-0.0,3.08
7.827512089163065,-0.0,3.06
7.829061456024647,-0.0,3.08
7.830533355474472,-0.0,3.08
7.831986013799906,0.0,3.1
7.833431612700224,-0.0,3.09
7.834791485220194,-0.0,3.12
7.836357619613409,-0.0,3.13
7.837809965014458,-0.0,3.1
7.839195467531681,-0.0,3.11
7.8406561352312565,-0.0,3.14
7.842095132917166,-0.0,3.12
7.843630071729422,-0.0,3.09
7.845069225877523,-0.0,3.05
7.846483487635851,0.0,3.09
7.847912926226854,0.0,3.06
7.849414244294167,-0.0,3.03
7.850801181048155,-0.0,3.03
7.852364040911198,-0.0,3.07
7.853779718279839,-0.0,3.08
7.855273492634296,-0.0,3.06
7.856703400611877,-0.0,3.04
7.858105588704348,-0.0,3.11
7.859644044190645,-0.0,3.12
7.861088510602713,-0.0,3.08
7.8624880611896515,-0.0,3.12
7.863975163549185,-0.0,3.14
7.86541260778904,-0.0,3.14
7.866925302892923,-0.0,3.13
7.868357218801975,-0.0,3.17
7.869780331850052,-0.0,3.18
7.8712848871946335,-0.0,3.17
7.872739762067795,-0.0,3.21
7.874184485524893,-0.0,3.23
7.875653922557831,-0.0,3.18
7.877074010670185,0.0,3.19
7.878546807914972,0.0,3.25
7.879911333322525,0.0,3.32
7.88146460801363,0.0,3.33
7.882855076342821,-0.0,3.29
7.884356804192066,-0.0,3.28
7.885842315852642,-0.0,3.31
7.887276045978069,-0.0,3.33
7.888689387589693,-0.0,3.34
7.890193559229374,-0.0,3.34
7.891647003591061,0.0,3.34
7.89311083778739,0.0,3.4
7.894564930349588,-0.0,3.41
7.896023292094469,0.0,3.37
7.897466465830803,0.0,3.38
7.898932844400406,0.0,3.36
7.9003851264715195,0.0,3.38
7.901777125895023,0.0,3.35
7.903302378952503,-0.0,3.38
7.904726468026638,-0.0,3.38
7.906212761998177,0.0,3.38
7.90765854716301,-0.0,3.38
7.909099247306585,-0.0,3.4
7.910569842904806,0.0,3.42
7.912028443068266,0.0,3.4
7.913413122296333,-0.0,3.39
7.914936915040016,0.0,3.44
7.9163890071213245,0.0,3.46
7.917796742171049,0.0,3.48
7.919288408011198,0.0,3.46
7.9207603223621845,0.0,3.45
7.922122530639172,0.0,3.45
7.923647336661816,0.0,3.45
7.925127509981394,-0.0,3.48
7.926566697657108,-0.0,3.51
7.927956771105528,0.0,3.49
7.9294838681817055,-0.0,3.53
7.930935807526112,-0.0,3.53
7.932405963540077,-0.0,3.52
7.933860793709755,-0.0,3.5
7.935313783586025,-0.0,3.51
7.9367384016513824,0.0,3.58
7.938223667442799,-0.0,3.57
7.939684320241213,-0.0,3.57
7.941066578030586,-0.0,3.58
7.94256292283535,-0.0,3.61
7.943972736597061,-0.0,3.64
7.9454917423427105,-0.0,3.58
7.946932051330805,0.0,3.6
7.948412582278252,-0.0,3.61
7.949779126793146,-0.0,3.61
7.951324392110109,-0.0,3.61
7.952660236507654,-0.0,3.62
7.9542210921645164,-0.0,3.65
7.955678381025791,-0.0,3.65
7.957136936485767,-0.0,3.67
7.958554171025753,0.0,3.7
7.959921211004257,0.0,3.68
7.961513172835112,0.0,3.69
7.962964937090874,0.0,3.69
7.964418072253466,0.0,3.67
7.9658661223948,0.0,3.71
7.967289622873068,0.0,3.76
7.9686800837516785,0.0,3.75
7.970233745872974,0.0,3.74
7.971692726016045,-0.0,3.71
7.9730727635324,-0.0,3.75
7.974601302295923,-0.0,3.73
7.976059541106224,-0.0,3.73
7.977516066282988,0.0,3.74
7.978972807526588,0.0,3.75
7.980429723858833,0.0,3.82
7.981812879443169,-0.0,3.81
7.983307711780071,-0.0,3.78
7.984721012413502,0.0,3.77
7.986251898109913,0.0,3.81
7.987699866294861,-0.0,3.83
7.9890963435173035,-0.0,3.81
7.990622438490391,-0.0,3.78
7.991950586438179,0.0,3.79
7.993516258895397,0.0,3.82
7.994937852025032,0.0,3.84
7.9963608011603355,0.0,3.84
7.997844479978085,0.0,3.85
7.999284993857145,-0.0,3.86
8.000790178775787,0.0,3.85
8.00226041674614,0.0,3.88
8.003698226064444,0.0,3.85
8.005081050097942,0.0,3.83
8.006575014442205,0.0,3.83
8.008018650114536,0.0,3.84
8.00951236858964,0.0,3.87
8.01098733767867,-0.0,3.92
8.012439522892237,0.0,3.91
8.013885628432035,0.0,3.89
8.015341751277447,0.0,3.9
8.016802866011858,0.0,3.88
8.01822316646576,-0.0,3.89
8.019713658839464,0.0,3.93
8.021169140934944,0.0,3.95
8.022552121430635,0.0,3.92
8.02406694740057,0.0,3.92
8.025514870882034,0.0,3.89
8.026948481798172,0.0,3.9
8.028440449386835,0.0,3.93
8.029865134507418,0.0,3.92
8.03123888745904,-0.0,3.91
8.032802909612656,0.0,3.93
8.034225519746542,0.0,3.91
8.035717196762562,0.0,3.92
8.037123937159777,0.0,3.9
8.038623157888651,0.0,3.89
8.040085777640343,0.0,3.93
8.041514325886965,0.0,3.97
8.042998231947422,0.0,3.94
8.044407814741135,0.0,3.94
8.045880503952503,0.0,3.94
8.047347877174616,0.0,3.97
8.048800185322762,0.0,3.96
8.050253555178642,0.0,3.93
8.051733180880547,0.0,3.95
8.05311581864953,0.0,3.95
8.054544854909182,0.0,3.93
8.05608993023634,0.0,3.94
8.057538963854313,0.0,3.98
8.059002194553614,0.0,3.94
8.06042955815792,0.0,3.95
8.06182612106204,0.0,4.01
8.063335306942463,0.0,4.04
8.064828254282475,0.0,4.0
8.066258992999792,0.01,4.01
8.06771158799529,0.01,4.04
8.06916357576847,0.01,4.02
8.070610549300909,0.01,4.04
8.072093319147825,0.01,4.03
8.073547597974539,0.01,4.04
8.07494368031621,0.01,4.04
8.076459884643555,0.01,4.04
8.077908992767334,0.01,4.04
8.07935531064868,0.01,4.1
8.080834038555622,0.01,4.09
8.08226167038083,0.01,4.05
8.08371902629733,0.01,4.07
8.085189010947943,0.01,4.06
8.086555507034063,0.01,4.1
8.088094472885132,0.01,4.11
8.089551351964474,0.01,4.1
8.090990390628576,0.01,4.08
8.092474408447742,0.01,4.09
8.093823213130236,0.01,4.09
8.09538098052144,0.01,4.13
8.096811886876822,0.01,4.15
8.09822591394186,0.01,4.11
8.099730897694826,0.01,4.1
8.101110484451056,0.01,4.12
8.102645680308342,0.01,4.13
8.104095820337534,0.01,4.15
8.105521645396948,0.01,4.19
8.107018318027258,0.01,4.2
8.108407374471426,0.01,4.18
8.109892327338457,0.0,4.15
8.11138055473566,0.01,4.15
8.112804345786572,0.01,4.18
8.114286325871944,0.01,4.16
8.115740235894918,0.01,4.21
8.117202516645193,0.0,4.21
8.118649914860725,0.0,4.2
8.120095688849688,0.0,4.23
8.121519174426794,0.0,4.26
8.12301331013441,0.0,4.26
8.124392740428448,0.01,4.26
8.125924367457628,0.0,4.27
8.127383220940828,0.0,4.24
8.12884172052145,0.0,4.2
8.130299236625433,0.0,4.21
8.131673835217953,0.0,4.22
8.133211493492126,0.0,4.21
8.134554579854012,0.0,4.21
8.136115401983261,0.0,4.25
8.137536887079477,0.01,4.22
8.138971101492643,0.0,4.21
8.14046472683549,0.0,4.25
8.141840543597937,0.0,4.26
8.14338692650199,0.0,4.29
8.144845459610224,0.0,4.29
8.1462605856359,0.0,4.22
8.14775938168168,0.0,4.25
8.14914733171463,0.0,4.28
8.150670185685158,0.0,4.29
8.152092710137367,0.0,4.32
8.153580956161022,0.0,4.33
8.155024819076061,0.0,4.31
8.156449969857931,0.0,4.33
8.157781410962343,0.0,4.32
8.159385927021503,0.0,4.35
8.160805188119411,0.0,4.38
8.162305042147636,0.0,4.35
8.1636952906847,0.0,4.38
8.16516524553299,0.0,4.36
8.166674293577671,0.0,4.34
8.168133594095707,0.0,4.39
8.16954766958952,0.0,4.36
8.170942325145006,0.0,4.4
8.172502398490906,0.0,4.4
8.173786599189043,0.0,4.42
8.175381883978844,0.0,4.38
8.176808685064316,0.0,4.38
8.17832414060831,0.0,4.38
8.179698273539543,-0.0,4.41
8.181103132665157,-0.0,4.4
8.182677701115608,0.0,4.38
8.184146702289581,-0.0,4.4
8.185516480356455,-0.0,4.39
8.18704542890191,-0.0,4.41
8.188412569463253,-0.0,4.46
8.18996188417077,-0.0,4.45
8.191415511071682,-0.0,4.45
8.192842353135347,-0.0,4.44
8.194299899041653,-0.0,4.41
8.195775210857391,-0.0,4.4
8.197190649807453,-0.0,4.45
8.198674842715263,0.0,4.46
8.200098477303982,-0.0,4.46
8.20155357196927,0.0,4.43
8.20305696502328,-0.0,4.43
8.204506244510412,-0.0,4.41
8.205964133143425,-0.0,4.46
8.207421090453863,-0.0,4.49
8.208872973918915,0.0,4.45
8.210281644016504,-0.0,4.45
8.211777687072754,-0.0,4.43
8.213234305381775,-0.0,4.45
8.214678645133972,-0.0,4.47
8.216156829148531,-0.0,4.46
8.217556495219469,-0.0,4.43
8.218976553529501,-0.0,4.4
8.220514632761478,-0.0,4.41
8.221962999552488,-0.0,4.47
8.223384775221348,-0.0,4.44
8.224882557988167,-0.0,4.44
8.226232942193747,-0.0,4.49
8.227762915194035,-0.0,4.47
8.229249745607376,-0.0,4.44
8.230702962726355,-0.0,4.44
8.232159473001957,-0.0,4.43
8.23360251635313,-0.0,4.5
8.234997723251581,-0.0,4.45
8.236525561660528,-0.0,4.44
8.237962439656258,-0.0,4.48
8.239425703883171,-0.0,4.47
8.240824114531279,-0.0,4.45
8.242348730564117,-0.0,4.44
8.243781559169292,-0.0,4.46
8.245257921516895,-0.0,4.44
8.246720228344202,-0.0,4.45
8.248170427978039,-0.0,4.48
8.249590441584587,-0.0,4.49
8.251070950180292,-0.0,4.5
8.252368126064539,-0.0,4.48
8.253989309072495,-0.0,4.5
8.255432724952698,-0.0,4.54
8.2568947263062,-0.0,4.52
8.258247651159763,-0.0,4.48
8.259816344827414,-0.0,4.51
8.261256918311119,-0.0,4.54
8.262681856751442,-0.0,4.5
8.264173068106174,-0.0,4.48
8.26560427248478,-0.0,4.49
8.267081160098314,-0.0,4.48
8.268544036895037,-0.0,4.47
8.269965890794992,-0.0,4.44
8.271457590162754,-0.0,4.43
8.272871173918247,-0.0,4.44
8.274262215942144,-0.0,4.45
8.275815237313509,-0.0,4.47
8.277258202433586,-0.0,4.5
8.278680376708508,-0.0,4.5
8.28018706291914,-0.0,4.48
8.281558088958263,-0.0,4.46
8.283104471862316,-0.0,4.47
8.284546285867691,-0.0,4.44
8.286007814109325,-0.0,4.45
8.287461910396814,-0.0,4.52
8.288915649056435,-0.0,4.51
8.290233083069324,-0.0,4.53
8.291829884052277,-0.0,4.51
8.29327604547143,-0.0,4.51
8.294683326035738,-0.0,4.5
8.296198450028896,-0.01,4.47
8.297649670392275,-0.01,4.48
8.299057640135288,-0.01,4.53
8.300548549741507,-0.01,4.51
8.302027352154255,-0.01,4.46
8.303429894149303,-0.01,4.45
8.30485101044178,-0.01,4.45
8.30636503919959,-0.0,4.48
8.307846747338772,-0.0,4.5
8.309260625392199,-0.0,4.5
8.310745365917683,-0.0,4.47
8.312185972929,-0.0,4.44
8.313594598323107,-0.0,4.49
8.31510204821825,-0.0,4.49
8.316547814756632,-0.0,4.47
8.31796271726489,-0.0,4.5
8.319403771311045,-0.0,4.5
8.320934027433395,-0.0,4.46
8.322294410318136,-0.0,4.48
8.323833212256432,-0.0,4.45
8.325292188674212,-0.0,4.45
8.326679173856974,-0.01,4.5
8.328096501529217,-0.01,4.52
8.329604465514421,-0.01,4.51
8.331123560667038,-0.0,4.48
8.332561813294888,-0.01,4.49
8.333969846367836,-0.0,4.49
8.335480656474829,-0.0,4.49
8.336940180510283,-0.0,4.54
8.338271010667086,-0.0,4.55
8.339852411299944,-0.0,4.51
8.34126502275467,-0.01,4.5
8.34271091222763,-0.0,4.54
8.344115763902664,-0.0,4.51
8.345671318471432,-0.01,4.47
8.34712677448988,-0.01,4.48
8.34854980558157,-0.01,4.52
8.349994637072086,-0.01,4.51
8.35144380107522,-0.0,4.48
8.352948665618896,-0.0,4.5
8.3544114343822,-0.0,4.53
8.35583796724677,-0.01,4.51
8.357257582247257,-0.01,4.48
8.358711749315262,-0.01,4.53
8.360225927084684,-0.01,4.58
8.361684527248144,-0.01,4.54
8.363130509853363,-0.0,4.52
8.364547803997993,-0.0,4.55
8.366027846932411,-0.01,4.57
8.3674999140203,-0.01,4.58
8.368850264698267,-0.01,4.56
8.370413471013308,-0.01,4.55
8.37187286093831,-0.0,4.54
8.373253393918276,-0.01,4.54
8.374775238335133,-0.01,4.56
8.37623205408454,-0.01,4.55
8.377674359828234,-0.01,4.51
8.379148535430431,-0.01,4.51
8.380600348114967,-0.0,4.59
8.382013346999884,-0.0,4.62
8.383434899151325,-0.0,4.6
8.38497170060873,-0.01,4.59
8.386436693370342,-0.01,4.6
8.38783185556531,-0.0,4.53
8.389298975467682,-0.01,4.57
8.390793975442648,-0.01,4.62
8.39219680801034,-0.0,4.63
8.393700290471315,-0.0,4.6
8.39514446258545,-0.0,4.61
8.396545503288507,-0.01,4.62
8.39797006547451,-0.0,4.6
8.399521797895432,-0.0,4.63
8.400831762701273,-0.0,4.62
8.402412503957748,-0.0,4.64
8.403881136327982,-0.0,4.67
8.405258502811193,-0.01,4.66
8.406678274273872,-0.01,4.61
8.40821734443307,-0.01,4.57
8.409701351076365,-0.0,4.6
8.411164335906506,-0.01,4.64
8.412611369043589,-0.01,4.66
8.414045292884111,-0.01,4.64
8.415465150028467,-0.0,4.67
8.416974231600761,-0.0,4.69
8.41843157634139,-0.0,4.67
8.419871345162392,-0.0,4.66
8.421335324645042,-0.0,4.66
8.422797232866287,-0.0,4.67
8.424256194382906,-0.0,4.67
8.42570399492979,-0.0,4.68
8.42716621235013,-0.0,4.69
8.428549218922853,-0.0,4.62
8.429990354925394,-0.0,4.62
8.431527603417635,-0.0,4.65
8.432895116508007,-0.0,4.68
8.434415765106678,-0.0,4.67
8.435834996402264,-0.0,4.68
8.437261201441288,-0.0,4.7
8.438810914754868,-0.0,4.67
8.440100368112326,-0.0,4.66
8.441712617874146,-0.0,4.7
8.443175200372934,-0.0,4.71
8.444618660956621,-0.0,4.72
8.445999380201101,-0.0,4.73
8.4474803134799,-0.0,4.72
8.448993284255266,-0.0,4.71
8.450438879430294,-0.0,4.68
8.45183576270938,-0.0,4.73
8.453260630369186,-0.0,4.75
8.454701628535986,-0.0,4.71
8.456257667392492,-0.0,4.69
8.457702547311783,-0.0,4.73
8.459185291081667,-0.0,4.76
8.460628300905228,-0.0,4.71
8.46202988550067,-0.0,4.7
8.463545747101307,-0.0,4.7
8.464991744607687,-0.0,4.71
8.466414634138346,-0.0,4.71
8.467838920652866,-0.0,4.75
8.469373602420092,-0.0,4.75
8.470804274082184,-0.0,4.74
8.47228118404746,-0.0,4.73
8.473735384643078,-0.0,4.69
8.475140985101461,-0.0,4.7
8.476636201143265,-0.0,4.71
8.478034429252148,-0.0,4.71
8.479480411857367,-0.0,4.7
8.481008235365152,-0.0,4.71
8.482457295060158,-0.0,4.7
8.48389195278287,-0.0,4.74
8.485331609845161,-0.0,4.75
8.48682539910078,-0.0,4.74
8.488279551267624,-0.0,4.77
8.489739019423723,-0.0,4.74
8.491126712411642,-0.0,4.73
8.492655523121357,-0.0,4.75
8.494010359048843,-0.0,4.72
8.495436500757933,-0.0,4.74
8.49699629098177,-0.0,4.77
8.498466946184635,-0.0,4.75
8.499926820397377,-0.0,4.75
8.501303687691689,-0.0,4.76
8.50284555926919,-0.0,4.74
8.504291705787182,-0.0,4.73
8.505741067230701,-0.0,4.76
8.507129434496164,-0.0,4.77
8.50866810977459,-0.0,4.75
8.510119080543518,-0.0,4.75
8.511572141200304,-0.0,4.76
8.513030782341957,-0.0,4.75
8.514454022049904,-0.0,4.75
8.515911057591438,-0.0,4.77
8.517383649945259,-0.0,4.8
8.51883252337575,-0.0,4.8
8.520281419157982,-0.0,4.79
8.521758276969194,-0.0,4.79
8.52321406826377,-0.0,4.76
8.524608045816422,-0.0,4.78
8.526072207838297,-0.0,4.79
8.527577470988035,-0.0,4.77
8.528991512954235,0.0,4.74
8.530422359704971,0.0,4.74
8.531837295740843,0.0,4.81
8.53340071067214,0.0,4.87
8.534860245883465,-0.0,4.85
8.5362808406353,0.0,4.8
8.53775279596448,0.0,4.82
8.53921340405941,0.0,4.79
8.540594011545181,-0.0,4.79
8.542112596333027,0.0,4.83
8.5435792170465,0.0,4.84
8.545039009302855,0.0,4.83
8.546420339494944,0.0,4.86
8.54792620241642,0.0,4.85
8.549395222216845,0.0,4.84
8.550859708338976,0.0,4.86
8.552301306277514,0.0,4.85
8.553711339831352,0.0,4.85
8.555194400250912,0.0,4.84
8.556584164500237,0.0,4.88
8.558125413954258,0.0,4.88
8.559591680765152,0.0,4.84
8.561044678092003,0.0,4.88
8.562504023313522,0.0,4.89
8.563934590667486,0.0,4.87
8.565349467098713,0.0,4.89
8.56685982644558,0.0,4.89
8.568289078772068,0.0,4.87
8.56977055221796,0.0,4.88
8.571208521723747,0.0,4.92
8.572638634592295,0.0,4.95
8.574042547494173,0.0,4.98
8.575580384582281,0.0,4.96
8.577011425048113,0.0,4.97
8.578510079532862,0.0,4.98
8.579891860485077,0.0,4.99
8.581346232444048,0.0,4.99
8.582868300378323,0.0,5.02
8.58429280295968,0.0,4.99
8.585791055113077,0.0,4.97
8.58721037954092,0.0,4.99
8.588589023798704,0.0,5.06
8.590153470635414,0.0,5.08
8.591602839529514,0.0,5.05
8.592996664345264,0.0,5.05
8.59452747553587,0.0,5.02
8.595976043492556,0.0,5.01
8.597436413168907,-0.0,5.06
8.598867181688547,0.0,5.07
8.600338339805603,-0.0,5.08
8.60179177671671,0.0,5.07
8.60325327143073,0.0,5.08
8.604673083871603,0.0,5.11
8.606162656098604,-0.0,5.06
8.607610020786524,0.0,5.08
8.60906594991684,-0.0,5.12
8.610517159104347,-0.0,5.1
8.611982453614473,-0.0,5.11
8.613430738449097,0.0,5.1
8.614867340773344,0.0,5.08
8.616347573697567,0.0,5.11
8.61770436912775,0.0,5.19
8.619253177195787,0.0,5.19
8.62064516171813,-0.0,5.1
8.62215081229806,-0.0,5.16
8.623595241457224,-0.0,5.15
8.625072598457336,0.0,5.16
8.626526437699795,-0.0,5.2
8.627885270863771,-0.0,5.19
8.629409827291965,0.0,5.17
8.630882445722818,-0.0,5.21
8.632346644997597,-0.0,5.16
8.633737839758396,-0.0,5.16
8.635252945125103,-0.0,5.17
8.636671382933855,-0.0,5.17
8.638150185346603,-0.0,5.18
8.639615442603827,-0.0,5.18
8.641028050333261,-0.0,5.2
8.642458975315094,-0.0,5.23
8.643985893577337,-0.0,5.23
8.645440191030502,-0.0,5.23
8.646894548088312,-0.0,5.28
8.648340556770563,-0.0,5.27
8.64973371103406,-0.0,5.22
8.65123476460576,-0.0,5.25
8.652673698961735,-0.0,5.26
8.654153570532799,-0.0,5.25
8.655622020363808,-0.0,5.28
8.65707341209054,0.0,5.33
8.658430188894272,0.0,5.29
8.65998912230134,0.0,5.25
8.66144384816289,0.0,5.27
8.66289011016488,0.0,5.29
8.6643211171031,0.0,5.32
8.665809839963913,0.0,5.34
8.667168259620667,0.0,5.35
8.668716121464968,0.0,5.37
8.67017713189125,0.0,5.34
8.671630963683128,0.0,5.35
8.673059340566397,0.0,5.32
8.674515876919031,-0.0,5.34
8.67600429058075,0.0,5.34
8.6774439252913,0.0,5.35
8.678911916911602,0.0,5.31
8.680345010012388,0.0,5.29
8.681766297668219,0.0,5.3
8.68316538631916,-0.0,5.33
8.684734299778938,0.0,5.34
8.686186775565147,0.0,5.36
8.687583424150944,-0.0,5.38
8.689023151993752,-0.0,5.34
8.690545573830605,-0.0,5.32
8.691881626844406,-0.0,5.36
8.693443529307842,-0.0,5.42
8.694863744080067,0.0,5.42
8.696371626108885,-0.0,5.38
8.697827391326427,-0.0,5.43
8.699268914759159,-0.0,5.44
8.700732201337814,-0.0,5.42
8.702153734862804,-0.0,5.41
8.703577484935522,-0.0,5.39
8.705102801322937,-0.0,5.42
8.706421218812466,-0.0,5.42
8.707960963249207,-0.0,5.44
8.709442909806967,-0.0,5.46
8.710920359939337,-0.0,5.45
8.712371293455362,-0.0,5.43
8.71377982199192,-0.0,5.47
8.71525152772665,-0.0,5.45
8.716730259358883,-0.0,5.41
8.71819331124425,-0.0,5.44
8.719581123441458,-0.0,5.47
8.721115447580814,-0.0,5.47
8.72248898819089,-0.0,5.49
8.723927445709705,-0.0,5.47
8.725465629249811,-0.0,5.45
8.726872347295284,-0.0,5.43
8.728371910750866,-0.0,5.46
8.729831922799349,-0.0,5.46
8.731210179626942,-0.0,5.48
8.73273628950119,-0.0,5.5
8.734194576740265,-0.0,5.48
8.735658071935177,-0.0,5.49
8.737001482397318,-0.0,5.51
8.7385637126863,-0.0,5.52
8.740025240927935,-0.0,5.5
8.741468772292137,-0.0,5.52
8.742919389158487,-0.0,5.53
8.744350280612707,-0.0,5.53
8.745771415531635,-0.0,5.53
8.747292656451464,0.0,5.51
8.748746294528246,-0.0,5.55
8.750159159302711,-0.0,5.54
8.75166142731905,-0.0,5.56
8.75305175408721,-0.0,5.59
8.754421174526215,-0.0,5.59
8.756029710173607,-0.0,5.57
8.757453564554453,-0.0,5.54
8.758869290351868,-0.0,5.57
8.760392218828201,-0.0,5.55
8.761737324297428,-0.0,5.56
8.763303682208061,-0.0,5.59
8.764729984104633,-0.0,5.62
8.766153063625097,-0.0,5.6
8.767659816890955,-0.0,5.61
8.76908166334033,-0.0,5.59
8.77052827551961,-0.0,5.59
8.77203232049942,-0.0,5.63
8.773446276783943,-0.0,5.61
8.774950478225946,-0.0,5.61
8.776397824287415,-0.0,5.61
8.777794416993856,-0.0,5.63
8.779308691620827,-0.0,5.65
8.78073301538825,-0.0,5.63
8.782219886779785,-0.0,5.65
8.783680848777294,-0.0,5.63
8.785119228065014,-0.0,5.65
8.786426462233067,-0.0,5.64
8.788034427911043,-0.0,5.67
8.789491049945354,-0.0,5.67
8.790878996253014,-0.0,5.71
8.79231122881174,-0.0,5.7
8.793862156569958,-0.0,5.7
8.795313630253077,-0.0,5.71
8.796756241470575,-0.0,5.71
8.798197600990534,-0.0,5.71
8.799612127244473,-0.0,5.69
8.801002532243729,-0.0,5.69
8.802571665495634,-0.0,5.73
8.804027494043112,-0.0,5.74
8.805476922541857,-0.0,5.73
8.806921128183603,-0.0,5.75
8.808411132544279,-0.0,5.78
8.809906788170338,-0.0,5.78
8.811315469443798,-0.0,5.78
8.812767777591944,-0.0,5.77
8.814184065908194,-0.0,5.77
8.81566458940506,-0.0,5.73
8.817133530974388,-0.0,5.77
8.818503350019455,-0.0,5.79
8.820044755935669,-0.0,5.81
8.821499537676573,-0.0,5.82
8.822906266897917,-0.0,5.83
8.824421040713787,-0.0,5.85
8.82581701874733,0.0,5.83
8.827315170317888,-0.0,5.81
8.828770089894533,-0.0,5.8
8.830238342285156,-0.0,5.84
8.831609096378088,-0.0,5.86
8.833075296133757,-0.0,5.84
8.834619928151369,-0.0,5.84
8.836022637784481,-0.0,5.85
8.837486326694489,-0.0,5.87
8.838960852473974,-0.0,5.85
8.840419266372919,-0.0,5.85
8.841878041625023,-0.0,5.9
8.843314312398434,-0.0,5.92
8.844733227044344,-0.0,5.92
8.846185389906168,-0.0,5.91
8.847660686820745,-0.0,5.91
8.849143892526627,-0.0,5.88
8.850610934197903,-0.0,5.89
8.852069467306137,-0.0,5.9
8.85348990932107,-0.0,5.89
8.854891423135996,-0.0,5.92
8.856298469007015,-0.0,5.92
8.857890281826258,-0.0,5.89
8.859319116920233,-0.0,5.92
8.860792685300112,-0.0,5.91
8.862155672162771,-0.0,5.9
8.863669108599424,-0.0,5.89
8.865157399326563,-0.0,5.91
8.866601590067148,-0.0,5.95
8.868078008294106,-0.0,5.95
8.869531754404306,-0.0,5.94
8.870895229279995,-0.0,5.89
8.872444093227386,-0.0,5.92
8.873891532421112,-0.0,5.96
8.875352688133717,-0.0,5.95
8.876804240047932,-0.0,5.97
8.878250669687986,-0.0,5.99
8.879705414175987,-0.0,5.99
8.88117752224207,-0.0,6.03
8.882609266787767,-0.0,6.01
8.88406940922141,-0.0,5.98
8.885540325194597,-0.0,6.0
8.886956352740526,-0.0,6.07
8.888411022722721,-0.0,6.08
8.889895811676979,-0.0,6.08
8.891347650438547,-0.0,6.02
8.892767898738384,-0.0,5.99
8.894173812121153,-0.0,5.97
8.89572449028492,-0.0,6.03
8.897180337458849,-0.0,6.07
8.898606024682522,-0.0,6.09
8.900029439479113,-0.0,6.07
8.901537854224443,-0.0,6.06
8.902904324233532,-0.0,6.03
8.904451932758093,-0.0,6.05
8.905894216150045,-0.0,6.08
8.907314885407686,-0.0,6.05
8.908804405480623,-0.0,6.02
8.910251572728157,-0.0,6.06
8.911669179797173,-0.0,6.08
8.913185309618711,-0.0,6.09
8.914601977914572,-0.0,6.07
8.916093040257692,-0.0,6.05
8.917556654661894,-0.0,6.06
8.91900135576725,-0.0,6.06
8.920424401760101,-0.0,6.09
8.921918548643589,-0.0,6.08
8.923371024429798,-0.0,6.06
8.924783915281296,-0.0,6.06
8.926189340651035,-0.0,6.05
8.927746690809727,-0.0,6.1
8.929184302687645,-0.0,6.09
8.930652406066656,-0.0,6.05
8.93202543631196,-0.0,6.04
8.933548331260681,-0.0,6.05
8.934985134750605,-0.0,6.06
8.936470050364733,-0.0,6.1
8.937922608107328,-0.0,6.12
8.939382046461105,-0.0,6.1
8.940824773162603,-0.01,6.14
8.942264344543219,-0.0,6.16
8.94374319165945,-0.0,6.17
8.945189822465181,-0.0,6.19
8.946655668318272,-0.0,6.17
8.94803824275732,-0.0,6.14
8.949451971799135,-0.0,6.1
8.950935922563076,-0.01,6.14
8.952469550073147,-0.0,6.14
8.953892461955547,-0.0,6.12
8.955382525920868,-0.0,6.09
8.956832345575094,-0.0,6.09
8.95822961255908,-0.0,6.11
8.959721144288778,-0.0,6.11
8.96120822057128,-0.0,6.11
8.96266384422779,-0.0,6.14
8.96403195336461,-0.0,6.19
8.965541083365679,-0.01,6.2
8.96692629903555,-0.0,6.16
8.968495443463326,-0.0,6.11
8.969939444214106,-0.01,6.13
8.971314135938883,-0.01,6.13
8.972851324826479,-0.0,6.16
8.97420558705926,-0.01,6.18
8.975757509469986,-0.01,6.2
8.977186810225248,-0.0,6.18
8.978663567453623,-0.0,6.16
8.980110470205545,-0.0,6.18
8.981522530317307,-0.01,6.22
8.982940558344126,-0.0,6.21
8.984475456178188,-0.01,6.24
8.985895231366158,-0.01,6.24
8.98739030957222,-0.01,6.19
8.98880060762167,-0.01,6.19
8.990227039903402,-0.01,6.19
8.991764191538095,-0.01,6.2
8.993224505335093,-0.01,6.22
8.994637914001942,-0.0,6.24
8.996025577187538,-0.01,6.23
8.997539579868317,-0.0,6.25
8.999033562839031,-0.0,6.27
9.000470746308565,-0.01,6.25
9.001951921731234,-0.01,6.25
9.003358412533998,-0.01,6.31
9.004858154803514,-0.01,6.27
9.006236340850592,-0.01,6.29
9.007762517780066,-0.01,6.3
9.009217467159033,-0.01,6.31
9.01067253947258,-0.0,6.29
9.012073393911123,-0.01,6.28
9.01358163356781,-0.0,6.31
9.014955535531044,-0.0,6.32
9.01647500693798,-0.01,6.36
9.01795394718647,-0.01,6.33
9.019406873732805,-0.0,6.31
9.020854715257883,-0.01,6.34
9.022313747555017,-0.01,6.34
9.02376626431942,-0.01,6.35
9.025185007601976,-0.01,6.37
9.026684764772654,-0.01,6.36
9.02811023965478,-0.01,6.33
9.029605206102133,-0.01,6.41
9.031046532094479,-0.01,6.47
9.032508008182049,-0.0,6.46
9.033968456089497,-0.0,6.42
9.035349577665329,-0.0,6.43
9.036873038858175,-0.01,6.41
9.038226634263992,-0.01,6.44
9.039760518819094,-0.01,6.46
9.041233569383621,-0.01,6.44
9.042689766734838,-0.01,6.43
9.044141698628664,-0.01,6.44
9.045587129890919,-0.01,6.46
9.047057028859854,-0.01,6.52
9.0485138297081,-0.0,6.49
9.049973480403423,-0.01,6.49
9.051426354795694,-0.01,6.54
9.052872184664011,-0.01,6.52
9.0543407574296,-0.01,6.49
9.055787738412619,-0.0,6.46
9.057187519967556,-0.01,6.46
9.058687970042229,-0.01,6.49
9.060075405985117,-0.01,6.5
9.06157847493887,-0.01,6.48
9.063060499727726,-0.01,6.5
9.06447758153081,-0.01,6.52
9.065972235053778,-0.01,6.52
9.067394811660051,-0.01,6.53
9.068877771496773,-0.01,6.56
9.070341937243938,-0.01,6.59
9.071768533438444,-0.01,6.58
9.07325790822506,-0.01,6.52
9.07469766959548,-0.01,6.52
9.076031133532524,-0.01,6.55
9.077578041702509,-0.01,6.57
9.07907421886921,-0.01,6.57
9.08052397146821,-0.01,6.6
9.08195973932743,-0.01,6.58
9.08334806188941,-0.01,6.56
9.084889397025108,-0.01,6.56
9.0863396525383,-0.01,6.6
9.087768040597439,-0.0,6.63
9.08925736695528,-0.01,6.61
9.090715322643518,-0.01,6.63
9.092169024050236,-0.01,6.68
9.093613155186176,-0.0,6.66
9.095068983733654,-0.01,6.65
9.09647561237216,-0.01,6.63
9.097978968173265,-0.01,6.65
9.099448502063751,-0.01,6.65
9.100863236933947,-0.0,6.69
9.102339245378971,-0.0,6.68
9.103773359209299,-0.01,6.68
9.105260502547026,-0.0,6.7
9.106643922626972,-0.01,6.69
9.108141336590052,-0.01,6.69
9.109632339328527,-0.01,6.72
9.111082971096039,-0.01,6.73
9.11251237988472,-0.01,6.72
9.113898329436779,-0.01,6.73
9.115443293005228,-0.01,6.72
9.116899903863668,-0.0,6.75
9.118343949317932,-0.01,6.69
9.11977369338274,-0.01,6.65
9.121272590011358,-0.01,6.71
9.122665360569954,-0.01,6.7
9.124035656452179,-0.01,6.68
9.12563831731677,-0.01,6.74
9.127088211476803,-0.01,6.78
9.128516040742397,-0.01,6.77
9.129958502948284,-0.01,6.75
9.131463311612606,-0.01,6.74
9.132872764021158,-0.01,6.76
9.13434762135148,-0.01,6.8
9.135823901742697,-0.01,6.83
9.137196514755487,-0.01,6.81
9.138734728097916,-0.01,6.79
9.140082560479641,-0.01,6.82
9.141633868217468,-0.01,6.83
9.143103204667568,-0.01,6.83
9.144474163651466,-0.01,6.82
9.145999640226364,-0.01,6.83
9.147319056093693,-0.01,6.84
9.148916870355606,-0.01,6.85
9.15036278963089,-0.01,6.86
9.151816114783287,-0.01,6.86
9.153274849057198,-0.01,6.85
9.154729776084423,-0.01,6.85
9.156031895428896,-0.01,6.88
9.15764132514596,-0.01,6.89
9.159082613885403,-0.01,6.91
9.160543087869883,-0.01,6.91
9.162011813372374,-0.01,6.93
9.163444120436907,-0.01,6.95
9.164925787597895,-0.01,6.95
9.166386403143406,-0.01,6.95
9.167767778038979,-0.01,6.95
9.169295519590378,-0.01,6.97
9.17062845081091,-0.01,6.94
9.172202412039042,-0.01,6.93
9.17363616451621,-0.01,6.94
9.175111126154661,-0.01,6.98
9.176562331616879,-0.01,6.99
9.178020395338535,-0.01,6.96
9.179426424205303,-0.01,6.97
9.180922735482454,-0.01,6.99
9.182399328798056,-0.01,6.96
9.18378758057952,-0.01,6.97
9.185302510857582,-0.01,7.0
9.186744723469019,-0.01,6.99
9.188220091164112,-0.01,7.01
9.18966556712985,-0.01,7.0
9.19112442433834,-0.01,7.01
9.192561227828264,-0.01,7.03
9.19403287395835,-0.01,7.04
9.195373829454184,-0.01,7.03
9.196936801075935,-0.01,7.02
9.198348484933376,-0.01,7.06
9.199845392256975,-0.01,7.07
9.20126662030816,-0.01,7.1
9.202698908746243,-0.01,7.11
9.204208675771952,-0.01,7.14
9.205658841878176,-0.01,7.12
9.207126218825579,-0.01,7.07
9.208579026162624,-0.01,7.08
9.21003533527255,-0.01,7.11
9.211442533880472,-0.01,7.13
9.212938774377108,-0.01,7.16
9.214348196983337,-0.01,7.16
9.215806994587183,-0.01,7.14
9.217313930392265,-0.01,7.15
9.21868123114109,-0.01,7.18
9.220209497958422,-0.01,7.18
9.22167843580246,-0.01,7.21
9.223055973649025,-0.01,7.2
9.224584568291903,-0.01,7.19
9.226044595241547,-0.01,7.18
9.227404981851578,-0.01,7.16
9.228924121707678,-0.01,7.17
9.230378188192844,-0.01,7.21
9.231832966208458,-0.01,7.24
9.233231540769339,-0.01,7.26
9.234611351042986,-0.01,7.27
9.236296199262142,-0.01,7.24
9.237679414451122,-0.01,7.23
9.239086207002401,-0.01,7.2
9.24048776179552,-0.01,7.2
9.242023907601833,-0.01,7.23
9.243503361940384,-0.01,7.26
9.244958192110062,-0.01,7.26
9.246416449546814,-0.01,7.27
9.247863668948412,-0.01,7.31
9.249329518526793,-0.01,7.3
9.250653997063637,-0.01,7.31
9.25223346799612,-0.01,7.34
9.253689803183079,-0.01,7.34
9.25514056906104,-0.01,7.32
9.256603498011827,-0.01,7.32
9.257899302989244,-0.01,7.31
9.259511683136225,-0.01,7.32
9.260955102741718,-0.01,7.3
9.26234470680356,-0.01,7.32
9.263856884092093,-0.01,7.35
9.265280205756426,-0.01,7.38
9.26672625541687,-0.01,7.37
9.268238745629787,-0.01,7.35
9.269668754190207,-0.01,7.33
9.271141216158867,-0.01,7.36
9.272551719099283,-0.01,7.37
9.27397583425045,-0.01,7.37
9.275505125522614,-0.01,7.36
9.276926290243864,-0.01,7.35
9.278361678123474,-0.01,7.36
9.279872484505177,-0.01,7.39
9.281217940151691,-0.01,7.34
9.282790094614029,-0.01,7.33
9.284243926405907,-0.01,7.35
9.285640515387058,-0.01,7.35
9.287094164639711,-0.01,7.32
9.288617607206106,-0.01,7.33
9.290057498961687,-0.01,7.39
9.291503380984068,-0.01,7.37
9.292926453053951,-0.01,7.37
9.294428393244743,-0.01,7.41
9.29582280665636,-0.01,7.43
9.29719864949584,-0.01,7.39
9.298795111477375,-0.01,7.4
9.300254758447409,-0.01,7.39
9.30163860321045,-0.01,7.41
9.303158283233643,-0.01,7.45
9.304555971175432,-0.01,7.39
9.30605598166585,-0.01,7.38
9.307506211102009,-0.01,7.4
9.308967504650354,-0.01,7.4
9.310416229069233,-0.01,7.41
9.311858549714088,-0.01,7.45
9.313357204198837,-0.01,7.44
9.314807746559381,-0.01,7.44
9.316211249679327,-0.01,7.41
9.317669458687305,-0.01,7.39
9.319161046296358,-0.01,7.45
9.320505570620298,-0.01,7.5
9.322078961879015,-0.01,7.48
9.323522303253412,-0.01,7.44
9.324974350631237,-0.01,7.43
9.326399628072977,-0.01,7.42
9.327888820320368,-0.01,7.46
9.329354636371136,-0.01,7.47
9.330808851867914,-0.01,7.48
9.33224781230092,-0.01,7.48
9.333719559013844,-0.01,7.5
9.335160486400127,-0.01,7.45
9.336595878005028,-0.01,7.47
9.3380814678967,-0.01,7.48
9.339528433978558,-0.01,7.52
9.340928666293621,-0.01,7.47
9.342439860105515,-0.01,7.45
9.343783605843782,-0.01,7.52
9.345358792692423,-0.01,7.52
9.346812397241592,-0.01,7.5
9.348268032073975,-0.01,7.5
9.349724061787128,-0.01,7.53
9.351182091981173,-0.01,7.53
9.35263093188405,-0.01,7.5
9.354078266769648,-0.01,7.52
9.355541560798883,-0.01,7.52
9.357003077864647,-0.01,7.5
9.358445785939693,-0.01,7.48
9.359853826463223,-0.01,7.51
9.361355669796467,-0.01,7.53
9.362821832299232,-0.01,7.52
9.364213947206736,-0.01,7.53
9.365728076547384,-0.01,7.54
9.367176581174135,-0.01,7.53
9.368618547916412,-0.01,7.51
9.370084062218666,-0.01,7.56
9.371503103524446,-0.01,7.58
9.372967924922705,-0.01,7.54
9.37444867566228,-0.01,7.55
9.375897884368896,-0.01,7.57
9.377369482070208,-0.01,7.52
9.378829378634691,-0.01,7.49
9.380216728895903,-0.01,7.53
9.381740465760231,-0.01,7.54
9.38314551860094,-0.01,7.54
9.38453596457839,-0.01,7.57
9.386082269251347,-0.01,7.6
9.387540746480227,-0.01,7.62
9.38899900764227,-0.01,7.67
9.390407145023346,-0.01,7.69
9.391911920160055,-0.01,7.65
9.393372002989054,-0.01,7.64
9.394823018461466,-0.01,7.64
9.396284855902195,-0.01,7.67
9.397675331681967,-0.01,7.68
9.399194609373808,-0.01,7.65
9.40063763409853,-0.01,7.64
9.402107786387205,-0.01,7.69
9.40355246514082,-0.01,7.71
9.405011676251888,-0.01,7.74
9.406401123851538,-0.01,7.73
9.40780919417739,-0.01,7.69
9.409370753914118,-0.01,7.67
9.410831701010466,-0.01,7.71
9.41228836029768,-0.01,7.72
9.413744531571865,-0.01,7.74
9.415176302194595,-0.01,7.76
9.416661731898785,-0.01,7.73
9.418112225830555,-0.01,7.69
9.419555813074112,-0.01,7.67
9.421008456498384,-0.01,7.69
9.422351248562336,-0.01,7.71
9.423814982175827,-0.01,7.73
9.42536998912692,-0.01,7.72
9.426848143339157,-0.01,7.75
9.428234566003084,-0.01,7.73
9.42969336360693,-0.01,7.71
9.431208495050669,-0.01,7.72
9.432669099420309,-0.01,7.71
9.434119548648596,-0.01,7.71
9.435569752007723,-0.01,7.68
9.437032643705606,-0.01,7.71
9.43842413648963,-0.01,7.73
9.439928833395243,-0.01,7.72
9.441373892128468,-0.01,7.69
9.442850656807423,-0.01,7.72
9.444302171468735,-0.01,7.72
9.44575596228242,-0.01,7.69
9.447132293134928,-0.01,7.72
9.448666788637638,-0.01,7.71
9.450083371251822,-0.01,7.69
9.451505780220032,-0.01,7.7
9.453029535710812,-0.01,7.72
9.454383920878172,-0.01,7.74
9.455930527299643,-0.01,7.76
9.45739197358489,-0.01,7.73
9.45885444432497,-0.01,7.73
9.460313472896814,-0.01,7.73
9.461673982441425,-0.01,7.79
9.4632169008255,-0.01,7.8
9.464661061763763,-0.01,7.77
9.46610701084137,-0.01,7.78
9.467574425041676,-0.01,7.76
9.469034031033516,-0.01,7.74
9.470385693013668,-0.01,7.74
9.471928920596838,-0.01,7.76
9.473401460796595,-0.01,7.8
9.47483079880476,-0.01,7.8
9.47621887177229,-0.01,7.75
9.477665081620216,-0.01,7.81
9.479138784110546,-0.01,7.81
9.480665531009436,-0.01,7.81
9.4821224398911,-0.01,7.8
9.483508583158255,-0.01,7.74
9.484933745115995,-0.01,7.75
9.486392877995968,-0.01,7.73
9.487930599600077,-0.01,7.76
9.48940235376358,-0.01,7.82
9.49085122719407,-0.01,7.8
9.49230557307601,-0.01,7.79
9.493679840117693,-0.01,7.8
9.495221965014935,-0.01,7.83
9.4966672770679,-0.01,7.79
9.498084016144276,-0.01,7.76
9.499578662216663,-0.01,7.78
9.501039057970047,-0.01,7.79
9.502486243844032,-0.01,7.8
9.50395354628563,-0.01,7.78
9.505404330790043,-0.01,7.83
9.506835542619228,-0.01,7.83
9.508234024047852,-0.01,7.82
9.50971880927682,-0.01,7.8
9.511226076632738,-0.01,7.79
9.512683682143688,-0.01,7.75
9.514133963733912,-0.01,7.79
9.515556868165731,-0.01,7.81
9.5170469135046,-0.01,7.74
9.518497101962566,-0.01,7.72
9.51995475590229,-0.01,7.77
9.521389659494162,-0.01,7.81
9.52279519662261,-0.01,7.81
9.524317789822817,-0.01,7.81
9.525712605565786,-0.01,7.82
9.527226977050304,-0.01,7.77
9.528692208230495,-0.01,7.74
9.530083142220974,-0.01,7.74
9.531585864722729,-0.01,7.76
9.533013179898262,-0.01,7.79
9.534504901617765,-0.01,7.82
9.535955183207989,-0.01,7.84
9.537373434752226,-0.01,7.8
9.538871102035046,-0.01,7.76
9.540320262312889,-0.01,7.76
9.541725024580956,-0.01,7.78
9.54322537779808,-0.01,7.8
9.544688127934933,-0.01,7.83
9.54608790576458,-0.01,7.84
9.547594834119081,-0.01,7.82
9.548998311161995,-0.01,7.8
9.5505176410079,-0.01,7.77
9.551967147737741,-0.01,7.83
9.553423650562763,-0.01,7.87
9.554868277162313,-0.01,7.9
9.556325264275074,-0.01,7.85
9.55770355090499,-0.01,7.81
9.559243023395538,-0.01,7.83
9.560672875493765,-0.01,7.85
9.562150601297617,-0.01,7.89
9.563568204641342,-0.01,7.86
9.565003763884306,-0.01,7.83
9.566519722342491,-0.01,7.85
9.567977134138346,-0.01,7.81
9.569418456405401,-0.01,7.8
9.570841915905476,-0.01,7.82
9.572302967309952,-0.01,7.83
9.57373034209013,-0.01,7.82
9.575246900320053,-0.01,7.84
9.576700422912836,-0.01,7.86
9.578086499124765,-0.01,7.86
9.579601608216763,-0.01,7.81
9.581074520945549,-0.01,7.82
9.582528542727232,-0.01,7.85
9.583972036838531,-0.01,7.85
9.585436914116144,-0.01,7.86
9.586887676268816,-0.01,7.84
9.588267587125301,-0.01,7.8
9.58971892297268,-0.01,7.8
9.591254338622093,-0.01,7.77
9.592714365571737,-0.01,7.82
9.594162378460169,-0.01,7.8
9.595533959567547,-0.01,7.79
9.597074527293444,-0.01,7.8
9.598453029990196,-0.01,7.84
9.599984306842089,-0.01,7.84
9.601378571242094,-0.01,7.78
9.602834705263376,-0.01,7.76
9.604356203228235,-0.01,7.79
9.605680793523788,-0.01,7.8
9.607248280197382,-0.01,7.78
9.60870736092329,-0.01,7.76
9.610163271427155,-0.01,7.75
9.611626278609037,-0.01,7.75
9.61307743564248,-0.01,7.8
9.614536810666323,-0.01,7.8
9.61598438769579,-0.01,7.76
9.617452964186668,-0.01,7.75
9.61880960687995,-0.01,7.77
9.620352998375893,-0.01,7.76
9.621685985475779,-0.01,7.76
9.623260919004679,-0.01,7.74
9.624663822352886,-0.01,7.75
9.626165896654129,-0.01,7.77
9.627518370747566,-0.01,7.76
9.629067074507475,-0.01,7.74
9.630531158298254,-0.01,7.77
9.631958112120628,-0.01,7.75
9.633423998951912,-0.01,7.83
9.634878724813461,-0.01,7.82
9.636353693902493,-0.01,7.83
9.637824073433876,-0.01,7.8
9.639270141720772,-0.01,7.77
9.640680134296417,-0.01,7.74
9.64215001091361,-0.01,7.74
9.643631000071764,-0.01,7.77
9.644936498254538,-0.01,7.73
9.646532107144594,-0.01,7.72
9.647991929203272,-0.01,7.7
9.649425156414509,-0.01,7.71
9.650844927877188,-0.01,7.74
9.65236385539174,-0.01,7.76
9.65382718294859,-0.01,7.78
9.655257057398558,-0.01,7.77
9.656736545264721,-0.01,7.74
9.658148877322674,-0.01,7.72
9.659645944833755,-0.01,7.69
9.661092821508646,-0.01,7.71
9.662534430623055,-0.01,7.74
9.664007171988487,-0.01,7.72
9.665448755025864,-0.01,7.74
9.66692204028368,-0.01,7.7
9.668262206017971,-0.01,7.69
9.669826734811068,-0.01,7.72
9.67127749696374,-0.01,7.73
9.67270302772522,-0.01,7.71
9.674121852964163,-0.01,7.7
9.675643872469664,-0.01,7.71
9.677110224962234,-0.01,7.75
9.678534306585789,-0.01,7.77
9.679960511624813,-0.01,7.78
9.68146201223135,-0.01,7.74
9.682879194617271,-0.01,7.72
9.684266433119774,-0.01,7.75
9.685827787965536,-0.01,7.74
9.687278736382723,-0.01,7.73
9.688713643699884,-0.01,7.78
9.690089244395494,-0.01,7.79
9.691643498837948,-0.01,7.75
9.693090863525867,-0.01,7.75
9.694536723196507,-0.01,7.7
9.695956602692604,-0.01,7.73
9.69742477312684,-0.01,7.73
9.698937106877565,-0.01,7.72
9.700295772403479,-0.01,7.74
9.701842650771141,-0.01,7.75
9.70325892046094,-0.01,7.74
9.704753834754229,-0.01,7.74
9.706207629293203,-0.01,7.74
9.707511071115732,-0.01,7.77
9.709110714495182,-0.01,7.77
9.71054194867611,-0.01,7.72
9.712013393640518,-0.01,7.73
9.713486339896917,-0.01,7.72
9.714806489646435,-0.01,7.71
9.71637749671936,-0.01,7.73
9.717829659581184,-0.01,7.71
9.719286613166332,-0.01,7.69
9.720725558698177,-0.01,7.74
9.722208272665739,-0.01,7.77
9.723659910261631,-0.01,7.76
9.725120935589075,-0.01,7.77
9.726575467735529,-0.01,7.73
9.728031791746616,-0.01,7.74
9.729481983929873,-0.01,7.74
9.73094206303358,-0.01,7.72
9.732306856662035,-0.01,7.71
9.733831334859133,-0.01,7.7
9.735305577516556,-0.01,7.73
9.736756682395935,-0.01,7.78
9.738206941634417,-0.01,7.73
9.739667121320963,-0.01,7.71
9.741130087524652,-0.01,7.75
9.742573343217373,-0.01,7.75
9.743974693119526,-0.01,7.75
9.745385441929102,-0.01,7.74
9.746949549764395,-0.01,7.77
9.748239278793335,-0.01,7.76
9.749825920909643,-0.01,7.74
9.751308266073465,-0.01,7.77
9.752676021307707,-0.01,7.79
9.754095368087292,-0.01,7.78
9.755667936056852,-0.01,7.77
9.757112089544535,-0.01,7.74
9.758576776832342,-0.01,7.77
9.760043576359749,-0.01,7.78
9.761501248925924,-0.01,7.79
9.762893319129944,-0.01,7.75
9.764405950903893,-0.01,7.75
9.765853971242905,-0.01,7.76
9.76725086569786,-0.01,7.81
9.768689148128033,-0.01,7.79
9.77022410556674,-0.01,7.77
9.771555572748184,-0.01,7.77
9.773130152374506,-0.01,7.79
9.77456608042121,-0.01,7.8
9.776044838130474,-0.01,7.78
9.77749377861619,-0.01,7.8
9.77895064279437,-0.01,7.87
9.780405171215534,-0.01,7.88
9.78184799104929,-0.01,7.84
9.783318102359772,-0.01,7.81
9.784775208681822,-0.01,7.82
9.786229997873306,-0.01,7.8
9.787688847631216,-0.01,7.82
9.789142068475485,-0.01,7.81
9.790589321404696,-0.01,7.79
9.792052082717419,-0.01,7.87
9.793442334979773,-0.01,7.88
9.794808633625507,-0.01,7.82
9.79640269652009,-0.01,7.78
9.797827206552029,-0.01,7.82
9.79933676123619,-0.01,7.85
9.800778839737177,-0.01,7.87
9.802136845886707,-0.01,7.83
9.803693857043982,-0.01,7.85
9.80513521656394,-0.01,7.9
9.806589521467686,-0.01,7.89
9.808058459311724,-0.01,7.85
9.809387430548668,-0.01,7.88
9.810960836708546,-0.01,7.9
9.812423326075077,-0.01,7.93
9.813869256526232,-0.01,7.92
9.815321523696184,-0.01,7.91
9.816674783825874,-0.01,7.91
9.818229641765356,-0.01,7.9
9.819692373275757,-0.01,7.88
9.821147620677948,-0.01,7.88
9.8225975073874,-0.01,7.93
9.823964983224869,-0.01,7.91
9.825452253222466,-0.01,7.87
9.82696132734418,-0.01,7.87
9.828423738479614,-0.01,7.91
9.829862620681524,-0.01,7.91
9.831314999610186,-0.01,7.91
9.832685053348541,-0.01,7.94
9.83419393375516,-0.01,7.93
9.835698079317808,-0.01,7.92
9.837149448692799,-0.01,7.92
9.838584206998348,-0.01,7.94
9.839963234961033,-0.01,7.98
9.841512281447649,-0.01,7.98
9.842860493808985,-0.01,7.98
9.844425685703754,-0.01,7.94
9.845830142498016,-0.01,7.97
9.847311846911907,-0.01,8.02
9.848794609308243,-0.01,8.01
9.850092202425003,-0.01,7.95
9.85170291364193,-0.01,7.91
9.853125277906656,-0.01,7.92
9.854612536728382,-0.01,7.9
9.856055740267038,-0.01,7.94
9.857491694390774,-0.01,7.96
9.85880296304822,-0.01,7.95
9.860423296689987,-0.01,7.95
9.861879955977201,-0.01,7.95
9.863250739872456,-0.01,7.94
9.864800181239843,-0.01,7.93
9.866246618330479,-0.01,7.94
9.867697965353727,-0.01,7.95
9.869159128516912,-0.01,7.92
9.870621047914028,-0.01,7.98
9.872010089457035,-0.01,7.94
9.873526997864246,-0.01,7.96
9.874983135610819,-0.01,7.94
9.87640305608511,-0.01,7.94
9.877898655831814,-0.01,7.94
9.87925273552537,-0.01,8.0
9.880804799497128,-0.01,8.01
9.882208183407784,-0.01,7.98
9.883697520941496,-0.01,7.99
9.885159526020288,-0.01,8.03
9.886626772582531,-0.01,7.99
9.888079654425383,-0.01,7.95
9.889467366039753,-0.01,7.98
9.89098708704114,-0.01,8.0
9.892443027347326,-0.01,8.0
9.893862061202526,-0.01,8.0
9.895346652716398,-0.01,8.07
9.896673209965229,-0.01,8.03
9.898246236145496,-0.01,8.02
9.899716705083847,-0.01,8.04
9.901173502206802,-0.01,8.02
9.902625881135464,-0.01,8.05
9.903999242931604,-0.01,8.06
9.90554265677929,-0.01,8.08
9.906986128538847,-0.01,8.07
9.9084154330194,-0.01,8.03
9.90990288183093,-0.01,8.01
9.911282312124968,-0.01,8.08
9.91279761865735,-0.01,8.09
9.914274491369724,-0.01,8.05
9.915694452822208,-0.01,8.05
9.917154669761658,-0.01,8.07
9.918628558516502,-0.01,8.07
9.920073498040438,-0.01,8.05
9.92154773324728,-0.01,8.09
9.92298598587513,-0.01,8.13
9.924405720084906,-0.01,8.08
9.92589309439063,-0.01,8.13
9.927303995937109,-0.01,8.14
9.928722944110632,-0.01,8.14
9.930276323109865,-0.01,8.11
9.93172863125801,-0.01,8.05
9.933155246078968,-0.01,8.04
9.934640165418386,-0.01,8.06
9.936087023466825,-0.01,8.05
9.937542997300625,-0.01,8.07
9.938988715410233,-0.01,8.09
9.940457373857498,-0.01,8.11
9.941832710057497,-0.01,8.13
9.943323969841003,-0.01,8.16
9.944840047508478,-0.01,8.16
9.946271784603596,-0.01,8.18
9.947740077972412,-0.01,8.17
9.949157170951366,-0.01,8.14
9.95064451545477,-0.01,8.14
9.952099677175283,-0.01,8.15
9.953563336282969,-0.01,8.18
9.954996429383755,-0.01,8.21
9.956406511366367,-0.01,8.16
9.95791344344616,-0.01,8.14
9.959348186850548,-0.01,8.18
9.960808087140322,-0.01,8.2
9.962277300655842,-0.01,8.24
9.963736519217491,-0.01,8.22
9.965179931372404,-0.01,8.21
9.966575596481562,-0.01,8.22
9.968093510717154,-0.01,8.19
9.969562705606222,-0.01,8.23
9.971021205186844,-0.01,8.28
9.972475692629814,-0.01,8.25
9.973878744989634,-0.01,8.24
9.975296400487423,-0.01,8.28
9.97667708620429,-0.01,8.28
9.978292912244797,-0.01,8.26
9.979744452983141,-0.01,8.29
9.981171451508999,-0.01,8.27
9.982649590820074,-0.01,8.29
9.98410764336586,-0.01,8.26
9.985564429312944,-0.01,8.27
9.98701611161232,-0.01,8.31
9.988483373075724,-0.01,8.32
9.98993656039238,-0.01,8.31
9.991342067718506,-0.01,8.31
9.99272084608674,-0.01,8.35
9.994277358055115,-0.01,8.36
9.995724998414516,-0.01,8.36
9.997205976396799,-0.01,8.35
9.998626664280891,-0.01,8.36
10.000052623450756,-0.01,8.35
10.001565169543028,-0.01,8.37
10.003022406250238,-0.01,8.4
10.004453167319298,-0.01,8.4
10.005942292511463,-0.01,8.36
10.007339365780354,-0.01,8.33
10.008856415748596,-0.01,8.38
10.010279942303896,-0.01,8.37
10.01175394281745,-0.01,8.43
10.013177745044231,-0.01,8.48
10.014579109847546,-0.01,8.43
10.01604038104415,-0.01,8.38
10.017587658017874,-0.01,8.37
10.019012067466974,-0.01,8.41
10.020469330251217,-0.01,8.41
10.021944884210825,-0.01,8.43
10.023407954722643,-0.01,8.42
10.024854730814695,-0.01,8.39
10.026307132095098,-0.01,8.37
10.027767986059189,-0.01,8.4
10.029212582856417,-0.01,8.38
10.03058198839426,-0.01,8.42
10.03213170170784,-0.01,8.48
10.033570144325495,-0.01,8.46
10.035040203481913,-0.01,8.43
10.036460418254137,-0.01,8.44
10.037952538579702,-0.01,8.47
10.039257541298866,-0.01,8.43
10.040859907865524,-0.01,8.41
10.042277093976736,-0.01,8.43
10.043765589594841,-0.01,8.45
10.045120861381292,-0.01,8.45
10.046651907265186,-0.01,8.41
10.048122260719538,-0.01,8.4
10.049565393477678,-0.01,8.45
10.051013454794884,-0.01,8.48
10.052503526210785,-0.01,8.46
10.053961761295795,-0.01,8.44
10.0553341768682,-0.01,8.48
10.056857664138079,-0.01,8.49
10.05832576751709,-0.01,8.51
10.059744521975517,-0.01,8.51
10.061191942542791,-0.01,8.51
10.06262992322445,-0.01,8.55
10.064145907759666,-0.01,8.56
10.06559881567955,-0.01,8.53
10.067024398595095,-0.01,8.51
10.068445459008217,-0.01,8.51
10.069898687303066,-0.01,8.49
10.0714239962399,-0.01,8.49
10.072852462530136,-0.01,8.49
10.074278537184,-0.01,8.48
10.075735095888376,-0.01,8.47
10.077233526855707,-0.01,8.5
10.078628364950418,-0.01,8.5
10.080142602324486,-0.01,8.49
10.081602025777102,-0.01,8.52
10.083044495433569,-0.01,8.51
10.084413774311543,-0.01,8.5
10.085961051285267,-0.01,8.48
10.087434589862823,-0.01,8.53
10.08887192234397,-0.01,8.55
10.090280462056398,-0.01,8.61
10.09174207225442,-0.01,8.6
10.093239311128855,-0.01,8.56
10.094626490026712,-0.01,8.56
10.09615371003747,-0.01,8.56
10.097584672272205,-0.01,8.59
10.099065501242876,-0.01,8.6
10.100464601069689,-0.01,8.56
10.101871002465487,-0.01,8.57
10.103431280702353,-0.01,8.59
10.104890879243612,-0.01,8.6
10.106288589537144,-0.01,8.61
10.107797507196665,-0.01,8.57
10.109237998723984,-0.01,8.58
10.110706128180027,-0.01,8.55
10.112148590385914,-0.01,8.57
10.11361125484109,-0.01,8.57
10.115068301558495,-0.01,8.58
10.11653333902359,-0.01,8.62
10.11791392043233,-0.01,8.61
10.11943531781435,-0.01,8.6
10.120891984552145,-0.01,8.6
10.122351098805666,-0.01,8.61
10.123807273805141,-0.01,8.63
10.125244032591581,-0.01,8.61
10.126720543950796,-0.01,8.56
10.12816859036684,-0.01,8.57
10.129568044096231,-0.01,8.58
10.13103324174881,-0.01,8.6
10.132536068558693,-0.01,8.55
10.133867770433426,-0.01,8.53
10.135436106473207,-0.01,8.57
10.136887721717358,-0.01,8.56
10.138304065912962,-0.01,8.57
10.139802768826485,-0.01,8.57
10.141166664659977,-0.01,8.56
10.142681319266558,-0.01,8.59
10.144157141447067,-0.01,8.58
10.145625494420528,-0.01,8.57
10.147078186273575,-0.01,8.55
10.148497097194195,-0.01,8.55
10.149999339133501,-0.01,8.59
10.15145105868578,-0.01,8.57
10.152860391885042,-0.01,8.56
10.154351487755775,-0.01,8.59
10.155824199318886,-0.01,8.54
10.15725315734744,-0.01,8.58
10.158724557608366,-0.01,8.6
10.160157833248377,-0.01,8.57
10.161604508757591,-0.01,8.57
10.163057699799538,-0.01,8.54
10.16452594101429,-0.01,8.53
10.165919210761786,-0.01,8.54
10.167434867471457,-0.01,8.53
10.168858226388693,-0.01,8.55
10.170367524027824,-0.01,8.58
10.171748198568821,-0.01,8.58
10.173213135451078,-0.01,8.55
10.1747244335711,-0.01,8.55
10.176186945289373,-0.01,8.58
10.177574548870325,-0.01,8.63
10.179082471877337,-0.01,8.61
10.18047571182251,-0.01,8.57
10.182004887610674,-0.01,8.58
10.18345157802105,-0.01,8.54
10.184889040887356,-0.01,8.55
10.186370957642794,-0.01,8.59
10.187749147415161,-0.01,8.55
10.189239922910929,-0.01,8.53
10.190729144960642,-0.01,8.54
10.192147947847843,-0.01,8.54
10.193567335605621,-0.01,8.55
10.195081952959299,-0.01,8.58
10.196561980992556,-0.01,8.57
10.198012303560972,-0.01,8.52
10.199458498507738,-0.01,8.54
10.20086945593357,-0.01,8.6
10.202284850180149,-0.01,8.62
10.203821413218975,-0.01,8.62
10.20527433604002,-0.01,8.56
10.20672383159399,-0.01,8.54
10.208147868514061,-0.01,8.53
10.20965250581503,-0.01,8.57
10.211016312241554,-0.01,8.58
10.212511882185936,-0.01,8.57
10.214017949998379,-0.01,8.6
10.215461440384388,-0.01,8.62
10.216934718191624,-0.01,8.57
10.218381460756063,-0.01,8.59
10.219725973904133,-0.01,8.59
10.221225518733263,-0.01,8.58
10.222732327878475,-0.01,8.61
10.22417975962162,-0.01,8.6
10.225660640746355,-0.01,8.6
10.2271136790514,-0.01,8.62
10.228463876992464,-0.01,8.64
10.230019345879555,-0.01,8.62
10.231467816978693,-0.01,8.59
10.232930943369865,-0.01,8.63
10.234357133507729,-0.01,8.63
10.23582787066698,-0.01,8.59
10.237307637929916,-0.01,8.6
10.238730736076832,-0.01,8.62
10.240146413445473,-0.01,8.62
10.241569802165031,-0.01,8.64
10.24312287196517,-0.01,8.6
10.244569811969995,-0.01,8.64
10.246015254408121,-0.01,8.69
10.247474797070026,-0.01,8.67
10.24886104092002,-0.01,8.69
10.250393230468035,-0.01,8.67
10.25184215977788,-0.01,8.66
10.253306645900011,-0.01,8.65
10.254755362868309,-0.01,8.67
10.256218139082193,-0.01,8.67
10.257574338465929,-0.01,8.66
10.259014565497637,-0.01,8.7
10.260494194924831,-0.01,8.7
10.262032885104418,-0.01,8.72
10.263441979885101,-0.01,8.76
10.264938093721867,-0.01,8.73
10.266392908990383,-0.01,8.72
10.267854824662209,-0.01,8.77
10.269309662282467,-0.01,8.77
10.27075045928359,-0.01,8.79
10.272148713469505,-0.01,8.76
10.273658726364374,-0.01,8.73
10.275136105716228,-0.01,8.74
10.276498198509216,-0.01,8.74
10.278030134737492,-0.01,8.75
10.27949983626604,-0.01,8.76
10.280920315533876,-0.01,8.75
10.282403945922852,-0.01,8.78
10.283864594995975,-0.01,8.8
10.28530477359891,-0.01,8.82
10.286762434989214,-0.01,8.78
10.288197118788958,-0.01,8.75
10.289684139192104,-0.01,8.75
10.291046995669603,-0.01,8.77
10.292598560452461,-0.01,8.78
10.294033642858267,-0.01,8.75
10.295479960739613,-0.01,8.75
10.296911112964153,-0.01,8.78
10.298410907387733,-0.01,8.79
10.29979308322072,-0.01,8.72
10.301315482705832,-0.01,8.73
10.302773881703615,-0.01,8.77
10.304150633513927,-0.01,8.79
10.305682979524136,-0.01,8.78
10.307138983160257,-0.01,8.78
10.30859411507845,-0.01,8.82
10.310022059828043,-0.01,8.82
10.311485398560762,-0.01,8.79
10.312954936176538,-0.01,8.76
10.314412239938974,-0.01,8.8
10.315744008868933,-0.01,8.8
10.317329425364733,-0.01,8.79
10.318777211010456,-0.01,8.81
10.320234879851341,-0.01,8.83
10.3216000944376,-0.01,8.79
10.323130045086145,-0.01,8.8
10.324594981968403,-0.01,8.8
10.326059870421886,-0.01,8.8
10.327509425580502,-0.01,8.83
10.328897390514612,-0.01,8.82
10.330409202724695,-0.01,8.8
10.331872515380383,-0.01,8.82
10.333309441804886,-0.01,8.78
10.334734048694372,-0.01,8.75
10.336222127079964,-0.01,8.78
10.337654903531075,-0.01,8.79
10.339143112301826,-0.01,8.84
10.340594314038754,-0.01,8.83
10.34202203899622,-0.01,8.8
10.343511007726192,-0.01,8.82
10.34489906951785,-0.01,8.83
10.346285875886679,-0.01,8.82
10.3478824198246,-0.01,8.86
10.349341597408056,-0.01,8.89
10.350732441991568,-0.01,8.86
10.352201893925667,-0.01,8.84
10.353694211691618,-0.01,8.85
10.35511339083314,-0.01,8.84
10.356601666659117,-0.01,8.85
10.358055338263512,-0.01,8.86
10.359527204185724,-0.01,8.9
10.360986202955246,-0.01,8.86
10.362429201602936,-0.01,8.81
10.363885760307312,-0.01,8.82
10.365309804677963,-0.01,8.88
10.366781760007143,-0.01,8.9
10.368253644555807,-0.01,8.9
10.369709458202124,-0.01,8.89
10.37115978822112,-0.01,8.87
10.372621897608042,-0.01,8.87
10.374019674956799,-0.01,8.87
10.375525433570147,-0.01,8.89
10.37689733877778,-0.01,8.9
10.378402564674616,-0.01,8.91
10.379895888268948,-0.01,8.92
10.381311196833849,-0.01,8.88
10.382770143449306,-0.01,8.9
10.384263329207897,-0.01,8.97
10.385617561638355,-0.01,8.95
10.387172237038612,-0.01,8.93
10.388602066785097,-0.01,8.94
10.390074584633112,-0.01,8.96
10.391531072556973,-0.01,8.93
10.39298964291811,-0.01,8.92
10.394354332238436,-0.01,8.91
10.395890861749649,-0.01,8.94
10.397323742508888,-0.01,8.93
10.398733165115118,-0.01,8.9
10.400268744677305,-0.01,8.91
10.401607915759087,-0.01,8.93
10.403121374547482,-0.01,8.94
10.404616359621286,-0.01,8.94
10.40605129301548,-0.01,8.94
10.40754273161292,-0.01,8.95
10.408940806984901,-0.01,8.95
10.4104625582695,-0.01,8.91
10.411907229572535,-0.01,8.9
10.413367930799723,-0.01,8.94
10.414801139384508,-0.01,8.96
10.416206374764442,-0.01,8.93
10.41766319423914,-0.01,8.92
10.419175438582897,-0.01,8.88
10.420595198869705,-0.01,8.87
10.422088086605072,-0.01,8.91
10.423490658402443,-0.01,8.93
10.424983620643616,-0.01,8.94
10.42643891274929,-0.01,8.97
10.42790912464261,-0.01,8.93
10.42936523258686,-0.01,8.92
10.430736780166626,-0.01,8.97
10.432179886847734,-0.01,8.92
10.433722164481878,-0.01,8.93
10.435174010694027,-0.01,8.97
10.436630241572857,-0.01,8.97
10.438096053898335,-0.01,8.97
10.439545270055532,-0.01,9.0
10.440901592373848,-0.01,8.98
10.442317873239517,-0.01,8.97
10.443908490240574,-0.01,8.97
10.445354886353016,-0.01,8.97
10.446807697415352,-0.01,9.01
10.448242396116257,-0.01,9.01
10.449717402458191,-0.01,8.99
10.451180838048458,-0.01,8.97
10.45260315388441,-0.01,8.98
10.454084277153015,-0.01,8.99
10.455523766577244,-0.01,8.98
10.456994261592627,-0.01,8.98
10.458448588848114,-0.01,8.95
10.459903344511986,-0.01,8.92
10.461365606635809,-0.01,8.98
10.462821159511805,-0.01,9.0
10.46426472812891,-0.01,8.99
10.4656788893044,-0.01,8.97
10.467181660234928,-0.01,8.96
10.468636199831963,-0.01,8.98
10.47007180005312,-0.01,8.98
10.47154813632369,-0.01,9.0
10.472990028560162,-0.01,9.01
10.47442402690649,-0.01,9.02
10.475915629416704,-0.01,9.01
10.477361962199211,-0.01,9.03
10.478817787021399,-0.01,9.03
10.480273596942425,-0.01,9.0
10.481730751693249,-0.01,9.05
10.483188655227423,-0.01,9.09
10.484613418579102,-0.01,9.09
10.486093308776617,-0.01,9.06
10.487521722912788,-0.01,9.06
10.488893557339907,-0.01,9.09
10.490464840084314,-0.01,9.1
10.491889376193285,-0.01,9.09
10.493368431925774,-0.01,9.11
10.49483022466302,-0.01,9.1
10.496203154325485,-0.01,9.09
10.49768465012312,-0.01,9.09
10.499181598424911,-0.01,9.06
10.500635113567114,-0.01,9.09
10.502099893987179,-0.01,9.1
10.50353716313839,-0.01,9.1
10.504966475069523,-0.01,9.12
10.506471507251263,-0.01,9.12
10.507917784154415,-0.01,9.07
10.509383238852024,-0.01,9.09
10.510822180658579,-0.01,9.12
10.5122403614223,-0.01,9.13
10.51362356543541,-0.01,9.1
10.515185505151749,-0.01,9.12
10.516655553132296,-0.01,9.12
10.518066234886646,-0.01,9.13
10.51951526850462,-0.01,9.13
10.52094878256321,-0.01,9.15
10.522469941526651,-0.01,9.14
10.523888159543276,-0.01,9.12
10.525316942483187,-0.01,9.12
10.526767428964376,-0.01,9.11
10.528160471469164,-0.01,9.08
10.529720097780228,-0.01,9.11
10.531207606196404,-0.01,9.16
10.532648164778948,-0.01,9.12
10.534119714051485,-0.01,9.08
10.535561226308346,-0.01,9.07
10.537010557949543,-0.01,9.09
10.538421913981438,-0.01,9.11
10.539909973740578,-0.01,9.1
10.541359145194292,-0.01,9.08
10.542736560106277,-0.01,9.06
10.544209081679583,-0.01,9.08
10.545654825866222,-0.01,9.08
10.547205355018377,-0.01,9.07
10.548635885119438,-0.01,9.06
10.55010762065649,-0.01,9.05
10.551551669836044,-0.01,9.07
10.552880108356476,-0.01,9.11
10.55446844920516,-0.01,9.11
10.555921617895365,-0.01,9.09
10.557316929101944,-0.01,9.12
10.558837004005909,-0.01,9.16
10.560254000127316,-0.01,9.17
10.561759613454342,-0.01,9.13
10.563182033598423,-0.01,9.13
10.56462837383151,-0.01,9.12
10.56610132008791,-0.01,9.11
10.56752023845911,-0.01,9.12
10.568868555128574,-0.01,9.14
10.570472352206707,-0.01,9.14
10.571916785091162,-0.01,9.12
10.573315717279911,-0.01,9.15
10.574845496565104,-0.01,9.17
10.576287623494864,-0.01,9.2
10.57771422713995,-0.01,9.17
10.579179223626852,-0.01,9.15
10.58066749945283,-0.01,9.18
10.582130793482065,-0.01,9.2
10.58352791145444,-0.01,9.2
10.585044983774424,-0.01,9.21
10.586468782275915,-0.01,9.23
10.587900325655937,-0.01,9.23
10.5893519744277,-0.01,9.2
10.590850822627544,-0.01,9.2
10.59215822443366,-0.01,9.16
10.59376373142004,-0.01,9.18
10.595214642584324,-0.01,9.22
10.596600834280252,-0.01,9.23
10.59805640205741,-0.01,9.23
10.599531807005405,-0.01,9.23
10.600951571017504,-0.01,9.21
10.602493353188038,-0.01,9.17
10.603930089622736,-0.01,9.21
10.605398241430521,-0.01,9.23
10.606854040175676,-0.01,9.19
10.608264598995447,-0.01,9.16
10.60976218432188,-0.01,9.18
10.6112101636827,-0.01,9.17
10.612669367343187,-0.01,9.2
10.614126712083817,-0.01,9.2
10.615488663315773,-0.01,9.22
10.616938561201096,-0.01,9.24
10.61847247928381,-0.01,9.25
10.619928158819675,-0.01,9.23
10.621390420943499,-0.01,9.24
10.622817352414131,-0.01,9.28
10.62418644502759,-0.01,9.26
10.625764533877373,-0.01,9.25
10.627224333584309,-0.01,9.28
10.628607727587223,-0.01,9.23
10.630086068063974,-0.01,9.23
10.6315764375031,-0.01,9.23
10.633023750036955,-0.01,9.25
10.634486068040133,-0.01,9.28
10.635926470160484,-0.01,9.29
10.63735156878829,-0.01,9.26
10.638861019164324,-0.01,9.24
10.640323009341955,-0.01,9.26
10.641756679862738,-0.01,9.28
10.643227808177471,-0.01,9.27
10.64468415081501,-0.01,9.26
10.6461396291852,-0.01,9.29
10.64758139103651,-0.01,9.32
10.649051021784544,-0.01,9.26
10.650474440306425,-0.01,9.29
10.651960156857967,-0.01,9.34
10.653320103883743,-0.01,9.38
10.654868252575397,-0.01,9.35
10.656304959207773,-0.01,9.34
10.657764583826065,-0.01,9.35
10.659218799322844,-0.01,9.33
10.660666886717081,-0.01,9.34
10.662091869860888,-0.01,9.34
10.663604710251093,-0.01,9.36
10.665056802332401,-0.01,9.37
10.6664759516716,-0.01,9.35
10.667963199317455,-0.01,9.35
10.669414732605219,-0.01,9.36
10.670870527625084,-0.01,9.35
10.672329735010862,-0.01,9.34
10.673774991184473,-0.01,9.34
10.675239358097315,-0.01,9.34
10.676690485328436,-0.01,9.36
10.678144115954638,-0.01,9.35
10.679575443267822,-0.01,9.38
10.681048449128866,-0.01,9.38
10.682513136416674,-0.01,9.39
10.68396059051156,-0.01,9.41
10.685318525880575,-0.01,9.43
10.686766598373652,-0.01,9.39
10.688317168504,-0.01,9.38
10.689786240458488,-0.01,9.43
10.691186636686325,-0.01,9.42
10.692700084298849,-0.01,9.41
10.694152124226093,-0.01,9.4
10.695591405034065,-0.01,9.41
10.697065100073814,-0.01,9.42
10.698512777686119,-0.01,9.42
10.699974812567234,-0.01,9.42
10.701404940336943,-0.01,9.39
10.702879074960947,-0.01,9.42
10.704339105635881,-0.01,9.41
10.705763079226017,-0.01,9.35
10.707213874906301,-0.01,9.41
10.708629202097654,-0.01,9.47
10.71015478298068,-0.01,9.48
10.711579356342554,-0.01,9.45
10.713051404803991,-0.01,9.48
10.714522920548916,-0.01,9.46
10.715975236147642,-0.01,9.47
10.717442121356726,-0.01,9.47
10.718879662454128,-0.01,9.48
10.720340210944414,-0.01,9.46
10.721795160323381,-0.01,9.45
10.723255421966314,-0.01,9.47
10.724698103964329,-0.01,9.46
10.726152952760458,-0.01,9.51
10.727500356733799,-0.01,9.52
10.729087926447392,-0.01,9.48
10.730533316731453,-0.01,9.47
10.73196890950203,-0.01,9.49
10.733439140021801,-0.01,9.5
10.734764698892832,-0.01,9.49
10.736336413770914,-0.01,9.47
10.73780332878232,-0.01,9.51
10.739222813397646,-0.01,9.54
10.740707952529192,-0.01,9.53
10.74215978011489,-0.01,9.5
10.743571054190397,-0.01,9.48
10.74505739286542,-0.01,9.53
10.746503293514252,-0.01,9.53
10.747941937297583,-0.01,9.51
10.749439213424921,-0.01,9.5
10.750895965844393,-0.01,9.55
10.752359803766012,-0.01,9.55
10.753797128796577,-0.01,9.58
10.755241714417934,-0.01,9.59
10.7567237354815,-0.01,9.58
10.758167583495378,-0.01,9.55
10.759632717818022,-0.01,9.55
10.761089749634266,-0.01,9.55
10.762531708925962,-0.01,9.58
10.763993699103594,-0.01,9.56
10.765440493822098,-0.01,9.6
10.766897685825825,-0.01,9.64
10.768350943922997,-0.01,9.63
10.769775241613388,-0.01,9.62
10.771269351243973,-0.01,9.62
10.772717285901308,-0.01,9.6
10.774179723113775,-0.01,9.61
10.775627072900534,-0.01,9.63
10.777088403701782,-0.01,9.64
10.778551273047924,-0.01,9.58
10.779995452612638,-0.01,9.57
10.781453873962164,-0.01,9.57
10.782894682139158,-0.01,9.59
10.784363593906164,-0.01,9.62
10.785816676914692,-0.01,9.63
10.787272457033396,-0.01,9.6
10.788715936243534,-0.01,9.63
10.79018123820424,-0.01,9.66
10.79164381697774,-0.01,9.69
10.793082792311907,-0.01,9.71
10.79454642534256,-0.01,9.67
10.79592078179121,-0.01,9.65
10.79744841530919,-0.01,9.63
10.79890551790595,-0.01,9.61
10.800370089709759,-0.01,9.67
10.801827896386385,-0.01,9.63
10.80325423553586,-0.01,9.63
10.804729916155338,-0.01,9.7
10.806128982454538,-0.01,9.69
10.807633575052023,-0.01,9.66
10.80909338593483,-0.01,9.65
10.81054912507534,-0.01,9.67
10.812008753418922,-0.01,9.7
10.813431587070227,-0.01,9.67
10.814917430281639,-0.01,9.69
10.816365979611874,-0.01,9.67
10.817817453294992,-0.01,9.69
10.819285713136196,-0.01,9.68
10.820718318223953,-0.01,9.68
10.822177480906248,-0.01,9.73
10.82364346086979,-0.01,9.67
10.825095221400261,-0.01,9.68
10.826556257903576,-0.01,9.71
10.828038107603788,-0.01,9.72
10.82946116104722,-0.01,9.69
10.830919455736876,-0.01,9.68
10.832380499690771,-0.01,9.69
10.833833530545235,-0.01,9.67
10.835280902683735,-0.01,9.68
10.836804863065481,-0.01,9.75
10.838229484856129,-0.02,9.74
10.839633747935295,-0.01,9.73
10.841104201972485,-0.01,9.75
10.842544261366129,-0.01,9.77
10.844006236642599,-0.01,9.76
10.845317710191011,-0.01,9.73
10.846917558461428,-0.01,9.75
10.848379794508219,-0.01,9.74
10.849826704710722,-0.01,9.76
10.851288694888353,-0.01,9.76
10.85272128880024,-0.01,9.77
10.854183115065098,-0.01,9.76
10.855651322752237,-0.01,9.73
10.857109572738409,-0.01,9.75
10.85856532305479,-0.01,9.77
10.860019370913506,-0.01,9.77
10.861471865326166,-0.01,9.76
10.862917210906744,-0.01,9.77
10.864385172724724,-0.01,9.77
10.865837551653385,-0.01,9.73
10.867291741073132,-0.01,9.78
10.868746217340231,-0.01,9.8
10.870208628475666,-0.01,9.79
10.871669296175241,-0.01,9.82
10.873108819127083,-0.01,9.79
10.874543190002441,-0.01,9.79
10.876017048954964,-0.01,9.83
10.877477951347828,-0.01,9.85
10.878925286233425,-0.01,9.81
10.880381867289543,-0.01,9.82
10.881846193224192,-0.01,9.81
10.883304320275784,-0.01,9.79
10.88474827632308,-0.01,9.79
10.886209398508072,-0.01,9.8
10.887668058276176,-0.01,9.81
10.889110382646322,-0.01,9.81
10.890573292970657,-0.01,9.85
10.892034124583006,-0.01,9.86
10.893476657569408,-0.01,9.82
10.894936885684729,-0.01,9.83
10.896389357745647,-0.01,9.79
10.897850781679153,-0.01,9.8
10.899301711469889,-0.01,9.79
10.900762639939785,-0.01,9.76
10.90220994502306,-0.01,9.77
10.903670456260443,-0.01,9.77
10.90511605143547,-0.01,9.78
10.906576596200466,-0.01,9.77
10.908020947128534,-0.01,9.79
10.909480776637793,-0.01,9.77
10.910940904170275,-0.01,9.75
10.912395346909761,-0.01,9.74
10.913848031312227,-0.01,9.73
10.915282130241394,-0.01,9.71
10.916778225451708,-0.01,9.68
10.918227083981037,-0.01,9.64
10.919675141572952,-0.01,9.65
10.92113221436739,-0.01,9.65
10.922583796083927,-0.01,9.64
10.924034290015697,-0.01,9.63
10.925502374768257,-0.01,9.59
10.926950667053461,-0.01,9.56
10.928400214761496,-0.01,9.57
10.929866932332516,-0.01,9.57
10.93131448701024,-0.01,9.54
10.93276846408844,-0.01,9.54
10.934217296540737,-0.01,9.51
10.935681566596031,-0.01,9.45
10.9371254183352,-0.01,9.43
10.938595488667488,-0.01,9.45
10.939982768148184,-0.01,9.42
10.941503901034594,-0.01,9.38
10.942932154983282,-0.01,9.35
10.944342590868473,-0.01,9.37
10.9458685554564,-0.01,9.29
10.947727143764496,-0.01,9.26
10.948734004050493,-0.01,9.28
10.950181014835835,-0.01,9.21
10.951579667627811,-0.01,9.2
10.953149158507586,-0.01,9.17
10.954600799828768,-0.01,9.15
10.956056728959084,-0.01,9.18
10.957443296909332,-0.01,9.14
10.958965718746185,-0.01,9.11
10.960385657846928,-0.01,9.14
10.96186526492238,-0.01,9.09
10.963336575776339,-0.01,9.05
10.964536931365728,-0.01,9.02
10.966032058000565,-0.01,8.99
10.96768605709076,-0.01,8.97
10.969058226794004,-0.01,8.95
10.970463208854198,-0.01,8.88
10.972059700638056,-0.01,8.83
10.973505552858114,-0.01,8.81
10.97483491897583,-0.01,8.83
10.976419162005186,-0.01,8.83
10.977864600718021,-0.01,8.81
10.979328006505966,-0.01,8.76
10.98080925643444,-0.01,8.73
10.982208404690027,-0.01,8.69
10.983614437282085,-0.01,8.65
10.985146820545197,-0.01,8.64
10.98657251149416,-0.01,8.65
10.988065175712109,-0.01,8.65
10.989415012300014,-0.01,8.62
10.990953106433153,-0.01,8.6
10.992418475449085,-0.01,8.57
10.993863046169281,-0.01,8.49
10.995279029011726,-0.01,8.41
10.996704772114754,-0.01,8.43
10.998232200741768,-0.0,8.39
10.999544452875853,-0.01,8.4
11.00114630907774,-0.01,8.4
11.00260304287076,-0.01,8.38
11.003991853445768,-0.01,8.33
11.005514800548553,-0.01,8.33
11.006969522684813,-0.01,8.3
11.00840974226594,-0.01,8.26
11.009857289493084,-0.01,8.25
11.011350814253092,-0.01,8.23
11.012789744883776,-0.01,8.19
11.014249131083488,-0.01,8.15
11.015698425471783,-0.01,8.17
11.017147079110146,-0.01,8.13
11.018613416701555,-0.01,8.11
11.019993472844362,-0.01,8.13
11.021430127322674,-0.01,8.1
11.0229821652174,-0.01,8.03
11.024438515305519,-0.01,8.0
11.025889679789543,-0.01,7.98
11.027298137545586,-0.01,7.9
11.028798438608646,-0.01,7.91
11.030238557606936,-0.01,7.9
11.031614996492863,-0.01,7.89
11.033145975321531,-0.01,7.87
11.034566942602396,-0.01,7.84
11.03605380654335,-0.01,7.82
11.037523161619902,-0.01,7.79
11.038985144346952,-0.01,7.79
11.040434889495373,-0.01,7.78
11.041892413049936,-0.01,7.72
11.043338056653738,-0.01,7.65
11.044781014323235,-0.01,7.63
11.046209871768951,-0.01,7.62
11.047699831426144,-0.01,7.6
11.04915126413107,-0.01,7.55
11.050610221922398,-0.01,7.54
11.05207421630621,-0.01,7.55
11.053534030914307,-0.01,7.52
11.05498680099845,-0.01,7.51
11.056435022503138,-0.01,7.49
11.057888232171535,-0.01,7.5
11.05943513289094,-0.01,7.46
11.060792416334152,-0.01,7.42
11.062177788466215,-0.01,7.41
11.063702404499054,-0.01,7.35
11.065145008265972,-0.01,7.36
11.06662442535162,-0.01,7.36
11.068074509501457,-0.01,7.34
11.069535601884127,-0.01,7.33
11.070973072201014,-0.01,7.32
11.072437852621078,-0.01,7.27
11.073896288871765,-0.01,7.33
11.075320415198803,-0.01,7.34
11.076802529394627,-0.01,7.29
11.07826353609562,-0.01,7.28
11.079710591584444,-0.01,7.25
11.081150732934475,-0.01,7.25
11.082569345831871,-0.01,7.23
11.084083501249552,-0.01,7.22
11.085507202893496,-0.01,7.24
11.086987666785717,-0.01,7.24
11.088445022702217,-0.01,7.2
11.089905511587858,-0.01,7.16
11.091352470219135,-0.01,7.18
11.092708062380552,-0.01,7.15
11.09427348151803,-0.01,7.11
11.09572522714734,-0.01,7.12
11.09717819467187,-0.01,7.13
11.098609164357185,-0.01,7.14
11.100089132785797,-0.01,7.14
11.101547010242939,-0.01,7.12
11.102891236543655,-0.01,7.08
11.104460332542658,-0.01,7.11
11.10590124875307,-0.01,7.13
11.107370879501104,-0.01,7.08
11.108810890465975,-0.01,7.04
11.110280763357878,-0.01,7.03
11.111726626753807,-0.01,7.07
11.11318314820528,-0.01,7.05
11.114642929285765,-0.01,7.05
11.116098929196596,-0.01,7.06
11.117554515600204,-0.01,7.03
11.118990067392588,-0.01,7.0
11.120460115373135,-0.01,7.01
11.12190717086196,-0.01,7.0
11.123376540839672,-0.01,6.97
11.124819282442331,-0.01,6.99
11.126275431364775,-0.01,6.97
11.127726521342993,-0.01,6.99
11.129171159118414,-0.01,6.95
11.130646344274282,-0.01,6.94
11.132071137428284,-0.01,6.93
11.133552614599466,-0.01,6.93
11.135015983134508,-0.01,6.95
11.136440429836512,-0.01,6.91
11.137913014739752,-0.01,6.89
11.139380417764187,-0.01,6.9
11.140820909291506,-0.01,6.86
11.142201844602823,-0.01,6.87
11.143744744360447,-0.01,6.85
11.145201209932566,-0.01,6.85
11.146594237536192,-0.01,6.83
11.14810523018241,-0.01,6.83
11.149517629295588,-0.01,6.83
11.151018284261227,-0.01,6.81
11.152469903230667,-0.01,6.77
11.153907667845488,-0.01,6.77
11.155310962349176,-0.01,6.76
11.156710855662823,-0.01,6.74
11.158292174339294,-0.01,6.77
11.159742780029774,-0.01,6.74
11.161200255155563,-0.01,6.73
11.162596978247166,-0.01,6.74
11.164099916815758,-0.01,6.74
11.165460266172886,-0.01,6.73
11.16701890528202,-0.02,6.75
11.168438546359539,-0.01,6.77
11.169896133244038,-0.01,6.7
11.171390995383263,-0.02,6.7
11.172842800617218,-0.01,6.71
11.17428569868207,-0.01,6.75
11.175753191113472,-0.02,6.72
11.1771759390831,-0.02,6.72
11.178661979734898,-0.02,6.71
11.180030144751072,-0.02,6.71
11.18157184496522,-0.01,6.72
11.183031179010868,-0.01,6.75
11.184478510171175,-0.02,6.81
11.18593592196703,-0.02,6.87
11.187384258955717,-0.02,6.81
11.188708253204823,-0.01,6.78
11.190285455435514,-0.02,6.81
11.191756591200829,-0.02,6.82
11.193208303302526,-0.02,6.82
11.194577898830175,-0.02,6.84
11.196127008646727,-0.01,6.79
11.197568342089653,-0.02,6.75
11.199019979685545,-0.02,6.8
11.200491216033697,-0.02,6.82
11.201945848762989,-0.02,6.78
11.203328937292099,-0.02,6.78
11.20474511384964,-0.02,6.82
11.20630445331335,-0.02,6.81
11.207727644592524,-0.02,6.8
11.209212828427553,-0.02,6.78
11.21067526564002,-0.02,6.78
11.212105318903923,-0.02,6.79
11.213575974106789,-0.02,6.78
11.215033277869225,-0.02,6.75
11.216439727693796,-0.02,6.78
11.217948958277702,-0.02,6.83
11.219378493726254,-0.02,6.83
11.22079136967659,-0.02,6.82
11.22231537476182,-0.02,6.82
11.223767645657063,-0.02,6.83
11.225157026201487,-0.02,6.87
11.226600870490074,-0.02,6.87
11.228075910359621,-0.02,6.86
11.229542288929224,-0.02,6.85
11.231049418449402,-0.02,6.9
11.232446186244488,-0.02,6.91
11.233894009143114,-0.02,6.9
11.235365852713585,-0.02,6.92
11.236869625747204,-0.02,6.93
11.238311558961868,-0.02,6.97
11.239730324596167,-0.02,6.96
11.241223581135273,-0.02,6.98
11.242574110627174,-0.02,7.0
11.244130589067936,-0.02,6.96
11.2455941028893,-0.02,6.98
11.2470338717103,-0.02,7.01
11.248499687761068,-0.02,7.02
11.249883033335209,-0.02,7.04
11.251412507146597,-0.02,7.05
11.252773243933916,-0.02,7.05
11.254325915127993,-0.02,7.04
11.25573405250907,-0.02,7.07
11.257206905633211,-0.02,7.07
11.258618485182524,-0.02,7.09
11.260145414620638,-0.02,7.14
11.261596832424402,-0.02,7.13
11.26305103302002,-0.02,7.13
11.26444497704506,-0.02,7.15
11.265866175293922,-0.02,7.13
11.267341367900372,-0.02,7.15
11.268805839121342,-0.02,7.2
11.270323518663645,-0.02,7.2
11.27176183462143,-0.02,7.21
11.273235455155373,-0.02,7.21
11.274634175002575,-0.02,7.25
11.27610869333148,-0.02,7.25
11.277609013020992,-0.02,7.22
11.279063377529383,-0.02,7.24
11.280494529753923,-0.02,7.27
11.281967829912901,-0.02,7.24
11.283375155180693,-0.02,7.27
11.284891858696938,-0.02,7.27
11.286333326250315,-0.02,7.29
11.287767115980387,-0.02,7.26
11.28919955715537,-0.02,7.25
11.290700197219849,-0.02,7.29
11.292083442211151,-0.02,7.31
11.293615315109491,-0.02,7.32
11.295062988996506,-0.02,7.33
11.296504013240337,-0.02,7.35
11.297915581613779,-0.02,7.36
11.299426514655352,-0.02,7.34
11.30088683962822,-0.02,7.32
11.302341062575579,-0.02,7.34
11.30376336723566,-0.02,7.34
11.305248253047466,-0.02,7.35
11.306614071130753,-0.02,7.36
11.30814703553915,-0.02,7.35
11.309608153998852,-0.02,7.31
11.311063155531883,-0.02,7.33
11.31244058534503,-0.02,7.35
11.313984226435423,-0.02,7.38
11.315434612333775,-0.02,7.39
11.316884614527225,-0.02,7.39
11.318343359977007,-0.03,7.37
11.319737400859594,-0.03,7.38
11.3212129175663,-0.02,7.38
11.322684317827225,-0.02,7.4
11.324084654450417,-0.03,7.4
11.32560833543539,-0.03,7.37
11.327019888907671,-0.02,7.37
11.328527554869652,-0.02,7.39
11.32991498708725,-0.03,7.4
11.331320956349373,-0.03,7.37
11.33288649097085,-0.03,7.4
11.33434771746397,-0.03,7.43
11.335735209286213,-0.03,7.38
11.337241217494011,-0.02,7.39
11.338616415858269,-0.02,7.38
11.340138871222734,-0.03,7.37
11.341717310249805,-0.03,7.39
11.343063946813345,-0.03,7.42
11.344443906098604,-0.03,7.39
11.345976375043392,-0.03,7.42
11.347445216029882,-0.03,7.42
11.348885886371136,-0.03,7.42
11.350347176194191,-0.03,7.42
11.351799253374338,-0.03,7.4
11.353157684206963,-0.03,7.4
11.354725409299135,-0.03,7.4
11.356175322085619,-0.03,7.43
11.357626620680094,-0.03,7.42
11.359022535383701,-0.03,7.41
11.360521983355284,-0.03,7.42
11.361937835812569,-0.03,7.42
11.36343514546752,-0.03,7.43
11.364902134984732,-0.03,7.41
11.366345100104809,-0.03,7.42
11.367783162742853,-0.03,7.41
11.369176518172026,-0.03,7.41
11.370710734277964,-0.03,7.42
11.372179236263037,-0.03,7.39
11.37360043823719,-0.02,7.39
11.37509036809206,-0.02,7.41
11.37653273716569,-0.01,7.45
11.378001395612955,-0.02,7.44
11.379440981894732,-0.03,7.43
11.380890972912312,-0.03,7.47
11.382364984601736,-0.03,7.42
11.383797831833363,-0.03,7.41
11.385269332677126,-0.03,7.4
11.386721432209015,-0.03,7.43
11.388175383210182,-0.02,7.43
11.389640618115664,-0.02,7.46
11.391026493161917,-0.02,7.45
11.392511084675789,-0.02,7.48
11.393864940851927,-0.02,7.5
11.39545327052474,-0.02,7.48
11.39690862968564,-0.03,7.42
11.398364059627056,-0.03,7.44
11.399824738502502,-0.03,7.49
11.401279460638762,-0.02,7.47
11.402729634195566,-0.02,7.44
11.404187239706516,-0.02,7.47
11.405599601566792,-0.03,7.46
11.407020505517721,-0.03,7.46
11.408546410501003,-0.03,7.44
11.41000809147954,-0.03,7.51
11.411465723067522,-0.02,7.48
11.412892926484346,-0.02,7.45
11.414377622306347,-0.02,7.47
11.415820445865393,-0.02,7.48
11.417265083640814,-0.02,7.47
11.418652094900608,-0.02,7.53
11.420178510248661,-0.02,7.5
11.42165381461382,-0.02,7.51
11.423026207834482,-0.02,7.51
11.424556467682123,-0.02,7.53
11.426019754260778,-0.02,7.53
11.42746501043439,-0.02,7.54
11.428921267390251,-0.02,7.57
11.430339857935905,-0.02,7.61
11.431815531104803,-0.02,7.62
11.433255471289158,-0.02,7.61
11.434740759432316,-0.02,7.58
11.436195258051157,-0.02,7.59
11.437606122344732,-0.02,7.6
11.43904959782958,-0.02,7.61
11.440480817109346,-0.02,7.61
11.442022196948528,-0.02,7.63
11.443470627069473,-0.02,7.63
11.444926165044308,-0.02,7.61
11.44638330489397,-0.02,7.63
11.447832487523556,-0.02,7.69
11.44929613545537,-0.02,7.68
11.450755413621664,-0.02,7.65
11.45219585672021,-0.02,7.65
11.453663177788258,-0.02,7.67
11.455097287893295,-0.02,7.66
11.456531319767237,-0.02,7.68
11.458013895899057,-0.02,7.7
11.459470920264721,-0.02,7.69
11.460924357175827,-0.02,7.72
11.462338477373123,-0.02,7.73
11.463844861835241,-0.02,7.71
11.465299017727375,-0.02,7.72
11.46676166728139,-0.02,7.73
11.468208342790604,-0.02,7.71
11.469671100378036,-0.02,7.75
11.471071638166904,-0.02,7.78
11.472580026835203,-0.02,7.78
11.473872695118189,-0.02,7.75
11.475485429167747,-0.02,7.76
11.476943485438824,-0.02,7.77
11.47834376245737,-0.02,7.78
11.479855969548225,-0.02,7.78
11.481302235275507,-0.02,7.76
11.482762150466442,-0.02,7.76
11.484206963330507,-0.02,7.8
11.485665947198868,-0.02,7.8
11.487129803746939,-0.02,7.81
11.488580729812384,-0.02,7.79
11.490026790648699,-0.02,7.82
11.491482302546501,-0.02,7.85
11.492941722273827,-0.02,7.86
11.494386542588472,-0.02,7.88
11.49582451954484,-0.02,7.88
11.497314728796482,-0.02,7.81
11.498772595077753,-0.02,7.81
11.50021506845951,-0.02,7.82
11.501667771488428,-0.02,7.87
11.503135919570923,-0.02,7.89
11.504583980888128,-0.02,7.9
11.506035681813955,-0.02,7.88
11.507491309195757,-0.02,7.85
11.508944679051638,-0.02,7.87
11.510321885347366,-0.02,7.93
11.511804588139057,-0.02,7.96
11.51327534392476,-0.02,7.95
11.514767475426197,-0.02,7.92
11.516231309622526,-0.02,7.9
11.517686251550913,-0.02,7.91
11.519047684967518,-0.02,7.92
11.52055437117815,-0.02,7.88
11.522051151841879,-0.02,7.92
11.523469381034374,-0.02,7.94
11.524962898343801,-0.02,7.9
11.526416972279549,-0.02,7.92
11.527861155569553,-0.02,7.92
11.529315777122974,-0.02,7.88
11.530784007161856,-0.02,7.88
11.532228134572506,-0.02,7.93
11.533670209348202,-0.02,7.97
11.535056792199612,-0.02,7.96
11.536599423736334,-0.02,7.95
11.538052339106798,-0.02,7.97
11.539513438940048,-0.02,7.97
11.540959134697914,-0.02,8.0
11.542429346591234,-0.02,8.03
11.543879944831133,-0.02,8.02
11.545312356203794,-0.02,8.02
11.546757973730564,-0.02,8.04
11.548233766108751,-0.02,8.0
11.549687944352627,-0.02,7.96
11.551056452095509,-0.02,7.99
11.55259382352233,-0.02,8.04
11.55404743179679,-0.02,8.04
11.55549980700016,-0.02,8.02
11.556971069425344,-0.02,8.04
11.55842012912035,-0.02,8.09
11.559868156909943,-0.02,8.09
11.561335355043411,-0.02,8.04
11.562763087451458,-0.02,7.99
11.564246345311403,-0.02,8.01
11.565665371716022,-0.02,8.04
11.567143145948648,-0.02,8.05
11.568560857325792,-0.02,8.04
11.570051170885563,-0.02,8.04
11.571515381336212,-0.02,8.04
11.57295835390687,-0.02,8.08
11.574422154575586,-0.02,8.09
11.575838647782803,-0.02,8.08
11.577326644212008,-0.02,8.06
11.57878390699625,-0.02,8.06
11.580230388790369,-0.02,8.1
11.581617530435324,-0.02,8.07
11.583150550723076,-0.02,8.05
11.584580834954977,-0.02,8.07
11.586071837693453,-0.02,8.07
11.587527953088284,-0.02,8.05
11.588969875127077,-0.02,8.04
11.590358342975378,-0.02,8.05
11.591792576014996,-0.02,8.07
11.593341123312712,-0.02,8.1
11.594789814203978,-0.02,8.11
11.59618566930294,-0.02,8.09
11.597690414637327,-0.02,8.11
11.5991689004004,-0.02,8.1
11.600607391446829,-0.02,8.08
11.602053191512823,-0.02,8.07
11.603472910821438,-0.02,8.07
11.604933727532625,-0.02,8.05
11.606442518532276,-0.02,8.07
11.607893005013466,-0.02,8.08
11.609353452920914,-0.02,8.05
11.610763940960169,-0.02,8.06
11.612182162702084,-0.02,8.02
11.613715264946222,-0.02,8.01
11.615169890224934,-0.02,8.06
11.616626549512148,-0.02,8.06
11.618049945682287,-0.02,8.04
11.619542174041271,-0.02,8.04
11.620938941836357,-0.02,8.04
11.62243565544486,-0.02,8.03
11.623900912702084,-0.02,8.06
11.625343516469002,-0.02,8.07
11.626805771142244,-0.02,8.06
11.628266163170338,-0.02,8.06
11.62972603738308,-0.02,8.08
11.631139099597931,-0.02,8.04
11.632629074156284,-0.02,8.04
11.634088478982449,-0.02,8.06
11.635507855564356,-0.02,8.06
11.636973109096289,-0.02,8.02
11.638380333781242,-0.02,8.04
11.639904994517565,-0.02,8.04
11.641341600567102,-0.02,8.03
11.642796143889427,-0.02,8.04
11.644191328436136,-0.02,8.02
11.645672772079706,-0.02,8.0
11.64718134701252,-0.02,8.04
11.648634757846594,-0.02,8.08
11.650094121694565,-0.02,8.01
11.651543077081442,-0.02,8.0
11.652895741164684,-0.02,8.03
11.654459789395332,-0.02,7.98
11.65591574460268,-0.02,7.96
11.657359942793846,-0.02,8.01
11.658828768879175,-0.02,8.05
11.660279676318169,-0.02,8.02
11.661634750664234,-0.02,8.04
11.663190633058548,-0.02,8.03
11.66463002935052,-0.02,8.0
11.666082441806793,-0.02,7.97
11.66755260154605,-0.02,7.97
11.668983723968267,-0.02,7.98
11.670464869588614,-0.02,7.97
11.671922519803047,-0.02,7.93
11.67337891086936,-0.02,7.98
11.674795303493738,-0.02,7.98
11.676289919763803,-0.02,7.98
11.677732955664396,-0.02,7.98
11.679184779524803,-0.02,7.93
11.68065532669425,-0.02,7.93
11.682104870676994,-0.02,7.94
11.683482684195042,-0.02,7.97
11.685019373893738,-0.02,7.93
11.686474122107029,-0.02,7.9
11.687924273312092,-0.02,7.94
11.68937972933054,-0.02,7.97
11.690830897539854,-0.01,7.96
11.692223485559225,-0.02,7.96
11.693746246397495,-0.02,7.94
11.695190101861954,-0.02,7.94
11.696646444499493,-0.02,7.93
11.698068350553513,-0.02,7.94
11.699563134461641,-0.02,7.96
11.701021157205105,-0.02,7.93
11.702370822429657,-0.01,7.89
11.70392269268632,-0.02,7.93
11.70534360781312,-0.02,7.94
11.706845924258232,-0.02,7.88
11.708295177668333,-0.02,7.88
11.709610175341368,-0.02,7.9
11.711209673434496,-0.02,7.9
11.712658695876598,-0.02,7.92
11.714107628911734,-0.02,7.91
11.715568359941244,-0.02,7.83
11.717025887221098,-0.02,7.86
11.71848239377141,-0.02,7.9
11.719936735928059,-0.02,7.86
11.721392065286636,-0.02,7.85
11.722795318812132,-0.02,7.85
11.724191475659609,-0.02,7.86
11.725662108510733,-0.02,7.85
11.727210152894258,-0.02,7.86
11.728663705289364,-0.02,7.88
11.730111483484507,-0.02,7.88
11.73148087412119,-0.01,7.86
11.733034811913967,-0.02,7.88
11.734480518847704,-0.02,7.89
11.735942680388689,-0.02,7.9
11.737367857247591,-0.02,7.88
11.738849703222513,-0.01,7.85
11.740311309695244,-0.01,7.86
11.741767168045044,-0.02,7.87
11.74321823194623,-0.02,7.88
11.7446572445333,-0.02,7.89
11.746123988181353,-0.02,7.83
11.747586008161306,-0.02,7.84
11.74904802441597,-0.02,7.83
11.750499688088894,-0.02,7.85
11.751945801079273,-0.02,7.89
11.753403343260288,-0.02,7.89
11.75481977686286,-0.02,7.85
11.75625141337514,-0.02,7.82
11.757611598819494,-0.02,7.81
11.759214352816343,-0.02,7.8
11.760629650205374,-0.02,7.84
11.762135706841946,-0.02,7.89
11.763555075973272,-0.02,7.82
11.765048559755087,-0.02,7.82
11.766497869044542,-0.02,7.8
11.767921525985003,-0.02,7.79
11.769410945475101,-0.02,7.8
11.770867079496384,-0.02,7.83
11.772313423454762,-0.02,7.83
11.773676238954067,-0.02,7.79
11.775221273303032,-0.02,7.84
11.776681650429964,-0.02,7.85
11.77813334017992,-0.02,7.82
11.779474571347237,-0.02,7.84
11.781036376953125,-0.02,7.84
11.78251576796174,-0.02,7.78
11.783922351896763,-0.02,7.79
11.785355109721422,-0.02,7.8
11.786844246089458,-0.02,7.82
11.788257706910372,-0.02,7.84
11.789776772260666,-0.02,7.84
11.791238091886044,-0.02,7.83
11.792634960263968,-0.02,7.83
11.79414638131857,-0.02,7.85
11.795511987060308,-0.02,7.79
11.797029700130224,-0.01,7.75
11.79850448295474,-0.02,7.75
11.799963559955359,-0.02,7.75
11.801421914249659,-0.02,7.81
11.802882488816977,-0.02,7.83
11.804190013557673,-0.02,7.84
11.80578899383545,-0.02,7.82
11.80724436417222,-0.02,7.79
11.808686688542366,-0.02,7.8
11.8101092800498,-0.02,7.8
11.811566933989525,-0.02,7.79
11.813058264553547,-0.02,7.8
11.814517740160227,-0.01,7.77
11.815960973501205,-0.01,7.78
11.817412935197353,-0.01,7.8
11.818810291588306,-0.01,7.74
11.820197358727455,-0.01,7.71
11.821787964552641,-0.02,7.71
11.823244795203209,-0.02,7.72
11.824639845639467,-0.02,7.78
11.826056931167841,-0.02,7.72
11.827590700238943,-0.02,7.71
11.829018082469702,-0.02,7.72
11.830520804971457,-0.02,7.72
11.83195823431015,-0.02,7.68
11.83343905210495,-0.01,7.69
11.83485346660018,-0.01,7.68
11.836348876357079,-0.01,7.67
11.83779302611947,-0.01,7.7
11.839213863015175,-0.01,7.72
11.84065331146121,-0.01,7.7
11.842060815542936,-0.01,7.69
11.843624133616686,-0.01,7.67
11.84507703781128,-0.01,7.69
11.846507024019957,-0.01,7.74
11.84797815978527,-0.01,7.67
11.84943214058876,-0.01,7.69
11.8508842587471,-0.01,7.68
11.852340921759605,-0.01,7.68
11.853804022073746,-0.01,7.69
11.855234414339066,-0.01,7.69
11.85666961222887,-0.01,7.68
11.858170207589865,-0.01,7.67
11.859624121338129,-0.01,7.65
11.861077893525362,-0.01,7.62
11.862519927322865,-0.01,7.66
11.863985616713762,-0.02,7.64
11.86544569954276,-0.02,7.62
11.866896480321884,-0.02,7.66
11.868355069309473,-0.02,7.66
11.869805503636599,-0.02,7.66
11.8712143227458,-0.01,7.65
11.872695948928595,-0.01,7.65
11.874056428670883,-0.02,7.63
11.875630613416433,-0.02,7.65
11.877081260085106,-0.02,7.67
11.878510553389788,-0.01,7.64
11.879992935806513,-0.01,7.59
11.881442841142416,-0.01,7.62
11.882798045873642,-0.01,7.65
11.884346928447485,-0.01,7.62
11.885795302689075,-0.01,7.64
11.887263253331184,-0.01,7.64
11.888728071004152,-0.01,7.64
11.890185069292784,-0.01,7.65
11.891634065657854,-0.01,7.64
11.893080610781908,-0.01,7.64
11.894537840038538,-0.01,7.65
11.89599685370922,-0.01,7.65
11.897346444427967,-0.01,7.59
11.898801818490028,-0.01,7.57
11.90036891773343,-0.01,7.61
11.901792105287313,-0.01,7.59
11.903252732008696,-0.01,7.57
11.904721457511187,-0.01,7.56
11.906063962727785,-0.01,7.57
11.907617077231407,-0.01,7.56
11.909102357923985,-0.01,7.58
11.910502843558788,-0.01,7.61
11.911949891597033,-0.01,7.62
11.913441106677055,-0.01,7.61
11.914917074143887,-0.01,7.58
11.91636998578906,-0.02,7.58
11.917824927717447,-0.01,7.57
11.91927319392562,-0.01,7.52
11.920728418976068,-0.01,7.55
11.922164253890514,-0.01,7.55
11.923646301031113,-0.01,7.57
11.925084188580513,-0.01,7.57
11.926558878272772,-0.01,7.59
11.927982553839684,-0.01,7.59
11.929397515952587,-0.01,7.58
11.930853553116322,-0.01,7.58
11.932373832911253,-0.01,7.57
11.933831848204136,-0.01,7.56
11.935274869203568,-0.01,7.56
11.936727218329906,-0.01,7.52
11.938190873712301,-0.01,7.51
11.939579132944345,-0.01,7.5
11.941105209290981,-0.01,7.5
11.942533075809479,-0.01,7.51
11.944022744894028,-0.01,7.54
11.945472285151482,-0.01,7.51
11.94681628793478,-0.01,7.52
11.94838573411107,-0.01,7.49
11.949829295277596,-0.01,7.44
11.951218195259571,-0.01,7.45
11.952692870050669,-0.01,7.48
11.954175353050232,-0.01,7.47
11.95559823513031,-0.01,7.5
11.957116641104221,-0.01,7.5
11.95851331576705,-0.01,7.49
11.959961924701929,-0.01,7.47
11.961472503840923,-0.01,7.45
11.962931521236897,-0.01,7.45
11.964376404881477,-0.01,7.46
11.965794134885073,-0.01,7.42
11.967216920107603,-0.01,7.42
11.96875399723649,-0.01,7.46
11.9701031409204,-0.01,7.44
11.971659008413553,-0.01,7.41
11.973121013492346,-0.01,7.45
11.974571876227856,-0.01,7.44
11.976025983691216,-0.01,7.44
11.977489195764065,-0.01,7.45
11.978923194110394,-0.01,7.44
11.98037275671959,-0.01,7.45
11.981827270239592,-0.01,7.48
11.983302880078554,-0.01,7.49
11.984756466001272,-0.01,7.46
11.98622164875269,-0.01,7.44
11.987662304192781,-0.01,7.48
11.98912550881505,-0.01,7.48
11.990506134927273,-0.01,7.46
11.992028325796127,-0.01,7.47
11.993493501096964,-0.01,7.47
11.994953464716673,-0.01,7.48
11.99637047201395,-0.01,7.44
11.99784704297781,-0.01,7.43
11.999277744442225,-0.01,7.46
12.00076398998499,-0.01,7.46
12.002172067761421,-0.01,7.45
12.003662455826998,-0.01,7.46
12.005132384598255,-0.01,7.5
12.006590027362108,-0.01,7.47
12.008034236729145,-0.01,7.42
12.009496208280325,-0.01,7.45
12.010951451957226,-0.01,7.46
12.012371107935905,-0.01,7.45
12.013864740729332,-0.01,7.47
12.015295807272196,-0.01,7.46
12.016723804175854,-0.01,7.43
12.018211651593447,-0.01,7.43
12.019676640629768,-0.01,7.47
12.021125264465809,-0.01,7.45
12.022584028542042,-0.01,7.44
12.023965306580067,-0.01,7.43
12.025502551347017,-0.01,7.41
12.026959851384163,-0.01,7.44
12.02840892970562,-0.01,7.45
12.029796082526445,-0.01,7.47
12.031324490904808,-0.01,7.47
12.032771199941635,-0.01,7.44
12.03406212106347,-0.01,7.46
12.035687271505594,-0.01,7.44
12.0370835326612,-0.01,7.43
12.038586117327213,-0.01,7.4
12.03995617479086,-0.01,7.41
12.041432656347752,-0.01,7.4
12.042958535254002,-0.01,7.42
12.044376276433468,-0.01,7.5
12.045865908265114,-0.01,7.45
12.047222204506397,-0.01,7.4
12.048676833510399,-0.01,7.42
12.050243742763996,-0.01,7.44
12.051690246909857,-0.01,7.42
12.053090576082468,-0.01,7.4
12.054568592458963,-0.01,7.42
12.05596861988306,-0.01,7.45
12.0575019903481,-0.01,7.42
12.058950200676918,-0.01,7.44
12.060426402837038,-0.01,7.44
12.061878561973572,-0.01,7.43
12.063338160514832,-0.01,7.38
12.06478189304471,-0.01,7.4
12.066241391003132,-0.01,7.41
12.067702680826187,-0.01,7.35
12.069149374961853,-0.01,7.39
12.07060344144702,-0.01,7.39
12.072071503847837,-0.01,7.41
12.073520414531231,-0.01,7.42
12.07495079934597,-0.01,7.4
12.07637482136488,-0.01,7.41
12.07788147777319,-0.01,7.35
12.079333551228046,-0.01,7.42
12.0807790979743,-0.01,7.49
12.082249134778976,-0.01,7.45
12.083706125617027,-0.01,7.39
12.085118386894464,-0.01,7.38
12.086595308035612,-0.01,7.39
12.088074967265129,-0.01,7.38
12.089528381824493,-0.01,7.39
12.090984646230936,-0.01,7.38
12.092408210039139,-0.01,7.42
12.09388142824173,-0.01,7.4
12.095306143164635,-0.01,7.39
12.096799306571484,-0.01,7.36
12.098243530839682,-0.01,7.39
12.099707152694464,-0.01,7.41
12.101154167205095,-0.01,7.39
12.10253968834877,-0.01,7.4
12.104074589908123,-0.01,7.39
12.10552990809083,-0.01,7.44
12.106992222368717,-0.01,7.46
12.108446225523949,-0.01,7.39
12.109820879995823,-0.01,7.39
12.111355237662792,-0.01,7.44
12.112816397100687,-0.01,7.47
12.11424257606268,-0.01,7.49
12.115699954330921,-0.01,7.5
12.117176935076714,-0.01,7.46
12.118617206811905,-0.01,7.44
12.119960214942694,-0.01,7.44
12.121531900018454,-0.01,7.47
12.12295400351286,-0.01,7.47
12.124419376254082,-0.01,7.49
12.125909626483917,-0.01,7.51
12.127292953431606,-0.0,7.48
12.128663416951895,-0.01,7.48
12.130243349820375,-0.01,7.47
12.13166443258524,-0.01,7.47
12.133168004453182,-0.01,7.54
12.134628411382437,-0.01,7.55
12.13603961467743,-0.01,7.52
12.137532111257315,-0.01,7.51
12.13898641616106,-0.01,7.54
12.140379879623652,-0.01,7.51
12.141897793859243,-0.01,7.49
12.143273964524269,-0.01,7.47
12.144819810986519,-0.01,7.51
12.146242775022984,-0.01,7.49
12.147673837840557,-0.01,7.53
12.149177327752113,-0.01,7.58
12.150567933917046,-0.01,7.58
12.151964783668518,-0.01,7.56
12.15352962911129,-0.01,7.54
12.154997155070305,-0.01,7.56
12.156450424343348,-0.01,7.56
12.157835736870766,-0.01,7.6
12.159366425126791,-0.01,7.58
12.160821206867695,-0.01,7.54
12.16227651387453,-0.01,7.54
12.16366322338581,-0.01,7.54
12.165130354464054,-0.01,7.53
12.166564516723156,-0.01,7.55
12.168088722974062,-0.01,7.56
12.169533338397741,-0.01,7.55
12.171003062278032,-0.01,7.56
12.17241706699133,-0.01,7.52
12.173924058675766,-0.01,7.54
12.175384916365147,-0.01,7.53
12.176820050925016,-0.01,7.52
12.178284678608179,-0.01,7.53
12.179736502468586,-0.01,7.53
12.181091338396072,-0.01,7.53
12.18251696974039,-0.01,7.52
12.184109214693308,-0.01,7.53
12.185532368719578,-0.01,7.49
12.186957962810993,-0.01,7.49
12.188414923846722,-0.01,7.51
12.18992068618536,-0.01,7.48
12.191380817443132,-0.01,7.42
12.192819703370333,-0.01,7.44
12.194241974502802,-0.01,7.46
12.195734020322561,-0.01,7.49
12.19717064872384,-0.01,7.49
12.198658972978592,-0.01,7.44
12.200110454112291,-0.01,7.45
12.201565638184547,-0.01,7.48
12.202957719564438,-0.01,7.49
12.204476431012154,-0.01,7.47
12.205850381404161,-0.01,7.48
12.207331731915474,-0.01,7.48
12.208821069449186,-0.01,7.5
12.21024189889431,-0.01,7.49
12.211753498762846,-0.01,7.49
12.213209129869938,-0.01,7.47
12.214663948863745,-0.01,7.41
12.21612399071455,-0.01,7.43
12.21756836771965,-0.01,7.45
12.219015017151833,-0.01,7.45
12.220484245568514,-0.01,7.48
12.221927031874657,-0.01,7.45
12.22338181734085,-0.01,7.46
12.224837142974138,-0.01,7.45
12.226258177310228,-0.01,7.45
12.227751709520817,-0.01,7.45
12.229137387126684,-0.01,7.47
12.230668991804123,-0.01,7.46
12.232116855680943,-0.01,7.46
12.233555898070335,-0.01,7.47
12.23502717167139,-0.01,7.48
12.23638904467225,-0.01,7.44
12.237937301397324,-0.01,7.4
12.23930810391903,-0.01,7.37
12.240844175219536,-0.01,7.4
12.242291390895844,-0.01,7.45
12.243731126189232,-0.01,7.44
12.245139725506306,-0.01,7.43
12.246641658246517,-0.01,7.41
12.248115967959166,-0.01,7.42
12.24953792244196,-0.01,7.42
12.251032263040543,-0.01,7.42
12.252483379095793,-0.01,7.38
12.253929056227207,-0.01,7.38
12.255400605499744,-0.01,7.4
12.256850853562355,-0.01,7.39
12.258301850408316,-0.01,7.39
12.259750492870808,-0.01,7.38
12.261218566447496,-0.01,7.34
12.262546077370644,-0.01,7.39
12.26412921026349,-0.01,7.39
12.26556708663702,-0.01,7.37
12.267031457275152,-0.01,7.35
12.268484070897102,-0.01,7.35
12.26994550600648,-0.01,7.33
12.271407879889011,-0.01,7.32
12.272853910923004,-0.01,7.3
12.274244245141745,-0.01,7.34
12.275770284235477,-0.01,7.33
12.277138318866491,-0.01,7.29
12.278629135340452,-0.01,7.29
12.280132085084915,-0.01,7.29
12.281587488949299,-0.01,7.3
12.28303999081254,-0.01,7.3
12.284486081451178,-0.01,7.29
12.285950269550085,-0.01,7.28
12.287402771413326,-0.01,7.26
12.288857277482748,-0.01,7.26
12.2902970649302,-0.01,7.3
12.291666988283396,-0.0,7.31
12.293091613799334,-0.0,7.28
12.294671978801489,-0.0,7.24
12.296127673238516,-0.01,7.21
12.297567252069712,-0.01,7.2
12.299004040658474,-0.01,7.24
12.300510879606009,-0.01,7.27
12.301936097443104,-0.01,7.25
12.30340614542365,-0.01,7.23
12.304835341870785,-0.0,7.2
12.306310757994652,-0.01,7.2
12.307779476046562,-0.01,7.24
12.309180106967688,-0.01,7.26
12.310670632869005,-0.0,7.3
12.31213928759098,-0.0,7.25
12.313589472323656,-0.01,7.18
12.314958050847054,-0.0,7.22
12.316440876573324,-0.0,7.22
12.317830719053745,-0.0,7.2
12.319402061402798,-0.0,7.22
12.320844277739525,-0.0,7.21
12.322325956076384,-0.0,7.2
12.323782376945019,-0.0,7.22
12.325232688337564,-0.0,7.21
12.326689451932907,-0.0,7.19
12.328111853450537,-0.0,7.2
12.32959607616067,-0.01,7.21
12.331060916185379,-0.01,7.21
12.332469407469034,-0.01,7.22
12.333979979157448,-0.01,7.19
12.335419911891222,-0.01,7.18
12.336843840777874,-0.01,7.17
12.338332049548626,-0.01,7.23
12.339716546237469,-0.01,7.22
12.341217689216137,-0.01,7.16
12.342696614563465,-0.0,7.15
12.344140842556953,-0.0,7.17
12.345600072294474,-0.0,7.18
12.347051177173853,-0.0,7.25
12.348511088639498,-0.01,7.23
12.349888481199741,-0.01,7.23
12.351408679038286,-0.01,7.19
12.352873414754868,-0.0,7.16
12.354262437671423,-0.0,7.17
12.355782799422741,-0.01,7.21
12.357246402651072,-0.01,7.2
12.358696684241295,-0.01,7.16
12.360151886940002,-0.01,7.17
12.361593015491962,-0.0,7.14
12.363058179616928,-0.01,7.16
12.364466398954391,-0.01,7.19
12.36596529558301,-0.01,7.2
12.367405269294977,-0.0,7.17
12.368874996900558,-0.01,7.19
12.370336562395096,-0.01,7.21
12.371674440801144,-0.01,7.2
12.373243633657694,-0.01,7.17
12.37469321116805,-0.01,7.16
12.376114271581173,-0.01,7.15
12.377606887370348,-0.0,7.15
12.379031293094158,-0.0,7.16
12.380463056266308,-0.0,7.17
12.381960608065128,-0.0,7.19
12.383424289524555,-0.01,7.2
12.384885966777802,-0.01,7.23
12.386300060898066,-0.0,7.2
12.387709699571133,-0.0,7.19
12.389094565063715,-0.0,7.19
12.390697225928307,-0.0,7.2
12.392148584127426,-0.0,7.23
12.393592208623886,-0.01,7.24
12.395061530172825,-0.0,7.2
12.396534513682127,-0.0,7.16
12.397962369024754,-0.01,7.18
12.399407863616943,-0.0,7.18
12.400852154940367,-0.0,7.18
12.402346398681402,-0.0,7.15
12.403718505054712,-0.0,7.14
12.405216541141272,-0.01,7.18
12.406692016869783,-0.01,7.2
12.408166069537401,-0.0,7.19
12.409617766737938,-0.01,7.16
12.411036510020494,-0.01,7.16
12.412529684603214,-0.0,7.17
12.413987006992102,-0.01,7.16
12.415438406169415,-0.01,7.16
12.416857067495584,-0.0,7.19
12.418291009962559,-0.0,7.19
12.419789090752602,-0.0,7.21
12.421246580779552,-0.01,7.17
12.422709461301565,-0.0,7.19
12.424163158982992,-0.0,7.21
12.425623942166567,-0.01,7.19
12.42696500197053,-0.01,7.19
12.428526252508163,-0.01,7.2
12.429988492280245,-0.0,7.2
12.431447867304087,-0.01,7.17
12.432832885533571,-0.01,7.2
12.434357412159443,-0.01,7.2
12.435808017849922,-0.01,7.19
12.437114410102367,-0.01,7.2
12.438700206577778,-0.01,7.17
12.440169740468264,-0.01,7.17
12.44162205606699,-0.01,7.2
12.443087708204985,-0.01,7.23
12.444535739719868,-0.0,7.21
12.44599612057209,-0.01,7.2
12.447448838502169,-0.01,7.18
12.44891157746315,-0.01,7.15
12.45035769045353,-0.01,7.17
12.451814211905003,-0.01,7.14
12.453269828110933,-0.01,7.17
12.454711820930243,-0.0,7.19
12.456183634698391,-0.01,7.21
12.457638710737228,-0.01,7.21
12.459072384983301,-0.01,7.23
12.46054408326745,-0.01,7.21
12.461981281638145,-0.0,7.18
12.463457122445107,-0.0,7.17
12.464833725243807,-0.0,7.11
12.466360107064247,-0.0,7.11
12.467740003019571,-0.0,7.18
12.469271499663591,-0.0,7.23
12.470728479325771,-0.0,7.21
12.472141399979591,-0.0,7.2
12.473638121038675,-0.0,7.22
12.475073106586933,-0.0,7.2
12.476549673825502,-0.0,7.2
12.478010471910238,-0.0,7.21
12.479458585381508,-0.0,7.21
12.480905003845692,-0.0,7.23
12.48233300074935,-0.01,7.21
12.483825519680977,-0.0,7.23
12.485270872712135,-0.0,7.21
12.486734386533499,-0.0,7.22
12.488126739859581,-0.0,7.25
12.489626605063677,-0.0,7.24
12.491038676351309,-0.0,7.22
12.492454893887043,-0.0,7.21
12.49400369077921,-0.0,7.22
12.495405796915293,-0.0,7.2
12.496863715350628,-0.0,7.2
12.498372878879309,-0.0,7.17
12.49982849508524,-0.0,7.2
12.501276049762964,-0.0,7.24
12.502733562141657,-0.0,7.28
12.504181630909443,-0.0,7.28
12.50565979629755,-0.0,7.24
12.50696099549532,-0.0,7.23
12.508541751652956,-0.0,7.23
12.50998567044735,-0.0,7.23
12.51147161796689,-0.0,7.21
12.512918423861265,-0.0,7.23
12.514381498098373,-0.0,7.2
12.515830419957638,-0.0,7.19
12.517288018018007,-0.0,7.24
12.518735937774181,-0.0,7.22
12.520196937024593,-0.0,7.2
12.521653890609741,-0.0,7.25
12.523050494492054,-0.0,7.23
12.524560451507568,-0.0,7.19
12.526020113378763,-0.01,7.2
12.527464233338833,-0.01,7.21
12.52892854809761,-0.0,7.24
12.530391562730074,-0.0,7.24
12.531838081777096,-0.0,7.19
12.533277932554483,-0.0,7.2
12.534741006791592,-0.01,7.24
12.5361940972507,-0.0,7.25
12.53756307438016,-0.01,7.24
12.539090041071177,-0.01,7.25
12.54056828469038,-0.01,7.21
12.541999150067568,-0.0,7.16
12.543409816920757,-0.01,7.2
12.54493597522378,-0.0,7.25
12.546335581690073,-0.0,7.24
12.547864858061075,-0.0,7.21
12.549306511878967,-0.01,7.2
12.5506976172328,-0.05,7.21
12.55216658860445,-0.11,7.23
12.553668640553951,-0.05,7.25
12.55511137098074,0.1,7.23
12.556581117212772,0.45,7.24
12.558025728911161,0.82,7.26
12.559485338628292,0.99,7.3
12.56093980744481,0.9,7.3
12.56232811883092,0.55,7.26
12.563852816820145,0.35,7.26
12.565305884927511,0.19,7.28
12.566757392138243,0.1,7.32
12.568209078162909,0.37,7.32
12.569669459015131,0.37,7.28
12.571035709232092,0.06,7.27
12.572564534842968,-0.0,7.27
12.574033211916685,0.01,7.28
12.57546553015709,0.01,7.26
12.576945587992668,-0.06,7.25
12.578289583325386,-0.08,7.28
12.579853989183903,-0.07,7.34
12.58127535507083,-0.05,7.29
12.582737907767296,0.18,7.23
12.58420380949974,0.53,7.27
12.585566855967045,0.43,7.33
12.587048716843128,0.1,7.29
12.588568646460772,0.2,7.3
12.589985184371471,0.55,7.33
12.591491404920816,0.71,7.35
12.592888735234737,0.56,7.32
12.594263903796673,0.43,7.31
12.595856916159391,0.49,7.33
12.597309745848179,0.37,7.34
12.598705817013979,0.16,7.3
12.600192911922932,0.01,7.28
12.601621612906456,-0.05,7.3
12.603121526539326,-0.08,7.33
12.604581389576197,-0.08,7.33
12.60603380203247,-0.12,7.32
12.607498712837696,-0.19,7.34
12.608916968107224,-0.11,7.29
12.610316894948483,-0.07,7.28
12.611858557909727,-0.04,7.34
12.613313104957342,0.03,7.33
12.614700872451067,0.07,7.32
12.616219848394394,0.1,7.32
12.61768078431487,0.11,7.33
12.61912977695465,0.06,7.31
12.620571374893188,-0.01,7.33
12.621988490223885,-0.07,7.34
12.62350158393383,-0.07,7.36
12.624833796173334,0.04,7.33
12.626406040042639,0.07,7.31
12.627856682986021,0.02,7.3
12.629314966499805,-0.03,7.29
12.630777187645435,-0.0,7.32
12.632169932126999,0.05,7.36
12.63363629579544,0.08,7.35
12.635130748152733,0.1,7.34
12.636600360274315,0.09,7.32
12.638048075139523,0.06,7.32
12.639416135847569,0.15,7.27
12.640914250165224,0.16,7.28
12.642418153584003,0.05,7.35
12.643881656229496,0.03,7.33
12.64528238400817,0.15,7.32
12.646774020045996,0.22,7.29
12.648125853389502,0.14,7.3
12.64965533837676,0.05,7.3
12.651147909462452,0.1,7.3
12.652600526809692,0.21,7.3
12.654049597680569,0.28,7.27
12.655505776405334,0.29,7.27
12.656959906220436,0.2,7.3
12.65840120241046,0.15,7.27
12.659871846437454,0.15,7.26
12.661329057067633,0.11,7.27
12.662782438099384,0.08,7.23
12.664237171411514,0.08,7.24
12.66569011285901,0.09,7.22
12.667148746550083,0.08,7.23
12.668567266315222,0.05,7.24
12.6700509339571,0.05,7.22
12.67144238948822,0.09,7.25
12.67295927926898,0.1,7.3
12.674424607306719,0.1,7.27
12.67586574330926,0.09,7.24
12.677335280925035,0.12,7.22
12.678775396198034,0.14,7.2
12.680238481611013,0.14,7.18
12.6816870495677,0.14,7.18
12.683143526315689,0.12,7.18
12.684566590934992,0.07,7.22
12.686046484857798,0.04,7.21
12.687505021691322,0.02,7.17
12.688967671245337,0.01,7.19
12.690427407622337,-0.0,7.2
12.691857904195786,-0.01,7.22
12.693332877010107,-0.03,7.22
12.69474821537733,-0.04,7.24
12.696220226585865,-0.02,7.18
12.697590593248606,-0.01,7.16
12.699146468192339,-0.01,7.18
12.700606040656567,-0.01,7.2
12.702051691710949,-0.01,7.19
12.703528378158808,-0.01,7.19
12.704833004623652,-0.01,7.16
12.706405058503151,-0.01,7.17
12.707886345684528,-0.01,7.18
12.70933497697115,-0.01,7.14
12.71079284325242,-0.01,7.19
12.712252970784903,-0.01,7.2
12.713708326220512,-0.01,7.18
12.7151481769979,-0.01,7.15
12.716568518429995,-0.01,7.15
12.718075163662434,-0.01,7.19
12.71950151026249,-0.01,7.18
12.720976684242487,-0.01,7.16
12.722435604780912,-0.01,7.22
12.723864052444696,-0.01,7.21
12.725293524563313,-0.01,7.18
12.726779490709305,-0.01,7.22
12.728261142969131,-0.01,7.2
12.729708045721054,-0.01,7.19
12.731149602681398,-0.01,7.18
12.732618931680918,-0.01,7.17
12.734006214886904,-0.01,7.14
12.735468197613955,-0.01,7.16
12.736962266266346,-0.01,7.16
12.738440819084644,-0.01,7.14
12.739893071353436,-0.01,7.15
12.741297733038664,-0.01,7.17
12.74280072376132,-0.01,7.16
12.744249977171421,-0.01,7.1
12.745702266693115,-0.01,7.15
12.747148007154465,-0.01,7.17
12.748568806797266,-0.01,7.13
12.750073377043009,-0.01,7.11
12.751446653157473,-0.01,7.11
12.752922527492046,-0.01,7.11
12.75443872436881,-0.01,7.12
12.755856707692146,-0.01,7.1
12.757346257567406,-0.01,7.11
12.758811064064503,-0.01,7.14
12.76023756340146,-0.01,7.14
12.761729948222637,-0.01,7.12
12.763169057667255,-0.01,7.13
12.76462122797966,-0.01,7.08
12.766078285872936,-0.01,7.07
12.767516884952784,-0.01,7.07
12.768989514559507,-0.01,7.05
12.770437087863684,-0.01,7.02
12.771908190101385,-0.01,7.01
12.773352038115263,-0.01,7.01
12.774762906134129,-0.01,7.02
12.776128258556128,-0.01,7.04
12.777706407010555,-0.01,7.01
12.779175005853176,-0.01,7.01
12.780599817633629,-0.01,7.02
12.782075304538012,-0.01,6.98
12.783455446362495,-0.01,6.98
12.78494981303811,-0.01,6.99
12.786447890102863,-0.01,7.03
12.787858661264181,-0.01,7.01
12.789365723729134,-0.01,7.0
12.79074315726757,-0.01,7.0
12.79226091131568,-0.01,6.99
12.793726988136768,-0.01,7.0
12.795172199606895,-0.01,7.01
12.796625006943941,-0.01,6.96
12.798094123601913,-0.01,6.96
12.799547657370567,-0.01,6.96
12.80099879950285,-0.01,6.97
12.802438087761402,-0.01,7.0
12.803902044892311,-0.01,6.95
12.805328976362944,-0.01,6.94
12.80681636929512,-0.01,6.92
12.808278575539589,-0.01,6.95
12.809727519750595,-0.01,6.97
12.811185792088509,-0.01,6.99
12.812568195164204,-0.01,6.98
12.814096078276634,-0.01,6.96
12.815412890166044,-0.01,6.96
12.816993698477745,-0.01,6.95
12.818460647016764,-0.01,6.94
12.819914478808641,-0.01,6.94
12.82137043401599,-0.01,6.92
12.82282104715705,-0.01,6.9
12.824195101857185,-0.01,6.95
12.825727116316557,-0.01,6.98
12.82718988507986,-0.01,6.99
12.828570872545242,-0.01,6.95
12.830088522285223,-0.01,6.94
12.831559773534536,-0.01,6.95
12.83300318941474,-0.01,6.98
12.834442868828773,-0.01,7.01
12.835899945348501,-0.01,6.98
12.83736851066351,-0.01,6.92
12.838789604604244,-0.0,6.93
12.840208820998669,-0.01,6.99
12.841726567596197,-0.01,7.0
12.843192357569933,-0.01,7.02
12.844635922461748,-0.01,6.97
12.846102055162191,-0.01,6.94
12.847450993955135,-0.01,6.94
12.849025633186102,-0.03,6.97
12.850471660494804,-0.34,6.98
12.851920623332262,-0.75,6.98
12.853382367640734,-0.41,6.95
12.854746516793966,0.02,6.97
12.85628965869546,-0.01,6.95
12.857732497155666,-0.01,6.97
12.859149910509586,-0.01,6.97
12.86065760999918,-0.01,6.95
12.862110208719969,-0.01,6.95
12.863508377224207,-0.01,6.97
12.86501806601882,-0.01,6.97
12.866473890841007,-0.01,6.98
12.867899652570486,-0.01,7.01
12.869384221732616,-0.01,6.99
12.870708752423525,-0.01,6.95
12.87230283766985,-0.01,6.93
12.87373075261712,-0.01,6.93
12.875196184962988,-0.01,6.95
12.876654356718063,-0.01,6.97
12.878106087446213,-0.01,6.99
12.879477854818106,-0.01,7.01
12.881016097962856,-0.01,7.0
12.882478259503841,-0.01,7.02
12.883864898234606,-0.01,7.02
12.885384749621153,-0.01,7.01
12.886790782213211,-0.01,7.02
12.888305027037859,-0.01,7.05
12.88974842056632,-0.01,7.03
12.891202911734581,-0.01,7.01
12.892669092863798,-0.01,7.01
12.894108980894089,-0.01,7.04
12.895566083490849,-0.01,7.04
12.897036287933588,-0.01,7.03
12.898474473506212,-0.01,6.98
12.89992805570364,-0.01,6.99
12.901389308273792,-0.01,7.03
12.902846612036228,-0.01,7.05
12.904290910810232,-0.01,7.08
12.905750833451748,-0.01,7.09
12.907187793403864,-0.01,7.1
12.908659532666206,-0.01,7.03
12.910000029951334,-0.01,7.05
12.911423277109861,-0.01,7.07
12.913020003587008,-0.01,7.06
12.914444833993912,-0.01,7.08
12.91592402011156,-0.01,7.12
12.9173868522048,-0.01,7.09
12.918797723948956,-0.01,7.09
12.920284796506166,-0.01,7.13
12.921745967119932,-0.01,7.14
12.923199500888586,-0.01,7.15
12.924659814685583,-0.01,7.14
12.926051579415798,-0.01,7.12
12.927567653357983,-0.01,7.09
12.929022077471018,-0.01,7.1
12.930444724857807,-0.01,7.13
12.931898761540651,-0.01,7.12
12.933384407311678,-0.01,7.15
12.934854291379452,-0.01,7.15
12.936306905001402,-0.01,7.16
12.937734611332417,-0.01,7.15
12.939214173704386,-0.01,7.15
12.940667361021042,-0.01,7.18
12.94212681055069,-0.01,7.18
12.943445786833763,-0.01,7.17
12.945023406296968,-0.01,7.17
12.946489300578833,-0.01,7.17
12.947929862886667,-0.01,7.2
12.949396096169949,-0.01,7.14
12.950746167451143,-0.01,7.13
12.95230646431446,-0.01,7.2
12.95375058054924,-0.01,7.24
12.95519931614399,-0.01,7.22
12.956676453351974,-0.01,7.21
12.957998089492321,-0.01,7.19
12.959566328674555,-0.01,7.23
12.961037285625935,-0.01,7.29
12.962487045675516,-0.01,7.27
12.963969714939594,-0.01,7.25
12.96540466323495,-0.01,7.24
12.966811891645193,-0.01,7.23
12.968306828290224,-0.01,7.27
12.969765439629555,-0.01,7.27
12.971215784549713,-0.01,7.2
12.972674895077944,-0.01,7.25
12.97408827021718,-0.01,7.26
12.975584734231234,-0.01,7.26
12.977034781128168,-0.01,7.29
12.978492889553308,-0.01,7.27
12.979938849806786,-0.01,7.29
12.981364756822586,-0.01,7.32
12.982858806848526,-0.01,7.3
12.984312482178211,-0.01,7.31
12.985767684876919,-0.01,7.31
12.98720708489418,-0.01,7.34
12.988685313612223,-0.01,7.35
12.990085553377867,-0.01,7.31
12.991590417921543,-0.01,7.28
12.993040200322866,-0.01,7.34
12.994496181607246,-0.01,7.37
12.995953187346458,-0.01,7.35
12.997339352965355,-0.01,7.31
12.99881910532713,-0.01,7.3
13.000314265489578,-0.01,7.31
13.001766745001078,-0.01,7.35
13.003154564648867,-0.01,7.34
13.004664324223995,-0.01,7.31
13.006141044199467,-0.01,7.29
13.007550850510597,-0.01,7.34
13.009051013737917,-0.01,7.36
13.010506086051464,-0.01,7.35
13.011927977204323,-0.01,7.33
13.01328557729721,-0.01,7.36
13.014868527650833,-0.01,7.36
13.016312018036842,-0.01,7.36
13.017780624330044,-0.01,7.39
13.019193399697542,-0.01,7.44
13.020687270909548,-0.01,7.44
13.021997392177582,-0.01,7.41
13.023598998785019,-0.01,7.39
13.025053180754185,-0.01,7.4
13.026486299932003,-0.01,7.4
13.027967810630798,-0.01,7.41
13.029337096959352,-0.01,7.43
13.030746046453714,-0.01,7.42
13.032308246940374,-0.01,7.41
13.033736534416676,-0.01,7.4
13.035179547965527,-0.01,7.39
13.036577466875315,-0.01,7.41
13.038107570260763,-0.01,7.42
13.039600867778063,-0.01,7.44
13.04101886227727,-0.01,7.46
13.042447719722986,-0.01,7.44
13.043868318200111,-0.01,7.48
13.04528957605362,-0.01,7.51
13.046802833676338,-0.01,7.5
13.048309568315744,-0.01,7.47
13.04973428696394,-0.01,7.46
13.051152668893337,-0.01,7.46
13.052652671933174,-0.01,7.44
13.053998231887817,-0.01,7.5
13.055597610771656,-0.01,7.51
13.057021524757147,-0.01,7.51
13.05844559147954,-0.01,7.55
13.059870399534702,-0.01,7.56
13.061322461813688,-0.01,7.54
13.062894590198994,-0.01,7.52
13.064312864094973,-0.01,7.53
13.065790820866823,-0.01,7.51
13.06724975258112,-0.01,7.5
13.068703088909388,-0.01,7.52
13.070016238838434,-0.01,7.51
13.071602310985327,-0.01,7.47
13.07302800193429,-0.01,7.49
13.074526473879814,-0.01,7.54
13.075905092060566,-0.01,7.52
13.077431488782167,-0.01,7.53
13.078734789043665,-0.01,7.53
13.080333098769188,-0.01,7.52
13.081735074520111,-0.01,7.49
13.083237759768963,-0.01,7.46
13.084664303809404,-0.01,7.47
13.086155220866203,-0.01,7.49
13.087605115026236,-0.01,7.49
13.089027509093285,-0.01,7.49
13.090445835143328,-0.01,7.47
13.09193291887641,-0.01,7.5
13.093375958502293,-0.01,7.49
13.094891499727964,-0.01,7.5
13.096314575523138,-0.01,7.55
13.097737703472376,-0.01,7.52
13.099215991795063,-0.01,7.48
13.100703749805689,-0.01,7.49
13.102002207189798,-0.01,7.52
13.103598356246948,-0.01,7.52
13.105026472359896,-0.01,7.51
13.106489025056362,-0.01,7.49
13.107869811356068,-0.01,7.49
13.10942579805851,-0.01,7.5
13.110896434634924,-0.01,7.54
13.112313568592072,-0.01,7.59
13.113765303045511,-0.01,7.57
13.115178145468235,-0.01,7.52
13.116583369672298,-0.01,7.57
13.11807968840003,-0.01,7.59
13.119604479521513,-0.01,7.57
13.121062077581882,-0.01,7.58
13.122527558356524,-0.01,7.57
13.123935300856829,-0.01,7.53
13.125370346009731,-0.01,7.53
13.126843694597483,-0.01,7.57
13.128317847847939,-0.01,7.52
13.129781689494848,-0.01,7.51
13.131213266402483,-0.01,7.53
13.13266534730792,-0.01,7.59
13.134048841893673,-0.01,7.59
13.135626576840878,-0.01,7.57
13.137025602161884,-0.01,7.56
13.138528667390347,-0.01,7.57
13.13998058065772,-0.01,7.63
13.14139635488391,-0.01,7.63
13.14289977774024,-0.01,7.6
13.14434503018856,-0.01,7.57
13.145792912691832,-0.01,7.57
13.147219732403755,-0.01,7.55
13.14858928695321,-0.01,7.59
13.15013450011611,-0.01,7.64
13.151606872677803,-0.01,7.6
13.153059467673302,-0.01,7.59
13.154447972774506,-0.01,7.6
13.155982557684183,-0.01,7.65
13.157293155789375,-0.01,7.63
13.158894672989845,-0.01,7.62
13.16035681962967,-0.01,7.6
13.161801598966122,-0.01,7.56
13.163157518953085,-0.01,7.6
13.16466323286295,-0.01,7.58
13.166028685867786,-0.01,7.59
13.167604338377714,-0.01,7.63
13.169027723371983,-0.01,7.59
13.170482896268368,-0.01,7.62
13.171871185302734,-0.01,7.61
13.173441793769598,-0.01,7.57
13.174892008304596,-0.01,7.56
13.176311664283276,-0.01,7.54
13.177739817649126,-0.01,7.54
13.179239932447672,-0.01,7.55
13.180633541196585,-0.01,7.56
13.182132925838232,-0.01,7.58
13.183603547513485,-0.01,7.58
13.185078267008066,-0.01,7.62
13.186448954045773,-0.01,7.6
13.187996823340654,-0.01,7.56
13.189289957284927,-0.01,7.55
13.190891169011593,-0.01,7.55
13.192320093512535,-0.01,7.55
13.193735755980015,-0.01,7.57
13.195157118141651,-0.01,7.58
13.196665287017822,-0.01,7.55
13.198178425431252,-0.01,7.56
13.199608754366636,-0.01,7.56
13.20103321224451,-0.01,7.57
13.202511016279459,-0.01,7.6
13.203870452940464,-0.01,7.6
13.20540002733469,-0.01,7.59
13.206889979541302,-0.01,7.58
13.20831349119544,-0.01,7.6
13.209741432219744,-0.01,7.61
13.211238659918308,-0.01,7.57
13.212587546557188,-0.01,7.55
13.214181911200285,-0.01,7.55
13.215605065226555,-0.01,7.57
13.217060148715973,-0.01,7.58
13.218532502651215,-0.01,7.59
13.219980344176292,-0.01,7.59
13.221295721828938,-0.01,7.57
13.222892951220274,-0.01,7.57
13.224353842437267,-0.01,7.56
13.225786443799734,-0.01,7.54
13.227161273360252,-0.01,7.57
13.228682704269886,-0.01,7.58
13.230181630700827,-0.01,7.58
13.231600940227509,-0.01,7.58
13.233028277754784,-0.01,7.58
13.234505366533995,-0.01,7.59
13.235874313861132,-0.01,7.61
13.237420998513699,-0.01,7.62
13.238896571099758,-0.01,7.58
13.240362145006657,-0.01,7.57
13.241737090051174,-0.01,7.57
13.24327090010047,-0.01,7.6
13.244636625051498,-0.01,7.58
13.246182534843683,-0.01,7.55
13.247614480555058,-0.01,7.56
13.249028090387583,-0.02,7.57
13.250452741980553,-0.01,7.63
13.251909412443638,-0.01,7.64
13.253354147076607,-0.02,7.62
13.25490641221404,-0.01,7.63
13.256314247846603,-0.01,7.71
13.25782074034214,-0.01,7.64
13.259172346442938,-0.01,7.6
13.260731305927038,-0.01,7.6
13.262187764048576,-0.01,7.6
13.263637155294418,-0.02,7.59
13.26502763479948,-0.02,7.59
13.26655551418662,-0.02,7.57
13.268000338226557,-0.01,7.62
13.269298166036606,-0.01,7.62
13.270898807793856,-0.02,7.63
13.272360149770975,-0.01,7.61
13.273785423487425,-0.01,7.59
13.275249242782593,-0.02,7.61
13.276688486337662,-0.01,7.62
13.278188053518534,-0.02,7.65
13.279607199132442,-0.02,7.63
13.281066931784153,-0.02,7.65
13.282466385513544,-0.02,7.62
13.283872470259666,-0.01,7.6
13.285475581884384,-0.01,7.61
13.286895021796227,-0.01,7.63
13.288342598825693,-0.01,7.67
13.289739478379488,-0.01,7.68
13.291233006864786,-0.01,7.67
13.292581010609865,-0.01,7.64
13.294182155281305,-0.01,7.67
13.295645780861378,-0.02,7.7
13.297049459069967,-0.02,7.67
13.2984568066895,-0.02,7.62
13.299957264214754,-0.02,7.63
13.301476083695889,-0.01,7.65
13.302929390221834,-0.01,7.62
13.304321240633726,-0.02,7.64
13.305813506245613,-0.02,7.62
13.30716634169221,-0.01,7.64
13.308728236705065,-0.01,7.66
13.310186717659235,-0.02,7.6
13.311637178063393,-0.02,7.61
13.313026785850525,-0.02,7.65
13.314557485282421,-0.02,7.64
13.315871316939592,-0.02,7.62
13.317484505474567,-0.02,7.63
13.318892046809196,-0.02,7.64
13.320356249809265,-0.02,7.63
13.321737561374903,-0.02,7.61
13.323269128799438,-0.02,7.61
13.324762094765902,-0.02,7.62
13.326183259487152,-0.02,7.65
13.327610809355974,-0.02,7.62
13.329087302088737,-0.02,7.64
13.330508667975664,-0.02,7.66
13.332026205956936,-0.02,7.62
13.333473470062017,-0.02,7.59
13.334901444613934,-0.02,7.6
13.33638196066022,-0.02,7.6
13.337816961109638,-0.01,7.58
13.339167717844248,-0.01,7.63
13.34076226875186,-0.02,7.61
13.342186953872442,-0.02,7.57
13.343635622411966,-0.02,7.52
13.345130573958158,-0.02,7.6
13.346573803573847,-0.02,7.65
13.347872890532017,-0.02,7.63
13.349475540220737,-0.02,7.61
13.350901819765568,-0.02,7.58
13.352323267608881,-0.02,7.6
13.353832967579365,-0.02,7.58
13.355316169559956,-0.02,7.55
13.356762774288654,-0.02,7.59
13.358213275671005,-0.02,7.63
13.359634526073933,-0.02,7.62
13.361091412603855,-0.02,7.64
13.362456388771534,-0.02,7.58
13.363969296216965,-0.02,7.55
13.365479942411184,-0.02,7.59
13.366895005106926,-0.02,7.59
13.368401411920786,-0.02,7.61
13.369752433151007,-0.02,7.59
13.371308282017708,-0.02,7.62
13.372761115431786,-0.02,7.63
13.374223001301289,-0.02,7.63
13.375610772520304,-0.02,7.63
13.377119787037373,-0.02,7.69
13.378459565341473,-0.02,7.7
13.37996094673872,-0.02,7.66
13.381508506834507,-0.02,7.63
13.382928285747766,-0.02,7.63
13.38434662669897,-0.02,7.59
13.385749254375696,-0.02,7.59
13.387276075780392,-0.02,7.58
13.388762392103672,-0.02,7.56
13.390185747295618,-0.02,7.61
13.391605746001005,-0.02,7.62
13.393091924488544,-0.02,7.57
13.394453521817923,-0.02,7.56
13.395994298160076,-0.02,7.59
13.397481869906187,-0.02,7.55
13.398926321417093,-0.02,7.58
13.400322567671537,-0.02,7.61
13.401852905750275,-0.02,7.62
13.403164025396109,-0.02,7.63
13.404767919331789,-0.02,7.61
13.406222116202116,-0.02,7.59
13.4076096303761,-0.02,7.59
13.409028980880976,-0.02,7.59
13.410591833293438,-0.02,7.57
13.411920454353094,-0.02,7.61
13.413479048758745,-0.02,7.64
13.414902579039335,-0.02,7.63
13.416409637778997,-0.02,7.64
13.417741671204567,-0.02,7.62
13.41932087764144,-0.02,7.58
13.42076863721013,-0.02,7.6
13.422233633697033,-0.02,7.61
13.42361244931817,-0.02,7.61
13.425146587193012,-0.02,7.62
13.42648471146822,-0.02,7.6
13.428052961826324,-0.02,7.64
13.429479919373989,-0.02,7.65
13.430958308279514,-0.02,7.57
13.432317990809679,-0.02,7.56
13.433876276016235,-0.02,7.61
13.435313988476992,-0.02,7.63
13.436766233295202,-0.02,7.63
13.438192076981068,-0.02,7.63
13.4396928884089,-0.02,7.59
13.44105862826109,-0.02,7.56
13.442560400813818,-0.02,7.55
13.44405535236001,-0.02,7.58
13.44547924399376,-0.02,7.63
13.446899093687534,-0.02,7.59
13.448404673486948,-0.02,7.59
13.44981760904193,-0.02,7.61
13.451296288520098,-0.02,7.59
13.452770002186298,-0.02,7.6
13.454243306070566,-0.02,7.61
13.455699760466814,-0.02,7.57
13.45715320110321,-0.02,7.56
13.458602879196405,-0.02,7.57
13.460056148469448,-0.02,7.62
13.46149019151926,-0.02,7.61
13.462960179895163,-0.02,7.62
13.464321106672287,-0.02,7.55
13.465742018073797,-0.02,7.53
13.467346403747797,-0.02,7.56
13.468769382685423,-0.02,7.58
13.470241516828537,-0.02,7.56
13.471611749380827,-0.02,7.6
13.473158456385136,-0.02,7.6
13.474457580596209,-0.02,7.61
13.476059302687645,-0.02,7.64
13.477480415254831,-0.02,7.63
13.478899329900742,-0.02,7.66
13.480322569608688,-0.02,7.61
13.481823459267616,-0.02,7.6
13.483342941850424,-0.02,7.61
13.484794970601797,-0.02,7.6
13.486186027526855,-0.02,7.58
13.487693179398775,-0.02,7.59
13.489033594727516,-0.02,7.62
13.490605521947145,-0.02,7.63
13.492052365094423,-0.02,7.65
13.493511024862528,-0.02,7.66
13.494902987033129,-0.02,7.67
13.496409386396408,-0.02,7.67
13.497772075235844,-0.02,7.65
13.499347932636738,-0.02,7.66
13.500794794410467,-0.02,7.65
13.502190098166466,-0.02,7.63
13.50370366498828,-0.02,7.61
13.50508727133274,-0.02,7.6
13.506527174264193,-0.02,7.62
13.50805352628231,-0.02,7.65
13.509481780230999,-0.02,7.65
13.510981138795614,-0.02,7.62
13.512328028678894,-0.02,7.61
13.51385984197259,-0.02,7.6
13.51534416899085,-0.02,7.62
13.516764346510172,-0.02,7.62
13.51821955665946,-0.02,7.65
13.519699208438396,-0.02,7.62
13.521034739911556,-0.02,7.58
13.522516187280416,-0.02,7.6
13.52405945211649,-0.02,7.6
13.525484248995781,-0.02,7.6
13.526898797601461,-0.02,7.63
13.528348084539175,-0.02,7.62
13.52988462522626,-0.02,7.6
13.531348034739494,-0.02,7.58
13.5327651463449,-0.02,7.59
13.53418718278408,-0.02,7.58
13.535704661160707,-0.02,7.6
13.537049889564514,-0.02,7.6
13.53854526206851,-0.02,7.58
13.540061343461275,-0.02,7.59
13.541487291455269,-0.02,7.56
13.542977344244719,-0.02,7.55
13.544399127364159,-0.02,7.55
13.545802243053913,-0.02,7.56
13.547343719750643,-0.02,7.57
13.548794537782669,-0.02,7.59
13.5502475425601,-0.02,7.55
13.551639337092638,-0.02,7.53
13.55303904786706,-0.02,7.56
13.554570861160755,-0.02,7.59
13.55605898052454,-0.02,7.56
13.557477168738842,-0.02,7.56
13.558956392109394,-0.02,7.54
13.560408625751734,-0.02,7.55
13.561797089874744,-0.02,7.55
13.563316132873297,-0.02,7.57
13.564772803336382,-0.02,7.57
13.566197212785482,-0.02,7.54
13.56761335209012,-0.02,7.54
13.569134417921305,-0.02,7.53
13.57048337906599,-0.02,7.55
13.572055831551552,-0.02,7.52
13.573484487831593,-0.02,7.54
13.574957024306059,-0.02,7.58
13.576336316764355,-0.02,7.54
13.577818170189857,-0.02,7.52
13.579251881688833,-0.02,7.52
13.580768916755915,-0.02,7.51
13.58219899609685,-0.02,7.5
13.58369729667902,-0.02,7.5
13.585155960172415,-0.02,7.5
13.586593996733427,-0.02,7.49
13.588057346642017,-0.02,7.45
13.5894794203341,-0.02,7.48
13.590988621115685,-0.02,7.48
13.592328853905201,-0.02,7.45
13.593850675970316,-0.02,7.45
13.595265805721283,-0.02,7.48
13.596768636256456,-0.02,7.45
13.598193664103746,-0.02,7.43
13.59961598739028,-0.02,7.46
13.601090803742409,-0.02,7.48
13.602458719164133,-0.02,7.46
13.604060973972082,-0.02,7.46
13.605500638484955,-0.02,7.43
13.606907986104488,-0.02,7.43
13.608323242515326,-0.02,7.42
13.609806966036558,-0.02,7.44
13.611348569393158,-0.02,7.42
13.612771574407816,-0.02,7.41
13.614191304892302,-0.02,7.41
13.615695007145405,-0.02,7.4
13.617038883268833,-0.02,7.4
13.61855761706829,-0.02,7.41
13.620062734931707,-0.02,7.38
13.621480323374271,-0.02,7.39
13.62290645763278,-0.02,7.43
13.624368999153376,-0.02,7.42
13.625752292573452,-0.01,7.43
13.62734854593873,-0.02,7.42
13.62877344340086,-0.02,7.39
13.63022929430008,-0.02,7.41
13.631616115570068,-0.02,7.45
13.633140865713358,-0.02,7.44
13.63445956632495,-0.02,7.43
13.636077769100666,-0.02,7.44
13.637482736259699,-0.02,7.45
13.638975691050291,-0.02,7.48
13.640356674790382,-0.02,7.48
13.641888450831175,-0.02,7.47
13.643347978591919,-0.02,7.46
13.644795652478933,-0.02,7.47
13.646228291094303,-0.02,7.47
13.647721130400896,-0.02,7.41
13.64906470477581,-0.02,7.39
13.650605116039515,-0.02,7.41
13.652056984603405,-0.02,7.41
13.653516557067633,-0.02,7.43
13.65495427325368,-0.02,7.44
13.656407862901688,-0.02,7.46
13.657785322517157,-0.02,7.48
13.659353457391262,-0.02,7.46
13.660774782299995,-0.02,7.43
13.66228349879384,-0.02,7.44
13.6637031622231,-0.02,7.42
13.665036257356405,-0.01,7.44
13.6666248627007,-0.01,7.47
13.66806223988533,-0.02,7.49
13.66948264464736,-0.02,7.45
13.670905128121376,-0.02,7.45
13.672373343259096,-0.01,7.5
13.67374911159277,-0.01,7.46
13.675349775701761,-0.02,7.48
13.67681572213769,-0.02,7.54
13.678198732435703,-0.02,7.51
13.679721966385841,-0.02,7.49
13.6810781955719,-0.02,7.47
13.682459775358438,-0.02,7.46
13.68406492099166,-0.02,7.47
13.685549292713404,-0.01,7.46
13.687001165002584,-0.01,7.47
13.688326142728329,-0.01,7.49
13.689813818782568,-0.02,7.55
13.691349685192108,-0.01,7.52
13.692768469452858,-0.02,7.5
13.69419627636671,-0.02,7.54
13.69564899429679,-0.02,7.54
13.697040222585201,-0.02,7.55
13.698639713227749,-0.02,7.53
13.700065921992064,-0.02,7.54
13.701485894620419,-0.02,7.59
13.702913671731949,-0.02,7.55
13.704416774213314,-0.02,7.51
13.70575112476945,-0.02,7.48
13.707371469587088,-0.02,7.5
13.708777703344822,-0.01,7.54
13.710279904305935,-0.01,7.57
13.711635835468769,-0.02,7.61
13.71319380775094,-0.01,7.6
13.714641753584146,-0.01,7.56
13.716100759804249,-0.01,7.56
13.717543929815292,-0.02,7.58
13.718906059861183,-0.01,7.58
13.72034826502204,-0.02,7.58
13.721756748855114,-0.02,7.63
13.723348416388035,-0.02,7.61
13.724777609109879,-0.02,7.58
13.726197607815266,-0.01,7.57
13.727746743708849,-0.02,7.56
13.729120925068855,-0.02,7.52
13.730643510818481,-0.02,7.58
13.73206302523613,-0.02,7.59
13.733485091477633,-0.02,7.56
13.734974510967731,-0.01,7.58
13.736474186182022,-0.02,7.62
13.737802952528,-0.02,7.62
13.739354319870472,-0.02,7.62
13.74077446386218,-0.02,7.62
13.742199826985598,-0.02,7.63
13.743622366338968,-0.02,7.64
13.745193723589182,-0.02,7.62
13.746643606573343,-0.02,7.63
13.748061243444681,-0.02,7.61
13.74948887526989,-0.02,7.62
13.751013122498989,-0.02,7.64
13.752377647906542,-0.02,7.63
13.753922559320927,-0.02,7.65
13.755351725965738,-0.02,7.68
13.756822992116213,-0.02,7.66
13.758220318704844,-0.02,7.61
13.759742084890604,-0.02,7.63
13.761077724397182,-0.02,7.66
13.76266011968255,-0.02,7.65
13.76411548256874,-0.02,7.62
13.765527449548244,-0.02,7.62
13.76700560003519,-0.02,7.63
13.768474783748388,-0.02,7.64
13.769928004592657,-0.02,7.67
13.771374590694904,-0.02,7.64
13.772777650505304,-0.02,7.57
13.774291589856148,-0.02,7.66
13.775633975863457,-0.02,7.67
13.77712507545948,-0.02,7.63
13.778642818331718,-0.02,7.6
13.780064355581999,-0.02,7.66
13.781485453248024,-0.02,7.65
13.782991383224726,-0.02,7.64
13.784491911530495,-0.02,7.63
13.78593459352851,-0.02,7.66
13.787388049066067,-0.02,7.64
13.788847118616104,-0.02,7.63
13.790195934474468,-0.02,7.61
13.791682906448841,-0.01,7.61
13.793044812977314,-0.01,7.63
13.794641189277172,-0.01,7.66
13.796097934246063,-0.02,7.63
13.797547120600939,-0.01,7.62
13.798956952989101,-0.01,7.62
13.80042851343751,-0.01,7.59
13.80193218961358,-0.01,7.61
13.80336094647646,-0.01,7.63
13.804837487637997,-0.01,7.63
13.806310012936592,-0.01,7.58
13.807762183248997,-0.01,7.62
13.809219278395176,-0.01,7.64
13.810648038983345,-0.01,7.62
13.812062118202448,-0.01,7.61
13.813554164022207,-0.01,7.62
13.815037321299314,-0.01,7.61
13.816483844071627,-0.01,7.62
13.817931108176708,-0.01,7.63
13.819381553679705,-0.01,7.61
13.820816565304995,-0.01,7.61
13.82226013764739,-0.01,7.62
13.823773004114628,-0.01,7.62
13.825222093611956,-0.01,7.6
13.826676242053509,-0.01,7.64
13.828064911067486,-0.01,7.62
13.829536970704794,-0.01,7.63
13.830962054431438,-0.01,7.62
13.832419764250517,-0.01,7.56
13.833932034671307,-0.01,7.62
13.835356511175632,-0.01,7.62
13.83685552328825,-0.01,7.62
13.838194992393255,-0.01,7.63
13.83969445899129,-0.01,7.62
13.841220796108246,-0.01,7.58
13.842645395547152,-0.01,7.64
13.844061400741339,-0.01,7.62
13.845520086586475,-0.01,7.6
13.84691734611988,-0.01,7.61
13.848472751677036,-0.01,7.6
13.849952790886164,-0.01,7.59
13.851383350789547,-0.01,7.65
13.852778311818838,-0.01,7.63
13.854230716824532,-0.01,7.64
13.85578502342105,-0.01,7.59
13.857217703014612,-0.01,7.53
13.858644600957632,-0.01,7.56
13.860138762742281,-0.01,7.6
13.861492101103067,-0.01,7.6
13.862961612641811,-0.01,7.63
13.864331930875778,-0.01,7.67
13.865929737687111,-0.01,7.66
13.867395225912333,-0.01,7.61
13.868789695203304,-0.01,7.63
13.87019968032837,-0.01,7.6
13.871739454567432,-0.01,7.61
13.873221721500158,-0.01,7.58
13.874647870659828,-0.01,7.57
13.876101650297642,-0.01,7.58
13.877542607486248,-0.01,7.58
13.878950145095587,-0.01,7.57
13.880447395145893,-0.01,7.55
13.881936449557543,-0.01,7.53
13.883363597095013,-0.01,7.57
13.884775698184967,-0.01,7.55
13.886282231658697,-0.01,7.53
13.88765974342823,-0.01,7.52
13.889218781143427,-0.01,7.55
13.890648700296879,-0.01,7.52
13.89208384230733,-0.01,7.52
13.893489725887775,-0.01,7.5
13.894987355917692,-0.01,7.49
13.896512921899557,-0.01,7.5
13.897930946201086,-0.01,7.47
13.899416342377663,-0.01,7.45
13.900878496468067,-0.01,7.43
13.90220208093524,-0.01,7.44
13.903753701597452,-0.01,7.46
13.905226696282625,-0.01,7.48
13.906759612262249,-0.01,7.45
13.908152163028717,-0.01,7.48
13.909557156264782,-0.01,7.48
13.910955507308245,-0.01,7.44
13.912515509873629,-0.01,7.43
13.913935746997595,-0.01,7.43
13.91535796970129,-0.01,7.48
13.916818775236607,-0.01,7.44
13.91826393455267,-0.01,7.46
13.919705584645271,-0.01,7.44
13.921221241354942,-0.01,7.46
13.92264598980546,-0.01,7.46
13.924114979803562,-0.01,7.44
13.925520919263363,-0.01,7.43
13.926997486501932,-0.01,7.42
13.928511559963226,-0.01,7.4
13.929932720959187,-0.01,7.45
13.93135342374444,-0.01,7.45
13.93283011764288,-0.01,7.44
13.934257246553898,-0.01,7.47
13.935786057263613,-0.02,7.45
13.937219701707363,-0.02,7.41
13.938685964792967,-0.01,7.45
13.94011440873146,-0.02,7.44
13.941552512347698,-0.02,7.4
13.942962817847729,-0.02,7.39
13.944525018334389,-0.02,7.41
13.945934195071459,-0.02,7.43
13.947413086891174,-0.02,7.42
13.948780123144388,-0.02,7.44
13.950283396989107,-0.02,7.41
13.951802227646112,-0.02,7.42
13.953221682459116,-0.02,7.45
13.954712621867657,-0.02,7.43
13.956120569258928,-0.02,7.43
13.957493554800749,-0.02,7.39
13.959122516214848,-0.02,7.39
13.960517026484013,-0.02,7.4
13.961949978023767,-0.02,7.38
13.963432468473911,-0.02,7.39
13.96486995369196,-0.02,7.38
13.966204535216093,-0.02,7.34
13.967797890305519,-0.02,7.4
13.969227079302073,-0.02,7.41
13.970706965774298,-0.02,7.42
13.972068838775158,-0.02,7.38
13.973604708909988,-0.02,7.39
13.974920272827148,-0.02,7.37
13.976510889828205,-0.02,7.38
13.977937921881676,-0.02,7.37
13.97944588959217,-0.02,7.35
13.980878226459026,-0.02,7.39
13.98235485702753,-0.02,7.4
13.983802642673254,-0.02,7.4
13.985225103795528,-0.02,7.41
13.986712649464607,-0.02,7.39
13.988072644919157,-0.02,7.38
13.989529211074114,-0.02,7.36
13.991080660372972,-0.02,7.38
13.99251851066947,-0.02,7.4
13.99394078925252,-0.02,7.42
13.995438572019339,-0.02,7.44
13.996836490929127,-0.02,7.41
13.998272366821766,-0.02,7.41
13.999819323420525,-0.02,7.42
14.001264214515686,-0.02,7.4
14.002645302563906,-0.02,7.42
14.004119981080294,-0.02,7.39
14.005494643002748,-0.02,7.4
14.006976660341024,-0.02,7.42
14.00852208212018,-0.02,7.41
14.009977281093597,-0.02,7.39
14.011449422687292,-0.02,7.42
14.01280801743269,-0.02,7.41
14.014206189662218,-0.02,7.44
14.015801958739758,-0.02,7.41
14.017229363322258,-0.02,7.35
14.018652945756912,-0.02,7.37
14.02007096260786,-0.02,7.38
14.021575447171926,-0.02,7.39
14.02309563755989,-0.02,7.39
14.024513985961676,-0.02,7.42
14.025975588709116,-0.02,7.38
14.027445122599602,-0.02,7.38
14.028850302100182,-0.02,7.36
14.0303590670228,-0.02,7.39
14.03180069103837,-0.02,7.35
14.033251851797104,-0.02,7.35
14.034651324152946,-0.02,7.37
14.036176156252623,-0.02,7.32
14.037569887936115,-0.02,7.31
14.039097368717194,-0.02,7.37
14.040516577661037,-0.02,7.38
14.04199793934822,-0.02,7.37
14.04335618391633,-0.02,7.39
14.044787555932999,-0.02,7.38
14.046259887516499,-0.02,7.36
14.047800943255424,-0.02,7.37
14.049224261194468,-0.02,7.36
14.050682086497545,-0.02,7.36
14.052181474864483,-0.02,7.33
14.053537096828222,-0.02,7.31
14.055097047239542,-0.02,7.3
14.056521773338318,-0.02,7.31
14.057937555015087,-0.02,7.33
14.059357766062021,-0.02,7.33
14.060813575983047,-0.02,7.38
14.062205571681261,-0.02,7.35
14.063800625503063,-0.02,7.32
14.065284010022879,-0.02,7.33
14.06667847186327,-0.02,7.3
14.068152204155922,-0.02,7.34
14.06964036822319,-0.02,7.41
14.071103781461716,-0.02,7.37
14.072540074586868,-0.02,7.33
14.074000243097544,-0.02,7.32
14.075358673930168,-0.02,7.33
14.076886057853699,-0.02,7.35
14.078369203954935,-0.02,7.37
14.079825732856989,-0.02,7.36
14.081265393644571,-0.02,7.33
14.082646556198597,-0.02,7.33
14.084176406264305,-0.02,7.35
14.085522331297398,-0.02,7.32
14.087090320885181,-0.02,7.33
14.088525116443634,-0.02,7.34
14.089942310005426,-0.02,7.3
14.091445736587048,-0.02,7.31
14.092784736305475,-0.02,7.3
14.094292905181646,-0.02,7.32
14.095803331583738,-0.02,7.34
14.09722562506795,-0.02,7.32
14.09872406348586,-0.02,7.33
14.1000723131001,-0.02,7.34
14.10163751989603,-0.02,7.33
14.10310423746705,-0.02,7.31
14.10455071926117,-0.02,7.29
14.105940524488688,-0.02,7.29
14.107446167618036,-0.02,7.31
14.108785435557365,-0.02,7.28
14.110358137637377,-0.02,7.33
14.111804865300655,-0.02,7.33
14.113284464925528,-0.02,7.3
14.114648170769215,-0.02,7.28
14.116159744560719,-0.02,7.28
14.117515102028847,-0.02,7.35
14.11909431964159,-0.02,7.34
14.120517190545797,-0.02,7.3
14.121983796358109,-0.02,7.3
14.123421862721443,-0.02,7.23
14.124900922179222,-0.02,7.25
14.126294419169426,-0.02,7.29
14.127807572484016,-0.02,7.28
14.129287511110306,-0.02,7.28
14.130737893283367,-0.02,7.24
14.132173530757427,-0.02,7.21
14.13365526497364,-0.02,7.28
14.135096319019794,-0.02,7.29
14.136541202664375,-0.02,7.27
14.138008922338486,-0.02,7.3
14.139448933303356,-0.02,7.29
14.140895511955023,-0.02,7.29
14.142380829900503,-0.02,7.31
14.143810044974089,-0.01,7.33
14.145287238061428,-0.01,7.36
14.1466681137681,-0.02,7.39
14.148195419460535,-0.02,7.37
14.149576220661402,-0.02,7.37
14.151097487658262,-0.02,7.37
14.15252161771059,-0.02,7.41
14.15394290164113,-0.02,7.42
14.15537940338254,-0.02,7.42
14.156931430101395,-0.02,7.41
14.158386960625648,-0.02,7.38
14.159843869507313,-0.02,7.36
14.161287691444159,-0.02,7.39
14.16264909133315,-0.02,7.37
14.164176430553198,-0.02,7.39
14.165670841932297,-0.02,7.36
14.167097844183445,-0.01,7.39
14.168519083410501,-0.02,7.38
14.170021332800388,-0.02,7.39
14.171361304819584,-0.01,7.4
14.172927666455507,-0.01,7.41
14.174381721764803,-0.02,7.41
14.175803810358047,-0.02,7.43
14.177228912711143,-0.02,7.43
14.178749442100525,-0.01,7.42
14.180207297205925,-0.01,7.39
14.181634146720171,-0.01,7.4
14.183115974068642,-0.02,7.44
14.184585403650999,-0.02,7.42
14.18600382655859,-0.02,7.42
14.187439665198326,-0.02,7.41
14.18883453682065,-0.02,7.41
14.190395954996347,-0.02,7.4
14.191810756921768,-0.02,7.4
14.19329583272338,-0.02,7.42
14.19475569203496,-0.02,7.41
14.196072313934565,-0.02,7.44
14.19765766337514,-0.02,7.44
14.19912063702941,-0.02,7.42
14.200573697686195,-0.02,7.44
14.202024292200804,-0.02,7.41
14.203361682593822,-0.02,7.42
14.204936273396015,-0.02,7.39
14.206402193754911,-0.02,7.39
14.207813985645771,-0.02,7.4
14.209310736507177,-0.02,7.43
14.210770685225725,-0.02,7.42
14.212193541228771,-0.02,7.4
14.213670738041401,-0.02,7.44
14.2150968760252,-0.02,7.44
14.216516219079494,-0.02,7.4
14.218037221580744,-0.02,7.39
14.219492048025131,-0.02,7.39
14.220950338989496,-0.02,7.38
14.222385998815298,-0.02,7.38
14.22383788600564,-0.02,7.41
14.22530873119831,-0.02,7.42
14.226736292243004,-0.02,7.45
14.228118497878313,-0.02,7.45
14.229677874594927,-0.02,7.44
14.231130804866552,-0.02,7.42
14.232582494616508,-0.02,7.42
14.234049264341593,-0.02,7.42
14.235451236367226,-0.02,7.42
14.236937910318375,-0.02,7.45
14.238404799252748,-0.02,7.5
14.239807445555925,-0.02,7.48
14.241271294653416,-0.02,7.43
14.242769788950682,-0.02,7.46
14.244221743196249,-0.01,7.43
14.245685517787933,-0.01,7.4
14.247134417295456,-0.01,7.4
14.24857896566391,-0.01,7.44
14.250039122998714,-0.02,7.44
14.251453652977943,-0.02,7.41
14.252961087971926,-0.01,7.42
14.25438679754734,-0.01,7.47
14.25586612522602,-0.01,7.45
14.257245805114508,-0.01,7.44
14.258772693574429,-0.01,7.45
14.260134879499674,-0.01,7.46
14.261679589748383,-0.01,7.48
14.263129286468029,-0.01,7.48
14.264520514756441,-0.01,7.48
14.265938986092806,-0.01,7.49
14.267404314130545,-0.01,7.51
14.268939286470413,-0.01,7.52
14.270410690456629,-0.01,7.5
14.271864030510187,-0.01,7.52
14.273321308195591,-0.01,7.54
14.274737473577261,-0.01,7.54
14.276217583566904,-0.01,7.56
14.27768299356103,-0.01,7.55
14.279114998877048,-0.01,7.53
14.280523896217346,-0.01,7.52
14.28203821927309,-0.01,7.52
14.28350019827485,-0.01,7.55
14.284937415271997,-0.01,7.54
14.286409348249435,-0.01,7.52
14.287858672440052,-0.01,7.5
14.289275825023651,-0.01,7.5
14.290778744965792,-0.01,7.52
14.292246419936419,-0.01,7.55
14.293688368052244,-0.01,7.53
14.295130409300327,-0.01,7.54
14.296556230634451,-0.01,7.6
14.298046991229057,-0.01,7.6
14.299411199986935,-0.01,7.53
14.300867650657892,-0.01,7.55
14.302421130239964,-0.01,7.61
14.303856484591961,-0.01,7.57
14.305320464074612,-0.01,7.57
14.306780561804771,-0.01,7.59
14.30823689326644,-0.01,7.59
14.3096867762506,-0.01,7.58
14.311097081750631,-0.01,7.56
14.312598891556263,-0.01,7.56
14.314019545912743,-0.01,7.6
14.315514594316483,-0.01,7.59
14.316966090351343,-0.01,7.55
14.318412441760302,-0.01,7.57
14.319867141544819,-0.01,7.58
14.3213225081563,-0.01,7.58
14.32275590673089,-0.01,7.58
14.32423335686326,-0.01,7.6
14.32569269835949,-0.01,7.61
14.327132228761911,-0.01,7.6
14.328600354492664,-0.01,7.57
14.329943016171455,-0.01,7.55
14.331498946994543,-0.01,7.51
14.332963436841965,-0.01,7.53
14.334419041872025,-0.01,7.56
14.335878051817417,-0.01,7.58
14.337250549346209,-0.01,7.57
14.338780730962753,-0.01,7.55
14.340242590755224,-0.01,7.53
14.341695979237556,-0.01,7.56
14.34314851462841,-0.01,7.54
14.34452310577035,-0.01,7.51
14.346068050712347,-0.01,7.49
14.347400821745396,-0.01,7.5
14.348970968276262,-0.01,7.53
14.350412610918283,-0.01,7.54
14.351841755211353,-0.01,7.52
14.35333725810051,-0.01,7.55
14.354743745177984,-0.01,7.54
14.356236144900322,-0.01,7.55
14.357681259512901,-0.01,7.52
14.359138332307339,-0.01,7.5
14.360612109303474,-0.01,7.51
14.362061198800802,-0.01,7.52
14.363517165184021,-0.01,7.53
14.364967368543148,-0.01,7.52
14.366421718150377,-0.01,7.46
14.367884911596775,-0.01,7.45
14.369232960045338,-0.01,7.48
14.370786353945732,-0.01,7.49
14.37224106863141,-0.01,7.48
14.373679794371128,-0.01,7.48
14.37514166906476,-0.01,7.48
14.376614347100258,-0.01,7.45
14.378070127218962,-0.01,7.48
14.379528135061264,-0.01,7.44
14.380969192832708,-0.01,7.42
14.382430966943502,-0.01,7.43
14.383854359388351,-0.01,7.42
14.385336257517338,-0.01,7.43
14.386653259396553,-0.01,7.45
14.388258684426546,-0.01,7.48
14.389712292701006,-0.01,7.49
14.391139231622219,-0.01,7.47
14.392565563321114,-0.01,7.46
14.394077155739069,-0.01,7.47
14.395433638244867,-0.01,7.41
14.396977648139,-0.01,7.43
14.398402824997902,-0.01,7.45
14.399890184402466,-0.01,7.48
14.401348229497671,-0.01,7.46
14.402724210172892,-0.01,7.4
14.404255080968142,-0.01,7.37
14.405706159770489,-0.01,7.42
14.40714193880558,-0.01,7.44
14.40852838754654,-0.01,7.45
14.41007524728775,-0.01,7.48
14.411533184349537,-0.01,7.45
14.41297210380435,-0.01,7.38
14.414407849311829,-0.01,7.4
14.415889762341976,-0.01,7.41
14.417356342077255,-0.01,7.33
14.418807819485664,-0.01,7.35
14.4202597476542,-0.01,7.38
14.421713694930077,-0.01,7.39
14.423167705535889,-0.01,7.4
14.424620673060417,-0.01,7.39
14.42603237554431,-0.01,7.4
14.427525281906128,-0.01,7.41
14.428990848362446,-0.01,7.35
14.430419530719519,-0.01,7.31
14.431889783591032,-0.01,7.31
14.43335571885109,-0.01,7.34
14.434805069118738,-0.01,7.36
14.436265241354704,-0.01,7.33
14.437718097120523,-0.01,7.31
14.43917428329587,-0.01,7.3
14.440620947629213,-0.01,7.31
14.442085653543472,-0.02,7.31
14.443543504923582,-0.02,7.31
14.44499696046114,-0.02,7.29
14.446456089615822,-0.02,7.26
14.447816643863916,-0.02,7.27
14.449277471750975,-0.02,7.25
14.450813446193933,-0.02,7.24
14.452259887009859,-0.01,7.25
14.453719388693571,-0.01,7.26
14.455168429762125,-0.02,7.22
14.456626333296299,-0.02,7.2
14.458080068230629,-0.01,7.22
14.459544096142054,-0.01,7.21
14.461000517010689,-0.01,7.24
14.462432883679867,-0.02,7.2
14.463896539062262,-0.02,7.22
14.465360663831234,-0.01,7.23
14.466807749122381,-0.01,7.22
14.468257993459702,-0.01,7.22
14.469720527529716,-0.02,7.22
14.471171520650387,-0.02,7.17
14.472634706646204,-0.02,7.18
14.474090818315744,-0.01,7.18
14.475545510649681,-0.01,7.19
14.477002803236246,-0.01,7.2
14.478459477424622,-0.01,7.16
14.47991581633687,-0.01,7.19
14.481363225728273,-0.01,7.18
14.482808388769627,-0.01,7.18
14.484259124845266,-0.01,7.14
14.485720161348581,-0.01,7.09
14.487175311893225,-0.01,7.13
14.488650906831026,-0.01,7.11
14.489964880049229,-0.01,7.09
14.491551920771599,-0.01,7.12
14.492970537394285,-0.01,7.14
14.494409535080194,-0.01,7.14
14.49591214582324,-0.01,7.15
14.497234154492617,-0.01,7.12
14.498828317970037,-0.01,7.07
14.500276617705822,-0.01,7.08
14.501729406416416,-0.01,7.11
14.503192629665136,-0.01,7.08
14.50463493540883,-0.01,7.1
14.50608555227518,-0.01,7.1
14.507552806288004,-0.01,7.1
14.509003907442093,-0.01,7.09
14.510467898100615,-0.01,7.04
14.511906869709492,-0.01,7.04
14.513367682695389,-0.01,7.07
14.51476115733385,-0.01,7.05
14.516261853277683,-0.01,7.07
14.517731789499521,-0.01,7.08
14.519187893718481,-0.01,7.09
14.520638786256313,-0.01,7.07
14.522099740803242,-0.01,7.03
14.523546002805233,-0.01,7.02
14.524967636913061,-0.01,7.0
14.526471693068743,-0.01,7.0
14.52792126685381,-0.01,7.0
14.529368072748184,-0.01,7.04
14.530681904405355,-0.01,7.02
14.532285436987877,-0.01,7.0
14.533681783825159,-0.01,7.01
14.535161353647709,-0.01,6.99
14.536648504436016,-0.01,6.96
14.538086354732513,-0.01,6.98
14.539558820426464,-0.01,6.97
14.541013389825821,-0.01,6.94
14.542397644370794,-0.01,6.94
14.543924566358328,-0.01,6.99
14.545309212058783,-0.01,6.98
14.546825338155031,-0.01,6.98
14.548276863992214,-0.01,6.94
14.549743831157684,-0.01,6.92
14.551102120429277,-0.01,6.95
14.55264312401414,-0.01,6.95
14.554086849093437,-0.01,6.9
14.555560771375895,-0.01,6.9
14.557012964040041,-0.01,6.91
14.558470778167248,-0.01,6.93
14.55993077531457,-0.01,6.89
14.561254769563675,-0.01,6.87
14.562835607677698,-0.01,6.86
14.564292203634977,-0.01,6.9
14.565726716071367,-0.01,6.91
14.567199766635895,-0.01,6.88
14.568610198795795,-0.02,6.89
14.570103146135807,-0.02,6.9
14.57156515866518,-0.01,6.9
14.57296996936202,-0.01,6.88
14.574414320290089,-0.01,6.86
14.575873244553804,-0.02,6.9
14.577386736869812,-0.01,6.89
14.578835118561983,-0.01,6.89
14.580262828618288,-0.01,6.91
14.581683162599802,-0.01,6.89
14.58319828286767,-0.01,6.81
14.584664780646563,-0.01,6.77
14.586110312491655,-0.01,6.86
14.587571501731873,-0.02,6.82
14.588975682854652,-0.01,6.82
14.590480450540781,-0.02,6.79
14.59193704277277,-0.01,6.8
14.593387603759766,-0.01,6.81
14.594837259501219,-0.02,6.8
14.59628278017044,-0.02,6.82
14.597749177366495,-0.02,6.85
14.59910886362195,-0.02,6.85
14.600656427443027,-0.02,6.84
14.602114491164684,-0.02,6.82
14.603567950427532,-0.01,6.79
14.60502066090703,-0.01,6.82
14.606479816138744,-0.02,6.8
14.607943538576365,-0.02,6.81
14.609392583370209,-0.01,6.78
14.610846471041441,-0.02,6.77
14.61229982599616,-0.01,6.77
14.613746847957373,-0.01,6.75
14.615217994898558,-0.01,6.79
14.616662506014109,-0.01,6.79
14.618111245334148,-0.01,6.79
14.619568917900324,-0.01,6.76
14.621033385396004,-0.01,6.75
14.62248419225216,-0.01,6.75
14.623937398195267,-0.01,6.78
14.625394824892282,-0.02,6.81
14.62685438618064,-0.01,6.78
14.628301624208689,-0.01,6.74
14.629762161523104,-0.01,6.74
14.631207026541233,-0.01,6.75
14.632662624120712,-0.01,6.73
14.634127926081419,-0.01,6.75
14.635570876300335,-0.02,6.78
14.637028969824314,-0.01,6.75
14.638490162789822,-0.01,6.72
14.639946512877941,-0.01,6.69
14.6413963586092,-0.02,6.69
14.642872516065836,-0.02,6.74
14.644295360893011,-0.02,6.73
14.645741187036037,-0.02,6.73
14.647199749946594,-0.02,6.75
14.648670855909586,-0.02,6.77
14.650103211402893,-0.01,6.75
14.651574108749628,-0.02,6.76
14.652971897274256,-0.02,6.77
14.654474008828402,-0.01,6.75
14.655937425792217,-0.02,6.71
14.65739830955863,-0.02,6.75
14.65884717926383,-0.02,6.77
14.660297229886055,-0.02,6.76
14.661761820316315,-0.02,6.78
14.66321336850524,-0.02,6.73
14.664663564413786,-0.02,6.73
14.666116628795862,-0.02,6.73
14.667574174702168,-0.02,6.72
14.669026114046574,-0.02,6.72
14.67048354819417,-0.02,6.71
14.67192805185914,-0.02,6.73
14.67338416352868,-0.02,6.71
14.674843337386847,-0.02,6.69
14.676294758915901,-0.02,6.69
14.677751548588276,-0.02,6.71
14.679189138114452,-0.02,6.7
14.680663578212261,-0.02,6.68
14.682112880051136,-0.02,6.74
14.683571267873049,-0.02,6.7
14.68501852825284,-0.02,6.64
14.68647164851427,-0.02,6.65
14.68793734908104,-0.02,6.65
14.689389809966087,-0.02,6.64
14.690839733928442,-0.02,6.64
14.692302748560905,-0.02,6.67
14.6937444396317,-0.02,6.69
14.69519890844822,-0.02,6.67
14.696655619889498,-0.02,6.7
14.698111589998007,-0.02,6.68
14.699574299156666,-0.02,6.64
14.701027695089579,-0.02,6.6
14.702487774193287,-0.02,6.62
14.703939262777567,-0.02,6.61
14.705394621938467,-0.02,6.6
14.706842865794897,-0.02,6.61
14.708307527005672,-0.02,6.61
14.709755014628172,-0.02,6.6
14.711205914616585,-0.02,6.61
14.712665103375912,-0.02,6.56
14.7141082175076,-0.02,6.53
14.715573962777853,-0.02,6.52
14.717031672596931,-0.02,6.55
14.718479610979557,-0.02,6.58
14.719939403235912,-0.02,6.57
14.721393033862114,-0.01,6.58
14.722859159111977,-0.01,6.57
14.724302168935537,-0.01,6.6
14.725758373737335,-0.02,6.6
14.727208361029625,-0.02,6.57
14.72867638617754,-0.02,6.6
14.730108592659235,-0.01,6.56
14.731587268412113,-0.01,6.49
14.733034297823906,-0.02,6.53
14.734494019299746,-0.01,6.59
14.735945917665958,-0.01,6.58
14.737391371279955,-0.02,6.58
14.738848183304071,-0.02,6.54
14.740307625383139,-0.02,6.53
14.74176974967122,-0.02,6.53
14.743221256881952,-0.02,6.53
14.744683988392353,-0.02,6.52
14.746135644614697,-0.02,6.54
14.747581738978624,-0.01,6.55
14.74903329834342,-0.02,6.5
14.750494457781315,-0.02,6.47
14.75193527713418,-0.02,6.49
14.753398932516575,-0.02,6.47
14.754852827638388,-0.02,6.48
14.756319753825665,-0.02,6.46
14.757764466106892,-0.01,6.47
14.759227093309164,-0.01,6.51
14.760674674063921,-0.02,6.5
14.762133795768023,-0.02,6.5
14.76359086483717,-0.02,6.49
14.76513171568513,-0.01,6.45
14.7664974629879,-0.01,6.42
14.767949845641851,-0.01,6.4
14.7693976983428,-0.01,6.42
14.770868495106697,-0.02,6.44
14.77232002839446,-0.01,6.41
14.77377388253808,-0.01,6.43
14.775226648896933,-0.01,6.42
14.776686735451221,-0.01,6.42
14.778135910630226,-0.02,6.41
14.779586784541607,-0.02,6.44
14.781050980091095,-0.02,6.41
14.78250228241086,-0.02,6.43
14.783951867371798,-0.01,6.44
14.785418793559074,-0.01,6.43
14.786868654191494,-0.01,6.45
14.788323774933815,-0.02,6.46
14.789776269346476,-0.02,6.46
14.791232369840145,-0.01,6.42
14.79268528148532,-0.01,6.38
14.794133197516203,-0.01,6.39
14.795605204999447,-0.01,6.41
14.79704699292779,-0.01,6.41
14.79851021245122,-0.01,6.43
14.7999552115798,-0.01,6.45
14.801420163363218,-0.01,6.44
14.802878323942423,-0.01,6.4
14.804329987615347,-0.01,6.41
14.805784896016121,-0.01,6.43
14.807230278849602,-0.01,6.4
14.808679055422544,-0.01,6.41
14.810152776539326,-0.01,6.42
14.811611864715815,-0.01,6.38
14.813064638525248,-0.01,6.36
14.814503524452448,-0.01,6.4
14.815970227122307,-0.01,6.42
14.817422293126583,-0.01,6.43
14.818869091570377,-0.02,6.44
14.820323083549738,-0.02,6.42
14.821777738630772,-0.01,6.43
14.82323969528079,-0.01,6.41
14.824691995978355,-0.02,6.4
14.826134715229273,-0.02,6.41
14.827601488679647,-0.01,6.4
14.829050458967686,-0.01,6.41
14.830509040504694,-0.01,6.43
14.831958942115307,-0.01,6.41
14.833409234881401,-0.01,6.39
14.83487755432725,-0.01,6.41
14.83633054420352,-0.01,6.39
14.83778841048479,-0.01,6.33
14.83923527598381,-0.01,6.36
14.840678125619888,-0.01,6.38
14.84216832369566,-0.01,6.37
14.843602702021599,-0.01,6.37
14.845059294253588,-0.01,6.33
14.8465131893754,-0.01,6.39
14.847972884774208,-0.01,6.41
14.849421594291925,-0.01,6.36
14.850885976105928,-0.01,6.38
14.852324217557907,-0.01,6.35
14.853788312524557,-0.01,6.34
14.855236697942019,-0.01,6.35
14.856698345392942,-0.01,6.34
14.85814979672432,-0.01,6.38
14.859598744660616,-0.01,6.37
14.86106937751174,-0.01,6.32
14.86251887306571,-0.01,6.32
14.863965153694153,-0.01,6.31
14.865421410650015,-0.01,6.28
14.86687782779336,-0.01,6.35
14.868336144834757,-0.01,6.43
14.869792513549328,-0.01,6.37
14.871257521212101,-0.01,6.3
14.87269689142704,-0.02,6.36
14.874151550233364,-0.01,6.38
14.875611275434494,-0.01,6.36
14.877067167311907,-0.01,6.33
14.878511678427458,-0.02,6.34
14.879976190626621,-0.02,6.29
14.881423696875572,-0.02,6.26
14.882887586951256,-0.01,6.24
14.884336732327938,-0.01,6.25
14.885783299803734,-0.01,6.26
14.887249499559402,-0.01,6.26
14.888685286045074,-0.01,6.25
14.890152923762798,-0.01,6.25
14.891607016324997,-0.01,6.25
14.89305965602398,-0.01,6.28
14.894522842019796,-0.01,6.27
14.895966209471226,-0.01,6.26
14.897439423948526,-0.01,6.23
14.898891255259514,-0.02,6.27
14.900346845388412,-0.01,6.29
14.90179206058383,-0.01,6.29
14.90325128659606,-0.01,6.29
14.90471351146698,-0.01,6.29
14.90616074949503,-0.01,6.29
14.907613433897495,-0.01,6.27
14.909064713865519,-0.01,6.26
14.910556752234697,-0.01,6.27
14.91197918727994,-0.01,6.21
14.91342955082655,-0.02,6.22
14.914878860116005,-0.01,6.23
14.916334889829159,-0.02,6.22
14.917792432010174,-0.02,6.2
14.919235982000828,-0.02,6.2
14.920695699751377,-0.02,6.21
14.922151554375887,-0.01,6.22
14.923613149672747,-0.01,6.26
14.925064388662577,-0.01,6.27
14.926523864269257,-0.01,6.23
14.92797202989459,-0.02,6.21
14.929429654031992,-0.02,6.23
14.930883277207613,-0.01,6.24
14.93234271928668,-0.01,6.2
14.93379232659936,-0.01,6.2
14.935250498354435,-0.02,6.17
14.936687871813774,-0.02,6.17
14.938153944909573,-0.02,6.18
14.939603701233864,-0.02,6.19
14.94105814397335,-0.01,6.17
14.942514155060053,-0.01,6.2
14.943977557122707,-0.01,6.24
14.945429433137178,-0.01,6.24
14.946878869086504,-0.01,6.24
14.948332644999027,-0.01,6.25
14.949786484241486,-0.02,6.26
14.95124901086092,-0.02,6.26
14.95269575342536,-0.02,6.26
14.954154703766108,-0.01,6.27
14.955616470426321,-0.01,6.27
14.95706881955266,-0.01,6.26
14.958519138395786,-0.01,6.26
14.95996842160821,-0.02,6.28
14.96143015101552,-0.02,6.28
14.962899062782526,-0.01,6.27
14.964342374354601,-0.01,6.26
14.965793408453465,-0.01,6.29
14.967255536466837,-0.02,6.3
14.968693282455206,-0.02,6.29
14.970154158771038,-0.02,6.34
14.97160879150033,-0.02,6.32
14.97306852042675,-0.01,6.27
14.974531427025795,-0.02,6.27
14.97598697990179,-0.01,6.31
14.977446399629116,-0.01,6.39
14.978885032236576,-0.01,6.39
14.980338741093874,-0.02,6.45
14.981808353215456,-0.02,6.41
14.983259789645672,-0.02,6.33
14.984700176864862,-0.02,6.35
14.986155480146408,-0.01,6.39
14.98761286213994,-0.01,6.31
14.989069402217865,-0.02,6.34
14.99052383005619,-0.02,6.32
14.991980750113726,-0.02,6.34
14.993440639227629,-0.01,6.35
14.99490063264966,-0.01,6.31
14.996342182159424,-0.01,6.28
14.997803665697575,-0.01,6.29
14.999256420880556,-0.02,6.31
15.000719141215086,-0.02,6.31
15.002169489860535,-0.02,6.32
15.00362141802907,-0.02,6.29
15.00508451834321,-0.01,6.3
15.006530076265335,-0.01,6.33
15.007979813963175,-0.02,6.32
15.009432792663574,-0.02,6.27
15.010897930711508,-0.02,6.23
15.012359376996756,-0.02,6.27
15.013810563832521,-0.02,6.3
15.015252765268087,-0.02,6.27
15.016715664416552,-0.02,6.24
15.018170971423388,-0.02,6.22
15.01963010430336,-0.02,6.24
15.021077238023281,-0.02,6.26
15.022535864263773,-0.02,6.26
15.02399317920208,-0.02,6.26
15.025449737906456,-0.02,6.26
15.026892315596342,-0.01,6.29
15.028348919004202,-0.01,6.27
15.02981611713767,-0.01,6.24
15.031264908611774,-0.01,6.26
15.032715611159801,-0.01,6.26
15.034172531217337,-0.01,6.23
15.035623382776976,-0.01,6.22
15.037087455391884,-0.01,6.25
15.038543913513422,-0.01,6.25
15.039991565048695,-0.01,6.23
15.041455257683992,-0.01,6.23
15.042905423790216,-0.01,6.24
15.044360436499119,-0.01,6.2
15.045806281268597,-0.01,6.21
15.047264393419027,-0.01,6.23
15.048734199255705,-0.01,6.21
15.050180993974209,-0.01,6.18
15.051633164286613,-0.01,6.19
15.053085058927536,-0.01,6.25
15.054534241557121,-0.01,6.25
15.05598346143961,-0.01,6.21
15.057461269199848,-0.01,6.14
15.058898657560349,-0.01,6.12
15.060367949306965,-0.01,6.16
15.061819266527891,-0.01,6.19
15.06327510997653,-0.01,6.18
15.064721822738647,-0.01,6.2
15.066173978149891,-0.01,6.17
15.067637652158737,-0.01,6.15
15.069093219935894,-0.01,6.14
15.070545367896557,-0.01,6.1
15.072006814181805,-0.01,6.14
15.07344600185752,-0.01,6.14
15.074895229190588,-0.01,6.16
15.076360613107681,-0.01,6.1
15.077811554074287,-0.01,6.09
15.079280856996775,-0.01,6.12
15.080721650272608,-0.01,6.12
15.082178879529238,-0.01,6.14
15.083633616566658,-0.01,6.11
15.085090015083551,-0.01,6.11
15.086546026170254,-0.01,6.11
15.088004674762487,-0.01,6.14
15.089453428983688,-0.01,6.16
15.090918485075235,-0.01,6.11
15.092368312180042,-0.01,6.08
15.093814682215452,-0.01,6.1
15.095271896570921,-0.01,6.11
15.096734181046486,-0.01,6.1
15.098185423761606,-0.01,6.07
15.099634516984224,-0.01,6.09
15.101093724370003,-0.01,6.11
15.102543972432613,-0.01,6.04
15.104010708630085,-0.01,6.08
15.105456549674273,-0.01,6.09
15.106908366084099,-0.01,6.08
15.108370069414377,-0.01,6.06
15.109824351966381,-0.01,6.1
15.111284792423248,-0.01,6.09
15.112730130553246,-0.01,6.09
15.114192146807909,-0.01,6.1
15.115641750395298,-0.01,6.09
15.117089249193668,-0.01,6.09
15.11855947971344,-0.02,6.11
15.120011527091265,-0.02,6.07
15.121467139571905,-0.02,5.92
15.122909530997276,-0.01,5.83
15.124368503689766,-0.01,5.75
15.125826805830002,-0.01,5.66
15.127284843474627,-0.01,5.5
15.12874100357294,-0.01,5.44
15.130197409540415,-0.02,5.38
15.131650622934103,-0.01,5.22
15.133108362555504,-0.01,5.29
15.13456105813384,-0.01,5.3
15.13600668311119,-0.01,5.25
15.137471675872803,-0.01,5.41
15.138924684375525,-0.01,5.43
15.140374459326267,-0.01,5.2
15.1418317258358,-0.01,5.16
15.143276333808899,-0.01,5.24
15.14472809061408,-0.01,5.2
15.14619168266654,-0.01,5.08
15.14764428511262,-0.01,5.05
15.149108994752169,-0.01,5.25
15.15056462958455,-0.01,5.42
15.152008771896362,-0.01,5.4
15.15347034856677,-0.01,5.38
15.154920991510153,-0.01,5.35
15.15637892857194,-0.01,5.47
15.1578250490129,-0.01,5.56
15.159289624541998,-0.01,5.57
15.160740613937378,-0.01,5.53
15.162197060883045,-0.01,5.5
15.16365759074688,-0.01,5.37
15.165100060403347,-0.01,5.22
15.166557285934687,-0.01,5.22
15.168010577559471,-0.01,5.42
15.169467207044363,-0.01,5.48
15.170922566205263,-0.01,5.53
15.172380112111568,-0.01,5.58
15.173842120915651,-0.01,5.59
15.175297901034355,-0.01,5.59
15.176742389798164,-0.01,5.67
15.178198833018541,-0.01,5.77
15.179648037999868,-0.01,5.79
15.181103374809027,-0.01,5.78
15.182568579912186,-0.01,5.79
15.184025309979916,-0.01,5.83
15.185467712581158,-0.01,5.85
15.186925943940878,-0.01,5.81
15.188381019979715,-0.01,5.78
15.189837362617254,-0.01,5.63
15.191298421472311,-0.01,5.41
15.19275488704443,-0.01,5.3
15.19421000033617,-0.01,5.24
15.195655226707458,-0.01,5.16
15.197112616151571,-0.01,5.17
15.198565505445004,-0.01,5.27
15.200016256421804,-0.01,5.52
15.201476227492094,-0.01,5.7
15.202933348715305,-0.01,5.87
15.204387370496988,-0.01,5.94
15.205844826996326,-0.01,5.9
15.207302916795015,-0.01,5.94
15.208752486854792,-0.01,5.92
15.210209354758263,-0.01,5.85
15.211657512933016,-0.01,5.82
15.213122069835663,-0.01,5.83
15.21456278115511,-0.01,5.9
15.216024097055197,-0.01,6.0
15.217472467571497,-0.01,6.02
15.218926806002855,-0.01,5.99
15.220390927046537,-0.01,6.02
15.221842553466558,-0.01,6.03
15.223299652338028,-0.01,6.01
15.22475554049015,-0.01,6.05
15.226214848458767,-0.01,6.06
15.227659221738577,-0.01,6.05
15.229115590453148,-0.01,6.04
15.230567403137684,-0.01,6.04
15.232028171420097,-0.01,6.07
15.233485851436853,-0.01,6.08
15.234941828995943,-0.01,6.05
15.236387863755226,-0.01,6.08
15.237840570509434,-0.01,6.08
15.239299401640892,-0.01,6.0
15.240757882595062,-0.01,6.03
15.242209814488888,-0.01,6.03
15.243666738271713,-0.01,5.99
15.24511082470417,-0.01,6.05
15.246577188372612,-0.01,6.09
15.248026922345161,-0.01,6.08
15.24949037283659,-0.01,6.1
15.25094572454691,-0.01,6.13
15.252389468252659,-0.01,6.13
15.253849789500237,-0.01,6.05
15.255299121141434,-0.01,6.06
15.256757315248251,-0.01,6.11
15.258212968707085,-0.01,6.05
15.259662341326475,-0.01,6.0
15.261117350310087,-0.01,6.06
15.262575052678585,-0.01,6.09
15.264037922024727,-0.01,6.06
15.265487406402826,-0.01,6.05
15.266944412142038,-0.01,6.04
15.268397826701403,-0.01,6.0
15.269852869212627,-0.01,5.94
15.271302949637175,-0.01,5.96
15.272754549980164,-0.01,6.0
15.274216029793024,-0.01,5.87
15.275675512850285,-0.01,5.64
15.277123734354973,-0.01,5.51
15.278587136417627,-0.01,5.67
15.280026946216822,-0.01,5.94
15.28147542104125,-0.01,6.05
15.282948944717646,-0.01,6.1
15.28439524769783,-0.01,6.13
15.285856083035469,-0.01,6.11
15.287316977977753,-0.01,6.1
15.288758274167776,-0.01,6.09
15.290215913206339,-0.01,6.12
15.291670955717564,-0.01,6.11
15.293129991739988,-0.01,6.1
15.294573783874512,-0.01,6.15
15.296043120324612,-0.01,6.17
15.297498617321253,-0.01,6.14
15.298948906362057,-0.01,6.14
15.300399608910084,-0.01,6.23
15.301859926432371,-0.01,6.21
15.303311809897423,-0.01,6.16
15.3048060759902,-0.01,6.16
15.306223388761282,-0.01,6.12
15.307672873139381,-0.01,6.09
15.30913209170103,-0.01,6.05
15.310571014881134,-0.01,6.05
15.312029413878918,-0.01,6.03
15.31348717212677,-0.01,6.07
15.314963351935148,-0.01,6.12
15.31639589741826,-0.01,6.18
15.317860718816519,-0.01,6.21
15.319320663809776,-0.01,6.19
15.320775136351585,-0.01,6.18
15.322218641638756,-0.01,6.18
15.323678448796272,-0.01,6.22
15.325135163962841,-0.01,6.16
15.326590046286583,-0.01,6.17
15.328043222427368,-0.01,6.11
15.329503066837788,-0.01,6.12
15.330945152789354,-0.01,6.15
15.332401618361473,-0.01,6.18
15.333863414824009,-0.01,6.18
15.33531815558672,-0.01,6.19
15.336771551519632,-0.01,6.27
15.338229071348906,-0.01,6.26
15.33968897163868,-0.01,6.23
15.341139260679483,-0.01,6.23
15.342589110136032,-0.01,6.21
15.344045922160149,-0.01,6.24
15.34549417719245,-0.01,6.22
15.346958193928003,-0.01,6.22
15.348413351923227,-0.01,6.28
15.349863052368164,-0.01,6.3
15.351305514574051,-0.01,6.2
15.352770898491144,-0.01,6.01
15.354226626455784,-0.02,5.85
15.355687938630581,-0.01,5.66
15.357137627899647,-0.01,5.6
15.358595713973045,-0.01,5.6
15.360039111226797,-0.01,5.59
15.361497141420841,-0.01,5.61
15.362957198172808,-0.01,5.61
15.364401564002037,-0.01,5.77
15.36585970968008,-0.01,6.14
15.367318991571665,-0.01,6.25
15.368775099515915,-0.01,6.27
15.370230972766876,-0.02,6.32
15.371677622199059,-0.01,6.32
15.373126924037933,-0.01,6.33
15.374594453722239,-0.02,6.37
15.376045867800713,-0.01,6.36
15.377503611147404,-0.02,6.35
15.378940880298615,-0.02,6.28
15.380403473973274,-0.02,6.26
15.381850384175777,-0.01,6.28
15.383314110338688,-0.01,6.33
15.384760331362486,-0.01,6.28
15.386215884238482,-0.02,6.29
15.387678541243076,-0.01,6.29
15.389121875166893,-0.01,6.29
15.39057058468461,-0.01,6.25
15.392041429877281,-0.01,6.26
15.393481332808733,-0.02,6.26
15.394939068704844,-0.02,6.26
15.396401140838861,-0.02,6.27
15.39784575626254,-0.02,6.27
15.39929261058569,-0.02,6.28
15.400755230337381,-0.02,6.3
15.402205608785152,-0.02,6.28
15.403649285435677,-0.02,6.23
15.405118253082037,-0.02,6.29
15.406566046178341,-0.02,6.27
15.408030923455954,-0.02,6.25
15.409473240375519,-0.02,6.26
15.41094208881259,-0.02,6.27
15.412385389208794,-0.02,6.29
15.413839980959892,-0.02,6.25
15.415289372205734,-0.02,6.25
15.416749212890863,-0.02,6.23
15.418195966631174,-0.02,6.21
15.41965862736106,-0.02,6.21
15.421113107353449,-0.02,6.27
15.422560192644596,-0.02,6.26
15.424015261232853,-0.02,6.27
15.425471298396587,-0.02,6.3
15.426934007555246,-0.01,6.27
15.428377743810415,-0.02,6.29
15.429843686521053,-0.02,6.25
15.431284967809916,-0.01,6.25
15.432759754359722,-0.02,6.25
15.434198051691055,-0.02,6.23
15.435657069087029,-0.02,6.23
15.437113285064697,-0.02,6.27
15.438569087535143,-0.02,6.28
15.440021775662899,-0.02,6.24
15.441482223570347,-0.02,6.21
15.442929212003946,-0.01,6.22
15.444381725043058,-0.01,6.31
15.445841912180185,-0.01,6.33
15.447303853929043,-0.01,6.27
15.448753900825977,-0.01,6.25
15.450211182236671,-0.01,6.27
15.451670452952385,-0.01,6.27
15.453122958540916,-0.02,6.28
15.45455727726221,-0.02,6.29
15.456025540828705,-0.01,6.26
15.457477785646915,-0.01,6.26
15.458943963050842,-0.01,6.3
15.460394360125065,-0.01,6.3
15.461838651448488,-0.01,6.3
15.463289849460125,-0.01,6.29
15.464758358895779,-0.01,6.29
15.466202575713396,-0.01,6.28
15.467658754438162,-0.01,6.29
15.469112362712622,-0.01,6.25
15.470574744045734,-0.01,6.26
15.472031734883785,-0.01,6.3
15.47347316145897,-0.01,6.33
15.474927555769682,-0.01,6.33
15.476387348026037,-0.01,6.32
15.477849811315536,-0.01,6.3
15.479307856410742,-0.01,6.29
15.480753898620605,-0.01,6.29
15.482214570045471,-0.01,6.34
15.48367140442133,-0.01,6.33
15.485126100480556,-0.01,6.33
15.48657264187932,-0.01,6.36
15.488018810749054,-0.02,6.37
15.489477884024382,-0.01,6.36
15.490938499569893,-0.01,6.35
15.4923852160573,-0.01,6.34
15.493838801980019,-0.01,6.3
15.495306506752968,-0.01,6.31
15.496762424707413,-0.01,6.33
15.498207580298185,-0.01,6.32
15.499669838696718,-0.01,6.27
15.501130882650614,-0.01,6.29
15.502569746226072,-0.01,6.38
15.504038482904434,-0.01,6.37
15.50548306107521,-0.01,6.35
15.506937768310308,-0.01,6.33
15.508398465812206,-0.01,6.32
15.5098482593894,-0.01,6.37
15.511312074959278,-0.01,6.4
15.512763388454914,-0.01,6.36
15.514210410416126,-0.01,6.33
15.515655744820833,-0.02,6.34
15.51712354645133,-0.01,6.36
15.518571425229311,-0.01,6.34
15.52003437653184,-0.01,6.35
15.521471098065376,-0.01,6.35
15.522946663200855,-0.01,6.41
15.524381950497627,-0.01,6.39
15.525848478078842,-0.01,6.37
15.527287725359201,-0.01,6.39
15.528761569410563,-0.01,6.35
15.530218858271837,-0.01,6.33
15.531672984361649,-0.01,6.33
15.533121261745691,-0.01,6.37
15.534566212445498,-0.01,6.4
15.536027271300554,-0.01,6.39
15.537488847970963,-0.01,6.38
15.538938481360674,-0.01,6.34
15.540390588343143,-0.01,6.34
15.541847947984934,-0.01,6.38
15.543306820094585,-0.01,6.4
15.544765803962946,-0.01,6.38
15.546212304383516,-0.01,6.37
15.547658517956734,-0.01,6.35
15.549113046377897,-0.01,6.36
15.550575755536556,-0.01,6.4
15.55206124484539,-0.01,6.4
15.553493905812502,-0.01,6.35
15.55493787303567,-0.01,6.38
15.556384976953268,-0.01,6.39
15.557854365557432,-0.01,6.37
15.559307169169188,-0.01,6.34
15.560763891786337,-0.01,6.37
15.562212195247412,-0.01,6.38
15.56366926804185,-0.01,6.38
15.565124817192554,-0.01,6.34
15.56657101586461,-0.01,6.36
15.56803834065795,-0.01,6.35
15.569487918168306,-0.01,6.36
15.570936530828476,-0.01,6.36
15.572401348501444,-0.01,6.33
15.573851253837347,-0.01,6.31
15.575307570397854,-0.01,6.32
15.576751824468374,-0.01,6.33
15.57820500433445,-0.01,6.36
15.579663217067719,-0.01,6.34
15.581124402582645,-0.01,6.32
15.582583580166101,-0.01,6.35
15.584035158157349,-0.01,6.35
15.585491374135017,-0.01,6.33
15.586941666901112,-0.01,6.34
15.588391348719597,-0.01,6.34
15.589841440320015,-0.01,6.35
15.591306813061237,-0.01,6.35
15.59276382997632,-0.01,6.34
15.594219088554382,-0.01,6.33
15.595668457448483,-0.01,6.34
15.597127962857485,-0.01,6.34
15.59857190400362,-0.01,6.34
15.60003400593996,-0.01,6.34
15.601484563201666,-0.01,6.37
15.602951854467392,-0.02,6.35
15.604394230991602,-0.01,6.3
15.605861514806747,-0.01,6.31
15.607296708971262,-0.01,6.32
15.6087586581707,-0.01,6.34
15.610216170549393,-0.01,6.35
15.611662644892931,-0.01,6.31
15.613127201795578,-0.01,6.25
15.614577814936638,-0.01,6.25
15.616022385656834,-0.02,6.28
15.617496971040964,-0.0,6.27
15.61895164474845,-0.0,6.31
15.620395991951227,-0.01,6.34
15.621857855468988,-0.0,6.33
15.623312316834927,-0.01,6.31
15.624764885753393,-0.02,6.33
15.626208759844303,-0.01,6.34
15.627680271863937,-0.01,6.34
15.629133004695177,-0.01,6.3
15.630579374730587,-0.01,6.28
15.63204362615943,-0.01,6.31
15.633485399186611,-0.01,6.36
15.634949833154678,-0.01,6.35
15.63640695437789,-0.01,6.31
15.637857753783464,-0.01,6.29
15.639308467507362,-0.01,6.29
15.640761509537697,-0.01,6.28
15.642219446599483,-0.01,6.23
15.643741238862276,-0.01,6.26
15.645138025283813,-0.01,6.28
15.646587748080492,-0.01,6.23
15.648045349866152,-0.01,6.26
15.649494301527739,-0.01,6.32
15.650951262563467,-0.01,6.3
15.652411062270403,-0.01,6.29
15.653861545026302,-0.01,6.24
15.655314292758703,-0.01,6.24
15.656754449009895,-0.01,6.26
15.658222641795874,-0.01,6.24
15.659681037068367,-0.01,6.24
15.661127898842096,-0.01,6.24
15.662579007446766,-0.01,6.26
15.664035812020302,-0.01,6.23
15.665492508560419,-0.01,6.23
15.666943404823542,-0.01,6.22
15.668404668569565,-0.01,6.22
15.669847331941128,-0.01,6.19
15.671311676502228,-0.01,6.19
15.672770164906979,-0.01,6.2
15.67422466725111,-0.01,6.19
15.675670973956585,-0.01,6.15
15.677136227488518,-0.01,6.16
15.678581327199936,-0.01,6.15
15.68004334717989,-0.01,6.13
15.681489132344723,-0.01,6.15
15.682958547025919,-0.01,6.15
15.684391904622316,-0.01,6.14
15.685859575867653,-0.01,6.11
15.687311168760061,-0.01,6.14
15.68875939026475,-0.01,6.15
15.690209951251745,-0.01,6.12
15.691700756549835,-0.01,6.14
15.693125147372484,-0.01,6.13
15.694583270698786,-0.01,6.14
15.69602757319808,-0.01,6.12
15.697490222752094,-0.01,6.08
15.698950745165348,-0.01,6.05
15.700403481721878,-0.01,6.06
15.701853021979332,-0.01,6.07
15.703315012156963,-0.01,6.1
15.704771269112825,-0.01,6.08
15.706208258867264,-0.01,6.07
15.707677621394396,-0.01,6.04
15.709120199084282,-0.01,6.05
15.710586965084076,-0.01,6.08
15.712037831544876,-0.01,6.04
15.713489592075348,-0.01,6.02
15.714951194822788,-0.01,6.04
15.716404464095831,-0.01,6.01
15.717857908457518,-0.01,5.98
15.719319693744183,-0.01,5.97
15.720772340893745,-0.01,5.95
15.722225155681372,-0.01,6.0
15.723683033138514,-0.01,6.0
15.725123509764671,-0.01,6.0
15.726579204201698,-0.01,5.96
15.7280367128551,-0.01,5.91
15.72948506474495,-0.01,5.91
15.730952318757772,-0.01,5.91
15.732403341680765,-0.01,5.92
15.73386451229453,-0.01,5.91
15.735314656049013,-0.01,5.89
15.73677509278059,-0.01,5.9
15.738228410482407,-0.01,5.9
15.73967207223177,-0.01,5.89
15.741133105009794,-0.01,5.85
15.742589749395847,-0.01,5.82
15.744042679667473,-0.01,5.87
15.745490089058876,-0.01,5.91
15.746957436203957,-0.01,5.88
15.748403575271368,-0.01,5.84
15.749856803566217,-0.01,5.83
15.751314707100391,-0.01,5.82
15.752760589122772,-0.01,5.8
15.754221767187119,-0.01,5.76
15.755674440413713,-0.01,5.78
15.757141470909119,-0.01,5.82
15.75858424976468,-0.01,5.8
15.760044295340776,-0.01,5.78
15.761501163244247,-0.01,5.77
15.76295355334878,-0.01,5.78
15.764405954629183,-0.01,5.77
15.765851147472858,-0.01,5.75
15.767326597124338,-0.01,5.76
15.768771667033434,-0.01,5.77
15.770218040794134,-0.01,5.79
15.771675694733858,-0.01,5.85
15.773129507899284,-0.01,5.81
15.774582922458649,-0.01,5.72
15.776043344289064,-0.01,5.76
15.777498446404934,-0.01,5.8
15.778943747282028,-0.01,5.77
15.78041634708643,-0.01,5.75
15.78186659887433,-0.01,5.76
15.78331894427538,-0.01,5.77
15.78477892652154,-0.01,5.76
15.786230459809303,-0.01,5.76
15.787683714181185,-0.01,5.78
15.789127968251705,-0.01,5.82
15.790575429797173,-0.01,5.81
15.792028930038214,-0.01,5.78
15.793502897024155,-0.01,5.75
15.794952616095543,-0.01,5.79
15.796412333846092,-0.01,5.78
15.797864191234112,-0.01,5.74
15.799315176904202,-0.01,5.74
15.800762351602316,-0.01,5.75
15.802228316664696,-0.01,5.71
15.803688377141953,-0.01,5.71
15.805138148367405,-0.01,5.7
15.806580860167742,-0.01,5.72
15.808040201663971,-0.01,5.73
15.809505354613066,-0.01,5.73
15.810957502573729,-0.01,5.73
15.812412437051535,-0.01,5.74
15.813868090510368,-0.01,5.73
15.815313708037138,-0.01,5.74
15.816771902143955,-0.02,5.73
15.8182328119874,-0.02,5.68
15.819695729762316,-0.01,5.7
15.821132972836494,-0.01,5.71
15.822589088231325,-0.01,5.69
15.824053075164557,-0.01,5.71
15.825500577688217,-0.02,5.67
15.826952315866947,-0.02,5.64
15.828410748392344,-0.02,5.68
15.829872734844685,-0.02,5.7
15.831317946314812,-0.01,5.71
15.832759249955416,-0.01,5.66
15.83423226699233,-0.02,5.64
15.835685539990664,-0.01,5.64
15.837141290307045,-0.01,5.69
15.838586244732141,-0.01,5.7
15.840044144541025,-0.01,5.71
15.841495458036661,-0.01,5.73
15.8429668918252,-0.01,5.68
15.844410561025143,-0.01,5.68
15.845870189368725,-0.01,5.67
15.847328037023544,-0.01,5.66
15.848773945122957,-0.01,5.71
15.850224919617176,-0.01,5.7
15.851681243628263,-0.01,5.67
15.853142689913511,-0.01,5.65
15.85460340231657,-0.02,5.66
15.856050860136747,-0.02,5.66
15.85750250890851,-0.01,5.65
15.85896148532629,-0.02,5.65
15.860421422868967,-0.02,5.64
15.861860767006874,-0.01,5.68
15.863318804651499,-0.01,5.69
15.86477592587471,-0.02,5.69
15.866227887570858,-0.02,5.64
15.867685090750456,-0.02,5.59
15.869144264608622,-0.01,5.58
15.870590824633837,-0.01,5.57
15.8720589466393,-0.02,5.57
15.87350394204259,-0.02,5.59
15.874963715672493,-0.02,5.59
15.876415811479092,-0.02,5.56
15.877857770770788,-0.02,5.55
15.879321027547121,-0.02,5.56
15.880781084299088,-0.02,5.56
15.882239285856485,-0.01,5.55
15.883685827255249,-0.01,5.58
15.885132934898138,-0.01,5.6
15.886604811996222,-0.02,5.59
15.888053264468908,-0.01,5.56
15.889514472335577,-0.02,5.57
15.89095439389348,-0.02,5.53
15.89242384582758,-0.01,5.53
15.893881041556597,-0.02,5.52
15.895332928746939,-0.02,5.49
15.89678879454732,-0.02,5.51
15.8982278034091,-0.02,5.54
15.899690389633179,-0.01,5.53
15.901144750416279,-0.01,5.53
15.90260498970747,-0.01,5.52
15.904063392430544,-0.02,5.53
15.905518591403961,-0.02,5.59
15.90697330981493,-0.02,5.56
15.908422838896513,-0.02,5.53
15.909874349832535,-0.02,5.54
15.911334857344627,-0.02,5.58
15.912777841091156,-0.02,5.54
15.914234772324562,-0.02,5.51
15.915694806724787,-0.01,5.49
15.917140435427427,-0.02,5.5
15.918607022613287,-0.02,5.51
15.920061405748129,-0.02,5.52
15.921507362276316,-0.02,5.51
15.92296639829874,-0.02,5.46
15.924427598714828,-0.02,5.48
15.925881654024124,-0.02,5.5
15.927334010601044,-0.02,5.5
15.928789623081684,-0.02,5.49
15.93024593219161,-0.02,5.48
15.931701827794313,-0.02,5.43
15.933153722435236,-0.01,5.45
15.93461199104786,-0.01,5.49
15.93605899810791,-0.02,5.47
15.937516115605831,-0.02,5.46
15.938969694077969,-0.02,5.43
15.940424095839262,-0.02,5.45
15.941883690655231,-0.02,5.48
15.943338576704264,-0.02,5.44
15.944780945777893,-0.02,5.44
15.946247793734074,-0.02,5.39
15.947703924030066,-0.01,5.41
15.949153691530228,-0.01,5.41
15.950614832341671,-0.01,5.35
15.952063627541065,-0.01,5.37
15.953508980572224,-0.02,5.37
15.95496229827404,-0.02,5.35
15.956432774662971,-0.02,5.34
15.957870706915855,-0.02,5.39
15.959324188530445,-0.02,5.39
15.960796110332012,-0.02,5.38
15.962249614298344,-0.02,5.35
15.963694531470537,-0.02,5.34
15.96515890955925,-0.02,5.34
15.96660615131259,-0.02,5.34
15.968068141490221,-0.02,5.36
15.969512842595577,-0.02,5.35
15.970971580594778,-0.02,5.31
15.972429282963276,-0.02,5.31
15.973881557583809,-0.02,5.33
15.975339766591787,-0.02,5.34
15.976798824965954,-0.02,5.3
15.978247817605734,-0.02,5.3
15.979708440601826,-0.02,5.26
15.981159295886755,-0.02,5.25
15.98260734975338,-0.02,5.27
15.984072003513575,-0.02,5.26
15.985517736524343,-0.02,5.22
15.986967958509922,-0.02,5.2
15.988430853933096,-0.02,5.2
15.989880967885256,-0.02,5.16
15.991339918226004,-0.02,5.16
15.99279498681426,-0.02,5.18
15.994231391698122,-0.02,5.19
15.995688457041979,-0.02,5.21
15.997155524790287,-0.02,5.18
15.998613111674786,-0.02,5.18
16.000070445239544,-0.02,5.19
16.001520715653896,-0.02,5.17
16.002975534647703,-0.02,5.17
16.004422903060913,-0.02,5.13
16.005886137485504,-0.02,5.14
16.00734233111143,-0.02,5.16
16.008798986673355,-0.02,5.16
16.010248240083456,-0.02,5.1
16.011703107506037,-0.02,5.09
16.01316412910819,-0.02,5.12
16.01460998132825,-0.02,5.15
16.01606997475028,-0.02,5.11
16.017524383962154,-0.02,5.08
16.018977098166943,-0.01,5.05
16.02042631804943,-0.01,5.07
16.021896053105593,-0.02,5.09
16.023342847824097,-0.02,5.08
16.024794038385153,-0.01,5.1
16.026250552386045,-0.01,5.08
16.027706872671843,-0.01,5.05
16.02915884181857,-0.01,5.08
16.030607316643,-0.01,5.06
16.032071977853775,-0.01,5.09
16.033521819859743,-0.02,5.1
16.03498236089945,-0.02,5.06
16.036433424800634,-0.02,5.09
16.03788312524557,-0.02,5.11
16.039342895150185,-0.01,5.07
16.040804479271173,-0.01,5.07
16.042249962687492,-0.01,5.08
16.043708972632885,-0.01,5.1
16.04516113176942,-0.01,5.1
16.046621792018414,-0.01,5.07
16.048065043985844,-0.01,5.05
16.049519944936037,-0.01,5.07
16.050980284810066,-0.01,5.06
16.052436776459217,-0.01,5.06
16.053881246596575,-0.01,5.05
16.055352739989758,-0.01,5.01
16.056792452931404,-0.01,5.03
16.05825625360012,-0.01,5.02
16.059702515602112,-0.01,5.02
16.061161313205957,-0.01,5.04
16.062611747533083,-0.01,4.99
16.064067900180817,-0.01,5.03
16.065530367195606,-0.01,5.07
16.066979460418224,-0.01,5.07
16.068439085036516,-0.01,5.02
16.06987938284874,-0.01,5.04
16.071348804980516,-0.01,5.03
16.072807755321264,-0.01,5.05
16.074256420135498,-0.01,5.08
16.0757014490664,-0.01,5.05
16.07716653496027,-0.01,5.04
16.078621819615364,-0.01,5.05
16.08008322119713,-0.01,5.05
16.0815217718482,-0.01,5.02
16.082992281764746,-0.01,5.02
16.084440387785435,-0.01,5.02
16.085877504199743,-0.01,5.06
16.08734419196844,-0.01,5.08
16.088801879435778,-0.01,5.08
16.09025476127863,-0.01,5.09
16.091711089015007,-0.01,5.07
16.09316474199295,-0.01,5.03
16.094624929130077,-0.01,5.07
16.096077255904675,-0.01,5.09
16.097530029714108,-0.01,5.02
16.098988570272923,-0.01,5.01
16.100441303104162,-0.01,5.04
16.101895473897457,-0.01,5.01
16.103344097733498,-0.01,4.98
16.104796230793,-0.01,4.97
16.106260865926743,-0.01,4.98
16.107724491506815,-0.01,4.95
16.10915930941701,-0.01,5.0
16.110627442598343,-0.01,5.0
16.11207390576601,-0.01,5.0
16.11353086307645,-0.01,5.05
16.114981040358543,-0.01,5.05
16.116438541561365,-0.01,5.04
16.11789846792817,-0.01,5.04
16.119351256638765,-0.01,5.03
16.120804149657488,-0.01,5.03
16.122258443385363,-0.01,5.0
16.123722914606333,-0.01,5.03
16.12517425790429,-0.01,5.06
16.126626957207918,-0.01,5.0
16.128086388111115,-0.01,4.95
16.129532612860203,-0.01,4.98
16.130979530513287,-0.01,5.0
16.132434774190187,-0.01,5.0
16.133888728916645,-0.01,4.99
16.13535714149475,-0.01,5.0
16.136815674602985,-0.01,5.06
16.13826848939061,-0.01,5.05
16.139717109501362,-0.01,5.01
16.14117555320263,-0.01,4.99
16.14262503758073,-0.01,5.01
16.144078817218542,-0.01,5.01
16.145527839660645,-0.01,5.0
16.146992705762386,-0.01,5.0
16.14843936637044,-0.01,4.97
16.149901285767555,-0.01,4.98
16.151355601847172,-0.01,5.0
16.15281491354108,-0.01,5.01
16.15426830202341,-0.01,5.04
16.155714064836502,-0.01,5.02
16.15717940032482,-0.01,5.03
16.158618308603764,-0.01,5.0
16.16007787361741,-0.01,4.99
16.161537170410156,-0.01,4.98
16.162992026656866,-0.01,5.0
16.164443753659725,-0.01,5.02
16.165903244167566,-0.01,5.01
16.167360588908195,-0.01,5.05
16.16880426555872,-0.01,5.04
16.170268889516592,-0.01,5.05
16.17172446846962,-0.01,5.07
16.173173755407333,-0.01,5.07
16.174627400934696,-0.01,5.04
16.176086854189634,-0.01,5.01
16.177541323006153,-0.01,5.01
16.17911110818386,-0.01,5.03
16.18046060949564,-0.01,5.02
16.181907881051302,-0.01,5.0
16.183354754000902,-0.01,5.04
16.18480557203293,-0.01,5.09
16.18627032637596,-0.01,5.07
16.18771741166711,-0.01,5.08
16.189172435551882,-0.01,5.08
16.190619193017483,-0.01,5.09
16.192087948322296,-0.01,5.07
16.19353849813342,-0.01,5.05
16.19499308243394,-0.01,5.06
16.196450028568506,-0.01,5.06
16.19790280610323,-0.01,5.07
16.199357509613037,-0.01,5.05
16.200819458812475,-0.01,5.08
16.202263232320547,-0.01,5.1
16.203722223639488,-0.01,5.08
16.205179661512375,-0.01,5.1
16.206637270748615,-0.01,5.07
16.20808717608452,-0.01,5.09
16.209540225565434,-0.01,5.11
16.2109868042171,-0.01,5.12
16.212452169507742,-0.01,5.14
16.2139057777822,-0.01,5.13
16.21536334976554,-0.01,5.13
16.216818306595087,-0.01,5.16
16.21825549006462,-0.01,5.15
16.219729367643595,-0.01,5.16
16.221168223768473,-0.01,5.15
16.222634106874466,-0.01,5.14
16.224124524742365,-0.01,5.12
16.22554601728916,-0.01,5.15
16.226988304406404,-0.01,5.17
16.228444784879684,-0.01,5.15
16.229904297739267,-0.01,5.15
16.2313576862216,-0.01,5.18
16.232820998877287,-0.01,5.16
16.23427840322256,-0.01,5.11
16.235720481723547,-0.01,5.16
16.23717302083969,-0.01,5.2
16.238618671894073,-0.01,5.17
16.240089122205973,-0.01,5.15
16.241542149335146,-0.01,5.15
16.24299405515194,-0.01,5.15
16.244460374116898,-0.01,5.18
16.245912171900272,-0.01,5.21
16.247364554554224,-0.0,5.23
16.24882224574685,-0.01,5.22
16.250274270772934,-0.01,5.21
16.251728907227516,-0.01,5.23
16.25317995622754,-0.01,5.21
16.254639122635126,-0.01,5.19
16.256083372980356,-0.01,5.2
16.257544945925474,-0.01,5.21
16.258992817252874,-0.01,5.22
16.260444320738316,-0.01,5.23
16.261904258280993,-0.01,5.28
16.26336893811822,-0.01,5.28
16.26482430845499,-0.0,5.24
16.266275234520435,-0.01,5.26
16.267723936587572,-0.01,5.24
16.2691744081676,-0.01,5.28
16.270636796951294,-0.01,5.33
16.272099442780018,-0.0,5.3
16.2735459767282,-0.0,5.3
16.275003910064697,-0.0,5.32
16.276456028223038,-0.0,5.29
16.27790465578437,-0.01,5.33
16.27936326339841,-0.01,5.37
16.2808183953166,-0.01,5.32
16.282276581972837,-0.01,5.31
16.283727407455444,-0.01,5.35
16.285176776349545,-0.01,5.4
16.286632396280766,-0.01,5.37
16.288093484938145,-0.01,5.36
16.289547715336084,-0.01,5.34
16.291005931794643,-0.01,5.3
16.292457967996597,-0.01,5.35
16.29390911012888,-0.01,5.41
16.295367524027824,-0.01,5.45
16.296813692897558,-0.01,5.43
16.29826930165291,-0.01,5.38
16.29973978921771,-0.01,5.38
16.301182825118303,-0.01,5.36
16.30264163017273,-0.01,5.36
16.304093807935715,-0.01,5.45
16.30553949251771,-0.01,5.47
16.30699361488223,-0.01,5.43
16.3084557056427,-0.01,5.44
16.30990679934621,-0.01,5.45
16.311364080756903,-0.01,5.43
16.312819238752127,-0.01,5.42
16.314271565526724,-0.01,5.44
16.315720923244953,-0.01,5.48
16.317175775766373,-0.01,5.45
16.318625271320343,-0.01,5.45
16.32009395956993,-0.01,5.46
16.32153520733118,-0.01,5.46
16.32298945635557,-0.01,5.47
16.324446815997362,-0.01,5.45
16.325903747230768,-0.01,5.42
16.32735539972782,-0.01,5.44
16.328812070190907,-0.01,5.46
16.330260448157787,-0.01,5.48
16.331714786589146,-0.01,5.48
16.333177305758,-0.01,5.5
16.334624774754047,-0.01,5.51
16.33607644215226,-0.01,5.48
16.3375336304307,-0.01,5.46
16.338993448764086,-0.01,5.46
16.34044971689582,-0.01,5.44
16.341904811561108,-0.01,5.48
16.343350917100906,-0.01,5.52
16.344817578792572,-0.01,5.51
16.346260223537683,-0.01,5.5
16.347713485360146,-0.01,5.53
16.34917303547263,-0.01,5.54
16.350637588649988,-0.01,5.56
16.352088641375303,-0.01,5.52
16.35353907197714,-0.01,5.51
16.354995895177126,-0.01,5.54
16.356445264071226,-0.01,5.53
16.357907883822918,-0.01,5.54
16.35936540365219,-0.01,5.53
16.360806934535503,-0.01,5.53
16.362276315689087,-0.01,5.51
16.36371812596917,-0.01,5.54
16.36517357826233,-0.01,5.53
16.366632655262947,-0.01,5.5
16.368088085204363,-0.01,5.51
16.369537729769945,-0.01,5.54
16.37099924683571,-0.01,5.55
16.372448086738586,-0.01,5.52
16.373908009380102,-0.01,5.51
16.375363137573004,-0.01,5.53
16.37681671604514,-0.01,5.55
16.378272783011198,-0.01,5.59
16.379727389663458,-0.01,5.61
16.381179619580507,-0.01,5.61
16.382626965641975,-0.01,5.59
16.384081289172173,-0.01,5.57
16.38553896546364,-0.01,5.57
16.386990688741207,-0.01,5.58
16.388445541262627,-0.01,5.59
16.389905963093042,-0.01,5.57
16.39135044813156,-0.01,5.58
16.39281428232789,-0.01,5.6
16.394256580621004,-0.01,5.61
16.395720668137074,-0.01,5.59
16.39717721194029,-0.01,5.6
16.398617051541805,-0.01,5.62
16.400077871978283,-0.01,5.56
16.40153256431222,-0.01,5.58
16.402985740453005,-0.01,5.64
16.404442314058542,-0.01,5.65
16.40589478611946,-0.01,5.61
16.407352942973375,-0.01,5.62
16.40880685299635,-0.01,5.64
16.410262901335955,-0.01,5.66
16.411714769899845,-0.01,5.63
16.41316783800721,-0.01,5.62
16.41462530195713,-0.01,5.63
16.416085243225098,-0.01,5.65
16.417526375502348,-0.01,5.62
16.418987188488245,-0.01,5.63
16.420443452894688,-0.01,5.65
16.42188373208046,-0.01,5.64
16.42335031926632,-0.01,5.65
16.42481454089284,-0.01,5.66
16.426260117441416,-0.01,5.64
16.4277063049376,-0.01,5.69
16.42917015776038,-0.01,5.66
16.43062261119485,-0.01,5.64
16.43207700178027,-0.01,5.64
16.433538906276226,-0.01,5.66
16.434989128261805,-0.01,5.64
16.436433788388968,-0.01,5.66
16.437886375933886,-0.01,5.66
16.43935303762555,-0.01,5.61
16.4408030025661,-0.01,5.61
16.442268166691065,-0.01,5.67
16.443707212805748,-0.01,5.68
16.445180248469114,-0.01,5.69
16.446621410548687,-0.01,5.67
16.44808541610837,-0.01,5.68
16.449530102312565,-0.01,5.66
16.450988300144672,-0.01,5.59
16.45244826376438,-0.01,5.63
16.45390745997429,-0.01,5.66
16.455355629324913,-0.01,5.67
16.45680696889758,-0.01,5.62
16.45826044306159,-0.01,5.63
16.45972254127264,-0.01,5.65
16.461175847798586,-0.01,5.66
16.462620999664068,-0.01,5.69
16.46407812088728,-0.01,5.66
16.465539392083883,-0.01,5.67
16.466990135610104,-0.01,5.7
16.468449257314205,-0.01,5.67
16.469888135790825,-0.01,5.63
16.471356879919767,-0.01,5.63
16.472813311964273,-0.01,5.64
16.47427861392498,-0.01,5.64
16.47573722153902,-0.01,5.67
16.477176681160927,-0.01,5.69
16.478635724633932,-0.01,5.7
16.480091620236635,-0.01,5.67
16.48153829574585,-0.01,5.65
16.482995823025703,-0.01,5.66
16.48444615676999,-0.01,5.66
16.48588614165783,-0.01,5.63
16.487364917993546,-0.01,5.61
16.4888070859015,-0.01,5.62
16.490265227854252,-0.01,5.6
16.49172304570675,-0.01,5.59
16.49318080022931,-0.01,5.62
16.49463503435254,-0.01,5.57
16.496091552078724,-0.01,5.57
16.497538074851036,-0.01,5.6
16.49899372085929,-0.01,5.63
16.500445812940598,-0.01,5.62
16.501889668405056,-0.01,5.62
16.50335105508566,-0.01,5.63
16.504810225218534,-0.01,5.66
16.5062632933259,-0.01,5.61
16.50771027803421,-0.01,5.61
16.509178016334772,-0.01,5.57
16.510629799216986,-0.01,5.59
16.51208048313856,-0.01,5.64
16.513533119112253,-0.01,5.63
16.514989722520113,-0.01,5.61
16.516446892172098,-0.01,5.63
16.51790838316083,-0.01,5.61
16.5193599909544,-0.01,5.61
16.520819701254368,-0.01,5.64
16.522259689867496,-0.01,5.65
16.523726113140583,-0.01,5.63
16.52516682446003,-0.01,5.64
16.526621390134096,-0.01,5.61
16.52808879315853,-0.01,5.58
16.5295397490263,-0.01,5.61
16.53098925575614,-0.01,5.58
16.532448384910822,-0.01,5.55
16.533895660191774,-0.01,5.59
16.535352755337954,-0.01,5.61
16.536813583225012,-0.01,5.58
16.53827416524291,-0.01,5.58
16.539722241461277,-0.01,5.57
16.541174098849297,-0.01,5.59
16.542622558772564,-0.01,5.59
16.544086575508118,-0.01,5.58
16.545537658035755,-0.01,5.59
16.546990543603897,-0.01,5.56
16.548448260873556,-0.01,5.53
16.549903590232134,-0.01,5.55
16.55136652290821,-0.01,5.54
16.55281189084053,-0.01,5.5
16.55427196994424,-0.01,5.53
16.555740512907505,-0.01,5.5
16.557249415665865,-0.01,5.53
16.55862568691373,-0.01,5.5
16.560083001852036,-0.01,5.51
16.56154104694724,-0.01,5.53
16.562990624457598,-0.01,5.52
16.56444998458028,-0.01,5.48
16.56589738279581,-0.01,5.53
16.567356821149588,-0.01,5.52
16.56881547346711,-0.01,5.5
16.5702711828053,-0.01,5.5
16.57172054052353,-0.01,5.52
16.573184959590435,-0.01,5.52
16.57463665306568,-0.01,5.57
16.576091419905424,-0.01,5.57
16.577538672834635,-0.01,5.54
16.578991271555424,-0.01,5.5
16.580457232892513,-0.01,5.51
16.581890881061554,-0.01,5.55
16.583366598933935,-0.01,5.54
16.584818858653307,-0.01,5.55
16.58627313748002,-0.01,5.55
16.58772912621498,-0.01,5.53
16.589185860008,-0.01,5.55
16.59062982350588,-0.01,5.54
16.59209006279707,-0.01,5.52
16.593538612127304,-0.01,5.47
16.595000971108675,-0.01,5.54
16.596452314406633,-0.01,5.58
16.59791149199009,-0.01,5.52
16.59936549887061,-0.01,5.51
16.60080898925662,-0.01,5.53
16.602300349622965,-0.01,5.56
16.603729519993067,-0.01,5.53
16.605181477963924,-0.01,5.51
16.606628391891718,-0.01,5.49
16.60809439048171,-0.01,5.5
16.60954447835684,-0.01,5.53
16.611002672463655,-0.01,5.53
16.612448506057262,-0.01,5.53
16.61391556635499,-0.01,5.56
16.615364618599415,-0.01,5.56
16.61681779846549,-0.01,5.57
16.618286918848753,-0.01,5.52
16.619726195931435,-0.01,5.53
16.62118001654744,-0.01,5.52
16.622644413262606,-0.01,5.54
16.624083887785673,-0.01,5.55
16.62554894760251,-0.01,5.54
16.627010084688663,-0.01,5.55
16.628456939011812,-0.01,5.54
16.629917968064547,-0.01,5.54
16.631365593522787,-0.01,5.55
16.6328177601099,-0.01,5.54
16.634276743978262,-0.01,5.53
16.63572796806693,-0.01,5.54
16.63717942684889,-0.01,5.52
16.638641022145748,-0.01,5.56
16.640099555253983,-0.01,5.59
16.641554288566113,-0.01,5.55
16.64300277084112,-0.01,5.54
16.644457895308733,-0.01,5.56
16.645912278443575,-0.01,5.61
16.647352509200573,-0.01,5.59
16.64882805198431,-0.01,5.57
16.650280136615038,-0.01,5.57
16.65173925831914,-0.01,5.58
16.653176557272673,-0.01,5.55
16.654633939266205,-0.01,5.57
16.656086914241314,-0.01,5.55
16.657550044357777,-0.01,5.51
16.65900692716241,-0.01,5.52
16.660466380417347,-0.01,5.56
16.66192040219903,-0.01,5.54
16.663361452519894,-0.01,5.57
16.664814945310354,-0.01,5.57
16.666280291974545,-0.01,5.55
16.66773234680295,-0.01,5.61
16.669184383004904,-0.01,5.6
16.670642480254173,-0.01,5.57
16.672096893191338,-0.01,5.57
16.67355415970087,-0.01,5.61
16.6750098913908,-0.01,5.6
16.67646536231041,-0.01,5.57
16.677917394787073,-0.01,5.56
16.6793769672513,-0.01,5.55
16.680831864476204,-0.01,5.58
16.682289592921734,-0.01,5.62
16.68373330309987,-0.01,5.62
16.68517976999283,-0.01,5.63
16.686645057052374,-0.01,5.64
16.688094288110733,-0.01,5.68
16.6895591057837,-0.01,5.67
16.691007986664772,-0.01,5.67
16.692464232444763,-0.01,5.65
16.693912986665964,-0.01,5.61
16.695373710244894,-0.01,5.61
16.69682865589857,-0.01,5.66
16.698282405734062,-0.01,5.64
16.699735701084137,-0.01,5.66
16.701202653348446,-0.01,5.68
16.70264406874776,-0.01,5.68
16.704097505658865,-0.01,5.68
16.705557394772768,-0.01,5.65
16.707014705985785,-0.01,5.67
16.70847375690937,-0.01,5.7
16.709916032850742,-0.01,5.67
16.71137786656618,-0.01,5.6
16.712824810296297,-0.01,5.59
16.714285641908646,-0.01,5.65
16.71574132144451,-0.01,5.73
16.71719190850854,-0.01,5.7
16.718646213412285,-0.01,5.73
16.720109172165394,-0.01,5.67
16.72156186029315,-0.01,5.64
16.723009202629328,-0.01,5.71
16.724467523396015,-0.01,5.71
16.72592042386532,-0.01,5.71
16.72737656533718,-0.01,5.71
16.728837620466948,-0.01,5.73
16.73027963936329,-0.01,5.74
16.731748461723328,-0.01,5.81
16.733181413263083,-0.01,5.8
16.734644912183285,-0.01,5.76
16.736108612269163,-0.01,5.77
16.737560279667377,-0.01,5.76
16.73900718986988,-0.01,5.76
16.74046029150486,-0.01,5.81
16.741928074508905,-0.01,5.78
16.743375305086374,-0.01,5.81
16.744837261736393,-0.01,5.79
16.7462844774127,-0.01,5.79
16.747738979756832,-0.01,5.8
16.749188896268606,-0.01,5.82
16.750640906393528,-0.01,5.81
16.75210215523839,-0.01,5.84
16.753562059253454,-0.01,5.87
16.755009412765503,-0.01,5.83
16.756467435508966,-0.01,5.83
16.75791610404849,-0.01,5.86
16.759370408952236,-0.01,5.88
16.76082944124937,-0.01,5.84
16.762285120785236,-0.01,5.85
16.76374601200223,-0.01,5.86
16.765185624361038,-0.01,5.85
16.766648560762405,-0.01,5.85
16.76810621097684,-0.01,5.86
16.76955633983016,-0.01,5.9
16.771005276590586,-0.01,5.91
16.772470109164715,-0.01,5.9
16.773920565843582,-0.01,5.91
16.77537978440523,-0.01,5.89
16.776827558875084,-0.01,5.88
16.77828259766102,-0.01,5.92
16.779735445976257,-0.01,5.93
16.781180776655674,-0.01,5.91
16.782650586217642,-0.01,5.93
16.78409879282117,-0.01,5.91
16.785561461001635,-0.01,5.95
16.78701113164425,-0.01,5.94
16.788468293845654,-0.01,5.9
16.789925571531057,-0.01,5.91
16.791375432163477,-0.01,5.94
16.792838916182518,-0.01,5.98
16.794291630387306,-0.01,6.01
16.795745000243187,-0.01,5.96
16.797192074358463,-0.01,5.95
16.79865561798215,-0.01,5.95
16.80010948330164,-0.01,5.96
16.8015652038157,-0.01,5.97
16.803010754287243,-0.01,5.98
16.804468903690577,-0.01,5.99
16.80593755096197,-0.01,6.01
16.80738404765725,-0.01,6.04
16.808836363255978,-0.01,6.01
16.8102868758142,-0.01,6.02
16.811750501394272,-0.01,6.02
16.813208408653736,-0.01,6.06
16.814652930945158,-0.01,6.08
16.81610357761383,-0.01,6.09
16.81756853312254,-0.01,6.09
16.81902165710926,-0.01,6.08
16.820476800203323,-0.01,6.11
16.821935296058655,-0.01,6.13
16.82338871061802,-0.01,6.11
16.824839185923338,-0.01,6.06
16.826291903853416,-0.01,6.05
16.827748510986567,-0.01,6.11
16.82919505611062,-0.01,6.12
16.830648824572563,-0.01,6.11
16.83211763203144,-0.01,6.14
16.833572581410408,-0.01,6.12
16.835019253194332,-0.01,6.15
16.83647955954075,-0.01,6.17
16.837923914194107,-0.01,6.22
16.839390967041254,-0.01,6.16
16.840841080993414,-0.01,6.15
16.842297811061144,-0.01,6.2
16.84374199062586,-0.01,6.18
16.845210202038288,-0.01,6.2
16.84666322544217,-0.01,6.14
16.848113786429167,-0.01,6.14
16.84956171363592,-0.01,6.25
16.85102681070566,-0.01,6.24
16.852475211024284,-0.01,6.18
16.853929296135902,-0.01,6.19
16.855379913002253,-0.01,6.22
16.856831807643175,-0.01,6.21
16.85829608142376,-0.01,6.21
16.859747875481844,-0.01,6.22
16.861192785203457,-0.01,6.26
16.862655092030764,-0.01,6.3
16.864117335528135,-0.01,6.31
16.86556575447321,-0.01,6.28
16.867019273340702,-0.01,6.26
16.868485752493143,-0.01,6.25
16.86992299184203,-0.01,6.24
16.871379766613245,-0.01,6.25
16.872843503952026,-0.01,6.27
16.874295722693205,-0.01,6.29
16.875749338418245,-0.01,6.31
16.877188596874475,-0.01,6.32
16.87866261601448,-0.01,6.31
16.88012507930398,-0.01,6.31
16.88156070560217,-0.01,6.33
16.883022099733353,-0.01,6.35
16.884479481726885,-0.01,6.32
16.885921753942966,-0.01,6.32
16.887387074530125,-0.01,6.33
16.888841163367033,-0.01,6.37
16.890290316194296,-0.01,6.35
16.89175295457244,-0.01,6.31
16.89318861439824,-0.01,6.31
16.894648868590593,-0.01,6.34
16.89612015709281,-0.01,6.34
16.897567071020603,-0.01,6.36
16.899011876434088,-0.01,6.36
16.900469694286585,-0.01,6.34
16.90193084254861,-0.01,6.34
16.90339120477438,-0.01,6.33
16.90483384951949,-0.01,6.31
16.906298145651817,-0.01,6.33
16.90774827450514,-0.01,6.34
16.9092111364007,-0.01,6.35
16.91065664589405,-0.01,6.37
16.912116888910532,-0.01,6.38
16.913569822907448,-0.01,6.39
16.915027275681496,-0.01,6.42
16.916471414268017,-0.01,6.4
16.917926255613565,-0.01,6.36
16.9193795658648,-0.01,6.39
16.92083954438567,-0.01,6.46
16.922297317534685,-0.01,6.44
16.923758670687675,-0.01,6.39
16.925210382789373,-0.01,6.43
16.926667660474777,-0.01,6.45
16.928122017532587,-0.01,6.43
16.92958002537489,-0.01,6.41
16.931027937680483,-0.01,6.44
16.9324737675488,-0.01,6.44
16.933932408690453,-0.01,6.43
16.93538724631071,-0.01,6.44
16.93684521690011,-0.01,6.44
16.938305351883173,-0.01,6.42
16.93975955992937,-0.01,6.43
16.9412154071033,-0.01,6.41
16.94266750663519,-0.01,6.43
16.9441093839705,-0.01,6.43
16.945569775998592,-0.01,6.44
16.947022195905447,-0.01,6.44
16.948482144623995,-0.01,6.47
16.949943516403437,-0.01,6.44
16.951395578682423,-0.01,6.4
16.9528502933681,-0.01,6.42
16.95429201051593,-0.01,6.48
16.955760050565004,-0.01,6.47
16.957210183143616,-0.01,6.47
16.95865836367011,-0.01,6.44
16.960123609751463,-0.01,6.44
16.96157604083419,-0.01,6.45
16.963037434965372,-0.01,6.47
16.96447440236807,-0.01,6.51
16.965941689908504,-0.01,6.51
16.967390175908804,-0.01,6.46
16.968840431421995,-0.01,6.47
16.97029723227024,-0.01,6.47
16.971754804253578,-0.01,6.44
16.973214961588383,-0.01,6.47
16.974670711904764,-0.01,6.54
16.976115986704826,-0.01,6.51
16.977578539401293,-0.01,6.45
16.97903362289071,-0.01,6.5
16.980479773133993,-0.01,6.51
16.98194009438157,-0.01,6.53
16.983396984636784,-0.01,6.57
16.984851956367493,-0.01,6.55
16.986305840313435,-0.01,6.54
16.987761713564396,-0.01,6.58
16.989210434257984,-0.01,6.6
16.990668773651123,-0.01,6.57
16.992129866033792,-0.01,6.57
16.993577800691128,-0.01,6.56
16.995033774524927,-0.01,6.55
16.996484253555536,-0.01,6.53
16.997942935675383,-0.01,6.53
16.99939315393567,-0.01,6.56
17.00085663050413,-0.01,6.54
17.00230235233903,-0.01,6.57
17.00376147031784,-0.01,6.6
17.005229227244854,-0.01,6.6
17.006677743047476,-0.01,6.6
17.00813226774335,-0.01,6.62
17.00958587601781,-0.01,6.61
17.011026617139578,-0.01,6.57
17.012488674372435,-0.01,6.59
17.0139312595129,-0.01,6.62
17.015404041856527,-0.02,6.61
17.01685220748186,-0.02,6.62
17.01830316707492,-0.01,6.68
17.01976589858532,-0.01,6.68
17.02121451124549,-0.01,6.68
17.02267651259899,-0.02,6.7
17.024127922952175,-0.02,6.7
17.02558221668005,-0.01,6.68
17.027033492922783,-0.01,6.69
17.02847970277071,-0.01,6.73
17.029943376779556,-0.01,6.76
17.031398732215166,-0.01,6.77
17.032851703464985,-0.01,6.74
17.034310687333345,-0.02,6.66
17.035762779414654,-0.01,6.69
17.03721149265766,-0.01,6.72
17.038673020899296,-0.01,6.72
17.040131725370884,-0.01,6.77
17.041583843529224,-0.02,6.8
17.043044865131378,-0.02,6.8
17.044479321688414,-0.01,6.76
17.045956701040268,-0.01,6.77
17.04740195348859,-0.01,6.79
17.048856992274523,-0.01,6.79
17.050315231084824,-0.01,6.82
17.051764201372862,-0.01,6.82
17.05322641134262,-0.01,6.84
17.054669849574566,-0.01,6.83
17.0561247728765,-0.01,6.82
17.05758862197399,-0.01,6.84
17.059034906327724,-0.01,6.86
17.06048732250929,-0.01,6.86
17.06194906309247,-0.01,6.89
17.06340179592371,-0.01,6.91
17.06486215442419,-0.01,6.9
17.066307056695223,-0.01,6.94
17.06777238100767,-0.01,6.91
17.06922935694456,-0.01,6.94
17.07068056240678,-0.02,6.94
17.072136256843805,-0.02,6.92
17.07358617708087,-0.02,6.95
17.07504414021969,-0.02,7.0
17.076502915471792,-0.02,6.99
17.077953804284334,-0.02,6.99
17.079401269555092,-0.02,7.02
17.08086360618472,-0.02,7.05
17.082319613546133,-0.02,7.07
17.083772726356983,-0.02,7.03
17.08521516621113,-0.02,7.07
17.086663033813238,-0.02,7.03
17.088135708123446,-0.02,7.03
17.089593082666397,-0.02,7.08
17.091046392917633,-0.02,7.1
17.092507012188435,-0.02,7.09
17.093951411545277,-0.02,7.08
17.09540919214487,-0.02,7.1
17.09685382246971,-0.02,7.14
17.098316073417664,-0.02,7.15
17.09976687654853,-0.02,7.14
17.10122910141945,-0.02,7.13
17.10268171876669,-0.02,7.13
17.104141015559435,-0.02,7.16
17.105591539293528,-0.02,7.16
17.107048578560352,-0.02,7.17
17.108503326773643,-0.02,7.17
17.10996326431632,-0.02,7.2
17.111413065344095,-0.02,7.2
17.112869173288345,-0.02,7.18
17.114325806498528,-0.02,7.18
17.1157809458673,-0.02,7.18
17.117230363190174,-0.02,7.2
17.118684325367212,-0.02,7.16
17.120143249630928,-0.02,7.19
17.121595837175846,-0.02,7.21
17.123038545250893,-0.02,7.2
17.12450898438692,-0.02,7.17
17.125961560755968,-0.02,7.17
17.12741283327341,-0.02,7.18
17.128867741674185,-0.02,7.19
17.130326107144356,-0.02,7.2
17.13177689909935,-0.02,7.21
17.13321979343891,-0.02,7.24
17.134691294282675,-0.02,7.23
17.136145763099194,-0.02,7.23
17.137599375098944,-0.02,7.21
17.139057524502277,-0.02,7.2
17.140509389340878,-0.02,7.19
17.141960613429546,-0.02,7.22
17.143455404788256,-0.02,7.24
17.144873097538948,-0.02,7.25
17.146326210349798,-0.02,7.23
17.14778057485819,-0.02,7.22
17.14923108741641,-0.02,7.21
17.150691471993923,-0.02,7.17
17.15214805305004,-0.02,7.17
17.15359788388014,-0.02,7.2
17.15505211800337,-0.02,7.21
17.156504333019257,-0.02,7.23
17.157956298440695,-0.02,7.26
17.15942306444049,-0.02,7.27
17.160878285765648,-0.02,7.26
17.16233069449663,-0.02,7.25
17.163768488913774,-0.02,7.25
17.165235832333565,-0.02,7.26
17.16669473052025,-0.02,7.28
17.168135780841112,-0.02,7.27
17.169589038938284,-0.02,7.28
17.171049512922764,-0.02,7.28
17.172505609691143,-0.02,7.24
17.173955090343952,-0.02,7.26
17.17541891336441,-0.02,7.28
17.176869198679924,-0.02,7.32
17.178320206701756,-0.02,7.35
17.17978285625577,-0.02,7.31
17.181232154369354,-0.02,7.34
17.18268783390522,-0.02,7.35
17.184145886451006,-0.02,7.28
17.18558680266142,-0.02,7.26
17.1870537661016,-0.02,7.31
17.188504297286272,-0.02,7.32
17.189967948943377,-0.02,7.29
17.191422950476408,-0.02,7.26
17.192869428545237,-0.02,7.29
17.194328919053078,-0.02,7.29
17.19576834887266,-0.02,7.27
17.19723690673709,-0.02,7.25
17.19868489727378,-0.02,7.32
17.200145829468966,-0.02,7.31
17.201589312404394,-0.02,7.29
17.203048694878817,-0.02,7.29
17.20450658351183,-0.02,7.29
17.205951020121574,-0.02,7.26
17.207409042865038,-0.02,7.3
17.208865527063608,-0.02,7.29
17.21032876893878,-0.02,7.28
17.211770482361317,-0.02,7.26
17.213232189416885,-0.02,7.19
17.21468473598361,-0.02,7.25
17.21613834798336,-0.02,7.25
17.217590298503637,-0.02,7.22
17.219044510275126,-0.02,7.24
17.220506478101015,-0.02,7.28
17.22196353599429,-0.02,7.26
17.223416354507208,-0.02,7.27
17.224874064326286,-0.02,7.27
17.226320818066597,-0.02,7.24
17.22777708619833,-0.02,7.24
17.22924068942666,-0.02,7.25
17.23069553077221,-0.02,7.23
17.232139706611633,-0.02,7.24
17.23359965533018,-0.02,7.26
17.235047090798616,-0.02,7.26
17.236512016505003,-0.02,7.28
17.237964048981667,-0.02,7.31
17.239410258829594,-0.02,7.27
17.240877263247967,-0.02,7.25
17.24232365936041,-0.02,7.27
17.243783079087734,-0.02,7.21
17.245244335383177,-0.02,7.22
17.24669574573636,-0.02,7.22
17.24814886972308,-0.02,7.24
17.24960696324706,-0.02,7.28
17.251046370714903,-0.02,7.28
17.252505213022232,-0.02,7.29
17.253970757126808,-0.02,7.26
17.255418334156275,-0.02,7.25
17.2568765245378,-0.02,7.24
17.25831911712885,-0.02,7.23
17.259776163846254,-0.02,7.23
17.261230386793613,-0.02,7.18
17.262695230543613,-0.02,7.19
17.264148484915495,-0.02,7.22
17.26560304313898,-0.02,7.2
17.26707197353244,-0.02,7.18
17.26851313188672,-0.02,7.2
17.26997135579586,-0.02,7.22
17.271423675119877,-0.02,7.19
17.272883884608746,-0.02,7.19
17.27433504909277,-0.02,7.2
17.275783456861973,-0.02,7.12
17.277244329452515,-0.02,7.14
17.27869415283203,-0.02,7.22
17.280142787843943,-0.02,7.19
17.28160249814391,-0.02,7.19
17.283059645444155,-0.02,7.18
17.284510657191277,-0.02,7.16
17.285968460142612,-0.02,7.14
17.28741715103388,-0.02,7.12
17.28887652605772,-0.02,7.17
17.290326833724976,-0.02,7.19
17.291789583861828,-0.02,7.18
17.29323999583721,-0.02,7.15
17.294703032821417,-0.02,7.1
17.29615182429552,-0.02,7.09
17.297605141997337,-0.02,7.13
17.299051102250814,-0.02,7.13
17.300514828413725,-0.02,7.13
17.30197211354971,-0.02,7.12
17.30342209339142,-0.02,7.09
17.304873045533895,-0.02,7.12
17.306329499930143,-0.02,7.12
17.3077958188951,-0.02,7.11
17.309239238500595,-0.02,7.11
17.310695726424456,-0.02,7.1
17.31214687973261,-0.02,7.08
17.31359865143895,-0.02,7.1
17.315058507025242,-0.02,7.13
17.316527243703604,-0.02,7.1
17.317964479327202,-0.02,7.11
17.319418773055077,-0.02,7.11
17.320874869823456,-0.02,7.05
17.322333358228207,-0.02,7.04
17.323786333203316,-0.02,7.05
17.325235906988382,-0.02,7.06
17.32668763771653,-0.02,7.02
17.328150756657124,-0.02,7.01
17.32959471642971,-0.02,7.06
17.33105180040002,-0.02,7.05
17.332514841109514,-0.02,7.08
17.333963580429554,-0.02,7.06
17.335421815514565,-0.02,7.03
17.33686136826873,-0.02,7.03
17.338319119066,-0.02,7.01
17.339775297790766,-0.02,7.0
17.341240629553795,-0.02,6.99
17.34269353374839,-0.02,7.0
17.344143513590097,-0.02,6.97
17.345606960356236,-0.02,6.96
17.347059298306704,-0.02,7.0
17.348490208387375,-0.02,7.04
17.349960319697857,-0.02,7.03
17.351419683545828,-0.02,6.99
17.352871529757977,-0.02,6.99
17.354327209293842,-0.02,7.05
17.355783496052027,-0.02,7.05
17.357225965708494,-0.02,6.99
17.35869001597166,-0.02,6.97
17.360149078071117,-0.02,7.01
17.361597575247288,-0.02,7.06
17.363046906888485,-0.02,7.03
17.364512093365192,-0.02,6.99
17.365965399891138,-0.02,7.0
17.367409113794565,-0.02,6.99
17.368874810636044,-0.02,7.0
17.370332077145576,-0.02,6.99
17.371783930808306,-0.02,7.0
17.37323433533311,-0.02,6.98
17.374697025865316,-0.02,6.99
17.37615030258894,-0.02,6.99
17.377602383494377,-0.02,7.0
17.37906129285693,-0.02,6.99
17.380514562129974,-0.02,6.97
17.381966594606638,-0.02,6.99
17.383420534431934,-0.02,6.97
17.384874373674393,-0.02,7.0
17.386321429163218,-0.02,6.99
17.387784745544195,-0.02,6.97
17.389244604855776,-0.02,6.99
17.39069027453661,-0.02,6.99
17.392145220190287,-0.02,7.0
17.39360659942031,-0.02,6.97
17.395058747380972,-0.02,6.95
17.396511755883694,-0.02,6.97
17.397960294038057,-0.02,6.97
17.399425398558378,-0.02,6.97
17.400868371129036,-0.02,6.99
17.402332298457623,-0.02,7.0
17.40378787741065,-0.02,7.02
17.405241433531046,-0.02,7.02
17.406687412410975,-0.02,7.03
17.408155258744955,-0.02,7.0
17.409610148519278,-0.02,6.99
17.411064449697733,-0.02,7.03
17.412511684000492,-0.02,7.04
17.41396578401327,-0.02,7.02
17.415419068187475,-0.02,7.03
17.416879646480083,-0.02,7.01
17.418334368616343,-0.02,6.99
17.41978806257248,-0.02,7.02
17.42123407870531,-0.02,7.05
17.422702811658382,-0.02,7.04
17.42414317280054,-0.02,7.02
17.425605718046427,-0.02,7.0
17.42705551534891,-0.02,7.02
17.42850036546588,-0.02,7.03
17.429967235773802,-0.02,7.05
17.431430391967297,-0.02,7.04
17.432874843478203,-0.01,7.04
17.43432318791747,-0.02,7.07
17.43578601256013,-0.02,7.03
17.437232717871666,-0.02,7.03
17.4386985078454,-0.01,7.08
17.440143883228302,-0.01,7.1
17.441607538610697,-0.01,7.09
17.443061619997025,-0.01,7.07
17.444511581212282,-0.01,7.05
17.44596678763628,-0.01,7.08
17.44742676243186,-0.02,7.11
17.44887024909258,-0.01,7.1
17.45033337920904,-0.01,7.1
17.451781414449215,-0.01,7.11
17.453229542821646,-0.01,7.08
17.454697251319885,-0.01,7.07
17.45614453777671,-0.01,7.09
17.45761025696993,-0.01,7.1
17.459058791399002,-0.01,7.13
17.460514940321445,-0.01,7.17
17.461968448013067,-0.01,7.17
17.463420119136572,-0.01,7.21
17.464879598468542,-0.01,7.19
17.46633257344365,-0.01,7.17
17.467781096696854,-0.01,7.2
17.469245854765177,-0.01,7.21
17.47069389373064,-0.01,7.2
17.472152087837458,-0.01,7.21
17.473613265901804,-0.01,7.22
17.47505611181259,-0.01,7.22
17.476493686437607,-0.01,7.18
17.477966625243425,-0.01,7.19
17.479427110403776,-0.01,7.24
17.48086866363883,-0.02,7.24
17.48233177885413,-0.02,7.24
17.48378735780716,-0.02,7.21
17.485235285013914,-0.02,7.22
17.48670007660985,-0.02,7.21
17.488142743706703,-0.02,7.19
17.48960890620947,-0.02,7.24
17.491049088537693,-0.02,7.21
17.492513243108988,-0.02,7.22
17.49396150559187,-0.02,7.22
17.49541549384594,-0.02,7.22
17.49686910584569,-0.02,7.21
17.498336501419544,-0.02,7.19
17.499777510762215,-0.02,7.2
17.501230988651514,-0.02,7.23
17.50269054621458,-0.02,7.24
17.504139259457588,-0.02,7.2
17.505604274570942,-0.02,7.19
17.507062401622534,-0.02,7.19
17.508512672036886,-0.02,7.19
17.50997230410576,-0.02,7.22
17.511429209262133,-0.02,7.24
17.51288026943803,-0.02,7.21
17.514331243932247,-0.02,7.24
17.515779115259647,-0.02,7.28
17.517242267727852,-0.02,7.26
17.518688715994358,-0.02,7.24
17.52015270665288,-0.02,7.29
17.5216030664742,-0.02,7.28
17.523058459162712,-0.02,7.22
17.524512831121683,-0.02,7.21
17.52597074955702,-0.02,7.23
17.527418710291386,-0.02,7.23
17.52886826545,-0.02,7.23
17.530320841819048,-0.02,7.25
17.53177961707115,-0.02,7.26
17.53324604034424,-0.02,7.29
17.534686889499426,-0.02,7.33
17.536150466650724,-0.02,7.33
17.5376069098711,-0.02,7.32
17.539060566574335,-0.01,7.34
17.540516439825296,-0.01,7.34
17.541957765817642,-0.02,7.32
17.54341610893607,-0.02,7.31
17.544867519289255,-0.02,7.34
17.546337570995092,-0.02,7.39
17.547792006284,-0.02,7.4
17.549241110682487,-0.02,7.39
17.550700217485428,-0.02,7.43
17.552139662206173,-0.02,7.44
17.553647238761187,-0.02,7.44
17.555071108043194,-0.01,7.43
17.55651545152068,-0.01,7.41
17.557968735694885,-0.01,7.46
17.559430174529552,-0.01,7.46
17.56088414415717,-0.01,7.44
17.562336791306734,-0.01,7.47
17.56378797441721,-0.01,7.51
17.565248418599367,-0.01,7.56
17.56669968366623,-0.01,7.57
17.5681448020041,-0.01,7.55
17.56960241496563,-0.01,7.55
17.571058116853237,-0.01,7.58
17.57251361384988,-0.01,7.6
17.573972675949335,-0.01,7.6
17.575412698090076,-0.01,7.63
17.576872173696756,-0.01,7.63
17.578329239040613,-0.01,7.62
17.579790022224188,-0.01,7.64
17.58123840764165,-0.01,7.67
17.582685109227896,-0.01,7.69
17.584149945527315,-0.01,7.7
17.58558753505349,-0.01,7.7
17.587061159312725,-0.01,7.7
17.58851521834731,-0.01,7.73
17.58997144177556,-0.01,7.72
17.59141606092453,-0.01,7.7
17.59286903589964,-0.01,7.72
17.59431890025735,-0.01,7.76
17.595783907920122,-0.01,7.74
17.59725534915924,-0.01,7.73
17.598706025630236,-0.01,7.74
17.600146152079105,-0.01,7.76
17.60160557925701,-0.01,7.79
17.603059481829405,-0.01,7.81
17.604515377432108,-0.01,7.78
17.60596576333046,-0.01,7.77
17.60742297768593,-0.01,7.79
17.608868658542633,-0.01,7.81
17.610321201384068,-0.01,7.84
17.61178183928132,-0.01,7.84
17.61323220282793,-0.02,7.86
17.61468779295683,-0.01,7.86
17.61614603549242,-0.01,7.86
17.617596171796322,-0.01,7.85
17.619047790765762,-0.02,7.88
17.620517920702696,-0.02,7.88
17.62196784839034,-0.02,7.85
17.62341382354498,-0.02,7.85
17.624876767396927,-0.02,7.86
17.62633103504777,-0.02,7.93
17.62778516113758,-0.01,7.92
17.629236813634634,-0.02,7.94
17.63069809228182,-0.02,7.95
17.63214634358883,-0.02,7.95
17.633601501584053,-0.01,7.91
17.63505992665887,-0.01,7.91
17.63651878386736,-0.02,7.95
17.637962371110916,-0.02,7.97
17.639429949223995,-0.02,7.96
17.64088534936309,-0.02,7.97
17.642337828874588,-0.02,8.02
17.64377924054861,-0.02,8.03
17.64525291696191,-0.02,8.01
17.646698646247387,-0.02,7.99
17.64814893901348,-0.02,7.99
17.649597577750683,-0.02,8.02
17.651055715978146,-0.02,8.03
17.652516707777977,-0.02,8.01
17.65397224202752,-0.02,8.03
17.6554318331182,-0.02,8.06
17.656882286071777,-0.02,8.02
17.65833306312561,-0.02,8.0
17.6597914211452,-0.01,8.02
17.661233093589544,-0.01,8.05
17.662703957408667,-0.02,8.07
17.664150923490524,-0.02,8.05
17.665612369775772,-0.02,8.03
17.667055502533913,-0.02,8.05
17.6685224249959,-0.02,8.11
17.669960383325815,-0.02,8.08
17.67142942175269,-0.02,8.07
17.672878235578537,-0.02,8.08
17.674340400844812,-0.02,8.09
17.675787054002285,-0.02,8.1
17.677233658730984,-0.01,8.12
17.67870482057333,-0.01,8.13
17.68015106767416,-0.02,8.13
17.68160306289792,-0.02,8.11
17.683066084980965,-0.02,8.12
17.68452001363039,-0.02,8.14
17.685967173427343,-0.02,8.14
17.68741825222969,-0.02,8.14
17.68887183815241,-0.02,8.13
17.690325267612934,-0.02,8.14
17.691785626113415,-0.02,8.13
17.693233910948038,-0.02,8.09
17.694684907794,-0.02,8.12
17.696142610162497,-0.02,8.13
17.697602301836014,-0.02,8.12
17.699046585708857,-0.02,8.11
17.70051421970129,-0.02,8.17
17.701970119029284,-0.02,8.16
17.703415147960186,-0.02,8.15
17.704874120652676,-0.02,8.18
17.70632655546069,-0.02,8.19
17.70777465030551,-0.02,8.15
17.709229588508606,-0.02,8.16
17.7106900960207,-0.02,8.13
17.71214357763529,-0.02,8.12
17.71360307186842,-0.02,8.14
17.715046405792236,-0.02,8.2
17.71649380028248,-0.02,8.21
17.717961695045233,-0.02,8.17
17.719416201114655,-0.02,8.15
17.7208712361753,-0.02,8.18
17.722330514341593,-0.02,8.18
17.72379072010517,-0.02,8.17
17.725230239331722,-0.02,8.16
17.72669893875718,-0.02,8.16
17.728140030056238,-0.02,8.15
17.72959901764989,-0.02,8.16
17.731056712567806,-0.02,8.19
17.732520174235106,-0.02,8.22
17.733973789960146,-0.02,8.2
17.73542135208845,-0.02,8.18
17.736874606460333,-0.02,8.21
17.738321632146835,-0.02,8.2
17.739784091711044,-0.02,8.21
17.741233371198177,-0.02,8.24
17.74269512668252,-0.02,8.23
17.74414785951376,-0.02,8.24
17.745611019432545,-0.02,8.2
17.747057039290667,-0.02,8.19
17.748500637710094,-0.02,8.25
17.749961651861668,-0.02,8.22
17.751428861171007,-0.02,8.21
17.75287190079689,-0.02,8.23
17.754333797842264,-0.02,8.25
17.755793288350105,-0.02,8.26
17.757250286638737,-0.02,8.24
17.75869494304061,-0.02,8.22
17.760152764618397,-0.02,8.22
17.761606756597757,-0.02,8.25
17.763064701110125,-0.02,8.28
17.764509189873934,-0.02,8.25
17.765970673412085,-0.02,8.24
17.76742672175169,-0.02,8.23
17.768873296678066,-0.02,8.24
17.770333096385002,-0.02,8.24
17.771795593202114,-0.02,8.27
17.773233331739902,-0.02,8.24
17.77468879520893,-0.02,8.17
17.776158154010773,-0.02,8.2
17.777605161070824,-0.02,8.19
17.779051568359137,-0.02,8.16
17.78050947934389,-0.02,8.19
17.78196881711483,-0.02,8.2
17.783425472676754,-0.02,8.18
17.784871488809586,-0.02,8.19
17.786340232938528,-0.02,8.23
17.78778763487935,-0.02,8.22
17.789251696318388,-0.02,8.24
17.790699869394302,-0.02,8.21
17.79215731099248,-0.02,8.17
17.793610278517008,-0.02,8.19
17.79506089910865,-0.02,8.16
17.796518869698048,-0.02,8.13
17.797975029796362,-0.02,8.14
17.799423560500145,-0.02,8.13
17.800882823765278,-0.02,8.16
17.80233569070697,-0.02,8.18
17.80379493162036,-0.02,8.16
17.80524930357933,-0.02,8.14
17.80670464038849,-0.02,8.1
17.808148343116045,-0.02,8.11
17.80960062518716,-0.02,8.13
17.81105361133814,-0.02,8.12
17.81252519786358,-0.02,8.12
17.813965640962124,-0.02,8.11
17.81542218476534,-0.02,8.1
17.816887512803078,-0.02,8.08
17.818329505622387,-0.02,8.08
17.819797579199076,-0.02,8.09
17.82124374806881,-0.02,8.06
17.82269724458456,-0.02,8.06
17.824154552072287,-0.02,8.08
17.82560582831502,-0.02,8.06
17.827054370194674,-0.02,8.09
17.82852252572775,-0.02,8.13
17.829979054629803,-0.02,8.11
17.83142927289009,-0.02,8.08
17.832874916493893,-0.02,8.08
17.834326658397913,-0.02,8.11
17.835789017379284,-0.02,8.11
17.83724718540907,-0.02,8.08
17.838701605796814,-0.02,8.08
17.840149387717247,-0.02,8.08
17.841609582304955,-0.02,8.0
17.843064557760954,-0.02,8.0
17.84450389444828,-0.02,7.99
17.845967058092356,-0.02,8.0
17.847435504198074,-0.02,8.02
17.848874524235725,-0.02,7.97
17.850333858281374,-0.02,7.96
17.85179678350687,-0.02,7.94
17.853248108178377,-0.02,7.89
17.854698598384857,-0.02,7.94
17.856150958687067,-0.02,7.97
17.857601918280125,-0.02,7.94
17.859062187373638,-0.02,7.89
17.86052491515875,-0.02,7.89
17.861977875232697,-0.02,7.92
17.863422598689795,-0.02,7.9
17.864884614944458,-0.02,7.91
17.866329286247492,-0.02,7.9
17.86779498308897,-0.02,7.9
17.86924759298563,-0.02,7.9
17.870693877339363,-0.02,7.88
17.872155889868736,-0.02,7.89
17.873609747737646,-0.02,7.86
17.875070989131927,-0.02,7.86
17.876522108912468,-0.02,7.83
17.877966985106468,-0.02,7.85
17.879435766488314,-0.02,7.86
17.88087821379304,-0.02,7.85
17.88234581425786,-0.02,7.84
17.88379678875208,-0.02,7.86
17.885250385850668,-0.02,7.86
17.886705055832863,-0.02,7.82
17.888159681111574,-0.02,7.84
17.889611564576626,-0.02,7.88
17.891068682074547,-0.02,7.82
17.892524648457766,-0.02,7.78
17.893972761929035,-0.02,7.79
17.895429257303476,-0.02,7.79
17.896886609494686,-0.02,7.85
17.898346096277237,-0.02,7.81
17.899787459522486,-0.02,7.81
17.901255499571562,-0.02,7.83
17.902696900069714,-0.02,7.82
17.904152039438486,-0.02,7.82
17.905619878321886,-0.02,7.77
17.90705731511116,-0.02,7.75
17.90852367505431,-0.02,7.79
17.909983344376087,-0.02,7.79
17.91143100708723,-0.02,7.78
17.91289049386978,-0.02,7.79
17.91433047130704,-0.02,7.78
17.915784318000078,-0.02,7.76
17.91724716499448,-0.02,7.74
17.918695479631424,-0.02,7.78
17.920158237218857,-0.02,7.79
17.921601213514805,-0.02,7.8
17.923064433038235,-0.02,7.83
17.924527529627085,-0.02,7.82
17.925970647484064,-0.02,7.84
17.927438005805016,-0.02,7.8
17.92889029532671,-0.02,7.75
17.93033242598176,-0.02,7.77
17.93178342282772,-0.02,7.81
17.933247182518244,-0.02,7.75
17.934706393629313,-0.02,7.75
17.936152070760727,-0.02,7.8
17.937618799507618,-0.02,7.81
17.939067509025335,-0.02,7.76
17.940530940890312,-0.02,7.72
17.94197803735733,-0.02,7.77
17.94343065842986,-0.02,7.83
17.9448902644217,-0.02,7.8
17.94634936004877,-0.02,7.76
17.94779870659113,-0.02,7.74
17.949248906224966,-0.02,7.71
17.950750708580017,-0.02,7.73
17.952153895050287,-0.02,7.74
17.953605264425278,-0.02,7.73
17.95505889132619,-0.02,7.74
17.956528428941965,-0.02,7.76
17.95797238126397,-0.02,7.74
17.95942335948348,-0.02,7.73
17.960877418518066,-0.02,7.72
17.962346721440554,-0.02,7.73
17.96380015462637,-0.02,7.73
17.96525840461254,-0.02,7.74
17.966710407286882,-0.02,7.75
17.968154184520245,-0.02,7.77
17.969618760049343,-0.02,7.79
17.971075411885977,-0.02,7.77
17.9725270755589,-0.01,7.76
17.973973382264376,-0.02,7.79
17.975430849939585,-0.02,7.81
17.97688964754343,-0.02,7.83
17.978343535214663,-0.02,7.78
17.979784071445465,-0.01,7.79
17.981242444366217,-0.02,7.78
17.982698135077953,-0.02,7.76
17.984164871275425,-0.01,7.73
17.985608991235495,-0.02,7.75
17.987060505896807,-0.02,7.76
17.988530151546,-0.02,7.72
17.989979691803455,-0.02,7.75
17.9914273545146,-0.02,7.76
17.99289097264409,-0.02,7.72
17.99433683231473,-0.02,7.7
17.99579666554928,-0.02,7.68
17.997254095971584,-0.02,7.68
17.998706705868244,-0.02,7.71
18.000151582062244,-0.02,7.72
18.00161585584283,-0.02,7.73
18.003077436238527,-0.02,7.78
18.004531122744083,-0.02,7.8
18.005981136113405,-0.02,7.74
18.00742604956031,-0.02,7.73
18.00888303667307,-0.02,7.72
18.010338630527258,-0.02,7.71
18.011804718524218,-0.02,7.69
18.013272032141685,-0.02,7.67
18.014711756259203,-0.02,7.68
18.016167994588614,-0.02,7.71
18.017604775726795,-0.02,7.68
18.019065767526627,-0.02,7.71
18.02052826061845,-0.02,7.7
18.021974623203278,-0.02,7.69
18.02343199402094,-0.02,7.67
18.024882577359676,-0.02,7.69
18.026349935680628,-0.02,7.68
18.027799930423498,-0.02,7.66
18.02924083173275,-0.02,7.65
18.030823316425085,-0.02,7.64
18.03216351568699,-0.02,7.63
18.03362287208438,-0.02,7.64
18.035074219107628,-0.02,7.7
18.03652871772647,-0.02,7.67
18.037981294095516,-0.02,7.64
18.039439287036657,-0.02,7.61
18.040894281119108,-0.02,7.67
18.04235043004155,-0.02,7.7
18.043792247772217,-0.02,7.68
18.04525450617075,-0.02,7.64
18.046715039759874,-0.02,7.67
18.04816272854805,-0.02,7.69
18.049614433199167,-0.02,7.71
18.05108968168497,-0.02,7.69
18.05253317579627,-0.02,7.62
18.053987249732018,-0.02,7.62
18.05542865395546,-0.02,7.63
18.056884117424488,-0.02,7.62
18.058349281549454,-0.02,7.6
18.059792038053274,-0.02,7.67
18.061249241232872,-0.02,7.67
18.062705982476473,-0.02,7.64
18.064164966344833,-0.02,7.66
18.065611634403467,-0.02,7.67
18.067067444324493,-0.02,7.65
18.06853300333023,-0.02,7.64
18.069988131523132,-0.02,7.63
18.0714303702116,-0.02,7.62
18.07287949323654,-0.02,7.64
18.07433970272541,-0.02,7.67
18.07580031827092,-0.02,7.63
18.077263228595257,-0.02,7.66
18.07870450615883,-0.02,7.68
18.080174148082733,-0.02,7.68
18.081622328609228,-0.02,7.65
18.083079040050507,-0.02,7.65
18.08452817797661,-0.02,7.69
18.085983783006668,-0.02,7.68
18.087439075112343,-0.02,7.68
18.088890608400106,-0.02,7.73
18.090342685580254,-0.02,7.71
18.09179626405239,-0.02,7.71
18.093254394829273,-0.02,7.67
18.09471333399415,-0.02,7.7
18.096164885908365,-0.02,7.7
18.097619645297527,-0.02,7.66
18.099074751138687,-0.02,7.65
18.100539918988943,-0.02,7.67
18.101970978081226,-0.02,7.66
18.10342612490058,-0.02,7.67
18.104888662695885,-0.02,7.66
18.106347549706697,-0.02,7.64
18.107794977724552,-0.02,7.63
18.10924169048667,-0.02,7.66
18.110701713711023,-0.02,7.68
18.112162746489048,-0.02,7.69
18.11361053586006,-0.02,7.6
18.115063045173883,-0.02,7.59
18.116509798914194,-0.02,7.61
18.117972645908594,-0.02,7.61
18.119436770677567,-0.02,7.63
18.120888650417328,-0.02,7.61
18.122340381145477,-0.02,7.59
18.123787228018045,-0.02,7.65
18.125245105475187,-0.02,7.63
18.12670885398984,-0.02,7.62
18.12815098464489,-0.02,7.61
18.129609536379576,-0.02,7.59
18.13106794655323,-0.02,7.56
18.13252167403698,-0.02,7.54
18.133980005979538,-0.02,7.59
18.135432671755552,-0.02,7.58
18.136888358742,-0.02,7.53
18.138338059186935,-0.02,7.58
18.13979583606124,-0.02,7.61
18.14124982059002,-0.02,7.59
18.142704214900732,-0.02,7.57
18.14415779709816,-0.02,7.56
18.145611349493265,-0.02,7.54
18.147060826420784,-0.02,7.5
18.148506198078394,-0.02,7.54
18.149972684681416,-0.02,7.57
18.151438660919666,-0.02,7.53
18.152891390025616,-0.02,7.53
18.154341004788876,-0.02,7.58
18.155788708478212,-0.02,7.55
18.15724340826273,-0.02,7.55
18.158700980246067,-0.02,7.54
18.160159282386303,-0.02,7.55
18.16161247715354,-0.02,7.58
18.163070149719715,-0.02,7.51
18.16452945396304,-0.02,7.5
18.165983494371176,-0.02,7.54
18.167435068637133,-0.02,7.53
18.168887868523598,-0.02,7.48
18.17033601552248,-0.02,7.48
18.171799950301647,-0.02,7.5
18.173252258449793,-0.02,7.47
18.174703374505043,-0.02,7.48
18.17615220695734,-0.02,7.48
18.177615098655224,-0.02,7.5
18.17906654626131,-0.02,7.54
18.18051563575864,-0.02,7.53
18.181970316916704,-0.02,7.51
18.18342972546816,-0.02,7.51
18.184885438531637,-0.02,7.49
18.18633647635579,-0.02,7.51
18.187800992280245,-0.02,7.53
18.18924542888999,-0.02,7.5
18.190710101276636,-0.02,7.48
18.192158069461584,-0.02,7.45
18.193616434931755,-0.02,7.45
18.19508284702897,-0.02,7.43
18.196520049124956,-0.02,7.44
18.197976373136044,-0.02,7.44
18.199430391192436,-0.02,7.48
18.200882703065872,-0.02,7.48
18.20234415307641,-0.02,7.5
18.20379539206624,-0.02,7.52
18.205247465521097,-0.02,7.49
18.206698063760996,-0.02,7.46
18.208156131207943,-0.02,7.44
18.20961293205619,-0.02,7.47
18.211075473576784,-0.02,7.49
18.212520144879818,-0.02,7.5
18.213977746665478,-0.02,7.46
18.215429313480854,-0.01,7.46
18.216888666152954,-0.02,7.53
18.218346513807774,-0.02,7.48
18.21980233862996,-0.02,7.44
18.221246790140867,-0.02,7.41
18.22270606458187,-0.02,7.41
18.2241640239954,-0.02,7.4
18.225615870207548,-0.02,7.41
18.227060969918966,-0.02,7.47
18.22851735725999,-0.02,7.48
18.229980539530516,-0.02,7.4
18.231429234147072,-0.02,7.4
18.232891619205475,-0.02,7.41
18.23434818163514,-0.02,7.4
18.23580104112625,-0.02,7.41
18.23724441602826,-0.02,7.43
18.23870649933815,-0.02,7.38
18.24015897512436,-0.02,7.34
18.241621240973473,-0.02,7.37
18.243074122816324,-0.02,7.39
18.244531128555536,-0.02,7.37
18.245980359613895,-0.02,7.33
18.247429337352514,-0.02,7.33
18.248888164758682,-0.02,7.34
18.25035121291876,-0.02,7.32
18.251797012984753,-0.02,7.39
18.25325733050704,-0.02,7.35
18.254709992557764,-0.02,7.33
18.25616992637515,-0.02,7.38
18.257609456777573,-0.02,7.33
18.259067583829165,-0.02,7.27
18.260513961315155,-0.02,7.31
18.261982399970293,-0.02,7.3
18.2634400986135,-0.02,7.26
18.264892045408487,-0.02,7.24
18.266342140734196,-0.02,7.27
18.267789866775274,-0.02,7.27
18.269260562956333,-0.02,7.23
18.27070853859186,-0.02,7.23
18.272164400666952,-0.02,7.23
18.273614682257175,-0.02,7.21
18.2750762142241,-0.02,7.23
18.276533737778664,-0.02,7.26
18.27798357605934,-0.02,7.2
18.279430471360683,-0.02,7.18
18.28089004382491,-0.02,7.16
18.282350454479456,-0.02,7.22
18.283801216632128,-0.02,7.23
18.28525111824274,-0.02,7.18
18.28670546412468,-0.02,7.18
18.288166347891092,-0.02,7.17
18.28962366655469,-0.02,7.14
18.291068639606237,-0.02,7.18
18.292509514838457,-0.02,7.17
18.293986923992634,-0.02,7.11
18.295435041189194,-0.02,7.1
18.296879779547453,-0.02,7.13
18.29834607988596,-0.02,7.13
18.299797166138887,-0.02,7.12
18.30126243457198,-0.02,7.12
18.302711497992277,-0.02,7.1
18.304162703454494,-0.02,7.1
18.305616281926632,-0.02,7.07
18.30707249417901,-0.02,7.05
18.30851187929511,-0.02,7.05
18.309980783611536,-0.02,7.0
18.311436127871275,-0.02,7.03
18.312883637845516,-0.02,7.1
18.314350750297308,-0.02,7.06
18.31579491496086,-0.02,7.03
18.317249611020088,-0.02,7.02
18.318701818585396,-0.02,7.03
18.320148654282093,-0.02,7.04
18.321613684296608,-0.02,7.02
18.32307745143771,-0.02,7.02
18.324521455913782,-0.02,7.03
18.32598451524973,-0.02,7.04
18.327433094382286,-0.02,7.03
18.32888662070036,-0.02,7.0
18.33034187182784,-0.02,6.95
18.33180196583271,-0.02,7.0
18.333260022103786,-0.02,6.99
18.334701035171747,-0.02,6.99
18.336154475808144,-0.02,6.99
18.337621185928583,-0.02,6.98
18.339069440960884,-0.02,6.96
18.34051915258169,-0.02,6.98
18.341978698968887,-0.02,6.94
18.343438137322664,-0.02,7.01
18.3448987044394,-0.02,7.02
18.34634329751134,-0.02,6.96
18.347793396562338,-0.02,6.95
18.34925229474902,-0.02,6.99
18.350700713694096,-0.02,6.95
18.352157443761826,-0.02,6.95
18.353620413690805,-0.02,6.97
18.355071250349283,-0.02,6.97
18.356524616479874,-0.02,6.95
18.357985600829124,-0.02,6.91
18.359443835914135,-0.02,6.9
18.360895458608866,-0.02,6.9
18.362346474081278,-0.02,6.9
18.363806396722794,-0.02,6.89
18.365251377224922,-0.02,6.93
18.366709548979998,-0.02,6.93
18.368157424032688,-0.02,6.93
18.36961818858981,-0.02,6.94
18.37106915190816,-0.02,6.92
18.372512061148882,-0.01,6.91
18.373974036425352,-0.01,6.87
18.375436007976532,-0.01,6.89
18.376887638121843,-0.02,6.88
18.378352243453264,-0.02,6.84
18.379801772534847,-0.02,6.86
18.381252821534872,-0.01,6.87
18.382711555808783,-0.02,6.84
18.38416215777397,-0.02,6.84
18.385624203830957,-0.02,6.9
18.387073904275894,-0.02,6.86
18.38851760700345,-0.02,6.83
18.38998533785343,-0.02,6.79
18.3914374448359,-0.02,6.79
18.392889633774757,-0.02,6.82
18.394336108118296,-0.02,6.84
18.39579374715686,-0.02,6.83
18.397249285131693,-0.02,6.82
18.398710310459137,-0.02,6.8
18.40015795454383,-0.02,6.81
18.401606678962708,-0.02,6.81
18.40307094529271,-0.02,6.8
18.404519386589527,-0.02,6.81
18.405969105660915,-0.02,6.8
18.407420590519905,-0.02,6.82
18.408880725502968,-0.02,6.8
18.41033761575818,-0.02,6.79
18.41178785637021,-0.02,6.78
18.41322822868824,-0.02,6.74
18.4147015735507,-0.02,6.77
18.416159469634295,-0.02,6.74
18.417596396058798,-0.02,6.7
18.41906690225005,-0.02,6.71
18.42050689831376,-0.02,6.7
18.42196435108781,-0.02,6.71
18.423434033989906,-0.02,6.74
18.424880389124155,-0.02,6.76
18.426324099302292,-0.02,6.71
18.427790824323893,-0.02,6.67
18.429249297827482,-0.02,6.7
18.430704306811094,-0.02,6.74
18.4321629665792,-0.02,6.77
18.433609552681446,-0.02,6.76
18.43506407737732,-0.02,6.76
18.436516653746367,-0.02,6.71
18.437978822737932,-0.02,6.69
18.43942652642727,-0.02,6.72
18.440883234143257,-0.02,6.74
18.442334283143282,-0.02,6.73
18.443783782422543,-0.02,6.72
18.445224039256573,-0.02,6.74
18.446693621575832,-0.02,6.72
18.44815741851926,-0.02,6.68
18.449600990861654,-0.02,6.71
18.451043371111155,-0.02,6.72
18.452520478516817,-0.02,6.7
18.45396340638399,-0.02,6.7
18.455417148768902,-0.02,6.66
18.456872154027224,-0.02,6.64
18.458326384425163,-0.02,6.64
18.459787275642157,-0.02,6.64
18.461247477680445,-0.02,6.65
18.46269927918911,-0.02,6.6
18.46414627507329,-0.02,6.62
18.465610075742006,-0.02,6.67
18.467064931988716,-0.02,6.63
18.468514401465654,-0.02,6.61
18.469965390861034,-0.02,6.64
18.47142841666937,-0.02,6.63
18.472874887287617,-0.02,6.64
18.47432966902852,-0.02,6.65
18.475788179785013,-0.02,6.69
18.477225575596094,-0.02,6.69
18.478684157133102,-0.02,6.66
18.48013987019658,-0.02,6.69
18.48160497099161,-0.02,6.66
18.48305183649063,-0.02,6.67
18.48451028764248,-0.02,6.6
18.485966112464666,-0.02,6.62
18.487424671649933,-0.02,6.63
18.488865364342928,-0.02,6.63
18.490326341241598,-0.02,6.66
18.491783306002617,-0.02,6.64
18.493249498307705,-0.02,6.67
18.494690012186766,-0.02,6.67
18.496148973703384,-0.02,6.59
18.49760538712144,-0.01,6.6
18.499056696891785,-0.01,6.58
18.500510446727276,-0.01,6.6
18.501963336020708,-0.01,6.62
18.503419168293476,-0.01,6.58
18.504873745143414,-0.01,6.6
18.50633103772998,-0.01,6.62
18.50777543336153,-0.01,6.61
18.50922828540206,-0.01,6.65
18.510696470737457,-0.01,6.64
18.512141063809395,-0.01,6.59
18.51359097659588,-0.01,6.6
18.515061270445585,-0.01,6.59
18.51650296524167,-0.01,6.61
18.517973981797695,-0.01,6.6
18.519424833357334,-0.01,6.58
18.520873494446278,-0.01,6.6
18.522322222590446,-0.01,6.6
18.523785050958395,-0.01,6.6
18.525237031280994,-0.01,6.61
18.526692546904087,-0.01,6.58
18.52815270423889,-0.01,6.61
18.529604103416204,-0.01,6.65
18.53105729073286,-0.01,6.61
18.532508462667465,-0.01,6.6
18.533968467265368,-0.01,6.59
18.535424828529358,-0.01,6.6
18.53687297925353,-0.01,6.62
18.538329146802425,-0.01,6.6
18.53978069126606,-0.01,6.57
18.541225042194128,-0.01,6.56
18.542690187692642,-0.01,6.57
18.544151090085506,-0.01,6.6
18.545599170029163,-0.01,6.61
18.547063544392586,-0.01,6.6
18.548504885286093,-0.01,6.6
18.549964550882578,-0.01,6.58
18.55141966417432,-0.01,6.59
18.552882503718138,-0.01,6.61
18.55433179065585,-0.01,6.58
18.55578203126788,-0.01,6.56
18.55723924562335,-0.01,6.59
18.558701492846012,-0.01,6.59
18.560151003301144,-0.01,6.57
18.561597913503647,-0.01,6.53
18.563065614551306,-0.01,6.56
18.564510855823755,-0.01,6.59
18.565963864326477,-0.01,6.56
18.567422304302454,-0.01,6.58
18.568873547017574,-0.01,6.6
18.570328675210476,-0.01,6.58
18.571785807609558,-0.01,6.55
18.57324131205678,-0.01,6.51
18.574694886803627,-0.01,6.56
18.576135210692883,-0.01,6.56
18.577597200870514,-0.01,6.54
18.579060282558203,-0.01,6.55
18.580519165843725,-0.01,6.55
18.581963296979666,-0.01,6.53
18.583422776311636,-0.01,6.53
18.584876716136932,-0.01,6.52
18.58632305637002,-0.01,6.55
18.587788335978985,-0.01,6.54
18.58922965824604,-0.01,6.51
18.590695675462484,-0.01,6.48
18.592153917998075,-0.01,6.5
18.59361121430993,-0.01,6.54
18.595053493976593,-0.01,6.54
18.596512153744698,-0.01,6.53
18.597964204847813,-0.01,6.54
18.599427670240402,-0.01,6.51
18.60087027028203,-0.01,6.5
18.602325037121773,-0.01,6.52
18.603786200284958,-0.01,6.53
18.605234134942293,-0.01,6.53
18.60669369250536,-0.01,6.52
18.608160864561796,-0.01,6.51
18.60961152240634,-0.01,6.47
18.611054066568613,-0.01,6.48
18.612506613135338,-0.01,6.51
18.61396535485983,-0.01,6.52
18.615428373217583,-0.01,6.54
18.616876006126404,-0.01,6.49
18.61833828687668,-0.01,6.5
18.619776651263237,-0.01,6.5
18.621240492910147,-0.01,6.48
18.62270177155733,-0.01,6.51
18.624150849878788,-0.01,6.48
18.625607885420322,-0.01,6.5
18.627063918858767,-0.01,6.48
18.628516159951687,-0.01,6.46
18.629974350333214,-0.01,6.5
18.63143165782094,-0.01,6.48
18.63287692517042,-0.01,6.47
18.634328667074442,-0.01,6.47
18.635779548436403,-0.01,6.44
18.63724799081683,-0.01,6.45
18.638700246810913,-0.01,6.44
18.64015470445156,-0.01,6.46
18.641600772738457,-0.01,6.47
18.643051523715258,-0.01,6.46
18.644507512450218,-0.01,6.45
18.645966686308384,-0.01,6.45
18.647426810115576,-0.01,6.47
18.648883018642664,-0.01,6.44
18.650326404720545,-0.01,6.47
18.65178880095482,-0.01,6.48
18.653230283409357,-0.01,6.44
18.654698092490435,-0.01,6.46
18.656158693134785,-0.01,6.47
18.657612171024084,-0.01,6.46
18.65905351936817,-0.01,6.44
18.66051435470581,-0.01,6.45
18.66196993738413,-0.01,6.47
18.663415364921093,-0.01,6.48
18.664877898991108,-0.01,6.46
18.666337825357914,-0.01,6.47
18.667791426181793,-0.01,6.49
18.669233586639166,-0.01,6.47
18.670696161687374,-0.01,6.45
18.672157775610685,-0.01,6.43
18.673605173826218,-0.01,6.43
18.67505318671465,-0.01,6.44
18.676507245749235,-0.01,6.41
18.677966430783272,-0.01,6.42
18.679425466805696,-0.01,6.41
18.680879145860672,-0.01,6.38
18.68234096840024,-0.01,6.34
18.683790866285563,-0.01,6.38
18.685237795114517,-0.01,6.39
18.686695743352175,-0.01,6.37
18.68814329057932,-0.01,6.33
18.68960427120328,-0.01,6.32
18.691060602664948,-0.01,6.37
18.692509654909372,-0.01,6.42
18.693976908922195,-0.01,6.4
18.695418659597635,-0.01,6.35
18.696886651217937,-0.01,6.37
18.698328252881765,-0.01,6.36
18.699788115918636,-0.01,6.36
18.70122917369008,-0.01,6.33
18.702699705958366,-0.01,6.36
18.704154808074236,-0.01,6.34
18.70561395958066,-0.01,6.31
18.70706792920828,-0.01,6.37
18.708519108593464,-0.01,6.41
18.709972757846117,-0.01,6.35
18.711424466222525,-0.01,6.32
18.712876610457897,-0.01,6.3
18.714335668832064,-0.01,6.31
18.7157816067338,-0.01,6.29
18.717233184725046,-0.01,6.34
18.718690786510706,-0.01,6.35
18.720150593668222,-0.01,6.32
18.721615709364414,-0.01,6.3
18.72306552529335,-0.01,6.32
18.72451474890113,-0.01,6.34
18.72597325220704,-0.01,6.32
18.72743057832122,-0.01,6.3
18.72888681665063,-0.01,6.31
18.7303212210536,-0.01,6.3
18.731778398156166,-0.01,6.32
18.73323990032077,-0.01,6.29
18.734701596200466,-0.01,6.27
18.736150071024895,-0.01,6.33
18.737615779042244,-0.01,6.34
18.73906522244215,-0.01,6.34
18.740513280034065,-0.01,6.32
18.74197156727314,-0.01,6.33
18.74342892318964,-0.01,6.35
18.74487129226327,-0.01,6.37
18.746332824230194,-0.01,6.33
18.74778750538826,-0.01,6.33
18.749240297824144,-0.01,6.36
18.750703185796738,-0.01,6.36
18.752152871340513,-0.01,6.37
18.753601245582104,-0.01,6.38
18.755066629499197,-0.01,6.37
18.756516598165035,-0.01,6.37
18.75797565281391,-0.01,6.39
18.759432896971703,-0.01,6.39
18.760873470455408,-0.01,6.35
18.762343425303698,-0.01,6.35
18.763798881322145,-0.01,6.41
18.765238605439663,-0.01,6.42
18.766708966344595,-0.01,6.39
18.76816387847066,-0.01,6.44
18.769606713205576,-0.01,6.45
18.7710481248796,-0.01,6.42
18.772516302764416,-0.01,6.41
18.77397044375539,-0.02,6.4
18.775435641407967,-0.01,6.39
18.776878345757723,-0.01,6.45
18.778331715613604,-0.01,6.47
18.779798340052366,-0.01,6.47
18.781237967312336,-0.01,6.48
18.782706692814827,-0.02,6.46
18.78415371850133,-0.02,6.42
18.785620618611574,-0.01,6.39
18.7870629504323,-0.01,6.44
18.78852340206504,-0.02,6.48
18.789970118552446,-0.01,6.46
18.791424065828323,-0.01,6.47
18.792884338647127,-0.01,6.47
18.794337812811136,-0.01,6.51
18.795783206820488,-0.01,6.5
18.79724122956395,-0.01,6.48
18.798702027648687,-0.01,6.47
18.80015442147851,-0.01,6.5
18.801600851118565,-0.01,6.47
18.8030648753047,-0.01,6.44
18.804521944373846,-0.01,6.47
18.805967457592487,-0.01,6.49
18.807422034442425,-0.01,6.52
18.808881159871817,-0.01,6.54
18.810342963784933,-0.01,6.57
18.81181089952588,-0.01,6.57
18.81323879212141,-0.01,6.55
18.814710833132267,-0.02,6.54
18.816156316548586,-0.02,6.58
18.81761345639825,-0.01,6.59
18.819075472652912,-0.01,6.59
18.820519272238016,-0.01,6.62
18.82197320088744,-0.01,6.63
18.82342852279544,-0.01,6.58
18.824884295463562,-0.01,6.61
18.82635013014078,-0.01,6.6
18.827797662466764,-0.01,6.57
18.829245522618294,-0.01,6.64
18.830699861049652,-0.01,6.63
18.832162030041218,-0.01,6.58
18.833608373999596,-0.01,6.6
18.835066951811314,-0.01,6.59
18.836526099592447,-0.01,6.58
18.83797922730446,-0.01,6.63
18.83942686393857,-0.01,6.63
18.840891741216183,-0.01,6.59
18.842337012290955,-0.01,6.59
18.84379355981946,-0.01,6.64
18.845247749239206,-0.01,6.63
18.846699211746454,-0.01,6.58
18.84815837070346,-0.01,6.59
18.84961798414588,-0.01,6.59
18.85107507929206,-0.02,6.6
18.85252895578742,-0.01,6.61
18.853972736746073,-0.02,6.62
18.85543755441904,-0.02,6.61
18.85688741132617,-0.02,6.6
18.858342427760363,-0.02,6.61
18.859800565987825,-0.02,6.67
18.86125400289893,-0.02,6.64
18.862700574100018,-0.02,6.63
18.864166643470526,-0.02,6.65
18.865606304258108,-0.02,6.61
18.867066476494074,-0.02,6.63
18.868529722094536,-0.02,6.64
18.86997566372156,-0.02,6.6
18.871433660387993,-0.02,6.6
18.87289421632886,-0.02,6.64
18.87434185668826,-0.02,6.7
18.875791508704424,-0.02,6.69
18.87724743783474,-0.02,6.68
18.87870253622532,-0.02,6.66
18.880169805139303,-0.02,6.64
18.8816152587533,-0.02,6.65
18.883072063326836,-0.02,6.62
18.884530164301395,-0.02,6.61
18.88597686216235,-0.02,6.6
18.887427292764187,-0.02,6.64
18.888887394219637,-0.02,6.63
18.89032970368862,-0.02,6.64
18.89179753512144,-0.02,6.65
18.893241968005896,-0.02,6.64
18.894688732922077,-0.02,6.65
18.896146573126316,-0.02,6.63
18.89760510995984,-0.02,6.6
18.89905497059226,-0.02,6.63
18.900524217635393,-0.02,6.62
18.90197402611375,-0.02,6.61
18.903421353548765,-0.02,6.61
18.904887951910496,-0.02,6.64
18.90632773935795,-0.02,6.68
18.90779048204422,-0.02,6.64
18.909243285655975,-0.02,6.6
18.91070430725813,-0.02,6.6
18.912159357219934,-0.02,6.63
18.913611762225628,-0.02,6.62
18.91506204009056,-0.02,6.63
18.916533820331097,-0.02,6.62
18.91797475889325,-0.02,6.61
18.91942062601447,-0.02,6.66
18.920886013656855,-0.02,6.66
18.922336094081402,-0.02,6.64
18.923780657351017,-0.02,6.64
18.92523930966854,-0.02,6.64
18.92670378834009,-0.02,6.59
18.928146984428167,-0.02,6.64
18.92961833626032,-0.02,6.63
18.931065995246172,-0.02,6.61
18.93252542614937,-0.02,6.64
18.93397381156683,-0.02,6.62
18.935429517179728,-0.02,6.61
18.936889365315437,-0.02,6.66
18.938348047435284,-0.02,6.71
18.939799778163433,-0.02,6.7
18.94124500453472,-0.02,6.68
18.942704249173403,-0.02,6.66
18.94415095448494,-0.02,6.65
18.945613235235214,-0.02,6.65
18.947068490087986,-0.02,6.67
18.94851601868868,-0.02,6.71
18.949977334588766,-0.02,6.72
18.95142099261284,-0.02,6.69
18.95288483798504,-0.02,6.69
18.954342529177666,-0.02,6.7
18.955795168876648,-0.02,6.7
18.95724155381322,-0.02,6.7
18.95869493484497,-0.02,6.69
18.960152447223663,-0.02,6.69
18.96161786466837,-0.02,6.71
18.963061474263668,-0.02,6.69
18.96451222896576,-0.02,6.71
18.965974763035774,-0.02,6.71
18.96743093430996,-0.02,6.72
18.968876473605633,-0.02,6.74
18.97034265846014,-0.02,6.72
18.971795734018087,-0.02,6.68
18.973250590264797,-0.02,6.69
18.97470000013709,-0.02,6.71
18.976155683398247,-0.02,6.69
18.97760483622551,-0.02,6.67
18.97906692326069,-0.02,6.68
18.980515517294407,-0.02,6.67
18.981976110488176,-0.02,6.72
18.983432959765196,-0.02,6.74
18.984872486442327,-0.02,6.72
18.986341182142496,-0.02,6.74
18.987807419151068,-0.02,6.74
18.989237550646067,-0.02,6.73
18.99070294946432,-0.02,6.7
18.992152739316225,-0.02,6.68
18.99360391497612,-0.02,6.66
18.995062846690416,-0.02,6.7
18.99650975316763,-0.02,6.71
18.997973084449768,-0.02,6.69
18.999426320195198,-0.02,6.67
19.000874888151884,-0.02,6.68
19.002331748604774,-0.02,6.64
19.003822710365057,-0.02,6.71
19.005239941179752,-0.02,6.75
19.006695561110973,-0.02,6.68
19.008141484111547,-0.02,6.67
19.00961684063077,-0.02,6.72
19.01106709241867,-0.02,6.71
19.012515425682068,-0.02,6.71
19.013977851718664,-0.02,6.71
19.015420462936163,-0.02,6.68
19.016882181167603,-0.02,6.66
19.018343180418015,-0.02,6.63
19.019789788872004,-0.02,6.61
19.021241068840027,-0.02,6.66
19.02269746363163,-0.02,6.62
19.02415980398655,-0.02,6.65
19.02561067789793,-0.02,6.64
19.02706114947796,-0.02,6.61
19.028518863022327,-0.02,6.63
19.02997936680913,-0.02,6.64
19.03142423927784,-0.02,6.67
19.0328814573586,-0.02,6.66
19.034331522881985,-0.02,6.6
19.03579254820943,-0.02,6.57
19.037245392799377,-0.02,6.57
19.038704957813025,-0.02,6.59
19.040160182863474,-0.02,6.61
19.04160699993372,-0.02,6.56
19.043054096400738,-0.02,6.56
19.044516168534756,-0.02,6.58
19.045979652553797,-0.01,6.61
19.047414381057024,-0.02,6.58
19.04887617006898,-0.02,6.56
19.050328690558672,-0.02,6.58
19.051785238087177,-0.02,6.59
19.053239353001118,-0.02,6.59
19.054707758128643,-0.02,6.59
19.05616044998169,-0.02,6.61
19.057616483420134,-0.02,6.59
19.059064228087664,-0.02,6.55
19.060514874756336,-0.02,6.56
19.061954271048307,-0.02,6.56
19.06343500316143,-0.02,6.56
19.064887650310993,-0.02,6.53
19.06634631752968,-0.02,6.51
19.06779596582055,-0.02,6.52
19.069251619279385,-0.02,6.51
19.070702597498894,-0.02,6.48
19.0721472799778,-0.02,6.47
19.073606323450804,-0.02,6.41
19.075062163174152,-0.02,6.41
19.076509315520525,-0.02,6.44
19.077978290617466,-0.02,6.44
19.07942171394825,-0.02,6.44
19.080882400274277,-0.02,6.44
19.082329642027617,-0.02,6.41
19.08378156274557,-0.02,6.42
19.085242681205273,-0.02,6.38
19.086702942848206,-0.02,6.31
19.088146340101957,-0.02,6.35
19.089609939604998,-0.02,6.35
19.091052550822496,-0.02,6.3
19.09250073134899,-0.02,6.27
19.093956612050533,-0.02,6.28
19.095422595739365,-0.02,6.34
19.096869058907032,-0.02,6.37
19.098327547311783,-0.02,6.33
19.099781449884176,-0.02,6.32
19.101227667182684,-0.02,6.33
19.10269771888852,-0.02,6.28
19.104148909449577,-0.02,6.26
19.105604257434607,-0.02,6.3
19.10706475377083,-0.02,6.28
19.10850342363119,-0.02,6.23
19.10996450483799,-0.02,6.26
19.111421700567007,-0.02,6.23
19.11287286132574,-0.02,6.18
19.114336859434843,-0.02,6.22
19.115792132914066,-0.02,6.22
19.117235347628593,-0.02,6.22
19.11868741363287,-0.02,6.2
19.120145056396723,-0.02,6.14
19.12160189077258,-0.02,6.12
19.12305949628353,-0.02,6.13
19.124520793557167,-0.02,6.13
19.125955995172262,-0.02,6.13
19.127418138086796,-0.02,6.12
19.128869399428368,-0.02,6.1
19.130326822400093,-0.02,6.09
19.13177638873458,-0.02,6.07
19.13323764503002,-0.02,6.11
19.134696003049612,-0.02,6.11
19.13614745810628,-0.02,6.08
19.137596502900124,-0.02,6.08
19.139063574373722,-0.02,6.06
19.140516459941864,-0.02,6.06
19.141959454864264,-0.02,6.09
19.14342039451003,-0.02,6.06
19.144883785396814,-0.02,6.02
19.14632636681199,-0.02,6.0
19.147788681089878,-0.02,5.99
19.149240784347057,-0.02,6.04
19.1506926715374,-0.02,5.99
19.152143694460392,-0.02,5.96
19.153602831065655,-0.02,5.95
19.15506374835968,-0.02,5.96
19.15651435405016,-0.02,5.9
19.157968182116747,-0.02,5.89
19.159426972270012,-0.02,5.94
19.160869423300028,-0.02,5.9
19.16233678162098,-0.02,5.98
19.163783762603998,-0.02,5.97
19.165245555341244,-0.02,5.94
19.166692402213812,-0.02,5.89
19.168151754885912,-0.02,5.91
19.169604644179344,-0.02,5.96
19.17106330767274,-0.02,5.92
19.172513086348772,-0.02,5.9
19.17396105080843,-0.02,5.92
19.17541791126132,-0.02,5.9
19.176883809268475,-0.02,5.88
19.178324829787016,-0.02,5.9
19.179787043482065,-0.02,5.89
19.181231789290905,-0.02,5.93
19.18268869072199,-0.02,5.9
19.184176877141,-0.02,5.86
19.18560080230236,-0.02,5.88
19.18706265091896,-0.02,5.89
19.18850613757968,-0.02,5.87
19.189963933080435,-0.02,5.86
19.191423777490854,-0.02,5.85
19.192862775176764,-0.02,5.84
19.194331362843513,-0.02,5.83
19.19577906280756,-0.02,5.83
19.19722631946206,-0.02,5.87
19.19869101792574,-0.02,5.87
19.200135964900255,-0.02,5.85
19.20160398632288,-0.02,5.85
19.203051079064608,-0.02,5.8
19.204510383307934,-0.02,5.83
19.205964662134647,-0.02,5.84
19.207414757460356,-0.02,5.85
19.20886628702283,-0.02,5.84
19.210320882499218,-0.02,5.87
19.211776860058308,-0.02,5.88
19.21323101222515,-0.02,5.87
19.214672524482012,-0.02,5.83
19.216150913387537,-0.02,5.86
19.217588055878878,-0.02,5.83
19.219045605510473,-0.02,5.82
19.220495000481606,-0.02,5.84
19.221960864961147,-0.02,5.75
19.22342160344124,-0.02,5.79
19.224875036627054,-0.02,5.84
19.22632099688053,-0.02,5.77
19.227783154696226,-0.02,5.79
19.229223646223545,-0.02,5.83
19.230691969394684,-0.02,5.8
19.232148207724094,-0.02,5.82
19.23359203338623,-0.02,5.84
19.23505813255906,-0.02,5.85
19.236506655812263,-0.02,5.83
19.23796498402953,-0.02,5.83
19.239415496587753,-0.02,5.84
19.24087069928646,-0.02,5.84
19.24233115464449,-0.02,5.84
19.243769377470016,-0.02,5.8
19.24523228034377,-0.02,5.79
19.246672566980124,-0.02,5.8
19.248134668916464,-0.02,5.84
19.24960497394204,-0.02,5.84
19.251061089336872,-0.02,5.81
19.252506621181965,-0.02,5.83
19.25396430492401,-0.02,5.87
19.25541316717863,-0.02,5.87
19.25687486305833,-0.02,5.85
19.2583306171,-0.02,5.8
19.25977761298418,-0.02,5.82
19.261237114667892,-0.02,5.83
19.262670669704676,-0.02,5.81
19.26413692161441,-0.02,5.81
19.2656062617898,-0.02,5.83
19.267047844827175,-0.02,5.85
19.268505074083805,-0.02,5.82
19.269966326653957,-0.02,5.83
19.27140973508358,-0.02,5.8
19.27287106588483,-0.02,5.84
19.274316523224115,-0.02,5.86
19.275777280330658,-0.02,5.83
19.27722903713584,-0.02,5.83
19.27867341414094,-0.02,5.8
19.280140075832605,-0.02,5.82
19.281596083194017,-0.02,5.81
19.28307068347931,-0.02,5.81
19.2845022007823,-0.02,5.83
19.285967752337456,-0.02,5.89
19.287420514971018,-0.02,5.83
19.2888717725873,-0.02,5.81
19.290320951491594,-0.02,5.83
19.291766725480556,-0.02,5.84
19.293218437582254,-0.02,5.86
19.294697403907776,-0.02,5.83
19.296144004911184,-0.02,5.85
19.29760216921568,-0.02,5.89
19.299054268747568,-0.02,5.85
19.300499569624662,-0.02,5.82
19.30196951329708,-0.02,5.83
19.303422149270773,-0.02,5.83
19.304872281849384,-0.02,5.89
19.30633081123233,-0.02,5.89
19.30777582526207,-0.02,5.92
19.30923740938306,-0.02,5.88
19.310692209750414,-0.02,5.83
19.312141694128513,-0.02,5.82
19.313594475388527,-0.02,5.82
19.315048672258854,-0.02,5.82
19.316500805318356,-0.02,5.81
19.317962296307087,-0.02,5.82
19.319423105567694,-0.02,5.84
19.320868022739887,-0.02,5.85
19.322326686233282,-0.02,5.83
19.32378424704075,-0.02,5.88
19.325240556150675,-0.02,5.95
19.326683074235916,-0.02,5.96
19.328139826655388,-0.02,5.91
19.329591426998377,-0.02,5.87
19.331057772040367,-0.02,5.88
19.33249867334962,-0.02,5.91
19.333958853036165,-0.02,5.92
19.335409499704838,-0.02,5.91
19.33685803413391,-0.02,5.93
19.33831711113453,-0.02,5.9
19.339781120419502,-0.02,5.91
19.34124168008566,-0.02,5.89
19.342693280428648,-0.02,5.88
19.344135221093893,-0.02,5.92
19.345592230558395,-0.02,5.91
19.347058545798063,-0.02,5.91
19.348502028733492,-0.02,5.93
19.34996009618044,-0.02,5.91
19.351423271000385,-0.02,5.9
19.35287945717573,-0.02,5.93
19.354333963245153,-0.02,5.96
19.35578140988946,-0.02,5.95
19.357238736003637,-0.02,5.93
19.35868250206113,-0.02,5.94
19.360144671052694,-0.02,5.94
19.361600376665592,-0.02,5.95
19.363044440746307,-0.02,5.95
19.36451094225049,-0.02,5.94
19.365963768213987,-0.02,5.94
19.367424465715885,-0.02,5.99
19.368863876909018,-0.02,5.99
19.370334438979626,-0.02,5.98
19.37178535759449,-0.02,5.99
19.373242031782866,-0.02,5.97
19.37469634413719,-0.02,5.98
19.37615278363228,-0.02,5.97
19.377607725560665,-0.02,5.95
19.379057116806507,-0.02,6.0
19.380513165146112,-0.02,5.98
19.381965551525354,-0.02,5.98
19.383413907140493,-0.02,5.97
19.38487720116973,-0.02,5.96
19.386336289346218,-0.02,5.98
19.38778993487358,-0.02,6.01
19.38923356309533,-0.02,6.02
19.390696700662374,-0.02,5.97
19.39215611293912,-0.02,5.97
19.3936007283628,-0.02,6.01
19.395054139196873,-0.02,6.03
19.396519020199776,-0.02,6.01
19.397966116666794,-0.02,6.01
19.399413127452135,-0.02,6.02
19.400866024196148,-0.02,6.02
19.402337193489075,-0.02,6.01
19.403793014585972,-0.02,6.02
19.405245155096054,-0.02,6.03
19.406699243932962,-0.02,6.01
19.408147152513266,-0.02,6.04
19.40960631147027,-0.02,6.03
19.411060247570276,-0.02,6.04
19.412511851638556,-0.02,6.02
19.41396090760827,-0.02,6.04
19.415411431342363,-0.02,6.03
19.41687935963273,-0.02,6.05
19.418337240815163,-0.02,6.05
19.419787019491196,-0.02,6.04
19.421235986053944,-0.02,6.04
19.42269679903984,-0.02,6.01
19.42415464296937,-0.02,6.02
19.42561048269272,-0.02,6.02
19.427062693983316,-0.02,6.05
19.428513929247856,-0.02,6.05
19.429959513247013,-0.02,6.05
19.43141269683838,-0.02,6.06
19.432877264916897,-0.02,6.06
19.43432342261076,-0.02,6.04
19.43579365313053,-0.02,6.06
19.43724248558283,-0.02,6.07
19.438700139522552,-0.02,6.06
19.440159056335688,-0.02,6.05
19.441610731184483,-0.02,6.06
19.443058256059885,-0.02,6.07
19.44450454413891,-0.02,6.07
19.445968754589558,-0.02,6.08
19.447417344897985,-0.02,6.09
19.44888224080205,-0.02,6.09
19.45033473521471,-0.02,6.07
19.45177737250924,-0.02,6.08
19.453237123787403,-0.02,6.04
19.454703636467457,-0.02,6.08
19.45615880191326,-0.02,6.09
19.45759731158614,-0.02,6.06
19.459060925990343,-0.02,6.09
19.460520938038826,-0.02,6.08
19.46196048334241,-0.02,6.08
19.463428519666195,-0.02,6.08
19.464892778545618,-0.02,6.07
19.466334715485573,-0.02,6.05
19.46779127046466,-0.02,6.04
19.469243489205837,-0.02,6.06
19.470700290054083,-0.02,6.12
19.472142461687326,-0.02,6.1
19.47360210120678,-0.02,6.08
19.475059617310762,-0.02,6.14
19.476511474698782,-0.02,6.1
19.47797103226185,-0.02,6.07
19.479423373937607,-0.02,6.09
19.48088452965021,-0.02,6.1
19.48232401907444,-0.02,6.13
19.483793552964926,-0.02,6.11
19.48523721471429,-0.02,6.11
19.486697304993868,-0.02,6.07
19.488143146038055,-0.02,6.08
19.489596251398325,-0.02,6.11
19.491054520010948,-0.02,6.12
19.492517288774252,-0.02,6.09
19.49397276341915,-0.02,6.16
19.49542823806405,-0.02,6.15
19.49687696620822,-0.02,6.12
19.49833881855011,-0.02,6.11
19.49979079142213,-0.02,6.1
19.50124705955386,-0.02,6.11
19.50270527228713,-0.02,6.12
19.504159282892942,-0.02,6.11
19.505614031106234,-0.02,6.13
19.50706496834755,-0.02,6.16
19.50852271914482,-0.02,6.15
19.509962990880013,-0.02,6.17
19.51141369342804,-0.02,6.17
19.51287679746747,-0.02,6.15
19.514330472797155,-0.02,6.18
19.51578353345394,-0.02,6.14
19.51724848523736,-0.02,6.1
19.518704116344452,-0.02,6.12
19.520152870565653,-0.02,6.16
19.52161469310522,-0.02,6.21
19.523072067648172,-0.02,6.18
19.524517446756363,-0.02,6.15
19.525972310453653,-0.02,6.11
19.527432426810265,-0.02,6.16
19.528877057135105,-0.02,6.18
19.530344374477863,-0.02,6.15
19.53179396688938,-0.02,6.15
19.53323867917061,-0.02,6.15
19.53470378369093,-0.02,6.19
19.53615226969123,-0.02,6.17
19.537612795829773,-0.02,6.16
19.53905726969242,-0.02,6.18
19.540516689419746,-0.02,6.23
19.541965518146753,-0.02,6.24
19.54343329742551,-0.02,6.21
19.544882614165545,-0.02,6.22
19.546344999223948,-0.02,6.19
19.547794841229916,-0.02,6.19
19.54924802854657,-0.02,6.19
19.55070513114333,-0.02,6.2
19.552182160317898,-0.02,6.21
19.553612504154444,-0.02,6.22
19.555053014308214,-0.02,6.21
19.556506484746933,-0.02,6.2
19.557968221604824,-0.02,6.23
19.559417214244604,-0.02,6.23
19.56087401136756,-0.02,6.22
19.562333531677723,-0.02,6.25
19.563772343099117,-0.02,6.23
19.565235771238804,-0.02,6.24
19.56669494882226,-0.02,6.3
19.568125780671835,-0.02,6.31
19.569602377712727,-0.02,6.29
19.57105155289173,-0.02,6.34
19.572503376752138,-0.02,6.33
19.573963597416878,-0.02,6.32
19.57541399821639,-0.02,6.32
19.57685661315918,-0.02,6.34
19.578314650803804,-0.02,6.35
19.579766798764467,-0.02,6.31
19.581216037273407,-0.02,6.29
19.582679715007544,-0.02,6.33
19.584121964871883,-0.02,6.34
19.58558951318264,-0.02,6.33
19.587039846926928,-0.02,6.33
19.588488403707743,-0.02,6.3
19.589955285191536,-0.02,6.37
19.591412037611008,-0.02,6.4
19.592863634228706,-0.02,6.38
19.594308648258448,-0.02,6.36
19.595763199031353,-0.02,6.43
19.59722973406315,-0.02,6.44
19.598682198673487,-0.02,6.44
19.600123420357704,-0.02,6.47
19.60157812386751,-0.02,6.46
19.603035002946854,-0.02,6.44
19.604489721357822,-0.02,6.45
19.605943962931633,-0.02,6.46
19.60741313919425,-0.02,6.47
19.60885365307331,-0.02,6.52
19.61031747236848,-0.02,6.55
19.611759092658758,-0.02,6.49
19.613208077847958,-0.02,6.52
19.614676527678967,-0.02,6.57
19.616123847663403,-0.02,6.53
19.617574583739042,-0.02,6.5
19.619045983999968,-0.02,6.49
19.620494067668915,-0.02,6.51
19.621946789324284,-0.02,6.54
19.62340224161744,-0.02,6.58
19.62485434114933,-0.02,6.6
19.62630934268236,-0.02,6.61
19.627770740538836,-0.02,6.65
19.629227943718433,-0.02,6.65
19.630685586482286,-0.02,6.66
19.63213039562106,-0.02,6.65
19.63358424976468,-0.02,6.67
19.635049387812614,-0.02,6.66
19.63649322465062,-0.02,6.62
19.63794705271721,-0.02,6.67
19.639412209391594,-0.02,6.72
19.640863217413425,-0.02,6.78
19.64231938496232,-0.02,6.78
19.643773559480906,-0.02,6.78
19.645221911370754,-0.02,6.75
19.64668108895421,-0.02,6.76
19.64814107120037,-0.02,6.77
19.649581495672464,-0.02,6.78
19.651039578020573,-0.02,6.78
19.652501106262207,-0.02,6.78
19.65395152196288,-0.02,6.82
19.655409280210733,-0.02,6.83
19.656851023435593,-0.02,6.82
19.65831434726715,-0.02,6.88
19.659762762486935,-0.02,6.87
19.661221489310265,-0.02,6.83
19.662672843784094,-0.02,6.81
19.664136558771133,-0.02,6.86
19.665580324828625,-0.02,6.91
19.667044583708048,-0.02,6.9
19.668500497937202,-0.02,6.9
19.66995907947421,-0.02,6.92
19.67139808088541,-0.02,6.92
19.672852013260126,-0.02,6.91
19.67430229857564,-0.02,6.93
19.67576039209962,-0.02,6.93
19.677227970212698,-0.02,6.96
19.678670827299356,-0.02,6.99
19.680141497403383,-0.02,7.0
19.681573685258627,-0.02,7.03
19.68303705751896,-0.02,7.07
19.68450152873993,-0.02,7.11
19.68594639748335,-0.02,7.1
19.68740426376462,-0.02,7.06
19.688865199685097,-0.02,7.0
19.690311819314957,-0.02,7.0
19.69177245348692,-0.02,7.08
19.69322197139263,-0.02,7.1
19.69467618316412,-0.02,7.09
19.69613401964307,-0.02,7.1
19.697582125663757,-0.02,7.11
19.699032615870237,-0.02,7.08
19.700495921075344,-0.02,7.11
19.701953124254942,-0.02,7.12
19.70339598879218,-0.03,7.12
19.704857114702463,-0.02,7.12
19.70631354674697,-0.02,7.12
19.707764890044928,-0.02,7.14
19.70921328291297,-0.02,7.14
19.710677914321423,-0.02,7.15
19.712131682783365,-0.02,7.19
19.713585130870342,-0.02,7.21
19.715040650218725,-0.02,7.2
19.716490738093853,-0.02,7.2
19.717957753688097,-0.02,7.21
19.71941513195634,-0.02,7.23
19.720857694745064,-0.02,7.23
19.72230815142393,-0.02,7.2
19.72377499938011,-0.03,7.2
19.725231420248747,-0.03,7.23
19.72668244689703,-0.03,7.23
19.728134874254465,-0.03,7.25
19.72959228977561,-0.03,7.29
19.731043692678213,-0.03,7.24
19.732503302395344,-0.03,7.24
19.733954925090075,-0.03,7.25
19.735408045351505,-0.03,7.29
19.736867368221283,-0.03,7.32
19.73832470551133,-0.02,7.32
19.73977656662464,-0.03,7.32
19.741227343678474,-0.03,7.31
19.74268539249897,-0.03,7.3
19.744140051305294,-0.03,7.28
19.745590038597584,-0.03,7.32
19.747044537216425,-0.03,7.35
19.748510397970676,-0.03,7.33
19.74994980916381,-0.03,7.26
19.751394420862198,-0.03,7.33
19.752861630171537,-0.02,7.36
19.754302855581045,-0.02,7.31
19.755772046744823,-0.02,7.29
19.757235538214445,-0.03,7.38
19.758675891906023,-0.03,7.36
19.76014920696616,-0.02,7.38
19.761597450822592,-0.03,7.38
19.763045012950897,-0.03,7.37
19.764495331794024,-0.03,7.35
19.765952326357365,-0.03,7.34
19.767416190356016,-0.02,7.35
19.768861688673496,-0.02,7.37
19.770318415015936,-0.03,7.41
19.77177908271551,-0.03,7.43
19.773220885545015,-0.03,7.41
19.774686690419912,-0.02,7.38
19.77612992748618,-0.02,7.37
19.777593690901995,-0.02,7.43
19.77903812006116,-0.03,7.47
19.780502378940582,-0.02,7.43
19.781960479915142,-0.03,7.48
19.783417131751776,-0.02,7.48
19.78486753627658,-0.02,7.46
19.78632691502571,-0.02,7.48
19.787778981029987,-0.02,7.47
19.789231300354004,-0.02,7.43
19.790688045322895,-0.02,7.42
19.792135573923588,-0.02,7.47
19.79358683526516,-0.02,7.48
19.79503508657217,-0.02,7.46
19.796503860503435,-0.03,7.45
19.797962956130505,-0.03,7.45
19.799398485571146,-0.03,7.42
19.800855211913586,-0.03,7.42
19.80232173576951,-0.03,7.47
19.80378081277013,-0.03,7.49
19.8052309602499,-0.03,7.49
19.80667480826378,-0.02,7.51
19.808136142790318,-0.02,7.53
19.80958127602935,-0.03,7.56
19.811050929129124,-0.03,7.51
19.81249687820673,-0.03,7.52
19.81395597755909,-0.03,7.53
19.815395012497902,-0.02,7.5
19.8168665766716,-0.02,7.47
19.818324722349644,-0.03,7.5
19.819773018360138,-0.02,7.49
19.82122891396284,-0.02,7.53
19.82268227636814,-0.02,7.5
19.82414323464036,-0.02,7.51
19.82559482753277,-0.02,7.54
19.82704897224903,-0.03,7.53
19.82849981635809,-0.02,7.55
19.82995828613639,-0.02,7.56
19.8313959389925,-0.03,7.57
19.832852840423584,-0.03,7.6
19.834322102367878,-0.03,7.61
19.835772462189198,-0.03,7.58
19.837220042943954,-0.03,7.58
19.83868720009923,-0.02,7.58
19.840133920311928,-0.03,7.55
19.841586261987686,-0.03,7.56
19.843050953000784,-0.03,7.58
19.844495862722397,-0.03,7.55
19.845958199352026,-0.03,7.56
19.84742022678256,-0.03,7.53
19.848870564252138,-0.03,7.52
19.85031822323799,-0.03,7.52
19.85178116336465,-0.03,7.54
19.853235870599747,-0.03,7.57
19.854672640562057,-0.03,7.56
19.856145955622196,-0.03,7.56
19.857604891061783,-0.03,7.58
19.859041046351194,-0.03,7.55
19.86050883680582,-0.03,7.58
19.861954517662525,-0.03,7.57
19.863402761518955,-0.03,7.57
19.864873208105564,-0.03,7.56
19.86632553488016,-0.03,7.53
19.867762245237827,-0.03,7.53
19.869228400290012,-0.03,7.55
19.870676446706057,-0.03,7.56
19.872145652770996,-0.03,7.59
19.873597156256437,-0.03,7.58
19.875043589621782,-0.03,7.56
19.876500252634287,-0.03,7.56
19.877954240888357,-0.03,7.54
19.87940712273121,-0.03,7.52
19.880873817950487,-0.03,7.55
19.882323410362005,-0.03,7.59
19.883773043751717,-0.03,7.59
19.885234627872705,-0.03,7.56
19.886687457561493,-0.03,7.53
19.88813652470708,-0.03,7.53
19.8895981349051,-0.03,7.56
19.89104665070772,-0.03,7.53
19.892503011971712,-0.03,7.5
19.893959298729897,-0.03,7.49
19.895424902439117,-0.03,7.55
19.89687504991889,-0.03,7.56
19.89832466468215,-0.03,7.53
19.89978764206171,-0.03,7.52
19.901227742433548,-0.03,7.53
19.90267653018236,-0.03,7.54
19.904137171804905,-0.03,7.54
19.905604150146246,-0.03,7.51
19.90705018490553,-0.03,7.52
19.90849920734763,-0.03,7.5
19.909959603101015,-0.02,7.47
19.911421239376068,-0.03,7.53
19.912872035056353,-0.03,7.59
19.914316594600677,-0.03,7.54
19.91578335314989,-0.03,7.52
19.917233742773533,-0.03,7.5
19.918695352971554,-0.03,7.51
19.920138269662857,-0.03,7.54
19.92158829793334,-0.02,7.55
19.923046674579382,-0.03,7.51
19.92450749129057,-0.03,7.51
19.925956714898348,-0.03,7.51
19.927409052848816,-0.03,7.54
19.92886934056878,-0.03,7.58
19.930332828313112,-0.02,7.6
19.93177679181099,-0.03,7.59
19.93323664367199,-0.03,7.61
19.934690073132515,-0.03,7.62
19.93614846840501,-0.03,7.6
19.937593314796686,-0.03,7.61
19.939059540629387,-0.03,7.6
19.940507858991623,-0.03,7.63
19.941966149955988,-0.03,7.67
19.943420615047216,-0.03,7.68
19.944871734827757,-0.03,7.69
19.946327604353428,-0.03,7.67
19.947772342711687,-0.03,7.63
19.949223194271326,-0.03,7.64
19.950696282088757,-0.03,7.64
19.95213520154357,-0.03,7.6
19.953600384294987,-0.03,7.6
19.955043740570545,-0.02,7.61
19.9565114043653,-0.02,7.64
19.957957938313484,-0.03,7.68
19.95940303057432,-0.03,7.67
19.960860572755337,-0.03,7.65
19.962324485182762,-0.03,7.64
19.963776759803295,-0.03,7.66
19.96522655710578,-0.03,7.67
19.966692000627518,-0.03,7.68
19.968137174844742,-0.03,7.68
19.969593819230795,-0.03,7.67
19.971055138856173,-0.03,7.66
19.972496435046196,-0.03,7.65
19.97395222634077,-0.03,7.66
19.975408647209406,-0.03,7.65
19.976862713694572,-0.03,7.65
19.97833203151822,-0.03,7.65
19.979785691946745,-0.03,7.66
19.981238573789597,-0.03,7.69
19.982684388756752,-0.03,7.68
19.984141774475574,-0.03,7.68
19.9856046885252,-0.03,7.76
19.987054154276848,-0.03,7.74
19.98850017040968,-0.03,7.69
19.989956334233284,-0.03,7.72
19.99142238497734,-0.03,7.74
19.992863107472658,-0.03,7.75
19.994320426136255,-0.03,7.74
19.995777014642954,-0.03,7.76
19.997232675552368,-0.03,7.79
19.998693201690912,-0.03,7.79
20.000137854367495,-0.03,7.77
20.001596700400114,-0.03,7.79
20.003048047423363,-0.03,7.81
20.004512298852205,-0.03,7.77
20.00596295669675,-0.03,7.8
20.00741207227111,-0.03,7.8
20.008874349296093,-0.03,7.79
20.01033004373312,-0.03,7.8
20.011780753731728,-0.03,7.81
20.013241823762655,-0.03,7.82
20.01468839123845,-0.03,7.81
20.016139198094606,-0.03,7.78
20.017598815262318,-0.03,7.77
20.019054748117924,-0.03,7.78
20.020506463944912,-0.03,7.79
20.021966725587845,-0.03,7.79
20.02340091019869,-0.03,7.76
20.02486114948988,-0.03,7.78
20.026325311511755,-0.03,7.81
20.027785066515207,-0.03,7.79
20.029234658926725,-0.03,7.8
20.03067960217595,-0.03,7.81
20.032137740403414,-0.03,7.83
20.03359827399254,-0.03,7.85
20.035043861716986,-0.03,7.86
20.036508057266474,-0.03,7.82
20.037952437996864,-0.03,7.86
20.039405833929777,-0.03,7.87
20.040870238095522,-0.03,7.87
20.04231456667185,-0.03,7.87
20.043777510523796,-0.03,7.9
20.045228715986013,-0.03,7.9
20.046682860702276,-0.03,7.91
20.04813402891159,-0.03,7.88
20.049589432775974,-0.03,7.89
20.051043190062046,-0.03,7.92
20.052489519119263,-0.03,7.91
20.05394533649087,-0.03,7.94
20.055408492684364,-0.03,7.92
20.056862834841013,-0.03,7.92
20.058302711695433,-0.03,7.95
20.05976688861847,-0.03,7.95
20.061218980699778,-0.03,7.95
20.062678337097168,-0.03,7.98
20.064136162400246,-0.03,8.02
20.06559631600976,-0.03,8.09
20.067041754722595,-0.03,8.05
20.06849766895175,-0.03,7.99
20.069945957511663,-0.03,7.98
20.071410920470953,-0.03,8.04
20.072862215340137,-0.03,8.04
20.07430613413453,-0.03,8.0
20.07576448097825,-0.03,8.02
20.077220138162374,-0.03,8.04
20.078671909868717,-0.03,8.06
20.08013829961419,-0.03,8.03
20.081590190529823,-0.03,7.99
20.083041980862617,-0.03,8.01
20.084488809108734,-0.03,8.05
20.085947383195162,-0.03,8.08
20.087408609688282,-0.03,8.09
20.088851403445005,-0.03,8.08
20.09031293541193,-0.03,8.11
20.091768115758896,-0.03,8.1
20.09322666749358,-0.03,8.1
20.09466875717044,-0.03,8.15
20.096122480928898,-0.03,8.16
20.09757598116994,-0.03,8.16
20.09903058409691,-0.03,8.17
20.100497722625732,-0.03,8.2
20.10194505006075,-0.03,8.18
20.103410627692938,-0.03,8.19
20.104857202619314,-0.03,8.2
20.106310062110424,-0.03,8.22
20.10776897892356,-0.03,8.17
20.10922095552087,-0.03,8.22
20.110678546130657,-0.03,8.23
20.112137909978628,-0.03,8.23
20.11357955634594,-0.03,8.25
20.11508010700345,-0.03,8.23
20.116505846381187,-0.03,8.23
20.117949079722166,-0.03,8.26
20.119412004947662,-0.03,8.24
20.12086444348097,-0.03,8.25
20.122313793748617,-0.03,8.29
20.123767986893654,-0.03,8.34
20.1252221763134,-0.03,8.33
20.12667579203844,-0.03,8.31
20.128116082400084,-0.03,8.31
20.129592560231686,-0.03,8.33
20.131043266505003,-0.03,8.36
20.13248661905527,-0.03,8.33
20.133946258574724,-0.03,8.33
20.13540720194578,-0.03,8.37
20.136863436549902,-0.03,8.4
20.13830890879035,-0.03,8.39
20.139763962477446,-0.03,8.44
20.141217939555645,-0.03,8.45
20.142680656164885,-0.03,8.46
20.14413570985198,-0.03,8.49
20.145586289465427,-0.03,8.48
20.14704430475831,-0.03,8.44
20.148499622941017,-0.03,8.48
20.149950820952654,-0.03,8.49
20.15140390396118,-0.03,8.46
20.15285338833928,-0.03,8.5
20.154314633458853,-0.03,8.52
20.15575997903943,-0.03,8.54
20.157224968075752,-0.03,8.56
20.15867568179965,-0.03,8.57
20.160122014582157,-0.03,8.55
20.161579582840204,-0.03,8.56
20.16304412856698,-0.03,8.56
20.164489414542913,-0.03,8.6
20.165947258472443,-0.03,8.63
20.16740082204342,-0.03,8.67
20.16886331886053,-0.03,8.64
20.170301616191864,-0.03,8.65
20.17175992578268,-0.03,8.68
20.17322524636984,-0.03,8.68
20.17467787861824,-0.03,8.67
20.176125828176737,-0.03,8.71
20.17757698893547,-0.03,8.7
20.179033424705267,-0.03,8.72
20.18050106987357,-0.03,8.73
20.181943103671074,-0.03,8.72
20.183405373245478,-0.03,8.74
20.184851601719856,-0.03,8.75
20.186321586370468,-0.03,8.76
20.187769774347544,-0.03,8.73
20.189222883433104,-0.03,8.75
20.19067731127143,-0.03,8.82
20.192121274769306,-0.03,8.83
20.193584509193897,-0.03,8.79
20.195032469928265,-0.03,8.82
20.196500696241856,-0.03,8.83
20.19793815538287,-0.03,8.81
20.199394948780537,-0.03,8.82
20.20085532218218,-0.03,8.86
20.20230918377638,-0.03,8.89
20.20377392694354,-0.03,8.92
20.20522592961788,-0.03,8.96
20.206674695014954,-0.03,8.96
20.208137370646,-0.03,8.94
20.209578540176153,-0.03,8.95
20.21104145795107,-0.03,8.95
20.212492365390062,-0.03,8.95
20.21395283192396,-0.03,8.93
20.215400613844395,-0.03,8.94
20.21685065329075,-0.03,9.0
20.21830951422453,-0.03,8.99
20.219774056226015,-0.03,8.98
20.221227284520864,-0.03,8.97
20.22268333286047,-0.03,8.94
20.22411623224616,-0.03,8.93
20.225586619228125,-0.03,8.95
20.227027639746666,-0.03,9.0
20.228492632508278,-0.03,9.05
20.229946110397577,-0.03,9.04
20.231400094926357,-0.03,9.03
20.232855647802353,-0.03,9.02
20.234311435371637,-0.03,9.02
20.23576721549034,-0.03,9.06
20.237226393073797,-0.03,9.06
20.23867742717266,-0.03,9.06
20.24012216925621,-0.03,9.08
20.24158786609769,-0.03,9.11
20.243032924830914,-0.03,9.15
20.244483709335327,-0.03,9.1
20.245951034128666,-0.03,9.09
20.24740281701088,-0.03,9.14
20.248860970139503,-0.03,9.13
20.250310130417347,-0.03,9.1
20.251768577843904,-0.03,9.1
20.253216736018658,-0.03,9.13
20.254679139703512,-0.03,9.17
20.256124924868345,-0.03,9.22
20.257583808153868,-0.03,9.17
20.259047273546457,-0.03,9.16
20.26050567254424,-0.03,9.17
20.261944960802794,-0.03,9.18
20.263396438211203,-0.03,9.17
20.264870528131723,-0.03,9.18
20.26631723716855,-0.03,9.19
20.26776250079274,-0.03,9.2
20.269221358001232,-0.03,9.22
20.270671509206295,-0.03,9.23
20.272120226174593,-0.03,9.21
20.273595053702593,-0.03,9.25
20.27504290267825,-0.03,9.22
20.276504885405302,-0.03,9.18
20.277958042919636,-0.03,9.21
20.279415246099234,-0.03,9.25
20.28085232898593,-0.03,9.25
20.28230732679367,-0.03,9.22
20.283768855035305,-0.03,9.23
20.28522491455078,-0.03,9.22
20.286678686738014,-0.03,9.24
20.288133889436722,-0.03,9.22
20.28958274796605,-0.03,9.25
20.29104571044445,-0.03,9.27
20.29248906299472,-0.03,9.26
20.293932892382145,-0.03,9.26
20.29540490359068,-0.03,9.26
20.29686176404357,-0.03,9.24
20.298299226909876,-0.03,9.27
20.299777880311012,-0.03,9.28
20.301222074776888,-0.03,9.25
20.30267419666052,-0.03,9.23
20.304144151508808,-0.03,9.26
20.30558018386364,-0.03,9.29
20.30704301223159,-0.03,9.27
20.308498676866293,-0.03,9.26
20.30995351076126,-0.03,9.23
20.311401657760143,-0.03,9.23
20.31285897642374,-0.03,9.24
20.314313244074583,-0.03,9.24
20.31577069312334,-0.03,9.27
20.317227501422167,-0.03,9.25
20.3186856508255,-0.03,9.19
20.32012676820159,-0.03,9.24
20.321583721786737,-0.03,9.27
20.323042903095484,-0.03,9.21
20.32449408248067,-0.03,9.22
20.32595021277666,-0.03,9.23
20.32741302996874,-0.03,9.25
20.328856632113457,-0.03,9.29
20.33032351359725,-0.03,9.22
20.331765338778496,-0.03,9.2
20.333225909620523,-0.03,9.21
20.33467073366046,-0.03,9.23
20.33613097667694,-0.03,9.25
20.337597396224737,-0.03,9.22
20.33904941007495,-0.03,9.21
20.34049579128623,-0.03,9.21
20.341956082731485,-0.03,9.2
20.343401338905096,-0.03,9.21
20.34486049041152,-0.03,9.19
20.346325136721134,-0.03,9.22
20.347762372344732,-0.03,9.2
20.349224742501974,-0.03,9.16
20.350676991045475,-0.03,9.23
20.35212367027998,-0.03,9.2
20.353592965751886,-0.03,9.2
20.355033963918686,-0.03,9.18
20.356505181640387,-0.03,9.18
20.357955001294613,-0.03,9.19
20.359415475279093,-0.03,9.21
20.360873471945524,-0.03,9.19
20.362325999885798,-0.03,9.19
20.363770123571157,-0.03,9.17
20.365223824977875,-0.04,9.19
20.366681415587664,-0.04,9.18
20.368120726197958,-0.03,9.16
20.369582563638687,-0.03,9.17
20.371041528880596,-0.03,9.17
20.37249792739749,-0.03,9.18
20.37394904345274,-0.03,9.19
20.37540313974023,-0.04,9.16
20.37685988098383,-0.04,9.12
20.37831136584282,-0.03,9.14
20.379772402346134,-0.03,9.17
20.381215568631887,-0.03,9.17
20.382669184356928,-0.03,9.14
20.38411969318986,-0.03,9.18
20.385590504854918,-0.03,9.16
20.387030970305204,-0.03,9.13
20.388493191450834,-0.03,9.15
20.38994885608554,-0.03,9.16
20.391399923712015,-0.03,9.17
20.39286483451724,-0.04,9.19
20.39431558549404,-0.04,9.19
20.39577379822731,-0.04,9.14
20.39723188430071,-0.03,9.11
20.398684289306402,-0.03,9.11
20.40012328326702,-0.03,9.13
20.40158911049366,-0.03,9.13
20.403051611036062,-0.03,9.13
20.40450443327427,-0.03,9.12
20.405952621251345,-0.04,9.15
20.40741015970707,-0.04,9.08
20.408861946314573,-0.04,9.1
20.410315617918968,-0.04,9.13
20.411773815751076,-0.04,9.14
20.413225132972002,-0.04,9.12
20.41466984525323,-0.04,9.11
20.416145354509354,-0.04,9.09
20.41759879514575,-0.04,9.09
20.41905191168189,-0.04,9.11
20.42050065100193,-0.04,9.1
20.4219588637352,-0.04,9.06
20.423417400568724,-0.04,9.07
20.424858562648296,-0.04,9.14
20.426326498389244,-0.04,9.15
20.42777204886079,-0.04,9.14
20.429221268743277,-0.04,9.16
20.4306849129498,-0.04,9.18
20.43212754651904,-0.04,9.14
20.433585416525602,-0.04,9.16
20.435042142868042,-0.04,9.21
20.436496313661337,-0.04,9.14
20.43795620277524,-0.04,9.14
20.439412482082844,-0.04,9.16
20.44086365774274,-0.04,9.17
20.442305743694305,-0.04,9.15
20.443768706172705,-0.04,9.18
20.44522636011243,-0.04,9.2
20.446675159037113,-0.04,9.16
20.448137752711773,-0.04,9.13
20.449587024748325,-0.04,9.2
20.451044749468565,-0.04,9.19
20.45250054448843,-0.04,9.19
20.453959085047245,-0.04,9.19
20.455411292612553,-0.04,9.21
20.45685961470008,-0.04,9.21
20.458317890763283,-0.04,9.2
20.459771309047937,-0.04,9.16
20.46121998131275,-0.04,9.16
20.46268393471837,-0.04,9.2
20.464133579283953,-0.04,9.17
20.465585924685,-0.04,9.16
20.467037431895733,-0.04,9.18
20.468498833477497,-0.04,9.2
20.46995171159506,-0.04,9.21
20.471401322633028,-0.04,9.17
20.47286155447364,-0.04,9.13
20.474311787635088,-0.04,9.14
20.475757271051407,-0.04,9.17
20.477215193212032,-0.04,9.16
20.478673812001944,-0.04,9.16
20.48012099042535,-0.04,9.14
20.481583900749683,-0.04,9.12
20.483041867613792,-0.04,9.13
20.484505344182253,-0.04,9.12
20.485952258110046,-0.04,9.14
20.487409308552742,-0.03,9.17
20.488859996199608,-0.03,9.16
20.490320194512606,-0.04,9.18
20.49177562817931,-0.03,9.17
20.493220698088408,-0.03,9.12
20.494676865637302,-0.04,9.12
20.496123909950256,-0.04,9.15
20.497581765055656,-0.04,9.14
20.49904626607895,-0.04,9.15
20.50049901381135,-0.04,9.14
20.501954589039087,-0.04,9.1
20.503396045416594,-0.04,9.1
20.50486285611987,-0.03,9.13
20.506315264850855,-0.03,9.15
20.507765378803015,-0.03,9.13
20.509210761636496,-0.03,9.13
20.510682370513678,-0.03,9.12
20.51212664321065,-0.03,9.06
20.51359612122178,-0.03,9.05
20.515041697770357,-0.03,9.1
20.51649371162057,-0.03,9.14
20.517953030765057,-0.03,9.1
20.51940042153001,-0.03,9.11
20.520856823772192,-0.03,9.09
20.522320173680782,-0.03,9.07
20.523772209882736,-0.03,9.03
20.525217566639185,-0.03,9.06
20.526680067181587,-0.03,9.05
20.528125293552876,-0.03,9.05
20.52958733588457,-0.03,9.05
20.531048983335495,-0.03,9.1
20.53249966725707,-0.03,9.09
20.53394901379943,-0.03,9.06
20.535411953926086,-0.03,9.09
20.536859959363937,-0.03,9.11
20.53832095488906,-0.03,9.1
20.539769269526005,-0.03,9.12
20.541225664317608,-0.03,9.07
20.542674589902163,-0.04,9.03
20.54413353651762,-0.04,9.0
20.545591838657856,-0.03,9.03
20.547044843435287,-0.03,9.0
20.54850298911333,-0.03,8.97
20.549957055598497,-0.03,8.99
20.55141417682171,-0.04,9.03
20.552862249314785,-0.03,9.04
20.55431678891182,-0.03,9.02
20.555769942700863,-0.03,8.98
20.557230174541473,-0.03,8.98
20.558684803545475,-0.03,8.99
20.560130666941404,-0.03,8.98
20.561588678508997,-0.04,8.95
20.56304683163762,-0.03,8.93
20.56449791416526,-0.03,8.93
20.565953366458416,-0.03,8.95
20.56741300225258,-0.03,8.93
20.568863414227962,-0.04,8.9
20.570313788950443,-0.04,8.93
20.57176174595952,-0.04,8.95
20.573223814368248,-0.04,8.95
20.574669137597084,-0.04,8.94
20.57612706720829,-0.03,8.91
20.57759401202202,-0.03,8.9
20.579048980027437,-0.03,8.9
20.580498669296503,-0.03,8.88
20.581952281296253,-0.03,8.92
20.58341072872281,-0.03,8.89
20.58486122265458,-0.03,8.87
20.586310259997845,-0.03,8.87
20.58777767792344,-0.03,8.85
20.58922192826867,-0.04,8.87
20.59067753329873,-0.04,8.88
20.592140045017004,-0.04,8.89
20.59358412027359,-0.04,8.85
20.595044616609812,-0.03,8.8
20.596498008817434,-0.03,8.8
20.597958888858557,-0.03,8.81
20.599400356411934,-0.03,8.79
20.600859962403774,-0.03,8.8
20.602311585098505,-0.03,8.82
20.60376724228263,-0.03,8.82
20.605236005038023,-0.03,8.79
20.606683988124132,-0.03,8.8
20.608138501644135,-0.03,8.79
20.60958807170391,-0.03,8.78
20.61104131117463,-0.03,8.82
20.61250811815262,-0.03,8.78
20.613963700830936,-0.03,8.73
20.61540211737156,-0.03,8.72
20.616867307573557,-0.03,8.74
20.618321634829044,-0.03,8.73
20.6197673343122,-0.03,8.75
20.621434316039085,-0.03,8.72
20.622676227241755,-0.03,8.73
20.624133493751287,-0.03,8.76
20.625591553747654,-0.03,8.75
20.627050165086985,-0.03,8.78
20.628496076911688,-0.03,8.79
20.629959378391504,-0.03,8.74
20.631416734308004,-0.03,8.71
20.632860247045755,-0.03,8.73
20.63432064652443,-0.03,8.7
20.635769601911306,-0.03,8.7
20.637214209884405,-0.03,8.75
20.63868533819914,-0.03,8.74
20.64013282954693,-0.03,8.71
20.641593281179667,-0.03,8.69
20.643046632409096,-0.03,8.68
20.644503563642502,-0.03,8.69
20.645947117358446,-0.03,8.69
20.647405736148357,-0.03,8.7
20.648867905139923,-0.03,8.71
20.65031886845827,-0.03,8.7
20.651758439838886,-0.03,8.67
20.653229795396328,-0.03,8.66
20.654688142240047,-0.03,8.66
20.656135462224483,-0.03,8.65
20.657595977187157,-0.03,8.66
20.659053444862366,-0.03,8.71
20.660500556230545,-0.03,8.69
20.66196394711733,-0.03,8.63
20.66341045871377,-0.03,8.6
20.664864920079708,-0.03,8.61
20.666317030787468,-0.03,8.6
20.66777729615569,-0.03,8.65
20.669225219637156,-0.03,8.64
20.670688819140196,-0.03,8.65
20.672125279903412,-0.03,8.67
20.673593763262033,-0.03,8.67
20.675046797841787,-0.03,8.66
20.6765024587512,-0.03,8.68
20.677961863577366,-0.03,8.64
20.679411686956882,-0.03,8.65
20.680870417505503,-0.03,8.65
20.68232386931777,-0.03,8.63
20.683764945715666,-0.03,8.58
20.685226939618587,-0.03,8.57
20.686680167913437,-0.03,8.56
20.688133791089058,-0.03,8.6
20.689591370522976,-0.03,8.58
20.691048838198185,-0.03,8.61
20.692494191229343,-0.03,8.64
20.693962167948484,-0.03,8.68
20.695411317050457,-0.03,8.64
20.696867369115353,-0.03,8.59
20.698326341807842,-0.03,8.57
20.699775349348783,-0.03,8.59
20.701212972402573,-0.03,8.61
20.702688563615084,-0.03,8.61
20.704145416617393,-0.03,8.61
20.705596033483744,-0.03,8.59
20.7070417329669,-0.03,8.57
20.708501297980547,-0.03,8.58
20.709956001490355,-0.03,8.58
20.711414702236652,-0.03,8.59
20.71286542713642,-0.03,8.61
20.714309979230165,-0.03,8.64
20.715776596218348,-0.03,8.63
20.717220701277256,-0.03,8.63
20.718688022345304,-0.03,8.64
20.720129899680614,-0.03,8.68
20.72159645706415,-0.03,8.64
20.72304092347622,-0.03,8.61
20.724510554224253,-0.03,8.62
20.72596261277795,-0.03,8.62
20.727413196116686,-0.03,8.63
20.728865530341864,-0.03,8.63
20.73032722622156,-0.03,8.67
20.73176896572113,-0.03,8.64
20.733224879950285,-0.03,8.67
20.734681975096464,-0.03,8.68
20.736139502376318,-0.03,8.67
20.737582575529814,-0.03,8.64
20.739043671637774,-0.03,8.67
20.74050724133849,-0.03,8.68
20.741964135318995,-0.03,8.68
20.74341768398881,-0.03,8.7
20.744866605848074,-0.03,8.68
20.746314756572247,-0.03,8.67
20.74778514355421,-0.03,8.71
20.74923662096262,-0.03,8.74
20.750684149563313,-0.03,8.75
20.75214109569788,-0.03,8.74
20.753593258559704,-0.03,8.79
20.755042612552643,-0.03,8.84
20.756507955491543,-0.03,8.82
20.75795979425311,-0.03,8.79
20.759421709924936,-0.03,8.82
20.760866347700357,-0.03,8.82
20.762323148548603,-0.03,8.79
20.763778414577246,-0.03,8.78
20.765231668949127,-0.03,8.83
20.76668633148074,-0.03,8.83
20.768136873841286,-0.03,8.87
20.769596822559834,-0.03,8.88
20.771047167479992,-0.03,8.86
20.77249490469694,-0.03,8.86
20.773963525891304,-0.03,8.84
20.775407887995243,-0.03,8.8
20.776870384812355,-0.03,8.8
20.77832430973649,-0.03,8.82
20.779773082584143,-0.03,8.82
20.781220879405737,-0.03,8.85
20.782688211649656,-0.03,8.86
20.784128788858652,-0.03,8.85
20.78560272604227,-0.03,8.87
20.78705309331417,-0.03,8.85
20.78849906101823,-0.03,8.84
20.789963591843843,-0.03,8.85
20.791411701589823,-0.03,8.84
20.79287278652191,-0.03,8.82
20.79431914910674,-0.03,8.84
20.79578074067831,-0.03,8.88
20.797229766845703,-0.03,8.87
20.798686057329178,-0.03,8.86
20.80014268308878,-0.03,8.88
20.801593497395515,-0.03,8.89
20.803039882332087,-0.03,8.88
20.80450600385666,-0.03,8.86
20.805948369204998,-0.03,8.83
20.807418454438448,-0.03,8.88
20.80887032672763,-0.03,8.88
20.810322057455778,-0.03,8.89
20.811783388257027,-0.03,8.91
20.813238818198442,-0.03,8.85
20.814690086990595,-0.03,8.85
20.816137492656708,-0.03,8.88
20.81759348139167,-0.03,8.89
20.81920801475644,-0.03,8.9
20.82050671428442,-0.03,8.91
20.8219508305192,-0.03,8.91
20.82341653481126,-0.04,8.9
20.824872322380543,-0.03,8.91
20.826324969530106,-0.03,8.92
20.827780801802874,-0.03,8.9
20.829225800931454,-0.03,8.88
20.830686554312706,-0.04,8.84
20.83213170617819,-0.03,8.89
20.83358534052968,-0.03,8.89
20.835047636181116,-0.03,8.85
20.836496498435736,-0.03,8.89
20.8379557877779,-0.03,8.91
20.839412957429886,-0.03,8.89
20.840868588536978,-0.03,8.84
20.84232795238495,-0.03,8.82
20.84377220645547,-0.03,8.88
20.845231536775827,-0.03,8.9
20.84669392928481,-0.03,8.9
20.84812856838107,-0.03,8.89
20.84959400445223,-0.03,8.88
20.8510447666049,-0.03,8.88
20.85250811651349,-0.03,8.92
20.853954017162323,-0.03,8.91
20.85541231185198,-0.03,8.92
20.856870602816343,-0.03,8.93
20.85832441970706,-0.04,8.89
20.85977127403021,-0.04,8.89
20.86123863607645,-0.04,8.89
20.862689811736345,-0.04,8.87
20.864127449691296,-0.04,8.88
20.865584306418896,-0.04,8.85
20.867050483822823,-0.04,8.87
20.868510339409113,-0.04,8.89
20.86996414512396,-0.04,8.86
20.871422439813614,-0.04,8.85
20.872868187725544,-0.04,8.84
20.87432950735092,-0.04,8.78
20.875779427587986,-0.03,8.8
20.877237647771835,-0.03,8.85
20.87868158891797,-0.04,8.82
20.880136717110872,-0.04,8.81
20.881584990769625,-0.04,8.78
20.883040200918913,-0.04,8.79
20.884509190917015,-0.04,8.78
20.88595423474908,-0.04,8.77
20.88741460070014,-0.04,8.8
20.888870310038328,-0.04,8.77
20.890317369252443,-0.04,8.77
20.891773354262114,-0.04,8.81
20.893228136003017,-0.04,8.81
20.894689120352268,-0.04,8.77
20.896139577031136,-0.04,8.75
20.897608183324337,-0.04,8.75
20.8990497328341,-0.04,8.73
20.9005134254694,-0.04,8.76
20.90196257829666,-0.04,8.76
20.903424911201,-0.04,8.75
20.90487240627408,-0.04,8.75
20.906323708593845,-0.04,8.75
20.907780051231384,-0.04,8.78
20.909222844988108,-0.04,8.75
20.910677455365658,-0.04,8.7
20.912139747291803,-0.04,8.72
20.913590237498283,-0.04,8.73
20.91504767909646,-0.04,8.7
20.91649705544114,-0.04,8.67
20.91794790327549,-0.04,8.67
20.91941238194704,-0.04,8.67
20.92086547240615,-0.04,8.68
20.922318696975708,-0.04,8.66
20.92377333715558,-0.04,8.64
20.925224792212248,-0.04,8.64
20.92667979747057,-0.04,8.63
20.92812641337514,-0.04,8.68
20.92958314344287,-0.04,8.69
20.931046672165394,-0.04,8.63
20.93249963223934,-0.04,8.59
20.933949518948793,-0.04,8.59
20.935412112623453,-0.04,8.65
20.936869148164988,-0.04,8.65
20.938308905810118,-0.04,8.61
20.939774561673403,-0.03,8.57
20.94122137501836,-0.03,8.59
20.942678317427635,-0.04,8.6
20.94412148371339,-0.04,8.64
20.945581760257483,-0.03,8.65
20.947034176439047,-0.03,8.6
20.94849680364132,-0.03,8.59
20.949942525476217,-0.03,8.6
20.951397575438023,-0.03,8.61
20.952853355556726,-0.03,8.6
20.95431412383914,-0.03,8.58
20.95577087253332,-0.03,8.57
20.957226518541574,-0.03,8.55
20.958677377551794,-0.03,8.54
20.960133023560047,-0.03,8.52
20.961589224636555,-0.03,8.51
20.96312051638961,-0.03,8.55
20.964491363614798,-0.03,8.51
20.965952154248953,-0.03,8.53
20.967408295720816,-0.03,8.55
20.96884983778,-0.03,8.52
20.970296945422888,-0.03,8.47
20.971776571124792,-0.03,8.48
20.9732161834836,-0.03,8.47
20.97467241436243,-0.03,8.49
20.976138345897198,-0.03,8.5
20.97758787125349,-0.03,8.49
20.97904707118869,-0.03,8.5
20.98050305247307,-0.03,8.53
20.981945760548115,-0.03,8.54
20.983409997075796,-0.03,8.53
20.98484844341874,-0.03,8.51
20.986322350800037,-0.03,8.5
20.987766589969397,-0.03,8.49
20.989220842719078,-0.03,8.46
20.990675318986177,-0.03,8.47
20.992138493806124,-0.03,8.51
20.99358529597521,-0.03,8.5
20.9950515255332,-0.03,8.53
20.996496461331844,-0.03,8.5
20.997960314154625,-0.03,8.48
20.99939798936248,-0.03,8.46
21.000859558582306,-0.03,8.5
21.00232206657529,-0.03,8.54
21.00377529859543,-0.03,8.55
21.005222979933023,-0.03,8.54
21.00667153671384,-0.03,8.5
21.008137222379446,-0.03,8.52
21.009581960737705,-0.03,8.54
21.01104449480772,-0.03,8.51
21.012504287064075,-0.03,8.54
21.013950180262327,-0.03,8.52
21.015407864004374,-0.03,8.54
21.016871459782124,-0.03,8.58
21.018311213701963,-0.03,8.54
21.019772950559855,-0.03,8.52
21.021223802119493,-0.03,8.54
21.022688578814268,-0.03,8.53
21.024135194718838,-0.03,8.53
21.02558783069253,-0.03,8.54
21.027039114385843,-0.03,8.53
21.028499122709036,-0.03,8.54
21.029948744922876,-0.03,8.56
21.031405564397573,-0.03,8.57
21.032846827059984,-0.03,8.54
21.034317288547754,-0.03,8.59
21.035776507109404,-0.03,8.61
21.037226408720016,-0.03,8.59
21.038677465170622,-0.03,8.61
21.040125008672476,-0.03,8.63
21.041589960455894,-0.03,8.64
21.043040297925472,-0.03,8.67
21.044497318565845,-0.03,8.71
21.045949444174767,-0.03,8.68
21.047406539320946,-0.03,8.7
21.04886034503579,-0.03,8.71
21.05030319094658,-0.03,8.72
21.051764760166407,-0.03,8.71
21.05321643128991,-0.03,8.67
21.054669853299856,-0.03,8.72
21.056114550679922,-0.03,8.68
21.057584296911955,-0.03,8.69
21.059041645377874,-0.03,8.73
21.060480374842882,-0.03,8.72
21.061935897916555,-0.03,8.65
21.063395276665688,-0.03,8.67
21.064850598573685,-0.03,8.73
21.066295079886913,-0.03,8.74
21.067747719585896,-0.03,8.72
21.069209456443787,-0.03,8.71
21.070668630301952,-0.03,8.74
21.072124771773815,-0.03,8.79
21.07356794923544,-0.03,8.77
21.075027462095022,-0.03,8.75
21.07648056000471,-0.03,8.76
21.077939718961716,-0.03,8.76
21.079396724700928,-0.03,8.73
21.08084672689438,-0.03,8.72
21.08229872584343,-0.03,8.7
21.083756662905216,-0.03,8.7
21.085213866084814,-0.03,8.73
21.08666879683733,-0.03,8.73
21.088121701031923,-0.03,8.72
21.08957039564848,-0.03,8.74
21.091021351516247,-0.03,8.71
21.09249047935009,-0.03,8.72
21.09394435957074,-0.03,8.76
21.095396783202887,-0.03,8.75
21.096851639449596,-0.03,8.72
21.098298016935587,-0.03,8.76
21.09976027160883,-0.03,8.75
21.10121651738882,-0.03,8.77
21.102661032229662,-0.03,8.77
21.104125753045082,-0.03,8.77
21.105563364923,-0.03,8.78
21.107033018022776,-0.03,8.76
21.108487904071808,-0.03,8.76
21.10993756726384,-0.03,8.82
21.111389480531216,-0.03,8.84
21.112853221595287,-0.03,8.82
21.114297475665808,-0.03,8.84
21.11576037108898,-0.03,8.81
21.117211271077394,-0.03,8.78
21.118666347116232,-0.03,8.82
21.12011820450425,-0.03,8.8
21.121564205735922,-0.03,8.78
21.123030588030815,-0.03,8.8
21.124491721391678,-0.03,8.81
21.125937040895224,-0.03,8.81
21.12739120796323,-0.03,8.85
21.12884885072708,-0.03,8.88
21.130304407328367,-0.03,8.87
21.131759595125914,-0.03,8.82
21.13321690261364,-0.03,8.78
21.13467125967145,-0.03,8.79
21.136111728847027,-0.03,8.76
21.137559797614813,-0.04,8.78
21.13902721554041,-0.03,8.82
21.140491664409637,-0.03,8.83
21.141939762979746,-0.03,8.86
21.143392771482468,-0.03,8.81
21.144856367260218,-0.03,8.81
21.14630214124918,-0.03,8.87
21.147757787257433,-0.03,8.87
21.14921173080802,-0.03,8.86
21.150658898055553,-0.03,8.88
21.15212380513549,-0.03,8.84
21.153574462980032,-0.03,8.83
21.155030474066734,-0.03,8.84
21.15648551657796,-0.03,8.89
21.1579398997128,-0.03,8.87
21.159391216933727,-0.03,8.85
21.16085072606802,-0.03,8.89
21.162296645343304,-0.03,8.88
21.163755759596825,-0.03,8.87
21.16520781815052,-0.03,8.87
21.16667177528143,-0.03,8.88
21.168124690651894,-0.03,8.94
21.16956576704979,-0.03,8.91
21.171028275042772,-0.03,8.92
21.172484133392572,-0.03,8.96
21.17394233122468,-0.03,8.96
21.175394169986248,-0.03,8.95
21.17684268206358,-0.03,8.97
21.178300265222788,-0.03,8.96
21.179752971976995,-0.03,8.93
21.18120664730668,-0.03,8.91
21.182667925953865,-0.03,8.94
21.18411946669221,-0.03,8.96
21.185560807585716,-0.03,8.94
21.187035467475653,-0.03,8.97
21.18849280849099,-0.03,8.98
21.189937133342028,-0.03,8.97
21.191404052078724,-0.03,9.01
21.192862264811993,-0.03,9.06
21.19430261850357,-0.03,9.04
21.195764183998108,-0.03,9.01
21.197208434343338,-0.03,8.98
21.19867156818509,-0.03,9.0
21.200122002512217,-0.03,9.03
21.201562765985727,-0.03,9.04
21.203032672405243,-0.03,9.04
21.204480040818453,-0.03,9.04
21.20594546571374,-0.03,9.05
21.207401353865862,-0.03,9.08
21.20885705575347,-0.03,9.07
21.21030231192708,-0.03,9.07
21.211761001497507,-0.03,9.06
21.213210459798574,-0.03,9.08
21.214655973017216,-0.03,9.12
21.216126531362534,-0.03,9.13
21.21756697818637,-0.03,9.08
21.21901848167181,-0.03,9.04
21.22047868743539,-0.03,9.07
21.22194043546915,-0.03,9.06
21.22339302673936,-0.03,9.09
21.224843494594097,-0.03,9.13
21.226303923875093,-0.03,9.1
21.22775585204363,-0.03,9.13
21.229212261736393,-0.03,9.11
21.230670120567083,-0.03,9.13
21.232122614979744,-0.03,9.14
21.233564015477896,-0.03,9.16
21.235022719949484,-0.03,9.17
21.236482068896294,-0.03,9.17
21.237945958971977,-0.03,9.17
21.239395085722208,-0.03,9.2
21.24084324762225,-0.03,9.19
21.242298997938633,-0.03,9.18
21.243759240955114,-0.03,9.17
21.245211455971003,-0.03,9.2
21.24666165187955,-0.03,9.25
21.24812674894929,-0.03,9.23
21.24958013743162,-0.03,9.22
21.25102761387825,-0.03,9.24
21.252481393516064,-0.03,9.23
21.253941033035517,-0.03,9.26
21.255392637103796,-0.03,9.24
21.256847992539406,-0.03,9.23
21.258298706263304,-0.03,9.18
21.25976348295808,-0.03,9.17
21.261204481124878,-0.03,9.22
21.262659329921007,-0.03,9.24
21.264122013002634,-0.03,9.3
21.26557682454586,-0.03,9.29
21.267028138041496,-0.03,9.29
21.26849404349923,-0.03,9.26
21.269935555756092,-0.03,9.29
21.271400664001703,-0.03,9.34
21.27285050228238,-0.03,9.34
21.27430634573102,-0.03,9.35
21.27575785294175,-0.03,9.36
21.277217630296946,-0.03,9.39
21.278676733374596,-0.03,9.37
21.280125446617603,-0.04,9.33
21.281563952565193,-0.03,9.34
21.283038269728422,-0.03,9.37
21.28449335694313,-0.03,9.41
21.285939324647188,-0.03,9.41
21.287396728992462,-0.03,9.37
21.288852598518133,-0.03,9.37
21.290300138294697,-0.03,9.4
21.291759327054024,-0.03,9.42
21.29321749508381,-0.03,9.44
21.294657073915005,-0.04,9.46
21.29611962661147,-0.03,9.46
21.297577813267708,-0.03,9.44
21.299022439867258,-0.03,9.42
21.300493020564318,-0.03,9.43
21.3019430488348,-0.04,9.47
21.30338943004608,-0.04,9.49
21.304849855601788,-0.04,9.5
21.306301712989807,-0.03,9.49
21.307760566473007,-0.04,9.47
21.309214297682047,-0.03,9.52
21.310676276683807,-0.03,9.53
21.312127985060215,-0.04,9.54
21.313572496175766,-0.04,9.52
21.315033745020628,-0.04,9.55
21.31649027019739,-0.03,9.61
21.31794446706772,-0.04,9.61
21.31938536465168,-0.04,9.58
21.32085034623742,-0.04,9.62
21.322300538420677,-0.03,9.65
21.323752492666245,-0.03,9.65
21.32522502169013,-0.04,9.65
21.326668970286846,-0.04,9.74
21.328113812953234,-0.04,9.75
21.329577311873436,-0.04,9.69
21.331038154661655,-0.04,9.67
21.332486011087894,-0.04,9.7
21.33394307270646,-0.04,9.74
21.335390500724316,-0.04,9.75
21.336844976991415,-0.04,9.74
21.33831163495779,-0.04,9.72
21.339755315333605,-0.04,9.74
21.341212429106236,-0.04,9.79
21.34266223758459,-0.04,9.8
21.34411747381091,-0.04,9.77
21.34556733816862,-0.04,9.77
21.347021743655205,-0.04,9.76
21.348491612821817,-0.04,9.78
21.349937040358782,-0.04,9.78
21.35139649733901,-0.04,9.77
21.352856032550335,-0.04,9.8
21.354301288723946,-0.04,9.81
21.355764139443636,-0.04,9.77
21.357216365635395,-0.04,9.77
21.358661882579327,-0.04,9.81
21.360103089362383,-0.04,9.8
21.36155902594328,-0.04,9.81
21.36303636804223,-0.04,9.8
21.364477552473545,-0.04,9.78
21.365936387330294,-0.04,9.83
21.36740169674158,-0.04,9.86
21.368853464722633,-0.04,9.87
21.370304830372334,-0.04,9.87
21.371757060289383,-0.04,9.85
21.373219847679138,-0.04,9.87
21.374664079397917,-0.04,9.88
21.376127634197474,-0.04,9.9
21.377570059150457,-0.04,9.9
21.37903117388487,-0.04,9.92
21.380489345639944,-0.04,9.95
21.381945379078388,-0.04,9.94
21.383386362344027,-0.04,9.9
21.3848387748003,-0.04,9.95
21.38630671799183,-0.04,10.01
21.38775971159339,-0.04,10.02
21.38920607790351,-0.04,10.01
21.390666984021664,-0.04,10.0
21.392108742147684,-0.04,9.99
21.393566850572824,-0.04,10.02
21.395021963864565,-0.04,10.1
21.39647275954485,-0.04,10.05
21.39793611317873,-0.04,10.05
21.39938761293888,-0.04,10.01
21.400830440223217,-0.04,10.03
21.40228357538581,-0.04,10.06
21.403748895972967,-0.04,10.08
21.40520203113556,-0.04,10.07
21.40664792060852,-0.04,10.1
21.40811427682638,-0.04,10.12
21.409563906490803,-0.04,10.14
21.411020763218403,-0.04,10.15
21.41247460618615,-0.04,10.2
21.413918361067772,-0.04,10.16
21.41537367925048,-0.04,10.16
21.41683867946267,-0.04,10.17
21.418292492628098,-0.04,10.19
21.419733975082636,-0.04,10.23
21.421185612678528,-0.04,10.27
21.422656528651714,-0.04,10.25
21.424099918454885,-0.04,10.24
21.42556608840823,-0.04,10.25
21.427013859152794,-0.04,10.25
21.428471472114325,-0.04,10.28
21.429924942553043,-0.04,10.33
21.431370798498392,-0.04,10.35
21.43282687664032,-0.04,10.34
21.434279333800077,-0.04,10.35
21.435744620859623,-0.04,10.38
21.437202721834183,-0.04,10.35
21.438659016042948,-0.04,10.33
21.440106600522995,-0.04,10.37
21.441551752388477,-0.04,10.39
21.443018317222595,-0.04,10.37
21.444473315030336,-0.04,10.36
21.445930279791355,-0.04,10.35
21.44738230854273,-0.04,10.39
21.44883368164301,-0.04,10.41
21.450293973088264,-0.04,10.4
21.451730977743864,-0.04,10.44
21.453197181224823,-0.04,10.48
21.454643700271845,-0.04,10.47
21.456090543419123,-0.04,10.47
21.457563865929842,-0.04,10.47
21.459019117057323,-0.04,10.51
21.46046793460846,-0.04,10.53
21.461921211332083,-0.04,10.47
21.46337941288948,-0.04,10.51
21.464835189282894,-0.04,10.56
21.466286055743694,-0.04,10.56
21.46774261072278,-0.04,10.59
21.46918933838606,-0.04,10.57
21.470646522939205,-0.04,10.57
21.472095917910337,-0.04,10.63
21.473561458289623,-0.04,10.66
21.47500605136156,-0.04,10.65
21.47645804286003,-0.04,10.66
21.477912057191133,-0.04,10.7
21.47937098890543,-0.04,10.72
21.480830404907465,-0.04,10.73
21.482281997799873,-0.04,10.72
21.483744580298662,-0.04,10.71
21.48519252613187,-0.04,10.75
21.48665301501751,-0.04,10.72
21.488103359937668,-0.04,10.7
21.4895497597754,-0.04,10.73
21.491018623113632,-0.04,10.77
21.492471933364868,-0.04,10.78
21.493917927145958,-0.04,10.8
21.495387967675924,-0.04,10.79
21.496823634952307,-0.04,10.78
21.49827742576599,-0.04,10.83
21.499733597040176,-0.04,10.83
21.501197911798954,-0.04,10.85
21.50265185907483,-0.04,10.9
21.504107676446438,-0.04,10.84
21.50555646419525,-0.04,10.83
21.50700655207038,-0.04,10.87
21.50847314298153,-0.04,10.87
21.509917199611664,-0.04,10.88
21.5113708935678,-0.04,10.94
21.51283122971654,-0.04,10.96
21.514286521822214,-0.04,10.95
21.515734259039164,-0.04,10.95
21.51718743145466,-0.04,10.94
21.51863881573081,-0.04,10.97
21.52009756118059,-0.04,10.97
21.521556735038757,-0.04,10.99
21.523001544177532,-0.04,11.0
21.524454470723867,-0.04,10.96
21.52591972798109,-0.04,10.97
21.52737160399556,-0.04,11.01
21.528820108622313,-0.04,11.03
21.53027467802167,-0.04,11.02
21.531733103096485,-0.04,11.01
21.533175088465214,-0.04,11.06
21.534635182470083,-0.04,11.07
21.53610025718808,-0.04,11.05
21.537540577352047,-0.04,11.06
21.539007045328617,-0.04,11.06
21.540463864803314,-0.04,11.06
21.541910640895367,-0.04,11.09
21.5433632992208,-0.04,11.08
21.544817205518484,-0.04,11.08
21.546268969774246,-0.04,11.08
21.547710601240396,-0.04,11.11
21.549170803278685,-0.04,11.1
21.550636313855648,-0.04,11.04
21.552099961787462,-0.04,11.08
21.553552765399218,-0.04,11.1
21.55500280112028,-0.04,11.11
21.55645751953125,-0.04,11.13
21.55790214240551,-0.05,11.14
21.55936700105667,-0.04,11.16
21.560823392122984,-0.04,11.16
21.56226535513997,-0.04,11.14
21.563734218478203,-0.04,11.15
21.56517618522048,-0.04,11.13
21.566642083227634,-0.04,11.16
21.56809740141034,-0.04,11.14
21.5695512406528,-0.04,11.17
21.57100162282586,-0.04,11.16
21.57245322689414,-0.04,11.15
21.573913425207138,-0.04,11.17
21.575366653501987,-0.04,11.16
21.576818842440844,-0.04,11.22
21.578271105885506,-0.05,11.23
21.579730812460184,-0.05,11.19
21.5811872407794,-0.04,11.18
21.582641568034887,-0.04,11.21
21.584083516150713,-0.04,11.19
21.585543286055326,-0.04,11.18
21.58699695020914,-0.05,11.19
21.58853393793106,-0.05,11.19
21.58991888910532,-0.05,11.18
21.59136089682579,-0.04,11.21
21.59281835332513,-0.04,11.21
21.594267915934324,-0.04,11.24
21.5957364551723,-0.05,11.21
21.59717894718051,-0.04,11.23
21.598635479807854,-0.04,11.24
21.60008943080902,-0.04,11.28
21.601537570357323,-0.04,11.28
21.602991934865713,-0.04,11.26
21.604459136724472,-0.04,11.25
21.60591496527195,-0.04,11.26
21.607362665235996,-0.04,11.3
21.60882005468011,-0.04,11.26
21.61027653515339,-0.04,11.28
21.611733742058277,-0.04,11.28
21.61318276822567,-0.04,11.25
21.614629719406366,-0.04,11.29
21.61608573421836,-0.04,11.32
21.61754309386015,-0.04,11.32
21.618990540504456,-0.04,11.36
21.620459858328104,-0.04,11.34
21.621917128562927,-0.04,11.35
21.62335631251335,-0.04,11.36
21.624820418655872,-0.04,11.35
21.626276586204767,-0.04,11.37
21.62773134931922,-0.04,11.35
21.629182927310467,-0.04,11.39
21.630634773522615,-0.04,11.4
21.632099874317646,-0.04,11.37
21.63354878872633,-0.04,11.35
21.63500588014722,-0.04,11.38
21.636446963995695,-0.04,11.4
21.63791497051716,-0.04,11.45
21.639356281608343,-0.04,11.42
21.640816412866116,-0.04,11.38
21.642265982925892,-0.05,11.43
21.64372046291828,-0.04,11.42
21.645176842808723,-0.04,11.39
21.64664328470826,-0.05,11.4
21.648089334368706,-0.05,11.39
21.649540297687054,-0.05,11.38
21.6509957537055,-0.04,11.38
21.65244998037815,-0.04,11.37
21.653900410979986,-0.04,11.41
21.655369445681572,-0.04,11.42
21.6568169221282,-0.04,11.44
21.658274952322245,-0.05,11.41
21.659735146909952,-0.05,11.37
21.66117623820901,-0.05,11.4
21.66262911260128,-0.05,11.45
21.664101023226976,-0.05,11.43
21.66555042564869,-0.04,11.42
21.666994620114565,-0.04,11.42
21.668462686240673,-0.04,11.46
21.669918563216925,-0.04,11.48
21.671363420784473,-0.04,11.45
21.672819264233112,-0.04,11.48
21.674264188855886,-0.04,11.46
21.675735644996166,-0.04,11.45
21.67717384174466,-0.04,11.44
21.678645312786102,-0.05,11.43
21.68009641766548,-0.05,11.48
21.68154577165842,-0.04,11.45
21.683006793260574,-0.04,11.43
21.68446459621191,-0.05,11.47
21.685919668525457,-0.05,11.44
21.68737245723605,-0.04,11.44
21.688815128058195,-0.05,11.44
21.690273754298687,-0.04,11.46
21.691736698150635,-0.04,11.48
21.69318424537778,-0.04,11.52
21.694635301828384,-0.04,11.48
21.69608724117279,-0.05,11.47
21.697553642094135,-0.04,11.48
21.699009753763676,-0.04,11.47
21.700447238981724,-0.05,11.51
21.7019013017416,-0.04,11.52
21.70336638391018,-0.04,11.52
21.704819060862064,-0.04,11.54
21.706274952739477,-0.04,11.52
21.707736514508724,-0.04,11.47
21.709180776029825,-0.05,11.49
21.71063619107008,-0.05,11.55
21.712100513279438,-0.04,11.55
21.713544581085443,-0.04,11.48
21.714997250586748,-0.05,11.46
21.716462843120098,-0.04,11.47
21.717905052006245,-0.04,11.48
21.719365749508142,-0.04,11.45
21.720813389867544,-0.04,11.46
21.722270347177982,-0.04,11.53
21.72371470183134,-0.04,11.5
21.725177120417356,-0.05,11.52
21.726627256721258,-0.04,11.49
21.728078708052635,-0.04,11.47
21.72953451052308,-0.04,11.49
21.73098921775818,-0.04,11.49
21.732444871217012,-0.04,11.49
21.733890864998102,-0.04,11.49
21.73533872142434,-0.04,11.52
21.736798491328955,-0.04,11.51
21.73825591802597,-0.04,11.46
21.73970552533865,-0.04,11.45
21.74116300046444,-0.04,11.47
21.74261251464486,-0.04,11.43
21.74406846240163,-0.04,11.44
21.74552233889699,-0.04,11.43
21.746974255889654,-0.04,11.45
21.748429909348488,-0.05,11.44
21.749885365366936,-0.04,11.45
21.75134788453579,-0.04,11.46
21.75278651714325,-0.04,11.45
21.754252314567566,-0.05,11.41
21.755693327635527,-0.05,11.36
21.757155366241932,-0.04,11.41
21.758609481155872,-0.04,11.42
21.76005369052291,-0.04,11.43
21.761513773351908,-0.04,11.43
21.762971743941307,-0.04,11.45
21.764422215521336,-0.05,11.49
21.765887387096882,-0.04,11.47
21.76733073964715,-0.04,11.47
21.768791411072016,-0.04,11.44
21.77024605125189,-0.05,11.41
21.771704215556383,-0.04,11.44
21.773155704140663,-0.04,11.45
21.774601597338915,-0.04,11.46
21.77605840191245,-0.04,11.46
21.77750688418746,-0.05,11.44
21.778972677886486,-0.04,11.44
21.78042697906494,-0.04,11.47
21.78188582509756,-0.05,11.47
21.7833319529891,-0.05,11.44
21.784783214330673,-0.05,11.41
21.786236949265003,-0.05,11.45
21.787698574364185,-0.05,11.46
21.789144452661276,-0.04,11.43
21.790598649531603,-0.04,11.42
21.792070288211107,-0.04,11.42
21.793515756726265,-0.04,11.44
21.79497143253684,-0.04,11.41
21.796426001936197,-0.04,11.4
21.79787116497755,-0.05,11.41
21.799336336553097,-0.04,11.43
21.800786405801773,-0.04,11.4
21.802238706499338,-0.04,11.4
21.803693402558565,-0.04,11.41
21.80515795201063,-0.04,11.44
21.806607980281115,-0.04,11.41
21.808057218790054,-0.04,11.46
21.809512700885534,-0.04,11.48
21.810966078191996,-0.04,11.44
21.81242237985134,-0.04,11.43
21.813886798918247,-0.04,11.45
21.815337110310793,-0.04,11.48
21.816783115267754,-0.04,11.46
21.818243015557528,-0.04,11.42
21.81969128549099,-0.04,11.44
21.8211355432868,-0.04,11.5
21.822602342814207,-0.04,11.48
21.824052944779396,-0.04,11.47
21.825503788888454,-0.04,11.48
21.82695660367608,-0.04,11.46
21.82841768488288,-0.04,11.45
21.829875465482473,-0.04,11.44
21.831338100135326,-0.04,11.46
21.832796275615692,-0.04,11.46
21.834246519953012,-0.04,11.5
21.835694633424282,-0.05,11.53
21.83713662624359,-0.04,11.53
21.83860193938017,-0.04,11.54
21.84006082639098,-0.05,11.51
21.841515447944403,-0.04,11.48
21.842964187264442,-0.04,11.46
21.84441803768277,-0.04,11.45
21.84586924314499,-0.04,11.46
21.847334153950214,-0.04,11.47
21.84878360107541,-0.04,11.47
21.850234784185886,-0.04,11.48
21.8516898304224,-0.04,11.46
21.8531510271132,-0.04,11.47
21.85459953173995,-0.04,11.46
21.85605712607503,-0.04,11.52
21.857503954321146,-0.04,11.52
21.858972307294607,-0.04,11.49
21.8604230992496,-0.04,11.46
21.861874099820852,-0.04,11.53
21.863330602645874,-0.04,11.56
21.86479340493679,-0.04,11.52
21.86624811589718,-0.04,11.51
21.867697317153215,-0.04,11.49
21.869135785847902,-0.04,11.53
21.870598290115595,-0.04,11.53
21.8720536082983,-0.04,11.53
21.87351221218705,-0.04,11.49
21.874961107969284,-0.04,11.48
21.87642263993621,-0.04,11.52
21.877875100821257,-0.04,11.51
21.879324216395617,-0.04,11.52
21.880784939974546,-0.04,11.52
21.8822407014668,-0.04,11.48
21.883696157485247,-0.04,11.49
21.8851408213377,-0.04,11.52
21.88660266622901,-0.04,11.54
21.888059232383966,-0.04,11.58
21.88950665667653,-0.04,11.59
21.890961937606335,-0.04,11.56
21.89241987466812,-0.04,11.53
21.893871914595366,-0.04,11.53
21.895345576107502,-0.04,11.59
21.896788507699966,-0.04,11.6
21.898231215775013,-0.04,11.6
21.899683143943548,-0.04,11.57
21.90114516019821,-0.04,11.54
21.902589101344347,-0.04,11.6
21.904048707336187,-0.04,11.66
21.90551182255149,-0.04,11.65
21.906968113034964,-0.04,11.65
21.90841629356146,-0.04,11.63
21.909873127937317,-0.04,11.66
21.911326467990875,-0.04,11.66
21.912781700491905,-0.04,11.7
21.914243832230568,-0.04,11.68
21.915692638605833,-0.04,11.68
21.917150054126978,-0.04,11.72
21.91860221326351,-0.04,11.73
21.92006031423807,-0.04,11.72
21.921512320637703,-0.04,11.7
21.922959599643946,-0.04,11.71
21.924411848187447,-0.04,11.75
21.92587610706687,-0.04,11.74
21.927318312227726,-0.04,11.75
21.92877634614706,-0.04,11.76
21.930228244513273,-0.04,11.76
21.93168144673109,-0.04,11.73
21.933137744665146,-0.04,11.75
21.934603717178106,-0.04,11.74
21.936052445322275,-0.04,11.73
21.93751187622547,-0.04,11.79
21.938966903835535,-0.04,11.76
21.940413054078817,-0.04,11.71
21.941876370459795,-0.04,11.72
21.94332616776228,-0.04,11.74
21.944782212376595,-0.04,11.75
21.946235172450542,-0.04,11.79
21.947687059640884,-0.04,11.8
21.949142921715975,-0.04,11.78
21.950604759156704,-0.04,11.77
21.95205293595791,-0.04,11.73
21.953499481081963,-0.04,11.77
21.95494682714343,-0.04,11.77
21.95641401410103,-0.04,11.74
21.957848992198706,-0.04,11.74
21.959315806627274,-0.04,11.77
21.960769295692444,-0.04,11.77
21.96222523227334,-0.04,11.78
21.963680986315012,-0.04,11.8
21.96513558924198,-0.04,11.82
21.966589588671923,-0.04,11.82
21.96803057566285,-0.04,11.84
21.96949638798833,-0.04,11.86
21.970952603965998,-0.04,11.83
21.97240661084652,-0.04,11.83
21.973851297050714,-0.04,11.85
21.97531108930707,-0.04,11.87
21.976766981184483,-0.04,11.82
21.9782034419477,-0.04,11.83
21.97967942804098,-0.04,11.83
21.981124993413687,-0.04,11.83
21.98258436471224,-0.04,11.83
21.98403848335147,-0.04,11.84
21.985492184758186,-0.04,11.86
21.986953489482403,-0.04,11.89
21.988409224897623,-0.04,11.88
21.989859528839588,-0.04,11.87
21.991319604218006,-0.04,11.89
21.99277026578784,-0.04,11.89
21.99421639367938,-0.04,11.94
21.99567088484764,-0.04,11.91
21.997124634683132,-0.04,11.89
21.99858720228076,-0.04,11.95
22.000040397047997,-0.04,12.0
22.001497097313404,-0.04,11.97
22.00294916704297,-0.04,11.94
22.004399444907904,-0.04,11.95
22.005857910960913,-0.04,11.97
22.007304940372705,-0.04,11.99
22.008767623454332,-0.04,12.01
22.010215636342764,-0.04,12.01
22.011671792715788,-0.04,11.98
22.013129509985447,-0.04,12.03
22.014585062861443,-0.04,12.01
22.016033373773098,-0.04,12.03
22.01748776435852,-0.04,12.02
22.01894796639681,-0.04,11.98
22.02039458602667,-0.04,12.04
22.021855745464563,-0.04,12.05
22.02330571040511,-0.04,12.02
22.024762026965618,-0.04,12.04
22.026210971176624,-0.05,12.03
22.027676567435265,-0.04,12.03
22.029129303991795,-0.04,12.05
22.030565459281206,-0.04,12.08
22.03204321861267,-0.04,12.12
22.033498521894217,-0.04,12.13
22.034947223961353,-0.04,12.09
22.036397602409124,-0.04,12.11
22.03784478828311,-0.04,12.11
22.0393009185791,-0.04,12.13
22.04076102003455,-0.04,12.16
22.04222173243761,-0.04,12.15
22.043664440512657,-0.05,12.17
22.04511857032776,-0.04,12.14
22.046585515141487,-0.04,12.13
22.048028122633696,-0.04,12.12
22.049484446644783,-0.04,12.1
22.050937816500664,-0.04,12.12
22.052389714866877,-0.05,12.14
22.053845033049583,-0.05,12.13
22.0553036108613,-0.04,12.15
22.056754142045975,-0.05,12.21
22.058219648897648,-0.05,12.2
22.059668388217688,-0.04,12.18
22.061122987419367,-0.05,12.2
22.06258651614189,-0.04,12.2
22.06402076035738,-0.05,12.15
22.06548321247101,-0.05,12.22
22.066938064992428,-0.05,12.23
22.06839842349291,-0.05,12.24
22.069853104650974,-0.05,12.25
22.071300461888313,-0.05,12.24
22.07279283180833,-0.05,12.23
22.074222709983587,-0.05,12.22
22.07566623389721,-0.05,12.22
22.077117681503296,-0.05,12.23
22.078577373176813,-0.05,12.23
22.080036733299494,-0.05,12.25
22.081495575606823,-0.05,12.28
22.08294205367565,-0.05,12.28
22.084394723176956,-0.05,12.28
22.085843954235315,-0.05,12.28
22.087299201637506,-0.05,12.32
22.088763684034348,-0.05,12.3
22.090219885110855,-0.05,12.28
22.091675013303757,-0.05,12.29
22.093131110072136,-0.05,12.27
22.09456830844283,-0.05,12.27
22.09603090956807,-0.05,12.29
22.097489781677723,-0.05,12.28
22.09894037991762,-0.05,12.3
22.10038908198476,-0.05,12.32
22.101852294057608,-0.05,12.32
22.103303663432598,-0.04,12.34
22.104754395782948,-0.05,12.35
22.106205761432648,-0.05,12.33
22.107666946947575,-0.05,12.35
22.109131947159767,-0.05,12.36
22.11057598516345,-0.05,12.35
22.11202797293663,-0.05,12.36
22.113487504422665,-0.05,12.36
22.11494116857648,-0.05,12.38
22.116397749632597,-0.05,12.38
22.11785014718771,-0.05,12.41
22.119305301457644,-0.05,12.43
22.12075337767601,-0.05,12.4
22.12220188230276,-0.05,12.37
22.123664483428,-0.05,12.37
22.12513106688857,-0.05,12.36
22.126583881676197,-0.05,12.36
22.128034882247448,-0.05,12.39
22.129491232335567,-0.05,12.43
22.13093327358365,-0.05,12.4
22.132387299090624,-0.05,12.36
22.13384857773781,-0.05,12.39
22.135305639356375,-0.05,12.39
22.13676230609417,-0.05,12.35
22.13821031153202,-0.05,12.4
22.139671992510557,-0.05,12.37
22.141127735376358,-0.05,12.41
22.142575077712536,-0.05,12.37
22.144032891839743,-0.05,12.36
22.14548261463642,-0.05,12.41
22.14694483950734,-0.05,12.41
22.148399777710438,-0.05,12.37
22.14984129741788,-0.05,12.38
22.151299383491278,-0.05,12.42
22.152809746563435,-0.05,12.41
22.154203861951828,-0.05,12.4
22.155667562037706,-0.05,12.43
22.15712894871831,-0.05,12.44
22.15857982635498,-0.05,12.42
22.160027362406254,-0.05,12.39
22.161485850811005,-0.05,12.39
22.162944991141558,-0.05,12.46
22.164388682693243,-0.05,12.45
22.16584813967347,-0.05,12.44
22.167302150279284,-0.05,12.5
22.16875609755516,-0.05,12.53
22.17020732909441,-0.05,12.52
22.17165058851242,-0.05,12.49
22.173119463026524,-0.05,12.49
22.174564074724913,-0.05,12.52
22.176035556942225,-0.05,12.52
22.177471172064543,-0.05,12.49
22.1789374910295,-0.05,12.51
22.180377274751663,-0.05,12.53
22.181855466216803,-0.05,12.51
22.18330067396164,-0.05,12.54
22.184762749820948,-0.05,12.6
22.186213858425617,-0.05,12.6
22.187664426863194,-0.05,12.58
22.189119767397642,-0.05,12.58
22.19058458507061,-0.04,12.59
22.192030552774668,-0.04,12.64
22.19348693266511,-0.04,12.67
22.19493979215622,-0.05,12.63
22.19638416916132,-0.05,12.64
22.197846468538046,-0.05,12.64
22.19930062070489,-0.05,12.62
22.200752329081297,-0.05,12.6
22.202214904129505,-0.05,12.63
22.203666005283594,-0.05,12.65
22.205126136541367,-0.05,12.69
22.206579227000475,-0.05,12.69
22.208023749291897,-0.05,12.68
22.209493912756443,-0.05,12.66
22.21093400195241,-0.05,12.69
22.212392784655094,-0.05,12.73
22.213847640901804,-0.05,12.73
22.21530792117119,-0.05,12.74
22.21674731373787,-0.05,12.75
22.21821254864335,-0.05,12.71
22.219658602029085,-0.05,12.72
22.22112536802888,-0.05,12.73
22.222568560391665,-0.05,12.73
22.22403410077095,-0.05,12.76
22.225485518574715,-0.05,12.79
22.22692957520485,-0.05,12.78
22.22839180380106,-0.05,12.8
22.22984131798148,-0.05,12.85
22.231304105371237,-0.05,12.83
22.232753433287144,-0.05,12.86
22.23420751467347,-0.05,12.87
22.23566458001733,-0.05,12.9
22.237115565687418,-0.05,12.88
22.238581750541925,-0.05,12.87
22.240036617964506,-0.05,12.89
22.24148152768612,-0.05,12.91
22.242928236722946,-0.05,12.91
22.24438827484846,-0.05,12.9
22.245840087532997,-0.05,12.92
22.247302271425724,-0.05,12.89
22.24875993654132,-0.05,12.94
22.250209517776966,-0.05,12.96
22.251670498400927,-0.05,12.94
22.253117226064205,-0.05,12.94
22.25457365810871,-0.05,12.93
22.256023202091455,-0.05,12.95
22.25747400149703,-0.05,12.99
22.258936930447817,-0.05,13.03
22.260387510061264,-0.05,13.0
22.261837366968393,-0.05,12.94
22.263292837888002,-0.05,12.92
22.264755506068468,-0.05,12.94
22.266204845160246,-0.05,12.94
22.267667021602392,-0.05,12.97
22.269118543714285,-0.05,13.0
22.270566761493683,-0.04,12.96
22.27202546969056,-0.05,12.98
22.273476738482714,-0.05,12.96
22.274932265281677,-0.05,13.0
22.27638841047883,-0.05,12.99
22.27784951403737,-0.05,12.98
22.27930411696434,-0.05,12.99
22.280762780457735,-0.05,13.0
22.28221546113491,-0.05,13.02
22.283657405525446,-0.05,13.0
22.28512378782034,-0.05,12.99
22.286571145057678,-0.05,13.0
22.288028061389923,-0.05,12.97
22.289488434791565,-0.05,12.96
22.290942307561636,-0.05,12.95
22.292395405471325,-0.05,12.97
22.293849617242813,-0.05,13.02
22.295309208333492,-0.05,12.96
22.296744376420975,-0.05,12.99
22.298210576176643,-0.05,13.0
22.2996592707932,-0.05,13.0
22.301123071461916,-0.05,13.01
22.302569534629583,-0.05,13.0
22.30402272567153,-0.05,13.0
22.30548482388258,-0.05,13.02
22.306930601596832,-0.05,13.0
22.308391235768795,-0.05,13.02
22.30984017625451,-0.05,13.03
22.311282001435757,-0.05,13.05
22.312752816826105,-0.05,13.03
22.314205963164568,-0.05,13.05
22.31564273312688,-0.05,13.05
22.317116614431143,-0.05,13.02
22.31856618821621,-0.05,13.01
22.320015739649534,-0.05,13.02
22.321474369615316,-0.05,13.04
22.32293238863349,-0.05,13.06
22.324377734214067,-0.05,13.06
22.325846906751394,-0.05,13.04
22.327286049723625,-0.05,13.06
22.32873997837305,-0.05,13.06
22.330204341560602,-0.05,13.08
22.3316556699574,-0.05,13.11
22.333115845918655,-0.05,13.1
22.334565959870815,-0.05,13.11
22.336032398045063,-0.05,13.15
22.337472524493933,-0.05,13.11
22.33893544599414,-0.05,13.09
22.34039054811001,-0.05,13.14
22.341833978891373,-0.05,13.13
22.34328732639551,-0.05,13.12
22.34474726393819,-0.05,13.08
22.34619314223528,-0.05,13.1
22.347647044807673,-0.05,13.17
22.349116552621126,-0.05,13.14
22.35057581961155,-0.05,13.14
22.352021265774965,-0.05,13.13
22.353462785482407,-0.05,13.16
22.354932337999344,-0.05,13.18
22.356381058692932,-0.05,13.18
22.357843227684498,-0.05,13.16
22.35928789153695,-0.05,13.17
22.360743541270494,-0.05,13.16
22.36220257729292,-0.05,13.13
22.363688800483942,-0.05,13.16
22.36511104926467,-0.05,13.2
22.366568878293037,-0.05,13.17
22.368022922426462,-0.05,13.16
22.369472455233335,-0.05,13.17
22.370923779904842,-0.05,13.19
22.37237712368369,-0.05,13.22
22.3738314807415,-0.05,13.19
22.3752875700593,-0.05,13.19
22.376733615994453,-0.05,13.19
22.378197569400072,-0.05,13.22
22.37965501844883,-0.05,13.19
22.38109816238284,-0.05,13.17
22.38256138935685,-0.05,13.23
22.384017758071423,-0.05,13.21
22.385460902005434,-0.05,13.19
22.38692842423916,-0.05,13.17
22.388370595872402,-0.05,13.19
22.389833085238934,-0.05,13.17
22.391294311732054,-0.05,13.13
22.392747811973095,-0.05,13.16
22.394186910241842,-0.05,13.21
22.395649559795856,-0.05,13.14
22.39710534363985,-0.05,13.12
22.39855531230569,-0.05,13.17
22.4000034481287,-0.05,13.2
22.401459477841854,-0.05,13.17
22.402913935482502,-0.05,13.17
22.404376421123743,-0.05,13.17
22.405822727829218,-0.05,13.13
22.407280441373587,-0.05,13.1
22.40872846543789,-0.05,13.12
22.410179533064365,-0.05,13.12
22.41164192557335,-0.05,13.15
22.413101196289062,-0.05,13.16
22.41455328464508,-0.05,13.12
22.416005238890648,-0.05,13.12
22.417463149875402,-0.05,13.08
22.418913438916206,-0.05,13.08
22.420371063053608,-0.05,13.08
22.42182559147477,-0.05,13.11
22.42327469959855,-0.05,13.1
22.424731068313122,-0.05,13.07
22.426176138222218,-0.05,13.06
22.427644357085228,-0.05,13.06
22.429084960371256,-0.05,13.08
22.43053837493062,-0.05,13.03
22.432002905756235,-0.05,13.04
22.43345796689391,-0.05,13.07
22.434912707656622,-0.05,13.04
22.43636743724346,-0.05,13.01
22.437815997749567,-0.05,13.03
22.439269490540028,-0.05,13.03
22.44071801379323,-0.05,13.05
22.442172929644585,-0.05,13.03
22.443630285561085,-0.05,13.02
22.44508272409439,-0.05,12.99
22.44654507935047,-0.05,13.0
22.44799068197608,-0.05,13.02
22.44946050643921,-0.05,13.0
22.450899809598923,-0.05,12.98
22.452358189970255,-0.05,12.97
22.45381799712777,-0.05,12.95
22.455274391919374,-0.05,12.96
22.45672957599163,-0.05,12.93
22.45818742737174,-0.05,12.91
22.459642250090837,-0.05,12.94
22.461089052259922,-0.05,12.9
22.462542936205864,-0.05,12.89
22.464002151042223,-0.05,12.92
22.46544908732176,-0.05,12.92
22.466907259076834,-0.05,12.89
22.468356046825647,-0.05,12.85
22.469811212271452,-0.05,12.85
22.471264217048883,-0.05,12.84
22.47271553426981,-0.05,12.81
22.47416877746582,-0.05,12.81
22.475623931735754,-0.05,12.8
22.47708011418581,-0.05,12.81
22.47854932025075,-0.05,12.87
22.479996297508478,-0.05,12.85
22.481459192931652,-0.05,12.82
22.48290215432644,-0.05,12.83
22.484358597546816,-0.05,12.77
22.485807117074728,-0.05,12.74
22.48727348446846,-0.05,12.74
22.48873083665967,-0.05,12.72
22.490185625851154,-0.05,12.72
22.491631735116243,-0.05,12.68
22.493096262216568,-0.05,12.7
22.494541011750698,-0.05,12.72
22.495996680110693,-0.05,12.69
22.497446425259113,-0.05,12.66
22.498914200812578,-0.05,12.65
22.500366188585758,-0.05,12.63
22.501813545823097,-0.05,12.64
22.503275655210018,-0.05,12.64
22.5047166608274,-0.05,12.64
22.506173096597195,-0.05,12.57
22.507625728845596,-0.05,12.57
22.509083122015,-0.05,12.55
22.51054471731186,-0.05,12.54
22.5120013281703,-0.05,12.55
22.513444766402245,-0.05,12.57
22.51490033045411,-0.05,12.57
22.51636217534542,-0.05,12.52
22.517798397690058,-0.05,12.49
22.51927214860916,-0.05,12.51
22.52070927247405,-0.05,12.47
22.52217723429203,-0.05,12.48
22.52362009510398,-0.05,12.49
22.525079656392336,-0.05,12.48
22.526545006781816,-0.05,12.5
22.527996208518744,-0.05,12.51
22.52945103123784,-0.05,12.46
22.530901417136192,-0.05,12.44
22.532365437597036,-0.05,12.4
22.533814202994108,-0.05,12.4
22.53526123985648,-0.05,12.34
22.536726627498865,-0.05,12.34
22.538173500448465,-0.05,12.33
22.539634466171265,-0.05,12.34
22.54109090566635,-0.05,12.33
22.54253624379635,-0.05,12.33
22.543990943580866,-0.05,12.35
22.54544724151492,-0.05,12.35
22.546909615397453,-0.05,12.31
22.548362530767918,-0.05,12.29
22.549822703003883,-0.05,12.29
22.551270086318254,-0.05,12.27
22.55271052569151,-0.05,12.28
22.554176926612854,-0.05,12.28
22.555635169148445,-0.05,12.23
22.557092178612947,-0.05,12.21
22.55855004861951,-0.05,12.22
22.55998905003071,-0.05,12.27
22.561446100473404,-0.05,12.24
22.5629131346941,-0.05,12.23
22.564349863678217,-0.05,12.21
22.565818399190903,-0.05,12.18
22.567275304347277,-0.05,12.17
22.56872010976076,-0.05,12.15
22.570181261748075,-0.05,12.14
22.571634341031313,-0.04,12.08
22.573085613548756,-0.04,12.07
22.57453789561987,-0.04,12.08
22.57598441839218,-0.04,12.09
22.57744723558426,-0.04,12.12
22.578899141401052,-0.04,12.11
22.580356173217297,-0.05,12.08
22.581807300448418,-0.05,12.05
22.583260286599398,-0.04,12.04
22.584719076752663,-0.04,12.01
22.5861802585423,-0.04,11.99
22.587624981999397,-0.04,12.0
22.589086893945932,-0.04,12.0
22.590546432882547,-0.04,12.01
22.591993495821953,-0.04,12.03
22.593445774167776,-0.04,12.02
22.59490429982543,-0.04,12.01
22.596351582556963,-0.05,11.97
22.59781038761139,-0.04,11.92
22.599268324673176,-0.04,11.93
22.6007214859128,-0.04,11.9
22.602168049663305,-0.04,11.92
22.603627923876047,-0.04,11.96
22.605091128498316,-0.04,11.91
22.606539871543646,-0.04,11.89
22.607988443225622,-0.04,11.88
22.609448201954365,-0.04,11.86
22.61091461405158,-0.04,11.85
22.612364757806063,-0.04,11.84
22.613801829516888,-0.04,11.83
22.615264326334,-0.04,11.79
22.61671044304967,-0.04,11.78
22.618183203041553,-0.04,11.77
22.61963326111436,-0.04,11.75
22.621099315583706,-0.04,11.73
22.622539911419153,-0.04,11.72
22.62399373948574,-0.04,11.73
22.62545171752572,-0.04,11.69
22.626896273344755,-0.04,11.68
22.62836480513215,-0.04,11.69
22.629810363054276,-0.04,11.72
22.63126815482974,-0.04,11.69
22.63271438702941,-0.04,11.66
22.634184259921312,-0.04,11.62
22.63562558963895,-0.04,11.61
22.637077141553164,-0.04,11.64
22.638533927500248,-0.04,11.57
22.640000466257334,-0.04,11.56
22.641453083604574,-0.04,11.55
22.642897065728903,-0.04,11.55
22.64434976130724,-0.04,11.54
22.645808286964893,-0.04,11.51
22.647266507148743,-0.04,11.51
22.648725152015686,-0.04,11.51
22.650179866701365,-0.04,11.48
22.65162944048643,-0.04,11.53
22.65308180451393,-0.04,11.47
22.65453365817666,-0.04,11.45
22.65599401667714,-0.04,11.44
22.65745324641466,-0.04,11.39
22.658905740827322,-0.04,11.44
22.66035584360361,-0.04,11.44
22.66180720552802,-0.04,11.38
22.663258634507656,-0.04,11.36
22.66471778973937,-0.04,11.4
22.666177693754435,-0.04,11.45
22.667632296681404,-0.04,11.43
22.6690891161561,-0.04,11.38
22.670536447316408,-0.04,11.39
22.671999864280224,-0.04,11.36
22.67345067486167,-0.04,11.36
22.674897465854883,-0.04,11.32
22.67635429650545,-0.04,11.31
22.67781362310052,-0.04,11.28
22.67927022278309,-0.04,11.22
22.680717661976814,-0.04,11.2
22.682164404541254,-0.04,11.18
22.68362146988511,-0.04,11.17
22.685082718729973,-0.04,11.14
22.686539098620415,-0.04,11.15
22.68799912929535,-0.04,11.12
22.689454160630703,-0.04,11.16
22.690892804414034,-0.04,11.16
22.692350383847952,-0.04,11.13
22.69381855800748,-0.04,11.1
22.695253051817417,-0.04,11.12
22.696722637861967,-0.04,11.1
22.698213890194893,-0.04,11.07
22.699638564139605,-0.04,11.05
22.701071240007877,-0.04,11.04
22.702543258666992,-0.03,11.02
22.70397635176778,-0.03,11.01
22.70544910058379,-0.04,10.97
22.70689932256937,-0.04,10.98
22.708350356668234,-0.03,10.98
22.709808237850666,-0.03,10.94
22.711257565766573,-0.03,10.9
22.71271613612771,-0.03,10.9
22.714160200208426,-0.03,10.89
22.715616300702095,-0.03,10.87
22.71706995368004,-0.03,10.86
22.718529153615236,-0.03,10.84
22.719984501600266,-0.03,10.86
22.721428479999304,-0.03,10.84
22.722892474383116,-0.03,10.82
22.724345549941063,-0.03,10.8
22.725797783583403,-0.03,10.79
22.727263770997524,-0.03,10.78
22.72871595993638,-0.03,10.78
22.730162881314754,-0.03,10.76
22.73161505162716,-0.03,10.75
22.733061853796244,-0.03,10.75
22.734518874436617,-0.03,10.74
22.73597503080964,-0.03,10.76
22.73743385076523,-0.03,10.67
22.738881591707468,-0.03,10.63
22.740346934646368,-0.03,10.65
22.741798851639032,-0.03,10.71
22.743239864706993,-0.03,10.69
22.74471201747656,-0.03,10.7
22.746166214346886,-0.03,10.65
22.747618958353996,-0.03,10.65
22.74907063320279,-0.03,10.67
22.750530071556568,-0.03,10.65
22.751984890550375,-0.03,10.64
22.75343718752265,-0.03,10.6
22.754889093339443,-0.03,10.54
22.756342135369778,-0.03,10.55
22.757797308266163,-0.03,10.58
22.75925213098526,-0.03,10.58
22.760714266449213,-0.03,10.57
22.762160755693913,-0.03,10.56
22.76360882818699,-0.03,10.56
22.76506458967924,-0.03,10.52
22.766516156494617,-0.03,10.55
22.767973322421312,-0.03,10.55
22.769419215619564,-0.03,10.54
22.77088486403227,-0.03,10.53
22.772341929376125,-0.03,10.51
22.773796811699867,-0.03,10.53
22.775249026715755,-0.03,10.55
22.776704017072916,-0.03,10.53
22.778166107833385,-0.03,10.53
22.779613204300404,-0.03,10.48
22.781074471771717,-0.03,10.5
22.782519299536943,-0.03,10.49
22.783972833305597,-0.03,10.41
22.785429038107395,-0.03,10.43
22.786876164376736,-0.03,10.44
22.788342963904142,-0.03,10.41
22.789793480187654,-0.03,10.42
22.791245840489864,-0.03,10.41
22.792704667896032,-0.03,10.39
22.794160313904285,-0.03,10.42
22.79561995342374,-0.03,10.39
22.797074608504772,-0.03,10.43
22.79851097986102,-0.03,10.39
22.799973368644714,-0.03,10.39
22.801420886069536,-0.03,10.43
22.802876755595207,-0.03,10.39
22.804336071014404,-0.03,10.35
22.80579052120447,-0.03,10.38
22.80725445598364,-0.03,10.37
22.808698002249002,-0.03,10.32
22.81016129627824,-0.03,10.33
22.811618521809578,-0.02,10.34
22.813063096255064,-0.02,10.35
22.81452138721943,-0.03,10.35
22.815977167338133,-0.03,10.3
22.817422352731228,-0.03,10.26
22.81887772679329,-0.03,10.28
22.820333030074835,-0.03,10.32
22.821795783936977,-0.03,10.29
22.823256470263004,-0.03,10.25
22.82471114397049,-0.03,10.28
22.826139748096466,-0.03,10.29
22.827619317919016,-0.03,10.29
22.829068150371313,-0.03,10.26
22.830521546304226,-0.03,10.22
22.831968430429697,-0.02,10.21
22.83342594280839,-0.03,10.2
22.834878105670214,-0.03,10.21
22.836340967565775,-0.03,10.21
22.837798606604338,-0.03,10.22
22.839249815791845,-0.03,10.19
22.840708646923304,-0.03,10.2
22.842152200639248,-0.03,10.24
22.843618355691433,-0.03,10.22
22.84507294744253,-0.03,10.18
22.84652330726385,-0.03,10.16
22.847967453300953,-0.03,10.16
22.849429462105036,-0.03,10.11
22.85089137405157,-0.03,10.13
22.85233937203884,-0.03,10.13
22.85378572717309,-0.03,10.13
22.855237264186144,-0.03,10.11
22.85669981688261,-0.03,10.13
22.858142867684364,-0.03,10.18
22.85960279405117,-0.03,10.13
22.861068066209555,-0.03,10.13
22.86250752210617,-0.03,10.11
22.86397198587656,-0.03,10.15
22.865430649369955,-0.03,10.15
22.866877980530262,-0.03,10.14
22.868340846151114,-0.03,10.16
22.869782391935587,-0.03,10.15
22.871236123144627,-0.03,10.12
22.872697416692972,-0.03,10.12
22.874152693897486,-0.03,10.1
22.87560212612152,-0.03,10.07
22.877059672027826,-0.03,10.04
22.878519862890244,-0.03,10.03
22.879976883530617,-0.03,10.09
22.881424441933632,-0.03,10.07
22.882876943796873,-0.03,10.06
22.884332254529,-0.03,10.06
22.88578551262617,-0.03,10.04
22.88723772764206,-0.03,10.03
22.888702556490898,-0.03,10.02
22.89014356210828,-0.03,10.0
22.89161390438676,-0.03,10.02
22.89305777475238,-0.03,9.97
22.89451629295945,-0.03,10.02
22.89597924053669,-0.03,10.0
22.897423639893532,-0.03,9.97
22.89887535572052,-0.03,9.97
22.900333493947983,-0.03,9.92
22.901790864765644,-0.03,9.95
22.903252065181732,-0.03,9.94
22.90469589084387,-0.03,9.93
22.906142003834248,-0.03,9.98
22.907604549080133,-0.03,9.98
22.909060183912516,-0.03,9.94
22.910514265298843,-0.03,9.97
22.911959946155548,-0.03,9.96
22.913429114967585,-0.03,9.94
22.914880957454443,-0.03,9.91
22.91631329804659,-0.03,9.92
22.917772237211466,-0.03,9.95
22.91923462599516,-0.03,9.93
22.92068624123931,-0.03,9.95
22.922142654657364,-0.03,9.94
22.92359646037221,-0.03,9.91
22.92504407092929,-0.03,9.94
22.926504854112864,-0.03,9.94
22.927962314337492,-0.03,9.92
22.929417449980974,-0.03,9.92
22.930875577032566,-0.03,9.88
22.93232685700059,-0.03,9.89
22.933791384100914,-0.03,9.88
22.93522922694683,-0.03,9.87
22.936688859015703,-0.03,9.84
22.93813855946064,-0.03,9.85
22.93959031254053,-0.03,9.83
22.94104429334402,-0.03,9.81
22.942508175969124,-0.03,9.8
22.943962071090937,-0.03,9.85
22.94542010501027,-0.03,9.92
22.94687272235751,-0.03,9.91
22.948325395584106,-0.03,9.88
22.94977406039834,-0.03,9.82
22.951233949512243,-0.03,9.85
22.952682197093964,-0.03,9.85
22.954140912741423,-0.03,9.82
22.95560009032488,-0.03,9.82
22.95705207809806,-0.03,9.79
22.958499647676945,-0.03,9.77
22.959950651973486,-0.03,9.81
22.961411725729704,-0.03,9.79
22.962853778153658,-0.03,9.79
22.96431441605091,-0.03,9.81
22.96576976403594,-0.03,9.78
22.967224892228842,-0.03,9.76
22.96868236362934,-0.03,9.76
22.970127135515213,-0.03,9.75
22.971595119684935,-0.03,9.73
22.9730512984097,-0.03,9.73
22.9744925275445,-0.03,9.69
22.975949674844742,-0.03,9.7
22.977410227060318,-0.03,9.73
22.978856287896633,-0.03,9.71
22.98032259568572,-0.03,9.7
22.981779232621193,-0.03,9.65
22.983252424746752,-0.03,9.66
22.984682977199554,-0.03,9.69
22.98612891882658,-0.03,9.68
22.987593825906515,-0.03,9.67
22.989038601517677,-0.03,9.63
22.990506816655397,-0.03,9.6
22.991950519382954,-0.03,9.59
22.99340471252799,-0.03,9.62
22.994858026504517,-0.03,9.64
22.996318098157644,-0.03,9.59
22.99777752906084,-0.03,9.56
22.999228708446026,-0.03,9.6
23.00067174434662,-0.03,9.59
23.002133686095476,-0.03,9.59
23.00359046831727,-0.03,9.53
23.005035001784563,-0.03,9.52
23.006503593176603,-0.03,9.53
23.007946584373713,-0.03,9.55
23.009409844875336,-0.03,9.53
23.010852951556444,-0.03,9.52
23.01232409104705,-0.03,9.5
23.013755850493908,-0.03,9.48
23.01521560549736,-0.03,9.49
23.01668629422784,-0.03,9.47
23.018139094114304,-0.03,9.48
23.019589085131884,-0.03,9.51
23.021048329770565,-0.03,9.48
23.022496588528156,-0.03,9.44
23.023947082459927,-0.03,9.45
23.025407560169697,-0.03,9.42
23.02686558663845,-0.03,9.44
23.028307545930147,-0.03,9.43
23.0297741740942,-0.03,9.42
23.031226720660925,-0.03,9.45
23.032672986388206,-0.03,9.44
23.034125067293644,-0.03,9.46
23.035593152046204,-0.03,9.45
23.037035699933767,-0.03,9.42
23.038493119180202,-0.03,9.4
23.039944227784872,-0.03,9.37
23.04139533266425,-0.03,9.34
23.042857836931944,-0.03,9.35
23.044310111552477,-0.03,9.36
23.04577301815152,-0.03,9.32
23.0472279638052,-0.03,9.31
23.048674538731575,-0.03,9.3
23.05013594403863,-0.03,9.32
23.051580395549536,-0.02,9.31
23.053030982613564,-0.03,9.29
23.054535124450922,-0.03,9.29
23.055933080613613,-0.03,9.28
23.05740734934807,-0.03,9.23
23.058862544596195,-0.03,9.23
23.06031223013997,-0.03,9.24
23.06175295263529,-0.03,9.25
23.06322541087866,-0.03,9.23
23.06466757878661,-0.03,9.2
23.066132564097643,-0.03,9.19
23.067593976855278,-0.03,9.18
23.06902462616563,-0.03,9.18
23.070503301918507,-0.03,9.19
23.071947634220123,-0.03,9.2
23.073399260640144,-0.03,9.19
23.074849739670753,-0.03,9.18
23.07631604745984,-0.03,9.15
23.077762003988028,-0.03,9.13
23.079222951084375,-0.03,9.15
23.080670788884163,-0.03,9.15
23.08212323859334,-0.03,9.13
23.083565045148134,-0.03,9.14
23.085041150450706,-0.02,9.14
23.086494270712137,-0.03,9.13
23.087938029319048,-0.03,9.11
23.089398559182882,-0.03,9.12
23.090860161930323,-0.03,9.13
23.09230787679553,-0.03,9.06
23.09376997500658,-0.03,9.09
23.095223620533943,-0.03,9.07
23.096681263297796,-0.02,9.03
23.09812657535076,-0.02,8.99
23.099566139280796,-0.03,9.0
23.101042613387108,-0.03,9.04
23.10248478874564,-0.03,9.07
23.103951528668404,-0.03,9.03
23.105405803769827,-0.03,9.01
23.10684784129262,-0.03,9.0
23.108305040746927,-0.02,8.99
23.109760344028473,-0.02,9.0
23.111223232001066,-0.02,8.93
23.11267836764455,-0.02,8.91
23.1141238771379,-0.02,8.96
23.115566805005074,-0.02,8.98
23.117020923644304,-0.03,8.95
23.11849034577608,-0.03,8.93
23.11994630098343,-0.03,8.92
23.121400386095047,-0.03,8.92
23.122849248349667,-0.02,8.88
23.12430352345109,-0.02,8.86
23.12576985731721,-0.03,8.89
23.1272146217525,-0.03,8.85
23.128668405115604,-0.03,8.86
23.13011883571744,-0.02,8.89
23.131577905267477,-0.02,8.85
23.133027710020542,-0.03,8.86
23.13448053225875,-0.03,8.85
23.13594425097108,-0.03,8.78
23.137399770319462,-0.03,8.81
23.138858504593372,-0.03,8.85
23.140309285372496,-0.03,8.78
23.14175857976079,-0.03,8.78
23.143221404403448,-0.02,8.76
23.14466781169176,-0.03,8.81
23.14612951874733,-0.03,8.83
23.147585820406675,-0.02,8.77
23.149041291326284,-0.02,8.74
23.150487396866083,-0.02,8.75
23.151937685906887,-0.02,8.74
23.153402600437403,-0.02,8.71
23.1548553109169,-0.02,8.7
23.15631192922592,-0.02,8.69
23.15775690972805,-0.02,8.72
23.15921537950635,-0.02,8.7
23.160672679543495,-0.03,8.68
23.162117168307304,-0.02,8.69
23.16358569636941,-0.02,8.69
23.16503407433629,-0.03,8.64
23.166482385247946,-0.03,8.67
23.167940355837345,-0.02,8.64
23.169394068419933,-0.02,8.62
23.170849058777094,-0.02,8.62
23.172310322523117,-0.03,8.61
23.17376197502017,-0.03,8.61
23.17522594332695,-0.02,8.64
23.17667429894209,-0.03,8.61
23.178113218396902,-0.03,8.57
23.17957615852356,-0.03,8.58
23.18103277310729,-0.03,8.58
23.182478848844767,-0.03,8.58
23.18393376842141,-0.03,8.56
23.185395017266273,-0.03,8.52
23.18684897571802,-0.03,8.52
23.188307654112577,-0.03,8.54
23.189762376248837,-0.03,8.54
23.191214472055435,-0.03,8.53
23.19265618175268,-0.03,8.53
23.194117974489927,-0.03,8.52
23.195585176348686,-0.03,8.5
23.197020817548037,-0.03,8.5
23.19847422093153,-0.03,8.48
23.199954122304916,-0.03,8.47
23.201386529952288,-0.03,8.51
23.202856868505478,-0.03,8.51
23.204307168722153,-0.03,8.49
23.205761421471834,-0.03,8.43
23.207215905189514,-0.03,8.41
23.208669938147068,-0.03,8.46
23.210122644901276,-0.03,8.42
23.211581237614155,-0.03,8.43
23.21302516385913,-0.03,8.43
23.21448079124093,-0.03,8.44
23.215937603265047,-0.03,8.48
23.217394862324,-0.02,8.46
23.21884337812662,-0.02,8.37
23.22030531987548,-0.02,8.36
23.221756134182215,-0.02,8.39
23.22320729866624,-0.02,8.41
23.224662337452173,-0.02,8.42
23.226122934371233,-0.02,8.39
23.227564584463835,-0.02,8.38
23.229020915925503,-0.02,8.39
23.23048697412014,-0.02,8.35
23.23194045946002,-0.02,8.4
23.23338270187378,-0.02,8.38
23.234837502241135,-0.02,8.36
23.23629505932331,-0.03,8.36
23.2377493865788,-0.03,8.35
23.239205297082663,-0.02,8.33
23.240651793777943,-0.02,8.35
23.242107655853033,-0.02,8.37
23.243571188300848,-0.03,8.31
23.2450254522264,-0.03,8.3
23.246475368738174,-0.02,8.31
23.24792819470167,-0.02,8.29
23.249391622841358,-0.02,8.33
23.250848423689604,-0.03,8.34
23.25228690356016,-0.03,8.3
23.253754373639822,-0.03,8.3
23.255203541368246,-0.03,8.29
23.256661798805,-0.02,8.28
23.258110117167234,-0.02,8.25
23.25957766547799,-0.02,8.25
23.261034224182367,-0.02,8.23
23.26246154308319,-0.02,8.24
23.26392214745283,-0.02,8.25
23.26539294794202,-0.03,8.26
23.26684071496129,-0.02,8.24
23.268284741789103,-0.02,8.22
23.26974530890584,-0.02,8.25
23.271204251796007,-0.02,8.22
23.27265691012144,-0.02,8.19
23.274107333272696,-0.02,8.2
23.275558654218912,-0.02,8.17
23.277022764086723,-0.02,8.17
23.27848232537508,-0.02,8.18
23.279934775084257,-0.03,8.17
23.281386397778988,-0.03,8.19
23.282843828201294,-0.03,8.16
23.284283943474293,-0.03,8.13
23.2857528924942,-0.03,8.15
23.28720422461629,-0.03,8.15
23.28865734115243,-0.03,8.12
23.29011368751526,-0.03,8.09
23.29156255722046,-0.03,8.1
23.293020639568567,-0.03,8.13
23.294463243335485,-0.03,8.11
23.295923206955194,-0.03,8.09
23.29738363623619,-0.03,8.1
23.298845138400793,-0.02,8.09
23.30029635131359,-0.02,8.07
23.301739189773798,-0.02,8.12
23.303195480257273,-0.02,8.1
23.304662376642227,-0.02,8.07
23.306113198399544,-0.02,8.05
23.30755565315485,-0.02,8.03
23.30901875719428,-0.02,8.02
23.31046349927783,-0.03,8.01
23.31192694976926,-0.03,8.03
23.313384022563696,-0.02,8.04
23.31483092904091,-0.02,8.0
23.316295310854912,-0.02,8.03
23.317736230790615,-0.02,8.05
23.31919477134943,-0.02,8.04
23.320650711655617,-0.02,8.01
23.32210859283805,-0.03,7.98
23.32356107234955,-0.02,8.0
23.325006283819675,-0.02,7.95
23.326472371816635,-0.02,8.0
23.32792605832219,-0.02,7.99
23.329383432865143,-0.02,7.98
23.330822322517633,-0.02,7.95
23.332283187657595,-0.02,7.99
23.33374210447073,-0.02,8.0
23.335192162543535,-0.02,7.95
23.33664394542575,-0.02,7.94
23.338105097413063,-0.02,7.93
23.339564867317677,-0.02,7.89
23.34100867807865,-0.02,7.88
23.342470213770866,-0.03,7.94
23.343919418752193,-0.03,7.92
23.345373883843422,-0.02,7.88
23.346829161047935,-0.02,7.87
23.34829007834196,-0.02,7.88
23.349744606763124,-0.03,7.85
23.351193718612194,-0.03,7.83
23.352651804685593,-0.03,7.83
23.354108169674873,-0.03,7.84
23.355563029646873,-0.03,7.85
23.357004329562187,-0.02,7.84
23.358471386134624,-0.03,7.77
23.359916601330042,-0.02,7.77
23.36138665303588,-0.03,7.82
23.362832993268967,-0.02,7.84
23.36428054794669,-0.02,7.81
23.365734234452248,-0.02,7.78
23.367188829928637,-0.02,7.8
23.368651393800974,-0.02,7.75
23.370102558284998,-0.02,7.76
23.371547020971775,-0.02,7.81
23.372996009886265,-0.02,7.8
23.3744650259614,-0.02,7.8
23.375915251672268,-0.02,7.81
23.37736812978983,-0.02,7.8
23.378828339278698,-0.03,7.76
23.380283307284117,-0.02,7.76
23.38173120841384,-0.02,7.78
23.383191164582968,-0.02,7.79
23.384639143943787,-0.02,7.76
23.386107750236988,-0.02,7.75
23.387544631958008,-0.02,7.77
23.388995852321386,-0.02,7.74
23.390462204813957,-0.02,7.7
23.391917657107115,-0.02,7.72
23.393358577042818,-0.02,7.73
23.39483269676566,-0.02,7.73
23.396289095282555,-0.02,7.76
23.397735182195902,-0.02,7.75
23.399196058511734,-0.02,7.75
23.40064061805606,-0.02,7.76
23.402086906135082,-0.02,7.77
23.4035500921309,-0.02,7.74
23.404995642602444,-0.02,7.7
23.406456235796213,-0.02,7.74
23.407923452556133,-0.02,7.79
23.409367345273495,-0.02,7.79
23.410825066268444,-0.02,7.74
23.4122676551342,-0.02,7.75
23.41373646631837,-0.02,7.74
23.41518135368824,-0.02,7.77
23.416651152074337,-0.02,7.74
23.4181066788733,-0.02,7.73
23.419559866189957,-0.02,7.74
23.421009611338377,-0.02,7.72
23.422465030103922,-0.02,7.71
23.423908926546574,-0.02,7.71
23.425376936793327,-0.02,7.73
23.426844839006662,-0.02,7.72
23.428273860365152,-0.02,7.71
23.429736010730267,-0.02,7.72
23.431185871362686,-0.02,7.72
23.432639848440886,-0.02,7.72
23.434083964675665,-0.02,7.7
23.435547299683094,-0.02,7.69
23.436994642019272,-0.02,7.75
23.438449766486883,-0.02,7.7
23.43990719690919,-0.02,7.66
23.44135768339038,-0.02,7.67
23.442815870046616,-0.02,7.69
23.444265343248844,-0.02,7.7
23.445722598582506,-0.02,7.68
23.44718225672841,-0.02,7.7
23.44864161685109,-0.02,7.71
23.45008810609579,-0.02,7.68
23.451530165970325,-0.02,7.7
23.453000139445066,-0.02,7.71
23.45444728806615,-0.02,7.72
23.455899316817522,-0.02,7.67
23.457350485026836,-0.02,7.7
23.458819419145584,-0.02,7.71
23.46026423200965,-0.02,7.68
23.461724746972322,-0.02,7.66
23.463183611631393,-0.02,7.66
23.464633226394653,-0.02,7.67
23.466081865131855,-0.02,7.67
23.467544857412577,-0.02,7.66
23.468997295945883,-0.02,7.69
23.470445279031992,-0.02,7.71
23.47190286964178,-0.02,7.68
23.47334223985672,-0.02,7.64
23.474813852459192,-0.02,7.68
23.476266473531723,-0.02,7.71
23.477714624255896,-0.02,7.67
23.479169994592667,-0.02,7.66
23.48062615469098,-0.02,7.69
23.482085395604372,-0.02,7.66
23.48353362083435,-0.02,7.66
23.48498833552003,-0.02,7.66
23.486453127115965,-0.02,7.63
23.48789409175515,-0.02,7.64
23.48936064913869,-0.02,7.63
23.490810092538595,-0.02,7.65
23.49225741252303,-0.02,7.67
23.4937148578465,-0.02,7.69
23.49517361074686,-0.02,7.69
23.49662932753563,-0.02,7.65
23.498087100684643,-0.02,7.65
23.499536395072937,-0.02,7.62
23.500987861305475,-0.02,7.64
23.502453476190567,-0.02,7.64
23.503900166600943,-0.02,7.63
23.505347333848476,-0.02,7.6
23.506808407604694,-0.02,7.62
23.50827119499445,-0.02,7.55
23.50972056388855,-0.02,7.55
23.511164881289005,-0.02,7.59
23.512630958110094,-0.02,7.57
23.51407464593649,-0.02,7.57
23.515539098531008,-0.02,7.55
23.516987271606922,-0.02,7.53
23.518448125571012,-0.02,7.55
23.519903659820557,-0.02,7.55
23.52135557308793,-0.02,7.56
23.522802401334047,-0.02,7.52
23.52426216378808,-0.02,7.51
23.525707930326462,-0.02,7.57
23.527170848101377,-0.02,7.57
23.52862775698304,-0.02,7.53
23.530076950788498,-0.02,7.53
23.53153457865119,-0.02,7.54
23.53298193216324,-0.02,7.51
23.53442395851016,-0.02,7.52
23.535884112119675,-0.02,7.5
23.53734704479575,-0.02,7.5
23.538801535964012,-0.02,7.5
23.54026223346591,-0.02,7.51
23.541720803827047,-0.02,7.51
23.54317621141672,-0.02,7.49
23.544627238065004,-0.02,7.5
23.546078212559223,-0.02,7.49
23.547525491565466,-0.02,7.48
23.54899438098073,-0.02,7.51
23.550431475043297,-0.02,7.52
23.551897782832384,-0.02,7.5
23.55335519462824,-0.02,7.51
23.55480431392789,-0.02,7.53
23.55625569075346,-0.02,7.51
23.557703468948603,-0.02,7.51
23.559163227677345,-0.02,7.53
23.560630954802036,-0.02,7.54
23.56207798793912,-0.02,7.53
23.563532385975122,-0.02,7.48
23.564987365156412,-0.02,7.47
23.566447626799345,-0.02,7.48
23.56788681447506,-0.02,7.47
23.569353941828012,-0.02,7.47
23.57080226764083,-0.02,7.48
23.572257097810507,-0.02,7.5
23.573714461177588,-0.02,7.5
23.575158592313528,-0.02,7.48
23.576621495187283,-0.02,7.45
23.57808020710945,-0.02,7.46
23.579536274075508,-0.02,7.44
23.580976117402315,-0.02,7.44
23.582423597574234,-0.02,7.47
23.583893805742264,-0.02,7.46
23.585345923900604,-0.02,7.51
23.586805313825607,-0.02,7.52
23.58826308697462,-0.02,7.53
23.5897082015872,-0.02,7.47
23.59116495028138,-0.02,7.46
23.592622965574265,-0.02,7.48
23.5940721295774,-0.02,7.49
23.595535341650248,-0.02,7.49
23.596990942955017,-0.02,7.47
23.598427642136812,-0.02,7.41
23.599882554262877,-0.02,7.43
23.601346794515848,-0.02,7.47
23.602801218628883,-0.02,7.44
23.604258809238672,-0.02,7.4
23.60571637377143,-0.02,7.44
23.60716914013028,-0.02,7.49
23.60862461104989,-0.02,7.43
23.61006611213088,-0.02,7.39
23.611520443111658,-0.02,7.37
23.6129881888628,-0.02,7.38
23.614432483911514,-0.02,7.41
23.615886949002743,-0.02,7.41
23.617340102791786,-0.02,7.38
23.61878638342023,-0.02,7.37
23.620251521468163,-0.02,7.38
23.621699959039688,-0.02,7.36
23.623139310628176,-0.02,7.37
23.624605149030685,-0.02,7.34
23.626058965921402,-0.02,7.36
23.627519741654396,-0.02,7.38
23.628969330340624,-0.02,7.38
23.630424339324236,-0.02,7.34
23.63187773153186,-0.02,7.34
23.63332897052169,-0.02,7.29
23.634781762957573,-0.02,7.25
23.63623872771859,-0.02,7.28
23.637698657810688,-0.02,7.31
23.639162503182888,-0.02,7.29
23.640605483204126,-0.02,7.27
23.642062447965145,-0.02,7.24
23.643510699272156,-0.02,7.23
23.644962456077337,-0.02,7.22
23.646422374993563,-0.02,7.25
23.64787895604968,-0.02,7.28
23.649332035332918,-0.02,7.26
23.650782242417336,-0.02,7.24
23.652246702462435,-0.02,7.2
23.653685856610537,-0.02,7.2
23.655150786042213,-0.02,7.19
23.656600385904312,-0.02,7.2
23.6580613553524,-0.02,7.19
23.659520223736763,-0.02,7.19
23.660962484776974,-0.02,7.21
23.66242801398039,-0.02,7.18
23.66388162598014,-0.02,7.17
23.665335435420275,-0.02,7.16
23.666774813085794,-0.02,7.18
23.668241806328297,-0.02,7.16
23.669694293290377,-0.02,7.16
23.671141378581524,-0.02,7.14
23.67259993031621,-0.02,7.12
23.67406240478158,-0.02,7.14
23.67550064250827,-0.02,7.14
23.676958572119474,-0.02,7.13
23.678422283381224,-0.02,7.11
23.67987744882703,-0.02,7.08
23.681332420557737,-0.02,7.07
23.682782486081123,-0.02,7.13
23.68424542993307,-0.02,7.12
23.685679752379656,-0.02,7.09
23.687134444713593,-0.02,7.08
23.688601691275835,-0.02,7.08
23.69006074592471,-0.02,7.06
23.69151172414422,-0.02,7.07
23.692972667515278,-0.02,7.11
23.69440407678485,-0.02,7.07
23.695876576006413,-0.02,7.0
23.697324324399233,-0.02,6.99
23.69877678900957,-0.02,7.01
23.700231164693832,-0.02,7.02
23.701681047677994,-0.02,7.01
23.70313412696123,-0.02,7.03
23.70460482686758,-0.02,7.02
23.706059761345387,-0.02,6.97
23.707497771829367,-0.02,6.97
23.708953332155943,-0.02,6.94
23.7104197666049,-0.02,6.97
23.71187962964177,-0.02,7.01
23.713328752666712,-0.02,6.99
23.714778281748295,-0.02,6.92
23.716227892786264,-0.02,6.91
23.717676788568497,-0.02,6.91
23.71913904696703,-0.02,6.93
23.72060875594616,-0.02,6.93
23.722046948969364,-0.02,6.91
23.723503913730383,-0.02,6.92
23.724969044327736,-0.02,6.85
23.72641744837165,-0.02,6.87
23.727880880236626,-0.02,6.87
23.72933268174529,-0.02,6.85
23.73077280074358,-0.02,6.82
23.73223675042391,-0.02,6.83
23.73369463905692,-0.02,6.82
23.73513974249363,-0.02,6.8
23.7365928478539,-0.02,6.81
23.738050375133753,-0.02,6.8
23.739501617848873,-0.02,6.83
23.74096928536892,-0.02,6.85
23.742419451475143,-0.02,6.81
23.74386191740632,-0.02,6.77
23.7453187815845,-0.02,6.76
23.746774051338434,-0.02,6.77
23.748238012194633,-0.02,6.76
23.749687001109123,-0.02,6.78
23.751144532114267,-0.02,6.77
23.752589724957943,-0.02,6.76
23.754053458571434,-0.02,6.76
23.755502711981535,-0.02,6.72
23.756948925554752,-0.02,6.72
23.758416462689638,-0.02,6.72
23.75985725596547,-0.02,6.71
23.761319905519485,-0.02,6.71
23.76277446001768,-0.02,6.68
23.76421805098653,-0.02,6.64
23.765689454972744,-0.02,6.66
23.767146911472082,-0.02,6.63
23.768596526235342,-0.02,6.65
23.770050816237926,-0.02,6.64
23.771498668938875,-0.02,6.65
23.77295833453536,-0.02,6.64
23.77441207319498,-0.02,6.62
23.775854099541903,-0.02,6.61
23.777316946536303,-0.02,6.59
23.778770703822374,-0.02,6.58
23.780225448310375,-0.02,6.63
23.78168871626258,-0.02,6.62
23.78313372284174,-0.02,6.61
23.78459006175399,-0.02,6.57
23.786051232367754,-0.02,6.53
23.787503220140934,-0.02,6.57
23.78896204009652,-0.02,6.62
23.79041689634323,-0.02,6.67
23.791875675320625,-0.02,6.65
23.793327506631613,-0.02,6.57
23.79477048665285,-0.02,6.54
23.796230111271143,-0.02,6.58
23.797676395624876,-0.02,6.59
23.799134138971567,-0.02,6.57
23.80059589073062,-0.02,6.57
23.802041683346033,-0.02,6.57
23.803497318178415,-0.02,6.55
23.804945778101683,-0.02,6.54
23.80640372261405,-0.02,6.53
23.80786632373929,-0.02,6.5
23.809316489845514,-0.02,6.54
23.810781951993704,-0.02,6.57
23.812225122004747,-0.02,6.57
23.813677802681923,-0.02,6.57
23.815130900591612,-0.02,6.57
23.816589411348104,-0.02,6.55
23.81804484501481,-0.02,6.51
23.819504115730524,-0.02,6.49
23.820950515568256,-0.02,6.53
23.82240403816104,-0.02,6.56
23.823862608522177,-0.02,6.56
23.82532389461994,-0.02,6.55
23.826773952692747,-0.02,6.52
23.828233491629362,-0.02,6.47
23.82968930155039,-0.02,6.45
23.83114168792963,-0.02,6.46
23.832589372992516,-0.02,6.48
23.834043975919485,-0.02,6.47
23.835487961769104,-0.02,6.44
23.836947917938232,-0.02,6.46
23.83840250596404,-0.02,6.47
23.839867815375328,-0.02,6.47
23.841319747269154,-0.02,6.5
23.84277168661356,-0.02,6.5
23.844229444861412,-0.02,6.46
23.845677971839905,-0.02,6.5
23.847127083688974,-0.02,6.48
23.848591789603233,-0.02,6.44
23.850049134343863,-0.02,6.43
23.851495917886496,-0.02,6.42
23.85294395685196,-0.02,6.41
23.854410909116268,-0.02,6.41
23.855854582041502,-0.02,6.41
23.85731004551053,-0.02,6.38
23.858773473650217,-0.02,6.39
23.860228959470987,-0.02,6.42
23.861683793365955,-0.02,6.4
23.863141927868128,-0.02,6.38
23.864588294178247,-0.02,6.37
23.86604354530573,-0.02,6.38
23.867490485310555,-0.02,6.39
23.86894665658474,-0.02,6.38
23.870396558195353,-0.02,6.36
23.87184765934944,-0.02,6.41
23.873303428292274,-0.02,6.38
23.874766655266285,-0.02,6.36
23.876209691166878,-0.02,6.34
23.877675101161003,-0.02,6.36
23.879122722893953,-0.02,6.34
23.88057402521372,-0.02,6.36
23.88202241063118,-0.02,6.33
23.88348750770092,-0.02,6.29
23.88493810966611,-0.02,6.29
23.88639260828495,-0.02,6.29
23.88785120844841,-0.02,6.3
23.889303967356682,-0.02,6.29
23.890756249427795,-0.02,6.31
23.892218969762325,-0.02,6.28
23.893673609942198,-0.02,6.32
23.895128462463617,-0.02,6.33
23.896575301885605,-0.02,6.29
23.8980177231133,-0.02,6.25
23.89947522059083,-0.02,6.28
23.900943119078875,-0.02,6.3
23.902397707104683,-0.02,6.27
23.903850432485342,-0.02,6.26
23.905306585133076,-0.02,6.27
23.906760830432177,-0.02,6.24
23.90820723026991,-0.02,6.24
23.90966658294201,-0.02,6.22
23.9111167229712,-0.02,6.2
23.91257230192423,-0.02,6.2
23.91402991116047,-0.02,6.22
23.915480364114046,-0.02,6.22
23.916936360299587,-0.02,6.18
23.91839598491788,-0.02,6.22
23.919862516224384,-0.02,6.24
23.921305682510138,-0.02,6.19
23.922749791294336,-0.02,6.19
23.92420881614089,-0.02,6.19
23.92565456032753,-0.02,6.18
23.9271185323596,-0.02,6.13
23.928580783307552,-0.02,6.15
23.930041391402483,-0.02,6.18
23.93147686123848,-0.02,6.15
23.93293197453022,-0.02,6.12
23.934385158121586,-0.02,6.12
23.935837149620056,-0.02,6.1
23.93730927631259,-0.02,6.09
23.938758719712496,-0.02,6.12
23.940215650945902,-0.02,6.09
23.941652297973633,-0.02,6.1
23.94313134253025,-0.02,6.07
23.94457807019353,-0.02,6.02
23.94602706283331,-0.02,6.06
23.9474730566144,-0.02,6.11
23.948943313211203,-0.02,6.1
23.950395800173283,-0.02,6.06
23.951840307563543,-0.02,6.04
23.953305330127478,-0.02,6.1
23.954745195806026,-0.02,6.11
23.95620236173272,-0.02,6.1
23.957657996565104,-0.02,6.07
23.959112849086523,-0.02,5.97
23.960573986172676,-0.02,5.97
23.96202001720667,-0.02,6.03
23.963483706116676,-0.02,6.04
23.964940659701824,-0.02,6.01
23.966389752924442,-0.02,6.03
23.96783947572112,-0.02,6.06
23.969305004924536,-0.02,6.03
23.970736667513847,-0.02,5.99
23.972205847501755,-0.02,5.97
23.973658215254545,-0.02,5.94
23.97513757646084,-0.02,5.97
23.97658070921898,-0.02,6.0
23.978017408400774,-0.02,6.01
23.979485660791397,-0.02,5.97
23.980938017368317,-0.02,5.95
23.982390757650137,-0.02,5.94
23.98384426906705,-0.02,5.94
23.985292837023735,-0.02,5.87
23.986759338527918,-0.02,5.92
23.988207206130028,-0.02,5.99
23.98966245725751,-0.02,5.99
23.991121519356966,-0.02,5.94
23.99256596341729,-0.02,5.93
23.994014084339142,-0.02,5.97
23.995469380170107,-0.02,5.94
23.996926937252283,-0.02,5.9
23.998379308730364,-0.02,5.89
23.999845322221518,-0.02,5.92
24.001289185136557,-0.02,5.92
24.00275370106101,-0.02,5.88
24.00420369952917,-0.02,5.88
24.0056469514966,-0.02,5.89
24.007111594080925,-0.02,5.88
24.00856141746044,-0.02,5.88
24.01002861559391,-0.02,5.89
24.011472020298243,-0.02,5.91
24.01293023303151,-0.02,5.88
24.014391630887985,-0.02,5.84
24.015840772539377,-0.02,5.86
24.017287127673626,-0.02,5.86
24.018758568912745,-0.02,5.85
24.020211555063725,-0.02,5.85
24.021669752895832,-0.02,5.86
24.023126620799303,-0.02,5.87
24.024565398693085,-0.02,5.87
24.026041984558105,-0.02,5.91
24.02748178690672,-0.02,5.91
24.028939325362444,-0.02,5.89
24.03038113936782,-0.02,5.86
24.031829871237278,-0.02,5.9
24.033285476267338,-0.02,5.92
24.03473198413849,-0.02,5.9
24.036205925047398,-0.02,5.88
24.03765308111906,-0.02,5.9
24.03911316022277,-0.02,5.91
24.040554974228144,-0.02,5.85
24.042018298059702,-0.02,5.86
24.04346901923418,-0.02,5.89
24.04492749273777,-0.02,5.86
24.04637410864234,-0.02,5.82
24.04782957583666,-0.02,5.85
24.04928159713745,-0.02,5.85
24.05073405429721,-0.02,5.85
24.05218781158328,-0.02,5.85
24.053643010556698,-0.02,5.81
24.055100433528423,-0.02,5.82
24.05656712129712,-0.02,5.85
24.05799575150013,-0.02,5.88
24.059460785239935,-0.02,5.86
24.060929499566555,-0.02,5.84
24.062371015548706,-0.02,5.83
24.063818279653788,-0.02,5.81
24.06528666615486,-0.02,5.85
24.066744673997164,-0.02,5.84
24.068194691091776,-0.02,5.84
24.069650635123253,-0.02,5.81
24.07110558450222,-0.02,5.82
24.07255696132779,-0.02,5.86
24.073994290083647,-0.02,5.82
24.07547190785408,-0.02,5.84
24.07691454514861,-0.02,5.85
24.078382041305304,-0.02,5.82
24.07982299104333,-0.02,5.82
24.08128260821104,-0.02,5.84
24.082737501710653,-0.02,5.86
24.084199965000153,-0.02,5.85
24.085652325302362,-0.02,5.85
24.08710139617324,-0.02,5.87
24.088548984378576,-0.02,5.85
24.089997109025717,-0.02,5.86
24.091468013823032,-0.02,5.87
24.0929238460958,-0.02,5.86
24.09438046440482,-0.02,5.83
24.09583431854844,-0.02,5.84
24.09727955237031,-0.02,5.83
24.098747737705708,-0.02,5.87
24.100183192640543,-0.02,5.84
24.101646706461906,-0.02,5.81
24.103106934577227,-0.02,5.77
24.104562416672707,-0.02,5.79
24.106002259999514,-0.02,5.82
24.10745692998171,-0.02,5.84
24.108922630548477,-0.02,5.83
24.11036729067564,-0.02,5.85
24.111835300922394,-0.02,5.83
24.113279227167368,-0.02,5.85
24.114746570587158,-0.02,5.85
24.1161938495934,-0.02,5.87
24.117646992206573,-0.02,5.86
24.119098085910082,-0.02,5.82
24.12055864185095,-0.02,5.8
24.121996007859707,-0.02,5.78
24.12345851957798,-0.02,5.82
24.124914947897196,-0.02,5.83
24.126372814178467,-0.02,5.8
24.12783244997263,-0.02,5.79
24.129284981638193,-0.02,5.82
24.130728494375944,-0.02,5.84
24.13219629600644,-0.02,5.82
24.133652411401272,-0.02,5.78
24.135098204016685,-0.02,5.81
24.13655921444297,-0.02,5.81
24.137999124825,-0.02,5.79
24.139469750225544,-0.02,5.78
24.14091380685568,-0.02,5.81
24.142364863306284,-0.02,5.81
24.14382829889655,-0.02,5.75
24.14527616277337,-0.02,5.74
24.146737184375525,-0.02,5.79
24.148194801062346,-0.02,5.77
24.149651169776917,-0.02,5.75
24.151101924479008,-0.02,5.71
24.1525448448956,-0.02,5.7
24.15399718657136,-0.02,5.76
24.15546289458871,-0.02,5.79
24.1569229029119,-0.02,5.75
24.1583717353642,-0.02,5.74
24.159835994243622,-0.02,5.76
24.16127598285675,-0.02,5.74
24.162735037505627,-0.02,5.75
24.16418658569455,-0.02,5.76
24.165635339915752,-0.02,5.7
24.167091734707355,-0.02,5.71
24.168557476252317,-0.02,5.74
24.170001059770584,-0.02,5.72
24.171463076025248,-0.02,5.74
24.17290250957012,-0.02,5.78
24.174380477517843,-0.02,5.77
24.175828650593758,-0.02,5.73
24.17728054895997,-0.02,5.72
24.178731717169285,-0.02,5.69
24.18018813803792,-0.02,5.64
24.181634817272425,-0.03,5.63
24.18309209495783,-0.02,5.62
24.184546876698732,-0.02,5.6
24.186010859906673,-0.03,5.59
24.187466509640217,-0.03,5.62
24.188921485096216,-0.03,5.63
24.19036305323243,-0.02,5.59
24.191828537732363,-0.03,5.6
24.193277046084404,-0.02,5.63
24.194737493991852,-0.03,5.59
24.19619459286332,-0.03,5.56
24.197645023465157,-0.03,5.55
24.1990984454751,-0.02,5.61
24.20055203512311,-0.02,5.63
24.201996240764856,-0.02,5.64
24.203460346907377,-0.02,5.6
24.20491048693657,-0.02,5.54
24.206362292170525,-0.02,5.54
24.20782633125782,-0.02,5.54
24.20927095785737,-0.02,5.47
24.210738126188517,-0.02,5.48
24.212193734943867,-0.03,5.51
24.213647831231356,-0.02,5.54
24.21509064733982,-0.02,5.56
24.21654035896063,-0.02,5.53
24.218006320297718,-0.02,5.54
24.219448152929544,-0.02,5.55
24.220918830484152,-0.02,5.52
24.222366340458393,-0.02,5.51
24.22381629794836,-0.02,5.54
24.225268952548504,-0.02,5.53
24.226734429597855,-0.02,5.52
24.228193782269955,-0.02,5.48
24.229640260338783,-0.02,5.52
24.231092993170023,-0.02,5.54
24.232555717229843,-0.02,5.52
24.234008204191923,-0.02,5.57
24.235459830611944,-0.02,5.6
24.236907497048378,-0.02,5.59
24.238366436213255,-0.02,5.56
24.239830758422613,-0.02,5.54
24.24126896634698,-0.02,5.55
24.24273144453764,-0.02,5.55
24.244191523641348,-0.02,5.56
24.24563640356064,-0.02,5.57
24.247096501290798,-0.02,5.53
24.24854552745819,-0.02,5.52
24.250004842877388,-0.02,5.55
24.251464162021875,-0.02,5.57
24.252921752631664,-0.02,5.55
24.254360619932413,-0.02,5.53
24.255813144147396,-0.02,5.53
24.257269233465195,-0.02,5.53
24.25874238088727,-0.02,5.52
24.26018127053976,-0.02,5.54
24.26163488999009,-0.02,5.52
24.263088699430227,-0.02,5.53
24.26454598084092,-0.02,5.58
24.265997752547264,-0.02,5.57
24.267460238188505,-0.02,5.53
24.268905226141214,-0.02,5.55
24.27037673443556,-0.02,5.56
24.27182338386774,-0.02,5.53
24.27327898517251,-0.02,5.53
24.2747213691473,-0.02,5.51
24.27617760002613,-0.02,5.5
24.277635093778372,-0.02,5.48
24.279093634337187,-0.02,5.51
24.280541814863682,-0.02,5.55
24.282008804380894,-0.02,5.56
24.283462341874838,-0.02,5.56
24.28490223735571,-0.02,5.55
24.28636345639825,-0.02,5.53
24.287813372910023,-0.02,5.52
24.289276596158743,-0.02,5.52
24.29073253646493,-0.02,5.51
24.29218277335167,-0.02,5.53
24.29364390298724,-0.02,5.51
24.295082800090313,-0.02,5.51
24.296552509069443,-0.02,5.47
24.298007387667894,-0.02,5.5
24.299449395388365,-0.02,5.53
24.30090944468975,-0.02,5.48
24.302356407046318,-0.02,5.44
24.303817957639694,-0.02,5.45
24.305266350507736,-0.02,5.49
24.30671087652445,-0.02,5.5
24.30818222463131,-0.02,5.51
24.309644646942616,-0.02,5.47
24.311091028153896,-0.02,5.49
24.312532044947147,-0.02,5.49
24.314001388847828,-0.02,5.49
24.315445136278868,-0.02,5.48
24.316914334893227,-0.02,5.48
24.318373672664165,-0.02,5.43
24.319824274629354,-0.02,5.46
24.321267265826464,-0.02,5.47
24.322720114141703,-0.02,5.48
24.32417780905962,-0.02,5.49
24.32563927024603,-0.02,5.49
24.327090360224247,-0.02,5.48
24.328547175973654,-0.02,5.49
24.329996176064014,-0.02,5.49
24.33144800364971,-0.02,5.49
24.332902278751135,-0.02,5.48
24.334372099488974,-0.02,5.5
24.335818346589804,-0.02,5.51
24.337273217737675,-0.02,5.49
24.338724922388792,-0.02,5.47
24.340181834995747,-0.02,5.5
24.34163959696889,-0.02,5.5
24.34309270232916,-0.02,5.49
24.344541251659393,-0.02,5.51
24.345990523695946,-0.02,5.52
24.347447250038385,-0.02,5.53
24.348909210413694,-0.02,5.56
24.35035216808319,-0.02,5.57
24.35182324051857,-0.02,5.57
24.35326710343361,-0.02,5.54
24.354717142879963,-0.02,5.56
24.35618546232581,-0.02,5.57
24.35763444751501,-0.02,5.55
24.359091695398092,-0.02,5.55
24.360542971640825,-0.02,5.58
24.361994609236717,-0.02,5.63
24.363447435200214,-0.02,5.61
24.364908382296562,-0.02,5.59
24.366366926580667,-0.02,5.57
24.367813028395176,-0.02,5.6
24.369270496070385,-0.02,5.58
24.370724603533745,-0.02,5.63
24.372176054865122,-0.02,5.59
24.373631738126278,-0.02,5.57
24.375088680535555,-0.02,5.6
24.376528773456812,-0.02,5.61
24.37799021974206,-0.02,5.65
24.379448879510164,-0.02,5.62
24.380895860493183,-0.02,5.62
24.38236701115966,-0.02,5.6
24.383811704814434,-0.02,5.61
24.385267809033394,-0.02,5.63
24.386723328381777,-0.02,5.66
24.388177156448364,-0.02,5.67
24.389636006206274,-0.02,5.68
24.39107622206211,-0.02,5.7
24.392541583627462,-0.02,5.67
24.39399805665016,-0.02,5.67
24.395455170422792,-0.02,5.68
24.396909944713116,-0.02,5.68
24.398351974785328,-0.02,5.66
24.39981095865369,-0.02,5.66
24.401265755295753,-0.02,5.67
24.40271358564496,-0.02,5.71
24.40417891740799,-0.02,5.69
24.405630383640528,-0.02,5.68
24.40707428008318,-0.02,5.69
24.40853215754032,-0.02,5.63
24.409989550709724,-0.02,5.62
24.411436263471842,-0.02,5.68
24.41289173439145,-0.02,5.74
24.41436030715704,-0.02,5.74
24.415809333324432,-0.02,5.71
24.417273454368114,-0.02,5.69
24.41872538626194,-0.02,5.69
24.42016738280654,-0.02,5.67
24.421632893383503,-0.02,5.68
24.423080321401358,-0.02,5.66
24.424533881247044,-0.02,5.68
24.425982646644115,-0.02,5.7
24.427452441304922,-0.02,5.67
24.428889617323875,-0.02,5.66
24.430345091968775,-0.02,5.67
24.43180637061596,-0.02,5.69
24.433262079954147,-0.02,5.71
24.434712514281273,-0.02,5.67
24.436159249395132,-0.02,5.7
24.437619633972645,-0.02,5.71
24.439082752913237,-0.02,5.66
24.440532349050045,-0.02,5.71
24.441991843283176,-0.02,5.71
24.44344975799322,-0.02,5.67
24.4448957554996,-0.02,5.66
24.446339555084705,-0.02,5.68
24.447799675166607,-0.02,5.68
24.449270635843277,-0.02,5.71
24.45071267336607,-0.02,5.68
24.452178545296192,-0.02,5.68
24.45363201200962,-0.02,5.67
24.455076191574335,-0.02,5.66
24.456536576151848,-0.02,5.66
24.457995675504208,-0.02,5.69
24.459438744932413,-0.02,5.72
24.460890356451273,-0.02,5.71
24.46235179528594,-0.02,5.72
24.463811591267586,-0.02,5.65
24.465265296399593,-0.02,5.67
24.466721177101135,-0.02,5.71
24.468168433755636,-0.02,5.73
24.469623669981956,-0.02,5.69
24.471084758639336,-0.02,5.72
24.4725174382329,-0.02,5.74
24.473996862769127,-0.02,5.73
24.47545126080513,-0.02,5.72
24.476888962090015,-0.02,5.71
24.47834564000368,-0.02,5.7
24.47980647906661,-0.02,5.73
24.4812656827271,-0.02,5.7
24.482717625796795,-0.02,5.73
24.484164983034134,-0.02,5.71
24.485618498176336,-0.02,5.7
24.487082097679377,-0.02,5.74
24.48852100223303,-0.02,5.71
24.489992197602987,-0.02,5.73
24.49144296720624,-0.02,5.72
24.49289172515273,-0.02,5.7
24.49434584006667,-0.02,5.71
24.495805460959673,-0.02,5.74
24.497248649597168,-0.02,5.72
24.498700983822346,-0.02,5.76
24.500160813331604,-0.02,5.76
24.501628931611776,-0.02,5.73
24.503074783831835,-0.02,5.76
24.504538018256426,-0.02,5.73
24.505990214645863,-0.02,5.73
24.50743941962719,-0.02,5.79
24.508896607905626,-0.02,5.73
24.51035613566637,-0.02,5.73
24.51180499792099,-0.02,5.77
24.51324913650751,-0.02,5.76
24.514715615659952,-0.02,5.79
24.516172114759684,-0.02,5.76
24.51761282980442,-0.02,5.73
24.519081477075815,-0.02,5.71
24.520519088953733,-0.02,5.71
24.521987549960613,-0.02,5.74
24.52343100681901,-0.02,5.75
24.524889677762985,-0.02,5.76
24.526352554559708,-0.02,5.74
24.527810856699944,-0.02,5.74
24.529253721237183,-0.02,5.78
24.530713759362698,-0.02,5.82
24.5321640484035,-0.02,5.82
24.53361562639475,-0.02,5.79
24.535078838467598,-0.02,5.8
24.536523416638374,-0.02,5.81
24.53798744082451,-0.02,5.82
24.53943295776844,-0.02,5.83
24.540883131325245,-0.02,5.83
24.54234728589654,-0.02,5.78
24.543793335556984,-0.02,5.75
24.545249558985233,-0.02,5.78
24.54671322926879,-0.02,5.78
24.54816809296608,-0.02,5.79
24.549605436623096,-0.02,5.82
24.55107668414712,-0.02,5.81
24.55253105983138,-0.02,5.79
24.553988371044397,-0.02,5.82
24.5554311722517,-0.02,5.83
24.556896556168795,-0.02,5.86
24.558335851877928,-0.02,5.82
24.559804126620293,-0.02,5.82
24.561248019337654,-0.02,5.8
24.562710665166378,-0.02,5.76
24.564162734895945,-0.02,5.83
24.565611723810434,-0.02,5.8
24.567079477012157,-0.02,5.8
24.568531814962626,-0.02,5.83
24.569978289306164,-0.02,5.81
24.571437023580074,-0.02,5.82
24.572892669588327,-0.02,5.81
24.57435119524598,-0.02,5.83
24.57579255849123,-0.02,5.87
24.577251087874174,-0.02,5.81
24.57870491221547,-0.02,5.75
24.580164585262537,-0.02,5.76
24.581607155501842,-0.02,5.81
24.583069004118443,-0.02,5.85
24.58452446386218,-0.02,5.84
24.58598033338785,-0.02,5.81
24.587439443916082,-0.02,5.82
24.58889478072524,-0.02,5.85
24.59033601358533,-0.02,5.84
24.591800924390554,-0.02,5.83
24.59324410930276,-0.02,5.84
24.594703406095505,-0.02,5.81
24.596162859350443,-0.02,5.86
24.59761169180274,-0.02,5.82
24.599066592752934,-0.02,5.81
24.60051855072379,-0.02,5.85
24.60198386758566,-0.02,5.9
24.603434033691883,-0.02,5.91
24.60488075762987,-0.02,5.88
24.606344491243362,-0.02,5.83
24.607797775417566,-0.02,5.85
24.60923993214965,-0.02,5.84
24.61069206893444,-0.02,5.85
24.612141251564026,-0.02,5.85
24.61360903829336,-0.02,5.83
24.61504365876317,-0.02,5.86
24.616519145667553,-0.02,5.87
24.61796624585986,-0.02,5.84
24.619421269744635,-0.02,5.81
24.620876509696245,-0.02,5.82
24.622326467186213,-0.02,5.83
24.623786125332117,-0.02,5.82
24.62523079663515,-0.02,5.85
24.626691427081823,-0.02,5.9
24.62814062461257,-0.02,5.86
24.629605390131474,-0.02,5.82
24.631048310548067,-0.02,5.82
24.632514286786318,-0.02,5.79
24.633967988193035,-0.02,5.87
24.635412368923426,-0.02,5.84
24.63685705512762,-0.02,5.83
24.63831900805235,-0.02,5.86
24.63978797197342,-0.02,5.84
24.64123434945941,-0.02,5.83
24.642689254134893,-0.02,5.85
24.64413757622242,-0.02,5.84
24.64562524855137,-0.02,5.88
24.64704978838563,-0.02,5.88
24.648499004542828,-0.02,5.91
24.649950686842203,-0.02,5.9
24.651420269161463,-0.02,5.84
24.65285573154688,-0.02,5.8
24.65432733297348,-0.02,5.8
24.655782539397478,-0.02,5.82
24.657236229628325,-0.02,5.83
24.65869015082717,-0.02,5.83
24.660148289054632,-0.02,5.81
24.661587979644537,-0.02,5.82
24.66305972263217,-0.02,5.87
24.66449997201562,-0.02,5.86
24.665962800383568,-0.02,5.85
24.667418856173754,-0.02,5.82
24.668878607451916,-0.02,5.89
24.670333344489336,-0.02,5.88
24.671788595616817,-0.02,5.8
24.67324235290289,-0.02,5.82
24.674695998430252,-0.02,5.81
24.676138158887625,-0.02,5.78
24.67759220302105,-0.02,5.8
24.679042674601078,-0.02,5.84
24.680506750941277,-0.02,5.83
24.681962735950947,-0.02,5.81
24.68341764435172,-0.02,5.82
24.68485690653324,-0.02,5.85
24.686318460851908,-0.02,5.86
24.687769267708063,-0.02,5.92
24.68922720849514,-0.02,5.9
24.69067421555519,-0.02,5.84
24.692130599170923,-0.02,5.9
24.693590186536312,-0.02,5.9
24.695037830621004,-0.02,5.85
24.69649013504386,-0.02,5.9
24.69794137775898,-0.02,5.9
24.699395526200533,-0.02,5.84
24.700853791087866,-0.02,5.86
24.702310502529144,-0.02,5.83
24.703768096864223,-0.02,5.82
24.705219458788633,-0.02,5.82
24.706667717546225,-0.02,5.86
24.708126813173294,-0.02,5.83
24.709570795297623,-0.02,5.84
24.71103871241212,-0.02,5.82
24.712484031915665,-0.02,5.81
24.713946603238583,-0.02,5.82
24.715396579355,-0.02,5.85
24.71685193479061,-0.02,5.87
24.71831650659442,-0.02,5.83
24.719757225364447,-0.02,5.81
24.72121638059616,-0.02,5.81
24.72267497330904,-0.02,5.81
24.724136389791965,-0.02,5.83
24.72559091448784,-0.02,5.84
24.727032341063023,-0.02,5.81
24.728490583598614,-0.02,5.8
24.72994353249669,-0.02,5.81
24.73140048980713,-0.02,5.83
24.732851408421993,-0.02,5.82
24.734313935041428,-0.02,5.83
24.7357615865767,-0.02,5.82
24.737215779721737,-0.02,5.8
24.738673008978367,-0.02,5.8
24.740120347589254,-0.02,5.78
24.741579674184322,-0.02,5.78
24.743035092949867,-0.02,5.79
24.744488261640072,-0.02,5.83
24.745951283723116,-0.02,5.78
24.74740519374609,-0.02,5.79
24.748850628733635,-0.02,5.83
24.750309009104967,-0.02,5.79
24.751767698675394,-0.02,5.78
24.7532189078629,-0.02,5.73
24.754678554832935,-0.02,5.76
24.75613095983863,-0.02,5.76
24.757580056786537,-0.02,5.71
24.759036533534527,-0.02,5.75
24.760485127568245,-0.02,5.73
24.76194528117776,-0.02,5.71
24.76340627297759,-0.02,5.69
24.7648508772254,-0.02,5.7
24.76630426943302,-0.02,5.73
24.767762199044228,-0.02,5.71
24.76921796053648,-0.02,5.75
24.770679835230112,-0.02,5.73
24.77212454378605,-0.02,5.68
24.773569703102112,-0.02,5.67
24.775037009269,-0.02,5.71
24.77648615092039,-0.02,5.74
24.77794312313199,-0.02,5.75
24.779393173754215,-0.02,5.66
24.780854232609272,-0.02,5.66
24.782309886068106,-0.02,5.71
24.78376354649663,-0.02,5.73
24.7852127738297,-0.02,5.67
24.786674462258816,-0.02,5.66
24.788128547370434,-0.02,5.69
24.789567697793245,-0.02,5.7
24.791033923625946,-0.02,5.74
24.792496122419834,-0.02,5.72
24.793968189507723,-0.02,5.73
24.795420195907354,-0.02,5.69
24.796857684850693,-0.02,5.68
24.798307187855244,-0.02,5.68
24.7997622564435,-0.02,5.7
24.801212389022112,-0.02,5.67
24.802670385688543,-0.02,5.66
24.804118245840073,-0.02,5.64
24.805581774562597,-0.02,5.66
24.807024765759706,-0.02,5.65
24.808475490659475,-0.02,5.63
24.809942461550236,-0.02,5.65
24.81139249354601,-0.02,5.66
24.812848184257746,-0.02,5.66
24.81430323794484,-0.02,5.67
24.815758105367422,-0.02,5.64
24.817208379507065,-0.02,5.63
24.81867340579629,-0.02,5.64
24.82012727484107,-0.02,5.64
24.821575365960598,-0.02,5.62
24.82304995134473,-0.02,5.64
24.82449108734727,-0.02,5.66
24.825950920581818,-0.02,5.61
24.827397137880325,-0.02,5.57
24.82884481549263,-0.02,5.55
24.83030530810356,-0.02,5.58
24.831761058419943,-0.02,5.6
24.833215840160847,-0.02,5.61
24.834654990583658,-0.02,5.6
24.83611683920026,-0.02,5.59
24.83757096156478,-0.02,5.61
24.839021734893322,-0.02,5.61
24.84047469496727,-0.02,5.6
24.84192919358611,-0.02,5.61
24.843385592103004,-0.02,5.66
24.844842586666346,-0.02,5.63
24.84628188237548,-0.02,5.61
24.847749587148428,-0.02,5.65
24.849214002490044,-0.02,5.67
24.850663110613823,-0.02,5.65
24.85211542248726,-0.02,5.6
24.853576000779867,-0.02,5.61
24.855036195367575,-0.02,5.64
24.85647302120924,-0.02,5.68
24.85793186724186,-0.02,5.63
24.859387330710888,-0.02,5.6
24.860849171876907,-0.02,5.6
24.86228432878852,-0.02,5.6
24.863758232444525,-0.02,5.62
24.865207321941853,-0.02,5.6
24.86666116863489,-0.02,5.58
24.868119541555643,-0.02,5.6
24.869578801095486,-0.02,5.6
24.87101887539029,-0.02,5.59
24.872477862983942,-0.02,5.58
24.873939499258995,-0.02,5.58
24.87539052963257,-0.02,5.56
24.876844137907028,-0.02,5.6
24.878285322338343,-0.02,5.6
24.879757832735777,-0.02,5.58
24.881201021373272,-0.02,5.6
24.882666788995266,-0.02,5.61
24.88411135599017,-0.02,5.62
24.885565124452114,-0.02,5.61
24.887018129229546,-0.02,5.64
24.88848188892007,-0.02,5.65
24.889929961413145,-0.02,5.65
24.89138889685273,-0.02,5.66
24.892850514501333,-0.02,5.71
24.89429271221161,-0.02,5.68
24.895754996687174,-0.02,5.62
24.897203512489796,-0.02,5.64
24.89866169169545,-0.02,5.65
24.90012277290225,-0.02,5.63
24.901566989719868,-0.02,5.65
24.903034318238497,-0.02,5.66
24.904478505253792,-0.02,5.65
24.905939802527428,-0.02,5.64
24.90738531202078,-0.02,5.62
24.908838223665953,-0.02,5.59
24.91028667986393,-0.02,5.53
24.911762308329344,-0.02,5.59
24.913207072764635,-0.02,5.58
24.91466135159135,-0.02,5.58
24.916118551045656,-0.02,5.59
24.9175648316741,-0.02,5.6
24.919017054140568,-0.02,5.57
24.920474115759134,-0.02,5.59
24.921931076794863,-0.02,5.57
24.9233926422894,-0.02,5.58
24.924839854240417,-0.02,5.6
24.9262815117836,-0.02,5.57
24.92775634676218,-0.02,5.54
24.92920285835862,-0.02,5.53
24.93066245689988,-0.02,5.53
24.932117763906717,-0.02,5.54
24.93356555700302,-0.02,5.51
24.93502076715231,-0.02,5.5
24.93648450821638,-0.02,5.55
24.937925532460213,-0.02,5.53
24.939393222332,-0.02,5.52
24.94084919244051,-0.02,5.5
24.942283559590578,-0.02,5.53
24.943750381469727,-0.02,5.54
24.945218089967966,-0.02,5.55
24.94665402173996,-0.02,5.53
24.948113579303026,-0.02,5.55
24.94957398623228,-0.02,5.54
24.951046001166105,-0.02,5.5
24.952485349029303,-0.02,5.49
24.95393907278776,-0.02,5.46
24.955383989959955,-0.02,5.47
24.95685089752078,-0.02,5.49
24.958306316286325,-0.02,5.52
24.959760915488005,-0.02,5.53
24.961190674453974,-0.02,5.55
24.96266731992364,-0.02,5.54
24.9641132093966,-0.02,5.53
24.965578198432922,-0.02,5.56
24.967024456709623,-0.03,5.56
24.968476936221123,-0.02,5.55
24.969927564263344,-0.02,5.55
24.971388567239046,-0.02,5.49
24.97284022346139,-0.02,5.55
24.974299382418394,-0.02,5.53
24.975741922855377,-0.02,5.54
24.977207843214273,-0.02,5.52
24.978659223765135,-0.02,5.53
24.9801585637033,-0.02,5.54
24.98157063499093,-0.02,5.52
24.983028069138527,-0.02,5.58
24.984485279768705,-0.02,5.6
24.98592246323824,-0.02,5.59
24.987392887473106,-0.02,5.67
24.988836996257305,-0.02,5.64
24.990292735397816,-0.02,5.61
24.99175501614809,-0.02,5.64
24.993215564638376,-0.02,5.62
24.99466324597597,-0.02,5.64
24.99612332880497,-0.02,5.65
24.997574146836996,-0.02,5.63
24.99903430044651,-0.02,5.63
25.000476755201817,-0.02,5.66
25.001927107572556,-0.02,5.63
25.003372117877007,-0.02,5.67
25.004850950092077,-0.02,5.7
25.006283171474934,-0.02,5.67
25.007752485573292,-0.02,5.67
25.009206671267748,-0.02,5.61
25.010644398629665,-0.02,5.62
25.01211926713586,-0.02,5.68
25.01357152312994,-0.02,5.69
25.01502626761794,-0.02,5.7
25.016480330377817,-0.02,5.71
25.01792459562421,-0.02,5.71
25.019379876554012,-0.02,5.75
25.020843528211117,-0.02,5.74
25.02228807285428,-0.02,5.69
25.023747142404318,-0.02,5.68
25.02521061897278,-0.02,5.73
25.02666512131691,-0.02,5.72
25.028115812689066,-0.02,5.7
25.02957395091653,-0.02,5.71
25.031021237373352,-0.02,5.69
25.032475925982,-0.02,5.69
25.033928345888853,-0.02,5.72
25.03539015725255,-0.02,5.72
25.036851711571217,-0.02,5.7
25.03829350695014,-0.02,5.7
25.039750542491674,-0.02,5.69
25.041208282113075,-0.02,5.72
25.042656525969505,-0.02,5.7
25.044122204184532,-0.02,5.67
25.045565113425255,-0.02,5.68
25.04702039808035,-0.02,5.68
25.04848838225007,-0.02,5.67
25.049921922385693,-0.02,5.67
25.051389820873737,-0.02,5.66
25.05285208299756,-0.02,5.7
25.054289266467094,-0.02,5.68
25.055750727653503,-0.02,5.67
25.057206965982914,-0.02,5.7
25.05866029858589,-0.02,5.66
25.060120306909084,-0.02,5.66
25.06156922504306,-0.02,5.65
25.063024409115314,-0.02,5.66
25.06447672843933,-0.02,5.68
25.065936006605625,-0.02,5.69
25.067396633327007,-0.02,5.7
25.068851087242365,-0.02,5.69
25.070289261639118,-0.02,5.7
25.071758598089218,-0.02,5.65
25.073214139789343,-0.02,5.66
25.07465935125947,-0.02,5.67
25.07611744850874,-0.02,5.66
25.077560029923916,-0.02,5.65
25.07903166487813,-0.02,5.69
25.08047692477703,-0.02,5.71
25.081934675574303,-0.02,5.71
25.08339386060834,-0.02,5.71
25.08483850583434,-0.02,5.72
25.086296528577805,-0.02,5.68
25.087755251675844,-0.02,5.69
25.089203655719757,-0.02,5.74
25.09065693989396,-0.02,5.74
25.092121228575706,-0.02,5.72
25.09356866031885,-0.02,5.69
25.09502772986889,-0.02,5.74
25.096476640552282,-0.02,5.75
25.097923781722784,-0.02,5.72
25.099379993975163,-0.02,5.75
25.1008387953043,-0.02,5.78
25.102296017110348,-0.02,5.72
25.103738103061914,-0.02,5.72
25.105196945369244,-0.02,5.73
25.106652662158012,-0.02,5.71
25.10811620950699,-0.02,5.72
25.109563931822777,-0.02,5.74
25.11102258041501,-0.02,5.71
25.112479880452156,-0.02,5.72
25.113918982446194,-0.02,5.76
25.115381963551044,-0.02,5.74
25.116831246763468,-0.02,5.72
25.11829575896263,-0.02,5.71
25.119738925248384,-0.02,5.73
25.12121095508337,-0.02,5.74
25.12265181913972,-0.02,5.7
25.1241187825799,-0.02,5.75
25.125561479479074,-0.02,5.76
25.12702789157629,-0.02,5.72
25.12847349792719,-0.02,5.71
25.12992788106203,-0.02,5.73
25.131384309381247,-0.02,5.73
25.132843509316444,-0.02,5.68
25.13430130854249,-0.02,5.66
25.13573682308197,-0.02,5.68
25.13720602169633,-0.02,5.72
25.138659492135048,-0.02,5.73
25.140110824257135,-0.02,5.71
25.141571950167418,-0.02,5.67
25.143025122582912,-0.02,5.66
25.14447893202305,-0.02,5.69
25.145911876112223,-0.02,5.66
25.147384732961655,-0.02,5.65
25.148822139948606,-0.02,5.69
25.150277961045504,-0.02,5.7
25.151735980063677,-0.02,5.69
25.153195716440678,-0.03,5.65
25.15464285761118,-0.03,5.64
25.1560950987041,-0.02,5.65
25.157551769167185,-0.02,5.67
25.159011848270893,-0.02,5.66
25.160464137792587,-0.02,5.67
25.161914326250553,-0.02,5.68
25.163369826972485,-0.02,5.64
25.16482814028859,-0.02,5.64
25.16627448052168,-0.02,5.64
25.167735267430544,-0.03,5.65
25.169199552387,-0.03,5.61
25.170648220926523,-0.03,5.6
25.172109339386225,-0.03,5.6
25.173555087298155,-0.03,5.6
25.17500365152955,-0.03,5.62
25.17645674571395,-0.03,5.62
25.177916310727596,-0.03,5.59
25.17936534062028,-0.03,5.64
25.180829975754023,-0.03,5.65
25.18227880448103,-0.03,5.63
25.183736830949783,-0.03,5.63
25.185197677463293,-0.03,5.6
25.18665136024356,-0.03,5.6
25.188100051134825,-0.03,5.63
25.189549569040537,-0.02,5.64
25.191004291176796,-0.03,5.63
25.19246732443571,-0.03,5.58
25.19392603635788,-0.03,5.6
25.195370264351368,-0.03,5.67
25.196847770363092,-0.03,5.64
25.19828362762928,-0.03,5.62
25.199738539755344,-0.03,5.67
25.20119248330593,-0.03,5.7
25.202654890716076,-0.03,5.69
25.204089790582657,-0.03,5.66
25.20554755628109,-0.03,5.63
25.20700216665864,-0.03,5.59
25.20847148448229,-0.03,5.6
25.209915034472942,-0.03,5.6
25.211380131542683,-0.03,5.64
25.21281798183918,-0.02,5.64
25.21429182961583,-0.03,5.62
25.215741399675608,-0.03,5.64
25.21719206497073,-0.02,5.61
25.218640495091677,-0.02,5.58
25.220108225941658,-0.02,5.61
25.221551276743412,-0.02,5.64
25.2230142429471,-0.03,5.65
25.224463425576687,-0.03,5.66
25.225918382406235,-0.02,5.65
25.227365229278803,-0.02,5.64
25.22882516309619,-0.02,5.66
25.230276223272085,-0.02,5.67
25.231749426573515,-0.02,5.68
25.233195830136538,-0.03,5.62
25.234637293964624,-0.02,5.59
25.236100133508444,-0.02,5.57
25.237549174576998,-0.03,5.58
25.23900866881013,-0.03,5.61
25.24045178666711,-0.03,5.64
25.24190291017294,-0.03,5.62
25.24337225779891,-0.03,5.62
25.24482898786664,-0.03,5.62
25.246290169656277,-0.03,5.6
25.24774146452546,-0.02,5.61
25.249189611524343,-0.03,5.62
25.25064503774047,-0.03,5.65
25.252107053995132,-0.03,5.67
25.253545820713043,-0.03,5.64
25.255011349916458,-0.03,5.61
25.256464328616858,-0.03,5.61
25.257919739931822,-0.03,5.62
25.25937682017684,-0.03,5.62
25.260828740894794,-0.03,5.58
25.262279599905014,-0.03,5.6
25.263743426650763,-0.03,5.59
25.265195190906525,-0.03,5.58
25.2666446082294,-0.03,5.61
25.26810946315527,-0.03,5.6
25.269550766795874,-0.03,5.57
25.270999252796173,-0.03,5.61
25.272459365427494,-0.03,5.63
25.273917719721794,-0.03,5.63
25.275375671684742,-0.03,5.6
25.276821564882994,-0.03,5.6
25.278274048119783,-0.02,5.61
25.27974035963416,-0.02,5.61
25.28119445964694,-0.03,5.6
25.282644171267748,-0.02,5.56
25.2841036953032,-0.02,5.56
25.285546239465475,-0.02,5.57
25.28701639920473,-0.02,5.57
25.288468722254038,-0.02,5.58
25.289915211498737,-0.02,5.63
25.291365206241608,-0.02,5.6
25.292821895331144,-0.02,5.56
25.294287718832493,-0.02,5.61
25.295740477740765,-0.02,5.59
25.29719565808773,-0.02,5.59
25.298649162054062,-0.03,5.57
25.30009625852108,-0.02,5.57
25.301554407924414,-0.02,5.57
25.303002003580332,-0.03,5.58
25.304452992975712,-0.03,5.58
25.305912602692842,-0.03,5.56
25.307372629642487,-0.02,5.55
25.308827333152294,-0.03,5.58
25.31027304008603,-0.02,5.6
25.31173910945654,-0.03,5.62
25.31318425759673,-0.03,5.63
25.314648803323507,-0.02,5.58
25.316091630607843,-0.02,5.54
25.31755592674017,-0.02,5.57
25.31899679452181,-0.02,5.55
25.32046902552247,-0.03,5.56
25.32190763950348,-0.03,5.58
25.32336198911071,-0.03,5.55
25.324833530932665,-0.03,5.57
25.326280795037746,-0.03,5.52
25.327739007771015,-0.03,5.51
25.329187504947186,-0.03,5.52
25.330643985420465,-0.03,5.56
25.33210927248001,-0.03,5.6
25.333559695631266,-0.03,5.57
25.335000194609165,-0.02,5.57
25.336468804627657,-0.02,5.58
25.337916914373636,-0.02,5.55
25.339354254305363,-0.03,5.56
25.340817362070084,-0.03,5.6
25.342284496873617,-0.03,5.63
25.34374091029167,-0.03,5.65
25.345196209847927,-0.03,5.58
25.34662927687168,-0.03,5.53
25.348106797784567,-0.03,5.57
25.349556509405375,-0.03,5.59
25.351007651537657,-0.02,5.58
25.35246928781271,-0.02,5.61
25.353907231241465,-0.02,5.61
25.355374969542027,-0.02,5.59
25.356828667223454,-0.02,5.62
25.35828323289752,-0.03,5.63
25.359718646854162,-0.03,5.64
25.36118784919381,-0.03,5.64
25.362643912434578,-0.03,5.65
25.364089131355286,-0.03,5.63
25.365545205771923,-0.03,5.6
25.367012962698936,-0.03,5.58
25.368450172245502,-0.03,5.59
25.369916208088398,-0.03,5.63
25.37137382477522,-0.03,5.63
25.372825231403112,-0.03,5.62
25.374287731945515,-0.03,5.58
25.375741608440876,-0.03,5.62
25.377172399312258,-0.03,5.67
25.37863851338625,-0.03,5.65
25.38009676337242,-0.03,5.61
25.38154948875308,-0.03,5.62
25.38301531225443,-0.03,5.66
25.384459041059017,-0.03,5.64
25.38591006398201,-0.03,5.61
25.38736654818058,-0.03,5.62
25.388813074678183,-0.03,5.63
25.390278950333595,-0.03,5.62
25.391721479594707,-0.03,5.59
25.393180407583714,-0.03,5.6
25.39464010670781,-0.03,5.64
25.396093629300594,-0.03,5.62
25.397552497684956,-0.03,5.62
25.399011228233576,-0.03,5.61
25.400454506278038,-0.03,5.61
25.40191176906228,-0.03,5.62
25.403362222015858,-0.03,5.65
25.404825661331415,-0.03,5.66
25.406267292797565,-0.03,5.61
25.407736659049988,-0.03,5.61
25.409180726855993,-0.03,5.64
25.41064504161477,-0.03,5.64
25.412086479365826,-0.03,5.64
25.413546476513147,-0.03,5.66
25.41500935330987,-0.03,5.66
25.41648431122303,-0.02,5.6
25.417931396514177,-0.03,5.64
25.419378094375134,-0.02,5.65
25.42082094401121,-0.02,5.61
25.422281373292208,-0.02,5.65
25.423716437071562,-0.03,5.67
25.42517849802971,-0.02,5.66
25.426637582480907,-0.02,5.64
25.428085539489985,-0.02,5.65
25.429550770670176,-0.02,5.64
25.431000418961048,-0.02,5.63
25.432459130883217,-0.02,5.68
25.4339083917439,-0.03,5.69
25.43536503985524,-0.02,5.66
25.43680841103196,-0.02,5.64
25.4382743537426,-0.02,5.63
25.439718756824732,-0.02,5.63
25.44118767604232,-0.02,5.61
25.4426354393363,-0.02,5.64
25.444099970161915,-0.02,5.62
25.445542726665735,-0.02,5.6
25.447006911039352,-0.02,5.64
25.44845264777541,-0.03,5.62
25.449914921075106,-0.02,5.61
25.451357454061508,-0.02,5.61
25.45282629877329,-0.03,5.59
25.45426345616579,-0.03,5.56
25.455722499638796,-0.03,5.62
25.457188848406076,-0.02,5.62
25.458636220544577,-0.02,5.62
25.46010010689497,-0.02,5.6
25.461548399180174,-0.02,5.64
25.46300260722637,-0.02,5.66
25.464459620416164,-0.02,5.61
25.46591581776738,-0.02,5.65
25.467369746416807,-0.02,5.63
25.46881813555956,-0.03,5.58
25.470266070216894,-0.03,5.61
25.4717306047678,-0.03,5.63
25.473181784152985,-0.02,5.66
25.474644534289837,-0.03,5.65
25.476076770573854,-0.03,5.67
25.477552223950624,-0.03,5.67
25.479003582149744,-0.02,5.66
25.48045925050974,-0.02,5.63
25.48191611468792,-0.02,5.63
25.483357220888138,-0.03,5.63
25.48481523990631,-0.03,5.63
25.48627072572708,-0.02,5.64
25.487717889249325,-0.02,5.63
25.489183243364096,-0.03,5.61
25.49062893167138,-0.03,5.61
25.49210561066866,-0.03,5.62
25.49355235695839,-0.03,5.58
25.495004553347826,-0.03,5.57
25.496458001434803,-0.02,5.58
25.497910492122173,-0.02,5.57
25.49936180189252,-0.03,5.54
25.500823833048344,-0.03,5.55
25.502269592136145,-0.02,5.6
25.50371877849102,-0.03,5.6
25.50517574697733,-0.03,5.57
25.506635382771492,-0.02,5.52
25.508095923811197,-0.02,5.52
25.509543422609568,-0.03,5.54
25.51098884642124,-0.03,5.53
25.512455567717552,-0.03,5.55
25.51391487568617,-0.03,5.54
25.515368279069662,-0.03,5.54
25.51680975779891,-0.03,5.55
25.51827235519886,-0.03,5.54
25.51972634717822,-0.02,5.5
25.521179392933846,-0.02,5.49
25.522643644362688,-0.02,5.52
25.524095822125673,-0.02,5.53
25.525541812181473,-0.02,5.55
25.526989124715328,-0.02,5.51
25.528453942388296,-0.02,5.51
25.52990773320198,-0.02,5.49
25.531364869326353,-0.02,5.5
25.532809164375067,-0.02,5.49
25.534264370799065,-0.02,5.5
25.53572342172265,-0.02,5.51
25.537183698266745,-0.02,5.47
25.53861629217863,-0.02,5.52
25.54009138047695,-0.02,5.56
25.541550152003765,-0.02,5.53
25.542996171861887,-0.02,5.52
25.544458553195,-0.02,5.54
25.54591218009591,-0.02,5.5
25.547363460063934,-0.02,5.48
25.548815079033375,-0.02,5.53
25.55027584731579,-0.02,5.5
25.551726307719946,-0.02,5.5
25.55318371206522,-0.02,5.56
25.554626658558846,-0.02,5.55
25.55609554797411,-0.02,5.53
25.557533636689186,-0.02,5.51
25.55899089947343,-0.02,5.53
25.56045638769865,-0.02,5.52
25.56190700083971,-0.02,5.48
25.563355647027493,-0.02,5.47
25.56481460109353,-0.02,5.51
25.566275347024202,-0.02,5.54
25.56772017478943,-0.02,5.48
25.569180119782686,-0.02,5.5
25.57062430307269,-0.03,5.53
25.57209214568138,-0.03,5.49
25.57353312894702,-0.03,5.46
25.574994146823883,-0.03,5.43
25.57645184919238,-0.03,5.46
25.57789319753647,-0.03,5.47
25.579355917871,-0.03,5.46
25.58081142604351,-0.03,5.48
25.58225331455469,-0.02,5.48
25.583729851990938,-0.03,5.48
25.58517510071397,-0.03,5.44
25.586625643074512,-0.03,5.42
25.588083423674107,-0.03,5.4
25.58952932804823,-0.03,5.38
25.59100143611431,-0.03,5.4
25.592434495687485,-0.03,5.45
25.59389515593648,-0.03,5.43
25.59535250812769,-0.03,5.41
25.596810217946768,-0.03,5.4
25.598263915628195,-0.03,5.44
25.59971921518445,-0.03,5.48
25.60117482021451,-0.03,5.46
25.60262554138899,-0.03,5.4
25.604079831391573,-0.03,5.45
25.605535242706537,-0.03,5.44
25.60699947923422,-0.03,5.4
25.608446035534143,-0.03,5.44
25.60991271585226,-0.03,5.43
25.611355002969503,-0.03,5.37
25.612820338457823,-0.03,5.38
25.61427379027009,-0.03,5.37
25.61571554839611,-0.03,5.37
25.617168456315994,-0.02,5.38
25.618625335395336,-0.03,5.39
25.620104238390923,-0.03,5.38
25.621542636305094,-0.02,5.33
25.62298620864749,-0.02,5.34
25.6244433298707,-0.02,5.36
25.625900749117136,-0.02,5.35
25.627358827739954,-0.02,5.33
25.628814566880465,-0.02,5.36
25.63027047738433,-0.02,5.4
25.631724640727043,-0.02,5.4
25.633170805871487,-0.02,5.38
25.634634405374527,-0.02,5.39
25.636086367070675,-0.02,5.37
25.637529995292425,-0.02,5.42
25.638998590409756,-0.02,5.38
25.640456646680832,-0.02,5.31
25.64190398156643,-0.02,5.37
25.643355939537287,-0.02,5.37
25.644810333848,-0.02,5.33
25.64626583084464,-0.02,5.31
25.647726751863956,-0.02,5.3
25.649173893034458,-0.02,5.3
25.650632090866566,-0.02,5.28
25.652097586542368,-0.02,5.25
25.653538461774588,-0.02,5.27
25.65498312562704,-0.02,5.28
25.65644359588623,-0.02,5.26
25.65789996832609,-0.02,5.27
25.659358873963356,-0.02,5.27
25.660809565335512,-0.02,5.27
25.66226154193282,-0.02,5.26
25.663730710744858,-0.02,5.25
25.66517512500286,-0.02,5.25
25.66662832722068,-0.02,5.24
25.668089017271996,-0.02,5.25
25.66955303773284,-0.02,5.25
25.671001635491848,-0.02,5.2
25.672443456947803,-0.02,5.22
25.673899207264185,-0.02,5.25
25.675365529954433,-0.02,5.22
25.67681384459138,-0.02,5.24
25.6782688498497,-0.02,5.22
25.679718792438507,-0.02,5.22
25.68117567896843,-0.02,5.23
25.682636588811874,-0.02,5.23
25.684083327651024,-0.02,5.21
25.685551144182682,-0.02,5.2
25.686992846429348,-0.02,5.15
25.688439775258303,-0.02,5.16
25.689901664853096,-0.02,5.21
25.69136282429099,-0.02,5.21
25.69279943779111,-0.02,5.21
25.694260329008102,-0.02,5.19
25.69572090730071,-0.02,5.12
25.697174552828074,-0.02,5.14
25.698632076382637,-0.02,5.13
25.700078405439854,-0.02,5.13
25.70153246074915,-0.02,5.15
25.70297595486045,-0.02,5.17
25.704441387206316,-0.02,5.18
25.70589966326952,-0.02,5.18
25.70735525712371,-0.02,5.15
25.708792828023434,-0.02,5.12
25.7102586068213,-0.02,5.12
25.711710825562477,-0.02,5.1
25.713172990828753,-0.02,5.11
25.714622508734465,-0.02,5.1
25.716083273291588,-0.02,5.1
25.717531755566597,-0.02,5.11
25.71898027136922,-0.02,5.08
25.72044140100479,-0.02,5.1
25.721888784319162,-0.02,5.09
25.723356675356627,-0.02,5.06
25.724798034876585,-0.02,5.07
25.726255990564823,-0.02,5.11
25.727707240730524,-0.02,5.1
25.729170449078083,-0.02,5.08
25.730630211532116,-0.02,5.07
25.73207213357091,-0.02,5.07
25.73353184759617,-0.02,5.06
25.73499235510826,-0.02,5.04
25.736434422433376,-0.02,5.1
25.737901009619236,-0.02,5.09
25.739354100078344,-0.02,5.06
25.740809716284275,-0.02,5.06
25.742255173623562,-0.02,5.07
25.74371689558029,-0.02,5.12
25.745175298303366,-0.02,5.11
25.746626306325197,-0.02,5.09
25.748070057481527,-0.02,5.14
25.749525129795074,-0.02,5.16
25.75098307430744,-0.02,5.08
25.75244038924575,-0.02,5.09
25.753894470632076,-0.02,5.14
25.755353547632694,-0.02,5.16
25.75679887831211,-0.02,5.09
25.75826182588935,-0.02,5.07
25.759697925299406,-0.02,5.04
25.761160727590322,-0.02,5.05
25.76262852549553,-0.02,5.09
25.76407963782549,-0.02,5.07
25.765518371015787,-0.02,5.04
25.766976673156023,-0.02,5.07
25.76844323799014,-0.02,5.05
25.76989935338497,-0.02,5.07
25.771349720656872,-0.02,5.08
25.772806853055954,-0.02,5.08
25.774252239614725,-0.02,5.07
25.77570240572095,-0.02,5.06
25.777156863361597,-0.02,5.06
25.778618723154068,-0.02,5.05
25.780077274888754,-0.02,5.04
25.781539671123028,-0.02,5.03
25.782979249954224,-0.02,5.05
25.78444017469883,-0.02,5.03
25.785886824131012,-0.02,5.04
25.787345744669437,-0.02,5.06
25.788810577243567,-0.02,5.04
25.79024951905012,-0.02,5.01
25.79171831905842,-0.02,5.04
25.79316135123372,-0.02,5.01
25.79462905973196,-0.02,4.97
25.796064794063568,-0.02,4.96
25.79753715544939,-0.02,4.98
25.798995047807693,-0.02,4.97
25.800432808697224,-0.02,4.96
25.80190647765994,-0.02,4.95
25.803359676152468,-0.02,4.96
25.804810892790556,-0.02,4.97
25.806261263787746,-0.02,4.94
25.807721234858036,-0.02,4.96
25.809174861758947,-0.02,4.97
25.8106224052608,-0.02,4.93
25.812088519334793,-0.02,4.88
25.81353947892785,-0.02,4.88
25.81498759612441,-0.02,4.93
25.816452022641897,-0.02,4.92
25.81789092719555,-0.02,4.92
25.819347474724054,-0.02,4.93
25.820793960243464,-0.02,4.92
25.822260789573193,-0.02,4.89
25.82371748611331,-0.02,4.89
25.825180370360613,-0.02,4.86
25.82664206251502,-0.02,4.86
25.828075017780066,-0.02,4.87
25.82952120900154,-0.02,4.87
25.83099377900362,-0.02,4.89
25.832434494048357,-0.02,4.88
25.83390085399151,-0.02,4.89
25.83535113185644,-0.02,4.86
25.836815174669027,-0.02,4.81
25.838271647691727,-0.02,4.79
25.83972030133009,-0.02,4.83
25.84115508943796,-0.02,4.81
25.8426257930696,-0.02,4.81
25.844074867665768,-0.02,4.83
25.845540914684534,-0.02,4.85
25.84698763117194,-0.02,4.82
25.84844608604908,-0.02,4.78
25.849893108010292,-0.02,4.75
25.851343039423227,-0.02,4.75
25.852814700454473,-0.02,4.75
25.854252014309168,-0.02,4.8
25.855724923312664,-0.02,4.78
25.857176516205072,-0.02,4.74
25.858625829219818,-0.02,4.76
25.860085614025593,-0.02,4.76
25.861535154283047,-0.02,4.77
25.862984962761402,-0.02,4.71
25.864439323544502,-0.02,4.71
25.865899320691824,-0.02,4.72
25.867359969764948,-0.02,4.69
25.86880438029766,-0.02,4.68
25.870258059352636,-0.02,4.66
25.871726281940937,-0.02,4.66
25.873176485300064,-0.02,4.69
25.874636720865965,-0.02,4.7
25.876088678836823,-0.02,4.73
25.87754437327385,-0.02,4.71
25.878992341458797,-0.02,4.68
25.880437564104795,-0.02,4.7
25.881899565458298,-0.02,4.71
25.88334669172764,-0.02,4.68
25.88481542095542,-0.02,4.64
25.88624882698059,-0.02,4.63
25.887708198279142,-0.02,4.61
25.88917288184166,-0.02,4.64
25.89063259586692,-0.02,4.62
25.89208570495248,-0.02,4.61
25.893532939255238,-0.02,4.61
25.894991602748632,-0.02,4.63
25.89645117521286,-0.02,4.63
25.897905733436346,-0.02,4.66
25.899356614798307,-0.02,4.65
25.90081698819995,-0.02,4.61
25.902257695794106,-0.02,4.6
25.90371096879244,-0.02,4.62
25.90515512228012,-0.02,4.6
25.906629242002964,-0.02,4.58
25.908084958791733,-0.02,4.57
25.909535940736532,-0.02,4.57
25.910990454256535,-0.02,4.57
25.912441607564688,-0.02,4.53
25.91390608623624,-0.02,4.55
25.915349818766117,-0.02,4.55
25.916813492774963,-0.02,4.55
25.918257784098387,-0.02,4.56
25.919715762138367,-0.02,4.55
25.921177115291357,-0.02,4.58
25.92262088879943,-0.02,4.55
25.924078352749348,-0.02,4.49
25.925526805222034,-0.02,4.51
25.926990021020174,-0.02,4.54
25.928441025316715,-0.02,4.54
25.929894387722015,-0.02,4.55
25.93135927990079,-0.02,4.54
25.9328132905066,-0.02,4.55
25.93426088243723,-0.02,4.56
25.93572048842907,-0.02,4.54
25.937164656817913,-0.02,4.53
25.938622795045376,-0.02,4.53
25.940074983984232,-0.02,4.5
25.941530242562294,-0.02,4.48
25.942996751517057,-0.02,4.5
25.944442939013243,-0.02,4.5
25.945900462567806,-0.02,4.5
25.947355452924967,-0.02,4.46
25.94880936294794,-0.02,4.48
25.950261391699314,-0.02,4.49
25.951720666140318,-0.02,4.52
25.953176084905863,-0.02,4.5
25.954624202102423,-0.02,4.49
25.95608787983656,-0.02,4.5
25.957532666623592,-0.02,4.52
25.958984944969416,-0.02,4.5
25.960446409881115,-0.02,4.5
25.96188959851861,-0.02,4.49
25.963344059884548,-0.02,4.49
25.96482303738594,-0.02,4.48
25.96624880284071,-0.02,4.5
25.96771502867341,-0.02,4.5
25.969155937433243,-0.02,4.51
25.97063358873129,-0.02,4.52
25.972069401293993,-0.02,4.52
25.973527785390615,-0.02,4.53
25.97497548162937,-0.02,4.54
25.976453091949224,-0.02,4.52
25.977892853319645,-0.02,4.53
25.979346841573715,-0.02,4.53
25.98081310465932,-0.02,4.49
25.982251711189747,-0.02,4.52
25.98370461165905,-0.02,4.51
25.9851776920259,-0.02,4.46
25.9866223372519,-0.02,4.47
25.988075222820044,-0.02,4.48
25.98954090476036,-0.02,4.47
25.990980323404074,-0.02,4.52
25.992448929697275,-0.02,4.52
25.993889674544334,-0.02,4.51
25.99535008892417,-0.02,4.53
25.996792744845152,-0.02,4.5
25.998271726071835,-0.02,4.48
25.999722201377153,-0.02,4.5
26.001164708286524,-0.02,4.52
26.00262786820531,-0.02,4.51
26.004079665988684,-0.02,4.49
26.005536027252674,-0.02,4.5
26.006983395665884,-0.02,4.49
26.008439131081104,-0.02,4.45
26.009893465787172,-0.02,4.45
26.011345226317644,-0.02,4.45
26.012795757502317,-0.02,4.47
26.014265555888414,-0.02,4.5
26.015721511095762,-0.02,4.48
26.017158836126328,-0.02,4.46
26.018619999289513,-0.02,4.47
26.02006323263049,-0.02,4.47
26.0215364433825,-0.02,4.49
26.022989120334387,-0.02,4.47
26.024448595941067,-0.02,4.49
26.025893807411194,-0.02,4.47
26.02735373750329,-0.02,4.47
26.028798665851355,-0.02,4.48
26.030251894146204,-0.02,4.47
26.031701542437077,-0.02,4.47
26.03315469250083,-0.02,4.43
26.034620951861143,-0.02,4.41
26.03607928007841,-0.02,4.48
26.037520173937082,-0.02,4.49
26.038979444652796,-0.02,4.47
26.040443439036608,-0.02,4.45
26.041890617460012,-0.02,4.44
26.04335391893983,-0.02,4.45
26.044793859124184,-0.02,4.48
26.04625491052866,-0.02,4.5
26.047714855521917,-0.02,4.51
26.04916711524129,-0.02,4.47
26.050620518624783,-0.02,4.43
26.05207885056734,-0.02,4.42
26.053523004055023,-0.02,4.39
26.054978918284178,-0.02,4.47
26.056443881243467,-0.02,4.39
26.057892326265574,-0.02,4.35
26.059342212975025,-0.02,4.43
26.06080186367035,-0.02,4.41
26.062251187860966,-0.02,4.38
26.06372169032693,-0.02,4.39
26.065162505954504,-0.02,4.41
26.066615141928196,-0.02,4.38
26.068082816898823,-0.02,4.38
26.069525375962257,-0.02,4.4
26.070998523384333,-0.02,4.37
26.07242737710476,-0.02,4.4
26.07389121130109,-0.02,4.41
26.07534233480692,-0.02,4.4
26.07680207490921,-0.02,4.37
26.078242119401693,-0.02,4.32
26.079719364643097,-0.02,4.36
26.08116316795349,-0.02,4.35
26.082617536187172,-0.02,4.33
26.08407349139452,-0.02,4.33
26.085524570196867,-0.02,4.33
26.086983490735292,-0.02,4.33
26.088441755622625,-0.02,4.36
26.08990377560258,-0.02,4.31
26.091364044696093,-0.02,4.29
26.092803966253996,-0.02,4.32
26.09425889700651,-0.02,4.3
26.095707938075066,-0.02,4.29
26.09716483205557,-0.02,4.29
26.098609510809183,-0.02,4.31
26.100068736821413,-0.02,4.27
26.10153340920806,-0.02,4.28
26.10298315063119,-0.02,4.3
26.10443503409624,-0.02,4.28
26.10589249432087,-0.02,4.27
26.107338033616543,-0.02,4.26
26.108797397464514,-0.02,4.21
26.11024709418416,-0.02,4.19
26.11169635504484,-0.02,4.22
26.113164730370045,-0.02,4.2
26.114613577723503,-0.02,4.16
26.116083335131407,-0.02,4.21
26.11752488464117,-0.02,4.22
26.11897725611925,-0.02,4.16
26.12043794989586,-0.02,4.19
26.121893405914307,-0.02,4.21
26.123352602124214,-0.02,4.19
26.12480304390192,-0.02,4.19
26.12626264244318,-0.02,4.18
26.127715721726418,-0.02,4.13
26.129159975796938,-0.02,4.16
26.13061548769474,-0.02,4.19
26.132078610360622,-0.02,4.18
26.133533772081137,-0.02,4.17
26.13498940318823,-0.02,4.15
26.136428020894527,-0.02,4.19
26.13789677247405,-0.02,4.15
26.139339182525873,-0.02,4.11
26.140812657773495,-0.02,4.11
26.14225122705102,-0.02,4.12
26.143710158765316,-0.02,4.11
26.145154487341642,-0.02,4.15
26.146610967814922,-0.02,4.16
26.14806466177106,-0.02,4.12
26.149536035954952,-0.02,4.09
26.150988075882196,-0.02,4.07
26.152428809553385,-0.02,4.1
26.153896644711494,-0.02,4.15
26.155350420624018,-0.02,4.13
26.156806774437428,-0.02,4.16
26.15824966132641,-0.02,4.16
26.159711986780167,-0.02,4.11
26.16116799041629,-0.02,4.12
26.16262624040246,-0.02,4.11
26.164069794118404,-0.02,4.07
26.16551935300231,-0.02,4.09
26.166975542902946,-0.02,4.09
26.168453004211187,-0.02,4.07
26.169901739805937,-0.02,4.08
26.171348333358765,-0.02,4.09
26.172790709882975,-0.02,4.11
26.17425360530615,-0.02,4.12
26.17570946365595,-0.02,4.07
26.1771640740335,-0.02,4.12
26.178611032664776,-0.02,4.09
26.180070731788874,-0.02,4.08
26.181518267840147,-0.02,4.13
26.18297328054905,-0.02,4.12
26.184429083019495,-0.02,4.11
26.185883209109306,-0.02,4.11
26.187340050935745,-0.02,4.11
26.188794173300266,-0.02,4.08
26.190244767814875,-0.02,4.07
26.191709347069263,-0.02,4.1
26.19315880164504,-0.02,4.11
26.19462276622653,-0.02,4.06
26.196067590266466,-0.02,4.08
26.197519350796938,-0.02,4.07
26.19897671788931,-0.02,4.03
26.200432907789946,-0.02,4.02
26.20189393684268,-0.02,4.04
26.203346900641918,-0.02,4.08
26.204786356538534,-0.02,4.07
26.206260792911053,-0.02,4.05
26.207711566239595,-0.02,4.05
26.2091689966619,-0.02,4.04
26.210607636719942,-0.02,4.04
26.21207920461893,-0.02,4.03
26.21352857351303,-0.02,3.98
26.21497790887952,-0.02,4.04
26.2164339274168,-0.02,4.06
26.217884093523026,-0.02,4.06
26.219348143786192,-0.02,4.04
26.220799542963505,-0.02,4.0
26.222248766571283,-0.02,4.01
26.223703376948833,-0.02,4.02
26.225156005471945,-0.02,4.0
26.226610206067562,-0.02,3.98
26.22807402536273,-0.02,4.02
26.229524705559015,-0.02,4.03
26.23096964135766,-0.02,4.02
26.232440795749426,-0.02,4.02
26.2339008115232,-0.02,4.0
26.235334426164627,-0.02,3.96
26.23679645732045,-0.02,3.94
26.23824805393815,-0.02,3.97
26.239705309271812,-0.02,3.95
26.24115315824747,-0.02,3.94
26.242608301341534,-0.02,3.96
26.24406262114644,-0.02,3.97
26.245531745254993,-0.02,3.95
26.246982030570507,-0.02,3.93
26.248428601771593,-0.02,3.93
26.249876592308283,-0.02,3.91
26.251336444169283,-0.02,3.93
26.252801809459925,-0.02,3.99
26.254248961806297,-0.02,3.99
26.2557093501091,-0.02,3.97
26.25717007368803,-0.02,3.93
26.25862343609333,-0.02,3.95
26.26006242632866,-0.02,3.93
26.26152701303363,-0.02,3.9
26.262970630079508,-0.02,3.94
26.26442462950945,-0.02,3.93
26.265883151441813,-0.02,3.92
26.26733411476016,-0.02,3.92
26.268797002732754,-0.02,3.88
26.270244244486094,-0.02,3.87
26.271707344800234,-0.02,3.9
26.27315178886056,-0.02,3.92
26.274608463048935,-0.02,3.92
26.27606524154544,-0.02,3.93
26.27751711755991,-0.02,3.86
26.278982874006033,-0.02,3.87
26.280416682362556,-0.02,3.9
26.281875621527433,-0.02,3.91
26.28333878144622,-0.02,3.87
26.284800805151463,-0.02,3.86
26.286260720342398,-0.02,3.86
26.287703558802605,-0.02,3.88
26.28914973884821,-0.02,3.89
26.290608819574118,-0.02,3.89
26.292065162211657,-0.02,3.88
26.293516144156456,-0.02,3.87
26.294963378459215,-0.02,3.84
26.296434737741947,-0.02,3.86
26.297876298427582,-0.02,3.86
26.29934138804674,-0.02,3.89
26.300801903009415,-0.02,3.94
26.30225008353591,-0.02,3.92
26.30369745567441,-0.02,3.89
26.30516515672207,-0.02,3.86
26.306609634310007,-0.02,3.85
26.30806953459978,-0.02,3.82
26.309530563652515,-0.02,3.79
26.3109757527709,-0.02,3.84
26.312429893761873,-0.02,3.87
26.313872396945953,-0.02,3.85
26.31533845886588,-0.02,3.84
26.31679204106331,-0.02,3.84
26.31824079528451,-0.02,3.83
26.319709930568933,-0.02,3.81
26.321164194494486,-0.02,3.83
26.32261548191309,-0.01,3.83
26.324060555547476,-0.02,3.84
26.325515139847994,-0.02,3.87
26.32698081433773,-0.02,3.85
26.328435588628054,-0.01,3.79
26.329886816442013,-0.02,3.79
26.331343069672585,-0.02,3.81
26.332794331014156,-0.02,3.86
26.334243685007095,-0.02,3.89
26.335707902908325,-0.02,3.87
26.337152920663357,-0.02,3.87
26.33860767260194,-0.02,3.88
26.34006717801094,-0.02,3.86
26.341525301337242,-0.01,3.81
26.34298188984394,-0.01,3.83
26.344430722296238,-0.01,3.85
26.34587350487709,-0.01,3.84
26.347338054329157,-0.01,3.87
26.348785877227783,-0.02,3.81
26.35023883357644,-0.02,3.83
26.35169341415167,-0.02,3.87
26.353158351033926,-0.02,3.83
26.354616925120354,-0.02,3.82
26.356066796928644,-0.02,3.84
26.357511710375547,-0.02,3.85
26.358978409320116,-0.01,3.81
26.36042021214962,-0.02,3.81
26.361889451742172,-0.02,3.8
26.3633385412395,-0.02,3.79
26.364781968295574,-0.02,3.85
26.366249419748783,-0.02,3.89
26.367709189653397,-0.02,3.85
26.3691649697721,-0.02,3.86
26.370614532381296,-0.02,3.82
26.372067257761955,-0.02,3.81
26.373529016971588,-0.02,3.82
26.37498465180397,-0.02,3.8
26.37643852457404,-0.02,3.83
26.377883449196815,-0.02,3.84
26.379329100251198,-0.02,3.82
26.380799241364002,-0.02,3.86
26.382243812084198,-0.02,3.89
26.38369957357645,-0.02,3.86
26.38515092805028,-0.02,3.85
26.386613860726357,-0.02,3.84
26.388060063123703,-0.02,3.86
26.389504801481962,-0.02,3.89
26.3909715116024,-0.02,3.87
26.392439138144255,-0.02,3.82
26.39388096705079,-0.02,3.84
26.39534630998969,-0.02,3.88
26.3967942930758,-0.02,3.88
26.398230485618114,-0.02,3.89
26.399701293557882,-0.02,3.88
26.4011495038867,-0.02,3.87
26.40261050313711,-0.02,3.88
26.404073003679514,-0.02,3.84
26.405512757599354,-0.02,3.84
26.406969714909792,-0.02,3.87
26.408422224223614,-0.02,3.84
26.409879345446825,-0.02,3.83
26.411338970065117,-0.02,3.85
26.41278751939535,-0.02,3.82
26.414245255291462,-0.02,3.86
26.41569383069873,-0.02,3.9
26.417152632027864,-0.02,3.9
26.41861230134964,-0.02,3.87
26.420070976018906,-0.02,3.87
26.421515617519617,-0.02,3.89
26.422967106103897,-0.02,3.91
26.424415335059166,-0.02,3.92
26.425874177366495,-0.02,3.92
26.427343547344208,-0.02,3.9
26.428791221231222,-0.02,3.88
26.43024444952607,-0.02,3.89
26.43169365823269,-0.02,3.89
26.43314776197076,-0.02,3.88
26.43461438268423,-0.02,3.88
26.43606822937727,-0.02,3.87
26.437516998499632,-0.02,3.88
26.438971925526857,-0.02,3.89
26.440438754856586,-0.02,3.88
26.441867399960756,-0.02,3.93
26.44334252923727,-0.02,3.95
26.44478826597333,-0.02,3.95
26.446249183267355,-0.02,3.97
26.447704907506704,-0.02,3.91
26.44915136694908,-0.02,3.9
26.450612507760525,-0.02,3.91
26.45207092165947,-0.02,3.87
26.45352229848504,-0.02,3.92
26.454969234764576,-0.02,3.91
26.45642578229308,-0.02,3.92
26.457875914871693,-0.02,3.95
26.45933584868908,-0.02,3.92
26.460783936083317,-0.02,3.92
26.46224018931389,-0.02,3.9
26.463685546070337,-0.02,3.92
26.46515527367592,-0.02,3.98
26.46659269183874,-0.02,3.97
26.468051083385944,-0.02,3.92
26.469503559172153,-0.01,3.93
26.470950827002525,-0.02,3.9
26.472406946122646,-0.02,3.92
26.473875477910042,-0.02,3.94
26.475324757397175,-0.02,3.92
26.476766254752874,-0.02,3.95
26.478226494044065,-0.02,3.98
26.479687802493572,-0.02,3.96
26.481139484792948,-0.02,3.97
26.482580330222845,-0.02,3.92
26.4840506054461,-0.02,3.92
26.485499180853367,-0.02,3.95
26.486961901187897,-0.02,3.93
26.48840456083417,-0.02,3.94
26.48985720053315,-0.02,3.93
26.491312745958567,-0.02,3.95
26.492759853601456,-0.02,3.92
26.494216710329056,-0.02,3.96
26.495670679956675,-0.02,3.93
26.49711673334241,-0.02,3.91
26.49857809394598,-0.02,3.91
26.500038225203753,-0.02,3.91
26.50148417428136,-0.02,3.92
26.50293479114771,-0.02,3.92
26.504394598305225,-0.02,3.95
26.505844742059708,-0.02,3.93
26.507305473089218,-0.02,3.89
26.508749336004257,-0.02,3.91
26.510211795568466,-0.02,3.92
26.511665984988213,-0.02,3.91
26.51311819627881,-0.02,3.9
26.514569636434317,-0.02,3.91
26.51603612303734,-0.02,3.89
26.517479185014963,-0.02,3.85
26.518928058445454,-0.02,3.87
26.520400412380695,-0.02,3.92
26.521849621087313,-0.02,3.86
26.523288879543543,-0.02,3.81
26.524758622050285,-0.02,3.86
26.526227924972773,-0.02,3.9
26.52774953842163,-0.02,3.91
26.529111340641975,-0.02,3.89
26.530572585761547,-0.02,3.9
26.53201785311103,-0.02,3.91
26.533486928790808,-0.02,3.85
26.534954398870468,-0.02,3.87
26.536391850560904,-0.02,3.9
26.537849985063076,-0.02,3.87
26.539303198456764,-0.02,3.79
26.540757350623608,-0.02,3.82
26.542204666882753,-0.02,3.81
26.543662030249834,-0.02,3.79
26.545107144862413,-0.02,3.81
26.546567231416702,-0.02,3.84
26.548036016523838,-0.02,3.83
26.54947764798999,-0.02,3.82
26.550943102687597,-0.02,3.85
26.55239614099264,-0.02,3.82
26.553848296403885,-0.02,3.85
26.5553019605577,-0.02,3.84
26.556765098124743,-0.02,3.86
26.5582066886127,-0.02,3.85
26.559667702764273,-0.02,3.86
26.561123989522457,-0.02,3.9
26.56255603581667,-0.02,3.85
26.564014825969934,-0.02,3.85
26.56547435373068,-0.02,3.85
26.566933814436197,-0.02,3.85
26.568391274660826,-0.02,3.8
26.569837797433138,-0.02,3.81
26.57130991667509,-0.02,3.83
26.572752844542265,-0.02,3.81
26.574214953929186,-0.02,3.83
26.57565676420927,-0.02,3.8
26.577120434492826,-0.02,3.82
26.578578874468803,-0.02,3.82
26.580012690275908,-0.02,3.82
26.581487633287907,-0.02,3.82
26.582921642810106,-0.02,3.8
26.584395971149206,-0.02,3.79
26.58585011586547,-0.02,3.79
26.587312504649162,-0.02,3.84
26.58875212073326,-0.02,3.83
26.590209800750017,-0.02,3.8
26.59167331457138,-0.02,3.8
26.59311881288886,-0.02,3.79
26.594574976712465,-0.02,3.76
26.596025966107845,-0.02,3.79
26.597488589584827,-0.02,3.83
26.59893225505948,-0.02,3.8
26.600389171391726,-0.02,3.8
26.601851105690002,-0.02,3.78
26.603306103497744,-0.02,3.8
26.60475194826722,-0.02,3.78
26.60619757324457,-0.02,3.78
26.607664104551077,-0.02,3.79
26.60911985859275,-0.02,3.8
26.610568080097437,-0.02,3.79
26.612024310976267,-0.02,3.77
26.613476768136024,-0.02,3.76
26.614929497241974,-0.02,3.8
26.61638467758894,-0.02,3.79
26.617851451039314,-0.02,3.75
26.619292814284563,-0.02,3.72
26.62075524777174,-0.02,3.71
26.622212454676628,-0.02,3.75
26.623659040778875,-0.02,3.78
26.625117506831884,-0.02,3.82
26.62657394260168,-0.02,3.8
26.628012869507074,-0.02,3.74
26.629467714577913,-0.02,3.74
26.63092678785324,-0.02,3.74
26.632399529218674,-0.02,3.76
26.633851118385792,-0.02,3.74
26.63530094921589,-0.02,3.72
26.63675531372428,-0.02,3.76
26.63820969685912,-0.02,3.76
26.63964694738388,-0.02,3.78
26.641111433506012,-0.02,3.75
26.64256202802062,-0.02,3.74
26.644026055932045,-0.02,3.74
26.64547010883689,-0.02,3.71
26.64692749083042,-0.02,3.76
26.648405507206917,-0.02,3.72
26.649850990623236,-0.02,3.73
26.651291742920876,-0.02,3.72
26.652762193232775,-0.02,3.7
26.654212940484285,-0.02,3.68
26.65566662698984,-0.02,3.7
26.657127656042576,-0.02,3.73
26.65856973081827,-0.02,3.71
26.6600174382329,-0.02,3.69
26.661490760743618,-0.02,3.74
26.662945337593555,-0.02,3.73
26.664395816624165,-0.02,3.71
26.665849462151527,-0.02,3.7
26.667302537709475,-0.02,3.73
26.66876994073391,-0.02,3.71
26.67021906375885,-0.02,3.68
26.6716490611434,-0.02,3.71
26.673126108944416,-0.02,3.77
26.674575090408325,-0.02,3.76
26.67604048922658,-0.01,3.72
26.67748923972249,-0.02,3.68
26.67893510684371,-0.02,3.71
26.680392555892467,-0.02,3.7
26.681838400661945,-0.02,3.7
26.683307949453592,-0.02,3.72
26.684753857553005,-0.02,3.75
26.68621027097106,-0.02,3.72
26.68765837326646,-0.02,3.7
26.689127158373594,-0.01,3.7
26.690580796450377,-0.02,3.72
26.69202622026205,-0.02,3.74
26.693478621542454,-0.02,3.73
26.6949425637722,-0.02,3.73
26.696389116346836,-0.02,3.68
26.69783801585436,-0.02,3.7
26.699308175593615,-0.01,3.69
26.700754180550575,-0.01,3.69
26.70220960304141,-0.01,3.7
26.703663658350706,-0.01,3.68
26.70511857420206,-0.02,3.64
26.706577219069004,-0.01,3.65
26.708035834133625,-0.01,3.67
26.709494553506374,-0.01,3.67
26.71092166006565,-0.01,3.71
26.712403267621994,-0.01,3.69
26.713846888393164,-0.02,3.69
26.715299118310213,-0.01,3.74
26.716756626963615,-0.01,3.71
26.718217488378286,-0.01,3.71
26.719664093106985,-0.02,3.73
26.721112608909607,-0.01,3.74
26.722574330866337,-0.01,3.71
26.724029418081045,-0.01,3.65
26.725482787936926,-0.01,3.66
26.72694507241249,-0.01,3.73
26.728391598910093,-0.01,3.67
26.729840721935034,-0.01,3.68
26.731302306056023,-0.01,3.69
26.732762925326824,-0.01,3.71
26.73421598598361,-0.01,3.73
26.735664661973715,-0.01,3.7
26.737113066017628,-0.01,3.68
26.73856556043029,-0.02,3.72
26.740040950477123,-0.01,3.7
26.741493061184883,-0.01,3.72
26.74294164031744,-0.01,3.68
26.744400829076767,-0.01,3.63
26.745837315917015,-0.02,3.68
26.74730348587036,-0.02,3.72
26.74875310063362,-0.02,3.74
26.750204417854548,-0.02,3.67
26.751666713505983,-0.02,3.63
26.753112453967333,-0.02,3.7
26.754597924649715,-0.02,3.68
26.756022591143847,-0.02,3.65
26.757487930357456,-0.01,3.66
26.758936259895563,-0.01,3.66
26.760394036769867,-0.01,3.7
26.761855259537697,-0.01,3.72
26.763296846300364,-0.01,3.71
26.76475504785776,-0.01,3.68
26.76621660962701,-0.01,3.71
26.76765128225088,-0.01,3.72
26.769110646098852,-0.01,3.73
26.770584106445312,-0.01,3.7
26.772029280662537,-0.01,3.72
26.773483522236347,-0.01,3.73
26.77493755891919,-0.01,3.72
26.77640027552843,-0.01,3.73
26.777849692851305,-0.01,3.75
26.779311172664165,-0.01,3.74
26.780760549008846,-0.01,3.69
26.782214909791946,-0.01,3.74
26.783670850098133,-0.01,3.74
26.78511132672429,-0.01,3.72
26.786571074277163,-0.01,3.71
26.788018763065338,-0.01,3.7
26.7894863858819,-0.01,3.68
26.79094446077943,-0.01,3.67
26.79237724468112,-0.01,3.75
26.79383647814393,-0.01,3.73
26.795293487608433,-0.01,3.71
26.796756755560637,-0.01,3.69
26.798216104507446,-0.01,3.66
26.79966949298978,-0.01,3.72
26.801110316067934,-0.01,3.76
26.802558310329914,-0.01,3.77
26.80402897670865,-0.01,3.77
26.805488046258688,-0.01,3.75
26.806938786059618,-0.02,3.75
26.808393228799105,-0.02,3.75
26.809847116470337,-0.02,3.74
26.811290182173252,-0.02,3.73
26.81275425106287,-0.01,3.74
26.814193326979876,-0.02,3.74
26.815662026405334,-0.02,3.73
26.817126467823982,-0.02,3.75
26.81857182458043,-0.02,3.77
26.820015497505665,-0.02,3.78
26.821483500301838,-0.02,3.74
26.822924073785543,-0.02,3.77
26.824389301240444,-0.02,3.78
26.825835969299078,-0.02,3.77
26.82729884982109,-0.02,3.81
26.82875931635499,-0.02,3.78
26.83019360154867,-0.02,3.79
26.831662207841873,-0.02,3.78
26.833113364875317,-0.02,3.79
26.834565553814173,-0.02,3.81
26.83601714298129,-0.02,3.79
26.837482262402773,-0.02,3.78
26.8389207161963,-0.02,3.76
26.840385869145393,-0.02,3.74
26.84184852987528,-0.02,3.77
26.843288857489824,-0.02,3.77
26.844732750207186,-0.02,3.78
26.8462016582489,-0.02,3.77
26.847662780433893,-0.02,3.76
26.849116411060095,-0.02,3.74
26.850562769919634,-0.02,3.74
26.85201532766223,-0.02,3.75
26.853482637554407,-0.02,3.77
26.85492778941989,-0.02,3.77
26.856386706233025,-0.02,3.77
26.857837829738855,-0.02,3.78
26.859295938163996,-0.02,3.77
26.860736586153507,-0.02,3.78
26.86219608783722,-0.02,3.78
26.863655224442482,-0.02,3.79
26.865110874176025,-0.02,3.77
26.866569470614195,-0.02,3.75
26.868010487407446,-0.02,3.73
26.869471691548824,-0.02,3.7
26.870926931500435,-0.02,3.72
26.87236948683858,-0.02,3.76
26.873820185661316,-0.02,3.73
26.87529005855322,-0.02,3.73
26.87674083188176,-0.02,3.71
26.87818007543683,-0.02,3.74
26.879656065255404,-0.02,3.77
26.8811002522707,-0.02,3.74
26.8825536519289,-0.02,3.73
26.884003967046738,-0.02,3.74
26.885445475578308,-0.02,3.74
26.88692343980074,-0.02,3.72
26.888368491083384,-0.02,3.7
26.88983343541622,-0.02,3.7
26.891280863434076,-0.02,3.74
26.89272755011916,-0.02,3.7
26.894190572202206,-0.02,3.72
26.89565199241042,-0.02,3.76
26.897107053548098,-0.02,3.77
26.898555394262075,-0.02,3.78
26.900018990039825,-0.02,3.79
26.9014691747725,-0.02,3.8
26.902922570705414,-0.02,3.81
26.904373966157436,-0.02,3.8
26.905819315463305,-0.02,3.8
26.9072893448174,-0.02,3.84
26.90874195471406,-0.02,3.84
26.910205975174904,-0.02,3.84
26.911640964448452,-0.02,3.87
26.913091339170933,-0.02,3.84
26.914553098380566,-0.02,3.84
26.916005089879036,-0.02,3.85
26.91744790226221,-0.02,3.88
26.918923411518335,-0.02,3.93
26.920377671718597,-0.02,3.93
26.92181669548154,-0.02,3.88
26.923282738775015,-0.02,3.89
26.924726258963346,-0.02,3.9
26.926197163760662,-0.02,3.96
26.92764013260603,-0.02,3.98
26.92910013347864,-0.02,4.03
26.93056270107627,-0.02,4.01
26.932000946253538,-0.02,3.95
26.93347067013383,-0.02,3.96
26.93492017686367,-0.02,3.96
26.936379484832287,-0.02,4.0
26.937823701649904,-0.02,4.0
26.939293563365936,-0.02,4.0
26.940727040171623,-0.02,3.94
26.942182455211878,-0.02,3.95
26.943651523441076,-0.02,4.01
26.945094108581543,-0.02,4.03
26.94654557481408,-0.02,4.03
26.948004312813282,-0.02,4.02
26.94945638626814,-0.02,4.02
26.950913701206446,-0.02,4.01
26.95237935706973,-0.02,4.02
26.953829642385244,-0.02,4.05
26.955288622528315,-0.02,4.09
26.956740751862526,-0.02,4.09
26.95818142965436,-0.02,4.09
26.959642697125673,-0.02,4.1
26.961106549948454,-0.02,4.15
26.962548043578863,-0.02,4.1
26.964003052562475,-0.02,4.08
26.965460166335106,-0.02,4.1
26.966920286417007,-0.02,4.08
26.96837382391095,-0.02,4.09
26.96983229368925,-0.02,4.12
26.97128250822425,-0.02,4.17
26.97274063900113,-0.02,4.18
26.97419509291649,-0.02,4.15
26.9756422303617,-0.02,4.17
26.977102037519217,-0.02,4.15
26.978546746075153,-0.02,4.12
26.980011641979218,-0.02,4.15
26.981469977647066,-0.02,4.21
26.982924807816744,-0.02,4.17
26.98437686637044,-0.02,4.15
26.985832802951336,-0.02,4.19
26.987280882894993,-0.02,4.24
26.988745748996735,-0.02,4.24
26.99018446356058,-0.02,4.2
26.991648390889168,-0.02,4.23
26.99310178682208,-0.02,4.24
26.99455640092492,-0.02,4.22
26.996018953621387,-0.02,4.2
26.997472170740366,-0.02,4.25
26.998922668397427,-0.02,4.23
27.000376630574465,-0.02,4.22
27.001827366650105,-0.02,4.27
27.003288682550192,-0.02,4.28
27.00473379343748,-0.02,4.27
27.006201773881912,-0.02,4.26
27.00765323266387,-0.02,4.24
27.009100627154112,-0.02,4.28
27.010559804737568,-0.02,4.32
27.012012649327517,-0.02,4.32
27.01346456259489,-0.02,4.31
27.01490781083703,-0.02,4.32
27.016371447592974,-0.02,4.32
27.01783349737525,-0.02,4.36
27.01926901564002,-0.02,4.34
27.020743142813444,-0.02,4.29
27.022182166576385,-0.02,4.34
27.023641370236874,-0.02,4.33
27.02510603144765,-0.02,4.33
27.026538345962763,-0.02,4.34
27.028001219034195,-0.02,4.34
27.02945913374424,-0.02,4.32
27.030912555754185,-0.02,4.28
27.032372184097767,-0.02,4.29
27.033817287534475,-0.02,4.34
27.03528131917119,-0.02,4.3
27.03673778474331,-0.02,4.27
27.038196831941605,-0.02,4.32
27.039642959833145,-0.02,4.32
27.04111210256815,-0.02,4.31
27.04256311431527,-0.02,4.34
27.04400598630309,-0.02,4.36
27.04547330364585,-0.02,4.33
27.0469558686018,-0.02,4.34
27.048365835100412,-0.02,4.35
27.04982090741396,-0.02,4.34
27.05126816406846,-0.02,4.33
27.05273710936308,-0.02,4.37
27.054198648780584,-0.02,4.39
27.055640045553446,-0.02,4.4
27.057095609605312,-0.02,4.36
27.05855879187584,-0.02,4.34
27.0600109025836,-0.02,4.37
27.06144865602255,-0.02,4.39
27.062911570072174,-0.02,4.41
27.06436452642083,-0.02,4.38
27.065818175673485,-0.02,4.36
27.067278064787388,-0.02,4.37
27.06873930618167,-0.02,4.4
27.07018320262432,-0.02,4.43
27.071638226509094,-0.02,4.37
27.073098853230476,-0.02,4.35
27.07455199584365,-0.02,4.36
27.0760120972991,-0.02,4.39
27.077462378889322,-0.02,4.45
27.07892094925046,-0.02,4.4
27.080374840646982,-0.02,4.36
27.081817097961903,-0.02,4.39
27.083273239433765,-0.02,4.4
27.084737490862608,-0.02,4.4
27.086182981729507,-0.02,4.41
27.087642434984446,-0.02,4.42
27.08908972889185,-0.02,4.41
27.090552918612957,-0.02,4.42
27.092010363936424,-0.02,4.41
27.093452114611864,-0.02,4.41
27.094904735684395,-0.02,4.43
27.096375305205584,-0.02,4.46
27.097828399389982,-0.02,4.45
27.099272541701794,-0.02,4.44
27.1007362306118,-0.02,4.44
27.102185059338808,-0.02,4.4
27.103640634566545,-0.02,4.37
27.10509106144309,-0.02,4.39
27.106539752334356,-0.02,4.4
27.107993327081203,-0.02,4.4
27.109448093920946,-0.02,4.4
27.110909584909678,-0.02,4.4
27.112366162240505,-0.02,4.39
27.11381769925356,-0.02,4.42
27.11528581380844,-0.02,4.42
27.116718877106905,-0.02,4.37
27.11818466335535,-0.02,4.38
27.11965150386095,-0.02,4.4
27.121096216142178,-0.02,4.41
27.12254737690091,-0.02,4.39
27.124000176787376,-0.02,4.39
27.125453110784292,-0.02,4.44
27.12690982967615,-0.02,4.43
27.128357004374266,-0.02,4.44
27.12981515750289,-0.02,4.46
27.131283421069384,-0.02,4.44
27.132736686617136,-0.02,4.38
27.13419061526656,-0.02,4.38
27.135631881654263,-0.02,4.41
27.137096602469683,-0.02,4.37
27.138552185148,-0.02,4.38
27.14001316949725,-0.02,4.41
27.14146089181304,-0.02,4.41
27.142913296818733,-0.02,4.4
27.14436699077487,-0.02,4.4
27.145812906324863,-0.02,4.43
27.147284001111984,-0.02,4.41
27.148736365139484,-0.02,4.42
27.150190822780132,-0.02,4.41
27.151639703661203,-0.02,4.4
27.15310475602746,-0.02,4.38
27.15455773100257,-0.02,4.37
27.15608974546194,-0.02,4.39
27.157461497932673,-0.02,4.41
27.158906489610672,-0.02,4.42
27.160369902849197,-0.02,4.39
27.16181754693389,-0.02,4.44
27.163282230496407,-0.02,4.46
27.164739467203617,-0.02,4.44
27.16618797555566,-0.02,4.44
27.167640045285225,-0.02,4.42
27.169088784605265,-0.02,4.41
27.1705508120358,-0.02,4.46
27.1720140427351,-0.02,4.49
27.173459462821484,-0.02,4.5
27.17491814121604,-0.02,4.46
27.176367975771427,-0.02,4.43
27.177824325859547,-0.02,4.47
27.179272413253784,-0.02,4.5
27.180737040936947,-0.02,4.49
27.18218881264329,-0.02,4.51
27.183644618839025,-0.02,4.53
27.18509216606617,-0.02,4.52
27.186542861163616,-0.02,4.48
27.187997303903103,-0.02,4.46
27.18946896493435,-0.02,4.46
27.190918523818254,-0.02,4.5
27.19236971437931,-0.02,4.53
27.193823628127575,-0.02,4.5
27.19527917727828,-0.02,4.51
27.196732953190804,-0.02,4.54
27.19819352775812,-0.02,4.55
27.19964513555169,-0.02,4.53
27.20109260082245,-0.02,4.52
27.20254797115922,-0.02,4.49
27.204001486301422,-0.02,4.54
27.205464500933886,-0.02,4.56
27.206911776214838,-0.02,4.57
27.20837251096964,-0.02,4.6
27.209829282015562,-0.02,4.59
27.211281564086676,-0.02,4.55
27.212739393115044,-0.02,4.57
27.214190240949392,-0.02,4.55
27.21564383804798,-0.02,4.51
27.217088114470243,-0.02,4.53
27.21855290606618,-0.02,4.56
27.21999977901578,-0.02,4.53
27.221458438783884,-0.02,4.48
27.222910281270742,-0.02,4.5
27.2243729904294,-0.02,4.5
27.225829750299454,-0.02,4.56
27.22727108001709,-0.02,4.57
27.22873366624117,-0.02,4.52
27.23018743470311,-0.02,4.5
27.231646105647087,-0.02,4.5
27.23309377580881,-0.02,4.51
27.23455084487796,-0.02,4.51
27.236010033637285,-0.02,4.46
27.237462151795626,-0.02,4.49
27.23891046270728,-0.02,4.48
27.24036080017686,-0.02,4.45
27.241822987794876,-0.02,4.47
27.243259772658348,-0.02,4.51
27.244722962379456,-0.02,4.48
27.246192175894976,-0.02,4.46
27.247634075582027,-0.02,4.48
27.24908995628357,-0.02,4.49
27.25054993107915,-0.02,4.46
27.25199142470956,-0.02,4.47
27.25346028059721,-0.02,4.47
27.254913058131933,-0.02,4.48
27.25636648759246,-0.02,4.48
27.257821161299944,-0.02,4.47
27.259271394461393,-0.02,4.48
27.26073894649744,-0.02,4.46
27.26219116523862,-0.02,4.46
27.26363541930914,-0.02,4.45
27.265084017068148,-0.02,4.48
27.266548968851566,-0.02,4.48
27.268003199249506,-0.02,4.46
27.269450299441814,-0.02,4.47
27.270919505506754,-0.02,4.51
27.27236320450902,-0.02,4.5
27.273828148841858,-0.02,4.5
27.275280509144068,-0.02,4.49
27.27672804147005,-0.02,4.54
27.278192844241858,-0.02,4.51
27.279649145901203,-0.02,4.5
27.281099032610655,-0.02,4.54
27.28255097940564,-0.02,4.56
27.284004148095846,-0.02,4.6
27.285458609461784,-0.02,4.58
27.286909375339746,-0.02,4.53
27.288366585969925,-0.02,4.55
27.289829958230257,-0.02,4.53
27.291283067315817,-0.02,4.54
27.292735248804092,-0.02,4.53
27.294192649424076,-0.02,4.58
27.29563931003213,-0.02,4.58
27.297089837491512,-0.02,4.55
27.29854916036129,-0.02,4.62
27.299995504319668,-0.02,4.62
27.30146122723818,-0.02,4.58
27.302914269268513,-0.02,4.57
27.304368380457163,-0.02,4.55
27.305824037641287,-0.02,4.57
27.30728032067418,-0.02,4.57
27.308729499578476,-0.02,4.55
27.310192830860615,-0.02,4.56
27.311644308269024,-0.02,4.57
27.313092533499002,-0.02,4.58
27.31455096229911,-0.02,4.56
27.31599861010909,-0.02,4.56
27.3174663297832,-0.02,4.58
27.318919327110052,-0.03,4.64
27.320365846157074,-0.03,4.66
27.32181939855218,-0.03,4.65
27.32327651977539,-0.02,4.62
27.32473197951913,-0.02,4.63
27.326191648840904,-0.03,4.69
27.327647261321545,-0.02,4.71
27.329104144126177,-0.03,4.67
27.33055456355214,-0.03,4.68
27.332014564424753,-0.03,4.67
27.333454936742783,-0.02,4.66
27.33490576222539,-0.02,4.67
27.336374260485172,-0.02,4.69
27.337813891470432,-0.02,4.7
27.3392780944705,-0.02,4.68
27.340731345117092,-0.02,4.66
27.34219380095601,-0.02,4.71
27.343646842986345,-0.02,4.7
27.345102407038212,-0.02,4.71
27.34654377773404,-0.02,4.76
27.348002523183823,-0.02,4.72
27.349459018558264,-0.02,4.73
27.350920729339123,-0.02,4.72
27.352361258119345,-0.02,4.75
27.35382855311036,-0.02,4.79
27.35527666285634,-0.02,4.78
27.35673850774765,-0.02,4.77
27.358191903680563,-0.03,4.81
27.35964621976018,-0.02,4.79
27.36110207438469,-0.02,4.79
27.36254756897688,-0.02,4.82
27.364006608724594,-0.02,4.88
27.365461573004723,-0.02,4.87
27.366905637085438,-0.02,4.81
27.36836563423276,-0.02,4.82
27.369822937995195,-0.02,4.84
27.371269304305315,-0.02,4.86
27.3727320805192,-0.02,4.85
27.374178364872932,-0.02,4.88
27.375626754015684,-0.02,4.86
27.377096198499203,-0.02,4.88
27.378554694354534,-0.02,4.91
27.379999577999115,-0.02,4.92
27.38146448135376,-0.02,4.9
27.382919050753117,-0.02,4.95
27.384353406727314,-0.02,4.96
27.385816678404808,-0.02,4.98
27.387272745370865,-0.02,4.98
27.388727359473705,-0.02,4.97
27.390176843851805,-0.02,4.95
27.39163603261113,-0.02,4.96
27.393095657229424,-0.03,4.99
27.394549433141947,-0.02,5.01
27.39599410071969,-0.02,5.03
27.397459141910076,-0.02,5.08
27.398902028799057,-0.02,5.09
27.400365188717842,-0.02,5.09
27.401824299246073,-0.02,5.1
27.40327299013734,-0.02,5.09
27.40473948791623,-0.02,5.09
27.40619819238782,-0.03,5.11
27.40764233469963,-0.03,5.12
27.409100972115993,-0.02,5.11
27.410545896738768,-0.02,5.15
27.41200464591384,-0.02,5.17
27.413468327373266,-0.03,5.15
27.414910949766636,-0.03,5.17
27.41637159511447,-0.03,5.17
27.41781746596098,-0.02,5.18
27.419277001172304,-0.03,5.17
27.420734856277704,-0.02,5.19
27.422170516103506,-0.02,5.21
27.423645678907633,-0.02,5.25
27.425104398280382,-0.03,5.26
27.426561940461397,-0.03,5.24
27.428009547293186,-0.03,5.23
27.429456237703562,-0.03,5.27
27.430917218327522,-0.02,5.3
27.432365123182535,-0.02,5.29
27.433829177170992,-0.02,5.28
27.435278806835413,-0.02,5.32
27.436725091189146,-0.02,5.31
27.43819458782673,-0.02,5.34
27.439642272889614,-0.03,5.33
27.44108735397458,-0.02,5.39
27.442545782774687,-0.02,5.45
27.444006461650133,-0.03,5.45
27.44546463340521,-0.02,5.45
27.44691549614072,-0.02,5.45
27.448364347219467,-0.02,5.44
27.44981800764799,-0.02,5.43
27.451269280165434,-0.02,5.47
27.452722616493702,-0.03,5.44
27.45419518649578,-0.03,5.48
27.455651689320803,-0.03,5.49
27.457112427800894,-0.03,5.48
27.458558157086372,-0.02,5.47
27.46001736819744,-0.03,5.5
27.461455192416906,-0.03,5.54
27.462911870330572,-0.02,5.57
27.46436869725585,-0.02,5.56
27.465834356844425,-0.02,5.57
27.467282012104988,-0.02,5.6
27.46873716264963,-0.02,5.6
27.470195416361094,-0.03,5.59
27.47164113074541,-0.03,5.56
27.47309349477291,-0.03,5.6
27.47454748302698,-0.03,5.64
27.4760021828115,-0.03,5.62
27.47746579349041,-0.03,5.66
27.478910639882088,-0.03,5.7
27.480359587818384,-0.03,5.73
27.481820408254862,-0.03,5.74
27.483275290578604,-0.03,5.74
27.484735134989023,-0.03,5.74
27.48618285357952,-0.03,5.73
27.487639244645834,-0.03,5.77
27.489094588905573,-0.03,5.8
27.49054515734315,-0.03,5.8
27.492008563131094,-0.03,5.81
27.493464149534702,-0.03,5.8
27.494919918477535,-0.03,5.81
27.496363278478384,-0.03,5.84
27.4978149831295,-0.03,5.84
27.499275770038366,-0.03,5.85
27.50072856247425,-0.03,5.85
27.50219362601638,-0.03,5.84
27.50363540649414,-0.03,5.83
27.505107313394547,-0.03,5.87
27.50655957311392,-0.03,5.9
27.508015301078558,-0.03,5.89
27.509469334036112,-0.03,5.91
27.5109185539186,-0.03,5.91
27.51236116141081,-0.03,5.9
27.513826865702868,-0.03,5.91
27.51528587564826,-0.03,5.93
27.51674460619688,-0.03,5.95
27.518197413533926,-0.03,5.98
27.51964584738016,-0.03,5.97
27.521087989211082,-0.03,5.98
27.522556360810995,-0.03,6.04
27.524004872888327,-0.03,6.04
27.525453325361013,-0.03,6.02
27.52691065147519,-0.03,6.02
27.528374578803778,-0.03,6.01
27.529824052006006,-0.03,6.06
27.531271282583475,-0.03,6.04
27.532719012349844,-0.03,6.03
27.53417268395424,-0.03,6.04
27.535645850002766,-0.03,6.05
27.537095960229635,-0.03,6.08
27.538542591035366,-0.03,6.1
27.54000862687826,-0.03,6.08
27.541454792022705,-0.03,6.1
27.542919725179672,-0.03,6.13
27.544376619160175,-0.03,6.13
27.545822087675333,-0.03,6.11
27.547279216349125,-0.03,6.13
27.548735950142145,-0.03,6.16
27.550176300108433,-0.03,6.15
27.551640413701534,-0.03,6.14
27.553112916648388,-0.03,6.18
27.554542187601328,-0.03,6.18
27.556011851876974,-0.03,6.19
27.557451494038105,-0.03,6.24
27.558913599699736,-0.03,6.28
27.560370944440365,-0.03,6.29
27.56182599812746,-0.03,6.29
27.5632839538157,-0.03,6.27
27.5647297129035,-0.03,6.22
27.5661748200655,-0.03,6.28
27.567638222128153,-0.03,6.34
27.569105204194784,-0.03,6.32
27.570551190525293,-0.03,6.31
27.57200224325061,-0.03,6.36
27.573460586369038,-0.03,6.41
27.574909150600433,-0.03,6.43
27.576371282339096,-0.03,6.4
27.57782392203808,-0.03,6.39
27.579281125217676,-0.03,6.42
27.580730691552162,-0.03,6.47
27.58219450712204,-0.03,6.44
27.583642207086086,-0.03,6.43
27.585097271949053,-0.03,6.44
27.586544774472713,-0.03,6.46
27.588000360876322,-0.03,6.46
27.58946454897523,-0.03,6.46
27.590917967259884,-0.03,6.5
27.592367962002754,-0.03,6.54
27.593827538192272,-0.03,6.51
27.59528475254774,-0.03,6.5
27.59674046933651,-0.03,6.5
27.59818162024021,-0.03,6.55
27.599642373621464,-0.03,6.55
27.601105447858572,-0.03,6.57
27.602561701089144,-0.03,6.64
27.60400027036667,-0.03,6.64
27.605468343943357,-0.03,6.61
27.606911707669497,-0.03,6.68
27.608388368040323,-0.03,6.68
27.609824310988188,-0.03,6.64
27.611277796328068,-0.03,6.65
27.612730834633112,-0.03,6.71
27.614175647497177,-0.03,6.68
27.615636367350817,-0.03,6.67
27.61710562929511,-0.03,6.68
27.618560936301947,-0.03,6.71
27.620015282183886,-0.03,6.71
27.621459934860468,-0.03,6.71
27.622910235077143,-0.03,6.76
27.62436442449689,-0.03,6.76
27.625822637230158,-0.03,6.74
27.62728665024042,-0.03,6.77
27.628726303577423,-0.03,6.77
27.63020258769393,-0.03,6.79
27.631637569516897,-0.03,6.81
27.633101113140583,-0.03,6.76
27.63455980271101,-0.03,6.73
27.636012498289347,-0.03,6.78
27.637461181730032,-0.03,6.78
27.63891949132085,-0.03,6.78
27.640368282794952,-0.03,6.84
27.641826402395964,-0.03,6.83
27.643274683505297,-0.03,6.79
27.644734479486942,-0.03,6.8
27.646173622459173,-0.03,6.84
27.64764827862382,-0.03,6.83
27.649099983274937,-0.03,6.82
27.65055575221777,-0.03,6.83
27.652012139558792,-0.03,6.85
27.653462506830692,-0.03,6.84
27.65491607040167,-0.03,6.81
27.656364999711514,-0.03,6.84
27.657821744680405,-0.03,6.86
27.65928314626217,-0.03,6.87
27.660739243030548,-0.03,6.9
27.662185583263636,-0.03,6.86
27.663641028106213,-0.03,6.88
27.66510470956564,-0.03,6.93
27.66655759885907,-0.03,6.9
27.668007645756006,-0.03,6.9
27.669450104236603,-0.03,6.92
27.670915998518467,-0.03,6.9
27.672361463308334,-0.03,6.95
27.673826590180397,-0.03,6.98
27.675281427800655,-0.03,6.96
27.676735907793045,-0.03,6.97
27.678181648254395,-0.03,6.99
27.67965256050229,-0.03,6.97
27.68109629303217,-0.03,6.97
27.68255713582039,-0.03,6.95
27.684015311300755,-0.03,6.93
27.68547124043107,-0.03,6.93
27.68693981319666,-0.03,6.95
27.688371039927006,-0.03,6.95
27.68984292447567,-0.03,6.94
27.69128142297268,-0.03,6.95
27.692779507488012,-0.03,6.96
27.69418888911605,-0.03,6.96
27.69564190879464,-0.03,6.97
27.697106026113033,-0.03,6.96
27.698562052100897,-0.03,6.98
27.70000533014536,-0.03,7.03
27.701457045972347,-0.03,7.05
27.70291218906641,-0.03,7.05
27.704376973211765,-0.03,7.06
27.7058212608099,-0.03,7.03
27.70728588849306,-0.03,7.04
27.70874262228608,-0.03,7.03
27.71017974987626,-0.04,7.07
27.7116421982646,-0.03,7.1
27.71310819685459,-0.03,7.11
27.71455018594861,-0.03,7.12
27.71600753441453,-0.03,7.1
27.717459976673126,-0.03,7.07
27.71891237050295,-0.03,7.11
27.720377761870623,-0.04,7.13
27.72183058410883,-0.04,7.12
27.72328333929181,-0.03,7.13
27.72472882270813,-0.03,7.16
27.72617730498314,-0.03,7.17
27.72764950618148,-0.04,7.12
27.729094840586185,-0.04,7.11
27.730553951114416,-0.04,7.09
27.732003949582577,-0.04,7.13
27.73345724120736,-0.04,7.15
27.734923250973225,-0.04,7.17
27.73637806624174,-0.04,7.14
27.737835738807917,-0.04,7.12
27.739284932613373,-0.04,7.11
27.7407361343503,-0.04,7.16
27.742202267050743,-0.04,7.14
27.74364759027958,-0.04,7.14
27.745115254074335,-0.04,7.15
27.74655643850565,-0.04,7.16
27.748020827770233,-0.04,7.12
27.749470565468073,-0.04,7.14
27.750917349010706,-0.04,7.15
27.752371791750193,-0.04,7.18
27.753838196396828,-0.04,7.18
27.755284070968628,-0.04,7.2
27.75673410668969,-0.04,7.16
27.758194018155336,-0.04,7.15
27.759637661278248,-0.04,7.21
27.76110253483057,-0.04,7.2
27.762556556612253,-0.04,7.16
27.764015901833773,-0.04,7.16
27.765478305518627,-0.04,7.17
27.766924791038036,-0.04,7.19
27.768371865153313,-0.04,7.19
27.769828114658594,-0.04,7.18
27.771291080862284,-0.04,7.19
27.772742196917534,-0.04,7.19
27.774181965738535,-0.04,7.19
27.77565310150385,-0.04,7.22
27.777103252708912,-0.04,7.22
27.77855795249343,-0.04,7.22
27.780010748654604,-0.04,7.18
27.781465269625187,-0.04,7.14
27.78291216492653,-0.04,7.12
27.784373935312033,-0.04,7.18
27.78582802042365,-0.04,7.18
27.787288412451744,-0.04,7.17
27.788744185119867,-0.04,7.2
27.790201548486948,-0.04,7.22
27.791644979268312,-0.04,7.15
27.79310078546405,-0.04,7.1
27.79455539956689,-0.04,7.15
27.79599856212735,-0.04,7.19
27.797462698072195,-0.04,7.13
27.79891476780176,-0.04,7.12
27.80037445574999,-0.04,7.16
27.80183032900095,-0.03,7.2
27.80328018590808,-0.03,7.21
27.804742500185966,-0.04,7.18
27.806178476661444,-0.04,7.14
27.80765075981617,-0.04,7.16
27.80908866599202,-0.04,7.2
27.81054663285613,-0.04,7.23
27.81201722472906,-0.04,7.21
27.813457295298576,-0.04,7.17
27.814937014132738,-0.04,7.17
27.81636879220605,-0.04,7.18
27.81783476099372,-0.04,7.23
27.819280084222555,-0.04,7.22
27.820736225694418,-0.04,7.18
27.82218749448657,-0.04,7.26
27.82364360243082,-0.04,7.28
27.825095482170582,-0.04,7.21
27.82656141743064,-0.04,7.19
27.82801202684641,-0.04,7.2
27.82946216315031,-0.04,7.23
27.83091325685382,-0.04,7.24
27.832371555268764,-0.04,7.24
27.83383310213685,-0.04,7.26
27.83528432622552,-0.04,7.26
27.83673958852887,-0.04,7.27
27.838187526911497,-0.04,7.31
27.83964955061674,-0.03,7.3
27.841105546802282,-0.03,7.28
27.842556908726692,-0.04,7.29
27.84400498867035,-0.04,7.32
27.84547098726034,-0.03,7.3
27.846914742141962,-0.04,7.3
27.848375134170055,-0.04,7.31
27.84982230886817,-0.03,7.32
27.851275820285082,-0.03,7.29
27.85272890329361,-0.03,7.28
27.85420523583889,-0.03,7.3
27.85564511269331,-0.03,7.33
27.857103992253542,-0.04,7.37
27.858555138111115,-0.04,7.35
27.860002994537354,-0.03,7.34
27.86146767064929,-0.03,7.31
27.862914249300957,-0.04,7.3
27.86437027901411,-0.04,7.34
27.86583473160863,-0.04,7.33
27.86727549508214,-0.04,7.3
27.868728064000607,-0.03,7.33
27.870190870016813,-0.04,7.32
27.871647622436285,-0.04,7.33
27.873101457953453,-0.04,7.31
27.874559476971626,-0.04,7.28
27.876011662185192,-0.04,7.32
27.877469152212143,-0.03,7.33
27.878922328352928,-0.03,7.28
27.880380548536777,-0.04,7.31
27.881829038262367,-0.04,7.29
27.883287627249956,-0.04,7.29
27.884741507470608,-0.03,7.33
27.886183377355337,-0.04,7.31
27.88764899969101,-0.03,7.32
27.889097347855568,-0.03,7.28
27.890557050704956,-0.03,7.28
27.89200535789132,-0.03,7.27
27.893449660390615,-0.03,7.26
27.894915472716093,-0.03,7.21
27.8963670656085,-0.04,7.24
27.89781789854169,-0.04,7.26
27.89926564693451,-0.04,7.28
27.900726594030857,-0.04,7.26
27.902184180915356,-0.04,7.26
27.903633292764425,-0.04,7.26
27.90509245544672,-0.04,7.26
27.906546618789434,-0.04,7.25
27.90798780322075,-0.04,7.25
27.909448970109224,-0.04,7.25
27.910894069820642,-0.03,7.25
27.912362314760685,-0.04,7.24
27.913814816623926,-0.04,7.25
27.915276654064655,-0.04,7.25
27.91672343760729,-0.04,7.25
27.918180495500565,-0.04,7.25
27.919628400355577,-0.04,7.24
27.921091981232166,-0.04,7.22
27.92254351451993,-0.03,7.21
27.923997465521097,-0.03,7.26
27.92545720934868,-0.03,7.27
27.926902879029512,-0.03,7.25
27.928367882966995,-0.03,7.24
27.929818734526634,-0.03,7.25
27.93127116933465,-0.03,7.24
27.932727992534637,-0.03,7.23
27.93417878076434,-0.03,7.24
27.93564547598362,-0.03,7.23
27.93709547072649,-0.03,7.19
27.938547231256962,-0.03,7.16
27.939994119107723,-0.03,7.15
27.94145791232586,-0.03,7.2
27.942919213324785,-0.03,7.18
27.944350108504295,-0.03,7.16
27.945803809911013,-0.03,7.18
27.947265081107616,-0.03,7.17
27.948731496930122,-0.03,7.16
27.95017547532916,-0.03,7.11
27.95162884145975,-0.03,7.14
27.953088600188494,-0.03,7.15
27.954534891992807,-0.03,7.15
27.956000842154026,-0.03,7.13
27.957458574324846,-0.03,7.12
27.95890484750271,-0.03,7.09
27.96034561470151,-0.03,7.08
27.96181457489729,-0.03,7.1
27.963277608156204,-0.03,7.12
27.9647286683321,-0.03,7.12
27.96618067845702,-0.03,7.11
27.96763564646244,-0.03,7.11
27.96908725053072,-0.03,7.05
27.97054548561573,-0.03,7.02
27.971996821463108,-0.03,7.03
27.973447635769844,-0.03,7.03
27.974894404411316,-0.03,7.03
27.976362504065037,-0.03,7.02
27.977806456387043,-0.03,7.01
27.97926600277424,-0.03,7.0
27.98071200400591,-0.03,7.03
27.982171691954136,-0.03,7.08
27.983635190874338,-0.03,7.06
27.98507022485137,-0.03,7.0
27.986528031527996,-0.03,6.99
27.987984783947468,-0.03,7.04
27.989440727978945,-0.03,7.02
27.990895368158817,-0.03,7.04
27.99235251918435,-0.03,7.04
27.993797075003386,-0.03,7.05
27.995263922959566,-0.03,7.02
27.99671509861946,-0.03,6.96
27.998173620551825,-0.03,6.92
27.999630600214005,-0.03,7.01
28.001078631728888,-0.03,7.02
28.002528354525566,-0.03,6.98
28.00399261340499,-0.03,6.98
28.005442138761282,-0.03,7.01
28.006893500685692,-0.03,7.0
28.008347157388926,-0.03,6.99
28.009807862341404,-0.03,6.96
28.01126455143094,-0.03,6.93
28.012721568346024,-0.03,6.97
28.014171358197927,-0.03,6.99
28.015634294599295,-0.03,7.0
28.017081785947084,-0.03,6.95
28.01853521540761,-0.03,6.95
28.019985519349575,-0.03,6.92
28.021435741335154,-0.03,6.94
28.022896498441696,-0.03,6.94
28.024348456412554,-0.03,6.92
28.025804586708546,-0.03,6.94
28.027261551469564,-0.03,6.92
28.028712440282106,-0.03,6.92
28.030167534947395,-0.03,6.91
28.031637467443943,-0.03,6.91
28.0330789424479,-0.03,6.91
28.034542322158813,-0.03,6.89
28.03598877042532,-0.03,6.89
28.037441104650497,-0.03,6.88
28.038898549973965,-0.03,6.91
28.040344905108213,-0.03,6.93
28.041813146322966,-0.03,6.9
28.04325534775853,-0.03,6.87
28.044715620577335,-0.03,6.86
28.04617638513446,-0.03,6.83
28.047630701214075,-0.03,6.88
28.04907876253128,-0.03,6.86
28.050529722124338,-0.03,6.86
28.051984641700983,-0.03,6.85
28.053451843559742,-0.03,6.82
28.05490155145526,-0.03,6.81
28.056355204433203,-0.02,6.84
28.057808723300695,-0.03,6.85
28.059260718524456,-0.03,6.83
28.060711678117514,-0.03,6.81
28.06216960400343,-0.03,6.81
28.063677914440632,-0.03,6.83
28.065081868320704,-0.03,6.86
28.06653583049774,-0.03,6.86
28.0679826810956,-0.03,6.85
28.069441571831703,-0.03,6.8
28.070887602865696,-0.03,6.78
28.072350952774286,-0.03,6.78
28.07380887493491,-0.02,6.82
28.075261749327183,-0.03,6.79
28.076706618070602,-0.03,6.76
28.078178349882364,-0.03,6.75
28.07963378354907,-0.02,6.77
28.081086684018373,-0.02,6.75
28.082539845257998,-0.02,6.79
28.08398813381791,-0.02,6.81
28.085440177470446,-0.02,6.78
28.08689421787858,-0.02,6.76
28.08835992962122,-0.03,6.78
28.08979857340455,-0.02,6.8
28.091259747743607,-0.02,6.79
28.092718571424484,-0.02,6.75
28.09416813030839,-0.02,6.69
28.095615163445473,-0.02,6.7
28.097074657678604,-0.03,6.69
28.09853045642376,-0.02,6.7
28.099987361580133,-0.02,6.71
28.10144082084298,-0.02,6.69
28.102903429418802,-0.03,6.71
28.104347322136164,-0.02,6.7
28.10581225901842,-0.02,6.69
28.107251074165106,-0.02,6.7
28.10872260481119,-0.03,6.72
28.11017131060362,-0.03,6.7
28.111621737480164,-0.03,6.65
28.113073144108057,-0.02,6.66
28.114530686289072,-0.02,6.66
28.115982864052057,-0.02,6.68
28.117447789758444,-0.02,6.68
28.118895336985588,-0.03,6.66
28.12035220861435,-0.03,6.66
28.121812280267477,-0.03,6.62
28.123271837830544,-0.03,6.6
28.12471681088209,-0.02,6.61
28.126171857118607,-0.02,6.6
28.12761528044939,-0.02,6.58
28.129075530916452,-0.02,6.59
28.130532924085855,-0.02,6.61
28.13198931887746,-0.02,6.59
28.133450880646706,-0.02,6.59
28.134903341531754,-0.03,6.58
28.136354591697454,-0.03,6.6
28.137802246958017,-0.02,6.59
28.13926736265421,-0.02,6.58
28.140718802809715,-0.02,6.55
28.142172936350107,-0.02,6.57
28.14362943917513,-0.03,6.56
28.145093895494938,-0.03,6.57
28.146541252732277,-0.03,6.58
28.147986255586147,-0.02,6.57
28.14944154024124,-0.02,6.55
28.15088937431574,-0.03,6.53
28.1523481272161,-0.02,6.53
28.153794802725315,-0.03,6.52
28.155260361731052,-0.02,6.55
28.156718619167805,-0.02,6.57
28.158169645816088,-0.02,6.54
28.15960818529129,-0.03,6.55
28.161084562540054,-0.03,6.54
28.162529963999987,-0.03,6.52
28.163990542292595,-0.03,6.5
28.16543857753277,-0.02,6.51
28.166891008615494,-0.02,6.48
28.16835692897439,-0.02,6.5
28.16980779543519,-0.02,6.47
28.171250946819782,-0.02,6.43
28.17271576821804,-0.02,6.49
28.174168344587088,-0.02,6.51
28.17562522739172,-0.02,6.52
28.177074637264013,-0.02,6.52
28.178529784083366,-0.02,6.51
28.179989278316498,-0.02,6.49
28.181442119181156,-0.02,6.52
28.182896308600903,-0.02,6.51
28.184353671967983,-0.02,6.46
28.185800962150097,-0.02,6.46
28.187260687351227,-0.02,6.49
28.18871671333909,-0.02,6.54
28.190168969333172,-0.02,6.53
28.19161219149828,-0.02,6.5
28.193089932203293,-0.02,6.47
28.19453151151538,-0.02,6.48
28.19597752019763,-0.02,6.46
28.197444934397936,-0.02,6.48
28.19889622926712,-0.02,6.47
28.200356487184763,-0.03,6.51
28.2018087990582,-0.02,6.47
28.203281052410603,-0.02,6.47
28.204722303897142,-0.02,6.47
28.206166826188564,-0.02,6.44
28.207611575722694,-0.02,6.47
28.209060460329056,-0.02,6.49
28.210536424070597,-0.02,6.5
28.211981903761625,-0.02,6.53
28.213438387960196,-0.02,6.51
28.21490529179573,-0.02,6.5
28.21635591238737,-0.02,6.48
28.21780237555504,-0.02,6.52
28.2192661203444,-0.02,6.5
28.22071862220764,-0.02,6.5
28.222173012793064,-0.02,6.53
28.223609436303377,-0.02,6.5
28.225078273564577,-0.02,6.48
28.226529203355312,-0.02,6.5
28.22797752916813,-0.02,6.55
28.229441829025745,-0.02,6.54
28.23089813068509,-0.02,6.53
28.2323554828763,-0.02,6.54
28.23380571603775,0.09,6.54
28.2352589443326,0.37,6.52
28.236711882054806,0.5,6.47
28.238160904496908,0.66,6.46
28.239617314189672,0.65,6.5
28.24106778949499,0.29,6.53
28.242519941180944,0.47,6.51
28.24397525191307,1.61,6.45
28.245443984866142,3.69,6.43
28.246883887797594,6.51,6.46
28.248346861451864,9.53,6.46
28.2498038969934,12.86,6.45
28.25124739855528,14.91,6.43
28.252711672335863,13.2,6.42
28.254172269254923,11.55,6.44
28.25561698526144,11.12,6.47
28.257076535373926,9.82,6.49
28.2585341706872,7.18,6.46
28.25998705253005,4.64,6.46
28.261431585997343,3.77,6.47
28.26290039718151,3.44,6.45
28.264349538832903,2.3,6.45
28.265803761780262,1.58,6.41
28.26724787428975,1.64,6.42
28.268716227263212,1.68,6.44
28.270169988274574,1.39,6.44
28.271622963249683,1.08,6.47
28.273081451654434,0.83,6.45
28.27452190592885,0.65,6.43
28.275985524058342,0.61,6.43
28.277434788644314,0.75,6.44
28.278884429484606,0.9,6.46
28.280346907675266,1.08,6.47
28.28180393949151,1.13,6.48
28.283249206840992,1.16,6.48
28.284706130623817,1.21,6.44
28.286159057170153,1.36,6.46
28.287627398967743,1.42,6.46
28.289076171815395,1.45,6.44
28.29052421078086,1.59,6.4
28.291978906840086,1.75,6.42
28.293431259691715,1.89,6.47
28.294891364872456,2.0,6.46
28.296351302415133,2.18,6.4
28.29779963567853,2.46,6.36
28.29926349967718,2.68,6.33
28.30070224776864,2.69,6.33
28.302173785865307,2.58,6.33
28.30361132323742,2.49,6.32
28.305079877376556,2.4,6.34
28.306515887379646,2.24,6.36
28.307979345321655,2.07,6.39
28.309443056583405,1.99,6.36
28.310900554060936,1.99,6.34
28.31235710531473,2.0,6.34
28.313788577914238,1.85,6.35
28.315249994397163,1.48,6.34
28.316701024770737,1.5,6.31
28.318165242671967,1.81,6.33
28.319617684930563,1.97,6.31
28.321080908179283,1.44,6.28
28.32253360375762,0.27,6.34
28.323978520929813,-0.04,6.35
28.325435753911734,-0.03,6.32
28.326895132660866,-0.03,6.35
28.32835006341338,-0.03,6.39
28.329809200018644,-0.03,6.37
28.331254981458187,-0.02,6.38
28.332711420953274,-0.02,6.31
28.334160163998604,-0.02,6.29
28.33561173826456,-0.02,6.32
28.33708033710718,-0.02,6.33
28.33852930739522,-0.02,6.32
28.33997755870223,-0.02,6.31
28.341437730938196,-0.02,6.37
28.342881862074137,-0.02,6.42
28.344352945685387,-0.02,6.33
28.345796160399914,-0.02,6.28
28.347256686538458,-0.02,6.31
28.348712846636772,-0.02,6.32
28.35017154365778,-0.02,6.33
28.35162866860628,-0.02,6.34
28.35306629166007,-0.02,6.34
28.354537073522806,-0.02,6.29
28.355978038161993,-0.02,6.33
28.357430778443813,-0.02,6.35
28.35889881104231,-0.02,6.34
28.36033219844103,-0.02,6.34
28.361811984330416,-0.02,6.32
28.3632524125278,-0.02,6.29
28.36469531059265,-0.02,6.31
28.366157863289118,-0.02,6.31
28.36761561408639,-0.02,6.37
28.369067046791315,-0.02,6.36
28.37053867429495,-0.02,6.36
28.371982984244823,-0.02,6.37
28.37343478575349,-0.02,6.36
28.374884258955717,-0.02,6.34
28.376349426805973,-0.02,6.33
28.3777959048748,-0.02,6.35
28.379248213022947,-0.02,6.35
28.380718607455492,-0.03,6.39
28.382170375436544,-0.02,6.4
28.383620355278254,-0.02,6.43
28.385066762566566,-0.02,6.39
28.386533081531525,-0.03,6.36
28.387981057167053,-0.03,6.33
28.38943073898554,-0.03,6.36
28.390884943306446,0.05,6.39
28.39233899116516,0.24,6.39
28.393795147538185,0.33,6.39
28.395254459232092,0.9,6.41
28.396705962717533,1.55,6.42
28.398163869976997,1.49,6.34
28.39962238818407,1.32,6.37
28.4010669849813,1.35,6.41
28.402532067149878,1.4,6.43
28.403985884040594,0.84,6.47
28.405429486185312,0.19,6.46
28.40689344331622,-0.01,6.48
28.408328287303448,0.03,6.47
28.40979729965329,0.52,6.48
28.41125189512968,1.37,6.5
28.41271109506488,1.71,6.49
28.414170511066914,1.39,6.48
28.41561496257782,1.41,6.48
28.41707142814994,1.47,6.5
28.418521009385586,1.41,6.51
28.4199755564332,1.23,6.51
28.421441167593002,1.01,6.54
28.42289324104786,0.97,6.55
28.424331232905388,1.13,6.54
28.425802174955606,1.33,6.57
28.427247941493988,1.45,6.55
28.428701728582382,1.18,6.57
28.4301640316844,0.92,6.61
28.431619945913553,0.67,6.59
28.43306626752019,0.51,6.55
28.434530682861805,0.47,6.54
28.43598321452737,0.42,6.57
28.4374384470284,0.37,6.54
28.438877310603857,0.26,6.53
28.44033446535468,0.15,6.56
28.441795375198126,0.07,6.57
28.443258218467236,0.0,6.59
28.44470578804612,-0.01,6.58
28.446157418191433,-0.02,6.6
28.44761224463582,-0.03,6.6
28.44907171651721,-0.02,6.58
28.450528416782618,-0.0,6.56
28.451972130686045,0.0,6.59
28.45343243703246,0.01,6.59
28.454907171428204,0.02,6.62
28.456329960376024,0.01,6.59
28.457803033292294,-0.0,6.59
28.459253571927547,0.0,6.59
28.460702005773783,-0.0,6.6
28.46215369924903,0.0,6.61
28.46362181380391,-0.02,6.6
28.465068586170673,-0.04,6.59
28.466523975133896,-0.04,6.69
28.467983193695545,-0.04,6.7
28.469441901892424,-0.0,6.65
28.470883775502443,0.03,6.67
28.47233047708869,0.07,6.68
28.473793290555477,0.21,6.62
28.47524507343769,0.15,6.61
28.47670040279627,0.13,6.68
28.47814652696252,0.25,6.64
28.479603581130505,0.17,6.62
28.48106401413679,0.06,6.63
28.482521142810583,-0.01,6.65
28.48396646231413,-0.03,6.61
28.485423807054758,-0.02,6.61
28.486881110817194,0.04,6.62
28.48832628875971,0.12,6.61
28.489790629595518,0.14,6.66
28.491244964301586,0.14,6.63
28.49269850552082,0.14,6.63
28.494162052869797,0.2,6.62
28.495603147894144,0.27,6.65
28.49705482274294,0.33,6.64
28.498518969863653,0.38,6.61
28.499964021146297,0.41,6.61
28.50142240896821,0.45,6.58
28.502865571528673,0.43,6.58
28.504341956228018,0.44,6.59
28.505788788199425,0.51,6.56
28.507245272397995,0.48,6.57
28.50869693234563,0.48,6.61
28.51014732196927,0.46,6.6
28.511592652648687,0.41,6.59
28.513041205704212,0.46,6.55
28.514504320919514,0.52,6.57
28.51595313847065,0.5,6.58
28.5174181163311,0.41,6.61
28.51886945590377,0.24,6.66
28.52031960338354,0.05,6.62
28.521782103925943,0.01,6.61
28.523244250565767,0.03,6.63
28.524679258465767,0.12,6.6
28.526136808097363,0.28,6.57
28.527592286467552,0.4,6.55
28.529038548469543,0.34,6.56
28.53050295263529,0.3,6.55
28.531955864280462,0.27,6.51
28.533409126102924,0.24,6.54
28.53486205637455,0.3,6.54
28.536327950656414,0.46,6.52
28.5377655364573,0.61,6.58
28.53923698887229,0.72,6.55
28.54068987071514,0.77,6.53
28.542137172073126,0.84,6.56
28.543605245649815,0.92,6.56
28.545119497925043,0.95,6.51
28.546506348997355,1.03,6.52
28.547954309731722,1.09,6.5
28.549417678266764,1.13,6.54
28.550870284438133,1.13,6.58
28.55231936648488,1.15,6.56
28.553766880184412,1.12,6.54
28.555226135998964,1.2,6.51
28.556674502789974,1.36,6.53
28.558126363903284,1.48,6.54
28.559594228863716,1.5,6.48
28.561047300696373,1.52,6.47
28.56250601261854,1.51,6.46
28.56394663453102,1.44,6.48
28.565408945083618,1.37,6.49
28.566864289343357,1.31,6.49
28.56832081079483,1.15,6.49
28.569763138890266,1.12,6.5
28.571222636848688,1.14,6.48
28.572678942233324,1.15,6.48
28.57412713393569,1.14,6.48
28.57558450847864,1.1,6.5
28.577051647007465,1.12,6.46
28.578501991927624,1.2,6.46
28.579953491687775,1.27,6.44
28.58140103518963,1.29,6.41
28.582869108766317,1.29,6.43
28.584316469728947,1.23,6.42
28.58576439321041,1.17,6.42
28.587232269346714,1.12,6.39
28.588684991002083,1.14,6.4
28.590136859565973,1.15,6.4
28.591588027775288,1.14,6.35
28.593042701482773,1.13,6.41
28.59449017047882,1.11,6.4
28.595956776291132,1.08,6.38
28.59741050004959,1.08,6.39
28.598860442638397,1.13,6.41
28.600317120552063,1.15,6.42
28.601777851581573,1.16,6.42
28.603230759501457,1.2,6.41
28.604670133441687,1.2,6.44
28.60613325238228,1.16,6.44
28.607593700289726,1.16,6.4
28.609036836773157,1.14,6.4
28.61049697548151,1.11,6.42
28.611948773264885,1.29,6.38
28.613408267498016,1.42,6.36
28.614867854863405,1.37,6.34
28.6163185313344,1.22,6.35
28.6177677847445,1.07,6.39
28.619219854474068,1.19,6.39
28.620677523314953,1.29,6.38
28.622128568589687,1.15,6.34
28.623592618852854,1.13,6.34
28.625046242028475,1.3,6.31
28.626492127776146,1.38,6.31
28.627961304038763,1.36,6.28
28.629410803318024,1.27,6.3
28.63086611032486,1.31,6.32
28.632320024073124,1.38,6.28
28.633761074393988,1.34,6.25
28.635221287608147,1.25,6.3
28.636673249304295,1.2,6.29
28.638134848326445,1.2,6.27
28.63957814872265,1.23,6.27
28.641038749367,1.24,6.22
28.642500828951597,1.22,6.22
28.643938217312098,1.21,6.2
28.64540520310402,1.22,6.26
28.646856609731913,1.22,6.26
28.64832240715623,1.18,6.22
28.64976653084159,1.12,6.23
28.651218697428703,1.1,6.25
28.652672301977873,1.12,6.23
28.654119823127985,1.14,6.21
28.655593242496252,1.17,6.21
28.65703934058547,1.25,6.14
28.658506214618683,1.31,6.16
28.659949611872435,1.4,6.21
28.661416299641132,1.47,6.19
28.66285778209567,1.37,6.12
28.66431301832199,1.3,6.15
28.665757540613413,1.34,6.15
28.66722773760557,1.05,6.13
28.668685253709555,0.46,6.12
28.670131240040064,0.18,6.1
28.67159167304635,0.13,6.14
28.673046201467514,0.09,6.15
28.674500707536936,0.04,6.06
28.675954028964043,-0.03,6.02
28.67740549147129,-0.05,6.03
28.67887431755662,-0.04,6.04
28.680329136550426,-0.03,6.01
28.68176018074155,-0.03,6.0
28.683227088302374,-0.03,6.0
28.68469238653779,-0.03,6.01
28.686136692762375,-0.04,6.01
28.68759935349226,-0.03,6.0
28.689050041139126,-0.03,5.93
28.69049771875143,-0.03,5.91
28.6919585801661,-0.03,5.9
28.693419076502323,-0.03,5.92
28.694858819246292,-0.03,5.87
28.696313578635454,-0.03,5.83
28.69776874780655,-0.03,5.83
28.69922948628664,-0.03,5.82
28.700679812580347,-0.03,5.82
28.70213571190834,-0.04,5.8
28.70359994098544,-0.03,5.8
28.705038957297802,-0.03,5.78
28.70649240165949,-0.03,5.74
28.70794828981161,-0.03,5.7
28.70941349118948,-0.03,5.73
28.710856821388006,-0.03,5.71
28.712316647171974,-0.04,5.66
28.713771037757397,-0.04,5.66
28.715222477912903,-0.03,5.66
28.716688573360443,-0.03,5.61
28.71814088895917,-0.03,5.61
28.719591978937387,-0.03,5.62
28.721043344587088,-0.03,5.57
28.722500286996365,-0.03,5.53
28.72395221143961,-0.03,5.53
28.725403308868408,-0.03,5.56
28.726867098361254,-0.03,5.53
28.728325955569744,-0.03,5.5
28.72977491095662,-0.03,5.47
28.73122637718916,-0.03,5.51
28.732694908976555,-0.03,5.48
28.734139930456877,-0.03,5.44
28.73559057712555,-0.03,5.41
28.737050518393517,-0.03,5.38
28.738503109663725,-0.03,5.38
28.73996225744486,-0.03,5.35
28.74140926450491,-0.03,5.35
28.74286862835288,-0.03,5.33
28.744327545166016,-0.03,5.29
28.74576184898615,-0.03,5.28
28.747231349349022,-0.03,5.3
28.748676538467407,-0.03,5.3
28.75013344734907,-0.03,5.23
28.75158393755555,-0.03,5.21
28.753037728369236,-0.04,5.21
28.75450147688389,-0.03,5.17
28.75595187395811,-0.03,5.12
28.757403913885355,-0.03,5.13
28.75884509831667,-0.03,5.13
28.760311629623175,-0.03,5.1
28.761767230927944,-0.03,5.1
28.763212144374847,-0.03,5.09
28.76466967537999,-0.04,5.05
28.766122452914715,-0.04,5.07
28.767568964511156,-0.03,5.09
28.769031155854464,-0.03,5.04
28.770480781793594,-0.03,5.01
28.771949514746666,-0.04,4.99
28.7733916901052,-0.03,4.99
28.774853710085154,-0.03,4.98
28.776305824518204,-0.04,4.94
28.77776176854968,-0.04,4.89
28.779210720211267,-0.04,4.88
28.78066821396351,-0.03,4.89
28.782125286757946,-0.03,4.89
28.783584780991077,-0.04,4.89
28.78504267707467,-0.04,4.84
28.786472909152508,-0.04,4.84
28.78793655335903,-0.04,4.88
28.789397463202477,-0.03,4.8
28.790857922285795,-0.03,4.78
28.79230359941721,-0.03,4.82
28.793763794004917,-0.03,4.78
28.79520681127906,-0.03,4.75
28.796673472970724,-0.03,4.72
28.79812428355217,-0.03,4.69
28.79957180097699,-0.04,4.72
28.80103635787964,-0.04,4.7
28.802494656294584,-0.03,4.69
28.803938183933496,-0.03,4.68
28.8054094389081,-0.03,4.65
28.806858263909817,-0.03,4.65
28.80829581618309,-0.03,4.65
28.80976590514183,-0.03,4.64
28.811206683516502,-0.04,4.61
28.812673471868038,-0.04,4.57
28.81411550194025,-0.03,4.53
28.815582003444433,-0.04,4.54
28.817034538835287,-0.04,4.57
28.818489763885736,-0.03,4.53
28.81993392109871,-0.04,4.48
28.821395501494408,-0.04,4.45
28.822856541723013,-0.03,4.41
28.82431437820196,-0.04,4.42
28.82575688138604,-0.04,4.43
28.827209919691086,-0.04,4.43
28.82868168503046,-0.04,4.41
28.83011869341135,-0.04,4.38
28.831576872617006,-0.04,4.42
28.833035934716463,-0.04,4.44
28.83447838574648,-0.04,4.39
28.83593489229679,-0.04,4.37
28.837397057563066,-0.04,4.39
28.838847145438194,-0.03,4.34
28.840306881815195,-0.03,4.29
28.84175881743431,-0.03,4.29
28.843214008957148,-0.04,4.29
28.844667695462704,-0.04,4.28
28.84612712264061,-0.03,4.29
28.847575444728136,-0.04,4.27
28.849040005356073,-0.03,4.24
28.850476406514645,-0.03,4.21
28.851952150464058,-0.04,4.22
28.85339505970478,-0.04,4.21
28.8548525236547,-0.04,4.19
28.856305856257677,-0.04,4.17
28.857757434248924,-0.04,4.19
28.859207291156054,-0.04,4.19
28.86067532375455,-0.03,4.2
28.86212806403637,-0.03,4.19
28.863587081432343,-0.04,4.18
28.86503406241536,-0.03,4.14
28.866475123912096,-0.03,4.09
28.867951150983572,-0.04,4.13
28.869393829256296,-0.03,4.16
28.8708432354033,-0.04,4.18
28.872310161590576,-0.04,4.12
28.873754985630512,-0.03,4.06
28.87521928176284,-0.03,4.06
28.876676619052887,-0.03,4.07
28.87812600284815,-0.03,4.05
28.879584450274706,-0.03,4.06
28.88103422895074,-0.03,4.06
28.88249623402953,-0.03,4.07
28.88393547013402,-0.03,4.06
28.88537922501564,-0.03,4.07
28.886859323829412,-0.03,4.05
28.88831754028797,-0.03,4.04
28.88975977897644,-0.03,4.02
28.891220320016146,-0.03,4.02
28.892669562250376,-0.03,3.97
28.8941266015172,-0.03,3.98
28.89558010175824,-0.03,3.98
28.89704167097807,-0.03,3.99
28.898475099354982,-0.03,3.96
28.89994653686881,-0.03,3.94
28.901390567421913,-0.03,3.95
28.902859650552273,-0.03,3.97
28.9043153449893,-0.03,3.96
28.90576546266675,-0.03,3.95
28.907216865569353,-0.03,3.99
28.908666092902422,-0.03,3.97
28.910132844001055,-0.03,3.94
28.911574091762304,-0.03,3.91
28.913042433559895,-0.03,3.91
28.91448539495468,-0.03,3.92
28.915943171828985,-0.03,3.91
28.917390260845423,-0.03,3.91
28.91885367780924,-0.03,3.9
28.920312829315662,-0.03,3.91
28.92175831645727,-0.03,3.94
28.923209592700005,-0.03,3.91
28.924666937440634,-0.03,3.89
28.926125019788742,-0.03,3.87
28.927575074136257,-0.03,3.86
28.929031241685152,-0.03,3.87
28.930494870990515,-0.03,3.86
28.931938972324133,-0.03,3.86
28.93339967727661,-0.03,3.88
28.934846982359886,-0.03,3.87
28.936302185058594,-0.03,3.85
28.9377608820796,-0.03,3.81
28.939212158322334,-0.03,3.82
28.940664183348417,-0.03,3.82
28.942129287868738,-0.03,3.81
28.943596124649048,-0.03,3.8
28.945034071803093,-0.03,3.81
28.946501579135656,-0.03,3.8
28.94794249162078,-0.03,3.8
28.949406415224075,-0.03,3.77
28.950862485915422,-0.03,3.78
28.95231120660901,-0.03,3.77
28.953772094100714,-0.03,3.8
28.95521079003811,-0.03,3.81
28.95667915791273,-0.03,3.75
28.95812699198723,-0.03,3.69
28.959581524133682,-0.03,3.75
28.961042013019323,-0.03,3.75
28.96249882876873,-0.03,3.72
28.963941656053066,-0.03,3.68
28.96539618819952,-0.03,3.73
28.96685689687729,-0.03,3.79
28.968299105763435,-0.03,3.73
28.969763480126858,-0.03,3.67
28.971213087439537,-0.03,3.64
28.972678277641535,-0.03,3.65
28.97412085905671,-0.03,3.67
28.975583996623755,-0.03,3.63
28.977022010833025,-0.03,3.64
28.978502340614796,-0.03,3.68
28.979931194335222,-0.03,3.68
28.98141683638096,-0.03,3.66
28.982857070863247,-0.03,3.66
28.984313149005175,-0.03,3.63
28.985767383128405,-0.03,3.61
28.987218901515007,-0.03,3.64
28.98867365717888,-0.03,3.64
28.990128502249718,-0.03,3.62
28.991579588502645,-0.03,3.65
28.993036217987537,-0.03,3.65
28.99448998644948,-0.03,3.6
28.99595396220684,-0.03,3.6
28.997394617646933,-0.03,3.6
28.998850658535957,-0.03,3.62
29.000310834497213,-0.03,3.57
29.0017626658082,-0.03,3.56
29.00321800634265,-0.03,3.58
29.004678156226873,-0.03,3.58
29.006134510040283,-0.03,3.56
29.007580541074276,-0.03,3.53
29.009040094912052,-0.03,3.52
29.010493997484446,-0.03,3.5
29.01195429638028,-0.03,3.56
29.013395976275206,-0.03,3.59
29.014858722686768,-0.03,3.54
29.016304064542055,-0.03,3.56
29.01777419820428,-0.03,3.55
29.019229363650084,-0.03,3.52
29.020672082901,-0.03,3.54
29.022135708481073,-0.03,3.55
29.023590933531523,-0.03,3.53
29.02504128217697,-0.03,3.51
29.026500307023525,-0.03,3.56
29.027953919023275,-0.03,3.57
29.029405798763037,-0.03,3.53
29.030851613730192,-0.03,3.49
29.032306119799614,-0.03,3.49
29.033764738589525,-0.03,3.51
29.03523177653551,-0.03,3.51
29.036671545356512,-0.03,3.53
29.038140688091516,-0.03,3.48
29.03959984332323,-0.03,3.47
29.041053865104914,-0.03,3.5
29.042508102953434,-0.03,3.49
29.043946534395218,-0.03,3.47
29.045396752655506,-0.03,3.46
29.04686341062188,-0.03,3.44
29.04830490425229,-0.03,3.42
29.049775417894125,-0.03,3.47
29.051231030374765,-0.03,3.45
29.05268282070756,-0.03,3.42
29.05413407087326,-0.03,3.4
29.055585715919733,-0.03,3.4
29.057046238332987,-0.03,3.41
29.05850198864937,-0.03,3.44
29.059953879565,-0.03,3.47
29.061415039002895,-0.03,3.41
29.06286371126771,-0.03,3.39
29.06431247666478,-0.03,3.38
29.065778397023678,-0.03,3.44
29.067228294909,-0.03,3.44
29.068687047809362,-0.03,3.38
29.07013264298439,-0.03,3.35
29.0715843886137,-0.03,3.36
29.073050245642662,-0.03,3.35
29.074489135295153,-0.03,3.35
29.075944792479277,-0.03,3.36
29.077411703765392,-0.03,3.31
29.078847341239452,-0.03,3.32
29.080313749611378,-0.03,3.33
29.08176977559924,-0.03,3.34
29.0832190066576,-0.03,3.35
29.08467300236225,-0.03,3.3
29.08613357692957,-0.03,3.35
29.08759156614542,-0.03,3.38
29.089038856327534,-0.03,3.34
29.09050829336047,-0.03,3.28
29.091945201158524,-0.03,3.27
29.093393716961145,-0.03,3.29
29.094856664538383,-0.03,3.3
29.096316404640675,-0.03,3.32
29.097778365015984,-0.03,3.29
29.099218897521496,-0.03,3.29
29.100685980170965,-0.03,3.25
29.102138213813305,-0.03,3.26
29.103588711470366,-0.03,3.29
29.105034563690424,-0.03,3.24
29.106490526348352,-0.03,3.27
29.107958901673555,-0.03,3.29
29.109401255846024,-0.03,3.24
29.110869217664003,-0.03,3.21
29.112323068082333,-0.03,3.22
29.113775569945574,-0.03,3.23
29.11522089317441,-0.03,3.22
29.116677064448595,-0.03,3.23
29.118130277842283,-0.03,3.25
29.119588181376457,-0.03,3.24
29.121048990637064,-0.03,3.23
29.122483123093843,-0.03,3.26
29.12395302206278,-0.03,3.28
29.125413741916418,-0.03,3.27
29.126861698925495,-0.03,3.26
29.128310792148113,-0.03,3.23
29.129772372543812,-0.03,3.22
29.131233502179384,-0.03,3.24
29.1326771825552,-0.03,3.24
29.134137347340584,-0.03,3.21
29.135595727711916,-0.03,3.23
29.13705286756158,-0.03,3.25
29.138509266078472,-0.03,3.22
29.139951664954424,-0.03,3.2
29.141407147049904,-0.03,3.2
29.142854750156403,-0.03,3.23
29.144327200949192,-0.03,3.19
29.145775366574526,-0.03,3.2
29.14722342789173,-0.03,3.2
29.148689303547144,-0.03,3.21
29.15013660490513,-0.03,3.22
29.151581469923258,-0.03,3.18
29.153041765093803,-0.03,3.18
29.154509987682104,-0.03,3.16
29.15594992041588,-0.03,3.16
29.1574050411582,-0.03,3.23
29.15885680913925,-0.03,3.23
29.16031526401639,-0.03,3.18
29.161767426878214,-0.03,3.19
29.163226630538702,-0.03,3.18
29.164679065346718,-0.03,3.17
29.1661294400692,-0.03,3.18
29.167640171945095,-0.03,3.21
29.169049493968487,-0.03,3.25
29.170485332608223,-0.03,3.22
29.171949051320553,-0.03,3.18
29.173424899578094,-0.03,3.18
29.17486199736595,-0.03,3.17
29.176315896213055,-0.03,3.16
29.1777748093009,-0.03,3.18
29.17921992763877,-0.03,3.15
29.1806872934103,-0.03,3.21
29.18214339762926,-0.03,3.24
29.18359499797225,-0.03,3.21
29.1850553676486,-0.03,3.19
29.18650856614113,-0.03,3.17
29.187967646867037,-0.03,3.15
29.189405981451273,-0.03,3.18
29.190859884023666,-0.03,3.19
29.192311637103558,-0.03,3.17
29.193780906498432,-0.03,3.18
29.195225682109594,-0.03,3.2
29.196694642305374,-0.03,3.14
29.19813884422183,-0.03,3.17
29.199600961059332,-0.03,3.19
29.201050896197557,-0.03,3.17
29.202485155314207,-0.03,3.15
29.20394642278552,-0.03,3.14
29.20540791004896,-0.03,3.13
29.206857725977898,-0.03,3.12
29.20832133665681,-0.03,3.15
29.20977345854044,-0.03,3.18
29.211221989244223,-0.03,3.15
29.212681889533997,-0.03,3.15
29.21412793546915,-0.03,3.13
29.21557728201151,-0.03,3.1
29.217027064412832,-0.03,3.17
29.218485929071903,-0.03,3.13
29.219945035874844,-0.03,3.12
29.22140236198902,-0.03,3.13
29.222853675484657,-0.03,3.14
29.224310867488384,-0.03,3.12
29.225752387195826,-0.03,3.16
29.227216847240925,-0.03,3.13
29.22867250442505,-0.03,3.1
29.23012365028262,-0.03,3.13
29.231574170291424,-0.03,3.14
29.23303408175707,-0.03,3.14
29.23447861894965,-0.03,3.13
29.235935289412737,-0.03,3.12
29.23738406971097,-0.03,3.13
29.23883679881692,-0.03,3.11
29.24028715863824,-0.03,3.11
29.241741839796305,-0.03,3.11
29.24319428950548,-0.03,3.11
29.244666568934917,-0.03,3.11
29.246112279593945,-0.03,3.1
29.24756596982479,-0.03,3.08
29.249031253159046,-0.03,3.11
29.250480882823467,-0.03,3.13
29.251948483288288,-0.03,3.1
29.25338800251484,-0.03,3.1
29.254840433597565,-0.03,3.09
29.256297565996647,-0.03,3.07
29.257752541452646,-0.03,3.09
29.259201515465975,-0.03,3.1
29.260660517960787,-0.03,3.15
29.262109197676182,-0.03,3.14
29.263571180403233,-0.03,3.13
29.265035416930914,-0.03,3.17
29.266468439251184,-0.03,3.12
29.26793810725212,-0.03,3.09
29.26938282698393,-0.03,3.09
29.270841762423515,-0.03,3.1
29.272294402122498,-0.03,3.11
29.273754350841045,-0.03,3.08
29.27519064769149,-0.03,3.1
29.27666287124157,-0.03,3.09
29.278123065829277,-0.03,3.07
29.27956310659647,-0.03,3.07
29.28103456646204,-0.03,3.1
29.28248317912221,-0.03,3.11
29.28394266590476,-0.03,3.08
29.285393312573433,-0.03,3.1
29.286852672696114,-0.03,3.15
29.288294564932585,-0.03,3.16
29.289758797734976,-0.03,3.12
29.291200630366802,-0.03,3.09
29.292660400271416,-0.03,3.08
29.29410196840763,-0.03,3.12
29.29557489976287,-0.03,3.16
29.2970250248909,-0.03,3.13
29.298487409949303,-0.03,3.13
29.299935925751925,-0.03,3.12
29.301384828984737,-0.03,3.14
29.302831508219242,-0.03,3.15
29.304297491908073,-0.03,3.17
29.30574944615364,-0.03,3.14
29.30721066892147,-0.03,3.17
29.30866364017129,-0.03,3.17
29.310109205543995,-0.03,3.15
29.311568923294544,-0.03,3.14
29.313019081950188,-0.03,3.14
29.31448606029153,-0.03,3.14
29.315935503691435,-0.03,3.14
29.317376103252172,-0.03,3.16
29.318846348673105,-0.03,3.17
29.320298727601767,-0.03,3.14
29.321756090968847,-0.03,3.16
29.323200318962336,-0.03,3.18
29.324666667729616,-0.03,3.19
29.326120283454657,-0.03,3.19
29.327567983418703,-0.03,3.22
29.329029567539692,-0.03,3.21
29.33047654852271,-0.03,3.21
29.331931296736002,-0.03,3.2
29.333389103412628,-0.03,3.23
29.33483726531267,-0.03,3.2
29.336291030049324,-0.03,3.17
29.337745636701584,-0.03,3.16
29.339204624295235,-0.03,3.17
29.340650632977486,-0.03,3.19
29.34211303666234,-0.03,3.22
29.343575332313776,-0.03,3.21
29.345028437674046,-0.03,3.19
29.346469707787037,-0.03,3.24
29.34793508425355,-0.03,3.24
29.349389720708132,-0.03,3.23
29.350839756429195,-0.03,3.26
29.352304853498936,-0.03,3.23
29.353747837245464,-0.03,3.22
29.355207934975624,-0.03,3.27
29.35666250810027,-0.03,3.3
29.35810438171029,-0.03,3.3
29.359569765627384,-0.03,3.27
29.36103454977274,-0.02,3.27
29.362476516515017,-0.03,3.24
29.363935206085443,-0.03,3.26
29.365382812917233,-0.03,3.33
29.366850644350052,-0.03,3.34
29.36829551309347,-0.03,3.33
29.36974372342229,-0.03,3.34
29.37120758369565,-0.03,3.3
29.372664216905832,-0.03,3.31
29.37411406263709,-0.02,3.34
29.375568255782127,-0.03,3.39
29.377023480832577,-0.03,3.39
29.378465324640274,-0.03,3.4
29.379931952804327,-0.03,3.36
29.381384525448084,-0.03,3.37
29.382841393351555,-0.03,3.34
29.384304258972406,-0.03,3.34
29.385761231184006,-0.03,3.36
29.38720791786909,-0.03,3.37
29.38866427540779,-0.02,3.37
29.390112802386284,-0.02,3.36
29.391575902700424,-0.03,3.42
29.3930123411119,-0.03,3.43
29.394477672874928,-0.03,3.39
29.395932234823704,-0.03,3.39
29.397393114864826,-0.03,3.41
29.398851949721575,-0.03,3.41
29.40030874684453,-0.03,3.41
29.40175973623991,-0.03,3.41
29.40321184694767,-0.02,3.41
29.404666628688574,-0.02,3.4
29.406114902347326,-0.03,3.42
29.40758153796196,-0.03,3.47
29.409027718007565,-0.03,3.46
29.41048464924097,-0.03,3.46
29.411935914307833,-0.02,3.46
29.41339259967208,-0.03,3.48
29.414842758327723,-0.03,3.48
29.41629447415471,-0.03,3.41
29.41774967685342,-0.03,3.38
29.419191244989634,-0.03,3.41
29.420648396015167,-0.03,3.44
29.42210277542472,-0.03,3.45
29.423564989119768,-0.02,3.45
29.42502385750413,-0.03,3.47
29.426461789757013,-0.03,3.49
29.427913390100002,-0.02,3.51
29.429376769810915,-0.02,3.48
29.430834509432316,-0.02,3.47
29.432292517274618,-0.02,3.46
29.433737948536873,-0.02,3.46
29.4351991340518,-0.03,3.45
29.43664700165391,-0.02,3.47
29.438103388994932,-0.02,3.47
29.439549565315247,-0.03,3.48
29.44101594388485,-0.03,3.47
29.442463170737028,-0.03,3.47
29.443912029266357,-0.02,3.45
29.445375010371208,-0.03,3.46
29.446826852858067,-0.03,3.46
29.448275715112686,-0.03,3.5
29.44974970072508,-0.03,3.5
29.45119757950306,-0.03,3.47
29.452654372900724,-0.03,3.43
29.45411115139723,-0.03,3.44
29.455559380352497,-0.03,3.43
29.457021288573742,-0.03,3.45
29.458455320447683,-0.03,3.47
29.459919333457947,-0.03,3.43
29.461373403668404,-0.03,3.43
29.462832305580378,-0.02,3.45
29.464288238435984,-0.02,3.51
29.465733289718628,-0.03,3.5
29.467201210558414,-0.02,3.49
29.468652479350567,-0.02,3.46
29.47010762244463,-0.02,3.48
29.471557579934597,-0.03,3.47
29.47301298379898,-0.02,3.46
29.47446818649769,-0.03,3.44
29.475911643356085,-0.02,3.42
29.47736617550254,-0.02,3.46
29.478835999965668,-0.02,3.49
29.480285100638866,-0.02,3.46
29.481739602982998,-0.02,3.46
29.483199629932642,-0.02,3.44
29.484653435647488,-0.02,3.42
29.486101061105728,-0.02,3.45
29.487556397914886,-0.03,3.45
29.4890198931098,-0.03,3.46
29.490469105541706,-0.03,3.43
29.491924669593573,-0.03,3.42
29.49338184669614,-0.03,3.45
29.49482875317335,-0.03,3.41
29.496278770267963,-0.03,3.4
29.497744768857956,-0.03,3.41
29.499197363853455,-0.03,3.41
29.500655315816402,-0.02,3.37
29.50209655612707,-0.02,3.37
29.503557674586773,-0.02,3.34
29.505014516413212,-0.03,3.39
29.506468523293734,-0.02,3.4
29.507912162691355,-0.02,3.38
29.509376011788845,-0.02,3.38
29.510839886963367,-0.02,3.37
29.512292120605707,-0.03,3.35
29.51374215632677,-0.03,3.35
29.515194106847048,-0.03,3.32
29.516652014106512,-0.03,3.29
29.518110863864422,-0.02,3.32
29.519554182887077,-0.02,3.3
29.52101731672883,-0.02,3.25
29.52246828377247,-0.02,3.3
29.523915130645037,-0.02,3.28
29.52538315206766,-0.02,3.27
29.526831679046154,-0.02,3.3
29.528292182832956,-0.02,3.32
29.52973895519972,-0.03,3.28
29.531197261065245,-0.03,3.25
29.532649718225002,-0.02,3.22
29.534105096012354,-0.02,3.25
29.53555227816105,-0.02,3.26
29.537008691579103,-0.02,3.26
29.538476556539536,-0.02,3.24
29.5399169921875,-0.02,3.23
29.541381508111954,-0.03,3.26
29.542842134833336,-0.02,3.23
29.544282779097557,-0.02,3.22
29.54574031382799,-0.02,3.27
29.54721127450466,-0.03,3.23
29.54864999651909,-0.02,3.21
29.550100184977055,-0.03,3.21
29.55156733840704,-0.03,3.21
29.55302967876196,-0.03,3.22
29.55446731671691,-0.02,3.21
29.555927738547325,-0.02,3.19
29.557382714003325,-0.02,3.22
29.55883490294218,-0.02,3.24
29.560287341475487,-0.02,3.19
29.561736457049847,-0.02,3.17
29.563201799988747,-0.03,3.23
29.564655039459467,-0.03,3.24
29.566108133643866,-0.03,3.23
29.56756517291069,-0.03,3.19
29.569018691778183,-0.03,3.18
29.570475924760103,-0.03,3.2
29.57192551344633,-0.03,3.17
29.57337100431323,-0.03,3.18
29.574823282659054,-0.03,3.22
29.57629005983472,-0.03,3.21
29.57773555442691,-0.03,3.2
29.57920303195715,-0.03,3.17
29.580650713294744,-0.03,3.12
29.582090374082327,-0.03,3.14
29.58354702591896,-0.03,3.15
29.585011437535286,-0.03,3.19
29.586480397731066,-0.03,3.21
29.587925370782614,-0.03,3.18
29.58937193453312,-0.03,3.15
29.5908297970891,-0.03,3.15
29.592296615242958,-0.02,3.18
29.593746818602085,-0.02,3.17
29.595197703689337,-0.02,3.12
29.59665084630251,-0.02,3.19
29.59810296446085,-0.02,3.23
29.599547419697046,-0.02,3.2
29.601021140813828,-0.02,3.22
29.602467108517885,-0.02,3.21
29.603927604854107,-0.02,3.19
29.605370704084635,-0.02,3.17
29.60683510452509,-0.02,3.21
29.608295623213053,-0.02,3.2
29.609739888459444,-0.02,3.22
29.611203268170357,-0.02,3.18
29.61265056952834,-0.02,3.19
29.61410489678383,-0.02,3.19
29.615565206855536,-0.02,3.19
29.61701252683997,-0.02,3.19
29.618468403816223,-0.02,3.2
29.6199141331017,-0.02,3.22
29.62136371061206,-0.02,3.24
29.622822001576424,-0.02,3.22
29.62428516149521,-0.02,3.24
29.62573891878128,-0.02,3.23
29.627203937619925,-0.03,3.21
29.628652356565,-0.03,3.2
29.63011321797967,-0.03,3.19
29.631563916802406,-0.03,3.2
29.633008737117052,-0.03,3.15
29.634465012699366,-0.03,3.14
29.635922838002443,-0.03,3.13
29.63737505301833,-0.03,3.18
29.63882291689515,-0.03,3.22
29.640281967818737,-0.03,3.2
29.641747187823057,-0.03,3.18
29.643196120858192,-0.03,3.19
29.644650038331747,-0.03,3.16
29.64609695598483,-0.03,3.21
29.647567309439182,-0.03,3.23
29.649011738598347,-0.03,3.19
29.650500804185867,-0.03,3.2
29.651919428259134,-0.03,3.21
29.653373833745718,-0.03,3.15
29.654839400202036,-0.03,3.13
29.656292721629143,-0.03,3.14
29.65773844346404,-0.03,3.15
29.659192707389593,-0.03,3.15
29.660657975822687,-0.03,3.17
29.662107914686203,-0.03,3.21
29.66356163099408,-0.03,3.17
29.6650117225945,-0.03,3.17
29.666471526026726,-0.03,3.18
29.66792642697692,-0.03,3.13
29.66938402503729,-0.03,3.08
29.67083138972521,-0.03,3.11
29.67228451743722,-0.03,3.14
29.673736471682787,-0.03,3.1
29.67519821226597,-0.03,3.13
29.676655996590853,-0.03,3.13
29.67810821533203,-0.03,3.13
29.679558023810387,-0.03,3.07
29.68102379888296,-0.03,3.05
29.68246351927519,-0.03,3.07
29.68392600864172,-0.03,3.14
29.685367576777935,-0.03,3.11
29.68683847784996,-0.03,3.08
29.688283558934927,-0.03,3.06
29.689740497618914,-0.03,3.1
29.69120042771101,-0.03,3.11
29.692651990801096,-0.03,3.09
29.69410140439868,-0.03,3.06
29.695556309074163,-0.03,3.07
29.697011459618807,-0.03,3.1
29.69847835972905,-0.03,3.06
29.699916902929544,-0.03,3.06
29.701380968093872,-0.03,3.1
29.702838767319918,-0.03,3.1
29.70428941398859,-0.03,3.07
29.705747358500957,-0.03,3.06
29.7072042375803,-0.03,3.05
29.708653517067432,-0.03,3.07
29.71011073514819,-0.03,3.07
29.711564622819424,-0.03,3.01
29.713026762008667,-0.03,3.03
29.714464966207743,-0.03,3.07
29.715930096805096,-0.03,3.05
29.717379964888096,-0.03,3.02
29.71883150190115,-0.03,3.03
29.72028899937868,-0.03,3.09
29.721743252128363,-0.03,3.09
29.72320770472288,-0.03,3.07
29.72465869411826,-0.03,3.07
29.726106382906437,-0.03,3.05
29.727556578814983,-0.03,3.01
29.729012239724398,-0.03,3.03
29.730465307831764,-0.03,3.06
29.731920767575502,-0.03,3.03
29.733386922627687,-0.03,3.01
29.73484219238162,-0.03,3.01
29.736296832561493,-0.03,3.01
29.73774005100131,-0.03,3.06
29.739194240421057,-0.03,3.03
29.74065901711583,-0.03,3.02
29.742120057344437,-0.03,3.02
29.743572387844324,-0.03,3.03
29.745021235197783,-0.03,3.03
29.746472902595997,-0.03,3.03
29.747924327850342,-0.03,3.06
29.7493864223361,-0.03,3.05
29.75083553791046,-0.03,3.03
29.752299431711435,-0.03,3.01
29.75373339280486,-0.03,2.97
29.755199119448662,-0.03,2.95
29.75666255876422,-0.03,3.0
29.758108500391245,-0.03,3.0
29.759550482034683,-0.03,2.99
29.761016752570868,-0.03,3.02
29.762474812567234,-0.03,3.0
29.763943061232567,-0.03,3.0
29.76537461951375,-0.02,3.02
29.766845617443323,-0.03,3.01
29.768292002379894,-0.03,3.05
29.769758466631174,-0.03,3.05
29.771206814795732,-0.03,3.02
29.77265415340662,-0.03,3.01
29.774115651845932,-0.02,3.06
29.77556612715125,-0.02,3.0
29.777020756155252,-0.02,3.0
29.778468441218138,-0.02,3.02
29.779943335801363,-0.02,3.0
29.78138369694352,-0.03,3.01
29.78283377364278,-0.03,3.01
29.784298583865166,-0.03,3.05
29.785742055624723,-0.02,3.03
29.787195555865765,-0.03,3.01
29.788655042648315,-0.03,3.01
29.790121123194695,-0.02,3.02
29.791572891175747,-0.02,3.01
29.79302105680108,-0.02,3.02
29.794487178325653,-0.02,3.04
29.795921590179205,-0.02,3.08
29.797388322651386,-0.02,3.09
29.798843141645193,-0.02,3.05
29.80030122026801,-0.02,3.03
29.801757905632257,-0.02,3.04
29.803212251514196,-0.03,3.04
29.80465590953827,-0.02,3.06
29.8061042688787,-0.02,3.08
29.80756961926818,-0.02,3.12
29.809021592140198,-0.02,3.1
29.81047774478793,-0.02,3.06
29.811935536563396,-0.02,3.05
29.813385535031557,-0.02,3.07
29.81484090909362,-0.02,3.09
29.81629955396056,-0.02,3.09
29.817745000123978,-0.02,3.14
29.819207921624184,-0.02,3.13
29.820664402097464,-0.02,3.1
29.822118185460567,-0.02,3.06
29.8235688470304,-0.02,3.06
29.82502930983901,-0.03,3.1
29.82647305354476,-0.02,3.07
29.827926389873028,-0.02,3.08
29.829394094645977,-0.02,3.15
29.830843348056078,-0.02,3.19
29.832292899489403,-0.02,3.13
29.833760727196932,-0.03,3.14
29.83520194888115,-0.02,3.2
29.836656857281923,-0.02,3.22
29.838110078126192,-0.02,3.19
29.83957427740097,-0.02,3.15
29.84103324264288,-0.02,3.14
29.842474158853292,-0.02,3.16
29.843935556709766,-0.02,3.2
29.84537388011813,-0.02,3.19
29.846840627491474,-0.02,3.15
29.848300203680992,-0.02,3.12
29.849760826677084,-0.02,3.18
29.851200226694345,-0.02,3.17
29.8526656255126,-0.02,3.17
29.85412335768342,-0.02,3.14
29.85557957366109,-0.02,3.14
29.85702807083726,-0.02,3.16
29.85848793014884,-0.02,3.17
29.85994128137827,-0.02,3.15
29.86138153448701,-0.02,3.14
29.862846214324236,-0.02,3.11
29.864293962717056,-0.02,3.15
29.86575323343277,-0.02,3.19
29.867212563753128,-0.02,3.18
29.868662543594837,-0.02,3.2
29.87012054398656,-0.02,3.18
29.871571216732264,-0.02,3.16
29.873028997331858,-0.02,3.16
29.874478191137314,-0.02,3.17
29.87594571709633,-0.02,3.2
29.87739272415638,-0.02,3.19
29.878847785294056,-0.02,3.16
29.880294274538755,-0.02,3.14
29.88175044953823,-0.02,3.14
29.883204627782106,-0.02,3.2
29.884665463119745,-0.02,3.2
29.886116925626993,-0.02,3.18
29.887573435902596,-0.02,3.15
29.889024287462234,-0.02,3.15
29.890480872243643,-0.02,3.15
29.891922309994698,-0.02,3.17
29.893382161855698,-0.02,3.15
29.894845187664032,-0.02,3.16
29.896293751895428,-0.02,3.18
29.89773914963007,-0.02,3.15
29.89920624345541,-0.02,3.17
29.90066410973668,-0.02,3.16
29.90211009606719,-0.02,3.17
29.9035584628582,-0.02,3.17
29.90503365918994,-0.02,3.17
29.90648679435253,-0.02,3.15
29.907926686108112,-0.02,3.13
29.909384168684483,-0.02,3.15
29.910835832357407,-0.02,3.18
29.91230098903179,-0.02,3.12
29.913736138492823,-0.02,3.14
29.91520084440708,-0.02,3.12
29.916663851588964,-0.02,3.13
29.918115995824337,-0.02,3.15
29.919571913778782,-0.02,3.13
29.92102015390992,-0.02,3.13
29.922472044825554,-0.02,3.14
29.923923034220934,-0.02,3.15
29.92539095878601,-0.02,3.09
29.92684966698289,-0.02,3.1
29.928292371332645,-0.02,3.1
29.929738737642765,-0.02,3.1
29.931201849132776,-0.02,3.14
29.93266498297453,-0.02,3.14
29.934111300855875,-0.02,3.14
29.935575995594263,-0.02,3.12
29.937034904956818,-0.02,3.11
29.9384775608778,-0.02,3.12
29.939927637577057,-0.02,3.13
29.941391669213772,-0.02,3.17
29.942841842770576,-0.02,3.13
29.94429885223508,-0.02,3.09
29.94574176520109,-0.02,3.08
29.947206247597933,-0.02,3.12
29.948671478778124,-0.02,3.16
29.950125511735678,-0.02,3.14
29.95157815515995,-0.02,3.13
29.953016616404057,-0.02,3.13
29.954475659877062,-0.02,3.09
29.955932926386595,-0.02,3.1
29.957396920770407,-0.02,3.11
29.95883934944868,-0.02,3.13
29.960304766893387,-0.02,3.11
29.961744256317616,-0.02,3.08
29.963213298469782,-0.02,3.08
29.964662924408913,-0.02,3.1
29.966122798621655,-0.02,3.11
29.96757210046053,-0.02,3.1
29.96902260556817,-0.02,3.08
29.97049830853939,-0.02,3.11
29.971923138946295,-0.02,3.11
29.97339614853263,-0.02,3.06
29.974847082048655,-0.02,3.07
29.97628992050886,-0.02,3.13
29.977758202701807,-0.02,3.13
29.979192849248648,-0.02,3.07
29.98066158220172,-0.02,3.08
29.98212445899844,-0.02,3.1
29.98356894031167,-0.02,3.08
29.985022444278002,-0.02,3.1
29.9864799156785,-0.02,3.08
29.987936325371265,-0.02,3.08
29.989392299205065,-0.02,3.08
29.990836791694164,-0.02,3.1
29.992304041981697,-0.02,3.11
29.993752602487803,-0.02,3.11
29.995206221938133,-0.02,3.08
29.996666494756937,-0.02,3.09
29.99811039119959,-0.02,3.05
29.99957261234522,-0.02,3.08
30.001029334962368,-0.02,3.08
30.00246973708272,-0.02,3.07
30.003937989473343,-0.02,3.06
30.00539320334792,-0.02,3.09
30.006840709596872,-0.02,3.1
30.008293140679598,-0.02,3.07
30.009761542081833,-0.02,3.05
30.01121323183179,-0.02,3.01
30.012659270316362,-0.02,3.0
30.014119002968073,-0.02,3.06
30.015564054250717,-0.02,3.04
30.017032142728567,-0.02,3.04
30.018477585166693,-0.02,3.06
30.0199280269444,-0.02,3.07
30.021378241479397,-0.02,3.04
30.02284688875079,-0.02,3.04
30.02429397404194,-0.02,3.07
30.025747153908014,-0.02,3.06
30.027201034128666,-0.02,3.07
30.0286729298532,-0.02,3.04
30.030116133391857,-0.02,3.06
30.031574804335833,-0.02,3.03
30.033021580427885,-0.02,3.01
30.034477524459362,-0.02,3.05
30.03594444692135,-0.02,3.05
30.037394396960735,-0.03,3.04
30.038848467171192,-0.03,3.06
30.040304884314537,-0.03,3.05
30.04175615683198,-0.03,3.04
30.043211445212364,-0.03,3.04
30.04466548189521,-0.02,3.05
30.04612297192216,-0.03,3.04
30.04756711423397,-0.03,3.05
30.04903044179082,-0.03,3.04
30.05049204453826,-0.03,3.01
30.051932096481323,-0.03,2.98
30.05339665338397,-0.03,2.99
30.054849553853273,-0.03,3.01
30.056295439600945,-0.03,3.0
30.057763028889894,-0.02,2.98
30.05920621752739,-0.02,3.01
30.060668896883726,-0.02,3.0
30.062115970999002,-0.02,2.98
30.06358302757144,-0.02,3.02
30.065033342689276,-0.02,3.03
30.066492665559053,-0.03,3.01
30.067926108837128,-0.03,3.0
30.069389261305332,-0.02,2.95
30.070850044488907,-0.02,3.0
30.072307731956244,-0.02,3.0
30.073754265904427,-0.02,2.96
30.075211234390736,-0.02,2.98
30.07666912302375,-0.03,3.0
30.078130025416613,-0.02,2.99
30.079575516283512,-0.02,3.03
30.08103523030877,-0.02,2.99
30.08248594403267,-0.02,2.95
30.083928540349007,-0.02,2.96
30.085400223731995,-0.02,3.0
30.086853109300137,-0.02,2.97
30.088308535516262,-0.02,2.93
30.089753698557615,-0.02,2.96
30.09121149033308,-0.02,2.99
30.09266335889697,-0.02,2.99
30.094124272465706,-0.02,2.98
30.095568533986807,-0.02,2.95
30.097041439265013,-0.02,2.97
30.098496235907078,-0.02,2.99
30.09993415698409,-0.02,2.96
30.10140611603856,-0.02,2.95
30.102840572595596,-0.02,2.91
30.104314997792244,-0.02,2.96
30.10576169192791,-0.02,2.98
30.107222817838192,-0.02,2.96
30.108665715903044,-0.02,2.95
30.11013126000762,-0.02,2.94
30.11157477647066,-0.02,2.92
30.113029051572084,-0.02,2.93
30.11449397727847,-0.02,2.98
30.115939911454916,-0.02,2.97
30.11740279197693,-0.02,2.93
30.118851363658905,-0.02,2.95
30.120304469019175,-0.02,2.97
30.12176277115941,-0.02,2.96
30.12322399765253,-0.02,2.95
30.124665688723326,-0.02,2.91
30.12612860277295,-0.02,2.91
30.127575784921646,-0.02,2.93
30.129032477736473,-0.02,2.97
30.13049753010273,-0.02,2.96
30.131941698491573,-0.02,2.92
30.133384753018618,-0.02,2.88
30.134852953255177,-0.02,2.89
30.136299394071102,-0.02,2.9
30.137764398008585,-0.02,2.87
30.139220654964447,-0.02,2.87
30.140674620866776,-0.02,2.88
30.142134424299,-0.02,2.9
30.143584940582514,-0.02,2.87
30.14503687992692,-0.02,2.84
30.14649446681142,-0.02,2.84
30.147952124476433,-0.03,2.85
30.149393249303102,-0.03,2.88
30.15085891634226,-0.02,2.87
30.15231514722109,-0.02,2.86
30.153771732002497,-0.03,2.88
30.155215207487345,-0.03,2.85
30.156663969159126,-0.02,2.86
30.15812524408102,-0.02,2.86
30.159577522426844,-0.02,2.87
30.161038994789124,-0.02,2.83
30.162489131093025,-0.02,2.85
30.16394044458866,-0.03,2.87
30.165407616645098,-0.03,2.86
30.166846584528685,-0.02,2.86
30.16831497102976,-0.02,2.87
30.16975825279951,-0.02,2.89
30.171220153570175,-0.02,2.88
30.17268117144704,-0.03,2.83
30.17412394657731,-0.03,2.84
30.175574380904436,-0.03,2.88
30.177032615989447,-0.03,2.88
30.178493570536375,-0.03,2.88
30.179943166673183,-0.03,2.87
30.181408513337374,-0.03,2.9
30.18286034464836,-0.03,2.96
30.184308540076017,-0.03,2.89
30.185767650604248,-0.03,2.81
30.187221068888903,-0.03,2.88
30.188666872680187,-0.03,2.92
30.19013250619173,-0.03,2.9
30.191585443913937,-0.02,2.86
30.193033017218113,-0.03,2.89
30.194499418139458,-0.03,2.91
30.195932313799858,-0.02,2.88
30.197396773844957,-0.02,2.92
30.19886077567935,-0.02,2.94
30.20030339062214,-0.03,2.92
30.20175913721323,-0.03,2.91
30.20321675390005,-0.03,2.9
30.20467171445489,-0.02,2.9
30.206116013228893,-0.02,2.92
30.207582894712687,-0.02,2.91
30.209035746753216,-0.02,2.92
30.21049704402685,-0.02,2.92
30.211933486163616,-0.02,2.9
30.21339402347803,-0.02,2.89
30.21485397964716,-0.03,2.85
30.21630857884884,-0.02,2.9
30.21776844933629,-0.02,2.92
30.21921583637595,-0.02,2.91
30.220666155219078,-0.02,2.88
30.22211343795061,-0.02,2.89
30.22356790304184,-0.02,2.92
30.225034080445766,-0.02,2.92
30.2264922298491,-0.02,2.91
30.227929167449474,-0.02,2.92
30.22939880937338,-0.02,2.94
30.230849344283342,-0.02,2.93
30.232340592890978,-0.02,2.9
30.233758322894573,-0.02,2.87
30.235213577747345,-0.02,2.84
30.236670028418303,-0.02,2.88
30.238123014569283,-0.02,2.91
30.239579435437918,-0.02,2.88
30.241024520248175,-0.02,2.88
30.24248694255948,-0.02,2.9
30.243939880281687,-0.02,2.88
30.245398815721273,-0.02,2.86
30.246859654784203,-0.03,2.85
30.248301774263382,-0.02,2.87
30.249760817736387,-0.02,2.87
30.251209765672684,-0.02,2.88
30.252667505294085,-0.02,2.92
30.254119742661715,-0.02,2.92
30.255576495081186,-0.02,2.86
30.25703861936927,-0.02,2.85
30.258490324020386,-0.02,2.89
30.259936548769474,-0.02,2.89
30.26139374449849,-0.02,2.9
30.262855753302574,-0.02,2.93
30.264299497008324,-0.03,2.91
30.265763092786074,-0.02,2.91
30.267212852835655,-0.02,2.93
30.268670056015253,-0.02,2.94
30.27011215686798,-0.02,2.9
30.271588169038296,-0.02,2.91
30.273025177419186,-0.02,2.89
30.274495899677277,-0.03,2.88
30.27596053108573,-0.02,2.91
30.277404852211475,-0.02,2.92
30.278856839984655,-0.02,2.9
30.280300091952085,-0.02,2.93
30.28175688162446,-0.02,2.93
30.283215574920177,-0.02,2.94
30.284677386283875,-0.02,2.94
30.28612631186843,-0.02,2.9
30.287573646754026,-0.02,2.91
30.289033874869347,-0.03,2.92
30.290487106889486,-0.03,2.91
30.291940916329622,-0.03,2.86
30.29339086264372,-0.03,2.87
30.29484748467803,-0.02,2.91
30.296300277113914,-0.02,2.92
30.297765389084816,-0.03,2.92
30.299213498830795,-0.03,2.9
30.300672307610512,-0.03,2.93
30.30212142318487,-0.03,2.96
30.30358875915408,-0.03,2.92
30.305027950555086,-0.02,2.88
30.306496657431126,-0.02,2.89
30.307939920574427,-0.03,2.88
30.309399090707302,-0.03,2.88
30.31085717305541,-0.02,2.88
30.31230178847909,-0.02,2.89
30.313764221966267,-0.03,2.88
30.315226208418608,-0.03,2.85
30.316675934940577,-0.02,2.86
30.31812148913741,-0.03,2.87
30.31959217786789,-0.02,2.86
30.3210311755538,-0.02,2.83
30.32248642295599,-0.02,2.87
30.323945455253124,-0.03,2.88
30.325398202985525,-0.03,2.89
30.32685711979866,-0.02,2.9
30.32830424979329,-0.02,2.85
30.32976207509637,-0.02,2.83
30.331221394240856,-0.03,2.83
30.33266768604517,-0.02,2.83
30.334125749766827,-0.03,2.85
30.335588816553354,-0.03,2.82
30.337034948170185,-0.02,2.8
30.338491458445787,-0.03,2.8
30.33995708078146,-0.03,2.81
30.341406650841236,-0.03,2.83
30.342851385474205,-0.03,2.82
30.344308234751225,-0.03,2.85
30.34577150270343,-0.03,2.83
30.347210936248302,-0.03,2.84
30.34867874532938,-0.03,2.81
30.35013335570693,-0.03,2.83
30.351588275283575,-0.03,2.82
30.353040050715208,-0.03,2.82
30.354492735117674,-0.03,2.83
30.355939961969852,-0.03,2.86
30.357400376349688,-0.03,2.81
30.358856227248907,-0.02,2.77
30.360308654606342,-0.02,2.78
30.361771933734417,-0.02,2.77
30.36321436986327,-0.02,2.78
30.364668998867273,-0.02,2.75
30.366131506860256,-0.03,2.81
30.367588236927986,-0.02,2.81
30.36903340369463,-0.02,2.77
30.37047576531768,-0.03,2.78
30.371948435902596,-0.02,2.81
30.37340347468853,-0.02,2.82
30.374864026904106,-0.02,2.81
30.37630481272936,-0.02,2.82
30.37776244431734,-0.02,2.78
30.379206974059343,-0.02,2.78
30.38067737594247,-0.02,2.79
30.382136944681406,-0.02,2.78
30.38360011205077,-0.02,2.79
30.385046932846308,-0.02,2.78
30.386499226093292,-0.02,2.77
30.387937866151333,-0.02,2.78
30.389407604932785,-0.02,2.79
30.390853509306908,-0.02,2.77
30.39231540262699,-0.02,2.77
30.393772765994072,-0.02,2.74
30.395223621279,-0.02,2.76
30.396673809736967,-0.02,2.76
30.39813482016325,-0.02,2.77
30.399589747190475,-0.02,2.77
30.40104079246521,-0.02,2.78
30.40249476581812,-0.02,2.8
30.40396273508668,-0.02,2.81
30.405400563031435,-0.02,2.75
30.406853787600994,-0.02,2.79
30.40830945596099,-0.02,2.78
30.409763507544994,-0.02,2.77
30.411225881427526,-0.02,2.79
30.412694297730923,-0.02,2.8
30.414133492857218,-0.02,2.8
30.415586069226265,-0.02,2.77
30.41705233231187,-0.02,2.77
30.418490264564753,-0.02,2.81
30.419949017465115,-0.02,2.83
30.42140519246459,-0.02,2.83
30.422865569591522,-0.02,2.8
30.424312982708216,-0.02,2.81
30.425775591284037,-0.02,2.83
30.42722237855196,-0.02,2.88
30.428669698536396,-0.02,2.88
30.430139005184174,-0.02,2.87
30.43159046396613,-0.02,2.87
30.43304641544819,-0.02,2.87
30.434503071010113,-0.02,2.86
30.435943637043238,-0.02,2.82
30.4374021589756,-0.03,2.82
30.4388557523489,-0.02,2.87
30.440317388623953,-0.02,2.88
30.441774610430002,-0.02,2.83
30.443236336112022,-0.02,2.82
30.444685213267803,-0.02,2.79
30.44613765925169,-0.02,2.8
30.447595734149218,-0.02,2.82
30.44904488697648,-0.02,2.83
30.450497943907976,-0.02,2.81
30.451961025595665,-0.02,2.78
30.453413419425488,-0.02,2.83
30.454854805022478,-0.02,2.84
30.456326186656952,-0.02,2.86
30.457760959863663,-0.02,2.85
30.45923202857375,-0.02,2.8
30.46068601310253,-0.02,2.81
30.462142873555422,-0.02,2.82
30.46358673274517,-0.02,2.81
30.46504718437791,-0.02,2.84
30.466503750532866,-0.02,2.84
30.467963110655546,-0.03,2.85
30.469409972429276,-0.02,2.87
30.470875158905983,-0.03,2.86
30.472316797822714,-0.03,2.9
30.473777756094933,-0.02,2.86
30.475225154310465,-0.03,2.87
30.476673636585474,-0.02,2.87
30.47813469544053,-0.02,2.81
30.47958629578352,-0.02,2.8
30.481042064726353,-0.02,2.83
30.48251022771001,-0.02,2.85
30.483938582241535,-0.02,2.85
30.485407650470734,-0.02,2.86
30.486859440803528,-0.02,2.87
30.488312553614378,-0.02,2.87
30.489768214523792,-0.02,2.88
30.491221971809864,-0.02,2.87
30.492680303752422,-0.02,2.85
30.49413536861539,-0.02,2.85
30.495589707046747,-0.02,2.83
30.4970495775342,-0.02,2.81
30.498505026102066,-0.02,2.82
30.499938014894724,-0.02,2.83
30.50141403824091,-0.03,2.83
30.502864990383387,-0.02,2.84
30.50431741029024,-0.02,2.83
30.505763314664364,-0.02,2.85
30.507223457098007,-0.02,2.86
30.50868921354413,-0.02,2.84
30.51013780757785,-0.02,2.85
30.511590156704187,-0.02,2.87
30.513040505349636,-0.02,2.81
30.51450329273939,-0.03,2.78
30.51595088094473,-0.03,2.75
30.517409771680832,-0.02,2.74
30.518856946378946,-0.02,2.76
30.520324122160673,-0.02,2.78
30.521763518452644,-0.02,2.79
30.523222852498293,-0.02,2.78
30.524690061807632,-0.02,2.8
30.526135433465242,-0.02,2.78
30.527591113001108,-0.02,2.74
30.529051426798105,-0.02,2.76
30.53049784898758,-0.02,2.74
30.53193924576044,-0.02,2.76
30.53340196609497,-0.02,2.8
30.534867879003286,-0.02,2.76
30.536314498633146,-0.02,2.7
30.53776742517948,-0.02,2.73
30.539224676787853,-0.02,2.72
30.54067724943161,-0.02,2.72
30.542142633348703,-0.02,2.69
30.543598424643278,-0.02,2.69
30.5450445599854,-0.02,2.72
30.546498276293278,-0.02,2.72
30.54795876890421,-0.02,2.75
30.54940987750888,-0.02,2.72
30.5508692599833,-0.02,2.68
30.552317637950182,-0.02,2.67
30.55378022417426,-0.02,2.7
30.555229552090168,-0.02,2.7
30.556680507957935,-0.02,2.68
30.558126498013735,-0.02,2.67
30.559592083096504,-0.02,2.66
30.561050433665514,-0.02,2.71
30.562502440065145,-0.02,2.7
30.563961390405893,-0.02,2.71
30.56541285663843,-0.02,2.71
30.566860429942608,-0.02,2.73
30.56833018362522,-0.02,2.74
30.56977815181017,-0.02,2.7
30.57123602181673,-0.02,2.68
30.572695665061474,-0.02,2.7
30.57414098083973,-0.02,2.68
30.575599279254675,-0.02,2.66
30.57705706730485,-0.02,2.7
30.57851155102253,-0.02,2.69
30.579968445003033,-0.02,2.7
30.581424858421087,-0.02,2.69
30.58287649601698,-0.02,2.71
30.584311734884977,-0.02,2.74
30.585779771208763,-0.02,2.69
30.58723344653845,-0.02,2.69
30.588683664798737,-0.02,2.72
30.590140141546726,-0.02,2.72
30.59160090982914,-0.02,2.68
30.593061592429876,-0.02,2.66
30.594513330608606,-0.02,2.68
30.59597346931696,-0.02,2.68
30.59742609038949,-0.02,2.68
30.598861202597618,-0.02,2.7
30.60032605007291,-0.02,2.72
30.601784478873014,-0.02,2.68
30.60322918742895,-0.02,2.69
30.60469413176179,-0.02,2.67
30.60614136606455,-0.02,2.66
30.607593346387148,-0.02,2.7
30.609054442495108,-0.02,2.74
30.610505633056164,-0.02,2.74
30.611965525895357,-0.02,2.69
30.613419964909554,-0.02,2.7
30.614870008081198,-0.02,2.72
30.616334039717913,-0.02,2.73
30.617780223488808,-0.02,2.7
30.61923949792981,-0.02,2.68
30.620677553117275,-0.02,2.67
30.622141230851412,-0.02,2.67
30.62360243871808,-0.02,2.63
30.62505728751421,-0.02,2.64
30.62649877741933,-0.02,2.64
30.627974454313517,-0.02,2.65
30.629412662237883,-0.02,2.69
30.630879618227482,-0.02,2.69
30.632329650223255,-0.02,2.66
30.633783891797066,-0.02,2.67
30.63522843271494,-0.02,2.67
30.636693872511387,-0.02,2.66
30.638149559497833,-0.02,2.63
30.6395942568779,-0.02,2.63
30.64105723798275,-0.02,2.69
30.64251670241356,-0.02,2.71
30.643969792872667,-0.02,2.69
30.645424522459507,-0.02,2.68
30.64687741175294,-0.02,2.67
30.64832204580307,-0.02,2.65
30.649774204939604,-0.02,2.67
30.651239402592182,-0.02,2.68
30.65269821509719,-0.02,2.66
30.654150389134884,-0.02,2.66
30.655587445944548,-0.02,2.68
30.657062478363514,-0.02,2.68
30.658503737300634,-0.02,2.68
30.65997578576207,-0.02,2.65
30.661421209573746,-0.02,2.66
30.662872601300478,-0.02,2.69
30.66433572769165,-0.02,2.72
30.66577909886837,-0.02,2.72
30.667230900377035,-0.02,2.71
30.668684795498848,-0.02,2.67
30.670158352702856,-0.02,2.68
30.671609368175268,-0.02,2.66
30.67305301129818,-0.02,2.67
30.674514688551426,-0.02,2.71
30.675971813499928,-0.02,2.67
30.677426911890507,-0.02,2.69
30.678870253264904,-0.02,2.7
30.68033405765891,-0.02,2.69
30.681780092418194,-0.02,2.68
30.683233465999365,-0.02,2.69
30.684693221002817,-0.02,2.7
30.686135720461607,-0.02,2.74
30.68760620057583,-0.02,2.75
30.68906131759286,-0.02,2.74
30.69050944969058,-0.02,2.71
30.691971261054277,-0.02,2.73
30.693430837243795,-0.02,2.76
30.694878049194813,-0.02,2.78
30.696336682885885,-0.02,2.78
30.697795379906893,-0.02,2.74
30.699242264032364,-0.02,2.73
30.700681805610657,-0.02,2.77
30.702156249433756,-0.02,2.78
30.703605391085148,-0.02,2.79
30.705062810331583,-0.02,2.79
30.706516411155462,-0.02,2.76
30.707966472953558,-0.02,2.73
30.709425643086433,-0.02,2.75
30.710884366184473,-0.02,2.76
30.71232945844531,-0.02,2.77
30.71379030123353,-0.02,2.79
30.7152449041605,-0.02,2.77
30.716694716364145,-0.02,2.75
30.718146987259388,-0.02,2.76
30.719617787748575,-0.02,2.74
30.721066646277905,-0.02,2.74
30.722512740641832,-0.02,2.78
30.72397344559431,-0.02,2.84
30.725415773689747,-0.02,2.82
30.726877622306347,-0.02,2.78
30.728326119482517,-0.02,2.74
30.72978777065873,-0.02,2.77
30.731236465275288,-0.02,2.83
30.73269520699978,-0.02,2.78
30.734162732958794,-0.02,2.78
30.735599502921104,-0.02,2.81
30.737065996974707,-0.02,2.83
30.738517835736275,-0.02,2.84
30.73997461423278,-0.02,2.86
30.741427447646856,-0.02,2.86
30.742879573255777,-0.02,2.85
30.74433820694685,-0.02,2.81
30.74579967930913,-0.02,2.82
30.747245259582996,-0.02,2.86
30.74871326237917,-0.02,2.92
30.750156585127115,-0.02,2.93
30.751620694994926,-0.02,2.95
30.753074325621128,-0.02,2.93
30.754526186734438,-0.02,2.89
30.755983117967844,-0.02,2.94
30.75743432715535,-0.02,2.95
30.75887895002961,-0.02,2.94
30.760344348847866,-0.02,2.96
30.761801302433014,-0.02,2.98
30.763253591954708,-0.02,2.93
30.764699336141348,-0.02,2.89
30.76614687591791,-0.02,2.93
30.767611235380173,-0.02,2.95
30.76906232908368,-0.02,2.97
30.770518235862255,-0.02,3.01
30.77197152376175,-0.02,2.99
30.773427546024323,-0.02,2.98
30.774883273988962,-0.02,2.94
30.776342995464802,-0.02,2.93
30.777799010276794,-0.02,3.0
30.779261644929647,-0.02,2.99
30.780696365982294,-0.02,3.02
30.782161977142096,-0.02,3.0
30.78360715508461,-0.02,2.96
30.78507161140442,-0.02,3.02
30.786511816084385,-0.02,3.01
30.787973381578922,-0.02,3.03
30.78942859917879,-0.02,3.05
30.79089019447565,-0.02,3.03
30.792347587645054,-0.02,3.03
30.79379514604807,-0.02,3.07
30.79523739218712,-0.02,3.06
30.796706080436707,-0.02,3.07
30.798165451735258,-0.02,3.11
30.799608625471592,-0.02,3.11
30.801064897328615,-0.02,3.09
30.802523031830788,-0.02,3.05
30.803986318409443,-0.02,3.11
30.805429939180613,-0.02,3.15
30.806884244084358,-0.02,3.18
30.808339029550552,-0.02,3.15
30.809790793806314,-0.02,3.18
30.8112577162683,-0.02,3.19
30.812711492180824,-0.02,3.19
30.814159471541643,-0.02,3.17
30.815621428191662,-0.02,3.17
30.81707653403282,-0.02,3.18
30.81852939352393,-0.02,3.22
30.81998934596777,-0.02,3.23
30.82143947854638,-0.02,3.27
30.82288359850645,-0.02,3.26
30.824335668236017,-0.02,3.26
30.82580428943038,-0.02,3.31
30.82726228237152,-0.02,3.3
30.828714970499277,-0.02,3.29
30.830160185694695,-0.02,3.33
30.83162807300687,-0.02,3.34
30.833073996007442,-0.02,3.35
30.834531981498003,-0.02,3.34
30.835976622998714,-0.02,3.34
30.83744239062071,-0.02,3.37
30.838894486427307,-0.02,3.4
30.84034799039364,-0.02,3.38
30.84180575236678,-0.02,3.37
30.84326221048832,-0.02,3.41
30.844715379178524,-0.02,3.39
30.84616619348526,-0.02,3.42
30.84761332347989,-0.02,3.41
30.84906481951475,-0.02,3.4
30.850522227585316,-0.02,3.41
30.851982560008764,-0.02,3.45
30.853435419499874,-0.02,3.45
30.85489908605814,-0.02,3.42
30.856351174414158,-0.02,3.43
30.857803035527468,-0.02,3.41
30.859264735132456,-0.02,3.41
30.860706482082605,-0.02,3.46
30.862175062298775,-0.02,3.5
30.863616917282343,-0.02,3.49
30.865068435668945,-0.02,3.45
30.866526544094086,-0.02,3.45
30.867979764938354,-0.02,3.48
30.869441144168377,-0.02,3.48
30.87090278416872,-0.02,3.49
30.87234941497445,-0.02,3.49
30.873803079128265,-0.02,3.54
30.875260293483734,-0.02,3.53
30.87670337408781,-0.02,3.53
30.8781644590199,-0.02,3.54
30.879616428166628,-0.02,3.5
30.881084114313126,-0.02,3.48
30.882531084120274,-0.02,3.51
30.8839913867414,-0.02,3.55
30.88543802127242,-0.02,3.57
30.88689251616597,-0.02,3.58
30.888347040861845,-0.02,3.53
30.889812752604485,-0.02,3.54
30.89126306027174,-0.02,3.55
30.892705738544464,-0.02,3.55
30.894167341291904,-0.02,3.54
30.89561663940549,-0.02,3.54
30.897077824920416,-0.02,3.57
30.898531295359135,-0.02,3.59
30.8999789878726,-0.02,3.54
30.901433061808348,-0.02,3.5
30.90289804339409,-0.02,3.53
30.904353871941566,-0.02,3.57
30.905804753303528,-0.02,3.6
30.907265324145555,-0.02,3.59
30.908710062503815,-0.02,3.58
30.910167064517736,-0.02,3.57
30.911634162068367,-0.02,3.53
30.913080863654613,-0.02,3.53
30.91454166918993,-0.02,3.53
30.915996085852385,-0.02,3.54
30.917453326284885,-0.02,3.57
30.918894048780203,-0.02,3.53
30.9203512519598,-0.02,3.49
30.92180111259222,-0.02,3.53
30.923263408243656,-0.02,3.58
30.924724273383617,-0.02,3.56
30.926169618964195,-0.02,3.53
30.927624460309744,-0.02,3.54
30.92907550930977,-0.02,3.55
30.9305270165205,-0.02,3.58
30.931989271193743,-0.02,3.59
30.933448426425457,-0.02,3.56
30.934903018176556,-0.02,3.57
30.936350259929895,-0.02,3.6
30.937805023044348,-0.02,3.58
30.939264927059412,-0.02,3.55
30.940723475068808,-0.02,3.53
30.942184008657932,-0.02,3.59
30.943630907684565,-0.02,3.6
30.945083048194647,-0.02,3.59
30.94653693214059,-0.02,3.56
30.948001101613045,-0.02,3.56
30.94944828376174,-0.02,3.55
30.950904317200184,-0.02,3.56
30.95236447826028,-0.02,3.57
30.953816641122103,-0.02,3.55
30.95527061074972,-0.02,3.53
30.956724502146244,-0.02,3.52
30.958167240023613,-0.02,3.55
30.959624230861664,-0.02,3.56
30.96107990294695,-0.02,3.55
30.962546098977327,-0.02,3.55
30.963997710496187,-0.02,3.6
30.96544524282217,-0.02,3.58
30.966901507228613,-0.02,3.55
30.96835931017995,-0.02,3.57
30.96981292963028,-0.02,3.6
30.971263233572245,-0.02,3.61
30.972709394991398,-0.02,3.59
30.974168349057436,-0.02,3.58
30.97562937811017,-0.02,3.59
30.977083943784237,-0.03,3.58
30.978530809283257,-0.02,3.55
30.97998970374465,-0.02,3.55
30.98145204409957,-0.02,3.53
30.98290855064988,-0.02,3.52
30.98435962572694,-0.02,3.54
30.98580938205123,-0.02,3.54
30.987268574535847,-0.02,3.5
30.988719813525677,-0.02,3.52
30.99016796797514,-0.02,3.5
30.99162584170699,-0.02,3.5
30.993090115487576,-0.02,3.51
30.994547490030527,-0.02,3.56
30.995997317135334,-0.02,3.57
30.9974476210773,-0.02,3.56
30.99890301004052,-0.02,3.53
31.000350631773472,-0.02,3.49
31.00181634351611,-0.02,3.48
31.00326718762517,-0.02,3.49
31.004729442298412,-0.02,3.57
31.00617704167962,-0.02,3.53
31.0076220408082,-0.02,3.5
31.00908013060689,-0.02,3.53
31.01054336875677,-0.02,3.56
31.011990636587143,-0.02,3.57
31.01345456764102,-0.02,3.57
31.01490505412221,-0.03,3.56
31.01635830849409,-0.02,3.57
31.01781529188156,-0.02,3.56
31.019267458468676,-0.02,3.55
31.02072873339057,-0.02,3.55
31.022171713411808,-0.02,3.53
31.023631162941456,-0.02,3.57
31.02507997304201,-0.03,3.59
31.026619788259268,-0.02,3.57
31.02799277380109,-0.03,3.6
31.029453814029694,-0.03,3.58
31.03091772645712,-0.03,3.59
31.03235501423478,-0.03,3.56
31.03382307291031,-0.02,3.59
31.035263739526272,-0.02,3.6
31.03672442212701,-0.02,3.57
31.038180973380804,-0.02,3.57
31.03963916376233,-0.03,3.57
31.041086602956057,-0.02,3.57
31.042539302259684,-0.03,3.58
31.0439984947443,-0.03,3.6
31.045448817312717,-0.02,3.58
31.046909663826227,-0.02,3.55
31.048354282975197,-0.02,3.6
31.04982028156519,-0.02,3.62
31.05126788839698,-0.03,3.58
31.05272437632084,-0.03,3.52
31.054187800735235,-0.03,3.54
31.05563061311841,-0.02,3.56
31.057084672152996,-0.02,3.54
31.0585297010839,-0.02,3.54
31.060001261532307,-0.02,3.58
31.061455883085728,-0.02,3.62
31.06290614232421,-0.02,3.63
31.064359709620476,-0.02,3.58
31.065823659300804,-0.02,3.56
31.067265659570694,-0.02,3.59
31.068727307021618,-0.02,3.57
31.070179644972086,-0.02,3.57
31.071643389761448,-0.02,3.54
31.07309288531542,-0.02,3.54
31.074553307145834,-0.02,3.54
31.076002702116966,-0.02,3.58
31.077453073114157,-0.02,3.6
31.078915491700172,-0.03,3.58
31.080361008644104,-0.02,3.56
31.08182104304433,-0.02,3.57
31.083269484341145,-0.02,3.55
31.08472853153944,-0.02,3.55
31.086174093186855,-0.02,3.55
31.087623983621597,-0.02,3.54
31.08909560739994,-0.02,3.53
31.090534195303917,-0.02,3.54
31.09200557693839,-0.02,3.57
31.093448914587498,-0.02,3.57
31.094903230667114,-0.02,3.59
31.096362948417664,-0.02,3.59
31.097820915281773,-0.03,3.56
31.099270544946194,-0.02,3.55
31.10072422027588,-0.02,3.57
31.10217696428299,-0.02,3.54
31.103629235178232,-0.02,3.54
31.10508282855153,-0.02,3.55
31.106534603983164,-0.02,3.55
31.107987366616726,-0.02,3.58
31.10944503173232,-0.02,3.56
31.11089266091585,-0.02,3.53
31.11234548315406,-0.02,3.53
31.11381581798196,-0.02,3.55
31.115267224609852,-0.02,3.53
31.116717964410782,-0.02,3.52
31.118172854185104,-0.02,3.55
31.1196356266737,-0.03,3.5
31.121077466756105,-0.03,3.47
31.122536703944206,-0.02,3.49
31.123984433710575,-0.03,3.47
31.125449527055025,-0.03,3.46
31.126898519694805,-0.03,3.49
31.128348384052515,-0.03,3.48
31.129804529249668,-0.03,3.5
31.131267677992582,-0.02,3.54
31.132724344730377,-0.03,3.52
31.134163159877062,-0.03,3.51
31.135621454566717,-0.03,3.5
31.137074537575245,-0.03,3.48
31.13853530585766,-0.03,3.46
31.139980513602495,-0.03,3.47
31.141437843441963,-0.03,3.48
31.142894461750984,-0.03,3.46
31.144346196204424,-0.03,3.48
31.145795840770006,-0.03,3.5
31.147256821393967,-0.03,3.45
31.148718804121017,-0.03,3.48
31.15016821399331,-0.03,3.46
31.151610635221004,-0.03,3.45
31.153071131557226,-0.03,3.46
31.15452880039811,-0.03,3.48
31.155984055250883,-0.03,3.48
31.15743411332369,-0.03,3.48
31.158885721117258,-0.03,3.46
31.16033600270748,-0.03,3.48
31.16179921478033,-0.03,3.48
31.163253463804722,-0.03,3.48
31.16470717266202,-0.03,3.53
31.16616354137659,-0.03,3.54
31.16760341823101,-0.03,3.51
31.16907725483179,-0.03,3.51
31.170530628412962,-0.03,3.52
31.1719853207469,-0.03,3.55
31.173443619161844,-0.03,3.59
31.174897007644176,-0.03,3.55
31.176353007555008,-0.03,3.52
31.177800126373768,-0.03,3.55
31.17925290763378,-0.03,3.56
31.18070339038968,-0.03,3.57
31.182173028588295,-0.03,3.59
31.183615371584892,-0.03,3.56
31.185072533786297,-0.03,3.57
31.186531499028206,-0.03,3.56
31.187978643923998,-0.03,3.58
31.18943989276886,-0.03,3.56
31.190896816551685,-0.03,3.59
31.192340828478336,-0.03,3.59
31.193810544908047,-0.03,3.6
31.195246003568172,-0.03,3.62
31.196706920862198,-0.03,3.6
31.19817280396819,-0.03,3.57
31.199618462473154,-0.03,3.59
31.201079688966274,-0.03,3.6
31.202529162168503,-0.03,3.61
31.20398124307394,-0.03,3.59
31.205443408340216,-0.03,3.65
31.20689706876874,-0.03,3.64
31.208351481705904,-0.03,3.62
31.209797341376543,-0.03,3.66
31.211269050836563,-0.03,3.65
31.212719697505236,-0.03,3.64
31.21416897326708,-0.03,3.63
31.215623784810305,-0.03,3.68
31.217076674103737,-0.03,3.69
31.21853205189109,-0.03,3.65
31.219982717186213,-0.03,3.67
31.221436876803637,-0.03,3.62
31.22290415689349,-0.03,3.61
31.22434987127781,-0.03,3.62
31.225808188319206,-0.03,3.63
31.227252792567015,-0.03,3.64
31.228713631629944,-0.03,3.65
31.230175334960222,-0.03,3.62
31.231625135987997,-0.02,3.63
31.233082443475723,-0.02,3.68
31.234540089964867,-0.02,3.7
31.235981337726116,-0.02,3.65
31.237434778362513,-0.02,3.63
31.23889819532633,-0.03,3.61
31.240357592701912,-0.03,3.61
31.24180981516838,-0.03,3.58
31.243269730359316,-0.03,3.59
31.244712565094233,-0.02,3.58
31.246180184185505,-0.02,3.6
31.247628401964903,-0.02,3.56
31.249080069363117,-0.03,3.58
31.25053483620286,-0.03,3.57
31.251994404941797,-0.03,3.56
31.253438483923674,-0.03,3.56
31.254905603826046,-0.03,3.55
31.25635090842843,-0.02,3.54
31.25781039893627,-0.02,3.52
31.25925086811185,-0.02,3.54
31.260719563812017,-0.03,3.52
31.26218031719327,-0.03,3.53
31.263628136366606,-0.03,3.54
31.265078775584698,-0.02,3.55
31.266537725925446,-0.02,3.55
31.2679877653718,-0.02,3.55
31.269447658210993,-0.02,3.58
31.270903952419758,-0.02,3.54
31.272358249872923,-0.03,3.54
31.273805137723684,-0.03,3.55
31.275270991027355,-0.03,3.54
31.276717636734247,-0.03,3.55
31.278176847845316,-0.03,3.58
31.279619596898556,-0.03,3.53
31.281087335199118,-0.03,3.5
31.282532893121243,-0.03,3.54
31.28400107845664,-0.03,3.51
31.285453226417303,-0.03,3.49
31.286895990371704,-0.03,3.56
31.2883543074131,-0.02,3.59
31.28981089964509,-0.02,3.6
31.291252497583628,-0.03,3.59
31.292723134160042,-0.03,3.56
31.294175259768963,-0.03,3.56
31.295637369155884,-0.03,3.55
31.297082871198654,-0.03,3.52
31.298537373542786,-0.03,3.57
31.299988601356745,-0.03,3.57
31.301455587148666,-0.03,3.61
31.30289725214243,-0.03,3.58
31.304357420653105,-0.03,3.58
31.30581760406494,-0.03,3.6
31.30727081745863,-0.03,3.58
31.308716844767332,-0.03,3.58
31.310170259326696,-0.03,3.61
31.311633989214897,-0.03,3.62
31.313082102686167,-0.03,3.7
31.31453425809741,-0.02,3.69
31.31599497050047,-0.02,3.63
31.317455641925335,-0.02,3.63
31.318901106715202,-0.02,3.64
31.32036405056715,-0.02,3.62
31.321808367967606,-0.02,3.64
31.323253575712442,-0.02,3.68
31.324720058590174,-0.02,3.67
31.32618497684598,-0.02,3.67
31.327632125467062,-0.02,3.65
31.329090788960457,-0.02,3.63
31.330545376986265,-0.02,3.64
31.331994231790304,-0.02,3.62
31.333457861095667,-0.02,3.61
31.334903083741665,-0.02,3.66
31.33636586740613,-0.02,3.71
31.337814562022686,-0.02,3.73
31.33927658572793,-0.02,3.72
31.34071722626686,-0.02,3.7
31.342183459550142,-0.02,3.68
31.3436286970973,-0.02,3.65
31.3450915068388,-0.02,3.63
31.34653990343213,-0.02,3.64
31.347994722425938,-0.02,3.67
31.349461019039154,-0.02,3.72
31.3509006164968,-0.02,3.71
31.35236892104149,-0.02,3.68
31.35382379591465,-0.02,3.67
31.355272982269526,-0.02,3.68
31.356729272753,-0.02,3.67
31.358177438378334,-0.02,3.65
31.35963173955679,-0.02,3.66
31.361094817519188,-0.02,3.7
31.362534638494253,-0.02,3.68
31.364004012197256,-0.02,3.68
31.36546042189002,-0.02,3.69
31.36691464483738,-0.02,3.66
31.36836812645197,-0.02,3.64
31.369816839694977,-0.02,3.61
31.37127648666501,-0.02,3.61
31.37273084744811,-0.02,3.62
31.3741799518466,-0.02,3.57
31.37563217431307,-0.02,3.62
31.377085518091917,-0.02,3.62
31.37853878363967,-0.02,3.55
31.379991240799427,-0.02,3.55
31.381447724997997,-0.02,3.57
31.38290734216571,-0.02,3.63
31.384356137365103,-0.02,3.67
31.385805871337652,-0.02,3.67
31.387261543422937,-0.02,3.68
31.388709507882595,-0.02,3.65
31.390179220587015,-0.02,3.61
31.39163339883089,-0.02,3.59
31.393077973276377,-0.02,3.61
31.394543040543795,-0.02,3.63
31.395999670028687,-0.02,3.6
31.397449385374784,-0.02,3.58
31.39889657497406,-0.02,3.58
31.400355257093906,-0.02,3.6
31.401817329227924,-0.02,3.63
31.403377406299114,-0.02,3.58
31.404709815979004,-0.02,3.6
31.406173039227724,-0.02,3.58
31.40762210264802,-0.02,3.54
31.40907997265458,-0.02,3.58
31.410531140863895,-0.02,3.6
31.411986488848925,-0.02,3.59
31.413446061313152,-0.02,3.58
31.41490425169468,-0.02,3.54
31.416354950517416,-0.02,3.54
31.417806055396795,-0.02,3.58
31.419250216335058,-0.02,3.57
31.420717537403107,-0.02,3.59
31.4221719391644,-0.02,3.6
31.423626072704792,-0.02,3.6
31.42508241161704,-0.02,3.56
31.426542531698942,-0.02,3.55
31.427985906600952,-0.02,3.57
31.429451253265142,-0.02,3.57
31.430898442864418,-0.02,3.58
31.432357296347618,-0.02,3.57
31.43381519243121,-0.02,3.56
31.435274232178926,-0.02,3.59
31.436721563339233,-0.02,3.6
31.43816401064396,-0.02,3.59
31.439635790884495,-0.02,3.56
31.441090781241655,-0.02,3.55
31.44254209846258,-0.02,3.58
31.443989254534245,-0.02,3.58
31.445454083383083,-0.02,3.54
31.446916736662388,-0.02,3.56
31.44835700839758,-0.02,3.61
31.449817296117544,-0.02,3.59
31.451254446059465,-0.02,3.57
31.452718824148178,-0.02,3.55
31.45418595522642,-0.02,3.55
31.455641139298677,-0.02,3.56
31.45708953589201,-0.02,3.56
31.45854752510786,-0.02,3.57
31.460004959255457,-0.02,3.53
31.461452804505825,-0.02,3.51
31.46290212869644,-0.02,3.55
31.464354809373617,-0.02,3.56
31.465822245925665,-0.02,3.5
31.467274516820908,-0.02,3.53
31.468734420835972,-0.02,3.56
31.470175210386515,-0.02,3.58
31.47164559736848,-0.02,3.54
31.47308272868395,-0.02,3.51
31.474536206573248,-0.02,3.48
31.476008351892233,-0.02,3.52
31.477449610829353,-0.02,3.53
31.478902157396078,-0.02,3.51
31.480371102690697,-0.02,3.52
31.481822159141302,-0.02,3.55
31.48328023776412,-0.02,3.54
31.484721567481756,-0.02,3.54
31.486180260777473,-0.02,3.58
31.487646773457527,-0.02,3.58
31.48909455910325,-0.02,3.59
31.4905437938869,-0.02,3.56
31.492003858089447,-0.02,3.56
31.493448693305254,-0.02,3.62
31.494900718331337,-0.02,3.61
31.496370367705822,-0.02,3.61
31.49781158939004,-0.02,3.6
31.499265402555466,-0.02,3.6
31.500718966126442,-0.02,3.61
31.502187199890614,-0.02,3.6
31.503630105406046,-0.02,3.63
31.505085863173008,-0.02,3.66
31.506549187004566,-0.02,3.69
31.50800535455346,-0.02,3.66
31.509451176971197,-0.02,3.69
31.510901127010584,-0.02,3.67
31.512361869215965,-0.02,3.68
31.51382002234459,-0.02,3.69
31.515276029706,-0.02,3.66
31.516725078225136,-0.02,3.71
31.518178187310696,-0.02,3.71
31.51964358985424,-0.02,3.68
31.521092675626278,-0.02,3.67
31.522546712309122,-0.02,3.71
31.52400479093194,-0.02,3.76
31.525461364537477,-0.02,3.77
31.526909802109003,-0.02,3.76
31.528357852250338,-0.02,3.74
31.529822316020727,-0.02,3.75
31.531276118010283,-0.02,3.76
31.532737527042627,-0.02,3.7
31.534181334078312,-0.02,3.74
31.53564054146409,-0.02,3.73
31.537095602601767,-0.02,3.73
31.538536563515663,-0.02,3.74
31.5400001257658,-0.02,3.74
31.541458636522293,-0.02,3.75
31.542919129133224,-0.02,3.79
31.544364485889673,-0.02,3.79
31.545816496014595,-0.02,3.79
31.54728014022112,-0.02,3.78
31.548738174140453,-0.02,3.77
31.55019410699606,-0.02,3.76
31.551636453717947,-0.02,3.78
31.553092032670975,-0.02,3.79
31.554557122290134,-0.02,3.8
31.556008242070675,-0.02,3.8
31.557465948164463,-0.02,3.75
31.55891990661621,-0.02,3.69
31.560378845781088,-0.02,3.69
31.561819970607758,-0.02,3.73
31.563283931463957,-0.02,3.78
31.56473894417286,-0.02,3.79
31.56619282439351,-0.02,3.82
31.567652828991413,-0.02,3.79
31.569107491523027,-0.02,3.78
31.57054590433836,-0.02,3.85
31.572009921073914,-0.02,3.83
31.57346436753869,-0.02,3.79
31.574926115572453,-0.02,3.81
31.576377645134926,-0.02,3.79
31.577831529080868,-0.02,3.82
31.579282876104116,-0.02,3.82
31.580741621553898,-0.02,3.78
31.58218565955758,-0.02,3.76
31.583650913089514,-0.02,3.77
31.585102889686823,-0.02,3.79
31.586548935621977,-0.02,3.77
31.58801243454218,-0.02,3.78
31.58946267515421,-0.02,3.77
31.590925630182028,-0.02,3.76
31.59237079322338,-0.02,3.77
31.59383464604616,-0.02,3.71
31.59528211504221,-0.02,3.76
31.59673762321472,-0.02,3.8
31.598190251737833,-0.02,3.77
31.599651500582695,-0.02,3.74
31.60110390931368,-0.02,3.74
31.602550756186247,-0.02,3.74
31.604007214307785,-0.02,3.77
31.605471160262823,-0.02,3.75
31.606918778270483,-0.02,3.73
31.60837510973215,-0.02,3.76
31.609825052320957,-0.02,3.73
31.611284635961056,-0.02,3.72
31.612736463546753,-0.02,3.73
31.614197753369808,-0.02,3.75
31.615644920617342,-0.02,3.76
31.617100965231657,-0.02,3.77
31.618556808680296,-0.02,3.7
31.620006639510393,-0.02,3.66
31.62146646901965,-0.02,3.69
31.622923877090216,-0.03,3.71
31.624360617250204,-0.02,3.7
31.625831425189972,-0.02,3.71
31.627282589673996,-0.02,3.7
31.62874275073409,-0.02,3.67
31.630201820284128,-0.02,3.65
31.6316437125206,-0.02,3.65
31.633105985820293,-0.02,3.65
31.634553261101246,-0.02,3.64
31.6360000371933,-0.03,3.67
31.637480307370424,-0.03,3.66
31.638925194740295,-0.03,3.62
31.64038125053048,-0.02,3.6
31.641840297728777,-0.02,3.6
31.643281284719706,-0.02,3.64
31.64473980292678,-0.03,3.62
31.646199222654104,-0.03,3.54
31.6476531624794,-0.03,3.56
31.64911188557744,-0.03,3.57
31.65054803714156,-0.03,3.6
31.652004092931747,-0.03,3.61
31.65346595644951,-0.03,3.6
31.65491609275341,-0.03,3.64
31.65637619793415,-0.03,3.59
31.65783890336752,-0.02,3.54
31.659287475049496,-0.02,3.55
31.66074226051569,-0.03,3.56
31.66218651086092,-0.02,3.58
31.66364796832204,-0.03,3.59
31.665104813873768,-0.03,3.57
31.66655970364809,-0.03,3.54
31.668012350797653,-0.02,3.51
31.669473245739937,-0.02,3.54
31.67092629149556,-0.02,3.57
31.67237227037549,-0.02,3.55
31.67382974550128,-0.02,3.52
31.675296999514103,-0.02,3.53
31.676741037517786,-0.02,3.57
31.678189910948277,-0.03,3.56
31.67964854091406,-0.03,3.53
31.68111288920045,-0.03,3.54
31.68255629390478,-0.03,3.49
31.684020206332207,-0.03,3.52
31.68546676263213,-0.03,3.62
31.686922814697027,-0.03,3.58
31.68838158994913,-0.03,3.5
31.689842201769352,-0.03,3.5
31.691286258399487,-0.03,3.52
31.692738838493824,-0.02,3.5
31.694187711924314,-0.02,3.49
31.695652529597282,-0.02,3.48
31.697109542787075,-0.03,3.5
31.69855248183012,-0.03,3.49
31.700012762099504,-0.03,3.46
31.701465792953968,-0.03,3.47
31.70291443914175,-0.02,3.44
31.70438551157713,-0.02,3.47
31.705822352319956,-0.02,3.44
31.707288190722466,-0.02,3.43
31.70874973386526,-0.02,3.42
31.71020508930087,-0.02,3.47
31.71165255457163,-0.02,3.45
31.713109273463488,-0.02,3.39
31.71455918997526,-0.02,3.4
31.71600751951337,-0.02,3.42
31.717471603304148,-0.02,3.4
31.71892237663269,-0.02,3.4
31.720372177660465,-0.02,3.39
31.721837520599365,-0.02,3.39
31.723290476948023,-0.02,3.36
31.724733125418425,-0.02,3.39
31.726190265268087,-0.02,3.41
31.727648869156837,-0.02,3.38
31.72909129783511,-0.02,3.39
31.730549074709415,-0.02,3.39
31.732022538781166,-0.02,3.4
31.73348705470562,-0.02,3.39
31.734929978847504,-0.02,3.4
31.736370995640755,-0.02,3.41
31.737839985638857,-0.02,3.37
31.73928675800562,-0.02,3.39
31.74073638394475,-0.02,3.39
31.742197711020708,-0.02,3.41
31.743646517395973,-0.02,3.41
31.745101533830166,-0.02,3.35
31.746562372893095,-0.02,3.35
31.748012848198414,-0.02,3.39
31.749468371272087,-0.02,3.37
31.750912092626095,-0.02,3.38
31.75237274169922,-0.02,3.36
31.753826040774584,-0.02,3.36
31.75529257953167,-0.02,3.34
31.756738502532244,-0.02,3.34
31.75819408148527,-0.02,3.35
31.759643372148275,-0.02,3.4
31.761102132499218,-0.02,3.35
31.762554991990328,-0.02,3.27
31.76401039585471,-0.02,3.28
31.765468657016754,-0.02,3.32
31.766923680901527,-0.02,3.31
31.768380485475063,-0.02,3.31
31.769822608679533,-0.02,3.33
31.77128503471613,-0.02,3.3
31.772745117545128,-0.02,3.3
31.77419615536928,-0.02,3.32
31.77564861625433,-0.02,3.32
31.77710710465908,-0.02,3.32
31.778549551963806,-0.02,3.28
31.78001893684268,-0.02,3.27
31.781468477100134,-0.02,3.28
31.78291331604123,-0.02,3.28
31.78438436612487,-0.02,3.3
31.78583388775587,-0.02,3.23
31.787285640835762,-0.02,3.18
31.788734897971153,-0.02,3.18
31.7901976890862,-0.02,3.23
31.791643019765615,-0.02,3.23
31.793103396892548,-0.02,3.21
31.79456467181444,-0.02,3.21
31.796015076339245,-0.02,3.21
31.79745840281248,-0.02,3.26
31.79891523346305,-0.02,3.29
31.800379537045956,-0.02,3.24
31.801825314760208,-0.02,3.22
31.80328433588147,-0.02,3.19
31.804732520133257,-0.02,3.17
31.806194443255663,-0.02,3.15
31.80763628333807,-0.02,3.16
31.809100694954395,-0.02,3.14
31.81055312976241,-0.02,3.17
31.81200236827135,-0.02,3.16
31.81346506252885,-0.02,3.17
31.814919229596853,-0.02,3.2
31.81638068333268,-0.02,3.19
31.817823752760887,-0.02,3.18
31.81928490847349,-0.02,3.16
31.82072987034917,-0.02,3.16
31.822191551327705,-0.02,3.16
31.823638312518597,-0.02,3.17
31.82510309293866,-0.02,3.14
31.82656380161643,-0.02,3.12
31.828016880899668,-0.02,3.11
31.82947141304612,-0.02,3.11
31.830926563590765,-0.02,3.1
31.8323788754642,-0.02,3.1
31.833827182650566,-0.02,3.08
31.835285410284996,-0.02,3.08
31.836737420409918,-0.02,3.09
31.838192496448755,-0.02,3.06
31.839637830853462,-0.02,3.06
31.84110650420189,-0.02,3.1
31.842550426721573,-0.02,3.15
31.844115924090147,-0.02,3.13
31.845466669648886,-0.02,3.07
31.846918553113937,-0.02,3.07
31.848381455987692,-0.02,3.08
31.849819391965866,-0.02,3.06
31.851292341947556,-0.02,3.04
31.852738544344902,-0.02,3.06
31.854190412908792,-0.02,3.05
31.855647314339876,-0.02,3.03
31.857103921473026,-0.02,3.06
31.858560997992754,-0.02,3.07
31.860014215111732,-0.02,3.06
31.86147679015994,-0.02,3.07
31.86291515827179,-0.02,3.05
31.864371675997972,-0.02,3.05
31.86582751199603,-0.02,3.07
31.867289412766695,-0.02,3.05
31.868746880441904,-0.02,3.02
31.870198730379343,-0.02,2.99
31.871657632291317,-0.02,2.96
31.873102322220802,-0.02,2.98
31.87454904615879,-0.02,3.01
31.876006744801998,-0.02,3.02
31.87746336683631,-0.02,3.03
31.87891611084342,-0.02,3.02
31.880380623042583,-0.02,3.03
31.881829615682364,-0.02,3.06
31.883288200944662,-0.02,3.04
31.88473889604211,-0.02,3.04
31.886191565543413,-0.02,3.05
31.88765248283744,-0.02,3.04
31.889104522764683,-0.02,3.06
31.8905710875988,-0.02,3.05
31.892018154263496,-0.02,3.01
31.89347095042467,-0.02,3.0
31.89492216706276,-0.02,3.0
31.896372571587563,-0.02,3.01
31.897834949195385,-0.02,3.02
31.899290941655636,-0.02,3.01
31.900745443999767,-0.02,2.96
31.90219958499074,-0.02,2.99
31.903655592352152,-0.02,2.99
31.90510892868042,-0.02,2.96
31.906553871929646,-0.02,2.95
31.908009309321642,-0.02,2.94
31.909479703754187,-0.02,2.97
31.910930320620537,-0.02,2.95
31.912374522536993,-0.02,2.94
31.91383771598339,-0.02,2.94
31.915287114679813,-0.02,2.93
31.916750267148018,-0.02,2.93
31.918199066072702,-0.02,2.92
31.91965700313449,-0.02,2.92
31.921108826994896,-0.02,2.9
31.922569200396538,-0.02,2.91
31.924024648964405,-0.02,2.95
31.925478413701057,-0.02,2.95
31.926923885941505,-0.02,2.92
31.928381241858006,-0.02,2.92
31.929828844964504,-0.02,2.92
