elapsed_time [min],weight [g]
0.0021130964159965515,31.68,3.3,-0.31
0.004988905042409897,31.68,3.3,-0.31
0.008000370115041733,31.69,3.31,-0.31
0.010971985757350922,31.68,3.3,-0.31
0.013946674764156342,31.68,3.3,-0.31
0.016825269907712936,31.69,3.3,-0.31
0.019732553511857986,31.68,3.3,-0.31
0.02281762659549713,31.69,3.3,-0.31
0.025688741356134415,31.68,3.3,-0.31
0.02865825966000557,31.69,3.3,-0.31
0.03161490708589554,31.68,3.3,-0.31
0.034657999873161316,31.69,3.3,-0.31
0.03749449551105499,31.69,3.3,-0.31
0.04050884395837784,31.68,3.3,-0.32
0.04351460188627243,31.67,3.29,-0.31
0.04647473245859146,31.68,3.3,-0.31
0.04931330308318138,31.68,3.29,-0.31
0.05237512290477753,31.67,3.3,-0.31
0.05519413203001022,31.67,3.3,-0.31
0.05808830261230469,31.68,3.3,-0.31
0.06124857813119888,31.68,3.29,-0.31
0.06424079835414886,31.67,3.3,-0.31
0.06698359176516533,31.68,3.29,-0.31
0.0701288990676403,31.67,3.29,-0.31
0.07306239008903503,31.68,3.29,-0.31
0.07593211531639099,31.67,3.29,-0.31
0.07903172075748444,31.68,3.29,-0.31
0.08200346305966377,31.68,3.29,-0.31
0.0834396593272686,31.68,3.29,-0.31
0.08476980030536652,31.68,3.29,-0.31
0.08642248436808586,31.68,3.29,-0.31
0.08938648924231529,31.68,3.29,-0.31
0.09085509181022644,31.68,3.29,-0.31
0.09214658662676811,31.68,3.29,-0.31
0.09380850568413734,31.68,3.29,-0.31
0.0953061655163765,31.68,3.29,-0.31
0.0967707447707653,31.68,3.29,-0.31
0.09825138747692108,31.68,3.29,-0.31
0.09973012655973434,31.68,3.29,-0.31
0.10103458911180496,31.68,3.29,-0.31
0.10270646959543228,31.68,3.29,-0.31
0.10402429103851318,31.68,3.29,-0.31
0.10564571619033813,31.68,3.29,-0.31
0.10701967775821686,31.68,3.29,-0.31
0.10860277712345123,31.68,3.29,-0.31
0.10993772372603416,31.68,3.29,-0.31
0.11140204966068268,31.68,3.29,-0.31
0.11304791271686554,31.68,3.29,-0.31
0.11436107754707336,31.68,3.29,-0.31
0.11595406383275986,31.68,3.29,-0.31
0.11735584959387779,31.68,3.29,-0.31
0.11889227479696274,31.68,3.29,-0.31
0.1203342005610466,31.69,3.29,-0.31
0.12186083197593689,31.68,3.29,-0.31
0.12325352430343628,31.69,3.29,-0.31
0.12480728328227997,31.69,3.29,-0.31
0.12627630680799484,31.68,3.29,-0.31
0.12781663611531258,31.68,3.29,-0.31
0.12930050492286682,31.68,3.29,-0.31
0.13066648319363594,31.68,3.29,-0.31
0.13223591819405556,31.68,3.29,-0.31
0.13375375047326088,31.68,3.29,-0.31
0.1352292262017727,31.68,3.29,-0.31
0.13658621162176132,31.68,3.29,-0.31
0.138161551207304,31.68,3.29,-0.31
0.139556385576725,31.68,3.29,-0.31
0.14111026003956795,31.68,3.29,-0.31
0.14251689985394478,31.68,3.29,-0.31
0.1441105492413044,31.68,3.29,-0.31
0.14550349861383438,31.68,3.29,-0.31
0.14705587923526764,31.68,3.29,-0.31
0.14845030009746552,31.68,3.29,-0.31
0.1500006467103958,31.68,3.29,-0.31
0.15140290558338165,31.68,3.29,-0.31
0.15296999365091324,31.68,3.29,-0.31
0.154369555413723,31.68,3.29,-0.31
0.15572946518659592,31.68,3.29,-0.31
0.15726104751229286,31.68,3.29,-0.31
0.15882837772369385,31.68,3.29,-0.31
0.16037778556346893,31.68,3.29,-0.31
0.16185287758708,31.68,3.29,-0.31
0.1633267179131508,31.68,3.29,-0.31
0.1647467389702797,31.68,3.29,-0.31
0.16629831865429878,31.68,3.29,-0.31
0.1677056923508644,31.68,3.29,-0.31
0.16926027089357376,31.68,3.29,-0.31
0.17065639048814774,31.68,3.29,-0.31
0.17207733169198036,31.68,3.29,-0.31
0.17363101989030838,31.68,3.29,-0.31
0.174990214407444,31.68,3.29,-0.31
0.17659800127148628,31.68,3.29,-0.31
0.17790260165929794,31.68,3.29,-0.31
0.17961230129003525,31.68,3.29,-0.31
0.18103903159499168,31.68,3.29,-0.31
0.18232444301247597,31.68,3.29,-0.31
0.18401848897337914,31.68,3.29,-0.31
0.1868801712989807,31.68,3.29,-0.31
0.18977777659893036,31.68,3.29,-0.31
0.19292451441287994,31.68,3.29,-0.31
0.1958799585700035,31.68,3.3,-0.31
0.19881875440478325,31.67,3.3,-0.31
0.20161248743534088,31.68,3.31,-0.31
0.2045990228652954,31.69,3.31,-0.31
0.20771528407931328,31.68,3.31,-0.31
0.21051574870944023,31.68,3.31,-0.31
0.21340226754546165,31.68,3.31,-0.31
0.2163494937121868,31.68,3.31,-0.31
0.21936433762311935,31.68,3.31,-0.31
0.22227909415960312,31.68,3.31,-0.31
0.225233256816864,31.68,3.31,-0.31
0.22836385294795036,31.69,3.31,-0.31
0.23126274347305298,31.68,3.31,-0.31
0.23414519429206848,31.68,3.32,-0.31
0.2372688204050064,31.69,3.32,-0.31
0.24015477299690247,31.68,3.32,-0.31
0.2430189698934555,31.69,3.32,-0.31
0.24609088152647018,31.68,3.32,-0.31
0.24896349385380745,31.68,3.32,-0.31
0.25059816241264343,31.68,3.32,-0.31
0.25198375433683395,31.68,3.32,-0.31
0.2535368613898754,31.68,3.32,-0.31
0.25492729991674423,31.68,3.32,-0.31
0.2565111964941025,31.68,3.32,-0.31
0.25799714401364326,31.68,3.32,-0.31
0.2593948245048523,31.68,3.32,-0.31
0.2609383538365364,31.69,3.32,-0.31
0.26234273612499237,31.68,3.32,-0.31
0.2639119029045105,31.68,3.32,-0.31
0.26532698795199394,31.68,3.32,-0.31
0.26686428114771843,31.68,3.33,-0.31
0.2682644911110401,31.68,3.32,-0.31
0.2698376476764679,31.68,3.32,-0.31
0.27129122242331505,31.68,3.32,-0.31
0.2727062627673149,31.68,3.33,-0.31
0.2742639034986496,31.68,3.33,-0.31
0.27566128224134445,31.68,3.33,-0.31
0.277166198939085,31.68,3.33,-0.31
0.2786181643605232,31.68,3.32,-0.31
0.28017864376306534,31.69,3.32,-0.31
0.2816414162516594,31.69,3.33,-0.31
0.28446874767541885,31.69,3.33,-0.31
0.2873855009675026,31.68,3.33,-0.31
0.2905319593846798,31.68,3.32,-0.31
0.293299313634634,31.69,3.32,-0.31
0.2964366227388382,31.69,3.32,-0.31
0.299402691423893,31.68,3.33,-0.31
0.3023695796728134,31.68,3.32,-0.31
0.305222824215889,31.68,3.32,-0.31
0.3082014061510563,31.69,3.32,-0.31
0.31124987453222275,31.68,3.32,-0.31
0.31419965997338295,31.68,3.33,-0.31
0.31704674288630486,31.68,3.32,-0.31
0.3201022334396839,31.68,3.32,-0.31
0.3229901008307934,31.68,3.32,-0.31
0.3259846307337284,31.68,3.32,-0.31
0.32885486632585526,31.69,3.32,-0.31
0.331812959164381,31.68,3.32,-0.31
0.3347891680896282,31.68,3.32,-0.31
0.3377455249428749,31.68,3.32,-0.31
0.33925997093319893,31.68,3.32,-0.31
0.34081150591373444,31.68,3.32,-0.31
0.342167392373085,31.68,3.32,-0.31
0.3437725529074669,31.68,3.32,-0.31
0.34524185210466385,31.69,3.32,-0.31
0.3467312902212143,31.69,3.32,-0.31
0.3480980880558491,31.69,3.32,-0.31
0.3496229015290737,31.68,3.32,-0.31
0.3510304316878319,31.68,3.32,-0.31
0.35259663686156273,31.68,3.32,-0.31
0.35412366315722466,31.68,3.32,-0.31
0.35561569035053253,31.68,3.32,-0.31
0.3571075350046158,31.68,3.32,-0.31
0.3584440015256405,31.69,3.32,-0.31
0.3600095175206661,31.69,3.32,-0.31
0.361405860632658,31.68,3.32,-0.31
0.362976361066103,31.68,3.32,-0.31
0.3643878810107708,31.69,3.32,-0.31
0.3659345619380474,31.69,3.32,-0.31
0.3673828989267349,31.69,3.32,-0.31
0.36888138949871063,31.68,3.32,-0.31
0.3703228235244751,31.69,3.32,-0.31
0.3718617334961891,31.68,3.32,-0.31
0.3732787184417248,31.68,3.32,-0.31
0.3748355023562908,31.68,3.32,-0.31
0.3763091340661049,31.69,3.32,-0.31
0.37780074775218964,31.68,3.32,-0.31
0.3791940435767174,31.68,3.32,-0.31
0.3807346746325493,31.69,3.32,-0.31
0.3836377188563347,31.68,3.32,-0.31
0.386630829423666,31.69,3.32,-0.31
0.3895074911415577,31.68,3.32,-0.31
0.39254429191350937,31.69,3.32,-0.31
0.39550771936774254,31.68,3.32,-0.31
0.39837542176246643,31.69,3.32,-0.31
0.4014262966811657,31.68,3.32,-0.31
0.4042368046939373,31.69,3.32,-0.31
0.4073757864534855,31.69,3.32,-0.31
0.40885179489851,31.68,3.32,-0.31
0.41031989455223083,31.68,3.32,-0.31
0.411602895706892,31.68,3.32,-0.31
0.41319915652275085,31.68,3.32,-0.31
0.41456542536616325,31.68,3.32,-0.31
0.41602516919374466,31.68,3.32,-0.31
0.4177272990345955,31.68,3.32,-0.31
0.41899117827415466,31.69,3.32,-0.31
0.42067066580057144,31.68,3.32,-0.31
0.4221760332584381,31.68,3.32,-0.31
0.4236433170735836,31.68,3.32,-0.31
0.42492058873176575,31.68,3.32,-0.31
0.42659616470336914,31.68,3.32,-0.31
0.4280615672469139,31.68,3.32,-0.31
0.4293774850666523,31.68,3.32,-0.31
0.43092694878578186,31.68,3.32,-0.31
0.43250780552625656,31.68,3.32,-0.31
0.4338090419769287,31.69,3.32,-0.31
0.43547816574573517,31.68,3.32,-0.31
0.4367728903889656,31.69,3.32,-0.31
0.43843233212828636,31.69,3.32,-0.31
0.4399135634303093,31.69,3.32,-0.31
0.44120822846889496,31.69,3.32,-0.31
0.4428139217197895,31.69,3.32,-0.31
0.444339819252491,31.69,3.32,-0.31
0.44565387442708015,31.69,3.32,-0.31
0.44729654863476753,31.69,3.32,-0.31
0.4486177824437618,31.69,3.32,-0.31
0.45026273652911186,31.68,3.32,-0.31
0.4515793174505234,31.68,3.32,-0.31
0.4531835913658142,31.68,3.32,-0.31
0.45470573008060455,31.68,3.32,-0.31
0.4561056084930897,31.69,3.32,-0.31
0.45765722915530205,31.68,3.32,-0.31
0.45900608226656914,31.69,3.32,-0.31
0.46055222302675247,31.69,3.32,-0.31
0.4620985947549343,31.69,3.32,-0.31
0.46343135088682175,31.69,3.32,-0.31
0.4649933688342571,31.68,3.32,-0.31
0.46654698997735977,31.68,3.32,-0.31
0.4678833410143852,31.69,3.32,-0.31
0.46945083886384964,31.68,3.32,-0.31
0.470956277102232,31.68,3.32,-0.31
0.47240375727415085,31.69,3.32,-0.31
0.4738570861518383,31.69,3.32,-0.31
0.4753737598657608,31.69,3.32,-0.31
0.4768977388739586,31.68,3.32,-0.31
0.4782717563211918,31.69,3.32,-0.31
0.4811374470591545,31.69,3.32,-0.31
0.4842490628361702,31.69,3.32,-0.31
0.4871714934706688,31.69,3.32,-0.31
0.49014467000961304,31.68,3.32,-0.31
0.49312159419059753,31.68,3.32,-0.31
0.49601031839847565,31.69,3.32,-0.31
0.49903979524970055,31.69,3.32,-0.31
0.5020165666937828,31.68,3.32,-0.31
0.5048858970403671,31.68,3.32,-0.31
0.5078512355685234,31.69,3.32,-0.31
0.510870136320591,31.69,3.32,-0.31
0.5136702656745911,31.69,3.32,-0.31
0.5168076120316982,31.69,3.32,-0.31
0.5197661370038986,31.69,3.32,-0.31
0.5227453857660294,31.69,3.32,-0.31
0.5257150754332542,31.68,3.32,-0.31
0.5286009795963764,31.69,3.32,-0.31
0.5314373634755611,31.69,3.32,-0.31
0.5345493480563164,31.69,3.32,-0.31
0.5373671315610409,31.69,3.32,-0.31
0.5403314717113972,31.69,3.32,-0.31
0.543400950729847,31.69,3.32,-0.31
0.5462644025683403,31.69,3.32,-0.31
0.5492134317755699,31.69,3.32,-0.31
0.5521771535277367,31.69,3.32,-0.31
0.5551489107310772,31.69,3.32,-0.31
0.5581975392997265,31.69,3.32,-0.31
0.5611540824174881,31.68,3.32,-0.31
0.5640345700085163,31.69,3.32,-0.31
0.5670716501772404,31.69,3.32,-0.31
0.5685833096504211,31.69,3.32,-0.31
0.5699220523238182,31.69,3.32,-0.31
0.5715263187885284,31.69,3.32,-0.31
0.5729159340262413,31.69,3.32,-0.31
0.5744801573455334,31.69,3.32,-0.31
0.5759011581540108,31.69,3.32,-0.31
0.5774758122861385,31.69,-280.62,-0.31
0.5804240219295025,31.69,3.32,-0.31
0.5833603404462337,31.69,3.32,-0.31
0.5863185897469521,31.69,3.32,-0.31
0.5892580859363079,31.69,3.32,-0.31
0.5920998118817806,31.69,3.32,-0.31
0.5950272157788277,31.69,3.32,-0.31
0.5995766744017601,31.69,3.32,-0.31
0.6010627150535583,31.69,3.32,-0.31
0.6025961451232433,31.69,3.32,-0.31
0.6040982343256474,31.69,3.32,-0.31
0.6055090315639973,31.69,3.32,-0.31
0.6069277375936508,31.69,3.32,-0.31
0.6085163354873657,31.69,3.32,-0.31
0.6099364385008812,31.69,3.32,-0.31
0.6114805564284325,31.69,3.32,-0.31
0.6129549816250801,31.69,3.32,-0.31
0.614397868514061,31.69,3.32,-0.31
0.6159258484840393,31.69,3.32,-0.31
0.6173321567475796,31.69,3.32,-0.31
0.6187392100691795,31.69,3.32,-0.31
0.6203316636383533,31.69,3.32,-0.31
0.6217937543988228,31.69,3.32,-0.31
0.6230824962258339,31.69,3.32,-0.31
0.6247963272035122,31.69,3.32,-0.31
0.6262622699141502,31.69,3.32,-0.31
0.6275176256895065,31.69,3.32,-0.31
0.6291937306523323,31.69,3.32,-0.31
0.6304976232349873,31.69,3.32,-0.31
0.6319586969912052,31.69,3.32,-0.31
0.6336682215332985,31.7,3.32,-0.31
0.63510712236166,31.69,3.32,-0.31
0.6363974325358868,31.69,3.32,-0.31
0.6380958966910839,31.69,3.32,-0.31
0.639585267752409,31.69,3.32,-0.31
0.6408449970185757,31.69,3.32,-0.31
0.642514243721962,31.69,3.32,-0.31
0.6440171152353287,31.69,3.32,-0.31
0.6452921628952026,31.69,3.33,-0.31
0.6469731815159321,31.69,3.33,-0.31
0.6484596319496632,31.69,3.33,-0.31
0.6497663483023643,31.69,3.33,-0.31
0.6514168828725815,31.69,3.32,-0.31
0.6527113281190395,31.69,3.33,-0.31
0.654369305819273,31.69,3.32,-0.31
0.6556765288114548,31.69,3.33,-0.31
0.6571743749082088,31.69,3.33,-0.31
0.6588146202266216,31.69,3.33,-0.31
0.6601164489984512,31.69,3.33,-0.31
0.6616594344377518,31.69,3.33,-0.31
0.6632533371448517,31.69,3.33,-0.31
0.6646205149590969,31.69,3.33,-0.31
0.6661908254027367,31.69,3.33,-0.31
0.6676217131316662,31.69,3.33,-0.31
0.6691439934074879,31.69,3.33,-0.31
0.6705442778766155,31.69,3.33,-0.31
0.6719903349876404,31.69,3.33,-0.31
0.6734461188316345,31.68,3.33,-0.31
0.6750129982829094,31.68,3.33,-0.31
0.6765531525015831,31.69,3.33,-0.31
0.6795089989900589,31.7,3.33,-0.31
0.6823224686086178,31.69,3.33,-0.31
0.6853143908083439,31.68,3.33,-0.31
0.6882057674229145,31.69,3.33,-0.31
0.6913277506828308,31.69,3.34,-0.31
0.6942244842648506,31.69,3.33,-0.31
0.6971794031560421,31.69,3.33,-0.31
0.700123805552721,31.69,3.33,-0.31
0.703100673854351,31.69,3.33,-0.31
0.7060758098959923,31.69,3.33,-0.31
0.7090657651424408,31.69,3.33,-0.31
0.711979903280735,31.69,3.34,-0.31
0.7150004468858242,31.69,3.33,-0.31
0.7179684303700924,31.69,3.34,-0.31
0.7209166064858437,31.69,3.34,-0.31
0.7238714769482613,31.69,3.34,-0.31
0.726839117705822,31.69,3.34,-0.32
0.7282879166305065,31.69,3.34,-0.31
0.7297982722520828,31.69,3.34,-0.31
0.7312820665538311,31.7,3.34,-0.31
0.7327130548655987,31.69,3.34,-0.32
0.7342348024249077,31.69,3.34,-0.31
0.7357054874300957,31.69,3.34,-0.31
0.7371894121170044,31.69,3.34,-0.31
0.7386700920760632,31.7,3.34,-0.31
0.7401516810059547,31.69,3.34,-0.31
0.7416324503719807,31.7,3.34,-0.31
0.7430984936654568,31.7,3.34,-0.31
0.7445852123200893,31.69,3.34,-0.31
0.7460607998073101,31.69,3.34,-0.31
0.7475440427660942,31.69,3.34,-0.31
0.7490236088633537,31.69,3.34,-0.31
0.750505730509758,31.69,3.34,-0.31
0.7517665028572083,31.69,3.34,-0.31
0.7534507177770138,31.69,3.34,-0.31
0.7549333684146404,31.69,3.34,-0.31
0.756413996219635,31.69,3.34,-0.31
0.7578952796757221,31.7,3.34,-0.31
0.7593758516013622,31.69,3.34,-0.31
0.760859377682209,31.69,3.34,-0.31
0.7623396702110767,31.7,3.34,-0.31
0.7636177465319633,31.69,3.34,-0.31
0.765290692448616,31.69,3.34,-0.31
0.7667781189084053,31.69,3.34,-0.31
0.7682479210197926,31.69,3.34,-0.31
0.7697314359247684,31.69,3.34,-0.31
0.7712128236889839,31.69,3.34,-0.31
0.77269446849823,31.69,3.34,-0.31
0.7740677855908871,31.69,3.34,-0.31
0.7771235294640064,31.69,3.34,-0.31
0.7799909003078938,31.69,3.34,-0.31
0.7830171771347523,31.7,3.34,-0.31
0.78593884781003,31.69,3.34,-0.31
0.7889599278569221,31.7,3.34,-0.31
0.7918694838881493,31.7,3.34,-0.31
0.7947981506586075,31.69,3.34,-0.31
0.797764964401722,31.69,3.34,-0.31
0.8007833734154701,31.69,3.34,-0.31
0.8037097752094269,31.69,3.34,-0.31
0.8066962696611881,31.69,3.34,-0.31
0.8096562922000885,31.69,3.34,-0.31
0.8126137442886829,31.69,3.34,-0.31
0.815577432513237,31.7,3.34,-0.31
0.818529523909092,31.69,3.34,-0.31
0.8214910514652729,31.69,3.34,-0.31
0.8244523480534554,31.7,3.34,-0.31
0.8273910805583,31.69,3.34,-0.31
0.8303715065121651,31.69,3.34,-0.31
0.833321962505579,31.69,3.34,-0.31
0.836282704025507,31.7,3.34,-0.31
0.8392398953437805,31.69,3.34,-0.31
0.8421966023743153,31.69,3.34,-0.31
0.84515380859375,31.69,3.34,-0.31
0.848120529204607,31.69,3.34,-0.31
0.8510718196630478,31.69,3.34,-0.31
0.8540382646024227,31.7,3.35,-0.31
0.8555069863796234,31.69,3.35,-0.31
0.8569881618022919,31.7,3.34,-0.31
0.8584645465016365,31.7,3.34,-0.31
0.859950840473175,31.69,3.34,-0.31
0.8614248111844063,31.69,3.34,-0.31
0.8628965839743614,31.69,3.34,-0.31
0.8643920570611954,31.69,3.34,-0.31
0.865859542042017,31.69,3.34,-0.31
0.867340724915266,31.69,3.34,-0.31
0.86882184445858,31.7,3.34,-0.31
0.8703055083751678,31.7,3.34,-0.31
0.8717873208224773,31.7,3.34,-0.31
0.8732664100825787,31.69,3.34,-0.31
0.8762125335633755,31.7,3.34,-0.31
0.879175141453743,31.69,3.34,-0.31
0.8821393549442291,31.7,3.34,-0.31
0.8850291594862938,31.69,3.34,-0.31
0.8864985294640064,31.7,3.34,-0.31
0.8879821114242077,31.7,3.34,-0.31
0.8894631788134575,31.69,3.35,-0.31
0.8910138979554176,31.7,3.34,-0.31
0.8924468345940113,31.7,3.34,-0.31
0.8939223401248455,31.7,3.34,-0.31
0.8953724801540375,31.7,3.35,-0.31
0.8968535177409649,31.69,3.35,-0.31
0.8983441889286041,31.7,3.35,-0.31
0.8998819254338741,31.7,3.34,-0.31
0.9013413563370705,31.7,3.35,-0.31
0.9027912095189095,31.7,3.35,-0.31
0.90425780788064,31.7,3.35,-0.31
0.9057456403970718,31.7,3.35,-0.31
0.9072751812636852,31.7,3.35,-0.31
0.9086989499628544,31.7,3.35,-0.31
0.9102182798087597,31.7,3.34,-0.31
0.9116951040923595,31.7,3.34,-0.31
0.9131532534956932,31.7,3.34,-0.31
0.9145448878407478,31.7,3.35,-0.31
0.9161342233419418,31.7,3.35,-0.31
0.9175772815942764,31.69,3.35,-0.31
0.9190659672021866,31.7,3.34,-0.31
0.9205269515514374,31.7,3.34,-0.31
0.921976413577795,31.7,3.35,-0.31
0.9235162623226643,31.69,3.35,-0.31
0.9250327460467815,31.69,3.35,-0.31
0.9264905452728271,31.7,3.35,-0.31
0.9279750138521194,31.7,3.35,-0.31
0.9294315800070763,31.7,3.35,-0.31
0.9309400580823421,31.7,3.35,-0.31
0.9324228912591934,31.7,3.35,-0.31
0.933882363140583,31.7,3.35,-0.31
0.9353747479617596,31.7,3.35,-0.31
0.9368589073419571,31.7,3.35,-0.31
0.9383335560560226,31.7,3.35,-0.31
0.9398138113319874,31.7,3.35,-0.31
0.9412895888090134,31.7,3.35,-0.31
0.9427727200090885,31.69,3.35,-0.31
0.9442485757172108,31.7,3.35,-0.31
0.9457107968628407,31.7,3.34,-0.31
0.9472172409296036,31.7,3.35,-0.31
0.9486870095133781,31.7,3.35,-0.31
0.9501709528267384,31.7,3.34,-0.31
0.9516494609415531,31.7,3.34,-0.31
0.9531352519989014,31.7,3.34,-0.31
0.9546044655144215,31.7,3.34,-0.31
0.9560867063701153,31.7,3.34,-0.31
0.9575717076659203,31.7,3.34,-0.31
0.9590423554182053,31.7,3.35,-0.31
0.9605039767920971,31.7,3.34,-0.31
0.9620023369789124,31.7,3.34,-0.31
0.9634704813361168,31.7,3.34,-0.31
0.9648003131151199,31.7,3.34,-0.31
0.9664406292140484,31.7,3.34,-0.31
0.9676983617246151,31.7,3.34,-0.31
0.9693810641765594,31.7,3.34,-0.31
0.9706974513828754,31.7,3.34,-0.31
0.9738386683166027,31.7,3.34,-0.31
0.9766317121684551,31.7,3.34,-0.31
0.9797491356730461,31.7,3.34,-0.31
0.9827118813991547,31.7,3.34,-0.31
0.9856752045452595,31.7,3.34,-0.31
0.9886224716901779,31.7,3.34,-0.31
0.9915834218263626,31.7,3.34,-0.31
0.9945466294884682,31.7,3.35,-0.31
0.9974082335829735,31.7,3.35,-0.31
1.0003862157464027,31.7,3.35,-0.31
1.0033323988318443,31.7,3.34,-0.31
1.0063780806958675,31.7,3.34,-0.31
1.0092769153416157,31.7,3.34,-0.31
1.0123016946017742,31.7,3.34,-0.31
1.015061616897583,31.69,3.34,-0.31
1.0181953608989716,31.7,3.34,-0.31
1.0210936591029167,31.7,3.34,-0.31
1.0240203402936459,31.7,3.34,-0.31
1.027085155248642,31.7,3.34,-0.31
1.0300214029848576,31.7,3.34,-0.31
1.0329976677894592,31.7,3.34,-0.31
1.035961803048849,31.7,3.34,-0.31
1.0388955287635326,31.7,3.34,-0.31
1.0418441407382488,31.7,3.34,-0.31
1.0448334030807018,31.69,3.34,-0.31
1.0462404824793339,31.7,3.34,-0.31
1.0477837026119232,31.7,3.34,-0.31
1.0492549203336239,31.7,3.34,-0.31
1.0507384799420834,31.7,3.34,-0.31
1.052216686308384,31.7,3.34,-0.31
1.0536951497197151,31.7,3.34,-0.31
1.0551777966320515,31.7,3.34,-0.31
1.0566648952662945,31.7,3.34,-0.31
1.058134764432907,31.69,3.34,-0.31
1.059624083340168,31.7,3.34,-0.31
1.0610876679420471,31.7,3.34,-0.31
1.062568373978138,31.7,3.34,-0.31
1.0640573650598526,31.7,3.34,-0.31
1.065538126975298,31.69,3.34,-0.31
1.067007727921009,31.7,3.34,-0.31
1.068498633801937,31.69,3.34,-0.31
1.0729341208934784,31.69,3.34,-0.31
1.0758856646716595,31.7,3.34,-0.31
1.0788431130349636,31.7,3.34,-0.31
1.0818096064031124,31.7,3.34,-0.31
1.0847523994743824,31.7,3.34,-0.31
1.0877144485712051,31.7,3.34,-0.31
1.0906753987073898,31.7,3.34,-0.31
1.0936401598155499,31.7,3.34,-0.31
1.0965994149446487,31.7,3.34,-0.31
1.099556889384985,31.7,3.34,-0.31
1.1025122664868832,31.7,3.34,-0.31
1.105475228279829,31.7,3.34,-0.31
1.108344241976738,31.7,3.34,-0.31
1.111277498304844,31.69,3.34,-0.31
1.1127920933067799,31.7,3.34,-0.31
1.114350538700819,31.7,3.34,-0.31
1.1157801821827888,31.7,3.34,-0.31
1.1172599606215954,31.69,3.34,-0.31
1.1187663823366165,31.7,3.34,-0.31
1.1202515810728073,31.7,3.34,-0.31
1.121727854013443,31.7,3.34,-0.31
1.1232145689427853,31.7,3.34,-0.31
1.124553106725216,31.7,3.34,-0.31
1.1261549182236195,31.7,3.34,-0.31
1.1276147663593292,31.7,3.35,-0.31
1.1290877722203732,31.7,3.34,-0.31
1.1306057088077068,31.7,3.35,-0.31
1.132099598646164,31.7,3.35,-0.31
1.1335822194814682,31.7,3.35,-0.31
1.1350094005465508,31.7,3.34,-0.31
1.1364929005503654,31.7,3.34,-0.31
1.13789414614439,31.7,3.35,-0.31
1.139475256204605,31.7,3.35,-0.31
1.1409283615648746,31.71,3.35,-0.31
1.1424498558044434,31.7,3.34,-0.31
1.143926840275526,31.7,3.35,-0.31
1.1453645713627338,31.7,3.35,-0.31
1.1468728259205818,31.7,3.35,-0.31
1.1483617015182972,31.7,3.35,-0.31
1.1498350761830807,31.7,3.35,-0.31
1.1513185761868954,31.71,3.35,-0.31
1.1527755819261074,31.71,3.35,-0.31
1.1542995683848858,31.7,3.34,-0.31
1.1557404473423958,31.7,3.35,-0.31
1.1572349332273006,31.7,3.35,-0.31
1.1586408354341984,31.69,3.35,-0.31
1.1601948589086533,31.7,3.35,-0.31
1.1616855822503567,31.71,3.35,-0.31
1.163139197975397,31.7,3.35,-0.31
1.164627842605114,31.7,3.35,-0.31
1.166112907230854,31.7,3.35,-0.31
1.1675818301737309,31.7,3.35,-0.31
1.1690619103610516,31.7,3.35,-0.31
1.1718560867011547,31.7,3.35,-0.31
1.1749845035374165,31.7,3.35,-0.31
1.1779472343623638,31.7,3.35,-0.31
1.1808961145579815,31.7,3.35,-0.31
1.1838590316474438,31.7,3.35,-0.31
1.1868175193667412,31.7,3.35,-0.31
1.189769223332405,31.7,3.35,-0.31
1.1927299983799458,31.7,3.35,-0.31
1.1956921555101871,31.7,3.35,-0.31
1.1986453123390675,31.7,3.35,-0.31
1.2016024515032768,31.7,3.35,-0.31
1.2045683227479458,31.7,3.35,-0.31
1.2059139534831047,31.71,3.35,-0.31
1.2075131125748158,31.71,3.35,-0.31
1.20899348706007,31.71,3.35,-0.31
1.2104874327778816,31.7,3.35,-0.31
1.2119576446712017,31.71,3.35,-0.31
1.2134403474628925,31.7,3.35,-0.31
1.2149124890565872,31.71,3.35,-0.31
1.2164024598896503,31.71,3.35,-0.31
1.2178358845412731,31.71,3.35,-0.31
1.219274390488863,31.71,3.35,-0.31
1.2207634821534157,31.7,3.35,-0.31
1.2222691178321838,31.7,3.35,-0.31
1.2237887009978294,31.7,3.35,-0.31
1.2252331525087357,31.7,3.35,-0.31
1.2267511114478111,31.71,3.35,-0.31
1.2281902842223644,31.71,3.35,-0.31
1.2296629324555397,31.7,3.35,-0.32
1.2311829291284084,31.71,3.35,-0.31
1.232590526342392,31.71,3.35,-0.31
1.2341227643191814,31.7,3.35,-0.31
1.235566284507513,31.71,3.35,-0.31
1.2370688915252686,31.7,3.35,-0.31
1.2384753413498402,31.7,3.35,-0.31
1.2399993613362312,31.7,3.35,-0.31
1.241487368941307,31.71,3.35,-0.31
1.2430165484547615,31.7,3.35,-0.31
1.2443824037909508,31.71,3.35,-0.31
1.2459757551550865,31.71,3.35,-0.31
1.2473801858723164,31.71,3.35,-0.31
1.2489009127020836,31.7,3.35,-0.32
1.2503879517316818,31.7,3.35,-0.31
1.251877922564745,31.7,3.35,-0.31
1.2533703222870827,31.7,3.35,-0.32
1.254824373871088,31.7,3.35,-0.31
1.256255615502596,31.7,3.35,-0.31
1.2577989101409912,31.71,3.35,-0.31
1.2592854984104633,31.71,3.35,-0.31
1.2607608400285244,31.71,3.35,-0.32
1.262238770723343,31.7,3.35,-0.31
1.2637020871043205,31.71,3.35,-0.31
1.2652009539306164,31.71,3.35,-0.31
1.2666694484651089,31.71,3.35,-0.31
1.2696406356990337,31.71,3.35,-0.31
1.272378358989954,31.7,3.35,-0.31
1.275542888790369,31.71,3.35,-0.31
1.2785001248121262,31.71,3.35,-0.31
1.2814747244119644,31.71,3.35,-0.31
1.2844310775399208,31.7,3.35,-0.31
1.2873914167284966,31.7,3.35,-0.31
1.2903514429926872,31.7,3.35,-0.31
1.2932971380650997,31.7,3.35,-0.31
1.296268992125988,31.7,3.35,-0.31
1.2992148026823997,31.7,3.36,-0.31
1.30217744410038,31.7,3.35,-0.31
1.3051408641040325,31.71,3.36,-0.31
1.3080929331481457,31.7,3.35,-0.31
1.311058398336172,31.71,3.35,-0.31
1.3140117935836315,31.71,3.35,-0.31
1.3169744163751602,31.71,3.35,-0.31
1.319916795939207,31.71,3.35,-0.31
1.3228843100368977,31.71,3.35,-0.31
1.3258462436497211,31.71,3.35,-0.31
1.3287933468818665,31.71,3.35,-0.31
1.3317193239927292,31.71,3.35,-0.31
1.3346449472010136,31.71,3.35,-0.31
1.3375471010804176,31.7,3.35,-0.31
1.3405450768768787,31.71,3.35,-0.31
1.3435420244932175,31.7,3.35,-0.31
1.3465130515396595,31.7,3.35,-0.31
1.349431924521923,31.71,3.35,-0.31
1.3524645119905472,31.71,3.35,-0.31
1.3553765192627907,31.7,3.35,-0.31
1.3583639413118362,31.71,3.35,-0.31
1.3613284453749657,31.71,3.35,-0.31
1.3642540946602821,31.71,3.35,-0.31
1.3672354705631733,31.71,3.35,-0.31
1.3701731525361538,31.7,3.35,-0.31
1.371676977723837,31.7,3.35,-0.31
1.3731700032949448,31.71,3.35,-0.31
1.374657616019249,31.71,3.34,-0.31
1.3761280924081802,31.71,3.35,-0.31
1.3776081204414368,31.71,3.35,-0.31
1.3790912739932537,31.71,3.35,-0.31
1.3805467076599598,31.71,3.34,-0.31
1.3820505701005459,31.71,3.34,-0.31
1.383523065596819,31.71,3.35,-0.31
1.38497793674469,31.71,3.35,-0.31
1.3864888921380043,31.71,3.34,-0.31
1.3879581578075886,31.71,3.34,-0.31
1.389445997774601,31.71,3.34,-0.31
1.390930861234665,31.71,3.34,-0.31
1.392397254705429,31.71,3.34,-0.31
1.3938844427466393,31.71,3.34,-0.31
1.3953624218702316,31.72,3.34,-0.31
1.3968344628810883,31.71,3.34,-0.31
1.3983136042952538,31.71,3.34,-0.31
1.3997931592166424,31.71,3.34,-0.32
1.4012783616781235,31.71,3.34,-0.32
1.402749702334404,31.71,3.34,-0.31
1.4042320251464844,31.71,3.34,-0.31
1.405714388936758,31.71,3.34,-0.32
1.4071880504488945,31.71,3.34,-0.31
1.4086767435073853,31.71,3.34,-0.31
1.4101418256759644,31.71,3.34,-0.31
1.4116235859692097,31.71,3.34,-0.31
1.4131141677498817,31.71,3.34,-0.31
1.4145922623574734,31.71,3.34,-0.31
1.416072130203247,31.71,3.34,-0.31
1.4175457283854485,31.71,3.34,-0.31
1.419030673801899,31.71,3.34,-0.31
1.4205109179019928,31.71,3.34,-0.31
1.4219770543277264,31.71,3.34,-0.31
1.4234626814723015,31.71,3.34,-0.31
1.4249412305653095,31.72,3.34,-0.31
1.4264198914170265,31.71,3.34,-0.31
1.427902515977621,31.71,3.34,-0.31
1.429382674396038,31.71,3.34,-0.31
1.4308591485023499,31.71,3.34,-0.31
1.432346723973751,31.71,3.34,-0.31
1.4338129758834839,31.71,3.34,-0.31
1.435292024165392,31.71,3.34,-0.31
1.4367748759686947,31.71,3.34,-0.31
1.438256822526455,31.71,3.34,-0.31
1.4397381208837032,31.71,3.34,-0.31
1.4412099495530128,31.71,3.34,-0.31
1.4426852613687515,31.71,3.34,-0.31
1.4441739469766617,31.71,3.34,-0.31
1.4454990439116955,31.71,3.34,-0.31
1.4471348337829113,31.71,3.34,-0.31
1.4484773389995098,31.71,3.34,-0.32
1.4500876441597939,31.71,3.34,-0.31
1.4515613205730915,31.71,3.34,-0.31
1.45303188636899,31.72,3.34,-0.31
1.4544556811451912,31.71,3.34,-0.31
1.4559198282659054,31.7,3.33,-0.31
1.4574315398931503,31.71,3.33,-0.31
1.4589262790977955,31.71,3.33,-0.31
1.4603683166205883,31.71,3.33,-0.31
1.4619244672358036,31.71,3.34,-0.31
1.463393673300743,31.7,3.33,-0.31
1.4648742377758026,31.71,3.33,-0.31
1.4677917025983334,31.71,3.33,-0.31
1.4708001427352428,31.71,3.33,-0.31
1.4736998341977596,31.71,3.33,-0.31
1.4766056798398495,31.71,3.33,-0.31
1.4796633534133434,31.71,3.33,-0.31
1.4825228080153465,31.72,3.33,-0.31
1.485583834350109,31.71,3.33,-0.31
1.4885190464556217,31.71,3.33,-0.31
1.4914352856576443,31.71,3.33,-0.31
1.494408804923296,31.7,3.33,-0.31
1.4973570182919502,31.7,3.33,-0.31
1.5003315657377243,31.71,3.33,-0.31
1.5033081732690334,31.71,3.33,-0.31
1.5062386617064476,31.71,3.33,-0.31
1.5092482157051563,31.71,3.33,-0.31
1.5121984854340553,31.71,3.33,-0.31
1.514968603849411,31.71,3.33,-0.31
1.5181206539273262,31.7,3.33,-0.31
1.5208970792591572,31.71,3.33,-0.31
1.5240387320518494,31.7,3.33,-0.31
1.5255064629018307,31.7,3.33,-0.31
1.5269871540367603,31.71,3.33,-0.31
1.5284760855138302,31.7,3.33,-0.31
1.5299548953771591,31.7,3.33,-0.31
1.5314237922430038,31.7,3.33,-0.31
1.5329037830233574,31.71,3.33,-0.31
1.5343851670622826,31.71,3.33,-0.31
1.5358677580952644,31.71,3.33,-0.31
1.537347722798586,31.71,3.33,-0.31
1.5388287901878357,31.71,3.33,-0.31
1.5403107963502407,31.71,3.33,-0.31
1.541792068630457,31.71,3.33,-0.31
1.5432740114629269,31.71,3.33,-0.31
1.5447542443871498,31.7,3.33,-0.31
1.54622183740139,31.7,3.33,-0.31
1.5477017648518085,31.71,3.33,-0.31
1.5491833686828613,31.71,3.33,-0.31
1.5506635755300522,31.71,3.33,-0.31
1.5521463602781296,31.71,3.33,-0.31
1.5535631477832794,31.71,3.33,-0.31
1.5550176985561848,31.71,3.33,-0.31
1.556475903838873,31.71,3.33,-0.31
1.5579798184335232,31.71,3.33,-0.31
1.5594554878771305,31.71,3.33,-0.31
1.560936350375414,31.71,3.34,-0.31
1.5623912811279297,31.71,3.34,-0.31
1.5653796009719372,31.71,3.33,-0.31
1.5683292672038078,31.7,3.33,-0.31
1.5713569335639477,31.7,3.33,-0.31
1.5743208788335323,31.71,3.33,-0.31
1.5772390514612198,31.71,3.33,-0.31
1.5802322216331959,31.71,3.33,-0.31
1.5831525884568691,31.71,3.33,-0.31
1.586161382496357,31.71,3.33,-0.31
1.5890933088958263,31.71,3.33,-0.31
1.5920772552490234,31.71,3.33,-0.31
1.5950242541730404,31.71,3.33,-0.31
1.5979620292782784,31.72,3.33,-0.31
1.6009492352604866,31.71,3.33,-0.31
1.603885106742382,31.71,3.33,-0.31
1.6068563796579838,31.71,3.33,-0.31
1.6098318956792355,31.71,3.33,-0.31
1.6127862893044949,31.71,3.33,-0.31
1.6157468147575855,31.71,3.33,-0.31
1.618706751614809,31.71,3.33,-0.31
1.6216595359146595,31.71,3.33,-0.31
1.6246370561420918,31.71,3.33,-0.31
1.6275700479745865,31.71,3.33,-0.31
1.6290214993059635,31.71,3.33,-0.31
1.6305407993495464,31.71,3.32,-0.31
1.6320057101547718,31.71,3.32,-0.31
1.6334859393537045,31.71,3.32,-0.31
1.6349747329950333,31.71,3.32,-0.31
1.636451169848442,31.71,3.32,-0.31
1.637921966612339,31.71,3.33,-0.31
1.6394050493836403,31.71,3.32,-0.31
1.6408914402127266,31.71,3.32,-0.31
1.6423669829964638,31.71,3.32,-0.31
1.6438473276793957,31.71,3.32,-0.31
1.645328126847744,31.71,3.32,-0.31
1.6467943452298641,31.71,3.32,-0.31
1.648275502026081,31.71,3.32,-0.31
1.6497572138905525,31.71,3.32,-0.31
1.6512370705604553,31.71,3.32,-0.31
1.652719721198082,31.71,3.32,-0.31
1.6542011611163616,31.71,3.32,-0.31
1.6556832045316696,31.71,3.32,-0.31
1.657163705676794,31.72,3.32,-0.31
1.6586397998034954,31.71,3.32,-0.31
1.660110030323267,31.71,3.32,-0.31
1.661590188741684,31.71,3.32,-0.31
1.6645545065402985,31.71,3.32,-0.31
1.667517639696598,31.71,3.32,-0.31
1.6703547425568104,31.71,3.32,-0.31
1.6733228750526905,31.71,3.32,-0.31
1.6763040535151958,31.72,3.32,-0.31
1.679253339767456,31.71,3.32,-0.31
1.6822135671973228,31.71,3.32,-0.31
1.6836981661617756,31.71,3.32,-0.31
1.6851958148181438,31.72,3.32,-0.31
1.6866579167544842,31.71,3.32,-0.31
1.6882211901247501,31.72,3.32,-0.31
1.6896507814526558,31.72,3.32,-0.31
1.6911307871341705,31.71,3.32,-0.31
1.6926602609455585,31.72,3.32,-0.31
1.694081872701645,31.72,3.32,-0.31
1.6955757662653923,31.72,3.32,-0.31
1.6970812641084194,31.72,3.32,-0.31
1.698578853160143,31.72,3.32,-0.31
1.6999972239136696,31.72,3.32,-0.31
1.701528262346983,31.72,3.32,-0.31
1.7029810212552547,31.72,3.32,-0.31
1.7044336460530758,31.71,3.32,-0.31
1.7059192471206188,31.71,3.32,-0.31
1.7074139043688774,31.71,3.32,-0.31
1.7089229673147202,31.71,3.32,-0.31
1.710402861237526,31.72,3.32,-0.31
1.7118648514151573,31.72,3.31,-0.31
1.7133206240832806,31.71,3.32,-0.31
1.7148337215185165,31.71,3.32,-0.31
1.716313622891903,31.71,3.32,-0.31
1.7177653387188911,31.72,3.32,-0.31
1.7192672230303288,31.72,3.32,-0.31
1.7207331843674183,31.71,3.32,-0.31
1.7222111895680428,31.72,3.32,-0.31
1.7237222157418728,31.71,3.32,-0.31
1.7251807786524296,31.72,3.32,-0.31
1.7266805730760098,31.71,3.32,-0.31
1.728149563074112,31.72,3.32,-0.31
1.7296281158924103,31.72,3.32,-0.31
1.7311029061675072,31.72,3.32,-0.31
1.7325912453234196,31.71,3.32,-0.31
1.7340740449726582,31.71,3.32,-0.31
1.7355483509600163,31.71,3.32,-0.31
1.7370179630815983,31.72,3.32,-0.31
1.738504409790039,31.72,3.32,-0.31
1.7399872727692127,31.72,3.32,-0.31
1.7414654456079006,31.72,3.32,-0.31
1.7429393380880356,31.72,3.32,-0.31
1.7444215528666973,31.72,3.32,-0.31
1.7458945773541927,31.72,3.32,-0.31
1.747379619628191,31.72,3.32,-0.31
1.748865820467472,31.71,3.32,-0.31
1.7503302358090878,31.71,3.32,-0.31
1.7518205232918262,31.72,3.32,-0.31
1.7532990202307701,31.72,3.32,-0.31
1.7547751888632774,31.72,3.32,-0.31
1.7562562339007854,31.72,3.32,-0.31
1.757738322019577,31.72,3.32,-0.31
1.759219404309988,31.72,3.32,-0.31
1.763650055974722,31.72,3.32,-0.31
1.7666115052998066,31.72,3.32,-0.31
1.7695749215781689,31.72,3.32,-0.31
1.7725363448262215,31.72,3.32,-0.31
1.7754815146327019,31.71,3.32,-0.31
1.7784445211291313,31.72,3.32,-0.31
1.7813760712742805,31.72,3.32,-0.31
1.78435929864645,31.71,3.32,-0.31
1.7872817404568195,31.72,3.32,-0.31
1.7901784144341946,31.71,3.32,-0.31
1.7931615971028805,31.72,3.32,-0.31
1.7961365580558777,31.72,3.32,-0.31
1.7991114594042301,31.72,3.32,-0.31
1.8020508736371994,31.72,3.32,-0.31
1.8050204738974571,31.71,3.32,-0.31
1.8080323860049248,31.72,3.32,-0.31
1.8109132274985313,31.72,3.32,-0.31
1.813917275518179,31.71,3.32,-0.31
1.8168711140751839,31.72,3.32,-0.31
1.8198277726769447,31.72,3.32,-0.31
1.8228159919381142,31.72,3.32,-0.31
1.8257803283631802,31.72,3.32,-0.31
1.8287287950515747,31.72,3.32,-0.31
1.8316071592271328,31.72,3.32,-0.31
1.834656249731779,31.72,3.32,-0.31
1.8374323807656765,31.71,3.32,-0.31
1.8404932953417301,31.72,3.32,-0.31
1.8433668240904808,31.71,3.32,-0.31
1.8449493795633316,31.72,3.31,-0.31
1.84648647159338,31.72,3.31,-0.31
1.8479539901018143,31.72,3.31,-0.31
1.8494447581470013,31.72,3.31,-0.31
1.8509176708757877,31.71,3.31,-0.31
1.852389745414257,31.72,3.31,-0.31
1.8538773208856583,31.71,3.31,-0.31
1.8553550317883492,31.72,3.31,-0.31
1.8568396754562855,31.72,3.31,-0.31
1.8583090081810951,31.72,3.31,-0.31
1.8611834198236465,31.71,3.31,-0.31
1.8641849532723427,31.72,3.31,-0.31
1.8670120425522327,31.71,3.31,-0.31
1.8701543025672436,31.72,3.31,-0.31
1.8730934485793114,31.72,3.31,-0.31
1.8759830594062805,31.72,3.31,-0.31
1.8789489828050137,31.71,3.31,-0.31
1.8817974515259266,31.71,3.31,-0.31
1.8848457671701908,31.72,3.31,-0.31
1.887860681861639,31.72,3.31,-0.31
1.8893748223781586,31.72,3.31,-0.31
1.8906746320426464,31.72,3.31,-0.31
1.892344743013382,31.72,3.31,-0.31
1.8937017545104027,31.72,3.31,-0.31
1.8952893503010273,31.72,3.31,-0.31
1.8967793956398964,31.72,3.31,-0.31
1.8981301449239254,31.72,3.31,-0.31
1.899735189974308,31.72,3.31,-0.31
1.9011008702218533,31.72,3.31,-0.31
1.9026765897870064,31.72,3.31,-0.31
1.904135413467884,31.72,3.31,-0.31
1.9056450836360455,31.72,3.31,-0.31
1.9070878624916077,31.72,3.31,-0.31
1.9086175858974457,31.72,3.31,-0.31
1.9099394157528877,31.72,3.31,-0.31
1.911502968519926,31.72,3.31,-0.31
1.9130352064967155,31.72,3.31,-0.31
1.914372518658638,31.72,3.31,-0.31
1.9159458987414837,31.72,3.31,-0.31
1.9174654223024845,31.72,3.31,-0.31
1.9189609177410603,31.72,3.31,-0.31
1.9204069748520851,31.72,3.31,-0.31
1.9218674674630165,31.72,3.31,-0.31
1.9233630672097206,31.72,3.31,-0.31
1.9248137660324574,31.72,3.31,-0.31
1.9263185262680054,31.72,3.31,-0.31
1.9278231486678123,31.72,3.31,-0.31
1.9293107353150845,31.72,3.31,-0.31
1.9307914450764656,31.72,3.31,-0.31
1.9322730004787445,31.72,3.31,-0.31
1.93375114351511,31.71,3.31,-0.31
1.9352067299187183,31.72,3.31,-0.31
1.936659749597311,31.72,3.31,-0.31
1.9381639771163464,31.72,3.31,-0.31
1.9396595247089863,31.72,3.31,-0.31
1.9411445371806622,31.72,3.31,-0.31
1.942592866718769,31.72,3.31,-0.31
1.9440909810364246,31.72,3.31,-0.31
1.945564266294241,31.72,3.31,-0.31
1.947052739560604,31.72,3.31,-0.31
1.9485097080469131,31.72,3.31,-0.31
1.9500156790018082,31.72,3.31,-0.31
1.9514829814434052,31.72,3.31,-0.31
1.9529759660363197,31.72,3.31,-0.31
1.9544361531734467,31.72,3.31,-0.31
1.9559312239289284,31.72,3.31,-0.31
1.9574217610061169,31.72,3.31,-0.31
1.9603737853467464,31.72,3.31,-0.31
1.9633238315582275,31.72,3.31,-0.31
1.9660619646310806,31.72,3.31,-0.31
1.9692413806915283,31.73,3.31,-0.31
1.9721954427659512,31.72,3.31,-0.31
1.975097045302391,31.72,3.31,-0.31
1.9780957512557507,31.72,3.31,-0.31
1.9810730889439583,31.72,3.31,-0.31
1.983937431126833,31.72,3.31,-0.31
1.9869860112667084,31.72,3.31,-0.31
1.9899445064365864,31.73,3.31,-0.31
1.9929024316370487,31.73,3.31,-0.31
1.9958700276911259,31.73,3.31,-0.31
1.998818140476942,31.73,3.31,-0.31
2.0017740353941917,31.73,3.31,-0.31
2.003261759877205,31.73,3.31,-0.31
2.00474326685071,31.73,3.31,-0.31
2.0062254555523396,31.72,3.31,-0.31
2.0077090598642826,31.73,3.31,-0.31
2.009178552776575,31.72,3.31,-0.31
2.010657873004675,31.73,3.31,-0.31
2.012121371924877,31.73,3.31,-0.31
2.0135133378207684,31.73,3.31,-0.31
2.0150943361222744,31.72,3.31,-0.31
2.0164906084537506,31.73,3.31,-0.31
2.0180450156331062,31.73,3.31,-0.31
2.0194596126675606,31.73,3.31,-0.31
2.0209493711590767,31.73,3.31,-0.31
2.022404581308365,31.72,3.31,-0.31
2.0238691866397858,31.72,3.31,-0.31
2.025323960930109,31.73,3.31,-0.31
2.0268283635377884,31.73,3.31,-0.31
2.0283493138849735,31.72,3.31,-0.31
2.0298312045633793,31.72,3.31,-0.31
2.031286086887121,31.72,3.31,-0.31
2.0327872410416603,31.73,3.31,-0.31
2.03422262519598,31.73,3.31,-0.31
2.0357774794101715,31.73,3.31,-0.31
2.0372098572552204,31.73,3.31,-0.31
2.038759268820286,31.73,3.31,-0.31
2.0402329713106155,31.73,3.31,-0.31
2.041675139218569,31.73,3.31,-0.31
2.0431593395769596,31.73,3.31,-0.31
2.044619046151638,31.73,3.31,-0.31
2.0461126677691936,31.73,3.31,-0.31
2.0475590489804745,31.73,3.31,-0.31
2.0490980371832848,31.72,3.31,-0.31
2.050568837672472,31.73,3.31,-0.31
2.052042815834284,31.73,3.31,-0.31
2.053456675261259,31.73,3.31,-0.31
2.054967675358057,31.73,3.31,-0.31
2.0579703971743584,31.73,3.31,-0.31
2.0608593225479126,31.73,3.31,-0.31
2.0639055259525776,31.72,3.31,-0.31
2.066839527338743,31.73,3.31,-0.31
2.0698203667998314,31.73,3.31,-0.31
2.072724051773548,31.73,3.31,-0.31
2.075726017355919,31.72,3.31,-0.31
2.078695844858885,31.73,3.31,-0.31
2.081647291779518,31.73,3.31,-0.31
2.084532082080841,31.72,3.31,-0.31
2.0875560864806175,31.73,3.31,-0.31
2.09052674472332,31.73,3.31,-0.31
2.0934797935187817,31.73,3.31,-0.31
2.0964500457048416,31.73,3.31,-0.31
2.099326029419899,31.73,3.31,-0.31
2.1022035479545593,31.73,3.31,-0.31
2.10516270250082,31.73,3.31,-0.31
2.1082741767168045,31.73,3.31,-0.31
2.1112340055406094,31.73,3.31,-0.31
2.1141900196671486,31.73,3.31,-0.31
2.1171204410493374,31.73,3.31,-0.31
2.1201012432575226,31.73,3.31,-0.31
2.122994013130665,31.74,3.31,-0.31
2.1259956173598766,31.73,3.31,-0.31
2.12898026406765,31.73,3.31,-0.31
2.131892953068018,31.73,3.31,-0.31
2.134814813733101,31.73,3.31,-0.31
2.137803301215172,31.73,3.31,-0.31
2.1407388150691986,31.73,3.31,-0.31
2.1437528990209103,31.73,3.31,-0.31
2.1466927379369736,31.73,3.31,-0.31
2.14811497554183,31.73,3.31,-0.31
2.1496776081621647,31.73,3.31,-0.31
2.1511306017637253,31.73,3.31,-0.31
2.152619533240795,31.74,3.31,-0.31
2.15401117131114,31.73,3.31,-0.31
2.1555983647704124,31.73,3.31,-0.31
2.1585168205201626,31.73,3.31,-0.31
2.1615184992551804,31.73,3.31,-0.31
2.162989180535078,31.73,3.31,-0.31
2.164472434669733,31.73,3.31,-0.31
2.165943529456854,31.73,3.31,-0.31
2.1673370003700256,31.73,3.31,-0.31
2.168908763676882,31.73,3.31,-0.31
2.170376032590866,31.73,3.31,-0.31
2.1718576699495316,31.73,3.31,-0.31
2.1733512990176678,31.73,3.31,-0.31
2.1748304180800915,31.73,3.31,-0.31
2.1762853376567364,31.73,3.31,-0.31
2.177784714847803,31.73,3.31,-0.31
2.1792641021311283,31.73,3.31,-0.31
2.1807454228401184,31.74,3.31,-0.31
2.1822132878005505,31.74,3.31,-0.31
2.1836994662880898,31.74,3.31,-0.31
2.18518228828907,31.73,3.31,-0.31
2.186663009226322,31.73,3.31,-0.31
2.188143402338028,31.73,3.31,-0.31
2.1896198727190495,31.73,3.31,-0.31
2.1910961717367172,31.73,3.31,-0.31
2.1925707533955574,31.73,3.31,-0.31
2.194046266376972,31.73,3.31,-0.31
2.1955390125513077,31.73,3.31,-0.31
2.1970029771327972,31.73,3.31,-0.31
2.1984951719641685,31.73,3.31,-0.31
2.199964936822653,31.73,3.31,-0.31
2.2014417871832848,31.73,3.31,-0.31
2.2029287181794643,31.74,3.31,-0.31
2.2044117525219917,31.73,3.31,-0.31
2.2058935277163982,31.73,3.31,-0.31
2.207357745617628,31.73,3.31,-0.31
2.2087635658681393,31.74,3.31,-0.31
2.2103143893182278,31.73,3.31,-0.31
2.211798209697008,31.73,3.31,-0.31
2.213279888033867,31.73,3.31,-0.31
2.2147650718688965,31.73,3.32,-0.31
2.2162457518279552,31.73,3.31,-0.31
2.217708144336939,31.73,3.31,-0.31
2.2192000336945057,31.73,3.31,-0.31
2.2206708043813705,31.73,3.31,-0.31
2.2221544682979584,31.73,3.32,-0.31
2.2236344888806343,31.74,3.32,-0.31
2.2249301373958588,31.73,3.32,-0.32
2.226442337036133,31.73,3.31,-0.32
2.2279885038733482,31.73,3.31,-0.31
2.229384459555149,31.73,3.32,-0.31
2.230858974158764,31.74,3.32,-0.31
2.2324758134782314,31.73,3.31,-0.31
2.233924150466919,31.73,3.32,-0.31
2.235455371439457,31.73,3.32,-0.31
2.236954502761364,31.74,3.32,-0.31
2.2383477054536343,31.73,3.31,-0.31
2.239876478910446,31.73,3.32,-0.31
2.241275455802679,31.73,3.31,-0.31
2.242861542850733,31.73,3.31,-0.31
2.244258888065815,31.73,3.32,-0.31
2.24581566080451,31.74,3.32,-0.31
2.2472638711333275,31.74,3.32,-0.31
2.2487757205963135,31.73,3.32,-0.31
2.2502249367535114,31.73,3.32,-0.31
2.251706510782242,31.73,3.32,-0.31
2.253159999847412,31.73,3.32,-0.31
2.2561773136258125,31.73,3.32,-0.31
2.2591317743062973,31.73,3.32,-0.31
2.2619383558630943,31.73,3.32,-0.31
2.2650525346398354,31.74,3.32,-0.31
2.2679746448993683,31.73,3.32,-0.31
2.2709627747535706,31.74,3.32,-0.31
2.273927763104439,31.73,3.32,-0.31
2.2767255753278732,31.73,3.32,-0.31
2.2798311077058315,31.74,3.32,-0.31
2.282797798514366,31.73,3.32,-0.31
2.2857545912265778,31.73,3.32,-0.31
2.2885681986808777,31.73,3.32,-0.31
2.2915540486574173,31.73,3.32,-0.31
2.2946279644966125,31.73,3.32,-0.31
2.29759132117033,31.74,3.31,-0.31
2.3005130663514137,31.73,3.32,-0.31
2.303502630442381,31.73,3.32,-0.31
2.306464210152626,31.73,3.32,-0.31
2.309417113661766,31.73,3.32,-0.31
2.3123747892677784,31.73,3.32,-0.31
2.31534119322896,31.74,3.32,-0.31
2.3182859756052494,31.73,3.32,-0.31
2.32272906973958,31.73,3.32,-0.31
2.324041921645403,31.73,3.32,-0.31
2.325675919651985,31.73,3.32,-0.31
2.3271701708436012,31.74,3.32,-0.31
2.328652746975422,31.73,3.31,-0.31
2.3301335275173187,31.73,3.32,-0.31
2.3316096365451813,31.73,3.32,-0.31
2.333078697323799,31.73,3.32,-0.31
2.3345605097711086,31.73,3.32,-0.31
2.336042020469904,31.73,3.32,-0.31
2.3375228978693485,31.73,3.32,-0.31
2.339005835354328,31.73,3.32,-0.31
2.3403416387736797,31.74,3.32,-0.31
2.3417985178530216,31.73,3.32,-0.31
2.343351472169161,31.73,3.32,-0.31
2.3449191711843014,31.73,3.32,-0.31
2.346389889717102,31.74,3.32,-0.31
2.3478679843246937,31.74,3.32,-0.31
2.3492082953453064,31.74,3.31,-0.31
2.350826185196638,31.74,3.31,-0.31
2.3537812903523445,31.73,3.32,-0.31
2.3566615507006645,31.73,3.31,-0.31
2.3596521094441414,31.73,3.31,-0.31
2.362613305449486,31.73,3.31,-0.31
2.365581016987562,31.74,3.31,-0.31
2.368581745773554,31.73,3.31,-0.31
2.3715316243469715,31.74,3.31,-0.31
2.3744515851140022,31.73,3.31,-0.31
2.3774131052196026,31.74,3.31,-0.31
2.38040067255497,31.74,3.31,-0.31
2.3832449167966843,31.73,3.32,-0.31
2.3863352611660957,31.74,3.31,-0.31
2.389283575117588,31.73,3.31,-0.31
2.3922457434237003,31.73,3.32,-0.31
2.395085133612156,31.73,3.31,-0.31
2.3981489539146423,31.74,3.31,-0.31
2.4011232778429985,31.73,3.31,-0.31
2.404074288904667,31.74,3.31,-0.31
2.4055608063936234,31.73,3.31,-0.31
2.407028168439865,31.73,3.31,-0.31
2.408511493355036,31.74,3.31,-0.31
2.409999042749405,31.74,3.31,-0.31
2.4114640429615974,31.73,3.31,-0.31
2.4129541218280792,31.73,3.31,-0.31
2.414441891014576,31.74,3.31,-0.31
2.415899086743593,31.73,3.31,-0.31
2.4173907227814198,31.73,3.31,-0.31
2.41887179389596,31.73,3.31,-0.31
2.4203469082713127,31.73,3.31,-0.31
2.4218262061476707,31.73,3.31,-0.31
2.4233001209795475,31.74,3.31,-0.31
2.4247911795973778,31.74,3.31,-0.31
2.426263976842165,31.74,3.31,-0.31
2.4277486577630043,31.74,3.31,-0.31
2.429225493222475,31.74,3.31,-0.31
2.430704068392515,31.73,3.31,-0.31
2.4321720264852047,31.74,3.31,-0.32
2.433651376515627,31.72,3.3,-0.31
2.4351350031793118,31.73,3.3,-0.31
2.436616737395525,31.74,3.3,-0.31
2.4380910098552704,31.73,3.3,-0.31
2.4395778700709343,31.74,3.3,-0.31
2.4410567469894886,31.74,3.3,-0.31
2.442539568990469,31.74,3.3,-0.31
2.4440225027501583,31.74,3.3,-0.31
2.4454890191555023,31.74,3.3,-0.31
2.446969900280237,31.74,3.3,-0.31
2.4484610967338085,31.74,3.3,-0.31
2.449949488043785,31.74,3.3,-0.31
2.4514131620526314,31.74,-453.18,-0.31
2.454353280365467,31.74,3.3,-0.31
2.4572023674845695,31.74,3.3,-0.31
2.4601490274071693,31.74,3.3,-0.31
2.463046956807375,31.74,3.3,-0.31
2.466102574020624,31.74,3.3,-0.31
2.4691273272037506,31.73,3.3,-0.31
2.4719797782599926,31.74,3.3,-0.31
2.4750430919229984,31.74,3.3,-0.31
2.477956108748913,31.74,3.3,-0.31
2.479530166834593,31.74,3.3,-0.31
2.4809031412005424,31.73,3.3,-0.31
2.4824763908982277,31.74,3.3,-0.31
2.483848612755537,31.74,3.3,-0.31
2.48539986461401,31.73,3.3,-0.31
2.486908532679081,31.73,3.3,-0.31
2.4882766865193844,31.74,3.3,-0.31
2.489833202213049,31.74,3.3,-0.31
2.4913104623556137,31.74,3.3,-0.31
2.4928276613354683,31.73,3.3,-0.31
2.49427093565464,31.73,3.3,-0.31
2.4957837909460068,31.74,3.3,-0.31
2.4972768165171146,31.74,3.3,-0.31
2.4987152703106403,31.74,3.3,-0.31
2.5002321600914,31.74,3.3,-0.31
2.5016161017119884,31.74,3.3,-0.31
2.5031828433275223,31.74,3.3,-0.31
2.504643101245165,31.74,3.3,-0.31
2.5061489082872868,31.74,3.3,-0.31
2.507565200328827,31.74,3.3,-0.31
2.5091026052832603,31.74,3.3,-0.31
2.5105184465646744,31.74,3.3,-0.31
2.512060798704624,31.74,3.3,-0.31
2.51346442848444,31.74,3.3,-0.31
2.5147767551243305,31.74,3.3,-0.31
2.516453344374895,31.74,3.3,-0.31
2.517752304673195,31.75,3.3,-0.31
2.519455038011074,31.74,3.3,-0.31
2.5208942778408527,31.74,3.31,-0.31
2.522413246333599,31.74,3.3,-0.31
2.5236745439469814,31.74,3.3,-0.31
2.5251492708921432,31.74,3.3,-0.31
2.526847518980503,31.74,3.3,-0.31
2.5282788947224617,31.74,3.3,-0.31
2.5295746214687824,31.74,3.3,-0.31
2.5312583297491074,31.74,3.3,-0.31
2.5325494818389416,31.74,3.3,-0.31
2.53423223271966,31.74,3.3,-0.31
2.5355797931551933,31.74,3.3,-0.31
2.5371597595512867,31.74,3.3,-0.31
2.5386038422584534,31.74,3.3,-0.31
2.5401524044573307,31.74,3.3,-0.31
2.5414408296346664,31.74,3.3,-0.31
2.5430145114660263,31.74,3.3,-0.31
2.5444012619554996,31.74,3.3,-0.31
2.5460678413510323,31.75,3.3,-0.31
2.5475567057728767,31.74,3.3,-0.31
2.5490339919924736,31.74,3.3,-0.31
2.5520110838115215,31.74,3.3,-0.31
2.5548508279025555,31.74,3.3,-0.31
2.557800929993391,31.74,3.3,-0.31
2.5607782527804375,31.74,3.3,-0.31
2.563759583979845,31.74,3.3,-0.31
2.5666569247841835,31.74,3.3,-0.31
2.569593835622072,31.74,3.3,-0.31
2.572684645652771,31.74,3.3,-0.31
2.5755980350077152,31.73,3.3,-0.31
2.5784942135214806,31.74,3.3,-0.31
2.5814704783260822,31.74,3.3,-0.31
2.5845411233603954,31.74,3.3,-0.31
2.5872946567833424,31.74,3.3,-0.31
2.5904130786657333,31.74,3.3,-0.31
2.5932288579642773,31.74,3.3,-0.31
2.5961854979395866,31.74,3.3,-0.31
2.599249579012394,31.74,3.3,-0.31
2.602114636451006,31.74,3.3,-0.31
2.6052497401833534,31.74,3.3,-0.31
2.60795770958066,31.74,3.3,-0.31
2.611166164278984,31.74,3.3,-0.31
2.61407021433115,31.74,3.3,-0.31
2.6170515567064285,31.74,3.3,-0.31
2.6199771389365196,31.74,3.3,-0.31
2.622963357716799,31.74,3.3,-0.31
2.62590553984046,31.74,3.3,-0.31
2.628856584429741,31.74,3.3,-0.31
2.6316575035452843,31.74,3.3,-0.31
2.6348176300525665,31.74,3.3,-0.31
2.637765020132065,31.75,3.3,-0.31
2.6392636001110077,31.74,3.3,-0.31
2.6405014283955097,31.75,3.3,-0.31
2.64222763851285,31.75,3.3,-0.31
2.6434727795422077,31.74,3.3,-0.31
2.64516419172287,31.74,3.3,-0.31
2.6464294381439686,31.75,3.3,-0.31
2.6495010033249855,31.74,3.3,-0.31
2.652363892644644,31.74,3.3,-0.31
2.655510351061821,31.74,3.3,-0.31
2.658371664583683,31.74,3.3,-0.31
2.6614460721611977,31.75,3.3,-0.31
2.6642198637127876,31.75,3.3,-0.31
2.6658816561102867,31.75,3.3,-0.31
2.667359597980976,31.75,3.3,-0.31
2.6688295863568783,31.75,3.3,-0.31
2.670239232480526,31.75,3.3,-0.31
2.6716911457479,31.74,3.3,-0.31
2.6731012538075447,31.74,3.3,-0.31
2.6747429743409157,31.74,3.3,-0.31
2.6761667989194393,31.74,3.3,-0.31
2.6777296252548695,31.75,3.3,-0.31
2.6790962405502796,31.74,3.3,-0.31
2.680496010929346,31.74,3.3,-0.31
2.6821055859327316,31.75,3.3,-0.31
2.6836078576743603,31.74,3.3,-0.31
2.6850754283368587,31.74,3.3,-0.31
2.6864378713071346,31.75,3.3,-0.31
2.688033737242222,31.75,3.3,-0.31
2.689511053264141,31.75,3.3,-0.31
2.6909534074366093,31.75,3.3,-0.31
2.6923497803509235,31.75,3.3,-0.31
2.6939614079892635,31.74,3.3,-0.31
2.6953227296471596,31.74,3.3,-0.31
2.6969378776848316,31.75,3.3,-0.31
2.6982802376151085,31.74,3.3,-0.31
2.6998577415943146,31.74,3.3,-0.31
2.7012476176023483,31.75,3.3,-0.31
2.702863421291113,31.74,3.3,-0.31
2.7042396776378155,31.74,3.3,-0.31
2.7058015428483486,31.74,3.3,-0.31
2.707272693514824,31.74,3.3,-0.31
2.70869979262352,31.74,3.3,-0.31
2.710221365094185,31.74,3.3,-0.31
2.7116513773798943,31.75,3.3,-0.31
2.713133417069912,31.74,3.3,-0.31
2.7146800346672535,31.74,3.3,-0.31
2.7161503173410892,31.75,3.3,-0.31
2.7176390662789345,31.75,3.3,-0.31
2.7190490439534187,31.74,3.3,-0.31
2.7205812595784664,31.75,3.3,-0.31
2.7220497019588947,31.75,3.3,-0.31
2.7235395200550556,31.74,3.3,-0.31
2.724947888404131,31.74,3.3,-0.31
2.7265154272317886,31.74,3.3,-0.31
2.7280037961900234,31.74,3.3,-0.31
2.729489792138338,31.75,3.3,-0.31
2.730883453041315,31.75,3.3,-0.31
2.7324279099702835,31.75,3.3,-0.31
2.7338688857853413,31.75,3.3,-0.31
2.73539312556386,31.75,3.3,-0.31
2.7368034943938255,31.75,3.3,-0.31
2.7382572777569294,31.75,3.3,-0.31
2.739830754697323,31.74,3.3,-0.31
2.7412420846521854,31.75,3.3,-0.31
2.7425453402101994,31.75,3.3,-0.31
2.744246508926153,31.74,3.3,-0.31
2.7455085031688213,31.74,3.3,-0.31
2.7471622116863728,31.74,3.3,-0.31
2.750182621181011,31.74,3.3,-0.31
2.7531277500092983,31.75,3.3,-0.31
2.7560972422361374,31.74,3.3,-0.31
2.759022831916809,31.74,3.3,-0.31
2.762007560580969,31.74,3.3,-0.31
2.7647517509758472,31.75,3.3,-0.31
2.767945270985365,31.75,3.29,-0.31
2.7707341238856316,31.75,3.3,-0.31
2.773852117359638,31.75,3.29,-0.31
2.7766389176249504,31.74,3.29,-0.31
2.7796343490481377,31.75,3.29,-0.31
2.7826350554823875,31.74,3.29,-0.31
2.7855890318751335,31.74,3.29,-0.31
2.7885973528027534,31.75,3.29,-0.31
2.7914516776800156,31.75,3.29,-0.31
2.7945391461253166,31.75,3.29,-0.31
2.797514334321022,31.75,3.29,-0.31
2.798992659896612,31.75,3.29,-0.31
2.800324633717537,31.75,3.29,-0.31
2.8019135780632496,31.75,3.29,-0.31
2.8032981045544147,31.75,3.29,-0.31
2.8048494681715965,31.75,3.29,-0.31
2.8063531070947647,31.75,3.29,-0.31
2.807837538421154,31.75,3.29,-0.31
2.8092174381017685,31.75,3.29,-0.31
2.8107850812375546,31.74,3.29,-0.31
2.812181606888771,31.75,3.29,-0.31
2.8137678764760494,31.75,3.29,-0.31
2.8151647821068764,31.74,3.29,-0.31
2.8167406544089317,31.75,3.29,-0.31
2.81808640062809,31.75,3.29,-0.31
2.8197127506136894,31.74,3.29,-0.31
2.8210583813488483,31.74,3.29,-0.31
2.8226595632731915,31.74,3.29,-0.31
2.8240218721330166,31.74,3.29,-0.31
2.825604632496834,31.74,3.29,-0.31
2.827087953686714,31.75,3.29,-0.31
2.828462142497301,31.75,3.29,-0.31
2.830032505095005,31.74,3.29,-0.31
2.8314449340105057,31.75,3.29,-0.31
2.832985930144787,31.75,3.29,-0.31
2.8343943022191525,31.75,3.29,-0.31
2.8359732292592525,31.75,3.29,-0.31
2.837422486394644,31.75,3.29,-0.31
2.838911484926939,31.74,3.29,-0.31
2.8403332978487015,31.75,3.29,-0.31
2.841897390782833,31.75,3.29,-0.31
2.843286283314228,31.75,3.29,-0.31
2.844851575791836,31.74,3.29,-0.31
2.8462434224784374,31.74,3.29,-0.31
2.849292416125536,31.74,3.3,-0.31
2.8522342033684254,31.74,3.29,-0.31
2.8549793288111687,31.75,3.29,-0.31
2.858155518770218,31.75,3.29,-0.31
2.8610906712710857,31.75,3.29,-0.31
2.864062838256359,31.75,3.29,-0.31
2.867027997970581,31.75,3.29,-0.31
2.8699750304222107,31.75,3.29,-0.31
2.872819557785988,31.75,3.29,-0.31
2.8757119476795197,31.75,3.29,-0.31
2.878877926617861,31.75,3.29,-0.31
2.8816335797309875,31.75,3.29,-0.31
2.8847235329449177,31.75,3.29,-0.31
2.8876392357051373,31.75,3.29,-0.31
2.8905408196151257,31.74,3.29,-0.31
2.8935554437339306,31.75,3.29,-0.31
2.896610300987959,31.75,3.29,-0.31
2.8994926139712334,31.75,3.29,-0.31
2.90229569748044,31.75,3.29,-0.31
2.905358176678419,31.75,3.29,-0.31
2.908330015838146,31.75,3.29,-0.31
2.911285739392042,31.75,3.3,-0.31
2.9142430014908314,31.75,3.3,-0.31
2.917202040553093,31.75,3.3,-0.31
2.9201760850846767,31.75,3.3,-0.31
2.9232510812580585,31.74,3.3,-0.31
2.931143470108509,31.75,3.29,-76.07
2.9327061474323273,31.74,3.3,-76.07
2.9340339601039886,31.75,3.3,-76.07
2.935633923858404,31.74,3.3,-76.07
2.9369788132607937,31.74,3.3,-76.07
2.9386234395205975,31.75,3.3,-76.07
2.9399814531207085,31.75,3.3,-76.07
2.9415667466819286,31.75,3.3,-76.07
2.94290991127491,31.75,3.3,-76.07
2.9444778487086296,31.75,3.3,-76.07
2.9458830021321774,31.75,3.3,-76.07
2.9553519673645496,31.74,3.3,-0.31
2.9584286771714687,31.74,3.3,-0.31
2.9612573198974133,31.75,3.3,-0.31
2.9642016887664795,31.75,3.3,-0.31
2.9671943709254265,31.75,3.3,-0.31
2.9702552035450935,31.75,3.3,-0.31
2.9731187112629414,31.75,3.3,-0.31
2.97609680891037,31.75,3.3,-0.31
2.979075312614441,31.75,3.31,-0.31
2.9819719344377518,31.75,3.3,-0.31
2.9850506111979485,31.75,3.3,-0.31
2.9878822527825832,31.74,3.3,-0.31
2.9909695722162724,31.75,3.3,-0.31
2.9923517629504204,31.75,3.3,-0.31
2.9939112029969692,31.75,3.3,-0.31
2.9954386614263058,31.75,3.3,-0.31
2.996801745146513,31.75,3.3,-0.31
2.9983489848673344,31.75,3.3,-0.31
2.9998654685914516,31.75,3.3,-0.31
3.001277234405279,31.75,3.3,-0.31
3.0028153620660305,31.75,3.3,-0.31
3.0042126737535,31.75,3.3,-0.31
3.0057693012058735,31.75,3.3,-0.31
3.0072207786142826,31.75,3.3,-0.31
3.0087362453341484,31.75,3.3,-0.31
3.010158985853195,31.75,3.3,-0.31
3.0116959661245346,31.75,3.3,-0.31
3.0131741277873516,31.75,3.3,-0.31
3.0146627724170685,31.75,3.31,-0.31
3.01607720926404,31.75,3.3,-0.31
3.0176129899919033,31.75,3.31,-0.31
3.019085571169853,31.75,3.3,-0.31
3.020358342677355,31.75,3.31,-0.31
3.022029411047697,31.75,3.31,-0.31
3.02345185354352,31.75,3.31,-0.31
3.0249936766922474,31.75,3.31,-0.31
3.026274062693119,31.75,3.3,-0.31
3.02792739123106,31.74,3.3,-0.31
3.029208555817604,31.75,3.31,-0.31
3.0308739729225636,31.75,3.31,-0.31
3.032188594341278,31.75,3.3,-0.31
3.0338427759706974,31.75,3.3,-0.31
3.0351359359920025,31.74,3.3,-0.31
3.0368390902876854,31.75,3.3,-0.31
3.0380968414247036,31.75,3.31,-0.31
3.039764028042555,31.74,3.3,-0.31
3.041065566241741,31.75,3.3,-0.31
3.042735632508993,31.75,3.3,-0.31
3.044039022177458,31.75,3.3,-0.31
3.045690506696701,31.75,3.3,-0.31
3.0485858134925365,31.75,3.3,-0.31
3.0515323653817177,31.75,3.31,-0.31
3.0544170662760735,31.75,3.3,-0.31
3.0574642904102802,31.75,3.31,-0.31
3.0603867545723915,31.74,3.31,-0.31
3.0632427036762238,31.75,3.31,-0.31
3.0662012696266174,31.75,3.31,-0.31
3.0691709518432617,31.74,3.31,-0.31
3.0721292197704315,31.74,3.31,-0.31
3.075206633657217,31.75,3.31,-0.31
3.0782068967819214,31.75,3.31,-0.31
3.0810813531279564,31.75,3.31,-0.31
3.084167681634426,31.75,3.31,-0.31
3.0870299004018307,31.75,3.31,-0.31
3.0898619033396244,31.75,3.31,-0.31
3.0929462388157845,31.75,3.31,-0.31
3.095971751958132,31.74,3.31,-0.31
3.098853934556246,31.74,3.31,-0.31
3.101729143410921,31.75,3.31,-0.31
3.1047913506627083,31.75,3.31,-0.31
3.1077392511069775,31.75,3.31,-0.31
3.110806066542864,31.75,3.31,-0.31
3.1137101240456104,31.75,3.31,-0.31
3.116461332887411,31.75,3.31,-0.31
3.1196629963815212,31.75,3.31,-0.31
3.12259379401803,31.75,3.31,-0.31
3.125510536134243,31.75,3.31,-0.31
3.128495402634144,31.74,3.31,-0.31
3.1314929500222206,31.75,3.31,-0.31
3.1344125978648663,31.73,3.31,-0.31
3.1359004750847816,31.74,3.31,-0.31
3.137405514717102,31.74,3.31,-0.31
3.1388804502785206,31.74,3.31,-0.31
3.1403685584664345,31.74,3.31,-0.31
3.1418531984090805,31.74,3.31,-0.31
3.1431043930351734,31.74,3.32,-0.31
3.144759938120842,31.74,3.32,-0.31
3.1477459222078323,31.74,3.32,-0.31
3.1507119052112103,31.74,3.32,-0.31
3.1521985791623592,31.74,3.32,-0.31
3.153659865260124,31.74,3.32,-0.31
3.155156321823597,31.74,3.32,-0.31
3.1566357277333736,31.74,3.32,-0.31
3.158121321350336,31.74,3.32,-0.31
3.1595995165407658,31.74,3.32,-0.31
3.1610671803355217,31.74,3.32,-0.31
3.1625567749142647,31.74,3.32,-0.31
3.164025656878948,31.75,3.32,-0.31
3.165506388992071,31.74,3.32,-0.31
3.1669839173555374,31.74,3.32,-0.31
3.1684663705527782,31.74,3.32,-0.31
3.1699508391320705,31.75,3.32,-0.31
3.1714309863746166,31.74,3.32,-0.31
3.172842789441347,31.74,3.32,-0.31
3.174388747662306,31.74,3.32,-0.31
3.175795651972294,31.74,3.32,-0.31
3.1772692166268826,31.74,3.32,-0.31
3.1787986904382706,31.75,3.32,-0.31
3.1802968978881836,31.75,3.32,-0.31
3.1817748621106148,31.75,3.32,-0.31
3.1832657046616077,31.74,3.32,-0.31
3.1847430020570755,31.75,3.32,-0.31
3.186097152531147,31.75,3.32,-0.31
3.1876773945987225,31.74,3.32,-0.31
3.1891699619591236,31.75,3.32,-0.31
3.1906529664993286,31.75,3.32,-0.31
3.1920607537031174,31.75,3.32,-0.31
3.193520773202181,31.75,3.32,-0.31
3.194988828152418,31.75,3.32,-0.31
3.196574080735445,31.74,3.32,-0.31
3.1980379298329353,31.74,3.32,-0.31
3.199536517262459,31.74,3.32,-0.31
3.2010025531053543,31.75,3.32,-0.31
3.2024887911975384,31.75,3.33,-0.31
3.2039645686745644,31.75,3.33,-0.31
3.2054407075047493,31.75,3.33,-0.31
3.2069222442805767,31.75,3.32,-0.31
3.208399150520563,31.75,3.32,-0.31
3.2098837085068226,31.75,3.32,-0.31
3.2113115563988686,31.74,3.32,-0.31
3.212840359658003,31.75,3.32,-0.31
3.2143303602933884,31.75,3.32,-0.31
3.215801764279604,31.75,3.32,-0.31
3.2171707674860954,31.75,3.32,-0.31
3.2187116518616676,31.75,3.33,-0.31
3.220229599624872,31.75,3.33,-0.31
3.2216203697025776,31.74,3.33,-0.31
3.223206013441086,31.74,3.33,-0.31
3.2246372625231743,31.76,3.33,-0.3
3.2261436097323895,31.76,3.32,-0.32
3.2275560200214386,31.74,3.32,-0.32
3.2291109189391136,31.75,3.32,-0.31
3.2304991111159325,31.76,3.32,-0.31
3.2320410571992397,31.75,3.32,-0.31
3.233567588031292,31.76,3.32,-0.31
3.2349486239254475,31.76,3.32,-0.31
3.236512590199709,31.75,3.32,-0.31
3.2379504963755608,31.76,3.32,-0.31
3.2394774481654167,31.76,3.32,-0.31
3.2409331053495407,31.76,3.32,-0.31
3.242439776659012,31.76,3.32,-0.31
3.243847396224737,31.76,3.32,-0.31
3.24671183899045,31.76,3.32,-0.31
3.249629471451044,31.76,3.32,-0.31
3.252781581133604,31.76,3.32,-0.31
3.2557397857308388,31.75,3.32,-0.31
3.258621919900179,31.76,3.32,-0.31
3.261566549539566,31.76,3.32,-0.31
3.264452703297138,31.76,3.32,-0.31
3.267374064773321,31.76,3.32,-0.31
3.270523678511381,31.76,3.32,-0.31
3.2733210921287537,31.76,3.32,-0.31
3.2762860246002674,31.76,3.32,-0.31
3.2794009000062943,31.75,3.32,-0.31
3.282323744148016,31.76,3.32,-0.31
3.285156663507223,31.76,3.32,-0.31
3.2882251888513565,31.76,3.32,-0.31
3.291194699704647,31.75,3.32,-0.31
3.294169630855322,31.76,3.32,-0.31
3.2970127128064632,31.76,3.32,-0.31
3.299984820187092,31.76,3.32,-0.31
3.3030893579125404,31.75,3.32,-0.31
3.305925779044628,31.76,3.32,-0.31
3.3088651783764362,31.75,3.32,-0.31
3.311887241899967,31.75,3.32,-0.31
3.3134244196116924,31.76,3.32,-0.31
3.3147847652435303,31.76,3.32,-0.31
3.3163751512765884,31.76,3.32,-0.31
3.3177342861890793,31.76,3.32,-0.31
3.3192948065698147,31.75,3.32,-0.31
3.3206980004906654,31.76,3.32,-0.31
3.322291672229767,31.76,3.32,-0.31
3.323694195598364,31.76,3.32,-0.31
3.325207557529211,31.76,3.32,-0.31
3.326731599867344,31.75,3.32,-0.31
3.3281249329447746,31.76,3.32,-0.31
3.329701852053404,31.76,3.32,-0.31
3.3310667760670185,31.76,3.32,-0.31
3.332651302218437,31.75,3.32,-0.31
3.334029369056225,31.75,3.32,-0.31
3.3355895802378654,31.76,3.32,-0.31
3.3370068334043026,31.76,3.32,-0.31
3.3385630548000336,31.75,3.32,-0.31
3.3399501591920853,31.76,3.32,-0.31
3.3415115661919117,31.76,3.32,-0.31
3.3442543856799603,31.75,3.32,-0.31
3.347382891923189,31.75,3.32,-0.31
3.3503606878221035,31.75,3.32,-0.31
3.3533562421798706,31.75,3.32,-0.31
3.3562761396169662,31.75,3.32,-0.31
3.3591332025825977,31.76,3.32,-0.31
3.362083051353693,31.76,3.32,-0.31
3.365164928138256,31.76,3.32,-0.31
3.3680403158068657,31.76,3.32,-0.31
3.371103446930647,31.76,3.32,-0.31
3.374034281820059,31.76,3.32,-0.31
3.376850049942732,31.76,3.32,-0.31
3.379967164248228,31.76,3.32,-0.31
3.382949274033308,31.76,3.32,-0.31
3.385669182986021,31.76,3.32,-0.31
3.3886217325925827,31.75,3.32,-0.31
3.3917373530566692,31.76,3.32,-0.31
3.3947028145194054,31.76,3.32,-0.31
3.396253690123558,31.76,3.32,-0.31
3.3976138718426228,31.76,3.32,-0.31
3.399199642241001,31.76,3.32,-0.31
3.4006846472620964,31.75,3.32,-0.31
3.402151808142662,31.76,3.32,-0.31
3.403483249247074,31.76,3.32,-0.31
3.4050869569182396,31.76,3.32,-0.31
3.406458605080843,31.76,3.32,-0.31
3.408079169690609,31.76,3.32,-0.31
3.40939199924469,31.76,3.32,-0.31
3.4110010638833046,31.76,3.32,-0.31
3.4125027284026146,31.76,3.32,-0.31
3.4139258675277233,31.76,3.32,-0.31
3.4153343699872494,31.76,3.32,-0.31
3.4169551953673363,31.75,3.32,-0.31
3.4183039143681526,31.76,3.32,-0.31
3.4198576770722866,31.76,3.32,-0.31
3.4212527200579643,31.76,3.32,-0.31
3.4228284917771816,31.76,3.32,-0.31
3.424326792359352,31.76,3.32,-0.31
3.425795253366232,31.75,3.32,-0.31
3.4272678568959236,31.76,3.32,-0.31
3.4286563619971275,31.75,3.32,-0.31
3.430228862911463,31.76,3.32,-0.31
3.431636366993189,31.76,3.32,-0.31
3.433191154152155,31.76,3.32,-0.31
3.434622436761856,31.76,3.32,-0.31
3.4359525069594383,31.76,3.32,-0.31
3.437548018991947,31.76,3.32,-0.31
3.4391034431755543,31.76,3.32,-0.31
3.44057734310627,31.76,3.32,-0.31
3.4420098327100277,31.76,3.32,-0.31
3.4448833987116814,31.76,3.31,-0.31
3.4479518607258797,31.76,3.31,-0.31
3.450777631253004,31.76,3.32,-0.31
3.453891534358263,31.76,3.32,-0.31
3.45682617649436,31.75,3.31,-0.31
3.4598538987338543,31.76,3.32,-0.31
3.4628104381263256,31.76,3.32,-0.31
3.465779859572649,31.76,3.32,-0.31
3.468715663999319,31.76,3.32,-0.31
3.4716709554195404,31.76,3.32,-0.31
3.4731483161449432,31.76,3.32,-0.31
3.4744446352124214,31.76,3.32,-0.31
3.476117081940174,31.76,3.32,-0.31
3.4775093607604504,31.76,3.32,-0.31
3.479035597294569,31.76,3.32,-0.31
3.480322826653719,31.76,3.32,-0.31
3.4820230826735497,31.76,3.32,-0.31
3.483312200754881,31.76,3.32,-0.31
3.4849954061210155,31.76,3.32,-0.31
3.4862528555095196,31.76,3.32,-0.31
3.487925760447979,31.76,3.32,-0.31
3.4892432391643524,31.76,3.32,-0.31
3.49088416621089,31.76,3.32,-0.31
3.492184966802597,31.76,3.32,-0.31
3.4938520900905132,31.76,3.32,-0.31
3.4951432272791862,31.76,3.32,-0.31
3.496810842305422,31.76,3.32,-0.31
3.498103693127632,31.76,3.32,-0.31
3.4997758492827415,31.76,3.32,-0.31
3.5011035352945328,31.76,3.32,-0.31
3.5025710575282574,31.76,3.32,-0.31
3.504212509840727,31.76,3.32,-0.31
3.505508817732334,31.76,3.32,-0.31
3.507181979715824,31.76,3.32,-0.31
3.5085347555577755,31.76,3.32,-0.31
3.510131359100342,31.76,3.32,-0.31
3.5114332251250744,31.76,3.32,-0.31
3.513086549937725,31.76,3.32,-0.31
3.514570850878954,31.76,3.32,-0.31
3.51588187366724,31.76,3.32,-0.31
3.517535600811243,31.76,3.32,-0.31
3.5188962034881115,31.76,3.32,-0.31
3.5203980281949043,31.76,3.32,-0.31
3.521901920437813,31.76,3.32,-0.31
3.5233770571649075,31.76,3.32,-0.31
3.524765759706497,31.76,3.32,-0.31
3.5264077372848988,31.76,3.32,-0.31
3.527748879045248,31.76,3.32,-0.31
3.5293101482093334,31.76,3.32,-0.31
3.530695877969265,31.76,3.32,-0.31
3.5322557985782623,31.76,3.32,-0.31
3.533669698983431,31.76,3.32,-0.31
3.5352400802075863,31.76,3.32,-0.31
3.5366250574588776,31.76,3.32,-0.31
3.5381931848824024,31.76,3.31,-0.31
3.5395839884877205,31.76,3.31,-0.31
3.542556792497635,31.76,3.32,-0.31
3.54554658010602,31.76,3.32,-0.31
3.548517018556595,31.76,3.32,-0.31
3.5514730736613274,31.76,3.32,-0.31
3.5543366260826588,31.75,3.32,-0.31
3.5574605613946915,31.75,3.32,-0.31
3.5604193322360516,31.75,3.32,-0.31
3.5633819214999676,31.75,3.32,-0.31
3.566334705799818,31.75,3.32,-0.31
3.5692943297326565,31.75,3.32,-0.31
3.5722477100789547,31.75,3.32,-0.31
3.5752075873315334,31.75,3.32,-0.31
3.5781756564974785,31.75,3.32,-0.31
3.581121541559696,31.75,3.32,-0.31
3.584084391593933,31.75,3.32,-0.31
3.5870390720665455,31.75,3.32,-0.31
3.589997250586748,31.75,3.32,-0.31
3.5929529778659344,31.75,3.32,-0.31
3.595921952277422,31.75,3.32,-0.31
3.598877925425768,31.75,3.32,-0.31
3.6018292978405952,31.75,3.32,-0.31
3.6047930009663105,31.75,3.32,-0.31
3.607637867331505,31.74,3.32,-0.31
3.6105247735977173,31.75,3.32,-0.31
3.6135062649846077,31.75,3.32,-0.31
3.6165270172059536,31.75,3.32,-0.31
3.619574334472418,31.75,3.32,-0.31
3.6225416474044323,31.75,3.32,-0.31
3.6255030296742916,31.75,3.32,-0.31
3.628419876098633,31.75,3.32,-0.31
3.631210844963789,31.75,3.32,-0.31
3.632895052433014,31.75,3.32,-0.31
3.63433550670743,31.75,3.32,-0.31
3.635772753506899,31.74,3.32,-0.31
3.6371802873909473,31.75,3.32,-0.31
3.6387502402067184,31.75,3.32,-0.31
3.641775004565716,31.75,3.32,-0.31
3.6447291001677513,31.75,3.32,-0.31
3.647691994905472,31.75,3.32,-0.31
3.650422163307667,31.75,3.32,-0.31
3.653495404869318,31.75,3.32,-0.31
3.6550788022577763,31.75,3.32,-0.31
3.6565538942813873,31.75,3.32,-0.31
3.6580364108085632,31.75,3.32,-0.31
3.659513898193836,31.75,3.32,-0.31
3.6609924621880054,31.75,3.32,-0.31
3.6623990423977375,31.75,3.32,-0.31
3.6639336310327053,31.75,3.32,-0.31
3.6653169617056847,31.75,3.32,-0.31
3.666874524205923,31.75,3.32,-0.31
3.6683840453624725,31.75,3.32,-0.31
3.669868588447571,31.76,3.32,-0.31
3.6712853610515594,31.75,3.32,-0.31
3.6728010028600693,31.76,3.32,-0.31
3.674301277846098,31.75,3.32,-0.31
3.6755928359925747,31.75,3.32,-0.31
3.6772715598344803,31.75,3.32,-0.31
3.6786709651350975,31.75,3.32,-0.31
3.6802200973033905,31.75,3.32,-0.31
3.6816967092454433,31.75,3.32,-0.31
3.6831816770136356,31.75,3.32,-0.31
3.6846537739038467,31.75,3.32,-0.31
3.68609731644392,31.75,3.32,-0.31
3.687637936323881,31.76,3.32,-0.31
3.689093727618456,31.75,3.32,-0.31
3.690541561692953,31.75,3.32,-0.31
3.692039631307125,31.75,3.32,-0.31
3.6935354955494404,31.75,3.32,-0.31
3.694978855550289,31.75,3.32,-0.31
3.696464404463768,31.75,3.32,-0.31
3.6979672238230705,31.75,3.32,-0.31
3.6994462236762047,31.75,3.32,-0.31
3.7009018883109093,31.75,3.32,-0.31
3.702413357794285,31.75,3.32,-0.31
3.7038803659379482,31.76,3.32,-0.31
3.7053563818335533,31.75,3.32,-0.31
3.7068259455263615,31.76,3.32,-0.31
3.708339113742113,31.75,3.32,-0.31
3.7098042964935303,31.75,3.32,-0.31
3.711281556636095,31.76,3.32,-0.31
3.712547678500414,31.75,3.32,-0.31
3.714233096688986,31.75,3.32,-0.31
3.7157208248972893,31.75,3.32,-0.31
3.7171943336725235,31.75,3.32,-0.31
3.718682911247015,31.75,3.32,-0.31
3.720149002969265,31.75,3.32,-0.31
3.7216297164559364,31.75,3.32,-0.31
3.7231076061725616,31.75,3.32,-0.31
3.7245864272117615,31.75,3.32,-0.31
3.7260759472846985,31.75,3.32,-0.31
3.7275537699460983,31.75,3.32,-0.31
3.729036685079336,31.75,3.32,-0.31
3.7305175364017487,31.75,3.32,-0.31
3.731992620974779,31.76,3.32,-0.31
3.7334747575223446,31.75,3.32,-0.31
3.7349467054009438,31.75,3.32,-0.31
3.736429527401924,31.76,3.32,-0.31
3.7379150800406933,31.75,3.32,-0.31
3.7408721446990967,31.75,3.32,-0.31
3.743819884955883,31.75,3.32,-0.31
3.7466477677226067,31.75,3.32,-0.31
3.7497378550469875,31.75,3.32,-0.31
3.752561781555414,31.75,3.32,-0.31
3.755587588995695,31.75,3.32,-0.31
3.7585592791438103,31.76,3.32,-0.31
3.761446390300989,31.76,3.33,-0.31
3.7644916027784348,31.76,3.33,-0.31
3.7674191556870937,31.75,3.33,-0.31
3.770355273038149,31.75,3.33,-0.31
3.773403950035572,31.75,3.33,-0.31
3.77633236348629,31.76,3.33,-0.31
3.7793143801391125,31.76,3.33,-0.31
3.7822790257632732,31.76,3.33,-0.31
3.7852321080863476,31.76,3.33,-0.31
3.7881858237087727,31.76,3.33,-0.31
3.7911441177129745,31.76,3.33,-0.31
3.792604971677065,31.76,3.33,-0.31
3.794066172093153,31.76,3.33,-0.31
3.795552134513855,31.76,3.33,-0.31
3.79704874381423,31.76,3.33,-0.31
3.7985410280525684,31.76,3.33,-0.31
3.799998179078102,31.76,3.33,-0.31
3.8014424331486225,31.76,3.33,-0.31
3.802976381033659,31.76,3.33,-0.31
3.804448254406452,31.76,3.33,-0.31
3.8058829084038734,31.76,3.33,-0.31
3.8074026331305504,31.76,3.33,-0.31
3.808846864849329,31.76,3.33,-0.31
3.8103688918054104,31.76,3.33,-0.31
3.81185694783926,31.76,3.33,-0.31
3.81332528591156,31.76,3.33,-0.31
3.814820922911167,31.76,3.33,-0.31
3.8162871189415455,31.76,3.33,-0.31
3.817774821072817,31.76,3.33,-0.31
3.8190493509173393,31.75,3.33,-0.31
3.8207053542137146,31.75,3.33,-0.31
3.822022248059511,31.75,3.33,-0.31
3.8236971870064735,31.76,3.33,-0.31
3.825176849961281,31.76,3.33,-0.31
3.8266505151987076,31.76,3.33,-0.31
3.8281283900141716,31.76,3.33,-0.31
3.8295018151402473,31.76,3.33,-0.31
3.830879531800747,31.75,3.34,-0.31
3.8325465209782124,31.76,3.33,-0.31
3.8339490555226803,31.76,3.33,-0.31
3.8355187997221947,31.75,3.33,-0.31
3.8383256383240223,31.75,3.33,-0.31
3.84143840149045,31.76,3.33,-0.31
3.8443915396928787,31.75,3.33,-0.31
3.8473536297678947,31.75,3.33,-0.31
3.8503181114792824,31.76,3.33,-0.31
3.8532801121473312,31.75,3.33,-0.31
3.856188878417015,31.75,3.33,-0.31
3.859111238270998,31.75,3.33,-0.31
3.8620666339993477,31.75,3.33,-0.31
3.8650318160653114,31.76,3.33,-0.31
3.868061777204275,31.76,3.33,-0.31
3.870964679867029,31.75,3.33,-0.31
3.8739786446094513,31.76,3.33,-0.31
3.876840453594923,31.75,3.33,-0.31
3.8798621483147144,31.76,3.33,-0.31
3.882858082652092,31.76,3.33,-0.31
3.885779283940792,31.75,3.34,-0.31
3.8887615464627743,31.75,3.34,-0.31
3.8916773200035095,31.76,3.34,-0.31
3.8946560472249985,31.76,3.34,-0.31
3.897631663829088,31.75,3.34,-0.31
3.900587346404791,31.76,3.34,-0.31
3.903519470244646,31.75,3.34,-0.31
3.906523298472166,31.75,3.34,-0.31
3.909472405910492,31.75,3.34,-0.31
3.9124426022171974,31.75,3.34,-0.31
3.9139057211577892,31.76,3.34,-0.31
3.915391642600298,31.75,3.34,-0.31
3.916838500648737,31.75,3.34,-0.31
3.9183505848050117,31.75,3.34,-0.31
3.919836960732937,31.75,3.34,-0.31
3.921317979693413,31.75,3.34,-0.31
3.9227806590497494,31.75,3.34,-0.31
3.924188632518053,31.75,3.34,-0.31
3.9257371090352535,31.75,3.34,-0.31
3.9272249080240726,31.75,3.34,-0.31
3.928689606487751,31.76,3.34,-0.31
3.9301411136984825,31.75,3.34,-0.31
3.9316636733710766,31.76,3.34,-0.31
3.933135859668255,31.75,3.34,-0.31
3.9346110969781876,31.76,3.34,-0.31
3.936094507575035,31.76,3.34,-0.31
3.939053364098072,31.76,3.34,-0.31
3.9419011548161507,31.76,3.34,-0.31
3.9449066519737244,31.75,3.34,-0.31
3.94793788343668,31.75,3.34,-0.31
3.950772177428007,31.75,3.34,-0.31
3.9523702673614025,31.75,3.34,-0.31
3.9538628347218037,31.76,3.34,-0.31
3.9552125930786133,31.75,3.33,-0.32
3.9568146467208862,31.76,3.34,-0.31
3.9581058099865913,31.76,3.34,-0.31
3.9597653411328793,31.76,3.34,-0.31
3.961245760321617,31.75,3.34,-0.31
3.962733529508114,31.75,3.34,-0.31
3.964035477489233,31.76,3.34,-0.31
3.965685613453388,31.76,3.34,-0.31
3.967127948999405,31.76,3.34,-0.31
3.96857126429677,31.76,3.34,-0.31
3.9699603989720345,31.76,3.34,-0.31
3.971597131341696,31.76,3.34,-0.31
3.9730810038745403,31.76,3.34,-0.31
3.974399346858263,31.77,3.34,-0.31
3.9760328494012356,31.76,3.34,-0.31
3.9774056263267994,31.76,3.34,-0.31
3.9788506776094437,31.76,3.34,-0.31
3.9804049246013165,31.76,3.34,-0.31
3.981973096728325,31.77,3.34,-0.31
3.9833211712539196,31.76,3.34,-0.31
3.9848415479063988,31.76,3.34,-0.31
3.9863941073417664,31.77,3.34,-0.31
3.9877307191491127,31.77,3.34,-0.31
3.9892901182174683,31.77,3.34,-0.31
3.9907227903604507,31.77,3.34,-0.31
3.9923087619245052,31.77,3.34,-0.31
3.9937321543693542,31.77,3.34,-0.31
3.9952521808445454,31.77,3.34,-0.31
3.996648896485567,31.76,3.34,-0.31
3.998183451592922,31.76,3.34,-0.31
3.9997010715305805,31.75,3.34,-0.32
4.001067042350769,31.75,3.34,-0.31
4.002627529203892,31.76,3.35,-0.31
4.0041333846747875,31.76,3.34,-0.32
4.005512021481991,31.76,3.34,-0.31
4.006988912820816,31.77,3.34,-0.31
4.0085565857589245,31.77,3.34,-0.31
4.009979318827391,31.77,3.34,-0.31
4.011528339236975,31.76,3.34,-0.31
4.0129326321184635,31.76,3.34,-0.31
4.0145072266459465,31.76,3.34,-0.31
4.015972003340721,31.76,3.34,-0.31
4.0173882357776165,31.76,3.34,-0.31
4.018940191715956,31.77,3.34,-0.31
4.0203245505690575,31.77,3.34,-0.31
4.02186194434762,31.76,3.34,-0.31
4.023359149694443,31.77,3.34,-0.31
4.024858795106411,31.76,3.34,-0.31
4.0261603705585,31.76,3.34,-0.31
4.027823615819216,31.76,3.34,-0.31
4.02921973913908,31.77,3.34,-0.31
4.0305420607328415,31.77,3.34,-0.31
4.032176788896322,31.77,3.34,-0.31
4.033662177622318,31.77,3.34,-0.31
4.036476839333773,31.77,3.34,-0.31
4.039627093821764,31.77,3.34,-0.31
4.0423872359097,31.76,3.34,-0.31
4.045549117028713,31.75,3.34,-0.31
4.048285827040672,31.76,3.34,-0.31
4.051451493054628,31.76,3.34,-0.31
4.0543348751962185,31.76,3.34,-0.31
4.057239808142185,31.75,3.34,-0.31
4.060214895755053,31.75,3.34,-0.31
4.063228629529476,31.75,3.34,-0.31
4.0660942159593105,31.75,3.34,-0.31
4.069034956395626,31.75,3.34,-0.31
4.0719634257256985,31.76,3.34,-0.32
4.075125403702259,31.74,3.34,-0.31
4.0780669786036015,31.74,3.34,-0.31
4.081011205911636,31.75,3.34,-0.31
4.083864253014326,31.76,3.34,-0.31
4.086985990405083,31.76,3.34,-0.31
4.089896932244301,31.76,3.34,-0.31
4.092731416225433,31.76,3.33,-0.31
4.095749996602535,31.76,3.33,-0.31
4.098626218736172,31.76,3.34,-0.31
4.101579688489437,31.75,3.34,-0.31
4.104555323719978,31.75,3.34,-0.31
4.107663735747337,31.75,3.34,-0.31
4.110557395964861,31.75,3.34,-0.31
4.112112563103437,31.75,3.34,-0.31
4.113587971776724,31.75,3.33,-0.31
4.115034494549036,31.75,3.33,-0.31
4.116436868906021,31.75,3.33,-0.31
4.118022184818983,31.75,3.34,-0.31
4.11948811635375,31.75,3.33,-0.31
4.120967596769333,31.76,3.33,-0.31
4.122442409396172,31.76,3.34,-0.31
4.123923499137163,31.75,3.34,-0.31
4.1253547966480255,31.76,3.34,-0.31
4.12689495831728,31.75,3.34,-0.31
4.128304660320282,31.75,3.34,-0.31
4.129869312047958,31.75,3.34,-0.31
4.131279397755861,31.76,3.33,-0.31
4.132817763835192,31.75,3.33,-0.31
4.135787159204483,31.75,3.33,-0.31
4.138524807989597,31.75,3.33,-0.31
4.141633667051792,31.75,3.33,-0.31
4.144634407013655,31.75,3.33,-0.31
4.147429931908846,31.76,3.33,-0.31
4.150548916310072,31.75,3.33,-0.31
4.153516139835119,31.75,3.33,-0.31
4.156491234898567,31.75,3.33,-0.31
4.1594353169202805,31.75,3.33,-0.31
4.16226164624095,31.76,3.33,-0.31
4.165259078145027,31.76,3.33,-0.31
4.168309543281794,31.76,3.33,-0.31
4.178374528884888,31.76,3.33,-0.31
4.179835829883814,31.75,3.34,-0.31
4.181323692202568,31.76,3.34,-0.31
4.182757128030062,31.76,3.34,-0.31
4.184042502194643,31.76,3.33,-0.31
4.1857292316854,31.76,3.33,-0.31
4.187203988432884,31.76,3.33,-0.31
4.188732318580151,31.75,3.34,-0.31
4.190189253538847,31.76,3.33,-0.31
4.1914784871041775,31.76,3.34,-0.31
4.193122543394566,31.76,3.34,-0.31
4.194423604756594,31.76,3.34,-0.31
4.196093991398811,31.76,3.34,-0.31
4.197447810322046,31.75,3.34,-0.31
4.199046194553375,31.75,3.34,-0.31
4.200560234487057,31.75,3.34,-0.31
4.201849363744259,31.75,3.34,-0.31
4.203514713793993,31.75,3.34,-0.31
4.204903919249773,31.75,3.34,-0.31
4.2064711675047874,31.75,3.34,-0.31
4.207945737987757,31.76,3.34,-0.31
4.209419209510088,31.76,3.33,-0.31
4.210847437381744,31.76,3.33,-0.31
4.212381474673748,31.76,3.33,-0.31
4.213865734636784,31.76,3.33,-0.31
4.215344961732626,31.76,3.33,-0.31
4.216820612549782,31.76,3.34,-0.3
4.218292571604252,31.76,3.34,-0.3
4.219779770821333,31.76,3.33,-0.32
4.221269156783819,31.75,3.33,-0.31
4.222734101116657,31.76,3.34,-0.31
4.224233221262693,31.76,3.34,-0.32
4.225709147751331,31.76,3.33,-0.31
4.227179151028395,31.76,3.34,-0.31
4.228657402098179,31.76,3.34,-0.31
4.230136763304472,31.77,3.33,-0.31
4.231606896966696,31.77,3.33,-0.31
4.234583735466003,31.77,3.33,-0.31
4.237393539398909,31.76,3.34,-0.31
4.240416672080755,31.76,3.33,-0.31
4.243453957140446,31.77,3.33,-0.31
4.2462228536605835,31.76,3.33,-0.31
4.249378185719252,31.77,3.33,-0.31
4.252241685986519,31.77,3.33,-0.31
4.255107767879963,31.76,3.33,-0.31
4.258119266480207,31.76,3.33,-0.31
4.261171277612448,31.76,3.33,-0.31
4.26411671936512,31.77,3.33,-0.31
4.267039891332388,31.76,3.33,-0.31
4.26992043107748,31.76,3.33,-0.31
4.273049533367157,31.77,3.33,-0.31
4.275982640683651,31.77,3.33,-0.31
4.27893839776516,31.76,3.33,-0.32
4.281849727034569,31.76,3.33,-0.31
4.284845817834139,31.77,3.33,-0.31
4.2877437099814415,31.76,3.33,-0.31
4.29072879627347,31.76,3.33,-0.31
4.293628327548504,31.76,3.33,-0.32
4.296506814658642,31.75,3.33,-0.31
4.299458857625723,31.75,3.33,-0.31
4.302598692476749,31.75,3.33,-0.31
4.304095983505249,31.75,3.33,-0.31
4.305516738444567,31.75,3.33,-0.31
4.306901212781668,31.75,3.33,-0.31
4.308480329811573,31.75,3.33,-0.31
4.3097797110676765,31.75,3.33,-0.31
4.311454862356186,31.75,3.33,-0.31
4.312736354768276,31.76,3.33,-0.31
4.31443253532052,31.75,3.33,-0.31
4.315699767321348,31.75,3.33,-0.31
4.317410748451948,31.76,3.33,-0.31
4.318663589656353,31.76,3.33,-0.31
4.3203571774065495,31.75,3.33,-0.31
4.321675669401884,31.76,3.33,-0.31
4.323316127061844,31.76,3.33,-0.31
4.32460805028677,31.76,3.33,-0.31
4.326280999928713,31.76,3.33,-0.31
4.327756807208061,31.76,3.33,-0.31
4.329237692058086,31.76,3.33,-0.31
4.3307163417339325,31.76,3.33,-0.31
4.333603125065565,31.76,3.33,-0.31
4.33660439774394,31.76,3.33,-0.31
4.339592695236206,31.76,3.33,-0.31
4.342382151633501,31.76,3.33,-0.31
4.345356818288565,31.76,3.33,-0.31
4.348429951816797,31.77,3.32,-0.31
4.351243264973164,31.77,3.33,-0.31
4.3543926402926445,31.77,3.33,-0.31
4.357236474752426,31.77,3.33,-0.31
4.360294986516237,31.77,3.33,-0.31
4.363156355917454,31.77,3.33,-0.31
4.366186272352934,31.76,3.33,-0.31
4.369095336645842,31.76,3.33,-0.31
4.372104164212942,31.76,3.33,-0.31
4.375000260770321,31.76,3.33,-0.31
4.377988338470459,31.77,3.33,-0.31
4.379534874111414,-791.78,3.33,-0.31
4.380888111889362,31.78,3.33,-0.31
4.382446277886629,31.77,3.33,-0.31
4.3839582316577435,31.77,3.33,-0.31
4.385427746921778,31.77,3.33,-0.31
4.386910684406757,31.77,3.33,-0.31
4.388301946222782,31.77,3.33,-0.31
4.3898696675896645,31.77,3.33,-0.31
4.391320154070854,31.77,3.33,-0.31
4.392842013388872,31.77,3.33,-0.31
4.394211404025555,31.77,3.33,-0.31
4.395767167210579,31.77,3.33,-0.31
4.397042401134968,31.77,3.33,-0.31
4.398691564798355,31.78,3.33,-0.31
4.400148347020149,31.78,3.33,-0.31
4.401711266487837,31.77,3.33,-0.31
4.403141193091869,31.77,3.32,-0.31
4.404588792473078,31.77,3.33,-0.31
4.406152993440628,31.77,3.33,-0.31
4.407553892582655,31.77,3.32,-0.31
4.40911366045475,31.77,3.33,-0.31
4.410526216030121,31.77,3.33,-0.31
4.412034701555967,31.77,3.32,-0.31
4.413476396352053,31.77,3.32,-0.31
4.414800867438316,31.77,3.33,-0.31
4.416459992527962,31.77,3.33,-0.31
4.417743694037199,31.77,3.33,-0.31
4.419421009719372,31.77,3.33,-0.31
4.420715250074863,31.77,3.33,-0.31
4.422380290925503,31.77,3.33,-0.31
4.423721354454756,31.77,3.33,-0.31
4.425387177616358,31.77,3.32,-0.31
4.426628828048706,31.77,3.32,-0.31
4.428311243653297,31.77,3.32,-0.31
4.429644651710987,31.77,3.32,-0.31
4.432590998709202,31.76,3.32,-0.31
4.43573734164238,31.77,3.32,-0.31
4.438692580908537,31.77,3.32,-0.31
4.441648293286562,31.77,3.32,-0.31
4.44446300342679,31.76,3.32,-0.31
4.4474467895925045,31.76,3.33,-0.31
4.450459778308868,31.76,3.33,-0.31
4.453349184244871,31.76,3.32,-0.31
4.456295013427734,31.76,3.33,-0.31
4.459256961941719,31.76,3.32,-0.31
4.462275225669146,31.76,3.32,-0.31
4.463814295828342,31.76,3.33,-0.31
4.465284377336502,31.76,3.32,-0.31
4.466808315366507,31.76,3.32,-0.31
4.468125116080046,31.76,3.32,-0.31
4.4697126522660255,31.76,3.33,-0.31
4.471096653491259,31.76,3.33,-0.31
4.472550392150879,31.76,3.32,-0.31
4.474182959645987,31.76,3.32,-0.31
4.475659392774105,31.76,3.32,-0.31
4.476992264389992,31.76,3.32,-0.31
4.47859738394618,31.76,3.32,-0.31
4.480076871812344,31.76,3.32,-0.31
4.481555264443159,31.77,3.32,-0.31
4.482922099530697,31.76,3.32,-0.31
4.484530068933964,31.76,3.32,-0.31
4.485888849943876,31.77,3.32,-0.31
4.487490385770798,31.76,3.32,-0.31
4.488978553563356,31.76,3.32,-0.31
4.490451194345951,31.76,3.32,-0.31
4.49181192740798,31.76,3.32,-0.32
4.493411876261234,31.76,3.32,-0.31
4.494884610176086,31.76,3.32,-0.31
4.496370244771242,31.77,3.32,-0.31
4.497812379151583,31.76,3.32,-0.31
4.499331135302782,31.76,3.32,-0.31
4.500715535134077,31.76,3.32,-0.31
4.502289649099112,31.76,3.33,-0.31
4.503670439124107,31.76,3.33,-0.31
4.505237456411123,31.76,3.33,-0.31
4.506681263446808,31.76,3.33,-0.31
4.508200716227293,31.76,3.33,-0.31
4.509663995355368,31.76,3.33,-0.31
4.511068738996983,31.75,3.33,-0.31
4.512633461505175,31.76,3.33,-0.31
4.514041177928448,31.76,3.33,-0.31
4.515602644532919,31.76,3.33,-0.31
4.5169952139258385,31.76,3.33,-0.31
4.518569525331259,31.76,3.33,-0.31
4.5199927762150764,31.77,3.33,-0.31
4.521259415894747,31.77,3.33,-0.32
4.52293898165226,31.76,3.33,-0.31
4.524406727403402,31.77,3.33,-0.31
4.5257030092179775,31.76,3.33,-0.31
4.527412336319685,31.76,3.33,-0.31
4.5303839929401875,31.77,3.33,-0.31
4.533335097134113,31.76,3.33,-0.31
4.53621806204319,31.77,3.33,-0.31
4.539267718791962,31.76,3.33,-0.31
4.542202562093735,31.76,3.33,-0.31
4.5450032241642475,31.76,3.33,-0.31
4.548147492110729,31.76,3.33,-0.31
4.55103512480855,31.76,3.33,-0.31
4.553888846188784,31.76,3.33,-0.31
4.556779410690069,31.76,3.33,-0.31
4.559979449957609,31.76,3.33,-0.31
4.562836226075888,31.76,3.33,-0.31
4.565664488822222,31.76,3.33,-0.31
4.568851165473461,31.76,3.33,-0.31
4.571741238236427,31.76,3.33,-0.31
4.5747187696397305,31.76,3.33,-0.31
4.577719658613205,31.75,3.33,-0.31
4.580634944140911,31.76,3.33,-0.31
4.58353453502059,31.76,3.33,-0.31
4.586586833000183,31.76,3.33,-0.31
4.589380726218224,31.76,3.33,-0.31
4.59232335537672,31.76,3.33,-0.31
4.59543814510107,31.76,3.33,-0.31
4.59833012893796,31.76,3.33,-0.31
4.601307205855846,31.76,3.33,-0.31
4.604255199432373,31.76,3.33,-0.31
4.607213132083416,31.76,3.33,-0.31
4.610068365931511,31.76,3.33,-0.31
4.613220129162073,31.76,3.33,-0.31
4.616076320409775,31.76,3.33,-0.31
4.619126308709383,31.76,3.33,-0.31
4.622034784406424,31.76,3.33,-0.31
4.623527742922306,31.76,3.33,-0.31
4.624984595924616,31.76,3.33,-0.31
4.626487422734499,31.77,3.33,-0.31
4.629450336098671,31.77,3.33,-0.31
4.632403749972582,31.76,3.33,-0.31
4.635393090546131,31.76,3.33,-0.31
4.638339448720217,31.76,3.33,-0.31
4.639847218990326,31.76,3.33,-0.31
4.641095943748951,31.76,3.33,-0.31
4.642768662422895,31.76,3.34,-0.31
4.644076872617006,31.76,3.34,-0.31
4.645747430622578,31.76,3.34,-0.31
4.646997224539518,31.76,3.33,-0.31
4.648672342300415,31.76,3.33,-0.31
4.649977087974548,31.76,3.34,-0.31
4.651633694767952,31.77,3.34,-0.31
4.652935609221458,31.76,3.34,-0.31
4.654609244316816,31.76,3.33,-0.31
4.6561072915792465,31.76,3.34,-0.31
4.657579772174358,31.77,3.34,-0.31
4.659058004617691,31.77,3.33,-0.31
4.660536713898182,31.76,3.33,-0.31
4.662014584988356,31.76,3.33,-0.31
4.663488976657391,31.77,3.34,-0.31
4.664968330413103,31.77,3.34,-0.31
4.666454829275608,31.77,3.33,-0.32
4.667939018458128,31.77,3.33,-0.31
4.669214811176062,31.77,3.34,-0.31
4.67089095339179,31.78,3.34,-0.31
4.672378212213516,31.77,3.33,-0.31
4.673860039561987,31.77,3.33,-0.31
4.675324413925409,31.77,3.34,-0.31
4.676805812865496,31.76,3.34,-0.31
4.678287465125322,31.77,3.34,-0.31
4.679769564419985,31.77,3.34,-0.31
4.681259445846081,31.77,3.33,-0.31
4.682735543698072,31.76,3.33,-0.31
4.6842140182852745,31.76,3.33,-0.31
4.685696676373482,31.76,3.33,-0.31
4.687064956873655,31.77,3.33,-0.31
4.688499066978693,31.76,3.33,-0.31
4.6899793818593025,31.76,3.33,-0.31
4.691550586372614,31.76,3.33,-0.31
4.69293113425374,31.76,3.33,-0.31
4.694563791155815,31.77,3.33,-0.31
4.696040783077478,31.77,3.34,-0.31
4.697514902800322,31.77,3.33,-0.31
4.6990029737353325,31.77,3.33,-0.31
4.7004560604691505,31.77,3.33,-0.31
4.701811622828245,31.77,3.33,-0.31
4.703383307904005,31.76,3.33,-0.31
4.704819947481155,31.76,3.33,-0.31
4.706339295953512,31.76,3.33,-0.31
4.707877557724714,31.76,3.33,-0.31
4.709258571267128,31.77,3.33,-0.31
4.7108284085989,31.77,3.33,-0.31
4.712304841727018,31.77,3.33,-0.31
4.713787641376257,31.77,3.33,-0.31
4.715235762298107,31.77,3.33,-0.31
4.716751229017973,31.77,3.33,-0.31
4.718138337135315,31.77,3.33,-0.31
4.719702269881964,31.76,3.33,-0.31
4.721177328377962,31.76,3.33,-0.31
4.722661275416613,31.76,3.33,-0.31
4.724091470241547,31.76,3.33,-0.31
4.72562388330698,31.77,3.33,-0.31
4.728406514972448,31.76,3.33,-0.31
4.731526285409927,31.77,3.33,-0.31
4.734506338834763,31.77,3.33,-0.31
4.737456552684307,31.77,3.33,-0.31
4.740432757884264,31.77,3.34,-0.31
4.7433371767401695,31.77,3.33,-0.31
4.746310368180275,31.77,3.33,-0.31
4.749244976788759,31.77,3.33,-0.31
4.7521926909685135,31.77,3.33,-0.31
4.755199417471886,31.77,3.33,-0.31
4.758053984493017,31.77,3.33,-0.31
4.7609399780631065,31.76,3.33,-0.31
4.763868305832148,31.77,3.33,-0.31
4.7670473754405975,31.77,3.34,-0.31
4.77001778408885,31.77,3.33,-0.31
4.772953804582357,31.77,3.33,-0.31
4.775914624333382,31.77,3.33,-0.31
4.778861988335848,31.77,3.34,-0.31
4.780354902148247,31.77,3.33,-0.31
4.781826805323362,31.77,3.33,-0.31
4.78330771997571,31.77,3.33,-0.31
4.784788072109222,31.77,3.33,-0.31
4.786268267780542,31.77,3.33,-0.31
4.787732519209385,31.77,3.33,-0.31
4.7892164923250675,31.77,3.33,-0.31
4.790698450058699,31.77,3.34,-0.31
4.79217716678977,31.77,3.34,-0.31
4.793660119175911,31.77,3.33,-0.31
4.79514042660594,31.76,3.33,-0.31
4.796529307961464,31.76,3.33,-0.31
4.797943100333214,31.77,3.33,-0.31
4.799570508301258,31.77,3.33,-0.31
4.800903666764498,31.77,3.33,-0.31
4.802509482949972,31.77,3.33,-0.31
4.804004453122616,31.77,3.33,-0.31
4.8054202906787395,31.78,3.33,-0.31
4.806898735463619,31.77,3.33,-0.31
4.808437544852495,31.77,3.33,-0.31
4.80986450985074,31.77,3.33,-0.31
4.811323847621679,31.77,3.33,-0.31
4.812895681709051,31.77,3.33,-0.31
4.814303398132324,31.77,3.33,-0.31
4.815843556076288,31.77,3.33,-0.31
4.8172213435173035,31.77,3.33,-0.31
4.818796336650848,31.77,3.33,-0.31
4.820174623280764,31.77,3.33,-0.31
4.8217427507042885,31.77,3.33,-0.31
4.823112837970257,31.77,3.33,-0.31
4.824678909033537,31.77,3.33,-0.31
4.8276517279446125,31.77,3.33,-0.31
4.8306236155331135,31.77,3.33,-0.31
4.8335835337638855,31.77,3.33,-0.31
4.8365226574242115,31.77,3.33,-0.31
4.839496411383152,31.77,3.33,-0.31
4.842472370713949,31.77,3.33,-0.31
4.845428105443716,31.77,3.33,-0.31
4.848389886319637,31.76,3.33,-0.31
4.8513470739126205,31.77,3.33,-0.31
4.854313649237156,31.77,3.33,-0.31
4.857265390455723,31.77,3.34,-0.31
4.860005233436823,31.77,3.33,-0.31
4.863141234964132,31.77,3.33,-0.31
4.866115491837263,31.77,3.33,-0.31
4.869055163115263,31.77,3.33,-0.31
4.872042194008827,31.76,3.33,-0.31
4.8749974593520164,31.77,3.33,-0.31
4.877968762069941,31.77,3.33,-0.31
4.880895659327507,31.76,3.33,-0.31
4.883885882794857,31.76,3.33,-0.31
4.886686395853758,31.77,3.33,-0.31
4.889634355902672,31.77,3.33,-0.31
4.892756946384907,31.77,3.33,-0.31
4.895719934254885,31.77,3.33,-0.31
4.898679580539465,31.77,3.33,-0.31
4.901641711592674,31.77,3.33,-0.31
4.9031174927949905,31.77,3.33,-0.31
4.904588293284178,31.77,3.33,-0.31
4.9060840383172035,31.77,3.33,-0.31
4.907559182494879,31.77,3.33,-0.31
4.90903465077281,31.77,3.33,-0.31
4.910513494163752,31.77,3.33,-0.31
4.911994978785515,31.77,3.33,-0.31
4.913476184010506,31.77,3.33,-0.31
4.914943482726812,31.77,3.33,-0.31
4.91625763848424,31.77,3.33,-0.31
4.917809750884771,31.77,3.33,-0.31
4.9193802289664745,31.77,3.33,-0.31
4.920720741152763,31.77,3.33,-0.31
4.922328680753708,31.77,3.33,-0.31
4.923817068338394,31.77,3.33,-0.31
4.926679477095604,31.77,3.33,-0.31
4.929601099342108,31.77,3.33,-0.31
4.932618986815214,31.77,3.33,-0.31
4.9355575032532215,31.77,3.33,-0.31
4.938448019325733,31.78,3.33,-0.31
4.9400499649345875,31.77,3.33,-0.31
4.94157387316227,31.78,3.33,-0.31
4.942932527512312,31.78,3.33,-0.31
4.944485332816839,31.78,3.33,-0.31
4.946000121533871,31.78,3.33,-0.31
4.94746283814311,31.78,3.33,-0.31
4.948924575001001,31.78,3.33,-0.31
4.950442507863045,31.78,3.33,-0.31
4.951888173818588,31.78,3.33,-0.31
4.953342266380787,31.78,3.33,-0.31
4.9548815451562405,31.78,3.33,-0.31
4.956283558160067,31.77,3.33,-0.31
4.957842044532299,31.78,3.33,-0.31
4.9592229053378105,31.78,3.33,-0.31
4.960795223712921,31.77,3.33,-0.31
4.9622066505253315,31.77,3.34,-0.31
4.963753283023834,31.78,3.34,-0.31
4.965143498033285,31.77,3.34,-0.31
4.966712329536676,31.78,3.34,-0.31
4.968168552964926,31.77,3.34,-0.31
4.969616375863552,31.77,3.34,-0.31
4.971038118004799,31.77,3.34,-0.31
4.9725735001266,31.77,3.34,-0.31
4.974075466394424,31.77,3.34,-0.31
4.975557405501604,31.77,3.34,-0.31
4.9770724549889565,31.76,3.34,-0.31
4.978534910827875,31.76,3.34,-0.31
4.980025675147772,31.77,3.34,-0.3
4.981496185064316,31.77,3.34,-0.31
4.982969727367163,31.76,3.34,-0.32
4.984468333423138,31.76,3.34,-0.31
4.98595704510808,31.76,3.34,-0.31
4.987410202622414,31.77,3.34,-0.31
4.988894127309322,31.77,3.34,-0.31
4.990373522043228,31.77,3.34,-0.31
4.991861931979656,31.77,3.34,-0.31
4.993334740400314,31.77,3.34,-0.31
4.994798064231873,31.77,3.34,-0.31
4.9962845630943775,31.78,3.34,-0.31
4.997781608253717,31.78,3.34,-0.31
4.999251052737236,31.77,3.34,-0.31
5.000726029276848,31.78,3.34,-0.31
5.002205599099398,31.78,3.34,-0.31
5.0036905631423,31.78,3.34,-0.31
5.005166869610548,31.77,3.34,-0.31
5.006648261100054,31.77,3.34,-0.31
5.008125569671392,31.77,3.34,-0.31
5.009609874337912,31.78,3.34,-0.31
5.0108944326639175,31.77,3.34,-0.31
5.0125651732087135,31.77,3.34,-0.31
5.014032132923603,31.77,3.34,-0.31
5.015415295958519,31.77,3.34,-0.31
5.016902670264244,31.77,3.34,-0.31
5.018352966755629,31.77,3.34,-0.31
5.019921611994505,31.77,3.34,-0.31
5.021441299468279,31.78,3.34,-0.31
5.022738941013813,31.78,3.34,-0.31
5.026003073900938,31.77,3.34,-0.31
5.028760228306055,31.77,3.35,-0.3
5.0316631607711315,31.78,3.34,-0.32
5.034643221646547,31.78,3.34,-0.31
5.037629261612892,31.78,3.34,-0.31
5.040548164397478,31.77,3.34,-0.31
5.043495938181877,31.77,3.34,-0.31
5.046509128063917,31.77,3.34,-0.31
5.049391269683838,31.78,3.34,-0.32
5.052423100918531,31.78,3.34,-0.31
5.055462848395109,31.78,3.34,-0.31
5.058416459709406,31.78,3.34,-0.31
5.061364136636257,31.78,3.34,-0.31
5.064341228455305,31.78,3.34,-0.31
5.067289337515831,31.78,3.34,-0.31
5.070099662989378,31.78,3.34,-0.31
5.073031384497881,31.78,3.34,-0.31
5.07618510723114,31.77,3.34,-0.31
5.079122394323349,31.78,3.34,-0.31
5.08207194134593,31.77,3.34,-0.31
5.085002612322569,31.78,3.34,-0.31
5.0878143645823,31.78,3.34,-0.31
5.090949043631554,31.78,3.34,-0.31
5.093917973339558,31.78,3.34,-0.31
5.096875291317701,31.78,3.34,-0.31
5.099683195352554,31.78,3.34,-0.31
5.101278759539127,31.78,3.34,-0.31
5.10278507694602,31.78,3.34,-0.31
5.104276768863201,31.78,3.34,-0.31
5.1055367439985275,31.78,3.34,-0.31
5.107201121747494,31.78,3.33,-0.31
5.108728878200054,31.77,3.33,-0.31
5.110176898539066,31.77,3.33,-0.31
5.1115420907735825,31.77,3.33,-0.31
5.113125868141651,31.78,3.33,-0.31
5.114507000893354,31.78,3.33,-0.31
5.116073828190565,31.78,3.33,-0.31
5.11738633736968,31.78,3.33,-0.31
5.119051244109869,31.78,3.33,-0.31
5.120542250573635,31.78,3.33,-0.31
5.123513795435429,31.78,3.33,-0.31
5.126478388905525,31.78,3.33,-0.31
5.12919033691287,31.78,3.33,-0.31
5.132223159074783,31.79,3.33,-0.31
5.135223560035229,31.79,3.33,-0.31
5.138201370835304,31.78,3.33,-0.31
5.141256358474493,31.79,3.33,-0.31
5.144172191619873,31.78,3.33,-0.31
5.147057604044676,31.78,3.33,-0.31
5.150109093636274,31.78,3.33,-0.31
5.153073497116566,31.78,3.33,-0.31
5.156051505357027,31.78,3.33,-0.31
5.158931788057089,31.79,3.33,-0.31
5.161951635032892,31.78,3.33,-0.31
5.163365501910448,31.78,3.33,-0.31
5.164900101721287,31.78,3.33,-0.31
5.166282046586275,31.78,3.33,-0.31
5.167783405631781,31.78,3.33,-0.31
5.169344995170832,31.77,3.33,-0.31
5.170718260109425,31.78,3.33,-0.31
5.172248210757971,31.78,3.33,-0.31
5.173687122762203,31.78,3.33,-0.31
5.1752597615122795,31.77,3.33,-0.31
5.176692463457584,31.77,3.33,-0.31
5.1781152449548244,31.77,3.33,-0.31
5.179677817970514,31.78,3.33,-0.31
5.181166540831327,31.78,3.33,-0.31
5.18265101313591,31.78,3.33,-0.31
5.184148520231247,31.77,3.33,-0.31
5.185623485594988,31.78,3.33,-0.31
5.187093876302242,31.78,3.33,-0.31
5.188572388142347,31.78,3.33,-0.31
5.190057571977377,31.78,3.33,-0.31
5.191531430929899,31.78,3.33,-0.31
5.1930080614984035,31.78,3.33,-0.31
5.1944893412292,31.77,3.33,-0.31
5.195908170193434,31.77,3.33,-0.31
5.197440400719643,31.78,3.33,-0.31
5.198928523808718,31.77,3.33,-0.31
5.200407691299915,31.78,3.33,-0.31
5.201884344220161,31.77,3.33,-0.31
5.20333968475461,31.77,3.33,-0.31
5.204771935939789,31.77,3.33,-0.31
5.206108435988426,31.78,3.34,-0.31
5.207744814455509,31.78,3.33,-0.31
5.209267016500235,31.78,3.33,-0.31
5.210760526359081,31.77,3.33,-0.31
5.212227735668421,31.78,3.33,-0.31
5.213594425469637,31.77,3.33,-0.31
5.215161610394716,31.77,3.33,-0.31
5.216681107878685,31.78,3.33,-0.31
5.218107767403126,31.77,3.33,-0.31
5.219633799046278,31.77,3.34,-0.31
5.221106123179197,31.77,3.34,-0.31
5.224072173237801,31.78,3.34,-0.31
5.2269626669585705,31.78,3.33,-0.31
5.229977693408728,31.77,3.33,-0.31
5.232882793992758,31.78,3.33,-0.31
5.235904145985842,31.78,3.33,-0.31
5.2387242913246155,31.77,3.33,-0.31
5.241737671196461,31.78,3.34,-0.31
5.2447876408696175,31.78,3.33,-0.31
5.247745681554079,31.78,3.34,-0.31
5.250704761594534,31.78,3.34,-0.31
5.253666393458843,31.78,3.33,-0.31
5.25647546723485,31.79,3.33,-0.31
5.25958514213562,31.78,3.34,-0.31
5.260915353894234,31.78,3.33,-0.31
5.262538060545921,31.78,3.33,-0.31
5.264012437313795,31.78,3.33,-0.31
5.265381522476673,31.78,3.33,-0.31
5.266932059079409,31.78,3.33,-0.31
5.268438369035721,31.78,3.33,-0.31
5.269835531711578,31.78,3.33,-0.31
5.271273836493492,31.78,3.34,-0.31
5.272820100188255,31.78,3.34,-0.31
5.274356361478567,31.78,3.34,-0.31
5.275723200291395,31.78,3.33,-0.31
5.277285564690828,31.78,3.33,-0.31
5.278797283768654,31.78,3.33,-0.31
5.280287958681583,31.78,3.33,-0.31
5.281754277646542,31.78,3.33,-0.31
5.283232193440199,31.78,3.33,-0.31
5.284632343798876,31.78,3.33,-0.31
5.286075975745916,31.77,3.33,-0.31
5.287559825927019,31.78,3.33,-0.31
5.28896501660347,31.78,3.33,-0.31
5.29055155813694,31.77,3.33,-0.31
5.2920766696333885,31.77,3.33,-0.31
5.293484181165695,31.78,3.33,-0.31
5.295074712485075,31.78,3.33,-0.31
5.296545352786779,31.77,3.33,-0.31
5.2980052307248116,31.77,3.33,-0.31
5.299505449831486,31.77,3.33,-0.31
5.300985708832741,31.77,3.33,-0.31
5.302458297461271,31.77,3.33,-0.31
5.303944241255522,31.78,3.33,-0.31
5.305381812155247,31.78,3.33,-0.31
5.306903429329395,31.78,3.33,-0.31
5.308312613517046,31.78,3.33,-0.31
5.309671558439732,31.78,3.33,-0.31
5.311341121792793,31.77,3.33,-0.31
5.312599379569292,31.78,3.33,-0.31
5.314303498715162,31.78,3.33,-0.31
5.315766669809818,31.78,3.33,-0.31
5.317249454557896,31.78,3.33,-0.31
5.3187151029706,31.78,3.33,-0.31
5.321508586406708,31.78,3.33,-0.31
5.324654433876276,31.78,3.33,-0.31
5.32762062177062,31.78,3.33,-0.31
5.330554720014334,31.78,3.33,-0.31
5.333366233855486,31.78,3.33,-0.31
5.336315326392651,31.78,3.33,-0.31
5.339443754404783,31.79,3.33,-0.31
5.342404030263424,31.79,3.33,-0.31
5.345205366611481,31.79,3.33,-0.31
5.348315969109535,31.78,3.33,-0.31
5.351278521120548,31.78,3.33,-0.31
5.3542348593473434,31.78,3.33,-0.31
5.3571333438158035,31.78,3.33,-0.31
5.360153544694185,31.78,3.33,-0.31
5.363108769059181,31.78,3.33,-0.31
5.365934159606695,31.77,3.33,-0.31
5.369013234972954,31.78,3.33,-0.31
5.371982432901859,31.78,3.33,-0.31
5.374850288033485,31.78,3.33,-0.31
5.377713829278946,31.78,3.33,-0.31
5.380860295146704,31.78,3.33,-0.31
5.383635804057121,31.77,3.33,-0.31
5.3867373540997505,31.78,3.33,-0.31
5.389688655734062,31.78,3.33,-0.31
5.39268197119236,31.78,3.33,-0.31
5.395643308758736,31.78,3.33,-0.31
5.398580718785524,31.79,3.33,-0.31
5.401573494076729,31.79,3.33,-0.31
5.404524076730013,31.79,3.33,-0.31
5.407461393624544,31.79,3.33,-0.31
5.410409823060036,31.78,3.33,-0.31
5.413398012518883,31.79,3.33,-0.31
5.416329577565193,31.79,3.33,-0.31
5.419275246560574,31.79,3.33,-0.31
5.420716784894466,-313.57,3.33,-0.31
5.422240197658539,31.79,3.33,-0.31
5.423709202557802,31.78,3.33,-0.31
5.425186403095722,31.78,3.33,-0.31
5.426675047725439,31.79,3.33,-0.31
5.428159225732088,31.78,3.33,-0.31
5.429662726819515,31.78,3.33,-0.31
5.431134600192308,31.78,3.33,-0.31
5.432624664157629,31.78,3.33,-0.31
5.434057615697384,31.78,3.33,-0.31
5.435363166034222,31.78,3.32,-0.31
5.437026508152485,31.78,3.32,-0.31
5.438545316457748,31.78,3.33,-0.31
5.439998347312212,31.78,3.33,-0.31
5.441502567380667,31.78,3.33,-0.31
5.442973993718624,31.78,3.32,-0.31
5.444432329386473,31.78,3.32,-0.31
5.445926990360022,31.78,3.32,-0.31
5.4474126398563385,31.78,3.32,-0.31
5.4488906636834145,31.78,3.33,-0.31
5.45036631077528,31.78,3.32,-0.31
5.451851420104504,31.78,3.32,-0.31
5.453162577003241,31.79,3.32,-0.31
5.454798273742199,31.78,3.32,-0.31
5.456095278263092,31.78,3.32,-0.31
5.457755722105503,31.78,3.32,-0.31
5.459244500845671,31.78,3.32,-0.31
5.460558727383614,31.78,3.32,-0.31
5.462187681347132,31.78,3.32,-0.31
5.463683445006609,31.78,3.32,-0.31
5.4651635736227036,31.78,3.32,-0.31
5.4666337966918945,31.78,3.32,-0.31
5.468109719455242,31.78,3.32,-0.31
5.469591177999973,31.78,3.32,-0.31
5.470892697572708,31.78,3.32,-0.31
5.472556244581938,31.78,3.32,-0.31
5.473851293325424,31.78,3.32,-0.31
5.4755131006240845,31.78,3.32,-0.31
5.476964361965656,31.78,3.32,-0.31
5.4783042930066586,31.78,3.32,-0.31
5.479946635663509,31.78,3.32,-0.31
5.481284644454718,31.78,3.32,-0.31
5.482889913022518,31.78,3.32,-0.31
5.48435053601861,31.78,3.32,-0.31
5.485704001039267,31.78,3.32,-0.31
5.487336717545986,31.78,3.32,-0.31
5.488668616861105,31.78,3.32,-0.31
5.490315217524767,31.78,3.32,-0.31
5.491783328354359,31.78,3.32,-0.31
5.493264824151993,31.78,3.32,-0.31
5.494649283587933,31.78,3.32,-0.31
5.496126167476177,31.78,3.32,-0.31
5.497654557228088,31.78,3.32,-0.31
5.499170463532209,31.78,3.32,-0.31
5.500575643032789,31.78,3.32,-0.31
5.502058699727058,31.78,3.32,-0.31
5.5035639852285385,31.78,3.32,-0.31
5.5051048919558525,31.78,3.32,-0.31
5.506507381796837,31.78,3.32,-0.31
5.507963012903929,31.78,3.32,-0.31
5.509535558521748,31.78,3.32,-0.31
5.510995216667652,31.78,3.32,-0.31
5.512423146516085,31.78,3.32,-0.31
5.513971544802189,31.78,3.32,-0.31
5.515439089387655,31.79,3.32,-0.31
5.51687765866518,31.79,3.32,-0.31
5.519866492599249,31.78,3.32,-0.31
5.522626746445894,31.78,3.32,-0.31
5.525770243257284,31.78,3.32,-0.31
5.5287424102425575,31.78,3.32,-0.31
5.5317187160253525,31.78,3.32,-0.31
5.53467383235693,31.78,3.32,-0.31
5.537454754114151,31.78,3.32,-0.31
5.540594924241304,31.78,3.32,-0.31
5.543343394994736,31.78,3.32,-0.31
5.546494212001562,31.78,3.32,-0.31
5.549457859247923,31.79,3.32,-0.31
5.552401766180992,31.78,3.32,-0.31
5.55520636588335,31.78,3.32,-0.31
5.5583386272192,31.78,3.32,-0.31
5.561289917677641,31.78,3.32,-0.31
5.5642565451562405,31.78,3.33,-0.31
5.567208856344223,31.78,3.32,-0.31
5.57018269225955,31.77,3.33,-0.31
5.573138661682606,31.79,3.32,-0.31
5.576092462986708,31.79,3.32,-0.31
5.5775725319981575,31.78,3.33,-0.31
5.579056490212679,31.78,3.33,-0.31
5.580518063157797,31.78,3.33,-0.31
5.582016658037901,31.78,3.33,-0.31
5.583481311798096,31.78,3.33,-0.31
5.584963101893663,31.79,3.33,-0.31
5.586453504860401,31.79,3.33,-0.31
5.587937366217375,31.79,3.33,-0.31
5.589427571743727,31.78,3.33,-0.31
5.590888470411301,31.78,3.33,-0.31
5.592355590313673,31.78,3.33,-0.31
5.593796759843826,31.78,3.33,-0.31
5.59532518312335,31.78,3.33,-0.31
5.596799843013287,31.78,3.33,-0.31
5.5981496423482895,31.78,3.33,-0.31
5.599641289561987,31.78,3.33,-0.31
5.60113013908267,31.78,3.33,-0.31
5.602639585733414,31.78,3.33,-0.31
5.60404709726572,31.78,3.33,-0.31
5.605690471827984,31.78,3.33,-0.31
5.607162497937679,31.78,3.33,-0.31
5.6085282899439335,31.78,3.33,-0.31
5.610113725066185,31.78,3.33,-0.31
5.611478082835674,31.78,3.33,-0.31
5.613070096820593,31.79,3.33,-0.31
5.614551603794098,31.79,3.33,-0.31
5.615942034870386,31.79,3.33,-0.31
5.618987273424864,31.79,3.33,-0.31
5.6219104789197445,31.78,3.33,-0.31
5.624846208840609,31.78,3.33,-0.31
5.6277761943638325,31.78,3.33,-0.31
5.6308035515248775,31.78,3.33,-0.31
5.633755777031183,31.79,3.33,-0.31
5.63670851662755,31.79,3.33,-0.31
5.639665339142084,31.79,3.33,-0.31
5.642632808536291,31.79,3.33,-0.31
5.645602852106094,31.79,3.33,-0.31
5.6485630460083485,31.79,3.33,-0.31
5.65151921287179,31.78,3.33,-0.31
5.654476515948772,31.78,3.33,-0.31
5.6574504263699055,31.78,3.33,-0.31
5.660403061658144,31.78,3.33,-0.31
5.66334930434823,31.78,3.34,-0.31
5.6663124822080135,31.78,3.34,-0.31
5.669277798384428,31.78,3.34,-0.31
5.672236375510693,31.79,3.33,-0.31
5.67519198730588,31.79,3.34,-0.31
5.6781521290540695,31.78,3.34,-0.31
5.68111028149724,31.79,3.33,-0.31
5.682574976235628,31.79,3.34,-0.31
5.684056092053652,31.79,3.34,-0.31
5.685537159442902,31.79,3.33,-0.31
5.687026984989643,31.79,3.33,-0.31
5.688501711934805,31.79,3.33,-0.31
5.689982879906893,31.79,3.33,-0.31
5.69146017357707,31.79,3.33,-0.31
5.692945081740618,31.79,3.33,-0.31
5.694416601210833,31.79,3.33,-0.31
5.695890188217163,31.79,3.33,-0.31
5.697358574718237,31.78,3.33,-0.31
5.698854260146618,31.78,3.33,-0.31
5.700336169451475,31.78,3.33,-0.31
5.701817538589239,31.79,3.33,-0.31
5.703298579901457,31.79,3.33,-0.31
5.704785108566284,31.79,3.33,-0.31
5.706193443387747,31.79,3.33,-0.31
5.707642272114754,31.79,3.33,-0.31
5.709156114608049,31.79,3.33,-0.31
5.710602011531591,31.79,3.33,-0.31
5.712110381573439,31.79,3.33,-0.31
5.71359883621335,31.79,3.33,-0.31
5.715048015117645,31.79,3.33,-0.31
5.71807698905468,31.79,3.33,-0.31
5.7209672294557095,31.79,3.33,-0.31
5.723970286548138,31.78,3.33,-0.31
5.726908337324858,31.79,3.33,-0.31
5.729858085513115,31.78,3.33,-0.31
5.732880685478449,31.79,3.33,-0.31
5.7358374781906605,31.79,3.33,-0.31
5.737330101430416,31.79,3.33,-0.31
5.7387842535972595,31.79,3.33,-0.31
5.7402751334011555,31.79,3.34,-0.31
5.74175688251853,31.79,3.33,-0.31
5.7432417050004005,31.79,3.33,-0.31
5.744710396975279,31.79,3.33,-0.31
5.746184077113867,31.79,3.33,-0.31
5.7476717457175255,31.79,3.33,-0.31
5.749146018177271,31.79,3.33,-0.31
5.750633981078863,31.79,3.33,-0.31
5.752111222594976,31.79,3.33,-0.31
5.753592777997255,31.79,3.33,-0.31
5.755068752914667,31.78,3.33,-0.31
5.756539776921272,31.78,3.33,-0.31
5.758021228015423,31.79,3.33,-0.31
5.759495783597231,31.78,3.33,-0.31
5.76097210124135,31.78,3.33,-0.31
5.762454718351364,31.78,3.33,-0.31
5.76393162086606,31.78,3.33,-0.31
5.765337139368057,31.78,3.33,-0.31
5.766893956810236,31.78,3.33,-0.31
5.768301080912352,31.79,3.33,-0.3
5.7698208056390285,31.79,3.33,-0.31
5.771327648311853,31.79,3.33,-0.31
5.772779140621424,31.79,3.33,-0.31
5.774064507335424,31.79,3.33,-0.31
5.775770433247089,31.79,3.33,-0.31
5.777250628918409,31.79,3.33,-0.31
5.778496045619249,31.78,3.33,-0.31
5.780158184468746,31.79,3.33,-0.31
5.781465280801058,31.79,3.33,-0.31
5.7831626534461975,31.79,3.33,-0.31
5.784647323191166,31.79,3.33,-0.31
5.786135919392109,31.79,3.33,-0.31
5.787413585931063,31.78,3.33,-0.31
5.7890702821314335,31.79,3.33,-0.31
5.790342707186937,31.78,3.33,-0.31
5.792037911713123,31.78,3.33,-0.31
5.79353766515851,31.78,3.33,-0.31
5.794976305216551,31.78,3.33,-0.31
5.796283081173897,31.78,3.33,-0.31
5.797945432364941,31.78,3.33,-0.31
5.799254171550274,31.79,3.33,-0.31
5.8009182289242744,31.78,3.33,-0.31
5.802405126392841,31.78,3.33,-0.31
5.803868018090725,31.79,3.33,-0.31
5.805373556911945,31.79,3.33,-0.31
5.806844916194677,31.78,3.33,-0.31
5.808155614882708,31.79,3.33,-0.31
5.809791788458824,31.79,3.33,-0.31
5.811091937124729,31.78,3.33,-0.31
5.812566947191954,31.78,3.33,-0.31
5.814238294959068,31.78,3.33,-0.31
5.817190479487181,31.78,3.33,-0.31
5.820082511752844,31.78,3.33,-0.31
5.822919651865959,31.78,3.32,-0.31
5.826059065759182,31.79,3.32,-0.31
5.828998401761055,31.78,3.32,-0.31
5.831818640232086,31.78,3.32,-0.31
5.834940958768129,31.78,3.32,-0.31
5.837855763733387,31.79,3.32,-0.31
5.8407573364675045,31.79,3.32,-0.31
5.843766458332539,31.78,3.32,-0.31
5.846772663295269,31.78,3.32,-0.31
5.849569555372,31.78,3.32,-0.31
5.852477069944143,31.78,3.32,-0.31
5.8555471152067184,31.78,3.32,-0.31
5.858418118208647,31.77,3.32,-0.31
5.861400078982115,31.78,3.32,-0.31
5.864490430802107,31.78,3.32,-0.31
5.867383476346731,31.78,3.32,-0.31
5.87033262476325,31.78,3.32,-0.31
5.8733474016189575,31.79,3.32,-0.31
5.876118130981922,31.79,3.32,-0.31
5.8793087862432,31.79,3.32,-0.31
5.882100742310286,31.79,3.32,-0.31
5.885217122733593,31.79,3.32,-0.31
5.888186544179916,31.78,3.32,-0.31
5.891013693064451,31.79,3.32,-0.31
5.894086513668299,31.78,3.32,-0.31
5.897021662443876,31.79,3.32,-0.31
5.898522172123194,31.79,3.32,-0.31
5.899794340133667,31.78,3.32,-0.31
5.9012729823589325,31.79,3.32,-0.31
5.9027585200965405,31.79,3.32,-0.31
5.904440149664879,31.79,3.32,-0.31
5.905924785882235,31.79,3.32,-0.31
5.907431986182928,31.79,3.32,-0.31
5.908724017441273,31.79,3.32,-0.31
5.910341456532478,31.78,3.32,-0.31
5.91163782030344,31.78,3.32,-0.31
5.914657723158598,31.79,3.32,-0.31
5.9176921136677265,31.79,3.32,-0.31
5.920580297708511,31.78,3.31,-0.31
5.923692658543587,31.78,3.32,-0.31
5.926610749214888,31.79,3.32,-0.31
5.929607767611742,31.79,3.31,-0.31
5.9324771463871,31.79,3.32,-0.31
5.935523230582476,31.79,3.32,-0.31
5.938466835767031,31.78,3.31,-0.31
5.94131139293313,31.79,3.32,-0.31
5.942920621484518,31.79,3.32,-0.31
5.944247901439667,31.78,3.32,-0.31
5.945852961391211,31.79,3.32,-0.31
5.947193954139948,31.79,3.32,-0.31
5.948764033615589,31.79,3.32,-0.31
5.95023401081562,31.79,3.32,-0.31
5.951782371848822,31.79,3.32,-0.31
5.953185748308897,31.79,3.32,-0.31
5.954607103019953,31.78,3.32,-0.31
5.956167232245207,31.79,3.32,-0.31
5.957695696502924,31.79,3.32,-0.31
5.959169585257769,31.79,3.32,-0.31
5.960642296820879,31.78,3.32,-0.31
5.962150249630213,31.78,3.32,-0.31
5.9636180475354195,31.79,3.32,-0.31
5.965100824832916,31.79,3.32,-0.31
5.966575361788273,31.78,3.32,-0.31
5.968061238527298,31.78,3.32,-0.31
5.969435773789883,31.79,3.32,-0.31
5.971006445586681,31.79,3.32,-0.31
5.97249399125576,31.78,3.32,-0.31
5.973941162228584,31.79,3.32,-0.31
5.975347261875868,31.79,3.32,-0.31
5.9769283421337605,31.79,3.32,-0.31
5.978218547999859,31.78,3.32,-0.31
5.979801826179028,31.78,3.32,-0.31
5.981363333761692,31.79,3.32,-0.31
5.982750587165356,31.79,3.32,-0.31
5.984190046787262,31.79,3.32,-0.31
5.985805202275515,31.79,3.32,-0.31
5.987286847084761,31.79,3.32,-0.31
5.9887563437223434,31.79,3.32,-0.31
5.990077029913664,31.79,3.32,-0.31
5.991723462939262,31.79,3.32,-0.31
5.993192255496979,31.79,3.32,-0.31
5.994436979293823,31.79,3.32,-0.31
5.99608700722456,31.79,3.31,-0.31
5.997550379484892,31.79,3.32,-0.31
5.999108228832483,31.79,3.32,-0.31
6.000515893101692,31.79,3.32,-0.31
6.002086162567139,31.79,3.32,-0.31
6.003515921533108,31.79,3.32,-0.31
6.00501225143671,31.8,3.32,-0.31
6.006520289927721,31.8,3.32,-0.31
6.007982447743416,31.79,3.32,-0.31
6.009263429790735,31.8,3.32,-0.31
6.010928843170404,31.79,3.32,-0.31
6.01380217820406,31.8,3.32,-0.31
6.016811456531286,31.79,3.32,-0.31
6.019653230905533,31.8,3.32,-0.31
6.022791776806116,31.79,3.32,-0.31
6.025587756186724,31.8,3.32,-0.31
6.02859416231513,31.8,3.32,-0.31
6.031613402068615,31.8,3.32,-0.31
6.034480080008507,31.8,3.32,-0.31
6.03758067637682,31.8,3.32,-0.31
6.040320105850697,31.8,3.32,-0.31
6.04326830431819,31.8,3.32,-0.31
6.046298887580633,31.79,3.32,-0.31
6.049369864165783,31.79,3.32,-0.31
6.0522600039839745,31.79,3.32,-0.31
6.055185668170452,31.78,3.32,-0.31
6.05672849714756,31.79,3.32,-0.31
6.058126382529736,31.79,3.32,-0.31
6.0597620494663715,31.79,3.32,-0.31
6.061123680323362,31.79,3.32,-0.31
6.062669184058905,31.79,3.32,-0.31
6.064077138900757,31.79,3.31,-0.31
6.06566047295928,31.79,3.31,-0.31
6.067076783627272,31.79,3.31,-0.31
6.068650182336569,31.79,3.31,-0.31
6.069981258362532,31.79,3.31,-0.31
6.071552619338036,31.79,3.31,-0.31
6.073034554719925,31.79,3.32,-0.31
6.074531447142363,31.79,3.32,-0.31
6.076020330190659,31.79,3.32,-0.31
6.07738634198904,31.79,3.32,-0.31
6.078977562487125,31.79,3.32,-0.31
6.080345265567303,31.79,3.32,-0.31
6.081937309354544,31.78,3.32,-0.31
6.083386804908514,31.79,3.32,-0.31
6.084872405976057,31.78,3.32,-0.31
6.08627774566412,31.78,3.32,-0.31
6.087754316627979,31.78,3.32,-0.31
6.089319657534361,31.78,3.32,-0.31
6.090812038630247,31.78,3.32,-0.31
6.092274647206068,31.78,3.32,-0.31
6.093778140842915,31.79,3.32,-0.31
6.09518526121974,31.78,3.32,-0.31
6.0967268869280815,31.78,3.32,-0.31
6.098146118223667,31.78,3.32,-0.31
6.099691677838564,31.78,3.32,-0.31
6.101092308759689,31.78,3.32,-0.31
6.102653816342354,31.78,3.32,-0.31
6.104142211377621,31.78,3.32,-0.31
6.105614714324474,31.79,3.32,-0.31
6.107081156224012,31.79,3.32,-0.31
6.108561810106039,31.78,3.32,-0.31
6.110054325312376,31.79,3.31,-0.31
6.112785138189793,31.78,3.31,-0.31
6.115952655673027,31.78,3.31,-0.31
6.118693221360445,31.78,3.31,-0.31
6.121878623962402,31.78,3.31,-0.31
6.124651774764061,31.79,3.3,-0.31
6.127783793956041,31.78,3.3,-0.31
6.130578458309174,31.78,3.31,-0.31
6.133518613874912,31.78,3.31,-0.31
6.136527497321367,31.78,3.31,-0.31
6.139633249491453,31.78,3.31,-0.31
6.142513424158096,31.78,3.31,-0.31
6.145376168191433,31.78,3.31,-0.31
6.148503422737122,31.78,3.31,-0.31
6.151289846748114,31.78,3.31,-0.31
6.154410257935524,31.78,3.31,-0.31
6.157160632312298,31.79,3.31,-0.31
6.160319343209267,31.78,3.31,-0.31
6.1631598100066185,31.78,3.3,-0.31
6.166263747960329,31.78,3.31,-0.31
6.169132299721241,31.78,3.3,-0.31
6.17203488573432,31.78,3.3,-0.31
6.175083611160517,31.78,3.3,-0.31
6.177974879741669,31.78,3.31,-0.31
6.180942982435226,31.78,3.31,-0.31
6.183825518935919,31.78,3.31,-0.31
6.18679091706872,31.78,3.31,-0.31
6.189854618161917,31.78,3.31,-0.31
6.192839369177818,31.78,3.31,-0.31
6.195801615715027,31.78,3.31,-0.31
6.198745179921389,31.78,3.31,-0.31
6.200271472334862,31.79,3.31,-0.31
6.201744344085455,31.79,3.31,-0.31
6.203217972069979,31.78,3.31,-0.31
6.204701121896505,31.78,3.31,-0.31
6.206180401146412,31.78,3.31,-0.31
6.2075734212994576,31.79,3.31,-0.31
6.20906101539731,31.79,3.31,-0.31
6.211909703910351,31.79,3.31,-0.31
6.215024616569281,31.78,3.3,-0.31
6.216539599001408,31.79,3.31,-0.31
6.217838317155838,31.79,3.31,-0.31
6.219491075724363,31.78,3.31,-0.31
6.2209785506129265,31.78,3.31,-0.31
6.222441524267197,31.78,3.31,-0.31
6.223922960460186,31.78,3.31,-0.31
6.225394211709499,31.78,3.31,-0.31
6.226676534861326,31.78,3.31,-0.31
6.228355057537556,31.78,3.31,-0.31
6.229640506207943,31.78,3.31,-0.31
6.231280457228422,31.78,3.31,-0.31
6.232577830553055,31.78,3.31,-0.31
6.234255105257034,31.78,3.31,-0.31
6.235540054738522,31.78,3.31,-0.31
6.237196505069733,31.78,3.31,-0.31
6.238515209406614,31.78,3.31,-0.31
6.240191418677568,31.78,3.31,-0.31
6.2416766956448555,31.78,3.31,-0.31
6.243153061717749,31.78,3.31,-0.31
6.2446292489767075,31.78,3.31,-0.31
6.245910346508026,31.78,3.31,-0.31
6.24759403988719,31.78,3.31,-0.31
6.249071411788464,31.78,3.31,-0.31
6.250546954572201,31.79,3.31,-0.31
6.252017974853516,31.79,3.31,-0.31
6.253506474196911,31.78,3.31,-0.31
6.2549831084907055,31.78,3.31,-0.31
6.25647459179163,31.79,3.31,-0.31
6.257939349859953,31.78,3.31,-0.31
6.259415227919817,31.79,3.31,-0.31
6.260902728885412,31.78,3.31,-0.31
6.2623782604932785,31.79,3.31,-0.31
6.2636908032000065,31.79,3.31,-0.31
6.265311788767576,31.79,3.31,-0.31
6.266754515469074,31.78,3.31,-0.32
6.268301662057638,31.78,3.31,-0.31
6.269632015377283,31.78,3.31,-0.32
6.271234076470137,31.77,3.31,-0.32
6.2727588303387165,31.78,3.31,-0.31
6.2741360925138,31.77,3.3,-0.31
6.275557443499565,31.78,3.31,-0.3
6.2771102003753185,31.79,3.31,-0.3
6.27853449434042,31.79,3.31,-0.31
6.280073452740908,31.79,3.31,-0.31
6.281581055372953,31.78,3.31,-0.31
6.283063776791096,31.78,3.31,-0.31
6.284453798085451,31.78,3.31,-0.31
6.286038972437382,31.78,3.31,-0.31
6.287388525903225,31.78,3.31,-0.31
6.28895065933466,31.78,3.31,-0.31
6.29036171361804,31.78,3.31,-0.31
6.29194837808609,31.79,3.31,-0.31
6.293349973857403,31.79,3.31,-0.31
6.294810928404331,31.79,3.31,-0.31
6.296368166804314,31.79,3.31,-0.31
6.297775261104107,31.78,3.31,-0.31
6.2993241883814335,31.79,3.32,-0.31
6.300714071840048,31.79,3.32,-0.31
6.302317317575216,31.79,3.31,-0.31
6.3037629052996635,31.8,3.32,-0.31
6.305259641259909,31.79,3.31,-0.31
6.306681785732508,31.79,3.31,-0.31
6.309632450342178,31.79,3.32,-0.3
6.312662675976753,31.8,3.31,-0.32
6.315577980130911,31.79,3.31,-0.31
6.318546086549759,31.79,3.32,-0.31
6.321510646492243,31.79,3.31,-0.31
6.324479214847088,31.79,3.31,-0.31
6.327445048838854,31.8,3.32,-0.31
6.33040302619338,31.79,3.32,-0.31
6.333379302173853,31.79,3.32,-0.31
6.336332220584154,31.8,3.31,-0.31
6.339320071041584,31.8,3.32,-0.31
6.342245876789093,31.79,3.31,-0.31
6.34514394402504,31.8,3.31,-0.31
6.348020311444998,31.8,3.31,-0.31
6.35111640393734,31.79,3.31,-0.31
6.354093983769417,31.79,3.32,-0.31
6.357050500810146,31.8,3.31,-0.31
6.360012628138065,31.79,3.31,-0.31
6.362937536090612,31.8,3.32,-0.31
6.3658654391765594,31.79,3.31,-0.31
6.368732009083033,31.8,3.32,-0.31
6.371819820255041,31.79,3.32,-0.31
6.374739341437817,31.79,3.32,-0.31
6.3762808330357075,31.79,3.32,-0.31
6.3775935135781765,31.79,3.32,-0.31
6.379241604357958,31.79,3.32,-0.31
6.380714550614357,31.79,3.32,-0.31
6.382196016609669,31.79,3.32,-0.31
6.383662652224302,31.8,3.32,-0.31
6.385164424777031,31.79,3.32,-0.31
6.386572577059269,31.8,3.32,-0.31
6.388080086559057,31.8,3.32,-0.31
6.38959126919508,31.79,3.32,-0.31
6.390903253108263,31.79,3.32,-0.31
6.392479911446571,31.79,3.32,-0.31
6.394017476588488,31.8,3.32,-0.31
6.395427793264389,31.79,3.32,-0.31
6.396982491016388,31.79,3.32,-0.31
6.398331459611654,31.79,3.32,-0.31
6.399951633065939,31.79,3.32,-0.31
6.401428908109665,31.79,3.32,-0.31
6.40289506316185,31.79,3.32,-0.31
6.404371544718742,31.79,3.32,-0.31
6.40586256608367,31.79,3.32,-0.31
6.408623848110437,31.79,3.32,-0.31
6.411709662526846,31.79,3.32,-0.31
6.414609637111425,31.8,3.32,-0.31
6.417487185448408,31.79,3.32,-0.31
6.420565769076347,31.79,3.32,-0.31
6.42360432818532,31.79,3.32,-0.31
6.426563009619713,31.79,3.32,-0.31
6.429539732635021,31.79,3.32,-0.31
6.4323541931807995,31.78,3.32,-0.31
6.435427017509937,31.79,3.32,-0.31
6.438390780240297,31.79,3.32,-0.31
6.441348358988762,31.79,3.32,-0.31
6.444161843508482,31.79,3.32,-0.31
6.44727049395442,31.79,3.32,-0.31
6.450102616101503,31.79,3.33,-0.31
6.453167103230953,31.79,3.33,-0.31
6.456144612282515,31.79,3.32,-0.31
6.4589023888111115,31.79,3.33,-0.31
6.460584189742804,31.78,3.33,-0.31
6.4620808102190495,31.79,3.32,-0.31
6.463532771915197,31.79,3.32,-0.31
6.465015254914761,31.79,3.32,-0.31
6.466506592929363,31.79,3.32,-0.31
6.4677960351109505,31.79,3.33,-0.31
6.469451077282429,31.79,3.32,-0.31
6.470931641757488,31.79,3.32,-0.31
6.472406215965748,31.79,3.33,-0.31
6.473898630589247,31.79,3.32,-0.31
6.475367695093155,31.79,3.32,-0.31
6.476852476596832,31.79,3.32,-0.31
6.478321895003319,31.79,3.32,-0.31
6.479662466794252,31.79,3.32,-0.31
6.481284640729427,31.79,3.33,-0.31
6.482762850821018,31.79,3.32,-0.31
6.484249498695135,31.79,3.32,-0.31
6.4855327270925045,31.79,3.33,-0.31
6.487207438796759,31.79,3.33,-0.31
6.488689549267292,31.79,3.33,-0.31
6.490017246454954,31.78,3.32,-0.31
6.491659440100193,31.78,3.32,-0.31
6.493042130023241,31.78,3.33,-0.31
6.494597040116787,31.78,3.32,-0.31
6.496075920760632,31.78,3.32,-0.31
6.497434180229902,31.78,3.32,-0.31
6.498903024941683,31.78,3.33,-0.31
6.5004728101193905,31.78,3.32,-0.31
6.5018524415791035,31.79,3.33,-0.31
6.503349334001541,31.79,3.33,-0.31
6.504878751933575,31.79,3.33,-0.31
6.507852837443352,31.79,3.32,-0.31
6.510762147605419,31.78,3.32,-0.31
6.513729974627495,31.79,3.32,-0.31
6.516703136265278,31.79,3.33,-0.31
6.5197447799146175,31.78,3.31,-0.32
6.522620990872383,31.78,3.32,-0.3
6.5255853943526745,31.79,3.32,-0.31
6.5285293608903885,31.79,3.32,-0.31
6.531575869768858,31.78,3.32,-0.31
6.534533590078354,31.79,3.32,-0.31
6.536017883569002,31.78,3.32,-0.31
6.537393890321255,31.78,3.32,-0.31
6.538948025554419,31.79,3.32,-0.31
6.540351618081331,31.79,3.32,-0.31
6.54173294454813,31.79,3.32,-0.31
6.543390821665525,31.79,3.32,-0.31
6.544879708439112,31.79,3.32,-0.31
6.5462969690561295,31.79,3.32,-0.31
6.54784619063139,31.79,3.32,-0.31
6.549318894743919,31.78,3.32,-0.31
6.550759449601173,31.78,3.32,-0.31
6.552296459674835,31.78,3.32,-0.31
6.553683292120695,31.79,3.32,-0.31
6.555243346840143,31.79,3.32,-0.31
6.556705214083195,31.79,3.32,-0.31
6.558189250528812,31.79,3.32,-0.32
6.559624046087265,31.78,3.32,-0.31
6.56115897744894,31.78,3.32,-0.31
6.562639560550451,31.78,3.32,-0.31
6.564115185290575,31.78,3.32,-0.31
6.565613891929388,31.78,3.32,-0.31
6.5670690685510635,31.79,3.33,-0.31
6.568316139280796,31.79,3.32,-0.31
6.570018373429775,31.79,3.32,-0.31
6.571282051503658,31.79,3.33,-0.31
6.572951156646013,31.78,3.32,-0.31
6.574238505214453,31.78,3.32,-0.31
6.57594782859087,31.79,3.33,-0.31
6.5771964974701405,31.79,3.32,-0.31
6.578873869031668,31.79,3.32,-0.31
6.5804001577198505,31.78,3.32,-0.31
6.581853520125151,31.78,3.32,-0.31
6.583303902298212,31.79,3.32,-0.31
6.584827791899443,31.79,3.32,-0.31
6.586133260279894,31.79,3.32,-0.31
6.587772063910961,31.79,3.32,-0.31
6.5890513844788074,31.79,3.32,-0.31
6.5907428450882435,31.79,3.32,-0.31
6.592215109616518,31.78,3.33,-0.31
6.593580067157745,31.78,3.33,-0.31
6.59499566629529,31.78,3.32,-0.31
6.596654027700424,31.79,3.32,-0.31
6.597987283021212,31.79,3.32,-0.31
6.5995018891990185,31.79,3.32,-0.31
6.600906308740377,31.79,3.32,-0.31
6.602572783827782,31.79,3.32,-0.31
6.605400238186121,31.79,3.32,-0.31
6.608351673930883,31.79,3.32,-0.31
6.611309569329023,31.79,3.32,-0.31
6.61434243246913,31.78,3.32,-0.31
6.617343615740538,31.78,3.32,-0.31
6.620128534734249,31.78,3.33,-0.31
6.623089663684368,31.79,3.32,-0.31
6.626129101961851,31.79,3.32,-0.31
6.629113502800465,31.79,3.32,-0.31
6.632018815726042,31.79,3.32,-0.31
6.635079976171255,31.79,3.32,-0.31
6.637992717325687,31.79,3.32,-0.31
6.640941172838211,31.79,3.32,-0.31
6.643916320055723,31.79,3.32,-0.31
6.6469336450099945,31.79,3.32,-0.31
6.649713888764381,31.79,3.32,-0.31
6.652792043983936,31.79,3.32,-0.31
6.655748892575502,31.79,3.32,-0.31
6.658726565539837,31.79,3.32,-0.31
6.661703746765852,31.79,3.32,-0.31
6.664643246680498,31.79,3.32,-0.31
6.667614698410034,31.79,3.32,-0.31
6.6705987602472305,31.79,3.32,-0.31
6.673516746610403,31.79,3.32,-0.31
6.676344472914934,31.79,3.32,-0.31
6.679480470716953,31.79,3.32,-0.31
6.682360365986824,31.78,3.32,-0.31
6.685261867940426,31.78,3.32,-0.31
6.68817887082696,31.79,3.32,-0.31
6.6913217678666115,31.78,3.32,-0.31
6.694292698055506,31.78,3.32,-0.31
6.695757579058409,31.79,3.32,-0.31
6.697066597640514,31.79,3.32,-0.31
6.698701519519091,31.79,3.32,-0.31
6.700016900897026,31.79,3.32,-0.31
6.701463457196951,31.79,3.32,-0.31
6.704634938389063,31.79,3.32,-0.31
6.707351677119732,31.79,3.32,-0.31
6.7103161588311195,31.79,3.32,-0.31
6.713403232395649,31.79,3.32,-0.31
6.7164328172802925,31.79,3.32,-0.31
6.71778879314661,31.79,3.32,-0.31
6.719371233135462,31.79,3.32,-0.31
6.72072221711278,31.79,3.32,-0.31
6.722371004521847,31.79,3.32,-0.31
6.723752357065678,31.79,3.32,-0.31
6.725283715873957,31.79,3.32,-0.31
6.726671975106001,31.79,3.32,-0.31
6.728261649608612,31.79,3.32,-0.31
6.729629296809435,31.79,3.32,-0.31
6.731238227337599,31.79,3.32,-0.31
6.732576243579388,31.79,3.32,-0.31
6.734151754528284,31.79,3.32,-0.31
6.735562294721603,31.79,3.32,-0.31
6.737147551029921,31.79,3.32,-0.31
6.738625913858414,31.79,3.32,-0.31
6.740061178803444,31.79,3.32,-0.31
6.741485822945833,31.79,3.32,-0.31
6.743033427745104,31.79,3.32,-0.31
6.744443200528622,31.79,3.32,-0.31
6.745999414473772,31.79,3.32,-0.31
6.7474599070847034,31.79,3.32,-0.31
6.749003231525421,31.79,3.32,-0.31
6.750318557024002,31.79,3.32,-0.31
6.751945998519659,31.79,3.32,-0.31
6.753335602581501,31.79,3.32,-0.31
6.7548769526183605,31.79,3.32,-0.31
6.756276231259108,31.79,3.32,-0.31
6.75787154212594,31.79,3.32,-0.31
6.7593468725681305,31.79,3.32,-0.31
6.760828271508217,31.79,3.31,-0.31
6.762248586863279,31.79,3.32,-0.31
6.763783037662506,31.79,3.32,-0.31
6.765173055231571,31.79,3.32,-0.31
6.766722373664379,31.79,3.32,-0.31
6.768210809677839,31.79,3.32,-0.31
6.769645307213068,31.79,3.32,-0.31
6.771165233105421,31.79,3.32,-0.31
6.772676780819893,31.79,3.31,-0.31
6.774061530828476,31.79,3.31,-0.31
6.775632478296757,31.79,3.32,-0.31
6.777081500738859,31.79,3.31,-0.31
6.778578162193298,31.79,3.31,-0.31
6.780060559511185,31.79,3.31,-0.31
6.781512137502432,31.79,3.32,-0.31
6.783029783517122,31.79,3.31,-0.31
6.784479558467865,31.79,3.32,-0.31
6.7859742641448975,31.79,3.32,-0.31
6.78743002563715,31.79,3.32,-0.31
6.788706634193659,31.79,3.32,-0.31
6.790371835231781,31.79,3.32,-0.31
6.791670989245176,31.79,3.32,-0.31
6.7933363281190395,31.79,3.32,-0.31
6.794622879475355,31.79,3.32,-0.31
6.796286266297102,31.79,3.31,-0.31
6.797802742570639,31.79,3.31,-0.31
6.799276173114777,31.79,3.31,-0.31
6.800756610929966,31.79,3.32,-0.31
6.8036985993385315,31.79,3.32,-0.31
6.806497447192669,31.79,3.32,-0.31
6.809560161083937,31.79,3.32,-0.31
6.812453735619783,31.79,3.32,-0.31
6.815381199121475,31.79,3.32,-0.31
6.8183421939611435,31.79,3.32,-0.31
6.821262881159782,31.79,3.31,-0.31
6.824200700968504,31.79,3.31,-0.31
6.827166315168142,31.79,3.31,-0.31
6.830143429338932,31.79,3.32,-0.31
6.833161987364292,31.79,3.31,-0.31
6.8361540995538235,31.79,3.32,-0.31
6.839141130447388,31.79,3.31,-0.31
6.842135597020388,31.79,3.31,-0.31
6.845032881945372,31.79,3.31,-0.31
6.847984362393618,31.79,3.31,-0.31
6.85100420191884,31.79,3.31,-0.31
6.853940341621637,31.8,3.31,-0.31
6.855470173060894,31.8,3.31,-0.31
6.8568400256335735,31.79,3.31,-0.31
6.858405996114016,31.79,3.31,-0.31
6.859914660453796,31.79,3.31,-0.31
6.861309435218573,31.79,3.31,-0.31
6.8628353625535965,31.8,3.31,-0.31
6.864354286342859,31.8,3.31,-0.31
6.865716215223074,31.79,3.31,-0.31
6.86729683354497,31.79,3.31,-0.31
6.868681292980909,31.79,3.31,-0.31
6.870236925780773,31.79,3.31,-0.31
6.871722184121609,31.79,3.31,-0.31
6.8732317462563515,31.79,3.31,-0.31
6.8746182806789875,31.79,3.31,-0.31
6.8761912398040295,31.79,3.31,-0.31
6.877584479749203,31.79,3.31,-0.31
6.879140079021454,31.79,3.31,-0.31
6.880621679127216,31.79,3.31,-0.31
6.882107928395271,31.79,3.31,-0.31
6.883570350706577,31.79,3.31,-0.31
6.885072976350784,31.79,3.31,-0.31
6.886530295014381,31.79,3.31,-0.31
6.888038083910942,31.79,3.31,-0.31
6.889512598514557,31.79,3.31,-0.31
6.89099333435297,31.79,3.31,-0.31
6.892419084906578,31.79,3.31,-0.31
6.893837418407202,31.79,3.31,-0.31
6.8953802064061165,31.79,3.31,-0.31
6.896882303059101,31.79,3.31,-0.31
6.8983695693314075,31.8,3.31,-0.31
6.901275463402271,31.8,3.31,-0.31
6.904123719781637,31.8,3.31,-0.31
6.90723754093051,31.79,3.31,-0.31
6.910178512334824,31.79,3.31,-0.31
6.9129968136549,31.79,3.31,-0.31
6.916115302592516,31.8,3.31,-0.31
6.919085092842579,31.79,3.32,-0.31
6.921880505979061,31.79,3.31,-0.31
6.9249909818172455,31.8,3.31,-0.31
6.92796390876174,31.79,3.31,-0.31
6.9307020753622055,31.79,3.31,-0.31
6.933809038251638,31.79,3.31,-0.31
6.936768516898155,31.8,3.31,-0.31
6.939685489982367,31.8,3.32,-0.31
6.942617118358612,31.79,3.31,-0.31
6.945604391396046,31.79,3.31,-0.31
6.948675688356161,31.79,3.31,-0.31
6.95150525867939,31.79,3.31,-0.31
6.954578191041946,31.79,3.31,-0.31
6.957420341670513,31.8,3.31,-0.31
6.960456445813179,31.8,3.31,-0.31
6.963443301618099,31.8,3.31,-0.31
6.966311939060688,31.79,3.31,-0.31
6.9693875052034855,31.8,3.31,-0.31
6.972254663705826,31.8,3.31,-0.31
6.975202053785324,31.8,3.31,-0.31
6.97677193954587,31.8,3.31,-0.31
6.978236600756645,31.81,3.31,-0.32
6.979706294834614,31.8,3.31,-0.31
6.9812086597085,31.8,3.31,-0.3
6.982690919190645,31.8,3.31,-0.31
6.9840727634727955,31.79,3.31,-0.31
6.9856163039803505,31.8,3.31,-0.31
6.986908484250307,31.8,3.31,-0.31
6.988527271896601,31.79,3.31,-0.31
6.990068752318621,31.79,3.31,-0.31
6.991549391299486,31.79,3.31,-0.31
6.9930333234369755,31.79,3.31,-0.31
6.994517378509045,31.79,3.31,-0.31
6.995902586728334,31.79,3.31,-0.31
6.9974768422544,31.79,3.31,-0.31
7.000203162431717,31.79,3.31,-0.31
7.003353364765644,31.8,3.31,-0.31
7.006152894347906,31.79,3.31,-0.31
7.009295605123043,31.8,3.31,-0.31
7.012062232941389,31.8,3.31,-0.31
7.013722162693739,31.79,3.31,-0.31
7.015229668468237,31.79,3.31,-0.31
7.016688834875822,31.8,3.31,-0.31
7.017984803766012,31.8,3.31,-0.31
7.019661508500576,31.8,3.31,-0.31
7.021119877696037,31.8,3.31,-0.31
7.022435057908297,31.8,3.31,-0.31
7.024103574454784,31.8,3.31,-0.31
7.02555001527071,31.8,3.31,-0.31
7.027040623128414,31.8,3.31,-0.31
7.028332270681858,31.8,3.31,-0.31
7.030013829469681,31.8,3.31,-0.31
7.031311523169279,31.8,3.31,-0.31
7.0329685397446156,31.79,3.31,-0.31
7.034429993480444,31.79,3.31,-0.31
7.035895459353924,31.8,3.31,-0.31
7.037402495741844,31.8,3.31,-0.31
7.038888432085514,31.8,3.31,-0.31
7.040180593729019,31.8,3.31,-0.31
7.041651114821434,31.8,3.31,-0.31
7.043327417224646,31.8,3.31,-0.31
7.044802941381931,31.8,3.31,-0.31
7.0460935570299625,31.8,3.31,-0.31
7.047764223068953,31.8,3.31,-0.31
7.049126572906971,31.8,3.31,-0.31
7.050715025514364,31.8,3.31,-0.31
7.052036318928003,31.79,3.31,-0.31
7.05368036031723,31.79,3.31,-0.31
7.054995682090521,31.8,3.31,-0.31
7.056633003056049,31.8,3.31,-0.31
7.057985208928585,31.8,3.31,-0.31
7.059584636241198,31.79,3.31,-0.31
7.060943875461817,31.79,3.31,-0.31
7.062497645616531,31.8,3.31,-0.31
7.063902486115694,31.8,3.31,-0.31
7.065504491329193,31.8,3.31,-0.31
7.066913120448589,31.8,3.31,-0.31
7.068466916680336,31.8,3.31,-0.31
7.069829549640417,31.8,3.31,-0.31
7.071377910673618,31.8,3.3,-0.31
7.072777226567268,31.8,3.31,-0.31
7.074344377964735,31.8,3.31,-0.31
7.075823377817869,31.8,3.31,-0.31
7.0773570872843266,31.8,3.31,-0.31
7.078729555010796,31.8,3.31,-0.31
7.080257214605808,31.8,3.31,-0.31
7.081766240298748,31.8,3.3,-0.31
7.083255723118782,31.8,3.31,-0.31
7.084636200219393,31.8,3.31,-0.31
7.086180195212364,31.8,3.31,-0.31
7.087668694555759,31.8,3.31,-0.31
7.089181121438742,31.8,3.31,-0.31
7.090562637895346,31.8,3.31,-0.31
7.092123202979565,31.8,3.31,-0.31
7.09361981973052,31.8,3.31,-0.31
7.094956506043673,31.79,3.31,-0.31
7.0965755097568035,31.8,3.31,-0.31
7.099295984953642,31.8,3.31,-0.31
7.102433376014233,31.8,3.31,-0.31
7.105410050600767,31.8,3.31,-0.31
7.1083254143595695,31.8,3.31,-0.31
7.111142184585333,31.8,3.31,-0.31
7.114283874630928,31.8,3.31,-0.31
7.117148362100124,31.8,3.31,-0.3
7.1200365871191025,31.81,3.3,-0.32
7.123174455016851,31.81,3.3,-0.31
7.126149822026491,31.8,3.3,-0.31
7.128879699856043,31.8,3.3,-0.31
7.1320884339511395,31.8,3.3,-0.31
7.134846996515989,31.81,3.3,-0.31
7.137986123561859,31.81,3.3,-0.31
7.140940707176924,31.81,3.3,-0.31
7.1438283286988735,31.8,3.3,-0.31
7.146744251251221,31.81,3.3,-0.31
7.149676229804754,31.81,3.3,-0.31
7.152615647763014,31.8,3.3,-0.31
7.155729819089174,31.81,3.3,-0.31
7.158693630248308,31.8,3.3,-0.31
7.161615923047066,31.81,3.3,-0.31
7.164545889943838,31.81,3.3,-0.31
7.167332869023085,31.8,3.3,-0.31
7.170521542429924,31.81,3.3,-0.31
7.171859361231327,31.81,3.3,-0.31
7.173413023352623,31.8,3.3,-0.31
7.174841098487377,31.8,3.3,-0.31
7.1764471009373665,31.81,3.3,-0.31
7.1777722500264645,31.81,3.3,-0.31
7.179358143359423,31.81,3.3,-0.31
7.180782716721296,31.8,3.3,-0.31
7.182295706123114,31.8,3.3,-0.31
7.183708306401968,31.8,3.29,-0.31
7.185321398079395,31.8,3.3,-0.31
7.186698850244284,31.8,3.3,-0.31
7.188288360834122,31.8,3.3,-0.31
7.189625073224306,31.8,3.3,-0.31
7.191220834851265,31.81,3.3,-0.31
7.192707143723965,31.81,3.29,-0.31
7.194158550351858,31.8,3.29,-0.31
7.197119016200304,31.81,3.3,-0.31
7.2000393234193325,31.81,3.3,-0.31
7.203012268990278,31.81,3.3,-0.31
7.206045933067799,31.8,3.3,-0.31
7.208938036113977,31.81,3.3,-0.31
7.211800754070282,31.81,3.29,-0.31
7.214888982474804,31.8,3.3,-0.31
7.21779852360487,31.81,3.29,-0.31
7.220809731632471,31.81,3.3,-0.31
7.223737847059965,31.8,3.3,-0.31
7.226624894887209,31.81,3.3,-0.31
7.229478076100349,31.81,3.3,-0.31
7.232622597366571,31.81,3.29,-0.31
7.2338975593447685,31.81,3.29,-0.31
7.235552806407213,31.81,3.3,-0.31
7.237073831260204,31.8,3.29,-0.31
7.2385259084403515,31.8,3.29,-0.31
7.239809174090624,31.8,3.29,-0.31
7.241482961922884,31.81,3.29,-0.31
7.24280458688736,31.81,3.3,-0.31
7.2444584630429745,31.81,3.3,-0.31
7.245771981775761,31.8,3.3,-0.31
7.247419040650129,31.81,3.3,-0.31
7.248694218695164,31.81,3.29,-0.31
7.250392448157072,31.8,3.29,-0.31
7.251667387783527,31.81,3.3,-0.31
7.25331998988986,31.81,3.3,-0.31
7.25465602427721,31.81,3.3,-0.31
7.256305035203695,31.8,3.3,-0.31
7.257808484137058,31.81,3.29,-0.31
7.259265918284655,31.81,3.3,-0.31
7.260561116039753,31.81,3.3,-0.31
7.262207075953484,31.8,3.29,-0.31
7.263705305755138,31.8,3.3,-0.31
7.265185084193945,31.81,3.29,-0.31
7.266466271132231,31.81,3.3,-0.31
7.2681401669979095,31.81,3.29,-0.31
7.269628010690212,31.81,3.29,-0.31
7.271022595465183,31.81,3.29,-0.31
7.272579446434975,31.81,3.3,-0.31
7.273893900215626,31.81,3.3,-0.31
7.275541335344315,31.81,3.3,-0.31
7.276841141283512,31.81,3.3,-0.31
7.278496917337179,31.81,3.29,-0.31
7.279807299375534,31.81,3.29,-0.31
7.281461663544178,31.8,3.3,-0.31
7.282946713268757,31.81,3.3,-0.31
7.284264292567968,31.81,3.3,-0.31
7.285823855549097,31.81,3.29,-0.31
7.287217415869236,31.81,3.3,-0.31
7.288776662200689,31.81,3.3,-0.31
7.290173310786486,31.81,3.29,-0.31
7.291814371943474,31.81,3.29,-0.31
7.2931486293673515,31.81,3.29,-0.31
7.2962042316794395,31.81,3.29,-0.31
7.29910197481513,31.81,3.29,-0.31
7.3020485155284405,31.81,3.29,-0.31
7.3049450889229774,31.81,3.29,-0.31
7.30792698636651,31.81,3.29,-0.31
7.31103628128767,31.81,3.29,-0.31
7.31393127143383,31.81,3.29,-0.31
7.316885393112898,31.81,3.29,-0.31
7.319839961826801,31.81,3.29,-0.31
7.32280083745718,31.81,3.29,-0.31
7.325742889195681,31.81,3.29,-0.31
7.3287790678441525,31.8,3.29,-0.31
7.331754878163338,31.81,3.3,-0.31
7.333225034177303,31.8,3.29,-0.31
7.334630537778139,31.8,3.3,-0.31
7.336171604692936,31.81,3.3,-0.3
7.337666355073452,31.82,3.3,-0.3
7.3390614576637745,31.8,3.29,-0.32
7.340624310076237,31.8,3.3,-0.31
7.342031717300415,31.81,3.3,-0.31
7.343585886061192,31.81,3.29,-0.31
7.345035992562771,31.81,3.3,-0.31
7.346536140888929,31.81,3.3,-0.31
7.347968600690365,31.81,3.29,-0.31
7.349245987832546,31.81,3.29,-0.31
7.350946050137281,31.8,3.3,-0.31
7.35245456174016,31.81,3.3,-0.31
7.3538841009140015,31.81,3.3,-0.31
7.35517805069685,31.81,3.3,-0.31
7.356871500611305,31.81,3.3,-0.31
7.358142863959074,31.81,3.3,-0.31
7.359819274395704,31.8,3.3,-0.31
7.361300524324179,31.81,3.3,-0.31
7.362795498222113,31.81,3.3,-0.31
7.364099185913801,31.81,3.3,-0.31
7.365556117147207,31.81,3.3,-0.31
7.36714319139719,31.81,3.3,-0.31
7.368716202676296,31.81,3.3,-0.31
7.37018758058548,31.81,3.3,-0.31
7.371520355343819,31.81,3.3,-0.31
7.372979454696178,31.81,3.3,-0.31
7.374632231891155,31.81,3.3,-0.31
7.376105047762394,31.81,3.3,-0.31
7.377590522170067,31.81,3.3,-0.3
7.379073902964592,31.81,3.31,-0.3
7.380554523319006,31.8,3.3,-0.31
7.382018938660622,31.8,3.3,-0.31
7.383504286408424,31.8,3.31,-0.31
7.384989608079195,31.79,3.31,-0.31
7.386471547186375,31.8,3.31,-0.31
7.3879441022872925,31.8,3.31,-0.31
7.389427185058594,31.8,3.31,-0.31
7.390884533524513,31.8,3.31,-0.31
7.39373754709959,31.8,3.31,-0.31
7.396693740040064,31.8,3.31,-0.31
7.399658001959324,31.8,3.31,-0.31
7.402681581676006,31.8,3.31,-0.31
7.405647788196802,31.8,3.31,-0.31
7.408594772219658,31.8,3.31,-0.31
7.411586880683899,31.8,3.31,-0.31
7.414566278457642,31.8,3.31,-0.31
7.417505469173193,31.8,3.31,-0.31
7.42045383900404,31.8,3.31,-0.31
7.423410497605801,31.8,3.31,-0.31
7.426337208598852,31.8,3.31,-0.31
7.429320495575666,31.8,3.31,-0.31
7.4321608655154705,31.8,3.31,-0.31
7.435277558863163,31.8,3.31,-0.31
7.438194837421179,31.8,3.31,-0.31
7.440956074744463,31.8,3.31,-0.31
7.4441003277897835,31.8,3.31,-0.31
7.447046972811222,31.8,3.31,-0.31
7.450075209140778,31.8,3.31,-0.31
7.452809821814299,31.81,3.31,-0.31
7.455904953181744,31.81,3.31,-0.31
7.458844538778067,31.81,3.31,-0.31
7.461758151650429,31.8,3.31,-0.31
7.464832741767168,31.8,3.31,-0.31
7.467798694968224,31.81,3.31,-0.31
7.470645800232887,31.81,3.31,-0.31
7.473670434206724,31.81,3.31,-0.31
7.476686619222164,31.81,3.31,-0.31
7.479643601924181,31.8,3.31,-0.31
7.482591059058905,31.8,3.31,-0.31
7.485566191375256,31.81,3.31,-0.31
7.48836387693882,31.8,3.31,-0.31
7.491437025368214,31.8,3.31,-0.31
7.492955610156059,31.8,3.31,-0.31
7.494439464062452,31.8,3.31,-0.31
7.4959101267158985,31.81,3.31,-0.31
7.497383922338486,31.8,3.31,-0.31
7.49887777492404,31.81,3.31,-0.31
7.500215340405703,31.8,3.31,-0.31
7.501785796135664,31.8,3.31,-0.31
7.503164365887642,31.8,3.31,-0.31
7.5047946982085705,31.8,3.31,-0.31
7.506269283592701,31.8,3.31,-0.31
7.5077429339289665,31.81,3.31,-0.31
7.509225368499756,31.8,3.31,-0.31
7.510688450187445,31.8,3.31,-0.31
7.512177430093288,31.8,3.31,-0.31
7.513664111495018,31.8,3.31,-0.31
7.5150564424693584,31.8,3.31,-0.31
7.516495488584042,31.8,3.31,-0.31
7.518037874251604,31.81,3.31,-0.31
7.519455473870039,31.81,3.31,-0.31
7.521051850169897,31.81,3.31,-0.31
7.5224103555083275,31.81,3.31,-0.31
7.523966010659933,31.8,3.31,-0.31
7.525403819978237,31.8,3.31,-0.31
7.526978958398104,31.81,3.31,-0.31
7.528345678001642,31.8,3.31,-0.31
7.52991908788681,31.8,3.31,-0.31
7.531409282237291,31.81,3.31,-0.31
7.532882429659367,31.81,3.31,-0.31
7.5342794843018055,31.8,3.31,-0.31
7.5357507430016994,31.8,3.31,-0.31
7.537311226129532,31.8,3.31,-0.31
7.538814090192318,31.8,3.31,-0.31
7.540280427783728,31.8,3.31,-0.31
7.541682563722134,31.8,3.31,-0.31
7.543247792869806,31.81,3.31,-0.31
7.54465664550662,31.81,3.31,-0.31
7.5461301021277905,31.8,3.31,-0.31
7.547676917165518,31.8,3.31,-0.31
7.549089670181274,31.8,3.31,-0.31
7.550642643123865,31.8,3.31,-0.31
7.552037812769413,31.8,3.31,-0.31
7.553586397320032,31.8,3.31,-0.31
7.555012684315443,31.8,3.31,-0.31
7.556513838469982,31.8,3.31,-0.31
7.557946138083935,31.8,3.31,-0.31
7.5595162734389305,31.8,3.31,-0.31
7.560981053858995,31.8,3.31,-0.31
7.562452767044306,31.8,3.31,-0.31
7.5639045573771,31.81,3.31,-0.31
7.565379574894905,31.8,3.31,-0.31
7.566856510937214,31.8,3.31,-0.31
7.56834015622735,31.8,3.31,-0.31
7.569849070161581,31.8,3.31,-0.31
7.571341186761856,31.8,3.31,-0.31
7.572816584259272,31.8,3.31,-0.31
7.5742983147501945,31.8,3.31,-0.31
7.575780801475048,31.8,3.31,-0.31
7.577263575047255,31.8,3.31,-0.31
7.57872948050499,31.8,3.31,-0.31
7.580203879624605,31.8,3.31,-0.31
7.581523638218641,31.81,3.31,-0.31
7.583180520683527,31.81,3.31,-0.31
7.58447102829814,31.8,3.31,-0.31
7.586140021681786,31.8,3.31,-0.31
7.58760604262352,31.81,3.31,-0.31
7.590561591088772,31.81,3.31,-0.31
7.593413941562176,31.8,3.31,-0.31
7.59648796543479,31.8,3.31,-0.31
7.599441014230251,31.81,3.31,-0.31
7.602411407977343,31.81,3.31,-0.31
7.605334911495447,31.8,3.31,-0.31
7.608191158622503,31.81,3.31,-0.31
7.611193213611841,31.81,3.31,-0.31
7.614024173468351,31.8,3.31,-0.31
7.617037910968065,31.8,3.31,-0.3
7.619959745556116,31.81,3.31,-0.31
7.622909974306822,31.8,3.31,-0.31
7.625883113592863,31.8,3.31,-0.31
7.62883185595274,31.81,3.31,-0.31
7.631894074380398,31.8,3.31,-0.31
7.634936168789864,31.8,3.31,-0.31
7.6378930769860744,31.81,3.31,-0.31
7.6408512108027935,31.81,3.31,-0.31
7.643812533468008,31.81,3.3,-0.31
7.646707110106945,31.82,3.31,-0.31
7.649690356105566,31.81,3.31,-0.31
7.651204898953438,31.8,3.3,-0.31
7.652682933956385,31.8,3.3,-0.31
7.6541119664907455,31.81,3.31,-0.3
7.655562229454517,31.81,3.3,-0.31
7.657093700021505,31.8,3.31,-0.31
7.65839884057641,31.81,3.3,-0.31
7.660004869103432,31.8,3.3,-0.31
7.661464147269726,31.8,3.3,-0.31
7.663043834269047,31.8,3.3,-0.31
7.66452519595623,31.81,3.31,-0.3
7.666004814207554,31.8,3.3,-0.31
7.667486060410738,31.81,3.3,-0.31
7.668978746980429,31.8,3.3,-0.31
7.6703941822052,31.8,3.3,-0.31
7.671933975070715,31.81,3.3,-0.31
7.673345822840929,31.81,3.31,-0.31
7.674635577946901,31.81,3.31,-0.31
7.676345303654671,31.8,3.3,-0.31
7.677827555686235,31.81,3.31,-0.31
7.679318126291037,31.8,3.3,-0.31
7.680787980556488,31.8,3.3,-0.31
7.6822744384408,31.81,3.3,-0.31
7.683727324008942,31.81,3.31,-0.31
7.6851726770401,31.8,3.3,-0.31
7.686663791537285,31.8,3.3,-0.31
7.689478512853384,31.81,3.31,-0.31
7.6926033310592175,31.8,3.3,-0.31
7.695588301867247,31.81,3.3,-0.31
7.698525309562683,31.8,3.3,-0.31
7.70149402692914,31.8,3.3,-0.31
7.7044529020786285,31.81,3.3,-0.31
7.707395389676094,31.81,3.31,-0.31
7.710224341601133,31.8,3.3,-0.31
7.713159158825874,31.81,3.3,-0.31
7.71616430953145,31.81,3.3,-0.31
7.719090331345797,31.8,3.3,-0.31
7.722198713570833,31.81,3.3,-0.31
7.725189667195082,31.81,3.3,-0.31
7.7279496267437935,31.8,3.3,-0.31
7.730829443782568,31.81,3.3,-0.31
7.734028484672308,31.81,3.3,-0.31
7.736859507858753,31.8,3.3,-0.31
7.739809263497591,31.81,3.3,-0.31
7.742899045348167,31.81,3.3,-0.31
7.745889604091644,31.81,3.3,-0.31
7.748829692602158,31.81,3.3,-0.31
7.750310964882374,31.81,3.3,-0.31
7.751783728599548,31.81,3.3,-0.31
7.753254950046539,31.8,3.3,-0.31
7.754750449210405,31.81,3.3,-0.31
7.756223287433386,31.81,3.3,-0.31
7.757653813809156,31.81,3.3,-0.31
7.759193435311317,31.81,3.3,-0.31
7.760638561099768,31.81,3.3,-0.31
7.762135609984398,31.81,3.3,-0.31
7.763542950153351,31.81,3.3,-0.31
7.765084873884916,31.81,3.3,-0.31
7.766488425433636,31.81,3.3,-0.31
7.768041152507067,31.81,3.3,-0.31
7.769523378461599,31.8,3.3,-0.31
7.771013956516981,31.81,3.3,-0.31
7.772498112171888,31.81,3.3,-0.3
7.773974169045687,31.81,3.3,-0.31
7.775454290211201,31.8,3.3,-0.31
7.776891343295574,31.81,3.3,-0.31
7.778399147093296,31.81,3.3,-0.31
7.779881156980991,31.81,3.3,-0.31
7.781363442540169,31.81,3.3,-0.31
7.782807443290949,31.8,3.3,-0.31
7.784320041537285,31.8,3.3,-0.31
7.785744119435549,31.81,3.3,-0.31
7.788754653185606,31.81,3.3,-0.31
7.791717063635588,31.81,3.3,-0.31
7.79468097537756,31.81,3.3,-0.31
7.797629844397306,31.81,3.3,-0.31
7.8005819991230965,31.81,3.3,-0.31
7.803553130477667,31.81,3.3,-0.31
7.806502040475607,31.81,3.29,-0.31
7.809468820691109,31.81,3.29,-0.31
7.81095203384757,31.81,3.3,-0.31
7.812415525317192,31.81,3.3,-0.31
7.813923604786396,31.81,3.3,-0.31
7.815368618816137,31.81,3.3,-0.31
7.816849689930677,31.81,3.3,-0.31
7.818333342671394,31.81,3.3,-0.31
7.819810900837183,31.81,3.3,-0.31
7.821293573826551,31.8,3.3,-0.31
7.822774901986122,31.8,3.3,-0.31
7.8242522813379765,31.81,3.3,-0.31
7.825739696621895,31.81,3.3,-0.31
7.827213875949383,31.81,3.3,-0.31
7.828690454363823,31.82,3.3,-0.31
7.830172516405582,31.81,3.3,-0.31
7.831654131412506,31.81,3.3,-0.31
7.83313537761569,31.81,3.3,-0.31
7.834617011249065,31.81,3.3,-0.31
7.836100127547979,31.81,3.3,-0.31
7.837494906038046,31.81,3.3,-0.31
7.838988568633795,31.81,3.3,-0.31
7.840469792485237,31.81,3.3,-0.31
7.841886818408966,31.81,3.3,-0.31
7.843447811901569,31.81,3.3,-0.31
7.844815731048584,31.81,3.3,-0.31
7.846407152712345,31.81,3.3,-0.31
7.847802918404341,31.81,3.3,-0.31
7.849400512874126,31.81,3.3,-0.31
7.850730773061514,31.8,3.3,-0.31
7.8523510210216045,31.8,3.3,-0.31
7.8538344614207745,31.8,3.3,-0.31
7.855311211198568,31.81,3.3,-0.31
7.856792148202658,31.81,3.3,-0.31
7.858281072229147,31.8,3.3,-0.31
7.859622269868851,31.81,3.3,-0.31
7.861222095787525,31.81,3.3,-0.31
7.862581267952919,31.81,3.3,-0.31
7.864185433834791,31.81,3.3,-0.31
7.8656464368104935,31.81,3.3,-0.31
7.867152467370033,31.81,3.3,-0.31
7.868539895862341,31.81,3.3,-0.31
7.870094425976276,31.81,3.3,-0.31
7.871578335762024,31.81,3.3,-0.31
7.872999541461468,31.81,3.3,-0.3
7.874541766941547,31.81,3.3,-0.3
7.876021817326546,31.82,3.3,-0.3
7.877446986734867,31.8,3.3,-0.31
7.878974996507168,31.8,3.29,-0.31
7.880376722663641,31.8,3.29,-0.31
7.88189547508955,31.8,3.29,-0.31
7.883375681936741,31.81,3.29,-0.31
7.886370405554771,31.81,3.29,-0.31
7.889329768717289,31.81,3.29,-0.31
7.8922868221998215,31.82,3.3,-0.31
7.8951413333415985,31.81,3.3,-0.3
7.89821145683527,31.81,3.3,-0.31
7.9010476768016815,31.81,3.3,-0.31
7.90402040630579,31.81,3.3,-0.31
7.907075058668852,31.81,3.3,-0.31
7.909866727888584,31.81,3.29,-0.31
7.9129974618554115,31.81,3.3,-0.3
7.915970277041197,31.81,3.3,-0.31
7.918819446116686,31.8,3.29,-0.31
7.921869046986103,31.81,3.29,-0.31
7.924796063452959,31.82,3.3,-0.31
7.927675064653158,31.8,3.3,-0.31
7.930728364735842,31.8,3.3,-0.31
7.933528445661068,31.81,3.3,-0.31
7.93662192299962,31.8,3.3,-0.31
7.939458351582289,31.81,3.3,-0.31
7.942352958023548,31.81,3.3,-0.31
7.945532340556383,31.81,3.3,-0.31
7.9484552554786205,31.81,3.3,-0.31
7.9514519311487675,31.81,3.3,-0.31
7.954395271837711,31.81,3.3,-0.31
7.957363046705723,31.81,3.3,-0.31
7.9602469727396965,31.81,3.3,-0.31
7.963182866573334,31.81,3.3,-0.31
7.9662368558347225,31.81,3.3,-0.31
7.969004523009062,31.81,3.3,-0.31
7.970670737326145,31.81,3.3,-0.31
7.972161263227463,31.81,3.3,-0.31
7.97363880649209,31.81,3.3,-0.31
7.975106548517942,31.81,3.3,-0.31
7.97658933326602,31.81,3.3,-0.31
7.977987300604582,31.81,3.3,-0.31
7.97950404509902,31.8,3.3,-0.31
7.9810449331998825,31.8,3.3,-0.31
7.9838437512516975,31.81,3.3,-0.31
7.986944302916527,31.81,3.3,-0.31
7.989795245230198,31.81,3.3,-0.31
7.992878366261721,31.81,3.3,-0.31
7.99566937237978,31.81,3.3,-0.31
7.9987575225532055,31.81,3.3,-0.31
8.001727350056171,31.81,3.3,-0.3
8.004668567329645,31.82,3.3,-0.31
8.006172936409712,275.36,3.3,-0.31
8.007657274603844,31.82,3.3,-0.31
8.009123504161835,31.82,3.3,-0.31
8.010598346590996,31.81,3.3,-0.31
8.012085616588593,31.81,3.3,-0.31
8.013498287647963,31.81,3.3,-0.31
8.014992017298937,31.81,3.3,-0.31
8.016337938606739,31.81,3.3,-0.31
8.017996214330196,31.81,3.3,-0.31
8.019471772015095,31.81,3.31,-0.31
8.020944759249687,31.81,3.31,-0.31
8.022419136017561,31.81,3.31,-0.31
8.023913145065308,31.81,3.31,-0.31
8.025394458323717,31.81,3.31,-0.31
8.026880960911512,31.81,3.31,-0.31
8.028356492519379,31.81,3.31,-0.31
8.029809858649969,31.81,3.31,-0.31
8.031300738453865,31.81,3.31,-0.31
8.032782848924398,31.81,3.31,-0.31
8.034265387803316,31.81,3.31,-0.31
8.035747226327658,31.81,3.31,-0.31
8.037228539586067,31.81,3.31,-0.31
8.0387048907578,31.81,3.31,-0.31
8.040180340409279,31.81,3.31,-0.31
8.041624329984188,31.81,3.31,-0.31
8.04315009713173,31.81,3.31,-0.31
8.044619776308537,31.81,3.31,-0.31
8.046102188527584,31.81,3.31,-0.31
8.047589112073183,31.81,3.31,-0.31
8.049060832709074,31.81,3.31,-0.31
8.050545264035463,31.81,3.31,-0.31
8.052008051425219,31.81,3.32,-0.31
8.05347503349185,31.81,3.32,-0.31
8.054856322705746,31.81,3.32,-0.31
8.05640933290124,31.82,3.32,-0.31
8.05793422088027,31.82,3.32,-0.31
8.05925915390253,31.82,3.32,-0.31
8.060801144689322,31.81,3.32,-0.31
8.062220960855484,31.82,3.32,-0.31
8.06384252384305,31.82,3.32,-0.31
8.065237786620855,31.82,3.32,-0.31
8.066813465207815,31.82,3.32,-0.31
8.068275015801191,31.82,3.32,-0.31
8.069770075380802,31.82,3.32,-0.31
8.071245905011892,31.82,3.31,-0.31
8.072716373950243,31.82,3.31,-0.31
8.074202463030815,31.82,3.31,-0.31
8.075684823095798,31.82,3.32,-0.31
8.077161107212305,31.82,3.32,-0.31
8.078516371548176,31.82,3.32,-0.31
8.080120582133532,31.82,3.32,-0.31
8.081520460546017,31.82,3.32,-0.31
8.084560319781303,31.82,3.32,-0.31
8.087446875870228,31.82,3.32,-0.31
8.090476371347904,31.82,3.32,-0.31
8.093361552804708,31.82,3.32,-0.31
8.096371501684189,31.82,3.32,-0.31
8.099339574575424,31.82,3.32,-0.31
8.102301213890314,31.82,3.32,-0.31
8.105260014533997,31.82,3.32,-0.31
8.108214031904936,31.81,3.32,-0.31
8.111127145588398,31.82,3.32,-0.31
8.114132080227137,31.82,3.32,-0.31
8.11707091331482,31.82,3.32,-0.31
8.120043691247702,31.82,3.32,-0.31
8.122994553297758,31.82,3.32,-0.31
8.125953011214733,31.82,3.32,-0.31
8.128920685499907,31.82,3.32,-0.31
8.130405753850937,31.82,3.32,-0.31
8.131880186498165,31.82,3.32,-0.31
8.133357729762793,31.82,3.32,-0.31
8.13483900949359,31.82,3.33,-0.31
8.136320091784,31.82,3.32,-0.31
8.137792568653822,31.81,3.32,-0.31
8.139277074486017,31.82,3.32,-0.31
8.140749566257,31.82,3.32,-0.31
8.142230954021215,31.82,3.33,-0.31
8.143713150173426,31.82,3.33,-0.31
8.145190741866827,31.82,3.32,-0.31
8.146663941442966,31.82,3.32,-0.31
8.148154016584158,31.82,3.33,-0.31
8.149627823382616,31.82,3.33,-0.31
8.15110668540001,31.82,3.33,-0.31
8.152594547718763,31.82,3.33,-0.31
8.154040966182947,31.82,3.33,-0.31
8.15548149868846,31.82,3.33,-0.31
8.157019920647144,31.82,3.32,-0.31
8.158409047871828,31.82,3.32,-0.31
8.1599912494421,31.82,3.32,-0.31
8.161466028541327,31.82,3.32,-0.31
8.162944853305817,31.82,3.33,-0.31
8.164421770721674,31.82,3.33,-0.31
8.165894012898207,31.82,3.33,-0.31
8.16723246127367,31.82,3.33,-0.31
8.168791692703962,31.82,3.33,-0.31
8.170201860368252,31.82,3.33,-0.31
8.171747352927923,31.82,3.33,-0.31
8.173151101917028,31.82,3.33,-0.31
8.174772780388594,31.82,3.33,-0.31
8.176138792186975,31.82,3.33,-0.31
8.17762266844511,31.82,3.33,-0.31
8.17919172346592,31.82,3.33,-0.31
8.182130601257086,31.82,3.33,-0.31
8.185076046735048,31.82,3.33,-0.31
8.18808425590396,31.82,3.33,-0.31
8.191060196608305,31.82,3.33,-0.31
8.193912360817194,31.82,3.33,-0.31
8.19696743041277,31.83,3.33,-0.31
8.199846588075161,31.81,3.33,-0.31
8.202868461608887,31.82,3.33,-0.31
8.205833032727242,31.81,3.33,-0.31
8.208782728761435,31.81,3.33,-0.31
8.211747873574495,31.81,3.33,-0.31
8.214483872056007,31.82,3.33,-0.31
8.217615447938442,31.81,3.33,-0.31
8.220589689910412,31.81,3.33,-0.31
8.223575100302696,31.81,3.33,-0.31
8.226515620946884,31.81,3.33,-0.31
8.22947983443737,31.81,3.33,-0.31
8.232371840626001,31.82,3.33,-0.31
8.235257912427187,31.82,3.33,-0.31
8.238351851701736,31.82,3.34,-0.31
8.241147354245186,31.81,3.34,-0.31
8.244292698800564,31.81,3.34,-0.31
8.24724804610014,31.81,3.34,-0.31
8.25019260123372,31.82,3.34,-0.31
8.253157306462526,31.81,3.34,-0.31
8.256119411438704,31.82,3.34,-0.31
8.259070802479982,31.81,3.34,-0.31
8.262037485837936,31.81,3.33,-0.31
8.263512529432774,31.82,3.34,-0.31
8.264836836606264,31.82,3.33,-0.3
8.26636603102088,31.83,3.34,-0.31
8.267946165055037,31.83,3.33,-0.31
8.26926375925541,31.83,3.34,-0.31
8.270902026444674,31.83,3.33,-0.31
8.272385016083717,31.83,3.33,-0.31
8.273840863257647,31.83,3.34,-0.31
8.275340270251036,31.82,3.33,-0.31
8.27668634429574,31.83,3.34,-0.31
8.278253432363272,31.83,3.34,-0.31
8.281180568039417,31.83,3.33,-0.31
8.284108899533749,31.82,3.33,-0.31
8.287165019661188,31.82,3.34,-0.31
8.288657546043396,31.82,3.33,-0.31
8.290128357708454,31.82,3.33,-0.31
8.291605822741985,31.83,3.33,-0.31
8.293096657842398,31.83,3.33,-0.31
8.294498108327389,31.83,3.33,-0.31
8.295990753918886,31.82,3.34,-0.31
8.297479577362537,31.82,3.34,-0.3
8.298991177231073,31.83,3.33,-0.31
8.300484355539083,31.82,3.33,-0.31
8.301964022219181,31.82,3.33,-0.31
8.303431153297424,31.82,3.33,-0.31
8.304827135056257,31.82,3.33,-0.31
8.306313447654247,31.81,3.34,-0.31
8.307843025773764,31.82,3.34,-0.31
8.309286810457706,31.81,3.34,-0.31
8.310827270150185,31.82,3.34,-0.31
8.312244217842817,31.82,3.34,-0.31
8.313796930015087,31.82,3.34,-0.31
8.315252803266048,31.82,3.34,-0.31
8.316739354282618,31.82,3.33,-0.31
8.318233780562878,31.82,3.33,-0.31
8.31970626115799,31.82,3.33,-0.31
8.321153935045004,31.82,3.34,-0.31
8.322618752717972,31.82,3.33,-0.31
8.324138760566711,31.83,3.34,-0.31
8.325589634478092,31.82,3.33,-0.31
8.327029380947351,31.82,3.33,-0.31
8.32858694344759,31.83,3.33,-0.31
8.330073695629835,31.82,3.33,-0.31
8.331549491733313,31.82,3.33,-0.3
8.333020966500044,31.83,3.33,-0.31
8.334510274231434,31.82,3.33,-0.31
8.335981506854296,31.82,3.33,-0.31
8.337425611913204,31.82,3.33,-0.31
8.33893384411931,31.83,3.33,-0.31
8.340413928031921,31.83,3.33,-0.31
8.341877691447735,31.82,3.33,-0.31
8.343358721584082,31.83,3.33,-0.31
8.344860807061195,31.82,3.33,-0.31
8.346333716064692,31.82,3.33,-0.31
8.347815066576004,31.82,3.33,-0.31
8.349292147904634,31.82,3.33,-0.31
8.350766118615866,31.82,3.33,-0.31
8.352248977869749,31.82,3.33,-0.31
8.353734813630581,31.82,3.33,-0.31
8.3552026450634,31.82,3.33,-0.31
8.356693767011166,31.82,3.33,-0.31
8.358170051127672,31.82,3.33,-0.31
8.359650414437056,31.82,3.33,-0.31
8.361117657274008,31.82,3.33,-0.31
8.362596448510885,31.82,3.33,-0.31
8.36408419534564,31.82,3.33,-0.31
8.365565229207277,31.82,3.33,-0.31
8.367043931037188,31.81,3.33,-0.31
8.368447944521904,31.81,3.33,-0.31
8.369993943721056,31.81,3.33,-0.31
8.371412120759487,31.81,3.33,-0.31
8.372950717806816,31.81,3.33,-0.31
8.374256778508425,31.81,3.33,-0.31
8.3758729621768,31.82,3.33,-0.31
8.37887766957283,31.82,3.33,-0.31
8.38183107972145,31.82,3.33,-0.31
8.38480519503355,31.82,3.33,-0.31
8.387642461806536,31.81,3.32,-0.31
8.390671640634537,31.81,3.32,-0.31
8.393477831035852,31.81,3.32,-0.31
8.396622333675623,31.83,3.32,-0.3
8.399583019316196,31.83,3.32,-0.31
8.402356281876564,31.83,3.33,-0.3
8.405277870595455,31.82,3.32,-0.31
8.408384323120117,31.81,3.32,-0.31
8.411268919706345,31.82,3.32,-0.31
8.414359629154205,31.82,3.32,-0.31
8.417332150042057,31.82,3.32,-0.31
8.420196898281574,31.82,3.32,-0.31
8.423217009752989,31.81,3.32,-0.31
8.426138862967491,31.82,3.32,-0.31
8.429067134857178,31.82,3.32,-0.31
8.43209569528699,31.82,3.32,-0.31
8.435073599219322,31.82,3.32,-0.31
8.437897376716137,31.82,3.32,-0.31
8.440974272787571,31.82,3.32,-0.31
8.443935718387365,31.82,3.32,-0.31
8.446903720498085,31.83,3.32,-0.31
8.448178619146347,31.82,3.32,-0.31
8.449864711612463,31.82,3.32,-0.31
8.451304145157337,31.82,3.32,-0.31
8.452814932912588,31.83,3.32,-0.31
8.454303096979856,31.82,3.32,-0.31
8.455771952867508,31.82,3.32,-0.31
8.457235384732485,31.81,3.32,-0.31
8.458516523241997,31.83,3.32,-0.31
8.460191287100315,31.82,3.32,-0.31
8.461678877472878,31.82,3.32,-0.31
8.46296026930213,31.81,3.31,-0.31
8.46465789154172,31.82,3.32,-0.31
8.46613746136427,31.82,3.32,-0.31
8.467463094741106,31.82,3.32,-0.31
8.469100635498762,31.83,3.32,-0.31
8.4705770611763,31.82,3.32,-0.31
8.472047004848719,31.82,3.31,-0.31
8.473531514406204,31.82,3.31,-0.31
8.475008945912123,31.82,3.31,-0.31
8.477978080511093,31.82,3.31,-0.31
8.480928681790829,31.83,3.31,-0.31
8.483662437647581,31.82,3.31,-0.31
8.486668333411217,31.82,3.31,-0.31
8.489611528813839,31.82,3.31,-0.31
8.492694221436977,31.82,3.31,-0.31
8.495688784867525,31.82,3.31,-0.31
8.49845965206623,31.82,3.31,-0.3
8.501625176519156,31.82,3.31,-0.31
8.50452534109354,31.82,3.31,-0.31
8.50754726678133,31.82,3.31,-0.31
8.51032979786396,31.82,3.31,-0.31
8.513361137360334,31.82,3.31,-0.31
8.516411319375038,31.82,3.31,-0.31
8.51930334419012,31.82,3.31,-0.31
8.522275350987911,31.82,3.31,-0.31
8.52372907474637,31.82,3.31,-0.31
8.525259673595428,31.82,3.31,-0.31
8.526704084128141,31.83,3.31,-0.31
8.528251625597477,31.82,3.31,-0.31
8.529742918908596,31.82,3.31,-0.31
8.531146336346865,31.82,3.31,-0.31
8.53269100189209,31.82,3.31,-0.31
8.53416833654046,31.82,3.31,-0.31
8.53564877063036,31.82,3.31,-0.31
8.537121389061213,31.82,3.31,-0.31
8.538527399301529,31.82,3.31,-0.31
8.540072787553072,31.82,3.31,-0.31
8.541563756763935,31.82,3.31,-0.31
8.543042097240686,31.82,3.31,-0.31
8.544474348425865,31.82,3.31,-0.31
8.546017106622458,31.82,3.31,-0.3
8.5474160797894,31.83,3.32,-0.3
8.54896741360426,31.83,3.31,-0.32
8.550446171313524,31.82,3.3,-0.31
8.55191570147872,31.83,3.31,-0.31
8.553158480674028,31.82,3.31,-0.31
8.554818760603666,31.82,3.31,-0.31
8.556358765810728,31.83,3.31,-0.31
8.557811364531517,31.83,3.31,-0.31
8.559309553354979,31.83,3.31,-0.31
8.560810897499323,31.83,3.31,-0.31
8.562034785747528,31.83,3.31,-0.31
8.563530221581459,31.83,3.31,-0.31
8.565184719860554,31.83,3.31,-0.31
8.566643960773945,31.83,3.31,-0.31
8.56816079840064,31.83,3.31,-0.31
8.56947061046958,31.83,3.31,-0.31
8.571130353957415,31.83,3.31,-0.31
8.572622194886208,31.83,3.31,-0.31
8.57410054653883,31.83,3.31,-0.31
8.577056903392076,31.83,3.31,-0.31
8.579846926033497,31.83,3.31,-0.31
8.582996752113104,31.82,3.31,-0.31
8.585936237126589,31.82,3.31,-0.31
8.588889062404633,31.82,3.31,-0.31
8.59171798080206,31.82,3.31,-0.31
8.59482716396451,31.82,3.31,-0.31
8.59776234254241,31.81,3.31,-0.31
8.600735027343035,31.81,3.31,-0.31
8.603691387921572,31.81,3.31,-0.31
8.606649499386549,31.82,3.31,-0.31
8.607983082532883,31.82,3.31,-0.31
8.60960153862834,31.81,3.31,-0.31
8.611073337495327,31.81,3.31,-0.31
8.612499006092548,31.81,3.31,-0.31
8.614039536565542,31.81,3.31,-0.31
8.61547952145338,31.82,3.31,-0.31
8.616954118013382,31.82,3.31,-0.31
8.61838648840785,31.82,3.31,-0.31
8.619883708655834,31.82,3.31,-0.31
8.621433231979609,31.81,3.31,-0.31
8.622927069664001,31.81,3.31,-0.31
8.624327473342419,31.81,3.31,-0.31
8.625826176255941,31.82,3.31,-0.31
8.627346504479647,31.81,3.31,-0.31
8.62870929017663,31.81,3.31,-0.31
8.630257945507765,31.82,3.31,-0.31
8.631669867783785,31.82,3.31,-0.31
8.633262231945992,31.81,3.31,-0.31
8.634629588574171,31.81,3.31,-0.31
8.636193472892046,31.82,3.31,-0.31
8.637707002460957,31.82,3.31,-0.31
8.639171592891216,31.81,3.3,-0.31
8.640572886914015,31.82,3.31,-0.3
8.642132438719273,31.82,3.31,-0.3
8.643529113382101,31.82,3.3,-0.31
8.645092710852623,31.82,3.3,-0.31
8.646565146744251,31.82,3.3,-0.31
8.648054793477058,31.82,3.3,-0.31
8.649526797235012,31.82,3.3,-0.31
8.650975842028856,31.82,3.3,-0.31
8.65248790383339,31.82,3.3,-0.31
8.653977062553167,31.82,3.31,-0.31
8.655371781438589,31.82,3.31,-0.31
8.656689435243607,31.82,3.31,-0.31
8.658404905349016,31.82,3.31,-0.31
8.659895800054073,31.82,3.31,-0.31
8.661373037844896,31.82,3.31,-0.31
8.662812259048223,31.82,3.31,-0.31
8.664264764636755,31.82,3.3,-0.31
8.665797434747219,31.82,3.31,-0.31
8.667287066578865,31.82,3.31,-0.31
8.66874973475933,31.82,3.3,-0.31
8.670055959373713,31.82,3.3,-0.31
8.671717915683985,31.82,3.3,-0.31
8.674645777791739,31.82,3.3,-0.31
8.677622932940722,31.82,3.3,-0.31
8.680457290261984,31.82,3.3,-0.31
8.683371301740408,31.82,3.3,-0.31
8.6863086335361,31.82,3.3,-0.31
8.689466293901205,31.82,3.31,-0.31
8.692423153668642,31.82,3.31,-0.31
8.69537778571248,31.82,3.31,-0.31
8.698338121175766,31.82,3.31,-0.31
8.701303370296955,31.82,3.31,-0.31
8.704257886856794,31.82,3.3,-0.31
8.707215078175068,31.82,3.3,-0.31
8.710169244557619,31.82,3.3,-0.31
8.71312689781189,31.83,3.3,-0.31
8.716084361076355,31.83,3.3,-0.31
8.719038147479296,31.82,3.31,-0.31
8.722003497183323,31.82,3.31,-0.31
8.724875707179308,31.83,3.3,-0.31
8.72782450914383,31.83,3.3,-0.31
8.730869486927986,31.82,3.3,-0.31
8.73382930457592,31.82,3.3,-0.31
8.736701052635908,31.82,3.3,-0.31
8.739682473242283,31.82,3.3,-0.31
8.742651484906673,31.82,3.3,-0.31
8.745587579905987,31.82,3.3,-0.31
8.74862276762724,31.82,3.31,-0.31
8.751520957797766,31.82,3.3,-0.31
8.754470970481634,31.82,3.3,-0.31
8.757377706468105,31.82,3.3,-0.31
8.760343499481678,31.82,3.3,-0.31
8.763212494552135,31.82,3.3,-0.31
8.76632322743535,31.82,3.3,-0.31
8.767855729907751,31.83,3.3,-0.31
8.769335120916367,31.82,3.3,-0.31
8.77229705452919,31.82,3.3,-0.31
8.77524283528328,31.82,3.3,-0.31
8.778212647885084,31.82,3.3,-0.31
8.779678162187338,31.82,3.3,-0.31
8.781148873269558,31.82,3.3,-0.31
8.782643418759108,31.82,3.3,-0.31
8.784093990921974,31.82,3.3,-0.31
8.785447284579277,31.82,3.3,-0.31
8.787080250680447,31.82,3.3,-0.31
8.78855923190713,31.82,3.3,-0.31
8.790007840842009,31.82,3.3,-0.31
8.79138182848692,31.82,3.3,-0.31
8.792994685471058,31.82,3.3,-0.31
8.794479798525572,31.82,3.3,-0.31
8.795936021953821,31.82,3.3,-0.31
8.797423753887415,31.82,3.3,-0.31
8.798895608633757,31.82,3.31,-0.31
8.800386022776365,31.82,3.3,-0.31
8.801873419433832,31.82,3.3,-0.31
8.803343057632446,31.82,3.3,-0.3
8.804816622287035,31.83,3.3,-0.31
8.80629786849022,31.83,3.3,-0.31
8.80779280886054,31.83,3.3,-0.31
8.80923991650343,31.83,3.3,-0.31
8.810655295848846,31.83,3.3,-0.31
8.812057070434093,31.83,3.3,-0.31
8.813704393804073,31.83,3.3,-0.31
8.815005779266357,31.82,3.3,-0.31
8.816667813807726,31.82,3.3,-0.31
8.81814607232809,31.82,3.3,-0.31
8.819507632404566,31.81,3.31,-0.31
8.821097172796726,31.82,3.31,-0.31
8.822600446641445,31.81,3.3,-0.31
8.823928568512201,31.82,3.3,-0.31
8.825532749295235,31.82,3.3,-0.31
8.827019475400448,31.82,3.31,-0.31
8.82848996669054,31.82,3.31,-0.31
8.829825587570667,31.82,3.31,-0.31
8.831461362540722,31.82,3.31,-0.31
8.832880403846502,31.82,3.31,-0.3
8.834359358996153,31.82,3.3,-0.31
8.835751857608557,31.81,3.3,-0.31
8.837351217865944,31.81,3.31,-0.31
8.838741093873978,31.82,3.31,-0.31
8.840268678963184,31.82,3.31,-0.31
8.84167404472828,31.81,3.31,-0.3
8.843291029334068,31.82,3.31,-0.31
8.844662819057703,31.82,3.31,-0.31
8.846208237111568,31.82,3.31,-0.31
8.847597666084766,31.82,3.31,-0.31
8.849189460277557,31.82,3.31,-0.31
8.85067754238844,31.81,3.31,-0.31
8.8521583750844,31.82,3.31,-0.31
8.853559240698814,31.82,3.3,-0.31
8.855090536177158,31.82,3.3,-0.31
8.856492895632982,31.82,3.31,-0.31
8.85806755721569,31.82,3.3,-0.31
8.85954039171338,31.82,3.3,-0.3
8.861023981124163,31.82,3.3,-0.31
8.86241802945733,31.82,3.3,-0.31
8.863975752145052,31.82,3.3,-0.31
8.865385066717863,31.82,3.3,-0.31
8.86695408821106,31.82,3.3,-0.31
8.868411667644978,31.82,3.3,-0.31
8.869903653860092,31.82,3.3,-0.31
8.872863132506609,31.81,3.3,-0.31
8.875728618353605,31.82,3.3,-0.32
8.87861480936408,31.82,3.3,-0.31
8.88162611052394,31.82,3.3,-0.31
8.884585965424776,31.82,3.3,-0.31
8.88765337690711,31.82,3.3,-0.31
8.890374682843685,31.82,3.3,-0.31
8.893568575382233,31.82,3.3,-0.31
8.896469455212355,31.81,3.31,-0.31
8.899489607661963,31.81,3.3,-0.31
8.90225949883461,31.81,3.3,-0.31
8.905403029173613,31.82,3.29,-0.31
8.90838112309575,31.82,3.3,-0.31
8.911324083805084,31.82,3.29,-0.31
8.914205878973007,31.82,3.3,-0.31
8.91722072288394,31.82,3.29,-0.31
8.920011810958385,31.82,3.29,-0.31
8.923015352338552,31.82,3.29,-0.31
8.926110196858644,31.81,3.29,-0.31
8.927587233483791,31.82,3.29,-0.31
8.928904566913843,31.82,3.3,-0.31
8.930537082254887,31.82,3.3,-0.31
8.931884374469519,31.83,3.3,-0.31
8.933494009077549,31.82,3.29,-0.31
8.934986855834723,31.82,3.3,-0.31
8.936314240098,31.82,3.3,-0.31
8.937818326056004,31.82,3.3,-0.31
8.939293153584003,31.82,3.29,-0.31
8.940790925174952,31.82,3.3,-0.31
8.942247323691845,31.82,3.3,-0.31
8.943751070648432,31.82,3.3,-0.31
8.945233162492514,31.82,3.29,-0.31
8.946783263236284,31.82,3.3,-0.31
8.948252748697996,31.82,3.3,-0.31
8.949755601584911,31.82,3.3,-0.31
8.95112782344222,31.82,3.3,-0.31
8.952623277902603,31.82,3.3,-0.31
8.954201806336641,31.82,3.3,-0.31
8.955589324235916,31.82,3.3,-0.31
8.95716841891408,31.82,3.3,-0.31
8.958649683743715,31.82,3.3,-0.31
8.960004795342684,31.83,3.3,-0.31
8.961574345827103,31.82,3.3,-0.31
8.963025312870741,31.82,3.3,-0.31
8.96453483775258,31.82,3.3,-0.31
8.966040588915348,31.82,3.3,-0.31
8.967509280890226,31.82,3.3,-0.31
8.970458552241325,31.82,3.3,-0.31
8.973302122205496,31.83,3.3,-0.31
8.976326562464237,31.82,3.3,-0.31
8.979346062988043,31.82,3.3,-0.31
8.982078775763512,31.82,3.3,-0.31
8.985037419945002,31.82,3.3,-0.31
8.988145347684622,31.82,3.3,-0.31
8.991167277097702,31.82,3.3,-0.31
8.994135405868292,31.82,3.3,-0.31
8.997086644172668,31.82,3.3,-0.31
9.000047247856855,31.82,3.3,-0.31
9.003006905317307,31.82,3.29,-0.31
9.005964111536741,31.82,3.3,-0.31
9.008913617581129,31.82,3.3,-0.31
9.011864300817251,31.82,3.3,-0.31
9.014845497906208,31.82,3.29,-0.31
9.01778818666935,31.82,3.3,-0.31
9.020758662372828,31.82,3.29,-0.31
9.023713156580925,31.82,3.29,-0.31
9.026665769517422,31.82,3.3,-0.31
9.029636435210705,31.82,3.29,-0.31
9.032591450959444,31.82,3.29,-0.31
9.035554688423872,31.82,3.29,-0.31
9.037033651024103,31.82,3.29,-0.31
9.038506090641022,31.82,3.29,-0.31
9.03998713195324,31.82,3.29,-0.31
9.041454501450062,31.82,3.29,-0.31
9.042940750718117,31.82,3.29,-0.31
9.04441474750638,31.82,3.29,-0.31
9.045906446874142,31.82,3.29,-0.31
9.047381713986397,31.82,3.29,-0.31
9.048850156366825,31.82,3.29,-0.31
9.050201706588268,31.82,3.29,-0.31
9.051813434809446,31.82,3.29,-0.31
9.053295403718948,31.82,3.29,-0.31
9.054776143282652,31.82,3.29,-0.31
9.05625930428505,31.82,3.29,-0.31
9.057637382298708,31.82,3.29,-0.31
9.059175200760365,31.82,3.29,-0.31
9.060560747981071,31.82,3.29,-0.31
9.06217784807086,31.82,3.29,-0.31
9.063646402209997,31.82,3.29,-0.31
9.065094139426947,31.82,3.29,-0.31
9.06652658060193,31.82,3.29,-0.31
9.069393537938595,31.81,3.29,-0.3
9.072437033057213,31.82,3.29,-0.31
9.075495403259993,31.82,3.29,-0.31
9.078433651477098,31.83,3.29,-0.31
9.081384789198637,31.83,3.29,-0.31
9.084354050457478,31.82,3.29,-0.31
9.087193638086319,31.83,3.29,-0.31
9.088797464966774,31.82,3.29,-0.31
9.090212628245354,31.82,3.29,-0.31
9.091629963368177,31.82,3.29,-0.31
9.093160279095173,31.82,3.29,-0.31
9.094668000936508,31.81,3.29,-0.31
9.096202038228512,31.82,3.29,-0.31
9.097643692046404,31.82,3.29,-0.31
9.09914831072092,31.82,3.29,-0.3
9.100621175020933,31.83,3.29,-0.31
9.102063547819853,31.82,3.29,-0.31
9.103539813309908,31.82,3.29,-0.3
9.105061393231153,31.82,3.29,-0.31
9.10654278472066,31.81,3.29,-0.31
9.108004357665777,31.82,3.29,-0.31
9.109499249607325,31.82,3.29,-0.31
9.110969461500645,31.82,3.29,-0.31
9.112440474331379,31.82,3.29,-0.31
9.113917794078588,31.82,3.3,-0.3
9.11518770083785,31.83,3.3,-0.31
9.116896241903305,31.83,3.29,-0.31
9.118349559605122,31.82,3.29,-0.31
9.11983771622181,31.82,3.29,-0.3
9.121333189308643,31.82,3.29,-0.31
9.122790440917015,31.82,3.29,-0.31
9.124295558780432,31.83,3.29,-0.31
9.125768039375544,31.82,3.29,-0.31
9.127231862396002,31.82,3.29,-0.31
9.128721382468939,31.82,3.29,-0.31
9.13020246848464,31.82,3.29,-0.31
9.1316790394485,31.83,3.29,-0.31
9.133169919252396,31.82,3.3,-0.3
9.134646967053413,31.83,3.3,-0.3
9.136122208088636,31.83,3.3,-0.31
9.137419637292624,31.82,3.29,-0.32
9.13908601552248,31.82,3.28,-0.32
9.140401791781187,31.82,3.29,-0.31
9.14204253256321,31.83,3.29,-0.31
9.143501348793507,31.82,3.29,-0.31
9.144965346902609,31.82,3.28,-0.31
9.146376471966505,31.82,3.28,-0.31
9.147914007306099,31.83,3.29,-0.3
9.149298120290041,31.83,3.29,-0.3
9.150829501450062,31.83,3.29,-0.3
9.15224726870656,31.83,3.29,-0.31
9.153798919171095,31.83,3.29,-0.31
9.15520515292883,31.83,3.29,-0.31
9.156768389046192,31.82,3.29,-0.31
9.15828786790371,31.83,3.29,-0.31
9.15975158661604,31.83,3.29,-0.31
9.161260697990656,31.83,3.29,-0.3
9.162711590528488,31.84,3.29,-0.3
9.164223540574312,31.83,3.28,-0.31
9.16557551547885,31.83,3.47,-0.31
9.168445024639368,31.82,3.29,-0.31
9.171542834490538,31.83,3.29,-0.31
9.174586724489927,31.83,3.29,-0.31
9.177447218447924,31.83,3.29,-0.31
9.180415164679289,31.83,3.29,-0.31
9.183410421013832,31.83,3.29,-0.31
9.186353381723166,31.84,3.29,-0.31
9.18931670859456,31.83,3.29,-0.31
9.192263878881931,31.83,3.29,-0.31
9.195206839591265,31.83,3.29,-0.31
9.19815231114626,31.83,3.29,-0.3
9.201131172478199,31.83,3.29,-0.31
9.203929170966148,31.83,3.29,-0.31
9.207111459225416,31.83,3.29,-0.31
9.210023686289787,31.83,3.29,-0.31
9.212817154824734,31.83,3.29,-0.31
9.21595798805356,31.83,3.28,-0.31
9.21877233684063,31.83,3.29,-0.31
9.22191946953535,31.83,3.28,-0.31
9.224870439618826,31.83,3.29,-0.31
9.227620266377926,31.83,3.29,-0.31
9.23074097186327,31.83,3.28,-0.31
9.233495827764273,31.83,3.28,-0.31
9.236707903444767,31.83,3.28,-0.31
9.23942643031478,31.83,3.28,-0.3
9.242368221282959,31.83,3.28,-0.31
9.245407421141863,31.83,3.28,-0.31
9.248418744653463,31.82,3.28,-0.3
9.250001288950443,31.84,3.28,-0.31
9.2514026761055,31.83,3.28,-0.31
9.252955339848995,31.83,3.28,-0.31
9.254296749830246,31.83,3.28,-0.31
9.255916878581047,31.83,3.28,-0.31
9.25723884627223,31.83,3.28,-0.31
9.258871886879206,31.83,3.28,-0.31
9.260239455848932,31.83,3.28,-0.31
9.261763706803322,31.83,3.28,-0.31
9.263299815356731,31.83,3.28,-0.31
9.266041308641434,31.83,3.28,-0.31
9.269141606986523,31.82,3.28,-0.31
9.272177215665579,31.83,3.28,-0.31
9.27513574063778,31.83,3.28,-0.31
9.278097361326218,31.84,3.28,-0.31
9.280979048460722,31.84,3.28,-0.31
9.283935826271772,31.83,3.28,-0.31
9.28698704764247,31.83,3.28,-0.3
9.289849605411291,31.83,3.28,-0.31
9.292892552912235,31.83,3.28,-0.31
9.294360846281052,31.83,3.28,-0.31
9.295777346938848,31.83,3.28,-0.3
9.297320742160082,31.84,3.28,-0.31
9.298786871135235,31.83,3.28,-0.31
9.300274107605219,31.83,3.28,-0.31
9.301703564822674,31.83,3.28,-0.31
9.303248684853315,31.84,3.28,-0.31
9.304713301360607,31.84,3.28,-0.31
9.306145243346691,31.84,3.28,-0.3
9.307679295539856,31.84,3.28,-0.31
9.30910725146532,31.83,3.28,-0.31
9.310553628951311,31.83,3.28,-0.31
9.31187728792429,31.83,3.28,-0.31
9.313541375100613,31.83,3.28,-0.31
9.315076399594545,31.83,3.28,-0.3
9.31649237126112,31.83,3.28,-0.31
9.317784387618303,31.83,3.28,-0.3
9.319449566304684,31.83,3.28,-0.31
9.320973791182041,31.83,3.28,-0.31
9.322475515305996,31.83,3.28,-0.31
9.323729306459427,31.83,3.28,-0.31
9.325282987207174,31.83,3.28,-0.31
9.326701927930117,31.83,3.28,-0.31
9.328365877270699,31.83,3.28,-0.31
9.329854346811771,31.83,3.28,-0.31
9.331308867782354,31.83,3.28,-0.31
9.332650274038315,31.84,3.28,-0.31
9.334293238818645,31.83,3.28,-0.31
9.335597813129425,31.83,3.28,-0.31
9.337251000106335,31.83,3.28,-0.31
9.338533233851194,31.83,3.28,-0.31
9.340210668742657,31.83,3.28,-0.31
9.341694351285696,31.83,3.28,-0.31
9.34317671135068,31.83,3.28,-0.31
9.344484522938728,31.83,3.28,-0.31
9.346122041344643,31.83,3.28,-0.31
9.347409170120955,31.83,3.28,-0.31
9.348890997469425,31.84,3.28,-0.31
9.3505575992167,31.83,3.28,-0.31
9.35185706242919,31.83,3.28,-0.31
9.353524908423424,31.83,3.28,-0.31
9.355009030550718,31.83,3.28,-0.31
9.356300663203001,31.83,3.28,-0.31
9.35796209052205,31.83,3.28,-0.31
9.359289810061455,31.83,3.28,-0.31
9.360919691622257,31.83,3.28,-0.31
9.362294539809227,31.83,3.28,-0.31
9.36535381525755,31.83,3.28,-0.31
9.368185099214315,31.83,3.28,-0.31
9.371236562728882,31.83,3.28,-0.31
9.37411094456911,31.83,3.28,-0.31
9.377199940383434,31.84,3.28,-0.31
9.38009624183178,31.83,3.28,-0.31
9.383030075579882,31.83,3.28,-0.31
9.385979261249304,31.83,3.28,-0.31
9.389039151370525,31.83,3.28,-0.31
9.391902949661016,31.83,3.28,-0.31
9.394858326762915,31.83,3.28,-0.31
9.397883027791977,31.84,3.28,-0.31
9.400789882987738,31.83,3.28,-0.31
9.403823286294937,31.83,3.28,-0.31
9.406731944531202,31.84,3.28,-0.31
9.408242337405682,31.83,3.28,-0.31
9.409723911434412,31.82,3.28,-0.31
9.411220524460077,31.83,3.28,-0.31
9.41268964484334,31.83,3.28,-0.31
9.414159502834082,31.83,3.28,-0.31
9.415656860917807,31.83,3.28,-0.31
9.41712150722742,31.83,3.28,-0.31
9.418593399226665,31.83,3.28,-0.31
9.420012455433607,31.83,3.28,-0.31
9.421558868139982,31.83,3.28,-0.31
9.42305514216423,31.83,3.28,-0.31
9.424488265067339,31.83,3.28,-0.31
9.426015596836805,31.83,3.28,-0.31
9.42743680998683,31.83,3.28,-0.31
9.42874951660633,31.84,3.28,-0.31
9.430378265678883,31.83,3.28,-0.31
9.431906137615442,31.83,3.28,-0.31
9.433350410312414,31.83,3.28,-0.31
9.434882871806622,31.83,3.28,-0.31
9.436360377818346,31.83,3.28,-0.31
9.437638722360134,31.83,3.28,-0.31
9.43930160626769,31.83,3.28,-0.31
9.4405970685184,31.83,3.28,-0.31
9.442243214696646,31.83,3.28,-0.3
9.443559151142836,31.84,3.28,-0.31
9.44521514698863,31.84,3.28,-0.31
9.446678724139929,31.83,3.28,-0.31
9.448009204119444,31.83,3.28,-0.31
9.449660573154688,31.84,3.28,-0.31
9.45096667483449,31.83,3.28,-0.31
9.452620692551136,31.84,3.28,-0.31
9.454073209315538,31.83,3.28,-0.31
9.455584641546011,31.83,3.28,-0.31
9.45690755173564,31.83,3.28,-0.31
9.45831011608243,31.83,3.28,-0.31
9.460027039051056,31.83,3.28,-0.31
9.462965361773968,31.83,3.28,-0.31
9.465801808983088,31.83,3.28,-0.31
9.468758083879948,31.84,3.28,-0.31
9.471792340278625,31.83,3.28,-0.31
9.474661860615015,31.84,3.28,-0.31
9.47771641612053,31.83,3.28,-0.31
9.48061390593648,31.83,3.28,-0.31
9.48361911252141,31.83,3.28,-0.31
9.486574418842793,31.83,3.28,-0.31
9.489554904401302,31.83,3.28,-0.31
9.492465373128653,31.83,3.28,-0.31
9.495502579957247,31.84,3.28,-0.31
9.498452372848988,31.84,3.28,-0.31
9.501424185931683,31.83,3.28,-0.31
9.504231475293636,31.84,3.28,-0.31
9.507230177521706,31.84,3.28,-0.31
9.510296512395144,31.84,3.28,-0.31
9.513177033513784,31.84,3.28,-0.3
9.516141891479492,31.83,3.28,-0.31
9.518956687301397,31.84,3.28,-0.31
9.522129319608212,31.83,3.28,-0.31
9.52505275607109,31.83,3.28,-0.31
9.528043124824762,31.84,3.28,-0.31
9.53095056116581,31.83,3.28,-0.31
9.53381397202611,31.83,3.28,-0.31
9.53670160472393,31.83,3.28,-0.31
9.53986532241106,31.83,3.28,-0.31
9.542823392897844,31.84,3.28,-0.31
9.545689664781094,31.84,3.28,-0.31
9.548762876540422,31.84,3.28,-0.31
9.550230879336596,31.84,3.28,-0.3
9.551516741514206,31.84,3.28,-0.31
9.553180232644081,31.83,3.28,-0.31
9.55448742210865,31.84,3.28,-0.31
9.556145403534174,31.83,3.28,-0.31
9.557626187801361,31.83,3.28,-0.3
9.55891252681613,31.83,3.28,-0.31
9.56207288056612,31.83,3.28,-0.31
9.564965538680553,31.83,3.28,-0.31
9.567891094833612,31.84,3.28,-0.31
9.569306049495935,31.83,3.28,-0.31
9.570937614887953,31.83,3.28,-0.31
9.572228476405144,31.83,3.28,-0.3
9.573885031044483,31.84,3.28,-0.31
9.575210265815258,31.84,3.28,-0.31
9.576750576496124,31.84,3.28,-0.31
9.57833206281066,31.83,3.28,-0.3
9.579645674675703,31.84,3.28,-0.31
9.581242978572845,31.83,3.28,-0.31
9.582605507224798,31.84,3.28,-0.31
9.584169819951057,31.83,3.28,-0.31
9.585644580423832,31.83,3.28,-0.31
9.58720949292183,31.83,3.28,-0.3
9.58860532566905,31.84,3.28,-0.31
9.590116422623396,31.83,3.28,-0.31
9.591647375375032,31.83,3.28,-0.31
9.593122519552708,31.83,3.28,-0.31
9.594526212662458,31.83,3.28,-0.31
9.59593790769577,31.83,3.28,-0.31
9.597525462508202,31.83,3.28,-0.3
9.59894099086523,31.84,3.28,-0.31
9.600503738969564,31.83,3.28,-0.31
9.601897828280926,31.84,3.28,-0.31
9.603343445807695,31.84,3.28,-0.31
9.60491805523634,31.84,3.28,-0.31
9.606327682733536,31.83,3.28,-0.31
9.607735775411129,31.83,3.28,-0.3
9.609382189810276,31.84,3.28,-0.31
9.610850155353546,31.83,3.28,-0.31
9.612251356244087,31.84,3.28,-0.31
9.61381308361888,31.84,3.28,-0.31
9.615228332579136,31.83,3.28,-0.31
9.616793777793646,31.84,3.28,-0.31
9.618266321718693,31.84,3.28,-0.31
9.61972801759839,31.83,3.27,-0.31
9.62115104869008,31.84,3.28,-0.31
9.62269552052021,31.84,3.28,-0.31
9.624175034463406,31.84,3.28,-0.31
9.625567238777876,31.84,3.28,-0.31
9.627129726111889,31.83,3.28,-0.31
9.628533985465765,31.83,3.28,-0.31
9.63010336831212,31.83,3.28,-0.31
9.631571635603905,31.84,3.28,-0.31
9.633014783263206,31.84,3.28,-0.31
9.634539127349854,31.83,3.28,-0.32
9.635981258004904,31.83,3.28,-0.3
9.637242071330547,31.84,3.28,-0.31
9.638964463025331,31.83,3.27,-0.31
9.640437498688698,31.84,3.28,-0.31
9.641925416886806,31.84,3.28,-0.31
9.643207225948572,31.84,3.28,-0.3
9.644860699772835,31.84,3.28,-0.31
9.646131467074156,31.83,3.27,-0.32
9.647810354828835,31.82,3.27,-0.31
9.64916142821312,31.84,3.27,-0.3
9.650783449411392,31.85,3.28,-0.3
9.652288492769003,31.84,3.27,-0.31
9.653735518455505,31.83,3.27,-0.31
9.655093777924776,31.84,3.27,-0.31
9.656721398234367,31.83,3.27,-0.31
9.65819076821208,31.84,3.28,-0.3
9.660919360816479,31.84,3.27,-0.31
9.664062853902578,31.84,3.27,-0.31
9.666887164115906,31.83,3.27,-0.31
9.669789910316467,31.84,3.27,-0.31
9.67277006804943,31.84,3.27,-0.31
9.675778735429049,31.83,3.27,-0.31
9.678700886666775,31.84,3.27,-0.31
9.681699678301811,31.84,3.27,-0.31
9.684757649898529,31.84,3.27,-0.31
9.68770644813776,31.84,3.27,-0.31
9.690621852874756,31.84,3.27,-0.31
9.693693716078997,31.84,3.27,-0.31
9.696539420634508,31.84,3.27,-0.31
9.699497781693935,31.83,3.27,-0.31
9.702519200742245,31.84,3.27,-0.31
9.705404467880726,31.84,3.27,-0.31
9.70843829959631,31.83,3.27,-0.31
9.711434416472912,31.84,3.27,-0.31
9.714300706982613,31.84,3.27,-0.31
9.717342749238014,31.84,3.27,-0.31
9.72031019628048,31.84,3.27,-0.31
9.723196677863598,31.84,3.27,-0.31
9.726174142211676,31.85,3.27,-0.31
9.72769120335579,31.84,3.27,-0.31
9.729173976927996,31.84,3.27,-0.31
9.730636470019817,31.84,3.27,-0.31
9.732131898403168,31.83,3.27,-0.31
9.73361124098301,31.84,3.27,-0.31
9.735093496739864,31.84,3.27,-0.31
9.736531168222427,31.85,3.27,-0.3
9.738062750548124,31.84,3.27,-0.3
9.73945876210928,31.84,3.27,-0.31
9.741033919155598,31.84,3.27,-0.31
9.742479726672173,31.84,3.27,-0.31
9.743968088179827,31.84,3.27,-0.31
9.74543834850192,31.84,3.27,-0.31
9.746896468102932,31.83,3.27,-0.31
9.748407062143087,31.84,3.27,-0.31
9.749888442456722,31.84,3.27,-0.31
9.751352928578854,31.84,3.27,-0.31
9.752850752323866,31.84,3.27,-0.31
9.754292026162148,31.84,3.27,-0.31
9.755799870938063,31.84,3.27,-0.31
9.758760444819927,31.84,3.27,-0.31
9.76170964539051,31.84,3.27,-0.31
9.76467827707529,31.84,3.27,-0.31
9.767628759145737,31.84,3.27,-0.31
9.770593121647835,31.84,3.28,-0.31
9.77354009076953,31.84,3.28,-0.3
9.77644881606102,31.84,3.27,-0.31
9.779470883309841,31.84,3.28,-0.31
9.782420415431261,31.84,3.28,-0.31
9.785376325249672,31.84,3.28,-0.31
9.78828939050436,31.84,3.27,-0.31
9.791104227304459,31.84,3.28,-0.3
9.794214744120836,31.84,3.27,-0.31
9.797148548066616,31.85,3.27,-0.31
9.800098687410355,31.84,3.27,-0.31
9.803074285387993,31.85,3.28,-0.31
9.804592300206423,264.0,3.27,-0.31
9.805943880230188,31.84,3.27,-0.31
9.807564347982407,31.84,3.27,-0.31
9.808897651731968,31.84,3.27,-0.31
9.810521099716425,31.84,3.27,-0.31
9.81200423464179,31.84,3.27,-0.3
9.813470523804426,31.85,3.27,-0.31
9.81483431532979,31.84,3.27,-0.31
9.816437296569347,31.84,3.27,-0.31
9.817830007523298,31.84,3.27,-0.31
9.81937849521637,31.84,3.27,-0.31
9.820803076028824,31.84,3.27,-0.31
9.822348568588495,31.84,3.27,-0.31
9.823827024549246,31.84,3.27,-0.31
9.82529117912054,31.85,3.28,-0.31
9.826797019690275,31.84,3.27,-0.31
9.828178372234106,31.85,3.27,-0.31
9.829743541777134,31.84,3.27,-0.31
9.83121956512332,31.85,3.27,-0.31
9.832604099065065,31.84,3.27,-0.31
9.83411242812872,31.84,3.27,-0.31
9.835661996155977,31.84,3.27,-0.31
9.837142258882523,31.84,3.27,-0.31
9.838616006076336,31.84,3.27,-0.31
9.840099789202213,31.84,3.27,-0.31
9.841576609760523,31.83,3.27,-0.31
9.843045230954885,31.84,3.27,-0.31
9.844526655972004,31.84,3.27,-0.31
9.8460145406425,31.83,3.27,-0.31
9.847494781017303,31.84,3.27,-0.31
9.848966978490353,31.84,3.27,-0.31
9.85045650601387,31.84,3.27,-0.31
9.851876236498356,31.84,3.27,-0.31
9.853350773453712,31.84,3.27,-0.31
9.854874558746815,31.84,3.27,-0.31
9.857821237295866,31.84,3.27,-0.31
9.860788069665432,31.84,3.27,-0.31
9.863765928894281,31.84,3.27,-0.31
9.866703178733587,31.84,3.27,-0.31
9.869676262140274,31.83,3.27,-0.31
9.872644931077957,31.84,3.27,-0.31
9.875581249594688,31.83,3.27,-0.31
9.878537736833096,31.84,3.27,-0.31
9.881502028554678,31.84,3.27,-0.31
9.884468898177147,31.84,3.27,-0.31
9.887430556118488,31.84,3.27,-0.31
9.888896364718676,31.84,3.27,-0.31
9.890386916697025,31.84,3.27,-0.31
9.89186368137598,31.84,3.27,-0.31
9.893349383026361,31.84,3.27,-0.31
9.894821602851152,31.84,3.27,-0.31
9.896288692951202,31.85,3.27,-0.31
9.897774390876293,31.84,3.27,-0.31
9.899255059659481,31.84,3.27,-0.31
9.900736715644598,31.84,3.28,-0.3
9.902214009314775,31.84,3.27,-0.31
9.90369899943471,31.83,3.27,-0.31
9.905170544981956,31.84,3.27,-0.31
9.906487248837948,31.84,3.27,-0.31
9.907969161868095,31.84,3.27,-0.31
9.909463867545128,31.84,3.27,-0.31
9.910992205142975,31.85,3.27,-0.31
9.91256683319807,31.84,3.27,-0.31
9.914048962295055,31.85,3.27,-0.31
9.915525574237108,31.84,3.27,-0.31
9.916998017579317,31.85,3.27,-0.31
9.91848162189126,31.85,3.27,-0.31
9.919822823256254,31.85,3.28,-0.31
9.92142715677619,31.85,3.28,-0.31
9.92292270436883,31.85,3.27,-0.31
9.924372807145119,31.84,3.27,-0.31
9.925840184092522,31.84,3.28,-0.31
9.927127193659544,31.84,3.27,-0.31
9.928749311715364,31.84,3.27,-0.31
9.930310539901257,31.84,3.28,-0.31
9.931795462965965,31.84,3.27,-0.31
9.933202009648085,31.84,3.28,-0.31
9.934747986495495,31.84,3.28,-0.31
9.936224490404129,31.84,3.28,-0.31
9.937695682048798,31.84,3.28,-0.31
9.939181007444859,31.84,3.28,-0.31
9.940612871199846,31.84,3.28,-0.31
9.94204656779766,31.84,3.28,-0.31
9.943622194230556,31.84,3.28,-0.31
9.945021405816078,31.84,3.28,-0.31
9.946589846163988,31.84,3.28,-0.31
9.948057353496552,31.84,3.28,-0.31
9.949535336345434,31.84,3.28,-0.31
9.950859040021896,31.85,3.28,-0.31
9.952498264610767,31.84,3.28,-0.31
9.953979678452015,31.84,3.28,-0.31
9.95693364366889,31.84,3.28,-0.31
9.959888685494661,31.84,3.28,-0.31
9.962854530662298,31.84,3.28,-0.31
9.965805541723967,31.84,3.28,-0.31
9.968626394867897,31.84,3.28,-0.31
9.97172312811017,31.85,3.28,-0.31
9.97468812763691,31.84,3.28,-0.31
9.97762893512845,31.84,3.28,-0.31
9.980592343956232,31.84,3.28,-0.31
9.983473878353834,31.84,3.28,-0.31
9.986516863107681,31.85,3.28,-0.31
9.989446476101875,31.84,3.28,-0.31
9.99243238568306,31.84,3.28,-0.31
9.995379097759724,31.84,3.27,-0.31
9.998344894498587,31.84,3.27,-0.31
10.001305777579546,31.85,3.28,-0.31
10.004235431551933,31.84,3.28,-0.31
10.007138933986425,31.84,3.27,-0.31
10.010065719485283,31.85,3.28,-0.31
10.01303093880415,31.84,3.27,-0.31
10.015970554202795,31.84,3.28,-0.31
10.019051097333431,31.85,3.27,-0.31
10.021992977708578,31.85,3.27,-0.31
10.024878174066544,31.85,3.27,-0.31
10.02786086127162,31.84,3.27,-0.31
10.030880726873875,31.84,3.27,-0.31
10.033770691603422,31.84,3.27,-0.3
10.036615058779716,31.85,3.28,-0.31
10.0397171638906,31.84,3.26,-0.31
10.042626481503248,31.84,3.27,-0.31
10.045438308268785,31.84,3.27,-0.31
10.048634488135576,31.85,3.27,-0.31
10.050105825066566,31.84,3.27,-0.31
10.051566611975431,31.84,3.27,-0.31
10.054500870406628,31.84,3.27,-0.3
10.05749974027276,31.84,3.27,-0.3
10.060447435826063,31.84,3.27,-0.31
10.06190599128604,31.84,3.27,-0.31
10.06338955834508,31.84,3.27,-0.31
10.06465756893158,31.84,3.27,-0.31
10.066320430487394,31.84,3.27,-0.31
10.067658178508282,31.84,3.27,-0.3
10.06932995095849,31.84,3.27,-0.3
10.070583868771791,31.84,3.27,-0.31
10.072255641222,31.84,3.27,-0.31
10.073649108409882,31.84,3.27,-0.31
10.075224176049232,31.84,3.27,-0.31
10.076534263789654,31.84,3.27,-0.31
10.077979367226362,31.84,3.27,-0.31
10.079687058925629,31.84,3.27,-0.31
10.081166736781597,31.84,3.27,-0.31
10.082467410713434,31.84,3.27,-0.31
10.084101255983114,31.84,3.27,-0.31
10.085557021200657,31.84,3.27,-0.31
10.087065979838371,31.84,3.27,-0.31
10.088362645357847,31.84,3.27,-0.31
10.090037479996681,31.85,3.27,-0.3
10.091430228203535,31.86,3.27,-0.31
10.09300322458148,31.86,3.27,-0.31
10.094367116689682,31.85,3.27,-0.31
10.095837347209454,31.85,3.27,-0.31
10.097355805337429,31.86,3.27,-0.3
10.098923612385988,31.86,3.27,-0.3
10.100376039743423,31.85,3.27,-0.3
10.101867817342281,31.86,3.27,-0.3
10.103352457284927,31.86,3.27,-0.3
10.104825913906097,31.85,3.27,-0.31
10.106304548680782,31.84,3.27,-0.31
10.107800778001547,31.84,3.27,-0.31
10.10927388817072,31.84,3.27,-0.31
10.11075510084629,31.84,3.27,-0.31
10.112224221229553,31.85,3.27,-0.31
10.113701321184635,31.85,3.27,-0.31
10.115023218095303,31.85,3.27,-0.31
10.116587340831757,31.85,3.27,-0.31
10.11808093637228,31.85,3.27,-0.31
10.119607426226139,31.85,3.27,-0.31
10.121089678257704,31.85,3.27,-0.31
10.122536700218916,31.85,3.27,-0.31
10.124059598892927,31.84,3.27,-0.31
10.125529278069735,31.84,3.28,-0.3
10.12700628861785,31.86,3.28,-0.31
10.12849073112011,31.84,3.27,-0.3
10.129965007305145,31.85,3.28,-0.31
10.131399240344763,31.84,3.28,-0.31
10.132856003940105,31.84,3.28,-0.31
10.134395707398653,31.83,3.28,-0.31
10.135842096060514,31.85,3.28,-0.3
10.137337297201157,31.85,3.28,-0.31
10.138743486255407,31.84,3.28,-0.31
10.140262890607119,31.84,3.28,-0.31
10.141792256385088,31.84,3.28,-0.31
10.143221713602543,31.85,3.28,-0.31
10.144762605428696,31.84,3.28,-0.31
10.146235927939415,31.84,3.28,-0.31
10.147639822214842,31.84,3.28,-0.31
10.149068385362625,31.84,3.28,-0.31
10.15066608786583,31.85,3.28,-0.3
10.153650470077991,31.85,3.28,-0.31
10.156529318541288,31.84,3.28,-0.31
10.159551545977592,31.84,3.28,-0.3
10.162513170391321,31.85,3.28,-0.31
10.165463849902153,31.85,3.28,-0.31
10.168414928019047,31.85,3.28,-0.31
10.171384707093239,31.84,3.28,-0.31
10.17433151975274,31.85,3.28,-0.31
10.177277944982052,31.85,3.28,-0.31
10.18024329841137,31.84,3.28,-0.31
10.183209732174873,31.84,3.28,-0.31
10.186126846820116,31.84,3.27,-0.31
10.188954461365938,31.84,3.27,-0.31
10.192084964364767,31.85,3.27,-0.31
10.195040930062532,31.85,3.27,-0.31
10.198000598698854,31.85,3.27,-0.31
10.200955033302307,31.84,3.28,-0.31
10.203907676041126,31.84,3.27,-0.31
10.20686700195074,31.84,3.27,-0.31
10.209617152810097,31.85,3.27,-0.31
10.211309753358364,31.84,3.27,-0.31
10.212795943021774,31.84,3.27,-0.31
10.214269571006298,31.84,3.27,-0.31
10.215750850737095,31.85,3.28,-0.31
10.217232372611761,31.85,3.27,-0.31
10.218697160482407,31.85,3.27,-0.31
10.220188315957785,31.85,3.27,-0.31
10.221575576812029,31.85,3.27,-0.31
10.22300748899579,31.85,3.27,-0.31
10.22452910989523,31.84,3.27,-0.31
10.226011257618666,31.84,3.27,-0.31
10.227443933486938,31.84,3.27,-0.31
10.229065913707018,31.84,3.27,-0.31
10.23052928596735,31.84,3.27,-0.31
10.232022441923618,31.85,3.27,-0.31
10.233503248542547,31.85,3.27,-0.31
10.234965775161982,31.85,3.27,-0.31
10.236455209553242,31.84,3.27,-0.31
10.237929183989763,31.85,3.27,-0.31
10.239414799958467,31.84,3.27,-0.31
10.240889333188534,31.84,3.27,-0.31
10.242361009120941,31.85,3.27,-0.31
10.243840500712395,31.85,3.27,-0.31
10.245276913046837,31.84,3.27,-0.31
10.246796026825905,31.85,3.27,-0.31
10.24828277528286,31.85,3.27,-0.31
10.251190297305584,31.85,3.27,-0.31
10.254194524139166,31.85,3.27,-0.31
10.257149778306484,31.84,3.27,-0.31
10.260111775249243,31.85,3.27,-0.31
10.263074226677418,31.85,3.27,-0.3
10.266035988926888,31.85,3.27,-0.31
10.268989611417055,31.85,3.27,-0.31
10.271944414824247,31.84,3.26,-0.31
10.274911303073168,31.85,3.27,-0.3
10.277862664312124,31.84,3.27,-0.3
10.280809428542852,31.84,3.26,-0.31
10.283773273229599,31.87,3.27,-0.31
10.286735467612743,31.84,3.27,-0.3
10.289690840989351,31.85,3.27,-0.31
10.292653810232878,31.84,3.27,-0.31
10.295480228960514,31.85,3.27,-0.31
10.298361074179411,31.86,3.27,-0.31
10.301525007933378,31.85,3.27,-0.31
10.304482728242874,31.84,3.27,-0.31
10.307431295514107,31.86,3.27,-0.31
10.310397643595934,31.85,3.27,-0.31
10.313352853059769,31.84,3.27,-0.3
10.316307466477156,31.85,3.27,-0.31
10.317796185612679,31.85,3.27,-0.31
10.319279860705137,31.85,3.27,-0.3
10.32075159624219,31.84,3.27,-0.31
10.322233386337757,31.85,3.27,-0.31
10.323714707046747,31.85,3.27,-0.31
10.325090922415257,31.85,3.27,-0.31
10.326524816453457,31.85,3.26,-0.3
10.32812224701047,31.85,3.26,-0.3
10.329622238874435,31.85,3.27,-0.31
10.331103540956974,31.85,3.27,-0.31
10.33247184753418,31.85,3.27,-0.3
10.334030449390411,31.85,3.27,-0.3
10.335541106760502,31.85,3.27,-0.3
10.336890637874603,31.85,3.26,-0.31
10.338505912572145,31.85,3.26,-0.31
10.339939165860415,31.84,3.26,-0.31
10.34131881967187,31.85,3.26,-0.31
10.342915996909142,31.85,3.26,-0.31
10.344410948455334,31.85,3.26,-0.3
10.345832418650389,31.85,3.26,-0.31
10.347362667322159,31.85,3.26,-0.3
10.348843652755022,31.85,3.26,-0.3
10.351814161986113,31.85,3.26,-0.31
10.354766517877579,31.85,3.26,-0.31
10.357722632586956,31.85,3.26,-0.31
10.360698577016592,31.85,3.26,-0.31
10.3636503405869,31.85,3.27,-0.31
10.366597931832075,31.85,3.26,-0.31
10.369565784931183,31.85,3.26,-0.31
10.371030278503895,31.85,3.26,-0.31
10.3724658600986,31.84,3.26,-0.31
10.373999066650867,31.84,3.26,-0.31
10.37547081708908,31.85,3.26,-0.31
10.376964785158634,31.85,3.26,-0.31
10.378434360027313,31.85,3.26,-0.31
10.379890844225883,31.85,3.26,-0.31
10.38137749582529,31.85,3.26,-0.31
10.382882311940193,31.85,3.26,-0.31
10.384336914867163,31.85,3.26,-0.31
10.385801792144775,31.84,3.26,-0.31
10.387275695800781,31.84,3.26,-0.31
10.388767890632153,31.84,3.26,-0.31
10.390228793025017,31.85,3.26,-0.31
10.391705494374037,31.85,3.26,-0.31
10.393216218799353,31.84,3.26,-0.31
10.394685924053192,31.84,3.26,-0.31
10.396157465875149,31.85,3.26,-0.31
10.397633012384176,31.85,3.26,-0.31
10.399130012840033,31.85,3.26,-0.31
10.400597546249628,31.85,3.26,-0.31
10.402086451649666,31.85,3.26,-0.31
10.403561312705278,31.85,3.26,-0.31
10.405046682804823,31.85,3.26,-0.31
10.406515140086412,31.84,3.26,-0.31
10.407986018806696,31.85,3.26,-0.31
10.409467622637749,31.85,3.26,-0.31
10.410969648510218,31.85,3.26,-0.31
10.412270713597536,31.85,3.26,-0.31
10.413932390511036,31.85,3.26,-0.31
10.415403120219707,31.85,3.26,-0.31
10.416884444653988,31.85,3.26,-0.31
10.418359227478504,31.85,3.26,-0.31
10.419747162610292,31.85,3.26,-0.31
10.421306245028973,31.85,3.26,-0.31
10.422797091305256,31.85,3.26,-0.31
10.424273669719696,31.85,3.26,-0.31
10.425763867795467,31.85,3.26,-0.31
10.427234433591366,31.85,3.26,-0.3
10.428554251790047,31.85,3.26,-0.31
10.430182993412018,31.85,3.26,-0.31
10.431538589298725,31.85,3.26,-0.31
10.43307365104556,31.85,3.26,-0.31
10.434470117092133,31.85,3.26,-0.31
10.43611155450344,31.85,3.26,-0.31
10.437452591955662,31.85,3.26,-0.31
10.439061976969242,31.85,3.26,-0.31
10.440534137189388,31.85,3.26,-0.31
10.441989123821259,31.85,3.26,-0.31
10.443432364612818,31.85,3.26,-0.31
10.444979216903448,31.84,3.26,-0.31
10.4464580565691,31.85,3.26,-0.31
10.449194800108671,31.85,3.26,-0.31
10.452303428202868,31.85,3.26,-0.31
10.455320220440626,31.85,3.26,-0.31
10.458264753222466,31.85,3.26,-0.31
10.461219444870949,31.85,3.26,-0.31
10.464005503803492,31.85,3.25,-0.31
10.467163667082787,31.85,3.26,-0.31
10.470110706984997,31.85,3.25,-0.31
10.473050855100155,31.85,3.25,-0.31
10.475871246308088,31.84,3.26,-0.31
10.479015000164509,31.85,3.26,-0.31
10.481722574681044,31.85,3.26,-0.31
10.484915934503078,31.85,3.25,-0.31
10.487685840576887,31.85,3.25,-0.31
10.490613859146833,31.85,3.25,-0.31
10.493597850203514,31.85,3.25,-0.31
10.496669307351112,31.85,3.25,-0.3
10.49970069900155,31.85,3.26,-0.31
10.50251093506813,31.85,3.25,-0.31
10.505519770085812,31.85,3.26,-0.31
10.508519105613232,31.85,3.26,-0.31
10.511424943804741,31.85,3.26,-0.31
10.514301307499409,31.85,3.26,-0.3
10.517458777874708,31.85,3.26,-0.31
10.520168043673038,31.85,3.25,-0.31
10.523374948650599,31.85,3.25,-0.31
10.526325844228268,31.85,3.25,-0.31
10.529280506074429,31.85,3.25,-0.31
10.53074911236763,31.85,3.25,-0.31
10.53216253593564,31.85,3.26,-0.31
10.533536545932293,31.85,3.26,-0.31
10.535201124846935,31.85,3.25,-0.31
10.536665499210358,31.85,3.25,-0.31
10.5381123945117,31.85,3.25,-0.31
10.539636120200157,31.85,3.25,-0.31
10.541040230542421,31.85,3.25,-0.31
10.542431108653545,31.85,3.25,-0.31
10.54399847984314,31.85,3.25,-0.31
10.546877734363079,31.85,3.25,-0.31
10.549903493374586,31.85,3.26,-0.3
10.552877973765135,31.85,3.25,-0.31
10.555855393409729,31.85,3.25,-0.31
10.558823697268963,31.85,3.25,-0.31
10.561810858547688,31.85,3.25,-0.3
10.564779352396727,31.85,3.25,-0.31
10.567621272057295,31.85,3.25,-0.3
10.570653460919857,31.85,3.25,-0.31
10.572051659226418,31.85,3.25,-0.31
10.57363110408187,31.85,3.25,-0.31
10.575125824660063,31.85,3.25,-0.31
10.576508700847626,31.84,3.25,-0.31
10.578063931316137,31.84,3.25,-0.31
10.579551383852959,31.85,3.25,-0.31
10.581021510064602,31.85,3.25,-0.31
10.582518100738525,31.86,3.25,-0.31
10.583989582955837,31.85,3.25,-0.31
10.585492704063654,31.85,3.25,-0.31
10.586866058409214,31.85,3.25,-0.31
10.588435418903828,31.85,3.26,-0.31
10.589840147644281,31.85,3.26,-0.31
10.591388992965221,31.85,3.26,-0.31
10.592799760401249,31.85,3.26,-0.31
10.594353180378675,31.85,3.26,-0.31
10.59576228260994,31.85,3.26,-0.31
10.597312711179256,31.85,3.26,-0.31
10.59873516485095,31.85,3.26,-0.31
10.600039809942245,31.85,3.26,-0.31
10.601751122623682,31.85,3.26,-0.31
10.603194646537304,31.85,3.26,-0.31
10.604685809463263,31.85,3.26,-0.31
10.606177438050508,31.85,3.26,-0.31
10.607645250856876,31.85,3.26,-0.31
10.60890918970108,31.85,3.26,-0.31
10.610621936619282,31.85,3.26,-0.31
10.61190041154623,31.85,3.26,-0.31
10.613570123910904,31.85,3.25,-0.31
10.615065954625607,31.85,3.25,-0.31
10.616497576236725,31.85,3.25,-0.31
10.617982160300016,31.85,3.25,-0.31
10.61934806406498,31.85,3.25,-0.31
10.62085759267211,31.84,3.26,-0.31
10.622444212436676,31.85,3.26,-0.31
10.62391721084714,31.85,3.26,-0.31
10.625404860824347,31.85,3.26,-0.31
10.626702766865492,31.84,3.26,-0.31
10.628364961594343,31.85,3.26,-0.31
10.629849296063185,31.85,3.26,-0.31
10.63131259009242,31.85,3.26,-0.31
10.632622189819813,31.85,3.26,-0.31
10.634277831763029,31.85,3.26,-0.31
10.63563197851181,31.85,3.26,-0.31
10.6372394785285,31.85,3.26,-0.31
10.638547360897064,31.85,3.26,-0.31
10.640142187476158,31.85,3.26,-0.31
10.641580201685429,31.85,3.26,-0.31
10.643180560320616,31.85,3.26,-0.3
10.647467609494925,31.86,3.26,-0.31
10.650525406002998,31.85,3.26,-0.31
10.653382238000631,31.85,3.26,-0.31
10.656340688467026,31.85,3.26,-0.31
10.659371167421341,31.85,3.26,-0.31
10.662372946739197,31.84,3.26,-0.31
10.665341340005398,31.85,3.26,-0.31
10.668248444795609,31.85,3.26,-0.31
10.671222921460867,31.85,3.26,-0.31
10.67418260499835,31.85,3.26,-0.31
10.677160739898682,31.85,3.26,-0.31
10.680077206343412,31.85,3.26,-0.31
10.682920202612877,31.85,3.26,-0.31
10.685899753123522,31.85,3.26,-0.31
10.688800629228354,31.85,3.26,-0.31
10.691927090287209,31.85,3.26,-0.31
10.693423878401518,31.85,3.26,-0.31
10.694920860230923,31.85,3.26,-0.31
10.696396637707949,31.85,3.26,-0.31
10.697625111788511,31.85,3.26,-0.3
10.699282862246037,31.85,3.26,-0.31
10.700687628239393,31.85,3.26,-0.31
10.702270589768887,31.85,3.26,-0.31
10.703768700361252,31.85,3.27,-0.31
10.705256544053555,31.85,3.27,-0.31
10.70664594694972,31.85,3.27,-0.31
10.708180915564299,31.85,3.27,-0.31
10.709472890943289,31.85,3.27,-0.31
10.711136981844902,31.85,3.27,-0.31
10.712441015988588,31.85,3.27,-0.31
10.714130971580744,31.85,3.27,-0.31
10.715628702193499,31.85,3.27,-0.31
10.717078413814306,31.85,3.27,-0.31
10.718568548560143,31.85,3.27,-0.31
10.719991501420736,31.85,3.27,-0.31
10.721534483134747,31.85,3.27,-0.31
10.722991861402988,31.85,3.27,-0.31
10.724308039993048,31.85,3.27,-0.31
10.72577815130353,31.85,3.27,-0.31
10.727443769574165,31.85,3.27,-0.31
10.728739727288485,31.85,3.27,-0.31
10.730406519025564,31.86,3.27,-0.31
10.731870509684086,31.86,3.27,-0.3
10.733299657702446,31.85,3.27,-0.31
10.734738882631063,31.85,3.27,-0.31
10.7363147623837,31.85,3.27,-0.31
10.737803772091866,31.85,3.27,-0.31
10.739281091839075,31.85,3.27,-0.31
10.740572638809681,31.85,3.27,-0.31
10.74225278198719,31.85,3.27,-0.31
10.745047699660063,31.85,3.27,-0.31
10.748165410012007,31.85,3.27,-0.31
10.750986982136965,31.85,3.27,-0.31
10.753939162939787,31.85,3.27,-0.31
10.756861627101898,31.85,3.27,-0.31
10.75999753922224,31.85,3.27,-0.31
10.76292473077774,31.85,3.27,-0.31
10.765909623354673,31.85,3.27,-0.31
10.768747795373201,31.85,3.27,-0.31
10.77168694511056,31.85,3.27,-0.3
10.774750970304012,31.86,3.27,-0.31
10.777664054185152,31.86,3.27,-0.31
10.780513472855091,31.85,3.27,-0.31
10.783635824918747,31.85,3.27,-0.31
10.786593660712242,31.85,3.27,-0.31
10.789566453546286,31.85,3.27,-0.31
10.792514938861132,31.85,3.27,-0.31
10.795492142438889,31.85,3.27,-0.3
10.798406172543764,31.85,3.27,-0.31
10.801164921373129,31.84,3.27,-0.31
10.804153013974428,31.84,3.27,-0.31
10.807276424020529,31.85,3.27,-0.3
10.810125160962343,31.86,3.27,-0.31
10.81309188902378,31.85,3.27,-0.31
10.816186342388391,31.85,3.27,-0.31
10.819104433059692,31.85,3.27,-0.31
10.821979157626629,31.86,3.27,-0.31
10.825054090470076,31.86,3.27,-0.31
10.826542150229216,31.86,3.27,-0.31
10.82801666483283,31.86,3.27,-0.31
10.829502735286951,31.86,3.27,-0.31
10.830955553799868,31.86,3.27,-0.31
10.832469668239355,31.86,3.27,-0.31
10.833726141601801,31.86,3.27,-0.31
10.835395097732544,31.86,3.27,-0.31
10.836802914738655,31.86,3.27,-0.31
10.838367938995361,31.86,3.27,-0.31
10.839846607297659,31.86,3.27,-0.31
10.841174054890871,31.86,3.27,-0.31
10.84280725941062,31.86,3.27,-0.31
10.845685582607985,31.86,3.26,-0.3
10.848647743463516,31.86,3.27,-0.31
10.851679436862469,31.85,3.26,-0.31
10.854596741497517,31.86,3.26,-0.31
10.856078431010246,31.85,3.26,-0.31
10.857552595436573,31.85,3.26,-0.31
10.859075285494328,31.86,3.26,-0.3
10.860483549535275,31.86,3.26,-0.3
10.861960981041193,31.86,3.26,-0.31
10.863474920392036,31.85,3.26,-0.31
10.86491134390235,31.85,3.26,-0.31
10.866467256098986,31.85,3.26,-0.31
10.867803029716015,31.85,3.26,-0.3
10.869384624063969,31.85,3.26,-0.3
10.870900228619576,31.85,3.26,-0.31
10.87237174063921,31.85,3.26,-0.3
10.873858772218227,31.86,3.26,-0.31
10.87528469786048,31.85,3.26,-0.3
10.876820776611567,31.85,3.26,-0.31
10.878191124647856,31.85,3.26,-0.31
10.879778668284416,31.85,3.26,-0.31
10.881130754947662,31.85,3.26,-0.31
10.882699940353632,31.85,3.26,-0.31
10.884220950305462,31.85,3.26,-0.31
10.885621201246977,31.85,3.26,-0.3
10.88714998215437,31.85,3.26,-0.3
10.888562612235546,31.85,3.26,-0.31
10.89010601118207,31.85,3.26,-0.3
10.891498785465956,31.86,3.26,-0.31
10.89306504279375,31.85,3.26,-0.31
10.894561290740967,31.84,3.26,-0.31
10.896051235496998,31.85,3.27,-0.3
10.897513099014759,31.85,3.26,-0.31
10.898992788046598,31.85,3.26,-0.31
10.90048697590828,31.85,3.26,-0.31
10.901965990662575,31.85,3.26,-0.31
10.90335614234209,31.85,3.26,-0.3
10.90492146089673,31.86,3.26,-0.31
10.906408935785294,31.85,3.26,-0.31
10.90785439312458,31.85,3.26,-0.31
10.909358344972134,31.85,3.26,-0.31
10.910843148827553,31.85,3.26,-0.31
10.912324365228415,31.85,3.26,-0.31
10.91362739726901,31.85,3.26,-0.31
10.915262915194035,31.85,3.26,-0.31
10.916742783039808,31.85,3.26,-0.31
10.918230798095465,31.85,3.27,-0.31
10.919714197516441,31.85,3.27,-0.31
10.921063642948866,31.85,3.26,-0.31
10.922466430813074,31.85,3.27,-0.31
10.924106728285551,31.85,3.26,-0.31
10.925394553691149,31.85,3.27,-0.31
10.927109386771917,31.85,3.27,-0.31
10.92856952175498,31.84,3.27,-0.31
10.929835714399815,31.85,3.27,-0.31
10.931345343589783,31.85,3.27,-0.31
10.933011539280415,31.86,3.27,-0.31
10.934306845068932,31.85,3.27,-0.31
10.935959469527006,31.85,3.27,-0.31
10.937250845134258,31.85,3.27,-0.31
10.938928987830877,31.85,3.27,-0.31
10.940406952053308,31.85,3.27,-0.31
10.943360660225153,31.85,3.27,-0.31
10.946328468620777,31.85,3.27,-0.31
10.949250619858503,31.85,3.27,-0.31
10.952261622995138,31.85,3.27,-0.31
10.955165065824986,31.85,3.27,-0.31
10.958080727607012,31.85,3.27,-0.31
10.961125686764717,31.85,3.27,-0.31
10.964065160602331,31.85,3.27,-0.31
10.966917920857668,31.85,3.27,-0.31
10.969963185489178,31.85,3.27,-0.31
10.972905978560448,31.85,3.27,-0.31
10.975866053253412,31.85,3.27,-0.31
10.978865768760443,31.85,3.27,-0.31
10.981786623597145,31.85,3.27,-0.31
10.984781265258789,31.85,3.26,-0.31
10.98771933466196,31.85,3.27,-0.31
10.990604884922504,31.85,3.27,-0.31
10.993595734238625,31.84,3.27,-0.31
10.996415235102177,31.84,3.27,-0.31
10.999549739062786,31.84,3.27,-0.31
11.002418622374535,31.85,3.27,-0.31
11.005489856004715,31.86,3.27,-0.31
11.008195903152227,31.85,3.27,-0.31
11.011194314807653,31.85,3.26,-0.3
11.014327306300402,31.85,3.26,-0.31
11.0158432982862,31.85,3.26,-0.31
11.017244387418032,31.85,3.26,-0.31
11.018807366490364,31.86,3.26,-0.31
11.020277597010136,31.85,3.26,-0.31
11.021753769367933,31.85,3.27,-0.31
11.022998608648777,31.85,3.27,-0.31
11.024679206311703,31.85,3.27,-0.31
11.026165999472141,31.85,3.26,-0.31
11.027670115232468,31.85,3.27,-0.31
11.029147863388062,31.85,3.27,-0.31
11.030628021806479,31.86,3.27,-0.3
11.032097335904837,31.85,3.27,-0.31
11.033576503396034,31.85,3.27,-0.31
11.034925185143948,31.85,3.27,-0.31
11.036527715623379,31.85,3.27,-0.31
11.03792380914092,31.85,3.27,-0.31
11.040760863572359,31.85,3.27,-0.31
11.043924231082201,31.85,3.27,-0.31
11.046902053058147,31.86,3.27,-0.31
11.049871776252985,31.85,3.27,-0.3
11.052797377109528,31.84,3.27,-0.31
11.055719312280416,31.85,3.27,-0.31
11.05865591391921,31.85,3.27,-0.31
11.061606507748365,31.85,3.27,-0.31
11.064569640904665,31.85,3.27,-0.31
11.06752821430564,31.85,3.27,-0.31
11.07051433622837,31.85,3.27,-0.31
11.073449034243822,31.85,3.27,-0.31
11.076417971402407,31.86,3.27,-0.31
11.079374212771654,31.85,3.27,-0.31
11.08091239258647,31.85,3.27,-0.31
11.082281321287155,31.85,3.27,-0.31
11.08385543897748,31.86,3.27,-0.31
11.085354261100292,31.85,3.27,-0.31
11.08682670071721,31.85,3.27,-0.31
11.088174555450678,31.85,3.27,-0.31
11.089776802808046,31.85,3.27,-0.31
11.091239213943481,31.86,3.27,-0.31
11.092732802033424,31.85,3.27,-0.31
11.094119880348444,31.85,3.27,-0.31
11.095674078911543,31.86,3.27,-0.31
11.097179159522057,31.85,3.27,-0.31
11.098661694675684,31.85,3.27,-0.31
11.10005822405219,31.85,3.27,-0.31
11.101586129516363,31.85,3.27,-0.31
11.103091951459646,31.85,3.27,-0.31
11.104518972337246,31.86,3.27,-0.31
11.106040224432945,31.86,3.27,-0.31
11.107453394681215,31.85,3.27,-0.31
11.109003353863955,31.85,3.27,-0.31
11.110482551157475,31.85,3.27,-0.31
11.111933674663305,31.85,3.27,-0.31
11.113444745540619,31.85,3.27,-0.31
11.114924620836973,31.85,3.27,-0.31
11.116328842937946,31.85,3.27,-0.31
11.117867060005665,31.85,3.27,-0.31
11.11936216428876,31.85,3.27,-0.31
11.120830588042736,31.85,3.27,-0.31
11.122316554188728,31.85,3.27,-0.31
11.123754102736712,31.85,3.27,-0.31
11.125245332717896,31.85,3.27,-0.31
11.126748584210873,31.85,3.27,-0.31
11.127985775470734,31.85,3.27,-0.31
11.129706524312496,31.85,3.27,-0.31
11.130950316786766,31.85,3.27,-0.31
11.132671117782593,31.85,3.27,-0.31
11.134097799658775,31.85,3.28,-0.31
11.135553110390902,31.85,3.28,-0.31
11.137103047221899,31.85,3.28,-0.31
11.13857875391841,31.85,-299.55,-0.31
11.141446508467197,31.85,3.28,-0.31
11.144513003528118,31.85,3.28,-0.31
11.147345680743456,31.85,3.28,-0.31
11.150414422154427,31.85,3.28,-0.31
11.153363909572363,31.85,3.28,-0.31
11.156214624643326,31.86,3.27,-0.31
11.159109182655811,31.85,3.27,-0.31
11.162167176604271,31.86,3.28,-0.31
11.165154572576284,31.86,3.28,-0.31
11.168082129210234,31.86,3.28,-0.31
11.171032585203648,31.86,3.28,-0.31
11.174046210944653,31.85,3.28,-0.31
11.175568878650665,31.85,3.28,-0.31
11.176913272589445,31.85,3.28,-0.31
11.178512535989285,31.85,3.28,-0.31
11.179868888109922,31.86,3.27,-0.31
11.181408520787954,31.86,3.27,-0.31
11.18291512131691,31.86,3.28,-0.31
11.18435913324356,31.85,3.28,-0.31
11.185829557478428,31.86,3.27,-0.31
11.187326211482286,31.86,3.27,-0.31
11.188868157565594,31.85,3.27,-0.31
11.190350461751223,31.86,3.27,-0.31
11.191687848418951,31.86,3.27,-0.31
11.193289902061224,31.86,3.28,-0.31
11.19477853551507,31.85,3.27,-0.31
11.19613403826952,31.85,3.28,-0.3
11.197691041976213,31.86,3.27,-0.31
11.199096459895372,31.85,3.27,-0.31
11.20070106908679,31.86,3.28,-0.3
11.202112339437008,31.86,3.28,-0.31
11.203658737242222,31.86,3.27,-0.31
11.205130003392696,31.84,3.28,-0.31
11.20651301369071,31.84,3.28,-0.31
11.208071041852236,31.84,3.28,-0.31
11.209497053176165,31.85,3.28,-0.3
11.211027186363935,31.85,3.28,-0.31
11.212455660104752,31.85,3.28,-0.31
11.213910803198814,31.86,3.28,-0.31
11.215482346713543,31.85,3.27,-0.31
11.216912686824799,31.85,3.28,-0.3
11.218454696238041,31.86,3.28,-0.31
11.219800505787134,31.85,3.28,-0.31
11.221360001713037,31.85,3.27,-0.31
11.222887463867664,31.85,3.27,-0.31
11.224366199225187,31.86,3.27,-0.31
11.225839257240295,31.86,3.28,-0.3
11.227238960564137,31.87,3.28,-0.31
11.22881518676877,31.86,3.27,-0.31
11.230232641100883,31.87,3.28,-0.3
11.231772117316723,31.86,3.28,-0.31
11.233224537223577,31.86,3.27,-0.31
11.234496481716633,31.86,3.28,-0.31
11.236192807555199,31.86,3.28,-0.31
11.2390879355371,31.86,3.28,-0.31
11.241912990808487,31.86,3.28,-0.31
11.245062224566936,31.86,3.28,-0.31
11.247905690222979,31.85,3.28,-0.31
11.250894099473953,31.86,3.28,-0.31
11.253844417631626,31.85,3.27,-0.31
11.256700448691845,31.86,3.27,-0.31
11.259773410856724,31.86,3.27,-0.31
11.262667685747147,31.86,3.27,-0.31
11.26567493379116,31.86,3.27,-0.31
11.268536619842052,31.86,3.27,-0.31
11.271629139780998,31.86,3.27,-0.31
11.274595499038696,31.85,3.27,-0.31
11.277533821761608,31.86,3.27,-0.31
11.280524406582117,31.85,3.27,-0.31
11.283280983567238,31.86,3.27,-0.31
11.286441195756197,31.86,3.27,-0.31
11.28923188522458,31.86,3.27,-0.31
11.292328037321568,31.87,3.28,-0.31
11.295305106788874,31.85,3.27,-0.31
11.29828330874443,31.85,3.27,-0.31
11.30124543979764,31.86,3.27,-0.31
11.304003909230232,31.86,3.27,-0.31
11.307080838829279,31.86,3.27,-0.31
11.310120668262243,31.85,3.27,-0.31
11.313088908791542,31.85,3.27,-0.31
11.315875872969627,31.86,3.27,-0.31
11.319011893123388,31.86,3.27,-0.31
11.321787126362324,31.86,3.27,-0.31
11.324777942150831,31.86,3.27,-0.31
11.327733494341373,31.85,3.27,-0.31
11.33077947050333,31.86,3.27,-0.3
11.333577692508698,31.85,3.27,-0.31
11.335286982357502,-773.92,3.27,-0.31
11.344116672873497,31.85,-120.56,-0.31
11.345645006746054,31.85,-120.56,-0.31
11.347060456871986,31.86,-120.56,-0.31
11.34854656457901,31.86,-120.56,-0.31
11.35007705166936,31.86,-120.56,-0.31
11.351353846490383,31.86,-120.56,-0.31
11.353011175990105,31.87,-120.56,-0.31
11.35428898781538,31.87,-120.56,-0.31
11.355988178402185,31.86,-120.56,-0.31
11.35726547986269,31.86,-120.56,-0.31
11.358937367796898,31.86,-120.56,-0.31
11.360428892076015,31.87,-120.55,-0.31
11.361892603337765,31.86,-120.55,-0.31
11.363388508558273,31.86,-120.56,-0.31
11.364865973591805,31.86,-120.55,-0.31
11.366347454488277,31.86,-120.55,-0.31
11.367811620235443,31.85,-120.55,-0.31
11.369306903332472,31.85,-120.55,-0.31
11.370761413127184,31.86,-120.55,-0.31
11.372244786471128,31.85,-120.55,-0.31
11.373541127890348,31.85,-120.55,-0.31
11.375206552445889,31.85,-120.55,-0.31
11.383925378322601,31.85,3.28,-0.31
11.385396908968687,31.85,3.28,-0.31
11.387033712118864,31.85,3.28,-0.31
11.38852259516716,31.86,3.28,-0.31
11.389848381280899,31.86,3.28,-0.31
11.391433089971542,31.86,3.28,-0.31
11.392960343509912,31.86,3.28,-0.31
11.39441929385066,31.86,3.28,-0.31
11.3959083519876,31.86,3.28,-0.31
11.397397119551897,31.86,3.28,-0.31
11.398819733411074,31.86,3.28,-0.31
11.40020926296711,31.86,3.28,-0.31
11.401785001158714,31.85,3.28,-0.31
11.403248954564333,31.86,3.28,-0.31
11.4047920294106,31.86,3.28,-0.31
11.406171340495348,31.86,3.28,-0.31
11.407701842486858,31.86,3.28,-0.31
11.409004494547844,31.86,3.29,-0.31
11.410635732114315,31.85,3.28,-0.31
11.412046890705824,31.85,3.28,-0.31
11.413670621812344,31.86,3.28,-0.31
11.416602775454521,31.86,3.28,-0.31
11.41957776620984,31.86,3.28,-0.31
11.422320254147053,31.86,3.28,-0.31
11.42524741217494,31.86,3.28,-0.31
11.428452990949154,31.86,3.28,-0.31
11.431193795055151,31.86,3.28,-0.31
11.434298295527697,31.86,3.28,-0.31
11.43727544695139,31.86,3.28,-0.31
11.440278012305498,31.86,3.28,-0.31
11.443242963403463,31.86,3.28,-0.31
11.446183785796165,31.86,3.28,-0.31
11.449146635830402,31.85,3.28,-0.31
11.452095210552216,31.86,3.28,-0.31
11.455014403909445,31.86,3.28,-0.31
11.458025701344013,31.85,3.28,-0.31
11.46074464917183,31.86,3.28,-0.31
11.463806446641684,31.86,3.29,-0.31
11.465426709502935,31.86,3.29,-0.31
11.466903120279312,31.86,3.29,-0.3
11.468375604599714,31.87,3.28,-0.31
11.469861540943384,31.87,3.28,-0.31
11.471342518925667,31.87,3.28,-0.31
11.47263915091753,31.86,3.28,-0.31
11.474298391491175,31.86,3.28,-0.31
11.475645959377289,31.86,3.28,-0.31
11.477254997938871,31.87,3.28,-0.31
11.478735715150833,31.86,3.28,-0.31
11.480208147317171,31.86,3.28,-0.31
11.481702104210854,31.86,3.28,-0.31
11.48318099975586,31.86,3.28,-0.31
11.484651982784271,31.86,3.28,-0.31
11.48613291606307,31.86,3.28,-0.31
11.487614925950766,31.86,3.28,-0.31
11.489101625978947,31.86,3.28,-0.31
11.490577515214682,31.86,3.28,-0.31
11.491995643824339,31.86,3.28,-0.31
11.493524547666311,31.86,3.28,-0.31
11.495007738471031,31.86,3.28,-0.31
11.49644223600626,31.86,3.28,-0.31
11.497967518866062,31.86,3.28,-0.31
11.499286103993654,31.86,3.28,-0.31
11.500860709697008,31.86,3.28,-0.31
11.50233917310834,31.86,3.28,-0.31
11.503756538033485,31.86,3.28,-0.31
11.505345974117517,31.86,3.28,-0.31
11.50682845711708,31.86,3.28,-0.31
11.508315607905388,31.86,3.28,-0.31
11.509717550128698,31.86,3.28,-0.31
11.511171363294125,31.86,3.28,-0.31
11.512650936841965,31.86,3.28,-0.31
11.515678878873587,31.86,3.28,-0.31
11.518642213195562,31.86,3.28,-0.31
11.521556556224823,31.86,3.28,-0.31
11.524501584470272,31.86,3.28,-0.31
11.52754458785057,31.86,3.28,-0.31
11.530470810830593,31.86,3.28,-0.31
11.533401258289814,31.87,3.28,-0.31
11.536335237324238,31.86,3.28,-0.31
11.539375759661198,31.86,3.28,-0.31
11.542294412851334,31.86,3.28,-0.31
11.545293137431145,31.86,3.28,-0.31
11.548248156905174,31.86,3.28,-0.31
11.55120000988245,31.86,3.28,-0.31
11.554166190326214,31.86,3.28,-0.31
11.557119376957417,31.86,3.28,-0.31
11.559947773814201,31.86,3.28,-0.31
11.563003525137901,31.87,3.28,-0.31
11.565951712429523,31.86,3.28,-0.31
11.568818185478449,31.86,3.28,-0.31
11.571733105927706,31.86,3.28,-0.31
11.574856724590063,31.86,3.29,-0.31
11.577647879719734,31.87,3.28,-0.31
11.580781541764736,31.86,3.28,-0.31
11.583739679306746,31.86,3.28,-0.31
11.586696859449148,31.86,3.28,-0.31
11.589444853365421,31.86,3.28,-0.31
11.590951316058636,-872.34,3.28,-0.31
11.5925986841321,31.87,3.29,-0.31
11.594062853604555,31.86,3.28,-0.31
11.595476143062115,31.86,3.28,-0.31
11.597051322460175,31.86,3.28,-0.31
11.598375368863344,31.86,3.28,-0.31
11.599918361753225,31.87,3.28,-0.31
11.601339638233185,31.86,3.28,-0.31
11.602890357375145,31.86,3.28,-0.31
11.604314461350441,31.86,3.28,-0.31
11.60578004643321,31.86,3.28,-0.31
11.607389982789755,31.87,3.29,-0.31
11.608774274587631,31.86,3.29,-0.31
11.610366702079773,31.86,3.29,-0.31
11.611840032041073,31.86,3.29,-0.31
11.614804606884718,31.86,3.28,-0.31
11.617754936218262,31.87,3.28,-0.31
11.620721261948347,31.86,3.28,-0.31
11.62366570532322,31.86,3.28,-0.31
11.625143136829138,31.85,3.29,-0.31
11.626643858850002,31.85,3.29,-0.31
11.628103163093328,31.86,3.29,-0.31
11.629587233066559,31.86,3.29,-0.31
11.631054174154997,31.86,3.29,-0.31
11.632441747933626,31.86,3.29,-0.31
11.634019777178764,31.86,3.29,-0.31
11.635501395910978,31.86,3.29,-0.31
11.636983647942543,31.87,3.29,-0.31
11.638450112193823,31.86,3.29,-0.31
11.63994525745511,31.86,3.29,-0.31
11.6414295732975,31.86,3.29,-0.31
11.642890512943268,31.86,3.29,-0.31
11.644363284111023,31.86,3.29,-0.31
11.645849987864494,31.86,3.29,-0.31
11.647275041788816,31.86,3.29,-0.31
11.648804266005754,31.86,3.29,-0.31
11.650286953896284,31.86,3.29,-0.31
11.651749327778816,31.86,3.29,-0.32
11.65319810807705,31.85,3.29,-0.31
11.654736705124378,31.85,3.29,-0.31
11.656213194131851,31.85,3.29,-0.31
11.657454561442137,31.85,3.29,-0.31
11.659125350415707,31.86,3.29,-0.31
11.660594001412392,31.86,3.29,-0.31
11.66209839656949,31.85,3.29,-0.31
11.663597881793976,31.85,3.29,-0.31
11.665029890835285,31.85,3.29,-0.31
11.666488628834486,31.86,3.29,-0.31
11.668009340763092,31.86,3.29,-0.31
11.669496208429337,31.85,3.29,-0.31
11.670975916087627,31.85,3.29,-0.31
11.672477699816227,31.85,3.29,-0.31
11.673926964402199,31.86,3.29,-0.31
11.675435166805983,31.85,3.29,-0.31
11.676902309060097,31.85,3.29,-0.31
11.678383566439152,31.85,3.29,-0.31
11.67974442243576,31.85,3.29,-0.31
11.681347973644733,31.86,3.29,-0.31
11.682751007378101,31.86,3.29,-0.31
11.68431270122528,31.86,3.29,-0.31
11.685786116868258,31.86,3.29,-0.31
11.687266692519188,31.86,3.29,-0.31
11.688751682639122,31.86,3.29,-0.31
11.690225422382355,31.86,3.29,-0.31
11.691712021827698,31.86,3.29,-0.31
11.693177536129951,31.86,3.29,-0.31
11.694663397967815,31.85,3.29,-0.31
11.696138996630907,31.85,3.29,-0.31
11.6976223513484,31.85,3.29,-0.31
11.699101217091084,31.85,3.29,-0.31
11.700543005019426,31.85,3.29,-0.31
11.70203897729516,31.85,3.29,-0.31
11.70354326814413,31.86,3.29,-0.31
11.704886496067047,31.85,3.29,-0.31
11.706451792269945,31.86,3.29,-0.31
11.707970533519983,31.86,3.29,-0.31
11.709383685141802,31.86,3.29,-0.31
11.712262459099293,31.86,3.29,-0.31
11.715360388159752,31.86,3.29,-0.31
11.718212351202965,31.85,3.29,-0.31
11.721284352242947,31.86,3.29,-0.31
11.72414581105113,31.86,3.29,-0.31
11.727185975760221,31.86,3.29,-0.31
11.73014460504055,31.86,3.29,-0.31
11.73304084688425,31.86,3.29,-0.31
11.73607300594449,31.86,3.29,-0.31
11.739017456769943,31.86,3.29,-0.31
11.74198729544878,31.86,3.29,-0.31
11.74489612877369,31.86,3.29,-0.31
11.747873444110155,31.86,3.29,-0.31
11.750829111784697,31.86,3.29,-0.31
11.753813184797764,31.85,3.29,-0.31
11.756596941500902,31.86,3.29,-0.31
11.759578712284565,31.86,3.29,-0.31
11.762522034347057,31.87,3.29,-0.31
11.765601094812155,31.86,3.29,-0.31
11.76859438046813,31.87,3.29,-0.31
11.771518517285585,31.86,3.29,-0.31
11.774509761482477,31.86,3.29,-0.31
11.777473364025354,31.86,3.29,-0.31
11.780322562903166,31.86,3.29,-0.31
11.783211842179298,31.86,3.29,-0.31
11.786361582577229,31.86,3.29,-0.31
11.787817504256964,31.86,3.29,-0.31
11.789196610450745,31.86,3.29,-0.31
11.790782496333122,31.86,3.29,-0.31
11.792067673057318,31.86,3.29,-0.31
11.793735809624195,31.86,3.29,-0.31
11.795039009302855,31.86,3.29,-0.31
11.796698920428753,31.86,3.29,-0.31
11.798085261136293,31.86,3.29,-0.31
11.799667604267597,31.86,3.29,-0.31
11.800964165478945,31.86,3.29,-0.31
11.802601721137762,31.86,3.29,-0.31
11.8040926232934,31.86,3.29,-0.31
11.805536791682243,31.86,3.29,-0.31
11.807037483900785,31.86,3.29,-0.31
11.810017582029104,31.86,3.29,-0.31
11.812955282628536,31.86,3.29,-0.31
11.815904948860407,31.86,3.29,-0.31
11.818823467940092,31.86,3.29,-0.31
11.821822963654995,31.87,3.28,-0.31
11.824781764298677,31.86,3.28,-0.31
11.827754404395819,31.86,3.29,-0.31
11.830607458949089,31.86,3.28,-0.31
11.833485659211874,31.87,3.27,-0.3
11.836636241525412,32.09,3.21,-0.31
11.839599035680294,33.27,3.17,-0.32
11.842490367591381,33.16,3.19,-0.3
11.84535252302885,33.1,3.18,-0.31
11.849951356649399,33.05,3.18,-0.31
11.851336318999529,33.04,3.18,-0.3
11.852906461805105,33.03,3.18,-0.3
11.854339800775051,33.03,3.18,-0.32
11.855864997953176,33.0,3.17,-0.32
11.857262268662453,32.99,3.18,-0.3
11.858821135014296,33.01,3.18,-0.32
11.860221412032843,33.01,3.18,-0.32
11.861633103340864,33.03,3.19,-0.32
11.863194264471531,33.05,3.19,-0.32
11.864743076264858,33.06,3.2,-0.31
11.866194136440754,33.08,3.2,-0.31
11.86762835085392,33.09,3.19,-0.31
11.868994049727917,33.09,3.2,-0.31
11.870600145310163,33.11,3.2,-0.31
11.871879130601883,33.11,3.2,-0.31
11.873575076460838,33.12,3.2,-0.31
11.874842938035727,33.12,3.2,-0.31
11.876549877226353,33.12,3.2,-0.3
11.87783470004797,33.13,3.2,-0.31
11.879505980759859,33.12,3.2,-0.31
11.880970500409603,33.11,3.2,-0.31
11.882435973733664,33.11,3.2,-0.31
11.883749425411224,33.1,3.2,-0.31
11.88540942966938,33.1,3.2,-0.31
11.886743474751711,33.1,3.19,-0.31
11.888371605426073,33.11,3.19,-0.31
11.889695879071951,33.11,3.19,-0.31
11.891367636620998,33.11,3.19,-0.31
11.892661239951849,33.11,3.2,-0.3
11.894319742918015,33.11,3.21,-0.31
11.895610243082047,33.09,3.2,-0.32
11.897276021540165,33.07,3.2,-0.31
11.898744203150272,33.07,3.21,-0.31
11.90013112872839,33.06,3.21,-0.31
11.90157214552164,33.05,3.21,-0.31
11.902997132390738,33.06,3.21,-0.31
11.904660984873772,33.06,3.21,-0.31
11.90602096170187,33.05,3.21,-0.31
11.907622653990984,33.06,3.21,-0.31
11.910564411431551,33.05,3.21,-0.31
11.913426540791988,33.05,3.21,-0.31
11.916377320885658,33.05,3.21,-0.31
11.91942773014307,33.04,3.21,-0.31
11.922296799719334,33.04,3.21,-0.31
11.925256501883268,33.04,3.21,-0.31
11.928294017910957,33.03,3.21,-0.31
11.9311931617558,33.03,3.21,-0.31
11.934149026870728,33.03,3.21,-0.31
11.937098544090986,33.02,3.21,-0.31
11.940166849642992,33.02,3.21,-0.31
11.943044304847717,33.02,3.21,-0.31
11.94608823210001,33.02,3.21,-0.31
11.94744472950697,33.01,3.21,-0.31
11.949039407074451,33.02,3.21,-0.31
11.950512018054724,33.02,3.21,-0.31
11.9519052952528,33.02,3.21,-0.31
11.953445322811604,33.01,3.21,-0.31
11.954884365200996,33.01,3.21,-0.31
11.956439025700092,33.01,3.21,-0.31
11.957854721695185,33.01,3.21,-0.31
11.959392178803682,33.01,3.22,-0.31
11.960850041359663,33.01,3.22,-0.31
11.962351389229298,33.01,3.22,-0.31
11.963745683431625,33.01,3.22,-0.31
11.965303987264633,33.0,3.22,-0.31
11.966698694974184,33.0,3.22,-0.31
11.968172438442707,33.0,3.22,-0.31
11.96975227072835,33.0,3.22,-0.31
11.971175458282232,32.99,3.22,-0.31
11.972456764429808,33.0,3.22,-0.31
11.97411097586155,32.99,3.22,-0.31
11.975438434630632,32.99,3.22,-0.31
11.97707487270236,33.0,3.22,-0.31
11.978391788899899,33.0,3.22,-0.31
11.980083305388689,32.99,3.22,-0.31
11.981342572718859,33.0,3.22,-0.31
11.98281268402934,32.99,3.22,-0.32
11.984525132924318,32.99,3.22,-0.31
11.985995758324862,32.99,3.22,-0.31
11.987476449459791,33.0,3.23,-0.31
11.9887636564672,32.98,3.22,-0.31
11.990420300513506,32.99,3.23,-0.31
11.99172267690301,32.99,3.23,-0.31
11.99338199943304,32.99,3.23,-0.31
11.994672760367393,32.98,3.23,-0.31
11.996353071182966,32.99,3.23,-0.31
11.997827153652906,32.98,3.23,-0.31
11.999271519482136,32.98,3.23,-0.31
12.000787150114775,32.99,3.23,-0.31
12.002282097935677,32.98,3.23,-0.31
12.00375834107399,32.98,3.23,-0.31
12.005049522966146,32.98,3.23,-0.31
12.008044343441725,32.98,3.23,-0.31
12.011164043098688,32.98,3.23,-0.31
12.01394097507,32.98,3.23,-0.31
12.016921054571867,32.98,3.23,-0.31
12.019908864051104,32.97,3.23,-0.31
12.02284287661314,32.97,3.23,-0.31
12.025756910443306,32.97,3.23,-0.31
12.02866592258215,32.97,3.24,-0.31
12.031729314476252,32.97,3.23,-0.31
12.034782253205776,32.97,3.23,-0.31
12.037666127085686,32.97,3.23,-0.31
12.04063244909048,32.97,3.24,-0.31
12.04359757900238,32.96,3.24,-0.31
12.046547193080187,32.96,3.23,-0.31
12.049581315368414,32.96,3.24,-0.31
12.052480969578028,32.96,3.24,-0.31
12.055446367710829,32.95,3.24,-0.31
12.058433387428522,32.96,3.24,-0.31
12.061345621943474,32.94,3.23,-0.31
12.064166992902756,32.93,3.24,-0.3
12.067286729812622,32.91,3.24,-0.31
12.070268630981445,32.91,3.24,-0.31
12.073075041174889,32.91,3.24,-0.31
12.076209146529436,32.91,3.24,-0.31
12.079038374125957,32.91,3.24,-0.31
12.082106556743383,32.91,3.24,-0.31
12.08489179611206,32.9,3.24,-0.31
12.08804626762867,32.91,3.24,-0.31
12.09093352034688,32.9,3.24,-0.31
12.09378569200635,32.91,3.24,-0.31
12.09691771492362,32.9,3.23,-0.32
12.09972994402051,32.9,3.23,-0.32
12.102682366967201,32.9,3.24,-0.3
12.104314398020506,32.91,3.24,-0.31
12.107268135994673,32.9,3.24,-0.31
12.10858603194356,32.9,3.25,-0.31
12.110224694013596,32.9,3.25,-0.31
12.111697904765606,32.9,3.25,-0.31
12.113192539662123,32.9,3.25,-0.31
12.114474289119244,32.9,3.24,-0.31
12.116146966814995,32.89,3.25,-0.31
12.117622256278992,32.9,3.25,-0.31
12.119104459881783,32.9,3.25,-0.31
12.120588555932045,32.89,3.25,-0.31
12.121972601860762,32.89,3.25,-0.31
12.123364202678204,32.89,3.25,-0.31
12.125023290514946,32.89,3.25,-0.31
12.126498486846685,32.89,3.25,-0.31
12.1279885917902,32.89,3.24,-0.31
12.129461862146854,32.89,3.24,-0.31
12.130944810807705,32.89,3.25,-0.31
12.13242258504033,32.89,3.25,-0.31
12.133884638547897,32.89,3.24,-0.31
12.135385680943727,32.89,3.24,-0.31
12.136848621070385,32.89,3.24,-0.31
12.13832563906908,32.88,3.24,-0.31
12.139800876379013,32.88,3.24,-0.31
12.14122137054801,32.89,3.25,-0.31
12.142761617898941,32.89,3.24,-0.31
12.14424304664135,32.89,3.24,-0.31
12.145615350455046,32.89,3.24,-0.31
12.147201232612133,32.89,3.24,-0.31
12.148681912571192,32.88,3.24,-0.31
12.15015958622098,32.88,3.24,-0.31
12.15151110291481,32.88,3.24,-0.31
12.153111815452576,32.88,3.24,-0.31
12.154507666826248,32.88,3.24,-0.31
12.15607587248087,32.88,3.24,-0.31
12.157561630010605,32.88,3.24,-0.31
12.159040179103613,32.88,3.24,-0.31
12.16052120551467,32.88,3.24,-0.31
12.161991488188505,32.88,3.24,-0.31
12.163449961692095,32.88,3.24,-0.31
12.16490788757801,32.88,3.24,-0.31
12.166363917291164,32.88,3.24,-0.31
12.167860135436058,32.87,3.24,-0.31
12.169360380619764,32.87,3.24,-0.31
12.170854419469833,32.87,3.24,-0.31
12.17228689789772,32.87,3.24,-0.31
12.17382387816906,32.87,3.24,-0.31
12.175255887210369,32.88,3.24,-0.31
12.176737051457167,32.88,3.24,-0.31
12.178219504654408,32.88,3.24,-0.31
12.179703693836927,32.88,3.24,-0.31
12.181193858385086,32.87,3.24,-0.31
12.182626776397228,32.87,3.24,-0.31
12.184148833155632,32.87,3.24,-0.31
12.185627680271864,32.87,3.24,-0.31
12.187147583812475,32.88,3.24,-0.31
12.188466034829617,32.87,3.24,-0.31
12.19008707255125,32.87,3.24,-0.31
12.19156675413251,32.87,3.24,-0.31
12.19299753010273,32.87,3.24,-0.31
12.194330163300037,32.87,3.24,-0.31
12.195965461432934,32.87,3.24,-0.31
12.197447676211596,32.87,3.24,-0.31
12.198961768299341,32.87,3.24,-0.31
12.200445376336575,32.87,3.24,-0.31
12.201927177608013,32.87,3.24,-0.31
12.203406173735857,32.87,3.24,-0.31
12.206160195171833,32.87,3.25,-0.31
12.20931202173233,32.87,3.24,-0.31
12.212268814444542,32.87,3.24,-0.31
12.215232331305742,32.87,3.24,-0.31
12.218194305896759,32.87,3.25,-0.31
12.221141204237938,32.86,3.24,-0.31
12.22410349175334,32.87,3.24,-0.31
12.226906582713127,32.87,3.25,-0.31
12.229947030544281,32.88,3.24,-0.31
12.232963606715202,32.87,3.25,-0.31
12.235927633941174,32.87,3.24,-0.31
12.238883465528488,32.86,3.24,-0.31
12.241704277694225,32.86,3.25,-0.31
12.244648315012455,32.86,3.25,-0.31
12.24777477234602,32.86,3.24,-0.31
12.250539176166058,32.86,3.24,-0.31
12.253678489476442,32.86,3.24,-0.31
12.256568629294634,32.86,3.25,-0.31
12.259493559598923,32.86,3.25,-0.31
12.262546885758638,32.86,3.25,-0.31
12.265456426888704,32.86,3.24,-0.31
12.268435582518578,32.85,3.24,-0.31
12.269944667816162,32.86,3.25,-0.31
12.271412901580334,32.86,3.25,-0.31
12.272909194231033,32.86,3.24,-0.31
12.274377156049013,32.86,3.24,-0.31
12.275850661098957,32.85,3.25,-0.31
12.27733575552702,32.86,3.25,-0.31
12.278819005936384,32.86,3.25,-0.31
12.28022675216198,32.86,3.25,-0.31
12.281705878674984,32.86,3.25,-0.31
12.28323469310999,32.85,3.25,-0.31
12.284666888415813,32.86,3.25,-0.31
12.286150142550468,32.86,3.25,-0.31
12.287630826234818,32.85,3.24,-0.31
12.289173372089863,32.85,3.24,-0.31
12.290655553340912,32.86,3.24,-0.31
12.292105536907911,32.86,3.24,-0.31
12.29355525225401,32.86,3.25,-0.31
12.295077078044415,32.85,3.25,-0.31
12.296573210507631,32.85,3.24,-0.31
12.298001319169998,32.85,3.24,-0.31
12.29952296614647,32.85,3.24,-0.31
12.301007237285376,32.85,3.24,-0.31
12.303757436573505,32.85,3.24,-0.31
12.306739158928394,32.86,3.24,-0.31
12.309810519218445,32.85,3.24,-0.31
12.312842272222042,32.86,3.24,-0.31
12.315599892288446,32.85,3.24,-0.31
12.3187424428761,32.85,3.24,-0.31
12.321595638990402,32.85,3.25,-0.31
12.324584271758795,32.85,3.24,-0.31
12.327624309808016,32.85,3.24,-0.31
12.330585844814777,32.85,3.24,-0.31
12.333402037620544,32.85,3.24,-0.31
12.336449846625328,32.85,3.24,-0.31
12.339420892298222,32.85,3.24,-0.31
12.342410199344158,32.85,3.24,-0.31
12.34527039155364,32.85,3.24,-0.31
12.348270788788795,32.85,3.24,-0.31
12.351282950490713,32.85,3.24,-0.31
12.354250989854336,32.84,3.24,-0.31
12.357189677655697,32.85,3.24,-0.31
12.358688853681087,32.85,3.24,-0.31
12.360169880092144,32.85,3.24,-0.31
12.361641447991133,32.85,3.24,-0.31
12.363129656761885,32.85,3.24,-0.31
12.364604521542788,32.85,3.24,-0.31
12.36608336865902,32.84,3.24,-0.31
12.367551948875189,32.85,3.24,-0.31
12.36901318654418,32.85,3.24,-0.31
12.370405700057745,32.85,3.24,-0.31
12.371991977095604,32.84,3.24,-0.32
12.373464807868004,32.83,3.24,-0.31
12.374956335872412,32.84,3.24,-0.31
12.376331329345703,32.83,3.24,-0.31
12.377908017486334,32.84,3.24,-0.31
12.379386376589537,32.84,3.24,-0.31
12.38086922839284,32.83,3.24,-0.31
12.382349524646997,32.84,3.24,-0.31
12.383735869079828,32.85,3.24,-0.31
12.385308422148228,32.84,3.24,-0.31
12.386731412261724,32.85,3.24,-0.31
12.38826822116971,32.85,3.24,-0.31
12.389664098620415,32.84,3.24,-0.31
12.391218584030867,32.84,3.25,-0.31
12.392708636820316,32.84,3.24,-0.31
12.394178822636604,32.84,3.24,-0.31
12.39566395431757,32.84,3.24,-0.31
12.397138565778732,32.84,3.24,-0.31
12.398613102734089,32.83,3.24,-0.31
12.400093864649534,32.84,3.25,-0.31
12.403031934052706,32.84,3.24,-0.31
12.406003028154373,32.84,3.24,-0.31
12.408970318734646,32.84,3.24,-0.31
12.411929562687874,32.84,3.24,-0.31
12.41488054022193,32.84,3.24,-0.31
12.417848382145166,32.84,3.24,-0.31
12.420781448483467,32.84,3.24,-0.31
12.423762202262878,32.84,3.24,-0.31
12.42670639231801,32.84,3.24,-0.31
12.428201206028461,32.84,3.24,-0.31
12.429663892835379,32.84,3.24,-0.31
12.431143302470446,32.84,3.24,-0.31
12.432624261826277,32.84,3.24,-0.31
12.434127248823643,32.84,3.24,-0.31
12.435596212744713,32.84,3.25,-0.31
12.437069423496723,32.84,3.24,-0.31
12.438550192862749,32.84,3.24,-0.31
12.440036661922932,32.84,3.24,-0.31
12.441339779645205,32.84,3.24,-0.31
12.44298729300499,32.84,3.24,-0.31
12.444308627396822,32.83,3.24,-0.31
12.445946890860796,32.83,3.24,-0.31
12.44741990044713,32.83,3.24,-0.31
12.44889147207141,32.84,3.24,-0.31
12.450375195592642,32.84,3.25,-0.31
12.451731767505407,32.83,3.24,-0.31
12.453330226242542,32.83,3.24,-0.31
12.454817242920399,32.83,3.24,-0.31
12.456200562417507,32.83,3.24,-0.31
12.457746885716915,32.83,3.24,-0.31
12.459141697734594,32.83,3.24,-0.31
12.460637860000134,32.83,3.24,-0.31
12.462215635925531,32.84,3.24,-0.31
12.463562212884426,32.84,3.24,-0.31
12.465063508599997,32.83,3.24,-0.31
12.466554120182991,32.83,3.25,-0.31
12.468113865703344,32.83,3.25,-0.31
12.469527211040258,32.83,3.24,-0.31
12.471006728708744,32.82,3.24,-0.31
12.472498271614313,32.82,3.24,-0.31
12.473968513309956,32.82,3.24,-0.31
12.475463829934597,32.82,3.24,-0.31
12.476920928806067,32.82,3.25,-0.31
12.478460870683193,32.82,3.24,-0.31
12.479849129915237,32.82,3.24,-0.31
12.48144493997097,32.81,3.24,-0.31
12.482832945883274,32.81,3.24,-0.31
12.484372042119503,32.82,3.25,-0.31
12.485815849155188,32.82,3.25,-0.31
12.487354572862387,32.82,3.25,-0.31
12.48878264427185,32.81,3.25,-0.31
12.490302965044975,32.81,3.25,-0.31
12.491806849837303,32.81,3.24,-0.31
12.493265565484762,32.81,3.25,-0.31
12.49474297836423,32.81,3.25,-0.31
12.496237318962812,32.81,3.24,-0.31
12.497704900801182,32.8,3.25,-0.31
12.499037824571133,32.8,3.25,-0.31
12.502157170325518,32.8,3.25,-0.31
12.50506841763854,32.8,3.25,-0.31
12.507864374667406,32.8,3.25,-0.31
12.511006355285645,32.79,3.25,-0.31
12.51388669013977,32.79,3.25,-0.31
12.516935892403126,32.79,3.25,-0.31
12.51983805373311,32.8,3.25,-0.31
12.522774025797844,32.79,3.25,-0.31
12.525809224694967,32.79,3.25,-0.31
12.528583239763975,32.79,3.25,-0.31
12.531695183366537,32.79,3.25,-0.31
12.534617152065039,32.79,3.25,-0.31
12.537582587450743,32.79,3.25,-0.32
12.540503457188606,32.79,3.25,-0.31
12.543555658310652,32.79,3.25,-0.31
12.546502500772476,32.79,3.25,-0.31
12.549395341426134,32.79,3.25,-0.31
12.552350386977196,32.78,3.25,-0.31
12.555313512682915,32.79,3.25,-0.31
12.558244578540325,32.79,3.25,-0.31
12.561299242079258,32.79,3.25,-0.31
12.564227394759655,32.8,3.25,-0.31
12.567179169505835,32.79,3.25,-0.31
12.570171386003494,32.79,3.25,-0.31
12.573032189160585,32.8,3.25,-0.31
12.576011553406715,32.79,3.25,-0.31
12.579037819057703,32.79,3.25,-0.31
12.582003973424435,32.79,3.25,-0.31
12.584902208298445,32.79,3.25,-0.31
12.587918777018785,32.79,3.25,-0.31
12.589319720864296,32.79,3.25,-0.31
12.590837579220533,32.79,3.25,-0.31
12.592349734157324,32.79,3.25,-0.31
12.593775104731321,32.79,3.25,-0.31
12.595301356166601,32.79,3.25,-0.31
12.596791483461857,32.79,3.25,-0.31
12.59974192455411,32.78,3.25,-0.31
12.602662868797779,32.79,3.25,-0.31
12.6056407392025,32.78,3.25,-0.31
12.60850340127945,32.79,3.25,-0.31
12.611586198210716,32.79,3.25,-0.31
12.614531014114618,32.78,3.25,-0.31
12.61602745205164,32.79,3.25,-0.31
12.61749305948615,32.79,3.25,-0.31
12.618979819118977,32.79,3.25,-0.31
12.62046193704009,32.79,3.25,-0.31
12.621851444244385,32.79,3.25,-0.31
12.623400583863258,32.79,3.25,-0.31
12.624757498502731,32.79,3.25,-0.31
12.626379318535328,32.79,3.25,-0.31
12.62785255163908,32.79,3.25,-0.31
12.629301004111767,32.79,3.25,-0.31
12.63080259412527,32.79,3.25,-0.31
12.632285304367542,32.78,3.25,-0.31
12.633762929588556,32.78,3.25,-0.31
12.635237354785204,32.78,3.25,-0.31
12.636720962822437,32.79,3.25,-0.31
12.638185825198889,32.79,3.25,-0.31
12.63966777920723,32.78,3.25,-0.31
12.64116707071662,32.78,3.25,-0.31
12.642534878104925,32.79,3.25,-0.31
12.644126504659653,32.79,3.25,-0.31
12.645608000457287,32.79,3.25,-0.31
12.647080082446337,32.79,3.25,-0.31
12.6485511995852,32.78,3.25,-0.31
12.650041151791811,32.78,3.25,-0.31
12.651517506688833,32.79,3.25,-0.31
12.652997598052025,32.79,3.25,-0.31
12.654480695724487,32.79,3.25,-0.31
12.655953250825405,32.78,3.25,-0.31
12.657397624105215,32.78,3.25,-0.31
12.658909991383553,32.78,3.25,-0.31
12.660383500158787,32.78,3.25,-0.31
12.661878265440464,32.79,3.25,-0.31
12.663354370743036,32.78,3.25,-0.31
12.664664786309004,32.79,3.25,-0.31
12.666299071162939,32.78,3.25,-0.31
12.667784381657839,32.79,3.25,-0.31
12.669261332601309,32.79,3.25,-0.31
12.670638501644135,32.78,3.25,-0.31
12.672221165150404,32.78,3.25,-0.31
12.673700701445341,32.78,3.25,-0.31
12.675180777907372,32.78,3.25,-0.31
12.676663439720869,32.78,3.25,-0.31
12.678130835294724,32.79,3.25,-0.31
12.679621618241072,32.78,3.25,-0.31
12.681099969893694,32.78,3.25,-0.31
12.682572949677706,32.78,3.25,-0.31
12.684043142944574,32.78,3.25,-0.31
12.685530174523592,32.78,3.25,-0.31
12.686900708824396,32.78,3.25,-0.31
12.688492264598608,32.78,3.25,-0.31
12.689880579710007,32.78,3.25,-0.31
12.691398449242115,32.78,3.25,-0.31
12.692827343940735,32.78,3.25,-0.31
12.694373913109303,32.78,3.25,-0.31
12.69588116183877,32.78,3.25,-0.31
12.698836755007505,32.78,3.25,-0.31
12.70180494710803,32.78,3.25,-0.31
12.704757891595364,32.78,3.24,-0.31
12.707709290087223,32.78,3.25,-0.31
12.71067388355732,32.78,3.25,-0.31
12.71363990753889,32.78,3.25,-0.31
12.716479040682316,32.78,3.25,-0.31
12.719517927616835,32.78,3.25,-0.31
12.72250585258007,32.78,3.25,-0.31
12.725463207811117,32.78,3.25,-0.31
12.72842162847519,32.78,3.25,-0.31
12.731372274458408,32.78,3.25,-0.31
12.73435178026557,32.78,3.25,-0.31
12.737258851528168,32.78,3.25,-0.31
12.740254856646061,32.78,3.25,-0.31
12.743215765804052,32.78,3.25,-0.31
12.74615778401494,32.78,3.25,-0.31
12.74900958687067,32.78,3.25,-0.31
12.750615205615759,32.78,3.25,-0.31
12.751902028918266,32.78,3.25,-0.31
12.753556713461876,32.78,3.25,-0.31
12.75487070530653,32.78,3.24,-0.31
12.756540317088366,32.78,3.24,-0.31
12.75800233706832,32.78,3.24,-0.31
12.759436048567295,32.78,3.24,-0.31
12.760802090168,32.78,3.24,-0.31
12.762439109385014,32.78,3.24,-0.31
12.763795088976622,32.78,3.24,-0.31
12.7653573974967,32.78,3.24,-0.31
12.766713798046112,32.78,3.25,-0.31
12.768319595605135,32.78,3.25,-0.31
12.769678454846144,32.78,3.24,-0.31
12.77130438387394,32.78,3.25,-0.31
12.772719524800777,32.78,3.25,-0.31
12.77417765185237,32.78,3.24,-0.31
12.775609508156776,32.78,3.24,-0.31
12.777119304984808,32.78,3.24,-0.31
12.778571758419275,32.78,3.25,-0.31
12.780079193413258,32.77,3.24,-0.31
12.781556136906147,32.77,3.24,-0.31
12.783137761056423,32.77,3.24,-0.31
12.784538101404905,32.77,3.25,-0.31
12.786001525819302,32.77,3.24,-0.31
12.787581071257591,32.77,3.24,-0.31
12.789048574864864,32.77,3.25,-0.31
12.79047267138958,32.77,3.25,-0.31
12.79193438962102,32.77,3.25,-0.31
12.793497614562511,32.77,3.25,-0.31
12.794977955520153,32.78,-315.13,-0.31
12.79782598093152,32.78,3.25,-0.31
12.800829138606787,32.76,3.24,-0.32
12.803783893585205,32.77,3.25,-0.31
12.80672424659133,32.77,3.25,-0.31
12.80964245647192,32.77,3.25,-0.31
12.812719132751226,32.78,3.25,-0.31
12.815683141350746,32.79,3.25,-0.31
12.818637173622847,32.78,3.25,-0.31
12.821589577943087,32.77,3.25,-0.31
12.824320487678051,32.78,3.25,-0.31
12.827508077025414,32.77,3.25,-0.31
12.830465324223042,32.76,3.25,-0.31
12.833271514624357,32.77,3.25,-0.31
12.836296882480383,32.77,3.25,-0.31
12.839154049754143,32.77,3.25,-0.31
12.842297445982695,32.76,3.25,-0.31
12.845056515187025,32.77,3.25,-0.31
12.848096687346697,32.76,3.25,-0.31
12.851167410612106,32.76,3.25,-0.3
12.854131668806076,32.76,3.25,-0.31
12.857063245028257,32.76,3.25,-0.31
12.86006261780858,32.77,3.25,-0.31
12.86287447437644,32.77,3.25,-0.31
12.865962855517864,32.76,3.25,-0.31
12.86890110000968,32.76,3.25,-0.31
12.871762081980705,32.76,3.25,-0.31
12.873348265886307,32.77,3.25,-0.31
12.874837961047888,32.76,3.25,-0.31
12.876325786113739,32.77,3.25,-0.31
12.877797055989504,32.76,3.25,-0.31
12.879297465085983,32.76,3.25,-0.31
12.880606684833765,32.77,3.25,-0.31
12.882166527211666,32.76,3.25,-0.31
12.88369857892394,32.76,3.25,-0.31
12.885074783116579,32.77,3.25,-0.31
12.88655823096633,32.76,3.25,-0.31
12.888026028871536,32.76,3.25,-0.31
12.889531642198563,32.77,3.25,-0.31
12.891046240925789,32.77,3.25,-0.31
12.892491266131401,32.77,3.25,-0.31
12.893982045352459,32.77,3.25,-0.31
12.89693445712328,32.77,3.25,-0.31
12.899953600019217,32.77,3.25,-0.31
12.902708522975445,32.76,3.25,-0.31
12.905872505158186,32.76,3.25,-0.31
12.908736441284418,32.76,3.25,-0.31
12.910255707800388,32.76,3.25,-0.31
12.911701273173094,32.76,3.25,-0.31
12.913280837237835,32.76,3.25,-0.31
12.914769813418388,32.77,3.25,-0.31
12.916247144341469,32.77,3.25,-0.31
12.917708788067102,32.77,3.25,-0.31
12.919190991669893,32.76,3.25,-0.31
12.920599352568388,32.76,3.25,-0.31
12.922143615782261,32.76,3.25,-0.31
12.923407059162855,32.76,3.25,-0.31
12.925120908766985,32.76,3.25,-0.31
12.926542717963457,32.77,3.25,-0.31
12.928080946207047,32.77,3.25,-0.31
12.929492004215717,32.76,3.25,-0.31
12.93098384141922,32.76,3.25,-0.31
12.932451602071524,32.76,3.25,-0.31
12.933948926627636,32.76,3.25,-0.31
12.93546063452959,32.77,3.25,-0.31
12.936945009976625,32.77,3.25,-0.31
12.938424654304981,32.77,3.25,-0.31
12.9399080760777,32.77,3.25,-0.31
12.941372901201248,32.76,3.25,-0.31
12.942859567701817,32.77,3.25,-0.31
12.94431697204709,32.77,3.25,-0.31
12.945791732519865,32.77,3.25,-0.31
12.94726900011301,32.77,3.25,-0.31
12.948771454393864,32.77,3.25,-0.31
12.950258560478687,32.77,3.25,-0.31
12.951730873435736,32.76,3.25,-0.31
12.953197076916695,32.76,3.25,-0.31
12.95468982309103,32.77,3.25,-0.31
12.956172060221434,32.77,3.26,-0.31
12.957649182528257,32.78,3.26,-0.3
12.959133729338646,32.77,3.26,-0.31
12.960433393716812,32.75,3.25,-0.32
12.96207520365715,32.75,3.25,-0.31
12.963385954499245,32.76,3.25,-0.31
12.965037200599909,32.76,3.25,-0.31
12.966366972774267,32.76,3.25,-0.31
12.967910967767239,32.77,3.25,-0.31
12.969485305249691,32.77,3.25,-0.31
12.970901980996132,32.77,3.25,-0.31
12.972274333238602,32.77,3.25,-0.31
12.973838813602924,32.76,3.25,-0.31
12.975413016974926,32.76,3.25,-0.31
12.976834159344435,32.77,3.25,-0.31
12.978357560932636,32.76,3.26,-0.31
12.979708570986986,32.76,3.26,-0.31
12.98131151124835,32.76,3.26,-0.31
12.982804115861654,32.76,3.26,-0.31
12.984131950885057,32.76,3.26,-0.31
12.985682979226112,32.76,3.26,-0.31
12.98713943734765,32.76,3.26,-0.31
12.988669492304325,32.76,3.26,-0.31
12.990083176642656,32.76,3.26,-0.31
12.991617303341627,32.76,3.26,-0.31
12.994626104831696,32.76,3.26,-0.31
12.997504904866219,32.76,3.26,-0.31
13.00050139427185,32.76,3.26,-0.31
13.00341947376728,32.76,3.26,-0.31
13.00647883489728,32.76,3.26,-0.31
13.009426109492779,32.76,3.26,-0.31
13.01238039135933,32.76,3.26,-0.31
13.015274852514267,32.76,3.26,-0.31
13.01830305531621,32.76,3.26,-0.31
13.021264750510454,32.76,3.26,-0.31
13.024122595787048,32.75,3.26,-0.31
13.027096521109343,32.75,3.26,-0.31
13.029904592782259,32.76,3.26,-0.31
13.033064492046833,32.76,3.26,-0.31
13.036039374768734,32.76,3.26,-0.31
13.038932472467422,32.75,3.26,-0.31
13.041948184370995,32.75,3.26,-0.31
13.044917333871126,32.76,3.26,-0.31
13.04778665304184,32.76,3.26,-0.31
13.050698786973953,32.76,3.26,-0.31
13.053574319928885,32.75,3.26,-0.31
13.056626543402672,32.75,3.26,-0.31
13.059687003493309,32.76,3.26,-0.31
13.062652513384819,32.76,3.26,-0.31
13.065621625632048,32.75,3.26,-0.31
13.068503893911839,32.75,3.26,-0.31
13.077429588884115,32.75,-120.56,-0.31
13.086256455630064,32.74,3.26,-0.31
13.089217867702246,32.76,3.25,-0.32
13.092228602617979,32.76,3.25,-0.31
13.095049105584621,32.75,3.25,-0.31
13.098112519830465,32.75,3.25,-0.31
13.101020738482475,32.76,3.25,-0.31
13.10402361676097,32.76,3.25,-0.31
13.106924798339605,32.76,3.25,-0.31
13.109891053289175,32.76,3.25,-0.31
13.112868927419186,32.74,3.25,-0.31
13.115897260606289,32.75,3.25,-0.31
13.118835601955652,32.75,3.25,-0.31
13.121813211590052,32.75,3.25,-0.31
13.1247603520751,32.75,3.25,-0.31
13.127661313861609,32.74,3.25,-0.3
13.129153821617365,32.76,3.25,-0.31
13.130695775151253,32.75,3.25,-0.31
13.132157154381275,32.75,3.25,-0.31
13.133607421070337,32.75,3.25,-0.31
13.135100711137056,32.75,3.25,-0.31
13.136566650122404,32.75,3.25,-0.31
13.138045456260443,32.75,3.25,-0.31
13.139526169747114,32.75,3.25,-0.31
13.140992224216461,32.75,3.25,-0.31
13.14248289912939,32.75,3.25,-0.31
13.14400740340352,32.75,3.25,-0.31
13.14544077590108,32.75,3.25,-0.31
13.146971628069878,32.75,3.25,-0.31
13.148437105119228,32.75,3.25,-0.31
13.149902656674385,32.75,3.25,-0.31
13.151415776461363,32.75,3.25,-0.31
13.152882985770702,32.75,3.25,-0.31
13.154318362474442,32.75,3.25,-0.31
13.155782788991928,32.75,3.25,-0.31
13.157093524932861,32.75,3.25,-0.31
13.158747639507055,32.74,3.25,-0.31
13.160271238535643,32.75,3.25,-0.31
13.161745142191648,32.76,3.25,-0.31
13.163223195821047,32.76,3.25,-0.31
13.16470317915082,32.76,3.25,-0.31
13.166176248341799,32.76,3.25,-0.31
13.167647190392017,32.77,3.25,-0.31
13.16912953928113,32.76,3.25,-0.31
13.172089360654354,32.76,3.25,-0.31
13.175054803490639,32.75,3.25,-0.31
13.1780279353261,32.76,3.25,-0.31
13.180978082120419,32.76,3.25,-0.31
13.183944422751665,32.75,3.25,-0.31
13.186658792197704,32.75,3.25,-0.31
13.189846489578485,32.75,3.25,-0.31
13.192808475345373,32.75,3.25,-0.31
13.195761166512966,32.75,3.25,-0.31
13.197253298014402,32.75,3.25,-0.31
13.198724940419197,32.75,3.25,-0.31
13.200075078755617,32.75,3.25,-0.31
13.201677214354277,32.75,3.25,-0.31
13.203155800700188,32.75,3.25,-0.31
13.204631172120571,32.75,3.25,-0.31
13.206109631806612,32.75,3.25,-0.31
13.207582727074623,32.75,3.25,-0.31
13.208969399333,32.75,3.25,-0.31
13.210538405925035,32.75,3.25,-0.31
13.211929358541965,32.75,3.25,-0.31
13.21351845562458,32.74,3.25,-0.31
13.214867055416107,32.75,3.25,-0.31
13.216472670435905,32.75,3.25,-0.31
13.217954982072115,32.74,3.25,-0.31
13.21930692344904,32.75,3.25,-0.31
13.220903918147087,32.74,3.25,-0.31
13.222395166754723,32.74,3.25,-0.31
13.223866559565067,32.75,3.25,-0.31
13.225345935672522,32.75,3.25,-0.31
13.226715471595526,32.75,3.25,-0.31
13.228305947035551,32.75,3.25,-0.31
13.22970586642623,32.75,3.25,-0.31
13.231247916817665,32.75,3.25,-0.31
13.232740387320518,32.75,3.25,-0.31
13.234220068901777,32.75,3.25,-0.31
13.235635694116354,32.75,3.26,-0.31
13.237173099070787,32.76,3.26,-0.31
13.2386504560709,32.75,3.25,-0.32
13.24012703821063,32.75,3.25,-0.32
13.241599597036839,32.75,3.25,-0.32
13.243053764104843,32.74,3.25,-0.31
13.244576126337051,32.75,3.25,-0.31
13.246059961616993,32.75,3.25,-0.31
13.247497964650393,32.74,3.25,-0.32
13.248764172196388,32.74,3.26,-0.31
13.250435277819633,32.74,3.26,-0.32
13.251975294202566,32.74,3.25,-0.32
13.253394600003958,32.75,3.26,-0.31
13.254930019378662,32.76,3.26,-0.31
13.25634977221489,32.75,3.26,-0.31
13.257650397717953,32.75,3.26,-0.31
13.259166717529297,32.75,3.26,-0.31
13.260808683931828,32.75,3.26,-0.31
13.262113627046347,32.75,3.26,-0.31
13.263790488243103,32.75,3.26,-0.31
13.265175968408585,32.75,3.26,-0.31
13.266760800033808,32.75,3.26,-0.31
13.269601441919804,32.75,3.26,-0.31
13.272551443427801,32.75,3.26,-0.31
13.275631058961153,32.75,3.26,-0.32
13.278350736945868,32.75,3.26,-0.31
13.281457431614399,32.75,3.26,-0.31
13.284388087689877,32.75,3.26,-0.32
13.28745238110423,32.75,3.26,-0.31
13.290323805063963,32.75,3.26,-0.31
13.293232642114162,32.75,3.26,-0.32
13.296189442276955,32.75,3.26,-0.31
13.299287170171738,32.75,3.26,-0.31
13.302191987633705,32.75,3.26,-0.31
13.305097296833992,32.75,3.26,-0.31
13.30810932815075,32.74,3.26,-0.31
13.311053950339556,32.75,3.26,-0.31
13.31403337791562,32.74,3.26,-0.31
13.316917300224304,32.74,3.26,-0.31
13.319992884993553,32.74,3.26,-0.31
13.322814665734768,32.74,3.26,-0.31
13.32589403912425,32.74,3.26,-0.31
13.328873548656702,32.74,3.26,-0.31
13.331831358373165,32.74,3.27,-0.31
13.334781996905804,32.75,3.27,-0.31
13.337745424360037,32.75,3.27,-0.31
13.340703815221786,32.75,3.26,-0.32
13.343634206801653,32.75,3.26,-0.31
13.3465341553092,32.75,3.26,-0.31
13.349518056958914,32.74,3.26,-0.31
13.352462131530046,32.75,3.26,-0.31
13.355458457022905,32.75,3.26,-0.31
13.356934640556574,32.75,3.26,-0.31
13.358417365700006,32.75,3.27,-0.31
13.359913539141417,32.75,3.26,-0.31
13.36140726134181,32.75,3.26,-0.31
13.362864643335342,32.75,3.26,-0.31
13.364369746297598,32.75,3.26,-0.31
13.367319464683533,32.75,3.26,-0.31
13.370262037962675,32.75,3.27,-0.31
13.37312712147832,32.75,3.26,-0.31
13.376175835728645,32.75,3.26,-0.31
13.37903493642807,32.75,3.26,-0.31
13.381996888667345,32.75,3.26,-0.31
13.383584272116423,32.75,3.26,-0.31
13.385058004409075,32.75,3.26,-0.32
13.38640372082591,32.74,3.26,-0.31
13.388016000390053,32.76,3.26,-0.31
13.389354310929775,32.75,3.26,-0.31
13.390991639345884,32.75,3.26,-0.31
13.392279010266066,32.75,3.26,-0.32
13.39378497377038,32.74,3.26,-0.31
13.395426984876394,32.75,3.26,-0.31
13.396892242133617,32.75,3.26,-0.32
13.398248564451933,32.75,3.26,-0.31
13.399828165769577,32.77,3.26,-0.31
13.401186149567366,32.75,3.26,-0.32
13.402719426900148,32.74,3.26,-0.31
13.404121525585651,32.75,3.26,-0.31
13.405643112957478,32.76,3.26,-0.31
13.407193791121244,32.76,3.26,-0.31
13.408556155860424,32.75,3.26,-0.32
13.410108782351017,32.74,3.26,-0.31
13.411699868738651,32.76,3.26,-0.31
13.413046352565289,32.75,3.26,-0.31
13.41461607068777,32.76,3.26,-0.31
13.416065204888582,32.74,3.26,-0.32
13.417524963617325,32.75,3.26,-0.31
13.418858408927917,32.75,3.26,-0.31
13.420495919883251,32.76,3.26,-0.31
13.422021728008986,32.74,3.26,-0.31
13.423335418105125,32.74,3.26,-0.31
13.4249183870852,32.75,3.26,-0.31
13.4264907091856,32.74,3.26,-0.31
13.427824944257736,32.75,3.26,-0.31
13.429434321820736,32.75,3.26,-0.31
13.430774420499802,32.75,3.26,-0.31
13.432298399508,32.75,3.26,-0.31
13.433882381767035,32.75,3.26,-0.31
13.435198463499546,32.75,3.26,-0.31
13.436778798699379,32.75,3.26,-0.32
13.438086066395044,32.74,3.26,-0.31
13.439664214849472,32.73,3.27,-0.3
13.441261939704418,32.72,3.25,-0.32
13.442720882594585,32.83,3.24,-0.32
13.444163121283054,32.86,3.24,-0.31
13.445729173719883,32.85,3.24,-0.31
13.44705243781209,32.85,3.24,-0.31
13.44863972067833,32.85,3.25,-0.3
13.450137909501791,32.85,3.24,-0.32
13.451555967330933,32.83,3.23,-0.32
13.452894698828459,32.84,3.24,-0.31
13.454488772898912,32.84,3.23,-0.31
13.456076584756374,32.84,3.24,-0.31
13.457402355968952,32.84,3.24,-0.31
13.459015995264053,32.83,3.24,-0.31
13.460314322263002,32.83,3.23,-0.31
13.46196349337697,32.82,3.23,-0.31
13.463280390948057,32.83,3.23,-0.31
13.46785245090723,32.83,3.23,-0.3
13.470657285302877,32.84,3.23,-0.31
13.473613906651735,32.83,3.23,-0.32
13.476730674505234,32.81,3.23,-0.31
13.479641657322645,32.83,3.23,-0.31
13.482538491487503,32.82,3.23,-0.31
13.485452771186829,32.81,3.24,-0.31
13.488608550280333,32.82,3.24,-0.32
13.491516876965761,32.8,3.23,-0.3
13.494412884116173,32.83,3.24,-0.31
13.49731769412756,32.82,3.23,-0.32
13.50023928284645,32.81,3.23,-0.31
13.503404546529055,32.82,3.23,-0.31
13.5063023455441,32.81,3.23,-0.31
13.509288053959608,32.81,3.23,-0.31
13.51210617646575,32.81,3.23,-0.31
13.514997694641352,32.81,3.23,-0.31
13.518159363418818,32.8,3.23,-0.31
13.519477874040604,32.81,3.23,-0.31
13.521088037639856,32.81,3.23,-0.31
13.522457480430603,32.81,3.23,-0.31
13.523973565548658,32.81,3.24,-0.31
13.525565218180418,32.81,3.24,-0.31
13.526876352727413,32.81,3.23,-0.31
13.528458643704653,32.8,3.23,-0.32
13.529781118035316,32.81,3.23,-0.31
13.531409915536642,32.81,3.23,-0.31
13.532958172261715,32.81,3.23,-0.31
13.534275013953447,32.81,3.23,-0.31
13.535863179713488,32.8,3.23,-0.31
13.537369702011347,32.81,3.23,-0.31
13.538878671824932,32.81,3.23,-0.31
13.540369648486376,32.82,3.23,-0.31
13.541697785258293,32.8,3.23,-0.31
13.543275453150272,32.81,3.23,-0.31
13.544707246124744,32.8,3.23,-0.31
13.546181045472622,32.81,3.23,-0.31
13.547770194709301,32.81,3.23,-0.31
13.549075834453106,32.81,3.23,-0.31
13.550705064088106,32.81,3.23,-0.31
13.551983807235956,32.81,3.23,-0.31
13.553626168519258,32.8,3.23,-0.31
13.555150602012873,32.8,3.23,-0.31
13.556453425437212,32.81,3.23,-0.31
13.558090917766094,32.81,3.23,-0.31
13.559358723461628,32.81,3.23,-0.31
13.56095389649272,32.81,3.23,-0.31
13.56385051086545,32.81,3.23,-0.31
13.566746760159731,32.81,3.23,-0.31
13.569903880357742,32.81,3.23,-0.31
13.572873868048191,32.81,3.23,-0.31
13.575808078050613,32.8,3.23,-0.31
13.578620553016663,32.81,3.23,-0.31
13.581614919006824,32.81,3.23,-0.31
13.584700487554073,32.81,3.23,-0.31
13.587607510387897,32.8,3.23,-0.31
13.590526804327965,32.81,3.23,-0.31
13.59343409538269,32.81,3.23,-0.31
13.596519403159618,32.8,3.23,-0.31
13.59952250123024,32.81,3.23,-0.31
13.602407079190016,32.81,3.23,-0.31
13.605288352817297,32.81,3.23,-0.31
13.608218602836132,32.81,3.23,-0.31
13.611102931201458,32.81,3.23,-0.31
13.614254046231508,32.81,3.23,-0.31
13.617150094360113,32.81,3.23,-0.31
13.620181009173393,32.8,3.23,-0.31
13.622962541878223,32.81,3.23,-0.31
13.626121543347836,32.8,3.23,-0.31
13.629041116684675,32.8,3.23,-0.31
13.631937425583601,32.81,3.23,-0.31
13.634939931333065,32.8,3.23,-0.31
13.636420525610447,32.8,3.23,-0.31
13.637744944542646,32.8,3.23,-0.31
13.639336999505758,32.8,3.23,-0.31
13.640918493270874,32.8,3.23,-0.31
13.642242956906557,32.8,3.23,-0.31
13.643820874392986,32.8,3.23,-0.31
13.64512700587511,32.8,3.23,-0.31
13.646704126149416,32.8,3.23,-0.31
13.648301873356104,32.8,3.23,-0.31
13.649608433246613,32.8,3.23,-0.31
13.65119918808341,32.8,3.23,-0.31
13.652535159140825,32.8,3.23,-0.31
13.654097564518452,32.81,3.23,-0.31
13.655672926455736,32.8,3.23,-0.31
13.656996317207813,32.8,3.22,-0.31
13.658576112240553,32.81,3.23,-0.31
13.659990347921848,32.8,3.22,-0.31
13.6630969196558,32.8,3.22,-0.31
13.666059531271458,32.8,3.22,-0.31
13.668935868889093,32.8,3.21,-0.31
13.671837404370308,32.81,3.19,-0.31
13.67478208616376,32.81,3.18,-0.31
13.677894122898579,32.81,3.22,-0.31
13.679212596267462,32.79,3.22,-0.31
13.680788528174162,32.78,3.22,-0.31
13.682100381702185,32.79,3.21,-0.31
13.683681219816208,32.8,3.2,-0.31
13.685255903750658,32.81,3.19,-0.31
13.686722297221422,32.81,3.18,-0.31
13.688158866018057,32.82,3.16,-0.31
13.689736243337393,32.83,3.15,-0.31
13.691111277788877,32.82,3.17,-0.31
13.692641571164131,32.81,3.19,-0.31
13.693958539515734,32.8,3.19,-0.31
13.695549562573433,32.8,3.19,-0.31
13.69713244959712,32.8,3.19,-0.31
13.698462717235088,32.8,3.19,-0.31
13.700066700577736,32.8,3.19,-0.31
13.701375223696232,32.8,3.19,-0.31
13.70295836776495,32.8,3.19,-0.31
13.704525612294674,32.8,3.19,-0.31
13.70585411787033,32.8,3.19,-0.31
13.70743901655078,32.79,3.19,-0.31
13.708797089755535,32.79,3.19,-0.31
13.710347767919302,32.79,3.2,-0.31
13.711778067052364,32.79,3.2,-0.31
13.71324771642685,32.78,3.21,-0.31
13.71483789011836,32.78,3.21,-0.31
13.716158896684647,32.77,3.21,-0.31
13.717759560793638,32.78,3.21,-0.31
13.719077374786139,32.78,3.21,-0.31
13.720766115933657,32.78,3.21,-0.31
13.72225871309638,32.78,3.21,-0.31
13.723589282482862,32.78,3.22,-0.31
13.725220751017332,32.78,3.21,-0.31
13.726504612714052,32.78,3.21,-0.31
13.728137884289026,32.78,3.21,-0.31
13.729428365826607,32.78,3.21,-0.31
13.731039553880692,32.78,3.21,-0.31
13.732611387968063,32.78,3.21,-0.31
13.73391279950738,32.78,3.21,-0.31
13.73549547046423,32.78,3.21,-0.31
13.73681714758277,32.78,3.21,-0.31
13.73848982900381,32.78,3.21,-0.31
13.73995991051197,32.78,3.21,-0.31
13.741290386766195,32.78,3.21,-0.31
13.742873772978783,32.78,3.21,-0.31
13.7442112788558,32.78,3.21,-0.31
13.745789252221584,32.78,3.21,-0.31
13.747363347560167,32.78,3.21,-0.31
13.74867219477892,32.78,3.21,-0.31
13.750259030610323,32.78,3.21,-0.31
13.751851942390203,32.78,3.21,-0.31
13.753173138946295,32.78,3.21,-0.31
13.754789508879185,32.78,3.21,-0.31
13.756068360060453,32.78,3.21,-0.31
13.757677949965,32.78,3.21,-0.31
13.760565888136625,32.78,3.21,-0.31
13.763553228229284,32.78,3.21,-0.32
13.766624476760626,32.78,3.21,-0.31
13.76952239125967,32.78,3.21,-0.31
13.772443879395723,32.78,3.21,-0.31
13.775467533618212,32.78,3.21,-0.31
13.778447084128857,32.78,3.21,-0.31
13.781407624483109,32.78,3.21,-0.31
13.78436329588294,32.78,3.21,-0.31
13.787272147834301,32.79,3.21,-0.31
13.790295470505953,32.78,3.21,-0.31
13.793128438293934,32.78,3.21,-0.31
13.795980796217918,32.78,3.21,-0.31
13.799138743430376,32.77,3.21,-0.31
13.802048400044441,32.78,3.21,-0.31
13.804976798593998,32.78,3.21,-0.31
13.807927120476961,32.77,3.21,-0.31
13.810781851410866,32.78,3.21,-0.31
13.813951440155506,32.78,3.21,-0.31
13.816824242472649,32.78,3.2,-0.31
13.81986591219902,32.78,3.21,-0.31
13.822636600583792,32.77,3.21,-0.31
13.825541365891695,32.78,3.2,-0.31
13.828716084361076,32.78,3.2,-0.31
13.831592656672,32.77,3.2,-0.31
13.834488540887833,32.78,3.2,-0.31
13.837628990411758,32.78,3.21,-0.31
13.83895854279399,32.78,3.21,-0.31
13.840571034699678,32.78,3.21,-0.31
13.842018276453018,32.78,3.21,-0.31
13.84342273324728,32.78,3.2,-0.31
13.844991561025381,32.78,3.21,-0.31
13.846295353025198,32.78,3.2,-0.31
13.847876038402319,32.78,3.21,-0.31
13.84919784963131,32.78,3.21,-0.31
13.850869994610548,32.78,3.2,-0.31
13.852398257702589,32.78,3.2,-0.31
13.853761542588472,32.78,3.2,-0.31
13.855271808803082,32.78,3.2,-0.31
13.85819661617279,32.78,3.2,-0.31
13.861098423600197,32.78,3.2,-0.31
13.864241730421782,32.78,3.2,-0.31
13.867161333560944,32.78,3.2,-0.31
13.870133649557829,32.78,3.2,-0.31
13.873065166175365,32.78,3.2,-0.31
13.875980589538813,32.77,3.2,-0.31
13.878904096782207,32.77,3.2,-0.31
13.881817936897278,32.77,3.2,-0.31
13.88475914299488,32.78,3.2,-0.31
13.887881647795439,32.78,3.2,-0.31
13.889334477484226,32.78,3.2,-0.31
13.890793487429619,32.77,3.2,-0.31
13.892187662422657,32.77,3.2,-0.31
13.893770098686218,32.77,3.21,-0.31
13.8952447026968,32.77,3.2,-0.31
13.896738536655903,32.78,3.2,-0.31
13.898160953074694,32.78,3.2,-0.31
13.899735629558563,32.78,3.2,-0.31
13.901158269494772,32.77,3.2,-0.31
13.902682717889547,32.77,3.2,-0.31
13.904065147042274,32.77,3.2,-0.31
13.90560107678175,32.78,3.2,-0.31
13.907117929309607,32.77,3.2,-0.31
13.90859941393137,32.77,3.2,-0.31
13.910032853484154,32.77,3.2,-0.31
13.911511555314064,32.77,3.2,-0.31
13.9130395129323,32.78,3.2,-0.31
13.914370883256197,32.77,3.2,-0.31
13.91593699902296,32.77,3.2,-0.31
13.917258322238922,32.77,3.2,-0.31
13.918901808559895,32.77,3.2,-0.31
13.920417331159115,32.78,3.2,-0.31
13.921780060976744,32.77,3.2,-0.31
13.92333610355854,32.77,3.2,-0.31
13.92465653270483,32.77,3.2,-0.31
13.926241178065538,32.77,3.2,-0.31
13.927824713289738,32.77,3.2,-0.31
13.929163940250874,32.77,3.2,-0.31
13.93078088760376,32.77,3.2,-0.31
13.932246830314398,32.78,3.2,-0.31
13.933659359812737,32.78,3.2,-0.31
13.935017421841621,32.77,3.2,-0.31
13.936572149395943,32.77,3.2,-0.31
13.938158132135868,32.78,3.2,-0.31
13.939526166766882,32.77,3.2,-0.31
13.941111989319324,32.77,3.2,-0.31
13.942406505346298,32.77,3.2,-0.31
13.943995736539364,32.78,3.2,-0.31
13.94556874036789,32.77,3.2,-0.31
13.946902588009834,32.77,3.2,-0.31
13.948532737791538,32.77,3.2,-0.31
13.949795752763748,32.77,3.2,-0.31
13.951390657573938,32.77,3.2,-0.32
13.952966328710318,32.76,3.19,-0.32
13.954284142702818,32.77,3.19,-0.29
13.957290846854448,32.78,3.19,-0.31
13.96034149825573,32.77,3.18,-0.31
13.963320147246122,32.77,3.18,-0.31
13.966156292706728,32.76,3.18,-0.31
13.969232320785522,32.77,3.18,-0.31
13.971963077783585,32.77,3.18,-0.31
13.97517366334796,32.77,3.18,-0.31
13.978041797876358,32.77,3.18,-0.31
13.980939239263535,32.77,3.18,-0.31
13.984006207436323,32.77,3.18,-0.31
13.98699714615941,32.77,3.18,-0.31
13.98991684615612,32.76,3.18,-0.31
13.992818713188171,32.77,3.18,-0.31
13.995870862156153,32.77,3.18,-0.31
13.998620510101318,32.77,3.18,-0.31
14.007617615163326,32.77,3.18,-0.31
14.009136341512203,32.76,3.18,-0.31
14.010439451783895,32.77,3.18,-0.31
14.012028057128191,32.77,3.18,-0.31
14.013593263924122,32.77,3.18,-0.31
14.014903366565704,32.77,3.18,-0.31
14.016493279486895,32.77,3.18,-0.31
14.017848372459412,32.77,3.17,-0.31
14.019509430974722,32.77,3.17,-0.31
14.020997304469347,32.77,3.18,-0.31
14.022428784519434,32.77,3.18,-0.31
14.023922882974148,32.76,3.18,-0.31
14.025244258344173,32.76,3.17,-0.31
14.02683786675334,32.77,3.17,-0.31
14.028174508363008,32.77,3.18,-0.31
14.02982098609209,32.77,3.17,-0.31
14.031359601765871,32.77,3.17,-0.31
14.032687433063984,32.77,3.18,-0.31
14.035796642303467,32.77,3.18,-0.31
14.038747947663069,32.76,3.18,-0.31
14.041646018624306,32.77,3.18,-0.31
14.044547583907843,32.77,3.18,-0.31
14.047503788024187,32.76,3.18,-0.31
14.050594568252563,32.77,3.17,-0.31
14.053538899868727,32.77,3.17,-0.31
14.056477930396795,32.77,3.18,-0.31
14.059359770268202,32.77,3.17,-0.31
14.062255095690489,32.77,3.17,-0.31
14.065158493816853,32.77,3.18,-0.31
14.068316776305437,32.77,3.18,-0.31
14.071221265941858,32.77,3.18,-0.31
14.074239037930965,32.77,3.17,-0.31
14.077024422585964,32.77,3.18,-0.31
14.079927895218134,32.77,3.17,-0.31
14.0831139087677,32.77,3.18,-0.31
14.086072504520416,32.77,3.18,-0.31
14.089015759527683,32.77,3.18,-0.31
14.091897461563349,32.76,3.18,-0.31
14.094786379486322,32.76,3.18,-0.31
14.097661964595318,32.76,3.18,-0.31
14.100824199616909,32.77,3.17,-0.31
14.103770859539509,32.76,3.18,-0.31
14.106674164533615,32.76,3.18,-0.31
14.109590139240026,32.77,3.18,-0.31
14.112667616456747,32.77,3.18,-0.31
14.11564688384533,32.76,3.18,-0.31
14.118599809706211,32.76,3.18,-0.31
14.121496949344873,32.77,3.18,-0.31
14.124421436339617,32.77,3.18,-0.31
14.127410974353552,32.77,3.18,-0.31
14.128891937434673,32.77,3.18,-0.31
14.130211174488068,32.76,3.18,-0.32
14.133385874330997,32.76,3.18,-0.31
14.136327162384987,32.77,3.18,-0.31
14.139215987175703,32.77,3.18,-0.31
14.143698498606682,32.77,3.18,-0.31
14.145015757530928,32.77,3.18,-0.31
14.14659757912159,32.77,3.18,-0.31
14.148201629519463,32.77,3.18,-0.31
14.149514067918062,32.77,3.18,-0.31
14.151096191257238,32.77,3.18,-0.32
14.152413960546255,32.77,3.18,-0.31
14.154000759124756,32.77,3.18,-0.31
14.155588425695896,32.76,3.18,-0.31
14.15693088248372,32.77,3.18,-0.31
14.158508773893118,32.77,3.16,-0.3
14.15982162579894,32.8,3.01,-0.32
14.161386951804161,32.9,2.96,-0.32
14.162962589412928,32.89,3.03,-0.31
14.164456646889448,32.85,3.12,-0.32
14.165856428444386,32.81,3.28,-0.31
14.167430147528648,32.74,3.36,-0.31
14.16875222697854,32.74,3.33,-0.31
14.170325607061386,32.76,3.29,-0.31
14.17164734378457,32.76,3.32,-0.31
14.173215538263321,32.73,3.35,-0.31
14.174802590161562,32.72,3.35,-0.3
14.176133558154106,32.73,3.34,-0.31
14.177704829722643,32.75,3.33,-0.31
14.179040923714638,32.74,3.35,-0.31
14.180645760148764,32.72,3.35,-0.31
14.1820497661829,32.72,3.35,-0.31
14.183564353734255,32.73,3.35,-0.31
14.185142919421196,32.73,3.35,-0.31
14.18646378070116,32.72,3.34,-0.31
14.188055653125048,32.72,3.34,-0.31
14.189484845846891,32.72,3.35,-0.31
14.190942276269197,32.72,3.34,-0.31
14.192520461976528,32.72,3.34,-0.31
14.193844251334667,32.72,3.34,-0.31
14.1954167149961,32.73,3.34,-0.31
14.196993082761765,32.73,3.34,-0.31
14.19832044839859,32.73,3.34,-0.31
14.199899725615978,32.72,3.34,-0.31
14.201405920088291,32.72,3.34,-0.31
14.202836029231548,32.72,3.34,-0.31
14.204133093357086,32.72,3.34,-0.31
14.20570582896471,32.73,3.34,-0.31
14.207342103123665,32.73,3.34,-0.3
14.20858359336853,32.73,3.34,-0.31
14.210178814828396,32.72,3.34,-0.32
14.2117766328156,32.72,3.34,-0.31
14.213069550693035,32.72,3.34,-0.3
14.214687295258045,32.73,3.34,-0.31
14.216187190264463,32.72,3.34,-0.31
14.217571817338467,32.72,3.34,-0.31
14.219153098762035,32.72,3.34,-0.3
14.220478925853968,32.74,3.35,-0.29
14.222061190754175,32.74,3.35,-0.32
14.223377157002687,32.72,3.34,-0.32
14.224957682192326,32.72,3.35,-0.32
14.226534057408571,32.72,3.35,-0.31
14.227867674082518,32.73,3.35,-0.31
14.229536082595587,32.73,3.35,-0.31
14.23233899846673,32.73,3.35,-0.31
14.235242873430252,32.73,3.35,-0.31
14.238398145884275,32.74,3.36,-0.31
14.24128307774663,32.74,3.35,-0.31
14.244185350835323,32.73,3.35,-0.31
14.247095484286547,32.72,3.35,-0.31
14.250103041529655,32.73,3.35,-0.31
14.253160692751408,32.73,3.35,-0.31
14.256053440272808,32.72,3.35,-0.3
14.259028919041157,32.73,3.34,-0.32
14.26190933957696,32.71,3.35,-0.31
14.264803096652031,32.72,3.35,-0.31
14.267975747585297,32.71,3.35,-0.31
14.27089636400342,32.71,3.34,-0.31
14.273878496140242,32.71,3.34,-0.31
14.276853065937757,32.71,3.34,-0.31
14.279749985784292,32.72,3.34,-0.31
14.282662149518728,32.71,3.34,-0.31
14.285589583218098,32.72,3.34,-0.31
14.287160646170378,32.71,3.34,-0.31
14.28852804750204,32.71,3.34,-0.31
14.290067341178656,32.71,3.34,-0.31
14.291658334434032,32.72,3.34,-0.31
14.29301468282938,32.72,3.34,-0.31
14.294555272907019,32.71,3.34,-0.31
14.295917186886072,32.72,3.34,-0.31
14.297509219497442,32.72,3.34,-0.31
14.299045618623495,32.72,3.34,-0.31
14.300439525395632,32.72,3.34,-0.31
14.30196252092719,32.72,3.34,-0.31
14.303287845104933,32.72,3.34,-0.31
14.304945416748524,32.71,3.34,-0.31
14.306368604302406,32.71,3.34,-0.31
14.307825822383165,32.72,3.34,-0.31
14.309413108974695,32.72,3.34,-0.31
14.310763001441956,32.71,3.34,-0.31
14.312355741858482,32.72,3.34,-0.31
14.313622117042542,32.72,3.34,-0.31
14.315212402492762,32.72,3.34,-0.31
14.316788271069527,32.72,3.34,-0.31
14.318107020109892,32.71,3.34,-0.31
14.3197091370821,32.72,3.34,-0.31
14.32102956622839,32.71,3.34,-0.31
14.322602681815624,32.72,3.34,-0.31
14.324183732271194,32.72,3.34,-0.31
14.325508069247007,32.72,3.34,-0.31
14.327092252671719,32.72,3.34,-0.31
14.328427232801914,32.72,3.34,-0.31
14.331392761319876,32.72,3.34,-0.31
14.334518071264029,32.71,3.34,-0.31
14.337487258017063,32.71,3.34,-0.31
14.340281546115875,32.72,3.34,-0.31
14.343354795128107,32.72,3.34,-0.31
14.346246667206287,32.71,3.34,-0.31
14.349302049726248,32.71,3.34,-0.31
14.352192793041468,32.71,3.34,-0.31
14.355212982743979,32.71,3.34,-0.31
14.358121622353792,32.72,3.34,-0.31
14.36103542521596,32.72,3.34,-0.31
14.364102765917778,32.71,3.34,-0.31
14.367089789360762,32.7,3.34,-0.3
14.369912713766098,32.71,3.33,-0.31
14.37297398969531,32.7,3.33,-0.31
14.375910695642233,32.7,3.33,-0.31
14.378894850611687,32.7,3.33,-0.31
14.381864972412586,32.7,3.33,-0.31
14.384820997714996,32.7,3.33,-0.31
14.387782651931047,32.71,3.33,-0.31
14.390727423131466,32.7,3.33,-0.31
14.393632099032402,32.7,3.33,-0.31
14.396584544330835,32.71,3.33,-0.31
14.398115143179893,32.7,3.33,-0.31
14.399544674903154,32.7,3.33,-0.31
14.401006426662207,32.7,3.33,-0.31
14.402524877339602,32.7,3.33,-0.31
14.404008846729994,32.7,3.33,-0.31
14.40548275783658,32.7,3.33,-0.31
14.407003991305828,32.71,3.33,-0.31
14.408401783555746,32.7,3.33,-0.31
14.409915369004011,32.7,3.33,-0.31
14.411376617848873,32.7,3.33,-0.31
14.412869241088629,32.7,3.33,-0.31
14.414375945925713,32.7,3.33,-0.31
14.415867779403925,32.7,3.33,-0.31
14.417356804013252,32.7,3.33,-0.3
14.418837882578373,32.71,3.33,-0.31
14.420303598046303,32.71,3.33,-0.31
14.42178612574935,32.7,3.33,-0.32
14.423266027122736,32.69,3.33,-0.31
14.424737945199013,32.7,3.33,-0.31
14.426216796040535,32.71,3.33,-0.31
14.427699696272612,32.71,3.34,-0.31
14.430661655962467,32.71,3.33,-0.31
14.433626350015402,32.72,3.34,-0.31
14.43657822906971,32.71,3.34,-0.31
14.43952801823616,32.71,3.34,-0.31
14.442489121109247,32.71,3.34,-0.31
14.445447407662868,32.71,3.34,-0.31
14.448404870927334,32.71,3.34,-0.31
14.449889548122883,32.7,3.34,-0.31
14.451374500989914,32.71,3.34,-0.31
14.452846180647612,32.71,3.34,-0.31
14.454169768840075,32.71,3.34,-0.31
14.455689083784819,32.71,3.34,-0.3
14.457212641835213,32.72,3.34,-0.31
14.458577297627926,32.71,3.33,-0.31
14.46023777127266,32.7,3.33,-0.32
14.461711645126343,32.7,3.33,-0.31
14.463204480707645,32.7,3.33,-0.31
14.464690912514925,32.7,3.33,-0.31
14.466011796146631,32.7,3.33,-0.33
14.46763252839446,32.69,3.33,-0.3
14.468950606882572,32.71,3.32,-0.32
14.470599438995123,32.67,3.31,-0.32
14.471940267831087,32.69,3.31,-0.3
14.473526082932949,32.7,3.3,-0.3
14.474905099719763,32.7,3.29,-0.3
14.476499412208796,32.7,3.29,-0.31
14.477845329791307,32.69,3.29,-0.31
14.47942966222763,32.69,3.29,-0.31
14.480805926024914,32.7,3.29,-0.31
14.482392724603415,32.69,3.29,-0.31
14.483775805681944,32.69,3.29,-0.31
14.48535904288292,32.69,3.29,-0.31
14.48673502355814,32.7,3.29,-0.31
14.488317973911762,32.7,3.29,-0.31
14.489833626896143,32.69,3.29,-0.31
14.49124838411808,32.69,3.29,-0.31
14.492680355906487,32.69,3.29,-0.31
14.494246482849121,32.69,3.3,-0.31
14.495745368301868,32.7,3.3,-0.31
14.497213382273912,32.69,3.3,-0.31
14.498602207750082,32.7,3.3,-0.31
14.500172078609467,32.7,3.3,-0.31
14.501657765358686,32.7,3.3,-0.31
14.503134097903967,32.7,3.3,-0.31
14.504609942436218,32.69,3.3,-0.31
14.505991566926241,32.69,3.3,-0.31
14.507556490600109,32.7,3.3,-0.31
14.509026370942593,32.7,3.3,-0.31
14.51053848862648,32.69,3.3,-0.31
14.511915542185307,32.7,3.3,-0.31
14.513484593480825,32.7,3.3,-0.31
14.51496797427535,32.69,3.3,-0.31
14.516369719058275,32.69,3.3,-0.31
14.517926029860973,32.69,3.3,-0.31
14.519330568611622,32.69,3.3,-0.31
14.520648211240768,32.7,3.3,-0.31
14.522364296019077,32.69,3.3,-0.31
14.523804403841496,32.7,3.3,-0.31
14.525331117212772,32.7,3.3,-0.31
14.528261594474316,32.69,3.3,-0.31
14.531074427068233,32.7,3.31,-0.29
14.533995602279902,32.7,3.32,-0.33
14.53713921085,32.68,3.33,-0.31
14.540108643472195,32.7,3.34,-0.31
14.542872302234173,32.7,3.34,-0.32
14.546019464731216,32.7,3.34,-0.31
14.548973932862282,32.7,3.34,-0.31
14.55190771818161,32.7,3.34,-0.31
14.554915264248848,32.7,3.34,-0.31
14.557842522859573,32.71,3.34,-0.31
14.560811646282673,32.7,3.34,-0.31
14.563713394105434,32.71,3.34,-0.31
14.566676281392574,32.71,3.34,-0.3
14.569565899670124,32.7,3.34,-0.31
14.572528101503849,32.7,3.34,-0.31
14.575603432953358,32.7,3.34,-0.31
14.578485783189535,32.7,3.34,-0.31
14.58152188360691,32.7,3.34,-0.3
14.584473043680191,32.7,3.34,-0.31
14.587404228746891,32.7,3.34,-0.31
14.590247549116611,32.7,3.34,-0.31
14.593330919742584,32.71,3.34,-0.32
14.596097327768803,32.7,3.34,-0.3
14.599167957901955,32.7,3.34,-0.31
14.602213807404041,32.7,3.35,-0.31
14.60517654567957,32.7,3.34,-0.31
14.607984479516745,32.7,3.34,-0.31
14.609525196254253,32.7,3.35,-0.31
14.61109321191907,32.7,3.34,-0.31
14.612574193626642,32.69,3.34,-0.31
14.614019468426704,32.69,3.34,-0.31
14.615523763000965,32.69,3.34,-0.31
14.617001973092556,32.69,3.34,-0.31
14.618406374007463,32.7,3.34,-0.31
14.619960885494947,32.7,3.34,-0.31
14.621378105133772,32.7,3.34,-0.31
14.622919023036957,32.7,3.34,-0.31
14.625662874430418,32.71,3.34,-0.31
14.628796182572842,32.71,3.34,-0.31
14.631757028400898,32.71,3.34,-0.31
14.634711351245642,32.71,3.34,-0.31
14.637698370963335,32.71,3.34,-0.31
14.640547759830952,32.71,3.34,-0.31
14.643520016223192,32.7,3.34,-0.31
14.646531600505114,32.71,3.34,-0.31
14.649442806839943,32.71,3.34,-0.31
14.65102319791913,32.71,3.34,-0.31
14.65250888094306,32.7,3.34,-0.31
14.65397996455431,32.71,3.34,-0.31
14.655273120850325,32.71,3.34,-0.31
14.656915575265884,32.71,3.34,-0.31
14.658224638551474,32.71,3.34,-0.31
14.659882273525,32.71,3.34,-0.31
14.661372810602188,32.71,3.34,-0.31
14.662855971604586,32.7,3.34,-0.31
14.664233710616827,32.71,3.34,-0.31
14.665635596960783,32.71,3.34,-0.31
14.667132951319218,32.71,3.34,-0.31
14.668776489794254,32.71,3.34,-0.31
14.67024439573288,32.7,3.34,-0.31
14.671553175896406,32.7,3.34,-0.31
14.673201687633991,32.71,3.34,-0.31
14.674512337893248,32.71,3.34,-0.31
14.675987422466278,32.71,3.34,-0.31
14.677664507180452,32.71,3.34,-0.31
14.679131492972374,32.71,3.34,-0.31
14.68060328438878,32.71,3.34,-0.31
14.681941606104374,32.71,3.34,-0.31
14.683511387556791,32.71,3.34,-0.31
14.68488797172904,32.71,3.34,-0.31
14.686442729085684,32.71,3.34,-0.31
14.687999114394188,32.71,3.34,-0.31
14.689321488142014,32.71,3.34,-0.31
14.690935876220465,32.71,3.34,-0.31
14.692282728850842,32.71,3.34,-0.31
14.69387473911047,32.71,3.34,-0.31
14.6953808888793,32.7,3.34,-0.31
14.696887385100126,32.7,3.34,-0.31
14.698159739375114,32.71,3.34,-0.31
14.699713755398989,32.7,3.34,-0.31
14.701285053044558,32.7,3.34,-0.31
14.70267440378666,32.71,3.34,-0.31
14.70413488149643,32.7,3.34,-0.31
14.705742459744215,32.71,3.34,-0.31
14.70721223205328,32.71,3.34,-0.31
14.7085986956954,32.7,3.34,-0.31
14.710183657705784,32.71,3.34,-0.31
14.711551178246737,32.71,3.34,-0.31
14.71309768781066,32.7,3.34,-0.31
14.7146209590137,32.71,3.34,-0.31
14.716003771871328,32.71,3.34,-0.31
14.717580303549767,32.71,3.34,-0.31
14.719062741845846,32.7,3.34,-0.31
14.720536287873983,32.7,3.34,-0.31
14.721925433725119,32.7,3.34,-0.31
14.724933054298162,32.7,3.34,-0.31
14.727930583059788,32.71,3.34,-0.31
14.730889845639467,32.71,3.34,-0.31
14.733851548284292,32.71,3.34,-0.31
14.736804403364658,32.71,3.34,-0.31
14.73975045606494,32.7,3.34,-0.31
14.742662087082863,32.71,3.35,-0.31
14.745664093643427,32.71,3.34,-0.31
14.748648080974817,32.7,3.34,-0.31
14.751419972628355,32.7,3.34,-0.31
14.754506390541792,32.7,3.35,-0.31
14.757391653954983,32.71,3.35,-0.31
14.76039358228445,32.71,3.35,-0.31
14.763402324169874,32.7,3.35,-0.31
14.766151685267687,32.7,3.35,-0.31
14.769205387681723,32.7,3.34,-0.31
14.770817030221224,32.7,3.35,-0.31
14.772246837615967,32.7,3.35,-0.31
14.773781135678291,32.7,3.35,-0.31
14.775243420153856,32.71,3.35,-0.31
14.776730623096228,32.71,3.35,-0.31
14.778215244412422,32.7,3.35,-0.31
14.77968804910779,32.71,3.35,-0.31
14.781165353953838,32.71,3.35,-0.31
14.782495468854904,32.71,3.35,-0.31
14.78398260101676,32.71,3.35,-0.31
14.785581391304731,32.71,3.35,-0.31
14.786993891000748,32.71,3.35,-0.31
14.788568824529648,32.71,3.35,-0.31
14.790040869265795,32.71,3.35,-0.31
14.791391406208277,32.71,3.34,-0.31
14.792993567883968,32.7,3.35,-0.31
14.79440974444151,32.71,3.35,-0.31
14.795815203338861,32.7,3.35,-0.31
14.797334142029285,32.7,3.35,-0.31
14.79880927503109,32.71,3.35,-0.3
14.80030868947506,32.7,3.34,-0.31
14.801870573312044,32.7,3.34,-0.32
14.80334272235632,32.7,3.34,-0.31
14.80471745878458,32.71,3.34,-0.31
14.806272231042385,32.7,3.34,-0.31
14.807796437293291,32.7,3.34,-0.31
14.809273146092892,32.7,3.34,-0.31
14.810745496302843,32.7,3.34,-0.31
14.812222920358181,32.7,3.34,-0.31
14.813693769276142,32.7,3.34,-0.31
14.815184976905584,32.7,3.34,-0.31
14.816564656794071,32.7,3.34,-0.31
14.818147219717503,32.7,3.34,-0.31
14.819529708474874,32.7,3.34,-0.31
14.822406444698572,32.7,3.34,-0.31
14.825539227575064,32.7,3.34,-0.31
14.828411471098661,32.69,3.34,-0.31
14.831420131027699,32.69,3.34,-0.31
14.834390599280596,32.69,3.34,-0.31
14.837366174906492,32.7,3.34,-0.31
14.840300790965557,32.69,3.34,-0.31
14.843072693794966,32.7,3.34,-0.31
14.846234910190105,32.7,3.34,-0.31
14.849198460578918,32.7,3.34,-0.31
14.852073915302753,32.7,3.34,-0.31
14.855119295418262,32.7,3.34,-0.31
14.858061976730824,32.7,3.34,-0.31
14.861006148159504,32.7,3.34,-0.31
14.863878924399614,32.7,3.35,-0.31
14.866766899824142,32.7,3.34,-0.31
14.869900297373533,32.7,3.34,-0.31
14.872879780828953,32.69,3.34,-0.31
14.875816281884909,32.7,3.34,-0.31
14.878782656043768,32.7,3.34,-0.31
14.881717078387737,32.7,3.34,-0.31
14.884551249444485,32.7,3.34,-0.31
14.887612853199244,32.7,3.34,-0.31
14.890614908188581,32.7,3.34,-0.31
14.893564503639936,32.69,3.34,-0.31
14.896519280970097,32.69,3.34,-0.31
14.899480018764734,32.7,3.34,-0.31
14.902294762432575,32.7,3.34,-0.31
14.903922881931067,32.7,3.34,-0.31
14.905261777341366,32.7,3.34,-0.31
14.906802214682102,32.7,3.34,-0.31
14.908347725868225,32.69,3.34,-0.31
14.90971951186657,32.7,3.34,-0.31
14.911200914531946,32.69,3.34,-0.31
14.91268839687109,32.7,3.34,-0.31
14.914167791604996,32.7,3.34,-0.31
14.91564380377531,32.7,3.34,-0.31
14.917228512465954,32.7,3.34,-0.31
14.918705206364393,32.7,3.34,-0.31
14.92166905477643,32.69,3.34,-0.31
14.924398005008698,32.7,3.34,-0.31
14.927578520029783,32.7,3.34,-0.31
14.928957462310791,32.7,3.34,-51.09
14.930458135902882,32.7,3.34,-0.31
14.932019859552383,32.69,3.34,-0.31
14.93340177834034,32.7,3.34,-0.31
14.934965267777443,32.7,3.34,-0.31
14.93645041063428,32.7,3.34,-0.31
14.937943864613771,32.7,3.34,-0.31
14.93934429436922,32.7,3.34,-0.31
14.940796326845884,32.7,3.34,-0.31
14.94235648214817,32.7,3.34,-0.31
14.94385501369834,32.7,3.34,-0.31
14.945325590670109,32.7,3.34,-0.31
14.946815859526396,32.7,3.34,-0.31
14.94828225672245,32.7,3.34,-0.31
14.949778359383345,32.7,3.34,-0.31
14.951208680868149,32.71,3.34,-0.31
14.952734723687172,32.7,3.34,-0.31
14.95421313866973,32.7,3.34,-0.31
14.955643139779568,32.7,3.34,-0.31
14.957135584205389,32.7,3.34,-0.31
14.958643697202206,32.7,3.34,-0.31
14.959890767931938,32.7,3.34,-0.31
14.961593493819237,32.7,3.34,-0.31
14.96308072283864,32.7,3.34,-0.31
14.964348793029785,32.7,3.34,-0.31
14.965997789055109,32.7,3.34,-0.31
14.967492334544659,32.7,3.34,-0.31
14.968821406364441,32.7,3.34,-0.31
14.970467567443848,32.7,3.34,-0.31
14.971731044352055,32.7,3.34,-0.31
14.973399732261896,32.7,3.34,-0.31
14.97487948834896,32.7,3.34,-0.31
14.976211607456207,32.7,3.34,-0.31
14.977860014885664,32.7,3.34,-0.31
14.979334324598312,32.7,3.34,-0.31
14.980823416262865,32.7,3.34,-0.31
14.982300199568272,32.7,3.34,-0.31
14.983586248010397,32.7,3.34,-0.31
14.985255643725395,32.7,3.34,-0.31
14.986731585115194,32.7,3.34,-0.31
14.988225534558296,32.7,3.34,-0.31
14.989519190043211,32.7,3.34,-0.31
14.991180680692196,32.7,3.34,-0.31
14.992485351860523,32.7,3.34,-0.31
14.994138710200787,32.7,3.34,-0.31
14.995624583214521,32.7,3.34,-0.31
14.997095327824354,32.7,3.34,-0.31
14.998566187918186,32.7,3.34,-0.31
14.99988117441535,32.7,3.34,-0.31
15.001488532871008,32.7,3.34,-0.31
15.002856817096472,32.7,3.34,-0.31
15.004448033869267,32.7,3.34,-0.31
15.005873065441847,32.7,3.34,-0.31
15.007291089743376,32.7,3.34,-0.31
15.008887507021427,32.7,3.34,-0.31
15.01025403290987,32.7,3.34,-0.31
15.01182160899043,32.7,3.34,-0.31
15.013218335807323,32.7,3.34,-0.31
15.014823198318481,32.7,3.34,-0.31
15.01631261408329,32.7,3.34,-0.31
15.019228428602219,32.7,3.34,-0.31
15.022217154502869,32.7,3.34,-0.31
15.025073427706957,32.7,3.34,-0.31
15.028108928352594,32.7,3.34,-0.31
15.031083673238754,32.7,3.34,-0.31
15.034056041389704,32.7,3.34,-0.31
15.036994311958551,32.7,3.34,-0.31
15.039997532963753,32.7,3.34,-0.31
15.042892795056105,32.69,3.34,-0.31
15.045857660472393,32.69,3.34,-0.31
15.048837017267942,32.7,3.34,-0.31
15.051757402718067,32.7,3.34,-0.31
15.054732032120228,32.7,3.34,-0.31
15.05773064121604,32.7,3.34,-0.31
15.060644388198853,32.69,3.34,-0.31
15.06343262270093,32.7,3.34,-0.31
15.066578883677721,32.69,3.34,-0.31
15.069565646350384,32.69,3.34,-0.31
15.07232441753149,32.69,3.34,-0.31
15.07548712566495,32.7,3.34,-0.31
15.078417990356684,32.69,3.34,-0.31
15.081401236355305,32.69,3.34,-0.31
15.084367092698812,32.7,3.34,-0.31
15.087298974394798,32.7,3.34,-0.31
15.090248126536608,32.7,3.34,-0.31
15.091547511518002,32.7,3.34,-0.31
15.093216881155968,32.69,3.34,-0.31
15.09469149634242,32.69,3.34,-0.31
15.096173096448183,32.7,3.34,-0.31
15.09765824303031,32.69,3.34,-0.31
15.09914742782712,32.7,3.34,-0.31
15.100433837622404,32.7,3.34,-0.31
15.102106843143702,32.7,3.34,-0.31
15.103558138012886,32.7,3.34,-0.31
15.105040021240711,32.7,3.34,-0.31
15.106369495391846,32.7,3.34,-0.31
15.10786859318614,32.7,3.34,-0.31
15.109360229223967,32.7,3.34,-0.31
15.110963512212038,32.7,3.34,-0.31
15.112408101558685,32.7,3.34,-0.31
15.113851618021727,32.7,3.34,-0.31
15.116853203624487,32.7,3.34,-0.31
15.119658153504133,32.7,3.34,-0.31
15.122664533555508,32.69,3.34,-0.31
15.12574939802289,32.69,3.34,-0.31
15.128487717360258,32.69,3.34,-0.31
15.131622176617384,32.69,3.34,-0.31
15.134633265435696,32.69,3.34,-0.31
15.13755939528346,32.69,3.34,-0.31
15.140537612140179,32.69,3.34,-0.31
15.143504291772842,32.7,3.34,-0.31
15.146453525871038,32.69,3.34,-0.31
15.149409841746092,32.69,3.34,-0.31
15.152387231588364,32.7,3.34,-0.31
15.155334934592247,32.7,3.34,-0.31
15.156815405935049,32.7,3.34,-0.31
15.15827788412571,32.7,3.34,-0.31
15.159770164638758,32.7,3.34,-0.31
15.16119934618473,32.7,3.34,-0.31
15.162505079060793,32.7,3.34,-0.31
15.164213173091412,32.69,3.34,-0.31
15.165687553584576,32.69,3.34,-0.31
15.16716018691659,32.7,3.34,-0.31
15.168612454086542,32.69,3.34,-0.31
15.169898647814989,32.69,3.34,-0.31
15.171548079699278,32.7,3.34,-0.3
15.172894701361656,32.71,3.34,-0.31
15.174564711749554,32.7,3.34,-0.32
15.176037233322859,32.7,3.34,-0.31
15.17751656100154,32.69,3.34,-0.31
15.178985692560673,32.69,3.34,-0.31
15.180458955466747,32.69,3.34,-0.31
15.181819789111614,32.7,3.34,-0.31
15.183434635400772,32.69,3.34,-0.31
15.184694480150938,32.7,3.34,-0.31
15.18637790903449,32.7,3.34,-0.31
15.187829837203026,32.7,3.34,-0.31
15.189350552856922,32.7,3.34,-0.31
15.190826203674078,32.69,3.34,-0.31
15.19229068979621,32.69,3.34,-0.31
15.193593427538872,32.7,3.34,-0.31
15.195264264941216,32.7,3.34,-0.31
15.196649610996246,32.7,3.34,-0.3
15.198045637458563,32.7,3.34,-0.31
15.199698582291603,32.7,3.34,-0.31
15.20117175579071,32.69,3.34,-0.31
15.202495615929365,32.69,3.34,-0.31
15.204136069864035,32.7,3.34,-0.31
15.205617684870958,32.7,3.34,-0.31
15.20710139349103,32.7,3.34,-0.31
15.20842244848609,32.7,3.34,-0.31
15.210050094872713,32.69,3.34,-0.32
15.211531922221184,32.69,3.34,-0.31
15.21284418553114,32.69,3.34,-0.31
15.215935967862606,32.69,3.34,-0.31
15.218942373991013,32.69,3.34,-0.31
15.221882339566946,32.69,3.34,-0.31
15.22480583190918,32.69,3.34,-0.31
15.227803684771061,32.69,3.34,-0.31
15.23055874928832,32.69,3.34,-0.31
15.23372869193554,32.69,3.34,-0.31
15.23666501045227,32.69,3.34,-0.31
15.239628218114376,32.7,3.34,-0.31
15.24258953332901,32.69,3.34,-0.31
15.24531951546669,32.69,3.34,-0.31
15.248523391783237,32.69,3.34,-0.31
15.249992311000824,32.69,3.34,-0.31
15.251370180398226,32.69,3.34,-0.31
15.252949457615614,32.69,3.34,-0.31
15.254334889352322,32.69,3.35,-0.31
15.255897540599108,32.69,3.34,-0.31
15.257321234792471,32.7,3.34,-0.31
15.258858297020197,32.7,3.34,-0.31
15.260282717645168,32.69,3.34,-0.31
15.261817432940006,32.7,3.35,-0.31
15.263228863477707,32.7,3.35,-0.31
15.264775805175304,32.7,3.35,-0.31
15.266182385385036,32.69,3.35,-0.31
15.26772791147232,32.69,3.35,-0.31
15.269211579114199,32.69,3.35,-0.31
15.270630493760109,32.69,3.35,-0.31
15.271977003663778,32.69,3.35,-0.31
15.273613717406988,32.69,3.35,-0.31
15.274910133332014,32.7,3.35,-0.31
15.276597894728184,32.69,3.35,-0.31
15.277854427695274,32.69,3.35,-0.31
15.279496993869543,32.69,3.35,-0.31
15.28104592114687,32.69,3.35,-0.31
15.282518047839403,32.7,3.35,-0.31
15.283995132893324,32.7,3.35,-0.31
15.28546991571784,32.69,3.35,-0.31
15.286949299275875,32.69,3.35,-0.31
15.28841869160533,32.69,3.35,-0.31
15.289875730872154,32.7,3.35,-0.31
15.291204907000065,32.7,3.35,-0.31
15.292728140950203,32.7,3.35,-0.31
15.294342327862978,32.69,3.35,-0.31
15.295642800629139,32.69,3.35,-0.31
15.297150362282991,32.7,3.35,-0.31
15.298786658793688,32.69,3.35,-0.31
15.300062652677298,32.69,3.35,-0.31
15.301744375377893,32.69,3.35,-0.31
15.303068574517965,32.69,3.35,-0.31
15.30470236390829,32.69,3.35,-0.31
15.305995974689722,32.69,3.35,-0.31
15.307645119726658,32.69,3.35,-0.31
15.309144970029593,32.69,3.35,-0.31
15.310620699077845,32.69,3.35,-0.31
15.313436847180128,32.7,3.35,-0.31
15.3164143525064,32.69,3.35,-0.31
15.319455120712519,32.69,3.36,-0.31
15.32231518626213,32.69,3.36,-0.31
15.325394347310066,32.69,3.35,-0.31
15.328370548784733,32.69,3.36,-0.31
15.331273984164,32.68,3.35,-0.31
15.334259748458862,32.68,3.36,-0.31
15.337189674377441,32.69,3.35,-0.31
15.34012171253562,32.7,3.36,-0.31
15.343160148710012,32.7,3.36,-0.31
15.346013367176056,32.7,3.36,-0.31
15.349058575928211,32.7,3.35,-0.31
15.351834569126368,32.69,3.35,-0.31
15.354953438043594,32.7,3.36,-0.31
15.35794872790575,32.69,3.35,-0.31
15.360781498253345,32.69,3.36,-0.31
15.363862294703722,32.69,3.36,-0.31
15.366752497851849,32.69,3.36,-0.31
15.369739107787609,32.69,3.36,-0.31
15.372717536985874,32.69,3.36,-0.31
15.375651240348816,32.7,3.36,-0.31
15.378446441143751,32.7,3.36,-0.31
15.38156970590353,32.7,3.36,-0.31
15.384366232901812,32.7,3.36,-0.31
15.387395214289427,32.7,3.36,-0.31
15.390355847775936,32.7,3.36,-0.31
15.39343473315239,32.7,3.35,-0.31
15.396290853619576,32.7,3.35,-0.31
15.399199858307838,32.7,3.35,-0.31
15.402100536972284,32.7,3.35,-0.31
15.405163921415806,32.7,3.36,-0.31
15.40821323171258,32.69,3.36,-0.31
15.411179542541504,32.69,3.36,-0.31
15.412661790847778,32.7,3.36,-0.31
15.414137449115515,32.7,3.36,-0.31
15.415616869926453,32.69,3.36,-0.31
15.417017925530672,32.69,3.36,-0.31
15.418586507439613,32.7,3.36,-0.31
15.41991352289915,32.69,3.36,-0.31
15.421536315232515,32.69,3.36,-0.31
15.422875963151455,32.69,3.36,-0.31
15.424495991319418,32.7,3.36,-0.31
15.4259312748909,32.69,3.36,-0.31
15.427384171634912,32.69,3.36,-0.31
15.428792037069798,32.69,3.36,-0.31
15.430417880415916,32.69,3.36,-0.31
15.431857664138079,32.68,3.36,-0.31
15.433370403945446,32.69,3.36,-0.31
15.434852086007595,32.69,3.36,-0.31
15.436329536139965,32.69,3.36,-0.31
15.43781540542841,32.69,3.36,-0.31
15.439141847193241,32.7,3.36,-0.31
15.440758511424065,32.7,3.36,-0.31
15.442245170474052,32.69,3.36,-0.31
15.443676434457302,32.69,3.36,-0.31
15.44508682563901,32.69,3.36,-0.31
15.446675285696983,32.69,3.36,-0.31
15.44806943833828,32.69,3.36,-0.31
15.44964225590229,32.69,3.36,-0.31
15.45111920684576,32.69,3.36,-0.31
15.452509615570307,32.69,3.36,-0.31
15.45407497510314,32.69,3.36,-0.31
15.455540228635073,32.69,3.36,-0.31
15.457012794911861,32.69,3.36,-0.31
15.45843180641532,32.69,3.36,-0.31
15.45999513566494,32.7,3.36,-0.31
15.461445305496454,32.69,3.36,-0.31
15.46294604241848,32.69,3.36,-0.31
15.464411567896605,32.7,3.36,-0.31
15.465903840959072,32.7,3.36,-0.31
15.467309892177582,32.7,3.36,-0.31
15.468872211873531,32.7,3.36,-0.31
15.470287315547466,32.7,3.36,-0.31
15.471823740750551,32.7,3.36,-0.31
15.473294116556644,32.69,3.36,-0.31
15.474768429994583,32.7,3.36,-0.31
15.476183082908392,32.69,3.36,-0.31
15.477740377187729,32.69,3.36,-0.31
15.479215241968632,32.69,3.36,-0.31
15.480470977723598,32.69,3.36,-0.31
15.482178058475256,32.68,3.36,-0.31
15.483601544052362,32.69,3.36,-0.31
15.48489697650075,32.68,3.36,-0.31
15.486575063318014,32.68,3.36,-0.31
15.487880136817694,32.69,3.36,-0.31
15.489550612866879,32.69,3.36,-0.31
15.490815725177526,32.69,3.36,-0.31
15.492478508502245,32.69,3.36,-0.31
15.493780594319105,32.69,3.36,-0.31
15.495485819876194,32.68,3.36,-0.31
15.496748890727758,32.69,3.36,-0.31
15.498442962765694,32.69,3.36,-0.31
15.499746061861515,32.68,3.36,-0.31
15.501378521323204,32.68,3.36,-0.31
15.502823781222105,32.68,3.36,-0.31
15.5043532140553,32.69,3.36,-0.31
15.505825012922287,32.69,3.36,-0.31
15.507306896150112,32.69,3.36,-0.31
15.510274097323418,32.69,3.35,-0.31
15.513218648731709,32.69,3.35,-0.31
15.516190558671951,32.69,3.36,-0.31
15.519138105213642,32.69,3.36,-0.31
15.522018544375896,32.69,3.35,-0.31
15.524929963052273,32.69,3.35,-0.31
15.528020426630974,32.69,3.35,-0.31
15.530979800969362,32.68,3.35,-0.31
15.533925227820873,32.69,3.35,-0.31
15.536885626614094,32.69,3.35,-0.31
15.539786420762539,32.69,3.35,-0.31
15.542826440185308,32.69,3.35,-0.31
15.545683406293392,32.69,3.35,-0.31
15.548724472522736,32.69,3.35,-0.31
15.5516690723598,32.68,3.35,-0.31
15.554579578340054,32.68,3.35,-0.31
15.557354878634214,32.69,3.35,-0.31
15.560516119003296,32.69,3.35,-0.31
15.563508667051792,32.69,3.35,-0.31
15.566451475024223,32.69,3.36,-0.31
15.569428343325853,32.68,3.36,-0.31
15.570908684283495,32.68,3.35,-0.31
15.572319597005844,32.69,3.35,-0.31
15.573858011513948,32.69,3.35,-0.31
15.575265511870384,32.69,3.35,-0.31
15.576769094914198,32.69,3.35,-0.31
15.578317202627659,32.69,3.35,-0.31
15.579742848873138,32.69,3.35,-0.31
15.581248559057713,32.69,3.35,-0.31
15.582735136151314,32.69,3.35,-0.31
15.584220368415117,32.68,3.35,-0.31
15.585698947310448,32.68,3.35,-0.31
15.587170287966728,32.68,3.35,-0.31
15.588658444583416,32.68,3.35,-0.31
15.589924320578575,32.68,3.35,-0.31
15.591561049222946,32.68,3.35,-0.31
15.592966511845589,32.68,3.35,-0.31
15.594571940600872,32.69,3.36,-0.31
15.596042029559612,32.69,3.35,-0.31
15.597514905035496,32.69,3.35,-0.31
15.598989814519882,32.69,3.35,-0.31
15.600488115102053,32.69,3.35,-0.31
15.601949486881495,32.68,3.35,-0.31
15.603449709713459,32.69,3.35,-0.31
15.604918014258146,32.68,3.35,-0.31
15.606409225612879,32.68,-294.85,-0.31
15.609358713030815,32.68,3.35,-0.31
15.612311460077763,32.68,3.35,-0.31
15.615272596478462,32.68,3.36,-0.31
15.618219133466482,32.68,3.36,-0.31
15.621180415153503,32.68,3.36,-0.31
15.624014880508184,32.68,3.36,-0.31
15.627096228301525,32.68,3.36,-0.31
15.630033366382122,32.68,3.36,-0.31
15.632996339350939,32.68,3.36,-0.31
15.635814905166626,32.68,3.36,-0.31
15.638807568699121,32.69,3.36,-0.31
15.641897477209568,32.68,3.36,-0.31
15.644684206694365,32.69,3.36,-0.31
15.647775240242481,32.69,3.36,-0.31
15.650770418345928,32.69,3.36,-0.31
15.6537269577384,32.68,3.36,-0.31
15.656555958092213,32.67,3.36,-0.31
15.659634169191122,32.68,3.36,-0.31
15.662605103105307,32.67,3.36,-0.31
15.66546256840229,32.68,3.36,-0.31
15.667048703879118,32.68,3.36,-0.31
15.668402053415775,32.68,3.36,-0.31
15.669928845018148,32.68,3.36,-0.31
15.671461202204227,32.68,3.36,-0.31
15.672943331301212,32.68,3.36,-0.31
15.674336653202772,32.69,3.36,-0.31
15.675841618329287,32.68,3.36,-0.31
15.677296329289675,32.68,3.36,-0.31
15.678885631263256,32.68,3.36,-0.31
15.680311843752861,32.68,3.36,-0.31
15.681810893118382,32.67,3.36,-0.31
15.683240305632353,32.66,3.36,-0.31
15.68476166576147,32.67,3.36,-0.31
15.686225861310959,32.67,3.36,-0.31
15.687745079398155,32.68,3.36,-0.31
15.689192958176136,32.68,3.36,-0.31
15.690696462988853,32.68,3.36,-0.31
15.692181680351496,32.68,3.36,-0.31
15.69365694001317,32.68,3.36,-0.31
15.695143014192581,32.69,3.36,-0.31
15.696385990828276,32.7,3.36,-0.3
15.698098462074995,32.69,3.36,-0.32
15.69957484677434,32.67,3.36,-0.32
15.701056271791458,32.67,3.36,-0.31
15.7025226354599,32.67,3.36,-0.31
15.70400621369481,32.67,3.36,-0.31
15.705457117408514,32.67,3.36,-0.31
15.708333976566792,32.67,3.36,-0.31
15.711401328444481,32.68,3.36,-0.31
15.714241202920675,32.68,3.37,-0.31
15.717222183942795,32.68,3.36,-0.31
15.720097083598375,32.68,3.36,-0.31
15.723242923617363,32.67,3.37,-0.31
15.726032432168722,32.67,3.37,-0.31
15.729042682796717,32.68,3.37,-0.31
15.730621695518494,32.67,3.37,-0.31
15.731930442154408,32.67,3.37,-0.32
15.733589708805084,32.68,3.37,-0.31
15.735076401382685,32.68,3.37,-0.31
15.736484877765179,32.68,3.37,-0.31
15.737959008663893,32.68,3.36,-0.31
15.73949147760868,32.68,3.36,-0.31
15.740877699106932,32.68,3.37,-0.31
15.742325872182846,32.69,3.37,-0.31
15.743843238800764,32.68,3.37,-0.31
15.745419789105654,32.68,3.37,-0.31
15.74689856916666,32.68,3.37,-0.31
15.748387139290571,32.68,3.36,-0.31
15.74984847009182,32.68,3.37,-0.31
15.751326829195023,32.68,3.37,-0.31
15.752805076539516,32.69,3.36,-0.31
15.754294227808714,32.69,3.37,-0.31
15.75575652718544,32.69,3.36,-0.32
15.757256545126438,32.68,3.36,-0.31
15.758740365505219,32.68,3.36,-0.31
15.760199047625065,32.68,3.36,-0.31
15.761681467294693,32.68,3.36,-0.31
15.763166062533855,32.69,3.36,-0.32
15.76464108005166,32.69,3.36,-0.31
15.766125965863466,32.68,3.36,-0.31
15.767615366727114,32.69,3.36,-0.31
15.76908265426755,32.69,3.36,-0.31
15.770557157695293,32.69,3.36,-0.31
15.772040329873562,32.69,3.36,-0.31
15.773521475493908,32.69,3.36,-0.31
15.77498945966363,32.69,3.36,-0.31
15.776470132172108,32.69,3.36,-0.31
15.777947403490543,32.69,3.36,-0.31
15.779433362185955,32.68,3.36,-0.31
15.780926819890738,32.68,3.36,-0.31
15.782401781529188,32.68,3.36,-0.31
15.783892773091793,32.69,3.36,-0.31
15.78535109385848,32.68,3.36,-0.31
15.78682903200388,32.69,3.36,-0.31
15.788301259279251,32.69,3.36,-0.31
15.789781298488379,32.69,3.36,-0.31
15.791275072842836,32.69,3.36,-0.31
15.792741402983665,32.69,3.36,-0.31
15.794224176555872,32.7,3.36,-0.31
15.79570372775197,32.69,3.36,-0.31
15.797178972512484,32.69,3.36,-0.31
15.798666331917048,32.69,3.36,-0.32
15.800136186182499,32.69,3.36,-0.31
15.801621280610561,32.69,3.36,-0.31
15.803089939057827,32.69,3.36,-0.31
15.806055288761854,32.68,3.36,-0.31
15.80899816378951,32.68,3.36,-0.31
15.81196528673172,32.68,3.36,-0.31
15.814906027168036,32.68,3.36,-0.31
15.81786523759365,32.68,3.36,-0.31
15.820825442671776,32.69,3.36,-0.32
15.823807585984468,32.69,3.36,-0.31
15.826765786856413,32.69,3.36,-0.31
15.829715684056282,32.68,3.36,-0.31
15.832683574408293,32.69,3.36,-0.31
15.83563007041812,32.69,3.36,-0.31
15.838597308844328,32.68,3.35,-0.31
15.84154150262475,32.68,3.36,-0.31
15.844508159905672,32.68,3.35,-0.31
15.847471825778484,32.68,3.36,-0.31
15.850434385240078,32.68,3.36,-0.31
15.853392504155636,32.69,3.36,-0.31
15.85634582489729,32.69,3.36,-0.31
15.859293229877949,32.69,3.36,-0.31
15.862243860960007,32.69,3.36,-0.31
15.865216422826052,32.69,3.35,-0.31
15.868174869567156,32.69,3.36,-0.31
15.871123015880585,32.69,3.36,-0.31
15.874093931168318,32.69,3.35,-0.31
15.877037279307842,32.69,3.36,-0.31
15.880003057420254,32.69,3.35,-0.31
15.882959425449371,32.69,3.35,-0.31
15.885916151106358,32.69,3.35,-0.31
15.888872869312763,32.69,3.35,-0.31
15.891828060150146,32.69,3.35,-0.31
15.89331255480647,32.69,3.35,-0.31
15.89479411765933,32.69,3.35,-0.31
15.896265387535095,32.68,3.36,-0.31
15.897739954292774,32.68,3.36,-0.31
15.899221237748861,32.68,3.35,-0.31
15.900713961571455,32.68,3.36,-0.31
15.903661824762821,32.68,3.36,-0.31
15.906616725027561,32.68,3.36,-0.31
15.909575589001179,32.68,3.35,-0.31
15.912541784346104,32.68,3.36,-0.31
15.915491420775652,32.68,3.36,-0.31
15.918452866375446,32.68,3.35,-0.31
15.921419210731983,32.68,3.35,-0.31
15.922888159751892,32.68,3.35,-0.31
15.924365393817425,32.68,3.35,-0.31
15.925852417945862,32.68,3.36,-0.31
15.927333816885948,32.68,3.35,-0.31
15.92878995463252,32.67,3.35,-0.32
15.93028874322772,32.67,3.35,-0.31
15.931757844984531,32.68,3.35,-0.31
15.933245204389095,32.68,3.35,-0.31
15.934730671346188,32.68,3.35,-0.31
15.936189875006676,32.68,3.35,-0.31
15.937681749463081,32.67,3.35,-0.31
15.939152896404266,32.68,3.35,-0.31
15.940628416836262,32.68,3.35,-0.31
15.94210871309042,32.67,3.35,-0.31
15.943597581237555,32.67,3.35,-0.31
15.945064518600702,32.67,3.35,-0.31
15.946547910571098,32.67,3.35,-0.31
15.948025554418564,32.68,3.35,-0.31
15.949500106275082,32.67,3.35,-0.31
15.95099277049303,32.67,3.35,-0.31
15.952475532889366,32.67,3.35,-0.31
15.953944113105536,32.67,3.35,-0.31
15.955423414707184,32.67,3.35,-0.31
15.95690406113863,32.67,3.35,-0.31
15.958388600498438,32.68,3.35,-0.31
15.959861796349287,32.68,3.35,-0.31
15.96134414896369,32.68,3.35,-0.31
15.962822422385216,32.68,3.35,-0.31
15.96430068090558,32.67,3.35,-0.31
15.965781107544899,32.68,3.35,-0.31
15.96726493537426,32.68,3.35,-0.31
15.96874175965786,32.68,3.35,-0.31
15.970204692333937,32.68,3.35,-0.31
15.971698198467493,32.68,3.35,-0.31
15.973169676959515,32.68,3.35,-0.31
15.97465305402875,32.68,3.35,-0.31
15.97613675147295,32.68,3.35,-0.31
15.977619875222445,32.68,3.35,-0.31
15.979092504829168,32.68,3.35,-0.31
15.980558596551418,32.68,3.35,-0.31
15.982054259628057,32.68,3.35,-0.31
15.983524460345507,32.68,3.36,-0.31
15.984995886683464,32.67,3.36,-0.31
15.98647741600871,32.67,3.36,-0.31
15.987958781421185,32.67,3.35,-0.31
15.989440876990557,32.68,3.36,-0.31
15.990920022130013,32.68,3.36,-0.31
15.992409482598305,32.68,3.35,-0.31
15.993883203715086,32.68,3.35,-0.31
15.995369799435139,32.67,3.36,-0.31
15.996832087635994,32.68,3.36,-0.31
15.998311646282673,32.68,3.35,-0.31
15.999785341322422,32.68,3.35,-0.31
16.002755668014288,32.68,3.35,-0.31
16.005709528923035,32.68,3.36,-0.31
16.00867158919573,32.68,3.36,-0.31
16.011627573519945,32.68,3.36,-0.31
16.014574483036995,32.68,3.35,-0.31
16.017536234110594,32.68,3.36,-0.31
16.02050745114684,32.67,3.36,-0.31
16.02345560491085,32.68,3.35,-0.31
16.02641562744975,32.67,3.36,-0.31
16.02937302738428,32.68,3.36,-0.31
16.032335836440325,32.68,3.36,-0.31
16.035297442227602,32.68,3.36,-0.31
16.03825516998768,32.67,3.36,-0.31
16.041195183992386,32.68,3.35,-0.31
16.044157851487398,32.68,3.36,-0.31
16.04712461680174,32.67,3.36,-0.31
16.05007177591324,32.67,3.36,-0.31
16.05154713243246,32.68,3.36,-0.31
16.053037472069263,32.68,3.36,-0.31
16.0545215010643,32.68,3.36,-0.31
16.05599268525839,32.68,3.36,-0.31
16.057469926774502,32.67,3.35,-0.31
16.058954369276762,32.68,3.35,-0.31
16.060425031930208,32.68,3.35,-0.31
16.0618991330266,32.67,3.36,-0.31
16.06339104473591,32.67,3.36,-0.31
16.064867287874222,32.68,3.36,-0.31
16.06634011864662,32.68,3.36,-0.31
16.067828841507435,32.67,3.36,-0.31
16.069301694631577,32.67,3.35,-0.31
16.070778902620077,32.68,3.36,-0.31
16.072263851761818,32.68,3.35,-0.31
16.07373582571745,32.67,3.35,-0.31
16.07523289322853,32.67,3.35,-0.31
16.0767032019794,32.68,3.35,-0.31
16.07816681265831,32.68,3.36,-0.31
16.079646840691566,32.68,3.35,-0.31
16.081132799386978,32.68,3.35,-0.31
16.082609426230192,32.68,3.36,-0.31
16.084100764244795,32.67,3.35,-0.31
16.08557254076004,32.67,3.35,-0.31
16.08704947307706,32.68,3.35,-0.31
16.088520877063274,32.68,3.35,-0.31
16.09001114591956,32.67,3.35,-0.31
16.09149107709527,32.67,3.35,-0.31
16.09296014904976,32.67,3.35,-0.31
16.094437073916197,32.68,3.35,-0.31
16.095911219716072,32.68,3.35,-0.31
16.097396440804005,32.67,3.35,-0.31
16.1003705188632,32.67,3.35,-0.31
16.103307362645864,32.68,3.35,-0.31
16.10627953708172,32.67,3.35,-0.31
16.109242875128984,32.68,3.35,-0.31
16.11218276247382,32.68,3.35,-0.31
16.115151584148407,32.68,3.35,-0.31
16.11810754239559,32.68,3.35,-0.31
16.121061123907566,32.67,3.35,-0.31
16.124015506356955,32.68,3.35,-0.31
16.12698220089078,32.68,3.35,-0.31
16.129941064864397,32.68,3.35,-0.31
16.132890056818724,32.68,3.35,-0.31
16.135856352746487,32.67,3.35,-0.31
16.13879930600524,32.68,3.35,-0.31
16.141760475933552,32.68,3.35,-0.31
16.14471336454153,32.68,3.35,-0.31
16.147679902613163,32.68,3.35,-0.31
16.150632593780756,32.68,3.35,-0.31
16.15359465777874,32.68,3.35,-0.32
16.15655056014657,32.68,3.35,-0.31
16.159506853669882,32.67,3.35,-0.31
16.16246121749282,32.67,3.35,-0.31
16.16542049869895,32.68,3.35,-0.31
16.168382931500673,32.67,3.35,-0.31
16.17134514451027,32.68,3.35,-0.31
16.174292352050543,32.68,3.35,-0.31
16.175777301192284,32.68,3.36,-0.31
16.17725870758295,32.67,3.35,-0.31
16.178743932396173,32.67,3.35,-0.31
16.18022219464183,32.67,3.35,-0.31
16.181691702455282,32.67,3.35,-0.31
16.183176022022963,32.68,3.35,-0.31
16.184654094278812,32.68,3.36,-0.31
16.186132337898016,32.68,3.36,-0.31
16.187612928450108,32.67,3.35,-0.31
16.189087249338627,32.67,3.35,-0.31
16.190563894808292,32.67,3.35,-0.31
16.19203580915928,32.67,3.35,-0.31
16.193524837493896,32.67,3.35,-0.31
16.19499909877777,32.67,3.35,-0.31
16.19647992402315,32.67,3.35,-0.31
16.199438869953156,32.67,3.35,-0.31
16.202400140464306,32.67,3.35,-0.31
16.20535570010543,32.67,3.35,-0.31
16.208322271704674,32.67,3.36,-0.31
16.211264722049236,32.67,3.36,-0.31
16.212744612246752,32.67,3.35,-0.32
16.214232236146927,32.67,3.36,-0.31
16.21570485830307,32.67,3.36,-0.31
16.217189345508814,32.67,3.36,-0.31
16.218661479651928,32.67,3.36,-0.31
16.220150269567966,32.67,3.36,-0.31
16.221632312983274,32.67,3.36,-0.31
16.223104558885098,32.67,3.36,-0.31
16.224580239504576,32.67,3.36,-0.31
16.22605738788843,32.67,3.36,-0.31
16.227537717670202,32.67,3.36,-0.31
16.229019336402416,32.67,3.36,-0.31
16.230501029640436,32.67,3.36,-0.31
16.231976617127657,32.67,3.36,-0.31
16.233454421162605,32.67,3.36,-0.31
16.23494427278638,32.67,3.35,-0.32
16.236413344740868,32.67,3.35,-0.31
16.237900845706463,32.67,3.36,-0.31
16.23937349766493,32.67,3.36,-0.31
16.240841161459684,32.67,3.36,-0.31
16.242335971444845,32.67,3.35,-0.31
16.243813060224056,32.67,3.35,-0.31
16.24529452994466,32.68,3.35,-0.31
16.246773913502693,32.67,3.35,-0.32
16.248257849365473,32.67,3.35,-0.32
16.24971552193165,32.67,3.35,-0.31
16.251201678067446,32.67,3.35,-0.31
16.2526731826365,32.67,3.35,-0.31
16.254168935120106,32.68,3.35,-0.32
16.25564407929778,32.67,3.35,-0.31
16.25712425634265,32.67,3.35,-0.31
16.25859235227108,32.68,3.35,-0.31
16.260077130049467,32.68,3.35,-0.31
16.26154624298215,32.68,3.35,-0.31
16.263025917112827,32.67,3.35,-0.31
16.264523424208164,32.66,3.32,-0.32
16.265992488712072,32.66,3.3,-0.31
16.26746766641736,32.66,3.3,-0.31
16.268943544477224,32.66,3.3,-0.32
16.27043679729104,32.66,3.3,-0.31
16.271906670182943,32.68,3.3,-0.31
16.273381907492876,32.68,3.3,-0.31
16.274858687072992,32.68,3.3,-0.31
16.27634545788169,32.67,3.3,-0.31
16.277828063815832,32.67,3.3,-0.31
16.27930000051856,32.67,3.3,-0.31
16.28078344091773,32.67,3.31,-0.31
16.28227923437953,32.67,3.3,-0.31
16.283734619617462,32.67,3.3,-0.31
16.285220939666033,32.67,3.3,-0.31
16.286706805229187,32.67,3.3,-0.31
16.28817132860422,32.68,3.31,-0.31
16.289653040468693,32.68,3.3,-0.32
16.291132047772408,32.67,3.3,-0.32
16.29262064769864,32.68,3.3,-0.31
16.294096775352955,32.68,3.3,-0.31
16.298527859151363,32.68,3.3,-0.31
16.301486790180206,32.68,3.3,-0.31
16.30444110184908,32.68,3.3,-0.31
16.307396799325943,32.67,3.31,-0.31
16.310369670391083,32.68,3.3,-0.31
16.313315827399492,32.68,3.3,-0.3
16.316281534731388,32.68,3.3,-0.31
16.31924230977893,32.68,3.3,-0.32
16.322190295904875,32.67,3.3,-0.31
16.325141571462154,32.67,3.31,-0.31
16.32811826094985,32.67,3.31,-0.31
16.33106203377247,32.67,3.31,-0.31
16.33402033895254,32.67,3.31,-0.31
16.33698432892561,32.67,3.31,-0.31
16.339952033013105,32.67,3.31,-0.31
16.34290035814047,32.67,3.31,-0.31
16.345859169960022,32.67,3.31,-0.31
16.348813388496637,32.68,3.31,-0.31
16.35177282989025,32.67,3.31,-0.31
16.35473572462797,32.66,3.3,-0.31
16.35769159346819,32.68,3.3,-0.31
16.360646437853575,32.69,3.31,-0.31
16.36362886428833,32.68,3.31,-0.31
16.366566110402346,32.67,3.29,-0.31
16.36951433494687,32.68,3.3,-0.31
16.371008791029453,32.68,3.3,-0.31
16.372489623725414,32.68,3.3,-0.31
16.373967796564102,32.68,3.3,-0.31
16.375446662306786,32.69,3.3,-0.31
16.376921497285366,32.69,3.3,-0.31
16.378402650356293,32.69,3.3,-0.31
16.379874140024185,32.69,3.3,-0.31
16.381352566182613,32.69,3.3,-0.31
16.382843732833862,32.68,3.3,-0.31
16.38431168347597,32.68,3.3,-0.31
16.385788440704346,32.68,3.3,-0.31
16.387272756546736,32.68,3.3,-0.31
16.388742208480835,32.69,3.3,-0.31
16.390235155820847,32.68,3.3,-0.31
16.391715314239264,32.68,3.3,-0.31
16.393186673521996,32.69,3.3,-0.31
16.396156508475542,32.68,3.3,-0.31
16.39910101890564,32.68,3.3,-0.31
16.402055520564318,32.68,3.3,-0.31
16.40502192825079,32.68,3.3,-0.31
16.407977283000946,32.68,3.3,-0.31
16.4109339825809,32.69,3.3,-0.31
16.41390671953559,32.68,3.3,-0.31
16.416867312043905,32.69,3.3,-0.31
16.41982138901949,32.68,3.3,-0.31
16.422766231000423,32.68,3.3,-0.31
16.425747096538544,32.68,3.3,-0.31
16.42868234962225,32.68,3.3,-0.31
16.43163549900055,32.68,3.3,-0.31
16.43313105031848,32.68,3.3,-0.31
16.434616658836603,32.68,3.3,-0.31
16.436079524457455,32.68,3.3,-0.31
16.43755265697837,32.68,3.3,-0.31
16.439037054777145,32.68,3.3,-0.31
16.440509002655745,32.68,3.3,-0.31
16.44200338795781,32.68,3.3,-0.31
16.44346296787262,32.68,3.3,-0.31
16.444960672408342,32.68,3.3,-0.31
16.446422193199396,32.69,3.3,-0.31
16.447920471429825,32.68,3.3,-0.31
16.449390575289726,32.68,3.3,-0.31
16.450865156948566,32.68,3.3,-0.31
16.452344678342342,32.68,3.3,-0.31
16.453822810202837,32.68,3.3,-0.31
16.455300614237785,32.68,3.3,-0.31
16.456771660596132,32.68,3.3,-0.31
16.458259753882885,32.68,3.3,-0.31
16.459744684398174,32.68,3.3,-0.31
16.461221028119326,32.68,3.3,-0.31
16.46270974725485,32.68,3.3,-0.31
16.46417174488306,32.68,3.3,-0.31
16.46566390991211,32.68,3.3,-0.31
16.46713151037693,32.68,3.3,-0.31
16.46861842274666,32.68,3.3,-0.31
16.47009650245309,32.68,3.3,-0.31
16.47157172113657,32.68,3.3,-0.31
16.473060831427574,32.68,3.3,-0.31
16.4745343439281,32.68,3.3,-0.31
16.476006045937538,32.68,3.3,-0.31
16.47748414799571,32.68,3.29,-0.31
16.47896795347333,32.68,3.3,-0.31
16.480446811765432,32.68,3.29,-0.31
16.481926705688238,32.68,3.3,-0.31
16.483421202749014,32.67,3.3,-0.31
16.484883546829224,32.68,3.3,-0.31
16.48634822294116,32.68,3.29,-0.31
16.487844850867987,32.69,3.3,-0.31
16.489310305565596,32.69,3.3,-0.31
16.49080230295658,32.68,3.3,-0.31
16.492283891886473,32.68,3.3,-0.31
16.495246935635805,32.68,3.3,-0.31
16.4982139877975,32.68,3.3,-0.31
16.50115852802992,32.68,3.3,-0.31
16.504109412431717,32.68,3.3,-0.31
16.507083799690008,32.68,3.3,-0.31
16.510043382644653,32.68,3.3,-0.31
16.512985073029995,32.69,3.29,-0.31
16.515962921082973,32.68,3.3,-0.31
16.518890846520662,32.68,3.29,-0.31
16.521847404539585,32.68,3.29,-0.31
16.524823136627674,32.68,3.29,-0.31
16.52777634561062,32.68,3.29,-0.31
16.530752886086702,32.68,3.3,-0.31
16.53220183774829,32.68,3.3,-0.31
16.533684372901917,32.68,3.29,-0.31
16.535185892134905,32.68,3.3,-0.31
16.536638371646404,32.68,3.3,-0.31
16.538112863898277,32.68,3.29,-0.31
16.539600539952517,32.68,3.29,-0.31
16.541094433516264,32.68,3.29,-0.31
16.54256522655487,32.68,3.29,-0.31
16.544039860367775,32.68,3.29,-0.31
16.545525908470154,32.68,3.3,-0.31
16.547016572207212,32.68,3.3,-0.31
16.548492830246687,32.68,3.29,-0.31
16.549977850168943,32.68,3.29,-0.31
16.551435437053442,32.68,3.29,-0.31
16.552916150540113,32.68,3.29,-0.31
16.554392457008362,32.68,3.29,-0.31
16.555873908102512,32.68,3.29,-0.31
16.557349603623152,32.68,3.29,-0.31
16.55882866680622,32.68,3.29,-0.31
16.56030936166644,32.68,3.3,-0.31
16.561797872185707,32.68,3.3,-0.31
16.563289362937212,32.68,3.29,-0.31
16.564747475087643,32.68,3.29,-0.31
16.566226918250322,32.68,3.3,-0.31
16.567698884755373,32.68,3.3,-0.31
16.56918816268444,32.68,3.29,-0.31
16.570659942924976,32.68,3.29,-0.31
16.57214368134737,32.68,3.3,-0.31
16.57361739128828,32.68,3.3,-0.31
16.575114987790585,32.68,3.3,-0.31
16.57657876610756,32.68,3.3,-0.31
16.57805398479104,32.68,3.3,-0.31
16.579536087810993,32.68,3.3,-0.31
16.58101888373494,32.69,3.3,-0.31
16.582499966025352,32.68,3.3,-0.31
16.583975110203028,32.68,3.3,-0.31
16.585442561656237,32.68,3.3,-0.31
16.586932089179754,32.68,3.3,-0.31
16.58841536194086,32.68,3.3,-0.31
16.589886959642172,32.68,3.3,-0.31
16.59284880757332,32.68,3.29,-0.31
16.59582768753171,32.68,3.3,-0.31
16.598764553666115,32.68,3.3,-0.31
16.60173826292157,32.68,3.3,-0.31
16.60470261797309,32.68,3.3,-0.31
16.607659593224525,32.68,3.3,-0.31
16.610615015029907,32.68,3.3,-0.31
16.613554500043392,32.68,3.3,-0.31
16.61649790406227,32.68,3.3,-0.31
16.61948849260807,32.68,3.3,-0.31
16.62242693454027,32.68,3.3,-0.31
16.625407118350267,32.68,3.3,-0.31
16.628341298550367,32.68,3.29,-0.31
16.631292860955,32.68,3.29,-0.31
16.634273383766413,32.68,3.29,-0.31
16.637231275439262,32.68,3.29,-0.31
16.640180975198746,32.67,3.29,-0.31
16.64314468204975,32.68,3.29,-0.31
16.646089632064104,32.68,3.29,-0.31
16.649045910686255,32.68,3.29,-0.31
16.652005530893803,32.68,3.29,-0.31
16.654986582696438,32.68,3.29,-0.31
16.65792467072606,32.68,3.29,-0.31
16.660892970860004,32.68,3.29,-0.31
16.66384706273675,32.68,3.29,-0.31
16.66679810732603,32.68,3.29,-0.31
16.66977772861719,32.68,3.29,-0.31
16.672711994498968,32.68,3.29,-0.31
16.67569200322032,32.68,3.29,-0.31
16.678644955158234,32.68,3.29,-0.31
16.681598655879498,32.68,3.29,-0.31
16.684556741267443,32.68,3.29,-0.31
16.68751971051097,32.68,3.29,-0.31
16.688979350030422,32.68,3.29,-0.31
16.690462183207273,32.68,3.29,-0.31
16.691944021731615,32.68,3.29,-0.31
16.6934299133718,32.68,3.29,-0.31
16.69490148872137,32.68,3.29,-0.31
16.69637268781662,32.68,3.29,-0.31
16.69786947965622,32.68,3.29,-0.31
16.69933146983385,32.68,3.29,-0.31
16.700804267078638,32.68,3.29,-0.31
16.702292758971453,32.68,3.29,-0.31
16.703781843185425,32.68,3.29,-0.31
16.70525659248233,32.68,3.29,-0.31
16.70673119276762,32.68,3.29,-0.31
16.708197738975286,32.68,3.29,-0.31
16.70968595147133,32.68,3.29,-0.31
16.711171843111515,32.68,3.29,-0.31
16.712645556777716,32.68,3.29,-0.31
16.71412545442581,32.68,3.29,-0.31
16.71561697497964,32.68,3.29,-0.31
16.717080011963844,32.68,3.29,-0.31
16.718564733862877,32.68,3.29,-0.31
16.72004084661603,32.68,3.29,-0.31
16.721534945070744,32.68,3.29,-0.31
16.722997467964888,32.68,3.29,-0.31
16.724483024328947,32.68,3.29,-0.31
16.72595451027155,32.68,3.29,-0.31
16.727436304092407,32.68,3.29,-0.31
16.728918939828873,32.68,3.29,-0.31
16.73039184510708,32.68,3.29,-0.31
16.731878980994225,32.68,3.29,-0.31
16.733347810804844,32.68,3.29,-0.31
16.734827049076557,32.68,3.29,-0.31
16.736306753009558,32.68,3.29,-0.31
16.737794693559408,32.68,3.29,-0.31
16.739264953881502,32.68,3.29,-0.31
16.740746159106493,32.68,3.29,-0.31
16.742223020642996,32.68,3.29,-0.31
16.74370163679123,32.68,3.29,-0.31
16.745182678103447,32.68,3.29,-0.31
16.74666340276599,32.68,3.29,-0.31
16.748140644282103,32.68,3.29,-0.31
16.74961718171835,32.68,3.29,-0.31
16.751098856329918,32.68,3.29,-0.31
16.752577181905508,32.67,3.28,-0.31
16.754058118909597,32.68,3.29,-0.31
16.755543004721403,32.68,3.29,-0.31
16.75700570642948,32.68,3.28,-0.31
16.758488107472658,32.68,3.29,-0.31
16.75998394563794,32.68,3.28,-0.31
16.76145915314555,32.68,3.28,-0.31
16.76293347030878,32.68,3.28,-0.31
16.76440955325961,32.68,3.28,-0.31
16.765896253287792,32.68,3.28,-0.31
16.767357870936394,32.68,3.28,-0.31
16.76884065195918,32.68,3.28,-0.31
16.77031997591257,32.68,3.28,-0.31
16.771807827055454,32.68,3.28,-0.31
16.77327572181821,32.68,3.28,-0.31
16.77475220710039,32.68,3.28,-0.31
16.776239901781082,32.68,3.28,-0.31
16.777718137949705,32.68,3.28,-0.31
16.77919766306877,32.68,3.28,-0.31
16.78067807108164,32.68,3.28,-0.31
16.782157987356186,32.68,3.28,-0.31
16.78364211320877,32.68,3.28,-0.31
16.785113729536533,32.68,3.28,-0.31
16.786598920822144,32.68,3.28,-0.31
16.789548594504595,32.68,3.28,-0.31
16.792532168328762,32.68,3.28,-0.31
16.795491490513086,32.67,3.28,-0.31
16.798425640910864,32.67,3.28,-0.31
16.801385045051575,32.68,3.28,-0.31
16.8043648712337,32.68,3.28,-0.31
16.807320158928633,32.68,3.28,-0.31
16.81026154011488,32.67,3.28,-0.31
16.813237197697163,32.68,3.28,-0.31
16.816179033368826,32.68,3.28,-0.31
16.819142766296864,32.68,3.28,-0.31
16.82209324091673,32.68,3.28,-0.31
16.825066976249218,32.67,3.28,-0.31
16.828022088855505,32.68,3.28,-0.31
16.830981392413378,32.68,3.28,-0.31
16.833934422582388,32.68,3.28,-0.31
16.83687875047326,32.68,3.28,-0.31
16.839839980006218,32.68,3.28,-0.31
16.842793572694063,32.68,3.28,-0.31
16.845771335065365,32.68,3.28,-0.31
16.848707795143127,32.68,3.28,-0.31
16.850188713520765,32.68,3.28,-0.31
16.851670917123556,32.68,3.28,-0.31
16.853146985173225,32.68,3.28,-0.31
16.854622315615416,32.68,3.28,-0.31
16.85610232502222,32.68,3.28,-0.31
16.85757628083229,32.68,3.28,-0.31
16.859078105539083,32.68,3.28,-0.31
16.860542569309473,32.67,3.28,-0.31
16.862019322812557,32.68,3.28,-0.31
16.863507077097893,32.68,3.28,-0.31
16.864973701536655,32.68,3.28,-0.31
16.866448909044266,32.67,3.28,-0.31
16.867936119437218,32.68,3.28,-0.31
16.869409408420324,32.67,3.28,-0.31
16.87088956311345,32.68,3.28,-0.31
16.87236875295639,32.67,3.28,-0.31
16.87384932488203,32.68,3.28,-0.31
16.87533813714981,32.68,3.28,-0.31
16.876806534826756,32.68,3.28,-0.31
16.87829400971532,32.68,3.28,-0.31
16.879777643829584,32.68,3.28,-0.31
16.881246086210012,32.68,3.28,-0.31
16.88272514566779,32.68,3.28,-0.31
16.884202886372805,32.68,3.28,-0.31
16.88716409355402,32.68,3.28,-0.31
16.89012972265482,32.67,3.28,-0.31
16.89307526126504,32.68,3.28,-0.31
16.896033015102148,32.68,3.28,-0.31
16.89899243786931,32.68,3.28,-0.31
16.90194196999073,32.68,3.28,-0.31
16.90493155270815,32.68,3.28,-0.31
16.90785636752844,32.68,3.28,-0.31
16.910817563533783,32.68,3.28,-0.31
16.913785241544247,32.68,3.28,-0.31
16.91676015406847,32.68,3.28,-0.31
16.919697176665068,32.68,3.28,-0.31
16.922645088285208,32.68,3.28,-0.31
16.925617769360542,32.68,3.28,-0.31
16.928572595119476,32.68,3.27,-0.31
16.931529339402914,32.67,3.28,-0.31
16.934504702687263,32.67,3.28,-0.31
16.93744945526123,32.67,3.28,-0.31
16.94041048362851,32.67,3.28,-0.31
16.943373050540686,32.67,3.28,-0.31
16.946326836943626,32.68,3.28,-0.31
16.947793167084455,32.68,3.28,-0.31
16.94927392527461,32.68,3.28,-0.31
16.950748287141323,32.68,3.28,-0.31
16.952236764132977,32.68,3.28,-0.31
16.95371527224779,32.68,3.28,-0.31
16.955190651118755,32.67,3.28,-0.31
16.9566851221025,32.67,3.28,-0.31
16.958147261291742,32.68,3.28,-0.31
16.95963178575039,32.67,3.28,-0.31
16.96111536771059,32.67,3.28,-0.31
16.962581496685743,32.67,3.28,-0.31
16.96407263353467,32.67,3.28,-0.31
16.96554734930396,32.67,3.28,-0.31
16.96701977774501,32.67,3.28,-0.31
16.96849312633276,32.67,3.28,-0.31
16.969980910420418,32.68,3.28,-0.31
16.971463043242693,32.67,3.28,-0.31
16.972945794463158,32.67,3.28,-0.31
16.97440977394581,32.67,3.28,-0.31
16.975889898836613,32.68,3.28,-0.31
16.97737368196249,32.68,3.28,-0.31
16.978854298591614,32.67,3.28,-0.31
16.980344515293837,32.67,3.28,-0.31
16.981807567179203,32.67,3.28,-0.31
16.98329336196184,32.67,3.28,-0.31
16.98626421391964,32.68,3.28,-0.31
16.98920914158225,32.67,3.28,-0.31
16.992166455835104,32.68,3.28,-0.31
16.9951442591846,32.67,3.28,-0.31
16.99808096140623,32.67,3.28,-0.31
17.001057416200638,32.67,3.28,-0.31
17.004001684486866,32.67,3.28,-0.31
17.00696912035346,32.67,3.28,-0.31
17.008428648114204,32.67,3.28,-350.95
17.009908363223076,32.67,3.28,-0.31
17.01139098033309,32.67,3.28,-0.31
17.012867271900177,32.67,3.28,-0.31
17.01436597108841,32.67,3.28,-0.31
17.015829846262932,32.67,3.28,-0.31
17.0173071436584,32.67,3.28,-0.31
17.018780522048473,32.67,3.28,-0.31
17.02027227729559,32.67,3.28,-0.31
17.02174624800682,32.67,3.28,-0.31
17.023240204900503,32.67,3.28,-0.31
17.024702988564968,32.67,3.28,-0.31
17.026188887655735,32.68,3.28,-0.31
17.02765827998519,32.67,3.28,-0.31
17.02915570512414,32.68,3.28,-0.31
17.030617460608482,32.68,3.28,-0.31
17.03209711611271,32.67,3.28,-0.31
17.033573616296053,32.68,3.27,-0.31
17.035057231783867,32.67,3.27,-0.31
17.03652672097087,32.67,3.28,-0.31
17.038004275411367,32.67,3.28,-0.31
17.03950309753418,32.67,3.28,-0.31
17.0409834086895,32.68,3.28,-0.31
17.04243629053235,32.67,3.27,-0.31
17.043926652520895,32.67,3.27,-0.31
17.045404464006424,32.67,3.27,-0.31
17.046883650124073,32.67,3.27,-0.31
17.048375468701124,32.67,3.27,-0.31
17.04984699934721,32.67,3.28,-0.31
17.051325481384993,32.68,3.28,-0.31
17.052794560790062,32.68,3.28,-0.31
17.05427808314562,32.67,3.28,-0.31
17.055767610669136,32.67,3.28,-0.31
17.057239469140768,32.67,3.27,-0.31
17.058723509311676,32.68,3.27,-0.31
17.06019663438201,32.68,3.27,-0.31
17.061680257320404,32.67,3.27,-0.31
17.063155207782984,32.67,3.27,-0.31
17.064623773097992,32.67,3.28,-0.31
17.066113095730543,32.67,3.27,-0.31
17.067582707852125,32.67,3.27,-0.31
17.069066889584064,32.67,3.27,-0.31
17.070549104362726,32.68,3.27,-0.31
17.072027646005154,32.67,3.27,-0.31
17.073507495224476,32.68,3.27,-0.31
17.07499138265848,32.68,3.27,-0.31
17.076469335705042,32.68,3.27,-0.31
17.077951662242413,32.68,3.28,-0.31
17.079444736242294,32.68,3.28,-0.31
17.08090803027153,32.67,3.27,-0.31
17.0838533192873,32.67,3.28,-0.31
17.08682094141841,32.68,3.27,-0.31
17.089774306863546,32.67,3.27,-0.31
17.09274949133396,32.67,3.27,-0.31
17.095710657536983,32.68,3.28,-0.31
17.09864703193307,32.67,3.27,-0.31
17.101609453558922,32.68,3.27,-0.31
17.104585886001587,32.68,3.27,-0.31
17.107532054185867,32.68,3.27,-0.31
17.11046563833952,32.67,3.27,-0.31
17.113443106412888,32.68,3.27,-0.31
17.116400837898254,32.68,3.27,-0.31
17.119348842650652,32.67,3.27,-0.31
17.12230872735381,32.67,3.27,-0.31
17.12529118731618,32.67,3.27,-0.31
17.128224223852158,32.67,3.27,-0.31
17.131197962909937,32.67,3.27,-0.31
17.13414278998971,32.67,3.27,-0.31
17.137102480977774,32.67,3.27,-0.31
17.140053030103445,32.68,3.27,-0.31
17.143031787127256,32.68,3.27,-0.31
17.14598836377263,32.67,3.27,-0.31
17.14894024655223,32.67,3.27,-0.31
17.151889346539974,32.68,3.27,-0.31
17.154854729771614,32.68,3.27,-0.31
17.15782553702593,32.67,3.27,-0.31
17.160754788666964,32.68,3.27,-0.31
17.163717057555914,32.68,3.27,-0.31
17.166687678545713,32.67,3.27,-0.31
17.169637951999903,32.67,3.27,-0.31
17.171111322939396,32.67,3.27,-0.31
17.172582384198904,32.67,3.27,-0.31
17.174069691449404,32.67,3.27,-0.31
17.175545446574688,32.67,3.27,-0.31
17.177028510719538,32.68,3.27,-0.31
17.178501181304455,32.68,3.27,-0.31
17.179989013820887,32.68,3.27,-0.31
17.1829415820539,32.68,3.27,-0.31
17.185906540602446,32.67,3.27,-0.31
17.18887234479189,32.67,3.27,-0.31
17.191823579370975,32.67,3.27,-0.31
17.194776501506567,32.68,3.27,-0.31
17.197726607322693,32.67,3.27,-0.31
17.200695391744375,32.68,3.27,-0.31
17.202169556170702,32.67,3.27,-0.31
17.203649561852217,32.67,3.27,-0.31
17.20513106137514,32.68,3.26,-0.31
17.20661087334156,32.68,3.27,-0.31
17.208096612244844,32.68,3.26,-0.31
17.209561325609684,32.68,3.26,-0.31
17.21105097234249,32.68,3.26,-0.31
17.212522469460964,32.67,3.26,-0.31
17.214000713080168,32.67,3.27,-0.31
17.215503226965666,32.68,3.27,-0.31
17.21696600690484,32.68,3.26,-0.31
17.218446251004934,32.67,3.26,-0.31
17.219914339482784,32.68,3.26,-0.31
17.221412405371666,32.68,3.26,-0.31
17.222879648208618,32.68,3.26,-0.31
17.224349055439234,32.68,3.26,-0.31
17.225837990641594,32.68,3.26,-0.31
17.227305844426155,32.68,3.26,-0.31
17.22879046201706,32.68,3.27,-0.31
17.230273082852364,32.68,3.26,-0.31
17.231752436608076,32.67,3.27,-0.31
17.233208309859037,32.67,3.26,-0.31
17.234704956412315,32.67,3.26,-0.31
17.23618223518133,32.68,3.27,-0.31
17.237659562379122,32.67,3.27,-0.31
17.23915322870016,32.68,3.26,-0.31
17.240628469735384,32.68,3.26,-0.31
17.24210237339139,32.67,3.26,-0.31
17.243566133081913,32.68,3.26,-0.31
17.24507061764598,32.68,3.26,-0.31
17.246559165418148,32.68,3.26,-0.31
17.248012498021126,32.68,3.27,-0.31
17.249499049037695,32.67,3.26,-0.31
17.250985220074654,32.68,3.26,-0.31
17.25245639681816,32.68,3.26,-0.31
17.253927301615477,32.68,3.26,-0.31
17.2554132938385,32.68,3.26,-0.31
17.256892412900925,32.68,3.26,-0.31
17.258359622210264,32.68,3.26,-0.31
17.259861323982477,32.68,3.26,-0.31
17.26132444292307,32.67,3.26,-0.31
17.262810189276934,32.67,3.26,-0.31
17.26427659392357,32.68,3.26,-0.31
17.265770077705383,32.68,3.26,-0.31
17.267249941825867,32.68,3.26,-0.31
17.268712926656008,32.68,3.26,-0.31
17.270199973136187,32.68,3.26,-0.31
17.271682932972908,32.68,3.26,-0.31
17.273154873400927,32.68,3.26,-0.31
17.274636175483465,32.68,3.26,-0.31
17.27610282227397,32.68,3.26,-0.31
17.2775946483016,32.68,3.26,-0.31
17.27906822040677,32.67,3.26,-0.31
17.282052859663963,32.68,3.26,-0.31
17.285001315176487,32.68,3.26,-0.31
17.2879655957222,32.67,3.26,-0.31
17.29090031608939,32.68,3.26,-0.31
17.293862365186214,32.68,3.26,-0.31
17.296835709363222,32.68,3.26,-0.31
17.299792803823948,32.68,3.26,-0.31
17.30273775011301,32.68,3.26,-0.31
17.305692121386528,32.67,3.26,-0.31
17.30865228921175,32.68,3.26,-0.31
17.3116065710783,32.68,3.26,-0.31
17.314584083855152,32.68,3.26,-0.31
17.31752458959818,32.67,3.26,-0.31
17.32048884406686,32.67,3.26,-0.31
17.32343541458249,32.68,3.26,-0.31
17.326408050954342,32.68,3.26,-0.31
17.329368621110916,32.68,3.26,-0.31
17.330832675099373,32.67,3.26,-0.31
17.33231269195676,32.67,3.26,-0.31
17.333796601742506,32.67,3.26,-0.31
17.335264910012484,32.68,3.26,-0.31
17.336759380996227,32.68,3.26,-0.31
17.33824574574828,32.68,3.26,-0.31
17.339705999940634,32.68,3.26,-0.31
17.34119962900877,32.68,3.26,-0.31
17.342667412012815,32.68,3.26,-0.31
17.3441605232656,32.68,3.26,-0.31
17.345619820058346,32.68,3.26,-0.31
17.347112108021975,32.68,3.26,-0.31
17.348575733602047,32.67,3.26,-0.31
17.35005398467183,32.67,3.26,-0.31
17.351542945951223,32.67,3.26,-0.31
17.353027880191803,32.67,3.25,-0.31
17.35450605303049,32.68,3.25,-0.31
17.355974469333887,32.68,3.25,-0.31
17.357445519417524,32.68,3.25,-0.31
17.35892726480961,32.68,3.26,-0.31
17.36040260270238,32.68,3.26,-0.31
17.361909545958042,32.68,3.25,-0.31
17.363365549594164,32.68,3.26,-0.31
17.364840012043715,32.68,3.25,-0.31
17.366327334195375,32.68,3.26,-0.31
17.36780807748437,32.68,3.25,-0.31
17.36929415538907,32.68,3.25,-0.31
17.370767530053854,32.68,3.25,-0.31
17.372246995568275,32.68,3.25,-0.31
17.37372438237071,32.67,3.26,-0.31
17.37518836930394,32.68,3.25,-0.31
17.376685481518507,32.68,3.25,-0.31
17.379647083580494,32.68,3.25,-0.31
17.38260319456458,32.68,3.25,-0.31
17.385557863861322,32.67,3.26,-0.31
17.38851211220026,32.68,3.25,-0.31
17.391499433666468,32.68,3.25,-0.31
17.394423447549343,32.68,3.25,-0.31
17.397375877946615,32.68,3.25,-0.31
17.40034258365631,32.68,3.25,-0.31
17.40329497307539,32.68,3.25,-0.31
17.406253531575203,32.67,3.25,-0.31
17.409208856523037,32.68,3.25,-0.31
17.412169363349676,32.68,3.25,-0.31
17.415133744478226,32.68,3.25,-0.31
17.4180912040174,32.67,3.26,-0.31
17.421059872955084,32.68,3.25,-0.31
17.424022663384676,32.67,3.26,-0.31
17.42695751786232,32.67,3.25,-0.31
17.42990630865097,32.67,3.25,-0.31
17.432897053658962,32.67,3.26,-0.31
17.435833778232336,32.68,3.26,-0.31
17.438794534653425,32.68,3.26,-0.31
17.441749073565006,32.67,3.26,-0.31
17.44469580054283,32.68,3.26,-0.31
17.447667557746172,32.68,3.26,-0.31
17.450641945004463,32.68,3.26,-0.31
17.453589390963316,32.68,3.26,-0.31
17.455060549080372,32.67,3.26,-0.31
17.45653398707509,32.68,3.26,-0.31
17.458027716726065,32.68,3.26,-0.31
17.45948899909854,32.68,3.26,-0.31
17.460981111973524,32.68,3.26,-0.31
17.462458841502666,32.68,3.26,-0.31
17.463930383324623,32.68,3.26,-0.31
17.4654146656394,32.68,3.26,-0.31
17.466911423951387,32.67,3.26,-0.31
17.468383982777596,32.68,3.26,-0.31
17.469844169914722,32.68,3.26,-0.31
17.471331652253866,32.67,3.26,-0.31
17.472799263894558,32.67,3.26,-0.31
17.474280960857868,32.67,3.26,-0.31
17.475765462964773,32.67,3.26,-0.31
17.478727370500565,32.68,3.26,-0.31
17.481698095798492,32.68,3.26,-0.31
17.48464361578226,32.67,3.26,-0.31
17.48760160431266,32.68,3.27,-0.31
17.490550450980663,32.68,3.26,-0.31
17.49202437326312,32.67,3.26,-0.31
17.493509277701378,32.67,3.27,-0.31
17.494988456368446,32.68,3.27,-0.31
17.49647492915392,32.67,3.27,-0.31
17.497948616743088,32.68,3.27,-0.31
17.49942946434021,32.67,3.26,-0.31
17.50092701241374,32.68,3.27,-0.31
17.50238397344947,32.68,3.27,-0.31
17.503865353763103,32.67,3.27,-0.31
17.505343794822693,32.67,3.27,-0.31
17.506826475262642,32.67,3.27,-0.31
17.508302927017212,32.67,3.27,-0.31
17.509778190404177,32.68,3.27,-0.31
17.511274352669716,32.67,3.27,-0.31
17.512749798595905,32.67,3.27,-0.31
17.514208436012268,32.67,3.27,-0.31
17.51569316908717,32.68,3.27,-0.31
17.517175409942865,32.68,3.27,-0.31
17.518655002117157,32.68,3.27,-0.31
17.52014024183154,32.67,3.27,-0.31
17.521611757576466,32.67,3.27,-0.31
17.523101713508368,32.68,3.27,-0.31
17.524566933512688,32.68,3.27,-0.31
17.526049058884382,32.68,3.27,-0.31
17.527526706457138,32.67,3.27,-0.31
17.52900319173932,32.67,3.27,-0.31
17.53049471601844,32.68,3.27,-0.31
17.531961355358362,32.68,3.27,-0.31
17.533441852778196,32.67,3.27,-0.31
17.53491435199976,32.67,3.27,-0.31
17.536393485963345,32.68,3.27,-0.31
17.537873473018408,32.68,3.27,-0.31
17.539363730698824,32.67,3.27,-0.31
17.54083364456892,32.67,3.27,-0.31
17.542329285293818,32.67,3.27,-0.31
17.543785259127617,32.67,3.27,-0.31
17.545287668704987,32.68,3.27,-0.31
17.546772200614214,32.68,3.27,-0.31
17.54823962971568,32.67,3.27,-0.31
17.549707647413015,32.67,3.27,-0.31
17.5511986464262,32.68,3.27,-0.31
17.5526632219553,32.68,3.27,-0.31
17.55416378751397,32.67,3.27,-0.31
17.555628590285778,32.67,3.27,-0.31
17.55710304901004,32.67,3.27,-0.31
17.55858378112316,32.67,3.27,-0.31
17.56007444486022,32.67,3.27,-0.31
17.561550691723824,32.67,3.27,-0.31
17.56301874667406,32.68,3.27,-0.31
17.56450278684497,32.68,3.27,-0.31
17.565975438803434,32.67,3.27,-0.31
17.56746220216155,32.67,3.27,-0.31
17.56892665103078,32.67,3.27,-0.31
17.570421930402517,32.67,3.27,-0.31
17.571916434913874,32.68,3.27,-0.31
17.573382902890444,32.67,3.27,-0.31
17.57634261250496,32.67,3.27,-0.31
17.579289000481367,32.67,3.27,-0.31
17.582241013646126,32.68,3.27,-0.31
17.58520643785596,32.67,3.27,-0.31
17.58817819133401,32.67,3.27,-0.31
17.591144632548094,32.67,3.27,-0.31
17.594086814671755,32.67,3.27,-0.31
17.597038432955742,32.68,3.28,-0.31
17.599996026605368,32.68,3.27,-0.31
17.60297016426921,32.68,3.27,-0.31
17.60593046247959,32.67,3.27,-0.31
17.6088785007596,32.67,3.27,-0.31
17.611829947680235,32.67,3.28,-0.31
17.614784952253103,32.67,3.28,-0.31
17.617759753018618,32.67,3.28,-0.31
17.620697405189276,32.67,3.28,-0.31
17.623664014041424,32.67,3.28,-0.31
17.626613691449165,32.67,3.28,-0.31
17.62958461046219,32.68,3.28,-0.31
17.632536470890045,32.68,3.28,-0.31
17.635480612516403,32.67,3.28,-0.31
17.6384641751647,32.67,3.28,-0.31
17.641405522823334,32.68,3.28,-0.31
17.64436472952366,32.68,3.28,-0.31
17.647330798208714,32.67,3.27,-0.31
17.65029653161764,32.67,3.27,-0.31
17.651745654642582,32.67,3.28,-0.31
17.65324203297496,32.67,3.27,-0.31
17.654723398387432,32.67,3.28,-0.31
17.65620057284832,32.67,3.28,-0.31
17.657681968063116,32.67,3.28,-0.31
17.659174237400293,32.67,3.28,-0.31
17.660629831254482,32.67,3.27,-0.31
17.662109214812517,32.67,3.27,-0.31
17.663577795028687,32.67,3.27,-0.31
17.665065798908472,32.67,3.27,-0.31
17.66654711216688,32.67,3.27,-0.31
17.668045435100794,32.67,3.27,-0.31
17.669505387544632,32.67,3.27,-0.31
17.670988000929356,32.67,3.27,-0.31
17.67394082248211,32.67,3.27,-0.31
17.676909167319536,32.67,3.27,-0.31
17.67986001074314,32.67,3.27,-0.31
17.682821057736874,32.68,3.28,-0.31
17.68576955422759,32.68,3.27,-0.31
17.68875478953123,32.67,3.28,-0.31
17.691702891141176,32.68,3.27,-0.31
17.694634448736906,32.67,3.28,-0.31
17.697596721351147,32.67,3.27,-0.31
17.70056726783514,32.67,3.28,-0.31
17.703529693186283,32.67,3.28,-0.31
17.706483621150255,32.67,3.28,-0.31
17.707954972982407,32.67,3.28,-0.31
17.70942573621869,32.67,3.28,-0.31
17.710912968963385,32.67,3.28,-0.31
17.71240634843707,32.67,3.28,-0.31
17.71388439461589,32.67,3.27,-0.31
17.715365406125784,32.67,3.28,-0.31
17.716831289231777,32.67,3.28,-0.31
17.71831403300166,32.67,3.28,-0.31
17.719808340072632,32.67,3.28,-0.31
17.72128638625145,32.67,3.28,-0.31
17.722754199057817,32.67,3.28,-0.31
17.724220246076584,32.67,3.28,-0.31
17.725698370486498,32.67,3.28,-0.31
17.72717970237136,32.67,3.28,-0.31
17.728660386055708,32.67,3.28,-0.31
17.73015932366252,32.67,3.28,-0.31
17.73162180185318,32.67,3.28,-0.31
17.733107537031174,32.67,3.28,-0.31
17.734586909413338,32.67,3.28,-0.31
17.73605788499117,32.67,3.28,-0.31
17.73754396289587,32.67,3.28,-0.31
17.739012021571398,32.67,3.28,-0.31
17.74048536643386,32.67,3.28,-0.31
17.741963159292936,32.67,3.28,-0.31
17.743448693305254,32.67,3.28,-0.31
17.744937151670456,32.67,3.28,-0.31
17.746426604688168,32.67,3.28,-0.31
17.747890777885914,32.67,3.28,-0.31
17.74936543405056,32.66,3.28,-0.31
17.750864014029503,32.67,3.28,-0.31
17.752324666827917,32.67,3.28,-0.31
17.75380250811577,32.67,3.28,-0.31
17.755287367850542,32.67,3.28,-0.31
17.756756238639355,32.67,3.28,-0.31
17.758235834538937,32.67,3.28,-0.31
17.759716987609863,32.67,3.28,-0.31
17.761215705424547,32.67,3.28,-0.31
17.762672685086727,32.67,3.28,-0.31
17.76416852325201,32.67,3.28,-0.31
17.765641026198864,32.67,3.28,-0.31
17.767116598784924,32.67,3.28,-0.31
17.768592547625303,32.67,3.28,-0.31
17.77305093407631,32.67,3.28,-0.31
17.77599211782217,32.67,3.28,-0.31
17.778952166438103,32.67,3.28,-0.31
17.781916592270136,32.67,3.28,-0.31
17.7848599255085,32.67,3.28,-0.31
17.787819374352694,32.67,3.28,-0.31
17.79079845547676,32.67,3.28,-0.31
17.793741963803768,32.67,3.28,-0.31
17.796681474894285,32.67,3.28,-0.31
17.799659237265587,32.67,3.28,-0.31
17.802604239434004,32.67,3.28,-0.31
17.805569667369127,32.67,3.29,-0.31
17.808517172932625,32.67,3.29,-0.31
17.810006093233824,32.67,3.29,-0.31
17.811473429203033,32.67,3.29,-0.31
17.812960490584373,32.67,3.29,-0.31
17.814443934708834,32.67,3.29,-0.31
17.815912041813135,32.67,3.28,-0.31
17.81739504262805,32.67,3.28,-0.31
17.81887709721923,32.67,3.29,-0.31
17.820353768765926,32.67,3.29,-0.31
17.82183039933443,32.67,3.29,-0.31
17.823326718062162,32.67,3.29,-0.31
17.824792008846998,32.67,3.29,-0.31
17.82627398520708,32.67,3.29,-0.31
17.827753219753504,32.67,3.29,-0.31
17.829224556684494,32.67,3.29,-0.31
17.830708969384432,32.67,3.29,-0.31
17.832192737609148,32.67,3.29,-0.31
17.833657573908567,32.67,3.29,-0.31
17.83514704182744,32.67,3.29,-0.31
17.83663595467806,32.67,3.29,-0.31
17.838097125291824,32.67,3.29,-0.31
17.839578352868557,32.67,3.29,-0.31
17.84105708450079,32.67,3.29,-0.31
17.84253876283765,32.67,3.29,-0.31
17.844010464847088,32.67,3.29,-0.31
17.845488272607327,32.67,3.29,-0.31
17.846975199878216,32.67,3.29,-0.31
17.84845904633403,32.67,3.29,-0.31
17.84993650764227,32.67,3.29,-0.31
17.851416029036045,32.67,3.29,-0.31
17.852889604866505,32.67,3.29,-0.31
17.854363568127155,32.67,3.29,-0.31
17.85584943369031,32.67,3.29,-0.31
17.857344437390566,32.67,3.29,-0.31
17.858802407979965,32.67,3.29,-0.31
17.860287245362997,32.67,3.29,-0.31
17.8617677167058,32.67,3.29,-0.31
17.8632454238832,32.67,3.29,-0.31
17.86471776291728,32.67,3.29,-0.31
17.866198621690273,32.67,3.29,-0.31
17.8691640868783,32.67,3.29,-0.31
17.87211252003908,32.67,3.29,-0.31
17.875094696879387,32.67,3.29,-0.31
17.878032252192497,32.67,3.29,-0.31
17.880988962948322,32.67,3.29,-0.31
17.883968397974968,32.67,3.29,-0.31
17.88690411671996,32.67,3.29,-0.31
17.889862582087517,32.67,3.29,-0.31
17.89282889291644,32.67,3.29,-0.31
17.895773876458406,32.67,3.29,-0.31
17.898741967976093,32.67,3.29,-0.31
17.901714876294136,32.67,3.29,-0.31
17.90466982126236,32.67,3.29,-0.31
17.90760001167655,32.67,3.29,-0.31
17.910564742982388,32.67,3.29,-0.31
17.913512099534273,32.67,3.29,-0.31
17.916484087705612,32.67,3.29,-0.31
17.919464871287346,32.66,3.29,-0.31
17.922416783869267,32.67,3.29,-0.31
17.925343733280897,32.67,3.29,-0.31
17.92831762507558,32.67,3.29,-0.31
17.931269261986017,32.67,3.29,-0.31
17.93425314500928,32.67,3.29,-0.31
17.937204260379076,32.67,3.29,-0.31
17.940151162445545,32.67,3.29,-0.31
17.94309977814555,32.67,3.29,-0.31
17.946066200733185,32.67,3.28,-0.31
17.949022389948368,32.67,3.29,-0.31
17.951973233371973,32.67,3.28,-0.31
17.954935364425182,32.67,3.29,-0.31
17.95789035782218,32.67,3.29,-0.31
17.960846692323685,32.67,3.28,-0.31
17.962349493056536,32.67,3.29,-0.31
17.963805470615625,32.67,3.29,-0.31
17.96528624370694,32.67,3.29,-0.31
17.968266125768423,32.67,3.28,-0.31
17.972683664411306,32.67,3.29,-0.31
17.97415380179882,32.67,3.29,-0.31
17.975642066448927,32.67,3.29,-0.31
17.977118033915758,32.67,3.28,-0.31
17.978617504239082,32.67,3.28,-0.31
17.98009679093957,32.67,3.28,-0.31
17.98155940696597,32.67,3.28,-0.31
17.98304684460163,32.67,3.29,-0.31
17.98452089726925,32.67,3.28,-0.31
17.985987696796656,32.67,3.28,-0.31
17.987464025616646,32.67,3.28,-0.31
17.988950956612825,32.67,3.29,-0.31
17.990417059510946,32.67,3.28,-0.31
17.991919666528702,32.67,3.28,-0.31
17.993397872895002,32.67,3.28,-0.31
17.994877725839615,32.67,3.28,-0.31
17.996353592723608,32.67,3.28,-0.31
17.997821364551783,32.67,3.28,-0.31
17.999303858727217,32.67,3.28,-0.31
18.000775903463364,32.67,3.28,-0.31
18.002256937325,32.67,3.28,-0.31
18.00373964011669,32.67,3.28,-0.31
18.005226392298937,32.67,3.28,-0.31
18.006696734577417,32.67,3.28,-0.31
18.008161433041096,32.67,3.28,-0.31
18.009658001363277,32.67,3.28,-0.31
18.011129554361105,32.66,3.28,-0.31
18.01262530311942,32.67,3.28,-0.31
18.01410811394453,32.67,3.28,-0.31
18.015561394393444,32.67,3.28,-0.31
18.017041824758053,32.67,3.28,-0.31
18.018528126180172,32.67,3.28,-0.31
18.020011715590954,32.67,3.28,-0.31
18.021474719047546,32.67,3.28,-0.31
18.022965233772993,32.67,3.28,-0.31
18.024458028376102,32.67,3.28,-0.31
18.02592232450843,32.67,3.28,-0.31
18.027404844760895,32.67,3.28,-0.31
18.02889821305871,32.67,3.28,-0.31
18.030360601842403,32.67,3.28,-0.31
18.031830839812756,32.67,3.28,-0.31
18.033318679779768,32.67,3.28,-0.31
18.034786712378263,32.67,3.28,-0.31
18.03628857806325,32.67,3.28,-0.31
18.03774804621935,32.67,3.29,-0.31
18.039232455193996,32.67,3.28,-0.31
18.040711034089327,32.67,3.28,-0.31
18.042181331664324,32.67,3.28,-0.31
18.043665438890457,32.67,3.28,-0.31
18.04515315592289,32.67,3.28,-0.31
18.04663285985589,32.67,3.28,-0.31
18.048108238726854,32.67,3.28,-0.31
18.04958365112543,32.67,3.28,-0.31
18.0510635972023,32.67,3.28,-0.31
18.05253227800131,32.67,3.28,-0.31
18.054017793387175,32.67,3.28,-0.31
18.055497493594885,32.66,3.28,-0.31
18.056972313672304,32.67,3.28,-0.31
18.058456979691982,32.67,3.28,-0.31
18.059932488948107,32.67,3.28,-0.31
18.061413548886776,32.67,3.28,-0.31
18.062891747802496,32.67,3.28,-0.31
18.065854497253895,32.67,3.28,-0.31
18.068812657147646,32.67,3.28,-0.31
18.07178495451808,32.66,3.28,-0.31
18.07471838966012,32.67,3.28,-0.31
18.07768912985921,32.67,3.28,-0.31
18.080641020089388,32.67,3.28,-0.31
18.083593867719173,32.67,3.28,-0.31
18.086576104164124,32.67,3.28,-0.31
18.089532893151045,32.67,3.28,-0.31
18.09247302636504,32.67,3.28,-0.31
18.09543188288808,32.67,3.28,-0.31
18.098389856517315,32.66,3.28,-0.31
18.101339921355247,32.67,3.28,-0.31
18.10430970788002,32.67,3.28,-0.31
18.10726571828127,32.66,3.28,-0.31
18.110227901488543,32.67,3.28,-0.31
18.113170083612204,32.67,3.28,-0.31
18.116154797375202,32.66,3.28,-0.31
18.119083531200886,32.66,3.28,-0.31
18.122044526040554,32.67,3.28,-0.31
18.125030867755413,32.67,3.28,-0.31
18.127968665212393,32.67,3.28,-0.31
18.130917262285948,32.67,3.28,-0.31
18.132399450987577,32.67,3.28,-0.31
18.133893098682165,32.67,3.28,-0.31
18.13536462187767,32.67,3.28,-0.31
18.136841848492622,32.67,3.28,-0.31
18.138316299766302,32.67,3.28,-0.31
18.139787580817938,32.67,3.28,-0.31
18.14126779139042,32.67,3.28,-0.31
18.142742332071066,32.67,3.28,-0.31
18.144240207970142,32.67,3.28,-0.31
18.145717222243547,32.67,3.28,-0.31
18.147190898656845,32.67,3.28,-0.31
18.148685313761234,32.67,3.28,-0.31
18.15014633908868,32.67,3.28,-0.31
18.151627596467733,32.67,3.28,-0.31
18.153103344142437,32.67,3.28,-0.31
18.15459857136011,32.67,3.28,-0.31
18.156082317233086,32.67,3.28,-0.31
18.15756245702505,32.67,3.28,-0.31
18.15903539210558,32.67,3.28,-0.31
18.160498186945915,32.67,3.28,-0.31
18.163456916809082,32.67,3.27,-0.31
18.166417997330427,32.67,3.28,-0.31
18.169389944523573,32.67,3.28,-0.31
18.17232859879732,32.67,3.28,-0.31
18.1752792596817,32.67,3.27,-0.31
18.178245678544044,32.67,3.28,-0.31
18.181214854121208,32.67,3.28,-0.31
18.184155214577913,32.66,3.28,-0.31
18.187121331691742,32.67,3.28,-0.31
18.190087463706732,32.67,3.28,-0.31
18.1930438503623,32.67,3.28,-0.31
18.19600521028042,32.67,3.28,-0.31
18.19895390793681,32.67,3.27,-0.31
18.20192961767316,32.66,3.27,-0.31
18.204888489097357,32.67,3.27,-0.31
18.207813005894423,32.67,3.28,-0.31
18.210787765681744,32.67,3.27,-0.31
18.212265226989985,32.67,3.27,-0.31
18.21376060694456,32.67,3.28,-0.31
18.215220917016268,32.67,3.27,-0.31
18.216710556298494,32.67,3.27,-0.31
18.218177776783705,32.67,3.27,-0.31
18.219661992043257,32.67,3.27,-0.31
18.221140541136265,32.67,3.27,-0.31
18.222611650824547,32.67,3.27,-0.31
18.224106438457966,32.67,3.27,-0.31
18.225573286414146,32.67,3.27,-0.31
18.227048091590405,32.67,3.27,-0.31
18.22852847725153,32.67,3.27,-0.31
18.230025563389063,32.67,3.27,-0.31
18.231488693505526,32.67,3.27,-0.31
18.232986710965633,32.67,3.28,-0.31
18.234464716166258,32.67,3.28,-0.31
18.23591023311019,32.66,3.27,-0.31
18.237394224852324,32.67,3.27,-0.31
18.238883681595325,32.67,3.27,-0.31
18.240354992449284,32.66,3.27,-0.31
18.24186209216714,32.67,3.27,-0.31
18.243333555758,32.67,3.27,-0.31
18.24480338022113,32.67,3.27,-0.31
18.246294882148504,32.67,3.27,-0.31
18.24776229634881,32.67,3.27,-0.31
18.249245516955853,32.67,3.27,-0.31
18.250711888074875,32.67,3.27,-0.31
18.252190716564655,32.67,3.27,-0.31
18.253671187907457,32.66,3.28,-0.31
18.255152378231287,32.67,3.27,-0.31
18.256643552333117,32.67,3.27,-0.31
18.258111342787743,32.67,3.27,-0.31
18.259584829211235,32.67,3.27,-0.31
18.262552961707115,32.67,3.27,-0.31
18.26551566272974,32.66,3.27,-0.31
18.268457539379597,32.67,3.28,-0.31
18.271435290575027,32.67,3.28,-0.31
18.274378050118685,32.67,3.28,-0.31
18.277323246002197,32.67,3.28,-0.31
18.28031375259161,32.66,3.28,-0.31
18.283245615661144,32.67,3.28,-0.31
18.286207638680935,32.67,3.28,-0.31
18.289183724671602,32.67,3.28,-0.31
18.290647517889738,32.67,3.28,-0.31
18.29212474822998,32.67,3.28,-0.31
18.293605383485556,32.66,3.28,-0.31
18.295084964483976,32.67,3.28,-0.31
18.296569544821978,32.67,3.28,-0.31
18.298044845461845,32.67,3.28,-0.31
18.299510829150677,32.67,3.28,-0.31
18.300999231636524,32.67,3.28,-0.31
18.30247737467289,32.67,3.28,-0.31
18.30395321920514,32.67,3.28,-0.31
18.30543516948819,32.67,3.28,-0.31
18.30691885575652,32.67,3.28,-0.31
18.30839228257537,32.67,3.28,-0.31
18.309892784804106,32.67,3.28,-0.31
18.311349742114544,32.67,3.28,-0.31
18.31281751394272,32.67,3.28,-0.31
18.314315177500248,32.67,3.28,-0.31
18.31579128652811,32.67,3.28,-0.31
18.317260537296534,32.67,3.28,-0.31
18.318743884563446,32.67,3.28,-0.31
18.320225942879915,32.67,3.28,-0.31
18.32171232253313,32.67,3.28,-0.31
18.323192499578,32.67,3.28,-0.31
18.324663992971182,32.67,3.28,-0.31
18.32615152746439,32.67,3.28,-0.31
18.327616833150387,32.67,3.28,-0.31
18.32910916209221,32.67,3.28,-0.31
18.330565571784973,32.66,3.28,-0.31
18.332038819789886,32.67,3.28,-0.31
18.33353002741933,32.67,3.28,-0.31
18.3350123539567,32.66,3.28,-0.31
18.336494147777557,32.66,3.28,-0.31
18.33797062933445,32.67,3.28,-0.31
18.33944622799754,32.67,3.28,-0.31
18.34092841297388,32.67,3.28,-0.31
18.342394791543484,32.66,3.28,-0.31
18.34387592971325,32.66,3.28,-0.31
18.345363054424524,32.66,3.28,-0.31
18.346841853111982,32.67,3.28,-0.31
18.348323613405228,32.67,3.28,-0.31
18.349799919873476,32.67,3.28,-0.31
18.351274993270636,32.66,3.28,-0.31
18.352757655084133,32.66,3.28,-0.31
18.35424955561757,32.66,3.28,-0.31
18.355713922530413,32.67,3.28,-0.31
18.358671870082617,32.66,3.28,-0.31
18.3616238348186,32.67,3.28,-0.31
18.364593110978603,32.67,3.28,-0.31
18.36754946410656,32.67,3.28,-0.31
18.370525870472193,32.67,3.28,-0.31
18.37346639111638,32.67,3.28,-0.31
18.37642115354538,32.66,3.28,-0.31
18.379377018660307,32.67,3.28,-0.31
18.382356081157923,32.67,3.27,-0.31
18.385284662246704,32.66,3.27,-0.31
18.388248372823,32.67,3.27,-0.31
18.391207680106163,32.67,3.27,-0.31
18.3941669203341,32.66,3.27,-0.31
18.39713230356574,32.66,3.28,-0.31
18.400076881051064,32.66,3.27,-0.31
18.40303475409746,32.66,3.27,-0.31
18.405996840447187,32.66,3.27,-0.31
18.4089532867074,32.67,3.28,-0.31
18.411912694573402,32.67,3.28,-0.31
18.41488668322563,32.66,3.28,-0.31
18.4178284779191,32.66,3.28,-0.31
18.420785658061504,32.67,3.28,-0.31
18.423744209110737,32.67,3.28,-0.31
18.426717568188906,32.66,3.28,-0.31
18.429668102413416,32.66,3.28,-0.31
18.432633250951767,32.67,3.28,-0.31
18.435570050030947,32.67,3.28,-0.31
18.438538148999214,32.66,3.28,-0.31
18.441497292369604,32.67,3.28,-0.31
18.444441124796867,32.67,3.28,-0.31
18.447422683238983,32.67,3.28,-0.31
18.450377013534307,32.67,3.28,-0.31
18.459247656166553,32.66,-120.55,-0.31
18.468127749860287,32.66,3.28,-0.31
18.469580110162497,32.66,3.28,-0.31
18.47106232494116,32.67,3.28,-0.3
18.472537219524384,32.66,3.28,-0.3
18.4740452170372,32.66,3.28,-0.31
18.475495286285877,32.67,3.28,-0.31
18.47697612270713,32.67,3.28,-0.31
18.478457424789667,32.67,3.28,-0.31
18.479932092130184,32.67,3.28,-0.31
18.481408294290304,32.67,3.28,-0.3
18.482890892773867,32.67,3.28,-0.3
18.484384458512068,32.66,3.28,-0.3
18.485846877098083,32.67,3.28,-0.3
18.487325716763735,32.66,3.28,-0.3
18.488802891224623,32.66,3.28,-0.3
18.490294184535742,32.67,3.28,-0.31
18.49175963550806,32.67,3.28,-0.31
18.493257876485586,32.67,3.28,-0.31
18.494729965925217,32.67,3.28,-0.31
18.49619511514902,32.67,3.28,-0.31
18.497683562338352,32.67,3.28,-0.31
18.499173030257225,32.66,3.28,-0.3
18.500644110143185,32.66,3.28,-0.3
18.502109076827765,32.67,3.28,-0.3
18.503588777035475,32.66,3.28,-0.3
18.50507567450404,32.66,3.28,-0.31
18.506544180214405,32.67,3.28,-0.31
18.508049063384533,32.67,3.28,-0.31
18.509511154145002,32.67,3.28,-0.31
18.51099919900298,32.67,3.28,-0.31
18.51247838884592,32.67,3.28,-0.31
18.513956904411316,32.67,3.28,-0.31
18.51542714983225,32.67,3.28,-0.31
18.516909636557102,32.67,3.28,-0.31
18.518389016389847,32.67,3.28,-0.31
18.519871577620506,32.66,3.28,-0.31
18.521355025470257,32.67,3.28,-0.31
18.522841427475214,32.66,3.28,-0.31
18.52430072426796,32.67,3.28,-0.31
18.525770973414183,32.66,3.28,-0.31
18.52725487947464,32.66,3.28,-0.31
18.52874981611967,32.67,3.28,-0.31
18.530225209891796,32.67,3.28,-0.31
18.53168660029769,32.67,3.28,-0.31
18.533183801919222,32.67,3.28,-0.31
18.53613481670618,32.67,3.28,-0.31
18.539089910686016,32.67,3.29,-0.31
18.542066290974617,32.66,3.28,-0.31
18.545026771724224,32.67,3.28,-0.31
18.54795967042446,32.67,3.28,-0.31
18.55092391371727,32.67,3.29,-0.31
18.55390041321516,32.67,3.28,-0.31
18.556853517889977,32.67,3.29,-0.31
18.559797443449497,32.67,3.29,-0.31
18.562756843864918,32.67,3.28,-0.31
18.56569652631879,32.67,3.29,-0.31
18.568661838769913,32.66,3.28,-0.31
18.5716250538826,32.67,3.28,-0.31
18.574584051966667,32.67,3.28,-0.31
18.577554747462273,32.67,3.28,-0.31
18.580500945448875,32.67,3.29,-0.31
18.581968531012535,32.66,3.29,-0.31
18.58344742283225,32.67,3.29,-0.31
18.58493398502469,32.67,3.29,-0.31
18.586421456187963,32.67,3.29,-0.3
18.587894219905138,32.67,3.29,-0.31
18.589374404400587,32.67,3.29,-0.31
18.5908507630229,32.67,3.29,-0.31
18.59232832118869,32.66,3.29,-0.31
18.593804355710745,32.67,3.29,-0.31
18.595277715474367,32.67,3.29,-0.31
18.59676043316722,32.67,3.29,-0.31
18.598249800503254,32.67,3.29,-0.31
18.599740993231535,32.67,3.29,-0.31
18.601197388023138,32.67,3.29,-0.31
18.60268446430564,32.67,3.29,-0.31
18.6041594222188,32.66,3.29,-0.31
18.605639204382896,32.66,3.29,-0.31
18.607115156948566,32.67,3.29,-0.31
18.608592469245195,32.67,3.29,-0.31
18.610086150467396,32.67,3.29,-0.31
18.611561603844166,32.67,3.29,-0.31
18.61303962767124,32.67,3.29,-0.31
18.61451071128249,32.67,3.29,-0.31
18.615980114787817,32.66,3.29,-0.31
18.617478121072054,32.66,3.29,-0.31
18.618939109146595,32.67,3.29,-0.31
18.620446395128965,32.67,3.29,-0.31
18.62191789969802,32.67,3.29,-0.31
18.623408399522305,32.67,3.29,-0.31
18.62485921382904,32.67,3.29,-0.31
18.626338932663202,32.67,3.29,-0.31
18.627810534089804,32.67,3.29,-0.31
18.6292916983366,32.67,3.29,-0.31
18.63079746812582,32.66,3.29,-0.31
18.63375874608755,32.66,3.29,-0.31
18.63670067116618,32.66,3.29,-0.31
18.639656521379948,32.66,3.29,-0.31
18.642608486115932,32.66,3.29,-0.31
18.645564205944538,32.67,3.29,-0.3
18.64852997288108,32.67,3.29,-0.31
18.651501551270485,32.67,3.29,-0.31
18.6544619910419,32.67,3.29,-0.31
18.65741305425763,32.67,3.29,-0.31
18.660349279642105,32.67,3.29,-0.31
18.663334771990776,32.66,3.29,-0.31
18.666295658797026,32.66,3.28,-0.31
18.669239036738873,32.66,3.29,-0.31
18.67220577225089,32.66,3.28,-0.31
18.675149228423834,32.67,3.29,-0.31
18.67811530083418,32.67,3.29,-0.31
18.681080494076014,32.67,3.29,-0.31
18.68402936682105,32.67,3.29,-0.31
18.68699587136507,32.67,3.29,-0.31
18.68992853909731,32.66,3.29,-0.31
18.69289493188262,32.66,3.29,-0.31
18.69586857408285,32.67,3.29,-0.31
18.698814645409584,32.67,3.29,-0.31
18.70178509503603,32.66,3.29,-0.31
18.704742282629013,32.67,3.29,-0.31
18.70768029987812,32.67,3.29,-0.31
18.710637167096138,32.67,3.29,-0.31
18.713604293763638,32.66,3.29,-0.31
18.715075504034758,32.67,3.29,-0.31
18.716560795903206,32.66,3.29,-0.31
18.71804042160511,32.66,3.29,-0.31
18.719515457749367,32.67,3.29,-0.31
18.720998089760542,32.67,3.29,-0.31
18.72247837856412,32.66,3.29,-0.31
18.723949998617172,32.67,3.29,-0.31
18.72543376684189,32.67,3.29,-0.31
18.726909451186657,32.67,3.29,-0.31
18.72838716953993,32.67,3.29,-0.31
18.731365475803614,32.67,3.29,-0.31
18.73432769626379,32.67,3.29,-0.31
18.737252589315176,32.67,3.29,-0.31
18.74021825194359,32.67,3.29,-0.31
18.741704609245062,32.66,3.29,-0.31
18.743170492351055,32.66,3.29,-0.31
18.74465337768197,32.66,3.29,-0.31
18.746131606400013,32.66,3.29,-0.31
18.747608613222837,32.67,3.29,-0.31
18.749097280204296,32.67,3.29,-0.31
18.75057692080736,32.66,3.29,-0.31
18.752044942229986,32.66,3.29,-0.31
18.75352969020605,32.66,3.29,-0.31
18.75500912219286,32.66,3.29,-0.31
18.756481893360615,32.66,3.29,-0.31
18.757963679730892,32.66,3.29,-0.31
18.759463854134083,32.66,3.29,-0.31
18.760915458202362,32.66,3.29,-0.31
18.76240410655737,32.66,3.29,-0.31
18.76387719810009,32.66,3.29,-0.31
18.765359207987785,32.66,3.29,-0.31
18.766840171068907,32.66,3.29,-0.31
18.768315516412258,32.67,3.29,-0.31
18.769791405647993,32.66,3.29,-0.31
18.771271739155054,32.66,3.28,-0.31
18.772759661078453,32.66,3.28,-0.31
18.77424880489707,32.67,3.28,-0.31
18.775721419602633,32.66,3.28,-0.31
18.777188301086426,32.67,3.28,-0.31
18.778671771287918,32.67,3.29,-0.31
18.780143916606903,32.67,3.29,-0.31
18.781617879867554,32.66,3.28,-0.31
18.78311126306653,32.66,3.28,-0.31
18.784590654075146,32.67,3.29,-0.31
18.78605690598488,32.67,3.29,-0.31
18.787546657025814,32.67,3.29,-0.31
18.789026521146297,32.67,3.29,-0.31
18.79049774631858,32.67,3.29,-0.31
18.791979145258665,32.67,3.29,-0.31
18.793449133634567,32.67,3.29,-0.31
18.794936668127775,32.66,3.29,-0.31
18.796412374824286,32.66,3.29,-0.31
18.79790708422661,32.66,3.29,-0.31
18.799363609403372,32.66,3.28,-0.31
18.800849236547947,32.66,3.28,-0.31
18.80232883989811,32.66,3.28,-0.31
18.803818836808205,32.67,3.28,-0.31
18.80528847500682,32.67,3.28,-0.31
18.806782342493534,32.67,3.29,-0.31
18.80824576318264,32.66,3.29,-0.31
18.809735771268606,32.67,3.29,-0.31
18.811197601258755,32.66,3.29,-0.31
18.81267900764942,32.67,3.29,-0.31
18.814173568040133,32.66,3.29,-0.31
18.815636541694403,32.66,3.29,-0.31
18.817113876342773,32.67,3.29,-0.31
18.818594619631767,32.66,3.29,-0.31
18.82008509710431,32.66,3.29,-0.31
18.82155303657055,32.67,3.29,-0.31
18.82303513213992,32.67,3.29,-0.31
18.824517972767353,32.67,3.29,-0.31
18.82599136978388,32.67,3.28,-0.31
18.828963428735733,32.66,3.29,-0.31
18.83190716803074,32.66,3.29,-0.31
18.83486069738865,32.66,3.29,-0.31
18.837826408445835,32.66,3.29,-0.31
18.840781167149544,32.66,3.29,-0.31
18.843730196356773,32.67,3.29,-0.31
18.846700213849545,32.67,3.29,-0.31
18.849659010767937,32.66,3.28,-0.31
18.85260359197855,32.66,3.29,-0.31
18.85559021681547,32.66,3.28,-0.31
18.85852439701557,32.67,3.28,-0.31
18.861480586230755,32.67,3.29,-0.31
18.864442694932222,32.67,3.28,-0.31
18.867419056594372,32.67,3.29,-0.31
18.87035619840026,32.66,3.29,-0.31
18.873334523290396,32.66,3.29,-0.31
18.876264594495296,32.66,3.28,-0.31
18.879233732819557,32.66,3.29,-0.31
18.88219590112567,32.67,3.29,-0.31
18.88517053052783,32.67,3.29,-0.31
18.88811745867133,32.67,3.28,-0.31
18.891065940260887,32.67,3.29,-0.31
18.894028045237064,32.67,3.29,-0.31
18.896972056478262,32.66,3.28,-0.31
18.899934981018305,32.66,3.28,-0.3
18.901413343846798,32.66,3.28,-0.3
18.90289368852973,32.66,3.28,-0.31
18.904395002871752,32.67,3.28,-0.31
18.905849896371365,32.67,3.28,-0.3
18.907339602708817,32.67,3.28,-0.31
18.908801574259996,32.66,3.28,-0.31
18.91029277816415,32.66,3.28,-0.3
18.91177351400256,32.66,3.28,-0.3
18.913239486515522,32.66,3.28,-0.3
18.914712209254503,32.66,3.28,-0.3
18.916215173900127,32.67,3.28,-0.3
18.917673636227846,32.66,3.28,-0.31
18.919162176549435,32.66,3.28,-0.3
18.92064756155014,32.66,3.28,-0.3
18.92212214320898,32.66,3.28,-0.3
18.92360143736005,32.66,-155.51,-0.31
18.92655758559704,32.66,3.28,-0.31
18.929539650678635,32.66,3.28,-0.31
18.932479579001665,32.66,3.28,-0.31
18.93542142957449,32.66,3.28,-0.31
18.93838905543089,32.66,3.28,-0.3
18.941357593983412,32.66,3.28,-0.31
18.944315779954195,32.66,3.28,-0.31
18.947260417044163,32.66,3.28,-0.3
18.95022876933217,32.66,3.28,-0.31
18.95318230614066,32.67,3.28,-0.31
18.956148959696293,32.66,3.28,-0.31
18.95909807831049,32.66,3.28,-0.31
18.962072279304266,32.67,3.28,-0.31
18.963525094091892,32.66,3.28,-0.31
18.965019572526217,32.67,3.28,-0.31
18.966487798839808,32.67,3.28,-0.31
18.967966005206108,32.67,3.28,-0.31
18.96943847835064,32.67,3.28,-0.31
18.97092631831765,32.67,3.28,-0.31
18.97240886837244,32.66,3.28,-0.31
18.97388194128871,32.66,3.28,-0.31
18.975359596312046,32.66,3.28,-0.31
18.976837057620287,32.66,3.28,-0.31
18.978317636996508,32.66,3.28,-0.31
18.979814510792494,32.67,3.28,-0.31
18.981270350515842,32.66,3.28,-0.31
18.98274440318346,32.66,3.28,-0.31
18.98423646390438,32.66,3.28,-0.31
18.98570953682065,32.66,3.28,-0.31
18.987197004258633,32.66,3.28,-0.31
18.988678503781557,32.66,3.28,-0.31
18.99016858637333,32.66,3.28,-0.31
18.991629749536514,32.66,3.28,-0.31
18.993114318698645,32.66,3.28,-0.31
18.994584314525127,32.66,3.28,-0.31
18.99606916680932,32.66,3.28,-0.31
18.997552298009396,32.67,3.28,-0.31
18.99904141575098,32.67,3.28,-0.31
19.000497568398714,32.67,3.28,-0.31
19.00196760892868,32.67,3.28,-0.31
19.003456998616457,32.67,3.29,-0.31
19.00493609532714,32.67,3.28,-0.3
19.00643014162779,32.66,3.28,-0.31
19.007900945842266,32.66,3.28,-0.31
19.009379785507917,32.66,3.28,-0.31
19.010855350643396,32.66,3.28,-0.31
19.01232736930251,32.66,3.28,-0.31
19.01381190493703,32.66,3.29,-0.31
19.015289571136236,32.66,3.28,-0.31
19.01678355038166,32.66,3.28,-0.31
19.01824438199401,32.66,3.29,-0.31
19.019727557897568,32.66,3.29,-0.31
19.021208330988884,32.67,3.28,-0.31
19.024184346199036,32.66,3.28,-0.31
19.027117241173983,32.66,3.28,-0.31
19.030076410621405,32.66,3.28,-0.3
19.03303510695696,32.66,3.28,-0.31
19.035995986312628,32.67,3.28,-0.3
19.038959488272667,32.66,3.28,-0.3
19.04191045463085,32.66,3.28,-0.31
19.044867269694805,32.66,3.28,-0.31
19.047822918742895,32.66,3.28,-0.3
19.05080297216773,32.66,3.28,-0.31
19.05376397073269,32.66,3.28,-0.3
19.05670341104269,32.66,3.28,-0.31
19.059661980718374,32.66,3.28,-0.31
19.061132300645113,32.66,3.28,-0.31
19.062622345983982,32.66,3.28,-0.31
19.064081270247698,32.66,3.28,-0.31
19.065568536520004,32.66,3.28,-0.31
19.067062344402075,32.66,3.28,-0.31
19.068532802164555,32.66,3.28,-0.31
19.070004299283028,32.66,3.28,-0.31
19.071486182510853,32.66,3.28,-0.31
19.072964895516634,32.66,3.29,-0.31
19.074471846222878,32.66,3.28,-0.3
19.075933404266834,32.66,3.28,-0.31
19.077394772320986,32.66,3.28,-0.31
19.078882820904255,32.66,3.28,-0.31
19.080356631428003,32.66,3.28,-0.31
19.08183390647173,32.66,3.28,-0.3
19.083322178572416,32.66,3.28,-0.3
19.08480127900839,32.67,3.28,-0.3
19.086287163197994,32.66,3.28,-0.31
19.087758123874664,32.66,3.28,-0.31
19.089238166809082,32.66,3.28,-0.31
19.090703036636114,32.66,3.28,-0.31
19.092189896851778,32.66,3.28,-0.31
19.09366200864315,32.66,3.28,-0.31
19.095149494707584,32.66,3.28,-0.31
19.09663163498044,32.66,3.28,-0.31
19.0981049798429,32.66,3.28,-0.31
19.09958253800869,32.66,3.28,-0.31
19.101057805120945,32.66,3.28,-0.31
19.102557636797428,32.66,3.28,-0.31
19.104016538709402,32.66,3.28,-0.31
19.105498142540455,32.66,3.28,-0.31
19.10698013007641,32.66,3.28,-0.31
19.10845437645912,32.66,3.28,-0.31
19.109929736703634,32.66,3.28,-0.31
19.111427184194326,32.66,3.28,-0.31
19.112890362739563,32.66,3.28,-0.31
19.11436563357711,32.66,3.28,-0.31
19.11585982516408,32.67,3.28,-0.31
19.117329835891724,32.66,3.28,-0.31
19.118814382702112,32.66,3.28,-0.31
19.12176450714469,32.66,3.28,-0.31
19.124715633690357,32.66,3.28,-0.31
19.12768157199025,32.66,3.28,-0.31
19.1306410767138,32.66,3.28,-0.31
19.13359773159027,32.66,3.28,-0.31
19.13655560091138,32.67,3.28,-0.31
19.139535512775183,32.66,3.28,-0.31
19.14246153831482,32.66,3.28,-0.31
19.145423661917448,32.66,3.28,-0.31
19.14838455617428,32.65,3.28,-0.31
19.15134035795927,32.66,3.28,-0.31
19.154304698109627,32.66,3.28,-0.31
19.157268211245537,32.66,3.28,-0.31
19.160219192504883,32.66,3.28,-0.31
19.16316768154502,32.66,3.28,-0.31
19.166138347238302,32.66,3.28,-0.31
19.169103752821684,32.66,3.28,-0.31
19.172046095132828,32.66,3.28,-0.31
19.17500600963831,32.66,3.27,-0.31
19.17796353623271,32.66,3.28,-0.3
19.180917512625456,32.66,3.27,-0.31
19.18388731777668,32.66,3.27,-0.31
19.186857778578997,32.66,3.28,-0.31
19.18979638442397,32.66,3.28,-0.31
19.192751605063677,32.66,3.28,-0.31
19.195727840065956,32.66,3.28,-0.31
19.19866458699107,32.66,3.27,-0.31
19.201619144529104,32.66,3.28,-0.31
19.204578828066587,32.66,3.27,-0.3
19.207554638385773,32.66,3.27,-0.3
19.21048628911376,32.66,3.28,-0.31
19.21197510510683,32.67,3.27,-0.31
19.21344505250454,32.66,3.27,-0.31
19.214925568550825,32.66,3.27,-0.31
19.21642391383648,32.66,3.27,-0.31
19.21789303049445,32.66,3.27,-0.31
19.220845758914948,32.66,3.27,-0.31
19.2223186083138,32.66,3.27,-0.31
19.223800227046013,32.66,3.28,-0.31
19.225283101201057,32.66,3.28,-0.31
19.22676307708025,32.66,3.27,-0.31
19.228244848549366,32.66,3.27,-0.31
19.229718074202538,32.66,3.28,-0.31
19.23119829595089,32.66,3.27,-0.31
19.232670973986387,32.66,3.27,-0.3
19.234154980629683,32.66,3.28,-0.3
19.235631123185158,32.66,3.28,-0.3
19.237109899520874,32.66,3.28,-0.3
19.23860089853406,32.66,3.27,-0.3
19.24007313326001,32.66,3.27,-0.3
19.241547621786594,32.66,3.27,-0.3
19.243046909570694,32.66,3.28,-0.31
19.244504500180483,32.66,3.28,-0.3
19.245984971523285,32.67,3.27,-0.3
19.247466549277306,32.66,3.27,-0.31
19.24896327778697,32.66,3.27,-0.3
19.250429160892963,32.66,3.27,-0.3
19.251902870833874,32.66,3.27,-0.3
19.253372870385647,32.66,3.27,-0.3
19.254866257309914,32.66,3.27,-0.3
19.256349813193083,32.66,3.27,-0.3
19.25781448557973,32.66,3.27,-0.3
19.259298153221607,32.66,3.27,-0.3
19.260794959962368,32.66,3.27,-0.31
19.26225119829178,32.66,3.27,-0.3
19.263719726353884,32.66,3.27,-0.31
19.26521484926343,32.66,3.27,-0.31
19.266690246760845,32.66,3.27,-0.31
19.268174804747105,32.66,3.27,-0.31
19.269647676497698,32.66,3.27,-0.31
19.27112538740039,32.66,3.27,-0.31
19.272608995437622,32.66,3.27,-0.31
19.274084351956844,32.66,3.27,-0.31
19.275566264986992,32.66,3.27,-0.31
19.277048371732235,32.66,3.27,-0.31
19.27852151170373,32.67,3.27,-0.3
19.28001218289137,32.67,3.27,-0.31
19.281480208039284,32.66,3.27,-0.31
19.282959032803774,32.67,3.27,-0.31
19.28444654867053,32.67,3.27,-0.31
19.285937517881393,32.66,3.27,-0.31
19.28740143030882,32.66,3.27,-0.31
19.288867373019457,32.67,3.27,-0.31
19.290357522666454,32.67,3.27,-0.31
19.29183230921626,32.67,3.27,-0.3
19.293314173817635,32.66,3.27,-0.31
19.294788859784603,32.66,3.27,-0.3
19.296259872615337,32.66,3.27,-0.31
19.297729693353176,32.66,3.27,-0.31
19.299225639551878,32.66,3.27,-0.3
19.30070123076439,32.66,3.27,-0.31
19.302174363285303,32.66,3.27,-0.31
19.303654067218304,32.66,3.27,-0.3
19.305133387446404,32.66,3.27,-0.31
19.30661755427718,32.66,3.27,-0.3
19.308089282363653,32.66,3.27,-0.3
19.309570867568254,32.66,3.27,-0.31
19.31106176227331,32.66,3.27,-0.3
19.312524009495974,32.66,3.27,-0.31
19.31400801241398,32.66,3.27,-0.31
19.31696565821767,32.66,3.27,-0.31
19.319931283593178,32.66,3.27,-0.3
19.322882495820522,32.66,3.27,-0.3
19.325845330953598,32.66,3.28,-0.3
19.328809417784214,32.66,3.27,-0.3
19.331765182316303,32.66,3.27,-0.3
19.334714122116566,32.66,3.28,-0.3
19.33767518773675,32.66,3.27,-0.3
19.340635433793068,32.66,3.28,-0.3
19.343578677624464,32.66,3.28,-0.3
19.346541292965412,32.66,3.28,-0.3
19.349496472626925,32.66,3.28,-0.3
19.352466721087694,32.66,3.28,-0.31
19.35541846975684,32.66,3.28,-0.3
19.358375005424023,32.66,3.28,-0.3
19.361341007053852,32.67,3.28,-0.3
19.36427864059806,32.66,3.28,-0.3
19.367245513945818,32.66,3.28,-0.3
19.370217576622963,32.66,3.28,-0.3
19.37316618859768,32.66,3.28,-0.3
19.376131683588028,32.66,3.28,-0.3
19.379074465483427,32.66,3.28,-0.3
19.38204090669751,32.66,3.28,-0.3
19.38352033123374,32.66,3.28,-50.25
19.3850015103817,32.66,3.28,-0.3
19.386477898806334,32.66,3.28,-0.3
19.387958697974682,32.66,3.28,-0.3
19.389437053352594,32.66,3.28,-0.3
19.3909204415977,32.66,3.28,-0.3
19.392395462840796,32.66,3.28,-0.3
19.393875002861023,32.66,3.28,-0.31
19.395355377346277,32.66,3.28,-0.3
19.396832462400198,32.66,3.28,-0.31
19.398304637521505,32.66,3.28,-0.3
19.39978562667966,32.66,3.28,-0.3
19.401271160691977,32.66,3.28,-0.3
19.402747731655836,32.66,3.28,-0.3
19.404219463467598,32.66,3.28,-0.3
19.405698999762535,32.66,3.28,-0.3
19.407171096652746,32.66,3.28,-0.31
19.408664222806692,32.66,3.28,-0.31
19.41012929007411,32.66,3.28,-0.31
19.411622393876314,32.66,3.28,-0.31
19.41456999629736,32.66,3.28,-0.31
19.41753539070487,32.66,3.28,-0.31
19.420490119606256,32.66,3.28,-0.31
19.423449214547873,32.66,3.28,-0.31
19.426407799124718,32.66,3.28,-0.31
19.429370284080505,32.65,3.28,-0.31
19.432318937033415,32.66,3.28,-0.31
19.435274373739958,32.66,3.28,-0.31
19.43823940306902,32.66,3.28,-0.31
19.441188611090183,32.66,3.28,-0.3
19.444145642220974,32.66,3.28,-0.3
19.447105582803488,32.66,3.29,-0.3
19.450068328529596,32.66,3.29,-0.31
19.453020729124546,32.66,3.28,-0.3
19.455986887216568,32.66,3.28,-0.3
19.458924513310194,32.66,3.29,-0.31
19.46041351184249,32.66,3.29,-0.31
19.46189644187689,32.66,3.29,-0.3
19.46338029950857,32.66,3.29,-0.3
19.4648614525795,32.66,3.29,-0.3
19.466326482594013,32.66,3.28,-0.31
19.46780262887478,32.66,3.28,-0.3
19.469285812228918,32.66,3.28,-0.3
19.47076989710331,32.66,3.28,-0.31
19.472236834466457,32.66,3.28,-0.3
19.47373005002737,32.66,3.28,-0.3
19.475198231637478,32.66,3.28,-0.3
19.476692616939545,32.66,3.28,-0.31
19.478155001997948,32.66,3.28,-0.31
19.479640163481236,32.66,3.28,-0.3
19.481128841638565,32.66,3.28,-0.3
19.482593283057213,32.66,3.28,-0.31
19.484074395149946,32.66,3.28,-0.3
19.485558826476336,32.66,3.28,-0.3
19.48702622577548,32.66,3.28,-0.3
19.488518565893173,32.66,3.28,-0.3
19.49085546284914,32.66,3.28,-0.3
19.491469498723745,32.66,3.28,-0.3
19.49294974654913,32.66,3.28,-0.31
19.49442646279931,32.66,3.28,-0.31
19.49590616673231,32.66,3.28,-0.31
19.497392907738686,32.66,3.28,-0.31
19.498874243348837,32.66,3.28,-0.31
19.50035199895501,32.66,3.28,-0.31
19.501812048256397,32.66,3.28,-0.3
19.503298588097095,32.66,3.28,-0.3
19.504780914634466,32.67,3.28,-0.31
19.506266698241234,32.66,3.28,-0.3
19.507734552025795,32.66,3.28,-0.31
19.509213611483574,32.66,3.28,-0.31
19.510704051703215,32.66,3.28,-0.31
19.513658795505762,32.66,3.28,-0.3
19.516615342348814,32.66,3.28,-0.3
19.51956384256482,32.66,3.28,-0.31
19.522528387606144,32.66,3.28,-0.31
19.52549108862877,32.66,3.28,-0.3
19.52844875305891,32.66,3.28,-0.3
19.53140303120017,32.66,3.28,-0.31
19.53436764329672,32.66,3.28,-0.31
19.53731293976307,32.66,3.28,-0.3
19.540275774896145,32.66,3.28,-0.31
19.543232083320618,32.66,3.28,-0.3
19.547665040940046,32.66,3.28,-0.3
19.549146223813295,32.66,3.28,-0.31
19.550635118037462,32.66,3.28,-0.3
19.552107751369476,32.66,3.27,-0.3
19.553589519113302,32.66,3.27,-0.31
19.555070348083973,32.66,3.28,-0.3
19.556534610688686,32.66,3.28,-0.31
19.558019991964102,32.66,3.27,-0.31
19.559498567134142,32.66,3.27,-0.3
19.560983631759882,32.66,3.27,-0.3
19.56245419383049,32.66,3.27,-0.3
19.563930243253708,32.66,3.27,-0.3
19.565421760082245,32.66,3.27,-0.3
19.566898569464684,32.66,3.27,-0.31
19.56837683171034,32.66,3.27,-0.3
19.56985780969262,32.66,3.27,-0.3
19.571338262408972,32.66,3.27,-0.3
19.57281321287155,32.66,3.27,-0.3
19.574288830161095,32.66,3.27,-0.31
19.575772549957037,32.66,3.27,-0.3
19.577240329235792,32.66,3.27,-0.3
19.57872498035431,32.66,3.27,-0.3
19.58020320534706,32.66,3.27,-0.3
19.581683177500963,32.66,3.27,-0.3
19.583163410425186,32.66,3.27,-0.3
19.584639191627502,32.66,3.27,-0.3
19.58611172437668,32.66,3.27,-0.3
19.58758957311511,32.66,3.27,-0.3
19.58907225728035,32.66,3.27,-0.3
19.590562537312508,32.66,3.27,-0.3
19.59203204885125,32.66,3.27,-0.3
19.59351545572281,32.66,3.27,-0.31
19.594997484236956,32.66,3.27,-0.3
19.5964659973979,32.66,3.27,-0.3
19.597955245524645,32.66,3.27,-0.3
19.59943749010563,32.66,3.27,-0.3
19.600912746042013,32.66,3.27,-0.3
19.60237854719162,32.66,3.27,-0.3
19.603861298412085,32.66,3.27,-0.3
19.605346098542213,32.67,3.27,-0.3
19.606820579618216,32.66,3.27,-0.3
19.60978065803647,32.66,3.27,-0.3
19.612735219299793,32.66,3.27,-0.3
19.61570381745696,32.66,3.27,-0.3
19.61866408213973,32.66,3.27,-0.3
19.62161321938038,32.66,3.27,-0.3
19.62457934767008,32.66,3.27,-0.3
19.627526625990868,32.66,3.27,-0.31
19.630482759326696,32.66,3.27,-0.3
19.633442994207144,32.66,3.27,-0.3
19.63639509677887,32.66,3.27,-0.3
19.6393586024642,32.66,3.27,-0.3
19.642316568642855,32.66,3.27,-0.3
19.645272757858038,32.66,3.27,-0.3
19.64822455868125,32.66,3.27,-0.3
19.651193279772997,32.66,3.27,-0.3
19.65415059775114,32.66,3.27,-0.3
19.657113179564476,32.66,3.27,-0.3
19.66006612032652,32.66,3.27,-0.3
19.663025837391615,32.66,3.27,-0.3
19.66598743200302,32.66,3.27,-0.3
19.6689380556345,32.66,3.27,-0.3
19.67189498990774,32.66,3.27,-0.3
19.67484974116087,32.66,3.27,-0.31
19.67780952528119,32.66,3.27,-0.3
19.680773675441742,32.66,3.27,-0.3
19.683726582676172,32.66,3.27,-0.3
19.686685513705015,32.66,3.27,-0.3
19.68964323401451,32.66,3.27,-0.31
19.69259252399206,32.66,3.27,-0.31
19.69555266201496,32.66,3.27,-0.3
19.69851826503873,32.66,3.27,-0.3
19.701472338289022,32.66,3.27,-0.31
19.704425033181906,32.66,3.27,-0.31
19.70738923549652,32.65,3.27,-0.31
19.708873625844717,32.66,3.27,-0.31
19.71033998951316,32.66,3.27,-0.31
19.711845815181732,32.66,3.27,-0.31
19.71331573650241,32.66,3.27,-0.3
19.714768659323454,32.66,3.27,-0.3
19.7162630520761,32.66,3.27,-0.3
19.717738457024097,32.66,3.27,-0.3
19.719223704189062,32.66,3.27,-0.31
19.72069488093257,32.66,3.27,-0.3
19.722173858433962,32.66,3.27,-0.31
19.72366177290678,32.66,3.27,-0.31
19.725127801299095,32.66,3.27,-0.3
19.726626347750425,32.66,3.27,-0.3
19.728099040687084,32.65,3.27,-0.31
19.729577966034412,32.66,3.27,-0.3
19.73105053603649,32.66,3.27,-0.3
19.732532765716314,32.66,3.27,-0.3
19.734008245170116,32.66,3.27,-0.3
19.73548913002014,32.66,3.27,-0.3
19.73696991801262,32.66,3.27,-0.3
19.738441850990057,32.66,3.27,-0.3
19.739916630089283,32.66,3.27,-0.3
19.741407927125692,32.66,3.27,-0.31
19.742881905287504,32.66,3.27,-0.3
19.74435716122389,32.67,3.27,-0.3
19.745844174176455,32.66,3.27,-0.3
19.747320096939802,32.66,3.27,-0.3
19.748787760734558,32.66,3.27,-0.3
19.75027820840478,32.66,3.27,-0.3
19.751749090850353,32.66,3.27,-0.3
19.753238327801228,32.66,3.27,-0.3
19.75471229851246,32.66,3.27,-0.3
19.756194546818733,32.66,3.27,-0.3
19.757679849863052,32.66,3.27,-0.3
19.759136889129877,32.66,3.27,-0.3
19.760618910193443,32.66,3.27,-0.3
19.762112114578485,32.66,3.27,-0.3
19.763585463166237,32.66,3.27,-0.3
19.76505871117115,32.66,3.27,-0.3
19.766543671488762,32.66,3.27,-0.3
19.768027171492577,32.66,3.27,-0.3
19.769504811614752,32.66,3.27,-0.3
19.770983897149563,32.66,3.27,-0.3
19.772449165582657,32.66,3.27,-0.3
19.773939915001392,32.66,3.27,-0.3
19.775404129177332,32.66,3.27,-0.3
19.776903178542852,32.66,3.27,-0.3
19.77838146686554,32.66,3.27,-0.3
19.77985817939043,32.66,3.27,-0.31
19.78133663162589,32.66,3.27,-0.31
19.782811667770147,32.66,3.27,-0.3
19.784278206527233,32.66,3.27,-0.3
19.785759434103966,32.66,3.27,-0.3
19.7872369363904,32.66,3.27,-0.3
19.7887230142951,32.66,3.27,-0.3
19.790210746228695,32.66,3.27,-0.3
19.791681244969368,32.66,3.27,-0.3
19.79315572604537,32.66,3.27,-0.3
19.79464878514409,32.66,3.27,-0.3
19.796111449599266,32.66,3.27,-0.3
19.797598984092474,32.66,3.27,-0.3
19.799085959792137,32.66,3.27,-0.3
19.800568770617247,32.66,3.27,-0.3
19.802039727568626,32.66,3.27,-0.3
19.803524747490883,32.66,3.27,-0.3
19.80647888034582,32.65,3.27,-0.3
19.809431325644255,32.66,3.27,-0.3
19.812383700162172,32.66,3.27,-0.3
19.815334770828485,32.66,3.27,-0.3
19.81831230223179,32.66,3.27,-0.3
19.821262195706367,32.66,3.27,-0.3
19.824223771691322,32.66,3.27,-0.3
19.827175237238407,32.66,3.27,-0.3
19.830130383372307,32.66,3.27,-0.3
19.83308807015419,32.66,3.28,-0.3
19.836047369986773,32.66,3.28,-0.3
19.839004267007113,32.66,3.28,-0.31
19.841961491853,32.66,3.28,-0.3
19.844919439405203,32.66,3.28,-0.3
19.84787179902196,32.66,3.28,-0.3
19.850829914212227,32.66,3.27,-0.3
19.853801991790533,32.66,3.28,-0.3
19.85676036402583,32.66,3.27,-0.3
19.859718333929777,32.66,3.27,-0.3
19.86267115920782,32.66,3.27,-0.3
19.86562303453684,32.66,3.27,-0.3
19.867107905447483,32.66,3.27,-0.3
19.870201740413904,32.65,3.27,-0.31
19.870225485414267,32.65,3.27,-0.3
19.87154445052147,32.66,3.27,-0.3
19.87302339076996,32.66,3.27,-0.31
19.874497182667255,32.66,3.27,-0.3
19.875981248915195,32.66,3.27,-0.3
19.8774624876678,32.66,3.27,-0.3
19.8789430744946,32.66,3.27,-0.3
19.880406841635704,32.66,3.27,-0.3
19.881889332085848,32.66,3.27,-0.3
19.883380066603422,32.66,3.27,-0.3
19.884858410805464,32.66,3.27,-0.3
19.88632771000266,32.66,3.28,-0.31
19.887811969965696,32.66,3.28,-0.3
19.88928708434105,32.66,3.27,-0.3
19.89076503738761,32.66,3.27,-0.3
19.892245944589376,32.66,3.28,-0.3
19.89372343942523,32.66,3.28,-0.3
19.895213693380356,32.66,3.28,-0.3
19.89667897671461,32.66,3.28,-0.3
19.898159198462963,32.66,3.28,-0.3
19.899634703993797,32.66,3.28,-0.3
19.902603171765804,32.66,3.28,-0.3
19.905556362122297,32.66,3.28,-0.3
19.90851018205285,32.66,3.28,-0.3
19.911468230187893,32.66,3.28,-0.3
19.914438221603632,32.66,3.28,-0.3
19.917394373565912,32.66,3.28,-0.3
19.920346651226282,32.66,3.28,-0.3
19.923299059271812,32.66,3.28,-0.3
19.926261499524117,32.66,3.28,-0.3
19.92921056598425,32.66,3.28,-0.31
19.932180404663086,32.66,3.28,-0.3
19.935132134705782,32.66,3.28,-0.3
19.938086159527302,32.66,3.28,-0.3
19.941060591489077,32.66,3.28,-0.31
19.944007210433483,32.66,3.28,-0.31
19.94696168228984,32.66,3.28,-0.31
19.949921283870935,32.66,3.28,-0.3
19.952887535095215,32.66,3.28,-0.3
19.95583827793598,32.66,3.28,-0.3
19.957315683364868,32.66,3.28,-0.31
19.958795357495546,32.66,3.28,-0.3
19.960266835987568,32.66,3.28,-0.3
19.96175752580166,32.66,3.28,-0.3
19.963230207562447,32.66,3.28,-0.3
19.96470708400011,32.66,3.28,-0.3
19.966192863881588,32.66,3.28,-0.3
19.967674430459738,32.66,3.28,-0.3
19.969140700995922,32.66,3.28,-0.3
19.970622535794973,32.66,3.28,-0.3
19.972095500677824,32.66,3.28,-0.3
19.973593525588512,32.66,3.28,-0.3
19.97505982592702,32.66,3.28,-0.3
19.976545460522175,32.66,3.28,-0.3
19.978019043803215,32.66,3.28,-0.3
19.979497339576483,32.66,3.28,-0.3
19.98098334670067,32.66,3.28,-0.3
19.982456546276808,32.66,3.28,-0.3
19.983945410698652,32.66,3.28,-0.3
19.985424056649208,32.66,3.28,-0.3
19.98689053952694,32.66,3.28,-0.3
19.988369435071945,32.66,3.28,-0.3
19.989841375499964,32.66,3.28,-0.3
19.99133726581931,32.66,3.28,-0.3
19.992820546031,32.66,3.27,-0.3
19.994280885905027,32.66,3.28,-0.3
19.995763570070267,32.66,3.27,-0.3
19.997247219085693,32.66,3.27,-0.3
19.998726524412632,32.66,3.28,-0.3
20.001685984432697,32.66,3.27,-0.3
20.004637327045202,32.66,3.27,-0.3
20.00760130956769,32.66,3.27,-0.3
20.010552003979683,32.66,3.27,-0.3
20.013520166277885,32.66,3.27,-0.3
20.016475167125463,32.66,3.27,-0.3
20.019436862319708,32.66,3.27,-0.3
20.02238156273961,32.66,3.27,-0.3
20.025346394628286,32.66,3.27,-0.3
20.028302997350693,32.66,3.27,-0.3
20.029778692871332,32.66,3.27,-0.3
20.03126246482134,32.66,3.27,-0.3
20.032734721899033,32.66,3.27,-0.3
20.03421425074339,32.66,3.27,-0.3
20.035688176751137,32.66,3.27,-0.3
20.037181451916695,32.66,3.27,-0.3
20.03865049406886,32.66,3.27,-0.3
20.040137846022844,32.66,3.27,-0.3
20.041613802313805,32.66,3.27,-0.3
20.043084509670734,32.66,3.27,-0.3
20.044569171965122,32.66,3.28,-0.3
20.046045947819948,32.66,3.27,-0.3
20.04752243682742,32.66,3.27,-0.3
20.048998940736055,32.66,3.27,-0.3
20.050491094589233,32.66,3.27,-0.3
20.051961224526167,32.66,3.28,-0.3
20.053437009453773,32.66,3.28,-0.3
20.054919481277466,32.66,3.28,-0.3
20.0564076974988,32.66,3.28,-0.3
20.05787703767419,32.66,3.28,-0.3
20.05936598777771,32.66,3.28,-0.3
20.060840599238873,32.65,3.28,-0.3
20.062321200966835,32.66,3.28,-0.3
20.063788533210754,32.66,3.28,-0.3
20.065271835774183,32.66,3.28,-0.3
20.06674562394619,32.66,3.28,-0.3
20.068233653903008,32.66,3.28,-0.3
20.069716461002827,32.66,3.28,-0.3
20.07118532061577,32.66,3.28,-0.3
20.072666443884373,32.66,3.28,-0.3
20.07415045425296,32.66,3.28,-0.3
20.075625892728567,32.66,3.27,-0.3
20.077109325677156,32.66,3.27,-0.3
20.07858880981803,32.66,3.28,-0.3
20.08006750419736,32.66,3.28,-0.3
20.081544674932957,32.66,3.28,-0.3
20.08302915096283,32.66,3.28,-0.3
20.084493078291416,32.65,3.27,-0.3
20.08598293364048,32.66,3.27,-0.3
20.087454099208117,32.66,3.28,-0.3
20.08894221112132,32.66,3.27,-0.3
20.09041130542755,32.66,3.27,-0.3
20.09188512712717,32.66,3.27,-0.3
20.093378100544214,32.66,3.27,-0.3
20.094854909926653,32.66,3.27,-0.3
20.096332620829344,32.66,3.27,-0.3
20.099285002797842,32.66,3.27,-0.3
20.102250017225742,32.66,3.27,-0.3
20.10520961508155,32.66,3.27,-0.3
20.108164329081774,32.66,3.28,-0.3
20.111120220273733,32.66,3.27,-0.3
20.114076867699623,32.66,3.28,-0.3
20.117031544446945,32.66,3.27,-0.3
20.119989149272442,32.66,3.27,-0.3
20.122943937778473,32.66,3.28,-0.3
20.125917114317417,32.65,3.27,-0.3
20.128863599151373,32.66,3.27,-0.3
20.13182905688882,32.66,3.27,-0.3
20.134775776416063,32.66,3.27,-0.3
20.13772862032056,32.66,3.27,-0.3
20.140698194503784,32.66,3.28,-0.3
20.143648736178875,32.65,3.27,-0.3
20.146605864167213,32.66,3.27,-0.3
20.149568807333708,32.66,3.27,-0.3
20.152528282254934,32.66,3.27,-0.3
20.155491899698973,32.66,3.27,-0.3
20.15843179821968,32.66,3.27,-0.3
20.16140230745077,32.66,3.27,-0.3
20.164354249835014,32.66,3.27,-0.3
20.16731597110629,32.66,3.27,-0.3
20.170263223350048,32.66,3.27,-0.3
20.173228811472654,32.66,3.27,-0.3
20.176185097545385,32.66,3.27,-0.3
20.179134868085384,32.66,3.27,-0.3
20.182105012238026,32.66,3.27,-0.3
20.18505621701479,32.66,3.27,-0.3
20.18801188096404,32.66,3.27,-0.3
20.189498603343964,32.66,3.27,-0.3
20.19097452610731,32.66,3.27,-0.3
20.192462597042322,32.66,3.27,-0.3
20.193941317498684,32.66,3.27,-0.3
20.196888878941536,32.66,3.27,-0.3
20.19984447583556,32.66,3.27,-0.3
20.202800169587135,32.66,3.27,-0.3
20.20576475933194,32.66,3.27,-0.3
20.207249119877815,32.66,3.27,-0.3
20.20872500166297,32.65,3.27,-0.3
20.210195790976286,32.66,3.27,-0.3
20.21167365089059,32.66,3.26,-0.3
20.213165640830994,32.66,3.27,-0.3
20.214635081589222,32.66,3.26,-0.3
20.216116223484278,32.66,3.26,-0.3
20.217599105089903,32.66,3.26,-0.3
20.219077702611685,32.66,3.26,-0.3
20.220546066761017,32.66,3.27,-0.3
20.222031891345978,32.66,3.27,-0.3
20.223494797945023,32.66,3.27,-0.3
20.224984414875507,32.66,3.26,-0.3
20.22647140175104,32.66,3.26,-0.3
20.22794709354639,32.66,3.26,-0.3
20.22941993921995,32.66,3.26,-0.3
20.230906020849943,32.66,3.26,-0.3
20.232379030436277,32.66,3.26,-0.3
20.233860056847334,32.65,3.26,-0.3
20.23534193634987,32.66,3.26,-0.3
20.236814744770527,32.66,3.26,-0.3
20.2382954955101,32.66,3.26,-0.3
20.239769779145718,32.66,3.26,-0.3
20.24124902486801,32.65,3.26,-0.3
20.242740392684937,32.65,3.26,-0.3
20.24421240389347,32.65,3.26,-0.3
20.24568869918585,32.66,3.26,-0.3
20.247167751193047,32.66,3.26,-0.3
20.248643837869167,32.65,3.26,-0.3
20.25012595579028,32.66,3.26,-0.3
20.25160315260291,32.66,3.26,-0.3
20.253088414669037,32.65,3.26,-0.3
20.25456613302231,32.66,3.26,-0.3
20.256047915667295,32.66,3.26,-0.3
20.25753828883171,32.66,3.26,-0.3
20.25899427011609,32.66,3.26,-0.3
20.260476365685463,32.66,3.26,-0.3
20.261956501752138,32.66,3.26,-0.3
20.263446860015392,32.66,3.26,-0.3
20.264913268387318,32.66,3.26,-0.3
20.266386955976486,32.65,3.26,-0.3
20.267869755625725,32.66,3.26,-0.3
20.26934764161706,32.66,3.26,-0.3
20.270832777023315,32.66,3.26,-0.3
20.27231515944004,32.66,3.26,-0.3
20.273788183927536,32.66,3.26,-0.3
20.2752765417099,32.66,3.26,-0.3
20.27674862369895,32.66,3.26,-0.3
20.278227254748344,32.66,3.26,-0.3
20.27970153093338,32.66,3.26,-0.3
20.281187057495117,32.66,3.26,-0.3
20.282657649368048,32.66,3.26,-0.3
20.28414872661233,32.66,3.26,-0.3
20.285624288022518,32.65,3.26,-0.3
20.287101175636053,32.65,3.26,-0.3
20.288579870015383,32.65,3.26,-0.3
20.290059838443995,32.65,3.26,-0.3
20.29154620692134,32.65,3.26,-0.3
20.293019518256187,32.66,3.26,-0.3
20.295966044068336,32.66,3.26,-0.3
20.298937875777483,32.66,3.26,-0.3
20.301883548498154,32.66,3.26,-0.3
20.304853297770023,32.65,3.26,-0.3
20.307804737240076,32.66,3.26,-0.3
20.31075380370021,32.65,3.26,-0.3
20.31372494623065,32.65,3.26,-0.3
20.3166699744761,32.66,3.26,-0.3
20.31962977349758,32.65,3.26,-0.3
20.322598814964294,32.66,3.26,-0.3
20.325553253293037,32.66,3.26,-0.3
20.328515458852053,32.65,3.26,-0.3
20.331467606127262,32.66,3.26,-0.3
20.334424149245024,32.65,3.26,-0.3
20.33738137036562,32.66,3.26,-0.3
20.340348321944475,32.66,3.26,-0.3
20.34329768642783,32.66,3.26,-0.3
20.34625371173024,32.66,3.26,-0.3
20.34921319037676,32.66,3.26,-0.3
20.350691817700863,32.66,3.26,-0.3
20.35216671973467,32.66,3.26,-0.3
20.353649720549583,32.66,3.26,-0.3
20.35512464866042,32.66,3.26,-0.3
20.35660234466195,32.66,3.26,-0.3
20.358092185109854,32.66,3.26,-0.3
20.359570633620024,32.65,3.26,-0.3
20.36105342581868,32.66,3.26,-0.3
20.36252547055483,32.66,3.26,-0.3
20.364002279937267,32.66,3.25,-0.3
20.365473825484514,32.66,3.26,-0.3
20.366957180202007,32.66,3.26,-0.3
20.36844041198492,32.66,3.26,-0.3
20.369913928210735,32.66,3.26,-0.3
20.371401708573103,32.66,3.26,-0.3
20.372870203107595,32.66,3.26,-0.3
20.374355230480433,32.65,3.26,-0.3
20.375836104154587,32.66,3.26,-0.3
20.377310793846846,32.66,3.26,-0.3
20.378784708678722,32.66,3.26,-0.3
20.380261797457933,32.66,3.26,-0.3
20.381754711270332,32.65,3.26,-0.3
20.383220549672842,32.65,3.26,-0.3
20.38471084833145,32.66,3.26,-0.3
20.38618717715144,32.66,3.26,-0.3
20.387661710381508,32.66,3.26,-0.3
20.389146521687508,32.66,3.26,-0.3
20.390628963708878,32.66,30.0,-0.3
20.393581710755825,32.66,3.25,-0.3
20.396545495837927,32.65,3.25,-0.3
20.39948944747448,32.65,3.25,-0.3
20.402458801865578,32.66,3.25,-0.3
20.405406557023525,32.66,3.25,-0.3
20.408376030623913,32.66,3.25,-0.3
20.411319721490145,32.66,3.25,-0.3
20.41429053992033,32.65,3.25,-0.3
20.41724558547139,32.65,3.25,-0.3
20.420201651751995,32.65,3.25,-0.3
20.423162426799536,32.65,3.25,-0.3
20.42612223699689,32.66,3.25,-0.3
20.429060101509094,32.65,3.25,-0.3
20.43203780800104,32.66,3.25,-0.3
20.43498931825161,32.66,3.26,-0.3
20.437942802906036,32.66,3.25,-0.3
20.440900817513466,32.66,3.25,-0.3
20.443859193474054,32.66,3.25,-0.3
20.446812465786934,32.66,3.26,-0.3
20.44978343695402,32.66,3.26,-0.3
20.452726181596518,32.66,3.26,-0.3
20.454218350350857,32.66,3.26,-0.3
20.455699384212494,32.65,3.26,-0.3
20.457159273326397,32.65,3.26,-0.3
20.458649028092623,32.65,3.26,-0.3
20.460120737552643,32.66,3.26,-0.3
20.461611308157444,32.66,3.26,-0.3
20.46309442818165,32.66,3.26,-0.3
20.464570067822933,32.66,3.26,-0.3
20.46604109555483,32.66,3.26,-0.3
20.46752831339836,32.66,3.26,-0.3
20.468992214649916,32.66,3.26,-0.3
20.470475547015667,32.66,3.26,-0.3
20.471961490809917,32.66,3.26,-0.3
20.473446775227785,32.66,3.26,-0.3
20.474922612309456,32.66,3.26,-0.3
20.47639761120081,32.66,3.26,-0.3
20.477865736931562,32.66,3.26,-0.3
20.47935027629137,32.66,3.26,-0.3
20.480840887874365,32.66,3.26,-0.3
20.48231617733836,32.66,3.26,-0.3
20.48379138112068,32.66,3.26,-0.3
20.485266126692295,32.66,3.26,-0.3
20.48674274608493,32.66,3.26,-0.3
20.48823531344533,32.66,3.26,-0.3
20.491178054362535,32.66,3.26,-0.3
20.494143284857273,32.65,3.26,-0.3
20.49710574373603,32.65,3.26,-0.3
20.500059980899096,32.66,3.26,-0.3
20.503020115196705,32.66,3.26,-0.3
20.505964271724224,32.65,3.26,-0.3
20.508923277258873,32.66,3.26,-0.3
20.511892091482878,32.66,3.26,-0.3
20.513372968882322,32.66,3.26,-0.3
20.51485253125429,32.66,3.26,-0.3
20.516319572925568,32.66,3.26,-0.3
20.517803125083447,32.66,3.26,-0.3
20.519280288368464,32.66,3.26,-0.3
20.52076630666852,32.66,3.26,-0.3
20.522241186350584,32.66,3.26,-0.3
20.52372058480978,32.66,3.26,-0.3
20.525203969329596,32.66,3.26,-0.3
20.526669770479202,32.66,3.26,-0.3
20.528155501931906,32.66,3.26,-0.3
20.529626861214638,32.66,3.26,-0.3
20.531106527894735,32.66,3.26,-0.3
20.532583199441433,32.66,3.26,-0.3
20.534066535532475,32.66,3.26,-0.3
20.535550348460674,32.66,3.26,-0.3
20.537030834704638,32.66,3.25,-0.3
20.538509380072355,32.66,3.25,-0.3
20.53997976332903,32.66,3.26,-0.3
20.541458379477262,32.66,3.26,-0.3
20.542939949780703,32.66,3.26,-0.3
20.54442362859845,32.66,3.26,-0.3
20.545901641249657,32.66,3.26,-0.3
20.54737563803792,32.66,3.25,-0.3
20.5488488599658,32.66,3.25,-0.3
20.550333954393864,32.65,3.25,-0.3
20.551811691373587,32.66,3.25,-0.3
20.553293485194445,32.66,3.25,-0.3
20.554765839129686,32.66,3.25,-0.3
20.55626303702593,32.66,3.25,-0.3
20.557722717523575,32.66,3.25,-0.3
20.55920635536313,32.66,3.25,-0.3
20.560694694519043,32.66,3.25,-0.3
20.562163289636374,32.66,3.25,-0.3
20.56365567073226,32.66,3.25,-0.3
20.565132934600115,32.66,3.25,-0.3
20.56659944355488,32.66,3.25,-0.3
20.568088699132204,32.66,3.25,-0.3
20.569562699645758,32.65,3.25,-0.3
20.571041725575924,32.65,3.25,-0.3
20.572521459311247,32.65,3.26,-0.3
20.574000239372253,32.65,3.25,-0.3
20.575483676046133,32.66,3.25,-0.3
20.576944816857576,32.66,3.25,-0.3
20.57843792438507,32.65,3.26,-0.3
20.579914964735508,32.65,3.25,-0.3
20.58139381185174,32.66,3.25,-0.3
20.58287287503481,32.65,3.25,-0.3
20.584343936294317,32.66,3.25,-0.3
20.585828855633736,32.66,3.25,-0.3
20.58878308162093,32.66,3.25,-0.3
20.591750368475914,32.65,3.25,-0.3
20.594716545194387,32.65,3.25,-0.3
20.597656227648258,32.66,3.25,-0.3
20.600621793419123,32.65,3.25,-0.3
20.603575386106968,32.66,3.25,-0.3
20.60653582587838,32.66,3.25,-0.3
20.60949745029211,32.66,3.25,-0.3
20.61244746297598,32.65,3.25,-0.3
20.61540049314499,32.66,3.25,-0.3
20.618361372500658,32.66,3.25,-0.3
20.621325723826885,32.65,3.25,-0.3
20.624285332858562,32.65,3.25,-0.3
20.62723983824253,32.65,3.25,-0.3
20.630186676979065,32.66,3.25,-0.3
20.633159294724464,32.66,3.25,-0.3
20.63611400872469,32.66,3.25,-0.3
20.63906718418002,32.66,3.25,-0.3
20.642016787081957,32.66,3.25,-0.3
20.644988730549812,32.66,3.25,-0.3
20.64794398844242,32.65,3.25,-0.3
20.650901287794113,32.66,3.25,-0.3
20.65385666117072,32.66,3.25,-0.3
20.656808599829674,32.66,3.25,-0.3
20.659763172268867,32.66,3.25,-0.3
20.662722639739513,32.66,3.25,-0.3
20.665679216384888,32.65,3.25,-0.3
20.668642204254866,32.65,3.25,-0.3
20.671597730368376,32.66,3.25,-0.3
20.674561023712158,32.66,3.25,-0.3
20.676030859351158,32.65,3.25,-0.3
20.67751033231616,32.65,3.25,-0.3
20.67899874597788,32.65,3.25,-0.3
20.680467300117016,32.66,3.25,-0.3
20.681955367326736,32.65,3.25,-0.3
20.683433670550585,32.65,3.25,-0.3
20.68638540804386,32.65,3.25,-0.3
20.6893499083817,32.65,3.25,-0.3
20.69230004772544,32.66,3.25,-0.3
20.695267360657454,32.66,3.25,-0.3
20.698224164545536,32.66,3.26,-0.3
20.701171334832907,32.66,3.26,-0.3
20.70266568288207,32.66,3.26,-0.3
20.704137302935123,32.66,3.25,-0.3
20.70560961216688,32.66,3.26,-0.3
20.70710352063179,32.65,3.26,-0.3
20.70857760310173,32.66,3.26,-0.3
20.71005830913782,32.65,3.26,-0.3
20.711535315960646,32.66,3.26,-0.3
20.71301520615816,32.66,3.26,-0.3
20.714485302567482,32.66,3.26,-0.3
20.715964775532484,32.65,3.26,-0.3
20.7174554169178,32.66,3.26,-0.3
20.718920465558767,32.65,3.26,-0.3
20.72041065990925,32.65,3.26,-0.3
20.72187616676092,32.65,3.26,-0.3
20.723367143422365,32.66,3.26,-0.3
20.72483029589057,32.66,3.26,-0.3
20.72631723806262,32.66,3.26,-0.3
20.727786790579557,32.66,3.26,-0.3
20.72927724570036,32.65,3.26,-0.3
20.730757366865873,32.65,3.26,-0.3
20.7322367541492,32.65,3.26,-0.3
20.733719442039728,32.66,3.26,-0.3
20.735193703323603,32.65,3.26,-0.3
20.73666974529624,32.66,3.26,-0.3
20.738148111850023,32.66,3.26,-0.3
20.73962940648198,32.66,3.26,-0.3
20.741105437278748,32.66,3.26,-0.3
20.742592077702284,32.65,3.26,-0.3
20.744071874767542,32.66,3.26,-0.3
20.74555102735758,32.66,3.26,-0.3
20.747022069990635,32.66,3.26,-0.3
20.748503405600786,32.66,3.26,-0.3
20.7499795332551,32.66,3.26,-0.3
20.75146771222353,32.66,3.26,-0.3
20.752941317856312,32.66,3.26,-0.3
20.75441051647067,32.65,3.26,-0.3
20.7558823376894,32.65,3.26,-0.3
20.757375668734312,32.65,3.26,-0.3
20.758860878646374,32.65,3.26,-0.3
20.76032703369856,32.65,3.26,-0.3
20.761812210083008,32.66,3.26,-0.3
20.763300087302923,32.66,3.27,-0.3
20.7647668980062,32.66,3.27,-0.3
20.766248557716608,32.65,3.26,-0.3
20.767723627388477,32.65,3.27,-0.3
20.769199542701244,32.66,3.27,-0.3
20.770687878131866,32.66,3.27,-0.3
20.772160321474075,32.65,3.27,-0.3
20.77363844588399,32.66,3.26,-0.3
20.77513576671481,32.65,3.27,-0.3
20.776599869132042,32.65,3.27,-0.3
20.77808305248618,32.65,3.27,-0.3
20.77955847606063,32.65,3.27,-0.3
20.78104292228818,32.66,3.27,-0.3
20.782514486461878,32.66,3.27,-0.3
20.785469945520163,32.65,3.27,-0.3
20.788436468690634,32.66,3.27,-0.3
20.791381504386663,32.65,3.27,-0.3
20.79434308409691,32.65,3.27,-0.3
20.797299709171057,32.66,3.27,-0.3
20.800260294228792,32.66,3.27,-0.3
20.803215600550175,32.66,3.27,-0.3
20.806175228208303,32.65,3.27,-0.3
20.80913122743368,32.66,3.27,-0.3
20.81208787485957,32.66,3.27,-0.3
20.81504437327385,32.65,3.27,-0.3
20.818005472421646,32.65,3.27,-0.3
20.820969313383102,32.65,3.27,-0.3
20.823931824415922,32.65,3.27,-0.3
20.826875030994415,32.66,3.27,-0.3
20.829829301685095,32.65,3.27,-0.3
20.832795172929764,32.66,3.27,-0.3
20.835752062499523,32.65,3.27,-0.3
20.837232291698456,32.65,3.26,-0.3
20.838702272623777,32.66,3.26,-0.3
20.840185172855854,32.66,3.26,-0.3
20.841673642396927,32.66,3.26,-0.3
20.843147680163383,32.65,3.26,-0.3
20.844614006578922,32.65,3.27,-0.3
20.84610190242529,32.65,3.27,-0.3
20.84758309274912,32.65,3.26,-0.3
20.849058713763952,32.65,3.27,-0.3
20.85053139179945,32.66,3.27,-0.3
20.85201893746853,32.65,3.26,-0.3
20.853497073054314,32.65,3.26,-0.3
20.85497586801648,32.66,3.26,-0.3
20.856451869010925,32.65,3.26,-0.3
20.857929326593876,32.65,3.26,-0.3
20.859421107918024,32.65,3.26,-0.3
20.860889684408903,32.65,3.26,-0.3
20.86238170415163,32.65,3.26,-0.3
20.86385167762637,32.65,3.26,-0.3
20.86533196642995,32.65,3.26,-0.3
20.86680782586336,32.66,3.26,-0.3
20.868282429873943,32.66,3.26,-0.3
20.869760513305664,32.65,3.26,-0.3
20.87124541774392,32.66,3.26,-0.3
20.87272299081087,32.66,3.26,-0.3
20.87419591844082,32.66,3.26,-0.3
20.87567289918661,32.65,3.26,-0.3
20.877151139080524,32.65,3.26,-0.3
20.878625258803368,32.66,3.26,-0.3
20.880114555358887,32.66,3.26,-0.3
20.883083630353212,32.66,3.26,-0.3
20.886033438146114,32.66,3.26,-0.3
20.888982195407152,32.66,3.26,-0.3
20.89194557443261,32.66,3.26,-0.3
20.894904628396034,32.66,3.26,-0.3
20.897860541939735,32.66,3.26,-0.3
20.90082485601306,32.66,3.26,-0.3
20.903766810894012,32.65,3.26,-0.3
20.90673776715994,32.66,3.26,-0.3
20.90967932343483,32.65,3.26,-0.3
20.912666261196136,32.66,3.26,-0.3
20.915612764656544,32.65,3.26,-0.3
20.918554972857237,32.65,3.26,-0.3
20.92151888087392,32.66,3.26,-0.3
20.92448214814067,32.66,3.26,-0.3
20.92744228988886,32.66,3.26,-0.3
20.930408142507076,32.66,3.26,-0.3
20.933366298675537,32.66,3.26,-0.3
20.93631847947836,32.66,3.26,-0.3
20.939271312206984,32.66,3.26,-0.3
20.942227978259325,32.65,3.26,-0.3
20.945180378854275,32.65,3.26,-0.3
20.948132950812578,32.65,3.26,-0.3
20.95258302614093,32.66,3.26,-0.3
20.954062666743994,32.66,3.26,-0.3
20.95554118230939,32.65,3.26,-0.3
20.957016188651323,32.65,3.26,-0.3
20.958498880267143,32.66,3.26,-0.3
20.95996480435133,32.66,3.26,-0.3
20.96144314110279,32.65,3.26,-0.3
20.962929021567106,32.65,3.26,-0.3
20.96440141648054,32.65,3.26,-0.3
20.965881932526827,32.66,3.26,-0.3
20.967355202883482,32.65,3.26,-0.3
20.968849167227745,32.66,3.26,-0.3
20.970323011279106,32.65,3.26,-0.3
20.97180574759841,32.65,3.26,-0.3
20.973272319883108,32.65,3.26,-0.3
20.974757812917233,32.66,3.26,-0.3
20.97623436897993,32.66,3.26,-0.3
20.977713212370872,32.65,3.26,-0.3
20.979198586195707,32.66,3.26,-0.3
20.98214964568615,32.65,3.26,-0.3
20.98510940000415,32.65,3.26,-0.3
20.988068886101246,32.66,3.26,-0.3
20.99102870747447,32.66,3.26,-0.3
20.993975173681974,32.65,3.26,-0.3
20.996930103749037,32.65,3.26,-0.3
20.998423539102077,32.66,3.26,-0.3
20.999892231076956,32.66,3.26,-0.3
21.001376371830702,32.66,3.26,-0.3
21.00285543501377,32.66,3.26,-0.3
21.004331417381763,32.66,3.26,-0.3
21.005814399570227,32.66,3.26,-0.3
21.00728540122509,32.65,3.26,-0.3
21.008772782981396,32.65,3.26,-0.3
21.010254830121994,32.65,3.26,-0.3
21.011719208210707,32.65,3.26,-0.3
21.013202659785748,32.66,3.26,-0.3
21.014689054340124,32.66,3.26,-0.3
21.01615845784545,32.66,3.26,-0.3
21.017638079822063,32.66,3.26,-0.3
21.019113525748253,32.66,3.26,-0.3
21.02059953659773,32.66,3.26,-0.3
21.02207115292549,32.65,3.26,-0.3
21.02356542274356,32.66,3.26,-0.3
21.025029487907887,32.65,3.26,-0.3
21.026516422629356,32.65,3.26,-0.3
21.02799218520522,32.66,3.26,-0.3
21.029478799551725,32.66,3.26,-0.3
21.030959479510784,32.65,3.26,-0.3
21.032431043684483,32.66,3.26,-0.3
21.03390895947814,32.66,3.26,-0.3
21.03539625927806,32.65,3.26,-0.3
21.036874286830425,32.65,3.26,-0.3
21.0383538082242,32.65,3.26,-0.3
21.039831932634115,32.66,3.26,-0.3
21.041301757097244,32.66,3.26,-0.3
21.04278777912259,32.66,3.26,-0.3
21.044259414076805,32.66,3.26,-0.3
21.045738618820906,32.66,3.26,-0.3
21.047217924147844,32.65,3.26,-0.3
21.04869608953595,32.65,3.26,-0.3
21.05017375200987,32.66,3.26,-0.3
21.05164783075452,32.66,3.26,-0.3
21.05312943086028,32.65,3.26,-0.3
21.054619628936052,32.65,3.26,-0.3
21.056085277348757,32.65,3.26,-0.3
21.057571068406105,32.66,3.26,-0.3
21.05905357003212,32.66,3.26,-0.3
21.0605316311121,32.66,3.26,-0.3
21.062008157372475,32.66,3.26,-0.3
21.063486073166132,32.66,3.26,-0.3
21.06495812907815,32.66,3.26,-0.3
21.06645181402564,32.65,3.26,-0.3
21.067921712994576,32.66,3.26,-0.3
21.069408431649208,32.65,3.26,-0.3
21.07088640332222,32.66,3.26,-0.3
21.07236337289214,32.66,3.26,-0.3
21.073839943856,32.66,3.26,-0.3
21.075312077999115,32.65,3.26,-0.3
21.07826839759946,32.65,3.26,-0.3
21.081239197403193,32.65,3.26,-0.3
21.08419532328844,32.65,3.26,-0.3
21.087151404470205,32.66,3.26,-0.3
21.09010424092412,32.65,3.26,-0.3
21.09307174012065,32.65,3.26,-0.3
21.09603414312005,32.66,3.26,-0.3
21.09898677840829,32.65,3.26,-0.3
21.101959224790335,32.66,3.27,-0.3
21.10489660128951,32.65,3.27,-0.3
21.10786087438464,32.66,3.27,-0.3
21.110807240009308,32.65,3.27,-0.3
21.113777194172144,32.65,3.27,-0.3
21.116734195500612,32.65,3.27,-0.3
21.119696021080017,32.66,3.27,-0.3
21.122647907584906,32.65,3.27,-0.3
21.125601213425398,32.66,3.27,-0.3
21.12855640798807,32.66,3.27,-0.3
21.13152103871107,32.65,3.27,-0.3
21.134472835808992,32.65,3.27,-0.3
21.13742345198989,32.65,3.27,-0.3
21.14039822667837,32.65,3.27,-0.3
21.143346536904573,32.65,3.27,-0.3
21.14630390703678,32.65,3.27,-0.3
21.149286027997732,32.65,3.27,-0.3
21.15223166719079,32.66,3.27,-0.3
21.155196830630302,32.66,3.27,-0.3
21.158137120306492,32.65,3.27,-0.3
21.159617703408003,32.66,3.27,-0.3
21.16108028590679,32.66,3.27,-0.3
21.162575773894787,32.66,3.27,-0.3
21.164052922278643,32.66,3.27,-0.3
21.165533401072025,32.65,3.27,-0.3
21.16701551899314,32.65,3.27,-0.3
21.168492048978806,32.65,3.27,-0.3
21.169967651367188,32.65,3.27,-0.3
21.171445228159428,32.66,3.27,-0.3
21.172924615442753,32.66,3.27,-0.3
21.17588184773922,32.66,3.27,-0.3
21.178844917565584,32.66,3.27,-0.3
21.181795816868544,32.66,3.27,-0.3
21.184754252433777,32.65,3.27,-0.3
21.18770332634449,32.65,3.27,-0.3
21.190680634230375,32.66,3.27,-0.3
21.193633764982224,32.66,3.27,-0.3
21.196582529693842,32.66,3.27,-0.3
21.198068413883448,32.66,3.27,-0.3
21.199549727141857,32.66,3.27,-0.3
21.20103297382593,32.65,3.27,-0.3
21.202503614127636,32.65,3.27,-0.3
21.203979834914207,32.65,3.27,-0.3
21.205462779849768,32.66,3.27,-0.3
21.206928458064795,32.66,3.27,-0.3
21.208412636071444,32.65,3.27,-0.3
21.209894962608814,32.66,3.26,-0.3
21.211378529667854,32.65,3.26,-0.3
21.21284956485033,32.66,3.26,-0.3
21.21434547379613,32.66,3.26,-0.3
21.21581244468689,32.65,3.26,-0.3
21.21729365736246,32.66,3.26,-0.3
21.21876746043563,32.66,3.26,-0.3
21.220238983631134,32.65,3.26,-0.3
21.22172513976693,32.65,3.26,-0.3
21.22320482507348,32.65,3.26,-0.3
21.224673379212618,32.65,3.26,-0.3
21.226176161319017,32.65,3.26,-0.3
21.227655850350857,32.66,3.26,-0.3
21.229133501648903,32.66,3.26,-0.3
21.23060118034482,32.65,3.26,-0.3
21.232071422040462,32.65,3.26,-0.3
21.233550660312176,32.65,3.26,-0.3
21.235037501901388,32.65,3.26,-0.3
21.236515536904335,32.65,3.26,-0.3
21.237990107387304,32.66,3.26,-0.3
21.239465966820717,32.66,3.26,-0.3
21.2409459464252,32.65,3.26,-0.3
21.242434941232204,32.66,3.26,-0.3
21.243906807154417,32.66,3.27,-0.3
21.245406080037355,32.65,3.27,-0.3
21.246869523078203,32.65,3.27,-0.3
21.2483373247087,32.66,3.26,-0.3
21.249826949089766,32.66,3.26,-0.3
21.251300059258938,32.66,3.26,-0.3
21.25278650596738,32.65,3.26,-0.3
21.254268299788237,32.66,3.26,-0.3
21.255744017660618,32.66,3.26,-0.3
21.257216069847345,32.65,3.26,-0.3
21.25869693979621,32.65,3.26,-0.3
21.260168954730034,32.66,3.26,-0.3
21.261656548827887,32.65,3.26,-0.3
21.263129252940416,32.65,3.26,-0.3
21.264620777219534,32.65,3.26,-0.3
21.26609031483531,32.65,3.27,-0.3
21.267573665827513,32.65,3.27,-0.3
21.26904633268714,32.65,3.26,-0.3
21.27052654325962,32.65,3.27,-0.3
21.274969272315502,32.66,3.27,-0.3
21.27791951596737,32.65,3.27,-0.3
21.280891001224518,32.65,3.27,-0.3
21.283850241452456,32.65,3.27,-0.3
21.286802373826504,32.66,3.27,-0.3
21.289749074727297,32.66,3.27,-0.3
21.292708031833172,32.66,3.27,-0.3
21.295669823884964,32.65,3.27,-0.3
21.298626504838467,32.65,3.27,-0.3
21.301585998386145,32.65,3.27,-0.3
21.304546020925045,32.65,3.27,-0.3
21.307505290955305,32.66,3.27,-0.3
21.31047285720706,32.66,3.27,-0.3
21.313420228660107,32.65,3.27,-0.3
21.31637141108513,32.66,3.27,-0.3
21.31933192163706,32.65,3.27,-0.3
21.320809219032526,32.65,3.27,-0.3
21.322287905961275,32.66,3.27,-0.3
21.323766499757767,32.65,3.27,-0.3
21.325243685394526,32.65,3.27,-0.3
21.32671431079507,32.65,3.27,-0.3
21.328192234039307,32.65,3.27,-0.3
21.329679172486067,32.65,3.27,-0.3
21.331153232604265,32.65,3.27,-0.3
21.332637459039688,32.65,3.28,-0.3
21.334118492901325,32.65,3.27,-0.3
21.335607923567295,32.65,3.27,-0.3
21.337073426693678,32.66,3.27,-0.3
21.33855114132166,32.65,3.27,-0.3
21.340044040232897,32.65,3.27,-0.3
21.341504752635956,32.65,3.27,-0.3
21.342978604137897,32.65,3.28,-0.3
21.344477880746126,32.65,3.28,-0.3
21.34594499692321,32.65,3.28,-0.3
21.347430005669594,32.65,3.28,-0.3
21.34889491274953,32.66,3.27,-0.3
21.350396271795034,32.65,3.27,-0.3
21.351865258067846,32.65,3.27,-0.3
21.353333681821823,32.66,3.27,-0.3
21.354822397232056,32.66,3.27,-0.3
21.356304943561554,32.66,3.27,-0.3
21.35777612403035,32.65,3.27,-0.3
21.359266001731157,32.66,3.27,-0.3
21.36073726415634,32.66,3.28,-0.3
21.362215545028448,32.65,3.27,-0.3
21.363696489483118,32.65,3.28,-0.3
21.36517685651779,32.65,3.28,-0.3
21.366645269095898,32.65,3.28,-0.3
21.368140798062086,32.65,3.28,-0.3
21.371090084314346,32.65,3.28,-0.3
21.374058838933706,32.66,3.28,-0.3
21.377020373940468,32.66,3.28,-0.3
21.379960153251886,32.65,3.28,-0.3
21.382933598011732,32.66,3.28,-0.3
21.38588558509946,32.65,3.28,-0.3
21.388853784650564,32.65,3.28,-0.3
21.391790248453617,32.66,3.28,-0.3
21.394753232598305,32.66,3.28,-0.3
21.39771643653512,32.65,3.28,-0.3
21.40066459402442,32.66,3.27,-0.3
21.403622336685658,32.66,3.28,-0.3
21.40658401325345,32.65,3.28,-0.3
21.409543801099062,32.65,3.28,-0.3
21.412489529699087,32.65,3.27,-0.3
21.415451977401972,32.66,3.27,-0.3
21.418412938714027,32.66,3.27,-0.3
21.421370413154364,32.65,3.27,-0.3
21.424325838685036,32.65,3.27,-0.3
21.42728476971388,32.66,3.27,-0.3
21.430234171450138,32.66,3.27,-0.3
21.433213360607624,32.65,3.28,-0.3
21.436161886900663,32.65,3.27,-0.3
21.4391152523458,32.65,3.27,-0.3
21.442073743790388,32.66,3.28,-0.3
21.445031888782978,32.66,3.28,-0.3
21.446509260684252,32.65,3.28,-0.3
21.448003835976124,32.65,3.28,-0.3
21.44946113601327,32.65,3.28,-0.3
21.450941063463688,32.65,3.28,-0.3
21.452427495270967,32.65,3.28,-0.3
21.453905817121267,32.66,3.28,-0.3
21.45538144186139,32.66,3.28,-0.3
21.456860031932592,32.65,3.28,-0.3
21.458338368684053,32.65,3.28,-0.3
21.459818225353956,32.66,3.28,-0.3
21.461298134177923,32.66,3.28,-0.3
21.462779622524977,32.65,3.28,-0.3
21.464265044778585,32.65,3.28,-0.3
21.465731609612703,32.65,3.28,-0.3
21.467212580144405,32.66,3.28,-0.3
21.470169875770807,32.65,3.28,-0.3
21.473127506673336,32.65,3.28,-0.3
21.476103376597166,32.66,3.27,-0.3
21.479042820632458,32.65,3.27,-0.3
21.482018750160933,32.65,3.27,-0.3
21.48348055407405,32.66,3.27,-0.3
21.484966684132814,32.65,3.27,-0.3
21.486432284116745,32.65,3.27,-0.3
21.487924735993147,32.66,3.28,-0.3
21.489398159086704,32.66,3.28,-0.3
21.4909015186131,32.66,3.27,-0.3
21.492361962795258,32.65,3.27,-0.3
21.49384516477585,32.65,3.27,-0.3
21.495309628546238,32.65,3.27,-0.3
21.496789444237947,32.66,3.27,-0.3
21.498279556632042,32.66,3.27,-0.3
21.49975097179413,32.66,3.27,-0.3
21.5012310706079,32.65,3.27,-0.3
21.502712223678827,32.65,3.27,-0.3
21.504189152270555,32.65,3.27,-0.3
21.505676299333572,32.65,3.27,-0.3
21.50713947042823,32.66,3.27,-0.3
21.508624345064163,32.66,3.27,-0.3
21.510108213871717,32.65,3.27,-0.3
21.51157834380865,32.65,3.27,-0.3
21.513062112033367,32.66,3.28,-0.3
21.514531262218952,32.66,3.27,-0.3
21.516019962728024,32.66,3.27,-0.3
21.517497044056654,32.65,3.27,-0.3
21.51897755265236,32.66,3.27,-0.3
21.52046213671565,32.65,3.27,-0.3
21.521929692476988,32.65,3.27,-0.3
21.523407705128193,32.65,3.28,-0.3
21.524894829839468,32.66,3.28,-0.3
21.526365414261818,32.65,3.28,-0.3
21.5278452783823,32.66,3.28,-0.3
21.529323644936085,32.65,3.28,-0.3
21.530818969011307,32.65,3.28,-0.3
21.532275173813105,32.66,3.28,-0.3
21.533764131367207,32.66,3.28,-0.3
21.535233862698078,32.66,3.28,-0.3
21.536725122481585,32.66,3.28,-0.3
21.538192078471184,32.66,3.28,-0.3
21.539673302322626,32.65,3.28,-0.3
21.541147597134113,32.65,3.28,-0.3
21.542638558894396,32.66,3.28,-0.3
21.54411080107093,32.66,3.28,-0.3
21.545597475022078,32.66,3.28,-0.3
21.547070875763893,32.66,3.28,-0.3
21.548544269055128,32.65,3.28,-0.3
21.550023648887873,32.65,3.28,-0.3
21.551515102386475,32.66,3.28,-0.3
21.552979361265898,32.66,3.28,-0.3
21.554468233138323,32.65,3.28,-0.3
21.5559394210577,32.66,3.28,-0.3
21.557417571544647,32.65,3.28,-0.3
21.558899119496346,32.65,3.28,-0.3
21.560374576598406,32.65,3.28,-0.3
21.561861898750067,32.66,3.28,-0.3
21.563324738293886,32.66,3.28,-0.3
21.56481947377324,32.66,3.28,-0.3
21.567770905792713,32.65,3.28,-0.3
21.570726197212934,32.66,3.28,-0.3
21.573677867650986,32.65,3.28,-0.3
21.576637737452984,32.66,3.28,-0.3
21.579606983810663,32.65,3.28,-0.3
21.582559306174517,32.66,3.28,-0.3
21.585513085126877,32.66,3.28,-0.3
21.588471442461014,32.66,3.28,-0.3
21.591432079672813,32.65,3.28,-0.3
21.59438956528902,32.66,3.27,-0.3
21.597349625080824,32.66,3.27,-0.3
21.600302267819643,32.65,3.27,-0.3
21.603260319679976,32.65,3.27,-0.3
21.606222432106733,32.66,3.27,-0.3
21.609199300408363,32.65,3.27,-0.3
21.61213869974017,32.65,3.27,-0.3
21.615099295973778,32.65,3.27,-0.3
21.618054553866386,32.65,3.27,-0.3
21.62101187184453,32.66,3.27,-0.3
21.623990803956985,32.65,3.27,-0.3
21.6269214078784,32.65,3.27,-0.3
21.62988505885005,32.65,3.27,-0.3
21.632834784686565,32.66,3.27,-0.3
21.635800015181303,32.65,3.27,-0.3
21.638760779052973,32.66,3.27,-0.3
21.641719315201044,32.66,3.27,-0.3
21.644677601754665,32.66,3.27,-0.3
21.646148409694433,32.65,3.27,-0.3
21.647629037499428,32.65,3.27,-0.3
21.649106480181217,32.65,3.27,-0.3
21.65059444308281,32.65,3.27,-0.3
21.652055993676186,32.66,3.27,-0.3
21.65354249626398,32.66,3.27,-0.3
21.65502604097128,32.66,3.27,-0.3
21.656499911099672,32.66,3.27,-0.3
21.657983649522066,32.66,3.27,-0.3
21.659470319747925,32.66,3.27,-0.3
21.66093895211816,32.66,3.27,-0.3
21.66388802230358,32.66,3.27,-0.3
21.666859205812216,32.66,3.27,-0.3
21.669824339449406,32.65,3.27,-0.3
21.672765765339136,32.66,3.27,-0.3
21.675727542489767,32.65,3.27,-0.3
21.67868509143591,32.66,3.27,-0.3
21.68199300020933,32.66,3.27,-0.3
21.684620399028063,32.66,3.27,-0.3
21.687578447163105,32.65,3.27,-0.3
21.690517868846655,32.66,3.27,-0.3
21.691992819309235,367.89,3.27,-0.3
21.693474300205708,32.66,3.27,-0.3
21.694955199956894,32.66,3.27,-0.3
21.696443900465965,32.66,3.27,-0.3
21.697917077690363,32.66,3.27,-0.3
21.69939674437046,32.66,3.27,-0.3
21.700868275016546,32.66,3.27,-0.3
21.702346179634333,32.66,3.27,-0.3
21.703824434429407,32.66,3.27,-0.3
21.705305140465498,32.66,3.26,-0.3
21.70677987486124,32.65,3.26,-0.3
21.70826931297779,32.66,3.26,-0.3
21.709736824035645,32.66,3.27,-0.3
21.711243975907564,32.66,3.27,-0.3
21.712700806558132,32.66,3.27,-0.3
21.7141783349216,32.66,3.26,-0.3
21.715644989162683,32.66,3.26,-0.3
21.71713923662901,32.65,3.27,-0.3
21.718612167984247,32.66,3.26,-0.3
21.720095481723547,32.66,3.26,-0.3
21.721568651497364,32.66,3.26,-0.3
21.723052389919758,32.66,3.26,-0.3
21.724538758397102,32.66,3.27,-0.3
21.72600520774722,32.66,3.26,-0.3
21.727488048374653,32.65,3.26,-0.3
21.72896344959736,32.65,3.26,-0.3
21.730436127632856,32.65,3.26,-0.3
21.73192897811532,32.66,3.26,-0.29
21.73340540751815,32.66,3.26,-0.29
21.73487165942788,32.66,3.26,-0.3
21.736373100429773,32.65,3.26,-0.29
21.737842708826065,32.65,3.26,-0.3
21.739308655261993,32.65,3.26,-0.3
21.74080651253462,32.65,3.26,-0.3
21.74227597936988,32.66,3.26,-0.3
21.743757635354996,32.66,3.26,-0.3
21.745224691927433,32.65,3.26,-0.3
21.74670921266079,32.66,3.26,-0.3
21.74819064885378,32.66,3.26,-0.3
21.74966862425208,32.66,3.26,-0.3
21.75114570185542,32.66,3.26,-0.3
21.752625539898872,32.66,3.26,-0.3
21.754108633846045,32.66,3.26,-0.3
21.755580455064774,32.65,3.26,-0.3
21.75706861168146,32.65,3.26,-0.3
21.75854768231511,32.66,3.26,-0.3
21.76003035530448,32.66,3.26,-0.3
21.762981865555048,32.66,3.26,-0.3
21.76595552265644,32.66,3.26,-0.3
21.768909212201834,32.66,3.26,-0.3
21.771868243813515,32.66,3.26,-0.3
21.774807188659906,32.66,3.26,-0.3
21.777778640389442,32.65,3.26,-0.3
21.7807135283947,32.66,3.26,-0.3
21.783678852021694,32.66,3.26,-0.3
21.78663869202137,32.66,3.26,-0.3
21.789598368108273,32.65,3.26,-0.3
21.79255437850952,32.66,3.26,-0.3
21.795502338558435,32.66,3.26,-0.3
21.798471447080374,32.66,3.26,-0.3
21.801427006721497,32.66,3.26,-0.3
21.804396655410528,32.66,3.26,-0.3
21.807341311126947,32.66,3.26,-0.3
21.808810845017433,32.66,3.26,-0.3
21.81030074506998,32.66,3.26,-0.3
21.811777997761965,32.66,3.26,-0.3
21.81325902789831,32.66,3.26,-0.3
21.814731165766716,32.66,3.26,-0.3
21.81621504947543,32.66,3.26,-0.3
21.817693646997213,32.66,3.26,-0.3
21.819187428802252,32.65,3.26,-0.3
21.82064925134182,32.66,3.26,-0.3
21.822122521698475,32.66,3.26,-0.3
21.82361302897334,32.66,3.26,-0.3
21.82510507106781,32.66,3.26,-0.3
21.82656927406788,32.66,3.26,-0.3
21.828040555119514,32.66,3.26,-0.3
21.82952944934368,32.66,3.26,-0.3
21.831002447754145,32.65,3.26,-0.3
21.832487296313047,32.65,3.26,-0.3
21.833962853997946,32.65,3.26,-0.3
21.835437141358852,32.65,3.26,-0.3
21.83691918849945,32.65,3.26,-0.3
21.838397581130266,32.66,3.26,-0.3
21.839878775179386,32.66,3.26,-0.3
21.841349452733994,32.65,3.26,-0.3
21.842844281345606,32.65,3.26,-0.3
21.844313729554415,32.66,3.27,-0.3
21.845794275403023,32.66,3.26,-0.3
21.847274649888277,32.66,3.26,-0.3
21.84875763952732,32.66,3.26,-0.3
21.850227627903223,32.65,3.26,-0.3
21.85171190649271,32.66,3.26,-0.29
21.853185173124075,32.66,3.26,-0.3
21.85466454550624,32.65,3.26,-0.3
21.856155157089233,32.66,3.26,-0.29
21.857622522860765,32.66,3.26,-0.3
21.860591560602188,32.66,3.26,-0.3
21.863538026809692,32.65,3.26,-0.3
21.86651759967208,32.66,3.27,-0.3
21.869454756379128,32.65,3.27,-0.3
21.872403021901846,32.66,3.27,-0.3
21.87537683174014,32.65,3.26,-0.3
21.87832735478878,32.66,3.26,-0.3
21.881289295852184,32.65,3.26,-0.3
21.88425589352846,32.66,3.26,-0.3
21.88718866556883,32.66,3.26,-0.3
21.890153124928474,32.66,3.26,-0.3
21.893121026456356,32.65,3.26,-0.3
21.89607111364603,32.66,3.27,-0.3
21.899037402123213,32.65,3.26,-0.3
21.902010403573513,32.66,3.26,-0.3
21.904951363801956,32.66,3.26,-0.3
21.907904285937548,32.66,3.27,-0.3
21.910858545452356,32.66,3.26,-0.3
21.913819570094347,32.66,3.26,-0.3
21.916765496134758,32.66,3.26,-0.3
21.91973304748535,32.66,3.26,-0.3
21.92268233001232,32.66,3.26,-0.3
21.925641760230064,32.66,3.26,-0.3
21.928590338677168,32.66,3.26,-0.3
21.931566547602415,32.66,3.26,-0.3
21.934527441859245,32.66,3.26,-0.3
21.937474507838488,32.66,3.26,-0.3
21.938964121043682,32.66,3.26,-0.3
21.94043766707182,32.66,3.26,-0.3
21.94191489741206,32.66,3.26,-0.3
21.943399511277676,32.65,3.26,-0.3
21.944883044809103,32.66,3.26,-0.3
21.94635282829404,32.66,3.26,-0.3
21.947839237749577,32.66,3.26,-0.3
21.94931288063526,32.66,3.26,-0.3
21.950786110013723,32.66,3.26,-0.3
21.95226026326418,32.66,3.26,-0.3
21.9537500962615,32.65,3.26,-0.3
21.955225594341755,32.66,3.26,-0.3
21.956710767000914,32.66,-422.45,-0.3
21.95966401323676,32.66,3.26,-0.3
21.962623849511147,32.66,3.26,-0.3
21.96557366847992,32.66,3.26,-0.3
21.968535479158163,32.66,3.26,-0.3
21.970008984208107,32.66,3.26,-0.3
21.971496913582087,32.66,3.26,-0.3
21.972975611686707,32.66,3.26,-0.3
21.974441021680832,32.66,3.26,-0.3
21.97591210156679,32.66,3.26,-0.3
21.977407831698656,32.66,3.26,-0.3
21.97889133170247,32.66,3.26,-0.3
21.98036265000701,32.65,3.26,-0.3
21.981847759336233,32.66,3.26,-0.3
21.98332678899169,32.66,3.26,-0.3
21.984806448221207,32.66,3.26,-0.3
21.986278485506773,32.66,3.26,-0.3
21.987755492329597,32.66,3.26,-0.3
21.98922747373581,32.65,3.26,-0.3
21.990718867629766,32.66,3.26,-0.3
21.992194574326277,32.66,3.26,-0.3
21.993672840297222,32.66,3.26,-0.3
21.99514776095748,32.66,3.26,-0.3
21.996630888432264,32.66,3.27,-0.3
21.998115241527557,32.66,3.26,-0.3
21.999588154256344,32.66,3.26,-0.3
22.00106703490019,32.66,3.26,-0.3
22.002541229128838,32.66,3.26,-0.3
22.0040187202394,32.66,3.26,-0.3
22.005513235926628,32.66,3.26,-0.3
22.00698595494032,32.66,3.26,-0.3
22.008455839008093,32.65,3.26,-0.3
22.00993052124977,32.65,3.27,-0.3
22.011429734528065,32.66,3.27,-0.3
22.012905970215797,32.66,3.27,-0.3
22.014374930411577,32.66,3.26,-0.3
22.015858694911003,32.66,3.26,-0.3
22.01734072715044,32.66,3.26,-0.3
22.018815264105797,32.66,3.26,-0.3
22.02029786631465,32.65,3.26,-0.3
22.021777495741844,32.66,3.26,-0.3
22.023244723677635,32.65,3.26,-0.3
22.024732034653425,32.66,3.26,-0.3
22.026214510202408,32.66,3.26,-0.3
22.02768748998642,32.66,3.26,-0.3
22.02915620058775,32.66,3.26,-0.3
22.030645344406366,32.65,3.26,-0.3
22.0321145914495,32.65,3.26,-0.3
22.033597119152546,32.65,3.26,-0.3
22.035081185400486,32.66,3.26,-0.3
22.036557093262672,32.65,3.26,-0.3
22.038039289414883,32.65,3.26,-0.3
22.03951745480299,32.65,3.26,-0.3
22.04100589081645,32.66,3.26,-0.3
22.042475420981646,32.66,3.26,-0.3
22.043951135128736,32.66,3.26,-0.3
22.045428846031427,32.66,3.26,-0.3
22.04691332578659,32.66,3.26,-0.3
22.048391558229923,32.66,3.26,-0.3
22.04986499249935,32.66,3.26,-0.3
22.051348388195038,32.66,3.26,-0.3
22.052824400365353,32.65,3.26,-0.3
22.055785913020372,32.66,3.26,-0.3
22.058739099651575,32.66,3.26,-0.3
22.06169979274273,32.66,3.26,-0.3
22.06465683504939,32.66,3.26,-0.3
22.06761035695672,32.66,3.26,-0.3
22.070571787655354,32.66,3.26,-0.3
22.07353725656867,32.66,3.26,-0.3
22.076490987092257,32.66,3.26,-0.3
22.079448476433754,32.65,3.26,-0.3
22.082402426749468,32.66,3.26,-0.3
22.085364274680614,32.66,3.26,-0.3
22.088311310857534,32.65,3.26,-0.3
22.091274686157703,32.66,3.26,-0.3
22.09423551335931,32.66,3.26,-0.3
22.09719755873084,32.66,3.26,-0.3
22.10015232488513,32.65,3.26,-0.3
22.103095922619104,32.66,3.26,-0.3
22.106070082634687,32.65,3.26,-0.3
22.109016235917807,32.66,3.26,-0.3
22.11197652667761,32.66,3.26,-0.3
22.114936344325542,32.66,3.26,-0.3
22.11789094284177,32.65,3.26,-0.3
22.120853062719107,32.66,3.26,-0.3
22.123816948384047,32.66,3.26,-0.3
22.126768428832293,32.66,3.26,-0.3
22.129725880920887,32.66,3.26,-0.3
22.131205771118402,32.66,3.26,-0.3
22.13268233835697,32.66,3.26,-0.3
22.134159218519926,32.66,3.26,-0.3
22.135639257729053,32.66,3.26,-0.3
22.137114487588406,32.65,3.26,-0.3
22.13858963921666,32.66,3.26,-0.3
22.14008080586791,32.66,3.26,-0.3
22.14156337454915,32.66,3.26,-0.3
22.14303069934249,32.66,3.26,-0.3
22.144511803984642,32.66,3.26,-0.3
22.145993757992983,32.66,3.26,-0.3
22.14747218415141,32.66,3.26,-0.3
22.14896696433425,32.66,3.26,-0.3
22.150434359908104,32.66,3.26,-0.3
22.153384320437908,32.66,3.26,-0.3
22.156349200755358,32.66,3.26,-0.3
22.159299664199352,32.66,3.26,-0.29
22.162265300750732,32.66,3.26,-0.3
22.165215332061052,32.66,3.26,-0.29
22.16817806661129,32.66,3.26,-0.3
22.171133004128933,32.66,3.26,-0.3
22.17408139631152,32.66,3.26,-0.3
22.177050322294235,32.66,3.26,-0.3
22.180002115666866,32.66,3.26,-0.3
22.182957410812378,32.66,3.26,-0.3
22.18444611504674,32.66,3.26,-0.3
22.185923635959625,32.66,3.26,-0.3
22.187408160418272,32.66,3.26,-0.3
22.188884530216455,32.66,3.26,-0.3
22.19036478921771,32.65,3.26,-0.3
22.191847164183855,32.66,3.26,-0.3
22.193316493183374,32.66,3.27,-0.3
22.194800179451704,32.66,3.26,-0.3
22.196273878216743,32.66,3.26,-0.3
22.197750106453896,32.66,3.26,-0.3
22.199230566620827,32.66,3.26,-0.3
22.200715623795986,32.66,3.26,-0.3
22.202193249017,32.66,3.26,-0.3
22.203674789518118,32.66,3.26,-0.3
22.205146469175816,32.66,3.26,-0.3
22.206628274172544,32.66,3.26,-0.3
22.208099778741598,32.66,3.26,-0.3
22.20958497747779,32.66,3.26,-0.3
22.211060535162687,32.66,3.26,-0.3
22.212546080350876,32.66,3.26,-0.3
22.21402733400464,32.66,3.26,-0.3
22.215487979352474,32.67,3.26,-0.3
22.216968908905983,32.66,3.26,-0.3
22.21846528351307,32.66,3.26,-0.3
22.219937823712826,32.66,3.26,-0.3
22.22142368555069,32.66,3.26,-0.3
22.222898080945015,32.66,3.26,-0.29
22.224367506802082,32.66,3.26,-0.29
22.225854117423296,32.66,3.26,-0.3
22.227324217557907,32.66,3.26,-0.3
22.22880832478404,32.66,3.26,-0.29
22.23028714954853,32.66,3.26,-0.29
22.231762666255236,32.66,3.26,-0.29
22.23325014859438,32.66,3.26,-0.3
22.234731528908014,32.66,3.27,-0.3
22.236199595034122,32.65,3.26,-0.3
22.23768785595894,32.65,3.26,-0.29
22.23916194587946,32.66,3.26,-0.3
22.240639753639698,32.66,3.26,-0.3
22.242126516997814,32.66,3.26,-0.3
22.243593141436577,32.66,3.26,-0.3
22.245077952742577,32.65,3.26,-0.3
22.24655007570982,32.66,3.26,-0.3
22.248039361089468,32.66,3.26,-0.3
22.2495187073946,32.66,3.26,-0.3
22.2524748519063,32.66,3.26,-0.3
22.255427546799183,32.66,3.26,-0.29
22.258384991437197,32.66,3.26,-0.3
22.261341840028763,32.66,3.27,-0.3
22.26430793479085,32.66,3.26,-0.3
22.267247915267944,32.66,3.26,-0.3
22.270215779542923,32.66,3.26,-0.3
22.273176558315754,32.66,3.26,-0.29
22.27613027766347,32.66,3.26,-0.3
22.27908244729042,32.66,3.26,-0.3
22.282052531838417,32.65,3.26,-0.3
22.285000313073397,32.66,3.26,-0.3
22.287962783128023,32.66,3.26,-0.3
22.29092773422599,32.66,3.26,-0.3
22.29240494221449,32.66,3.26,-406.83
22.293880581855774,32.66,3.26,-0.3
22.295354560017586,32.65,3.26,-0.3
22.296834032982588,32.66,3.26,-0.3
22.298311974853277,32.66,3.26,-0.3
22.299796365201473,32.66,3.26,-0.3
22.3012779019773,32.66,3.26,-0.3
22.302752058953047,32.66,3.26,-0.3
22.304223209619522,32.66,3.26,-0.3
22.305708024650812,32.66,3.26,-0.3
22.30718880519271,32.66,3.26,-0.29
22.308662947267294,32.66,3.26,-0.3
22.310150638222694,32.66,3.26,-0.3
22.311631605029106,32.66,3.26,-0.3
22.313110020011663,32.66,3.26,-0.3
22.31457306444645,32.66,3.26,-0.3
22.316075038164854,32.66,3.26,-0.3
22.31754021346569,32.66,3.26,-0.3
22.319017611443996,32.66,3.26,-0.3
22.32049674913287,32.66,3.26,-0.3
22.321977075189352,32.66,3.26,-0.3
22.32345326989889,32.66,3.26,-0.3
22.324926372617483,32.66,3.26,-0.3
22.326405748724937,32.66,3.26,-0.3
22.32788782939315,32.66,3.26,-0.3
22.329368941485882,32.66,3.26,-0.3
22.330861061811447,32.66,3.26,-0.29
22.332327038049698,32.66,3.26,-0.3
22.333809342235327,32.66,3.26,-0.3
22.335279438644648,32.66,3.26,-0.29
22.336759634315968,32.66,3.26,-0.3
22.338247817009687,32.66,3.26,-0.3
22.339707728475332,32.66,3.26,-0.3
22.341203447431326,32.66,3.26,-0.3
22.342679619789124,32.66,3.26,-0.3
22.344158310443163,32.66,3.26,-0.3
22.345655240118504,32.65,3.26,-0.3
22.348600082099438,32.65,3.26,-0.3
22.351555697619915,32.66,3.26,-0.29
22.354502756148577,32.66,3.26,-0.3
22.357469238340855,32.66,3.26,-0.3
22.360422607511282,32.66,3.26,-0.29
22.363381072878838,32.66,3.26,-0.29
22.366353947669268,32.66,3.26,-0.29
22.36930524930358,32.65,3.26,-0.3
22.37225855141878,32.66,3.26,-0.3
22.375208750367165,32.66,3.26,-0.29
22.378166276961565,32.66,3.26,-0.3
22.38112772628665,32.66,3.26,-0.29
22.38408013805747,32.66,3.26,-0.3
22.387054953724146,32.66,3.26,-0.3
22.389997340738773,32.66,3.26,-0.3
22.39294746518135,32.66,3.26,-0.3
22.39592481777072,32.66,3.26,-0.3
22.398879624903202,32.66,3.26,-0.3
22.401833713054657,32.66,3.26,-0.3
22.404801543802023,32.66,3.26,-0.3
22.40775202959776,32.66,3.26,-0.3
22.41071105748415,32.66,3.26,-0.3
22.41367021948099,32.66,3.26,-0.3
22.41663245111704,32.66,3.26,-0.3
22.41957400366664,32.66,3.26,-0.3
22.422541823238134,32.66,3.26,-0.3
22.425490155816078,32.66,3.26,-0.3
22.42845468968153,32.66,3.26,-0.29
22.431429214775562,32.66,3.26,-0.3
22.432884961366653,32.66,3.26,-0.3
22.434364899992943,32.66,3.26,-0.29
22.435844231396914,32.66,3.26,-0.3
22.43733959645033,32.66,3.26,-0.3
22.43880695104599,32.66,3.26,-0.3
22.4402904137969,32.66,3.26,-0.29
22.44176598638296,32.66,3.26,-0.29
22.44325326010585,32.66,3.26,-0.3
22.444722209125757,32.66,3.26,-0.3
22.447679571807384,32.66,3.26,-0.29
22.450640130788088,32.66,3.26,-0.29
22.453596647828817,32.66,3.26,-0.29
22.45508275926113,32.66,3.26,-0.29
22.456555299460888,32.67,3.26,-0.29
22.45803350955248,32.67,3.26,-0.29
22.459511250257492,32.66,3.26,-0.29
22.460996508598328,32.66,3.26,-0.3
22.462475031614304,32.66,3.26,-0.3
22.46395117044449,32.66,3.26,-0.3
22.465424247086048,32.66,3.26,-0.3
22.4669096916914,32.66,3.27,-0.29
22.468392618000507,32.66,3.26,-0.3
22.469855159521103,32.66,3.26,-0.3
22.47134679183364,32.66,3.26,-0.3
22.472823806107044,32.66,3.26,-0.3
22.474308397620916,32.66,3.26,-0.3
22.475787207484245,32.66,3.26,-0.3
22.477250393480062,32.66,3.26,-0.3
22.478741724044085,32.66,3.26,-0.3
22.480212025344372,32.66,3.26,-0.29
22.48169257119298,32.66,3.26,-0.3
22.48317851871252,32.65,3.27,-0.3
22.48465260118246,32.66,3.27,-0.3
22.486136503517628,32.66,3.27,-0.3
22.487604051828384,32.66,3.27,-0.3
22.489085521548986,32.65,3.26,-0.3
22.490573842078447,32.66,3.26,-0.3
22.49204259738326,32.66,3.26,-0.3
22.493523698300123,32.66,3.27,-0.3
22.495008934289217,32.66,3.27,-0.3
22.496483489871025,32.66,3.27,-0.3
22.49796264246106,32.66,3.27,-0.3
22.499440759420395,32.66,3.27,-0.3
22.500922176986933,32.66,3.27,-0.3
22.502400901168585,32.66,3.27,-0.3
22.503869354724884,32.66,3.27,-0.3
22.50535087287426,32.66,3.27,-0.3
22.506832033395767,32.66,3.27,-0.29
22.508316095918417,32.66,3.27,-0.29
22.509790383279324,32.66,3.27,-0.29
22.51127429306507,32.66,3.27,-0.29
22.51274934783578,32.66,3.27,-0.3
22.514230467379093,32.65,3.27,-0.29
22.515706438571215,32.66,3.27,-0.3
22.517193242907524,32.66,3.27,-0.29
22.5186670422554,32.66,3.27,-0.3
22.520154036581516,32.66,3.27,-0.3
22.52162892371416,32.66,3.27,-0.3
22.523112177848816,32.65,3.27,-0.3
22.524585533887148,32.65,3.27,-0.3
22.52605527639389,32.65,3.27,-0.3
22.527541607618332,32.66,3.27,-0.3
22.5290214009583,32.66,3.27,-0.3
22.530499171465635,32.66,3.27,-0.3
22.531975589692593,32.66,3.27,-0.3
22.53345261886716,32.66,3.27,-0.3
22.534939225763083,32.66,3.27,-0.3
22.536406688392162,32.66,3.27,-0.3
22.537898790091276,32.66,3.27,-0.3
22.539372857660055,32.66,3.27,-0.3
22.54084411635995,32.66,3.27,-0.3
22.542323503643274,32.66,3.27,-0.3
22.545277625322342,32.66,3.27,-0.3
22.548244889825583,32.66,3.27,-0.3
22.551203429698944,32.65,3.27,-0.3
22.554157454520464,32.66,3.27,-0.3
22.557133674621582,32.66,3.27,-0.3
22.56007380783558,32.66,3.27,-0.3
22.563039034605026,32.66,3.28,-0.3
22.565987929701805,32.66,3.27,-0.3
22.56894051656127,32.66,3.27,-0.3
22.571905948221684,32.66,3.27,-0.3
22.57485631480813,32.66,3.27,-0.3
22.577823273837566,32.66,3.27,-0.3
22.580783899873495,32.66,3.27,-0.3
22.58375135436654,32.66,3.27,-0.3
22.586694207042456,32.66,3.28,-0.3
22.589658454060555,32.66,3.27,-0.3
22.59261943399906,32.66,3.27,-0.3
22.59557357802987,32.66,3.27,-0.29
22.598533369600773,32.66,3.27,-0.3
22.601489953696728,32.66,3.27,-0.3
22.60443988069892,32.66,3.27,-0.3
22.607422899454832,32.66,3.27,-0.3
22.610358744859695,32.66,3.27,-0.29
22.61332370340824,32.66,3.27,-0.3
22.61627959087491,32.66,3.27,-0.3
22.617771603167057,32.66,3.27,-0.3
22.619236551225185,32.66,3.27,-0.3
22.62070157751441,32.66,3.27,-0.3
22.62220247462392,32.66,3.27,-0.3
22.623665507882833,32.66,3.27,-0.3
22.625152453780174,32.66,3.27,-0.3
22.626619268208742,32.66,3.27,-0.29
22.628120321780443,32.66,3.27,-0.3
22.629578802734613,32.66,3.27,-0.3
22.631061397492886,32.66,3.27,-0.3
22.63254775106907,32.66,3.27,-0.3
22.634015642106533,32.66,3.27,-0.3
22.635498471558094,32.66,3.27,-0.3
22.63697712495923,32.66,3.27,-0.29
22.638461250811815,32.66,3.27,-0.29
22.641416978091,32.66,3.27,-0.29
22.644377261400223,32.66,3.27,-0.29
22.647328596562147,32.66,3.27,-0.3
22.65028716251254,32.65,3.27,-0.3
22.653243076056242,32.66,3.27,-0.3
22.65620281174779,32.66,3.27,-0.3
22.65917344391346,32.66,3.27,-0.29
22.6621217392385,32.66,3.27,-0.29
22.665085572749376,32.66,3.27,-0.3
22.66804078966379,32.66,3.27,-0.3
22.671000994741917,32.66,3.27,-0.29
22.673950370401144,32.66,3.27,-0.29
22.67690758779645,32.66,3.27,-0.3
22.6798707395792,32.66,3.27,-0.29
22.681349370628595,32.66,3.27,-0.3
22.682829037308693,32.66,3.27,-0.29
22.684300553053617,32.65,3.27,-0.3
22.68578289821744,32.65,3.27,-0.3
22.687251590192318,32.65,3.27,-0.29
22.68874017894268,32.66,3.27,-0.3
22.690223909914494,32.66,3.27,-0.29
22.691702261567116,32.66,3.27,-0.29
22.69318601861596,32.66,3.27,-0.3
22.694663014262915,32.66,3.27,-0.29
22.696129646152258,32.66,3.26,-0.29
22.697610940784216,32.66,3.27,-0.29
22.69908618554473,32.66,3.27,-0.29
22.700568672269583,32.66,3.27,-0.29
22.702042501419783,32.66,3.27,-0.29
22.703530058264732,32.66,3.27,-0.3
22.705017797648907,32.66,3.27,-0.3
22.706476114690304,32.66,3.27,-0.29
22.707976683974266,32.66,3.27,-0.29
22.709449842572212,32.66,3.27,-0.3
22.71091916039586,32.66,3.27,-0.3
22.712405007332563,32.66,3.27,-0.29
22.713880192488432,32.66,3.27,-0.29
22.715358056128025,32.66,3.27,-0.3
22.716843385249376,32.66,3.27,-0.3
22.718320470303297,32.66,3.27,-0.3
22.71979472413659,32.66,3.27,-0.29
22.721276305615902,32.66,3.27,-0.3
22.72276260703802,32.66,3.27,-0.3
22.72423540428281,32.66,3.27,-0.29
22.72570800408721,32.67,3.27,-0.29
22.72717748954892,32.66,3.27,-0.3
22.72867749258876,32.66,3.27,-0.3
22.73014421761036,32.66,3.27,-0.29
22.731621380895376,32.66,3.27,-0.3
22.733111511915922,32.66,3.27,-0.29
22.734591584652662,32.66,3.27,-0.3
22.736058607697487,32.66,3.27,-0.3
22.73754957318306,32.66,3.27,-0.3
22.74050247296691,32.66,3.27,-0.29
22.7434541285038,32.66,3.27,-0.3
22.7464192584157,32.66,3.27,-0.29
22.749374248087406,32.65,3.27,-0.3
22.752347379922867,32.66,3.27,-0.3
22.75530030578375,32.66,3.27,-0.3
22.758259683847427,32.66,3.27,-0.29
22.76120775565505,32.66,3.27,-0.3
22.764164306223392,32.66,3.27,-0.3
22.767121091485023,32.66,3.27,-0.29
22.770073603838682,32.66,3.27,-0.3
22.77302998304367,32.66,3.26,-0.29
22.775993518531322,32.66,3.26,-0.29
22.77748580649495,32.66,3.26,-0.3
22.778960198163986,32.66,3.26,-0.3
22.78043269366026,32.66,3.26,-0.3
22.78191600739956,32.66,3.26,-0.3
22.7833842523396,32.66,3.26,-0.3
22.78487605601549,32.65,3.26,-0.29
22.78634548932314,32.65,3.26,-0.29
22.787823356688023,32.66,3.26,-0.29
22.789305981248617,32.66,3.26,-0.3
22.79078184813261,32.66,3.26,-0.3
22.79226792603731,32.66,3.26,-0.29
22.793740212917328,32.66,3.26,-0.29
22.795218009501696,32.66,3.26,-0.29
22.796689737588167,32.66,3.26,-0.29
22.79817759245634,32.66,3.26,-0.3
22.799653112888336,32.66,3.26,-0.3
22.801141776144505,32.66,3.26,-0.3
22.802611745893955,32.66,3.26,-0.29
22.804089535027742,32.66,3.26,-0.29
22.805574249476194,32.66,3.26,-0.29
22.8070446588099,32.66,3.26,-0.29
22.80853123217821,32.66,3.26,-0.29
22.810012847185135,32.66,3.26,-0.3
22.811492174863815,32.66,3.26,-0.3
22.812965363264084,32.66,3.26,-0.29
22.8144461363554,32.66,3.26,-0.29
22.815924182534218,32.66,3.26,-0.29
22.81740566715598,32.65,3.26,-0.29
22.81888583675027,32.66,3.26,-0.3
22.820357594639063,32.66,3.26,-0.29
22.821832451969385,32.66,3.26,-0.3
22.823325511068106,32.66,3.26,-0.29
22.824802204966545,32.66,3.26,-0.29
22.82627484574914,32.66,3.26,-0.3
22.8277530297637,32.66,3.26,-0.3
22.829240012913942,32.66,3.26,-0.29
22.830717638134956,32.66,3.26,-0.29
22.83218279480934,32.66,3.26,-0.29
22.8336700797081,32.66,3.26,-0.29
22.835152707993984,32.66,3.26,-0.29
22.8381055444479,32.65,3.26,-0.3
22.841067370027304,32.66,3.26,-0.3
22.844021189957857,32.66,3.26,-0.29
22.84698086604476,32.66,3.27,-0.3
22.849944975227118,32.66,3.26,-0.29
22.852888967841864,32.66,3.26,-0.3
22.85586066916585,32.66,3.27,-0.3
22.858817420899868,32.66,3.26,-0.3
22.861768312752247,32.66,3.27,-0.3
22.864726807922125,32.66,3.26,-0.29
22.867690581828356,32.66,3.27,-0.3
22.870637591928244,32.66,3.27,-0.3
22.87359644472599,32.67,3.26,-0.3
22.876550897955894,32.66,3.27,-0.3
22.879525385797024,32.66,3.27,-0.3
22.882471449673176,32.67,3.26,-0.3
22.885434549301863,32.66,3.26,-0.3
22.888394109904766,32.65,3.26,-0.3
22.891345340758562,32.66,3.26,-0.3
22.894305028021336,32.66,3.26,-0.3
22.89726810157299,32.66,3.26,-0.3
22.900212448090315,32.66,3.27,-0.3
22.9031711705029,32.66,3.27,-0.3
22.90613505989313,32.67,3.26,-0.3
22.909083139151335,32.66,3.26,-0.3
22.912045396864414,32.66,3.26,-0.3
22.91500921919942,32.66,3.27,-0.3
22.917967461049557,32.66,3.26,-0.3
22.92092265188694,32.66,3.26,-0.3
22.923892699182034,32.66,3.26,-0.3
22.926828429102898,32.67,3.27,-0.3
22.92831528931856,32.66,3.26,-0.3
22.92980582639575,32.66,3.26,-0.3
22.931268483400345,32.66,3.26,-0.3
22.932758416980505,32.66,3.26,-0.3
22.934235382825136,32.66,3.26,-0.3
22.937195096164942,32.66,3.26,-0.3
22.94014895707369,32.66,3.26,-0.3
22.941630460321903,32.66,3.26,-0.3
22.943106319755316,32.66,3.26,-0.3
22.94458919018507,32.66,3.26,-0.3
22.94605802744627,32.66,3.27,-0.3
22.947546407580376,32.66,3.26,-0.3
22.949022479355335,32.66,3.26,-0.3
22.95049962028861,32.66,3.26,-0.3
22.95197508484125,32.66,3.26,-0.3
22.953464176505804,32.66,3.26,-0.3
22.954935293644667,32.66,3.26,-0.3
22.956409972161055,32.66,3.26,-0.3
22.957882307469845,32.66,3.26,-0.3
22.95937579497695,32.66,3.26,-0.3
22.960847459733486,32.66,3.26,-0.3
22.962334018200636,32.66,3.26,-0.3
22.96382573619485,32.66,3.26,-0.3
22.9652884490788,32.66,3.26,-0.3
22.966769862920046,32.66,3.26,-0.3
22.968262765556574,32.66,3.26,-0.3
22.969731401652098,32.66,3.26,-0.3
22.97120299562812,32.66,3.26,-0.3
22.972687650471926,32.66,3.26,-0.3
22.974167373031378,32.66,3.26,-0.3
22.975642949342728,32.66,3.26,-0.3
22.977124642580748,32.67,3.26,-0.3
22.97859677672386,32.66,3.26,-0.3
22.98008308187127,32.66,3.26,-0.3
22.98156402632594,32.66,3.26,-0.3
22.983026836067438,32.66,3.26,-0.3
22.984515633434057,32.66,3.26,-0.3
22.985987685620785,32.66,3.26,-0.3
22.98746708035469,32.66,3.26,-0.3
22.988953702151775,32.66,3.26,-0.3
22.99043921753764,32.66,3.26,-0.3
22.991907730698586,32.66,3.26,-0.3
22.993395254015923,32.66,3.26,-0.3
22.99485895782709,32.66,3.26,-0.3
22.99634699895978,32.67,3.26,-0.3
22.997831258922815,32.66,3.26,-0.3
22.999300844967365,32.66,3.26,-0.3
23.000788163393736,32.66,3.26,-0.3
23.002255149185658,32.66,3.26,-0.3
23.003730822354555,32.67,3.26,-0.3
23.00522154569626,32.66,3.26,-0.3
23.006705842912197,32.66,3.26,-0.3
23.008180998265743,32.66,3.26,-0.3
23.009654879570007,32.66,3.26,-0.3
23.011129774153233,32.66,3.26,-0.3
23.0126063041389,32.66,3.26,-0.3
23.01409886777401,32.66,3.26,-0.3
23.01557344943285,32.66,3.26,-0.3
23.01703791320324,32.66,3.26,-0.3
23.018521688878536,32.66,3.26,-0.3
23.01999644190073,32.66,3.26,-0.3
23.021488174796104,32.66,3.26,-0.3
23.02295133844018,32.66,3.26,-0.3
23.02445049956441,32.66,3.26,-0.3
23.02591708302498,32.67,3.26,-0.3
23.02740176767111,32.66,3.26,-0.3
23.028882037848234,32.66,3.26,-0.3
23.030366141349077,32.66,3.26,-0.3
23.031827427446842,32.67,3.26,-0.29
23.034790206700563,32.67,3.26,-0.3
23.03775380924344,32.66,3.26,-0.3
23.040715649724007,32.66,3.26,-0.3
23.043662052601576,32.67,3.26,-0.3
23.04662449657917,32.66,3.26,-0.29
23.049578294157982,32.66,3.26,-0.3
23.052531242370605,32.66,3.26,-0.3
23.05551416799426,32.66,3.26,-0.3
23.058454737067223,32.66,3.26,-0.3
23.061418507248163,32.67,3.26,-0.3
23.064376916736364,32.67,3.26,-0.3
23.067336168140173,32.66,3.26,-0.3
23.070284742861986,32.66,3.26,-0.3
23.073249399662018,32.66,3.26,-0.3
23.076208043843508,32.66,3.26,-0.3
23.079161040484905,32.66,3.26,-0.3
23.082113284617662,32.66,3.26,-0.29
23.085076816380024,32.66,3.25,-0.29
23.08803215995431,32.66,3.25,-0.3
23.09098795056343,32.66,3.26,-0.3
23.093963962048292,32.66,3.26,-0.3
23.096902929246426,32.66,3.26,-0.3
23.099864177405834,32.66,3.25,-0.3
23.10135017707944,32.66,3.25,-160.7
23.102829605340958,32.66,3.26,-0.29
23.104299765080214,32.66,3.25,-0.3
23.105779077857733,32.66,3.26,-0.3
23.107262268662453,32.66,3.26,-0.3
23.108741890639067,32.66,3.25,-0.3
23.11020576581359,32.66,3.25,-0.3
23.111693136394024,32.66,3.25,-0.3
23.113170105963945,32.66,3.25,-0.3
23.114650182425976,32.66,3.25,-0.3
23.116132758557796,32.67,3.25,-0.3
23.11760989576578,32.66,3.25,-0.3
23.119089275598526,32.66,3.25,-0.3
23.120569203048944,32.66,3.25,-0.29
23.122047644108534,32.66,3.25,-0.29
23.123535554856062,32.66,3.25,-0.29
23.1250026114285,32.66,3.25,-0.3
23.126487407833338,32.66,3.25,-0.3
23.12795827910304,32.66,3.25,-0.29
23.12944234535098,32.66,3.25,-0.29
23.132387444376945,32.66,3.25,-0.29
23.13535876572132,32.66,3.25,-0.29
23.138316452503204,32.66,3.25,-0.29
23.141264513134956,32.66,3.25,-0.29
23.14421760290861,32.66,3.25,-0.29
23.14719168841839,32.66,3.25,-0.3
23.150158263742924,32.66,3.25,-0.29
23.15309389308095,32.66,3.25,-0.29
23.156062867492437,32.66,3.25,-0.29
23.15902641043067,32.66,3.25,-0.29
23.161970898509026,32.66,3.25,-0.29
23.164935041218996,32.66,3.25,-0.3
23.167891800403595,32.66,3.25,-0.29
23.170849215239286,32.66,3.25,-0.3
23.17380704730749,32.66,3.25,-0.29
23.176770713180304,32.67,3.25,-0.3
23.178237941116095,32.66,3.25,-0.29
23.179717279970646,32.66,3.25,-0.29
23.18119925260544,32.66,3.25,-0.3
23.18268233537674,32.66,3.25,-0.3
23.184156272560358,32.66,3.25,-0.3
23.185642775148153,32.66,3.25,-0.3
23.18710757419467,32.66,3.25,-0.3
23.18858589604497,32.66,3.25,-0.3
23.190078672021627,32.66,3.25,-0.3
23.19155779108405,32.66,3.25,-0.3
23.19303436949849,32.67,3.25,-0.3
23.194515004754066,32.66,3.25,-0.3
23.195977609604597,32.66,3.25,-0.3
23.197468008846045,32.66,3.25,-0.3
23.19894979149103,32.66,3.25,-0.3
23.20042585209012,32.66,3.25,-0.3
23.201893839985132,32.66,3.25,-0.3
23.20339022949338,32.66,3.25,-0.3
23.204870104789734,32.66,3.25,-0.3
23.206334207206964,32.66,3.25,-0.3
23.20782260596752,32.66,3.25,-0.3
23.209296841174364,32.66,3.25,-0.3
23.210777182132006,32.67,3.25,-0.3
23.21224806457758,32.67,3.25,-0.3
23.213736437261105,32.66,3.25,-0.3
23.215229250490665,32.66,3.25,-0.29
23.216692820191383,32.67,3.25,-0.29
23.218177154660225,32.67,3.25,-0.3
23.219647277146578,32.66,3.25,-0.3
23.221133843064308,32.66,3.25,-0.3
23.222607847303152,32.66,3.25,-0.3
23.22408625110984,32.66,3.25,-0.29
23.225557532161474,32.67,3.25,-0.3
23.227038331329823,32.66,3.25,-0.3
23.228522699326277,32.66,3.25,-0.3
23.231486905366182,32.67,3.25,-0.3
23.23442956060171,32.66,3.25,-0.29
23.237392861396074,32.66,3.25,-0.29
23.240348525345325,32.66,3.25,-0.3
23.243310302495956,32.65,3.25,-0.3
23.24626901373267,32.66,3.25,-0.28
23.249237950891256,32.68,3.24,-0.3
23.252193178981543,32.65,3.25,-0.29
23.25514416396618,32.66,3.25,-0.29
23.258098751306534,32.66,3.25,-0.3
23.261058285832405,32.66,3.25,-0.3
23.264007680118084,32.66,3.25,-0.29
23.265500739216805,32.66,3.25,-0.3
23.266972668468952,32.66,3.24,-0.3
23.268459483981133,32.66,3.25,-0.29
23.26992481201887,32.66,3.25,-0.29
23.271419011056423,32.66,3.25,-0.29
23.272886384278536,32.66,3.25,-0.29
23.274372562766075,32.66,3.25,-0.29
23.275845557451248,32.66,3.25,-0.3
23.277326676994562,32.66,3.25,-0.3
23.278797261416912,32.66,3.25,-0.3
23.280294585973024,32.66,3.25,-0.3
23.281761214137077,32.66,3.25,-0.3
23.283242654055357,32.66,3.25,-0.3
23.284725435078144,32.66,3.25,-0.29
23.286193404346704,32.66,3.25,-0.29
23.287673495709896,32.66,3.25,-0.29
23.28915896639228,32.66,3.25,-0.29
23.290644202381372,32.66,3.25,-0.29
23.292114477604628,32.65,3.25,-0.29
23.293597996234894,32.66,3.25,-0.29
23.295071333646774,32.66,3.25,-0.29
23.296547509729862,32.66,3.25,-0.29
23.298036333173513,32.66,3.25,-0.29
23.299499724060297,32.66,3.25,-0.29
23.300988286733627,32.66,3.25,-0.29
23.302472069859505,32.66,3.24,-0.3
23.303946163505316,32.66,3.25,-0.29
23.305432729423046,32.66,3.25,-0.29
23.306900452822447,32.66,3.25,-0.29
23.308380387723446,32.66,3.25,-0.29
23.309869278222322,32.66,3.25,-0.29
23.31134084239602,32.66,3.25,-0.29
23.31282188370824,32.66,3.25,-0.29
23.314299751073122,32.66,3.25,-0.29
23.31577280536294,32.66,3.25,-0.29
23.317263074219227,32.66,3.25,-0.29
23.31873706355691,32.66,3.25,-0.29
23.32020977884531,32.66,3.24,-0.29
23.321698643267155,32.66,3.25,-0.29
23.323169998824596,32.66,3.25,-0.3
23.32463540881872,32.66,3.25,-0.3
23.326126843690872,32.66,3.25,-0.3
23.32908570021391,32.66,3.25,-0.29
23.332048576325178,32.67,3.25,-0.3
23.334994230419397,32.66,3.24,-0.3
23.33796849101782,32.66,3.24,-0.3
23.340929925441742,32.66,3.24,-0.3
23.34387405961752,32.66,3.24,-0.3
23.346827417612076,32.66,3.24,-0.3
23.349788639694452,32.66,3.24,-0.3
23.352751042693853,32.67,3.24,-0.29
23.355707831680775,32.66,3.24,-0.29
23.358667105436325,32.66,3.24,-0.29
23.36162580177188,32.67,3.24,-0.29
23.364578645676374,32.66,3.24,-0.29
23.367531809955835,32.66,3.24,-0.29
23.370484463870525,32.66,3.24,-0.3
23.373453177511692,32.66,3.24,-0.3
23.37640978768468,32.66,3.24,-0.29
23.37937704101205,32.66,3.24,-0.29
23.382330019026995,32.66,3.24,-0.29
23.385287061333656,32.66,3.24,-0.29
23.388236813247204,32.66,3.24,-0.29
23.391197849065065,32.67,3.24,-0.29
23.39415092766285,32.66,3.24,-0.29
23.397108655422926,32.66,3.24,-0.29
23.400074191391468,32.66,3.24,-0.29
23.403029162436724,32.66,3.24,-0.29
23.40598839148879,32.66,3.24,-0.29
23.408953476697206,32.66,3.24,-0.29
23.411908257752657,32.66,3.24,-0.29
23.41487158089876,32.66,3.24,-0.29
23.417821161448956,32.66,3.24,-0.29
23.42077275365591,32.66,3.24,-0.29
23.423733819276094,32.66,3.24,-0.29
23.42668879777193,32.66,3.24,-0.29
23.428173031657934,32.66,3.24,-0.29
23.429643906652927,32.66,3.24,-0.29
23.431131534278393,32.66,3.24,-0.29
23.43260509520769,32.66,3.24,-0.29
23.43407802656293,32.66,3.24,-0.29
23.43557373061776,32.66,3.24,-0.29
23.437041874974966,32.66,3.24,-0.29
23.438523523509502,32.66,3.24,-0.29
23.44000307098031,32.66,3.24,-0.29
23.44148228317499,32.66,3.24,-0.29
23.442963615059853,32.66,3.24,-0.29
23.444441463798285,32.66,3.24,-0.29
23.445905338972807,32.66,3.24,-0.29
23.447398148477077,32.66,3.24,-0.29
23.448874916881323,32.66,3.24,-0.29
23.450343526899815,32.66,3.24,-0.29
23.45183001458645,32.66,3.24,-0.29
23.453304138034582,32.66,3.24,-0.29
23.454783990979195,32.66,3.24,-0.29
23.456256702542305,32.66,3.24,-0.29
23.457751594483852,32.66,3.24,-0.29
23.45922240614891,32.66,3.24,-0.29
23.460708376020193,32.66,3.24,-0.29
23.46218802034855,32.66,3.24,-0.29
23.463661085814238,32.66,3.24,-0.29
23.465137891471386,32.66,3.24,-0.29
23.46661341190338,32.66,3.24,-0.29
23.468087531626225,32.66,3.24,-0.29
23.469570003449917,32.66,3.24,-0.29
23.471045412123203,32.66,3.24,-0.29
23.472522094845772,32.66,3.24,-0.29
23.474002588540316,32.66,3.24,-0.29
23.47548769041896,32.66,3.24,-0.29
23.476967845112085,32.66,3.24,-0.29
23.47844234108925,32.66,3.24,-0.29
23.4799281693995,32.66,3.24,-0.29
23.481405965983868,32.66,3.24,-0.29
23.482874292880297,32.66,3.24,-0.29
23.484361935406923,32.67,3.24,-0.29
23.485831663012505,32.66,3.24,-0.29
23.487323310226202,32.66,3.24,-0.29
23.48879126831889,32.67,3.24,-0.3
23.49026583135128,32.67,3.24,-0.3
23.49175874888897,32.66,3.24,-0.29
23.493232555687428,32.66,3.24,-0.29
23.494709879159927,32.66,3.24,-0.3
23.496182590723038,32.66,3.24,-0.3
23.49765929952264,32.66,3.24,-0.3
23.499136298894882,32.66,3.24,-0.29
23.50064107775688,32.66,3.24,-0.29
23.502104692161083,32.66,3.24,-0.29
23.503587029874325,32.67,3.24,-0.29
23.50505805015564,32.67,3.24,-0.3
23.506538346409798,32.66,3.24,-0.29
23.50802067294717,32.66,3.24,-0.3
23.50949325412512,32.66,3.24,-0.3
23.510978639125824,32.66,3.24,-0.29
23.512456856667995,32.67,3.24,-0.29
23.513930179178715,32.66,3.24,-0.29
23.51540646329522,32.66,3.24,-0.29
23.516891088336706,32.66,3.24,-0.29
23.518380910158157,32.66,3.24,-0.3
23.519854437559843,32.66,3.24,-0.29
23.521330915391445,32.66,3.24,-0.29
23.52429386228323,32.66,3.24,-0.3
23.52724301815033,32.66,3.24,-0.29
23.530210245400667,32.67,3.24,-0.29
23.5331645719707,32.66,3.24,-0.29
23.53612421825528,32.66,3.24,-0.29
23.539075754582882,32.66,3.24,-0.29
23.54203325137496,32.66,3.24,-0.29
23.54499416425824,32.67,3.24,-0.29
23.5479541644454,32.66,3.24,-0.29
23.55089845880866,32.66,3.24,-0.29
23.553861007094383,32.66,3.24,-0.29
23.556825004518032,32.66,3.24,-0.29
23.55977898836136,32.66,3.24,-0.29
23.562751788645983,32.66,3.24,-0.29
23.56570277735591,32.67,3.24,-0.29
23.568650223314762,32.67,3.24,-0.29
23.57160858809948,32.67,3.24,-0.29
23.57456273958087,32.66,3.24,-0.29
23.577530276030302,32.66,3.24,-0.29
23.580479614436626,32.66,3.25,-0.29
23.583441399037838,32.66,3.25,-0.29
23.58639756217599,32.66,3.25,-0.29
23.58935935050249,32.66,3.24,-0.29
23.590837199240923,32.66,3.25,-0.29
23.59230163693428,32.66,3.25,-0.3
23.593789964914322,32.66,3.25,-0.29
23.595268357545137,32.66,3.24,-0.29
23.59674247726798,32.66,3.25,-0.29
23.598233334720135,32.66,3.25,-0.29
23.599706429988146,32.67,3.25,-0.29
23.60119315609336,32.66,3.25,-0.3
23.602658092975616,32.66,3.25,-0.29
23.604151900857687,32.66,3.25,-0.29
23.605631183832884,32.66,3.25,-0.29
23.60710261017084,32.66,3.25,-0.29
23.608577456325293,32.66,3.25,-0.3
23.610066507011652,32.67,3.24,-0.3
23.611533280462027,32.67,3.24,-0.29
23.61301413550973,32.66,3.25,-0.3
23.614491157233715,32.67,3.25,-0.29
23.615967005491257,32.67,3.25,-0.3
23.617453537881374,32.67,3.25,-0.29
23.618928965181112,32.66,3.25,-0.29
23.62189318612218,32.67,3.25,-0.29
23.624835465103388,32.66,3.25,-0.29
23.62780923768878,32.66,3.25,-0.29
23.630761742591858,32.66,3.25,-0.29
23.633709579706192,32.66,3.25,-0.29
23.636683836579323,32.66,3.25,-0.29
23.639632791280746,32.66,3.25,-0.29
23.64260132238269,32.66,3.25,-0.29
23.645553212612867,32.66,3.25,-0.29
23.648512944579124,32.66,3.25,-0.29
23.651459708809853,32.66,3.25,-0.29
23.65442157909274,32.66,3.25,-0.29
23.657386105507612,32.66,3.25,-0.29
23.660335324704647,32.67,3.25,-0.3
23.66329111531377,32.67,3.25,-0.29
23.666259083896875,32.66,3.25,-0.29
23.667736150324345,32.66,3.25,-0.29
23.66920681670308,32.66,3.25,-0.29
23.670686773955822,32.66,3.25,-0.29
23.67217068001628,32.66,3.25,-0.29
23.673650085926056,32.66,3.25,-0.29
23.675132513046265,32.66,3.25,-0.29
23.67659966647625,32.67,3.25,-0.29
23.678094420582056,32.66,3.25,-0.29
23.67956232279539,32.66,3.25,-0.29
23.681049644947052,32.66,3.25,-0.29
23.68252196535468,32.66,3.25,-0.29
23.684000942856073,32.66,3.25,-0.29
23.68547486513853,32.67,3.25,-0.29
23.686960134655237,32.67,3.25,-0.29
23.688435953110456,32.66,3.25,-0.29
23.689908552914858,32.66,3.25,-0.29
23.691396109759808,32.66,3.25,-0.29
23.692876085639,32.67,3.25,-0.29
23.694349490106106,32.66,3.25,-0.3
23.695825796574354,32.66,3.25,-0.3
23.697307962924242,32.66,3.25,-0.29
23.698787450790405,32.66,3.25,-0.29
23.70026808232069,32.66,3.25,-0.29
23.701753608882427,32.66,3.25,-0.29
23.703223060816526,32.67,3.25,-0.29
23.704693969339132,32.67,3.25,-0.29
23.706181898713112,32.66,3.25,-0.29
23.70766355469823,32.66,3.25,-0.29
23.709140799939632,32.66,3.25,-0.29
23.71061846986413,32.66,3.25,-0.29
23.712101489305496,32.66,3.25,-0.29
23.713575523346663,32.66,3.25,-0.29
23.7150526791811,32.66,3.25,-0.29
23.71653550490737,32.66,3.25,-0.29
23.719506975263357,32.67,3.25,-0.29
23.72243858128786,32.66,3.25,-0.3
23.725406974554062,32.66,3.25,-0.29
23.72837095335126,32.66,3.25,-0.29
23.731320295482874,32.66,3.24,-0.29
23.734275743365288,32.66,3.25,-0.29
23.737235210835934,32.66,3.24,-0.29
23.74019481241703,32.67,3.25,-0.3
23.743147235363722,32.66,3.24,-0.3
23.74610547721386,32.66,3.25,-0.29
23.74906712770462,32.66,3.24,-0.3
23.752021931111813,32.66,3.24,-0.29
23.753504540771246,32.66,3.24,-0.29
23.754992831498384,32.66,3.25,-0.29
23.75645950436592,32.66,3.25,-0.29
23.7579429410398,32.66,3.24,-0.3
23.75940341874957,32.66,3.25,-0.29
23.76089420169592,32.66,3.25,-0.29
23.762378085404634,32.66,3.24,-0.29
23.763849664479494,32.66,3.24,-0.29
23.76534341275692,32.66,3.24,-0.29
23.766811184585094,32.66,3.24,-0.29
23.76828582584858,32.66,3.24,-0.29
23.769758693873882,32.67,3.24,-0.29
23.771249692887068,32.67,3.24,-0.29
23.772726569324732,32.66,3.24,-0.29
23.774208299815655,32.66,3.24,-0.29
23.77568470686674,32.67,3.24,-0.29
23.777161929756403,32.67,3.24,-0.29
23.77864856272936,32.67,3.24,-0.29
23.780119333416224,32.67,3.24,-0.29
23.78160334378481,32.66,3.24,-0.29
23.7830752953887,32.67,3.24,-0.3
23.784560929983854,32.67,3.24,-0.29
23.786036163568497,32.67,3.24,-0.29
23.7875155210495,32.66,3.24,-0.29
23.788993939757347,32.66,3.24,-0.29
23.79048090055585,32.66,3.24,-0.29
23.791953947395086,32.66,3.24,-0.29
23.79342659190297,32.66,3.24,-0.29
23.794916797429323,32.67,3.25,-0.29
23.79638969898224,32.66,3.24,-0.29
23.797864735126495,32.66,3.24,-0.29
23.799341034144163,32.67,3.24,-0.29
23.80082192271948,32.67,3.24,-0.29
23.802308827638626,32.66,3.24,-0.29
23.803783621639013,32.67,3.25,-0.29
23.80526352673769,32.67,3.25,-0.29
23.806743934750557,32.67,3.25,-0.29
23.808213770389557,32.67,3.25,-0.29
23.809696853160858,32.67,3.25,-0.29
23.811173398047686,32.66,3.25,-0.29
23.81265813857317,32.66,3.25,-0.29
23.81413620710373,32.66,3.25,-0.29
23.81708389148116,32.66,3.25,-0.29
23.820055596530437,32.66,3.25,-0.29
23.823006112128496,32.66,3.25,-0.29
23.825950231403112,32.66,3.25,-0.29
23.828919183462858,32.66,3.24,-0.29
23.831876292824745,32.67,3.24,-0.29
23.834840644150972,32.66,3.25,-0.29
23.837796363979578,32.66,3.25,-0.29
23.840754635632038,32.66,3.25,-0.29
23.843698877841234,32.66,3.25,-0.29
23.846666250377893,32.67,3.25,-0.29
23.849628310650587,32.66,3.25,-0.29
23.852584797888994,32.67,3.25,-0.29
23.85556174814701,32.67,3.25,-0.29
23.858505003154278,32.67,3.24,-0.29
23.86146004125476,32.67,3.25,-0.29
23.86441332101822,32.66,3.25,-0.29
23.867376416921616,32.66,3.25,-0.29
23.87033000215888,32.66,3.25,-0.29
23.873285945504904,32.67,3.25,-0.3
23.876247007399797,32.67,3.25,-0.29
23.879202403128147,32.66,3.25,-0.29
23.88216318562627,32.66,3.25,-0.29
23.88512123376131,32.67,3.25,-0.29
23.888080153614283,32.66,3.25,-0.29
23.89104213938117,32.66,3.25,-0.29
23.893983133137226,32.66,3.25,-0.29
23.896941762417555,32.67,3.25,-0.29
23.89991892874241,32.66,3.25,-0.29
23.902861550450325,32.66,3.25,-0.29
23.90581902489066,32.66,3.25,-0.29
23.908785548061132,32.66,3.25,-0.29
23.911736235022545,32.66,3.25,-0.3
23.913220155984163,32.66,3.25,-0.29
23.914701372385025,32.66,3.25,-0.29
23.916174180805683,32.66,3.25,-0.29
23.917653650045395,32.66,3.25,-0.29
23.919129859656096,32.66,3.25,-0.29
23.9206179715693,32.66,3.25,-0.29
23.922084718942642,32.66,3.25,-0.29
23.923573162406683,32.67,3.25,-0.29
23.92504621297121,32.67,3.25,-0.29
23.926527336239815,32.66,3.25,-0.29
23.927996557205915,32.66,3.25,-0.29
23.929481886327267,32.67,3.25,-0.29
23.930968582630157,32.67,3.25,-0.29
23.932443398982286,32.67,3.25,-0.29
23.933912727981806,32.67,3.25,-0.29
23.935399185866117,32.66,3.25,-0.29
23.9368736743927,32.67,3.25,-0.29
23.9383554905653,32.67,3.25,-0.29
23.939835760742426,32.67,3.25,-0.29
23.941318705677986,32.67,3.25,-0.29
23.942791257053614,32.67,3.25,-0.29
23.944274324923754,32.66,3.25,-0.29
23.945752173662186,32.67,3.25,-0.29
23.94722881540656,32.67,3.25,-0.29
23.948705062270164,32.67,3.25,-0.29
23.950197853147984,32.66,3.25,-0.29
23.951659612357616,32.66,3.25,-0.29
23.95314045622945,32.66,3.25,-0.29
23.95462479814887,32.66,3.25,-0.29
23.95610596984625,32.67,3.24,-0.3
23.957583345472813,32.66,3.25,-0.29
23.959062416106462,32.66,3.25,-0.29
23.960542045533657,32.67,3.25,-0.29
23.962021104991436,32.66,3.25,-0.29
23.963495403528214,32.66,3.25,-0.29
23.964968524873257,32.66,3.25,-0.29
23.966459810733795,32.67,3.25,-0.29
23.9679319486022,32.66,3.25,-0.29
23.969402354210615,32.67,3.25,-0.29
23.97088884934783,32.67,3.25,-0.3
23.97236192971468,32.67,3.25,-0.29
23.973842963576317,32.66,3.25,-0.29
23.97532035037875,32.66,3.25,-0.3
23.97680191323161,32.66,3.25,-0.29
23.97827571630478,32.67,3.24,-0.29
23.97975703701377,32.67,3.25,-0.3
23.981237214058638,32.66,3.24,-0.29
23.98270381614566,32.66,3.24,-0.29
23.98419351130724,32.67,3.24,-0.29
23.985671147704124,32.67,3.24,-0.29
23.987153079360723,32.66,3.24,-0.3
23.98863749206066,32.66,3.24,-0.29
23.99010357260704,32.66,3.24,-0.29
23.991591077297926,32.66,3.24,-0.29
23.993070732802153,32.67,3.24,-0.29
23.99455225467682,32.67,3.25,-0.29
23.99602599442005,32.67,3.24,-0.29
23.997508987784386,32.67,3.24,-0.29
23.998982165008783,32.67,3.24,-0.29
24.00046930834651,32.67,3.24,-0.29
24.001934971660376,32.67,3.24,-0.29
24.003419246524572,32.67,3.24,-0.29
24.004887711256742,32.67,3.24,-0.29
24.00638385862112,32.67,3.24,-0.29
24.007868956774473,32.66,3.24,-0.29
24.009330827742815,32.67,3.24,-0.29
24.010818913578987,32.66,3.24,-0.29
24.013776998966932,32.66,3.24,-0.29
24.016740176826715,32.67,3.24,-0.29
24.019682340323925,32.66,3.24,-0.29
24.022637400776148,32.66,3.24,-0.29
24.025609005242586,32.66,3.24,-0.29
24.028557486832142,32.66,3.24,-0.29
24.031508393585682,32.67,3.24,-0.29
24.034486528486013,32.66,3.24,-0.29
24.03743326291442,32.66,3.24,-0.29
24.040398318320513,32.66,3.24,-0.29
24.043350405991077,32.66,3.24,-0.29
24.046297874301672,32.67,3.24,-0.29
24.049264147877693,32.67,3.24,-0.29
24.05222938209772,32.67,3.24,-0.29
24.055179335176945,32.67,3.24,-0.29
24.058136727660894,32.67,3.24,-0.29
24.061093471944332,32.66,3.24,-0.29
24.064048297703266,32.66,3.24,-0.29
24.06700275465846,32.66,3.24,-0.29
24.06996762007475,32.66,3.24,-0.29
24.07292216643691,32.67,3.24,-0.29
24.075879368931055,32.67,3.24,-0.29
24.077363215386868,32.67,3.24,-0.29
24.078840751200914,32.67,3.24,-0.29
24.08031466975808,32.67,3.24,-0.29
24.081799663603306,32.66,3.24,-0.3
24.08327941596508,32.66,3.24,-0.3
24.08475825190544,32.66,3.24,-0.29
24.086230859160423,32.66,3.24,-0.29
24.08771190792322,32.67,3.24,-0.29
24.089183248579502,32.67,3.24,-0.29
24.09067564085126,32.67,3.24,-0.29
24.09214671328664,32.66,3.24,-0.29
24.093634322285652,32.67,3.24,-0.29
24.095125503838062,32.67,3.24,-0.29
24.096577148884535,32.66,3.24,-0.29
24.098061747848988,32.66,3.24,-0.29
24.099534925073385,32.66,3.24,-0.29
24.10101681575179,32.67,3.24,-0.3
24.102505963295698,32.67,3.24,-0.29
24.10397170484066,32.66,3.24,-0.29
24.105449486523867,32.66,3.24,-0.29
24.106936410069466,32.66,3.24,-0.29
24.108420748263597,32.67,-299.63,-0.29
24.11137257516384,32.66,3.24,-0.29
24.114327162504196,32.66,3.24,-0.29
24.117289695888758,32.66,3.24,-0.3
24.120248194783926,32.66,3.24,-0.29
24.123203210532665,32.67,3.24,-0.3
24.1261579208076,32.67,3.24,-0.29
24.12912206724286,32.67,3.24,-0.3
24.13208206370473,32.66,3.24,-0.3
24.135027553886175,32.66,3.24,-0.3
24.13799401000142,32.67,3.24,-0.3
24.14094417542219,32.66,3.24,-0.29
24.143908008933067,32.67,3.24,-0.29
24.146868135780096,32.67,3.24,-0.3
24.149821314960718,32.66,3.24,-0.3
24.15277351438999,32.67,3.24,-0.29
24.155734322965145,32.67,3.24,-0.3
24.15869203954935,32.67,3.24,-0.3
24.160162575542927,32.67,3.24,-0.3
24.161645997315645,32.67,3.24,-0.29
24.16313160210848,32.67,3.24,-0.29
24.16460820659995,32.67,3.24,-0.3
24.166080966591835,32.67,3.24,-0.3
24.167565520852804,32.67,3.24,-0.29
24.169048596173525,32.67,3.24,-0.29
24.17051962763071,32.67,3.24,-0.29
24.17200181260705,32.67,3.24,-0.29
24.173483483493328,32.67,3.24,-0.29
24.174958296120167,32.67,3.24,-0.29
24.17644103616476,32.66,3.24,-0.29
24.177924431860447,32.66,3.24,-0.29
24.179393555969,32.67,3.24,-0.29
24.180872727185488,32.66,3.24,-0.29
24.182357039302588,32.67,3.24,-0.29
24.18383301049471,32.67,3.24,-0.29
24.185298591852188,32.66,3.24,-0.29
24.186779338866472,32.66,3.24,-0.29
24.188267465680838,32.66,3.24,-0.29
24.189758203923702,32.66,3.24,-0.29
24.19122288003564,32.66,3.24,-0.29
24.192708425223827,32.66,3.24,-0.29
24.194194361567497,32.67,3.24,-0.29
24.195666685700417,32.66,3.24,-0.29
24.197135888040066,32.67,3.24,-0.29
24.19861639663577,32.67,3.24,-0.29
24.20009319111705,32.67,3.24,-0.29
24.2015720307827,32.67,3.24,-0.29
24.203053530305624,32.66,3.24,-0.29
24.20453793555498,32.67,3.24,-0.29
24.20601512491703,32.67,3.24,-0.29
24.210456799715757,32.66,3.24,-0.29
24.213403269648552,32.67,3.24,-0.29
24.216362662613392,32.67,3.24,-0.29
24.219328820705414,32.67,3.24,-0.29
24.222278531640768,32.67,3.24,-0.29
24.225238151848316,32.67,3.24,-0.3
24.22819198668003,32.67,3.24,-0.29
24.23115213215351,32.67,3.24,-0.29
24.234113201498985,32.67,3.24,-0.29
24.237063452601433,32.67,3.24,-0.29
24.24002054333687,32.67,3.24,-0.29
24.241504091769457,32.67,3.24,-0.29
24.242980491369963,32.66,3.24,-0.29
24.24446465820074,32.67,3.24,-0.29
24.245941691100597,32.67,3.24,-0.29
24.247416403144598,32.67,3.24,-0.29
24.248899798840284,32.66,3.24,-0.29
24.250373121351004,32.66,3.24,-0.29
24.251857817173004,32.66,3.24,-0.29
24.253331419080496,32.67,3.24,-0.29
24.25481591746211,32.67,3.24,-0.29
24.256288912147284,32.67,3.24,-0.29
24.257776625454426,32.67,3.24,-0.29
24.259255725890398,32.66,3.24,-0.29
24.260728433728218,32.66,3.24,-0.29
24.262213464826345,32.67,3.24,-0.29
24.263682447373867,32.67,3.24,-0.29
24.26516232267022,32.66,3.24,-0.29
24.266639940440655,32.67,3.24,-0.29
24.268123537302017,32.67,3.24,-0.29
24.269604813307524,32.67,3.24,-0.29
24.271084301173687,32.67,3.24,-0.29
24.272560834884644,32.67,3.24,-0.29
24.274038709700108,32.67,3.24,-0.29
24.275516763329506,32.67,3.24,-0.29
24.277000594884157,32.67,3.24,-0.29
24.278481923043728,32.67,3.24,-0.29
24.279946707189083,32.67,3.24,-0.29
24.281433664262295,32.67,3.24,-0.29
24.282917883247137,32.67,3.24,-0.29
24.284398656338453,32.67,3.24,-0.29
24.28586909547448,32.67,3.24,-0.29
24.287345208227634,32.67,3.24,-0.29
24.28883707523346,32.67,3.24,-0.29
24.290300264954567,32.67,3.24,-0.29
24.29177575558424,32.67,3.24,-0.29
24.29326542839408,32.67,3.24,-0.29
24.294738963246346,32.67,3.24,-0.29
24.29622794315219,32.67,3.24,-0.29
24.297707002609968,32.67,3.24,-0.29
24.299171086400747,32.67,3.24,-0.29
24.3006651699543,32.67,3.24,-0.29
24.302140042185783,32.67,3.24,-0.29
24.30359699204564,32.67,3.24,-0.29
24.30509240552783,32.66,3.24,-0.29
24.308058191090822,32.67,3.24,-0.29
24.31100644543767,32.67,3.24,-0.29
24.3139660730958,32.67,3.24,-0.29
24.316914334893227,32.67,3.24,-0.3
24.31987413018942,32.66,3.24,-0.29
24.322834488004446,32.67,3.24,-0.29
24.325796630233526,32.67,3.24,-0.29
24.328749403357506,32.67,3.24,-0.3
24.33170934766531,32.67,3.25,-0.29
24.334668330848217,32.67,3.24,-0.29
24.337623108178377,32.67,3.24,-0.29
24.340574737638235,32.66,3.24,-0.29
24.343538608402014,32.66,3.24,-0.3
24.3464970998466,32.67,3.24,-0.29
24.34946071729064,32.66,3.25,-0.29
24.352415580302477,32.67,3.24,-0.29
24.35536914691329,32.66,3.25,-0.29
24.358321331441402,32.67,3.25,-0.29
24.36129390820861,32.66,3.25,-0.29
24.36424822360277,32.66,3.25,-0.29
24.367194902151823,32.67,3.24,-0.29
24.370162960141897,32.67,3.24,-0.29
24.373111940920353,32.67,3.24,-0.29
24.37608427554369,32.66,3.25,-0.29
24.379026990383863,32.66,3.25,-0.3
24.381985068321228,32.67,3.25,-0.29
24.38494396954775,32.67,3.25,-0.29
24.387902360409498,32.67,3.24,-0.29
24.39085903391242,32.66,3.25,-0.29
24.393817134201527,32.67,3.24,-0.29
24.396781276911497,32.67,3.24,-0.3
24.399731911718845,32.67,3.25,-0.29
24.402691155672073,32.67,3.24,-0.29
24.405644059181213,32.67,3.24,-0.29
24.407115764915943,32.67,3.24,-0.29
24.40861551463604,32.67,3.24,-0.29
24.410085059702396,32.67,3.25,-0.29
24.411564648151398,32.67,3.24,-0.29
24.41303774341941,32.67,3.24,-0.29
24.414525967091322,32.66,3.24,-0.29
24.41599729657173,32.67,3.25,-0.29
24.41747359186411,32.67,3.24,-0.29
24.418952737003565,32.67,3.24,-0.29
24.420445546507835,32.67,3.24,-0.29
24.421914398670197,32.67,3.24,-0.29
24.423407070338726,32.67,3.24,-0.29
24.424878038465977,32.67,3.24,-0.29
24.426352959126234,32.67,3.24,-0.29
24.42782559618354,32.67,3.24,-0.29
24.42931206896901,32.66,3.24,-0.29
24.430784340947866,32.67,3.24,-0.29
24.43226596713066,32.67,3.24,-0.29
24.433748804032803,32.66,3.24,-0.29
24.435224909335375,32.67,3.24,-0.3
24.43670115619898,32.67,3.24,-0.29
24.438176687806845,32.67,3.24,-0.29
24.43967229872942,32.67,3.24,-0.29
24.441147707402706,32.67,3.24,-0.29
24.442621886730194,32.66,3.24,-0.29
24.444104745984077,32.66,3.24,-0.3
24.44558822363615,32.66,3.24,-0.3
24.4470679089427,32.67,3.24,-0.29
24.44854509457946,32.67,3.24,-0.29
24.450016632676125,32.67,3.24,-0.29
24.451487477868795,32.67,3.24,-0.29
24.452975519001484,32.67,3.24,-0.3
24.454454820603132,32.67,3.24,-0.29
24.45593213289976,32.67,3.24,-0.29
24.457406889647245,32.67,3.24,-0.3
24.45888849720359,32.66,3.24,-0.29
24.46037497371435,32.67,3.24,-0.3
24.461849700659513,32.67,3.24,-0.3
24.463327910751104,32.67,3.24,-0.29
24.464799664914608,32.67,3.24,-0.3
24.466286189854145,32.67,3.24,-0.29
24.467748805880547,32.67,3.24,-0.3
24.469232235103846,32.67,3.24,-0.29
24.47071111947298,32.67,3.24,-0.3
24.472189761698246,32.67,3.24,-0.29
24.473679199814796,32.67,3.24,-0.3
24.475153386592865,32.67,3.24,-0.3
24.476629592478275,32.67,3.24,-0.3
24.478100784122944,32.66,3.24,-0.29
24.47958880662918,32.67,3.24,-0.29
24.48107049241662,32.66,3.24,-0.29
24.482550162822008,32.67,3.24,-0.29
24.484027981758118,32.67,3.24,-0.29
24.485493153333664,32.67,3.24,-0.29
24.486987929791212,32.67,3.24,-0.29
24.488459669053555,32.67,3.24,-0.29
24.489945393055677,32.67,3.24,-0.29
24.491421062499285,32.67,3.24,-0.29
24.49290034174919,32.67,3.24,-0.29
24.494382109493017,32.67,3.24,-0.29
24.495856128633022,32.67,3.24,-0.29
24.497340004891157,32.67,3.24,-0.29
24.498797822743654,32.67,3.24,-0.29
24.50029242783785,32.67,3.24,-0.3
24.501778088510036,32.66,3.24,-0.3
24.504733230918646,32.66,3.24,-0.29
24.507681157439947,32.67,3.24,-0.29
24.510649155825377,32.67,3.24,-0.29
24.51359948888421,32.67,3.24,-0.29
24.51656150445342,32.67,3.24,-0.29
24.519507132470608,32.67,3.24,-0.29
24.522476255893707,32.66,3.24,-0.29
24.525425251573324,32.67,3.24,-0.29
24.528391297906637,32.67,3.24,-0.29
24.53134485334158,32.67,3.24,-0.29
24.534313052892685,32.67,3.24,-0.29
24.53725178912282,32.67,3.24,-0.29
24.540214713662863,32.67,3.24,-0.3
24.543184239417315,32.67,3.24,-0.29
24.546142052859068,32.67,3.24,-0.29
24.549093894660473,32.67,3.23,-0.29
24.552055824548006,32.66,3.24,-0.29
24.555012457072735,32.67,3.24,-0.3
24.557958386838436,32.67,3.23,-0.29
24.560912564396858,32.67,3.23,-0.3
24.56388484314084,32.67,3.23,-0.3
24.565361719578505,32.67,3.23,-0.29
24.5668417327106,32.67,3.24,-0.29
24.568321228027344,32.67,3.23,-0.3
24.56978701800108,32.66,3.23,-0.3
24.571269668638706,32.67,3.24,-0.29
24.572759013623,32.67,3.23,-0.29
24.57423048093915,32.67,3.23,-0.29
24.575704287737608,32.67,3.23,-0.29
24.577180720865726,32.67,3.23,-0.29
24.578665152192116,32.67,3.23,-0.29
24.58015524223447,32.67,3.23,-0.29
24.581623889505863,32.66,3.24,-0.29
24.58310106769204,32.66,3.24,-0.29
24.58458899706602,32.66,3.23,-0.29
24.586069624871016,32.66,3.23,-0.29
24.587531574070454,32.66,3.23,-0.29
24.589014258235693,32.67,3.23,-0.29
24.590494565665722,32.67,3.23,-0.29
24.591969955712557,32.67,3.23,-0.29
24.593464862555265,32.66,3.23,-0.29
24.59493986517191,32.66,3.24,-0.29
24.596413746476173,32.66,3.24,-0.29
24.597887594252825,32.66,3.23,-0.29
24.59937058389187,32.66,3.23,-0.29
24.602329470217228,32.66,3.23,-0.29
24.605294711887836,32.66,3.24,-0.29
24.60824717208743,32.67,3.24,-0.29
24.611203223466873,32.67,3.23,-0.29
24.61416071280837,32.66,3.23,-0.29
24.617116183042526,32.67,3.24,-0.29
24.620074566453695,32.67,3.24,-0.29
24.623033069074154,32.67,3.23,-0.29
24.625984266400337,32.66,3.23,-0.29
24.628946855664253,32.67,3.23,-0.29
24.631911132484674,32.67,3.24,-0.29
24.634863674640656,32.66,3.23,-0.29
24.63782401755452,32.67,3.23,-0.29
24.640770968049765,32.66,3.23,-0.29
24.643735267221928,32.67,3.24,-0.29
24.646690171211958,32.66,3.24,-0.29
24.649651542305946,32.66,3.24,-0.29
24.652614701539278,32.66,3.23,-0.29
24.655576918274164,32.66,3.24,-0.29
24.657049175351858,32.66,3.24,-0.29
24.658530291169882,32.66,3.24,-0.29
24.660001918673515,32.67,3.24,-0.29
24.661488108336926,32.66,3.23,-0.29
24.662957459688187,32.66,3.24,-0.29
24.66444033384323,32.66,3.24,-0.29
24.66591189429164,32.66,3.23,-0.29
24.667391259223223,32.67,3.24,-0.29
24.668875969946384,32.67,3.24,-0.29
24.670355636626482,32.67,3.23,-0.29
24.671836882829666,32.66,3.23,-0.29
24.673315584659576,32.66,3.24,-0.29
24.67479871213436,32.66,3.24,-0.29
24.676271189004183,32.66,3.23,-0.29
24.67775171622634,32.66,3.24,-0.29
24.679224222898483,32.66,3.24,-0.29
24.680701542645693,32.66,3.24,-0.29
24.68219044059515,32.67,3.24,-0.29
24.683671072125435,32.67,3.23,-0.29
24.685144685208797,32.67,3.24,-0.29
24.68661316856742,32.66,3.24,-0.29
24.688110753893852,32.67,3.24,-0.29
24.68958216905594,32.67,3.24,-0.29
24.691061720252037,32.66,3.24,-0.29
24.692531999200583,32.67,3.23,-0.29
24.694009583443403,32.67,3.23,-0.29
24.695489302277565,32.66,3.24,-0.29
24.696974493563175,32.66,3.23,-0.29
24.69845859706402,32.67,3.24,-0.29
24.701412223279476,32.66,3.23,-0.29
24.704376135021448,32.66,3.24,-0.29
24.707333877682686,32.66,3.24,-0.29
24.710289653390646,32.66,3.24,-0.29
24.713243931531906,32.66,3.24,-0.29
24.716194726526737,32.66,3.24,-0.29
24.71915629506111,32.67,3.24,-0.29
24.722117878496647,32.66,3.24,-0.29
24.725074093788862,32.67,3.24,-0.29
24.72802996262908,32.67,3.24,-0.29
24.729509256780148,32.67,3.24,-0.29
24.73099433630705,32.66,3.24,-0.29
24.732463009655476,32.66,3.24,-0.29
24.73395236209035,32.66,3.24,-0.29
24.73543329536915,32.66,3.24,-0.29
24.736897334456444,32.67,3.24,-0.29
24.738373920321465,32.67,3.24,-0.29
24.739852018654346,32.66,3.24,-0.29
24.741334538906813,32.66,3.24,-0.29
24.7428113296628,32.66,3.23,-0.29
24.744299042969942,32.66,3.23,-0.29
24.745772875845432,32.66,3.24,-0.29
24.74724655225873,32.66,3.24,-0.29
24.74874223396182,32.66,3.23,-0.29
24.750211112201214,32.66,3.24,-0.29
24.75168503075838,32.66,3.23,-0.29
24.75317345187068,32.66,3.23,-0.29
24.754653092473745,32.67,3.23,-0.29
24.756119064986706,32.67,3.24,-0.29
24.75760354474187,32.67,3.23,-0.29
24.759087301790714,32.66,3.23,-0.29
24.760571256279945,32.66,3.23,-0.29
24.762038994580507,32.66,3.24,-0.29
24.763527795672417,32.66,3.24,-0.29
24.765003256499767,32.66,3.24,-0.29
24.76647125557065,32.67,3.23,-0.29
24.767953857779503,32.66,3.23,-0.29
24.769431874156,32.67,3.23,-0.29
24.770914521068335,32.66,3.23,-0.29
24.772401310503483,32.66,3.23,-0.29
24.77387871220708,32.67,3.23,-0.29
24.775352984666824,32.66,3.23,-0.29
24.776833709329367,32.66,3.23,-0.29
24.77830807492137,32.66,3.23,-0.29
24.7797835431993,32.66,3.23,-0.29
24.78127647563815,32.66,3.23,-0.29
24.782747957855463,32.66,3.23,-0.29
24.784222420305014,32.66,3.23,-0.29
24.78570704907179,32.66,3.23,-0.29
24.78718337416649,32.66,3.23,-0.29
24.78865598887205,32.66,3.23,-0.29
24.79014105349779,32.66,3.23,-0.29
24.79457552731037,32.66,3.23,-0.29
24.79457552731037,32.66,3.23,-0.29
24.794598810374737,32.66,3.23,-0.29
24.796063374727964,32.66,3.23,-0.29
24.799011804163456,32.66,3.23,-0.29
24.801969159394503,32.66,3.23,-0.29
24.804922968149185,32.66,3.23,-0.29
24.80788905918598,32.66,3.23,-0.29
24.81084157153964,32.66,3.23,-0.29
24.813809633255005,32.66,3.23,-0.29
24.81677009910345,32.66,3.23,-0.29
24.81971637904644,32.66,3.23,-0.29
24.822679743170738,32.66,3.23,-0.29
24.82563642412424,32.66,3.23,-0.29
24.828583247959614,32.66,3.23,-0.29
24.83155257627368,32.66,3.23,-0.29
24.83450574427843,32.66,3.23,-0.29
24.837457295507193,32.66,3.23,-0.29
24.840418051928282,32.67,3.23,-0.29
24.843373112380505,32.66,3.23,-0.29
24.846335917711258,32.66,3.23,-0.29
24.849285285919905,32.67,3.24,-0.29
24.852255217731,32.67,3.23,-0.29
24.855196580290794,32.66,3.24,-0.29
24.85817215591669,32.66,3.24,-0.29
24.8611254170537,32.67,3.24,-0.29
24.8640865534544,32.66,3.24,-0.29
24.867034316062927,32.66,3.24,-0.29
24.87000099942088,32.66,3.24,-0.29
24.8729466535151,32.66,3.24,-0.29
24.87591467425227,32.66,3.24,-0.29
24.87886431068182,32.66,3.24,-0.29
24.881828863173723,32.66,3.24,-0.29
24.884781129658222,32.66,3.24,-0.29
24.88773489743471,32.67,3.24,-0.29
24.89069589599967,32.66,3.24,-0.29
24.892176020890474,32.66,3.24,-0.29
24.893664337694645,32.66,3.24,-0.29
24.896613210439682,32.66,3.24,-0.29
24.899564310908318,32.66,3.24,-0.29
24.90252010896802,32.67,3.24,-0.29
24.904009256511927,32.67,3.24,-0.29
24.905489720404148,32.66,3.24,-0.29
24.906962640583515,32.66,3.24,-0.29
24.908443119376898,32.66,3.24,-0.29
24.909928381443024,32.67,3.24,-0.29
24.911395952105522,32.66,3.24,-0.29
24.912887390702963,32.66,3.24,-0.29
24.914367981255054,32.66,3.24,-0.29
24.915847647935152,32.66,3.24,-0.29
24.917327720671892,32.66,3.24,-0.29
24.91879754140973,32.66,3.24,-0.29
24.92028258368373,32.67,3.24,-0.29
24.921753138303757,32.67,3.24,-0.29
24.92323712259531,32.66,3.24,-0.29
24.9247073456645,32.66,3.24,-0.29
24.926183562725782,32.67,3.24,-0.29
24.927679985761642,32.66,3.24,-0.29
24.929154254496098,32.66,3.24,-0.29
24.930621694773436,32.66,3.24,-0.29
24.932099163532257,32.66,3.24,-0.29
24.93358827754855,32.67,3.24,-0.29
24.93505534529686,32.67,3.24,-0.29
24.93655287846923,32.66,3.24,-0.29
24.938015218824148,32.66,3.24,-0.29
24.93950018659234,32.66,3.24,-0.29
24.940981220453978,32.67,3.24,-0.29
24.94245020672679,32.67,3.24,-0.29
24.943937122821808,32.66,3.24,-0.29
24.945425651967525,32.66,3.24,-0.29
24.946887094527483,32.66,3.24,-0.29
24.94838185235858,32.66,3.24,-0.29
24.949857998639345,32.66,3.24,-0.29
24.95133851468563,32.66,3.24,-0.29
24.952812917530537,32.66,3.24,-0.29
24.954285196959972,32.67,3.24,-0.29
24.95575948059559,32.66,3.24,-0.29
24.957255389541388,32.66,3.24,-0.29
24.958728663623333,32.66,3.24,-0.29
24.960202112793922,32.66,3.24,-0.29
24.961685989052057,32.66,3.24,-0.29
24.963160764425993,32.66,3.24,-0.29
24.964648820459843,32.66,3.24,-0.29
24.966113176196814,32.66,3.24,-0.29
24.967594750225544,32.66,3.24,-0.29
24.969077043235302,32.66,3.24,-0.29
24.970554053783417,32.66,3.24,-0.29
24.97203604131937,32.66,3.24,-0.29
24.97351659834385,32.66,3.24,-0.29
24.974998280406,32.66,3.24,-0.29
24.976460982114077,32.66,3.24,-0.29
24.97795693576336,32.66,3.24,-0.29
24.97942240536213,32.66,3.24,-0.29
24.980899892747402,32.66,3.24,-0.29
24.982395507395267,32.66,3.24,-0.29
24.983860325068235,32.67,3.24,-0.29
24.98534657433629,32.67,3.24,-0.29
24.986827325075865,32.66,3.24,-0.29
24.988298073410988,32.66,3.24,-0.29
24.989779498428106,32.66,3.24,-0.29
24.99125887826085,32.66,3.24,-0.29
24.99273819848895,32.66,3.24,-0.29
24.995694424957037,32.66,3.24,-0.29
24.998656164854765,32.66,3.24,-0.29
25.001604802906513,32.67,3.24,-0.29
25.004563853144646,32.66,3.24,-0.29
25.007523469626904,32.66,3.24,-0.29
25.010484881699085,32.66,3.24,-0.29
25.01343620568514,32.66,3.24,-0.29
25.016406923532486,32.66,3.24,-0.29
25.019355580210686,32.67,3.24,-0.29
25.02232424169779,32.66,3.24,-0.29
25.025274742394686,32.66,3.24,-0.29
25.02822556346655,32.66,3.24,-0.29
25.03119096159935,32.66,3.24,-0.29
25.03415097668767,32.66,3.24,-0.29
25.04165342450142,32.66,3.24,-0.29
25.041673716157675,32.66,3.23,-0.29
25.04302302375436,32.66,3.24,-0.29
25.045991096645594,32.66,3.23,-0.29
25.048929784446955,32.66,3.24,-0.29
25.051897272467613,32.66,3.23,-0.29
25.053365863859653,32.66,3.24,-0.29
25.0548522695899,32.66,3.24,-0.29
25.056318316608667,32.66,3.24,-0.29
25.057807501405478,32.66,3.24,-0.29
25.05927975103259,32.67,3.24,-0.29
25.060765109956264,32.67,3.24,-0.29
25.062238797545433,32.67,3.24,-0.29
25.063707634806633,32.67,3.24,-0.29
25.06520189717412,32.66,3.24,-0.29
25.066677685827017,32.67,3.24,-0.29
25.068159818649292,32.66,3.23,-0.29
25.069637451320887,32.66,3.24,-0.29
25.071127615869045,32.66,3.24,-0.29
25.072598535567522,32.66,3.24,-0.29
25.074073892086744,32.66,3.24,-0.29
25.075566347688437,32.66,3.24,-0.29
25.0770248696208,32.65,3.24,-0.29
25.078511100262403,32.66,3.24,-0.29
25.07999186962843,32.66,3.24,-0.29
25.08146359398961,32.66,3.24,-0.29
25.08295237645507,32.66,3.24,-0.29
25.08441909402609,32.66,3.24,-0.29
25.08591452240944,32.66,3.24,-0.29
25.087377317249775,32.66,3.24,-0.29
25.08887092024088,32.66,3.24,-0.29
25.09034091234207,32.66,3.24,-0.29
25.093305490911007,32.66,3.24,-0.29
25.096252754330635,32.66,3.24,-0.29
25.099218603223562,32.67,3.24,-0.29
25.10217159986496,32.66,3.24,-0.29
25.105121482163668,32.66,3.24,-0.29
25.108089845627546,32.66,3.24,-0.29
25.111045882105827,32.66,3.24,-0.29
25.11399667710066,32.66,3.24,-0.29
25.116964802145958,32.66,3.24,-0.29
25.119921129196882,32.66,3.24,-0.29
25.122875075787306,32.66,3.24,-0.29
25.125828064978123,32.66,3.24,-0.29
25.128801371902227,32.66,3.24,-0.29
25.131748531013727,32.66,3.24,-0.29
25.134714610874653,32.66,3.24,-0.29
25.137657321989536,32.66,3.24,-0.29
25.140626300126314,32.65,3.24,-0.29
25.143577184528112,32.66,3.24,-0.29
25.14653418213129,32.66,3.24,-0.29
25.14950742945075,32.66,3.24,-0.29
25.150969337671995,369.24,3.24,-0.29
25.15243948251009,32.66,3.24,-0.29
25.153928454965353,32.66,3.24,-0.29
25.155402678996325,32.66,3.24,-0.29
25.15689205750823,32.66,3.24,-0.29
25.158369559794664,32.66,3.24,-0.29
25.159855779260397,32.66,3.24,-0.29
25.161320563405752,32.66,3.24,-0.29
25.162804432213306,32.66,3.24,-0.29
25.164289198815823,32.66,3.24,-0.29
25.165759429335594,32.66,3.24,-0.29
25.167246535420418,32.66,3.24,-0.29
25.168718200176954,32.66,3.24,-0.29
25.170192137360573,32.66,3.24,-0.29
25.171687338501215,32.66,3.24,-0.29
25.17315588518977,32.66,3.24,-0.29
25.174642365425825,32.66,3.24,-0.29
25.17611290514469,32.66,3.24,-0.29
25.177597790956497,32.66,3.24,-0.29
25.179075941443443,32.66,3.24,-0.29
25.180553823709488,32.66,3.24,-0.29
25.182027485221624,32.66,3.24,-0.29
25.183503802865744,32.66,3.24,-0.29
25.18498209863901,32.66,3.24,-0.29
25.18646762520075,32.66,3.24,-0.29
25.18794109672308,32.66,3.24,-0.29
25.189423106610775,32.66,3.24,-0.29
25.19237731024623,32.66,3.24,-0.29
25.195337064564228,32.66,3.24,-0.29
25.198309261351824,32.66,3.24,-0.29
25.20126037299633,32.66,3.24,-0.29
25.20420926436782,32.66,3.24,-0.29
25.207179564982653,32.66,3.24,-0.29
25.210135482251644,32.66,3.24,-0.29
25.213090401142836,32.66,3.24,-0.29
25.214553583413363,32.66,3.24,-0.29
25.21603747084737,32.66,3.24,-0.29
25.21752243861556,32.66,3.24,-0.29
25.21900789067149,32.66,3.24,-0.29
25.220486778765917,32.66,3.24,-0.29
25.221953257918358,32.66,3.24,-0.29
25.223441548645496,32.66,3.24,-0.29
25.22492392361164,32.66,3.24,-0.29
25.22638887912035,32.66,3.24,-0.29
25.22788120061159,32.66,3.24,-0.29
25.229346495121717,32.66,3.24,-0.29
25.230839002877474,32.66,3.24,-0.29
25.232302874326706,32.66,3.24,-0.29
25.23379423096776,32.66,3.24,-0.29
25.235269628465176,32.67,3.24,-0.29
25.236745551228523,32.66,3.24,-0.29
25.238227885216475,32.66,3.24,-0.29
25.239715814590454,32.67,3.24,-0.29
25.24118123203516,32.66,3.24,-0.29
25.24266926944256,32.66,3.24,-0.29
25.244153458625078,32.66,3.24,-0.29
25.245614852756262,32.66,3.24,-0.29
25.24709929153323,32.66,3.24,-0.29
25.24857782945037,32.66,3.24,-0.29
25.25006003305316,32.67,3.24,-0.29
25.251541562378407,32.67,3.24,-0.29
25.253027215600014,32.66,3.24,-0.29
25.254486244171858,32.66,3.24,-0.29
25.25597521662712,32.66,3.24,-0.29
25.25744739919901,32.67,3.24,-0.29
25.258925169706345,32.66,3.24,-0.29
25.260399650782347,32.66,3.24,-0.29
25.261890076100826,32.66,3.24,-0.29
25.2633688300848,32.67,3.24,-0.29
25.264849942177534,32.67,3.25,-0.29
25.26633170619607,32.66,3.25,-0.29
25.267808467149734,32.66,3.24,-0.29
25.26928874850273,32.66,3.25,-0.29
25.270768079906702,32.66,3.24,-0.29
25.27223663032055,32.66,3.25,-0.29
25.273726157844067,32.66,3.24,-0.29
25.275200828909874,32.66,3.24,-0.29
25.276672024279833,32.66,3.25,-0.29
25.27815106138587,32.66,3.25,-0.29
25.27963938564062,32.66,3.24,-0.29
25.281116396188736,32.66,3.25,-0.29
25.282597552984953,32.66,3.24,-0.29
25.28406486287713,32.67,3.24,-0.29
25.285553969442844,32.67,3.24,-0.29
25.287030663341284,32.67,3.24,-0.29
25.2899874933064,32.66,3.25,-0.29
25.29294579103589,32.66,3.25,-0.29
25.295908421278,32.67,3.25,-0.29
25.298856306821108,32.67,3.25,-0.29
25.301808387041092,32.66,3.25,-0.29
25.30477162823081,32.66,3.25,-0.29
25.3077360317111,32.67,3.25,-0.29
25.310686264187098,32.66,3.25,-0.29
25.31363794207573,32.66,3.25,-0.29
25.316604785621166,32.66,3.25,-0.29
25.319561313837767,32.66,3.25,-0.29
25.322514414787292,32.66,3.25,-0.29
25.325483240187168,32.66,3.25,-0.29
25.328429739922285,32.66,3.25,-0.29
25.33139168098569,32.66,3.25,-0.29
25.33435320481658,32.66,3.25,-0.29
25.337300177663565,32.66,3.25,-0.29
25.34026785939932,32.66,3.25,-0.29
25.343232233077288,32.66,3.25,-0.29
25.34618829935789,32.67,3.25,-0.3
25.34912970289588,32.66,3.25,-0.29
25.352097883820534,32.66,3.25,-0.29
25.355055231601,32.66,3.25,-0.29
25.358022291213274,32.66,3.25,-0.29
25.360970217734575,32.66,3.25,-0.29
25.36392955854535,32.66,3.25,-0.29
25.36688492447138,32.66,3.25,-0.29
25.369834542274475,32.66,3.25,-0.29
25.372801207005978,32.66,3.25,-0.29
25.375761579722166,32.67,3.25,-0.29
25.37724494934082,32.66,3.25,-0.29
25.378708202391863,32.66,3.25,-0.29
25.380187910050154,32.66,3.25,-0.29
25.38168267160654,32.66,3.25,-0.29
25.383154548704624,32.66,3.25,-0.29
25.384627729654312,32.66,3.25,-0.29
25.387597888708115,32.67,3.25,-0.29
25.39054173231125,32.66,3.25,-0.29
25.393500436097383,32.67,3.25,-0.29
25.39646841958165,32.66,3.25,-0.29
25.40593709051609,32.66,3.25,-152.94
25.41539390012622,32.66,3.25,-0.29
25.41687121987343,32.66,3.25,-0.29
25.418340492993593,32.67,3.25,-0.29
25.41983199119568,32.66,3.25,-0.3
25.42130681499839,32.66,3.25,-0.29
25.42279038578272,32.66,3.25,-0.29
25.42426073551178,32.66,3.25,-0.29
25.425749957561493,32.66,3.25,-0.29
25.42722075805068,32.66,3.25,-0.29
25.42869858816266,32.66,3.25,-0.29
25.430180571973324,32.66,3.25,-0.29
25.431654281914234,32.66,3.25,-0.29
25.43313330411911,32.66,3.25,-0.29
25.43461076542735,32.66,3.25,-0.29
25.436092358082533,32.66,3.25,-0.29
25.43757162615657,32.66,3.25,-0.3
25.439059052616358,32.66,3.25,-0.29
25.440522652119398,32.66,3.25,-0.29
25.442008275538683,32.66,3.25,-0.29
25.44348694384098,32.66,3.25,-0.29
25.44496664404869,32.66,3.25,-0.29
25.446439132094383,32.66,3.25,-0.29
25.447930485010147,32.66,3.25,-0.29
25.449403155595064,32.66,3.25,-0.29
25.45088206976652,32.66,3.25,-0.29
25.4523630104959,32.67,3.25,-0.29
25.453848108649254,32.66,3.25,-0.29
25.455314457416534,32.66,3.25,-0.29
25.45680259913206,32.66,3.25,-0.29
25.458276722580194,32.66,3.25,-0.29
25.45974824950099,32.66,3.25,-0.29
25.46124502643943,32.66,3.25,-0.29
25.46271602809429,32.66,3.25,-0.29
25.464196227490902,32.66,3.25,-0.29
25.46567739918828,32.67,3.25,-0.29
25.46714386716485,32.66,3.25,-0.29
25.468639690428972,32.66,3.25,-0.29
25.470097973942757,32.66,3.25,-0.29
25.471580885350704,32.66,3.25,-0.29
25.473064821213484,32.66,3.25,-0.29
25.474551130086184,32.65,3.25,-0.29
25.476030323654413,32.66,3.25,-0.29
25.477513644844294,32.66,3.25,-0.29
25.47897880896926,32.66,3.25,-0.29
25.48045701906085,32.66,3.25,-0.29
25.481937672942877,32.66,3.25,-0.29
25.483431793749332,32.66,3.25,-0.29
25.486369121819735,32.66,3.25,-0.29
25.489322155714035,32.66,3.25,-0.29
25.49229607731104,32.66,3.25,-0.3
25.495243560522795,32.67,3.25,-0.29
25.49821176752448,32.65,3.25,-0.29
25.501221008598804,32.66,3.24,-0.29
25.50413152202964,32.65,3.24,-0.29
25.50708431005478,32.65,3.25,-0.29
25.51003659889102,32.65,3.25,-0.29
25.513006702065468,32.65,3.25,-0.29
25.51595477759838,32.65,3.25,-0.29
25.51892214640975,32.65,3.25,-0.29
25.521864254027605,32.65,3.25,-0.29
25.524831876158714,32.65,3.25,-0.29
25.527788415551186,32.65,3.25,-0.29
25.530742283910513,32.65,3.25,-0.29
25.533706068992615,32.66,3.25,-0.3
25.53665777668357,32.67,3.25,-0.29
25.53962831199169,32.66,3.24,-0.29
25.542572900652885,32.66,3.25,-0.29
25.54553745687008,32.67,3.25,-0.29
25.548496641218662,32.67,3.25,-0.29
25.551451474428177,32.67,3.24,-0.29
25.554408624768257,32.67,3.25,-0.29
25.557357240468264,32.67,3.24,-0.29
25.5603162124753,32.67,3.25,-0.29
25.56327811256051,32.67,3.25,-0.29
25.566229548305273,32.67,3.24,-0.29
25.56920287385583,32.67,3.24,-0.29
25.570677984505892,32.67,3.24,-0.29
25.572155080735683,32.66,3.24,-0.29
25.57363883778453,32.66,3.25,-0.29
25.57510432600975,32.67,3.24,-0.29
25.576591063290834,32.67,3.24,-0.29
25.57806881144643,32.66,3.24,-0.29
25.579554438591003,32.66,3.24,-0.29
25.581021197140217,32.66,3.24,-0.29
25.58399221673608,32.66,3.24,-0.29
25.586949862539768,32.67,3.24,-0.29
25.589902877807617,32.67,3.24,-0.29
25.592863246798515,32.67,3.24,-0.29
25.595811914652586,32.66,3.24,-0.29
25.59882814437151,32.66,3.24,-0.29
25.60172786563635,32.67,3.24,-0.29
25.60320460051298,32.67,3.24,-0.29
25.604699190706015,32.66,3.24,-0.29
25.60617170482874,32.67,3.24,-0.29
25.60765891894698,32.67,3.24,-0.29
25.609128072857857,32.66,3.24,-0.29
25.610601875931025,32.67,3.24,-0.29
25.61208049952984,32.67,3.24,-0.29
25.613550279289484,32.66,3.24,-0.29
25.61503192037344,32.66,3.24,-0.29
25.61651685088873,32.66,3.24,-0.29
25.617983229458332,32.66,3.24,-0.29
25.619485326111317,32.66,3.24,-0.29
25.620955526828766,32.66,3.24,-0.29
25.62243202701211,32.66,3.24,-0.29
25.62391545623541,32.66,3.24,-0.29
25.625396322458982,32.66,3.24,-0.29
25.626872453838587,32.66,3.24,-0.29
25.628344424068928,32.66,3.24,-0.29
25.629833221435547,32.66,3.24,-0.29
25.631301410496235,32.66,3.24,-0.29
25.632791683077812,32.66,3.24,-0.29
25.634273022413254,32.66,3.24,-0.29
25.635752126574516,32.66,3.24,-0.29
25.637232284992933,32.67,3.24,-0.29
25.63869831711054,32.66,3.24,-0.29
25.64017605781555,32.66,3.24,-0.29
25.641661066561937,32.66,3.24,-0.29
25.64313691109419,32.66,3.24,-0.29
25.644627835601568,32.67,3.24,-0.29
25.646089863032103,32.66,3.24,-0.29
25.6475714109838,32.66,3.24,-0.29
25.649057283997536,32.66,3.24,-0.29
25.65053318068385,32.66,3.24,-0.29
25.652018144726753,32.66,3.24,-0.29
25.65349943935871,32.66,3.24,-0.29
25.65497089549899,32.66,3.24,-0.29
25.656457226723433,32.67,3.24,-0.29
25.657933562994003,32.66,3.24,-0.29
25.67207696288824,32.66,3.24,-0.29
25.67210204899311,32.66,3.24,-0.29
25.672118823975325,32.66,3.24,-0.29
25.672118823975325,32.66,3.23,-0.29
25.672143328934908,32.66,3.24,-0.29
25.67216007038951,32.66,3.24,-0.29
25.672178633511066,32.67,3.23,-0.29
25.672203231602907,32.66,3.23,-0.29
25.672225687652826,32.66,3.23,-0.29
25.672705441713333,32.66,3.23,-0.29
25.674189548939466,32.66,3.24,-0.29
25.6756682805717,32.66,3.23,-0.29
25.69418292865157,32.66,3.23,-0.29
25.69418292865157,32.66,3.24,-0.29
25.69420250877738,32.66,3.24,-0.29
25.694238763302565,32.66,3.23,-0.29
25.694238763302565,32.66,3.23,-0.29
25.694257106631994,32.66,3.23,-0.29
25.69427391141653,32.66,3.23,-0.29
25.694912407547235,32.66,3.23,-0.29
25.697854693979025,32.66,3.23,-0.29
25.70081949979067,32.67,3.23,-0.29
25.70377577841282,32.66,3.23,-0.29
25.706729620695114,32.67,3.23,-0.29
25.709703281521797,32.67,3.23,-0.29
25.712635550647974,32.67,3.22,-0.29
25.729921475052834,32.66,3.22,-0.29
25.729921475052834,32.67,3.23,-0.29
25.729938115924597,32.67,3.22,-0.29
25.72995477169752,32.67,3.22,-0.29
25.729971405118704,32.66,3.22,-0.29
25.730397284030914,32.66,3.22,-0.29
25.73187893629074,32.67,3.23,-0.29
25.73334877938032,32.67,3.23,-0.29
25.73483680188656,32.66,3.22,-0.29
25.736314747482538,32.66,3.22,-0.29
25.737784910947084,32.66,3.22,-0.29
25.739271849393845,32.67,3.22,-0.29
25.740749180316925,32.67,3.22,-0.29
25.742228783667088,32.67,3.22,-0.29
25.743715312331915,32.66,3.23,-0.29
25.745190262794495,32.67,3.22,-0.29
25.746667701750994,32.67,3.23,-0.29
25.748135771602392,32.67,3.22,-0.29
25.749621238559484,32.67,3.22,-0.29
25.751095838844776,32.66,3.22,-0.29
25.765249472111464,32.67,3.22,-0.29
25.765273485332727,32.66,3.22,-0.29
25.765273485332727,32.66,3.23,-0.29
25.76531484350562,32.67,3.22,-0.29
25.76531484350562,32.67,3.22,-0.29
25.76533156260848,32.66,3.23,-0.29
25.765348214656115,32.66,3.22,-0.29
25.765364930033684,32.66,3.22,-0.29
25.765364930033684,32.67,3.22,-0.29
25.76589034125209,32.67,3.22,-0.29
25.767373573035,32.67,3.22,-0.29
25.768845461308956,32.67,3.22,-0.29
25.77032134309411,32.67,3.23,-0.29
25.771806210279465,32.67,3.22,-0.29
25.773288041353226,32.67,3.22,-0.29
25.774771377444267,32.67,3.22,-0.29
25.776233594864607,32.67,3.22,-0.29
25.777728259563446,32.67,3.22,-0.29
25.78067409619689,32.67,3.22,-0.29
25.783643413335085,32.67,3.22,-0.3
25.786590304225683,32.67,3.22,-0.29
25.7895550057292,32.67,3.22,-0.29
25.79251439869404,32.67,3.22,-0.29
25.804912358522415,32.66,3.22,-0.29
25.804929047822952,32.67,3.22,-0.3
25.804929047822952,32.66,3.22,-0.29
25.804947208613157,32.66,3.22,-0.29
25.80729354545474,32.66,3.22,-0.29
25.810253012925386,32.67,3.22,-0.29
25.81321320310235,32.67,3.22,-0.29
25.81617422029376,32.67,3.22,-0.29
25.819123342633247,32.67,3.22,-0.29
25.822086464613676,32.66,3.22,-0.29
25.825052000582218,32.67,3.22,-0.3
25.828007888048887,32.67,3.22,-0.29
25.83096517622471,32.67,3.22,-0.29
25.833915751427412,32.67,3.22,-0.29
25.83688821271062,32.67,3.22,-0.29
25.83983837068081,32.67,3.22,-0.29
25.8427919074893,32.67,3.22,-0.29
25.845756132155657,32.67,3.22,-0.3
25.84872182831168,32.67,3.22,-0.29
25.851675372570753,32.67,3.22,-0.29
25.85463235154748,32.67,3.22,-0.3
25.856098990887403,32.67,3.22,-0.29
25.857570879161358,32.67,3.22,-0.29
25.859067749232054,32.67,3.22,-0.29
25.8605376444757,32.67,3.22,-0.29
25.8620162345469,32.67,3.22,-0.29
25.863507490605116,32.67,3.22,-0.29
25.86497328057885,32.67,3.22,-0.29
25.866448171436787,32.67,3.22,-0.29
25.867943808436394,32.67,3.21,-0.29
25.86942107975483,32.67,3.21,-0.3
25.870903942734003,32.67,3.21,-0.3
25.872367072850466,32.67,3.21,-0.3
25.873860962688923,32.67,3.21,-0.3
25.875329207628965,32.67,3.21,-0.29
25.876811303198338,32.67,3.21,-0.29
25.8797698430717,32.67,3.22,-0.29
25.882727075368166,32.67,3.22,-0.29
25.885683603584766,32.67,3.21,-0.29
25.888642843812704,32.67,3.21,-0.29
25.891597144305706,32.67,3.21,-0.29
25.893085833638906,32.67,3.21,-0.29
25.894551072269678,32.67,3.21,-0.29
25.896034199744463,32.67,3.21,-0.29
25.897511165589094,32.67,3.21,-0.3
25.898985475301743,32.67,3.21,-0.29
25.900479540228844,32.67,3.21,-0.29
25.901953656226397,32.67,3.21,-0.29
25.90343376621604,32.67,3.21,-0.29
25.904917307198048,32.67,3.21,-0.29
25.906389873474836,32.67,3.21,-0.29
25.907865773886442,32.67,3.21,-0.29
25.90934081375599,32.67,3.21,-0.29
25.910822849720716,32.67,3.21,-0.29
25.91230469942093,32.66,3.21,-0.29
25.913780361413956,32.66,3.21,-0.29
25.915260802954435,32.66,3.21,-0.29
25.91674603894353,32.66,3.21,-0.29
25.91821774095297,32.67,3.21,-0.29
25.91970220580697,32.67,3.21,-0.29
25.92118190601468,32.66,3.21,-0.29
25.922664131969213,32.66,3.21,-0.29
25.924137141555548,32.66,3.21,-0.29
25.925615541636944,32.67,3.21,-0.3
25.927103009074926,32.67,3.21,-0.3
25.928578544408083,32.67,3.21,-0.3
25.93004632741213,32.67,3.21,-0.29
25.931525520980358,32.67,3.21,-0.29
25.933011550456285,32.67,3.21,-0.29
25.93449181318283,32.67,3.21,-0.29
25.935966290533543,32.67,3.21,-0.3
25.937440689653158,32.67,3.21,-0.29
25.938920132815838,32.67,3.21,-0.29
25.940391719341278,32.67,3.21,-0.29
25.94188914820552,32.67,3.21,-0.29
25.94335876405239,32.67,3.21,-0.29
25.944845013320446,32.67,3.21,-0.29
25.946323670446873,32.67,3.21,-0.29
25.94779621809721,32.67,3.21,-0.29
25.9492739289999,32.67,3.21,-0.29
25.950749296694994,32.67,3.21,-0.3
25.952234342694283,32.67,3.21,-0.29
25.953718088567257,32.67,3.21,-0.29
25.955196738243103,32.67,3.21,-0.29
25.956664618104696,32.66,3.21,-0.3
25.95814087986946,32.66,3.21,-0.3
25.959625340998173,32.67,3.21,-0.3
25.96111422777176,32.67,3.21,-0.29
25.962586756795645,32.67,3.21,-0.3
25.96406415104866,32.67,3.21,-0.3
25.965545259416103,32.67,3.21,-0.3
25.967013876885176,32.67,3.21,-0.3
25.96848950907588,32.67,3.21,-0.29
25.969970725476742,32.67,3.21,-0.29
25.971460092812777,32.66,3.21,-0.3
25.972941767424345,32.67,3.21,-0.3
25.97442075610161,32.67,3.21,-0.29
25.97588662430644,32.67,3.21,-0.29
25.978850223124027,32.67,3.21,-0.3
25.981812428683043,32.67,3.21,-0.29
25.984763976186514,32.67,3.21,-0.29
25.987724855542183,32.67,3.21,-0.29
25.9906823374331,32.67,3.21,-0.29
25.993641890585423,32.67,3.21,-0.29
25.99659674614668,32.67,3.21,-0.3
25.99955667182803,32.66,3.21,-0.29
26.002510394901037,32.67,3.21,-0.29
26.005471609532833,32.67,3.21,-0.29
26.00844106823206,32.67,3.21,-0.29
26.011391185224056,32.67,3.21,-0.29
26.014342807233334,32.67,3.21,-0.29
26.01730255037546,32.67,3.21,-0.29
26.020245224237442,32.66,3.21,-0.29
26.02321819588542,32.66,3.21,-0.3
26.026178140193224,32.67,3.21,-0.29
26.029133308678865,32.66,3.21,-0.29
26.032088115811348,32.67,3.21,-0.29
26.03503566980362,32.67,3.21,-0.29
26.03800618276,32.67,3.21,-0.29
26.04095859453082,32.67,3.21,-0.29
26.043914180248976,32.67,3.21,-0.29
26.046890027821064,32.67,3.21,-0.29
26.049842920154333,32.66,3.21,-0.29
26.05280278623104,32.67,3.21,-0.29
26.054274927824736,32.67,3.21,-51.04
26.055754110217094,32.67,3.21,-0.29
26.057226803153753,32.67,3.21,-0.29
26.058706384152174,32.67,3.21,-0.3
26.0601956397295,32.67,3.21,-0.29
26.061665926128626,32.67,3.21,-0.29
26.0631432980299,32.67,3.21,-0.29
26.06462747603655,32.67,3.21,-0.29
26.066096391528845,32.67,3.21,-0.29
26.067593909800053,32.67,3.21,-0.29
26.06906920671463,32.67,3.21,-0.29
26.070545680820942,32.67,3.21,-0.29
26.072024814784527,32.67,3.21,-0.29
26.073484539985657,32.67,3.21,-0.29
26.076456487178802,32.67,3.21,-0.29
26.07942121848464,32.66,3.21,-0.29
26.082380421459675,32.66,3.21,-0.3
26.085322938859463,32.67,3.21,-0.29
26.088292255997658,32.67,3.2,-0.3
26.09125203639269,32.67,3.21,-0.3
26.094204518944025,32.67,3.21,-0.29
26.097161695361137,32.67,3.2,-0.29
26.100125093013048,32.66,3.21,-0.29
26.103080671280622,32.67,3.21,-0.29
26.106043256819248,32.66,3.2,-0.29
26.107516806572676,32.67,3.2,-0.3
26.108992338180542,32.67,3.2,-0.29
26.11048176139593,32.67,3.2,-0.29
26.111948039382696,32.67,3.2,-0.29
26.11342578753829,32.67,3.2,-0.29
26.114916514605284,32.66,3.21,-0.29
26.11639591306448,32.66,3.2,-0.29
26.117866802960634,32.66,3.2,-0.29
26.119354333728552,32.67,3.2,-0.29
26.12081792205572,32.67,3.2,-0.29
26.12229846045375,32.66,3.2,-0.29
26.123779959976673,32.67,3.2,-0.29
26.12526022270322,32.67,3.2,-0.3
26.126750595867634,32.67,3.2,-0.29
26.128225207328796,32.66,3.2,-0.29
26.129692152142525,32.66,3.21,-0.29
26.13117565587163,32.66,3.2,-0.29
26.132653959095478,32.67,3.2,-0.29
26.134131345897913,32.67,3.2,-0.29
26.135616421699524,32.67,3.2,-0.29
26.137088160961866,32.67,3.2,-0.29
26.138582099229097,32.67,3.2,-0.29
26.140043813735247,32.67,3.2,-0.29
26.141538843512535,32.66,3.2,-0.29
26.143015056848526,32.66,3.2,-0.29
26.14447958022356,32.66,3.2,-0.29
26.14597563445568,32.67,3.2,-0.29
26.147448655217886,32.66,3.2,-0.29
26.148920226842165,32.66,3.2,-0.29
26.15040823817253,32.67,3.2,-0.29
26.151887699961662,32.67,3.2,-0.29
26.15336350351572,32.67,3.2,-0.29
26.154837124049664,32.67,3.2,-0.29
26.156317334622145,32.67,3.2,-0.29
26.15780010074377,32.67,3.2,-0.29
26.15927266329527,32.67,3.2,-0.29
26.160759635269642,32.67,3.2,-0.29
26.162243824452162,32.67,3.2,-0.29
26.163705822080374,32.67,3.2,-0.29
26.16519470512867,32.67,3.2,-0.29
26.16666879504919,32.67,3.2,-0.29
26.168160013854504,32.66,3.2,-0.29
26.169626362621784,32.66,3.2,-0.29
26.17111077159643,32.67,3.2,-0.29
26.172590505331755,32.67,3.2,-0.29
26.175551045686007,32.66,3.2,-0.29
26.178506296128035,32.66,3.2,-0.29
26.18146612495184,32.67,3.2,-0.29
26.18441292271018,32.67,3.2,-0.29
26.18738491088152,32.67,3.2,-0.29
26.19032657891512,32.66,3.2,-0.29
26.193299986422062,32.67,3.2,-0.29
26.19625812768936,32.66,3.2,-0.29
26.199216470122337,32.66,3.2,-0.29
26.202171880751848,32.67,3.2,-0.29
26.205122761428356,32.66,3.2,-0.29
26.208077512681484,32.66,3.2,-0.29
26.211047243326902,32.66,3.2,-0.29
26.2140102237463,32.66,3.2,-0.29
26.215488702058792,32.66,3.2,-0.29
26.21695851162076,32.66,3.2,-0.29
26.218436121940613,32.67,3.2,-0.29
26.219907395541668,32.67,3.2,-0.29
26.221387315541506,32.66,3.2,-0.3
26.222865503281355,32.67,3.2,-0.29
26.22434761375189,32.66,3.2,-0.29
26.225825265049934,32.66,3.2,-0.29
26.227311100810766,32.66,3.2,-0.29
26.228786692023277,32.66,3.2,-0.3
26.23027139902115,32.66,3.2,-0.29
26.231749542057514,32.67,3.2,-0.3
26.23322656750679,32.66,3.2,-0.29
26.234696496278048,32.66,3.2,-0.29
26.236186645925045,32.66,3.2,-0.29
26.237661570310593,32.66,3.2,-0.3
26.239137411117554,32.66,3.2,-0.29
26.24062642082572,32.66,3.2,-0.3
26.242096681147814,32.67,3.2,-0.29
26.243583034723997,32.66,3.2,-0.29
26.24505489319563,32.66,3.21,-0.29
26.246539670974016,32.67,3.2,-0.29
26.248005859553814,32.67,3.21,-0.3
26.249494057148695,32.66,3.21,-0.3
26.2509641982615,32.66,3.21,-0.3
26.25244304165244,32.67,3.21,-0.29
26.25391947478056,32.67,3.21,-0.29
26.25541152060032,32.67,3.21,-0.3
26.256888709962368,32.66,3.21,-0.3
26.25835533812642,32.67,3.21,-0.29
26.259832628071308,32.67,3.21,-0.3
26.26133233308792,32.67,3.21,-0.29
26.262788269668818,32.66,3.21,-0.3
26.264284163713455,32.67,3.21,-0.29
26.26575195416808,32.66,3.21,-0.29
26.267247803509235,32.67,3.21,-0.29
26.268714498728514,32.66,3.21,-0.3
26.27018876001239,32.66,3.21,-0.3
26.2731521576643,32.67,3.21,-0.3
26.27611904963851,32.66,3.21,-0.3
26.279070656746626,32.66,3.21,-0.29
26.282048761844635,32.67,3.21,-0.3
26.284986302256584,32.67,3.21,-0.29
26.287945669144392,32.67,3.21,-0.3
26.29090954363346,32.67,3.21,-0.3
26.293865330517292,32.66,3.21,-0.29
26.29682543501258,32.66,3.21,-0.3
26.29977260529995,32.66,3.21,-0.29
26.302727829664946,32.67,3.21,-0.29
26.30571309477091,32.67,3.21,-0.3
26.30865940824151,32.66,3.21,-0.29
26.31162714213133,32.66,3.21,-0.29
26.31456034258008,32.67,3.21,-0.29
26.317538898438215,32.66,3.21,-0.29
26.32049946859479,32.67,3.21,-0.29
26.323436111211777,32.66,3.21,-0.29
26.326417196542025,32.66,3.21,-0.29
26.329349648207426,32.67,3.21,-0.3
26.332312740385532,32.66,3.21,-0.29
26.335269194096327,32.67,3.21,-0.29
26.338251437991858,32.66,3.21,-0.29
26.34120211750269,32.67,3.21,-0.29
26.344142615795135,32.66,3.21,-0.29
26.347099620848894,32.67,3.21,-0.29
26.350057274103165,32.67,3.21,-0.29
26.353036038577557,32.67,3.21,-0.29
26.355975799262524,32.67,3.21,-0.29
26.35893987864256,32.66,3.21,-0.3
26.36040997132659,32.67,3.21,-0.29
26.36188904568553,32.67,3.21,-0.29
26.363365780562162,32.67,3.21,-0.29
26.364843033254147,32.66,3.21,-0.29
26.36632790416479,32.67,3.21,-0.29
26.367801818996668,32.66,3.21,-0.29
26.36928629130125,32.67,3.21,-0.29
26.37226152420044,32.67,3.21,-0.29
26.37519533932209,32.67,3.21,-0.29
26.376683797687292,32.67,3.21,-0.29
26.378150954842567,32.66,3.21,-0.29
26.379631843417883,32.67,3.21,-0.29
26.381118308752775,32.67,3.22,-0.29
26.382597241550684,32.67,3.21,-0.29
26.384082108736038,32.67,3.21,-0.29
26.385555800050497,32.66,3.21,-0.29
26.38702755048871,32.66,3.21,-0.29
26.38850560039282,32.67,3.21,-0.29
26.389980409294367,32.66,3.21,-0.29
26.391478810459375,32.67,3.22,-0.29
26.392949387431145,32.67,3.21,-0.29
26.394426196813583,32.67,3.21,-0.3
26.395894967019558,32.66,3.22,-0.29
26.397379457950592,32.67,3.22,-0.29
26.39885902032256,32.66,3.21,-0.29
26.400347135961056,32.67,3.21,-0.3
26.40182476863265,32.66,3.21,-0.29
26.403317376971245,32.67,3.21,-0.29
26.404779329895973,32.67,3.21,-0.29
26.40626284107566,32.67,3.21,-0.3
26.407755590975285,32.66,3.21,-0.29
26.409210797399282,32.66,3.22,-0.29
26.410691283643246,32.66,3.21,-0.29
26.412169948220253,32.66,3.22,-0.29
26.41364534944296,32.67,3.21,-0.29
26.415138512849808,32.66,3.21,-0.29
26.416611429303885,32.66,3.21,-0.3
26.41808845475316,32.66,3.21,-0.3
26.419568695127964,32.66,3.21,-0.29
26.421059019863605,32.67,3.21,-0.29
26.42252429202199,32.67,3.21,-0.29
26.424001708626747,32.67,3.21,-0.29
26.4254932962358,32.67,3.21,-0.29
26.42698198184371,32.66,3.21,-0.3
26.428457610309124,32.66,3.21,-0.29
26.429939422756433,32.67,3.21,-0.29
26.43139724805951,32.67,3.21,-0.29
26.43286956846714,32.67,3.21,-0.29
26.434365179389715,32.66,3.21,-0.29
26.435842134058475,32.66,3.21,-0.29
26.437327042222023,32.67,3.21,-0.29
26.438802123069763,32.66,3.21,-0.3
26.440289042890072,32.67,3.21,-0.3
26.441759150475264,32.67,3.21,-0.29
26.443230908364058,32.67,3.21,-0.29
26.444723650813103,32.66,3.21,-0.29
26.446184147149324,32.66,3.21,-0.3
26.447686720639467,32.67,3.21,-0.3
26.449140213429928,32.67,3.21,-0.29
26.45063929632306,32.67,3.21,-0.3
26.452120896428823,32.66,3.21,-0.3
26.453580610454082,32.66,3.22,-0.29
26.455057244747877,32.67,3.21,-0.29
26.456542517989874,32.67,3.21,-0.3
26.458028584718704,32.66,3.21,-0.29
26.45951510220766,32.67,3.21,-0.3
26.46096096560359,32.67,3.21,-0.3
26.46245802938938,32.66,3.21,-0.29
26.46393420174718,32.66,3.22,-0.29
26.46542179584503,32.66,3.21,-0.3
26.466889798641205,32.66,3.21,-0.29
26.46986921131611,32.66,3.21,-0.3
26.472824539989233,32.66,3.21,-0.29
26.47576253116131,32.67,3.22,-0.29
26.478717647492886,32.66,3.22,-0.3
26.48167784139514,32.67,3.22,-0.29
26.48465532064438,32.66,3.22,-0.29
26.48761586472392,32.67,3.22,-0.28
26.49055941030383,32.68,3.21,-0.3
26.493536327034235,32.67,3.21,-0.3
26.496487416327,32.65,3.21,-0.29
26.499425172805786,32.66,3.21,-0.3
26.50240007042885,32.65,3.2,-0.3
26.505354329943657,32.67,3.2,-0.29
26.508317794650793,32.66,3.19,-0.29
26.51126242429018,32.65,3.19,-0.29
26.51424676924944,32.65,3.19,-0.29
26.517194017767906,32.66,3.19,-0.3
26.52015547081828,32.65,3.19,-0.29
26.52308452129364,32.65,3.19,-0.3
26.52604603022337,32.65,3.19,-0.29
26.529027305543423,32.65,3.19,-0.3
26.531963851302862,32.65,3.19,-0.29
26.534917037934065,32.65,3.19,-0.3
26.537897158414125,32.65,3.19,-0.29
26.539360478520393,32.65,3.18,-0.29
26.540830362588167,32.65,3.18,-0.3
26.542313415557146,32.64,3.18,-0.29
26.543792959302664,32.65,3.18,-0.29
26.545271802693605,32.65,3.18,-0.3
26.54674492031336,32.65,3.18,-0.3
26.5482314825058,32.65,3.18,-0.3
26.549709908664227,32.65,3.18,-0.29
26.55118891596794,32.65,3.18,-0.29
26.55267234519124,32.65,3.18,-0.29
26.55414617061615,32.65,3.18,-0.29
26.555621903389692,32.65,3.18,-0.29
26.5570944622159,32.65,3.18,-0.3
26.558583457022905,32.65,3.18,-0.3
26.56006645783782,32.65,3.18,-0.3
26.561538584530354,32.65,3.18,-0.29
26.563038021326065,32.65,3.18,-0.3
26.564494900405407,32.66,3.18,-0.29
26.567465402185917,32.65,3.18,-0.3
26.570411942899227,32.65,3.18,-0.29
26.573394618928432,32.65,3.18,-0.29
26.57633963599801,32.65,3.18,-0.29
26.57928615808487,32.65,3.18,-0.29
26.582244254648685,32.65,3.18,-0.29
26.5852220505476,32.65,3.18,-0.3
26.58818208426237,32.65,3.18,-0.3
26.59112687036395,32.65,3.18,-0.29
26.594099149107933,32.66,3.18,-0.3
26.59705240651965,32.65,3.19,-0.29
26.599995981901884,32.66,3.19,-0.29
26.60297106206417,32.65,3.19,-0.31
26.60592185333371,32.64,3.2,-0.29
26.608870036900043,32.65,3.2,-0.29
26.61184185743332,32.66,3.2,-0.29
26.613302133977413,32.66,3.2,-0.29
26.61479339003563,32.66,3.2,-0.29
26.61626288294792,32.65,3.2,-0.29
26.617738381028175,32.65,3.2,-0.29
26.619220338761806,32.66,3.2,-0.29
26.620696060359478,32.65,3.2,-0.29
26.62217326834798,32.65,3.2,-0.29
26.623665630817413,32.65,3.2,-0.29
26.625135861337185,32.65,3.2,-0.29
26.62660863995552,32.65,3.2,-0.29
26.628100149333477,32.65,3.2,-0.29
26.62957154214382,32.65,3.2,-0.3
26.631049666553736,32.65,3.2,-0.3
26.632541082799435,32.65,3.2,-0.29
26.634004425257444,32.65,3.2,-0.29
26.63550164923072,32.65,3.2,-0.29
26.636968810111284,32.65,3.21,-0.29
26.63845481723547,32.65,3.2,-0.29
26.639923818409443,32.65,3.2,-0.29
26.641403291374445,32.65,3.2,-0.29
26.642881706357002,32.65,3.2,-0.29
26.644360303878784,32.65,3.2,-0.29
26.645836815238,32.65,3.2,-0.29
26.647306729108095,32.65,3.2,-0.29
26.64879571646452,32.65,3.2,-0.29
26.650280222296715,32.65,3.2,-0.3
26.651752334088087,32.65,3.2,-0.29
26.653236970305443,32.66,3.2,-0.29
26.654719032347202,32.65,3.2,-0.29
26.6561913266778,32.66,3.2,-0.29
26.65767787769437,32.65,3.2,-0.29
26.659146055579185,32.66,3.2,-0.29
26.660649489611387,32.65,3.2,-0.29
26.662105556577444,32.66,3.21,-0.29
26.663587152957916,32.66,3.21,-0.29
26.666551124304533,32.65,3.2,-0.29
26.669509913772345,32.66,3.2,-0.29
26.672460097819567,32.65,3.21,-0.3
26.675424057990313,32.65,3.21,-0.29
26.678389959037304,32.65,3.21,-0.3
26.68134517967701,32.65,3.21,-0.29
26.68431056290865,32.65,3.21,-0.29
26.687244292348623,32.65,3.21,-0.29
26.69020364806056,32.65,3.21,-0.3
26.693156834691763,32.65,3.21,-0.3
26.69614117220044,32.65,3.21,-0.3
26.69910244271159,32.65,3.21,-0.29
26.700551118701696,32.66,3.21,-0.3
26.702037177979946,32.65,3.21,-0.3
26.703531954437494,32.65,3.21,-0.3
26.704990528523922,32.65,3.21,-0.3
26.70647606998682,32.65,3.21,-0.3
26.70795352756977,32.65,3.21,-0.29
26.70942820981145,32.66,3.21,-0.3
26.710925109684467,32.65,3.21,-0.29
26.712390288710594,32.65,3.21,-0.3
26.713872458785772,32.65,3.21,-0.29
26.71535236760974,32.65,3.21,-0.3
26.716824274510145,32.65,3.21,-0.29
26.7183031514287,32.66,3.21,-0.3
26.71980132907629,32.65,3.21,-0.29
26.72126780822873,32.66,3.21,-0.29
26.722731865942478,32.66,3.21,-0.3
26.724224910140038,32.65,3.21,-0.3
26.725707825273275,32.66,3.21,-0.3
26.72717373073101,32.66,3.21,-0.3
26.728665854781866,32.65,3.21,-0.29
26.73015620931983,32.65,3.21,-0.29
26.7316106967628,32.65,3.21,-0.3
26.73309100791812,32.65,3.21,-0.3
26.734570365399122,32.65,3.21,-0.3
26.736053880304098,32.65,3.21,-0.29
26.73752995952964,32.65,3.21,-0.29
26.739009767770767,32.66,3.21,-0.3
26.740496683865786,32.66,3.21,-0.29
26.74196707457304,32.65,3.21,-0.3
26.74343940615654,32.66,3.21,-0.29
26.744926560670137,32.66,3.21,-0.3
26.746408011764288,32.65,3.21,-0.3
26.747880648821592,32.66,3.21,-0.29
26.749370496720076,32.66,3.21,-0.3
26.750838167965412,32.66,3.21,-0.29
26.752320628613234,32.66,3.21,-0.29
26.753809463232756,32.65,3.21,-0.29
26.755273193120956,32.65,3.21,-0.29
26.756757002323866,32.65,3.21,-0.3
26.758244939148426,32.65,3.21,-0.3
26.759714778512716,32.66,3.21,-0.29
26.761211186647415,32.65,3.21,-0.29
26.76416763663292,32.65,3.21,-0.29
26.767117273062468,32.65,3.21,-0.29
26.77006532251835,32.65,3.21,-0.29
26.773031782358885,32.65,3.21,-0.29
26.77597938850522,32.66,3.21,-0.3
26.778947040438652,32.66,3.21,-0.29
26.781907822936773,32.65,3.21,-0.3
26.78486977517605,32.65,3.21,-0.29
26.787820793688297,32.66,3.21,-0.29
26.79077510163188,32.65,3.21,-0.29
26.793747682124376,32.65,3.21,-0.29
26.796676989644766,32.66,3.21,-0.29
26.799639735370874,32.65,3.2,-0.29
26.802622713148594,32.65,3.21,-0.29
26.805558681488037,32.65,3.21,-0.29
26.808525927364826,32.65,3.21,-0.29
26.8114750161767,32.65,3.21,-0.29
26.81443225964904,32.66,3.2,-0.29
26.817385487258434,32.65,3.2,-0.29
26.820365235209465,32.65,3.21,-0.29
26.823311492800713,32.65,3.2,-0.29
26.826266705989838,32.66,3.2,-0.29
26.829239320009947,32.66,3.2,-0.29
26.832173492759466,32.65,3.2,-0.29
26.835148110985756,32.65,3.2,-0.29
26.838115621358156,32.65,3.2,-0.29
26.84107382595539,32.66,3.2,-0.29
26.84402047470212,32.66,3.2,-0.29
26.84696301817894,32.65,3.2,-0.29
26.849928751587868,32.66,3.2,-0.29
26.852880995720625,32.65,3.2,-0.29
26.855844173580408,32.65,3.2,-0.29
26.858806129544973,32.66,3.2,-0.29
26.861759174615145,32.66,3.2,-0.29
26.86471988633275,32.65,3.2,-0.29
26.866192247718573,32.66,3.2,-0.29
26.86766792088747,32.65,3.2,-0.29
26.869164064526558,32.65,3.2,-0.29
26.87063153460622,32.65,3.2,-0.29
26.872109156101942,32.65,3.2,-0.29
26.87360967323184,32.65,3.2,-0.29
26.875064596533775,32.65,3.2,-0.29
26.87655122578144,32.65,3.2,-0.29
26.878023337572813,32.66,3.2,-0.29
26.87950626388192,32.66,3.2,-0.29
26.880979791283607,32.66,3.2,-0.29
26.88246402516961,32.65,3.2,-0.29
26.883942648768425,32.65,3.2,-0.29
26.885415460914373,32.65,3.2,-0.29
26.88689710199833,32.65,3.2,-0.29
26.88837682083249,32.65,3.2,-0.29
26.88986824452877,32.65,3.2,-0.29
26.891328793019056,32.65,3.2,-0.29
26.892825592309237,32.66,3.2,-0.29
26.894309975206852,32.65,3.2,-0.29
26.89577203989029,32.65,3.2,-0.29
26.897265885025263,32.66,3.2,-0.29
26.898725759238005,32.65,3.2,-0.29
26.900210365653038,32.65,3.2,-0.29
26.901674456894398,32.65,3.2,-0.29
26.90316341817379,32.65,3.2,-0.29
26.904640428721905,32.65,3.2,-0.29
26.90610858425498,32.65,3.2,-0.29
26.907610844820738,32.65,3.2,-0.29
26.90907969325781,32.65,3.2,-0.29
26.91055566072464,32.65,3.2,-0.29
26.912027593702078,32.65,3.2,-0.29
26.913519375026226,32.65,3.2,-0.29
26.915011253207922,32.65,3.2,-0.29
26.91647757962346,32.65,3.2,-0.29
26.917964778840542,32.65,3.2,-0.29
26.919441901147366,32.65,3.2,-0.29
26.920922733843327,32.66,3.2,-0.29
26.92239549383521,32.65,3.2,-0.29
26.923875588923693,32.65,3.2,-0.29
26.925355575978756,32.65,3.2,-0.29
26.926829144358635,32.65,3.2,-0.29
26.928299888968468,32.65,3.2,-0.29
26.92978812381625,32.66,3.2,-0.29
26.931244898587465,32.66,3.2,-0.29
26.932763524353504,32.65,3.2,-0.29
26.934222348034382,32.65,3.2,-0.29
26.935698971152306,32.65,3.2,-0.29
26.937168713659048,32.65,3.2,-0.29
26.938657447695732,32.66,3.2,-0.29
26.94013385474682,32.65,3.2,-0.29
26.941604301333427,32.65,3.2,-0.29
26.94310488924384,32.65,3.2,-0.29
26.944575615227222,32.65,3.2,-0.29
26.946051213890314,32.65,3.2,-0.29
26.947533261030912,32.65,3.2,-0.29
26.94901167973876,32.65,3.2,-0.29
26.950498431921005,32.65,3.2,-0.29
26.951961860060692,32.65,3.2,-0.29
26.95345499739051,32.65,3.2,-0.29
26.954927068203688,32.65,3.2,-0.29
26.956402502954006,32.65,3.2,-0.29
26.95788162946701,32.65,3.2,-0.29
26.960863154381514,32.65,3.2,-0.29
26.963803570717573,32.65,3.2,-0.29
26.96675555408001,32.65,3.2,-0.29
26.969732206314802,32.66,3.2,-0.29
26.97268119826913,32.65,3.2,-0.29
26.97562774643302,32.65,3.19,-0.29
26.978605549782515,32.66,3.19,-0.29
26.98154303058982,32.65,3.19,-0.29
26.984492734074593,32.65,3.2,-0.29
26.987465418875217,32.65,3.19,-0.29
26.990435402840376,32.65,3.2,-0.29
26.993374839425087,32.65,3.2,-0.3
26.99632515013218,32.66,3.2,-0.29
26.99929605796933,32.65,3.2,-0.29
27.002251226454973,32.65,3.19,-0.3
27.005223888903856,32.65,3.19,-0.29
27.008181028068066,32.65,3.19,-0.29
27.011117469519377,32.65,3.19,-0.29
27.014068689197302,32.65,3.19,-0.29
27.017057191580534,32.65,3.19,-0.3
27.01999792456627,32.65,3.19,-0.29
27.021474968641996,32.65,3.19,-0.29
27.022965878248215,32.65,3.19,-0.29
27.024429854005575,32.65,3.19,-0.29
27.025913521647453,32.65,3.19,-0.29
27.02738381549716,32.65,3.19,-0.29
27.028880409896374,32.65,3.19,-0.29
27.030342672020197,32.65,3.19,-0.29
27.031821202486753,32.65,3.19,-0.29
27.033313896507025,32.65,3.19,-0.29
27.034799799323082,32.65,3.19,-0.29
27.03625997900963,32.65,3.19,-0.29
27.0377623103559,32.65,3.19,-0.29
27.03921937569976,32.65,3.19,-0.29
27.040708299726248,32.65,3.19,-0.29
27.042182374745607,32.65,3.19,-0.29
27.043665070086718,32.64,3.19,-0.29
27.045146871358156,32.65,3.19,-0.29
27.04660403355956,32.65,3.2,-0.29
27.04809632152319,32.65,3.2,-0.29
27.049562484025955,32.65,3.19,-0.29
27.051056902855635,32.65,3.19,-0.29
27.052531082183123,32.65,3.2,-0.29
27.054016940295696,32.65,3.2,-0.29
27.055490408092737,32.65,3.19,-0.29
27.058453481644392,32.65,3.2,-0.29
27.0613978728652,32.65,3.2,-0.29
27.064363595098257,32.65,3.19,-0.29
27.067329104989767,32.65,3.19,-0.29
27.07026980817318,32.65,3.19,-0.29
27.073236525058746,32.66,3.19,-0.29
27.07618982717395,32.65,3.19,-0.29
27.079148527234793,32.65,3.2,-0.29
27.082111343741417,32.65,3.19,-0.29
27.085083182901144,32.65,3.2,-0.29
27.08802969008684,32.65,3.19,-0.29
27.090986259281635,32.66,3.19,-0.29
27.093946482986212,32.65,3.19,-0.29
27.096897330135107,32.66,3.2,-0.29
27.099855814129114,32.65,3.2,-0.29
27.10283262655139,32.65,3.2,-0.29
27.105774369090796,32.65,3.2,-0.29
27.108732398599386,32.65,3.2,-0.29
27.111681304872036,32.66,3.19,-0.29
27.114652268588543,32.65,3.19,-0.29
27.116123773157597,32.66,3.2,-0.29
27.117601830512285,32.66,3.19,-0.29
27.11908009275794,32.66,3.19,-0.29
27.120559733361006,32.65,3.2,-0.29
27.122040186077356,32.65,3.2,-0.29
27.123509731143713,32.66,3.19,-0.3
27.124998904764652,32.65,3.19,-0.29
27.12647818773985,32.66,3.2,-0.29
27.12795129418373,32.65,3.2,-0.29
27.129427812993526,32.66,3.2,-0.29
27.13091581314802,32.65,3.2,-0.29
27.132396034896374,32.65,3.19,-0.32
27.133878357708454,32.64,3.19,-0.28
27.135369148105383,32.65,3.2,-0.3
27.136820323765278,32.64,3.17,-0.29
27.1383186429739,32.42,3.18,-0.3
27.139781184494495,32.24,3.2,-0.3
27.141273509711027,32.24,3.2,-0.29
27.14274552464485,32.26,3.19,-0.29
27.14422144368291,32.26,3.19,-0.28
27.145699214190245,32.28,3.18,-0.28
27.147171285003424,32.28,3.19,-0.29
27.148663192987442,32.27,3.18,-0.31
27.150135550647974,32.26,3.18,-0.3
27.151605140417814,32.27,3.19,-0.28
27.15309002622962,32.29,3.21,-0.28
27.15456471964717,32.29,3.21,-0.31
27.157528318464756,32.26,3.21,-0.3
27.160489805042744,32.28,3.21,-0.31
27.163464814424515,32.27,3.22,-0.28
27.16641277819872,32.3,3.2,-0.3
27.16937044635415,32.28,3.2,-0.29
27.17234130576253,32.28,3.2,-0.29
27.175264187157154,32.28,3.2,-0.29
27.17824624851346,32.29,3.2,-0.29
27.181213170289993,32.29,3.2,-0.3
27.18266323581338,32.29,3.19,-0.29
27.18415815383196,32.29,3.19,-0.3
27.18562749400735,32.29,3.2,-0.3
27.18711705133319,32.29,3.2,-0.3
27.188596818596125,32.29,3.2,-0.29
27.190061766654253,32.29,3.2,-0.29
27.19156252965331,32.29,3.2,-0.29
27.193027149885893,32.29,3.19,-0.29
27.194499988108873,32.29,3.19,-0.3
27.195989578962326,32.29,3.19,-0.3
27.19745720922947,32.29,3.19,-0.3
27.198939736932516,32.28,3.19,-0.29
27.200410664081573,32.29,3.19,-0.29
27.201899271458387,32.29,3.19,-0.29
27.20337127149105,32.29,3.19,-0.3
27.204854737967253,32.29,3.19,-0.3
27.206358268857002,32.29,3.19,-0.29
27.207805432379246,32.3,3.19,-0.3
27.209288507699966,32.3,3.19,-0.29
27.210755739361048,32.3,3.19,-0.3
27.21227114647627,32.29,3.19,-0.3
27.2137270309031,32.3,3.2,-0.29
27.21520297974348,32.3,3.19,-0.3
27.216682765632868,32.3,3.19,-0.29
27.21817333623767,32.29,3.19,-0.3
27.219647701829672,32.3,3.19,-0.3
27.22112351283431,32.3,3.19,-0.29
27.222602881491184,32.29,3.19,-0.29
27.224077485501766,32.29,3.19,-0.29
27.225579041987658,32.3,3.19,-0.29
27.227046821266413,32.29,3.19,-0.29
27.228507056832314,32.3,3.19,-0.29
27.229999653995037,32.3,3.19,-0.29
27.23147066682577,32.3,3.2,-0.29
27.232951290905476,32.3,3.2,-0.3
27.234444946050644,32.3,3.19,-0.3
27.235914047807455,32.29,3.2,-0.29
27.237388361245394,32.3,3.2,-0.29
27.238868411630392,32.3,3.2,-0.29
27.240361638367176,32.3,3.2,-0.3
27.24182415008545,32.3,3.2,-0.29
27.24329660087824,32.3,3.2,-0.29
27.244796983897686,32.3,3.2,-0.29
27.24627038091421,32.3,3.19,-0.3
27.2477389536798,32.3,3.2,-0.3
27.24922065064311,32.3,3.2,-0.3
27.250704031437635,32.3,3.19,-0.29
27.252190444618464,32.3,3.2,-0.3
27.25512705743313,32.3,3.19,-0.29
27.258113104850054,32.31,3.21,-0.26
27.26104712113738,32.31,3.21,-0.33
27.26402099058032,32.29,3.23,-0.29
27.266980208456516,32.3,3.22,-0.29
27.26992406323552,32.31,3.22,-0.29
27.272882729768753,32.31,3.22,-0.3
27.27584281936288,32.31,3.22,-0.3
27.278802879154682,32.3,3.22,-0.3
27.281773801892996,32.31,3.22,-0.29
27.2847143933177,32.3,3.22,-0.3
27.28766978904605,32.3,3.22,-0.3
27.290623143315315,32.31,3.23,-0.27
27.293584302067757,32.22,3.32,-0.31
27.29655423015356,32.43,3.35,-0.3
27.299499414861202,32.54,3.34,-0.29
27.30248126760125,32.53,3.36,-0.3
27.305412739515305,32.53,3.36,-0.3
27.3083806745708,32.52,3.37,-0.3
27.311330780386925,32.52,3.37,-0.3
27.31429808586836,32.52,3.37,-0.31
27.317269951105118,32.5,3.36,-0.29
27.320207092911005,32.52,3.36,-0.29
27.32315817475319,32.51,3.36,-0.3
27.326132968068123,32.52,3.36,-0.3
27.329080626368523,32.51,3.36,-0.3
27.33203323557973,32.51,3.36,-0.3
27.33499513566494,32.51,3.36,-0.3
27.337946832180023,32.51,3.36,-0.3
27.34090369194746,32.51,3.36,-0.3
27.342387579381466,32.51,3.36,-0.3
27.343859881162643,32.51,3.36,-0.3
27.345358327031136,32.51,3.36,-0.3
27.34683721512556,32.51,3.36,-0.3
27.34831504896283,32.51,3.36,-0.3
27.34978484734893,32.51,3.36,-0.3
27.352761577814817,32.51,3.36,-0.3
27.3557015247643,32.5,3.36,-0.3
27.358665943145752,32.51,3.36,-0.3
27.36161634325981,32.51,3.36,-0.3
27.36457320675254,32.51,3.36,-0.3
27.36752600222826,32.51,3.36,-0.3
27.3690074570477,32.51,3.36,-0.3
27.370485305786133,32.51,3.36,-0.3
27.371962495148182,32.51,3.36,-0.3
27.373446580022573,32.51,3.36,-0.3
27.37492211908102,32.51,3.36,-0.3
27.376397028565407,32.51,3.36,-0.3
27.37788401544094,32.51,3.36,-0.3
27.379360180348158,32.51,3.36,-0.3
27.380839347839355,32.51,3.36,-0.3
27.38230884820223,32.51,3.36,-0.3
27.38379643857479,32.51,3.36,-0.3
27.385277066379786,32.51,3.36,-0.3
27.386759243905544,32.51,3.36,-0.3
27.388230375945568,32.51,3.36,-0.3
27.38971260562539,32.51,3.36,-0.3
27.391197375953197,32.51,3.36,-0.3
27.392681311815977,32.51,3.36,-0.3
27.39414243400097,32.51,3.37,-0.3
27.395634088665247,32.51,3.37,-0.3
27.397122833877802,32.51,3.37,-0.3
27.39857267215848,32.51,3.36,-0.3
27.400063768029213,32.51,3.37,-0.3
27.401559345424175,32.5,3.37,-0.3
27.403026398271322,32.51,3.37,-0.3
27.4045155569911,32.51,3.37,-0.3
27.40597815439105,32.51,3.37,-0.3
27.407457794994116,32.51,3.37,-0.3
27.408932846039534,32.51,3.37,-0.3
27.41040924564004,32.51,3.37,-0.3
27.411905102431774,32.51,3.37,-0.3
27.4134011156857,32.51,3.36,-0.3
27.41485356539488,32.51,3.37,-0.3
27.416324514895678,32.51,3.37,-0.3
27.417818184942007,32.51,3.37,-0.3
27.41928904503584,32.51,3.37,-0.3
27.420767199248075,32.51,3.37,-0.3
27.42225555330515,32.51,3.37,-0.3
27.423716690391302,32.51,3.37,-0.3
27.42519949749112,32.51,3.37,-0.3
27.426678229123354,32.51,3.37,-0.3
27.428162179887295,32.51,3.37,-0.3
27.429640904068947,32.51,3.37,-0.3
27.43112863227725,32.5,3.37,-0.3
27.432598512619734,32.51,3.37,-0.3
27.434081692248583,32.51,3.37,-0.3
27.435561817139387,32.51,3.37,-0.3
27.437043637037277,32.51,3.37,-0.3
27.438507206737995,32.51,3.37,-0.3
27.43999283760786,32.51,3.37,-0.3
27.441481079906225,32.51,3.37,-0.3
27.442948315292597,32.51,3.37,-0.3
27.444451428949833,32.52,3.37,-0.3
27.445928052067757,32.51,3.37,-0.3
27.447381395846605,32.51,3.37,-0.3
27.448873978108168,32.52,3.37,-0.3
27.4518306478858,32.51,3.37,-0.3
27.45477446168661,32.51,3.37,-0.3
27.45773345977068,32.52,3.37,-0.3
27.460696440190077,32.52,3.37,-0.3
27.463642444461584,32.51,3.37,-0.3
27.466611456125975,32.51,3.37,-0.3
27.469592206180096,32.51,3.37,-0.3
27.472525045275688,32.52,3.37,-0.3
27.475488264113665,32.52,3.37,-0.3
27.478452403098345,32.51,3.37,-0.3
27.481403563171625,32.51,3.37,-0.3
27.484358947724104,32.52,3.37,-0.3
27.48732165619731,32.51,3.37,-0.3
27.49029402434826,32.52,3.37,-0.3
27.49325465783477,32.51,3.37,-0.3
27.49619683250785,32.51,3.37,-0.3
27.499138697981834,32.52,3.37,-0.3
27.50062285363674,32.51,3.37,-0.3
27.50211299955845,32.51,3.37,-0.3
27.503588050603867,32.51,3.37,-0.3
27.50506792962551,32.52,3.37,-0.3
27.506560057401657,32.51,3.37,-0.3
27.50803442671895,32.51,3.37,-0.3
27.509505722671747,32.51,3.37,-0.3
27.51097760349512,32.51,3.37,-0.3
27.51245629787445,32.51,3.37,-0.3
27.51393800228834,32.51,3.37,-0.3
27.515429373830557,32.51,3.37,-0.3
27.51689776033163,32.51,3.37,-0.3
27.518386859446764,32.51,3.37,-0.3
27.51985513046384,32.51,3.37,-0.3
27.52133499085903,32.51,3.37,-0.3
27.522820364683867,32.51,3.37,-0.3
27.524288278073072,32.51,3.37,-0.3
27.52577071264386,32.51,3.37,-0.3
27.527238450944424,32.51,3.37,-0.3
27.528727751225233,32.51,3.37,-0.3
27.530211579054594,32.51,3.37,-0.3
27.53168945759535,32.51,3.37,-0.3
27.533178821206093,32.51,3.37,-0.3
27.534640848636627,32.51,3.37,-0.3
27.5361300855875,32.51,3.37,-0.3
27.537591453641653,32.51,3.37,-0.3
27.53907796740532,32.51,3.37,-0.3
27.540557648986578,32.51,3.37,-0.3
27.54202777892351,32.51,3.37,-0.3
27.5435122102499,32.51,3.37,-0.3
27.544996198266745,32.51,3.37,-0.3
27.54649133607745,32.51,3.37,-0.3
27.54943623766303,32.51,3.37,-0.3
27.552411999553442,32.51,3.37,-0.3
27.555351238697767,32.51,3.37,-0.3
27.55829555913806,32.51,3.37,-0.3
27.561274360865355,32.51,3.37,-0.3
27.564233925193548,32.51,3.37,-0.3
27.567184776067734,32.51,3.37,-0.3
27.570142474025488,32.51,3.37,-0.3
27.573099959641695,32.51,3.38,-0.3
27.576053209602833,32.51,3.38,-0.3
27.579007979482412,32.51,3.38,-0.3
27.58199068158865,32.51,3.38,-0.3
27.584946524351835,32.51,3.38,-0.3
27.5878898948431,32.52,3.38,-0.3
27.59084413200617,32.51,3.38,-0.3
27.59379606693983,32.51,3.38,-0.3
27.59676233679056,32.51,3.38,-0.3
27.5997169688344,32.51,3.38,-0.3
27.602674700319767,32.51,3.38,-0.3
27.60562613606453,32.51,3.38,-0.3
27.60858642682433,32.51,3.38,-0.3
27.611543390899897,32.51,3.38,-0.3
27.614522598683834,32.51,3.38,-0.3
27.617478914558887,32.52,3.38,-0.3
27.620428677648306,32.51,3.38,-0.3
27.62189942598343,32.51,3.38,-0.3
27.623368456959724,32.51,3.38,-0.3
27.624859400093555,32.51,3.38,-0.3
27.626326508820057,32.51,3.38,-0.3
27.62783605977893,32.51,3.38,-0.3
27.62928669154644,32.51,3.38,-0.3
27.630769349634647,32.51,3.38,-0.3
27.63225819170475,32.52,3.38,-0.3
27.6337459795177,32.51,3.38,-0.3
27.63520798459649,32.51,3.38,-0.3
27.636693459004164,32.51,3.38,-0.3
27.63816548511386,32.51,3.38,-0.3
27.639642730355263,32.51,3.38,-0.3
27.641123566776514,32.51,3.38,-0.3
27.64259858056903,32.51,3.38,-0.3
27.644079096615314,32.52,3.38,-0.3
27.647061698138714,32.51,3.38,-0.3
27.650000885128975,32.51,3.38,-0.3
27.652956552803516,32.51,3.38,-0.3
27.655921798199415,32.51,3.39,-0.3
27.65886763483286,32.51,3.39,-0.3
27.660347651690245,32.52,3.39,-0.3
27.661827936768532,32.52,3.39,-0.3
27.66330272704363,32.51,3.38,-0.3
27.664792597293854,32.51,3.38,-0.3
27.666250973939896,32.51,3.39,-0.3
27.667752146720886,32.51,3.39,-0.3
27.66922416165471,32.52,3.38,-0.3
27.670703545212746,32.52,3.39,-0.3
27.672189690172672,32.51,3.39,-0.3
27.673662200570107,32.51,3.39,-0.3
27.67513843998313,32.51,3.39,-0.3
27.67660340294242,32.51,3.39,-0.3
27.678095500916243,32.51,3.38,-0.3
27.67956790700555,32.51,3.38,-0.3
27.681053541600704,32.51,3.38,-0.3
27.682520925998688,32.52,3.38,-0.3
27.68400827795267,32.52,3.38,-0.3
27.685496348887682,32.52,3.39,-0.3
27.68695868179202,32.51,3.39,-0.3
27.688438665121794,32.51,3.39,-0.3
27.689928613603115,32.51,3.39,-0.3
27.691394854336977,32.52,3.39,-0.3
27.69288421794772,32.52,3.38,-0.3
27.694375336170197,32.51,3.39,-0.3
27.69584033638239,32.51,3.39,-0.3
27.697317391633987,32.51,3.39,-0.3
27.69879525154829,32.51,3.39,-0.3
27.700269732624292,32.52,3.39,-0.3
27.70176161080599,32.52,3.39,-0.3
27.703226413577795,32.51,3.38,-0.3
27.704731680452824,32.51,3.39,-0.3
27.706193044781685,32.51,3.39,-0.3
27.707668405026197,32.51,3.39,-0.3
27.709157776087523,32.51,3.39,-0.3
27.710628896951675,32.52,3.39,-0.3
27.712101593613625,32.52,3.39,-0.3
27.713584933429956,32.52,3.39,-0.3
27.715066950768232,32.52,3.39,-0.3
27.716545078903437,32.51,3.39,-0.3
27.71803994104266,32.52,3.39,-0.29
27.71950025483966,32.52,3.39,-0.3
27.720980379730463,32.51,3.39,-0.3
27.722454980015755,32.51,3.39,-0.3
27.72393699362874,32.51,3.39,-0.3
27.72541518881917,32.51,3.39,-0.3
27.726900056004524,32.51,3.39,-0.3
27.72838081791997,32.51,3.39,-0.3
27.72985604032874,32.51,3.39,-0.3
27.73133834823966,32.51,3.39,-0.3
27.732801657170057,32.51,3.39,-0.3
27.7343048453331,32.51,3.39,-0.31
27.73576705902815,32.5,3.39,-0.3
27.73724589124322,32.51,3.39,-0.3
27.73872311785817,32.51,3.39,-0.29
27.740202218294144,32.52,3.39,-0.29
27.741682566702366,32.51,3.39,-0.3
27.744640845805407,32.51,3.39,-0.3
27.74759129807353,32.51,3.39,-0.3
27.750551711767912,32.51,3.39,-0.31
27.75351671501994,32.51,3.39,-0.3
27.756490036845207,32.51,3.39,-0.3
27.759420786052942,32.51,3.39,-0.3
27.76239188015461,32.51,3.39,-0.3
27.765361234545708,32.51,3.39,-0.3
27.76831068098545,32.51,3.39,-0.3
27.771261744201183,32.51,3.39,-0.3
27.774229645729065,32.51,3.39,-0.3
27.777176331728697,32.5,3.39,-0.3
27.78012651205063,32.51,3.39,-0.3
27.78309526666999,32.51,3.39,-0.3
27.78606888651848,32.51,3.39,-0.3
27.789019890129566,32.51,3.39,-0.3
27.79196221753955,32.51,3.39,-0.3
27.794941611588,32.51,3.39,-0.3
27.797892164438963,32.51,3.39,-0.3
27.800848178565502,32.51,3.39,-0.3
27.803818952292204,32.51,3.4,-0.3
27.806750055402517,32.51,3.4,-0.3
27.80972231924534,32.51,3.4,-0.3
27.81266636401415,32.51,3.4,-0.3
27.81562379747629,32.51,3.4,-0.3
27.818600974977016,32.51,3.4,-0.3
27.82155142351985,32.51,3.4,-0.3
27.82302287966013,32.51,3.4,-0.3
27.824501384049654,32.51,3.4,-0.3
27.825993675738573,32.51,3.4,-0.3
27.82746061682701,32.51,3.4,-0.3
27.828941073268652,32.51,3.4,-0.3
27.830428667366505,32.51,3.4,-0.3
27.83189745992422,32.51,3.4,-0.3
27.83338963240385,32.51,3.4,-0.3
27.83487345278263,32.51,3.4,-0.3
27.83633302897215,32.51,3.4,-0.3
27.837808795273304,32.51,3.4,-0.3
27.839291460812092,32.51,3.4,-0.3
27.84224982559681,32.51,3.4,-0.3
27.84520711749792,32.51,3.4,-0.3
27.84816937893629,32.51,3.4,-0.3
27.851144790649414,32.51,3.4,-0.3
27.854083430022,32.51,3.4,-0.3
27.85704305022955,32.51,3.4,-0.3
27.85999947413802,32.51,3.4,-0.3
27.862956173717976,32.51,3.4,-0.3
27.86591251567006,32.51,3.4,-0.3
27.868886947631836,32.51,3.4,-0.3
27.87182942777872,32.51,3.4,-0.3
27.876279201358557,32.51,3.4,-0.3
27.877734385430813,32.51,3.4,-0.3
27.87922514602542,32.51,3.4,-0.3
27.88070122152567,32.51,3.4,-0.3
27.882185846567154,32.51,3.4,-0.3
27.883649345487356,32.51,3.4,-0.3
27.88513680920005,32.51,3.41,-0.3
27.886612866073847,32.51,3.4,-0.3
27.888085149228573,32.51,3.41,-0.3
27.889578741043806,32.51,3.41,-0.3
27.89104177430272,32.51,3.41,-0.3
27.892528653144836,32.51,3.41,-0.3
27.894009791314602,32.51,3.4,-0.3
27.89548259600997,32.51,3.4,-0.3
27.89698711782694,32.51,3.41,-0.3
27.89844199642539,32.51,3.41,-0.3
27.899924091994762,32.51,3.41,-0.3
27.90140411257744,32.51,3.41,-0.3
27.90288344025612,32.51,3.41,-0.3
27.904362566769123,32.51,3.41,-0.3
27.905838664621115,32.51,3.41,-0.3
27.907314036041498,32.51,3.41,-0.3
27.90880412980914,32.51,3.41,-0.3
27.910279143601656,32.51,3.41,-0.3
27.911754332482815,32.51,3.41,-0.3
27.913233671337366,32.51,3.41,-0.3
27.914713349193335,32.51,3.41,-0.3
27.916196763515472,32.51,3.41,-0.3
27.91766718029976,32.51,3.41,-0.3
27.919157929718494,32.51,3.41,-0.3
27.920628681778908,32.51,3.41,-0.29
27.92211454361677,32.51,3.41,-0.3
27.92359697818756,32.5,3.41,-0.3
27.92507277801633,32.51,3.41,-0.3
27.92655101045966,32.52,3.41,-0.3
27.92802794650197,32.51,3.41,-0.3
27.929497372359037,32.52,3.41,-0.3
27.930980574339628,32.51,3.41,-0.3
27.93247154727578,32.51,3.41,-0.3
27.93393810838461,32.51,3.41,-0.3
27.93541333451867,32.52,3.41,-0.29
27.936898812651634,32.52,3.41,-0.3
27.938374791294336,32.51,3.41,-0.3
27.941327057778835,32.51,3.41,-0.3
27.944294080138206,32.51,3.41,-0.3
27.947252672165632,32.51,3.41,-0.3
27.95020417124033,32.51,3.41,-0.31
27.953169621527195,32.5,3.41,-0.29
27.956124417483807,32.52,3.41,-0.29
27.95909259840846,32.52,3.41,-0.27
27.962043710052967,32.54,3.42,-0.34
27.964994188398123,32.49,3.44,-0.3
27.967953618615866,32.51,3.44,-0.3
27.970928471535444,32.52,3.44,-0.3
27.973869912326336,32.52,3.44,-0.3
27.976837784051895,32.52,3.44,-0.3
27.979791700839996,32.51,3.45,-0.3
27.98127396032214,32.51,3.44,-349.08
27.98275076970458,32.51,3.45,-0.29
27.984228007495403,32.51,3.44,-0.3
27.98569941520691,32.51,3.44,-0.3
27.9871818497777,32.52,3.44,-0.3
27.988659515976906,32.52,3.44,-0.3
27.990141328424215,32.52,3.44,-0.3
27.99161771312356,32.52,3.44,-0.3
27.99310676753521,32.52,3.44,-0.3
27.994575336575508,32.51,3.44,-0.3
27.996056109666824,32.52,3.44,-0.3
27.997526727616787,32.52,3.44,-0.3
27.99901979789138,32.52,3.44,-0.3
28.00049364566803,32.51,3.44,-0.3
28.00197258219123,32.51,3.44,-0.3
28.0034724958241,32.51,3.44,-0.3
28.004927411675453,32.52,3.44,-0.3
28.006413631141186,32.52,3.44,-0.3
28.007880177348852,32.52,3.44,-0.3
28.009363684803247,32.52,3.44,-0.3
28.010855603963137,32.52,3.44,-0.3
28.012339040637016,32.51,3.44,-0.3
28.013804234564304,32.51,3.44,-0.3
28.015287071466446,32.52,3.44,-0.3
28.016761600971222,32.52,3.44,-0.3
28.01824578270316,32.52,3.44,-0.3
28.019719272851944,32.52,3.44,-0.3
28.021195374429226,32.52,3.44,-0.3
28.022676404565573,32.51,3.44,-0.3
28.024151116609573,32.52,3.44,-0.3
28.025634579360485,32.52,3.44,-0.3
28.027104448527098,32.52,3.44,-0.3
28.028595827519894,32.52,3.44,-0.3
28.03007297590375,32.52,3.44,-0.3
28.03154967352748,32.52,3.44,-0.3
28.033024463802576,32.52,3.44,-0.3
28.03451157733798,32.52,3.44,-0.3
28.035991366952658,32.51,3.44,-0.3
28.038955934345722,32.52,3.44,-0.3
28.04189121350646,32.52,3.44,-0.3
28.044866807758808,32.52,3.44,-0.3
28.047842413187027,32.52,3.44,-0.3
28.050789028406143,32.52,3.44,-0.3
28.053735811263323,32.52,3.44,-0.3
28.056702461093664,32.52,3.44,-0.3
28.059650857001543,32.52,3.44,-0.3
28.06260697171092,32.52,3.44,-0.3
28.065584637224674,32.51,3.44,-0.3
28.0685464553535,32.52,3.44,-0.3
28.071477886289358,32.52,3.44,-0.3
28.074436772614717,32.52,3.44,-0.3
28.07739807665348,32.52,3.44,-0.3
28.08034809678793,32.52,3.44,-0.3
28.083333421498537,32.52,3.44,-0.3
28.086279790848494,32.52,3.44,-0.3
28.08922329545021,32.52,3.44,-0.3
28.092189222574234,32.52,3.44,-0.3
28.095151383429766,32.52,3.43,-0.3
28.09811821579933,32.51,3.43,-0.3
28.10106423124671,32.52,3.43,-0.3
28.1040206104517,32.52,3.43,-0.3
28.106972940266132,32.52,3.43,-0.3
28.10993703082204,32.52,3.43,-0.3
28.112898249179125,32.52,3.42,-0.3
28.115847926586866,32.52,3.42,-0.3
28.118808776140213,32.51,3.42,-0.3
28.121783945709467,32.52,3.42,-0.3
28.124719616025686,32.52,3.42,-0.3
28.12768518552184,32.52,3.42,-0.3
28.129161473363638,32.52,3.42,-0.3
28.13064246624708,32.52,3.42,-0.3
28.132118821144104,32.52,3.41,-0.3
28.13360133394599,32.51,3.41,-0.3
28.135077256709337,32.52,3.42,-0.3
28.13654876500368,32.52,3.41,-0.3
28.13951739668846,32.52,3.41,-0.3
28.142486181110144,32.52,3.41,-0.3
28.143950432538986,32.51,3.41,-0.3
28.14543492347002,32.51,3.42,-0.3
28.146915696561337,32.51,3.41,-0.3
28.148397587239742,32.51,3.41,-0.3
28.149868052452803,32.51,3.41,-0.3
28.151340316981077,32.52,3.41,-0.3
28.15282667800784,32.51,3.41,-0.3
28.154320791363716,32.51,3.4,-0.29
28.155782487243414,32.5,3.37,-0.3
28.15725925564766,32.48,3.36,-0.3
28.158737637102604,32.48,3.36,-0.3
28.160226020962,32.48,3.36,-0.3
28.16169423609972,32.48,3.36,-0.3
28.163174398243427,32.48,3.36,-0.3
28.164649602025747,32.49,3.37,-0.3
28.16614007204771,32.48,3.37,-0.3
28.167614318430424,32.48,3.36,-0.3
28.169096402823925,32.49,3.36,-0.3
28.170578718185425,32.48,3.36,-0.3
28.17205961793661,32.48,3.36,-0.3
28.17354479059577,32.48,3.36,-0.3
28.17500749975443,32.47,3.36,-0.3
28.17648684233427,32.48,3.36,-0.3
28.177951879799366,32.48,3.36,-0.3
28.179459612816572,32.49,3.36,-0.3
28.180930502712727,32.48,3.36,-0.3
28.182411290705204,32.48,3.36,-0.3
28.18388868123293,32.48,3.36,-0.3
28.185367841273546,32.48,3.36,-0.3
28.186841145157814,32.49,3.36,-0.3
28.18831153959036,32.49,3.36,-0.3
28.189796581864357,32.49,3.36,-0.3
28.191274262964725,32.49,3.36,-0.3
28.192752238363028,32.49,3.36,-0.3
28.19423422217369,32.49,3.36,-0.3
28.19571514055133,32.49,3.36,-0.3
28.19720084965229,32.48,3.36,-0.3
28.198662739247084,32.48,3.36,-0.3
28.200157698243856,32.49,3.36,-0.3
28.20163332298398,32.48,3.36,-0.3
28.20311491191387,32.48,3.36,-0.3
28.20460845157504,32.48,3.36,-0.3
28.206076003611088,32.48,3.36,-0.3
28.20754637569189,32.49,3.36,-0.3
28.20903380215168,32.49,3.36,-0.3
28.21050651744008,32.49,3.36,-0.3
28.21198144927621,32.48,3.36,-0.3
28.21346265077591,32.48,3.36,-0.3
28.214945126324892,32.49,3.36,-0.29
28.216423373669386,32.49,3.37,-0.3
28.21788391843438,32.48,3.36,-0.31
28.219383250921965,32.48,3.36,-0.3
28.220867682248354,32.49,3.37,-0.3
28.2223366163671,32.49,3.37,-0.3
28.223808702081442,32.49,3.37,-0.3
28.225294403731823,32.49,3.37,-0.3
28.226770102977753,32.49,3.37,-0.3
28.22825136780739,32.48,3.36,-0.3
28.229729779064655,32.49,3.37,-0.3
28.23120652511716,32.49,3.37,-0.3
28.232680927962065,32.49,3.37,-0.3
28.23416954278946,32.49,3.37,-0.3
28.23711933940649,32.49,3.37,-0.3
28.24007197096944,32.48,3.37,-0.3
28.24302949383855,32.48,3.37,-0.3
28.246000040322542,32.49,3.37,-0.3
28.24894991889596,32.48,3.37,-0.3
28.251915905624628,32.48,3.37,-0.3
28.254873402416706,32.48,3.37,-0.3
28.257832188159227,32.49,3.37,-0.3
28.260781705379486,32.48,3.37,-0.3
28.263738479465246,32.49,3.37,-0.3
28.266705084592104,32.49,3.37,-0.3
28.269650254398584,32.49,3.37,-0.3
28.272617395967245,32.49,3.37,-0.3
28.275573648512363,32.49,3.37,-0.3
28.278539273887873,32.48,3.37,-0.3
28.281511642038822,32.48,3.37,-0.3
28.284451711922884,32.49,3.37,-0.3
28.2874126881361,32.49,3.37,-0.3
28.290363896638155,32.49,3.37,-0.3
28.293340157717466,32.49,3.37,-0.3
28.296304497867823,32.49,3.37,-0.3
28.299230985343456,32.49,3.37,-0.3
28.302203252911568,32.49,3.37,-0.3
28.30368348583579,32.49,3.37,-0.3
28.305153623223305,32.49,3.37,-0.3
28.306642040610313,32.49,3.37,-0.3
28.30811181664467,32.49,3.37,-0.3
28.309580571949482,32.49,3.37,-0.3
28.311068084090948,32.49,3.37,-0.3
28.312570080161095,32.49,3.37,-0.3
28.314029574394226,32.49,3.37,-0.3
28.315505154430866,32.49,3.37,-0.3
28.3169800452888,32.49,3.37,-0.3
28.318468626588583,32.5,3.38,-0.3
28.319942627102137,32.49,3.37,-0.3
28.32143320515752,32.49,3.37,-0.3
28.322905331850052,32.49,3.37,-0.3
28.324375484138727,32.49,3.37,-0.3
28.325882360339165,32.49,3.37,-0.3
28.327354069799185,32.49,3.37,-0.3
28.328839745372534,32.49,3.37,-0.3
28.33029656484723,32.49,3.37,-0.3
28.331774532794952,32.49,3.37,-0.3
28.33472601696849,32.49,3.37,-0.3
28.33769904077053,32.49,3.37,-0.3
28.340658500790596,32.49,3.37,-0.3
28.34361233562231,32.49,3.37,-0.3
28.346573036164045,32.49,3.37,-0.3
28.349532790482044,32.49,3.37,-0.3
28.352500952780247,32.49,3.37,-0.3
28.35544577240944,32.49,3.37,-0.3
28.35839745029807,32.49,3.37,-0.3
28.3613633364439,32.49,3.37,-0.3
28.364316754043102,32.49,3.37,-0.3
28.36727899312973,32.49,3.37,-0.3
28.370252311229706,32.49,3.37,-0.3
28.373194068670273,32.49,3.38,-0.3
28.376144468784332,32.49,3.37,-0.3
28.379110746085644,32.49,3.37,-0.3
28.38206173852086,32.49,3.38,-0.3
28.383537013083696,32.49,3.38,-0.3
28.385021589696407,32.49,3.38,-0.3
28.38649619370699,32.49,3.37,-0.3
28.38797628879547,32.49,3.37,-0.3
28.389450818300247,32.49,3.38,-0.3
28.39095202088356,32.49,3.38,-0.3
28.39242408052087,32.49,3.37,-0.3
28.393901735544205,32.49,3.37,-0.3
28.39537174999714,32.49,3.37,-0.3
28.39684669673443,32.49,3.37,-0.3
28.398347567766905,32.49,3.38,-0.3
28.399816170334816,32.49,3.37,-0.3
28.401304062455893,32.49,3.37,-0.3
28.402759552001953,32.48,3.37,-0.3
28.40424770861864,32.49,3.37,-0.3
28.405723176896572,32.49,3.37,-0.3
28.407195068895817,32.49,3.37,-0.3
28.408680122345686,32.49,3.37,-0.3
28.41015950217843,32.49,3.37,-0.3
28.411628298461437,32.49,3.38,-0.3
28.413105688989162,32.49,3.37,-0.3
28.414594687521458,32.49,3.37,-0.3
28.416070651263,32.49,3.38,-0.3
28.417548395693302,32.49,3.38,-0.3
28.419035155326128,32.49,3.38,-0.3
28.420506697148085,32.49,3.37,-0.3
28.421986661851406,32.49,3.37,-0.3
28.4234718978405,32.49,3.37,-0.3
28.42494870722294,32.49,3.38,-0.3
28.426419515162706,32.49,3.37,-0.3
28.427895095199347,32.49,3.38,-0.3
28.42937607690692,32.48,3.38,-0.3
28.430863689631224,32.49,3.38,-0.3
28.433827970176935,32.49,3.38,-0.3
28.436804316937923,32.49,3.38,-0.3
28.43973981961608,32.49,3.38,-0.3
28.4426928460598,32.49,3.38,-0.3
28.44566897675395,32.49,3.37,-0.3
28.448636673390865,32.49,3.37,-0.3
28.451580211520195,32.49,3.38,-0.3
28.45453317463398,32.49,3.37,-0.3
28.45748684927821,32.49,3.38,-0.3
28.460448384284973,32.49,3.37,-0.3
28.463407319039106,32.49,3.37,-0.3
28.46488517150283,32.49,3.38,-0.29
28.466378401964903,32.5,3.38,-0.29
28.467836875468493,32.49,3.37,-0.3
28.46931855380535,32.48,3.37,-0.3
28.470801141113043,32.48,3.37,-0.3
28.472283147275448,32.49,3.38,-0.29
28.47375775873661,32.5,3.38,-0.29
28.4752375818789,32.49,3.37,-0.31
28.47672562673688,32.48,3.37,-0.3
28.47820146009326,32.49,3.38,-0.3
28.47969387099147,32.49,3.37,-0.3
28.481148190796375,32.49,3.37,-0.3
28.48262383043766,32.48,3.37,-0.3
28.48410214111209,32.49,3.37,-0.3
28.48558357730508,32.49,3.37,-0.3
28.487067323178053,32.49,3.37,-0.3
28.488555658608675,32.49,3.37,-0.3
28.490023508667946,32.49,3.37,-0.3
28.491510026156902,32.49,3.37,-0.3
28.49298457801342,32.49,3.37,-0.3
28.494464978575706,32.49,3.37,-0.3
28.495940875262022,32.49,3.37,-0.3
28.497417610138655,32.49,3.37,-0.3
28.49891009554267,32.49,3.37,-0.3
28.500375494360924,32.49,3.37,-0.3
28.501863665878773,32.49,3.37,-0.3
28.503340505063534,32.48,3.37,-0.3
28.504813458770514,32.49,3.37,-0.3
28.506300553679466,32.49,3.37,-0.3
28.507782142609358,32.49,3.37,-0.3
28.50925139710307,32.49,3.37,-0.3
28.510727532207966,32.49,3.37,-0.3
28.51221153140068,32.49,3.37,-0.3
28.513689145445824,32.49,3.38,-0.3
28.515163883566856,32.49,3.37,-0.3
28.51664223521948,32.49,3.38,-0.3
28.51812570914626,32.49,3.37,-0.3
28.519595723599195,32.49,3.37,-0.3
28.521084628999233,32.5,3.37,-0.29
28.5225632712245,32.5,3.37,-0.3
28.52403860166669,32.49,3.37,-0.3
28.525529380887747,32.48,3.37,-0.3
28.527015764266253,32.48,3.37,-0.3
28.528477657586336,32.49,3.37,-0.3
28.531442541629076,32.49,3.37,-0.3
28.53439174965024,32.49,3.37,-0.3
28.537346314638853,32.49,3.37,-0.3
28.54030356556177,32.49,3.37,-0.3
28.543266765773296,32.49,3.37,-0.3
28.54621859267354,32.49,3.37,-0.3
28.549171019345522,32.49,3.37,-0.3
28.552124589681625,32.49,3.37,-0.3
28.55511747300625,32.49,3.37,-0.3
28.558062620460987,32.49,3.37,-0.3
28.56102281063795,32.49,3.37,-0.3
28.56397444009781,32.49,3.37,-0.3
28.56692723929882,32.49,3.37,-0.3
28.569909404963255,32.49,3.37,-0.3
28.572860077023506,32.49,3.36,-0.3
28.575799483805895,32.49,3.36,-0.3
28.578756511211395,32.49,3.37,-0.3
28.581721633672714,32.49,3.37,-0.3
28.58467886224389,32.49,3.37,-0.3
28.587639402598143,32.49,3.36,-0.3
28.59059440717101,32.49,3.36,-0.3
28.593567185103893,32.5,3.36,-0.3
28.596504170447588,32.5,3.36,-0.3
28.599463660269976,32.49,3.37,-0.3
28.602428417652845,32.49,3.37,-0.3
28.605370055884123,32.48,3.36,-0.3
28.608339186757803,32.48,3.36,-0.3
28.61129980161786,32.48,3.37,-0.3
28.614258635789156,32.47,3.37,-0.3
28.617212373763323,32.47,3.37,-0.3
28.62016735598445,32.47,3.37,-0.3
28.623126219958067,32.47,3.37,-0.3
28.624607399106026,32.48,3.37,-0.3
28.626087803393602,32.47,3.37,-0.3
28.629049565643072,32.47,3.37,-0.3
28.631990022957325,32.46,3.37,-0.3
28.634967286139727,32.47,3.37,-0.29
28.63643079996109,32.47,3.37,-0.3
28.63790563866496,32.47,3.37,-0.3
28.639393482357264,32.46,3.37,-0.3
28.64087476953864,32.46,3.37,-0.3
28.64235147088766,32.45,3.37,-0.3
28.643837723881006,32.46,3.37,-0.3
28.64530673250556,32.46,3.37,-0.3
28.64678706228733,32.46,3.37,-0.3
28.64827286824584,32.46,3.37,-0.3
28.649750538170338,32.46,3.37,-0.3
28.65121814236045,32.46,3.37,-0.3
28.652708303183317,32.46,3.37,-0.3
28.654189974069595,32.46,3.37,-0.3
28.655655656009912,32.46,3.37,-0.3
28.65713333338499,32.46,3.37,-0.3
28.65861026197672,32.46,3.37,-0.3
28.660095188766718,32.45,3.37,-0.3
28.661578949540854,32.46,3.37,-0.3
28.66305399686098,32.46,3.37,-0.3
28.66453940793872,32.46,3.37,-0.3
28.666021272540092,32.46,3.37,-0.3
28.667495097965002,32.46,3.37,-0.3
28.668979428708553,32.46,3.37,-0.3
28.67045086622238,32.46,3.37,-0.3
28.671932980418205,32.46,3.37,-0.3
28.673416148871183,32.46,3.37,-0.29
28.674889989197254,32.46,3.37,-0.3
28.676368694752455,32.46,3.37,-0.3
28.67783721908927,32.46,3.37,-0.3
28.679325859993696,32.46,3.37,-0.3
28.68081770092249,32.46,3.37,-0.3
28.68229116871953,32.46,3.37,-0.28
28.683784160763025,32.47,3.37,-0.3
28.685243029147387,32.45,3.36,-0.31
28.686723988503218,32.44,3.37,-0.29
28.68820659071207,32.46,3.37,-0.3
28.68968741223216,32.46,3.37,-0.3
28.691152412444353,32.45,3.37,-0.3
28.692647848278284,32.45,3.37,-0.3
28.694117456674576,32.45,3.37,-0.31
28.695592775940895,32.44,3.37,-0.3
28.69707116112113,32.47,3.37,-0.29
28.69855483621359,32.46,3.37,-0.29
28.700038332492113,32.45,3.35,-0.3
28.70151661336422,32.47,3.34,-0.29
28.70298944041133,32.47,3.34,-0.3
28.70447275787592,32.46,3.33,-0.3
28.705953404307365,32.46,3.34,-0.29
28.707429610192776,32.47,3.34,-0.3
28.708905566483736,32.46,3.33,-0.3
28.710387226194143,32.46,3.34,-0.3
28.711862467229366,32.46,3.34,-0.3
28.713346119970083,32.46,3.34,-0.3
28.714820384979248,32.46,3.34,-0.3
28.71630125120282,32.46,3.34,-0.31
28.7177740521729,32.45,3.33,-0.29
28.719269026070833,32.46,3.34,-0.29
28.720741525292397,32.46,3.33,-0.3
28.722221065312624,32.46,3.33,-0.3
28.723700512200594,32.46,3.33,-0.3
28.725176438689232,32.46,3.33,-0.29
28.72813832387328,32.46,3.33,-0.3
28.73110017925501,32.46,3.33,-0.3
28.734068725258112,32.46,3.33,-0.3
28.736992232501507,32.46,3.33,-0.3
28.739956434816122,32.46,3.33,-0.3
28.74292090535164,32.46,3.33,-0.3
28.745889343321323,32.46,3.33,-0.3
28.748823039233685,32.47,3.33,-0.3
28.751776922494173,32.46,3.33,-0.3
28.754726964980364,32.46,3.33,-0.3
28.75772452354431,32.46,3.34,-0.3
28.760653030127287,32.46,3.34,-0.3
28.763622760772705,32.46,3.34,-0.3
28.766588859260082,32.45,3.34,-0.3
28.769537303596735,32.47,3.34,-0.3
28.772515196353197,32.45,3.33,-0.3
28.7754647731781,32.46,3.33,-0.3
28.77841693907976,32.46,3.33,-0.3
28.78138182684779,32.46,3.34,-0.31
28.78432109206915,32.46,3.34,-0.3
28.785807490348816,32.46,3.34,-0.3
28.787273954600096,32.46,3.34,-0.3
28.788755115121603,32.46,3.34,-0.3
28.790226321667433,32.46,3.34,-0.31
28.791716244071722,32.46,3.34,-0.29
28.793202590197325,32.47,3.35,-0.29
28.794679410755634,32.47,3.35,-0.3
28.796157896518707,32.46,3.35,-0.31
28.797630660235882,32.46,3.35,-0.3
28.79910671710968,32.46,3.35,-0.3
28.80058716982603,32.46,3.35,-0.3
28.8020607419312,32.46,3.35,-0.3
28.803546234965324,32.46,3.35,-0.3
28.805027913302183,32.47,3.36,-0.3
28.80650520324707,32.46,3.36,-0.3
28.807981710880995,32.46,3.35,-0.3
28.809464938938618,32.46,3.35,-0.3
28.81094442307949,32.46,3.35,-0.3
28.81242886185646,32.47,3.35,-0.3
28.81390029937029,32.47,3.36,-0.3
28.81537303328514,32.46,3.35,-0.3
28.81686206161976,32.47,3.35,-0.3
28.818346727639437,32.47,3.36,-0.3
28.819816526025534,32.46,3.35,-0.3
28.821307934820652,32.47,3.36,-0.3
28.82278935611248,32.46,3.36,-0.3
28.825735110789537,32.45,3.35,-0.3
28.82868878170848,32.46,3.35,-0.3
28.831655401736498,32.46,3.35,-0.3
28.834597337991,32.46,3.35,-0.3
28.837565924972296,32.46,3.35,-0.3
28.840524464845657,32.47,3.36,-0.3
28.843481369316578,32.47,3.36,-0.3
28.846439711749554,32.46,3.36,-0.3
28.849393226206303,32.46,3.36,-0.3
28.85234845429659,32.47,3.36,-0.3
28.855321139097214,32.47,3.36,-0.3
28.85826849192381,32.46,3.36,-0.3
28.861219607293606,32.46,3.36,-0.3
28.86418155953288,32.47,3.36,-0.3
28.867136549204588,32.46,3.36,-0.3
28.870090283453465,32.46,3.36,-0.3
28.87305101007223,32.46,3.36,-0.3
28.87601562589407,32.47,3.36,-0.29
28.878972329199314,32.47,3.37,-0.31
28.881922230124474,32.45,3.37,-0.31
28.88487944379449,32.47,3.38,-0.3
28.886366046965122,32.47,3.38,-0.3
28.887840520590544,32.47,3.38,-0.3
28.889321070164442,32.47,3.38,-0.3
28.8907998688519,32.47,3.38,-0.3
28.892282612621784,32.46,3.38,-0.3
28.89375814422965,32.46,3.38,-0.3
28.895230270922184,32.47,3.38,-0.3
28.89672452956438,32.47,3.38,-0.3
28.89820095151663,32.47,3.38,-0.3
28.899662613868713,32.47,3.38,-0.3
28.901155579835176,32.47,3.38,-0.3
28.902627397328615,32.47,3.38,-0.3
28.90410728380084,32.47,3.38,-0.3
28.905576065182686,32.47,3.38,-0.3
28.907065745443106,32.47,3.38,-0.3
28.908547922968864,32.47,3.38,-0.3
28.910018008202314,32.47,3.38,-0.3
28.911496978253126,32.47,3.38,-0.3
28.91297186166048,32.48,3.38,-0.3
28.91446289047599,32.48,3.38,-0.3
28.915937028825283,32.47,3.38,-0.3
28.917425580322742,32.47,3.38,-0.3
28.918905787169933,32.47,3.38,-0.3
28.920379910618067,32.47,3.38,-0.3
28.921849198639393,32.47,3.38,-0.3
28.924809515476227,32.48,3.38,-0.3
28.92777195200324,32.47,3.38,-0.3
28.930725425481796,32.46,3.38,-0.3
28.93368485569954,32.47,3.38,-0.3
28.936636716127396,32.48,3.38,-0.3
28.93960938230157,32.48,3.38,-0.3
28.942561853677034,32.47,3.38,-0.3
28.9455174356699,32.47,3.38,-0.3
28.946998108178377,32.47,3.38,-0.3
28.948470667004585,32.47,3.38,-0.3
28.949961453676224,32.48,3.38,-0.3
28.951430037617683,32.47,3.38,-0.3
28.95290643721819,32.48,3.38,-0.3
28.95438291877508,32.48,3.38,-0.3
28.955868404358625,32.47,3.38,-0.3
28.95735413953662,32.48,3.38,-0.3
28.95883461460471,32.48,3.38,-0.29
28.96030155569315,32.48,3.38,-0.3
28.961787302047014,32.47,3.38,-0.3
28.963260907679796,32.46,3.38,-0.3
28.96474989876151,32.46,3.38,-0.3
28.96622408181429,32.47,3.38,-0.29
28.967704765498638,32.47,3.38,-0.3
28.96917586773634,32.47,3.38,-0.3
28.9706660695374,32.48,3.38,-0.3
28.97214098647237,32.47,3.38,-0.3
28.973616614937782,32.48,3.38,-0.29
28.975095223635435,32.48,3.38,-0.29
28.97657687589526,32.47,3.38,-0.3
28.978052970021963,32.46,3.38,-0.3
28.979526612907648,32.47,3.38,-0.3
28.981007751077414,32.47,3.38,-0.3
28.982480492442846,32.48,3.38,-0.3
28.983974184840918,32.48,3.38,-0.3
28.98545638844371,32.48,3.38,-0.3
28.9869227334857,32.47,3.38,-0.3
28.988404240459204,32.47,3.38,-0.3
28.98988351970911,32.47,3.38,-0.3
28.991373114287853,32.48,3.38,-0.3
28.99284368008375,32.47,3.38,-0.3
28.994316451251507,32.47,3.38,-0.3
28.995798006653786,32.47,3.38,-0.3
28.997268103063107,32.47,3.38,-0.3
28.998757917433977,32.47,3.38,-0.3
29.00023301318288,32.47,3.38,-0.3
29.00171572715044,32.47,3.38,-0.29
29.003197625279427,32.48,3.38,-0.3
29.00465964898467,32.46,3.38,-0.3
29.006144039332867,32.46,3.38,-0.3
29.007644712924957,32.46,3.38,-0.3
29.00911071524024,32.46,3.38,-0.3
29.010587498545647,32.46,3.38,-0.3
29.012076385319233,32.46,3.38,-0.3
29.013542093336582,32.46,3.38,-0.3
29.015030939131975,32.46,3.38,-0.3
29.016505178064108,32.46,3.38,-0.3
29.017992060631514,32.46,3.38,-0.3
29.01946520060301,32.46,3.38,-0.3
29.020943768322468,32.46,-299.35,-0.3
29.02390445023775,32.46,3.38,-0.3
29.02685620263219,32.46,3.38,-0.3
29.029826261103153,32.46,3.38,-0.3
29.03277988359332,32.47,3.38,-0.3
29.03573916107416,32.46,3.38,-0.3
29.038683831691742,32.46,3.38,-0.3
29.04164695367217,32.47,3.38,-0.3
29.04460646957159,32.47,3.38,-0.3
29.047562420368195,32.46,3.38,-0.3
29.050517585128546,32.46,3.38,-0.3
29.05348388850689,32.46,3.38,-0.3
29.056437380611897,32.47,3.38,-0.3
29.05939106270671,32.47,3.38,-0.3
29.062346562743187,32.46,3.38,-0.3
29.06530999019742,32.46,3.38,-0.3
29.068260442465544,32.47,3.38,-0.3
29.071220733225346,32.46,3.38,-0.3
29.074189029634,32.47,3.38,-0.3
29.07713909447193,32.46,3.38,-0.3
29.080105286091566,32.47,3.38,-0.3
29.083063930273056,32.47,3.38,-0.3
29.08600978180766,32.47,3.38,-0.3
29.088977303355932,32.47,3.38,-0.3
29.09192891791463,32.46,3.38,-0.3
29.094885479658842,32.47,3.38,-0.3
29.097854666411877,32.46,3.38,-0.3
29.10080237314105,32.47,3.38,-0.3
29.10376175493002,32.47,3.38,-0.3
29.106718387454748,32.46,3.38,-0.3
29.108208976686,32.46,3.38,-0.3
29.109685119241476,32.46,3.38,-0.3
29.11116125434637,32.46,3.38,-0.3
29.112632676959038,32.46,3.38,-0.3
29.114127285778522,32.46,3.38,-0.3
29.1155909858644,32.46,3.38,-0.3
29.117085602134466,32.47,3.38,-0.3
29.11854761838913,32.46,3.38,-0.3
29.121507097035646,32.46,3.38,-0.3
29.124472700059414,32.47,3.38,-0.3
29.127423271536827,32.47,3.38,-0.3
29.130376253277063,32.47,3.39,-0.3
29.13333759456873,32.46,3.39,-0.3
29.136303540319204,32.47,3.38,-0.31
29.139266666024923,32.47,3.38,-0.3
29.14221292361617,32.47,3.39,-0.3
29.14369222149253,32.46,3.39,-0.3
29.14517378807068,32.47,3.39,-0.3
29.14666010811925,32.47,3.39,-0.3
29.148124493658543,32.46,3.39,-0.3
29.149610966444016,32.47,3.39,-0.3
29.15108611434698,32.47,3.39,-0.3
29.152565218508244,32.47,3.39,-0.3
29.154046650975943,32.47,3.39,-0.3
29.155532978475094,32.47,3.39,-0.3
29.15700652450323,32.47,3.39,-0.3
29.15848957002163,32.47,3.39,-0.3
29.159987028688192,32.47,3.39,-0.3
29.161446299403906,32.47,3.39,-0.3
29.162918016314507,32.47,3.39,-0.3
29.16440585255623,32.46,3.39,-0.3
29.1658886782825,32.46,3.39,-0.3
29.167353555560112,32.46,3.39,-0.3
29.168847359716892,32.46,3.39,-0.3
29.170314013957977,32.47,3.39,-0.3
29.17180011048913,32.47,3.39,-0.3
29.173273153603077,32.46,3.39,-0.3
29.174759350717068,32.47,3.39,-0.3
29.176226254552603,32.47,3.39,-0.3
29.17771690711379,32.47,3.39,-0.3
29.179185457527637,32.47,3.39,-0.3
29.180680334568024,32.47,3.39,-0.3
29.182153053581715,32.47,3.39,-0.3
29.183625176548958,32.47,3.39,-0.3
29.185106612741947,32.47,3.39,-0.3
29.186574790626764,32.47,3.39,-0.3
29.18806492909789,32.46,3.39,-0.3
29.18954187259078,32.46,3.39,-0.3
29.191019095480442,32.47,3.39,-0.3
29.192489497363567,32.47,3.4,-0.3
29.193987529724836,32.47,3.39,-0.3
29.195462375879288,32.47,3.39,-0.3
29.196947302669287,32.46,3.39,-0.3
29.198416091501713,32.47,3.39,-0.3
29.19989463686943,32.47,3.39,-0.3
29.20136707276106,32.46,3.39,-0.3
29.202845484018326,32.47,3.39,-0.3
29.20433409512043,32.47,3.39,-0.3
29.20580819621682,32.47,3.39,-0.3
29.207310814410448,32.47,3.39,-0.3
29.208769470453262,32.47,3.39,-0.3
29.21023978292942,32.47,3.4,-0.3
29.211733892560005,32.47,3.39,-0.3
29.213204063475132,32.47,3.39,-0.3
29.21468474715948,32.47,3.39,-0.3
29.216170217841864,32.47,3.39,-0.3
29.217635832726955,32.47,3.39,-0.3
29.220596466213465,32.47,3.39,-0.3
29.22355942800641,32.48,3.39,-0.31
29.22652044147253,32.46,3.39,-0.3
29.229477129876614,32.46,3.39,-0.3
29.232436396181583,32.48,3.39,-0.3
29.235392071306705,32.48,3.39,-0.3
29.238356914371252,32.48,3.39,-0.3
29.241303518414497,32.48,3.39,-0.3
29.244259249418974,32.47,3.39,-0.3
29.24722819775343,32.47,3.39,-0.3
29.25017388164997,32.47,3.39,-0.3
29.253145277500153,32.47,3.39,-0.3
29.256092429161072,32.47,3.4,-0.3
29.2590506747365,32.48,3.4,-0.3
29.262011624872684,32.47,3.39,-0.3
29.264962501823902,32.47,3.4,-0.3
29.266447078436613,32.46,3.4,-0.3
29.267927538603544,32.47,3.4,-0.3
29.26940907165408,32.48,3.4,-0.3
29.27088362723589,32.48,3.39,-0.3
29.272371135652065,32.47,3.4,-0.3
29.273827701807022,32.48,3.4,-0.3
29.275320656597614,32.48,3.39,-0.3
29.276792030781507,32.47,3.4,-0.3
29.278284288942814,32.48,3.4,-0.3
29.279760770499706,32.48,3.4,-0.3
29.281227573752403,32.47,3.4,-0.3
29.282707903534174,32.47,3.4,-0.3
29.2841929346323,32.47,3.4,-0.3
29.28568010032177,32.47,3.4,-0.3
29.28714869171381,32.48,3.4,-0.3
29.28862115740776,32.47,3.4,-0.3
29.290113534778357,32.47,3.4,-0.3
29.29158141836524,32.47,3.4,-0.3
29.293064326047897,32.48,3.4,-0.3
29.29454455524683,32.48,3.4,-0.3
29.29602264985442,32.47,3.4,-0.3
29.297504227608442,32.47,3.4,-0.3
29.298980057239532,32.47,3.4,-0.3
29.30046822875738,32.47,3.4,-0.3
29.301937341690063,32.48,3.4,-0.3
29.303425285965204,32.47,3.4,-0.3
29.30489445850253,32.47,3.4,-0.3
29.306385215371847,32.48,3.4,-0.3
29.30785884335637,32.48,3.4,-0.3
29.309343226253986,32.47,3.4,-0.3
29.310818873345852,32.47,3.4,-0.3
29.312298603355885,32.47,3.4,-0.3
29.31377788633108,32.48,3.4,-0.3
29.315244253724813,32.47,3.4,-0.3
29.318202309310436,32.48,3.4,-0.3
29.32117259502411,32.47,3.4,-0.3
29.324121043086052,32.47,3.4,-0.3
29.32708467170596,32.47,3.4,-0.3
29.330040205270052,32.47,3.4,-0.3
29.33299422264099,32.47,3.4,-0.3
29.33596257865429,32.47,3.4,-0.3
29.338909965008497,32.47,3.4,-0.3
29.3418586589396,32.47,3.4,-0.3
29.344833251088858,32.47,3.4,-0.3
29.34778581559658,32.47,3.4,-0.3
29.350752130150795,32.47,3.4,-0.3
29.353700265288353,32.48,3.4,-0.3
29.35665985941887,32.47,3.39,-0.3
29.359618432819843,32.47,3.4,-0.3
29.362576939165592,32.47,3.39,-0.3
29.365550488233566,32.46,3.39,-0.3
29.36850193887949,32.47,3.39,-0.3
29.371448017656803,32.47,3.39,-0.31
29.374414905905724,32.46,3.39,-0.3
29.377373080700636,32.47,3.39,-0.3
29.380333092063665,32.47,3.39,-0.31
29.383298255503178,32.47,3.39,-0.3
29.386332843452692,32.48,3.39,-0.3
29.389195904135704,32.48,3.39,-0.3
29.392151720821857,32.47,3.39,-0.3
29.39511188492179,32.48,3.39,-0.3
29.39659831672907,-83.0,3.39,-0.3
29.398070998489857,32.48,3.39,-0.3
29.399558641016483,32.48,3.39,-0.3
29.401035115122795,32.48,3.4,-0.3
29.402513414621353,32.48,3.39,-0.3
29.403978258371353,32.48,3.39,-0.3
29.405474089086056,32.48,3.39,-0.3
29.40694711357355,32.48,3.39,-0.3
29.40843152999878,32.48,3.39,-0.3
29.409907687455416,32.48,3.39,-0.3
29.41138394549489,32.47,3.39,-0.3
29.412862833589315,32.48,3.39,-0.3
29.4143443480134,32.48,3.39,-0.3
29.417298272252083,32.48,3.39,-0.3
29.42025574669242,32.48,3.39,-0.3
29.423223212361336,32.48,3.39,-0.3
29.426167588680983,32.48,3.39,-0.3
29.427656672894955,32.48,3.39,-0.3
29.429133769124746,32.48,3.39,-0.3
29.43061700090766,32.48,3.39,-0.3
29.432090394198895,32.48,3.39,-0.3
29.433575432747602,32.49,3.39,-0.3
29.435030423104763,32.48,3.39,-0.3
29.436522960662842,32.48,3.39,-0.3
29.43800614029169,32.48,3.39,-0.3
29.43948819860816,32.48,3.39,-0.3
29.44097411632538,32.47,3.39,-0.3
29.442445512861013,32.47,3.38,-0.3
29.443912468850613,32.47,3.38,-0.3
29.445399656891823,32.47,3.38,-0.3
29.446880754083395,32.47,3.38,-0.3
29.448367528617382,32.47,3.38,-0.3
29.449834801256657,32.47,3.38,-0.3
29.45132342353463,32.47,3.38,-0.3
29.452787075191736,32.48,3.38,-0.3
29.454280890524387,32.48,3.38,-0.3
29.455749474465847,32.47,3.38,-0.3
29.45722744986415,32.48,3.38,-0.3
29.458711072802544,32.47,3.38,-0.3
29.460182297974825,32.48,3.38,-0.3
29.461672469973564,32.48,3.38,-0.3
29.463153760880232,32.48,3.38,-0.3
29.46461945027113,32.48,3.38,-0.3
29.46610889583826,32.48,3.38,-0.3
29.467583999037743,32.48,3.38,-0.3
29.469053737819195,32.48,3.38,-0.3
29.470540300011635,32.48,3.38,-0.3
29.472023405134678,32.48,3.38,-0.3
29.473500344902277,32.47,3.38,-0.3
29.474963068962097,32.47,3.38,-0.3
29.476455118507147,32.47,3.38,-0.3
29.477936178445816,32.47,3.38,-0.3
29.47941641137004,32.48,3.38,-0.3
29.480885546654463,32.48,3.38,-0.3
29.48237392678857,32.48,3.38,-0.3
29.483847856521606,32.47,3.38,-0.3
29.485330786556005,32.48,3.38,-0.3
29.486810851842165,32.47,3.38,-0.3
29.48828973993659,32.47,3.38,-0.3
29.489754039794207,32.48,3.38,-0.3
29.49123641103506,32.48,3.38,-0.3
29.49272273108363,32.48,3.38,-0.3
29.49419692158699,32.48,3.38,-0.3
29.49568410217762,32.48,3.38,-0.3
29.497159104794264,32.48,3.38,-0.3
29.498647831380367,32.48,3.38,-0.3
29.50012283399701,32.47,3.38,-0.3
29.50160026550293,32.47,3.38,-0.3
29.503072760999203,32.48,3.38,-0.3
29.5045625269413,32.48,3.38,-0.3
29.50604010373354,32.47,3.38,-0.3
29.5075061917305,32.47,3.38,-0.3
29.508994478732347,32.47,3.38,-0.3
29.51047207042575,32.47,3.38,-0.3
29.51195777580142,32.47,3.38,-0.3
29.514915581792593,32.47,3.38,-0.3
29.517867278307676,32.48,3.38,-0.3
29.52082221955061,32.47,3.38,-0.3
29.523783661425114,32.48,3.38,-0.3
29.526737846434116,32.46,3.38,-0.3
29.529705081135035,32.46,3.37,-0.3
29.53265058249235,32.46,3.37,-0.31
29.53560906648636,32.46,3.37,-0.3
29.538573674857616,32.48,3.37,-0.3
29.541525945067406,32.48,3.37,-0.3
29.54449164867401,32.48,3.37,-0.3
29.547451682388783,32.47,3.37,-0.3
29.55040769651532,32.47,3.37,-0.3
29.553361620754004,32.46,3.38,-0.3
29.556326180696487,32.46,3.37,-0.3
29.559278693050146,32.47,3.38,-0.3
29.56223026290536,32.47,3.38,-0.3
29.565199818462133,32.48,3.38,-0.3
29.568148013204336,32.47,3.38,-0.3
29.571109380573034,32.48,3.38,-0.3
29.574067261070013,32.48,3.38,-0.3
29.57703110948205,32.48,3.38,-0.3
29.57998711615801,32.48,3.38,-0.3
29.582954980432987,32.47,3.38,-0.3
29.585893124341965,32.47,3.38,-0.3
29.587379917502403,32.47,3.38,-0.3
29.5888563208282,32.47,3.38,-0.3
29.59033503755927,32.48,3.38,-0.3
29.591815434396267,32.47,3.38,-0.3
29.593292135745287,32.47,3.38,-0.3
29.594781193882227,32.47,3.38,-0.3
29.596246991306543,32.47,3.38,-0.3
29.59772554412484,32.47,3.38,-0.3
29.599216260015965,32.48,3.38,-0.3
29.600678347051144,32.47,3.38,-0.3
29.602164518088102,32.48,3.38,-0.3
29.603639397770166,32.47,3.38,-0.3
29.605116970837116,32.47,3.38,-0.3
29.606653470546007,32.48,3.38,-0.3
29.6080798022449,32.48,3.38,-0.3
29.609563138335943,32.48,3.38,-0.3
29.61103595048189,32.47,3.38,-0.3
29.613999910652637,32.47,3.38,-0.3
29.616956021636724,32.47,3.38,-0.3
29.619911309331656,32.47,3.38,-0.3
29.622862827032804,32.47,3.37,-0.31
29.625835709273815,32.48,3.38,-0.3
29.628782480955124,32.47,3.37,-0.3
29.631747521460056,32.48,3.37,-0.3
29.634706426411867,32.48,3.37,-0.3
29.637661553919315,32.47,3.37,-0.3
29.64061911404133,32.48,3.37,-0.3
29.643568079918623,32.48,3.37,-0.3
29.64652981609106,32.48,3.37,-0.3
29.649505607783794,32.48,3.36,-0.3
29.65244584530592,32.49,3.36,-0.3
29.653923377394676,32.48,3.36,-0.3
29.65541308745742,32.48,3.37,-0.3
29.65688294172287,32.48,3.37,-0.3
29.658356945961714,32.48,3.37,-0.3
29.659838650375605,32.48,3.36,-0.3
29.66131431609392,32.47,3.37,-0.3
29.662796951830387,32.48,3.37,-0.3
29.66428107023239,32.47,3.37,-0.3
29.665752183645964,32.47,3.37,-0.31
29.66723281890154,32.47,3.36,-0.3
29.668725572526455,32.47,3.36,-0.3
29.670194063335657,32.47,3.36,-0.3
29.671691689640284,32.47,3.36,-0.3
29.673151791095734,32.48,3.37,-0.3
29.674632225185633,32.48,3.37,-0.3
29.67611063271761,32.47,3.37,-0.3
29.677594900131226,32.47,3.37,-0.3
29.67907014489174,32.47,3.37,-0.3
29.68055272847414,32.47,3.37,-0.3
29.68203144147992,32.47,3.37,-0.3
29.683503948152065,32.47,3.37,-0.3
29.684991162270308,32.47,3.37,-0.3
29.686462499201298,32.47,3.37,-0.3
29.68795094266534,32.47,3.37,-0.3
29.689433604478836,32.47,3.37,-0.3
29.690898705273867,32.47,3.37,-0.3
29.692381791770458,32.46,3.37,-0.3
29.693860959261656,32.47,3.37,-0.3
29.695333875715733,32.47,3.37,-0.3
29.696828324347734,32.46,3.37,-0.3
29.698292296379805,32.46,3.37,-0.3
29.699788469821215,32.47,3.37,-0.3
29.70124688744545,32.47,3.37,-0.3
29.70273146405816,32.47,3.37,-0.3
29.704212300479412,32.47,3.37,-0.3
29.705690778791904,32.47,3.37,-0.3
29.707172088325024,32.47,3.37,-0.3
29.708658505231142,32.47,3.37,-0.3
29.71013157442212,32.47,3.37,-0.3
29.713089805096388,32.47,3.37,-0.3
29.716051414608955,32.47,3.37,-0.3
29.71899937838316,32.47,3.37,-0.3
29.721959102898836,32.46,3.37,-0.3
29.724928710609674,32.47,3.37,-0.3
29.727875526994467,32.47,3.37,-0.3
29.73083082959056,32.48,3.37,-0.3
29.733782894909382,32.46,3.37,-0.3
29.736759182065725,32.46,3.37,-0.3
29.73971277475357,32.47,3.37,-0.3
29.742669761180878,32.48,3.37,-0.3
29.745633337646723,32.48,3.37,-0.3
29.747107204049826,32.47,3.37,-0.3
29.748589046299458,32.47,3.37,-0.3
29.750064440071583,32.47,3.37,-0.3
29.75154433771968,32.47,3.37,-0.3
29.75302369520068,32.47,3.37,-0.3
29.754492659121752,32.47,3.37,-0.3
29.755983270704746,32.47,3.37,-0.3
29.757460612803698,32.46,3.36,-0.3
29.758933518081903,32.46,3.36,-0.3
29.760507736355066,32.46,3.36,-0.3
29.76189661771059,32.47,3.36,-0.3
29.763429075479507,32.48,3.37,-0.3
29.764855235815048,32.48,3.36,-0.3
29.766331288963556,32.48,3.37,-0.3
29.76781414821744,32.48,3.37,-0.3
29.76928310841322,32.47,3.36,-0.3
29.770767886191607,32.48,3.37,-0.3
29.772237181663513,32.47,3.36,-0.3
29.773716617375612,32.47,3.36,-0.3
29.775210585445166,32.47,3.37,-0.3
29.776683136820793,32.47,3.37,-0.3
29.778171699494123,32.47,3.36,-0.3
29.779644545167685,32.47,3.36,-0.3
29.781121216714382,32.48,3.36,-0.3
29.782595608383417,32.48,3.36,-0.3
29.78407295420766,32.48,3.36,-0.3
29.78555293008685,32.47,3.36,-0.31
29.787029411643744,32.47,3.36,-0.3
29.788525458425283,32.48,3.37,-0.3
29.79000099375844,32.48,3.37,-0.3
29.791469488292933,32.48,3.36,-0.3
29.79295566305518,32.47,3.36,-0.3
29.794427026063204,32.46,3.36,-0.3
29.795908339321613,32.47,3.36,-0.3
29.797395680099726,32.46,3.36,-0.3
29.798870880156755,32.47,3.36,-0.3
29.800345178693533,32.46,3.36,-0.3
29.801830884069204,32.47,3.36,-0.3
29.803299002349377,32.47,3.36,-0.3
29.804788548499346,32.47,3.36,-0.3
29.806252136826515,32.47,3.36,-0.3
29.807744655758142,32.46,3.36,-0.3
29.810701567679644,32.46,3.37,-0.3
29.813653387129307,32.46,3.36,-0.3
29.816617712378502,32.47,3.37,-0.3
29.819580744951963,32.47,3.36,-0.3
29.822538290172815,32.47,3.36,-0.3
29.825494822114706,32.48,3.36,-0.3
29.828445177525282,32.47,3.36,-0.3
29.831410959362984,32.47,3.37,-0.3
29.834362640976906,32.46,3.37,-0.3
29.83732633292675,32.46,3.37,-0.3
29.840282753109932,32.46,3.37,-0.3
29.84324036166072,32.46,3.37,-0.3
29.84620427340269,32.47,3.36,-0.3
29.849164474755526,32.48,3.36,-0.3
29.852102376520634,32.48,3.37,-0.3
29.85506857931614,32.47,3.37,-0.3
29.858030132949352,32.48,3.37,-0.3
29.860994245857,32.48,3.37,-0.3
29.863944716751575,32.48,3.37,-0.3
29.866899501532316,32.49,3.37,-0.3
29.86985956132412,32.49,3.36,-0.31
29.872807938605547,32.48,3.37,-0.3
29.87577223032713,32.48,3.36,-0.31
29.878729335963726,32.48,3.37,-0.3
29.881711535155773,32.48,3.36,-0.3
29.88465314358473,32.48,3.37,-0.3
29.887599270790815,32.48,3.37,-0.3
29.890566863119602,32.48,3.36,-0.3
29.893516954034567,32.49,3.36,-0.3
29.89647528529167,32.48,3.37,-0.3
29.89944538846612,32.48,3.36,-0.31
29.902391865849495,32.47,3.36,-0.3
29.905353412032127,32.47,3.36,-0.3
29.90831208229065,32.48,3.36,-0.3
29.9097936488688,32.47,3.36,-0.3
29.91126462444663,32.48,3.36,-0.3
29.91275404766202,32.48,3.36,-0.3
29.91422137618065,32.48,3.36,-0.3
29.91569885611534,32.48,3.36,-0.3
29.917174763977528,32.48,3.36,-0.3
29.918662294745445,32.48,3.36,-0.3
29.920136529952288,32.48,3.36,-0.3
29.921615559607744,32.48,3.36,-0.3
29.923100896179676,32.48,3.36,-0.3
29.924579918384552,32.48,3.36,-0.3
29.9260566085577,32.48,3.36,-0.3
29.927538067102432,32.47,3.36,-0.3
29.92901149019599,32.47,3.36,-0.3
29.930491019040346,32.48,3.36,-0.3
29.93197349831462,32.48,3.36,-0.3
29.933448541909456,32.47,3.36,-0.3
29.934955179691315,32.47,3.36,-0.3
29.936412055045366,32.47,3.36,-0.3
29.93788803741336,32.47,3.36,-0.3
29.939366340637207,32.47,3.36,-0.3
29.940853983163834,32.47,3.36,-0.3
29.942329347133636,32.47,3.36,-0.3
29.943799674510956,32.47,3.36,-0.3
29.945294100791216,32.48,3.36,-0.3
29.946769572794437,32.47,3.36,-0.31
29.94824168458581,32.47,3.36,-0.3
29.949723813682795,32.48,3.36,-0.3
29.95120733231306,32.48,3.36,-0.3
29.95267239958048,32.47,3.36,-0.3
29.954149067401886,32.47,3.36,-0.3
29.955640118569136,32.48,3.36,-0.3
29.95711623877287,32.48,3.36,-0.3
29.958599410951138,32.48,3.36,-0.31
29.960078567266464,32.47,3.36,-0.3
29.961553130298853,32.48,3.36,-0.3
29.963041741400957,32.48,3.36,-0.3
29.964521273970604,32.47,3.36,-0.3
29.966002643108368,32.47,3.36,-0.3
29.967477332800627,32.48,3.36,-0.3
29.96895081922412,32.47,3.36,-0.3
29.970428604632616,32.48,3.36,-0.3
29.971903070807457,32.48,3.36,-0.3
29.973393198102713,32.48,3.36,-0.31
29.97486724331975,32.47,3.36,-0.3
29.9763464294374,32.47,3.36,-0.3
29.977827589958906,32.48,3.36,-0.3
29.97929635643959,32.47,3.36,-0.3
29.980783231556416,32.47,3.35,-0.3
29.982253309339285,32.47,3.35,-0.3
29.98374469578266,32.48,3.36,-0.3
29.985224850475788,32.48,3.36,-0.3
29.986697293817997,32.48,3.35,-0.3
29.988174356520176,32.48,3.35,-0.3
29.989649694412947,32.47,3.36,-0.3
29.991138756275177,32.48,3.35,-0.3
29.992613296955824,32.48,3.35,-0.3
29.994089543819427,32.47,3.35,-0.3
29.9955742508173,32.48,3.36,-0.3
29.997045915573835,32.48,3.35,-0.3
29.998527951538563,32.48,3.36,-0.3
30.000008188188076,32.48,3.36,-0.3
30.001489769667387,32.48,3.35,-0.3
30.0029571428895,32.47,3.35,-0.3
30.0044461004436,32.47,3.35,-0.31
30.00591631233692,32.47,3.35,-0.3
30.008878517895937,32.48,3.35,-0.3
30.011834789067507,32.47,3.35,-0.3
30.014792639762163,32.47,3.35,-0.3
30.017758041620255,32.48,3.35,-0.3
30.02070964872837,32.47,3.35,-0.3
30.023676864802837,32.47,3.35,-0.3
30.026635069400072,32.48,3.35,-0.3
30.029590092599392,32.48,3.35,-0.3
30.032539453357458,32.48,3.35,-0.3
30.035500578582287,32.47,3.35,-0.3
30.038458850234747,32.47,3.35,-0.3
30.041423112154007,32.47,3.35,-0.3
30.04437293112278,32.47,3.35,-0.3
30.04733208566904,32.48,3.35,-0.3
30.05028858780861,32.47,3.35,-0.3
30.05325824767351,32.48,3.35,-0.3
30.0562101341784,32.48,3.35,-0.3
30.059172362089157,32.47,3.35,-0.3
30.062129136174917,32.47,3.35,-0.3
30.06507048010826,32.48,3.35,-0.3
30.06804269552231,32.47,3.35,-0.3
30.069520507007837,32.49,3.35,-0.3
30.07100886851549,32.46,3.35,-0.3
30.07247418910265,32.47,3.35,-0.3
30.07395365461707,32.47,3.35,-0.3
30.075430035591125,32.47,3.35,-0.3
30.076918940991163,32.48,3.35,-0.3
30.078400269150734,32.47,3.35,-0.3
30.079870976507664,32.47,3.35,-0.3
30.08135326579213,32.48,3.35,-0.3
30.0828266851604,32.48,3.35,-0.3
30.08430029079318,32.47,3.35,-0.3
30.085779171437025,32.47,3.35,-0.3
30.087265349924564,32.47,3.35,-0.3
30.088741317391396,32.47,3.35,-0.3
30.090229783207178,32.47,3.35,-0.3
30.091707296669483,32.48,3.35,-0.3
30.093182858079672,32.48,3.35,-0.3
30.09466962888837,32.47,3.35,-0.3
30.096137311309576,32.47,3.35,-0.3
30.0976181589067,32.48,3.35,-0.3
30.099099680781364,32.47,3.35,-0.3
30.100572526454926,32.47,3.34,-0.3
30.10205127671361,32.47,3.35,-0.3
30.103540800511837,32.47,3.35,-0.3
30.106491643935442,32.48,3.35,-0.3
30.109449356794357,32.46,3.35,-0.29
30.112402837723494,32.48,3.34,-0.31
30.115368224680424,32.47,3.34,-0.31
30.11832606419921,32.48,3.34,-0.3
30.121283780783415,32.48,3.34,-0.3
30.124236773699522,32.47,3.34,-0.3
30.127208083868027,32.48,3.34,-0.3
30.13016077503562,32.48,3.34,-0.3
30.133115477859974,32.48,3.34,-0.3
30.136072505265474,32.48,3.34,-0.3
30.139032315462828,32.48,3.34,-0.3
30.14199733734131,32.47,3.34,-0.3
30.14495177567005,32.47,3.34,-0.3
30.147912960499525,32.48,3.34,-0.3
30.150860223919153,32.48,3.34,-0.3
30.153833650052547,32.48,3.34,-0.3
30.156780891120434,32.48,3.34,-0.3
30.159740339964628,32.48,3.34,-0.3
30.16268490254879,32.47,3.34,-0.3
30.165647380053997,32.48,3.34,-0.3
30.167123932391405,32.48,3.34,-0.3
30.168612740933895,32.48,3.34,-0.3
30.1700950153172,32.48,3.34,-0.3
30.171575024724007,32.48,3.34,-0.3
30.173041857779026,32.48,3.34,-0.3
30.174534413963556,32.48,3.34,-0.3
30.176009986549616,32.48,3.34,-0.3
30.177496060729027,32.48,3.34,-0.3
30.17896654829383,32.48,3.34,-0.3
30.180447217077017,32.48,3.34,-0.3
30.18191896378994,32.47,3.34,-0.3
30.18339701741934,32.48,3.34,-0.3
30.18487562984228,32.47,3.34,-0.3
30.18635967001319,32.48,3.34,-0.3
30.187838476151228,32.47,3.34,-0.3
30.1893068253994,32.49,3.34,-0.3
30.190795358270407,32.48,3.34,-0.3
30.19227196648717,32.48,3.34,-0.3
30.193749476224184,32.48,3.34,-0.3
30.19522364065051,32.48,3.34,-0.3
30.196707095950842,32.48,3.34,-0.3
30.198183368891478,32.48,3.34,-0.3
30.199675112962723,32.48,3.34,-0.3
30.20114690810442,32.48,3.34,-0.3
30.20262997969985,32.48,3.34,-0.3
30.20410682633519,32.48,3.34,-0.3
30.207061786204576,32.48,3.34,-0.3
30.210026990622282,32.48,3.34,-0.3
30.21297959983349,32.48,3.34,-0.3
30.215928610414267,32.48,3.34,-0.3
30.218900591135025,32.48,3.34,-0.3
30.221857603639364,32.48,3.34,-0.3
30.224812254309654,32.48,3.34,-0.3
30.2277789413929,32.48,3.34,-0.3
30.229248162359,32.48,3.34,-0.3
30.230728287249804,32.48,3.34,-0.3
30.23220130428672,32.48,3.34,-0.3
30.23367729038,32.47,3.34,-0.3
30.235169481486082,32.47,3.34,-0.3
30.236649196594954,32.48,3.34,-0.3
30.238123565912247,32.48,3.34,-0.3
30.239606879651546,32.48,3.34,-0.3
30.241082813590765,32.48,3.34,-0.3
30.24255806207657,32.48,3.34,-0.3
30.244045481085777,32.48,3.34,-0.3
30.245512932538986,32.48,3.34,-0.3
30.24699440598488,32.47,3.34,-0.3
30.24848286435008,32.48,3.34,-0.3
30.24995658546686,32.48,3.34,-0.3
30.2514390014112,32.48,3.34,-0.3
30.252917490899563,32.48,3.34,-0.3
30.254394065588713,32.48,3.34,-0.3
30.255862947553396,32.48,3.34,-0.3
30.257357396185398,32.48,3.34,-0.3
30.258822690695524,32.48,3.34,-0.3
30.260300122201443,32.47,3.34,-0.3
30.261790804564953,32.47,3.34,-0.3
30.263268899172544,32.48,3.34,-0.3
30.2647552639246,32.48,3.34,-0.3
30.266221340745687,32.48,3.34,-0.3
30.267697900533676,32.47,3.34,-0.3
30.26918889209628,32.48,3.34,-0.3
30.270652927458286,32.48,3.35,-0.3
30.27213814854622,32.48,3.34,-0.3
30.273622673004866,32.47,3.35,-0.3
30.275102004408836,32.48,3.35,-0.3
30.27657852321863,32.48,3.35,-0.3
30.27805858105421,32.48,3.34,-0.3
30.279525112360716,32.48,3.35,-0.3
30.281003337353468,32.48,3.35,-0.3
30.28248805552721,32.48,3.34,-0.3
30.283964283764362,32.48,3.34,-0.3
30.285440988838673,32.48,3.34,-0.3
30.28693550080061,32.48,3.34,-0.3
30.28841097652912,32.47,3.34,-0.3
30.289883323013783,32.47,3.34,-0.3
30.2913648635149,32.47,3.34,-0.3
30.292845152318478,32.47,3.34,-0.3
30.2943215072155,32.47,3.35,-0.3
30.29579197987914,32.47,3.35,-0.3
30.297285746783018,32.47,3.34,-0.3
30.29875272139907,32.48,3.35,-0.3
30.300239242613316,32.48,3.35,-0.3
30.301720179617405,32.48,3.35,-0.3
30.304663941264153,32.48,3.35,-0.3
30.307631611824036,32.47,3.35,-0.3
30.310585290193558,32.47,3.35,-0.3
30.31355072185397,32.48,3.35,-0.3
30.316499020904303,32.48,3.35,-0.3
30.31946348771453,32.48,3.35,-0.3
30.322421707212925,32.47,3.35,-0.3
30.325377460569143,32.47,3.35,-0.3
30.328327246010303,32.47,3.35,-0.3
30.331294864416122,32.48,3.35,-0.3
30.3342549726367,32.48,3.35,-0.3
30.337218210101128,32.48,3.35,-0.3
30.340160813182592,32.48,3.35,-0.3
30.343128841370344,32.48,3.35,-0.3
30.346081126481295,32.48,3.35,-0.3
30.349043264985085,32.48,3.35,-0.3
30.352002676576376,32.48,3.35,-0.3
30.354961037635803,32.47,3.35,-0.3
30.357909202575684,32.48,3.35,-0.3
30.360877256840467,32.47,3.35,-0.3
30.363821525126696,32.46,3.35,-0.3
30.3667907230556,32.47,3.35,-0.3
30.369737304747105,32.47,3.36,-0.3
30.372708290815353,32.47,3.35,-0.3
30.375664584338665,32.47,3.36,-0.3
30.378622218966484,32.47,3.36,-0.3
30.381581362336874,32.47,3.36,-0.3
30.384528182446957,32.47,3.36,-0.3
30.387482564896345,32.47,3.35,-0.3
30.388968631625175,32.48,3.35,-0.3
30.390442710369825,32.47,3.35,-0.3
30.391937110573053,32.47,3.36,-0.3
30.393404565751553,32.48,3.35,-0.3
30.39488225057721,32.47,3.36,-0.3
30.39636981487274,32.47,3.36,-0.3
30.397845208644867,32.47,3.35,-0.3
30.399327151477337,32.47,3.35,-0.3
30.40080399438739,32.48,3.36,-0.3
30.403766091912985,32.47,3.35,-0.3
30.4067152030766,32.47,3.35,-0.3
30.40966359525919,32.47,3.35,-0.3
30.412641998380423,32.47,3.35,-0.3
30.415584847331047,32.47,3.36,-0.3
30.41854577511549,32.47,3.36,-0.3
30.42150344327092,32.47,3.35,-0.3
30.422999557107687,32.47,3.35,-0.3
30.42446893453598,32.48,3.35,-0.3
30.4259428717196,32.48,3.35,-0.3
30.42742521315813,32.48,3.35,-0.3
30.428916085511446,32.48,3.35,-0.3
30.430396243929863,32.48,3.35,-0.3
30.431855782866478,32.48,3.35,-0.3
30.433331064879894,32.48,3.35,-0.3
30.43481358140707,32.48,3.35,-0.3
30.436296846717596,32.47,3.35,-0.3
30.43778633326292,32.47,3.35,-0.3
30.43925779685378,32.47,3.35,-0.3
30.440732322633266,32.47,3.35,-0.3
30.442208789288998,32.47,3.35,-0.3
30.443702518939972,32.46,3.35,-0.3
30.445165779441595,32.47,3.35,-0.3
30.44666015356779,32.47,3.35,-0.3
30.448131769895554,32.47,3.35,-0.3
30.449601717293262,32.47,3.35,-0.3
30.451097548007965,32.47,3.35,-0.3
30.452560000121593,32.47,3.35,-0.29
30.454046051949263,32.48,3.35,-0.3
30.455518804490566,32.47,3.35,-0.3
30.456992875784636,32.47,3.35,-0.29
30.45848536118865,32.47,3.35,-0.3
30.459960237145424,32.46,3.34,-0.31
30.461434833705425,32.45,3.34,-0.3
30.462916541844606,32.46,3.34,-0.3
30.464394874870777,32.46,3.34,-0.3
30.46587611734867,32.45,3.35,-0.3
30.467351093888283,32.46,3.35,-0.3
30.468831457197666,32.46,3.34,-0.3
30.470326364040375,32.46,3.34,-0.3
30.471799958497286,32.46,3.34,-0.3
30.473268944770098,32.46,3.34,-0.3
30.474740650504827,32.46,3.34,-0.3
30.47622113674879,32.46,3.34,-0.3
30.47770119830966,32.46,3.34,-0.3
30.479186426848173,32.46,3.34,-0.3
30.48066544160247,32.46,3.34,-0.3
30.48214727267623,32.46,3.34,-0.3
30.48361476138234,32.47,3.34,-0.3
30.48510641977191,32.47,3.34,-0.3
30.48657403513789,32.46,3.34,-0.3
30.48806044459343,32.46,3.34,-0.3
30.489546537399292,32.46,3.34,-0.3
30.49101946875453,32.46,3.34,-0.3
30.492502093315125,32.46,3.34,-0.3
30.493978202342987,32.46,3.34,-0.3
30.495460245758295,32.46,3.34,-0.3
30.496927239000797,32.46,3.34,-0.3
30.498420394957066,32.46,3.34,-0.3
30.499884456396103,32.46,3.34,-0.3
30.50286413729191,32.46,3.34,-0.3
30.5058084577322,32.46,3.34,-0.3
30.50876510888338,32.46,3.34,-0.3
30.511724565178156,32.46,3.34,-0.3
30.514684662222862,32.46,3.34,-0.3
30.51764151081443,32.46,3.33,-0.3
30.520590730011463,32.46,3.34,-0.3
30.523548994213343,32.46,3.33,-0.3
30.526512157171965,32.46,3.33,-0.3
30.529468327760696,32.46,3.33,-0.3
30.53242426365614,32.46,3.33,-0.3
30.53539600595832,32.46,3.34,-0.3
30.538349885493517,32.46,3.34,-0.3
30.541303224861622,32.46,3.33,-0.3
30.54425274953246,32.46,3.34,-0.3
30.547228559851646,32.46,3.34,-0.3
30.548705130815506,32.46,3.34,-208.58
30.55017952248454,32.46,3.34,-0.3
30.551650688052177,32.45,3.34,-0.3
30.55314026772976,32.46,3.34,-0.3
30.554622687399387,32.46,3.33,-0.3
30.556095499545336,32.46,3.33,-0.3
30.557560350745916,32.46,3.34,-0.3
30.559055473655462,32.46,3.34,-0.3
30.56052565574646,32.46,3.34,-0.3
30.562009062618017,32.46,3.34,-0.3
30.56348191201687,32.46,3.33,-0.3
30.564974814653397,32.46,3.33,-0.3
30.56645206362009,32.46,3.34,-0.3
30.567921590059996,32.46,3.34,-0.3
30.569396447390318,32.46,3.34,-0.3
30.57089165970683,32.46,3.34,-0.3
30.57236446067691,32.46,3.34,-0.3
30.573835231363773,32.46,3.34,-0.3
30.575315315276384,32.46,3.34,-0.3
30.57680631428957,32.46,3.33,-0.3
30.57827801629901,32.46,3.34,-0.3
30.57975920289755,32.46,3.33,-0.3
30.58123119920492,32.46,3.33,-0.3
30.582709565758705,32.46,3.34,-0.3
30.584181930869818,32.46,3.34,-0.3
30.585669115185738,32.46,3.33,-0.3
30.58714746683836,32.46,3.33,-0.3
30.588628813624382,32.46,3.34,-0.3
30.590107690542936,32.46,3.34,-0.3
30.591594845056534,32.46,3.34,-0.3
30.593063976615667,32.46,3.33,-0.3
30.59455558285117,32.46,3.33,-0.3
30.59602265805006,32.46,3.33,-0.3
30.597495034337044,32.46,3.33,-0.3
30.59898553788662,32.46,3.33,-0.3
30.601938854902983,32.46,3.33,-0.3
30.604892123490572,32.46,3.33,-0.3
30.607860378921032,32.46,3.34,-0.3
30.61081063747406,32.46,3.34,-0.3
30.61377215385437,32.46,3.33,-0.3
30.616720404475927,32.46,3.33,-0.3
30.61968095228076,32.46,3.34,-0.3
30.622645515948534,32.46,3.34,-0.3
30.62558826431632,32.46,3.33,-0.3
30.62855564057827,32.46,3.33,-0.3
30.63152042031288,32.46,3.33,-0.3
30.634462423622608,32.47,3.34,-0.3
30.637417625635862,32.46,3.33,-0.3
30.6403928399086,32.47,3.34,-0.3
30.643342941999435,32.46,3.33,-0.3
30.646297849714756,32.46,3.33,-0.3
30.649263937026262,32.46,3.33,-0.3
30.65220643207431,32.47,3.33,-0.3
30.65517881885171,32.46,3.33,-0.3
30.658140368759632,32.46,3.33,-0.3
30.661083079874516,32.46,3.33,-0.3
30.664048060774803,32.46,3.33,-0.3
30.667005591094494,32.46,3.33,-0.3
30.669962864369154,32.46,3.33,-0.3
30.67291782423854,32.45,3.33,-0.3
30.675874557346106,32.46,3.33,-0.3
30.678841304033995,32.46,3.33,-0.3
30.680309783667326,32.46,3.33,-0.3
30.68179652094841,32.46,3.33,-0.3
30.683273375034332,32.46,3.33,-0.3
30.6847560480237,32.46,3.33,-0.3
30.68622922897339,32.46,3.33,-0.3
30.6877134218812,32.46,3.33,-0.3
30.689197726547718,32.46,3.33,-0.3
30.69065924361348,32.46,3.33,-0.3
30.692135255783796,32.46,3.33,-0.3
30.693617187440395,32.46,3.33,-0.3
30.695099338889122,32.46,3.33,-0.3
30.696583203971386,32.46,3.33,-0.3
30.698054548352957,32.46,3.33,-0.3
30.70101973414421,32.46,3.33,-0.3
30.703980900347233,32.46,3.33,-0.3
30.70693562552333,32.46,3.33,-0.3
30.709886729717255,32.47,3.33,-0.3
30.711364816874266,32.47,3.33,-0.3
30.71284605562687,32.48,3.33,-0.3
30.71432952582836,32.48,3.33,-0.3
30.715811248868704,32.48,3.33,-0.3
30.71728089079261,32.48,3.33,-0.3
30.718764059245586,32.48,3.34,-0.29
30.720247082412243,32.49,3.34,-0.3
30.721722330898046,32.48,3.33,-0.3
30.723195899277925,32.47,3.33,-0.3
30.724681597203016,32.48,3.33,-0.3
30.726159002631903,32.48,3.34,-0.3
30.727644480764866,32.47,3.33,-0.3
30.729108434170485,32.47,3.33,-0.3
30.73058719560504,32.48,3.34,-0.3
30.732112139463425,32.48,3.34,-0.3
30.733548115938902,32.48,3.34,-0.3
30.735034752637148,32.48,3.34,-0.3
30.736508958041668,32.48,3.34,-0.3
30.737995717674494,32.47,3.34,-0.3
30.739471446722746,32.47,3.34,-0.3
30.7409453317523,32.46,3.33,-0.3
30.74243301153183,32.46,3.33,-0.31
30.743913922458887,32.46,3.33,-0.3
30.745386447757483,32.46,3.34,-0.3
30.74686662852764,32.47,3.34,-0.3
30.748335421085358,32.47,3.34,-0.3
30.749823182821274,32.46,3.34,-0.3
30.751299001276493,32.46,3.33,-0.3
30.752781428396702,32.46,3.34,-0.3
30.75425634533167,32.46,3.34,-0.3
30.755738452076912,32.47,3.34,-0.3
30.757212534546852,32.47,3.34,-0.3
30.758699759840965,32.47,3.34,-0.3
30.76017562672496,32.47,3.34,-0.3
30.761656899005175,32.47,3.34,-0.3
30.763134464621544,32.47,3.34,-0.3
30.76461496576667,32.47,3.34,-0.3
30.766094002872705,32.46,3.34,-0.3
30.76757538318634,32.46,3.34,-0.3
30.769050251692533,32.46,3.34,-0.3
30.770524200052023,32.46,3.34,-0.3
30.771997794508934,32.46,3.34,-0.3
30.77348179370165,32.46,3.34,-0.3
30.774961706250906,32.46,3.34,-0.3
30.776449900120497,32.46,3.34,-0.3
30.77792437374592,32.46,3.34,-0.3
30.77939774468541,32.46,3.34,-0.3
30.78087916225195,32.45,3.34,-0.3
30.782361950725317,32.46,3.34,-0.3
30.783832602202892,32.46,3.34,-0.3
30.78532311692834,32.45,3.34,-0.3
30.786791373044252,32.46,3.34,-0.3
30.78828376531601,32.46,3.34,-0.3
30.78974973037839,32.46,3.34,-0.3
30.791235111653805,32.46,3.34,-0.3
30.792711414396763,32.46,3.34,-0.3
30.794186480343342,32.45,3.33,-0.3
30.795668441802263,32.46,3.34,-0.3
30.7971594594419,32.46,3.33,-0.3
30.800113763660192,32.46,3.33,-0.3
30.80306302011013,32.46,3.34,-0.3
30.806028604507446,32.46,3.34,-0.3
30.80898781120777,32.46,3.34,-0.3
30.81193206831813,32.46,3.34,-0.3
30.81490221247077,32.46,3.34,-0.3
30.817848976701498,32.46,3.34,-0.3
30.820808973163366,32.46,3.34,-0.3
30.82376654818654,32.45,3.34,-0.3
30.826719887554646,32.46,3.33,-0.3
30.829684391617775,32.45,3.34,-0.3
30.832638513296843,32.46,3.33,-0.3
30.835593320429325,32.46,3.34,-0.3
30.838565658777952,32.45,3.33,-0.31
30.84152203053236,32.45,3.33,-0.3
30.844476833939552,32.45,3.33,-0.3
30.847436912357807,32.45,3.33,-0.3
30.85039058700204,32.46,3.33,-0.3
30.85334863513708,32.46,3.33,-0.3
30.856310419738293,32.46,3.33,-0.3
30.859264187514782,32.45,3.33,-0.3
30.862217035144567,32.45,3.33,-0.3
30.865175899118185,32.46,3.33,-0.3
30.8681428283453,32.46,3.33,-0.3
30.87109038978815,32.46,3.33,-0.3
30.87258007749915,32.45,3.33,-0.3
30.874062560498714,32.45,3.33,-0.3
30.875534258782864,32.46,3.33,-0.3
30.877005945891142,32.47,3.34,-0.29
30.878486070781946,32.46,3.33,-0.31
30.879964783787727,32.45,3.33,-0.31
30.881457835435867,32.46,3.33,-0.3
30.8829326890409,32.47,3.33,-0.3
30.88439903408289,32.46,3.33,-0.3
30.885894749313593,32.45,3.33,-0.3
30.88736094534397,32.45,3.33,-0.31
30.888844180852175,32.45,3.33,-0.3
30.890333466231823,32.45,3.33,-0.3
30.89181026443839,32.46,3.33,-0.31
30.893284987658262,32.46,3.33,-0.3
30.894758258014917,32.47,3.33,-0.3
30.897713638842106,32.47,3.33,-0.31
30.900663308799267,32.46,3.33,-0.3
30.90363385900855,32.46,3.33,-0.3
30.906585730612278,32.46,3.33,-0.3
30.909556295722723,32.45,3.33,-0.3
30.912503112107515,32.45,3.33,-0.3
30.915467407554388,32.45,3.33,-0.3
30.918433044105768,32.45,3.33,-0.3
30.921381402760744,32.45,3.34,-0.3
30.92433163896203,32.45,3.33,-0.3
30.927298855036497,32.46,3.34,-0.3
30.930262856185436,32.44,3.33,-0.3
30.933235939592123,32.45,3.33,-0.3
30.936165794730186,32.47,3.33,-0.31
30.93764888495207,32.46,3.33,-0.31
30.939126204699278,32.46,3.33,-0.3
30.94061842188239,32.46,3.33,-0.3
30.94209412112832,32.46,3.33,-0.3
30.94356832653284,32.46,3.33,-0.3
30.945048343390226,32.45,3.33,-0.3
30.94653097167611,32.46,3.33,-0.3
30.948005698621273,32.46,3.33,-0.31
30.949481807649136,32.46,3.33,-0.3
30.95095596089959,32.46,3.33,-0.3
30.952434044331312,32.46,3.33,-0.3
30.953916270285845,32.47,3.33,-0.3
30.955390866845846,32.47,3.33,-0.3
30.956878326833248,32.46,3.33,-0.3
30.958351470530033,32.46,3.33,-0.3
30.959840431809425,32.46,3.33,-0.3
30.961318001151085,32.46,3.33,-0.3
30.962788678705692,32.46,3.33,-0.3
30.964283388108015,32.46,3.33,-0.3
30.96574778482318,32.46,3.34,-0.3
30.967248149216175,32.46,3.34,-0.3
30.968695357441902,32.47,3.33,-0.3
30.97018140181899,32.47,3.34,-0.3
30.971662938594818,32.46,3.34,-0.3
30.97313806042075,32.46,3.34,-0.3
30.974616900086403,32.46,3.34,-0.3
30.976102005690336,32.46,3.34,-0.3
30.97758410871029,32.46,3.34,-0.3
30.979054886847734,32.46,3.34,-0.3
30.980532880872488,32.46,3.33,-0.3
30.982015408575535,32.46,3.34,-0.3
30.98349802941084,32.46,3.34,-0.3
30.984982822090387,32.47,3.34,-0.3
30.98645505681634,32.47,3.34,-0.3
30.987937461584806,32.46,3.34,-0.3
30.9894063398242,32.46,3.34,-0.3
30.990899559110403,32.46,3.34,-0.3
30.992376647889614,32.46,3.34,-0.3
30.993858944624662,32.46,3.34,-0.3
30.996802780777216,32.47,3.34,-0.3
30.999767292290926,32.46,3.34,-0.3
31.00272661074996,32.46,3.34,-0.3
31.005691535770893,32.46,3.34,-0.3
31.008641332387924,32.46,3.34,-0.31
31.01160801947117,32.46,3.34,-0.3
31.014557506889105,32.46,3.34,-0.3
31.01751533895731,32.46,3.34,-0.3
31.020468801259995,32.46,3.34,-0.3
31.02341942116618,32.46,3.34,-0.3
31.02638964354992,32.46,3.34,-0.3
31.029352016746998,32.46,3.34,-0.3
31.030829813331366,32.46,3.34,-0.3
31.032303296029568,32.46,3.34,-0.3
31.033775348216295,32.46,3.34,-0.3
31.035266298800707,32.46,3.34,-0.3
31.036734327673912,32.46,3.34,-0.3
31.0382273606956,32.46,3.34,-0.31
31.039701852947474,32.46,3.34,-0.3
31.041185185313225,32.46,3.34,-0.3
31.042654991149902,32.46,3.35,-0.3
31.044137351214886,32.46,3.34,-0.3
31.045618683099747,32.46,3.35,-0.3
31.04708829522133,32.46,3.35,-0.3
31.048572469502687,32.46,3.35,-0.3
31.05005284398794,32.46,3.35,-0.3
31.051540680229664,32.46,3.35,-0.3
31.053014751523733,32.46,3.35,-0.3
31.054497458040714,32.46,3.35,-0.31
31.055966578423977,32.47,3.35,-0.3
31.057436298578978,32.46,3.35,-0.3
31.05891976878047,32.46,3.35,-0.3
31.06041305139661,32.46,3.34,-0.3
31.061889424920082,32.46,3.35,-0.3
31.063372243195772,32.46,3.35,-0.3
31.06485064700246,32.45,3.35,-0.3
31.066328678280115,32.45,3.35,-0.3
31.06780080497265,32.45,3.35,-0.3
31.069292198866606,32.46,3.35,-0.3
31.07075911387801,32.46,3.35,-0.3
31.07224114239216,32.46,3.35,-0.3
31.073717460036278,32.46,3.35,-0.3
31.075191397219896,32.46,3.35,-0.3
31.0766748636961,32.46,3.35,-0.3
31.07815295085311,32.46,3.35,-0.3
31.079628761857748,32.46,3.35,-0.3
31.081110078841448,32.46,3.35,-0.3
31.082597240805626,32.46,3.35,-0.3
31.08407634496689,32.46,3.35,-0.3
31.08554060012102,32.46,3.35,-0.3
31.08702727034688,32.47,3.35,-0.3
31.088505029678345,32.47,3.35,-0.3
31.08999303728342,32.47,3.35,-0.3
31.09146862104535,32.47,3.35,-0.3
31.092951256781816,32.47,-65.05,-0.3
31.09590534865856,32.47,3.35,-0.3
31.098866164684296,32.47,3.35,-0.3
31.10181951150298,32.47,3.35,-0.3
31.10477788001299,32.46,3.35,-0.3
31.107734125107527,32.47,3.35,-0.3
31.110689256340265,32.46,3.35,-0.3
31.113649997860193,32.46,3.35,-0.3
31.1166064850986,32.46,3.35,-0.3
31.119566187262535,32.47,3.35,-0.3
31.12253274396062,32.47,3.35,-0.3
31.125488366931677,32.47,3.35,-0.3
31.128443088382483,32.47,3.35,-0.3
31.13139759749174,32.46,3.35,-0.3
31.134349953383207,32.47,3.35,-0.3
31.1373104006052,32.47,3.35,-0.3
31.140267685055733,32.47,3.35,-0.3
31.14322653412819,32.46,3.34,-0.3
31.14618455991149,32.46,3.34,-0.3
31.14914095029235,32.46,3.34,-0.3
31.152112867683172,32.46,3.34,-0.3
31.155069276690483,32.46,3.34,-0.3
31.15802949294448,32.46,3.34,-0.3
31.160986565053463,32.46,3.34,-0.3
31.1639458052814,32.46,3.34,-0.3
31.166901245713234,32.46,3.34,-0.3
31.169852662831545,32.46,3.34,-0.3
31.172808151692152,32.47,3.34,-0.3
31.175776690244675,32.46,3.34,-0.3
31.178729094564915,32.47,3.34,-0.3
31.181690238416195,32.46,3.34,-0.3
31.18464668467641,32.46,3.34,-0.3
31.187598150223494,32.46,3.34,-0.3
31.189092960208654,32.46,3.34,-286.74
31.190564651042223,32.46,3.34,-0.3
31.193513546139002,32.46,3.33,-0.3
31.196474581956863,32.47,3.33,-0.3
31.197959002107382,32.46,3.33,-0.3
31.199431151151657,32.46,3.34,-0.3
31.200916647911072,32.46,3.33,-0.3
31.20238581672311,32.46,3.33,-0.3
31.203866336494684,32.46,3.33,-0.3
31.205345291644335,32.46,3.33,-0.3
31.206822521984577,32.46,3.33,-0.3
31.208308313041925,32.46,3.33,-0.3
31.209789022803307,32.46,3.33,-0.3
31.211258199065924,32.46,3.33,-0.3
31.21275193244219,32.46,3.33,-0.3
31.214229725301266,32.45,3.33,-0.3
31.21570087224245,32.46,3.34,-0.3
31.217179246246815,32.46,3.34,-0.3
31.218666657805443,32.47,3.34,-0.3
31.220142409205437,32.47,3.34,-0.3
31.22162091732025,32.47,3.34,-0.3
31.223097290843725,32.46,3.34,-0.3
31.224575258791447,32.46,3.34,-0.3
31.226057425141335,32.47,3.34,-0.3
31.227524232119322,32.46,3.34,-0.3
31.229020584374666,32.46,3.34,-0.3
31.23049360141158,32.46,3.34,-0.3
31.231976229697466,32.46,3.34,-0.3
31.233451582491398,32.46,3.34,-0.3
31.234922371804714,32.46,3.34,-0.3
31.236415036022663,32.46,3.34,-0.3
31.23787859082222,32.46,3.34,-0.3
31.239358745515347,32.46,3.34,-0.3
31.240852151066065,32.46,3.34,-0.3
31.24232415854931,32.47,3.34,-0.3
31.243800450116396,32.46,3.34,-0.3
31.245273403823376,32.46,3.34,-0.3
31.24676463752985,32.46,3.34,-0.3
31.248243749141693,32.46,3.34,-0.3
31.249709703028202,32.46,3.34,-0.3
31.25119848176837,32.46,3.33,-0.3
31.25267807766795,32.46,3.34,-0.3
31.25415026023984,32.46,3.34,-0.3
31.255632292479277,32.46,3.34,-0.3
31.257112968713045,32.47,3.34,-0.3
31.25858986005187,32.46,3.34,-0.3
31.2600683234632,32.46,3.34,-0.3
31.26154039055109,32.46,3.33,-0.3
31.26301881670952,32.46,3.33,-0.3
31.26450253278017,32.46,3.33,-0.3
31.265974670648575,32.46,3.33,-0.3
31.267468363046646,32.46,3.33,-0.3
31.268931940197945,32.46,3.33,-0.3
31.270416036248207,32.46,3.33,-0.3
31.271893467754126,32.46,3.33,-0.3
31.273371890187263,32.46,3.33,-0.3
31.274849213659763,32.46,3.33,-0.3
31.27634035050869,32.46,3.33,-0.3
31.2778109498322,32.47,3.34,-0.3
31.279288329184055,32.46,3.33,-0.3
31.280763491988182,32.46,3.33,-0.3
31.28225601837039,32.46,3.33,-0.3
31.283725019544363,32.46,3.34,-0.3
31.285201501101255,32.47,3.34,-0.3
31.28667489439249,32.47,3.33,-0.3
31.28815833479166,32.47,3.33,-0.3
31.289651859551668,32.46,3.33,-0.3
31.292601700872183,32.47,3.33,-0.3
31.295554645359516,32.46,3.33,-0.3
31.29850824177265,32.46,3.33,-0.3
31.30149146541953,32.47,3.33,-0.3
31.304426841437817,32.47,3.33,-0.3
31.30739948898554,32.46,3.33,-0.3
31.31036052852869,32.46,3.33,-0.3
31.31331355497241,32.46,3.33,-0.3
31.316270999610424,32.47,3.33,-0.3
31.31921784207225,32.46,3.33,-0.3
31.322174333035946,32.46,3.33,-0.3
31.325133755803108,32.46,3.33,-0.3
31.328103736042976,32.46,3.33,-0.3
31.33104495704174,32.46,3.33,-0.3
31.334019768983126,32.47,3.33,-0.3
31.336971025913954,32.46,3.33,-0.3
31.3399318754673,32.46,3.33,-0.3
31.342888839542866,32.46,3.33,-0.3
31.345841340720654,32.46,3.33,-0.3
31.348799269646406,32.46,3.33,-0.3
31.350286908447742,32.46,3.33,-0.3
31.35176244005561,32.46,3.33,-0.3
31.35323813930154,32.46,3.33,-0.3
31.354721684008837,32.46,3.33,-0.3
31.35619304329157,32.46,3.33,-0.3
31.357668321579695,32.46,3.33,-0.3
31.35915670543909,32.46,3.33,-0.3
31.36064650118351,32.46,3.33,-0.3
31.362110666930676,32.46,3.33,-0.3
31.363589733839035,32.47,3.33,-0.3
31.365075081586838,32.46,3.33,-0.3
31.366550374776125,32.46,3.33,-0.3
31.368018429726362,32.46,3.33,-0.3
31.369505427777767,32.46,3.33,-0.3
31.370991483330727,32.46,3.33,-0.3
31.37246783077717,32.47,3.33,-0.3
31.373941965401173,32.47,3.33,-0.3
31.375416561961174,32.47,3.33,-0.3
31.376905616372824,32.47,3.33,-0.3
31.378376558423042,32.46,3.33,-0.3
31.379857160151005,32.47,3.33,-0.3
31.381341315805912,32.47,3.33,-0.3
31.382816415280104,32.46,3.33,-0.3
31.384298242628574,32.46,3.33,-0.3
31.38577390834689,32.46,3.33,-0.3
31.387263525277376,32.46,3.33,-0.3
31.390205688774586,32.46,3.33,-0.3
31.393173083662987,32.46,3.33,-0.3
31.39612339437008,32.46,3.33,-0.3
31.399089388549328,32.46,3.33,-0.3
31.402045890688896,32.47,3.33,-0.3
31.405008289963007,32.46,3.33,-0.3
31.407959681004286,32.46,3.33,-0.3
31.410924445837736,32.46,3.33,-0.3
31.413869094103575,32.46,3.33,-0.3
31.416815653443336,32.47,3.33,-0.3
31.419786788523197,32.46,3.33,-0.3
31.42274598404765,32.46,3.33,-0.3
31.42570949345827,32.46,3.33,-0.3
31.428661104291677,32.47,3.33,-0.3
31.431613612920046,32.46,3.33,-0.3
31.43458216637373,32.46,3.34,-0.3
31.437539871782064,32.46,3.34,-0.3
31.440488770604134,32.46,3.33,-0.3
31.443460293114185,32.46,3.34,-0.3
31.44641597941518,32.47,3.33,-0.3
31.44936193153262,32.46,3.34,-0.3
31.4523148201406,32.46,3.34,-0.3
31.453814025968313,32.46,3.34,-0.3
31.455273792147636,32.46,3.34,-0.3
31.456764176487923,32.47,3.34,-0.3
31.45824660733342,32.47,3.34,-0.3
31.45971765741706,32.46,3.33,-0.3
31.461202409118414,32.46,3.34,-0.3
31.462674751877785,32.46,3.34,-0.3
31.46415450051427,32.46,3.34,-0.3
31.465631499886513,32.46,3.33,-0.3
31.46712027490139,32.46,3.33,-0.3
31.468598663806915,32.46,3.33,-0.3
31.470074582844973,32.46,3.33,-0.3
31.471541669219732,32.46,3.33,-0.3
31.473035972565413,32.46,3.33,-0.3
31.474505230784416,32.47,3.33,-0.3
31.475981697440147,32.46,3.33,-0.3
31.477461263537407,32.46,3.33,-0.3
31.47894626110792,32.46,3.33,-0.3
31.480427253991365,32.46,3.33,-0.3
31.481904819607735,32.46,3.33,-0.3
31.483378425240517,32.46,3.33,-0.3
31.484853751957417,32.46,3.33,-0.3
31.486340388655663,32.47,3.33,-0.3
31.48781893774867,32.46,3.33,-0.3
31.49079192429781,32.47,3.33,-0.31
31.493737943470478,32.45,3.33,-0.3
31.496699146926403,32.46,3.33,-0.3
31.499645959585905,32.45,3.33,-0.3
31.502609599381685,32.45,3.33,-0.3
31.50556832551956,32.46,3.33,-0.3
31.50852097570896,32.45,3.33,-0.3
31.511474817991257,32.45,3.33,-0.3
31.51296553388238,32.46,3.34,-0.3
31.514444276690483,32.46,3.33,-0.3
31.515930335968733,32.46,3.33,-0.3
31.517404723912477,32.46,3.33,-0.3
31.518875773996115,32.46,3.33,-0.3
31.52034906670451,32.45,3.34,-0.3
31.521837763488293,32.45,3.33,-0.3
31.523321259766817,32.45,3.33,-0.3
31.524787861853838,32.46,3.34,-0.3
31.52627346292138,32.45,3.33,-0.3
31.527747988700867,32.45,3.33,-0.3
31.529227040708065,32.46,3.33,-0.3
31.530711632221937,32.46,3.33,-0.3
31.53217688575387,32.46,3.33,-0.3
31.5336643345654,32.45,3.33,-0.3
31.535146191716194,32.46,3.33,-0.3
31.536619678139687,32.46,3.33,-0.3
31.538101475685835,32.46,3.33,-0.3
31.539581395685673,32.46,3.33,-0.3
31.541049517691135,32.46,3.33,-0.3
31.542537961155176,32.46,3.33,-0.3
31.5440168119967,32.45,3.33,-0.3
31.545495472848415,32.46,3.33,-0.3
31.546978551894426,32.46,3.33,-0.3
31.54844867810607,32.46,3.33,-0.3
31.549940574914217,32.46,3.33,-0.3
31.551401395350695,32.46,3.33,-0.29
31.55288890749216,32.46,3.33,-0.3
31.55438158288598,32.46,3.33,-0.3
31.555841106921434,32.46,3.33,-0.3
31.557320218533278,32.46,3.33,-0.3
31.558816321194172,32.46,3.33,-0.3
31.560281462967396,32.46,3.33,-0.3
31.561760008335114,32.46,3.33,-0.3
31.56324654817581,32.45,3.33,-0.3
31.564726028591394,32.45,3.33,-0.3
31.566191509366035,32.46,3.33,-0.3
31.567686267197132,32.46,3.33,-0.3
31.569163527339697,32.46,3.33,-0.3
31.57062990218401,32.47,3.33,-0.3
31.57211184501648,32.47,3.33,-0.3
31.573588401079178,32.47,3.33,-0.3
31.5750729739666,32.47,3.33,-0.3
31.576578304171562,32.47,3.33,-0.3
31.578032545745373,32.47,3.33,-0.3
31.579516034573317,32.47,3.33,-0.3
31.580994307994843,32.47,3.33,-0.3
31.582468423992395,32.46,3.33,-0.3
31.58395377919078,32.47,3.33,-0.3
31.585425451397896,32.47,3.33,-0.3
31.588388800621033,32.47,3.33,-0.3
31.591335225850344,32.47,3.33,-0.3
31.594305731356144,32.47,3.32,-0.3
31.597254306077957,32.47,3.33,-0.3
31.600215673446655,32.47,3.33,-0.3
31.603169057518244,32.47,3.33,-0.3
31.606136098504066,32.45,3.33,-0.3
31.609090965241194,32.46,3.33,-0.3
31.6120411939919,32.46,3.33,-0.3
31.61500310152769,32.46,3.32,-0.3
31.617954146116972,32.46,3.33,-0.3
31.620908975601196,32.46,3.32,-0.3
31.62387641891837,32.46,3.33,-0.3
31.62683069333434,32.47,3.33,-0.31
31.629795718938112,32.46,3.33,-0.3
31.632751297205687,32.46,3.33,-0.3
31.63572120293975,32.46,3.32,-0.3
31.638661164790392,32.46,3.33,-0.3
31.64163275435567,32.46,3.32,-0.3
31.644581880420446,32.46,3.32,-0.31
31.64754592999816,32.45,3.32,-0.3
31.65049548819661,32.45,3.32,-0.31
31.65345812961459,32.45,3.32,-0.3
