elapsed_time [min],weight [g]
0.8855417035520077,-0.8,-2.6,30.07
0.8899546153843403,-0.8,-2.6,30.08
0.8943968079984188,-0.8,-2.6,30.09
0.8988471478223801,-0.79,-2.59,30.09
0.9032890200614929,-0.79,-2.59,30.09
0.9077321775257587,-0.79,-2.59,30.1
0.912190418690443,-0.79,-2.59,30.1
0.9166212752461433,-0.79,-2.58,30.11
0.921087522059679,-0.79,-2.58,30.11
0.925544336438179,-0.79,-2.58,30.11
0.929960809648037,-0.79,-2.58,30.11
0.9344373494386673,-0.79,-2.58,30.08
0.9389681555330753,-0.78,-2.58,30.09
0.9434435106813908,-0.79,-2.57,30.09
0.9478760808706284,-0.79,-2.57,30.09
0.9523533210158348,-0.79,-2.57,30.09
0.9568038918077946,-0.79,-2.57,30.1
0.961294412612915,-0.79,-2.57,30.1
0.9657540507614613,-0.79,-2.56,30.1
0.9702172465622425,-0.79,-2.56,30.1
0.9746843799948692,-0.78,-2.56,30.09
0.9791385419666767,-0.78,-2.56,30.09
0.9836042262613773,-0.79,-2.56,30.08
0.9880005903542042,-0.79,-2.56,30.06
0.9925337806344032,-0.78,-2.56,30.03
0.9969765692949295,-0.79,-2.55,29.99
1.001458004117012,-0.78,-2.55,29.96
1.0059187486767769,-0.79,-2.55,29.93
1.0103619769215584,-0.79,-2.55,29.92
1.014753833413124,-0.78,-2.55,29.92
1.0192312523722649,-0.79,-2.54,29.91
1.0237832590937614,-0.79,-2.54,29.92
1.0282390788197517,-0.78,-2.54,29.92
1.032714281231165,-0.78,-2.54,29.93
1.0371780134737492,-0.78,-2.54,29.93
1.0416295900940895,-0.79,-2.53,29.93
1.046104695647955,-0.78,-2.53,29.94
1.0505674667656422,-0.79,-2.53,29.95
1.0550090186297894,-0.78,-2.52,29.96
1.05946459248662,-0.78,-2.52,30.01
1.0639206655323505,-0.78,-2.52,30.02
1.0683762952685356,-0.78,-2.52,30.01
1.0728843063116074,-0.78,-2.52,30.01
1.0773354955017567,-0.78,-2.52,30.0
1.0817995220422745,-0.78,-2.52,30.0
1.0862302146852016,-0.78,-2.52,30.01
1.0907189287245274,-0.78,-2.52,30.01
1.0951857790350914,-0.78,-2.51,30.02
1.0996199809014797,-0.78,-2.52,30.02
1.104115355759859,-0.78,-2.51,30.02
1.1085384413599968,-0.78,-2.51,30.02
1.1130659319460392,-0.78,-2.51,30.02
1.1175312846899033,-0.78,-2.51,30.03
1.121982540935278,-0.78,-2.51,30.03
1.1264418736100197,-0.78,-2.51,30.03
1.1309107095003128,-0.78,-2.51,30.04
1.135371197015047,-0.77,-2.5,30.04
1.139790065586567,-0.78,-2.5,30.06
1.1442744545638561,-0.78,-2.5,30.09
1.1487689204514027,-0.78,-2.5,30.07
1.15320860221982,-0.77,-2.5,30.06
1.157686498016119,-0.78,-2.5,30.06
1.1621425338089466,-0.78,-2.5,30.06
1.1666093692183495,-0.78,-2.5,30.06
1.1710697151720524,-0.78,-2.5,30.06
1.175470769405365,-0.78,-2.5,30.06
1.1800047531723976,-0.78,-2.49,30.07
1.1844741962850094,-0.78,-2.49,30.08
1.1889245584607124,-0.77,-2.49,30.08
1.1934006437659264,-0.78,-2.49,30.08
1.197863683104515,-0.77,-2.49,30.08
1.202308800071478,-0.77,-2.49,30.09
1.206785075366497,-0.78,-2.49,30.09
1.211245771497488,-0.77,-2.49,30.09
1.21571309491992,-0.77,-2.49,30.09
1.2201816365122795,-0.78,-2.49,30.09
1.2245755270123482,-0.77,-2.48,30.1
1.2291018851101398,-0.78,-2.48,30.1
1.2335676439106464,-0.77,-2.49,30.1
1.2378638796508312,-0.77,-2.48,30.1
1.242496594786644,-0.77,-2.48,30.11
1.246960923075676,-0.77,-2.48,30.11
1.2514249086380005,-0.77,-2.48,30.11
1.2558668293058872,-0.78,-2.48,30.11
1.2603433020412922,-0.78,-2.47,30.11
1.2647643499076366,-0.77,-2.47,30.12
1.2692892588675022,-0.77,-2.47,30.13
1.2737089730799198,-0.78,-2.47,30.13
1.278174202889204,-0.77,-2.47,30.13
1.2826624289155006,-0.77,-2.47,30.13
1.2871223241090775,-0.78,-2.47,30.13
1.291552558541298,-0.78,-2.47,30.13
1.2960404753684998,-0.78,-2.47,30.13
1.3005348704755306,-0.77,-2.47,30.13
1.304971568286419,-0.77,-2.47,30.15
1.3094541989266872,-0.78,-2.46,30.15
1.3139028139412403,-0.77,-2.46,30.17
1.3183044791221619,-0.78,-2.46,30.17
1.3228428736329079,-0.77,-2.46,30.16
1.3272874765098095,-0.77,-2.46,30.16
1.3317664973437786,-0.77,-2.47,30.16
1.336179830133915,-0.77,-2.46,30.16
1.3406251855194569,-0.77,-2.46,30.17
1.3451696373522282,-0.77,-2.46,30.17
1.3495139963924885,-0.77,-2.46,30.16
1.3540654443204403,-0.77,-2.46,30.22
1.3584372885525227,-0.77,-2.46,30.23
1.3629264123737812,-0.77,-2.46,30.23
1.3674697689712048,-0.77,-2.46,30.22
1.3719138875603676,-0.77,-2.46,30.22
1.3765335939824581,-0.77,-2.46,30.22
1.3808361627161503,-0.77,-2.46,30.22
1.3852803446352482,-0.77,-2.46,30.22
1.3897852450609207,-0.77,-2.46,30.22
1.3941314555704594,-0.77,-2.46,30.21
1.3987212292850018,-0.77,-2.46,30.18
1.4031354039907455,-0.77,-2.46,30.18
1.407652858644724,-0.77,-2.46,30.19
1.412088818848133,-0.77,-2.46,30.19
1.416546456515789,-0.77,-2.46,30.19
1.420982040464878,-0.77,-2.46,30.19
1.425428044050932,-0.77,-2.45,30.19
1.4299645572900772,-0.77,-2.45,30.2
1.4344103820621967,-0.77,-2.45,30.2
1.4387908838689327,-0.77,-2.45,30.2
1.443347230553627,-0.77,-2.45,30.2
1.447820819914341,-0.77,-2.45,30.2
1.452266450971365,-0.77,-2.45,30.2
1.456708513200283,-0.77,-2.45,30.2
1.4611903838813305,-0.77,-2.45,30.2
1.4656114540994167,-0.77,-2.45,30.2
1.4701262079179287,-0.76,-2.45,30.2
1.4744918197393417,-0.77,-2.45,30.21
1.4790662415325642,-0.77,-2.45,30.22
1.4835431724786758,-0.77,-2.45,30.22
1.4880030564963818,-0.77,-2.45,30.22
1.4924493879079819,-0.76,-2.45,30.2
1.4968966357409954,-0.77,-2.46,30.22
1.501344621181488,-0.77,-2.45,30.24
1.505864642560482,-0.77,-2.46,30.18
1.5102305561304092,-0.76,-2.44,30.23
1.514753308147192,-0.77,-2.44,30.23
1.5192422606050968,-0.77,-2.44,30.23
1.5235956236720085,-0.76,-2.44,30.23
1.5281765051186085,-0.76,-2.44,30.23
1.5326221510767937,-0.77,-2.44,30.23
1.5370839908719063,-0.77,-2.44,30.23
1.5415560118854046,-0.77,-2.44,30.23
1.5460212677717209,-0.77,-2.44,30.23
1.550481889396906,-0.77,-2.44,30.23
1.5548776909708977,-0.77,-2.44,30.23
1.5594172477722168,-0.77,-2.44,30.22
1.563857838511467,-0.77,-2.44,30.23
1.5682142190635204,-0.77,-2.44,30.23
1.5728049501776695,-0.77,-2.44,30.23
1.5772669948637486,-0.77,-2.44,30.22
1.581732340157032,-0.77,-2.44,30.23
1.5862117633223534,-0.77,-2.44,30.23
1.5906582549214363,-0.77,-2.44,30.23
1.5950339511036873,-0.77,-2.43,30.23
1.5995328687131405,-0.77,-2.43,30.23
1.6039659716188908,-0.77,-2.43,30.23
1.6084118001163006,-0.76,-2.43,30.23
1.6129835434257984,-0.76,-2.43,30.23
1.6174306645989418,-0.77,-2.43,30.23
1.6219046600162983,-0.77,-2.43,30.24
1.6263447776436806,-0.77,-2.43,30.23
1.6308359876275063,-0.76,-2.43,30.24
1.6352946124970913,-0.76,-2.43,30.24
1.639705777168274,-0.77,-2.43,30.24
1.6441876366734505,-0.77,-2.43,30.24
1.6486572474241257,-0.77,-2.43,30.24
1.6531591415405273,-0.76,-2.43,30.24
1.6576081700623035,-0.76,-2.42,30.24
1.6620626375079155,-0.76,-2.42,30.24
1.6665257774293423,-0.76,-2.42,30.24
1.6709847338497639,-0.76,-2.42,30.24
1.6753827929496765,-0.76,-2.42,30.24
1.6798578761518002,-0.77,-2.42,30.24
1.6843499392271042,-0.76,-2.42,30.25
1.6888382956385612,-0.76,-2.42,30.25
1.6933197304606438,-0.76,-2.42,30.25
1.697778470814228,-0.77,-2.42,30.25
1.7022269517183304,-0.76,-2.42,30.25
1.706679243594408,-0.76,-2.42,30.25
1.7111863568425179,-0.76,-2.42,30.25
1.7155943661928177,-0.77,-2.41,30.25
1.7200806885957718,-0.76,-2.41,30.25
1.724493034183979,-0.77,-2.41,30.25
1.7289903797209263,-0.76,-2.41,30.25
1.7333442233502865,-0.76,-2.41,30.26
1.7379601337015629,-0.76,-2.41,30.26
1.7424040399491787,-0.77,-2.41,30.26
1.746888156980276,-0.76,-2.41,30.26
1.7512956410646439,-0.76,-2.41,30.26
1.755733534693718,-0.77,-2.41,30.26
1.7602278254926205,-0.76,-2.41,30.26
1.7647329419851303,-0.76,-2.41,30.26
1.7692091055214405,-0.76,-2.41,30.26
1.7735570557415485,-0.77,-2.41,30.26
1.7781369090080261,-0.76,-2.41,30.26
1.7826023064553738,-0.76,-2.41,30.26
1.7870222590863705,-0.76,-2.41,30.26
1.7914645336568356,-0.76,-2.41,30.26
1.7959871776401997,-0.76,-2.41,30.27
1.8003595806658268,-0.76,-2.41,30.27
1.8049265034496784,-0.76,-2.4,30.27
1.809326246380806,-0.76,-2.41,30.27
1.8137255869805813,-0.76,-2.4,30.27
1.8183171041309834,-0.76,-2.41,30.27
1.8227773420512676,-0.77,-2.41,30.27
1.8272009529173374,-0.76,-2.4,30.27
1.8316808082163334,-0.76,-2.41,30.27
1.8361727558076382,-0.76,-2.41,30.27
1.8406257554888725,-0.76,-2.41,30.27
1.8450712524354458,-0.76,-2.41,30.27
1.8495620340108871,-0.76,-2.41,30.28
1.8539946004748344,-0.76,-2.41,30.28
1.858370017260313,-0.76,-2.41,30.28
1.86294437199831,-0.76,-2.41,30.28
1.8673775717616081,-0.76,-2.41,30.28
1.8718208894133568,-0.76,-2.4,30.28
1.8763034231960773,-0.76,-2.4,30.28
1.880797989666462,-0.76,-2.4,30.28
1.8851911053061485,-0.76,-2.4,30.28
1.8896351046860218,-0.76,-2.4,30.28
1.8941768668591976,-0.76,-2.4,30.28
1.8986514322459698,-0.76,-2.41,30.28
1.9031259827315807,-0.76,-2.4,30.28
1.9075574316084385,-0.76,-2.4,30.29
1.9120386317372322,-0.76,-2.41,30.28
1.9164973236620426,-0.76,-2.4,30.29
1.9208960495889187,-0.76,-2.4,30.29
1.9254321940243244,-0.76,-2.4,30.29
1.9298229031264782,-0.76,-2.41,30.29
1.9342275522649288,-0.76,-2.4,30.29
1.938826322555542,-0.76,-2.4,30.29
1.943295206874609,-0.76,-2.4,30.29
1.9477484710514545,-0.76,-2.4,30.29
1.9522063173353672,-0.76,-2.4,30.29
1.956665687263012,-0.76,-2.4,30.29
1.9611290954053402,-0.76,-2.4,30.29
1.9656217768788338,-0.76,-2.4,30.29
1.9700412787497044,-0.76,-2.4,30.29
1.9744623564183712,-0.76,-2.4,30.29
1.9788792207837105,-0.76,-2.4,30.3
1.9834662340581417,-0.76,-2.4,30.3
1.9879218600690365,-0.77,-2.4,30.3
1.9923831596970558,-0.76,-2.4,30.3
1.9968639686703682,-0.76,-2.4,30.3
2.00128972530365,-0.76,-2.4,30.3
2.0057285241782665,-0.76,-2.4,30.3
2.010137189179659,-0.76,-2.4,30.31
2.0146626569330692,-0.76,-2.4,30.31
2.0191656537353992,-0.76,-2.4,30.31
2.023615412414074,-0.76,-2.4,30.31
2.028093971312046,-0.76,-2.4,30.31
2.0325555615127087,-0.76,-2.4,30.31
2.0370230302214622,-0.76,-2.4,30.31
2.04147469997406,-0.76,-2.4,30.31
2.0459438897669315,-0.76,-2.4,30.31
2.0503830313682556,-0.76,-2.4,30.31
2.0548919066786766,-0.76,-2.4,30.31
2.0593393072485924,-0.76,-2.4,30.31
2.063805066049099,-0.76,-2.39,30.31
2.06826563924551,-0.76,-2.4,30.31
2.0727098919451237,-0.76,-2.39,30.32
2.0771546848118305,-0.76,-2.39,30.32
2.081647925078869,-0.76,-2.39,30.31
2.0860936790704727,-0.76,-2.39,30.32
2.0905778259038925,-0.76,-2.39,30.32
2.095028266310692,-0.76,-2.39,30.32
2.0995091907680035,-0.76,-2.39,30.32
2.103867545723915,-0.76,-2.39,30.32
2.108443681150675,-0.76,-2.39,30.32
2.112895295023918,-0.76,-2.39,30.32
2.11736373975873,-0.76,-2.39,30.32
2.1218145228922367,-0.75,-2.39,30.32
2.1262304820120335,-0.76,-2.39,30.32
2.130740862339735,-0.76,-2.39,30.32
2.1352278254926205,-0.76,-2.39,30.32
2.1396867595613003,-0.76,-2.39,30.32
2.1441007405519485,-0.76,-2.39,30.32
2.1484537087380886,-0.76,-2.39,30.32
2.153072588145733,-0.76,-2.39,30.33
2.157514225691557,-0.76,-2.39,30.33
2.1619908548891544,-0.76,-2.39,30.33
2.1664604507386684,-0.76,-2.39,30.33
2.170927345752716,-0.76,-2.39,30.33
2.1753796860575676,-0.76,-2.38,30.33
2.179865248501301,-0.76,-2.38,30.33
2.184280253946781,-0.76,-2.38,30.33
2.1886988505721092,-0.75,-2.38,30.33
2.193249002099037,-0.76,-2.38,30.33
2.1976943127810955,-0.76,-2.38,30.34
2.2021808698773384,-0.76,-2.38,30.34
2.2066354267299175,-0.76,-2.38,30.34
2.2110252752900124,-0.76,-2.38,30.34
2.215564165264368,-0.76,-2.38,30.34
2.2199998572468758,-0.76,-2.38,30.34
2.2244997806847095,-0.76,-2.38,30.34
2.2289458736777306,-0.76,-2.38,30.34
2.2334104739129543,-0.76,-2.38,30.34
2.2378895431756973,-0.75,-2.38,30.34
2.2423200346529484,-0.76,-2.38,30.34
2.2468290589749813,-0.76,-2.38,30.34
2.2512013502418995,-0.76,-2.38,30.34
2.255653250962496,-0.76,-2.38,30.34
2.2602102048695087,-0.76,-2.38,30.34
2.26460649818182,-0.76,-2.38,30.34
2.269066955894232,-0.76,-2.38,30.34
2.273584332317114,-0.76,-2.38,30.35
2.2780454345047474,-0.75,-2.38,30.35
2.2825127094984055,-0.76,-2.38,30.35
2.2869674041867256,-0.76,-2.38,30.35
2.2913912534713745,-0.76,-2.38,30.35
2.2958690263330936,-0.76,-2.38,30.35
2.3003414310514927,-0.76,-2.38,30.35
2.3047190122306347,-0.76,-2.38,30.35
2.3092204928398132,-0.76,-2.38,30.35
2.3137560226023197,-0.76,-2.38,30.35
2.3182285241782665,-0.76,-2.38,30.35
2.3226904310286045,-0.76,-2.38,30.35
2.32712996378541,-0.76,-2.38,30.35
2.331618271768093,-0.76,-2.38,30.35
2.3360839895904064,-0.76,-2.38,30.35
2.34053298458457,-0.76,-2.37,30.35
2.3449808321893215,-0.76,-2.38,30.35
2.3494815714657307,-0.76,-2.37,30.35
2.3538668267428875,-0.76,-2.37,30.35
2.3584065064787865,-0.76,-2.37,30.36
2.3628499917685986,-0.76,-2.37,30.35
2.367289364337921,-0.76,-2.37,30.35
2.371805239468813,-0.76,-2.37,30.36
2.3762577548623085,-0.75,-2.37,30.36
2.3806988410651684,-0.76,-2.37,30.36
2.385101430118084,-0.76,-2.37,30.35
2.3895620554685593,-0.76,-2.37,30.36
2.394110683351755,-0.76,-2.37,30.36
2.3984960801899433,-0.75,-2.37,30.36
2.403028544038534,-0.76,-2.37,30.36
2.407473661005497,-0.76,-2.38,30.36
2.4119155071675777,-0.76,-2.37,30.36
2.416415747255087,-0.76,-2.38,30.36
2.420882746577263,-0.76,-2.38,30.36
2.4252904653549194,-0.76,-2.38,30.36
2.4296968951821327,-0.76,-2.38,30.36
2.4342220686376095,-0.75,-2.38,30.36
2.438699461519718,-0.76,-2.38,30.36
2.443199686706066,-0.76,-2.37,30.37
2.447662942111492,-0.75,-2.37,30.36
2.4520930387079716,-0.75,-2.37,30.37
2.4565424993634224,-0.75,-2.37,30.38
2.4610115736722946,-0.76,-2.37,30.38
2.4654753915965557,-0.76,-2.37,30.38
2.4699788466095924,-0.76,-2.37,30.38
2.474411942064762,-0.76,-2.37,30.38
2.4788948483765125,-0.76,-2.37,30.38
2.4833665303885937,-0.76,-2.37,30.38
2.4878417663276196,-0.76,-2.37,30.38
2.492272485047579,-0.76,-2.37,30.38
2.496757388114929,-0.76,-2.37,30.38
2.501163464039564,-0.76,-2.37,30.38
2.5056965984404087,-0.76,-2.37,30.38
2.510167460888624,-0.76,-2.37,30.38
2.514552131295204,-0.75,-2.37,30.38
2.5190500393509865,-0.76,-2.37,30.39
2.5235480405390263,-0.76,-2.38,30.37
2.5280228964984417,-0.75,-2.38,30.37
2.5324729084968567,-0.76,-2.37,30.36
2.5368881821632385,-0.76,-2.38,30.37
2.5413662008941174,-0.76,-2.37,30.37
2.545855488628149,-0.76,-2.37,30.39
2.550256136804819,-0.76,-2.37,30.38
2.554788537323475,-0.76,-2.37,30.36
2.559264115989208,-0.76,-2.37,30.36
2.5636994428932667,-0.76,-2.37,30.36
2.5681884326040745,-0.76,-2.37,30.35
2.572629664093256,-0.76,-2.37,30.35
2.5771069079637527,-0.76,-2.37,30.36
2.581541884690523,-0.76,-2.37,30.37
2.5860268846154213,-0.76,-2.37,30.36
2.590472225099802,-0.76,-2.37,30.36
2.594957400113344,-0.75,-2.38,30.36
2.5994204990565777,-0.75,-2.37,30.36
2.6038385443389416,-0.76,-2.37,30.36
2.6083582155406475,-0.76,-2.38,30.36
2.612819891422987,-0.76,-2.37,30.36
2.617248933762312,-0.75,-2.37,30.37
2.6216940619051456,-0.75,-2.37,30.37
2.6261720918118954,-0.76,-2.37,30.36
2.6305897273123264,-0.75,-2.37,30.36
2.635129690170288,-0.75,-2.37,30.37
2.639507334679365,-0.76,-2.37,30.38
2.644054837524891,-0.76,-2.37,30.39
2.6484866477549076,-0.76,-2.37,30.41
2.6529828421771526,-0.76,-2.37,30.4
2.6574523262679577,-0.76,-2.37,30.4
2.6619052812457085,-0.76,-2.37,30.4
2.666342258453369,-0.76,-2.37,30.4
2.6708446592092514,-0.76,-2.37,30.4
2.675272587686777,-0.76,-2.37,30.4
2.6796476021409035,-0.76,-2.37,30.4
2.6841219291090965,-0.76,-2.37,30.4
2.6886829286813736,-0.76,-2.37,30.4
2.6931647546589375,-0.76,-2.37,30.4
2.697606861591339,-0.76,-2.37,30.42
2.7020838297903538,-0.76,-2.37,30.4
2.706497088074684,-0.76,-2.37,30.4
2.711009703576565,-0.76,-2.37,30.42
2.7154580503702164,-0.76,-2.37,30.42
2.719940111041069,-0.76,-2.37,30.41
2.7243885211646557,-0.75,-2.37,30.41
2.7288751043379307,-0.76,-2.37,30.43
2.733340822160244,-0.75,-2.37,30.44
2.73778859898448,-0.75,-2.37,30.44
2.7422612234950066,-0.76,-2.37,30.44
2.7466870434582233,-0.76,-2.37,30.44
2.751195654273033,-0.75,-2.37,30.43
2.7556237392127514,-0.75,-2.37,30.43
2.760001413524151,-0.76,-2.37,30.44
2.7645352631807327,-0.76,-2.37,30.44
2.769022211432457,-0.75,-2.37,30.44
2.7734912112355232,-0.76,-2.37,30.44
2.7779582291841507,-0.76,-2.36,30.44
2.782417356967926,-0.76,-2.36,30.45
2.7868903502821922,-0.75,-2.36,30.45
2.791297536343336,-0.76,-2.37,30.45
2.79577449709177,-0.75,-2.37,30.44
2.8002407997846603,-0.76,-2.37,30.45
2.8046838492155075,-0.76,-2.37,30.45
2.8092061951756477,-0.75,-2.36,30.45
2.813662610948086,-0.75,-2.37,30.45
2.818135891109705,-0.76,-2.37,30.45
2.822598349303007,-0.76,-2.37,30.45
2.827028926461935,-0.76,-2.37,30.45
2.8315447829663754,-0.76,-2.37,30.45
2.8359660916030407,-0.76,-2.37,30.45
2.840363148599863,-0.75,-2.37,30.45
2.8448138907551765,-0.76,-2.37,30.45
2.8494003005325794,-0.76,-2.36,30.44
2.853756081312895,-0.75,-2.36,30.45
2.8583220951259136,-0.75,-2.37,30.45
2.8627778813242912,-0.76,-2.37,30.45
2.8672051951289177,-0.76,-2.37,30.45
2.871688883751631,-0.76,-2.37,30.44
2.8761383444070816,-0.75,-2.37,30.45
2.8806348852813244,-0.76,-2.37,30.45
2.885000094771385,-0.75,-2.37,30.45
2.8895149901509285,-0.76,-2.37,30.45
2.8939921855926514,-0.75,-2.37,30.45
2.898391578346491,-0.76,-2.37,30.45
2.902949672192335,-0.76,-2.37,30.45
2.907410267740488,-0.75,-2.37,30.45
2.911870066076517,-0.75,-2.37,30.45
2.916347697377205,-0.75,-2.37,30.45
2.9207837730646133,-0.75,-2.37,30.44
2.925261579453945,-0.76,-2.37,30.44
2.92974104359746,-0.76,-2.36,30.44
2.9340784400701523,-0.76,-2.37,30.44
2.9385464638471603,-0.76,-2.36,30.45
2.9431307911872864,-0.76,-2.37,30.45
2.947589583694935,-0.75,-2.36,30.45
2.9520521350204945,-0.75,-2.36,30.46
2.95648106187582,-0.76,-2.36,30.45
2.96092277392745,-0.75,-2.36,30.46
2.9653836376965046,-0.76,-2.36,30.44
2.9698813781142235,-0.76,-2.36,30.45
2.974347461014986,-0.76,-2.36,30.44
2.978835079818964,-0.76,-2.36,30.44
2.983290109783411,-0.75,-2.36,30.44
2.9877535104751587,-0.75,-2.36,30.45
2.99221158772707,-0.76,-2.36,30.46
2.9966458342969418,-0.75,-2.36,30.45
3.0011503882706165,-0.75,-2.36,30.45
3.0055194087326527,-0.75,-2.36,30.43
3.0100643411278725,-0.75,-2.36,30.4
3.014541197568178,-0.76,-2.36,30.41
3.018946658819914,-0.75,-2.36,30.41
3.023467604070902,-0.75,-2.36,30.4
3.027914237231016,-0.75,-2.36,30.4
3.0323755852878094,-0.75,-2.36,30.41
3.036857195198536,-0.76,-2.36,30.4
3.0413090698421,-0.75,-2.36,30.39
3.0457312241196632,-0.75,-2.36,30.4
3.0502303168177605,-0.75,-2.36,30.4
3.0546784214675426,-0.75,-2.36,30.4
3.059184070676565,-0.75,-2.36,30.42
3.0635926611721516,-0.75,-2.36,30.42
3.068095527589321,-0.76,-2.36,30.42
3.072565760463476,-0.75,-2.36,30.42
3.077010251581669,-0.75,-2.36,30.4
3.0814915262162685,-0.75,-2.36,30.43
3.0859388820827007,-0.76,-2.35,30.45
3.0904108434915543,-0.76,-2.36,30.47
3.094855308532715,-0.75,-2.35,30.48
3.099293999373913,-0.75,-2.36,30.48
3.103783778846264,-0.75,-2.35,30.48
3.1082751229405403,-0.75,-2.35,30.49
3.1127454563975334,-0.75,-2.35,30.48
3.117187738418579,-0.75,-2.35,30.48
3.1216362193226814,-0.75,-2.35,30.48
3.126105811446905,-0.76,-2.35,30.48
3.130559016019106,-0.75,-2.35,30.48
3.135018862783909,-0.76,-2.35,30.48
3.139420907944441,-0.76,-2.35,30.48
3.143977392464876,-0.75,-2.35,30.47
3.148445285856724,-0.75,-2.35,30.48
3.1529073268175125,-0.75,-2.35,30.47
3.157372798770666,-0.76,-2.35,30.47
3.161827579140663,-0.76,-2.35,30.47
3.166290055960417,-0.76,-2.35,30.48
3.1707128174602985,-0.76,-2.35,30.48
3.1751810908317566,-0.76,-2.35,30.47
3.1796716786921024,-0.75,-2.35,30.47
3.1841174848377705,-0.75,-2.35,30.47
3.18861098960042,-0.75,-2.35,30.47
3.1930751390755177,-0.76,-2.35,30.47
3.1975393518805504,-0.76,-2.35,30.48
3.2019941695034504,-0.76,-2.35,30.48
3.2064638175070286,-0.75,-2.35,30.48
3.2109231539070606,-0.75,-2.35,30.47
3.215384140610695,-0.75,-2.35,30.48
3.2198101095855236,-0.75,-2.35,30.47
3.2243272475898266,-0.75,-2.35,30.48
3.2287343218922615,-0.75,-2.35,30.48
3.2332467176020145,-0.76,-2.35,30.48
3.237694624811411,-0.75,-2.35,30.48
3.2421650514006615,-0.75,-2.35,30.48
3.246647097170353,-0.76,-2.35,30.48
3.2510789558291435,-0.76,-2.35,30.48
3.2555496767163277,-0.75,-2.35,30.48
3.26003460213542,-0.76,-2.35,30.48
3.264469552785158,-0.76,-2.35,30.48
3.2689321786165237,-0.75,-2.35,30.48
3.2734148129820824,-0.75,-2.35,30.48
3.2778815887868404,-0.76,-2.35,30.48
3.282350044697523,-0.76,-2.35,30.48
3.286793503910303,-0.75,-2.35,30.48
3.2912781797349453,-0.76,-2.35,30.48
3.295780770480633,-0.76,-2.35,30.48
3.300205994397402,-0.76,-2.35,30.48
3.3046630397439003,-0.75,-2.35,30.48
3.3091014698147774,-0.75,-2.35,30.48
3.313585314899683,-0.75,-2.35,30.48
3.3180526085197926,-0.75,-2.35,30.48
3.3225027769804,-0.75,-2.35,30.48
3.326982405036688,-0.75,-2.35,30.48
3.331449143588543,-0.75,-2.35,30.48
3.33591478317976,-0.75,-2.35,30.48
3.3403820022940636,-0.76,-2.35,30.48
3.34483490511775,-0.75,-2.35,30.48
3.3493003994226456,-0.75,-2.35,30.48
3.3537149392068386,-0.76,-2.35,30.48
3.35826151445508,-0.75,-2.35,30.48
3.3626745007932186,-0.75,-2.35,30.48
3.3671446219086647,-0.75,-2.35,30.48
3.371607519686222,-0.75,-2.35,30.49
3.376076750457287,-0.75,-2.35,30.48
3.380551867187023,-0.75,-2.35,30.49
3.3849519677460194,-0.76,-2.35,30.49
3.389466192573309,-0.76,-2.35,30.49
3.3939385414123535,-0.76,-2.35,30.49
3.398290403187275,-0.75,-2.35,30.48
3.4028525352478027,-0.75,-2.35,30.48
3.4073119424283504,-0.75,-2.35,30.48
3.411788582801819,-0.76,-2.35,30.49
3.4162534065544605,-0.76,-2.35,30.49
3.420693274587393,-0.76,-2.35,30.49
3.4251919128000736,-0.76,-2.35,30.49
3.4296120777726173,-0.76,-2.35,30.5
3.434074267745018,-0.76,-2.35,30.44
3.43856468051672,-0.75,-2.34,30.44
3.443030819296837,-0.75,-2.35,30.44
3.4474714510142803,-0.75,-2.35,30.44
3.451918985694647,-0.76,-2.35,30.45
3.456422857940197,-0.75,-2.35,30.44
3.460889358073473,-0.75,-2.34,30.44
3.4653295502066612,-0.75,-2.34,30.45
3.4698107317090034,-0.75,-2.34,30.46
3.474278051406145,-0.75,-2.34,30.46
3.478731457144022,-0.75,-2.35,30.45
3.483206495642662,-0.75,-2.35,30.46
3.4876553677022457,-0.75,-2.35,30.46
3.4921304769814014,-0.76,-2.35,30.46
3.49657791107893,-0.76,-2.35,30.46
3.5010246224701405,-0.75,-2.35,30.46
3.5055234394967556,-0.75,-2.35,30.46
3.5099972002208233,-0.75,-2.34,30.49
3.514439456164837,-0.75,-2.34,30.53
3.5188960172235966,-0.75,-2.34,30.53
3.5233807489275932,-0.75,-2.34,30.53
3.527834165841341,-0.75,-2.34,30.52
3.532291792333126,-0.76,-2.34,30.52
3.5367586947977543,-0.75,-2.34,30.52
3.5411883518099785,-0.76,-2.34,30.52
3.5456856340169907,-0.75,-2.34,30.52
3.5501504950225353,-0.75,-2.34,30.52
3.554619964212179,-0.75,-2.34,30.52
3.5590656399726868,-0.75,-2.34,30.53
3.5635470524430275,-0.75,-2.34,30.52
3.568005248904228,-0.76,-2.34,30.52
3.5724513940513134,-0.75,-2.34,30.52
3.576913896948099,-0.75,-2.34,30.52
3.5813422352075577,-0.75,-2.34,30.53
3.585864085704088,-0.75,-2.34,30.52
3.590333469212055,-0.76,-2.34,30.53
3.5947760306298733,-0.75,-2.34,30.51
3.5992633178830147,-0.75,-2.34,30.52
3.6037203520536423,-0.75,-2.34,30.52
3.6081842072308064,-0.75,-2.34,30.52
3.6126393266022205,-0.75,-2.34,30.52
3.617099680006504,-0.75,-2.34,30.52
3.621518112719059,-0.76,-2.34,30.52
3.6260425001382828,-0.75,-2.34,30.52
3.6304668225347996,-0.75,-2.34,30.52
3.6349606178700924,-0.75,-2.34,30.53
3.639424741268158,-0.75,-2.34,30.52
3.643868062645197,-0.75,-2.34,30.52
3.6483597345650196,-0.75,-2.34,30.53
3.652805931866169,-0.75,-2.34,30.52
3.657267637550831,-0.75,-2.34,30.52
3.661732040345669,-0.75,-2.34,30.53
3.666205696761608,-0.75,-2.34,30.53
3.6706247739493847,-0.75,-2.34,30.52
3.6751280315220356,-0.75,-2.34,30.52
3.6795950047671795,-0.75,-2.34,30.53
3.6840616054832935,-0.75,-2.34,30.53
3.6885260865092278,-0.76,-2.34,30.52
3.6929840594530106,-0.75,-2.34,30.52
3.6974279955029488,-0.75,-2.34,30.52
3.7019095830619335,-0.75,-2.34,30.52
3.706373307853937,-0.75,-2.34,30.52
3.7108415327966213,-0.75,-2.34,30.52
3.7152925729751587,-0.76,-2.34,30.52
3.71975988894701,-0.75,-2.34,30.53
3.7240992039442062,-0.75,-2.34,30.53
3.7286543622612953,-0.75,-2.34,30.52
3.733158327639103,-0.75,-2.34,30.52
3.7376206405460835,-0.75,-2.34,30.52
3.742090579122305,-0.75,-2.34,30.52
3.7465483732521534,-0.75,-2.33,30.52
3.7509459480643272,-0.75,-2.34,30.53
3.7554664835333824,-0.75,-2.34,30.53
3.759934663772583,-0.75,-2.34,30.52
3.7643399462103844,-0.75,-2.34,30.52
3.7687676399946213,-0.75,-2.34,30.53
3.7733393907546997,-0.75,-2.34,30.49
3.7777929939329624,-0.75,-2.33,30.52
3.782226126641035,-0.75,-2.34,30.52
3.786714155226946,-0.75,-2.34,30.52
3.7911495491862297,-0.75,-2.34,30.51
3.7956502996385098,-0.75,-2.34,30.52
3.8000927083194256,-0.75,-2.33,30.52
3.804519560188055,-0.75,-2.34,30.52
3.80903285369277,-0.75,-2.34,30.51
3.8134575933218002,-0.75,-2.34,30.52
3.8179775066673756,-0.75,-2.34,30.52
3.8224083445966244,-0.75,-2.34,30.52
3.8269043304026127,-0.75,-2.34,30.52
3.8312950506806374,-0.75,-2.34,30.52
3.8358225859701633,-0.75,-2.34,30.52
3.8402583077549934,-0.75,-2.34,30.52
3.844737946987152,-0.75,-2.34,30.52
3.8491421304643154,-0.75,-2.34,30.52
3.8536744974553585,-0.75,-2.34,30.52
3.8581333570182323,-0.75,-2.34,30.52
3.862589068710804,-0.75,-2.33,30.52
3.8670278415083885,-0.75,-2.33,30.52
3.871503997594118,-0.75,-2.33,30.52
3.875960662961006,-0.75,-2.33,30.52
3.8804308101534843,-0.75,-2.33,30.52
3.88492913544178,-0.75,-2.33,30.52
3.8892605677247047,-0.76,-2.34,30.52
3.893842950463295,-0.75,-2.33,30.52
3.898320209234953,-0.75,-2.33,30.52
3.9027662537992,-0.75,-2.33,30.52
3.907211199402809,-0.75,-2.33,30.52
3.911703109741211,-0.75,-2.33,30.52
3.916159760206938,-0.75,-2.33,30.52
3.920624427497387,-0.75,-2.33,30.52
3.9250845536589622,-0.75,-2.33,30.52
3.929462432861328,-0.75,-2.33,30.53
3.933937147259712,-0.75,-2.33,30.52
3.938436295837164,-0.75,-2.33,30.53
3.942938879132271,-0.75,-2.33,30.53
3.9474097080528736,-0.75,-2.33,30.53
3.9518695510923862,-0.75,-2.33,30.53
3.9563246555626392,-0.75,-2.33,30.53
3.960716374218464,-0.75,-2.33,30.53
3.965236570686102,-0.75,-2.33,30.53
3.969683852046728,-0.75,-2.34,30.53
3.9741262942552567,-0.75,-2.33,30.53
3.9785034097731113,-0.75,-2.33,30.53
3.983114864677191,-0.75,-2.33,30.53
3.9875638373196125,-0.75,-2.34,30.53
3.9920322448015213,-0.75,-2.33,30.53
3.996452998369932,-0.75,-2.33,30.53
4.0009469129145145,-0.76,-2.33,30.53
4.00541464984417,-0.75,-2.33,30.53
4.009847197681665,-0.75,-2.33,30.53
4.014349102973938,-0.75,-2.33,30.53
4.01882528886199,-0.75,-2.33,30.53
4.023270919919014,-0.75,-2.33,30.53
4.027743969112635,-0.75,-2.33,30.53
4.032212417572737,-0.75,-2.33,30.53
4.0366475731134415,-0.75,-2.33,30.53
4.0411425940692425,-0.75,-2.33,30.53
4.045520223677158,-0.75,-2.33,30.53
4.050000421702862,-0.75,-2.33,30.53
4.054511908441782,-0.75,-2.33,30.53
4.058892376720905,-0.75,-2.33,30.53
4.06343375518918,-0.75,-2.33,30.53
4.067921631038189,-0.75,-2.33,30.53
4.072366617619991,-0.75,-2.33,30.53
4.076805096119642,-0.75,-2.33,30.53
4.08129632845521,-0.75,-2.33,30.53
4.085735712200403,-0.75,-2.33,30.53
4.090177182108164,-0.75,-2.33,30.53
4.09465279057622,-0.75,-2.33,30.53
4.0991580076515675,-0.75,-2.33,30.53
4.10359388589859,-0.75,-2.33,30.53
4.108072739094496,-0.75,-2.33,30.53
4.112542048096657,-0.74,-2.33,30.53
4.116990257054567,-0.75,-2.33,30.53
4.121476199477911,-0.75,-2.33,30.53
4.12591066211462,-0.75,-2.33,30.53
4.130406603217125,-0.75,-2.33,30.53
4.134829454123974,-0.75,-2.33,30.53
4.139277178794146,-0.75,-2.33,30.53
4.1437941156327724,-0.75,-2.33,30.53
4.14827486127615,-0.75,-2.33,30.53
4.1527207009494305,-0.75,-2.33,30.53
4.15716901794076,-0.75,-2.33,30.53
4.161647453904152,-0.75,-2.33,30.53
4.166120409965515,-0.75,-2.33,30.53
4.170563716441393,-0.76,-2.33,30.53
4.175033342093229,-0.75,-2.33,30.54
4.179389748722315,-0.75,-2.33,30.53
4.183982476592064,-0.75,-2.33,30.54
4.1883909069001675,-0.75,-2.33,30.54
4.192896857857704,-0.75,-2.33,30.54
4.197339780628681,-0.75,-2.33,30.54
4.201818834990263,-0.75,-2.33,30.54
4.206300459802151,-0.75,-2.33,30.54
4.2107418440282345,-0.75,-2.33,30.54
4.215207256376743,-0.75,-2.32,30.54
4.219621144235134,-0.75,-2.33,30.54
4.224145296961069,-0.75,-2.33,30.54
4.228545896708965,-0.75,-2.33,30.54
4.233076989650726,-0.75,-2.33,30.54
4.23752037063241,-0.75,-2.33,30.54
4.241995207965374,-0.75,-2.33,30.54
4.24646257981658,-0.75,-2.33,30.52
4.250928584486246,-0.75,-2.33,30.49
4.255341339856386,-0.75,-2.33,30.49
4.259776134043932,-0.75,-2.33,30.49
4.264313079416752,-0.75,-2.33,30.49
4.268719960004091,-0.75,-2.33,30.49
4.273252785205841,-0.75,-2.33,30.5
4.277713533490896,-0.75,-2.33,30.51
4.28216302767396,-0.75,-2.33,30.53
4.286631807684898,-0.75,-2.33,30.55
4.291082374751568,-0.75,-2.33,30.55
4.295563742518425,-0.75,-2.33,30.56
4.3000249825417995,-0.76,-2.33,30.56
4.3044783510267735,-0.75,-2.33,30.55
4.308962561190128,-0.75,-2.33,30.55
4.3134194649755955,-0.75,-2.33,30.55
4.31787596642971,-0.75,-2.33,30.55
4.3223380371928215,-0.75,-2.33,30.56
4.32679944857955,-0.75,-2.33,30.56
4.331266395747662,-0.75,-2.33,30.56
4.3357246443629265,-0.75,-2.33,30.56
4.340177860110998,-0.75,-2.33,30.55
4.3446540124714375,-0.75,-2.33,30.55
4.349121298640966,-0.75,-2.33,30.56
4.353571888059378,-0.75,-2.33,30.56
4.358029130846262,-0.75,-2.33,30.55
4.362512230873108,-0.75,-2.34,30.55
4.366959933191538,-0.75,-2.33,30.55
4.371424112468958,-0.75,-2.33,30.55
4.375899367034435,-0.75,-2.34,30.56
4.380352836102247,-0.75,-2.34,30.56
4.384817313402891,-0.75,-2.34,30.55
4.389278281480074,-0.75,-2.34,30.55
4.3937426917254925,-0.75,-2.34,30.56
4.398204576224089,-0.75,-2.34,30.56
4.402669969946146,-0.75,-2.34,30.56
4.407138679176569,-0.75,-2.34,30.56
4.411603167653084,-0.75,-2.34,30.56
4.416059482842684,-0.75,-2.34,30.56
4.42053134739399,-0.75,-2.34,30.56
4.4249861389398575,-0.75,-2.34,30.56
4.4294528514146805,-0.75,-2.34,30.55
4.433910362422466,-0.75,-2.33,30.55
4.438374996185303,-0.75,-2.33,30.55
4.442837595939636,-0.75,-2.34,30.56
4.447297934442759,-0.75,-2.33,30.56
4.451772514730692,-0.75,-2.34,30.55
4.456238009035587,-0.75,-2.33,30.56
4.460705138742924,-0.75,-2.33,30.56
4.46516240760684,-0.75,-2.33,30.55
4.469619829207659,-0.76,-2.33,30.56
4.474090453237295,-0.75,-2.33,30.56
4.478545073419809,-0.75,-2.33,30.56
4.483012840151787,-0.75,-2.33,30.56
4.487473081797361,-0.75,-2.33,30.56
4.491936303675175,-0.75,-2.33,30.56
4.4963948875665665,-0.75,-2.33,30.56
4.500858619809151,-0.75,-2.33,30.56
4.505327437072992,-0.75,-2.33,30.56
4.509804878383875,-0.75,-2.33,30.56
4.514258477836847,-0.75,-2.33,30.56
4.518718995153904,-0.75,-2.33,30.56
4.523181218653917,-0.75,-2.33,30.56
4.527639020234346,-0.75,-2.33,30.56
4.53211622312665,-0.75,-2.33,30.56
4.5365744940936565,-0.75,-2.33,30.56
4.541023571044207,-0.76,-2.33,30.57
4.545495942234993,-0.75,-2.33,30.58
4.5499635227024555,-0.75,-2.33,30.59
4.55443025752902,-0.75,-2.33,30.57
4.558886934071779,-0.76,-2.33,30.54
4.563350297510624,-0.75,-2.33,30.56
4.567805048078299,-0.75,-2.33,30.55
4.572276551276445,-0.75,-2.33,30.56
4.576732385903597,-0.75,-2.33,30.57
4.58120321854949,-0.75,-2.33,30.57
4.585669178515673,-0.75,-2.33,30.57
4.590128559619188,-0.75,-2.33,30.57
4.594596579670906,-0.75,-2.34,30.57
4.599049091339111,-0.75,-2.34,30.57
4.603512622416019,-0.75,-2.33,30.57
4.607980873435736,-0.75,-2.33,30.56
4.612450994551182,-0.75,-2.33,30.56
4.616899833083153,-0.75,-2.34,30.56
4.621361806988716,-0.75,-2.34,30.56
4.625824894756079,-0.75,-2.33,30.56
4.630324505269527,-0.75,-2.34,30.56
4.634755108505487,-0.75,-2.33,30.56
4.639228537678719,-0.75,-2.33,30.58
4.64368537440896,-0.75,-2.33,30.58
4.64815678447485,-0.75,-2.33,30.57
4.652629964053631,-0.75,-2.33,30.57
4.6570747047662735,-0.75,-2.33,30.6
4.661538738757372,-0.75,-2.33,30.61
4.665995378047228,-0.75,-2.33,30.59
4.6704669483006,-0.75,-2.33,30.58
4.674930710345507,-0.75,-2.33,30.58
4.679385520517826,-0.75,-2.33,30.58
4.683854378759861,-0.75,-2.33,30.58
4.688316460698843,-0.75,-2.33,30.58
4.692783176898956,-0.75,-2.33,30.58
4.697244789451361,-0.75,-2.33,30.57
4.701712489128113,-0.75,-2.33,30.57
4.706161011010408,-0.75,-2.33,30.57
4.710674148052931,-0.75,-2.33,30.58
4.715090371668339,-0.75,-2.33,30.58
4.719563379883766,-0.75,-2.33,30.58
4.72401600331068,-0.75,-2.33,30.58
4.728478115051985,-0.75,-2.33,30.58
4.732950072735548,-0.75,-2.33,30.58
4.737425707280636,-0.75,-2.33,30.59
4.741872183978558,-0.75,-2.33,30.51
4.7463402561843395,-0.75,-2.33,30.53
4.7507993914186954,-0.75,-2.33,30.53
4.7552694752812386,-0.75,-2.33,30.53
4.759738780558109,-0.75,-2.33,30.54
4.7641992792487144,-0.75,-2.33,30.53
4.768648628145456,-0.75,-2.33,30.53
4.773112662136555,-0.75,-2.33,30.53
4.777587749063969,-0.75,-2.33,30.53
4.78205693513155,-0.75,-2.33,30.53
4.786495741456747,-0.75,-2.33,30.54
4.790965780615807,-0.75,-2.33,30.53
4.795453254133463,-0.75,-2.33,30.53
4.799895063042641,-0.75,-2.33,30.53
4.804358799010515,-0.75,-2.33,30.54
4.80881716683507,-0.75,-2.33,30.54
4.8132920525968075,-0.75,-2.33,30.54
4.81775950267911,-0.75,-2.33,30.53
4.822207383811474,-0.75,-2.33,30.54
4.826695539057255,-0.75,-2.33,30.54
4.831153754144907,-0.75,-2.33,30.54
4.835607070475817,-0.75,-2.33,30.54
4.840072341263294,-0.75,-2.33,30.54
4.8445200100541115,-0.75,-2.33,30.54
4.848987236618996,-0.75,-2.33,30.54
4.8534594140946865,-0.75,-2.33,30.54
4.857916884124279,-0.75,-2.33,30.54
4.8623970076441765,-0.75,-2.33,30.54
4.866850052028894,-0.75,-2.33,30.54
4.87131954357028,-0.75,-2.33,30.54
4.8757798336446285,-0.75,-2.33,30.54
4.880243137478828,-0.75,-2.33,30.54
4.88472343236208,-0.75,-2.33,30.54
4.889161668717861,-0.75,-2.33,30.54
4.893642652779818,-0.75,-2.33,30.54
4.89809101447463,-0.75,-2.33,30.54
4.902554873377085,-0.75,-2.33,30.55
4.907014288008213,-0.75,-2.33,30.55
4.9114797078073025,-0.75,-2.33,30.61
4.915935825556517,-0.75,-2.33,30.61
4.920403752475977,-0.75,-2.33,30.61
4.924861274659634,-0.75,-2.33,30.61
4.9293303824961185,-0.75,-2.33,30.6
4.933786686509848,-0.75,-2.33,30.6
4.938273336738348,-0.75,-2.33,30.61
4.9427297711372375,-0.75,-2.33,30.59
4.947193130850792,-0.75,-2.33,30.59
4.951652720570564,-0.75,-2.33,30.58
4.956113524734974,-0.75,-2.33,30.59
4.960578393191099,-0.76,-2.33,30.57
4.965031206607819,-0.75,-2.33,30.56
4.969500258564949,-0.75,-2.33,30.6
4.973969221115112,-0.75,-2.33,30.6
4.978419788181782,-0.75,-2.33,30.58
4.982899535447359,-0.75,-2.33,30.59
4.9873475432395935,-0.75,-2.33,30.57
4.991828568279743,-0.75,-2.33,30.61
4.996297191828489,-0.75,-2.33,30.6
5.000744700431824,-0.75,-2.33,30.6
5.00521469861269,-0.75,-2.33,30.61
5.0096754767000675,-0.75,-2.33,30.6
5.014127962291241,-0.75,-2.33,30.58
5.018602933734655,-0.75,-2.33,30.61
5.023064024746418,-0.75,-2.33,30.61
5.027512792497873,-0.75,-2.33,30.62
5.031982894986868,-0.75,-2.32,30.62
5.036451485008001,-0.75,-2.32,30.62
5.040912911295891,-0.75,-2.32,30.62
5.045374669134617,-0.75,-2.32,30.62
5.04984712600708,-0.75,-2.32,30.62
5.054299965500832,-0.75,-2.32,30.62
5.058779641985893,-0.75,-2.32,30.62
5.0632257498800755,-0.75,-2.32,30.62
5.06769896671176,-0.76,-2.32,30.62
5.07216165587306,-0.75,-2.32,30.63
5.076609566807747,-0.76,-2.32,30.62
5.081077508628368,-0.75,-2.32,30.62
5.085557904094458,-0.75,-2.32,30.63
5.0900012739002705,-0.75,-2.32,30.62
5.094472948461771,-0.75,-2.32,30.63
5.098953928798437,-0.75,-2.32,30.63
5.103387538343668,-0.75,-2.32,30.63
5.107865214347839,-0.76,-2.32,30.63
5.112318214029074,-0.75,-2.32,30.63
5.116784278303385,-0.75,-2.32,30.63
5.121256161481142,-0.75,-2.32,30.63
5.125722121447325,-0.75,-2.32,30.63
5.130178164690733,-0.75,-2.32,30.64
5.134639196097851,-0.75,-2.32,30.66
5.139107421040535,-0.75,-2.32,30.64
5.143572319298983,-0.75,-2.32,30.63
5.148022495210171,-0.75,-2.32,30.62
5.152486622333527,-0.75,-2.32,30.63
5.1569586135447025,-0.75,-2.32,30.63
5.161414816975594,-0.75,-2.32,30.58
5.165874976664782,-0.75,-2.32,30.58
5.17034488171339,-0.75,-2.32,30.58
5.174815133213997,-0.76,-2.32,30.57
5.1792661771178246,-0.76,-2.32,30.57
5.183734681457281,-0.75,-2.32,30.58
5.188211042433977,-0.75,-2.32,30.6
5.192657932639122,-0.75,-2.32,30.61
5.1971342377364635,-0.76,-2.32,30.62
5.201670721173286,-0.75,-2.32,30.63
5.206054151058197,-0.75,-2.31,30.64
5.210515346378088,-0.75,-2.32,30.62
5.214971523731947,-0.76,-2.31,30.63
5.219429679214954,-0.75,-2.31,30.63
5.223904483020306,-0.76,-2.32,30.63
5.228358220309019,-0.75,-2.31,30.63
5.232834260910749,-0.75,-2.32,30.63
5.237292233854532,-0.75,-2.32,30.63
5.241767022758722,-0.75,-2.31,30.63
5.246216658502817,-0.76,-2.32,30.63
5.250673875212669,-0.76,-2.31,30.63
5.25515578687191,-0.75,-2.31,30.63
5.259614370763302,-0.75,-2.31,30.63
5.264083337038755,-0.76,-2.31,30.63
5.268555510789156,-0.76,-2.31,30.63
5.272994622588158,-0.75,-2.31,30.63
5.277467664331198,-0.76,-2.31,30.63
5.281922444701195,-0.75,-2.31,30.63
5.2863988652825356,-0.75,-2.31,30.63
5.29085385799408,-0.76,-2.31,30.63
5.295316092669964,-0.75,-2.31,30.63
5.299772508442402,-0.75,-2.31,30.63
5.304250705987215,-0.76,-2.32,30.63
5.30869285017252,-0.75,-2.31,30.63
5.313176967203617,-0.75,-2.31,30.62
5.317640379071236,-0.75,-2.31,30.63
5.322114039212465,-0.75,-2.31,30.63
5.326571207493544,-0.75,-2.31,30.63
5.331029675900936,-0.75,-2.31,30.63
5.335495624691248,-0.75,-2.31,30.63
5.339967962354422,-0.75,-2.31,30.63
5.344407856464386,-0.76,-2.31,30.63
5.348879259079695,-0.75,-2.31,30.64
5.3533416874706745,-0.75,-2.31,30.64
5.35780269280076,-0.75,-2.31,30.64
5.362264923751354,-0.75,-2.31,30.64
5.366738725453615,-0.75,-2.31,30.64
5.371191363781691,-0.75,-2.31,30.57
5.375660497695208,-0.75,-2.31,30.57
5.3801174238324165,-0.76,-2.31,30.59
5.384585242718458,-0.75,-2.31,30.62
5.3890436962246895,-0.75,-2.31,30.63
5.393516305834055,-0.75,-2.31,30.63
5.397973500192165,-0.75,-2.31,30.63
5.402444671839476,-0.75,-2.31,30.64
5.406898569315672,-0.76,-2.31,30.63
5.411355536431074,-0.75,-2.31,30.64
5.415817618370056,-0.75,-2.31,30.64
5.420295845717192,-0.75,-2.31,30.64
5.424750916659832,-0.75,-2.31,30.64
5.4292059652507305,-0.76,-2.31,30.64
5.433679103851318,-0.75,-2.31,30.64
5.43814467638731,-0.75,-2.31,30.64
5.442619394510984,-0.75,-2.31,30.62
5.447069179266691,-0.75,-2.31,30.62
5.451514415442944,-0.75,-2.31,30.63
5.4559818878769875,-0.75,-2.31,30.62
5.460454478859901,-0.75,-2.31,30.62
5.464930381625891,-0.75,-2.31,30.63
5.469382669776678,-0.76,-2.31,30.63
5.4738365933299065,-0.75,-2.31,30.63
5.478302922099829,-0.76,-2.31,30.63
5.482765819877386,-0.75,-2.31,30.62
5.48724190145731,-0.75,-2.31,30.63
5.491695299744606,-0.75,-2.31,30.63
5.496150337159634,-0.75,-2.31,30.63
5.500618912279606,-0.75,-2.31,30.63
5.505091063678265,-0.75,-2.31,30.63
5.50955780595541,-0.75,-2.31,30.64
5.514009427279234,-0.75,-2.31,30.64
5.518468365073204,-0.75,-2.31,30.63
5.5229312144219875,-0.75,-2.31,30.63
5.527398955076933,-0.75,-2.31,30.62
5.5318661741912365,-0.75,-2.31,30.61
5.536318019032478,-0.75,-2.31,30.63
5.5407869592309,-0.75,-2.31,30.6
5.545257117599249,-0.75,-2.31,30.61
5.549728952348232,-0.75,-2.31,30.62
5.554188437759876,-0.76,-2.31,30.62
5.55863930657506,-0.75,-2.31,30.6
5.563115913420916,-0.75,-2.31,30.57
5.5675673596560955,-0.75,-2.31,30.58
5.572042219340801,-0.75,-2.31,30.59
5.576500412076712,-0.75,-2.31,30.61
5.580970827490091,-0.75,-2.31,30.62
5.585434157401323,-0.75,-2.31,30.63
5.589895971119404,-0.75,-2.31,30.63
5.594357755035162,-0.75,-2.31,30.6
5.598811209201813,-0.75,-2.32,30.6
5.603273320943117,-0.75,-2.32,30.61
5.60773990303278,-0.75,-2.32,30.61
5.61220295727253,-0.75,-2.31,30.62
5.616677682846785,-0.75,-2.31,30.63
5.621121678501368,-0.75,-2.31,30.64
5.62559499591589,-0.76,-2.31,30.66
5.630055859684944,-0.75,-2.31,30.65
5.634523458778858,-0.75,-2.31,30.66
5.638987645506859,-0.75,-2.31,30.64
5.643444392830133,-0.75,-2.31,30.65
5.647904518991709,-0.75,-2.31,30.65
5.652369603514671,-0.75,-2.31,30.65
5.656826425343752,-0.75,-2.31,30.65
5.661295581609011,-0.75,-2.31,30.65
5.665768079459667,-0.75,-2.31,30.65
5.6702174581587315,-0.75,-2.31,30.64
5.67470271140337,-0.75,-2.31,30.62
5.679157495498657,-0.75,-2.31,30.64
5.68362008780241,-0.75,-2.31,30.6
5.688082806766033,-0.75,-2.31,30.61
5.692536413669586,-0.75,-2.31,30.62
5.696995209902525,-0.75,-2.31,30.62
5.701473783701658,-0.75,-2.31,30.6
5.705933641642332,-0.75,-2.31,30.59
5.71038494259119,-0.75,-2.31,30.59
5.714861199259758,-0.75,-2.31,30.62
5.719315994530916,-0.76,-2.31,30.65
5.723785180598497,-0.75,-2.31,30.65
5.72825126722455,-0.75,-2.32,30.65
5.732725225389004,-0.75,-2.32,30.64
5.737185079604387,-0.75,-2.31,30.64
5.741631917655468,-0.76,-2.31,30.65
5.746110610663891,-0.75,-2.31,30.65
5.750560067594051,-0.75,-2.31,30.65
5.755032222718,-0.75,-2.31,30.65
5.7594945430755615,-0.75,-2.31,30.64
5.763958290219307,-0.75,-2.32,30.64
5.768412996083498,-0.75,-2.31,30.61
5.7728834711015224,-0.75,-2.31,30.64
5.777336843311787,-0.75,-2.31,30.64
5.781820997595787,-0.75,-2.31,30.64
5.786260355263948,-0.75,-2.31,30.63
5.790741644799709,-0.75,-2.32,30.61
5.795188248157501,-0.75,-2.32,30.63
5.799658484756947,-0.75,-2.31,30.63
5.80412095785141,-0.75,-2.31,30.61
5.808578588068485,-0.75,-2.32,30.61
5.8130555003881454,-0.75,-2.31,30.62
5.817516800016165,-0.75,-2.31,30.65
5.821975253522396,-0.75,-2.31,30.64
5.826444938778877,-0.75,-2.31,30.64
5.830902475863695,-0.75,-2.31,30.63
5.835357192903757,-0.75,-2.31,30.64
5.83982066437602,-0.75,-2.31,30.64
5.844293430447578,-0.75,-2.31,30.64
5.848756115883589,-0.76,-2.31,30.64
5.85320845618844,-0.75,-2.31,30.64
5.8576850444078445,-0.75,-2.31,30.64
5.862134389579296,-0.75,-2.31,30.65
5.8666087463498116,-0.75,-2.31,30.64
5.871068872511387,-0.75,-2.31,30.63
5.875642202794552,-0.75,-2.31,30.64
5.879987679421902,-0.75,-2.31,30.64
5.884472887963057,-0.75,-2.32,30.64
5.8889351934194565,-0.75,-2.31,30.64
5.893381837755442,-0.75,-2.31,30.64
5.897848054766655,-0.76,-2.31,30.64
5.902313087135553,-0.75,-2.31,30.64
5.906781245023012,-0.75,-2.31,30.64
5.91125301271677,-0.75,-2.32,30.64
5.9156943298876286,-0.75,-2.31,30.64
5.9201649613678455,-0.75,-2.31,30.64
5.924634926021099,-0.75,-2.31,30.65
5.929091453552246,-0.75,-2.31,30.64
5.933558013290167,-0.75,-2.31,30.64
5.938015006482601,-0.75,-2.31,30.64
5.942498419433832,-0.75,-2.31,30.64
5.946942210197449,-0.75,-2.31,30.64
5.951416369527578,-0.75,-2.31,30.64
5.955862231552601,-0.75,-2.31,30.65
5.960336614400148,-0.75,-2.31,30.65
5.9647992961108685,-0.75,-2.31,30.65
5.969254370778799,-0.75,-2.31,30.64
5.97373478859663,-0.75,-2.31,30.65
5.97819971293211,-0.76,-2.31,30.65
5.982638955116272,-0.75,-2.31,30.65
5.987118151038885,-0.75,-2.31,30.65
5.9915831461548805,-0.75,-2.31,30.64
5.996048115193844,-0.75,-2.31,30.64
6.000491175800562,-0.75,-2.31,30.63
6.004922483116388,-0.75,-2.31,30.65
6.009434599429369,-0.75,-2.31,30.64
6.013879645615816,-0.75,-2.31,30.64
6.018325977027416,-0.75,-2.31,30.64
6.02276699244976,-0.75,-2.31,30.64
6.02723803371191,-0.75,-2.31,30.64
6.031657360494137,-0.76,-2.31,30.64
6.036213431507349,-0.75,-2.31,30.65
6.040599524974823,-0.75,-2.31,30.64
6.045106343924999,-0.75,-2.31,30.65
6.049568369984627,-0.75,-2.31,30.65
6.054061781615019,-0.75,-2.31,30.65
6.0585192777216434,-0.75,-2.31,30.65
6.062977194786072,-0.75,-2.31,30.65
6.067443840205669,-0.75,-2.31,30.64
6.07183625921607,-0.75,-2.31,30.65
6.076371721923351,-0.75,-2.31,30.64
6.080798368901014,-0.75,-2.31,30.61
6.085172161459923,-0.75,-2.31,30.6
6.089767798781395,-0.75,-2.31,30.61
6.094183102250099,-0.75,-2.31,30.61
6.098691094666719,-0.75,-2.31,30.6
6.103127915412188,-0.75,-2.31,30.61
6.107573423534632,-0.75,-2.31,30.6
6.112062942236662,-0.75,-2.31,30.59
6.116478316485882,-0.75,-2.31,30.61
6.121015060693026,-0.76,-2.31,30.62
6.125404357910156,-0.75,-2.31,30.64
6.129800762981176,-0.75,-2.31,30.66
6.134409252554178,-0.75,-2.31,30.65
6.138855889439583,-0.75,-2.31,30.65
6.143305707722902,-0.75,-2.31,30.65
6.147789750248194,-0.75,-2.31,30.63
6.152240160852671,-0.75,-2.31,30.65
6.15670732408762,-0.75,-2.31,30.65
6.161139991134405,-0.75,-2.31,30.65
6.165617693215609,-0.75,-2.31,30.61
6.170161779969931,-0.75,-2.31,30.62
6.174493663012981,-0.75,-2.31,30.65
6.179032936692238,-0.76,-2.31,30.65
6.183477029204369,-0.75,-2.31,30.64
6.187929529696703,-0.75,-2.31,30.67
6.192403294146061,-0.75,-2.31,30.68
6.196859929710627,-0.75,-2.31,30.68
6.201304197311401,-0.75,-2.31,30.65
6.205742049962282,-0.75,-2.31,30.65
6.210179448127747,-0.75,-2.31,30.67
6.2147251740098,-0.75,-2.31,30.65
6.219192031770945,-0.75,-2.31,30.65
6.2236547246575356,-0.75,-2.31,30.65
6.228118002414703,-0.75,-2.31,30.65
6.232590563595295,-0.75,-2.31,30.65
6.236996881663799,-0.75,-2.31,30.65
6.241455737501383,-0.75,-2.31,30.65
6.245951015502214,-0.75,-2.31,30.65
6.2503640204668045,-0.75,-2.31,30.64
6.254889689385891,-0.75,-2.31,30.67
6.259252738207579,-0.75,-2.31,30.66
6.263839520514011,-0.75,-2.31,30.61
6.268293164670467,-0.75,-2.31,30.62
6.272723998874426,-0.75,-2.31,30.62
6.277206603437662,-0.75,-2.31,30.65
6.281696680933237,-0.75,-2.31,30.66
6.2860715463757515,-0.75,-2.31,30.64
6.290500078350306,-0.75,-2.31,30.64
6.2949790097773075,-0.75,-2.31,30.65
6.299485042691231,-0.75,-2.31,30.64
6.303984384983778,-0.75,-2.31,30.66
6.308457598090172,-0.75,-2.31,30.66
6.3129022270441055,-0.75,-2.31,30.66
6.317386951297522,-0.75,-2.31,30.66
6.321850661188364,-0.74,-2.31,30.65
6.326244991272688,-0.75,-2.31,30.62
6.330773036926985,-0.75,-2.31,30.64
6.335157219320536,-0.75,-2.31,30.64
6.339577678591013,-0.75,-2.31,30.62
6.3441429771482944,-0.75,-2.31,30.64
6.348632767796516,-0.75,-2.31,30.62
6.3530997559428215,-0.75,-2.31,30.62
6.357557937502861,-0.75,-2.31,30.63
6.3619665913283825,-0.75,-2.31,30.63
6.366473339498043,-0.75,-2.31,30.66
6.370899725705385,-0.75,-2.31,30.65
6.375355336815119,-0.75,-2.31,30.67
6.379820082336664,-0.75,-2.31,30.67
6.384290270507336,-0.75,-2.31,30.66
6.388669535517693,-0.75,-2.31,30.65
6.3932551965117455,-0.75,-2.31,30.62
6.397723652422428,-0.75,-2.3,30.64
6.402183119207621,-0.75,-2.3,30.64
6.406592655926943,-0.75,-2.3,30.65
6.411114946007729,-0.75,-2.31,30.66
6.415568869560957,-0.75,-2.3,30.65
6.420038651674986,-0.75,-2.3,30.64
6.424504492431879,-0.75,-2.3,30.64
6.428878366947174,-0.75,-2.3,30.67
6.433394592255354,-0.75,-2.3,30.68
6.437879212200642,-0.75,-2.3,30.67
6.44234811514616,-0.75,-2.3,30.66
6.446770999580622,-0.75,-2.3,30.64
6.451266124844551,-0.75,-2.3,30.62
6.455656357109547,-0.75,-2.3,30.63
6.4601826146245,-0.75,-2.3,30.64
6.46465677767992,-0.75,-2.3,30.66
6.469055060297251,-0.75,-2.3,30.67
6.473621886223555,-0.75,-2.3,30.67
6.478059444576502,-0.75,-2.3,30.67
6.482502173632383,-0.75,-2.31,30.62
6.486950974911451,-0.75,-2.31,30.64
6.491439327597618,-0.75,-2.31,30.66
6.495911832898855,-0.75,-2.3,30.67
6.5003050826489925,-0.75,-2.3,30.68
6.504725564271212,-0.75,-2.3,30.68
6.5093003287911415,-0.76,-2.3,30.68
6.513754136860371,-0.75,-2.3,30.68
6.518079161643982,-0.75,-2.3,30.68
6.522679880261421,-0.75,-2.3,30.68
6.527299210429192,-0.75,-2.3,30.68
6.531604800373316,-0.76,-2.3,30.68
6.536015667021275,-0.75,-2.3,30.68
6.540459759533405,-0.75,-2.3,30.68
6.544955711811781,-0.75,-2.3,30.68
6.549462553113699,-0.75,-2.3,30.68
6.553922161459923,-0.75,-2.3,30.68
6.55837681517005,-0.75,-2.3,30.67
6.562859058380127,-0.75,-2.31,30.65
6.567315939813852,-0.75,-2.3,30.67
6.571747969835997,-0.75,-2.31,30.67
6.5761890560388565,-0.75,-2.3,30.67
6.580695286393166,-0.75,-2.31,30.67
6.585119143128395,-0.75,-2.3,30.67
6.589627001434565,-0.75,-2.3,30.67
6.594056885689497,-0.75,-2.3,30.68
6.598559897392988,-0.75,-2.3,30.67
6.60303632542491,-0.75,-2.3,30.67
6.6074808575212955,-0.76,-2.3,30.67
6.611924987286329,-0.75,-2.31,30.67
6.616371680051088,-0.75,-2.3,30.68
6.620817564427853,-0.75,-2.3,30.68
6.625313635915518,-0.75,-2.3,30.68
6.62971568480134,-0.75,-2.3,30.68
6.634190302342176,-0.75,-2.3,30.67
6.638631634414196,-0.76,-2.3,30.67
6.643068786710501,-0.75,-2.3,30.66
6.647655330598354,-0.75,-2.3,30.67
6.65213330462575,-0.75,-2.3,30.67
6.656551789492369,-0.75,-2.3,30.65
6.661017592996359,-0.75,-2.3,30.68
6.665481589734554,-0.75,-2.3,30.67
6.669930707663298,-0.75,-2.3,30.67
6.674415145069361,-0.75,-2.3,30.68
6.678774476051331,-0.75,-2.3,30.66
6.683334544301033,-0.75,-2.3,30.64
6.687797494232655,-0.75,-2.3,30.62
6.692285321652889,-0.75,-2.3,30.63
6.6967303939163685,-0.75,-2.3,30.64
6.701199050992727,-0.75,-2.3,30.67
6.705657597631216,-0.75,-2.3,30.68
6.710086181759834,-0.75,-2.3,30.68
6.714533183723688,-0.75,-2.3,30.68
6.719067823141813,-0.75,-2.3,30.68
6.72352010011673,-0.75,-2.3,30.67
6.7279149033129215,-0.75,-2.3,30.68
6.732456564903259,-0.75,-2.3,30.69
6.736910164356232,-0.75,-2.3,30.68
6.74135884270072,-0.75,-2.3,30.67
6.7458416149020195,-0.75,-2.3,30.64
6.7503084652125835,-0.75,-2.3,30.65
6.754687741398811,-0.75,-2.29,30.65
6.759134657680988,-0.75,-2.3,30.66
6.763692446053028,-0.75,-2.3,30.69
6.768272262066603,-0.75,-2.29,30.68
6.77261982485652,-0.75,-2.3,30.68
6.777080789208412,-0.75,-2.29,30.68
6.781528629362583,-0.75,-2.3,30.68
6.7859988659620285,-0.75,-2.3,30.68
6.790421612560749,-0.75,-2.29,30.68
6.7948691844940186,-0.75,-2.3,30.68
6.799405802041292,-0.75,-2.3,30.68
6.803804092109203,-0.75,-2.29,30.68
6.8083266466856,-0.75,-2.29,30.68
6.812767349183559,-0.75,-2.29,30.68
6.817261550575495,-0.75,-2.29,30.68
6.821701928973198,-0.75,-2.29,30.63
6.826149091124535,-0.75,-2.29,30.64
6.8306007869541645,-0.75,-2.29,30.65
6.835085451602936,-0.75,-2.29,30.63
6.839556574821472,-0.75,-2.29,30.63
6.844010941684246,-0.75,-2.29,30.64
6.848470699042082,-0.75,-2.29,30.66
6.8529449217021465,-0.75,-2.29,30.68
6.857394997030497,-0.75,-2.29,30.68
6.861885443329811,-0.75,-2.29,30.68
6.866355426609516,-0.75,-2.29,30.68
6.870821498334408,-0.75,-2.29,30.69
6.875225350260735,-0.75,-2.29,30.69
6.879731614142656,-0.75,-2.29,30.68
6.884152777493,-0.75,-2.29,30.69
6.888566974550486,-0.75,-2.29,30.68
6.893125060945749,-0.75,-2.29,30.69
6.897586539387703,-0.75,-2.3,30.69
6.9020159132778645,-0.75,-2.3,30.64
6.906504273414612,-0.75,-2.3,30.67
6.910945184528828,-0.75,-2.3,30.68
6.915448401123285,-0.75,-2.29,30.67
6.919900085777044,-0.75,-2.29,30.63
6.9242882914841175,-0.75,-2.29,30.64
6.92880804464221,-0.75,-2.29,30.63
6.933304272592068,-0.75,-2.29,30.62
6.93775899708271,-0.75,-2.3,30.64
6.942182794213295,-0.75,-2.3,30.64
6.946682475507259,-0.75,-2.3,30.65
6.951127789914608,-0.75,-2.3,30.63
6.95557427406311,-0.75,-2.29,30.63
6.960064519196749,-0.75,-2.29,30.64
6.964521925896406,-0.75,-2.3,30.67
6.9689550288021564,-0.75,-2.29,30.69
6.973443228751421,-0.75,-2.3,30.68
6.9778857082128525,-0.75,-2.29,30.71
6.982284527271986,-0.76,-2.3,30.68
6.986860174685717,-0.75,-2.29,30.68
6.991307184100151,-0.75,-2.29,30.68
6.995755661278963,-0.75,-2.29,30.68
7.000196754932404,-0.75,-2.29,30.68
7.004639316350222,-0.75,-2.29,30.69
7.009164467453957,-0.75,-2.29,30.68
7.013615056872368,-0.76,-2.29,30.68
7.017969541251659,-0.75,-2.29,30.68
7.022503573447466,-0.75,-2.29,30.68
7.027016244828701,-0.75,-2.29,30.68
7.031481716781855,-0.75,-2.29,30.67
7.035929258912802,-0.75,-2.29,30.68
7.040372621268034,-0.75,-2.29,30.67
7.0448737889528275,-0.75,-2.29,30.67
7.049293078482151,-0.75,-2.29,30.68
7.0538052804768085,-0.75,-2.29,30.68
7.058218382298946,-0.75,-2.29,30.68
7.062600124627352,-0.75,-2.29,30.68
7.067157920449972,-0.75,-2.29,30.68
7.071634419262409,-0.75,-2.29,30.68
7.076112754642963,-0.75,-2.29,30.68
7.080569606274366,-0.75,-2.29,30.68
7.085026435554028,-0.75,-2.29,30.68
7.089473955333233,-0.75,-2.29,30.68
7.093923799693584,-0.75,-2.29,30.66
7.098419763147831,-0.75,-2.29,30.65
7.102885022759438,-0.75,-2.29,30.65
7.107252132147551,-0.75,-2.29,30.63
7.111790519207716,-0.75,-2.29,30.65
7.116280235350132,-0.75,-2.29,30.63
7.12074737995863,-0.75,-2.29,30.64
7.125173982232809,-0.75,-2.29,30.64
7.129620257765055,-0.75,-2.29,30.64
7.134143833070993,-0.75,-2.29,30.63
7.138527173548937,-0.76,-2.29,30.64
7.143032316118479,-0.75,-2.29,30.63
7.147505700588226,-0.75,-2.29,30.63
7.151978451758623,-0.75,-2.29,30.63
7.156462654471397,-0.75,-2.29,30.62
7.160914871841669,-0.75,-2.28,30.63
7.16535272076726,-0.75,-2.28,30.62
7.169835887849331,-0.75,-2.29,30.63
7.174242690205574,-0.75,-2.29,30.64
7.178746983408928,-0.75,-2.29,30.65
7.1831279546022415,-0.75,-2.29,30.63
7.187682151794434,-0.75,-2.29,30.63
7.192149832844734,-0.76,-2.29,30.65
7.196504332125187,-0.75,-2.29,30.65
7.201082348823547,-0.75,-2.29,30.63
7.205523636192083,-0.75,-2.29,30.63
7.209998644888401,-0.75,-2.29,30.63
7.2144185565412045,-0.75,-2.29,30.62
7.2189080864191055,-0.75,-2.29,30.64
7.223338767886162,-0.75,-2.29,30.65
7.227849446237087,-0.75,-2.29,30.66
7.2321971990168095,-0.75,-2.29,30.64
7.236675325781107,-0.75,-2.29,30.69
7.241258628666401,-0.75,-2.29,30.69
7.245706677436829,-0.75,-2.29,30.69
7.250500541180372,-0.75,-2.29,30.69
7.254630334675312,-0.75,-2.29,30.68
7.259039010852575,-0.75,-2.3,30.69
7.263486258685589,-0.75,-2.29,30.69
7.268033884465694,-0.75,-2.29,30.69
7.272461961954832,-0.75,-2.29,30.64
7.276915706694126,-0.75,-2.29,30.65
7.281267702579498,-0.75,-2.29,30.67
7.28588492423296,-0.75,-2.29,30.69
7.290344130247831,-0.75,-2.29,30.69
7.294807154685259,-0.75,-2.29,30.66
7.299219444394112,-0.75,-2.29,30.64
7.303734295070171,-0.75,-2.29,30.65
7.308108426630497,-0.75,-2.29,30.67
7.312616817653179,-0.75,-2.29,30.68
7.3171352334320545,-0.75,-2.29,30.68
7.321581535041332,-0.75,-2.29,30.68
7.326057516038418,-0.75,-2.29,30.67
7.330507714301348,-0.75,-2.29,30.67
7.3349479883909225,-0.75,-2.29,30.67
7.339395955204964,-0.75,-2.29,30.67
7.343904469162226,-0.74,-2.29,30.65
7.348284058272839,-0.75,-2.29,30.66
7.352824490517378,-0.75,-2.28,30.68
7.357299085706472,-0.74,-2.29,30.68
7.361624486744404,-0.75,-2.29,30.7
7.3661824725568295,-0.75,-2.28,30.69
7.370687164366245,-0.75,-2.29,30.69
7.375144325196743,-0.75,-2.29,30.69
7.379577361047268,-0.75,-2.28,30.69
7.384072527289391,-0.75,-2.29,30.68
7.3885327354073524,-0.75,-2.29,30.68
7.393015243113041,-0.75,-2.29,30.67
7.397408340126276,-0.75,-2.29,30.68
7.401870358735323,-0.75,-2.29,30.68
7.4062914699316025,-0.75,-2.29,30.68
7.410859644412994,-0.75,-2.28,30.68
7.4153074361383915,-0.75,-2.29,30.68
7.419783748686314,-0.75,-2.29,30.68
7.424247305840254,-0.75,-2.29,30.64
7.428640816360712,-0.75,-2.29,30.66
7.433084707707167,-0.75,-2.29,30.68
7.437598425894976,-0.75,-2.29,30.7
7.4420379139482975,-0.75,-2.29,30.69
7.446512419730425,-0.75,-2.29,30.69
7.451013378798962,-0.75,-2.29,30.7
7.455480191856623,-0.75,-2.29,30.69
7.459927689284086,-0.75,-2.29,30.66
7.464375864714384,-0.75,-2.29,30.67
7.4688340947031975,-0.75,-2.29,30.68
7.473292827606201,-0.75,-2.29,30.67
7.477811507880688,-0.75,-2.29,30.65
7.4822390750050545,-0.75,-2.29,30.66
7.486642882227898,-0.75,-2.29,30.68
7.4910934045910835,-0.75,-2.29,30.66
7.495662674307823,-0.75,-2.29,30.65
7.5001302398741245,-0.75,-2.29,30.67
7.504551291465759,-0.75,-2.29,30.69
7.509038586169481,-0.75,-2.29,30.7
7.513506967574358,-0.75,-2.29,30.7
7.517954166978598,-0.75,-2.29,30.7
7.522429686039686,-0.75,-2.29,30.7
7.5268595069646835,-0.75,-2.29,30.7
7.531364284455776,-0.75,-2.29,30.7
7.535835161805153,-0.75,-2.29,30.7
7.540283028036356,-0.75,-2.29,30.7
7.544728621840477,-0.75,-2.29,30.7
7.549176748842001,-0.75,-2.29,30.7
7.553676895797253,-0.75,-2.29,30.69
7.55811907723546,-0.75,-2.29,30.67
7.562563914805651,-0.75,-2.29,30.66
7.567035246640444,-0.75,-2.29,30.66
7.571451306343079,-0.75,-2.29,30.67
7.575982581824064,-0.75,-2.29,30.67
7.5804616659879684,-0.75,-2.29,30.68
7.584904946386814,-0.75,-2.29,30.69
7.58934623003006,-0.75,-2.29,30.7
7.593810461461544,-0.75,-2.29,30.7
7.598240252584219,-0.75,-2.29,30.7
7.602746523916721,-0.75,-2.29,30.7
7.607208330184221,-0.75,-2.29,30.7
7.611662425100803,-0.75,-2.29,30.7
7.616168439388275,-0.75,-2.29,30.7
7.62059973180294,-0.75,-2.29,30.7
7.625086534768343,-0.75,-2.29,30.7
7.6295440793037415,-0.75,-2.29,30.7
7.634003113955259,-0.75,-2.29,30.69
7.638440951704979,-0.75,-2.29,30.69
7.642903570085764,-0.75,-2.29,30.69
7.647411994636059,-0.75,-2.29,30.69
7.651829946786165,-0.75,-2.29,30.7
7.6563014052808285,-0.75,-2.29,30.7
7.660812981426716,-0.75,-2.29,30.7
7.665261451154947,-0.75,-2.3,30.7
7.669703204184771,-0.75,-2.29,30.7
7.674150664359331,-0.75,-2.29,30.7
7.678654037415981,-0.75,-2.29,30.7
7.6830759681761265,-0.75,-2.29,30.7
7.687548968940973,-0.75,-2.29,30.69
7.692053496837616,-0.75,-2.3,30.69
7.696500260382891,-0.75,-2.29,30.71
7.700973764061928,-0.75,-2.3,30.7
7.705417152494192,-0.75,-2.29,30.7
7.709903847426176,-0.75,-2.29,30.7
7.714357502758503,-0.75,-2.29,30.7
7.718835115432739,-0.75,-2.29,30.7
7.723218407481909,-0.75,-2.29,30.66
7.72767411544919,-0.75,-2.29,30.66
7.732367180287838,-0.75,-2.29,30.68
7.736660078167915,-0.75,-2.29,30.7
7.74107176810503,-0.75,-2.29,30.7
7.745475444942713,-0.75,-2.29,30.69
7.75006515160203,-0.75,-2.29,30.66
7.754524443298578,-0.75,-2.29,30.65
7.758973963558674,-0.75,-2.29,30.66
7.763435814529657,-0.75,-2.29,30.68
7.767846278846264,-0.75,-2.29,30.68
7.772284053266048,-0.75,-2.29,30.68
7.776839103549719,-0.75,-2.29,30.7
7.781218979507685,-0.75,-2.29,30.68
7.785714138299227,-0.74,-2.29,30.71
7.790239807218313,-0.75,-2.29,30.72
7.794685807079077,-0.75,-2.29,30.71
7.799133110791445,-0.75,-2.29,30.72
7.803608130663633,-0.75,-2.29,30.72
7.8080538138747215,-0.75,-2.29,30.72
7.8125423938035965,-0.75,-2.29,30.71
7.816945813596249,-0.75,-2.29,30.71
7.821356605738401,-0.75,-2.29,30.71
7.825949128717184,-0.75,-2.29,30.71
7.8303375244140625,-0.75,-2.29,30.7
7.834865044802427,-0.75,-2.29,30.71
7.839321803301573,-0.75,-2.29,30.71
7.843752671033144,-0.75,-2.29,30.71
7.848200153559446,-0.75,-2.29,30.71
7.852718386799097,-0.75,-2.29,30.71
7.857175074517727,-0.74,-2.29,30.72
7.861529801040888,-0.75,-2.29,30.71
7.866104997694492,-0.75,-2.29,30.7
7.870482664555311,-0.75,-2.29,30.7
7.874892715364695,-0.75,-2.29,30.7
7.879487670958042,-0.75,-2.29,30.71
7.883933272212744,-0.75,-2.29,30.71
7.888406049460173,-0.75,-2.29,30.67
7.892826326191425,-0.75,-2.29,30.67
7.897350139915943,-0.75,-2.29,30.68
7.90179742872715,-0.75,-2.29,30.68
7.906289953738451,-0.75,-2.29,30.66
7.910668529570103,-0.75,-2.29,30.67
7.915174141526222,-0.75,-2.29,30.66
7.919664595276117,-0.75,-2.28,30.67
7.924123749136925,-0.75,-2.28,30.69
7.928554654121399,-0.75,-2.29,30.68
7.933035556226969,-0.75,-2.29,30.7
7.9375296123325825,-0.75,-2.29,30.71
7.941998906433582,-0.75,-2.29,30.72
7.946436885744333,-0.75,-2.28,30.7
7.950889252126217,-0.74,-2.29,30.68
7.9553659446537495,-0.75,-2.29,30.68
7.959842100739479,-0.75,-2.29,30.69
7.964296389371157,-0.75,-2.29,30.71
7.968733284622431,-0.75,-2.29,30.71
7.973178554326296,-0.75,-2.29,30.72
7.977654866874218,-0.75,-2.29,30.72
7.982158180326223,-0.75,-2.29,30.72
7.986558735370636,-0.75,-2.28,30.72
7.9910596534609795,-0.75,-2.28,30.72
7.9954406805336475,-0.75,-2.29,30.7
8.000019665807486,-0.74,-2.28,30.69
8.004463884979486,-0.75,-2.28,30.67
8.008940890431404,-0.75,-2.28,30.67
8.013357866555452,-0.75,-2.28,30.68
8.017841521650553,-0.75,-2.28,30.7
8.022286728024483,-0.75,-2.28,30.72
8.026775415986776,-0.75,-2.28,30.72
8.031230974942446,-0.75,-2.28,30.69
8.035663727670908,-0.75,-2.28,30.68
8.04018185660243,-0.75,-2.28,30.67
8.04464340955019,-0.75,-2.28,30.68
8.049090579152107,-0.75,-2.28,30.68
8.053535588085651,-0.75,-2.28,30.68
8.058017991483212,-0.75,-2.28,30.7
8.062495604157448,-0.75,-2.28,30.7
8.066912699490786,-0.75,-2.28,30.71
8.071345448493958,-0.75,-2.28,30.71
8.075756065547466,-0.75,-2.28,30.68
8.080354295670986,-0.75,-2.28,30.69
8.084804151207209,-0.74,-2.28,30.71
8.089266374707222,-0.74,-2.28,30.69
8.093729361891747,-0.75,-2.28,30.7
8.098202988505363,-0.75,-2.28,30.68
8.102651067078114,-0.75,-2.27,30.7
8.107051383703947,-0.74,-2.28,30.7
8.11158936098218,-0.75,-2.28,30.7
8.115936260670424,-0.75,-2.28,30.72
8.120516777038574,-0.75,-2.28,30.7
8.124978821724653,-0.75,-2.27,30.7
8.129447162151337,-0.74,-2.28,30.7
8.133887708187103,-0.75,-2.28,30.69
8.138335537165403,-0.75,-2.28,30.7
8.14281901344657,-0.75,-2.28,30.7
8.147297125309706,-0.75,-2.28,30.71
8.151756096631289,-0.75,-2.28,30.68
8.156218510121107,-0.75,-2.27,30.68
8.16065203025937,-0.75,-2.28,30.72
8.165047485381365,-0.75,-2.27,30.74
8.169623862951994,-0.75,-2.27,30.74
8.174083922058344,-0.75,-2.27,30.73
8.178541753441095,-0.75,-2.27,30.73
8.182960521429777,-0.75,-2.27,30.73
8.187397614121437,-0.75,-2.27,30.73
8.191925544291735,-0.75,-2.27,30.74
8.196399811655283,-0.75,-2.27,30.73
8.20073963701725,-0.75,-2.27,30.73
8.205329697579145,-0.75,-2.27,30.73
8.209711775183678,-0.75,-2.27,30.7
8.214243091642857,-0.75,-2.27,30.68
8.218687932938337,-0.75,-2.27,30.69
8.223132383078337,-0.75,-2.27,30.71
8.227575547993183,-0.75,-2.27,30.74
8.232022520154715,-0.75,-2.27,30.74
8.236539378762245,-0.75,-2.27,30.74
8.241010554134846,-0.75,-2.27,30.72
8.245384190231562,-0.75,-2.27,30.72
8.2499536909163,-0.75,-2.27,30.73
8.254420045763254,-0.75,-2.27,30.72
8.258866235613823,-0.75,-2.27,30.72
8.263311710208654,-0.75,-2.27,30.73
8.267795152962208,-0.75,-2.27,30.73
8.272202860563993,-0.74,-2.27,30.73
8.276729419827461,-0.75,-2.27,30.73
8.281189274042845,-0.75,-2.27,30.73
8.28553694859147,-0.75,-2.27,30.68
8.29011519998312,-0.75,-2.27,30.68
8.294588159769773,-0.75,-2.27,30.69
8.299044780433178,-0.75,-2.27,30.69
8.303520482033491,-0.75,-2.27,30.69
8.307934507727623,-0.75,-2.27,30.7
8.312378861010075,-0.75,-2.27,30.72
8.316832985728979,-0.75,-2.27,30.73
8.321338158100843,-0.75,-2.27,30.74
8.325709495693445,-0.75,-2.27,30.73
8.330290742218494,-0.75,-2.27,30.74
8.334633655846119,-0.75,-2.27,30.74
8.33922042325139,-0.75,-2.27,30.68
8.34367049485445,-0.75,-2.27,30.68
8.348115514963865,-0.75,-2.27,30.69
8.352594319730997,-0.74,-2.27,30.69
8.357021488249302,-0.75,-2.27,30.7
8.361445162445307,-0.75,-2.27,30.69
8.365893080830574,-0.75,-2.28,30.7
8.370449043810368,-0.75,-2.28,30.7
8.374926093965769,-0.75,-2.27,30.69
8.379221756011248,-0.75,-2.27,30.71
8.38384335488081,-0.75,-2.27,30.71
8.388315189629793,-0.75,-2.27,30.72
8.3927705809474,-0.75,-2.27,30.72
8.397222332656384,-0.75,-2.27,30.73
8.401621513068676,-0.74,-2.27,30.73
8.40607200562954,-0.75,-2.27,30.71
8.410630706697702,-0.75,-2.27,30.69
8.415077101439238,-0.75,-2.27,30.7
8.419457387179136,-0.75,-2.27,30.71
8.424057088792324,-0.75,-2.27,30.73
8.428493671119213,-0.75,-2.27,30.73
8.432946790009737,-0.75,-2.27,30.74
8.437363225966692,-0.75,-2.27,30.74
8.441805865615606,-0.75,-2.27,30.74
8.446355935186148,-0.75,-2.27,30.69
8.45077832043171,-0.75,-2.27,30.69
8.45526971295476,-0.75,-2.27,30.69
8.45970755815506,-0.75,-2.27,30.71
8.46419894322753,-0.75,-2.27,30.72
8.468660462647676,-0.75,-2.27,30.69
8.473093640059233,-0.75,-2.27,30.69
8.477567560970783,-0.75,-2.27,30.7
8.482000049203634,-0.74,-2.28,30.7
8.48642098903656,-0.75,-2.28,30.74
8.490960370749235,-0.75,-2.28,30.73
8.495359849184752,-0.75,-2.28,30.7
8.499832227826118,-0.75,-2.28,30.71
8.504364304244518,-0.75,-2.28,30.7
8.508822724223137,-0.74,-2.28,30.69
8.513267796486616,-0.75,-2.28,30.71
8.517754297703505,-0.75,-2.28,30.73
8.522156946361065,-0.75,-2.28,30.71
8.526612762361765,-0.75,-2.28,30.72
8.53115052357316,-0.75,-2.28,30.7
8.535596556961536,-0.75,-2.28,30.7
8.540017414838076,-0.75,-2.28,30.72
8.544500820338726,-0.75,-2.28,30.73
8.54900324344635,-0.75,-2.28,30.74
8.553451795130968,-0.75,-2.28,30.71
8.55789015442133,-0.75,-2.28,30.71
8.562343712896109,-0.75,-2.28,30.68
8.566863037645817,-0.75,-2.27,30.7
8.571267131716013,-0.75,-2.28,30.73
8.575774427503347,-0.75,-2.27,30.7
8.580147314816713,-0.75,-2.27,30.7
8.584652964025736,-0.75,-2.28,30.7
8.589052021503448,-0.75,-2.28,30.7
8.59363554418087,-0.75,-2.28,30.7
8.598075568675995,-0.75,-2.28,30.7
8.602543987333775,-0.75,-2.28,30.7
8.606960091739893,-0.75,-2.28,30.7
8.611483566462994,-0.75,-2.28,30.7
8.61593658104539,-0.75,-2.28,30.7
8.620419271290302,-0.75,-2.28,30.7
8.624845538288355,-0.75,-2.28,30.7
8.629332974553108,-0.74,-2.28,30.69
8.633804328739643,-0.75,-2.28,30.74
8.63824437558651,-0.75,-2.28,30.75
8.642705228179693,-0.75,-2.28,30.74
8.647152703255415,-0.75,-2.28,30.72
8.651578914374113,-0.74,-2.28,30.7
8.656147751957178,-0.75,-2.28,30.72
8.660567209124565,-0.75,-2.28,30.75
8.665005013346672,-0.75,-2.28,30.75
8.669488999992609,-0.75,-2.28,30.76
8.673912208527327,-0.74,-2.28,30.76
8.678444009274244,-0.75,-2.28,30.75
8.682867798954248,-0.75,-2.28,30.75
8.687317799776793,-0.75,-2.28,30.75
8.69181601330638,-0.75,-2.28,30.72
8.69627545401454,-0.75,-2.28,30.75
8.700746014714241,-0.75,-2.28,30.75
8.705178931355476,-0.75,-2.28,30.75
8.70967910438776,-0.75,-2.28,30.75
8.714091524481773,-0.75,-2.28,30.75
8.718603745102882,-0.75,-2.28,30.75
8.723052985966206,-0.75,-2.28,30.75
8.72752047330141,-0.75,-2.28,30.75
8.732000097632408,-0.75,-2.28,30.76
8.736409790813923,-0.75,-2.28,30.75
8.740890558809042,-0.75,-2.28,30.73
8.745360288769007,-0.75,-2.28,30.75
8.74971428886056,-0.74,-2.28,30.74
8.754209835082293,-0.75,-2.28,30.7
8.758721124380827,-0.75,-2.28,30.71
8.763223722577095,-0.75,-2.29,30.73
8.76767035573721,-0.75,-2.29,30.75
8.772118724882603,-0.75,-2.28,30.75
8.776584763079882,-0.75,-2.28,30.74
8.78106939420104,-0.75,-2.29,30.75
8.785448674112558,-0.75,-2.28,30.75
8.78995681554079,-0.75,-2.28,30.74
8.794475633651018,-0.75,-2.28,30.75
8.798784282058477,-0.75,-2.29,30.76
8.803321368992329,-0.75,-2.29,30.76
8.80785047635436,-0.75,-2.28,30.75
8.812317494302988,-0.75,-2.28,30.74
8.816789135336876,-0.75,-2.29,30.75
8.821224998682737,-0.75,-2.29,30.75
8.825668025761843,-0.75,-2.28,30.75
8.830169033259153,-0.74,-2.29,30.75
8.834780905395746,-0.75,-2.29,30.76
8.839050937443972,-0.75,-2.28,30.75
8.843532864004374,-0.75,-2.29,30.75
8.848027534782887,-0.75,-2.29,30.75
8.852472569793463,-0.75,-2.28,30.76
8.856942549347878,-0.75,-2.29,30.76
8.86139477789402,-0.75,-2.29,30.75
8.8658885397017,-0.75,-2.29,30.75
8.870355416089296,-0.74,-2.28,30.74
8.874710336327553,-0.75,-2.29,30.7
8.87922888994217,-0.75,-2.29,30.73
8.883724857121706,-0.75,-2.29,30.75
8.888202123343945,-0.75,-2.29,30.76
8.89266998320818,-0.74,-2.29,30.76
8.897108353674412,-0.75,-2.29,30.76
8.901571311056614,-0.74,-2.28,30.75
8.905991081148386,-0.75,-2.29,30.76
8.910528048872948,-0.75,-2.29,30.76
8.914954356849194,-0.75,-2.28,30.76
8.919318296015263,-0.74,-2.28,30.76
8.92389290779829,-0.75,-2.28,30.74
8.928344488143921,-0.74,-2.28,30.75
8.932801615446806,-0.74,-2.29,30.75
8.93728232756257,-0.75,-2.29,30.74
8.941746268421412,-0.75,-2.28,30.75
8.946166895329952,-0.75,-2.29,30.75
8.950607918202877,-0.75,-2.29,30.74
8.955139361321926,-0.75,-2.28,30.75
8.959585811942816,-0.75,-2.29,30.75
8.964021112769842,-0.75,-2.28,30.75
8.968514300882816,-0.75,-2.28,30.76
8.97286444529891,-0.75,-2.28,30.75
8.977450668811798,-0.75,-2.28,30.76
8.981914766132832,-0.75,-2.28,30.76
8.986347399652004,-0.75,-2.28,30.76
8.99078593403101,-0.75,-2.28,30.75
8.995264384895563,-0.75,-2.29,30.71
8.999717600643635,-0.74,-2.28,30.72
9.004241488873959,-0.75,-2.28,30.72
9.00856089219451,-0.74,-2.28,30.73
9.013139721006155,-0.75,-2.28,30.73
9.01762892305851,-0.75,-2.28,30.74
9.022082027047873,-0.75,-2.28,30.74
9.026519518345594,-0.75,-2.28,30.74
9.031010430306196,-0.74,-2.28,30.72
9.035404458642006,-0.75,-2.28,30.74
9.039899453520775,-0.75,-2.28,30.76
9.044406082481146,-0.75,-2.28,30.73
9.04882137477398,-0.75,-2.28,30.73
9.05332276970148,-0.75,-2.28,30.75
9.057782240211964,-0.75,-2.28,30.75
9.062256634235382,-0.75,-2.28,30.74
9.066698808223009,-0.75,-2.28,30.71
9.071172006428242,-0.75,-2.28,30.74
9.075643122196198,-0.74,-2.28,30.74
9.080073308199644,-0.75,-2.28,30.75
9.084514666348696,-0.75,-2.28,30.74
9.089009523391724,-0.75,-2.28,30.74
9.093467473983765,-0.75,-2.28,30.74
9.097893636673689,-0.75,-2.28,30.74
9.102430265396833,-0.75,-2.28,30.75
9.106874022632837,-0.75,-2.28,30.75
9.111322727054358,-0.75,-2.28,30.73
9.115792497992516,-0.75,-2.28,30.71
9.12020406499505,-0.75,-2.28,30.74
9.124700888991356,-0.75,-2.28,30.74
9.129208911210299,-0.75,-2.28,30.74
9.133651170879602,-0.75,-2.28,30.74
9.138011872768402,-0.75,-2.28,30.74
9.14255115762353,-0.75,-2.28,30.73
9.147051222622395,-0.75,-2.28,30.73
9.151499632745981,-0.75,-2.28,30.75
9.155945058912039,-0.75,-2.28,30.76
9.16039403155446,-0.75,-2.28,30.75
9.164860736578703,-0.75,-2.28,30.75
9.169302836060524,-0.74,-2.28,30.75
9.173725049942732,-0.74,-2.28,30.76
9.178249280899763,-0.74,-2.28,30.76
9.182727340608835,-0.75,-2.28,30.76
9.187213618308306,-0.75,-2.28,30.75
9.191679313778877,-0.74,-2.28,30.74
9.196119036525488,-0.75,-2.28,30.73
9.200600735843182,-0.75,-2.28,30.75
9.205012254416943,-0.75,-2.28,30.75
9.209528636187315,-0.75,-2.28,30.75
9.213896043598652,-0.75,-2.28,30.75
9.218341052532196,-0.75,-2.28,30.74
9.222925670444965,-0.75,-2.28,30.73
9.22738916054368,-0.75,-2.28,30.75
9.231850530952215,-0.75,-2.28,30.74
9.23629591986537,-0.75,-2.28,30.75
9.240741070359945,-0.74,-2.28,30.71
9.245222371071577,-0.75,-2.28,30.72
9.249683286994696,-0.75,-2.28,30.71
9.254133153706789,-0.74,-2.28,30.73
9.258624888956547,-0.75,-2.28,30.74
9.263059977442026,-0.75,-2.28,30.75
9.267552338540554,-0.75,-2.28,30.75
9.271900177001953,-0.75,-2.28,30.75
9.27647901698947,-0.75,-2.28,30.75
9.281006917357445,-0.75,-2.28,30.75
9.285370361059904,-0.75,-2.28,30.75
9.289814878255129,-0.75,-2.28,30.75
9.294331774115562,-0.75,-2.28,30.75
9.298762127757072,-0.75,-2.28,30.75
9.303213950246572,-0.75,-2.28,30.74
9.307668089866638,-0.75,-2.28,30.75
9.312093783169985,-0.75,-2.28,30.7
9.316651478409767,-0.75,-2.28,30.75
9.321101028472185,-0.75,-2.28,30.75
9.32554006204009,-0.75,-2.28,30.75
9.330035969614983,-0.74,-2.28,30.75
9.33446066826582,-0.75,-2.28,30.75
9.338964324444532,-0.75,-2.28,30.74
9.343327559530735,-0.75,-2.28,30.75
9.347827542573214,-0.75,-2.28,30.76
9.352215707302094,-0.75,-2.28,30.75
9.356694772839546,-0.75,-2.28,30.74
9.361273109912872,-0.75,-2.28,30.74
9.36572491005063,-0.74,-2.28,30.71
9.370189175009727,-0.75,-2.28,30.71
9.374647680670023,-0.75,-2.28,30.72
9.379125099629164,-0.75,-2.28,30.72
9.383585035800934,-0.75,-2.28,30.73
9.388053465634584,-0.74,-2.28,30.74
9.392796717584133,-0.75,-2.28,30.74
9.39693984016776,-0.75,-2.28,30.74
9.401410028338432,-0.75,-2.28,30.75
9.405899576842785,-0.75,-2.28,30.72
9.410343658179045,-0.75,-2.28,30.75
9.414824344217777,-0.75,-2.28,30.75
9.41928219422698,-0.75,-2.28,30.73
9.423754677176476,-0.74,-2.28,30.74
9.428202487528324,-0.75,-2.28,30.76
9.432678412646055,-0.74,-2.28,30.75
9.437098365277052,-0.75,-2.28,30.73
9.441501874476671,-0.75,-2.28,30.74
9.446067597717047,-0.75,-2.28,30.75
9.450525995343924,-0.75,-2.28,30.74
9.454964529722929,-0.74,-2.28,30.74
9.45945356786251,-0.74,-2.28,30.74
9.463881649076939,-0.74,-2.28,30.76
9.468390341848135,-0.75,-2.28,30.75
9.472806114703417,-0.75,-2.28,30.75
9.477281041443348,-0.75,-2.28,30.72
9.481749694794416,-0.74,-2.28,30.75
9.486231181770563,-0.75,-2.28,30.72
9.490698833018541,-0.75,-2.28,30.74
9.49516425281763,-0.75,-2.28,30.76
9.499591682106256,-0.75,-2.28,30.77
9.504032418131828,-0.75,-2.28,30.73
9.508523344993591,-0.75,-2.28,30.77
9.51301535218954,-0.75,-2.28,30.77
9.51745181903243,-0.75,-2.28,30.78
9.52191086858511,-0.75,-2.28,30.78
9.526420172303915,-0.75,-2.28,30.78
9.530763629823923,-0.75,-2.28,30.78
9.535326711833477,-0.74,-2.28,30.78
9.539768811315298,-0.75,-2.28,30.77
9.544213529676199,-0.75,-2.28,30.77
9.548680949956179,-0.75,-2.28,30.77
9.553181879222393,-0.75,-2.28,30.77
9.557558964937925,-0.75,-2.28,30.78
9.562110878527164,-0.75,-2.28,30.78
9.566568870097399,-0.75,-2.28,30.78
9.571035135537386,-0.75,-2.28,30.78
9.575484845787287,-0.75,-2.28,30.78
9.57995968312025,-0.75,-2.28,30.78
9.584415260702372,-0.74,-2.28,30.77
9.588840171694756,-0.74,-2.28,30.77
9.593298897147179,-0.74,-2.28,30.77
9.597724985331297,-0.75,-2.28,30.78
9.602262828499079,-0.75,-2.28,30.77
9.606648571789265,-0.75,-2.28,30.76
9.611098311841488,-0.75,-2.28,30.78
9.615939855575562,-0.75,-2.28,30.78
9.6201232932508,-0.75,-2.28,30.77
9.624564293771982,-0.75,-2.28,30.77
9.629012301564217,-0.75,-2.28,30.77
9.633460201323032,-0.75,-2.28,30.77
9.637971598654985,-0.75,-2.28,30.77
9.642430853098631,-0.75,-2.28,30.77
9.64687080308795,-0.75,-2.27,30.75
9.651235681027174,-0.75,-2.28,30.72
9.655816223472357,-0.75,-2.28,30.73
9.660143125802279,-0.75,-2.28,30.73
9.664742138236761,-0.75,-2.28,30.75
9.669197712093592,-0.74,-2.28,30.77
9.673655673861504,-0.75,-2.27,30.78
9.678142428398132,-0.75,-2.27,30.78
9.682528890669346,-0.75,-2.27,30.77
9.687053751200438,-0.75,-2.28,30.77
9.691533748060465,-0.75,-2.28,30.77
9.695871867239475,-0.75,-2.28,30.77
9.70035333558917,-0.75,-2.28,30.77
9.704924643039703,-0.75,-2.28,30.77
9.709369286894798,-0.75,-2.27,30.78
9.71381463110447,-0.75,-2.28,30.76
9.71825522556901,-0.75,-2.28,30.76
9.72277432307601,-0.75,-2.27,30.76
9.727229919284582,-0.75,-2.27,30.76
9.731609504669905,-0.75,-2.28,30.77
9.736147321760654,-0.75,-2.28,30.77
9.740489013493061,-0.74,-2.28,30.72
9.745104048401117,-0.75,-2.27,30.73
9.74955589324236,-0.74,-2.27,30.75
9.753994587808847,-0.75,-2.27,30.75
9.758438531309366,-0.75,-2.27,30.76
9.762949015945196,-0.75,-2.27,30.77
9.767345499247313,-0.75,-2.27,30.77
9.771863874047995,-0.75,-2.27,30.75
9.776337459683418,-0.75,-2.27,30.75
9.78079318255186,-0.75,-2.27,30.75
9.785218019038439,-0.75,-2.27,30.75
9.789729844778776,-0.75,-2.27,30.75
9.79418270289898,-0.75,-2.27,30.77
9.79861355945468,-0.75,-2.27,30.76
9.803092934191227,-0.75,-2.27,30.77
9.80755415931344,-0.75,-2.27,30.73
9.811948604881763,-0.75,-2.27,30.76
9.816473081707954,-0.75,-2.27,30.77
9.820951163768768,-0.75,-2.27,30.78
9.825433876365423,-0.74,-2.27,30.78
9.829884462058544,-0.75,-2.27,30.78
9.83434984460473,-0.75,-2.27,30.78
9.83879029378295,-0.74,-2.27,30.78
9.843269601464272,-0.74,-2.27,30.77
9.847685407847166,-0.75,-2.27,30.78
9.852129999548197,-0.75,-2.27,30.78
9.856623478233814,-0.74,-2.28,30.76
9.861099518835545,-0.75,-2.28,30.77
9.8655089661479,-0.75,-2.27,30.78
9.869899570941925,-0.75,-2.27,30.78
9.874493040144444,-0.75,-2.27,30.78
9.878970198333263,-0.75,-2.27,30.78
9.883414808660746,-0.75,-2.27,30.78
9.887859091162682,-0.75,-2.27,30.77
9.892343010753393,-0.74,-2.27,30.76
9.89682376012206,-0.75,-2.27,30.78
9.901222653687,-0.75,-2.27,30.79
9.905725602060556,-0.75,-2.27,30.79
9.910084765404463,-0.75,-2.27,30.79
9.914651520550251,-0.74,-2.27,30.79
9.919148597866297,-0.75,-2.27,30.79
9.923590943217278,-0.75,-2.27,30.74
9.928070314228535,-0.75,-2.28,30.76
9.932524036616087,-0.75,-2.27,30.75
9.937008127570152,-0.75,-2.27,30.76
9.941468104720116,-0.74,-2.28,30.75
9.945929858833551,-0.75,-2.27,30.76
9.950275521725416,-0.74,-2.27,30.77
9.954727336764336,-0.75,-2.27,30.78
9.959152542054653,-0.74,-2.27,30.79
9.963796626776457,-0.75,-2.27,30.79
9.96822915226221,-0.75,-2.27,30.78
9.97266748920083,-0.75,-2.27,30.78
9.977160107344389,-0.74,-2.27,30.78
9.981586553156376,-0.75,-2.27,30.78
9.986052013933659,-0.75,-2.27,30.78
9.990546096116304,-0.75,-2.27,30.78
9.994975913316011,-0.75,-2.27,30.78
9.999436940997839,-0.75,-2.27,30.78
10.0039496794343,-0.75,-2.27,30.78
10.00839326158166,-0.75,-2.27,30.78
10.012835126370192,-0.75,-2.27,30.78
10.017283633351326,-0.75,-2.27,30.78
10.021795928478241,-0.75,-2.27,30.78
10.026211142539978,-0.74,-2.27,30.78
10.030699010938406,-0.75,-2.27,30.78
10.035137943923473,-0.75,-2.27,30.77
10.039509821683168,-0.75,-2.27,30.78
10.044125866144896,-0.75,-2.27,30.77
10.048573352396488,-0.74,-2.27,30.78
10.053013976663351,-0.75,-2.27,30.78
10.057459969073534,-0.74,-2.27,30.78
10.061904266476631,-0.74,-2.26,30.79
10.066351044923067,-0.75,-2.26,30.82
10.070797070860863,-0.75,-2.27,30.82
10.07534809410572,-0.75,-2.27,30.82
10.079805549234152,-0.75,-2.27,30.82
10.084235813468695,-0.75,-2.26,30.82
10.08871616050601,-0.75,-2.26,30.82
10.093205191195011,-0.75,-2.26,30.82
10.097637813538313,-0.75,-2.26,30.82
10.102086402475834,-0.75,-2.26,30.82
10.106533203274012,-0.75,-2.26,30.82
10.110980525612831,-0.75,-2.26,30.8
10.115517478436232,-0.75,-2.26,30.76
10.119942300021648,-0.75,-2.26,30.76
10.124319721013308,-0.75,-2.26,30.76
10.128925155848265,-0.75,-2.27,30.76
10.13337367773056,-0.75,-2.27,30.76
10.137839008122683,-0.74,-2.27,30.76
10.14229640737176,-0.75,-2.27,30.76
10.146718554198742,-0.74,-2.27,30.76
10.151201236993074,-0.75,-2.27,30.76
10.155600395053625,-0.75,-2.27,30.77
10.16006849333644,-0.75,-2.27,30.77
10.164580050855875,-0.75,-2.27,30.76
10.168959997594357,-0.75,-2.27,30.77
10.173517685383558,-0.75,-2.27,30.76
10.17799947410822,-0.74,-2.27,30.77
10.182452976703644,-0.75,-2.27,30.77
10.18688578531146,-0.74,-2.27,30.77
10.191387698054314,-0.75,-2.27,30.78
10.19583474099636,-0.75,-2.26,30.77
10.200227562338114,-0.75,-2.27,30.78
10.204700648784637,-0.74,-2.27,30.77
10.209222752600908,-0.74,-2.27,30.75
10.213698923587799,-0.74,-2.27,30.72
10.21807423606515,-0.74,-2.27,30.74
10.222633484750986,-0.75,-2.27,30.75
10.227064091712236,-0.74,-2.27,30.77
10.231547996401787,-0.75,-2.27,30.79
10.236026667058468,-0.75,-2.27,30.79
10.240482967346907,-0.75,-2.27,30.79
10.244849633425474,-0.75,-2.27,30.79
10.249343324452639,-0.75,-2.27,30.79
10.253857646137476,-0.75,-2.27,30.78
10.258335135877132,-0.74,-2.27,30.79
10.262793194502592,-0.75,-2.27,30.78
10.267260991036892,-0.75,-2.27,30.78
10.271718181669712,-0.75,-2.27,30.78
10.276176016777754,-0.75,-2.27,30.78
10.280593145638704,-0.75,-2.27,30.78
10.285093382000923,-0.75,-2.27,30.78
10.289574667811394,-0.75,-2.27,30.78
10.293912217020988,-0.74,-2.27,30.78
10.298498906195164,-0.74,-2.27,30.78
10.302977990359068,-0.75,-2.26,30.78
10.307421907782555,-0.74,-2.26,30.78
10.31187353655696,-0.75,-2.26,30.78
10.316311072558165,-0.75,-2.26,30.78
10.3207544721663,-0.75,-2.26,30.78
10.325250126421452,-0.75,-2.26,30.78
10.329735651612282,-0.75,-2.26,30.78
10.334160462021828,-0.75,-2.27,30.78
10.338647920638323,-0.75,-2.26,30.78
10.343111298978329,-0.74,-2.27,30.78
10.347601938992739,-0.75,-2.26,30.78
10.352044153958559,-0.74,-2.27,30.78
10.356517359614372,-0.75,-2.27,30.77
10.360995780676603,-0.74,-2.26,30.78
10.36540811136365,-0.75,-2.26,30.78
10.369821570813656,-0.75,-2.27,30.78
10.37436968833208,-0.74,-2.26,30.78
10.378741346299648,-0.75,-2.27,30.79
10.383289437741041,-0.74,-2.27,30.73
10.387713089585304,-0.74,-2.27,30.74
10.39222039654851,-0.75,-2.27,30.77
10.396666057407856,-0.74,-2.26,30.74
10.401147190481424,-0.75,-2.26,30.74
10.405589886009693,-0.74,-2.26,30.75
10.409999422729015,-0.75,-2.26,30.76
10.41450745984912,-0.75,-2.26,30.77
10.41901470348239,-0.74,-2.27,30.76
10.423330377787352,-0.75,-2.26,30.76
10.427895724773407,-0.74,-2.26,30.76
10.432355590164661,-0.75,-2.27,30.76
10.436841152608395,-0.74,-2.26,30.78
10.441285777837038,-0.75,-2.26,30.77
10.445767764002085,-0.75,-2.26,30.79
10.450184542685747,-0.75,-2.26,30.78
10.454666931182146,-0.74,-2.26,30.79
10.459115006029606,-0.75,-2.26,30.78
10.46362092345953,-0.75,-2.27,30.79
10.468019884079695,-0.75,-2.26,30.78
10.472459830343723,-0.74,-2.26,30.78
10.477019775658846,-0.75,-2.26,30.79
10.481466960161924,-0.75,-2.26,30.79
10.485954072326422,-0.75,-2.26,30.78
10.490356646478176,-0.75,-2.26,30.79
10.494865112006664,-0.75,-2.26,30.74
10.499252434819937,-0.74,-2.26,30.76
10.503945343196392,-0.75,-2.27,30.78
10.508171685039997,-0.75,-2.27,30.79
10.512706901878119,-0.74,-2.27,30.79
10.517197150737047,-0.75,-2.27,30.79
10.521640319377184,-0.75,-2.27,30.77
10.526090692728758,-0.75,-2.27,30.75
10.530536849051714,-0.75,-2.27,30.77
10.535010699182749,-0.75,-2.27,30.79
10.539491813629866,-0.75,-2.27,30.79
10.54396215826273,-0.74,-2.27,30.78
10.548447083681822,-0.75,-2.27,30.79
10.55281150341034,-0.74,-2.27,30.79
10.557287827134132,-0.74,-2.27,30.79
10.56182286515832,-0.74,-2.27,30.79
10.566271360963583,-0.75,-2.27,30.79
10.570748269557953,-0.75,-2.27,30.79
10.575160298496485,-0.75,-2.27,30.79
10.579628895968199,-0.74,-2.27,30.79
10.58413615077734,-0.75,-2.27,30.78
10.588578589260578,-0.75,-2.27,30.77
10.593044113367796,-0.75,-2.27,30.78
10.597536571323872,-0.75,-2.27,30.78
10.601997159421444,-0.75,-2.27,30.74
10.60644905641675,-0.75,-2.27,30.74
10.610892560333014,-0.74,-2.27,30.75
10.615333907306194,-0.74,-2.26,30.77
10.619775127619505,-0.74,-2.27,30.76
10.624226819723845,-0.75,-2.27,30.76
10.62867434322834,-0.75,-2.27,30.79
10.63320392370224,-0.75,-2.27,30.78
10.637557208538055,-0.75,-2.26,30.78
10.642085511237383,-0.75,-2.26,30.78
10.646617032587528,-0.74,-2.26,30.78
10.651078153401613,-0.74,-2.26,30.77
10.65551533922553,-0.75,-2.26,30.78
10.659991566091776,-0.75,-2.26,30.79
10.664396118372679,-0.75,-2.26,30.79
10.668914820998907,-0.75,-2.26,30.8
10.673294510692358,-0.74,-2.26,30.8
10.677735842764378,-0.75,-2.26,30.79
10.682310219854116,-0.75,-2.26,30.78
10.686772231012583,-0.75,-2.26,30.78
10.691241152584553,-0.75,-2.26,30.78
10.695717316120863,-0.75,-2.26,30.74
10.70018084347248,-0.75,-2.26,30.76
10.704623367637396,-0.75,-2.26,30.75
10.709025524556637,-0.74,-2.26,30.75
10.713527482002974,-0.75,-2.26,30.79
10.718004520982504,-0.75,-2.26,30.8
10.722435541450977,-0.75,-2.26,30.77
10.72695592790842,-0.75,-2.26,30.75
10.731425069272518,-0.75,-2.26,30.78
10.735867723822594,-0.75,-2.26,30.8
10.74030939862132,-0.75,-2.27,30.8
10.744756434112787,-0.75,-2.26,30.8
10.74922700971365,-0.75,-2.26,30.8
10.753655195236206,-0.75,-2.27,30.8
10.758183941245079,-0.75,-2.27,30.8
10.762621264904737,-0.75,-2.27,30.8
10.76703866943717,-0.74,-2.27,30.8
10.771590359508991,-0.75,-2.27,30.8
10.776045996695757,-0.75,-2.26,30.8
10.780507240444422,-0.74,-2.27,30.8
10.78498636931181,-0.75,-2.27,30.8
10.789415001869202,-0.75,-2.26,30.8
10.793824475258589,-0.74,-2.27,30.8
10.798300169408321,-0.75,-2.27,30.8
10.802746579051018,-0.75,-2.27,30.8
10.80722525343299,-0.75,-2.27,30.8
10.811776597052813,-0.75,-2.27,30.8
10.816229533404112,-0.74,-2.27,30.8
10.82066886126995,-0.75,-2.27,30.8
10.825142189860344,-0.75,-2.27,30.8
10.829608362168074,-0.75,-2.27,30.8
10.834216099232435,-0.75,-2.27,30.8
10.838487196713686,-0.75,-2.27,30.8
10.842895355075598,-0.75,-2.27,30.8
10.847337648272514,-0.74,-2.27,30.8
10.85192370787263,-0.74,-2.27,30.8
10.856387481093407,-0.75,-2.27,30.8
10.860849503427744,-0.75,-2.27,30.79
10.865294236689806,-0.75,-2.27,30.8
10.86975060403347,-0.75,-2.26,30.79
10.874253280460835,-0.75,-2.26,30.77
10.87866611406207,-0.75,-2.26,30.79
10.88308347389102,-0.75,-2.26,30.79
10.88759070634842,-0.75,-2.26,30.79
10.892082817852497,-0.75,-2.26,30.74
10.896444126963615,-0.75,-2.26,30.75
10.90101957321167,-0.74,-2.26,30.78
10.905478563159704,-0.74,-2.26,30.81
10.909947004169226,-0.74,-2.26,30.81
10.914407785981894,-0.75,-2.26,30.81
10.918869130313396,-0.75,-2.26,30.81
10.92333833500743,-0.74,-2.26,30.81
10.927739918231964,-0.75,-2.26,30.81
10.932134632021189,-0.75,-2.26,30.81
10.936604615300894,-0.74,-2.26,30.81
10.94115249067545,-0.75,-2.26,30.8
10.945647187530994,-0.75,-2.26,30.76
10.950116120278835,-0.75,-2.26,30.78
10.954587437212467,-0.74,-2.26,30.79
10.958987034857273,-0.75,-2.26,30.79
10.963496070355177,-0.74,-2.26,30.79
10.967954333871603,-0.75,-2.26,30.79
10.972433295100927,-0.75,-2.26,30.8
10.976850368082523,-0.74,-2.26,30.8
10.981206994503736,-0.74,-2.26,30.79
10.985647965222597,-0.75,-2.26,30.8
10.990273132920265,-0.75,-2.26,30.8
10.99474586173892,-0.75,-2.26,30.8
10.999165408313274,-0.75,-2.26,30.8
11.003616329282522,-0.74,-2.26,30.8
11.008120588958263,-0.75,-2.26,30.8
11.012585446238518,-0.75,-2.26,30.8
11.016953978687525,-0.74,-2.26,30.8
11.021523177623749,-0.75,-2.26,30.76
11.025953836739063,-0.75,-2.26,30.79
11.030447352677584,-0.75,-2.26,30.8
11.03489015251398,-0.75,-2.26,30.8
11.039366617798805,-0.75,-2.26,30.8
11.043826077133417,-0.74,-2.25,30.8
11.048284206539392,-0.75,-2.26,30.8
11.052752785384655,-0.75,-2.26,30.81
11.057217683643103,-0.75,-2.26,30.77
11.061688248068094,-0.75,-2.26,30.75
11.066141247749329,-0.75,-2.26,30.76
11.07061492651701,-0.74,-2.25,30.78
11.075072571635246,-0.75,-2.26,30.8
11.07951631769538,-0.75,-2.26,30.8
11.083992522209883,-0.74,-2.26,30.8
11.088429518043995,-0.74,-2.25,30.79
11.092899221926928,-0.74,-2.26,30.79
11.097367439419031,-0.75,-2.26,30.8
11.101855624467134,-0.74,-2.25,30.8
11.106208808720112,-0.74,-2.26,30.78
11.110691595822573,-0.75,-2.26,30.76
11.115248419344425,-0.75,-2.26,30.79
11.119690775871277,-0.75,-2.26,30.79
11.124168381094933,-0.75,-2.25,30.77
11.128585405647755,-0.75,-2.25,30.76
11.133095659315586,-0.75,-2.25,30.79
11.137531712651253,-0.75,-2.25,30.79
11.141916252672672,-0.75,-2.25,30.8
11.146463971585035,-0.74,-2.25,30.81
11.150813113898039,-0.75,-2.25,30.81
11.155398394912481,-0.75,-2.25,30.8
11.159869942814112,-0.74,-2.25,30.81
11.164313603192568,-0.75,-2.25,30.81
11.168758176267147,-0.75,-2.25,30.82
11.173204883933067,-0.74,-2.25,30.81
11.177714884281158,-0.74,-2.25,30.82
11.18217808008194,-0.75,-2.25,30.81
11.186555590480566,-0.75,-2.25,30.81
11.191104028373957,-0.75,-2.25,30.81
11.19557822868228,-0.74,-2.25,30.82
11.200046442449093,-0.74,-2.25,30.81
11.204499136656523,-0.75,-2.25,30.81
11.208940029144287,-0.74,-2.25,30.81
11.213429044932127,-0.75,-2.25,30.81
11.217823669314384,-0.75,-2.26,30.75
11.222319766879082,-0.74,-2.26,30.77
11.22679590061307,-0.75,-2.25,30.79
11.231246717274189,-0.74,-2.25,30.81
11.235605992376804,-0.74,-2.26,30.75
11.240133825689554,-0.75,-2.26,30.76
11.244675848633051,-0.75,-2.26,30.76
11.249116662889719,-0.74,-2.26,30.76
11.253600098192692,-0.75,-2.26,30.76
11.258051060140133,-0.75,-2.26,30.78
11.26248649135232,-0.75,-2.25,30.81
11.266980163753033,-0.74,-2.26,30.81
11.27157724276185,-0.74,-2.25,30.8
11.275924902409315,-0.75,-2.26,30.75
11.280375227332115,-0.75,-2.25,30.76
11.284708458930254,-0.75,-2.26,30.79
11.289296258240938,-0.74,-2.25,30.8
11.293760523200035,-0.75,-2.26,30.79
11.298184741288424,-0.75,-2.26,30.79
11.302684672176838,-0.75,-2.26,30.77
11.307149790227413,-0.75,-2.25,30.79
11.311601910740137,-0.75,-2.26,30.8
11.316077593713999,-0.75,-2.26,30.79
11.320518396794796,-0.74,-2.26,30.79
11.3249405734241,-0.75,-2.26,30.76
11.329325892031193,-0.75,-2.26,30.78
11.333919666707516,-0.75,-2.26,30.78
11.338390175253153,-0.75,-2.26,30.79
11.342810180038214,-0.75,-2.26,30.77
11.347279902547598,-0.75,-2.26,30.77
11.351770579814911,-0.75,-2.26,30.79
11.356233775615692,-0.75,-2.26,30.8
11.360647689551115,-0.75,-2.26,30.81
11.365122511982918,-0.74,-2.26,30.81
11.369518674910069,-0.75,-2.26,30.8
11.374101214110851,-0.74,-2.26,30.81
11.378542140126228,-0.75,-2.26,30.81
11.382988315075636,-0.75,-2.26,30.81
11.387454476207495,-0.75,-2.26,30.81
11.391907077282667,-0.75,-2.26,30.8
11.396372012794018,-0.74,-2.26,30.81
11.400799587368965,-0.74,-2.26,30.81
11.405327316373587,-0.74,-2.26,30.8
11.409688048064709,-0.74,-2.26,30.81
11.414224334061146,-0.74,-2.26,30.81
11.418717417865992,-0.74,-2.25,30.81
11.423164665699005,-0.74,-2.25,30.77
11.427638079971075,-0.74,-2.26,30.78
11.43204927444458,-0.75,-2.25,30.79
11.43659245595336,-0.75,-2.25,30.79
11.441027455031872,-0.75,-2.25,30.78
11.445384111255407,-0.74,-2.25,30.75
11.449891790747643,-0.75,-2.25,30.75
11.454313777387142,-0.75,-2.25,30.77
11.458895064890385,-0.75,-2.25,30.76
11.463339377194643,-0.75,-2.25,30.78
11.467785514891148,-0.75,-2.25,30.79
11.472270168364048,-0.75,-2.25,30.79
11.476680383086205,-0.75,-2.26,30.75
11.48112853243947,-0.75,-2.25,30.75
11.485645595937967,-0.75,-2.26,30.75
11.490011986345053,-0.75,-2.25,30.75
11.494504824280739,-0.75,-2.25,30.77
11.499051749706268,-0.75,-2.25,30.77
11.503520056605339,-0.75,-2.25,30.79
11.507958594709635,-0.75,-2.26,30.79
11.512407567352057,-0.75,-2.26,30.8
11.516861792653799,-0.75,-2.25,30.8
11.52138151600957,-0.75,-2.26,30.77
11.525825031101704,-0.75,-2.26,30.76
11.530291192233562,-0.75,-2.25,30.79
11.5347542129457,-0.75,-2.26,30.8
11.539107643067837,-0.75,-2.26,30.8
11.54369455203414,-0.75,-2.26,30.79
11.548136997967958,-0.75,-2.26,30.8
11.552586879581213,-0.74,-2.26,30.8
11.557085014879704,-0.75,-2.26,30.81
11.561502780765295,-0.74,-2.26,30.79
11.565993793308735,-0.74,-2.26,30.79
11.570447381585836,-0.75,-2.26,30.8
11.574924945831299,-0.75,-2.26,30.78
11.579390030354261,-0.74,-2.26,30.79
11.583792313933372,-0.75,-2.26,30.79
11.588322557508945,-0.75,-2.26,30.8
11.592765476554632,-0.75,-2.26,30.79
11.597212497144938,-0.74,-2.26,30.79
11.601717192679644,-0.74,-2.26,30.79
11.60609520226717,-0.74,-2.26,30.79
11.610635682940483,-0.74,-2.26,30.8
11.615112252533436,-0.74,-2.26,30.8
11.619544133543968,-0.75,-2.26,30.8
11.624013781547546,-0.74,-2.26,30.81
11.628375817090273,-0.75,-2.26,30.8
11.63294506445527,-0.75,-2.26,30.81
11.637386545538902,-0.74,-2.26,30.81
11.64182935655117,-0.74,-2.26,30.73
11.646349146962166,-0.75,-2.26,30.75
11.650791514664888,-0.75,-2.26,30.75
11.655243687331676,-0.75,-2.26,30.75
11.659709893167019,-0.75,-2.26,30.75
11.664180118590593,-0.74,-2.26,30.76
11.668640948832035,-0.74,-2.26,30.76
11.673124004155397,-0.75,-2.26,30.75
11.677575040608644,-0.74,-2.26,30.75
11.68201244994998,-0.75,-2.26,30.8
11.686458721756935,-0.74,-2.26,30.82
11.690962668508291,-0.75,-2.26,30.81
11.695349294692278,-0.75,-2.26,30.81
11.699876643717289,-0.75,-2.26,30.81
11.704232681542635,-0.74,-2.26,30.82
11.70869879797101,-0.75,-2.26,30.76
11.713254645466805,-0.74,-2.26,30.77
11.717739526182413,-0.74,-2.26,30.78
11.72219030186534,-0.75,-2.26,30.77
11.726645410060883,-0.74,-2.26,30.77
11.731108982115984,-0.74,-2.26,30.78
11.735581509768963,-0.74,-2.26,30.8
11.740054540336132,-0.75,-2.26,30.78
11.74452255293727,-0.75,-2.26,30.76
11.748983580619097,-0.75,-2.26,30.79
11.753348518162966,-0.75,-2.26,30.77
11.757919166237116,-0.75,-2.26,30.8
11.762369491159916,-0.74,-2.26,30.79
11.766808543354273,-0.74,-2.26,30.8
11.771281700581312,-0.75,-2.26,30.81
11.775766000151634,-0.75,-2.26,30.81
11.780152585357428,-0.75,-2.26,30.82
11.784691337496042,-0.74,-2.26,30.82
11.789039470255375,-0.75,-2.26,30.82
11.793473526835442,-0.74,-2.25,30.85
11.79799460247159,-0.75,-2.26,30.81
11.802545819431543,-0.74,-2.25,30.81
11.807011120021343,-0.74,-2.25,30.81
11.811967983841896,-0.75,-2.26,30.78
11.815879121422768,-0.73,-2.25,30.74
11.820326883345842,-0.74,-2.26,30.74
11.824799481779337,-0.74,-2.27,30.74
11.829239342361689,-0.74,-2.26,30.76
11.833731163293123,-0.74,-2.27,30.69
11.838099457323551,-0.74,-2.26,30.75
11.842700906097889,-0.74,-2.26,30.75
11.847187392413616,-0.74,-2.26,30.75
11.851631421595812,-0.74,-2.26,30.75
11.856056533753872,-0.74,-2.26,30.75
11.860550537705421,-0.74,-2.26,30.75
11.865016896277666,-0.74,-2.26,30.75
11.86940236762166,-0.74,-2.26,30.75
11.873837199062109,-0.74,-2.26,30.75
11.878357291221619,-0.74,-2.26,30.75
11.88288027048111,-0.74,-2.26,30.75
11.887347280979156,-0.74,-2.26,30.74
11.891785390675068,-0.74,-2.27,30.75
11.896234910935163,-0.74,-2.26,30.74
11.900723777711391,-0.74,-2.27,30.74
11.905160818248987,-0.74,-2.27,30.75
11.90962504222989,-0.74,-2.27,30.75
11.91410231590271,-0.74,-2.26,30.75
11.918633118271828,-0.74,-2.26,30.75
11.92290385067463,-0.74,-2.26,30.76
11.927462950348854,-0.74,-2.26,30.75
11.931965179741383,-0.74,-2.26,30.74
11.936412524431944,-0.74,-2.26,30.75
11.940883222967386,-0.74,-2.26,30.75
11.945360042154789,-0.74,-2.26,30.75
11.94981749355793,-0.74,-2.26,30.75
11.954196143895388,-0.75,-2.26,30.75
11.95870866626501,-0.74,-2.26,30.75
11.963201116770506,-0.74,-2.24,30.78
11.967591010034084,-0.75,-2.24,30.78
11.972148776054382,-0.74,-2.24,30.78
11.976587004959583,-0.75,-2.24,30.77
11.98103541135788,-0.74,-2.25,30.76
11.98552081361413,-0.74,-2.25,30.77
11.989992998540401,-0.74,-2.25,30.77
11.99444892257452,-0.74,-2.25,30.76
11.998922917991877,-0.75,-2.25,30.76
12.003339312970638,-0.75,-2.25,30.76
12.007797006517649,-0.74,-2.25,30.76
12.012214124202728,-0.74,-2.25,30.76
12.016765277832747,-0.74,-2.25,30.76
12.02121040970087,-0.75,-2.25,30.76
12.025847867131233,-0.75,-2.25,30.76
12.03011029586196,-0.74,-2.25,30.76
12.034550987184048,-0.74,-2.25,30.76
12.039076711982489,-0.74,-2.25,30.76
12.04346963018179,-0.74,-2.25,30.76
12.048009913414717,-0.75,-2.25,30.75
12.052470989525318,-0.74,-2.25,30.75
12.056925691664219,-0.74,-2.25,30.75
12.061393734067678,-0.75,-2.25,30.76
12.065833564847708,-0.74,-2.25,30.76
12.070304036140442,-0.75,-2.25,30.79
12.074768252670765,-0.74,-2.24,30.77
12.079222030937672,-0.75,-2.23,30.77
12.083699155598879,-0.74,-2.23,30.78
12.088061109185219,-0.75,-2.23,30.78
12.092638846486807,-0.74,-2.23,30.78
12.097085021436214,-0.74,-2.23,30.78
12.101569075137377,-0.75,-2.23,30.78
12.106014534831047,-0.75,-2.23,30.78
12.110485926270485,-0.74,-2.23,30.78
12.114911567419767,-0.74,-2.23,30.75
12.11935031786561,-0.74,-2.24,30.79
12.123824629932642,-0.74,-2.25,30.75
12.12831898406148,-0.74,-2.26,30.76
12.132857631891966,-0.74,-2.26,30.75
12.137266505509615,-0.74,-2.26,30.75
12.141626674681902,-0.74,-2.26,30.74
12.146192848682404,-0.74,-2.25,30.75
12.150639869272709,-0.75,-2.25,30.76
12.15508222207427,-0.74,-2.26,30.75
12.159574951976538,-0.74,-2.26,30.76
12.163971487432718,-0.75,-2.26,30.75
12.168511901050806,-0.74,-2.26,30.74
12.172965545207262,-0.74,-2.26,30.76
12.177427608519793,-0.75,-2.25,30.75
12.18187577277422,-0.75,-2.26,30.76
12.186347734183073,-0.74,-2.25,30.76
12.190814193338156,-0.74,-2.25,30.75
12.195273783057928,-0.74,-2.25,30.76
12.199703596532345,-0.74,-2.25,30.78
12.204155199229717,-0.74,-2.26,30.76
12.20863912627101,-0.74,-2.24,30.79
12.213137570768595,-0.75,-2.23,30.79
12.217603202909231,-0.74,-2.23,30.79
12.22197937965393,-0.74,-2.23,30.78
12.226505883038044,-0.74,-2.23,30.78
12.230990543961525,-0.74,-2.23,30.78
12.2354406863451,-0.74,-2.23,30.78
12.240058161318302,-0.74,-2.23,30.79
12.244376618415117,-0.74,-2.23,30.8
12.248769797384739,-0.75,-2.23,30.79
12.253284979611635,-0.75,-2.23,30.77
12.257766645401716,-0.75,-2.23,30.8
12.262119635939598,-0.74,-2.23,30.77
12.266677364706993,-0.74,-2.23,30.75
12.271124821156263,-0.74,-2.23,30.74
12.275619339197874,-0.75,-2.23,30.75
12.280064024031162,-0.74,-2.23,30.77
12.284538634121418,-0.74,-2.23,30.77
12.288944356143475,-0.74,-2.23,30.77
12.29346414282918,-0.74,-2.23,30.79
12.297898009419441,-0.74,-2.23,30.79
12.30239363759756,-0.74,-2.24,30.78
12.30684970319271,-0.74,-2.24,30.76
12.311320774257183,-0.74,-2.23,30.77
12.315789956599474,-0.74,-2.23,30.78
12.320235829800367,-0.74,-2.23,30.78
12.324689336121082,-0.74,-2.23,30.79
12.329169910401106,-0.74,-2.23,30.79
12.33360518887639,-0.74,-2.24,30.73
12.33810081705451,-0.74,-2.23,30.76
12.342673376202583,-0.74,-2.23,30.73
12.346905145794153,-0.74,-2.23,30.73
12.351471979171038,-0.74,-2.23,30.75
12.355816788971424,-0.74,-2.23,30.76
12.360415775328875,-0.74,-2.23,30.78
12.364880718290806,-0.74,-2.23,30.76
12.36933821067214,-0.74,-2.23,30.75
12.373800378292799,-0.74,-2.23,30.75
12.378266204148531,-0.74,-2.23,30.77
12.38263913616538,-0.75,-2.23,30.78
12.387142777442932,-0.74,-2.23,30.77
12.391618192195892,-0.74,-2.23,30.76
12.396116748452187,-0.74,-2.23,30.77
12.400566641241312,-0.74,-2.23,30.77
12.405054744333029,-0.74,-2.23,30.77
12.409483883529902,-0.74,-2.23,30.78
12.41393294557929,-0.74,-2.23,30.78
12.41836754232645,-0.74,-2.23,30.74
12.422889076173306,-0.74,-2.23,30.75
12.427358128130436,-0.75,-2.23,30.73
12.431798748672009,-0.74,-2.23,30.74
12.436239592730999,-0.74,-2.23,30.75
12.44071688875556,-0.74,-2.23,30.76
12.445202447474003,-0.74,-2.23,30.77
12.450099013745785,-0.74,-2.23,30.76
12.454140286892653,-0.74,-2.23,30.77
12.458582822233438,-0.74,-2.23,30.76
12.463035993278027,-0.74,-2.23,30.76
12.467510376125574,-0.74,-2.23,30.76
12.471977457404137,-0.74,-2.23,30.75
12.476335141807795,-0.74,-2.23,30.74
12.480912394821644,-0.74,-2.23,30.76
12.485225670039654,-0.74,-2.24,30.76
12.491284366697073,-0.74,-272.27,30.78
12.495612934231758,-0.74,-2.24,30.78
12.500059690326452,-0.74,-2.24,30.77
12.504460044205189,-0.74,-2.24,30.78
12.508863303810358,-0.74,-2.24,30.77
12.513231560587883,-0.75,-2.24,30.77
12.517572101205587,-0.74,-2.24,30.77
12.522058144211769,-0.74,-2.24,30.76
12.526463147252798,-0.74,-2.24,30.75
12.530817922204733,-0.75,-2.24,30.77
12.53522752225399,-0.75,-2.24,30.77
12.53961830213666,-0.74,-2.24,30.77
12.544018227607012,-0.74,-2.24,30.75
12.548377342522144,-0.74,-2.24,30.74
12.5527806840837,-0.74,-2.24,30.76
12.55742872133851,-0.74,-2.24,30.79
12.561487462371588,-0.74,-2.24,30.79
12.56604964658618,-0.74,-2.24,30.79
12.570476543158293,-0.74,-2.24,30.79
12.574908547103405,-0.74,-2.24,30.77
12.579341895878315,-0.74,-2.24,30.76
12.583756789565086,-0.74,-2.24,30.77
12.588177755475044,-0.74,-2.24,30.78
12.59263364970684,-0.74,-2.24,30.78
12.597096286714077,-0.74,-2.24,30.79
12.60151607915759,-0.75,-2.24,30.78
12.60596327856183,-0.74,-2.24,30.76
12.61041359603405,-0.74,-2.24,30.74
12.614842548966408,-0.74,-2.24,30.74
12.61926967650652,-0.74,-2.24,30.75
12.623724330216646,-0.75,-2.24,30.76
12.628155909478664,-0.74,-2.24,30.77
12.63263813778758,-0.74,-2.24,30.77
12.63711766526103,-0.74,-2.24,30.77
12.641571648418903,-0.74,-2.24,30.74
12.646034758538008,-0.74,-2.24,30.76
12.65042931586504,-0.75,-2.24,30.77
12.654828231781721,-0.74,-2.24,30.76
12.65943881496787,-0.74,-2.24,30.77
12.663888324052095,-0.74,-2.24,30.79
12.66834744438529,-0.74,-2.24,30.79
12.67277853563428,-0.74,-2.24,30.79
12.677255414426327,-0.74,-2.24,30.77
12.681739144027233,-0.74,-2.24,30.76
12.686105385422707,-0.74,-2.24,30.78
12.690662499517202,-0.74,-2.24,30.79
12.695082891732454,-0.74,-2.24,30.79
12.699583623558283,-0.74,-2.24,30.8
12.704062547534704,-0.74,-2.24,30.79
12.708510927855968,-0.75,-2.24,30.79
12.712965477257967,-0.74,-2.24,30.79
12.717429388314486,-0.74,-2.24,30.78
12.721879728138447,-0.75,-2.24,30.79
12.726335924118757,-0.74,-2.24,30.79
12.730808485299349,-0.75,-2.24,30.8
12.735306050628424,-0.74,-2.24,30.8
12.739670109003782,-0.75,-2.24,30.81
12.744149465113878,-0.74,-2.24,30.8
12.748691149055958,-0.74,-2.24,30.81
12.75315410643816,-0.74,-2.24,30.8
12.757620986551046,-0.74,-2.24,30.8
12.762078829109669,-0.74,-2.24,30.8
12.766471404582262,-0.74,-2.24,30.78
12.77144319191575,-0.74,-2.24,30.78
12.775397002696991,-0.74,-2.24,30.79
12.779798943549395,-0.74,-2.24,30.8
12.784390490502119,-0.74,-2.24,30.8
12.788864988833666,-0.74,-2.24,30.8
12.793305676430464,-0.74,-2.24,30.8
12.797754261642694,-0.74,-2.24,30.78
12.802193332463503,-0.74,-2.24,30.8
12.80665036290884,-0.75,-2.24,30.79
12.811155240982771,-0.74,-2.24,30.8
12.815616261214018,-0.74,-2.24,30.8
12.820091869682074,-0.74,-2.24,30.8
12.824575047940016,-0.74,-2.24,30.79
12.829041350632906,-0.74,-2.24,30.79
12.833485461771488,-0.74,-2.24,30.79
12.837949883192778,-0.74,-2.24,30.8
12.84241570904851,-0.74,-2.24,30.8
12.846852015703917,-0.74,-2.24,30.8
12.851266361773014,-0.74,-2.24,30.79
12.855710994452238,-0.74,-2.24,30.8
12.860236581414938,-0.74,-2.24,30.78
12.864691134542227,-0.74,-2.24,30.79
12.869148179888725,-0.74,-2.24,30.79
12.873660821467638,-0.74,-2.24,30.79
12.878286715596914,-0.74,-2.23,30.79
12.88255412876606,-0.74,-2.24,30.78
12.887006118893623,-0.74,-2.23,30.79
12.891439337283373,-0.74,-2.23,30.78
12.895888645201921,-0.74,-2.24,30.76
12.900378309190273,-0.74,-2.23,30.78
12.904858481138945,-0.74,-2.23,30.76
12.909347210079432,-0.75,-2.24,30.76
12.913801949471235,-0.74,-2.23,30.79
12.918290819972754,-0.74,-2.23,30.8
12.922749884426594,-0.74,-2.24,30.8
12.927179835736752,-0.74,-2.23,30.8
12.93162890151143,-0.74,-2.23,30.8
12.936096128076315,-0.74,-2.24,30.78
12.940596375614405,-0.74,-2.24,30.78
12.945007517933846,-0.74,-2.23,30.79
12.949520770460367,-0.75,-2.24,30.79
12.954001609236002,-0.74,-2.24,30.79
12.95846700295806,-0.74,-2.24,30.79
12.96291546523571,-0.74,-2.23,30.78
12.967355024069548,-0.74,-2.23,30.77
12.971845798194408,-0.74,-2.24,30.76
12.976302064955235,-0.74,-2.24,30.78
12.980773150920868,-0.74,-2.23,30.8
12.985195711255074,-0.74,-2.24,30.74
12.98957921937108,-0.74,-2.24,30.76
12.994106844067574,-0.74,-2.24,30.78
12.998639333993196,-0.74,-2.24,30.75
13.003086343407631,-0.74,-2.23,30.79
13.007532384246588,-0.74,-2.24,30.8
13.012015715241432,-0.74,-2.24,30.8
13.016472227871418,-0.74,-2.23,30.8
13.02091933786869,-0.74,-2.23,30.8
13.025387927889824,-0.74,-2.23,30.78
13.029846616089344,-0.74,-2.23,30.79
13.034336313605309,-0.74,-2.23,30.8
13.038735214620829,-0.74,-2.23,30.8
13.043235003948212,-0.74,-2.23,30.8
13.047709479928017,-0.74,-2.23,30.81
13.052152533084154,-0.74,-2.23,30.81
13.056603979319334,-0.74,-2.23,30.8
13.061077110469341,-0.74,-2.23,30.81
13.065538544207811,-0.74,-2.23,30.81
13.070024106651545,-0.74,-2.23,30.8
13.07442719116807,-0.74,-2.23,30.8
13.078885097056627,-0.74,-2.22,30.8
13.083429139107466,-0.74,-2.23,30.8
13.08788650482893,-0.75,-2.23,30.8
13.092331767082214,-0.74,-2.23,30.8
13.096774153411388,-0.74,-2.23,30.8
13.101225350052118,-0.74,-2.23,30.75
13.105709370225668,-0.75,-2.23,30.76
13.11015297845006,-0.74,-2.23,30.75
13.114655155688524,-0.74,-2.23,30.75
13.119023248553276,-0.74,-2.23,30.76
13.12357885017991,-0.74,-2.23,30.78
13.128024220466614,-0.74,-2.22,30.77
13.132508736103773,-0.74,-2.23,30.78
13.136953175067902,-0.74,-2.23,30.79
13.141446642577648,-0.74,-2.23,30.75
13.145854290574789,-0.74,-2.23,30.77
13.150326453149319,-0.74,-2.23,30.77
13.154834769666195,-0.74,-2.23,30.76
13.15929900854826,-0.74,-2.23,30.76
13.163737144321203,-0.74,-2.23,30.78
13.16820627823472,-0.74,-2.23,30.78
13.17268830537796,-0.75,-2.23,30.77
13.17713624611497,-0.74,-2.23,30.78
13.181603867560625,-0.74,-2.23,30.8
13.186059441417456,-0.74,-2.22,30.8
13.19051518663764,-0.74,-2.22,30.8
13.195003405213356,-0.74,-2.22,30.79
13.199465863406658,-0.74,-2.22,30.8
13.203861083835363,-0.74,-2.22,30.77
13.208245482295752,-0.74,-2.22,30.79
13.212809231132269,-0.74,-2.22,30.8
13.217313699424267,-0.74,-2.22,30.8
13.22177278995514,-0.74,-2.22,30.79
13.226205382496119,-0.74,-2.22,30.77
13.230673395097256,-0.74,-2.22,30.78
13.2350935600698,-0.75,-2.22,30.78
13.23959369957447,-0.74,-2.22,30.77
13.244012650102377,-0.74,-2.22,30.83
13.248454548418522,-0.74,-2.22,30.8
13.252997804433107,-0.74,-2.23,30.78
13.257481675595045,-0.74,-2.23,30.78
13.261929869651794,-0.74,-2.22,30.79
13.266379825770855,-0.75,-2.23,30.79
13.270827479660511,-0.74,-2.23,30.79
13.275306794792414,-0.74,-2.23,30.78
13.279777195304632,-0.74,-2.22,30.78
13.284269571304321,-0.74,-2.22,30.78
13.288690455257893,-0.74,-2.22,30.78
13.293161872774363,-0.74,-2.22,30.78
13.297599233686924,-0.74,-2.22,30.78
13.302198231220245,-0.74,-2.23,30.78
13.306562907993793,-0.74,-2.22,30.78
13.311041813343763,-0.74,-2.22,30.78
13.3154521510005,-0.74,-2.22,30.78
13.319948889315128,-0.74,-2.22,30.78
13.324402809143066,-0.74,-2.23,30.79
13.328870084136724,-0.74,-2.22,30.78
13.333332434296608,-0.74,-2.22,30.78
13.337693624198437,-0.74,-2.22,30.78
13.342247795313597,-0.74,-2.22,30.78
13.346737213432789,-0.74,-2.23,30.78
13.351197522133589,-0.74,-2.22,30.78
13.355663500726223,-0.74,-2.22,30.77
13.360101781785488,-0.74,-2.22,30.79
13.364544708281755,-0.74,-2.23,30.78
13.369031462818384,-0.74,-2.23,30.78
13.373460352420807,-0.74,-2.22,30.79
13.377855118364096,-0.74,-2.22,30.78
13.382383104413748,-0.74,-2.23,30.78
13.386758506298065,-0.74,-2.23,30.79
13.391355369240046,-0.74,-2.23,30.78
13.395825233310461,-0.74,-2.22,30.78
13.400266289710999,-0.74,-2.22,30.78
13.404725313186646,-0.74,-2.22,30.78
13.409214098006487,-0.74,-2.22,30.78
13.413585927337408,-0.74,-2.23,30.78
13.418054234236479,-0.74,-2.23,30.78
13.42247574031353,-0.74,-2.23,30.78
13.42693991214037,-0.74,-2.23,30.78
13.431533601135015,-0.74,-2.22,30.77
13.436000239104033,-0.74,-2.22,30.78
13.440428894013166,-0.74,-2.22,30.77
13.444896459579468,-0.74,-2.22,30.77
13.449366174638271,-0.74,-2.22,30.76
13.453794650733471,-0.74,-2.22,30.77
13.45829076692462,-0.74,-2.22,30.77
13.46275307610631,-0.75,-2.22,30.77
13.467116363346577,-0.74,-2.22,30.78
13.471712280064821,-0.74,-2.22,30.76
13.476162932813168,-0.74,-2.22,30.78
13.480606734752655,-0.74,-2.22,30.78
13.485051978379488,-0.74,-2.22,30.77
13.489502988755703,-0.74,-2.22,30.77
13.49400893971324,-0.74,-2.22,30.78
13.498482882976532,-0.74,-2.22,30.76
13.50282496586442,-0.74,-2.22,30.76
13.507307063788176,-0.74,-2.22,30.77
13.511856690049171,-0.74,-2.23,30.78
13.516337353736162,-0.74,-2.23,30.78
13.520782891660929,-0.74,-2.23,30.77
13.52522387355566,-0.74,-2.23,30.77
13.529735632240772,-0.74,-2.22,30.77
13.534173753112555,-0.74,-2.23,30.77
13.5386275164783,-0.74,-2.23,30.77
13.543004859238863,-0.74,-2.22,30.77
13.547526620328426,-0.74,-2.23,30.77
13.55196787789464,-0.74,-2.23,30.77
13.556338373571634,-0.74,-2.23,30.78
13.560959976166487,-0.74,-2.23,30.78
13.565426874905825,-0.74,-2.23,30.77
13.56987976655364,-0.74,-2.23,30.77
13.574344385415316,-0.74,-2.23,30.77
13.578769564628601,-0.74,-2.23,30.77
13.583266500383615,-0.74,-2.23,30.77
13.587640848010778,-0.74,-2.23,30.76
13.592201877385378,-0.74,-2.23,30.77
13.596605453640223,-0.75,-2.23,30.75
13.601138606667519,-0.74,-2.23,30.77
13.605586647987366,-0.74,-2.23,30.78
13.610027972608805,-0.74,-2.23,30.77
13.614510994404554,-0.75,-2.22,30.78
13.618917882442474,-0.74,-2.23,30.78
13.62336490675807,-0.74,-2.22,30.78
13.627876471728086,-0.75,-2.23,30.79
13.63231847062707,-0.74,-2.23,30.75
13.636800840497017,-0.74,-2.23,30.75
13.641168095171452,-0.74,-2.23,30.76
13.645748786628246,-0.74,-2.23,30.74
13.650210287421942,-0.74,-2.23,30.75
13.654651001095772,-0.74,-2.23,30.75
13.65913562849164,-0.74,-2.23,30.77
13.663598112761974,-0.74,-2.23,30.76
13.668064516037703,-0.74,-2.22,30.8
13.672513529658318,-0.75,-2.23,30.84
13.676897414028645,-0.74,-2.23,30.8
13.68142006918788,-0.74,-2.23,30.74
13.685892514884472,-0.74,-2.23,30.77
13.690385613590479,-0.74,-2.23,30.78
13.694827802479267,-0.74,-2.23,30.79
13.699274979531765,-0.75,-2.23,30.8
13.703736241906881,-0.74,-2.23,30.8
13.708168592303991,-0.75,-2.23,30.8
13.71267294511199,-0.74,-2.23,30.79
13.717140901833773,-0.74,-2.23,30.79
13.72151343524456,-0.74,-2.23,30.79
13.72606686502695,-0.74,-2.23,30.77
13.73051343858242,-0.74,-2.23,30.75
13.735006537288427,-0.75,-2.23,30.78
13.739474773406982,-0.75,-2.23,30.78
13.743928950279951,-0.74,-2.23,30.8
13.74838536977768,-0.74,-2.22,30.79
13.752867940813303,-0.75,-2.22,30.8
13.757252044975758,-0.74,-2.22,30.8
13.761681511998177,-0.75,-2.22,30.8
13.766156151890755,-0.74,-2.22,30.8
13.770699854940176,-0.74,-2.22,30.79
13.775077696889639,-0.75,-2.22,30.79
13.779631860554218,-0.74,-2.23,30.76
13.784075297415257,-0.75,-2.22,30.79
13.788520872592926,-0.74,-2.22,30.8
13.792967513203621,-0.74,-2.23,30.8
13.797485660761595,-0.74,-2.22,30.8
13.801848594099283,-0.74,-2.22,30.81
13.806320413947105,-0.75,-2.22,30.78
13.810796104371548,-0.75,-2.22,30.76
13.815307833254337,-0.74,-2.22,30.76
13.819803725928068,-0.74,-2.22,30.78
13.824253760278225,-0.74,-2.22,30.78
13.828697703778744,-0.75,-2.22,30.79
13.833136361092329,-0.74,-2.22,30.78
13.837592128664255,-0.74,-2.22,30.78
13.842103149741888,-0.74,-2.22,30.78
13.84654938802123,-0.74,-2.22,30.78
13.851055514067411,-0.74,-2.22,30.78
13.855424657464027,-0.74,-2.22,30.78
13.859958052635193,-0.74,-2.22,30.8
13.864429216831923,-0.75,-2.22,30.79
13.868890762329102,-0.74,-2.22,30.74
13.873360980302095,-0.74,-2.22,30.76
13.877768650650978,-0.74,-2.22,30.77
13.882281981408596,-0.74,-2.22,30.78
13.886741045862436,-0.75,-2.22,30.78
13.891138903796673,-0.74,-2.22,30.79
13.89565160498023,-0.74,-2.21,30.8
13.900056082755327,-0.74,-2.22,30.8
13.904574826359749,-0.74,-2.22,30.8
13.9090560041368,-0.74,-2.22,30.79
13.913523431867361,-0.74,-2.22,30.79
13.917981792241335,-0.75,-2.22,30.75
13.922442693263292,-0.74,-2.22,30.79
13.926832802593708,-0.74,-2.22,30.79
13.931375410407782,-0.74,-2.22,30.81
13.93582183495164,-0.74,-2.22,30.81
13.940294850617647,-0.74,-2.22,30.81
13.944774325937033,-0.74,-2.22,30.81
13.949227511882782,-0.74,-2.22,30.81
13.953692317008972,-0.74,-2.22,30.8
13.958152335137129,-0.74,-2.22,30.8
13.962607067078352,-0.74,-2.22,30.81
13.967032734304667,-0.74,-2.22,30.81
13.971545536071062,-0.74,-2.22,30.81
13.975983902812004,-0.74,-2.22,30.81
13.98046125844121,-0.74,-2.22,30.82
13.98490521684289,-0.74,-2.22,30.82
13.989379934966564,-0.74,-2.22,30.81
13.993850160390139,-0.74,-2.22,30.81
13.998296603560448,-0.74,-2.22,30.81
14.002777390182018,-0.74,-2.22,30.8
14.007238820195198,-0.74,-2.22,30.8
14.011704310774803,-0.74,-2.22,30.8
14.016084644943476,-0.74,-2.22,30.8
14.020633686333895,-0.74,-2.22,30.8
14.024965643882751,-0.74,-2.22,30.8
14.029474847018719,-0.74,-2.22,30.81
14.03402105346322,-0.74,-2.22,30.8
14.038477383553982,-0.75,-2.22,30.81
14.042944356799126,-0.74,-2.22,30.82
14.047365989536047,-0.74,-2.22,30.81
14.051848594099283,-0.74,-2.22,30.81
14.056321002542973,-0.74,-2.22,30.81
14.060704048722982,-0.75,-2.22,30.8
14.06527204811573,-0.74,-2.22,30.78
14.069720022380352,-0.75,-2.23,30.75
14.074144557118416,-0.74,-2.23,30.76
14.078650988638401,-0.74,-2.23,30.76
14.083113569766283,-0.75,-2.23,30.76
14.087569441646338,-0.74,-2.23,30.76
14.09205524250865,-0.74,-2.23,30.77
14.096488401293755,-0.74,-2.23,30.8
14.100922856479883,-0.75,-2.23,30.82
14.105494998395443,-0.74,-2.22,30.81
14.109847988933325,-0.74,-2.22,30.79
14.114351853728294,-0.74,-2.23,30.76
14.118793744593859,-0.74,-2.22,30.77
14.123276244848967,-0.74,-2.23,30.78
14.12772585824132,-0.74,-2.23,30.8
14.132184319198132,-0.74,-2.23,30.81
14.136655703186989,-0.74,-2.23,30.78
14.141057446599007,-0.74,-2.23,30.78
14.145571332424879,-0.74,-2.23,30.77
14.15008057281375,-0.74,-2.23,30.77
14.15452140942216,-0.74,-2.23,30.78
14.158838905394077,-0.74,-2.23,30.82
14.163453411310911,-0.74,-2.23,30.81
14.167893704026937,-0.74,-2.23,30.8
14.172344867140055,-0.74,-2.23,30.81
14.176818002015352,-0.74,-2.23,30.81
14.181230995804071,-0.74,-2.23,30.81
14.185684684664011,-0.74,-2.23,30.81
14.190170761197805,-0.75,-2.23,30.8
14.194567393511534,-0.74,-2.23,30.8
14.199107889086008,-0.74,-2.23,30.8
14.203474674373865,-0.74,-2.23,30.8
14.207936730235815,-0.75,-2.23,30.8
14.212520327419043,-0.75,-2.23,30.81
14.216972932219505,-0.75,-2.23,30.81
14.221410237252712,-0.74,-2.23,30.79
14.22590110078454,-0.74,-2.23,30.77
14.23037040233612,-0.74,-2.23,30.78
14.234812889248133,-0.74,-2.23,30.77
14.239193573594093,-0.74,-2.23,30.79
14.243765395134687,-0.75,-2.23,30.78
14.24818255752325,-0.74,-2.23,30.79
14.252698943018913,-0.74,-2.23,30.8
14.257153682410717,-0.74,-2.23,30.81
14.261592868715525,-0.74,-2.23,30.8
14.266046427190304,-0.75,-2.23,30.8
14.270543582737446,-0.74,-2.23,30.8
14.274998895823956,-0.74,-2.23,30.82
14.279370572417974,-0.74,-2.23,30.79
14.283920407295227,-0.74,-2.23,30.79
14.288402494043112,-0.74,-2.23,30.78
14.292820401489735,-0.74,-2.23,30.76
14.297322649508715,-0.74,-2.23,30.78
14.301767189055681,-0.75,-2.23,30.76
14.30623709782958,-0.74,-2.23,30.79
14.310656938701868,-0.74,-2.23,30.81
14.315161187201738,-0.74,-2.23,30.81
14.319622423499823,-0.74,-2.23,30.79
14.324023980647326,-0.74,-2.23,30.79
14.328522443771362,-0.74,-2.23,30.79
14.333002872765064,-0.74,-2.23,30.78
14.337495971471071,-0.75,-2.23,30.8
14.341946963220835,-0.74,-2.23,30.79
14.34640520811081,-0.74,-2.23,30.8
14.35087562724948,-0.74,-2.23,30.8
14.355287216603756,-0.75,-2.23,30.8
14.359801292419434,-0.74,-2.23,30.8
14.364247653633356,-0.74,-2.23,30.81
14.368619475513697,-0.74,-2.23,30.81
14.373056884855032,-0.74,-2.23,30.8
14.377622053027153,-0.74,-2.23,30.8
14.382120784372091,-0.74,-2.23,30.8
14.386566497385502,-0.74,-2.23,30.81
14.39103913679719,-0.74,-2.23,30.8
14.395491775125265,-0.74,-2.23,30.8
14.399922791868448,-0.75,-2.23,30.75
14.404344711452723,-0.74,-2.23,30.76
14.408814944326878,-0.74,-2.23,30.8
14.41332357749343,-0.74,-2.23,30.81
14.41781223937869,-0.75,-2.23,30.79
14.42213249206543,-0.74,-2.23,30.76
14.426740784198046,-0.74,-2.23,30.78
14.431217726320028,-0.74,-2.23,30.79
14.435667622834444,-0.74,-2.23,30.8
14.440084591507912,-0.74,-2.23,30.8
14.444570880383253,-0.75,-2.23,30.8
14.44902564957738,-0.74,-2.23,30.81
14.453410152345896,-0.75,-2.23,30.81
14.457871187478304,-0.74,-2.23,30.81
14.462443210184574,-0.74,-2.23,30.8
14.466747336089611,-0.74,-2.24,30.77
14.471366565674543,-0.74,-2.23,30.79
14.47583957388997,-0.74,-2.23,30.79
14.480301950126886,-0.74,-2.24,30.8
14.484734050929546,-0.74,-2.24,30.8
14.489226687699556,-0.74,-2.24,30.79
14.493707358837128,-0.75,-2.23,30.8
14.498033221811056,-0.74,-2.24,30.77
14.502499174326658,-0.74,-2.23,30.8
14.50706509128213,-0.74,-2.24,30.8
14.511557951569557,-0.74,-2.23,30.8
14.516012366861105,-0.74,-2.24,30.81
14.520461697131395,-0.74,-2.23,30.8
14.524908851832151,-0.75,-2.23,30.8
14.529356777668,-0.74,-2.24,30.8
14.533852476626635,-0.75,-2.24,30.8
14.538310658186674,-0.74,-2.24,30.8
14.542757775634527,-0.74,-2.23,30.81
14.547200847417116,-0.75,-2.24,30.8
14.551637284457684,-0.74,-2.23,30.8
14.556167297065258,-0.74,-2.23,30.81
14.560616321861744,-0.74,-2.24,30.81
14.565071534365416,-0.74,-2.24,30.81
14.56949782371521,-0.74,-2.23,30.82
14.573979552835226,-0.74,-2.24,30.82
14.578440360724926,-0.74,-2.24,30.83
14.582915484905243,-0.74,-2.24,30.83
14.587278008460999,-0.74,-2.24,30.82
14.59186640009284,-0.74,-2.24,30.82
14.596337836235762,-0.74,-2.24,30.81
14.600793708115816,-0.74,-2.24,30.79
14.605238076299429,-0.74,-2.24,30.78
14.609685983508825,-0.74,-2.24,30.8
14.61418404057622,-0.74,-2.24,30.79
14.618566256016493,-0.74,-2.24,30.8
14.623126562684774,-0.74,-2.24,30.8
14.627502381801605,-0.75,-2.24,30.79
14.631996635347605,-0.74,-2.24,30.8
14.636491991579533,-0.74,-2.24,30.81
14.640967965126038,-0.75,-2.24,30.82
14.64543242007494,-0.74,-2.24,30.81
14.649893444031477,-0.74,-2.24,30.81
14.655806183815002,-0.74,-272.27,30.81
14.660170309245586,-0.75,-2.24,30.82
14.664584167301655,-0.75,-2.24,30.81
14.66899560391903,-0.74,-2.24,30.82
14.673375334590673,-0.74,-2.24,30.75
14.677772089838982,-0.75,-2.24,30.77
14.68207636103034,-0.74,-2.24,30.77
14.686540313065052,-0.74,-2.24,30.77
14.69095491245389,-0.74,-2.24,30.79
14.695371389389038,-0.75,-2.24,30.8
14.699689328670502,-0.74,-2.24,30.81
14.70408646017313,-0.74,-2.24,30.82
14.70855963602662,-0.74,-2.24,30.82
14.712870929390192,-0.75,-2.24,30.78
14.717237427830696,-0.75,-2.24,30.81
14.721745669841766,-0.74,-2.24,30.82
14.72612802311778,-0.74,-2.24,30.82
14.73039972782135,-0.75,-2.24,30.83
14.734922111034393,-0.74,-2.24,30.82
14.739280749112368,-0.74,-2.24,30.81
14.743725322186947,-0.74,-2.24,30.8
14.748026441782713,-0.75,-2.24,30.82
14.75252964347601,-0.75,-2.24,30.82
14.756953191012144,-0.74,-2.24,30.81
14.761405777186155,-0.74,-2.24,30.8
14.76580523699522,-0.74,-2.24,30.8
14.770395774394274,-0.74,-2.24,30.8
14.774858895689249,-0.74,-2.24,30.8
14.779282703995705,-0.74,-2.24,30.81
14.783768843859434,-0.75,-2.24,30.81
14.788170922547579,-0.75,-2.24,30.82
14.79267032444477,-0.74,-2.24,30.82
14.797170598059893,-0.75,-2.24,30.83
14.801553383469582,-0.74,-2.24,30.82
14.805967710912228,-0.74,-2.24,30.82
14.81065010279417,-0.74,-2.24,30.79
14.815016370266676,-0.75,-2.24,30.8
14.819461479783058,-0.75,-2.24,30.82
14.823934983462095,-0.74,-2.24,30.78
14.828353591263294,-0.74,-2.24,30.79
14.832870803773403,-0.74,-2.24,30.81
14.837302427738905,-0.74,-2.24,30.8
14.841721300035715,-0.75,-2.24,30.77
14.846212044358253,-0.75,-2.24,30.8
14.850612245500088,-0.74,-2.24,30.81
14.855023883283138,-0.74,-2.24,30.82
14.859634060412645,-0.74,-2.24,30.82
14.864099860191345,-0.74,-2.24,30.82
14.868560560047626,-0.74,-2.24,30.8
14.872975092381239,-0.74,-2.24,30.81
14.877459865063429,-0.75,-2.24,30.8
14.881964161992073,-0.74,-2.24,30.79
14.886427346616983,-0.75,-2.24,30.81
14.890866868197918,-0.74,-2.24,30.81
14.895335089415312,-0.74,-2.24,30.79
14.899759359657764,-0.75,-2.24,30.78
14.904288616031408,-0.74,-2.24,30.78
14.908726558089256,-0.74,-2.24,30.79
14.913513071835041,-0.74,-2.24,30.8
14.917642153799534,-0.74,-2.24,30.78
14.922041464596987,-0.75,-2.24,30.77
14.926578279584646,-0.75,-2.24,30.8
14.931052647531033,-0.74,-2.24,30.81
14.935409653931856,-0.74,-2.24,30.8
14.939982298761606,-0.74,-2.24,30.8
14.944436188787222,-0.74,-2.24,30.8
14.948883973062038,-0.74,-2.24,30.8
14.953358937054873,-0.75,-2.24,30.82
14.957815703004599,-0.74,-2.24,30.81
14.962272688746452,-0.75,-2.24,30.8
14.966687798500061,-0.74,-2.24,30.82
14.972674392163754,-0.75,-2.24,30.83
14.977103102952242,-0.75,-2.24,30.83
14.981495276093483,-0.74,-2.24,30.82
14.985864717513323,-0.75,-2.24,30.84
14.99041810259223,-0.74,-2.24,30.86
14.994753327220678,-0.75,-2.24,30.85
14.99923461675644,-0.74,-2.24,30.81
15.00373899936676,-0.74,-2.24,30.79
15.008180852979422,-0.74,-2.24,30.77
15.012535989284515,-0.74,-2.24,30.79
15.017052724957466,-0.75,-2.24,30.82
15.021449510008097,-0.75,-2.24,30.81
15.025881227105856,-0.74,-2.23,30.82
15.030352141708136,-0.74,-2.24,30.83
15.034784864634275,-0.74,-2.24,30.83
15.039195287972689,-0.74,-2.23,30.83
15.043644085526466,-0.74,-2.24,30.83
15.048082429915667,-0.74,-2.23,30.81
15.05252768099308,-0.74,-2.24,30.82
15.056969977915287,-0.74,-2.24,30.82
15.061422485858202,-0.74,-2.23,30.81
15.065862737596035,-0.74,-2.23,30.83
15.070305433124304,-0.74,-2.23,30.83
15.074611522257328,-0.74,-2.23,30.82
15.079095758497715,-0.74,-2.24,30.82
15.08361615985632,-0.74,-2.24,30.82
15.088033378124237,-0.74,-2.23,30.83
15.092400707304478,-0.74,-2.23,30.8
15.096805296838284,-0.74,-2.23,30.81
15.101326510310173,-0.75,-2.24,30.83
15.1057422272861,-0.74,-2.24,30.83
15.11019654944539,-0.74,-2.24,30.83
15.114686351269484,-0.74,-2.24,30.82
15.11911629140377,-0.74,-2.24,30.83
15.123541448265314,-0.74,-2.23,30.84
15.127917487174273,-0.74,-2.24,30.84
15.132433701306581,-0.74,-2.24,30.83
15.136829979717731,-0.74,-2.24,30.83
15.141289714723825,-0.74,-2.24,30.83
15.14569215849042,-0.74,-2.24,30.83
15.150168515741825,-0.74,-2.24,30.83
15.154574103653431,-0.74,-2.24,30.83
15.159054409712553,-0.74,-2.24,30.83
15.163477286696434,-0.74,-2.23,30.83
15.16790658608079,-0.74,-2.23,30.83
15.17235193401575,-0.74,-2.23,30.83
15.176795322448015,-0.74,-2.24,30.8
15.181244473904371,-0.74,-2.23,30.82
15.18568317964673,-0.74,-2.23,30.82
15.189975071698427,-0.75,-2.23,30.83
15.194478884339333,-0.74,-2.24,30.83
15.198984872549772,-0.74,-2.23,30.83
15.203441858291626,-0.74,-2.23,30.82
15.207736853510141,-0.74,-2.23,30.82
15.212284907698631,-0.74,-2.23,30.8
15.21674519404769,-0.75,-2.23,30.79
15.221070609986782,-0.75,-2.23,30.8
15.225564770400524,-0.74,-2.23,30.8
15.22994989156723,-0.74,-2.23,30.79
15.234506487846375,-0.74,-2.23,30.79
15.238988816738129,-0.75,-2.23,30.81
15.243450403213501,-0.74,-2.23,30.82
15.247903928160667,-0.74,-2.23,30.8
15.252353206276894,-0.74,-2.23,30.8
15.256800156086683,-0.75,-2.23,30.8
15.261281408369541,-0.75,-2.23,30.82
15.265745807439089,-0.74,-2.23,30.82
15.2702127546072,-0.74,-2.23,30.82
15.27466781809926,-0.75,-2.23,30.82
15.279097240418196,-0.74,-2.23,30.82
15.283526472747326,-0.74,-2.23,30.82
15.288068924099207,-0.74,-2.23,30.82
15.292538430541754,-0.74,-2.23,30.81
15.296974178403616,-0.74,-2.23,30.8
15.301460735499859,-0.75,-2.23,30.82
15.305899243801832,-0.74,-2.23,30.82
15.310402046889067,-0.74,-2.22,30.78
15.314932618290186,-0.74,-2.23,30.77
15.319198120385408,-0.74,-2.23,30.79
15.323647696524858,-0.74,-2.23,30.81
15.328208934515715,-0.74,-2.23,30.83
15.332705676555634,-0.74,-2.23,30.83
15.33716594800353,-0.74,-2.23,30.81
15.34163000434637,-0.74,-2.23,30.83
15.346088953316212,-0.74,-2.23,30.83
15.350533463060856,-0.74,-2.23,30.83
15.355009641498327,-0.74,-2.23,30.79
15.35946199670434,-0.74,-2.23,30.81
15.363891582936049,-0.74,-2.23,30.81
15.368271924555302,-0.74,-2.23,30.79
15.3728859834373,-0.74,-2.23,30.78
15.37733343988657,-0.74,-2.23,30.8
15.381800994277,-0.75,-2.23,30.82
15.386222325265408,-0.74,-2.23,30.82
15.390723045915365,-0.74,-2.23,30.8
15.395118582993746,-0.74,-2.23,30.82
15.399559147655964,-0.74,-2.23,30.83
15.404013324528933,-0.74,-2.23,30.82
15.408592697232962,-0.74,-2.23,30.82
15.413238368928432,-0.74,-2.23,30.83
15.417508382350206,-0.74,-2.23,30.83
15.421954851597548,-0.74,-2.23,30.82
15.426405500620604,-0.74,-2.23,30.83
15.430850263684988,-0.74,-2.23,30.82
15.435353942215443,-0.74,-2.23,30.83
15.439832102507353,-0.74,-2.22,30.82
15.444241166114807,-0.74,-2.23,30.82
15.448744367808104,-0.74,-2.23,30.82
15.453064676374197,-0.74,-2.23,30.83
15.457676649093628,-0.74,-2.22,30.83
15.462133400142193,-0.74,-2.23,30.83
15.46659241616726,-0.74,-2.23,30.83
15.471045397222042,-0.74,-2.23,30.83
15.475524384528399,-0.74,-2.22,30.83
15.479978654533625,-0.74,-2.22,30.83
15.484442308545113,-0.74,-2.22,30.83
15.488910686224699,-0.74,-2.22,30.84
15.493334133177996,-0.74,-2.22,30.84
15.497752707451582,-0.74,-2.22,30.83
15.502165246754885,-0.74,-2.22,30.81
15.506758332252502,-0.74,-2.22,30.83
15.511216279119253,-0.74,-2.22,30.79
15.515640385448933,-0.74,-2.22,30.78
15.520140994340181,-0.74,-2.22,30.79
15.524595204740763,-0.74,-2.22,30.8
15.529081489890814,-0.74,-2.22,30.81
15.533490549772978,-0.74,-2.22,30.81
15.537866655737162,-0.74,-2.22,30.81
15.5424520149827,-0.74,-2.22,30.81
15.546929933130741,-0.74,-2.22,30.82
15.551374699920416,-0.74,-2.22,30.83
15.555820886045694,-0.74,-2.22,30.79
15.56029623374343,-0.74,-2.22,30.8
15.56476916000247,-0.74,-2.22,30.81
15.569224908947945,-0.74,-2.22,30.81
15.573603138327599,-0.74,-2.22,30.81
15.578137829899788,-0.74,-2.22,30.82
15.582616470754147,-0.74,-2.22,30.83
15.58708966895938,-0.74,-2.22,30.83
15.59151354804635,-0.74,-2.22,30.83
15.596010226756334,-0.75,-2.22,30.83
15.600448198616505,-0.74,-2.22,30.81
15.60494277998805,-0.74,-2.22,30.81
15.609394267201424,-0.74,-2.22,30.82
15.613796830177307,-0.74,-2.22,30.81
15.618329234421253,-0.74,-2.22,30.8
15.622663583606482,-0.74,-2.22,30.8
15.627188015729189,-0.74,-2.22,30.79
15.631591100245714,-0.74,-2.22,30.79
15.636180475354195,-0.74,-2.22,30.81
15.64062613248825,-0.74,-2.22,30.79
15.645072028040886,-0.74,-2.22,30.8
15.649510078132153,-0.74,-2.22,30.79
15.65399120748043,-0.74,-2.22,30.8
15.658442918211222,-0.74,-2.22,30.82
15.662892270833254,-0.74,-2.22,30.83
15.66741831973195,-0.74,-2.22,30.83
15.671861313283443,-0.74,-2.22,30.83
15.676350366324186,-0.74,-2.22,30.83
15.680805131793022,-0.74,-2.22,30.83
15.6852504350245,-0.74,-2.22,30.83
15.689715199172497,-0.74,-2.21,30.83
15.694150023162365,-0.74,-2.21,30.83
15.698673445731401,-0.74,-2.21,30.83
15.703114964067936,-0.74,-2.21,30.83
15.707582745701075,-0.74,-2.21,30.83
15.711995635181665,-0.74,-2.21,30.83
15.716472558677197,-0.74,-2.21,30.82
15.720981020480394,-0.74,-2.21,30.82
15.725424699485302,-0.74,-2.21,30.83
15.729900974780321,-0.74,-2.21,30.83
15.73431283980608,-0.74,-2.21,30.83
15.73879124969244,-0.74,-2.21,30.83
15.743283871561289,-0.74,-2.21,30.83
15.747649036347866,-0.74,-2.21,30.83
15.752131570130587,-0.74,-2.21,30.83
15.756622485816479,-0.74,-2.21,30.8
15.76114771515131,-0.74,-2.21,30.8
15.76562524959445,-0.74,-2.21,30.82
15.77006422355771,-0.74,-2.21,30.83
15.774516955018044,-0.74,-2.21,30.82
15.779000952839851,-0.74,-2.22,30.82
15.783381894230843,-0.75,-2.22,30.81
15.787826009094715,-0.74,-2.22,30.8
15.7923742569983,-0.74,-2.21,30.83
15.796747520565987,-0.74,-2.22,30.83
15.8012815117836,-0.74,-2.22,30.84
15.805665265768766,-0.74,-2.22,30.84
15.810226686298847,-0.74,-2.21,30.81
15.8147018738091,-0.75,-2.22,30.79
15.81917879730463,-0.75,-2.21,30.79
15.82361402362585,-0.74,-2.21,30.8
15.828005149960518,-0.74,-2.22,30.79
15.832540102303028,-0.74,-2.21,30.8
15.83700518682599,-0.74,-2.21,30.81
15.841451421380043,-0.74,-2.22,30.82
15.845939192920923,-0.74,-2.22,30.82
15.850404690951109,-0.74,-2.21,30.83
15.854846887290478,-0.74,-2.21,30.83
15.85931908339262,-0.74,-2.22,30.83
15.863999348133802,-0.74,-2.22,30.83
15.868239421397448,-0.74,-2.22,30.83
15.872708175331354,-0.74,-2.22,30.84
15.877103935927153,-0.74,-2.21,30.83
15.881543017923832,-0.74,-2.21,30.82
15.885981239378452,-0.74,-2.21,30.82
15.89040144905448,-0.74,-2.21,30.81
15.89502752199769,-0.74,-2.21,30.78
15.899472150951624,-0.74,-2.22,30.78
15.903955210000277,-0.74,-2.22,30.83
15.908392246812582,-0.74,-2.22,30.85
15.912892308086157,-0.74,-2.21,30.8
15.917288985103369,-0.74,-2.21,30.8
15.921804409474134,-0.74,-2.21,30.8
15.926247365772724,-0.74,-2.21,30.82
15.930633585900068,-0.74,-2.21,30.82
15.935202293097973,-0.74,-2.21,30.83
15.939649377018213,-0.74,-2.21,30.82
15.944122862070799,-0.74,-2.21,30.82
15.948560200631618,-0.74,-2.21,30.85
15.95297696068883,-0.75,-2.21,30.85
15.9574693441391,-0.74,-2.21,30.83
15.961923241615295,-0.74,-2.21,30.81
15.966432627290487,-0.74,-2.21,30.8
15.97089958935976,-0.74,-2.21,30.8
15.975361701101065,-0.74,-2.21,30.79
15.9798240698874,-0.74,-2.21,30.79
15.984273623675108,-0.74,-2.21,30.79
15.988734435290098,-0.74,-2.21,30.79
15.99321161210537,-0.75,-2.21,30.79
15.997664108872414,-0.74,-2.21,30.79
16.00211339071393,-0.74,-2.21,30.79
16.006589498370886,-0.74,-2.21,30.79
16.01098434254527,-0.74,-2.21,30.79
16.015527471899986,-0.74,-2.21,30.79
16.019934710115194,-0.74,-2.21,30.79
16.024447456002235,-0.74,-2.21,30.79
16.028893068432808,-0.74,-2.21,30.81
16.033367034047842,-0.74,-2.21,30.8
16.03781119734049,-0.74,-2.21,30.81
16.042256470769644,-0.74,-2.21,30.8
16.046746600419283,-0.74,-2.21,30.8
16.051216945052147,-0.74,-2.21,30.8
16.05567518621683,-0.74,-2.21,30.8
16.06008930876851,-0.74,-2.21,30.8
16.064536597579718,-0.74,-2.21,30.8
16.069066777825356,-0.74,-2.21,30.8
16.073521193116903,-0.74,-2.21,30.81
16.077981267124414,-0.74,-2.21,30.8
16.08240707963705,-0.74,-2.21,30.8
16.086894501000643,-0.74,-2.21,30.8
16.091357491910458,-0.74,-2.21,30.81
16.095856461673975,-0.74,-2.21,30.83
16.10019537433982,-0.74,-2.21,30.83
16.104729134589434,-0.74,-2.21,30.85
16.1092483215034,-0.74,-2.21,30.81
16.113694839179516,-0.74,-2.21,30.8
16.118137631565332,-0.74,-2.21,30.8
16.122583959251642,-0.74,-2.21,30.8
16.127094630151987,-0.74,-2.21,30.8
16.13154398277402,-0.74,-2.21,30.8
16.13592393323779,-0.74,-2.21,30.81
16.140478670597076,-0.74,-2.22,30.77
16.144884899258614,-0.74,-2.21,30.77
16.149406973272562,-0.74,-2.21,30.77
16.15376516059041,-0.74,-2.21,30.77
16.15831209719181,-0.74,-2.21,30.77
16.162787064909935,-0.74,-2.21,30.77
16.167248487472534,-0.75,-2.21,30.77
16.17170885950327,-0.75,-2.21,30.78
16.176149807870388,-0.74,-2.21,30.78
16.1806220151484,-0.74,-2.21,30.78
16.185065027326345,-0.74,-2.21,30.78
16.18959803506732,-0.75,-2.21,30.78
16.193934749811888,-0.74,-2.21,30.78
16.19849568605423,-0.74,-2.21,30.78
16.202970683574677,-0.74,-2.21,30.78
16.20741656795144,-0.74,-2.21,30.78
16.211876306682825,-0.74,-2.21,30.78
16.21633266285062,-0.74,-2.21,30.78
16.220797672867775,-0.74,-2.21,30.79
16.225257750600576,-0.75,-2.21,30.78
16.22974392026663,-0.74,-2.21,30.78
16.23419999703765,-0.74,-2.21,30.78
16.2386466935277,-0.74,-2.21,30.79
16.24311488494277,-0.74,-2.21,30.78
16.24758357182145,-0.74,-2.21,30.78
16.252051524817944,-0.74,-2.21,30.79
16.25650068372488,-0.74,-2.21,30.78
16.260975189507008,-0.74,-2.21,30.79
16.265419103205204,-0.74,-2.21,30.78
16.26990047842264,-0.74,-2.21,30.78
16.274353977292776,-0.74,-2.21,30.78
16.278819803148508,-0.74,-2.22,30.77
16.283268231898546,-0.74,-2.21,30.77
16.287738505750895,-0.74,-2.21,30.78
16.29220226034522,-0.74,-2.21,30.78
16.296629086136818,-0.74,-2.21,30.78
16.301140137016773,-0.74,-2.21,30.79
16.305577736347914,-0.74,-2.21,30.79
16.310026664286852,-0.74,-2.21,30.79
16.314511373639107,-0.74,-2.21,30.78
16.318976931273937,-0.74,-2.21,30.79
16.323458552360535,-0.74,-2.21,30.78
16.327886812388897,-0.74,-2.21,30.8
16.332420889288187,-0.74,-2.21,30.84
16.336833115667105,-0.74,-2.21,30.84
16.34124965965748,-0.74,-2.21,30.83
16.34576516970992,-0.74,-2.21,30.8
16.35021522268653,-0.74,-2.21,30.83
16.354652497917414,-0.74,-2.21,30.83
16.359140772372484,-0.74,-2.21,30.84
16.36358580365777,-0.74,-2.21,30.84
16.367991395294666,-0.74,-2.21,30.84
16.372540686279535,-0.74,-2.22,30.82
16.37699906527996,-0.74,-2.21,30.82
16.381472628563643,-0.74,-2.21,30.85
16.385933443903923,-0.74,-2.21,30.86
16.390383910387754,-0.74,-2.21,30.84
16.394860967993736,-0.74,-2.21,30.84
16.399279687553644,-0.74,-2.21,30.83
16.403754644095898,-0.74,-2.21,30.81
16.408244088292122,-0.74,-2.21,30.81
16.412699088454247,-0.74,-2.21,30.81
16.417168512940407,-0.74,-2.21,30.81
16.421604104340076,-0.74,-2.21,30.81
16.426086518913507,-0.74,-2.21,30.81
16.430542338639498,-0.74,-2.21,30.81
16.4350177757442,-0.74,-2.21,30.81
16.439440444111824,-0.74,-2.21,30.81
16.443916860967875,-0.74,-2.22,30.81
16.44836002960801,-0.74,-2.21,30.81
16.45286075025797,-0.74,-2.22,30.81
16.457343116402626,-0.74,-2.21,30.8
16.461790319532156,-0.74,-2.21,30.8
16.466238029301167,-0.74,-2.21,30.8
16.47072719410062,-0.74,-2.21,30.81
16.47511950880289,-0.74,-2.21,30.81
16.47966206818819,-0.74,-2.22,30.82
16.484058540314436,-0.74,-2.21,30.86
16.48855258896947,-0.74,-2.21,30.87
16.49302638694644,-0.74,-2.21,30.87
16.49746412038803,-0.74,-2.21,30.88
16.501937329769135,-0.74,-2.21,30.83
16.5064138174057,-0.74,-2.21,30.83
16.510876137763262,-0.74,-2.21,30.83
16.51532407850027,-0.74,-2.21,30.82
16.519773062318563,-0.74,-2.21,30.83
16.52426979318261,-0.74,-2.21,30.83
16.528730262070894,-0.74,-2.22,30.82
16.53317306190729,-0.74,-2.21,30.83
16.53756221756339,-0.74,-2.21,30.83
16.542095199227333,-0.74,-2.22,30.83
16.546585585922003,-0.74,-2.21,30.82
16.551032103598118,-0.74,-2.22,30.82
16.555475652217865,-0.74,-2.22,30.82
16.559965051710606,-0.74,-2.22,30.82
16.564403232187033,-0.74,-2.22,30.82
16.56881009787321,-0.74,-2.22,30.82
16.57325356081128,-0.74,-2.22,30.82
16.577835645526648,-0.74,-2.22,30.82
16.582268569618464,-0.74,-2.21,30.82
16.586681365966797,-0.74,-2.22,30.84
16.59120501577854,-0.74,-2.21,30.83
16.595674078911543,-0.74,-2.22,30.83
16.60009526833892,-0.74,-2.21,30.83
16.604567661881447,-0.74,-2.21,30.83
16.60902514308691,-0.74,-2.21,30.83
16.61348232254386,-0.74,-2.21,30.83
16.617977164685726,-0.74,-2.21,30.83
16.62244864925742,-0.74,-2.21,30.83
16.626906879246235,-0.74,-2.22,30.83
16.631310179829597,-0.74,-2.21,30.83
16.635833900421858,-0.74,-2.22,30.83
16.64030111953616,-0.74,-2.22,30.83
16.644744113087654,-0.74,-2.21,30.83
16.649199727922678,-0.74,-2.22,30.83
16.653674069792032,-0.74,-2.22,30.83
16.658084757626057,-0.74,-2.22,30.83
16.662604074925184,-0.74,-2.22,30.83
16.667041525244713,-0.74,-2.23,30.83
16.67147122696042,-0.74,-2.23,30.82
16.675983499735594,-0.74,-2.23,30.82
16.68045898526907,-0.74,-2.22,30.83
16.68493039533496,-0.74,-2.22,30.83
16.68937524408102,-0.74,-2.22,30.83
16.693850178271532,-0.74,-2.22,30.83
16.698298692703247,-0.74,-2.22,30.83
16.70277826860547,-0.74,-2.21,30.83
16.707242526113987,-0.74,-2.22,30.83
16.71162287518382,-0.74,-2.22,30.83
16.71614819020033,-0.74,-2.22,30.83
16.720585234463215,-0.74,-2.22,30.83
16.725079018622637,-0.74,-2.22,30.83
16.729550797492266,-0.74,-2.22,30.83
16.734005209058523,-0.74,-2.21,30.83
16.738442175090313,-0.74,-2.22,30.83
16.742904666811228,-0.74,-2.22,30.83
16.747393187135458,-0.74,-2.22,30.83
16.751860842108727,-0.74,-2.22,30.83
16.756279952824116,-0.74,-2.21,30.83
16.760779961943626,-0.74,-2.21,30.83
16.765250753611326,-0.74,-2.21,30.83
16.76969913393259,-0.74,-2.21,30.83
16.77417243644595,-0.74,-2.22,30.83
16.778621036559343,-0.74,-2.22,30.83
16.7830878123641,-0.74,-2.21,30.83
16.7875450886786,-0.74,-2.22,30.83
16.791951704770327,-0.74,-2.21,30.83
16.79648058116436,-0.74,-2.21,30.83
16.800951670855284,-0.74,-2.22,30.83
16.80538784712553,-0.74,-2.22,30.83
16.809875685721636,-0.74,-2.21,30.83
16.81434204056859,-0.74,-2.21,30.83
16.8187661729753,-0.74,-2.21,30.83
16.82325840741396,-0.74,-2.22,30.82
16.827720683068037,-0.74,-2.21,30.82
16.832100369036198,-0.74,-2.21,30.82
16.83665319904685,-0.75,-2.21,30.83
16.84103162959218,-0.74,-2.22,30.83
16.845569230616093,-0.75,-2.21,30.83
16.850028295069933,-0.74,-2.22,30.83
16.854497730731964,-0.74,-2.22,30.83
16.85894413292408,-0.74,-2.21,30.83
16.86340106278658,-0.74,-2.22,30.83
16.8678885884583,-0.74,-2.22,30.83
16.87235514447093,-0.74,-2.22,30.83
16.876823466271162,-0.74,-2.22,30.83
16.881265591830015,-0.74,-2.22,30.83
16.88569474592805,-0.74,-2.22,30.83
16.890192415565252,-0.75,-2.22,30.83
16.89464733749628,-0.74,-2.22,30.83
16.8991185054183,-0.74,-2.22,30.83
16.90356407687068,-0.74,-2.22,30.83
16.908048029989004,-0.74,-2.22,30.83
16.91251403465867,-0.74,-2.22,30.83
16.91697645559907,-0.74,-2.22,30.83
16.921386133879423,-0.74,-2.22,30.82
16.92586314305663,-0.74,-2.22,30.83
16.930303301662207,-0.74,-2.22,30.83
16.934742655605078,-0.74,-2.22,30.83
16.93929072469473,-0.75,-2.22,30.83
16.943745836615562,-0.74,-2.22,30.83
16.948218155652285,-0.74,-2.22,30.83
16.952665891498327,-0.74,-2.22,30.83
16.957119826227427,-0.75,-2.22,30.82
16.961585264652967,-0.75,-2.23,30.83
16.96607319638133,-0.74,-2.23,30.83
16.970466796308756,-0.75,-2.23,30.83
16.97489584982395,-0.75,-2.23,30.83
16.97935474291444,-0.75,-2.23,30.83
16.983802188187838,-0.74,-2.23,30.83
16.988367024809122,-0.74,-2.23,30.83
16.99283366650343,-0.74,-2.23,30.83
16.997294072061777,-0.74,-2.23,30.83
17.001754220575094,-0.74,-2.23,30.83
17.00621674582362,-0.74,-2.24,30.83
17.01068925857544,-0.74,-2.23,30.83
17.015067510306835,-0.74,-2.24,30.83
17.019834004342556,-0.74,-2.24,30.83
17.024085517972708,-0.75,-2.24,30.83
17.02852711826563,-0.74,-2.24,30.83
17.032994031906128,-0.74,-2.24,30.83
17.03743576258421,-0.75,-2.24,30.83
17.041885051876307,-0.74,-2.24,30.83
17.046352807432413,-0.74,-2.24,30.83
17.050788797438145,-0.74,-2.24,30.83
17.05529609695077,-0.74,-2.24,30.83
17.059777475893497,-0.74,-2.24,30.83
17.06418738141656,-0.74,-2.24,30.83
17.068699594587088,-0.74,-2.24,30.83
17.073170609772205,-0.75,-2.24,30.83
17.07762111723423,-0.74,-2.24,30.83
17.08205610513687,-0.75,-2.24,30.83
17.08655183017254,-0.75,-2.24,30.83
17.091011833399534,-0.74,-2.24,30.83
17.09542866051197,-0.74,-2.24,30.83
17.099940087646246,-0.75,-2.25,30.83
17.104358859360218,-0.74,-2.25,30.83
17.10885564610362,-0.74,-2.25,30.83
17.11331983655691,-0.74,-2.25,30.83
17.117793060839176,-0.74,-2.25,30.83
17.122237227857113,-0.74,-2.25,30.83
17.126681558787823,-0.74,-2.25,30.83
17.131167735904455,-0.74,-2.25,30.83
17.135597337037325,-0.74,-2.25,30.83
17.140089605003595,-0.74,-2.25,30.83
17.144550800323486,-0.75,-2.25,30.83
17.149036169052124,-0.74,-2.25,30.83
17.15346683561802,-0.74,-2.25,30.83
17.157955933362246,-0.74,-2.25,30.83
17.16241031140089,-0.74,-2.25,30.83
17.16687099263072,-0.75,-2.25,30.83
17.171320516616106,-0.75,-2.25,30.82
17.175800286233425,-0.75,-2.25,30.83
17.180193308740854,-0.74,-2.25,30.83
17.184725992381573,-0.74,-2.25,30.83
17.18909239768982,-0.74,-2.25,30.83
17.19362198933959,-0.75,-2.25,30.82
17.19802973419428,-0.74,-2.25,30.83
17.202544935047626,-0.74,-2.25,30.83
17.207036916166544,-0.74,-2.25,30.83
17.211563412100077,-0.75,-2.25,30.83
17.215969536453485,-0.74,-2.25,30.83
17.220439203083515,-0.74,-2.25,30.83
17.224846310913563,-0.75,-2.25,30.83
17.229348953813314,-0.74,-2.25,30.83
17.233823750168085,-0.74,-2.25,30.83
17.238284926861525,-0.74,-2.25,30.83
17.242738615721464,-0.74,-2.26,30.83
17.247210782021284,-0.74,-2.25,30.83
17.2516824118793,-0.74,-2.26,30.83
17.256122265011072,-0.74,-2.26,30.83
17.260600097477436,-0.74,-2.25,30.83
17.265064112842083,-0.74,-2.26,30.83
17.26952315866947,-0.74,-2.25,30.83
17.273972146213055,-0.75,-2.26,30.83
17.278401248157024,-0.74,-2.26,30.83
17.282919831573963,-0.74,-2.26,30.83
17.2873615026474,-0.74,-2.25,30.83
17.291837193071842,-0.74,-2.26,30.83
17.296297498047352,-0.74,-2.25,30.83
17.300754141062498,-0.74,-2.25,30.83
17.305167894810438,-0.75,-2.26,30.83
17.309664890170097,-0.75,-2.25,30.83
17.314130060374737,-0.74,-2.26,30.83
17.318606685847044,-0.74,-2.26,30.83
17.322987735271454,-0.74,-2.26,30.83
17.32753025740385,-0.74,-2.26,30.83
17.33199083060026,-0.74,-2.26,30.83
17.33646109327674,-0.74,-2.26,30.83
17.3409387730062,-0.74,-2.26,30.83
17.34539245814085,-0.75,-2.26,30.83
17.349849306046963,-0.74,-2.25,30.83
17.354270037263632,-0.74,-2.25,30.83
17.358761344105005,-0.74,-2.25,30.83
17.363171566277742,-0.74,-2.26,30.83
17.367611221969128,-0.74,-2.26,30.83
17.37212347239256,-0.74,-2.25,30.83
17.37663811072707,-0.74,-2.25,30.83
17.38108215853572,-0.74,-2.25,30.83
17.3855466209352,-0.74,-2.26,30.83
17.390019573271275,-0.74,-2.25,30.83
17.39447444677353,-0.74,-2.25,30.83
17.398948576301336,-0.74,-2.26,30.83
17.403409715741873,-0.75,-2.25,30.83
17.407867040485144,-0.74,-2.26,30.83
17.412323530763388,-0.74,-2.25,30.83
17.416784431785345,-0.74,-2.25,30.83
17.421261839568615,-0.74,-2.25,30.83
17.425710663199425,-0.74,-2.25,30.83
17.43015132471919,-0.74,-2.25,30.83
17.43464120104909,-0.74,-2.25,30.83
17.43909464031458,-0.74,-2.25,30.83
17.443556014448404,-0.74,-2.25,30.83
17.44800268113613,-0.74,-2.25,30.83
17.45249669253826,-0.74,-2.25,30.83
17.4569462351501,-0.74,-2.25,30.83
17.461319662630558,-0.74,-2.25,30.83
17.4658843241632,-0.74,-2.25,30.83
17.470330119132996,-0.74,-2.25,30.83
17.474821377545595,-0.74,-2.25,30.83
17.479273542761803,-0.74,-2.25,30.83
17.483714926987886,-0.74,-2.25,30.83
17.48810598999262,-0.74,-2.25,30.83
17.49257183074951,-0.74,-2.25,30.83
17.49711935967207,-0.75,-2.25,30.83
17.501572333276272,-0.74,-2.25,30.83
17.50598669052124,-0.74,-2.25,30.83
17.51050830259919,-0.74,-2.25,30.83
17.5149608515203,-0.74,-2.25,30.83
17.519424982368946,-0.74,-2.25,30.83
17.523892030119896,-0.74,-2.25,30.83
17.528358418494463,-0.74,-2.25,30.83
17.532828204333782,-0.74,-2.26,30.83
17.537280693650246,-0.74,-2.25,30.83
17.541748944669962,-0.74,-2.25,30.83
17.546191845089197,-0.74,-2.25,30.83
17.550611473619938,-0.74,-2.25,30.83
17.55512734875083,-0.74,-2.25,30.81
17.55957531183958,-0.74,-2.25,30.83
17.56406257674098,-0.74,-2.25,30.83
17.568525951355696,-0.75,-2.25,30.83
17.572988342493773,-0.75,-2.25,30.83
17.577443424612284,-0.74,-2.25,30.83
17.58187035098672,-0.74,-2.25,30.83
17.586333494633436,-0.74,-2.24,30.83
17.590815912932158,-0.74,-2.24,30.83
17.59530796855688,-0.74,-2.25,30.83
17.59975405037403,-0.74,-2.24,30.83
17.604220632463694,-0.74,-2.24,30.82
17.60867167636752,-0.74,-2.24,30.83
17.61315082758665,-0.74,-2.24,30.82
17.617617078125477,-0.74,-2.24,30.83
17.622069995850325,-0.74,-2.24,30.83
17.626532573252916,-0.74,-2.24,30.83
17.631009981036186,-0.74,-2.24,30.83
17.6354574970901,-0.74,-2.24,30.83
17.639925971627235,-0.74,-2.24,30.83
17.64439418539405,-0.74,-2.24,30.83
17.64885587617755,-0.74,-2.24,30.83
17.65332305803895,-0.74,-2.24,30.83
17.65778686851263,-0.74,-2.23,30.83
17.66223431751132,-0.74,-2.24,30.83
17.666708342731,-0.74,-2.24,30.83
17.671162512153387,-0.74,-2.23,30.83
17.675640501081944,-0.74,-2.23,30.83
17.680079109966755,-0.74,-2.24,30.83
17.684555061161518,-0.74,-2.23,30.83
17.688996508717537,-0.75,-2.23,30.83
17.69347893819213,-0.74,-2.23,30.83
17.697919111698866,-0.74,-2.23,30.83
17.702414758503437,-0.74,-2.23,30.83
17.706872817128897,-0.74,-2.23,30.82
17.711313024163246,-0.74,-2.23,30.83
17.71577838435769,-0.73,-2.23,30.83
17.720249507576227,-0.74,-2.23,30.82
17.724727138876915,-0.74,-2.23,30.82
17.729173619300127,-0.74,-2.23,30.83
17.73365256562829,-0.74,-2.23,30.83
17.738124325871468,-0.74,-2.23,30.83
17.74256305024028,-0.74,-2.23,30.83
17.7470480799675,-0.74,-2.23,30.83
17.751397408545017,-0.74,-2.23,30.83
17.75593564659357,-0.74,-2.23,30.83
17.760425128042698,-0.74,-2.23,30.83
17.764871042221785,-0.74,-2.23,30.83
17.76935190707445,-0.74,-2.23,30.83
17.773794785141945,-0.74,-2.23,30.83
17.77827439084649,-0.74,-2.23,30.83
17.782701019197702,-0.74,-2.22,30.83
17.787208758294582,-0.74,-2.23,30.83
17.79167127609253,-0.74,-2.23,30.83
17.79610324651003,-0.74,-2.23,30.83
17.80056405439973,-0.74,-2.23,30.82
17.805058903992176,-0.74,-2.22,30.83
17.809471681714058,-0.74,-2.22,30.83
17.813975527882576,-0.74,-2.22,30.83
17.818419687449932,-0.74,-2.22,30.83
17.822906281799078,-0.74,-2.22,30.83
17.827310729771852,-0.74,-2.22,30.83
17.831788759678602,-0.74,-2.22,30.82
17.83626103773713,-0.74,-2.22,30.83
17.840752467513084,-0.74,-2.22,30.83
17.845213189721107,-0.74,-2.22,30.83
17.849687464535236,-0.74,-2.22,30.82
17.854139674454927,-0.74,-2.22,30.83
17.858598601073027,-0.74,-2.22,30.82
17.8632179684937,-0.74,-2.22,30.83
17.86748842895031,-0.74,-2.22,30.83
17.87193489074707,-0.74,-2.22,30.83
17.876379121094942,-0.74,-2.22,30.83
17.88092241063714,-0.74,-2.22,30.82
17.885376792401075,-0.74,-2.22,30.83
17.889817282557487,-0.74,-2.22,30.83
17.89431258291006,-0.74,-2.22,30.82
17.898752134293318,-0.74,-2.22,30.83
17.90322159603238,-0.74,-2.22,30.82
17.90769974514842,-0.74,-2.22,30.82
17.91214307770133,-0.74,-2.22,30.82
17.916598942130804,-0.74,-2.22,30.82
17.921039558947086,-0.74,-2.22,30.82
17.92549667134881,-0.74,-2.22,30.82
17.93001102283597,-0.74,-2.22,30.82
17.934448059648275,-0.74,-2.22,30.82
17.938923597335815,-0.74,-2.22,30.82
17.943395394831896,-0.74,-2.22,30.82
17.947844963520765,-0.74,-2.22,30.82
17.95232216641307,-0.74,-2.22,30.82
17.956765335053205,-0.74,-2.22,30.82
17.96124116331339,-0.74,-2.22,30.82
17.965685863047838,-0.74,-2.22,30.82
17.97015466168523,-0.74,-2.22,30.82
17.97458817437291,-0.74,-2.22,30.82
17.978988815099,-0.74,-2.22,30.82
17.983548540621996,-0.74,-2.22,30.82
17.98801789432764,-0.74,-2.22,30.83
17.992472238838673,-0.74,-2.22,30.82
17.996963918209076,-0.75,-2.22,30.82
18.00140057876706,-0.74,-2.22,30.82
18.0058725848794,-0.74,-2.22,30.82
18.010334331542253,-0.74,-2.22,30.82
18.01479822397232,-0.74,-2.22,30.82
18.019203763455153,-0.74,-2.22,30.82
18.023686461150646,-0.74,-2.22,30.82
18.02818936482072,-0.74,-2.22,30.82
18.032640770077705,-0.74,-2.22,30.82
18.037111777812243,-0.74,-2.22,30.82
18.041568990796804,-0.74,-2.22,30.82
18.046158857643604,-0.74,-2.22,30.82
18.050425242632627,-0.74,-2.22,30.82
18.054940454661846,-0.74,-2.22,30.82
18.059382915496826,-0.74,-2.22,30.82
18.06388808786869,-0.74,-2.22,30.82
18.068351816385984,-0.74,-2.22,30.82
18.07277474179864,-0.74,-2.22,30.82
18.077269811183214,-0.74,-2.22,30.82
18.08173717558384,-0.74,-2.22,30.82
18.08619760721922,-0.74,-2.21,30.82
18.090664748102427,-0.74,-2.21,30.82
18.095110204070807,-0.74,-2.21,30.82
18.099555529654026,-0.74,-2.21,30.82
18.10402638092637,-0.74,-2.21,30.82
18.108520034700632,-0.74,-2.21,30.82
18.112965311855078,-0.74,-2.21,30.82
18.117409121245146,-0.74,-2.21,30.82
18.12190506979823,-0.74,-2.21,30.82
18.12633502110839,-0.74,-2.21,30.82
18.130816888064146,-0.74,-2.21,30.82
18.135277457535267,-0.74,-2.21,30.82
18.139904625713825,-0.74,-2.21,30.82
18.144122168421745,-0.74,-2.21,30.82
18.148661620914936,-0.74,-2.2,30.82
18.153098478913307,-0.74,-2.2,30.82
18.157592959702015,-0.74,-2.2,30.82
18.16206604614854,-0.74,-2.2,30.82
18.166512954980135,-0.74,-2.21,30.82
18.170997988432646,-0.74,-2.2,30.82
18.175443205982447,-0.74,-2.21,30.82
18.179891478270292,-0.74,-2.2,30.82
18.184374306350946,-0.74,-2.21,30.82
18.188807148486376,-0.74,-2.21,30.82
18.193279091268778,-0.74,-2.2,30.82
18.197774659842253,-0.74,-2.2,30.82
18.202221978455782,-0.74,-2.2,30.82
18.2066934928298,-0.74,-2.21,30.82
18.211154740303755,-0.74,-2.2,30.82
18.21561349928379,-0.74,-2.2,30.82
18.220066633075476,-0.74,-2.2,30.82
18.22452847659588,-0.74,-2.21,30.82
18.228962376713753,-0.74,-2.21,30.82
18.233737710863352,-0.74,-2.21,30.82
18.237926971167326,-0.74,-2.2,30.82
18.242328815162182,-0.74,-2.2,30.82
18.246867652982473,-0.74,-2.21,30.82
18.25131294876337,-0.74,-2.2,30.79
18.255758993327618,-0.73,-2.21,30.79
18.260234650224447,-0.74,-2.2,30.78
18.264686532318592,-0.74,-2.21,30.77
18.269165091216564,-0.74,-2.21,30.81
18.273629508912563,-0.74,-2.21,30.77
18.278055489063263,-0.74,-2.21,30.79
18.282542157918215,-0.74,-2.21,30.79
18.28703923150897,-0.74,-2.21,30.79
18.29148181900382,-0.74,-2.21,30.8
18.295935980975628,-0.74,-2.21,30.79
18.300386354327202,-0.74,-2.21,30.79
18.304848793894053,-0.74,-2.21,30.79
18.309335611760616,-0.74,-2.21,30.79
18.313790161162615,-0.74,-2.21,30.78
18.318245820701122,-0.74,-2.21,30.78
18.322868183255196,-0.74,-2.21,30.78
18.327182713896036,-0.74,-2.21,30.79
18.331598326563835,-0.74,-2.21,30.79
18.336117189377546,-0.74,-2.21,30.79
18.340574495494366,-0.74,-2.21,30.8
18.34502400830388,-0.74,-2.21,30.78
18.349492259323597,-0.74,-2.21,30.8
18.353898767381907,-0.74,-2.21,30.78
18.35839929059148,-0.74,-2.21,30.78
18.362778902053833,-0.74,-2.21,30.78
18.36734326183796,-0.74,-2.2,30.8
18.371807266026735,-0.74,-2.2,30.78
18.376271430402994,-0.74,-2.21,30.79
18.380735337734222,-0.74,-2.21,30.82
18.385184589773417,-0.74,-2.21,30.81
18.389623142778873,-0.74,-2.2,30.79
18.394077755510807,-0.74,-2.2,30.81
18.39858143031597,-0.73,-2.21,30.81
18.403054282069206,-0.74,-2.2,30.78
18.40746294334531,-0.74,-2.21,30.78
18.411971975117922,-0.74,-2.21,30.78
18.41643277555704,-0.74,-2.21,30.77
18.420898124575615,-0.74,-2.21,30.79
18.425355549901724,-0.74,-2.2,30.79
18.42982666939497,-0.74,-2.2,30.79
18.434289515018463,-0.74,-2.21,30.8
18.438714377582073,-0.74,-2.2,30.79
18.443137601017952,-0.74,-2.21,30.8
18.447674617171288,-0.74,-2.2,30.8
18.452091831713915,-0.74,-2.2,30.79
18.45647268369794,-0.74,-2.21,30.79
18.461005210876465,-0.74,-2.21,30.79
18.46551701799035,-0.74,-2.21,30.79
18.469977904111147,-0.74,-2.21,30.79
18.474426984786987,-0.74,-2.21,30.77
18.47890790551901,-0.74,-2.21,30.82
18.483373664319515,-0.74,-2.21,30.78
18.487790253013372,-0.74,-2.21,30.79
18.492277145385742,-0.74,-2.21,30.82
18.496733114123344,-0.73,-2.21,30.79
18.501276455819607,-0.74,-2.21,30.77
18.505693830549717,-0.74,-2.21,30.84
18.51014168560505,-0.74,-2.2,30.83
18.514626495540142,-0.74,-2.2,30.82
18.519073475152254,-0.74,-2.2,30.83
18.523529928177595,-0.74,-2.2,30.83
18.527972299605608,-0.74,-2.2,30.83
18.53245873749256,-0.74,-2.2,30.83
18.536925293505192,-0.74,-2.2,30.83
18.54139180481434,-0.74,-2.2,30.83
18.54576427489519,-0.74,-2.2,30.82
18.55024577304721,-0.74,-2.2,30.82
18.554785285145044,-0.74,-2.2,30.83
18.559263858944178,-0.74,-2.2,30.82
18.563699282705784,-0.74,-2.2,30.83
18.568162996321917,-0.74,-2.2,30.83
18.57262832671404,-0.74,-2.2,30.83
18.577099576592445,-0.74,-2.2,30.82
18.581514433026314,-0.73,-2.21,30.82
18.585947945713997,-0.74,-2.21,30.82
18.590953834354877,-0.74,-2.2,30.82
18.59484303742647,-0.74,-2.21,30.82
18.599404267966747,-0.74,-2.21,30.82
18.603876516222954,-0.74,-2.21,30.83
18.608540512621403,-0.74,-2.2,30.82
18.612738594412804,-0.74,-2.2,30.82
18.617217164486647,-0.74,-2.2,30.82
18.621735513210297,-0.74,-2.2,30.82
18.62610387057066,-0.74,-2.2,30.83
18.630607567727566,-0.74,-2.2,30.83
18.635081000626087,-0.74,-2.2,30.82
18.6395841576159,-0.74,-2.2,30.82
18.644027039408684,-0.74,-2.2,30.82
18.648500699549913,-0.74,-2.2,30.82
18.65295908227563,-0.74,-2.2,30.82
18.657430343329906,-0.74,-2.2,30.82
18.66188982501626,-0.74,-2.2,30.82
18.666312478482723,-0.74,-2.21,30.82
18.670700147747993,-0.74,-2.2,30.82
18.675233330577612,-0.74,-2.2,30.82
18.67993988096714,-0.74,-2.2,30.82
18.68420898914337,-0.74,-2.2,30.82
18.688654221594334,-0.74,-2.2,30.82
18.693125393241644,-0.74,-2.21,30.82
18.697576623409986,-0.74,-2.2,30.82
18.702047776430845,-0.73,-2.2,30.82
18.70651026442647,-0.74,-2.2,30.82
18.71097081899643,-0.74,-2.2,30.82
18.715448524802923,-0.74,-2.2,30.82
18.7198941744864,-0.74,-2.2,30.82
18.724349096417427,-0.74,-2.21,30.82
18.728827513754368,-0.74,-2.2,30.82
18.733277145773172,-0.74,-2.21,30.82
18.737758226692677,-0.74,-2.21,30.82
18.74222820624709,-0.74,-2.21,30.82
18.74668252840638,-0.74,-2.21,30.82
18.751148581504822,-0.74,-2.21,30.82
18.755581442266703,-0.74,-2.21,30.82
18.760064501315355,-0.74,-2.2,30.82
18.764506228268147,-0.74,-2.2,30.82
18.768982585519552,-0.74,-2.2,30.82
18.773453440517187,-0.74,-2.2,30.82
18.77789557352662,-0.74,-2.2,30.82
18.78237510100007,-0.74,-2.21,30.83
18.78682743012905,-0.74,-2.2,30.82
18.791312836110592,-0.74,-2.2,30.82
18.79577213153243,-0.74,-2.21,30.82
18.800216000527143,-0.74,-2.2,30.83
18.80469122901559,-0.74,-2.21,30.82
18.809166930615902,-0.74,-2.21,30.82
18.81363206356764,-0.74,-2.2,30.82
18.818078972399235,-0.74,-2.21,30.83
18.822521913796663,-0.74,-2.21,30.82
18.826961744576693,-0.74,-2.21,30.82
18.831471499055624,-0.74,-2.21,30.82
18.835938218981028,-0.74,-2.21,30.82
18.84038596972823,-0.74,-2.21,30.83
18.844866938889027,-0.74,-2.21,30.83
18.84933204203844,-0.74,-2.21,30.83
18.853774327784777,-0.74,-2.21,30.83
18.858255933970213,-0.74,-2.21,30.83
18.862699899822474,-0.74,-2.21,30.83
18.86714131012559,-0.74,-2.21,30.83
18.871630527079105,-0.74,-2.21,30.83
18.876106441020966,-0.74,-2.21,30.83
18.880552791059017,-0.74,-2.21,30.83
18.885031428188086,-0.74,-2.21,30.83
18.889490220695734,-0.74,-2.21,30.83
18.893955152481794,-0.74,-2.21,30.83
18.898348789662123,-0.74,-2.21,30.83
18.902881614863873,-0.74,-2.21,30.83
18.90734561532736,-0.74,-2.21,30.83
18.91178384050727,-0.74,-2.21,30.83
18.916265428066254,-0.74,-2.21,30.83
18.920714624226093,-0.73,-2.21,30.83
18.925180450081825,-0.74,-2.21,30.83
18.929642874747515,-0.74,-2.21,30.83
18.934106655418873,-0.74,-2.21,30.83
18.938573379069567,-0.74,-2.21,30.83
18.942989014089108,-0.74,-2.21,30.83
18.947512924671173,-0.74,-2.2,30.83
18.95196669176221,-0.74,-2.21,30.83
18.956430606544018,-0.74,-2.21,30.83
18.960847724229097,-0.74,-2.21,30.83
18.965347852557898,-0.74,-2.21,30.83
18.969814710319042,-0.74,-2.21,30.83
18.974279012531042,-0.74,-2.21,30.83
18.978735510259867,-0.73,-2.21,30.83
18.983149487525225,-0.74,-2.21,30.83
18.987661764025688,-0.73,-2.21,30.83
18.992116440087557,-0.74,-2.21,30.83
18.99659187719226,-0.74,-2.21,30.83
19.00105332955718,-0.74,-2.21,30.83
19.00554386153817,-0.74,-2.21,30.83
19.009983096271753,-0.74,-2.21,30.83
19.01445049419999,-0.74,-2.21,30.83
19.018907826393843,-0.74,-2.21,30.83
19.023354653269053,-0.74,-2.21,30.83
19.02783077582717,-0.74,-2.21,30.83
19.032293677330017,-0.74,-2.21,30.83
19.03676289692521,-0.74,-2.21,30.83
19.041213620454073,-0.74,-2.21,30.83
19.045673564076424,-0.74,-2.21,30.83
19.05012461170554,-0.74,-2.21,30.83
19.054629493504763,-0.74,-2.2,30.83
19.059073019772768,-0.74,-2.21,30.83
19.06352971866727,-0.74,-2.21,30.83
19.06799378246069,-0.74,-2.21,30.83
19.072408575564623,-0.74,-2.21,30.83
19.076919320970774,-0.74,-2.2,30.83
19.08137159049511,-0.74,-2.21,30.83
19.085846658796072,-0.74,-2.2,30.84
19.090254954993725,-0.74,-2.2,30.83
19.095235772430897,-0.74,-2.2,30.83
19.099223788827658,-0.74,-2.2,30.83
19.10368863120675,-0.74,-2.2,30.83
19.108161453157663,-0.74,-2.21,30.83
19.11260687559843,-0.74,-2.21,30.83
19.117058772593737,-0.74,-2.2,30.83
19.121547650545835,-0.74,-2.21,30.83
19.126012910157442,-0.74,-2.21,30.83
19.130471657961607,-0.74,-2.21,30.83
19.13494225591421,-0.74,-2.21,30.83
19.139394748955965,-0.74,-2.21,30.83
19.14386957883835,-0.74,-2.21,30.83
19.148329619318247,-0.74,-2.21,30.83
19.152766957879066,-0.74,-2.21,30.83
19.157211922109127,-0.74,-2.21,30.83
19.161705069243908,-0.74,-2.21,30.83
19.166164215654135,-0.74,-2.21,30.83
19.170636150985956,-0.74,-2.21,30.83
19.17509499937296,-0.74,-2.21,30.83
19.17956317216158,-0.74,-2.21,30.83
19.18447383865714,-0.74,-2.21,30.83
19.188460625708103,-0.74,-2.21,30.83
19.192940015345812,-0.74,-2.21,30.83
19.197418741881847,-0.75,-2.21,30.83
19.201883036643267,-0.74,-2.21,30.83
19.206341546028852,-0.74,-2.21,30.83
19.21079170331359,-0.74,-2.21,30.83
19.215263411402702,-0.74,-2.21,30.83
19.219729360193014,-0.74,-2.21,30.83
19.2241217084229,-0.74,-2.21,30.83
19.228648748248816,-0.74,-2.21,30.83
19.233024522662163,-0.74,-2.21,30.83
19.237581081688404,-0.74,-2.21,30.83
19.242036007344723,-0.74,-2.21,30.83
19.246482755988836,-0.74,-2.21,30.83
19.250970620661974,-0.74,-2.21,30.83
19.255414187908173,-0.74,-2.21,30.83
19.259899701923132,-0.74,-2.21,30.83
19.264318484812975,-0.74,-2.21,30.83
19.268770318478346,-0.74,-2.21,30.83
19.273342337459326,-0.74,-2.21,30.83
19.277631998062134,-0.74,-2.21,30.83
19.282208912074566,-0.74,-2.21,30.83
19.2866247035563,-0.74,-2.21,30.83
19.291129760444164,-0.74,-2.21,30.83
19.295591037720442,-0.74,-2.21,30.84
19.300033010542393,-0.74,-2.21,30.83
19.30448144674301,-0.75,-2.21,30.83
19.308971621096134,-0.74,-2.21,30.84
19.313395243138075,-0.74,-2.21,30.83
19.31789379194379,-0.74,-2.21,30.83
19.322361156344414,-0.74,-2.21,30.83
19.326841089874506,-0.74,-2.21,30.83
19.33128624036908,-0.74,-2.21,30.83
19.335743259638548,-0.74,-2.21,30.83
19.34021407738328,-0.74,-2.21,30.83
19.34465480595827,-0.74,-2.21,30.84
19.34914617240429,-0.74,-2.21,30.84
19.353545736521482,-0.74,-2.21,30.84
19.358032058924437,-0.74,-2.21,30.84
19.362512473016977,-0.74,-2.21,30.84
19.366958685219288,-0.74,-2.21,30.83
19.371426228433847,-0.74,-2.21,30.84
19.375926665961742,-0.74,-2.21,30.84
19.38039031997323,-0.74,-2.21,30.84
19.384833615273237,-0.74,-2.21,30.84
19.38931081444025,-0.74,-2.21,30.84
19.39376623928547,-0.74,-2.21,30.84
19.398184802383184,-0.74,-2.21,30.84
19.402657873928547,-0.74,-2.21,30.84
19.407154347747564,-0.74,-2.21,30.84
19.411620374768972,-0.74,-2.21,30.84
19.416024573147297,-0.74,-2.21,30.84
19.42054884508252,-0.74,-2.21,30.84
19.42501212283969,-0.74,-2.21,30.84
19.429478839039803,-0.74,-2.21,30.84
19.433936323970556,-0.74,-2.2,30.84
19.438410203903913,-0.74,-2.21,30.84
19.442791126668453,-0.74,-2.21,30.84
19.447277069091797,-0.74,-2.21,30.84
19.451939094811678,-0.74,-2.21,30.84
19.456255055963993,-0.74,-2.21,30.84
19.460701785981655,-0.74,-2.21,30.84
19.465151108801365,-0.74,-2.21,30.84
19.469638030976057,-0.74,-2.21,30.84
19.47407877072692,-0.74,-2.21,30.84
19.478524155914783,-0.74,-2.21,30.84
19.48296745866537,-0.74,-2.21,30.84
19.48746944218874,-0.74,-2.21,30.84
19.491947531700134,-0.74,-2.21,30.84
19.496411304920912,-0.74,-2.21,30.84
19.500867139548063,-0.74,-2.21,30.84
19.505316480994225,-0.74,-2.21,30.84
19.509682651609182,-0.74,-2.2,30.84
19.514259044080973,-0.74,-2.2,30.84
19.518732979893684,-0.74,-2.2,30.84
19.52316402643919,-0.74,-2.2,30.84
19.527590706944466,-0.74,-2.2,30.84
19.53211473673582,-0.74,-2.2,30.84
19.536566514521837,-0.74,-2.2,30.84
19.54104083403945,-0.74,-2.2,30.84
19.545511659234762,-0.74,-2.2,30.84
19.54998843371868,-0.74,-2.2,30.84
19.554438088089228,-0.74,-2.2,30.84
19.558882985264063,-0.74,-2.2,30.84
19.56332490965724,-0.74,-2.2,30.84
19.567835096269846,-0.74,-2.2,30.84
19.572265066206455,-0.74,-2.2,30.84
19.576736260205507,-0.74,-2.2,30.84
19.581224229186773,-0.74,-2.2,30.84
19.58566579595208,-0.74,-2.2,30.84
19.59009797871113,-0.74,-2.2,30.84
19.5945641733706,-0.74,-2.2,30.84
19.599063456058502,-0.74,-2.2,30.84
19.603527136147022,-0.74,-2.2,30.84
19.607953369617462,-0.74,-2.2,30.84
19.612433273345232,-0.74,-2.2,30.84
19.61690166220069,-0.74,-2.2,30.84
19.62136536464095,-0.74,-2.2,30.84
19.625813640654087,-0.74,-2.2,30.84
19.630253337323666,-0.74,-2.2,30.84
19.634651828557253,-0.74,-2.2,30.84
19.639109544456005,-0.74,-2.2,30.84
19.643686067312956,-0.74,-2.2,30.84
19.64815315976739,-0.74,-2.2,30.84
19.65257277712226,-0.74,-2.2,30.84
19.65701960399747,-0.74,-2.2,30.84
19.661544784903526,-0.74,-2.2,30.84
19.665905699133873,-0.74,-2.2,30.84
19.670429069548845,-0.74,-2.2,30.84
19.67487984895706,-0.74,-2.2,30.84
19.679380021989346,-0.74,-2.2,30.84
19.683764208108187,-0.74,-2.2,30.84
19.68831069022417,-0.74,-2.2,30.85
19.692776013165712,-0.74,-2.2,30.84
19.697240982204676,-0.74,-2.2,30.84
19.701696574687958,-0.74,-2.2,30.84
19.70616602897644,-0.74,-2.2,30.84
19.710531551390886,-0.74,-2.2,30.84
19.71503335982561,-0.74,-2.2,30.84
19.71952424570918,-0.74,-2.2,30.84
19.7239925339818,-0.74,-2.2,30.84
19.728481378406286,-0.74,-2.2,30.84
19.73292702436447,-0.74,-2.2,30.84
19.73739694431424,-0.74,-2.2,30.84
19.74184336140752,-0.74,-2.2,30.84
19.746314626187086,-0.74,-2.2,30.84
19.750762298703194,-0.74,-2.2,30.84
19.755260717123747,-0.74,-2.2,30.84
19.759703796356916,-0.74,-2.2,30.84
19.76412896439433,-0.74,-2.2,30.84
19.768622927367687,-0.74,-2.2,30.84
19.77310574054718,-0.74,-2.2,30.84
19.777552772313356,-0.74,-2.2,30.84
19.782028548419476,-0.74,-2.2,30.84
19.78647841885686,-0.74,-2.2,30.84
19.790906075388193,-0.74,-2.2,30.84
19.79541163519025,-0.74,-2.2,30.84
19.799952313303947,-0.74,-2.2,30.84
19.80434237420559,-0.74,-2.2,30.84
19.80880381166935,-0.74,-2.2,30.84
19.81326698884368,-0.74,-2.2,30.84
19.817723233252764,-0.73,-2.2,30.84
19.822172604501247,-0.74,-2.2,30.84
19.82661549374461,-0.74,-2.2,30.84
19.831064883619547,-0.74,-2.2,30.84
19.835559736937284,-0.74,-2.2,30.84
19.84004483371973,-0.74,-2.2,30.84
19.844509676098824,-0.74,-2.21,30.84
19.848961003124714,-0.74,-2.21,30.84
19.85339816659689,-0.74,-2.21,30.84
19.857809729874134,-0.74,-2.21,30.84
19.86235796660185,-0.74,-2.2,30.84
19.866798169910908,-0.74,-2.21,30.84
19.8712827116251,-0.74,-2.21,30.84
19.875737965106964,-0.74,-2.21,30.84
19.880202248692513,-0.74,-2.21,30.84
19.8846333026886,-0.74,-2.2,30.84
19.889125525951385,-0.74,-2.2,30.84
19.893588922917843,-0.74,-2.21,30.84
19.89805255830288,-0.74,-2.21,30.84
19.902509946376085,-0.74,-2.21,30.84
19.90697307512164,-0.74,-2.21,30.84
19.91144596785307,-0.74,-2.2,30.84
19.915891252458096,-0.74,-2.21,30.84
19.920364324003458,-0.74,-2.2,30.84
19.92476373538375,-0.74,-2.21,30.84
19.929247178137302,-0.74,-2.2,30.84
19.933740634471178,-0.74,-2.21,30.84
19.938114397227764,-0.74,-2.21,30.84
19.942627530544996,-0.74,-2.21,30.84
19.947151619940996,-0.74,-2.2,30.84
19.951594348996878,-0.74,-2.21,30.84
19.956059094518423,-0.74,-2.21,30.84
19.96053435280919,-0.74,-2.21,30.84
19.964981496334076,-0.74,-2.21,30.84
19.969448905438185,-0.74,-2.21,30.84
19.973887901753187,-0.74,-2.21,30.84
19.97837134823203,-0.74,-2.21,30.84
19.982792794704437,-0.74,-2.21,30.84
19.987301237881184,-0.74,-2.21,30.84
19.991684794425964,-0.74,-2.21,30.84
19.996232975274324,-0.74,-2.21,30.84
20.000688668340445,-0.74,-2.21,30.84
20.005109570920467,-0.74,-2.21,30.84
20.009625781327486,-0.74,-2.21,30.84
20.014081861823797,-0.74,-2.21,30.84
20.018542747944593,-0.74,-2.21,30.84
20.023000717163086,-0.74,-2.21,30.84
20.027430426329374,-0.74,-2.21,30.84
20.03185037150979,-0.74,-2.21,30.84
20.036382973194122,-0.74,-2.21,30.84
20.04084077849984,-0.74,-2.21,30.84
20.04531343281269,-0.74,-2.21,30.84
20.04977773874998,-0.74,-2.21,30.84
20.05424514040351,-0.74,-2.21,30.84
20.058696445077658,-0.74,-2.21,30.84
20.06317052990198,-0.74,-2.21,30.84
20.06768872216344,-0.74,-2.21,30.84
20.072036679834127,-0.74,-2.21,30.84
20.0765435770154,-0.74,-2.21,30.84
20.081026431173086,-0.74,-2.21,30.84
20.085464879870415,-0.74,-2.21,30.84
20.089944519102573,-0.74,-2.21,30.84
20.094414114952087,-0.74,-2.21,30.84
20.098797097802162,-0.74,-2.21,30.84
20.103263836354017,-0.74,-2.21,30.84
20.107759159058332,-0.74,-2.21,30.84
20.1122446320951,-0.74,-2.21,30.84
20.116624105721712,-0.74,-2.21,30.84
20.121198549866676,-0.74,-2.21,30.84
20.125643257051706,-0.74,-2.21,30.84
20.130087576806545,-0.74,-2.21,30.84
20.134563501924276,-0.74,-2.21,30.84
20.139031305909157,-0.74,-2.21,30.84
20.14345370605588,-0.74,-2.21,30.84
20.147939119488,-0.74,-2.21,30.84
20.152340669184923,-0.74,-2.21,30.84
20.156836472451687,-0.74,-2.21,30.84
20.161266788840294,-0.74,-2.21,30.84
20.165747955441475,-0.74,-2.21,30.84
20.17026975378394,-0.74,-2.21,30.84
20.17472803592682,-0.74,-2.21,30.84
20.1791822463274,-0.74,-2.21,30.84
20.183649871498346,-0.74,-2.21,30.84
20.188104551285505,-0.74,-2.21,30.84
20.192584976553917,-0.74,-2.21,30.84
20.19704509153962,-0.74,-2.21,30.84
20.201439950615168,-0.75,-2.21,30.84
20.20593460649252,-0.74,-2.21,30.84
20.210386097431183,-0.74,-2.21,30.84
20.214882649481297,-0.74,-2.21,30.84
20.219331432133913,-0.74,-2.21,30.83
20.22377771511674,-0.74,-2.21,30.84
20.22828086093068,-0.74,-2.21,30.84
20.232745073735714,-0.74,-2.21,30.84
20.237204544246197,-0.74,-2.2,30.84
20.24166738986969,-0.74,-2.21,30.84
20.246080618351698,-0.74,-2.21,30.83
20.250598892569542,-0.74,-2.2,30.83
20.255066089332104,-0.74,-2.2,30.84
20.25951935723424,-0.74,-2.2,30.84
20.263984438031912,-0.74,-2.2,30.84
20.268400967121124,-0.74,-2.2,30.84
20.272847719490528,-0.74,-2.21,30.84
20.277330193668604,-0.74,-2.2,30.84
20.281785678118467,-0.74,-2.21,30.84
20.28621770069003,-0.74,-2.21,30.84
20.290666956454515,-0.74,-2.2,30.84
20.29522654786706,-0.74,-2.2,30.84
20.29968960210681,-0.74,-2.2,30.84
20.30413092672825,-0.74,-2.21,30.84
20.30860897526145,-0.74,-2.2,30.84
20.313022892922163,-0.74,-2.2,30.84
20.31749876216054,-0.74,-2.2,30.84
20.3219599686563,-0.74,-2.2,30.84
20.326458025723696,-0.74,-2.2,30.84
20.3310086093843,-0.74,-2.2,30.84
20.335265655070543,-0.74,-2.2,30.84
20.339843939989805,-0.74,-2.2,30.84
20.34431353956461,-0.74,-2.2,30.84
20.34877670556307,-0.74,-2.2,30.84
20.353246558457613,-0.74,-2.2,30.83
20.35767275094986,-0.74,-2.2,30.84
20.362122297286987,-0.74,-2.2,30.84
20.366632618010044,-0.74,-2.2,30.84
20.371090430766344,-0.74,-2.2,30.84
20.37552684545517,-0.74,-2.2,30.84
20.379966400563717,-0.74,-2.2,30.83
20.384454384446144,-0.74,-2.2,30.83
20.388938784599304,-0.74,-2.2,30.83
20.393378484994173,-0.74,-2.2,30.83
20.397851884365082,-0.74,-2.2,30.83
20.402312465012074,-0.74,-2.2,30.83
20.406754545867443,-0.74,-2.2,30.83
20.41120183467865,-0.74,-2.2,30.83
20.415679208934307,-0.74,-2.2,30.83
20.420171979814768,-0.74,-2.19,30.83
20.424623675644398,-0.74,-2.19,30.84
20.42900189384818,-0.74,-2.2,30.84
20.433555085211992,-0.74,-2.19,30.84
20.438003037124872,-0.74,-2.2,30.84
20.442459765821695,-0.74,-2.19,30.83
20.446890112012625,-0.74,-2.19,30.84
20.451390955597162,-0.74,-2.19,30.84
20.4558782055974,-0.74,-2.2,30.84
20.460216913372278,-0.74,-2.19,30.83
20.46477387472987,-0.74,-2.2,30.83
20.46921030431986,-0.74,-2.2,30.84
20.473729468882084,-0.74,-2.2,30.84
20.47819173336029,-0.74,-2.2,30.84
20.482651110738516,-0.74,-2.19,30.84
20.487101454287767,-0.74,-2.2,30.84
20.491543643176556,-0.74,-2.2,30.84
20.496014580130577,-0.74,-2.19,30.84
20.50093725696206,-0.74,-2.19,30.84
20.504847057163715,-0.74,-2.19,30.84
20.509422287344933,-0.74,-2.19,30.84
20.51380553469062,-0.74,-2.19,30.84
20.518355455249548,-0.74,-2.19,30.84
20.522801622748375,-0.74,-2.19,30.84
20.52727894857526,-0.74,-2.19,30.84
20.531709898263216,-0.74,-2.19,30.83
20.536186460405588,-0.74,-2.19,30.84
20.540574494749308,-0.74,-2.18,30.84
20.545098956674337,-0.74,-2.19,30.84
20.54957716539502,-0.74,-2.19,30.84
20.5540319532156,-0.74,-2.19,30.84
20.55844847485423,-0.74,-2.19,30.84
20.562981996685266,-0.74,-2.19,30.84
20.567421417683363,-0.74,-2.18,30.84
20.571865405887365,-0.74,-2.19,30.84
20.576314818114042,-0.74,-2.18,30.84
20.58082740753889,-0.75,-2.19,30.85
20.58546755462885,-0.75,-2.19,30.84
20.589679908007383,-0.74,-2.19,30.84
20.594190776348114,-0.74,-2.19,30.84
20.598573494702578,-0.74,-2.19,30.84
20.603130720555782,-0.74,-2.19,30.84
20.607605885714293,-0.74,-2.19,30.84
20.61204433813691,-0.75,-2.19,30.84
20.6165331043303,-0.74,-2.19,30.84
20.620990578085184,-0.74,-2.19,30.84
20.62544333189726,-0.74,-2.18,30.84
20.629919067025185,-0.74,-2.19,30.84
20.63426487520337,-0.74,-2.19,30.84
20.638813715428114,-0.74,-2.18,30.84
20.64330567792058,-0.74,-2.19,30.84
20.647711507976055,-0.74,-2.18,30.84
20.652236383408308,-0.74,-2.18,30.84
20.65669810026884,-0.74,-2.18,30.84
20.661114148795605,-0.74,-2.18,30.84
20.66561482474208,-0.74,-2.18,30.84
20.670066639781,-0.74,-2.18,30.84
20.674493469297886,-0.73,-2.19,30.84
20.678995236754417,-0.74,-2.19,30.84
20.683407187461853,-0.74,-2.18,30.84
20.687838960438967,-0.74,-2.18,30.84
20.69239877909422,-0.74,-2.18,30.84
20.696877136826515,-0.74,-2.19,30.84
20.701325617730618,-0.74,-2.18,30.84
20.705767162144184,-0.74,-2.18,30.84
20.71021743863821,-0.74,-2.18,30.84
20.714704167097807,-0.74,-2.19,30.84
20.71915454789996,-0.74,-2.19,30.84
20.72363467514515,-0.74,-2.18,30.84
20.728044994175434,-0.74,-2.19,30.84
20.732548911124468,-0.74,-2.18,30.84
20.73699187859893,-0.74,-2.19,30.84
20.741471596062183,-0.74,-2.19,30.84
20.74593571946025,-0.74,-2.19,30.84
20.75040528923273,-0.74,-2.18,30.84
20.754848685115576,-0.74,-2.18,30.84
20.75933138653636,-0.74,-2.18,30.84
20.763954881578684,-0.74,-2.18,30.84
20.768167845904827,-0.74,-2.18,30.84
20.77272379398346,-0.73,-2.19,30.84
20.777142707258463,-0.74,-2.19,30.84
20.781648214906454,-0.74,-2.18,30.84
20.78610824048519,-0.74,-2.19,30.84
20.790564361959696,-0.74,-2.19,30.85
20.794978819787502,-0.74,-2.19,30.84
20.79949241131544,-0.74,-2.19,30.84
20.803916335105896,-0.74,-2.18,30.84
20.808352891355753,-0.74,-2.19,30.84
20.812874753028154,-0.74,-2.19,30.84
20.81726210936904,-0.74,-2.19,30.84
20.821793377399445,-0.74,-2.19,30.84
20.826273061335087,-0.74,-2.19,30.84
20.830740090459585,-0.74,-2.19,30.84
20.835188269615173,-0.74,-2.19,30.84
20.83966165781021,-0.74,-2.19,30.84
20.844115268439054,-0.74,-2.19,30.84
20.849159721285105,-0.74,-2.19,30.84
20.853030934929848,-0.74,-2.19,30.84
20.857482206076384,-0.75,-2.19,30.84
20.861943293362856,-0.74,-2.19,30.84
20.866449162364006,-0.74,-2.19,30.84
20.870892319828272,-0.74,-2.19,30.84
20.875347811728716,-0.74,-2.19,30.84
20.879816133528948,-0.74,-2.19,30.84
20.884267959743738,-0.74,-2.19,30.84
20.88874925300479,-0.74,-2.19,30.84
20.893172569572926,-0.74,-2.19,30.84
20.897638246417046,-0.74,-2.19,30.84
20.902109559625387,-0.74,-2.19,30.84
20.90658412501216,-0.74,-2.19,30.84
20.911068081855774,-0.74,-2.19,30.84
20.91551896184683,-0.74,-2.19,30.84
20.919987712055445,-0.73,-2.19,30.84
20.9244415871799,-0.74,-2.19,30.84
20.928871750831604,-0.74,-2.19,30.84
20.933383379131556,-0.74,-2.19,30.84
20.937797762453556,-0.74,-2.19,30.84
20.942308355122805,-0.74,-2.19,30.84
20.94677786156535,-0.74,-2.19,30.84
20.951228197664022,-0.74,-2.19,30.84
20.9556949660182,-0.73,-2.19,30.85
20.960141617804766,-0.74,-2.19,30.84
20.964590571820736,-0.74,-2.19,30.85
20.969072096049786,-0.74,-2.19,30.84
20.973530136048794,-0.74,-2.19,30.84
20.97797502949834,-0.74,-2.19,30.84
20.982460636645555,-0.74,-2.19,30.84
20.986925557255745,-0.74,-2.2,30.85
20.99128883332014,-0.74,-2.19,30.84
20.995807494968176,-0.74,-2.2,30.85
21.00031989440322,-0.74,-2.19,30.85
21.00476437807083,-0.74,-2.19,30.84
21.009219214320183,-0.74,-2.19,30.85
21.013693165034056,-0.74,-2.19,30.85
21.018168348819017,-0.74,-2.19,30.84
21.02273418009281,-0.74,-2.19,30.85
21.02706354111433,-0.74,-2.19,30.84
21.03151098266244,-0.74,-2.2,30.85
21.03602072969079,-0.74,-2.2,30.85
21.04050175845623,-0.74,-2.2,30.85
21.044937323778868,-0.74,-2.2,30.85
21.049406960606575,-0.74,-2.2,30.85
21.053859390318394,-0.74,-2.2,30.85
21.05832765996456,-0.74,-2.2,30.85
21.062719952315092,-0.74,-2.2,30.85
21.067250844091177,-0.74,-2.2,30.85
21.07168848067522,-0.74,-2.2,30.85
21.076187659054995,-0.74,-2.2,30.85
21.080613125115633,-0.74,-2.2,30.85
21.08511797711253,-0.74,-2.2,30.85
21.08955891802907,-0.74,-2.2,30.85
21.094035796821117,-0.74,-2.2,30.85
21.098488736897707,-0.74,-2.2,30.85
21.1029333434999,-0.74,-2.2,30.85
21.107958629727364,-0.74,-2.2,30.85
21.111863795667887,-0.74,-2.2,30.85
21.116229441016912,-0.74,-2.2,30.85
21.12081576883793,-0.74,-2.2,30.85
21.125247482210398,-0.74,-2.2,30.85
21.12973591312766,-0.74,-2.2,30.85
21.134205155074596,-0.74,-2.2,30.85
21.13865727931261,-0.74,-2.2,30.85
21.143105052411556,-0.74,-2.2,30.85
21.147578291594982,-0.74,-2.2,30.85
21.152038373053074,-0.73,-2.2,30.85
21.15650474652648,-0.74,-2.2,30.85
21.16095955297351,-0.74,-2.2,30.85
21.165402565151453,-0.74,-2.2,30.85
21.169888701289892,-0.74,-2.2,30.85
21.174360379576683,-0.74,-2.2,30.85
21.178805783391,-0.74,-2.2,30.85
21.18324788659811,-0.74,-2.2,30.85
21.187752965837717,-0.74,-2.2,30.85
21.19253395497799,-0.74,-2.2,30.85
21.19658549502492,-0.74,-2.2,30.85
21.201101318001747,-0.74,-2.2,30.85
21.20559449866414,-0.74,-2.2,30.84
21.21004220470786,-0.74,-2.2,30.85
21.21451585367322,-0.74,-2.2,30.85
21.21898030117154,-0.74,-2.2,30.85
21.22345631197095,-0.74,-2.2,30.85
21.227904718369246,-0.74,-2.2,30.85
21.232336148619652,-0.74,-2.2,30.85
21.236800380051136,-0.74,-2.2,30.85
21.241260323673487,-0.74,-2.2,30.85
21.245652124285698,-0.74,-2.2,30.85
21.250183261930943,-0.74,-2.2,30.85
21.254646696150303,-0.74,-2.2,30.85
21.259131833910942,-0.74,-2.2,30.85
21.26360847428441,-0.74,-2.2,30.85
21.268060140311718,-0.74,-2.2,30.85
21.27252747863531,-0.74,-2.2,30.85
21.276943400502205,-0.74,-2.2,30.85
21.28147730603814,-0.74,-2.2,30.85
21.28594122454524,-0.74,-2.2,30.85
21.29040489345789,-0.74,-2.2,30.85
21.29479682818055,-0.74,-2.2,30.85
21.299324691295624,-0.74,-2.2,30.85
21.3037873134017,-0.74,-2.2,30.84
21.308230623602867,-0.74,-2.2,30.85
21.312673281878233,-0.74,-2.2,30.85
21.31714380532503,-0.74,-2.2,30.85
21.32162118703127,-0.74,-2.2,30.85
21.32607002183795,-0.74,-2.2,30.85
21.33053457736969,-0.74,-2.2,30.85
21.3350041359663,-0.74,-2.2,30.85
21.33947953954339,-0.74,-2.2,30.85
21.34393098577857,-0.74,-2.2,30.85
21.348412930965424,-0.74,-2.2,30.85
21.352850198745728,-0.74,-2.2,30.85
21.35732464492321,-0.74,-2.2,30.85
21.361741643399,-0.74,-2.2,30.85
21.36622489988804,-0.74,-2.2,30.85
21.370704021304846,-0.74,-2.2,30.85
21.375156868249178,-0.74,-2.2,30.85
21.379639856517315,-0.74,-2.2,30.85
21.38409634307027,-0.74,-2.2,30.85
21.388569213449955,-0.74,-2.2,30.85
21.393029935657978,-0.74,-2.2,30.85
21.397474128752947,-0.74,-2.2,30.85
21.4019237421453,-0.74,-2.2,30.85
21.40641962736845,-0.74,-2.2,30.85
21.410850502550602,-0.74,-2.2,30.85
21.415313608944416,-0.74,-2.2,30.84
21.41978506371379,-0.74,-2.2,30.85
21.4242212921381,-0.74,-2.2,30.85
21.428744070231915,-0.74,-2.2,30.85
21.433189537376165,-0.74,-2.2,30.85
21.43766539171338,-0.73,-2.2,30.85
21.442363437265158,-0.74,-2.2,30.84
21.446577195078135,-0.74,-2.2,30.85
21.45098478719592,-0.74,-2.2,30.85
21.455503303557634,-0.74,-2.2,30.84
21.459961589425802,-0.74,-2.2,30.85
21.46443795412779,-0.74,-2.2,30.85
21.46886720880866,-0.74,-2.2,30.85
21.473351426422596,-0.74,-2.2,30.85
21.477801226079464,-0.74,-2.2,30.84
21.482276890426874,-0.74,-2.2,30.84
21.48674539849162,-0.74,-2.2,30.85
21.491202600300312,-0.74,-2.2,30.85
21.49566501006484,-0.74,-2.2,30.85
21.500100530683994,-0.74,-2.2,30.84
21.504591420292854,-0.74,-2.2,30.85
21.509046081453562,-0.74,-2.2,30.84
21.513477306813,-0.74,-2.19,30.85
21.517887201160192,-0.74,-2.19,30.85
21.52249012887478,-0.74,-2.19,30.85
21.526906453073025,-0.74,-2.19,30.85
21.531369615346193,-0.74,-2.19,30.85
21.53579582646489,-0.74,-2.19,30.85
21.540237616747618,-0.74,-2.19,30.85
21.544723700731993,-0.74,-2.19,30.85
21.549223762005568,-0.74,-2.19,30.85
21.553691431879997,-0.74,-2.19,30.85
21.558143600821495,-0.74,-2.19,30.85
21.562597684562206,-0.74,-2.19,30.85
21.567076109349728,-0.74,-2.19,30.85
21.571518506854773,-0.74,-2.19,30.85
21.5759952776134,-0.73,-2.19,30.85
21.58043799176812,-0.74,-2.19,30.85
21.58490514755249,-0.74,-2.19,30.85
21.589336156845093,-0.74,-2.19,30.85
21.593806691467762,-0.74,-2.19,30.85
21.598207108676434,-0.74,-2.19,30.85
21.602763392031193,-0.74,-2.18,30.85
21.607601508498192,-0.74,-2.19,30.85
21.61169832572341,-0.74,-2.19,30.85
21.616166900843382,-0.74,-2.19,30.85
21.620621919631958,-0.74,-2.18,30.85
21.625084087252617,-0.74,-2.19,30.85
21.629511550068855,-0.74,-2.19,30.85
21.633982237428427,-0.74,-2.19,30.85
21.638466112315655,-0.74,-2.19,30.85
21.642863228917122,-0.74,-2.19,30.85
21.647402081638575,-0.74,-2.19,30.85
21.651856061071157,-0.74,-2.19,30.85
21.656324174255133,-0.74,-2.19,30.85
21.660766500979662,-0.74,-2.19,30.85
21.66525726020336,-0.74,-2.19,30.85
21.66969994083047,-0.74,-2.19,30.85
21.67412718757987,-0.73,-2.19,30.85
21.678635224699974,-0.74,-2.19,30.85
21.683070834726095,-0.74,-2.19,30.85
21.687559988349676,-0.74,-2.19,30.85
21.691958222538233,-0.74,-2.19,30.85
21.696472618728876,-0.74,-2.19,30.85
21.700942557305098,-0.74,-2.19,30.85
21.705392606556416,-0.74,-2.19,30.84
21.70986594259739,-0.74,-2.19,30.84
21.714322704821825,-0.74,-2.19,30.84
21.718796465545893,-0.74,-2.19,30.84
21.72325950115919,-0.74,-2.19,30.84
21.727718148380518,-0.74,-2.19,30.84
21.732197426259518,-0.74,-2.19,30.85
21.736636750400066,-0.74,-2.19,30.85
21.74112743511796,-0.74,-2.19,30.85
21.745568875223398,-0.73,-2.19,30.85
21.750014804303646,-0.74,-2.19,30.85
21.754498090595007,-0.74,-2.19,30.85
21.75897539779544,-0.74,-2.19,30.85
21.763433173298836,-0.74,-2.19,30.85
21.767894107848406,-0.74,-2.19,30.85
21.77227668836713,-0.74,-2.19,30.85
21.776730343699455,-0.74,-2.18,30.85
21.78125087171793,-0.74,-2.19,30.85
21.785747088491917,-0.73,-2.18,30.85
21.79019270837307,-0.74,-2.18,30.85
21.7946401797235,-0.74,-2.18,30.85
21.799137990921736,-0.74,-2.18,30.85
21.803588028997183,-0.74,-2.18,30.85
21.808040920645,-0.74,-2.19,30.85
21.812534164637327,-0.74,-2.19,30.85
21.816979255527258,-0.74,-2.19,30.85
21.821398075670004,-0.73,-2.19,30.85
21.825850181281567,-0.74,-2.18,30.85
21.83037056773901,-0.74,-2.19,30.85
21.834827288985252,-0.74,-2.18,30.85
21.839293710887432,-0.74,-2.18,30.85
21.843725111335516,-0.74,-2.19,30.85
21.84818932041526,-0.74,-2.18,30.85
21.852676641196012,-0.74,-2.19,30.85
21.85709708184004,-0.74,-2.18,30.85
21.861761678010225,-0.73,-2.19,30.85
21.866074480116367,-0.74,-2.19,30.85
21.870547972619534,-0.74,-2.19,30.85
21.874989349395037,-0.74,-2.19,30.85
21.879447408020496,-0.74,-2.19,30.85
21.883909713476896,-0.74,-2.18,30.85
21.888347823172808,-0.74,-2.19,30.85
21.892852500081062,-0.73,-2.19,30.85
21.897320587188005,-0.74,-2.19,30.85
21.901760168373585,-0.74,-2.19,30.85
21.906153850257397,-0.73,-2.19,30.85
21.910676155239344,-0.73,-2.19,30.85
21.915170319378376,-0.74,-2.19,30.85
21.919613003730774,-0.74,-2.19,30.85
21.924092419445515,-0.73,-2.19,30.85
21.928558226674795,-0.74,-2.19,30.85
21.932945013046265,-0.74,-2.19,30.85
21.9374124892056,-0.74,-2.19,30.85
21.94190851971507,-0.73,-2.19,30.85
21.946362745016813,-0.74,-2.19,30.85
21.950804244726896,-0.74,-2.19,30.85
21.955194253474474,-0.73,-2.19,30.85
21.959804628044367,-0.74,-2.19,30.85
21.96423737332225,-0.74,-2.19,30.85
21.968680262565613,-0.74,-2.19,30.85
21.973164834082127,-0.74,-2.19,30.85
21.977592330425978,-0.74,-2.19,30.85
21.9820437990129,-0.74,-2.19,30.85
21.986571110785007,-0.74,-2.19,30.85
21.990936312824488,-0.74,-2.19,30.85
21.995491165667772,-0.74,-2.19,30.85
21.999961830675602,-0.74,-2.19,30.85
22.00441475212574,-0.74,-2.19,30.84
22.00887458026409,-0.74,-2.19,30.85
22.013332087546587,-0.74,-2.19,30.85
22.01778008788824,-0.73,-2.19,30.85
22.02226720377803,-0.74,-2.19,30.85
22.026725236326456,-0.74,-2.19,30.85
22.031397335231304,-0.74,-2.18,30.85
22.03556014224887,-0.74,-2.18,30.85
22.040023304522038,-0.74,-2.18,30.85
22.044583305716515,-0.74,-2.18,30.85
22.04903471469879,-0.74,-2.18,30.85
22.053478561341763,-0.74,-2.18,30.84
22.057967849075794,-0.74,-2.18,30.85
22.06240664795041,-0.74,-2.18,30.85
22.066895861178637,-0.73,-2.18,30.85
22.071309600025415,-0.73,-2.18,30.85
22.075835525989532,-0.74,-2.18,30.85
22.080215588212013,-0.74,-2.18,30.85
22.084735471755266,-0.74,-2.18,30.85
22.08921669051051,-0.74,-2.18,30.85
22.09367262199521,-0.74,-2.18,30.85
22.098124641925097,-0.74,-2.18,30.85
22.10260161012411,-0.74,-2.18,30.85
22.106995902955532,-0.74,-2.18,30.85
22.11153246834874,-0.74,-2.18,30.85
22.115993697196245,-0.74,-2.18,30.85
22.12044830620289,-0.74,-2.18,30.85
22.124872840940952,-0.74,-2.18,30.85
22.129322431981564,-0.74,-2.18,30.85
22.13383387029171,-0.74,-2.18,30.85
22.138279903680086,-0.74,-2.18,30.85
22.142726007848978,-0.74,-2.18,30.85
22.14721977338195,-0.74,-2.18,30.85
22.151666674762964,-0.74,-2.18,30.85
22.15615301579237,-0.74,-2.18,30.85
22.160510886460543,-0.73,-2.18,30.85
22.165032770484686,-0.73,-2.18,30.85
22.169527634978294,-0.74,-2.19,30.85
22.173942636698484,-0.74,-2.18,30.85
22.178458247333765,-0.74,-2.19,30.85
22.182914413511753,-0.74,-2.19,30.85
22.187378600239754,-0.74,-2.19,30.85
22.191841825842857,-0.74,-2.19,30.85
22.196262061595917,-0.73,-2.19,30.85
22.200736217200756,-0.74,-2.19,30.85
22.20519620925188,-0.74,-2.19,30.85
22.20969434827566,-0.74,-2.19,30.85
22.214145075529814,-0.74,-2.19,30.85
22.218629654496908,-0.74,-2.19,30.85
22.22308697551489,-0.74,-2.19,30.85
22.22755464538932,-0.74,-2.19,30.85
22.232017908245325,-0.74,-2.19,30.85
22.236478216946125,-0.74,-2.19,30.85
22.24094344675541,-0.74,-2.19,30.85
22.24535307660699,-0.74,-2.19,30.85
22.249828044325113,-0.74,-2.19,30.85
22.254336815327406,-0.74,-2.19,30.85
22.258781366050243,-0.73,-2.19,30.85
22.263260256499052,-0.74,-2.19,30.85
22.267709132283926,-0.74,-2.19,30.85
22.27217886969447,-0.73,-2.19,30.85
22.276639480143785,-0.74,-2.19,30.85
22.28107549250126,-0.74,-2.19,30.85
22.28554667532444,-0.74,-2.19,30.85
22.29001732543111,-0.74,-2.19,30.85
22.294468708336353,-0.74,-2.19,30.85
22.298962630331516,-0.73,-2.19,30.85
22.303418297320604,-0.74,-2.18,30.85
22.307879719883204,-0.74,-2.19,30.85
22.312335964292288,-0.74,-2.19,30.85
22.31680566072464,-0.74,-2.19,30.85
22.321220569312572,-0.74,-2.19,30.85
22.325680252164602,-0.74,-2.19,30.85
22.330199416726828,-0.74,-2.19,30.85
22.33463716879487,-0.74,-2.19,30.85
22.33901221677661,-0.74,-2.19,30.85
22.343555442988873,-0.74,-2.19,30.85
22.348000664263964,-0.74,-2.19,30.85
22.35250297933817,-0.74,-2.19,30.85
22.35695805028081,-0.74,-2.19,30.85
22.36142672598362,-0.74,-2.19,30.85
22.365876480937004,-0.74,-2.19,30.85
22.370375476777554,-0.74,-2.19,30.85
22.37480239570141,-0.74,-2.19,30.85
22.379530515521765,-0.74,-2.19,30.85
22.383734863251448,-0.74,-2.19,30.85
22.388205263763666,-0.74,-2.19,30.85
22.392645943909883,-0.74,-2.19,30.85
22.397125855088234,-0.74,-2.19,30.85
22.40157423913479,-0.74,-2.19,30.85
22.406050086021423,-0.74,-2.19,30.85
22.410530164837837,-0.74,-2.19,30.85
22.414974369108677,-0.74,-2.19,30.85
22.419442884624004,-0.74,-2.19,30.85
22.42385994642973,-0.74,-2.19,30.85
22.428373586386442,-0.74,-2.19,30.85
22.43275334313512,-0.74,-2.19,30.85
22.437251947820187,-0.74,-2.19,30.85
22.441754654049873,-0.74,-2.19,30.85
22.44622003287077,-0.74,-2.19,30.85
22.450640939176083,-0.74,-2.19,30.85
22.455119505524635,-0.74,-2.19,30.85
22.45956552773714,-0.74,-2.19,30.85
22.464063074439764,-0.74,-2.19,30.85
22.4684516787529,-0.74,-2.19,30.85
22.472928293049335,-0.73,-2.19,30.85
22.477450858801603,-0.74,-2.18,30.85
22.481926064938307,-0.74,-2.18,30.84
22.48637782037258,-0.74,-2.18,30.85
22.4908426143229,-0.74,-2.18,30.85
22.495297130197287,-0.74,-2.18,30.85
22.499713700264692,-0.74,-2.18,30.85
22.504238605499268,-0.74,-2.18,30.85
22.50870280712843,-0.74,-2.18,30.85
22.513043820858,-0.74,-2.18,30.85
22.51757287979126,-0.74,-2.18,30.85
22.52208235487342,-0.74,-2.18,30.85
22.52655204758048,-0.74,-2.18,30.85
22.531015887856483,-0.74,-2.18,30.85
22.535438310354948,-0.74,-2.18,30.85
22.53990526497364,-0.74,-2.18,30.85
22.544391475617886,-0.74,-2.18,30.85
22.54885432869196,-0.74,-2.18,30.85
22.55327807739377,-0.74,-2.18,30.85
22.557806853204966,-0.74,-2.17,30.85
22.56224589049816,-0.74,-2.17,30.85
22.56667886301875,-0.74,-2.18,30.85
22.571175701916218,-0.74,-2.17,30.85
22.575617492198944,-0.74,-2.17,30.85
22.58006501942873,-0.74,-2.17,30.85
22.58455964177847,-0.74,-2.17,30.85
22.589020382612944,-0.74,-2.17,30.85
22.59349910542369,-0.74,-2.17,30.85
22.59790786728263,-0.74,-2.17,30.85
22.602412451058626,-0.74,-2.17,30.85
22.606835521757603,-0.74,-2.17,30.85
22.61135370284319,-0.74,-2.17,30.85
22.615802876651287,-0.74,-2.17,30.85
22.620243676006794,-0.74,-2.17,30.85
22.624730221927166,-0.74,-2.17,30.85
22.6291757337749,-0.74,-2.17,30.85
22.633663024753332,-0.74,-2.17,30.85
22.6380537673831,-0.74,-2.17,30.85
22.64246964454651,-0.74,-2.17,30.85
22.64704566821456,-0.74,-2.17,30.85
22.651435390114784,-0.73,-2.17,30.85
22.655975986272097,-0.74,-2.17,30.85
22.66043921932578,-0.74,-2.17,30.85
22.66489701718092,-0.74,-2.17,30.85
22.6693413592875,-0.74,-2.17,30.85
22.673757530748844,-0.74,-2.17,30.85
22.678250215947628,-0.74,-2.17,30.85
22.682714104652405,-0.74,-2.17,30.85
22.687192026525736,-0.74,-2.17,30.85
22.691675264388323,-0.74,-2.17,30.85
22.69613479077816,-0.74,-2.17,30.85
22.70060298219323,-0.74,-2.17,30.85
22.70505268126726,-0.74,-2.17,30.85
22.709487318992615,-0.74,-2.17,30.85
22.71396842971444,-0.74,-2.17,30.85
22.718405961990356,-0.74,-2.17,30.85
22.722909327596426,-0.73,-2.17,30.85
22.727368645370007,-0.74,-2.17,30.85
22.731781471520662,-0.74,-2.17,30.85
22.736272115260363,-0.74,-2.16,30.85
22.740771885961294,-0.74,-2.17,30.85
22.745219253003597,-0.74,-2.17,30.85
22.749664451926947,-0.74,-2.17,30.85
22.75414352118969,-0.74,-2.17,30.85
22.75856787338853,-0.74,-2.16,30.86
22.763070944696665,-0.74,-2.16,30.85
22.767493430525064,-0.74,-2.17,30.85
22.77199523150921,-0.74,-2.17,30.85
22.776463858783245,-0.74,-2.17,30.86
22.780909940600395,-0.74,-2.17,30.85
22.7853970117867,-0.74,-2.17,30.85
22.789843320846558,-0.74,-2.17,30.85
22.794284146279097,-0.74,-2.17,30.85
22.798889975994825,-0.74,-2.17,30.85
22.80324687808752,-0.74,-2.17,30.85
22.807677283883095,-0.74,-2.17,30.85
22.812120746821165,-0.74,-2.17,30.85
22.816611345857382,-0.74,-2.17,30.85
22.82109808921814,-0.74,-2.17,30.85
22.825500901788473,-0.74,-2.17,30.85
22.83001971244812,-0.74,-2.17,30.85
22.834479551762342,-0.74,-2.17,30.85
22.838908828794956,-0.74,-2.17,30.85
22.843398198485374,-0.74,-2.17,30.85
22.84783422574401,-0.74,-2.17,30.85
22.852327413856983,-0.74,-2.17,30.85
22.8567484728992,-0.74,-2.17,30.85
22.86118819192052,-0.74,-2.17,30.85
22.86572102457285,-0.74,-2.17,30.85
22.870138943195343,-0.73,-2.17,30.85
22.874642822891474,-0.74,-2.17,30.85
22.87911256402731,-0.74,-2.17,30.86
22.883652932941914,-0.74,-2.17,30.85
22.888041269034147,-0.74,-2.17,30.85
22.892489794641733,-0.74,-2.17,30.85
22.896960355341434,-0.74,-2.17,30.85
22.901339419186115,-0.74,-2.17,30.85
22.905851133167744,-0.74,-2.17,30.85
22.910291206091642,-0.74,-2.18,30.85
22.91480541229248,-0.74,-2.17,30.85
22.91926922649145,-0.74,-2.18,30.85
22.923710983246565,-0.74,-2.18,30.86
22.92815574258566,-0.74,-2.18,30.86
22.932656466960907,-0.74,-2.18,30.85
22.937072351574898,-0.74,-2.18,30.85
22.94154977053404,-0.74,-2.18,30.86
22.94604980200529,-0.74,-2.18,30.85
22.950512666255236,-0.74,-2.18,30.86
22.954931158572435,-0.74,-2.18,30.85
22.959336765110493,-0.74,-2.18,30.85
22.963893320411444,-0.74,-2.18,30.85
22.96833300590515,-0.74,-2.18,30.85
22.972818799316883,-0.74,-2.18,30.86
22.97728855535388,-0.74,-2.18,30.86
22.981750793755054,-0.73,-2.18,30.86
22.98614364489913,-0.74,-2.18,30.86
22.990679681301117,-0.74,-2.18,30.86
22.99514129385352,-0.74,-2.18,30.86
22.999586928635836,-0.74,-2.19,30.86
23.00405355170369,-0.74,-2.18,30.85
23.00851570442319,-0.74,-2.19,30.85
23.012955974787474,-0.74,-2.19,30.85
23.017435304820538,-0.74,-2.18,30.86
23.021872334182262,-0.74,-2.19,30.85
23.02638415247202,-0.74,-2.19,30.85
23.030784849077463,-0.74,-2.19,30.86
23.035222239792347,-0.74,-2.19,30.86
23.039768233895302,-0.73,-2.19,30.86
23.044180013239384,-0.74,-2.19,30.86
23.049186520278454,-0.73,-2.19,30.85
23.053133264183998,-0.74,-2.19,30.83
23.05760734155774,-0.74,-2.19,30.86
23.06215465441346,-0.74,-2.19,30.87
23.066503178328276,-0.74,-2.19,30.86
23.070995826274157,-0.74,-2.19,30.86
23.075378485023975,-0.74,-2.19,30.86
23.079848416149616,-0.74,-2.19,30.86
23.084235437214375,-0.74,-2.19,30.87
23.088855542242527,-0.74,-2.19,30.87
23.093300960958004,-0.74,-2.19,30.86
23.09775920212269,-0.74,-2.19,30.86
23.10223813727498,-0.74,-2.19,30.87
23.10664352029562,-0.74,-2.19,30.87
23.111113157123327,-0.74,-2.19,30.86
23.115610007196665,-0.74,-2.19,30.87
23.119980789721012,-0.74,-2.19,30.86
23.124542400240898,-0.74,-2.19,30.87
23.129003819078207,-0.74,-2.19,30.87
23.133480690419674,-0.74,-2.19,30.86
23.13794369995594,-0.74,-2.19,30.86
23.14238451421261,-0.74,-2.19,30.86
23.14686117693782,-0.74,-2.19,30.86
23.15133234485984,-0.74,-2.19,30.86
23.155758030712605,-0.74,-2.19,30.86
23.160158958286047,-0.74,-2.19,30.86
23.164647169411182,-0.74,-2.19,30.86
23.169087644666433,-0.74,-2.19,30.86
23.173529617488384,-0.74,-2.19,30.86
23.17811596021056,-0.74,-2.19,30.86
23.182567600160837,-0.74,-2.19,30.86
23.187027916312218,-0.74,-2.19,30.86
23.191491905599833,-0.74,-2.19,30.86
23.19594820588827,-0.74,-2.19,30.86
23.200372472405434,-0.74,-2.19,30.86
23.204826917499304,-0.74,-2.19,30.86
23.20935721322894,-0.74,-2.19,30.86
23.21376209333539,-0.74,-2.19,30.86
23.21826535835862,-0.74,-2.19,30.86
23.222716078162193,-0.74,-2.19,30.86
23.22739291191101,-0.74,-2.19,30.86
23.23162615299225,-0.74,-2.19,30.86
23.236089657992125,-0.74,-2.19,30.86
23.240581933408976,-0.74,-2.19,30.86
23.245037633925676,-0.74,-2.19,30.86
23.249499425292015,-0.74,-2.19,30.86
23.25393730774522,-0.74,-2.2,30.86
23.258416030555964,-0.74,-2.2,30.86
23.26273698732257,-0.74,-2.2,30.86
23.267362125217915,-0.74,-2.19,30.86
23.27184570208192,-0.74,-2.2,30.86
23.27628257125616,-0.74,-2.2,30.86
23.28074834495783,-0.74,-2.2,30.86
23.2851766012609,-0.74,-2.2,30.86
23.289662186056376,-0.74,-2.2,30.86
23.29415027424693,-0.74,-2.2,30.86
23.29855076223612,-0.74,-2.2,30.86
23.30301409214735,-0.74,-2.2,30.86
23.30753369256854,-0.74,-2.2,30.86
23.31198102608323,-0.74,-2.2,30.86
23.316434159874916,-0.74,-2.2,30.86
23.320907656103373,-0.74,-2.2,30.86
23.3253694139421,-0.74,-2.2,30.86
23.329834293574095,-0.74,-2.2,30.86
23.3342232555151,-0.74,-2.2,30.86
23.338759042322636,-0.74,-2.2,30.86
23.34321254864335,-0.74,-2.2,30.86
23.347675658762455,-0.74,-2.2,30.86
23.35210344940424,-0.74,-2.2,30.86
23.35660094767809,-0.74,-2.2,30.86
23.3610501550138,-0.74,-2.2,30.86
23.365520726889372,-0.74,-2.2,30.86
23.37005314975977,-0.74,-2.2,30.86
23.374454002827406,-0.74,-2.2,30.86
23.378873866051435,-0.74,-2.2,30.86
23.38338343054056,-0.74,-2.2,30.86
23.38784723356366,-0.74,-2.2,30.86
23.39251583069563,-0.74,-2.2,30.86
23.396642796695232,-0.74,-2.2,30.86
23.401231233030558,-0.74,-2.2,30.86
23.405675660818815,-0.74,-2.2,30.86
23.410145983099937,-0.74,-2.2,30.86
23.414606973528862,-0.74,-2.2,30.86
23.419037833809853,-0.74,-2.2,30.86
23.423546887934208,-0.74,-2.2,30.86
23.4280095808208,-0.75,-2.2,30.86
23.432466592639685,-0.74,-2.2,30.86
23.43686803802848,-0.74,-2.2,30.86
23.441399309784174,-0.75,-2.2,30.86
23.445847734808922,-0.74,-2.2,30.86
23.450330805033445,-0.74,-2.2,30.86
23.45474036037922,-0.74,-2.19,30.86
23.459243785589933,-0.74,-2.2,30.86
23.46369605883956,-0.74,-2.2,30.86
23.46813089773059,-0.74,-2.19,30.86
23.47259109094739,-0.74,-2.19,30.86
23.476998567581177,-0.74,-2.2,30.86
23.48148538917303,-0.74,-2.19,30.86
23.48602632060647,-0.74,-2.19,30.86
23.490475729107857,-0.74,-2.2,30.86
23.494947277009487,-0.74,-2.19,30.86
23.499365653842688,-0.74,-2.19,30.86
23.503869637846947,-0.74,-2.2,30.86
23.50833972170949,-0.74,-2.2,30.86
23.51276833936572,-0.74,-2.19,30.86
23.517138104885817,-0.74,-2.2,30.86
23.521735683083534,-0.74,-2.2,30.86
23.526171438395977,-0.74,-2.2,30.86
23.530646178871393,-0.74,-2.2,30.86
23.53511666879058,-0.74,-2.2,30.86
23.53956850245595,-0.74,-2.2,30.86
23.543986223638058,-0.74,-2.2,30.86
23.548451770097017,-0.74,-2.2,30.86
23.552959475666285,-0.74,-2.2,30.86
23.557392239570618,-0.74,-2.2,30.86
23.561883948743343,-0.74,-2.2,30.86
23.566270984709263,-0.74,-2.2,30.86
23.570789862424135,-0.74,-2.2,30.86
23.57527730986476,-0.74,-2.19,30.86
23.579720120877028,-0.74,-2.2,30.86
23.584206633269787,-0.74,-2.19,30.86
23.588662449270487,-0.74,-2.2,30.86
23.59312281757593,-0.74,-2.2,30.87
23.59757501631975,-0.74,-2.19,30.87
23.60204966366291,-0.74,-2.2,30.86
23.606501176953316,-0.74,-2.19,30.86
23.610939394682646,-0.74,-2.2,30.86
23.61539502814412,-0.74,-2.2,30.86
23.6198982745409,-0.74,-2.2,30.86
23.62459933385253,-0.74,-2.2,30.86
23.628794360905886,-0.74,-2.2,30.86
23.633269030600786,-0.74,-2.2,30.86
23.63775221630931,-0.74,-2.2,30.86
23.642199028283358,-0.74,-2.19,30.86
23.646643079817295,-0.74,-2.19,30.86
23.651048343628645,-0.74,-2.19,30.86
23.65553819015622,-0.74,-2.19,30.86
23.660080261528492,-0.74,-2.2,30.86
23.66451635211706,-0.74,-2.2,30.86
23.66896277666092,-0.74,-2.2,30.86
23.673451017588377,-0.74,-2.19,30.87
23.677853014320135,-0.74,-2.2,30.86
23.68236369639635,-0.74,-2.19,30.86
23.686826158314943,-0.74,-2.19,30.86
23.691260874271393,-0.74,-2.19,30.87
23.69572226703167,-0.74,-2.2,30.86
23.700204115360975,-0.74,-2.19,30.86
23.70469506457448,-0.74,-2.2,30.86
23.70914888009429,-0.74,-2.19,30.87
23.71361416950822,-0.74,-2.2,30.87
23.71807036921382,-0.74,-2.2,30.87
23.722543850541115,-0.74,-2.2,30.87
23.726959384977818,-0.74,-2.2,30.87
23.731419697403908,-0.75,-2.2,30.87
23.735914334654808,-0.75,-2.2,30.87
23.740388352423906,-0.74,-2.2,30.86
23.744835127145052,-0.74,-2.2,30.87
23.749318692833185,-0.74,-2.2,30.86
23.75376495346427,-0.74,-2.2,30.86
23.758235968649387,-0.74,-2.2,30.86
23.762655846774578,-0.74,-2.2,30.86
23.767129231244326,-0.74,-2.2,30.86
23.77158033847809,-0.74,-2.2,30.86
23.776078712195158,-0.74,-2.2,30.86
23.780458997935057,-0.74,-2.2,30.86
23.784922424703836,-0.74,-2.19,30.86
23.789445508271456,-0.74,-2.2,30.86
23.79394968226552,-0.74,-2.19,30.86
23.798391070216894,-0.74,-2.2,30.86
23.80282821506262,-0.74,-2.19,30.86
23.80731089785695,-0.74,-2.19,30.86
23.811777006834745,-0.74,-2.2,30.87
23.816261995583773,-0.74,-2.19,30.86
23.82071667164564,-0.74,-2.19,30.86
23.82517969608307,-0.74,-2.19,30.86
23.829651352018118,-0.74,-2.19,30.86
23.834089923650026,-0.74,-2.19,30.86
23.8385640271008,-0.74,-2.19,30.86
23.843004442751408,-0.74,-2.19,30.86
23.847498297691345,-0.74,-2.19,30.86
23.85190336033702,-0.74,-2.2,30.86
23.856423314660788,-0.74,-2.19,30.86
23.860857121646404,-0.74,-2.19,30.86
23.865314070135355,-0.74,-2.19,30.86
23.869789082556963,-0.74,-2.2,30.86
23.87416397035122,-0.74,-2.19,30.86
23.87873150035739,-0.74,-2.19,30.86
23.883186880499125,-0.74,-2.2,30.86
23.887650385499,-0.74,-2.19,30.86
23.892111714929342,-0.74,-2.19,30.86
23.896569211035967,-0.74,-2.19,30.86
23.901022102683783,-0.74,-2.19,30.86
23.905496411025524,-0.74,-2.19,30.86
23.909957114607096,-0.74,-2.19,30.86
23.914373867213726,-0.74,-2.19,30.86
23.918863341212273,-0.74,-2.19,30.86
23.92334398254752,-0.74,-2.19,30.86
23.92780815437436,-0.74,-2.19,30.86
23.932258065789938,-0.74,-2.19,30.86
23.936696369200945,-0.74,-2.19,30.86
23.941138688474894,-0.74,-2.19,30.86
23.945667505264282,-0.74,-2.19,30.86
23.950104136019945,-0.74,-2.19,30.86
23.954561699181795,-0.73,-2.19,30.86
23.95903480425477,-0.74,-2.19,30.86
23.963495954871178,-0.74,-2.19,30.86
23.967920187860727,-0.74,-2.19,30.87
23.972433045506477,-0.74,-2.19,30.86
23.976911544799805,-0.74,-2.19,30.87
23.98132836818695,-0.74,-2.19,30.86
23.985808856785297,-0.74,-2.19,30.86
23.990212690085173,-0.74,-2.19,30.87
23.994680251926184,-0.74,-2.19,30.86
23.999220874160528,-0.74,-2.19,30.86
24.003685355186462,-0.74,-2.19,30.86
24.008119348436594,-0.74,-2.2,30.86
24.01255479082465,-0.74,-2.19,30.86
24.017059303820133,-0.74,-2.19,30.86
24.021499138325453,-0.74,-2.19,30.86
24.025948092341423,-0.74,-2.19,30.86
24.030446853488684,-0.74,-2.19,30.86
24.03486666828394,-0.74,-2.19,30.86
24.039367992430925,-0.74,-2.19,30.86
24.04383946210146,-0.74,-2.19,30.86
24.048232968896627,-0.74,-2.2,30.86
24.0527502335608,-0.74,-2.2,30.86
24.05722890421748,-0.74,-2.2,30.86
24.061692278832197,-0.74,-2.2,30.87
24.06615150719881,-0.74,-2.19,30.86
24.070576950907707,-0.74,-2.2,30.86
24.075069922953844,-0.74,-2.2,30.86
24.079537611454725,-0.74,-2.19,30.87
24.08395431563258,-0.74,-2.19,30.86
24.088482685387135,-0.74,-2.19,30.86
24.09292298555374,-0.74,-2.19,30.86
24.09739428013563,-0.74,-2.2,30.86
24.101854737848043,-0.74,-2.2,30.86
24.106299940496683,-0.74,-2.2,30.87
24.110938034951687,-0.74,-2.2,30.86
24.1152256578207,-0.74,-2.2,30.86
24.119635321199894,-0.73,-2.2,30.86
24.12416248396039,-0.74,-2.2,30.86
24.128586504608393,-0.74,-2.2,30.86
24.1330979578197,-0.74,-2.2,30.86
24.137528277933598,-0.74,-2.2,30.86
24.1420175768435,-0.74,-2.2,30.86
24.14647662267089,-0.74,-2.2,30.86
24.1509207226336,-0.74,-2.2,30.86
24.15540910512209,-0.74,-2.2,30.86
24.159875694662333,-0.74,-2.19,30.86
24.164326164871454,-0.74,-2.2,30.86
24.168789260089397,-0.74,-2.2,30.86
24.17317547649145,-0.74,-2.19,30.86
24.17769629880786,-0.74,-2.2,30.86
24.182178638875484,-0.74,-2.2,30.86
24.186640061438084,-0.74,-2.2,30.86
24.1911009401083,-0.74,-2.2,30.86
24.195575568825006,-0.74,-2.2,30.86
24.20000846683979,-0.74,-2.2,30.86
24.20448126271367,-0.74,-2.2,30.86
24.208956252783537,-0.74,-2.2,30.86
24.213320843875408,-0.74,-2.2,30.86
24.217878099530935,-0.74,-2.2,30.86
24.22230364754796,-0.74,-2.2,30.86
24.22673385217786,-0.74,-2.19,30.86
24.231204248964787,-0.74,-2.2,30.86
24.235738292336464,-0.74,-2.2,30.86
24.24019191786647,-0.74,-2.2,30.86
24.244615722447634,-0.74,-2.19,30.86
24.249058984220028,-0.73,-2.2,30.86
24.253538601100445,-0.74,-2.2,30.86
24.257994569838047,-0.74,-2.2,30.86
24.262491885572672,-0.74,-2.2,30.86
24.266865961253643,-0.74,-2.2,30.86
24.27141933888197,-0.74,-2.2,30.86
24.275845177471638,-0.73,-2.2,30.86
24.28035207465291,-0.74,-2.19,30.86
24.28482399508357,-0.74,-2.19,30.86
24.28927804157138,-0.74,-2.19,30.86
24.293683104217052,-0.73,-2.19,30.86
24.298212625086308,-0.74,-2.19,30.86
24.302634332329035,-0.73,-2.2,30.86
24.307050745934248,-0.74,-2.2,30.86
24.311613030731678,-0.74,-2.19,30.86
24.31593706831336,-0.74,-2.19,30.86
24.32052843272686,-0.74,-2.19,30.86
24.324974305927753,-0.74,-2.19,30.86
24.32941870391369,-0.74,-2.19,30.86
24.333911079913378,-0.74,-2.19,30.86
24.338367391377687,-0.74,-2.19,30.87
24.34282721579075,-0.74,-2.19,30.86
24.347291585057974,-0.74,-2.2,30.87
24.35177366808057,-0.74,-2.2,30.85
24.356222841888666,-0.74,-2.19,30.86
24.360672291368246,-0.74,-2.19,30.86
24.365147463977337,-0.74,-2.19,30.86
24.369604863226414,-0.74,-2.2,30.86
24.37406485900283,-0.74,-2.19,30.86
24.37851668894291,-0.74,-2.2,30.86
24.38298223912716,-0.74,-2.2,30.86
24.38741223886609,-0.73,-2.2,30.86
24.39193868637085,-0.74,-2.2,30.86
24.3964334577322,-0.74,-2.19,30.86
24.40079928562045,-0.74,-2.2,30.86
24.405269108712673,-0.74,-2.2,30.89
24.409765891730785,-0.74,-2.2,30.87
24.414214935153723,-0.74,-2.2,30.87
24.418690852820873,-0.73,-2.2,30.87
24.423128880560398,-0.74,-2.2,30.87
24.427579764276743,-0.74,-2.2,30.87
24.432058166712523,-0.74,-2.2,30.87
24.436535131186247,-0.74,-2.2,30.87
24.44095091149211,-0.74,-2.2,30.87
24.44542618840933,-0.74,-2.19,30.87
24.449945148080587,-0.74,-2.19,30.87
24.45439350232482,-0.74,-2.19,30.87
24.458861235529184,-0.74,-2.2,30.87
24.46331749856472,-0.74,-2.2,30.87
24.467729780822992,-0.74,-2.19,30.87
24.47225334122777,-0.74,-2.2,30.87
24.476678747683764,-0.74,-2.19,30.87
24.481089618057013,-0.74,-2.2,30.87
24.485591884702444,-0.74,-2.19,30.87
24.490063294768333,-0.74,-2.2,30.87
24.494567569345236,-0.74,-2.19,30.87
24.49901854991913,-0.74,-2.19,30.87
24.50348399579525,-0.74,-2.19,30.87
24.50796650722623,-0.74,-2.2,30.87
24.512396208941936,-0.74,-2.2,30.87
24.516857281327248,-0.73,-2.19,30.87
24.521343994885683,-0.74,-2.19,30.87
24.525774776935577,-0.74,-2.19,30.87
24.5302580781281,-0.74,-2.19,30.87
24.534724909812212,-0.74,-2.19,30.87
24.539196077734232,-0.74,-2.19,30.87
24.543636191636324,-0.74,-2.19,30.87
24.548082273453474,-0.74,-2.19,30.87
24.55257860198617,-0.74,-2.19,30.87
24.557044107466936,-0.74,-2.19,30.87
24.561467297375202,-0.74,-2.19,30.87
24.56596030294895,-0.74,-2.19,30.87
24.57039636746049,-0.74,-2.19,30.87
24.574839998036623,-0.74,-2.19,30.87
24.57930452004075,-0.74,-2.19,30.87
24.58381364494562,-0.74,-2.19,30.87
24.588276211172342,-0.74,-2.19,30.87
24.592743642628193,-0.74,-2.19,30.87
24.597152426838875,-0.74,-2.19,30.87
24.60164649784565,-0.74,-2.19,30.87
24.606398683041334,-0.73,-2.19,30.87
24.61058908328414,-0.74,-2.19,30.87
24.614985700696707,-0.74,-2.19,30.87
24.61945393308997,-0.74,-2.19,30.87
24.623993542045355,-0.74,-2.19,30.87
24.628434412181377,-0.74,-2.19,30.87
24.632884364575148,-0.74,-2.19,30.87
24.6373398154974,-0.74,-2.19,30.87
24.64177282899618,-0.74,-2.19,30.87
24.64628453552723,-0.74,-2.19,30.87
24.65075320377946,-0.74,-2.19,30.87
24.65510830655694,-0.74,-2.19,30.87
24.659683238714933,-0.74,-2.19,30.87
24.664138358086348,-0.74,-2.19,30.87
24.66861480101943,-0.74,-2.19,30.87
24.673066966235638,-0.74,-2.19,30.87
24.677508767694235,-0.74,-2.19,30.87
24.68195791170001,-0.74,-2.19,30.87
24.686662457883358,-0.74,-2.19,30.87
24.690921392291784,-0.74,-2.19,30.87
24.69532074034214,-0.74,-2.19,30.87
24.6998354755342,-0.74,-2.19,30.87
24.704298574477434,-0.74,-2.19,30.87
24.70877157896757,-0.74,-2.19,30.87
24.713147040456533,-0.74,-2.19,30.87
24.7176848128438,-0.75,-2.19,30.87
24.722126178443432,-0.74,-2.19,30.87
24.726568672806025,-0.74,-2.19,30.87
24.731089983135462,-0.74,-2.19,30.87
24.735498625785112,-0.74,-2.19,30.87
24.739996187388897,-0.74,-2.19,30.87
24.74446115270257,-0.74,-2.19,30.87
24.748820088803768,-0.73,-2.19,30.87
24.753301691263914,-0.74,-2.19,30.87
24.75785929337144,-0.74,-2.19,30.87
24.762306857854128,-0.74,-2.19,30.87
24.76677242293954,-0.74,-2.19,30.87
24.771240524947643,-0.74,-2.19,30.87
24.775668431073427,-0.74,-2.19,30.87
24.780171796679497,-0.74,-2.19,30.87
24.78463451564312,-0.74,-2.19,30.86
24.789041679352522,-0.74,-2.19,30.87
24.793549966067076,-0.74,-2.19,30.87
24.797975335270166,-0.74,-2.19,30.87
24.80248273164034,-0.74,-2.19,30.87
24.806934516876936,-0.74,-2.19,30.87
24.81190637126565,-0.74,-2.19,30.87
24.815823078155518,-0.74,-2.19,30.87
24.820289563387632,-0.74,-2.19,30.87
24.82480290904641,-0.74,-2.19,30.87
24.82923885434866,-0.74,-2.19,30.87
24.83370029553771,-0.74,-2.19,30.87
24.838124986737967,-0.74,-2.19,30.87
24.842607490718365,-0.73,-2.19,30.87
24.84710792079568,-0.74,-2.19,30.87
24.85155002400279,-0.74,-2.19,30.87
24.85600208491087,-0.74,-2.19,30.87
24.860490266233683,-0.74,-2.19,30.87
24.864963117986917,-0.74,-2.19,30.87
24.86937253922224,-0.73,-2.19,30.87
24.873861588537693,-0.74,-2.19,30.87
24.87822639197111,-0.74,-2.19,30.87
24.882777895778418,-0.74,-2.19,30.87
24.88726545870304,-0.73,-2.19,30.87
24.891730554401875,-0.74,-2.19,30.87
24.89617833122611,-0.74,-2.19,30.87
24.900651343166828,-0.73,-2.19,30.87
24.905112266540527,-0.74,-2.19,30.87
24.90955762565136,-0.74,-2.19,30.87
24.914042964577675,-0.74,-2.19,30.87
24.91850320249796,-0.74,-2.19,30.86
24.922971203923225,-0.74,-2.19,30.87
24.92742681875825,-0.74,-2.19,30.88
24.931892193853855,-0.74,-2.19,30.87
24.93635841831565,-0.74,-2.19,30.87
24.940820779651403,-0.74,-2.19,30.87
24.945273745805025,-0.73,-2.19,30.86
24.949752815067768,-0.74,-2.19,30.86
24.954201720654964,-0.74,-2.19,30.86
24.958650801330805,-0.74,-2.19,30.87
24.963139165192842,-0.74,-2.19,30.87
24.96757758036256,-0.74,-2.19,30.87
24.97205824404955,-0.74,-2.19,30.87
24.976525772362947,-0.73,-2.19,30.87
24.980975806713104,-0.74,-2.19,30.86
24.98542034253478,-0.74,-2.19,30.87
24.989901162683964,-0.74,-2.19,30.86
24.994369577616453,-0.74,-2.19,30.86
24.998830571770668,-0.73,-2.19,30.87
25.003291469067335,-0.74,-2.19,30.86
25.007723469287157,-0.74,-2.19,30.86
25.01219641044736,-0.74,-2.19,30.86
25.016599912196398,-0.74,-2.19,30.86
25.021149899810553,-0.74,-2.18,30.87
25.025596790015697,-0.74,-2.19,30.86
25.030040849000216,-0.74,-2.19,30.87
25.03452718630433,-0.74,-2.19,30.86
25.03893068805337,-0.73,-2.19,30.86
25.043442029505968,-0.74,-2.19,30.86
25.047940131276846,-0.74,-2.18,30.86
25.05237378925085,-0.74,-2.19,30.86
25.056854531168938,-0.73,-2.18,30.86
25.061233911663294,-0.74,-2.18,30.86
25.065775703638792,-0.74,-2.19,30.86
25.070225197821856,-0.74,-2.18,30.86
25.07467144355178,-0.74,-2.19,30.86
25.079112239181995,-0.74,-2.18,30.86
25.08356937393546,-0.74,-2.19,30.87
25.08805511146784,-0.74,-2.18,30.86
25.092552341520786,-0.74,-2.18,30.87
25.09693030640483,-0.74,-2.19,30.87
25.10143157467246,-0.74,-2.18,30.86
25.105834748595953,-0.73,-2.19,30.86
25.110404774546623,-0.74,-2.19,30.86
25.11490197479725,-0.74,-2.19,30.86
25.119291808456182,-0.74,-2.18,30.87
25.123783458024263,-0.74,-2.19,30.87
25.12825133651495,-0.73,-2.18,30.87
25.13270578160882,-0.74,-2.19,30.87
25.13717122375965,-0.74,-2.19,30.87
25.1416332796216,-0.74,-2.18,30.87
25.14610117301345,-0.74,-2.18,30.87
25.150577414780855,-0.74,-2.18,30.87
25.155020389705896,-0.74,-2.18,30.87
25.159464981406927,-0.74,-2.18,30.87
25.163939218968153,-0.73,-2.18,30.87
25.168421413749456,-0.73,-2.18,30.87
25.17287030443549,-0.74,-2.18,30.87
25.17732512205839,-0.74,-2.18,30.87
25.1817848905921,-0.74,-2.18,30.87
25.1862502284348,-0.73,-2.18,30.87
25.190725672990084,-0.74,-2.18,30.87
25.195202842354774,-0.73,-2.18,30.87
25.199648950248957,-0.74,-2.18,30.87
25.204118121415377,-0.74,-2.18,30.87
25.208537567406893,-0.74,-2.18,30.87
25.212987188249826,-0.73,-2.18,30.87
25.217456344515085,-0.74,-2.18,30.87
25.221894197165966,-0.74,-2.18,30.87
25.226426906883717,-0.74,-2.18,30.87
25.23089349269867,-0.73,-2.18,30.87
25.235293228179216,-0.74,-2.18,30.87
25.23978926613927,-0.74,-2.18,30.87
25.24426594004035,-0.73,-2.18,30.87
25.24874233454466,-0.74,-2.18,30.87
25.253220044076443,-0.74,-2.18,30.87
25.257652297616005,-0.74,-2.18,30.87
25.262134302407503,-0.74,-2.18,30.87
25.266488038003445,-0.74,-2.18,30.87
25.271058797836304,-0.74,-2.18,30.87
25.276117097586393,-0.74,-2.18,30.87
25.27993467822671,-0.74,-2.18,30.87
25.28444642946124,-0.74,-2.18,30.87
25.28889663144946,-0.74,-2.18,30.87
25.293344896286726,-0.74,-2.18,30.87
25.29779426753521,-0.74,-2.18,30.87
25.302293375134468,-0.74,-2.18,30.87
25.30674844607711,-0.74,-2.18,30.87
25.311226569116116,-0.73,-2.18,30.87
25.315657574683428,-0.74,-2.18,30.87
25.32010581716895,-0.74,-2.18,30.87
25.32460604608059,-0.74,-2.18,30.87
25.32906936481595,-0.74,-2.18,30.87
25.333519104868174,-0.74,-2.18,30.87
25.338003497570753,-0.74,-2.18,30.87
25.342450343072414,-0.74,-2.18,30.87
25.346880618482828,-0.74,-2.18,30.87
25.35138899832964,-0.73,-2.18,30.87
25.355845037847757,-0.74,-2.18,30.87
25.360208980739117,-0.74,-2.18,30.87
25.364765364676714,-0.74,-2.18,30.87
25.369244925677776,-0.73,-2.18,30.87
25.373692870140076,-0.74,-2.18,30.87
25.378159921616316,-0.74,-2.18,30.87
25.3826309107244,-0.74,-2.18,30.87
25.38707645237446,-0.74,-2.18,30.87
25.391549985855818,-0.74,-2.18,30.87
25.396009158343077,-0.74,-2.18,30.87
25.40047935023904,-0.74,-2.18,30.87
25.404919378459454,-0.74,-2.18,30.87
25.409388661384583,-0.74,-2.18,30.87
25.413824193179607,-0.74,-2.18,30.87
25.418846022337675,-0.74,-2.18,30.87
25.422760624438524,-0.74,-2.18,30.87
25.427250366657972,-0.74,-2.18,30.87
25.431677635759115,-0.74,-2.18,30.86
25.43616224080324,-0.74,-2.18,30.87
25.44063461571932,-0.74,-2.18,30.86
25.445022627711296,-0.74,-2.18,30.87
25.4495637267828,-0.74,-2.18,30.87
25.454014625400305,-0.74,-2.18,30.87
25.458396036177874,-0.74,-2.18,30.87
25.462945766746998,-0.74,-2.18,30.87
25.467399816960096,-0.74,-2.18,30.87
25.47183073684573,-0.74,-2.18,30.87
25.476313088089228,-0.74,-2.18,30.87
25.48074236884713,-0.73,-2.18,30.87
25.485260244458914,-0.74,-2.18,30.86
25.489636074751616,-0.74,-2.18,30.87
25.494134720414877,-0.74,-2.19,30.86
25.498850159347057,-0.74,-2.19,30.87
25.502977296710014,-0.74,-2.19,30.86
25.50756700336933,-0.74,-2.19,30.86
25.512003920972347,-0.74,-2.18,30.87
25.516494818031788,-0.74,-2.19,30.87
25.520955588668585,-0.74,-2.19,30.86
25.52538761869073,-0.74,-2.18,30.86
25.529878556728363,-0.74,-2.18,30.86
25.534293182194233,-0.74,-2.18,30.86
25.538805052638054,-0.74,-2.19,30.87
25.543169233947992,-0.74,-2.19,30.87
25.54774061590433,-0.74,-2.19,30.86
25.552181243896484,-0.74,-2.18,30.86
25.556657668203115,-0.74,-2.19,30.86
25.561112329363823,-0.74,-2.18,30.87
25.565591786056757,-0.74,-2.19,30.86
25.570044562220573,-0.74,-2.19,30.86
25.574492882937193,-0.74,-2.18,30.86
25.57982372865081,-0.74,-2.18,30.86
25.583380833268166,-0.74,-2.19,30.86
25.58780601993203,-0.74,-2.19,30.86
25.592360712587833,-0.74,-2.19,30.86
25.596826754510403,-0.74,-2.19,30.86
25.601275887340307,-0.74,-2.19,30.86
25.605742268264294,-0.74,-2.18,30.86
25.610216729342937,-0.74,-2.18,30.86
25.614659156650305,-0.74,-2.18,30.86
25.619111638516188,-0.74,-2.18,30.87
25.623601879924536,-0.74,-2.18,30.86
25.627962104976177,-0.74,-2.18,30.86
25.632524006068707,-0.73,-2.18,30.87
25.636981554329395,-0.74,-2.18,30.86
25.641427513211966,-0.74,-2.18,30.87
25.645902380347252,-0.74,-2.18,30.86
25.650326289236546,-0.74,-2.18,30.86
25.654819305986166,-0.74,-2.18,30.86
25.65926283597946,-0.74,-2.18,30.86
25.663756642490625,-0.74,-2.18,30.86
25.668189238756895,-0.74,-2.18,30.86
25.67271699383855,-0.74,-2.18,30.86
25.677101124078035,-0.74,-2.18,30.86
25.681605242192745,-0.74,-2.18,30.86
25.68605398386717,-0.74,-2.18,30.86
25.69050182029605,-0.74,-2.18,30.87
25.694990389049053,-0.74,-2.18,30.86
25.699383422732353,-0.74,-2.18,30.87
25.7039254643023,-0.74,-2.18,30.86
25.70837776735425,-0.74,-2.18,30.87
25.71284046024084,-0.74,-2.18,30.86
25.71731413155794,-0.74,-2.18,30.87
25.72271863743663,-0.74,-2.18,30.86
25.726229447871447,-0.74,-2.18,30.86
25.730670928955078,-0.73,-2.18,30.86
25.735144708305597,-0.74,-2.18,30.87
25.739561624825,-0.74,-2.18,30.86
25.744065266102552,-0.74,-2.18,30.87
25.748473711311817,-0.74,-2.18,30.86
25.75295927748084,-0.74,-2.18,30.85
25.757383182644844,-0.73,-2.18,30.87
25.76192395761609,-0.74,-2.18,30.86
25.766404792666435,-0.74,-2.18,30.88
25.77085067331791,-0.74,-2.18,30.87
25.77532359585166,-0.74,-2.18,30.86
25.77973985299468,-0.74,-2.18,30.87
25.784228805452585,-0.74,-2.18,30.87
25.788708824664354,-0.74,-2.18,30.86
25.793148461729288,-0.74,-2.18,30.86
25.79761464521289,-0.74,-2.18,30.86
25.802110455930233,-0.74,-2.18,30.87
25.80694380775094,-0.74,-2.18,30.86
25.81103441491723,-0.74,-2.18,30.86
25.815477292984724,-0.74,-2.19,30.86
25.819942377507687,-0.74,-2.18,30.86
25.82436891645193,-0.73,-2.18,30.86
25.828856956213713,-0.74,-2.18,30.86
25.83328714594245,-0.74,-2.18,30.86
25.83778975903988,-0.74,-2.18,30.86
25.842224057763815,-0.74,-2.18,30.86
25.846666928380728,-0.74,-2.18,30.86
25.851171478629112,-0.74,-2.18,30.86
25.85565399378538,-0.74,-2.18,30.86
25.8600981682539,-0.74,-2.19,30.86
25.864559054374695,-0.74,-2.19,30.86
25.86910344660282,-0.74,-2.19,30.86
25.873436219990253,-0.74,-2.19,30.86
25.877925161272287,-0.74,-2.18,30.86
25.88237927854061,-0.74,-2.19,30.87
25.886889278888702,-0.74,-2.19,30.86
25.891333557665348,-0.74,-2.18,30.86
25.895808901637793,-0.74,-2.18,30.86
25.900284707546234,-0.74,-2.18,30.86
25.904726922512054,-0.74,-2.18,30.86
25.909209474921227,-0.74,-2.18,30.86
25.913657382130623,-0.74,-2.18,30.86
25.91808871179819,-0.74,-2.18,30.86
25.9225845746696,-0.74,-2.18,30.86
25.92697598040104,-0.74,-2.18,30.86
25.93150496482849,-0.74,-2.18,30.86
25.935913607478142,-0.74,-2.18,30.86
25.940401796251535,-0.74,-2.18,30.86
25.94489972665906,-0.74,-2.18,30.86
25.949966728687286,-0.74,-2.18,30.86
25.9537869207561,-0.74,-2.18,30.86
25.958293423056602,-0.74,-2.18,30.86
25.9627493172884,-0.74,-2.18,30.86
25.9671896584332,-0.74,-2.18,30.86
25.971639342606068,-0.74,-2.18,30.87
25.976153314113617,-0.74,-2.18,30.86
25.98059643059969,-0.74,-2.18,30.86
25.984971448779106,-0.74,-2.18,30.87
25.98952715098858,-0.74,-2.18,30.86
25.99396912008524,-0.74,-2.18,30.86
25.998461317270994,-0.74,-2.18,30.86
26.0029134824872,-0.74,-2.18,30.86
26.00733881816268,-0.74,-2.18,30.86
26.011828906834126,-0.73,-2.18,30.86
26.016297560185194,-0.74,-2.18,30.86
26.020773008465767,-0.74,-2.18,30.86
26.0252269692719,-0.74,-2.18,30.87
26.0296565964818,-0.74,-2.18,30.87
26.034141540527344,-0.74,-2.18,30.87
26.038616694509983,-0.74,-2.18,30.87
26.043081503361464,-0.74,-2.18,30.87
26.04752818495035,-0.74,-2.18,30.86
26.051959607750177,-0.74,-2.18,30.87
26.056390654295683,-0.74,-2.18,30.86
26.060841985046864,-0.74,-2.18,30.86
26.06536965817213,-0.74,-2.18,30.87
26.069820575416088,-0.74,-2.18,30.87
26.074324276298285,-0.74,-2.18,30.87
26.078786831349134,-0.73,-2.18,30.86
26.083217706531286,-0.74,-2.18,30.87
26.087677966803312,-0.74,-2.18,30.86
26.092164743691683,-0.73,-2.18,30.87
26.096619863063097,-0.73,-2.18,30.86
26.101063676178455,-0.74,-2.18,30.87
26.105470422655344,-0.73,-2.18,30.86
26.11009056121111,-0.74,-2.18,30.87
26.114416368305683,-0.74,-2.18,30.87
26.118915155529976,-0.74,-2.18,30.87
26.1233932338655,-0.74,-2.18,30.87
26.12787001952529,-0.74,-2.18,30.87
26.132321942597628,-0.74,-2.18,30.86
26.136728275567293,-0.74,-2.18,30.86
26.141257274895906,-0.74,-2.18,30.87
26.145696219056845,-0.74,-2.18,30.87
26.150059089064598,-0.74,-2.18,30.87
26.15459766611457,-0.74,-2.18,30.87
26.159063156694174,-0.74,-2.18,30.87
26.163571666926146,-0.73,-2.18,30.87
26.168028738349676,-0.73,-2.18,30.87
26.172459173947573,-0.74,-2.18,30.87
26.176948349922895,-0.74,-2.18,30.87
26.181406304240227,-0.74,-2.18,30.87
26.18586703017354,-0.74,-2.18,30.87
26.190841548144817,-0.74,-2.18,30.87
26.194780323654413,-0.74,-2.18,30.87
26.19925630837679,-0.74,-2.18,30.87
26.20370577275753,-0.74,-2.18,30.87
26.208195962011814,-0.74,-2.18,30.87
26.21266659349203,-0.74,-2.18,30.86
26.217093247920275,-0.74,-2.18,30.87
26.22155351191759,-0.74,-2.18,30.87
26.226040359586477,-0.74,-2.18,30.87
26.230419877916574,-0.74,-2.18,30.87
26.234926361590624,-0.74,-2.18,30.86
26.239432517439127,-0.74,-2.18,30.87
26.243877731263638,-0.74,-2.18,30.86
26.248362377285957,-0.74,-2.18,30.87
26.252814523875713,-0.74,-2.18,30.87
26.25728913769126,-0.74,-2.18,30.86
26.261745307594538,-0.74,-2.18,30.87
26.266181208193302,-0.74,-2.18,30.86
26.27108733355999,-0.74,-2.18,30.86
26.27514499425888,-0.73,-2.18,30.87
26.279603861272335,-0.74,-2.19,30.86
26.284038465470076,-0.74,-2.18,30.86
26.288519330322742,-0.74,-2.18,30.86
26.292960677295923,-0.73,-2.18,30.86
26.29744214937091,-0.73,-2.18,30.87
26.301902752369642,-0.74,-2.18,30.87
26.30634442344308,-0.74,-2.18,30.87
26.310812935233116,-0.74,-2.18,30.87
26.315303683280945,-0.74,-2.18,30.87
26.319736801087856,-0.74,-2.18,30.86
26.3241942897439,-0.74,-2.18,30.87
26.328677766025066,-0.74,-2.18,30.87
26.333137799054384,-0.73,-2.18,30.87
26.33761652186513,-0.74,-2.18,30.87
26.342069525271654,-0.74,-2.18,30.87
26.346532624214888,-0.73,-2.18,30.86
26.35100806877017,-0.73,-2.18,30.87
26.35544877126813,-0.74,-2.18,30.87
26.359925154596567,-0.74,-2.18,30.87
26.364389218389988,-0.74,-2.18,30.86
26.36880235746503,-0.74,-2.18,30.86
26.373289618641138,-0.73,-2.18,30.87
26.37777566164732,-0.74,-2.18,30.87
26.38224009796977,-0.73,-2.18,30.87
26.38668404892087,-0.74,-2.18,30.86
26.391166672110558,-0.72,-2.18,30.86
26.395572997629642,-0.74,-2.18,30.87
26.40005575865507,-0.74,-2.18,30.87
26.404557429254055,-0.74,-2.18,30.87
26.40894303098321,-0.74,-2.19,30.87
26.413442697376013,-0.74,-2.18,30.87
26.417935956269503,-0.74,-2.19,30.87
26.42239634692669,-0.74,-2.19,30.87
26.426861207932234,-0.74,-2.19,30.87
26.431305784732103,-0.74,-2.18,30.87
26.4357806481421,-0.74,-2.18,30.87
26.440250892192125,-0.74,-2.19,30.87
26.44468032568693,-0.74,-2.19,30.87
26.449169754981995,-0.74,-2.19,30.87
26.453600123524666,-0.74,-2.19,30.87
26.45811491832137,-0.74,-2.19,30.87
26.46257273107767,-0.74,-2.19,30.87
26.467043209820986,-0.74,-2.18,30.87
26.471492156386375,-0.74,-2.19,30.87
26.47593028470874,-0.73,-2.19,30.88
26.480378307402134,-0.74,-2.19,30.88
26.484853103756905,-0.74,-2.19,30.87
26.489345833659172,-0.73,-2.19,30.88
26.493706211447716,-0.73,-2.19,30.88
26.498267892748117,-0.73,-2.19,30.88
26.50273261219263,-0.74,-2.19,30.88
26.507199823856354,-0.73,-2.19,30.88
26.511663522571325,-0.74,-2.19,30.88
26.516108218580484,-0.74,-2.19,30.88
26.52058195322752,-0.74,-2.19,30.88
26.525056395679712,-0.74,-2.19,30.88
26.52950006723404,-0.74,-2.19,30.88
26.53397447615862,-0.74,-2.19,30.88
26.538411550223827,-0.74,-2.19,30.88
26.542893670499325,-0.74,-2.19,30.88
26.547369737178087,-0.74,-2.19,30.88
26.551819436252117,-0.74,-2.19,30.88
26.55628341808915,-0.74,-2.19,30.88
26.560749273747206,-0.74,-2.19,30.88
26.565177958458662,-0.74,-2.19,30.88
26.5696706995368,-0.74,-2.19,30.88
26.57410391792655,-0.74,-2.19,30.88
26.57858019322157,-0.74,-2.19,30.88
26.583060018718243,-0.74,-2.19,30.88
26.587772253900766,-0.74,-2.19,30.88
26.591935995966196,-0.74,-2.19,30.88
26.5964707583189,-0.74,-2.19,30.88
26.600909933447838,-0.73,-2.19,30.88
26.605366989970207,-0.74,-2.19,30.88
26.60979889333248,-0.73,-2.19,30.88
26.61431222781539,-0.74,-2.19,30.88
26.618742514401674,-0.74,-2.19,30.88
26.623224563896656,-0.74,-2.19,30.88
26.627696216106415,-0.74,-2.19,30.88
26.632144689559937,-0.74,-2.19,30.88
26.63659068197012,-0.74,-2.19,30.88
26.641083005815744,-0.74,-2.19,30.88
26.645528700202703,-0.74,-2.19,30.88
26.650015719234943,-0.74,-2.19,30.88
26.654465455561876,-0.74,-2.19,30.88
26.658862866461277,-0.74,-2.19,30.88
26.663383595645428,-0.74,-2.19,30.88
26.66784291341901,-0.74,-2.19,30.88
26.672250632196665,-0.74,-2.19,30.88
26.676793977618217,-0.74,-2.19,30.88
26.68112773820758,-0.74,-2.19,30.88
26.685710206627846,-0.74,-2.19,30.88
26.690162893384695,-0.74,-2.19,30.88
26.694646023213863,-0.74,-2.19,30.88
26.699104841798544,-0.74,-2.19,30.88
26.703574128448963,-0.74,-2.19,30.88
26.70801342651248,-0.73,-2.19,30.88
26.712502017617226,-0.74,-2.19,30.88
26.71694978699088,-0.74,-2.19,30.88
26.72142743319273,-0.73,-2.19,30.88
26.725885454565287,-0.74,-2.19,30.88
26.730339266359806,-0.74,-2.19,30.88
26.734776448458433,-0.74,-2.19,30.88
26.739279735833406,-0.74,-2.19,30.88
26.743702169507742,-0.74,-2.19,30.88
26.748208571225405,-0.74,-2.19,30.88
26.752592224627733,-0.74,-2.19,30.88
26.757138445973396,-0.74,-2.19,30.88
26.76152705401182,-0.74,-2.19,30.88
26.76601456105709,-0.74,-2.19,30.88
26.770507652312517,-0.74,-2.19,30.88
26.774951856583357,-0.74,-2.2,30.88
26.779447350651026,-0.74,-2.2,30.88
26.783859215676785,-0.74,-2.2,30.88
26.788360718637705,-0.74,-2.19,30.88
26.79277355596423,-0.74,-2.19,30.88
26.797225318849087,-0.74,-2.19,30.88
26.80168466642499,-0.74,-2.2,30.88
26.806173663586378,-0.74,-2.19,30.88
26.810650907456875,-0.74,-2.19,30.88
26.815144579857588,-0.74,-2.19,30.88
26.819618985056877,-0.74,-2.19,30.88
26.824062071740627,-0.74,-2.19,30.88
26.828523978590965,-0.74,-2.19,30.88
26.83299083635211,-0.74,-2.19,30.88
26.837424520403147,-0.74,-2.19,30.88
26.841824259608984,-0.74,-2.19,30.88
26.846381545066833,-0.74,-2.19,30.88
26.85086438804865,-0.74,-2.19,30.88
26.85530900210142,-0.73,-2.19,30.88
26.859763983637094,-0.74,-2.19,30.88
26.864231936633587,-0.74,-2.19,30.88
26.868688262999058,-0.74,-2.19,30.88
26.873156998306513,-0.74,-2.19,30.88
26.877610340714455,-0.74,-2.19,30.88
26.88209054246545,-0.74,-2.19,30.88
26.88650942966342,-0.74,-2.19,30.88
26.89100656658411,-0.74,-2.19,30.88
26.895435690879822,-0.73,-2.19,30.88
26.899935949593782,-0.74,-2.19,30.88
26.904383219778538,-0.74,-2.19,30.88
26.90883157402277,-0.74,-2.19,30.88
26.91327430307865,-0.74,-2.19,30.88
26.917768217623234,-0.74,-2.19,30.88
26.922207109630108,-0.74,-2.19,30.88
26.926717955619097,-0.74,-2.19,30.88
26.93118642643094,-0.74,-2.19,30.88
26.935649946331978,-0.74,-2.19,30.88
26.940114803612232,-0.74,-2.19,30.88
26.944580741226673,-0.74,-2.19,30.88
26.949011094868183,-0.74,-2.19,30.88
26.95348869264126,-0.74,-2.19,30.88
26.957933094352484,-0.74,-2.19,30.88
26.962385892868042,-0.74,-2.19,30.88
26.96689820662141,-0.74,-2.19,30.88
26.97126317024231,-0.74,-2.18,30.88
26.975770469754934,-0.74,-2.18,30.88
26.980293441563845,-0.74,-2.18,30.88
26.98473919555545,-0.74,-2.19,30.88
26.98922010883689,-0.74,-2.19,30.88
26.99362486228347,-0.74,-2.18,30.88
26.99812663719058,-0.74,-2.18,30.88
27.002587649971247,-0.74,-2.18,30.88
27.007023509591818,-0.74,-2.18,30.88
27.011452171951532,-0.74,-2.18,30.88
27.015934720635414,-0.74,-2.18,30.88
27.02032781392336,-0.74,-2.18,30.88
27.024918388575315,-0.74,-2.18,30.88
27.029361452907324,-0.74,-2.18,30.88
27.033844854682684,-0.74,-2.18,30.88
27.038303308188915,-0.74,-2.18,30.88
27.042697224766016,-0.74,-2.19,30.88
27.047235295176506,-0.74,-2.18,30.88
27.051698926836252,-0.74,-2.18,30.88
27.056055579334497,-0.74,-2.18,30.88
27.060622062534094,-0.74,-2.18,30.88
27.06505486741662,-0.74,-2.19,30.89
27.069538824260235,-0.74,-2.19,30.88
27.07400655373931,-0.74,-2.19,30.88
27.078451868146658,-0.74,-2.19,30.88
27.082922343164682,-0.74,-2.19,30.88
27.08737937361002,-0.73,-2.19,30.88
27.091796837747097,-0.74,-2.18,30.88
27.09632295370102,-0.74,-2.18,30.88
27.100790664553642,-0.74,-2.19,30.88
27.105206325650215,-0.74,-2.18,30.88
27.1096941716969,-0.74,-2.18,30.88
27.114161171019077,-0.74,-2.18,30.88
27.11860255151987,-0.73,-2.18,30.88
27.123064167797565,-0.74,-2.18,30.88
27.127502966672182,-0.73,-2.18,30.88
27.13198647275567,-0.74,-2.19,30.88
27.136420778930187,-0.74,-2.18,30.88
27.1409513913095,-0.74,-2.18,30.88
27.14539225026965,-0.74,-2.18,30.88
27.14983068406582,-0.74,-2.18,30.88
27.15434157475829,-0.74,-2.19,30.88
27.158791296184063,-0.74,-2.18,30.88
27.16322561353445,-0.73,-2.19,30.88
27.16773460060358,-0.74,-2.18,30.88
27.17214760929346,-0.74,-2.19,30.88
27.176639273762703,-0.74,-2.18,30.88
27.18104236572981,-0.73,-2.19,30.88
27.185550209134817,-0.74,-2.19,30.88
27.189962949603796,-0.74,-2.19,30.88
27.19451056793332,-0.74,-2.19,30.88
27.19895887374878,-0.74,-2.19,30.88
27.203409258276224,-0.74,-2.19,30.88
27.20785055682063,-0.74,-2.19,30.88
27.212299536913633,-0.74,-2.19,30.88
27.216744732111692,-0.74,-2.19,30.88
27.221289459615946,-0.73,-2.19,30.88
27.22575491666794,-0.74,-2.19,30.88
27.23015284910798,-0.74,-2.18,30.88
27.234555281698704,-0.74,-2.19,30.88
27.239151261746883,-0.74,-2.19,30.88
27.243586905300617,-0.74,-2.19,30.88
27.248049415647984,-0.74,-2.19,30.88
27.252537447959185,-0.73,-2.19,30.88
27.256992623209953,-0.74,-2.18,30.88
27.261366579681635,-0.74,-2.18,30.88
27.265925988554955,-0.74,-2.19,30.88
27.270520750433207,-0.74,-2.18,30.88
27.27469927817583,-0.74,-2.19,30.88
27.279321312904358,-0.74,-2.19,30.88
27.283776130527258,-0.74,-2.19,30.88
27.288213286548853,-0.74,-2.18,30.88
27.292691987007856,-0.74,-2.19,30.88
27.29716617614031,-0.74,-2.19,30.88
27.301611378788948,-0.74,-2.19,30.88
27.30608894303441,-0.74,-2.19,30.88
27.31051902100444,-0.74,-2.19,30.88
27.31501342356205,-0.74,-2.18,30.88
27.319485668092966,-0.74,-2.19,30.88
27.323958098888397,-0.74,-2.19,30.88
27.328382711857557,-0.74,-2.19,30.88
27.332827799022198,-0.74,-2.19,30.88
27.337303522974253,-0.74,-2.19,30.88
27.341783817857504,-0.74,-2.19,30.88
27.346235517412424,-0.73,-2.19,30.88
27.350645385682583,-0.74,-2.19,30.88
27.35518231242895,-0.74,-2.18,30.88
27.359632324427366,-0.73,-2.18,30.88
27.364075150340796,-0.74,-2.18,30.88
27.36856857314706,-0.74,-2.18,30.88
27.373008720576763,-0.74,-2.18,30.88
27.37750008329749,-0.74,-2.18,30.88
27.381961159408092,-0.74,-2.18,30.89
27.386417854577303,-0.74,-2.19,30.88
27.39088124781847,-0.74,-2.19,30.88
27.395346332341433,-0.74,-2.18,30.88
27.399672865867615,-0.74,-2.19,30.88
27.40426677837968,-0.74,-2.19,30.88
27.4086459800601,-0.74,-2.19,30.88
27.413185581564903,-0.74,-2.19,30.88
27.417641423642635,-0.74,-2.19,30.88
27.42210939154029,-0.74,-2.19,30.88
27.42658407613635,-0.74,-2.19,30.88
27.431035093963146,-0.74,-2.19,30.88
27.43552177026868,-0.74,-2.19,30.88
27.439975414425135,-0.74,-2.19,30.88
27.444415736943483,-0.74,-2.19,30.88
27.4488179795444,-0.74,-2.19,30.88
27.45336191356182,-0.73,-2.19,30.88
27.457811065018177,-0.74,-2.19,30.88
27.46228962764144,-0.74,-2.19,30.88
27.466733776032925,-0.74,-2.19,30.88
27.471223060041666,-0.74,-2.19,30.86
27.475664548575878,-0.74,-2.19,30.92
27.48058370128274,-0.74,-2.19,30.94
27.48459756746888,-0.74,-2.19,30.94
27.48905723541975,-0.74,-2.19,30.94
27.493426509201527,-0.73,-2.19,30.95
27.498098012059927,-0.73,-2.2,30.95
27.502487514168024,-0.74,-2.19,30.95
27.50684332102537,-0.73,-2.2,30.95
27.511348761618137,-0.74,-2.2,30.96
27.515595756471157,-0.74,-2.2,30.95
27.52031920850277,-0.74,-2.2,30.95
27.524760827422142,-0.74,-2.2,30.93
27.529241524636745,-0.74,-2.2,30.89
27.533655282109976,-0.74,-2.2,30.9
27.53816433623433,-0.74,-2.2,30.91
27.542588226497173,-0.74,-2.2,30.9
27.547089025378227,-0.74,-2.2,30.9
27.551554542034864,-0.73,-2.19,30.92
27.556035343557596,-0.74,-2.19,30.91
27.56048207357526,-0.74,-2.19,30.85
27.56492219865322,-0.74,-2.2,30.86
27.569411519914865,-0.74,-2.22,30.85
27.573850326240063,-0.74,-2.22,30.85
27.57832557708025,-0.74,-2.22,30.85
27.582726433873177,-0.74,-2.22,30.86
27.587249025702477,-0.74,-2.22,30.86
27.59165668860078,-0.74,-2.22,30.86
27.596169847995043,-0.74,-2.22,30.86
27.600656129419804,-0.74,-2.22,30.87
27.605100128799677,-0.74,-2.22,30.87
27.609778128564358,-0.74,-2.22,30.85
27.6139904782176,-0.74,-2.22,30.87
27.618853736668825,-0.74,-2.22,30.85
27.622878070920706,-0.74,-2.23,30.82
27.627385832369328,-0.74,-2.23,30.86
27.631892502307892,-0.74,-2.23,30.83
27.636331718415022,-0.74,-2.22,30.9
27.640683345496655,-0.73,-2.2,30.86
27.64518701657653,-0.74,-2.18,30.91
27.649738661944866,-0.74,-2.18,30.91
27.65420823916793,-0.74,-2.18,30.91
27.65866744890809,-0.74,-2.18,30.91
27.663057290017605,-0.74,-2.18,30.91
27.667584404349327,-0.73,-2.18,30.91
27.672057427465916,-0.74,-2.18,30.91
27.67651281878352,-0.74,-2.18,30.91
27.680886313319206,-0.74,-2.18,30.91
27.685315057635307,-0.74,-2.18,30.91
27.68989985436201,-0.74,-2.18,30.91
27.69435130432248,-0.74,-2.18,30.91
27.698826618492603,-0.74,-2.18,30.91
27.703278984874487,-0.74,-2.18,30.9
27.70775332674384,-0.74,-2.18,30.91
27.712229557335377,-0.74,-2.18,30.91
27.716684628278017,-0.74,-2.18,30.91
27.721139919012785,-0.74,-2.18,30.91
27.725581411272287,-0.74,-2.18,30.91
27.730078361928463,-0.74,-2.18,30.89
27.734525427222252,-0.74,-2.18,30.88
27.739006459712982,-0.74,-2.18,30.88
27.74346410855651,-0.73,-2.18,30.88
27.74792868643999,-0.74,-2.18,30.89
27.752385403960943,-0.74,-2.18,30.91
27.756847389042377,-0.74,-2.18,30.9
27.76130760088563,-0.74,-2.18,30.88
27.765768952667713,-0.74,-2.18,30.87
27.770170476287603,-0.74,-2.18,30.87
27.77470950782299,-0.73,-2.18,30.87
27.77915246412158,-0.74,-2.18,30.87
27.783629190176725,-0.74,-2.18,30.87
27.788096386939287,-0.74,-2.18,30.87
27.792539596557617,-0.74,-2.18,30.88
27.797022569924593,-0.74,-2.18,30.89
27.801464397460222,-0.74,-2.18,30.89
27.805990152060986,-0.74,-2.18,30.89
27.81040294840932,-0.74,-2.18,30.9
27.81485515832901,-0.74,-2.18,30.91
27.819326631724834,-0.74,-2.18,30.9
27.82377351075411,-0.73,-2.18,30.89
27.828237049281597,-0.74,-2.18,30.89
27.83272409439087,-0.74,-2.18,30.87
27.837182190269232,-0.74,-2.18,30.87
27.8416303768754,-0.74,-2.18,30.89
27.84610066562891,-0.74,-2.18,30.89
27.85056136921048,-0.74,-2.19,30.88
27.855022728443146,-0.74,-2.19,30.88
27.859506212174892,-0.74,-2.19,30.87
27.863963946700096,-0.73,-2.19,30.87
27.86839086562395,-0.74,-2.19,30.88
27.872880581766367,-0.74,-2.19,30.88
27.877318788319826,-0.74,-2.19,30.87
27.88180823624134,-0.74,-2.19,30.87
27.88622396439314,-0.74,-2.19,30.88
27.890709351748228,-0.74,-2.19,30.87
27.89512289687991,-0.74,-2.19,30.87
27.89956894889474,-0.73,-2.19,30.87
27.90412739664316,-0.74,-2.19,30.88
27.908592991530895,-0.74,-2.19,30.92
27.913013014942408,-0.74,-2.19,30.92
27.917455915361643,-0.74,-2.19,30.92
27.9219452701509,-0.74,-2.19,30.92
27.926436327397823,-0.74,-2.19,30.92
27.930811569094658,-0.74,-2.19,30.92
27.9353203214705,-0.74,-2.19,30.92
27.939773313701153,-0.74,-2.19,30.92
27.944253358989954,-0.74,-2.19,30.92
27.94876093044877,-0.74,-2.19,30.92
27.953197963535786,-0.74,-2.19,30.92
27.957672253251076,-0.74,-2.19,30.89
27.962114799767733,-0.74,-2.19,30.89
27.96661166101694,-0.74,-2.19,30.89
27.97107293829322,-0.74,-2.19,30.89
27.97551767155528,-0.74,-2.19,30.89
27.979967787861824,-0.74,-2.19,30.89
27.98443928733468,-0.73,-2.19,30.89
27.988905418664217,-0.74,-2.19,30.89
27.993374720215797,-0.74,-2.19,30.9
27.997813425958157,-0.74,-2.19,30.89
28.002308327704668,-0.74,-2.19,30.9
28.006763592362404,-0.74,-2.19,30.89
28.011231116950512,-0.74,-2.19,30.9
28.015658140182495,-0.74,-2.19,30.89
28.020532447844744,-0.74,-2.19,30.9
28.024508096277714,-0.75,-2.2,30.89
28.029072485864162,-0.74,-2.19,30.88
28.033549897372723,-0.74,-2.19,30.89
28.038001403212547,-0.74,-2.19,30.89
28.042438581585884,-0.74,-2.19,30.89
28.04692904278636,-0.74,-2.19,30.88
28.051326636224985,-0.74,-2.19,30.89
28.05579711124301,-0.74,-2.19,30.88
28.060323022305965,-0.74,-2.19,30.88
28.064791660755873,-0.74,-2.19,30.89
28.069204710423946,-0.74,-2.19,30.91
28.07369566336274,-0.75,-2.19,30.91
28.078172881156206,-0.74,-2.19,30.91
28.082615673542023,-0.74,-2.19,30.88
28.08709453046322,-0.74,-2.2,30.67
28.091505203396082,-0.74,-2.21,30.63
28.095948942005634,-0.74,-2.21,30.6
28.100482121109962,-0.74,-2.21,30.61
28.10486502945423,-0.74,-2.21,30.6
28.109419472515583,-0.74,-2.21,30.58
28.113874178379774,-0.74,-2.2,30.59
28.118318494409323,-0.74,-2.2,30.59
28.122799791395664,-0.75,-2.2,30.59
28.12723906338215,-0.74,-2.2,30.58
28.131721008569002,-0.74,-2.21,30.59
28.136147491633892,-0.74,-2.21,30.59
28.14063771441579,-0.74,-2.21,30.58
28.145066019147635,-0.74,-2.21,30.58
28.14957770332694,-0.74,-2.21,30.57
28.154044914990664,-0.74,-2.21,30.57
28.15851305797696,-0.74,-2.21,30.57
28.1629083417356,-0.74,-2.21,30.56
28.16742167621851,-0.74,-2.21,30.56
28.17187724635005,-0.74,-2.21,30.56
28.176336344331503,-0.74,-2.21,30.56
28.180755529552698,-0.74,-2.22,30.56
28.185276675969362,-0.74,-2.22,30.56
28.189739502966404,-0.74,-2.22,30.56
28.19409465417266,-0.74,-2.22,30.57
28.1986042894423,-0.74,-2.22,30.56
28.20309277996421,-0.74,-2.22,30.56
28.207538791000843,-0.75,-2.22,30.56
28.212042842060328,-0.74,-2.22,30.57
28.216491796076298,-0.74,-2.22,30.57
28.22094862163067,-0.74,-2.21,30.56
28.225380565971136,-0.75,-2.21,30.58
28.229856081306934,-0.74,-2.21,30.57
28.234321258962154,-0.74,-2.21,30.57
28.238795321434736,-0.74,-2.21,30.57
28.243243601173162,-0.74,-2.22,30.57
28.24769176542759,-0.74,-2.21,30.56
28.252044931054115,-0.74,-2.22,30.56
28.25666743144393,-0.74,-2.22,30.56
28.261109825223684,-0.74,-2.22,30.56
28.265557665377855,-0.74,-2.22,30.56
28.270001251250505,-0.74,-2.23,30.56
28.2744450122118,-0.74,-2.23,30.56
28.278914585709572,-0.74,-2.22,30.56
28.28340771049261,-0.74,-2.22,30.56
28.28792005777359,-0.74,-2.22,30.56
28.292336460202932,-0.74,-2.22,30.56
28.296841636300087,-0.74,-2.23,30.55
28.30129349976778,-0.74,-2.23,30.56
28.305829666554928,-0.74,-2.23,30.56
28.31017529219389,-0.74,-2.23,30.56
28.314621929079294,-0.74,-2.23,30.56
28.319158159196377,-0.74,-2.22,30.56
28.323598865419626,-0.74,-2.22,30.56
28.328041471540928,-0.74,-2.23,30.56
28.332422215491533,-0.74,-2.23,30.56
28.33687999099493,-0.74,-2.22,30.56
28.341466180980206,-0.75,-2.23,30.56
28.34590745717287,-0.74,-2.23,30.55
28.35035862773657,-0.74,-2.23,30.56
28.35483730584383,-0.74,-2.23,30.55
28.359271846711636,-0.74,-2.23,30.56
28.3637856207788,-0.74,-2.23,30.56
28.368224162608385,-0.74,-2.22,30.55
28.372661229223013,-0.74,-2.23,30.54
28.377147503197193,-0.75,-2.23,30.5
28.381592009216547,-0.74,-2.22,30.48
28.386087767779827,-0.74,-2.22,30.48
28.390565395355225,-0.74,-2.22,30.48
28.39502428472042,-0.74,-2.22,30.51
28.399487521499395,-0.74,-2.21,30.48
28.40392702817917,-0.75,-2.2,30.5
28.408348966389894,-0.75,-2.21,30.48
28.412849251180887,-0.74,-2.2,30.48
28.417325604707003,-0.74,-2.21,30.48
28.42179275304079,-0.74,-2.21,30.49
28.426250260323286,-0.74,-2.2,30.48
28.43071347475052,-0.74,-2.2,30.47
28.435160119086504,-0.74,-2.2,30.44
28.439604379236698,-0.74,-2.2,30.45
28.44407683983445,-0.74,-2.2,30.45
28.448535080999136,-0.74,-2.2,30.44
28.453033950179815,-0.74,-2.2,30.46
28.457488048821688,-0.74,-2.2,30.46
28.461959030479193,-0.74,-2.2,30.48
28.4664272852242,-0.75,-2.2,30.48
28.470892306417227,-0.74,-2.2,30.48
28.47535127028823,-0.74,-2.2,30.48
28.479778543114662,-0.74,-2.2,30.47
28.484225317835808,-0.74,-2.2,30.47
28.488841466605663,-0.74,-2.2,30.47
28.493194449692965,-0.74,-2.2,30.47
28.497589770704508,-0.74,-2.2,30.47
28.502107486128807,-0.74,-2.2,30.47
28.506493262946606,-0.74,-2.2,30.47
28.511018928140402,-0.74,-2.2,30.47
28.515511237084866,-0.74,-2.2,30.47
28.519961189478636,-0.74,-2.2,30.47
28.524432104080915,-0.74,-2.2,30.47
28.528893169015646,-0.74,-2.2,30.47
28.533293671905994,-0.74,-2.2,30.47
28.53782171756029,-0.74,-2.2,30.47
28.542268194258213,-0.74,-2.2,30.47
28.54672274366021,-0.74,-2.2,30.47
28.551195856183767,-0.74,-2.2,30.46
28.555550407618284,-0.74,-2.2,30.47
28.560138303786516,-0.74,-2.19,30.49
28.564578033983707,-0.74,-2.19,30.5
28.56906408816576,-0.74,-2.19,30.5
28.573519699275494,-0.74,-2.19,30.5
28.577916525304317,-0.74,-2.19,30.5
28.582445692270994,-0.74,-2.19,30.5
28.586858924478292,-0.73,-2.19,30.51
28.591264747083187,-0.74,-2.19,30.46
28.595816116780043,-0.74,-2.19,30.48
28.600313927978277,-0.74,-2.19,30.48
28.6047596745193,-0.74,-2.19,30.48
28.609234623610973,-0.74,-2.19,30.48
28.613672718405724,-0.74,-2.19,30.48
28.618147753179073,-0.74,-2.18,30.48
28.622536912560463,-0.73,-2.18,30.48
28.627044543623924,-0.74,-2.18,30.48
28.63146259635687,-0.74,-2.18,30.48
28.635954286903143,-0.74,-2.18,30.48
28.64033802971244,-0.74,-2.18,30.48
28.644762940704823,-0.74,-2.18,30.48
28.649379644542933,-0.74,-2.18,30.48
28.65382707118988,-0.74,-2.18,30.47
28.658273819833994,-0.74,-2.18,30.48
28.662723649293184,-0.74,-2.18,30.48
28.667241621762514,-0.74,-2.18,30.47
28.67170039191842,-0.74,-2.18,30.47
28.676091209053993,-0.74,-2.18,30.47
28.680509984493256,-0.74,-2.18,30.47
28.68498234078288,-0.74,-2.18,30.47
28.689565680921078,-0.74,-2.18,30.47
28.6940041705966,-0.74,-2.18,30.46
28.698447603732347,-0.74,-2.18,30.46
28.70295511186123,-0.74,-2.18,30.46
28.707390561699867,-0.74,-2.18,30.46
28.71182206645608,-0.74,-2.18,30.45
28.716347575187683,-0.74,-2.18,30.46
28.720778722316027,-0.74,-2.18,30.46
28.725147657096386,-0.74,-2.18,30.46
28.729703929275274,-0.74,-2.18,30.46
28.73418254777789,-0.74,-2.18,30.46
28.738632522523403,-0.74,-2.18,30.46
28.743090607225895,-0.74,-2.17,30.46
28.74756148084998,-0.74,-2.18,30.47
28.75202849879861,-0.74,-2.18,30.48
28.75650490820408,-0.74,-2.18,30.47
28.76093155518174,-0.74,-2.18,30.47
28.76538798585534,-0.74,-2.18,30.47
28.769887037575245,-0.74,-2.18,30.47
28.7742169611156,-0.74,-2.18,30.47
28.778808277100325,-0.74,-2.18,30.46
28.783254574984312,-0.74,-2.18,30.49
28.787927959114313,-0.74,-2.18,30.48
28.79213908687234,-0.73,-2.17,30.47
28.796589124947786,-0.74,-2.18,30.46
28.80108055099845,-0.74,-2.17,30.45
28.80559318885207,-0.73,-2.18,30.45
28.81003723666072,-0.74,-2.18,30.44
28.81443713605404,-0.74,-2.18,30.44
28.818877559155226,-0.74,-2.18,30.44
28.823428966104984,-0.74,-2.18,30.44
28.82790956273675,-0.74,-2.18,30.43
28.832357954233885,-0.74,-2.18,30.43
28.836792841553688,-0.73,-2.18,30.43
28.841278735548258,-0.74,-2.18,30.43
28.845685984939337,-0.74,-2.18,30.45
28.850202061235905,-0.73,-2.18,30.45
28.85463261976838,-0.74,-2.18,30.47
28.859014961868525,-0.74,-2.18,30.47
28.863607708364725,-0.74,-2.17,30.47
28.86806708574295,-0.74,-2.17,30.47
28.872494526207447,-0.74,-2.18,30.46
28.876947782933712,-0.74,-2.17,30.48
28.881418112665415,-0.74,-2.17,30.48
28.885903049260378,-0.73,-2.17,30.48
28.890386380255222,-0.74,-2.17,30.48
28.89480258896947,-0.74,-2.17,30.48
28.899273078888655,-0.74,-2.18,30.48
28.90373931080103,-0.74,-2.18,30.48
28.908234737813473,-0.74,-2.17,30.48
28.9126713052392,-0.74,-2.18,30.48
28.917122416198254,-0.74,-2.18,30.48
28.921629391610622,-0.74,-2.18,30.47
28.926036082208157,-0.74,-2.18,30.47
28.93052540719509,-0.73,-2.18,30.48
28.93497370555997,-0.74,-2.18,30.47
28.93944936618209,-0.74,-2.18,30.47
28.94392068684101,-0.74,-2.18,30.47
28.948282077908516,-0.73,-2.18,30.48
28.952856793999672,-0.74,-2.18,30.47
28.95733681693673,-0.73,-2.18,30.47
28.961794290691614,-0.74,-2.18,30.47
28.966256521642208,-0.74,-2.18,30.47
28.970633663237095,-0.73,-2.18,30.47
28.975177504122257,-0.74,-2.18,30.47
28.979624912142754,-0.74,-2.18,30.47
28.984107669442892,-0.74,-2.18,30.47
28.988446179777384,-0.74,-2.18,30.47
28.993030063807964,-0.74,-2.18,30.47
28.997484736144543,-0.74,-2.18,30.47
29.001949943602085,-0.74,-2.18,30.47
29.00636886432767,-0.74,-2.18,30.47
29.010812640190125,-0.74,-2.18,30.47
29.015290837734938,-0.74,-2.18,30.47
29.0197971239686,-0.74,-2.18,30.47
29.02423321083188,-0.74,-2.18,30.47
29.02869140729308,-0.74,-2.18,30.47
29.03317504748702,-0.74,-2.18,30.47
29.037630524486303,-0.74,-2.18,30.47
29.042105551809072,-0.74,-2.18,30.47
29.04656260088086,-0.74,-2.18,30.47
29.05104087293148,-0.73,-2.18,30.47
29.055469281971455,-0.74,-2.18,30.47
29.059945080429316,-0.74,-2.18,30.47
29.064357805997133,-0.74,-2.18,30.46
29.068898860365152,-0.74,-2.18,30.47
29.07333391159773,-0.74,-2.18,30.47
29.07765955850482,-0.74,-2.18,30.47
29.082273360341787,-0.74,-2.18,30.47
29.086739853024483,-0.74,-2.18,30.47
29.0911932811141,-0.74,-2.18,30.47
29.095618437975645,-0.74,-2.17,30.47
29.100072868168354,-0.74,-2.17,30.47
29.104556519538164,-0.74,-2.18,30.47
29.10899917781353,-0.74,-2.19,30.33
29.113430101424456,-0.74,-2.2,30.36
29.117835879325867,-0.74,-2.21,30.36
29.12241245061159,-0.73,-2.21,30.37
29.12690008059144,-0.74,-2.21,30.37
29.131341565400362,-0.74,-2.2,30.37
29.135822769254446,-0.73,-2.21,30.37
29.140267807990313,-0.74,-2.2,30.37
29.144736658781767,-0.74,-2.2,30.37
29.149195443838835,-0.74,-2.2,30.37
29.153627529740334,-0.73,-2.21,30.38
29.158100597560406,-0.74,-2.2,30.38
29.162487473338842,-0.74,-2.2,30.38
29.166904009878635,-0.74,-2.21,30.38
29.171530086547136,-0.74,-2.2,30.38
29.17598421126604,-0.74,-2.2,30.38
29.180447068065405,-0.74,-2.2,30.38
29.184899050742388,-0.74,-2.2,30.38
29.189302664250135,-0.74,-2.2,30.38
29.19375539943576,-0.74,-2.2,30.38
29.198245860636234,-0.74,-2.2,30.38
29.202743519097567,-0.74,-2.2,30.38
29.207092557102442,-0.74,-2.2,30.38
29.2116668112576,-0.74,-2.2,30.38
29.216148409992456,-0.74,-2.2,30.38
29.220596384257078,-0.74,-2.2,30.38
29.22506747022271,-0.74,-2.2,30.38
29.229481775313616,-0.73,-2.2,30.38
29.233923498541117,-0.74,-2.2,30.38
29.23846523463726,-0.74,-2.2,30.38
29.242866460233927,-0.74,-2.2,30.39
29.24738984182477,-0.74,-2.2,30.38
29.251799125224352,-0.73,-2.2,30.38
29.256227653473616,-0.74,-2.2,30.38
29.26076690852642,-0.74,-2.2,30.39
29.26521721854806,-0.73,-2.2,30.38
29.269666008651257,-0.74,-2.19,30.38
29.27416455000639,-0.74,-2.2,30.38
29.278546571731567,-0.74,-2.2,30.38
29.283114176243544,-0.74,-2.2,30.39
29.28743588924408,-0.74,-2.2,30.39
29.291894122958183,-0.74,-2.2,30.39
29.29647010192275,-0.73,-2.2,30.39
29.30095023661852,-0.74,-2.19,30.39
29.305409863591194,-0.74,-2.19,30.39
29.30985575169325,-0.74,-2.19,30.39
29.31432742625475,-0.74,-2.19,30.38
29.318772949278355,-0.74,-2.2,30.39
29.323180314153433,-0.74,-2.2,30.38
29.328190837055445,-0.74,-2.2,30.39
29.332109536975622,-0.74,-2.2,30.39
29.336632415652275,-0.73,-2.2,30.39
29.341028816998005,-0.74,-2.19,30.39
29.34556821361184,-0.74,-2.19,30.39
29.35003737732768,-0.74,-2.2,30.39
29.3544911891222,-0.74,-2.2,30.39
29.35890755802393,-0.74,-2.2,30.39
29.36342080682516,-0.74,-2.2,30.39
29.367843601852655,-0.74,-2.2,30.39
29.37224416807294,-0.74,-2.2,30.39
29.37678788974881,-0.74,-2.2,30.39
29.38125115633011,-0.74,-2.2,30.39
29.385719660669565,-0.73,-2.2,30.39
29.390191707760096,-0.74,-2.2,30.39
29.394638273864985,-0.73,-2.2,30.39
29.399085354059935,-0.73,-2.19,30.39
29.403581902384758,-0.74,-2.2,30.39
29.408025339245796,-0.74,-2.2,30.39
29.412495780736208,-0.74,-2.2,30.39
29.416899878531694,-0.74,-2.2,30.39
29.421441216021776,-0.74,-2.2,30.39
29.42586999759078,-0.74,-2.2,30.39
29.430366810411215,-0.74,-2.2,30.39
29.43481780588627,-0.74,-2.2,30.39
29.439260859042406,-0.74,-2.2,30.39
29.443748589605093,-0.74,-2.2,30.39
29.448146805167198,-0.74,-2.2,30.39
29.452629681676626,-0.73,-2.2,30.39
29.457038160413504,-0.74,-2.2,30.39
29.461525462567806,-0.73,-2.2,30.39
29.465961258858442,-0.74,-2.2,30.39
29.470378037542105,-0.73,-2.2,30.4
29.474980652332306,-0.74,-2.2,30.39
29.47943940013647,-0.74,-2.19,30.39
29.483885928988457,-0.74,-2.2,30.39
29.488358698785305,-0.74,-2.19,30.39
29.492823127657175,-0.74,-2.2,30.39
29.49722457304597,-0.73,-2.19,30.4
29.501762434840202,-0.74,-2.2,30.4
29.50618875399232,-0.74,-2.2,30.4
29.510641120374203,-0.73,-2.2,30.39
29.515060428529978,-0.74,-2.2,30.4
29.519613724201918,-0.74,-2.2,30.4
29.52406594529748,-0.73,-2.2,30.4
29.52853099629283,-0.73,-2.2,30.4
29.53295089304447,-0.74,-2.2,30.4
29.537444427609444,-0.73,-2.2,30.4
29.541910383850336,-0.74,-2.2,30.4
29.546324383467436,-0.74,-2.2,30.4
29.550746120512486,-0.74,-2.2,30.4
29.555250741541386,-0.74,-2.2,30.4
29.559745844453573,-0.74,-2.2,30.4
29.56423579901457,-0.74,-2.2,30.4
29.568688593804836,-0.74,-2.2,30.4
29.57316044345498,-0.74,-2.2,30.4
29.577577278017998,-0.74,-2.2,30.4
29.582082513719797,-0.73,-2.2,30.4
29.5865480825305,-0.73,-2.2,30.4
29.591006264090538,-0.74,-2.2,30.4
29.595454264432192,-0.74,-2.2,30.4
29.59994186460972,-0.74,-2.2,30.4
29.604329951107502,-0.74,-2.2,30.4
29.608859315514565,-0.74,-2.2,30.4
29.613305807113647,-0.73,-2.2,30.4
29.617774192243814,-0.74,-2.2,30.4
29.622231483459473,-0.74,-2.2,30.4
29.626644376665354,-0.74,-2.2,30.4
29.63109976798296,-0.74,-2.2,30.4
29.635617278516293,-0.74,-2.2,30.4
29.64002526178956,-0.74,-2.2,30.4
29.64455458149314,-0.74,-2.2,30.4
29.648924093693495,-0.74,-2.2,30.4
29.653487633913755,-0.74,-2.2,30.4
29.657943189144135,-0.74,-2.2,30.4
29.662414755672216,-0.74,-2.2,30.4
29.666849676519632,-0.74,-2.2,30.4
29.671287178993225,-0.74,-2.2,30.4
29.67580770328641,-0.74,-2.2,30.4
29.68017626926303,-0.74,-2.2,30.4
29.68461860716343,-0.74,-2.2,30.4
29.689069904386997,-0.74,-2.2,30.4
29.69348879531026,-0.74,-2.2,30.4
29.698125399649143,-0.74,-2.2,30.4
29.702588878571987,-0.74,-2.2,30.41
29.70701264590025,-0.74,-2.2,30.41
29.711437556892633,-0.74,-2.2,30.41
29.715931054204702,-0.74,-2.2,30.41
29.720353685319424,-0.74,-2.2,30.41
29.724817235022783,-0.74,-2.2,30.4
29.729255247861147,-0.73,-2.2,30.41
29.73381406441331,-0.74,-2.2,30.41
29.738287147134542,-0.74,-2.2,30.41
29.742729254066944,-0.74,-2.2,30.4
29.747203644365072,-0.74,-2.2,30.4
29.751617804169655,-0.74,-2.2,30.41
29.756129879504442,-0.74,-2.2,30.41
29.760599575936794,-0.74,-2.2,30.41
29.765055760741234,-0.74,-2.2,30.41
29.769491843879223,-0.74,-2.2,30.4
29.77394114807248,-0.74,-2.2,30.41
29.778432842344046,-0.73,-2.2,30.41
29.78291318938136,-0.74,-2.2,30.41
29.787359580397606,-0.74,-2.2,30.41
29.791841447353363,-0.74,-2.2,30.41
29.796265304088593,-0.74,-2.2,30.41
29.800747636705637,-0.74,-2.2,30.41
29.805199526250362,-0.74,-2.2,30.41
29.809639528393745,-0.74,-2.2,30.41
29.814026180654764,-0.74,-2.2,30.41
29.818535029888153,-0.74,-2.2,30.4
29.822950396686792,-0.74,-2.2,30.4
29.827530290931463,-0.74,-2.2,30.41
29.831978373229504,-0.74,-2.2,30.41
29.836452070623636,-0.74,-2.2,30.41
29.84092551097274,-0.74,-2.2,30.4
29.84537050500512,-0.74,-2.2,30.41
29.849844466894865,-0.74,-2.2,30.41
29.85419938713312,-0.74,-2.2,30.39
29.858699321746826,-0.74,-2.21,30.4
29.863208070397377,-0.74,-2.23,30.38
29.867692556232214,-0.74,-2.23,30.37
29.872155878692865,-0.74,-2.23,30.37
29.876600995659828,-0.74,-2.23,30.38
29.881086252629757,-0.73,-2.23,30.38
29.88551941141486,-0.74,-2.23,30.38
29.890003126114607,-0.74,-2.23,30.38
29.894464679062366,-0.74,-2.23,30.38
29.898899260908365,-0.74,-2.23,30.38
29.903276443481445,-0.74,-2.23,30.38
29.90774380415678,-0.74,-2.23,30.38
29.912330575287342,-0.74,-2.23,30.39
29.916799407452345,-0.74,-2.23,30.39
29.921239908784628,-0.74,-2.24,30.39
29.925713136792183,-0.74,-2.23,30.39
29.930135272443295,-0.74,-2.23,30.39
29.934623204171658,-0.74,-2.24,30.39
29.939085587859154,-0.74,-2.24,30.39
29.943512573838234,-0.74,-2.23,30.39
29.947889130562544,-0.74,-2.24,30.39
29.95251251384616,-0.74,-2.24,30.39
29.95695048943162,-0.74,-2.24,30.39
29.96140206977725,-0.74,-2.24,30.39
29.965844351798296,-0.74,-2.24,30.39
29.970339726656675,-0.74,-2.23,30.39
29.974765371531248,-0.74,-2.24,30.39
29.97921545431018,-0.74,-2.23,30.39
29.983688361942768,-0.74,-2.24,30.39
29.988201957195997,-0.74,-2.23,30.39
29.99262862280011,-0.74,-2.23,30.39
29.997117828577757,-0.74,-2.23,30.39
30.001580078154802,-0.74,-2.24,30.39
30.006022714078426,-0.74,-2.24,30.39
30.010502457618713,-0.74,-2.23,30.39
30.014914762228727,-0.74,-2.24,30.39
30.01942018046975,-0.74,-2.24,30.39
30.023887243121862,-0.74,-2.24,30.4
30.028315972536802,-0.74,-2.23,30.39
30.032696317881346,-0.74,-2.23,30.4
30.03717326000333,-0.74,-2.24,30.4
30.041653733700514,-0.74,-2.24,30.4
30.046204660087824,-0.74,-2.24,30.4
30.050648987293243,-0.74,-2.23,30.4
30.05512113124132,-0.74,-2.24,30.4
30.059538025408983,-0.74,-2.24,30.39
30.064016979187727,-0.74,-2.24,30.39
30.06850791722536,-0.74,-2.24,30.42
30.072894640266895,-0.74,-2.22,30.38
30.07742165774107,-0.74,-2.2,30.43
30.081896301358938,-0.73,-2.2,30.43
30.086355566978455,-0.74,-2.2,30.43
30.090825967490673,-0.74,-2.2,30.43
30.095276948064566,-0.74,-2.2,30.42
30.099758628755808,-0.73,-2.2,30.43
30.1042099557817,-0.74,-2.2,30.43
30.108633641153574,-0.74,-2.2,30.43
30.11314133554697,-0.74,-2.2,30.43
30.117603354156017,-0.74,-2.2,30.43
30.122474256902933,-0.74,-2.2,30.43
30.12640744820237,-0.74,-2.2,30.43
30.131000861525536,-0.74,-2.2,30.43
30.135453332215548,-0.74,-2.2,30.43
30.13991716131568,-0.74,-2.2,30.43
30.1443772315979,-0.73,-2.2,30.42
30.148802895098925,-0.74,-2.2,30.43
30.153278570622206,-0.74,-2.2,30.44
30.15773556008935,-0.74,-2.2,30.43
30.162152513861656,-0.74,-2.2,30.43
30.16665366664529,-0.74,-2.2,30.43
30.171161122620106,-0.74,-2.2,30.42
30.17562834173441,-0.74,-2.19,30.42
30.180075965821743,-0.74,-2.19,30.42
30.184549417346716,-0.74,-2.19,30.42
30.18931855633855,-0.74,-2.2,30.42
30.193460930138826,-0.74,-2.2,30.42
30.19785627350211,-0.74,-2.2,30.42
30.2024036757648,-0.74,-2.2,30.43
30.206735238432884,-0.74,-2.2,30.42
30.211293656378984,-0.74,-2.2,30.43
30.2157809920609,-0.74,-2.2,30.42
30.22025180608034,-0.74,-2.2,30.42
30.22470783814788,-0.74,-2.2,30.42
30.22913735359907,-0.74,-2.2,30.42
30.23357980698347,-0.74,-2.2,30.42
30.23802862688899,-0.74,-2.2,30.42
30.24246920272708,-0.74,-2.2,30.42
30.246997348964214,-0.74,-2.2,30.42
30.251500442624092,-0.74,-2.2,30.42
30.255913857370615,-0.74,-2.19,30.41
30.260406333953142,-0.74,-2.2,30.42
30.264871776103973,-0.74,-2.2,30.41
30.269330598413944,-0.74,-2.2,30.42
30.27376076951623,-0.74,-2.2,30.41
30.278226535767317,-0.74,-2.19,30.42
30.282729268074036,-0.74,-2.19,30.41
30.287170637398958,-0.74,-2.19,30.41
30.2916381880641,-0.74,-2.19,30.41
30.29606019705534,-0.73,-2.19,30.41
30.30055022984743,-0.74,-2.19,30.41
30.305012185126543,-0.74,-2.19,30.42
30.309509206563234,-0.74,-2.19,30.41
30.313954301178455,-0.74,-2.19,30.42
30.318429462611675,-0.74,-2.19,30.41
30.322877395898104,-0.74,-2.2,30.41
30.3272776119411,-0.74,-2.19,30.42
30.331804368644953,-0.74,-2.19,30.42
30.336274091154337,-0.74,-2.19,30.42
30.340723421424627,-0.74,-2.2,30.41
30.34510464221239,-0.74,-2.19,30.42
30.349678684026003,-0.74,-2.19,30.41
30.35411697626114,-0.74,-2.2,30.41
30.358562394976616,-0.74,-2.19,30.41
30.363006982952356,-0.74,-2.19,30.41
30.36748129874468,-0.74,-2.2,30.41
30.37197295576334,-0.74,-2.2,30.41
30.37634365260601,-0.74,-2.19,30.42
30.380906250327826,-0.74,-2.2,30.41
30.385371085256338,-0.74,-2.2,30.41
30.389853484928608,-0.74,-2.2,30.41
30.39429285377264,-0.74,-2.2,30.41
30.39873956516385,-0.74,-2.19,30.41
30.403222743421793,-0.74,-2.2,30.41
30.407651711255312,-0.74,-2.2,30.42
30.412105325609446,-0.74,-2.2,30.41
30.416615169495344,-0.74,-2.2,30.41
30.42106105387211,-0.74,-2.2,30.42
30.42549392953515,-0.74,-2.2,30.41
30.429940346628428,-0.74,-2.2,30.41
30.434454526752234,-0.74,-2.19,30.42
30.438918702304363,-0.74,-2.2,30.42
30.443395100533962,-0.74,-2.2,30.42
30.447845973074436,-0.74,-2.19,30.42
30.45230460166931,-0.74,-2.2,30.42
30.45675878226757,-0.74,-2.2,30.41
30.46122792735696,-0.74,-2.19,30.42
30.46558355540037,-0.74,-2.19,30.41
30.470076732337475,-0.74,-2.19,30.41
30.474600419402122,-0.74,-2.19,30.41
30.479073341935873,-0.74,-2.19,30.41
30.483544565737247,-0.74,-2.19,30.41
30.487988986074924,-0.74,-2.19,30.41
30.492473021149635,-0.74,-2.19,30.41
30.496899116784334,-0.74,-2.19,30.41
30.501402843743563,-0.74,-2.19,30.41
30.505820393562317,-0.74,-2.2,30.41
30.510306522250175,-0.74,-2.19,30.41
30.514732770621777,-0.74,-2.19,30.42
30.519236877560616,-0.74,-2.19,30.42
30.523690927773714,-0.74,-2.19,30.41
30.52816751971841,-0.74,-2.19,30.41
30.5326165035367,-0.74,-2.19,30.41
30.53710015490651,-0.74,-2.19,30.42
30.541525457054377,-0.74,-2.19,30.42
30.54600626602769,-0.74,-2.19,30.42
30.5504642277956,-0.74,-2.19,30.42
30.55493215098977,-0.74,-2.19,30.42
30.559317633509636,-0.74,-2.19,30.42
30.563722800463438,-0.74,-2.19,30.42
30.5683377943933,-0.74,-2.19,30.42
30.57279558852315,-0.74,-2.19,30.42
30.57722806558013,-0.74,-2.19,30.42
30.581673968583345,-0.74,-2.19,30.41
30.586124446243048,-0.74,-2.19,30.42
30.590651113539934,-0.74,-2.19,30.42
30.59507479891181,-0.74,-2.19,30.42
30.599583387374878,-0.74,-2.19,30.41
30.603902868926525,-0.74,-2.19,30.41
30.608490977436304,-0.74,-2.19,30.42
30.61294173076749,-0.74,-2.19,30.42
30.61740854755044,-0.74,-2.19,30.42
30.621886391192675,-0.74,-2.19,30.42
30.626342851668596,-0.74,-2.19,30.42
30.630749735981226,-0.73,-2.19,30.42
30.635543290525675,-0.74,-2.19,30.41
30.639667596668005,-0.74,-2.19,30.41
30.644127443432808,-0.73,-2.19,30.42
30.64860586076975,-0.74,-2.19,30.41
30.653025668114424,-0.74,-2.19,30.42
30.65758563950658,-0.74,-2.19,30.42
30.662030685693026,-0.74,-2.19,30.42
30.66650940105319,-0.74,-2.19,30.42
30.6709713190794,-0.73,-2.19,30.42
30.675427671521902,-0.74,-2.19,30.42
30.679892223328352,-0.74,-2.19,30.42
30.68434476852417,-0.74,-2.19,30.42
30.68875900655985,-0.74,-2.19,30.42
30.69326340779662,-0.73,-2.19,30.42
30.697750434279442,-0.74,-2.19,30.42
30.702209014445543,-0.74,-2.19,30.42
30.70667427405715,-0.74,-2.19,30.42
30.711132541298866,-0.74,-2.19,30.42
30.715551417320967,-0.74,-2.19,30.42
30.720045533031225,-0.74,-2.19,30.42
30.724475607275963,-0.74,-2.19,30.42
30.728977397084236,-0.74,-2.19,30.42
30.733432229608297,-0.74,-2.19,30.42
30.73788522928953,-0.74,-2.19,30.42
30.742388736456633,-0.74,-2.19,30.42
30.746830090880394,-0.74,-2.19,30.42
30.75127937272191,-0.74,-2.19,30.42
30.75575180351734,-0.74,-2.19,30.42
30.760169200599194,-0.74,-2.19,30.42
30.764683987945318,-0.74,-2.19,30.42
30.76915843784809,-0.74,-2.19,30.42
30.77351812273264,-0.74,-2.19,30.42
30.778072766959667,-0.74,-2.19,30.42
30.7824253924191,-0.73,-2.19,30.42
30.78689483180642,-0.74,-2.19,30.42
30.79145823791623,-0.74,-2.19,30.42
30.795925125479698,-0.74,-2.19,30.42
30.800379034131765,-0.74,-2.19,30.42
30.80483851954341,-0.74,-2.19,30.42
30.8092933408916,-0.74,-2.19,30.42
30.813772819936275,-0.73,-2.19,30.42
30.81820847839117,-0.74,-2.19,30.42
30.822703432291746,-0.74,-2.19,30.42
30.82712534442544,-0.74,-2.19,30.42
30.8316045217216,-0.73,-2.19,30.42
30.83607765287161,-0.74,-2.19,30.42
30.840525314211845,-0.74,-2.19,30.42
30.84499864652753,-0.74,-2.19,30.42
30.84943349659443,-0.74,-2.19,30.42
30.85393039509654,-0.74,-2.19,30.42
30.85838170722127,-0.74,-2.19,30.42
30.86286699399352,-0.73,-2.19,30.42
30.86731332540512,-0.74,-2.19,30.42
30.871751330792904,-0.74,-2.19,30.42
30.87625528126955,-0.74,-2.19,30.42
30.880705174058676,-0.73,-2.19,30.42
30.885147895663977,-0.73,-2.19,30.42
30.889593828469515,-0.74,-2.19,30.42
30.894095335155725,-0.74,-2.19,30.42
30.898483883589506,-0.74,-2.19,30.42
30.902925863862038,-0.73,-2.19,30.42
30.907491467893124,-0.74,-2.19,30.42
30.911894522607327,-0.74,-2.19,30.42
30.916348461061716,-0.74,-2.19,30.41
30.920876409858465,-0.74,-2.19,30.42
30.925327446311712,-0.74,-2.19,30.42
30.92976864427328,-0.74,-2.19,30.42
30.934216924011707,-0.74,-2.19,30.41
30.93872832506895,-0.74,-2.19,30.42
30.943156085908413,-0.74,-2.19,30.41
30.9475780390203,-0.73,-2.18,30.42
30.95207656174898,-0.74,-2.19,30.42
30.956521961838007,-0.74,-2.19,30.43
30.960988357663155,-0.74,-2.2,30.43
30.965503621846437,-0.74,-2.19,30.43
30.969947267323732,-0.74,-2.19,30.42
30.97439379617572,-0.74,-2.19,30.42
30.978870954364538,-0.74,-2.19,30.42
30.98329534754157,-0.74,-2.19,30.42
30.987813394516706,-0.74,-2.19,30.42
30.99220435321331,-0.74,-2.19,30.42
30.996736120432615,-0.74,-2.19,30.42
31.001064140349627,-0.74,-2.19,30.42
31.00555418431759,-0.74,-2.19,30.42
31.010124374181032,-0.74,-2.19,30.42
31.014571841806173,-0.74,-2.19,30.42
31.019016329199076,-0.74,-2.19,30.42
31.023505948483944,-0.74,-2.19,30.42
31.027939558029175,-0.74,-2.19,30.42
31.032926455140114,-0.74,-2.19,30.43
31.036838110536337,-0.74,-2.19,30.42
31.04137348756194,-0.74,-2.19,30.42
31.04578834027052,-0.73,-2.19,30.41
31.05017176643014,-0.74,-2.19,30.42
31.054752063006163,-0.74,-2.19,30.43
31.059210177510977,-0.74,-2.19,30.41
31.063643720000982,-0.74,-2.19,30.42
31.06808966770768,-0.74,-2.19,30.42
31.07253510504961,-0.74,-2.19,30.42
31.077058397233486,-0.74,-2.19,30.43
31.081467650830746,-0.74,-2.19,30.42
31.085994958877563,-0.74,-2.19,30.42
31.090451650321484,-0.74,-2.19,30.42
31.094830323010683,-0.74,-2.19,30.42
31.09939470514655,-0.74,-2.19,30.42
31.10384375602007,-0.74,-2.19,30.42
31.108297664672136,-0.73,-2.19,30.42
31.11275888979435,-0.74,-2.19,30.42
31.11714854091406,-0.74,-2.19,30.42
31.121693141758442,-0.73,-2.19,30.42
31.126121379435062,-0.74,-2.19,30.42
31.13060148432851,-0.73,-2.19,30.42
31.13508054986596,-0.74,-2.19,30.42
31.139461290091276,-0.74,-2.19,30.42
31.144005857408047,-0.73,-2.19,30.42
31.148467902094126,-0.73,-2.19,30.42
31.15314370393753,-0.74,-2.19,30.42
31.15737049654126,-0.73,-2.19,30.41
31.16181720048189,-0.74,-2.19,30.43
31.166274677962065,-0.74,-2.19,30.42
31.17079210653901,-0.74,-2.19,30.43
31.17525238543749,-0.73,-2.19,30.42
31.179719038307667,-0.74,-2.19,30.42
31.184172552078962,-0.74,-2.19,30.42
31.188614793121815,-0.74,-2.19,30.42
31.193101543933153,-0.74,-2.19,30.42
31.19753734767437,-0.74,-2.19,30.42
31.20200490951538,-0.74,-2.19,30.42
31.20641642063856,-0.73,-2.19,30.42
31.210846859961748,-0.73,-2.19,30.42
31.21529619768262,-0.73,-2.19,30.42
31.21972693502903,-0.74,-2.19,30.42
31.22431967779994,-0.74,-2.19,30.42
31.22879868745804,-0.74,-2.19,30.42
31.233249600976706,-0.74,-2.19,30.42
31.23768761008978,-0.74,-2.19,30.42
31.242133390158415,-0.74,-2.19,30.42
31.24659478291869,-0.74,-2.19,30.42
31.251111283898354,-0.74,-2.19,30.42
31.25556766986847,-0.73,-2.19,30.42
31.260035134851933,-0.74,-2.19,30.42
31.26447458937764,-0.74,-2.19,30.43
31.268926836550236,-0.74,-2.19,30.42
31.273421987891197,-0.74,-2.19,30.43
31.27786384150386,-0.74,-2.19,30.42
31.28230905160308,-0.74,-2.19,30.43
31.28678121417761,-0.73,-2.19,30.42
31.29124090448022,-0.73,-2.19,30.43
31.29564430192113,-0.74,-2.19,30.42
31.30019499734044,-0.73,-2.18,30.42
31.30461622774601,-0.74,-2.19,30.43
31.30913446098566,-0.73,-2.19,30.42
31.313518568873405,-0.74,-2.19,30.43
31.31804606691003,-0.74,-2.19,30.42
31.32248806580901,-0.74,-2.19,30.42
31.326928589493036,-0.74,-2.19,30.42
31.33144176378846,-0.74,-2.19,30.43
31.335900247097015,-0.74,-2.19,30.42
31.34035098180175,-0.73,-2.18,30.42
31.344786066561937,-0.73,-2.19,30.42
31.349246498197317,-0.73,-2.19,30.42
31.35370248928666,-0.73,-2.18,30.42
31.35822594538331,-0.74,-2.18,30.42
31.362666610628366,-0.74,-2.18,30.42
31.367132380604744,-0.74,-2.18,30.42
31.371594946831465,-0.73,-2.18,30.42
31.375997845083475,-0.74,-2.19,30.42
31.38050452247262,-0.74,-2.18,30.42
31.384980909526348,-0.74,-2.18,30.42
31.389429092407227,-0.74,-2.18,30.42
31.393869031220675,-0.74,-2.18,30.42
31.39827809110284,-0.74,-2.18,30.42
31.402844347059727,-0.74,-2.18,30.42
31.407304864376783,-0.73,-2.18,30.42
31.411734249442816,-0.74,-2.18,30.42
31.4162205606699,-0.74,-2.18,30.42
31.42069997638464,-0.74,-2.18,30.42
31.425144087523222,-0.74,-2.18,30.42
31.429507449269295,-0.74,-2.18,30.42
31.433994736522436,-0.73,-2.18,30.42
31.438408318907022,-0.74,-2.18,30.42
31.442953370511532,-0.74,-2.18,30.42
31.447462383657694,-0.74,-2.18,30.42
31.45192214101553,-0.73,-2.18,30.42
31.456374008208513,-0.74,-2.18,30.42
31.460795935243368,-0.74,-2.18,30.42
31.465241882950068,-0.74,-2.18,30.42
31.469697184860706,-0.74,-2.18,30.42
31.47469510883093,-0.73,-2.18,30.42
31.47861609607935,-0.74,-2.18,30.42
31.48317963257432,-0.73,-2.18,30.42
31.487578328698874,-0.74,-2.18,30.42
31.492086824029684,-0.74,-2.18,30.42
31.49654931947589,-0.73,-2.18,30.42
31.500976782292128,-0.73,-2.18,30.42
31.50547720491886,-0.74,-2.18,30.42
31.509941335767508,-0.74,-2.18,30.42
31.51431940868497,-0.74,-2.18,30.42
31.51885872334242,-0.74,-2.18,30.42
31.523238208144903,-0.73,-2.18,30.42
31.527794618159533,-0.74,-2.18,30.42
31.532248701900244,-0.74,-2.18,30.42
31.536708053201437,-0.74,-2.18,30.43
31.541160125285387,-0.73,-2.18,30.43
31.545640725642443,-0.74,-2.18,30.42
31.550074707716703,-0.73,-2.18,30.42
31.55455268919468,-0.74,-2.18,30.43
31.559027776122093,-0.74,-2.18,30.43
31.563440788537264,-0.74,-2.18,30.43
31.56791028752923,-0.73,-2.18,30.42
31.57235198095441,-0.74,-2.18,30.43
31.57671709358692,-0.74,-2.18,30.42
31.581333950161934,-0.74,-2.18,30.42
31.58581104129553,-0.74,-2.18,30.43
31.590259969234467,-0.74,-2.18,30.43
31.594714231789112,-0.73,-2.18,30.42
31.59911586716771,-0.74,-2.19,30.42
31.60364383086562,-0.73,-2.18,30.42
31.60810786858201,-0.74,-2.18,30.42
31.612583123147488,-0.74,-2.19,30.42
31.617003694176674,-0.74,-2.19,30.42
31.6215090341866,-0.74,-2.18,30.43
31.625970382243395,-0.74,-2.19,30.43
31.630430079996586,-0.73,-2.19,30.42
31.634848225861788,-0.74,-2.19,30.42
31.6392980851233,-0.73,-2.19,30.42
31.643734946846962,-0.74,-2.19,30.42
31.648281794041395,-0.74,-2.19,30.42
31.65274041518569,-0.74,-2.19,30.43
31.657152771949768,-0.74,-2.19,30.42
31.66163942590356,-0.74,-2.19,30.42
31.666133239865303,-0.74,-2.19,30.42
31.670599710196257,-0.74,-2.19,30.43
31.675055477768183,-0.74,-2.19,30.42
31.67947530373931,-0.73,-2.19,30.42
31.683979377150536,-0.74,-2.19,30.42
31.688447825610638,-0.73,-2.19,30.42
31.692811120301485,-0.74,-2.19,30.42
31.69731103628874,-0.74,-2.19,30.42
31.701731756329536,-0.74,-2.19,30.42
31.706316526979208,-0.74,-2.19,30.43
31.710761107504368,-0.73,-2.19,30.43
31.71520235762,-0.74,-2.19,30.42
31.71964830905199,-0.74,-2.19,30.42
31.724096909165382,-0.74,-2.19,30.43
31.72854720428586,-0.73,-2.19,30.42
31.733061011880636,-0.74,-2.19,30.42
31.73748016357422,-0.74,-2.19,30.43
31.741921961307526,-0.74,-2.19,30.43
31.746410191059113,-0.74,-2.19,30.42
31.750939320772886,-0.74,-2.19,30.42
31.755381789058447,-0.73,-2.19,30.43
31.75984687358141,-0.74,-2.19,30.42
31.76427011191845,-0.73,-2.18,30.42
31.768713116645813,-0.73,-2.19,30.42
31.773181337863207,-0.74,-2.19,30.42
31.77763730660081,-0.74,-2.18,30.42
31.782224513590336,-0.73,-2.18,30.42
31.786597687751055,-0.74,-2.18,30.43
31.791016314178705,-0.74,-2.18,30.43
31.795559592545033,-0.73,-2.18,30.42
31.80001012980938,-0.74,-2.18,30.43
31.80446681752801,-0.74,-2.18,30.43
31.808919243514538,-0.74,-2.18,30.43
31.813334230333567,-0.74,-2.18,30.42
31.81778011471033,-0.74,-2.18,30.42
31.822315279394388,-0.74,-2.18,30.43
31.826793804764748,-0.74,-2.18,30.42
31.831140499562025,-0.74,-2.18,30.43
31.83567425981164,-0.74,-2.18,30.43
31.84018212556839,-0.74,-2.18,30.43
31.84463419020176,-0.73,-2.18,30.42
31.8493341691792,-0.74,-2.18,30.43
31.853513814508915,-0.73,-2.18,30.42
31.857994738966227,-0.74,-2.18,30.43
31.862490478903055,-0.74,-2.18,30.43
31.866956122219563,-0.74,-2.18,30.43
31.871415708214045,-0.73,-2.18,30.43
31.875884398818016,-0.74,-2.18,30.43
31.880186565220356,-0.74,-2.18,30.43
31.884808108210564,-0.74,-2.18,30.43
31.889249812811613,-0.73,-2.18,30.42
31.893696628510952,-0.74,-2.18,30.43
31.89813556522131,-0.74,-2.18,30.43
31.90261709690094,-0.74,-2.18,30.43
31.907023556530476,-0.74,-2.18,30.43
31.91157330200076,-0.74,-2.18,30.43
31.916017699986696,-0.74,-2.18,30.42
31.920509047806263,-0.74,-2.18,30.43
31.924821935594082,-0.74,-2.18,30.43
31.929431457072496,-0.74,-2.18,30.43
31.933876529335976,-0.74,-2.18,30.42
31.938334122300148,-0.73,-2.18,30.43
31.942775793373585,-0.73,-2.18,30.43
31.94728809595108,-0.74,-2.18,30.43
31.95174188911915,-0.74,-2.18,30.43
31.956177223473787,-0.73,-2.18,30.43
31.96068599447608,-0.74,-2.18,30.43
31.96498780325055,-0.74,-2.18,30.43
31.969572592526674,-0.74,-2.18,30.43
31.97405044734478,-0.74,-2.18,30.43
31.978527668863535,-0.73,-2.18,30.43
31.982974335551262,-0.73,-2.18,30.43
31.987409308552742,-0.74,-2.18,30.43
31.99182926863432,-0.73,-2.18,30.43
31.996359039098024,-0.74,-2.18,30.43
32.00075591728091,-0.74,-2.18,30.42
32.005284905433655,-0.74,-2.18,30.42
32.009755082428455,-0.74,-2.18,30.43
32.014226730912924,-0.73,-2.18,30.42
32.01867097243667,-0.74,-2.19,30.43
32.023147482424974,-0.74,-2.18,30.42
32.02761460468173,-0.74,-2.18,30.43
32.03201262652874,-0.74,-2.19,30.43
32.036522425711155,-0.74,-2.19,30.43
32.04099275171757,-0.74,-2.19,30.43
32.04546071588993,-0.74,-2.18,30.43
32.0499064065516,-0.74,-2.19,30.42
32.05436294153333,-0.74,-2.18,30.42
32.05885310471058,-0.74,-2.18,30.42
32.06329429149628,-0.74,-2.19,30.43
32.06773955747485,-0.73,-2.19,30.42
32.07222706824541,-0.73,-2.19,30.43
32.07671256363392,-0.73,-2.19,30.43
32.08116013929248,-0.74,-2.18,30.43
32.08563204854727,-0.74,-2.18,30.43
32.09009040147066,-0.74,-2.18,30.43
32.09449718147516,-0.73,-2.18,30.43
32.098984841257334,-0.74,-2.18,30.43
32.10347383096814,-0.74,-2.18,30.43
32.10792236030102,-0.74,-2.18,30.43
32.112406969070435,-0.74,-2.18,30.43
32.11686835810542,-0.74,-2.18,30.43
32.12204613536596,-0.74,-2.18,30.43
32.12577860429883,-0.74,-2.18,30.43
32.13025188818574,-0.74,-2.18,30.43
32.13467241078615,-0.74,-2.18,30.43
32.13908525183797,-0.74,-2.18,30.43
32.14365643262863,-0.73,-2.18,30.43
32.148096453398466,-0.74,-2.18,30.43
32.1525673083961,-0.74,-2.18,30.43
32.15703667700291,-0.74,-2.18,30.43
32.161487620323896,-0.74,-2.18,30.43
32.165960516780615,-0.74,-2.18,30.43
32.17041366547346,-0.74,-2.18,30.43
32.17489080876112,-0.73,-2.18,30.43
32.179337941110134,-0.74,-2.18,30.43
32.18377701938152,-0.74,-2.18,30.43
32.18827226012945,-0.74,-2.18,30.43
32.19272557273507,-0.73,-2.18,30.43
32.19716738536954,-0.74,-2.18,30.43
32.20161538571119,-0.74,-2.18,30.43
32.20605957508087,-0.74,-2.18,30.43
32.21056468784809,-0.74,-2.18,30.43
32.21502551808953,-0.74,-2.18,30.43
32.21948594599962,-0.74,-2.18,30.43
32.223923835903406,-0.74,-2.18,30.43
32.22842997312546,-0.74,-2.18,30.43
32.23290102556348,-0.74,-2.18,30.43
32.2373402453959,-0.74,-2.18,30.43
32.24179048836231,-0.74,-2.18,30.43
32.246286544948816,-0.74,-2.18,30.43
32.25073625892401,-0.74,-2.18,30.43
32.25520658865571,-0.74,-2.18,30.43
32.25967191159725,-0.74,-2.18,30.43
32.264096070080996,-0.74,-2.18,30.43
32.26854266598821,-0.74,-2.18,30.43
32.27302956208587,-0.74,-2.18,30.43
32.277524281293154,-0.74,-2.18,30.43
32.28197367489338,-0.74,-2.18,30.43
32.28645094111562,-0.74,-2.18,30.43
32.29086050018668,-0.74,-2.18,30.43
32.29533961042762,-0.74,-2.18,30.43
32.29982262477279,-0.73,-2.18,30.43
32.30422490090132,-0.74,-2.18,30.43
32.30864901468158,-0.74,-2.18,30.43
32.313128400593996,-0.74,-2.18,30.43
32.317702043801546,-0.74,-2.18,30.43
32.32214776799083,-0.74,-2.18,30.43
32.32658885791898,-0.74,-2.18,30.43
32.3310796841979,-0.74,-2.18,30.43
32.33551589772105,-0.74,-2.18,30.43
32.34000774100423,-0.74,-2.18,30.43
32.344419442117214,-0.74,-2.18,30.43
32.34881980344653,-0.74,-2.18,30.43
32.35401255637407,-0.74,-2.18,30.43
32.35770231485367,-0.73,-2.18,30.43
32.36232287436724,-0.74,-2.18,30.43
32.36677000671625,-0.74,-2.18,30.43
32.37121343240142,-0.74,-2.18,30.43
32.375687804073095,-0.74,-2.18,30.43
32.38016111403704,-0.74,-2.18,30.43
32.38460500910878,-0.74,-2.18,30.43
32.38910252228379,-0.74,-2.18,30.43
32.39354521781206,-0.73,-2.18,30.43
32.39801497384906,-0.74,-2.18,30.43
32.40246311202645,-0.74,-2.18,30.43
32.40694238990545,-0.74,-2.18,30.43
32.41138972342014,-0.74,-2.18,30.43
32.4158712439239,-0.74,-2.18,30.43
32.42032581195235,-0.74,-2.18,30.43
32.42477226629853,-0.74,-2.18,30.43
32.42926495522261,-0.74,-2.18,30.43
32.43373703211546,-0.74,-2.18,30.43
32.43816278129816,-0.74,-2.19,30.43
32.442637998610735,-0.74,-2.18,30.43
32.44738291576505,-0.74,-2.19,30.43
32.45157238095999,-0.74,-2.18,30.43
32.456011559814215,-0.74,-2.18,30.43
32.46051129326224,-0.74,-2.18,30.43
32.46496449038386,-0.74,-2.18,30.43
32.469398353248835,-0.74,-2.18,30.43
32.47387217357755,-0.74,-2.18,30.43
32.47834940254688,-0.74,-2.18,30.43
32.48273840174079,-0.74,-2.18,30.43
32.487282525748014,-0.74,-2.18,30.43
32.4917061701417,-0.74,-2.18,30.43
32.49620223045349,-0.74,-2.18,30.43
32.50066601112485,-0.73,-2.18,30.43
32.50513468682766,-0.74,-2.18,30.43
32.50957194715738,-0.74,-2.18,30.43
32.514055356383324,-0.73,-2.18,30.43
32.518460072577,-0.73,-2.19,30.43
32.52296054363251,-0.74,-2.18,30.43
32.527346178889275,-0.74,-2.18,30.43
32.531907204538584,-0.74,-2.18,30.43
32.53637193143368,-0.74,-2.18,30.43
32.54081581160426,-0.74,-2.18,30.43
32.54526091739535,-0.73,-2.18,30.43
32.54970747604966,-0.74,-2.19,30.43
32.55417589470744,-0.74,-2.19,30.43
32.55866174027324,-0.74,-2.19,30.43
32.563658222556114,-0.74,-2.19,30.43
32.56753906980157,-0.74,-2.19,30.43
32.572040263563395,-0.74,-2.19,30.43
32.57654460892081,-0.73,-2.19,30.43
32.58099219575524,-0.74,-2.19,30.43
32.58543749153614,-0.74,-2.19,30.43
32.5898861810565,-0.74,-2.19,30.43
32.59437849372625,-0.74,-2.19,30.43
32.5988393612206,-0.74,-2.19,30.43
32.603215381503105,-0.73,-2.19,30.43
32.60771518200636,-0.73,-2.19,30.43
32.61222390830517,-0.74,-2.19,30.43
32.616629373282194,-0.74,-2.19,30.43
32.621146734803915,-0.74,-2.19,30.43
32.62561709806323,-0.74,-2.19,30.43
32.63009178265929,-0.74,-2.19,30.43
32.63454021513462,-0.74,-2.19,30.43
32.63901109993458,-0.74,-2.19,30.43
32.64342787116766,-0.74,-2.19,30.43
32.64793185144663,-0.74,-2.19,30.43
32.65239693969488,-0.74,-2.19,30.43
32.65684888139367,-0.73,-2.19,30.43
32.66122552007437,-0.74,-2.19,30.43
32.66576348245144,-0.74,-2.19,30.43
32.670262668281794,-0.74,-2.19,30.43
32.67468189075589,-0.74,-2.19,30.43
32.67914107814431,-0.74,-2.19,30.43
32.68362482264638,-0.74,-2.19,30.43
32.68807774782181,-0.74,-2.19,30.43
32.69251650571823,-0.74,-2.19,30.43
32.696945421397686,-0.74,-2.19,30.43
32.701441291719675,-0.74,-2.19,30.43
32.70585239306092,-0.74,-2.19,30.43
32.710403852164745,-0.74,-2.19,30.43
32.71486297994852,-0.74,-2.19,30.43
32.719306480139494,-0.74,-2.19,30.43
32.723748188465834,-0.73,-2.19,30.43
32.728196524083614,-0.74,-2.19,30.43
32.73266367986798,-0.73,-2.19,30.43
32.7371716722846,-0.74,-2.18,30.43
32.74156027287245,-0.74,-2.19,30.43
32.74610960483551,-0.73,-2.18,30.43
32.75052063539624,-0.73,-2.19,30.43
32.75503957644105,-0.73,-2.18,30.43
32.75948703661561,-0.73,-2.19,30.43
32.763968873769045,-0.74,-2.19,30.43
32.7684225179255,-0.74,-2.18,30.43
32.77281790971756,-0.74,-2.18,30.43
32.777296248823404,-0.74,-2.18,30.43
32.7817949578166,-0.74,-2.18,30.43
32.78625636547804,-0.74,-2.18,30.43
32.79071321338415,-0.74,-2.18,30.43
32.79508036747575,-0.73,-2.19,30.43
32.7996843457222,-0.74,-2.18,30.43
32.80412608012557,-0.74,-2.18,30.43
32.808552138507366,-0.74,-2.19,30.44
32.81305853649974,-0.74,-2.18,30.43
32.81752325594425,-0.74,-2.19,30.44
32.821972116827965,-0.74,-2.18,30.43
32.82643273845315,-0.74,-2.18,30.43
32.83091093227267,-0.74,-2.19,30.44
32.83536275103688,-0.73,-2.18,30.43
32.83982531353831,-0.74,-2.18,30.43
32.844286285340786,-0.73,-2.18,30.43
32.84873228520155,-0.74,-2.18,30.44
32.85317163914442,-0.74,-2.19,30.44
32.85765057057142,-0.74,-2.19,30.44
32.86214739456773,-0.74,-2.18,30.44
32.86659040674567,-0.74,-2.18,30.43
32.8710570782423,-0.74,-2.18,30.43
32.87550712376833,-0.74,-2.18,30.44
32.87999442592263,-0.74,-2.18,30.43
32.884462509304285,-0.74,-2.18,30.44
32.88891497626901,-0.74,-2.18,30.44
32.8934009000659,-0.74,-2.18,30.44
32.89782916754484,-0.74,-2.18,30.44
32.90226709470153,-0.74,-2.18,30.43
32.90671247243881,-0.74,-2.18,30.44
32.91121111437678,-0.74,-2.18,30.43
32.915613889694214,-0.74,-2.18,30.44
32.920163698494434,-0.73,-2.18,30.44
32.92460931837559,-0.73,-2.18,30.44
32.92908750846982,-0.74,-2.18,30.44
32.93355008587241,-0.74,-2.18,30.43
32.937990698963404,-0.74,-2.18,30.43
32.94241755455732,-0.73,-2.18,30.43
32.94686609506607,-0.74,-2.18,30.44
32.9513952024281,-0.74,-2.18,30.44
32.95584354177117,-0.74,-2.18,30.44
32.96034147962928,-0.73,-2.18,30.44
32.96477618440986,-0.74,-2.18,30.44
32.969214513897896,-0.74,-2.18,30.44
32.97371165454388,-0.74,-2.18,30.44
32.97815461829305,-0.74,-2.18,30.44
32.98261585459113,-0.74,-2.18,30.44
32.987044889479876,-0.74,-2.18,30.44
32.99157423898578,-0.74,-2.18,30.44
32.99604022875428,-0.73,-2.18,30.44
33.00038480758667,-0.74,-2.18,30.44
33.004948403686285,-0.73,-2.18,30.44
33.00941385701299,-0.73,-2.18,30.44
33.01389003545046,-0.74,-2.18,30.44
33.01833427324891,-0.74,-2.18,30.44
33.022806502878666,-0.74,-2.18,30.43
33.0272605009377,-0.74,-2.18,30.44
33.03172891587019,-0.74,-2.18,30.44
33.03620149195194,-0.74,-2.18,30.44
33.040642105042934,-0.74,-2.18,30.44
33.04507563635707,-0.73,-2.18,30.44
33.049555476754904,-0.74,-2.18,30.44
33.054049503058195,-0.74,-2.18,30.44
33.05851138755679,-0.74,-2.18,30.44
33.06297634169459,-0.73,-2.18,30.44
33.0674311183393,-0.74,-2.18,30.44
33.071889124810696,-0.74,-2.18,30.44
33.07634520158172,-0.74,-2.18,30.44
33.08080757781863,-0.74,-2.18,30.44
33.0852693580091,-0.74,-2.18,30.44
33.08971408382058,-0.74,-2.18,30.44
33.09415490552783,-0.74,-2.18,30.44
33.09867464005947,-0.74,-2.18,30.44
33.10312984511256,-0.74,-2.18,30.44
33.10758186504245,-0.74,-2.19,30.44
33.112068239599466,-0.74,-2.18,30.44
33.116500556468964,-0.74,-2.18,30.44
33.1209552064538,-0.74,-2.18,30.44
33.1253988109529,-0.74,-2.19,30.44
33.12992336601019,-0.74,-2.19,30.44
33.134321331977844,-0.74,-2.18,30.44
33.138839304447174,-0.74,-2.18,30.44
33.14321972429752,-0.74,-2.18,30.44
33.14775851741433,-0.74,-2.18,30.44
33.15220367535949,-0.74,-2.18,30.44
33.15664725005627,-0.74,-2.18,30.44
33.16109198331833,-0.74,-2.19,30.44
33.165596920996904,-0.74,-2.18,30.44
33.170073471963406,-0.74,-2.18,30.44
33.17450874298811,-0.74,-2.18,30.44
33.17891988530755,-0.74,-2.18,30.44
33.183430664241314,-0.73,-2.19,30.44
33.18793670088053,-0.74,-2.19,30.44
33.192380886524916,-0.74,-2.19,30.44
33.196826092898846,-0.74,-2.19,30.44
33.20131802931428,-0.73,-2.19,30.44
33.205768156796694,-0.73,-2.19,30.44
33.210246596485376,-0.74,-2.19,30.44
33.214694771915674,-0.74,-2.19,30.44
33.21906774491072,-0.74,-2.18,30.44
33.22362645715475,-0.74,-2.19,30.44
33.2280216999352,-0.74,-2.19,30.44
33.23255358636379,-0.74,-2.19,30.44
33.237000454217196,-0.74,-2.19,30.44
33.241473976522684,-0.74,-2.19,30.44
33.24590026587248,-0.73,-2.19,30.44
33.250376511365175,-0.74,-2.18,30.44
33.25479752570391,-0.74,-2.19,30.44
33.25929347425699,-0.73,-2.19,30.44
33.263810373842716,-0.74,-2.19,30.44
33.26821983978152,-0.73,-2.19,30.44
33.2726914845407,-0.74,-2.19,30.44
33.277176573872566,-0.74,-2.19,30.44
33.28164154291153,-0.74,-2.19,30.44
33.28607169166207,-0.74,-2.19,30.44
33.290551874786615,-0.74,-2.18,30.44
33.295008312910795,-0.74,-2.18,30.44
33.29948662593961,-0.74,-2.18,30.44
33.30395091697574,-0.74,-2.18,30.44
33.30832112580538,-0.74,-2.18,30.44
33.31287030875683,-0.73,-2.18,30.44
33.317268650978804,-0.73,-2.18,30.44
33.32186068594456,-0.74,-2.18,30.44
33.32627245038748,-0.74,-2.18,30.44
33.330690018832684,-0.74,-2.18,30.44
33.335206508636475,-0.74,-2.18,30.44
33.3396484144032,-0.74,-2.18,30.44
33.344115756452084,-0.74,-2.18,30.44
33.348552249372005,-0.74,-2.18,30.44
33.35302350670099,-0.74,-2.18,30.44
33.35748432576656,-0.74,-2.18,30.44
33.36198292672634,-0.74,-2.18,30.44
33.36643027514219,-0.74,-2.18,30.44
33.37090142071247,-0.74,-2.18,30.44
33.37536879628897,-0.73,-2.18,30.44
33.37975747138262,-0.74,-2.18,30.44
33.38426947966218,-0.74,-2.18,30.44
33.38868458196521,-0.74,-2.18,30.44
33.39319545030594,-0.74,-2.18,30.44
33.39767896011472,-0.73,-2.18,30.44
33.40213571116328,-0.74,-2.18,30.44
33.406624015420675,-0.74,-2.18,30.44
33.41105643287301,-0.74,-2.17,30.44
33.41553523764014,-0.74,-2.18,30.44
33.41999436914921,-0.74,-2.18,30.45
33.42438570410013,-0.73,-2.18,30.44
33.428924199193716,-0.73,-2.18,30.44
33.433282651007175,-0.73,-2.18,30.44
33.43785351887345,-0.74,-2.18,30.44
33.442251704633236,-0.73,-2.18,30.44
33.44677059724927,-0.74,-2.18,30.44
33.451232489198446,-0.74,-2.18,30.45
33.455704391002655,-0.74,-2.18,30.44
33.46011342853308,-0.73,-2.18,30.45
33.46462580189109,-0.73,-2.18,30.44
33.46900677680969,-0.74,-2.18,30.44
33.47352109849453,-0.73,-2.18,30.44
33.477958150207996,-0.74,-2.18,30.44
33.48237295821309,-0.73,-2.18,30.44
33.48693172261119,-0.73,-2.18,30.45
33.491401977837086,-0.74,-2.18,30.44
33.49585573375225,-0.74,-2.18,30.45
33.50029442086816,-0.74,-2.18,30.44
33.50473663955927,-0.73,-2.18,30.44
33.50923801958561,-0.74,-2.18,30.45
33.51365930587053,-0.74,-2.18,30.45
33.51815638691187,-0.74,-2.18,30.44
33.52262041717768,-0.74,-2.18,30.44
33.5269965454936,-0.74,-2.18,30.45
33.53156117349863,-0.74,-2.18,30.45
33.53602761402726,-0.74,-2.18,30.45
33.5404700152576,-0.74,-2.18,30.44
33.5449447594583,-0.74,-2.18,30.44
33.549380753189325,-0.74,-2.18,30.44
33.55384577810764,-0.74,-2.18,30.44
33.55832716077566,-0.74,-2.18,30.45
33.56277631223202,-0.74,-2.18,30.45
33.5672287940979,-0.74,-2.18,30.44
33.57164331525564,-0.73,-2.18,30.45
33.57611121237278,-0.73,-2.17,30.44
33.58064980059862,-0.74,-2.18,30.44
33.5851139202714,-0.74,-2.17,30.44
33.589574337005615,-0.73,-2.17,30.44
33.59403010457754,-0.74,-2.17,30.44
33.59845760092139,-0.74,-2.17,30.44
33.60290763527155,-0.74,-2.17,30.44
33.6074074357748,-0.74,-2.17,30.44
33.61188379302621,-0.74,-2.17,30.44
33.61634472385049,-0.74,-2.17,30.44
33.62076973542571,-0.74,-2.17,30.44
33.62527171894908,-0.74,-2.17,30.44
33.62971914932132,-0.74,-2.17,30.44
33.63416789472103,-0.74,-2.17,30.44
33.63866673782468,-0.74,-2.17,30.44
33.643097188323736,-0.73,-2.17,30.44
33.64756151288748,-0.74,-2.17,30.44
33.65199966356158,-0.74,-2.17,30.44
33.656462859362364,-0.74,-2.17,30.45
33.660936173051596,-0.74,-2.17,30.44
33.66545120999217,-0.74,-2.17,30.45
33.669909067451954,-0.74,-2.17,30.45
33.67436570674181,-0.74,-2.17,30.44
33.67882578447461,-0.74,-2.17,30.45
33.68323086574674,-0.74,-2.17,30.44
33.687676437199116,-0.73,-2.17,30.44
33.69220894575119,-0.74,-2.17,30.44
33.696673810482025,-0.74,-2.17,30.44
33.70112496241927,-0.74,-2.17,30.45
33.70560052245855,-0.74,-2.17,30.44
33.70994411408901,-0.74,-2.17,30.44
33.714522037655115,-0.74,-2.17,30.44
33.71899684518576,-0.74,-2.17,30.44
33.723425794392824,-0.74,-2.17,30.44
33.72791090235114,-0.74,-2.17,30.45
33.73236635699868,-0.74,-2.17,30.44
33.736833326518536,-0.73,-2.17,30.44
33.74122513458133,-0.74,-2.17,30.44
33.745768543332815,-0.74,-2.17,30.44
33.750202503055334,-0.74,-2.18,30.44
33.75470331683755,-0.74,-2.18,30.45
33.75914245843887,-0.74,-2.17,30.45
33.763616397976875,-0.73,-2.18,30.45
33.76807416602969,-0.74,-2.18,30.45
33.77247591689229,-0.73,-2.18,30.44
33.77700558677316,-0.74,-2.18,30.44
33.78145136684179,-0.74,-2.18,30.45
33.78588503971696,-0.74,-2.18,30.44
33.790396105498075,-0.74,-2.18,30.44
33.79484889656305,-0.74,-2.18,30.44
33.79932988062501,-0.74,-2.18,30.44
33.80376463383436,-0.74,-2.18,30.44
33.80821140110493,-0.74,-2.18,30.44
33.812714003026485,-0.73,-2.18,30.44
33.81716274097562,-0.74,-2.18,30.44
33.82154608890414,-0.74,-2.18,30.44
33.826096296310425,-0.74,-2.18,30.44
33.830518659204245,-0.74,-2.18,30.44
33.83499851450324,-0.74,-2.18,30.44
33.839452404528856,-0.74,-2.18,30.44
33.84394562616944,-0.74,-2.18,30.44
33.848410312086344,-0.73,-2.18,30.44
33.85283590108156,-0.74,-2.18,30.44
33.85728659108281,-0.74,-2.18,30.44
33.86177887767553,-0.74,-2.17,30.44
33.86625434458256,-0.74,-2.17,30.44
33.87066889554262,-0.74,-2.17,30.44
33.87513871490955,-0.74,-2.18,30.44
33.87953041493893,-0.74,-2.18,30.44
33.88402818515897,-0.73,-2.18,30.44
33.88856964185834,-0.74,-2.18,30.44
33.89303490892053,-0.74,-2.17,30.44
33.89749963581562,-0.74,-2.18,30.44
33.90190604701638,-0.73,-2.18,30.44
33.90638033673167,-0.74,-2.18,30.44
33.91085239127278,-0.74,-2.18,30.44
33.9153406471014,-0.74,-2.18,30.44
33.91980416700244,-0.74,-2.18,30.44
33.9241249486804,-0.74,-2.18,30.44
33.92874367907643,-0.74,-2.18,30.44
33.93319874629378,-0.74,-2.18,30.44
33.937660954892635,-0.74,-2.18,30.44
33.942082706838846,-0.74,-2.18,30.44
33.946522768586874,-0.74,-2.18,30.44
33.95100349187851,-0.74,-2.18,30.44
33.955517418682575,-0.73,-2.18,30.44
33.95994174107909,-0.74,-2.18,30.44
33.964447140693665,-0.74,-2.18,30.44
33.968885481357574,-0.74,-2.18,30.44
33.97336545214057,-0.74,-2.18,30.44
33.97782764583826,-0.74,-2.18,30.44
33.982291970402,-0.74,-2.18,30.44
33.986705373972654,-0.74,-2.18,30.44
33.9911877438426,-0.74,-2.18,30.44
33.99564740806818,-0.74,-2.18,30.44
34.000121258199215,-0.74,-2.18,30.44
34.00456814095378,-0.74,-2.17,30.44
34.009075094014406,-0.73,-2.18,30.44
34.01352686062455,-0.74,-2.18,30.44
34.01798776164651,-0.74,-2.18,30.44
34.02245502918959,-0.74,-2.17,30.44
34.02687706798315,-0.74,-2.18,30.44
34.0313891582191,-0.73,-2.18,30.44
34.03582141175866,-0.74,-2.18,30.44
34.04025407880545,-0.73,-2.18,30.44
34.044740714132786,-0.74,-2.18,30.44
34.04920872673392,-0.74,-2.18,30.44
34.053552363067865,-0.74,-2.18,30.44
34.05814501270652,-0.74,-2.18,30.44
34.06261270865798,-0.74,-2.18,30.44
34.06708901003003,-0.73,-2.18,30.44
34.07150876149535,-0.74,-2.18,30.44
34.075995326042175,-0.74,-2.18,30.45
34.08047275617719,-0.74,-2.18,30.45
34.084927417337894,-0.73,-2.18,30.44
34.08940077200532,-0.73,-2.18,30.44
34.09374997764826,-0.74,-2.18,30.44
34.09832415729761,-0.74,-2.18,30.44
34.102793261408806,-0.74,-2.18,30.44
34.107238709926605,-0.74,-2.18,30.44
34.11172425374389,-0.73,-2.17,30.44
34.11618870124221,-0.74,-2.18,30.44
34.12062371149659,-0.73,-2.18,30.44
34.125111263245344,-0.74,-2.18,30.44
34.129494309425354,-0.74,-2.18,30.44
34.13401832059026,-0.74,-2.18,30.44
34.13849172741175,-0.74,-2.18,30.44
34.142940517514944,-0.74,-2.18,30.44
34.14741451665759,-0.74,-2.18,30.44
34.15189151093364,-0.74,-2.18,30.44
34.15630489587784,-0.73,-2.18,30.44
34.160788618028164,-0.74,-2.18,30.44
34.16525822132826,-0.73,-2.18,30.44
34.16973812133074,-0.74,-2.18,30.44
34.1741664968431,-0.74,-2.18,30.44
34.178651850670576,-0.74,-2.18,30.44
34.183124754577875,-0.74,-2.17,30.44
34.18758976086974,-0.74,-2.17,30.44
34.19204181805253,-0.73,-2.17,30.44
34.196507785469294,-0.73,-2.17,30.44
34.200964365154505,-0.74,-2.17,30.44
34.2054102383554,-0.73,-2.17,30.44
34.209893967956305,-0.73,-2.17,30.44
34.21436442807317,-0.74,-2.17,30.44
34.21874314546585,-0.74,-2.17,30.44
34.22327959910035,-0.74,-2.18,30.44
34.22763490304351,-0.73,-2.17,30.44
34.2322192825377,-0.74,-2.17,30.44
34.23665840551257,-0.74,-2.18,30.44
34.241146959364414,-0.74,-2.17,30.44
34.2456046231091,-0.74,-2.17,30.44
34.250024523586035,-0.74,-2.17,30.44
34.254513408988714,-0.74,-2.17,30.44
34.2589716501534,-0.73,-2.17,30.44
34.26346756890416,-0.74,-2.17,30.45
34.26785721257329,-0.74,-2.17,30.44
34.27234951406717,-0.74,-2.17,30.45
34.27683841064572,-0.74,-2.18,30.45
34.28128619492054,-0.73,-2.17,30.45
34.285747308284044,-0.74,-2.18,30.44
34.29021780192852,-0.74,-2.18,30.45
34.294652227312326,-0.74,-2.18,30.45
34.299162436276674,-0.74,-2.18,30.44
34.303564079105854,-0.74,-2.18,30.45
34.308000545948744,-0.74,-2.17,30.45
34.3125496506691,-0.73,-2.17,30.45
34.3170184455812,-0.73,-2.18,30.45
34.32145892828703,-0.74,-2.18,30.45
34.325929053127766,-0.74,-2.18,30.44
34.330389089882374,-0.74,-2.18,30.44
34.33482279628515,-0.74,-2.18,30.45
34.339243572205305,-0.74,-2.18,30.45
34.343755695968866,-0.73,-2.18,30.45
34.34825552627444,-0.74,-2.18,30.45
34.35269953683019,-0.74,-2.18,30.45
34.357182931154966,-0.73,-2.18,30.45
34.36163589730859,-0.74,-2.18,30.45
34.366086062043905,-0.73,-2.18,30.45
34.37057267874479,-0.74,-2.18,30.45
34.374988090246916,-0.73,-2.18,30.45
34.379438903182745,-0.74,-2.18,30.45
34.38395585492253,-0.74,-2.17,30.45
34.3883772008121,-0.73,-2.17,30.45
34.39288129284978,-0.73,-2.17,30.45
34.39733501151204,-0.73,-2.17,30.45
34.40181474387646,-0.74,-2.18,30.45
34.40626027435064,-0.74,-2.18,30.45
34.41070916876197,-0.74,-2.18,30.45
34.41519061103463,-0.74,-2.18,30.45
34.41962590068579,-0.74,-2.18,30.45
34.42404491081834,-0.74,-2.18,30.45
34.42858960106969,-0.73,-2.18,30.45
34.43301406875253,-0.74,-2.17,30.45
34.43747401982546,-0.74,-2.18,30.45
34.44195428863168,-0.74,-2.18,30.45
34.446445379406214,-0.74,-2.17,30.45
34.450899574905634,-0.74,-2.17,30.45
34.45534750074148,-0.74,-2.17,30.45
34.459817580878735,-0.74,-2.17,30.45
34.46423964947462,-0.74,-2.17,30.45
34.46870316565037,-0.74,-2.17,30.45
34.4731486402452,-0.74,-2.18,30.45
34.477644577622414,-0.74,-2.18,30.45
34.482016034424305,-0.74,-2.17,30.45
34.48649897798896,-0.74,-2.18,30.45
34.49106439203024,-0.73,-2.18,30.45
34.49550870805979,-0.74,-2.17,30.45
34.49999789521098,-0.74,-2.18,30.45
34.50440765172243,-0.74,-2.17,30.45
34.508843176066875,-0.73,-2.17,30.45
34.513368748128414,-0.74,-2.17,30.45
34.51781793311238,-0.73,-2.17,30.45
34.52229019254446,-0.73,-2.17,30.45
34.52674722671509,-0.74,-2.18,30.45
34.53122020512819,-0.74,-2.17,30.45
34.53568223491311,-0.74,-2.18,30.45
34.540136355906725,-0.73,-2.18,30.45
34.544615384191275,-0.74,-2.17,30.45
34.54906449839473,-0.73,-2.18,30.45
34.55354495346546,-0.73,-2.17,30.45
34.55798701569438,-0.74,-2.17,30.45
34.5623988583684,-0.74,-2.17,30.45
34.56682050600648,-0.74,-2.17,30.45
34.5713975392282,-0.74,-2.17,30.46
34.57580516114831,-0.74,-2.17,30.45
34.580312207341194,-0.74,-2.17,30.45
34.584752663969994,-0.73,-2.17,30.45
34.58920530602336,-0.73,-2.17,30.45
34.593698013573885,-0.74,-2.17,30.45
34.5981785915792,-0.74,-2.17,30.46
34.602565847337246,-0.74,-2.17,30.45
34.60705876350403,-0.73,-2.17,30.45
34.61155134066939,-0.73,-2.17,30.45
34.615964878350496,-0.73,-2.17,30.45
34.62048730999231,-0.74,-2.17,30.45
34.62495172023773,-0.74,-2.17,30.45
34.6294100061059,-0.74,-2.18,30.46
34.633870992809534,-0.74,-2.17,30.45
34.638328209519386,-0.74,-2.18,30.45
34.642794117331505,-0.73,-2.18,30.45
34.64715911075473,-0.74,-2.17,30.46
34.651695005595684,-0.74,-2.17,30.46
34.65617161989212,-0.74,-2.17,30.46
34.660571686923504,-0.74,-2.17,30.45
34.66511530429125,-0.74,-2.17,30.46
34.6695557013154,-0.74,-2.17,30.46
34.67402940988541,-0.74,-2.18,30.46
34.67849527671933,-0.73,-2.17,30.46
34.682923931628466,-0.74,-2.17,30.46
34.68742982670665,-0.74,-2.17,30.46
34.69186132401228,-0.74,-2.17,30.46
34.6963124088943,-0.74,-2.17,30.46
34.70075394958258,-0.74,-2.17,30.46
34.70526761189103,-0.74,-2.17,30.46
34.70973802730441,-0.74,-2.17,30.46
34.714199874550104,-0.74,-2.17,30.46
34.7186585329473,-0.74,-2.17,30.46
34.723103400319815,-0.74,-2.17,30.46
34.72759411484003,-0.74,-2.17,30.46
34.73204880580306,-0.74,-2.17,30.46
34.73650752007961,-0.74,-2.17,30.46
34.74088506400585,-0.74,-2.17,30.46
34.7454234585166,-0.74,-2.17,30.46
34.74991428852081,-0.73,-2.17,30.46
34.754358634352684,-0.74,-2.18,30.46
34.75883596017957,-0.74,-2.17,30.46
34.763292387127876,-0.74,-2.17,30.46
34.767693053931,-0.74,-2.17,30.46
34.77219660952687,-0.74,-2.17,30.46
34.77663414552808,-0.74,-2.17,30.46
34.781124260276556,-0.74,-2.17,30.46
34.78561691194773,-0.74,-2.17,30.46
34.790042366832495,-0.74,-2.18,30.46
34.79453683644533,-0.74,-2.17,30.46
34.798983197659254,-0.73,-2.17,30.46
34.80345135182142,-0.73,-2.17,30.46
34.80792139098048,-0.74,-2.17,30.46
34.81238631904125,-0.74,-2.18,30.46
34.816849298775196,-0.74,-2.18,30.46
34.821292884647846,-0.74,-2.18,30.46
34.8257515206933,-0.74,-2.18,30.46
34.83019877970219,-0.74,-2.18,30.46
34.83467859402299,-0.74,-2.18,30.46
34.83916025236249,-0.74,-2.17,30.46
34.843625608831644,-0.74,-2.18,30.46
34.848063729703426,-0.74,-2.18,30.46
34.852534495294094,-0.73,-2.18,30.46
34.85698115080595,-0.74,-2.18,30.46
34.86144579946995,-0.73,-2.17,30.46
34.8659388050437,-0.74,-2.17,30.46
34.87038631364703,-0.74,-2.17,30.46
34.87485146522522,-0.73,-2.17,30.46
34.87933832034469,-0.73,-2.17,30.46
34.883783116936684,-0.74,-2.17,30.46
34.888229075819254,-0.74,-2.17,30.46
34.89267239719629,-0.73,-2.17,30.46
34.89716386422515,-0.74,-2.17,30.46
34.901644356548786,-0.74,-2.17,30.46
34.906074438244104,-0.74,-2.17,30.46
34.910544633865356,-0.74,-2.17,30.46
34.91491701826453,-0.74,-2.17,30.46
34.919417310506105,-0.74,-2.17,30.46
34.923909939825535,-0.74,-2.17,30.46
34.928414445370436,-0.74,-2.17,30.46
34.93287734314799,-0.74,-2.17,30.46
34.93734139949083,-0.74,-2.17,30.46
34.94176320359111,-0.74,-2.17,30.46
34.94624715670943,-0.73,-2.17,30.46
34.95070532336831,-0.74,-2.17,30.46
34.955177668482065,-0.74,-2.17,30.46
34.959656931459904,-0.74,-2.17,30.46
34.96409536153078,-0.74,-2.17,30.46
34.968582425266504,-0.74,-2.17,30.46
34.97305240109563,-0.73,-2.17,30.46
34.977509032934904,-0.74,-2.17,30.46
34.98191325366497,-0.74,-2.17,30.46
34.9863679073751,-0.74,-2.17,30.46
34.99089090153575,-0.74,-2.17,30.46
34.9953285343945,-0.73,-2.17,30.46
34.99981779232621,-0.73,-2.17,30.46
35.004273783415556,-0.74,-2.17,30.46
35.00868382304907,-0.74,-2.17,30.46
35.013202752918005,-0.74,-2.17,30.46
35.01767984777689,-0.73,-2.18,30.46
35.022092536091805,-0.74,-2.17,30.46
35.02659464254975,-0.73,-2.17,30.46
35.03104518726468,-0.74,-2.17,30.46
35.03552781790495,-0.73,-2.17,30.46
35.03993745148182,-0.74,-2.17,30.46
35.04441101849079,-0.74,-2.17,30.46
35.04880925267935,-0.74,-2.17,30.46
35.05333934724331,-0.73,-2.17,30.46
35.0578333735466,-0.74,-2.17,30.46
35.06227333471179,-0.74,-2.17,30.46
35.06672066450119,-0.74,-2.17,30.46
35.071164183318615,-0.73,-2.17,30.46
35.0756957270205,-0.74,-2.17,30.46
35.080150321125984,-0.74,-2.17,30.46
35.08461142331362,-0.74,-2.17,30.46
35.08902636542916,-0.74,-2.17,30.46
35.09354953095317,-0.74,-2.17,30.46
35.09800950437784,-0.74,-2.17,30.46
35.10244791582227,-0.74,-2.17,30.46
35.10691536590457,-0.74,-2.17,30.46
35.11138694360852,-0.74,-2.17,30.46
35.115847177803516,-0.74,-2.17,30.46
35.12029720470309,-0.74,-2.17,30.46
35.12474508956075,-0.74,-2.17,30.46
35.12915402650833,-0.73,-2.17,30.46
35.13365853205323,-0.74,-2.17,30.46
35.13809023052454,-0.73,-2.17,30.46
35.14262916892767,-0.73,-2.17,30.46
35.14709993451834,-0.74,-2.17,30.46
35.15152134001255,-0.74,-2.17,30.46
35.155960861593485,-0.74,-2.18,30.46
35.16044456884265,-0.74,-2.18,30.46
35.16492621600628,-0.74,-2.18,30.46
35.16933051496744,-0.74,-2.18,30.46
35.173868641257286,-0.73,-2.18,30.46
35.17833572998643,-0.74,-2.18,30.46
35.18266834318638,-0.74,-2.18,30.46
35.187254067510366,-0.74,-2.18,30.46
35.19171069934964,-0.73,-2.18,30.46
35.19616901502013,-0.74,-2.17,30.46
35.200642704963684,-0.74,-2.18,30.46
35.20506589114666,-0.74,-2.18,30.46
35.2095389701426,-0.74,-2.18,30.46
35.213998295366764,-0.74,-2.18,30.46
35.21837877109647,-0.74,-2.18,30.46
35.22295209392905,-0.73,-2.17,30.46
35.22739881277084,-0.74,-2.17,30.46
35.231878604739904,-0.74,-2.17,30.46
35.23634774982929,-0.74,-2.18,30.46
35.24079294875264,-0.74,-2.17,30.46
35.24520963802934,-0.74,-2.17,30.46
35.24968037754297,-0.74,-2.18,30.46
35.254147328436375,-0.74,-2.18,30.46
35.25858515501022,-0.74,-2.17,30.46
35.2631280310452,-0.74,-2.18,30.46
35.26754966750741,-0.74,-2.17,30.46
35.2720478028059,-0.74,-2.18,30.46
35.276492707431316,-0.74,-2.17,30.46
35.28097418323159,-0.74,-2.17,30.46
35.28543497994542,-0.74,-2.18,30.46
35.289901588112116,-0.74,-2.18,30.46
35.29435882344842,-0.74,-2.18,30.46
35.29876356944442,-0.73,-2.18,30.46
35.30327858030796,-0.74,-2.18,30.46
35.307733077555895,-0.74,-2.18,30.46
35.31205480545759,-0.74,-2.18,30.46
35.3166718930006,-0.74,-2.18,30.46
35.32114778459072,-0.74,-2.18,30.46
35.32559273019433,-0.74,-2.18,30.46
35.330043982714415,-0.74,-2.18,30.46
35.334486439824104,-0.74,-2.18,30.46
35.33893024548888,-0.74,-2.18,30.46
35.34343385323882,-0.74,-2.18,30.46
35.347791727632284,-0.74,-2.18,30.46
35.35228433832526,-0.74,-2.18,30.46
35.35679155215621,-0.74,-2.18,30.46
35.36130229383707,-0.74,-2.18,30.46
35.36574649438262,-0.73,-2.18,30.46
35.370217863470316,-0.74,-2.18,30.46
35.37469486147165,-0.74,-2.18,30.46
35.37915134802461,-0.73,-2.18,30.46
35.383555229753256,-0.74,-2.18,30.46
35.3880905136466,-0.74,-2.18,30.46
35.39244567975402,-0.74,-2.18,30.46
35.397001914680004,-0.74,-2.17,30.46
35.401473104953766,-0.74,-2.17,30.46
35.40592526271939,-0.74,-2.17,30.46
35.41038867458701,-0.74,-2.17,30.46
35.414824757725,-0.74,-2.18,30.46
35.41928795352578,-0.74,-2.17,30.46
35.42376274615526,-0.73,-2.17,30.46
35.428143087774515,-0.73,-2.17,30.46
35.43268555402756,-0.73,-2.17,30.46
35.43711980432272,-0.74,-2.18,30.46
35.44161768630147,-0.74,-2.17,30.46
35.44609708338976,-0.74,-2.17,30.46
35.45054775476456,-0.74,-2.17,30.46
35.45501396432519,-0.74,-2.18,30.46
35.45943658798933,-0.74,-2.17,30.46
35.46392988041043,-0.73,-2.18,30.46
35.46840215474367,-0.74,-2.18,30.46
35.472848899662495,-0.74,-2.18,30.46
35.47727060690522,-0.74,-2.18,30.46
35.481711976230145,-0.74,-2.18,30.46
35.486217599362135,-0.74,-2.17,30.46
35.4907203912735,-0.74,-2.17,30.46
35.49517299234867,-0.73,-2.17,30.46
35.49961031973362,-0.74,-2.18,30.46
35.50405975058675,-0.74,-2.18,30.46
35.50851099565625,-0.74,-2.18,30.46
35.51303177699447,-0.73,-2.18,30.46
35.51746891066432,-0.74,-2.17,30.46
35.52196215838194,-0.74,-2.18,30.46
35.526334784924984,-0.74,-2.18,30.46
35.53080840408802,-0.74,-2.18,30.46
35.5353463627398,-0.74,-2.17,30.46
35.53978657722473,-0.73,-2.18,30.46
35.54426505789161,-0.74,-2.18,30.46
35.548718217760324,-0.74,-2.17,30.46
35.55320642143488,-0.74,-2.17,30.46
35.55763367563486,-0.73,-2.17,30.46
35.56209624558687,-0.74,-2.17,30.46
35.566571813076735,-0.74,-2.17,30.46
35.57100335508585,-0.74,-2.17,30.46
35.57548836991191,-0.73,-2.18,30.46
35.57997214049101,-0.73,-2.17,30.46
35.584413819015026,-0.73,-2.17,30.46
35.58889577537775,-0.74,-2.17,30.46
35.593306202441454,-0.73,-2.17,30.46
35.59782137349248,-0.74,-2.17,30.46
35.6022724956274,-0.74,-2.17,30.46
35.60671358183026,-0.74,-2.17,30.47
35.61119518056512,-0.74,-2.17,30.46
35.61552479490638,-0.73,-2.17,30.46
35.62012557312846,-0.74,-2.17,30.46
35.6245906278491,-0.74,-2.17,30.46
35.629058480262756,-0.73,-2.17,30.47
35.633525386452675,-0.74,-2.17,30.46
35.63793063536286,-0.74,-2.17,30.46
35.642448019236326,-0.74,-2.17,30.46
35.64689449965954,-0.74,-2.17,30.46
35.651377104222775,-0.74,-2.17,30.46
35.65583407506347,-0.74,-2.17,30.46
35.66028717532754,-0.74,-2.17,30.46
35.66476968675852,-0.74,-2.17,30.46
35.669226847589016,-0.74,-2.18,30.46
35.67367585375905,-0.74,-2.17,30.46
35.67814418300986,-0.73,-2.17,30.46
35.68258797749877,-0.74,-2.17,30.47
35.68707315251231,-0.73,-2.17,30.46
35.69144508987665,-0.73,-2.17,30.46
35.69594593718648,-0.74,-2.17,30.46
35.700390603393316,-0.74,-2.18,30.46
35.704778891056776,-0.74,-2.18,30.46
35.709394443780184,-0.73,-2.18,30.46
35.71383948996663,-0.74,-2.18,30.46
35.718311954289675,-0.73,-2.18,30.46
35.72272564843297,-0.74,-2.18,30.46
35.72722617164254,-0.74,-2.18,30.46
35.73170515149832,-0.73,-2.18,30.46
35.736093286424875,-0.73,-2.18,30.46
35.740613993257284,-0.73,-2.18,30.46
35.74508714303374,-0.73,-2.18,30.46
35.74954332411289,-0.73,-2.18,30.46
35.754017408937216,-0.74,-2.18,30.46
35.7584659345448,-0.74,-2.18,30.46
35.762986317276955,-0.74,-2.18,30.46
35.76735137030482,-0.74,-2.18,30.46
35.77184918895364,-0.73,-2.18,30.47
35.77632800862193,-0.74,-2.18,30.46
35.78078927099705,-0.73,-2.18,30.46
35.7852424941957,-0.74,-2.18,30.46
35.78971625119448,-0.74,-2.18,30.46
35.79419136419892,-0.73,-2.18,30.47
35.79863388836384,-0.74,-2.18,30.47
35.80308340489864,-0.74,-2.18,30.47
35.807541117072105,-0.74,-2.18,30.47
35.812032382935286,-0.74,-2.18,30.47
35.816502936184406,-0.73,-2.17,30.47
35.820949502289295,-0.73,-2.18,30.47
35.82534257695079,-0.73,-2.18,30.47
35.82989135757089,-0.74,-2.18,30.47
35.8342306278646,-0.74,-2.18,30.47
35.838817317038774,-0.73,-2.18,30.47
35.843261644244194,-0.74,-2.18,30.47
35.84771238267422,-0.73,-2.17,30.47
35.85232525318861,-0.74,-2.18,30.47
35.85665776208043,-0.73,-2.18,30.47
35.86103983968496,-0.73,-2.18,30.47
35.86559898033738,-0.74,-2.18,30.47
35.86999938637018,-0.73,-2.18,30.47
35.874471720308065,-0.74,-2.18,30.47
35.87887304276228,-0.74,-2.18,30.47
35.88344277814031,-0.73,-2.18,30.47
35.887899819761515,-0.73,-2.18,30.47
35.892361503094435,-0.74,-2.18,30.47
35.89680956304073,-0.74,-2.18,30.47
35.9012457691133,-0.74,-2.18,30.47
35.90571415796876,-0.74,-2.18,30.47
35.9101940356195,-0.74,-2.18,30.47
35.914593160152435,-0.74,-2.18,30.47
35.9191471748054,-0.73,-2.18,30.47
35.923485819250345,-0.74,-2.18,30.47
35.92806361615658,-0.74,-2.18,30.47
35.9325115121901,-0.74,-2.18,30.47
35.937003783881664,-0.74,-2.18,30.47
35.94142332300544,-0.74,-2.18,30.47
35.945924658328295,-0.73,-2.18,30.47
35.950354900211096,-0.74,-2.18,30.47
35.954797234386206,-0.73,-2.18,30.47
35.9591976031661,-0.74,-2.18,30.47
35.96369210258126,-0.74,-2.18,30.47
35.96823938563466,-0.73,-2.18,30.47
35.97268670797348,-0.74,-2.18,30.47
35.97712881490588,-0.73,-2.18,30.47
35.98161968961358,-0.74,-2.18,30.47
35.98601971939206,-0.73,-2.17,30.47
35.990554217249155,-0.74,-2.18,30.47
35.995001044124365,-0.74,-2.18,30.47
35.99938678368926,-0.74,-2.18,30.47
36.003862749785185,-0.74,-2.18,30.47
36.00840403139591,-0.74,-2.18,30.47
36.01286103948951,-0.74,-2.18,30.47
36.0173124819994,-0.74,-2.18,30.47
36.02178221568465,-0.74,-2.18,30.47
36.02625036984682,-0.73,-2.18,30.47
36.03072205558419,-0.74,-2.18,30.47
36.035083901137114,-0.74,-2.17,30.47
36.03963737562299,-0.74,-2.18,30.47
36.04406517371535,-0.74,-2.18,30.47
36.04847990348935,-0.74,-2.18,30.47
36.05304013565183,-0.73,-2.18,30.47
36.05748774856329,-0.73,-2.17,30.47
36.06195252761245,-0.74,-2.17,30.47
36.06639276072383,-0.73,-2.18,30.47
36.07088207826018,-0.73,-2.18,30.47
36.07533932849765,-0.73,-2.18,30.47
36.07979483157396,-0.73,-2.17,30.47
36.08420642092824,-0.74,-2.18,30.47
36.08870950713754,-0.74,-2.18,30.47
36.09312907233834,-0.73,-2.17,30.47
36.09766282141209,-0.73,-2.17,30.47
36.10212253034115,-0.74,-2.18,30.47
36.106580432504416,-0.74,-2.17,30.47
36.1109953969717,-0.73,-2.18,30.47
36.115503173321486,-0.74,-2.17,30.47
36.11997428163886,-0.73,-2.17,30.47
36.124349635094404,-0.73,-2.17,30.47
36.128895062953234,-0.74,-2.17,30.47
36.13329967483878,-0.74,-2.17,30.47
36.13783864304423,-0.74,-2.17,30.47
36.14228554815054,-0.73,-2.18,30.47
36.146737694740295,-0.74,-2.17,30.47
36.151215728372335,-0.74,-2.18,30.47
36.1556668356061,-0.74,-2.17,30.47
36.16006388887763,-0.73,-2.18,30.47
36.16460122168064,-0.74,-2.18,30.47
36.16906030103564,-0.73,-2.17,30.47
36.173484206199646,-0.74,-2.17,30.47
36.177979454398155,-0.73,-2.17,30.47
36.18232424929738,-0.74,-2.17,30.47
36.186908800154924,-0.74,-2.17,30.47
36.19136914983392,-0.73,-2.17,30.47
36.19584532827139,-0.74,-2.18,30.47
36.20028469339013,-0.74,-2.18,30.47
36.204685647040606,-0.74,-2.18,30.47
36.20917419716716,-0.74,-2.17,30.47
36.21357785910368,-0.73,-2.18,30.47
36.21811667829752,-0.73,-2.17,30.47
36.22259167581797,-0.74,-2.18,30.47
36.22708751633763,-0.74,-2.17,30.47
36.23153171688318,-0.74,-2.17,30.47
36.23600219190121,-0.74,-2.17,30.47
36.24043549224734,-0.74,-2.17,30.47
36.244928281754255,-0.74,-2.17,30.47
36.24936680495739,-0.74,-2.17,30.47
36.253848262131214,-0.74,-2.17,30.47
36.258276361972094,-0.74,-2.18,30.47
36.26274984329939,-0.73,-2.17,30.47
36.26712531596422,-0.74,-2.17,30.47
36.2717120423913,-0.73,-2.17,30.47
36.27616198733449,-0.74,-2.17,30.47
36.280602768063545,-0.73,-2.17,30.47
36.28508151322603,-0.74,-2.17,30.47
36.28951295092702,-0.74,-2.17,30.47
36.294008042663336,-0.74,-2.17,30.47
36.298434033989906,-0.74,-2.17,30.47
36.30292499437928,-0.74,-2.17,30.47
36.307348147034645,-0.74,-2.17,30.47
36.311867356300354,-0.73,-2.17,30.47
36.316336162388325,-0.74,-2.17,30.47
36.32079761847854,-0.74,-2.17,30.47
36.32522566616535,-0.74,-2.17,30.47
36.32972289249301,-0.73,-2.17,30.47
36.33411344513297,-0.74,-2.17,30.47
36.338590916246176,-0.74,-2.17,30.47
36.34303216636181,-0.73,-2.17,30.47
36.34757345914841,-0.74,-2.17,30.47
36.35204243287444,-0.74,-2.17,30.47
36.35647243633866,-0.74,-2.17,30.47
36.36096600443125,-0.74,-2.17,30.47
36.365427892655134,-0.74,-2.17,30.47
36.36989010497928,-0.74,-2.17,30.47
36.37432123720646,-0.74,-2.17,30.47
36.37879592180252,-0.74,-2.17,30.47
36.38326669111848,-0.73,-2.17,30.47
36.38765565305948,-0.73,-2.18,30.47
36.39215449988842,-0.74,-2.17,30.47
36.3966708406806,-0.73,-2.17,30.47
36.401095509529114,-0.74,-2.18,30.47
36.40559087693691,-0.74,-2.17,30.47
36.410027258098125,-0.73,-2.17,30.47
36.41447399184108,-0.74,-2.17,30.47
36.41894127801061,-0.74,-2.17,30.47
36.42343259602785,-0.74,-2.18,30.47
36.427902080118656,-0.74,-2.17,30.47
36.43227018788457,-0.73,-2.17,30.47
36.436832528561354,-0.74,-2.17,30.47
36.441209085285664,-0.73,-2.17,30.47
36.4457568898797,-0.73,-2.17,30.47
36.450220823287964,-0.73,-2.17,30.47
36.45467832311988,-0.74,-2.17,30.47
36.45909261703491,-0.73,-2.17,30.47
36.463579304516315,-0.73,-2.17,30.48
36.46802355721593,-0.73,-2.17,30.48
36.472503293305635,-0.74,-2.17,30.48
36.47691002115607,-0.74,-2.17,30.47
36.48139375075698,-0.73,-2.17,30.48
36.48590583726764,-0.74,-2.17,30.48
36.490386091172695,-0.73,-2.17,30.47
36.4948538467288,-0.74,-2.17,30.47
36.499285228550434,-0.73,-2.17,30.48
36.50377656146884,-0.74,-2.17,30.48
36.50823675096035,-0.74,-2.17,30.48
36.512689877301455,-0.74,-2.17,30.48
36.5171183347702,-0.74,-2.17,30.48
36.52160923555493,-0.73,-2.17,30.48
36.52609557285905,-0.74,-2.17,30.48
36.53045338019729,-0.74,-2.17,30.48
36.535019509494305,-0.74,-2.17,30.48
36.53944543376565,-0.74,-2.16,30.48
36.54390796646476,-0.73,-2.16,30.48
36.548354271799326,-0.74,-2.16,30.48
36.5528496094048,-0.74,-2.16,30.48
36.557292617857456,-0.73,-2.16,30.48
36.561785880476236,-0.74,-2.16,30.48
36.5662426315248,-0.74,-2.16,30.48
36.57067596167326,-0.74,-2.16,30.48
36.57518267631531,-0.74,-2.16,30.48
36.57964717596769,-0.74,-2.16,30.48
36.584071051329374,-0.74,-2.16,30.48
36.58855468779802,-0.74,-2.16,30.48
36.59303209930658,-0.73,-2.16,30.48
36.5974882170558,-0.74,-2.16,30.48
36.60194607451558,-0.73,-2.16,30.48
36.60640708729625,-0.74,-2.16,30.48
36.61077359691262,-0.74,-2.16,30.48
36.615264516323805,-0.74,-2.16,30.48
36.619802221655846,-0.73,-2.16,30.48
36.62424745038152,-0.73,-2.16,30.48
36.628694370388985,-0.73,-2.16,30.48
36.63313829153776,-0.74,-2.16,30.48
36.63766109570861,-0.73,-2.16,30.48
36.642114743590355,-0.73,-2.16,30.48
36.64655575528741,-0.74,-2.16,30.48
36.6509996317327,-0.73,-2.16,30.48
36.6554578281939,-0.74,-2.16,30.48
36.65988667309284,-0.74,-2.16,30.48
36.66442818567157,-0.74,-2.16,30.48
36.66887142509222,-0.74,-2.16,30.48
36.67331886664033,-0.74,-2.16,30.48
36.677791103720665,-0.73,-2.16,30.48
36.68224358931184,-0.74,-2.16,30.48
36.68674621731043,-0.73,-2.16,30.48
36.69118778780103,-0.74,-2.16,30.48
36.69559067115188,-0.74,-2.16,30.48
36.7000181786716,-0.73,-2.17,30.48
36.70460294932127,-0.73,-2.16,30.48
36.709051098674536,-0.74,-2.17,30.48
36.71352207288146,-0.74,-2.17,30.48
36.71798522397876,-0.74,-2.17,30.48
36.722413305193186,-0.74,-2.16,30.48
36.726916346699,-0.73,-2.17,30.48
36.7313326112926,-0.74,-2.16,30.48
36.735826037824154,-0.74,-2.17,30.48
36.74030486121774,-0.74,-2.16,30.48
36.74468131735921,-0.73,-2.16,30.48
36.7490820735693,-0.74,-2.16,30.48
36.75369419902563,-0.74,-2.16,30.48
36.75812513381243,-0.74,-2.16,30.48
36.762565571814775,-0.73,-2.16,30.48
36.76705800741911,-0.74,-2.17,30.48
36.77151829004288,-0.74,-2.16,30.48
36.7759297080338,-0.73,-2.17,30.48
36.78037919849157,-0.74,-2.17,30.48
36.784859012812376,-0.73,-2.16,30.48
36.78936742991209,-0.73,-2.16,30.48
36.79384983703494,-0.74,-2.17,30.48
36.798296589404345,-0.74,-2.17,30.48
36.80277271196246,-0.73,-2.17,30.48
36.80722463130951,-0.73,-2.17,30.48
36.81163293123245,-0.74,-2.17,30.48
36.81615315005183,-0.73,-2.17,30.48
36.82051854208112,-0.74,-2.17,30.48
36.82508393749595,-0.74,-2.17,30.48
36.829582180827856,-0.74,-2.17,30.48
36.83397737890482,-0.73,-2.17,30.48
36.83848851174116,-0.73,-2.16,30.48
36.84291793778539,-0.73,-2.17,30.48
36.847365379333496,-0.73,-2.17,30.48
36.851869992911816,-0.74,-2.17,30.48
36.85629587247968,-0.74,-2.17,30.48
36.860727075487375,-0.74,-2.17,30.48
36.86518045514822,-0.73,-2.17,30.48
36.86971515789628,-0.73,-2.17,30.48
36.87408838421106,-0.73,-2.17,30.48
36.87861394882202,-0.74,-2.17,30.48
36.88309880718589,-0.74,-2.17,30.48
36.887550957500935,-0.73,-2.17,30.48
36.892030119895935,-0.74,-2.16,30.48
36.89643406495452,-0.74,-2.16,30.48
36.90093817934394,-0.73,-2.16,30.48
36.90539576858282,-0.73,-2.16,30.48
36.90985855087638,-0.73,-2.16,30.48
36.914337173104286,-0.73,-2.16,30.48
36.91874020919204,-0.74,-2.16,30.48
36.9232730679214,-0.73,-2.16,30.48
36.9277273491025,-0.74,-2.16,30.48
36.932163901627064,-0.74,-2.16,30.48
36.93661383166909,-0.74,-2.16,30.48
36.94111216813326,-0.73,-2.16,30.48
36.94556379318237,-0.73,-2.16,30.48
36.950026012957096,-0.74,-2.16,30.48
36.9543886333704,-0.73,-2.16,30.48
36.9589308090508,-0.74,-2.16,30.48
36.96339504420757,-0.73,-2.16,30.48
36.967894323170185,-0.74,-2.15,30.48
36.9723424911499,-0.73,-2.16,30.48
36.976824544370174,-0.73,-2.16,30.48
36.98126778751612,-0.73,-2.15,30.48
36.985735680907965,-0.74,-2.16,30.48
36.99021114036441,-0.73,-2.15,30.48
36.994573678821325,-0.73,-2.16,30.48
36.999042335897684,-0.74,-2.16,30.48
37.00351807847619,-0.73,-2.16,30.48
37.00793179124594,-0.73,-2.16,30.48
37.01252289861441,-0.74,-2.16,30.48
37.01698038727045,-0.73,-2.16,30.48
37.02140598744154,-0.74,-2.16,30.48
37.025898173451424,-0.74,-2.16,30.48
37.03030374273658,-0.74,-2.16,30.48
37.03481112420559,-0.74,-2.16,30.48
37.04007571563125,-0.74,-2.16,30.48
37.04372465610504,-0.74,-2.16,30.48
37.04808625951409,-0.74,-2.16,30.48
37.05269242078066,-0.73,-2.16,30.48
37.05714536458254,-0.73,-2.16,30.48
37.06159092485905,-0.74,-2.16,30.48
37.066029857844114,-0.73,-2.16,30.48
37.07050830870867,-0.74,-2.16,30.48
37.07500706985593,-0.73,-2.16,30.48
37.07944279164076,-0.74,-2.16,30.48
37.08392208442092,-0.74,-2.16,30.48
37.08825549855828,-0.74,-2.16,30.48
37.09278779476881,-0.73,-2.16,30.48
37.09732078015804,-0.73,-2.16,30.48
37.10176979005337,-0.73,-2.16,30.48
37.106240693479776,-0.73,-2.16,30.48
37.11070282012224,-0.74,-2.16,30.48
37.115174587816,-0.74,-2.16,30.48
37.11958064138889,-0.73,-2.16,30.48
37.12407390400767,-0.74,-2.16,30.48
37.12854993343353,-0.73,-2.16,30.48
37.132941387593746,-0.73,-2.16,30.48
37.137458350509405,-0.74,-2.16,30.48
37.14194826409221,-0.74,-2.16,30.48
37.14639342576265,-0.74,-2.16,30.48
37.150858744978905,-0.74,-2.15,30.48
37.15531796962023,-0.74,-2.16,30.48
37.15976693108678,-0.74,-2.15,30.48
37.164250534027815,-0.74,-2.15,30.48
37.16869964823127,-0.74,-2.15,30.48
37.17314735427499,-0.73,-2.16,30.48
37.17754002660513,-0.74,-2.15,30.48
37.1820979565382,-0.73,-2.16,30.48
37.18657061830163,-0.74,-2.16,30.48
37.19101673364639,-0.74,-2.15,30.48
37.195506528019905,-0.74,-2.16,30.48
37.19993827491999,-0.74,-2.16,30.48
37.204426132142544,-0.74,-2.16,30.48
37.20882119610906,-0.74,-2.16,30.48
37.21332522109151,-0.74,-2.16,30.48
37.217784989625216,-0.74,-2.16,30.48
37.22223363444209,-0.74,-2.16,30.49
37.226694237440825,-0.73,-2.16,30.48
37.231198113411665,-0.73,-2.16,30.48
37.235633946955204,-0.74,-2.16,30.48
37.24010167643428,-0.74,-2.16,30.48
37.24456196278334,-0.74,-2.16,30.48
37.24904229864478,-0.74,-2.16,30.48
37.25350300595164,-0.73,-2.16,30.48
37.25796689465642,-0.74,-2.16,30.48
37.262363612651825,-0.73,-2.16,30.48
37.266881335526705,-0.74,-2.16,30.48
37.27136904001236,-0.74,-2.16,30.48
37.27581678703427,-0.74,-2.16,30.48
37.280256398022175,-0.74,-2.16,30.48
37.284703228622675,-0.74,-2.16,30.48
37.289192631840706,-0.73,-2.16,30.48
37.29366381466389,-0.74,-2.16,30.48
37.298145812004805,-0.74,-2.16,30.48
37.3025641515851,-0.74,-2.16,30.48
37.30706377699971,-0.74,-2.16,30.48
37.31154357641935,-0.74,-2.16,30.48
37.315990567207336,-0.74,-2.16,30.48
37.320439111441374,-0.74,-2.16,30.48
37.324899438768625,-0.74,-2.16,30.48
37.329328171908855,-0.74,-2.16,30.48
37.333768267184496,-0.74,-2.16,30.48
37.33827547356486,-0.74,-2.16,30.48
37.34269851073623,-0.74,-2.16,30.48
37.347230188548565,-0.73,-2.16,30.48
37.35168778896332,-0.74,-2.16,30.48
37.35605775564909,-0.74,-2.16,30.48
37.360614366829395,-0.74,-2.16,30.48
37.36506450921297,-0.74,-2.16,30.48
37.369533363729715,-0.73,-2.16,30.48
37.373992059379816,-0.74,-2.16,30.48
37.37846248969436,-0.73,-2.16,30.48
37.3828351162374,-0.73,-2.16,30.48
37.3873227648437,-0.74,-2.16,30.48
37.39174087718129,-0.74,-2.16,30.48
37.39620916172862,-0.74,-2.16,30.48
37.400780733674765,-0.73,-2.16,30.48
37.40524999797344,-0.73,-2.16,30.48
37.40969140827656,-0.74,-2.16,30.48
37.41413024812937,-0.74,-2.16,30.48
37.41857556253672,-0.74,-2.16,30.48
37.42302652075887,-0.74,-2.16,30.48
37.4275455661118,-0.74,-2.16,30.48
37.4320228472352,-0.74,-2.16,30.48
37.43639760091901,-0.73,-2.16,30.48
37.44093034788966,-0.74,-2.16,30.48
37.445291344076395,-0.74,-2.16,30.48
37.44986176490784,-0.74,-2.16,30.48
37.45430497825146,-0.73,-2.16,30.48
37.4587828181684,-0.74,-2.16,30.48
37.463199496269226,-0.74,-2.16,30.48
37.467641435563564,-0.73,-2.16,30.48
37.47213752567768,-0.74,-2.16,30.48
37.47654828801751,-0.74,-2.16,30.48
37.48103193938732,-0.74,-2.16,30.48
37.48555552214384,-0.74,-2.16,30.48
37.48989828303456,-0.73,-2.16,30.48
37.49448226392269,-0.74,-2.16,30.48
37.49895054474473,-0.73,-2.16,30.48
37.50338903814554,-0.74,-2.16,30.48
37.50788574293256,-0.74,-2.16,30.48
37.51233001798391,-0.74,-2.16,30.48
37.516800694167614,-0.74,-2.16,30.48
37.52126922085881,-0.74,-2.16,30.48
37.5257339514792,-0.74,-2.16,30.48
37.530165169388056,-0.74,-2.16,30.48
37.534659784287214,-0.74,-2.16,30.48
37.53910981863737,-0.73,-2.16,30.48
37.54358560591936,-0.73,-2.16,30.48
37.54803009331226,-0.74,-2.16,30.48
37.552510753273964,-0.73,-2.16,30.48
37.55692670866847,-0.74,-2.16,30.48
37.56138374656439,-0.74,-2.16,30.48
37.565892450511456,-0.74,-2.16,30.48
37.57035291194916,-0.74,-2.16,30.48
37.57472554221749,-0.73,-2.16,30.48
37.57928552478552,-0.74,-2.16,30.48
37.58373470231891,-0.73,-2.16,30.48
37.58820628747344,-0.74,-2.16,30.48
37.59265864640474,-0.74,-2.16,30.48
37.59711639583111,-0.74,-2.16,30.48
37.60155290737748,-0.73,-2.16,30.48
37.60605572164059,-0.74,-2.16,30.48
37.61048261076212,-0.73,-2.16,30.48
37.61495867744088,-0.74,-2.16,30.48
37.61936844140291,-0.73,-2.16,30.48
37.62390998750925,-0.74,-2.16,30.48
37.628370087593794,-0.74,-2.16,30.48
37.632798068225384,-0.74,-2.16,30.48
37.637298963963985,-0.74,-2.16,30.48
37.64176446571946,-0.74,-2.16,30.48
37.64622099325061,-0.74,-2.16,30.48
37.6505732126534,-0.74,-2.16,30.48
37.65510445460677,-0.74,-2.17,30.48
37.65949473157525,-0.73,-2.17,30.48
37.6640834659338,-0.74,-2.17,30.48
37.66853963211179,-0.74,-2.16,30.48
37.67297533899546,-0.74,-2.17,30.48
37.67745727300644,-0.74,-2.16,30.48
37.68189034983516,-0.74,-2.17,30.48
37.686391957104206,-0.73,-2.16,30.48
37.690856635570526,-0.73,-2.16,30.48
37.69528991356492,-0.74,-2.16,30.48
37.69972938671708,-0.74,-2.16,30.48
37.7042114213109,-0.73,-2.16,30.48
37.70870681107044,-0.74,-2.16,30.48
37.713149443268776,-0.74,-2.16,30.48
37.71763950586319,-0.73,-2.16,30.48
37.72207219153643,-0.73,-2.16,30.48
37.72653452306986,-0.73,-2.16,30.48
37.731019247323275,-0.74,-2.16,30.48
37.73547239601612,-0.74,-2.16,30.48
37.73991937562823,-0.74,-2.17,30.48
37.744314547628164,-0.74,-2.16,30.49
37.74879188090563,-0.74,-2.17,30.48
37.753330666571856,-0.74,-2.16,30.48
37.75777554139495,-0.74,-2.16,30.48
37.76222467049956,-0.73,-2.16,30.48
37.76671863347292,-0.74,-2.16,30.48
37.77116508036852,-0.73,-2.16,30.48
37.775624856352806,-0.74,-2.16,30.48
37.78006315976381,-0.74,-2.16,30.48
37.784474298357964,-0.74,-2.17,30.48
37.78897736221552,-0.74,-2.17,30.48
37.79341850429773,-0.74,-2.17,30.48
37.79795181378722,-0.73,-2.17,30.48
37.80239491537213,-0.74,-2.17,30.48
37.80687231943011,-0.74,-2.17,30.48
37.8113510645926,-0.74,-2.16,30.48
37.81576653569937,-0.74,-2.16,30.48
37.8202151209116,-0.74,-2.17,30.48
37.824723567813635,-0.74,-2.16,30.48
37.829203601926565,-0.74,-2.16,30.48
37.83359757810831,-0.73,-2.16,30.48
37.838088508695364,-0.74,-2.17,30.48
37.842580150812864,-0.74,-2.16,30.48
37.847051963210106,-0.74,-2.16,30.48
37.8514979891479,-0.73,-2.16,30.48
37.855916637927294,-0.74,-2.16,30.48
37.86043186113238,-0.74,-2.16,30.48
37.86488937586546,-0.74,-2.16,30.48
37.869329664856195,-0.74,-2.16,30.48
37.87369429692626,-0.74,-2.16,30.49
37.878300830721855,-0.74,-2.16,30.48
37.88275779038668,-0.74,-2.16,30.49
37.8872013874352,-0.74,-2.16,30.48
37.891673132777214,-0.74,-2.16,30.48
37.89614063501358,-0.73,-2.16,30.48
37.9005938693881,-0.73,-2.16,30.49
37.905019387602806,-0.74,-2.16,30.48
37.909523747861385,-0.74,-2.16,30.48
37.913993906229734,-0.74,-2.15,30.48
37.918428141623735,-0.74,-2.15,30.48
37.92283980175853,-0.74,-2.16,30.48
37.927376728504896,-0.74,-2.16,30.48
37.93182539567351,-0.73,-2.16,30.48
37.936307426542044,-0.74,-2.16,30.48
37.94076984375715,-0.74,-2.16,30.48
37.945153903216124,-0.74,-2.16,30.48
37.94963653758168,-0.74,-2.16,30.48
37.95413159951568,-0.74,-2.16,30.48
37.95866918191314,-0.74,-2.16,30.48
37.9629870839417,-0.73,-2.16,30.48
37.96743931248784,-0.74,-2.16,30.48
37.97202304378152,-0.74,-2.16,30.48
37.97644766792655,-0.74,-2.16,30.48
37.980930522084236,-0.73,-2.16,30.48
37.98539759591222,-0.74,-2.16,30.48
37.98978067189455,-0.74,-2.15,30.48
37.99432222172618,-0.74,-2.16,30.48
37.99877744913101,-0.74,-2.15,30.48
38.00311476737261,-0.74,-2.16,30.48
38.0075999610126,-0.74,-2.15,30.48
38.01216012239456,-0.74,-2.15,30.48
38.01661982759833,-0.74,-2.15,30.48
38.021067421883345,-0.74,-2.15,30.48
38.02555229514837,-0.74,-2.15,30.48
38.029999408870935,-0.74,-2.15,30.48
38.034460954368114,-0.74,-2.16,30.48
38.038906056433916,-0.74,-2.16,30.48
38.043307553976774,-0.74,-2.16,30.48
38.04784972220659,-0.73,-2.16,30.48
38.052323661744595,-0.74,-2.16,30.48
38.05680241808295,-0.74,-2.16,30.48
38.06124809011817,-0.74,-2.16,30.48
38.06571630388498,-0.73,-2.16,30.48
38.0701540261507,-0.74,-2.16,30.48
38.074614342302084,-0.74,-2.16,30.48
38.079110596328974,-0.74,-2.16,30.48
38.08351292461157,-0.73,-2.16,30.48
38.088044214993715,-0.74,-2.16,30.48
38.092468820512295,-0.73,-2.15,30.48
38.09684107452631,-0.74,-2.16,30.48
38.10142742097378,-0.74,-2.16,30.48
38.105867587029934,-0.74,-2.16,30.48
38.11035891994834,-0.74,-2.16,30.48
38.11479701474309,-0.74,-2.16,30.48
38.119208700954914,-0.73,-2.16,30.48
38.123739026486874,-0.74,-2.16,30.48
38.128206849098206,-0.74,-2.16,30.48
38.13256103917956,-0.74,-2.16,30.48
38.13713590055704,-0.74,-2.16,30.48
38.14157980680466,-0.74,-2.16,30.48
38.14604713022709,-0.74,-2.16,30.48
38.1505208350718,-0.73,-2.16,30.48
38.15496503934264,-0.74,-2.16,30.48
38.15942103788257,-0.74,-2.16,30.48
38.16391223669052,-0.74,-2.16,30.48
38.16835301741958,-0.74,-2.16,30.48
38.1727824434638,-0.74,-2.16,30.48
38.177251145243645,-0.74,-2.16,30.48
38.18174587190151,-0.74,-2.16,30.48
38.18620419129729,-0.74,-2.16,30.48
38.19066742435098,-0.74,-2.16,30.48
38.19513024017215,-0.74,-2.16,30.48
38.199590403586626,-0.74,-2.16,30.48
38.20403081178665,-0.74,-2.16,30.48
38.208445247262716,-0.74,-2.16,30.48
38.21298931911588,-0.74,-2.16,30.48
38.21742041409016,-0.74,-2.16,30.48
38.221846625208855,-0.74,-2.16,30.48
38.226306695491076,-0.74,-2.16,30.48
38.230848386883736,-0.74,-2.16,30.48
38.235297072678804,-0.74,-2.16,30.48
38.23976616933942,-0.74,-2.16,30.48
38.244187228381634,-0.74,-2.16,30.48
38.24862998723984,-0.74,-2.16,30.48
38.253157041966915,-0.74,-2.16,30.48
38.2575550340116,-0.74,-2.16,30.48
38.26208195835352,-0.74,-2.16,30.48
38.26653844490647,-0.73,-2.16,30.48
38.27100808545947,-0.74,-2.16,30.48
38.27546824142337,-0.74,-2.16,30.48
38.27993484959006,-0.74,-2.16,30.48
38.2843750603497,-0.74,-2.16,30.48
38.28884245082736,-0.74,-2.16,30.48
38.293316192924976,-0.74,-2.16,30.48
38.297776725143194,-0.73,-2.16,30.48
38.30217229574919,-0.74,-2.16,30.48
38.30669466406107,-0.74,-2.16,30.48
38.31111306324601,-0.74,-2.16,30.48
38.31561613827944,-0.74,-2.16,30.48
38.32010171189904,-0.74,-2.16,30.48
38.32454704120755,-0.74,-2.16,30.48
38.329030342400074,-0.74,-2.16,30.48
38.33360768854618,-0.74,-2.16,30.48
38.33787543326616,-0.74,-2.16,30.48
38.34237792342901,-0.74,-2.16,30.48
38.34686337783933,-0.74,-2.16,30.48
38.35124679654837,-0.74,-2.16,30.48
38.355734787881374,-0.74,-2.16,30.48
38.360270496457815,-0.73,-2.16,30.48
38.36471723765135,-0.73,-2.16,30.48
38.36916026100516,-0.73,-2.16,30.48
38.37362964451313,-0.74,-2.16,30.48
38.378108613193035,-0.73,-2.16,30.48
38.38255560398102,-0.74,-2.16,30.48
38.38703100755811,-0.74,-2.16,30.48
38.3914804905653,-0.74,-2.16,30.48
38.39590724185109,-0.74,-2.16,30.48
38.400349620729685,-0.74,-2.16,30.48
38.404796589165926,-0.73,-2.16,30.48
38.409341625869274,-0.74,-2.16,30.48
38.41382199525833,-0.74,-2.16,30.48
38.41826790943742,-0.73,-2.16,30.48
38.423182379454374,-0.74,-2.16,30.48
38.4271916821599,-0.74,-2.16,30.48
38.43156496807933,-0.74,-2.16,30.48
38.43604130297899,-0.74,-2.16,30.48
38.440532863140106,-0.73,-2.16,30.48
38.44494296237826,-0.74,-2.16,30.48
38.44952838867903,-0.74,-2.16,30.48
38.45398496091366,-0.74,-2.16,30.48
38.45840710029006,-0.73,-2.16,30.48
38.46285789087415,-0.74,-2.17,30.48
38.46735707297921,-0.74,-2.17,30.48
38.47181195765734,-0.74,-2.16,30.48
38.476191110908985,-0.73,-2.16,30.48
38.48074949532747,-0.74,-2.16,30.48
38.485114093869925,-0.74,-2.16,30.48
38.48967721685767,-0.73,-2.16,30.48
38.49414211511612,-0.74,-2.16,30.48
38.49859320744872,-0.74,-2.16,30.48
38.503065910190344,-0.73,-2.16,30.48
38.507494270801544,-0.74,-2.16,30.48
38.511940605938435,-0.73,-2.16,30.48
38.51641605421901,-0.74,-2.16,30.48
38.52085342258215,-0.74,-2.16,30.48
38.525365550071,-0.74,-2.16,30.48
38.52973311766982,-0.74,-2.16,30.48
38.534298706799746,-0.73,-2.16,30.48
38.53876780346036,-0.74,-2.16,30.48
38.543215818703175,-0.74,-2.16,30.48
38.54768335446715,-0.73,-2.16,30.48
38.552101727575064,-0.74,-2.16,30.48
38.556574534624815,-0.73,-2.16,30.48
38.56108669936657,-0.74,-2.16,30.48
38.56547012552619,-0.74,-2.16,30.48
38.56997628509998,-0.74,-2.16,30.48
38.57446514070034,-0.74,-2.16,30.48
38.57893942296505,-0.73,-2.16,30.48
38.5833979845047,-0.74,-2.16,30.48
38.58786263689399,-0.74,-2.16,30.48
38.592321421951056,-0.74,-2.16,30.48
38.596764639019966,-0.74,-2.16,30.48
38.601201079785824,-0.73,-2.16,30.48
38.60564246028662,-0.74,-2.16,30.48
38.610149804502726,-0.73,-2.16,30.48
38.61453702673316,-0.73,-2.16,30.48
38.618993408977985,-0.74,-2.16,30.48
38.62356749549508,-0.74,-2.16,30.48
38.6280072927475,-0.74,-2.16,30.48
38.63246554881334,-0.74,-2.16,30.48
38.63693690299988,-0.74,-2.16,30.48
38.64135019853711,-0.74,-2.16,30.48
38.64587165787816,-0.74,-2.16,30.48
38.650267735123634,-0.73,-2.16,30.48
38.65479961782694,-0.73,-2.16,30.48
38.65920043736696,-0.73,-2.16,30.48
38.66365156695247,-0.73,-2.16,30.48
38.668190855532885,-0.74,-2.16,30.48
38.672637443989515,-0.74,-2.16,30.48
38.67709281668067,-0.73,-2.16,30.48
38.68155701458454,-0.74,-2.16,30.48
38.68597969785333,-0.74,-2.16,30.48
38.69049480184913,-0.74,-2.16,30.48
38.694921370595694,-0.73,-2.16,30.48
38.699390072375536,-0.74,-2.16,30.48
38.70385005325079,-0.73,-2.16,30.48
38.70834659412503,-0.73,-2.16,30.48
38.712815299630165,-0.73,-2.16,30.49
38.717259008437395,-0.74,-2.16,30.48
38.721731532365084,-0.74,-2.16,30.48
38.72619539126754,-0.74,-2.16,30.48
38.73059194535017,-0.74,-2.16,30.48
38.73539312183857,-0.74,-2.16,30.48
38.73955053463578,-0.74,-2.16,30.49
38.74400904402137,-0.74,-2.16,30.48
38.74851379543543,-0.73,-2.16,30.48
38.75290145352483,-0.74,-2.16,30.49
38.75743876770139,-0.74,-2.16,30.48
38.761901039630175,-0.74,-2.16,30.49
38.76636031642556,-0.74,-2.16,30.48
38.770829658955336,-0.74,-2.16,30.48
38.7752643302083,-0.74,-2.16,30.49
38.779671523720026,-0.74,-2.16,30.48
38.78418839350343,-0.74,-2.16,30.48
38.78868383914232,-0.74,-2.16,30.48
38.79313725978136,-0.73,-2.16,30.48
38.79761003702879,-0.74,-2.16,30.49
38.80205873027444,-0.73,-2.16,30.48
38.80652792751789,-0.73,-2.16,30.48
38.81095043942332,-0.74,-2.16,30.49
38.81545681506395,-0.73,-2.16,30.48
38.819875840097666,-0.74,-2.16,30.49
38.82427974790335,-0.74,-2.16,30.49
38.82884193211794,-0.74,-2.16,30.49
38.8333028703928,-0.74,-2.16,30.48
38.837766755372286,-0.74,-2.16,30.49
38.842234808951616,-0.74,-2.16,30.49
38.84668231755495,-0.74,-2.17,30.49
38.851139195263386,-0.74,-2.16,30.48
38.855617232620716,-0.73,-2.16,30.48
38.86007171496749,-0.74,-2.16,30.49
38.864544462412596,-0.73,-2.16,30.49
38.86900169029832,-0.74,-2.16,30.49
38.87337179854512,-0.74,-2.16,30.49
38.87791345641017,-0.74,-2.16,30.49
38.882336258888245,-0.73,-2.16,30.49
38.886858355253935,-0.73,-2.17,30.49
38.89131039008498,-0.74,-2.17,30.49
38.89575173705816,-0.74,-2.17,30.49
38.90022146329284,-0.73,-2.17,30.49
38.90464103221893,-0.73,-2.17,30.49
38.90914900228381,-0.74,-2.17,30.49
38.91363486275077,-0.74,-2.16,30.49
38.91810518503189,-0.74,-2.17,30.49
38.922512132674456,-0.74,-2.17,30.49
38.92699161544442,-0.74,-2.17,30.49
38.93148086592555,-0.73,-2.17,30.49
38.93592735752463,-0.74,-2.17,30.49
38.94040057435632,-0.73,-2.17,30.49
38.944856498390436,-0.73,-2.17,30.49
38.94929242879152,-0.73,-2.17,30.49
38.953805051743984,-0.73,-2.17,30.49
38.95816508308053,-0.74,-2.16,30.49
38.96272737905383,-0.73,-2.16,30.49
38.96714700013399,-0.73,-2.16,30.49
38.97166024893522,-0.73,-2.16,30.49
38.97611179202795,-0.74,-2.16,30.49
38.98054878413677,-0.73,-2.16,30.49
38.98499120399356,-0.74,-2.16,30.49
38.98943907395005,-0.74,-2.16,30.49
38.993947852402925,-0.73,-2.16,30.49
38.99841333180666,-0.73,-2.16,30.49
39.00286980718374,-0.73,-2.16,30.49
39.00733768194914,-0.74,-2.16,30.49
39.01179517433047,-0.73,-2.16,30.49
39.01628344506025,-0.73,-2.16,30.49
39.02073026075959,-0.74,-2.16,30.49
39.025195233523846,-0.74,-2.16,30.49
39.0296544469893,-0.74,-2.16,30.49
39.0341134481132,-0.74,-2.16,30.49
39.03859060257673,-0.74,-2.16,30.49
39.04298418387771,-0.73,-2.16,30.49
39.04743519797921,-0.74,-2.16,30.49
39.051876924932,-0.73,-2.16,30.49
39.05634279176593,-0.74,-2.16,30.49
39.060905653983355,-0.74,-2.16,30.49
39.065356988459826,-0.74,-2.16,30.49
39.069827891886234,-0.73,-2.16,30.49
39.07426260411739,-0.74,-2.16,30.49
39.07874207571149,-0.74,-2.16,30.49
39.083188965916634,-0.74,-2.16,30.49
39.08760925754905,-0.74,-2.16,30.49
39.092145681381226,-0.74,-2.16,30.49
39.096603736281395,-0.74,-2.16,30.49
39.10097185149789,-0.74,-2.16,30.49
39.105532485991716,-0.73,-2.16,30.49
39.10997634753585,-0.73,-2.16,30.49
39.11442628875375,-0.73,-2.16,30.49
39.11892733350396,-0.74,-2.16,30.49
39.12335658818483,-0.74,-2.16,30.49
39.127801556140184,-0.74,-2.16,30.49
39.132258132100105,-0.74,-2.16,30.49
39.13674505054951,-0.74,-2.16,30.49
39.14119666069746,-0.73,-2.16,30.49
39.145704220980406,-0.74,-2.16,30.49
39.15015309303999,-0.73,-2.16,30.49
39.15459652990103,-0.74,-2.16,30.49
39.15907730534673,-0.73,-2.16,30.49
39.163514614105225,-0.74,-2.16,30.49
39.16801043972373,-0.74,-2.16,30.49
39.17247153073549,-0.73,-2.16,30.49
39.17689937353134,-0.74,-2.16,30.49
39.1813453361392,-0.74,-2.16,30.49
39.18576738610864,-0.74,-2.16,30.49
39.19032894447446,-0.74,-2.16,30.49
39.19477790221572,-0.73,-2.16,30.49
39.19921673834324,-0.74,-2.15,30.49
39.20366521552205,-0.74,-2.16,30.49
39.208157170563936,-0.74,-2.16,30.49
39.21261854097247,-0.74,-2.15,30.49
39.217064302414656,-0.73,-2.15,30.49
39.22153014317155,-0.73,-2.15,30.49
39.225961081683636,-0.74,-2.15,30.49
39.23044792935252,-0.74,-2.15,30.49
39.23495505750179,-0.73,-2.15,30.49
39.239402793347836,-0.74,-2.15,30.49
39.24384632334113,-0.74,-2.15,30.49
39.24832020699978,-0.74,-2.15,30.49
39.2527696415782,-0.74,-2.15,30.49
39.25723531097174,-0.73,-2.15,30.49
39.26169877499342,-0.74,-2.15,30.49
39.26618218421936,-0.74,-2.15,30.49
39.27063896879554,-0.74,-2.15,30.49
39.27503364905715,-0.73,-2.15,30.49
39.27957446873188,-0.73,-2.15,30.49
39.2840227112174,-0.73,-2.15,30.49
39.288503762334585,-0.74,-2.15,30.49
39.292913388460875,-0.74,-2.15,30.49
39.29738522693515,-0.73,-2.15,30.49
39.30187237262726,-0.74,-2.15,30.49
39.306281097233295,-0.74,-2.15,30.49
39.31079733744264,-0.73,-2.15,30.49
39.315285976976156,-0.73,-2.15,30.49
39.31965059414506,-0.73,-2.15,30.49
39.32419579848647,-0.74,-2.15,30.49
39.32865760475397,-0.74,-2.15,30.49
39.33311913534999,-0.74,-2.15,30.49
39.337534945458174,-0.74,-2.15,30.49
39.3419765047729,-0.73,-2.15,30.49
39.34649658948183,-0.74,-2.15,30.49
39.35097808018327,-0.74,-2.15,30.49
39.35536835715175,-0.73,-2.15,30.49
39.35989960283041,-0.74,-2.15,30.49
39.36423759162426,-0.73,-2.15,30.49
39.368821032345295,-0.74,-2.15,30.49
39.37329488247633,-0.73,-2.15,30.49
39.37773221731186,-0.74,-2.15,30.49
39.38217571750283,-0.73,-2.15,30.49
39.38666278868914,-0.74,-2.15,30.49
39.39104799181223,-0.74,-2.15,30.49
39.3956083022058,-0.73,-2.16,30.49
39.39999758824706,-0.74,-2.16,30.49
39.40450195968151,-0.74,-2.15,30.49
39.40900191292167,-0.73,-2.16,30.49
39.413462199270725,-0.73,-2.16,30.49
39.417919177562,-0.73,-2.16,30.49
39.42232941836119,-0.74,-2.16,30.49
39.42678056284785,-0.73,-2.16,30.49
39.43130990117788,-0.74,-2.16,30.49
39.43570505082607,-0.74,-2.16,30.49
39.44022645428777,-0.74,-2.16,30.49
39.444666139781475,-0.74,-2.16,30.49
39.44908370450139,-0.74,-2.16,30.49
39.45362067222595,-0.73,-2.16,30.49
39.45806581899524,-0.73,-2.16,30.49
39.46251332759857,-0.73,-2.16,30.49
39.467022594064474,-0.74,-2.16,30.49
39.471468575298786,-0.73,-2.16,30.49
39.475931003689766,-0.74,-2.16,30.49
39.48032055050135,-0.73,-2.16,30.49
39.48482636734843,-0.74,-2.16,30.49
39.48925928771496,-0.74,-2.16,30.49
39.49375082552433,-0.73,-2.16,30.49
39.498242273926735,-0.74,-2.16,30.49
39.50268913060427,-0.74,-2.17,30.49
39.50717222318053,-0.74,-2.17,30.49
39.51162155717611,-0.74,-2.17,30.49
39.516102001070976,-0.73,-2.17,30.49
39.520468790084124,-0.74,-2.17,30.49
39.52501894161105,-0.73,-2.17,30.49
39.52947437018156,-0.73,-2.17,30.49
39.5339545160532,-0.73,-2.17,30.49
39.53834865987301,-0.74,-2.17,30.49
39.542870964854956,-0.74,-2.17,30.49
39.54731149598956,-0.74,-2.17,30.49
39.55175272747874,-0.74,-2.17,30.49
39.556257765740156,-0.74,-2.17,30.49
39.56067997217178,-0.73,-2.17,30.49
39.565173506736755,-0.74,-2.17,30.49
39.569617077708244,-0.74,-2.17,30.49
39.574087243527174,-0.74,-2.17,30.49
39.578577890992165,-0.74,-2.17,30.49
39.58304540812969,-0.74,-2.17,30.49
39.58748693391681,-0.74,-2.17,30.49
39.591970562934875,-0.74,-2.17,30.49
39.59640749171376,-0.73,-2.17,30.49
39.600878052413464,-0.74,-2.17,30.49
39.60535138845444,-0.74,-2.17,30.49
39.609800923615694,-0.73,-2.17,30.49
39.614156790077686,-0.74,-2.17,30.49
39.61872744187713,-0.74,-2.17,30.49
39.623079769313335,-0.73,-2.17,30.49
39.62767077609897,-0.74,-2.17,30.49
39.63212090358138,-0.73,-2.17,30.49
39.63656189665198,-0.73,-2.17,30.49
39.64103638380766,-0.73,-2.17,30.49
39.6454772464931,-0.73,-2.17,30.49
39.64994889870286,-0.74,-2.17,30.49
39.65442069992423,-0.74,-2.17,30.49
39.658852733671665,-0.74,-2.17,30.49
39.6633276194334,-0.74,-2.17,30.49
39.66771096363664,-0.74,-2.17,30.49
39.67229203507304,-0.74,-2.17,30.49
39.67674059793353,-0.74,-2.17,30.49
39.681195475161076,-0.74,-2.17,30.5
39.68566287308931,-0.74,-2.17,30.5
39.69010393321514,-0.74,-2.17,30.49
39.694511123001575,-0.74,-2.17,30.5
39.699132446199656,-0.74,-2.17,30.49
39.7035178989172,-0.74,-2.17,30.5
39.707971926778555,-0.74,-2.17,30.49
39.71242359653115,-0.74,-2.17,30.5
39.71692666038871,-0.74,-2.17,30.49
39.72136236727238,-0.73,-2.17,30.5
39.72580603137612,-0.74,-2.17,30.5
39.73027462139726,-0.73,-2.17,30.49
39.73469442501664,-0.74,-2.17,30.49
39.73921160027385,-0.74,-2.17,30.49
39.743690226227045,-0.74,-2.17,30.5
39.748164020478725,-0.74,-2.17,30.5
39.752556435763836,-0.74,-2.18,30.49
39.757089007645845,-0.73,-2.17,30.49
39.761541090905666,-0.73,-2.17,30.49
39.76597932726145,-0.74,-2.18,30.49
39.770446602255106,-0.73,-2.17,30.49
39.77493717521429,-0.74,-2.17,30.49
39.77938127145171,-0.73,-2.17,30.49
39.78376251459122,-0.74,-2.17,30.5
39.78831680864096,-0.74,-2.17,30.49
39.79269773513079,-0.73,-2.17,30.49
39.79722609743476,-0.73,-2.17,30.49
39.80171217396855,-0.73,-2.17,30.49
39.80615869909525,-0.74,-2.17,30.49
39.810607731342316,-0.73,-2.17,30.5
39.815083138644695,-0.74,-2.17,30.49
39.81952624768019,-0.74,-2.17,30.49
39.823977276682854,-0.74,-2.17,30.49
39.828489530831575,-0.73,-2.17,30.49
39.83291868120432,-0.74,-2.17,30.49
39.837269362062216,-0.74,-2.17,30.49
39.84176341444254,-0.74,-2.17,30.5
39.8463374003768,-0.74,-2.17,30.49
39.85078728199005,-0.74,-2.17,30.49
39.855256736278534,-0.74,-2.17,30.5
39.85967384651303,-0.74,-2.17,30.49
39.86415072157979,-0.74,-2.17,30.5
39.86864944547415,-0.73,-2.17,30.49
39.87308933213353,-0.74,-2.17,30.49
39.877446841448545,-0.74,-2.17,30.49
39.88203791901469,-0.74,-2.17,30.49
39.886496379971504,-0.74,-2.17,30.49
39.89096239954233,-0.73,-2.17,30.49
39.89543678984046,-0.73,-2.17,30.49
39.89985128864646,-0.74,-2.17,30.49
39.90429629012942,-0.73,-2.17,30.49
39.9087423235178,-0.74,-2.17,30.49
39.91327532753348,-0.74,-2.17,30.49
39.91762977093458,-0.74,-2.17,30.5
39.9220932982862,-0.74,-2.17,30.49
39.92655425146222,-0.74,-2.17,30.49
39.93104895576835,-0.74,-2.17,30.49
39.935587618499994,-0.74,-2.17,30.49
39.94003249332309,-0.74,-2.17,30.49
39.944509636610746,-0.74,-2.17,30.49
39.94894215092063,-0.74,-2.17,30.49
39.953412123024464,-0.74,-2.17,30.49
39.957883819937706,-0.74,-2.17,30.49
39.962331522256136,-0.73,-2.17,30.49
39.966786820441484,-0.73,-2.17,30.49
39.97113844379783,-0.74,-2.17,30.49
39.975769598037004,-0.74,-2.17,30.49
39.98021188005805,-0.73,-2.17,30.5
39.98465186357498,-0.74,-2.17,30.5
39.98911505937576,-0.73,-2.17,30.49
39.993581004440784,-0.73,-2.17,30.49
39.998050671070814,-0.74,-2.17,30.5
40.002510864287615,-0.74,-2.17,30.5
40.00699318945408,-0.73,-2.17,30.49
40.01140470430255,-0.74,-2.17,30.49
40.015882801264524,-0.74,-2.17,30.49
40.020385809242725,-0.74,-2.17,30.5
40.024844631552696,-0.74,-2.17,30.5
40.02931119501591,-0.74,-2.17,30.49
40.0337701626122,-0.73,-2.18,30.49
40.03819827362895,-0.73,-2.17,30.5
40.042648546397686,-0.74,-2.17,30.5
40.04710019752383,-0.73,-2.17,30.49
40.05158207193017,-0.73,-2.17,30.49
40.05599906295538,-0.74,-2.18,30.5
40.06044292077422,-0.73,-2.17,30.49
40.065010368824005,-0.73,-2.18,30.5
40.069474294781685,-0.73,-2.17,30.5
40.07390155643225,-0.74,-2.17,30.5
40.07839326187968,-0.74,-2.17,30.49
40.08284841477871,-0.73,-2.17,30.5
40.08731907233596,-0.74,-2.18,30.5
40.09178786352277,-0.74,-2.17,30.5
40.096228048205376,-0.74,-2.17,30.5
40.1006930693984,-0.73,-2.17,30.5
40.105152145028114,-0.74,-2.17,30.5
40.10963286086917,-0.73,-2.17,30.5
40.11407537013292,-0.74,-2.17,30.49
40.118523348122835,-0.74,-2.17,30.5
40.122999999672174,-0.74,-2.17,30.5
40.1274749673903,-0.74,-2.17,30.5
40.13193540647626,-0.73,-2.17,30.5
40.136396802961826,-0.74,-2.17,30.5
40.14085191115737,-0.73,-2.17,30.5
40.14531343430281,-0.74,-2.18,30.5
40.149805683642626,-0.73,-2.17,30.5
40.154258485883474,-0.73,-2.17,30.5
40.15871597453952,-0.74,-2.18,30.5
40.1631707213819,-0.74,-2.18,30.5
40.167620439082384,-0.73,-2.17,30.5
40.17209516465664,-0.74,-2.17,30.5
40.176503010094166,-0.73,-2.18,30.5
40.18100917339325,-0.74,-2.17,30.5
40.18540197983384,-0.74,-2.17,30.5
40.18995576351881,-0.74,-2.17,30.5
40.19443107023835,-0.73,-2.17,30.5
40.19887889921665,-0.74,-2.17,30.5
40.20332193374634,-0.73,-2.17,30.5
40.20781695842743,-0.73,-2.17,30.5
40.212263111025095,-0.74,-2.17,30.5
40.21671949699521,-0.74,-2.17,30.5
40.221190728247166,-0.74,-2.17,30.5
40.225669492036104,-0.73,-2.17,30.5
40.23004109784961,-0.73,-2.17,30.5
40.23458367213607,-0.74,-2.17,30.5
40.23905824124813,-0.74,-2.17,30.5
40.243499264121056,-0.74,-2.17,30.49
40.247942589223385,-0.73,-2.17,30.5
40.25238687545061,-0.74,-2.17,30.49
40.25683131068945,-0.74,-2.17,30.49
40.26136661320925,-0.74,-2.17,30.5
40.26581967622042,-0.74,-2.17,30.5
40.27027215436101,-0.74,-2.17,30.5
40.27470565959811,-0.74,-2.17,30.5
40.27921134606004,-0.74,-2.17,30.5
40.28367768973112,-0.74,-2.17,30.5
40.28812072053552,-0.73,-2.17,30.5
40.29257411882281,-0.73,-2.17,30.5
40.297072287648916,-0.74,-2.16,30.5
40.30153873190284,-0.73,-2.16,30.5
40.30598180741072,-0.74,-2.16,30.5
40.310441326349974,-0.74,-2.16,30.5
40.31489898636937,-0.74,-2.16,30.5
40.31938046962023,-0.74,-2.16,30.5
40.32380745187402,-0.74,-2.16,30.5
40.328302193433046,-0.74,-2.16,30.5
40.3327447026968,-0.74,-2.16,30.5
40.337193466722965,-0.74,-2.16,30.5
40.34169280529022,-0.74,-2.16,30.5
40.34613485261798,-0.74,-2.16,30.5
40.350564293563366,-0.73,-2.16,30.5
40.35507381334901,-0.73,-2.16,30.49
40.35954054445028,-0.74,-2.16,30.5
40.36397332325578,-0.73,-2.16,30.5
40.36847506090999,-0.74,-2.16,30.5
40.3729316405952,-0.73,-2.16,30.49
40.37739159539342,-0.74,-2.17,30.49
40.38182209432125,-0.74,-2.16,30.49
40.386299170553684,-0.74,-2.17,30.5
40.390742760151625,-0.73,-2.17,30.5
40.39523335173726,-0.74,-2.17,30.5
40.3996337428689,-0.73,-2.17,30.5
40.40416041761637,-0.74,-2.17,30.5
40.40859470516443,-0.74,-2.17,30.5
40.41310519352555,-0.74,-2.17,30.5
40.41754873842001,-0.74,-2.16,30.5
40.421994887292385,-0.74,-2.17,30.5
40.42647202312946,-0.73,-2.17,30.5
40.43093531578779,-0.73,-2.17,30.5
40.435373805463314,-0.74,-2.17,30.5
40.43985581025481,-0.73,-2.17,30.5
40.444343853741884,-0.74,-2.17,30.5
40.4487983584404,-0.74,-2.17,30.5
40.45324043557048,-0.73,-2.17,30.5
40.45773248001933,-0.73,-2.17,30.5
40.46216984093189,-0.74,-2.17,30.5
40.46661529317498,-0.74,-2.17,30.5
40.47107346355915,-0.74,-2.17,30.5
40.475502867251635,-0.74,-2.17,30.5
40.480019215494394,-0.74,-2.17,30.5
40.484422244131565,-0.74,-2.17,30.5
40.48894776403904,-0.74,-2.17,30.5
40.4933771006763,-0.74,-2.17,30.5
40.497850857675076,-0.74,-2.17,30.5
40.502344746142626,-0.74,-2.17,30.5
40.50679061934352,-0.74,-2.17,30.5
40.51127611473203,-0.74,-2.17,30.5
40.51567953824997,-0.74,-2.17,30.5
40.52018328383565,-0.74,-2.17,30.5
40.52463344857097,-0.74,-2.17,30.5
40.52907585725188,-0.74,-2.17,30.5
40.53359617292881,-0.74,-2.17,30.5
40.537977550178766,-0.74,-2.17,30.5
40.54244489222765,-0.73,-2.17,30.5
40.54696983471513,-0.74,-2.17,30.5
40.55141483619809,-0.73,-2.17,30.5
40.55589911714196,-0.74,-2.17,30.5
40.56033781915903,-0.74,-2.17,30.5
40.564769707620144,-0.74,-2.17,30.49
40.56927943229675,-0.74,-2.17,30.5
40.57371739298105,-0.74,-2.17,30.49
40.578118450939655,-0.74,-2.17,30.5
40.58258539438248,-0.73,-2.17,30.5
40.58715242892504,-0.73,-2.17,30.5
40.59159807860851,-0.74,-2.17,30.5
40.5960582382977,-0.74,-2.17,30.5
40.60048511996865,-0.74,-2.17,30.5
40.60493127629161,-0.74,-2.17,30.5
40.60945791006088,-0.73,-2.17,30.5
40.6139219738543,-0.74,-2.17,30.5
40.618377428501844,-0.73,-2.17,30.5
40.62275959178805,-0.74,-2.17,30.5
40.62728261575103,-0.74,-2.17,30.5
40.63177466765046,-0.74,-2.17,30.5
40.6362291239202,-0.74,-2.17,30.5
40.640701189637184,-0.73,-2.17,30.5
40.645135916769505,-0.74,-2.17,30.5
40.64957810938358,-0.74,-2.17,30.5
40.65406405180693,-0.74,-2.17,30.5
40.65845803543925,-0.74,-2.17,30.5
40.6630145534873,-0.73,-2.17,30.5
40.667428113520145,-0.74,-2.17,30.5
40.67185735702515,-0.74,-2.17,30.5
40.67640594393015,-0.74,-2.17,30.5
40.680835105478764,-0.74,-2.17,30.5
40.685281958431005,-0.73,-2.17,30.5
40.68973533436656,-0.74,-2.17,30.5
40.69420724362135,-0.74,-2.16,30.5
40.69865185022354,-0.74,-2.17,30.5
40.70311875268817,-0.74,-2.17,30.5
40.707597237080336,-0.74,-2.17,30.5
40.712085489183664,-0.74,-2.17,30.5
40.716458119452,-0.74,-2.17,30.5
40.72101918980479,-0.73,-2.17,30.5
40.72545926645398,-0.73,-2.17,30.5
40.729941081255674,-0.74,-2.17,30.5
40.73441255092621,-0.73,-2.16,30.5
40.73884031921625,-0.74,-2.17,30.5
40.74333709850907,-0.74,-2.17,30.5
40.74778603389859,-0.73,-2.17,30.5
40.752209946513176,-0.74,-2.17,30.5
40.75673105195165,-0.74,-2.17,30.5
40.761173233389854,-0.73,-2.17,30.5
40.765648774802685,-0.74,-2.17,30.5
40.7701177559793,-0.73,-2.17,30.5
40.77458019927144,-0.74,-2.17,30.5
40.77897275984287,-0.74,-2.17,30.5
40.78348796069622,-0.73,-2.17,30.5
40.78792619332671,-0.74,-2.17,30.5
40.79236351326108,-0.74,-2.17,30.5
40.796839736402035,-0.74,-2.17,30.5
40.80124182626605,-0.74,-2.17,30.5
40.80581906810403,-0.73,-2.17,30.5
40.810261365026236,-0.73,-2.17,30.5
40.8147070966661,-0.74,-2.17,30.5
40.819162141531706,-0.74,-2.17,30.5
40.82360080629587,-0.73,-2.17,30.5
40.82811314985156,-0.74,-2.17,30.5
40.832488134503365,-0.74,-2.17,30.5
40.8369528837502,-0.74,-2.17,30.5
40.841458048671484,-0.74,-2.17,30.5
40.84587927907705,-0.73,-2.17,30.5
40.85043964534998,-0.74,-2.17,30.5
40.85488663241267,-0.74,-2.16,30.5
40.85933119058609,-0.74,-2.17,30.5
40.86377610266209,-0.74,-2.17,30.5
40.868285082280636,-0.74,-2.17,30.5
40.87275578454137,-0.73,-2.17,30.5
40.87711111828685,-0.74,-2.17,30.5
40.88163907080889,-0.74,-2.17,30.5
40.88602655380964,-0.74,-2.16,30.5
40.890569783747196,-0.74,-2.16,30.5
40.89506797119975,-0.74,-2.16,30.5
40.89950751513243,-0.73,-2.16,30.5
40.90395446494222,-0.73,-2.16,30.5
40.908446587622166,-0.74,-2.16,30.5
40.91288146004081,-0.74,-2.16,30.5
40.91730535775423,-0.74,-2.16,30.5
40.92185728996992,-0.74,-2.16,30.5
40.92630114033818,-0.74,-2.16,30.5
40.93077898770571,-0.74,-2.16,30.5
40.935101848095655,-0.74,-2.16,30.5
40.93968915566802,-0.74,-2.16,30.5
40.94416820257902,-0.74,-2.16,30.5
40.94861689582467,-0.74,-2.16,30.5
40.953057922422886,-0.74,-2.16,30.5
40.95754421502352,-0.74,-2.16,30.5
40.96197881922126,-0.74,-2.16,30.5
40.96635704860091,-0.74,-2.16,30.5
40.97092439979315,-0.74,-2.16,30.5
40.9753576554358,-0.74,-2.16,30.5
40.979862336069345,-0.74,-2.16,30.5
40.984307657927275,-0.74,-2.16,30.5
40.988758739084005,-0.74,-2.16,30.5
40.993238404393196,-0.74,-2.16,30.5
40.99770363047719,-0.74,-2.16,30.5
41.002160396426916,-0.74,-2.16,30.5
41.00662622228265,-0.73,-2.16,30.5
41.01109457761049,-0.74,-2.16,30.5
41.01550953835249,-0.73,-2.16,30.5
41.01998092979193,-0.74,-2.16,30.5
41.02448607981205,-0.73,-2.16,30.5
41.028933729976416,-0.73,-2.17,30.5
41.0333985760808,-0.74,-2.17,30.5
41.037859223783016,-0.74,-2.17,30.5
41.04235153272748,-0.74,-2.17,30.5
41.04674834012985,-0.74,-2.17,30.5
41.051223170012236,-0.73,-2.17,30.5
41.05564683675766,-0.74,-2.16,30.5
41.060195207595825,-0.74,-2.17,30.5
41.06466367468238,-0.74,-2.17,30.5
41.06911874562502,-0.73,-2.17,30.5
41.07356698065996,-0.74,-2.17,30.5
41.07804050296545,-0.74,-2.17,30.5
41.082497239112854,-0.74,-2.17,30.5
41.08689824491739,-0.74,-2.17,30.5
41.0913903452456,-0.74,-2.17,30.5
41.09589106962085,-0.74,-2.17,30.5
41.10035585984588,-0.74,-2.17,30.5
41.104757744818926,-0.73,-2.17,30.5
41.1091472171247,-0.74,-2.17,30.5
41.11373155936599,-0.73,-2.17,30.5
41.11818316951394,-0.74,-2.17,30.5
41.12264293432236,-0.74,-2.17,30.5
41.127104345709085,-0.74,-2.17,30.5
41.131551526486874,-0.74,-2.17,30.5
41.13604421913624,-0.74,-2.17,30.5
41.14050253480673,-0.74,-2.17,30.5
41.14494305104017,-0.74,-2.17,30.5
41.14939120784402,-0.74,-2.17,30.5
41.153906527906656,-0.74,-2.17,30.5
41.15837366506457,-0.74,-2.17,30.5
41.16280387341976,-0.74,-2.17,30.5
41.16728184372187,-0.74,-2.17,30.5
41.171690467745066,-0.74,-2.17,30.5
41.17621481791139,-0.74,-2.17,30.5
41.18060000240803,-0.74,-2.17,30.5
41.18508141487837,-0.74,-2.17,30.5
41.18957057222724,-0.74,-2.17,30.5
41.1939453445375,-0.74,-2.17,30.5
41.198532938957214,-0.73,-2.17,30.5
41.202980760484934,-0.73,-2.17,30.5
41.20745490863919,-0.74,-2.17,30.5
41.2119221650064,-0.74,-2.17,30.5
41.2163605466485,-0.74,-2.17,30.5
41.220842592418194,-0.74,-2.17,30.5
41.22531373798847,-0.74,-2.17,30.5
41.229762334376574,-0.74,-2.17,30.5
41.234200432896614,-0.73,-2.17,30.5
41.238676987588406,-0.74,-2.17,30.5
41.24315560609102,-0.74,-2.17,30.5
41.24760066717863,-0.74,-2.17,30.5
41.2520448602736,-0.74,-2.17,30.5
41.25653022900224,-0.74,-2.17,30.5
41.261003501713276,-0.73,-2.17,30.5
41.26545949652791,-0.74,-2.17,30.5
41.26992915570736,-0.74,-2.17,30.5
41.2743977047503,-0.74,-2.17,30.5
41.278865203261375,-0.74,-2.17,30.5
41.283220034092665,-0.74,-2.17,30.5
41.28778636083007,-0.74,-2.17,30.5
41.292251251637936,-0.74,-2.17,30.5
41.29670611396432,-0.74,-2.17,30.5
41.30114855989814,-0.74,-2.17,30.5
41.30564322322607,-0.73,-2.17,30.5
41.31008939817548,-0.74,-2.17,30.5
41.314531814306974,-0.73,-2.17,30.5
41.318984255194664,-0.74,-2.17,30.5
41.323493644595146,-0.74,-2.17,30.5
41.32795887440443,-0.74,-2.17,30.5
41.33240609243512,-0.73,-2.17,30.5
41.33684869855642,-0.74,-2.17,30.5
41.34129163250327,-0.74,-2.17,30.5
41.34577537700534,-0.74,-2.17,30.5
41.35027055069804,-0.74,-2.17,30.5
41.354646265506744,-0.74,-2.17,30.5
41.35915856435895,-0.74,-2.17,30.5
41.36366031691432,-0.74,-2.17,30.5
41.3681117631495,-0.74,-2.17,30.5
41.37301870062947,-0.74,-2.17,30.5
41.37704757228494,-0.74,-2.17,30.5
41.38148618116975,-0.73,-2.16,30.5
41.38597130775452,-0.74,-2.17,30.5
41.39042844250798,-0.74,-2.17,30.5
41.39480436965823,-0.74,-2.16,30.5
41.39931111037731,-0.74,-2.17,30.5
41.40382031723857,-0.74,-2.17,30.5
41.40817964076996,-0.74,-2.17,30.5
41.41268398985267,-0.74,-2.17,30.5
41.41720364615321,-0.74,-2.17,30.5
41.42165157943964,-0.74,-2.17,30.5
41.42610152438283,-0.73,-2.17,30.5
41.430582500994205,-0.74,-2.17,30.5
41.435017094016075,-0.74,-2.17,30.49
41.439498003572226,-0.74,-2.16,30.5
41.443936724215746,-0.73,-2.17,30.5
41.448435354977846,-0.74,-2.16,30.5
41.45284380763769,-0.74,-2.16,30.5
41.45734517276287,-0.74,-2.16,30.5
41.4618262834847,-0.74,-2.16,30.5
41.46627743169665,-0.73,-2.16,30.5
41.470720406621695,-0.74,-2.16,30.5
41.475180845707655,-0.74,-2.16,30.5
41.47960555180907,-0.73,-2.16,30.5
41.48412727937102,-0.74,-2.16,30.49
41.48859326913953,-0.74,-2.16,30.5
41.49303935840726,-0.73,-2.16,30.49
41.49745135754347,-0.74,-2.16,30.5
41.5019874535501,-0.74,-2.16,30.5
41.50645072758198,-0.74,-2.16,30.5
41.51092654839158,-0.74,-2.16,30.5
41.51537362113595,-0.74,-2.16,30.5
41.519824642688036,-0.74,-2.16,30.5
41.52427006140351,-0.74,-2.17,30.5
41.52876166254282,-0.74,-2.17,30.5
41.5332252047956,-0.74,-2.16,30.5
41.537709306925535,-0.74,-2.16,30.5
41.54209366813302,-0.74,-2.16,30.5
41.5466269813478,-0.73,-2.16,30.5
41.55109681934118,-0.73,-2.17,30.5
41.555545173585415,-0.74,-2.16,30.5
41.56001199781895,-0.73,-2.16,30.5
41.56444080173969,-0.73,-2.16,30.5
41.56885048374534,-0.74,-2.16,30.5
41.57340291514993,-0.74,-2.16,30.5
41.57783164829016,-0.74,-2.16,30.5
41.582289684563875,-0.74,-2.16,30.5
41.58671786636114,-0.74,-2.16,30.5
41.59125658497214,-0.74,-2.16,30.5
41.59570026025176,-0.74,-2.16,30.5
41.600141398608685,-0.74,-2.16,30.5
41.60458951070905,-0.74,-2.16,30.5
41.609077751636505,-0.74,-2.16,30.5
41.61351455003023,-0.74,-2.16,30.5
41.61800168082118,-0.73,-2.16,30.5
41.622451055794954,-0.73,-2.16,30.5
41.626948069781065,-0.74,-2.16,30.5
41.631420247256756,-0.74,-2.16,30.5
41.6358853764832,-0.73,-2.16,30.5
41.64031983166933,-0.73,-2.16,30.5
41.644804283976555,-0.74,-2.16,30.5
41.64924634993076,-0.73,-2.16,30.5
41.65373591333628,-0.73,-2.16,30.5
41.658194318413734,-0.73,-2.16,30.5
41.66263239830732,-0.74,-2.16,30.5
41.66702253744006,-0.74,-2.16,30.5
41.671520225703716,-0.74,-2.16,30.49
41.675952944904566,-0.74,-2.16,30.5
41.68049918115139,-0.73,-2.16,30.5
41.684965550899506,-0.73,-2.16,30.5
41.68943357095122,-0.74,-2.16,30.5
41.69386912882328,-0.74,-2.16,30.5
41.698365435004234,-0.73,-2.17,30.5
41.70281559228897,-0.74,-2.16,30.5
41.7072818800807,-0.74,-2.17,30.5
41.711650390177965,-0.73,-2.16,30.5
41.7161606810987,-0.73,-2.17,30.5
41.720671869814396,-0.74,-2.17,30.5
41.725134052336216,-0.74,-2.16,30.5
41.72956591099501,-0.74,-2.17,30.5
41.73404997214675,-0.73,-2.17,30.5
41.738484390079975,-0.74,-2.17,30.5
41.74290192872286,-0.74,-2.17,30.5
41.74742180109024,-0.74,-2.17,30.5
41.751834347844124,-0.74,-2.17,30.5
41.756343603134155,-0.74,-2.17,30.5
41.76080694049597,-0.74,-2.17,30.5
41.76529860123992,-0.73,-2.17,30.5
41.76975916326046,-0.74,-2.17,30.5
41.77418911457062,-0.74,-2.17,30.5
41.77866746857762,-0.74,-2.17,30.5
41.78315460309386,-0.73,-2.17,30.5
41.78762221336365,-0.74,-2.17,30.5
41.79202025011182,-0.73,-2.17,30.5
41.79649857804179,-0.74,-2.17,30.5
41.800973907113075,-0.74,-2.17,30.5
41.80546152591705,-0.73,-2.17,30.5
41.80992766469717,-0.74,-2.17,30.5
41.81436347216368,-0.74,-2.17,30.5
41.818864580243826,-0.73,-2.17,30.5
41.823254991322756,-0.74,-2.17,30.5
41.82776093482971,-0.74,-2.17,30.5
41.832223895937204,-0.74,-2.17,30.5
41.8366281427443,-0.74,-2.17,30.5
41.841175232082605,-0.73,-2.17,30.5
41.84563023969531,-0.73,-2.17,30.5
41.85000251978636,-0.74,-2.17,30.5
41.85455745086074,-0.74,-2.17,30.5
41.859024964272976,-0.73,-2.17,30.5
41.863470248878,-0.74,-2.17,30.5
41.86787552759051,-0.74,-2.17,30.5
41.87239644303918,-0.74,-2.17,30.5
41.87677185237408,-0.74,-2.17,30.5
41.88134728372097,-0.74,-2.17,30.5
41.885794535279274,-0.73,-2.17,30.5
41.89024098217487,-0.74,-2.17,30.5
41.89472671598196,-0.74,-2.17,30.5
41.899163741618395,-0.74,-2.17,30.5
41.90361554175615,-0.74,-2.17,30.5
41.90805536881089,-0.74,-2.17,30.5
41.912561904639006,-0.74,-2.17,30.5
41.91694561392069,-0.74,-2.17,30.5
41.92148135229945,-0.74,-2.17,30.5
41.92591990157962,-0.74,-2.17,30.5
41.93030720949173,-0.73,-2.17,30.5
41.93480924516916,-0.73,-2.17,30.5
41.93934394419193,-0.74,-2.17,30.5
41.94381571188569,-0.74,-2.17,30.5
41.94827664643526,-0.73,-2.17,30.5
41.95272532477975,-0.74,-2.17,30.5
41.95715968310833,-0.74,-2.17,30.5
41.96157095953822,-0.74,-2.17,30.5
41.96608619391918,-0.74,-2.17,30.5
41.9705606251955,-0.74,-2.17,30.5
41.97501524537802,-0.74,-2.17,30.5
41.97952397912741,-0.74,-2.17,30.5
41.98397444188595,-0.74,-2.17,30.5
41.98844136670232,-0.74,-2.17,30.5
41.99286387115717,-0.74,-2.17,30.5
41.99733768031001,-0.74,-2.16,30.5
42.00183469057083,-0.74,-2.16,30.5
42.006247002631426,-0.74,-2.16,30.5
42.01075739040971,-0.73,-2.16,30.5
42.01510564982891,-0.73,-2.16,30.5
42.01959406584501,-0.74,-2.16,30.5
42.02414593473077,-0.74,-2.16,30.5
42.02859879657626,-0.74,-2.16,30.5
42.03306931629777,-0.73,-2.16,30.5
42.03748798370361,-0.73,-2.16,30.5
42.0419752523303,-0.73,-2.16,30.51
42.046439953148365,-0.74,-2.16,30.51
42.05087308585644,-0.74,-2.16,30.51
42.055346596986055,-0.74,-2.16,30.5
42.05974067747593,-0.74,-2.16,30.5
42.06429682299495,-0.73,-2.16,30.5
42.06873568147421,-0.74,-2.16,30.5
42.07323718070984,-0.74,-2.16,30.5
42.077688459306955,-0.74,-2.16,30.5
42.082141280174255,-0.74,-2.16,30.5
42.08660065382719,-0.73,-2.16,30.5
42.09109178557992,-0.74,-2.16,30.5
42.095458187162876,-0.73,-2.16,30.5
42.09991841763258,-0.74,-2.16,30.5
42.10439672321081,-0.74,-2.16,30.5
42.1088593006134,-0.74,-2.16,30.5
42.11340110749006,-0.73,-2.16,30.51
42.11786960065365,-0.74,-2.16,30.51
42.12231194600463,-0.74,-2.16,30.5
42.126798909157515,-0.73,-2.16,30.5
42.13122072443366,-0.74,-2.16,30.5
42.13567887619138,-0.74,-2.16,30.5
42.14014394581318,-0.74,-2.16,30.5
42.14463447034359,-0.74,-2.16,30.5
42.14903384447098,-0.74,-2.16,30.5
42.15357596799731,-0.73,-2.16,30.5
42.15801737830043,-0.74,-2.16,30.5
42.16249581798911,-0.74,-2.16,30.5
42.16690891981125,-0.74,-2.16,30.5
42.17136852443218,-0.74,-2.15,30.5
42.175848580896854,-0.74,-2.15,30.5
42.18028973415494,-0.74,-2.15,30.51
42.18480699509382,-0.74,-2.15,30.51
42.18926713243127,-0.73,-2.15,30.5
42.19357194378972,-0.74,-2.15,30.5
42.19819688051939,-0.73,-2.16,30.51
42.20263663679361,-0.73,-2.15,30.5
42.20712272077799,-0.73,-2.15,30.5
42.21152627468109,-0.73,-2.15,30.5
42.21597691625357,-0.74,-2.16,30.5
42.220443449914455,-0.74,-2.16,30.5
42.2248992100358,-0.73,-2.16,30.5
42.22939435020089,-0.74,-2.16,30.5
42.233804769814014,-0.74,-2.16,30.5
42.23835967853665,-0.74,-2.16,30.5
42.24281324446201,-0.74,-2.16,30.5
42.24726462736726,-0.73,-2.16,30.5
42.25170750543475,-0.74,-2.16,30.5
42.25615901872516,-0.74,-2.16,30.51
42.26059605926275,-0.74,-2.16,30.5
42.26510387659073,-0.73,-2.16,30.5
42.26948466524482,-0.73,-2.16,30.51
42.273969046771526,-0.73,-2.16,30.51
42.2785319685936,-0.73,-2.16,30.51
42.28299372270703,-0.74,-2.16,30.5
42.2874402217567,-0.74,-2.16,30.51
42.29188708215952,-0.73,-2.16,30.5
42.296328999102116,-0.74,-2.16,30.51
42.300835218280554,-0.74,-2.16,30.51
42.30526977404952,-0.74,-2.16,30.51
42.309744231402874,-0.74,-2.16,30.51
42.31411060318351,-0.74,-2.16,30.5
42.31865752115846,-0.73,-2.16,30.51
42.32311907783151,-0.74,-2.16,30.51
42.3276227042079,-0.74,-2.16,30.51
42.33205892890692,-0.73,-2.16,30.5
42.33654506132007,-0.73,-2.16,30.51
42.34098582342267,-0.74,-2.16,30.5
42.34545377269387,-0.74,-2.17,30.5
42.34991913661361,-0.74,-2.17,30.51
42.35432833433151,-0.73,-2.17,30.5
42.35879524424672,-0.73,-2.17,30.51
42.36331054195762,-0.74,-2.17,30.5
42.367783922702074,-0.74,-2.17,30.51
42.37224422395229,-0.74,-2.17,30.51
42.376683577895164,-0.74,-2.17,30.5
42.38117462396622,-0.73,-2.17,30.51
42.38561140745878,-0.73,-2.17,30.5
42.39010081067681,-0.74,-2.17,30.51
42.394549664109945,-0.74,-2.17,30.5
42.39901613816619,-0.74,-2.17,30.5
42.403431721031666,-0.73,-2.17,30.5
42.4078572280705,-0.74,-2.17,30.5
42.41236428916454,-0.74,-2.17,30.5
42.41686454042792,-0.74,-2.17,30.51
42.421307284384966,-0.74,-2.17,30.51
42.42578512430191,-0.73,-2.17,30.51
42.430236745625734,-0.74,-2.17,30.51
42.43468628823757,-0.73,-2.17,30.51
42.43919138237834,-0.74,-2.17,30.51
42.443642631173134,-0.74,-2.16,30.5
42.44801479950547,-0.74,-2.16,30.5
42.45254648476839,-0.74,-2.16,30.5
42.45704199373722,-0.73,-2.17,30.5
42.46149247512221,-0.74,-2.17,30.5
42.46596271544695,-0.73,-2.17,30.51
42.47038080915809,-0.74,-2.17,30.5
42.474862173199654,-0.74,-2.17,30.5
42.47933817282319,-0.73,-2.17,30.5
42.483771588653326,-0.74,-2.17,30.51
42.48816181719303,-0.74,-2.17,30.51
42.49267981946468,-0.74,-2.17,30.51
42.49709206447005,-0.74,-2.17,30.51
42.50159324705601,-0.74,-2.17,30.5
42.50612512603402,-0.74,-2.17,30.51
42.51057952269912,-0.73,-2.17,30.51
42.51500577107072,-0.74,-2.17,30.51
42.51944309473038,-0.74,-2.17,30.51
42.52396837994456,-0.73,-2.17,30.51
42.52839790657163,-0.73,-2.17,30.5
42.53285884484649,-0.74,-2.17,30.51
42.53735562041402,-0.73,-2.17,30.51
42.541831970214844,-0.74,-2.17,30.5
42.546293154358864,-0.73,-2.17,30.51
42.5507367067039,-0.73,-2.17,30.51
42.55520987510681,-0.74,-2.17,30.51
42.55966657400131,-0.74,-2.17,30.51
42.56410500779748,-0.73,-2.17,30.5
42.56858794391155,-0.73,-2.17,30.51
42.57297345623374,-0.74,-2.17,30.51
42.577415596693754,-0.73,-2.17,30.51
42.5819743052125,-0.74,-2.17,30.5
42.58631658181548,-0.73,-2.17,30.51
42.59091817960143,-0.74,-2.17,30.51
42.59535950794816,-0.74,-2.17,30.51
42.59980063512921,-0.74,-2.17,30.51
42.60426829382777,-0.74,-2.17,30.51
42.608727015554905,-0.74,-2.17,30.51
42.61322621256113,-0.73,-2.17,30.51
42.617609560489655,-0.74,-2.17,30.51
42.622164927423,-0.73,-2.17,30.51
42.62655541673303,-0.73,-2.17,30.51
42.63109579309821,-0.74,-2.17,30.51
42.63553734496236,-0.74,-2.17,30.51
42.64001417532563,-0.73,-2.17,30.51
42.644425228238106,-0.74,-2.17,30.51
42.64889254420996,-0.74,-2.17,30.51
42.653380788862705,-0.74,-2.17,30.5
42.65784776210785,-0.74,-2.17,30.51
42.66220346465707,-0.74,-2.17,30.51
42.66673543304205,-0.73,-2.17,30.5
42.67113050073385,-0.73,-2.17,30.51
42.675711050629616,-0.73,-2.17,30.5
42.680161375552416,-0.73,-2.17,30.51
42.68460305407643,-0.74,-2.17,30.51
42.68906420096755,-0.74,-2.17,30.51
42.69357356801629,-0.74,-2.17,30.51
42.69801156967878,-0.74,-2.17,30.51
42.702410504221916,-0.74,-2.17,30.5
42.70691388845444,-0.74,-2.17,30.51
42.71135960891843,-0.73,-2.17,30.51
42.71588585153222,-0.73,-2.16,30.5
42.72033492475748,-0.74,-2.16,30.5
42.724809393286705,-0.74,-2.17,30.51
42.72922770306468,-0.74,-2.17,30.5
42.733731277287006,-0.74,-2.17,30.51
42.73815190047026,-0.74,-2.16,30.5
42.74264143779874,-0.74,-2.16,30.51
42.74712711945176,-0.74,-2.16,30.5
42.751514587551355,-0.74,-2.16,30.5
42.75597393885255,-0.74,-2.16,30.5
42.76046796888113,-0.74,-2.16,30.5
42.76495533436537,-0.73,-2.16,30.51
42.76940752565861,-0.73,-2.16,30.51
42.773883018642664,-0.74,-2.16,30.51
42.77829721197486,-0.74,-2.16,30.51
42.782818891108036,-0.74,-2.16,30.51
42.78727072104812,-0.74,-2.16,30.51
42.79165345057845,-0.74,-2.16,30.51
42.79622917994857,-0.74,-2.16,30.51
42.800645496696234,-0.74,-2.16,30.51
42.80513925105333,-0.74,-2.16,30.51
42.80960800498724,-0.74,-2.16,30.51
42.814061280339956,-0.74,-2.16,30.5
42.818506702780724,-0.74,-2.16,30.51
42.823000088334084,-0.74,-2.16,30.51
42.82745987921953,-0.74,-2.16,30.51
42.831836238503456,-0.74,-2.16,30.51
42.83638521656394,-0.74,-2.16,30.51
42.84069637954235,-0.74,-2.16,30.51
42.84529343992472,-0.74,-2.16,30.51
42.849763449281454,-0.74,-2.16,30.51
42.85424517095089,-0.74,-2.16,30.51
42.85865416377783,-0.73,-2.16,30.51
42.863097224384546,-0.73,-2.16,30.51
42.86758204177022,-0.73,-2.16,30.51
42.872073747217655,-0.74,-2.16,30.51
42.87654247507453,-0.74,-2.16,30.51
42.880963787436485,-0.73,-2.16,30.51
42.885403357446194,-0.74,-2.16,30.51
42.88994273915887,-0.73,-2.16,30.51
42.89438867196441,-0.73,-2.16,30.51
42.89882853999734,-0.74,-2.16,30.51
42.90331123769283,-0.74,-2.16,30.51
42.90776160731912,-0.74,-2.16,30.51
42.912159238010645,-0.74,-2.16,30.51
42.916697811335325,-0.73,-2.16,30.51
42.92105669900775,-0.74,-2.16,30.51
42.925623286515474,-0.73,-2.16,30.51
42.93011527508497,-0.73,-2.16,30.51
42.93456519767642,-0.74,-2.15,30.51
42.93903163447976,-0.74,-2.15,30.51
42.94347216933966,-0.74,-2.16,30.51
42.94794114306569,-0.74,-2.15,30.51
42.95238308608532,-0.74,-2.16,30.51
42.95683326944709,-0.74,-2.15,30.51
42.96134779974818,-0.73,-2.15,30.51
42.96581835672259,-0.73,-2.15,30.51
42.970207672566175,-0.74,-2.15,30.51
42.97471883520484,-0.74,-2.15,30.51
42.97919165343046,-0.74,-2.16,30.51
42.983630292117596,-0.74,-2.15,30.51
42.98810862004757,-0.74,-2.15,30.51
42.992588717490435,-0.74,-2.15,30.51
42.99704523384571,-0.74,-2.15,30.51
43.001493379473686,-0.73,-2.15,30.51
43.0059364028275,-0.73,-2.15,30.51
43.01038392260671,-0.73,-2.15,30.51
43.014830093830824,-0.73,-2.15,30.51
43.019369915127754,-0.73,-2.15,30.51
43.023808002471924,-0.74,-2.15,30.51
43.02828620746732,-0.74,-2.15,30.51
43.03271133825183,-0.73,-2.15,30.51
43.037145379930735,-0.73,-2.15,30.51
43.04168713092804,-0.74,-2.16,30.51
43.04613082110882,-0.74,-2.15,30.51
43.05059814453125,-0.73,-2.15,30.51
43.05495787784457,-0.73,-2.15,30.51
43.059524580836296,-0.74,-2.15,30.51
43.0639880746603,-0.74,-2.15,30.51
43.068431954830885,-0.74,-2.15,30.51
43.072912499308586,-0.73,-2.15,30.51
43.077344458550215,-0.73,-2.15,30.51
43.081803780049086,-0.74,-2.15,30.51
43.08627011999488,-0.73,-2.15,30.51
43.09069437533617,-0.73,-2.15,30.51
43.09522282704711,-0.73,-2.15,30.51
43.09958265349269,-0.73,-2.15,30.51
43.10416318848729,-0.73,-2.15,30.51
43.1086097843945,-0.74,-2.15,30.51
43.11305296421051,-0.73,-2.15,30.51
43.117498990148306,-0.74,-2.15,30.51
43.12201740220189,-0.73,-2.16,30.51
43.12645208090544,-0.73,-2.16,30.51
43.130922351032495,-0.74,-2.15,30.51
43.13535822182894,-0.74,-2.15,30.51
43.1397771500051,-0.74,-2.15,30.51
43.14431673288345,-0.74,-2.16,30.51
43.148792285472155,-0.74,-2.16,30.51
43.15323254838586,-0.74,-2.16,30.51
43.15771556645632,-0.74,-2.16,30.51
43.16217566654086,-0.74,-2.15,30.51
43.166649613529444,-0.74,-2.16,30.51
43.17109667882323,-0.74,-2.16,30.51
43.1755574606359,-0.74,-2.16,30.51
43.18001761287451,-0.74,-2.16,30.51
43.18435011431575,-0.73,-2.16,30.51
43.18882126733661,-0.74,-2.16,30.51
43.19341270625591,-0.74,-2.16,30.51
43.19787148758769,-0.73,-2.16,30.51
43.20233704894781,-0.73,-2.16,30.51
43.20675065368414,-0.74,-2.16,30.51
43.21126127615571,-0.73,-2.15,30.51
43.215732760727406,-0.74,-2.15,30.51
43.22018413618207,-0.73,-2.16,30.51
43.22463721781969,-0.74,-2.16,30.51
43.22910763695836,-0.74,-2.16,30.51
43.23354780301452,-0.74,-2.16,30.51
43.23803235590458,-0.74,-2.16,30.51
43.2424868196249,-0.74,-2.16,30.51
43.246925462037325,-0.74,-2.15,30.51
43.25137076154351,-0.74,-2.16,30.51
43.255883667618036,-0.74,-2.16,30.51
43.26028214022517,-0.73,-2.16,30.51
43.26472667232156,-0.74,-2.16,30.51
43.26916813850403,-0.74,-2.16,30.51
43.27374418824911,-0.74,-2.16,30.51
43.27810653671622,-0.74,-2.16,30.51
43.28267753869295,-0.74,-2.16,30.51
43.287119813263416,-0.74,-2.16,30.51
43.29159199073911,-0.73,-2.16,30.51
43.296051509678364,-0.73,-2.16,30.51
43.3005202896893,-0.74,-2.16,30.51
43.30496236309409,-0.73,-2.16,30.51
43.30940077081323,-0.74,-2.16,30.51
43.313895188272,-0.73,-2.16,30.51
43.31836016103625,-0.73,-2.16,30.51
43.322834242135286,-0.73,-2.16,30.51
43.327280819416046,-0.73,-2.16,30.51
43.33176088705659,-0.74,-2.16,30.51
43.33620472997427,-0.74,-2.16,30.51
43.340617034584284,-0.74,-2.16,30.51
43.34515454992652,-0.73,-2.16,30.51
43.34957655891776,-0.74,-2.16,30.51
43.354057271033525,-0.74,-2.16,30.51
43.35847406089306,-0.73,-2.16,30.51
43.362861309200525,-0.73,-2.16,30.51
43.36883282288909,-0.74,-2.16,30.51
43.37317955121398,-0.73,-2.16,30.51
43.3776210360229,-0.74,-2.16,30.51
43.38203679770231,-0.74,-2.16,30.51
43.38638028874993,-0.74,-2.16,30.51
43.390849173069,-0.74,-2.16,30.51
43.395192585885525,-0.74,-2.16,30.51
43.399639539420605,-0.74,-2.16,30.51
43.404012713581324,-0.73,-2.16,30.51
43.40835106372833,-0.74,-2.16,30.51
43.412812393158674,-0.74,-2.16,30.51
43.41710466518998,-0.74,-2.16,30.51
43.421623449772596,-0.73,-2.16,30.51
43.42601500451565,-0.73,-2.16,30.51
43.43041570857167,-0.74,-2.16,30.51
43.434807766228914,-0.73,-2.16,30.51
43.43910829722881,-0.74,-2.16,30.51
43.4435817040503,-0.74,-2.16,30.51
43.44799863174558,-0.74,-2.16,30.51
43.452321134507656,-0.74,-2.16,30.51
43.45679174736142,-0.74,-2.16,30.51
43.46117531508207,-0.73,-2.16,30.51
43.46559062972665,-0.74,-2.16,30.51
43.47008438780904,-0.74,-2.17,30.51
43.47456606850028,-0.74,-2.16,30.51
43.47903027385473,-0.74,-2.16,30.51
43.48345606401563,-0.73,-2.16,30.51
43.48790594190359,-0.74,-2.16,30.51
43.49239071831107,-0.74,-2.16,30.51
43.496884539723396,-0.73,-2.16,30.51
43.501338463276625,-0.73,-2.16,30.51
43.505790285766125,-0.74,-2.16,30.51
43.51025455072522,-0.74,-2.16,30.51
43.51467829942703,-0.74,-2.16,30.51
43.51919400691986,-0.73,-2.16,30.51
43.523642010986805,-0.74,-2.16,30.51
43.52813272550702,-0.74,-2.16,30.51
43.53250377997756,-0.74,-2.16,30.51
43.53697393834591,-0.74,-2.16,30.51
43.5415044426918,-0.74,-2.16,30.51
43.545949660241604,-0.74,-2.16,30.51
43.550396885722876,-0.74,-2.17,30.51
43.554884288460016,-0.73,-2.17,30.51
43.5593112334609,-0.74,-2.17,30.51
43.56381544843316,-0.74,-2.16,30.51
43.56827676668763,-0.73,-2.17,30.51
43.57273321598768,-0.73,-2.17,30.51
43.57710292190313,-0.74,-2.16,30.51
43.58158640936017,-0.74,-2.16,30.51
43.58613046258688,-0.74,-2.16,30.51
43.590574596077204,-0.74,-2.16,30.51
43.5950670465827,-0.74,-2.17,30.51
43.59951946884394,-0.74,-2.16,30.51
43.60399544611573,-0.73,-2.17,30.51
43.608409725129604,-0.74,-2.17,30.51
43.61288485303521,-0.74,-2.16,30.51
43.61736553162336,-0.74,-2.16,30.51
43.621743611991405,-0.74,-2.16,30.51
43.62635822221637,-0.73,-2.17,30.51
43.63075623288751,-0.73,-2.17,30.51
43.63519998639822,-0.74,-2.16,30.51
43.639648091048,-0.73,-2.16,30.51
43.64411250501871,-0.74,-2.16,30.51
43.64852947369218,-0.74,-2.17,30.51
43.653094213455915,-0.74,-2.17,30.51
43.657463263720274,-0.73,-2.17,30.51
43.662009194493294,-0.73,-2.16,30.51
43.66638261079788,-0.74,-2.16,30.51
43.6709300018847,-0.74,-2.16,30.51
43.675406493246555,-0.74,-2.16,30.51
43.67982191219926,-0.74,-2.16,30.51
43.68428325280547,-0.73,-2.16,30.51
43.68879736959934,-0.74,-2.16,30.51
43.69325266033411,-0.74,-2.16,30.51
43.69768375530839,-0.74,-2.16,30.51
43.70215121284127,-0.73,-2.16,30.51
43.70662393420935,-0.73,-2.16,30.51
43.71101027727127,-0.74,-2.16,30.51
43.71556583419442,-0.74,-2.16,30.51
43.72000105679035,-0.74,-2.16,30.51
43.7244856916368,-0.74,-2.16,30.51
43.72889171913266,-0.74,-2.16,30.51
43.73336623609066,-0.74,-2.16,30.51
43.73784364387393,-0.74,-2.16,30.51
43.74232925102115,-0.74,-2.16,30.51
43.74679683893919,-0.74,-2.16,30.51
43.751160118728876,-0.74,-2.16,30.51
43.75573191791773,-0.74,-2.16,30.51
43.760195944458246,-0.74,-2.16,30.51
43.764650609344244,-0.74,-2.16,30.51
43.76912723109126,-0.73,-2.16,30.51
43.77351022511721,-0.74,-2.16,30.51
43.777996234595776,-0.74,-2.16,30.51
43.782510466873646,-0.73,-2.16,30.51
43.78688285499811,-0.73,-2.16,30.51
43.79143352434039,-0.74,-2.16,30.52
43.795893244445324,-0.73,-2.16,30.52
43.80035910382867,-0.74,-2.16,30.51
43.80482739210129,-0.74,-2.16,30.51
43.80926513671875,-0.74,-2.16,30.51
43.813693288713694,-0.74,-2.16,30.51
43.8181707598269,-0.74,-2.16,30.52
43.82262793555856,-0.74,-2.16,30.52
43.8270816989243,-0.74,-2.16,30.52
43.83152772113681,-0.74,-2.16,30.52
43.83605234324932,-0.74,-2.16,30.52
43.840516269207,-0.73,-2.16,30.52
43.844978872686625,-0.73,-2.16,30.52
43.84942862018943,-0.74,-2.16,30.52
43.85386726632714,-0.73,-2.16,30.52
43.85833837836981,-0.73,-2.16,30.52
43.862806752324104,-0.74,-2.16,30.51
43.867375038564205,-0.74,-2.16,30.52
43.871763560920954,-0.74,-2.16,30.52
43.87609253078699,-0.74,-2.16,30.51
43.88069724291563,-0.74,-2.16,30.52
43.88515694066882,-0.73,-2.16,30.52
43.889610666781664,-0.73,-2.16,30.52
43.89405044168234,-0.74,-2.16,30.52
43.89852632954717,-0.74,-2.16,30.52
43.902973897755146,-0.74,-2.16,30.51
43.90747105702758,-0.73,-2.16,30.52
43.9119312800467,-0.74,-2.16,30.51
43.91640220955014,-0.74,-2.16,30.52
43.920860555022955,-0.74,-2.16,30.52
43.925303626805544,-0.74,-2.16,30.52
43.92978021129966,-0.74,-2.15,30.52
43.934227749705315,-0.74,-2.15,30.51
43.938707791268826,-0.74,-2.15,30.52
43.94316207244992,-0.74,-2.15,30.52
43.947638373821974,-0.74,-2.15,30.51
43.95203619450331,-0.74,-2.15,30.52
43.95646406710148,-0.74,-2.15,30.52
43.961031053215265,-0.74,-2.15,30.52
43.965357191860676,-0.74,-2.15,30.52
43.96996136009693,-0.74,-2.15,30.52
43.97442735359073,-0.74,-2.15,30.51
43.978852812200785,-0.73,-2.15,30.52
43.98332451283932,-0.74,-2.15,30.52
43.9878021068871,-0.73,-2.15,30.52
43.992242742329836,-0.74,-2.15,30.52
43.99672691524029,-0.73,-2.15,30.52
44.00118828937411,-0.73,-2.15,30.52
44.0055748783052,-0.74,-2.15,30.52
44.010116543620825,-0.74,-2.15,30.52
44.014578104019165,-0.74,-2.15,30.52
44.01902947574854,-0.74,-2.15,30.51
44.02350666001439,-0.73,-2.15,30.51
44.02796099707484,-0.74,-2.14,30.52
44.03242199867964,-0.74,-2.15,30.52
44.03687656670809,-0.74,-2.15,30.52
44.041335452347994,-0.74,-2.15,30.51
44.045782286673784,-0.73,-2.15,30.51
44.050185572355986,-0.74,-2.15,30.52
44.05473918095231,-0.73,-2.15,30.52
44.05920500308275,-0.74,-2.15,30.52
44.0636493191123,-0.74,-2.15,30.51
44.06812837347388,-0.74,-2.15,30.51
44.07253962755203,-0.74,-2.15,30.51
44.0770394988358,-0.74,-2.15,30.52
44.081510201096535,-0.74,-2.15,30.52
44.085975144058466,-0.74,-2.15,30.52
44.090449403971434,-0.74,-2.15,30.51
44.09485736861825,-0.73,-2.15,30.52
44.0993374325335,-0.74,-2.15,30.51
44.1038338765502,-0.74,-2.15,30.51
44.10829900205135,-0.74,-2.15,30.52
44.11275476589799,-0.73,-2.15,30.52
44.11721347644925,-0.74,-2.15,30.51
44.12160390987992,-0.74,-2.15,30.52
44.12615030258894,-0.74,-2.15,30.52
44.13056230172515,-0.73,-2.15,30.52
44.135034427046776,-0.74,-2.15,30.52
44.13952198252082,-0.74,-2.15,30.51
44.143971152603626,-0.74,-2.15,30.51
44.14845244958997,-0.74,-2.15,30.51
44.15291917696595,-0.74,-2.15,30.51
44.1573864556849,-0.74,-2.15,30.52
44.161788895726204,-0.74,-2.16,30.51
44.166304893791676,-0.74,-2.15,30.51
44.17077002301812,-0.74,-2.15,30.52
44.17516343668103,-0.74,-2.15,30.52
44.17966241762042,-0.74,-2.15,30.52
44.184087071567774,-0.73,-2.15,30.52
44.18862545490265,-0.73,-2.15,30.51
44.19307302311063,-0.74,-2.15,30.51
44.19754937663674,-0.74,-2.15,30.51
44.20199901610613,-0.74,-2.15,30.51
44.20646510273218,-0.73,-2.15,30.51
44.21092402562499,-0.73,-2.15,30.51
44.215372551232576,-0.74,-2.15,30.51
44.21974488720298,-0.74,-2.15,30.52
44.224266950041056,-0.74,-2.15,30.52
44.22879285737872,-0.74,-2.15,30.51
44.23325315490365,-0.74,-2.15,30.52
44.237695049494505,-0.74,-2.15,30.52
44.242174830287695,-0.74,-2.15,30.51
44.24662461131811,-0.73,-2.15,30.52
44.251066002994776,-0.74,-2.15,30.52
44.25555794686079,-0.74,-2.16,30.52
44.260030161589384,-0.74,-2.15,30.52
44.26439576968551,-0.74,-2.16,30.52
44.268925715237856,-0.73,-2.15,30.52
44.27333360910416,-0.74,-2.15,30.52
44.27788298949599,-0.73,-2.15,30.52
44.282898247241974,-0.74,-2.16,30.52
44.286760713905096,-0.74,-2.16,30.52
44.29121644422412,-0.74,-2.16,30.52
44.29573653638363,-0.74,-2.16,30.52
44.30018363520503,-0.74,-2.16,30.52
44.30456501618028,-0.74,-2.16,30.52
44.30908703058958,-0.73,-2.16,30.52
44.31356728449464,-0.73,-2.16,30.52
44.31805307045579,-0.74,-2.16,30.52
44.322508439421654,-0.74,-2.16,30.52
44.32693864032626,-0.74,-2.16,30.52
44.331392388790846,-0.74,-2.16,30.52
44.33587393537164,-0.74,-2.16,30.52
44.34035251662135,-0.74,-2.16,30.52
44.34472633525729,-0.74,-2.16,30.52
44.34928583353758,-0.74,-2.16,30.52
44.35375353321433,-0.74,-2.16,30.52
44.358142487704754,-0.73,-2.16,30.52
44.36267999187112,-0.74,-2.16,30.52
44.367142621427774,-0.73,-2.16,30.52
44.37159591540694,-0.73,-2.16,30.52
44.376065857708454,-0.74,-2.16,30.52
44.380510076880455,-0.74,-2.16,30.52
44.38492991030216,-0.74,-2.16,30.52
44.38944226130843,-0.73,-2.16,30.52
44.393892861902714,-0.74,-2.16,30.52
44.39831219613552,-0.74,-2.16,30.52
44.40283780917525,-0.74,-2.16,30.52
44.40730429068208,-0.74,-2.16,30.52
44.41174805164337,-0.74,-2.16,30.52
44.41621748358011,-0.74,-2.16,30.52
44.42068901285529,-0.74,-2.16,30.52
44.42511559277773,-0.73,-2.16,30.52
44.429594945162535,-0.73,-2.16,30.52
44.434000227600336,-0.74,-2.16,30.52
44.43849566206336,-0.74,-2.16,30.52
44.442949648946524,-0.74,-2.16,30.52
44.447337333112955,-0.74,-2.16,30.52
44.451931834220886,-0.74,-2.16,30.52
44.456371676176786,-0.73,-2.16,30.52
44.4608142003417,-0.74,-2.16,30.52
44.46529217809439,-0.74,-2.16,30.52
44.46976449713111,-0.73,-2.16,30.52
44.47417724877596,-0.73,-2.16,30.52
44.47862044349313,-0.74,-2.16,30.52
44.483121532946825,-0.74,-2.16,30.52
44.487632390111685,-0.73,-2.16,30.52
44.492098070681095,-0.74,-2.17,30.52
44.496543664485216,-0.74,-2.16,30.52
44.50101891905069,-0.74,-2.16,30.52
44.50547167286277,-0.73,-2.16,30.52
44.50987887382507,-0.74,-2.16,30.52
44.51439709961414,-0.74,-2.16,30.52
44.51877257600427,-0.74,-2.16,30.52
44.52326028421521,-0.74,-2.16,30.52
44.527750339359045,-0.74,-2.16,30.52
44.53218787163496,-0.74,-2.16,30.52
44.536722138524055,-0.74,-2.16,30.52
44.54117139056325,-0.74,-2.16,30.52
44.545617800205946,-0.74,-2.16,30.52
44.55006043240428,-0.74,-2.16,30.52
44.554508209228516,-0.74,-2.16,30.52
44.55903462320566,-0.74,-2.16,30.52
44.563473623245955,-0.74,-2.16,30.52
44.567922197282314,-0.74,-2.16,30.52
44.57238628342748,-0.74,-2.16,30.52
44.57689402997494,-0.74,-2.16,30.52
44.58135288581252,-0.74,-2.16,30.52
44.58582276105881,-0.73,-2.16,30.52
44.59028189256787,-0.73,-2.16,30.52
44.594689540565014,-0.74,-2.16,30.52
44.59916227310896,-0.73,-2.16,30.52
44.60366307199001,-0.74,-2.16,30.52
44.608011569827795,-0.74,-2.16,30.52
44.6125781647861,-0.74,-2.16,30.52
44.6170555986464,-0.74,-2.16,30.52
44.621524430811405,-0.74,-2.16,30.52
44.62597315385938,-0.73,-2.16,30.51
44.630413722246885,-0.74,-2.16,30.52
44.63489085808396,-0.74,-2.16,30.52
44.63937373831868,-0.74,-2.16,30.52
44.643835470080376,-0.74,-2.16,30.52
44.648285046219826,-0.74,-2.16,30.52
44.65275479853153,-0.74,-2.16,30.52
44.65720599889755,-0.74,-2.16,30.52
44.66168675199151,-0.74,-2.15,30.52
44.66614828258753,-0.74,-2.16,30.52
44.67060736939311,-0.74,-2.16,30.52
44.67503488063812,-0.74,-2.16,30.52
44.67949452623725,-0.74,-2.16,30.52
44.68399550020695,-0.74,-2.15,30.52
44.688461586833,-0.74,-2.15,30.52
44.69292917475104,-0.74,-2.15,30.52
44.697260584682226,-0.74,-2.15,30.52
44.70180130749941,-0.74,-2.15,30.52
44.706324134022,-0.74,-2.15,30.52
44.710769798606634,-0.74,-2.15,30.52
44.715218644589186,-0.74,-2.15,30.52
44.719714276492596,-0.74,-2.15,30.52
44.724134393036366,-0.74,-2.15,30.52
44.72861296311021,-0.74,-2.15,30.52
44.733085826039314,-0.73,-2.15,30.52
44.73744275048375,-0.74,-2.15,30.52
44.741902109235525,-0.74,-2.15,30.52
44.74647348001599,-0.74,-2.15,30.52
44.75095043331385,-0.74,-2.15,30.52
44.7556557059288,-0.74,-2.15,30.52
44.75987685471773,-0.74,-2.15,30.52
44.76431578025222,-0.73,-2.15,30.52
44.768799401819706,-0.74,-2.15,30.52
44.773177079856396,-0.74,-2.15,30.52
44.77765138074756,-0.73,-2.15,30.52
44.78206580132246,-0.74,-2.15,30.52
44.78658253327012,-0.74,-2.16,30.52
44.79103972762823,-0.73,-2.15,30.52
44.795578971505165,-0.74,-2.15,30.52
44.80002158507705,-0.73,-2.15,30.52
44.80449312925339,-0.74,-2.16,30.52
44.80897454917431,-0.73,-2.15,30.52
44.81343479081988,-0.74,-2.15,30.52
44.81788059696555,-0.74,-2.15,30.51
44.82227871567011,-0.74,-2.15,30.52
44.826794378459454,-0.73,-2.15,30.52
44.831261202692986,-0.73,-2.16,30.52
44.835711535066366,-0.73,-2.15,30.52
44.84019546955824,-0.73,-2.15,30.52
44.844642739742994,-0.73,-2.16,30.52
44.849082462489605,-0.73,-2.16,30.52
44.853528525680304,-0.74,-2.16,30.52
44.85805305093527,-0.73,-2.16,30.52
44.862466003745794,-0.74,-2.16,30.52
44.866992339491844,-0.74,-2.16,30.52
44.871441159397364,-0.74,-2.16,30.52
44.87589871883392,-0.74,-2.16,30.52
44.88037587329745,-0.74,-2.16,30.52
44.88481718301773,-0.74,-2.16,30.52
44.88928943499923,-0.73,-2.16,30.52
44.89376292005181,-0.74,-2.16,30.52
44.89818260446191,-0.73,-2.16,30.52
44.902692187577486,-0.74,-2.16,30.52
44.907143376767635,-0.73,-2.16,30.52
44.911499567329884,-0.74,-2.16,30.52
44.91605406999588,-0.74,-2.16,30.52
44.9205425940454,-0.74,-2.16,30.52
44.92500128224492,-0.74,-2.16,30.52
44.929445166140795,-0.73,-2.16,30.52
44.93388971313834,-0.74,-2.16,30.52
44.93833978846669,-0.74,-2.16,30.52
44.94279511272907,-0.73,-2.16,30.52
44.94725638628006,-0.73,-2.16,30.52
44.951755460351706,-0.74,-2.16,30.52
44.95619162172079,-0.74,-2.16,30.52
44.96060274541378,-0.74,-2.16,30.52
44.96515644714236,-0.73,-2.16,30.52
44.96963218972087,-0.74,-2.16,30.52
44.97406927123666,-0.73,-2.16,30.52
44.97851208969951,-0.74,-2.16,30.52
44.98302488029003,-0.74,-2.16,30.52
44.987452406436205,-0.74,-2.16,30.52
44.99188248068094,-0.74,-2.16,30.52
44.99636161699891,-0.74,-2.15,30.52
45.00081878527999,-0.73,-2.15,30.52
45.00532807409763,-0.73,-2.15,30.52
45.00979906320572,-0.74,-2.15,30.52
45.014245226979256,-0.74,-2.15,30.52
45.01868661865592,-0.73,-2.15,30.52
45.023182932287455,-0.74,-2.15,30.52
45.027609053999186,-0.73,-2.15,30.52
45.03203485161066,-0.74,-2.15,30.52
45.03656434640288,-0.74,-2.15,30.52
45.04096319898963,-0.73,-2.15,30.52
45.045501723885536,-0.74,-2.15,30.52
45.04991803690791,-0.74,-2.15,30.52
45.05442485958338,-0.74,-2.15,30.52
45.058881018310785,-0.74,-2.15,30.52
45.06334724277258,-0.74,-2.15,30.52
45.06781016290188,-0.74,-2.15,30.51
45.07223315536976,-0.74,-2.15,30.51
45.07672357559204,-0.74,-2.15,30.51
45.08116079121828,-0.74,-2.15,30.52
45.085625659674406,-0.73,-2.15,30.52
45.09007513895631,-0.74,-2.15,30.52
45.09460059180856,-0.74,-2.15,30.52
45.09905133768916,-0.74,-2.15,30.52
45.103514421731234,-0.74,-2.15,30.51
45.10798850283027,-0.74,-2.15,30.52
45.11244437471032,-0.74,-2.15,30.52
45.11690153926611,-0.74,-2.15,30.52
45.121327333152294,-0.73,-2.15,30.52
45.125830333679914,-0.73,-2.15,30.52
45.130246322602034,-0.74,-2.15,30.52
45.13474250212312,-0.74,-2.15,30.52
45.1392225548625,-0.73,-2.15,30.51
45.143676824867725,-0.73,-2.16,30.52
45.148141749203205,-0.74,-2.15,30.51
45.15256302058697,-0.74,-2.15,30.51
45.15706814080477,-0.73,-2.15,30.52
45.161531530320644,-0.74,-2.15,30.51
45.1659536100924,-0.74,-2.15,30.52
45.17040542885661,-0.74,-2.15,30.51
45.17488503083587,-0.74,-2.15,30.51
45.179344952106476,-0.73,-2.15,30.51
45.183867659419775,-0.74,-2.16,30.52
45.18828960135579,-0.74,-2.16,30.52
45.192770566791296,-0.73,-2.15,30.52
45.19721273332834,-0.73,-2.16,30.52
45.20169476419687,-0.73,-2.16,30.52
45.206102173775434,-0.73,-2.16,30.52
45.21062487363815,-0.73,-2.16,30.52
45.21504106372595,-0.73,-2.16,30.52
45.21942589059472,-0.73,-2.16,30.52
45.22390861809254,-0.74,-2.16,30.52
45.228488214313984,-0.74,-2.16,30.52
45.23293041810393,-0.73,-2.16,30.52
45.237356420606375,-0.74,-2.16,30.52
45.241863306611776,-0.73,-2.16,30.52
45.24626725539565,-0.73,-2.16,30.52
45.25068920105696,-0.74,-2.16,30.52
45.25525001063943,-0.73,-2.16,30.52
45.259618289768696,-0.73,-2.16,30.52
45.26418046653271,-0.74,-2.16,30.52
45.268648490309715,-0.74,-2.16,30.52
45.27309401705861,-0.74,-2.16,30.52
45.27757426351309,-0.74,-2.15,30.52
45.281977873295546,-0.74,-2.15,30.52
45.28647769242525,-0.74,-2.15,30.52
45.29093990474939,-0.74,-2.15,30.52
45.29540144279599,-0.74,-2.15,30.52
45.29982740059495,-0.73,-2.15,30.52
45.30430876463652,-0.74,-2.16,30.52
45.30881226807833,-0.74,-2.16,30.52
45.313272297382355,-0.74,-2.16,30.52
45.317722134292126,-0.74,-2.16,30.52
45.32219944149256,-0.74,-2.15,30.52
45.326657965779305,-0.74,-2.16,30.52
45.3310824111104,-0.74,-2.16,30.52
45.33559729158878,-0.74,-2.16,30.52
45.33993628248572,-0.74,-2.16,30.52
45.34450721740723,-0.74,-2.16,30.51
45.34892736002803,-0.73,-2.16,30.52
45.35332766920328,-0.74,-2.16,30.52
45.35790325701237,-0.74,-2.16,30.52
45.36233625933528,-0.74,-2.16,30.52
45.36678460985422,-0.74,-2.16,30.52
45.37129911407828,-0.74,-2.16,30.52
45.37575847655535,-0.74,-2.16,30.52
45.380177427083254,-0.73,-2.16,30.52
45.38464552536607,-0.74,-2.16,30.52
45.38914028927684,-0.74,-2.16,30.52
45.39355443418026,-0.74,-2.16,30.52
45.39807254821062,-0.74,-2.16,30.53
45.4025353603065,-0.74,-2.16,30.52
45.406993709504604,-0.73,-2.16,30.52
45.411448538303375,-0.74,-2.16,30.52
45.415909353643656,-0.74,-2.16,30.52
45.42033405974507,-0.74,-2.16,30.52
45.42482556402683,-0.74,-2.16,30.52
45.42920050770044,-0.73,-2.16,30.52
45.433719638735056,-0.74,-2.16,30.52
45.43823951855302,-0.74,-2.16,30.52
45.44269843026996,-0.73,-2.16,30.52
45.44715701788664,-0.74,-2.16,30.52
45.451583836227655,-0.74,-2.16,30.52
45.45604033768177,-0.73,-2.16,30.52
45.460503898561,-0.73,-2.16,30.52
45.46500892564654,-0.74,-2.16,30.52
45.46945832669735,-0.74,-2.16,30.52
45.47386180981994,-0.74,-2.16,30.52
45.478397499769926,-0.74,-2.16,30.52
45.48285960033536,-0.73,-2.16,30.52
45.487319726496935,-0.74,-2.16,30.52
45.491763304919004,-0.74,-2.16,30.52
45.49624539539218,-0.74,-2.16,30.52
45.500685550272465,-0.74,-2.16,30.52
45.50511386618018,-0.73,-2.16,30.52
45.50964453071356,-0.74,-2.16,30.52
45.51409374177456,-0.74,-2.16,30.52
45.518426932394505,-0.74,-2.16,30.52
45.52293602377176,-0.74,-2.16,30.52
45.52749051898718,-0.74,-2.16,30.52
45.53193986415863,-0.74,-2.16,30.52
45.53641378879547,-0.74,-2.16,30.52
45.54083515703678,-0.74,-2.16,30.52
45.54527209699154,-0.74,-2.16,30.52
45.54975509271026,-0.74,-2.16,30.52
45.55423753708601,-0.74,-2.16,30.52
45.558611284941435,-0.73,-2.16,30.52
45.56317538395524,-0.74,-2.16,30.52
45.56754796206951,-0.74,-2.16,30.52
45.572115778923035,-0.74,-2.16,30.52
45.576564230024815,-0.74,-2.16,30.52
45.581043500453234,-0.74,-2.16,30.52
45.585520286113024,-0.73,-2.16,30.52
45.589974507689476,-0.74,-2.16,30.52
45.59438906237483,-0.73,-2.16,30.52
45.59888130426407,-0.73,-2.16,30.52
45.60334902629256,-0.73,-2.16,30.52
45.60779928416014,-0.74,-2.16,30.52
45.612224005162716,-0.74,-2.16,30.52
45.616745471954346,-0.73,-2.16,30.52
45.62121521309018,-0.74,-2.16,30.52
45.62566697597504,-0.74,-2.16,30.52
45.630077231675386,-0.73,-2.16,30.52
45.63455377519131,-0.74,-2.16,30.52
45.639010194689035,-0.74,-2.16,30.52
45.64347791671753,-0.74,-2.16,30.52
45.64797634258866,-0.73,-2.16,30.52
45.65244022384286,-0.73,-2.16,30.52
45.65692052617669,-0.74,-2.16,30.52
45.66137573495507,-0.74,-2.16,30.52
45.66580753773451,-0.74,-2.16,30.52
45.67025864496827,-0.74,-2.16,30.52
45.67473083361983,-0.73,-2.16,30.52
45.67916690930724,-0.73,-2.16,30.52
45.68362843990326,-0.74,-2.16,30.52
45.68815102428198,-0.73,-2.16,30.52
45.69249830022454,-0.74,-2.16,30.52
45.69702386856079,-0.74,-2.16,30.52
45.70154429227114,-0.73,-2.16,30.52
45.70598913356662,-0.74,-2.15,30.52
45.71046970039606,-0.73,-2.16,30.52
45.714924555271864,-0.73,-2.15,30.52
45.719369161874056,-0.74,-2.16,30.52
45.723829213529825,-0.74,-2.16,30.52
45.72826261073351,-0.74,-2.16,30.52
45.732694786041975,-0.74,-2.16,30.52
45.737134508788586,-0.74,-2.16,30.52
45.74165750667453,-0.74,-2.16,30.52
45.74616725370288,-0.74,-2.16,30.52
45.75061544030905,-0.74,-2.16,30.52
45.75505908206105,-0.73,-2.15,30.52
45.759541008621454,-0.73,-2.16,30.52
45.76400823518634,-0.74,-2.16,30.52
45.76845604553819,-0.74,-2.15,30.52
45.772899098694324,-0.73,-2.15,30.52
45.7773631028831,-0.73,-2.15,30.52
45.78184897825122,-0.73,-2.15,30.52
45.78631465137005,-0.74,-2.15,30.52
45.79079458490014,-0.74,-2.15,30.52
45.795238614082336,-0.74,-2.15,30.52
45.79968459159136,-0.74,-2.15,30.52
45.804164592176676,-0.74,-2.15,30.52
45.80862770602107,-0.74,-2.15,30.52
45.81309611350298,-0.74,-2.15,30.52
45.81749500334263,-0.74,-2.15,30.52
45.822025652974844,-0.74,-2.16,30.52
45.826392874121666,-0.74,-2.16,30.52
45.830968234688044,-0.74,-2.16,30.52
45.835412457585335,-0.73,-2.16,30.52
45.83988344669342,-0.73,-2.16,30.52
45.84433748200536,-0.73,-2.16,30.52
45.848777282983065,-0.73,-2.16,30.52
45.8532030954957,-0.74,-2.16,30.52
45.85771781951189,-0.74,-2.16,30.53
45.86219013482332,-0.74,-2.16,30.53
45.866524413228035,-0.74,-2.16,30.53
45.871031668037176,-0.74,-2.16,30.52
45.87559433653951,-0.74,-2.15,30.53
45.88003492355347,-0.74,-2.15,30.53
45.88451600819826,-0.73,-2.16,30.53
45.888921704143286,-0.74,-2.16,30.52
45.893380120396614,-0.74,-2.15,30.53
45.89786047115922,-0.74,-2.16,30.52
45.902312345802784,-0.74,-2.15,30.53
45.906737331300974,-0.74,-2.15,30.53
45.91121048480272,-0.73,-2.15,30.52
45.91575002297759,-0.73,-2.15,30.52
45.920214135199785,-0.74,-2.15,30.52
45.92467840388417,-0.73,-2.15,30.52
45.92910822480917,-0.73,-2.15,30.52
45.93357318639755,-0.74,-2.15,30.52
45.938054617494345,-0.74,-2.15,30.52
45.94249867275357,-0.74,-2.15,30.52
45.94696897268295,-0.74,-2.15,30.52
45.95137994736433,-0.73,-2.15,30.52
45.95591500028968,-0.74,-2.15,30.52
45.96028221771121,-0.74,-2.15,30.52
45.96484560891986,-0.74,-2.15,30.52
45.96930531412363,-0.73,-2.15,30.52
45.97375584766269,-0.74,-2.15,30.52
45.97821979224682,-0.74,-2.15,30.52
45.98261933773756,-0.73,-2.16,30.52
45.98709932714701,-0.74,-2.16,30.52
45.991564214229584,-0.74,-2.16,30.52
45.99603644758463,-0.73,-2.15,30.52
46.00047745928168,-0.74,-2.15,30.52
46.004840299487114,-0.74,-2.16,30.52
46.009464014321566,-0.74,-2.15,30.52
46.01391012594104,-0.74,-2.15,30.52
46.0183883048594,-0.74,-2.15,30.52
46.02279192581773,-0.73,-2.16,30.52
46.02729957923293,-0.74,-2.16,30.52
46.03174151480198,-0.74,-2.16,30.52
46.036243200302124,-0.74,-2.16,30.52
46.04063418880105,-0.74,-2.16,30.52
46.045053739100695,-0.73,-2.16,30.52
46.049640603363514,-0.73,-2.16,30.52
46.05408004298806,-0.74,-2.16,30.52
46.05854943022132,-0.73,-2.15,30.52
46.06300004199147,-0.73,-2.16,30.52
46.067415215075016,-0.74,-2.16,30.52
46.07189780473709,-0.74,-2.16,30.52
46.076392754912376,-0.74,-2.16,30.52
46.080755952745676,-0.74,-2.16,30.52
46.085317358374596,-0.74,-2.16,30.52
46.08975354209542,-0.74,-2.16,30.52
46.09426551312208,-0.73,-2.16,30.52
46.09870423004031,-0.74,-2.16,30.52
46.10315623506904,-0.74,-2.16,30.52
46.10761000588536,-0.74,-2.16,30.52
46.11210764572024,-0.74,-2.16,30.52
46.11656541004777,-0.73,-2.16,30.52
46.12098189815879,-0.73,-2.16,30.52
46.1255048699677,-0.73,-2.16,30.52
46.129949413239956,-0.73,-2.16,30.52
46.13434636592865,-0.73,-2.16,30.52
46.13888358697295,-0.74,-2.16,30.52
46.14332873746753,-0.74,-2.16,30.52
46.14780366793275,-0.74,-2.16,30.52
46.15226599946618,-0.73,-2.16,30.52
46.15671966597438,-0.73,-2.16,30.52
46.16115269809961,-0.73,-2.16,30.52
46.16565224155784,-0.74,-2.15,30.52
46.17007576674223,-0.74,-2.16,30.52
46.17446945980191,-0.74,-2.15,30.52
46.17897904291749,-0.74,-2.15,30.52
46.183509670197964,-0.74,-2.15,30.52
46.187949143350124,-0.74,-2.15,30.52
46.19240165874362,-0.74,-2.15,30.52
46.19687731936574,-0.73,-2.15,30.52
46.20128396525979,-0.74,-2.15,30.52
46.20581641048193,-0.74,-2.15,30.52
46.21024736016989,-0.74,-2.15,30.52
46.21465800702572,-0.74,-2.15,30.52
46.21908791363239,-0.74,-2.15,30.52
46.223679430782795,-0.74,-2.15,30.52
46.22812868282199,-0.74,-2.15,30.52
46.23257863149047,-0.73,-2.15,30.52
46.23705256357789,-0.74,-2.15,30.52
46.241503324359655,-0.74,-2.15,30.52
46.24599329009652,-0.73,-2.15,30.52
46.25045723840594,-0.74,-2.15,30.52
46.25491652265191,-0.73,-2.15,30.52
46.25927874073386,-0.74,-2.15,30.52
46.263722099363804,-0.74,-2.15,30.52
46.268306992948055,-0.74,-2.15,30.52
46.272763822227716,-0.74,-2.15,30.52
46.27721518278122,-0.74,-2.15,30.52
46.281673204153776,-0.73,-2.15,30.52
46.286092434078455,-0.74,-2.15,30.52
46.29057441651821,-0.74,-2.15,30.52
46.295083943754435,-0.74,-2.15,30.52
46.29955141246319,-0.73,-2.15,30.53
46.30401897802949,-0.74,-2.15,30.53
46.30839390680194,-0.74,-2.15,30.53
46.31293400749564,-0.73,-2.15,30.53
46.317381266504526,-0.74,-2.15,30.53
46.321820590645075,-0.74,-2.15,30.53
46.326291251927614,-0.74,-2.15,30.53
46.33070708811283,-0.73,-2.14,30.53
46.33519388735294,-0.73,-2.15,30.53
46.339682415127754,-0.74,-2.15,30.52
46.34415987879038,-0.74,-2.15,30.53
46.34852688387036,-0.74,-2.15,30.53
46.353093937039375,-0.74,-2.15,30.53
46.357554849237204,-0.73,-2.15,30.53
46.362024802714586,-0.74,-2.15,30.53
46.366445031017065,-0.74,-2.15,30.53
46.37091810256243,-0.73,-2.15,30.53
46.37540762126446,-0.74,-2.15,30.53
46.3797820918262,-0.74,-2.15,30.53
46.38430171459913,-0.73,-2.15,30.53
46.38875233754516,-0.73,-2.15,30.53
46.39324373751879,-0.74,-2.15,30.53
46.39767190441489,-0.74,-2.15,30.53
46.402177192270756,-0.74,-2.15,30.53
46.40664839744568,-0.74,-2.15,30.53
46.41249168664217,-0.73,-2.15,30.53
46.41684440523386,-0.74,-2.15,30.53
46.421275086700916,-0.74,-2.15,30.53
46.425708424299955,-0.74,-2.15,30.53
46.43009400740266,-0.74,-2.15,30.53
46.4343994371593,-0.73,-2.15,30.53
46.43889709189534,-0.74,-2.15,30.53
46.443261966109276,-0.74,-2.15,30.53
46.44769075140357,-0.73,-2.15,30.53
46.45201025903225,-0.73,-2.15,30.53
46.456473138183355,-0.74,-2.15,30.53
46.460848074406385,-0.74,-2.15,30.53
46.46526952460408,-0.74,-2.15,30.53
46.469636615365744,-0.74,-2.15,30.53
46.47406107932329,-0.74,-2.15,30.53
46.4784676656127,-0.74,-2.15,30.53
46.48272820934653,-0.74,-2.15,30.53
46.48716903850436,-0.74,-2.15,30.53
46.49162691086531,-0.74,-2.15,30.53
46.496049508452415,-0.74,-2.14,30.53
46.50035334005952,-0.74,-2.14,30.53
46.5047625862062,-0.74,-2.15,30.53
46.50928072631359,-0.74,-2.15,30.53
46.513747569173574,-0.74,-2.15,30.53
46.51813513785601,-0.74,-2.15,30.53
46.52261732891202,-0.74,-2.15,30.53
46.52701685205102,-0.74,-2.15,30.53
46.531603779643774,-0.73,-2.15,30.53
46.53605682402849,-0.73,-2.15,30.53
46.540527157485485,-0.73,-2.15,30.53
46.544970862567425,-0.74,-2.15,30.53
46.549382857978344,-0.74,-2.15,30.53
46.55389403924346,-0.74,-2.15,30.53
46.55835993215442,-0.73,-2.15,30.53
46.56275178864598,-0.73,-2.15,30.53
46.56721407920122,-0.74,-2.15,30.53
46.571764186024666,-0.74,-2.15,30.53
46.57622931152582,-0.74,-2.15,30.53
46.580671325325966,-0.74,-2.15,30.53
46.585156720131636,-0.74,-2.15,30.53
46.58959023654461,-0.73,-2.15,30.53
46.5942752584815,-0.74,-2.15,30.52
46.59850515052676,-0.74,-2.15,30.52
46.60296584293246,-0.74,-2.15,30.53
46.60737209022045,-0.74,-2.15,30.53
46.611929066479206,-0.73,-2.15,30.53
46.61640618741512,-0.73,-2.15,30.53
46.620854549109936,-0.74,-2.15,30.53
46.625301484018564,-0.73,-2.15,30.53
46.629742451012135,-0.73,-2.15,30.53
46.63418744504452,-0.74,-2.16,30.53
46.63866476714611,-0.73,-2.15,30.53
46.64310913160443,-0.74,-2.16,30.53
46.647602550685406,-0.74,-2.16,30.53
46.65207426249981,-0.73,-2.15,30.53
46.656544007360935,-0.73,-2.16,30.53
46.66102609783411,-0.74,-2.16,30.53
46.66548901051283,-0.74,-2.16,30.52
46.66994232684374,-0.74,-2.15,30.53
46.67438769340515,-0.74,-2.16,30.52
46.67886946350336,-0.74,-2.15,30.53
46.68333692103624,-0.74,-2.15,30.53
46.687776263803244,-0.74,-2.16,30.53
46.692224465310574,-0.74,-2.16,30.53
46.69672806188464,-0.74,-2.16,30.53
46.70109294727445,-0.74,-2.16,30.52
46.70564878731966,-0.74,-2.16,30.53
46.71009685471654,-0.74,-2.16,30.52
46.71457178890705,-0.74,-2.16,30.53
46.719016280025244,-0.74,-2.16,30.53
46.7234478071332,-0.74,-2.16,30.52
46.72795267775655,-0.74,-2.16,30.53
46.73237705603242,-0.73,-2.16,30.52
46.736843176186085,-0.74,-2.16,30.53
46.74129133671522,-0.74,-2.16,30.52
46.74579066038132,-0.74,-2.16,30.52
46.750273149460554,-0.74,-2.16,30.52
46.75474205240607,-0.74,-2.16,30.52
46.75919248536229,-0.74,-2.16,30.52
46.76360884681344,-0.73,-2.16,30.53
46.76807927712798,-0.74,-2.16,30.53
46.77257949858904,-0.73,-2.16,30.52
46.7770327962935,-0.74,-2.16,30.52
46.78143294900656,-0.74,-2.16,30.52
46.785961989313364,-0.74,-2.16,30.53
46.790310971438885,-0.73,-2.16,30.53
46.794896241277456,-0.74,-2.16,30.53
46.79933938011527,-0.73,-2.16,30.53
46.80382860451937,-0.73,-2.16,30.53
46.80823576822877,-0.74,-2.16,30.53
46.81271320208907,-0.74,-2.16,30.53
46.81721352040768,-0.74,-2.16,30.53
46.821672070771456,-0.74,-2.16,30.52
46.82613033056259,-0.73,-2.16,30.53
46.83054978772998,-0.74,-2.16,30.53
46.83506681397557,-0.74,-2.16,30.53
46.83952281996608,-0.74,-2.15,30.53
46.84399335086346,-0.74,-2.16,30.53
46.84844261035323,-0.74,-2.16,30.53
46.852896988391876,-0.73,-2.16,30.53
46.85735936835408,-0.74,-2.15,30.53
46.86178242042661,-0.73,-2.15,30.53
46.86628457531333,-0.74,-2.15,30.53
46.870692785829306,-0.74,-2.15,30.53
46.875237572938204,-0.73,-2.15,30.53
46.87970185652375,-0.73,-2.15,30.53
46.88414515927434,-0.74,-2.16,30.53
46.88861550018191,-0.74,-2.15,30.53
46.89307493716478,-0.74,-2.15,30.53
46.89749715477228,-0.74,-2.15,30.53
46.90198578312993,-0.73,-2.15,30.53
46.906491588801146,-0.74,-2.15,30.53
46.91084300354123,-0.74,-2.15,30.53
46.91539238393307,-0.74,-2.15,30.52
46.919855173677206,-0.74,-2.15,30.53
46.92432176321745,-0.74,-2.15,30.53
46.928779777139425,-0.73,-2.15,30.53
46.93323736637831,-0.74,-2.15,30.53
46.93765699863434,-0.74,-2.15,30.53
46.94217098504305,-0.73,-2.15,30.53
46.94658891111612,-0.74,-2.15,30.53
46.951082579791546,-0.73,-2.15,30.53
46.955501437187195,-0.74,-2.15,30.53
46.95991633459926,-0.74,-2.15,30.53
46.96440612152219,-0.74,-2.15,30.53
46.96924429386854,-0.74,-2.15,30.53
46.97339233011007,-0.74,-2.16,30.53
46.97786412015557,-0.73,-2.15,30.53
46.98227974399924,-0.74,-2.16,30.53
46.98677761107683,-0.74,-2.15,30.53
46.99116824939847,-0.74,-2.15,30.53
46.995626639574766,-0.73,-2.15,30.53
47.00018571317196,-0.74,-2.15,30.53
47.00459311902523,-0.74,-2.15,30.53
47.00909557193518,-0.73,-2.15,30.53
47.013569097965956,-0.74,-2.16,30.53
47.018037870526314,-0.74,-2.16,30.53
47.02245958521962,-0.74,-2.16,30.53
47.02693548426032,-0.73,-2.16,30.53
47.031394239515066,-0.74,-2.16,30.53
47.03579457849264,-0.74,-2.16,30.53
47.04031390324235,-0.74,-2.15,30.53
47.044805113226175,-0.74,-2.16,30.53
47.04918668046594,-0.74,-2.16,30.53
47.05373244732618,-0.74,-2.16,30.53
47.0581917501986,-0.73,-2.16,30.53
47.06266079097986,-0.73,-2.16,30.53
47.06711234152317,-0.74,-2.15,30.53
47.071583189070225,-0.74,-2.16,30.53
47.07602322474122,-0.74,-2.16,30.53
47.080469250679016,-0.74,-2.16,30.53
47.084895975887775,-0.74,-2.15,30.53
47.08936510235071,-0.73,-2.15,30.53
47.09384685382247,-0.73,-2.15,30.53
47.09834446758032,-0.74,-2.15,30.53
47.10283864662051,-0.74,-2.15,30.53
47.107290260493755,-0.73,-2.16,30.53
47.11174053326249,-0.73,-2.15,30.53
47.116195276379585,-0.74,-2.16,30.53
47.120674673467875,-0.74,-2.15,30.53
47.12513656169176,-0.73,-2.16,30.53
47.129575446248055,-0.74,-2.16,30.53
47.13400703296065,-0.73,-2.15,30.53
47.138414334505796,-0.74,-2.16,30.53
47.14298899844289,-0.74,-2.16,30.53
47.14743972942233,-0.74,-2.16,30.53
47.15190901234746,-0.73,-2.16,30.53
47.15637996047735,-0.74,-2.16,30.53
47.160839058458805,-0.74,-2.16,30.53
47.16524812951684,-0.73,-2.16,30.53
47.16976726800203,-0.74,-2.16,30.53
47.17418863251805,-0.73,-2.16,30.53
47.17858586460352,-0.74,-2.16,30.53
47.183118995279074,-0.74,-2.16,30.53
47.18761906772852,-0.74,-2.16,30.53
47.19205907359719,-0.74,-2.16,30.53
47.1965011022985,-0.74,-2.16,30.53
47.20100241526961,-0.73,-2.16,30.53
47.20539402961731,-0.74,-2.16,30.53
47.20985572040081,-0.73,-2.16,30.53
47.21439463272691,-0.74,-2.16,30.53
47.21881465986371,-0.73,-2.16,30.53
47.22329894453287,-0.74,-2.16,30.53
47.22767873108387,-0.73,-2.16,30.53
47.23223523050547,-0.74,-2.16,30.53
47.23671034350991,-0.74,-2.16,30.53
47.241159807890654,-0.74,-2.16,30.53
47.245628233999014,-0.74,-2.16,30.53
47.250094052404165,-0.74,-2.16,30.53
47.25453673675656,-0.74,-2.16,30.53
47.25899002328515,-0.73,-2.16,30.53
47.26338744536042,-0.74,-2.16,30.53
47.2678746022284,-0.73,-2.16,30.53
47.27235932648182,-0.73,-2.16,30.53
47.27687631547451,-0.73,-2.16,30.53
47.281332802027464,-0.73,-2.16,30.53
47.285747814923525,-0.73,-2.16,30.53
47.2902525216341,-0.74,-2.16,30.53
47.29468545690179,-0.74,-2.16,30.53
47.29911793023348,-0.73,-2.16,30.53
47.30354988574982,-0.74,-2.16,30.53
47.30810272693634,-0.74,-2.16,30.53
47.31254457309842,-0.74,-2.16,30.53
47.31693268567324,-0.73,-2.16,30.53
47.32148589938879,-0.74,-2.16,30.53
47.3259319588542,-0.73,-2.16,30.53
47.33041627332568,-0.74,-2.15,30.53
47.33488707244396,-0.74,-2.15,30.53
47.33934188261628,-0.73,-2.16,30.53
47.34374048933387,-0.73,-2.16,30.53
47.348251938819885,-0.74,-2.16,30.53
47.352630987763405,-0.74,-2.16,30.53
47.35717060044408,-0.73,-2.16,30.53
47.36166550219059,-0.74,-2.16,30.53
47.36610446870327,-0.73,-2.15,30.53
47.37055379897356,-0.74,-2.16,30.53
47.37505215033889,-0.73,-2.16,30.53
47.37944335490465,-0.74,-2.15,30.53
47.383940394967794,-0.74,-2.15,30.53
47.388376362621784,-0.74,-2.15,30.53
47.39288065955043,-0.74,-2.15,30.53
47.39732290804386,-0.74,-2.15,30.53
47.40177543088794,-0.74,-2.15,30.53
47.4062845595181,-0.74,-2.15,30.53
47.41073111072183,-0.73,-2.15,30.53
47.41521352156997,-0.74,-2.15,30.53
47.41966997459531,-0.74,-2.15,30.53
47.42412090301514,-0.74,-2.15,30.53
47.42856926470995,-0.74,-2.15,30.53
47.43299346789718,-0.74,-2.15,30.53
47.437483344227076,-0.74,-2.15,30.53
47.44195757806301,-0.74,-2.15,30.53
47.44645918533206,-0.74,-2.15,30.53
47.450909432023764,-0.74,-2.15,30.53
47.45535022765398,-0.74,-2.15,30.53
47.459836814552546,-0.74,-2.15,30.53
47.46428233757615,-0.74,-2.15,30.53
47.46873564273119,-0.74,-2.15,30.53
47.47318618372083,-0.74,-2.15,30.53
47.477660931646824,-0.73,-2.15,30.53
47.48210223764181,-0.74,-2.15,30.53
47.486613251268864,-0.74,-2.15,30.53
47.49098629876971,-0.74,-2.15,30.53
47.4955323189497,-0.74,-2.15,30.53
47.49997462332249,-0.74,-2.15,30.53
47.50445794686675,-0.74,-2.15,30.53
47.50886384770274,-0.74,-2.15,30.53
47.51334863528609,-0.74,-2.15,30.53
47.517791863530874,-0.74,-2.15,30.53
47.52231089025736,-0.73,-2.15,30.53
47.526731092482805,-0.73,-2.15,30.53
47.5312221981585,-0.73,-2.15,30.53
47.53566686064005,-0.73,-2.15,30.53
47.540152337402105,-0.73,-2.15,30.53
47.54459939152002,-0.74,-2.15,30.53
47.549075562506914,-0.74,-2.15,30.53
47.55348452553153,-0.74,-2.15,30.53
47.558011554181576,-0.73,-2.15,30.53
47.56248174980283,-0.74,-2.15,30.53
47.56682717427611,-0.73,-2.15,30.53
47.57140797004104,-0.74,-2.15,30.53
47.57573030516505,-0.74,-2.15,30.53
47.58023561164737,-0.74,-2.15,30.53
47.58477836102247,-0.74,-2.15,30.53
47.58928411081433,-0.74,-2.15,30.53
47.5936895608902,-0.73,-2.15,30.53
47.598130881786346,-0.74,-2.15,30.53
47.60264389589429,-0.74,-2.15,30.53
47.60703983530402,-0.74,-2.15,30.53
47.611530654132366,-0.74,-2.15,30.53
47.616015024483204,-0.73,-2.15,30.53
47.62042398378253,-0.73,-2.15,30.53
47.624934516847134,-0.73,-2.15,30.53
47.62940141931176,-0.74,-2.15,30.53
47.63388039544225,-0.73,-2.15,30.53
47.63832509890199,-0.73,-2.15,30.53
47.64274977892637,-0.74,-2.15,30.53
47.64725022763014,-0.73,-2.15,30.54
47.65165704861283,-0.73,-2.15,30.53
47.65618868544698,-0.74,-2.15,30.53
47.660616751760244,-0.73,-2.15,30.53
47.66509594023228,-0.74,-2.15,30.53
47.66958386451006,-0.73,-2.15,30.53
47.674036767333746,-0.74,-2.15,30.53
47.678476229310036,-0.73,-2.15,30.53
47.68295096606016,-0.73,-2.15,30.53
47.68735896795988,-0.73,-2.15,30.53
47.6918716467917,-0.73,-2.15,30.53
47.69635536521673,-0.74,-2.15,30.53
47.70079718902707,-0.73,-2.15,30.53
47.70527234300971,-0.74,-2.15,30.54
47.709640465676785,-0.74,-2.15,30.54
47.7142041772604,-0.74,-2.15,30.53
47.7186479344964,-0.74,-2.15,30.53
47.723126485943794,-0.74,-2.15,30.53
47.727592922747135,-0.73,-2.15,30.53
47.73202348873019,-0.73,-2.15,30.53
47.736519165337086,-0.73,-2.15,30.53
47.74093556776643,-0.73,-2.15,30.53
47.74538276344538,-0.74,-2.15,30.53
47.74988552182913,-0.74,-2.15,30.53
47.75434771552682,-0.74,-2.16,30.53
47.7588283829391,-0.74,-2.15,30.53
47.763289496302605,-0.74,-2.15,30.53
47.76773290708661,-0.74,-2.15,30.53
47.77216473594308,-0.74,-2.15,30.53
47.776688035577536,-0.74,-2.16,30.53
47.78108362480998,-0.74,-2.15,30.54
47.7855679243803,-0.74,-2.15,30.53
47.790044605731964,-0.74,-2.15,30.53
47.79447138309479,-0.74,-2.15,30.53
47.798886243253946,-0.74,-2.16,30.53
47.80346658080816,-0.74,-2.15,30.53
47.80788982287049,-0.74,-2.15,30.53
47.812381122261286,-0.74,-2.15,30.53
47.816787876188755,-0.73,-2.15,30.53
47.82130957022309,-0.73,-2.15,30.53
47.82577272504568,-0.74,-2.15,30.53
47.83020168542862,-0.74,-2.15,30.53
47.83464673534036,-0.73,-2.15,30.53
47.83900601044297,-0.74,-2.15,30.53
47.84360449016094,-0.74,-2.15,30.54
47.84807084873319,-0.73,-2.16,30.53
47.85251946374774,-0.74,-2.15,30.53
47.856964748352766,-0.74,-2.15,30.53
47.861425306648016,-0.74,-2.16,30.54
47.86591190844774,-0.74,-2.15,30.54
47.87032062932849,-0.74,-2.15,30.54
47.87486517429352,-0.74,-2.16,30.54
47.87929258868098,-0.74,-2.15,30.53
47.88377456739545,-0.74,-2.15,30.54
47.88824626430869,-0.73,-2.16,30.54
47.892711486667395,-0.73,-2.16,30.54
47.897167325019836,-0.73,-2.16,30.54
47.90162890776992,-0.74,-2.15,30.54
47.90606191009283,-0.74,-2.15,30.54
47.910557828843594,-0.74,-2.15,30.54
47.914916049689054,-0.74,-2.15,30.54
47.91947615146637,-0.74,-2.15,30.54
47.92380888387561,-0.73,-2.15,30.54
47.92833321914077,-0.74,-2.15,30.54
47.93286917731166,-0.74,-2.15,30.54
47.937317825853825,-0.73,-2.15,30.54
47.94176194816828,-0.74,-2.15,30.54
47.94620319083333,-0.73,-2.15,30.54
47.95065616071224,-0.73,-2.15,30.54
47.95518182963133,-0.74,-2.15,30.54
47.9595948792994,-0.73,-2.15,30.54
47.964039232581854,-0.73,-2.15,30.54
47.968467619270086,-0.74,-2.15,30.54
47.97295665368438,-0.74,-2.15,30.54
47.977498311549425,-0.73,-2.15,30.54
47.981939662247896,-0.74,-2.15,30.54
47.986416041851044,-0.73,-2.15,30.54
47.99086754396558,-0.74,-2.15,30.54
47.995297726243734,-0.74,-2.15,30.54
47.99973402172327,-0.73,-2.15,30.54
48.00425022467971,-0.74,-2.15,30.54
48.00864868238568,-0.74,-2.15,30.54
48.013192772865295,-0.73,-2.15,30.54
48.01758426427841,-0.74,-2.15,30.54
48.022123105823994,-0.74,-2.15,30.54
48.02656661719084,-0.74,-2.15,30.54
48.03103946521878,-0.73,-2.15,30.54
48.03549276292324,-0.74,-2.15,30.54
48.0399475581944,-0.74,-2.15,30.54
48.044430408626795,-0.73,-2.15,30.54
48.048782866448164,-0.74,-2.15,30.54
48.05328080430627,-0.74,-2.15,30.54
48.057801850140095,-0.74,-2.15,30.54
48.06229219585657,-0.73,-2.15,30.54
48.06674465164542,-0.73,-2.15,30.54
48.071199871599674,-0.74,-2.15,30.54
48.07563539966941,-0.74,-2.15,30.54
48.08010394126177,-0.74,-2.15,30.54
48.0845717266202,-0.74,-2.15,30.54
48.08905020728707,-0.74,-2.15,30.54
48.09349626302719,-0.74,-2.15,30.54
48.09798289462924,-0.74,-2.15,30.54
48.102381471544504,-0.73,-2.15,30.54
48.1069165058434,-0.74,-2.15,30.54
48.111368365585804,-0.74,-2.15,30.54
48.115807961672544,-0.73,-2.15,30.54
48.120282396674156,-0.73,-2.15,30.54
48.12476484104991,-0.73,-2.15,30.54
48.12914691120386,-0.74,-2.15,30.54
48.13370721414685,-0.74,-2.15,30.54
48.13811867311597,-0.73,-2.15,30.54
48.142514146864414,-0.74,-2.15,30.54
48.14699673652649,-0.74,-2.15,30.54
48.151518035680056,-0.73,-2.15,30.54
48.15601883083582,-0.74,-2.15,30.54
48.16043071448803,-0.74,-2.15,30.54
48.16488127037883,-0.74,-2.15,30.54
48.16936470195651,-0.73,-2.15,30.54
48.17380079999566,-0.74,-2.15,30.54
48.178244695067406,-0.74,-2.15,30.54
48.18277634680271,-0.73,-2.15,30.54
48.187228836119175,-0.74,-2.15,30.54
48.19168636575341,-0.74,-2.15,30.54
48.196166571229696,-0.74,-2.15,30.54
48.20061497017741,-0.74,-2.15,30.54
48.205056358128786,-0.74,-2.15,30.54
48.20953665673733,-0.73,-2.15,30.54
48.21397948637605,-0.73,-2.15,30.54
48.218468237668276,-0.74,-2.15,30.54
48.22285744920373,-0.73,-2.15,30.54
48.22734530642629,-0.74,-2.15,30.54
48.231840662658215,-0.74,-2.15,30.54
48.23621431365609,-0.73,-2.15,30.54
48.24078957363963,-0.74,-2.15,30.54
48.245233718305826,-0.73,-2.15,30.54
48.24971307441592,-0.73,-2.15,30.54
48.25415885075927,-0.74,-2.15,30.54
48.25856910645962,-0.73,-2.15,30.54
48.26306436210871,-0.74,-2.15,30.54
48.267517168074846,-0.74,-2.15,30.54
48.271996550261974,-0.74,-2.15,30.54
48.27649112045765,-0.73,-2.15,30.54
48.28091137111187,-0.73,-2.15,30.54
48.28541621938348,-0.74,-2.15,30.54
48.28985605016351,-0.74,-2.15,30.54
48.29434406012297,-0.73,-2.15,30.54
48.29876394569874,-0.73,-2.15,30.54
48.30325319617987,-0.74,-2.15,30.54
48.307714622467756,-0.74,-2.15,30.54
48.312146075069904,-0.73,-2.15,30.54
48.31655026599765,-0.74,-2.15,30.54
48.3210673481226,-0.73,-2.15,30.54
48.325587410479784,-0.74,-2.15,30.54
48.330034609884024,-0.73,-2.15,30.54
48.334479205310345,-0.74,-2.15,30.54
48.33894261345267,-0.74,-2.15,30.54
48.343365114182234,-0.73,-2.15,30.54
48.347863767296076,-0.73,-2.16,30.54
48.352291364222765,-0.74,-2.16,30.54
48.356741927564144,-0.73,-2.15,30.54
48.361234199255705,-0.74,-2.15,30.54
48.36568729579449,-0.74,-2.15,30.54
48.37021351233125,-0.73,-2.15,30.54
48.374661687761545,-0.74,-2.15,30.54
48.37913083657622,-0.74,-2.15,30.54
48.383982591331005,-0.74,-2.16,30.54
48.38799645379186,-0.73,-2.15,30.54
48.39248215034604,-0.74,-2.15,30.54
48.39692421257496,-0.73,-2.15,30.54
48.40143269300461,-0.73,-2.16,30.54
48.405899062752724,-0.74,-2.16,30.54
48.410259801894426,-0.74,-2.15,30.54
48.41483476012945,-0.74,-2.15,30.54
48.41927720233798,-0.74,-2.15,30.54
48.42376476153731,-0.73,-2.15,30.54
48.42821325734258,-0.73,-2.15,30.54
48.4326465241611,-0.74,-2.16,30.54
48.437066208571196,-0.74,-2.16,30.54
48.44159734994173,-0.73,-2.16,30.54
48.446057077497244,-0.74,-2.16,30.54
48.4504626840353,-0.73,-2.16,30.54
48.45499322190881,-0.74,-2.15,30.54
48.459457740187645,-0.74,-2.16,30.54
48.46390603482723,-0.73,-2.16,30.54
48.46837718039751,-0.74,-2.16,30.54
48.47282335907221,-0.74,-2.16,30.54
48.477322336286306,-0.74,-2.16,30.54
48.48178185150027,-0.73,-2.16,30.54
48.48621393740177,-0.74,-2.16,30.54
48.490691889077425,-0.74,-2.16,30.54
48.49513588473201,-0.74,-2.16,30.54
48.49961843341589,-0.74,-2.16,30.54
48.50408563390374,-0.74,-2.16,30.54
48.508530020713806,-0.74,-2.16,30.54
48.512996565550566,-0.74,-2.16,30.54
48.51747177913785,-0.74,-2.16,30.54
48.5219019241631,-0.73,-2.16,30.54
48.52637745812535,-0.74,-2.16,30.54
48.53083937242627,-0.74,-2.16,30.54
48.53530480712652,-0.74,-2.16,30.54
48.53977054730058,-0.73,-2.16,30.54
48.544259402900934,-0.74,-2.16,30.54
48.54871203005314,-0.74,-2.16,30.54
48.55315377190709,-0.74,-2.16,30.54
48.55765016376972,-0.74,-2.16,30.54
48.56209072098136,-0.74,-2.16,30.54
48.56655967235565,-0.74,-2.15,30.54
48.571015771478415,-0.74,-2.16,30.54
48.57549246028066,-0.74,-2.16,30.54
48.579916551709175,-0.74,-2.16,30.54
48.58441395312548,-0.74,-2.16,30.54
48.58888388052583,-0.74,-2.16,30.54
48.59333646669984,-0.74,-2.16,30.54
48.59783072397113,-0.73,-2.16,30.54
48.60227521136403,-0.74,-2.16,30.54
48.6066937930882,-0.73,-2.16,30.54
48.61119004711509,-0.74,-2.16,30.54
48.61558507755399,-0.73,-2.16,30.54
48.62009059637785,-0.74,-2.16,30.54
48.62458749860525,-0.74,-2.16,30.54
48.62895702570677,-0.74,-2.16,30.54
48.63350482285023,-0.74,-2.16,30.54
48.637952379882336,-0.74,-2.16,30.54
48.64242320880294,-0.74,-2.16,30.54
48.64688263460994,-0.74,-2.16,30.54
48.65131424367428,-0.74,-2.16,30.54
48.655826151371,-0.74,-2.16,30.54
48.66020778939128,-0.74,-2.16,30.54
48.664725594222546,-0.74,-2.16,30.54
48.66914353892207,-0.74,-2.16,30.54
48.67361966148019,-0.74,-2.16,30.54
48.67812892049551,-0.74,-2.16,30.54
48.6825982555747,-0.74,-2.16,30.54
48.6870219707489,-0.74,-2.16,30.54
48.69150500372052,-0.74,-2.16,30.54
48.69598273187876,-0.74,-2.16,30.54
48.7004113830626,-0.74,-2.16,30.54
48.70487863570452,-0.74,-2.16,30.54
48.709318935871124,-0.73,-2.16,30.54
48.71383496373892,-0.74,-2.16,30.54
48.718283243477345,-0.74,-2.16,30.54
48.72275438159704,-0.73,-2.16,30.54
48.727200362831354,-0.74,-2.16,30.54
48.731683392077684,-0.74,-2.16,30.54
48.73613791167736,-0.74,-2.16,30.54
48.74059755727649,-0.74,-2.16,30.54
48.74497839435935,-0.74,-2.16,30.54
48.74951717630029,-0.74,-2.16,30.54
48.75391328334808,-0.74,-2.16,30.54
48.75834533199668,-0.73,-2.16,30.54
48.76293282955885,-0.74,-2.16,30.54
48.76739225536585,-0.74,-2.16,30.54
48.77182354405522,-0.73,-2.15,30.54
48.776276517659426,-0.74,-2.16,30.54
48.78076382726431,-0.73,-2.16,30.54
48.78515201807022,-0.73,-2.16,30.54
48.789689507335424,-0.73,-2.16,30.54
48.79408997297287,-0.74,-2.15,30.54
48.79851635545492,-0.73,-2.16,30.54
48.803095515817404,-0.74,-2.15,30.54
48.807555589824915,-0.74,-2.15,30.54
48.81200348213315,-0.74,-2.16,30.54
48.81648059934378,-0.74,-2.15,30.54
48.82094196602702,-0.73,-2.16,30.54
48.82533546537161,-0.74,-2.16,30.54
48.829854000359774,-0.73,-2.16,30.54
48.834222603589296,-0.74,-2.16,30.54
48.838773250579834,-0.74,-2.16,30.54
48.84321664273739,-0.74,-2.15,30.54
48.84764449298382,-0.74,-2.15,30.54
48.85217696428299,-0.73,-2.16,30.54
48.85665174201131,-0.74,-2.15,30.54
48.86108177527785,-0.73,-2.15,30.54
48.865515515208244,-0.73,-2.15,30.54
48.87003133818507,-0.73,-2.15,30.54
48.87448136880994,-0.74,-2.15,30.54
48.87891827151179,-0.73,-2.15,30.54
48.88338490575552,-0.74,-2.15,30.54
48.88785735890269,-0.74,-2.15,30.54
48.89235902950168,-0.73,-2.15,30.54
48.89680169895291,-0.74,-2.15,30.54
48.90126969665289,-0.74,-2.15,30.54
48.90569084137678,-0.74,-2.15,30.54
48.910181637853384,-0.74,-2.15,30.54
48.914659678936005,-0.73,-2.15,30.54
48.91911082342267,-0.74,-2.15,30.54
48.92352992296219,-0.74,-2.15,30.54
48.92801619321108,-0.73,-2.15,30.54
48.93241061642766,-0.73,-2.15,30.54
48.936982315033674,-0.74,-2.15,30.54
48.94144527986646,-0.73,-2.15,30.54
48.945870552212,-0.74,-2.15,30.54
48.95032115653157,-0.74,-2.15,30.54
48.95479203388095,-0.74,-2.15,30.54
48.9592747874558,-0.73,-2.15,30.54
48.96371327340603,-0.73,-2.15,30.54
48.96820009872317,-0.73,-2.15,30.54
48.972578059881926,-0.74,-2.15,30.54
48.977049607783556,-0.73,-2.15,30.54
48.9815990999341,-0.73,-2.15,30.54
48.98605101555586,-0.74,-2.15,30.55
48.99051056057215,-0.73,-2.15,30.54
48.99499227851629,-0.74,-2.15,30.54
48.99943774566054,-0.74,-2.15,30.54
49.003841411322355,-0.73,-2.15,30.54
49.008341144770384,-0.74,-2.15,30.54
49.01284712180495,-0.73,-2.15,30.54
49.017292749136686,-0.74,-2.15,30.54
49.02177843078971,-0.74,-2.15,30.54
49.02622215077281,-0.74,-2.15,30.54
49.03069634735584,-0.74,-2.15,30.54
49.035132583230734,-0.73,-2.15,30.54
49.03958482295275,-0.74,-2.15,30.54
49.044067062437534,-0.74,-2.15,30.54
49.04850869998336,-0.74,-2.15,30.54
49.05297666788101,-0.74,-2.15,30.54
49.05747825652361,-0.73,-2.15,30.54
49.06182899326086,-0.74,-2.15,30.54
49.06640924885869,-0.74,-2.15,30.54
49.070848885923624,-0.74,-2.15,30.54
49.07532645761967,-0.73,-2.15,30.54
49.07973428815603,-0.74,-2.15,30.54
49.08425980061293,-0.73,-2.15,30.54
49.088675417006016,-0.74,-2.15,30.54
49.093073684722185,-0.73,-2.15,30.54
49.09757462888956,-0.74,-2.15,30.54
49.102107387036085,-0.74,-2.15,30.54
49.10643399134278,-0.74,-2.15,30.54
49.11102885007858,-0.73,-2.15,30.54
49.115473099052906,-0.73,-2.15,30.54
49.1199502274394,-0.74,-2.15,30.54
49.12436321005225,-0.74,-2.15,30.54
49.12883513793349,-0.73,-2.15,30.54
49.133314691483974,-0.74,-2.15,30.54
49.13769514858723,-0.74,-2.15,30.54
49.1422766558826,-0.74,-2.15,30.54
49.146696619689465,-0.74,-2.15,30.54
49.15120001509786,-0.74,-2.15,30.54
49.15564705058932,-0.74,-2.15,30.54
49.160093162208796,-0.74,-2.15,30.54
49.16457836702466,-0.74,-2.15,30.54
49.169049099087715,-0.74,-2.15,30.54
49.17349225655198,-0.74,-2.15,30.54
49.17795883119106,-0.74,-2.15,30.54
49.18242830783129,-0.73,-2.15,30.54
49.18675735220313,-0.74,-2.15,30.54
49.19128609076142,-0.74,-2.15,30.54
49.19582889601588,-0.74,-2.15,30.54
49.200292870402336,-0.74,-2.15,30.54
49.20474483817816,-0.73,-2.15,30.54
49.209165539592505,-0.73,-2.15,30.54
49.21364240348339,-0.74,-2.15,30.54
49.218141723424196,-0.73,-2.15,30.54
49.22259557619691,-0.74,-2.15,30.54
49.22701996192336,-0.73,-2.15,30.54
49.23151624202728,-0.74,-2.15,30.54
49.23598663881421,-0.73,-2.15,30.54
49.240455351769924,-0.74,-2.15,30.54
49.244898062199354,-0.74,-2.15,30.55
49.249373741447926,-0.74,-2.15,30.54
49.25382149219513,-0.73,-2.15,30.55
49.25829956308007,-0.74,-2.15,30.54
49.26271295174956,-0.73,-2.15,30.54
49.26719105988741,-0.73,-2.15,30.54
49.27169806882739,-0.73,-2.15,30.55
49.276095632463694,-0.74,-2.15,30.54
49.280558448284864,-0.74,-2.15,30.54
49.28507485613227,-0.74,-2.15,30.55
49.28951884061098,-0.73,-2.15,30.55
49.29397686943412,-0.73,-2.15,30.54
49.2984430231154,-0.74,-2.15,30.55
49.30290982499719,-0.74,-2.15,30.55
49.30735647305846,-0.74,-2.15,30.55
49.31180876493454,-0.73,-2.15,30.55
49.31627378612757,-0.73,-2.15,30.55
49.320699132978916,-0.74,-2.15,30.54
49.32525359094143,-0.73,-2.15,30.54
49.32969928905368,-0.74,-2.15,30.55
49.33413967117667,-0.74,-2.15,30.55
49.33863188698888,-0.74,-2.15,30.55
49.343090046197176,-0.74,-2.15,30.55
49.34754075109959,-0.74,-2.15,30.55
49.35201431438327,-0.74,-2.15,30.55
49.35646307840943,-0.74,-2.15,30.55
49.36093871667981,-0.74,-2.15,30.55
49.36541548743844,-0.74,-2.15,30.55
49.369878720492125,-0.74,-2.15,30.54
49.37435011193156,-0.73,-2.15,30.55
49.3787945471704,-0.74,-2.15,30.55
49.38323264196515,-0.74,-2.15,30.54
49.387651927769184,-0.73,-2.15,30.55
49.39218024909496,-0.74,-2.15,30.54
49.396628733724356,-0.74,-2.15,30.55
49.40110709890723,-0.74,-2.14,30.55
49.40550138801336,-0.74,-2.14,30.54
49.40998639911413,-0.74,-2.14,30.55
49.414500050246716,-0.73,-2.15,30.55
49.4189411662519,-0.73,-2.14,30.54
49.4234177544713,-0.74,-2.14,30.54
49.427872855216265,-0.73,-2.14,30.54
49.43235148489475,-0.74,-2.14,30.54
49.43680925667286,-0.74,-2.14,30.55
49.44120251014829,-0.74,-2.14,30.55
49.44563613831997,-0.74,-2.14,30.55
49.45016920939088,-0.74,-2.14,30.55
49.45466182753444,-0.73,-2.14,30.55
49.45912478119135,-0.73,-2.14,30.55
49.46357316151261,-0.74,-2.14,30.54
49.468048978596926,-0.73,-2.14,30.55
49.47249551489949,-0.73,-2.14,30.55
49.47693472355604,-0.74,-2.14,30.55
49.481380220502615,-0.74,-2.14,30.55
49.48581577464938,-0.74,-2.14,30.55
49.490319576114416,-0.74,-2.14,30.55
49.494712952524424,-0.74,-2.14,30.55
49.499266896396875,-0.74,-2.14,30.55
49.50374621897936,-0.74,-2.14,30.54
49.508190881460905,-0.74,-2.14,30.54
49.51267145574093,-0.73,-2.14,30.54
49.51713417470455,-0.73,-2.14,30.55
49.521587792783976,-0.74,-2.14,30.55
49.52606000751257,-0.74,-2.14,30.55
49.53049989044666,-0.73,-2.14,30.55
49.53498277813196,-0.73,-2.14,30.54
49.53938679397106,-0.73,-2.14,30.54
49.54392563551664,-0.73,-2.14,30.54
49.548366129398346,-0.74,-2.14,30.55
49.552808448672295,-0.74,-2.14,30.55
49.55728513747454,-0.73,-2.14,30.55
49.56177020445466,-0.74,-2.14,30.55
49.56621155887842,-0.73,-2.14,30.54
49.570626724511385,-0.74,-2.14,30.54
49.575119748711586,-0.73,-2.14,30.55
49.57956697046757,-0.74,-2.14,30.55
49.58406699076295,-0.73,-2.14,30.55
49.588543094694614,-0.74,-2.15,30.55
49.59299410879612,-0.73,-2.15,30.55
49.597469210624695,-0.74,-2.15,30.55
49.601934015750885,-0.73,-2.15,30.55
49.60633331909776,-0.73,-2.15,30.55
49.61080741882324,-0.74,-2.15,30.55
49.61529288813472,-0.74,-2.14,30.55
49.61977119371295,-0.73,-2.14,30.54
49.62418994680047,-0.74,-2.15,30.55
49.62867686897516,-0.73,-2.15,30.55
49.63317211344838,-0.74,-2.14,30.54
49.637615125626326,-0.73,-2.15,30.54
49.64208763092756,-0.73,-2.14,30.55
49.64650857821107,-0.73,-2.14,30.55
49.65103440359235,-0.74,-2.14,30.54
49.6554547585547,-0.73,-2.14,30.54
49.659902676939964,-0.74,-2.14,30.55
49.664378982037306,-0.73,-2.15,30.54
49.66877130419016,-0.73,-2.15,30.55
49.673328813165426,-0.73,-2.15,30.54
49.677796345204115,-0.74,-2.14,30.55
49.68223709985614,-0.73,-2.15,30.55
49.68668665736914,-0.73,-2.14,30.54
49.69112143665552,-0.74,-2.14,30.55
49.69564874470234,-0.73,-2.15,30.55
49.70009494572878,-0.74,-2.15,30.55
49.70458618178964,-0.73,-2.15,30.54
49.70903532207012,-0.74,-2.15,30.54
49.71336851641536,-0.74,-2.15,30.54
49.717971835285425,-0.74,-2.15,30.55
49.72241975739598,-0.74,-2.15,30.55
49.72688943520188,-0.74,-2.15,30.55
49.73134745284915,-0.74,-2.15,30.55
49.735780995339155,-0.74,-2.15,30.55
49.74022877961397,-0.74,-2.15,30.55
49.74471663311124,-0.74,-2.15,30.55
49.74911529570818,-0.74,-2.15,30.55
49.753558073192835,-0.74,-2.15,30.54
49.75810958445072,-0.73,-2.15,30.55
49.762591663748026,-0.74,-2.15,30.54
49.767040845006704,-0.74,-2.15,30.54
49.77148688212037,-0.74,-2.15,30.55
49.77592882141471,-0.73,-2.15,30.54
49.78039989620447,-0.74,-2.15,30.54
49.784901320934296,-0.73,-2.15,30.54
49.7893475741148,-0.74,-2.15,30.55
49.79375533759594,-0.74,-2.15,30.55
49.79816744104028,-0.74,-2.16,30.54
49.80259504541755,-0.74,-2.15,30.54
49.8072158806026,-0.74,-2.15,30.54
49.811658050864935,-0.74,-2.15,30.55
49.81610235199332,-0.73,-2.15,30.54
49.82059025764465,-0.74,-2.15,30.54
49.825030248612165,-0.73,-2.15,30.54
49.82952715456486,-0.74,-2.15,30.54
49.833929155021906,-0.74,-2.15,30.54
49.838389970362186,-0.74,-2.15,30.54
49.84289810806513,-0.74,-2.15,30.54
49.847390960901976,-0.73,-2.15,30.55
49.851840537041426,-0.74,-2.15,30.55
49.85628794506192,-0.74,-2.15,30.54
49.86074658110738,-0.74,-2.16,30.54
49.86524014547467,-0.74,-2.16,30.54
49.869655802845955,-0.74,-2.16,30.55
49.87408500909805,-0.74,-2.15,30.54
49.87860993668437,-0.73,-2.16,30.54
49.88305551558733,-0.73,-2.15,30.54
49.88753056898713,-0.74,-2.15,30.55
49.89192532747984,-0.74,-2.15,30.54
49.89646406471729,-0.74,-2.15,30.54
49.90091145783663,-0.73,-2.15,30.55
49.90539285168052,-0.74,-2.15,30.54
49.909846883267164,-0.74,-2.15,30.54
49.91430761665106,-0.74,-2.15,30.54
49.918799698352814,-0.74,-2.15,30.54
49.923233047127724,-0.74,-2.15,30.54
49.927649579942226,-0.74,-2.15,30.55
49.93209199234843,-0.74,-2.15,30.54
49.93664204701781,-0.74,-2.15,30.54
49.941086780279875,-0.74,-2.15,30.55
49.94555938988924,-0.75,-2.15,30.54
49.9500080011785,-0.74,-2.15,30.54
49.954441122710705,-0.74,-2.16,30.54
49.95890338718891,-0.73,-2.15,30.54
49.963414303958416,-0.73,-2.15,30.54
49.96784150600433,-0.74,-2.15,30.54
49.972234059125185,-0.73,-2.15,30.54
49.97672122716904,-0.73,-2.16,30.54
49.98126130178571,-0.74,-2.15,30.54
49.9857071749866,-0.74,-2.15,30.55
49.99015115201473,-0.73,-2.15,30.55
49.99460047110915,-0.74,-2.15,30.54
49.99906874448061,-0.74,-2.15,30.54
50.003572043031454,-0.74,-2.16,30.54
50.00796649977565,-0.74,-2.15,30.54
50.01241423934698,-0.74,-2.15,30.54
50.01693280413747,-0.74,-2.15,30.54
50.021343279629946,-0.74,-2.16,30.54
50.02589067444205,-0.74,-2.15,30.55
50.03034960851073,-0.74,-2.15,30.54
50.0348171107471,-0.73,-2.15,30.55
50.03922055661678,-0.74,-2.15,30.55
50.04369969666004,-0.74,-2.15,30.55
50.048110011965036,-0.73,-2.15,30.55
50.05261163786054,-0.74,-2.15,30.54
50.057120349258184,-0.73,-2.15,30.55
50.06157408282161,-0.74,-2.15,30.55
50.06606192141771,-0.74,-2.15,30.54
50.070516247302294,-0.74,-2.15,30.55
50.07500133290887,-0.74,-2.15,30.55
50.07944308593869,-0.74,-2.15,30.55
50.08386713266373,-0.74,-2.15,30.55
50.088323798030615,-0.73,-2.15,30.55
50.092818189412355,-0.73,-2.15,30.55
50.09729405120015,-0.74,-2.15,30.54
50.1016467101872,-0.73,-2.16,30.54
50.10619981214404,-0.74,-2.15,30.55
50.11068715527654,-0.73,-2.15,30.55
50.1151325032115,-0.73,-2.16,30.54
50.11957549676299,-0.74,-2.16,30.55
50.12401909008622,-0.74,-2.16,30.55
50.12849571183324,-0.74,-2.15,30.55
50.132994033396244,-0.74,-2.16,30.55
50.1374147683382,-0.74,-2.16,30.55
50.14192312583327,-0.73,-2.15,30.55
50.14632757380605,-0.74,-2.16,30.54
50.15084787085652,-0.74,-2.16,30.55
50.1553151383996,-0.74,-2.16,30.54
50.15975822508335,-0.74,-2.16,30.54
50.16420063003898,-0.74,-2.16,30.54
50.16865261644125,-0.74,-2.16,30.54
50.1731190495193,-0.74,-2.16,30.54
50.17760402709246,-0.73,-2.16,30.55
50.18201677873731,-0.74,-2.16,30.55
50.186484560370445,-0.74,-2.16,30.55
50.19096306338906,-0.73,-2.16,30.55
50.19544659554958,-0.73,-2.16,30.55
50.199936013668776,-0.74,-2.16,30.55
50.20437913015485,-0.73,-2.16,30.55
50.2088659144938,-0.74,-2.16,30.55
50.21326481923461,-0.74,-2.16,30.55
50.217712841928005,-0.74,-2.16,30.55
50.222241178154945,-0.74,-2.16,30.55
50.22668440267444,-0.74,-2.16,30.55
50.231141321361065,-0.74,-2.16,30.54
50.23556223139167,-0.73,-2.16,30.55
50.240111365914345,-0.74,-2.16,30.54
50.24455849081278,-0.74,-2.16,30.54
50.24899925291538,-0.74,-2.16,30.55
50.25344307348132,-0.74,-2.16,30.55
50.257924538105726,-0.73,-2.16,30.55
50.26236694306135,-0.73,-2.16,30.54
50.26677697151899,-0.74,-2.16,30.54
50.27127331867814,-0.73,-2.16,30.55
50.275683116167784,-0.74,-2.16,30.55
50.28019614890218,-0.73,-2.15,30.55
50.284734819084406,-0.73,-2.15,30.54
50.28918331488967,-0.73,-2.15,30.55
50.293628450483084,-0.74,-2.15,30.55
50.298087261617184,-0.74,-2.15,30.55
50.30256263166666,-0.73,-2.15,30.55
50.3070280700922,-0.74,-2.15,30.55
50.31146479025483,-0.74,-2.16,30.55
50.315904799848795,-0.73,-2.15,30.54
50.32029485702515,-0.73,-2.15,30.54
50.32483898848295,-0.74,-2.15,30.54
50.32935672625899,-0.73,-2.15,30.54
50.33380261808634,-0.74,-2.15,30.55
50.33824860304594,-0.74,-2.15,30.55
50.3427336551249,-0.73,-2.15,30.54
50.34721674770117,-0.74,-2.15,30.55
50.35167198255658,-0.74,-2.16,30.55
50.3560551777482,-0.74,-2.15,30.54
50.360593393445015,-0.73,-2.16,30.54
50.364987798035145,-0.74,-2.16,30.54
50.36951007694006,-0.74,-2.15,30.55
50.37398221716285,-0.73,-2.16,30.55
50.37844507396221,-0.74,-2.15,30.55
50.38291613385081,-0.73,-2.16,30.55
50.387315440922976,-0.74,-2.15,30.55
50.39178625866771,-0.74,-2.15,30.55
50.39628864452243,-0.74,-2.16,30.54
50.4007130600512,-0.74,-2.16,30.54
50.40522389113903,-0.73,-2.16,30.55
50.40966025367379,-0.74,-2.15,30.55
50.41416522487998,-0.74,-2.15,30.55
50.418606139719486,-0.74,-2.15,30.55
50.42307759448886,-0.74,-2.15,30.54
50.427526373416185,-0.74,-2.15,30.54
50.43196991458535,-0.74,-2.15,30.54
50.436463452875614,-0.73,-2.15,30.55
50.440914414823055,-0.74,-2.15,30.54
50.44537644088268,-0.74,-2.15,30.54
50.449802439659834,-0.73,-2.15,30.55
50.454276874661446,-0.74,-2.15,30.55
50.45887425914407,-0.73,-2.15,30.55
50.46325320005417,-0.74,-2.15,30.55
50.46767557784915,-0.74,-2.15,30.54
50.47215739637613,-0.74,-2.15,30.55
50.47662691399455,-0.74,-2.15,30.55
50.48109383508563,-0.73,-2.15,30.55
50.485485799610615,-0.74,-2.15,30.55
50.48999536037445,-0.74,-2.15,30.55
50.494489308446646,-0.74,-2.15,30.55
50.49890014156699,-0.74,-2.15,30.55
50.50340421125293,-0.73,-2.15,30.55
50.50787150859833,-0.74,-2.15,30.55
50.51233161240816,-0.73,-2.15,30.55
50.5167425647378,-0.74,-2.15,30.55
50.52125411853194,-0.74,-2.15,30.55
50.525712087750435,-0.74,-2.15,30.55
50.53015011921525,-0.74,-2.15,30.55
50.534653045237064,-0.74,-2.15,30.55
50.53901406005025,-0.74,-2.15,30.55
50.54352796822786,-0.73,-2.15,30.55
50.54803468286991,-0.73,-2.15,30.55
50.55249082669616,-0.73,-2.15,30.55
50.5569196715951,-0.74,-2.15,30.55
50.56139500811696,-0.73,-2.15,30.55
50.565849892795086,-0.74,-2.15,30.55
50.57035618275404,-0.74,-2.15,30.55
50.57469658926129,-0.73,-2.15,30.55
50.579286720603704,-0.74,-2.15,30.55
50.58374061435461,-0.74,-2.15,30.55
50.588207110762596,-0.74,-2.15,30.55
50.592668905854225,-0.74,-2.15,30.55
50.59712805598974,-0.74,-2.15,30.55
50.60156041383743,-0.74,-2.15,30.55
50.605981186032295,-0.74,-2.15,30.55
50.61051280796528,-0.73,-2.15,30.55
50.61497598141432,-0.73,-2.15,30.54
50.61937498673797,-0.73,-2.15,30.55
50.623869717121124,-0.74,-2.15,30.55
50.62837386503816,-0.74,-2.15,30.55
50.63280688598752,-0.74,-2.15,30.54
50.63727943971753,-0.73,-2.15,30.55
50.64175736531615,-0.74,-2.15,30.55
50.646218322217464,-0.74,-2.15,30.55
50.65065019950271,-0.74,-2.15,30.55
50.65513343364,-0.74,-2.15,30.55
50.65961215645075,-0.74,-2.15,30.55
50.6639827825129,-0.74,-2.15,30.55
50.66848535090685,-0.74,-2.15,30.55
50.672966342419386,-0.74,-2.15,30.55
50.6774492636323,-0.74,-2.15,30.55
50.68189799413085,-0.74,-2.15,30.55
50.68637700751424,-0.73,-2.15,30.55
50.6908299960196,-0.74,-2.15,30.55
50.69527658075094,-0.74,-2.15,30.55
50.69975125044584,-0.74,-2.15,30.55
50.70419047400355,-0.74,-2.15,30.55
50.70862817019224,-0.74,-2.15,30.55
50.71307499334216,-0.74,-2.15,30.54
50.71757547184825,-0.74,-2.15,30.55
50.722080048173666,-0.74,-2.15,30.55
50.72653755918145,-0.73,-2.15,30.54
50.73096761479974,-0.74,-2.15,30.54
50.7354112342,-0.74,-2.15,30.55
50.739889070391655,-0.74,-2.15,30.55
50.74438025429845,-0.74,-2.15,30.55
50.748828157782555,-0.74,-2.15,30.54
50.75331090763211,-0.73,-2.15,30.55
50.7577823959291,-0.74,-2.15,30.55
50.76218594238162,-0.74,-2.15,30.54
50.76670154184103,-0.74,-2.15,30.55
50.77117298543453,-0.74,-2.15,30.55
50.77563879266381,-0.74,-2.15,30.54
50.780071310698986,-0.74,-2.15,30.55
50.78456084430218,-0.74,-2.15,30.55
50.789020612835884,-0.74,-2.15,30.54
50.79348121583462,-0.74,-2.15,30.55
50.79792624339461,-0.74,-2.15,30.55
50.802293717861176,-0.74,-2.15,30.55
50.80687925592065,-0.74,-2.15,30.55
50.81131924688816,-0.74,-2.14,30.54
50.81576557829976,-0.74,-2.14,30.54
50.82021598145366,-0.74,-2.14,30.55
50.82469089329243,-0.74,-2.14,30.55
50.829197611659765,-0.74,-2.14,30.54
50.8336153998971,-0.74,-2.14,30.55
50.83811390772462,-0.73,-2.14,30.55
50.84258007258177,-0.74,-2.14,30.55
50.84705277904868,-0.74,-2.14,30.55
50.85150357708335,-0.74,-2.14,30.55
50.85594303160906,-0.73,-2.14,30.55
50.86043532565236,-0.74,-2.14,30.55
50.8648723885417,-0.74,-2.14,30.55
50.86931687965989,-0.74,-2.14,30.55
50.873808935284615,-0.73,-2.15,30.55
50.87823997437954,-0.74,-2.14,30.54
50.88273485377431,-0.73,-2.15,30.54
50.88714985921979,-0.74,-2.15,30.55
50.89168211072683,-0.74,-2.15,30.55
50.896124601364136,-0.73,-2.15,30.55
50.90057798847556,-0.74,-2.15,30.54
50.9050194658339,-0.74,-2.15,30.55
50.90951639786363,-0.74,-2.15,30.55
50.91396876052022,-0.74,-2.14,30.55
50.91844342276454,-0.73,-2.15,30.55
50.92284465953708,-0.74,-2.14,30.55
50.92732701078057,-0.74,-2.14,30.55
50.93176677078009,-0.74,-2.15,30.55
50.93630347028375,-0.73,-2.14,30.55
50.940752167254686,-0.73,-2.15,30.55
50.94523357227445,-0.74,-2.15,30.55
50.94969357550144,-0.74,-2.15,30.55
50.954119842499495,-0.74,-2.15,30.55
50.958603739738464,-0.74,-2.15,30.55
50.96307313814759,-0.74,-2.15,30.55
50.96752204373479,-0.73,-2.15,30.55
50.971961203962564,-0.74,-2.15,30.55
50.97639050707221,-0.74,-2.15,30.55
50.9809232391417,-0.74,-2.15,30.55
50.985390678048134,-0.74,-2.15,30.55
50.989835541695356,-0.74,-2.15,30.55
50.9942937977612,-0.73,-2.15,30.54
50.998738799244165,-0.73,-2.15,30.55
51.003163907676935,-0.73,-2.15,30.54
51.00771261379123,-0.74,-2.15,30.55
51.01210182160139,-0.74,-2.15,30.55
51.01659029349685,-0.74,-2.15,30.55
51.02100735157728,-0.74,-2.15,30.55
51.02556997165084,-0.74,-2.15,30.55
51.030017267912626,-0.73,-2.15,30.55
51.03443728759885,-0.74,-2.15,30.54
51.03892120346427,-0.73,-2.15,30.54
51.043410923331976,-0.73,-2.15,30.55
51.04781161248684,-0.74,-2.15,30.55
51.052319798618555,-0.74,-2.15,30.55
51.05678862333298,-0.74,-2.15,30.55
51.061245419085026,-0.74,-2.14,30.55
51.065729446709156,-0.73,-2.15,30.55
51.07018478959799,-0.74,-2.15,30.55
51.074619226157665,-0.73,-2.15,30.55
51.0791038274765,-0.74,-2.14,30.55
51.08357332274318,-0.74,-2.15,30.54
51.08800807967782,-0.74,-2.15,30.54
51.092486303299665,-0.74,-2.15,30.54
51.096917759627104,-0.74,-2.15,30.55
51.101371210068464,-0.73,-2.15,30.54
51.10588477551937,-0.74,-2.15,30.55
51.11035355180502,-0.74,-2.15,30.55
51.11479027196765,-0.74,-2.15,30.55
51.11927629634738,-0.74,-2.15,30.55
51.12370624765754,-0.74,-2.15,30.55
51.12813411653042,-0.73,-2.15,30.54
51.13265824690461,-0.74,-2.15,30.55
51.137097008526325,-0.74,-2.15,30.55
51.14149449020624,-0.74,-2.15,30.55
51.145949605852365,-0.74,-2.15,30.55
51.15043945983052,-0.74,-2.15,30.54
51.15498209744692,-0.74,-2.15,30.55
51.15941659361124,-0.74,-2.15,30.54
51.1638640537858,-0.74,-2.15,30.54
51.16833504661918,-0.74,-2.15,30.54
51.17279487103224,-0.74,-2.15,30.54
51.17727651819587,-0.74,-2.15,30.54
51.181762378662825,-0.74,-2.15,30.54
51.18612975254655,-0.74,-2.15,30.54
51.19055377691984,-0.74,-2.15,30.55
51.195148695260286,-0.74,-2.15,30.54
51.199594024568796,-0.73,-2.15,30.54
51.20403716340661,-0.74,-2.15,30.54
51.2085230126977,-0.74,-2.15,30.54
51.21293633803725,-0.73,-2.15,30.54
51.217445742338896,-0.73,-2.15,30.54
51.22192829474807,-0.74,-2.15,30.54
51.226392071694136,-0.74,-2.15,30.55
51.23078954964876,-0.74,-2.15,30.54
51.23526557907462,-0.74,-2.15,30.55
51.23977231606841,-0.74,-2.15,30.55
51.24421801418066,-0.74,-2.15,30.55
51.24866635352373,-0.74,-2.15,30.54
51.253163039684296,-0.73,-2.15,30.54
51.257554579526186,-0.74,-2.15,30.54
51.26208134368062,-0.74,-2.15,30.54
51.26655646413565,-0.73,-2.15,30.54
51.27092882618308,-0.74,-2.15,30.54
51.27539522200823,-0.74,-2.15,30.55
51.279951598495245,-0.74,-2.15,30.55
51.28441135212779,-0.74,-2.15,30.55
51.28886878490448,-0.74,-2.15,30.54
51.29328425973654,-0.74,-2.15,30.55
51.2977717705071,-0.74,-2.15,30.55
51.30221313610673,-0.74,-2.15,30.55
51.306721057742834,-0.74,-2.15,30.55
51.31106233224273,-0.74,-2.15,30.55
51.31556964665651,-0.74,-2.15,30.55
51.320095874369144,-0.74,-2.15,30.55
51.324576664716005,-0.73,-2.15,30.55
51.32903914526105,-0.74,-2.15,30.55
51.33346474915743,-0.74,-2.15,30.55
51.33795106038451,-0.74,-2.15,30.55
51.34235668554902,-0.74,-2.15,30.55
51.34687780588865,-0.74,-2.15,30.54
51.35134877637029,-0.74,-2.15,30.54
51.355811558663845,-0.74,-2.15,30.54
51.36026803031564,-0.74,-2.15,30.54
51.36468397080898,-0.74,-2.15,30.54
51.369201734662056,-0.74,-2.15,30.55
51.373644687235355,-0.73,-2.15,30.55
51.37814534828067,-0.73,-2.15,30.55
51.382584024220705,-0.73,-2.15,30.55
51.38705510273576,-0.74,-2.15,30.55
51.39151294901967,-0.74,-2.15,30.55
51.39594407752156,-0.73,-2.15,30.55
51.40045181289315,-0.74,-2.15,30.55
51.404853124171495,-0.73,-2.15,30.55
51.40930248051882,-0.73,-2.15,30.55
51.413828033953905,-0.74,-2.15,30.55
51.41829524189234,-0.73,-2.15,30.55
51.42273273319006,-0.74,-2.15,30.55
51.42718631029129,-0.74,-2.15,30.55
51.43167024478316,-0.74,-2.15,30.55
51.43611355498433,-0.74,-2.15,30.54
51.44049948453903,-0.74,-2.15,30.55
51.44505391269922,-0.74,-2.15,30.54
51.449376333504915,-0.73,-2.15,30.55
51.45399661362171,-0.74,-2.15,30.54
51.45845049992204,-0.74,-2.15,30.55
51.46292008087039,-0.73,-2.15,30.55
51.467336274683475,-0.74,-2.15,30.55
51.4718171954155,-0.74,-2.15,30.54
51.476307548582554,-0.73,-2.15,30.54
51.48081264644861,-0.74,-2.15,30.55
51.485193219035864,-0.74,-2.15,30.55
51.48969602584839,-0.73,-2.15,30.55
51.494166649878025,-0.73,-2.15,30.55
51.49862790480256,-0.74,-2.15,30.55
51.50306999310851,-0.73,-2.15,30.55
51.50754872709513,-0.74,-2.15,30.55
51.51199597865343,-0.74,-2.15,30.55
51.51648275926709,-0.73,-2.15,30.55
51.520923897624016,-0.74,-2.15,30.55
51.52538415417075,-0.74,-2.15,30.55
51.529761128127575,-0.73,-2.15,30.55
51.534307941794395,-0.73,-2.15,30.55
51.53869601339102,-0.73,-2.15,30.55
51.54324243590236,-0.74,-2.15,30.55
51.54768795892596,-0.74,-2.15,30.55
51.55215408280492,-0.74,-2.15,30.55
51.556580539792776,-0.73,-2.15,30.55
51.56111450120807,-0.73,-2.15,30.55
51.56552070379257,-0.74,-2.15,30.55
51.57002167776227,-0.74,-2.15,30.55
51.574480675160885,-0.73,-2.15,30.55
51.57895001024008,-0.74,-2.15,30.55
51.58342178910971,-0.74,-2.15,30.55
51.58787779137492,-0.74,-2.15,30.55
51.5923287011683,-0.74,-2.15,30.55
51.59680591896176,-0.74,-2.15,30.55
51.60124374553561,-0.74,-2.15,30.55
51.60573936626315,-0.73,-2.15,30.55
51.61019464954734,-0.73,-2.15,30.55
51.61457806453109,-0.74,-2.15,30.55
51.619019482284784,-0.74,-2.15,30.55
51.623483665287495,-0.74,-2.15,30.55
51.62804628536105,-0.74,-2.15,30.55
51.63251841068268,-0.73,-2.15,30.55
51.63696423918009,-0.73,-2.15,30.55
51.64137855544686,-0.74,-2.15,30.55
51.64584580436349,-0.73,-2.15,30.55
51.65034215897322,-0.74,-2.15,30.55
51.65475273132324,-0.73,-2.15,30.55
51.65924448147416,-0.74,-2.15,30.55
51.66364701464772,-0.73,-2.15,30.55
51.6681694239378,-0.73,-2.15,30.55
51.67266968637705,-0.74,-2.15,30.55
51.677140560001135,-0.74,-2.15,30.55
51.68159255757928,-0.73,-2.15,30.55
51.686060182750225,-0.73,-2.15,30.55
51.69050721824169,-0.74,-2.15,30.55
51.69497077167034,-0.74,-2.15,30.55
51.69940651580691,-0.74,-2.15,30.55
51.70387548580766,-0.74,-2.15,30.55
51.70837917178869,-0.73,-2.15,30.55
51.712757997214794,-0.73,-2.15,30.55
51.71729664131999,-0.74,-2.15,30.55
51.721761126071215,-0.73,-2.15,30.55
51.72618185356259,-0.73,-2.15,30.55
51.73066730052233,-0.74,-2.15,30.55
51.735135193914175,-0.74,-2.15,30.55
51.73961779102683,-0.73,-2.15,30.55
51.74404709413648,-0.74,-2.15,30.55
51.74854612350464,-0.74,-2.15,30.55
51.752990778535604,-0.74,-2.14,30.55
51.757470071315765,-0.74,-2.14,30.55
51.7619155831635,-0.74,-2.15,30.55
51.76636205613613,-0.74,-2.15,30.55
51.7708431892097,-0.74,-2.14,30.55
51.775288950651884,-0.73,-2.15,30.55
51.77974729984999,-0.74,-2.14,30.55
51.78425633534789,-0.73,-2.14,30.55
51.78864433988929,-0.74,-2.14,30.55
51.79315434023738,-0.73,-2.14,30.55
51.797594610601664,-0.73,-2.14,30.55
51.80209558829665,-0.74,-2.15,30.55
51.806559789925814,-0.74,-2.14,30.55
51.810984168201685,-0.74,-2.14,30.55
51.81543281301856,-0.73,-2.15,30.55
51.81995449215174,-0.74,-2.14,30.55
51.82434864342213,-0.74,-2.15,30.55
51.82886503264308,-0.73,-2.15,30.55
51.833312932401896,-0.74,-2.15,30.55
51.83777943626046,-0.74,-2.15,30.55
51.84226571768522,-0.73,-2.15,30.55
51.846721433103085,-0.73,-2.15,30.55
51.85115868225694,-0.74,-2.15,30.55
51.855610836297274,-0.74,-2.15,30.55
51.86004988849163,-0.74,-2.15,30.55
51.86454255878925,-0.74,-2.15,30.55
51.868955951184034,-0.73,-2.15,30.55
51.873495515435934,-0.73,-2.15,30.55
51.877885308116674,-0.73,-2.15,30.55
51.88232487812638,-0.74,-2.15,30.55
51.886898420751095,-0.74,-2.15,30.55
51.891342628747225,-0.73,-2.15,30.55
51.89582021534443,-0.74,-2.15,30.55
51.90024736151099,-0.74,-2.15,30.55
51.90467729791999,-0.74,-2.15,30.56
51.90920191258192,-0.73,-2.15,30.55
51.91365126520395,-0.74,-2.15,30.55
51.91807236522436,-0.74,-2.15,30.55
51.92250371351838,-0.74,-2.15,30.55
51.92698013037443,-0.74,-2.15,30.56
51.93151670321822,-0.74,-2.15,30.55
51.935967188328505,-0.73,-2.15,30.56
51.940404791384935,-0.74,-2.15,30.56
51.944870728999376,-0.73,-2.15,30.55
51.949362728744745,-0.74,-2.15,30.55
51.95383167266846,-0.74,-2.15,30.55
51.95822239294648,-0.74,-2.15,30.56
51.96276827529073,-0.74,-2.15,30.56
51.967144440859556,-0.73,-2.15,30.56
51.97157520055771,-0.73,-2.15,30.56
51.9761426448822,-0.74,-2.15,30.56
51.980587776750326,-0.74,-2.15,30.56
51.98506447300315,-0.74,-2.15,30.56
51.989479538053274,-0.74,-2.15,30.56
51.993992265313864,-0.74,-2.15,30.56
51.99844394251704,-0.73,-2.15,30.56
52.002924647182226,-0.74,-2.15,30.55
52.00728802010417,-0.74,-2.15,30.56
52.0118544138968,-0.73,-2.15,30.56
52.01631720364094,-0.74,-2.15,30.56
52.0207890085876,-0.73,-2.15,30.56
52.02522015199065,-0.73,-2.15,30.56
52.02969280257821,-0.74,-2.15,30.56
52.03413750976324,-0.74,-2.15,30.56
52.03857287019491,-0.74,-2.15,30.56
52.043071396648884,-0.73,-2.15,30.56
52.04746728017926,-0.73,-2.15,30.56
52.05201106518507,-0.74,-2.15,30.56
52.05641198903322,-0.73,-2.15,30.56
52.06094491109252,-0.74,-2.15,30.56
52.065405189991,-0.74,-2.15,30.56
52.069836512207985,-0.73,-2.15,30.56
52.07430441305041,-0.74,-2.15,30.56
52.078783333301544,-0.74,-2.15,30.56
52.083263017237186,-0.73,-2.15,30.56
52.087696235626936,-0.74,-2.15,30.56
52.09210907295346,-0.73,-2.15,30.56
52.09658943489194,-0.73,-2.15,30.56
52.100985046476126,-0.74,-2.15,30.56
52.10556425899267,-0.74,-2.15,30.56
52.110037077218294,-0.74,-2.15,30.56
52.114458587020636,-0.74,-2.15,30.56
52.11890549212694,-0.73,-2.15,30.56
52.1234223023057,-0.74,-2.15,30.56
52.12782932445407,-0.73,-2.15,30.56
52.13234652206302,-0.74,-2.15,30.56
52.13671327754855,-0.73,-2.15,30.56
52.14127253741026,-0.74,-2.15,30.56
52.145729787647724,-0.74,-2.15,30.56
52.15019300207496,-0.74,-2.15,30.56
52.15463521704078,-0.74,-2.15,30.56
52.15910614281893,-0.74,-2.15,30.56
52.16358934342861,-0.74,-2.15,30.56
52.16796528920531,-0.74,-2.15,30.56
52.17247499898076,-0.73,-2.15,30.56
52.176966778934,-0.73,-2.15,30.56
52.18144015595317,-0.73,-2.15,30.56
52.18586723506451,-0.74,-2.15,30.56
52.190313931554556,-0.74,-2.15,30.56
52.19481481984258,-0.73,-2.15,30.56
52.19929039478302,-0.74,-2.15,30.56
52.203732781112194,-0.74,-2.15,30.56
52.20818726345897,-0.73,-2.15,30.56
52.2126657217741,-0.73,-2.15,30.56
52.21710804849863,-0.74,-2.15,30.56
52.221599742770195,-0.74,-2.14,30.56
52.22600659355521,-0.74,-2.15,30.56
52.23036974668503,-0.74,-2.14,30.56
52.23498975858092,-0.74,-2.14,30.56
52.23943780735135,-0.74,-2.14,30.56
52.24390871822834,-0.74,-2.14,30.56
52.24838187173009,-0.74,-2.14,30.56
52.25283690914512,-0.73,-2.14,30.56
52.25724660605192,-0.73,-2.14,30.56
52.26174797490239,-0.74,-2.14,30.56
52.26614289358258,-0.73,-2.14,30.56
52.27069040387869,-0.74,-2.14,30.56
52.27501743659377,-0.74,-2.14,30.56
52.279615715146065,-0.73,-2.14,30.56
52.2840591520071,-0.74,-2.14,30.56
52.288534455001354,-0.74,-2.14,30.56
52.29300765693188,-0.74,-2.14,30.56
52.29746837541461,-0.74,-2.14,30.56
52.30193333700299,-0.73,-2.14,30.56
52.30636389926076,-0.73,-2.14,30.56
52.310729924589396,-0.74,-2.14,30.56
52.31529037281871,-0.74,-2.14,30.56
52.31977968290448,-0.74,-2.14,30.56
52.32424633577466,-0.74,-2.14,30.56
52.32871012017131,-0.74,-2.14,30.56
52.333162646740675,-0.73,-2.14,30.56
52.33757285401225,-0.73,-2.14,30.56
52.342093110084534,-0.74,-2.14,30.56
52.34656820818782,-0.73,-2.14,30.56
52.351029101759195,-0.74,-2.14,30.56
52.355448730289936,-0.73,-2.14,30.56
52.35984880849719,-0.74,-2.14,30.56
52.36441273987293,-0.74,-2.14,30.56
52.368879690766335,-0.73,-2.14,30.56
52.37334180623293,-0.73,-2.14,30.56
52.37775070220232,-0.74,-2.14,30.56
52.38223472982645,-0.73,-2.14,30.56
52.386667124927044,-0.73,-2.14,30.56
52.39113865792751,-0.74,-2.14,30.56
52.39562052488327,-0.74,-2.14,30.56
52.399974785745144,-0.73,-2.14,30.56
52.40450031682849,-0.74,-2.14,30.56
52.40904487669468,-0.73,-2.14,30.56
52.41348581016064,-0.73,-2.14,30.56
52.41793257370591,-0.74,-2.14,30.56
52.42240633442998,-0.73,-2.14,30.56
52.42688340321183,-0.74,-2.14,30.56
52.431349109858274,-0.74,-2.14,30.56
52.43578081205487,-0.73,-2.14,30.56
52.44026081636548,-0.74,-2.14,30.56
52.4446687027812,-0.74,-2.14,30.56
52.44911548867822,-0.73,-2.14,30.56
52.45366192236543,-0.74,-2.14,30.56
52.458132822066545,-0.74,-2.14,30.56
52.462553553283215,-0.74,-2.14,30.56
52.467033702880144,-0.74,-2.14,30.56
52.47143651172519,-0.74,-2.14,30.56
52.47597637027502,-0.74,-2.14,30.56
52.48039508610964,-0.74,-2.14,30.56
52.48491146415472,-0.74,-2.14,30.56
52.48927789926529,-0.74,-2.14,30.56
52.49383336305618,-0.74,-2.14,30.56
52.49828749895096,-0.74,-2.14,30.56
52.50274568423629,-0.73,-2.14,30.56
52.507175609469414,-0.74,-2.14,30.56
52.51162215694785,-0.74,-2.14,30.56
52.51612086221576,-0.74,-2.14,30.56
52.52054346725345,-0.73,-2.14,30.56
52.52502695471048,-0.74,-2.14,30.56
52.52950779721141,-0.74,-2.14,30.56
52.53400292620063,-0.74,-2.14,30.56
52.5384714640677,-0.73,-2.14,30.56
52.54291107133031,-0.73,-2.14,30.56
52.5473867058754,-0.74,-2.14,30.56
52.5518004745245,-0.73,-2.14,30.56
52.55628698319197,-0.73,-2.14,30.56
52.56074984744191,-0.74,-2.14,30.56
52.565236654132605,-0.74,-2.14,30.56
52.56961229071021,-0.73,-2.15,30.56
52.574096623808146,-0.74,-2.15,30.56
52.57863632962108,-0.74,-2.15,30.56
52.583089388906956,-0.74,-2.14,30.56
52.587529830634594,-0.74,-2.15,30.56
52.592012885957956,-0.74,-2.15,30.56
52.59647519513965,-0.74,-2.15,30.56
52.600903417915106,-0.73,-2.14,30.56
52.60539098083973,-0.74,-2.14,30.56
52.6098364777863,-0.74,-2.15,30.56
52.61426084116101,-0.74,-2.14,30.56
52.61878678947687,-0.74,-2.15,30.56
52.62326544523239,-0.74,-2.15,30.56
52.627708937972784,-0.74,-2.15,30.56
52.63218171149492,-0.73,-2.15,30.56
52.63664307445288,-0.73,-2.15,30.56
52.64104263111949,-0.74,-2.15,30.56
52.645539201796055,-0.73,-2.15,30.56
52.65002207458019,-0.74,-2.15,30.56
52.654436249285936,-0.73,-2.14,30.56
52.65894949063659,-0.74,-2.14,30.56
52.66342696920037,-0.73,-2.15,30.56
52.66788825020194,-0.74,-2.15,30.56
52.67233116552234,-0.74,-2.15,30.56
52.67677951976657,-0.73,-2.15,30.56
52.68121977895498,-0.73,-2.15,30.56
52.685733906924725,-0.73,-2.15,30.56
52.69014900922775,-0.74,-2.15,30.56
52.694586999714375,-0.74,-2.15,30.56
52.6990316323936,-0.74,-2.15,30.56
52.703583128750324,-0.74,-2.15,30.56
52.70792396366596,-0.74,-2.15,30.56
52.71251428872347,-0.73,-2.15,30.56
52.716952599585056,-0.73,-2.15,30.56
52.721399676054716,-0.74,-2.15,30.56
52.72588999569416,-0.74,-2.14,30.56
52.730344872921705,-0.73,-2.14,30.56
52.73479335010052,-0.74,-2.15,30.56
52.739245530217886,-0.73,-2.14,30.56
52.74365659803152,-0.74,-2.14,30.56
52.74815459921956,-0.73,-2.15,30.56
52.75264245644212,-0.74,-2.14,30.56
52.75713949650526,-0.74,-2.15,30.56
52.761578515172005,-0.74,-2.14,30.56
52.76606558635831,-0.74,-2.14,30.56
52.77053314447403,-0.74,-2.15,30.56
52.77499293535948,-0.74,-2.14,30.56
52.779451843351126,-0.74,-2.15,30.56
52.78389360383153,-0.73,-2.15,30.56
52.78832591697574,-0.74,-2.15,30.56
52.79276978597045,-0.74,-2.14,30.56
52.797221068292856,-0.73,-2.15,30.56
52.80175780132413,-0.74,-2.15,30.56
52.80622688308358,-0.74,-2.14,30.56
52.810672011226416,-0.73,-2.15,30.56
52.815130311995745,-0.74,-2.15,30.56
52.81959014758468,-0.74,-2.15,30.56
52.82403800264001,-0.74,-2.15,30.56
52.82855560258031,-0.74,-2.15,30.56
52.832937721163034,-0.73,-2.15,30.56
52.83745314180851,-0.73,-2.15,30.56
52.841940946877,-0.73,-2.15,30.55
52.84637900441885,-0.74,-2.15,30.56
52.85085980594158,-0.73,-2.15,30.56
52.85530539229512,-0.74,-2.15,30.56
52.859743017703295,-0.74,-2.15,30.56
52.864243391901255,-0.73,-2.15,30.56
52.86872033029795,-0.73,-2.15,30.56
52.873049441725016,-0.74,-2.15,30.56
52.877544939517975,-0.74,-2.15,30.56
52.88210638612509,-0.74,-2.15,30.56
52.8865576274693,-0.74,-2.15,30.56
52.89101346954703,-0.74,-2.15,30.56
52.895443722605705,-0.74,-2.15,30.56
52.89991398528218,-0.74,-2.15,30.55
52.904399286955595,-0.74,-2.15,30.56
52.90882470086217,-0.74,-2.15,30.55
52.91334193944931,-0.74,-2.15,30.56
52.9177511818707,-0.73,-2.15,30.56
52.922186341136694,-0.73,-2.15,30.56
52.92669779807329,-0.73,-2.15,30.56
52.93118594586849,-0.74,-2.15,30.56
52.93562788888812,-0.74,-2.15,30.56
52.94006913527846,-0.74,-2.15,30.56
52.944582998752594,-0.74,-2.15,30.56
52.94895974174142,-0.73,-2.15,30.56
52.95344355329871,-0.74,-2.15,30.56
52.957933731377125,-0.74,-2.15,30.55
52.962321657687426,-0.74,-2.15,30.56
52.96687791496515,-0.74,-2.15,30.56
52.97136280313134,-0.74,-2.15,30.56
52.975804302841425,-0.74,-2.15,30.56
52.98026888072491,-0.74,-2.14,30.56
52.98469411209226,-0.74,-2.15,30.56
52.98922944441438,-0.73,-2.15,30.56
52.993668261915445,-0.73,-2.14,30.56
52.99810813367367,-0.73,-2.15,30.56
53.00259640067816,-0.74,-2.15,30.56
53.007057532668114,-0.73,-2.15,30.56
53.01151889562607,-0.74,-2.15,30.55
53.01598072052002,-0.74,-2.14,30.55
53.02042578905821,-0.74,-2.15,30.56
53.0249053388834,-0.73,-2.15,30.56
53.02932000532746,-0.74,-2.15,30.56
53.03380185365677,-0.74,-2.14,30.56
53.03826640546322,-0.74,-2.15,30.56
53.042740758508444,-0.74,-2.14,30.56
53.04721411317587,-0.74,-2.14,30.56
53.05168943107128,-0.73,-2.14,30.56
53.05610543489456,-0.74,-2.14,30.56
53.060608115047216,-0.74,-2.14,30.56
53.06505060940981,-0.73,-2.14,30.56
53.06954373419285,-0.73,-2.14,30.56
53.073973931372166,-0.73,-2.14,30.56
53.07846312224865,-0.74,-2.14,30.56
53.08283085003495,-0.74,-2.14,30.56
53.0873214378953,-0.74,-2.14,30.56
53.09181098267436,-0.74,-2.14,30.56
53.096320908516645,-0.74,-2.14,30.56
53.10078750923276,-0.74,-2.14,30.56
53.10523049533367,-0.74,-2.14,30.56
53.10967657715082,-0.74,-2.14,30.56
53.11411375924945,-0.74,-2.14,30.56
53.11856762319803,-0.74,-2.14,30.56
53.12309334427118,-0.74,-2.14,30.56
53.12757095322013,-0.73,-2.14,30.56
53.13198121264577,-0.74,-2.14,30.56
53.13637491688132,-0.74,-2.14,30.56
53.140931095927954,-0.73,-2.14,30.56
53.14540261402726,-0.73,-2.14,30.56
53.14985475316644,-0.74,-2.14,30.56
53.154324162751436,-0.74,-2.14,30.56
53.158760361373425,-0.73,-2.14,30.56
53.16318943351507,-0.74,-2.14,30.56
53.167660009115934,-0.73,-2.14,30.56
53.172142159193754,-0.74,-2.14,30.56
53.17660504579544,-0.73,-2.14,30.56
53.18103838339448,-0.73,-2.14,30.56
53.1855714507401,-0.74,-2.14,30.56
53.19003710523248,-0.74,-2.14,30.56
53.19447761029005,-0.74,-2.14,30.56
53.198965303599834,-0.74,-2.14,30.56
53.20337112620473,-0.74,-2.14,30.56
53.20785176381469,-0.74,-2.14,30.56
53.212297063320875,-0.74,-2.14,30.56
53.21674356609583,-0.73,-2.14,30.56
53.22125110402703,-0.74,-2.14,30.56
53.225651904940605,-0.74,-2.14,30.56
53.23021325841546,-0.74,-2.14,30.56
53.23465871065855,-0.73,-2.14,30.56
53.23910141736269,-0.73,-2.14,30.56
53.24354521930218,-0.74,-2.14,30.56
53.248019978404045,-0.73,-2.14,30.56
53.252480428665876,-0.74,-2.14,30.56
53.25692035630345,-0.73,-2.14,30.56
53.26135780662298,-0.73,-2.14,30.56
53.2659154124558,-0.73,-2.14,30.56
53.27038651332259,-0.73,-2.14,30.56
53.274832773953676,-0.74,-2.14,30.56
53.27928166091442,-0.74,-2.14,30.56
53.283722922205925,-0.74,-2.14,30.56
53.288221549242735,-0.74,-2.14,30.56
53.29267928749323,-0.74,-2.14,30.56
53.29708958417177,-0.74,-2.14,30.56
53.3016061745584,-0.74,-2.14,30.56
53.30607335269451,-0.73,-2.14,30.56
53.31047238782048,-0.73,-2.14,30.56
53.31501456722617,-0.73,-2.14,30.56
53.31946164369583,-0.73,-2.14,30.56
53.32390309497714,-0.73,-2.14,30.56
53.328381057828665,-0.73,-2.14,30.56
53.33281487971544,-0.74,-2.14,30.56
53.33725745975971,-0.73,-2.14,30.56
53.34170728176832,-0.74,-2.14,30.56
53.34616731852293,-0.73,-2.14,30.56
53.350608970969915,-0.73,-2.14,30.56
53.355167370289564,-0.74,-2.14,30.56
53.35963574796915,-0.73,-2.14,30.56
53.364104736596346,-0.74,-2.14,30.56
53.36852288618684,-0.74,-2.14,30.56
53.37296472862363,-0.74,-2.14,30.56
53.37748499587178,-0.73,-2.14,30.56
53.38191930949688,-0.74,-2.14,30.56
53.38639937341213,-0.74,-2.14,30.56
53.39082606509328,-0.74,-2.14,30.56
53.395258240401745,-0.74,-2.14,30.56
53.39978626742959,-0.74,-2.14,30.56
53.404257617890835,-0.73,-2.14,30.56
53.40872519463301,-0.74,-2.14,30.56
53.41314880922437,-0.74,-2.14,30.56
53.41759277507663,-0.73,-2.14,30.56
53.42210852727294,-0.73,-2.14,30.56
53.426511242985725,-0.74,-2.14,30.56
53.43092455714941,-0.74,-2.14,30.56
53.43548405170441,-0.74,-2.14,30.56
53.439934242516756,-0.73,-2.14,30.56
53.44443315267563,-0.73,-2.14,30.56
53.448884289711714,-0.74,-2.14,30.56
53.4533703699708,-0.74,-2.14,30.56
53.45781908929348,-0.73,-2.14,30.56
53.462256252765656,-0.74,-2.14,30.56
53.46674197539687,-0.74,-2.14,30.56
53.47118406370282,-0.74,-2.14,30.56
53.4755855537951,-0.74,-2.14,30.56
53.48005099594593,-0.74,-2.14,30.56
53.484590612351894,-0.74,-2.14,30.56
53.489061288535595,-0.74,-2.14,30.55
53.49350168183446,-0.74,-2.14,30.55
53.49794681370258,-0.73,-2.14,30.56
53.50242185220122,-0.73,-2.14,30.56
53.506888289004564,-0.74,-2.14,30.56
53.51136460527778,-0.73,-2.14,30.55
53.51580350473523,-0.74,-2.14,30.56
53.52024384215474,-0.73,-2.14,30.56
53.52470522373915,-0.74,-2.14,30.55
53.52917765825987,-0.73,-2.14,30.56
53.53368025645614,-0.73,-2.14,30.56
53.53812529891729,-0.74,-2.14,30.55
53.54260576143861,-0.74,-2.14,30.55
53.54706405848265,-0.73,-2.14,30.56
53.5515340231359,-0.74,-2.14,30.56
53.555969681590796,-0.74,-2.15,30.56
53.56041484698653,-0.74,-2.14,30.56
53.564885549247265,-0.74,-2.14,30.55
53.56924505904317,-0.73,-2.14,30.56
53.57385549321771,-0.73,-2.14,30.56
53.57830739021301,-0.73,-2.14,30.56
53.58277003094554,-0.74,-2.14,30.56
53.58720911294222,-0.74,-2.14,30.55
53.59167970344424,-0.74,-2.14,30.56
53.59612464159727,-0.74,-2.14,30.56
53.60058705881238,-0.74,-2.14,30.56
53.605060406029224,-0.73,-2.14,30.56
53.60941691696644,-0.73,-2.14,30.56
53.61398712173104,-0.73,-2.14,30.56
53.61847909539938,-0.73,-2.14,30.56
53.62292655929923,-0.73,-2.14,30.56
53.62737376615405,-0.74,-2.14,30.56
53.63186227157712,-0.73,-2.14,30.56
53.63633543252945,-0.73,-2.14,30.56
53.64079570770264,-0.74,-2.15,30.56
53.64526431262493,-0.74,-2.14,30.56
53.64972202852368,-0.74,-2.14,30.56
53.65410020574927,-0.73,-2.14,30.56
53.65863589942455,-0.74,-2.14,30.56
53.66311790049076,-0.74,-2.14,30.56
53.66756409779191,-0.74,-2.14,30.56
53.67204595729709,-0.74,-2.14,30.56
53.67644042521715,-0.73,-2.14,30.56
53.68090910837054,-0.73,-2.14,30.56
53.685409761965275,-0.74,-2.14,30.56
53.689878549426794,-0.74,-2.14,30.56
53.69428472593427,-0.74,-2.14,30.56
53.69878175482154,-0.74,-2.14,30.56
53.703145429492,-0.74,-2.14,30.56
53.70774322748184,-0.74,-2.15,30.56
53.71217156201601,-0.73,-2.15,30.56
53.716619197279215,-0.74,-2.15,30.56
53.72113209217787,-0.74,-2.15,30.56
53.725586637854576,-0.73,-2.15,30.56
53.73000120744109,-0.73,-2.15,30.55
53.7344551756978,-0.74,-2.15,30.56
53.73895110189915,-0.73,-2.14,30.56
53.74332024529576,-0.74,-2.14,30.56
53.7479047216475,-0.74,-2.14,30.56
53.75239531323314,-0.74,-2.14,30.56
53.75679422169924,-0.73,-2.14,30.55
53.76128715649247,-0.73,-2.14,30.56
53.765769466757774,-0.73,-2.14,30.56
53.770212076604366,-0.74,-2.14,30.56
53.77464662492275,-0.73,-2.14,30.56
53.779103968292475,-0.73,-2.14,30.56
53.78351767733693,-0.73,-2.14,30.56
53.7880532592535,-0.74,-2.14,30.56
53.79253023117781,-0.74,-2.14,30.56
53.796973902732134,-0.73,-2.14,30.56
53.801438082009554,-0.74,-2.14,30.56
53.80586139112711,-0.74,-2.14,30.56
53.81034303084016,-0.73,-2.14,30.56
53.814806554466486,-0.74,-2.14,30.56
53.8192248865962,-0.74,-2.14,30.56
53.82377466931939,-0.74,-2.14,30.56
53.828239012509584,-0.74,-2.14,30.56
53.832685239613056,-0.74,-2.13,30.56
53.8371564745903,-0.74,-2.14,30.56
53.84162450954318,-0.74,-2.14,30.56
53.846043057739735,-0.74,-2.14,30.56
53.85048368945718,-0.74,-2.13,30.56
53.855009868741035,-0.73,-2.14,30.56
53.85946851223707,-0.73,-2.14,30.56
53.86393889039755,-0.73,-2.14,30.56
53.86827049404383,-0.74,-2.14,30.56
53.872784696519375,-0.74,-2.14,30.56
53.8773308545351,-0.74,-2.14,30.56
53.88177230581641,-0.74,-2.14,30.56
53.88622212409973,-0.73,-2.14,30.56
53.89070603996515,-0.73,-2.14,30.56
53.89511265605688,-0.73,-2.14,30.56
53.89960129931569,-0.74,-2.14,30.56
53.90408732369542,-0.73,-2.14,30.56
53.90852426365018,-0.73,-2.14,30.56
53.91302105039358,-0.74,-2.14,30.56
53.917474411427975,-0.73,-2.14,30.56
53.92195111513138,-0.73,-2.14,30.56
53.92640104517341,-0.73,-2.14,30.56
53.930875454097986,-0.74,-2.14,30.56
53.9353152513504,-0.74,-2.14,30.56
53.93980484083295,-0.73,-2.14,30.56
53.94427107274532,-0.74,-2.14,30.56
53.94862274825573,-0.74,-2.14,30.56
53.9531433917582,-0.74,-2.14,30.56
53.95751552283764,-0.74,-2.13,30.56
53.96213549748063,-0.74,-2.14,30.56
53.96659587696195,-0.74,-2.13,30.56
53.97104985266924,-0.74,-2.14,30.56
53.975509472191334,-0.73,-2.13,30.56
53.979974552989006,-0.74,-2.13,30.56
53.98439711332321,-0.74,-2.13,30.56
53.98883306607604,-0.74,-2.13,30.56
53.993285458534956,-0.73,-2.13,30.56
53.997788701206446,-0.74,-2.13,30.56
54.00226237997413,-0.74,-2.13,30.56
54.006758749485016,-0.73,-2.13,30.56
54.01121408864856,-0.73,-2.14,30.56
54.015682354569435,-0.73,-2.14,30.56
54.02012851089239,-0.73,-2.14,30.56
54.02458679676056,-0.74,-2.14,30.56
54.02901201695204,-0.74,-2.14,30.56
54.0335253700614,-0.73,-2.14,30.56
54.03788531944156,-0.73,-2.14,30.56
54.0424561239779,-0.74,-2.14,30.56
54.04684291779995,-0.73,-2.14,30.56
54.05138087272644,-0.74,-2.14,30.56
54.05585987120867,-0.74,-2.14,30.56
54.060310177505016,-0.73,-2.14,30.56
54.06471425667405,-0.73,-2.14,30.56
54.06921601668,-0.73,-2.14,30.56
54.07369823753834,-0.74,-2.14,30.56
54.07815669849515,-0.74,-2.14,30.56
54.08258639276028,-0.73,-2.14,30.56
54.087093371897936,-0.73,-2.14,30.56
54.09155861288309,-0.74,-2.14,30.56
54.09599965438247,-0.74,-2.14,30.56
54.1004791110754,-0.73,-2.14,30.56
54.10493115708232,-0.73,-2.14,30.56
54.10937624797225,-0.74,-2.14,30.56
54.113871317356825,-0.74,-2.14,30.56
54.11829447001219,-0.73,-2.14,30.56
54.12270672619343,-0.74,-2.14,30.56
54.12723129615188,-0.74,-2.14,30.56
54.13165982440114,-0.74,-2.14,30.56
54.13618291169405,-0.74,-2.14,30.56
54.140635039657354,-0.74,-2.14,30.56
54.14506879076362,-0.74,-2.14,30.56
54.14951437711716,-0.74,-2.14,30.56
54.1540356464684,-0.74,-2.14,30.56
54.158483643084764,-0.74,-2.14,30.56
54.16291904449463,-0.74,-2.14,30.56
54.16732247173786,-0.74,-2.14,30.56
54.17179084569216,-0.74,-2.14,30.56
54.17630009353161,-0.74,-2.14,30.56
54.180808894336224,-0.73,-2.14,30.56
54.18524609133601,-0.73,-2.14,30.56
54.189689323306084,-0.73,-2.14,30.56
54.19413344562054,-0.73,-2.14,30.56
54.19863474369049,-0.73,-2.14,30.56
54.20310488715768,-0.74,-2.14,30.56
54.20758995786309,-0.73,-2.14,30.55
54.21198617294431,-0.73,-2.14,30.56
54.21638107299805,-0.74,-2.14,30.56
54.2209813259542,-0.73,-2.14,30.56
54.22542814910412,-0.74,-2.14,30.56
54.22990231961012,-0.73,-2.14,30.56
54.23435244336724,-0.74,-2.14,30.56
54.23875883594155,-0.73,-2.14,30.56
54.24322962388396,-0.73,-2.14,30.56
54.24774070084095,-0.74,-2.14,30.56
54.25217682123184,-0.73,-2.14,30.56
54.25666047260165,-0.73,-2.14,30.56
54.26112086325884,-0.74,-2.14,30.55
54.26560286432505,-0.74,-2.14,30.56
54.27006998285651,-0.74,-2.14,30.56
54.27452502399683,-0.74,-2.14,30.55
54.27895552292466,-0.74,-2.14,30.55
54.283460818231106,-0.74,-2.14,30.56
54.28789770975709,-0.74,-2.14,30.56
54.29231669381261,-0.74,-2.14,30.56
54.29683378711343,-0.73,-2.14,30.56
54.30128473043442,-0.74,-2.14,30.56
54.305780954658985,-0.73,-2.14,30.56
54.31023162975907,-0.73,-2.14,30.56
54.31467282772064,-0.73,-2.14,30.56
54.31913335993886,-0.74,-2.14,30.56
54.32362648099661,-0.74,-2.14,30.56
54.32808368653059,-0.74,-2.14,30.56
54.332530584186316,-0.73,-2.14,30.56
54.33689300715923,-0.74,-2.14,30.56
54.34143239632249,-0.74,-2.15,30.56
54.345841716974974,-0.74,-2.15,30.56
54.35041016712785,-0.74,-2.15,30.56
54.354847334325314,-0.74,-2.14,30.56
54.359324499964714,-0.74,-2.15,30.56
54.36378971487284,-0.74,-2.15,30.56
54.368223916739225,-0.74,-2.15,30.56
54.37263182923198,-0.73,-2.15,30.56
54.37715133279562,-0.74,-2.15,30.56
54.38162970542908,-0.73,-2.15,30.56
54.3860218860209,-0.74,-2.15,30.56
54.39047458395362,-0.73,-2.15,30.56
54.395031567662954,-0.73,-2.15,30.56
54.39947793632746,-0.73,-2.15,30.56
54.403955679386854,-0.74,-2.14,30.56
54.40841491892934,-0.74,-2.15,30.56
54.412886284291744,-0.74,-2.15,30.56
54.417338099330664,-0.74,-2.15,30.56
54.421739760786295,-0.74,-2.15,30.56
54.42626893147826,-0.74,-2.15,30.56
54.43072251230478,-0.74,-2.15,30.56
54.43518025800586,-0.74,-2.15,30.56
54.43965158984065,-0.74,-2.14,30.56
54.44409688189626,-0.73,-2.15,30.56
54.44853971153498,-0.74,-2.14,30.56
54.45306031778455,-0.73,-2.14,30.56
54.45749505609274,-0.74,-2.14,30.56
54.46197848021984,-0.74,-2.15,30.56
54.466427743434906,-0.74,-2.14,30.56
54.470904782414436,-0.74,-2.14,30.56
54.4752536341548,-0.74,-2.14,30.56
54.47982828691602,-0.73,-2.14,30.56
54.48428135737777,-0.73,-2.14,30.56
54.48874672874808,-0.74,-2.14,30.56
54.49318941682577,-0.73,-2.14,30.56
54.497664608061314,-0.74,-2.14,30.56
54.50213596597314,-0.74,-2.14,30.56
54.50650159269571,-0.74,-2.14,30.56
54.51093926280737,-0.74,-2.14,30.56
54.51552190259099,-0.74,-2.14,30.56
54.51986842229962,-0.73,-2.14,30.56
54.52446560189128,-0.74,-2.14,30.56
54.52891965955496,-0.73,-2.14,30.56
54.53334457427263,-0.74,-2.14,30.56
54.53783129528165,-0.74,-2.14,30.56
54.5422916598618,-0.74,-2.14,30.56
54.54672959819436,-0.73,-2.14,30.56
54.55121498927474,-0.74,-2.14,30.56
54.55560699477792,-0.74,-2.14,30.56
54.56004463508725,-0.73,-2.14,30.56
54.5645105689764,-0.74,-2.14,30.56
54.56909878179431,-0.74,-2.14,30.56
54.57351778820157,-0.73,-2.14,30.55
54.57799104228616,-0.73,-2.14,30.55
54.58243613690138,-0.73,-2.14,30.55
54.58690754696727,-0.73,-2.14,30.55
54.59137246757746,-0.74,-2.14,30.55
54.5958053432405,-0.73,-2.14,30.55
54.60033268481493,-0.73,-2.14,30.55
54.60479371622205,-0.73,-2.15,30.55
54.60925341770053,-0.73,-2.14,30.56
54.61369675770402,-0.74,-2.14,30.55
54.6181781925261,-0.74,-2.14,30.55
54.622629299759865,-0.73,-2.15,30.55
54.62707229331136,-0.74,-2.14,30.55
54.631548412144184,-0.74,-2.14,30.56
54.6359589099884,-0.73,-2.14,30.55
54.64049730449915,-0.73,-2.14,30.55
54.64495478197932,-0.73,-2.14,30.55
54.649357330054045,-0.74,-2.14,30.56
54.65387997403741,-0.74,-2.15,30.56
54.658326137810946,-0.74,-2.14,30.56
54.662765085697174,-0.74,-2.14,30.56
54.66726901382208,-0.74,-2.14,30.55
54.67171120271087,-0.74,-2.14,30.56
54.676163125783205,-0.74,-2.14,30.55
54.68064220994711,-0.74,-2.14,30.56
54.68507758155465,-0.73,-2.14,30.56
54.68949477747083,-0.74,-2.14,30.55
54.694055154919624,-0.73,-2.14,30.55
54.69849889352918,-0.73,-2.14,30.55
54.70294601842761,-0.74,-2.14,30.56
54.70738788694143,-0.74,-2.14,30.55
54.71189819276333,-0.73,-2.14,30.55
54.71636414155364,-0.73,-2.15,30.55
54.720828879624605,-0.73,-2.14,30.55
54.72520925104618,-0.74,-2.14,30.56
54.72972549498081,-0.74,-2.14,30.55
54.734059158712626,-0.73,-2.14,30.55
54.738684900105,-0.74,-2.14,30.55
54.74312697350979,-0.73,-2.14,30.55
54.7475954182446,-0.74,-2.14,30.55
54.75201987102628,-0.74,-2.14,30.55
54.75649321451783,-0.73,-2.14,30.56
54.76090379431844,-0.73,-2.14,30.56
54.76543764770031,-0.74,-2.15,30.56
54.769875433295965,-0.73,-2.14,30.56
54.774319626390934,-0.74,-2.14,30.56
54.778833512216806,-0.74,-2.14,30.55
54.783304546028376,-0.73,-2.15,30.56
54.78776825219393,-0.73,-2.15,30.55
54.79219222813845,-0.74,-2.15,30.55
54.79663587734103,-0.73,-2.15,30.56
54.8011574819684,-0.73,-2.15,30.56
54.80555849894881,-0.74,-2.15,30.55
54.810087628662586,-0.74,-2.14,30.55
54.814495384693146,-0.74,-2.15,30.56
54.81891920417547,-0.74,-2.14,30.56
54.82346659526229,-0.73,-2.14,30.56
54.82792655751109,-0.74,-2.14,30.55
54.83237164840102,-0.74,-2.15,30.55
54.83681858330965,-0.73,-2.14,30.55
54.84133567288518,-0.73,-2.14,30.56
54.845788430422544,-0.74,-2.14,30.56
54.85025206580758,-0.73,-2.14,30.56
54.85464517772198,-0.74,-2.14,30.56
54.85917393118143,-0.74,-2.14,30.56
54.86359850689769,-0.73,-2.14,30.56
54.86810391768813,-0.74,-2.14,30.55
54.87255087867379,-0.73,-2.14,30.56
54.87699293345213,-0.74,-2.14,30.55
54.88143476471305,-0.74,-2.14,30.55
54.885929360985756,-0.73,-2.14,30.55
54.89041258767247,-0.74,-2.14,30.56
54.894801042973995,-0.73,-2.14,30.55
54.89930135756731,-0.74,-2.14,30.55
54.903714790940285,-0.74,-2.14,30.55
54.908146638423204,-0.74,-2.14,30.55
54.9127308242023,-0.74,-2.14,30.55
54.91717275232077,-0.74,-2.14,30.56
54.92161434143782,-0.73,-2.14,30.55
54.9260793402791,-0.73,-2.14,30.56
54.93056583404541,-0.74,-2.14,30.55
54.935031458735466,-0.74,-2.14,30.56
54.93948309868574,-0.73,-2.14,30.56
54.94396172836423,-0.74,-2.14,30.55
54.948318395763636,-0.74,-2.14,30.55
54.95290566235781,-0.73,-2.14,30.55
54.957348361611366,-0.73,-2.14,30.55
54.96179537847638,-0.73,-2.14,30.55
54.96627685800195,-0.74,-2.14,30.55
54.97073134407401,-0.74,-2.14,30.56
54.9751977995038,-0.73,-2.14,30.55
54.9796698205173,-0.74,-2.14,30.56
54.98409164324403,-0.73,-2.14,30.55
54.9885844103992,-0.74,-2.14,30.55
54.99302063509822,-0.74,-2.14,30.56
54.997528322041035,-0.74,-2.14,30.56
55.00197069719434,-0.73,-2.14,30.56
55.00641479715705,-0.74,-2.14,30.56
55.01088221371174,-0.74,-2.14,30.56
55.01530924066901,-0.73,-2.14,30.55
55.01978399604559,-0.74,-2.14,30.56
55.02423184737563,-0.74,-2.14,30.55
55.02873994782567,-0.74,-2.14,30.56
55.03321668878198,-0.74,-2.14,30.56
55.03770784288645,-0.74,-2.14,30.56
55.0421503148973,-0.74,-2.14,30.56
55.046595346182585,-0.74,-2.14,30.56
55.05108002945781,-0.74,-2.14,30.56
55.05552024394274,-0.74,-2.14,30.56
55.05998655408621,-0.73,-2.14,30.56
55.06446071341634,-0.74,-2.14,30.56
55.06886349245906,-0.73,-2.14,30.56
55.073353711515665,-0.73,-2.14,30.56
55.07772869616747,-0.73,-2.14,30.56
55.08223174139857,-0.73,-2.14,30.56
55.08677500858903,-0.73,-2.14,30.56
55.09130112454295,-0.74,-2.14,30.56
55.09566668048501,-0.74,-2.14,30.56
55.10011384263635,-0.73,-2.14,30.56
55.10459491237998,-0.74,-2.14,30.55
55.10907755419612,-0.73,-2.14,30.56
55.113522700965405,-0.74,-2.14,30.56
55.11799943819642,-0.74,-2.14,30.56
55.122368194162846,-0.74,-2.14,30.55
55.12695488706231,-0.74,-2.14,30.55
55.131399281322956,-0.73,-2.14,30.55
55.13584541901946,-0.73,-2.15,30.56
55.140340339392424,-0.74,-2.14,30.56
55.14477400109172,-0.74,-2.14,30.56
55.149239014834166,-0.74,-2.14,30.56
55.15368715301156,-0.73,-2.14,30.55
55.15818294137716,-0.74,-2.14,30.56
55.16263475269079,-0.73,-2.14,30.55
55.16712360084057,-0.74,-2.14,30.55
55.171573635190725,-0.73,-2.14,30.55
55.176021322607994,-0.73,-2.14,30.55
55.180500242859125,-0.74,-2.14,30.56
55.18497088178992,-0.73,-2.14,30.56
55.18939930945635,-0.74,-2.14,30.55
55.19388339668512,-0.74,-2.14,30.56
55.1983615309,-0.74,-2.14,30.55
55.202759478241205,-0.74,-2.14,30.55
55.20725968107581,-0.74,-2.14,30.55
55.211754493415356,-0.74,-2.14,30.56
55.21620202437043,-0.74,-2.14,30.55
55.22067650407553,-0.74,-2.14,30.55
55.22513848543167,-0.73,-2.14,30.55
55.22955833002925,-0.74,-2.14,30.55
55.23403165489435,-0.73,-2.14,30.56
55.23852650821209,-0.74,-2.14,30.56
55.24298758804798,-0.74,-2.14,30.56
55.24737448990345,-0.74,-2.14,30.56
55.25185703858733,-0.74,-2.14,30.55
55.256381288170815,-0.73,-2.14,30.56
55.26082355156541,-0.73,-2.14,30.55
55.265267957001925,-0.74,-2.14,30.55
55.269713405519724,-0.74,-2.14,30.55
55.274184331297874,-0.73,-2.14,30.55
55.2786560729146,-0.74,-2.14,30.56
55.283115688711405,-0.73,-2.14,30.55
55.28750280663371,-0.73,-2.14,30.56
55.292072262614965,-0.73,-2.14,30.55
55.296503122895956,-0.73,-2.14,30.56
55.30099991336465,-0.73,-2.14,30.56
55.30544797703624,-0.73,-2.14,30.56
55.309887897223234,-0.73,-2.14,30.55
55.314374063163996,-0.73,-2.14,30.56
55.31884889677167,-0.74,-2.14,30.56
55.32331205531955,-0.73,-2.14,30.56
55.327683333307505,-0.74,-2.14,30.56
55.33214921504259,-0.74,-2.14,30.56
55.33671124652028,-0.74,-2.14,30.55
55.34110590070486,-0.73,-2.14,30.55
55.34563568979502,-0.74,-2.14,30.56
55.35006986185908,-0.73,-2.14,30.56
55.35455658659339,-0.73,-2.14,30.55
55.358989261090755,-0.73,-2.14,30.55
55.36347023025155,-0.73,-2.14,30.56
55.36784852668643,-0.73,-2.14,30.55
55.37238906696439,-0.73,-2.14,30.56
55.376853462308645,-0.74,-2.14,30.56
55.381340734660625,-0.73,-2.14,30.56
55.38579795509577,-0.74,-2.14,30.56
55.39024601876736,-0.74,-2.14,30.56
55.394730255007744,-0.73,-2.14,30.56
55.39917457476258,-0.74,-2.14,30.56
55.40365807339549,-0.74,-2.14,30.56
55.40807455405593,-0.74,-2.14,30.56
55.412541788071394,-0.74,-2.14,30.56
55.417022194713354,-0.74,-2.14,30.55
55.42148346081376,-0.73,-2.14,30.56
55.42594154551625,-0.74,-2.14,30.56
55.43042606860399,-0.73,-2.14,30.56
55.43488346412778,-0.73,-2.14,30.56
55.43934454396367,-0.74,-2.14,30.56
55.44379884377122,-0.73,-2.14,30.56
55.448279336094856,-0.73,-2.14,30.56
55.45269888266921,-0.74,-2.14,30.55
55.45718466863036,-0.73,-2.14,30.56
55.461665485054255,-0.74,-2.14,30.56
55.46602940186858,-0.74,-2.14,30.56
55.470599230378866,-0.74,-2.14,30.56
55.47504602372646,-0.73,-2.14,30.56
55.47951554879546,-0.73,-2.14,30.56
55.48398193344474,-0.73,-2.14,30.56
55.48841534554958,-0.73,-2.14,30.56
55.49289187416434,-0.73,-2.14,30.56
55.497373178601265,-0.73,-2.14,30.56
55.50171238929033,-0.73,-2.14,30.56
55.506271563470364,-0.74,-2.14,30.56
55.510664630681276,-0.74,-2.14,30.56
55.51522295549512,-0.74,-2.14,30.56
55.51969841495156,-0.73,-2.14,30.56
55.52412496134639,-0.74,-2.14,30.56
55.52856404706836,-0.74,-2.14,30.56
55.533064644783735,-0.73,-2.14,30.56
55.537530824542046,-0.73,-2.14,30.56
55.54197312146425,-0.73,-2.14,30.56
55.54637425392866,-0.73,-2.14,30.56
55.55093164369464,-0.74,-2.14,30.56
55.55540028586984,-0.73,-2.14,30.56
55.559852074831724,-0.74,-2.14,30.56
55.56429533660412,-0.74,-2.14,30.56
55.56878071650863,-0.74,-2.14,30.56
55.57318216189742,-0.73,-2.14,30.56
55.57769322022796,-0.73,-2.14,30.56
55.58210039511323,-0.73,-2.14,30.56
55.58657143637538,-0.74,-2.14,30.56
55.59109342470765,-0.74,-2.14,30.56
55.595558155328035,-0.74,-2.14,30.56
55.60002480447292,-0.74,-2.14,30.56
55.60447500273585,-0.74,-2.14,30.56
55.608940336853266,-0.74,-2.14,30.56
55.61339548975229,-0.73,-2.14,30.56
55.61788376420736,-0.74,-2.14,30.56
55.622324239462614,-0.74,-2.14,30.56
55.62677755206823,-0.74,-2.14,30.56
55.63120959326625,-0.73,-2.14,30.56
55.63570952787995,-0.74,-2.14,30.56
55.640125785022974,-0.74,-2.14,30.56
55.64467187970877,-0.74,-2.14,30.56
55.64909924194217,-0.74,-2.14,30.56
55.65357929095626,-0.74,-2.13,30.56
55.65802292153239,-0.74,-2.13,30.56
55.66250953823328,-0.73,-2.14,30.56
55.66697520390153,-0.74,-2.13,30.56
55.67140333354473,-0.73,-2.13,30.56
55.67584677785635,-0.74,-2.13,30.56
55.68032616749406,-0.74,-2.14,30.56
55.68478124588728,-0.73,-2.13,30.56
55.68927572667599,-0.74,-2.14,30.56
55.6937162168324,-0.73,-2.14,30.56
55.69821771606803,-0.74,-2.14,30.56
55.70264459401369,-0.73,-2.13,30.56
55.707093227654696,-0.74,-2.14,30.56
55.71151206642389,-0.74,-2.14,30.56
55.716028187423944,-0.73,-2.13,30.56
55.72050668299198,-0.74,-2.14,30.56
55.72491716220975,-0.73,-2.14,30.56
55.72945224866271,-0.74,-2.13,30.56
55.73390220850706,-0.73,-2.13,30.56
55.73834668844938,-0.74,-2.13,30.56
55.742824755609035,-0.74,-2.13,30.56
55.74729688838124,-0.74,-2.14,30.56
55.75175055488944,-0.74,-2.13,30.56
55.75614080950618,-0.73,-2.13,30.56
55.76067678257823,-0.74,-2.14,30.56
55.76514758914709,-0.73,-2.13,30.56
55.76960510388017,-0.74,-2.14,30.56
55.77407851442695,-0.74,-2.14,30.56
55.77852088585496,-0.73,-2.14,30.56
55.782968409359455,-0.74,-2.14,30.56
55.78741051256657,-0.74,-2.14,30.56
55.791921839118004,-0.73,-2.14,30.56
55.79632005468011,-0.74,-2.14,30.56
55.80078128352761,-0.74,-2.14,30.56
55.80531620234251,-0.74,-2.14,30.56
55.80975469574332,-0.74,-2.14,30.56
55.8142553716898,-0.74,-2.14,30.56
55.81869404017925,-0.74,-2.14,30.56
55.82314758002758,-0.74,-2.14,30.56
55.827616173774004,-0.74,-2.14,30.56
55.83210752159357,-0.73,-2.14,30.56
55.83656599000096,-0.74,-2.14,30.56
55.84100782126188,-0.74,-2.14,30.56
55.84546471759677,-0.74,-2.14,30.56
55.849953059107065,-0.74,-2.14,30.56
55.854259233921766,-0.73,-2.14,30.56
55.85887495428324,-0.74,-2.14,30.56
55.86332429200411,-0.73,-2.14,30.56
55.86776765808463,-0.73,-2.14,30.56
55.8722608871758,-0.74,-2.14,30.56
55.876714181154966,-0.74,-2.14,30.56
55.881138794124126,-0.74,-2.14,30.56
55.885628927499056,-0.73,-2.14,30.56
55.89007027447224,-0.73,-2.14,30.56
55.89449593052268,-0.74,-2.14,30.56
55.89901516959071,-0.74,-2.14,30.56
55.903499606996775,-0.74,-2.14,30.56
55.90796581283212,-0.74,-2.14,30.56
55.91250853613019,-0.74,-2.14,30.56
55.9168391302228,-0.74,-2.14,30.56
55.92136509343982,-0.74,-2.14,30.56
55.92575014382601,-0.74,-2.14,30.56
55.93025619164109,-0.73,-2.14,30.56
55.93470936268568,-0.73,-2.14,30.56
55.9391259662807,-0.74,-2.14,30.56
55.94367617368698,-0.74,-2.14,30.56
55.94811920076609,-0.74,-2.14,30.56
55.95256996154785,-0.73,-2.14,30.56
55.95707242563367,-0.74,-2.14,30.56
55.961452189832926,-0.74,-2.14,30.56
55.96595723927021,-0.74,-2.14,30.56
55.97037035226822,-0.74,-2.14,30.56
55.97479869797826,-0.74,-2.14,30.56
55.97935466095805,-0.74,-2.14,30.56
55.983790565282106,-0.74,-2.14,30.56
55.988299023360014,-0.74,-2.14,30.56
55.99274903163314,-0.74,-2.14,30.56
55.997232120484114,-0.74,-2.14,30.56
56.00168727338314,-0.74,-2.14,30.56
56.00611989572644,-0.73,-2.14,30.56
56.010610803961754,-0.73,-2.14,30.56
56.015005216002464,-0.73,-2.14,30.56
56.01946126297116,-0.73,-2.14,30.56
56.02397150173783,-0.73,-2.14,30.56
56.02836279198527,-0.74,-2.14,30.56
56.0329248867929,-0.73,-2.14,30.56
56.037405516952276,-0.74,-2.14,30.56
56.04183729365468,-0.74,-2.14,30.56
56.046309761703014,-0.74,-2.14,30.56
56.05075363442302,-0.74,-2.14,30.56
56.055223885923624,-0.74,-2.14,30.56
56.059616312384605,-0.74,-2.14,30.56
56.06414147093892,-0.74,-2.14,30.56
56.06860003992915,-0.74,-2.14,30.56
56.073085989803076,-0.74,-2.14,30.56
56.07754619419575,-0.74,-2.14,30.56
56.08203148469329,-0.74,-2.15,30.56
56.08645087480545,-0.74,-2.14,30.56
56.0909487567842,-0.74,-2.14,30.56
56.09536064043641,-0.73,-2.14,30.56
56.099851943552494,-0.73,-2.14,30.56
56.10425143688917,-0.74,-2.14,30.56
56.1087931022048,-0.74,-2.14,30.56
56.11320772022009,-0.74,-2.14,30.56
56.11772841215134,-0.74,-2.14,30.56
56.12217038497329,-0.74,-2.15,30.56
56.12664503604174,-0.73,-2.15,30.56
56.13107107579708,-0.74,-2.15,30.56
56.13550690561533,-0.74,-2.14,30.56
56.14003178104758,-0.74,-2.14,30.56
56.144480891525745,-0.74,-2.14,30.56
56.148921251297,-0.73,-2.14,30.56
56.15335814654827,-0.74,-2.14,30.56
56.1578700914979,-0.74,-2.15,30.57
56.162347093224525,-0.74,-2.14,30.56
56.1668094843626,-0.74,-2.14,30.56
56.171275570988655,-0.73,-2.14,30.56
56.17568679153919,-0.74,-2.14,30.56
56.18013011664152,-0.74,-2.14,30.56
56.18464460223913,-0.74,-2.14,30.56
56.189060647040606,-0.74,-2.14,30.56
56.19356559589505,-0.74,-2.14,30.56
56.19803313910961,-0.74,-2.14,30.56
56.20234853029251,-0.74,-2.14,30.56
56.20698417723179,-0.74,-2.14,30.56
56.21141601353884,-0.73,-2.14,30.56
56.21588900312781,-0.74,-2.14,30.56
56.22036489471793,-0.74,-2.14,30.56
56.22479484975338,-0.73,-2.14,30.57
56.22926287725568,-0.73,-2.14,30.57
56.23367429897189,-0.74,-2.14,30.56
56.2381746545434,-0.74,-2.14,30.56
56.24257608130574,-0.74,-2.14,30.56
56.24709428474307,-0.74,-2.14,30.56
56.251611936837435,-0.73,-2.14,30.56
56.2560418471694,-0.74,-2.14,30.57
56.26048295199871,-0.74,-2.14,30.56
56.264932088553905,-0.74,-2.14,30.56
56.26945883408189,-0.74,-2.14,30.56
56.27381397411227,-0.74,-2.14,30.57
56.278349686414,-0.74,-2.14,30.57
56.282764706760645,-0.74,-2.14,30.57
56.28724228963256,-0.73,-2.14,30.56
56.291772704571486,-0.73,-2.14,30.56
56.2962143458426,-0.74,-2.14,30.57
56.30069859698415,-0.74,-2.14,30.57
56.30516979470849,-0.74,-2.14,30.57
56.309558752924204,-0.73,-2.14,30.57
56.314061630517244,-0.74,-2.14,30.57
56.318529322743416,-0.74,-2.14,30.57
56.32297118380666,-0.74,-2.14,30.57
56.32748702540994,-0.74,-2.14,30.56
56.33191667124629,-0.74,-2.14,30.56
56.33639306947589,-0.74,-2.14,30.57
56.34083776175976,-0.74,-2.14,30.56
56.34536701068282,-0.74,-2.14,30.57
56.349733114242554,-0.73,-2.14,30.57
56.35421786829829,-0.74,-2.14,30.56
56.35870663449168,-0.74,-2.14,30.56
56.36315217986703,-0.74,-2.14,30.57
56.367590330541134,-0.74,-2.14,30.57
56.37205582857132,-0.74,-2.14,30.57
56.37657335028052,-0.73,-2.14,30.56
56.38103849813342,-0.74,-2.14,30.57
56.385496374219656,-0.73,-2.14,30.56
56.38990489766002,-0.74,-2.14,30.56
56.39442075416446,-0.74,-2.14,30.56
56.398840609937906,-0.73,-2.14,30.57
56.403327599167824,-0.74,-2.14,30.56
56.40778023004532,-0.73,-2.14,30.56
56.4121759198606,-0.74,-2.14,30.57
56.41660739481449,-0.74,-2.14,30.57
56.42119685187936,-0.74,-2.14,30.57
56.425646137446165,-0.74,-2.14,30.56
56.43011210113764,-0.74,-2.14,30.56
56.4345704652369,-0.73,-2.14,30.57
56.43903078138828,-0.73,-2.14,30.56
56.44350332766771,-0.74,-2.14,30.57
56.447873134166,-0.74,-2.14,30.57
56.45244227349758,-0.74,-2.14,30.57
56.456906992942095,-0.74,-2.14,30.56
56.46128223836422,-0.74,-2.14,30.57
56.46582518145442,-0.73,-2.14,30.56
56.470261592417955,-0.73,-2.14,30.57
56.47471936792135,-0.73,-2.14,30.57
56.4792203232646,-0.74,-2.14,30.57
56.48366656154394,-0.73,-2.14,30.57
56.48804945498705,-0.74,-2.14,30.56
56.49256322532892,-0.74,-2.14,30.57
56.49706627801061,-0.73,-2.14,30.57
56.501517955213785,-0.74,-2.14,30.57
56.505958557128906,-0.74,-2.14,30.57
56.51044489070773,-0.73,-2.14,30.57
56.514927830547094,-0.74,-2.14,30.57
56.51933500543237,-0.73,-2.14,30.57
56.52380942553282,-0.74,-2.14,30.57
56.528282422572374,-0.74,-2.14,30.57
56.53275168314576,-0.74,-2.14,30.57
56.537236236035824,-0.74,-2.14,30.57
56.54167678207159,-0.73,-2.14,30.57
56.54603314399719,-0.74,-2.14,30.57
56.55062376707792,-0.73,-2.14,30.57
56.55507192388177,-0.74,-2.14,30.57
56.55954951047897,-0.74,-2.14,30.57
56.56397496163845,-0.73,-2.14,30.57
56.568439938127995,-0.74,-2.14,30.57
56.57289952784777,-0.74,-2.14,30.57
56.57731627300382,-0.74,-2.14,30.57
56.581848349422216,-0.74,-2.14,30.57
56.58631182461977,-0.74,-2.14,30.57
56.5907787643373,-0.74,-2.14,30.57
56.59524705260992,-0.74,-2.14,30.57
56.59969212859869,-0.74,-2.14,30.57
56.60414994880557,-0.74,-2.14,30.57
56.6086244545877,-0.74,-2.14,30.57
56.61304244026542,-0.74,-2.14,30.57
56.617552280426025,-0.73,-2.14,30.57
56.62203116342425,-0.74,-2.14,30.57
56.6264967545867,-0.74,-2.14,30.57
56.630858577787876,-0.74,-2.14,30.57
56.63542193174362,-0.73,-2.14,30.57
56.639873184263706,-0.74,-2.14,30.57
56.644341595470905,-0.74,-2.14,30.57
56.64876485988498,-0.73,-2.14,30.57
56.65319695323706,-0.74,-2.14,30.57
56.6577296666801,-0.74,-2.14,30.57
56.66216133162379,-0.73,-2.14,30.57
56.66657090932131,-0.73,-2.14,30.57
56.67108780145645,-0.74,-2.14,30.57
56.675424586981535,-0.74,-2.14,30.57
56.68005209043622,-0.73,-2.14,30.57
56.68450562655926,-0.74,-2.14,30.57
56.68896413594484,-0.74,-2.14,30.57
56.69344038888812,-0.74,-2.14,30.57
56.69787023961544,-0.74,-2.14,30.57
56.70231717824936,-0.74,-2.14,30.57
56.70674666017294,-0.74,-2.14,30.57
56.71124633029103,-0.74,-2.14,30.57
56.715715158730745,-0.73,-2.14,30.57
56.72014392539859,-0.74,-2.14,30.57
56.7246723882854,-0.74,-2.14,30.57
56.72912721708417,-0.74,-2.14,30.57
56.73357194662094,-0.74,-2.14,30.57
56.73802690953016,-0.73,-2.14,30.57
56.74250561371446,-0.74,-2.14,30.57
56.74691920354962,-0.73,-2.14,30.57
56.75142650678754,-0.74,-2.14,30.57
56.75587014108896,-0.74,-2.14,30.57
56.76032944768667,-0.73,-2.14,30.57
56.764847941696644,-0.74,-2.14,30.57
56.76929493248463,-0.74,-2.14,30.57
56.77373764291406,-0.74,-2.14,30.57
56.77821385115385,-0.74,-2.14,30.57
56.7826859280467,-0.73,-2.14,30.57
56.78714778274298,-0.74,-2.14,30.57
56.791519962251186,-0.74,-2.14,30.57
56.796078238636255,-0.73,-2.14,30.57
56.80052570998669,-0.74,-2.14,30.57
56.80500330403447,-0.74,-2.14,30.57
56.80947242677212,-0.73,-2.14,30.57
56.81392801180482,-0.74,-2.14,30.57
56.8184003084898,-0.74,-2.14,30.57
56.82283986732364,-0.74,-2.14,30.57
56.82727598026395,-0.73,-2.14,30.57
56.8317743986845,-0.73,-2.14,30.57
56.836256098002195,-0.74,-2.14,30.57
56.84070412814617,-0.74,-2.14,30.56
56.8450415097177,-0.73,-2.14,30.56
56.84952449053526,-0.74,-2.14,30.57
56.85409544035792,-0.73,-2.14,30.56
56.85853695869446,-0.74,-2.14,30.57
56.86302240937948,-0.74,-2.14,30.57
56.867494218051434,-0.74,-2.14,30.57
56.871943689882755,-0.74,-2.14,30.57
56.87640926614404,-0.73,-2.14,30.57
56.880801770836115,-0.74,-2.14,30.57
56.88524203374982,-0.74,-2.14,30.57
56.88975037261844,-0.74,-2.13,30.57
56.89426825940609,-0.73,-2.13,30.57
56.898716513067484,-0.73,-2.13,30.57
56.90319128707051,-0.74,-2.13,30.57
56.90760596469045,-0.74,-2.13,30.57
56.91207770630717,-0.74,-2.13,30.57
56.91653913259506,-0.74,-2.13,30.57
56.92103312537074,-0.73,-2.13,30.57
56.92547782883048,-0.74,-2.13,30.57
56.92996382713318,-0.74,-2.13,30.57
56.93438332900405,-0.73,-2.13,30.57
56.93889354914427,-0.74,-2.13,30.57
56.943348061293364,-0.73,-2.13,30.57
56.9478241764009,-0.74,-2.13,30.57
56.95226803794503,-0.73,-2.13,30.57
56.956669103354216,-0.74,-2.13,30.57
56.96114045009017,-0.74,-2.13,30.57
56.96562834829092,-0.74,-2.13,30.57
56.970100954174995,-0.73,-2.13,30.57
56.97449053823948,-0.74,-2.13,30.57
56.978980135172606,-0.74,-2.13,30.57
56.98352003470063,-0.73,-2.13,30.57
56.98797035217285,-0.74,-2.13,30.57
56.99243902415037,-0.74,-2.13,30.57
56.99688720703125,-0.74,-2.13,30.57
57.00135338306427,-0.73,-2.13,30.57
57.00581626966596,-0.74,-2.13,30.57
57.01024192199111,-0.74,-2.13,30.57
57.01471675187349,-0.74,-2.13,30.57
57.019158229231834,-0.73,-2.13,30.57
57.023692809045315,-0.74,-2.13,30.57
57.02814498916268,-0.73,-2.13,30.57
57.032590847462416,-0.74,-2.13,30.57
57.037083718925714,-0.73,-2.13,30.57
57.041495848447084,-0.74,-2.13,30.57
57.04600280895829,-0.73,-2.13,30.57
57.05044532567263,-0.74,-2.13,30.57
57.054847713559866,-0.73,-2.13,30.57
57.05939894542098,-0.73,-2.13,30.57
57.06381235271692,-0.73,-2.13,30.57
57.06831992045045,-0.73,-2.13,30.57
57.07276938483119,-0.74,-2.13,30.57
57.07721633091569,-0.74,-2.13,30.57
57.08165832608938,-0.74,-2.13,30.57
57.08610047772527,-0.74,-2.13,30.57
57.09060977771878,-0.73,-2.13,30.57
57.095059249550104,-0.73,-2.13,30.57
57.09945660084486,-0.74,-2.13,30.57
57.10401103645563,-0.74,-2.14,30.57
57.10835110023618,-0.74,-2.13,30.57
57.112946439534426,-0.74,-2.14,30.57
57.117407482117414,-0.74,-2.13,30.57
57.12183390557766,-0.74,-2.13,30.57
57.12630120664835,-0.74,-2.14,30.57
57.13080608844757,-0.74,-2.13,30.57
57.135178320109844,-0.74,-2.13,30.57
57.13972169533372,-0.73,-2.14,30.57
57.144156742841005,-0.73,-2.14,30.57
57.14860696718097,-0.74,-2.14,30.57
57.15312175452709,-0.74,-2.14,30.57
57.15756717696786,-0.74,-2.14,30.57
57.16200966387987,-0.73,-2.14,30.57
57.16645949333906,-0.74,-2.14,30.57
57.17091799527407,-0.73,-2.14,30.57
57.17541433125734,-0.73,-2.14,30.57
57.179849337786436,-0.74,-2.14,30.57
57.18434650823474,-0.73,-2.14,30.57
57.18871911242604,-0.74,-2.13,30.57
57.19316389411688,-0.73,-2.14,30.57
57.197745248675346,-0.74,-2.14,30.57
57.202191948890686,-0.73,-2.13,30.57
57.20666540786624,-0.74,-2.14,30.57
57.211073968559504,-0.73,-2.13,30.57
57.215521946549416,-0.73,-2.13,30.57
57.219999860972166,-0.74,-2.13,30.57
57.22448667138815,-0.73,-2.13,30.57
57.228899654001,-0.73,-2.13,30.57
57.233442902565,-0.73,-2.13,30.57
57.23782854527235,-0.74,-2.13,30.57
57.24237121641636,-0.74,-2.13,30.57
57.24683803319931,-0.73,-2.13,30.57
57.25130108371377,-0.74,-2.14,30.57
57.25570385530591,-0.74,-2.13,30.57
57.260192800313234,-0.73,-2.14,30.57
57.264625292271376,-0.73,-2.14,30.57
57.26912247389555,-0.73,-2.14,30.57
57.27365366742015,-0.74,-2.14,30.57
57.278029568493366,-0.73,-2.14,30.57
57.28254185244441,-0.73,-2.14,30.57
57.28699391335249,-0.73,-2.14,30.57
57.29145087301731,-0.74,-2.13,30.57
57.2959172539413,-0.74,-2.14,30.57
57.3003630079329,-0.73,-2.13,30.57
57.30485712736845,-0.74,-2.14,30.57
57.30930070951581,-0.74,-2.14,30.57
57.31375798210502,-0.74,-2.13,30.57
57.318151358515024,-0.73,-2.14,30.57
57.322685077786446,-0.73,-2.14,30.57
57.3271707482636,-0.73,-2.14,30.57
57.33161399140954,-0.73,-2.13,30.57
57.33607464656234,-0.74,-2.14,30.57
57.34052983671427,-0.73,-2.14,30.57
57.3449508883059,-0.74,-2.14,30.57
57.34947808459401,-0.73,-2.14,30.57
57.35394138842821,-0.73,-2.14,30.57
57.35839159414172,-0.73,-2.14,30.57
57.362847995013,-0.74,-2.14,30.57
57.36723541468382,-0.73,-2.14,30.57
57.37179233878851,-0.73,-2.14,30.57
57.37623304501176,-0.74,-2.14,30.57
57.380720283836126,-0.73,-2.14,30.57
57.38512775674462,-0.73,-2.14,30.57
57.389574989676476,-0.74,-2.14,30.57
57.394116438925266,-0.74,-2.14,30.57
57.39856419339776,-0.74,-2.14,30.57
57.4030146189034,-0.74,-2.14,30.57
57.40749903395772,-0.73,-2.13,30.57
57.41196858510375,-0.74,-2.14,30.57
57.41641640290618,-0.73,-2.14,30.57
57.42088195309043,-0.74,-2.13,30.57
57.42530697211623,-0.74,-2.14,30.57
57.429778434336185,-0.73,-2.14,30.57
57.434271447360516,-0.74,-2.14,30.57
57.43869247287512,-0.74,-2.14,30.57
57.4431463368237,-0.74,-2.14,30.57
57.4475306943059,-0.74,-2.13,30.57
57.45209684595466,-0.73,-2.14,30.57
57.45659201219678,-0.73,-2.14,30.57
57.461055766791105,-0.73,-2.13,30.57
57.46552473306656,-0.74,-2.14,30.57
57.46996629983187,-0.74,-2.14,30.57
57.474428828805685,-0.74,-2.14,30.57
57.47881668061018,-0.73,-2.14,30.57
57.48334635421634,-0.73,-2.14,30.57
57.48779520019889,-0.74,-2.14,30.57
57.4922944419086,-0.73,-2.14,30.57
57.49669520929456,-0.73,-2.14,30.57
57.501215524971485,-0.73,-2.14,30.57
57.505677971988916,-0.74,-2.14,30.57
57.51014715433121,-0.73,-2.14,30.57
57.514619804918766,-0.73,-2.14,30.57
57.51899719238281,-0.74,-2.14,30.57
57.523489098995924,-0.74,-2.14,30.57
57.52798466384411,-0.74,-2.14,30.57
57.53245961666107,-0.74,-2.14,30.57
57.53692752867937,-0.74,-2.14,30.57
57.5413711220026,-0.74,-2.14,30.57
57.545840572565794,-0.74,-2.14,30.57
57.55028784647584,-0.74,-2.14,30.57
57.55476163327694,-0.73,-2.14,30.57
57.55921145528555,-0.74,-2.14,30.57
57.56367752701044,-0.73,-2.14,30.57
57.56814054399729,-0.74,-2.14,30.57
57.57251874357462,-0.73,-2.14,30.57
57.57700930908322,-0.73,-2.14,30.57
57.58150180801749,-0.74,-2.14,30.57
57.58602223545313,-0.74,-2.14,30.57
57.59046924859285,-0.73,-2.14,30.57
57.5949348397553,-0.74,-2.13,30.57
57.599350079894066,-0.74,-2.13,30.57
57.60379260405898,-0.74,-2.14,30.57
57.60831217095256,-0.74,-2.13,30.57
57.61277265846729,-0.73,-2.13,30.58
57.61712671071291,-0.74,-2.14,30.57
57.621727641671896,-0.73,-2.13,30.57
57.62608275189996,-0.74,-2.13,30.57
57.630637776106596,-0.74,-2.13,30.57
57.63508666306734,-0.73,-2.14,30.57
57.63957019895315,-0.74,-2.14,30.57
57.64402234181762,-0.73,-2.14,30.58
57.648482739925385,-0.74,-2.13,30.57
57.65294240415096,-0.73,-2.13,30.57
57.65738610550761,-0.73,-2.13,30.58
57.66184609383345,-0.74,-2.13,30.58
57.66634548828006,-0.74,-2.13,30.58
57.67078683525324,-0.74,-2.13,30.57
57.67526778206229,-0.73,-2.13,30.57
57.67973501235247,-0.73,-2.13,30.58
57.684181820601225,-0.73,-2.13,30.58
57.688627142459154,-0.73,-2.13,30.57
57.69310323521495,-0.74,-2.13,30.57
57.6974914483726,-0.74,-2.13,30.57
57.702048160135746,-0.74,-2.13,30.57
57.706412840634584,-0.73,-2.13,30.57
57.71096258610487,-0.74,-2.13,30.58
57.71544463559985,-0.74,-2.13,30.58
57.71989007294178,-0.73,-2.13,30.58
57.724329341202974,-0.73,-2.13,30.58
57.728814855217934,-0.74,-2.13,30.58
57.733222756534815,-0.74,-2.13,30.58
57.7376677505672,-0.74,-2.13,30.58
57.742181576788425,-0.74,-2.13,30.58
57.746635269373655,-0.74,-2.12,30.58
57.75107939913869,-0.74,-2.12,30.58
57.75559416785836,-0.74,-2.12,30.57
57.76006633415818,-0.73,-2.12,30.58
57.76453708857298,-0.74,-2.13,30.58
57.76895892620087,-0.73,-2.12,30.58
57.773397732526064,-0.74,-2.12,30.58
57.7778937779367,-0.74,-2.12,30.58
57.782358065247536,-0.74,-2.12,30.58
57.78678258880973,-0.74,-2.12,30.58
57.79127470031381,-0.74,-2.12,30.58
57.79575303941965,-0.74,-2.12,30.58
57.80006640404463,-0.74,-2.12,30.58
57.80470775440335,-0.74,-2.12,30.58
57.80916562303901,-0.73,-2.12,30.58
57.81357704848051,-0.73,-2.12,30.58
57.81807218492031,-0.73,-2.12,30.58
57.82250697910786,-0.74,-2.12,30.58
57.826944794505835,-0.73,-2.12,30.58
57.8313971683383,-0.74,-2.12,30.58
57.83593978732824,-0.73,-2.12,30.58
57.84036521613598,-0.74,-2.12,30.58
57.84486323595047,-0.74,-2.12,30.58
57.84930720552802,-0.73,-2.12,30.58
57.8537873364985,-0.74,-2.12,30.58
57.85819848999381,-0.74,-2.12,30.58
57.86269598081708,-0.74,-2.12,30.58
57.86717573180795,-0.73,-2.13,30.58
57.87163933739066,-0.74,-2.12,30.58
57.87609137222171,-0.74,-2.12,30.58
57.880458388477564,-0.74,-2.12,30.58
57.884906869381666,-0.74,-2.12,30.58
57.8894945345819,-0.74,-2.12,30.58
57.89396249502897,-0.73,-2.12,30.58
57.898410089313984,-0.73,-2.12,30.58
57.90285160765052,-0.73,-2.12,30.58
57.9073473662138,-0.73,-2.12,30.58
57.91174812242389,-0.74,-2.12,30.58
57.91626263782382,-0.74,-2.12,30.58
57.92068813741207,-0.74,-2.12,30.58
57.92517013475299,-0.74,-2.12,30.58
57.92961252480745,-0.73,-2.12,30.58
57.9341180101037,-0.73,-2.12,30.58
57.93855832144618,-0.73,-2.12,30.58
57.94300410524011,-0.74,-2.13,30.58
57.9474830776453,-0.74,-2.12,30.58
57.9519664645195,-0.74,-2.13,30.58
57.95637107267976,-0.74,-2.13,30.58
57.96085002273321,-0.74,-2.13,30.58
57.965242084115744,-0.74,-2.13,30.58
57.96979796513915,-0.74,-2.13,30.58
57.97429060190916,-0.73,-2.13,30.58
57.978736482560635,-0.73,-2.13,30.58
57.98318360745907,-0.74,-2.13,30.58
57.98767365887761,-0.74,-2.12,30.58
57.992102827876806,-0.73,-2.13,30.58
57.996587831526995,-0.73,-2.13,30.58
58.001039423048496,-0.74,-2.13,30.58
58.005511689931154,-0.74,-2.13,30.58
58.00996772199869,-0.73,-2.13,30.58
58.01432802155614,-0.74,-2.12,30.58
58.018915105611086,-0.74,-2.13,30.58
58.02336183935404,-0.74,-2.13,30.58
58.027806866914034,-0.74,-2.13,30.58
58.03230321407318,-0.74,-2.13,30.58
58.03677186742425,-0.73,-2.13,30.58
58.04122869670391,-0.74,-2.13,30.58
58.04569863528013,-0.73,-2.13,30.58
58.05016764253378,-0.74,-2.13,30.58
58.054618153721094,-0.74,-2.13,30.58
58.059077724814415,-0.74,-2.13,30.58
58.063532911241055,-0.73,-2.13,30.58
58.06798318773508,-0.73,-2.13,30.58
58.072465516626835,-0.73,-2.13,30.58
58.076934561133385,-0.74,-2.13,30.58
58.0813627243042,-0.73,-2.13,30.58
58.085791900753975,-0.74,-2.13,30.58
58.090328987687826,-0.74,-2.13,30.58
58.094775173813105,-0.73,-2.12,30.58
58.09926186129451,-0.73,-2.13,30.58
58.103714145720005,-0.73,-2.13,30.58
58.1081754155457,-0.73,-2.12,30.58
58.11260553449392,-0.74,-2.12,30.58
58.11706566810608,-0.74,-2.12,30.58
58.12152360007167,-0.73,-2.13,30.58
58.126011833548546,-0.73,-2.13,30.58
58.13048029318452,-0.74,-2.13,30.58
58.13495083898306,-0.74,-2.13,30.58
58.139355443418026,-0.73,-2.12,30.58
58.143870163708925,-0.73,-2.12,30.58
58.148343186825514,-0.73,-2.13,30.58
58.1528110653162,-0.74,-2.13,30.58
58.15726939588785,-0.74,-2.12,30.58
58.16167237609625,-0.74,-2.13,30.58
58.16617415845394,-0.74,-2.12,30.58
58.17061645910144,-0.73,-2.13,30.58
58.175059240311384,-0.73,-2.12,30.58
58.17954159155488,-0.74,-2.12,30.58
58.1840142197907,-0.74,-2.12,30.58
58.18851291388273,-0.73,-2.12,30.58
58.19296398386359,-0.74,-2.12,30.58
58.19742302969098,-0.73,-2.12,30.58
58.20189718529582,-0.74,-2.12,30.58
58.206364404410124,-0.74,-2.12,30.58
58.210819732397795,-0.73,-2.12,30.58
58.21518085896969,-0.73,-2.12,30.58
58.21973754838109,-0.73,-2.12,30.58
58.224217500537634,-0.74,-2.12,30.58
58.228519190102816,-0.73,-2.12,30.58
58.23314372822642,-0.74,-2.12,30.58
58.237596835941076,-0.74,-2.12,30.58
58.24203050881624,-0.73,-2.12,30.58
58.24651454016566,-0.73,-2.12,30.58
58.25099305808544,-0.74,-2.12,30.58
58.25541232526302,-0.74,-2.12,30.58
58.2598499879241,-0.73,-2.12,30.58
58.26434737816453,-0.74,-2.12,30.58
58.2687828913331,-0.73,-2.12,30.58
58.27331859245896,-0.73,-2.12,30.59
58.27778496220708,-0.73,-2.12,30.58
58.28224489837885,-0.74,-2.12,30.59
58.28670548647642,-0.73,-2.12,30.58
58.291177082806826,-0.74,-2.12,30.59
58.29553747177124,-0.73,-2.13,30.59
58.30006638914347,-0.73,-2.12,30.59
58.304554365575314,-0.73,-2.12,30.59
58.30902639776468,-0.73,-2.12,30.59
58.31339665874839,-0.74,-2.12,30.59
58.31794373318553,-0.73,-2.13,30.59
58.32238653674722,-0.74,-2.13,30.59
58.326831959187984,-0.74,-2.12,30.58
58.331325862556696,-0.74,-2.13,30.59
58.33577972650528,-0.73,-2.12,30.58
58.34025261923671,-0.74,-2.13,30.59
58.34465131908655,-0.73,-2.12,30.59
58.349170193076134,-0.73,-2.13,30.59
58.35357999429107,-0.74,-2.13,30.58
58.358120158314705,-0.74,-2.13,30.59
58.362563744187355,-0.74,-2.13,30.59
58.367006465792656,-0.73,-2.13,30.59
58.37149263173342,-0.73,-2.12,30.59
58.3759676925838,-0.74,-2.12,30.58
58.3804336078465,-0.73,-2.13,30.58
58.38478999212384,-0.74,-2.13,30.58
58.38928797096014,-0.74,-2.13,30.59
58.39380391314626,-0.74,-2.13,30.59
58.398176711052656,-0.74,-2.13,30.59
58.40274070948362,-0.73,-2.13,30.58
58.4072035998106,-0.73,-2.13,30.58
58.411657590419054,-0.73,-2.13,30.58
58.41610397398472,-0.73,-2.13,30.59
58.42058772593737,-0.74,-2.13,30.59
58.425063733011484,-0.74,-2.13,30.59
58.42950053885579,-0.74,-2.13,30.59
58.43396747112274,-0.73,-2.13,30.59
58.438298143446445,-0.74,-2.13,30.59
58.442873518913984,-0.74,-2.13,30.58
58.44736484065652,-0.73,-2.13,30.59
58.4518131762743,-0.73,-2.13,30.59
58.45625911280513,-0.74,-2.13,30.59
58.460703905671835,-0.73,-2.13,30.59
58.46514491736889,-0.73,-2.13,30.59
58.469694677740335,-0.74,-2.13,30.59
58.47406259924173,-0.73,-2.13,30.59
58.47857873886824,-0.73,-2.13,30.58
58.48304658383131,-0.74,-2.13,30.59
58.48754405975342,-0.73,-2.13,30.59
58.4920094832778,-0.73,-2.13,30.59
58.496430449187756,-0.74,-2.13,30.59
58.500919707119465,-0.74,-2.13,30.59
58.50538345426321,-0.73,-2.13,30.59
58.50980428233743,-0.74,-2.13,30.59
58.51424662023783,-0.74,-2.13,30.59
58.51873430237174,-0.73,-2.13,30.59
58.523185916244984,-0.74,-2.13,30.58
58.5277152210474,-0.74,-2.13,30.59
58.53216529637575,-0.74,-2.13,30.59
58.536625403910875,-0.73,-2.13,30.59
58.54108815640211,-0.73,-2.13,30.59
58.545531295239925,-0.73,-2.13,30.59
58.550035394728184,-0.74,-2.13,30.59
58.554481353610754,-0.74,-2.13,30.59
58.55891913548112,-0.73,-2.13,30.58
58.56340801343322,-0.74,-2.13,30.59
58.567760828882456,-0.74,-2.13,30.59
58.57224939018488,-0.73,-2.13,30.59
58.57679383829236,-0.73,-2.13,30.59
58.5812569744885,-0.73,-2.13,30.59
58.58571166917682,-0.73,-2.13,30.59
58.590189438313246,-0.73,-2.13,30.59
58.594660229980946,-0.73,-2.13,30.59
58.59910710528493,-0.74,-2.13,30.59
58.60355292633176,-0.73,-2.13,30.59
58.60803350433707,-0.73,-2.13,30.59
58.61245546117425,-0.73,-2.13,30.59
58.61697482317686,-0.74,-2.13,30.59
58.621412467211485,-0.74,-2.13,30.59
58.62589184567332,-0.73,-2.13,30.59
58.630310852080584,-0.73,-2.14,30.59
58.63482481613755,-0.74,-2.13,30.59
58.639195304363966,-0.74,-2.13,30.59
58.64367393031716,-0.73,-2.13,30.59
58.64819688349962,-0.74,-2.13,30.59
58.65260631963611,-0.73,-2.13,30.59
58.657147731631994,-0.74,-2.13,30.59
58.661593828350306,-0.73,-2.13,30.59
58.66603899002075,-0.73,-2.13,30.59
58.670485366135836,-0.74,-2.13,30.59
58.674999199807644,-0.73,-2.13,30.59
58.679450299590826,-0.73,-2.13,30.59
58.68388808146119,-0.74,-2.13,30.59
58.688376527279615,-0.73,-2.13,30.59
58.69284501299262,-0.73,-2.13,30.59
58.6972671225667,-0.74,-2.13,30.59
58.701768938452005,-0.74,-2.13,30.59
58.70621459186077,-0.74,-2.13,30.59
58.71068915352225,-0.73,-2.13,30.59
58.715121153742075,-0.73,-2.13,30.59
58.719607286155224,-0.73,-2.14,30.59
58.724062602967024,-0.73,-2.13,30.59
58.72852820158005,-0.74,-2.13,30.59
58.7330078445375,-0.74,-2.13,30.59
58.73745979368687,-0.73,-2.13,30.59
58.74189077690244,-0.73,-2.13,30.59
58.74639765918255,-0.73,-2.13,30.59
58.7508665882051,-0.74,-2.13,30.59
58.755319245159626,-0.73,-2.13,30.59
58.75976624712348,-0.73,-2.13,30.59
58.76417562738061,-0.73,-2.13,30.59
58.76864878833294,-0.74,-2.13,30.59
58.77305780723691,-0.73,-2.13,30.59
58.7776435688138,-0.73,-2.13,30.59
58.782049003988504,-0.73,-2.13,30.59
58.78657042607665,-0.74,-2.13,30.59
58.79102060571313,-0.74,-2.13,30.59
58.79548425972462,-0.74,-2.13,30.59
58.79994494840503,-0.73,-2.13,30.59
58.804416455328465,-0.73,-2.13,30.59
58.80886012688279,-0.74,-2.14,30.59
58.81333365291357,-0.74,-2.13,30.59
58.817705910652876,-0.74,-2.13,30.59
58.82226740568876,-0.74,-2.14,30.59
58.8267375677824,-0.73,-2.13,30.59
58.83119796216488,-0.73,-2.14,30.59
58.83564042299986,-0.73,-2.14,30.59
58.84008098393679,-0.74,-2.13,30.59
58.844529427587986,-0.73,-2.13,30.59
58.84903270751238,-0.73,-2.14,30.59
58.85351141169667,-0.73,-2.14,30.59
58.85794711858034,-0.74,-2.13,30.59
58.86238160356879,-0.74,-2.14,30.59
58.86689184233546,-0.74,-2.14,30.59
58.87120198458433,-0.74,-2.14,30.59
58.87581529840827,-0.74,-2.14,30.59
58.8802633471787,-0.73,-2.14,30.59
58.88475847616792,-0.73,-2.14,30.59
58.889180008322,-0.74,-2.14,30.59
58.89367999136448,-0.74,-2.13,30.59
58.898117538541555,-0.74,-2.13,30.59
58.90255404636264,-0.73,-2.13,30.59
58.90698903053999,-0.74,-2.14,30.59
58.911455262452364,-0.73,-2.14,30.59
58.915998850017786,-0.74,-2.14,30.59
58.92045848071575,-0.74,-2.14,30.59
58.92490824311972,-0.73,-2.14,30.59
58.92938006669283,-0.73,-2.13,30.59
58.93377497419715,-0.74,-2.14,30.59
58.93828395754099,-0.73,-2.13,30.59
58.94270384311676,-0.74,-2.14,30.59
58.94722653180361,-0.74,-2.14,30.59
58.951588202267885,-0.74,-2.14,30.59
58.95614925399423,-0.74,-2.14,30.59
58.96062092855573,-0.73,-2.14,30.59
58.965065855532885,-0.73,-2.14,30.59
58.96954182162881,-0.73,-2.14,30.59
58.97399325668812,-0.73,-2.14,30.59
58.97846780344844,-0.74,-2.13,30.59
58.982913203537464,-0.74,-2.14,30.59
58.987389616668224,-0.74,-2.13,30.59
58.991788771003485,-0.73,-2.13,30.59
58.996291395276785,-0.73,-2.13,30.59
59.00070793554187,-0.73,-2.13,30.59
59.00525243207812,-0.73,-2.13,30.59
59.00971445813775,-0.74,-2.13,30.59
59.014180190861225,-0.73,-2.13,30.59
59.01861905306578,-0.74,-2.13,30.59
59.02310041338205,-0.73,-2.13,30.59
59.027497213333845,-0.73,-2.13,30.59
59.03200655430555,-0.73,-2.13,30.59
59.03647021576762,-0.73,-2.14,30.59
59.04087860509753,-0.73,-2.13,30.59
59.045420441776514,-0.73,-2.13,30.59
59.04986518248916,-0.73,-2.13,30.59
59.05433336272836,-0.74,-2.13,30.59
59.058752704411745,-0.73,-2.13,30.59
59.06326800957322,-0.73,-2.14,30.59
59.06772718578577,-0.73,-2.13,30.59
59.07217436656356,-0.73,-2.13,30.59
59.07658691331744,-0.74,-2.13,30.59
59.08104197308421,-0.73,-2.13,30.59
59.08553163707256,-0.73,-2.13,30.59
59.090043902397156,-0.74,-2.13,30.59
59.094496071338654,-0.73,-2.13,30.59
59.09896248579025,-0.73,-2.13,30.59
59.103414710611105,-0.74,-2.14,30.59
59.10785221680999,-0.73,-2.14,30.59
59.1123156324029,-0.74,-2.13,30.59
59.11676479130983,-0.73,-2.13,30.59
59.121193416416645,-0.73,-2.13,30.59
59.125672582536936,-0.73,-2.13,30.59
59.13009439781308,-0.74,-2.13,30.59
59.134663835167885,-0.73,-2.13,30.59
59.13914382830262,-0.74,-2.13,30.59
59.14356817305088,-0.74,-2.13,30.59
59.14805879443884,-0.73,-2.13,30.59
59.15247095748782,-0.73,-2.13,30.59
59.156986467540264,-0.73,-2.13,30.59
59.161337438970804,-0.74,-2.13,30.59
59.165895737707615,-0.73,-2.13,30.59
59.17032836377621,-0.74,-2.13,30.59
59.174846671521664,-0.74,-2.13,30.59
59.17929042130709,-0.74,-2.13,30.59
59.18373230844736,-0.73,-2.13,30.59
59.18820444121957,-0.73,-2.13,30.59
59.19266501814127,-0.73,-2.13,30.59
59.197126999497414,-0.73,-2.13,30.59
59.20153283327818,-0.73,-2.13,30.59
59.205993708223104,-0.74,-2.13,30.59
59.210484214127064,-0.73,-2.13,30.59
59.21487634256482,-0.73,-2.13,30.59
59.21944509446621,-0.74,-2.13,30.59
59.22393159195781,-0.73,-2.13,30.59
59.228358302265406,-0.74,-2.13,30.59
59.23282266035676,-0.73,-2.13,30.59
59.23727308958769,-0.74,-2.13,30.59
59.241765666753054,-0.73,-2.13,30.59
59.24616517871618,-0.73,-2.13,30.59
59.250695548951626,-0.73,-2.13,30.59
59.255026426166296,-0.73,-2.13,30.59
59.2595128826797,-0.73,-2.13,30.59
59.26409552246332,-0.74,-2.13,30.59
59.26853920519352,-0.73,-2.13,30.59
59.27298333123326,-0.73,-2.13,30.59
59.27748065069318,-0.74,-2.13,30.59
59.28205617517233,-0.74,-2.13,30.59
59.286405220627785,-0.74,-2.13,30.59
59.29087234288454,-0.74,-2.13,30.59
59.295327354222536,-0.73,-2.13,30.59
59.29977768287063,-0.74,-2.13,30.59
59.30426862463355,-0.74,-2.13,30.59
59.30871818959713,-0.73,-2.13,30.59
59.31318990141153,-0.74,-2.13,30.59
59.31762029975653,-0.73,-2.13,30.59
59.322065498679876,-0.73,-2.13,30.59
59.32655441761017,-0.74,-2.13,30.59
59.33099365979433,-0.74,-2.13,30.59
59.33546528965235,-0.74,-2.13,30.59
59.3398248180747,-0.74,-2.13,30.59
59.344426203519106,-0.73,-2.13,30.59
59.348892126232386,-0.74,-2.13,30.59
59.35334086045623,-0.74,-2.13,30.59
59.35778458788991,-0.74,-2.13,30.59
59.362269680947065,-0.73,-2.13,30.59
59.36666904017329,-0.74,-2.13,30.59
59.37120529636741,-0.73,-2.13,30.59
59.37564034759998,-0.74,-2.13,30.59
59.38008737564087,-0.74,-2.13,30.59
59.384484484791756,-0.73,-2.13,30.59
59.388977613300085,-0.74,-2.13,30.59
59.393519319593906,-0.73,-2.13,30.59
59.39796203374863,-0.73,-2.13,30.59
59.402438059449196,-0.74,-2.13,30.59
59.4068540148437,-0.74,-2.13,30.59
59.411330722272396,-0.73,-2.13,30.59
59.41581594571471,-0.74,-2.13,30.59
59.420303858816624,-0.73,-2.13,30.59
59.42471470683813,-0.73,-2.13,30.59
59.42913842573762,-0.74,-2.13,30.59
59.433670330792665,-0.74,-2.13,30.59
59.4381541274488,-0.74,-2.13,30.59
59.44260869920254,-0.73,-2.13,30.59
59.447080217301846,-0.74,-2.13,30.59
59.4515158906579,-0.73,-2.13,30.59
59.45592023432255,-0.73,-2.13,30.59
59.46045120805502,-0.74,-2.13,30.59
59.46484125778079,-0.74,-2.13,30.59
59.4692962244153,-0.74,-2.13,30.59
59.47374588996172,-0.74,-2.13,30.59
59.478314861655235,-0.73,-2.13,30.59
59.482759188860655,-0.74,-2.13,30.59
59.48720557615161,-0.73,-2.13,30.59
59.491668093949556,-0.74,-2.13,30.59
59.49610220268369,-0.73,-2.12,30.59
59.50059274956584,-0.73,-2.13,30.59
59.505066819489,-0.74,-2.13,30.59
59.50956727936864,-0.73,-2.12,30.59
59.51398542150855,-0.74,-2.12,30.59
59.51837117597461,-0.74,-2.13,30.59
59.52294594794512,-0.74,-2.13,30.59
59.52740750089288,-0.74,-2.12,30.59
59.53187236562371,-0.74,-2.12,30.59
59.53632057830691,-0.74,-2.12,30.59
59.54075272008777,-0.73,-2.12,30.59
59.545265309512615,-0.73,-2.12,30.59
59.549643345177174,-0.74,-2.12,30.59
59.55417715013027,-0.73,-2.12,30.59
59.558637998998165,-0.74,-2.12,30.59
59.563120517879725,-0.74,-2.12,30.59
59.567567218095064,-0.73,-2.12,30.59
59.572018284350634,-0.73,-2.12,30.59
59.57648761942983,-0.74,-2.12,30.59
59.58095916360617,-0.73,-2.12,30.59
59.58541106432676,-0.74,-2.12,30.59
59.58979616314173,-0.73,-2.12,30.59
59.594322964549065,-0.73,-2.12,30.59
59.598815362900496,-0.74,-2.12,30.59
59.60320855677128,-0.74,-2.12,30.59
59.60774924978614,-0.74,-2.12,30.59
59.612550530582666,-0.74,-2.12,30.59
59.61663430556655,-0.74,-2.12,30.59
59.62111569568515,-0.74,-2.12,30.6
59.62552385404706,-0.74,-2.12,30.6
59.630047399550676,-0.74,-2.12,30.59
59.634482979774475,-0.73,-2.12,30.59
59.638974856585264,-0.73,-2.13,30.59
59.64341922849417,-0.73,-2.13,30.6
59.64790477603674,-0.74,-2.13,30.59
59.65236346796155,-0.74,-2.13,30.59
59.65681283548474,-0.73,-2.13,30.59
59.661289773881435,-0.73,-2.13,30.59
59.66576248407364,-0.74,-2.13,30.59
59.67020649462938,-0.74,-2.13,30.59
59.67467048019171,-0.73,-2.13,30.59
59.67910470813513,-0.74,-2.13,30.59
59.68356068432331,-0.73,-2.13,30.59
59.68796658888459,-0.74,-2.13,30.59
59.69254506379366,-0.73,-2.13,30.59
59.69698754698038,-0.74,-2.13,30.59
59.70142988488078,-0.73,-2.13,30.59
59.70587681233883,-0.73,-2.13,30.59
59.710407592356205,-0.73,-2.13,30.59
59.71486324444413,-0.73,-2.13,30.59
59.719299018383026,-0.73,-2.13,30.59
59.72378783673048,-0.74,-2.13,30.59
59.72820234671235,-0.73,-2.13,30.59
59.73270705714822,-0.74,-2.13,30.59
59.73716825991869,-0.73,-2.13,30.59
59.74161699786782,-0.73,-2.13,30.59
59.74609649181366,-0.74,-2.13,30.59
59.7505450733006,-0.74,-2.13,30.59
59.754942778497934,-0.74,-2.13,30.59
59.75943649932742,-0.74,-2.13,30.59
59.76394749060273,-0.74,-2.13,30.6
59.768414568156004,-0.74,-2.13,30.59
59.7728547565639,-0.74,-2.13,30.59
59.77724953740835,-0.73,-2.13,30.59
59.78180431202054,-0.74,-2.13,30.59
59.786239080131054,-0.73,-2.14,30.59
59.790698282420635,-0.74,-2.14,30.59
59.79515518248081,-0.74,-2.13,30.59
59.799598567187786,-0.74,-2.13,30.59
59.804123759269714,-0.73,-2.13,30.59
59.8084986358881,-0.74,-2.14,30.59
59.81301095709205,-0.73,-2.14,30.59
59.81750653684139,-0.73,-2.14,30.59
59.8219729475677,-0.74,-2.13,30.59
59.826414458453655,-0.74,-2.14,30.59
59.83086097612977,-0.74,-2.13,30.59
59.83535980805755,-0.74,-2.13,30.59
59.83983161300421,-0.74,-2.14,30.59
59.84427698329091,-0.74,-2.13,30.59
59.849330365657806,-0.74,-2.13,30.59
59.85311536118388,-0.74,-2.13,30.59
59.85766750946641,-0.74,-2.13,30.59
59.86301242932677,-0.73,-2.13,30.59
59.86659609153867,-0.74,-2.13,30.59
59.87103362753987,-0.74,-2.13,30.59
59.875521052628756,-0.74,-2.13,30.59
59.87998019531369,-0.74,-2.13,30.59
59.88440810889006,-0.74,-2.14,30.59
59.888889990746975,-0.74,-2.13,30.59
59.89329743385315,-0.73,-2.13,30.59
59.897828567773104,-0.74,-2.13,30.59
59.90224397927523,-0.74,-2.13,30.59
59.90674093738198,-0.74,-2.13,30.59
59.91121480986476,-0.74,-2.13,30.59
59.9156858921051,-0.73,-2.13,30.59
59.92014652863145,-0.73,-2.13,30.59
59.924548488110304,-0.74,-2.13,30.59
59.929036784917116,-0.74,-2.13,30.59
59.93351681903005,-0.73,-2.13,30.59
59.93800164759159,-0.74,-2.13,30.59
59.94243389740586,-0.73,-2.13,30.59
59.94692674651742,-0.74,-2.13,30.59
59.95139681175351,-0.74,-2.13,30.59
59.95584423094988,-0.74,-2.13,30.59
59.96031302586198,-0.74,-2.13,30.59
59.96474928408861,-0.74,-2.14,30.59
59.96922491118312,-0.73,-2.13,30.59
59.97370953112841,-0.73,-2.14,30.59
59.97816753387451,-0.74,-2.13,30.59
59.98263515904546,-0.73,-2.13,30.59
59.98704817518592,-0.74,-2.13,30.59
59.991450008004904,-0.73,-2.13,30.59
59.9960183724761,-0.73,-2.14,30.59
60.00046370178461,-0.74,-2.14,30.59
60.00494631007314,-0.73,-2.14,30.59
60.009392976760864,-0.74,-2.14,30.59
60.01382618024945,-0.74,-2.14,30.59
60.01831741631031,-0.74,-2.14,30.59
60.02280197292566,-0.73,-2.14,30.59
60.02723092213273,-0.74,-2.14,30.59
60.031716510653496,-0.73,-2.14,30.59
60.03619450330734,-0.74,-2.14,30.59
60.040640100836754,-0.74,-2.14,30.6
60.045115660876036,-0.74,-2.14,30.59
60.0495458394289,-0.74,-2.14,30.59
60.05402347818017,-0.74,-2.14,30.59
60.058507677167654,-0.73,-2.14,30.59
60.06296006217599,-0.74,-2.14,30.59
60.06741386279464,-0.73,-2.14,30.59
60.07174864038825,-0.74,-2.14,30.59
60.07633589580655,-0.74,-2.14,30.59
60.080817099660635,-0.73,-2.14,30.6
60.08526271209121,-0.74,-2.14,30.59
60.089742835611105,-0.74,-2.14,30.59
60.094198644161224,-0.74,-2.14,30.59
60.098637118935585,-0.74,-2.14,30.59
60.10304467007518,-0.73,-2.14,30.59
60.10756767168641,-0.74,-2.14,30.59
60.11198117956519,-0.74,-2.14,30.59
60.11652423068881,-0.73,-2.14,30.59
60.1209047883749,-0.74,-2.14,30.6
60.1254458501935,-0.74,-2.14,30.59
60.12988284602761,-0.73,-2.14,30.59
60.13436961174011,-0.73,-2.14,30.59
60.13881802931428,-0.74,-2.14,30.59
60.143302883952856,-0.74,-2.14,30.59
60.147712245583534,-0.73,-2.14,30.6
60.15223393589258,-0.73,-2.14,30.59
60.15666354075074,-0.74,-2.14,30.59
60.16114180162549,-0.73,-2.14,30.59
60.16561929136515,-0.73,-2.13,30.59
60.170065984129906,-0.74,-2.14,30.59
60.17454367503524,-0.73,-2.14,30.59
60.17899415269494,-0.73,-2.13,30.59
60.18340368941426,-0.74,-2.14,30.59
60.1879070289433,-0.73,-2.14,30.6
60.192333325743675,-0.73,-2.14,30.59
60.19683250412345,-0.73,-2.13,30.59
60.201229479163885,-0.74,-2.13,30.59
60.205785140395164,-0.73,-2.13,30.59
60.21024340391159,-0.74,-2.13,30.59
60.21469242870808,-0.74,-2.13,30.59
60.219171699136496,-0.74,-2.13,30.59
60.22360461205244,-0.74,-2.13,30.59
60.22807912528515,-0.73,-2.13,30.59
60.23250173777342,-0.74,-2.13,30.59
60.236978355795145,-0.74,-2.14,30.6
60.24140070006251,-0.73,-2.13,30.59
60.24590737372637,-0.73,-2.14,30.6
60.250336300581694,-0.73,-2.14,30.59
60.25486582517624,-0.74,-2.14,30.59
60.2593282610178,-0.74,-2.14,30.59
60.26379872113466,-0.73,-2.14,30.59
60.26823007687926,-0.73,-2.14,30.59
60.27267634868622,-0.73,-2.14,30.59
60.277087807655334,-0.73,-2.14,30.59
60.281571976840496,-0.74,-2.14,30.59
60.28598349913955,-0.73,-2.14,30.59
60.29057126492262,-0.73,-2.14,30.59
60.29504347592592,-0.74,-2.13,30.59
60.2994915433228,-0.73,-2.14,30.59
60.30393582209945,-0.73,-2.14,30.59
60.30838091671467,-0.73,-2.14,30.59
60.31285084411502,-0.73,-2.14,30.59
60.317351177334785,-0.73,-2.14,30.59
60.32179654017091,-0.74,-2.14,30.59
60.32627523317933,-0.74,-2.14,30.59
60.330719374120235,-0.74,-2.14,30.59
60.33519258722663,-0.74,-2.13,30.59
60.33967789635062,-0.74,-2.14,30.59
60.344114918261766,-0.73,-2.14,30.59
60.348599556833506,-0.74,-2.13,30.59
60.353031281381845,-0.73,-2.13,30.59
60.35752886906266,-0.74,-2.14,30.59
60.36188989132643,-0.73,-2.14,30.59
60.36642223224044,-0.74,-2.13,30.59
60.37086731940508,-0.74,-2.14,30.59
60.37538018077612,-0.74,-2.13,30.59
60.37975723668933,-0.74,-2.14,30.59
60.384292125701904,-0.74,-2.13,30.6
60.38874055072665,-0.74,-2.14,30.59
60.39318494126201,-0.74,-2.13,30.59
60.3976298160851,-0.74,-2.13,30.59
60.40210157632828,-0.73,-2.13,30.59
60.40659938752651,-0.74,-2.13,30.59
60.411063354462385,-0.74,-2.13,30.59
60.41543724760413,-0.73,-2.13,30.6
60.41988732665777,-0.74,-2.13,30.6
60.424440301954746,-0.74,-2.13,30.6
60.42893570661545,-0.74,-2.13,30.59
60.43338941037655,-0.73,-2.13,30.59
60.43785995617509,-0.74,-2.13,30.6
60.4424225948751,-0.74,-2.13,30.6
60.44677717611194,-0.74,-2.13,30.6
60.451227962970734,-0.74,-2.13,30.59
60.45560773089528,-0.74,-2.13,30.59
60.46011046692729,-0.74,-2.13,30.59
60.464581809937954,-0.74,-2.13,30.59
60.469099681824446,-0.74,-2.13,30.59
60.473543364554644,-0.73,-2.13,30.59
60.47798739746213,-0.74,-2.13,30.59
60.482465367764235,-0.73,-2.13,30.6
60.48694457113743,-0.74,-2.13,30.59
60.491352416574955,-0.74,-2.13,30.59
60.4957973100245,-0.73,-2.13,30.6
60.50034223124385,-0.73,-2.13,30.59
60.50480625778437,-0.74,-2.13,30.59
60.509270776063204,-0.73,-2.14,30.6
60.513733472675085,-0.74,-2.13,30.6
60.5181747302413,-0.73,-2.14,30.6
60.52266292646527,-0.74,-2.13,30.59
60.52711672708392,-0.73,-2.13,30.59
60.53155503422022,-0.74,-2.13,30.59
60.536027751863,-0.74,-2.13,30.6
60.54044358059764,-0.74,-2.13,30.6
60.544959627091885,-0.74,-2.13,30.59
60.54941876232624,-0.74,-2.14,30.59
60.55390162393451,-0.74,-2.13,30.59
60.558342073112726,-0.73,-2.13,30.59
60.5627869553864,-0.74,-2.13,30.59
60.567268293350935,-0.74,-2.13,30.59
60.57167833670974,-0.74,-2.13,30.59
60.576205022633076,-0.74,-2.13,30.59
60.580589566379786,-0.74,-2.14,30.59
60.5851174518466,-0.74,-2.13,30.59
60.58960035070777,-0.74,-2.13,30.59
60.59390788525343,-0.73,-2.13,30.6
60.598517671227455,-0.74,-2.13,30.59
60.60305434837937,-0.73,-2.13,30.59
60.607444781810045,-0.74,-2.13,30.59
60.61190831288695,-0.73,-2.13,30.6
60.61629521101713,-0.73,-2.14,30.59
60.620835319161415,-0.74,-2.13,30.6
60.62525747716427,-0.74,-2.14,30.6
60.62970892712474,-0.74,-2.14,30.6
60.63410825654864,-0.74,-2.13,30.59
60.63869797438383,-0.74,-2.13,30.6
60.643141966313124,-0.74,-2.13,30.59
60.647616520524025,-0.74,-2.14,30.59
60.65202870219946,-0.73,-2.13,30.6
60.656498447060585,-0.73,-2.13,30.59
60.66098430007696,-0.74,-2.13,30.6
60.66543711349368,-0.74,-2.14,30.59
60.669897366315126,-0.74,-2.14,30.6
60.67433501780033,-0.74,-2.14,30.6
60.67870208248496,-0.74,-2.14,30.6
60.683321453630924,-0.74,-2.14,30.6
60.687765534967184,-0.74,-2.14,30.6
60.692236352711916,-0.74,-2.14,30.6
60.69670455157757,-0.74,-2.14,30.6
60.70116538926959,-0.73,-2.14,30.6
60.70564002543688,-0.73,-2.14,30.6
60.710025522857904,-0.73,-2.14,30.6
60.714512169361115,-0.73,-2.14,30.6
60.7190012447536,-0.73,-2.14,30.6
60.72343819215894,-0.74,-2.13,30.6
60.72794375196099,-0.74,-2.13,30.6
60.732416454702616,-0.73,-2.14,30.6
60.73687233030796,-0.73,-2.14,30.6
60.74129941314459,-0.73,-2.14,30.6
60.74580103158951,-0.74,-2.14,30.6
60.750167559832335,-0.73,-2.14,30.6
60.754701655358076,-0.74,-2.14,30.6
60.759172800928354,-0.74,-2.14,30.6
60.76364167034626,-0.74,-2.14,30.6
60.76812330260873,-0.73,-2.14,30.6
60.772564332932234,-0.73,-2.14,30.6
60.77703893184662,-0.73,-2.14,30.6
60.781457491219044,-0.74,-2.14,30.6
60.785940278321505,-0.74,-2.13,30.6
60.79039280861616,-0.73,-2.14,30.6
60.794874615967274,-0.73,-2.14,30.6
60.79936395585537,-0.73,-2.13,30.6
60.80382256582379,-0.73,-2.14,30.6
60.80827322974801,-0.74,-2.14,30.6
60.8127491697669,-0.73,-2.13,30.6
60.81719112023711,-0.73,-2.13,30.6
60.82163577899337,-0.73,-2.13,30.6
60.82610748335719,-0.73,-2.13,30.6
60.830520775169134,-0.74,-2.13,30.6
60.835057344287634,-0.73,-2.13,30.6
60.839443784207106,-0.73,-2.13,30.6
60.843938998878,-0.73,-2.13,30.6
60.848434533923864,-0.74,-2.13,30.6
60.85292012989521,-0.73,-2.13,30.6
60.857390366494656,-0.74,-2.13,30.6
60.86181277781725,-0.73,-2.13,30.6
60.86626535281539,-0.73,-2.13,30.6
60.87073186412454,-0.74,-2.13,30.6
60.87518138065934,-0.74,-2.13,30.6
60.87959595024586,-0.74,-2.13,30.6
60.88415748625994,-0.74,-2.13,30.6
60.88860209286213,-0.73,-2.13,30.59
60.89302633330226,-0.74,-2.13,30.6
60.897547613829374,-0.74,-2.13,30.6
60.901989471167326,-0.74,-2.13,30.6
60.906468998640776,-0.74,-2.13,30.6
60.910884127020836,-0.73,-2.13,30.6
60.91532261297107,-0.73,-2.13,30.6
60.91985226422548,-0.73,-2.13,30.6
60.924296107143164,-0.74,-2.13,30.6
60.92877160012722,-0.74,-2.13,30.6
60.93318335711956,-0.73,-2.13,30.6
60.93767236173153,-0.73,-2.13,30.6
60.94216712191701,-0.73,-2.13,30.6
60.94661421701312,-0.74,-2.13,30.6
60.95110411569476,-0.74,-2.13,30.6
60.955558855086565,-0.74,-2.13,30.59
60.960011314600706,-0.73,-2.13,30.6
60.96446929499507,-0.73,-2.13,30.6
60.968907825648785,-0.74,-2.13,30.6
60.97332267090678,-0.74,-2.13,30.6
60.977789022028446,-0.74,-2.13,30.6
60.982210617512465,-0.74,-2.13,30.6
60.98679270967841,-0.74,-2.13,30.6
60.99126499891281,-0.74,-2.13,30.6
60.99568223208189,-0.74,-2.13,30.59
61.00016865879297,-0.74,-2.13,30.6
61.00466115400195,-0.73,-2.13,30.6
61.009071219712496,-0.74,-2.13,30.6
61.013557117432356,-0.74,-2.13,30.6
61.018021941185,-0.74,-2.13,30.6
61.02238816767931,-0.74,-2.13,30.6
61.026932302862406,-0.73,-2.13,30.6
61.03141652420163,-0.73,-2.13,30.6
61.03586362302303,-0.74,-2.13,30.6
61.04034211859107,-0.74,-2.13,30.6
61.04475175216794,-0.73,-2.13,30.6
61.049217112362385,-0.74,-2.14,30.6
61.05374986305833,-0.73,-2.13,30.6
61.05816615000367,-0.73,-2.13,30.6
61.06252409890294,-0.74,-2.14,30.6
61.067053847014904,-0.74,-2.13,30.6
61.07159532606602,-0.73,-2.14,30.6
61.07604208216071,-0.74,-2.14,30.59
61.08051689714193,-0.73,-2.13,30.6
61.08495892211795,-0.73,-2.14,30.6
61.089454520493746,-0.73,-2.14,30.6
61.09388415887952,-0.73,-2.14,30.6
61.09837996959686,-0.73,-2.14,30.6
61.10279572382569,-0.74,-2.14,30.6
61.10725762695074,-0.74,-2.14,30.6
61.1117342710495,-0.74,-2.14,30.6
61.11622442677617,-0.73,-2.14,30.6
61.120658941566944,-0.74,-2.13,30.6
61.12510871887207,-0.73,-2.14,30.6
61.12956039234996,-0.74,-2.14,30.6
61.13404621556401,-0.74,-2.14,30.6
61.13853181153536,-0.74,-2.14,30.6
61.14292572066188,-0.73,-2.14,30.6
61.14744644612074,-0.73,-2.14,30.6
61.15192385017872,-0.73,-2.14,30.6
61.15639925003052,-0.73,-2.14,30.6
61.16084360703826,-0.73,-2.14,30.6
61.165288262069225,-0.74,-2.14,30.6
61.16978655382991,-0.74,-2.14,30.6
61.17421152070165,-0.73,-2.14,30.6
61.178679671138525,-0.73,-2.14,30.6
61.183145403862,-0.73,-2.14,30.6
61.18758639320731,-0.73,-2.14,30.6
61.19198664650321,-0.73,-2.14,30.6
61.19647542014718,-0.74,-2.14,30.6
61.2010196223855,-0.73,-2.14,30.6
61.205459613353014,-0.73,-2.14,30.6
61.20990622788668,-0.73,-2.14,30.6
61.21441202610731,-0.73,-2.14,30.6
61.218876242637634,-0.74,-2.14,30.6
61.2232389934361,-0.74,-2.14,30.6
61.22775750607252,-0.74,-2.14,30.6
61.232196133583784,-0.74,-2.14,30.6
61.23672080412507,-0.73,-2.14,30.6
61.24119593203068,-0.73,-2.14,30.6
61.24564500525594,-0.73,-2.14,30.6
61.25011666119099,-0.73,-2.14,30.6
61.25456817820668,-0.74,-2.14,30.6
61.25904019549489,-0.74,-2.14,30.6
61.263452634215355,-0.73,-2.14,30.6
61.26794500276446,-0.73,-2.14,30.6
61.27241873368621,-0.73,-2.14,30.6
61.276897836476564,-0.74,-2.14,30.6
61.28133403882384,-0.74,-2.14,30.6
61.285817213356495,-0.73,-2.14,30.6
61.290282156318426,-0.74,-2.14,30.6
61.29474240541458,-0.74,-2.14,30.6
61.299205500632524,-0.73,-2.14,30.6
61.30362759903073,-0.74,-2.14,30.6
61.30810056626797,-0.73,-2.14,30.6
61.31260107085109,-0.73,-2.14,30.6
61.31706569343805,-0.74,-2.14,30.6
61.32151693850756,-0.73,-2.14,30.6
61.32598899677396,-0.73,-2.14,30.6
61.33044529333711,-0.74,-2.14,30.6
61.334891490638256,-0.73,-2.14,30.6
61.33937309682369,-0.74,-2.14,30.6
61.343777511268854,-0.74,-2.14,30.6
61.34825221821666,-0.73,-2.14,30.6
61.35274847969413,-0.73,-2.14,30.6
61.357165053486824,-0.74,-2.14,30.6
61.361673433333635,-0.73,-2.14,30.6
61.366118647158146,-0.74,-2.14,30.6
61.37060824409127,-0.73,-2.14,30.6
61.37507628649473,-0.73,-2.14,30.6
61.379514157772064,-0.73,-2.14,30.6
61.383984964340925,-0.74,-2.14,30.6
61.38845216855407,-0.74,-2.14,30.6
61.392914932221174,-0.74,-2.14,30.6
61.39736033603549,-0.74,-2.14,30.6
61.40176906809211,-0.74,-2.14,30.6
61.40623626485467,-0.74,-2.14,30.6
61.410696268081665,-0.74,-2.14,30.6
61.41524926200509,-0.74,-2.14,30.6
61.41971189528704,-0.74,-2.14,30.6
61.42416103556752,-0.73,-2.14,30.6
61.42858004942536,-0.74,-2.14,30.6
61.433079693466425,-0.74,-2.14,30.6
61.437554620206356,-0.74,-2.14,30.6
61.44201225787401,-0.73,-2.14,30.6
61.44645766913891,-0.73,-2.13,30.6
61.45087028294802,-0.73,-2.13,30.6
61.45537493377924,-0.73,-2.14,30.6
61.45986984297633,-0.73,-2.14,30.6
61.46432464569807,-0.74,-2.13,30.6
61.46879832819104,-0.73,-2.13,30.6
61.47322866693139,-0.74,-2.14,30.6
61.47764851897955,-0.73,-2.13,30.6
61.482186533510685,-0.73,-2.14,30.6
61.48660533875227,-0.74,-2.14,30.6
61.491021517664194,-0.73,-2.13,30.6
61.49547357112169,-0.73,-2.14,30.6
61.49995807558298,-0.74,-2.14,30.6
61.50449576601386,-0.73,-2.13,30.6
61.50896693766117,-0.74,-2.13,30.6
61.51337995007634,-0.74,-2.14,30.6
61.517859760671854,-0.73,-2.13,30.6
61.522357657551765,-0.74,-2.13,30.6
61.52681626006961,-0.73,-2.13,30.6
61.53126750141382,-0.74,-2.13,30.6
61.535632990300655,-0.73,-2.13,30.6
61.54018571600318,-0.73,-2.13,30.6
61.54467121511698,-0.74,-2.13,30.6
61.54911724105477,-0.74,-2.13,30.6
61.553563594818115,-0.74,-2.13,30.6
61.55800598114729,-0.73,-2.13,30.6
61.562482949346304,-0.74,-2.13,30.6
61.56698917597532,-0.74,-2.13,30.59
61.57134085893631,-0.74,-2.14,30.59
61.57580126449466,-0.73,-2.13,30.59
61.58036357164383,-0.73,-2.13,30.6
61.584696266800165,-0.73,-2.14,30.6
61.5892915353179,-0.73,-2.14,30.6
61.593740835785866,-0.74,-2.13,30.6
61.598181653767824,-0.73,-2.13,30.6
61.60268409922719,-0.74,-2.13,30.6
61.607116002589464,-0.74,-2.13,30.6
61.61160456761718,-0.74,-2.13,30.6
61.61599687486887,-0.73,-2.13,30.6
61.620522908866405,-0.74,-2.13,30.6
61.62499863654375,-0.73,-2.13,30.59
61.629452146589756,-0.73,-2.13,30.6
61.63392101600766,-0.73,-2.13,30.6
61.63836016878486,-0.74,-2.13,30.6
61.642836946994066,-0.74,-2.13,30.6
61.64728178456426,-0.73,-2.13,30.6
61.65173973888159,-0.74,-2.13,30.6
61.65617414936423,-0.74,-2.13,30.6
61.66067500784993,-0.73,-2.13,30.6
61.665114633738995,-0.73,-2.13,30.6
61.669529013335705,-0.73,-2.13,30.59
61.67409474030137,-0.74,-2.13,30.6
61.678536619991064,-0.74,-2.13,30.6
61.682992439717054,-0.74,-2.13,30.6
61.6874337606132,-0.73,-2.13,30.6
61.69187878072262,-0.73,-2.13,30.6
61.69639761000872,-0.73,-2.13,30.6
61.70081752166152,-0.73,-2.13,30.6
61.70525277778506,-0.73,-2.13,30.6
61.709790516644716,-0.73,-2.13,30.6
61.714258905500174,-0.73,-2.13,30.6
61.71871542930603,-0.74,-2.13,30.6
61.72316140681505,-0.73,-2.13,30.6
61.727612268179655,-0.73,-2.13,30.6
61.732076082378626,-0.73,-2.13,30.59
61.73656939715147,-0.73,-2.13,30.6
61.741027161478996,-0.73,-2.13,30.6
61.74547482654452,-0.73,-2.13,30.6
61.749954894185066,-0.74,-2.14,30.6
61.754406835883856,-0.73,-2.13,30.6
61.758851163089275,-0.73,-2.13,30.6
61.76333982124925,-0.73,-2.13,30.59
61.76781640574336,-0.74,-2.13,30.6
61.77223375067115,-0.73,-2.13,30.6
61.77672839164734,-0.73,-2.14,30.6
61.78112095966935,-0.74,-2.13,30.6
61.78600877523422,-0.74,-2.14,30.6
61.79009608924389,-0.74,-2.14,30.6
61.79453896358609,-0.73,-2.14,30.6
61.79898113757372,-0.73,-2.14,30.6
61.80342445522547,-0.73,-2.14,30.6
61.8079708814621,-0.73,-2.14,30.6
61.81242475658655,-0.74,-2.13,30.6
61.81686156615615,-0.74,-2.14,30.6
61.82131790742278,-0.74,-2.14,30.6
61.82578409835696,-0.73,-2.14,30.6
61.830281253904104,-0.74,-2.14,30.6
61.83467348664999,-0.73,-2.13,30.6
61.83919717371464,-0.74,-2.13,30.6
61.84357292950153,-0.74,-2.13,30.6
61.84814549982548,-0.73,-2.13,30.6
61.852604150772095,-0.74,-2.13,30.6
61.85705676302314,-0.73,-2.13,30.6
61.86148023605347,-0.73,-2.13,30.6
61.865948256105185,-0.74,-2.13,30.6
61.87043609842658,-0.74,-2.13,30.6
61.87487755715847,-0.73,-2.13,30.6
61.87927609309554,-0.74,-2.13,30.6
61.883785128593445,-0.74,-2.13,30.6
61.888235695660114,-0.74,-2.13,30.6
61.892641227692366,-0.74,-2.13,30.6
61.89720858633518,-0.73,-2.13,30.6
61.901695031672716,-0.74,-2.13,30.6
61.90615690127015,-0.73,-2.14,30.6
61.91060475632548,-0.73,-2.14,30.6
61.915048725903034,-0.73,-2.14,30.6
61.91950934380293,-0.73,-2.14,30.6
61.923923559486866,-0.74,-2.14,30.6
61.928406819701195,-0.74,-2.14,30.6
61.932943765074015,-0.74,-2.14,30.6
61.93741101399064,-0.74,-2.14,30.6
61.94183064252138,-0.73,-2.13,30.6
61.94627811014652,-0.74,-2.13,30.6
61.95078541710973,-0.74,-2.13,30.6
61.95523064956069,-0.73,-2.13,30.6
61.959696516394615,-0.74,-2.14,30.6
61.964171174913645,-0.73,-2.13,30.6
61.968568935990334,-0.74,-2.13,30.6
61.97303094342351,-0.73,-2.13,30.6
61.977565702050924,-0.74,-2.13,30.6
61.98201199248433,-0.74,-2.13,30.6
61.986454002559185,-0.73,-2.13,30.6
61.99090289697051,-0.74,-2.13,30.6
61.99540304392576,-0.73,-2.13,30.6
61.99987481534481,-0.74,-2.13,30.6
62.004270885139704,-0.74,-2.13,30.6
62.00880988314748,-0.74,-2.13,30.6
62.01320940256119,-0.74,-2.13,30.6
62.017720095813274,-0.74,-2.13,30.6
62.0221952944994,-0.74,-2.13,30.6
62.02665100991726,-0.73,-2.13,30.6
62.03111434355378,-0.73,-2.13,30.6
62.0355758741498,-0.74,-2.13,30.6
62.040034141391516,-0.74,-2.13,30.6
62.04441238194704,-0.73,-2.14,30.6
62.04889913648367,-0.73,-2.14,30.6
62.05342700332403,-0.74,-2.14,30.6
62.05787283927202,-0.74,-2.13,30.6
62.06233520060778,-0.74,-2.13,30.6
62.066810734570026,-0.73,-2.14,30.6
62.07126146927476,-0.74,-2.14,30.6
62.075738828629255,-0.74,-2.14,30.6
62.08020531386137,-0.74,-2.14,30.6
62.08463178947568,-0.74,-2.14,30.6
62.089127250015736,-0.73,-2.14,30.6
62.09348276630044,-0.74,-2.14,30.6
62.098057989031076,-0.73,-2.14,30.6
62.102450501173735,-0.73,-2.14,30.6
62.106992080807686,-0.73,-2.13,30.6
62.11145333200693,-0.74,-2.14,30.6
62.11590801179409,-0.73,-2.14,30.6
62.1203260011971,-0.74,-2.13,30.6
62.124768648296595,-0.73,-2.13,30.6
62.12929491326213,-0.74,-2.13,30.6
62.13410718366504,-0.74,-2.13,30.6
62.13823537155986,-0.74,-2.13,30.6
62.14263362810016,-0.73,-2.13,30.6
62.14705562591553,-0.74,-2.13,30.6
62.151617765426636,-0.73,-2.13,30.6
62.156082559376955,-0.74,-2.13,30.6
62.1605350933969,-0.73,-2.13,30.6
62.16497626528144,-0.74,-2.13,30.6
62.1694201156497,-0.73,-2.13,30.6
62.17392209917307,-0.74,-2.14,30.6
62.178364273160696,-0.74,-2.13,30.6
62.18276612088084,-0.74,-2.13,30.6
62.18730230256915,-0.74,-2.13,30.6
62.19177882373333,-0.74,-2.13,30.6
62.19624109566212,-0.73,-2.13,30.6
62.20068661868572,-0.74,-2.13,30.6
62.20515762642026,-0.74,-2.13,30.6
62.209628377109766,-0.74,-2.13,30.6
62.21409920975566,-0.74,-2.13,30.6
62.21855090558529,-0.73,-2.13,30.6
62.2230271846056,-0.73,-2.13,30.6
62.22738848999143,-0.73,-2.13,30.6
62.231835059821606,-0.73,-2.13,30.6
62.236414678394794,-0.74,-2.13,30.6
62.24086241051555,-0.73,-2.13,30.6
62.24533263593912,-0.74,-2.13,30.6
62.24979479238391,-0.73,-2.13,30.6
62.25426455959678,-0.74,-2.13,30.6
62.25904503837228,-0.74,-2.13,30.6
62.2631742618978,-0.73,-2.13,30.6
62.26757971197367,-0.73,-2.13,30.6
62.27210320159793,-0.74,-2.13,30.6
62.276501417160034,-0.74,-2.13,30.6
62.28103722259402,-0.74,-2.13,30.6
62.28550745174289,-0.74,-2.13,30.6
62.28996251523495,-0.73,-2.13,30.6
62.29437232390046,-0.74,-2.13,30.6
62.298876371234655,-0.73,-2.13,30.6
62.303260304033756,-0.73,-2.13,30.6
62.30780677869916,-0.74,-2.13,30.6
62.31219681352377,-0.73,-2.13,30.6
62.3166424408555,-0.73,-2.13,30.6
62.32119095697999,-0.73,-2.13,30.6
62.325661677867174,-0.74,-2.13,30.6
62.33010648190975,-0.73,-2.13,30.6
62.334575448185205,-0.74,-2.13,30.6
62.33906124904752,-0.73,-2.13,30.6
62.34344283491373,-0.74,-2.13,30.6
62.347982339560986,-0.73,-2.13,30.6
62.35239627584815,-0.73,-2.13,30.6
62.35677556321025,-0.74,-2.13,30.6
62.361289106309414,-0.74,-2.13,30.6
62.36583913117647,-0.73,-2.13,30.6
62.37028572335839,-0.73,-2.13,30.6
62.37475712224841,-0.74,-2.13,30.6
62.37917656078935,-0.74,-2.13,30.6
62.38368624448776,-0.73,-2.13,30.6
62.38811890780926,-0.74,-2.13,30.6
62.392589412629604,-0.74,-2.13,30.6
62.39707909151912,-0.73,-2.13,30.6
62.401529382914305,-0.73,-2.13,30.6
62.40597064048052,-0.73,-2.13,30.6
62.4104722738266,-0.73,-2.13,30.6
62.4149081222713,-0.74,-2.13,30.6
62.41935620084405,-0.74,-2.13,30.6
62.423847772181034,-0.73,-2.13,30.6
62.42824597656727,-0.73,-2.13,30.6
62.43275574222207,-0.73,-2.13,30.6
62.43717793002725,-0.74,-2.13,30.6
62.441611900925636,-0.74,-2.13,30.6
62.44612307474017,-0.73,-2.13,30.6
62.45053546130657,-0.74,-2.13,30.6
62.455091558396816,-0.74,-2.13,30.6
62.45953492447734,-0.73,-2.13,30.6
62.463981091976166,-0.74,-2.13,30.6
62.46846157684922,-0.73,-2.13,30.6
62.47294566780329,-0.74,-2.13,30.6
62.477312691509724,-0.74,-2.13,30.6
62.48184622451663,-0.73,-2.13,30.6
62.48629204928875,-0.73,-2.13,30.6
62.49064593017101,-0.73,-2.12,30.6
62.49517443403602,-0.73,-2.12,30.6
62.49971378222108,-0.74,-2.13,30.6
62.50415714457631,-0.73,-2.12,30.6
62.50864294543862,-0.74,-2.12,30.6
62.51308036968112,-0.74,-2.12,30.6
62.51754868775606,-0.74,-2.12,30.6
62.52201667800546,-0.73,-2.12,30.6
62.52645922079682,-0.74,-2.13,30.6
62.53093611076474,-0.73,-2.12,30.6
62.5353894084692,-0.73,-2.12,30.6
62.53982486203313,-0.74,-2.12,30.6
62.54434406757355,-0.73,-2.12,30.6
62.54881190136075,-0.73,-2.12,30.6
62.55324471741915,-0.74,-2.12,30.6
62.55767247453332,-0.73,-2.12,30.6
62.562194280326366,-0.74,-2.12,30.6
62.566655073314905,-0.74,-2.12,30.6
62.57108150050044,-0.74,-2.12,30.6
62.5754833817482,-0.74,-2.13,30.6
62.57998480647802,-0.73,-2.12,30.6
62.584512706846,-0.73,-2.13,30.6
62.5889608412981,-0.74,-2.13,30.6
62.59340452030301,-0.74,-2.12,30.6
62.59784904867411,-0.74,-2.13,30.6
62.60234710946679,-0.73,-2.13,30.6
62.60679631307721,-0.74,-2.13,30.6
62.61126723513007,-0.73,-2.13,30.6
62.61566496267915,-0.73,-2.13,30.6
62.62010819464922,-0.74,-2.13,30.6
62.62466008588672,-0.74,-2.13,30.6
62.629139456897974,-0.74,-2.13,30.6
62.633583035320044,-0.73,-2.13,30.6
62.63805631548166,-0.74,-2.13,30.6
62.642506558448076,-0.73,-2.13,30.6
62.646989937871695,-0.73,-2.13,30.6
62.651371859014034,-0.74,-2.13,30.6
62.65583424642682,-0.73,-2.13,30.6
62.66038452461362,-0.74,-2.13,30.6
62.664773888885975,-0.73,-2.13,30.6
62.669222835451365,-0.73,-2.13,30.6
62.67377386242151,-0.74,-2.13,30.6
62.67823777347803,-0.74,-2.13,30.6
62.682684637606144,-0.74,-2.13,30.6
62.68711379542947,-0.73,-2.13,30.6
62.69153971597552,-0.74,-2.13,30.6
62.696020532399416,-0.73,-2.13,30.6
62.70053917169571,-0.73,-2.13,30.6
62.704898066818714,-0.74,-2.13,30.6
62.70946480333805,-0.74,-2.13,30.6
62.71393747627735,-0.74,-2.13,30.6
62.71840067952871,-0.73,-2.13,30.6
62.722854521125555,-0.74,-2.13,30.6
62.72727332636714,-0.74,-2.13,30.6
62.73175094649196,-0.73,-2.13,30.6
62.7362454123795,-0.73,-2.13,30.6
62.740671914070845,-0.74,-2.13,30.6
62.745089158415794,-0.73,-2.13,30.6
62.74961303919554,-0.73,-2.13,30.6
62.75406617671251,-0.73,-2.13,30.6
62.75856399163604,-0.74,-2.13,30.6
62.763005539774895,-0.74,-2.13,30.6
62.76748389750719,-0.73,-2.13,30.6
62.77193787321448,-0.73,-2.13,30.6
62.776336185634136,-0.73,-2.13,30.6
62.780876986682415,-0.73,-2.13,30.6
62.78531104698777,-0.73,-2.13,30.6
62.78978266194463,-0.73,-2.14,30.6
62.79422287642956,-0.73,-2.13,30.6
62.7987259440124,-0.74,-2.14,30.6
62.80318792164326,-0.74,-2.13,30.6
62.8076443746686,-0.74,-2.14,30.6
62.81207310408354,-0.74,-2.13,30.6
62.81655539572239,-0.73,-2.14,30.6
62.82096554711461,-0.73,-2.13,30.6
62.82547318562865,-0.73,-2.14,30.6
62.829968091100454,-0.73,-2.14,30.6
62.83440675213933,-0.73,-2.14,30.6
62.83888550847769,-0.74,-2.13,30.6
62.84334855899215,-0.73,-2.13,30.6
62.84781041368842,-0.74,-2.13,30.6
62.85228454321623,-0.74,-2.14,30.6
62.85673804208636,-0.73,-2.14,30.6
62.86116814240813,-0.73,-2.13,30.6
62.865672774612904,-0.74,-2.14,30.6
62.87013064697385,-0.73,-2.14,30.6
62.87456878647208,-0.73,-2.13,30.6
62.879001155495644,-0.74,-2.14,30.6
62.88352084159851,-0.74,-2.13,30.6
62.88798436895013,-0.73,-2.14,30.6
62.89244171604514,-0.73,-2.14,30.6
62.89690924808383,-0.74,-2.13,30.6
62.90134608000517,-0.73,-2.13,30.6
62.90576545149088,-0.73,-2.13,30.6
62.910283867269754,-0.74,-2.13,30.6
62.91473435238004,-0.73,-2.13,30.6
62.91913690790534,-0.74,-2.13,30.6
62.923540115356445,-0.73,-2.13,30.6
62.92813216149807,-0.74,-2.13,30.6
62.93260809406638,-0.74,-2.14,30.6
62.937051732093096,-0.74,-2.13,30.6
62.94153631106019,-0.73,-2.13,30.6
62.94594065845013,-0.73,-2.13,30.6
62.950447488576174,-0.74,-2.13,30.6
62.95487438887358,-0.74,-2.13,30.6
62.9593574218452,-0.73,-2.13,30.6
62.963808212429285,-0.74,-2.13,30.6
62.968234837055206,-0.74,-2.13,30.6
62.97275472804904,-0.73,-2.13,30.6
62.97723399102688,-0.73,-2.13,30.6
62.981705624610186,-0.74,-2.13,30.6
62.98616440966725,-0.74,-2.13,30.6
62.990605376660824,-0.74,-2.13,30.6
62.995082359761,-0.73,-2.13,30.6
62.99946378171444,-0.73,-2.13,30.6
63.003903187811375,-0.74,-2.13,30.6
63.00838075578213,-0.73,-2.13,30.6
63.01286693289876,-0.73,-2.13,30.6
63.01736732199788,-0.73,-2.13,30.6
63.021853409707546,-0.74,-2.13,30.6
63.02632876485586,-0.74,-2.13,30.6
63.03077092394233,-0.74,-2.13,30.6
63.03524590656161,-0.73,-2.13,30.6
63.039685904979706,-0.73,-2.13,30.6
63.04408149421215,-0.73,-2.13,30.6
63.04857914149761,-0.74,-2.13,30.6
63.05310731753707,-0.73,-2.13,30.6
63.057447988539934,-0.73,-2.13,30.6
63.06203633546829,-0.73,-2.13,30.6
63.0664774812758,-0.74,-2.13,30.6
63.07095251977444,-0.74,-2.13,30.6
63.07540228590369,-0.74,-2.13,30.6
63.07988100871444,-0.73,-2.13,30.6
63.084340151399374,-0.73,-2.13,30.6
63.088723096996546,-0.73,-2.13,30.6
63.09325001761317,-0.74,-2.13,30.6
63.097664430737495,-0.73,-2.13,30.6
63.102085404098034,-0.74,-2.13,30.6
63.106665316969156,-0.73,-2.13,30.6
63.11110623925924,-0.74,-2.13,30.6
63.115547358989716,-0.73,-2.13,30.6
63.119988452643156,-0.73,-2.13,30.6
63.12446339055896,-0.73,-2.13,30.6
63.12897300347686,-0.74,-2.13,30.6
63.13337257876992,-0.74,-2.13,30.6
63.13780718669295,-0.73,-2.13,30.6
63.14235929399729,-0.73,-2.13,30.6
63.1468341127038,-0.74,-2.13,30.6
63.151286378502846,-0.73,-2.13,30.6
63.15574736148119,-0.74,-2.13,30.6
63.16019660234451,-0.73,-2.13,30.6
63.164640717208385,-0.73,-2.13,30.6
63.169085308909416,-0.73,-2.13,30.6
63.173503674566746,-0.73,-2.13,30.6
63.17806662619114,-0.74,-2.13,30.6
63.18247243016958,-0.73,-2.13,30.6
63.18691471591592,-0.74,-2.13,30.6
63.19145480543375,-0.74,-2.13,30.6
63.19590562954545,-0.74,-2.13,30.6
63.200349155813456,-0.74,-2.13,30.6
63.20479679107666,-0.74,-2.13,30.6
63.20930293574929,-0.74,-2.13,30.6
63.213679399341345,-0.73,-2.13,30.6
63.21820828691125,-0.73,-2.13,30.6
63.22268746048212,-0.73,-2.13,30.6
63.2270201779902,-0.74,-2.13,30.6
63.23162346333265,-0.74,-2.13,30.6
63.236085288226604,-0.74,-2.13,30.6
63.24052646011114,-0.73,-2.13,30.6
63.24498926103115,-0.74,-2.13,30.6
63.24945903196931,-0.74,-2.13,30.6
63.25386178120971,-0.74,-2.12,30.6
63.25834636762738,-0.74,-2.12,30.6
63.26284343004227,-0.74,-2.12,30.6
63.26732077822089,-0.73,-2.12,30.6
63.27169156447053,-0.73,-2.12,30.6
63.27623699977994,-0.73,-2.12,30.6
63.28070382028818,-0.73,-2.12,30.6
63.28516859188676,-0.73,-2.12,30.6
63.28963519632816,-0.74,-2.12,30.6
63.29405493289232,-0.74,-2.12,30.6
63.2986602820456,-0.73,-2.12,30.6
63.30302158370614,-0.73,-2.12,30.6
63.307442631572485,-0.73,-2.12,30.6
63.31194994598627,-0.74,-2.12,30.6
63.3164054043591,-0.73,-2.12,30.6
63.32085922732949,-0.73,-2.12,30.6
63.32532459497452,-0.74,-2.12,30.6
63.32979142293334,-0.73,-2.12,30.6
63.33421826735139,-0.74,-2.12,30.6
63.33871812745929,-0.73,-2.12,30.6
63.343107886612415,-0.73,-2.12,30.6
63.34762746095657,-0.73,-2.12,30.6
63.35206849500537,-0.73,-2.12,30.6
63.35656189545989,-0.74,-2.12,30.6
63.36094667389989,-0.73,-2.12,30.6
63.36550730466843,-0.74,-2.12,30.6
63.369965113699436,-0.74,-2.12,30.6
63.37439193204045,-0.73,-2.12,30.6
63.37886077910662,-0.73,-2.12,30.6
63.383334055542946,-0.73,-2.12,30.6
63.38781549781561,-0.74,-2.12,30.6
63.39222306385636,-0.74,-2.12,30.6
63.396738935261965,-0.73,-2.12,30.6
63.40107970312238,-0.73,-2.12,30.6
63.40567000955343,-0.73,-2.13,30.6
63.41013165190816,-0.74,-2.12,30.6
63.414578434079885,-0.74,-2.12,30.6
63.41919318214059,-0.74,-2.12,30.6
63.423515275120735,-0.74,-2.12,30.6
63.42793919891119,-0.73,-2.12,30.6
63.43243904784322,-0.73,-2.12,30.6
63.436885725706816,-0.73,-2.12,30.6
63.441322315484285,-0.74,-2.12,30.6
63.44578229635954,-0.73,-2.12,30.6
63.45023460686207,-0.74,-2.12,30.6
63.45474985986948,-0.73,-2.12,30.6
63.45920034125447,-0.73,-2.12,30.6
63.463643360883,-0.73,-2.12,30.6
63.468084529042244,-0.73,-2.12,30.6
63.47258323058486,-0.74,-2.12,30.6
63.47707150131464,-0.73,-2.12,30.6
63.48146943747997,-0.74,-2.12,30.6
63.485903557389975,-0.73,-2.12,30.6
63.4904651902616,-0.74,-2.12,30.6
63.49483374878764,-0.74,-2.12,30.6
63.499377746134996,-0.73,-2.12,30.6
63.50381753966212,-0.74,-2.12,30.6
63.508267905563116,-0.73,-2.12,30.6
63.51270607858896,-0.74,-2.12,30.6
63.517221819609404,-0.74,-2.12,30.6
63.52167606726289,-0.74,-2.12,30.6
63.526075322180986,-0.74,-2.12,30.6
63.53060692921281,-0.74,-2.12,30.6
63.53496829420328,-0.73,-2.12,30.6
63.53948974609375,-0.73,-2.12,30.6
63.54399795457721,-0.73,-2.12,30.6
63.54847013950348,-0.74,-2.12,30.6
63.55289205163717,-0.74,-2.12,30.6
63.557371094822884,-0.74,-2.12,30.6
63.56183639541268,-0.73,-2.12,30.6
63.566221337765455,-0.73,-2.12,30.6
63.57078454643488,-0.73,-2.13,30.6
63.57518878951669,-0.73,-2.13,30.6
63.579642336815596,-0.74,-2.13,30.6
63.584179144352674,-0.74,-2.12,30.6
63.588623866438866,-0.73,-2.13,30.6
63.59309493377805,-0.73,-2.13,30.6
63.597562693059444,-0.73,-2.12,30.6
63.602010037750006,-0.74,-2.12,30.6
63.60646141320467,-0.74,-2.13,30.6
63.610902443528175,-0.74,-2.13,30.6
63.615419805049896,-0.73,-2.13,30.6
63.619736544787884,-0.74,-2.13,30.6
63.62434611096978,-0.73,-2.13,30.6
63.6288018040359,-0.74,-2.13,30.6
63.63324919715524,-0.74,-2.13,30.6
63.63773051649332,-0.74,-2.13,30.6
63.642186131328344,-0.73,-2.13,30.6
63.646650314331055,-0.74,-2.13,30.6
63.651120621711016,-0.74,-2.13,30.6
63.65550600737333,-0.73,-2.13,30.6
63.66002328321338,-0.74,-2.13,30.6
63.664370872080326,-0.74,-2.13,30.6
63.668886575847864,-0.74,-2.13,30.6
63.67342684417963,-0.73,-2.13,30.6
63.677895698696375,-0.73,-2.13,30.6
63.68235494196415,-0.74,-2.13,30.6
63.686764907091856,-0.74,-2.13,30.6
63.691273882985115,-0.74,-2.13,30.6
63.695731010288,-0.73,-2.13,30.6
63.70017680153251,-0.74,-2.13,30.6
63.704561565071344,-0.73,-2.13,30.6
63.70910853147507,-0.74,-2.13,30.6
63.713598284870386,-0.74,-2.13,30.6
63.718050848692656,-0.74,-2.13,30.6
63.722525879740715,-0.74,-2.13,30.6
63.72693748399615,-0.73,-2.13,30.6
63.73144192248583,-0.73,-2.13,30.6
63.73584637790918,-0.73,-2.13,30.6
63.740353260189295,-0.73,-2.13,30.6
63.74482532963157,-0.73,-2.13,30.6
63.749306723475456,-0.74,-2.13,30.6
63.753639563918114,-0.73,-2.13,30.6
63.758225090801716,-0.74,-2.13,30.6
63.76266652345657,-0.73,-2.13,30.6
63.76714163273573,-0.74,-2.13,30.6
63.77159250155091,-0.73,-2.13,30.6
63.776047971099615,-0.74,-2.13,30.6
63.78053354099393,-0.74,-2.13,30.6
63.784946106374264,-0.73,-2.13,30.6
63.78933847695589,-0.74,-2.13,30.6
63.793932132422924,-0.73,-2.13,30.6
63.798330307006836,-0.74,-2.13,30.6
63.8028675429523,-0.73,-2.13,30.6
63.807294487953186,-0.73,-2.13,30.6
63.81173934414983,-0.74,-2.13,30.6
63.81624539941549,-0.74,-2.13,30.6
63.8206277936697,-0.73,-2.13,30.6
63.825103256851435,-0.74,-2.13,30.6
63.82953247055411,-0.74,-2.13,30.6
63.83407759666443,-0.74,-2.13,30.6
63.838539998978376,-0.73,-2.13,30.6
63.84302392229438,-0.74,-2.13,30.6
63.847474198788404,-0.74,-2.13,30.6
63.851945258677006,-0.73,-2.13,30.6
63.856398578733206,-0.74,-2.13,30.6
63.8608085475862,-0.73,-2.13,30.6
63.86532736569643,-0.73,-2.13,30.6
63.86980003118515,-0.74,-2.13,30.6
63.87425085157156,-0.74,-2.13,30.6
63.87872304394841,-0.73,-2.13,30.6
63.883108258247375,-0.74,-2.13,30.6
63.88765164464712,-0.73,-2.13,30.6
63.89209310337901,-0.74,-2.13,30.6
63.89654791727662,-0.74,-2.13,30.6
63.9010227099061,-0.74,-2.13,30.6
63.905468218028545,-0.73,-2.13,30.6
63.90996604412794,-0.73,-2.13,30.6
63.9144058264792,-0.74,-2.13,30.6
63.91920383274555,-0.73,-2.13,30.6
63.92335255071521,-0.74,-2.13,30.6
63.92778900638223,-0.74,-2.13,30.6
63.93227607011795,-0.74,-2.13,30.6
63.936742059886456,-0.73,-2.13,30.6
63.94116015359759,-0.73,-2.13,30.6
63.94560515880585,-0.73,-2.13,30.6
63.95004881173372,-0.74,-2.13,30.6
63.954565428197384,-0.74,-2.13,30.6
63.959014527499676,-0.73,-2.13,30.6
63.96348229795694,-0.73,-2.13,30.6
63.967950109392405,-0.74,-2.13,30.6
63.972357880324125,-0.74,-2.13,30.6
63.976893935352564,-0.73,-2.13,30.6
63.98134517669678,-0.74,-2.13,30.6
63.9858053997159,-0.73,-2.13,30.6
63.99028505012393,-0.74,-2.13,30.6
63.994741812348366,-0.73,-2.13,30.6
63.99918946251273,-0.73,-2.13,30.6
64.00367517024279,-0.73,-2.13,30.6
64.00812054425478,-0.74,-2.13,30.6
64.01254515722394,-0.73,-2.13,30.6
64.01707162335515,-0.74,-2.13,30.6
64.02152005955577,-0.74,-2.13,30.6
64.02597007527947,-0.74,-2.13,30.6
64.03041336685419,-0.74,-2.13,30.6
64.03485459461808,-0.74,-2.13,30.6
64.03939255699515,-0.73,-2.13,30.6
64.0438009724021,-0.73,-2.13,30.6
64.048255328089,-0.73,-2.13,30.6
64.052713368088,-0.73,-2.13,30.6
64.0572063550353,-0.73,-2.13,30.6
64.06169965490699,-0.73,-2.13,30.6
64.0661651417613,-0.73,-2.13,30.6
64.07058967277408,-0.73,-2.13,30.6
64.07503447681665,-0.74,-2.13,30.6
64.07953125610948,-0.73,-2.13,30.6
64.08392085507512,-0.73,-2.13,30.6
64.08844018727541,-0.73,-2.13,30.6
64.09289390966296,-0.74,-2.13,30.6
64.09729927405715,-0.73,-2.13,30.6
64.10184695571661,-0.74,-2.13,30.6
64.10632200166583,-0.73,-2.13,30.6
64.1107621230185,-0.74,-2.13,30.6
64.11524993926287,-0.74,-2.13,30.6
64.1196867376566,-0.73,-2.13,30.6
64.12415565177798,-0.74,-2.13,30.6
64.1286248229444,-0.73,-2.13,30.6
64.13307621702552,-0.73,-2.13,30.6
64.13757265359163,-0.73,-2.13,30.6
64.14195788279176,-0.73,-2.13,30.6
64.14649790152907,-0.74,-2.13,30.6
64.15095730870962,-0.73,-2.13,30.6
64.15538526698947,-0.73,-2.13,30.6
64.15986621007323,-0.73,-2.13,30.6
64.1642789952457,-0.73,-2.13,30.6
64.1688025854528,-0.74,-2.13,30.6
64.1732307523489,-0.74,-2.13,30.6
64.17764191702008,-0.73,-2.13,30.6
64.1821999065578,-0.74,-2.13,30.6
64.18663541600108,-0.74,-2.13,30.6
64.19112219661474,-0.74,-2.13,30.6
64.19556782767177,-0.74,-2.13,30.6
64.20000914111733,-0.74,-2.13,30.6
64.20450447499752,-0.74,-2.13,30.6
64.20897670835257,-0.74,-2.13,30.6
64.2133854739368,-0.74,-2.13,30.6
64.21789313107729,-0.73,-2.13,30.6
64.2223487533629,-0.74,-2.13,30.6
64.22674990445375,-0.74,-2.13,30.6
64.23124271258712,-0.73,-2.13,30.6
64.23574861511588,-0.73,-2.13,30.6
64.24019496515393,-0.73,-2.13,30.6
64.24463691562414,-0.73,-2.13,30.6
64.24913543462753,-0.73,-2.13,30.6
64.25352273881435,-0.73,-2.13,30.6
64.25801320746541,-0.73,-2.13,30.6
64.2624170742929,-0.74,-2.13,30.6
64.26697449758649,-0.73,-2.13,30.6
64.2713340446353,-0.73,-2.13,30.6
64.27581023052335,-0.73,-2.13,30.6
64.28036437556148,-0.73,-2.13,30.6
64.28483117371798,-0.74,-2.13,30.6
64.28929083794355,-0.74,-2.13,30.6
64.29376334324479,-0.73,-2.13,30.6
64.29818142205477,-0.73,-2.13,30.6
64.3026768155396,-0.73,-2.13,30.6
64.30711454898119,-0.73,-2.13,30.6
64.31148063391447,-0.73,-2.13,30.6
64.31607330217957,-0.73,-2.13,30.6
64.32050985842943,-0.74,-2.13,30.6
64.32499029487371,-0.74,-2.13,30.6
64.32943946495652,-0.74,-2.13,30.6
64.33392548933625,-0.73,-2.13,30.6
64.33835550770164,-0.73,-2.13,30.6
64.34280163422227,-0.73,-2.13,30.6
64.3472615070641,-0.74,-2.13,30.6
64.35176867619157,-0.74,-2.13,30.6
64.35622806847095,-0.73,-2.13,30.6
64.36068908497691,-0.74,-2.13,30.6
64.36516823619604,-0.74,-2.13,30.6
64.3696287125349,-0.74,-2.13,30.6
64.37409645691514,-0.73,-2.13,30.6
64.37852484360337,-0.73,-2.13,30.6
64.38295727968216,-0.73,-2.13,30.6
64.38747280091047,-0.73,-2.13,30.6
64.39191609248519,-0.73,-2.13,30.6
64.39637066796422,-0.74,-2.13,30.6
64.40081141889095,-0.74,-2.13,30.6
64.4052635319531,-0.73,-2.13,30.6
64.409797873348,-0.74,-2.13,30.6
64.41423870250583,-0.74,-2.13,30.6
64.41867975518107,-0.73,-2.13,30.6
64.42318473383784,-0.73,-2.13,30.6
64.42762072384357,-0.74,-2.13,30.6
64.43205546960235,-0.73,-2.13,30.6
64.4365562275052,-0.74,-2.13,30.6
64.44102485105395,-0.73,-2.13,30.6
64.44537727534771,-0.73,-2.13,30.6
64.44997123256326,-0.74,-2.13,30.6
64.45442143455148,-0.74,-2.13,30.6
64.45888988673687,-0.73,-2.13,30.6
64.46333062276244,-0.73,-2.13,30.6
64.46779329702258,-0.74,-2.13,30.6
64.47219857946038,-0.73,-2.13,30.6
64.4767182059586,-0.73,-2.13,30.6
64.48108310252428,-0.74,-2.13,30.6
64.48565622791648,-0.74,-2.13,30.6
64.49000347778201,-0.73,-2.13,30.6
64.49459330737591,-0.73,-2.13,30.6
64.4990435577929,-0.73,-2.13,30.6
64.50351892784238,-0.73,-2.13,30.6
64.50793037936091,-0.74,-2.13,30.6
64.51238160952926,-0.73,-2.13,30.6
64.51682148501277,-0.74,-2.13,30.6
64.52133655548096,-0.73,-2.13,30.6
64.5257461220026,-0.73,-2.13,30.6
64.53029674291611,-0.73,-2.13,30.6
64.5347384288907,-0.73,-2.13,30.6
64.53922283276916,-0.73,-2.13,30.6
64.54368679970503,-0.73,-2.13,30.6
64.54813649877906,-0.73,-2.13,30.6
64.5525544732809,-0.74,-2.13,30.6
64.55704632028937,-0.74,-2.13,30.6
64.56149396672845,-0.73,-2.13,30.6
64.5659682303667,-0.73,-2.13,30.6
64.57046463340521,-0.74,-2.13,30.6
64.57483016699553,-0.73,-2.13,30.6
64.57937263697386,-0.73,-2.13,30.6
64.5838415287435,-0.74,-2.13,30.6
64.58828700333834,-0.73,-2.13,30.6
64.59276543930173,-0.73,-2.13,30.6
64.59720136597753,-0.73,-2.13,30.6
64.60170550644398,-0.74,-2.13,30.6
64.60615031793714,-0.74,-2.13,30.6
64.61054811626673,-0.73,-2.13,30.6
64.61509333178401,-0.74,-2.13,30.6
64.61945203691721,-0.73,-2.13,30.6
64.62402128055692,-0.73,-2.13,30.6
64.62846805900335,-0.74,-2.13,30.6
64.63294260203838,-0.73,-2.13,30.6
64.63740569725633,-0.73,-2.13,30.6
64.64186101406813,-0.73,-2.13,30.6
64.64624494686723,-0.74,-2.13,30.6
64.65078923851252,-0.74,-2.14,30.6
64.65525701269507,-0.73,-2.13,30.6
64.65967862308025,-0.74,-2.14,30.6
64.664162222296,-0.74,-2.14,30.6
64.66864721104503,-0.74,-2.13,30.6
64.67308892309666,-0.73,-2.13,30.6
64.67753102630377,-0.74,-2.13,30.6
64.68202908337116,-0.74,-2.13,30.6
64.68642143532634,-0.74,-2.13,30.6
64.69095481559634,-0.74,-2.13,30.6
64.69539089500904,-0.74,-2.13,30.6
64.69984156638384,-0.74,-2.13,30.6
64.70423479005694,-0.74,-2.13,30.6
64.70881943032146,-0.74,-2.13,30.6
64.71326971054077,-0.73,-2.13,30.6
64.71771044656634,-0.74,-2.13,30.6
64.72220067307353,-0.73,-2.13,30.6
64.7266232445836,-0.73,-2.13,30.6
64.7311297096312,-0.73,-2.13,30.6
64.73557709529996,-0.74,-2.13,30.6
64.73997467756271,-0.73,-2.13,30.61
64.74450084194541,-0.74,-2.13,30.61
64.74885082617402,-0.73,-2.13,30.61
64.75345460698009,-0.74,-2.13,30.6
64.7578984349966,-0.73,-2.13,30.61
64.76236172392964,-0.74,-2.13,30.6
64.76681357622147,-0.74,-2.13,30.61
64.77128862217069,-0.74,-2.13,30.61
64.77573917806149,-0.74,-2.13,30.6
64.78017223626375,-0.74,-2.12,30.61
64.78461959585547,-0.74,-2.12,30.61
64.7890841551125,-0.74,-2.13,30.61
64.79354709014297,-0.73,-2.13,30.61
64.7980671338737,-0.73,-2.13,30.61
64.8025224879384,-0.74,-2.13,30.61
64.80700024589896,-0.73,-2.13,30.61
64.81142991036177,-0.74,-2.13,30.61
64.81590397655964,-0.73,-2.13,30.6
64.82035855203867,-0.74,-2.13,30.61
64.82480363547802,-0.73,-2.13,30.61
64.82931027933955,-0.73,-2.13,30.61
64.83375551179051,-0.74,-2.13,30.61
64.83824904635549,-0.73,-2.13,30.61
64.84269394353032,-0.73,-2.13,30.61
64.84716857969761,-0.74,-2.13,30.6
64.85158047452569,-0.73,-2.13,30.6
64.85602644830942,-0.73,-2.13,30.61
64.8605388365686,-0.74,-2.13,30.61
64.86502934992313,-0.74,-2.13,30.61
64.86944292113185,-0.74,-2.13,30.61
64.8739531300962,-0.73,-2.13,30.61
64.87834318354726,-0.74,-2.13,30.61
64.88287804275751,-0.74,-2.13,30.61
64.88731483370066,-0.74,-2.13,30.61
64.89179839193821,-0.73,-2.13,30.61
64.89622249081731,-0.73,-2.13,30.61
64.90071291476488,-0.74,-2.13,30.61
64.90518782287836,-0.73,-2.13,30.61
64.90964491292834,-0.74,-2.13,30.61
64.9141112305224,-0.73,-2.13,30.61
64.91850270703435,-0.73,-2.13,30.61
64.92302292585373,-0.74,-2.13,30.61
64.92749546095729,-0.74,-2.13,30.61
64.93196648359299,-0.74,-2.13,30.61
64.93638342618942,-0.74,-2.13,30.61
64.94086387380958,-0.74,-2.13,30.61
64.94535383954644,-0.74,-2.13,30.61
64.94979598373175,-0.73,-2.13,30.6
64.95418719574809,-0.74,-2.13,30.61
64.95868460088968,-0.74,-2.13,30.6
64.96317552402616,-0.73,-2.13,30.61
64.9676724076271,-0.74,-2.13,30.61
64.97213434427977,-0.74,-2.13,30.6
64.976587459445,-0.73,-2.13,30.6
64.98104399442673,-0.73,-2.13,30.6
64.98552006110549,-0.73,-2.13,30.6
64.98991265520453,-0.73,-2.13,30.6
64.9944071546197,-0.73,-2.13,30.6
64.9989101216197,-0.73,-2.13,30.61
65.00325491279364,-0.73,-2.13,30.6
65.00777767971158,-0.73,-2.13,30.6
65.0122969225049,-0.74,-2.13,30.6
65.01673762500286,-0.74,-2.13,30.6
65.02121388167143,-0.74,-2.13,30.6
65.0256587266922,-0.74,-2.13,30.6
65.03014372289181,-0.74,-2.13,30.6
65.03451404348016,-0.74,-2.13,30.6
65.03905820474029,-0.73,-2.13,30.6
65.04354029148817,-0.74,-2.13,30.6
65.0479464456439,-0.74,-2.13,30.6
65.05247369036078,-0.73,-2.13,30.61
65.05691983923316,-0.74,-2.13,30.6
65.06135984137654,-0.74,-2.13,30.6
65.06580678001046,-0.74,-2.13,30.6
65.0703198350966,-0.74,-2.13,30.6
65.07478890940547,-0.73,-2.13,30.6
65.07923006266356,-0.73,-2.13,30.6
65.08365891128778,-0.74,-2.13,30.6
65.08817215636373,-0.73,-2.13,30.6
65.09256140515208,-0.73,-2.13,30.6
65.09709668904543,-0.73,-2.13,30.61
65.10156055167317,-0.74,-2.13,30.6
65.1059893630445,-0.73,-2.13,30.6
65.11046068370342,-0.73,-2.13,30.61
65.11490167677402,-0.74,-2.13,30.6
65.1193922907114,-0.74,-2.13,30.61
65.12386031448841,-0.73,-2.13,30.6
65.12832528725266,-0.73,-2.13,30.61
65.13275412842631,-0.74,-2.13,30.61
65.13712596520782,-0.74,-2.13,30.61
65.14172118529677,-0.74,-2.13,30.6
65.1461622864008,-0.74,-2.13,30.6
65.1506321951747,-0.74,-2.13,30.6
65.15512017905712,-0.73,-2.13,30.6
65.15957135334611,-0.74,-2.13,30.61
65.16402766853571,-0.73,-2.13,30.61
65.16848893091083,-0.74,-2.13,30.61
65.172957085073,-0.74,-2.13,30.61
65.17740104719996,-0.73,-2.13,30.61
65.18189579620957,-0.73,-2.13,30.6
65.18634146079421,-0.74,-2.13,30.61
65.19078615680337,-0.74,-2.13,30.61
65.19526618719101,-0.73,-2.13,30.61
65.1997131742537,-0.73,-2.13,30.61
65.20414663478732,-0.74,-2.13,30.6
65.20867139473557,-0.73,-2.13,30.61
65.21301234140992,-0.73,-2.13,30.6
65.21745592355728,-0.74,-2.13,30.61
65.2220600657165,-0.73,-2.13,30.61
65.226523142308,-0.74,-2.12,30.6
65.23098683357239,-0.74,-2.13,30.6
65.23545123636723,-0.74,-2.13,30.6
65.23990267142653,-0.74,-2.12,30.6
65.2443712502718,-0.74,-2.12,30.6
65.24882008135319,-0.74,-2.13,30.6
65.25325503200293,-0.74,-2.12,30.61
65.25766260921955,-0.73,-2.12,30.61
65.26215942203999,-0.73,-2.13,30.61
65.2667017430067,-0.74,-2.12,30.61
65.27114683389664,-0.73,-2.12,30.61
65.27558966353536,-0.73,-2.12,30.61
65.28003787249327,-0.73,-2.12,30.61
65.2845404483378,-0.74,-2.13,30.61
65.2889860868454,-0.74,-2.13,30.61
65.29340041428804,-0.74,-2.12,30.61
65.29793379083276,-0.73,-2.12,30.61
65.30229139328003,-0.73,-2.12,30.61
65.30674478784204,-0.73,-2.12,30.61
65.3113219216466,-0.73,-2.12,30.61
65.31576778739691,-0.74,-2.12,30.61
65.32024370506406,-0.73,-2.12,30.61
65.32466155290604,-0.73,-2.12,30.61
65.32910253852606,-0.73,-2.12,30.61
65.3336301445961,-0.73,-2.12,30.61
65.33807538449764,-0.74,-2.12,30.61
65.34249446168542,-0.74,-2.12,30.61
65.34697594866157,-0.73,-2.13,30.61
65.35148690640926,-0.73,-2.13,30.61
65.35594677552581,-0.73,-2.12,30.61
65.36040579155087,-0.74,-2.12,30.61
65.36485067754984,-0.73,-2.13,30.61
65.36933428421617,-0.73,-2.13,30.61
65.37378261610866,-0.74,-2.13,30.61
65.37825221568346,-0.74,-2.13,30.61
65.38266583904624,-0.74,-2.13,30.61
65.38719548657537,-0.73,-2.12,30.61
65.39160649478436,-0.73,-2.13,30.61
65.39600472524762,-0.73,-2.13,30.61
65.4005708694458,-0.73,-2.13,30.61
65.40501509979367,-0.73,-2.12,30.61
65.40945545956492,-0.73,-2.12,30.61
65.41397037357092,-0.73,-2.12,30.61
65.4184292703867,-0.74,-2.13,30.61
65.42284748703241,-0.73,-2.12,30.61
65.42735758051276,-0.73,-2.13,30.61
65.43177268281579,-0.73,-2.12,30.61
65.43619401752949,-0.73,-2.13,30.61
65.44072215259075,-0.73,-2.13,30.61
65.44519544392824,-0.74,-2.12,30.61
65.44966435432434,-0.73,-2.13,30.61
65.45411969348788,-0.74,-2.12,30.61
65.45856231451035,-0.73,-2.12,30.61
65.46299879997969,-0.73,-2.13,30.61
65.46749998629093,-0.73,-2.12,30.61
65.47198057547212,-0.74,-2.13,30.61
65.47634498775005,-0.74,-2.13,30.61
65.48078005388379,-0.73,-2.12,30.61
65.48537804186344,-0.73,-2.13,30.61
65.48981688544154,-0.73,-2.12,30.61
65.4943055100739,-0.73,-2.12,30.61
65.49873870238662,-0.74,-2.12,30.61
65.50318747013807,-0.73,-2.12,30.61
65.50763411074877,-0.74,-2.13,30.61
65.51203801482916,-0.73,-2.12,30.61
65.5165756829083,-0.73,-2.12,30.61
65.52099059522152,-0.73,-2.12,30.61
65.52537945657969,-0.73,-2.12,30.61
65.52999711036682,-0.73,-2.12,30.61
65.5344436056912,-0.74,-2.12,30.61
65.53892386332154,-0.74,-2.12,30.61
65.5433680228889,-0.74,-2.12,30.61
65.54785764962435,-0.73,-2.13,30.61
65.55229438468814,-0.73,-2.12,30.61
65.55677741020918,-0.73,-2.12,30.61
65.56122294813395,-0.74,-2.12,30.61
65.56563134863973,-0.74,-2.12,30.61
65.57017052173615,-0.73,-2.12,30.61
65.57461428269744,-0.73,-2.12,30.61
65.57909568399191,-0.74,-2.12,30.61
65.58350777998567,-0.73,-2.12,30.61
65.5879473797977,-0.74,-2.12,30.61
65.59246348962188,-0.74,-2.12,30.61
65.59692268446088,-0.73,-2.12,30.61
65.60139572247863,-0.73,-2.12,30.61
65.60580694302917,-0.73,-2.12,30.61
65.61031462624669,-0.73,-2.12,30.61
65.61479110643268,-0.73,-2.12,30.61
65.61924415454268,-0.74,-2.12,30.61
65.62371848151088,-0.73,-2.12,30.61
65.62814817205071,-0.73,-2.12,30.61
65.6326503790915,-0.74,-2.12,30.61
65.63710859790444,-0.73,-2.12,30.61
65.6415463462472,-0.73,-2.12,30.61
65.64602807536721,-0.74,-2.12,30.61
65.65049827843904,-0.74,-2.12,30.61
65.65485570207238,-0.73,-2.12,30.61
65.65942231193185,-0.73,-2.12,30.61
65.66388931125402,-0.74,-2.12,30.61
65.66831671446562,-0.73,-2.12,30.61
65.67278207466006,-0.73,-2.12,30.61
65.67723757401109,-0.74,-2.12,30.61
65.68172908946872,-0.74,-2.12,30.61
65.6861825324595,-0.73,-2.12,30.61
65.69056928530335,-0.73,-2.12,30.61
65.69510454684496,-0.74,-2.12,30.61
65.69959884509444,-0.73,-2.12,30.61
65.70404351130128,-0.73,-2.12,30.61
65.70851116999984,-0.74,-2.12,30.61
65.71292713657022,-0.74,-2.12,30.61
65.71737623214722,-0.73,-2.12,30.61
65.72188277170062,-0.74,-2.12,30.61
65.72628236562014,-0.74,-2.12,30.61
65.73072714731097,-0.73,-2.12,30.61
65.7352900095284,-0.73,-2.12,30.61
65.73975088819861,-0.74,-2.12,30.61
65.74422295764089,-0.74,-2.12,30.61
65.74866970255971,-0.74,-2.12,30.61
65.75311345607042,-0.74,-2.12,30.61
65.75759257748723,-0.74,-2.12,30.61
65.76207263767719,-0.73,-2.12,30.61
65.76647951826453,-0.73,-2.12,30.61
65.7709743976593,-0.73,-2.12,30.61
65.77541281282902,-0.73,-2.12,30.61
65.7798178717494,-0.73,-2.12,30.61
65.78434747084975,-0.74,-2.12,30.61
65.78885160386562,-0.73,-2.12,30.61
65.79328354075551,-0.73,-2.12,30.61
65.79776304960251,-0.73,-2.12,30.61
65.80217721313238,-0.74,-2.12,30.61
65.80667947605252,-0.74,-2.12,30.61
65.81111564859748,-0.73,-2.12,30.61
65.81560770794749,-0.73,-2.12,30.61
65.82008760794997,-0.73,-2.12,30.61
65.82454670965672,-0.73,-2.12,30.61
65.82895693555474,-0.73,-2.12,30.61
65.83346866816282,-0.74,-2.12,30.61
65.83793852478266,-0.74,-2.12,30.61
65.8423981256783,-0.73,-2.12,30.61
65.84683217853308,-0.73,-2.12,30.61
65.85132943093777,-0.74,-2.12,30.61
65.85579114034772,-0.74,-2.12,30.61
65.86023848876357,-0.73,-2.12,30.61
65.864697214216,-0.73,-2.12,30.61
65.86910617351532,-0.74,-2.12,30.61
65.87364900112152,-0.73,-2.12,30.61
65.87811604514718,-0.73,-2.12,30.61
65.88253557682037,-0.73,-2.12,30.62
65.88701342046261,-0.73,-2.12,30.61
65.89149546995759,-0.74,-2.12,30.61
65.89586893096566,-0.73,-2.12,30.61
65.90039482340217,-0.74,-2.12,30.61
65.9047974422574,-0.73,-2.12,30.61
65.909340120852,-0.74,-2.12,30.61
65.91375915333629,-0.73,-2.12,30.61
65.91827178373933,-0.73,-2.12,30.61
65.9227122887969,-0.73,-2.12,30.62
65.92716131731868,-0.73,-2.12,30.61
65.93161008879542,-0.73,-2.12,30.61
65.93606017157435,-0.74,-2.12,30.62
65.94054334238172,-0.74,-2.12,30.61
65.944944486022,-0.74,-2.12,30.61
65.94949603825808,-0.74,-2.12,30.61
65.9539711214602,-0.74,-2.12,30.61
65.95835928618908,-0.73,-2.12,30.61
65.96288959309459,-0.73,-2.12,30.61
65.96736485511065,-0.74,-2.13,30.61
65.9717779904604,-0.73,-2.12,30.61
65.9762924388051,-0.73,-2.12,30.61
65.98069404810667,-0.74,-2.13,30.61
65.9852117151022,-0.74,-2.13,30.61
65.98963058367372,-0.74,-2.13,30.61
65.99409502744675,-0.73,-2.12,30.61
65.99858954176307,-0.74,-2.13,30.61
66.00307070091367,-0.73,-2.13,30.61
66.00751590356231,-0.74,-2.12,30.61
66.01196302101016,-0.74,-2.13,30.61
66.01640021428466,-0.74,-2.13,30.61
66.02089267224073,-0.74,-2.13,30.61
66.02535867318511,-0.73,-2.13,30.61
66.02977235615253,-0.73,-2.13,30.61
66.03423730656505,-0.73,-2.13,30.61
66.03871267661452,-0.73,-2.13,30.61
66.04310903698206,-0.74,-2.13,30.61
66.04769152030349,-0.74,-2.13,30.61
66.05213565379381,-0.74,-2.13,30.61
66.05661515146494,-0.74,-2.13,30.61
66.06108164042234,-0.73,-2.13,30.61
66.06551186740398,-0.74,-2.13,30.61
66.06999075785279,-0.74,-2.13,30.61
66.07445622980595,-0.74,-2.13,30.61
66.07885082811117,-0.73,-2.13,30.61
66.08328333869576,-0.73,-2.13,30.61
66.08787098154426,-0.73,-2.13,30.61
66.0923171825707,-0.73,-2.13,30.61
66.09676349908113,-0.74,-2.13,30.61
66.10124194249511,-0.74,-2.13,30.61
66.10570247843862,-0.74,-2.13,30.61
66.11018061637878,-0.73,-2.13,30.61
66.11463763937354,-0.73,-2.13,30.61
66.11910212039948,-0.74,-2.13,30.61
66.12343044579029,-0.73,-2.13,30.61
66.12798395380378,-0.73,-2.13,30.61
66.13248668983579,-0.74,-2.13,30.61
66.13694478571415,-0.74,-2.13,30.61
66.14142312482,-0.73,-2.13,30.61
66.14587100222707,-0.73,-2.13,30.61
66.15028129145503,-0.74,-2.13,30.61
66.15480941906571,-0.74,-2.13,30.61
66.15918196737766,-0.73,-2.13,30.61
66.16373945400119,-0.73,-2.13,30.61
66.16811655461788,-0.73,-2.13,30.61
66.17263725027442,-0.73,-2.13,30.61
66.17712686955929,-0.74,-2.13,30.61
66.18156212940812,-0.74,-2.13,30.61
66.18602256849408,-0.73,-2.13,30.61
66.19049247726798,-0.74,-2.13,30.62
66.1949288919568,-0.73,-2.13,30.61
66.19942740350962,-0.73,-2.13,30.62
66.20382817462087,-0.74,-2.13,30.62
66.20827642828226,-0.73,-2.13,30.61
66.21281229704618,-0.73,-2.13,30.62
66.2172294408083,-0.74,-2.13,30.61
66.22174512967467,-0.74,-2.13,30.62
66.22618532180786,-0.73,-2.13,30.61
66.23066782578826,-0.73,-2.13,30.61
66.2351142168045,-0.74,-2.13,30.61
66.23952155560255,-0.74,-2.13,30.61
66.24405062571168,-0.73,-2.13,30.61
66.24849234893918,-0.74,-2.13,30.61
66.2529744245112,-0.73,-2.13,30.61
66.25734255835414,-0.73,-2.13,30.61
66.26192335411906,-0.73,-2.13,30.61
66.26637254282832,-0.73,-2.13,30.62
66.27083033695817,-0.74,-2.13,30.61
66.27530166879296,-0.73,-2.13,30.62
66.27972297742963,-0.73,-2.13,30.62
66.28419750183821,-0.74,-2.13,30.61
66.28863908722997,-0.74,-2.13,30.62
66.29303569346666,-0.73,-2.13,30.61
66.2975810058415,-0.73,-2.13,30.62
66.30198634788394,-0.74,-2.13,30.62
66.30654192715883,-0.74,-2.13,30.61
66.31127353385091,-0.73,-2.13,30.62
66.3154309950769,-0.73,-2.13,30.62
66.31992506235838,-0.74,-2.13,30.61
66.32439045235515,-0.73,-2.13,30.62
66.32881818711758,-0.74,-2.13,30.61
66.3332900442183,-0.74,-2.13,30.62
66.33768648654222,-0.74,-2.13,30.61
66.34213751554489,-0.74,-2.13,30.62
66.34670029953122,-0.73,-2.13,30.62
66.35116070881486,-0.74,-2.13,30.61
66.35561349615455,-0.73,-2.13,30.62
66.36008606478572,-0.73,-2.13,30.62
66.36455319821835,-0.73,-2.13,30.62
66.36896982043982,-0.73,-2.13,30.62
66.37347769364715,-0.73,-2.13,30.62
66.37790209427476,-0.73,-2.13,30.61
66.38229391351342,-0.74,-2.13,30.62
66.38683383911848,-0.73,-2.13,30.62
66.39134145155549,-0.74,-2.13,30.62
66.39579464495182,-0.74,-2.13,30.62
66.40026810020208,-0.73,-2.13,30.62
66.40469748154283,-0.74,-2.14,30.61
66.40913065895438,-0.74,-2.13,30.62
66.41360938549042,-0.73,-2.13,30.61
66.41809670999646,-0.74,-2.13,30.62
66.4225766249001,-0.73,-2.13,30.62
66.42704369872808,-0.74,-2.13,30.62
66.4313895702362,-0.74,-2.13,30.62
66.4359638467431,-0.73,-2.13,30.61
66.44042056426406,-0.74,-2.13,30.62
66.44485399499536,-0.74,-2.13,30.62
66.4493509940803,-0.74,-2.13,30.62
66.45376400649548,-0.74,-2.13,30.62
66.45826361700892,-0.73,-2.14,30.62
66.46264972165227,-0.73,-2.14,30.62
66.46729875355959,-0.74,-2.14,30.62
66.47160749137402,-0.73,-2.13,30.62
66.4761444479227,-0.74,-2.14,30.62
66.48059650883079,-0.73,-2.14,30.62
66.48506225645542,-0.74,-2.14,30.62
66.48952119424939,-0.74,-2.13,30.61
66.49392352625728,-0.73,-2.13,30.62
66.49845162779093,-0.73,-2.13,30.62
66.5028533525765,-0.74,-2.13,30.61
66.50736783444881,-0.73,-2.13,30.62
66.51178251206875,-0.73,-2.13,30.62
66.5162242166698,-0.73,-2.13,30.62
66.52077174186707,-0.73,-2.13,30.62
66.52522081881762,-0.74,-2.13,30.61
66.5296641588211,-0.73,-2.13,30.61
66.53413016349077,-0.73,-2.13,30.62
66.53860031813383,-0.74,-2.13,30.62
66.54307905212045,-0.73,-2.13,30.62
66.54753594100475,-0.73,-2.13,30.61
66.55196930840611,-0.73,-2.13,30.62
66.5564136877656,-0.73,-2.13,30.62
66.56091650947928,-0.73,-2.13,30.62
66.56539422273636,-0.73,-2.13,30.61
66.5698543637991,-0.73,-2.13,30.62
66.57429976016283,-0.73,-2.13,30.62
66.57876963168383,-0.73,-2.13,30.62
66.58324130252004,-0.73,-2.13,30.62
66.58767914026976,-0.73,-2.13,30.62
66.59206080064178,-0.74,-2.13,30.61
66.59664440527558,-0.73,-2.13,30.62
66.6010937616229,-0.74,-2.13,30.62
66.60543514788151,-0.73,-2.14,30.62
66.61001788824797,-0.73,-2.13,30.62
66.61446320265532,-0.74,-2.14,30.62
66.61893960088491,-0.74,-2.13,30.62
66.62335509061813,-0.73,-2.14,30.62
66.62782718613744,-0.73,-2.13,30.62
66.6322422362864,-0.73,-2.13,30.62
66.63668495044112,-0.73,-2.13,30.62
66.64121343940496,-0.73,-2.13,30.62
66.6455753967166,-0.74,-2.13,30.62
66.65019366890192,-0.73,-2.13,30.62
66.65467077866197,-0.73,-2.14,30.62
66.65911208465695,-0.73,-2.13,30.62
66.6635447666049,-0.74,-2.13,30.62
66.6679966300726,-0.73,-2.14,30.62
66.67248460277915,-0.73,-2.14,30.62
66.67686145752668,-0.73,-2.13,30.62
66.68139201030135,-0.73,-2.13,30.62
66.68584182113409,-0.73,-2.14,30.62
66.69028037041426,-0.73,-2.13,30.62
66.69481622427702,-0.73,-2.14,30.62
66.69925773143768,-0.73,-2.13,30.62
66.7037541270256,-0.73,-2.13,30.62
66.7081515416503,-0.74,-2.14,30.62
66.71259595453739,-0.73,-2.14,30.62
66.71707287803292,-0.73,-2.14,30.62
66.72153048589826,-0.73,-2.14,30.62
66.72601222991943,-0.73,-2.14,30.62
66.73050745949149,-0.73,-2.14,30.62
66.73499627411366,-0.73,-2.13,30.62
66.73944280669093,-0.73,-2.13,30.62
66.74388444423676,-0.73,-2.14,30.62
66.74837638810277,-0.73,-2.14,30.61
66.75280953198671,-0.73,-2.14,30.61
66.75722106918693,-0.73,-2.14,30.62
66.76174982264638,-0.74,-2.14,30.62
66.76619322225451,-0.74,-2.14,30.62
66.77064621075988,-0.73,-2.13,30.62
66.77510672435164,-0.73,-2.13,30.61
66.77962255105376,-0.73,-2.14,30.62
66.78407110273838,-0.73,-2.14,30.62
66.78850769996643,-0.74,-2.14,30.62
66.79300656542182,-0.73,-2.14,30.62
66.79746332019567,-0.73,-2.13,30.62
66.80192844942212,-0.74,-2.13,30.62
66.8063676841557,-0.73,-2.13,30.62
66.81083799526095,-0.73,-2.14,30.62
66.81525438651443,-0.73,-2.13,30.61
66.81965600326657,-0.73,-2.13,30.61
66.82424018904567,-0.73,-2.13,30.62
66.82870199531317,-0.74,-2.13,30.62
66.83317171037197,-0.73,-2.13,30.62
66.83760957419872,-0.73,-2.13,30.61
66.84210354834795,-0.73,-2.13,30.62
66.84654935076833,-0.73,-2.13,30.61
66.85094223171473,-0.73,-2.13,30.62
66.85538786649704,-0.74,-2.13,30.62
66.85990413278341,-0.74,-2.13,30.61
66.86441952735186,-0.73,-2.13,30.62
66.86886291205883,-0.74,-2.13,30.62
66.87332605198026,-0.74,-2.13,30.61
66.87780402600765,-0.73,-2.13,30.61
66.88222692534328,-0.73,-2.13,30.61
66.88671663030982,-0.73,-2.13,30.61
66.89114667475224,-0.73,-2.13,30.61
66.89564851298928,-0.73,-2.13,30.61
66.90004347264767,-0.73,-2.13,30.61
66.90456695109606,-0.74,-2.13,30.62
66.90904546156526,-0.73,-2.13,30.61
66.91348721832037,-0.74,-2.13,30.61
66.9179330021143,-0.73,-2.13,30.61
66.92240819707513,-0.73,-2.14,30.61
66.92682016268373,-0.74,-2.13,30.62
66.93130771070719,-0.73,-2.13,30.61
66.9357965439558,-0.73,-2.13,30.61
66.94018984213471,-0.73,-2.13,30.61
66.94472770020366,-0.73,-2.13,30.61
66.94922209531069,-0.73,-2.13,30.61
66.95367205515504,-0.74,-2.13,30.62
66.95814301073551,-0.74,-2.13,30.61
66.96259855106473,-0.74,-2.13,30.61
66.9670479632914,-0.73,-2.13,30.61
66.97147269174457,-0.73,-2.13,30.61
66.97596707567573,-0.73,-2.13,30.61
66.98037125170231,-0.73,-2.13,30.61
66.98484319448471,-0.74,-2.13,30.61
66.98935765400529,-0.73,-2.13,30.62
66.99384814873338,-0.73,-2.13,30.61
66.99830401316285,-0.74,-2.13,30.62
67.00276481732726,-0.74,-2.13,30.61
67.00721454620361,-0.74,-2.13,30.61
67.01163125410676,-0.74,-2.13,30.62
67.01615848764777,-0.74,-2.13,30.62
67.02054841443896,-0.73,-2.13,30.62
67.02509353682399,-0.73,-2.13,30.62
67.02943339571357,-0.73,-2.13,30.62
67.03387465327978,-0.73,-2.13,30.62
67.03846701607108,-0.74,-2.13,30.62
67.04292958602309,-0.74,-2.13,30.62
67.04735412448645,-0.73,-2.13,30.62
67.05183130502701,-0.74,-2.13,30.62
67.05628637224436,-0.74,-2.13,30.62
67.06076748296618,-0.74,-2.13,30.61
67.06523192301393,-0.74,-2.13,30.61
67.06970758736134,-0.73,-2.13,30.61
67.07418278232217,-0.73,-2.13,30.62
67.07864434272051,-0.73,-2.13,30.61
67.08310474827886,-0.73,-2.13,30.62
67.08753611147404,-0.73,-2.13,30.62
67.09200544282794,-0.73,-2.13,30.61
67.09642323479056,-0.73,-2.13,30.62
67.10088713467121,-0.74,-2.13,30.62
67.10541470721364,-0.73,-2.13,30.62
67.10984186455607,-0.73,-2.13,30.61
67.11435001343489,-0.73,-2.13,30.61
67.11872142925858,-0.74,-2.13,30.62
67.12326978519559,-0.73,-2.13,30.62
67.12771474197507,-0.73,-2.13,30.61
67.13215630874038,-0.73,-2.13,30.61
67.13663981854916,-0.74,-2.13,30.62
67.14112950861454,-0.73,-2.13,30.62
67.14559441804886,-0.74,-2.13,30.61
67.14997551590204,-0.73,-2.13,30.61
67.15449607372284,-0.73,-2.13,30.61
67.15886053815484,-0.73,-2.13,30.61
67.16344437748194,-0.73,-2.13,30.62
67.16788902133703,-0.73,-2.13,30.62
67.17236790433526,-0.73,-2.13,30.62
67.17678702250123,-0.74,-2.13,30.62
67.18126173317432,-0.73,-2.13,30.62
67.18574960157275,-0.74,-2.13,30.62
67.19020061939955,-0.73,-2.13,30.62
67.19467205554247,-0.73,-2.13,30.62
67.19914764910936,-0.73,-2.13,30.61
67.20359781756997,-0.74,-2.13,30.62
67.20807183533907,-0.73,-2.13,30.61
67.21251764148474,-0.73,-2.13,30.62
67.21699558198452,-0.73,-2.13,30.61
67.22143320739269,-0.74,-2.13,30.62
67.22587602585554,-0.73,-2.13,30.61
67.23037331551313,-0.73,-2.13,30.62
67.2348414324224,-0.74,-2.13,30.62
67.23925916850567,-0.73,-2.13,30.62
67.24367957189679,-0.73,-2.13,30.62
67.2481900639832,-0.73,-2.13,30.61
67.2526948787272,-0.73,-2.13,30.62
67.25714050233364,-0.73,-2.13,30.62
67.26158241182566,-0.74,-2.13,30.62
67.26609609648585,-0.74,-2.13,30.62
67.27055869996548,-0.74,-2.13,30.62
67.27499975636601,-0.74,-2.13,30.62
67.27944666519761,-0.73,-2.13,30.62
67.28393770754337,-0.73,-2.13,30.61
67.28836765140295,-0.74,-2.13,30.62
67.29281783476472,-0.73,-2.13,30.62
67.2973207756877,-0.73,-2.13,30.62
67.30175752565265,-0.73,-2.13,30.62
67.30621002241969,-0.74,-2.13,30.61
67.31070977076888,-0.73,-2.13,30.62
67.31517803296447,-0.73,-2.13,30.61
67.31954587250948,-0.73,-2.13,30.62
67.32402538135648,-0.73,-2.13,30.61
67.32849035039544,-0.73,-2.13,30.62
67.33287764713168,-0.73,-2.13,30.61
67.33749746531248,-0.73,-2.13,30.62
67.34193730354309,-0.73,-2.13,30.62
67.34642633423209,-0.73,-2.13,30.62
67.35083341225982,-0.74,-2.13,30.62
67.35527587682009,-0.73,-2.13,30.61
67.35976196080446,-0.74,-2.13,30.61
67.36419996246696,-0.73,-2.13,30.61
67.36873817071319,-0.73,-2.13,30.62
67.37319846078753,-0.73,-2.13,30.62
67.37767159193754,-0.73,-2.13,30.61
67.38213706761599,-0.74,-2.13,30.61
67.38656846433878,-0.73,-2.13,30.62
67.3910624794662,-0.73,-2.13,30.61
67.39551553502679,-0.74,-2.13,30.62
67.39996010437608,-0.73,-2.13,30.62
67.40443642064929,-0.73,-2.13,30.62
67.4088886603713,-0.74,-2.13,30.62
67.41329139471054,-0.73,-2.13,30.62
67.41779104992747,-0.73,-2.13,30.62
67.42229916527867,-0.73,-2.13,30.62
67.42674563452601,-0.74,-2.13,30.62
67.43118960037827,-0.73,-2.13,30.62
67.4356902167201,-0.73,-2.13,30.62
67.44007784873247,-0.73,-2.13,30.61
67.44461126253009,-0.73,-2.13,30.62
67.44905592128634,-0.73,-2.13,30.62
67.45349787175655,-0.74,-2.13,30.62
67.45795510336757,-0.73,-2.13,30.62
67.46234492585063,-0.74,-2.13,30.62
67.4669250100851,-0.73,-2.13,30.62
67.47139425575733,-0.73,-2.13,30.62
67.47585270553827,-0.73,-2.13,30.62
67.48031618446112,-0.73,-2.13,30.62
67.48477510362864,-0.73,-2.13,30.62
67.48922856152058,-0.74,-2.13,30.62
67.49370428174734,-0.73,-2.13,30.62
67.49817208573222,-0.74,-2.13,30.62
67.5025754980743,-0.74,-2.13,30.62
67.50710015743971,-0.74,-2.13,30.62
67.51154147088528,-0.73,-2.13,30.62
67.51602123305202,-0.73,-2.13,30.62
67.52047111466527,-0.74,-2.13,30.62
67.52493731305003,-0.73,-2.13,30.62
67.52941807731986,-0.73,-2.13,30.62
67.53382448852062,-0.73,-2.13,30.62
67.53828505054116,-0.73,-2.13,30.62
67.54278813675046,-0.74,-2.13,30.62
67.54728041961789,-0.74,-2.13,30.62
67.55172573402524,-0.74,-2.13,30.62
67.55619071796536,-0.73,-2.13,30.62
67.56064803898335,-0.73,-2.13,30.62
67.56509079784155,-0.74,-2.13,30.62
67.56958627700806,-0.73,-2.13,30.62
67.57398007437587,-0.73,-2.13,30.62
67.57849200442433,-0.73,-2.13,30.62
67.58285146579146,-0.73,-2.13,30.62
67.58736894652247,-0.73,-2.13,30.62
67.59189890697598,-0.73,-2.13,30.62
67.59634931012988,-0.73,-2.13,30.62
67.6008160635829,-0.74,-2.13,30.62
67.605275452137,-0.73,-2.13,30.62
67.60961655527353,-0.73,-2.13,30.62
67.61407493054867,-0.73,-2.13,30.62
