elapsed_time [min],weight [g]
1.1507452391088009,-0.56,-3.46,20.05
1.152222715318203,-0.56,-3.46,20.05
1.1536728255450726,-0.56,-3.46,20.05
1.155192218720913,-0.55,-3.46,20.05
1.1564941629767418,-0.55,-3.46,20.05
1.1581571027636528,-0.56,-3.46,20.05
1.159556221216917,-0.56,-3.46,20.05
1.1611123457551003,-0.55,-3.45,20.05
1.1624501943588257,-0.56,-3.46,20.05
1.1640155650675297,-0.56,-3.45,20.05
1.167022630572319,-0.56,-3.45,20.05
1.169770322740078,-0.55,-3.45,20.06
1.1729000806808472,-0.56,-3.45,20.06
1.175837092101574,-0.56,-3.45,20.06
1.178855538368225,-0.55,-3.44,20.06
1.1816845834255219,-0.55,-3.44,20.06
1.1845565550029278,-0.55,-3.44,20.07
1.1876953169703484,-0.55,-3.44,20.07
1.1906915456056595,-0.55,-3.43,20.07
1.1935620866715908,-0.55,-3.43,20.07
1.196592964231968,-0.55,-3.42,20.08
1.1994783207774162,-0.55,-3.42,20.08
1.2025090642273426,-0.55,-3.41,20.08
1.2054764330387115,-0.55,-3.41,20.08
1.2084224708378315,-0.55,-3.41,20.09
1.2113384753465652,-0.55,-3.4,20.09
1.2142759300768375,-0.55,-3.4,20.09
1.217285666614771,-0.54,-3.4,20.09
1.2200440540909767,-0.55,-3.39,20.09
1.2232337407767773,-0.55,-3.39,20.09
1.2261358015239239,-0.55,-3.39,20.09
1.228955913335085,-0.55,-3.39,20.1
1.2319130897521973,-0.55,-3.38,20.1
1.2350536994636059,-0.55,-3.38,20.1
1.2378300316631794,-0.54,-3.38,20.1
1.2407718189060688,-0.54,-3.38,20.1
1.2439164258539677,-0.55,-3.37,20.11
1.2453888319432735,-0.55,-3.37,20.11
1.2468665800988674,-0.55,-3.37,20.11
1.2482030764222145,-0.55,-3.37,20.11
1.2498328797519207,-0.54,-3.37,20.11
1.251317996531725,-0.54,-3.37,20.11
1.2527777813374996,-0.54,-3.36,20.11
1.254089180380106,-0.54,-3.36,20.11
1.2557538710534573,-0.54,-3.36,20.11
1.2572221606969833,-0.55,-3.36,20.11
1.258639369159937,-0.54,-3.36,20.12
1.260048720985651,-0.54,-3.36,20.11
1.2616368643939495,-0.54,-3.36,20.12
1.2645898312330246,-0.54,-3.36,20.12
1.2675143219530582,-0.54,-3.35,20.12
1.2705064006149769,-0.54,-3.35,20.12
1.2735008224844933,-0.54,-3.36,20.12
1.2764521278440952,-0.54,-3.36,20.12
1.279371965676546,-0.54,-3.36,20.12
1.2823491655290127,-0.54,-3.36,20.12
1.2852049246430397,-0.54,-3.35,20.12
1.2882474698126316,-0.54,-3.35,20.12
1.2911169528961182,-0.54,-3.35,20.13
1.294179406017065,-0.54,-3.35,20.13
1.2956764996051788,-0.54,-3.35,20.13
1.2970651015639305,-0.54,-3.35,20.13
1.2985938042402267,-0.54,-3.34,20.13
1.3000418469309807,-0.54,-3.34,20.13
1.301560640335083,-0.54,-3.34,20.13
1.3029669411480427,-0.54,-3.34,20.13
1.3045303523540497,-0.54,-3.34,20.13
1.3060257844626904,-0.54,-3.34,20.13
1.3074980862438679,-0.54,-3.34,20.13
1.3089901767671108,-0.54,-3.34,20.14
1.3103886172175407,-0.54,-3.34,20.14
1.3118417263031006,-0.54,-3.34,20.14
1.313429657369852,-0.54,-3.34,20.14
1.3148973248898983,-0.54,-3.34,20.14
1.3163806349039078,-0.54,-3.34,20.14
1.317871481180191,-0.54,-3.34,20.14
1.3193535134196281,-0.54,-3.34,20.14
1.3207401484251022,-0.54,-3.34,20.14
1.3223007917404175,-0.54,-3.34,20.14
1.3237804137170315,-0.54,-3.34,20.14
1.3251842968165874,-0.54,-3.34,20.14
1.3265065997838974,-0.54,-3.34,20.14
1.3282048515975475,-0.54,-3.34,20.15
1.3294877745211124,-0.54,-3.33,20.15
1.331141036003828,-0.54,-3.33,20.15
1.3324226960539818,-0.54,-3.33,20.15
1.3340707011520863,-0.54,-3.33,20.15
1.3355913646519184,-0.54,-3.33,20.15
1.337071467190981,-0.54,-3.33,20.15
1.3385135382413864,-0.54,-3.33,20.15
1.3400689586997032,-0.54,-3.33,20.15
1.3415078222751617,-0.54,-3.33,20.15
1.342777919024229,-0.54,-3.33,20.15
1.3442570120096207,-0.54,-3.33,20.15
1.3459547571837902,-0.54,-3.33,20.16
1.3474137037992477,-0.54,-3.33,20.16
1.3489283807575703,-0.54,-3.33,20.16
1.3503944016993046,-0.54,-3.33,20.16
1.3518731482326984,-0.54,-3.33,20.16
1.3533626310527325,-0.54,-3.33,20.16
1.3546691238880157,-0.54,-3.33,20.16
1.3561164662241936,-0.54,-3.33,20.16
1.3577933125197887,-0.54,-3.34,20.16
1.3592279218137264,-0.54,-3.35,20.17
1.360626395791769,-0.54,-3.36,20.17
1.3622325658798218,-0.54,-3.37,20.17
1.3651171922683716,-0.54,-3.38,20.17
1.3679875768721104,-0.54,-3.41,20.17
1.370981615036726,-0.54,-3.41,20.17
1.3740247264504433,-0.54,-3.41,20.17
1.3768818527460098,-0.54,-3.41,20.17
1.379951849579811,-0.54,-3.41,20.17
1.382933009415865,-0.54,-3.41,20.18
1.3857530131936073,-0.54,-3.4,20.18
1.3886767663061619,-0.54,-3.4,20.18
1.3917097672820091,-0.53,-3.4,20.18
1.3947747386991978,-0.54,-3.4,20.18
1.3976533152163029,-0.54,-3.4,20.18
1.4005789048969746,-0.53,-3.4,20.19
1.4035498946905136,-0.53,-3.39,20.19
1.4050685092806816,-0.54,-3.39,-231.39
1.4066022858023643,-0.53,-3.39,20.19
1.4079750329256058,-0.53,-3.39,20.19
1.4095199890434742,-0.53,-3.39,20.19
1.4109584726393223,-0.54,-3.39,20.19
1.4124914333224297,-0.54,-3.39,20.19
1.4138861149549484,-0.54,-3.39,20.19
1.4154723100364208,-0.54,-3.39,20.19
1.41694949939847,-0.53,-3.39,20.19
1.418359700590372,-0.54,-3.39,20.19
1.4199199080467224,-0.54,-3.39,20.19
1.421377930790186,-0.54,-3.38,20.19
1.4228630922734737,-0.53,-3.38,20.2
1.424256768077612,-0.53,-3.38,20.2
1.4257237054407597,-0.53,-3.38,20.2
1.4272915683686733,-0.54,-3.37,20.2
1.4287047535181046,-0.54,-3.37,20.2
1.4300450310111046,-0.53,-3.37,20.2
1.4317204505205154,-0.53,-3.37,20.2
1.4332189932465553,-0.53,-3.36,20.2
1.4347007013857365,-0.53,-3.36,20.2
1.4361281394958496,-0.53,-3.36,20.2
1.4374290965497494,-0.54,-3.36,20.2
1.4391044825315475,-0.54,-3.36,20.21
1.4404527209699154,-0.54,-3.35,20.2
1.4420630112290382,-0.53,-3.35,20.2
1.4433363266289234,-0.53,-3.35,20.21
1.445047378540039,-0.54,-3.34,20.21
1.4463122971355915,-0.53,-3.34,20.21
1.4479956440627575,-0.53,-3.33,20.21
1.4492927454411983,-0.53,-3.33,20.21
1.4509380385279655,-0.54,-3.33,20.21
1.4524473398923874,-0.53,-3.33,20.21
1.4539048038423061,-0.53,-3.32,20.21
1.455225843936205,-0.53,-3.32,20.21
1.4566668197512627,-0.53,-3.32,20.21
1.458339374512434,-0.53,-3.31,20.21
1.4596476405858994,-0.53,-3.31,20.21
1.4626339673995972,-0.53,-3.31,20.22
1.4657708443701267,-0.53,-3.3,20.22
1.4686753004789352,-0.53,-3.29,20.22
1.4714439697563648,-0.53,-3.29,20.22
1.4744167290627956,-0.53,-3.28,20.22
1.4774670340120792,-0.53,-3.28,20.22
1.4803444482386112,-0.53,-3.28,20.23
1.4834854826331139,-0.53,-3.27,20.22
1.486267451196909,-0.53,-3.27,20.23
1.489223800599575,-0.53,-3.27,20.23
1.4921787194907665,-0.53,-3.26,20.23
1.4951369911432266,-0.53,-3.26,20.23
1.4981099851429462,-0.53,-3.26,20.23
1.501180112361908,-0.54,-3.26,20.23
1.504206322133541,-0.53,-3.26,20.23
1.507124911993742,-0.53,-3.25,20.23
1.510030023753643,-0.53,-3.25,20.24
1.5129857324063778,-0.53,-3.25,20.24
1.5160149112343788,-0.53,-3.24,20.24
1.5189343728125095,-0.53,-3.24,20.24
1.5219584628939629,-0.53,-3.24,20.24
1.524903055280447,-0.53,-3.24,20.24
1.5278639644384384,-0.53,-3.24,20.24
1.5308277271687984,-0.53,-3.24,20.24
1.5337176099419594,-0.53,-3.25,20.24
1.536522202193737,-0.53,-3.25,20.24
1.5396615080535412,-0.53,-3.25,20.24
1.542627826333046,-0.53,-3.25,20.24
1.5455888397991657,-0.53,-3.25,20.24
1.5484223812818527,-0.53,-3.25,20.25
1.5500453375279903,-0.53,-3.25,20.24
1.5513562895357609,-0.53,-3.25,20.25
1.5529771335422993,-0.53,-3.25,20.25
1.5542942583560944,-0.53,-3.25,20.25
1.5559500455856323,-0.53,-3.25,20.25
1.5572484619915485,-0.53,-3.25,20.25
1.5589166544377804,-0.53,-3.24,20.25
1.5617090947926044,-0.53,-3.24,20.25
1.5646302737295628,-0.53,-3.24,20.25
1.5663114413619041,-0.53,-3.24,20.25
1.567797850817442,-0.53,-3.24,20.25
1.5692679397761822,-0.53,-3.24,20.25
1.5707241594791412,-0.53,-3.24,20.25
1.5720511376857758,-0.53,-3.24,20.25
1.573710735887289,-0.53,-3.24,20.25
1.5750217959284782,-0.53,-3.24,20.25
1.5766644179821014,-0.53,-3.23,20.25
1.5779900811612606,-0.53,-3.23,20.25
1.5796369574964046,-0.53,-3.23,20.25
1.5809878632426262,-0.53,-3.23,20.25
1.5825986377894878,-0.53,-3.23,20.25
1.5839065127074718,-0.53,-3.23,20.25
1.5855246596038342,-0.53,-3.23,20.26
1.5868562683463097,-0.53,-3.23,20.26
1.5885081440210342,-0.53,-3.23,20.26
1.5898272134363651,-0.53,-3.23,20.26
1.5913654752075672,-0.53,-3.23,20.26
1.5929329134523869,-0.53,-3.23,20.26
1.5943435169756413,-0.53,-3.23,20.26
1.5958357900381088,-0.53,-3.23,20.26
1.5972294323146343,-0.53,-3.23,20.26
1.5988429076969624,-0.53,-3.23,20.26
1.6003204435110092,-0.53,-3.23,20.26
1.601811271160841,-0.53,-3.23,20.26
1.603146880865097,-0.53,-3.23,20.26
1.6047635674476624,-0.53,-3.23,20.26
1.606146976351738,-0.53,-3.23,20.26
1.6076884232461452,-0.53,-3.23,20.26
1.6090744994580746,-0.53,-3.23,20.26
1.6106422394514084,-0.53,-3.23,20.26
1.612050585448742,-0.53,-3.23,20.27
1.6136028468608856,-0.53,-3.23,20.27
1.6150564588606358,-0.53,-3.23,20.27
1.6165676526725292,-0.53,-3.23,20.27
1.6179698929190636,-0.53,-3.22,20.27
1.6195349395275116,-0.53,-3.22,20.27
1.6210523061454296,-0.53,-3.22,20.27
1.622434340417385,-0.53,-3.22,20.27
1.6240009665489197,-0.53,-3.22,20.27
1.6253733597695827,-0.53,-3.22,20.27
1.626964807510376,-0.53,-3.22,20.27
1.6283549293875694,-0.53,-3.22,20.27
1.6299192905426025,-0.53,-3.22,20.27
1.6313169933855534,-0.53,-3.22,20.27
1.6328808777034283,-0.53,-3.22,20.27
1.634272038936615,-0.53,-3.22,20.27
1.6358271278440952,-0.53,-3.22,20.27
1.6373075619339943,-0.53,-3.22,20.27
1.6387955732643604,-0.53,-3.22,20.27
1.6402690187096596,-0.53,-3.22,20.27
1.6417465060949326,-0.53,-3.22,20.27
1.643000517040491,-0.53,-3.22,20.27
1.6446625143289566,-0.53,-3.22,20.27
1.6461870521306992,-0.53,-3.22,20.27
1.6476011388003826,-0.53,-3.21,20.28
1.6491615921258926,-0.53,-3.21,20.27
1.6505642756819725,-0.53,-3.21,20.28
1.6520991772413254,-0.53,-3.21,20.28
1.6535948738455772,-0.53,-3.21,20.28
1.6550125740468502,-0.53,-3.21,20.28
1.6565352901816368,-0.52,-3.21,20.28
1.6594964265823364,-0.52,-3.21,20.28
1.6624660976231098,-0.53,-3.21,20.28
1.6652318239212036,-0.53,-3.21,20.28
1.6683672480285168,-0.53,-3.21,20.28
1.671288874000311,-0.53,-3.21,20.28
1.6741930060088634,-0.52,-3.2,20.28
1.6770888976752758,-0.53,-3.2,20.28
1.6801774948835373,-0.53,-3.2,20.28
1.6830831281840801,-0.53,-3.2,20.28
1.6859553828835487,-0.53,-3.2,20.29
1.6889927498996258,-0.52,-3.2,20.29
1.6918976716697216,-0.52,-3.2,20.29
1.694946151226759,-0.53,-3.19,20.29
1.6978403739631176,-0.52,-3.19,20.29
1.7008996307849884,-0.53,-3.19,20.29
1.7037651091814041,-0.52,-3.19,20.29
1.7067188918590546,-0.52,-3.19,20.29
1.709775548428297,-0.52,-3.19,20.29
1.71262688934803,-0.53,-3.19,20.29
1.7154487669467926,-0.52,-3.19,20.29
1.7186619192361832,-0.53,-3.18,20.3
1.7215274944901466,-0.52,-3.18,20.3
1.7245809584856033,-0.52,-3.18,20.3
1.7260320335626602,-0.52,-3.18,-267.33
1.7274150624871254,-0.53,-3.18,20.3
1.7290077917277813,-0.52,-3.18,20.3
1.7304699271917343,-0.53,-3.18,20.3
1.7319175153970718,-0.52,-3.18,20.3
1.7334096617996693,-0.53,-3.18,20.3
1.7348295487463474,-0.53,-3.18,20.3
1.7363921031355858,-0.53,-3.17,20.3
1.737787812948227,-0.52,-3.17,20.3
1.7393440157175064,-0.52,-3.17,20.3
1.7408186607062817,-0.52,-3.17,20.3
1.7423232980072498,-0.52,-3.17,20.3
1.7437175959348679,-0.52,-3.17,20.3
1.7452723532915115,-0.53,-3.17,20.3
1.7467417381703854,-0.53,-3.16,20.3
1.7482332438230515,-0.52,-3.16,20.3
1.749676201492548,-0.52,-3.16,20.3
1.7511214539408684,-0.52,-3.16,20.3
1.7524452023208141,-0.53,-3.16,20.31
1.7541358806192875,-0.53,-3.16,20.31
1.7554042115807533,-0.52,-3.16,20.31
1.7583836428821087,-0.52,-3.15,20.31
1.7614013738930225,-0.52,-3.15,20.31
1.7643594332039356,-0.52,-3.15,20.31
1.767474602907896,-0.52,-3.14,20.31
1.7703197784721851,-0.52,-3.14,20.31
1.7731939852237701,-0.52,-3.14,20.31
1.7763403356075287,-0.52,-3.14,20.31
1.7791194878518581,-0.52,-3.13,20.31
1.7820089608430862,-0.52,-3.13,20.31
1.7852075658738613,-0.52,-3.13,20.32
1.7879930175840855,-0.52,-3.12,20.32
1.7909003905951977,-0.52,-3.12,20.32
1.7940744049847126,-0.52,-3.12,20.32
1.7969827428460121,-0.52,-3.12,20.32
1.799940012395382,-0.52,-3.12,20.32
1.8028768636286259,-0.52,-3.12,20.32
1.8043673858046532,-0.52,-3.12,20.32
1.8057558722794056,-0.52,-3.12,20.32
1.807314645498991,-0.52,-3.11,20.32
1.8087407536804676,-0.53,-3.11,20.32
1.8102611117064953,-0.52,-3.11,20.32
1.8116983771324158,-0.52,-3.11,20.32
1.8133083619177341,-0.52,-3.11,20.32
1.8146983794867992,-0.52,-3.11,20.32
1.816274419426918,-0.52,-3.11,20.32
1.8176035918295383,-0.52,-3.11,20.32
1.8191667012870312,-0.52,-3.11,20.32
1.8205859884619713,-0.52,-3.11,20.32
1.8221356458961964,-0.52,-3.11,20.33
1.8235467933118343,-0.52,-3.1,20.32
1.8250916190445423,-0.52,-3.1,20.33
1.826602078974247,-0.52,-3.1,20.33
1.8280499316751957,-0.52,-3.1,20.33
1.829567052423954,-0.52,-3.1,20.33
1.8310103006660938,-0.52,-3.1,20.33
1.8324445895850658,-0.52,-3.1,20.33
1.8339984603226185,-0.52,-3.1,20.33
1.835400566458702,-0.52,-3.1,20.33
1.8369454108178616,-0.52,-3.1,20.33
1.8383615836501122,-0.52,-3.1,20.33
1.839925479143858,-0.52,-3.1,20.33
1.8414082825183868,-0.52,-3.1,20.33
1.8428816720843315,-0.52,-3.1,20.33
1.844350591301918,-0.52,-3.1,20.33
1.8458230383694172,-0.52,-3.1,20.33
1.847325123846531,-0.52,-3.1,20.33
1.848792478442192,-0.52,-3.1,20.33
1.8502326235175133,-0.52,-3.09,20.33
1.8517536409199238,-0.52,-3.09,20.33
1.8531084470450878,-0.52,-3.09,20.33
1.8547088168561459,-0.52,-3.09,20.33
1.8574856780469418,-0.52,-3.09,20.33
1.8606269136071205,-0.52,-3.09,20.33
1.8635660409927368,-0.52,-3.09,20.33
1.866541013121605,-0.52,-3.09,20.34
1.8693779930472374,-0.52,-3.09,20.34
1.8722645789384842,-0.52,-3.09,20.34
1.8754180558025837,-0.52,-3.09,20.34
1.8782627396285534,-0.52,-3.08,20.34
1.8813432082533836,-0.52,-3.09,20.34
1.8841096684336662,-0.52,-3.08,20.34
1.8872633092105389,-0.52,-3.08,20.34
1.8887247070670128,-0.52,-3.08,20.34
1.8902001082897186,-0.52,-3.09,20.34
1.8915700912475586,-0.52,-3.08,20.34
1.893155112862587,-0.52,-3.08,20.34
1.8944496884942055,-0.52,-3.08,20.34
1.8961314484477043,-0.52,-3.08,20.34
1.897607732564211,-0.52,-3.08,20.34
1.8990680761635303,-0.52,-3.08,20.34
1.9004086703062057,-0.52,-3.08,20.34
1.9020003862679005,-0.52,-3.08,20.34
1.903479564934969,-0.52,-3.08,20.34
1.9049848951399326,-0.52,-3.08,20.35
1.9063139744102955,-0.52,-3.08,20.34
1.9079164303839207,-0.52,-3.08,20.34
1.909306388348341,-0.52,-3.08,20.34
1.9108593799173832,-0.52,-3.08,20.34
1.9122588448226452,-0.52,-3.08,20.34
1.9137898720800877,-0.52,-3.08,20.34
1.9152023531496525,-0.52,-3.08,20.34
1.916816033422947,-0.52,-3.08,20.34
1.9181577563285828,-0.52,-3.08,20.34
1.91970831528306,-0.52,-3.08,20.34
1.9211380183696747,-0.52,-3.08,20.35
1.9226854033768177,-0.52,-3.08,20.35
1.9241065979003906,-0.52,-3.08,20.35
1.9256927780807018,-0.52,-3.08,20.35
1.9270715229213238,-0.52,-3.08,20.35
1.9286040030419827,-0.52,-3.08,20.35
1.9300146885216236,-0.52,-3.07,20.35
1.9315836057066917,-0.52,-3.07,20.35
1.933002457022667,-0.52,-3.07,20.35
1.9345350749790668,-0.52,-3.07,20.35
1.93594840914011,-0.52,-3.07,20.35
1.9374802708625793,-0.52,-3.07,20.35
1.938948292285204,-0.52,-3.07,20.35
1.9404661543667316,-0.52,-3.07,20.35
1.9419714212417603,-0.52,-3.07,20.35
1.9434200525283813,-0.52,-3.07,20.35
1.9448483623564243,-0.52,-3.07,20.35
1.9463901482522488,-0.52,-3.07,20.35
1.9477997720241547,-0.52,-3.07,20.35
1.9493639655411243,-0.52,-3.07,20.35
1.9507745206356049,-0.52,-3.07,20.35
1.952309686690569,-0.52,-3.07,20.35
1.9552894420921803,-0.52,-3.07,20.35
1.9582238383591175,-0.52,-3.07,20.35
1.9609678164124489,-0.52,-3.06,20.35
1.9641012474894524,-0.52,-3.06,20.36
1.966893281787634,-0.52,-3.06,20.35
1.9700337164103985,-0.52,-3.06,20.36
1.9728095903992653,-0.52,-3.06,20.36
1.9759564809501171,-0.52,-3.06,20.36
1.9789303243160248,-0.52,-3.06,20.36
1.9818229004740715,-0.52,-3.06,20.36
1.9846870824694633,-0.52,-3.06,20.36
1.9877931401133537,-0.52,-3.06,20.36
1.990623977035284,-0.52,-3.06,20.36
1.9937388487160206,-0.52,-3.06,20.36
1.9966097064316273,-0.52,-3.06,20.36
1.999630019068718,-0.52,-3.06,20.36
2.0024431943893433,-0.52,-3.05,20.36
2.005493424832821,-0.52,-3.05,20.36
2.008366383612156,-0.52,-3.05,20.36
2.011422213166952,-0.52,-3.05,20.36
2.014332704246044,-0.52,-3.05,20.37
2.0173338688910007,-0.52,-3.05,20.37
2.0202337205410004,-0.52,-3.05,20.36
2.0232702642679214,-0.52,-3.05,20.37
2.026241920888424,-0.52,-3.05,20.37
2.029202315956354,-0.52,-3.05,20.37
2.032068271189928,-0.52,-3.05,20.37
2.035117879509926,-0.52,-3.05,20.37
2.038010563701391,-0.52,-3.05,20.37
2.041056778281927,-0.52,-3.05,20.37
2.043918363749981,-0.52,-3.05,20.37
2.046952199190855,-0.52,-3.05,20.37
2.048418816179037,-0.52,-3.05,20.37
2.0499164648354053,-0.52,-3.05,20.37
2.0513944290578365,-0.52,-3.05,20.37
2.0541826151311398,-0.52,-3.05,20.38
2.0572611913084984,-0.52,-3.05,20.38
2.0602697767317295,-0.52,-3.05,20.38
2.061742354184389,-0.52,-3.05,20.38
2.0632314234972,-0.52,-3.04,20.38
2.0646524652838707,-0.52,-3.05,20.38
2.065969903022051,-0.52,-3.04,20.38
2.0676326155662537,-0.52,-3.04,20.38
2.068914260715246,-0.52,-3.04,20.38
2.070585872977972,-0.52,-3.04,20.38
2.0718954019248486,-0.52,-3.04,20.38
2.0735599249601364,-0.52,-3.04,20.38
2.0750710628926754,-0.52,-3.04,20.38
2.0765093490481377,-0.52,-3.04,20.38
2.0777891278266907,-0.52,-3.04,20.38
2.079479370266199,-0.52,-3.04,20.38
2.0808172188699245,-0.52,-3.04,20.38
2.082346621900797,-0.52,-3.04,20.38
2.0839410573244095,-0.52,-3.04,20.38
2.0853803418576717,-0.52,-3.04,20.38
2.086782466620207,-0.52,-3.04,20.38
2.0883714258670807,-0.52,-3.04,20.38
2.089655440300703,-0.52,-3.04,20.38
2.091320339590311,-0.52,-3.04,20.38
2.0927962213754654,-0.52,-3.04,20.38
2.0942815989255905,-0.52,-3.04,20.38
2.0957641899585724,-0.52,-3.04,20.38
2.0971254408359528,-0.51,-3.04,20.38
2.098725698888302,-0.51,-3.04,20.38
2.100188098847866,-0.51,-3.04,20.38
2.1016236171126366,-0.52,-3.04,20.38
2.1030670925974846,-0.52,-3.04,20.38
2.104477744549513,-0.51,-3.04,20.38
2.106120392680168,-0.51,-3.03,20.38
2.107441633939743,-0.52,-3.04,20.38
2.1090676560997963,-0.52,-3.04,20.38
2.1103799007833004,-0.52,-3.03,20.39
2.1120303235948086,-0.51,-3.03,20.39
2.1135082095861435,-0.51,-3.03,20.39
2.114940084517002,-0.52,-3.03,20.39
2.116390310227871,-0.52,-3.03,20.39
2.1177960075438023,-0.52,-3.03,20.39
2.1193813383579254,-0.52,-3.03,20.39
2.120746437460184,-0.52,-3.03,20.39
2.122396767139435,-0.52,-3.03,20.39
2.1237347312271595,-0.52,-3.03,20.39
2.125268578529358,-0.51,-3.03,20.39
2.126827623695135,-0.51,-3.03,20.39
2.1281955800950527,-0.51,-3.02,20.39
2.129733469337225,-0.51,-3.02,20.39
2.131119228899479,-0.51,-3.02,20.39
2.132726978510618,-0.51,-3.02,20.39
2.134076502174139,-0.52,-3.02,20.39
2.1356529481709003,-0.52,-3.02,20.39
2.1371743828058243,-0.52,-3.02,20.39
2.1385904885828495,-0.52,-3.02,20.39
2.140089899301529,-0.52,-3.02,20.39
2.141499951481819,-0.52,-3.02,20.39
2.1430908404290676,-0.52,-3.02,20.39
2.144563775509596,-0.52,-3.02,20.39
2.1459639817476273,-0.51,-3.02,20.39
2.147523909807205,-0.51,-3.02,20.4
2.1488976143300533,-0.52,-3.02,20.39
2.150468911975622,-0.52,-3.02,20.4
2.153220035135746,-0.51,-3.02,20.39
2.1563532575964928,-0.51,-3.01,20.39
2.1593590676784515,-0.51,-3.01,20.39
2.1623129658401012,-0.52,-3.01,20.4
2.165222391486168,-0.52,-3.01,20.4
2.1680173464119434,-0.51,-3.01,20.39
2.171149332076311,-0.51,-3.0,20.39
2.1741422340273857,-0.51,-3.0,20.4
2.176917187869549,-0.52,-3.0,20.4
2.180060852319002,-0.51,-3.0,20.4
2.182792603969574,-0.52,-3.0,20.4
2.185752257704735,-0.51,-3.0,20.4
2.188923802226782,-0.52,-3.0,20.4
2.1918281204998493,-0.51,-3.0,20.41
2.1946929208934307,-0.51,-3.0,20.41
2.197642996907234,-0.51,-3.0,20.41
2.2006563171744347,-0.52,-3.0,20.41
2.2037212438881397,-0.52,-3.0,20.42
2.2066115252673626,-0.51,-3.0,20.42
2.20954817160964,-0.51,-3.0,20.42
2.211109794676304,-0.52,-3.0,20.42
2.212411116808653,-0.52,-3.0,20.42
2.214078102260828,-0.52,-3.0,20.42
2.215565759688616,-0.52,-3.0,20.42
2.2169587537646294,-0.51,-3.0,20.42
2.2185234390199184,-0.51,-3.0,20.42
2.2198569364845753,-0.52,-3.0,20.42
2.2213791236281395,-0.51,-3.0,20.42
2.222964257001877,-0.51,-3.0,20.42
2.224300377070904,-0.51,-3.0,20.42
2.2258959263563156,-0.51,-3.0,20.42
2.2272293865680695,-0.51,-2.99,20.42
2.228837374597788,-0.51,-2.99,20.42
2.230317436158657,-0.51,-3.0,20.42
2.231688417494297,-0.52,-3.0,20.42
2.2332771122455597,-0.51,-2.99,20.42
2.2346492744982243,-0.51,-2.99,20.42
2.2362283505499363,-0.51,-2.99,20.42
2.237616643309593,-0.51,-2.99,20.42
2.2392091527581215,-0.51,-2.99,20.42
2.2406116500496864,-0.51,-2.99,20.42
2.2421275414526463,-0.51,-2.99,20.43
2.243596274405718,-0.51,-2.99,20.43
2.2450442165136337,-0.51,-2.99,20.43
2.2464840561151505,-0.51,-2.99,20.43
2.2480823285877705,-0.51,-2.99,20.43
2.2494516037404537,-0.51,-2.99,20.43
2.2523377910256386,-0.51,-2.99,20.43
2.255482506006956,-0.51,-2.99,20.43
2.2583926171064377,-0.51,-2.99,20.43
2.261345200240612,-0.51,-2.99,20.43
2.2643673978745937,-0.51,-2.99,20.43
2.267331823706627,-0.51,-2.99,20.43
2.2702135629951954,-0.51,-2.99,20.43
2.273028116673231,-0.51,-2.99,20.44
2.2761467546224594,-0.52,-2.99,20.43
2.2789647579193115,-0.51,-2.99,20.44
2.2820720560848713,-0.51,-2.98,20.44
2.2850482501089573,-0.51,-2.98,20.44
2.2880043126642704,-0.51,-2.98,20.44
2.2909736819565296,-0.51,-2.98,20.44
2.293936051428318,-0.51,-2.98,20.44
2.2968969009816647,-0.51,-2.98,20.44
2.299863714724779,-0.51,-2.98,20.44
2.3026756942272186,-0.52,-2.98,20.44
2.305645801126957,-0.51,-2.98,20.44
2.3086316511034966,-0.51,-2.98,20.44
2.311515472829342,-0.51,-2.98,20.44
2.314575430005789,-0.51,-2.97,20.44
2.315929375588894,-0.51,-2.97,20.44
2.3175893053412437,-0.51,-2.97,20.45
2.3190682902932167,-0.51,-2.97,20.45
2.320474147796631,-0.51,-2.97,20.45
2.32198778539896,-0.51,-2.97,20.45
2.3233379647135735,-0.51,-2.97,20.45
2.3248300999403,-0.51,-2.97,20.45
2.3264681324362755,-0.51,-2.97,20.45
2.3278272300958633,-0.51,-2.97,20.45
2.329350184649229,-0.51,-2.97,20.45
2.3307692147791386,-0.51,-2.97,20.45
2.332309391349554,-0.51,-2.97,20.45
2.333856772631407,-0.51,-2.97,20.45
2.3353281170129776,-0.51,-2.97,20.45
2.3367026410996914,-0.51,-2.96,20.45
2.338254414498806,-0.51,-2.96,20.45
2.3396946229040623,-0.51,-2.96,20.45
2.341115605086088,-0.51,-2.96,20.45
2.342740375548601,-0.51,-2.96,20.45
2.344098065048456,-0.51,-2.96,20.45
2.3456553481519222,-0.51,-2.96,20.45
2.347167167812586,-0.51,-2.96,20.45
2.348647266626358,-0.51,-2.96,20.45
2.3516108058393,-0.51,-2.96,20.45
2.354565978050232,-0.51,-2.96,20.45
2.3574524745345116,-0.51,-2.96,20.45
2.3604561910033226,-0.51,-2.96,20.45
2.3633004762232304,-0.51,-2.95,20.45
2.366339933127165,-0.51,-2.95,20.46
2.3692542798817158,-0.51,-2.95,20.46
2.370833646506071,-0.52,-2.95,20.46
2.3722653575241566,-0.52,-2.95,20.46
2.373805332928896,-0.51,-2.95,20.46
2.37522117421031,-0.51,-2.95,20.46
2.376749500632286,-0.51,-2.95,20.46
2.378231968730688,-0.51,-2.95,20.46
2.379700880497694,-0.51,-2.95,20.46
2.380972061306238,-0.51,-2.95,20.46
2.382635470479727,-0.51,-2.95,20.46
2.38390551880002,-0.51,-2.95,20.46
2.3856162391602993,-0.51,-2.95,20.46
2.387073215097189,-0.51,-2.94,20.46
2.3883922025561333,-0.51,-2.94,20.46
2.3900249302387238,-0.51,-2.94,20.46
2.3913321308791637,-0.51,-2.94,20.46
2.3930082507431507,-0.51,-2.94,20.46
2.394269622862339,-0.51,-2.94,20.46
2.3959695994853973,-0.51,-2.94,20.46
2.397331677377224,-0.51,-2.94,20.46
2.3989194445312023,-0.51,-2.94,20.46
2.4002006612718105,-0.51,-2.94,20.46
2.4018714912235737,-0.51,-2.94,20.46
2.403378687798977,-0.51,-2.94,20.46
2.4046384133398533,-0.51,-2.94,20.46
2.4063213244080544,-0.51,-2.94,20.46
2.40765218809247,-0.51,-2.94,20.46
2.40928540751338,-0.51,-2.94,20.46
2.4105943255126476,-0.51,-2.94,20.46
2.4122420325875282,-0.51,-2.94,20.46
2.4137241430580616,-0.51,-2.94,20.47
2.415021687746048,-0.51,-2.94,20.46
2.4166876189410686,-0.51,-2.94,20.46
2.418174535036087,-0.51,-2.94,20.46
2.4196452386677265,-0.51,-2.94,20.46
2.42095910012722,-0.51,-2.94,20.46
2.4224177934229374,-0.51,-2.94,20.47
2.4240683019161224,-0.51,-2.94,20.46
2.4254616163671017,-0.51,-2.93,20.47
2.4270529709756374,-0.51,-2.93,20.46
2.4283835254609585,-0.51,-2.93,20.47
2.429823338985443,-0.51,-2.93,20.47
2.4313402995467186,-0.51,-2.93,20.47
2.432864896953106,-0.51,-2.93,20.47
2.434426862746477,-0.51,-2.93,20.47
2.4358101822435856,-0.51,-2.93,20.47
2.4373219199478626,-0.51,-2.93,20.47
2.438759110867977,-0.51,-2.93,20.47
2.4402286261320114,-0.51,-2.93,20.47
2.4417602755129337,-0.51,-2.93,20.47
2.443160269409418,-0.51,-2.93,20.47
2.444762222468853,-0.51,-2.93,20.47
2.4461984038352966,-0.51,-2.93,20.47
2.4477342069149017,-0.51,-2.93,20.47
2.4506608359515667,-0.51,-2.93,20.47
2.4536512345075607,-0.51,-2.93,20.47
2.4565982073545456,-0.51,-2.93,20.47
2.4595623202621937,-0.51,-2.93,20.47
2.4625146314501762,-0.51,-2.92,20.47
2.4654419869184494,-0.51,-2.92,20.47
2.4684558995068073,-0.51,-2.92,20.47
2.471410907804966,-0.51,-2.92,20.47
2.4743584133684635,-0.51,-2.92,20.47
2.4770805463194847,-0.51,-2.92,20.47
2.4802436120808125,-0.51,-2.92,20.47
2.4832449331879616,-0.51,-2.92,20.47
2.486033771187067,-0.51,-2.92,20.47
2.489106670022011,-0.51,-2.92,20.47
2.492094110697508,-0.51,-2.92,20.47
2.4950337149202824,-0.51,-2.92,20.47
2.497796941548586,-0.51,-2.92,20.47
2.5007976181805134,-0.51,-2.92,20.47
2.5039555206894875,-0.51,-2.92,20.48
2.5066994167864323,-0.51,-2.92,20.48
2.5096394941210747,-0.5,-2.92,20.48
2.5126982666552067,-0.51,-2.92,20.48
2.5156707875430584,-0.51,-2.92,20.48
2.5186135321855545,-0.51,-2.92,20.48
2.521680150181055,-0.51,-2.92,20.48
2.524635411798954,-0.51,-2.92,20.48
2.527530651539564,-0.51,-2.92,20.48
2.5305368527770042,-0.51,-2.92,20.48
2.5320394225418568,-0.51,-2.92,20.48
2.5333862863481045,-0.51,-2.92,20.48
2.534946572035551,-0.51,-2.92,20.48
2.536328736692667,-0.51,-2.92,20.48
2.537955541163683,-0.51,-2.92,20.48
2.5392783917486668,-0.51,-2.92,20.48
2.540873721241951,-0.51,-2.92,20.48
2.5422433502972126,-0.51,-2.92,20.48
2.5438106320798397,-0.51,-2.92,20.48
2.5451968759298325,-0.51,-2.92,20.48
2.5480953082442284,-0.51,-2.92,20.48
2.5511537306010723,-0.51,-2.91,20.48
2.5540354438126087,-0.51,-2.91,20.48
2.557155143469572,-0.51,-2.91,20.48
2.5601275973021984,-0.51,-2.9,20.48
2.5629953630268574,-0.51,-2.88,20.48
2.5659094825387,-0.51,-2.88,20.48
2.569004099816084,-0.51,-2.88,20.48
2.571965366601944,-0.51,-2.88,20.48
2.5733447298407555,-0.51,-2.88,20.48
2.574906449764967,-0.51,-2.89,20.48
2.576387420296669,-0.51,-2.89,20.48
2.5778926350176334,-0.51,-2.89,20.48
2.579277765005827,-0.51,-2.89,20.48
2.580829083919525,-0.51,-2.89,20.48
2.582310311496258,-0.51,-2.89,20.48
2.5837761126458645,-0.51,-2.9,20.48
2.585280105471611,-0.51,-2.89,20.48
2.5867528058588505,-0.51,-2.89,20.48
2.5879838801920414,-0.51,-2.89,20.48
2.589646551758051,-0.51,-2.89,20.48
2.5909543931484222,-0.51,-2.89,20.48
2.5926660522818565,-0.51,-2.89,20.48
2.5939373895525932,-0.51,-2.89,20.48
2.5955960303545,-0.51,-2.89,20.48
2.5968995541334152,-0.51,-2.89,20.48
2.598535280674696,-0.51,-2.89,20.48
2.599834945052862,-0.51,-2.89,20.48
2.601500976830721,-0.51,-2.89,20.48
2.6027926057577133,-0.51,-2.89,20.48
2.604463070631027,-0.51,-2.89,20.48
2.6059825867414474,-0.51,-2.89,20.48
2.6074299812316895,-0.51,-2.89,20.48
2.60873881354928,-0.51,-2.89,20.48
2.6104122810065746,-0.51,-2.89,20.48
2.6116990745067596,-0.51,-2.89,20.48
2.613190308213234,-0.51,-2.89,20.48
2.6148465387523174,-0.51,-2.89,20.48
2.616128358989954,-0.51,-2.89,20.48
2.6178056709468365,-0.51,-2.89,20.48
2.6192854419350624,-0.51,-2.89,20.48
2.6207673959434032,-0.51,-2.89,20.48
2.6220561787486076,-0.51,-2.89,20.48
2.623716227710247,-0.51,-2.88,20.48
2.625201728194952,-0.51,-2.88,20.49
2.6265833228826523,-0.51,-2.89,20.49
2.628108035773039,-0.51,-2.89,20.49
2.6294627636671066,-0.51,-2.89,20.49
2.6311218552291393,-0.51,-2.89,20.49
2.632451307028532,-0.51,-2.89,20.49
2.6339997947216034,-0.51,-2.89,20.49
2.6354621835052967,-0.51,-2.89,20.49
2.6370410285890102,-0.51,-2.89,20.49
2.6383536644279957,-0.51,-2.89,20.49
2.639910511672497,-0.51,-2.88,20.49
2.641336690634489,-0.51,-2.88,20.49
2.64286732301116,-0.51,-2.88,20.49
2.644330706447363,-0.51,-2.88,20.49
2.6458431743085384,-0.51,-2.88,20.49
2.6488457657396793,-0.51,-2.88,20.49
2.6515963673591614,-0.51,-2.88,20.49
2.654742531478405,-0.51,-2.88,20.49
2.6577113457024097,-0.51,-2.89,20.49
2.6605547852814198,-0.51,-2.89,20.49
2.6634599715471268,-0.51,-2.89,20.49
2.6665451116859913,-0.51,-2.89,20.49
2.669551331549883,-0.51,-2.89,20.49
2.6723207384347916,-0.51,-2.89,20.49
2.675413653254509,-0.51,-2.88,20.49
2.678397797048092,-0.51,-2.88,20.49
2.6813979484140873,-0.51,-2.88,20.49
2.6842932254076004,-0.51,-2.88,20.49
2.6872759386897087,-0.51,-2.88,20.49
2.6900460459291935,-0.51,-2.88,20.49
2.693037588149309,-0.51,-2.89,20.49
2.6947153694927692,-0.51,-2.89,20.49
2.696136735379696,-0.51,-2.89,20.49
2.697680614888668,-0.51,-2.89,20.49
2.69907858222723,-0.51,-2.89,20.49
2.7004122361540794,-0.51,-2.89,20.49
2.7020955830812454,-0.51,-2.89,20.49
2.703544843941927,-0.51,-2.89,20.49
2.7048419900238514,-0.51,-2.89,20.49
2.7065255977213383,-0.51,-2.89,20.49
2.7077877558767796,-0.51,-2.89,20.49
2.709493514150381,-0.51,-2.89,20.49
2.7109511010348797,-0.51,-2.88,20.49
2.712366309016943,-0.51,-2.88,20.49
2.7139286175370216,-0.51,-2.88,20.49
2.715402938425541,-0.51,-2.88,20.49
2.716690491884947,-0.51,-2.88,20.49
2.7183661237359047,-0.51,-2.88,20.49
2.719634786248207,-0.51,-2.88,20.5
2.7212926633656025,-0.51,-2.88,20.49
2.7228048630058765,-0.51,-2.88,20.49
2.7242834717035294,-0.51,-2.88,20.49
2.725657880306244,-0.51,-2.88,20.49
2.7270691990852356,-0.51,-2.88,20.49
2.7287114560604095,-0.51,-2.88,20.49
2.730026911944151,-0.51,-2.88,20.49
2.7315343990921974,-0.51,-2.88,20.49
2.7330710664391518,-0.51,-2.88,20.49
2.7344904877245426,-0.51,-2.88,20.5
2.7361100502312183,-0.51,-2.88,20.5
2.737510073930025,-0.51,-2.88,20.5
2.7389274202287197,-0.51,-2.88,20.5
2.740410078316927,-0.51,-2.89,20.5
2.7420432716608047,-0.51,-2.89,20.5
2.7433605045080185,-0.51,-2.88,20.5
2.7464307136833668,-0.51,-2.88,20.5
2.749421026557684,-0.51,-2.89,20.49
2.7522349394857883,-0.51,-2.88,20.5
2.755307476967573,-0.51,-2.88,20.5
2.7580964267253876,-0.51,-2.88,20.49
2.7611712105572224,-0.51,-2.88,20.49
2.7639812268316746,-0.51,-2.87,20.5
2.7671869955956936,-0.51,-2.88,20.5
2.7699634805321693,-0.51,-2.87,20.5
2.7729988619685173,-0.51,-2.87,20.5
2.7760602086782455,-0.51,-2.87,20.5
2.7789968214929104,-0.51,-2.87,20.5
2.7817847542464733,-0.51,-2.87,20.5
2.7849179543554783,-0.51,-2.87,20.5
2.7878201119601727,-0.51,-2.87,20.5
2.790809743106365,-0.51,-2.87,20.5
2.793738566339016,-0.51,-2.87,20.5
2.796515181660652,-0.51,-2.87,20.5
2.7996700778603554,-0.51,-2.87,20.5
2.802685309201479,-0.51,-2.87,20.5
2.8054216913878918,-0.51,-2.87,20.5
2.808577921241522,-0.51,-2.87,20.5
2.811512514948845,-0.51,-2.86,20.5
2.814328823238611,-0.51,-2.86,20.5
2.8174266256392,-0.51,-2.86,20.5
2.820223592221737,-0.51,-2.86,20.5
2.823363572359085,-0.51,-2.86,20.5
2.826286591589451,-0.51,-2.86,20.5
2.8292786851525307,-0.51,-2.86,20.5
2.8307634443044662,-0.51,-2.86,20.5
2.832072988152504,-0.51,-2.86,20.5
2.8337211571633816,-0.51,-2.86,20.5
2.8352037705481052,-0.51,-2.86,20.5
2.8366849794983864,-0.51,-2.86,20.5
2.837979234755039,-0.51,-2.86,20.5
2.8396417684853077,-0.51,-2.86,20.5
2.840952791273594,-0.51,-2.86,20.5
2.8425931334495544,-0.51,-2.86,20.51
2.8440701849758625,-0.51,-2.86,20.51
2.8469345532357693,-0.51,-2.86,20.5
2.8498676791787148,-0.51,-2.86,20.5
2.8529327549040318,-0.51,-2.86,20.51
2.854420654475689,-0.51,-2.86,20.51
2.8558992445468903,-0.51,-2.86,20.5
2.8573499135673046,-0.51,-2.86,20.51
2.858762424439192,-0.51,-2.86,20.51
2.8603372015058994,-0.51,-2.86,20.51
2.8618229031562805,-0.51,-2.85,20.5
2.863292660564184,-0.51,-2.86,20.51
2.8646770901978016,-0.51,-2.86,20.51
2.8662198409438133,-0.51,-2.86,20.51
2.867642119526863,-0.51,-2.86,20.5
2.8690743297338486,-0.51,-2.85,20.51
2.8706622533500195,-0.51,-2.85,20.51
2.8720536045730114,-0.51,-2.85,20.51
2.873626098036766,-0.51,-2.85,20.51
2.8751023821532726,-0.51,-2.85,20.51
2.8765331730246544,-0.51,-2.85,20.51
2.8780831582844257,-0.51,-2.86,20.51
2.8795544765889645,-0.51,-2.85,20.51
2.88100902736187,-0.51,-2.85,20.51
2.8825301118195057,-0.51,-2.86,20.51
2.884009223431349,-0.51,-2.86,20.51
2.88547171279788,-0.51,-2.86,20.51
2.8869399651885033,-0.51,-2.86,20.51
2.8884401097893715,-0.51,-2.86,20.51
2.889839243143797,-0.51,-2.86,20.51
2.891401454806328,-0.51,-2.86,20.51
2.892859283834696,-0.51,-2.86,20.51
2.894348729401827,-0.51,-2.85,20.51
2.8958388678729534,-0.51,-2.85,20.51
2.897305302321911,-0.51,-2.85,20.51
2.898784015327692,-0.51,-2.85,20.51
2.9002512507140636,-0.51,-2.85,20.52
2.9016977325081825,-0.51,-2.85,20.51
2.9031687937676907,-0.51,-2.85,20.51
2.904707983136177,-0.51,-2.85,20.51
2.906192295253277,-0.5,-2.85,20.51
2.907659988850355,-0.51,-2.85,20.52
2.909134279936552,-0.51,-2.85,20.51
2.910598624497652,-0.51,-2.85,20.51
2.9119826294481754,-0.51,-2.85,20.52
2.9134974777698517,-0.51,-2.85,20.52
2.9148658737540245,-0.51,-2.85,20.51
2.916536971926689,-0.51,-2.85,20.52
2.9179821610450745,-0.51,-2.85,20.52
2.9192803725600243,-0.51,-2.85,20.52
2.9209764525294304,-0.51,-2.85,20.52
2.922453857958317,-0.51,-2.85,20.52
2.9239316694438457,-0.51,-2.85,20.52
2.925404977053404,-0.51,-2.85,20.52
2.926880694925785,-0.51,-2.85,20.52
2.9283644519746304,-0.51,-2.85,20.52
2.929799135774374,-0.51,-2.85,20.52
2.931305665522814,-0.51,-2.85,20.52
2.9328117854893208,-0.51,-2.85,20.52
2.934280727058649,-0.51,-2.85,20.52
2.935762021690607,-0.51,-2.85,20.52
2.9372339360415936,-0.51,-2.85,20.52
2.9387237764894962,-0.51,-2.84,20.52
2.940031759440899,-0.51,-2.84,20.52
2.9415748305618763,-0.51,-2.84,20.52
2.943152703344822,-0.51,-2.84,20.52
2.946106545627117,-0.51,-2.85,20.52
2.9489497393369675,-0.51,-2.84,20.52
2.9519625566899776,-0.51,-2.85,20.52
2.9549885243177414,-0.51,-2.85,20.52
2.9578937254846096,-0.51,-2.85,20.52
2.9609107561409473,-0.51,-2.85,20.52
2.963868647813797,-0.51,-2.85,20.52
2.966710463166237,-0.51,-2.84,20.52
2.9697175845503807,-0.51,-2.84,20.52
2.9726531133055687,-0.51,-2.84,20.52
2.97562051191926,-0.51,-2.84,20.52
2.978492844849825,-0.51,-2.84,20.52
2.9816128574311733,-0.51,-2.84,20.52
2.9845600835978985,-0.51,-2.84,20.52
2.9875116162002087,-0.51,-2.83,20.53
2.9904571287333965,-0.51,-2.83,20.54
2.993349716067314,-0.51,-2.83,20.54
2.9963817857205868,-0.51,-2.83,20.53
2.9992977119982243,-0.51,-2.83,20.53
3.0022746846079826,-0.51,-2.83,20.54
3.0052476078271866,-0.51,-2.83,20.54
3.0081895291805267,-0.51,-2.83,20.54
3.0111558735370636,-0.51,-2.83,20.54
3.0141387432813644,-0.51,-2.83,20.54
3.0156212896108627,-0.51,-2.83,20.54
3.017097629606724,-0.51,-2.83,20.53
3.0185670740902424,-0.51,-2.83,20.53
3.0200558491051197,-0.51,-2.83,20.53
3.021525226533413,-0.51,-2.83,20.53
3.0229135043919086,-0.51,-2.83,20.53
3.024485819041729,-0.51,-2.83,20.53
3.025964878499508,-0.51,-2.83,20.53
3.0274316668510437,-0.51,-2.83,20.54
3.028925396502018,-0.51,-2.83,20.55
3.030406653881073,-0.51,-2.83,20.55
3.0318876951932907,-0.51,-2.83,20.55
3.0333616584539413,-0.51,-2.83,20.54
3.0348538272082806,-0.51,-2.83,20.53
3.036317590624094,-0.51,-2.83,20.51
3.037806823849678,-0.51,-2.83,20.5
3.0392852388322353,-0.51,-2.83,20.49
3.0407625027000904,-0.51,-2.83,20.49
3.043613150715828,-0.51,-2.83,20.49
3.046682883054018,-0.51,-2.83,20.49
3.0496421083807945,-0.51,-2.83,20.49
3.0524624809622765,-0.51,-2.83,20.48
3.0555488020181656,-0.51,-2.83,20.48
3.0583226829767227,-0.51,-2.83,20.49
3.061320163309574,-0.51,-2.83,20.49
3.064318262040615,-0.51,-2.83,20.5
3.067393857985735,-0.51,-2.83,20.5
3.0703263878822327,-0.51,-2.83,20.5
3.073271866887808,-0.51,-2.82,20.49
3.0761523582041264,-0.51,-2.82,20.49
3.0792089514434338,-0.51,-2.82,20.49
3.0820927023887634,-0.51,-2.82,20.48
3.085017252713442,-0.51,-2.82,20.48
3.0866021402180195,-0.51,-2.82,20.48
3.087977286428213,-0.51,-2.82,20.49
3.089571375399828,-0.51,-2.82,20.5
3.091041039675474,-0.51,-2.82,20.49
3.0924402065575123,-0.51,-2.82,20.49
3.094001229852438,-0.51,-2.82,20.49
3.0954710617661476,-0.51,-2.82,20.5
3.0969358906149864,-0.51,-2.82,20.5
3.098349016159773,-0.51,-2.82,20.51
3.0999160669744015,-0.51,-2.82,20.52
3.1013864018023014,-0.5,-2.82,20.52
3.102884266525507,-0.51,-2.82,20.53
3.104354340583086,-0.51,-2.82,20.54
3.1058450527489185,-0.51,-2.82,20.55
3.1073141507804394,-0.51,-2.82,20.56
3.1087625361979008,-0.51,-2.82,20.55
3.1102746687829494,-0.51,-2.82,20.55
3.111754421144724,-0.51,-2.82,20.54
3.1132378689944744,-0.51,-2.82,20.54
3.1146736070513725,-0.51,-2.82,20.54
3.116187795996666,-0.51,-2.82,20.54
3.1176695376634598,-0.51,-2.82,20.53
3.1191502436995506,-0.51,-2.82,20.53
3.120595410466194,-0.51,-2.82,20.53
3.1221079602837563,-0.51,-2.82,20.53
3.123563591390848,-0.5,-2.82,20.53
3.125040613114834,-0.51,-2.82,20.53
3.1265393309295177,-0.51,-2.82,20.53
3.12779862806201,-0.51,-2.82,20.54
3.1293147057294846,-0.51,-2.82,20.54
3.13096771761775,-0.51,-2.82,20.52
3.1322417110204697,-0.51,-2.82,20.52
3.1339246295392513,-0.51,-2.82,20.53
3.1352215968072414,-0.51,-2.82,20.53
3.1368869096040726,-0.51,-2.82,20.53
3.138375196605921,-0.51,-2.82,20.54
3.139854583889246,-0.51,-2.82,20.53
3.1413300335407257,-0.51,-2.82,20.53
3.1442859321832657,-0.51,-2.82,20.53
3.1470602303743362,-0.51,-2.82,20.54
3.150205012410879,-0.51,-2.82,20.56
3.1531647220253944,-0.51,-2.82,20.56
3.1561069637537003,-0.51,-2.82,20.55
3.1590703167021275,-0.51,-2.82,20.55
3.1620270535349846,-0.51,-2.82,20.54
3.1649877689778805,-0.51,-2.82,20.54
3.1679501086473465,-0.51,-2.82,20.54
3.1708983927965164,-0.51,-2.82,20.55
3.1738647408783436,-0.51,-2.82,20.56
3.1768265776336193,-0.51,-2.82,20.56
3.178235698491335,-0.51,-2.81,20.56
3.1797305196523666,-0.51,-2.81,20.56
3.181150361895561,-0.51,-2.81,20.55
3.182704035192728,-0.51,-2.81,20.56
3.184198021888733,-0.51,-2.81,20.56
3.1855673119425774,-0.51,-2.81,20.56
3.1871590949594975,-0.5,-2.81,20.56
3.1885504983365536,-0.51,-2.81,20.56
3.1901321299374104,-0.51,-2.81,20.56
3.191611669957638,-0.51,-2.81,20.56
3.193056296557188,-0.51,-2.81,20.56
3.1945725046098232,-0.51,-2.81,20.56
3.1960346288979053,-0.51,-2.81,20.56
3.197517517954111,-0.51,-2.81,20.56
3.1989888697862625,-0.51,-2.81,20.56
3.200480055063963,-0.51,-2.81,20.56
3.201865505427122,-0.51,-2.81,20.56
3.203446689993143,-0.51,-2.81,20.56
3.2049054875969887,-0.51,-2.81,20.56
3.2063969746232033,-0.51,-2.81,20.56
3.207883834838867,-0.51,-2.81,20.56
3.2093320414423943,-0.51,-2.81,20.56
3.21077062189579,-0.51,-2.81,20.56
3.212319891899824,-0.51,-2.81,20.56
3.2137897349894047,-0.5,-2.81,20.56
3.215268660336733,-0.51,-2.81,20.56
3.2167551293969154,-0.51,-2.81,20.56
3.2182268649339676,-0.51,-2.81,20.56
3.2197203747928143,-0.51,-2.81,20.56
3.2211854308843613,-0.51,-2.81,20.56
3.2226166240870953,-0.51,-2.81,20.56
3.224150463938713,-0.51,-2.81,20.56
3.225612435489893,-0.51,-2.81,20.56
3.2270927131175995,-0.51,-2.8,20.56
3.228584636002779,-0.51,-2.8,20.56
3.230060450732708,-0.51,-2.8,20.56
3.231535993516445,-0.51,-2.8,20.56
3.2330242693424225,-0.51,-2.8,20.55
3.2343988120555878,-0.51,-2.8,20.56
3.2359830029308796,-0.51,-2.8,20.56
3.2374236844480038,-0.5,-2.8,20.56
3.238919608294964,-0.51,-2.8,20.56
3.2418894059956074,-0.51,-2.8,20.56
3.244785901159048,-0.51,-2.8,20.56
3.2478149496018887,-0.51,-2.8,20.56
3.2506083548069,-0.51,-2.8,20.56
3.2535932324826717,-0.51,-2.8,20.56
3.2567086964845657,-0.51,-2.8,20.56
3.2596448995172977,-0.51,-2.8,20.56
3.2626012787222862,-0.51,-2.8,20.57
3.265551596879959,-0.51,-2.8,20.57
3.2685163617134094,-0.51,-2.8,20.57
3.2714707031846046,-0.5,-2.8,20.57
3.2744199335575104,-0.51,-2.8,20.57
3.277372535318136,-0.51,-2.8,20.57
3.2802372351288795,-0.51,-2.8,20.56
3.2831982858479023,-0.51,-2.8,20.56
3.286264229565859,-0.51,-2.8,20.57
3.2892100997269154,-0.51,-2.8,20.56
3.292171161621809,-0.51,-2.8,20.56
3.2951353639364243,-0.51,-2.8,20.57
3.298089485615492,-0.5,-2.8,20.57
3.300959948450327,-0.51,-2.8,20.57
3.3040114752948284,-0.51,-2.8,20.57
3.3068885169923306,-0.5,-2.8,20.57
3.3099187053740025,-0.51,-2.8,20.57
3.3127018436789513,-0.51,-2.8,20.57
3.315739158540964,-0.51,-2.8,20.58
3.318544387817383,-0.51,-2.8,20.58
3.3217570558190346,-0.51,-2.8,20.6
3.324709616601467,-0.51,-2.8,20.6
3.3276670202612877,-0.5,-2.8,20.6
3.3306265138089657,-0.51,-2.8,20.6
3.333589229732752,-0.51,-2.8,20.59
3.3365399204194546,-0.5,-2.8,20.59
3.337793819606304,-0.51,-2.8,20.59
3.3408138677477837,-0.51,-2.8,20.58
3.343899082392454,-0.51,-2.8,20.58
3.3454087860882282,-0.5,-2.8,20.58
3.3468790985643864,-0.5,-2.8,20.58
3.348371785134077,-0.5,-2.8,20.58
3.3496747203171253,-0.51,-2.8,20.58
3.3513359874486923,-0.5,-2.8,20.58
3.352799855172634,-0.5,-2.8,20.58
3.3542883805930614,-0.51,-2.8,20.58
3.355598136782646,-0.51,-2.8,20.58
3.3570608124136925,-0.51,-2.8,20.58
3.3587244637310505,-0.51,-2.8,20.58
3.3602040745317936,-0.51,-2.8,20.58
3.3616848811507225,-0.5,-2.8,20.58
3.362987533211708,-0.51,-2.8,20.58
3.364642672240734,-0.51,-2.8,20.58
3.3660273142158985,-0.51,-2.8,20.58
3.367428008466959,-0.51,-2.8,20.58
3.3690874576568604,-0.5,-2.8,20.59
3.3705530129373074,-0.5,-2.8,20.58
3.372035913169384,-0.5,-2.8,20.58
3.373495850712061,-0.51,-2.8,20.58
3.374997429549694,-0.51,-2.8,20.58
3.376340840011835,-0.51,-2.8,20.58
3.3779581002891064,-0.51,-2.8,20.58
3.3792946822941303,-0.51,-2.8,20.58
3.380873266607523,-0.5,-2.8,20.58
3.382277000695467,-0.51,-2.8,20.58
3.3838639706373215,-0.5,-2.8,20.58
3.3852240443229675,-0.5,-2.8,20.58
3.3868187181651592,-0.5,-2.8,20.59
3.3882525004446507,-0.51,-2.79,20.58
3.389674235135317,-0.5,-2.79,20.59
3.3912546783685684,-0.5,-2.8,20.59
3.3927389346063137,-0.5,-2.8,20.59
3.3942235484719276,-0.51,-2.8,20.59
3.395673271268606,-0.5,-2.79,20.59
3.3971654884517193,-0.51,-2.79,20.59
3.3986582458019257,-0.5,-2.79,20.59
3.40004999935627,-0.51,-2.79,20.59
3.4016173407435417,-0.51,-2.79,20.59
3.402997087687254,-0.51,-2.79,20.59
3.404564779251814,-0.51,-2.79,20.59
3.4059594571590424,-0.5,-2.79,20.59
3.4075098372995853,-0.5,-2.79,20.59
3.408933501690626,-0.5,-2.79,20.59
3.4104848317801952,-0.5,-2.79,20.59
3.411881949752569,-0.5,-2.79,20.59
3.413428444415331,-0.5,-2.79,20.59
3.414882693439722,-0.5,-2.79,20.59
3.4164130836725235,-0.5,-2.79,20.59
3.4178793132305145,-0.5,-2.79,20.59
3.4193582460284233,-0.5,-2.79,20.59
3.4207815937697887,-0.5,-2.79,20.59
3.422244220972061,-0.51,-2.79,20.59
3.423794623464346,-0.51,-2.79,20.59
3.425276082009077,-0.5,-2.79,20.59
3.4267644062638283,-0.5,-2.79,20.59
3.428218938410282,-0.51,-2.79,20.59
3.4296967163681984,-0.51,-2.79,20.59
3.431169729679823,-0.5,-2.79,20.59
3.432673115283251,-0.5,-2.79,20.59
3.434106320142746,-0.5,-2.79,20.59
3.435417380183935,-0.5,-2.79,20.59
3.437099877744913,-0.51,-2.79,20.59
3.4400230050086975,-0.5,-2.79,20.59
3.4429380781948566,-0.5,-2.79,20.59
3.4457670226693153,-0.51,-2.79,20.59
3.4489341229200363,-0.51,-2.79,20.6
3.4518921598792076,-0.51,-2.79,20.6
3.4547131694853306,-0.51,-2.79,20.6
3.45781322568655,-0.51,-2.79,20.6
3.4607101306319237,-0.51,-2.79,20.6
3.463645812124014,-0.51,-2.79,20.6
3.466667789965868,-0.5,-2.79,20.6
3.4694900922477245,-0.5,-2.79,20.59
3.4725355245172977,-0.5,-2.79,20.6
3.4755429290235043,-0.51,-2.79,20.59
3.478463988751173,-0.51,-2.79,20.6
3.481458030641079,-0.5,-2.79,20.59
3.4844320081174374,-0.51,-2.79,20.59
3.4872723519802094,-0.51,-2.79,20.59
3.490302801132202,-0.51,-2.79,20.6
3.493243131786585,-0.5,-2.79,20.6
3.4961728788912296,-0.5,-2.79,20.6
3.4991687424480915,-0.51,-2.79,20.6
3.5006889924407005,-0.5,-2.8,20.6
3.5021826550364494,-0.5,-2.8,20.6
3.503643449395895,-0.5,-2.79,20.6
3.5051257014274597,-0.5,-2.79,20.6
3.5066058337688446,-0.5,-2.8,20.6
3.5081025063991547,-0.5,-2.8,20.6
3.509569648653269,-0.51,-2.79,20.6
3.5110496804118156,-0.51,-2.79,20.6
3.512461878359318,-0.5,-2.8,20.6
3.513914503157139,-0.51,-2.8,20.6
3.515478178858757,-0.51,-2.8,20.6
3.516964539885521,-0.51,-2.8,20.6
3.5184479020535946,-0.5,-2.8,20.6
3.519698977470398,-0.5,-2.8,20.6
3.521403420716524,-0.5,-2.8,20.6
3.522799491882324,-0.5,-2.8,20.6
3.5243663750588894,-0.5,-2.8,20.6
3.5257562175393105,-0.51,-2.8,20.6
3.5273070856928825,-0.51,-2.8,20.6
3.5287897922098637,-0.51,-2.8,20.6
3.530266396701336,-0.51,-2.8,20.6
3.531723391264677,-0.5,-2.8,20.6
3.533223319798708,-0.5,-2.8,20.6
3.5345030799508095,-0.51,-2.8,20.6
3.53614641726017,-0.5,-2.8,20.6
3.539057284593582,-0.5,-2.8,20.6
3.542028922587633,-0.51,-2.8,20.6
3.5449935644865036,-0.51,-2.8,20.6
3.547975782305002,-0.51,-2.8,20.6
3.5509765185415745,-0.5,-2.8,20.6
3.553795486688614,-0.51,-2.8,20.61
3.556715242564678,-0.5,-2.8,20.61
3.5596208162605762,-0.51,-2.8,20.61
3.5626459531486034,-0.5,-2.8,20.61
3.565788973122835,-0.51,-2.79,20.61
3.5687133707106113,-0.51,-2.8,20.61
3.5716777704656124,-0.5,-2.8,20.61
3.574641641229391,-0.5,-2.8,20.61
3.5775996036827564,-0.5,-2.79,20.61
3.5805572159588337,-0.5,-2.8,20.61
3.58337639272213,-0.5,-2.79,20.61
3.586297370493412,-0.5,-2.79,20.61
3.5894095227122307,-0.5,-2.79,20.61
3.592367220669985,-0.5,-2.79,20.61
3.595264505594969,-0.5,-2.79,20.61
3.598179094493389,-0.5,-2.79,20.61
3.6010935865342617,-0.51,-2.79,20.61
3.602749425917864,-0.5,-2.79,20.61
3.604223482310772,-0.5,-2.79,20.61
3.605583269149065,-0.5,-2.79,20.61
3.6071277484297752,-0.5,-2.79,20.61
3.6086549423635006,-0.5,-2.79,20.61
3.6101404428482056,-0.5,-2.79,20.61
3.611541673541069,-0.5,-2.79,20.61
3.6130955778062344,-0.5,-2.79,20.61
3.614498794078827,-0.51,-2.79,20.61
3.6160586699843407,-0.5,-2.79,20.61
3.6175290793180466,-0.5,-2.79,20.62
3.618999883532524,-0.5,-2.79,20.62
3.6204910837113857,-0.5,-2.79,20.62
3.6219682209193707,-0.5,-2.79,20.61
3.6234579011797905,-0.5,-2.79,20.62
3.6248615123331547,-0.51,-2.79,20.62
3.6263206228613853,-0.51,-2.79,20.62
3.627812173217535,-0.5,-2.79,20.62
3.629368506371975,-0.5,-2.79,20.62
3.6308336593210697,-0.5,-2.79,20.62
3.632206529378891,-0.5,-2.79,20.62
3.633718755096197,-0.5,-2.79,20.62
3.6352166682481766,-0.5,-2.79,20.62
3.6396553441882133,-0.5,-2.79,20.61
3.6426772102713585,-0.5,-2.79,20.62
3.6455296128988266,-0.51,-2.79,20.62
3.648573085665703,-0.5,-2.79,20.62
3.6515466682612896,-0.5,-2.79,20.62
3.65448896959424,-0.5,-2.79,20.62
3.6574370712041855,-0.5,-2.79,20.62
3.6589340269565582,-0.5,-2.79,20.62
3.6604368835687637,-0.5,-2.79,20.62
3.6616886034607887,-0.5,-2.79,20.62
3.6631965264678,-0.51,-2.79,20.62
3.664682935923338,-0.5,-2.79,20.62
3.666336167603731,-0.5,-2.79,20.62
3.667734533548355,-0.5,-2.79,20.62
3.6692977137863636,-0.5,-2.79,20.62
3.670575588941574,-0.5,-2.79,20.62
3.6722560189664364,-0.51,-2.79,20.62
3.6737339198589325,-0.5,-2.79,20.62
3.675207208842039,-0.5,-2.79,20.62
3.676697351038456,-0.51,-2.79,20.62
3.6781697161495686,-0.51,-2.79,20.62
3.6795175336301327,-0.5,-2.79,20.62
3.681126404553652,-0.5,-2.79,20.62
3.682426944375038,-0.51,-2.79,20.62
3.6840951703488827,-0.51,-2.79,20.62
3.6855769753456116,-0.5,-2.79,20.62
3.6869273968040943,-0.5,-2.79,20.62
3.6885007433593273,-0.5,-2.79,20.62
3.6900161877274513,-0.5,-2.79,20.62
3.691497053951025,-0.5,-2.79,20.62
3.692807301878929,-0.5,-2.79,20.62
3.6944265887141228,-0.5,-2.79,20.62
3.695776790380478,-0.5,-2.79,20.62
3.6972654685378075,-0.5,-2.79,20.62
3.6988604813814163,-0.5,-2.79,20.62
3.7003110870718956,-0.5,-2.79,20.62
3.7016967087984085,-0.5,-2.79,20.62
3.7033310383558273,-0.5,-2.79,20.62
3.7046779580414295,-0.5,-2.79,20.62
3.706256475299597,-0.5,-2.79,20.62
3.707612667232752,-0.5,-2.79,20.63
3.709115318953991,-0.5,-2.79,20.62
3.7107202112674713,-0.5,-2.79,20.62
3.7122048437595367,-0.5,-2.79,20.62
3.713533129543066,-0.5,-2.79,20.62
3.7150526344776154,-0.5,-2.79,20.62
3.7166143022477627,-0.5,-2.79,20.62
3.718097645789385,-0.5,-2.79,20.63
3.719542045146227,-0.5,-2.79,20.62
3.7210431285202503,-0.5,-2.79,20.62
3.7224682681262493,-0.5,-2.79,20.62
3.723941270262003,-0.5,-2.79,20.63
3.7255026027560234,-0.5,-2.79,20.62
3.726965218782425,-0.5,-2.79,20.62
3.728353440761566,-0.5,-2.79,20.62
3.7299196049571037,-0.5,-2.79,20.62
3.731335636228323,-0.5,-2.79,20.63
3.7328856363892555,-0.5,-2.79,20.62
3.7343652695417404,-0.5,-2.79,20.63
3.737216431647539,-0.5,-2.79,20.63
3.740282814949751,-0.5,-2.79,20.63
3.74324668943882,-0.5,-2.79,20.62
3.746197022497654,-0.5,-2.79,20.62
3.7490701600909233,-0.5,-2.79,20.62
3.7520159520208836,-0.5,-2.79,20.62
3.755070824176073,-0.5,-2.79,20.63
3.757988605648279,-0.5,-2.79,20.62
3.7609798535704613,-0.5,-2.79,20.62
3.763920336961746,-0.5,-2.79,20.63
3.7667206674814224,-0.5,-2.79,20.62
3.76978662610054,-0.5,-2.79,20.62
3.7726842425763607,-0.5,-2.79,20.63
3.775597006082535,-0.5,-2.79,20.63
3.778650399297476,-0.5,-2.79,20.63
3.7815526463091373,-0.5,-2.79,20.63
3.784523628652096,-0.5,-2.79,20.63
3.787617027759552,-0.5,-2.79,20.63
3.7904567159712315,-0.51,-2.79,20.63
3.7934311032295227,-0.51,-2.79,20.63
3.7963548749685287,-0.5,-2.79,20.63
3.799453988671303,-0.5,-2.78,20.63
3.80234145373106,-0.5,-2.79,20.63
3.8052486702799797,-0.5,-2.79,20.63
3.808300882577896,-0.5,-2.79,20.63
3.8112492747604847,-0.5,-2.79,20.63
3.814234510064125,-0.5,-2.78,20.63
3.81717611476779,-0.5,-2.78,20.63
3.8200528733432293,-0.5,-2.79,20.63
3.8215908594429493,-0.5,-2.79,20.63
3.8229917623102665,-0.5,-2.79,20.63
3.8245632834732533,-0.5,-2.78,20.63
3.825987968593836,-0.5,-2.78,20.63
3.8274724185466766,-0.5,-2.78,20.63
3.828987058252096,-0.5,-2.78,20.63
3.830487359315157,-0.5,-2.78,20.63
3.83194974437356,-0.5,-2.78,20.63
3.83493372797966,-0.5,-2.78,20.63
3.8377825766801834,-0.5,-2.78,20.63
3.840795684605837,-0.5,-2.78,20.63
3.843803334981203,-0.51,-2.78,20.63
3.84676868095994,-0.5,-2.78,20.63
3.8496915213763714,-0.5,-2.78,20.63
3.852685671299696,-0.5,-2.78,20.63
3.8556488379836082,-0.5,-2.78,20.63
3.860013246536255,-0.5,-2.78,20.63
3.8613139651715755,-0.5,-2.78,20.63
3.863038521260023,-0.5,-2.78,20.63
3.8642916828393936,-0.5,-2.78,20.63
3.8659860752522945,-0.5,-2.78,20.63
3.8674451485276222,-0.5,-2.78,20.63
3.8689497224986553,-0.5,-2.78,20.63
3.8703584894537926,-0.51,-2.78,20.63
3.8716971836984158,-0.51,-2.78,20.63
3.873369324952364,-0.5,-2.78,20.63
3.87485683336854,-0.5,-2.78,20.63
3.8763420581817627,-0.51,-2.78,20.63
3.877721082419157,-0.5,-2.78,20.63
3.879293128848076,-0.5,-2.78,20.63
3.880780402570963,-0.5,-2.78,20.63
3.882256481796503,-0.5,-2.78,20.63
3.8837362863123417,-0.5,-2.78,20.63
3.8850261494517326,-0.5,-2.78,20.63
3.88652266189456,-0.5,-2.78,20.63
3.8881914131343365,-0.5,-2.78,20.63
3.8894660882651806,-0.51,-2.78,20.63
3.8911302536726,-0.51,-2.78,20.63
3.892510037869215,-0.51,-2.78,20.63
3.8940779976546764,-0.5,-2.78,20.63
3.8953940123319626,-0.5,-2.78,20.63
3.897026915103197,-0.5,-2.77,20.63
3.898506797850132,-0.5,-2.77,20.63
3.8998471312224865,-0.5,-2.77,20.63
3.901483379304409,-0.5,-2.77,20.63
3.9028246104717255,-0.5,-2.77,20.63
3.9044355265796185,-0.5,-2.77,20.63
3.9057701006531715,-0.5,-2.77,20.63
3.907369490712881,-0.5,-2.77,20.63
3.9088713377714157,-0.5,-2.77,20.63
3.9102454371750355,-0.5,-2.77,20.63
3.911814071238041,-0.5,-2.77,20.63
3.9132536686956882,-0.5,-2.77,20.63
3.914682138711214,-0.5,-2.77,20.63
3.9161789380013943,-0.5,-2.77,20.63
3.917744215577841,-0.5,-2.77,20.63
3.9191121086478233,-0.51,-2.77,20.63
3.9207078106701374,-0.5,-2.77,20.63
3.922067303210497,-0.5,-2.77,20.63
3.923621743917465,-0.5,-2.77,20.63
3.9251388013362885,-0.5,-2.77,20.63
3.926540270447731,-0.5,-2.77,20.63
3.928097039461136,-0.5,-2.77,20.63
3.9294664710760117,-0.5,-2.77,20.63
3.9310570023953915,-0.5,-2.77,20.63
3.9324517473578453,-0.5,-2.77,20.63
3.935486651957035,-0.5,-2.77,20.63
3.9384740591049194,-0.5,-2.77,20.63
3.9413410648703575,-0.5,-2.77,20.63
3.944165926426649,-0.5,-2.77,20.63
3.9471723660826683,-0.5,-2.77,20.63
3.9500742740929127,-0.5,-2.77,20.63
3.9530291073024273,-0.5,-2.77,20.63
3.956111568957567,-0.5,-2.77,20.63
3.959098234772682,-0.5,-2.77,20.63
3.962113320827484,-0.5,-2.77,20.63
3.965039484202862,-0.5,-2.77,20.63
3.968019511550665,-0.5,-2.77,20.63
3.970978584140539,-0.5,-2.77,20.63
3.973939072340727,-0.5,-2.77,20.63
3.9768960140645504,-0.5,-2.77,20.63
3.9798682257533073,-0.5,-2.77,20.63
3.981150731444359,-0.5,-2.76,20.63
3.982816979289055,-0.5,-2.76,20.63
3.984154626727104,-0.5,-2.77,20.62
3.98578467220068,-0.5,-2.76,20.64
3.9872202053666115,-0.5,-2.76,20.64
3.9887322038412094,-0.5,-2.77,20.63
3.9900397807359695,-0.5,-2.76,20.63
3.991684228181839,-0.5,-2.76,20.63
3.992992874234915,-0.5,-2.76,20.64
3.9946486465632915,-0.5,-2.76,20.63
3.996130246669054,-0.5,-2.76,20.63
3.9976112507283688,-0.5,-2.76,20.64
3.9990911781787872,-0.5,-2.76,20.63
4.000563699752092,-0.5,-2.76,20.63
4.001887705177069,-0.5,-2.76,20.63
4.003539875149727,-0.5,-2.76,20.63
4.004845801740885,-0.5,-2.76,20.63
4.006404090672731,-0.5,-2.76,20.63
4.007953524589539,-0.5,-2.76,20.64
4.0092942006886005,-0.5,-2.76,20.63
4.010870300233364,-0.5,-2.76,20.63
4.012262642383575,-0.5,-2.76,20.64
4.013764675706625,-0.51,-2.76,20.64
4.015346370637417,-0.5,-2.76,20.64
4.016837999224663,-0.5,-2.76,20.64
4.018281806260347,-0.5,-2.76,20.64
4.019795708358288,-0.5,-2.76,20.64
4.021146964281797,-0.5,-2.76,20.64
4.022708274424076,-0.5,-2.76,20.63
4.024146184325218,-0.5,-2.76,20.64
4.0255897752940655,-0.5,-2.76,20.63
4.027182962745428,-0.5,-2.76,20.63
4.028541538864374,-0.5,-2.76,20.64
4.030146412551403,-0.5,-2.76,20.64
4.033042758703232,-0.5,-2.76,20.63
4.036063905805349,-0.5,-2.76,20.63
4.038938872516155,-0.5,-2.76,20.64
4.041973266750574,-0.5,-2.76,20.63
4.044944819062948,-0.5,-2.76,20.64
4.04783882573247,-0.5,-2.76,20.63
4.05077363178134,-0.5,-2.76,20.63
4.053673639893532,-0.5,-2.76,20.64
4.0566286370158195,-0.5,-2.76,20.63
4.0596342869102955,-0.5,-2.76,20.64
4.062677912414074,-0.5,-2.76,20.63
4.065606638789177,-0.5,-2.76,20.63
4.068593669682741,-0.5,-2.76,20.63
4.0715321227908134,-0.5,-2.76,20.63
4.074344784021378,-0.5,-2.76,20.64
4.07746671512723,-0.5,-2.75,20.63
4.080425579100847,-0.5,-2.75,20.64
4.083364963531494,-0.5,-2.75,20.64
4.086341429501772,-0.5,-2.75,20.64
4.089294012635946,-0.5,-2.75,20.64
4.092260185629129,-0.5,-2.75,20.64
4.095054194331169,-0.5,-2.75,20.64
4.097953282296658,-0.5,-2.75,20.64
4.101117555052042,-0.5,-2.75,20.64
4.104084186255932,-0.5,-2.75,20.64
4.107033453881741,-0.5,-2.75,20.64
4.109999600797892,-0.5,-2.75,20.64
4.112849410623312,-0.5,-2.75,20.64
4.114323232322931,-0.5,-2.75,20.64
4.115878824144602,-0.5,-2.75,20.64
4.117336302995682,-0.51,-2.75,20.64
4.118736386299133,-0.51,-2.75,20.64
4.12028131633997,-0.5,-2.75,20.64
4.121836349368095,-0.5,-2.75,20.64
4.123332381248474,-0.5,-2.75,20.64
4.124784175306559,-0.5,-2.75,20.64
4.12615903839469,-0.5,-2.75,20.64
4.127683036029339,-0.5,-2.75,20.64
4.129182528704405,-0.5,-2.75,20.64
4.130660988390446,-0.5,-2.75,20.64
4.133673056960106,-0.5,-2.75,20.64
4.136480174958706,-0.5,-2.75,20.64
4.139589358121157,-0.5,-2.75,20.64
4.142449263483286,-0.5,-2.74,20.64
4.143992409110069,-0.5,-2.75,20.64
4.145394116640091,-0.5,-2.75,20.64
4.146973170340061,-0.5,-2.75,20.64
4.148439005017281,-0.5,-2.75,20.64
4.1499409303069115,-0.5,-2.74,20.64
4.151399504393339,-0.5,-2.74,20.64
4.152856443077326,-0.5,-2.74,20.64
4.154348719865084,-0.5,-2.74,20.64
4.155852522701025,-0.5,-2.74,20.64
4.157322466373444,-0.5,-2.74,20.64
4.158807415515184,-0.5,-2.74,20.64
4.160286128520966,-0.5,-2.74,20.64
4.161767780780792,-0.5,-2.74,20.64
4.163242869079113,-0.5,-2.74,20.64
4.1647131741046906,-0.5,-2.74,20.64
4.166030131280422,-0.5,-2.74,20.64
4.167683899402618,-0.5,-2.74,20.64
4.169159114360809,-0.5,-2.74,20.64
4.170637995004654,-0.5,-2.74,20.64
4.17189234867692,-0.5,-2.74,20.64
4.173585742712021,-0.5,-2.74,20.64
4.174873162060976,-0.5,-2.74,20.64
4.176555376499891,-0.5,-2.74,20.64
4.177824422717094,-0.5,-2.74,20.64
4.179511945694685,-0.5,-2.74,20.64
4.180991396307945,-0.5,-2.74,20.64
4.182459976524115,-0.5,-2.74,20.64
4.1839416064321995,-0.5,-2.74,20.64
4.185432184487581,-0.5,-2.74,20.64
4.186903864145279,-0.5,-2.74,20.64
4.188214655965567,-0.5,-2.74,20.64
4.18970762565732,-0.5,-2.74,20.64
4.19134309142828,-0.5,-2.74,20.64
4.192779220640659,-0.5,-2.74,20.64
4.194296438246965,-0.5,-2.74,20.64
4.195779722183943,-0.5,-2.74,20.64
4.197260465472937,-0.5,-2.74,20.64
4.198737386614084,-0.5,-2.74,20.64
4.200210869312286,-0.5,-2.74,20.64
4.201701615005732,-0.5,-2.73,20.64
4.203169669955969,-0.5,-2.73,20.64
4.204651735723019,-0.5,-2.74,20.64
4.20613656565547,-0.5,-2.73,20.64
4.207611411809921,-0.5,-2.73,20.64
4.209089521318674,-0.5,-2.73,20.64
4.210427824407816,-0.5,-2.73,20.64
4.212057925760746,-0.5,-2.73,20.64
4.213370315730572,-0.5,-2.73,20.64
4.215005531907082,-0.5,-2.73,20.64
4.216322235763073,-0.5,-2.73,20.64
4.217957977205515,-0.5,-2.73,20.64
4.2194434851408005,-0.5,-2.73,20.64
4.220926977694035,-0.5,-2.73,20.64
4.2222690507769585,-0.5,-2.73,20.64
4.223884422332048,-0.5,-2.73,20.64
4.225215658545494,-0.5,-2.73,20.64
4.226739805191755,-0.5,-2.73,20.64
4.228318490087986,-0.5,-2.73,20.64
4.231263007968664,-0.5,-2.73,20.64
4.234237588942051,-0.5,-2.73,20.64
4.237054854631424,-0.5,-2.73,20.64
4.240013491362333,-0.5,-2.73,20.64
4.243040502071381,-0.5,-2.73,20.64
4.245971769094467,-0.5,-2.73,20.64
4.248866032809019,-0.5,-2.73,20.64
4.251934938132763,-0.5,-2.73,20.64
4.254798736423254,-0.5,-2.73,20.64
4.257811296731234,-0.5,-2.73,20.64
4.2607970498502254,-0.5,-2.73,20.65
4.263770055025816,-0.5,-2.73,20.64
4.2667553052306175,-0.5,-2.73,20.65
4.269644118845463,-0.5,-2.73,20.65
4.2725690715014935,-0.5,-2.73,20.65
4.275633174926043,-0.5,-2.73,20.65
4.27848956361413,-0.5,-2.73,20.65
4.281485989689827,-0.5,-2.73,20.65
4.284508876502514,-0.5,-2.73,20.65
4.287470784038305,-0.5,-2.72,20.65
4.2904080003499985,-0.5,-2.72,20.65
4.293385408818722,-0.5,-2.72,20.65
4.296252641826868,-0.5,-2.72,20.65
4.299280922859907,-0.5,-2.72,20.65
4.302094627171755,-0.5,-2.72,20.65
4.303733486682177,-0.5,-2.72,20.65
4.305224314332008,-0.5,-2.72,20.65
4.306703131645918,-0.5,-2.72,20.65
4.308182183653116,-0.5,-2.72,20.65
4.309658069163561,-0.5,-2.72,20.65
4.3110768012702465,-0.5,-2.72,20.65
4.312432777136564,-0.5,-2.72,20.65
4.313944507390261,-0.5,-2.72,20.65
4.315505895763636,-0.5,-2.72,20.65
4.317062046378851,-0.5,-2.72,20.65
4.318373780697584,-0.5,-2.72,20.65
4.319992009550333,-0.5,-2.72,20.65
4.321491934359074,-0.5,-2.72,20.65
4.322960712015629,-0.5,-2.72,20.65
4.324281629174948,-0.5,-2.72,20.65
4.3257660157978535,-0.5,-2.72,20.65
4.3274043798446655,-0.5,-2.72,20.65
4.330357521772385,-0.5,-2.72,20.65
4.333303913474083,-0.5,-2.72,20.65
4.336269874125719,-0.5,-2.72,20.65
4.339217387139797,-0.5,-2.72,20.65
4.342168565839529,-0.5,-2.72,20.65
4.344967816025019,-0.5,-2.72,20.65
4.34809447452426,-0.5,-2.72,20.65
4.350961774587631,-0.5,-2.72,20.65
4.354005053639412,-0.5,-2.72,20.65
4.356985680758953,-0.5,-2.72,20.65
4.359845329076052,-0.5,-2.72,20.65
4.3628815822303295,-0.5,-2.72,20.65
4.36587431281805,-0.5,-2.72,20.65
4.36880661547184,-0.5,-2.72,20.65
4.370291460305452,-0.5,-2.72,20.65
4.371766030788422,-0.5,-2.72,20.65
4.373176101595163,-0.5,-2.72,20.65
4.374745350331068,-0.5,-2.72,20.65
4.376193344593048,-0.5,-2.72,20.65
4.37768729031086,-0.5,-2.72,20.65
4.379156317561865,-0.5,-2.72,20.65
4.3805666863918304,-0.5,-2.72,20.65
4.382115989923477,-0.5,-2.72,20.65
4.383354630321264,-0.5,-2.72,20.65
4.385089509189129,-0.5,-2.72,20.65
4.386548813432455,-0.5,-2.72,20.65
4.38800348341465,-0.5,-2.72,20.65
4.389518681913614,-0.5,-2.71,20.65
4.390789024531841,-0.5,-2.71,20.65
4.39243433997035,-0.5,-2.71,20.65
4.39372917637229,-0.5,-2.71,20.65
4.395399499684572,-0.5,-2.71,20.65
4.39691711589694,-0.5,-2.71,20.65
4.398380804806948,-0.5,-2.71,20.65
4.399675942957401,-0.5,-2.71,20.65
4.401346601545811,-0.5,-2.71,20.65
4.402840230613947,-0.5,-2.71,20.65
4.404298759996891,-0.5,-2.71,20.66
4.405777711421251,-0.5,-2.71,20.65
4.407088462263346,-0.5,-2.71,20.65
4.408741880208254,-0.5,-2.71,20.65
4.410057317465544,-0.5,-2.71,20.65
4.411699716001749,-0.5,-2.71,20.65
4.413008984178305,-0.5,-2.71,20.65
4.414650522172451,-0.5,-2.71,20.65
4.415958423167467,-0.5,-2.71,20.65
4.417615007609129,-0.5,-2.71,20.65
4.419022385030985,-0.5,-2.71,20.65
4.420579861849546,-0.5,-2.71,20.65
4.421897366642952,-0.5,-2.71,20.65
4.423533409833908,-0.5,-2.71,20.65
4.425005674362183,-0.5,-2.71,20.65
4.426403734833002,-0.5,-2.71,20.65
4.429360691457987,-0.5,-2.71,20.65
4.432339631021023,-0.5,-2.71,20.65
4.435317773371935,-0.5,-2.71,20.65
4.4382339380681515,-0.5,-2.71,20.65
4.441281709820032,-0.5,-2.71,20.65
4.444236628711224,-0.5,-2.71,20.65
4.4471292942762375,-0.5,-2.71,20.65
4.450165133923292,-0.5,-2.71,20.65
4.4531190022826195,-0.5,-2.71,20.65
4.45608014985919,-0.5,-2.71,20.65
4.458836164325476,-0.5,-2.71,20.65
4.461931090801954,-0.5,-2.71,20.65
4.463473282754421,-0.5,-2.71,20.65
4.464949455112219,-0.5,-2.71,20.65
4.466413836926222,-0.5,-2.71,20.65
4.46782685816288,-0.5,-2.71,20.65
4.46937757357955,-0.5,-2.71,20.65
4.47084541618824,-0.5,-2.71,20.65
4.4723383113741875,-0.5,-2.71,20.65
4.473821043968201,-0.5,-2.71,20.65
4.475210323929787,-0.5,-2.71,20.65
4.476702090352774,-0.5,-2.71,20.65
4.478236220777035,-0.5,-2.71,20.65
4.479590658098459,-0.5,-2.71,20.65
4.481144398450851,-0.5,-2.71,20.65
4.482458263635635,-0.5,-2.71,20.65
4.484102886170149,-0.5,-2.71,20.65
4.48562827706337,-0.5,-2.71,20.65
4.487116206437349,-0.5,-2.71,20.65
4.4883880242705345,-0.5,-2.71,20.65
4.489913608878851,-0.5,-2.71,20.65
4.491541616618633,-0.5,-2.71,20.65
4.493038538843393,-0.5,-2.71,20.65
4.494523044675589,-0.5,-2.71,20.65
4.495939198881388,-0.5,-2.71,20.65
4.497462164610624,-0.5,-2.71,20.65
4.4989143796265125,-0.5,-2.71,20.65
4.5004388354718685,-0.5,-2.71,20.65
4.501893047243357,-0.5,-2.71,20.65
4.503614455461502,-0.5,-2.71,20.65
4.504864733666182,-0.5,-2.71,20.65
4.506139561533928,-0.5,-2.71,20.65
4.507816031575203,-0.5,-2.71,20.66
4.50930680334568,-0.5,-2.71,20.66
4.510794058442116,-0.5,-2.71,20.65
4.512263178825378,-0.5,-2.71,20.65
4.513550065457821,-0.5,-2.71,20.65
4.515054080635309,-0.5,-2.71,20.65
4.516712684184313,-0.5,-2.71,20.65
4.518113907426596,-0.5,-2.71,20.65
4.519653085619211,-0.5,-2.71,20.65
4.520985189825296,-0.5,-2.71,20.66
4.522627621889114,-0.5,-2.71,20.66
4.523925963789225,-0.5,-2.71,20.66
4.525573182851076,-0.5,-2.71,20.66
4.528480194509029,-0.5,-2.71,20.65
4.531488906592131,-0.5,-2.71,20.65
4.534456450492144,-0.5,-2.71,20.65
4.537407014518976,-0.5,-2.71,20.65
4.540331147611141,-0.5,-2.71,20.65
4.5432492159307,-0.5,-2.71,20.66
4.546282649040222,-0.5,-2.71,20.66
4.549237288534641,-0.5,-2.71,20.66
4.552099868655205,-0.5,-2.71,20.66
4.555085901170969,-0.5,-2.71,20.66
4.557959120720625,-0.5,-2.71,20.66
4.560907386243343,-0.5,-2.71,20.66
4.563889864832163,-0.5,-2.71,20.66
4.566976845264435,-0.5,-2.71,20.66
4.569969438016415,-0.5,-2.71,20.66
4.572833813726902,-0.5,-2.71,20.66
4.5758506543934345,-0.5,-2.71,20.66
4.578809779137373,-0.5,-2.71,20.66
4.581747200340033,-0.5,-2.71,20.66
4.58465139195323,-0.5,-2.71,20.66
4.587575852870941,-0.5,-2.71,20.66
4.590542793273926,-0.5,-2.71,20.66
4.593602322041988,-0.5,-2.71,20.66
4.596471056342125,-0.5,-2.71,20.65
4.5994247905910015,-0.5,-2.71,20.65
4.602306466549635,-0.5,-2.71,20.66
4.605458807200193,-0.5,-2.71,20.66
4.608407758176327,-0.5,-2.71,20.66
4.611358806490898,-0.5,-2.71,20.66
4.614162731915712,-0.5,-2.7,20.66
4.6172770746052265,-0.5,-2.7,20.66
4.620055001229048,-0.5,-2.7,20.66
4.623206470161676,-0.5,-2.7,20.66
4.625932831317186,-0.5,-2.7,20.66
4.6289650946855545,-0.5,-2.7,20.66
4.630591966211796,-0.49,-2.7,20.66
4.6318809650838375,-0.5,-2.7,20.66
4.633544020354748,-0.5,-2.7,20.66
4.634999956935644,-0.5,-2.7,20.66
4.636505458503962,-0.5,-2.7,20.66
4.637827400118113,-0.5,-2.7,20.66
4.639396168291569,-0.49,-2.71,20.66
4.640929635614157,-0.49,-2.7,20.66
4.64241997897625,-0.5,-2.7,20.66
4.643906872719526,-0.5,-2.71,20.66
4.645361468195915,-0.5,-2.71,20.66
4.646729923784733,-0.5,-2.7,20.66
4.648343916982412,-0.5,-2.7,20.66
4.649812150746584,-0.5,-2.7,20.66
4.65129404515028,-0.5,-2.7,20.66
4.652747303247452,-0.5,-2.7,20.66
4.654240410774946,-0.5,-2.7,20.66
4.655711151659489,-0.5,-2.7,20.66
4.657091278582811,-0.5,-2.7,20.66
4.658571947365999,-0.5,-2.7,20.66
4.660035010427237,-0.5,-2.7,20.66
4.661614689975977,-0.5,-2.7,20.66
4.663118831813335,-0.5,-2.7,20.66
4.664593573659658,-0.5,-2.7,20.66
4.665979664772749,-0.5,-2.7,20.66
4.667467638850212,-0.5,-2.7,20.66
4.668940976262093,-0.5,-2.7,20.66
4.670381762087345,-0.5,-2.7,20.66
4.6718763411045074,-0.5,-2.7,20.66
4.673381749540567,-0.5,-2.7,20.66
4.674951251596212,-0.5,-2.7,20.66
4.676430080085993,-0.5,-2.7,20.66
4.677902024239302,-0.5,-2.7,20.66
4.67938581481576,-0.5,-2.7,20.66
4.6808649599552155,-0.5,-2.7,20.66
4.68234620988369,-0.5,-2.7,20.66
4.683824561536312,-0.5,-2.7,20.66
4.685294188559055,-0.5,-2.7,20.66
4.686756517738104,-0.5,-2.7,20.66
4.6881776712834835,-0.5,-2.7,20.66
4.689738672226667,-0.5,-2.7,20.66
4.691202897578478,-0.5,-2.7,20.66
4.692691184580326,-0.5,-2.7,20.66
4.694183107465506,-0.5,-2.7,20.66
4.695619121193886,-0.5,-2.7,20.66
4.697138477116823,-0.5,-2.7,20.66
4.698628034442663,-0.5,-2.7,20.66
4.7000970132648945,-0.5,-2.7,20.66
4.701331757009029,-0.5,-2.7,20.66
4.703055068850517,-0.5,-2.7,20.66
4.7042981162667274,-0.5,-2.7,20.66
4.706009477376938,-0.5,-2.7,20.66
4.707437962293625,-0.5,-2.7,20.66
4.708966314792633,-0.5,-2.7,20.66
4.710446372628212,-0.5,-2.7,20.66
4.711926214396954,-0.5,-2.7,20.66
4.713398039340973,-0.5,-2.7,20.66
4.71487357839942,-0.5,-2.7,20.66
4.716173816472292,-0.5,-2.7,20.66
4.717685136944056,-0.5,-2.7,20.66
4.71930130943656,-0.5,-2.7,20.66
4.720799800008535,-0.5,-2.7,20.66
4.722277585417032,-0.5,-2.7,20.66
4.723565023392439,-0.5,-2.7,20.66
4.726507540792227,-0.5,-2.7,20.66
4.729498792439699,-0.5,-2.7,20.66
4.732487138360739,-0.5,-2.7,20.66
4.735510841012001,-0.5,-2.7,20.66
4.738454919308424,-0.5,-2.7,20.66
4.741446282714605,-0.49,-2.7,20.66
4.7443784065544605,-0.5,-2.7,20.67
4.747339580208063,-0.5,-2.7,20.66
4.750380076467991,-0.5,-2.7,20.66
4.753200493752956,-0.5,-2.7,20.66
4.7562871389091015,-0.5,-2.7,20.66
4.759215924888849,-0.5,-2.7,20.66
4.762209802865982,-0.5,-2.7,20.66
4.7651576064527035,-0.5,-2.7,20.66
4.768128491938114,-0.5,-2.7,20.67
4.771086987107992,-0.5,-2.7,20.67
4.77403162419796,-0.5,-2.7,20.66
4.776998717337847,-0.5,-2.7,20.67
4.779973328113556,-0.49,-2.7,20.66
4.782911356538534,-0.5,-2.7,20.67
4.784321956336498,-0.5,-2.7,20.66
4.785862170159817,-0.5,-2.7,20.66
4.787263002246618,-0.5,-2.7,20.66
4.788760591298342,-0.5,-2.7,20.66
4.790311798453331,-0.5,-2.7,20.66
4.79178748652339,-0.5,-2.7,20.67
4.793288245797157,-0.5,-2.7,20.67
4.794719506055117,-0.5,-2.7,20.66
4.796152204275131,-0.5,-2.7,20.66
4.797707665711641,-0.5,-2.7,20.66
4.799110040068626,-0.5,-2.7,20.66
4.800616852939129,-0.5,-2.7,20.66
4.802142638713121,-0.5,-2.7,20.66
4.803562916815281,-0.5,-2.7,20.67
4.805214870721102,-0.5,-2.7,20.66
4.80656898021698,-0.5,-2.7,20.66
4.808064296841621,-0.5,-2.7,20.66
4.809542793780565,-0.5,-2.7,20.66
4.810784012079239,-0.5,-2.7,20.66
4.812496576458216,-0.5,-2.7,20.66
4.813735514879227,-0.5,-2.7,20.66
4.815228715538979,-0.5,-2.7,20.66
4.816911950707436,-0.5,-2.7,20.66
4.818182181566954,-0.49,-2.7,20.66
4.819884695112705,-0.5,-2.7,20.66
4.821337282657623,-0.5,-2.7,20.66
4.824242617934942,-0.5,-2.7,20.66
4.827278278768063,-0.5,-2.7,20.66
4.830230873078108,-0.5,-2.7,20.66
4.833133731037378,-0.49,-2.7,20.66
4.8361544497311115,-0.5,-2.7,20.66
4.839105598628521,-0.5,-2.7,20.66
4.842044275254011,-0.5,-2.7,20.66
4.845039334148169,-0.5,-2.7,20.66
4.847992114722729,-0.5,-2.7,20.66
4.850796222686768,-0.5,-2.7,20.66
4.853902220726013,-0.5,-2.7,20.66
4.85672589763999,-0.5,-2.7,20.66
4.859819754958153,-0.5,-2.7,20.66
4.862757138907909,-0.5,-2.7,20.66
4.865731377154589,-0.5,-2.7,20.66
4.868582993745804,-0.5,-2.7,20.66
4.8714918196201324,-0.5,-2.7,20.66
4.874542091041803,-0.5,-2.7,20.66
4.877463158220053,-0.5,-2.7,20.66
4.880317080765963,-0.5,-2.7,20.67
4.8834813460707664,-0.5,-2.7,20.66
4.886427357792854,-0.5,-2.7,20.66
4.887907922267914,-0.49,-2.7,20.66
4.889290440827608,-0.49,-2.7,20.66
4.8908653892576694,-0.49,-2.7,20.66
4.892363425344229,-0.5,-2.7,20.66
4.893767420202494,-0.5,-2.7,20.66
4.895297288894653,-0.5,-2.7,20.66
4.896788913756609,-0.5,-2.7,20.66
4.898259669542313,-0.5,-2.7,20.66
4.899759009480476,-0.5,-2.7,20.67
4.9011435136199,-0.5,-2.7,20.66
4.902702249586582,-0.5,-2.7,20.66
4.90418416634202,-0.5,-2.7,20.66
4.905646976083517,-0.5,-2.7,20.66
4.907085862010717,-0.5,-2.7,20.66
4.908621821552515,-0.5,-2.7,20.66
4.909879047423601,-0.5,-2.7,20.66
4.9116037003695965,-0.5,-2.7,20.66
4.913066029548645,-0.5,-2.7,20.66
4.914547640830278,-0.5,-2.7,20.66
4.916026812046766,-0.5,-2.7,20.67
4.917452976107597,-0.49,-2.7,20.66
4.918971046805382,-0.5,-2.7,20.67
4.920450929552317,-0.5,-2.7,20.66
4.921721503138542,-0.5,-2.7,20.67
4.924706663936377,-0.5,-2.7,20.67
4.927758019417524,-0.49,-2.7,20.67
4.930723175406456,-0.49,-2.7,20.67
4.933765910565853,-0.5,-2.7,20.67
4.936716232448816,-0.5,-2.7,20.67
4.939684484153986,-0.5,-2.7,20.67
4.942637514322996,-0.49,-2.7,20.67
4.943927586078644,-0.5,-2.7,20.67
4.945593439042568,-0.5,-2.7,20.67
4.947073940187693,-0.5,-2.7,20.67
4.9485649056732655,-0.49,-2.7,20.67
4.950034853070974,-0.5,-2.7,20.67
4.9515124298632145,-0.5,-2.7,20.67
4.952990263700485,-0.5,-2.7,20.67
4.954294219613075,-0.5,-2.7,20.67
4.955859642475843,-0.5,-2.7,20.67
4.95727826654911,-0.5,-2.7,20.67
4.958902891725302,-0.5,-2.71,20.67
4.960381977260113,-0.5,-2.7,20.67
4.961864925920963,-0.5,-2.7,20.67
4.96318468824029,-0.5,-2.7,20.67
4.964826289564371,-0.49,-2.7,20.67
4.966306060552597,-0.49,-2.7,20.67
4.967706307768822,-0.49,-2.7,20.67
4.969247758388519,-0.5,-2.7,20.67
4.9707410261034966,-0.49,-2.7,20.67
4.972075045108795,-0.49,-2.7,20.67
4.97367724776268,-0.49,-2.7,20.67
4.975188843905926,-0.5,-2.7,20.67
4.976603653281927,-0.5,-2.7,20.67
4.978067293763161,-0.5,-2.7,20.67
4.979552358388901,-0.5,-2.7,20.67
4.981041710823774,-0.49,-2.7,20.67
4.982409026473761,-0.49,-2.7,20.67
4.984049655497074,-0.5,-2.7,20.67
4.985462810844183,-0.5,-2.7,20.67
4.986888140439987,-0.49,-2.7,20.67
4.9883838519454,-0.49,-2.7,20.67
4.98996851593256,-0.49,-2.7,20.67
4.991447228938341,-0.5,-2.7,20.67
4.992927685379982,-0.5,-2.7,20.67
4.994379319250584,-0.5,-2.7,20.67
4.99586246907711,-0.5,-2.7,20.67
4.997365299612284,-0.5,-2.7,20.67
4.9988147765398026,-0.49,-2.7,20.67
5.000287290662527,-0.5,-2.7,20.67
5.001780901104212,-0.5,-2.7,20.67
5.003178637474775,-0.5,-2.7,20.67
5.0047497898340225,-0.49,-2.7,20.67
5.006211895495653,-0.5,-2.7,20.67
5.007711183279753,-0.5,-2.7,20.67
5.009195476770401,-0.5,-2.7,20.67
5.01066792011261,-0.5,-2.7,20.67
5.012152578681707,-0.5,-2.7,20.67
5.0136359222233295,-0.5,-2.7,20.67
5.015096761286259,-0.5,-2.7,20.67
5.016552604734898,-0.5,-2.7,20.67
5.018070537596941,-0.5,-2.7,20.67
5.019540291279554,-0.5,-2.7,20.67
5.022426538169384,-0.49,-2.7,20.67
5.0254328437149525,-0.5,-2.7,20.67
5.028402112424374,-0.5,-2.7,20.67
5.031173814088106,-0.5,-2.7,20.67
5.03430575504899,-0.5,-2.7,20.67
5.037101440131664,-0.49,-2.7,20.67
5.040256306529045,-0.5,-2.7,20.67
5.042983613908291,-0.5,-2.7,20.67
5.04615643247962,-0.49,-2.7,20.67
5.0491221733391285,-0.5,-2.7,20.67
5.052084378898144,-0.5,-2.7,20.67
5.055027812719345,-0.49,-2.7,20.67
5.057827781885862,-0.49,-2.7,20.67
5.060879971832037,-0.5,-2.7,20.67
5.063807189464569,-0.49,-2.7,20.67
5.066719356924295,-0.49,-2.7,20.67
5.069689255207777,-0.5,-2.7,20.67
5.072791412472725,-0.49,-2.7,20.67
5.0757383443415165,-0.5,-2.7,20.67
5.07870327681303,-0.49,-2.7,20.67
5.081648547202349,-0.5,-2.7,20.67
5.084619987756014,-0.5,-2.7,20.67
5.087580308318138,-0.5,-2.7,20.67
5.090489007532597,-0.5,-2.7,20.67
5.093492943793535,-0.49,-2.7,20.67
5.096355993300676,-0.49,-2.7,20.67
5.09942601621151,-0.49,-2.7,20.67
5.102311819791794,-0.5,-2.7,20.67
5.105226501822472,-0.5,-2.7,20.67
5.1067979373037815,-0.49,-2.7,20.67
5.108277350664139,-0.49,-2.7,20.67
5.109750464558601,-0.5,-2.7,20.67
5.111196409910917,-0.49,-2.7,20.67
5.112630296498537,-0.5,-2.7,20.67
5.1141821183264256,-0.5,-2.7,20.67
5.115585882216692,-0.5,-2.7,20.67
5.117140170186758,-0.5,-2.7,20.67
5.119890417903662,-0.5,-2.7,20.67
5.123079549521208,-0.5,-2.7,20.67
5.12601476162672,-0.5,-2.7,20.67
5.12897714227438,-0.5,-2.7,20.67
5.131728641688824,-0.5,-2.7,20.67
5.134817246347666,-0.5,-2.7,20.67
5.137856584042311,-0.5,-2.7,20.67
5.14072522521019,-0.5,-2.7,20.67
5.14228793233633,-269.9,-2.7,20.67
5.143563572317362,-0.5,-2.7,20.67
5.145044699311256,-0.5,-2.7,20.67
5.146516006439924,-0.5,-2.7,20.67
5.148198276758194,-0.49,-2.7,20.67
5.149528980255127,-0.5,-2.7,20.67
5.151149820536375,-0.5,-2.7,20.67
5.152483228594065,-0.49,-2.7,20.67
5.1541210524737835,-0.49,-2.7,20.67
5.155590999871492,-0.5,-2.7,20.67
5.1568821258842945,-0.5,-2.7,20.67
5.158378783613443,-0.49,-2.7,20.67
5.1598887629806995,-0.49,-2.7,20.67
5.161422148346901,-0.5,-2.7,20.67
5.162820417433977,-0.5,-2.7,20.67
5.164474550634623,-0.49,-2.7,20.67
5.165909603238106,-0.49,-2.7,20.67
5.167270299047232,-0.5,-2.7,20.67
5.168900161981583,-0.5,-2.7,20.67
5.1702968291938305,-0.5,-2.7,20.67
5.1716992780566216,-0.49,-2.7,20.67
5.173347640782595,-0.5,-2.7,20.67
5.174745477735996,-0.5,-2.7,20.67
5.176246482878923,-0.5,-2.7,20.67
5.177644569426775,-0.49,-2.7,20.67
5.179198637604713,-0.49,-2.7,20.67
5.180591035634279,-0.49,-2.7,20.67
5.182165142148733,-0.5,-2.7,20.67
5.183639943599701,-0.5,-2.7,20.67
5.18504311516881,-0.5,-2.7,20.67
5.186628893017769,-0.49,-2.7,20.67
5.188094209879637,-0.5,-2.7,20.67
5.189492084085941,-0.5,-2.7,20.67
5.190966743975878,-0.5,-2.7,20.67
5.192571718245745,-0.5,-2.7,20.67
5.193934615701437,-0.5,-2.7,20.67
5.1955256797373295,-0.49,-2.7,20.67
5.1969362534582615,-0.49,-2.7,20.68
5.198330525308847,-0.49,-2.7,20.67
5.199968785047531,-0.5,-2.7,20.67
5.201446894556284,-0.5,-2.7,20.67
5.202896129339933,-0.5,-2.7,20.67
5.204398099333048,-0.5,-2.7,20.67
5.205881517380476,-0.49,-2.7,20.67
5.207262959331274,-0.5,-2.7,20.67
5.2088427394628525,-0.5,-2.7,20.67
5.210224684327841,-0.5,-2.7,20.67
5.211779862642288,-0.5,-2.7,20.68
5.213182415813208,-0.5,-2.7,20.67
5.214759074151516,-0.5,-2.7,20.68
5.2162310145795345,-0.5,-2.7,20.67
5.217705484479666,-0.5,-2.7,20.68
5.220610845834017,-0.5,-2.7,20.68
5.223592538386583,-0.49,-2.7,20.68
5.226578902453184,-0.5,-2.69,20.67
5.229440372437239,-0.5,-2.7,20.68
5.232430160045624,-0.49,-2.7,20.68
5.235444780439138,-0.49,-2.7,20.68
5.238406527787447,-0.5,-2.7,20.67
5.241213168948889,-0.49,-2.7,20.67
5.2440879456698895,-0.49,-2.7,20.68
5.247293293476105,-0.49,-2.7,20.68
5.250222120434046,-0.49,-2.69,20.68
5.253152195364237,-0.5,-2.69,20.68
5.256140608340502,-0.5,-2.69,20.67
5.25897615775466,-0.5,-2.69,20.68
5.261988811194897,-0.5,-2.69,20.68
5.264898173511028,-0.49,-2.7,20.68
5.266527261584997,-0.5,-2.69,20.68
5.267846580594778,-0.5,-2.69,20.68
5.269474800676107,-0.5,-2.69,20.68
5.270921140909195,-0.49,-2.69,20.68
5.272421270608902,-0.49,-2.7,20.68
5.273735851049423,-0.49,-2.7,20.68
5.27523884922266,-0.5,-2.69,20.68
5.276737809181213,-0.5,-2.7,20.68
5.278353430330753,-0.49,-2.7,20.68
5.279763258993626,-0.49,-2.7,20.68
5.28130330145359,-0.49,-2.7,20.68
5.2827551774680614,-0.49,-2.69,20.68
5.284267716109753,-0.49,-2.7,20.68
5.2856596522033215,-0.49,-2.7,20.68
5.28717141225934,-0.49,-2.7,20.68
5.288630090653896,-0.49,-2.7,20.68
5.290137130767107,-0.49,-2.69,20.68
5.291610408574343,-0.49,-2.7,20.68
5.2930740639567375,-0.5,-2.69,20.68
5.2945034727454185,-0.49,-2.69,20.68
5.295914780348539,-0.49,-2.69,20.68
5.297543931752443,-0.49,-2.69,20.68
5.2990549728274345,-0.49,-2.69,20.68
5.3005239106714725,-0.49,-2.7,20.68
5.301889020949602,-0.5,-2.7,20.68
5.303487211465836,-0.49,-2.7,20.68
5.304931338876486,-0.49,-2.7,20.68
5.3063262067735195,-0.5,-2.69,20.68
5.307901997119188,-0.49,-2.69,20.68
5.309386096894741,-0.49,-2.69,20.68
5.310791809111834,-0.49,-2.69,20.68
5.312363427132368,-0.49,-2.69,20.68
5.313835553824902,-0.5,-2.69,20.68
5.31506297364831,-0.5,-2.69,20.68
5.318054962903261,-0.5,-2.69,20.68
5.321175955235958,-0.5,-2.69,20.68
5.324155751615763,-0.49,-2.69,20.68
5.327149927616119,-0.5,-2.69,20.68
5.330114379525185,-0.5,-2.69,20.68
5.333026994019747,-0.49,-2.69,20.68
5.335971977561712,-0.49,-2.69,20.68
5.338967993855476,-0.49,-2.69,20.68
5.341919504106045,-0.5,-2.69,20.68
5.344884738326073,-0.49,-2.69,20.68
5.347840238362551,-0.49,-2.69,20.68
5.350755501538515,-0.5,-2.69,20.68
5.353712402284145,-0.49,-2.69,20.68
5.3565163016319275,-0.5,-2.69,20.68
5.359447680413723,-0.49,-2.69,20.68
5.362559538334608,-0.49,-2.69,20.68
5.365473091602325,-0.49,-2.68,20.68
5.368529111146927,-0.49,-2.69,20.68
5.371495630592108,-0.5,-2.69,20.68
5.3743717186152935,-0.49,-2.69,20.68
5.3772936798632145,-0.49,-2.69,20.68
5.3803203627467155,-0.5,-2.69,20.68
5.383329804986715,-0.5,-2.68,20.68
5.386206779628992,-0.5,-2.69,20.68
5.389154836535454,-0.49,-2.68,20.68
5.392205264419317,-0.5,-2.69,20.68
5.395173370838165,-0.5,-2.68,20.68
5.397940739989281,-0.5,-2.69,20.68
5.399492260068655,-0.49,-2.68,20.68
5.401077393442392,-0.49,-2.69,20.68
5.402575358748436,-0.49,-2.69,20.68
5.4039362370967865,-0.49,-2.68,20.68
5.405497994273901,-0.49,-2.68,20.68
5.406978748738766,-0.49,-2.68,20.68
5.408381197601557,-0.49,-2.69,20.68
5.409960649907589,-0.49,-2.69,20.68
5.411359418183565,-0.49,-2.68,20.68
5.41292542591691,-0.49,-2.68,20.68
5.414295695722103,-0.49,-2.68,20.69
5.417341507971287,-0.49,-2.68,20.69
5.420330122113228,-0.5,-2.68,20.69
5.423276592046022,-0.49,-2.69,20.69
5.426232200115919,-0.49,-2.69,20.69
5.4277135245501995,-0.5,-2.68,20.69
5.429197125136852,-0.5,-2.68,20.69
5.430620204657316,-0.49,-2.68,20.69
5.432138551026583,-0.5,-2.68,20.69
5.433621302247047,-0.5,-2.68,20.69
5.435120921581984,-0.5,-2.68,20.69
5.436515841633081,-0.5,-2.69,20.69
5.438053648918867,-0.49,-2.69,20.69
5.439542550593615,-0.5,-2.69,20.69
5.4410161674022675,-0.49,-2.68,20.69
5.442521058022976,-0.49,-2.68,20.69
5.443987030535936,-0.49,-2.69,20.69
5.4452293030917645,-0.49,-2.68,20.69
5.446941450238228,-0.49,-2.69,20.69
5.448399346321821,-0.49,-2.69,20.69
5.449896913021803,-0.49,-2.69,20.69
5.451163977384567,-0.5,-2.68,20.69
5.452851716428995,-0.49,-2.68,20.69
5.45433696731925,-0.49,-2.69,20.68
5.455766558647156,-0.49,-2.68,20.69
5.457081392407417,-0.49,-2.68,20.69
5.458763271570206,-0.49,-2.68,20.69
5.460130181163549,-0.49,-2.68,20.68
5.461727637797594,-0.49,-2.68,20.69
5.463008251041174,-0.49,-2.69,20.69
5.464677780866623,-0.49,-2.69,20.69
5.465991485863924,-0.49,-2.69,20.69
5.467641554772854,-0.49,-2.68,20.68
5.468942224979401,-0.5,-2.68,20.68
5.470427956432104,-0.5,-2.69,20.69
5.472088135778904,-0.5,-2.69,20.69
5.4735546968877316,-0.5,-2.69,20.69
5.474876403808594,-0.5,-2.69,20.69
5.476391736418009,-0.49,-2.69,20.69
5.47791937366128,-0.5,-2.69,20.69
5.479303076863289,-0.49,-2.68,20.69
5.48095503076911,-0.5,-2.68,20.69
5.4823595099151134,-0.5,-2.68,20.69
5.483921904116869,-0.5,-2.68,20.69
5.485260020941496,-0.5,-2.68,20.69
5.486858941614628,-0.49,-2.68,20.69
5.488355431705713,-0.49,-2.68,20.69
5.489834688603878,-0.49,-2.68,20.69
5.4912344589829445,-0.5,-2.68,20.69
5.492793221026659,-0.49,-2.68,20.69
5.49411653727293,-0.5,-2.68,20.69
5.495740607380867,-0.49,-2.68,20.69
5.4971714168787,-0.49,-2.68,20.69
5.498661737889051,-0.49,-2.68,20.69
5.500039402395487,-0.5,-2.68,20.69
5.501520723104477,-0.5,-2.68,20.69
5.503090161830187,-0.5,-2.68,20.69
5.504622887820005,-0.49,-2.68,20.69
5.5059946700930595,-0.5,-2.68,20.69
5.507559794932604,-0.5,-2.68,20.69
5.509037848562002,-0.5,-2.68,20.69
5.510496128350496,-0.49,-2.68,20.69
5.512006875127554,-0.49,-2.68,20.69
5.514763694256544,-0.49,-2.68,20.69
5.51787257194519,-0.5,-2.68,20.69
5.520707741379738,-0.5,-2.68,20.69
5.523787409067154,-0.5,-2.68,20.69
5.526588197797537,-0.49,-2.68,20.69
5.529701165854931,-0.49,-2.68,20.69
5.5326719135046005,-0.49,-2.68,20.69
5.535616714507341,-0.5,-2.68,20.69
5.538622997701168,-0.5,-2.68,20.69
5.541556339710951,-0.5,-2.68,20.69
5.544516038149595,-0.49,-2.68,20.69
5.547294460237026,-0.49,-2.68,20.69
5.550360530614853,-0.5,-2.68,20.69
5.553229760378599,-0.5,-2.68,20.69
5.556379772722721,-0.49,-2.68,20.69
5.559207528829575,-0.5,-2.68,20.69
5.562291439622641,-0.49,-2.68,20.69
5.565060883760452,-0.49,-2.68,20.69
5.5681703090667725,-0.49,-2.68,20.69
5.571072638034821,-0.49,-2.68,20.69
5.573948554694653,-0.49,-2.68,20.69
5.577089637517929,-0.5,-2.68,20.69
5.580000590533018,-0.49,-2.68,20.69
5.582980453968048,-0.5,-2.68,20.69
5.58595210686326,-0.5,-2.68,20.69
5.5872646532952785,-0.5,-2.68,20.69
5.588903497904539,-0.49,-2.68,20.69
5.590321715921164,-0.49,-2.68,20.69
5.591844316571951,-0.5,-2.68,20.69
5.593192040920258,-0.5,-2.68,20.69
5.594712845981121,-0.49,-2.68,20.69
5.596168603748083,-0.49,-2.68,20.69
5.597781430929899,-0.5,-2.68,20.69
5.599264856427908,-0.49,-2.68,20.69
5.600744962692261,-0.49,-2.68,20.69
5.602149777114391,-0.5,-2.68,20.69
5.603678189218044,-0.49,-2.68,20.69
5.605188187211752,-0.5,-2.68,20.69
5.606647904962301,-0.49,-2.68,20.69
5.608012575656176,-0.5,-2.68,20.69
5.609572678804398,-0.49,-2.68,20.69
5.611039005219936,-0.5,-2.68,20.69
5.614066027104855,-0.49,-2.68,20.69
5.616940975189209,-0.49,-2.68,20.69
5.619982656091452,-0.49,-2.68,20.69
5.622850697487593,-0.49,-2.68,20.69
5.625881318002939,-0.49,-2.68,20.69
5.6287835240364075,-0.5,-2.68,20.69
5.631742872297764,-0.49,-2.68,20.69
5.634572584182024,-0.49,-2.68,20.69
5.6375983990728855,-0.5,-2.68,20.69
5.640451241284609,-0.49,-2.68,20.69
5.643523555248976,-0.49,-2.68,20.69
5.646419286727905,-0.49,-2.68,20.69
5.649538636207581,-0.5,-2.68,20.69
5.652416132390499,-0.5,-2.68,20.69
5.653765723109245,-0.5,-2.68,20.69
5.655446115881205,-0.49,-2.68,20.69
5.656941883265972,-0.49,-2.68,20.69
5.658428870141506,-0.5,-2.67,20.69
5.659669205546379,-0.49,-2.67,20.69
5.661357473582029,-0.49,-2.67,20.69
5.662860386073589,-0.49,-2.68,20.69
5.664330959320068,-0.49,-2.68,20.69
5.665815260261297,-0.5,-2.68,20.69
5.667263299226761,-0.5,-2.67,20.69
5.668770160526037,-0.49,-2.67,20.69
5.670247461646795,-0.49,-2.67,20.69
5.671725898981094,-0.49,-2.67,20.69
5.673201102763414,-0.49,-2.67,20.69
5.674688640981913,-0.5,-2.67,20.69
5.676161643117666,-0.5,-2.67,20.69
5.6776174902915955,-0.49,-2.67,20.69
5.6789276748895645,-0.49,-2.67,20.69
5.680588953197002,-0.49,-2.68,20.69
5.682003043591976,-0.49,-2.68,20.69
5.683552887290716,-0.5,-2.67,20.69
5.684889815747738,-0.49,-2.67,20.69
5.6865105256438255,-0.5,-2.68,20.69
5.687994387000799,-0.5,-2.68,20.69
5.689329743385315,-0.5,-2.67,20.69
5.690948590636253,-0.5,-2.67,20.69
5.692431379109621,-0.5,-2.67,20.69
5.693904098123312,-0.49,-2.67,20.69
5.695390295237303,-0.49,-2.68,20.69
5.696887642145157,-0.49,-2.68,20.69
5.6982382871210575,-0.49,-2.68,20.69
5.699813719838858,-0.49,-2.68,20.69
5.701246362179518,-0.49,-2.67,20.69
5.7027876265347,-0.49,-2.67,20.69
5.704249955713749,-0.49,-2.67,20.69
5.705744985491037,-0.49,-2.68,20.69
5.707106865942478,-0.49,-2.67,20.69
5.708699844777584,-0.49,-2.67,20.69
5.7100437842309475,-0.49,-2.68,20.69
5.71298847720027,-0.49,-2.68,20.69
5.71608492732048,-0.5,-2.68,20.69
5.719020698219538,-0.49,-2.67,20.69
5.721977211534977,-0.49,-2.68,20.69
5.724883295595646,-0.49,-2.67,20.69
5.727771990001202,-0.5,-2.67,20.69
5.730795469135046,-0.49,-2.67,20.69
5.733743689954281,-0.5,-2.67,20.69
5.736768435686827,-0.49,-2.67,20.69
5.739627655595541,-0.49,-2.67,20.69
5.742700830101967,-0.49,-2.67,20.69
5.745670709758997,-0.49,-2.67,20.69
5.747083567082882,-0.49,-2.67,-273.87
5.748621765524149,-0.49,-2.67,20.7
5.750093910843134,-0.49,-2.67,20.7
5.75156831741333,-0.49,-2.67,20.7
5.753047812730074,-0.49,-2.67,20.7
5.754300683736801,-0.49,-2.67,20.69
5.75600415840745,-0.49,-2.67,20.69
5.757493555545807,-0.49,-2.67,20.69
5.758977275341749,-0.49,-2.67,20.69
5.760441269725561,-0.49,-2.67,20.7
5.761929675936699,-0.49,-2.67,20.69
5.763397894799709,-0.49,-2.67,20.69
5.764884565025568,-0.49,-2.67,20.7
5.766345489770174,-0.49,-2.67,20.69
5.767631068825722,-0.49,-2.67,20.69
5.769310496747494,-0.49,-2.67,20.7
5.770752891898155,-0.49,-2.67,20.69
5.772079031914473,-0.49,-2.67,20.7
5.773763228207827,-0.49,-2.67,20.69
5.775244690477848,-0.49,-2.67,20.7
5.776712320744991,-0.49,-2.67,20.69
5.778012786060572,-0.49,-2.67,20.7
5.779670760035515,-0.49,-2.67,20.7
5.781152464449406,-0.49,-2.67,20.7
5.782638128846884,-0.5,-2.67,20.69
5.784120798110962,-0.49,-2.67,20.7
5.785418797284365,-0.49,-2.67,20.69
5.787076245993376,-0.49,-2.67,20.7
5.78842194750905,-0.49,-2.67,20.7
5.790015581995249,-0.49,-2.67,20.69
5.791379675269127,-0.49,-2.67,20.7
5.792967677116394,-0.49,-2.67,20.7
5.7944255992770195,-0.49,-2.67,20.7
5.795828074216843,-0.49,-2.67,20.7
5.797357548028231,-0.49,-2.67,20.69
5.7987553589046,-0.5,-2.67,20.7
5.800387319177389,-0.49,-2.67,20.7
5.801751531660557,-0.49,-2.67,20.7
5.803289633244276,-0.49,-2.67,20.7
5.804815497249365,-0.49,-2.67,20.7
5.80631560087204,-0.49,-2.67,20.7
5.807631779462099,-0.49,-2.67,20.7
5.810504738241434,-0.49,-2.67,20.7
5.813558164983988,-0.49,-2.67,20.7
5.81664901599288,-0.49,-2.67,20.7
5.819423511624336,-0.49,-2.67,20.7
5.822500683367252,-0.49,-2.67,20.7
5.825526054948568,-0.49,-2.67,20.7
5.8284724578261375,-0.49,-2.67,20.7
5.83141353726387,-0.49,-2.67,20.7
5.834387898445129,-0.49,-2.67,20.7
5.837304014712572,-0.5,-2.67,20.7
5.840170044451952,-0.49,-2.67,20.7
5.843122486025095,-0.5,-2.67,20.7
5.846168782562017,-0.49,-2.67,20.7
5.849180307239294,-0.49,-2.67,20.7
5.8520548194646835,-0.49,-2.67,20.7
5.855090297758579,-0.49,-2.67,20.7
5.8578439094126225,-0.5,-2.67,20.7
5.860836938023567,-0.49,-2.67,20.7
5.86380273476243,-0.49,-2.67,20.7
5.866930864751339,-0.49,-2.66,20.7
5.86989326402545,-0.49,-2.67,20.7
5.872847430408001,-0.49,-2.67,20.7
5.875772640109062,-0.49,-2.66,20.7
5.878756929188967,-0.49,-2.66,20.7
5.881708417087793,-0.49,-2.66,20.7
5.884672652930021,-0.49,-2.66,20.7
5.887642174959183,-0.49,-2.66,20.7
5.890588950365782,-0.49,-2.66,20.7
5.893551222980022,-0.49,-2.66,20.7
5.896503504365683,-0.49,-2.66,20.7
5.899309068918228,-0.49,-2.66,20.71
5.902440652251244,-0.49,-2.66,20.7
5.905283186584711,-0.49,-2.66,20.71
5.90680905431509,-0.49,-2.66,20.71
5.908199220895767,-0.5,-2.66,-275.51
5.909828498959541,-0.49,-2.66,20.71
5.911225620657206,-0.49,-2.66,20.71
5.912762723863125,-0.49,-2.66,20.71
5.914130352437496,-0.49,-2.66,20.71
5.915735196322203,-0.49,-2.66,20.71
5.917230620980263,-0.49,-2.66,20.71
5.91868419572711,-0.49,-2.66,20.71
5.920070227235556,-0.49,-2.66,20.71
5.921643517911434,-0.49,-2.66,20.71
5.923128202557564,-0.49,-2.66,20.71
5.924593131989241,-0.49,-2.66,20.71
5.926091030240059,-0.49,-2.66,20.71
5.927546754479408,-0.49,-2.66,20.71
5.928866174072027,-0.49,-2.66,20.71
5.9304232858121395,-0.5,-2.66,20.71
5.931976556777954,-0.5,-2.66,20.71
5.933462169021368,-0.49,-2.66,20.71
5.934952065348625,-0.49,-2.66,20.71
5.936437759548426,-0.49,-2.66,20.71
5.937915351241827,-0.5,-2.66,20.71
5.939380344003439,-0.49,-2.66,20.71
5.940871451050043,-0.49,-2.66,20.71
5.942271392792463,-0.49,-2.66,20.71
5.943818803876638,-0.49,-2.66,20.71
5.945223551243544,-0.49,-2.66,20.71
5.946745663881302,-0.49,-2.66,20.71
5.948268141597509,-0.49,-2.66,20.71
5.949544832110405,-0.49,-2.66,20.71
5.951226077973843,-0.49,-2.66,20.71
5.952674970030785,-0.49,-2.66,20.71
5.953954853117466,-0.49,-2.66,20.71
5.955673560500145,-0.49,-2.66,20.71
5.957143474370241,-0.49,-2.66,20.71
5.958622545003891,-0.49,-2.66,20.71
5.959946572780609,-0.49,-2.66,20.71
5.961576011031866,-0.49,-2.66,20.71
5.96304577216506,-0.49,-2.66,20.71
5.964530576020479,-0.5,-2.66,20.71
5.965790167450905,-0.49,-2.66,20.71
5.9674813114106655,-0.49,-2.66,20.71
5.968796923756599,-0.49,-2.66,20.71
5.970246121287346,-0.49,-2.66,20.71
5.971737269312143,-0.5,-2.66,20.71
5.973388027399778,-0.5,-2.66,20.71
5.97490007057786,-0.49,-2.66,20.71
5.976350888609886,-0.49,-2.66,20.71
5.9776789881289005,-0.49,-2.66,20.71
5.9791379570961,-0.49,-2.66,20.71
5.980685621500015,-0.49,-2.66,20.71
5.982198629528284,-0.49,-2.66,20.71
5.983755070716143,-0.49,-2.66,20.71
5.98524409532547,-0.49,-2.66,20.71
5.986711788922548,-0.49,-2.66,20.71
5.988185845315456,-0.49,-2.66,20.71
5.989667411893606,-0.49,-2.66,20.71
5.9911481365561485,-0.49,-2.66,20.71
5.992496732622385,-0.49,-2.66,20.71
5.994116079062223,-0.49,-2.66,20.72
5.995447248220444,-0.49,-2.66,20.72
5.997052222490311,-0.49,-2.66,20.72
5.998375944793224,-0.49,-2.66,20.72
6.0000271536409855,-0.49,-2.66,20.72
6.0013901852071285,-0.49,-2.66,20.72
6.002969700843096,-0.49,-2.66,20.72
6.004312887787819,-0.49,-2.66,20.72
6.007233038544655,-0.49,-2.66,20.72
6.010238606482744,-0.49,-2.66,20.72
6.013307373970747,-0.49,-2.66,20.72
6.016176417469978,-0.49,-2.66,20.72
6.019026834517717,-0.49,-2.66,20.71
6.0221127681434155,-0.49,-2.66,20.72
6.025173041969538,-0.49,-2.66,20.72
6.028077229857445,-0.49,-2.66,20.71
6.030999910086393,-0.49,-2.66,20.71
6.033952809870243,-0.49,-2.66,20.72
6.036990642547607,-0.49,-2.66,20.71
6.0398046635091305,-0.49,-2.66,20.72
6.042764630168676,-0.49,-2.65,20.72
6.0458809696137905,-0.49,-2.65,20.71
6.048808868974447,-0.49,-2.65,20.72
6.051786199212074,-0.49,-2.65,20.71
6.054746069014072,-0.49,-2.65,20.72
6.057581376284361,-0.49,-2.65,20.72
6.060575868934393,-0.49,-2.65,20.71
6.0636125430464745,-0.49,-2.65,20.71
6.066490810364485,-0.49,-2.65,20.72
6.069456078112125,-0.49,-2.65,20.71
6.0708028338849545,-0.49,-2.66,20.72
6.072489082813263,-0.49,-2.65,20.71
6.073780331760645,-0.49,-2.66,20.72
6.07543408498168,-0.49,-2.65,20.72
6.0769208408892155,-0.49,-2.65,20.72
6.07838973030448,-0.49,-2.65,20.71
6.079880658537149,-0.49,-2.66,20.71
6.081190105527639,-0.49,-2.65,20.71
6.0828460566699505,-0.49,-2.65,20.72
6.084119435399771,-0.49,-2.65,20.72
6.085797864943743,-0.49,-2.65,20.71
6.087080154567957,-0.49,-2.65,20.72
6.088746529072523,-0.49,-2.65,20.71
6.090245950967073,-0.49,-2.65,20.71
6.091705322265625,-0.49,-2.65,20.71
6.09318570792675,-0.49,-2.65,20.72
6.094671998172998,-0.49,-2.65,20.71
6.096150983124971,-0.49,-2.66,20.72
6.0976336896419525,-0.49,-2.66,20.71
6.098928842693567,-0.49,-2.65,20.72
6.100543808192015,-0.49,-2.65,20.72
6.1019315011799335,-0.49,-2.65,20.72
6.103540230542421,-0.49,-2.66,20.71
6.106489669531584,-0.49,-2.66,20.71
6.109447501599789,-0.49,-2.66,20.72
6.112408608198166,-0.49,-2.65,20.72
6.115368168801069,-0.49,-2.65,20.72
6.118179891258478,-0.49,-2.66,20.72
6.121162824332714,-0.49,-2.66,20.72
6.124201741069555,-0.49,-2.65,20.72
6.127168994396925,-0.49,-2.66,20.72
6.1300907507538795,-0.49,-2.65,20.72
6.1330585069954395,-0.49,-2.65,20.72
6.136095266789198,-0.49,-2.65,20.71
6.1389683820307255,-0.49,-2.65,20.71
6.141991190612316,-0.49,-2.65,20.71
6.144898347556591,-0.49,-2.65,20.71
6.147790037095547,-0.49,-2.65,20.71
6.150840315967798,-0.49,-2.65,20.71
6.153674688190222,-0.49,-2.65,20.71
6.156707424670458,-0.49,-2.65,20.71
6.166833363473415,-0.49,-2.65,20.71
6.168310333043337,-0.49,-2.65,20.71
6.169682387262583,-0.49,-2.65,20.71
6.171232167631388,-0.49,-2.65,20.71
6.172715321183205,-0.49,-2.65,20.71
6.174237072467804,-0.49,-2.65,20.71
6.1757072657346725,-0.49,-2.65,20.71
6.177154593169689,-0.49,-2.65,20.71
6.1786639876663685,-0.49,-2.65,20.71
6.180157698690891,-0.49,-2.65,20.71
6.18164087831974,-0.49,-2.65,20.71
6.183102276176214,-0.49,-2.65,20.71
6.184592895209789,-0.49,-2.65,20.71
6.186047449707985,-0.49,-2.65,20.71
6.187494590878487,-0.49,-2.65,20.71
6.189014494419098,-0.49,-2.65,20.72
6.190412178635597,-0.49,-2.65,20.72
6.1919673308730125,-0.49,-2.65,20.72
6.1934483498334885,-0.49,-2.65,20.72
6.194931909441948,-0.49,-2.65,20.72
6.1964134611189365,-0.49,-2.65,20.72
6.197887260466814,-0.49,-2.65,20.72
6.1993711814284325,-0.49,-2.65,20.72
6.200827181339264,-0.49,-2.65,20.72
6.202341515570879,-0.49,-2.65,20.72
6.205202151089907,-0.49,-2.65,20.72
6.208212450146675,-0.49,-2.65,20.72
6.2111265286803246,-0.49,-2.65,20.72
6.214167859405279,-0.49,-2.65,20.72
6.217020310461521,-0.49,-2.65,20.72
6.219995651394129,-0.49,-2.65,20.72
6.223023418337107,-0.49,-2.65,20.72
6.225940737873316,-0.5,-2.65,20.72
6.228939510881901,-0.49,-2.65,20.72
6.231892134994268,-0.49,-2.65,20.73
6.2348541505634785,-0.49,-2.65,20.73
6.237822514027357,-0.49,-2.65,20.73
6.240691646933556,-0.49,-2.65,20.73
6.24365671724081,-0.49,-2.65,20.73
6.246570955961943,-0.49,-2.65,20.73
6.249574087560177,-0.49,-2.65,20.73
6.25248983874917,-0.49,-2.65,20.73
6.255449511110783,-0.49,-2.65,20.73
6.258366122841835,-0.49,-2.65,20.73
6.261467814445496,-0.49,-2.65,20.73
6.262960109859705,-0.49,-2.65,20.73
6.264428365975618,-0.49,-2.64,20.73
6.265913177281618,-0.49,-2.64,20.73
6.26739552244544,-0.49,-2.65,20.73
6.268868926912546,-0.49,-2.64,20.73
6.2703156135976315,-0.49,-2.64,20.73
6.271835457533598,-0.49,-2.64,20.73
6.273316338658333,-0.49,-2.64,20.73
6.274797532707453,-0.49,-2.65,20.73
6.276206154376268,-0.49,-2.64,20.73
6.277745895087719,-0.49,-2.64,20.73
6.279231157153845,-0.49,-2.64,20.73
6.280554041266441,-0.49,-2.64,20.73
6.282045993953943,-0.49,-2.64,20.73
6.283665776252747,-0.49,-2.64,20.73
6.285147823393345,-0.5,-2.64,20.73
6.286626230925322,-0.49,-2.64,20.73
6.288034722208977,-0.49,-2.64,20.73
6.289577066898346,-0.49,-2.64,20.73
6.29106006026268,-0.49,-2.64,20.73
6.292533487081528,-0.49,-2.64,20.74
6.294015910476446,-0.49,-2.64,20.73
6.295369856059551,-0.49,-2.64,20.73
6.2969765812158585,-0.49,-2.65,20.73
6.29845717549324,-0.49,-2.65,20.73
6.299935817718506,-0.49,-2.65,20.73
6.302759099751711,-0.49,-2.65,20.73
6.305840600281954,-0.49,-2.65,20.73
6.308797731995583,-0.49,-2.64,20.73
6.311639238148928,-0.49,-2.64,20.74
6.3147127740085125,-0.49,-2.65,20.73
6.317677106708288,-0.49,-2.65,20.73
6.320632688701153,-0.49,-2.65,20.74
6.323596231639385,-0.5,-2.65,20.74
6.326544176787138,-0.49,-2.65,20.74
6.329479679465294,-0.49,-2.65,20.74
6.332287210971117,-0.49,-2.65,20.74
6.335379328578711,-0.49,-2.65,20.74
6.338386941701174,-0.49,-2.65,20.74
6.341332271695137,-0.49,-2.65,20.74
6.344294156879187,-0.49,-2.65,20.74
6.34728317335248,-0.49,-2.65,20.74
6.350205555558205,-0.49,-2.65,20.74
6.353157013654709,-0.49,-2.65,20.74
6.35593581572175,-0.49,-2.65,20.74
6.359091896563768,-0.49,-2.65,20.74
6.3620463237166405,-0.49,-2.65,20.74
6.3649776466190815,-0.49,-2.65,20.74
6.3664711974561214,-0.49,-2.65,20.74
6.367960516363382,-0.49,-2.65,20.74
6.369437705725431,-0.49,-2.65,20.74
6.370909750461578,-0.49,-2.65,20.74
6.372394397854805,-0.5,-2.65,20.74
6.373867210000753,-0.49,-2.65,20.74
6.375350903719664,-0.49,-2.65,20.74
6.376844495534897,-0.49,-2.65,20.74
6.378304537385702,-0.49,-2.65,20.73
6.379776760935783,-0.49,-2.65,20.73
6.381277870386839,-0.49,-2.65,20.73
6.382758054882288,-0.49,-2.65,20.73
6.38423141092062,-0.49,-2.65,20.73
6.385635390877724,-0.49,-2.65,20.73
6.387175980955362,-0.49,-2.65,20.73
6.388655640184879,-0.49,-2.65,20.73
6.390063643455505,-0.49,-2.65,20.73
6.391628455370665,-0.49,-2.65,20.73
6.393093761056662,-0.49,-2.65,20.73
6.394575342535973,-0.49,-2.65,20.73
6.39605650305748,-0.49,-2.65,20.73
6.397378917783499,-0.49,-2.65,20.73
6.399015463888645,-0.49,-2.65,20.73
6.400432966649532,-0.49,-2.65,20.73
6.403286963701248,-0.49,-2.65,20.73
6.406403187662363,-0.49,-2.65,20.73
6.409206047654152,-0.49,-2.65,20.73
6.412212360650301,-0.49,-2.65,20.73
6.415066424757242,-0.49,-2.65,20.73
6.4181834384799,-0.49,-2.65,20.73
6.42108990997076,-0.49,-2.65,20.73
6.424143936485052,-0.49,-2.65,20.73
6.425627030432224,-0.49,-2.65,20.73
6.426977209746838,-0.49,-2.65,20.73
6.428589541465044,-0.49,-2.65,20.73
6.430068872869015,-0.49,-2.65,20.73
6.431570027023554,-0.49,-2.65,20.73
6.433023151010275,-0.49,-2.65,20.73
6.434514287859201,-0.49,-2.65,20.73
6.435980066657066,-0.49,-2.65,20.73
6.4374644458293915,-0.49,-2.65,20.73
6.43894711509347,-0.49,-2.65,20.73
6.440422914922237,-0.49,-2.64,20.73
6.441902328282595,-0.49,-2.65,20.73
6.443380866199732,-0.49,-2.65,20.73
6.444856934249401,-0.49,-2.65,20.73
6.446344021707773,-0.49,-2.64,20.73
6.4478156715631485,-0.49,-2.65,20.73
6.449300434440374,-0.49,-2.65,20.73
6.4507656916975975,-0.49,-2.65,20.73
6.452252596616745,-0.49,-2.64,20.73
6.453671149909496,-0.49,-2.64,20.73
6.455213267356157,-0.49,-2.64,20.73
6.456592094153166,-0.49,-2.64,20.73
6.458130534738302,-0.49,-2.64,20.73
6.459652904421091,-0.49,-2.64,20.73
6.461023062467575,-0.49,-2.64,20.73
6.462595395743847,-0.49,-2.64,20.73
6.464089430868626,-0.49,-2.64,20.73
6.465560808777809,-0.49,-2.64,20.73
6.467037178575993,-0.49,-2.64,20.73
6.468357753008604,-0.49,-2.64,20.73
6.470017433166504,-0.49,-2.64,20.73
6.471431992948055,-0.49,-2.64,20.73
6.472959652543068,-0.49,-2.64,20.73
6.4744447357952595,-0.49,-2.64,20.73
6.475910183042288,-0.49,-2.64,20.73
6.477402497082949,-0.49,-2.64,20.73
6.478877801448107,-0.49,-2.64,20.73
6.480317324399948,-0.49,-2.64,20.73
6.4818283431231976,-0.49,-2.64,20.73
6.4833284467458725,-0.49,-2.64,20.73
6.484790958464146,-0.49,-2.64,20.73
6.486254565417767,-0.49,-2.64,20.73
6.4877390787005424,-0.49,-2.64,20.73
6.489227134734392,-0.49,-2.64,20.73
6.490714598447084,-0.49,-2.64,20.73
6.4921891912817955,-0.49,-2.64,20.73
6.493661269545555,-0.49,-2.64,20.73
6.495134469121695,-0.49,-2.64,20.73
6.496585600078106,-0.49,-2.64,20.73
6.498106338083744,-0.49,-2.64,20.73
6.50094685703516,-0.49,-2.64,20.73
6.504017494618893,-0.49,-2.64,20.73
6.506863597780466,-0.49,-2.64,20.73
6.509868074208498,-0.49,-2.64,20.73
6.512818109244108,-0.49,-2.64,20.73
6.515852078795433,-0.49,-2.64,20.73
6.518806658685207,-0.49,-2.64,20.73
6.521763060241938,-0.49,-2.64,20.73
6.524618361145258,-0.49,-2.64,20.73
6.527668587863445,-0.49,-2.64,20.73
6.530632376670837,-0.49,-2.64,20.73
6.533599320799112,-0.49,-2.64,20.73
6.536458346992731,-0.49,-2.64,20.73
6.539374463260174,-0.49,-2.64,20.73
6.542330399155617,-0.49,-2.64,20.73
6.54544261097908,-0.49,-2.64,20.73
6.548380874097347,-0.49,-2.64,20.73
6.551090564578772,-0.49,-2.64,20.73
6.554290201514959,-0.49,-2.64,20.73
6.5572665855288506,-0.49,-2.64,20.73
6.5602039732038975,-0.49,-2.64,20.73
6.563168980181217,-0.49,-2.64,20.73
6.566132422536612,-0.49,-2.64,20.73
6.56909304112196,-0.49,-2.64,20.73
6.571989096701145,-0.49,-2.64,20.73
6.574810776859522,-0.49,-2.64,20.73
6.577946286648512,-0.49,-2.64,20.73
6.580683674663305,-0.49,-2.64,20.73
6.583831809461117,-0.49,-2.64,20.73
6.585350528359413,-0.49,-2.64,20.73
6.586834263056517,-0.49,-2.64,20.73
6.588311422616243,-0.49,-2.64,20.73
6.5895982049405575,-0.49,-2.64,20.73
6.591271445155144,-0.49,-2.64,20.73
6.5926451943814754,-0.49,-2.64,20.73
6.594229988753796,-0.49,-2.64,20.73
6.595692753791809,-0.49,-2.64,20.73
6.5971749648451805,-0.49,-321.78,20.73
6.600134331732988,-0.49,-2.64,20.73
6.603107325732708,-0.49,-2.64,20.73
6.606051821261644,-0.49,-2.64,20.73
6.6089685671031475,-0.49,-2.64,20.73
6.611732829362154,-0.49,-2.64,20.73
6.614788610488176,-0.49,-2.64,20.73
6.617810677736998,-0.49,-2.64,20.73
6.620838206261396,-0.49,-2.64,20.73
6.622324846684933,-0.49,-2.64,20.73
6.623798955231905,-0.49,-2.64,20.73
6.625275820493698,-0.49,-2.64,20.73
6.6267677918076515,-0.49,-2.64,20.73
6.628243047744036,-0.49,-2.64,20.73
6.6297160387039185,-0.49,-2.64,20.73
6.63119550794363,-0.49,-2.64,20.73
6.632653772830963,-0.49,-2.64,20.73
6.634151678532362,-0.49,-2.64,20.73
6.635637670755386,-0.49,-2.64,20.73
6.6371099054813385,-0.49,-2.64,20.73
6.638590797781944,-0.49,-2.64,20.73
6.640069335699081,-0.49,-2.64,20.73
6.6415514051914215,-0.49,-2.64,20.73
6.6430232636630535,-0.49,-2.64,20.73
6.644524574279785,-0.49,-2.64,20.73
6.645978309214115,-0.49,-2.64,20.73
6.647375624626875,-0.49,-2.64,20.73
6.6487752459943295,-0.49,-2.64,20.73
6.650437604635954,-0.49,-2.64,20.73
6.651909425854683,-0.49,-2.64,20.73
6.653392489999533,-0.49,-2.64,20.73
6.654862824827433,-0.49,-2.64,20.73
6.656337656080723,-0.49,-2.64,20.73
6.657688990235329,-0.49,-2.64,20.73
6.659279312938452,-0.49,-2.64,20.73
6.660766702145338,-0.49,-2.64,20.73
6.662107173353434,-0.49,-2.64,20.73
6.663731396198273,-0.49,-2.64,20.73
6.665216829627752,-0.49,-2.64,20.73
6.6666914112865925,-0.49,-2.64,20.73
6.668166738003492,-0.49,-2.64,20.73
6.669643420726061,-0.49,-2.64,20.73
6.671138372272253,-0.49,-2.64,20.73
6.6725042052567005,-0.49,-2.64,20.73
6.67408387362957,-0.49,-2.64,20.73
6.675525102764368,-0.49,-2.64,20.73
6.677043911069632,-0.49,-2.64,20.73
6.6785161308944225,-0.49,-2.64,20.73
6.6799979619681835,-0.49,-2.64,20.73
6.681480213999748,-0.49,-2.64,20.73
6.682952702045441,-0.49,-2.64,20.73
6.684434644877911,-0.49,-2.64,20.73
6.685904067009687,-0.49,-2.64,20.73
6.687402501702309,-0.49,-2.64,20.73
6.6888819225132465,-0.49,-2.64,20.73
6.69034742936492,-0.49,-2.64,20.73
6.691831171512604,-0.49,-2.64,20.73
6.693308878690004,-0.49,-2.63,20.74
6.694780759513378,-0.49,-2.63,20.74
6.696265567094088,-0.49,-2.63,20.74
6.6992050260305405,-0.49,-2.63,20.73
6.702191065996885,-0.49,-2.63,20.73
6.705140396952629,-0.49,-2.63,20.73
6.708106506615877,-0.49,-2.63,20.73
6.710986942052841,-0.49,-2.63,20.73
6.714005842804909,-0.49,-2.63,20.73
6.716966059058905,-0.49,-2.63,20.74
6.719685569405556,-0.49,-2.63,20.73
6.722813084721565,-0.49,-2.63,20.74
6.72583619505167,-0.49,-2.63,20.74
6.728687856346369,-0.49,-2.63,20.74
6.731764651834965,-0.49,-2.63,20.74
6.734479013830423,-0.49,-2.63,20.74
6.7375708520412445,-0.49,-2.63,20.74
6.7406176663935184,-0.49,-2.63,20.74
6.7433899864554405,-0.49,-2.63,20.74
6.745078980922699,-0.49,-2.63,20.74
6.74654857814312,-0.49,-2.63,20.74
6.7480260990560055,-0.49,-2.63,20.74
6.749518439173698,-0.49,-2.63,20.74
6.750984821468592,-0.49,-2.63,20.74
6.752461954951286,-0.49,-2.63,20.74
6.753945339471102,-0.49,-2.63,20.74
6.7554234229028225,-0.49,-2.63,20.74
6.75682270899415,-0.49,-2.63,20.74
6.758358828723431,-0.49,-2.63,20.74
6.7598707266151905,-0.49,-2.63,20.74
6.761317569762468,-0.49,-2.63,20.74
6.7628093883395195,-0.49,-2.63,20.74
6.764305844902992,-0.49,-2.63,20.74
6.765767615288496,-0.49,-2.63,20.74
6.767206776887178,-0.49,-2.63,20.74
6.7687259167432785,-0.49,-2.63,20.74
6.770210068672895,-0.49,-2.63,20.74
6.771700646728277,-0.49,-2.63,20.74
6.773178435862064,-0.49,-2.63,20.74
6.774650767445564,-0.49,-2.63,20.74
6.776136547327042,-0.49,-2.63,20.74
6.777579486370087,-0.49,-2.63,20.74
6.779083773493767,-0.49,-2.63,20.74
6.78057437390089,-0.49,-2.63,20.74
6.7820344269275665,-0.49,-2.63,20.74
6.783417072147131,-0.49,-2.63,20.74
6.78490649536252,-0.49,-2.63,20.74
6.786478258669376,-0.49,-2.63,20.74
6.787962485104799,-0.49,-2.63,20.73
6.789276670664549,-0.49,-2.63,20.74
6.790922187268734,-0.49,-2.63,20.73
6.792293813079596,-0.49,-2.63,20.74
6.79386680200696,-0.49,-2.63,20.73
6.796829141676426,-0.49,-2.63,20.73
6.799622535705566,-0.49,-2.62,20.73
6.802748594433069,-0.49,-2.62,20.73
6.8056718073785305,-0.49,-2.62,20.73
6.808606240898371,-0.49,-2.62,20.73
6.811521645635366,-0.49,-2.62,20.73
6.814378097653389,-0.49,-2.62,20.73
6.8175060003995895,-0.49,-2.62,20.73
6.820274978876114,-0.49,-2.62,20.73
6.82341468706727,-0.49,-2.62,20.73
6.826205231249332,-0.49,-2.62,20.73
6.829333055764437,-0.49,-2.62,20.73
6.83216118067503,-0.49,-2.62,20.73
6.835275374352932,-0.49,-2.62,20.73
6.8382472433149815,-0.49,-2.62,20.73
6.841194551438093,-0.49,-2.62,20.73
6.84415178745985,-0.49,-2.62,20.73
6.847085263580084,-0.49,-2.62,20.73
6.849867857992649,-0.49,-2.62,20.73
6.852933403104544,-0.49,-2.62,20.73
6.85595990717411,-0.49,-2.62,20.73
6.85881906747818,-0.49,-2.62,20.73
6.861887585371733,-0.49,-2.62,20.73
6.864865526556969,-0.49,-2.62,20.73
6.867710769176483,-0.49,-2.62,20.73
6.870773043483496,-0.49,-2.62,20.73
6.873540148139,-0.49,-2.62,20.73
6.876690998673439,-0.49,-2.62,20.73
6.878145854920149,-0.49,-2.62,20.73
6.879657734185457,-0.49,-2.62,20.73
6.8811246529221535,-0.49,-2.62,20.73
6.882602073252201,-0.49,-2.62,20.73
6.883943896740675,-0.49,-2.62,20.73
6.8855543397367,-0.49,-2.62,20.73
6.887036308646202,-0.49,-2.62,20.73
6.8884559608995914,-0.49,-2.62,20.73
6.889917653053999,-0.48,-2.62,20.73
6.891444459557533,-0.49,-2.62,20.73
6.892952546477318,-0.49,-2.62,20.73
6.8944263607263565,-0.49,-2.62,20.73
6.897328689694405,-0.49,-2.62,20.73
6.900341134518385,-0.49,-2.62,20.73
6.903306290507317,-0.49,-2.62,20.73
6.906262293457985,-0.49,-2.62,20.73
6.9077343083918095,-0.49,-2.62,20.73
6.909213196486235,-0.49,-2.62,20.73
6.910694159567356,-0.49,-2.62,20.73
6.9121776185929775,-0.49,-2.62,20.73
6.91365472972393,-0.49,-2.62,20.73
6.915128938853741,-0.49,-2.62,20.73
6.916609972715378,-0.49,-2.62,20.73
6.917926669120789,-0.49,-2.62,20.73
6.9194664135575294,-0.49,-2.62,20.73
6.921055853366852,-0.49,-2.62,20.73
6.922520067542791,-0.49,-2.62,20.73
6.924005553126335,-0.49,-2.62,20.73
6.925407383590937,-0.49,-2.62,20.73
6.926965672522783,-0.49,-2.62,20.73
6.928437668830156,-0.49,-2.62,20.73
6.9299269542098045,-0.49,-2.62,20.73
6.93139211460948,-0.49,-2.62,20.73
6.93287305906415,-0.49,-2.62,20.73
6.934362709522247,-0.49,-2.62,20.73
6.935758858919144,-0.49,-2.62,20.73
6.937322244048119,-0.49,-2.62,20.73
6.938802741467953,-0.49,-2.62,20.73
6.940265540033579,-0.49,-2.62,20.73
6.941747162491083,-0.49,-2.62,20.73
6.94322581961751,-0.49,-2.62,20.73
6.944711111485958,-0.49,-2.62,20.73
6.946187403053045,-0.49,-2.62,20.73
6.947674363851547,-0.49,-2.62,20.73
6.94913362711668,-0.49,-2.62,20.73
6.950623989105225,-0.49,-2.62,20.73
6.9521016627550125,-0.49,-2.62,20.73
6.953586734831333,-0.49,-2.62,20.73
6.95505703613162,-0.49,-2.62,20.73
6.9565445482730865,-0.49,-2.62,20.73
6.9579975716769695,-0.49,-2.62,20.73
6.959490284323692,-0.49,-2.62,20.73
6.960982497781515,-0.49,-2.62,20.73
6.96246225759387,-0.49,-2.62,20.73
6.963929831981659,-0.49,-2.62,20.73
6.965406943112612,-0.49,-2.62,20.73
6.966886956244707,-0.49,-2.62,20.73
6.968376938253641,-0.49,-2.62,20.73
6.969847392290831,-0.49,-2.62,20.73
6.97133257240057,-0.49,-2.62,20.73
6.972804818302393,-0.48,-2.62,20.73
6.9742919728159904,-0.49,-2.62,20.73
6.9757636077702045,-0.49,-2.62,20.73
6.9772361889481544,-0.49,-2.62,20.73
6.978723373264074,-0.49,-2.62,20.73
6.9802002757787704,-0.49,-2.62,20.73
6.98158211633563,-0.49,-2.62,20.73
6.983159426599741,-0.49,-2.62,20.73
6.984636448323727,-0.49,-2.62,20.73
6.986119385808706,-0.49,-2.62,20.73
6.987589977681637,-0.49,-2.62,20.73
6.988974500447512,-0.49,-2.62,20.73
6.99056538566947,-0.49,-2.62,20.73
6.992031801491976,-0.49,-2.62,20.73
6.994855776429176,-0.49,-2.62,20.73
6.997734513133764,-0.49,-2.62,20.73
7.000779941678047,-0.49,-2.62,20.73
7.003831434994936,-0.49,-2.62,20.73
7.006814032793045,-0.49,-2.62,20.73
7.009782966226339,-0.49,-2.62,20.73
7.012739561498165,-0.49,-2.62,20.73
7.015573922544718,-0.49,-2.62,20.74
7.0186545588076115,-0.49,-2.62,20.74
7.0213671289384365,-0.48,-2.62,20.74
7.024531994014978,-0.49,-2.62,20.74
7.0273058116436005,-0.49,-2.62,20.74
7.030402850359678,-0.49,-2.62,20.74
7.033246885985136,-0.49,-2.62,20.74
7.036360710859299,-0.49,-2.62,20.74
7.039182364940643,-0.49,-2.62,20.74
7.042305566370487,-0.49,-2.62,20.74
7.0451532155275345,-0.49,-2.62,20.74
7.04822625592351,-0.49,-2.62,20.74
7.051173307001591,-0.49,-2.62,20.74
7.053997062146664,-0.49,-2.62,20.74
7.057106528431177,-0.49,-2.62,20.74
7.059874475002289,-0.49,-2.62,20.74
7.0629319585859776,-0.49,-2.62,20.74
7.065758500248194,-0.49,-2.62,20.74
7.068923857063055,-0.49,-2.62,20.74
7.07041423022747,-0.49,-2.62,20.74
7.071878112852573,-0.49,-2.62,20.74
7.0732276774942875,-0.49,-2.62,20.74
7.074846889823675,-0.49,-2.62,20.74
7.076328925788403,-0.49,-2.62,20.74
7.077730890363455,-0.49,-2.62,20.74
7.079286515712738,-0.49,-2.62,20.74
7.080761969089508,-0.49,-2.62,20.74
7.082226134836674,-0.49,-2.62,20.74
7.08371452242136,-0.49,-2.62,20.74
7.085188984870911,-0.49,-2.62,20.74
7.086678344756365,-0.49,-2.62,20.74
7.088144492357969,-0.49,-2.62,20.74
7.089631784707308,-0.49,-2.62,20.74
7.091112110763788,-0.49,-2.62,20.74
7.094023153185844,-0.49,-2.61,20.74
7.097028411924839,-0.49,-2.61,20.74
7.099982522428036,-0.49,-2.62,20.74
7.102943770587444,-0.49,-2.62,20.74
7.105895962566137,-0.49,-2.61,20.74
7.108824096620083,-0.49,-2.61,20.74
7.111644424498081,-0.49,-2.61,20.74
7.11477317661047,-0.49,-2.61,20.74
7.117524415254593,-0.49,-2.61,20.74
7.120607823133469,-0.49,-2.61,20.74
7.123475704342127,-0.49,-2.62,20.74
7.126591522246599,-0.49,-2.62,20.74
7.129561565816402,-0.49,-2.61,20.74
7.131035406142473,-0.49,-2.61,20.74
7.132498316466808,-0.49,-2.61,20.73
7.133831072598696,-0.49,-2.61,20.74
7.1354608200490475,-0.48,-2.62,20.73
7.13695552572608,-0.49,-2.61,20.73
7.138433251529932,-0.49,-2.61,20.74
7.139893174171448,-0.49,-2.61,20.73
7.141249753534794,-0.49,-2.62,20.73
7.142868191003799,-0.49,-2.62,20.74
7.1443400382995605,-0.48,-2.61,20.74
7.145829942077398,-0.49,-2.62,20.74
7.147298458963633,-0.49,-2.62,20.74
7.148778822273016,-0.49,-2.61,20.74
7.150255847722292,-0.49,-2.61,20.73
7.151743624359369,-0.49,-2.62,20.74
7.153211500495672,-0.49,-2.61,20.74
7.154692128300667,-0.49,-2.61,20.74
7.156174976378679,-0.49,-2.61,20.73
7.157657742500305,-0.49,-2.61,20.73
7.1591308824718,-0.49,-2.61,20.73
7.160602904856205,-0.49,-2.61,20.73
7.162084233015776,-0.49,-2.61,20.74
7.163571450859308,-0.49,-2.61,20.74
7.165056560188532,-0.49,-2.61,20.73
7.166479151695967,-0.49,-2.61,20.73
7.168005898594856,-0.49,-2.61,20.73
7.169478096067905,-0.48,-2.61,20.73
7.170962307602167,-0.49,-2.61,20.74
7.172341249883175,-0.49,-2.61,20.74
7.173883907496929,-0.49,-2.61,20.73
7.175403021275997,-0.49,-2.61,20.73
7.1768766939640045,-0.49,-2.61,20.73
7.178352233022451,-0.49,-2.61,20.73
7.179838828742504,-0.49,-2.61,20.73
7.181311782449484,-0.49,-2.61,20.74
7.182794276624918,-0.49,-2.61,20.74
7.184270802885294,-0.49,-2.61,20.73
7.185750260949135,-0.49,-2.61,20.73
7.1872271075844765,-0.49,-2.61,20.73
7.188660133630037,-0.49,-2.61,20.73
7.190180227160454,-0.49,-2.61,20.74
7.192951004952192,-0.48,-2.61,20.73
7.196099273860455,-0.49,-2.61,20.73
7.199046716094017,-0.49,-2.61,20.74
7.201909106224775,-0.48,-2.61,20.73
7.204967025667429,-0.49,-2.61,20.73
7.207848418504,-0.49,-2.61,20.76
7.210892487317324,-0.48,-2.61,20.72
7.213815346360207,-0.49,-2.61,20.74
7.216677665710449,-0.49,-2.61,20.73
7.21975465118885,-0.49,-2.6,20.73
7.222719769924879,-0.49,-2.61,20.73
7.225497215986252,-0.49,-2.61,20.71
7.228602193295956,-0.49,-2.61,20.74
7.231600757688284,-0.49,-2.61,20.73
7.233135689049959,-0.49,-2.6,20.76
7.234550170600414,-0.49,-2.61,20.77
7.23596603050828,-0.49,-2.61,20.76
7.237475983798504,-0.49,-2.6,20.74
7.239020127803087,-0.49,-2.61,20.73
7.240399889647961,-0.49,-2.61,20.73
7.241864934563637,-0.49,-2.61,20.73
7.243421357125044,-0.49,-2.61,20.73
7.244779549539089,-0.49,-2.61,20.74
7.246379863470793,-0.49,-2.61,20.74
7.24764970690012,-0.49,-2.61,20.74
7.249334085732698,-0.49,-2.61,20.74
7.25081429630518,-0.49,-2.61,20.74
7.252166021615267,-0.49,-2.61,20.74
7.253783721476793,-0.49,-2.61,20.74
7.2552410289645195,-0.49,-2.61,20.73
7.2567269541323185,-0.49,-2.61,20.73
7.258218929171562,-0.49,-2.61,20.73
7.259496320039034,-0.49,-2.61,20.73
7.261273678392172,-0.49,-2.6,20.74
7.262690521776676,-0.49,-2.61,20.73
7.264660939574242,-0.49,-2.61,20.74
7.26573022454977,-0.49,-2.61,20.75
7.267101716250181,-0.49,-2.61,20.75
7.268583707511425,-0.49,-2.62,20.75
7.269931934773922,-0.49,-2.62,20.74
7.271525856107473,-0.49,-2.62,20.74
7.273019928485155,-0.49,-2.62,20.74
7.274479646235704,-0.49,-2.62,20.74
7.275908842682838,-0.49,-2.62,20.73
7.277296055108309,-0.49,-2.62,20.77
7.278761051595211,-0.48,-2.61,20.77
7.2803910076618195,-0.49,-2.62,20.73
7.281729448586702,-0.49,-2.63,20.72
7.2833535596728325,-0.48,-2.61,20.81
7.2848026268184185,-0.47,-2.61,20.78
7.28628658130765,-0.49,-2.62,20.73
7.287777349352837,-0.49,-2.63,20.72
7.2891431748867035,-0.49,-2.63,20.74
7.291983265429735,-0.49,-2.63,20.75
7.2951721996068954,-0.49,-2.63,20.75
7.298121061176062,-0.49,-2.63,20.75
7.300994865596294,-0.49,-2.63,20.77
7.303949631750584,-0.49,-2.63,20.75
7.306923251599073,-0.48,-2.63,20.74
7.309866201132536,-0.48,-2.63,20.74
7.312879145145416,-0.49,-2.63,20.75
7.315883811563253,-0.49,-2.63,20.75
7.318841602653265,-0.49,-2.63,20.76
7.321795791387558,-0.49,-2.63,20.77
7.324720595031977,-0.49,-2.63,20.77
7.327696580439806,-0.49,-2.63,20.77
7.330667939037085,-0.49,-2.63,20.75
7.333622705191374,-0.49,-2.63,20.74
7.336534470319748,-0.49,-2.63,20.72
7.339538920670748,-0.49,-2.63,20.72
7.342480264604092,-0.49,-2.63,20.72
7.3454614803195,-0.49,-2.63,20.72
7.348246708512306,-0.49,-2.63,20.72
7.351141009479761,-0.49,-2.63,20.72
7.354181423783302,-0.49,-2.63,20.72
7.357286807149649,-0.49,-2.63,20.73
7.360235553234816,-0.49,-2.63,20.74
7.363198187202215,-0.49,-2.63,20.74
7.3661632388830185,-0.49,-2.63,20.74
7.368969634175301,-0.49,-2.63,20.74
7.371998503804207,-0.49,-2.63,20.74
7.375041797757149,-0.49,-2.63,20.74
7.377998247742653,-0.49,-2.63,20.74
7.380903109908104,-0.49,-2.63,20.74
7.383789226412773,-0.49,-2.63,20.74
7.385396376252174,-0.49,-2.63,20.74
7.386867552995682,-0.49,-2.63,20.75
7.388312004506588,-0.49,-2.63,20.74
7.391292359679937,-0.49,-2.63,20.74
7.392787504941225,-0.49,-2.63,-274.86
7.394156847149134,-0.49,-2.63,20.74
7.395672611892223,-0.49,-2.63,20.74
7.3971706964075565,-0.49,-2.63,20.74
7.398644957691431,-0.49,-2.63,20.74
7.400106284767389,-0.49,-2.63,20.75
7.401600509881973,-0.49,-2.63,20.74
7.403078902512789,-0.49,-2.63,20.74
7.404598340392113,-0.49,-2.63,20.74
7.405991639941931,-0.49,-2.63,20.73
7.407577592879534,-0.49,-2.63,20.74
7.409017216414213,-0.49,-2.63,20.73
7.410450775176287,-0.49,-2.63,20.73
7.4120037369430065,-0.49,-2.63,20.74
7.4134694039821625,-0.49,-2.63,20.74
7.414960090070963,-0.49,-2.63,20.75
7.416442770510912,-0.49,-2.63,20.75
7.417847480624914,-0.49,-2.63,20.75
7.419395592063665,-0.49,-2.63,20.75
7.420872271060944,-0.49,-2.63,20.75
7.422177325934172,-0.49,-2.63,20.75
7.423832073807716,-0.49,-2.63,20.75
7.4253169298172,-0.49,-2.63,20.76
7.426791477948427,-0.49,-2.63,20.77
7.428274746984243,-0.49,-2.63,20.76
7.429751060903072,-0.49,-2.63,20.77
7.4312091283500195,-0.49,-2.63,20.78
7.432690940797329,-0.49,-2.63,20.78
7.434171959757805,-0.49,-2.63,20.78
7.43566295132041,-0.49,-2.63,20.78
7.437119606882334,-0.48,-2.63,20.78
7.438621874898672,-0.49,-2.64,20.78
7.44008718803525,-0.49,-2.64,20.77
7.441560413688421,-0.49,-2.64,20.78
7.443042006343603,-0.49,-2.64,20.77
7.444539126008749,-0.49,-2.64,20.77
7.446005970239639,-0.49,-2.64,20.77
7.44748742878437,-0.49,-2.64,20.78
7.448799218982458,-0.49,-2.64,20.78
7.450441867113113,-0.49,-2.64,20.78
7.451940268278122,-0.49,-2.64,20.77
7.453410483896732,-0.49,-2.64,20.75
7.45468507707119,-0.49,-2.64,20.76
7.456366050988436,-0.49,-2.64,20.76
7.45784804224968,-0.49,-2.64,20.77
7.459144465625286,-0.49,-2.64,20.77
7.4608043767511845,-0.49,-2.64,20.77
7.4622561521828175,-0.49,-2.64,20.77
7.463744595646858,-0.49,-2.63,20.78
7.46524016186595,-0.49,-2.64,20.79
7.466641705483198,-0.49,-2.64,20.81
7.468185681849718,-0.49,-2.64,20.83
7.469511937350035,-0.49,-2.64,20.83
7.471073921769857,-0.49,-2.64,20.84
7.4724671840667725,-0.5,-2.64,20.82
7.474096819758415,-0.49,-2.65,20.88
7.4755898006260395,-0.48,-2.64,20.9
7.47707261890173,-0.48,-2.64,20.86
7.478393405675888,-0.49,-2.64,20.85
7.480027783662081,-0.49,-2.65,20.84
7.481364127248526,-0.49,-2.65,20.84
7.482923503965139,-0.49,-2.64,20.84
7.484395127743483,-0.49,-2.65,20.79
7.485935363918543,-0.49,-2.65,20.79
7.487298060208559,-0.49,-2.65,20.8
7.490285459905863,-0.49,-2.65,20.8
7.493333537131548,-0.49,-2.65,20.81
7.496193505823612,-0.49,-2.64,20.82
7.499046914279461,-0.49,-2.64,20.83
7.502133265137672,-0.49,-2.64,20.81
7.50515815615654,-0.49,-2.64,20.81
7.508105330169201,-0.49,-2.64,20.81
7.51101091504097,-0.49,-2.64,20.81
7.514032702893019,-0.49,-2.64,20.81
7.516820251941681,-0.49,-2.64,20.8
7.519871175289154,-0.49,-2.64,20.8
7.5228065848350525,-0.49,-2.64,20.8
7.525754753500223,-0.49,-2.64,20.81
7.528823245316744,-0.49,-2.64,20.81
7.531779795885086,-0.49,-2.64,20.81
7.534741718322039,-0.49,-2.64,20.81
7.537681866437197,-0.49,-2.64,20.81
7.540650926530361,-0.49,-2.64,20.81
7.5436101742088795,-0.49,-2.64,20.81
7.546555213630199,-0.49,-2.64,20.8
7.54950513318181,-0.49,-2.64,20.81
7.552487973123789,-0.49,-2.65,20.81
7.555344730615616,-0.49,-2.64,20.8
7.556908562779427,-0.49,-2.64,20.8
7.558389838784933,-0.49,-2.65,20.8
7.559871900826693,-0.49,-2.65,20.8
7.561351362615824,-0.49,-2.65,20.8
7.562824714928865,-0.49,-2.64,20.81
7.564187288284302,-0.49,-2.64,20.81
7.565798167139292,-0.49,-2.64,20.81
7.567271247506142,-0.49,-2.64,20.81
7.568757053464651,-0.49,-2.64,20.81
7.570238161832094,-0.49,-2.64,20.8
7.571625102311373,-0.49,-2.64,20.8
7.573125120252371,-0.49,-2.64,20.82
7.5745633989572525,-0.49,-2.64,20.82
7.575994502753019,-0.49,-2.64,20.82
7.577552855014801,-0.49,-2.64,20.81
7.579046968370676,-0.49,-2.64,20.8
7.580447282642126,-0.49,-2.64,20.79
7.581892114132643,-0.49,-2.65,20.79
7.583539642393589,-0.49,-2.65,20.79
7.585020579397678,-0.49,-2.65,20.79
7.587898176163435,-0.49,-2.65,20.77
7.590770345181227,-0.49,-2.65,20.75
7.593787357211113,-0.49,-2.65,20.75
7.596839115023613,-0.49,-2.65,20.76
7.5997953824698925,-0.49,-2.65,20.76
7.602764267474413,-0.49,-2.65,20.76
7.6057258397340775,-0.49,-2.65,20.76
7.60868301615119,-0.49,-2.65,20.76
7.611550763249397,-0.49,-2.65,20.76
7.614557087421417,-0.49,-2.65,20.76
7.617560114711523,-0.49,-2.65,20.76
7.620464950799942,-0.49,-2.65,20.76
7.623435080051422,-0.49,-2.65,20.76
7.626397669315338,-0.49,-2.65,20.76
7.62938541546464,-0.49,-2.65,20.77
7.632280584424734,-0.49,-2.65,20.76
7.6352944783866405,-0.49,-2.65,20.77
7.638250593096018,-0.49,-2.65,20.77
7.639736048877239,-0.49,-2.65,20.77
7.641208052635193,-0.49,-2.65,20.77
7.642671927809715,-0.49,-2.65,20.76
7.644162733107805,-0.49,-2.65,20.76
7.645653445273638,-0.49,-2.65,20.76
7.647113669663668,-0.49,-2.65,20.76
7.648610629141331,-0.49,-2.65,20.76
7.650085724890232,-0.49,-2.65,20.75
7.6515664011240005,-0.49,-2.65,20.76
7.653035491704941,-0.49,-2.65,20.75
7.654355272650719,-0.49,-2.65,20.75
