elapsed_time [min],weight [g]
0.9150651954114437,-0.74,-6.8,30.02
0.9180331751704216,-0.74,-6.79,30.02
0.9210823178291321,-0.74,-6.79,30.03
0.9225558862090111,-0.74,-6.78,30.02
0.9239856712520123,-0.74,-6.78,30.03
0.92552425339818,-0.74,-6.78,30.03
0.9270113408565521,-0.74,-6.77,30.03
0.9283577911555767,-0.74,-6.77,30.03
0.9299518130719662,-0.74,-6.77,30.03
0.9314501285552979,-0.74,-6.76,30.03
0.9328913241624832,-0.73,-6.76,30.03
0.9344097897410393,-0.73,-6.76,30.03
0.9358039349317551,-0.73,-6.76,30.03
0.9371825307607651,-0.73,-6.76,30.03
0.9388025365769863,-0.74,-6.75,30.03
0.9402151592075825,-0.74,-6.75,30.03
0.9417957961559296,-0.73,-6.75,30.03
0.943280179053545,-0.73,-6.75,30.03
0.944731879979372,-0.73,-6.74,30.03
0.9461687356233597,-0.74,-6.74,30.03
0.9476508907973766,-0.74,-6.74,30.03
0.9491353146731853,-0.73,-6.74,30.03
0.9506121650338173,-0.74,-6.74,30.03
0.9521280564367771,-0.73,-6.74,30.03
0.9536450505256653,-0.74,-6.74,30.03
0.955132570117712,-0.74,-6.73,30.03
0.9565146267414093,-0.73,-6.73,30.03
0.958038967102766,-0.73,-6.73,30.03
0.9595217742025852,-0.73,-6.73,30.03
0.960997935384512,-0.73,-6.72,30.03
0.9624227471649647,-0.73,-6.72,30.03
0.9639928229153156,-0.74,-6.72,30.03
0.9655062444508076,-0.73,-6.72,30.03
0.9669302813708782,-0.73,-6.72,30.03
0.968319583684206,-0.73,-6.71,30.03
0.9712625332176685,-0.73,-6.71,30.03
0.974217064678669,-0.74,-6.7,30.03
0.977347195148468,-0.73,-6.7,30.03
0.9801296591758728,-0.73,-6.69,30.04
0.9832198657095432,-0.73,-6.69,30.04
0.9861989840865135,-0.73,-6.68,30.04
0.989182073622942,-0.73,-6.68,30.04
0.9921099916100502,-0.73,-6.67,30.04
0.9950606264173985,-0.73,-6.67,30.04
0.9980623982846737,-0.73,-6.67,30.04
1.0007889159023762,-0.73,-6.66,30.04
1.0038000382483006,-0.73,-6.66,30.04
1.0069458037614822,-0.73,-6.66,30.04
1.0099138207733631,-0.73,-6.66,30.04
1.0128504894673824,-0.73,-6.65,30.04
1.0156716741621494,-0.73,-6.65,30.04
1.0185494236648083,-0.73,-6.65,30.04
1.0217598341405392,-0.72,-6.64,30.04
1.0245327576994896,-0.73,-6.64,30.04
1.02749278023839,-0.72,-6.63,30.04
1.0304958000779152,-0.73,-6.63,30.04
1.033597655594349,-0.73,-6.63,30.04
1.0365395583212376,-0.73,-6.63,30.04
1.0393584594130516,-0.73,-6.63,30.04
1.0423624366521835,-0.73,-6.63,30.04
1.0454641804099083,-0.72,-6.62,30.04
1.048423856496811,-0.73,-6.62,30.04
1.051173109561205,-0.73,-6.62,30.04
1.054329801350832,-0.73,-6.62,30.04
1.057116013020277,-0.73,-6.62,30.04
1.0587371848523617,-0.73,-6.62,30.04
1.0602219253778458,-0.73,-6.61,30.04
1.0615406818687916,-0.73,-6.62,30.04
1.0632264316082,-0.72,-6.61,30.04
1.0645720735192299,-0.72,-6.61,30.04
1.0661744438111782,-0.73,-6.61,30.04
1.0675557479262352,-0.72,-6.61,30.04
1.0704819448292255,-0.72,-6.61,30.04
1.0735513977706432,-0.72,-6.6,30.04
1.0750495307147503,-0.72,-6.6,30.04
1.0764541812241077,-0.72,-6.6,30.04
1.0779220052063465,-0.73,-6.6,30.04
1.079413764178753,-0.73,-6.6,30.04
1.0809950791299343,-0.72,-6.6,30.04
1.0823707096278667,-0.72,-6.6,30.04
1.0839552208781242,-0.72,-6.6,30.04
1.0854079127311707,-0.72,-6.6,30.04
1.0869003385305405,-0.72,-6.59,30.04
1.0883935205638409,-0.72,-6.59,30.04
1.0898685343563557,-0.72,-6.59,30.03
1.0913639664649963,-0.72,-6.59,30.02
1.092801682651043,-0.72,-6.59,30.02
1.0942327976226807,-0.72,-6.59,30.02
1.0957120470702648,-0.72,-6.59,30.02
1.0971742197871208,-0.72,-6.59,30.02
1.0987486019730568,-0.72,-6.59,30.02
1.1000635027885437,-0.72,-6.58,30.02
1.1016022264957428,-0.72,-6.58,30.02
1.1031234376132488,-0.72,-6.58,30.02
1.104689110070467,-0.72,-6.58,30.02
1.106155876070261,-0.72,-6.58,30.02
1.1076514832675457,-0.72,-6.58,30.02
1.1091222204267979,-0.72,-6.58,30.02
1.1105991974473,-0.72,-6.57,30.02
1.1119663193821907,-0.72,-6.57,30.02
1.1135734282433987,-0.72,-6.57,30.02
1.1148588322103024,-0.72,-6.57,30.03
1.1165331304073334,-0.72,-6.57,30.04
1.1178617589175701,-0.72,-6.56,30.04
1.1194468960165977,-0.72,-6.56,30.05
1.1207935586571693,-0.72,-6.56,30.05
1.1224574632942677,-0.72,-6.56,30.05
1.1239309757947922,-0.72,-6.56,30.04
1.1253251917660236,-0.72,-6.56,30.04
1.1268500685691833,-0.72,-6.56,30.03
1.1281874626874924,-0.72,-6.56,30.03
1.1298507116734982,-0.72,-6.56,30.03
1.1312493942677975,-0.72,-6.56,30.03
1.1327709145843983,-0.72,-6.56,30.03
1.1341931708157063,-0.72,-6.55,30.03
1.1357086449861526,-0.72,-6.55,30.03
1.1372540146112442,-0.72,-6.55,30.03
1.1386834904551506,-0.72,-6.55,30.03
1.1402203254401684,-0.72,-6.55,30.03
1.1414993330836296,-0.72,-6.55,30.03
1.1431934833526611,-0.72,-6.55,30.03
1.1446538232266903,-0.72,-6.55,30.03
1.145946491509676,-0.72,-6.55,30.03
1.1475103795528412,-0.72,-6.55,30.03
1.148927252739668,-0.72,-6.55,30.03
1.1504582427442074,-0.72,-6.55,30.03
1.1520441472530365,-0.72,-6.55,30.03
1.1535458154976368,-0.72,-6.54,30.03
1.155017264187336,-0.72,-6.54,30.03
1.1565020084381104,-0.72,-6.54,30.03
1.1579777374863625,-0.72,-6.54,30.03
1.1594703048467636,-0.72,-6.54,30.03
1.1609455421566963,-0.72,-6.54,30.03
1.162432037293911,-0.72,-6.54,30.03
1.1638829745352268,-0.72,-6.54,30.03
1.1653570756316185,-0.72,-6.54,30.04
1.1668539568781853,-0.72,-6.54,30.03
1.1698339581489563,-0.72,-6.54,30.03
1.1727946996688843,-0.72,-6.53,30.04
1.1757394634187222,-0.71,-6.53,30.03
1.1787036135792732,-0.72,-6.53,30.03
1.181655216962099,-0.72,-6.53,30.04
1.184640008956194,-0.72,-6.52,30.04
1.1875629425048828,-0.72,-6.52,30.04
1.1905498057603836,-0.72,-6.52,30.04
1.1933646500110626,-0.72,-6.52,30.04
1.1963956989347935,-0.72,-6.52,30.04
1.1993759348988533,-0.72,-6.52,30.04
1.2023773714900017,-0.72,-6.52,30.04
1.205355454236269,-0.71,-6.52,30.04
1.20832409709692,-0.71,-6.51,30.04
1.2112931534647942,-0.72,-6.51,30.04
1.2142322212457657,-0.71,-6.51,30.04
1.2172133326530457,-0.71,-6.51,30.04
1.220569085329771,-0.71,-6.5,30.04
1.2231170609593391,-0.71,-6.5,30.04
1.2260831445455551,-0.71,-6.5,30.04
1.2275683507323265,-0.72,-6.5,30.04
1.2290510386228561,-0.72,-6.5,30.04
1.230512298643589,-0.72,-6.49,30.05
1.232010629028082,-0.71,-6.49,30.05
1.2333581931889057,-0.72,-6.49,30.05
1.2348303385078907,-0.71,-6.49,30.06
1.2363729923963547,-0.71,-6.49,30.06
1.2379027605056763,-0.71,-6.49,30.06
1.2394199632108212,-0.71,-6.49,30.05
1.240910541266203,-0.71,-6.49,30.05
1.242359682917595,-0.71,-6.49,30.04
1.243870548903942,-0.71,-6.49,30.03
1.2453416027128696,-0.71,-6.49,30.03
1.246793057769537,-0.71,-6.49,30.03
1.2483024708926678,-0.71,-6.49,30.03
1.2497918605804443,-0.71,-6.49,30.03
1.2513121217489243,-0.71,-6.49,30.03
1.2527608685195446,-0.71,-6.49,30.03
1.2542340904474258,-0.71,-6.49,30.03
1.2557162567973137,-0.71,-6.48,30.03
1.2571949772536755,-0.71,-6.48,30.04
1.2586580477654934,-0.71,-6.48,30.04
1.260156612843275,-0.72,-6.48,30.04
1.261622253805399,-0.71,-6.48,30.04
1.2631142511963844,-0.71,-6.48,30.04
1.2646012343466282,-0.71,-6.48,30.04
1.2660442814230919,-0.71,-6.48,30.04
1.2690413743257523,-0.71,-6.48,30.04
1.2720298618078232,-0.71,-6.47,30.04
1.2749330438673496,-0.71,-6.47,30.04
1.2777172774076462,-0.72,-6.47,30.04
1.2808942645788193,-0.71,-6.47,30.04
1.2837826386094093,-0.72,-6.46,30.04
1.2866530418395996,-0.72,-6.46,30.04
1.2896642461419106,-0.71,-6.46,30.04
1.2927393689751625,-0.71,-6.46,30.04
1.295698095113039,-0.71,-6.46,30.03
1.2986490949988365,-0.71,-6.46,30.03
1.301590159535408,-0.71,-6.45,30.03
1.3044985495507717,-0.71,-6.45,30.03
1.3074477314949036,-0.71,-6.45,30.03
1.3104961030185223,-0.71,-6.45,30.03
1.313383437693119,-0.71,-6.45,30.03
1.3164093904197216,-0.71,-6.45,30.03
1.3192151226103306,-0.71,-6.44,30.03
1.322333700954914,-0.71,-6.44,30.04
1.32529965788126,-0.71,-6.44,30.04
1.3281078450381756,-0.71,-6.43,30.04
1.3309867233037949,-0.71,-6.44,30.03
1.33415836840868,-0.71,-6.44,30.03
1.3371470086276531,-0.71,-6.43,30.03
1.3401017375290394,-0.71,-6.43,30.03
1.3415948823094368,-0.71,-6.43,30.03
1.3430790565907955,-0.71,-6.43,30.03
1.3444814905524254,-0.71,-6.43,30.03
1.3460405133664608,-0.71,-6.43,30.03
1.3474779650568962,-0.71,-6.43,30.03
1.3489580154418945,-0.71,-6.43,30.03
1.3504164703190327,-0.71,-6.43,30.03
1.3519480861723423,-0.7,-6.43,30.03
1.3534114956855774,-0.7,-6.43,30.03
1.354884210973978,-0.71,-6.42,30.03
1.3564082980155945,-0.71,-6.43,30.03
1.3578796908259392,-0.71,-6.42,30.03
1.35935228317976,-0.71,-6.42,30.03
1.3607890717685223,-0.71,-6.42,30.03
1.362262837588787,-0.71,-6.42,30.03
1.3637261763215065,-0.71,-6.42,30.03
1.3652279451489449,-0.71,-6.42,30.03
1.3682291060686111,-0.71,-6.42,30.03
1.371109776198864,-0.71,-6.41,30.05
1.3741057105362415,-0.71,-6.42,30.03
1.3768968656659126,-0.71,-6.41,30.04
1.3800548613071442,-0.71,-6.41,30.03
1.3815728090703487,-0.71,-6.41,30.03
1.3830595128238201,-0.71,-6.41,30.03
1.3845311850309372,-0.71,-6.41,30.03
1.3859894797205925,-0.71,-6.41,30.03
1.3874194882810116,-0.71,-6.41,30.03
1.388984814286232,-0.71,-6.4,30.04
1.3904464393854141,-0.7,-6.4,30.05
1.391878753900528,-0.71,-6.4,30.05
1.393412008881569,-0.71,-6.4,30.05
1.3948908671736717,-0.71,-6.4,30.05
1.3963703736662865,-0.71,-6.4,30.05
1.3977500200271606,-0.71,-6.39,30.05
1.3993352800607681,-0.7,-6.39,30.05
1.4008159562945366,-0.7,-6.4,30.05
1.4022962003946304,-0.71,-6.39,30.05
1.403780311346054,-0.71,-6.39,30.05
1.4052492678165436,-0.71,-6.39,30.05
1.4067045859992504,-0.71,-6.39,30.05
1.4082278683781624,-0.71,-6.39,30.05
1.4096413105726242,-0.71,-6.39,30.05
1.4111539646983147,-0.71,-6.39,30.05
1.4126212559640408,-0.71,-6.39,30.05
1.4141334891319275,-0.71,-6.39,30.05
1.4156315326690674,-0.71,-6.39,30.05
1.4171086065471172,-0.71,-6.39,30.05
1.4185712039470673,-0.71,-6.38,30.05
1.4200136922299862,-0.71,-6.38,30.05
1.4215444549918175,-0.71,-6.38,30.05
1.4228239469230175,-0.7,-6.38,30.05
1.4244800955057144,-0.71,-6.38,30.05
1.425990093499422,-0.71,-6.38,30.05
1.4274571016430855,-0.71,-6.38,30.05
1.4288745932281017,-0.71,-6.38,30.05
1.4304286167025566,-0.71,-6.38,30.05
1.4319091066718102,-0.71,-6.38,30.05
1.4333940632641315,-0.71,-6.38,30.05
1.434778355062008,-0.71,-6.38,30.05
1.4363562762737274,-0.71,-6.38,30.05
1.4378411285579205,-0.71,-6.38,30.05
1.4393118247389793,-0.71,-6.38,30.05
1.4407584555447102,-0.71,-6.38,30.06
1.4422801360487938,-0.7,-6.38,30.06
1.4437231868505478,-0.71,-6.38,30.05
1.4452053904533386,-0.71,-6.38,30.04
1.4467040747404099,-0.7,-6.38,30.04
1.448195707052946,-0.71,-6.38,30.05
1.4496682211756706,-0.7,-6.37,30.05
1.4511534459888935,-0.7,-6.37,30.05
1.4526010751724243,-0.7,-6.37,30.06
1.4540355950593948,-0.7,-6.37,30.06
1.4554994702339172,-0.7,-6.36,30.07
1.457059271633625,-0.71,-6.36,30.07
1.458561722189188,-0.71,-6.36,30.07
1.4600505977869034,-0.71,-6.36,30.07
1.4615299180150032,-0.7,-6.36,30.07
1.4629600457847118,-0.7,-6.36,30.06
1.4645551666617393,-0.7,-6.36,30.06
1.4674417078495026,-0.71,-6.36,30.06
1.4703764878213406,-0.7,-6.36,30.05
1.4733763709664345,-0.71,-6.36,30.05
1.4763428680598736,-0.71,-6.36,30.05
1.479264322668314,-0.71,-6.36,30.06
1.4820823185145855,-0.71,-6.36,30.06
1.4851680099964142,-0.71,-6.36,30.05
1.4881097301840782,-0.7,-6.4,30.04
1.491143673658371,-0.7,-6.4,30.05
1.494102068245411,-0.7,-6.4,30.06
1.4970599077641964,-0.7,-6.4,30.05
1.499990999698639,-0.7,-6.41,30.04
1.502986915409565,-0.7,-6.41,30.04
1.5059439912438393,-0.7,-6.41,30.04
1.5089030303061008,-0.7,-6.41,30.05
1.5118347369134426,-0.7,-6.4,30.04
1.514834076166153,-0.7,-6.41,30.04
1.5177806429564953,-0.7,-6.41,30.04
1.520752277225256,-0.7,-6.41,30.03
1.5237101763486862,-0.7,-6.4,30.03
1.526683732867241,-0.7,-6.4,30.03
1.5296455472707748,-0.7,-6.4,30.03
1.5326080098748207,-0.71,-6.4,30.04
1.534086685627699,-0.7,-6.39,30.04
1.5355599448084831,-0.7,-6.39,30.04
1.5370489060878754,-0.7,-6.39,30.04
1.5383903086185455,-0.7,-6.39,30.05
1.5399046689271927,-0.7,-6.39,30.05
1.5415050946176052,-0.7,-6.39,30.05
1.5428752191364765,-0.7,-6.39,30.05
1.544438112527132,-0.7,-6.39,30.05
1.5459340624511242,-0.7,-6.38,30.05
1.5474254339933395,-0.7,-6.39,30.05
1.5489010214805603,-0.7,-6.39,30.05
1.5503595471382141,-0.7,-6.39,30.04
1.5521643348038197,-0.7,-6.39,30.04
1.55333836004138,-0.7,-6.39,30.03
1.554810106754303,-0.7,-6.39,30.03
1.556303072720766,-0.7,-6.39,30.03
1.5577785819768906,-0.71,-6.39,30.03
1.5592416189610958,-0.71,-6.38,30.03
1.5607032962143421,-0.71,-6.39,30.03
1.5621634162962437,-0.7,-6.38,30.03
1.5636967681348324,-0.7,-6.38,30.03
1.566659726202488,-0.7,-6.38,30.03
1.5694085843861103,-0.7,-6.38,30.03
1.5723889023065567,-0.7,-6.38,30.04
1.5755063854157925,-0.7,-6.37,30.04
1.5784984156489372,-0.7,-6.37,30.03
1.5814187787473202,-0.7,-6.37,30.03
1.5843896567821503,-0.7,-6.37,30.03
1.5873462185263634,-0.7,-6.37,30.04
1.5903524681925774,-0.7,-6.36,30.04
1.593426153063774,-0.7,-6.36,30.04
1.5962294451892376,-0.7,-6.36,30.04
1.5992375500500202,-0.7,-6.36,30.04
1.6021965593099594,-0.7,-6.36,30.04
1.605136662721634,-0.7,-6.35,30.04
1.6081218644976616,-0.7,-6.35,30.04
1.6110842153429985,-0.7,-6.35,30.04
1.6139937080442905,-0.7,-6.35,30.04
1.6169950067996979,-0.7,-6.35,30.04
1.6199517771601677,-0.7,-6.35,30.04
1.622917577624321,-0.7,-6.35,30.04
1.624324519187212,-0.7,-6.35,30.04
1.6258033774793148,-0.7,-6.35,30.04
1.627322107553482,-0.71,-6.35,30.04
1.6287299580872059,-0.71,-6.35,30.04
1.6302754580974579,-0.71,-6.35,30.04
1.6316915452480316,-0.71,-6.34,30.04
1.6332915239036083,-0.71,-6.34,30.05
1.6346964538097382,-0.7,-6.34,30.05
1.6362270638346672,-0.7,-6.33,30.05
1.6376841813325882,-0.7,-6.33,30.04
1.6392040252685547,-0.7,-6.33,30.05
1.6406885273754597,-0.7,-6.33,30.04
1.6421563401818275,-0.7,-6.33,30.05
1.6434647217392921,-0.7,-6.33,30.05
1.6451109685003757,-0.7,-6.33,30.04
1.646464604884386,-0.7,-6.33,30.05
1.6480634771287441,-0.7,-6.33,30.04
1.649478081613779,-0.71,-6.33,30.05
1.651032879948616,-0.71,-6.32,30.04
1.652493230998516,-0.71,-6.33,30.05
1.6539032831788063,-0.7,-6.32,30.04
1.6554967425763607,-0.7,-6.32,30.05
1.6571134217083454,-0.7,-6.32,30.05
1.6583383716642857,-0.7,-6.32,30.05
1.6598749831318855,-0.7,-6.32,30.05
1.6613611280918121,-0.7,-6.32,30.04
1.6628911420702934,-0.7,-6.32,30.05
1.6656652502715588,-0.7,-6.32,30.04
1.6688230261206627,-0.7,-6.32,30.04
1.6717354282736778,-0.7,-6.32,30.04
1.6746231131255627,-0.7,-6.32,30.05
1.6776991076767445,-0.7,-6.32,30.05
1.6806355528533459,-0.7,-6.31,30.04
1.6835284754633904,-0.7,-6.32,30.04
1.6866040788590908,-0.7,-6.32,30.05
1.6880568154156208,-0.7,-6.31,30.05
1.6895322278141975,-0.7,-6.31,30.04
1.6910243816673756,-0.7,-6.3,30.05
1.6924961060285568,-0.71,-6.28,30.05
1.6939832158386707,-0.71,-6.28,30.05
1.6954552456736565,-0.7,-6.27,30.05
1.6969324387609959,-0.7,-6.27,30.05
1.6984312646090984,-0.7,-6.27,30.03
1.6998604126274586,-0.7,-6.26,30.02
1.7012710385024548,-0.7,-6.26,30.03
1.70288497954607,-0.7,-6.26,30.03
1.7043472006917,-0.7,-6.25,30.03
1.7058206759393215,-0.7,-6.25,30.03
1.707324307411909,-0.7,-6.24,30.02
1.7087849490344524,-0.7,-6.24,30.02
1.7102849707007408,-0.7,-6.24,30.03
1.711685985326767,-0.71,-6.24,30.03
1.7132248505949974,-0.71,-6.24,30.03
1.7147272191941738,-0.7,-6.23,30.03
1.7160971388220787,-0.71,-6.23,30.03
1.7176473736763,-0.7,-6.23,30.03
1.7191204279661179,-0.71,-6.23,30.03
1.7206431813538074,-0.7,-6.23,30.03
1.7220765985548496,-0.7,-6.23,30.03
1.7235956937074661,-0.7,-6.23,30.02
1.7250761203467846,-0.7,-6.23,30.03
1.7265566401183605,-0.7,-6.23,30.03
1.7280149422585964,-0.7,-6.23,30.01
1.7295325212180614,-0.71,-6.23,30.01
1.7309888042509556,-0.7,-6.23,30.01
1.7324672378599644,-0.7,-6.23,30.01
1.7339496091008186,-0.71,-6.23,30.01
1.7354389987885952,-0.71,-6.23,30.02
1.7369188629090786,-0.7,-6.23,30.02
1.7383799254894257,-0.7,-6.22,30.02
1.73981823772192,-0.7,-6.22,30.02
1.7413544431328773,-0.71,-6.22,30.01
1.7428352050483227,-0.7,-6.22,30.02
1.7442637532949448,-0.7,-6.21,30.02
1.7457595579326153,-0.7,-6.21,30.02
1.7472823113203049,-0.7,-6.2,30.02
1.7487415932118893,-0.71,-6.2,30.03
1.7502604499459267,-0.71,-6.2,30.03
1.7517228908836842,-0.71,-6.2,30.03
1.7532068453729153,-0.7,-6.19,30.03
1.754688460379839,-0.71,-6.19,30.03
1.756137352436781,-0.71,-6.19,30.03
1.757484670728445,-0.71,-6.19,30.03
1.7591454237699509,-0.71,-6.19,30.02
1.760510254651308,-0.7,-6.19,30.03
1.7620865665376186,-0.71,-6.19,30.02
1.765081599354744,-0.7,-6.19,30.03
1.7680045180022717,-0.71,-6.19,30.03
1.7710018008947372,-0.7,-6.19,30.02
1.773795422166586,-0.71,-6.19,30.02
1.776906244456768,-0.7,-6.19,30.02
1.779860284179449,-0.7,-6.18,30.02
1.7828240804374218,-0.7,-6.18,30.02
1.7856397293508053,-0.7,-6.18,30.03
1.788544625043869,-0.71,-6.18,30.03
1.7916228659451008,-0.71,-6.18,30.03
1.7945426404476166,-0.7,-6.18,30.03
1.7976307645440102,-0.7,-6.18,30.03
1.8005846664309502,-0.71,-6.18,30.03
1.80348589271307,-0.71,-6.18,30.03
1.8064723797142506,-0.7,-6.17,30.03
1.809379544109106,-0.71,-6.17,30.03
1.8124367743730545,-0.7,-6.17,30.03
1.8154028616845608,-0.7,-6.17,30.03
1.8183558695018291,-0.7,-6.16,30.04
1.8213101774454117,-0.7,-6.16,30.04
1.8242752328515053,-0.71,-6.16,30.04
1.827253419905901,-0.7,-6.16,30.04
1.8301847726106644,-0.7,-6.16,30.04
1.833163432776928,-0.7,-6.16,30.04
1.8362672738730907,-0.71,-6.16,30.04
1.8390737287700176,-0.7,-6.16,30.04
1.8404230512678623,-0.71,-6.16,30.04
1.8420130424201488,-0.7,-6.16,30.04
1.843393549323082,-0.7,-6.16,30.04
1.8449529223144054,-0.7,-6.16,30.04
1.8464850075542927,-0.7,-6.16,30.04
1.8479755818843842,-0.7,-6.16,30.04
1.8494523651897907,-0.7,-6.16,30.04
1.8509425483644009,-0.7,-6.16,30.05
1.8524140901863575,-0.71,-6.16,30.04
1.853889387100935,-0.71,-6.16,30.04
1.855360008776188,-0.7,-6.16,30.04
1.8568539693951607,-0.7,-6.16,30.04
1.858331348747015,-0.7,-6.15,30.04
1.8598362356424332,-0.7,-6.15,30.04
1.8626637384295464,-0.7,-6.15,30.04
1.8657457940280437,-0.7,-6.16,30.04
1.8687145039439201,-0.7,-6.15,30.04
1.871672410517931,-0.7,-6.16,30.03
1.874627273529768,-0.7,-6.15,30.04
1.877595566213131,-0.7,-6.15,30.04
1.880551852285862,-0.7,-6.15,30.04
1.8834921978414059,-0.7,-6.15,30.04
1.8864586986601353,-0.7,-6.15,30.04
1.8893365859985352,-0.7,-6.15,30.04
1.8925189338624477,-0.7,-6.15,30.04
1.8953452669084072,-0.7,-6.15,30.04
1.8983210623264313,-0.7,-6.14,30.04
1.9012835249304771,-0.7,-6.15,30.04
1.904245462268591,-0.7,-6.15,30.04
1.9056190066039562,-0.7,-6.15,30.04
1.907210350036621,-0.7,-6.15,30.04
1.9086986370384693,-0.7,-6.15,30.04
1.9100588485598564,-0.7,-6.14,30.04
1.9116405993700027,-0.71,-6.15,30.04
1.9131221137940884,-0.71,-6.14,30.04
1.9145992025732994,-0.7,-6.14,30.04
1.9160863235592842,-0.7,-6.14,30.04
1.9175483882427216,-0.7,-6.14,30.03
1.919060055166483,-0.7,-6.15,30.04
1.9203283935785294,-0.7,-6.14,30.04
1.9220028519630432,-0.7,-6.14,30.04
1.9234946332871914,-0.7,-6.14,30.04
1.9249628894031048,-0.7,-6.14,30.04
1.9264454990625381,-0.7,-6.14,30.04
1.92779590934515,-0.7,-6.14,30.04
1.9293259270489216,-0.7,-6.14,30.04
1.9309007339179516,-0.7,-6.14,30.05
1.932382207363844,-0.7,-6.14,30.05
1.9338180497288704,-0.7,-6.14,30.05
1.9353191703557968,-0.7,-6.14,30.05
1.9368272498250008,-0.7,-6.14,30.04
1.93828409537673,-0.7,-6.14,30.05
1.9397249668836594,-0.7,-6.14,30.04
1.9412206187844276,-0.7,-6.14,30.04
1.9427000135183334,-0.7,-6.14,30.04
1.9442245177924633,-0.7,-6.14,30.04
1.945681445300579,-0.7,-6.14,30.04
1.947124656289816,-0.7,-6.13,30.04
1.9486640021204948,-0.7,-6.13,30.05
1.95012391731143,-0.7,-6.13,30.04
1.9516028836369514,-0.7,-6.13,30.04
1.9530946984887123,-0.7,-6.13,30.04
1.9544547386467457,-0.7,-6.13,30.04
1.9559657648205757,-0.7,-6.13,30.05
1.9575150460004807,-0.7,-6.13,30.04
1.9590226970613003,-0.7,-6.13,30.04
1.9604201130568981,-0.7,-6.13,30.04
1.9634631760418415,-0.7,-6.13,30.05
1.966386117041111,-0.7,-6.13,30.05
1.9693086817860603,-0.7,-6.13,30.05
1.9722545146942139,-0.69,-6.13,30.05
1.9752875119447708,-0.7,-6.13,30.05
1.978266354650259,-0.7,-6.12,30.05
1.981050968170166,-0.7,-6.13,30.05
1.9839564487338066,-0.7,-6.12,30.05
1.9869442507624626,-0.7,-6.12,30.05
1.9900912307202816,-0.7,-6.12,30.05
1.9944730959832668,-0.7,-6.12,30.06
1.9959792718291283,-0.7,-6.12,30.06
1.9974799454212189,-0.7,-6.11,30.07
1.9989311397075653,-0.7,-6.11,30.07
2.000407751649618,-0.7,-6.11,30.07
2.0019440092146397,-0.7,-6.11,30.07
2.0034213066101074,-0.7,-6.11,30.07
2.00492799654603,-0.7,-6.11,30.07
2.006362158805132,-0.7,-6.11,30.07
2.0078394897282124,-0.7,-6.11,30.07
2.0093294978141785,-0.7,-6.11,30.07
2.0108127519488335,-0.7,-6.11,30.07
2.0123157911002636,-0.69,-6.11,30.07
2.013756860047579,-0.69,-6.11,30.07
2.0152681097388268,-0.7,-6.11,30.06
2.0167118422687054,-0.7,-6.11,30.07
2.018233612179756,-0.7,-6.11,30.07
2.019730992615223,-0.7,-6.11,30.07
2.0212091207504272,-0.7,-6.11,30.07
2.0226874202489853,-0.7,-6.11,30.07
2.024148691445589,-0.7,-6.11,30.07
2.025623194873333,-0.7,-6.11,30.07
2.0271345488727093,-0.7,-6.11,30.07
2.0286151096224785,-0.7,-6.11,30.07
2.0300840996205807,-0.7,-6.11,30.07
2.031573072075844,-0.7,-6.11,30.07
2.0328709967434406,-0.7,-6.11,30.07
2.0343391746282578,-0.7,-6.11,30.06
2.036028169095516,-0.7,-6.11,30.05
2.037432339042425,-0.7,-6.11,30.05
2.0389346294105053,-0.7,-6.11,30.05
2.0403548777103424,-0.7,-6.11,30.05
2.0419174507260323,-0.7,-6.11,30.05
2.043359600007534,-0.7,-6.11,30.05
2.0448912233114243,-0.7,-6.11,30.06
2.046361591666937,-0.7,-6.11,30.06
2.0478381775319576,-0.7,-6.11,30.06
2.0493212901055813,-0.7,-6.11,30.06
2.0508242063224316,-0.7,-6.11,30.05
2.052285760641098,-0.7,-6.11,30.06
2.053589541465044,-0.7,-6.11,30.06
2.0552407763898373,-0.7,-6.11,30.06
2.056623101234436,-0.7,-6.11,30.06
2.058125000447035,-0.7,-6.11,30.06
2.0596905574202538,-0.7,-6.11,30.05
2.0625888891518116,-0.7,-6.11,30.06
2.065587606281042,-0.7,-6.1,30.06
2.068572476506233,-0.7,-6.1,30.06
2.071532927453518,-0.7,-6.1,30.06
2.0744973085820675,-0.7,-6.1,30.06
2.0773954950273037,-0.69,-6.1,30.06
2.080406930297613,-0.7,-6.1,30.06
2.083202011883259,-0.69,-6.1,30.06
2.0862149111926556,-0.69,-6.1,30.06
2.089208483695984,-0.7,-6.1,30.06
2.0922391042113304,-0.7,-6.1,30.06
2.095182601362467,-0.69,-6.1,30.06
2.0981851629912853,-0.7,-6.1,30.06
2.100962471216917,-0.7,-6.09,30.06
2.1039302982389927,-0.7,-6.1,30.06
2.1070897728204727,-0.7,-6.09,30.06
2.1098713986575603,-0.7,-6.09,30.06
2.1129219196736813,-0.69,-6.09,30.06
2.1159820407629013,-0.7,-6.09,30.06
2.1188880391418934,-0.7,-6.09,30.06
2.121895756572485,-0.69,-6.09,30.06
2.1248591355979443,-0.7,-6.09,30.06
2.1278141736984253,-0.7,-6.09,30.06
2.1306467093527317,-0.7,-6.09,30.06
2.133697774261236,-0.69,-6.09,30.06
2.1366057321429253,-0.69,-6.09,30.06
2.1395773589611053,-0.69,-6.09,30.06
2.142615407705307,-0.7,-6.09,30.06
2.1455432921648026,-0.69,-6.08,30.06
2.146932013332844,-0.69,-6.08,30.06
2.148424096405506,-0.69,-6.08,30.06
2.1500178016722202,-0.7,-6.08,30.06
2.151506297290325,-0.7,-6.08,30.06
2.152824379503727,-0.7,-6.08,30.06
2.154443860054016,-0.7,-6.08,30.06
2.1557578332722187,-0.7,-6.08,30.06
2.1574283242225647,-0.7,-6.08,30.06
2.1589135006070137,-0.7,-6.08,30.06
2.1618788614869118,-0.7,-6.08,30.06
2.1646193973720074,-0.7,-6.08,30.06
2.1676101684570312,-0.7,-6.08,30.06
2.1707578897476196,-0.7,-6.08,30.06
2.17364089936018,-0.7,-6.08,30.06
2.176535826176405,-0.7,-6.08,30.06
2.179613407701254,-0.69,-6.08,30.07
2.182494718581438,-0.7,-6.08,30.06
2.185517981648445,-0.7,-6.08,30.06
2.186995893716812,-0.7,-6.08,30.06
2.1885166876018047,-0.7,-6.08,30.06
2.1898898631334305,-0.69,-6.08,30.06
2.191479630768299,-0.7,-6.08,30.06
2.192767448723316,-0.7,-6.08,30.06
2.1944354847073555,-0.69,-6.07,30.06
2.1959305107593536,-0.69,-6.07,30.06
2.197390303015709,-0.69,-6.07,30.06
2.198900166898966,-0.69,-6.07,30.07
2.20035282894969,-0.69,-6.07,30.06
2.201854795217514,-0.69,-6.07,30.06
2.203451279550791,-0.69,-6.07,30.06
2.2048132941126823,-0.7,-6.07,30.06
2.2062936648726463,-0.7,-6.07,30.06
2.2077729739248753,-0.69,-6.07,30.07
2.2092528715729713,-0.69,-6.07,30.06
2.2107185274362564,-0.7,-6.07,30.07
2.212135374546051,-0.7,-6.07,30.07
2.213698197156191,-0.7,-6.07,30.06
2.2151223458349705,-0.7,-6.07,30.06
2.2166492119431496,-0.7,-6.07,30.06
2.2179968655109406,-0.7,-6.07,30.06
2.219511203467846,-0.7,-6.07,30.06
2.221109315752983,-0.69,-6.07,30.07
2.2225525826215744,-0.7,-6.07,30.07
2.2238625921308994,-0.7,-6.07,30.07
2.2254573963582516,-0.7,-6.07,30.07
2.2269907407462597,-0.7,-6.07,30.07
2.2285028360784054,-0.69,-6.06,30.07
2.2299780882894993,-0.69,-6.07,30.07
2.2314637675881386,-0.7,-6.07,30.07
2.2329431660473347,-0.69,-6.07,30.07
2.2344261333346367,-0.7,-6.07,30.07
2.235906433314085,-0.7,-6.07,30.07
2.2372925840318203,-0.7,-6.07,30.07
2.238856889307499,-0.69,-6.07,30.07
2.240261796861887,-0.7,-6.07,30.07
2.2418242134153843,-0.7,-6.07,30.07
2.2433229722082615,-0.7,-6.07,30.07
2.2448017224669456,-0.7,-6.06,30.07
2.246268916875124,-0.69,-6.06,30.07
2.247702546417713,-0.69,-6.06,30.07
2.249187905341387,-0.69,-6.06,30.07
2.2506662383675575,-0.69,-6.06,30.07
2.25220001116395,-0.69,-6.06,30.07
2.253629148006439,-0.69,-6.06,30.07
2.2551678605377674,-0.69,-6.06,30.07
2.256592694669962,-0.69,-6.06,30.07
2.2580887638032436,-0.69,-6.06,30.07
2.261032208800316,-0.69,-6.06,30.07
2.263792145997286,-0.69,-6.06,30.07
2.267003871500492,-0.7,-6.06,30.07
2.2698414362967014,-0.7,-6.06,30.07
2.2729212567210197,-0.7,-6.06,30.07
2.2758363746106625,-0.69,-6.06,30.07
2.2788103334605694,-0.69,-6.06,30.07
2.2817083299160004,-0.7,-6.06,30.07
2.2847624719142914,-0.69,-6.05,30.07
2.287713684141636,-0.7,-6.05,30.08
2.2905779108405113,-0.69,-6.05,30.08
2.293640650808811,-0.69,-6.05,30.08
2.2965171560645103,-0.69,-6.05,30.07
2.299572266638279,-0.69,-6.05,30.07
2.3010504357516766,-0.69,-6.05,30.07
2.3023909963667393,-0.7,-6.05,30.07
2.303909368813038,-0.7,-6.05,30.07
2.3054917566478252,-0.7,-6.05,30.07
2.3069337233901024,-0.69,-6.05,30.07
2.3084341809153557,-0.69,-6.05,30.07
2.3099264912307262,-0.69,-6.05,30.07
2.3112091682851315,-0.69,-6.05,30.07
2.312804661691189,-0.7,-6.05,30.07
2.314323738217354,-0.69,-6.05,30.07
2.3156228102743626,-0.69,-6.05,30.07
2.3173414766788483,-0.7,-6.05,30.07
2.3187838084995747,-0.69,-6.05,30.07
2.3202932104468346,-0.69,-6.04,30.07
2.3217392712831497,-0.69,-6.04,30.07
2.323267601430416,-0.7,-6.04,30.07
2.3246926367282867,-0.69,-6.05,30.07
2.3261890411376953,-0.69,-6.04,30.07
2.327693846076727,-0.69,-6.04,30.07
2.3290759809315205,-0.69,-6.04,30.07
2.3306658528745174,-0.7,-6.04,30.07
2.3321278616786003,-0.7,-6.04,30.07
2.3336320891976357,-0.7,-6.04,30.07
2.334936823695898,-0.69,-6.04,30.07
2.3364969938993454,-0.7,-6.04,30.07
2.3379864506423473,-0.7,-6.04,30.07
2.339431144297123,-0.7,-6.04,30.07
2.3409486040472984,-0.69,-6.04,30.07
2.34248136729002,-0.69,-6.04,30.07
2.3439884409308434,-0.69,-6.04,30.07
2.345466434955597,-0.69,-6.04,30.07
2.34695191308856,-0.69,-6.04,30.07
2.348365943878889,-0.69,-6.04,30.07
2.3498946130275726,-0.69,-6.04,30.07
2.351346008479595,-0.7,-6.04,30.07
2.352872207760811,-0.69,-6.04,30.07
2.354258205741644,-0.69,-6.04,30.07
2.3557976856827736,-0.7,-6.04,30.07
2.3572179824113846,-0.69,-6.04,30.07
2.3602161779999733,-0.7,-6.04,30.07
2.363188587129116,-0.69,-6.04,30.08
2.3661979734897614,-0.69,-6.03,30.08
2.3691555745899677,-0.7,-6.03,30.09
2.3721123784780502,-0.69,-6.03,30.09
2.3750229589641094,-0.69,-6.03,30.09
2.377835378050804,-0.69,-6.03,30.09
2.381000019609928,-0.69,-6.03,30.08
2.3839355036616325,-0.69,-6.03,30.08
2.3867143094539642,-0.69,-6.03,30.09
2.389894489198923,-0.69,-6.03,30.08
2.3928333446383476,-0.69,-6.03,30.09
2.395614583045244,-0.69,-6.03,30.09
2.3985595144331455,-0.69,-6.02,30.11
2.4016016125679016,-0.69,-6.02,30.08
2.4046818502247334,-0.69,-6.02,30.09
2.4076196402311325,-0.69,-6.02,30.09
2.4106055572628975,-0.69,-6.02,30.09
2.4133915714919567,-0.69,-6.02,30.09
2.4165549874305725,-0.69,-6.02,30.09
2.4194916747510433,-0.69,-6.02,30.09
2.422458231449127,-0.69,-6.01,30.09
2.42528510466218,-0.69,-6.02,30.09
2.4283071123063564,-0.69,-6.02,30.09
2.431163266301155,-0.69,-6.02,30.08
2.4343102388083935,-0.7,-6.02,30.08
2.4370858184993267,-0.69,-6.03,30.08
2.4402192905545235,-0.69,-6.03,30.08
2.443197302520275,-0.7,-6.03,30.07
2.4460432939231396,-0.69,-6.03,30.08
2.4491233080625534,-0.69,-6.03,30.08
2.452045001089573,-0.69,-6.03,30.07
2.45353015139699,-0.69,-6.03,30.08
2.4550299048423767,-0.69,-6.03,30.08
2.4565049409866333,-0.69,-6.03,30.08
2.459468189626932,-0.69,-6.03,30.08
2.46238811686635,-0.69,-6.03,30.08
2.4652811773121357,-0.69,-6.03,30.08
2.4668960981070995,-0.7,-6.02,30.08
2.4683272913098335,-0.69,-6.03,30.08
2.469835601747036,-0.69,-6.02,30.08
2.47116481885314,-0.69,-6.02,30.08
2.4727970510721207,-0.69,-6.02,30.08
2.4742427617311478,-0.69,-6.02,30.08
2.47576105594635,-0.69,-6.02,30.08
2.4772375635802746,-0.7,-6.02,30.08
2.4787158332765102,-0.69,-6.02,30.08
2.480154525488615,-0.69,-6.02,30.08
2.481686495244503,-0.69,-6.02,30.08
2.48316378518939,-0.69,-6.02,30.08
2.484652452170849,-0.69,-6.02,30.08
2.486129190772772,-0.69,-6.02,30.08
2.487618498504162,-0.69,-6.02,30.08
2.489066530019045,-0.69,-6.02,30.08
2.4905265495181084,-0.69,-6.02,30.08
2.491925373673439,-0.69,-6.02,30.08
2.4934522099792957,-0.69,-6.02,30.08
2.4950010664761066,-0.69,-6.02,30.08
2.4964706264436245,-0.69,-6.02,30.08
2.4979660995304585,-0.69,-6.02,30.08
2.499450694769621,-0.69,-6.02,30.08
2.500817906111479,-0.69,-6.02,30.08
2.5024105086922646,-0.69,-6.02,30.08
2.5037908256053925,-0.69,-6.02,30.08
2.5053733736276627,-0.69,-6.02,30.08
2.5068609304726124,-0.7,-6.02,30.08
2.5083475410938263,-0.69,-6.02,30.08
2.5097846388816833,-0.69,-6.02,30.08
2.511293910443783,-0.69,-6.02,30.08
2.5127623192965984,-0.7,-6.02,30.08
2.514245629310608,-0.7,-6.02,30.08
2.5157473981380463,-0.69,-6.02,30.08
2.5171005576848984,-0.69,-6.02,30.09
2.518627420067787,-0.69,-6.01,30.09
2.5201088786125183,-0.69,-6.01,30.09
2.5215075500309467,-0.69,-6.01,30.08
2.5231275521218777,-0.69,-6.01,30.08
2.5244325436651707,-0.7,-6.01,30.09
2.526026152074337,-0.69,-6.01,30.09
2.52755231782794,-0.69,-6.01,30.09
2.52897684648633,-0.69,-6.0,30.09
2.5305540524423122,-0.69,-6.0,30.1
2.53200725838542,-0.69,-6.0,30.1
2.5335157737135887,-0.69,-6.0,30.09
2.534845493733883,-0.69,-6.0,30.1
2.5363965556025505,-0.69,-6.0,30.1
2.53795051202178,-0.69,-6.0,30.1
2.539442289620638,-0.69,-6.0,30.1
2.540905337780714,-0.69,-6.0,30.09
2.542388066649437,-0.69,-6.0,30.09
2.5438757315278053,-0.69,-6.0,30.1
2.5453525334596634,-0.69,-6.0,30.1
2.5466951839625835,-0.69,-6.0,30.1
2.5483055859804153,-0.69,-5.99,30.1
2.5497978553175926,-0.69,-6.0,30.1
2.551206137984991,-0.69,-5.99,30.1
2.5527560114860535,-0.69,-6.0,30.09
2.554111674427986,-0.69,-6.0,30.08
2.555651780217886,-0.69,-6.0,30.1
2.558680348098278,-0.69,-6.01,30.08
2.5614080280065536,-0.69,-6.01,30.07
2.5646087750792503,-0.69,-6.02,30.07
2.567536674439907,-0.69,-6.02,30.06
2.570537395775318,-0.7,-6.01,30.08
2.5734446458518505,-0.69,-6.0,30.06
2.5763835348188877,-0.7,-5.99,30.08
2.5794032514095306,-0.7,-5.99,30.08
2.5823547914624214,-0.69,-5.99,30.08
2.5852340906858444,-0.69,-6.0,30.07
2.5882871337234974,-0.69,-6.0,30.07
2.5912568271160126,-0.69,-6.0,30.07
2.5941919833421707,-0.7,-6.0,30.07
2.59717695787549,-0.69,-6.0,30.07
2.6001408509910107,-0.69,-6.0,30.07
2.6030998341739178,-0.7,-6.0,30.07
2.606046535074711,-0.69,-6.0,30.07
2.6075464487075806,-0.69,-6.0,30.07
2.6090088970959187,-0.69,-5.99,30.07
2.610478799790144,-0.69,-5.99,30.07
2.611873272806406,-0.69,-5.99,30.07
2.613356240093708,-0.69,-5.99,30.07
2.6149271614849567,-0.69,-5.99,30.07
2.616387479007244,-0.69,-5.99,30.08
2.6178573668003082,-0.69,-5.98,30.09
2.619289230555296,-0.69,-5.98,30.07
2.6207569278776646,-0.7,-5.97,30.06
2.6223398968577385,-0.7,-5.97,30.08
2.623839348554611,-0.69,-5.97,30.07
2.6252552829682827,-0.69,-5.97,30.07
2.626740574836731,-0.69,-5.97,30.08
2.62821364402771,-0.69,-5.98,30.08
2.629698920994997,-0.69,-5.98,30.08
2.631212994456291,-0.69,-5.98,30.08
2.6326785013079643,-0.69,-5.98,30.08
2.6341436095535755,-0.69,-5.97,30.07
2.635587193071842,-0.69,-5.97,30.07
2.637068174779415,-0.69,-5.97,30.07
2.638643577694893,-0.69,-5.97,30.07
2.6400272361934185,-0.69,-5.98,30.07
2.6415298841893673,-0.69,-5.98,30.07
2.6430306993424892,-0.69,-5.99,30.07
2.6445572935044765,-0.69,-5.99,30.07
2.646014329046011,-0.69,-5.99,30.07
2.647483456879854,-0.69,-5.99,30.07
2.648986980319023,-0.7,-5.99,30.07
2.650444969534874,-0.7,-5.99,30.06
2.6519521176815033,-0.69,-5.99,30.06
2.653428565710783,-0.69,-5.99,30.06
2.6548947393894196,-0.69,-5.99,30.06
2.657759226858616,-0.69,-5.99,30.06
2.660804234445095,-0.69,-5.99,30.06
2.6636413745582104,-0.69,-5.99,30.06
2.666651800274849,-0.69,-5.99,30.06
2.6696315333247185,-0.69,-5.99,30.06
2.6726395450532436,-0.69,-5.99,30.06
2.6755864582955837,-0.69,-5.99,30.06
2.6785008683800697,-0.69,-5.99,30.06
2.681544851511717,-0.69,-5.99,30.06
2.6843555346131325,-0.69,-5.99,30.07
2.6874422505497932,-0.69,-5.99,30.06
2.690424855798483,-0.69,-5.99,30.07
2.6932874098420143,-0.69,-5.99,30.07
2.696273036301136,-0.69,-5.98,30.07
2.6993382461369038,-0.69,-5.98,30.07
2.702121030539274,-0.69,-5.98,30.07
2.7052532136440277,-0.69,-5.98,30.07
2.7081143371760845,-0.69,-5.98,30.07
2.7110834307968616,-0.69,-5.98,30.07
2.7141262143850327,-0.69,-5.98,30.07
2.7169237546622753,-0.69,-5.98,30.07
2.7200233042240143,-0.69,-5.97,30.07
2.7229450568556786,-0.69,-5.96,30.07
2.725984402000904,-0.69,-5.96,30.09
2.728753950446844,-0.69,-5.96,30.07
2.7318908534944057,-0.69,-5.96,30.08
2.7348580546677113,-0.7,-5.97,30.08
2.737783022224903,-0.69,-5.97,30.08
2.7407663725316525,-0.69,-5.96,30.08
2.743738889694214,-0.69,-5.96,30.08
2.7465579584240913,-0.69,-5.97,30.08
2.748168684542179,-0.69,-5.97,30.08
2.7496414966881275,-0.69,-5.96,30.08
2.751148246228695,-0.69,-5.96,30.08
2.7526227347552776,-0.69,-5.96,30.08
2.7541306503117085,-0.69,-5.96,30.08
2.7555838003754616,-0.69,-5.97,30.08
2.7585036121308804,-0.69,-5.96,30.08
2.7613980881869793,-0.69,-5.96,30.08
2.76299399882555,-0.69,-5.96,30.08
2.764471512287855,-0.69,-5.96,30.08
2.765951480716467,-0.69,-5.96,30.08
2.767458241432905,-0.69,-5.96,30.08
2.76887184754014,-0.69,-5.96,30.08
2.7704013362526894,-0.69,-5.96,30.08
2.771846491843462,-0.69,-5.96,30.08
2.7733534947037697,-0.69,-5.96,30.08
2.774839609861374,-0.69,-5.96,30.08
2.7762716934084892,-0.69,-5.96,30.08
2.7778028436005116,-0.69,-5.96,30.08
2.7790608517825603,-0.69,-5.96,30.08
2.7806414291262627,-0.69,-5.96,30.08
2.782254595309496,-0.69,-5.96,30.08
2.783707093447447,-0.69,-5.96,30.08
2.7851953394711018,-0.69,-5.96,30.08
2.786684811115265,-0.69,-5.96,30.08
2.788163401186466,-0.69,-5.96,30.08
2.7895318418741226,-0.69,-5.96,30.08
2.7910319454967976,-0.69,-5.96,30.08
2.792599853128195,-0.69,-5.96,30.08
2.794040471315384,-0.69,-5.96,30.08
2.7955527417361736,-0.69,-5.96,30.08
2.797032669186592,-0.69,-5.96,30.07
2.7984719276428223,-0.69,-5.96,30.08
2.7999740540981293,-0.69,-5.96,30.07
2.8013890236616135,-0.69,-5.96,30.08
2.8029615581035614,-0.69,-5.96,30.08
2.8043326139450073,-0.69,-5.96,30.08
2.8058159351348877,-0.69,-5.96,30.08
2.8074172660708427,-0.69,-5.96,30.08
2.8088800460100174,-0.69,-5.96,30.08
2.810370609164238,-0.69,-5.95,30.08
2.8117994368076324,-0.69,-5.96,30.08
2.8132231011986732,-0.69,-5.96,30.08
2.8148033171892166,-0.69,-5.96,30.08
2.8162583485245705,-0.69,-5.96,30.08
2.817651718854904,-0.69,-5.96,30.08
2.819194633513689,-0.69,-5.96,30.07
2.8207265846431255,-0.69,-5.96,30.08
2.8221021592617035,-0.69,-5.96,30.07
2.8237062878906727,-0.69,-5.96,30.07
2.825117651373148,-0.69,-5.96,30.08
2.8266478553414345,-0.69,-5.95,30.08
2.8280427418649197,-0.69,-5.96,30.08
2.8296074084937572,-0.69,-5.96,30.07
2.8310041055083275,-0.69,-5.95,30.08
2.8325830064713955,-0.69,-5.95,30.08
2.83396228402853,-0.69,-5.96,30.08
2.835550405085087,-0.69,-5.96,30.08
2.8369270525872707,-0.69,-5.96,30.08
2.8385016918182373,-0.69,-5.96,30.07
2.8399368301033974,-0.69,-5.95,30.07
2.841345898807049,-0.69,-5.95,30.08
2.8429361432790756,-0.69,-5.96,30.08
2.8443919382989407,-0.69,-5.95,30.08
2.8458308465778828,-0.69,-5.95,30.07
2.847387734800577,-0.69,-5.96,30.07
2.848817802965641,-0.69,-5.96,30.08
2.850282534956932,-0.69,-5.95,30.08
2.8517020381987095,-0.69,-5.95,30.08
2.853219024837017,-0.69,-5.95,30.07
2.854770302772522,-0.69,-5.95,30.08
2.8577429689466953,-0.69,-5.95,30.08
2.8605018071830273,-0.69,-5.95,30.08
2.863658335059881,-0.69,-5.95,30.08
2.866585198789835,-0.69,-5.95,30.08
2.8695819042623043,-0.69,-5.95,30.07
2.8724580854177475,-0.69,-5.95,30.07
2.875496283173561,-0.69,-5.95,30.07
2.878265045583248,-0.69,-5.95,30.08
2.8819624334573746,-0.69,-5.95,30.08
2.884375151246786,-0.69,-5.95,30.08
2.8871668875217438,-0.69,-5.95,30.08
2.890271570533514,-0.69,-5.95,30.08
2.8932504542171955,-0.69,-5.95,30.08
2.896174680441618,-0.69,-5.95,30.08
2.8991313241422176,-0.69,-5.95,30.07
2.9020892679691315,-0.68,-5.95,30.08
2.9050557129085064,-0.69,-5.95,30.08
2.9080712720751762,-0.69,-5.95,30.08
2.9110438488423824,-0.69,-5.95,30.08
2.9139662757515907,-0.69,-5.95,30.08
2.915492922067642,-0.69,-5.95,65.34
2.916935510933399,-0.69,-5.95,30.08
2.91835255920887,-0.69,-5.95,30.08
2.919896114617586,-0.69,-5.95,30.08
2.921394605189562,-0.69,-5.95,30.08
2.922885175794363,-0.69,-5.94,30.08
2.9243211783468723,-0.68,-5.95,30.08
2.9258317314088345,-0.68,-5.94,30.08
2.927296593785286,-0.69,-5.94,30.08
2.9287984631955624,-0.69,-5.95,30.08
2.930283334106207,-0.69,-5.95,30.08
2.9317767322063446,-0.69,-5.95,30.08
2.933247521519661,-0.69,-5.95,30.08
2.934727903455496,-0.69,-5.95,30.08
2.936007682234049,-0.69,-5.95,30.08
2.937692102044821,-0.69,-5.94,30.08
2.9391054064035416,-0.69,-5.94,30.08
2.9406057856976986,-0.69,-5.94,30.08
2.942049026489258,-0.69,-5.94,30.08
2.943495813757181,-0.69,-5.94,30.08
2.945090629160404,-0.69,-5.94,30.08
2.9465686976909637,-0.69,-5.94,30.08
2.9480558820068836,-0.68,-5.94,30.08
2.9494983479380608,-0.69,-5.94,30.08
2.9510175585746765,-0.69,-5.94,30.08
2.9524902030825615,-0.69,-5.94,30.08
2.953931652009487,-0.69,-376.18,30.08
2.95693489164114,-0.68,-5.94,30.08
2.959887273609638,-0.69,-5.94,30.08
2.962713845074177,-0.68,-5.94,30.08
2.965828526765108,-0.68,-5.94,30.08
2.968790303915739,-0.69,-5.94,30.08
2.9717453867197037,-0.69,-5.94,30.08
2.9747045636177063,-0.69,-5.94,30.08
2.977669231593609,-0.69,-5.94,30.08
2.9806036464869976,-0.69,-5.94,30.08
2.9835572838783264,-0.69,-5.94,30.08
2.986536629498005,-0.69,-5.94,30.08
2.9894667714834213,-0.69,-5.94,30.08
2.992258943617344,-0.69,-5.94,30.07
2.9954245686531067,-0.69,-5.94,30.07
2.998388547450304,-0.69,-5.94,30.08
3.0011159889400005,-0.69,-5.94,30.08
3.004301741719246,-0.68,-5.94,30.08
3.007100559771061,-0.69,-5.94,30.08
3.010231141000986,-0.69,-5.94,30.08
3.0131225138902664,-0.68,-5.94,30.08
3.0159760266542435,-0.69,-5.94,30.08
3.018890157341957,-0.69,-5.94,30.08
3.0218806490302086,-0.69,-5.94,30.08
3.023570939898491,-0.69,-5.94,30.08
3.0250087082386017,-0.68,-5.94,30.08
3.0265098474919796,-0.69,-5.94,30.08
3.0279946997761726,-0.69,-5.94,30.08
3.0294832661747932,-0.69,-5.94,30.08
3.0309556014835835,-0.69,-5.94,30.08
3.03233639895916,-0.69,-5.94,30.08
3.033900536596775,-0.68,-5.94,30.08
3.035399716347456,-0.68,-5.94,30.08
3.036877851933241,-0.68,-5.94,30.08
3.03835291787982,-0.68,-5.94,30.08
3.0396899841725826,-0.69,-5.94,30.08
3.041212737560272,-0.68,-5.94,30.08
3.042665123939514,-0.68,-5.94,30.08
3.0441361479461193,-0.68,-5.94,30.08
3.045758720487356,-0.69,-5.93,30.08
3.047238454222679,-0.69,-5.93,30.08
3.0487207360565662,-0.68,-5.94,30.08
3.0502057634294033,-0.68,-5.94,30.08
3.0516882315278053,-0.68,-5.93,30.08
3.053075946867466,-0.68,-5.93,30.08
3.0560920983552933,-0.69,-5.93,30.08
3.058929294347763,-0.69,-5.93,30.08
3.0620217137038708,-0.69,-5.93,30.08
3.064984481781721,-0.68,-5.93,30.08
3.067974019795656,-0.69,-5.93,30.08
3.0709085538983345,-0.69,-5.93,30.08
3.0724156498908997,-0.68,-5.93,30.08
3.0738104805350304,-0.68,-5.93,30.08
3.0753730945289135,-0.69,-5.93,30.08
3.076826609671116,-0.69,-5.93,30.08
3.0782232396304607,-0.68,-5.93,30.08
3.0797093622386456,-0.69,-5.93,30.08
3.0812742337584496,-0.69,-5.93,30.08
3.082796286791563,-0.69,-5.93,30.08
3.08425073325634,-0.69,-5.93,30.08
3.0857436545193195,-0.69,-5.93,30.08
3.087151810526848,-0.68,-5.93,30.08
3.088558193296194,-0.68,-5.93,30.08
3.090131960809231,-0.69,-5.93,30.08
3.0915677063167095,-0.69,-5.93,30.08
3.093149982392788,-0.69,-5.93,30.08
3.0946197360754013,-0.69,-5.93,30.08
3.096001099795103,-0.69,-5.93,30.08
3.097577892243862,-0.69,-5.93,30.08
3.099067147821188,-0.69,-5.93,30.08
3.100526925176382,-0.69,-5.93,30.08
3.1019458808004856,-0.68,-5.93,30.08
3.1034479066729546,-0.69,-5.93,30.08
3.1049762330949306,-0.69,-5.93,30.08
3.106348790228367,-0.69,-5.93,30.08
3.1078594997525215,-0.69,-5.93,30.08
3.1094036772847176,-0.69,-5.93,30.08
3.1107843331992626,-0.68,-5.93,30.08
3.1122085750102997,-0.68,-5.93,30.08
3.1138058938086033,-0.68,-5.93,30.08
3.1153481155633926,-0.69,-5.93,30.08
3.116695262491703,-0.69,-5.93,30.08
3.118260867893696,-0.69,-5.93,30.08
3.1197434924542904,-0.69,-5.93,30.08
3.121170111000538,-0.69,-5.93,30.08
3.1227560937404633,-0.68,-5.93,30.08
3.1241809241473675,-0.69,-5.93,30.08
3.1255376152694225,-0.68,-5.93,30.08
3.1271526366472244,-0.69,-5.93,30.08
3.128623526543379,-0.69,-5.93,30.08
3.1300751715898514,-0.69,-5.93,30.08
3.1315979585051537,-0.69,-5.93,30.08
3.1330420337617397,-0.68,-5.93,30.08
3.1345726884901524,-0.68,-5.93,30.08
3.1360618881881237,-0.69,-5.93,30.08
3.137538827955723,-0.68,-5.92,30.08
3.1389800533652306,-0.68,-5.93,30.08
3.1405096240341663,-0.68,-5.93,30.08
3.1418981067836285,-0.68,-5.93,30.08
3.143404647707939,-0.69,-5.93,30.08
3.1448956839740276,-0.69,-5.93,30.08
3.1464182808995247,-0.69,-5.93,30.08
3.1478088162839413,-0.69,-5.93,30.08
3.1493467316031456,-0.69,-5.93,30.08
3.1508877500891685,-0.69,-5.93,30.08
3.1523503363132477,-0.69,-5.92,30.08
3.1552202254533768,-0.69,-5.92,30.08
3.1580623164772987,-0.68,-5.92,30.08
3.1611813753843307,-0.69,-5.92,30.08
3.1640476174652576,-0.69,-5.92,30.08
3.167131245136261,-0.69,-5.92,30.08
3.1701188683509827,-0.69,-5.92,30.08
3.172914519906044,-0.69,-5.92,30.08
3.1759916245937347,-0.69,-5.92,30.08
3.179001457989216,-0.69,-5.92,30.08
3.181814815849066,-0.68,-5.92,30.08
3.184885624796152,-0.68,-5.92,30.08
3.187776066362858,-0.69,-5.92,30.08
3.19071227312088,-0.69,-5.92,30.09
3.1936297230422497,-0.68,-5.92,30.08
3.1965519934892654,-0.69,-5.92,30.09
3.1997254975140095,-0.68,-5.92,30.08
3.2024977020919323,-0.68,-5.92,30.09
3.205589085817337,-0.68,-5.92,30.08
3.208530254662037,-0.69,-5.92,30.09
3.2115534134209156,-0.68,-5.92,30.09
3.2145196609199047,-0.68,-5.92,30.09
3.2173088379204273,-0.68,-5.92,30.09
3.220240205526352,-0.68,-5.92,30.09
3.22341450676322,-0.68,-5.92,30.09
3.2263774797320366,-0.68,-5.91,30.09
3.227862972766161,-0.69,-5.92,30.08
3.2293513007462025,-0.69,-5.92,30.09
3.230816811323166,-0.68,-5.92,30.09
3.232265416532755,-0.68,-5.91,30.09
3.2337806969881058,-0.68,-5.91,30.09
3.235251046717167,-0.68,-5.91,30.09
3.236718889325857,-0.68,-5.91,30.09
3.2381967902183533,-0.68,-5.91,30.09
3.2396994456648827,-0.68,-5.91,30.09
3.241093158721924,-0.69,-5.91,30.09
3.2426570057868958,-0.68,-5.91,30.11
3.2441327795386314,-0.68,-5.91,30.1
3.245625615119934,-0.69,-5.91,30.08
3.2470743730664253,-0.69,-5.91,30.09
3.248411104083061,-0.69,-5.91,30.1
3.250072367489338,-0.69,-5.91,30.1
3.252883542329073,-0.69,-5.9,30.1
3.2559256702661514,-0.68,-5.9,30.11
3.258807621896267,-0.68,-5.89,30.11
3.2618086971342564,-0.68,-5.89,30.1
3.2647365406155586,-0.69,-5.89,30.1
3.2678281106054783,-0.69,-5.89,30.1
3.270778901875019,-0.69,-5.89,30.1
3.2736943289637566,-0.68,-5.89,30.1
3.276622734963894,-0.69,-5.89,30.1
3.279495894908905,-0.69,-5.89,30.1
3.282623276114464,-0.68,-5.89,30.1
3.285562004894018,-0.68,-5.89,30.1
3.288355231285095,-0.68,-5.89,30.1
3.2912982292473316,-0.68,-5.89,30.1
3.294256020337343,-0.68,-5.89,30.1
3.297443863004446,-0.69,-5.89,30.1
3.2989047840237617,-0.69,-5.89,30.1
3.30038370937109,-0.69,-5.89,30.1
3.3018892370164394,-0.68,-5.89,30.1
3.3032287657260895,-0.68,-5.89,30.1
3.304843991994858,-0.69,-5.89,30.1
3.306215539574623,-0.69,-5.89,30.1
3.307622689753771,-0.69,-5.89,30.1
3.3092372827231884,-0.68,-5.89,30.1
3.3106027618050575,-0.68,-5.89,30.1
3.312248006463051,-0.68,-5.89,30.1
3.3136255592107773,-0.68,-5.89,30.1
3.315037839114666,-0.68,-5.89,30.1
3.316589131951332,-0.68,-5.89,30.1
3.3181126415729523,-0.68,-5.89,30.1
3.3194916397333145,-0.69,-5.89,30.1
3.3210297375917435,-0.69,-5.89,30.1
3.3226053155958652,-0.69,-5.89,30.1
3.3240386694669724,-0.69,-5.89,30.1
3.3254496082663536,-0.68,-5.89,30.1
3.327035788446665,-0.68,-5.89,30.1
3.3284457363188267,-0.69,-5.89,30.1
3.3299395330250263,-0.68,-5.89,30.1
3.3314409889280796,-0.68,-5.89,30.1
3.332926709204912,-0.68,-5.89,30.1
3.334401935338974,-0.69,-5.89,30.1
3.335871495306492,-0.68,-5.89,30.1
3.3373632691800594,-0.68,-5.89,30.1
3.338818334043026,-0.69,-5.89,30.1
3.3403730504214764,-0.68,-5.89,30.09
3.3417360931634903,-0.69,-5.89,30.09
3.3433404341340065,-0.69,-5.89,30.09
3.344819847494364,-0.69,-5.89,30.08
3.3461918607354164,-0.68,-5.89,30.08
3.347707621753216,-0.69,-5.89,30.08
3.349281270056963,-0.69,-5.89,30.09
3.3506399542093277,-0.69,-5.89,30.09
3.3535116836428642,-0.69,-5.88,30.1
3.356619171798229,-0.69,-5.87,30.1
3.35946112126112,-0.69,-5.88,30.09
3.3623704463243484,-0.69,-5.88,30.08
3.3655365332961082,-0.69,-5.88,30.08
3.368472881615162,-0.69,-5.88,30.09
3.3712365739047527,-0.69,-5.88,30.09
3.37439601495862,-0.68,-5.87,30.1
3.37722834572196,-0.68,-5.87,30.11
3.380346704274416,-0.69,-5.86,30.09
3.381733052432537,-0.69,-5.87,-130.04
3.3832972459495068,-0.69,-5.87,30.09
3.3846645280718803,-0.68,-5.88,30.08
3.3861651308834553,-0.69,-5.88,30.08
3.3876470364630222,-0.68,-5.88,30.08
3.3891985341906548,-0.68,-5.88,30.08
3.390704169869423,-0.68,-5.87,30.09
3.392075713723898,-0.68,-5.88,30.08
3.393613323569298,-0.68,-5.87,30.08
3.395129755139351,-0.68,-5.87,30.08
3.3965280018746853,-0.69,-5.87,30.08
3.3982749804854393,-0.69,-5.87,30.09
3.3995907977223396,-0.68,-5.87,30.08
3.4010443836450577,-0.68,-5.87,30.09
3.402519639581442,-0.68,-5.87,30.08
3.403913863003254,-0.69,-5.88,30.08
3.405507031828165,-0.69,-5.88,30.08
3.406958397477865,-0.69,-5.88,30.08
3.408464450389147,-0.69,-5.88,30.08
3.4099420830607414,-0.69,-5.87,30.08
3.411379899829626,-0.68,-5.87,30.08
3.4128470718860626,-0.68,-5.87,30.08
3.414364766329527,-0.69,-5.87,30.08
3.415853451937437,-0.69,-5.87,30.08
3.4173512421548367,-0.69,-5.87,30.08
3.418730717152357,-0.68,-5.87,30.08
3.4202139414846897,-0.68,-5.87,30.08
3.4217922911047935,-0.68,-5.87,30.08
3.4232293367385864,-0.68,-5.87,30.08
3.424653898924589,-0.69,-5.87,30.08
3.426067106425762,-0.69,-5.87,30.08
3.4276864118874073,-0.68,-5.87,30.08
3.4291972294449806,-0.69,-5.87,30.08
3.4306596629321575,-0.68,-5.87,30.08
3.43212778493762,-0.68,-5.87,30.08
3.4336245357990265,-0.68,-5.87,30.08
3.4351182468235493,-0.68,-5.87,30.08
3.436592400074005,-0.68,-5.87,30.08
3.4380221255123615,-0.68,-5.87,30.08
3.4395567923784256,-0.68,-5.87,30.08
3.4409919045865536,-0.68,-5.87,30.08
3.442510362714529,-0.68,-5.87,30.08
3.4441971220076084,-0.69,-5.87,30.08
3.4454264640808105,-0.68,-5.87,30.08
3.4469578452408314,-0.68,-5.87,30.08
3.4484255388379097,-0.68,-5.87,30.08
3.4498718455433846,-0.68,-5.87,30.08
3.452874895185232,-0.68,-5.87,30.08
3.4558419063687325,-0.68,-5.87,30.08
3.4587621986865997,-0.69,-5.87,30.09
3.4616803117096424,-0.68,-5.87,30.08
3.4646628983318806,-0.69,-5.87,30.08
3.4676698930561543,-0.68,-5.87,30.08
3.4706478640437126,-0.68,-5.87,30.09
3.4736020788550377,-0.69,-5.87,30.08
3.476400353014469,-0.68,-5.87,30.08
3.4794916920363903,-0.68,-5.87,30.08
3.482398048043251,-0.68,-5.86,30.08
3.4854431748390198,-0.69,-5.86,30.08
3.4883999824523926,-0.68,-5.87,30.08
3.4912808537483215,-0.69,-5.86,30.08
3.494220621883869,-0.68,-5.87,30.08
3.4972728192806244,-0.69,-5.86,30.08
3.5002307519316673,-0.68,-5.86,30.08
3.503171432763338,-0.68,-5.86,30.09
3.5060410015285015,-0.69,-5.86,30.09
3.509119212627411,-0.68,-5.86,30.08
3.512085422873497,-0.68,-5.86,30.08
3.51501128077507,-0.68,-5.86,30.08
3.5179557874798775,-0.68,-5.86,30.08
3.5209272652864456,-0.68,-5.86,30.08
3.5239016227424145,-0.69,-5.86,30.08
3.5268986895680428,-0.68,-5.86,30.08
3.529829040169716,-0.68,-5.86,30.08
3.5328225903213024,-0.68,-5.86,30.08
3.535778697580099,-0.68,-5.86,30.08
3.538727071136236,-0.68,-5.86,30.08
3.540202483534813,-0.68,-5.86,30.08
3.5416833013296127,-0.69,-5.86,30.08
3.543078500777483,-0.68,-5.86,30.08
3.5445694774389267,-0.69,-5.86,30.08
3.546097084879875,-0.68,-5.86,30.08
3.547588810324669,-0.68,-5.86,30.08
3.549108561128378,-0.68,-5.86,30.08
3.5520658120512962,-0.68,-5.86,30.08
3.554926037788391,-0.68,-5.86,30.08
3.5578404925763607,-0.68,-5.86,30.08
3.5608518421649933,-0.68,-5.86,30.09
3.563756376504898,-0.68,-5.86,30.09
3.566820289939642,-0.68,-5.86,30.08
3.5698371976614,-0.68,-5.86,30.08
3.57272220402956,-0.68,-5.86,30.09
3.574182864278555,-0.68,-5.86,30.09
3.575652614235878,-0.68,-5.86,30.09
3.5769841074943542,-0.68,-5.86,30.09
3.578702140599489,-0.68,-5.86,30.08
3.5801737122237682,-0.68,-5.86,30.08
3.58165480569005,-0.68,-5.86,30.08
3.583048216998577,-0.68,-5.86,30.08
3.5845729373395443,-0.68,-5.86,30.08
3.5861132740974426,-0.68,-5.86,30.08
3.5875841081142426,-0.68,-5.86,30.08
3.589044537395239,-0.69,-5.86,30.08
3.590521901845932,-0.68,-5.86,30.08
3.591912344098091,-0.68,-5.86,30.08
3.5934576392173767,-0.68,-5.86,30.08
3.5950024873018265,-0.68,-5.86,30.08
3.5964795164763927,-0.68,-5.86,30.08
3.5979588851332664,-0.68,-5.86,30.08
3.5994370132684708,-0.68,-5.86,30.08
3.6008929647505283,-0.68,-5.86,30.08
3.6023738645017147,-0.68,-5.86,30.08
3.6042611487209797,-0.68,-5.86,30.08
3.605361744761467,-0.69,-5.86,30.08
3.6068454794585705,-0.68,-5.86,30.08
3.6083259023725986,-0.68,-5.86,30.09
3.6097805500030518,-0.68,-5.86,30.08
3.611226163804531,-0.68,-5.86,30.08
3.612670410424471,-0.68,-5.86,30.08
3.6142493672668934,-0.68,-5.86,30.08
3.615732129663229,-0.68,-5.86,30.08
3.6171951293945312,-0.68,-5.86,30.08
3.6186303347349167,-0.69,-5.86,30.08
3.6201313510537148,-0.68,-5.86,30.08
3.6216503977775574,-0.69,-5.86,30.08
3.6230803728103638,-0.68,-5.86,30.08
3.6245915964245796,-0.68,-5.86,30.08
3.625966962426901,-0.68,-5.86,30.08
3.6275501511991024,-0.68,-5.85,30.08
3.62893046438694,-0.68,-5.86,30.08
3.630457993596792,-0.68,-5.86,30.08
3.6320081427693367,-0.68,-5.85,30.08
3.6334522366523743,-0.68,-5.85,30.09
3.634903073310852,-0.68,-5.85,30.09
3.636449322104454,-0.68,-5.85,30.09
3.63788790628314,-0.68,-5.85,30.08
3.639340277761221,-0.68,-5.86,30.08
3.6408558636903763,-0.68,-5.86,30.09
3.642348736524582,-0.68,-5.85,30.09
3.643820695579052,-0.68,-5.85,30.09
3.645317565649748,-0.68,-5.85,30.09
3.646685004234314,-0.68,-5.85,30.09
3.6481881327927113,-0.68,-5.85,30.09
3.649740356951952,-0.68,-5.85,30.09
3.6526946537196636,-0.68,-5.85,30.09
3.6556986421346664,-0.68,-5.85,30.09
3.6586508750915527,-0.68,-5.85,30.1
3.661614768207073,-0.68,-5.84,30.11
3.664566196501255,-0.68,-5.85,30.1
3.667400985956192,-0.68,-5.85,30.1
3.6702677123248577,-0.68,-5.85,30.1
3.673401702195406,-0.68,-5.85,30.1
3.6764016561210155,-0.68,-5.85,30.1
3.679310854524374,-0.68,-5.85,30.1
3.682094778865576,-0.68,-5.85,30.1
3.6852996572852135,-0.68,-5.85,30.1
3.6880519911646843,-0.68,-5.85,30.1
3.691211175173521,-0.68,-5.85,30.1
3.694137576967478,-0.68,-5.84,30.1
3.695651486515999,-0.68,-5.85,30.09
3.69714268296957,-0.69,-5.85,30.08
3.698590323328972,-0.68,-5.85,30.08
3.700089067220688,-0.68,-5.85,30.08
3.7015722543001175,-0.68,-5.85,30.08
3.702996477484703,-0.68,-5.85,30.08
3.704457499086857,-0.68,-5.85,30.09
3.706017594784498,-0.67,-5.85,30.09
3.7074671536684036,-0.68,-5.85,30.09
3.708983477205038,-0.69,-5.85,30.09
3.7104137986898422,-0.68,-5.85,30.09
3.711957275867462,-0.68,-5.85,30.09
3.7133432924747467,-0.68,-5.85,30.09
3.7148993723094463,-0.68,-5.85,30.1
3.716393705457449,-0.68,-5.84,30.1
3.7178442403674126,-0.68,-5.84,30.1
3.719333678483963,-0.68,-5.84,30.11
3.7207649275660515,-0.68,-5.84,30.11
3.7222282849252224,-0.68,-5.84,30.11
3.723741974681616,-0.68,-5.84,30.11
3.7252602390944958,-0.68,-5.84,30.11
3.7266683243215084,-0.68,-5.84,30.11
3.7281931713223457,-0.69,-5.84,30.11
3.729707282036543,-0.68,-5.84,30.11
3.7311806082725525,-0.68,-5.84,30.11
3.7326123379170895,-0.68,-5.84,30.1
3.734147597104311,-0.68,-5.84,30.1
3.735634006559849,-0.68,-5.84,30.11
3.737055938690901,-0.68,-5.84,30.1
3.7385890409350395,-0.68,-5.84,30.1
3.7400683164596558,-0.68,-5.84,30.1
3.7415547743439674,-0.68,-5.84,30.1
3.743039831519127,-0.68,-5.84,30.1
3.7444948740303516,-0.68,-5.84,30.1
3.74582015350461,-0.69,-5.84,30.1
3.7474389150738716,-0.68,-5.84,30.11
3.7502963170409203,-0.68,-5.85,30.09
3.753346025943756,-0.68,-5.85,30.1
3.7562924325466156,-0.68,-5.84,30.1
3.7592848986387253,-0.68,-5.84,30.1
3.7622379548847675,-0.68,-5.84,30.1
3.7652294524013996,-0.68,-5.84,30.1
3.7681001387536526,-0.68,-5.84,30.1
3.771099988371134,-0.68,-5.84,30.1
3.7740236818790436,-0.68,-5.84,30.1
3.777085989713669,-0.68,-5.84,30.1
3.779824558645487,-0.68,-5.84,30.1
3.7830082774162292,-0.68,-5.84,30.1
3.7858764082193375,-0.68,-5.84,30.1
3.788847155869007,-0.68,-5.84,30.1
3.7918583899736404,-0.68,-5.84,30.11
3.7948532961308956,-0.68,-5.84,30.1
3.7978172563016415,-0.68,-5.84,30.11
3.800747152417898,-0.68,-5.84,30.1
3.8037254959344864,-0.68,-5.84,30.1
3.8066744841635227,-0.68,-5.84,30.1
3.8096509240567684,-0.68,-5.84,30.1
3.812599044293165,-0.68,-5.84,30.1
3.8155779987573624,-0.68,-5.84,30.1
3.8185257241129875,-0.68,-5.84,30.1
3.8214798010885715,-0.68,-5.84,30.1
3.824451047927141,-0.68,-5.84,30.08
3.8274202160537243,-0.68,-5.84,30.08
3.830364305526018,-0.68,-5.84,30.08
3.8333262242376804,-0.68,-5.84,30.09
3.8362923450767994,-0.68,-5.84,30.09
3.839015379548073,-0.68,-5.84,30.09
3.842106357216835,-0.68,-5.84,30.08
3.8452027402818203,-0.68,-5.84,30.09
3.8481439501047134,-0.68,-5.84,30.08
3.8495588898658752,-0.68,-5.84,30.08
3.851113747805357,-0.68,-5.84,30.09
3.8525742292404175,-0.68,-5.84,30.08
3.8540658317506313,-0.68,-5.84,30.08
3.8554793037474155,-0.68,-5.84,30.08
3.8570197857916355,-0.68,-5.84,30.08
3.858513232320547,-0.68,-5.84,30.08
3.859970074146986,-0.68,-5.84,30.08
3.86144632473588,-0.68,-5.84,30.08
3.862917471677065,-0.68,-5.84,30.08
3.8644042648375034,-0.68,-5.84,30.08
3.8659022711217403,-0.68,-5.84,30.08
3.867392376065254,-0.68,-5.84,30.08
3.868970289826393,-0.68,-5.84,30.08
3.8703412413597107,-0.68,-5.84,30.08
3.8717974238097668,-0.68,-5.84,30.09
3.8732279911637306,-0.68,-5.84,30.09
3.8746326863765717,-0.68,-5.84,30.09
3.876285247504711,-0.68,-5.83,30.09
3.8777496181428432,-0.68,-5.83,30.1
3.879237372428179,-0.68,-5.83,30.1
3.8806382566690445,-0.68,-5.83,30.09
3.8822019658982754,-0.68,-5.84,30.08
3.8836675696074963,-0.68,-5.84,30.08
3.8851371370255947,-0.68,-5.84,30.08
3.886614788323641,-0.68,-5.84,30.07
3.888100203126669,-0.68,-5.84,30.07
3.8895620852708817,-0.68,-5.85,30.07
3.8909749425947666,-0.68,-5.85,30.07
3.892547570168972,-0.68,-5.84,30.07
3.8939650915563107,-0.68,-5.84,30.07
3.895511571317911,-0.68,-5.84,30.07
3.8969804607331753,-0.68,-5.84,30.07
3.8984795287251472,-0.68,-5.84,30.07
3.899953056126833,-0.68,-5.84,30.07
3.9014178216457367,-0.68,-5.84,30.07
3.9028428122401237,-0.68,-5.85,30.07
3.904348835349083,-0.68,-5.84,30.07
3.9058688394725323,-0.68,-5.84,30.07
3.907197095453739,-0.68,-5.84,30.07
3.908741943538189,-0.68,-5.84,30.08
3.9103057868778706,-0.68,-5.84,30.08
3.911781571805477,-0.68,-5.84,30.07
3.9132932014763355,-0.68,-5.84,30.08
3.914750672876835,-0.68,-5.84,30.07
3.9161467254161835,-0.68,-5.84,30.08
3.9177230410277843,-0.68,-5.84,30.09
3.919163454324007,-0.68,-5.84,30.09
3.9206728637218475,-0.68,-5.84,30.09
3.922143455594778,-0.68,-5.84,30.09
3.923639766871929,-0.68,-5.84,30.09
3.9250953793525696,-0.68,-5.84,30.09
3.9265930503606796,-0.68,-5.84,30.09
3.928034171462059,-0.68,-5.84,30.09
3.9295684285461903,-0.68,-5.84,30.09
3.930967729538679,-0.68,-5.84,30.09
3.9325317442417145,-0.68,-5.84,30.09
3.9339958280324936,-0.68,-5.84,30.09
3.9354922734200954,-0.68,-5.84,30.09
3.936949796974659,-0.68,-5.84,30.09
3.938443750143051,-0.68,-5.84,30.09
3.9399282187223434,-0.68,-5.84,30.08
3.9413893446326256,-0.67,-5.84,30.07
3.9428803250193596,-0.68,-5.84,30.07
3.9443343728780746,-0.68,-5.84,30.07
3.945848122239113,-0.68,-5.84,30.07
3.947334159165621,-0.68,-5.84,30.08
3.9502409026026726,-0.68,-5.84,30.08
3.9532000981271267,-0.68,-5.84,30.08
3.9561667405068874,-0.68,-5.84,30.08
3.9590801000595093,-0.68,-5.84,30.08
3.962141416966915,-0.68,-5.84,30.08
3.9650121964514256,-0.68,-5.84,30.08
3.968028087168932,-0.68,-5.84,30.08
3.9709894731640816,-0.68,-5.84,30.09
3.973886728286743,-0.68,-5.83,30.1
3.9769155494868755,-0.68,-5.83,30.11
3.979899324476719,-0.68,-5.83,30.1
3.9828512594103813,-0.68,-5.83,30.09
3.9858196526765823,-0.68,-5.84,30.09
3.9887318275868893,-0.68,-5.84,30.09
3.9917522445321083,-0.68,-5.84,30.09
3.994551345705986,-0.68,-5.84,30.09
3.99756171554327,-0.68,-5.84,30.09
4.000601954758167,-0.68,-5.84,30.09
4.0035744197666645,-0.68,-5.84,30.09
4.006534557789564,-0.68,-5.84,30.09
4.008017368614674,-0.68,-5.84,30.09
4.009487632662058,-0.68,-5.84,30.09
4.010968055576086,-0.68,-5.84,30.09
4.012436848133802,-0.68,-5.84,30.08
4.0139420591294765,-0.68,-5.84,30.09
4.015418387949467,-0.68,-5.84,30.09
4.016856398433447,-0.68,-5.84,30.09
4.018337991088629,-0.68,-5.84,30.09
4.019839592278004,-0.68,-5.84,30.09
4.021327618509531,-0.68,-5.84,30.09
4.022685069590807,-0.68,-5.84,30.09
4.0242802537977695,-0.68,-5.84,30.09
4.025784131139517,-0.68,-5.84,30.09
4.027275312691927,-0.68,-5.84,30.09
4.028735000640154,-0.68,-5.84,30.09
4.030205994844437,-0.68,-5.84,30.09
4.031695540994406,-0.67,-5.84,30.09
4.033119209110737,-0.68,-5.83,30.09
4.0346120819449425,-0.68,-5.84,30.09
4.036030046641827,-0.68,-5.84,30.08
4.037697199732065,-0.68,-5.84,30.09
4.039100792258978,-0.68,-5.83,30.09
4.040582288056612,-0.68,-5.83,30.09
4.042057540267706,-0.68,-5.83,30.09
4.043539922684431,-0.68,-5.83,30.09
4.04491314291954,-0.68,-5.83,30.09
4.0464718751609325,-0.68,-5.83,30.09
4.049462355673313,-0.68,-5.83,30.09
4.052321694791317,-0.68,-5.83,30.09
4.05538696795702,-0.68,-5.83,30.09
4.0583285465836525,-0.68,-5.83,30.09
4.061311054974794,-0.68,-5.83,30.09
4.06426078081131,-0.68,-5.83,30.09
4.067247860133648,-0.68,-5.83,30.09
4.070189610123634,-0.68,-5.83,30.09
4.07315881550312,-0.68,-5.83,30.09
4.076114844530821,-0.68,-5.83,30.09
4.079028859734535,-0.68,-5.83,30.09
4.082040175795555,-0.68,-5.83,30.09
4.084996230900288,-0.68,-5.83,30.09
4.087959583848715,-0.68,-5.83,30.09
4.090845730155706,-0.67,-5.83,30.09
4.093884900212288,-0.68,-5.83,30.09
4.0968369878828526,-0.68,-5.83,30.08
4.099798206239939,-0.68,-5.83,30.09
4.102618895471096,-0.68,-5.83,30.1
4.105689357966185,-0.68,-5.83,30.1
4.1086790189146996,-0.68,-5.82,30.1
4.1116249449551105,-0.68,-5.82,30.1
4.114529099315405,-0.68,-5.83,30.09
4.117570877075195,-0.68,-5.83,30.08
4.1205154694616795,-0.68,-5.83,30.08
4.1234691590070724,-0.68,-5.83,30.08
4.124956775456667,-0.68,-5.83,30.08
4.126443225890398,-0.68,-5.83,30.08
4.12786353379488,-0.68,-5.83,30.08
4.129339676350355,-0.68,-5.83,30.08
4.130855455994606,-0.68,-5.83,30.08
4.132336758077145,-0.68,-5.83,30.08
4.133812036365271,-0.68,-5.83,30.09
4.135556358844042,-0.68,-5.83,30.09
4.136686626821756,-0.68,-5.83,30.09
4.138283383101225,-0.68,-5.82,30.09
4.139764595776796,-0.68,-5.82,30.09
4.141258966177702,-0.68,-5.82,30.09
4.142732221633196,-0.68,-5.82,30.1
4.144215155392885,-0.68,-5.82,30.1
4.1456875167787075,-0.68,-5.82,30.1
4.1470972411334515,-0.68,-5.82,30.1
4.150138072669506,-0.68,-5.82,30.1
4.1532309129834175,-0.68,-5.82,30.09
4.156050864607096,-0.68,-5.82,30.09
4.159014292061329,-0.68,-5.82,30.09
4.161947663873434,-0.68,-5.82,30.1
4.163432247936726,-0.68,-5.82,30.09
4.164903338998556,-0.68,-5.82,30.1
4.166413895785809,-0.68,-5.82,30.1
4.167896885424852,-0.68,-5.82,30.1
4.1693036034703255,-0.68,-5.82,30.1
4.1708593256771564,-0.68,-5.82,30.09
4.172343447804451,-0.68,-5.82,30.09
4.173743702471256,-0.68,-5.82,30.09
4.175291400402784,-0.68,-5.82,30.08
4.176652994006872,-0.68,-5.82,30.08
4.178224414587021,-0.68,-5.82,30.09
4.179717589169741,-0.68,-5.82,30.08
4.181159362196922,-0.68,-5.82,30.08
4.182637147605419,-0.68,-5.82,30.08
4.184171624481678,-0.68,-5.82,30.08
4.185622338205576,-0.67,-5.82,30.08
4.1869297325611115,-0.67,-5.82,30.08
4.188601180911064,-0.68,-5.82,30.09
4.190042305737734,-0.68,-5.82,30.08
4.191543251276016,-0.68,-5.82,30.08
4.193045794963837,-0.68,-5.82,30.09
4.1945431381464005,-0.68,-5.82,30.08
4.196011479943991,-0.67,-5.82,30.09
4.197427935898304,-0.67,-5.82,30.09
4.198767025023699,-0.68,-5.82,30.09
4.20040101185441,-0.68,-5.82,30.09
4.201929863542318,-0.68,-5.82,30.09
4.2034237533807755,-0.68,-5.82,30.09
4.2048942148685455,-0.68,-5.81,30.09
4.206387482583523,-0.68,-5.81,30.1
4.207811675965786,-0.68,-5.81,30.1
4.209349203854799,-0.68,-5.81,30.1
4.210797064006329,-0.68,-5.81,30.1
4.212280992418528,-0.68,-5.81,30.1
4.21375160291791,-0.67,-5.81,30.09
4.215244177728891,-0.68,-5.81,30.09
4.216724891215563,-0.68,-5.81,30.09
4.218184344470501,-0.68,-5.81,30.09
4.219669543206692,-0.68,-5.81,30.09
4.221112672239542,-0.68,-5.81,30.09
4.222658254206181,-0.68,-5.82,30.09
4.224143769592047,-0.68,-5.82,30.09
4.2256302163004875,-0.68,-5.82,30.09
4.227104138582945,-0.68,-5.81,30.09
4.2285942658782005,-0.68,-5.82,30.09
4.230071425437927,-0.68,-5.81,30.09
4.231553319841623,-0.68,-5.81,30.09
4.232854198664427,-0.67,-5.81,30.1
4.234517853707075,-0.68,-5.81,30.08
4.235932942479849,-0.68,-5.82,30.08
4.237449981272221,-0.68,-5.82,30.09
4.238928101956844,-0.68,-5.81,30.09
4.240435790270567,-0.68,-5.81,30.09
4.241836212575436,-0.68,-5.81,30.09
4.243401885032654,-0.68,-5.82,30.09
4.244873218238354,-0.68,-5.81,30.09
4.246341422200203,-0.68,-5.81,30.09
4.249222215265036,-0.68,-5.81,30.09
4.252279717475176,-0.68,-5.81,30.09
4.255235269665718,-0.68,-5.81,30.09
4.258147623389959,-0.68,-5.81,30.09
4.260993465781212,-0.68,-5.81,30.09
4.264114271849394,-0.68,-5.81,30.09
4.267065316438675,-0.68,-5.81,30.09
4.270011391490698,-0.67,-5.81,30.09
4.272996440529823,-0.68,-5.81,30.09
4.2770255617797375,-0.67,-5.81,30.09
4.278816819190979,-0.68,-5.81,30.09
4.281821671873331,-0.68,-5.81,30.09
4.284772150218487,-0.68,-5.81,30.09
4.2877559550106525,-0.68,-5.81,30.09
4.2906677052378654,-0.68,-5.81,30.09
4.293706975877285,-0.68,-5.81,30.09
4.296672727912664,-0.68,-5.81,30.09
4.299653958529234,-0.68,-5.81,30.09
4.302472919225693,-0.68,-5.81,30.09
4.305559258908033,-0.68,-5.81,30.09
4.3085215128958225,-0.68,-5.81,30.09
4.311263665556908,-0.68,-5.81,30.09
4.3143578842282295,-0.68,-5.81,30.09
4.317269191145897,-0.67,-5.81,30.09
4.318888526409864,-0.68,-5.81,30.09
4.32036105543375,-0.68,-5.81,30.09
4.321860019117594,-0.68,-5.81,30.09
4.323331944644451,-0.68,-5.81,30.09
4.32480676472187,-0.68,-5.81,30.09
4.326193735003471,-0.68,-5.81,30.09
4.327684715390205,-0.68,-5.81,30.09
4.329264599829912,-0.67,-5.8,30.1
4.330733515322208,-0.67,-5.8,30.1
4.332216665148735,-0.68,-5.8,30.11
4.3336169347167015,-0.68,-5.8,30.1
4.335185121744871,-0.68,-5.8,30.11
4.336535777896643,-0.68,-5.8,30.11
4.338147152215242,-0.68,-5.79,30.11
4.339639604091644,-0.68,-5.8,30.11
4.341032508760691,-0.68,-5.8,30.11
4.342496857047081,-0.68,-5.79,30.11
4.343944892287254,-0.68,-5.79,30.11
4.345469802618027,-0.67,-5.79,30.11
4.3484983667731285,-0.68,-5.79,30.11
4.351440131664276,-0.68,-5.79,30.11
4.354368418455124,-0.68,-5.79,30.11
4.35718546807766,-0.67,-5.79,30.11
4.360236819833517,-0.68,-5.79,30.11
4.363279044628143,-0.68,-5.79,30.11
4.366083852946758,-0.68,-5.79,30.11
4.369154714047909,-0.68,-5.79,30.11
4.372166443616152,-0.68,-5.79,30.11
4.374905146658421,-0.68,-5.79,30.11
4.378021292388439,-0.68,-5.79,30.11
4.381062731146812,-0.68,-5.79,30.11
4.384031642228365,-0.68,-5.79,30.11
4.386933118104935,-0.68,-5.79,30.11
4.38972020894289,-0.68,-5.79,30.11
4.392719514667988,-0.67,-5.79,30.11
4.3958386443555355,-0.67,-5.79,30.11
4.3988032303750515,-0.68,-5.79,30.11
4.400300949811935,-0.68,-5.79,30.11
4.401725452393293,-0.68,-5.79,30.11
4.403267104178667,-0.68,-5.79,30.11
4.404748935252428,-0.68,-5.79,30.11
4.406236886978149,-0.68,-5.79,30.11
4.407703895121813,-0.68,-5.79,30.11
4.409162729978561,-0.68,-5.79,30.11
4.410672292113304,-0.68,-5.79,30.11
4.412169672548771,-0.68,-5.79,30.11
4.413619536906481,-0.68,-5.79,30.11
4.41509436070919,-0.68,-5.79,30.11
4.416526973247528,-0.68,-5.79,30.11
4.418049920350313,-0.68,-5.79,30.11
4.41954480856657,-0.68,-5.79,30.11
4.421024493873119,-0.67,-5.79,30.11
4.4225073754787445,-0.67,-5.79,30.11
4.423990212380886,-0.67,-5.79,30.11
4.425465978682041,-0.67,-5.79,30.11
4.426943920552731,-0.68,-5.79,30.11
4.428423166275024,-0.68,-5.79,30.11
4.429913695901632,-0.68,-5.79,30.11
4.4313431568443775,-0.68,-5.79,30.1
4.43286669254303,-0.68,-5.79,30.11
4.434353329241276,-0.68,-5.79,30.11
4.4358329847455025,-0.68,-5.79,30.11
4.437320061028004,-0.68,-5.79,30.1
4.438789337873459,-0.68,-5.79,30.11
4.440274637192488,-0.68,-5.79,30.1
4.4417166747152805,-0.68,-5.79,30.11
4.443177994340658,-0.68,-5.79,30.1
4.444725230336189,-0.68,-5.79,30.1
4.446207456290722,-0.68,-5.79,30.1
4.448984365910292,-0.68,-5.79,30.09
4.452051907777786,-0.68,-5.79,30.1
4.454980090260506,-0.68,-5.8,30.08
4.457829158753157,-0.68,-5.8,30.09
4.460839547216892,-0.68,-5.79,30.09
4.463962331414223,-0.67,-5.8,30.09
4.466926775872707,-0.68,-5.79,30.1
4.469879396259785,-0.68,-5.79,30.11
4.47271079942584,-0.68,-5.79,30.1
4.4743220917880535,-0.68,-5.79,30.09
4.475726310163736,-0.68,-5.79,30.09
4.477267932146788,-0.67,-5.79,30.09
4.4787632040679455,-0.67,-5.79,30.09
4.480164438486099,-0.67,-5.79,30.09
4.481711260974407,-0.68,-5.79,30.09
4.483153931796551,-0.68,-5.79,30.09
4.484664216637611,-0.67,-5.79,30.09
4.48613478988409,-0.67,-5.79,30.09
4.487632907927036,-0.67,-5.79,30.09
4.489124249666929,-0.67,-5.79,30.09
4.490604795515537,-0.68,-5.79,30.09
4.492080830037594,-0.67,-5.79,30.09
4.493405617773533,-0.68,-5.79,30.09
4.495058797299862,-0.68,-5.79,30.09
4.4964335039258,-0.68,-5.79,30.09
4.497998293489218,-0.67,-5.79,30.09
4.49943733215332,-0.67,-5.79,30.09
4.500931598246098,-0.67,-5.79,30.09
4.502444487065077,-0.67,-5.79,30.09
4.503811806440353,-0.67,-5.79,30.09
4.505408864468336,-0.67,-5.79,30.09
4.506758578121662,-0.67,-5.79,30.09
4.5083822049200535,-0.67,-5.79,30.09
4.509822361171246,-0.68,-5.79,30.09
4.511336758732796,-0.68,-5.79,30.09
4.512766312807798,-0.68,-5.79,30.09
4.514169305562973,-0.67,-5.79,30.09
4.515590388327837,-0.67,-5.79,30.09
4.517172180116177,-0.67,-5.79,30.09
4.518640007823706,-0.67,-5.79,30.09
4.520093232393265,-0.68,-5.79,30.09
4.521575540304184,-0.68,-5.79,30.09
4.523101966828108,-0.68,-5.79,30.09
4.524664919823408,-0.67,-5.79,30.09
4.526140294969082,-0.67,-5.79,30.09
4.527624603360891,-0.68,-5.79,30.09
4.529075283557177,-0.68,-5.79,30.1
4.530582427978516,-0.68,-5.79,30.09
4.532050613313913,-0.67,-5.79,30.09
4.533541738986969,-0.67,-5.79,30.1
4.534959144890308,-0.67,-5.78,30.1
4.53644909337163,-0.68,-5.79,30.1
4.537857763469219,-0.68,-5.79,30.1
4.539463616907597,-0.68,-5.79,30.1
4.540940389037132,-0.68,-5.78,30.1
4.5424242205917835,-0.68,-5.78,30.1
4.543894995003939,-0.67,-5.79,30.1
4.545382559299469,-0.68,-5.78,30.1
4.548330560326576,-0.67,-5.78,30.1
4.55117928981781,-0.67,-5.78,30.1
4.554133739322424,-0.68,-5.78,30.1
4.557204198092222,-0.67,-5.78,30.1
4.560042452067137,-0.68,-5.78,30.09
4.563010182231665,-0.68,-5.78,30.1
4.566116269677877,-0.67,-5.78,30.1
4.569082744419575,-0.68,-5.78,30.1
4.572041109204292,-0.68,-5.78,30.1
4.574926428496838,-0.68,-5.78,30.1
4.577802959829569,-0.68,-5.78,30.1
4.580796781927347,-0.68,-5.78,30.1
4.58377967774868,-0.68,-5.78,30.09
4.58678450807929,-0.67,-5.78,30.1
4.589777629822493,-0.68,-5.78,30.1
4.592745583504438,-0.68,-5.78,30.1
4.595695480704308,-0.67,-5.78,30.1
4.59859287366271,-0.67,-5.77,30.1
4.601620592176914,-0.67,-5.78,30.1
4.604586984962225,-0.67,-5.78,30.1
4.607448887079954,-0.67,-5.78,30.1
4.6104853339493275,-0.67,-5.78,30.1
4.613395318388939,-0.68,-5.77,30.1
4.616428393870592,-0.67,-5.78,30.1
4.619365073740482,-0.68,-5.77,30.1
4.622306305915117,-0.68,-5.78,30.09
4.625322345644236,-0.68,-5.78,30.09
4.628266032785177,-0.67,-5.78,30.1
4.6297467313706875,-0.68,-5.77,30.1
4.631168764084578,-0.68,-5.77,30.1
4.632718112319708,-0.68,-5.77,30.1
4.6341401897370815,-0.68,-5.78,30.1
4.635676354169846,-0.68,-5.78,30.09
4.637088540941477,-0.68,-5.77,30.1
4.638612877577543,-0.67,-5.77,30.1
4.64009615778923,-0.67,-5.78,30.1
4.641569577157497,-0.68,-5.77,30.1
4.643037609755993,-0.67,-5.77,30.1
4.644546393305063,-0.67,-5.77,30.1
4.6475239880383015,-0.67,-5.77,30.1
4.650442354381084,-0.68,-5.77,30.1
4.653408698737621,-0.67,-5.77,30.1
4.656407289206982,-0.67,-5.77,30.1
4.6593670360744,-0.67,-5.77,30.1
4.662301901727915,-0.67,-5.77,30.1
4.665261432528496,-0.67,-5.77,30.09
4.668205387890339,-0.67,-5.78,30.1
4.671108346432447,-0.67,-5.77,30.1
4.674160253256559,-0.68,-5.77,30.09
4.675655752420425,-0.67,-5.77,30.1
4.677126206457615,-0.67,-5.77,30.1
4.678607255220413,-0.68,-5.77,30.1
4.680105201900005,-0.68,-5.77,30.1
4.681566599756479,-0.67,-5.77,30.1
4.683012448251247,-0.67,-5.77,30.1
4.6845125667750835,-0.67,-5.77,30.1
4.685907531529665,-0.68,-5.77,30.1
4.687495522201061,-0.67,-5.77,30.1
4.688955575227737,-0.67,-5.77,30.1
4.690452165901661,-0.67,-5.77,30.1
4.69183349981904,-0.67,-5.77,30.1
4.693329878151417,-0.67,-5.77,30.1
4.694894343614578,-0.68,-5.77,30.1
4.696328274905682,-0.67,-5.77,30.1
4.697831455618143,-0.67,-5.77,30.1
4.699311219155788,-0.68,-5.77,30.1
4.700802769511938,-0.68,-5.77,30.1
4.7022843062877655,-0.67,-5.77,30.1
4.703777000308037,-0.67,-5.77,30.1
4.705242425203323,-0.67,-5.77,30.1
4.706688787788153,-0.68,-5.77,30.1
4.7082137279212475,-0.67,-5.77,30.1
4.709684547036886,-0.67,-5.77,30.1
4.711181756108999,-0.67,-5.77,30.1
4.712605942040682,-0.67,-5.77,30.1
4.714103940874338,-0.68,-5.77,30.1
4.715605791658163,-0.68,-5.77,30.1
4.717072620987892,-0.68,-5.77,30.1
4.718575198203325,-0.68,-5.77,30.1
4.72005445510149,-0.67,-5.77,30.1
4.7215005829930305,-0.67,-5.77,30.1
4.722999535501003,-0.67,-5.77,30.1
4.724453032016754,-0.67,-5.77,30.1
4.725760914385319,-0.67,-5.77,30.1
4.7274034805595875,-0.67,-5.77,30.1
4.728944890201092,-0.68,-5.77,30.1
4.730371810495853,-0.67,-5.77,30.1
4.7317474745213985,-0.68,-5.77,30.1
4.733387175947428,-0.68,-5.77,30.1
4.734833255410194,-0.68,-5.77,30.1
4.736330818384886,-0.68,-5.77,30.1
4.737812101840973,-0.68,-5.77,30.1
4.739299234002829,-0.68,-5.77,30.1
4.740771032869816,-0.67,-5.77,30.1
4.742141172289848,-0.68,-5.77,30.1
4.743725657463074,-0.68,-5.77,30.1
4.745218105614185,-0.67,-5.77,30.1
4.748182822018862,-0.68,-5.77,30.1
4.751142155379057,-0.68,-5.77,30.1
4.75424587726593,-0.68,-5.77,30.1
4.757051728665829,-0.67,-5.77,30.1
4.760023586452007,-0.68,-5.76,30.1
4.762982502579689,-0.67,-5.77,30.1
4.765935938805342,-0.67,-5.77,30.1
4.768667437136173,-0.68,-5.77,30.1
4.7718647718429565,-0.67,-5.76,30.1
4.774831581860781,-0.67,-5.77,30.1
4.777770239859819,-0.67,-5.77,30.1
4.780743721872568,-0.67,-5.76,30.1
4.783690679818392,-0.68,-5.77,30.1
4.786672294139862,-0.67,-5.77,30.1
4.788070172071457,-0.67,-5.76,30.1
4.789634600281715,-0.67,-5.76,30.1
4.79111547768116,-0.68,-5.76,30.1
4.792595311999321,-0.67,-5.77,30.1
4.794060293585062,-0.67,-5.76,30.1
4.79556093737483,-0.67,-5.76,30.1
4.797028016299009,-0.67,-5.77,30.1
4.798443894833326,-0.67,-5.76,30.1
4.799923229962587,-0.67,-5.76,30.1
4.801349401473999,-0.67,-5.76,30.1
4.80285832285881,-0.67,-5.76,30.1
4.804321378469467,-0.67,-5.76,30.1
4.805814892053604,-0.67,-5.76,30.1
4.807340782135725,-0.67,-5.76,30.1
4.808820761740208,-0.67,-5.76,30.1
4.810228195041418,-0.68,-5.76,30.1
4.811831071972847,-0.67,-5.76,30.11
4.813282240182161,-0.67,-5.76,30.11
4.814777716994286,-0.67,-5.76,30.11
4.816268973052502,-0.67,-5.76,30.12
4.817758470773697,-0.67,-5.76,30.12
4.819198250770569,-0.67,-5.76,30.12
4.82063789665699,-0.67,-5.76,30.11
4.8221495896577835,-0.67,-5.76,30.1
4.823604114353657,-0.67,-5.76,30.09
4.825135115534067,-0.67,-5.77,30.08
4.826542861759663,-0.67,-5.77,30.08
4.828101962804794,-0.67,-5.77,30.08
4.82953891903162,-0.67,-5.77,30.08
4.831036604940891,-0.67,-5.77,30.08
4.832553137093782,-0.67,-5.77,30.08
4.83396403491497,-0.67,-5.77,30.08
4.835468765348196,-0.67,-5.77,30.08
4.836998075246811,-0.68,-5.77,30.08
4.83846390992403,-0.67,-5.77,30.08
4.839924361556768,-0.67,-5.77,30.09
4.84144276753068,-0.67,-5.77,30.09
4.842914838343859,-0.67,-5.77,30.09
4.845880288630724,-0.67,-5.76,30.1
4.848842564970255,-0.68,-5.76,30.1
4.851780496537685,-0.67,-5.76,30.11
4.8547092862427235,-0.67,-5.76,30.1
4.857726618647575,-0.67,-5.76,30.1
4.860684417188168,-0.67,-5.76,30.1
4.863646704703569,-0.67,-5.76,30.1
4.866600997745991,-0.67,-5.76,30.1
4.869560047984123,-0.67,-5.76,30.1
4.872523833066225,-0.68,-5.76,30.1
4.875459186732769,-0.68,-5.76,30.1
4.878442902117968,-0.67,-5.76,30.1
4.881384432315826,-0.68,-5.76,30.1
4.884363558143377,-0.68,-5.76,30.1
4.887300089001656,-0.67,-5.76,30.1
4.890277400612831,-0.67,-5.76,30.1
4.893019754439592,-0.67,-5.76,30.1
4.896226175129414,-0.68,-5.76,30.1
4.899165768176317,-0.67,-5.76,30.1
4.902121093124151,-0.67,-5.76,30.1
4.905033838003874,-0.67,-5.76,30.11
4.908054798841476,-0.68,-5.75,30.11
4.9110077023506165,-0.67,-5.75,30.12
4.913969565182924,-0.68,-5.75,30.11
4.916921079158783,-0.67,-5.76,30.1
4.919895734637976,-0.67,-5.76,30.09
4.922820061445236,-0.67,-5.76,30.09
4.925806399434805,-0.68,-5.76,30.09
4.928755950182676,-0.67,-5.76,30.09
4.931706637144089,-0.67,-5.76,30.1
4.934678208082914,-0.67,-5.76,30.09
4.937643945217133,-0.68,-5.76,30.09
4.940610758960247,-0.67,-5.76,30.09
4.943575482815504,-0.68,-5.76,30.09
4.946513332426548,-0.67,-5.76,30.09
4.948011994361877,-0.67,-5.76,30.09
4.949468858540058,-0.67,-5.76,30.09
4.950951796025038,-0.67,-5.76,30.09
4.952423866838217,-0.67,-5.76,30.09
4.953744553029537,-0.67,-5.76,30.09
4.955400448292494,-0.67,-5.76,30.09
4.956891309469938,-0.68,-5.76,30.09
4.958378877490759,-0.67,-5.76,30.09
4.960576519370079,-0.67,-5.76,30.09
4.9618213921785355,-0.68,-5.76,30.09
4.962801445275545,-0.67,-5.76,30.09
4.9642915688455105,-0.67,-5.76,30.09
4.965749602764845,-0.67,-5.76,30.09
4.967247191816568,-0.67,-5.76,30.09
4.968713250011206,-0.67,-5.76,30.09
4.970224142074585,-0.67,-5.76,30.09
4.9717001132667065,-0.68,-5.76,30.09
4.9729925617575645,-0.67,-5.76,30.09
4.9746373519301414,-0.67,-5.76,30.09
4.976139176636934,-0.67,-5.76,30.09
4.977499205619097,-0.67,-5.76,30.09
4.979100223630667,-0.67,-5.76,30.09
4.98058533295989,-0.68,-5.76,30.09
4.982079725712538,-0.68,-5.76,30.08
4.983531601727009,-0.67,-5.76,30.08
4.985009200870991,-0.67,-5.76,30.08
4.986504565924406,-0.67,-5.76,30.09
4.987853493541479,-0.68,-5.76,30.09
4.989480681717396,-0.68,-5.76,30.09
4.99083436653018,-0.67,-5.76,30.09
4.992428440600634,-0.67,-5.76,30.09
4.993811100721359,-0.67,-5.76,30.09
4.995258819311857,-0.67,-5.76,30.09
4.996869958937168,-0.67,-5.75,30.1
4.998342826962471,-0.67,-5.75,30.1
4.999802555888891,-0.67,-5.75,30.1
5.001269560307264,-0.67,-5.75,30.1
5.002782985568047,-0.67,-5.75,30.1
5.004187326878309,-0.67,-5.75,30.1
5.005580015480518,-0.67,-5.75,30.1
5.007083851844072,-0.67,-5.75,30.11
5.008674532175064,-0.67,-5.75,30.11
5.010183572769165,-0.67,-5.75,30.11
5.011656824499369,-0.67,-5.75,30.1
5.013149201869965,-0.67,-5.75,30.1
5.014573264867067,-0.67,-5.75,30.1
5.016090501099825,-0.67,-5.75,30.1
5.017551593482494,-0.67,-5.75,30.1
5.019033040851355,-0.68,-5.75,30.1
5.020512279123068,-0.68,-5.75,30.1
5.022018402814865,-0.68,-5.75,30.1
5.0234263353049755,-0.68,-5.75,30.1
5.024988334625959,-0.68,-5.75,30.1
5.026375707238913,-0.67,-5.75,30.1
5.02789057418704,-0.67,-5.75,30.1
5.029325306415558,-0.67,-5.75,30.1
5.030877456068993,-0.68,-5.75,30.1
5.032322004437447,-0.67,-5.75,30.1
5.033799361437559,-0.67,-5.75,30.1
5.035351760685444,-0.67,-5.75,30.1
5.036839377135038,-0.67,-5.75,30.1
5.03827316686511,-0.68,-5.75,30.1
5.039680104702711,-0.67,-5.75,30.1
5.041277587413788,-0.67,-5.75,30.1
5.042650245130062,-0.67,-5.75,30.1
5.0454785749316216,-0.67,-5.75,30.11
5.048667002469301,-0.68,-5.75,30.09
5.05160279199481,-0.68,-5.75,30.1
5.054592318832874,-0.67,-5.75,30.1
5.057400465011597,-0.68,-5.75,30.1
5.06037712842226,-0.68,-5.75,30.1
5.063477177172899,-0.68,-5.75,30.12
5.066398676484823,-0.67,-5.74,30.11
5.069225952029228,-0.67,-5.74,30.11
5.072339501231909,-0.67,-5.74,30.11
5.075297612696886,-0.67,-5.74,30.11
5.078131280839443,-0.67,-5.74,30.12
5.081204928457737,-0.67,-5.74,30.11
5.08417746424675,-0.67,-5.74,30.1
5.08707669377327,-0.68,-5.75,30.1
5.090100210160017,-0.67,-5.75,30.1
5.093082379549742,-0.67,-5.75,30.09
5.095985908061266,-0.67,-5.75,30.09
5.099002502858639,-0.67,-5.75,30.09
5.100485078990459,-0.67,-5.75,30.09
5.10191909596324,-0.67,-5.75,30.09
5.103391870856285,-0.67,-5.75,30.09
5.104932706803083,-0.67,-5.75,30.09
5.106357026845217,-0.67,-5.75,30.1
5.107893411070108,-0.67,-5.75,30.1
5.109344564378262,-0.67,-5.75,30.1
5.1108580976724625,-0.67,-5.75,30.09
5.112296797335148,-0.67,-5.75,30.09
5.113798640668392,-0.67,-5.75,30.09
5.115284461528063,-0.67,-5.75,30.09
5.116756144911051,-0.67,-5.75,30.1
5.118229825049639,-0.67,-5.75,30.09
5.1195876486599445,-0.67,-5.75,30.09
5.121149763464928,-0.67,-5.75,30.09
5.122667461633682,-0.67,-5.75,30.09
5.1241623647511005,-0.67,-5.75,30.1
5.125617105513811,-0.67,-5.74,30.1
5.12708592414856,-0.68,-5.75,30.1
5.1286057867109776,-0.68,-5.75,30.1
5.130035411566496,-0.67,-5.75,30.1
5.131564773619175,-0.67,-5.75,30.1
5.133048083633184,-0.67,-5.75,30.1
5.134534738957882,-0.67,-5.75,30.1
5.136007491499186,-0.67,-5.75,30.1
5.137464664876461,-0.67,-5.75,30.1
5.138950832188129,-0.67,-5.75,30.1
5.140446610748768,-0.67,-5.75,30.1
5.14174859598279,-0.67,-5.74,30.1
5.14468190073967,-0.67,-5.75,30.1
5.147838324308395,-0.67,-5.75,30.1
5.150788705796003,-0.67,-5.75,30.1
5.1537641659379005,-0.67,-5.74,30.1
5.156722791492939,-0.67,-5.75,30.1
5.1596421748399734,-0.67,-5.75,30.1
5.162615202367306,-0.67,-5.74,30.09
5.1655870117247105,-0.67,-5.75,30.1
5.168560907244682,-0.67,-5.75,30.1
5.171529848128557,-0.67,-5.74,30.1
5.17449701577425,-0.67,-5.74,30.1
5.177441280335188,-0.67,-5.74,30.1
5.180187538266182,-0.67,-5.74,30.11
5.183370433747768,-0.67,-5.74,30.11
5.186328083276749,-0.67,-5.74,30.09
5.189280215650797,-0.67,-5.75,30.09
5.192215915769339,-0.68,-5.75,30.08
5.195202816277742,-0.67,-5.75,30.08
5.198175325989723,-0.67,-5.75,30.08
5.201132915914059,-0.67,-5.75,30.08
5.204065095633268,-0.67,-5.75,30.09
5.207009956240654,-0.67,-5.75,30.09
5.2098804004490376,-0.67,-5.75,30.09
5.21297449991107,-0.67,-5.75,30.09
5.215735491365194,-0.67,-5.75,30.09
5.218763578683138,-0.67,-5.75,30.09
5.22038771212101,-0.67,-5.75,30.09
5.221768256276846,-0.67,-5.74,30.09
5.223237287253141,-0.67,-5.75,30.09
5.2247243374586105,-0.67,-5.75,30.09
5.226255647838116,-0.67,-5.75,30.09
5.22765714302659,-0.67,-5.75,30.09
5.229176923632622,-0.67,-5.75,30.09
5.230694968253374,-0.67,-5.75,30.09
5.232226170599461,-0.67,-5.74,30.09
5.233612950891256,-0.67,-5.75,30.09
5.2351173758506775,-0.67,-5.74,30.09
5.2365941517055035,-0.67,-5.74,30.09
5.238084323704243,-0.67,-5.75,30.09
5.239542484283447,-0.67,-5.74,30.09
5.241083938628435,-0.67,-5.74,30.09
5.242601051926613,-0.67,-5.75,30.09
5.245403777807951,-0.67,-5.74,30.09
5.248423352837563,-0.67,-5.74,30.09
5.251437947154045,-0.67,-5.74,30.09
5.254402078688145,-0.67,-5.75,30.1
5.255899120122194,-0.67,-5.74,30.09
5.2572536282241344,-0.67,-5.75,30.08
5.258810579776764,-0.67,-5.75,30.08
5.260303612798452,-0.67,-5.75,30.08
5.261807795614004,-0.68,-5.75,30.08
5.2633142322301865,-0.67,-5.74,30.08
5.26477687433362,-0.67,-5.75,30.08
5.266197141259909,-0.67,-5.75,30.08
5.267742518335581,-0.67,-5.75,30.08
5.269059479236603,-0.67,-5.75,30.08
5.270650405436754,-0.67,-5.75,30.05
5.2721469178795815,-0.68,-5.76,30.04
5.273601647466421,-0.68,-5.76,30.04
5.274985499680042,-0.67,-5.76,30.04
5.2766248062253,-0.68,-5.75,30.04
5.278114788234234,-0.68,-5.75,30.04
5.279571432620287,-0.68,-5.75,30.04
5.28106788918376,-0.68,-5.75,30.04
5.282562542706728,-0.67,-5.75,30.04
5.283942796289921,-0.68,-5.75,30.04
5.285419680178165,-0.68,-5.75,30.04
5.286999691277742,-0.68,-5.75,30.04
5.28839073330164,-0.67,-5.75,30.04
5.2899481020867825,-0.67,-5.75,30.04
5.291392561048269,-0.67,-5.75,30.04
5.292889442294836,-0.68,-5.75,30.04
5.294556483626366,-0.68,-5.75,30.04
5.29579246789217,-0.68,-5.75,30.04
5.297246467322111,-0.68,-5.75,30.04
5.2987453900277615,-0.67,-5.75,30.04
5.300277933478355,-0.67,-5.75,30.04
5.3018013052642345,-0.68,-5.74,30.04
5.3032808266580105,-0.67,-5.74,30.04
5.304740089923143,-0.68,-5.74,30.04
5.3061632961034775,-0.68,-5.74,30.04
5.307666469365358,-0.68,-5.74,30.04
5.309126283973455,-0.68,-5.74,30.04
5.310679599642754,-0.67,-5.74,30.04
5.31212505325675,-0.68,-5.74,30.04
5.313553936779499,-0.68,-5.74,30.04
5.314998731017113,-0.68,-5.74,30.04
5.31650722771883,-0.68,-5.74,30.04
5.318063549697399,-0.68,-5.74,30.04
5.319532975554466,-0.67,-5.74,30.04
5.320967275649309,-0.67,-5.74,30.04
5.322528380900621,-0.67,-5.74,30.04
5.323777690529823,-0.67,-5.74,30.04
5.325458139181137,-0.67,-5.74,30.04
5.3269058763980865,-0.68,-5.74,30.04
5.328395023941994,-0.68,-5.74,30.04
5.329882685095072,-0.68,-5.74,30.04
5.331372801214457,-0.68,-5.74,30.04
5.332872103899717,-0.68,-5.74,30.04
5.334322776645422,-0.68,-5.74,30.04
5.335835259407759,-0.68,-5.74,30.04
5.3371464014053345,-0.68,-5.74,30.04
5.338789500296116,-0.67,-5.74,30.04
5.340270966291428,-0.67,-5.74,30.04
5.343193482607603,-0.68,-5.72,30.05
5.346126917749643,-0.68,-5.72,30.05
5.349120277911425,-0.68,-5.72,30.05
5.3519533053040504,-0.67,-5.72,30.05
5.355063654482365,-0.68,-5.72,30.05
5.358006484806538,-0.68,-5.72,30.05
5.360834456980228,-0.68,-5.72,30.05
5.36381570994854,-0.68,-5.72,30.05
5.3667928241193295,-0.68,-5.72,30.05
5.36985631659627,-0.68,-5.71,30.05
5.372687164694071,-0.68,-5.71,30.05
5.375712186098099,-0.68,-5.71,30.05
5.378757122904062,-0.67,-5.71,30.05
5.381588216871023,-0.68,-5.71,30.05
5.3846834525465965,-0.68,-5.71,30.05
5.387585736811161,-0.68,-5.71,30.05
5.390522297471762,-0.68,-5.71,30.05
5.3935063518583775,-0.68,-5.71,30.05
5.396465767174959,-0.68,-5.71,30.05
5.399468582123518,-0.68,-5.71,30.06
5.402270533144474,-0.68,-5.71,30.05
5.405226841568947,-0.67,-5.71,30.06
5.408301927149296,-0.67,-5.71,30.06
5.411331191658974,-0.68,-5.71,30.06
5.412785712629557,-0.68,-5.7,30.06
5.414250161498785,-0.67,-5.71,30.05
5.4157744236290455,-0.68,-5.7,30.06
5.417273886501789,-0.68,-5.7,30.06
5.418679378926754,-0.68,-5.7,30.06
5.420205991715193,-0.68,-5.7,30.06
5.4216847233474255,-0.68,-5.7,30.06
5.423174887895584,-0.68,-5.7,30.05
5.42465690523386,-0.68,-5.7,30.06
5.4260908626019955,-0.68,-5.7,30.06
5.427611012011766,-0.68,-5.7,30.06
5.429100278764963,-0.68,-5.7,30.06
5.4305817894637585,-0.68,-5.7,30.06
5.432035967707634,-0.68,-5.7,30.06
5.433548927307129,-0.68,-5.7,30.06
5.435014974325895,-0.67,-5.7,30.06
5.4365094602108,-0.67,-5.7,30.06
5.437879018485546,-0.67,-5.7,30.06
5.439452301710844,-0.68,-5.7,30.06
5.442422103136778,-0.68,-5.7,30.06
5.445297610014677,-0.67,-5.69,30.06
5.448288228362799,-0.68,-5.69,30.06
5.451254773885012,-0.68,-5.69,30.06
5.454257573932409,-0.68,-5.69,30.06
5.457082975655794,-0.67,-5.69,30.06
5.460149098187685,-0.68,-5.69,30.07
5.463080290704966,-0.67,-5.69,30.07
5.466033291071653,-0.68,-5.69,30.05
5.46906791254878,-0.68,-5.69,30.07
5.471819840371609,-0.68,-5.69,30.07
5.474988259375095,-0.68,-5.69,30.07
5.477827742695808,-0.67,-5.69,30.07
5.480904143303633,-0.67,-5.69,30.07
5.4837223291397095,-0.68,-5.69,30.07
5.486815970391035,-0.68,-5.69,30.07
5.489784345030785,-0.67,-5.69,30.07
5.492629773914814,-0.67,-5.69,30.07
5.494477100670338,-0.67,-5.69,30.07
5.495587602257729,-0.67,-5.69,30.07
5.497151367366314,-0.68,-5.69,30.07
5.498628690838814,-0.68,-5.69,30.07
5.500161316245794,-0.68,-5.69,30.07
5.501619029790163,-0.68,-5.69,30.07
5.503088813275099,-0.68,-5.68,30.07
5.504528488963842,-0.67,-5.68,30.07
5.506067875772715,-0.67,-5.69,30.07
5.507495477795601,-0.67,-5.69,30.07
5.508947424590588,-0.67,-5.69,30.07
5.510506566613913,-0.67,-5.68,30.07
5.511969193816185,-0.67,-5.68,30.07
5.513463418930769,-0.67,-5.68,30.07
5.5148668475449085,-0.67,-5.69,30.07
5.516367733478546,-0.67,-5.69,30.07
5.517882630228996,-0.67,-5.69,30.07
5.519387163221836,-0.67,-5.69,30.07
5.520743735134602,-0.67,-5.69,30.07
5.522352531552315,-0.67,-5.68,30.07
5.5238402634859085,-0.67,-5.68,30.07
5.525193948298693,-0.67,-5.69,30.07
5.526587560772896,-0.67,-5.69,30.07
5.528278287500143,-0.67,-5.68,30.07
5.529730178415775,-0.67,-5.68,30.07
5.531210374087095,-0.67,-5.68,30.07
5.532668977975845,-0.67,-5.68,30.07
5.534179259091616,-0.67,-5.68,30.07
5.535661276429892,-0.68,-5.68,30.09
5.537135303020477,-0.67,-5.68,30.08
5.538595654070377,-0.68,-5.68,30.09
5.540113668888807,-0.68,-5.67,30.1
5.543041881173849,-0.68,-5.67,30.09
5.546035103499889,-0.68,-5.67,30.1
5.548984840512276,-0.67,-5.67,30.09
5.551899701356888,-0.67,-5.67,30.09
5.554867669939995,-0.67,-5.67,30.1
5.55769070610404,-0.67,-5.67,30.09
5.560822378844023,-0.68,-5.67,30.09
5.563784569501877,-0.67,-5.67,30.09
5.566752769052982,-0.67,-5.67,30.09
5.568177752196789,-0.68,-5.67,30.09
5.569723039865494,-0.68,-5.67,30.09
5.571160916239023,-0.68,-5.67,30.09
5.572662569582462,-0.68,-5.67,30.09
5.574127841740847,-0.68,-5.67,30.09
5.5756447724998,-0.67,-5.67,30.09
5.577067095786333,-0.67,-5.67,30.09
5.578595735132694,-0.67,-5.67,30.09
5.579912789165974,-0.67,-5.67,30.09
5.581553317606449,-0.68,-5.67,30.09
5.583037719130516,-0.68,-5.67,30.09
5.584493901580572,-0.68,-5.67,30.09
5.5859956704080105,-0.68,-5.67,30.09
5.587484315037727,-0.68,-5.67,30.09
5.588965248316526,-0.67,-5.67,30.09
5.5902843698859215,-0.67,-5.67,30.09
5.591910980641842,-0.67,-5.67,30.09
5.593280091881752,-0.67,-5.67,30.09
5.594880398362875,-0.67,-5.67,30.09
5.596245117485523,-0.68,-5.67,30.09
5.597830515354872,-0.67,-5.67,30.09
5.599322874099016,-0.67,-5.67,30.09
5.6007031463086605,-0.68,-5.67,30.09
5.602261103689671,-0.68,-5.67,30.09
5.603822525590658,-0.67,-5.67,30.09
5.605395674705505,-0.68,-5.67,30.09
5.606714334338903,-0.68,-5.67,30.09
5.608204465359449,-0.68,-5.67,30.09
5.609602998942137,-0.68,-5.67,30.09
5.611168380826712,-0.67,-5.67,30.09
5.612615674734116,-0.67,-5.67,30.09
5.614087883383036,-0.67,-5.67,30.09
5.615593668073416,-0.67,-5.67,30.09
5.617069981992245,-0.67,-5.67,30.09
5.618556901812553,-0.67,-5.67,30.09
5.620016101747751,-0.67,-5.67,30.09
5.621395897120237,-0.67,-5.67,30.09
5.622994776815176,-0.67,-5.67,30.09
5.624338384717703,-0.67,-5.67,30.1
5.625890076160431,-0.67,-5.66,30.1
5.627434886991978,-0.67,-5.66,30.1
5.62892834097147,-0.67,-5.66,30.09
5.630366496741772,-0.67,-5.66,30.09
5.631777871400118,-0.67,-5.66,30.1
5.633368730545044,-0.67,-5.66,30.09
5.6348329000175,-0.68,-5.66,30.1
5.6361939162015915,-0.68,-5.66,30.1
5.63780865073204,-0.68,-5.66,30.1
5.63918000087142,-0.67,-5.66,30.1
5.642179857939482,-0.67,-5.66,30.1
5.645206108689308,-0.67,-5.66,30.1
5.648075677454472,-0.68,-5.66,30.09
5.651127029210329,-0.67,-5.66,30.09
5.65402914211154,-0.67,-5.66,30.1
5.656961757689714,-0.67,-5.66,30.1
5.660006016492844,-0.67,-5.66,30.09
5.662975713610649,-0.67,-5.66,30.09
5.6658671125769615,-0.67,-5.66,30.09
5.668812360614538,-0.67,-5.66,30.1
5.6718493066728115,-0.67,-5.66,30.1
5.674674559384584,-0.67,-5.66,30.09
5.677766606211662,-0.67,-5.66,30.09
5.680602081120014,-0.67,-5.66,30.09
5.683704014867544,-0.68,-5.66,30.1
5.686614755541086,-0.67,-5.66,30.09
5.689608138054609,-0.67,-5.67,30.07
5.692566595971584,-0.67,-5.67,30.06
5.6955055594444275,-0.68,-5.68,30.07
5.698423571884632,-0.68,-5.67,30.07
5.701447505503893,-0.67,-5.67,30.07
5.70439600199461,-0.68,-5.68,30.07
5.7073666006326675,-0.67,-5.68,30.07
5.710338115692139,-0.67,-5.68,30.07
5.713195502758026,-0.67,-5.68,30.07
5.716265670955181,-0.68,-5.67,30.06
5.719198413193226,-0.67,-5.68,30.06
5.7221744284033775,-0.67,-5.67,30.07
5.725012842565775,-0.68,-5.67,30.07
5.726610861718655,-0.67,-5.67,30.07
5.728095252066851,-0.67,-5.67,30.07
5.7295559123158455,-0.67,-5.67,30.07
5.731042630970478,-0.67,-5.67,30.07
5.732548855245113,-0.67,-5.67,30.07
5.734021693468094,-0.67,-5.67,30.07
5.735490970313549,-0.67,-5.67,30.07
5.736865054816008,-0.67,-5.67,30.07
5.739944871515036,-0.68,-5.67,30.07
5.7428787015378475,-0.68,-5.67,30.07
5.745846267789602,-0.67,-5.67,30.07
5.748807657510042,-0.67,-5.67,30.07
5.751767985522747,-0.68,-5.67,30.07
5.754719063639641,-0.68,-5.67,30.07
5.757617201656103,-0.67,-5.67,30.07
5.760588303208351,-0.67,-5.67,30.07
5.76361458003521,-0.67,-5.67,30.07
5.766386665403843,-0.67,-5.67,30.07
5.767970360815525,-0.67,-5.67,30.07
5.76949468255043,-0.67,-5.67,30.07
5.770972706377506,-0.68,-5.67,30.07
5.772449284791946,-0.67,-5.67,30.08
5.7739891186356544,-0.67,-5.67,30.08
5.7754004299640656,-0.67,-5.67,30.08
5.776925023645163,-0.67,-5.67,30.07
5.778421618044376,-0.67,-5.67,30.07
5.779909003525972,-0.67,-5.67,30.07
5.781332910060883,-0.68,-5.67,30.07
5.7827273309230804,-0.67,-5.67,30.07
5.784257642924786,-0.68,-5.67,30.08
5.78577933460474,-0.67,-5.67,30.07
5.787307340651751,-0.67,-5.67,30.07
5.788802664726973,-0.68,-5.67,30.07
5.790256090462208,-0.67,-5.67,30.07
5.791710916906595,-0.67,-5.67,30.07
5.793213717639446,-0.67,-5.67,30.07
5.79470743983984,-0.67,-5.67,30.07
5.796084303408861,-0.67,-5.67,30.07
5.797659255564213,-0.67,-5.67,30.07
5.799111723899841,-0.67,-5.67,30.07
5.800621688365936,-0.67,-5.67,30.07
5.80204988270998,-0.67,-5.67,30.07
5.803592391312122,-0.67,-5.67,30.07
5.805074125528336,-0.67,-5.67,30.07
5.806549910455942,-0.67,-5.67,30.07
5.807971149682999,-0.67,-5.67,30.08
5.809478208422661,-0.68,-5.67,30.07
5.81098497658968,-0.68,-5.67,30.07
5.812453042715788,-0.67,-5.67,30.07
5.8139459155499935,-0.67,-5.67,30.07
5.815433353185654,-0.67,-5.67,30.07
5.816905837506056,-0.68,-5.67,30.07
5.81836224719882,-0.68,-5.67,30.07
5.819872930645943,-0.67,-5.67,30.07
5.821342591196299,-0.67,-5.67,30.07
5.822811461985111,-0.67,-5.67,30.07
5.824310913681984,-0.67,-5.67,30.07
5.8257739171385765,-0.67,-5.67,30.07
5.827273644506931,-0.67,-5.67,30.07
5.828753814101219,-0.67,-5.67,30.07
5.830150492489338,-0.67,-5.67,30.07
5.831742297858,-0.67,-5.66,30.07
5.833162397146225,-0.68,-5.66,30.08
5.83469058573246,-0.67,-5.66,30.07
5.836141403764486,-0.67,-5.67,30.07
5.837617605924606,-0.67,-5.67,30.07
5.840572398155928,-0.68,-5.67,30.07
5.843409527093172,-0.67,-5.67,30.07
5.846506599336863,-0.67,-5.67,30.06
5.849481623619795,-0.67,-5.67,30.07
5.852431636303663,-0.67,-5.67,30.06
5.8552611619234085,-0.68,-5.67,30.07
5.858300946652889,-0.67,-5.67,30.07
5.861266102641821,-0.67,-5.67,30.07
5.8642688393592834,-0.67,-5.66,30.07
5.867149338126183,-0.67,-5.66,30.07
5.8703304678201675,-0.67,-5.66,30.08
5.873009294271469,-0.68,-5.66,30.08
5.87603847309947,-0.67,-5.66,30.08
5.8790693283081055,-0.68,-5.65,30.08
5.882034353911877,-0.68,-5.66,30.08
5.883505679666996,-0.67,-5.65,30.08
5.8848669826984406,-0.67,-5.66,30.08
5.886442970484495,-0.67,-5.66,30.08
5.88780776783824,-0.67,-5.66,30.08
5.889352109283209,-0.67,-5.66,30.08
5.890901930630207,-0.67,-5.66,30.08
5.892396431416273,-0.67,-5.66,30.08
5.8938574604690075,-0.67,-5.66,30.09
5.89533756300807,-0.67,-5.66,30.09
5.896740898489952,-0.66,-5.66,30.09
5.898307748138905,-0.67,-5.66,30.08
5.899702090770006,-0.68,-5.66,30.08
5.901167050004005,-0.67,-5.66,30.09
5.902678739279509,-0.67,-5.66,30.09
5.904237654060125,-0.67,-5.66,30.08
5.9056889824569225,-0.67,-5.66,30.08
5.907192375510931,-0.67,-5.66,30.08
5.9085848815739155,-0.67,-5.66,30.08
5.910137142986059,-0.67,-5.66,30.08
5.911572888493538,-0.67,-5.66,30.08
5.912897199392319,-0.67,-5.66,30.08
5.914566081017256,-0.67,-5.66,30.08
5.916025146842003,-0.67,-5.66,30.08
5.917526394128799,-0.67,-5.66,30.08
5.919037081301212,-0.67,-5.66,30.09
5.920502252876759,-0.67,-5.66,30.09
5.92187887057662,-0.68,-5.66,30.08
5.923458743840456,-0.67,-5.66,30.08
5.924935705959797,-0.67,-5.66,30.09
5.926426582038403,-0.67,-5.66,30.09
5.927917495369911,-0.67,-5.66,30.09
5.9293965473771095,-0.67,-5.66,30.09
5.930787310004234,-0.67,-5.66,30.08
5.932306967675686,-0.67,-5.66,30.08
5.933813538402319,-0.67,-5.65,30.09
5.935216251760721,-0.67,-5.65,30.08
5.936718728393316,-0.67,-5.65,30.09
5.939737904816866,-0.67,-5.65,30.09
5.942691225558519,-0.68,-5.65,30.09
5.945663932710886,-0.67,-5.65,30.08
5.94862188398838,-0.68,-5.66,30.08
5.951443452388048,-0.67,-5.65,30.08
5.9545443169772625,-0.67,-5.65,30.08
5.957424405962229,-0.67,-5.65,30.08
5.960447512567043,-0.67,-5.65,30.08
5.963433187454939,-0.67,-5.65,30.08
5.9663939364254475,-0.67,-5.65,30.08
5.969360202550888,-0.67,-5.65,30.08
5.972242761403322,-0.67,-5.65,30.08
5.97528463229537,-0.67,-5.65,30.08
5.978215999901295,-0.67,-5.66,30.08
5.981085080653429,-0.67,-5.65,30.08
5.984168794006109,-0.67,-5.65,30.08
5.987116515636444,-0.67,-5.65,30.08
5.990077145397663,-0.67,-5.65,30.08
5.993494171649218,-0.67,-5.65,30.08
5.995863255113363,-0.67,-5.65,30.08
5.998803690075874,-0.67,-5.65,30.08
6.0017083659768105,-0.67,-5.65,30.08
6.00487332418561,-0.67,-5.65,30.08
6.007843974977732,-0.67,-5.65,30.08
6.010801214724779,-0.67,-5.65,30.08
6.0137526877224445,-0.67,-5.65,30.08
6.016483295708895,-0.68,-5.65,30.08
6.01964595541358,-0.67,-5.65,30.08
6.022547911852598,-0.67,-5.65,30.08
6.025499302893877,-0.67,-5.65,30.08
6.028491850942373,-0.67,-5.65,30.08
6.031508006155491,-0.68,-5.65,30.08
6.0394354946911335,-0.67,-5.65,-49.48
6.048968318849802,-0.67,-5.65,30.1
6.051906228065491,-0.67,-5.64,30.1
6.054902970790863,-0.67,-5.64,30.1
6.057874269783497,-0.68,-5.64,30.1
6.060791473835707,-0.67,-5.64,30.1
6.063691798597574,-0.67,-5.64,30.1
6.0666056871414185,-0.67,-5.64,30.1
6.0696543753147125,-0.67,-5.64,30.1
6.071186114102602,-0.67,-5.64,30.1
6.072548419237137,-0.67,-5.64,30.1
6.074039973318577,-0.67,-5.64,30.1
6.075614109635353,-0.67,-5.64,30.1
6.076948430389166,-0.67,-5.64,30.1
6.078595705330372,-0.67,-5.64,30.1
6.080080572515726,-0.67,-5.64,30.1
6.0815584771335125,-0.67,-5.64,30.1
6.083026770502329,-0.67,-5.64,30.1
6.084357351064682,-0.67,-5.64,30.1
6.08594287186861,-0.67,-5.64,30.1
6.0872992388904095,-0.67,-5.64,30.1
6.088867135345936,-0.67,-5.64,30.1
6.090446826070547,-0.67,-5.64,30.1
6.0918995924293995,-0.67,-5.64,30.1
6.093358665704727,-0.67,-5.64,30.1
6.0948216170072556,-0.67,-5.64,30.1
6.096305754035711,-0.67,-5.64,30.1
6.097800932824612,-0.67,-5.64,30.1
6.099299937486649,-0.67,-5.64,30.1
6.100754298269749,-0.67,-5.64,30.1
6.102270770817995,-0.67,-5.64,30.1
6.103595450520515,-0.67,-5.64,30.1
6.105172544717789,-0.67,-5.64,30.1
6.106711070984602,-0.67,-5.64,30.09
6.108108747750521,-0.67,-5.64,30.1
6.109665401279926,-0.67,-5.64,30.1
6.111003302037716,-0.67,-5.64,30.1
6.112590029835701,-0.67,-5.64,30.1
6.114118535071611,-0.67,-5.64,30.1
6.115577258169651,-0.67,-5.64,30.1
6.117082182317972,-0.67,-5.64,30.1
6.1185612715780735,-0.67,-5.64,30.1
6.119982827454805,-0.67,-5.64,30.1
6.121534675359726,-0.67,-5.64,30.09
6.123010661453009,-0.67,-5.64,30.1
6.124440833926201,-0.67,-5.64,30.09
6.125947825610638,-0.67,-5.64,30.09
6.127343311905861,-0.67,-5.65,30.08
6.128927126526833,-0.67,-5.65,30.07
6.13039730489254,-0.67,-5.65,30.07
6.1318699568510056,-0.67,-5.65,30.06
6.133261486887932,-0.67,-5.65,30.06
6.134740594774485,-0.68,-5.65,30.06
6.137818079441786,-0.67,-5.65,30.07
6.140674374997616,-0.67,-5.65,30.07
6.143646139651537,-0.67,-5.65,30.06
6.146637916564941,-0.67,-5.65,30.06
6.149536535143852,-0.67,-5.65,30.07
6.15260748192668,-0.67,-5.65,30.07
6.155375994741917,-0.67,-5.65,30.07
6.158364225178957,-0.68,-5.65,30.07
6.161465968936682,-0.67,-5.65,30.07
6.164436716586351,-0.67,-5.65,30.07
6.167356111109257,-0.67,-5.65,30.07
6.170214410871267,-0.67,-5.65,30.07
6.1731408685445786,-0.67,-5.65,30.07
6.1762878112494946,-0.67,-5.65,30.07
6.179220583289862,-0.67,-5.65,30.07
6.182089567184448,-0.68,-5.65,30.07
6.18504561111331,-0.68,-5.65,30.07
6.188028059899807,-0.67,-5.65,30.07
6.19103330001235,-0.67,-5.65,30.07
6.194015979766846,-0.67,-5.65,30.07
6.1969063095748425,-0.67,-5.65,30.07
6.199959065765142,-0.67,-5.65,30.07
6.2027290016412735,-0.67,-5.65,30.07
6.20588056370616,-0.67,-5.65,30.07
6.208841256797314,-0.67,-5.65,30.07
6.211743708699942,-0.67,-5.65,30.07
6.214758552610874,-0.67,-5.65,30.07
6.217587109655142,-0.67,-5.65,30.07
6.220496121793985,-0.67,-5.65,30.07
6.223657034337521,-0.67,-5.65,30.07
6.226561468094587,-0.67,-5.65,30.07
6.2278645150363445,-0.67,-5.65,30.07
6.229465201497078,-0.67,-5.65,30.07
6.231024041771889,-0.67,-5.65,30.07
6.232382878661156,-0.67,-5.65,30.07
6.2340089455246925,-0.68,-5.65,30.07
6.236764375120401,-0.67,-5.65,30.07
6.239721283316612,-0.68,-5.65,30.07
6.242828391492367,-0.67,-5.65,30.07
6.24583850055933,-0.67,-5.65,30.07
6.248800542205572,-0.67,-5.65,30.07
6.250223394483328,-0.67,-5.65,30.07
6.251769628375769,-0.67,-5.65,30.07
6.2532374151051044,-0.67,-5.65,30.07
6.25473465397954,-0.67,-5.65,30.07
6.256185308098793,-0.67,-5.65,30.07
6.257655646651983,-0.67,-5.65,30.07
6.259154859930277,-0.67,-5.65,30.07
6.260653417557478,-0.67,-5.65,30.07
6.2621197886765,-0.67,-5.65,30.07
6.263610698282719,-0.67,-5.65,30.07
6.265044488012791,-0.67,-5.65,30.07
6.266541339457035,-0.67,-5.65,30.07
6.268032915890217,-0.67,-5.64,30.07
6.269533175975084,-0.67,-5.65,30.07
6.270815759897232,-0.67,-5.65,30.07
6.272481139749289,-0.67,-5.65,30.07
6.273969393223524,-0.67,-5.65,30.07
6.2753508277237415,-0.67,-5.65,30.07
6.276941299438477,-0.67,-5.65,30.07
6.278411917388439,-0.67,-5.64,30.07
6.279881779104471,-0.67,-5.64,30.07
6.2813192792236805,-0.67,-5.64,30.07
6.282814584672451,-0.67,-5.64,30.07
6.284324835985899,-0.67,-5.65,30.07
6.28576311096549,-0.68,-5.65,30.07
6.28728312253952,-0.67,-5.64,30.07
6.288756996393204,-0.67,-5.65,30.07
6.290252935141325,-0.67,-5.65,30.07
6.291650697588921,-0.67,-5.64,30.07
6.29312601312995,-0.67,-5.64,30.07
6.294606700539589,-0.67,-5.64,30.07
6.29614657536149,-0.67,-5.64,30.07
6.297559052705765,-0.67,-5.64,30.07
6.299124401062727,-0.67,-5.64,30.07
6.300607971847057,-0.67,-5.64,30.07
6.302076652646065,-0.67,-5.64,30.07
6.303403846919537,-0.67,-5.64,30.07
6.304930333048105,-0.67,-5.64,30.07
6.306531626731157,-0.67,-5.64,30.07
6.307965148240328,-0.67,-5.64,30.07
6.30935325846076,-0.67,-5.64,30.07
6.3109060153365135,-0.67,-5.64,30.07
6.312369029968977,-0.68,-5.64,30.07
6.3139300011098385,-0.67,-5.64,30.07
6.315366830676794,-0.67,-5.64,30.07
6.316817075014114,-0.67,-5.64,30.07
6.318376313894987,-0.67,-5.64,30.07
6.319692149758339,-0.68,-5.64,30.07
6.321322984993458,-0.67,-5.64,30.07
6.322820119559765,-0.67,-5.64,30.07
6.324098717421293,-0.67,-5.64,30.07
6.325768332928419,-0.67,-5.64,30.07
6.32724779099226,-0.67,-5.64,30.07
6.328732050955296,-0.67,-5.64,30.07
6.330183289945126,-0.67,-5.64,30.07
6.331667225807905,-0.67,-5.64,30.07
6.333162028342485,-0.67,-5.64,30.07
6.334663148969412,-0.67,-5.64,30.07
6.337757237255573,-0.67,-5.64,30.07
6.340572737157345,-0.67,-5.64,30.07
6.343520790338516,-0.67,-5.64,30.07
6.346487060189247,-0.67,-5.64,30.07
6.349344506859779,-0.67,-5.64,30.08
6.352424319833517,-0.67,-5.64,30.08
6.355279985815287,-0.67,-5.64,30.08
6.358237996697426,-0.67,-5.64,30.08
6.36127208173275,-0.67,-5.64,30.08
6.364149011671543,-0.67,-5.64,30.08
6.367208287119865,-0.67,-5.64,30.08
6.370116602629423,-0.67,-5.64,30.08
6.373093850910664,-0.67,-5.64,30.08
6.3760048151016235,-0.67,-5.64,30.07
6.379039190709591,-0.67,-5.64,30.07
6.381891954690218,-0.68,-5.64,30.07
6.384950894862413,-0.67,-5.64,30.07
6.38639597222209,-0.67,-5.64,30.07
6.387834433466196,-0.67,-5.64,30.08
6.389431174844503,-0.67,-5.64,30.08
6.390852190554142,-0.67,-5.64,30.08
6.392291583120823,-0.67,-5.64,30.08
6.3938266672194,-0.67,-5.64,30.07
6.395342253148556,-0.67,-5.64,30.08
6.3965806774795055,-0.67,-5.64,30.08
6.398300167173147,-0.67,-5.64,30.08
6.399756573140621,-0.67,-5.64,30.08
6.401137758046389,-0.67,-5.64,30.08
6.402605511248112,-0.67,-5.64,30.08
6.404115296900272,-0.67,-5.64,30.08
6.405614495277405,-0.67,-5.64,30.08
6.407183904200792,-0.67,-5.64,30.08
6.408653050661087,-0.67,-5.64,30.08
6.410140201449394,-0.67,-5.64,30.08
6.411619760096073,-0.67,-5.64,30.08
6.413077495992184,-0.67,-5.64,30.08
6.414586737751961,-0.67,-5.64,30.08
6.416055481880903,-0.67,-5.64,30.08
6.417536675930023,-0.67,-5.64,30.08
6.418962195515633,-0.66,-5.64,30.08
6.420292384922504,-0.67,-5.64,30.08
6.421977549791336,-0.67,-5.64,30.08
6.423357427120209,-0.67,-5.64,30.08
6.424949821084738,-0.67,-5.64,30.08
6.4263550117611885,-0.67,-5.64,30.08
6.42788926884532,-0.67,-5.64,30.08
6.42932065948844,-0.67,-5.64,30.08
6.430821198970079,-0.67,-5.64,30.08
6.432332597672939,-0.67,-5.64,30.09
6.433821689337492,-0.67,-5.63,30.09
6.436751138418913,-0.67,-5.63,30.1
6.4397485964000225,-0.67,-5.62,30.11
6.442668695002794,-0.67,-5.62,30.11
6.445433210581541,-0.67,-5.63,30.11
6.448414549231529,-0.67,-5.62,30.11
6.451519623398781,-0.67,-5.63,30.09
6.454501152038574,-0.67,-5.63,30.1
6.457300778478384,-0.67,-5.64,30.09
6.460342556238174,-0.67,-5.64,30.09
6.463248424232006,-0.67,-5.65,30.09
6.4662223495543,-0.67,-5.65,30.08
6.469326879829168,-0.67,-5.65,30.09
6.472297910600901,-0.68,-5.65,30.08
6.475264489650726,-0.67,-5.65,30.08
6.478213395923376,-0.67,-5.65,30.08
6.481183808296919,-0.68,-5.65,30.08
6.484139781445265,-0.67,-5.66,30.08
6.487103842198849,-0.67,-5.66,30.08
6.490072652697563,-0.67,-5.65,30.08
6.493024878203869,-0.67,-5.66,30.08
6.495991747826338,-0.67,-5.65,30.08
6.498943537473679,-0.67,-5.65,30.08
6.501880966126919,-0.67,-5.65,30.08
6.504850205034018,-0.67,-5.65,30.08
6.507723789662123,-0.67,-5.65,30.08
6.51077987998724,-0.67,-5.66,30.08
6.513678230345249,-0.67,-5.66,30.08
6.5167063139379025,-0.67,-5.66,30.08
6.519670210778713,-0.67,-5.66,30.08
6.52111005410552,-0.67,-5.66,30.08
6.522627338767052,-0.67,-5.66,30.08
6.524100065231323,-0.67,-5.66,30.08
6.52559557557106,-0.67,-5.66,30.08
6.527127329260111,-0.68,-5.66,30.08
6.52855421602726,-0.67,-5.65,30.08
6.5302069038152695,-0.67,-5.65,30.08
6.531504422426224,-0.67,-5.66,30.08
6.5329927280545235,-0.67,-5.66,30.08
6.535932689905167,-0.67,-5.66,30.08
6.5389119908213615,-0.67,-5.66,30.08
6.541874278336763,-0.67,-5.66,30.08
6.5432783626019955,-0.68,-5.65,30.08
6.544790521264076,-0.67,-5.66,30.08
6.54616941511631,-0.67,-5.66,30.08
6.5477195382118225,-0.67,-5.66,30.08
6.549234099686146,-0.67,-5.66,30.08
6.550751596689224,-0.67,-5.66,30.08
6.55218805372715,-0.67,-5.66,30.08
6.553626175969839,-0.67,-5.65,30.08
6.555126361548901,-0.67,-5.65,30.08
6.5566501095891,-0.67,-5.65,30.08
6.558056335896254,-0.67,-5.66,30.08
6.559624180197716,-0.67,-5.65,30.08
6.5610355623066425,-0.67,-5.65,30.08
6.562519978731871,-0.67,-5.65,30.08
6.564030434936285,-0.67,-5.65,30.08
6.565491713583469,-0.67,-5.65,30.08
6.56708338111639,-0.67,-5.65,30.08
6.5684465281665325,-0.67,-5.65,30.08
6.569987412542105,-0.67,-5.65,30.08
6.571259092539549,-0.67,-5.65,30.08
6.572890479117632,-0.67,-5.65,30.08
6.5744318552315235,-0.67,-5.65,30.08
6.575918421149254,-0.67,-5.65,30.08
6.577325034886599,-0.67,-5.65,30.08
6.578874133527279,-0.67,-5.65,30.08
6.580286875367165,-0.67,-5.65,30.08
6.581703692674637,-0.67,-5.65,30.08
6.583233840763569,-0.67,-5.65,30.08
6.584705356508493,-0.67,-5.65,30.08
6.5862103551626205,-0.67,-5.65,30.08
6.5877578146755695,-0.67,-5.65,30.08
6.589225597679615,-0.67,-5.65,30.08
6.590653225779533,-0.67,-5.65,30.08
6.5921923741698265,-0.67,-5.65,30.08
6.5936102494597435,-0.67,-5.65,30.08
6.595136448740959,-0.67,-5.65,30.08
6.59659630805254,-0.67,-5.65,30.08
6.598106198012829,-0.67,-5.65,30.08
6.5995466485619545,-0.67,-5.65,30.09
6.601066276431084,-0.67,-5.65,30.09
6.602500636130571,-0.67,-5.65,30.08
6.60401364043355,-0.67,-5.65,30.09
6.6055184826254845,-0.67,-5.65,30.08
6.606961905956268,-0.67,-5.65,30.08
6.608434394001961,-0.67,-5.65,30.08
6.609940566122532,-0.67,-5.65,30.08
6.611344758421183,-0.67,-5.65,30.08
6.61290891841054,-0.67,-5.65,30.09
6.614303033798933,-0.67,-5.65,30.09
6.615858837962151,-0.67,-5.65,30.08
6.617120910435915,-0.67,-5.65,30.08
6.618814505636692,-0.67,-5.65,30.08
6.620316620916128,-0.68,-5.64,30.09
6.621788285672665,-0.67,-5.64,30.09
6.62324183806777,-0.67,-5.65,30.08
6.624748073518276,-0.67,-5.65,30.09
6.626241844147444,-0.67,-5.65,30.09
6.627722073346376,-0.67,-5.65,30.08
6.629199881106615,-0.67,-5.65,30.09
6.630683604627848,-0.67,-5.65,30.09
6.632104378193617,-0.67,-5.65,30.08
6.63511461019516,-0.67,-5.65,30.09
6.637902934104204,-0.67,-5.65,30.08
6.64097511395812,-0.67,-5.65,30.08
6.64398580417037,-0.67,-5.65,30.08
6.646962970495224,-0.67,-5.64,30.08
6.6499340161681175,-0.67,-5.64,30.08
6.652834955602884,-0.66,-5.65,30.08
6.655801944434643,-0.67,-5.65,30.08
6.6587537080049515,-0.67,-5.64,30.08
6.661712862551212,-0.67,-5.64,30.08
6.664652530103922,-0.67,-5.64,30.08
6.667660254985094,-0.67,-5.64,30.08
6.670579105615616,-0.67,-5.64,30.09
6.6735266000032425,-0.67,-5.64,30.08
6.676564414054155,-0.67,-5.64,30.08
6.679522752761841,-0.67,-5.64,30.08
6.68249037116766,-0.67,-5.64,30.08
6.685435406863689,-0.67,-5.64,30.08
6.688376717269421,-0.67,-5.64,30.08
6.691364113241434,-0.67,-5.64,30.08
6.694277808070183,-0.67,-5.64,30.08
6.697181787341833,-0.67,-5.64,30.08
6.698709685355425,-0.67,-5.64,30.08
6.700232733041048,-0.67,-5.64,30.08
6.701716896146536,-0.67,-5.64,30.08
6.70320188999176,-0.67,-5.64,30.08
6.704653013497591,-0.67,-5.64,30.08
6.706149380654097,-0.67,-5.64,30.08
6.707631345838308,-0.67,-5.64,30.08
6.708967357873917,-0.67,-5.64,30.08
6.710605766624212,-0.67,-5.64,30.08
6.71200443059206,-0.67,-5.64,30.08
6.713527336716652,-0.67,-5.64,30.08
6.714918453246355,-0.67,-5.64,30.08
6.716527637094259,-0.67,-5.64,30.08
6.717988334596157,-0.67,-5.64,30.08
6.719481613487005,-0.67,-5.64,30.08
6.720899153500795,-0.67,-5.64,30.08
6.7224525436758995,-0.67,-5.64,30.08
6.723934341222048,-0.67,-5.64,30.08
6.725337531417608,-0.67,-5.64,30.08
6.7267517149448395,-0.67,-5.64,30.08
6.728365354239941,-0.67,-5.64,30.08
6.729840263724327,-0.67,-5.64,30.08
6.731321062892675,-0.67,-5.64,30.08
6.734160203486681,-0.67,-5.64,30.08
6.73720421269536,-0.67,-5.64,30.09
6.740196108818054,-0.67,-5.63,30.08
6.743174031376839,-0.67,-5.63,30.09
6.746108654886484,-0.67,-5.63,30.09
6.749102175235748,-0.67,-5.63,30.09
6.752062346786261,-0.67,-5.63,30.09
6.7550134509801865,-0.67,-5.63,30.09
6.757980730384588,-0.67,-5.63,30.08
6.760823842138052,-0.67,-5.63,30.11
6.763754237443209,-0.67,-5.64,30.08
6.766837310045958,-0.67,-5.63,30.08
6.769678145647049,-0.67,-5.64,30.08
6.77263904735446,-0.67,-5.64,30.08
6.77555500715971,-0.67,-5.64,30.08
6.778486389666796,-0.66,-5.64,30.07
6.781637895852327,-0.67,-5.63,30.08
6.784459479153156,-0.67,-5.63,30.09
6.78742964938283,-0.67,-5.63,30.09
6.790527366101742,-0.67,-5.63,30.09
6.792012594640255,-0.67,-5.62,30.09
6.7934767454862595,-0.67,-5.63,30.09
6.794756352901459,-0.67,-5.63,30.09
6.796460755169392,-0.67,-5.62,30.09
6.79790522903204,-0.67,-5.62,30.09
6.799402620643377,-0.67,-5.62,30.09
6.800802368670702,-0.67,-5.62,30.09
6.802370876073837,-0.67,-5.62,30.09
6.803812604397535,-0.67,-5.62,30.09
6.805283572524786,-0.67,-5.62,30.11
6.806696143001318,-0.66,-5.61,30.11
6.808286212384701,-0.66,-5.61,30.08
6.809712577611208,-0.68,-5.61,30.09
6.811213094741106,-0.67,-5.61,30.1
6.812688417732716,-0.67,-5.61,30.1
6.814134381711483,-0.67,-5.61,30.1
6.815692216157913,-0.67,-5.61,30.11
6.817095562815666,-0.67,-5.61,30.11
6.818617206066847,-0.67,-5.6,30.1
6.8200633227825165,-0.67,-5.61,30.11
6.821563925594091,-0.67,-5.61,30.11
6.823006227612495,-0.67,-5.6,30.1
6.824572868645191,-0.67,-5.61,30.11
6.825915493071079,-0.67,-5.61,30.1
6.827539313584566,-0.67,-5.61,30.11
6.828849863260984,-0.67,-5.6,30.1
6.830481115728617,-0.67,-5.6,30.1
6.831985332071781,-0.67,-221.03,30.1
6.834747042506933,-0.67,-5.6,30.1
6.837890792638063,-0.67,-5.61,30.1
6.840768452733755,-0.67,-5.61,30.1
6.843818694353104,-0.67,-5.61,30.11
6.846770361065865,-0.67,-5.61,30.1
6.849653128534555,-0.67,-5.61,30.1
6.852684907615185,-0.67,-5.6,30.1
6.855565242469311,-0.67,-5.61,30.1
6.857071101665497,-0.67,-5.61,30.1
6.858608305454254,-0.67,-5.6,30.1
6.859903182834387,-0.67,-5.6,30.11
6.861497066915035,-0.67,-5.6,30.1
6.863040212541819,-0.67,-5.6,30.1
6.864545773714781,-0.67,-5.6,30.1
6.865989666432142,-0.67,-5.61,30.1
6.867493383586407,-0.67,-5.61,30.1
6.868859868496656,-0.67,-5.61,30.1
6.870450921356678,-0.67,-5.61,30.1
6.871926613152027,-0.67,-5.61,30.1
6.873366247862577,-0.67,-5.61,30.1
6.874887228012085,-0.67,-5.61,30.1
6.876386385411024,-0.67,-5.6,30.1
6.8777526170015335,-0.67,-5.61,30.1
6.879244517534971,-0.67,-5.61,30.1
6.880807537585497,-0.67,-5.61,30.1
6.882306057959795,-0.67,-5.6,30.1
6.883666910231113,-0.67,-5.61,30.1
6.885133627802134,-0.67,-5.61,30.1
6.886745970696211,-0.67,-5.61,30.1
6.888118490576744,-0.67,-5.61,30.1
6.889564570039511,-0.67,-5.61,30.1
6.891074933111668,-0.66,-5.61,30.1
6.89266724139452,-0.67,-5.61,30.1
6.894013401120901,-0.67,-5.61,30.1
6.895588934421539,-0.67,-5.61,30.1
6.8969389498233795,-0.67,-5.61,30.1
6.898473579436541,-0.67,-5.61,30.1
6.900051966309547,-0.67,-5.61,30.1
6.901458211243153,-0.67,-5.61,30.1
6.902885299175978,-0.68,-5.61,30.1
6.904380518943071,-0.67,-5.61,30.1
6.905901003628969,-0.67,-5.61,30.1
6.907344996929169,-0.67,-5.61,30.1
6.908925589174032,-0.67,-5.61,30.1
6.910369396209717,-0.67,-5.61,30.1
6.911876522004604,-0.67,-5.61,30.1
6.9133791998028755,-0.67,-5.61,30.1
6.914666306227446,-0.67,-5.61,30.1
6.916229382157326,-0.67,-5.61,30.1
6.917784322053194,-0.67,-5.61,30.1
6.919282548129559,-0.67,-5.61,30.1
6.92078385874629,-0.67,-5.61,30.1
6.922122363001108,-0.67,-5.61,30.1
6.923736114054918,-0.67,-5.61,30.1
6.92510636523366,-0.67,-5.61,30.1
6.92661153152585,-0.67,-5.61,30.1
6.928084272891283,-0.66,-5.61,30.1
6.929523315280676,-0.67,-5.61,30.1
6.932580579072237,-0.67,-5.61,30.1
6.935576390475035,-0.67,-5.61,30.1
6.938327062875032,-0.67,-5.6,30.1
6.941494297236204,-0.68,-5.6,30.1
6.944422267377377,-0.67,-5.6,30.1
6.947346732020378,-0.67,-5.6,30.1
6.950326018035412,-0.67,-5.6,30.1
6.9533299915492535,-0.67,-5.6,30.1
6.9562928304076195,-0.67,-5.6,30.1
6.959257233887911,-0.67,-5.6,30.1
6.9620383232831955,-0.67,-5.6,30.1
6.965155649930239,-0.67,-5.6,30.1
6.968124520033598,-0.67,-5.6,30.1
6.970960408449173,-0.67,-5.6,30.1
6.974051512777805,-0.67,-5.6,30.1
6.976787976920605,-0.67,-5.6,30.1
6.979889173060656,-0.67,-5.6,30.1
6.982940796762705,-0.66,-5.6,30.1
6.985772781074047,-0.67,-5.6,30.1
6.988760892301798,-0.67,-5.6,30.1
6.991837307810783,-0.67,-5.6,30.1
6.994770113378763,-0.67,-5.6,30.1
6.997746802866459,-0.67,-5.6,30.1
7.000531576573849,-0.67,-5.6,30.1
7.003671836107969,-0.67,-5.6,30.1
7.006508529186249,-0.67,-5.6,30.1
7.009377416223288,-0.67,-5.6,30.1
7.012549974024296,-0.67,-5.6,30.1
7.014016706496477,-0.67,-5.6,30.1
7.015498258173466,-0.67,-5.6,30.1
7.016969572752714,-0.67,-5.6,30.1
7.018396984785795,-0.67,-5.6,30.1
7.019690990447998,-0.67,-5.6,30.1
7.021377816796303,-0.67,-5.6,30.1
7.022899035364389,-0.68,-5.6,30.1
7.024356089532375,-0.67,-5.6,30.1
7.02585956454277,-0.67,-5.6,30.1
7.027338493615389,-0.67,-5.6,30.1
7.030219804495573,-0.66,-5.6,30.1
7.03315594792366,-0.67,-5.6,30.1
7.036216750741005,-0.67,-5.6,30.1
7.039181891828775,-0.67,-5.6,30.1
7.042042814195156,-0.67,-5.6,30.1
7.045099150389433,-0.67,-5.6,30.1
7.047943584620953,-0.67,-5.6,30.1
7.050946373492479,-0.66,-5.6,30.1
7.053982678800821,-0.67,-5.6,30.1
7.056936055421829,-0.67,-5.6,30.1
7.058427929878235,-0.67,-5.6,30.1
7.059902772307396,-0.67,-5.6,30.1
7.061264470219612,-0.67,-5.6,30.1
7.062850795686245,-0.67,-5.6,30.1
7.064208798110485,-0.67,-5.6,30.1
7.065703134983778,-0.67,-5.6,30.1
7.067289102822542,-0.67,-5.6,30.1
7.068692862987518,-0.67,-5.6,30.1
7.070254862308502,-0.67,-5.6,30.1
7.071750141680241,-0.67,-5.6,30.1
7.073224302381277,-0.67,-5.6,30.1
7.074526458978653,-0.67,-5.6,30.1
7.076173558831215,-0.67,-5.6,30.1
7.077651631087065,-0.67,-5.6,30.1
7.078992072492838,-0.67,-5.6,30.1
7.080600049346685,-0.67,-5.6,30.1
7.082118432968855,-0.67,-5.6,30.1
7.083574891090393,-0.67,-5.6,30.1
7.084924697875977,-0.67,-5.6,30.1
7.086508929729462,-0.67,-5.6,30.1
7.087868884205818,-0.67,-5.6,30.1
7.08949838206172,-0.67,-5.6,30.1
7.090977258980274,-0.67,-5.6,30.1
7.092423614114523,-0.67,-5.6,30.1
7.093828275799751,-0.67,-5.6,30.1
7.0954245291650295,-0.67,-5.6,30.1
7.0968934670090675,-0.66,-5.6,30.1
7.098378296941519,-0.66,-5.6,30.1
7.099844694137573,-0.66,-5.6,30.1
7.101358123123646,-0.67,-5.6,30.1
7.10281241312623,-0.67,-5.6,30.1
7.104269847273827,-0.67,-5.6,30.1
7.105685286223888,-0.67,-5.6,30.1
7.107158910483122,-0.67,-5.6,30.1
7.1087325513362885,-0.67,-5.6,30.1
7.110118113458157,-0.66,-5.6,30.1
7.111696984618902,-0.67,-5.59,30.1
7.113076392561197,-0.67,-5.59,30.1
7.11456410959363,-0.67,-5.6,30.1
7.116067182272673,-0.67,-5.6,30.1
7.117610305547714,-0.67,-5.6,30.1
7.119099274277687,-0.67,-5.6,30.1
7.120453294366598,-0.67,-5.6,30.1
7.122021216899157,-0.67,-5.6,30.1
7.123499281704426,-0.67,-5.6,30.1
7.125030092895031,-0.67,-5.6,30.1
7.126437205821276,-0.67,-5.59,30.1
7.12946280837059,-0.66,-5.59,30.1
7.132209308445454,-0.67,-5.6,30.1
7.1353684440255165,-0.67,-5.6,30.1
7.138346426188946,-0.66,-5.6,30.1
7.141279269009829,-0.66,-5.59,30.1
7.14405120536685,-0.67,-5.6,30.1
7.1472199857234955,-0.66,-5.6,30.1
7.15018892288208,-0.67,-5.6,30.1
7.152942445129156,-0.67,-5.6,30.1
7.156093407422304,-0.67,-5.6,30.1
7.158836726099253,-0.67,-5.6,30.1
7.161837182939053,-0.67,-5.6,30.1
7.1649337485432625,-0.67,-5.59,30.1
7.167900636792183,-0.67,-5.59,30.1
7.169425558298826,-0.67,-5.6,30.1
7.170923173427582,-0.67,-5.6,30.1
7.172316648066044,-0.67,-5.6,30.1
7.173734329640865,-0.67,-5.6,30.1
7.175334859639406,-0.67,-5.59,30.1
7.176799416542053,-0.67,-5.59,30.1
7.17830615490675,-0.67,-5.59,30.1
7.179790116846561,-0.67,-5.59,30.1
7.181281436234713,-0.67,-5.6,30.1
7.182699576020241,-0.67,-5.6,30.1
7.184242255985737,-0.66,-5.59,30.1
7.18552964553237,-0.66,-5.6,30.1
7.18717298656702,-0.66,-5.6,30.1
7.188679147511721,-0.67,-5.6,30.1
7.190145026892424,-0.67,-5.59,30.1
7.1916075758636,-0.67,-5.59,30.1
7.193057235330343,-0.67,-5.59,30.1
7.194397762417793,-0.67,-5.6,30.1
7.1960658095777035,-0.67,-5.6,30.1
7.197545316070318,-0.67,-5.6,30.1
7.198904324322939,-0.67,-5.59,30.1
7.20039664581418,-0.67,-5.59,30.1
7.201978106051683,-0.66,-5.59,30.1
7.2034614235162735,-0.67,-5.6,30.1
7.204760450869799,-0.67,-5.6,30.1
7.2064140401780605,-0.67,-5.59,30.1
7.207903321832418,-0.67,-5.6,30.1
7.209373909980059,-0.66,-5.6,30.1
7.21087097376585,-0.67,-5.6,30.1
7.212357994168997,-0.66,-5.6,30.1
7.213741831481457,-0.67,-5.59,30.1
7.215263541787863,-0.67,-5.59,30.1
7.216640993952751,-0.67,-5.59,30.1
7.218271091580391,-0.67,-5.59,30.1
7.2197471633553505,-0.67,-5.6,30.1
7.221197575330734,-0.67,-5.6,30.1
7.222697209566832,-0.67,-5.6,30.1
7.224160805344582,-0.67,-5.6,30.1
7.227015011012554,-0.66,-5.59,30.1
7.229985773563385,-0.67,-5.59,30.1
7.232994511723518,-0.66,-5.59,30.1
7.235897462815046,-0.67,-5.59,30.1
7.238986771553755,-0.67,-5.6,30.1
7.241920746862888,-0.67,-5.6,30.1
7.244827687740326,-0.66,-5.59,30.1
7.247841842472553,-0.66,-5.59,30.1
7.250777840614319,-0.67,-5.59,30.1
7.253563761711121,-0.67,-5.6,30.1
7.256550818681717,-0.67,-5.59,30.1
7.25961160287261,-0.66,-5.6,30.1
7.262546788901091,-0.66,-5.59,30.1
7.265621319413185,-0.66,-5.59,30.1
7.268571298569441,-0.66,-5.59,30.1
7.271527100354433,-0.66,-5.59,30.1
7.274507608264685,-0.67,-5.59,30.1
7.277310084551573,-0.67,-5.59,30.11
7.280311446636915,-0.67,-5.59,30.1
7.283354640007019,-0.67,-5.59,30.1
7.286306578665972,-0.67,-5.59,30.1
7.289308238774538,-0.67,-5.59,30.1
7.292257204651833,-0.67,-5.59,30.1
7.295192748308182,-0.67,-5.59,30.11
7.298192113637924,-0.66,-5.59,30.11
7.301123321056366,-0.67,-5.59,30.11
7.303870782256126,-0.67,-5.59,30.1
7.307064186781645,-0.67,-5.59,30.1
7.309970688074827,-0.67,-5.59,30.1
7.312808625400066,-0.67,-5.59,30.1
7.315840315073729,-0.67,-5.59,30.1
7.318887397646904,-0.67,-5.59,30.1
7.321866571903229,-0.67,-5.59,30.1
7.323228754103184,-631.31,-5.59,30.1
7.32482972368598,-0.67,-5.59,30.1
7.326266158372164,-0.67,-5.59,30.1
7.327662169933319,-0.67,-5.59,30.1
7.329181481152773,-0.67,-5.59,30.1
7.330674014985561,-0.66,-5.59,30.1
7.332191649824381,-0.67,-5.59,30.1
7.333685420453548,-0.67,-5.59,30.1
7.335144128650427,-0.66,-5.59,30.1
7.336660858243704,-0.67,-5.59,30.1
7.338025242090225,-0.67,-5.59,30.1
7.3395680375397205,-0.67,-5.59,30.1
7.34107431024313,-0.66,-5.59,30.1
7.342585057020187,-0.66,-5.59,30.1
7.344053894281387,-0.66,-5.59,30.1
7.345554675906897,-0.66,-5.59,30.1
7.347029689699411,-0.66,-5.59,30.1
7.348505347967148,-0.67,-5.58,30.11
7.34999855235219,-0.67,-5.58,30.11
7.351404469460249,-0.67,-5.58,30.1
7.352933011949062,-0.67,-5.58,30.1
7.354398373514414,-0.66,-5.58,30.1
7.355911120772362,-0.66,-5.58,30.11
7.357366397976875,-0.67,-5.59,30.1
7.358851939439774,-0.67,-5.58,30.1
7.360340446233749,-0.67,-5.58,30.1
7.361830294132233,-0.67,-5.58,30.1
7.363313373178244,-0.67,-5.58,30.1
7.36478927731514,-0.67,-5.58,30.1
7.366215344518423,-0.67,-5.58,30.1
7.367533382028341,-0.66,-5.58,30.1
7.369185756891966,-0.67,-5.58,30.1
7.370679464191198,-0.67,-5.58,30.1
7.372196938842535,-0.66,-5.58,30.1
7.373663369566202,-0.66,-5.58,30.1
7.375164203345776,-0.67,-5.58,30.1
7.376647289842367,-0.67,-5.58,30.1
7.378077257424593,-0.66,-5.58,30.1
7.379592541605234,-0.66,-5.58,30.1
7.381071571260691,-0.66,-5.58,30.1
7.382549103349447,-0.66,-5.58,30.1
7.384033776819706,-0.66,-5.58,30.1
7.385409872978926,-0.66,-5.58,30.1
7.3867858573794365,-0.67,-5.58,30.1
7.388434566557407,-0.67,-5.58,30.1
7.389938373118639,-0.67,-5.58,30.1
7.39143905043602,-0.67,-5.58,30.1
7.392866920679808,-0.67,-5.58,30.1
7.394389756023884,-0.67,-5.58,30.1
7.395864337682724,-0.67,-5.58,30.1
7.3973421305418015,-0.66,-5.58,30.1
7.398758661001921,-0.67,-5.58,30.1
7.400276727974415,-0.66,-5.58,30.1
7.401790332049131,-0.66,-5.58,30.1
7.4032657369971275,-0.67,-5.58,30.1
7.404667790979147,-0.67,-5.58,30.1
7.406235471367836,-0.66,-5.58,30.1
7.407707743346691,-0.66,-5.58,30.1
7.409114800393581,-0.67,-5.58,30.1
7.410518627613783,-0.67,-5.58,30.1
7.411971095949411,-0.67,-5.58,30.1
7.4136361964046955,-0.67,-5.58,30.1
7.415102005004883,-0.67,-5.58,30.1
7.416592493653297,-0.67,-5.58,30.1
7.418081481009722,-0.66,-5.58,30.1
7.419472709298134,-0.66,-5.58,30.1
7.421024858951569,-0.67,-5.58,30.1
7.422456011176109,-0.67,-5.58,30.1
7.425443783402443,-0.66,-5.58,30.1
7.428408749401569,-0.66,-5.58,30.1
7.431287128478289,-0.66,-5.58,30.1
7.434254616498947,-0.67,-5.58,30.1
7.437310039997101,-0.67,-5.58,30.1
7.44024133682251,-0.66,-5.58,30.1
7.4431781359016895,-0.66,-5.58,30.1
7.446094915270805,-0.67,-5.58,30.1
7.449043672531843,-0.67,-5.58,30.1
7.45199453830719,-0.67,-5.58,30.1
7.4550351314246655,-0.66,-5.58,30.1
7.45802104845643,-0.67,-5.58,30.1
7.4610111974179745,-0.67,-5.58,30.1
7.4639400616288185,-0.67,-5.58,30.1
7.466874849051237,-0.67,-5.58,30.1
7.469868533313274,-0.67,-5.58,30.1
7.472814038395882,-0.67,-5.58,30.1
7.4757010489702225,-0.67,-5.58,30.1
7.478751331567764,-0.66,-5.58,30.1
7.4817061349749565,-0.67,-5.58,30.1
7.483200758695602,-0.67,-5.58,30.1
7.4845882803201675,-0.67,-5.58,30.1
7.486032173037529,-0.67,-5.58,30.1
7.487552858889103,-0.67,-5.58,30.1
7.488963503390551,-0.67,-5.58,30.1
7.490514304488897,-0.66,-5.58,30.1
7.492005962878466,-0.66,-5.58,30.1
7.493559401482344,-0.67,-5.58,30.1
7.494930483400822,-0.67,-5.58,30.1
7.496432017534971,-0.66,-5.58,30.1
7.497890345752239,-0.67,-5.58,30.1
7.499485932290554,-0.67,-5.58,30.1
7.500915482640266,-0.67,-5.58,30.1
7.5023303516209126,-0.66,-5.58,30.1
7.503890503197908,-0.66,-5.58,30.1
7.505324807018042,-0.66,-5.58,30.1
7.506836302578449,-0.67,-5.58,30.1
7.508344806730747,-0.67,-5.58,30.1
7.509825829416513,-0.67,-5.58,30.1
7.511260520666838,-0.67,-5.58,30.1
7.512674983590841,-0.66,-5.58,30.1
7.514155052602291,-0.66,-5.58,30.1
7.515763033181429,-0.66,-5.58,30.1
7.517203442752361,-0.67,-5.58,30.1
7.518640574067831,-0.67,-5.58,30.1
7.520165964961052,-0.66,-5.58,30.1
7.522179864346981,-0.66,-5.58,30.1
7.524641025811434,-0.67,-5.58,30.1
7.527395036071539,-0.67,-5.58,30.1
7.5305591225624084,-0.67,-5.58,30.1
7.533413905650377,-0.67,-5.59,30.1
7.53647094219923,-0.67,-5.59,30.09
7.539243742823601,-0.67,-5.58,30.09
7.542330928146839,-0.67,-5.59,30.1
7.545243460685015,-0.67,-5.59,30.09
7.5482875518500805,-0.67,-5.58,30.09
7.551293306052685,-0.67,-5.58,30.09
7.554057985544205,-0.67,-5.58,30.1
7.557164117693901,-0.66,-5.59,30.08
7.559970986098051,-0.67,-5.59,30.08
7.5630990862846375,-0.67,-5.59,30.07
7.566069383174181,-0.66,-5.59,30.08
7.569014187902212,-0.67,-5.58,30.1
7.571902588009834,-0.67,-5.58,30.1
7.574897337704897,-0.67,-5.58,30.1
7.5778692327439785,-0.67,-5.58,30.1
7.580870885401964,-0.67,-5.58,30.1
7.583745643496513,-0.67,-5.58,30.1
7.586799837648869,-0.67,-5.58,30.1
7.589716546237469,-0.67,-5.58,30.09
7.591170236468315,-0.67,-5.58,30.09
7.592728428542614,-0.67,-5.58,30.09
7.5941701754927635,-0.67,-5.58,30.09
7.595672804862261,-0.67,-5.58,30.09
7.597115397453308,-0.67,-5.58,30.09
7.598654564470053,-0.66,-5.58,30.09
7.600133899599314,-0.66,-5.58,30.09
7.601607747375965,-0.66,-5.58,30.09
7.602976351976395,-0.66,-5.58,30.09
7.604521952569485,-0.66,-5.58,30.08
7.606024336069822,-0.66,-5.58,30.09
7.60748516023159,-0.66,-5.58,30.09
7.608967091888189,-0.67,-5.58,30.09
7.610479421913624,-0.67,-5.58,30.09
7.611964158713818,-0.67,-5.58,30.09
7.613436639308929,-0.67,-5.58,30.08
7.614854961633682,-0.67,-5.58,30.08
7.616331409662962,-0.67,-5.58,30.08
7.6178756058216095,-0.67,-5.58,30.08
7.6193588078022,-0.67,-5.58,30.08
7.620799262076616,-0.67,-5.58,30.08
7.623807467520237,-0.67,-5.58,30.08
7.626750890165567,-0.67,-5.58,30.08
7.629698168486357,-0.67,-5.58,30.1
7.6326505318284035,-0.66,-5.58,30.09
7.635644130408764,-0.67,-5.58,30.1
7.638599678874016,-0.67,-5.57,30.1
7.6400809325277805,-0.67,-5.58,30.09
7.641541484743357,-0.67,-5.58,30.08
7.643052559345961,-0.67,-5.58,30.08
7.644507795572281,-0.67,-5.59,30.08
7.6459723971784115,-0.67,-5.59,30.07
7.647447574883699,-0.67,-5.59,30.07
7.648956339806318,-0.67,-5.59,30.07
7.650447353720665,-0.67,-5.59,30.07
7.65191201120615,-0.67,-5.59,30.07
7.65342229232192,-0.66,-5.59,30.07
7.654867071658373,-0.66,-5.59,30.07
7.656366769224405,-0.67,-5.59,30.07
7.657833032310009,-0.67,-5.59,30.07
7.6593317203223705,-0.67,-5.59,30.07
7.660807095468044,-0.66,-5.58,30.08
7.662243250757456,-0.66,-5.58,30.08
7.663769781589508,-0.66,-5.58,30.08
7.665233336389065,-0.67,-5.58,30.08
7.6667283326387405,-0.67,-5.58,30.08
7.668204985558987,-0.67,-5.58,30.08
7.669657405465841,-0.67,-5.58,30.08
7.671168278902769,-0.67,-5.59,30.08
7.672647956758738,-0.67,-5.59,30.08
7.674060050398111,-0.67,-5.59,30.08
7.675588361918926,-0.67,-5.59,30.07
7.6770739778876305,-0.66,-5.59,30.07
7.678567856550217,-0.66,-5.58,30.08
7.679958388209343,-0.67,-5.58,30.08
7.681508742272854,-0.67,-5.58,30.07
7.682995907962322,-0.67,-5.58,30.08
7.684481501579285,-0.67,-5.58,30.08
7.685967393219471,-0.66,-5.58,30.08
7.687454003840685,-0.66,-5.58,30.08
7.688924055546522,-0.67,-5.58,30.08
7.6904008984565735,-0.67,-5.58,30.09
7.691892746835947,-0.66,-5.58,30.09
7.6933683678507805,-0.66,-5.58,30.09
7.694846648722887,-0.67,-5.58,30.09
7.69632850214839,-0.67,-5.58,30.1
7.697813622653484,-0.66,-5.58,30.1
7.6992489621043205,-0.66,-5.58,30.09
7.70072840154171,-0.67,-5.58,30.09
7.702217999845743,-0.67,-5.58,30.09
7.703654404729605,-0.67,-5.58,30.09
7.705178387463093,-0.66,-5.58,30.09
7.706665892153978,-0.67,-5.58,30.09
7.708139859139919,-0.67,-5.58,30.09
7.70965176448226,-0.67,-5.58,30.09
7.711133059114218,-0.67,-5.58,30.09
7.712594710290432,-0.67,-5.58,30.09
7.7140921503305435,-0.67,-5.58,30.09
7.715554066002369,-0.67,-5.58,30.09
7.717299576848745,-0.67,-5.58,30.09
7.718471430242062,-0.67,-5.58,30.09
7.721474479883909,-0.67,-5.58,30.09
7.724408645182848,-0.66,-5.58,30.09
7.727406695485115,-0.67,-5.58,30.09
7.730251628905535,-0.67,-5.58,30.09
7.733314357697964,-0.67,-5.58,30.09
7.736293584108353,-0.67,-5.58,30.09
7.739249527454376,-0.67,-5.58,30.09
7.742210105061531,-0.67,-5.58,30.09
7.745149429887533,-0.67,-5.58,30.09
7.748102683573961,-0.67,-5.58,30.09
7.75104209035635,-0.67,-5.58,30.09
7.7540066838264465,-0.66,-5.58,30.1
7.756958823651075,-0.67,-5.57,30.1
7.759947944432497,-0.67,-5.57,30.09
7.762930352240801,-0.67,-5.58,30.08
7.765868164598942,-0.67,-5.59,30.07
7.768763087689877,-0.66,-5.58,30.08
7.771812900900841,-0.67,-5.58,30.07
7.774762377142906,-0.67,-5.58,30.07
7.777627721428871,-0.67,-5.59,30.07
7.780658904463053,-0.67,-5.59,30.08
7.783594366163015,-0.67,-5.58,30.08
7.786559320986271,-0.67,-5.58,30.09
7.789537888020277,-0.67,-5.58,30.09
7.7924900352954865,-0.67,-5.58,30.09
7.79541539400816,-0.67,-5.58,30.09
7.796968322247267,-0.67,-5.58,30.09
7.79843021184206,-0.67,-5.58,30.09
7.799710124731064,-0.67,-5.58,30.09
7.801408346742392,-0.67,-5.58,30.09
7.802818015217781,-0.67,-5.58,30.09
7.804370302706957,-0.67,-5.58,30.09
7.805831428617239,-0.66,-5.58,30.09
7.807266369462013,-0.66,-5.58,30.09
7.808767884969711,-0.67,-5.58,30.09
7.810276586562395,-0.67,-5.58,30.09
7.811745088547468,-0.67,-5.58,30.09
7.813242483884096,-0.67,-5.58,30.09
7.814710907638073,-0.67,-5.58,30.09
7.816214766353369,-0.66,-5.58,30.09
7.817663036286831,-0.67,-5.58,30.09
7.820587433874607,-0.67,-5.58,30.08
7.823618154972792,-0.66,-5.58,30.09
7.826565749943256,-0.67,-5.58,30.08
7.829511374235153,-0.67,-5.58,30.09
7.832479972392321,-0.67,-5.58,30.08
7.835359577089548,-0.66,-5.58,30.08
7.838409971445799,-0.67,-5.58,30.07
7.841358128935099,-0.67,-5.58,30.07
7.8442879393696785,-0.67,-5.58,30.07
7.8472153171896935,-0.67,-5.58,30.07
7.850240778177977,-0.67,-5.59,30.06
7.8531531020998955,-0.66,-5.58,30.06
7.856093250215054,-0.67,-5.59,30.06
7.859173871576786,-0.67,-5.58,30.07
7.8606049083173275,-0.67,-5.58,30.06
7.8619903437793255,-0.67,-5.58,30.07
7.8635589480400085,-0.67,-5.58,30.06
7.864888500422239,-0.66,-5.58,30.06
7.8664093390107155,-0.66,-5.58,30.06
7.867965176701546,-0.67,-5.58,30.06
7.869481157511473,-0.67,-5.58,30.06
7.870970368385315,-0.67,-5.58,30.06
7.872389759868383,-0.67,-5.59,30.07
7.873938009142876,-0.67,-5.58,30.07
7.87535835057497,-0.67,-5.58,30.07
7.876825273036957,-0.67,-5.58,30.07
7.8782667107880116,-0.67,-5.58,30.07
7.879943802952766,-0.67,-5.58,30.07
7.8813339695334435,-0.67,-5.58,30.07
7.882756881415844,-0.67,-5.58,30.06
7.884296778589487,-0.67,-5.58,30.07
7.885780863463879,-0.67,-5.58,30.07
7.887243557721376,-0.67,-5.58,30.07
7.8887238167226315,-0.67,-5.58,30.07
7.8902169689536095,-0.67,-5.58,30.07
7.891660109162331,-0.67,-5.58,30.07
7.893043119460344,-0.66,-5.58,30.07
7.894656963646412,-0.66,-5.58,30.07
7.896100584417582,-0.67,-5.58,30.07
7.897554889321327,-0.66,-5.58,30.07
7.89908841997385,-0.67,-5.58,30.07
7.900492511689663,-0.67,-5.58,30.07
7.902044132351875,-0.67,-5.58,30.07
7.903477806597948,-0.67,-5.58,30.07
7.905005160719156,-0.67,-5.58,30.07
7.9064077995717525,-0.67,-5.58,30.07
7.907946348190308,-0.67,-5.58,30.07
7.9093601778149605,-0.66,-5.58,30.07
7.910913221538067,-0.67,-5.58,30.07
7.912393655627966,-0.67,-5.58,30.07
7.913801241666079,-0.66,-5.58,30.07
7.915267899632454,-0.66,-5.58,30.07
7.916816584765911,-0.67,-5.58,30.07
7.9198122918605804,-0.66,-5.58,30.07
7.92277392372489,-0.67,-5.58,30.07
7.925719916820526,-0.66,-5.58,30.07
7.928671911358833,-0.67,-5.58,30.07
7.9315206073224545,-0.67,-5.58,30.07
7.934568464756012,-0.67,-5.58,30.07
7.937537033110857,-0.66,-5.58,30.07
7.940445486456156,-0.66,-5.58,30.07
7.943424932658672,-0.66,-5.58,30.07
7.946442309767008,-0.66,-5.58,30.07
7.949368517845869,-0.66,-5.57,30.07
7.95235625654459,-0.66,-5.58,30.06
7.953807156533003,-0.66,-5.58,30.07
7.955272041261196,-0.66,-5.58,30.07
7.956804521381855,-0.67,-5.57,30.06
7.958048291504383,-0.67,-5.58,30.06
7.959751136600971,-0.67,-5.58,30.07
7.961000517010689,-0.67,-5.58,30.07
7.962846532464027,-0.66,-5.58,30.07
7.964207664132118,-0.66,-5.58,30.07
7.965634886175394,-0.66,-5.57,30.07
7.967146843671799,-0.66,-5.58,30.07
7.968587376177311,-0.67,-5.58,30.06
7.970068145543337,-0.67,-5.58,30.06
7.971605338156223,-0.67,-5.58,30.07
7.972913268953562,-0.67,-5.58,30.06
7.974526409059763,-0.67,-5.58,30.06
7.976049471646547,-0.67,-5.58,30.06
7.977332513779402,-0.67,-5.58,30.05
7.979017436504364,-0.66,-5.58,30.06
7.9804883897304535,-0.66,-5.58,30.06
7.981928080320358,-0.66,-5.58,30.06
7.983457587659359,-0.66,-5.58,30.06
7.984947022050619,-0.66,-5.58,30.06
7.986324295401573,-0.66,-5.58,30.05
7.987863462418318,-0.67,-5.58,30.05
7.989385522902012,-0.66,-5.58,30.05
7.990805581212044,-0.66,-5.58,30.06
7.992222778499126,-0.67,-5.58,30.06
7.993793100118637,-0.67,-5.58,30.06
7.995217569172382,-0.67,-5.58,30.06
7.996892411261797,-0.67,-5.58,30.06
7.998223964124918,-0.67,-5.58,30.06
7.999633397907019,-0.67,-5.58,30.06
8.001182328909636,-0.67,-5.58,30.06
8.00268442928791,-0.67,-5.58,30.06
8.004073847085238,-0.67,-5.58,30.06
8.005666226148605,-0.67,-5.58,30.06
8.007104307413101,-0.67,-5.58,30.06
8.008609000593424,-0.67,-5.58,30.06
8.01008790358901,-0.66,-5.58,30.06
8.011563118547201,-0.67,-5.58,30.06
8.013054616749287,-0.67,-5.58,30.06
8.014526098966599,-0.66,-5.58,30.06
8.01893138512969,-0.67,-5.58,30.06
8.021943017840385,-0.67,-5.58,30.06
8.024881105870008,-0.67,-5.58,30.06
8.027741845697165,-0.67,-5.58,30.06
8.030622441321611,-0.67,-5.58,30.06
8.033779606223106,-0.66,-5.57,30.07
8.036711357533932,-0.67,-5.57,30.07
8.039604485034943,-0.66,-5.57,30.07
8.042481303215027,-0.67,-5.57,30.07
8.045612171292305,-0.67,-5.57,30.07
8.048554927110672,-0.67,-5.57,30.07
8.051464930176735,-0.67,-5.57,30.07
8.05441253632307,-0.67,-5.57,30.07
8.057318218052387,-0.67,-5.57,30.07
8.060175612568855,-0.66,-5.57,30.07
8.063319072127342,-0.67,-5.57,30.08
8.066203013062477,-0.67,-5.56,30.07
8.069094121456146,-0.66,-5.57,30.08
8.07224215194583,-0.67,-5.57,30.07
8.075222935527563,-0.67,-5.56,30.08
8.078056570142508,-0.66,-5.56,30.08
8.080972991883755,-0.67,-5.56,30.07
8.084109723567963,-0.67,-5.56,30.08
8.087028965353966,-0.67,-5.56,30.08
8.090010941028595,-0.67,-5.56,30.09
8.092949766665697,-0.67,-5.55,30.09
8.095726359635592,-0.67,-5.56,30.09
8.098883051425219,-0.66,-5.56,30.08
8.101784572005272,-0.67,-5.56,30.08
8.104736059904099,-0.66,-5.56,30.08
8.10775974392891,-0.66,-5.56,30.07
8.10916193202138,-0.67,-5.56,30.08
8.110745064914227,-0.66,-5.56,30.07
8.112182226032019,-0.67,-5.56,30.07
8.113644506782293,-0.67,-5.56,30.07
8.116595685482025,-0.67,-5.56,30.07
8.119495775550604,-0.66,-5.56,30.08
8.122473921626806,-0.66,-5.56,30.08
8.125489726662636,-0.66,-5.56,30.08
8.128395460546017,-0.66,-5.56,30.08
8.1297692283988,-0.66,-5.56,30.08
8.131323385983706,-0.67,-5.56,30.08
8.132904406636953,-0.67,-5.55,30.09
8.13421680033207,-0.66,-5.55,30.09
8.135901890695095,-0.66,-5.56,30.08
8.137337259948254,-0.66,-5.56,30.08
8.138872813433409,-0.67,-5.56,30.07
