time (ms), reading 1, reading 2, reading 3
9126,-0.00,0.01,-0.01
9304,-0.00,0.00,-0.00
9481,-0.00,0.01,-0.01
9659,-0.00,0.01,-0.00
9836,-0.01,0.01,-0.01
9925,0.00,0.00,-0.01
10013,0.00,0.00,-0.00
10102,0.01,0.00,-0.00
10191,0.00,0.00,-0.01
10280,-0.00,0.00,-0.01
10368,-0.00,0.01,-0.00
10457,0.00,0.01,-0.01
10546,0.01,0.01,-0.01
10635,0.00,0.01,-0.00
10723,-0.00,0.00,-0.00
10812,0.00,0.00,-0.01
10901,-0.00,0.00,-0.00
10990,-0.00,0.01,-0.00
11078,0.01,-0.00,-0.00
11167,0.00,0.01,-0.01
11256,-0.00,0.00,-0.00
11345,-0.01,0.01,-0.01
11433,-0.01,-0.00,-0.00
11522,-0.00,0.02,-0.01
11611,0.00,-0.00,-0.00
11700,-0.00,0.02,-0.01
11788,-0.00,0.00,-0.01
11877,0.00,0.02,-0.01
11966,-0.00,-0.00,-0.00
12055,-0.00,0.01,-0.00
12143,-0.00,-0.00,-0.00
12232,-0.00,0.01,-0.01
12321,0.00,0.00,-0.00
12409,0.00,0.02,-0.00
12587,-0.01,0.01,-0.01
12764,0.00,0.01,-0.01
12942,0.00,0.01,-0.01
13119,-0.00,0.01,-0.00
13297,-0.01,0.01,-0.00
13474,0.00,0.01,-0.01
13652,0.00,0.01,-0.01
13829,0.00,0.01,-0.01
14007,-0.00,0.01,-0.01
14184,-0.01,0.01,-0.00
14362,-0.00,0.01,-0.01
14539,-0.00,0.01,-0.01
14717,0.00,0.01,-0.01
14894,-0.01,0.01,-0.01
15072,-0.00,0.01,-0.01
15249,0.01,0.01,-0.01
15427,0.00,0.01,-0.01
15604,0.00,0.02,-0.01
15782,0.00,0.02,-0.01
15959,-0.00,0.02,-0.01
16137,-0.01,0.02,-0.01
16314,-0.00,0.02,-0.01
16492,0.00,0.02,-0.02
16669,-0.00,0.02,-0.02
16847,-0.00,0.02,-0.02
17024,-0.00,0.02,-0.02
17201,0.00,0.02,-0.02
17681,-0.00,0.02,-48.62
17769,0.00,0.02,-48.62
17858,-0.00,0.02,-48.62
17947,-0.00,0.02,-48.62
18036,0.00,0.02,-48.62
18124,0.01,0.03,-48.62
18213,-0.00,0.03,-48.62
18302,-0.01,0.02,-48.62
18870,0.00,0.03,-0.02
19047,-0.00,0.03,-0.02
19225,0.00,0.03,-0.02
19402,-0.00,0.02,-0.02
19580,0.01,0.03,-0.02
19757,-0.00,0.02,-0.02
19935,-0.00,0.02,-0.02
20112,-0.00,0.02,-0.02
20289,0.00,0.02,-0.02
20467,0.00,0.02,-0.03
20644,-0.01,0.02,-0.02
20733,-0.00,0.02,-0.03
20822,-0.00,0.02,-0.02
20911,0.00,0.02,-0.02
20999,-0.00,0.02,-0.03
21088,-0.00,0.02,-0.03
21177,-0.00,0.03,-0.03
21266,0.01,0.02,-0.03
21354,-0.00,0.02,-0.03
21443,-0.01,0.03,-0.02
21532,0.00,0.02,-0.03
21621,0.00,0.02,-0.03
21709,0.00,0.02,-0.03
21798,-0.00,0.02,-0.03
21887,-0.00,0.02,-0.03
21975,-0.00,0.02,-0.03
22064,-0.00,0.02,-0.03
22153,-0.01,0.02,-0.03
22242,-0.00,0.02,-0.03
22330,0.00,0.02,-0.03
22419,-0.00,0.02,-0.03
22508,0.00,0.02,-0.03
22597,-0.01,0.01,-0.03
22685,-0.00,0.01,-0.03
22774,0.00,0.01,-0.03
22863,-0.00,0.01,-0.03
22952,-0.00,0.01,-0.03
23040,0.00,0.01,-0.03
23129,0.00,0.01,-0.03
23218,0.00,0.01,-0.03
23307,0.00,0.01,-0.03
23395,0.01,0.01,-0.02
23484,0.00,0.01,-0.03
23573,-0.00,0.01,-0.03
23661,0.00,0.01,-0.03
23750,0.00,0.01,-0.03
23839,-0.00,0.01,-0.03
23928,-0.00,0.01,-0.03
24016,0.00,0.01,-0.03
24105,-0.00,0.01,-0.02
24194,0.00,0.01,-0.02
24371,-0.00,0.01,-0.03
24549,-0.00,0.01,-0.03
24726,-0.01,0.01,-0.03
24904,0.00,0.01,-0.03
25081,-0.00,0.00,-0.03
25259,-0.00,0.01,-0.03
25436,-0.00,0.00,-0.03
25614,-0.00,0.01,-0.03
25791,-0.00,0.00,-0.03
25969,-0.00,0.00,-0.03
26146,-0.00,0.00,-0.03
26324,-0.00,0.00,-0.03
26501,-0.01,0.00,-0.03
26679,-0.00,0.00,-0.03
26856,0.00,0.00,-0.03
27034,-0.00,0.01,-0.03
27211,-0.00,0.01,-0.03
27389,-0.00,0.00,-0.03
27566,0.00,0.00,-0.03
27743,-0.00,0.01,-0.03
27921,0.00,0.01,-0.03
28099,-0.00,0.01,-0.03
28276,-0.00,0.00,-0.03
28453,-0.01,0.01,-0.03
28631,0.00,0.01,-0.03
28808,-0.00,0.01,-0.03
28986,0.01,0.00,-0.03
29163,-0.00,0.00,-0.02
29341,-0.01,0.00,-0.02
29518,0.00,0.00,-0.02
29696,-0.00,0.00,-0.02
29873,0.00,0.00,-0.02
29962,0.00,0.00,-0.02
30051,0.00,0.00,-0.02
30228,0.00,0.00,-0.02
30406,0.00,0.00,-0.02
30583,-0.01,0.00,-0.02
30761,0.00,0.00,-0.02
30849,-0.00,0.00,-0.02
30938,-0.00,0.00,-0.02
31027,-0.00,0.00,-0.02
31116,-0.00,-0.00,-0.02
31204,-0.00,0.00,-0.02
31293,0.00,-0.00,-0.02
31382,0.00,-0.00,-0.02
31471,0.00,-0.01,-0.02
31559,-0.00,-0.00,-0.02
31648,-0.00,-0.00,-0.01
31737,-0.00,-0.00,-0.01
31826,0.00,-0.00,-0.02
31914,0.00,0.00,-0.02
32003,-0.00,-0.00,-0.02
32092,-0.00,0.00,-0.02
32181,-0.00,0.00,-0.01
32269,0.00,-0.00,-0.02
32358,0.01,-0.00,-0.02
32447,0.00,-0.00,-0.02
32535,-0.00,-0.00,-0.01
32624,0.00,-0.00,-0.02
32713,-0.00,-0.00,-0.02
32802,-0.00,-0.00,-0.01
32890,-0.00,-0.01,-0.01
32979,-0.00,-0.01,-0.02
33068,-0.01,-0.00,-0.01
33157,-0.00,-0.01,-0.02
33245,-0.00,-0.01,-0.02
33334,-0.01,-0.01,-0.01
33423,0.00,-0.01,-0.02
33512,0.00,-0.01,-0.01
33600,-0.00,-0.01,-0.02
33689,-0.01,-0.01,-0.02
33778,-0.01,-0.00,-0.01
33867,-0.00,0.00,-0.02
33955,-0.00,-0.01,-0.02
34044,-0.00,-0.01,-0.01
34133,-0.00,-0.01,-0.02
34221,-0.00,-0.00,-0.01
34310,0.00,-0.01,-0.01
34399,-0.00,-0.01,-0.01
34488,0.00,-0.01,-0.01
34576,0.01,-0.00,-0.01
34665,0.01,-0.01,-0.01
34754,0.01,-0.01,-0.01
34843,0.00,-0.01,-0.01
34931,-0.00,-0.01,-0.01
35020,0.00,-0.01,-0.01
35109,0.00,-0.01,-0.01
35198,-0.00,-0.01,-0.01
35286,-0.00,-0.02,-0.00
35375,-0.00,-0.01,-0.01
35464,-0.00,-0.01,-0.01
35553,-0.00,-0.01,-0.01
35641,0.00,-0.01,-0.01
35730,0.00,-0.01,-0.01
35819,-0.00,-0.01,-0.01
35907,-0.00,-0.01,-0.01
35996,0.00,-0.01,-0.01
36085,0.00,-0.01,-0.01
36262,-0.00,-0.01,-0.01
36440,0.01,-0.01,-0.01
36617,0.00,-0.01,-0.01
36795,-0.01,-0.01,-0.01
36972,-0.00,-0.01,-0.00
37150,-0.01,-0.01,-0.00
37327,-0.00,-0.01,-0.01
37505,0.00,-0.00,-0.01
37682,0.00,-0.01,-0.01
37860,-0.00,-0.01,-0.01
38037,-0.00,-0.01,-0.01
38215,-0.01,-0.00,-0.01
38392,-0.00,-0.01,-0.01
38570,-0.00,-0.01,-0.01
38747,-0.01,-0.01,-0.00
38925,0.00,-0.01,-0.01
39102,-0.00,-0.00,-0.01
39191,-0.00,-0.01,-0.00
39280,-0.00,-0.01,-0.01
39368,0.00,-0.00,-0.01
39457,-0.00,-0.00,-0.01
39546,-0.00,-0.01,-0.00
39634,0.00,-0.01,-0.01
39723,0.00,-0.01,-0.01
39812,-0.01,-0.01,-0.01
39901,-0.00,-0.00,-0.01
39989,0.00,-0.01,-0.01
40078,0.00,-0.01,-0.00
40167,0.00,-0.00,-0.01
40256,0.00,-0.01,-0.01
40344,-0.00,-0.00,-0.01
40433,0.00,-0.01,-0.01
40522,0.00,-0.00,-0.01
40611,0.01,-0.01,-0.01
40699,0.00,-0.00,-0.01
40788,-0.00,-0.01,-0.01
40877,-0.00,-0.01,-0.01
40966,-0.00,-0.00,-0.01
41054,-0.00,-0.00,-0.01
41143,0.00,-0.00,-0.01
41232,0.00,-0.00,-0.01
41321,-0.00,-0.00,-0.01
41409,0.00,-0.00,-0.01
41498,0.00,-0.00,-0.01
41587,-0.00,-0.00,-0.01
41675,-0.00,-0.00,-0.01
41764,-0.00,-0.00,-0.01
41853,-0.01,-0.00,-0.01
41942,0.00,-0.00,-0.01
42119,0.00,-0.00,-0.01
42297,0.00,-0.00,-0.01
42474,-0.00,-0.00,-0.01
42652,0.00,-0.00,-0.01
42829,0.00,-0.00,-0.01
43007,-0.00,-0.00,-0.01
43184,-0.00,-0.01,-0.01
43361,-0.00,-0.01,-0.01
43539,-0.00,-0.01,-0.01
43716,0.01,-0.00,-0.01
43894,-0.00,-0.01,-0.01
44071,0.00,-0.01,-0.01
44249,0.01,-0.01,-0.01
44426,-0.00,-0.01,-0.01
44604,-0.00,-0.01,-0.01
44781,-0.00,-0.02,-0.01
44959,0.00,-0.01,-0.01
45136,-0.00,-0.02,-0.01
45314,0.00,-0.01,-0.01
45491,-0.00,-0.01,-0.01
45669,-0.00,-0.01,-0.01
45846,0.00,-0.01,-0.01
46024,-0.00,-0.01,-0.00
46201,-0.00,-0.01,-0.01
46378,-0.00,-0.01,-0.01
46556,-0.00,-0.01,-0.00
46733,-0.00,-0.01,-0.01
46911,-0.01,-0.01,-0.00
47088,0.00,-0.00,-0.01
47266,-0.00,-0.01,-0.01
47532,0.01,-0.01,-0.01
47710,-0.00,-0.01,-0.01
47887,-0.00,-0.01,-0.00
48064,-0.00,-0.01,-0.01
48242,-0.00,-0.01,-0.00
48331,-0.00,-0.01,-0.00
48419,-0.00,-0.01,-0.01
48508,-0.00,-0.01,-0.01
48597,-0.00,-0.01,-0.01
48685,0.00,-0.01,-0.01
48774,-0.01,-0.01,-0.00
48863,0.00,-0.01,-0.00
48952,0.01,-0.01,-0.01
49040,-0.00,-0.01,-0.01
49129,-0.01,-0.01,-0.00
49218,-0.00,-0.01,-0.01
49307,-0.00,-0.01,-0.01
49395,0.00,-0.01,-0.00
49484,0.01,-0.01,-0.00
49573,-0.00,-0.01,-0.00
49662,-0.01,-0.01,-0.00
49750,-0.01,-0.01,-0.00
49839,-0.00,-0.01,-0.00
49928,-0.00,-0.01,-0.00
50017,-0.00,-0.01,-0.01
50105,-0.00,-0.01,-0.01
50194,0.00,-0.01,-0.00
50283,0.01,-0.01,-0.01
50371,0.00,-0.01,-0.01
50460,0.00,-0.01,-0.01
50549,-0.00,-0.01,-0.00
50638,0.00,-0.01,-0.00
50726,0.00,-0.01,-0.00
50815,-0.00,-0.02,-0.01
50904,-0.00,-0.01,-0.01
50993,-0.00,-0.01,-0.00
51081,0.00,-0.02,-0.00
51170,0.00,-0.01,-0.00
51259,-0.01,-0.01,-0.00
51348,-0.01,-0.01,-0.01
51436,-0.00,-0.01,-0.01
51525,-0.00,-0.01,-0.01
51614,-0.01,-0.01,-0.01
51703,-0.01,-0.01,-0.01
51791,-0.01,-0.01,-0.01
51880,-0.00,-0.01,-0.01
51969,0.00,-0.01,-0.01
52057,-0.00,-0.01,-0.01
52146,-0.01,-0.01,-0.01
52235,-0.00,-0.01,-0.01
52324,-0.01,-0.01,-0.01
52412,-0.01,-0.01,-0.01
52501,-0.00,-0.01,-0.01
52590,-0.00,-0.01,-0.01
52679,-0.00,-0.01,-0.01
52767,0.00,-0.01,-0.01
52856,-0.00,-0.01,-0.01
52945,0.00,-0.01,-0.01
53034,-0.01,-0.01,-0.01
53122,-0.01,-0.01,-0.01
53211,-0.00,-0.01,-0.01
53300,-0.01,-0.01,-0.01
53388,-0.01,-0.01,-0.01
53477,-0.01,-0.00,-0.01
53566,-0.01,-0.00,-0.01
53655,-0.01,-0.01,-0.01
53743,-0.00,-0.01,-0.01
53832,0.00,-0.00,-0.01
54010,-0.00,-0.00,-0.01
54187,0.00,-0.01,-0.01
54365,0.00,-0.01,-0.01
54542,0.00,-0.01,-0.01
54720,0.00,-0.01,-0.01
54897,0.00,-0.01,-0.01
55074,-0.00,-0.01,-0.01
55252,-0.00,-0.01,-0.01
55429,0.00,-0.01,-0.01
55607,-0.00,-0.00,-0.01
55784,-0.00,-0.01,-0.01
55962,-0.00,-0.01,-0.01
56139,-0.01,-0.01,-0.02
56317,-0.00,-0.01,-0.02
56494,-0.00,-0.01,-0.01
56672,-0.00,-0.01,-0.02
56849,0.00,-0.01,-0.01
57027,-0.01,-0.01,-0.01
57204,-0.00,-0.01,-0.01
57382,-0.00,-0.01,-0.01
57559,-0.00,-0.01,-0.02
57648,-0.00,-0.01,-0.01
57737,0.00,-0.01,-0.01
57825,0.00,-0.01,-0.01
57914,-0.00,-0.01,-0.01
58003,0.00,-0.01,-0.02
58092,-0.00,-0.01,-0.02
58180,-0.01,-0.01,-0.02
58269,-0.01,-0.01,-0.02
58358,0.00,-0.01,-0.02
58446,-0.00,-0.01,-0.02
58535,0.00,-0.01,-0.02
58624,0.01,-0.01,-0.02
58713,0.01,-0.01,-0.02
58801,0.00,-0.01,-0.02
58890,-0.00,-0.01,-0.02
58979,0.00,-0.01,-0.02
59068,0.00,-0.01,-0.02
59156,-0.00,-0.01,-0.02
59245,0.00,-0.01,-0.02
59334,0.01,-0.01,-0.02
59423,0.00,-0.01,-0.02
59511,-0.01,-0.01,-0.02
59600,-0.01,-0.01,-0.02
59689,-0.00,-0.01,-0.02
59778,-0.00,-0.01,-0.02
59955,-0.00,-0.01,-0.02
60132,0.00,-0.01,-0.02
60310,0.00,-0.01,-0.01
60487,-0.00,-0.01,-0.02
60665,-0.00,-0.01,-0.02
60842,0.00,-0.01,-0.02
61020,-0.00,-0.01,-0.02
61197,-0.00,-0.01,-0.02
61375,-0.00,-0.01,-0.02
61552,0.01,-0.01,-0.02
61730,0.00,-0.01,-0.02
61907,-0.01,-0.01,-0.02
62085,-0.01,-0.01,-0.02
62262,-0.01,-0.01,-0.02
62440,-0.00,-0.01,-0.02
62617,-0.00,-0.01,-0.02
62795,-0.00,-0.01,-0.02
62972,-0.00,-0.01,-0.02
63149,-0.00,-0.01,-0.02
63327,-0.01,-0.01,-0.02
63504,-0.00,-0.01,-0.02
63682,-0.00,-0.01,-0.02
63859,0.00,-0.01,-0.02
63948,0.00,-0.01,-0.02
64037,0.01,-0.01,-0.02
64126,0.01,-0.01,-0.01
64214,0.01,-0.01,-0.02
64303,0.00,-0.01,-0.02
64392,0.00,-0.01,-0.02
64481,-0.00,-0.01,-0.02
64569,-0.00,-0.01,-0.02
64658,0.00,-0.01,-0.02
64747,0.00,-0.01,-0.02
64835,0.00,-0.01,-0.02
64924,-0.00,-0.01,-0.02
65013,0.00,-0.01,-0.02
65102,0.00,-0.01,-0.02
65190,-0.00,-0.01,-0.01
65279,0.00,-0.01,-0.02
65368,-0.00,-0.01,-0.02
65457,-0.00,-0.01,-0.02
65545,-0.00,-0.01,-0.02
65634,0.00,-0.01,-0.02
65723,-0.00,-0.01,-0.02
65900,-0.00,-0.01,-0.02
66078,0.00,-0.01,-0.02
66255,-0.01,-0.01,-0.01
66433,-0.00,-0.01,-0.02
66610,-0.00,-0.01,-0.02
66788,0.00,-0.01,-0.02
66876,-0.00,-0.01,-0.02
66965,-0.00,-0.01,-0.02
67054,-0.00,-0.01,-0.02
67143,0.00,-0.01,-0.01
67231,-0.00,-0.01,-0.02
67320,-0.01,-0.01,-0.02
67409,-0.00,-0.01,-0.02
67498,0.01,-0.01,-0.02
67586,-0.00,-0.01,-0.01
67675,-0.00,-0.01,-0.02
67764,0.00,-0.01,-0.02
67853,0.00,-0.01,-0.02
67941,-0.00,-0.01,-0.02
68030,-0.01,-0.01,-0.02
68119,-0.01,-0.01,-0.02
68208,-0.00,-0.00,-0.02
68296,-0.01,-0.00,-0.02
68385,-0.00,-0.01,-0.02
68474,-0.01,-0.01,-0.02
68562,-0.01,-0.01,-0.02
68651,-0.00,-0.01,-0.02
68740,-0.00,-0.01,-0.02
68829,-0.00,-0.01,-0.02
68917,-0.00,-0.01,-0.02
69006,-0.00,-0.01,-0.02
69095,-0.00,-0.01,-0.02
69184,0.00,-0.01,-0.02
69272,-0.00,-0.01,-0.02
69361,-0.00,-0.01,-0.02
69450,-0.00,-0.01,-0.02
69539,0.00,-0.00,-0.02
69627,0.01,-0.01,-0.02
69716,-0.00,-0.01,-0.02
69805,-0.01,-0.01,-0.02
69894,-0.01,-0.01,-0.02
69982,-0.01,-0.01,-0.02
70071,-0.01,-0.01,-0.02
70160,-0.00,-0.01,-0.02
70248,0.00,-0.01,-0.02
70337,-0.00,-0.01,-0.02
70426,-0.00,-0.01,-0.02
70515,-0.00,-0.01,-0.02
70603,0.00,-0.01,-0.02
70692,0.00,-0.01,-0.02
70781,-0.01,-0.01,-0.02
70870,0.00,-0.01,-0.02
70958,0.00,-0.01,-0.02
71047,-0.00,-0.01,-0.02
71136,-0.00,-0.01,-0.02
71225,-0.00,-0.01,-0.02
71313,-0.01,-0.01,-0.02
71402,-0.01,-0.01,-0.02
71491,-0.01,-0.01,-0.02
71580,-0.00,-0.01,-0.02
71757,0.00,-0.01,-0.02
71934,-0.00,-0.01,-0.02
72112,0.01,-0.01,-0.02
72289,-0.01,-0.01,-0.02
72467,-0.01,-0.01,-0.02
72644,-0.01,-0.01,-0.02
72822,0.00,-0.01,-0.02
72999,0.00,-0.01,-0.02
73177,0.00,-0.01,-0.02
73354,-0.00,-0.01,-0.02
73532,-0.00,-0.01,-0.02
73709,-0.00,-0.01,-0.02
73887,-0.01,-0.01,-0.02
74064,-0.00,-0.01,-0.02
74242,0.00,-0.01,-0.02
74419,-0.00,-0.01,-0.02
74597,-0.00,-0.01,-0.02
74774,0.00,-0.01,-0.02
74952,-0.00,-0.01,-0.02
75129,-0.00,-0.01,-0.02
75307,0.00,-0.01,-0.02
75484,-0.00,-0.01,-0.02
75662,0.01,-0.01,-0.02
75839,-0.00,-0.01,-0.02
75928,0.00,-0.01,-0.02
76016,-0.01,-0.01,-0.02
76105,-0.01,-0.01,-0.02
76194,0.00,-0.01,-0.02
76283,-0.00,-0.01,-0.02
76371,0.00,-0.01,-0.02
76460,0.00,-0.01,-0.02
76549,0.00,-0.01,-0.02
76638,-0.00,-0.01,-0.01
76726,0.00,-0.01,-0.01
76815,0.00,-0.01,-0.02
76904,-0.00,-0.00,-0.02
76993,-0.00,-0.01,-0.02
77081,0.00,-0.01,-0.02
77170,0.00,-0.01,-0.02
77259,-0.00,-0.00,-0.01
77348,-0.01,-0.01,-0.02
77436,0.00,-0.01,-0.01
77614,-0.00,-0.01,-0.01
77791,0.00,-0.01,-0.01
77969,0.01,-0.01,-0.01
78146,-0.01,-0.01,-0.01
78324,-0.00,-0.02,-0.02
78501,0.00,-0.01,-0.01
78679,0.01,-0.01,-0.01
78856,-0.01,-0.02,-0.01
79034,-0.00,-0.02,-0.01
79211,0.00,-0.01,-0.01
79388,-0.00,-0.01,-0.01
79566,-0.00,-0.01,-0.01
79743,0.00,-0.01,-0.01
79921,0.00,-0.01,-0.01
80098,-0.01,-0.01,-0.01
80276,-0.00,-0.01,-0.01
80453,0.00,-0.01,-0.01
80542,0.01,-0.01,-0.01
80631,0.00,-0.01,-0.01
80720,-0.00,-0.02,-0.01
80808,-0.00,-0.01,-0.01
80897,-0.00,-0.02,-0.01
80986,-0.00,-0.01,-0.01
81074,0.00,-0.02,-0.01
81163,0.00,-0.01,-0.01
81252,0.00,-0.01,-0.01
81341,0.00,-0.01,-0.01
81429,-0.00,-0.02,-0.01
81518,0.00,-0.01,-0.01
81607,0.00,-0.01,-0.01
81696,-0.01,-0.01,-0.01
81784,-0.00,-0.02,-0.01
81873,0.00,-0.02,-0.01
81962,-0.01,-0.02,-0.01
82051,-0.00,-0.02,-0.01
82139,-0.00,-0.01,-0.01
82228,-0.00,-0.02,-0.01
82317,-0.00,-0.02,-0.00
82406,0.01,-0.02,-0.01
82494,-0.01,-0.01,-0.01
82583,0.00,-0.01,-0.01
82672,-0.00,-0.01,-0.01
82761,-0.00,-0.02,-0.01
82849,0.01,-0.02,-0.01
82938,-0.00,-0.02,-0.01
83027,-0.00,-0.01,-0.01
83115,0.00,-0.02,-0.01
83204,0.00,-0.01,-0.01
83293,-0.00,-0.02,-0.01
83382,-0.00,-0.01,-0.01
83559,-0.01,-0.01,-0.01
83737,0.00,-0.01,-0.01
83914,0.00,-0.01,-0.01
84092,-0.00,-0.01,-0.01
84269,0.00,-0.01,-0.01
84447,-0.00,-0.02,-0.01
84624,-0.01,-0.01,-0.01
84801,-0.00,-0.02,-0.01
84979,-0.00,-0.01,-0.01
85068,-0.01,-0.02,-0.01
85156,-0.00,-0.01,-0.01
85245,0.00,-0.01,-0.01
85334,-0.00,-0.01,-0.01
85423,-0.00,-0.01,-0.01
85511,0.01,-0.01,-0.01
85600,0.00,-0.01,-0.01
85689,-0.00,-0.01,-0.01
85778,-0.00,-0.02,-0.01
85866,-0.00,-0.02,-0.01
85955,-0.00,-0.02,-0.01
86044,-0.01,-0.02,-0.01
86133,0.00,-0.01,-0.01
86221,0.01,-0.01,-0.01
86310,-0.00,-0.01,-0.01
86399,-0.01,-0.01,-0.01
86487,-0.01,-0.02,-0.01
86576,-0.01,-0.01,-0.01
86665,-0.01,-0.01,-0.01
86754,0.00,-0.01,-0.01
86842,-0.00,-0.02,-0.01
86931,0.00,-0.02,-0.01
87020,0.00,-0.02,-0.01
87109,0.00,-0.02,-0.01
87197,-0.01,-0.01,-0.01
87286,0.00,-0.02,-0.01
87375,0.00,-0.02,-0.01
87464,0.01,-0.02,-0.01
87552,0.00,-0.02,-0.01
87641,-0.00,-0.02,-0.01
87730,0.00,-0.02,-0.01
87818,0.00,-0.02,-0.00
87907,0.00,-0.02,-0.01
87996,0.00,-0.02,-0.01
88085,-0.00,-0.02,-0.01
88173,0.00,-0.02,-0.01
88262,0.00,-0.02,-0.00
88351,-0.00,-0.02,-0.01
88440,-0.00,-0.02,-0.01
88528,-0.00,-0.02,-0.01
88617,-0.00,-0.02,-0.00
88706,0.00,-0.02,-0.00
88795,0.00,-0.02,-0.01
88883,0.00,-0.02,-0.01
88972,-0.00,-0.02,-0.01
89061,0.00,-0.02,-0.01
89150,-0.00,-0.02,-0.01
89238,-0.01,-0.02,-0.01
89416,-0.00,-0.02,-0.01
89593,0.00,-0.02,-0.01
89771,-0.00,-0.02,-0.01
89948,-0.01,-0.02,-0.01
90126,-0.00,-0.01,-0.01
90303,-0.00,-0.02,-0.01
90480,0.01,-0.01,-0.01
90658,-0.00,-0.01,-0.01
90835,-0.01,-0.01,-0.01
91013,0.00,-0.02,-0.02
91190,-0.00,-0.01,-0.01
91368,-0.00,-0.01,-0.02
91545,0.00,-0.01,-0.01
91723,0.01,0.00,-0.02
91900,-0.01,-0.01,-0.02
92078,-0.00,-0.01,-0.01
92255,-0.00,-0.01,-0.01
92433,0.00,-0.01,-0.02
92610,-0.01,-0.01,-0.02
92787,-0.00,-0.01,-0.02
92965,0.00,-0.01,-0.02
93142,0.00,-0.01,-0.01
93320,0.00,-0.01,-0.01
93497,0.00,-0.01,-0.02
93675,-0.00,-0.01,-0.02
93852,-0.00,-0.02,-0.01
94030,-0.00,-0.01,-0.01
94207,0.00,-0.01,-0.01
94296,-0.00,-0.01,-0.02
94385,-0.00,-0.01,-0.01
94473,0.01,-0.01,-0.01
94562,0.00,-0.01,-0.01
94651,-0.00,-0.01,-0.01
94740,-0.01,-0.01,-0.01
94828,-0.01,-0.01,-0.02
94917,-0.00,-0.01,-0.01
95006,-0.01,-0.01,-0.02
95095,0.00,-0.01,-0.01
95272,0.00,-0.01,-0.01
95449,0.00,-0.01,-0.01
95627,0.00,-0.01,-0.01
95804,0.00,-0.02,-0.02
95982,0.01,-0.01,-0.02
96159,0.00,-0.01,-0.01
96337,-0.01,-0.01,-0.01
96514,-0.00,-0.01,-0.01
96692,0.00,-0.01,-0.01
96869,-0.00,-0.01,-0.01
96958,-0.00,-0.01,-0.01
97047,-0.00,-0.01,-0.01
97136,-0.00,-0.01,-0.01
97224,0.00,-0.01,-0.01
97313,-0.00,-0.01,-0.01
97402,-0.00,-0.00,-0.01
97490,0.00,-0.01,-0.01
97579,-0.00,-0.01,-0.01
97668,0.00,-0.00,-0.01
97757,0.00,-0.01,-0.01
97845,-0.00,-0.00,-0.01
97934,-0.00,-0.01,-0.01
98023,-0.00,-0.01,-0.01
98112,-0.00,-0.01,-0.01
98200,-0.01,-0.00,-0.01
98289,0.00,-0.00,-0.01
98378,0.00,-0.00,-0.01
98466,0.00,-0.00,-0.01
98555,-0.00,-0.01,-0.01
98644,-0.01,-0.00,-0.01
98733,-0.01,-0.01,-0.01
98821,-0.01,-0.01,-0.01
98910,-0.01,-0.00,-0.01
98999,0.00,-0.01,-0.01
99088,0.00,-0.01,-0.01
99176,0.01,-0.01,-0.01
99265,-0.00,-0.01,-0.02
99354,-0.00,-0.00,-0.01
99443,0.00,-0.01,-0.02
99531,0.00,-0.01,-0.01
99620,-0.00,-0.00,-0.01
99709,0.01,-0.00,-0.02
99798,-0.00,-0.00,-0.01
99886,-0.00,-0.00,-0.01
99975,-0.01,-0.01,-0.01
100064,-0.01,-0.00,-0.02
100152,-0.01,-0.01,-0.02
100241,-0.00,-0.01,-0.01
100330,0.00,-0.00,-0.02
100419,-0.00,-0.01,-0.01
100507,-0.00,-0.00,-0.01
100596,0.00,-0.00,-0.01
100685,-0.00,-0.00,-0.01
100774,-0.01,-0.00,-0.01
100862,-0.00,-0.00,-0.01
100951,0.00,-0.00,-0.01
101129,0.00,-0.00,-0.01
101306,-0.00,-0.01,-0.02
101484,-0.01,-0.00,-0.01
101661,0.00,-0.01,-0.01
101838,0.00,-0.01,-0.01
102016,0.01,-0.00,-0.02
102193,-0.01,-0.00,-0.01
102371,-0.00,-0.00,-0.01
102548,-0.00,-0.01,-0.01
102726,-0.01,-0.01,-0.01
102903,0.00,-0.01,-0.01
103081,-0.00,-0.01,-0.01
103258,-0.00,-0.01,-0.01
103347,0.00,-0.01,-0.01
103436,0.00,-0.01,-0.01
103524,-0.00,-0.01,-0.01
103613,-0.00,-0.01,-0.01
103702,0.00,-0.01,-0.01
103791,0.01,-0.01,-0.01
103879,-0.00,-0.01,-0.01
103968,-0.00,-0.02,-0.01
104057,-0.00,-0.01,-0.01
104145,-0.00,-0.01,-0.00
104234,0.00,-0.02,-0.01
104323,-0.00,-0.01,-0.01
104412,-0.00,-0.01,-0.01
104500,-0.00,-0.01,-0.01
104589,-0.01,-0.01,-0.01
104678,0.00,-0.01,-0.01
104767,0.00,-0.01,-0.01
104855,-0.00,-0.02,-0.01
104944,-0.00,-0.02,-0.01
105033,0.00,-0.01,-0.01
105122,0.00,-0.02,-0.01
105210,0.01,-0.01,-0.01
105299,0.00,-0.01,-0.00
105388,0.00,-0.02,-0.00
105476,0.00,-0.02,-0.01
105565,0.00,-0.02,-0.01
105654,0.00,-0.01,-0.01
105743,0.00,-0.02,-0.01
105831,-0.00,-0.02,-0.00
105920,-0.00,-0.02,-0.00
106009,-0.00,-0.02,-0.00
106098,0.00,-0.02,-0.00
106186,0.00,-0.02,-0.01
106275,0.01,-0.02,-0.00
106364,-0.00,-0.02,-0.01
106453,0.00,-0.02,-0.01
106541,-0.00,-0.02,-0.01
106630,0.01,-0.02,-0.00
106719,0.01,-0.03,-0.00
106808,0.01,-0.03,-0.00
106985,-0.00,-0.02,0.00
107163,-0.00,-0.02,-0.00
107340,0.00,-0.03,-0.00
107517,0.00,-0.03,0.00
107695,-0.00,-0.03,-0.00
107872,0.00,-0.03,-0.00
108050,-0.01,-0.03,-0.00
108227,0.00,-0.03,-0.00
108405,-0.00,-0.03,-0.00
108582,0.00,-0.03,-0.00
108760,-0.00,-0.03,-0.00
108937,-0.01,-0.03,-0.00
109115,0.00,-0.03,-0.00
109292,-0.00,-0.03,-0.00
109470,-0.00,-0.03,-0.00
109647,-0.00,-0.03,0.00
109825,-0.00,-0.03,-0.00
110002,-0.00,-0.03,0.00
110180,0.01,-0.03,-0.00
110357,-0.00,-0.03,-0.00
110534,-0.01,-0.03,-0.00
110712,0.00,-0.03,-0.00
110889,0.00,-0.03,0.00
111067,-0.00,-0.03,0.00
111244,-0.00,-0.03,-0.00
111422,0.00,-0.03,0.00
111599,-0.00,-0.04,-0.00
111777,0.01,-0.03,0.00
111954,0.00,-0.03,-0.00
112132,-0.00,-0.03,0.00
112309,0.00,-0.03,-0.00
112487,-0.01,-0.03,0.00
112575,0.01,-0.03,-0.00
112664,0.00,-0.02,0.00
112842,-0.00,-0.03,-0.00
113019,-0.00,-0.03,-0.00
113197,0.00,-0.03,-0.00
113374,-0.01,-0.03,-0.00
113463,-0.01,-0.03,-0.00
113552,-0.00,-0.02,0.00
113640,0.00,-0.02,-0.00
113729,-0.00,-0.03,-0.00
113818,-0.00,-0.02,-0.00
113907,0.00,-0.02,-0.00
113995,0.00,-0.02,-0.00
114084,0.01,-0.02,-0.00
114173,-0.00,-0.02,-0.01
114262,-0.00,-0.02,-0.00
114350,-0.00,-0.02,-0.01
114439,0.00,-0.02,-0.01
114528,0.00,-0.02,-0.01
114616,0.00,-0.02,-0.01
114705,-0.00,-0.02,-0.01
114794,-0.00,-0.01,-0.01
114883,-0.00,-0.01,-0.01
114971,-0.00,-0.01,-0.01
115060,0.00,-0.01,-0.01
115149,0.00,-0.02,-0.02
115238,-0.00,-0.01,-0.01
115326,-0.00,-0.01,-0.01
115415,-0.00,-0.01,-0.01
115504,-0.00,-0.01,-0.01
115593,0.00,-0.01,-0.02
115681,0.00,-0.01,-0.01
115770,-0.00,-0.01,-0.02
115859,0.00,-0.01,-0.02
115948,0.00,-0.01,-0.02
116036,-0.00,-0.01,-0.02
116125,-0.01,-0.00,-0.02
116214,-0.00,-0.00,-0.02
116303,-0.00,-0.00,-0.02
116391,0.00,-0.01,-0.02
116480,-0.00,-0.01,-0.02
116569,-0.00,-0.01,-0.02
116658,0.00,-0.00,-0.02
116746,0.00,-0.01,-0.02
116835,0.00,-0.01,-0.02
116924,-0.01,-0.00,-0.02
117012,-0.00,-0.00,-0.02
117101,0.00,-0.01,-0.02
117190,-0.00,-0.01,-0.02
117279,0.01,-0.00,-0.02
117367,0.00,-0.01,-0.02
117456,0.00,-0.01,-0.02
117545,0.00,-0.00,-0.02
117634,0.00,-0.01,-0.02
117722,0.00,-0.01,-0.02
117811,0.00,-0.00,-0.02
117900,0.00,-0.01,-0.02
117989,-0.00,-0.01,-0.02
118077,0.00,-0.01,-0.02
118166,0.00,-0.01,-0.02
118255,-0.00,-0.01,-0.02
118344,-0.01,-0.01,-0.02
118432,0.00,-0.01,-0.02
118521,0.00,-0.01,-0.01
118610,-0.00,-0.01,-0.01
118787,0.00,-0.02,-0.01
118965,0.00,-0.01,-0.02
119142,-0.01,-0.01,-0.02
119320,-0.00,-0.00,-0.01
119497,-0.00,-0.01,-0.01
119675,-0.01,-0.01,-0.02
119852,-0.00,-0.01,-0.01
120030,-0.00,-0.02,-0.01
120207,0.00,-0.02,-0.01
120385,0.01,-0.02,-0.01
120562,0.01,-0.02,0.00
120740,0.01,-0.02,-0.01
120917,0.00,-0.01,-0.01
121094,-0.00,-0.02,0.00
121272,0.01,-0.02,-0.01
121449,0.00,-0.01,-0.01
121538,-0.00,-0.01,-0.01
121627,0.00,-0.01,-0.02
121716,-0.01,-0.01,-0.02
121804,0.00,-0.02,-0.02
121893,0.00,-0.02,-0.02
121982,-0.00,-0.01,-0.00
122071,0.01,-0.01,0.00
122159,0.00,-0.02,-0.02
122248,-0.01,-0.01,-0.01
122337,0.01,-0.01,-0.01
122426,-0.01,-0.02,-0.01
122514,-0.01,-0.02,-0.01
122603,0.00,-0.01,-0.02
122692,0.00,-0.01,-0.01
122781,0.00,-0.01,-0.02
122869,-0.00,-0.01,-0.02
122958,-0.00,-0.01,-0.01
123047,0.00,-0.01,-0.01
123136,-0.00,-0.01,-0.02
123224,-0.01,-0.01,-0.02
123313,-0.00,-0.01,-0.01
123402,0.00,-0.02,-0.02
123490,-0.00,-0.01,-0.01
123579,0.00,-0.01,-0.01
123668,-0.00,-0.01,-0.02
123757,-0.00,-0.01,-0.01
123845,-0.00,-0.01,-0.01
123934,-0.01,-0.02,-0.02
124023,-0.00,-0.01,-0.01
124112,0.00,-0.01,-0.01
124200,0.00,-0.01,-0.01
124289,-0.00,-0.02,-0.01
124378,-0.00,-0.01,-0.01
124467,-0.00,-0.02,-0.01
124644,-0.01,-0.01,-0.01
124822,-0.01,-0.02,-0.01
124999,-0.00,-0.02,-0.01
125176,0.00,-0.02,-0.01
125354,-0.00,-0.02,-0.01
125531,0.00,-0.02,-0.01
125709,0.00,-0.02,-0.01
125886,-0.00,-0.02,-0.01
126064,0.00,-0.02,-0.01
126241,-0.00,-0.02,-0.01
126419,0.01,-0.02,-0.01
126596,-0.00,-0.02,-0.01
126774,0.01,-0.02,-0.01
126951,0.00,-0.02,-0.01
127129,-0.00,-0.02,-0.01
127306,-0.00,-0.02,-0.01
127484,-0.00,-0.02,-0.01
127661,0.01,-0.02,-0.01
127839,0.00,-0.02,-0.01
128016,-0.00,-0.02,-0.02
128194,-0.01,-0.02,-0.00
128371,0.00,-0.01,-0.01
128549,-0.00,-0.02,-0.01
128726,0.00,-0.02,-0.01
128904,-0.00,-0.02,-0.01
129081,-0.00,-0.02,0.00
129259,-0.00,-0.02,-0.01
129436,-0.01,-0.01,-0.02
129614,-0.01,-0.01,-0.01
129791,0.01,-0.00,-0.02
129968,0.01,-0.01,-0.02
130146,-0.01,-0.01,-0.02
130323,-0.00,-0.01,-0.01
130501,0.00,-0.01,-0.03
130678,-0.00,-0.01,-0.02
130767,0.00,-0.01,-0.02
130856,0.00,-0.02,-0.01
130945,0.00,-0.02,-0.02
131033,-0.00,-0.01,-0.01
131122,0.00,-0.01,-0.02
131211,-0.00,-0.02,-0.02
131300,-0.01,-0.01,-0.01
131388,0.00,-0.01,-0.02
131477,-0.00,-0.02,-0.02
131566,-0.00,-0.01,-0.02
131654,0.00,-0.02,-0.02
131743,-0.00,-0.01,-0.02
131832,-0.01,-0.01,-0.01
131921,0.00,-0.02,-0.02
132009,-0.00,-0.02,-0.01
132098,0.00,-0.01,-0.01
132187,0.00,-0.02,-0.02
132276,0.01,-0.02,-0.02
132364,0.00,-0.01,-0.02
132453,-0.01,-0.01,-0.01
132542,-0.01,-0.01,-0.02
132631,-0.01,-0.01,-0.02
132719,-0.00,-0.01,-0.01
132808,-0.00,-0.02,-0.01
132897,-0.01,-0.01,-0.01
132986,-0.00,-0.01,-0.02
133074,0.00,-0.01,-0.02
133163,-0.00,-0.02,-0.02
133252,-0.00,-0.02,-0.02
133341,-0.00,-0.02,-0.01
133429,-0.00,-0.01,-0.01
133518,-0.00,-0.02,-0.02
133607,-0.00,-0.01,-0.01
133696,-0.00,-0.01,-0.01
133784,0.00,-0.02,-0.02
133873,-0.00,-0.01,-0.02
133962,0.00,-0.01,-0.02
134050,0.00,-0.01,-0.02
134139,-0.00,-0.02,-0.02
134228,0.00,-0.01,-0.02
134317,0.00,-0.01,-0.02
134405,-0.00,-0.01,-0.01
134494,-0.01,-0.01,-0.02
134583,-0.01,-0.01,-0.01
134672,-0.01,-0.01,-0.02
134760,-0.00,-0.01,-0.01
134849,0.00,-0.01,-0.01
134938,-0.00,-0.01,-0.01
135027,0.00,-0.01,-0.02
135115,-0.00,-0.02,-0.01
135204,-0.01,-0.02,-0.01
135293,-0.01,-0.02,-0.01
135382,0.00,-0.02,-0.02
135470,-0.00,-0.02,-0.01
135559,-0.00,-0.02,-0.02
135648,-0.00,-0.02,-0.02
135737,-0.01,-0.02,-0.01
135825,0.00,-0.02,-0.02
135914,0.00,-0.02,-0.01
136003,0.00,-0.02,-0.01
136092,-0.01,-0.02,-0.02
136180,-0.01,-0.02,-0.01
136269,-0.00,-0.02,-0.02
136447,0.00,-0.02,-0.01
136624,0.00,-0.02,-0.02
136801,0.00,-0.02,-0.01
136979,-0.00,-0.02,-0.02
137156,-0.00,-0.02,-0.02
137334,0.00,-0.02,-0.02
137511,-0.00,-0.01,-0.02
137689,0.00,-0.02,-0.02
137866,-0.00,-0.02,-0.02
138044,-0.01,-0.02,-0.02
138221,-0.01,-0.02,-0.02
138399,-0.00,-0.02,-0.02
138576,-0.00,-0.02,-0.02
138754,0.00,-0.02,-0.02
138931,-0.00,-0.02,-0.02
139109,-0.00,-0.02,-0.02
139286,-0.00,-0.02,-0.02
139464,-0.00,-0.02,-0.01
139641,0.00,-0.02,-0.02
139730,0.01,-0.03,-0.01
139819,-0.00,-0.03,-0.01
139907,-0.01,-0.03,-0.01
139996,-0.01,-0.03,-0.01
140085,-0.00,-0.03,-0.01
140174,-0.00,-0.03,-0.01
140262,-0.01,-0.03,-0.01
140351,-0.01,-0.03,-0.01
140440,-0.00,-0.03,-0.01
140529,0.00,-0.03,-0.01
140617,-0.00,-0.03,-0.01
140706,-0.00,-0.03,-0.01
140795,-0.00,-0.03,-0.01
140884,0.00,-0.03,-0.01
140972,0.01,-0.03,-0.01
141061,-0.00,-0.03,-0.01
141150,-0.00,-0.03,-0.02
141239,0.00,-0.02,-0.01
141327,0.00,-0.02,-0.01
141416,-0.01,-0.03,-0.01
141505,0.00,-0.03,-0.01
141594,0.00,-0.03,-0.01
141682,-0.00,-0.03,-0.02
141771,-0.00,-0.03,-0.01
141860,0.01,-0.03,-0.01
141949,-0.00,-0.03,-0.01
142037,0.00,-0.03,-0.01
142126,0.00,-0.03,-0.01
142303,0.00,-0.03,-0.01
142481,-0.00,-0.03,-0.01
142658,-0.00,-0.03,-0.01
142836,-0.01,-0.02,-0.01
143013,0.01,-0.03,-0.01
143191,0.00,-0.03,-0.01
143368,-0.00,-0.03,-0.01
143546,-0.01,-0.03,-0.01
143723,0.00,-0.03,-0.01
143901,-0.00,-0.03,-0.01
144078,0.00,-0.03,-0.01
144256,0.00,-0.03,-0.01
144433,-0.00,-0.03,-0.00
144611,0.00,-0.03,-0.00
144788,-0.00,-0.03,-0.01
144966,0.00,-0.03,-0.01
145143,0.00,-0.03,-0.01
145321,0.00,-0.03,0.00
145498,0.01,-0.04,-0.01
145676,0.00,-0.03,-0.01
145853,-0.00,-0.03,-0.01
146031,-0.00,-0.03,-0.01
146208,0.00,-0.03,-0.01
146386,0.00,-0.03,-0.01
146563,0.00,-0.03,-0.01
146740,0.00,-0.03,-0.01
146829,0.01,-0.03,-0.01
146918,0.00,-0.03,-0.01
147007,0.00,-0.02,-0.01
147095,-0.00,-0.03,-0.01
147184,-0.00,-0.03,-0.01
147273,0.00,-0.03,-0.01
147362,0.01,-0.02,-0.01
147450,0.01,-0.03,-0.01
147539,0.01,-0.03,-0.01
147628,0.00,-0.03,-0.01
147805,0.00,-0.02,-0.01
147894,-0.01,-0.03,-0.01
148072,-0.01,-0.03,-0.01
148249,0.00,-0.03,-0.01
148426,0.00,-0.03,-0.01
148604,-0.01,-0.03,-0.01
148781,-0.00,-0.03,-0.01
148870,-0.00,-0.03,-0.00
148959,0.00,-0.03,-0.01
149048,0.01,-0.03,-0.01
149136,0.01,-0.03,-0.01
149225,0.01,-0.02,-0.01
149314,0.01,-0.03,-0.00
149403,0.00,-0.03,-0.00
149491,-0.00,-0.03,-0.01
149580,-0.00,-0.03,-0.01
149669,-0.00,-0.03,-0.00
149758,0.00,-0.02,-0.00
149846,0.00,-0.02,-0.00
149935,-0.00,-0.03,-0.01
150024,-0.01,-0.03,-0.00
150113,-0.01,-0.03,-0.00
150201,0.00,-0.03,-0.00
150290,0.00,-0.03,0.00
150379,0.00,-0.03,-0.00
150467,0.00,-0.03,-0.00
150556,0.00,-0.03,-0.00
150645,0.00,-0.03,-0.00
150734,0.00,-0.03,-0.00
150823,-0.00,-0.03,-0.00
150911,-0.01,-0.03,-0.00
151000,-0.00,-0.03,0.00
151089,0.00,-0.03,-0.01
151177,0.00,-0.03,0.00
151266,-0.00,-0.03,-0.00
151355,0.00,-0.03,-0.00
151444,0.00,-0.04,-0.01
151532,0.00,-0.04,0.00
151621,-0.00,-0.03,0.00
151710,0.01,-0.03,-0.00
151799,0.01,-0.04,0.00
151887,0.00,-0.03,-0.00
151976,-0.01,-0.03,-0.00
152065,-0.01,-0.04,0.00
152154,-0.01,-0.04,0.01
152242,-0.00,-0.04,0.01
152331,0.00,-0.04,0.00
152420,0.00,-0.04,0.00
152509,0.01,-0.04,0.01
152597,0.00,-0.04,0.00
152686,0.00,-0.04,0.01
152775,-0.00,-0.04,0.00
152863,-0.00,-0.04,0.01
152952,-0.00,-0.04,0.00
153041,-0.00,-0.04,0.00
153130,-0.00,-0.04,0.01
153218,-0.00,-0.04,0.00
153307,-0.00,-0.04,0.01
153396,0.00,-0.04,0.01
153485,0.01,-0.04,0.00
153573,0.00,-0.04,0.00
153662,-0.00,-0.04,0.02
153751,-0.00,-0.04,0.01
153840,-0.01,-0.04,0.01
154106,-0.00,-0.05,0.01
154283,-0.00,-0.04,0.01
154461,-0.00,-0.05,0.01
154638,-0.00,-0.05,0.00
154816,0.01,-0.04,0.01
154993,-0.01,-0.05,0.01
155171,0.00,-0.05,0.01
155348,-0.00,-0.05,0.01
155526,-0.01,-0.05,0.01
155703,0.01,-0.05,0.01
155881,0.01,-0.05,0.01
156058,-0.00,-0.05,0.01
156236,-0.01,-0.05,0.01
156413,-0.00,-0.05,0.01
156591,-0.00,-0.05,0.01
156768,-0.00,-0.05,0.01
156945,0.01,-0.05,0.01
157123,-0.00,-0.05,0.01
157300,0.00,-0.05,0.01
157478,-0.00,-0.05,0.01
157655,-0.01,-0.05,0.01
157833,-0.00,-0.05,0.01
157922,-0.01,-0.05,0.01
158010,0.00,-0.04,0.02
158099,-0.01,-0.05,0.01
158188,-0.00,-0.04,0.01
158277,0.00,-0.04,0.01
158365,-0.00,-0.05,0.01
158454,0.00,-0.05,0.01
158543,-0.01,-0.04,0.01
158632,-0.01,-0.05,0.01
158720,-0.00,-0.05,0.01
158809,0.00,-0.05,0.01
158898,-0.00,-0.05,0.02
158986,-0.00,-0.05,0.01
159075,-0.00,-0.05,0.01
159164,0.00,-0.05,0.01
159253,-0.01,-0.05,0.01
159341,-0.00,-0.04,0.02
159430,0.01,-0.05,0.01
159519,-0.00,-0.05,0.02
159608,-0.00,-0.05,0.02
159696,-0.00,-0.05,0.01
159874,-0.00,-0.05,0.01
160051,-0.00,-0.05,0.01
160229,-0.00,-0.05,0.01
160406,0.00,-0.05,0.01
160584,0.01,-0.05,0.02
160761,0.00,-0.05,0.01
160939,-0.00,-0.05,0.01
161116,0.00,-0.05,0.01
161294,-0.00,-0.05,0.02
161471,0.00,-0.05,0.02
161649,0.00,-0.05,0.02
161826,-0.00,-0.05,0.01
162003,0.00,-0.05,0.02
162181,0.00,-0.05,0.02
162358,0.01,-0.05,0.02
162536,0.00,-0.05,0.01
162713,0.00,-0.05,0.01
162891,-0.00,-0.05,0.02
163068,-0.00,-0.05,0.02
163672,0.00,-0.05,0.01
163760,0.01,-0.05,0.01
163849,0.00,-0.04,0.01
163938,-0.00,-0.05,0.01
164027,-0.00,-0.05,0.01
164115,0.00,-0.04,0.01
164204,-0.00,-0.05,0.01
164293,0.00,-0.05,0.01
164382,0.00,-0.05,0.01
164470,0.00,-0.05,0.01
164559,-0.00,-0.04,0.01
164648,-0.00,-0.05,0.01
164737,0.00,-0.05,0.01
164825,-0.01,-0.05,0.01
164914,-0.00,-0.04,0.01
165003,0.00,-0.04,0.01
165091,0.00,-0.04,0.01
165180,0.01,-0.04,0.01
165269,0.00,-0.05,0.01
165358,-0.00,-0.04,0.01
165447,-0.00,-0.04,0.01
165535,-0.00,-0.04,0.01
165624,-0.01,-0.05,0.01
165801,-0.00,-0.04,0.01
165979,-0.00,-0.05,0.01
166156,-0.00,-0.04,0.01
166334,0.00,-0.04,0.01
166511,0.01,-0.04,0.01
166689,0.00,-0.04,0.02
166866,0.00,-0.05,0.01
167044,0.00,-0.04,0.01
167221,-0.01,-0.04,0.00
167399,0.00,-0.04,0.00
167576,0.01,-0.04,0.00
167754,-0.00,-0.04,0.00
167931,0.00,-0.04,0.01
168109,-0.00,-0.04,0.00
168286,0.00,-0.04,0.00
168464,0.00,-0.04,0.00
168641,0.00,-0.04,0.00
168818,0.00,-0.04,-0.00
168907,-0.00,-0.04,0.00
168996,0.00,-0.04,0.00
169085,0.00,-0.03,0.01
169173,-0.00,-0.04,0.00
169262,-0.00,-0.04,0.01
169351,0.00,-0.04,0.00
169440,0.00,-0.04,0.00
169528,-0.00,-0.04,0.00
169617,0.00,-0.04,0.00
169706,0.00,-0.04,0.00
169795,0.00,-0.04,0.00
169883,-0.00,-0.05,0.00
169972,0.00,-0.04,0.00
170061,-0.00,-0.05,0.00
170149,-0.01,-0.04,0.00
170238,-0.00,-0.04,0.00
170327,-0.01,-0.04,0.00
170416,-0.00,-0.04,0.00
170504,-0.00,-0.04,0.00
170593,0.00,-0.05,0.00
170682,-0.00,-0.04,0.01
170771,0.00,-0.04,0.00
170859,0.00,-0.04,0.00
170948,-0.00,-0.04,0.00
171037,0.00,-0.04,0.00
171126,-0.00,-0.04,0.00
171214,0.00,-0.04,0.00
171303,0.00,-0.04,0.01
171392,-0.00,-0.04,0.01
171480,0.00,-0.04,0.00
171658,-0.00,-0.04,0.01
171835,0.00,-0.04,0.01
172013,-0.00,-0.05,0.01
172190,0.00,-0.05,0.01
172368,-0.00,-0.04,0.00
172545,-0.00,-0.05,0.00
172723,-0.00,-0.05,0.01
172900,-0.00,-0.05,0.01
173078,0.00,-0.05,0.01
173255,-0.01,-0.04,0.01
173432,-0.00,-0.05,0.01
173610,0.00,-0.05,0.01
173787,0.00,-0.05,0.01
173965,-0.01,-0.05,0.01
174142,0.00,-0.04,0.01
174320,-0.00,-0.05,0.01
174497,-0.00,-0.04,0.00
174675,0.01,-0.05,0.00
174852,0.00,-0.04,0.01
175030,-0.00,-0.04,0.00
175207,0.01,-0.04,0.01
175385,-0.00,-0.05,0.01
175562,-0.00,-0.05,0.00
175740,0.00,-0.05,0.00
175917,-0.00,-0.05,0.01
176095,0.01,-0.04,0.00
176272,-0.00,-0.04,0.00
176449,-0.00,-0.05,0.00
176538,0.00,-0.05,0.00
176716,-0.00,-0.05,0.00
176804,0.00,-0.05,0.00
176982,-0.00,-0.05,0.00
177159,0.00,-0.05,0.01
177337,-0.00,-0.05,0.01
177514,0.00,-0.05,0.00
177692,0.00,-0.05,0.00
177869,0.00,-0.04,0.01
177958,0.00,-0.05,326.44
178047,0.01,-0.05,0.01
178135,0.00,-0.05,0.01
178224,0.00,-0.05,0.00
178313,-0.00,-0.04,0.01
178402,0.00,-0.05,0.01
178490,-0.00,-0.05,-0.01
178579,-0.01,-0.04,0.01
178668,0.00,-0.05,0.00
178757,-0.01,-0.05,0.01
178845,0.01,-0.05,0.00
178934,-0.00,-0.05,0.00
179023,0.00,-0.05,0.00
179111,0.00,-0.05,0.00
179200,0.00,-0.05,0.00
179289,0.00,-0.05,0.00
179378,0.00,-0.05,0.00
179466,0.00,-0.05,0.00
179555,0.00,-0.05,0.01
179644,0.01,-0.05,0.01
179733,0.00,-0.05,0.00
179821,-0.00,-0.05,0.01
179910,0.00,-0.05,0.01
179999,0.00,-0.05,0.00
180088,0.00,-0.05,0.00
180176,0.00,-0.05,0.01
180265,-0.00,-0.05,0.00
180354,-0.00,-0.05,0.01
180442,0.00,-0.05,0.00
180531,-0.00,-0.05,0.00
180620,0.00,-0.05,0.00
180709,0.00,-0.05,0.00
180797,0.00,-0.05,0.00
180886,0.00,-0.05,0.00
180975,-0.00,-0.05,0.01
181064,0.01,-0.05,0.00
181152,0.01,-0.05,0.00
181241,0.01,-0.05,0.00
181330,0.00,-0.05,0.00
181419,0.00,-0.05,0.00
181507,0.00,-0.04,-0.00
181596,-0.00,-0.05,0.00
181685,0.00,-0.05,0.00
181773,0.01,-0.05,0.00
181862,-0.00,-0.05,0.00
181951,-0.00,-0.05,0.01
182040,0.00,-0.05,0.00
182128,0.00,-0.06,0.00
182217,0.01,-0.05,0.00
182306,0.00,-0.05,0.00
182395,-0.00,-0.05,0.00
182483,0.00,-0.05,0.00
182572,0.00,-0.05,0.01
182661,-0.00,-0.05,0.00
182750,-0.00,-0.05,0.00
182838,0.00,-0.05,-0.00
182927,-0.00,-0.05,0.00
183016,0.00,-0.05,0.00
183105,0.00,-0.05,0.00
183193,0.00,-0.05,0.00
183282,0.00,-0.05,0.00
183459,0.00,-0.05,0.01
183637,-0.00,-0.05,0.00
183814,-0.01,-0.05,0.00
183992,0.00,-0.05,0.00
184169,-0.00,-0.05,0.00
184347,0.00,-0.06,0.01
184524,0.00,-0.05,0.01
184702,-0.00,-0.05,0.01
184879,-0.01,-0.05,0.01
185057,-0.00,-0.05,0.01
185234,0.00,-0.05,0.01
185412,0.01,-0.06,0.01
185589,-0.00,-0.05,0.01
185767,0.00,-0.05,0.01
185944,-0.00,-0.05,0.01
186121,-0.01,-0.05,0.01
186299,0.00,-0.05,0.00
186476,-0.01,-0.05,-0.00
186654,0.00,-0.05,0.00
186831,0.00,-0.05,0.00
187009,-0.00,-0.05,0.00
187098,0.00,-0.04,0.00
187186,0.00,-0.05,0.00
187275,-0.00,-0.04,-0.00
187364,-0.00,-0.04,-0.00
187453,0.01,-0.04,-0.00
187541,0.01,-0.04,-0.00
187630,0.00,-0.04,-0.01
187719,0.00,-0.05,-0.00
187807,0.01,-0.04,-0.00
187896,0.00,-0.04,-0.00
187985,-0.00,-0.04,-0.00
188074,-0.00,-0.05,-0.00
188162,0.00,-0.05,-0.00
188251,0.01,-0.04,-0.00
188340,0.00,-0.04,-0.01
188429,-0.00,-0.04,-0.00
188517,0.00,-0.04,-0.01
188606,0.00,-0.04,-0.00
188695,0.01,-0.05,-0.01
188784,0.00,-0.04,-0.00
188872,-0.00,-0.05,-0.01
188961,0.01,-0.04,-0.00
189050,0.00,-0.04,-0.00
189139,0.00,-0.04,-0.00
189316,0.00,-0.05,-0.00
189493,0.00,-0.04,-0.00
189671,0.01,-0.04,-0.00
189848,-0.00,-0.05,0.00
190026,0.01,-0.05,-0.01
190203,0.01,-0.04,-0.01
190381,-0.00,-0.04,-0.01
190558,0.00,-0.04,-0.01
190736,0.00,-0.04,-0.00
190913,0.01,-0.04,-0.01
191091,-0.01,-0.05,-0.01
191268,0.01,-0.03,0.00
191446,-0.01,-0.05,-0.01
191623,0.01,-0.04,-0.00
191801,0.01,-0.05,-0.00
191978,0.00,-0.05,-0.00
192156,0.00,-0.05,-0.00
192333,0.00,-0.05,0.00
192511,0.00,-0.05,-0.00
192688,-0.00,-0.05,0.00
192865,0.00,-0.05,-0.00
193043,0.00,-0.05,0.00
193132,0.01,-0.05,-0.00
193220,0.01,-0.05,0.00
193309,0.00,-0.05,0.00
193398,0.00,-0.05,-0.00
193487,-0.01,-0.06,-0.00
193575,0.00,-0.05,0.00
193664,0.00,-0.05,0.01
193753,0.00,-0.05,-0.00
193842,-0.00,-0.05,0.00
193930,0.00,-0.05,-0.00
194019,0.00,-0.06,0.00
194108,0.00,-0.05,0.00
194197,-0.00,-0.05,0.00
194285,-0.01,-0.05,0.00
194374,0.00,-0.05,0.00
194463,0.00,-0.05,0.00
194551,0.01,-0.05,0.00
194640,0.00,-0.05,0.00
194729,-0.00,-0.05,0.00
194818,0.00,-0.05,0.01
194995,0.00,-0.06,0.01
195173,-0.00,-0.06,0.01
195350,0.00,-0.06,0.01
195528,-0.00,-0.05,0.01
195705,0.00,-0.06,0.01
195883,0.00,-0.06,0.01
196060,0.00,-0.06,0.01
196237,0.01,-0.06,0.01
196326,0.01,-0.06,0.01
196415,-0.00,-0.06,0.01
196504,-0.00,-0.06,0.01
196592,0.00,-0.06,0.01
196681,0.00,-0.06,0.01
196770,0.01,-0.06,0.01
196859,0.00,-0.06,0.01
196947,-0.00,-0.06,0.01
197036,0.00,-0.06,0.01
197125,0.00,-0.06,0.01
197214,0.00,-0.06,0.01
197302,0.00,-0.06,0.01
197391,0.01,-0.06,0.01
197480,0.01,-0.06,0.01
197569,0.01,-0.06,0.01
197657,0.00,-0.06,0.01
197746,-0.00,-0.06,0.01
197835,0.00,-0.07,0.01
197924,-0.00,-0.06,0.01
198012,0.00,-0.06,0.01
198101,-0.00,-0.06,0.01
198190,0.00,-0.06,0.01
198278,0.00,-0.06,0.01
198367,0.00,-0.06,0.01
198456,0.00,-0.06,0.01
198545,-0.00,-0.06,0.01
198633,-0.00,-0.06,0.01
198722,-0.00,-0.06,0.01
198811,-0.00,-0.06,0.01
198900,0.00,-0.06,0.01
198988,0.01,-0.06,0.01
199077,0.00,-0.07,0.01
199166,-0.00,-0.06,0.01
199255,-0.01,-0.06,0.01
199343,-0.01,-0.06,0.01
199432,0.00,-0.06,0.01
199521,0.01,-0.06,0.01
199609,0.00,-0.06,0.01
199698,-0.00,-0.06,0.01
199787,-0.00,-0.06,0.01
199876,0.00,-0.07,0.01
199964,0.00,-0.07,0.01
200053,0.01,-0.07,0.01
200142,0.01,-0.07,0.01
200231,0.01,-0.06,0.01
200319,-0.00,-0.06,0.01
200408,-0.00,-0.06,0.01
200497,0.01,-0.06,0.01
200586,-0.00,-0.06,0.01
200674,-0.00,-0.06,0.01
200763,0.00,-0.06,0.01
200852,0.00,-0.06,0.01
200941,-0.00,-78.77,0.01
201118,-0.00,-0.06,0.01
201295,0.00,-0.06,0.01
201473,-0.00,-0.06,0.01
201650,0.00,-0.06,0.01
201828,0.00,-0.07,0.01
202005,0.00,-0.06,0.01
202183,0.01,-0.06,0.01
202360,0.00,-0.06,0.01
202538,-0.00,-0.06,0.01
202715,0.00,-0.06,0.01
202893,0.00,-0.06,0.00
203070,0.00,-0.06,0.01
203248,0.00,-0.06,0.01
203425,0.00,-0.06,0.01
203603,0.00,-0.06,0.01
203780,0.00,-0.06,0.01
203958,0.00,-0.06,0.01
204135,-0.01,-0.06,0.01
204313,0.00,-0.06,0.01
204490,-0.01,-0.06,0.01
204668,0.01,-0.06,0.01
204845,0.00,-0.06,0.01
205022,0.00,-0.05,0.01
205200,0.01,-0.06,0.01
205289,0.00,-0.05,0.01
205377,0.00,-0.05,0.01
205466,0.00,-0.05,0.01
205555,0.00,-0.06,0.01
205644,0.00,-0.05,0.01
205732,0.00,-0.06,0.00
205821,0.00,-0.05,0.01
205910,-0.00,-0.05,0.00
205999,-0.00,-0.05,0.01
206087,-0.00,-0.05,0.01
206176,0.00,-0.05,0.01
206265,0.00,-0.06,0.00
206354,0.01,-0.06,0.01
206442,0.01,-0.06,0.01
206531,0.01,-0.06,0.01
206620,0.00,-0.06,0.01
206709,0.00,-0.05,0.00
206886,0.00,-0.06,0.00
207063,0.01,-0.05,0.01
207241,-0.00,-0.05,0.00
207418,0.01,-0.05,0.01
207596,-0.00,-0.05,0.01
207773,0.00,-0.05,0.00
207951,0.00,-0.05,0.00
208128,0.00,-0.05,0.00
208306,0.01,-0.05,0.01
208483,0.00,-0.04,0.00
208661,0.01,-0.05,0.01
208838,0.00,-0.05,-0.00
209016,-0.00,-0.05,0.01
209193,0.01,-0.05,0.01
209371,0.01,-0.05,0.00
209548,0.00,-0.05,0.00
209726,0.00,-0.05,0.01
209814,-0.00,-0.05,0.00
209903,0.00,-0.05,0.01
209992,0.01,-0.05,0.00
210081,0.00,-0.05,0.01
210169,0.00,-0.05,0.01
210258,0.00,-0.05,0.01
210347,-0.00,-0.05,0.00
210436,0.01,-0.05,0.01
210524,0.01,-0.05,0.01
210613,0.00,-0.05,0.01
210702,-0.00,-0.05,0.00
210791,0.00,-0.05,0.01
210879,0.01,-0.05,0.01
210968,0.00,-0.05,0.00
211057,0.00,-0.06,0.00
211146,0.00,-0.05,0.01
211234,0.00,-0.05,0.00
211323,0.00,-0.05,0.00
211412,0.01,-0.05,0.01
211501,0.01,-0.05,0.01
211589,0.00,-0.05,0.01
211678,0.01,-0.06,0.01
211767,0.00,-0.05,0.00
211855,-0.00,-0.06,0.01
211944,0.00,-0.05,0.01
212033,0.00,-0.05,0.01
212122,0.01,-0.05,0.01
212210,0.00,-0.06,0.01
212299,0.00,-0.05,0.01
212388,-0.00,-0.05,0.01
212477,-0.00,-0.05,0.01
212565,-0.00,-0.06,0.00
212654,0.00,-0.06,0.00
212832,0.00,-0.05,0.01
213009,-0.00,-0.06,0.01
213187,-0.00,-0.06,0.01
213364,-0.00,-0.05,0.01
213542,0.00,-0.05,0.01
213719,-0.00,-0.05,0.01
213896,0.01,-0.05,0.01
214074,-0.00,-0.05,0.01
214251,-0.00,-0.05,0.01
214429,0.00,-0.05,0.01
214518,0.00,-0.05,0.01
214606,-0.00,-0.05,0.01
214695,0.00,-0.05,0.01
214784,0.01,-0.05,0.01
214873,0.00,-0.05,0.01
214961,0.01,-0.05,0.01
215050,0.00,-0.05,0.01
215139,0.00,-0.05,0.01
215228,0.00,-0.05,0.01
215316,0.00,-0.06,0.01
215405,0.01,-0.05,0.01
215494,0.00,-0.06,0.01
215583,0.00,-0.05,0.01
215671,0.00,-0.06,0.01
215760,0.01,-0.05,0.01
215849,0.01,-0.05,0.01
215937,0.00,-0.05,0.01
216026,0.00,-0.05,0.01
216115,0.00,-0.05,0.01
216204,0.00,-0.05,0.01
216292,0.01,-0.06,0.01
216381,0.01,-0.06,0.01
216470,0.00,-0.06,0.01
216559,-0.00,-0.05,0.01
216647,-0.00,-0.05,0.01
216736,0.00,-0.06,0.01
216825,0.00,-0.05,0.01
216914,0.01,-0.06,0.01
217002,0.00,-0.06,0.01
217091,0.00,-0.05,0.02
217180,0.00,-0.05,0.01
217268,-0.00,-0.06,0.01
217357,-0.00,-0.06,0.01
217446,0.00,-0.06,0.02
217535,0.00,-0.05,0.02
217623,-0.00,-0.06,0.01
217712,0.01,-0.06,0.02
217801,0.00,-0.06,0.01
217890,0.00,-0.06,0.02
217978,0.00,-0.06,0.02
218067,0.01,-0.06,0.02
218156,0.00,-0.06,0.01
218245,-0.00,-0.06,0.02
218333,0.00,-0.06,0.02
218422,0.00,-0.06,0.01
218511,0.00,-0.06,0.02
218688,0.01,-0.06,0.02
218866,0.00,-0.06,0.02
219043,0.01,-0.06,0.02
219221,0.00,-0.06,0.03
219398,-0.00,-0.06,0.03
219576,0.01,-0.07,0.02
219753,-0.00,-0.07,0.03
219931,0.00,-0.07,0.02
220108,-0.00,-0.06,0.03
220286,0.01,-0.07,0.03
220463,0.01,-0.07,0.03
220641,-0.00,-0.07,0.03
220818,-0.00,-0.07,0.03
220995,0.01,-0.07,0.03
221173,0.00,-0.07,0.03
221350,0.00,-0.07,0.03
221528,0.00,-0.08,0.03
221705,0.00,-0.07,0.03
221883,0.01,-0.07,0.03
222060,0.00,-0.07,0.03
222238,0.00,-0.07,0.03
222415,0.01,-0.07,0.03
222593,0.01,-0.07,0.03
222770,0.01,-0.08,0.03
222948,0.00,-0.07,0.04
223125,0.00,-0.08,0.03
223303,0.01,-0.08,0.04
223480,0.00,-0.08,0.04
223569,0.00,-0.07,0.03
223658,0.00,-0.07,0.03
223746,0.01,-0.08,0.03
223835,0.01,-0.07,0.04
223924,-0.00,-0.07,0.03
224013,0.00,-0.07,0.04
224101,-0.00,-0.07,0.03
224190,0.00,-0.08,0.03
224279,0.01,-0.07,0.04
224368,0.01,-0.07,0.04
224545,0.01,-0.07,0.04
224723,0.00,-0.08,0.04
224900,-0.00,-0.08,0.03
225077,0.01,-0.08,0.03
225255,0.01,-0.08,0.03
225432,0.01,-0.08,0.04
225610,0.00,-0.08,0.04
225787,0.01,-0.08,0.03
225965,0.01,-0.08,0.04
226142,0.01,-0.08,0.03
226320,0.00,-0.08,0.04
226409,0.00,-0.08,0.04
226497,0.00,-0.08,0.04
226586,-0.00,-0.08,0.04
226675,0.00,-0.08,0.04
226763,0.00,-0.08,0.04
226852,-0.00,-0.08,0.04
226941,0.00,-0.08,0.04
227030,0.00,-0.08,0.03
227118,0.01,-0.08,0.04
227207,0.00,-0.08,0.04
227296,0.01,-0.08,0.04
227385,0.01,-0.08,0.04
227473,0.00,-0.08,0.04
227562,0.00,-0.08,0.03
227651,0.00,-0.08,0.04
227740,0.01,-0.08,0.03
227828,0.01,-0.08,0.03
227917,0.00,-0.08,0.03
228006,0.00,-0.08,0.04
228095,0.00,-0.08,0.04
228183,0.00,-0.08,0.03
228272,0.00,-0.08,0.03
228361,0.00,-0.08,0.03
228450,-0.00,-0.08,0.04
228538,0.00,-0.07,0.03
228627,-0.00,-0.08,0.04
228716,0.00,-0.08,0.04
228804,0.00,-0.07,0.03
228893,0.00,-0.08,0.03
228982,0.00,-0.08,0.03
229071,0.00,-0.07,0.03
229159,0.01,-0.07,0.03
229248,0.00,-0.07,0.03
229337,0.00,-0.07,0.03
229426,0.00,-0.07,0.03
229514,-0.00,-0.08,0.03
229603,0.00,-0.07,0.03
229692,0.01,-0.08,0.03
229781,0.01,-0.07,0.03
229869,0.00,-0.06,0.03
229958,-0.00,-0.06,0.03
230047,0.00,-0.07,0.03
230136,0.00,-0.07,0.03
230224,0.01,-0.07,0.03
230313,0.01,-0.06,0.03
230490,0.01,-0.07,0.03
230668,0.01,-0.06,0.03
230845,-0.00,-0.06,0.03
231023,0.00,-0.06,0.02
231200,0.00,-0.06,0.02
231378,0.00,-0.06,0.02
231555,-0.01,-0.06,0.02
231733,0.00,-0.06,0.02
231910,0.00,-0.06,0.02
232088,0.00,-0.06,0.02
232265,0.00,-0.06,0.02
232443,-0.00,-0.05,0.02
232532,0.00,-0.05,-302.91
232620,0.00,-0.05,0.02
232709,0.00,-0.05,0.02
232798,0.00,-0.06,0.02
232886,0.00,-0.06,0.02
232975,0.01,-0.06,0.01
233064,0.01,-0.05,0.02
233153,0.01,-0.06,0.02
233241,0.00,-0.06,0.02
233330,0.00,-0.05,0.02
233419,0.00,-0.05,0.02
233508,0.00,-0.05,0.02
233596,0.00,-0.06,0.02
233685,0.00,-0.06,0.02
233774,0.00,-0.05,0.02
233863,-0.00,-0.05,0.02
233951,0.00,-0.06,0.02
234040,0.01,-0.06,0.02
234129,0.00,-0.06,0.02
234218,0.00,-0.06,0.01
234306,0.00,-0.06,0.01
234395,0.00,-0.06,0.02
234484,0.00,-0.06,0.02
234572,0.00,-0.06,0.02
234661,0.00,-0.06,0.02
234750,0.00,-0.06,0.02
234839,-0.00,-0.05,0.02
234927,0.00,-0.06,0.02
235016,0.01,-0.06,0.02
235105,0.00,-0.06,0.02
235194,0.00,-0.06,0.02
235282,0.01,-0.06,0.02
235371,0.00,-0.06,0.02
235460,0.00,-0.06,0.02
235549,0.00,-0.06,0.02
235637,0.00,-0.06,0.02
235726,0.01,-0.06,0.02
235815,0.01,-0.06,0.03
235904,0.01,-0.06,0.02
235992,0.00,-0.06,0.02
236081,-0.00,-0.06,0.02
236170,0.00,-0.07,0.02
236347,0.00,-0.06,0.02
236525,-0.00,-0.07,0.02
236702,-0.01,-0.07,0.02
236880,0.00,-0.07,0.02
237057,0.01,-0.07,0.02
237235,0.01,-0.07,0.02
237412,0.01,-0.07,0.02
237590,0.01,-0.07,0.03
237767,0.00,-0.07,0.02
237945,0.00,-0.07,0.02
238122,0.01,-0.07,0.02
238299,0.00,-0.07,0.02
238477,0.01,-0.07,0.02
238654,0.01,-0.07,0.02
238832,0.00,-0.07,0.02
239009,0.00,-0.08,0.03
239187,-0.00,-0.07,0.03
239364,0.01,-0.08,0.02
239542,0.01,-0.08,0.03
239719,0.01,-0.08,0.02
239897,0.01,-0.08,0.02
240074,0.01,-0.08,0.03
240252,0.00,-0.08,0.03
240429,-0.00,-0.08,0.02
240607,0.00,-0.07,0.03
240784,0.01,-0.07,0.03
240962,0.01,-0.07,0.02
241139,0.01,-0.07,0.02
241316,0.00,-0.07,0.03
241494,-0.00,-0.08,0.03
241671,0.00,-0.08,0.03
241760,0.01,-0.08,0.03
241849,0.00,-0.08,0.03
241938,0.01,-0.07,0.03
242026,0.00,-0.08,0.02
242204,0.01,-0.08,0.02
242381,-0.01,-0.07,0.03
242559,0.00,-0.07,0.03
242736,-0.00,-0.07,0.03
242914,0.01,-0.07,0.03
243002,783.34,-0.07,0.03
243091,0.01,-0.08,0.02
243180,0.00,-0.07,0.02
243269,0.01,-0.07,0.03
243357,0.01,-0.06,0.03
243446,0.01,-0.08,0.02
243535,-0.00,-0.08,0.02
243624,0.00,-0.07,0.03
243712,0.01,-0.07,0.02
243801,0.00,-0.07,0.02
243890,-0.00,-0.07,0.02
243979,-0.00,-0.07,0.02
244067,0.00,-0.07,0.02
244156,0.01,-0.06,0.02
244245,0.00,-0.07,0.02
244334,-0.00,-0.07,0.02
244422,-0.01,-0.06,0.03
244511,0.00,-0.07,0.02
244600,0.00,-0.06,0.02
244688,0.00,-0.07,0.02
244777,-0.00,-0.06,0.02
244866,0.00,-0.07,0.02
244955,-0.00,-0.07,0.02
245043,-0.00,-0.07,0.02
245132,-0.00,-0.06,0.02
245221,-0.01,-0.07,0.02
245310,-0.00,-0.06,0.03
245398,0.01,-0.07,0.01
245487,-0.00,-0.06,0.02
245576,0.00,-0.06,0.01
245665,-0.00,-0.07,0.02
245753,0.00,-0.06,0.03
245842,0.00,-0.07,0.02
245931,0.00,-0.06,0.02
246020,-0.00,-0.06,0.02
246108,0.00,-0.07,0.02
246197,0.00,-0.07,0.02
246286,0.00,-0.06,0.02
246375,0.00,-0.07,0.03
246463,0.01,-0.06,0.02
246552,-0.00,-0.07,0.02
246641,-0.00,-0.06,0.03
246729,0.01,-0.06,0.02
246818,0.00,-0.06,0.02
246907,-0.01,-0.06,0.02
246996,0.00,-0.06,0.02
247084,0.01,-0.06,0.02
247173,0.00,-0.06,0.02
247262,0.01,-0.06,0.02
247351,0.01,-0.06,0.02
247439,-0.01,-0.06,0.02
247528,-0.01,-0.06,0.02
247617,-0.00,-0.06,0.02
247706,0.01,-0.06,0.02
247794,0.00,-0.06,0.02
247883,-0.00,-0.06,0.02
247972,0.00,-0.06,0.01
248149,0.00,-0.06,0.02
248327,0.01,-0.06,0.02
248504,0.00,-0.06,0.02
248682,0.00,-0.06,0.02
248859,0.00,-0.06,0.01
249037,0.00,-0.06,0.02
249214,0.00,-0.07,0.02
249392,0.01,-0.06,0.02
249569,0.01,-0.06,0.02
249747,0.00,-0.07,0.02
249924,0.00,-0.06,0.02
250102,0.00,-0.06,0.02
250279,-0.00,-0.06,0.02
250457,0.01,-0.06,0.02
250634,0.01,-0.06,0.02
250723,0.00,-0.06,0.02
250811,-0.00,-0.06,0.02
250900,0.00,-0.06,0.02
250989,-0.00,-0.07,0.02
251078,0.00,-0.06,0.02
251166,0.00,-0.06,0.02
251255,0.00,-0.06,0.02
251344,0.00,-0.07,0.02
251433,-0.00,-0.07,0.02
251521,0.00,-0.07,0.02
251610,0.01,-0.06,0.02
251699,0.00,-0.06,0.02
251788,0.00,-0.07,0.02
251876,0.00,-0.07,0.02
251965,-0.00,-0.07,0.02
252054,0.00,-0.07,0.02
252143,0.00,-0.06,0.02
252231,0.00,-0.06,0.02
252320,0.00,-0.06,0.02
252409,0.01,-0.06,0.02
252497,0.00,-0.07,0.02
252586,0.00,-0.07,0.02
252675,-0.00,-0.06,0.02
252764,0.00,-0.06,0.03
252852,-0.01,-0.07,0.02
252941,-0.01,-0.07,0.02
253030,0.00,-0.06,0.02
253119,0.00,-0.06,0.02
253207,0.00,-0.06,0.02
253296,0.01,-0.07,0.02
253385,0.00,-0.06,0.02
253474,0.01,-0.06,0.02
253562,0.01,-0.06,0.02
253651,0.01,-0.07,0.02
253740,0.01,-0.06,0.02
253829,0.01,-0.06,0.02
254006,0.00,-0.06,0.02
254183,0.01,-0.06,0.02
254361,-0.00,-0.07,0.02
254538,0.00,-0.07,0.02
254716,0.01,-0.06,0.02
254893,0.00,-0.06,0.02
255071,-0.00,-0.06,0.02
255248,0.00,-0.06,0.02
255426,-0.00,-0.07,0.02
255603,0.01,-0.07,0.02
255781,0.01,-0.07,0.01
255958,0.00,-0.06,0.02
256136,0.00,-0.06,0.02
256313,0.00,-0.06,0.02
256491,0.00,-0.06,0.02
256668,0.00,-0.06,0.02
256846,-0.00,-0.06,0.02
257023,0.01,-0.07,0.02
257201,-0.00,-0.07,0.02
257378,-0.00,-0.06,0.02
257556,0.00,-0.07,0.02
257733,-0.00,-0.06,0.02
257911,-0.00,-0.06,0.02
258088,-0.00,-0.06,0.02
258265,0.00,-0.06,0.02
258443,0.01,-0.06,0.01
258620,-0.00,-0.06,0.01
258798,0.01,-0.06,0.01
258975,-0.00,-0.06,0.01
259153,-0.00,-0.06,0.02
259330,0.00,-0.05,0.01
259508,0.01,-0.06,0.01
259685,-0.00,-0.06,0.01
259774,0.00,-0.06,222.87
259863,0.01,-0.06,0.01
259952,0.00,-0.06,0.01
260040,0.01,-0.06,0.01
260129,0.00,-0.06,0.01
260218,0.01,-0.06,0.01
260306,0.00,-0.05,0.01
260395,-0.00,-0.05,0.01
260484,0.00,-0.06,0.01
260573,-0.00,-0.06,0.01
260661,-0.00,-0.06,0.01
260750,0.01,-0.06,0.01
260839,0.00,-0.06,0.01
260928,0.00,-0.06,0.01
261016,0.01,-0.05,0.01
261105,-0.00,-0.06,0.01
261194,-0.00,-0.05,0.01
261283,0.00,-0.06,0.01
261371,0.00,-0.06,0.01
261460,0.00,-0.06,0.01
261549,0.00,-0.06,0.01
261638,0.00,-0.06,0.01
261726,-0.00,-0.06,0.01
261815,0.00,-0.06,0.01
261904,0.00,-0.05,0.01
261993,0.00,-0.06,0.01
262081,0.01,-0.06,0.01
262170,0.00,-0.06,0.01
262259,-0.00,-0.06,0.01
262347,-0.01,-0.06,0.01
262436,-0.01,-0.06,0.01
262525,0.00,-0.06,0.01
262614,-0.00,-0.06,0.01
262702,0.00,-0.06,0.01
262791,0.01,-0.06,0.01
262880,0.00,-0.06,0.01
262969,-0.00,-0.06,0.01
263057,0.00,-0.06,0.01
263146,-0.00,-0.06,0.01
263235,0.00,-0.06,0.01
263324,0.00,-0.06,0.01
263412,0.01,-0.06,0.01
263501,0.01,-0.06,0.01
263590,0.00,-0.06,0.01
263679,0.00,-0.06,0.01
263767,-0.00,-0.06,0.01
263856,0.00,-0.06,0.01
263945,0.01,-0.06,0.01
264034,0.00,-0.06,0.01
264122,0.00,-0.06,0.01
264211,-0.00,-0.06,0.01
264300,0.00,-0.06,0.01
264388,0.00,-0.06,0.01
264477,-0.00,-0.06,0.01
264566,0.00,-0.06,0.01
264655,0.01,-0.06,0.01
264743,0.00,-0.06,0.01
264832,-0.00,-0.06,0.02
264921,0.00,-0.06,0.01
265010,0.00,-0.06,0.01
265098,0.01,-0.06,0.01
265187,0.00,-0.06,0.01
265276,-0.00,-0.06,0.01
265365,-0.00,-0.06,0.01
265453,0.00,-0.06,0.01
265542,0.00,-0.06,0.01
265631,-0.01,-0.06,0.01
265808,0.00,-0.07,0.01
265986,0.01,-0.06,0.01
266163,0.00,-0.06,0.02
266341,0.01,-0.06,0.01
266518,0.01,-0.06,0.01
266696,0.00,-0.05,0.01
266873,0.00,-0.06,0.01
267051,0.00,-0.06,0.01
267228,-0.01,-0.05,0.01
267406,0.00,-0.06,0.01
267583,-0.00,-0.06,0.01
267761,0.00,-0.06,0.01
267938,0.01,-0.06,0.00
268115,0.01,-0.05,0.01
268293,-0.00,-0.06,0.01
268470,-0.00,-0.06,0.01
268648,0.01,-0.05,0.01
268825,0.00,-0.05,0.01
268914,-0.01,-0.06,0.01
269003,-0.00,-0.06,0.01
269092,0.00,-0.06,0.01
269180,0.01,-0.06,0.02
269269,-0.00,-0.06,0.01
269358,-0.00,-0.06,0.01
269447,-0.00,-0.06,0.01
269535,-0.01,-0.06,0.01
269624,-0.00,-0.06,0.01
269713,0.01,-0.06,0.01
269801,0.01,-0.06,0.01
269890,0.01,-0.06,0.01
269979,0.00,-0.06,0.01
270068,-0.00,-0.06,0.01
270156,-0.00,-0.06,0.01
270245,0.00,-0.06,0.02
270334,0.00,-0.06,0.01
270423,0.00,-0.06,0.01
270511,-0.00,-0.06,0.01
270600,0.01,-0.06,0.01
270689,0.01,-0.06,0.01
270778,0.01,-0.05,0.02
270866,0.00,-0.06,0.01
270955,0.01,-0.05,0.01
271044,0.00,-0.06,0.01
271133,-0.01,-0.06,0.01
271221,-0.00,-0.06,0.01
271310,0.00,-0.06,0.01
271399,-0.00,-0.06,0.01
271487,0.00,-492.24,0.01
271665,-0.01,-0.05,0.01
271842,-0.01,-0.06,0.01
272020,-0.00,-0.05,0.02
272197,0.00,-0.06,0.01
272375,0.01,-0.06,0.02
272552,0.00,-0.06,0.02
272730,-0.00,-0.06,0.01
272907,0.01,-0.06,0.02
273085,0.00,-0.07,0.02
273262,0.00,-0.07,0.02
273440,0.00,-0.06,0.02
273617,0.01,-0.07,0.02
273795,-0.00,-0.06,0.02
273972,-0.00,-0.07,0.02
274150,-0.00,-0.06,0.02
274327,0.00,-0.07,0.02
274504,0.00,-0.07,0.02
274682,0.00,-0.07,0.02
274859,0.00,-0.07,0.02
275037,0.01,-0.07,0.02
275214,0.00,-0.07,0.02
275392,0.00,-0.07,0.02
275569,0.00,-0.07,0.02
275747,0.00,-0.07,0.03
275924,-0.01,-0.07,0.03
276102,0.01,-0.08,0.02
276279,0.01,-0.08,0.02
276457,0.01,-0.07,0.02
276545,-0.00,-0.08,0.03
276634,0.01,-0.08,0.03
276812,0.00,-0.08,0.03
276989,0.00,-0.08,0.03
277167,-0.00,-0.08,0.03
277344,-0.00,-0.08,0.03
277521,0.00,-0.08,0.03
277699,0.01,-0.08,0.03
277876,0.01,-0.08,0.03
277965,-0.01,-0.08,0.03
278054,-0.00,-0.08,0.03
278143,0.00,-0.08,0.04
278231,0.01,-0.09,0.03
278320,0.00,-0.08,0.03
278409,-0.00,-0.08,0.03
278498,-0.00,-0.08,0.03
278586,0.01,-0.09,0.03
278675,0.00,-0.08,0.04
278764,0.01,-0.09,0.03
278852,0.00,-0.08,0.03
278941,0.01,-0.09,0.03
279030,0.01,-0.09,0.03
279119,0.01,-0.09,0.03
279207,0.01,-0.09,0.03
279296,0.00,-0.08,0.04
279385,0.01,-0.09,0.03
279474,0.00,-0.08,0.03
279562,0.00,-0.09,0.03
279651,0.00,-0.09,0.03
279740,0.01,-0.08,0.03
279829,0.01,-0.09,0.03
279917,0.00,-0.08,0.03
280006,-0.00,-0.09,0.03
280095,0.00,-0.09,0.03
280183,-0.00,-0.09,0.03
280272,0.00,-0.09,0.03
280361,0.00,-0.09,0.03
280450,-0.00,-0.09,0.03
280538,0.00,-0.09,0.03
280627,0.00,-0.09,0.03
280716,0.00,-0.09,0.03
280805,0.01,-0.09,0.03
280893,0.01,-0.08,0.03
280982,-0.01,-0.09,0.03
281071,0.00,-0.09,0.04
281160,0.01,-0.08,0.03
281248,-0.01,-0.09,0.03
281337,-0.00,-0.08,0.03
281426,-0.00,-0.09,0.03
281514,-0.00,-0.09,0.03
281603,-0.00,-0.09,0.03
281692,-0.00,-0.09,0.03
281781,0.00,-0.08,0.03
281869,-0.01,-0.08,0.03
281958,-0.00,-0.08,0.03
282047,0.01,-0.08,0.03
282136,0.01,-0.08,0.03
282224,0.01,-0.09,0.03
282313,0.00,-0.08,0.03
282402,-0.00,-0.08,0.03
282491,0.01,-0.09,0.03
282579,0.01,-0.09,0.03
282668,0.00,-0.08,0.03
282757,0.00,-0.09,0.03
282846,0.00,-0.08,0.03
282934,0.01,-0.08,0.03
283023,0.01,-0.09,0.03
283112,0.01,-0.08,0.03
283200,0.01,-0.09,0.04
283378,0.01,-0.09,0.03
283555,0.00,-0.09,0.03
283733,0.00,-0.09,0.03
283910,0.00,-0.09,0.03
284088,-0.00,-0.09,0.04
284265,0.01,-0.08,0.03
284443,0.01,-0.09,0.03
284620,0.00,-0.09,0.03
284798,0.00,-0.08,0.03
284975,0.00,-0.09,0.03
285153,-0.00,-0.08,0.03
285330,0.00,-0.08,0.03
285508,0.01,-0.09,0.04
285685,0.01,-0.09,0.03
285862,0.01,-0.08,0.03
286040,0.00,-0.09,0.03
286217,0.00,-0.09,0.03
286395,-0.01,-0.09,0.03
286572,-0.00,-0.09,0.03
286750,0.01,-0.09,0.03
286927,0.01,-0.09,0.03
287016,0.00,-0.09,0.03
287105,0.00,-0.09,0.03
287193,-0.00,-0.09,0.03
287282,0.00,-0.09,0.03
287371,0.00,-0.09,0.04
287460,0.00,-0.09,0.04
287548,0.00,-0.09,0.04
287637,0.00,-0.09,0.04
287726,0.00,-0.09,0.04
287815,-0.01,-0.10,0.03
287903,-0.00,-0.09,0.04
287992,-0.00,-0.09,0.04
288081,-0.00,-0.10,0.04
288170,0.00,-0.10,0.04
288258,0.01,-0.09,0.04
288347,0.00,-0.09,0.04
288436,0.00,-0.10,0.04
288524,0.01,-0.10,0.04
288613,0.01,-0.09,0.04
288702,0.00,-0.10,0.04
288791,0.00,-0.10,0.04
288879,0.00,-0.09,0.04
288968,0.00,-0.10,0.04
289057,0.00,-0.10,0.04
289234,0.00,-0.10,0.04
289412,0.00,-0.10,0.04
289589,0.01,-0.10,0.04
289767,-0.00,-0.10,0.04
289944,-0.00,-0.10,0.04
290122,0.00,-0.10,0.04
290299,0.01,-0.10,0.04
290477,-0.00,-0.10,0.04
290654,0.01,-0.10,0.04
290832,0.00,-0.10,0.04
291009,-0.00,-0.10,0.04
291187,0.00,-0.10,0.04
291364,0.00,-0.11,0.04
291542,-0.00,-0.10,0.04
291719,0.01,-0.10,0.04
291896,0.00,-0.10,0.05
292074,-0.00,-0.10,0.04
292251,0.00,-0.10,0.05
292429,0.00,-0.10,0.04
292606,0.00,-0.10,0.04
292784,0.00,-0.10,0.04
292961,0.01,-0.10,0.04
293139,0.00,-0.10,0.05
293228,-0.00,-0.10,0.05
293316,-0.00,-0.11,0.04
293405,-0.00,-0.11,0.05
293494,-0.00,-0.11,0.05
293582,0.00,-0.10,0.05
293671,0.00,-0.10,0.05
293760,-0.00,-0.10,0.04
293849,0.00,-0.10,0.04
293937,0.00,-0.10,0.05
294026,-0.00,-0.10,0.05
294115,0.00,-0.10,0.04
294204,0.00,-0.10,0.05
294292,0.01,-0.11,0.05
294381,0.01,-0.11,0.05
294470,0.01,-0.10,0.04
294647,0.01,-0.10,0.04
294736,-0.00,-0.11,0.04
294825,0.00,-0.11,0.05
294913,0.00,-0.10,0.05
295091,0.00,-0.10,0.05
295268,0.01,-0.10,0.05
295446,0.01,-0.10,0.05
295623,0.00,-0.10,0.05
295801,0.01,-0.10,0.04
295978,0.01,-0.10,0.04
296156,0.01,-0.10,0.04
296245,0.01,-0.10,0.04
296333,-0.00,-0.10,0.04
296422,0.00,-0.10,0.04
296511,0.01,-0.10,0.04
296599,0.00,-0.10,0.04
296688,0.00,-0.10,0.04
296777,0.00,-0.10,0.04
296866,-0.00,-0.10,0.03
296954,-0.00,-0.10,0.03
297043,0.01,-0.09,0.04
297132,0.01,-0.09,0.04
297221,0.01,-0.09,0.04
297309,0.00,-0.10,0.03
297398,0.01,-0.09,0.03
297487,0.01,-0.09,0.03
297576,0.01,-0.09,0.03
297664,0.01,-0.09,0.03
297753,0.00,-0.09,0.03
297842,0.00,-0.09,0.03
297930,0.00,-0.09,0.03
298019,-0.00,-0.09,0.03
298108,0.00,-0.09,0.03
298197,0.00,-0.09,0.03
298285,0.01,-0.09,0.03
298374,0.01,-0.09,0.02
298463,-0.00,-0.09,0.03
298552,0.00,-0.09,0.02
298640,0.00,-0.09,0.03
298729,0.02,-0.08,0.03
298818,0.00,-0.10,0.02
298907,0.01,-0.09,0.03
298995,0.00,-0.09,0.03
299084,0.00,-0.09,0.02
299173,0.01,-0.09,0.03
299261,0.00,-0.09,0.02
299350,0.01,-0.09,0.02
299439,0.00,-0.09,0.03
299528,0.01,-0.08,0.03
299616,0.01,-0.09,0.02
299705,0.00,-0.09,0.02
299794,0.00,-0.09,0.02
299883,0.00,-0.09,0.02
299971,-0.00,-0.09,0.03
300060,0.00,-0.08,0.03
300149,0.00,-0.08,0.02
300238,0.01,-0.08,0.02
300326,0.01,-0.09,0.02
300415,0.01,-0.09,0.02
300504,0.01,-0.09,0.03
300593,0.01,-0.09,0.02
300681,0.01,-0.09,0.02
300770,0.00,-0.09,0.03
300859,0.00,-0.09,0.02
301036,0.00,-0.09,0.03
301214,0.00,-0.09,0.03
301391,0.01,-0.09,0.02
301569,0.01,-0.09,0.03
301746,0.00,-0.09,0.03
301924,0.01,-0.09,0.02
302101,0.01,-0.09,0.03
302278,0.00,-0.09,0.03
302456,0.00,-0.09,0.03
302633,0.01,-0.09,0.03
302811,0.00,-0.09,0.03
302988,0.01,-0.09,0.03
303166,0.01,-0.09,0.03
303343,0.01,-0.09,0.03
303521,0.01,-0.09,0.03
303698,0.00,-0.09,0.03
303876,0.00,-0.09,0.03
304053,0.00,-0.10,0.04
304231,-0.00,-0.09,0.03
304408,0.01,-0.10,0.04
304586,0.01,-0.10,0.04
304763,-0.00,-0.10,0.04
304941,-0.00,-0.10,0.04
305118,0.01,-0.10,0.04
305207,0.01,-0.10,0.04
305295,0.00,-0.10,0.04
305384,0.00,-0.10,0.04
305473,0.00,-0.10,0.04
305562,-0.00,-0.10,0.03
305650,0.01,-0.10,0.04
305739,0.01,-0.11,0.03
305828,0.01,-0.10,0.04
305917,-0.00,-0.10,0.04
306005,0.00,-0.10,0.04
306094,0.00,-0.11,0.04
306183,0.01,-0.11,0.04
306272,0.01,-0.10,0.04
306360,0.01,-0.10,0.04
306449,0.00,-0.11,0.04
306538,0.01,-0.11,0.04
306627,0.01,-0.10,0.04
306715,0.00,-0.11,0.04
306893,0.01,-0.11,0.04
307070,0.00,-0.10,0.04
307248,0.00,-0.11,0.04
307425,0.01,-0.11,0.04
307603,0.01,-0.11,0.04
307780,0.01,-0.11,0.05
307958,0.00,-0.11,0.05
308135,0.01,-0.11,0.04
308313,0.01,-0.12,0.04
308490,0.00,-0.11,0.05
308667,0.00,-0.11,0.05
308845,0.00,-0.11,0.04
309022,0.01,-0.11,0.05
309200,0.00,-0.11,0.05
309377,0.00,-0.11,0.05
309555,0.01,-0.11,0.05
309732,0.01,-0.11,0.04
309821,-0.00,-0.11,0.05
309910,0.01,-0.11,0.04
309998,-0.00,-0.11,0.05
310087,0.01,-0.12,0.04
310176,0.00,-0.12,0.04
310265,-0.00,-0.12,0.05
310353,0.00,-0.11,0.05
310442,0.01,-0.12,0.05
310531,0.01,-0.11,0.05
310620,0.01,-0.11,0.04
310708,0.01,-0.11,0.05
310797,0.01,-0.11,0.05
310886,0.00,-0.11,0.04
310975,-0.00,-0.12,0.05
311063,0.00,-0.11,0.05
311152,0.01,-0.11,0.05
311241,0.00,-0.12,0.04
311329,0.00,-0.11,0.04
311418,-0.00,-0.12,0.04
311507,-0.00,-0.11,0.04
311596,0.00,-0.11,0.04
311684,0.00,-0.12,0.05
311773,0.00,-0.11,0.05
311862,0.00,-0.11,0.04
311951,0.00,-0.11,0.05
312039,0.01,-0.11,0.04
312128,0.01,-0.12,0.04
312217,0.01,-0.11,0.04
312306,0.01,-0.11,0.04
312394,0.00,-0.11,0.05
312483,0.00,-0.11,0.05
312572,0.00,-0.11,0.04
312660,0.00,-0.11,0.04
312838,-0.00,-0.11,0.04
313015,0.00,-0.11,0.04
313193,-0.00,-0.11,0.04
313370,0.01,-0.11,0.03
313548,0.00,-0.11,0.04
313725,0.00,-0.10,0.04
313903,0.01,-0.11,0.04
314080,0.01,-0.10,0.03
314258,0.00,-0.10,0.04
314346,0.01,-0.10,0.04
314435,0.00,-0.10,0.04
314524,0.01,-0.11,0.04
314613,0.01,-0.10,0.04
314701,0.01,-0.10,0.04
314790,0.01,-0.10,0.04
314879,0.01,-0.10,0.04
314968,0.00,-0.10,0.03
315056,0.00,-0.10,0.03
315145,0.01,-0.10,0.03
315234,0.01,-0.10,0.04
315323,0.00,-0.10,0.03
315411,0.00,-0.10,0.04
315500,0.01,-0.10,0.04
315589,0.00,-0.10,0.03
315677,0.01,-0.10,0.03
315766,0.01,-0.10,0.03
315855,0.01,-0.10,0.03
315944,0.01,-0.10,0.04
316032,0.01,-0.10,0.03
316121,0.01,-0.09,0.04
316210,0.01,-0.10,0.04
316299,0.01,-0.10,0.03
316387,0.01,-0.10,0.04
316476,0.01,-0.09,0.03
316565,0.01,-0.09,0.04
316654,0.01,-0.09,0.04
316742,-0.00,-0.10,0.04
316831,0.00,-0.10,0.03
316920,0.01,-0.10,0.03
317008,0.01,-0.10,0.03
317097,0.01,-0.10,0.04
317186,0.01,-0.10,0.03
317275,0.01,-0.10,0.03
317363,0.01,-0.10,0.03
317452,0.00,-0.09,0.03
317541,0.00,-0.10,0.03
317629,0.01,-0.09,0.03
317718,0.01,-0.10,0.03
317807,0.01,-0.10,0.03
317896,0.00,-0.10,0.03
317984,0.00,-0.10,0.03
318073,0.01,-0.09,0.03
318162,0.00,-0.10,0.03
318251,0.00,-0.10,0.03
318339,0.01,-0.09,0.03
318428,0.00,-0.10,0.03
318605,0.00,-0.09,0.03
318783,0.00,-0.09,0.03
318960,0.00,-0.09,0.03
319138,-0.00,-0.09,0.03
319315,0.01,-0.10,0.03
319493,0.00,-0.09,0.03
319670,-0.00,-0.09,0.02
319848,0.01,-0.10,0.03
320025,0.01,-0.09,0.02
320203,0.00,-0.09,0.02
320380,0.01,-0.09,0.02
320558,0.00,-0.10,0.03
320735,0.00,-0.09,0.03
320913,0.01,-0.09,0.03
321090,0.01,-0.09,0.02
321268,-0.00,-0.09,0.03
321445,0.00,-0.10,0.02
321622,0.00,-0.10,0.03
321800,0.01,-0.09,0.03
321977,0.00,-0.09,0.03
322155,0.00,-0.10,0.03
322332,0.01,-0.10,0.03
322510,0.00,-0.10,0.03
322687,0.00,-0.10,0.03
322865,0.00,-0.10,0.03
323042,0.00,-0.10,0.03
323220,0.00,-0.10,0.03
323397,0.01,-0.11,0.03
323486,0.02,-0.10,0.03
323575,0.01,-0.10,0.03
323663,0.00,-0.11,0.02
323752,0.00,-0.11,0.03
323841,-0.00,-0.11,0.03
323930,0.00,-0.11,0.03
324018,0.00,-0.10,0.03
324107,0.01,-0.10,0.03
324196,-0.00,-0.11,0.03
324284,0.01,-0.10,0.04
324462,0.01,-0.11,0.03
324639,0.00,-0.11,0.03
324817,0.01,-0.10,0.03
324994,0.00,-0.11,0.03
325172,0.00,-0.11,0.03
325349,0.01,-0.10,0.03
325527,0.00,-0.10,0.03
325704,0.00,-0.10,0.03
325882,-0.01,-0.10,0.03
326059,0.00,-0.10,0.03
326237,0.01,-0.10,0.03
326325,0.01,-0.10,0.03
326414,0.00,-0.10,0.03
326503,0.00,-0.10,0.03
326592,0.00,-0.10,0.03
326680,0.01,-0.10,0.03
326769,0.01,-0.10,0.03
326858,0.01,-0.10,0.03
326947,0.00,-0.10,0.03
327035,0.01,-0.10,0.03
327124,0.01,-0.10,0.03
327213,0.00,-0.10,0.03
327302,-0.00,-0.10,0.03
327390,0.01,-0.10,0.03
327479,0.01,-0.10,0.03
327568,-0.00,-0.10,0.03
327656,0.00,-0.10,0.03
327745,0.01,-0.11,0.03
327834,0.00,-0.10,0.03
327923,0.00,-0.10,0.03
328011,0.00,-0.10,0.03
328100,0.01,-0.10,0.03
328189,0.01,-0.10,0.03
328278,0.01,-0.10,0.03
328366,0.00,-0.10,0.03
328455,0.00,-0.10,0.03
328544,0.01,-0.10,0.03
328633,0.02,-0.10,0.03
328721,0.02,-0.10,0.03
328810,0.01,-0.10,0.03
328899,0.01,-0.10,0.02
328987,0.01,-0.10,0.02
329076,0.01,-0.10,0.03
329165,0.01,-0.10,0.03
329254,0.01,-0.10,0.03
329342,0.00,-0.10,0.03
329431,0.01,-0.10,0.03
329520,0.00,-0.10,0.03
329609,0.01,-0.10,0.03
329697,0.01,-0.10,0.03
329786,0.01,-0.11,0.04
329875,0.01,-0.10,0.03
329964,0.00,-0.11,0.04
330052,0.01,-0.10,0.03
330141,0.01,-0.11,0.03
330230,0.01,-0.11,0.04
330407,0.01,-0.11,0.04
330585,-0.00,-0.11,0.04
330762,0.00,-0.11,0.04
330940,0.00,-0.11,0.05
331117,0.00,-0.11,0.05
331295,0.01,-0.11,0.04
331472,0.00,-0.11,0.04
331650,0.01,-0.11,0.04
331827,-0.00,-0.11,0.05
332005,0.02,-0.12,0.04
332182,0.00,-0.11,0.04
332360,0.01,-0.12,0.04
332448,0.00,-0.11,0.06
332537,0.01,-0.12,0.04
332626,-0.01,-0.12,0.05
332714,0.01,-0.12,0.04
332803,0.00,-0.12,0.05
332892,0.01,-0.12,0.05
332981,0.01,-0.12,0.05
333069,0.00,-0.12,0.05
333158,0.01,-0.12,0.06
333247,0.00,-0.12,0.05
333336,0.01,-0.12,0.05
333424,0.00,-0.12,0.04
333513,0.00,-0.12,0.05
333602,0.01,-0.12,0.05
333691,0.01,-0.12,0.06
333779,0.02,-0.12,0.05
333868,0.01,-0.13,0.05
333957,0.00,-0.12,0.05
334046,-0.00,-0.12,0.05
334134,0.01,-0.12,0.05
334223,0.01,-0.13,0.05
334312,0.01,-0.12,0.05
334400,0.01,-0.12,0.06
334489,0.01,-0.12,0.05
334578,0.00,-0.13,0.05
334667,0.01,-0.12,0.05
334755,0.01,-0.12,0.06
334844,0.00,-0.13,0.05
334933,0.00,-0.12,0.05
335022,-0.01,-0.13,0.05
335110,0.00,-0.12,0.06
335199,-0.00,-0.13,0.05
335288,0.01,-0.12,0.06
335377,0.01,-0.13,0.06
335465,0.01,-0.12,0.06
335554,0.00,-0.13,0.06
335643,0.01,-0.13,0.06
335732,0.01,-0.13,0.07
335820,0.01,-0.13,0.06
335909,0.00,-0.13,0.07
335998,-0.00,-0.13,0.06
336086,0.00,-0.13,0.06
336264,0.00,-0.13,0.07
336441,0.01,-0.13,0.07
336619,0.00,-0.14,0.06
336796,0.01,-0.13,0.07
336974,0.00,-0.13,0.07
337151,0.00,-0.14,0.07
337329,-0.00,-0.13,0.07
337506,0.01,-0.13,0.07
337684,0.00,-0.13,0.07
337861,0.01,-0.13,0.07
338039,0.00,-0.13,0.06
338216,0.01,-0.14,0.07
338394,0.00,-0.13,0.07
338571,0.01,-0.14,0.07
338749,0.01,-0.14,0.07
338926,0.01,-0.14,0.07
339104,0.01,-0.14,0.07
339281,0.01,-0.14,0.07
339458,0.00,-0.14,0.07
339636,0.00,-0.14,0.07
339813,0.01,-0.14,0.08
339991,-0.00,-0.14,0.07
340168,0.01,-0.14,0.07
340346,0.01,-0.14,0.07
340523,0.01,-0.14,0.07
340701,0.00,-0.14,0.07
340878,0.01,-0.14,0.07
341056,-0.00,-0.14,0.07
341233,0.00,-0.14,0.08
341411,0.01,-0.15,0.07
341588,0.01,-0.14,0.07
341677,0.01,-0.14,0.07
341766,0.01,-0.14,0.08
341854,0.01,-0.14,0.07
341943,0.01,-0.14,0.07
342121,0.00,-0.14,0.07
342298,0.00,-0.14,0.07
342475,0.00,-0.14,0.07
342653,0.01,-0.15,0.07
342830,0.01,-0.14,0.07
342919,0.01,-0.15,0.07
343008,0.00,-0.14,0.07
343097,0.00,-0.14,0.07
343185,0.00,-0.14,0.07
343274,0.01,-0.14,0.07
343363,0.01,-0.14,0.07
343452,0.01,-0.15,0.07
343540,0.00,-0.15,0.07
343629,-0.00,-0.14,0.07
343718,0.01,-0.14,0.07
343806,0.00,-0.15,0.07
343895,0.00,-0.14,0.07
343984,0.01,-0.14,0.07
344073,0.02,-0.14,0.07
344161,0.01,-0.14,0.07
344250,0.00,-0.14,0.08
344339,0.01,-0.14,0.07
344428,0.00,-0.14,0.07
344516,0.01,-0.14,0.07
344605,0.01,-0.14,0.07
344694,0.01,-0.14,0.07
344783,0.00,-0.14,0.07
344871,0.00,-0.14,0.07
344960,0.01,-0.14,0.07
345049,0.01,-0.14,0.07
345137,0.01,-0.14,0.07
345226,0.01,-0.15,0.07
345315,0.00,-0.14,0.07
345404,0.00,-0.14,0.07
345492,0.01,-0.14,0.07
345581,0.01,-0.14,0.07
345670,0.00,-0.14,0.07
345759,0.00,-0.14,0.07
345847,0.01,-0.14,0.07
345936,0.01,-0.14,0.07
346025,0.01,-0.14,0.07
346113,0.01,-0.14,0.07
346202,-0.00,-0.14,0.07
346291,0.00,-0.14,0.07
346380,-0.00,-0.14,0.07
346468,0.00,-0.14,0.07
346557,0.00,-0.14,0.07
346646,0.00,-0.15,0.07
346735,0.01,-0.14,0.07
346823,0.01,-0.14,0.06
346912,0.00,-0.14,0.07
347001,0.01,-0.14,0.07
347090,-0.00,-0.14,0.07
347178,0.01,-0.14,0.07
347267,0.01,-0.14,0.07
347356,0.01,-0.14,0.07
347444,0.01,-0.14,0.06
347533,0.00,-0.14,0.07
347622,0.00,-0.14,0.06
347711,-0.00,-0.14,0.06
347799,0.01,-0.14,0.07
347977,0.01,-0.14,0.07
348154,0.00,-0.14,0.06
348332,0.01,-0.13,0.06
348509,0.00,-0.14,0.06
348687,-0.00,-0.14,0.06
348864,0.00,-0.14,0.06
349042,0.00,-0.14,0.06
349219,0.01,-0.13,0.06
349397,0.00,-0.13,0.06
349574,0.00,-0.13,0.06
349751,-0.00,-0.13,0.06
349929,-0.00,-0.13,0.06
350106,0.01,-0.13,0.06
350284,0.01,-0.13,0.06
350461,0.00,-0.13,0.06
350639,0.00,-0.13,0.06
350728,0.00,-0.13,0.06
350816,0.00,-0.13,0.06
350905,0.00,-0.13,0.06
350994,0.01,-0.13,0.06
351082,0.01,-0.13,0.05
351171,0.01,-0.12,0.06
351260,0.00,-0.13,0.06
351349,0.01,-0.13,0.06
351437,0.01,-0.13,0.06
351526,0.01,-0.13,0.05
351615,0.01,-0.13,0.06
351704,0.00,-0.13,0.06
351792,-0.00,-0.13,0.06
351881,0.00,-0.13,0.06
351970,0.00,-0.13,0.06
352059,0.01,-0.13,0.05
352147,0.01,-0.13,0.06
352236,0.00,-0.13,0.06
352325,0.00,-0.13,0.06
352413,-0.00,-0.13,0.06
352502,0.00,-0.13,0.05
352591,0.00,-0.13,0.05
352680,-0.01,-0.13,0.05
352768,-0.00,-0.13,0.05
352857,0.00,-0.13,0.05
352946,0.01,-0.13,0.06
353035,0.01,-0.13,0.06
353123,0.00,-0.13,0.05
353212,0.00,-0.13,0.05
353301,0.01,-0.13,0.05
353389,0.01,-0.13,0.05
353478,0.01,-0.13,0.05
353567,0.00,-0.13,0.05
353655,0.01,-0.13,0.05
353833,0.00,-0.13,0.05
354010,0.01,-0.13,0.05
354188,0.00,-0.12,0.05
354365,0.00,-0.12,0.05
354543,0.00,-0.12,0.05
354720,0.01,-0.12,0.05
354897,0.01,-0.12,0.05
355075,0.01,-0.12,0.05
355252,-0.00,-0.12,0.05
355430,0.00,-0.12,0.05
355607,0.00,-0.12,0.05
355784,0.01,-0.12,0.05
355962,-0.00,-0.12,0.05
356139,0.00,-0.12,0.05
356317,0.01,-0.12,0.05
356494,0.00,-0.12,0.05
356672,-0.00,-0.12,0.05
356849,0.00,-0.12,0.05
357027,0.00,-0.12,0.05
357204,0.00,-0.12,0.05
357382,0.00,-0.12,0.05
357559,0.00,-0.12,0.05
357737,0.00,-0.12,0.05
357914,0.00,-0.12,0.05
358092,0.01,-0.12,0.05
358269,0.01,-0.12,0.05
358446,0.01,-0.12,0.05
358624,0.00,-0.13,0.05
358801,0.00,-0.12,0.05
358979,0.01,-0.13,0.05
359156,0.00,-0.13,0.05
359334,0.00,-0.13,0.05
359511,0.00,-0.13,0.05
359689,0.00,-0.13,0.05
359866,-0.00,-0.12,0.05
359955,0.00,-0.12,0.05
360044,0.00,-0.12,0.05
360132,-0.00,-0.12,0.05
360221,0.01,-0.12,0.06
360310,0.01,-0.13,0.05
360399,0.01,-0.13,0.05
360487,0.01,-0.13,0.05
360576,0.00,-0.13,0.05
360665,0.01,-0.13,0.05
360754,0.01,-0.12,0.05
360842,0.00,-0.12,0.05
360931,0.01,-0.13,0.05
361020,0.01,-0.13,0.05
361108,0.00,-0.13,0.05
361197,-0.00,-0.12,0.05
361286,0.01,-0.13,0.05
361375,0.01,-0.13,0.05
361463,0.00,-0.13,0.05
361552,0.00,-0.13,0.05
361641,-0.00,-0.12,0.05
361730,-0.00,-0.12,0.05
361818,0.00,-0.12,0.05
361907,0.00,-0.12,0.05
361996,0.00,-0.13,0.05
362085,0.00,-0.12,0.05
362173,-0.00,-0.13,0.05
362262,-0.00,-0.12,0.05
362351,-0.00,-0.12,0.05
362440,-0.00,-0.13,0.05
362528,0.00,-0.13,0.05
362617,-0.00,-0.13,0.05
362706,0.00,-0.13,0.05
362794,0.01,-0.13,0.05
362883,0.01,-0.13,0.05
362972,0.00,-0.13,0.05
363061,0.00,-0.13,0.05
363149,0.00,-0.13,0.05
363238,-0.00,-0.12,0.05
363327,0.00,-0.12,0.05
363416,0.01,-0.12,0.05
363504,0.01,-0.13,0.05
363593,0.01,-0.13,0.05
363682,0.00,-0.12,0.05
363770,0.01,-0.13,0.05
363859,0.01,-0.13,0.05
363948,0.00,-0.13,0.05
364037,-0.00,-0.13,0.05
364125,0.01,-0.12,0.05
364214,0.00,-0.13,0.05
364303,0.00,-0.12,0.05
364392,-0.00,-0.13,0.05
364480,-0.00,-0.13,0.05
364569,0.01,-0.12,0.05
364658,0.00,-0.13,0.05
364747,0.00,-0.12,0.05
364835,-0.00,-0.12,0.05
364924,0.01,-0.12,0.05
365013,0.01,-0.13,0.05
365101,0.02,-0.13,0.05
365190,0.01,-0.13,0.05
365279,0.01,-0.12,0.05
365368,0.00,-0.13,0.05
365456,0.01,-0.13,0.05
365634,0.00,-0.13,0.05
365811,0.00,-0.13,0.05
365989,0.00,-0.13,0.05
366166,0.00,-0.13,0.05
366344,0.01,-0.13,0.05
366521,0.01,-0.13,0.06
366699,0.00,-0.13,0.06
366876,0.01,-0.13,0.05
367054,0.00,-0.13,0.05
367231,-0.00,-0.14,0.05
367409,0.00,-0.13,0.05
367586,-0.00,-0.13,0.05
367763,0.00,-0.13,0.05
367941,0.00,-0.13,0.05
368118,0.00,-0.13,0.05
368296,-0.01,-0.13,0.05
368473,0.00,-0.12,0.05
368651,0.00,-0.12,0.05
368828,0.01,-0.12,0.04
369006,-0.00,-0.12,0.04
369094,0.00,-0.12,0.04
369183,0.01,-0.12,0.04
369272,0.01,-0.12,0.04
369361,0.01,-0.12,0.04
369449,0.00,-0.12,0.04
369538,0.01,-0.12,0.04
369627,0.01,-0.12,0.04
369716,0.01,-0.12,0.04
369804,0.01,-0.12,0.04
369893,0.00,-0.12,0.04
369982,-0.00,-0.12,0.04
370071,0.00,-0.12,0.04
370159,-0.00,-0.12,0.04
370248,-0.00,-0.12,0.05
370337,-0.00,-0.12,0.05
370425,0.00,-0.12,0.05
370514,0.01,-0.12,0.05
370603,0.01,-0.12,0.04
370692,0.01,-0.12,0.05
370780,-0.00,-0.12,0.05
370869,0.00,-0.12,0.05
370958,0.00,-0.13,0.05
371047,0.00,-0.12,0.05
371135,0.00,-0.12,0.05
371224,0.00,-0.12,0.05
371313,0.01,-0.12,0.05
371490,0.01,-0.12,0.05
371668,0.01,-0.12,0.04
371845,0.01,-0.12,0.05
372023,0.00,-0.12,0.05
372200,0.00,-0.12,0.05
372378,0.00,-0.12,0.04
372555,0.01,-0.12,0.04
372732,0.00,-0.12,0.04
372910,-0.00,-0.12,0.04
373087,0.00,-0.11,0.04
373265,0.01,-0.11,0.04
373442,0.00,-0.11,0.04
373620,0.01,-0.11,0.04
373797,0.00,-0.11,0.04
373975,0.00,-0.11,0.04
374152,-0.00,-0.11,0.04
374330,-0.00,-0.11,0.04
374507,-0.00,-0.11,0.04
374685,-0.01,-0.11,0.04
374862,0.00,-0.11,0.04
375040,0.00,-0.11,0.04
375217,0.00,-0.11,0.04
375394,0.00,-0.11,0.04
375572,0.00,-0.11,0.04
375749,0.00,-0.11,0.04
375838,0.00,-0.11,0.04
375927,-0.00,-0.11,0.04
376016,-0.00,-0.11,0.04
376104,0.01,-0.11,0.03
376193,0.01,-0.11,0.04
376282,0.01,-0.10,0.04
376371,0.01,-0.11,0.03
376459,0.00,-0.11,0.03
376548,0.00,-0.11,0.03
376637,0.01,-0.10,0.03
376725,0.00,-0.11,0.03
376903,0.00,-0.11,0.03
376992,0.00,-0.11,0.03
377169,-0.00,-0.11,0.03
377347,0.00,-0.10,0.03
377524,0.01,-0.11,0.03
377702,0.00,-0.10,0.03
377879,0.00,-0.11,0.04
378056,0.00,-0.10,0.03
378145,0.00,-0.11,0.03
378234,0.01,-0.11,0.04
378323,0.01,-0.10,0.04
378411,0.00,-0.10,0.03
378500,0.00,-0.10,0.03
378589,0.00,-0.10,0.03
378678,0.00,-0.10,0.03
378766,0.00,-0.10,0.03
378855,0.01,-0.10,0.03
378944,0.01,-0.10,0.03
379033,0.01,-0.10,0.03
379121,0.00,-0.10,0.04
379210,0.00,-0.10,0.03
379299,0.01,-0.10,0.03
379387,0.01,-0.10,0.03
379476,-0.00,-0.11,0.03
379565,-0.00,-0.10,0.04
379654,0.00,-0.11,0.04
379742,0.01,-0.11,0.03
379831,0.00,-0.11,0.03
379920,0.00,-0.11,0.03
380009,0.00,-0.10,0.04
380097,0.00,-0.11,0.03
380186,0.00,-0.11,0.03
380275,-0.00,-0.11,0.03
380364,0.00,-0.11,0.03
380452,0.01,-0.11,0.03
380541,0.01,-0.11,0.03
380630,0.01,-0.11,0.03
380718,0.00,-0.10,0.03
380807,0.01,-0.11,0.03
380896,0.00,-0.11,0.03
380985,0.00,-0.11,0.04
381073,0.01,-0.11,0.03
381162,0.01,-0.11,0.03
381251,0.01,-0.10,0.04
381340,-0.00,-0.11,0.03
381428,-0.00,-0.11,0.04
381517,0.01,-0.11,0.04
381606,0.01,-0.11,0.03
381694,0.00,-0.11,0.04
381783,0.00,-0.11,0.04
381872,-0.00,-0.11,0.04
381961,0.00,-0.11,0.04
382049,0.01,-0.11,0.04
382138,0.01,-0.11,0.03
382227,0.01,-0.11,0.03
382316,0.01,-0.11,0.04
382404,0.00,-0.11,0.04
382493,0.00,-0.11,0.03
382582,-0.00,-0.11,0.04
382671,0.00,-0.11,0.04
382759,0.01,-0.11,0.04
382848,0.01,-0.11,0.03
382937,0.00,-0.11,0.03
383025,-0.00,-0.11,0.03
383114,0.01,-0.11,0.03
383292,0.01,-0.10,0.03
383469,0.01,-0.10,0.03
383647,0.01,-0.10,0.03
383824,-0.00,-0.10,0.03
384002,0.00,-0.11,0.03
384179,0.01,-0.11,0.03
384356,0.01,-0.10,0.03
384534,0.01,-0.10,0.02
384711,0.00,-0.10,0.02
384889,0.01,-0.10,0.03
385066,0.00,-0.10,0.03
385244,0.01,-0.10,0.03
385421,0.00,-0.10,0.03
385599,0.01,-0.10,0.03
385776,0.00,-0.10,0.03
385954,0.01,-0.10,0.03
386131,0.00,-0.11,0.03
386309,0.00,-0.10,0.03
386486,0.02,-0.10,0.03
386664,0.00,-0.10,0.03
386841,0.01,-0.10,0.03
387018,0.00,-0.10,0.03
387196,0.01,-0.10,0.03
387285,0.01,-0.10,0.03
387373,0.00,-0.10,0.03
387462,0.00,-0.10,0.03
387551,0.00,-0.10,0.03
387640,0.00,-0.11,0.03
387728,0.01,-0.11,0.03
387817,0.01,-0.11,0.03
387906,0.01,-0.10,0.03
387994,0.01,-0.10,0.03
388083,0.00,-0.11,0.03
388172,0.00,-0.11,0.03
388261,0.00,-0.11,0.03
388349,0.00,-0.11,0.03
388438,0.00,-0.11,0.04
388527,0.00,-0.11,0.03
388616,-0.00,-0.11,0.03
388704,0.00,-0.11,0.03
388793,0.01,-0.11,0.03
388882,0.01,-0.11,0.03
389059,-0.00,-0.10,0.04
389237,0.01,-0.11,0.03
389414,0.01,-0.11,0.03
389592,0.00,-0.10,0.03
389769,0.00,-0.10,0.03
389947,0.01,-0.10,0.03
390124,0.01,-0.11,0.02
390302,0.00,-0.10,0.02
390479,-0.00,-0.10,0.02
390657,0.00,-0.10,0.03
390834,0.01,-0.10,0.02
391011,0.00,-0.10,0.03
391189,0.01,-0.10,0.03
391366,0.01,-0.10,0.03
391544,0.00,-0.10,0.03
391721,0.01,-0.10,0.02
391899,-0.00,-0.09,0.03
392076,0.00,-0.09,0.02
392254,0.00,-0.10,0.02
392342,-0.00,-0.09,0.03
392431,0.00,-0.10,0.03
392520,0.01,-0.10,0.03
392609,0.01,-0.09,0.02
392697,-0.00,-0.10,0.03
392786,0.00,-0.09,0.02
392875,0.00,-0.10,0.03
392964,0.01,-0.10,0.02
393052,0.00,-0.10,0.03
393141,0.01,-0.10,0.03
393230,0.00,-0.10,0.03
393319,0.00,-0.10,0.03
393407,0.00,-0.10,0.03
393496,0.00,-0.10,0.03
393585,-0.00,-0.10,0.03
393673,0.00,-0.10,0.03
393762,0.01,-0.10,0.03
393851,0.00,-0.10,0.03
393940,0.01,-0.10,0.03
394028,0.01,-0.10,0.03
394117,0.01,-0.10,0.03
394206,0.01,-0.11,0.03
394295,0.00,-0.11,0.03
394383,0.01,-0.10,0.03
394472,0.01,-0.10,0.03
394561,0.01,-0.10,0.03
394650,0.00,-0.10,0.03
394738,0.01,-0.10,0.03
394827,0.00,-0.10,0.03
395004,-0.00,-0.10,0.03
395182,-0.00,-0.10,0.03
395359,0.01,-0.11,0.03
395537,0.00,-0.11,0.04
395714,0.01,-0.11,0.04
395892,0.01,-0.11,0.03
396069,0.01,-0.11,0.03
396247,0.01,-0.11,0.04
396424,0.00,-0.11,0.03
396513,0.01,-0.11,0.03
396602,0.01,-0.11,0.03
396690,0.01,-0.11,0.03
396779,0.01,-0.11,0.03
396868,0.01,-0.11,0.04
396957,0.01,-0.11,0.04
397045,0.01,-0.11,0.03
397134,0.01,-0.11,0.03
397223,0.00,-0.11,0.03
397312,0.00,-0.11,0.03
397400,0.01,-0.11,0.03
397489,0.00,-0.11,0.03
397578,0.00,-0.11,0.03
397666,0.00,-0.11,0.03
397755,0.00,-0.11,0.03
397844,0.01,-0.11,0.03
397933,0.01,-0.11,0.03
398021,-0.00,-0.11,0.03
398110,-0.00,-0.11,0.04
398199,0.00,-0.11,0.04
398288,-0.00,-0.11,0.03
398376,0.01,-0.11,0.03
398465,0.01,-0.12,0.03
398554,0.00,-0.12,0.03
398642,0.00,-0.12,0.03
398731,0.01,-0.11,0.03
398820,0.01,-0.11,0.04
398909,0.00,-0.12,0.04
398997,0.00,-0.12,0.04
399086,0.00,-0.11,0.04
399175,0.01,-0.11,0.03
399264,0.01,-0.11,0.03
399352,0.00,-0.11,0.04
399441,0.00,-0.11,0.04
399530,0.00,-0.11,0.04
399619,0.00,-0.11,0.04
399707,0.00,-0.11,0.04
399796,0.00,-0.11,0.04
399885,0.00,-0.11,0.04
399973,0.00,-0.12,0.04
400062,-0.00,-0.12,0.04
400151,0.00,-0.11,0.04
400240,0.01,-0.11,0.03
400328,-0.00,-0.11,0.03
400417,0.00,-0.11,0.03
400506,0.01,-0.11,0.03
400595,0.01,-0.11,0.04
400683,0.01,-0.11,0.03
400861,0.00,-0.11,0.03
401038,0.01,-0.11,0.03
401216,0.01,-0.11,0.03
401393,0.00,-0.11,0.04
401571,0.00,-0.11,0.03
401748,0.01,-0.11,0.03
401926,0.01,-0.11,0.03
402103,0.00,-0.11,0.03
402280,0.00,-0.11,0.03
402458,0.00,-0.12,0.03
402635,-0.01,-0.12,0.04
402813,0.00,-0.11,0.03
402990,0.00,-0.11,0.04
403168,0.00,-0.11,0.04
403345,-0.00,-0.12,0.03
403523,0.01,-0.11,0.03
403700,0.01,-0.11,0.03
403878,0.00,-0.11,0.03
404055,0.00,-0.11,0.03
404232,0.00,-0.11,0.04
404410,0.01,-0.12,0.04
404587,-0.00,-0.11,0.04
404765,0.01,-0.12,0.04
404942,0.01,-0.12,0.04
405120,0.01,-0.12,0.04
405297,0.01,-0.12,0.04
405475,0.00,-0.12,0.04
405563,0.01,-0.12,0.04
405652,0.00,-0.12,0.03
405741,0.01,-0.12,0.03
405830,0.00,-0.12,0.04
405918,0.00,-0.12,0.04
406007,0.00,-0.12,0.04
406096,0.00,-0.12,0.04
406185,-0.00,-0.12,0.04
406273,0.01,-0.12,0.03
406362,0.01,-0.12,0.03
406451,0.01,-0.12,0.04
406539,0.00,-0.12,0.03
406717,0.00,-0.12,0.04
406894,0.00,-0.12,0.04
407072,0.01,-0.12,0.03
407249,0.00,-0.12,0.04
407427,0.01,-0.12,0.04
407604,0.00,-0.12,0.04
407782,0.01,-0.12,0.04
407959,0.00,-0.12,0.04
408137,0.01,-0.12,0.04
408314,0.00,-0.12,0.04
408492,0.01,-0.12,0.04
408669,0.01,-0.12,0.04
408758,0.00,-0.12,0.03
408846,0.00,-0.12,0.04
408935,0.01,-0.12,0.04
409024,0.01,-0.12,0.04
409113,0.02,-0.12,0.04
409201,0.01,-0.12,0.04
409290,0.00,-0.12,0.04
409379,0.00,-0.12,0.04
409468,0.01,-0.12,0.03
409556,0.01,-0.12,0.03
409645,0.01,-0.12,0.04
409734,0.00,-0.12,0.03
409823,0.00,-0.12,0.03
409911,0.01,-0.12,0.04
410000,-0.00,-0.12,0.04
410089,0.00,-0.12,0.04
410177,0.01,-0.12,0.04
410266,0.01,-0.12,0.03
410355,0.01,-0.12,0.04
410444,0.01,-0.12,0.03
410532,0.01,-0.12,0.03
410621,0.01,-0.12,0.03
410710,0.01,-0.11,0.03
410799,0.01,-0.12,0.03
410887,0.00,-0.11,0.03
410976,0.00,-0.11,0.03
411065,0.01,-0.11,0.03
411154,0.01,-0.11,0.03
411242,0.00,-0.11,0.03
411331,0.00,-0.11,0.03
411420,0.01,-0.11,0.03
411508,0.01,-0.11,0.03
411597,0.01,-0.11,0.03
411686,0.01,-0.11,0.03
411775,0.01,-0.11,0.03
411863,0.01,-0.12,0.03
411952,0.02,-0.11,0.03
412041,0.01,-0.11,0.03
412130,0.01,-0.11,0.03
412218,0.01,-0.11,0.03
412307,0.01,-0.12,0.03
412396,0.01,-0.12,0.03
412484,0.01,-0.11,0.03
412662,0.01,-0.11,0.03
412839,0.01,-0.12,0.03
413017,0.01,-0.12,0.03
413194,0.00,-0.12,0.03
413372,0.01,-0.12,0.03
413549,0.01,-0.11,0.03
413727,0.02,-0.11,0.03
413904,0.01,-0.11,0.03
414082,0.01,-0.12,0.03
414259,0.01,-0.11,0.03
414437,0.01,-0.12,0.04
414614,0.00,-0.12,0.03
414703,0.01,-0.11,0.03
414792,0.01,-0.12,0.03
414880,0.00,-0.12,0.03
414969,0.00,-0.12,0.04
415058,0.01,-0.12,0.03
415147,0.00,-0.12,0.03
415235,0.01,-0.12,0.03
415324,0.01,-0.12,0.03
415413,0.01,-0.12,0.03
415501,0.00,-0.12,0.03
415590,0.01,-0.12,0.03
415679,0.01,-0.12,0.03
415768,0.01,-0.12,0.03
415856,0.01,-0.12,0.03
415945,0.01,-0.12,0.03
416034,0.01,-0.12,0.03
416123,0.00,-0.12,0.03
416211,0.01,-0.12,0.03
416300,0.01,-0.12,0.03
416389,0.01,-0.12,0.03
416478,0.00,-0.12,0.03
416566,0.01,-0.12,0.03
416655,0.01,-0.11,0.03
416744,0.01,-0.11,0.03
416832,0.01,-0.12,0.03
416921,0.01,-0.12,0.03
417010,0.01,-0.11,0.03
417099,0.00,-0.11,0.03
417187,-0.00,-0.12,0.03
417276,0.00,-0.12,0.03
417365,0.01,-0.12,0.03
417454,0.00,-0.12,0.03
417542,0.01,-0.12,0.03
417631,0.01,-0.12,0.03
417720,0.00,-0.12,0.03
417809,0.00,-0.11,0.03
417897,0.01,-0.12,0.03
417986,0.01,-0.12,0.03
418075,0.00,-0.12,0.03
418163,0.00,-0.11,0.03
418252,0.00,-0.12,0.04
418341,0.01,-0.11,0.03
418518,0.00,-0.12,0.03
418696,0.01,-0.12,0.03
418873,0.01,-0.12,0.04
419051,0.01,-0.12,0.03
419228,0.01,-0.12,0.02
419406,0.00,-0.12,0.03
419583,0.03,-0.10,0.02
419761,-0.00,-0.12,0.03
419938,0.01,-0.11,0.03
420116,0.01,-0.12,0.03
420293,0.00,-0.12,0.03
420470,0.01,-0.12,0.03
420648,0.01,-0.13,0.03
420825,0.01,-0.12,0.04
421003,0.01,-0.12,0.03
421180,0.00,-0.12,0.04
421358,0.00,-0.12,0.04
421535,0.01,-0.12,0.03
421713,0.01,-0.12,0.03
421890,0.01,-0.11,0.03
422068,0.01,-0.12,0.04
422245,0.00,-0.12,0.03
422423,0.01,-0.12,0.03
422600,0.00,-0.12,0.04
422777,0.01,-0.12,0.04
422955,0.01,-0.12,0.04
423132,0.01,-0.12,0.03
423310,0.01,-0.12,0.04
423487,0.00,-0.12,0.04
423665,0.00,-0.12,0.03
423842,0.01,-0.12,0.04
423931,0.01,-0.12,0.03
424019,0.00,-0.12,0.04
424108,0.00,-0.12,0.04
424197,0.01,-0.12,0.04
424374,0.01,-0.12,0.03
424552,0.01,-0.12,0.04
424729,0.00,-0.12,0.04
424907,0.00,-0.12,0.03
425084,0.01,-0.12,0.04
425173,0.01,-0.12,0.04
425261,0.01,-0.12,0.04
425350,0.01,-0.12,0.04
425439,0.01,-0.12,0.04
425528,0.01,-0.12,0.04
425616,0.00,-0.12,0.04
425705,0.01,-0.12,0.04
425794,0.01,-0.12,0.04
425883,0.01,-0.12,0.03
425971,0.00,-0.12,0.04
426060,0.00,-0.12,0.04
426149,0.00,-0.12,0.04
426237,0.00,-0.12,0.04
426326,0.01,-0.12,0.04
426415,0.01,-0.12,0.04
426504,0.00,-0.12,0.04
426592,0.01,-0.12,0.04
426681,0.01,-0.12,0.04
426770,0.01,-0.12,0.04
426859,0.01,-0.12,0.04
426947,0.00,-0.12,0.04
427036,0.00,-0.12,0.04
427125,-0.00,-0.12,0.04
427213,0.01,-0.12,0.04
427302,0.01,-0.12,0.04
427391,0.01,-0.12,0.04
427480,0.01,-0.11,0.04
427568,0.01,-0.11,0.04
427657,0.00,-0.12,0.04
427746,0.00,-0.12,0.04
427835,0.00,-0.12,0.04
427923,0.01,-0.12,0.04
428012,0.00,-0.12,0.04
428101,-0.00,-0.12,0.03
428189,0.00,-0.12,0.04
428278,0.01,-0.12,0.04
428367,0.01,-0.12,0.04
428456,0.01,-0.12,0.04
428544,0.01,-0.12,0.04
428633,0.01,-0.12,0.04
428722,0.01,-0.12,0.04
428811,0.00,-0.12,0.04
428899,0.00,-0.12,0.04
428988,0.00,-0.12,0.03
429077,0.01,-0.11,0.04
429166,0.00,-0.11,0.04
429254,0.00,-0.12,0.04
429343,0.01,-0.12,0.04
429432,0.01,-0.12,0.04
429520,0.01,-0.12,0.04
429609,0.00,-0.12,0.03
429698,0.01,-0.12,0.04
429787,0.01,-0.12,0.03
429875,0.01,-0.12,0.03
429964,0.01,-0.12,0.03
430053,0.01,-0.12,0.03
430142,0.01,-0.12,0.03
430319,0.01,-0.12,0.03
430496,0.01,-0.11,0.03
430674,0.00,-0.12,0.03
430851,0.01,-0.12,0.03
431029,0.01,-0.12,0.03
431206,-0.00,-0.12,0.03
431384,0.01,-0.12,0.03
431561,0.01,-0.12,0.03
431739,0.01,-0.11,0.03
431916,0.00,-0.12,0.03
432094,0.01,-0.11,0.03
432271,0.01,-0.12,0.03
432448,0.01,-0.12,0.03
432626,0.00,-0.12,0.03
432803,0.01,-0.12,0.03
432981,0.01,-0.12,0.03
433070,0.01,-0.12,0.03
433158,0.01,-0.12,0.03
433247,0.01,-0.12,0.03
433336,0.00,-0.12,0.03
433424,0.00,-0.12,0.03
433513,0.00,-0.12,0.04
433602,0.00,-0.12,0.03
433691,-0.00,-0.12,0.03
433779,0.00,-0.12,0.03
433868,0.01,-0.12,0.03
433957,0.01,-0.12,0.03
434046,0.00,-0.12,0.03
434134,0.01,-0.12,0.03
434223,0.01,-0.12,0.03
434312,0.01,-0.12,0.04
434401,0.01,-0.12,0.04
434489,0.01,-0.12,0.03
434578,0.01,-0.12,0.03
434667,0.01,-0.12,0.03
434755,0.01,-0.12,0.04
434844,0.01,-0.12,0.03
434933,0.01,-0.12,0.04
435022,0.01,-0.12,0.03
435110,0.01,-0.12,0.03
435199,0.01,-0.12,0.03
435288,0.01,-0.12,0.03
435377,0.01,-0.12,0.03
435465,0.00,-0.12,0.03
435554,0.00,-0.12,0.03
435643,-0.00,-0.12,0.03
435732,0.00,-0.12,0.03
435820,0.01,-0.12,0.03
435909,0.01,-0.12,0.03
436086,0.00,-0.12,0.03
436264,0.01,-0.12,0.03
436441,0.01,-0.12,0.04
436619,0.01,-0.12,0.03
436796,0.01,-0.12,0.04
436974,0.00,-0.12,0.04
437151,0.01,-0.12,0.04
437329,0.01,-0.12,0.03
437506,0.01,-0.12,0.03
437684,0.01,-0.12,0.04
437861,0.01,-0.12,0.04
438039,0.00,-0.12,0.03
438216,0.01,-0.12,0.03
438393,0.01,-0.12,0.03
438571,0.00,-0.12,0.03
438748,0.00,-0.12,0.03
438926,0.00,-0.12,0.03
439103,0.00,-0.12,0.04
439281,0.01,-0.12,0.03
439458,0.01,-0.12,0.04
439636,0.01,-0.12,0.04
439813,0.01,-0.12,0.04
439991,0.01,-0.12,0.03
440168,0.01,-0.12,0.03
440346,0.01,-0.12,0.04
440523,0.01,-0.12,0.04
440700,0.01,-0.12,0.03
440878,0.01,-0.12,0.04
441055,0.01,-0.12,0.04
441233,-0.00,-0.12,0.04
441410,0.01,-0.12,0.03
441588,0.01,-0.12,0.04
441765,0.00,-0.12,0.04
441943,0.01,-0.12,0.04
442120,0.01,-0.12,0.04
442209,0.01,-0.12,0.04
442298,0.01,-0.12,0.04
442386,0.01,-0.12,0.04
442475,0.01,-0.12,0.03
442564,0.01,-0.12,0.04
442653,0.00,-0.12,0.04
442741,0.01,-0.12,0.04
442830,0.01,-0.12,0.03
442919,0.01,-0.11,0.04
443008,0.01,-0.12,0.04
443096,0.01,-0.12,0.03
443185,0.01,-0.12,0.04
443274,0.01,-0.12,0.04
443363,0.01,-0.12,0.04
443451,0.01,-0.12,0.04
443540,0.00,-0.12,0.03
443629,0.00,-0.12,0.04
443717,0.01,-0.12,0.04
443806,0.01,-0.11,0.05
443895,0.01,-0.12,0.03
443984,0.00,-0.12,0.04
444072,0.01,-0.12,0.04
444161,0.01,-0.13,0.04
444250,0.01,-0.12,0.04
444339,0.01,-0.12,0.04
444427,0.01,-0.12,0.03
444516,0.01,-0.12,0.04
444605,0.01,-0.12,0.04
444694,0.01,-0.12,0.04
444782,0.01,-0.11,0.04
444871,0.01,-0.12,0.03
444960,0.01,-0.12,0.04
445049,0.01,-0.12,0.04
445137,0.01,-0.12,0.03
445226,0.01,-0.11,0.03
445315,0.01,-0.11,0.04
445403,0.00,-0.12,0.04
445492,0.00,-0.11,0.04
445581,0.00,-0.11,0.03
445670,-0.00,-0.11,0.03
445758,0.00,-0.11,0.04
445847,0.01,-0.12,0.03
445936,0.01,-0.12,0.04
446025,0.01,-0.11,0.04
446113,0.01,-0.12,0.04
446202,0.01,-0.12,0.04
446291,0.01,-0.11,0.03
446380,0.00,-0.11,0.04
446468,0.00,-0.11,0.03
446557,0.00,-0.11,0.03
446646,0.01,-0.11,0.04
446734,0.01,-0.11,0.04
446823,0.01,-0.11,0.03
446912,0.01,-0.11,0.04
447001,0.01,-0.11,0.03
447089,0.01,-0.11,0.03
447178,0.00,-0.10,0.03
447267,0.01,-0.11,0.03
447356,0.01,-0.11,0.03
447444,0.00,-0.11,0.03
447533,0.01,-0.11,0.03
447622,0.01,-0.11,0.03
447711,0.01,-0.11,0.03
447888,0.00,-0.11,0.03
448065,0.00,-0.10,0.03
448243,0.00,-0.11,0.04
448420,0.01,-0.11,0.03
448598,0.00,-0.11,0.04
448775,0.00,-0.11,0.04
448953,0.01,-0.11,0.04
449130,0.01,-0.11,0.04
449308,0.01,-0.11,0.03
449485,0.01,-0.11,0.03
449663,0.01,-0.11,0.04
449840,0.00,-0.11,0.04
450018,0.00,-0.11,0.03
450195,0.00,-0.11,0.04
450373,0.01,-0.11,0.03
450550,0.00,-0.11,0.04
450727,0.01,-0.11,0.04
450905,0.01,-0.11,0.04
451082,0.01,-0.11,0.04
451260,0.01,-0.11,0.04
451349,0.01,-0.11,0.04
451437,0.01,-0.11,0.04
451526,0.01,-0.11,0.04
451615,0.01,-0.11,0.04
451704,0.00,-0.11,0.04
451792,0.01,-0.11,0.04
451881,0.00,-0.11,0.04
451970,0.01,-0.12,0.04
452059,0.01,-0.12,0.04
452147,0.01,-0.11,0.04
452236,0.01,-0.12,0.04
452325,0.01,-0.12,0.04
452413,0.01,-0.12,0.04
452502,0.02,-0.12,0.04
452591,0.01,-0.12,0.04
452680,0.00,-0.12,0.04
452768,-0.00,-0.12,0.04
452857,-0.00,-0.12,0.04
452946,0.00,-0.12,0.04
453035,0.00,-0.12,0.05
453123,0.01,-0.12,0.05
453212,0.01,-0.12,0.05
453301,0.01,-0.12,0.05
453390,0.01,-0.12,0.05
453478,0.01,-0.12,0.05
453656,0.01,-0.12,0.04
453833,0.01,-0.12,0.05
454011,0.01,-0.12,0.04
454188,0.00,-0.13,0.05
454366,0.02,-0.12,0.05
454543,0.01,-0.13,0.05
454721,0.01,-0.12,0.05
454898,0.01,-0.13,0.05
455075,0.01,-0.12,0.05
455253,0.01,-0.13,0.05
455430,0.01,-0.13,0.05
455608,0.01,-0.12,0.05
455785,0.01,-0.12,0.05
455963,0.00,-0.13,0.05
456140,0.00,-0.13,0.06
456318,0.01,-0.13,0.06
456495,0.00,-0.13,0.06
456673,0.01,-0.13,0.06
456850,0.00,-0.13,0.06
457028,-0.00,-0.13,0.06
457205,0.01,-0.13,0.06
457383,0.01,-0.13,0.06
457560,0.01,-0.14,0.06
457737,0.01,-0.14,0.06
457915,0.01,-0.14,0.06
458004,0.01,-0.14,0.07
458092,0.01,-0.14,0.07
458181,0.01,-0.14,0.07
458270,0.00,-0.14,0.06
458359,0.01,-0.14,0.06
458447,0.01,-0.14,0.07
458536,0.01,-0.14,0.07
458625,0.01,-0.14,0.07
458714,0.01,-0.14,0.07
458802,0.00,-0.14,0.07
458891,0.01,-0.14,0.07
458980,0.01,-0.15,0.07
459069,0.01,-0.15,0.07
459157,0.00,-0.15,0.07
459335,0.01,-0.15,0.07
459512,0.01,-0.15,0.07
459690,0.01,-0.14,0.07
459867,-0.00,-0.15,0.07
460045,0.01,-0.14,0.07
460222,0.01,-0.15,0.07
460400,0.01,-0.14,0.07
460488,0.00,-0.14,0.07
460577,0.01,-0.15,0.07
460666,0.01,-0.15,0.07
460754,0.00,-0.14,0.07
460843,0.01,-0.15,0.07
460932,0.01,-0.15,0.07
461021,0.01,-0.15,0.07
461109,0.01,-0.15,0.07
461198,0.00,-0.15,0.07
461287,0.00,-0.15,0.07
461376,0.00,-0.15,0.07
461464,0.01,-0.14,0.07
461553,0.00,-0.14,0.07
461642,0.01,-0.14,0.07
461730,0.01,-0.15,0.07
461819,0.01,-0.15,0.07
461908,0.01,-0.15,0.07
461997,0.01,-0.15,0.07
462085,0.02,-0.14,0.07
462174,0.00,-0.14,0.07
462263,0.00,-0.14,0.07
462352,0.01,-0.15,0.07
462440,0.01,-0.14,0.07
462529,0.01,-0.15,0.07
462618,0.00,-0.14,0.07
462707,0.01,-0.15,0.07
462795,0.01,-0.14,0.07
462884,0.01,-0.14,0.07
462973,0.01,-0.14,0.07
463061,0.00,-0.15,0.07
463150,0.01,-0.15,0.07
463239,0.01,-0.15,0.07
463328,0.01,-0.15,0.07
463416,0.01,-0.14,0.07
463505,0.01,-0.15,0.07
463594,0.01,-0.15,0.07
463683,0.01,-0.15,0.07
463771,0.01,-0.15,0.07
463860,0.01,-0.15,0.07
463949,0.01,-0.15,0.07
464037,0.01,-0.15,0.07
464126,0.01,-0.15,0.07
464215,0.01,-0.15,0.07
464304,0.01,-0.15,0.07
464392,0.01,-0.15,0.07
464481,0.00,-0.15,0.07
464570,0.01,-0.14,0.07
464659,0.01,-0.14,0.07
464747,-0.00,-0.15,0.07
464836,0.01,-0.15,0.07
464925,0.01,-0.15,0.07
465014,0.01,-0.15,0.07
465102,0.01,-0.15,0.07
465191,0.01,-0.14,0.07
465280,0.01,-0.15,0.07
465457,0.01,-0.15,0.07
465635,0.01,-0.15,0.07
465812,0.00,-0.15,0.07
465990,0.01,-0.15,0.07
466167,0.00,-0.15,0.07
466344,0.01,-0.15,0.07
466522,0.00,-0.15,0.07
466699,0.01,-0.15,0.07
466877,0.01,-0.15,0.07
467054,0.01,-0.15,0.07
467232,0.00,-0.15,0.07
467409,0.01,-0.15,0.07
467587,0.01,-0.15,0.07
467764,0.01,-0.15,0.07
467942,0.01,-0.15,0.07
468119,0.01,-0.15,0.07
468297,0.00,-0.15,0.07
468474,0.01,-0.15,0.07
468651,0.01,-0.15,0.07
468829,0.01,-0.15,0.07
469006,0.01,-0.15,0.07
469184,0.01,-0.15,0.07
469361,0.01,-0.15,0.07
469539,0.01,-0.15,0.06
469628,0.01,-0.15,0.06
469716,0.01,-0.15,0.06
469805,0.02,-0.15,0.06
469894,0.01,-0.15,0.06
469982,0.01,-0.14,0.06
470071,0.01,-0.15,0.07
470160,0.00,-0.15,0.07
470249,0.01,-0.15,0.06
470337,0.01,-0.14,0.06
470426,0.02,-0.14,0.06
470515,0.01,-0.14,0.06
470604,0.01,-0.14,0.06
470692,0.01,-0.14,0.06
470781,0.02,-0.14,0.06
470870,0.01,-0.14,0.06
470958,0.01,-0.15,0.07
471047,0.00,-0.15,0.06
471136,0.01,-0.14,0.06
471313,0.01,-0.14,0.06
471491,0.01,-0.14,0.06
471668,0.01,-0.14,0.06
471846,0.01,-0.14,0.06
472023,0.01,-0.14,0.06
472201,0.01,-0.14,0.06
472378,-0.00,-0.13,0.06
472556,0.00,-0.14,0.06
472733,0.01,-0.13,0.05
472911,0.00,-0.14,0.06
473088,0.00,-0.13,0.06
473265,0.01,-0.13,0.06
473443,0.01,-0.14,0.06
473620,0.00,-0.13,0.05
473798,0.01,-0.13,0.05
473975,0.01,-0.13,0.05
474153,0.01,-0.14,0.05
474330,0.01,-0.13,0.05
474419,0.01,-0.13,0.05
474508,0.01,-0.13,0.05
474596,0.01,-0.14,0.05
474685,0.01,-0.13,0.05
474774,0.01,-0.13,0.05
474863,0.01,-0.13,0.05
474951,0.01,-0.14,0.05
475040,0.01,-0.13,0.06
475129,0.01,-0.13,0.05
475217,0.00,-0.13,0.05
475306,0.00,-0.13,0.05
475395,0.01,-0.13,0.05
475484,0.00,-0.13,0.05
475572,0.00,-0.13,0.05
475661,0.01,-0.13,0.05
475750,0.01,-0.13,0.05
475839,0.01,-0.13,0.05
475927,0.00,-0.13,0.05
476016,0.00,-0.13,0.05
476105,0.00,-0.13,0.06
476193,0.01,-0.13,0.06
476282,0.00,-0.14,0.06
476371,0.01,-0.14,0.05
476460,0.01,-0.13,0.05
476548,0.01,-0.14,0.06
476637,0.01,-0.14,0.06
476726,0.00,-0.14,0.06
476815,0.00,-0.13,0.06
476903,0.00,-0.13,0.06
476992,0.00,-0.14,0.06
477258,-0.00,-0.14,0.06
477436,0.00,-0.14,0.06
477613,0.01,-0.14,0.06
477791,0.01,-0.14,0.06
477968,0.01,-0.14,0.06
478146,0.01,-0.14,0.06
478323,-0.00,-0.14,0.05
478500,0.01,-0.14,0.06
478678,0.01,-0.14,0.06
478767,0.00,-0.14,0.06
478855,0.00,-0.14,0.06
478944,0.00,-0.14,0.06
479033,0.01,-0.14,0.06
479122,0.00,-0.14,0.06
479210,0.01,-0.14,0.07
479299,0.01,-0.14,0.06
479388,0.01,-0.15,0.06
479476,0.00,-0.15,0.06
479565,0.00,-0.14,0.06
479654,-0.00,-0.14,0.06
479743,0.00,-0.14,0.07
479831,0.01,-0.15,0.06
479920,0.01,-0.14,0.07
480009,0.00,-0.14,0.06
480098,0.01,-0.14,0.06
480186,0.01,-0.14,0.06
480275,0.00,-0.14,0.06
480364,0.00,-0.14,0.06
480453,0.01,-0.14,0.06
480541,0.00,-0.14,0.06
480630,0.01,-0.14,0.06
480719,0.01,-0.14,0.06
480807,0.01,-0.14,0.06
480896,0.01,-0.14,0.06
480985,0.01,-0.14,0.06
481074,0.01,-0.14,0.06
481162,0.00,-0.14,0.06
481251,-0.00,-0.14,0.07
481340,0.01,-0.14,0.06
481429,0.01,-0.14,0.06
481517,0.01,-0.14,0.07
481606,0.01,-0.14,0.06
481695,0.01,-0.14,0.06
481784,0.01,-0.14,0.06
481872,0.01,-0.14,0.06
481961,0.00,-0.14,0.06
482050,0.00,-0.14,0.06
482138,0.00,-0.14,0.07
482227,0.01,-0.14,0.06
482316,0.01,-0.13,0.06
482405,0.01,-0.15,0.06
482493,0.01,-0.14,0.06
482582,0.01,-0.14,0.06
482671,0.01,-0.14,0.06
482760,0.00,-0.14,0.06
482848,0.00,-0.14,0.06
483026,0.01,-0.14,0.06
483203,0.01,-0.14,0.06
483381,0.01,-0.14,0.06
483558,0.01,-0.14,0.06
483736,0.01,-0.14,0.06
483913,0.00,-0.14,0.06
484091,0.01,-0.14,0.07
484268,0.00,-0.13,0.05
484446,0.00,-0.13,0.06
484623,0.01,-0.13,0.06
484800,0.01,-0.13,0.06
484978,0.01,-0.14,0.05
485155,0.01,-0.13,0.05
485333,0.01,-0.12,0.06
485510,0.01,-0.13,0.06
485688,0.00,-0.13,0.05
485865,0.00,-0.13,0.06
486043,0.01,-0.14,0.06
486220,0.02,-0.13,0.06
486398,0.00,-0.13,0.06
486575,0.00,-0.13,0.06
486753,0.01,-0.13,0.06
486930,0.00,-0.13,0.06
487108,0.01,-0.13,0.06
487285,0.01,-0.13,0.06
487463,0.00,-0.13,0.06
487640,0.00,-0.13,0.06
487729,0.01,-0.13,0.06
487817,0.01,-0.13,0.05
487906,0.01,-0.13,0.06
487995,-0.00,-0.14,0.06
488084,0.00,-0.13,0.06
488172,0.00,-0.13,0.06
488261,0.00,-0.13,0.06
488350,0.01,-0.13,0.06
488439,0.01,-0.13,0.06
488527,0.00,-0.13,0.06
488616,0.00,-0.13,0.06
488705,0.01,-0.13,0.06
488882,0.01,-0.13,0.06
489060,0.00,-0.13,0.06
489237,0.01,-0.13,0.06
489415,0.00,-0.13,0.06
489592,0.01,-0.13,0.06
489770,0.01,-0.13,0.06
489947,0.00,-0.13,0.06
490125,0.01,-0.14,0.06
490302,-0.00,-0.13,0.07
490479,0.00,-0.13,0.06
490657,-0.00,-0.13,0.06
490746,0.00,-0.14,0.06
490834,0.00,-0.13,0.06
490923,0.00,-0.13,0.06
491012,0.01,-0.14,0.06
491101,0.01,-0.13,0.06
491189,0.01,-0.14,0.06
491278,0.01,-0.14,0.06
491367,0.00,-0.14,0.06
491455,-0.00,-0.14,0.07
491544,0.01,-0.14,0.07
491633,0.01,-0.13,0.06
491722,0.00,-0.14,0.06
491810,0.00,-0.14,0.07
491899,0.00,-0.14,0.06
491988,0.00,-0.14,0.07
492077,0.00,-0.14,0.07
492165,0.01,-0.14,0.06
492254,-0.00,-0.14,0.07
492343,0.00,-0.14,0.06
492432,0.00,-0.14,0.07
492520,0.01,-0.14,0.06
492609,0.00,-0.14,0.07
492698,0.00,-0.14,0.07
492787,0.00,-0.14,0.07
492875,0.00,-0.15,0.07
492964,-0.01,-0.14,0.07
493053,0.00,-0.14,0.07
493141,0.01,-0.14,0.07
493230,0.01,-0.14,0.07
493319,0.00,-0.15,0.07
493408,0.01,-0.14,0.07
493496,0.00,-0.14,0.07
493585,-0.00,-0.14,0.07
493674,0.00,-0.15,0.06
493763,0.01,-0.15,0.06
493851,0.00,-0.15,0.07
493940,0.00,-0.14,0.06
494029,0.01,-0.15,0.07
494118,0.01,-0.14,0.07
494206,0.01,-0.15,0.06
494295,-0.00,-0.15,0.06
494384,0.01,-0.15,0.07
494472,0.01,-0.15,0.06
494561,0.00,-0.14,0.06
494650,-0.00,-0.15,0.07
494827,0.01,-0.14,0.06
495005,0.00,-0.14,0.07
495182,0.01,-0.14,0.07
495360,0.01,-0.14,0.06
495537,0.01,-0.15,0.06
495715,0.01,-0.14,0.07
495892,0.01,-0.14,0.06
496070,0.00,-0.14,0.07
496247,0.01,-0.13,0.06
496425,0.01,-0.14,0.06
496602,0.01,-0.13,0.06
496780,0.00,-0.14,0.06
496868,0.01,-0.13,0.06
496957,0.01,-0.12,0.05
497046,0.00,-0.12,0.05
497134,0.01,-0.13,0.04
497223,0.00,-0.12,0.04
497312,0.01,-0.12,0.04
497401,0.02,-0.10,0.06
497489,0.01,-0.12,0.04
497578,0.00,-0.12,0.04
497667,-0.01,-0.12,0.04
497756,0.00,-0.12,0.04
497844,0.00,-0.11,0.05
497933,0.01,-0.12,0.04
498022,0.01,-0.11,0.04
498111,0.00,-0.12,0.03
498199,0.01,-0.12,0.03
498288,0.01,-0.11,0.05
498377,0.01,-0.11,0.04
498465,0.00,-0.12,0.04
498554,0.00,-0.13,0.03
498643,0.00,-0.13,0.04
498732,0.00,-0.13,0.04
498820,0.02,-0.11,0.07
498909,0.02,-0.12,0.05
498998,0.00,-0.13,0.03
499087,0.01,-0.11,0.05
499175,0.01,-0.11,0.05
499264,0.01,-0.11,0.02
499353,0.00,-0.12,0.03
499442,0.01,-0.11,0.04
499530,0.01,-0.11,0.03
499619,0.00,-0.10,0.04
499708,0.01,-0.11,0.02
499796,-0.01,-0.11,0.03
499885,0.00,-0.11,0.03
499974,0.02,-0.10,0.06
500063,0.02,-0.11,0.02
500151,0.01,-0.12,0.03
500240,0.00,-0.12,0.03
500329,0.01,-0.11,0.03
500418,0.01,-0.11,0.03
500506,0.02,-0.11,0.05
500684,0.01,-0.11,0.04
500861,0.00,-0.12,0.04
501039,0.01,-0.12,0.05
501216,0.01,-0.12,0.04
501394,0.00,-0.13,0.04
501571,0.01,-0.12,0.05
501749,0.01,-0.13,0.05
501926,0.00,-0.13,0.05
502104,0.00,-0.13,0.04
502281,0.01,-0.13,0.05
502459,0.00,-0.13,0.05
502636,0.01,-0.13,0.05
502813,-0.00,-0.13,0.05
502991,-0.00,-0.13,0.05
503168,0.01,-0.13,0.04
503346,0.00,-0.13,0.05
503523,0.00,-0.13,0.03
503701,0.02,-0.10,0.02
503878,-0.00,-0.11,0.03
504056,0.01,-0.12,0.03
504233,0.01,-0.09,0.02
504411,-0.01,-0.11,0.04
504588,0.01,-0.11,0.03
504766,0.01,-0.11,0.04
504943,0.01,-0.11,0.04
505121,-0.00,-0.10,0.02
505298,0.00,-0.10,0.04
505475,-0.01,-0.10,0.04
505653,0.00,-0.10,0.03
505830,0.01,-0.09,0.03
506008,0.01,-0.09,0.03
506097,0.01,-0.10,0.04
506185,0.00,-0.10,0.03
506274,0.01,-0.10,0.04
506452,-0.00,-0.10,0.04
506629,0.00,-0.11,0.04
506807,0.00,-0.10,0.04
506984,-0.01,-0.11,0.03
507161,-0.00,-0.10,0.04
507339,-0.01,-0.10,0.05
507428,0.01,-0.11,0.02
507516,0.00,-0.10,0.04
507605,0.01,-0.10,0.03
507694,-0.00,-0.10,0.03
507783,-0.00,-0.10,0.03
507871,0.00,-0.11,0.02
507960,-0.00,-0.09,0.03
508049,0.01,-0.11,0.01
508138,-0.00,-0.09,0.02
508226,0.01,-0.10,0.01
508315,0.00,-0.10,0.02
508404,0.00,-0.10,0.01
508492,0.00,-0.08,0.03
508581,0.02,-0.09,0.01
508670,-0.01,-0.10,0.02
508759,0.01,-0.10,0.02
508847,0.00,-0.10,0.01
508936,-0.00,-0.10,0.02
509025,0.01,-0.10,0.03
509114,0.01,-0.10,0.02
509202,0.00,-0.10,0.03
509291,0.01,-0.10,0.02
509380,0.01,-0.10,0.03
509469,0.01,-0.10,0.03
509557,0.01,-0.10,0.02
509646,0.00,-0.11,0.02
509735,0.00,-0.10,0.03
509823,0.00,-0.11,0.02
509912,0.00,-0.11,0.02
510001,0.01,-0.11,0.03
510090,0.01,-0.11,0.02
510178,0.00,-0.11,0.02
510267,0.00,-0.11,0.03
510356,0.00,-0.11,0.03
510445,0.01,-0.11,0.02
510533,-0.00,-0.11,0.04
510622,0.00,-0.10,0.04
510711,0.00,-0.11,0.02
510800,-0.00,-0.11,0.03
510888,0.01,-0.11,0.03
510977,0.01,-0.12,0.02
511066,0.01,-0.11,0.04
511154,0.01,-0.11,0.02
511243,0.01,-0.11,0.03
511332,0.01,-0.11,0.02
511421,0.00,-0.11,0.01
511509,-0.01,-0.12,0.03
511598,0.02,-0.10,0.04
511687,0.01,-0.12,0.02
511776,0.00,-0.11,0.03
511864,-0.00,-0.12,0.04
511953,0.00,-0.12,0.05
512042,0.01,-0.11,0.04
512131,0.01,-0.12,0.04
512219,0.01,-0.12,0.03
512397,0.00,-0.11,0.03
512574,-0.01,-0.11,0.05
512751,0.01,-0.12,0.03
512929,-0.01,-0.11,0.04
513106,-0.00,-0.12,0.04
513284,-0.00,-0.12,0.05
513461,0.01,-0.12,0.04
513639,0.01,-0.12,0.04
513816,0.01,-0.12,0.04
513994,0.00,-0.12,0.04
514171,0.01,-0.11,0.04
514349,0.00,-0.12,0.04
514526,0.00,-0.12,0.04
514704,0.01,-0.11,0.04
514881,0.01,-0.11,0.04
515058,0.01,-0.12,0.04
515147,0.01,-0.11,0.04
515236,0.01,-0.11,0.04
515325,0.00,-0.11,0.04
515413,0.00,-0.11,0.04
515502,0.01,-0.12,0.04
515591,-0.00,-0.11,0.04
515680,0.00,-0.11,0.04
515768,0.00,-0.11,0.04
515857,0.01,-0.11,0.04
515946,0.01,-0.11,0.04
516035,0.01,-0.11,0.03
516123,0.01,-0.11,0.04
516212,0.01,-0.10,0.04
516301,0.01,-0.10,0.03
516390,0.01,-0.11,0.03
516478,-0.00,-0.10,0.03
516567,0.00,-0.11,0.03
516656,0.01,-0.11,0.03
516744,0.01,-0.10,0.04
516833,-0.01,-0.10,0.03
516922,-0.00,-0.10,0.03
517011,0.00,-0.10,0.03
517099,0.00,-0.10,0.03
517188,0.00,-0.10,0.03
517277,0.00,-0.10,0.03
517366,0.00,-0.10,0.03
517454,0.00,-0.10,0.03
517543,0.00,-0.10,0.03
517632,0.01,-0.10,0.03
517720,0.01,-0.10,0.03
517809,0.01,-0.10,0.03
517898,0.01,-0.10,0.03
517987,0.01,-0.09,0.03
518075,0.01,-0.09,0.03
518253,0.00,-0.09,0.02
518430,0.00,-0.09,0.03
518608,0.01,-0.09,0.03
518785,0.00,-0.09,0.03
518963,0.01,-0.09,0.03
519140,0.00,-0.09,0.03
519318,0.00,-0.09,0.03
519495,0.01,-0.09,0.02
519673,0.01,-0.09,0.03
519850,0.01,-0.09,0.02
520028,0.00,-0.09,0.02
520205,0.01,-0.09,0.03
520382,0.00,-0.09,0.02
520560,0.00,-0.09,0.02
520737,0.01,-0.09,0.02
520915,0.01,-0.09,0.02
521092,0.00,-0.09,0.02
521270,0.00,-0.08,0.02
521447,0.00,-0.09,0.02
521625,0.01,-0.08,0.02
521802,0.01,-0.09,0.02
521980,0.01,-0.09,0.02
522157,0.00,-0.09,0.03
522335,0.01,-0.09,0.02
522512,0.01,-0.09,0.02
522689,0.01,-0.09,0.02
522867,0.01,-0.09,0.02
523044,0.01,-0.09,0.03
523222,0.00,-0.09,0.03
523399,0.01,-0.09,0.03
523577,0.01,-0.10,0.03
523754,0.00,-0.09,0.03
524021,0.00,-0.10,0.03
524198,0.01,-0.10,0.02
524287,0.00,-0.10,0.03
524375,0.01,-0.10,0.03
524464,0.00,-0.10,0.03
524553,0.00,-0.09,0.03
524642,0.01,-0.10,0.03
524730,0.01,-0.10,0.02
524819,0.01,-0.10,0.02
524908,0.01,-0.09,0.04
524997,0.02,-0.10,0.03
525085,0.01,-0.10,0.03
525174,0.01,-0.10,0.02
525263,0.00,-0.10,0.02
525352,0.01,-0.10,0.02
525440,0.01,-0.09,0.03
525529,0.02,-0.10,0.01
525618,0.01,-0.09,0.02
525706,0.01,-0.10,0.02
525795,0.01,-0.10,0.02
525884,0.01,-0.10,0.02
525973,0.01,-0.10,0.03
526061,0.01,-0.09,0.03
526150,0.02,-0.10,0.02
526239,0.01,-0.10,0.02
526327,0.01,-0.10,0.03
526416,0.01,-0.10,0.03
526505,0.01,-0.10,0.03
526594,0.01,-0.10,0.02
526682,0.01,-0.10,0.02
526771,0.00,-0.10,0.03
526860,0.01,-0.11,0.03
526949,0.01,-0.11,0.03
527037,0.01,-0.11,0.03
527126,0.01,-0.11,0.03
527215,0.01,-0.11,0.03
527304,0.01,-0.11,0.03
527392,0.01,-0.11,0.03
527481,0.01,-0.11,0.03
527570,0.01,-0.11,0.03
527658,0.01,-0.11,0.03
527747,0.01,-0.11,0.03
527836,0.01,-0.11,0.03
527925,0.00,-0.11,0.03
528013,0.01,-0.11,0.03
528102,0.00,-0.11,0.03
528191,-0.00,-0.11,0.03
528280,0.00,-0.10,0.03
528368,0.01,-0.11,0.03
528457,0.01,-0.11,0.03
528546,0.01,-0.11,0.03
528635,0.00,-0.11,0.03
528723,0.01,-0.11,0.03
528812,0.01,-0.11,0.03
528901,0.01,-0.11,0.03
528989,0.01,-0.11,0.03
529078,0.01,-0.11,0.03
529167,0.01,-0.11,0.03
529256,0.01,-0.11,0.03
529344,0.01,-0.11,0.03
529433,0.01,-0.11,0.03
529522,0.01,-0.11,0.02
529611,0.01,-0.11,0.02
529699,0.01,-0.11,0.03
529788,0.00,-0.11,0.03
529877,0.01,-0.11,0.03
530054,0.01,-0.11,0.02
530232,0.02,-0.11,0.02
530409,0.01,-0.11,0.02
530587,0.01,-0.11,0.03
530764,0.01,-0.11,0.02
530942,0.01,-0.11,0.02
531119,0.01,-0.11,0.02
531296,0.01,-0.11,0.02
531474,0.01,-0.11,0.02
531651,0.01,-0.11,0.02
531829,0.00,-0.11,0.02
532006,0.01,-0.11,0.03
532184,0.00,-0.11,0.03
532361,0.01,-0.11,0.03
532539,0.01,-0.12,0.02
532716,0.01,-0.12,0.03
532894,0.01,-0.11,0.03
533071,0.00,-0.11,0.02
533249,0.01,-0.11,0.03
533337,0.01,-0.12,0.03
533426,0.00,-0.12,0.03
533515,0.00,-0.11,0.03
533604,0.00,-0.11,0.03
533692,0.00,-0.12,0.03
533781,0.01,-0.12,0.03
533870,0.01,-0.11,0.03
533958,0.01,-0.11,0.03
534047,0.01,-0.12,0.03
534136,0.01,-0.12,0.03
534225,0.01,-0.12,0.03
534313,0.01,-0.12,0.03
534402,0.01,-0.12,0.03
534491,0.01,-0.12,0.03
534580,0.01,-0.12,0.03
534668,0.01,-0.12,0.03
534757,0.01,-0.12,0.03
534846,0.01,-0.12,0.03
534935,0.01,-0.12,0.03
535023,0.01,-0.12,0.03
535112,0.00,-0.12,0.03
535201,0.00,-0.12,0.03
535289,0.01,-0.12,0.03
535378,0.01,-0.12,0.03
535467,0.00,-0.12,0.03
535556,0.01,-0.12,0.03
535644,0.01,-0.12,0.03
535733,0.01,-0.12,0.03
535910,0.01,-0.12,0.03
536088,0.01,-0.12,0.04
536265,0.01,-0.12,0.04
536443,0.00,-0.12,0.04
536620,0.01,-0.13,0.03
536798,0.01,-0.13,0.04
536975,0.01,-0.13,0.04
537153,0.01,-0.13,0.04
537330,0.00,-0.13,0.04
537508,0.01,-0.13,0.04
537685,0.00,-0.13,0.04
537862,0.01,-0.13,0.04
538040,0.00,-0.13,0.04
538217,0.00,-0.13,0.04
538395,0.01,-0.13,0.04
538572,0.00,-0.13,0.04
538750,0.01,-0.13,0.04
538927,0.01,-0.13,0.04
539105,0.01,-0.13,0.04
539282,-0.01,-0.14,0.05
539460,0.00,-0.15,0.06
539637,0.01,-0.13,0.06
539815,0.01,-0.13,0.04
539992,0.01,-0.12,0.01
540170,0.00,-0.12,0.02
540347,-0.00,-0.14,0.04
540436,-0.00,-0.14,0.07
540524,0.01,-0.14,0.08
540613,0.00,-0.15,0.07
540702,0.01,-0.15,0.06
540791,0.01,-0.15,0.05
540879,0.00,-0.16,0.06
540968,0.01,-0.15,0.05
541057,0.01,-0.15,0.05
541234,0.01,-0.15,0.05
541323,0.01,-0.15,0.05
541500,0.01,-0.15,0.04
541678,0.01,-0.15,0.05
541855,0.01,-0.15,0.05
542033,0.00,-0.15,0.05
542210,0.00,-0.14,0.05
542388,0.00,-0.14,0.05
542477,-0.00,-0.14,0.05
542565,0.00,-0.14,0.04
542654,0.00,-0.14,0.04
542743,0.00,-0.14,0.04
542831,-0.00,-0.14,0.04
542920,0.00,-0.14,0.04
543009,0.00,-0.14,0.05
543098,0.01,-0.14,0.04
543186,0.00,-0.14,0.05
543275,0.01,-0.14,0.05
543364,0.01,-0.13,0.05
543453,0.00,-0.13,0.04
543541,0.01,-0.13,0.04
543630,0.01,-0.13,0.04
543719,0.01,-0.14,0.04
543807,0.01,-0.13,0.04
543896,0.01,-0.13,0.03
543985,0.01,-0.14,0.03
544074,0.01,-0.13,0.04
544162,0.00,-0.13,0.04
544251,0.00,-0.14,0.03
544340,0.01,-0.13,0.03
544429,0.01,-0.14,0.03
544517,0.00,-0.13,0.03
544606,0.00,-0.13,0.03
544695,-0.00,-0.13,0.03
544784,-0.01,-0.13,0.03
544872,-0.00,-0.13,0.04
544961,0.01,-0.12,0.03
545050,-0.00,-0.13,0.03
545138,0.01,-0.13,0.04
545227,0.01,-0.13,0.03
545316,0.01,-0.12,0.03
545405,0.01,-0.13,0.03
545493,0.00,-0.12,0.04
545582,0.00,-0.13,0.02
545671,-0.00,-0.13,0.03
545760,0.00,-0.12,0.03
545848,0.01,-0.12,0.03
545937,0.01,-0.12,0.03
546026,0.01,-0.12,0.03
546114,0.01,-0.12,0.03
546203,0.01,-0.12,0.03
546292,0.01,-0.12,0.03
546381,0.01,-0.12,0.03
546469,0.01,-0.12,0.03
546558,0.00,-0.12,0.03
546647,0.01,-0.12,0.03
546736,0.01,-0.12,0.03
546824,0.00,-0.12,0.03
546913,0.01,-0.12,0.03
547002,0.01,-0.12,0.03
547091,0.01,-0.12,0.03
547179,0.01,-0.12,0.03
547268,0.00,-0.12,0.03
547357,0.00,-0.11,0.02
547445,0.00,-0.11,0.02
547534,0.00,-0.11,0.02
547712,0.01,-0.11,0.02
547889,0.00,-0.11,0.02
548067,0.01,-0.11,0.02
548244,0.02,-0.11,0.02
548422,0.01,-0.11,0.02
548599,-0.00,-0.11,0.02
548776,0.01,-0.11,0.01
548954,0.01,-0.10,0.01
549131,0.01,-0.11,0.01
549309,0.00,-0.11,0.01
549486,0.01,-0.10,0.01
549664,0.01,-0.11,0.01
549841,0.00,-0.10,0.01
550019,0.00,-0.10,0.01
550196,0.01,-0.10,0.02
550374,0.00,-0.10,0.01
550551,0.01,-0.10,0.02
550729,0.00,-0.11,0.01
550906,0.00,-0.10,0.02
551084,0.00,-0.10,0.02
551261,0.00,-0.10,0.01
551439,0.01,-0.10,0.01
551616,0.00,-0.10,0.01
551705,0.00,-0.10,0.01
551793,0.00,-0.10,0.01
551882,0.00,-0.10,0.01
551971,0.00,-0.10,0.01
552060,0.00,-0.10,0.01
552148,0.01,-0.10,0.01
552237,0.00,-0.10,0.01
552326,-0.00,-0.10,0.01
552415,0.01,-0.10,0.01
552503,0.01,-0.10,0.01
552592,0.00,-0.10,0.01
552681,0.00,-0.10,0.01
552770,0.00,-0.10,0.01
552858,0.01,-0.09,0.01
552947,0.00,-0.10,0.01
553036,0.00,-0.10,0.01
553124,0.01,-0.10,0.01
553213,0.01,-0.10,0.01
553302,0.01,-0.10,0.01
553391,-0.00,-0.10,0.01
553568,-0.00,-0.10,0.01
553746,0.00,-0.10,0.01
553923,0.00,-0.10,0.01
554101,0.01,-0.10,0.01
554278,0.01,-0.11,0.01
554455,0.01,-0.11,0.02
554633,0.01,-0.11,0.02
554810,0.01,-0.11,0.02
554988,0.01,-0.11,0.02
555165,0.01,-0.11,0.02
555343,0.01,-0.10,0.02
555520,-0.00,-0.11,0.02
555698,0.01,-0.11,0.02
555875,0.01,-0.10,0.02
556053,-0.00,-0.11,0.02
556230,-0.00,-0.11,0.02
556408,0.01,-0.11,0.02
556585,0.00,-0.11,0.02
556763,0.01,-0.11,0.02
556940,0.01,-0.11,0.02
557029,0.00,-0.11,0.02
557118,0.00,-0.11,0.02
557206,0.01,-0.11,0.02
557295,0.01,-0.11,0.02
557384,0.01,-0.11,0.03
557472,0.01,-0.11,0.02
557561,0.01,-0.11,0.02
557650,0.00,-0.11,0.03
557739,0.00,-0.11,0.02
557827,0.01,-0.11,0.02
557916,0.01,-0.11,0.02
558005,0.01,-0.11,0.02
558094,0.01,-0.11,0.02
558182,0.00,-0.11,0.02
558271,0.01,-0.11,0.03
558360,0.01,-0.11,0.02
558449,0.01,-0.11,0.02
558537,0.01,-0.11,0.03
558626,0.01,-0.11,0.03
558715,0.01,-0.11,0.02
558803,0.01,-0.11,0.02
558892,0.01,-0.11,0.02
558981,0.01,-0.11,0.03
559070,0.01,-0.11,0.02
559158,0.01,-0.11,0.02
559247,0.01,-0.11,0.03
559336,0.00,-0.11,0.02
559513,0.01,-0.11,0.03
559691,0.01,-0.11,0.03
559868,0.00,-0.11,0.03
560046,-0.00,-0.11,0.03
560223,0.01,-0.12,0.03
560401,0.00,-0.12,0.04
560578,0.00,-0.12,0.03
560756,0.01,-0.11,0.03
560844,0.01,-0.12,0.04
560933,0.01,-0.12,0.03
561022,0.00,-0.12,0.03
561111,0.01,-0.12,0.03
561199,0.01,-0.12,0.03
561288,0.01,-0.12,0.03
561377,0.01,-0.11,0.03
561466,0.01,-0.12,0.03
561554,0.01,-0.12,0.03
561643,0.01,-0.12,0.03
561732,0.01,-0.11,0.03
561820,0.01,-0.11,0.03
561909,0.00,-0.11,0.03
561998,0.00,-0.11,0.03
562087,0.01,-0.12,0.03
562175,0.01,-0.11,0.03
562264,0.01,-0.11,0.03
562353,0.00,-0.11,0.03
562442,0.01,-0.11,0.03
562530,0.00,-0.11,0.03
562619,-0.00,-0.11,0.03
562708,0.00,-0.11,0.03
562797,0.01,-0.11,0.03
562885,0.01,-0.11,0.03
562974,0.01,-0.11,0.03
563063,0.01,-0.11,0.03
563152,0.01,-0.11,0.02
563240,0.00,-0.11,0.03
563329,0.01,-0.11,0.03
563418,0.01,-0.11,0.04
563506,0.01,-0.11,0.03
563595,0.00,-0.11,0.03
563684,0.00,-0.11,0.03
563773,0.01,-0.11,0.03
563861,0.01,-0.11,0.03
563950,0.01,-0.11,0.03
564039,0.01,-0.12,0.02
564128,0.00,-0.12,0.04
564216,0.02,-0.10,0.03
564305,0.01,-0.12,0.03
564394,0.02,-0.11,0.03
564483,0.00,-0.12,0.02
564571,0.00,-0.12,0.03
564660,0.01,-0.11,0.02
564749,0.00,-0.12,0.04
564838,0.02,-0.10,0.04
564926,0.01,-0.12,0.02
565015,0.01,-0.11,0.03
565104,0.01,-0.11,0.03
565192,0.00,-0.12,0.03
565370,0.00,-0.12,0.05
565547,0.01,-0.13,0.02
565725,0.01,-0.12,0.03
565902,0.00,-0.12,0.04
566080,0.01,-0.12,0.04
566257,0.01,-0.12,0.04
566435,0.01,-0.11,0.04
566612,-0.00,-0.12,0.04
566790,0.01,-0.12,0.04
566967,0.01,-0.13,0.03
567145,0.01,-0.12,0.04
567322,0.01,-0.12,0.04
567500,0.01,-0.13,0.04
567677,0.01,-0.13,0.04
567854,0.01,-0.12,0.04
568032,0.00,-0.13,0.04
568209,0.01,-0.12,0.04
568387,0.02,-0.13,0.04
568564,0.00,-0.13,0.04
568742,0.01,-0.13,0.04
568919,0.01,-0.13,0.04
569097,0.01,-0.13,0.04
569274,0.01,-0.13,0.04
569452,0.01,-0.13,0.04
569629,0.01,-0.13,0.04
569807,-0.00,-0.13,0.04
569895,0.00,-0.13,0.04
569984,0.01,-0.13,0.04
570073,0.01,-0.13,0.04
570162,0.01,-0.14,0.04
570250,0.01,-0.13,0.05
570339,0.01,-0.13,0.04
570428,0.01,-0.13,0.04
570517,0.01,-0.13,0.04
570605,0.01,-0.13,0.04
570694,0.00,-0.13,0.04
570783,0.00,-0.13,0.04
570871,0.00,-0.13,0.04
570960,0.01,-0.13,0.04
571049,0.01,-724.26,0.04
571226,-0.00,-0.13,0.04
571404,0.01,-0.13,0.04
571581,0.01,-0.13,0.04
571759,0.00,-0.13,0.04
571936,0.01,-0.13,0.04
572114,0.01,-0.13,0.04
572291,0.01,-0.13,0.04
572469,0.01,-0.12,0.04
572646,0.01,-0.13,0.04
572824,0.01,-0.13,0.04
573001,0.01,-0.13,0.04
573179,0.01,-0.13,0.04
573356,0.01,-0.13,0.04
573445,0.01,-0.13,0.04
573534,0.01,-0.13,0.03
573622,0.00,-0.12,0.04
573711,0.01,-0.13,0.04
573800,0.01,-0.13,0.04
573889,0.00,-0.13,0.04
573977,0.00,-0.13,0.04
574066,-0.00,-0.13,0.04
574155,0.00,-0.13,0.04
574243,0.01,-0.12,0.04
574332,0.01,-0.12,0.04
574421,0.01,-0.13,0.04
574510,0.01,-0.13,0.04
574598,0.01,-0.13,0.04
574687,0.01,-0.13,0.04
574776,0.01,-0.12,0.04
574865,0.01,-0.13,0.04
574953,0.01,-0.13,0.04
575042,0.00,-0.13,0.04
575131,0.00,-0.12,0.04
575220,0.01,-0.12,0.04
575308,0.01,-0.13,0.04
575397,0.01,-0.12,0.04
575486,0.00,-0.12,0.04
575575,0.01,-0.13,0.04
575663,0.01,-0.13,0.04
575752,0.01,-0.13,0.04
575841,0.01,-0.13,0.04
575929,0.01,-0.12,0.04
576018,0.01,-0.12,0.04
576107,0.01,-0.12,0.04
576196,0.01,-0.12,0.04
576284,0.02,-0.13,0.04
576373,0.01,-0.13,0.03
576462,0.01,-0.13,0.04
576551,0.01,-0.13,0.04
576639,0.01,-0.12,0.04
576728,0.00,-0.12,0.04
576817,0.00,-0.13,0.04
576905,0.01,-0.12,0.04
577083,0.01,-0.12,0.04
577260,0.01,-0.12,0.04
577438,0.01,-0.12,0.03
577615,0.00,-0.12,0.04
577793,0.01,-0.12,0.03
577970,0.01,-0.12,0.03
578148,0.01,-0.12,0.04
578325,0.01,-0.12,0.03
578503,0.01,-0.12,0.03
578680,0.01,-0.12,0.03
578858,0.00,-0.12,0.03
578946,0.01,-0.12,0.03
579035,0.01,-0.12,0.03
579124,0.01,-0.12,0.03
579213,0.01,-0.12,0.03
579301,0.01,-0.12,0.03
579390,0.01,-0.12,0.03
579479,0.01,-0.12,0.03
579568,0.02,-0.12,0.03
579656,0.01,-0.12,0.03
579745,0.01,-0.12,0.03
579834,0.01,-0.12,0.03
579922,0.01,-0.12,0.03
580011,0.01,-0.12,0.03
580100,0.01,-0.12,0.03
580189,0.01,-0.12,0.03
580277,0.01,-0.12,0.03
580366,0.01,-0.12,0.03
580455,0.01,-0.12,0.03
580544,0.01,-0.12,0.03
580632,0.01,-0.12,0.02
580721,0.01,-0.11,0.03
580810,0.01,-0.12,0.03
580899,0.02,-0.12,0.02
580987,0.01,-0.12,0.02
581076,0.00,-0.12,0.03
581165,0.01,-0.12,0.03
581253,0.01,-0.12,0.03
581342,0.01,-0.12,0.03
581431,0.01,-0.12,0.02
581520,0.00,-0.12,0.03
581608,0.01,-0.12,0.03
581697,0.01,-0.12,0.03
581786,0.01,-0.12,0.03
581874,0.01,-0.12,0.03
581963,0.00,-0.12,0.02
582052,0.01,-0.12,0.03
582141,0.01,-0.12,0.03
582229,0.01,-0.12,0.03
582318,0.01,-0.12,0.03
582407,0.01,-0.12,0.03
582496,0.01,-0.12,0.03
582584,0.00,-0.12,0.03
582673,0.00,-0.12,0.03
582762,0.01,-0.12,0.03
582939,0.01,-0.12,0.03
583117,0.01,-0.12,0.03
583294,0.00,-0.12,0.02
583472,0.01,-0.12,0.03
583649,0.00,-0.12,0.03
583827,0.01,-0.12,0.02
584004,0.01,-0.12,0.03
584182,0.01,-0.12,0.03
584359,0.01,-0.12,0.03
584536,0.01,-0.12,0.03
584714,0.01,-0.12,0.03
584891,0.01,-0.12,0.03
585069,0.01,-0.12,0.03
585246,0.01,-0.12,0.03
585424,0.01,-0.12,0.03
585601,0.01,-0.12,0.03
585779,0.01,-0.12,0.02
585956,0.01,-0.12,0.02
586134,0.01,-0.12,0.03
586311,0.01,-0.12,0.03
586489,0.01,-0.12,0.03
586666,0.01,-0.12,0.03
586844,0.01,-0.12,0.03
587021,0.01,-0.13,0.03
587199,0.01,-0.12,0.03
587376,0.01,-0.12,0.03
587554,0.01,-0.13,0.03
587731,0.01,-0.12,0.03
587909,0.00,-0.13,0.03
587997,0.01,-0.12,-204.91
588086,0.01,-0.12,0.02
588175,0.01,-0.12,0.02
588263,0.02,-0.12,0.02
588352,0.02,-0.12,0.03
588441,0.01,-0.12,0.03
588530,0.01,-0.12,0.02
588618,0.01,-107.47,0.03
588796,0.00,-0.12,0.03
588973,0.01,-0.13,0.01
589151,0.01,-0.12,0.02
589328,0.01,-0.12,0.03
589506,0.01,-0.12,0.02
589683,0.01,-0.12,0.02
589861,0.01,-0.12,0.02
589949,0.01,-0.12,0.02
590038,0.01,-0.12,0.03
590127,0.00,-0.12,0.02
590216,0.00,-0.12,0.02
590304,0.00,-0.12,0.03
590393,0.01,-0.12,0.02
590482,0.01,-0.12,0.02
590571,0.01,-0.12,0.02
590659,0.01,-0.12,0.02
590748,0.01,-0.12,0.03
590837,0.01,-0.12,0.02
590926,0.01,-0.12,0.02
591014,0.01,-0.12,0.02
591103,0.01,-0.12,0.02
591192,0.02,-0.12,0.02
591281,0.01,-0.11,0.03
591369,0.01,-0.11,0.02
591458,0.00,-0.12,0.02
591547,0.01,-0.12,0.02
591635,0.01,-0.12,0.02
591724,0.00,-0.12,0.02
591813,0.01,-0.12,0.02
591902,0.01,-0.12,0.03
591990,0.01,-0.11,0.03
592079,0.01,-0.11,0.02
592168,0.01,-0.12,0.02
592257,0.01,-0.12,0.02
592345,0.01,-0.11,0.03
592434,0.01,-0.12,0.02
592523,0.01,-0.12,0.02
592612,0.01,-0.12,0.02
592700,0.01,-0.12,0.02
592789,0.01,-0.12,0.02
592878,0.01,-0.12,0.03
592966,0.01,-0.12,0.02
593055,0.01,-0.12,0.02
593144,0.01,-0.12,0.02
593233,0.01,-0.12,0.02
593321,0.02,-0.12,0.02
593410,0.01,-0.12,0.03
593499,0.01,-0.12,0.02
593588,0.01,-0.12,0.02
593676,0.01,-0.12,0.02
593765,0.01,-0.12,0.03
593854,0.02,-0.12,0.02
593943,0.01,-0.12,0.02
594031,0.00,-0.12,0.02
594120,0.01,-0.12,0.02
594209,0.01,-0.12,0.02
594298,0.00,-0.12,0.02
594386,0.01,-0.11,0.02
594475,0.01,-0.12,0.02
594652,0.01,-0.12,0.02
594830,0.01,-0.12,0.02
595007,0.01,-0.12,0.02
595185,0.01,-0.12,0.02
595362,0.01,-0.12,0.02
595540,0.01,-0.12,0.02
595717,0.01,-0.11,0.02
595895,0.01,-0.12,0.02
596072,0.01,-0.11,0.02
596250,0.01,-0.12,0.02
596427,0.01,-0.11,0.02
596605,0.01,-0.11,0.02
596782,0.01,-0.11,0.02
596960,0.01,-0.11,0.02
597137,0.01,-0.11,0.02
597226,0.01,-0.11,0.02
597314,0.01,-0.11,0.02
597403,0.01,-0.11,0.02
597492,0.02,-0.11,0.02
597581,0.01,-0.11,0.02
597669,0.01,-0.11,0.02
597758,0.01,-0.11,0.02
597847,0.01,-0.11,0.02
597936,0.00,-0.11,0.02
598024,0.00,-0.11,0.01
598113,0.01,-0.11,0.02
598202,0.02,-0.11,0.01
598290,0.01,-0.11,0.02
598379,0.01,-0.11,0.02
598468,0.01,-0.11,0.01
598557,0.00,-0.11,0.02
598645,0.00,-0.11,0.02
598734,0.00,-0.11,0.01
598823,0.01,-0.11,0.02
598912,0.01,-0.11,0.02
599000,0.01,-0.11,0.02
599089,-0.00,-0.10,0.02
599178,0.00,-0.11,0.02
599267,0.01,-0.11,0.02
599355,0.01,-0.11,0.02
599444,0.00,-0.11,0.01
599533,0.00,-0.11,0.01
599621,0.00,-0.11,0.02
599710,0.01,-0.11,0.02
599799,0.02,-0.11,0.02
599888,0.01,-0.11,0.01
599976,0.01,-0.11,0.02
600065,0.01,-0.11,0.02
600154,0.01,-0.11,0.02
600243,0.01,-0.11,0.01
600331,0.01,-0.11,0.02
600509,-0.00,-0.11,0.02
600686,0.01,-0.11,0.01
600864,0.01,-0.11,0.02
601041,0.01,-0.11,0.02
601219,0.01,-0.11,0.01
601396,0.01,-0.10,0.02
601574,0.00,-0.10,0.01
601751,0.01,-0.11,-0.01
601928,0.02,-0.09,-0.02
602106,0.01,-0.08,-0.01
602283,0.01,-0.11,0.02
602461,0.00,-0.10,0.02
602638,0.00,-0.11,0.02
602816,0.01,-0.11,0.03
602993,0.01,-0.11,0.03
603171,0.01,-0.12,0.02
603348,0.01,-0.12,0.02
603526,0.00,-0.12,0.03
603703,0.01,-0.12,0.04
603881,0.00,-0.13,0.03
604058,-0.01,-0.12,0.03
604236,-0.00,-0.12,0.03
604413,0.01,-0.12,0.02
604590,0.01,-0.12,0.02
604768,0.01,-0.11,0.01
604945,0.02,-0.12,0.01
605123,0.01,-0.12,0.01
605300,-0.01,-0.03,-0.82
605478,-0.06,2.04,-2.02
605655,-0.04,2.25,-1.96
605833,-0.09,1.94,-1.50
606010,-0.08,1.28,-2.39
606188,-0.01,3.26,-2.43
606365,-0.06,2.78,-2.35
606454,-0.07,2.72,-2.39
606542,-0.08,2.70,-2.45
606631,-0.02,2.53,-2.40
606720,-0.03,2.56,-2.42
606809,-0.05,2.79,-2.50
606897,-0.04,2.78,-2.48
606986,-0.04,2.61,-2.40
607075,-0.04,2.57,-2.36
607164,-0.04,2.66,-2.40
607252,-0.04,2.71,-2.44
607341,-0.03,2.70,-2.41
607430,-0.04,2.61,-2.37
607519,-0.04,2.58,-2.37
607607,-0.04,2.66,-2.40
607696,-0.04,2.71,-2.42
607785,-0.04,2.65,-2.39
607873,-0.03,2.60,-2.35
607962,-0.04,2.61,-2.38
608051,-0.04,2.66,-2.41
608140,-0.04,2.68,-2.41
608228,-0.04,2.64,-2.37
608317,-0.04,2.59,-2.36
608406,-0.05,2.62,-2.38
608495,-0.05,2.67,-2.40
608583,-0.04,2.64,-2.39
608672,-0.04,2.60,-2.36
608761,-0.04,2.60,-2.37
608850,-0.04,2.63,-2.39
608938,-0.03,2.65,-2.39
609027,-0.04,2.63,-2.37
609116,-0.04,2.59,-2.36
609204,-0.04,2.60,-2.37
609293,-0.03,2.63,-2.39
609382,-0.04,2.63,-2.38
609471,-0.04,2.60,-2.36
609559,-0.04,2.59,-2.36
609648,-0.04,2.61,-2.37
609737,-0.03,2.63,-2.38
609826,-0.03,2.61,-2.36
609914,-0.03,2.59,-2.36
610003,-0.03,2.59,-2.37
610092,-0.03,2.61,-2.37
610181,-0.03,2.62,-2.37
610269,-0.04,2.60,-2.36
610358,-0.04,2.59,-2.36
610447,-0.04,2.59,-2.37
610535,-0.04,2.61,-2.37
610624,-0.04,2.60,-2.37
610713,-0.04,2.59,-2.37
610802,-0.04,2.59,-2.36
610890,-0.03,2.61,-2.37
610979,-0.03,2.61,-2.37
611068,-0.03,2.60,-2.36
611157,-0.04,2.59,-2.37
611245,-0.04,2.59,-2.38
611334,-0.04,2.61,-2.37
611423,-0.03,2.61,-2.34
611512,-0.02,2.58,-2.35
611600,-0.03,2.57,-2.35
611689,-0.03,2.58,-2.36
611778,-0.04,2.59,-2.36
611866,-0.03,2.59,-2.34
611955,-0.03,2.58,-2.33
612044,-0.03,2.58,-2.36
612133,-0.04,2.58,-2.35
612310,-0.04,2.56,-2.34
612488,-0.04,2.57,-2.34
612665,-0.04,2.58,-2.35
612843,-0.04,2.57,-2.34
613020,-0.04,2.58,-2.33
613198,-0.04,2.56,-2.33
613375,-0.03,2.57,-2.34
613552,-0.04,2.57,-2.33
613730,-0.04,2.57,-2.34
613907,-0.04,2.57,-2.33
614085,-0.04,2.57,-2.33
614262,-0.04,2.57,-2.33
614440,-0.04,2.57,-2.33
614617,-0.03,2.57,-2.33
614795,-0.04,2.57,-2.34
614972,-0.03,2.58,-2.33
615150,-0.03,2.57,-2.34
615327,-0.03,2.57,-2.33
615416,-0.03,2.57,-2.34
615505,-0.03,2.57,-2.33
615593,-0.02,2.58,-2.32
615682,-0.03,2.57,-2.34
615771,-0.03,2.58,-2.34
615860,-0.03,2.58,-2.34
615948,-0.03,2.57,-2.34
616037,-0.04,2.57,-2.34
616126,-0.04,2.58,-2.33
616215,-0.03,2.58,-2.34
616303,-0.05,2.57,-2.34
616392,-0.04,2.58,-2.34
616481,-0.03,2.58,-2.34
616569,-0.03,2.58,-2.35
616658,-0.03,2.58,-2.33
616747,-0.03,2.58,-2.34
616836,-0.04,2.58,-2.35
616924,-0.04,2.59,-2.34
617013,-0.04,2.58,-2.34
617102,-0.04,2.58,-2.34
617191,-0.04,2.58,-2.34
617279,-0.02,2.59,-2.34
617368,-0.04,2.58,-2.34
617457,-0.04,2.58,-2.34
617546,-0.04,2.58,-2.34
617634,-0.03,2.58,-2.34
617723,-0.03,2.58,-2.34
617812,-0.03,2.58,-2.34
617901,-0.03,2.58,-2.34
617989,-0.03,2.58,-2.34
618167,-0.03,2.58,-2.34
618344,-0.04,2.58,-2.34
618522,-0.03,2.58,-2.34
618699,-0.03,2.58,-2.34
618877,-0.03,2.57,-2.34
619054,-0.03,2.58,-2.34
619232,-0.03,2.58,-2.34
619409,-0.03,2.57,-2.33
619587,-0.03,2.57,-2.34
619764,-0.03,2.57,-2.34
619941,-0.03,2.57,-2.33
620119,-0.02,2.57,-2.33
620296,-0.04,2.57,-2.33
620474,-0.03,2.56,-2.33
620651,-0.02,2.56,-2.32
620829,-0.03,2.55,-2.32
621006,-0.03,2.55,-2.32
621184,-0.03,2.55,-2.32
621361,-0.03,2.55,-2.32
621539,-0.03,2.55,-2.32
621716,-0.03,2.55,-2.32
621894,-0.03,2.55,-2.32
622071,-0.03,2.55,-2.32
622249,-0.03,2.55,-2.32
622426,-0.03,2.55,-2.31
622604,-0.03,2.54,-2.31
622781,-0.02,2.55,-2.31
622958,-0.03,2.55,-2.31
623136,-0.03,2.55,-2.31
623225,-0.03,2.55,-2.31
623402,-0.03,2.55,-2.31
623580,-0.03,2.55,-2.31
623757,-0.04,2.55,-2.31
623934,-0.04,2.55,-2.31
624112,-0.03,2.55,-2.31
624289,-0.03,2.55,-2.31
624467,-0.03,2.55,-2.31
624556,-0.03,2.55,-2.31
624644,-0.03,2.55,-2.31
624733,-0.04,2.55,-2.31
624822,-0.04,2.55,-2.32
624911,-0.04,2.55,-2.31
624999,-0.03,2.55,-2.31
625088,-0.03,2.55,-2.31
625177,-0.03,2.55,-2.31
625266,-0.03,2.55,-2.31
625354,-0.03,2.55,-2.32
625443,-0.03,2.55,-2.31
625532,-0.03,2.55,-2.32
625620,-0.03,2.55,-2.32
625709,-0.04,2.55,-2.32
625798,-0.03,2.55,-2.32
625887,-0.03,2.55,-2.31
625975,-0.03,2.55,-2.32
626064,-0.03,2.55,-2.31
626153,-0.03,2.55,-2.32
626242,-0.03,2.55,-2.31
626330,-0.03,2.56,-2.32
626419,-0.03,2.55,-2.31
626508,-0.03,2.55,-2.31
626597,-0.03,2.55,-2.31
626685,-0.03,2.56,-2.31
626774,-0.03,2.56,-2.31
626863,-0.02,2.56,-2.32
626951,-0.03,2.56,-2.31
627040,-0.03,2.55,-2.31
627129,-0.03,2.55,-2.31
627218,-0.03,2.55,-2.31
627306,-0.03,2.55,-2.32
627395,-0.03,2.55,-2.31
627484,-0.03,2.55,-2.31
627573,-0.03,2.55,-2.31
627661,-0.03,2.55,-2.31
627750,-0.03,2.56,-2.31
627839,-0.03,2.56,-2.32
627928,-0.04,2.56,-2.32
628016,-0.04,2.56,-2.31
628105,-0.03,2.56,-2.31
628194,-0.03,2.55,-2.31
628282,-0.02,2.55,-2.32
628371,-0.02,2.56,-2.32
628460,-0.03,2.56,-2.32
628549,-0.04,2.56,-2.32
628637,-0.03,2.56,-2.32
628726,-0.03,2.56,-2.32
628815,-0.04,2.56,-2.32
628904,-0.04,2.56,-2.32
628992,-0.03,2.56,-2.32
629081,-0.03,2.56,-2.32
629170,-0.03,2.56,-2.32
629259,-0.03,2.56,-2.32
629347,-0.03,2.56,-2.32
629436,-0.03,2.56,-2.32
629525,-0.03,2.56,-2.32
629614,-0.03,2.56,-2.32
629702,-0.03,2.56,-2.32
629791,-0.04,2.56,-2.32
629968,-0.04,2.56,-2.32
630146,-0.03,2.56,-2.32
630323,-0.03,2.56,-2.32
630501,-0.03,2.56,-2.32
630678,-0.03,2.56,-2.32
630856,-0.03,2.56,-2.32
631033,-0.03,2.56,-2.32
631211,-0.03,2.56,-2.32
631388,-0.03,2.56,-2.32
631566,-0.04,2.56,-2.32
631743,-0.03,2.56,-2.32
631921,-0.03,2.57,-2.32
632098,-0.03,2.57,-2.32
632275,-0.02,2.56,-2.32
632453,-0.02,2.56,-2.32
632630,-0.03,2.57,-2.32
632808,-0.02,2.56,-2.32
632985,-0.02,2.56,-2.32
633163,-0.02,2.56,-2.32
633340,-0.03,2.57,-2.32
633518,-0.03,2.56,-2.32
633606,-0.03,2.56,-2.32
633695,-0.03,2.56,-2.32
633784,-0.03,2.56,-2.32
633873,-0.03,2.56,-2.32
633961,-0.03,2.56,-2.32
634050,-0.02,2.56,-2.32
634139,-0.03,2.56,-2.32
634228,-0.03,2.56,-2.32
634316,-0.03,2.56,-2.32
634405,-0.03,2.56,-2.32
634494,-0.03,2.56,-2.32
634583,-0.03,2.56,-2.32
634671,-0.03,2.56,-2.32
634760,-0.02,2.56,-2.32
634849,-0.02,2.57,-2.32
634938,-0.02,2.57,-2.32
635026,-0.02,2.56,-2.32
635115,-0.02,2.56,-2.32
635204,-0.02,2.56,-2.32
635292,-0.03,2.56,-2.32
635381,-0.03,2.56,-2.32
635470,-0.03,2.56,-2.32
635559,-0.02,2.56,-2.32
635647,-0.03,2.56,-2.31
635825,-0.03,2.56,-2.32
636002,-0.03,2.55,-2.31
636180,-0.03,2.56,-2.31
636357,-0.02,2.55,-2.31
636535,-0.03,2.55,-2.31
636712,-0.03,2.56,-2.31
636890,-0.03,2.56,-2.31
637067,-0.03,2.55,-2.31
637245,-0.03,2.56,-2.31
637422,-0.03,2.56,-2.31
637599,-0.03,2.56,-2.31
637777,-0.03,2.56,-2.31
637954,-0.02,2.55,-2.31
638132,-0.03,2.55,-2.31
638309,-0.03,2.56,-2.31
638487,-0.02,2.55,-2.31
638664,-0.02,2.56,-2.31
638842,-0.02,2.55,-2.31
639019,-0.03,2.55,-2.31
639197,-0.03,2.55,-2.31
639374,-0.03,2.56,-2.31
639552,-0.03,2.56,-2.31
639729,-0.03,2.55,-2.30
639818,-0.03,2.55,-2.30
639907,-0.03,2.55,-2.30
639995,-0.03,2.55,-2.30
640084,-0.03,2.55,-2.31
640173,-0.03,2.55,-2.31
640261,-0.03,2.55,-2.31
640350,-0.03,2.55,-2.31
640439,-0.03,2.55,-2.30
640528,-0.03,2.55,-2.30
640616,-0.03,2.55,-2.30
640705,-0.03,2.55,-2.30
640794,-0.03,2.55,-2.30
640883,-0.03,2.55,-2.30
640971,-0.03,2.55,-2.30
641060,-0.03,2.55,-2.30
641149,-0.03,2.55,-2.30
641237,-0.03,2.55,-2.30
641415,-0.04,2.55,-2.30
641681,-0.03,2.55,-2.30
641859,-0.03,2.55,-2.30
642036,-0.03,2.55,-2.30
642214,-0.03,2.55,-2.30
642391,-0.03,2.55,-2.30
642568,-0.03,2.55,-2.29
642746,-0.03,2.54,-2.30
642835,-0.02,2.55,-2.29
642923,-0.02,2.54,-2.29
643012,-0.03,2.55,-2.29
643101,-0.03,2.54,-2.30
643190,-0.03,2.54,-2.30
643278,-0.02,2.55,-2.29
643367,-0.02,2.54,-2.29
643456,-0.03,2.54,-2.29
643545,-0.03,2.54,-2.30
643633,-0.03,2.55,-2.29
643722,-0.02,2.55,-2.30
643811,-0.03,2.54,-2.30
643899,-0.03,2.55,-2.29
643988,-0.03,2.54,-2.29
644077,-0.03,2.54,-2.29
644166,-0.03,2.54,-2.30
644254,-0.02,2.54,-2.29
644343,-0.03,2.54,-2.29
644432,-0.03,2.54,-2.29
644521,-0.02,2.54,-2.29
644609,-0.02,2.54,-2.30
644698,-0.03,2.54,-2.30
644787,-0.03,2.54,-2.30
644875,-0.02,2.54,-2.29
644964,-0.02,2.54,-2.29
645053,-0.02,2.54,-2.30
645142,-0.03,2.55,-2.29
645230,-0.03,2.55,-2.29
645319,-0.03,2.54,-2.29
645408,-0.03,2.55,-2.29
645497,-0.02,2.55,-2.29
645585,-0.03,2.54,-2.30
645674,-0.03,2.55,-2.29
645763,-0.02,2.54,-2.29
645852,-0.03,2.54,-2.29
645940,-0.03,2.54,-2.30
646029,-0.03,2.54,-2.28
646118,-0.02,2.55,-2.29
646206,-0.03,2.53,-2.28
646295,-0.02,2.54,-2.28
646384,-0.03,2.54,-2.29
646473,-0.03,2.54,-2.29
646561,-0.03,2.54,-2.29
646650,-0.02,2.55,-2.27
646739,-0.02,2.55,-2.30
646828,-0.03,2.54,-2.29
646916,-0.03,2.54,-2.29
647005,-0.02,2.54,-2.29
647094,-0.03,2.54,-2.29
647182,-0.03,2.54,-2.27
647271,-0.03,2.54,-2.30
647360,-0.03,2.54,-2.28
647449,-0.02,2.54,-2.29
647626,-0.03,2.54,-2.29
647804,-0.02,2.54,-2.29
647981,-0.04,2.54,-2.29
648159,-0.03,2.55,-2.28
648336,-0.04,2.54,-2.29
648513,-0.03,2.54,-2.28
648691,-0.03,2.54,-2.28
648868,-0.03,2.55,-2.28
649046,-0.03,2.52,-2.28
649223,-0.02,2.53,-2.27
649401,-0.02,2.54,-2.29
649578,-0.03,2.54,-2.29
649756,-0.03,2.55,-2.29
649933,-0.02,2.54,-2.29
650111,-0.02,2.54,-2.29
650288,-0.03,2.54,-2.28
650466,-0.03,2.54,-2.28
650643,-0.03,2.54,-2.28
650820,-0.02,2.54,-2.28
650998,-0.03,2.54,-2.28
651175,-0.02,2.55,-2.29
651353,-0.03,2.54,-2.29
651530,-0.02,2.55,-2.30
651708,-0.03,2.55,-2.29
651885,-0.03,2.54,-2.28
651974,-0.03,2.54,-2.29
652063,-0.03,2.54,-2.29
652151,-0.03,2.54,-2.29
652240,-0.03,2.54,-2.29
652329,-0.03,2.54,-2.29
652418,-0.03,2.54,-2.29
652506,-0.03,2.54,-2.28
652595,-0.03,2.54,-2.28
652684,-0.03,2.54,-2.29
652773,-0.03,2.54,-2.28
652861,-0.03,2.54,-2.28
652950,-0.03,2.54,-2.29
653039,-0.03,2.54,-2.28
653128,-0.03,2.54,-2.29
653216,-0.03,2.54,-2.29
653305,-0.03,2.54,-2.29
653482,-0.03,2.54,-2.29
653660,-0.03,2.54,-2.29
653837,-0.03,2.55,-2.29
654015,-0.03,2.54,-2.29
654192,-0.03,2.54,-2.29
654370,-0.02,2.55,-2.29
654547,-0.02,2.55,-2.29
654725,-0.03,2.54,-2.28
654902,-0.02,2.55,-2.29
655080,-0.02,2.55,-2.29
655257,-0.03,2.55,-2.29
655435,-0.03,2.55,-2.29
655612,-0.03,2.55,-2.29
655789,-0.03,2.54,-2.28
655967,-0.03,2.54,-2.29
656144,-0.03,2.55,-2.29
656322,-0.03,2.55,-2.28
656411,-0.03,2.55,-2.28
656499,-0.03,2.55,-2.29
656588,-0.03,2.54,-2.29
656677,-0.03,2.54,-2.28
656766,-0.03,2.55,-2.28
656854,-0.03,2.54,-2.28
656943,-0.02,2.54,-2.28
657032,-0.02,2.54,-2.29
657120,-0.02,2.54,-2.29
657209,-0.02,2.54,-2.29
657298,-0.02,2.54,-2.29
657387,-0.03,2.54,-2.29
657475,-0.04,2.54,-2.29
657564,-0.03,2.54,-2.29
657653,-0.03,2.54,-2.29
657742,-0.03,2.54,-2.29
657830,-0.02,2.54,-2.29
657919,-0.02,2.54,-2.29
658008,-0.03,2.54,-2.29
658096,-0.03,2.55,-2.29
658185,-0.03,2.54,-2.29
658274,-0.03,2.54,-2.28
658363,-0.03,2.54,-2.28
658451,-0.03,2.54,-2.29
658540,-0.03,2.54,-2.28
658629,-0.03,2.54,-2.29
658718,-0.03,2.54,-2.29
658806,-0.03,2.54,-2.28
658895,-0.03,2.54,-2.28
658984,-0.03,2.55,-2.29
659073,-0.04,2.54,-2.28
659161,-0.03,2.54,-2.28
659250,-0.03,2.54,-2.29
659427,-0.04,2.54,-2.28
659605,-0.03,2.54,-2.28
659782,-0.03,2.54,-2.28
659960,-0.03,2.54,-2.28
660137,-0.03,2.54,-2.28
660315,-0.03,2.54,-2.28
660492,-0.03,2.54,-2.28
660670,-0.03,2.53,-2.28
660847,-0.03,2.53,-2.28
661025,-0.03,2.54,-2.29
661113,-0.04,2.53,-2.28
661202,-0.03,2.54,-2.28
661291,-0.03,2.53,-2.29
661380,-0.03,2.54,-2.29
661468,-0.03,2.54,-2.28
661557,-0.02,2.53,-2.28
661646,-0.04,2.52,-2.28
661734,-0.03,2.54,-2.28
661823,-0.03,2.53,-2.27
661912,-0.03,2.54,-2.28
662001,-0.03,2.53,-2.27
662089,-0.03,2.54,-2.28
662178,-0.03,2.53,-2.28
662267,-0.02,2.54,-2.28
662356,-0.03,2.53,-2.27
662444,-0.03,2.54,-2.28
662533,-0.03,2.53,-2.28
662622,-0.03,2.54,-2.27
662711,-0.02,2.54,-2.28
662799,-0.03,2.54,-2.28
662888,-0.03,2.53,-2.27
662977,-0.03,2.54,-2.28
663065,-0.03,2.53,-2.28
663154,-0.03,2.54,-2.28
663243,-0.02,2.53,-2.28
663332,-0.03,2.54,-2.28
663420,-0.03,2.53,-2.28
663509,-0.03,2.54,-2.28
663598,-0.03,2.54,-2.28
663687,-0.03,2.53,-2.28
663775,-0.02,2.54,-2.27
663864,-0.03,2.54,-2.28
663953,-0.03,2.53,-2.28
664041,-0.03,2.54,-2.27
664130,-0.03,2.53,-2.28
664219,-0.03,2.53,-2.28
664308,-0.03,2.53,-2.27
664396,-0.03,2.53,-2.27
664485,-0.03,2.52,-2.27
664574,-0.03,2.54,-2.27
664663,-0.03,2.53,-2.28
664751,-0.03,2.54,-2.28
664840,-0.03,2.54,-2.28
664929,-0.03,2.53,-2.28
665018,-0.03,2.53,-2.27
665106,-0.02,2.54,-2.27
665284,-0.02,2.53,-2.27
665461,-0.03,2.53,-2.28
665639,-0.03,2.54,-2.27
665816,-0.03,2.54,-2.27
665994,-0.03,2.53,-2.27
666171,-0.03,2.54,-2.27
666349,-0.03,2.54,-2.27
666526,-0.02,2.53,-2.27
666703,-0.03,2.53,-2.27
666881,-0.02,2.53,-2.28
667058,-0.02,2.54,-2.28
667236,-0.03,2.54,-2.27
667413,-0.02,2.54,-2.27
667591,-0.02,2.54,-2.27
667768,-0.03,2.53,-2.28
667946,-0.03,2.53,-2.27
668123,-0.03,2.53,-2.27
668301,-0.03,2.53,-2.27
668478,-0.02,2.53,-2.20
668656,-0.02,0.66,-1.37
668833,-0.03,2.91,-2.80
669010,-0.03,2.76,-2.60
669188,-0.02,2.67,-2.66
669365,-0.03,2.98,-2.70
669543,-0.03,2.73,-2.63
669720,-0.04,2.86,-2.67
669898,-0.03,2.81,-2.65
670075,-0.02,2.78,-2.67
670164,-0.02,2.86,-2.66
670253,-0.03,2.77,-2.66
670341,-0.03,2.79,-2.64
670430,-0.02,2.85,-2.65
670519,-0.03,2.82,-2.68
670608,-0.03,2.82,-2.65
670696,-0.03,2.80,-2.64
670785,-0.03,2.79,-2.65
670874,-0.03,2.83,-2.66
670963,-0.03,2.84,-2.66
671140,-0.02,2.79,-2.64
671317,-0.04,2.82,-2.66
671495,-0.03,2.81,-2.64
671672,-0.02,2.81,-2.65
671850,-0.02,2.80,-2.65
672027,-0.03,2.81,-2.65
672205,-0.03,2.81,-2.65
672382,-0.03,2.79,-2.65
672560,-0.03,2.82,-2.65
672737,-0.02,2.79,-2.64
672915,-0.02,2.81,-2.65
673003,-0.02,2.80,-2.65
673092,-0.03,2.80,-2.64
673181,-0.03,2.79,-2.64
673270,-0.03,2.80,-2.64
673358,-0.03,2.81,-2.65
673447,-0.03,2.80,-2.64
673536,-0.03,2.80,-2.64
673624,-0.03,2.80,-2.64
673713,-0.03,2.80,-2.64
673802,-0.03,2.80,-2.64
673891,-0.03,2.80,-2.64
673979,-0.03,2.79,-2.64
674068,-0.03,2.80,-2.64
674157,-0.03,2.80,-2.64
674246,-0.03,2.80,-2.64
674334,-0.03,2.80,-2.64
674423,-0.02,2.80,-2.64
674512,-0.03,2.80,-2.64
674600,-0.04,2.80,-2.64
674689,-0.04,2.80,-2.64
674778,-0.03,2.80,-2.64
674867,-0.03,2.80,-2.64
674955,-0.03,2.80,-2.64
675044,-0.02,2.80,-2.64
675133,-0.03,2.80,-2.64
675222,-0.03,2.80,-2.64
675310,-0.03,2.80,-2.64
675399,-0.03,2.80,-2.64
675488,-0.03,2.80,-2.64
675577,-0.03,2.80,-2.64
675665,-0.03,2.80,-2.64
675754,-0.03,2.80,-2.64
675843,-0.03,2.79,-2.64
675931,-0.03,2.79,-2.64
676020,-0.03,2.80,-2.64
676109,-0.03,2.80,-2.64
676198,-0.03,2.80,-2.64
676286,-0.03,2.80,-2.64
676375,-0.03,2.80,-2.64
676464,-0.02,2.80,-2.64
676553,-0.02,2.80,-2.64
676641,-0.02,2.80,-2.64
676730,-0.03,2.79,-2.64
676819,-0.03,2.80,-2.64
676907,-0.03,2.80,-2.64
677085,-0.02,2.80,-2.63
677262,-0.03,2.80,-2.64
677440,-0.03,2.80,-2.64
677617,-0.03,2.79,-2.63
677795,-0.03,2.80,-2.64
677972,-0.03,2.79,-2.64
678150,-0.03,2.79,-2.63
678327,-0.03,2.79,-2.63
678505,-0.04,2.79,-2.64
678682,-0.04,2.80,-2.63
678860,-0.03,2.79,-2.63
679037,-0.04,2.80,-2.63
679214,-0.03,2.80,-2.63
679303,-0.03,2.80,-2.63
679392,-0.03,2.80,-2.63
679481,-0.03,2.79,-2.63
679569,-0.03,2.79,-2.63
679658,-0.03,2.80,-2.63
679747,-0.03,2.80,-2.63
679836,-0.03,2.80,-2.63
679924,-0.03,2.80,-2.63
680013,-0.03,2.80,-2.64
680102,-0.03,2.80,-2.64
680190,-0.03,2.80,-2.63
680279,-0.03,2.80,-2.63
680368,-0.03,2.80,-2.63
680457,-0.03,2.80,-2.63
680545,-0.03,2.79,-2.63
680634,-0.03,2.79,-2.63
680723,-0.03,2.79,-2.63
680812,-0.03,2.80,-2.63
680900,-0.03,2.79,-2.63
680989,-0.03,2.80,-2.63
681078,-0.03,2.80,-2.63
681166,-0.03,2.80,-2.63
681255,-0.02,2.80,-2.63
681344,-0.03,2.80,-2.63
681433,-0.04,2.80,-2.63
681521,-0.03,2.80,-2.63
681610,-0.03,2.80,-2.63
681699,-0.03,2.80,-2.63
681788,-0.03,2.80,-2.63
681876,-0.03,2.80,-2.63
681965,-0.03,2.80,-2.63
682054,-0.03,2.80,-2.63
682142,-0.03,2.80,-2.63
682231,-0.03,2.80,-2.63
682320,-0.04,2.80,-2.63
682409,-0.04,2.80,-2.63
682497,-0.03,2.80,-2.63
682586,-0.03,2.80,-2.63
682675,-0.02,2.80,-2.63
682764,-0.03,2.80,-2.63
682941,-0.03,2.80,-2.63
683119,-0.03,2.80,-2.63
683296,-0.04,2.80,-2.62
683473,-0.04,2.79,-2.63
683651,-0.03,2.79,-2.63
683828,-0.03,2.79,-2.63
684006,-0.03,2.80,-2.63
684183,-0.04,2.80,-2.62
684361,-0.03,2.80,-2.62
684538,-0.03,2.80,-2.63
684716,-0.03,2.80,-2.62
684893,-0.04,2.80,-2.62
685071,-0.04,2.80,-2.62
685248,-0.03,2.80,-2.63
685425,-0.03,2.80,-2.62
685603,-0.03,2.80,-2.62
685780,-0.03,2.80,-2.62
685958,-0.02,2.79,-2.62
686135,-0.03,2.79,-2.62
686313,-0.03,2.80,-2.62
686490,-0.04,2.80,-2.62
686668,-0.03,2.80,-2.62
686845,-0.03,2.80,-2.62
687023,-0.03,2.80,-2.62
687200,-0.02,2.80,-2.62
687378,-0.03,2.80,-2.62
687555,-0.04,2.80,-2.62
687733,-0.03,2.80,-2.63
687910,-0.03,2.80,-2.63
688087,-0.03,2.80,-2.62
688265,-0.03,2.80,-2.62
688442,-0.03,2.80,-2.63
688531,-0.03,2.80,-2.63
688620,-0.03,2.80,-2.63
688797,-0.03,2.80,-2.63
688975,-0.03,2.80,-2.63
689152,-0.02,2.80,-2.63
689330,-0.03,2.80,-2.63
689418,-0.03,2.81,-2.63
689507,-0.03,2.81,-2.63
689596,-0.03,2.80,-2.64
689685,-0.03,2.81,-2.63
689773,-0.02,2.81,-2.63
689862,-0.02,2.80,-2.64
689951,-0.03,2.80,-2.63
690039,-0.03,2.81,-2.63
690128,-0.02,2.81,-2.63
690217,-0.03,2.80,-2.63
690306,-0.03,2.80,-2.63
690394,-0.03,2.80,-2.63
690483,-0.03,2.80,-2.63
690572,-0.02,2.80,-2.63
690661,-0.02,2.80,-2.63
690749,-0.03,2.80,-2.63
690838,-0.03,2.80,-2.64
690927,-0.03,2.80,-2.63
691016,-0.03,2.80,-2.63
691104,-0.03,2.80,-2.63
691193,-0.03,2.80,-2.63
691282,-0.03,2.80,-2.63
691370,-0.03,2.81,-2.63
691459,-0.03,2.81,-2.63
691548,-0.03,2.80,-2.63
691637,-0.03,2.80,-2.63
691725,-0.03,2.80,-2.63
691814,-0.03,2.80,-2.63
691903,-0.03,2.80,-2.63
691992,-0.03,2.80,-2.63
692080,-0.03,2.79,-2.63
692169,-0.03,2.80,-2.63
692258,-0.02,2.80,-2.63
692346,-0.03,2.80,-2.63
692435,-0.03,2.80,-2.63
692524,-0.02,2.80,-2.63
692613,-0.02,2.80,-2.63
692701,-0.03,2.79,-2.63
692790,-0.03,2.80,-2.62
692879,-0.02,2.79,-2.63
692968,-0.03,2.79,-2.62
693056,-0.03,2.79,-2.62
693145,-0.04,2.79,-2.62
693234,-0.03,2.79,-2.63
693322,-0.03,2.79,-2.63
693411,-0.02,2.79,-2.62
693500,-0.02,2.79,-2.62
693589,-0.02,2.79,-2.62
693677,-0.03,2.79,-2.62
693766,-0.03,2.79,-2.63
693855,-0.03,2.79,-2.62
693944,-0.02,2.79,-2.62
694032,-0.03,2.79,-2.62
694121,-0.03,2.79,-2.62
694210,-0.03,2.79,-2.62
694298,-0.03,2.79,-2.62
694387,-0.03,2.79,-2.62
694476,-0.03,2.79,-2.62
694565,-0.03,2.79,-2.62
694742,-0.03,2.79,-2.62
694920,-0.03,2.78,-2.62
695097,-0.03,2.79,-2.62
695274,-0.03,2.79,-2.62
695452,-0.03,2.79,-2.62
695629,-0.02,2.79,-2.62
695807,-0.03,2.79,-2.62
695984,-0.03,2.79,-2.62
696162,-0.03,2.78,-2.62
696339,-0.03,2.78,-2.61
696517,-0.03,2.78,-2.62
696694,-0.03,2.78,-2.62
696872,-0.03,2.78,-2.62
697049,-0.03,2.78,-2.61
697227,-0.03,2.86,-2.81
697404,-0.03,2.85,-2.67
697493,-0.03,3.07,-2.67
697581,-0.03,2.95,-2.73
697670,-0.03,2.88,-2.72
697759,-0.03,2.98,-2.66
697848,-0.03,2.91,-2.67
697936,-0.03,2.86,-2.69
698025,-0.03,2.98,-2.69
698114,-0.03,2.95,-2.68
698203,-0.03,2.86,-2.68
698291,-0.02,2.92,-2.67
698380,-0.03,2.94,-2.68
698469,-0.03,2.90,-2.70
698558,-0.03,2.93,-2.68
698646,-0.03,2.92,-2.67
698735,-0.03,2.89,-2.68
698824,-0.02,2.93,-2.69
698912,-0.03,2.94,-2.69
699001,-0.03,2.90,-2.68
699090,-0.03,2.92,-2.67
699179,-0.03,2.94,-2.68
699267,-0.03,2.92,-2.69
699356,-0.03,2.92,-2.68
699445,-0.02,2.92,-2.68
699534,-0.03,2.90,-2.68
699622,-0.02,2.92,-2.68
699711,-0.02,2.93,-2.68
699800,-0.03,2.90,-2.68
699888,-0.03,2.91,-2.68
699977,-0.03,2.92,-2.68
700066,-0.02,2.91,-2.69
700155,-0.03,2.92,-2.68
700243,-0.03,2.91,-2.68
700332,-0.03,2.91,-2.68
700598,-0.03,2.91,-2.68
700776,-0.02,2.92,-2.68
700953,-0.02,2.92,-2.68
701131,-0.03,2.91,-2.68
701308,-0.03,2.92,-2.68
701486,-0.03,2.91,-2.67
701663,-0.03,2.91,-2.68
701841,-0.03,2.91,-2.67
702018,-0.03,2.91,-2.67
702196,-0.02,2.91,-2.67
702373,-0.03,2.91,-2.67
702550,-0.03,2.91,-2.67
702728,-0.02,2.90,-2.67
702905,-0.03,2.90,-2.68
703083,-0.01,2.91,-2.67
703260,-0.02,2.91,-2.67
703438,-0.03,2.91,-2.71
703615,-0.02,2.88,-2.60
703793,-0.02,3.06,-2.70
703970,-0.03,2.95,-2.71
704147,-0.02,3.00,-2.71
704325,-0.02,3.04,-2.70
704502,-0.03,2.96,-2.70
704680,-0.02,3.03,-2.71
704857,-0.02,3.00,-2.69
705035,-0.02,2.98,-2.71
705212,-0.02,3.02,-2.70
705390,-0.03,2.99,-2.70
705567,-0.03,2.99,-2.70
705745,-0.03,3.00,-2.70
705922,-0.03,3.01,-2.70
706100,-0.02,2.98,-2.69
706277,-0.02,3.00,-2.70
706455,-0.02,3.00,-2.69
706632,-0.03,2.99,-2.70
706721,-0.03,3.00,-2.70
706810,-0.03,2.99,-2.69
706898,-0.03,2.99,-2.70
706987,-0.03,3.00,-2.70
707076,-0.03,3.00,-2.70
707164,-0.03,3.00,-2.70
707253,-0.03,2.99,-2.70
707342,-0.03,2.99,-2.70
707431,-0.03,3.00,-2.70
707519,-0.02,3.00,-2.70
707608,-0.02,2.99,-2.69
707697,-0.02,2.99,-2.69
707786,-0.03,2.99,-2.69
707874,-0.03,3.00,-2.70
707963,-0.03,3.00,-2.69
708052,-0.03,2.99,-2.69
708140,-0.02,2.99,-2.69
708229,-0.03,2.99,-2.70
708318,-0.03,3.00,-2.70
708407,-0.03,2.99,-2.70
708495,-0.03,2.99,-2.70
708584,-0.02,2.99,-2.70
708673,-0.03,2.99,-2.70
708762,-0.03,2.99,-2.70
708850,-0.03,2.99,-2.69
708939,-0.02,2.99,-2.70
709028,-0.02,2.99,-2.70
709117,-0.03,2.99,-2.70
709205,-0.03,2.99,-2.69
709294,-0.03,2.99,-2.69
709383,-0.03,2.99,-2.70
709471,-0.02,3.00,-2.71
709560,-0.03,3.01,-2.70
709649,-0.02,3.00,-2.70
709738,-0.03,3.00,-2.70
709826,-0.03,3.01,-2.70
709915,-0.03,3.01,-2.71
710004,-0.03,3.01,-2.70
710093,-0.03,3.00,-2.70
710181,-0.03,3.01,-2.72
710270,-0.03,3.01,-2.72
710359,-0.03,3.03,-2.72
710448,-0.03,3.04,-2.73
710536,-0.03,3.05,-2.74
710625,-0.03,3.07,-2.74
710714,-0.03,3.08,-2.75
710802,-0.03,3.07,-2.75
710891,-0.03,3.09,-2.75
710980,-0.03,3.08,-2.74
711069,-0.03,3.06,-2.73
711157,-0.02,3.03,-2.70
711246,-0.02,3.00,-2.69
711335,-0.02,2.99,-2.70
711424,-0.03,2.99,-2.70
711512,-0.03,3.00,-2.69
711601,-0.02,3.00,-2.70
711690,-0.02,2.99,-2.69
711779,-0.03,3.00,-2.70
711867,-0.02,2.99,-2.69
711956,-0.03,2.99,-2.69
712045,-0.03,2.99,-2.69
712134,-0.03,2.99,-2.69
712311,-0.03,3.00,-2.69
712488,-0.03,2.99,-2.69
712666,-0.03,2.99,-2.69
712843,-0.03,3.00,-2.69
713021,-0.03,2.99,-2.69
713198,-0.02,2.99,-2.69
713376,-0.03,2.99,-2.69
713553,-0.03,2.99,-2.69
713731,-0.02,2.99,-2.69
713908,-0.03,2.99,-2.69
714086,-0.02,2.99,-2.69
714263,-0.02,2.99,-2.69
714441,-0.03,2.99,-2.69
714618,-0.02,2.99,-2.68
714796,-0.03,2.99,-2.68
714973,-0.03,2.99,-2.68
715151,-0.03,2.99,-2.68
715328,-0.03,2.98,-2.68
715505,-0.02,2.98,-2.68
715683,-0.03,2.98,-2.68
715772,-0.03,2.98,-2.68
715860,-0.03,2.98,-2.68
715949,-0.03,2.98,-2.68
716038,-0.03,2.98,-2.68
716127,-0.02,2.98,-2.68
716215,-0.03,2.98,-2.68
716304,-0.03,2.98,-2.68
716393,-0.03,2.98,-2.68
716482,-0.03,2.98,-2.68
716570,-0.03,2.98,-2.68
716659,-0.03,2.98,-2.68
716748,-0.04,2.98,-2.68
716836,-0.03,2.98,-2.68
716925,-0.02,2.98,-2.68
717014,-0.03,2.98,-2.69
717103,-0.03,2.98,-2.69
717191,-0.03,2.98,-2.68
717280,-0.03,2.98,-2.68
717369,-0.03,2.98,-2.68
717458,-0.03,2.98,-2.68
717546,-0.02,2.98,-2.68
717635,-0.02,2.98,-2.68
717724,-0.03,2.98,-2.68
717813,-0.03,2.98,-2.68
717901,-0.03,2.98,-2.68
717990,-0.02,2.98,-2.68
718168,-0.04,2.98,-2.68
718345,-0.03,2.98,-2.68
718522,-0.03,2.99,-2.68
718700,-0.03,2.98,-2.69
718877,-0.03,2.98,-2.69
719055,-0.03,2.98,-2.69
719232,-0.03,2.98,-2.69
719410,-0.03,2.98,-2.68
719587,-0.03,2.98,-2.68
719764,-0.02,2.98,-2.68
719942,-0.03,2.98,-2.68
720119,-0.03,2.98,-2.68
720297,-0.02,2.98,-2.68
720474,-0.03,2.98,-2.68
720652,-0.03,2.98,-2.68
720829,-0.03,2.98,-2.68
721007,-0.03,2.98,-2.68
721184,-0.03,2.98,-2.68
721362,-0.03,2.98,-2.68
721539,-0.03,2.98,-2.68
721717,-0.03,2.98,-2.68
721894,-0.02,2.98,-2.68
722072,-0.03,2.98,-2.68
722249,-0.02,2.98,-2.68
722427,-0.03,2.98,-2.68
722515,-0.03,2.98,-2.68
722604,-0.03,2.98,-2.68
722693,-0.02,2.98,-2.68
722782,-0.02,2.98,-2.68
722870,-0.03,2.98,-2.68
722959,-0.03,2.98,-2.68
723048,-0.02,2.98,-2.68
723136,-0.03,2.98,-2.68
723225,-0.03,2.98,-2.68
723314,-0.02,2.98,-2.68
723403,-0.02,2.98,-2.68
723491,-0.03,2.98,-2.68
723669,-0.03,2.98,-2.68
723846,-0.03,2.98,-2.68
724024,-0.03,2.98,-2.68
724201,-0.03,2.98,-2.68
724379,-0.03,2.98,-2.68
724556,-0.03,2.98,-2.68
724734,-0.02,2.99,-2.68
724911,-0.03,2.98,-2.68
725000,-0.03,2.98,-2.68
725089,-0.03,2.98,-2.68
725177,-0.02,2.99,-2.68
725266,-0.02,2.99,-2.68
725355,-0.03,2.98,-2.68
725444,-0.03,2.98,-2.68
725532,-0.03,2.98,-2.68
725621,-0.02,2.99,-2.68
725710,-0.02,2.99,-2.68
725798,-0.02,2.99,-2.68
725887,-0.02,2.98,-2.68
725976,-0.02,2.98,-2.68
726065,-0.02,2.98,-2.68
726153,-0.03,2.98,-2.68
726242,-0.04,2.98,-2.68
726331,-0.03,2.99,-2.68
726420,-0.03,2.98,-2.68
726508,-0.02,2.99,-2.68
726597,-0.02,2.99,-2.68
726686,-0.03,2.98,-2.68
726775,-0.03,2.99,-2.68
726863,-0.02,2.98,-2.68
726952,-0.02,2.98,-2.68
727041,-0.02,2.99,-2.68
727129,-0.02,2.98,-2.68
727218,-0.02,2.99,-2.68
727307,-0.02,2.98,-2.68
727396,-0.02,2.98,-2.68
727484,-0.02,2.98,-2.68
727573,-0.03,2.98,-2.68
727662,-0.02,2.99,-2.67
727751,-0.02,2.99,-2.68
727839,-0.03,2.98,-2.68
727928,-0.03,2.99,-2.68
728017,-0.03,2.99,-2.68
728106,-0.03,2.98,-2.68
728194,-0.03,2.98,-2.68
728283,-0.03,2.98,-2.68
728372,-0.02,2.99,-2.68
728461,-0.03,2.99,-2.68
728549,-0.02,2.99,-2.68
728638,-0.03,2.99,-2.68
728727,-0.03,2.99,-2.68
728815,-0.03,2.99,-2.68
728904,-0.03,2.99,-2.68
728993,-0.03,2.99,-2.68
729082,-0.03,2.99,-2.68
729170,-0.03,2.99,-2.68
729259,-0.02,2.99,-2.68
729348,-0.03,2.99,-2.68
729437,-0.02,2.99,-2.68
729525,-0.02,2.99,-2.68
729614,-0.02,2.99,-2.68
729703,-0.02,2.99,-2.68
729792,-0.02,2.99,-2.68
729969,-0.03,2.99,-2.68
730147,-0.03,2.99,-2.68
730324,-0.02,2.99,-2.69
730501,-0.02,2.99,-2.69
730679,-0.03,2.99,-2.69
730856,-0.03,2.99,-2.68
731034,-0.02,2.99,-2.68
731211,-0.02,3.00,-2.69
731389,-0.02,3.00,-2.68
731566,-0.03,2.99,-2.68
731744,-0.03,3.00,-2.69
731921,-0.02,3.00,-2.69
732099,-0.03,3.01,-2.68
732276,-0.02,3.00,-2.69
732454,-0.02,3.01,-2.69
732631,-0.03,3.00,-2.68
732809,-0.03,3.00,-2.68
732986,-0.03,3.00,-2.68
733163,-0.03,3.00,-2.69
733341,-0.03,3.00,-2.69
733518,-0.04,3.00,-2.68
733696,-0.02,3.00,-2.69
733873,-0.02,2.99,-2.68
733962,-0.03,3.00,-2.67
734051,-0.03,2.98,-2.68
734140,-0.04,3.00,-2.67
734228,0.01,3.01,-2.65
734317,-0.05,2.98,-2.71
734406,-0.03,3.00,-2.68
734494,-0.02,3.01,-2.68
734583,-0.03,3.00,-2.68
734672,-0.03,3.00,-2.70
734761,-0.03,3.00,-2.68
734849,-0.02,3.02,-2.69
734938,-0.03,3.00,-2.68
735027,-0.02,3.01,-2.69
735116,-0.03,2.99,-2.68
735204,-0.02,3.01,-2.68
735293,-0.03,2.99,-2.68
735382,-0.03,3.01,-2.68
735471,-0.02,2.99,-2.67
735559,-0.03,3.00,-2.68
735648,-0.04,2.99,-2.67
735825,-0.03,2.99,-2.68
736003,-0.02,2.99,-2.68
736180,-0.03,2.99,-2.68
736358,-0.02,2.99,-2.67
736535,-0.03,2.99,-2.67
736713,-0.03,2.99,-2.67
736890,-0.03,3.00,-2.68
737068,-0.03,3.00,-2.68
737245,-0.03,3.00,-2.68
737422,-0.03,2.99,-2.68
737600,-0.03,3.00,-2.67
737777,-0.02,3.00,-2.68
737955,-0.03,3.00,-2.68
738132,-0.03,3.00,-2.68
738310,-0.03,3.00,-2.68
738487,-0.03,3.00,-2.68
738665,-0.03,3.00,-2.68
738842,-0.03,3.01,-2.68
738931,-0.03,3.01,-2.68
739020,-0.03,3.00,-2.68
739108,-0.02,3.01,-2.68
739197,-0.02,3.00,-2.68
739286,-0.02,3.01,-2.68
739375,-0.03,3.00,-2.68
739463,-0.03,3.00,-2.68
739552,-0.03,2.99,-2.68
739641,-0.03,3.00,-2.68
739730,-0.02,2.99,-2.68
739818,-0.02,3.00,-2.67
739907,-0.03,2.99,-2.67
739996,-0.03,3.00,-2.67
740084,-0.03,3.00,-2.68
740173,-0.03,3.00,-2.67
740262,-0.03,2.99,-2.67
740351,-0.03,3.00,-2.67
740439,-0.03,3.00,-2.67
740528,-0.03,3.00,-2.67
740617,-0.03,2.99,-2.67
740706,-0.03,3.00,-2.67
740794,-0.03,2.99,-2.67
740883,-0.03,2.99,-2.67
740972,-0.02,2.99,-2.67
741060,-0.03,2.99,-2.67
741149,-0.03,2.99,-2.67
741238,-0.02,3.00,-2.67
741327,-0.03,2.99,-2.67
741415,-0.03,3.00,-2.66
741504,-0.03,2.99,-2.67
741770,-0.04,3.00,-2.67
741948,-0.03,2.99,-2.67
742125,-0.02,3.00,-2.67
742303,-0.03,2.99,-2.67
742480,-0.03,2.99,-2.67
742658,-0.03,2.99,-2.67
742835,-0.03,2.99,-2.67
743013,-0.03,2.99,-2.67
743101,-0.03,2.99,-2.67
743190,-0.03,3.00,-2.68
743279,-0.02,2.99,-2.67
743368,-0.02,2.99,-2.67
743456,-0.02,2.99,-2.67
743545,-0.03,2.99,-2.67
743634,-0.03,2.99,-2.66
743722,-0.02,2.99,-2.67
743811,-0.02,2.98,-2.67
743900,-0.02,2.99,-2.67
743989,-0.02,2.98,-2.67
744077,-0.03,2.99,-2.67
744166,-0.03,2.98,-2.67
744255,-0.03,2.99,-2.67
744344,-0.03,2.99,-2.67
744432,-0.02,2.99,-2.67
744521,-0.02,2.99,-2.67
744610,-0.02,2.99,-2.67
744699,-0.03,2.98,-2.67
744787,-0.03,2.99,-2.67
744876,-0.03,2.99,-2.67
744965,-0.03,2.99,-2.67
745053,-0.03,2.99,-2.67
745142,-0.03,2.99,-2.67
745231,-0.03,2.99,-2.67
745320,-0.03,2.99,-2.67
745408,-0.03,2.99,-2.67
745497,-0.03,2.99,-2.67
745586,-0.03,2.99,-2.67
745675,-0.02,2.99,-2.67
745763,-0.02,2.99,-2.67
745852,-0.02,3.00,-2.67
745941,-0.03,3.00,-2.67
746029,-0.03,3.00,-2.68
746118,-0.03,2.99,-2.67
746207,-0.03,2.99,-2.67
746296,-0.03,2.99,-2.67
746384,-0.02,2.99,-2.67
746473,-0.03,2.99,-2.67
746562,-0.03,2.99,-2.67
746651,-0.03,2.99,-2.67
746739,-0.03,3.00,-2.67
746828,-0.03,2.99,-2.67
746917,-0.03,3.00,-2.67
747006,-0.03,2.99,-2.67
747094,-0.03,2.99,-2.67
747183,-0.03,3.00,-2.67
747272,-0.03,2.99,-2.67
747360,-0.02,2.99,-2.67
747538,-0.03,2.99,-2.67
747715,-0.03,3.00,-2.67
747893,-0.03,3.00,-2.67
748070,-0.02,3.00,-2.67
748248,-0.02,2.99,-2.67
748425,-0.02,3.00,-2.67
748603,-0.02,3.00,-2.67
748780,-0.03,3.00,-2.67
748958,-0.02,2.99,-2.66
749135,-0.03,2.99,-2.67
749313,-0.02,3.00,-2.67
749490,-0.03,3.00,-2.67
749668,-0.03,2.99,-2.67
749845,-0.02,3.00,-2.67
750022,-0.02,2.99,-2.67
750200,-0.02,3.00,-2.67
750377,-0.02,2.99,-2.67
750555,-0.03,2.99,-2.66
750732,-0.03,2.99,-2.67
750910,-0.03,2.99,-2.67
751087,-0.03,2.99,-2.67
751265,-0.03,2.99,-2.67
751442,-0.02,2.99,-2.67
751620,-0.02,2.99,-2.66
751797,-0.03,2.99,-2.66
751974,-0.03,2.99,-2.66
752152,-0.02,2.99,-2.66
752241,-0.02,2.99,-2.66
752329,-0.03,2.99,-2.66
752418,-0.03,2.99,-2.66
752507,-0.02,2.99,-2.67
752596,-0.02,2.99,-2.66
752684,-0.02,2.99,-2.66
752773,-0.03,2.99,-2.66
752862,-0.03,2.99,-2.67
752951,-0.02,2.99,-2.67
753039,-0.02,2.99,-2.67
753128,-0.03,2.99,-2.66
753217,-0.03,2.99,-2.67
753394,-0.02,2.99,-2.66
753572,-0.02,2.99,-2.66
753749,-0.02,2.99,-2.66
753927,-0.03,2.99,-2.66
754104,-0.03,2.99,-2.66
754281,-0.02,2.99,-2.67
754459,-0.03,2.99,-2.66
754636,-0.03,2.99,-2.66
754814,-0.02,2.98,-2.66
754991,-0.02,2.98,-2.66
755169,-0.03,2.99,-2.66
755346,-0.03,2.98,-2.66
755435,-0.03,2.99,-2.66
755524,-0.03,2.98,-2.66
755612,-0.03,2.98,-2.66
755701,-0.03,2.98,-2.66
755790,-0.02,2.98,-2.66
755879,-0.02,2.98,-2.66
755967,-0.03,2.98,-2.66
756056,-0.02,2.98,-2.66
756145,-0.02,2.98,-2.66
756234,-0.03,2.98,-2.66
756322,-0.03,2.98,-2.66
756411,-0.03,2.98,-2.66
756500,-0.02,2.98,-2.66
756588,-0.02,2.98,-2.66
756677,-0.02,2.98,-2.66
756766,-0.02,2.97,-2.66
756855,-0.03,2.98,-2.66
756943,-0.02,2.98,-2.66
757032,-0.02,2.98,-2.66
757121,-0.02,2.98,-2.66
757209,-0.02,2.98,-2.66
757298,-0.02,2.98,-2.66
757387,-0.03,2.97,-2.66
757476,-0.03,2.97,-2.65
757564,-0.03,2.98,-2.65
757653,-0.02,2.98,-2.66
757742,-0.03,2.97,-2.65
757831,-0.03,2.97,-2.65
757919,-0.02,2.97,-2.66
758008,-0.02,2.97,-2.65
758097,-0.02,2.97,-2.65
758185,-0.02,2.97,-2.66
758274,-0.03,2.97,-2.65
758363,-0.03,2.97,-2.66
758452,-0.02,2.97,-2.66
758540,-0.03,2.97,-2.66
758629,-0.03,2.97,-2.65
758718,-0.02,2.97,-2.65
758807,-0.02,2.97,-2.65
758895,-0.02,2.97,-2.65
758984,-0.03,2.97,-2.65
759073,-0.03,2.97,-2.65
759162,-0.02,2.96,-2.65
759339,-0.02,2.96,-2.65
759516,-0.02,2.96,-2.65
759694,-0.02,2.97,-2.65
759871,-0.02,2.96,-2.65
760049,-0.03,2.97,-2.64
760226,-0.03,2.96,-2.65
760404,-0.03,2.97,-2.64
760581,-0.03,2.96,-2.64
760759,-0.02,2.96,-2.65
760936,-0.03,2.96,-2.65
761114,-0.03,2.96,-2.65
761291,-0.03,2.96,-2.64
761380,-0.03,2.97,-2.64
761469,-0.03,2.97,-2.65
761557,-0.03,2.97,-2.65
761646,-0.03,2.97,-2.65
761735,-0.02,2.97,-2.65
761823,-0.02,2.96,-2.65
761912,-0.02,2.97,-2.65
762001,-0.03,2.96,-2.65
762090,-0.02,2.97,-2.65
762178,-0.02,2.97,-2.65
762267,-0.02,2.97,-2.65
762356,-0.02,2.97,-2.65
762445,-0.03,2.97,-2.65
762533,-0.03,2.97,-2.65
762622,-0.02,2.97,-2.65
762711,-0.02,2.97,-2.65
762799,-0.02,2.97,-2.65
762888,-0.03,2.97,-2.65
762977,-0.03,2.97,-2.65
763066,-0.02,2.97,-2.65
763154,-0.02,2.97,-2.65
763243,-0.03,2.97,-2.65
763332,-0.03,2.97,-2.65
763421,-0.03,2.97,-2.65
763509,-0.02,2.97,-2.65
763598,-0.03,2.97,-2.65
763687,-0.03,2.97,-2.65
763775,-0.02,2.97,-2.65
763864,-0.02,2.97,-2.65
763953,-0.03,2.97,-2.65
764042,-0.02,2.97,-2.65
764130,-0.02,2.97,-2.65
764219,-0.03,2.97,-2.65
764308,-0.03,2.97,-2.65
764397,-0.03,2.97,-2.65
764485,-0.02,2.97,-2.65
764574,-0.02,2.97,-2.65
764663,-0.02,2.97,-2.65
764752,-0.03,2.97,-2.65
764840,-0.03,2.97,-2.65
764929,-0.03,2.97,-2.65
765018,-0.03,2.97,-2.65
765195,-0.02,2.98,-2.65
765373,-0.02,2.97,-2.65
765550,-0.03,2.97,-2.65
765728,-0.03,2.97,-2.65
765905,-0.03,2.97,-2.65
766083,-0.03,2.97,-2.65
766260,-0.02,2.97,-2.65
766437,-0.03,2.97,-2.65
766615,-0.03,2.97,-2.65
766792,-0.02,2.97,-2.65
766970,-0.03,2.97,-2.65
767147,-0.02,2.97,-2.65
767325,-0.03,2.97,-2.65
767502,-0.02,2.97,-2.65
767680,-0.02,2.97,-2.65
767857,-0.02,2.97,-2.65
768035,-0.02,2.96,-2.65
768212,-0.02,2.97,-2.65
768390,-0.02,2.97,-2.65
768567,-0.03,2.97,-2.65
768745,-0.02,2.97,-2.65
768922,-0.03,2.97,-2.65
769099,-0.03,2.97,-2.65
769277,-0.02,2.97,-2.65
769454,-0.03,2.97,-2.65
769632,-0.03,2.97,-2.65
769809,-0.03,2.97,-2.65
769987,-0.03,2.97,-2.65
770164,-0.03,2.97,-2.65
770342,-0.03,2.96,-2.65
770430,-0.02,2.97,-2.65
770519,-0.02,2.97,-2.65
770608,-0.02,2.96,-2.65
770697,-0.02,2.96,-2.65
770785,-0.03,2.96,-2.65
770874,-0.03,2.96,-2.65
771052,-0.01,2.97,-2.65
771229,-0.02,2.96,-2.65
771407,-0.03,2.97,-2.65
771584,-0.02,2.96,-2.64
771761,-0.02,2.96,-2.65
771939,-0.02,2.96,-2.65
772028,-0.02,2.96,-2.64
772116,-0.02,2.96,-2.64
772205,-0.02,2.96,-2.65
772294,-0.02,2.96,-2.64
772383,-0.02,2.96,-2.65
772471,-0.03,2.96,-2.64
772560,-0.03,2.96,-2.65
772649,-0.03,2.96,-2.65
772737,-0.03,2.96,-2.65
772826,-0.03,2.96,-2.64
772915,-0.02,2.96,-2.65
773004,-0.02,2.96,-2.65
773092,-0.02,2.96,-2.65
773181,-0.03,2.96,-2.65
773270,-0.02,2.96,-2.65
773359,-0.02,2.96,-2.64
773447,-0.02,2.96,-2.65
773536,-0.03,2.96,-2.65
773625,-0.03,2.96,-2.65
773714,-0.03,2.96,-2.65
773802,-0.02,2.96,-2.65
773891,-0.03,2.96,-2.65
773980,-0.03,2.96,-2.65
774068,-0.02,2.96,-2.65
774157,-0.02,2.96,-2.65
774246,-0.02,2.96,-2.65
774335,-0.02,2.96,-2.65
774423,-0.03,2.95,-2.65
774512,-0.02,2.96,-2.65
774601,-0.03,2.96,-2.65
774690,-0.02,2.96,-2.65
774778,-0.02,2.96,-2.65
774867,-0.03,2.96,-2.65
774956,-0.02,2.96,-2.64
775044,-0.02,2.96,-2.65
775133,-0.02,2.96,-2.65
775222,-0.02,2.96,-2.65
775311,-0.02,2.96,-2.65
775399,-0.02,2.96,-2.65
775488,-0.02,2.96,-2.65
775577,-0.02,2.96,-2.65
775666,-0.02,2.96,-2.65
775754,-0.03,2.95,-2.65
775843,-0.02,2.95,-2.65
775932,-0.02,2.96,-2.65
776021,-0.02,2.96,-2.65
776109,-0.02,2.96,-2.64
776198,-0.02,2.96,-2.65
776287,-0.02,2.96,-2.65
776375,-0.02,2.96,-2.65
776464,-0.02,2.96,-2.64
776553,-0.01,2.96,-2.65
776642,-0.02,2.96,-2.64
776730,-0.03,2.95,-2.64
776819,-0.03,2.95,-2.65
776997,-0.02,2.96,-2.65
777174,-0.02,2.95,-2.65
777352,-0.02,2.96,-2.64
777529,-0.03,2.95,-2.64
777706,-0.02,2.95,-2.64
777884,-0.02,2.95,-2.64
778061,-0.03,2.95,-2.64
778239,-0.02,2.95,-2.64
778416,-0.02,2.95,-2.64
778594,-0.02,2.94,-2.64
778771,-0.03,2.95,-2.64
778949,-0.03,2.95,-2.64
779126,-0.02,2.94,-2.63
779304,-0.02,2.94,-2.63
779481,-0.02,2.93,-2.63
779570,-0.03,2.92,-2.63
779659,-0.03,2.92,-2.63
779747,-0.03,2.92,-2.62
779836,-0.02,2.92,-2.62
779925,-0.02,2.92,-2.62
780014,-0.02,2.92,-2.62
780102,-0.02,2.92,-2.62
780191,-0.03,2.92,-2.63
780280,-0.03,2.93,-2.63
780368,-0.02,2.93,-2.64
780457,-0.03,2.93,-2.63
780546,-0.02,2.94,-2.63
780635,-0.02,2.93,-2.63
780723,-0.02,2.94,-2.63
780812,-0.02,2.94,-2.63
780901,-0.03,2.94,-2.64
780990,-0.03,2.93,-2.63
781078,-0.02,2.94,-2.63
781167,-0.03,2.93,-2.62
781256,-0.02,2.94,-2.63
781344,-0.02,2.93,-2.63
781433,-0.02,2.93,-2.63
781522,-0.03,2.93,-2.63
781611,-0.03,2.93,-2.63
781699,-0.02,2.94,-2.62
781788,-0.02,2.93,-2.63
781877,-0.02,2.93,-2.63
781965,-0.02,2.94,-2.63
782054,-0.02,2.94,-2.63
782143,-0.03,2.94,-2.63
782232,-0.03,2.94,-2.63
782320,-0.03,2.94,-2.63
782409,-0.03,2.93,-2.63
782498,-0.03,2.93,-2.63
782587,-0.03,2.93,-2.63
782675,-0.02,2.93,-2.63
782853,-0.02,2.94,-2.63
783030,-0.03,2.93,-2.63
783208,-0.03,2.94,-2.63
783385,-0.02,2.94,-2.63
783563,-0.02,2.93,-2.63
783740,-0.03,2.94,-2.63
783918,-0.03,2.94,-2.63
784095,-0.02,2.93,-2.63
784273,-0.03,2.94,-2.63
784450,-0.02,2.93,-2.63
784627,-0.02,2.93,-2.63
784805,-0.02,2.93,-2.63
784982,-0.02,2.93,-2.63
785160,-0.03,2.94,-2.62
785337,-0.03,2.93,-2.63
785515,-0.02,2.93,-2.63
785692,-0.01,2.93,-2.62
785870,-0.02,2.93,-2.62
786047,-0.02,2.93,-2.63
786225,-0.03,2.93,-2.63
786402,-0.03,2.93,-2.62
786580,-0.02,2.93,-2.63
786757,-0.02,2.93,-2.62
786934,-0.03,2.93,-2.63
787112,-0.02,2.93,-2.62
787289,-0.02,2.93,-2.62
787467,-0.03,2.93,-2.63
787644,-0.03,2.93,-2.63
787822,-0.02,2.94,-2.63
787999,-0.03,2.93,-2.63
788177,-0.02,2.93,-2.62
788354,-0.02,2.93,-2.62
788532,-0.02,2.93,-2.62
788709,-0.02,2.93,-2.62
788798,-0.02,2.93,-2.62
788887,-0.02,2.93,-2.62
788975,-0.02,2.93,-2.62
789064,-0.02,2.93,-2.62
789153,-0.02,2.93,-2.62
789242,-0.02,2.93,-2.61
789330,-0.02,2.92,-2.63
789419,-0.02,2.93,-2.62
789508,-0.02,2.93,-2.62
789596,-0.03,2.93,-2.62
789685,-0.02,2.93,-2.63
789774,-0.02,2.94,-2.63
789863,-0.02,2.94,-2.63
789951,-0.02,2.94,-2.63
790040,-0.02,2.95,-2.64
790129,-0.02,2.95,-2.64
790218,-0.02,2.95,-2.64
790306,-0.02,2.95,-2.63
790395,-0.02,2.95,-2.65
790484,-0.03,2.94,-2.65
790573,-0.03,2.96,-2.63
790661,-0.01,2.95,-2.65
790750,-0.03,2.95,-2.64
790839,-0.03,2.96,-2.63
790927,-0.03,2.96,-2.64
791016,-0.02,2.93,-2.68
791105,-0.05,2.95,-2.64
791194,-0.01,2.98,-2.62
791282,-0.01,2.95,-2.66
791371,-0.04,2.96,-2.64
791460,-0.02,2.96,-2.64
791549,-0.02,2.96,-2.65
791637,-0.02,2.96,-2.64
791726,-0.02,2.95,-2.65
791815,-0.03,2.96,-2.63
791904,-0.01,2.97,-2.64
791992,-0.03,2.95,-2.66
792081,-0.03,2.95,-2.64
792170,-0.02,2.96,-2.63
792258,-0.02,2.95,-2.63
792347,-0.03,2.95,-2.60
792436,-0.04,2.95,-2.58
792525,-0.03,2.99,23.48
792613,-0.06,4.79,305.92
792702,-0.02,6.07,371.20
792791,-0.05,4.82,371.20
792880,-0.08,6.16,371.20
792968,-0.02,5.19,371.20
793057,-0.05,1.86,184.71
793146,-0.04,2.67,139.77
793234,-0.03,2.98,141.02
793323,-0.03,2.68,189.36
793412,-0.06,2.62,371.20
793501,-0.09,5.25,371.20
793589,-0.08,6.16,371.20
793678,-0.08,6.16,371.20
793767,-0.10,6.16,371.20
793856,-0.12,6.16,371.20
793944,-0.11,6.16,371.20
794033,-0.08,2.73,333.78
794122,0.00,0.28,189.27
794210,0.03,-0.46,184.24
794299,0.02,-0.42,188.21
794388,0.01,0.05,304.85
794477,0.00,3.87,371.20
794654,0.01,6.16,371.20
794831,-0.04,6.16,371.20
795009,-0.02,2.66,371.20
795186,0.01,-1.61,187.81
795364,0.04,-1.50,187.71
795541,0.04,-1.50,187.63
795719,0.03,-1.41,187.59
795896,0.03,-1.43,187.56
796074,0.04,-1.38,187.52
796251,0.03,-1.39,187.51
796429,0.03,-1.35,187.48
796606,0.03,-1.36,187.48
796783,0.03,-1.34,187.45
796961,0.04,-1.33,187.45
797138,0.02,-1.33,187.43
797316,0.03,-1.30,187.43
797493,0.03,-1.32,187.42
797671,0.03,-1.30,187.41
797848,0.02,-1.31,187.41
797937,0.02,-1.29,187.40
798026,0.03,-1.29,187.40
798114,0.03,-1.29,187.40
798203,0.03,-1.29,187.40
798292,0.03,-1.29,187.39
798381,0.03,-1.28,187.38
798469,0.03,-1.28,187.39
798558,0.03,-1.29,187.39
798647,0.03,-1.29,187.39
798736,0.03,-1.28,187.38
798824,0.03,-1.28,187.38
798913,0.03,-1.29,187.38
799002,0.03,-1.29,187.39
799091,0.02,-1.28,187.38
799179,0.02,-1.28,187.38
799268,0.03,-1.28,187.38
799357,0.03,-1.28,187.38
799445,0.03,-1.27,187.38
799534,0.03,-1.27,187.37
799623,0.03,-1.27,187.37
799712,0.03,-1.27,187.37
799800,0.02,-1.27,187.37
799889,0.03,-1.27,187.37
799978,0.03,-1.26,187.37
800067,0.03,-1.26,187.37
800155,0.02,-1.26,187.37
800244,0.03,-1.27,187.37
800333,0.03,-1.26,187.37
800510,0.02,-1.26,187.37
800688,0.02,-1.25,187.37
800865,0.03,-1.25,187.36
801043,0.02,-1.25,187.36
801220,0.03,-1.25,187.36
801398,0.02,-1.25,187.36
801575,0.02,-1.24,187.36
801752,0.03,-1.24,187.36
801930,0.02,-1.24,187.36
802107,0.03,-1.24,187.35
802285,0.03,-1.24,187.35
802462,0.03,-1.23,187.35
802640,0.02,-1.23,187.35
802817,0.02,-1.23,187.35
802995,0.03,-1.22,187.35
803172,0.02,-1.22,187.36
803350,0.02,-1.23,187.34
803527,0.02,-1.22,187.35
803705,0.02,-1.23,187.36
803882,0.02,-1.25,187.37
804060,0.02,-1.25,187.37
804237,0.03,-1.24,187.37
804415,0.02,-1.24,187.37
804592,0.03,-1.24,187.36
804769,0.02,-1.24,187.36
804947,0.02,-1.24,187.37
805124,0.03,-1.24,187.37
805213,0.03,-1.24,187.37
805302,0.02,-1.24,187.36
805391,0.02,-367.64,187.37
805479,0.03,-1.23,187.37
805568,0.02,-1.23,187.36
805657,0.02,-1.23,187.36
805923,0.02,-1.23,187.36
806100,0.03,-1.22,187.37
806278,0.03,-1.23,187.36
806455,0.03,-1.22,187.36
806633,0.02,-1.22,187.37
806810,0.03,-1.22,187.36
806899,0.02,-1.23,-264.73
806988,0.03,-1.22,187.37
807077,0.03,-1.22,187.36
807165,0.03,-1.22,187.36
807254,0.03,-1.22,187.36
807343,0.02,-1.22,187.36
807431,0.03,-1.22,187.36
807520,0.03,-1.22,187.36
807609,0.03,-1.21,187.36
807698,0.02,-1.21,187.36
807786,0.03,-1.21,187.36
807875,0.03,-1.21,187.36
807964,0.03,-1.21,187.36
808053,0.03,-1.21,187.36
808141,0.02,-1.21,187.36
808230,0.02,-1.21,187.36
808319,0.02,-1.21,187.36
808407,0.02,-1.21,187.36
808496,0.02,-1.20,187.36
808585,0.03,-1.21,187.35
808674,0.03,-1.21,187.35
808762,0.02,-1.21,187.36
808851,0.02,-1.21,187.36
808940,0.02,-1.21,187.36
809029,0.03,-1.21,187.37
809117,0.03,-1.21,187.36
809206,0.02,-1.21,187.36
809295,0.03,-1.21,187.37
809384,0.03,-1.21,187.37
809472,0.02,-1.21,187.37
809561,0.03,-1.21,187.37
809650,0.02,-1.22,187.36
809738,0.02,-1.21,187.37
809827,0.03,-1.21,187.37
809916,0.03,-1.21,187.37
810005,0.03,-1.21,187.37
810093,0.03,-1.21,187.37
810182,0.02,-1.21,187.37
810271,0.02,-1.21,187.37
810360,0.02,-1.21,187.37
810448,0.02,-1.21,187.37
810537,0.03,-1.21,187.37
810626,0.03,-1.21,187.37
810715,0.02,-1.22,187.38
810803,0.02,-1.21,187.38
810892,0.02,-1.22,187.37
810981,0.02,-1.21,187.38
811069,0.02,-1.22,187.38
811158,0.03,-1.22,187.38
811247,0.03,-1.21,187.38
811336,0.02,-1.22,187.38
811424,0.03,-1.21,187.38
811513,0.02,-1.21,187.38
811602,0.02,-1.21,187.38
811691,0.03,-1.22,187.38
811779,0.03,-1.22,187.38
811868,0.03,-1.22,187.38
811957,0.02,-1.21,187.38
812046,0.02,-1.21,187.38
812134,0.02,-1.22,187.38
812312,0.03,-1.22,187.38
812489,0.02,-1.22,187.38
812667,0.03,-1.22,187.38
812844,0.02,-1.21,187.38
813022,0.03,-1.21,187.38
813199,0.03,-1.22,187.37
813377,0.02,-1.21,187.38
813554,0.02,-1.21,187.38
813731,0.02,-1.22,187.38
813909,0.02,-1.21,187.37
814086,0.02,-1.21,187.38
814264,0.03,-1.22,187.37
814441,0.03,-1.22,187.38
814619,0.02,-1.21,187.38
814796,0.02,-1.21,187.38
814974,0.02,-1.21,187.38
815151,0.02,-1.20,187.37
815329,0.03,-1.21,187.38
815506,0.02,-1.21,187.38
815684,0.03,-1.20,187.37
815861,0.02,-1.20,187.38
816039,0.03,-1.21,187.37
816127,0.02,-1.20,187.37
816216,0.02,-1.20,187.37
816305,0.02,-1.20,187.37
816393,0.03,-1.20,187.37
816482,0.03,-1.20,187.37
816571,0.02,-1.20,187.37
816660,0.02,-1.20,187.37
816748,0.03,-1.20,187.38
816837,0.03,-1.20,187.37
816926,0.02,-1.20,187.38
817015,0.02,-1.20,187.38
817103,0.03,-1.20,187.38
817192,0.02,-1.20,187.38
817281,0.03,-1.20,187.38
817369,0.02,-1.20,187.37
817458,0.02,-1.20,187.38
817547,0.02,-1.20,187.38
817636,0.02,-1.20,187.38
817724,0.03,-1.20,187.38
817813,0.03,-1.20,187.38
817902,0.02,-1.20,187.38
817991,0.02,-1.20,187.38
818168,0.02,-1.20,187.38
818346,0.02,-1.20,187.38
818523,0.02,-1.21,187.38
818700,0.02,-1.20,187.39
818878,0.02,-1.20,187.38
819055,0.02,-1.20,187.39
819233,0.02,-1.20,187.39
819410,0.02,-1.20,187.39
819588,0.02,-1.20,187.38
819765,0.03,-1.20,187.39
819943,0.02,-1.20,187.39
820120,0.02,-1.20,187.39
820298,0.03,-1.20,187.39
820475,0.02,-1.20,187.39
820653,0.03,-1.20,187.39
820830,0.03,-1.20,187.39
821008,0.03,-1.20,187.39
821185,0.01,-1.20,187.39
821362,0.02,-1.20,187.39
821540,0.02,-1.19,187.39
821717,0.02,-1.19,187.39
821806,0.02,-1.19,187.39
821895,0.02,-1.19,187.39
821984,0.02,-1.19,187.39
822072,0.02,-1.19,187.39
822161,0.02,-1.19,187.39
822250,0.02,-1.19,187.39
822339,0.02,-1.19,187.39
822427,0.02,-1.19,187.39
822516,0.02,-1.19,187.39
822605,0.02,-1.19,187.39
822693,0.02,-1.19,187.39
822782,0.02,-1.19,187.39
822871,0.02,-1.19,187.39
822960,0.02,-1.19,187.39
823048,0.02,-1.19,187.39
823137,0.02,-1.19,187.39
823226,0.02,-1.19,187.39
823315,0.03,-1.19,187.39
823403,0.02,-1.19,187.39
823492,0.02,-1.19,187.39
823581,0.01,-1.19,187.39
823670,0.02,-1.19,187.39
823758,0.02,-1.19,187.39
823847,0.03,-1.19,187.39
823936,0.02,-1.19,187.39
824113,0.02,-1.19,187.39
824291,0.03,-1.19,187.39
824468,0.02,-1.19,187.40
824646,0.02,-1.19,187.40
824823,0.02,-1.18,187.40
825001,0.02,-1.18,187.39
825178,0.02,-1.18,187.40
825267,0.03,-1.18,187.40
825356,0.03,-1.19,187.39
825444,0.03,-1.19,187.40
825533,0.02,-1.19,187.40
825622,0.01,-1.19,187.39
825710,0.02,-1.19,187.39
825799,0.02,-1.19,187.40
825888,0.02,-1.18,187.40
825977,0.02,-1.18,187.39
826065,0.02,-1.19,187.40
826154,0.02,-1.19,187.40
826243,0.01,-1.18,187.40
826332,0.02,-1.18,187.40
826420,0.02,-1.18,187.40
826509,0.02,-1.18,187.39
826598,0.03,-1.18,187.39
826686,0.03,-1.18,187.39
826775,0.02,-1.19,187.39
826864,0.02,-1.19,187.39
826953,0.03,-1.18,187.39
827041,0.02,-1.18,187.39
827130,0.02,-1.18,187.39
827219,0.02,-1.18,187.40
827308,0.02,-1.18,187.40
827396,0.02,-1.18,187.39
827485,0.02,-1.18,187.39
827574,0.02,-1.18,187.39
827662,0.03,-1.18,187.39
827751,0.02,-1.18,187.39
827840,0.02,-1.18,187.39
827929,0.02,-1.18,187.39
828017,0.02,-1.18,187.39
828106,0.02,-1.18,187.39
828195,0.02,-1.17,187.40
828284,0.02,-1.18,187.39
828372,0.02,-1.18,187.39
828461,0.02,-1.18,187.39
828550,0.03,-1.17,187.39
828639,0.02,-1.17,187.39
828727,0.02,-1.17,187.39
828816,0.02,-1.18,187.39
828905,0.02,-1.18,187.39
828993,0.02,-1.17,187.39
829082,0.02,-1.17,187.39
829171,0.02,-1.17,187.39
829260,0.02,-1.18,187.39
829348,0.03,-1.18,187.39
829437,0.02,-1.18,187.39
829526,0.02,-1.17,187.39
829615,0.03,-1.17,187.39
829703,0.03,-1.17,187.39
829792,0.02,-1.17,187.39
829970,0.02,-1.18,187.39
830147,0.01,-1.17,187.39
830324,0.02,-1.17,187.39
830502,0.02,-1.18,187.40
830679,0.03,-1.17,187.39
830857,0.02,-1.17,187.40
831034,0.02,-1.17,187.39
831212,0.03,-1.17,187.40
831389,0.03,-1.17,187.40
831567,0.02,-1.17,187.40
831744,0.02,-1.16,187.40
831922,0.02,-1.17,187.40
832099,0.03,-1.17,187.40
832277,0.02,-1.17,187.40
832454,0.02,-1.17,187.40
832631,0.01,-1.17,187.40
832809,0.02,-1.17,187.40
832986,0.01,-1.17,187.40
833164,0.02,-1.17,187.40
833341,0.02,-1.17,187.40
833519,0.02,-1.17,187.40
833696,0.02,-1.17,187.40
833874,0.02,-1.17,187.40
834051,0.02,-1.17,187.40
834229,0.02,-1.17,187.40
834317,0.01,-1.17,187.41
834406,0.01,-1.17,187.41
834495,0.02,-1.17,187.41
834584,0.02,-1.17,187.41
834672,0.02,-1.17,187.40
834761,0.02,-1.17,187.41
834850,0.02,-1.17,187.41
834938,0.02,-1.17,187.41
835027,0.02,-1.17,187.41
835116,0.02,-1.17,187.41
835205,0.03,-1.17,187.41
835293,0.02,-1.17,187.41
835382,0.02,-1.17,187.41
835471,0.02,-1.17,187.41
835559,0.02,-1.17,187.41
835737,0.02,-1.17,187.41
835914,0.02,-1.17,187.41
836092,0.02,-1.17,187.41
836269,0.02,-1.17,187.41
836447,0.02,-1.17,187.41
836624,0.02,-1.17,187.41
836802,0.02,-1.17,187.41
836979,0.02,-1.17,187.41
837157,0.02,-1.16,187.41
837334,0.02,-1.16,187.41
837512,0.02,-1.17,187.41
837689,0.02,-1.16,187.41
837866,0.02,-1.17,187.41
838044,0.02,-1.16,187.41
838221,0.02,-1.16,187.41
838310,0.03,-1.16,187.41
838399,0.03,-1.16,187.41
838488,0.02,-1.17,187.41
838576,0.02,-1.17,187.41
838665,0.02,-1.17,187.41
838754,0.02,-1.17,187.41
838842,0.02,-1.16,187.41
838931,0.02,-1.16,187.41
839020,0.03,-1.16,187.41
839109,0.02,-1.16,187.41
839197,0.02,-1.16,187.41
839286,0.02,-1.16,187.41
839375,0.02,-1.16,187.41
839463,0.02,-1.16,187.41
839552,0.02,-1.17,187.41
839641,0.03,-1.16,187.41
839730,0.03,-1.16,187.41
839818,0.02,-1.16,187.41
839907,0.01,-1.16,187.41
839996,0.02,-1.16,187.41
840084,0.02,-1.16,187.41
840173,0.03,-1.16,187.41
840262,0.02,-1.16,187.41
840351,0.03,-1.16,187.41
840439,0.02,-1.16,187.41
840528,0.02,-1.16,187.42
840617,0.02,-1.15,187.41
840706,0.02,-1.16,187.41
840794,0.02,-1.16,187.41
840883,0.02,-1.16,187.42
840972,0.03,-1.16,187.41
841061,0.03,-1.16,187.41
841149,0.03,-1.16,187.41
841238,0.02,-1.16,187.41
841327,0.02,-1.16,187.41
841415,0.02,-1.16,187.41
841504,0.02,-1.16,187.41
841682,0.02,-1.16,187.42
841859,0.02,-1.15,187.42
842037,0.02,-1.16,187.42
842214,0.02,-1.16,187.41
842391,0.02,-1.16,187.41
842569,0.02,-1.16,187.42
842746,0.02,-1.16,187.42
842924,0.02,-1.15,187.41
843101,0.02,-1.15,187.42
843279,0.02,-1.16,187.41
843456,0.02,-1.16,187.41
843545,0.02,-1.16,187.41
843634,0.02,-1.16,187.41
843722,0.02,-1.16,187.41
843811,0.03,-1.16,187.41
843900,0.02,-1.16,187.42
843989,0.02,-1.16,187.42
844077,0.02,-1.16,187.42
844166,0.02,-1.15,187.42
844255,0.02,-1.16,187.42
844343,0.02,-1.16,187.42
844432,0.02,-1.16,187.42
844521,0.02,-1.15,187.42
844610,0.02,-1.15,187.42
844698,0.03,-1.15,187.42
844787,0.02,-1.16,187.42
844876,0.02,-1.16,187.42
844965,0.02,-1.16,187.42
845053,0.02,-1.16,187.42
845142,0.02,-1.16,187.42
845231,0.02,-1.15,187.42
845320,0.02,-1.15,187.42
845408,0.02,-1.16,187.42
845497,0.02,-1.15,187.42
845586,0.02,-1.15,187.42
845674,0.02,-1.15,187.42
845763,0.03,-1.16,187.42
845852,0.03,-1.15,187.42
845941,0.02,-1.15,187.42
846029,0.02,-1.15,187.42
846118,0.02,-1.15,187.42
846207,0.02,-1.16,187.42
846295,0.02,-1.16,187.42
846384,0.02,-1.16,187.42
846473,0.02,-1.16,187.42
846562,0.02,-1.16,187.42
846650,0.02,-1.16,187.42
846739,0.01,-1.16,187.42
846828,0.01,-1.15,187.42
846916,0.02,-1.15,187.42
847005,0.02,-1.15,187.42
847094,0.03,-1.16,187.42
847183,0.02,-1.15,187.42
847271,0.01,-1.15,187.43
847360,0.02,-1.15,187.43
847537,0.03,-1.16,187.43
847715,0.02,-1.16,187.43
847892,0.02,-1.16,187.42
848070,0.03,-1.15,187.43
848247,0.02,-1.16,187.43
848425,0.03,-1.16,187.43
848602,0.03,-1.16,187.43
848780,0.02,-1.16,187.43
848957,0.02,-1.16,187.43
849135,0.03,-1.16,187.43
849312,0.02,-1.16,187.43
849490,0.03,-1.15,187.43
849667,0.02,-1.16,187.43
849844,0.02,-1.16,187.43
850022,0.02,-1.16,187.43
850199,0.02,-1.16,187.43
850377,0.02,-1.16,187.43
850554,0.03,-1.16,187.44
850732,0.02,-1.16,187.44
850909,0.02,-1.16,187.44
851087,0.02,-1.16,187.43
851264,0.02,-1.16,187.44
851442,0.02,-1.16,187.43
851619,0.02,-1.16,187.44
851796,0.02,-1.16,187.44
851974,0.02,-1.16,187.44
852151,0.02,-1.16,187.44
852329,0.02,-1.16,187.44
852506,0.02,-1.16,187.43
852595,0.02,-1.16,187.43
852684,0.03,-1.16,187.44
852773,0.02,-1.16,187.43
852861,0.02,-1.16,187.44
852950,0.02,-1.16,187.44
853039,0.03,-1.16,187.44
853127,0.03,-1.16,187.44
853216,0.02,-1.16,187.44
853394,0.01,-1.16,187.44
853571,0.02,-1.16,187.44
853749,0.02,-1.16,187.44
853926,0.02,-1.16,187.44
854103,0.02,-1.16,187.44
854281,0.02,-1.16,187.44
854458,0.01,-1.16,187.44
854547,0.01,-1.15,187.44
854636,0.02,-1.16,187.44
854725,0.02,-1.16,187.44
854813,0.02,-1.16,187.44
854902,0.02,-1.16,187.44
854991,0.02,-1.16,187.44
855079,0.03,-1.16,187.43
855168,0.02,-1.16,187.44
855257,0.03,-1.16,187.44
855346,0.02,-1.16,187.44
855434,0.02,-1.16,187.44
855523,0.02,-1.16,187.44
855612,0.02,-1.16,187.44
855701,0.02,-1.16,187.44
855789,0.02,-1.16,187.44
855878,0.02,-1.16,187.44
855967,0.02,-1.16,187.43
856055,0.02,-1.16,187.44
856144,0.02,-1.16,187.44
856233,0.02,-1.16,187.44
856322,0.01,-1.17,187.45
856410,0.02,-1.16,187.44
856499,0.02,-1.16,187.44
856588,0.01,-1.17,187.44
856677,0.01,-1.16,187.43
856765,0.02,-1.16,187.44
856854,0.02,-1.16,187.44
856943,0.03,-1.16,187.45
857031,0.03,-1.16,187.44
857120,0.01,-1.16,187.44
857209,0.02,-1.16,187.44
857298,0.02,-1.16,187.44
857386,0.02,-1.16,187.45
857475,0.02,-1.16,187.44
857564,0.02,-1.16,187.44
857653,0.02,-1.16,187.44
857741,0.02,-1.16,187.44
857830,0.02,-1.17,187.44
857919,0.02,-1.16,187.44
858007,0.02,-1.16,187.45
858096,0.02,-1.17,187.44
858185,0.02,-1.16,187.45
858274,0.03,-1.17,187.45
858362,0.03,-1.16,187.45
858451,0.03,-1.17,187.44
858540,0.03,-1.17,187.44
858629,0.02,-1.16,187.45
858717,0.02,-1.16,187.44
858806,0.02,-1.17,187.45
858895,0.02,-1.15,187.45
858983,0.01,-1.16,187.44
859072,0.01,-1.17,187.45
859250,0.02,-1.16,187.45
859427,0.02,-1.16,187.45
859605,0.02,-1.16,187.44
859782,0.02,-1.16,187.45
859959,0.02,-1.16,187.45
860137,0.02,-1.16,187.46
860314,0.03,-1.17,187.45
860492,0.03,-1.16,187.45
860669,0.02,-1.16,187.45
860847,0.02,-1.15,187.45
861024,0.02,-1.16,187.45
861202,0.02,-1.16,187.45
861379,0.02,-1.16,187.45
861557,0.02,-1.15,187.44
861734,0.02,-1.16,187.45
861823,0.01,-1.16,187.45
861912,0.02,-1.16,187.45
862000,0.02,-1.16,187.45
862089,0.03,-1.16,187.45
862178,0.02,-1.16,187.46
862266,0.02,-1.16,187.45
862355,0.01,-1.17,187.44
862444,0.02,-1.16,187.46
862533,0.02,-1.16,187.45
862621,0.02,-1.16,187.45
862710,0.02,-1.16,187.46
862799,0.02,-1.16,187.45
862888,0.01,-1.17,187.45
862976,0.02,-1.16,187.46
863065,0.02,-1.16,187.45
863154,0.01,-1.16,187.46
863242,0.02,-1.16,187.46
863331,0.02,-1.16,187.46
863420,0.02,-1.16,187.46
863509,0.02,-1.17,187.46
863597,0.02,-1.16,187.46
863686,0.02,-1.16,187.46
863775,0.02,-1.16,187.46
863864,0.01,-1.17,187.45
863952,0.01,-1.17,187.46
864041,0.02,-1.16,187.46
864130,0.02,-1.17,187.46
864218,0.02,-1.16,187.46
864307,0.02,-1.16,187.46
864396,0.02,-1.16,187.46
864485,0.02,-1.16,187.46
864573,0.02,-1.16,187.46
864662,0.02,-1.16,187.46
864751,0.01,-1.17,187.45
864840,0.01,-1.16,187.46
864928,0.02,-1.16,187.46
865106,0.02,-1.17,187.46
865283,0.02,-1.17,187.46
865461,0.03,-1.16,187.46
865638,0.01,-1.16,187.46
865816,0.02,-1.17,187.46
865993,0.02,-1.17,187.46
866170,0.02,-1.17,187.46
866348,0.03,-1.17,187.47
866525,0.02,-1.17,187.47
866703,0.02,-1.17,187.47
866880,0.02,-1.17,187.47
867058,0.03,-1.17,187.47
867235,0.02,-1.17,187.48
867413,0.02,-1.18,187.47
867590,0.02,-1.17,187.47
867768,0.02,-1.17,187.47
867945,0.02,-1.17,187.47
868123,0.02,-1.17,187.48
868300,0.02,-1.17,187.47
868478,0.02,-1.17,187.47
868655,0.02,-1.17,187.47
868832,0.02,-1.17,187.47
869010,0.03,-1.17,187.47
869187,0.01,-1.17,187.48
869365,0.02,-1.17,187.47
869542,0.03,-1.17,187.47
869720,0.02,-1.17,187.48
869897,0.02,-1.17,187.48
870075,0.01,-1.18,187.48
870252,0.02,-1.17,187.47
870429,0.03,-1.17,187.48
870607,0.02,-1.17,187.48
870784,0.02,-1.17,187.49
870962,0.02,-1.18,187.48
871051,0.03,-1.17,187.48
871139,0.02,-1.17,187.48
871228,0.02,-1.17,187.48
871317,0.02,-1.18,187.49
871406,0.02,-1.18,187.49
871494,0.02,-1.18,187.49
871583,0.03,-1.18,187.48
871672,0.03,-1.18,187.48
871760,0.02,-1.17,187.49
871849,0.02,-1.18,187.49
871938,0.02,-1.18,187.49
872027,0.02,-1.18,187.49
872115,0.02,-1.18,187.49
872204,0.03,-1.18,187.49
872293,0.02,-1.18,187.49
872382,0.02,-1.18,187.49
872470,0.02,-1.18,187.49
872559,0.02,-1.18,187.49
872648,0.02,-1.18,187.49
872736,0.02,-1.18,187.49
872825,0.02,-1.18,187.49
872914,0.02,-1.18,187.49
873003,0.02,-1.18,187.49
873091,0.01,-1.18,187.49
873180,0.02,-1.18,187.49
873269,0.02,-1.18,187.49
873358,0.02,-1.18,187.49
873446,0.02,-1.18,187.49
873535,0.02,-1.18,187.49
873624,0.02,-1.18,187.49
873712,0.02,-1.18,187.49
873801,0.02,-1.18,187.49
873890,0.02,-1.18,187.50
873979,0.02,-1.18,187.49
874067,0.02,-1.18,187.49
874156,0.02,-1.18,187.49
874245,0.02,-1.18,187.50
874334,0.02,-1.18,187.49
874422,0.02,-1.18,187.49
874511,0.02,-1.18,187.49
874600,0.02,-1.18,187.49
874688,0.02,-1.18,187.50
874777,0.02,-1.18,187.50
874866,0.02,-1.18,187.49
874955,0.02,-1.18,187.50
875043,0.02,-1.18,187.50
875132,0.02,-1.18,187.50
875221,0.02,-1.18,187.49
875310,0.02,-1.18,187.50
875398,0.02,-1.18,187.50
875487,0.02,-1.18,187.50
875576,0.02,-1.18,187.50
875665,0.02,-1.18,187.50
875753,0.02,-1.18,187.50
875842,0.02,-1.18,187.50
875931,0.02,-1.18,187.50
876019,0.01,-1.18,187.50
876108,0.01,-1.18,187.50
876197,0.02,-1.18,187.50
876286,0.02,-1.18,187.50
876374,0.02,-1.18,187.50
876463,0.03,-1.18,187.49
876552,0.02,-1.18,187.50
876641,0.02,-1.18,187.50
876818,0.02,-1.18,187.50
876995,0.02,-1.18,187.50
877173,0.02,-1.18,187.50
877350,0.02,-1.18,187.50
877528,0.03,-1.18,187.50
877705,0.03,-1.18,187.50
877883,0.02,-1.18,187.50
878060,0.03,-1.18,187.50
878238,0.02,-1.18,187.50
878415,0.02,-1.18,187.50
878593,0.02,-1.18,187.50
878770,0.03,-1.18,187.50
878948,0.02,-1.18,187.50
879125,0.02,-1.18,187.50
879302,0.02,-1.18,187.50
879480,0.02,-1.18,187.50
879657,0.02,-1.18,187.50
879835,0.02,-1.18,187.50
880012,0.02,-1.19,187.50
880101,0.02,-1.18,187.50
880190,0.02,-1.19,187.50
880278,0.02,-1.18,187.50
880367,0.02,-1.18,187.50
880456,0.01,-1.19,187.50
880545,0.02,-1.18,187.50
880633,0.02,-1.18,187.50
880722,0.02,-1.19,187.50
880811,0.02,-1.19,187.50
880899,0.02,-1.18,187.50
880988,0.02,-1.19,187.50
881077,0.02,-1.18,187.50
881166,0.01,-1.18,187.50
881254,0.01,-1.19,187.50
881343,0.02,-1.19,187.50
881432,0.02,-1.18,187.50
881520,0.01,-1.19,187.50
881609,0.02,-1.18,187.50
881698,0.02,-1.19,187.50
881787,0.02,-1.19,187.50
881875,0.02,-1.19,187.50
881964,0.02,-1.18,187.50
882053,0.01,-1.18,187.50
882142,0.02,-1.18,187.50
882230,0.02,-1.19,187.50
882319,0.02,-1.19,187.50
882408,0.02,-1.18,187.50
882496,0.02,-1.18,187.50
882674,0.02,-1.18,187.50
882851,0.02,-1.18,187.50
883029,0.02,-1.18,187.50
883206,0.02,-1.18,187.50
883384,0.01,-1.18,187.50
883561,0.02,-1.18,187.51
883739,0.02,-1.18,187.50
883916,0.02,-1.18,187.51
884094,0.01,-1.18,187.50
884271,0.02,-1.18,187.51
884449,0.02,-1.18,187.50
884626,0.02,-1.18,187.51
884803,0.02,-1.18,187.50
884981,0.02,-1.18,187.50
885158,0.02,-1.18,187.51
885336,0.01,-1.19,187.51
885513,0.01,-1.18,187.51
885691,0.02,-1.18,187.51
885868,0.02,-1.18,187.51
886046,0.02,-1.18,187.51
886223,0.02,-1.18,187.51
886401,0.02,-1.19,187.51
886578,0.02,-1.19,187.51
886756,0.02,-1.18,187.51
886933,0.02,-1.19,187.51
887110,0.01,-1.19,187.51
887199,0.01,-1.19,187.51
887288,0.02,-1.19,187.51
887377,0.02,-1.19,187.51
887465,0.02,-1.19,187.51
887554,0.03,-1.18,187.51
887643,0.02,-1.19,187.51
887731,0.01,-1.19,187.52
887820,0.01,-1.18,187.51
887909,0.01,-1.18,187.51
888086,0.01,-1.19,187.51
888264,0.02,-1.18,187.52
888441,0.01,-1.18,187.51
888619,0.01,-1.19,187.51
888796,0.02,-1.18,187.51
888974,0.02,-1.19,187.51
889151,0.02,-1.18,187.51
889240,0.02,-1.18,187.52
889329,0.02,-1.19,187.51
889417,0.02,-1.18,187.51
889506,0.02,-1.19,187.51
889595,0.01,-1.18,187.52
889684,0.02,-1.19,187.51
889772,0.02,-1.19,187.51
889861,0.02,-1.19,187.52
889950,0.02,-1.19,187.51
890038,0.02,-1.19,187.52
890127,0.02,-1.19,187.52
890216,0.02,-1.18,187.52
890305,0.02,-1.19,187.51
890393,0.02,-1.18,187.52
890482,0.02,-1.19,187.51
890571,0.02,-1.19,187.52
890660,0.02,-1.19,187.51
890748,0.02,-1.18,187.52
890837,0.01,-1.19,187.51
890926,0.01,-1.19,187.52
891014,0.02,-1.19,187.52
891103,0.02,-1.19,187.52
891192,0.02,-1.18,187.52
891281,0.02,-1.19,187.51
891369,0.02,-1.18,187.52
891458,0.02,-1.19,187.51
891547,0.02,-1.19,187.52
891636,0.02,-1.19,187.51
891724,0.02,-1.18,187.52
891813,0.02,-1.19,187.52
891902,0.02,-1.18,187.52
891990,0.03,-1.18,187.52
892079,0.02,-1.18,187.52
892168,0.02,-1.18,187.51
892257,0.02,-1.18,187.52
892345,0.02,-1.19,187.52
892434,0.02,-1.19,187.52
892523,0.02,-1.18,187.52
892612,0.02,-1.18,187.53
892700,0.02,-1.19,187.52
892789,0.02,-1.19,187.52
892878,0.02,-1.19,187.52
892966,0.02,-1.19,187.52
893055,0.02,-1.19,187.52
893144,0.02,-1.19,187.52
893233,0.01,-1.19,187.52
893321,0.02,-1.19,187.52
893410,0.02,-1.19,187.52
893499,0.02,-1.19,187.52
893588,0.03,-1.18,187.52
893676,0.03,-1.18,187.52
893765,0.02,-1.18,187.52
893854,0.02,-1.19,187.52
893942,0.02,-1.19,187.52
894031,0.02,-1.19,187.52
894120,0.02,-1.19,187.52
894209,0.02,-1.19,187.52
894297,0.01,-1.19,187.52
894475,0.01,-1.19,187.52
894652,0.02,-1.19,187.52
894830,0.02,-1.19,187.52
895007,0.02,-1.18,187.52
895185,0.02,-1.19,187.52
895362,0.02,-1.19,187.52
895540,0.02,-1.19,187.53
895717,0.02,-1.19,187.52
895895,0.02,-1.19,187.52
896072,0.02,-1.19,187.53
896249,0.02,-1.19,187.52
896427,0.01,-1.19,187.52
896604,0.02,-1.19,187.53
896782,0.02,-1.19,187.53
896959,0.02,-1.19,187.53
897137,0.02,-1.19,187.53
897314,0.02,-1.19,187.53
897492,0.02,-1.19,187.53
897669,0.02,-1.19,187.53
897847,0.02,-1.19,187.53
898024,0.02,-1.19,187.53
898201,0.02,-1.19,187.52
898379,0.02,-1.19,187.52
898468,0.02,-1.19,187.53
898556,0.02,-1.19,187.53
898645,0.02,-1.19,187.52
898734,0.02,-1.19,187.53
898823,0.03,-1.19,187.53
898911,0.01,-1.20,187.52
899000,0.02,-1.19,187.53
899089,0.02,-1.19,187.53
899178,0.01,-1.19,187.53
899266,0.02,-1.19,187.53
899355,0.02,-1.19,187.52
899444,0.01,-1.19,187.53
899532,0.01,-1.19,187.53
899621,0.01,-1.19,187.52
899710,0.02,-1.19,187.53
899799,0.02,-1.19,187.53
899887,0.02,-1.19,187.52
899976,0.03,-1.19,187.52
900065,0.02,-1.19,187.52
900242,0.02,-1.19,187.53
900420,0.02,-1.19,187.53
900597,0.02,-1.19,187.53
900775,0.02,-1.19,187.52
900952,0.02,-1.18,187.52
901130,0.02,-1.18,187.53
901307,0.02,-1.19,187.52
901484,0.02,-1.19,187.53
901662,0.02,-1.19,187.52
901839,0.02,-1.19,187.52
902017,0.02,-1.19,187.52
902194,0.02,-1.19,187.52
902372,0.01,-1.18,187.53
902549,0.02,-1.18,187.53
902726,0.03,-1.19,187.53
902904,0.02,-1.18,187.52
903081,0.01,-1.18,187.53
903259,0.02,-1.18,187.53
903436,0.01,-1.18,187.53
903525,0.01,-1.18,187.53
903614,0.02,-1.18,187.52
903702,0.02,-1.18,187.52
903791,0.02,-1.19,187.53
903880,0.02,-1.18,187.52
903969,0.01,-1.18,187.53
904057,0.02,-1.17,187.52
904146,0.01,-1.18,187.52
904235,0.02,-1.18,187.53
904324,0.02,-1.17,187.52
904412,0.02,-1.17,187.52
904501,0.02,-1.18,187.52
904590,0.02,-1.18,187.52
904678,0.02,-1.18,187.53
904767,0.02,-1.18,187.53
904856,0.02,-1.18,187.53
904945,0.02,-1.18,187.53
905033,0.02,-1.18,187.53
905122,0.01,-1.19,187.53
905211,0.01,-1.19,187.53
905300,0.01,-1.19,187.53
905388,0.02,-1.18,187.52
905477,0.01,-1.18,187.53
905566,0.01,-1.19,187.53
905654,0.02,-1.18,187.52
905743,0.02,-1.18,187.53
905832,0.02,-1.17,187.53
905921,0.01,-1.17,187.52
906009,0.01,-1.18,187.52
906187,0.02,-1.17,187.52
906364,0.02,-1.17,187.52
906542,0.02,-1.17,187.52
906719,0.01,-1.17,187.52
906897,0.02,-1.17,187.52
907074,0.02,-1.17,187.52
907252,0.01,-1.17,187.52
907429,0.02,-1.17,187.52
907518,0.02,-1.17,187.53
907606,0.01,-1.16,187.52
907695,0.02,-1.16,187.52
907784,0.02,-1.16,187.52
907873,0.02,-1.17,187.52
907961,0.02,-1.16,187.52
908050,0.02,-1.17,187.52
908139,0.02,-1.16,187.52
908228,0.02,-1.17,187.52
908316,0.02,-1.16,187.52
908405,0.02,-1.16,187.52
908494,0.01,-1.17,187.52
908582,0.01,-1.17,187.52
908671,0.01,-1.16,187.52
908760,0.02,-1.16,187.52
908849,0.02,-1.17,187.52
908937,0.02,-1.16,187.52
909026,0.02,-1.17,187.52
909115,0.02,-1.16,187.52
909203,0.02,-1.16,187.52
909292,0.02,-1.17,187.52
909381,0.01,-1.16,187.52
909470,0.01,-1.16,187.52
909558,0.02,-1.17,187.52
909647,0.01,-1.16,187.52
909736,0.01,-1.17,187.52
909825,0.02,-1.16,187.52
909913,0.02,-1.17,187.52
910002,0.02,-1.16,187.52
910091,0.01,-1.17,187.52
910179,0.02,-1.16,187.52
910268,0.02,-1.17,187.52
910357,0.01,-1.16,187.52
910446,0.02,-1.17,187.52
910534,0.02,-1.16,187.52
910623,0.02,-1.17,187.52
910712,0.02,-1.17,187.52
910801,0.02,-1.17,187.53
910889,0.02,-1.17,187.52
910978,0.02,-1.17,187.53
911067,0.02,-1.17,187.53
911155,0.02,-1.17,187.53
911244,0.01,-1.17,187.53
911333,0.02,-1.17,187.53
911422,0.02,-1.17,187.53
911510,0.02,-1.17,187.53
911599,0.02,-1.17,187.52
911688,0.02,-1.17,187.53
911777,0.02,-1.17,187.53
911865,0.02,-1.17,187.53
912043,0.02,-1.17,187.53
912220,0.02,-1.17,187.53
912398,0.02,-1.18,187.53
912575,0.01,-1.17,187.53
912753,0.01,-1.17,187.53
912930,0.02,-1.18,187.53
913107,0.03,-1.17,187.54
913285,0.02,-1.17,187.53
913462,0.01,-1.17,187.53
913640,0.02,-1.17,187.54
913817,0.01,-1.17,187.54
913995,0.02,-1.17,187.53
914172,0.02,-1.18,187.54
914350,0.02,-1.17,187.54
914527,0.02,-1.18,187.54
914705,0.02,-1.18,187.54
914882,0.02,-1.17,187.54
915059,0.02,-1.17,187.54
915237,0.02,-1.17,187.54
915414,0.02,-1.18,187.54
915592,0.01,-1.17,187.54
915769,0.02,-1.18,187.54
915947,0.02,-1.18,187.54
916124,0.02,-1.18,187.54
916302,0.02,-1.17,187.54
916479,0.02,-1.18,187.54
916657,0.02,-1.18,187.54
916745,0.01,-1.18,187.54
916834,0.01,-1.18,187.54
916923,0.01,-1.18,187.54
917011,0.01,-1.18,187.54
917100,0.02,-1.18,187.54
917189,0.01,-1.18,187.54
917278,0.02,-1.18,187.54
917366,0.02,-1.18,187.54
917455,0.01,-1.18,187.54
917544,0.01,-1.18,187.54
917633,0.01,-1.18,187.54
917721,0.01,-1.18,187.54
917899,0.02,-1.18,187.54
918076,0.01,-1.18,187.54
918254,0.02,-1.18,187.54
918431,0.02,-1.18,187.54
918609,0.02,-1.18,187.54
918786,0.02,-1.18,187.54
918963,0.01,-1.18,187.55
919141,0.01,-1.18,187.55
919318,0.02,-1.18,187.54
919496,0.02,-1.18,187.55
919673,0.02,-1.18,187.54
919762,0.02,-1.17,187.55
919851,0.02,-1.18,187.55
919939,0.02,-1.18,187.54
920028,0.02,-1.18,187.55
920117,0.02,-1.18,187.54
920206,0.02,-1.18,187.54
920294,0.02,-1.18,187.54
920383,0.02,-1.18,187.55
920472,0.02,-1.17,187.55
920560,0.01,-1.18,187.55
920649,0.02,-1.18,187.54
920738,0.02,-1.17,187.55
920827,0.02,-1.18,187.54
920915,0.02,-1.18,187.55
921004,0.02,-1.18,187.55
921093,0.02,-1.18,187.55
921182,0.02,-1.18,187.55
921270,0.02,-1.18,187.54
921359,0.02,-1.18,187.55
921448,0.02,-1.18,187.55
921536,0.02,-1.18,187.54
921625,0.02,-1.18,187.54
921714,0.02,-1.17,187.55
921803,0.03,-1.17,187.55
921891,0.03,-1.17,187.54
921980,0.01,-1.17,187.54
922069,0.02,-1.17,187.55
922158,0.02,-1.17,187.55
922246,0.02,-1.17,187.54
922335,0.02,-1.17,187.55
922424,0.02,-1.17,187.54
922512,0.01,-1.17,187.55
922601,0.02,-1.17,187.54
922690,0.02,-1.17,187.55
922779,0.02,-1.17,187.54
922867,0.01,-1.17,187.54
922956,0.02,-1.17,187.54
923045,0.03,-1.16,187.54
923134,0.02,-1.17,187.54
923222,0.02,-1.17,187.54
923311,0.02,-1.17,187.54
923400,0.02,-1.17,187.54
923488,0.02,-1.17,187.54
923577,0.02,-1.17,187.54
923755,0.01,-1.17,187.54
923932,0.02,-1.17,187.54
924110,0.02,-1.17,187.55
924287,0.03,-1.17,187.54
924464,0.02,-1.16,187.54
924642,0.01,-1.16,187.54
924819,0.02,-1.17,187.54
924997,0.02,-1.17,187.54
925174,0.02,-1.16,187.54
925352,0.02,-1.16,187.54
925529,0.01,-1.16,187.54
925707,0.01,-1.16,187.54
925884,0.01,-1.17,187.54
925973,0.02,-1.16,187.54
926062,0.02,-1.16,187.54
926150,0.02,-1.17,187.54
926239,0.02,-1.17,187.54
926328,0.02,-1.17,187.54
926416,0.02,-1.16,187.54
926505,0.02,-1.17,187.54
926594,0.02,-1.17,187.54
926683,0.02,-1.16,187.55
926771,0.03,-1.16,187.54
926860,0.01,-1.17,187.54
926949,0.01,-1.17,187.54
927038,0.02,-1.16,187.55
927126,0.01,-1.17,187.54
927215,0.01,-1.17,187.54
927304,0.01,-1.17,187.55
927392,0.02,-1.16,187.54
927481,0.02,-1.17,187.54
927570,0.02,-1.16,187.55
927659,0.02,-1.17,187.54
927747,0.02,-1.16,187.54
927836,0.02,-1.16,187.54
927925,0.02,-1.17,187.55
928014,0.02,-1.17,187.54
928102,0.02,-1.17,187.54
928191,0.02,-1.17,187.55
928280,0.02,-1.17,187.54
928368,0.01,-1.17,187.55
928457,0.02,-1.17,187.55
928546,0.02,-1.17,187.54
928635,0.01,-1.17,187.54
928723,0.01,-1.17,187.55
928812,0.01,-1.17,187.55
928901,0.02,-1.17,187.54
928990,0.02,-1.17,187.54
929078,0.02,-1.17,187.55
929167,0.02,-1.17,187.55
929256,0.02,-1.16,187.55
929344,0.02,-1.17,187.54
929433,0.03,-1.16,187.54
929611,0.03,-1.17,187.54
929788,0.02,-1.17,187.55
929966,0.02,-1.17,187.55
930143,0.01,-1.17,187.54
930321,0.01,-1.16,187.54
930498,0.02,-1.17,187.55
930675,0.02,-1.16,187.55
930853,0.01,-1.17,187.55
931030,0.02,-1.17,187.55
931208,0.02,-1.16,187.54
931385,0.02,-1.16,187.55
931563,0.01,-1.17,187.55
931740,0.03,-1.17,187.55
931918,0.02,-1.17,187.54
932095,0.02,-1.16,187.55
932272,0.03,-1.16,187.55
932450,0.02,-1.16,187.55
932627,0.02,-1.16,187.54
932805,0.00,-1.16,187.55
932982,0.01,-1.16,187.55
933160,0.01,-1.17,187.54
933337,0.02,-1.16,187.55
933515,0.01,-1.16,187.55
933692,0.02,-1.17,187.54
933870,0.02,-1.16,187.55
934047,0.02,-1.16,187.55
934225,0.02,-1.16,187.54
934402,0.02,-1.16,187.54
934579,0.01,-1.16,187.55
934757,0.02,-1.16,187.54
934934,0.02,-1.16,187.54
935023,0.01,-1.16,187.54
935112,0.02,-1.16,187.55
935201,0.01,-1.16,187.54
935289,0.01,-616.84,187.54
935467,0.02,-1.16,187.54
935644,0.02,-1.16,187.54
935822,0.02,-1.15,187.54
935999,0.02,-1.16,187.54
936088,0.02,-1.15,187.54
936176,0.02,-1.15,187.54
936265,0.02,-1.15,187.54
936354,0.02,-1.15,187.54
936443,0.02,-1.15,187.54
936531,0.02,-1.15,187.54
936620,0.02,-1.15,187.54
936709,0.02,-1.15,187.54
936798,0.02,-1.15,187.54
936886,0.02,-1.15,187.54
936975,0.02,-1.15,187.54
937064,0.01,-1.15,187.54
937152,0.02,-1.15,187.54
937241,0.02,-1.15,187.54
937330,0.01,-1.15,187.54
937419,0.01,-1.14,187.54
937507,0.02,-1.15,187.54
937596,0.01,-1.15,187.54
937685,0.01,-1.15,187.54
937774,0.01,-1.15,187.53
937862,0.02,-1.15,187.53
937951,0.02,-1.14,187.54
938040,0.02,-1.14,187.53
938129,0.01,-1.15,187.54
938217,0.02,-1.15,187.54
938306,0.02,-1.15,187.53
938395,0.02,-1.15,187.53
938483,0.02,-1.14,187.53
938572,0.02,-1.15,187.53
938661,0.02,-1.15,187.53
938750,0.02,-1.15,187.53
938838,0.02,-1.15,187.54
938927,0.02,-1.15,187.54
939016,0.01,-1.14,187.53
939105,0.01,-1.15,187.53
939193,0.02,-1.15,187.53
939282,0.02,-1.15,187.53
939371,0.01,-1.15,187.54
939459,0.02,-1.14,187.54
939548,0.02,-1.15,187.53
939637,0.03,-1.15,187.53
939726,0.03,-1.15,187.53
939814,0.02,-1.15,187.54
939903,0.02,-1.15,187.53
939992,0.01,-1.15,187.53
940081,0.01,-1.15,187.54
940169,0.02,-1.15,187.53
940258,0.03,-1.15,187.54
940347,0.02,-1.15,187.54
940435,0.01,-1.15,187.54
940524,0.01,-1.15,187.53
940613,0.02,-1.15,187.54
940702,0.02,-1.15,187.53
940790,0.02,-1.15,187.54
940879,0.02,-1.15,187.54
940968,0.01,-1.15,187.54
941057,0.01,-1.15,187.54
941145,0.02,-1.15,187.54
941323,0.02,-1.15,187.54
941500,0.02,-1.16,187.54
941678,0.02,-1.16,187.53
941855,0.02,-1.15,187.54
942033,0.03,-1.16,187.53
942210,0.02,-1.15,187.54
942387,0.02,-1.16,187.54
942565,0.02,-1.15,187.54
942742,0.02,-1.16,187.54
942920,0.02,-1.16,187.54
943097,0.01,-1.16,187.54
943275,0.01,-1.16,187.54
943452,0.02,-1.16,187.54
943630,0.02,-1.16,187.55
943807,0.01,-1.17,187.55
943985,0.02,-1.17,187.55
944073,0.02,-1.17,187.55
944162,0.02,-1.17,187.55
944251,0.02,-1.17,187.55
944340,0.02,-1.17,187.55
944428,0.02,-1.17,187.55
944517,0.02,-1.17,187.55
944606,0.01,-1.17,187.55
944694,0.01,-1.17,187.55
944783,0.01,-1.17,187.55
944872,0.01,-1.17,187.55
944961,0.01,-1.17,187.55
945049,0.01,-1.16,187.55
945138,0.01,-1.16,187.55
945227,0.01,-1.17,187.55
945316,0.01,-1.17,187.55
945404,0.02,-1.17,187.55
945493,0.01,-1.17,187.55
945582,0.01,-1.17,187.55
945671,0.02,-1.16,187.55
945759,0.01,-1.17,187.55
945848,0.01,-1.16,187.55
945937,0.01,-1.17,187.56
946025,0.02,-1.16,187.55
946114,0.01,-1.17,187.55
946203,0.01,-1.16,187.55
946292,0.02,-1.16,187.56
946380,0.02,-1.17,187.55
946469,0.02,-1.17,187.55
946558,0.02,-1.16,187.55
946647,0.01,-1.17,187.56
946735,0.01,-1.17,187.55
946824,0.02,-1.17,187.55
946913,0.02,-1.16,187.55
947002,0.02,-1.17,187.55
947179,0.02,-1.17,187.55
947356,0.01,-1.17,187.55
947534,0.03,-1.17,187.55
947711,0.02,-1.17,187.56
947889,0.01,-1.17,187.55
948066,0.02,-1.16,187.55
948244,0.01,-1.16,187.55
948421,0.02,-1.16,187.55
948599,0.02,-1.16,187.55
948776,0.01,-1.17,187.56
948954,0.02,-1.16,187.55
949131,0.02,-1.17,187.55
949308,0.02,-1.17,187.55
949486,0.02,-1.16,187.55
949663,0.02,-1.16,187.55
949841,0.02,-1.16,187.55
950018,0.02,-1.17,187.55
950196,0.01,-1.16,187.55
950373,0.02,-1.17,187.56
950551,0.02,-1.16,187.55
950728,0.03,-1.16,187.56
950906,0.02,-1.17,187.55
951083,0.01,-1.16,187.56
951261,0.02,-1.16,187.56
951438,0.02,-1.16,187.56
951615,0.02,-1.16,187.55
951793,0.02,-1.16,187.55
951970,0.01,-1.16,187.56
952148,0.01,-1.16,187.55
952325,0.01,-1.16,187.55
952503,0.02,-1.16,187.55
952680,0.01,-1.16,187.55
952858,0.02,-1.16,187.55
953035,0.02,-1.16,187.55
953213,0.01,-1.15,187.55
953301,0.02,-1.16,187.55
953390,0.02,-1.16,187.55
953479,0.02,-1.16,187.55
953568,0.02,-1.16,187.55
953656,0.01,-1.16,187.55
953745,0.01,-1.15,187.55
953834,0.02,-1.15,187.55
953923,0.02,-1.15,187.55
954011,0.01,-1.16,187.55
954100,0.01,-1.16,187.55
954189,0.01,-1.15,187.55
954277,0.01,-1.15,187.55
954366,0.01,-1.15,187.55
954455,0.02,-1.15,187.55
954544,0.01,-1.16,187.55
954632,0.02,-1.16,187.55
954721,0.02,-1.15,187.55
954810,0.02,-1.16,187.55
954898,0.01,-1.15,187.55
954987,0.02,-1.15,187.55
955076,0.01,-1.15,187.55
955165,0.02,-1.15,187.55
955253,0.01,-1.15,187.55
955342,0.01,-1.16,187.55
955431,0.01,-1.15,187.55
955520,0.02,-1.15,187.55
955608,0.02,-1.15,187.55
955697,0.02,-1.15,187.55
955786,0.02,-1.15,187.55
955875,0.02,-1.15,187.55
955963,0.01,-1.15,187.55
956052,0.01,-1.15,187.55
956141,0.01,-1.15,187.55
956229,0.01,-1.15,187.55
956318,0.01,-1.15,187.55
956407,0.02,-1.15,187.55
956496,0.01,-1.15,187.55
956584,0.01,-1.15,187.55
956673,0.02,-1.16,187.55
956762,0.02,-1.15,187.55
956851,0.02,-1.15,187.55
956939,0.02,-1.15,187.55
957028,0.02,-1.15,187.55
957117,0.01,-1.15,187.55
957205,0.01,-1.16,187.55
957294,0.01,-1.16,187.55
957383,0.02,-1.15,187.55
957472,0.02,-1.15,187.55
957560,0.02,-1.15,187.55
957649,0.02,-1.15,187.55
957738,0.02,-1.15,187.55
957827,0.02,-1.15,187.55
957915,0.02,-1.15,187.55
958004,0.03,-1.15,187.55
958093,0.02,-1.15,187.55
958182,0.02,-1.15,187.55
958270,0.02,-1.15,187.55
958359,0.01,-1.15,187.55
958448,0.02,-1.15,187.55
958536,0.02,-1.16,187.56
958625,0.02,-1.15,187.55
958714,0.02,-1.15,187.55
958891,0.02,-1.15,187.55
959069,0.01,-1.15,187.55
959246,0.01,-1.15,187.55
959424,0.01,-1.15,187.55
959601,0.02,-1.15,187.55
959779,0.02,-1.15,187.56
959956,0.02,-1.15,187.55
960134,0.02,-1.15,187.55
960311,0.02,-1.15,187.56
960489,0.03,-1.16,187.56
960666,0.02,-1.15,187.56
960843,0.02,-1.15,187.55
961021,0.02,-1.16,187.56
961198,0.02,-1.16,187.56
961376,0.02,-1.15,187.55
961553,0.02,-1.15,187.56
961731,0.03,-1.15,187.55
961908,0.02,-1.15,187.55
962086,0.02,-1.16,187.55
962263,0.02,-1.15,187.55
962352,0.02,-1.15,187.56
962441,0.03,-1.15,187.56
962529,0.02,-1.15,187.56
962618,0.02,-1.15,187.55
962707,0.01,-1.16,187.55
962796,0.02,-1.15,187.55
962884,0.02,-1.15,187.55
962973,0.02,-1.15,187.56
963062,0.02,-1.15,187.56
963150,0.02,-1.16,187.56
963239,0.02,-1.15,187.56
963328,0.02,-1.16,187.56
963417,0.02,-1.16,187.55
963505,0.02,-1.16,187.56
963594,0.02,-1.15,187.56
963683,0.01,-1.16,187.56
963772,0.01,-1.16,187.56
963860,0.01,-1.16,187.56
963949,0.01,-1.16,187.56
964038,0.01,-1.16,187.56
964127,0.02,-1.15,187.56
964215,0.02,-1.16,187.56
964304,0.01,-1.16,187.56
964393,0.01,-1.16,187.56
964481,0.01,-1.16,187.56
964659,0.01,-1.16,187.56
964836,0.02,-1.16,187.56
965014,0.02,-1.15,187.56
965191,0.01,-1.16,187.56
965369,0.02,-1.16,187.56
965546,0.02,-1.16,187.56
965724,0.02,-1.15,187.56
965901,0.01,-1.15,187.56
966079,0.02,-1.16,187.56
966256,0.02,-1.15,187.56
966434,0.02,-1.15,187.56
966611,0.01,-1.15,187.55
966788,0.02,-1.15,187.56
966966,0.02,-1.15,187.55
967143,0.02,-1.15,187.56
967321,0.01,-1.15,187.56
967498,0.02,-1.15,187.56
967676,0.02,-1.16,187.56
967853,0.02,-1.16,187.56
968031,0.02,-1.16,187.56
968208,0.01,-1.15,187.56
968386,0.02,-1.16,187.57
968563,0.02,-1.16,187.56
968741,0.01,-1.16,187.56
968918,0.01,-1.16,187.57
969007,0.02,-1.16,187.57
969095,0.02,-1.16,187.57
969184,0.02,-1.16,187.57
969273,0.02,-1.16,187.57
969362,0.02,-1.16,187.57
969450,0.02,-1.16,187.57
969539,0.02,-1.16,187.57
969628,0.02,-1.16,187.57
969717,0.01,-1.16,187.57
969805,0.02,-1.16,187.57
969894,0.01,-1.16,187.57
969983,0.01,-1.16,187.57
970160,0.00,-1.17,187.57
970338,0.02,-1.16,187.57
970515,0.02,-1.16,187.57
970693,0.01,-1.16,187.57
970870,0.01,-1.16,187.57
971048,0.02,-1.17,187.57
971225,0.02,-1.16,187.57
971402,0.01,-1.17,187.57
971491,0.02,-1.16,187.57
971580,0.02,-1.16,187.57
971669,0.02,-1.16,187.57
971757,0.01,-1.16,187.58
971846,0.02,-1.16,187.57
971935,0.02,-1.17,187.57
972024,0.02,-1.17,187.57
972112,0.02,-1.16,187.57
972201,0.02,-1.17,187.57
972290,0.02,-1.17,187.58
972379,0.02,-1.17,187.58
972467,0.02,-1.17,187.57
972556,0.02,-1.17,187.57
972645,0.02,-1.17,187.57
972733,0.02,-1.17,187.58
972822,0.02,-1.16,187.57
972911,0.01,-1.17,187.57
973000,0.02,-1.17,187.57
973088,0.02,-1.17,187.57
973177,0.01,-1.16,187.57
973266,0.01,-1.16,187.57
973355,0.02,-1.16,187.57
973443,0.02,-1.17,187.57
973532,0.02,-1.17,187.57
973621,0.01,-1.17,187.57
973710,0.01,-1.17,187.57
973798,0.01,-1.16,187.58
973887,0.02,-1.17,187.57
973976,0.01,-1.17,187.58
974064,0.02,-1.17,187.57
974153,0.01,-1.17,187.58
974242,0.01,-1.17,187.57
974331,0.02,-1.17,187.57
974419,0.02,-1.16,187.58
974508,0.02,-1.17,187.58
974597,0.01,-1.17,187.57
974686,0.02,-1.16,187.58
974774,0.02,-1.16,187.57
974863,0.02,-1.17,187.58
974952,0.02,-1.17,187.57
975040,0.02,-1.17,187.58
975129,0.02,-1.17,187.57
975218,0.02,-1.17,187.58
975307,0.02,-1.16,187.58
975395,0.02,-1.17,187.58
975484,0.02,-1.17,187.57
975573,0.02,-1.17,187.58
975662,0.02,-1.17,187.58
975750,0.02,-1.17,187.57
975839,0.02,-1.17,187.58
975928,0.02,-1.17,187.58
976017,0.02,-1.17,187.57
976105,0.02,-1.17,187.58
976194,0.02,-1.17,187.58
976283,0.02,-1.17,187.57
976460,0.02,-1.17,187.58
976638,0.02,-1.17,187.58
976815,0.01,-1.17,187.58
976993,0.02,-1.17,187.58
977170,0.02,-1.17,187.58
977348,0.01,-1.17,187.58
977525,0.02,-1.17,187.58
977702,0.02,-1.17,187.58
977880,0.01,-1.17,187.58
978057,0.02,-1.17,187.58
978235,0.02,-1.17,187.58
978412,0.02,-1.17,187.57
978590,0.02,-1.17,187.57
978767,0.02,-1.17,187.58
978945,0.02,-1.17,187.57
979122,0.01,-1.17,187.58
979300,0.02,-1.17,187.57
979477,0.01,-1.17,187.57
979654,0.02,-1.17,187.57
979832,0.01,-1.17,187.58
980009,0.01,-1.17,187.57
980187,0.02,-1.17,187.57
980364,0.02,-1.17,187.58
980453,0.02,-1.17,187.58
980542,0.01,-1.16,187.58
980631,0.01,-1.17,187.57
980719,0.02,-1.17,187.58
980808,0.02,-1.17,187.58
980897,0.02,-1.17,187.58
980985,0.03,-1.17,187.58
981074,0.02,-1.17,187.58
981163,0.01,-1.17,187.58
981252,0.01,-1.17,187.58
981340,0.01,-1.17,187.58
981429,0.02,-1.16,187.58
981518,0.02,-1.16,187.57
981607,0.01,-1.16,187.57
981695,0.02,-1.16,187.58
981784,0.02,-1.17,187.57
981873,0.02,-1.17,187.58
981962,0.02,-1.17,187.58
982050,0.01,-1.17,187.58
982139,0.01,-1.17,187.58
982316,0.01,-1.17,187.58
982494,0.02,-1.17,187.58
982671,0.02,-1.17,187.58
982849,0.02,-1.17,187.58
983026,0.02,-1.17,187.57
983204,0.01,-1.16,187.58
983381,0.01,-1.17,187.58
983559,0.01,-1.17,187.57
983736,0.01,-1.17,187.58
983914,0.02,-1.17,187.58
984091,0.02,-1.17,187.58
984269,0.01,-1.17,187.58
984446,0.01,-1.17,187.58
984623,0.01,-1.17,187.58
984801,0.02,-1.17,187.58
984978,0.02,-1.17,187.58
985156,0.01,-1.17,187.58
985333,0.02,-1.17,187.58
985422,0.01,-1.17,187.59
985511,0.02,-1.17,187.58
985600,0.02,-1.17,187.58
985688,0.02,-1.17,187.58
985777,0.02,-1.17,187.59
985866,0.02,-1.17,187.58
985954,0.01,-1.17,187.58
986043,0.01,-1.18,187.59
986132,0.02,-1.18,187.59
986221,0.02,-1.17,187.59
986309,0.02,-1.17,187.58
986398,0.02,-1.17,187.58
986487,0.02,-1.17,187.59
986576,0.02,-1.17,187.59
986664,0.02,-1.18,187.59
986753,0.02,-1.18,187.58
986842,0.02,-1.17,187.59
986931,0.02,-1.17,187.58
987019,0.02,-1.17,187.59
987108,0.02,-1.17,187.58
987197,0.01,-1.17,187.59
987285,0.02,-1.17,187.58
987374,0.01,-1.18,187.59
987463,0.02,-1.18,187.59
987552,0.03,-1.18,187.59
987640,0.02,-1.18,187.59
987729,0.02,-1.17,187.59
987818,0.01,-1.18,187.59
987907,0.02,-1.18,187.59
987995,0.02,-1.18,187.59
988173,0.02,-1.18,187.59
988350,0.02,-1.18,187.59
988528,0.01,-1.19,187.59
988705,0.02,-1.18,187.59
988883,0.02,-1.18,187.59
989060,0.02,-1.18,187.59
989238,0.02,-1.18,187.59
989415,0.01,-1.18,187.59
989504,0.02,-1.18,187.59
989592,0.02,-1.18,187.59
989681,0.02,-1.18,187.60
989770,0.02,-1.18,187.60
989859,0.02,-1.18,187.60
989947,0.02,-1.18,187.60
990036,0.02,-1.18,187.59
990125,0.02,-1.18,187.60
990214,0.02,-1.19,187.60
990302,0.02,-1.18,187.60
990391,0.01,-1.18,187.60
990480,0.01,-1.18,187.60
990569,0.01,-1.18,187.60
990657,0.01,-1.18,187.60
990746,0.02,-1.18,187.60
990835,0.01,-1.18,187.60
990923,0.01,-1.18,187.60
991012,0.02,-1.18,187.59
991101,0.02,-1.18,187.59
991190,0.02,-1.18,187.60
991278,0.01,-1.18,187.60
991367,0.02,-1.18,187.60
991456,0.02,-1.18,187.60
991545,0.02,-1.18,187.60
991633,0.02,-1.18,187.60
991722,0.02,-1.19,187.60
991811,0.02,-1.18,187.60
991900,0.02,-1.18,187.60
991988,0.02,-1.18,187.60
992077,0.02,-1.18,187.60
992166,0.02,-1.18,187.60
992254,0.02,-1.18,187.60
992343,0.02,-1.18,187.60
992432,0.02,-1.19,187.60
992521,0.02,-1.18,187.60
992609,0.01,-1.18,187.60
992698,0.02,-1.18,187.60
992787,0.01,-1.18,187.60
992876,0.01,-1.18,187.60
992964,0.02,-1.18,187.60
993053,0.02,-1.18,187.60
993142,0.02,-1.19,187.60
993231,0.02,-1.19,187.60
993319,0.02,-1.19,187.60
993408,0.02,-1.19,187.60
993497,0.02,-1.19,187.60
993585,0.01,-1.18,187.60
993674,0.01,-1.18,187.60
993763,0.02,-1.18,187.60
994029,0.01,-1.18,187.60
994207,0.02,-1.18,187.60
994384,0.02,-1.18,187.60
994562,0.02,-1.18,187.60
994739,0.02,-1.19,187.60
994916,0.01,-1.18,187.60
995094,0.02,-1.18,187.60
995271,0.02,-1.18,187.60
995449,0.01,-1.18,187.60
995626,0.01,-1.18,187.60
995804,0.02,-1.18,187.60
995981,0.02,-1.18,187.60
996159,0.02,-1.18,187.60
996336,0.02,-1.18,187.60
996514,0.02,-1.18,187.60
996691,0.02,-1.18,187.60
996869,0.02,-1.18,187.60
997046,0.01,-1.18,187.60
997224,0.02,-1.18,187.60
997401,0.02,-1.18,187.60
997578,0.01,-1.18,187.61
997756,0.01,-1.18,187.60
997933,0.02,-1.18,187.60
998111,0.02,-1.17,187.60
998288,0.02,-1.18,187.60
998466,0.02,-1.18,187.60
998554,0.02,-1.18,187.60
998643,0.02,-1.18,187.60
998732,0.02,-1.18,187.60
998821,0.01,-1.18,187.60
998909,0.02,-1.18,187.60
998998,0.02,-1.18,187.60
999087,0.02,-1.18,187.60
999176,0.02,-1.18,187.60
999264,0.02,-1.18,187.60
999353,0.02,-1.18,187.60
999442,0.02,-1.18,187.60
999531,0.01,-1.18,187.60
999619,0.01,-1.18,187.60
999797,0.01,-1.18,187.60
999974,0.02,-1.18,187.60
1000152,0.02,-1.18,187.60
1000329,0.02,-1.18,187.60
1000507,0.02,-1.18,187.60
1000684,0.02,-1.18,187.60
1000861,0.03,-1.18,187.60
1001039,0.03,-1.18,187.60
1001216,0.02,-1.17,187.60
1001394,0.02,-1.18,187.60
1001571,0.02,-1.18,187.60
1002139,0.03,-1.18,45.80
1002707,0.02,-1.18,187.60
1002796,0.02,-1.18,187.61
1002885,0.02,-1.18,187.60
1002973,0.01,-1.18,187.61
1003062,0.02,-1.18,187.60
1003151,0.01,-1.18,187.61
1003239,0.02,-1.18,187.61
1003328,0.02,-1.18,187.61
1003417,0.02,-1.18,187.61
1003506,0.02,-1.18,187.61
1003594,0.02,-1.18,187.60
1003683,0.02,-1.18,187.60
1003772,0.02,-1.18,187.60
1003861,0.02,-1.18,187.60
1003949,0.02,-1.18,187.61
1004038,0.03,-1.18,187.61
1004127,0.02,-1.18,187.61
1004215,0.02,-1.18,187.61
1004304,0.03,-1.18,187.61
1004393,0.02,-1.19,187.60
1004482,0.02,-1.18,187.61
1004570,0.02,-1.18,187.61
1004659,0.01,-1.18,187.60
1004748,0.02,-1.18,187.60
1004837,0.02,-1.18,187.60
1004925,0.02,-1.18,187.60
1005014,0.02,-1.17,187.61
1005103,0.03,-1.17,187.60
1005192,0.02,-1.17,187.60
1005280,0.01,-1.17,187.60
1005369,0.02,-1.17,187.61
1005458,0.02,-1.17,187.60
1005635,0.01,-1.18,187.61
1005813,0.03,-1.18,187.60
1005990,0.01,-1.17,187.60
1006168,0.02,-1.17,187.60
1006345,0.02,-1.17,187.61
1006523,0.02,-1.17,187.60
1006700,0.02,-1.17,187.60
1006877,0.01,-1.17,187.60
1007055,0.01,-1.17,187.60
1007232,0.01,-1.18,187.61
1007410,0.02,-1.18,187.61
1007587,0.02,-1.18,187.60
1007765,0.01,-1.17,187.60
1007942,0.02,-1.18,187.60
1008120,0.02,-1.17,187.60
1008297,0.02,-1.17,187.60
1008475,0.02,-1.17,187.60
1008652,0.01,-1.17,187.61
1008830,0.02,-1.18,187.60
1009007,0.01,-1.17,187.61
1009184,0.01,-1.17,187.61
1009362,0.02,-1.18,187.61
1009451,0.02,-1.17,187.61
1009539,0.02,-1.18,187.61
1009628,0.02,-1.17,187.61
1009717,0.02,-1.18,187.61
1009806,0.01,-1.18,187.60
1009894,0.02,-1.18,187.61
1009983,0.02,-1.18,187.61
1010072,0.02,-1.18,187.61
1010161,0.02,-1.18,187.61
1010249,0.01,-1.18,187.61
1010338,0.02,-1.18,187.61
1010427,0.02,-1.18,187.61
1010515,0.02,-1.18,187.61
1010604,0.02,-1.19,187.61
1010693,0.01,-1.18,187.61
1010782,0.01,-1.18,187.61
1010870,0.02,-1.18,187.61
1010959,0.02,-1.18,187.61
1011048,0.02,-1.18,187.61
1011137,0.02,-1.19,187.61
1011225,0.01,-1.18,187.61
1011314,0.02,-1.18,187.62
1011491,0.02,-1.19,187.61
1011669,0.01,-1.19,187.61
1011846,0.02,-1.18,187.62
1012024,0.02,-1.18,187.61
1012201,0.02,-1.18,187.61
1012379,0.02,-1.18,187.62
1012556,0.02,-1.18,187.61
1012734,0.02,-1.18,187.61
1012911,0.02,-1.17,187.62
1013089,0.01,-1.18,187.61
1013266,0.02,-1.17,187.61
1013444,0.02,-1.18,187.61
1013621,0.01,-1.18,187.61
1013798,0.02,-1.18,187.62
1013976,0.02,-1.18,187.61
1014153,0.01,-1.18,187.61
1014331,0.02,-1.19,187.61
1014508,0.03,-1.18,187.61
1014686,0.02,-1.18,187.61
1014863,0.02,-1.18,187.61
1014952,0.02,-1.18,187.62
1015041,0.02,-1.17,187.62
1015129,0.02,-1.18,187.62
1015218,0.02,-1.18,187.61
1015307,0.01,-1.18,187.62
1015396,0.02,-1.18,187.62
1015484,0.02,-1.18,187.62
1015573,0.03,-1.18,187.61
1015662,0.02,-1.18,187.62
1015751,0.03,-1.18,187.61
1015839,0.01,-1.18,187.61
1015928,0.01,-1.18,187.62
1016017,0.02,-1.18,187.61
1016105,0.02,-1.18,187.62
1016194,0.01,-1.18,187.62
1016283,0.01,-1.18,187.61
1016372,0.01,-1.18,187.61
1016460,0.01,-1.18,187.61
1016549,0.01,-1.18,187.62
1016638,0.02,-1.18,187.61
1016727,0.02,-1.18,187.62
1016815,0.02,-1.18,187.61
1016904,0.01,-1.18,187.61
1016993,0.01,-1.18,187.61
1017082,0.01,-1.18,187.62
1017259,0.02,-1.18,187.62
1017436,0.02,-1.18,187.61
1017614,0.02,-1.18,187.62
1017791,0.02,-1.18,187.62
1017969,0.02,-1.18,187.62
1018146,0.02,-1.18,187.62
1018324,0.02,-1.18,187.62
1018501,0.01,-1.18,187.62
1018590,0.01,-1.18,187.61
1018679,0.01,-1.18,187.62
1018767,0.02,-1.17,187.62
1018856,0.02,-1.18,187.62
1018945,0.02,-1.17,187.62
1019034,0.02,-1.18,187.62
1019122,0.01,-1.17,187.62
1019211,0.01,-1.17,187.62
1019300,0.01,-1.17,187.61
1019389,0.02,-1.17,187.62
1019477,0.02,-1.17,187.61
1019566,0.01,-1.17,187.61
1019655,0.02,-1.17,187.61
1019743,0.02,-1.17,187.61
1019832,0.02,-1.17,187.61
1019921,0.02,-1.17,187.62
1020010,0.02,-1.17,187.61
1020098,0.01,-1.17,187.62
1020187,0.02,-1.17,187.61
1020276,0.01,-1.17,187.61
1020365,0.02,-1.17,187.61
1020453,0.03,-1.17,187.61
1020542,0.03,-1.17,187.61
1020631,0.02,-1.17,187.61
1020719,0.02,-1.17,187.61
1020808,0.02,-1.17,187.61
1020897,0.02,-1.17,187.61
1020986,0.02,-1.17,187.61
1021074,0.02,-1.16,187.61
1021163,0.02,-1.17,187.61
1021252,0.02,-1.16,187.61
1021341,0.02,-1.17,187.61
1021429,0.02,-1.16,187.61
1021518,0.02,-1.17,187.61
1021607,0.01,-1.16,187.61
1021695,0.02,-1.16,187.61
1021784,0.02,-1.16,187.61
1021873,0.01,-1.16,187.61
1021962,0.02,-1.16,187.61
1022050,0.02,-1.16,187.61
1022139,0.02,-1.16,187.61
1022228,0.02,-1.16,187.61
1022317,0.02,-1.16,187.61
1022405,0.02,-1.16,187.61
1022494,0.01,-1.16,187.61
1022583,0.01,-1.16,187.61
1022672,0.02,-1.16,187.61
1022760,0.02,-1.16,187.61
1022849,0.02,-1.16,187.61
1022938,0.02,-1.16,187.61
1023026,0.02,-1.16,187.61
1023204,0.02,-1.16,187.61
1023381,0.02,-1.15,187.61
1023559,0.01,-1.15,187.61
1023736,0.01,-1.16,187.61
1023914,0.01,-1.16,187.61
1024091,0.01,-1.16,187.61
1024269,0.01,-1.16,187.61
1024446,0.02,-1.16,187.61
1024624,0.02,-1.16,187.61
1024801,0.02,-1.16,187.60
1024978,0.03,-1.16,187.61
1025156,0.02,-1.16,187.61
1025333,0.02,-1.16,187.61
1025511,0.02,-1.16,187.61
1025688,0.02,-1.16,187.61
1025866,0.02,-1.16,187.61
1026043,0.02,-1.16,187.61
1026221,0.02,-1.16,187.61
1026398,0.02,-1.16,187.60
1026576,0.01,-1.16,187.61
1026753,0.02,-1.16,187.61
1026931,0.01,-1.16,187.61
1027108,0.02,-1.16,187.61
1027285,0.02,-1.16,187.61
1027463,0.02,-1.16,187.61
1027640,0.01,-1.16,187.61
1027729,0.02,-1.16,187.61
1027818,0.02,-1.16,187.61
1027907,0.02,-1.16,187.61
1027995,0.02,-1.16,187.61
1028084,0.02,-1.16,187.61
1028173,0.02,-1.16,187.61
1028261,0.02,-1.16,187.61
1028350,0.02,-1.16,187.61
1028439,0.02,-1.16,187.61
1028528,0.02,-1.16,187.61
1028616,0.02,-1.15,187.61
1028705,0.02,-1.16,187.61
1028794,0.02,-1.16,187.61
1028971,0.02,-1.16,187.61
1029149,0.02,-1.16,187.61
1029326,0.02,-1.16,187.61
1029504,0.01,-1.17,187.61
1029681,0.02,-1.16,187.61
1029859,0.01,-1.16,187.61
1030036,0.02,-1.16,187.61
1030214,0.02,-1.16,187.61
1030391,0.01,-1.16,187.61
1030568,0.02,-1.16,187.61
1030746,0.02,-1.16,187.61
1030923,0.02,-1.16,187.60
1031101,0.01,-1.16,187.60
1031190,0.01,-1.15,187.60
1031278,0.01,-1.15,187.61
1031367,0.01,-1.16,187.60
1031456,0.02,-1.15,187.60
1031544,0.02,-1.15,187.61
1031633,0.02,-1.15,187.60
1031722,0.02,-1.14,187.60
1031811,0.01,-1.15,187.60
1031899,0.02,-1.15,187.60
1031988,0.02,-1.15,187.60
1032077,0.02,-1.15,187.60
1032166,0.02,-1.15,187.60
1032254,0.02,-1.15,187.60
1032343,0.02,-1.15,187.60
1032432,0.02,-1.15,187.60
1032521,0.01,-1.15,187.60
1032609,0.01,-1.15,187.60
1032698,0.01,-1.14,187.60
1032787,0.01,-1.14,187.60
1032875,0.02,-1.15,187.60
1032964,0.02,-1.15,187.60
1033053,0.01,-1.15,187.60
1033142,0.01,-1.14,187.60
1033230,0.02,-1.15,187.60
1033319,0.02,-1.15,187.60
1033408,0.01,-1.15,187.61
1033497,0.03,-1.14,187.60
1033585,0.03,-1.15,187.60
1033674,0.02,-1.15,187.61
1033763,0.02,-1.15,187.60
1033851,0.02,-1.15,187.61
1033940,0.02,-1.15,187.60
1034029,0.02,-1.14,187.60
1034118,0.02,-1.15,187.60
1034206,0.02,-1.15,187.60
1034295,0.02,-1.15,187.60
1034384,0.01,-1.15,187.60
1034473,0.01,-1.15,187.60
1034561,0.01,-1.14,187.60
1034650,0.01,-1.15,187.60
1034739,0.01,-1.14,187.60
1034916,0.01,-1.15,187.61
1035094,0.03,-1.15,187.60
1035271,0.02,-1.15,187.60
1035449,0.02,-1.14,187.60
1035626,0.02,-1.15,187.59
1035804,0.02,-1.14,187.60
1035981,0.01,-1.15,187.60
1036158,0.02,-1.16,187.60
1036336,0.02,-1.15,187.60
1036513,0.02,-1.15,187.60
1036691,0.01,-1.16,187.61
1036780,0.01,-1.16,187.60
1036868,0.01,-1.16,187.60
1036957,0.01,-1.16,187.61
1037046,0.02,-1.16,187.61
1037135,0.02,-1.16,187.60
1037223,0.02,-1.16,187.60
1037312,0.02,-1.15,187.60
1037401,0.02,-1.15,187.61
1037489,0.02,-1.15,187.61
1037578,0.02,-1.16,187.60
1037667,0.01,-1.16,187.60
1037756,0.01,-1.16,187.60
1037844,0.02,-1.16,187.61
1037933,0.02,-1.16,187.60
1038022,0.02,-1.16,187.60
1038111,0.02,-1.16,187.60
1038199,0.02,-1.16,187.60
1038288,0.02,-1.15,187.60
1038377,0.01,-1.15,187.60
1038465,0.02,-1.15,187.60
1038554,0.01,-1.16,187.60
1038643,0.01,-1.16,187.60
1038731,0.02,-1.15,187.61
1038820,0.02,-1.16,187.61
1038909,0.02,-1.16,187.60
1038998,0.01,-1.16,187.61
1039086,0.02,-1.16,187.60
1039175,0.01,-1.15,187.61
1039264,0.02,-1.15,187.61
1039353,0.02,-1.15,187.61
1039441,0.01,-1.16,187.61
1039530,0.01,-1.15,187.61
1039619,0.01,-1.16,187.60
1039707,0.02,-1.15,187.61
1039796,0.02,-1.16,187.61
1039885,0.02,-1.15,187.61
1039974,0.02,-1.16,187.61
1040062,0.02,-1.15,187.61
1040151,0.01,-1.16,187.61
1040240,0.01,-1.15,187.61
1040329,0.02,-1.15,187.61
1040417,0.02,-1.15,187.60
1040506,0.02,-1.15,187.60
1040684,0.02,-1.15,187.61
1040861,0.02,-1.15,187.61
1041038,0.01,-1.15,187.61
1041216,0.02,-1.15,187.61
1041393,0.01,-1.15,187.61
1041571,0.02,-1.16,187.61
1041748,0.02,-1.15,187.61
1041926,0.01,-1.15,187.60
1042103,0.02,-1.15,187.61
1042281,0.02,-1.15,187.61
1042458,0.02,-1.15,187.60
1042636,0.02,-1.16,187.60
1042813,0.01,-1.15,187.60
1042991,0.02,-1.15,187.60
1043168,0.02,-1.15,187.60
1043345,0.02,-1.15,187.60
1043523,0.02,-1.15,187.61
1043700,0.02,-1.17,187.62
1043878,0.01,-1.17,187.61
1044055,0.01,-1.17,187.62
1044233,0.01,-1.17,187.62
1044410,0.02,-1.16,187.61
1044588,0.02,-1.16,187.62
1044765,0.02,-1.16,187.61
1044943,0.02,-1.16,187.62
1045120,0.02,-1.17,187.62
1045298,0.02,-1.16,187.62
1045475,0.01,-1.16,187.62
1045652,0.01,-1.16,187.62
1045830,0.02,-1.16,187.61
1045919,0.02,-1.16,187.62
1046007,0.01,-1.17,187.62
1046096,0.02,-1.16,187.61
1046185,0.02,-1.16,187.62
1046274,0.02,-1.16,187.62
1046362,0.01,-1.16,187.61
1046540,0.02,-1.16,187.61
1046717,0.02,-1.16,187.62
1046895,0.02,-1.16,187.62
1047072,0.02,-1.16,187.62
1047250,0.02,-1.16,187.62
1047427,0.02,-1.16,187.62
1047693,0.02,-1.16,187.62
1047782,0.01,-1.16,187.62
1047871,0.02,-1.16,187.62
1047959,0.02,-1.16,187.62
1048048,0.02,-1.16,187.62
1048137,0.01,-1.16,187.62
1048226,0.02,-1.16,187.61
1048314,0.01,-1.16,187.61
1048403,0.02,-1.16,187.61
1048492,0.02,-1.16,187.61
1048580,0.02,-1.16,187.62
1048669,0.01,-1.16,187.62
1048758,0.01,-1.16,187.61
1048847,0.02,-1.16,187.61
1048935,0.02,-1.16,187.61
1049024,0.02,-1.16,187.61
1049113,0.02,-1.16,187.61
1049202,0.01,-1.16,187.61
1049290,0.02,-1.16,187.61
1049379,0.02,-1.16,187.61
1049468,0.01,-1.16,187.61
1049556,0.02,-1.16,187.62
1049645,0.02,-1.16,187.62
1049734,0.02,-1.16,187.62
1049823,0.01,-1.16,187.61
1049911,0.02,-1.16,187.62
1050000,0.02,-1.16,187.61
1050089,0.02,-1.16,187.62
1050178,0.02,-1.16,187.62
1050266,0.02,-1.16,187.62
1050355,0.02,-1.16,187.62
1050444,0.02,-1.16,187.61
1050533,0.02,-1.15,187.61
1050621,0.01,-1.16,187.62
1050710,0.02,-1.15,187.61
1050799,0.02,-1.16,187.61
1050887,0.01,-1.16,187.62
1050976,0.01,-1.16,187.61
1051065,0.02,-1.16,187.62
1051154,0.02,-1.16,187.62
1051242,0.01,-1.16,187.61
1051331,0.01,-1.16,187.62
1051420,0.02,-1.16,187.61
1051509,0.02,-1.16,187.61
1051597,0.01,-1.16,187.62
1051686,0.01,-1.16,187.62
1051775,0.02,-1.16,187.61
1051863,0.02,-1.16,187.61
1051952,0.02,-1.16,187.62
1052041,0.02,-1.16,187.62
1052130,0.02,-1.16,187.62
1052218,0.02,-1.16,187.62
1052307,0.02,-254.84,187.62
1052485,0.02,-1.16,187.62
1052662,0.03,-1.16,187.62
1052840,0.02,-1.16,187.62
1053017,0.02,-1.16,187.62
1053194,0.01,-1.16,187.62
1053372,0.02,-1.16,187.61
1053549,0.02,-1.16,187.62
1053727,0.02,-1.16,187.62
1053904,0.02,-1.16,187.61
1054082,0.02,-1.16,187.62
1054259,0.02,-1.16,187.62
1054437,0.02,-1.16,187.62
1054614,0.02,-1.16,187.62
1054792,0.02,-1.16,187.62
1054969,0.01,-1.17,187.62
1055058,0.01,-1.16,187.62
1055146,0.01,-1.16,187.62
1055235,0.01,-1.16,187.62
1055324,0.01,-1.17,187.62
1055413,0.02,-1.16,187.62
1055501,0.02,-1.17,187.62
1055590,0.01,-1.17,187.62
1055679,0.02,-1.17,187.62
1055768,0.02,-1.17,187.62
1055856,0.02,-1.17,187.62
1055945,0.02,-1.17,187.62
1056034,0.02,-1.17,187.62
1056122,0.01,-1.17,187.62
1056211,0.02,-1.17,187.63
1056300,0.02,-1.17,187.62
1056389,0.02,-1.17,187.63
1056477,0.01,-1.17,187.62
1056566,0.02,-1.17,187.62
1056655,0.02,-1.17,187.62
1056744,0.02,-1.17,187.63
1056832,0.01,-1.17,187.63
1056921,0.02,-1.17,187.63
1057010,0.01,-1.17,187.63
1057098,0.01,-1.17,187.63
1057187,0.02,-1.17,187.63
1057276,0.02,-1.18,187.63
1057365,0.02,-1.17,187.63
1057453,0.02,-1.17,187.63
1057542,0.02,-1.17,187.63
1057631,0.02,-1.18,187.63
1057720,0.02,-1.18,187.63
1057808,0.02,-1.18,187.63
1057897,0.02,-1.18,187.63
1057986,0.02,-1.18,187.63
1058075,0.02,-1.17,187.63
1058252,0.03,-1.17,187.63
1058429,0.02,-1.18,187.63
1058607,0.02,-1.18,187.63
1058784,0.02,-1.18,187.63
1058962,0.01,-1.18,187.63
1059139,0.02,-1.18,187.64
1059317,0.02,-1.19,187.63
1059494,0.02,-1.19,187.63
1059672,0.02,-1.18,187.63
1059849,0.01,-1.18,187.63
1060027,0.02,-1.19,187.63
1060204,0.02,-1.18,187.63
1060381,0.02,-1.18,187.64
1060559,0.02,-1.18,187.64
1060736,0.02,-1.19,187.64
1060914,0.02,-1.19,187.64
1061091,0.02,-1.18,187.64
1061269,0.02,-1.19,187.64
1061446,0.03,-1.19,187.64
1061624,0.02,-1.19,187.64
1061801,0.02,-1.18,187.64
1061979,0.02,-1.19,187.64
1062156,0.02,-1.19,187.64
1062334,0.01,-1.19,187.64
1062511,0.01,-1.19,187.64
1062688,0.02,-1.19,187.64
1062866,0.02,-1.19,187.64
1063043,0.02,-1.19,187.64
1063221,0.02,-1.19,187.64
1063398,0.02,-1.19,187.65
1063576,0.02,-1.19,187.65
1063753,0.02,-1.19,187.64
1063931,0.02,-1.19,187.64
1064108,0.02,-1.19,187.65
1064197,0.02,-1.19,187.64
1064286,0.02,-1.19,187.65
1064374,0.02,-1.20,187.65
1064463,0.02,-1.20,187.64
1064552,0.01,-1.19,187.65
1064641,0.02,-1.20,187.65
1064729,0.02,-1.20,187.65
1064818,0.02,-1.19,187.65
1064907,0.02,-1.19,187.65
1064995,0.02,-1.19,187.65
1065084,0.02,-1.19,187.65
1065173,0.02,-1.19,187.65
1065262,0.02,-1.20,187.65
1065350,0.02,-1.20,187.65
1065439,0.01,-1.20,187.65
1065528,0.01,-1.20,187.65
1065616,0.02,-1.19,187.65
1065705,0.02,-1.19,187.65
1065794,0.02,-1.20,187.65
1065883,0.02,-1.20,187.65
1065971,0.01,-1.19,187.65
1066060,0.02,-1.19,187.65
1066149,0.02,-1.19,187.65
1066238,0.02,-1.19,187.65
1066326,0.02,-1.20,187.65
1066415,0.02,-1.19,187.65
1066504,0.02,-1.20,187.65
1066593,0.02,-1.19,187.65
1066681,0.02,-1.20,187.65
1066770,0.03,-1.20,187.65
1066859,0.02,-1.20,187.65
1066947,0.02,-1.19,187.65
1067036,0.01,-1.19,187.65
1067125,0.02,-1.19,187.65
1067214,0.02,-1.19,187.65
1067302,0.01,-1.20,187.65
1067391,0.02,-1.20,187.65
1067480,0.02,-1.19,187.65
1067569,0.02,-1.19,187.65
1067657,0.01,-1.19,187.65
1067746,0.01,-1.19,187.65
1067835,0.01,-1.19,187.65
1067923,0.01,-1.19,187.65
1068012,0.01,-1.20,187.66
1068101,0.02,-1.20,187.65
1068190,0.02,-1.19,187.65
1068278,0.03,-1.19,187.65
1068367,0.02,-1.19,187.65
1068456,0.02,-1.20,187.65
1068545,0.02,-1.20,187.65
1068633,0.02,-1.20,187.65
1068722,0.02,-1.20,187.65
1068811,0.02,-1.20,187.66
1068900,0.02,-1.19,187.65
1068988,0.02,-1.20,187.65
1069077,0.02,-1.20,187.65
1069166,0.02,-1.20,187.66
1069254,0.02,-1.20,187.66
1069343,0.02,-1.19,187.65
1069432,0.01,-1.19,187.65
1069521,0.02,-1.19,187.65
1069609,0.03,-1.20,187.65
1069698,0.03,-1.20,187.65
1069787,0.02,-1.19,187.66
1069964,0.02,-1.20,187.65
1070142,0.03,-1.19,187.65
1070319,0.02,-1.20,187.66
1070497,0.02,-1.19,187.65
1070674,0.02,-1.19,187.65
1070852,0.02,-1.19,187.65
1071029,0.02,-1.19,187.65
1071207,0.01,-1.19,187.65
1071384,0.01,-1.20,187.65
1071561,0.02,-1.20,187.65
1071739,0.01,-1.20,187.65
1071916,0.02,-1.19,187.65
1072094,0.02,-1.20,187.65
1072271,0.02,-1.19,187.65
1072449,0.02,-1.19,187.66
1072626,0.01,-1.19,187.65
1072804,0.02,-1.19,187.65
1072981,0.02,-1.19,187.65
1073159,0.02,-1.19,187.65
1073247,0.02,-1.19,187.65
1073336,0.01,-1.20,187.65
1073425,0.02,-1.19,187.65
1073513,0.02,-1.19,187.66
1073602,0.02,-1.19,187.65
1073691,0.02,-1.19,187.65
1073780,0.02,-1.19,187.65
1073868,0.02,-1.19,187.65
1073957,0.01,-1.19,187.65
1074046,0.02,-1.19,187.65
1074135,0.03,-1.19,187.65
1074223,0.03,-1.20,187.65
1074312,0.02,-1.19,187.65
1074401,0.01,-1.19,187.65
1074490,0.02,-1.19,187.65
1074578,0.02,-1.19,187.66
1074667,0.02,-1.19,187.65
1074756,0.02,-1.20,187.66
1074844,0.02,-1.20,187.65
1074933,0.02,-1.19,187.65
1075022,0.02,-1.19,187.65
1075111,0.02,-1.20,187.65
1075199,0.02,-1.20,187.65
1075288,0.02,-1.19,187.65
1075377,0.02,-1.19,187.65
1075466,0.02,-1.19,187.65
1075554,0.02,-1.20,187.65
1075643,0.02,-1.20,187.65
1075821,0.02,-1.19,187.65
1075998,0.02,-1.19,187.65
1076175,0.02,-1.20,187.65
1076353,0.01,-1.19,187.65
1076530,0.01,-1.19,187.65
1076708,0.02,-1.19,187.65
1076885,0.01,-1.19,187.65
1077063,0.01,-1.19,187.65
1077240,0.01,-1.19,187.65
1077418,0.01,-1.19,187.65
1077595,0.01,-1.19,187.65
1077772,0.02,-1.19,187.65
1077950,0.02,-1.19,187.65
1078127,0.02,-1.19,187.65
1078305,0.02,-1.19,187.65
1078482,0.02,-1.20,187.65
1078660,0.02,-1.19,187.65
1078837,0.01,-1.19,187.65
1079015,0.02,-1.19,187.65
1079192,0.01,-1.19,187.65
1079370,0.01,-1.19,187.65
1079547,0.01,-1.19,187.65
1079725,0.02,-1.19,187.65
1079902,0.03,-1.19,187.65
1080080,0.02,-1.19,187.66
1080257,0.02,-1.19,187.65
1080346,1076.10,-1.19,187.65
1080434,0.02,-1.19,187.65
1080523,0.02,-1.20,187.65
1080612,0.02,-1.20,187.66
1080701,0.02,-1.19,187.65
1080789,0.02,-1.20,187.65
1080878,0.02,-1.20,187.65
1081056,0.02,-1.19,187.65
1081233,0.01,-1.19,187.66
1081410,0.02,-1.19,187.66
1081588,0.02,-1.20,187.65
1081765,0.01,-1.19,187.66
1081943,0.01,-1.19,187.66
1082120,0.02,-1.20,187.66
1082298,0.02,-1.20,187.66
1082386,0.02,-1.19,187.66
1082475,0.02,-1.19,187.66
1082564,0.02,-1.19,187.66
1082653,0.02,-1.19,187.66
1082741,0.02,-1.19,187.66
1082830,0.02,-1.19,187.66
1082919,0.02,-1.19,187.66
1083008,0.02,-1.19,187.66
1083096,0.03,-1.19,187.66
1083185,0.03,-1.19,187.66
1083274,0.02,-1.19,187.66
1083363,0.01,-1.19,187.66
1083451,0.02,-1.19,187.66
1083540,0.02,-1.19,187.66
1083629,0.02,-1.19,187.66
1083717,0.02,-1.19,187.66
1083806,0.02,-1.19,187.66
1083895,0.02,-1.19,187.66
1083984,0.02,-1.19,187.66
1084072,0.02,-1.19,187.66
1084161,0.02,-1.19,187.66
1084250,0.01,-1.19,187.66
1084339,0.01,-1.19,187.66
1084427,0.01,-1.19,187.66
1084516,0.02,-1.19,187.66
1084605,0.02,-1.19,187.66
1084694,0.02,-1.19,187.66
1084782,0.02,-1.19,187.66
1084871,0.01,-1.19,187.66
1084960,0.02,-1.19,187.66
1085048,0.02,-1.19,187.66
1085137,0.02,-1.19,187.66
1085226,0.02,-1.19,187.66
1085315,0.01,-1.19,187.66
1085403,0.02,-1.19,187.66
1085492,0.02,-1.19,187.66
1085581,0.02,-1.19,187.66
1085670,0.02,-1.19,187.66
1085758,0.02,-1.19,187.66
1085847,0.01,-1.20,187.66
1085936,0.02,-1.19,187.66
1086025,0.02,-1.20,187.66
1086113,0.02,-1.19,187.66
1086202,0.02,-1.19,187.66
1086291,0.02,-1.19,187.66
1086379,0.02,-1.19,187.66
1086468,0.02,-1.19,187.66
1086557,0.02,-1.19,187.66
1086646,0.01,-1.19,187.66
1086734,0.01,-1.19,187.66
1086823,0.02,-1.19,187.66
1086912,0.02,-1.19,187.66
1087001,0.02,-1.18,187.66
1087089,0.02,-1.19,187.66
1087178,0.02,-1.19,187.66
1087267,0.01,-1.19,187.66
1087356,0.02,-1.19,187.66
1087444,0.03,-1.19,187.66
1087622,0.01,-1.19,187.66
1087799,0.01,-1.19,187.66
1087977,0.03,-1.19,187.66
1088154,0.02,-1.19,187.66
1088332,0.02,-1.19,187.66
1088509,0.02,-1.19,187.66
1088687,0.01,-1.18,187.66
1088864,0.01,-1.19,187.66
1089041,0.02,-1.19,187.66
1089219,0.01,-1.19,187.66
1089396,0.02,-1.19,187.66
1089574,0.02,-1.19,187.66
1089751,0.02,-1.19,187.66
1089929,0.02,-1.19,187.66
1090106,0.01,-1.19,187.66
1090284,0.02,-1.19,187.66
1090461,0.02,-1.18,187.66
1090639,0.02,-1.19,187.66
1090816,0.02,-1.19,187.66
1090994,0.02,-1.19,187.66
1091171,0.02,-1.19,187.66
1091349,0.01,-1.19,187.66
1091437,0.02,-1.19,187.66
1091526,0.02,-1.19,187.66
1091615,0.02,-1.19,187.66
1091703,0.01,-1.19,187.66
1091792,0.02,-1.19,187.66
1091881,0.02,-1.19,187.66
1091970,0.01,-1.19,187.66
1092058,0.02,-1.19,187.66
1092147,0.02,-1.19,187.66
1092236,0.01,-1.19,187.66
1092325,0.02,-1.19,187.66
1092413,0.02,-1.19,187.66
1092502,0.02,-1.19,187.66
1092591,0.02,-1.19,187.66
1092680,0.01,-1.19,187.66
1092768,0.01,-1.19,187.66
1092857,0.02,-1.19,187.66
1092946,0.02,-1.19,187.66
1093034,0.01,-1.19,187.66
1093123,0.02,-1.19,187.66
1093212,0.02,-1.19,187.66
1093389,0.02,-1.19,187.66
1093567,0.02,-1.19,187.66
1093744,0.01,-1.19,187.66
1093922,0.01,-1.19,187.66
1094099,0.02,-1.19,187.66
1094277,0.02,-1.19,187.66
1094454,0.01,-1.19,187.66
1094632,0.01,-1.19,187.66
1094809,0.02,-1.19,187.66
1094987,0.02,-1.19,187.66
1095164,0.02,-1.19,187.66
1095342,0.03,-1.19,187.66
1095519,0.02,-1.19,187.66
1095696,0.02,-1.19,187.66
1095874,0.02,-1.19,187.66
1096051,0.01,-1.19,187.66
1096229,0.02,-1.19,187.66
1096406,0.01,-1.19,187.66
1096584,0.01,-1.19,187.66
1096761,0.02,-1.19,187.66
1096939,0.01,-1.19,187.66
1097027,0.01,-1.19,187.67
1097116,0.01,-1.19,187.67
1097205,0.02,-1.20,187.66
1097294,0.02,-1.19,187.66
1097382,0.01,-1.20,187.67
1097471,0.02,-1.19,187.66
1097560,0.02,-1.19,187.66
1097649,0.02,-1.19,187.66
1097737,0.01,-1.19,187.66
1097826,0.02,-1.19,187.66
1097915,0.02,-1.19,187.66
1098003,0.02,-1.20,187.66
1098092,0.01,-1.20,187.66
1098181,0.01,-1.19,187.66
1098270,0.01,-1.20,187.67
1098358,0.01,-1.20,187.66
1098447,0.02,-1.20,187.67
1098536,0.02,-1.20,187.67
1098625,0.01,-1.20,187.66
1098713,0.01,-1.20,187.67
1098802,0.02,-1.20,187.66
1098891,0.02,-1.20,187.67
1098980,0.02,-1.20,187.67
1099157,0.02,-1.20,187.67
1099334,0.01,-1.20,187.66
1099512,0.02,-1.20,187.66
1099689,0.01,-1.20,187.67
1099867,0.01,-1.20,187.67
1100044,0.01,-1.20,187.66
1100222,0.01,-1.20,187.66
1100399,0.01,-1.20,187.67
1100488,0.01,-1.20,187.67
1100577,0.01,-1.20,187.67
1100665,0.02,-1.20,187.67
1100754,0.02,-1.20,187.67
1100843,0.02,-1.20,187.67
1100932,0.02,-1.20,187.67
1101020,0.01,-1.20,187.67
1101109,0.02,-1.20,187.67
1101198,0.01,-1.20,187.67
1101287,0.02,-1.20,187.67
1101375,0.02,-1.20,187.67
1101464,0.01,-1.19,187.67
1101553,0.02,-1.20,187.67
1101642,0.02,-1.20,187.67
1101730,0.02,-1.20,187.67
1101819,0.02,-1.20,187.67
1101908,0.02,-1.20,187.67
1101996,0.02,-1.20,187.67
1102085,0.02,-1.20,187.67
1102174,0.02,-1.20,187.67
1102263,0.02,-1.20,187.67
1102351,0.02,-1.20,187.67
1102440,0.03,-1.20,187.67
1102529,0.02,-1.20,187.67
1102618,0.02,-1.20,187.67
1102706,0.02,-1.19,187.67
1102795,0.02,-1.20,187.67
1102884,0.02,-1.19,187.67
1102973,0.02,-1.20,187.67
1103061,0.02,-1.20,187.67
1103150,0.02,-1.20,187.67
1103239,0.01,-1.19,187.67
1103328,0.01,-1.20,187.67
1103416,0.02,-1.20,187.67
1103505,0.02,-1.21,187.67
1103594,0.02,-1.24,187.66
1103682,0.02,-1.25,187.67
1103771,0.02,-1.25,187.66
1103860,0.02,-1.25,187.66
1103949,0.02,-1.25,187.67
1104037,0.02,-1.25,187.67
1104126,0.03,-1.25,187.67
1104215,0.02,-1.25,187.67
1104304,0.02,-1.25,187.67
1104392,0.02,-1.25,187.66
1104481,0.02,-1.25,187.67
1104570,0.02,-1.26,187.66
1104659,0.01,-1.25,187.67
1104747,0.01,-1.25,187.67
1104836,0.02,-1.25,187.67
1104925,0.02,-1.25,187.67
1105014,0.02,-1.25,187.66
1105191,0.02,-1.25,187.66
1105368,0.01,-1.25,187.66
1105546,0.02,-1.25,187.67
1105723,0.02,-1.25,187.67
1105901,0.02,-1.25,187.67
1106078,0.01,-1.25,187.67
1106256,0.02,-1.25,187.67
1106433,0.02,-1.25,187.67
1106611,0.01,-1.25,187.66
1106788,0.02,-1.25,187.67
1106966,0.02,-1.25,187.67
1107143,0.03,-1.25,187.67
1107321,0.02,-1.25,187.67
1107498,0.01,-1.25,187.67
1107676,0.02,-1.25,187.67
1107853,0.02,-1.25,187.67
1108030,0.02,-1.25,187.67
1108208,0.01,-1.25,187.67
1108385,0.03,-1.25,187.67
1108563,0.01,-1.25,187.67
1108740,0.02,-1.25,187.67
1108918,0.03,-1.25,187.67
1109095,0.02,-1.25,187.67
1109273,0.02,-1.25,187.67
1109450,0.02,-1.25,187.67
1109539,0.02,-1.25,187.67
1109628,0.01,-1.25,187.68
1109716,0.02,-1.25,187.67
1109805,0.02,-1.25,187.67
1109894,0.01,-1.25,187.67
1109983,0.02,-1.25,187.67
1110071,0.02,-1.25,187.67
1110160,0.02,-1.25,187.67
1110249,0.02,-1.25,187.67
1110338,0.01,-1.25,187.67
1110426,0.02,-1.25,187.67
1110515,0.02,-1.25,187.68
1110604,0.02,-1.25,187.68
1110693,0.01,-1.25,187.67
1110781,0.02,-1.25,187.67
1110959,0.02,-1.25,187.67
1111136,0.02,-1.25,187.67
1111314,0.02,-1.25,187.67
1111491,0.01,-1.25,187.67
1111669,0.02,-1.25,187.67
1111846,0.02,-1.25,187.68
1112024,0.02,-1.25,187.67
1112201,0.02,-1.25,187.68
1112379,0.02,-1.25,187.68
1112556,0.02,-1.25,187.68
1112733,0.02,-1.25,187.68
1112911,0.02,-1.24,187.68
1113088,0.02,-1.25,187.67
1113266,0.02,-1.25,187.67
1113443,0.02,-1.24,187.67
1113621,0.02,-1.25,187.68
1113710,0.02,-1.25,187.68
1113798,0.02,-1.25,187.67
1113887,0.01,-1.25,187.68
1113976,0.02,-1.25,187.67
1114064,0.02,-1.25,187.68
1114153,0.02,-1.25,187.68
1114242,0.02,-1.25,187.68
1114331,0.02,-1.25,187.68
1114419,0.02,-1.25,187.68
1114508,0.02,-1.25,187.67
1114597,0.02,-1.25,187.67
1114686,0.02,-1.25,187.67
1114774,0.02,-1.25,187.68
1114863,0.02,-1.25,187.68
1114952,0.02,-1.25,187.68
1115041,0.02,-1.25,187.67
1115129,0.02,-1.25,187.67
1115218,0.02,-1.25,187.68
1115307,0.02,-1.25,187.68
1115395,0.02,-1.25,187.67
1115484,0.02,-1.25,187.68
1115573,0.02,-1.25,187.68
1115662,0.02,-1.25,187.68
1115750,0.02,-1.25,187.68
1115839,0.03,-1.25,187.67
1115928,0.02,-1.25,187.67
1116017,0.01,-1.25,187.67
1116105,0.01,-1.25,187.68
1116194,0.02,-1.25,187.68
1116283,0.01,-1.25,187.68
1116372,0.02,-1.25,187.68
1116460,0.02,-1.25,187.68
1116549,0.01,-1.25,187.68
1116638,0.01,-1.25,187.68
1116727,0.01,-1.25,187.68
1116904,0.02,-1.25,187.68
1117081,0.02,-1.24,187.68
1117259,0.02,-1.25,187.68
1117436,0.02,-1.25,187.68
1117614,0.01,-1.24,187.67
1117791,0.01,-1.24,187.68
1117969,0.02,-1.25,187.68
1118146,0.02,-1.25,187.67
1118324,0.02,-1.25,187.68
1118501,0.03,-1.25,187.68
1118590,0.02,-1.25,187.68
1118679,0.02,-1.25,187.68
1118767,0.02,-1.25,187.67
1118856,0.02,-1.25,187.68
1118945,0.02,-1.25,187.68
1119034,0.02,-1.25,187.68
1119122,0.02,-1.25,187.68
1119211,0.02,-1.25,187.68
1119300,0.02,-1.25,187.68
1119389,0.02,-1.24,187.68
1119477,0.02,-1.25,187.68
1119566,0.02,-1.24,187.68
1119655,0.02,-1.25,187.68
1119744,0.01,-1.25,187.68
1119832,0.02,-1.24,187.68
1119921,0.02,-1.25,187.68
1120010,0.02,-1.25,187.68
1120098,0.02,-1.25,187.68
1120187,0.02,-1.25,187.68
1120276,0.03,-1.25,187.68
1120365,0.02,-1.25,187.68
1120453,0.02,-1.25,187.68
1120542,0.02,-1.25,187.68
1120631,0.02,-1.25,187.68
1120720,0.02,-1.25,187.68
1120808,0.02,-1.25,187.68
1120897,0.01,-1.25,187.68
1120986,0.02,-1.25,187.68
1121075,0.02,-1.25,187.68
1121163,0.02,-1.25,187.68
1121252,0.02,-1.25,187.68
1121341,0.02,-1.25,187.68
1121429,0.02,-1.25,187.68
1121518,0.02,-1.24,187.68
1121607,0.02,-1.24,187.68
1121696,0.02,-1.25,187.68
1121784,0.02,-1.25,187.68
1121873,0.01,-1.24,187.67
1121962,0.01,-1.25,187.68
1122051,0.01,-1.25,187.68
1122139,0.02,-1.25,187.68
1122228,0.02,-1.25,187.68
1122317,0.02,-1.25,187.68
1122406,0.02,-1.25,187.68
1122494,0.02,-1.25,187.68
1122672,0.02,-1.25,187.68
1122849,0.03,-1.25,187.68
1123027,0.02,-1.25,187.68
1123204,0.02,-1.25,187.68
1123382,0.02,-1.25,187.68
1123559,0.02,-1.24,187.68
1123737,0.02,-1.25,187.68
1123914,0.02,-1.25,187.68
1124091,0.02,-1.25,187.68
1124269,0.02,-1.25,187.68
1124446,0.02,-1.25,187.68
1124624,0.02,-1.24,187.68
1124801,0.01,-1.24,187.68
1124979,0.02,-1.25,187.68
1125156,0.02,-1.24,187.68
1125334,0.02,-1.24,187.68
1125511,0.02,-1.25,187.68
1125689,0.02,-1.24,187.68
1125866,0.02,-1.24,187.68
1126044,0.02,-1.25,187.68
1126221,0.02,-1.24,187.68
1126399,0.02,-1.24,187.68
1126576,0.01,-1.25,187.68
1126753,0.01,-1.25,187.68
1126931,0.02,-1.25,187.68
1127108,0.02,-1.24,187.68
1127286,0.02,-1.24,187.68
1127463,0.02,-1.24,187.68
1127552,0.01,-1.24,187.68
1127641,0.02,-1.24,187.68
1127730,0.01,-1.24,187.68
1127818,0.01,-1.24,187.68
1127907,0.02,-1.24,187.68
1127996,0.02,-1.24,187.68
1128084,0.02,-1.24,187.68
1128173,0.02,-1.24,187.68
1128262,0.02,-1.24,187.68
1128351,0.02,-1.24,187.68
1128528,0.02,-1.24,187.68
1128706,0.02,-1.24,187.68
1128883,0.02,-1.24,187.68
1129061,0.02,-1.24,187.68
1129238,0.01,-1.24,187.68
1129415,0.02,-1.23,187.68
1129593,0.02,-1.24,187.68
1129770,0.02,-1.24,187.68
1129948,0.02,-1.24,187.68
1130125,0.03,-1.24,187.68
1130214,0.02,-1.23,187.68
1130303,0.02,-1.24,187.68
1130392,0.02,-1.24,187.68
1130480,0.02,-1.23,187.68
1130569,0.01,-1.23,187.68
1130658,0.01,-1.24,187.68
1130747,0.01,-1.24,187.68
1130835,0.02,-1.23,187.68
1130924,0.03,-1.24,187.68
1131013,0.02,-1.24,187.68
1131101,0.02,-1.24,187.68
1131190,0.02,-1.24,187.68
1131279,0.02,-1.24,187.68
1131368,0.02,-1.24,187.68
1131456,0.01,-1.24,187.68
1131545,0.01,-1.24,187.68
1131634,0.02,-1.24,187.68
1131723,0.02,-1.24,187.68
1131811,0.01,-1.24,187.68
1131900,0.02,-1.24,187.68
1131989,0.02,-1.24,187.68
1132078,0.02,-1.24,187.69
1132166,0.02,-1.25,187.68
1132255,0.02,-1.25,187.69
1132344,0.02,-1.25,187.69
1132432,0.02,-1.26,187.69
1132521,0.02,-1.26,187.69
1132610,0.01,-1.26,187.70
1132699,0.02,-1.26,187.69
1132787,0.02,-1.26,187.69
1132876,0.02,-1.26,187.70
1132965,0.02,-1.26,187.69
1133054,0.02,-1.26,187.69
1133142,0.02,-1.25,187.69
1133231,0.01,-1.25,187.69
1133320,0.01,-1.25,187.69
1133408,0.02,-1.25,187.69
1133497,0.01,-1.25,187.69
1133586,0.01,-1.25,187.69
1133675,0.02,-1.24,187.69
1133763,0.02,-1.24,187.69
1133852,0.02,-1.24,187.69
1133941,0.02,-1.24,187.68
1134030,0.01,-1.25,187.69
1134118,0.02,-1.24,187.69
1134207,0.02,-1.24,187.69
1134296,0.02,-1.24,187.68
1134473,0.01,-1.24,187.69
1134651,0.02,-1.25,187.70
1134828,0.02,-1.24,187.68
1135006,0.01,-1.24,187.68
1135183,0.01,-1.24,187.68
1135361,0.02,-1.24,187.68
1135538,0.02,-1.24,187.68
1135716,0.01,-1.23,187.68
1135893,0.01,-1.24,187.68
1136071,0.02,-1.23,187.68
1136248,0.01,-1.24,187.68
1136426,0.01,-1.24,187.68
1136692,0.01,-1.23,187.68
1136780,0.02,-1.23,187.68
1136869,0.02,-1.23,187.68
1136958,0.02,-1.23,187.68
1137047,0.02,-1.24,187.68
1137135,0.01,-1.23,187.69
1137224,0.02,-1.24,187.68
1137313,0.01,-1.24,187.69
1137402,0.02,-1.24,187.68
1137490,0.02,-1.24,187.69
1137579,0.02,-1.24,187.69
1137668,0.02,-1.25,187.69
1137757,0.02,-1.24,187.68
1137845,0.02,-1.24,187.69
1137934,0.02,-1.24,187.68
1138023,0.02,-1.24,187.69
1138112,0.02,-1.24,187.69
1138200,0.02,-1.25,187.69
1138289,0.02,-1.24,187.68
1138378,0.02,-1.24,187.69
1138466,0.02,-1.24,187.69
1138555,0.02,-1.24,187.69
1138644,0.02,-1.24,187.68
1138733,0.01,-1.24,187.69
1138821,0.01,-1.24,187.69
1138910,0.01,-1.25,187.68
1138999,0.01,-1.24,187.68
1139088,0.02,-1.24,187.69
1139176,0.02,-1.24,187.69
1139265,0.02,-1.25,187.69
1139354,0.02,-1.25,187.69
1139443,0.02,-1.25,187.69
1139531,0.03,-1.24,187.69
1139620,0.02,-1.25,187.69
1139709,0.01,-1.24,187.69
1139797,0.01,-1.25,187.69
1139886,0.01,-1.24,187.69
1139975,0.02,-1.24,187.69
1140064,0.02,-1.24,187.69
1140241,0.02,-1.24,187.69
1140419,0.01,-1.25,187.69
1140596,0.02,-1.24,187.69
1140774,0.02,-1.24,187.68
1140951,0.01,-1.24,187.69
1141129,0.02,-1.24,187.69
1141306,0.01,-1.25,187.69
1141483,0.03,-1.24,187.68
1141661,0.01,-1.24,187.69
1141838,0.02,-1.24,187.69
1142016,0.01,-1.24,187.69
1142193,0.02,-1.25,187.69
1142371,0.01,-1.25,187.69
1142548,0.02,-1.25,187.69
1142726,0.02,-1.24,187.69
1142903,0.01,-1.24,187.69
1143081,0.02,-1.24,187.69
1143258,0.02,-1.24,187.69
1143436,0.02,-1.24,187.69
1143613,0.02,-1.24,187.69
1143791,0.02,-1.24,187.69
1143968,0.02,-1.24,187.70
1144146,0.02,-1.25,187.69
1144323,0.01,-1.24,187.69
1144500,0.02,-1.24,187.69
1144678,0.02,-1.24,187.69
1144855,0.01,-1.24,187.69
1145033,0.02,-1.24,187.69
1145210,0.02,-1.24,187.69
1145388,0.02,-1.24,187.69
1145565,0.02,-1.24,187.69
1145654,0.02,-1.24,187.69
1145743,0.02,-1.24,187.69
1145831,0.02,-1.24,187.69
1145920,0.02,-1.24,187.69
1146098,0.01,-1.24,187.69
1146275,0.02,-1.24,187.69
1146453,0.01,-1.25,187.69
1146630,0.01,-1.24,187.69
1146808,0.02,-1.25,187.69
1146896,0.02,-1.25,187.69
1146985,0.02,-1.24,187.69
1147074,0.01,-1.24,187.69
1147163,0.01,-1.24,187.69
1147251,0.02,-1.24,187.69
1147340,0.01,-1.24,187.70
1147429,0.02,-1.24,187.69
1147517,0.02,-1.24,187.69
1147606,0.02,-1.25,187.69
1147695,0.02,-1.25,187.69
1147784,0.01,-1.25,187.69
1147872,0.02,-1.24,187.69
1147961,0.02,-1.25,187.69
1148050,0.02,-1.25,187.69
1148139,0.01,-1.25,187.69
1148227,0.01,-1.25,187.69
1148316,0.02,-1.25,187.69
1148405,0.02,-1.25,187.69
1148494,0.02,-1.24,187.69
1148582,0.02,-1.24,187.70
1148671,0.02,-1.24,187.70
1148760,0.02,-1.24,187.69
1148848,0.01,-1.24,187.69
1148937,0.02,-1.24,187.69
1149026,0.01,-1.25,187.70
1149115,0.02,-1.24,187.69
1149203,0.01,-1.24,187.70
1149292,0.02,-1.25,187.69
1149381,0.02,-1.25,187.70
1149470,0.02,-1.24,187.69
1149558,0.02,-1.25,187.69
1149647,0.02,-1.25,187.69
1149736,0.03,-1.25,187.69
1149825,0.02,-1.24,187.69
1149913,0.02,-1.25,187.69
1150002,0.02,-1.25,187.70
1150091,0.02,-1.25,187.69
1150179,0.02,-1.24,187.70
1150268,0.02,-1.24,187.70
1150357,0.02,-1.24,187.70
1150446,0.02,-1.25,187.70
1150534,0.02,-1.25,187.70
1150623,0.02,-1.24,187.70
1150712,0.02,-1.24,187.70
1150801,0.02,-1.25,187.70
1150889,0.02,-1.25,187.70
1150978,0.01,-1.25,187.70
1151067,0.02,-1.24,187.70
1151156,0.02,-1.25,187.70
1151244,0.02,-1.24,187.70
1151333,0.02,-1.24,187.70
1151422,0.02,-1.24,187.70
1151511,0.02,-1.24,187.70
1151599,0.02,-1.24,187.70
1151688,0.02,-1.24,187.70
1151777,0.02,-1.24,187.70
1151954,0.02,-1.24,187.70
1152132,0.02,-1.24,187.70
1152309,0.02,-1.24,187.70
1152487,0.02,-1.25,187.70
1152664,0.02,-1.24,187.70
1152842,0.02,-1.24,187.70
1153019,0.02,-1.24,187.70
1153196,0.02,-1.25,187.70
1153374,0.01,-1.25,187.70
1153551,0.02,-1.24,187.70
1153729,0.02,-1.25,187.70
1153906,0.02,-1.24,187.70
1154084,0.02,-1.25,187.70
1154261,0.01,-1.24,187.70
1154439,0.02,-1.25,187.70
1154616,0.02,-1.24,187.70
1154705,0.02,-1.25,187.70
1154794,0.02,-1.25,187.70
1154882,0.02,-1.25,187.70
1154971,0.02,-1.25,187.70
1155060,0.02,-1.25,187.70
1155149,0.02,-1.25,187.70
1155237,0.02,-1.25,187.71
1155326,0.02,-1.25,187.71
1155415,0.02,-1.25,187.70
1155504,0.02,-1.25,187.70
1155592,0.02,-1.25,187.70
1155681,0.02,-1.25,187.70
1155770,0.02,-1.25,187.70
1155858,0.02,-1.25,187.70
1155947,0.02,-1.25,187.70
1156036,0.02,-1.25,187.70
1156125,0.02,-1.25,187.70
1156213,0.01,-1.25,187.70
1156302,0.02,-1.25,187.71
1156391,0.02,-1.25,187.71
1156480,0.02,-1.25,187.70
1156568,0.02,-1.25,187.71
1156657,0.01,-1.25,187.71
1156746,0.01,-1.25,187.70
1156835,0.02,-1.25,187.70
1156923,0.02,-1.25,187.71
1157012,0.03,-1.24,187.71
1157101,0.02,-1.25,187.70
1157190,0.02,-1.25,187.70
1157278,0.01,-1.25,187.70
1157367,0.01,-1.25,187.70
1157456,0.02,-1.25,187.70
1157544,0.02,-1.25,187.70
1157633,0.02,-1.25,187.70
1157811,0.01,-1.25,187.71
1157988,0.02,-1.25,187.71
1158166,0.02,-1.25,187.70
1158343,0.01,-1.25,187.70
1158521,0.02,-1.25,187.71
1158698,0.02,-1.25,187.71
1158875,0.02,-1.25,187.71
1159053,0.02,-1.25,187.71
1159230,0.02,-1.25,187.70
1159408,0.02,-1.25,187.70
1159585,0.02,-1.25,187.71
1159763,0.02,-1.25,187.70
1159940,0.02,-1.25,187.71
1160118,0.01,-1.25,187.71
1160295,0.02,-1.25,187.71
1160473,0.02,-1.25,187.71
1160650,0.02,-1.25,187.71
1160828,0.02,-1.25,187.71
1161005,0.02,-1.25,187.71
1161183,0.02,-1.25,187.71
1161360,0.02,-1.25,187.71
1161537,0.02,-1.25,187.71
1161715,0.01,-1.25,187.71
1161892,0.02,-1.25,187.71
1162070,0.02,-1.25,187.71
1162247,0.01,-1.25,187.71
1162425,0.02,-1.25,187.71
1162602,0.02,-1.25,187.71
1162780,0.02,-1.25,187.71
1162957,0.02,-1.26,187.71
1163135,0.02,-1.25,187.71
1163312,0.02,-1.25,187.71
1163490,0.03,-1.25,187.71
1163667,0.02,-1.25,187.72
1163756,0.02,-1.26,187.71
1163845,0.02,-1.27,187.72
1163933,0.01,-1.26,187.71
1164022,0.02,-1.26,187.72
1164111,0.02,-1.25,187.71
1164199,0.02,-1.26,187.71
1164288,0.02,-1.25,187.71
1164377,0.02,-1.25,187.71
1164466,0.02,-1.25,187.71
1164554,0.02,-1.26,187.71
1164643,0.02,-1.25,187.71
1164732,0.02,-1.26,187.71
1164821,0.02,-1.25,187.71
1164909,0.02,-1.25,187.71
1164998,0.02,-1.25,187.71
1165087,0.02,-1.25,187.71
1165175,0.01,-1.25,187.70
1165264,0.01,-1.25,187.71
1165353,0.02,-1.25,187.70
1165442,0.02,-1.25,187.71
1165530,0.02,-1.24,187.70
1165619,0.02,-1.24,187.71
1165708,0.02,-1.25,187.70
1165797,0.01,-1.25,187.70
1165885,0.02,-1.25,187.70
1165974,0.02,-1.25,187.70
1166063,0.01,-1.25,187.70
1166152,0.02,-1.25,187.70
1166240,0.02,-1.25,187.70
1166329,0.02,-1.25,187.71
1166418,0.02,-1.25,187.70
1166506,0.02,-1.25,187.70
1166595,0.02,-1.25,187.70
1166684,0.02,-1.25,187.70
1166773,0.01,-1.24,187.71
1166861,0.02,-1.25,187.70
1166950,0.01,-1.25,187.71
1167039,0.01,-1.25,187.71
1167128,0.01,-1.25,187.70
1167216,0.02,-1.24,187.70
1167305,0.01,-1.24,187.70
1167394,0.02,-1.25,187.70
1167482,0.02,-1.25,187.71
1167571,0.03,-1.24,187.70
1167660,0.02,-1.25,187.70
1167749,0.02,-1.25,187.70
1167837,0.03,-1.24,187.70
1167926,0.02,-1.25,187.70
1168015,0.02,-1.25,187.70
1168104,0.02,-1.24,187.70
1168192,0.01,-1.25,187.70
1168281,0.02,-1.25,187.70
1168370,0.02,-1.25,187.70
1168459,0.01,-1.25,187.70
1168547,0.02,-1.25,187.70
1168636,0.02,-1.25,187.70
1168725,0.02,-1.25,187.70
1168813,0.02,-1.24,187.71
1168902,0.02,-1.24,187.70
1168991,0.02,-1.25,187.70
1169080,0.02,-1.25,187.70
1169168,0.02,-1.24,187.70
1169257,0.02,-1.24,187.70
1169346,0.02,-1.25,187.70
1169523,0.02,-1.25,187.70
1169701,0.01,-1.24,187.70
1169878,0.02,-1.24,187.70
1170056,0.01,-1.25,187.71
1170233,0.02,-1.25,187.70
1170411,0.02,-1.24,187.70
1170588,0.02,-1.25,187.71
1170766,0.02,-1.25,187.70
1170943,0.02,-1.25,187.70
1171120,0.02,-1.25,187.71
1171298,0.02,-1.25,187.71
1171475,0.02,-1.25,187.70
1171653,0.01,-1.25,187.71
1171830,0.01,-1.25,187.71
1172008,0.02,-1.25,187.71
1172185,0.02,-1.25,187.71
1172363,0.02,-1.25,187.71
1172540,0.02,-1.25,187.71
1172718,0.02,-1.25,187.71
1172806,0.01,-1.25,187.70
1172895,0.02,-1.25,187.71
1172984,0.02,-1.25,187.70
1173073,0.02,-1.25,187.71
1173161,0.02,-1.25,187.71
1173250,0.02,-1.25,187.71
1173339,0.02,-1.25,187.71
1173428,0.02,-1.25,187.71
1173516,0.02,-1.25,187.71
1173605,0.02,-1.25,187.71
1173694,0.02,-1.25,187.71
1173782,0.02,-1.25,187.71
1173871,0.02,-1.25,187.71
1173960,0.02,-1.25,187.71
1174049,0.02,-1.25,187.71
1174137,0.01,-1.25,187.71
1174226,0.02,-1.25,187.71
1174315,0.02,-1.26,187.71
1174404,0.02,-1.25,187.71
1174492,0.01,-1.25,187.71
1174581,0.02,-1.25,187.71
1174670,0.02,-1.25,187.71
1174759,0.02,-1.25,187.71
1174847,0.02,-1.25,187.71
1174936,0.02,-1.25,187.71
1175025,0.02,-1.25,187.71
1175113,0.02,-1.25,187.70
1175291,0.02,-1.25,187.71
1175468,0.01,-1.25,187.71
1175646,0.02,-1.25,187.71
1175823,0.02,-1.25,187.71
1176001,0.02,-1.25,187.71
1176178,0.02,-1.25,187.71
1176356,0.02,-1.25,187.71
1176533,0.02,-1.25,187.71
1176711,0.02,-1.25,187.71
1176888,0.02,-1.24,187.71
1177066,0.02,-1.25,187.71
1177243,0.01,-1.25,187.71
1177421,0.02,-1.24,187.70
1177598,0.02,-1.25,187.71
1177776,0.01,-1.25,187.71
1177953,0.02,-1.25,187.71
1178130,0.02,-1.24,187.71
1178308,0.02,-1.25,187.71
1178485,0.02,-1.24,187.71
1178663,0.02,-1.24,187.70
1178840,0.01,-1.24,187.71
1179018,0.01,-1.25,187.71
1179195,0.02,-1.24,187.71
1179373,0.02,-1.24,187.71
1179550,0.01,-1.24,187.71
1179728,0.02,-1.24,187.70
1179905,0.02,-1.24,187.71
1179994,0.02,-1.24,187.71
1180083,0.02,-1.24,187.70
1180171,0.01,-1.24,187.70
1180260,0.02,-1.24,187.70
1180349,0.01,-1.24,187.71
1180438,0.02,-1.24,187.71
1180615,0.02,-1.24,187.71
1180793,0.02,-1.24,187.71
1180970,0.02,-1.24,187.70
1181147,0.02,-1.24,187.70
1181325,0.02,-1.24,187.71
1181502,0.02,-1.24,187.71
1181680,0.02,-1.24,187.71
1181769,0.02,-1.24,187.70
1181857,0.02,-1.24,187.71
1181946,0.02,-1.24,187.71
1182035,0.02,-1.24,187.70
1182123,0.02,-1.24,187.71
1182212,0.02,-1.24,187.71
1182301,0.02,-1.24,187.70
1182390,0.02,-1.24,187.71
1182478,0.01,-1.24,187.71
1182567,0.02,-1.24,187.71
1182656,0.02,-1.24,187.71
1182745,0.01,-1.24,187.70
1182833,0.02,-1.24,187.71
1182922,0.02,-1.24,187.70
1183011,0.01,-1.24,187.71
1183100,0.02,-1.24,187.71
1183188,0.02,-1.24,187.71
1183277,0.02,-1.24,187.71
1183366,0.03,-1.24,187.71
1183454,0.02,-1.24,187.70
1183543,0.02,-1.24,187.71
1183632,0.02,-1.24,187.71
1183721,0.02,-1.24,187.71
1183809,0.02,-1.24,187.71
1183898,0.02,-1.24,187.71
1183987,0.02,-1.24,187.71
1184076,0.02,-1.24,187.70
1184164,0.02,-1.24,187.71
1184253,0.02,-1.24,187.71
1184342,0.02,-1.24,187.71
1184431,0.01,-1.24,187.71
1184519,0.01,-1.24,187.71
1184608,0.01,-1.24,187.71
1184697,0.02,-1.24,187.71
1184785,0.02,-1.24,187.71
1184874,0.02,-1.24,187.71
1184963,0.02,-1.24,187.71
1185052,0.02,-1.24,187.71
1185140,0.02,-1.24,187.71
1185229,0.02,-1.24,187.71
1185318,0.02,-1.24,187.71
1185407,0.02,-1.24,187.71
1185495,0.02,-1.24,187.71
1185584,0.02,-1.24,187.71
1185673,0.02,-1.24,187.71
1185762,0.01,-1.24,187.71
1185850,0.01,-1.24,187.71
1185939,0.02,-1.24,187.71
1186028,0.02,-1.24,187.71
1186116,0.01,-1.23,187.71
1186205,0.02,-1.23,187.71
1186294,0.02,-1.24,187.70
1186383,0.02,-1.24,187.71
1186471,0.02,-1.24,187.71
1186560,0.02,-1.23,187.71
1186649,0.02,-1.23,187.71
1186738,0.02,-1.24,187.71
1186826,0.02,-1.24,187.71
1187004,0.02,-1.23,187.71
1187181,0.02,-1.24,187.71
1187359,0.01,-1.24,187.71
1187536,0.02,-1.23,187.71
1187714,0.02,-1.24,187.71
1187891,0.02,-1.24,187.71
1188069,0.01,-1.24,187.71
1188246,0.01,-1.24,187.71
1188423,0.02,-1.24,187.71
1188601,0.02,-1.24,187.71
1188778,0.02,-1.24,187.71
1188956,0.02,-1.24,187.71
1189133,0.02,-1.24,187.71
1189311,0.02,-1.24,187.71
1189488,0.01,-1.24,187.71
1189666,0.02,-1.24,187.71
1189843,0.01,-1.24,187.71
1190021,0.01,-1.25,187.71
1190198,0.02,-1.24,187.71
1190376,0.02,-1.24,187.71
1190553,0.01,-1.24,187.71
1190731,0.02,-1.25,187.71
1190819,0.01,-1.24,187.71
1190908,0.01,-1.25,187.71
1190997,0.02,-1.24,187.72
1191085,0.02,-1.25,187.71
1191174,0.02,-1.25,187.71
1191263,0.02,-1.25,187.71
1191352,0.02,-1.24,187.71
1191440,0.02,-1.25,187.71
1191529,0.02,-1.24,187.72
1191618,0.02,-1.25,187.71
1191707,0.02,-1.25,187.71
1191795,0.02,-1.25,187.72
1191884,0.02,-1.24,187.72
1191973,0.01,-1.25,187.72
1192061,0.02,-1.25,187.72
1192150,0.01,-1.24,187.72
1192239,0.01,-1.25,187.72
1192328,0.02,-1.24,187.72
1192416,0.02,-1.25,187.72
1192505,0.02,-1.25,187.72
1192594,0.02,-1.25,187.72
1192771,0.02,-1.25,187.72
1192949,0.01,-1.25,187.72
1193126,0.02,-1.26,187.72
1193304,0.02,-1.25,187.72
1193481,0.01,-1.25,187.72
1193659,0.02,-1.26,187.72
1193836,0.02,-1.26,187.72
1194014,0.02,-1.26,187.73
1194191,0.02,-1.26,187.73
1194369,0.01,-1.26,187.73
1194546,0.01,-1.26,187.73
1194723,0.02,-1.26,187.73
1194901,0.01,-1.26,187.73
1195078,0.02,-1.26,187.73
1195256,0.02,-1.26,187.74
1195433,0.02,-1.27,187.73
1195611,0.02,-1.26,187.73
1195788,0.01,-1.26,187.73
1195966,0.02,-1.26,187.73
1196143,0.02,-1.25,187.73
1196321,0.02,-1.26,187.73
1196409,0.02,-1.26,187.74
1196498,0.02,-1.26,187.73
1196587,0.02,-1.26,187.73
1196676,0.02,-1.26,187.73
1196764,0.02,-1.26,187.72
1196853,0.02,-1.26,187.73
1196942,0.02,-1.26,187.73
1197030,0.01,-1.26,187.73
1197119,0.02,-1.26,187.73
1197208,0.02,-1.26,187.73
1197297,0.02,-1.26,187.73
1197385,0.02,-1.26,187.73
1197474,0.01,-1.26,187.73
1197563,0.01,-1.26,187.73
1197652,0.02,-1.26,187.74
1197740,0.02,-1.26,187.73
1197829,0.01,-1.27,187.73
1197918,0.02,-1.26,187.73
1198007,0.02,-1.26,187.74
1198095,0.02,-1.26,187.73
1198184,0.02,-1.26,187.73
1198273,0.02,-1.26,187.73
1198361,0.02,-1.26,187.74
1198450,0.02,-1.26,187.74
1198539,0.03,-1.25,187.73
1198716,0.02,-1.26,187.74
1198894,0.02,-1.27,187.73
1199071,0.02,-1.26,187.74
1199249,0.02,-1.26,187.73
1199426,0.02,-1.26,187.73
1199604,0.02,-1.26,187.74
1199693,0.02,-1.25,-30.88
1199781,0.02,-1.26,187.73
1199870,0.01,-1.26,187.73
1199959,0.02,-1.26,187.73
1200047,0.02,-1.26,187.73
1200136,0.01,-1.26,187.73
1200225,0.02,-1.25,187.73
1200313,0.02,-1.27,187.72
1200402,0.01,-1.26,187.72
1200491,0.01,-1.26,187.73
1200580,0.02,-1.26,187.73
1200668,0.02,-1.26,187.73
1200757,0.01,-1.26,187.74
1200846,0.01,-1.27,187.72
1200935,0.01,-1.26,187.73
1201023,0.02,-1.26,187.73
1201112,0.02,-1.26,187.73
1201201,0.01,-1.26,187.73
1201290,0.02,-1.25,187.74
1201378,0.02,-1.27,187.72
1201467,0.01,-1.25,187.73
1201556,0.02,-1.26,187.73
1201644,0.02,-1.25,187.73
1201733,0.02,-1.25,187.74
1201822,0.01,-1.25,187.73
1201911,0.00,-1.26,187.73
1201999,0.01,-1.25,187.73
1202088,0.02,-1.26,187.73
1202177,0.01,-1.25,187.73
1202266,0.01,-1.26,187.73
1202354,0.01,-1.25,187.73
1202443,0.01,-1.26,187.73
1202532,0.01,-1.25,187.73
1202621,0.02,-1.25,187.73
1202709,0.02,-1.24,187.73
1202798,0.01,-1.25,187.73
1202887,0.02,-1.24,187.73
1202975,0.02,-1.26,187.72
1203064,0.01,-1.25,187.73
1203153,0.02,-1.25,187.74
1203242,0.02,-1.25,187.73
1203330,0.01,-1.25,187.73
1203419,0.02,-1.25,187.73
1203508,0.02,-1.25,187.73
1203597,0.01,-1.26,187.72
1203685,0.01,-1.25,187.72
1203774,0.02,-1.25,187.73
1203863,0.02,-1.24,187.73
1203952,0.02,-1.25,187.72
1204040,0.02,-1.25,187.73
1204129,0.02,-1.25,187.73
1204218,0.02,-1.25,187.73
1204307,0.02,-1.25,187.72
1204484,0.02,-1.25,187.72
1204661,0.01,-1.25,187.73
1204839,0.02,-1.25,187.73
1205016,0.02,-1.25,187.73
1205194,0.02,-1.25,187.72
1205371,0.02,-1.25,187.72
1205549,0.02,-1.27,187.69
1205726,0.05,-1.22,187.66
1205904,0.00,-1.25,187.74
1206081,0.03,-1.25,187.72
1206259,0.02,-1.25,187.72
1206436,0.02,-1.25,187.72
1206614,0.02,-1.25,187.72
1206791,0.02,-1.25,187.72
1206968,0.02,-1.24,187.72
1207146,0.01,-1.25,187.72
1207323,0.02,-1.25,187.72
1207501,0.01,-1.25,187.73
1207678,0.02,-1.25,187.73
1207856,0.01,-1.25,187.72
1208033,0.02,-1.25,187.73
1208210,0.02,-1.25,187.73
1208388,0.02,-1.26,187.73
1208565,0.03,-1.26,187.73
1208743,0.03,-1.26,187.73
1208832,0.02,-1.26,187.73
1208920,0.02,-1.26,187.73
1209009,0.02,-1.26,187.73
1209098,0.01,-1.26,187.73
1209187,0.01,-1.26,187.73
1209275,0.02,-1.26,187.73
1209364,0.01,-1.26,187.73
1209453,0.02,-1.26,187.73
1209541,0.02,-1.26,187.73
1209630,0.02,-1.26,187.73
1209719,0.02,-1.26,187.73
1209808,0.01,-1.26,187.73
1209896,0.01,-1.26,187.73
1209985,0.02,-1.26,187.73
1210074,0.02,-1.26,187.73
1210251,0.02,-1.26,187.73
1210429,0.02,-1.26,187.73
1210606,0.02,-1.26,187.73
1210784,0.01,-1.26,187.72
1210961,0.02,-1.26,187.72
1211139,0.02,-1.26,187.72
1211316,0.02,-1.26,187.72
1211494,0.02,-1.26,187.73
1211671,0.02,-1.26,187.73
1211849,0.01,-1.26,187.73
1212026,0.03,-1.27,187.73
1212204,0.03,-1.27,187.73
1212381,0.02,-1.26,187.73
1212558,0.01,-1.27,187.73
1212736,0.01,-1.27,187.73
1212825,0.01,-1.27,187.73
1212913,0.02,-1.27,187.73
1213002,0.02,-1.27,187.73
1213091,0.02,-1.27,187.73
1213180,0.02,-1.27,187.73
1213268,0.02,-1.27,187.73
1213357,0.02,-1.27,187.73
1213446,0.02,-1.27,187.74
1213535,0.03,-1.28,187.74
1213623,0.02,-1.28,187.74
1213712,0.01,-1.28,187.74
1213801,0.01,-1.28,187.74
1213889,0.01,-1.28,187.74
1213978,0.02,-1.27,187.74
1214067,0.02,-1.28,187.74
1214156,0.02,-1.28,187.74
1214244,0.02,-1.28,187.74
1214333,0.02,-1.27,187.74
1214422,0.01,-1.28,187.74
1214511,0.02,-1.27,187.74
1214599,0.02,-1.28,187.74
1214688,0.02,-1.27,187.74
1214777,0.02,-1.28,187.74
1214866,0.02,-1.28,187.74
1214954,0.02,-1.27,187.74
1215043,0.01,-1.27,187.74
1215132,0.02,-1.27,187.74
1215220,0.03,-1.28,187.74
1215309,0.02,-1.28,187.74
1215398,0.01,-1.28,187.74
1215487,0.02,-1.28,187.74
1215575,0.02,-1.28,187.74
1215664,0.02,-1.28,187.74
1215753,0.03,-1.28,187.74
1215842,0.02,-1.28,187.74
1215930,0.02,-1.28,187.74
1216108,0.02,-1.28,187.74
1216285,0.02,-1.28,187.74
1216463,0.02,-1.28,187.74
1216640,0.02,-1.27,187.74
1216818,0.02,-1.27,187.74
1216995,0.02,-1.27,187.74
1217173,0.02,-1.27,187.73
1217350,0.01,-1.27,187.73
1217528,0.02,-1.27,187.73
1217705,0.01,-1.27,187.74
1217794,0.01,-1.27,187.73
1217882,0.02,-1.27,187.74
1217971,0.01,-1.27,187.73
1218060,0.01,-1.27,187.73
1218149,0.02,-1.27,187.73
1218237,0.02,-1.27,187.73
1218326,0.02,-1.27,187.73
1218415,0.02,-1.27,187.73
1218504,0.02,-1.27,187.73
1218592,0.02,-1.27,187.73
1218681,0.02,-1.27,187.73
1218770,0.02,-1.27,187.74
1218858,0.02,-1.27,187.73
1218947,0.02,-1.27,187.74
1219036,0.02,-1.27,187.74
1219125,0.02,-1.27,187.74
1219213,0.01,-1.27,187.74
1219302,0.02,-1.27,187.74
1219391,0.02,-1.27,187.73
1219480,0.01,-1.27,187.73
1219568,0.02,-1.27,187.74
1219657,0.02,-1.27,187.74
1219746,0.02,-1.27,187.74
1219835,0.02,-1.27,187.74
1219923,0.02,-1.27,187.74
1220012,0.02,-1.27,187.74
1220101,0.02,-1.27,187.74
1220190,0.01,-1.27,187.74
1220278,0.02,-1.27,187.74
1220367,0.02,-1.27,187.74
1220456,0.02,-1.27,187.74
1220544,0.02,-1.27,187.74
1220633,0.02,-1.27,187.74
1220722,0.02,-1.27,187.74
1220811,0.02,-1.27,187.74
1220899,0.02,-1.27,187.74
1220988,0.02,-1.27,187.74
1221077,0.02,-1.27,187.74
1221166,0.02,-1.27,187.74
1221254,0.01,-1.27,187.74
1221343,0.02,-1.27,187.74
1221432,0.02,-1.27,187.74
1221521,0.01,-1.28,187.74
1221609,0.02,-1.27,187.74
1221698,0.02,-1.27,187.74
1221787,0.02,-1.27,187.74
1221964,0.02,-1.27,187.74
1222142,0.02,-1.27,187.74
1222319,0.02,-1.27,187.74
1222497,0.02,-1.27,187.74
1222674,0.02,-1.27,187.74
1222852,0.01,-1.27,187.74
1223029,0.02,-1.27,187.74
1223207,0.02,-1.27,187.74
1223384,0.02,-1.27,187.74
1223561,0.02,-1.27,187.74
1223739,0.01,-1.27,187.74
1223916,0.02,-1.27,187.74
1224094,0.01,-1.27,187.74
1224271,0.02,-1.27,187.74
1224449,0.02,-1.27,187.73
1224626,0.02,-1.27,187.73
1224804,0.01,-1.27,187.73
1224981,0.02,-1.27,187.73
1225159,0.02,-1.27,187.74
1225336,0.02,-1.27,187.73
1225514,0.02,-1.27,187.74
1225691,0.02,-1.27,187.74
1225869,0.01,-1.27,187.74
1226046,0.02,-1.28,187.74
1226224,0.01,-1.28,187.74
1226401,0.02,-1.28,187.74
1226578,0.02,-1.28,187.74
1226756,0.02,-1.28,187.74
1226845,0.02,-1.28,187.74
1226933,0.02,-1.28,187.74
1227022,0.02,-1.28,187.74
1227111,0.01,-1.28,187.74
1227200,0.02,-1.28,187.75
1227288,0.01,-1.28,187.74
1227377,0.01,-1.28,187.75
1227466,0.01,-1.28,187.75
1227555,0.02,-1.28,187.75
1227732,0.01,-1.29,187.75
1227909,0.01,-1.29,187.75
1228087,0.01,-1.28,187.75
1228264,0.01,-1.29,187.74
1228442,0.02,-1.28,187.74
1228619,0.02,-1.29,187.75
1228797,0.02,-1.28,187.75
1228974,0.01,-1.28,187.74
1229152,0.01,-1.28,187.75
1229329,0.02,-1.28,187.74
1229418,0.02,-1.28,187.74
1229507,0.02,-1.28,187.74
1229595,0.02,-1.28,187.74
1229684,0.02,-1.28,187.74
1229773,0.02,-1.28,187.74
1229862,0.02,-1.28,187.74
1229950,0.02,-1.28,187.74
1230039,0.02,-1.28,187.74
1230128,0.02,-1.28,187.74
1230217,0.01,-1.28,187.74
1230305,0.01,-1.28,187.74
1230394,0.01,-1.28,187.74
1230483,0.02,-1.28,187.74
1230572,0.02,-1.27,187.74
1230660,0.02,-1.27,187.74
1230749,0.02,-1.28,187.74
1230838,0.02,-1.27,187.74
1230927,0.03,-1.28,187.74
1231015,0.02,-1.28,187.73
1231104,0.02,-1.27,187.73
1231193,0.02,-1.27,187.73
1231281,0.02,-1.28,187.74
1231370,0.02,-1.27,187.73
1231459,0.02,-1.27,187.73
1231548,0.02,-1.27,187.73
1231636,0.02,-1.27,187.73
1231725,0.02,-1.27,187.73
1231814,0.02,-1.27,187.73
1231903,0.02,-1.27,187.73
1231991,0.01,-1.27,187.74
1232080,0.02,-1.27,187.73
1232169,0.02,-1.27,187.73
1232257,0.02,-1.27,187.73
1232346,0.02,-1.26,187.73
1232435,0.01,-1.27,187.73
1232524,0.02,-1.27,187.73
1232612,0.02,-1.27,187.73
1232701,0.02,-1.27,187.73
1232790,0.01,-1.27,187.73
1232879,0.02,-1.26,187.73
1232967,0.01,-1.26,187.73
1233056,0.01,-1.27,187.73
1233145,0.02,-1.27,187.73
1233234,0.01,-1.27,187.73
1233322,0.01,-1.27,187.73
1233411,0.01,-1.26,187.73
1233500,0.02,-1.26,187.73
1233677,0.02,-1.26,187.73
1233855,0.01,-1.27,187.73
1234032,0.01,-1.27,187.73
1234210,0.02,-1.27,187.73
1234387,0.02,-1.27,187.73
1234565,0.01,-1.26,187.73
1234742,0.02,-1.27,187.73
1234919,0.01,-1.27,187.72
1235097,0.01,-1.27,187.73
1235274,0.02,-1.27,187.73
1235452,0.01,-1.27,187.73
1235629,0.02,-1.27,187.73
1235807,0.02,-1.27,187.73
1235896,0.02,-1.27,187.73
1235984,0.02,-1.27,187.73
1236073,0.02,-1.27,187.73
1236162,0.02,-1.27,187.73
1236251,0.03,-1.27,187.73
1236339,0.02,-1.27,187.73
1236428,0.02,-1.27,187.73
1236517,0.02,-1.28,187.73
1236605,0.02,-1.28,187.73
1236694,0.02,-1.28,187.73
1236783,0.01,-1.28,187.73
1236872,0.01,-1.28,187.74
1236960,0.01,-1.28,187.74
1237049,0.01,-1.28,187.74
1237138,0.01,-1.29,187.74
1237227,0.01,-1.29,187.74
1237315,0.01,-1.29,187.74
1237404,0.01,-1.28,187.74
1237493,0.01,-1.29,187.74
1237582,0.02,-1.29,187.74
1237670,0.02,-1.29,187.74
1237759,0.02,-1.29,187.74
1237848,0.02,-1.29,187.75
1237936,0.02,-1.29,187.74
1238025,0.02,-1.29,187.74
1238114,0.02,-1.29,187.74
1238203,0.01,-1.29,187.74
1238291,0.02,-1.29,187.74
1238380,0.02,-1.29,187.74
1238469,0.02,-1.29,187.74
1238558,0.02,-1.29,187.74
1238646,0.01,-1.29,187.75
1238735,0.02,-1.30,187.74
1238824,0.02,-1.30,187.75
1238913,0.02,-1.30,187.74
1239001,0.01,-1.29,187.75
1239090,0.02,-1.30,187.75
1239179,0.02,-1.29,187.75
1239267,0.02,-1.29,187.75
1239445,0.02,-1.30,187.75
1239622,0.02,-1.29,187.75
1239800,0.01,-1.30,187.75
1239977,0.02,-1.29,187.75
1240155,0.02,-1.29,187.75
1240332,0.01,-1.30,187.75
1240510,0.01,-1.29,187.75
1240687,0.02,-1.29,187.75
1240865,0.02,-1.30,187.75
1241042,0.02,-1.29,187.75
1241220,0.02,-1.30,187.75
1241397,0.02,-1.29,187.75
1241575,0.02,-1.29,187.75
1241752,0.02,-1.29,187.75
1241930,0.02,-1.29,187.75
1242107,0.02,-1.29,187.75
1242284,0.02,-1.29,187.75
1242462,0.02,-1.29,187.75
1242639,0.02,-1.29,187.75
1242817,0.02,-1.29,187.75
1242994,0.02,-1.29,187.75
1243172,0.02,-1.29,187.75
1243349,0.02,-1.29,187.75
1243527,0.01,-1.29,187.75
1243704,0.02,-1.29,187.75
1243882,0.02,-1.29,187.75
1244059,0.02,-1.29,187.75
1244237,0.02,-1.29,187.75
1244414,0.02,-1.28,187.75
1244592,0.02,-1.28,187.75
1244769,0.02,-1.29,187.74
1245301,0.02,-1.28,187.75
1245479,0.02,-1.28,187.75
1245656,0.02,-1.28,187.74
1245834,0.02,-1.28,187.75
1245923,0.02,-1.28,187.75
1246011,0.02,-1.28,187.75
1246100,0.01,-1.28,187.75
1246189,0.02,-1.28,187.74
1246278,0.02,-1.28,187.74
1246366,0.02,-1.28,187.74
1246455,0.02,-1.28,187.75
1246544,0.02,-1.28,187.74
1246632,0.02,-1.28,187.75
1246721,0.02,-1.27,187.75
1246810,0.02,-1.27,187.75
1246899,0.02,-1.28,187.75
1246987,0.02,-1.28,187.75
1247076,0.02,-1.28,187.74
1247165,0.02,-1.28,187.75
1247254,0.01,-1.28,187.75
1247342,0.02,-1.28,187.75
1247431,0.01,-1.27,187.75
1247520,0.02,-1.27,187.75
1247609,0.02,-1.28,187.74
1247697,0.03,-1.27,187.74
1247786,0.02,-1.27,187.74
1247875,0.03,-1.27,187.74
1247963,0.02,-1.27,187.74
1248052,0.02,-1.27,187.74
1248141,0.02,-1.27,187.74
1248230,0.02,-1.27,187.74
1248318,0.02,-1.27,187.74
1248407,0.02,-1.27,187.74
1248496,0.03,-1.27,187.74
1248585,0.02,-1.27,187.74
1248673,0.02,-1.27,187.74
1248762,0.02,-1.27,187.74
1248851,0.02,-1.27,187.74
1248940,0.02,-1.27,187.74
1249028,0.02,-1.27,187.74
1249117,0.02,-1.27,187.74
1249206,0.02,-1.27,187.74
1249294,0.02,-1.27,187.74
1249383,0.02,-1.27,187.74
1249472,0.02,-1.27,187.74
1249561,0.01,-1.27,187.74
1249649,0.02,-1.27,187.74
1249738,0.01,-1.27,187.74
1249827,0.02,-1.27,187.74
1250004,0.02,-1.27,187.74
1250182,0.02,-1.27,187.74
1250359,0.02,-1.27,187.75
1250537,0.02,-1.27,187.74
1250714,0.02,-1.27,187.74
1250892,0.02,-1.27,187.75
1251069,0.02,-1.27,187.75
1251247,0.01,-1.27,187.75
1251424,0.02,-1.27,187.75
1251602,0.02,-1.27,187.75
1251779,0.02,-1.27,187.75
1251957,0.02,-1.27,187.75
1252045,0.02,-1.28,187.75
1252134,0.02,-1.28,187.75
1252223,0.02,-1.28,187.75
1252311,0.02,-1.28,187.75
1252400,0.02,-1.28,187.75
1252489,0.02,-1.28,187.75
1252578,0.02,-1.28,187.75
1252666,0.02,-1.27,187.75
1252755,0.01,-1.28,187.75
1252844,0.02,-1.28,187.75
1252933,0.02,-1.27,187.75
1253021,0.02,-1.28,187.75
1253110,0.02,-1.28,187.75
1253199,0.02,-1.28,187.75
1253288,0.02,-1.28,187.75
1253376,0.02,-1.27,187.75
1253465,0.02,-1.28,187.75
1253554,0.01,-1.27,187.75
1253643,0.02,-1.28,187.75
1253731,0.02,-1.28,187.75
1253820,0.02,-1.28,187.75
1253909,0.02,-1.28,187.75
1253997,0.02,-1.26,187.74
1254086,0.01,-1.25,187.73
1254175,0.01,-1.26,187.73
1254264,0.02,-1.27,187.74
1254352,0.02,-1.26,187.74
1254441,0.02,-1.27,187.74
1254530,0.02,-1.27,187.74
1254619,0.02,-1.26,187.74
1254707,0.02,-1.27,187.74
1254796,0.02,-1.26,187.74
1254885,0.02,-1.27,187.74
1254974,0.02,-1.26,187.74
1255062,0.02,-1.27,187.74
1255151,0.02,-1.27,187.74
1255240,0.02,-1.27,187.74
1255328,0.02,-1.26,187.74
1255417,0.02,-1.26,187.74
1255506,0.02,-1.26,187.74
1255595,0.02,-1.27,187.74
1255772,0.02,-1.27,187.74
1255950,0.02,-1.27,187.74
1256127,0.01,-1.27,187.74
1256305,0.02,-1.27,187.74
1256482,0.02,-1.27,187.74
1256659,0.01,-1.27,187.74
1256837,0.01,-1.26,187.74
1257014,0.02,-1.26,187.74
1257192,0.01,-1.26,187.74
1257369,0.02,-1.27,187.74
1257547,0.01,-1.26,187.74
1257724,0.01,-1.27,187.74
1257902,0.01,-1.27,187.74
1258079,0.02,-1.27,187.74
1258257,0.01,-1.26,187.74
1258434,0.02,-1.27,187.74
1258612,0.03,-1.27,187.74
1258789,0.02,-1.27,187.74
1258967,0.02,-1.27,187.74
1259144,0.01,-1.27,187.74
1259321,0.01,-1.27,187.74
1259499,0.02,-1.27,187.74
1259676,0.01,-1.26,187.74
1259854,0.01,-1.26,187.74
1260031,0.02,-1.26,187.74
1260209,0.03,-1.26,187.74
1260386,0.02,-1.26,187.74
1260564,0.01,-1.26,187.74
1260741,0.02,-1.26,187.74
1260919,0.02,-1.26,187.73
1261096,0.02,-1.26,187.73
1261185,0.03,-1.26,187.74
1261273,0.02,-1.26,187.74
1261362,0.01,-1.26,187.73
1261451,0.01,-1.26,187.74
1261628,0.01,-1.26,187.74
1261806,0.01,-1.26,187.74
1261983,0.01,-1.26,187.74
1262161,0.02,-1.26,187.74
1262338,0.02,-1.26,187.74
1262427,0.01,-1.26,187.74
1262516,0.01,-1.26,187.74
1262605,0.02,-1.26,187.74
1262693,0.02,-1.26,187.74
1262782,0.02,-1.26,187.74
1262871,0.02,-1.26,187.74
1262959,0.01,-1.26,187.74
1263048,0.01,-1.26,187.74
1263137,0.02,-1.26,187.74
1263226,0.02,-1.26,187.74
1263314,0.02,-1.26,187.74
1263403,0.02,-1.26,187.74
1263492,0.02,-1.26,187.74
1263581,0.03,-1.26,187.74
1263669,0.02,-1.26,187.74
1263758,0.02,-1.26,187.74
1263847,0.02,-1.25,187.74
1263936,0.02,-1.26,187.74
1264024,0.02,-1.26,187.74
1264113,0.01,-1.26,187.73
1264202,0.02,-1.26,187.74
1264291,0.02,-1.26,187.74
1264379,0.02,-1.26,187.74
1264468,0.02,-1.26,187.74
1264557,0.02,-1.26,187.74
1264645,0.02,-1.26,187.73
1264734,0.02,-1.26,187.74
1264823,0.01,-1.26,187.73
1264912,0.02,-1.26,187.74
1265000,0.02,-1.26,187.74
1265089,0.02,-1.25,187.74
1265178,0.02,-1.25,187.74
1265267,0.02,-1.26,187.73
1265355,0.02,-1.26,187.74
1265444,0.02,-1.26,187.73
1265533,0.01,-1.26,187.73
1265622,0.01,-1.26,187.73
1265710,0.02,-1.26,187.73
1265799,0.02,-1.26,187.74
1265888,0.03,-1.25,187.73
1265976,0.02,-1.25,187.73
1266065,0.02,-1.26,187.73
1266154,0.02,-1.26,187.73
1266243,0.02,-1.25,187.73
1266331,0.02,-1.25,187.74
1266420,0.02,-1.26,187.74
1266509,0.02,-1.26,187.73
1266598,0.02,-1.26,187.73
1266686,0.02,-1.25,187.73
1266775,0.01,-1.25,187.74
1266864,0.01,-1.26,187.74
1266953,0.02,-1.26,187.73
1267041,0.02,-1.26,187.73
1267130,0.02,-1.26,187.73
1267219,0.01,-1.26,187.73
1267307,0.02,-1.26,187.74
1267485,0.02,-1.26,187.74
1267662,0.02,-1.26,187.73
1267840,0.01,-1.25,187.73
1268017,0.02,-1.26,187.74
1268195,0.02,-1.26,187.74
1268372,0.02,-1.26,187.74
1268550,0.02,-1.26,187.74
1268727,0.02,-1.25,187.74
1268905,0.02,-1.26,187.74
1269082,0.02,-1.26,187.73
1269260,0.01,-1.26,187.74
1269437,0.02,-1.26,187.74
1269615,0.02,-1.26,187.73
1269792,0.02,-1.26,187.74
1269970,0.01,-1.26,187.74
1270058,0.01,-1.26,187.74
1270147,0.02,-1.26,187.74
1270236,0.01,-1.26,187.74
1270324,0.02,-1.26,187.74
1270413,0.02,-1.26,187.74
1270502,0.02,-1.26,187.73
1270591,0.02,-1.26,187.74
1270679,0.02,-1.26,187.74
1270768,0.02,-1.26,187.74
1270857,0.02,-1.26,187.74
1270946,0.01,-1.26,187.74
1271034,0.01,-1.26,187.74
1271123,0.02,-1.26,187.74
1271212,0.03,-1.26,187.74
1271301,0.02,-1.26,187.74
1271389,0.02,-1.26,187.74
1271478,0.02,-1.26,187.74
1271567,0.02,-1.26,187.74
1271656,0.02,-1.27,187.74
1271744,0.02,-1.26,187.74
1271833,0.02,-1.26,187.74
1271922,0.01,-1.26,187.74
1272010,0.01,-1.26,187.74
1272099,0.01,-1.26,187.73
1272188,0.02,-1.26,187.74
1272277,0.02,-1.26,187.74
1272365,0.02,-1.26,187.74
1272454,0.02,-1.26,187.74
1272543,0.02,-1.26,187.74
1272632,0.02,-1.26,187.74
1272720,0.02,-1.26,187.74
1272809,0.01,-1.27,187.74
1272898,0.02,-1.26,187.74
1272987,0.02,-1.26,187.74
1273075,0.02,-1.26,187.74
1273164,0.01,-1.26,187.74
1273341,0.02,-1.27,187.74
1273519,0.01,-1.26,187.74
1273696,0.02,-1.26,187.74
1273874,0.02,-1.26,187.74
1274051,0.02,-1.26,187.73
1274229,0.01,-1.26,187.74
1274406,0.02,-1.26,187.74
1274584,0.02,-1.26,187.74
1274761,0.02,-1.26,187.73
1274939,0.02,-1.26,187.74
1275116,0.02,-1.26,187.74
1275294,0.02,-1.27,187.74
1275471,0.02,-1.26,187.74
1275649,0.02,-1.26,187.74
1275826,0.02,-1.26,187.74
1276004,0.01,-1.26,187.74
1276181,0.02,-1.26,187.73
1276359,0.02,-1.26,187.74
1276536,0.03,-1.26,187.74
1276713,0.02,-1.26,187.74
1276891,0.02,-1.26,187.74
1277068,0.02,-1.26,187.74
1277246,0.02,-1.26,187.74
1277423,0.02,-1.26,187.74
1277601,0.02,-1.27,187.74
1277778,0.01,-1.27,187.74
1277956,0.02,-1.26,187.74
1278133,0.02,-1.26,187.74
1278311,0.02,-1.26,187.74
1278488,0.02,-1.26,187.74
1278666,0.02,-1.27,187.74
1278843,0.01,-1.26,187.74
1279021,0.02,-1.26,187.74
1279109,0.02,-1.27,187.74
1279198,0.02,-1.26,187.74
1279287,0.01,-1.26,187.74
1279375,0.02,-1.27,187.74
1279464,0.02,-1.26,187.74
1279553,0.01,-1.26,187.74
1279642,0.02,-1.26,187.74
1279730,0.03,-1.27,187.74
1279819,0.01,-1.26,187.74
1279908,0.01,-1.26,187.74
1279997,0.02,-1.26,187.74
1280085,0.03,-1.26,187.74
1280174,0.02,-1.26,187.74
1280263,0.02,-1.26,187.74
1280352,0.01,-1.26,187.74
1280440,0.02,-1.26,187.74
1280529,0.01,-1.26,187.74
1280618,0.01,-1.26,187.74
1280707,0.02,-1.26,187.74
1280795,0.02,-1.26,187.74
1280884,0.02,-1.26,187.74
1280973,0.02,-1.26,187.74
1281061,0.01,-1.26,187.74
1281150,0.01,-1.26,187.74
1281239,0.01,-1.26,187.74
1281328,0.02,-1.26,187.74
1281416,0.02,-1.26,187.74
1281505,0.02,-1.26,187.74
1281594,0.02,-1.26,187.74
1281683,0.01,-1.26,187.74
1281771,0.02,-1.26,187.74
1281860,0.02,-1.26,187.74
1281949,0.01,-1.26,187.74
1282038,0.02,-1.26,187.74
1282126,0.02,-1.26,187.74
1282215,0.01,-1.26,187.74
1282304,0.02,-1.26,187.74
1282392,0.01,-1.26,187.74
1282481,0.02,-1.26,187.74
1282570,0.02,-1.26,187.74
1282659,0.02,-1.26,187.74
1282747,0.02,-1.26,187.74
1282836,0.02,-1.26,187.74
1282925,0.02,-1.26,187.74
1283014,0.02,-1.26,187.74
1283102,0.02,-1.26,187.74
1283191,0.02,-1.26,187.74
1283280,0.02,-1.26,187.74
1283369,0.01,-1.26,187.74
1283457,0.01,-1.26,187.74
1283546,0.02,-1.26,187.74
1283635,0.02,-1.26,187.75
1283724,0.02,-1.26,187.74
1283812,0.02,-1.27,187.74
1283901,0.02,-1.26,187.74
1283990,0.02,-1.26,187.74
1284078,0.02,-1.26,187.74
1284167,0.02,-1.26,187.74
1284256,0.02,-1.26,187.74
1284345,0.02,-1.26,187.74
1284433,0.01,-1.27,187.74
1284522,0.02,-1.26,187.75
1284611,0.02,-1.27,187.74
1284699,0.02,-1.26,187.75
1284788,0.02,-1.26,187.75
1284877,0.02,-1.26,187.74
1285054,0.02,-1.27,187.74
1285232,0.02,-1.26,187.75
1285409,0.02,-1.26,187.75
1285587,0.02,-1.26,187.74
1285764,0.02,-1.27,187.75
1285942,0.02,-1.26,187.74
1286119,0.02,-1.26,187.75
1286297,0.02,-1.27,187.75
1286474,0.05,-1.33,188.05
1286652,0.73,-1.36,187.86
1286829,0.02,-1.32,187.84
1287007,0.02,-1.33,187.84
1287184,0.02,-1.31,187.80
1287361,28.44,-0.39,187.54
1287539,122.12,0.33,187.31
1287716,371.79,1.94,186.94
1287894,532.87,1.45,187.00
1288071,485.44,1.31,187.01
1288160,463.98,1.76,186.92
1288249,492.42,2.19,186.87
1288338,512.41,1.51,187.01
1288426,421.60,0.10,187.28
1288515,167.81,-1.01,187.63
1288604,13.04,-1.19,187.75
1288692,0.32,-1.15,187.74
1288781,0.30,-1.14,187.74
1288870,0.29,-1.15,187.73
1288959,0.29,-1.15,187.74
1289047,0.28,-1.15,187.75
1289136,0.28,-1.15,187.75
1289225,0.27,-1.15,187.74
1289314,0.28,-1.15,187.74
1289402,0.28,-1.17,187.75
1289491,0.28,-1.16,187.74
1289580,0.27,-1.16,187.74
1289669,0.27,-1.15,187.73
1289757,0.27,-1.15,187.74
1289846,0.26,-0.94,187.78
1289935,0.26,0.04,187.99
1290023,0.27,0.16,187.98
1290112,0.27,-0.62,187.81
1290201,0.27,-0.69,191.02
1290290,0.27,1.24,236.57
1290378,0.27,5.87,367.73
1290467,0.27,6.16,371.20
1290556,0.25,6.16,371.20
1290645,0.24,6.16,371.20
1290733,0.25,6.16,371.20
1290911,0.26,3.18,371.20
1291088,0.24,-1.89,188.98
1291266,0.24,-1.87,188.57
1291443,0.24,-1.83,188.51
1291621,0.25,-1.79,188.50
1291798,0.24,-1.79,188.48
1291976,0.23,-1.14,199.29
1292153,0.25,-1.16,190.70
1292330,0.23,4.40,371.20
1292508,0.21,6.16,371.20
1292685,0.20,6.16,371.20
1292863,0.21,6.16,371.20
1293040,0.21,3.17,301.86
1293218,0.19,-7.45,194.84
1293395,0.20,-7.43,194.74
1293573,0.20,-7.33,194.66
1293750,0.19,-7.34,194.67
1293928,0.20,-7.09,194.97
1294105,0.31,6.16,198.76
1294283,0.48,6.16,199.35
1294460,0.61,6.16,199.29
1294637,0.33,6.16,192.09
1294815,0.11,-3.38,192.10
1294992,0.11,-3.62,192.17
1295170,0.11,-3.66,192.18
1295347,0.11,-3.72,192.22
1295524,0.12,-3.78,192.23
1295702,0.11,-3.77,192.24
1295791,0.11,-3.81,192.24
1295968,0.11,-3.81,192.24
1296057,0.11,-3.81,192.25
1296234,0.11,-3.82,192.26
1296412,0.10,-3.83,192.26
1296589,0.12,-3.85,192.27
1296767,0.11,-3.85,192.26
1296944,0.11,-3.85,192.27
1297122,0.11,-3.87,192.26
1297210,0.11,-3.85,192.27
1297299,0.12,-3.86,192.27
1297388,0.12,-3.87,192.27
1297477,0.12,-3.86,192.27
1297565,0.12,-3.87,192.27
1297654,0.12,-3.87,192.27
1297743,0.11,-3.87,192.27
1297831,0.11,-3.88,192.27
1297920,0.11,-3.87,192.27
1298009,0.11,-3.87,192.27
1298098,0.11,-3.88,192.28
1298186,0.11,-3.88,192.28
1298275,0.12,-3.88,192.28
1298364,0.11,-3.88,192.27
1298453,0.11,-3.88,192.27
1298541,0.12,-3.88,192.27
1298630,0.11,-3.88,192.28
1298719,0.11,-3.88,192.27
1298808,0.10,-3.88,192.28
1298896,0.11,-3.88,192.28
1298985,0.11,-3.89,192.28
1299074,0.12,-3.89,192.28
1299162,0.12,-3.89,192.28
1299251,0.12,-3.89,192.27
1299340,0.12,-3.89,192.28
1299429,0.12,-3.89,192.28
1299517,0.12,-3.89,192.28
1299606,0.11,-3.89,192.28
1299695,0.11,-3.89,192.28
1299784,0.12,-3.90,192.28
1299872,0.12,-3.90,192.28
1299961,0.11,-3.90,192.28
1300050,0.11,-3.89,192.28
1300138,0.11,-3.89,192.28
1300227,0.11,-3.90,192.28
1300316,0.11,-3.90,192.28
1300405,0.11,-3.90,192.28
1300493,0.11,-3.90,192.28
1300582,0.11,-3.90,192.28
1300671,0.11,-3.90,192.28
1300760,0.11,-3.90,192.28
1300848,0.11,-3.90,192.28
1300937,0.11,-3.90,192.28
1301026,0.12,-3.90,192.28
1301114,0.11,-3.89,192.28
1301203,0.10,-3.90,192.28
1301292,0.11,-3.90,192.28
1301381,0.12,-3.91,192.28
1301469,0.12,-3.90,192.28
1301558,0.11,-3.91,192.28
1301647,0.11,-3.90,192.28
1301736,0.11,-3.91,192.27
1301824,0.11,-3.90,192.28
1301913,0.12,-3.91,192.28
1302002,0.12,-3.91,192.28
1302090,0.12,-3.91,192.28
1302179,0.12,-3.91,192.28
1302268,0.11,-3.90,192.28
1302357,0.12,-3.90,192.28
1302445,0.12,-3.90,192.28
1302623,0.12,-3.91,192.27
1302800,0.12,-3.91,192.28
1302978,0.12,-3.91,192.28
1303155,0.11,-3.91,192.28
1303333,0.11,-3.91,192.28
1303510,0.11,-3.91,192.28
1303687,0.11,-3.91,192.28
1303865,0.11,-3.91,192.28
1304042,0.12,-3.91,192.28
1304220,0.11,-3.91,192.28
1304397,0.12,-3.91,192.28
1304575,0.11,-3.91,192.28
1304752,0.11,-3.91,192.28
1304930,0.11,-3.91,192.28
1305107,0.11,-3.91,192.28
1305285,0.11,-3.91,192.28
1305462,0.12,-3.91,192.28
1305639,0.11,-3.91,192.28
1305817,0.11,-3.91,192.28
1305994,0.11,-3.91,192.28
1306172,0.11,-3.91,192.28
1306261,0.11,-3.91,192.28
1306349,0.12,-3.91,192.28
1306438,0.11,-3.91,192.28
1306527,0.11,-3.91,192.27
1306615,0.12,-3.91,192.28
1306704,0.11,-3.91,192.28
1306793,0.11,-3.91,192.27
1306882,0.11,-3.91,192.28
1306970,0.11,-3.92,192.28
1307059,0.11,-3.91,192.28
1307148,0.11,-3.92,192.28
1307237,0.10,-3.92,192.27
1307325,0.11,-3.92,192.28
1307414,0.11,-3.92,192.27
1307503,0.11,-3.92,192.27
1307591,0.12,-3.91,192.27
1307680,0.12,-3.91,192.27
1307769,0.11,-3.91,192.27
1307858,0.12,-3.91,192.28
1307946,0.12,-3.91,192.27
1308035,0.12,-3.91,192.28
1308124,0.11,-3.91,192.28
1308213,0.11,-3.92,192.27
1308390,0.11,-3.91,192.28
1308567,0.11,-3.91,192.28
1308745,0.12,-3.92,192.28
1308922,0.11,-3.92,192.28
1309100,0.11,-3.92,192.28
1309277,0.11,-3.92,192.28
1309455,0.11,-3.92,192.27
1309632,0.11,-3.91,192.27
1309810,0.11,-3.92,192.27
1309987,0.12,-3.92,192.27
1310165,0.11,-3.92,192.27
1310342,0.12,-3.92,192.27
1310519,0.11,-3.92,192.27
1310697,0.11,-3.92,192.27
1310874,0.11,-3.91,192.27
1311052,0.11,-3.92,192.27
1311229,0.12,-3.92,192.27
1311407,0.11,-3.91,192.27
1311584,0.11,-3.92,192.27
1311762,0.12,-3.91,192.27
1311939,0.11,-3.92,192.27
1312117,0.11,-3.91,192.27
1312205,0.11,-3.91,192.27
1312294,0.10,-3.91,192.27
1312383,0.11,-3.91,192.27
1312471,0.11,-3.92,192.27
1312560,0.11,-3.91,192.27
1312649,0.11,-3.91,192.27
1312738,0.12,-3.92,192.27
1312826,0.11,-3.92,192.27
1312915,0.11,-3.91,192.27
1313004,0.11,-3.92,192.27
1313093,0.11,-3.91,192.27
1313181,0.11,-3.92,192.26
1313270,0.11,-3.91,192.27
1313359,0.11,-3.91,192.26
1313447,0.11,-3.91,192.27
1313536,0.11,-3.91,192.27
1313625,0.11,-3.91,192.27
1313714,0.11,-3.92,192.26
1313802,0.11,-3.91,192.27
1313891,0.12,-3.92,192.26
1313980,0.11,-3.92,192.27
1314157,0.11,-3.91,192.27
1314335,0.11,-3.91,192.27
1314512,0.11,-3.92,192.27
1314690,0.11,-3.91,192.27
1314867,0.10,-3.91,192.27
1315045,0.11,-3.91,192.27
1315222,0.11,-3.91,192.27
1315311,0.11,-3.91,192.26
1315399,0.11,-3.92,192.27
1315488,0.11,-3.91,192.26
1315577,0.11,-3.92,192.27
1315666,0.11,-3.91,192.26
1315754,0.11,-3.92,192.27
1315843,0.12,-3.91,192.26
1315932,0.11,-3.92,192.27
1316021,0.12,-3.91,192.26
1316109,0.12,-3.91,192.27
1316198,0.11,-3.91,192.26
1316287,0.11,-3.92,192.27
1316375,0.11,-3.91,192.26
1316464,0.11,-3.92,192.27
1316553,0.11,-3.92,192.26
1316642,0.11,-3.92,192.27
1316730,0.11,-3.91,192.26
1316819,0.12,-3.92,192.26
1316908,0.11,-3.91,192.26
1316997,0.12,-3.91,192.27
1317085,0.12,-3.91,192.26
1317174,0.11,-3.92,192.26
1317263,0.10,-3.91,192.26
1317351,0.11,-3.92,192.26
1317440,0.11,-3.91,192.26
1317529,0.11,-3.91,192.27
1317618,0.11,-3.91,192.26
1317706,0.11,-3.91,192.26
1317795,0.11,-3.91,192.26
1317884,0.11,-3.91,192.26
1317973,0.11,-3.91,192.25
1318061,0.11,-3.91,192.26
1318150,0.11,-3.90,192.26
1318239,0.11,-3.91,192.26
1318327,0.11,-3.91,192.25
1318416,0.10,-3.91,192.26
1318505,0.11,-3.90,192.26
1318594,0.12,-3.90,192.26
1318682,0.12,-3.91,192.26
1318771,0.11,-3.90,192.26
1318860,0.11,-3.90,192.26
1318949,0.11,-3.91,192.26
1319037,0.11,-3.90,192.27
1319126,0.11,-3.91,192.27
1319215,0.10,-3.91,192.26
1319303,0.11,-3.90,192.27
1319392,0.11,-3.91,192.26
1319481,0.11,-3.90,192.26
1319570,0.11,-3.91,192.26
1319658,0.11,-3.91,192.26
1319747,0.11,-3.91,192.26
1319836,0.11,-3.91,192.27
1319925,0.12,-3.90,192.26
1320102,0.11,-3.91,192.26
1320279,0.11,-3.90,192.26
1320457,0.12,-3.91,192.27
1320634,0.11,-3.91,192.26
1320812,0.11,-3.91,192.27
1320989,0.11,-3.90,192.27
1321167,0.11,-3.91,192.26
1321344,0.11,-3.90,192.26
1321522,0.11,-3.91,192.27
1321699,0.11,-3.91,192.26
1321877,0.12,-3.90,192.26
1322054,0.11,-3.90,192.27
1322231,0.11,-3.91,192.26
1322409,0.10,-3.90,192.26
1322586,0.11,-3.90,192.27
1322764,0.11,-3.91,192.27
1322941,0.11,-3.91,192.26
1323119,0.11,-3.90,192.26
1323296,0.11,-3.90,192.27
1323474,0.11,-3.90,192.26
1323651,0.11,-3.90,192.26
1323829,0.12,-3.91,192.27
1324006,0.11,-3.90,192.26
1324183,0.11,-3.91,192.27
1324361,0.11,-3.90,192.26
1324450,0.11,-3.90,192.26
1324538,0.12,-3.91,192.26
1324627,0.11,-3.90,192.26
1324716,0.11,-3.90,192.26
1324805,0.11,-3.90,192.26
1324893,0.11,-3.91,192.26
1324982,0.11,-3.91,192.26
1325071,0.11,-3.90,192.27
1325159,0.11,-3.90,192.26
1325248,0.11,-3.90,192.27
1325337,0.11,-3.91,192.26
1325426,0.11,-3.90,192.26
1325514,0.10,-3.91,192.26
1325603,0.11,-3.91,192.27
1325692,0.11,-3.91,192.27
1325781,0.12,-3.91,192.26
1325958,0.12,-3.90,192.27
1326135,0.11,-3.91,192.27
1326313,0.11,-3.91,192.27
1326490,0.10,-3.91,192.27
1326668,0.12,-3.91,192.26
1326845,0.11,-3.91,192.27
1327023,0.11,-3.91,192.27
1327200,0.12,-3.91,192.27
1327378,0.11,-3.90,192.27
1327555,0.11,-3.91,192.27
1327733,0.12,-3.91,192.27
1327910,0.10,-3.90,192.27
1328087,0.11,-3.91,192.26
1328265,0.11,-3.90,192.27
1328442,0.11,-3.90,192.27
1328531,0.11,-3.90,192.27
1328620,0.11,-3.91,192.27
1328709,0.11,-3.91,192.27
1328797,0.11,-3.90,192.27
1328886,0.11,-3.91,192.27
1328975,0.11,-3.90,192.27
1329063,0.11,-3.91,192.27
1329152,0.11,-3.91,192.27
1329241,0.11,-3.91,192.27
1329330,0.11,-3.91,192.27
1329418,0.11,-3.91,192.27
1329507,0.11,-3.91,192.27
1329596,0.11,-3.91,192.27
1329684,0.11,-3.90,192.27
1329773,0.11,-3.90,192.27
1329862,0.11,-3.90,192.27
1329951,0.12,-3.90,192.27
1330039,0.11,-3.90,192.27
1330128,0.11,-3.91,192.27
1330217,0.11,-3.91,192.27
1330306,0.11,-3.90,192.27
1330394,0.12,-3.91,192.27
1330483,0.11,-3.90,192.27
1330572,0.12,-3.90,192.27
1330660,0.11,-3.91,192.27
1330749,0.11,-3.91,192.27
1330838,0.12,-3.90,192.27
1330927,0.12,-3.90,192.27
1331015,0.11,-3.91,192.27
1331104,0.11,-3.90,192.27
1331193,0.11,-3.91,192.27
1331282,0.11,-3.90,192.27
1331370,0.11,-3.90,192.27
1331459,0.11,-3.90,192.26
1331548,0.11,-3.91,192.27
1331637,0.10,-3.91,192.27
1331725,0.11,-453.30,192.26
1331903,0.11,-3.90,192.27
1332080,0.12,-3.91,192.27
1332258,0.11,-3.91,192.26
1332435,0.11,-3.91,192.26
1332613,0.11,-3.90,192.26
1332790,0.11,-3.90,192.26
1332967,0.11,-3.90,192.27
1333145,0.11,-3.91,192.26
1333322,0.12,-3.90,192.26
1333500,0.11,-3.91,192.27
1333589,0.11,-3.91,192.26
1333677,0.11,-3.91,192.26
1333766,0.11,-3.91,192.26
1333855,0.11,-3.91,192.27
1333943,0.11,-3.91,192.26
1334032,0.11,-3.90,192.27
1334121,0.11,-3.91,192.27
1334210,0.11,-3.90,192.26
1334298,0.11,-3.90,192.27
1334387,0.11,-3.90,192.26
1334476,0.11,-3.91,192.26
1334564,0.11,-3.91,192.26
1334653,0.11,-3.90,192.26
1334742,0.12,-3.90,192.26
1334831,0.12,-3.90,192.26
1334919,0.12,-3.91,192.26
1335008,0.11,-3.90,192.26
1335097,0.11,-3.91,192.26
1335186,0.12,-3.90,192.26
1335274,0.11,-3.90,192.26
1335363,0.11,-3.90,192.26
1335452,0.11,-3.90,192.26
1335540,0.11,-3.90,192.26
1335629,0.11,-3.91,192.26
1335718,0.11,-3.91,192.26
1335807,0.12,-3.90,192.26
1335895,0.12,-3.90,192.26
1335984,0.12,-3.91,192.26
1336073,0.12,-3.91,192.26
1336162,0.11,-3.91,192.26
1336250,0.11,-3.90,192.26
1336339,0.12,-3.90,192.26
1336428,0.11,-3.90,192.26
1336517,0.11,-3.90,192.26
1336605,0.12,-3.90,192.26
1336694,0.11,-3.90,192.26
1336783,0.11,-3.90,192.26
1336871,0.11,-3.90,192.26
1336960,0.11,-3.90,192.26
1337049,0.11,-3.90,192.26
1337138,0.11,-3.90,192.26
1337226,0.11,-3.90,192.26
1337315,0.12,-3.90,192.26
1337404,0.11,-3.90,192.26
1337492,0.11,-3.90,192.26
1337670,0.11,-3.90,192.26
1337847,0.12,-3.90,192.26
1338025,0.11,-3.90,192.26
1338202,0.11,-3.90,192.26
1338380,0.11,-3.90,192.26
1338557,0.11,-3.90,192.26
1338735,0.11,-3.90,192.26
1338912,0.11,-3.90,192.26
1339090,0.11,-3.90,192.26
1339267,0.11,-3.90,192.26
1339444,0.11,-3.89,192.26
1339622,0.11,-3.90,192.26
1339799,0.12,-3.89,192.26
1339977,0.11,-3.90,192.26
1340154,0.11,-3.90,192.26
1340332,0.11,-3.89,192.26
1340509,0.11,-3.89,192.26
1340687,0.11,-3.90,192.26
1340864,0.12,-3.90,192.26
1341041,0.10,-3.90,192.26
1341219,0.11,-3.90,192.26
1341396,0.11,-3.90,192.26
1341574,0.11,-3.90,192.26
1341751,0.11,-3.90,192.26
1341929,0.11,-3.90,192.26
1342106,0.11,-3.89,192.26
1342284,0.11,-3.89,192.26
1342461,0.11,-3.89,192.26
1342550,0.11,-3.90,-332.22
1342639,0.12,-3.90,192.26
1342727,0.11,-3.90,192.26
1342816,0.11,-3.90,192.26
1342905,0.11,-3.89,192.26
1342993,0.11,-3.90,192.26
1343082,0.10,-3.90,192.26
1343171,0.10,-3.90,192.26
1343260,0.11,-3.89,192.26
1343437,0.11,-3.89,192.26
1343615,0.11,-3.90,192.26
1343792,0.11,-3.90,192.26
1343969,0.11,-3.90,192.26
1344147,0.11,-3.90,192.26
1344324,0.11,-3.90,192.26
1344502,0.11,-3.89,192.26
1344679,0.11,-3.90,192.26
1344857,0.11,-3.89,192.26
1344945,0.11,-3.89,192.26
1345034,0.11,-3.90,192.26
1345123,0.11,-3.90,192.27
1345212,0.12,-3.90,192.26
1345300,0.11,-3.90,192.26
1345389,0.11,-3.90,192.26
1345478,0.11,-3.90,192.26
1345566,0.11,-3.91,192.27
1345655,0.11,-3.90,192.26
1345744,0.11,-3.90,192.26
1345833,0.11,-3.89,192.26
1345921,0.11,-3.90,192.26
1346010,0.11,-3.90,192.26
1346099,0.11,-3.89,192.26
1346188,0.11,-3.90,192.26
1346276,0.10,-3.91,192.27
1346365,0.11,-3.91,192.27
1346454,0.11,-3.92,192.26
1346542,0.11,-3.91,192.26
1346631,0.11,-3.91,192.26
1346720,0.10,-3.91,192.26
1346809,0.11,-3.91,192.26
1346897,0.11,-3.91,192.26
1346986,0.11,-3.91,192.27
1347075,0.11,-3.92,192.27
1347163,0.11,-3.92,192.27
1347252,0.11,-3.92,192.27
1347341,0.11,-3.93,192.27
1347430,0.11,-3.93,192.27
1347518,0.10,-3.93,192.27
1347607,0.11,-3.92,192.27
1347696,0.10,-3.93,192.27
1347785,0.10,-3.92,192.27
1347873,0.10,-3.93,192.28
1347962,0.11,-3.92,192.27
1348051,0.12,-3.93,192.28
1348139,0.12,-3.92,192.28
1348228,0.11,-3.93,192.28
1348317,0.11,-3.92,192.27
1348406,0.10,-3.93,192.27
1348494,0.11,-3.92,192.27
1348583,0.11,-3.93,192.27
1348672,0.11,-3.92,192.27
1348760,0.11,-3.93,192.27
1348849,0.11,-3.92,192.27
1348938,0.11,-3.92,192.27
1349027,0.11,-3.92,192.27
1349115,0.11,-3.93,192.28
1349204,0.11,-3.92,192.27
1349382,0.11,-3.92,192.27
1349559,0.11,-3.92,192.27
1349736,0.11,-3.93,192.28
1349914,0.11,-3.93,192.27
1350091,0.11,-3.93,192.28
1350269,0.11,-3.93,192.28
1350446,0.10,-3.93,192.28
1350624,0.10,-3.93,192.28
1350801,0.11,-3.93,192.28
1350979,0.11,-3.93,192.28
1351156,0.11,-3.93,192.28
1351333,0.12,-3.93,192.28
1351511,0.11,-3.93,192.28
1351688,0.11,-3.93,192.28
1351777,0.11,-3.93,192.28
1351866,0.10,-3.93,192.28
1351954,0.11,-3.93,192.28
1352043,0.11,-3.93,192.28
1352132,0.11,-3.93,192.28
1352221,0.10,-3.93,192.28
1352309,0.11,-3.93,192.28
1352398,0.11,-3.93,192.28
1352487,0.10,-3.94,192.28
1352576,0.11,-3.93,192.28
1352664,0.11,-3.94,192.28
1352753,0.11,-3.94,192.28
1352842,0.11,-3.94,192.28
1352930,0.11,-3.93,192.29
1353019,0.10,-3.93,192.28
1353108,0.10,-3.93,192.28
1353197,0.11,-3.93,192.28
1353285,0.11,-3.93,192.28
1353374,0.10,-3.94,192.28
1353463,0.10,-3.94,192.28
1353551,0.11,-3.94,192.28
1353640,0.11,-3.94,192.28
1353729,0.11,-3.94,192.28
1353818,0.11,-3.94,192.28
1353906,0.11,-3.94,192.29
1353995,0.11,-3.94,192.28
1354084,0.11,-3.94,192.29
1354173,0.11,-3.94,192.28
1354261,0.11,-3.94,192.29
1354350,0.11,-3.94,192.28
1354439,0.11,-3.94,192.28
1354527,0.12,-3.94,192.28
1354616,0.12,-3.94,192.28
1354705,0.12,-3.94,192.28
1354794,0.11,-3.94,192.29
1354882,0.11,-3.94,192.29
1354971,0.11,-3.94,192.28
1355060,0.11,-3.94,192.29
1355237,0.11,-3.94,192.28
1355415,0.11,-3.94,192.29
1355592,0.11,-3.94,192.29
1355770,0.11,-3.94,192.28
1355947,0.11,-3.94,192.28
1356124,0.11,-3.94,192.28
1356302,0.11,-3.94,192.28
1356479,0.11,-3.94,192.28
1356657,0.11,-3.95,192.28
1356834,0.11,-3.94,192.28
1357012,0.11,-3.94,192.28
1357189,0.11,-3.94,192.28
1357367,0.11,-3.94,192.28
1357544,0.11,-3.95,192.29
1357722,0.11,-3.95,192.28
1357899,0.11,-3.95,192.28
1358076,0.11,-3.94,192.28
1358254,0.11,-3.95,192.28
1358431,0.11,-3.95,192.28
1358609,0.12,-3.95,192.28
1358786,0.11,-3.95,192.28
1358964,0.12,-3.95,192.28
1359141,0.11,-3.95,192.28
1359319,0.11,-3.94,192.28
1359496,0.11,-3.95,192.28
1359673,0.11,-3.95,192.28
1359851,0.11,-3.95,192.28
1360028,0.10,-3.95,192.28
1360206,0.11,-3.95,192.28
1360383,0.10,-3.95,192.28
1360561,0.11,-3.95,192.28
1360738,0.11,-3.95,192.28
1360827,0.11,-3.95,192.28
1361004,0.11,-3.95,192.28
1361093,0.11,-3.95,192.28
1361182,0.10,-3.95,192.28
1361270,0.10,-3.95,192.28
1361359,0.10,-3.95,192.28
1361448,0.11,-3.95,192.28
1361537,0.11,-3.95,192.28
1361625,0.11,-3.95,192.27
1361714,0.11,-3.95,192.28
1361803,0.11,-3.94,192.28
1361892,0.11,-3.94,192.28
1361980,0.11,-3.94,192.28
1362069,0.11,-3.94,192.28
1362158,0.11,-3.95,192.28
1362246,0.11,-3.95,192.28
1362335,0.11,-3.94,192.28
1362424,0.11,-3.94,192.28
1362513,0.11,-3.95,192.28
1362601,0.11,-3.95,192.28
1362690,0.11,-3.95,192.28
1362779,0.11,-3.95,192.28
1362867,0.11,-3.95,192.28
1362956,0.11,-3.95,192.28
1363045,0.10,-3.95,192.28
1363134,0.10,-3.94,192.28
1363222,0.11,-3.95,192.28
1363311,0.11,-3.96,192.28
1363400,0.11,-3.95,192.28
1363489,0.11,-3.95,192.28
1363577,0.12,-3.95,192.28
1363666,0.12,-3.95,192.28
1363755,0.11,-3.95,192.28
1363843,0.11,-3.95,192.28
1363932,0.11,-3.95,192.28
1364021,0.11,-3.95,192.28
1364110,0.10,-3.95,192.28
1364198,0.11,-3.95,192.28
1364287,0.11,-3.95,192.28
1364376,0.11,-3.95,192.27
1364465,0.11,-3.95,192.28
1364553,0.11,-3.95,192.28
1364642,0.11,-3.95,192.28
1364731,0.12,-3.95,192.28
1364819,0.11,-3.94,192.28
1364908,0.11,-3.95,192.28
1364997,0.11,-3.95,192.28
1365086,0.11,-3.95,192.28
1365174,0.11,-3.95,192.28
1365263,0.11,-3.95,192.28
1365352,0.11,-3.94,192.28
1365440,0.11,-3.94,192.28
1365529,0.12,-3.94,192.28
1365618,0.12,-3.94,192.28
1365707,0.11,-3.94,192.27
1365795,0.11,-3.94,192.28
1365884,0.11,-3.95,192.28
1365973,0.11,-3.95,192.28
1366062,0.11,-3.94,192.28
1366150,0.11,-3.94,192.27
1366239,0.11,-3.94,192.27
1366328,0.11,-3.94,192.27
1366416,0.11,-3.94,192.27
1366505,0.11,-3.94,192.27
1366594,0.11,-3.94,192.27
1366683,0.11,-3.94,192.27
1366860,0.11,-3.94,192.27
1367037,0.10,-3.94,192.27
1367215,0.11,-3.94,192.27
1367392,0.11,-3.94,192.27
1367570,0.11,-3.94,192.27
1367747,0.11,-3.94,192.27
1367925,0.11,-3.94,192.27
1368102,0.11,-3.94,192.27
1368280,0.11,-3.94,192.27
1368457,0.11,-3.93,192.27
1368635,0.11,-3.94,192.27
1368812,0.10,-3.94,192.27
1368989,0.10,-3.94,192.27
1369167,0.12,-3.94,192.27
1369344,0.12,-3.94,192.27
1369522,0.11,-3.94,192.27
1369699,0.11,-3.93,192.27
1369877,0.11,-3.94,192.27
1369965,0.11,-3.94,192.27
1370054,0.11,-3.94,192.27
1370143,0.11,-3.94,192.27
1370232,0.11,-3.94,192.27
1370320,0.10,-3.94,192.27
1370409,0.11,-3.94,192.27
1370498,0.11,-3.94,192.27
1370586,0.11,-3.94,192.27
1370675,0.11,-3.94,192.27
1370764,0.11,-3.94,192.27
1370853,0.10,-3.94,192.27
1370941,0.10,-3.94,192.27
1371030,0.11,-3.94,192.27
1371119,0.11,-3.94,192.27
1371207,0.10,-3.94,192.27
1371296,0.10,-3.94,192.27
1371385,0.11,-3.94,192.27
1371474,0.11,-3.94,192.27
1371562,0.11,-3.94,192.27
1371651,0.11,-3.94,192.27
1371740,0.11,-3.94,192.27
1371829,0.11,-3.94,192.27
1371917,0.11,-3.94,192.27
1372006,0.11,-3.93,192.27
1372095,0.11,-3.94,192.27
1372183,0.11,-3.93,192.27
1372272,0.11,-3.94,192.27
1372361,0.11,-3.94,192.27
1372450,0.11,-3.94,192.27
1372538,0.11,-3.94,192.27
1372716,0.10,-3.94,192.26
1372893,0.11,-3.94,192.26
1373071,0.11,-3.94,192.26
1373248,0.11,-3.94,192.27
1373425,0.11,-3.94,192.26
1373603,0.11,-3.94,192.26
1373780,0.12,-3.94,192.27
1373958,0.11,-3.94,192.27
1374135,0.11,-3.94,192.27
1374313,0.10,-3.93,192.27
1374490,0.10,-3.94,192.27
1374668,0.11,-3.93,192.26
1374845,0.11,-3.93,192.27
1375022,0.10,-3.94,192.27
1375200,0.11,-3.93,192.26
1375377,0.11,-3.93,192.27
1375555,0.10,-3.94,192.27
1375732,0.11,-3.93,192.26
1375910,0.11,-3.93,192.26
1376087,0.11,-3.93,192.26
1376265,0.10,-3.93,192.26
1376442,0.10,-3.93,192.26
1376619,0.11,-3.92,192.26
1376797,0.10,-3.92,192.25
1376974,0.10,-3.91,192.25
1377152,0.11,-3.91,192.25
1377329,0.11,-3.91,192.24
1377418,0.11,-3.90,192.24
1377507,0.10,-3.91,192.24
1377595,0.10,-3.90,192.24
1377684,0.10,-3.91,192.24
1377862,0.11,-3.91,192.24
1378039,0.10,-3.91,192.24
1378216,0.11,-3.91,192.24
1378394,0.11,-3.92,192.24
1378571,0.11,-3.91,192.24
1378749,0.10,-3.92,192.24
1378926,0.10,-3.92,192.24
1379015,0.11,-3.91,192.25
1379104,0.11,-3.91,192.24
1379192,0.10,-3.92,192.24
1379281,0.10,-3.91,192.24
1379370,0.11,-3.91,192.25
1379459,0.11,-3.91,192.24
1379547,0.10,-3.92,192.24
1379636,0.10,-3.91,192.24
1379725,0.11,-3.92,192.24
1379813,0.11,-3.91,192.24
1379902,0.11,-3.92,192.24
1379991,0.10,-3.91,192.24
1380080,0.11,-3.91,192.25
1380168,0.11,-3.91,192.24
1380257,0.11,-3.91,192.24
1380346,0.11,-3.91,192.24
1380434,0.12,-3.91,192.24
1380523,0.12,-3.91,192.24
1380612,0.11,-3.91,192.24
1380701,0.10,-3.91,192.24
1380789,0.11,-3.91,192.24
1380878,0.11,-3.91,192.24
1380967,0.11,-3.91,192.24
1381056,0.10,-3.91,192.24
1381144,0.11,-3.91,192.24
1381233,0.12,-3.91,192.24
1381322,0.11,-3.91,192.24
1381410,0.10,-3.91,192.24
1381499,0.10,-3.91,192.24
1381588,0.10,-3.91,192.24
1381677,0.10,-3.91,192.25
1381765,0.11,-3.91,192.24
1381854,0.11,-3.91,192.24
1381943,0.11,-3.91,192.24
1382031,0.11,-3.91,192.24
1382120,0.11,-3.91,192.25
1382209,0.11,-3.91,192.25
1382298,0.11,-3.91,192.24
1382386,0.11,-3.91,192.24
1382475,0.11,-3.91,192.25
1382564,0.11,-3.91,192.25
1382653,0.10,-3.91,192.24
1382741,0.10,-3.91,192.25
1382830,0.11,-3.91,192.24
1382919,0.11,-3.91,192.24
1383007,0.11,-3.91,192.24
1383096,0.11,-3.91,192.25
1383185,0.11,-3.91,192.24
1383274,0.11,-3.91,192.24
1383362,0.11,-3.91,192.24
1383451,0.10,-3.91,192.24
1383540,0.11,-3.91,192.24
1383628,0.11,-3.91,192.25
1383717,0.10,-3.91,192.24
1383806,0.10,-3.91,192.25
1383895,0.10,-3.91,192.24
1383983,0.11,-3.91,192.24
1384072,0.11,-3.91,192.24
1384161,0.11,-3.91,192.24
1384338,0.10,-3.91,192.25
1384516,0.11,-3.91,192.24
1384693,0.11,-3.90,192.24
1384871,0.11,-3.90,192.24
1385048,0.11,-3.91,192.24
1385225,0.11,-3.90,192.24
1385403,0.11,-3.90,192.24
1385580,0.10,-3.90,192.24
1385758,0.10,-3.91,192.25
1385935,0.11,-3.90,192.24
1386113,0.11,-3.90,192.24
1386290,0.11,-3.91,192.24
1386468,0.11,-3.91,192.24
1386645,0.11,-3.90,192.24
1386822,0.11,-3.90,192.25
1387000,0.10,-3.91,192.24
1387177,0.11,-3.90,192.24
1387355,0.11,-3.90,192.24
1387532,0.11,-3.91,192.24
1387710,0.11,-3.90,192.24
1387887,0.11,-3.90,192.24
1388065,0.11,-3.90,192.24
1388153,0.11,-3.90,192.24
1388242,0.11,-3.90,192.24
1388331,0.10,-3.90,192.24
1388419,0.11,-3.90,192.24
1388508,0.10,-3.91,192.24
1388597,0.10,-3.90,192.24
1388686,0.11,-3.90,192.24
1388774,0.10,-3.90,192.24
1388863,0.11,-3.90,192.24
1388952,0.11,-3.90,192.24
1389041,0.11,-3.90,192.24
1389129,0.10,-3.90,192.24
1389218,0.11,-3.90,192.24
1389307,0.11,-3.90,192.24
1389395,0.11,-3.90,192.24
1389484,0.11,-3.90,192.24
1389573,0.11,-3.90,192.24
1389662,0.11,-3.90,192.24
1389750,0.10,-3.90,192.24
1389839,0.10,-3.90,192.24
1389928,0.11,-3.90,192.24
1390105,0.11,-3.90,192.25
1390283,0.11,-3.90,192.24
1390460,0.12,-3.90,192.24
1390638,0.11,-3.90,192.24
1390815,0.10,-3.90,192.24
1390992,0.11,-3.90,192.24
1391170,0.11,-3.90,192.25
1391347,0.11,-3.90,192.24
1391525,0.11,-3.90,192.24
1391702,0.11,-3.90,192.24
1391880,0.11,-3.90,192.24
1392057,0.11,-3.90,192.25
1392235,0.11,-3.90,192.24
1392412,0.11,-3.90,192.24
1392589,0.11,-3.90,192.24
1392767,0.11,-3.90,192.24
1392944,0.10,-3.90,192.24
1393122,0.10,-3.90,192.25
1393299,0.10,-3.90,192.24
1393477,0.10,-3.90,192.24
1393565,0.10,-3.90,192.24
1393654,0.11,-3.91,192.24
1393743,0.11,-3.90,192.24
1393832,0.11,-3.90,192.24
1393920,0.11,-3.90,192.24
1394009,0.11,-3.90,192.25
1394098,0.10,-3.90,192.24
1394186,0.10,-3.90,192.25
1394275,0.11,-3.90,192.24
1394364,0.11,-3.91,192.24
1394453,0.11,-3.90,192.24
1394541,0.10,-3.90,192.24
1394630,0.10,-3.90,192.24
1394719,0.10,-3.90,192.24
1394808,0.10,-3.90,192.24
1394896,0.11,-3.90,192.24
1394985,0.11,-3.91,192.24
1395074,0.11,-3.91,192.24
1395162,0.11,-3.90,192.25
1395251,0.11,-3.90,192.24
1395340,0.11,-3.91,192.24
1395429,0.11,-3.90,192.24
1395517,0.11,-3.90,192.24
1395606,0.11,-3.90,192.24
1395695,0.11,-3.90,192.24
1395783,0.11,-3.90,192.24
1395872,0.11,-3.90,192.24
1396050,0.11,-3.90,192.24
1396227,0.11,-3.90,192.24
1396405,0.11,-3.90,192.24
1396582,0.11,-3.90,192.24
1396759,0.11,-3.90,192.24
1396937,0.11,-3.90,192.24
1397114,0.11,-3.90,192.24
1397203,0.11,-3.90,192.24
1397292,0.11,-3.90,192.25
1397381,0.11,-3.90,192.24
1397469,0.11,-3.90,192.24
1397558,0.11,-3.90,192.24
1397647,0.11,-3.90,192.24
1397735,0.11,-3.90,192.24
1397824,0.11,-3.90,192.24
1397913,0.11,-3.90,192.24
1398002,0.11,-3.90,192.24
1398090,0.11,-3.90,192.24
1398179,0.11,-3.90,192.24
1398268,0.11,-3.90,192.24
1398357,0.11,-3.90,192.24
1398445,0.11,-3.90,192.24
1398534,0.11,-3.90,192.24
1398623,0.11,-3.90,192.24
1398711,0.10,-3.90,192.24
1398800,0.11,-3.90,192.24
1398889,0.11,-3.90,192.24
1398978,0.11,-3.90,192.24
1399066,0.11,-3.91,192.24
1399155,0.11,-3.90,192.24
1399244,0.11,-3.90,192.24
1399332,0.10,-3.90,192.24
1399421,0.10,-3.90,192.25
1399510,0.10,-3.90,192.24
1399599,0.10,-3.90,192.24
1399687,0.11,-3.90,192.24
1399776,0.11,-3.90,192.24
1399865,0.11,-3.90,192.24
1399954,0.11,-3.90,192.24
1400042,0.11,-3.90,192.24
1400131,0.11,-3.90,192.24
1400220,0.10,-3.90,192.24
1400308,0.11,-3.90,192.24
1400397,0.11,-3.90,192.24
1400486,0.11,-3.90,192.24
1400575,0.11,-3.90,192.24
1400663,0.11,-3.90,192.24
1400752,0.11,-3.91,192.24
1400841,0.11,-3.90,192.24
1400930,0.11,-3.90,192.24
1401018,0.11,-3.90,192.24
1401107,0.11,-3.90,192.24
1401196,0.10,-3.90,192.24
1401284,0.10,-3.90,192.24
1401373,0.11,-3.90,192.24
1401462,0.11,-3.90,192.24
1401551,0.10,-3.90,192.24
1401639,0.11,-3.90,192.24
1401817,0.11,-3.90,192.24
1401994,0.10,-3.90,192.24
1402172,0.11,-3.90,192.24
1402349,0.10,-3.90,192.24
1402527,0.11,-3.90,192.24
1402704,0.11,-3.90,192.24
1402881,0.11,-3.90,192.24
1403059,0.11,-3.90,192.24
1403236,0.11,-3.90,192.24
1403414,0.11,-3.91,192.24
1403591,0.11,-3.91,192.24
1403769,0.11,-3.91,192.24
1403946,0.11,-3.90,192.24
1404124,0.11,-3.90,192.24
1404301,0.11,-3.90,192.24
1404478,0.11,-3.90,192.24
1404656,0.11,-3.90,192.24
1404833,0.11,-3.90,192.24
1405011,0.10,-3.90,192.24
1405188,0.12,-3.90,192.24
1405366,0.11,-3.90,192.24
1405543,0.12,-3.90,192.25
1405721,0.11,-3.91,192.25
1405898,0.11,-3.91,192.25
1406076,0.10,-3.91,192.25
1406253,0.11,-3.91,192.25
1406342,0.10,-3.91,192.25
1406430,0.11,-3.91,192.25
1406519,0.11,-3.91,192.25
1406608,0.11,-3.90,192.25
1406697,0.11,-3.90,192.25
1406785,0.11,-3.90,192.24
1406874,0.10,-3.90,192.24
1406963,0.11,-3.90,192.24
1407051,0.11,-3.90,192.25
1407140,0.11,-3.91,192.25
1407229,0.11,-3.90,192.25
1407318,0.11,-3.91,192.25
1407406,0.11,-3.91,192.25
1407584,0.11,-3.91,192.25
1407761,0.10,-3.91,192.25
1407939,0.11,-3.91,192.25
1408116,0.10,-3.91,192.25
1408294,0.10,-3.91,192.25
1408471,0.11,-3.91,192.25
1408648,0.11,-3.91,192.25
1408826,0.11,-3.91,192.25
1409003,0.10,-3.90,192.25
1409181,0.11,-3.91,192.25
1409358,0.11,-3.91,192.25
1409536,0.11,-3.91,192.25
1410139,0.11,-3.90,192.25
1410228,0.12,-3.91,192.25
1410316,0.11,-3.91,192.25
1410405,0.11,-3.91,192.25
1410494,0.10,-3.91,192.25
1410583,0.11,-3.91,192.25
1410671,0.11,-3.91,192.25
1410760,0.11,-3.91,192.25
1410849,0.10,-3.91,192.25
1410938,0.11,-3.91,192.25
1411026,0.11,-3.91,192.25
1411115,0.11,-3.91,192.25
1411204,0.10,-3.91,192.25
1411292,0.11,-3.91,192.25
1411381,0.11,-3.91,192.25
1411470,0.11,-3.91,192.25
1411559,0.11,-3.91,192.25
1411647,0.11,-3.91,192.25
1411736,0.11,-3.91,192.25
1411825,0.11,-3.91,192.25
1411914,0.11,-3.91,192.25
1412002,0.11,-3.92,192.25
1412091,0.11,-3.92,192.25
1412180,0.10,-3.91,192.25
1412268,0.11,-3.91,192.25
1412357,0.10,-3.91,192.26
1412446,0.11,-3.91,192.25
1412535,0.11,-3.92,192.25
1412623,0.11,-3.91,192.26
1412712,0.11,-3.91,192.25
1412801,0.11,-3.92,192.26
1412890,0.11,-3.92,192.26
1412978,0.11,-3.92,192.26
1413067,0.11,-3.91,192.25
1413156,0.11,-3.91,192.25
1413244,0.11,-3.91,192.25
1413422,0.11,-3.91,192.25
1413599,0.11,-3.91,192.25
1413777,0.11,-3.90,192.25
1413954,0.11,-3.90,192.25
1414132,0.11,-3.90,192.25
1414309,0.11,-3.90,192.25
1414487,0.11,-3.90,192.24
1414664,0.11,-3.89,192.24
1414841,0.11,-3.89,192.24
1415019,0.11,-3.89,192.24
1415196,0.11,-3.89,192.24
1415374,0.11,-3.89,192.24
1415551,0.11,-3.89,192.24
1415729,0.10,-3.89,192.24
1415906,0.11,-3.89,192.24
1416084,0.11,-3.89,192.24
1416261,0.11,-3.90,192.24
1416439,0.11,-3.89,192.24
1416616,0.11,-3.89,192.24
1416793,0.11,-3.89,192.24
1416971,0.10,-3.89,192.24
1417148,0.10,-3.89,192.25
1417237,0.10,-3.89,192.24
1417326,0.10,-3.89,192.24
1417414,0.10,-3.89,192.24
1417503,0.10,-3.89,192.24
1417592,0.11,-3.90,192.24
1417681,0.11,-3.90,192.24
1417769,0.11,-3.89,192.24
1417858,0.11,-3.89,192.24
1417947,0.11,-3.90,192.24
1418036,0.11,-3.90,192.24
1418124,0.10,-3.90,192.24
1418213,0.10,-3.90,192.24
1418302,0.11,-3.89,192.24
1418390,0.11,-3.89,192.24
1418479,0.11,-3.90,192.24
1418568,0.12,-3.89,192.24
1418657,0.11,-3.90,192.24
1418745,0.11,-3.90,192.24
1418834,0.11,-3.90,192.24
1418923,0.11,-3.90,192.24
1419012,0.11,-3.89,192.24
1419100,0.11,-601.27,192.24
1419278,0.11,-3.90,192.24
1419455,0.10,-3.89,192.24
1419633,0.11,-3.90,192.24
1419810,0.11,-3.89,192.24
1419987,0.10,-3.90,192.24
1420165,0.10,-3.89,192.24
1420342,0.11,-3.89,192.24
1420520,0.12,-3.90,192.24
1420697,0.11,-3.89,192.24
1420875,0.11,-3.89,192.24
1421052,0.11,-3.90,192.24
1421230,0.11,-3.89,192.24
1421407,0.10,-3.89,192.24
1421585,0.10,-3.89,192.24
1421762,0.11,-3.90,192.24
1421940,0.11,-3.89,192.24
1422117,0.11,-3.89,192.24
1422294,0.11,-3.89,192.24
1422472,0.11,-3.89,192.24
1422649,0.11,-3.89,192.24
1422738,0.11,-3.89,192.23
1422827,0.10,-3.89,192.24
1422916,0.11,-3.89,192.24
1423004,0.11,-3.89,192.24
1423093,0.11,-3.90,192.24
1423182,0.11,-3.89,192.24
1423270,0.11,-3.89,192.24
1423359,0.11,-3.89,192.24
1423448,0.11,-3.89,192.24
1423537,0.11,-3.89,192.24
1423625,0.11,-3.89,192.24
1423714,0.11,-3.89,192.24
1423803,0.10,-3.89,192.24
1423891,0.10,-3.89,192.24
1423980,0.11,-3.89,192.24
1424069,0.11,-3.89,192.24
1424158,0.10,-3.89,192.24
1424246,0.11,-3.89,192.24
1424335,0.12,-3.89,192.24
1424424,0.11,-3.89,192.24
1424513,0.11,-3.89,192.24
1424601,0.10,-3.89,192.24
1424690,0.11,-3.89,192.24
1424867,0.11,-3.89,192.24
1424956,0.11,-3.89,192.24
1425134,0.11,-3.89,192.24
1425311,0.11,-3.89,192.24
1425489,0.11,-3.89,192.24
1425666,0.11,-3.89,192.24
1425843,0.11,-3.89,192.24
1426021,0.10,-3.88,192.24
1426198,0.11,-3.89,192.24
1426287,0.10,-3.89,192.24
1426376,0.11,-3.89,192.24
1426464,0.10,-3.89,192.24
1426553,0.11,-3.89,192.24
1426642,0.11,-3.90,192.25
1426731,0.10,-3.90,192.25
1426819,0.10,-3.90,192.25
1426908,0.10,-3.90,192.24
1426997,0.11,-3.90,192.24
1427085,0.11,-3.90,192.24
1427174,0.11,-3.90,192.25
1427263,0.11,-3.90,192.25
1427352,0.11,-3.90,192.25
1427440,0.11,-3.90,192.24
1427529,0.10,-3.90,192.24
1427618,0.11,-3.90,192.25
1427706,0.11,-3.90,192.24
1427795,0.10,-3.90,192.25
1427884,0.11,-3.90,192.25
1427973,0.11,-3.90,192.25
1428061,0.11,-3.90,192.25
1428150,0.11,-3.90,192.24
1428239,0.11,-3.90,192.24
1428328,0.10,-3.90,192.25
1428416,0.10,-3.90,192.25
1428505,0.11,-3.90,192.25
1428594,0.11,-3.90,192.24
1428682,0.11,-3.90,192.25
1428771,0.11,-3.90,192.25
1428860,0.11,-3.90,192.24
1428949,0.12,-3.90,192.25
1429037,0.11,-3.90,192.25
1429126,0.11,-3.90,192.25
1429215,0.11,-3.90,192.25
1429303,0.10,-3.90,192.25
1429392,0.10,-3.90,192.25
1429481,0.11,-3.90,192.25
1429570,0.11,-3.90,192.25
1429658,0.11,-3.90,192.25
1429747,0.11,-3.90,192.24
1429836,0.11,-3.90,192.25
1429925,0.11,-3.90,192.25
1430013,0.11,-3.90,192.25
1430102,0.11,-3.90,192.25
1430191,0.10,-3.90,192.24
1430279,0.10,-3.90,192.25
1430368,0.11,-3.90,192.25
1430457,0.11,-3.90,192.25
1430546,0.11,-3.89,192.25
1430634,0.11,-3.90,192.25
1430723,0.11,-3.90,192.24
1430901,0.10,-3.89,192.24
1431078,0.11,-3.90,192.25
1431255,0.10,-3.89,192.25
1431433,0.10,-3.90,192.24
1431610,0.11,-3.90,192.25
1431788,0.10,-3.90,192.25
1431965,0.11,-3.90,192.25
1432143,0.11,-3.90,192.25
1432320,0.11,-3.90,192.25
1432498,0.11,-3.89,192.24
1432675,0.11,-3.90,192.25
1432853,0.11,-3.90,192.25
1433030,0.12,-3.90,192.25
1433207,0.11,-3.89,192.24
1433385,0.11,-3.90,192.24
1433562,0.11,-3.90,192.25
1433740,0.11,-3.89,192.25
1433917,0.10,-3.89,192.25
1434095,0.10,-3.89,192.25
1434272,0.11,-3.89,192.25
1434450,0.10,-3.89,192.25
1434627,0.11,-3.90,192.24
1434805,0.10,-3.90,192.25
1434982,0.10,-3.90,192.24
1435159,0.11,-3.90,192.24
1435337,0.11,-3.89,192.24
1435426,0.11,-3.89,192.24
1435514,0.11,-3.89,192.24
1435603,0.11,-3.89,192.24
1435692,0.11,-3.89,192.24
1435780,0.11,-3.90,192.24
1435869,0.11,-3.89,192.24
1435958,0.11,-3.91,192.25
1436047,0.11,-3.90,192.25
1436135,0.11,-3.90,192.25
1436224,0.10,-3.90,192.24
1436313,0.10,-3.90,192.25
1436401,0.11,-3.90,192.25
1436490,0.10,-3.91,192.25
1436579,0.10,-3.90,192.25
1436756,0.11,-3.90,192.25
1436934,0.11,-3.90,192.25
1437111,0.11,-3.90,192.25
1437289,0.10,-3.90,192.25
1437466,0.10,-3.90,192.25
1437644,0.11,-3.90,192.25
1437821,0.12,-3.90,192.25
1437999,0.11,-3.90,192.25
1438176,0.11,-3.90,192.25
1438353,0.11,-3.90,192.25
1438531,0.11,-3.90,192.25
1438708,0.11,-3.90,192.25
1438886,0.11,-3.90,192.25
1439063,0.10,-3.90,192.25
1439152,0.10,-3.90,192.25
1439241,0.11,-3.90,192.25
1439329,0.11,-3.90,192.25
1439418,0.11,-3.90,192.25
1439507,0.10,-3.90,192.25
1439596,0.10,-3.90,192.25
1439684,0.10,-3.90,192.25
1439773,0.11,-3.90,192.25
1439862,0.11,-3.91,192.25
1439950,0.11,-3.90,192.25
1440039,0.11,-3.90,192.25
1440128,0.10,-3.90,192.25
1440217,0.11,-3.90,192.25
1440305,0.11,-3.90,192.25
1440394,0.11,-3.90,192.25
1440483,0.10,-3.90,192.25
1440572,0.10,-3.90,192.25
1440660,0.11,-3.90,192.25
1440749,0.11,-3.90,192.25
1440838,0.10,-3.90,192.25
1440926,0.10,-3.90,192.24
1441015,0.11,-3.90,192.24
1441104,0.10,-3.90,192.25
1441193,0.10,-3.90,192.24
1441281,0.11,-3.90,192.25
1441370,0.11,-3.90,192.25
1441459,0.11,-3.90,192.25
1441548,0.11,-3.90,192.25
1441636,0.10,-3.90,192.25
1441725,0.10,-3.90,192.25
1441814,0.10,-3.90,192.25
1441902,0.11,-3.90,192.25
1441991,0.10,-3.90,192.25
1442080,0.10,-3.90,192.25
1442169,0.11,-3.90,192.25
1442257,0.11,-3.90,192.25
1442346,0.11,-3.90,192.24
1442435,0.11,-3.90,192.24
1442612,0.11,-3.90,192.25
1442790,0.11,-3.90,192.24
1442967,0.10,-3.89,192.25
1443145,0.11,-3.90,192.24
1443322,0.10,-3.90,192.25
1443499,0.10,-3.89,192.25
1443677,0.10,-3.89,192.24
1443854,0.11,-3.89,192.25
1444032,0.11,-3.90,192.25
1444209,0.11,-3.89,192.24
1444387,0.10,-3.90,192.24
1444475,0.11,-3.90,192.24
1444564,0.11,-3.90,192.24
1444653,0.10,-3.90,192.24
1444742,0.10,-3.89,192.24
1444830,0.10,-3.89,192.25
1444919,0.11,-3.89,192.25
1445008,0.10,-3.90,192.25
1445096,0.11,-3.90,192.24
1445185,0.11,-3.89,192.24
1445274,0.11,-3.89,192.24
1445363,0.11,-3.89,192.25
1445451,0.11,-3.89,192.25
1445540,0.11,-3.89,192.24
1445629,0.10,-3.90,192.24
1445718,0.11,-3.90,192.24
1445806,0.11,-3.90,192.24
1445895,0.11,-3.89,192.24
1445984,0.11,-3.90,192.24
1446072,0.11,-3.89,192.25
1446161,0.10,-3.89,192.25
1446250,0.11,-3.90,192.25
1446339,0.11,-3.90,192.25
1446427,0.11,-3.89,192.25
1446516,0.11,-3.89,192.24
1446605,0.11,-3.89,192.24
1446694,0.11,-3.89,192.24
1446782,0.11,-3.89,192.25
1446871,0.10,-3.90,192.24
1446960,0.11,-3.89,192.24
1447048,0.11,-3.89,192.24
1447137,0.11,-3.89,192.24
1447226,0.11,-3.89,192.24
1447315,0.11,-3.89,192.24
1447403,0.11,-3.90,192.24
1447492,0.10,-3.90,192.24
1447581,0.10,-3.90,192.24
1447670,0.11,-3.89,192.24
1447758,0.10,-3.89,192.25
1447847,0.11,-3.89,192.24
1447936,0.11,-3.90,192.24
1448024,0.11,-3.89,192.24
1448113,0.11,-3.89,192.24
1448202,0.11,-3.89,192.24
1448291,0.11,-3.89,192.24
1448468,0.11,-3.89,192.24
1448645,0.10,-3.89,192.24
1448823,0.10,-3.89,192.24
1449000,0.10,-3.89,192.24
1449178,0.11,-3.89,192.24
1449355,0.11,-3.89,192.24
1449533,0.10,-3.89,192.24
1449710,0.10,-3.89,192.24
1449888,0.11,-3.89,192.23
1450065,0.11,-3.89,192.24
1450242,0.11,-3.89,192.24
1450420,0.11,-3.89,192.24
1450597,0.10,-3.89,192.24
1450775,0.11,-3.89,192.24
1450952,0.11,-3.89,192.24
1451130,0.11,-3.89,192.24
1451307,0.11,-3.89,192.24
1451485,0.11,-3.89,192.24
1451662,0.10,-3.89,192.24
1451839,0.10,-3.89,192.24
1452017,0.11,-3.89,192.24
1452194,0.11,-3.89,192.24
1452372,0.10,-3.89,192.23
1452549,0.11,-3.89,192.24
1452727,0.11,-3.89,192.24
1452904,0.10,-3.89,192.24
1453082,0.11,-3.89,192.24
1453259,0.10,-3.89,192.24
1453437,0.11,-3.89,192.24
1453525,0.11,-3.89,192.24
1453614,0.10,-3.89,192.24
1453703,0.10,-3.89,192.24
1453791,0.10,-3.89,192.24
1453880,0.10,-3.89,192.24
1453969,0.11,-3.90,192.23
1454058,0.11,-3.89,192.24
1454235,0.11,-3.89,192.24
1454413,0.11,-3.89,192.24
1454590,0.11,-3.89,192.23
1454767,0.11,-3.89,192.24
1454945,0.10,-3.89,192.24
1455122,0.11,-3.89,192.24
1455300,0.11,-3.89,192.24
1455388,0.10,-3.89,192.24
1455477,0.10,-3.89,192.24
1455566,0.11,-3.89,192.24
1455655,0.11,-3.89,192.24
1455743,0.11,-3.89,192.24
1455832,0.11,-3.89,192.24
1455921,0.11,-3.89,192.24
1456009,0.11,-3.89,192.24
1456098,0.10,-3.89,192.24
1456187,0.10,-3.89,192.24
1456276,0.10,-3.89,192.24
1456364,0.11,-3.89,192.24
1456453,0.11,-3.89,192.24
1456542,0.10,-3.89,192.24
1456631,0.11,-3.89,192.24
1456719,0.10,-3.89,192.24
1456808,0.10,-3.89,192.24
1456897,0.10,-3.89,192.24
1456985,0.11,-3.89,192.24
1457074,0.11,-3.89,192.24
1457163,0.11,-3.89,192.24
1457252,0.11,-3.89,192.24
1457340,0.11,-3.89,192.24
1457429,0.10,-3.89,192.24
1457518,0.11,-3.89,192.24
1457606,0.11,-3.89,192.24
1457695,0.10,-3.89,192.24
1457784,0.10,-3.89,192.24
1457873,0.11,-3.89,192.24
1457961,0.11,-3.89,192.24
1458050,0.11,-3.89,192.24
1458139,0.11,-3.89,192.24
1458227,0.11,-3.89,192.24
1458316,0.10,-3.89,192.24
1458405,0.10,-3.89,192.24
1458494,0.11,-3.89,192.24
1458582,0.10,-3.89,192.24
1458671,0.10,-3.89,192.24
1458760,0.11,-3.89,192.24
1458848,0.10,-3.89,192.24
1458937,0.11,-3.89,192.24
1459026,0.10,-3.89,192.24
1459115,0.11,-3.89,192.24
1459203,0.10,-3.89,192.24
1459292,0.11,-3.89,192.24
1459381,0.10,-3.89,192.24
1459470,0.10,-3.89,192.24
1459558,0.11,-3.89,192.24
1459647,0.11,-3.89,192.24
1459736,0.10,-3.89,192.24
1459824,0.10,-3.89,192.24
1459913,0.11,-3.89,192.24
1460091,0.11,-3.89,192.23
1460268,0.11,-3.89,192.24
1460445,0.10,-3.89,192.24
1460623,0.11,-3.89,192.24
1460800,0.11,-3.89,192.23
1460978,0.10,-3.89,192.23
1461155,0.11,-3.89,192.23
1461333,0.10,-3.90,192.23
1461510,0.11,-3.89,192.23
1461688,0.10,-3.89,192.23
1461865,0.10,-3.89,192.24
1462042,0.10,-3.89,192.24
1462220,0.11,-3.89,192.24
1462397,0.10,-3.89,192.23
1462575,0.11,-3.89,192.24
1462664,0.10,-3.89,192.24
1462752,0.11,-3.89,192.23
1462841,0.11,-3.89,192.23
1462930,0.11,-3.89,192.23
1463018,0.10,-3.89,192.23
1463107,0.10,-3.89,192.23
1463196,0.11,-3.89,192.23
1463285,0.11,-3.89,192.24
1463373,0.11,-3.89,192.23
1463462,0.11,-3.89,192.24
1463551,0.11,-3.89,192.24
1463639,0.11,-3.89,192.24
1463728,0.11,-3.89,192.24
1463817,0.11,-3.89,192.23
1463906,0.11,-3.89,192.24
1463994,0.10,-3.89,192.23
1464083,0.11,-3.89,192.23
1464172,0.11,-3.89,192.23
1464261,0.11,-3.89,192.23
1464349,0.11,-3.89,192.24
1464438,0.11,-3.89,192.24
1464527,0.10,-3.88,192.24
1464615,0.11,-3.89,192.23
1464704,0.11,-3.89,192.24
1464793,0.10,-3.89,192.24
1464882,0.11,-3.89,192.24
1464970,0.10,-3.89,192.24
1465059,0.11,-3.89,192.24
1465148,0.11,-3.89,192.24
1465236,0.11,-3.89,192.24
1465325,0.10,-3.89,192.23
1465414,0.10,-3.89,192.24
1465503,0.10,-3.89,192.23
1465591,0.10,-3.89,192.24
1465680,0.11,-3.89,192.23
1465769,0.11,-3.89,192.24
1465946,0.11,-3.89,192.24
1466124,0.11,-3.89,192.24
1466301,0.10,-3.89,192.24
1466479,0.11,-3.89,192.23
1466656,0.11,-3.89,192.24
1466833,0.11,-3.89,192.24
1467011,0.10,-3.89,192.24
1467188,0.11,-3.89,192.24
1467366,0.11,-3.89,192.24
1467543,0.11,-3.89,192.24
1467721,0.10,-3.89,192.24
1467898,0.11,-3.89,192.24
1468076,0.11,-3.89,192.24
1468253,0.11,-3.89,192.24
1468430,0.10,-3.89,192.24
1468608,0.11,-3.89,192.24
1468785,0.11,-3.89,192.24
1468963,0.11,-3.89,192.23
1469140,0.10,-3.89,192.23
1469318,0.11,-3.89,192.24
1469495,0.11,-3.89,192.24
1469673,0.10,-3.89,192.24
1469850,0.10,-3.89,192.24
1470027,0.11,-3.89,192.24
1470205,0.11,-3.89,192.24
1470382,0.10,-3.89,192.24
1470560,0.11,-3.89,192.24
1470737,0.11,-3.89,192.24
1470915,0.10,-3.90,192.24
1471092,0.10,-3.90,192.24
1471269,0.11,-3.90,192.24
1471447,0.11,-3.89,192.24
1471624,0.10,-3.90,192.24
1471713,0.11,-3.90,192.24
1471802,0.11,-3.90,192.24
1471891,0.11,-3.90,192.24
1471979,0.11,-3.89,192.24
1472068,0.10,-3.89,192.24
1472157,0.11,-3.89,192.24
1472245,0.10,-3.90,192.24
1472334,0.10,-3.90,192.24
1472423,0.10,-3.90,192.24
1472512,0.10,-3.89,192.24
1472600,0.10,-3.90,192.24
1472689,0.10,-3.90,192.24
1472778,0.11,-3.90,192.24
1472866,0.11,-3.90,192.24
1472955,0.11,-3.89,192.24
1473044,0.11,-3.90,192.24
1473133,0.11,-3.90,192.24
1473221,0.10,-3.90,192.24
1473310,0.11,-3.89,192.24
1473399,0.10,-3.90,192.24
1473487,0.11,-3.90,192.24
1473576,0.10,-3.91,192.24
1473665,0.10,-3.90,192.23
1473754,0.11,-3.90,192.24
1473842,0.11,-3.89,192.23
1473931,0.10,-3.90,192.24
1474020,0.10,-3.90,192.24
1474109,0.10,-3.90,192.24
1474197,0.11,-3.89,192.24
1474286,0.11,-3.90,192.24
1474375,0.10,-3.89,192.24
1474463,0.11,-3.90,192.24
1474552,0.10,-3.89,192.24
1474641,0.11,-3.90,192.23
1474730,0.10,-3.89,192.24
1474818,0.10,-3.89,192.24
1474907,0.10,-3.89,192.24
1474996,0.10,-3.90,192.24
1475084,0.10,-3.90,192.24
1475173,0.11,-3.90,192.24
1475262,0.11,-3.90,192.24
1475351,0.10,-3.90,192.24
1475439,0.11,-3.90,192.24
1475528,0.11,-3.90,192.24
1475617,0.10,-3.90,192.24
1475705,0.10,-3.90,192.24
1475794,0.11,-3.90,192.24
1475883,0.11,-3.90,192.24
1475972,0.10,-3.90,192.24
1476060,0.10,-3.90,192.24
1476149,0.11,-3.90,192.24
1476238,0.11,-3.90,192.24
1476327,0.11,-3.90,192.24
1476415,0.11,-3.90,192.24
1476504,0.10,-3.90,192.24
1476593,0.10,-3.90,192.23
1476681,0.11,-3.90,192.24
1476770,0.11,-3.90,192.24
1476859,0.11,-3.90,192.24
1476948,0.10,-3.90,192.24
1477036,0.10,-3.90,192.24
1477125,0.10,-3.89,192.24
1477214,0.10,-3.89,192.24
1477302,0.11,-3.89,192.24
1477391,0.11,-3.89,192.24
1477480,0.11,-3.90,192.24
1477657,0.11,-3.90,192.24
1477835,0.11,-3.90,192.24
1478012,0.10,-3.89,192.24
1478190,0.10,-3.89,192.24
1478367,0.10,-3.89,192.24
1478545,0.10,-3.89,192.24
1478722,0.11,-3.90,192.23
1478899,0.10,-3.89,192.24
1479077,0.10,-3.89,192.24
1479254,0.11,-3.89,192.24
1479432,0.10,-3.89,192.24
1479609,0.11,-3.89,192.24
1479787,0.11,-3.89,192.24
1479964,0.11,-3.89,192.23
1480142,0.11,-3.89,192.24
1480319,0.10,-3.89,192.24
1480496,0.10,-3.89,192.24
1480674,0.11,-3.89,192.24
1480851,0.11,-3.89,192.24
1480940,0.10,-3.89,192.23
1481029,0.11,-3.89,192.24
1481117,0.11,-3.89,192.23
1481206,0.11,-3.89,192.24
1481295,0.11,-3.89,192.24
1481384,0.11,-3.89,192.24
1481472,0.11,-3.89,192.23
1481561,0.11,-3.89,192.23
1481650,0.11,-3.89,192.23
1481739,0.11,-3.89,192.23
1481827,0.11,-3.89,192.23
1481916,0.10,-3.89,192.23
1482005,0.10,-3.89,192.23
1482093,0.10,-3.89,192.23
1482182,0.10,-3.89,192.23
1482271,0.10,-3.89,192.23
1482360,0.11,-3.89,192.23
1482448,0.11,-3.89,192.23
1482537,0.10,-3.89,192.23
1482626,0.10,-3.89,192.23
1482714,0.10,-3.89,192.23
1482803,0.10,-3.89,192.23
1482892,0.10,-3.89,192.23
1482981,0.11,-3.89,192.23
1483069,0.10,-3.89,192.23
1483158,0.10,-3.89,192.23
1483247,0.10,-3.89,192.23
1483424,0.10,-3.89,192.23
1483602,0.11,-3.89,192.23
1483779,0.11,-3.89,192.23
1483957,0.11,-3.89,192.23
1484134,0.11,-3.89,192.23
1484311,0.11,-3.89,192.23
1484489,0.11,-3.89,192.24
1484666,0.11,-3.89,192.23
1484844,0.11,-3.88,192.23
1485021,0.10,-3.88,192.23
1485199,0.10,-3.88,192.23
1485376,0.10,-3.88,192.23
1485554,0.10,-3.88,192.23
1485731,0.11,-3.89,192.23
1485908,0.10,-3.89,192.23
1486086,0.11,-3.89,192.23
1486263,0.10,-3.89,192.23
1486441,0.11,-3.88,192.23
1486618,0.11,-3.88,192.23
1486796,0.10,-3.88,192.23
1486973,0.11,-3.89,192.23
1487151,0.10,-3.89,192.23
1487328,0.11,-3.88,192.23
1487505,0.11,-3.89,192.23
1487683,0.10,-3.89,192.23
1487772,0.10,-3.89,192.23
1487860,0.10,-3.89,192.23
1487949,0.10,-3.89,192.23
1488038,0.10,-3.88,192.23
1488127,0.10,-3.89,192.23
1488215,0.11,-3.88,192.23
1488304,0.11,-3.89,192.22
1488393,0.10,-3.88,192.23
1488481,0.10,-3.88,192.23
1488659,0.11,-3.88,192.23
1488748,0.10,-3.89,192.23
1488925,0.10,-3.88,192.23
1489103,0.11,-3.88,192.23
1489280,0.11,-3.89,192.22
1489457,0.11,-3.88,192.23
1489635,0.11,-3.88,192.23
1489812,0.10,-3.89,192.23
1489901,0.10,-3.88,19.49
1489990,0.11,-3.88,192.22
1490078,0.11,-3.88,192.22
1490167,0.11,-3.89,192.23
1490256,0.11,-3.89,192.23
1490345,0.10,-3.89,192.23
1490433,0.11,-3.89,192.23
1490522,0.11,-3.89,192.22
1490611,0.11,-3.88,192.22
1490700,0.11,-3.88,192.23
1490788,0.11,-3.88,192.23
1490877,0.11,-3.88,192.23
1490966,0.10,-3.88,192.23
1491054,0.10,-3.89,192.23
1491143,0.10,-3.89,192.23
1491232,0.11,-3.88,192.23
1491321,0.11,-3.88,192.23
1491409,0.10,-3.89,192.22
1491498,0.10,-3.88,192.23
1491587,0.11,-3.88,192.22
1491676,0.11,-3.88,192.23
1491764,0.10,-3.88,192.22
1491853,0.11,-3.88,192.23
1491942,0.11,-3.88,192.22
1492030,0.10,-3.88,192.23
1492119,0.11,-3.88,192.23
1492208,0.11,-3.88,192.23
1492297,0.11,-3.88,192.22
1492385,0.11,-3.88,192.23
1492474,0.11,-3.88,192.22
1492563,0.11,-3.89,192.23
1492651,0.11,-3.88,192.23
1492740,0.11,-3.89,192.23
1492829,0.11,-3.88,192.22
1492918,0.10,-3.89,192.23
1493006,0.11,-3.88,192.22
1493095,0.11,-3.89,192.23
1493184,0.11,-3.88,192.22
1493273,0.11,-3.88,192.23
1493361,0.10,-3.88,192.22
1493450,0.11,-3.89,192.23
1493539,0.11,-3.89,192.22
1493627,0.10,-3.88,192.22
1493716,0.10,-3.88,192.22
1493805,0.11,-3.88,192.22
1493894,0.11,-3.88,192.22
1493982,0.11,-3.88,192.22
1494071,0.11,-3.88,192.22
1494160,0.10,-3.88,192.22
1494249,0.10,-3.89,192.22
1494337,0.11,-3.88,192.23
1494426,0.10,-3.89,192.22
1494515,0.11,-3.89,192.22
1494603,0.11,-3.89,192.22
1494692,0.10,-3.89,192.23
1494781,0.11,-3.89,192.22
1494870,0.11,-3.88,192.23
1494958,0.10,-3.89,192.22
1495136,0.10,-3.88,192.22
1495313,0.10,-3.89,192.22
1495491,0.10,-3.88,192.22
1495668,0.11,-3.89,192.23
1495846,0.10,-3.89,192.22
1496023,0.10,-3.89,192.22
1496200,0.11,-3.88,192.22
1496378,0.11,-3.89,192.22
1496555,0.11,-3.89,192.22
1496733,0.10,-3.89,192.23
1496910,0.11,-3.89,192.23
1497088,0.10,-3.89,192.23
1497265,0.10,-3.89,192.22
1497443,0.11,-3.89,192.23
1497620,0.10,-3.88,192.22
1497797,0.10,-3.88,192.22
1497975,0.11,-3.88,192.22
1498152,0.11,-3.88,192.23
1498330,0.11,-3.88,192.22
1498507,0.11,-3.88,192.22
1498685,0.11,-3.88,192.22
1498862,0.11,-3.88,192.23
1499040,0.11,-3.88,192.23
1499128,0.10,-3.89,192.23
1499217,0.10,-3.89,192.23
1499306,0.11,-3.89,192.22
1499395,0.11,-3.89,192.23
1499483,0.11,-3.89,192.23
1499572,0.10,-3.89,192.22
1499661,0.10,-3.89,192.23
1499749,0.10,-3.88,192.23
1499838,0.11,-3.89,192.23
1499927,0.11,-3.89,192.23
1500016,0.11,-3.88,192.23
1500104,0.11,-3.88,192.23
1500193,0.10,-3.88,192.22
1500282,0.10,-3.88,192.23
1500370,0.10,-3.89,192.22
1500459,0.10,-3.88,192.22
1500548,0.11,-3.88,192.22
1500637,0.11,-3.88,192.22
1500725,0.11,-3.88,192.22
1500903,0.11,-3.89,192.22
1501080,0.11,-3.88,192.22
1501258,0.11,-3.88,192.22
1501435,0.11,-3.88,192.22
1501613,0.11,-3.88,192.22
1501790,0.11,-3.88,192.22
1501968,0.10,-3.88,192.22
1502145,0.11,-3.89,192.23
1502322,0.11,-3.88,192.23
1502500,0.10,-3.89,192.22
1502677,0.10,-3.88,192.22
1502855,0.10,-3.88,192.22
1503032,0.10,-3.88,192.22
1503210,0.11,-3.88,192.23
1503387,0.10,-3.88,192.22
1503565,0.11,-3.88,192.22
1503742,0.10,-3.88,192.23
1503920,0.11,-3.88,192.22
1504097,0.10,-3.88,192.22
1504186,0.11,-3.88,192.22
1504274,0.10,-3.88,192.22
1504363,0.10,-3.88,192.22
1504452,0.11,-3.88,192.22
1504541,0.10,-3.88,192.22
1504629,0.10,-3.88,192.23
1504718,0.10,-3.88,192.22
1504807,0.11,-3.88,192.22
1504895,0.11,-3.88,192.22
1504984,0.10,-3.88,192.22
1505073,0.10,-3.88,192.22
1505162,0.10,-3.88,192.22
1505250,0.10,-3.88,192.22
1505339,0.10,-3.88,192.23
1505428,0.10,-3.88,192.22
1505517,0.11,-3.88,192.22
1505605,0.10,-3.88,192.22
1505694,0.10,-3.88,192.23
1505783,0.11,-3.88,192.23
1505871,0.10,-3.88,192.22
1505960,0.11,-3.89,192.23
1506049,0.12,-3.88,192.22
1506138,0.10,-3.89,192.23
1506226,0.10,-3.88,192.23
1506315,0.10,-3.88,192.22
1506404,0.10,-3.89,192.23
1506492,0.10,-3.89,192.23
1506581,0.10,-3.88,192.23
1506847,0.10,-3.88,192.22
1507025,0.10,-3.88,192.23
1507202,0.10,-3.88,192.22
1507380,0.10,-3.88,192.22
1507557,0.10,-3.88,192.22
1507735,0.11,-3.88,192.22
1507912,0.11,-3.88,192.22
1508089,0.11,-3.88,192.22
1508178,0.11,-3.89,192.22
1508267,0.10,-3.88,192.22
1508356,0.11,-3.88,192.23
1508444,0.11,-3.88,192.22
1508533,0.11,-3.89,192.23
1508622,0.11,-3.88,192.22
1508711,0.11,-3.89,192.23
1508799,0.11,-3.88,192.22
1508888,0.11,-3.88,192.23
1508977,0.10,-3.88,192.22
1509065,0.10,-3.89,192.23
1509154,0.10,-3.88,192.22
1509243,0.10,-3.88,192.23
1509332,0.10,-3.88,192.22
1509420,0.11,-3.89,192.22
1509509,0.11,-3.88,192.22
1509598,0.10,-3.88,192.23
1509687,0.11,-3.88,192.22
1509775,0.11,-3.88,192.23
1509864,0.11,-3.88,192.22
1509953,0.10,-3.89,192.22
1510041,0.10,-3.88,192.22
1510130,0.10,-3.88,192.22
1510219,0.10,-3.89,192.22
1510308,0.10,-3.89,192.23
1510396,0.11,-3.89,192.23
1510485,0.10,-3.88,192.23
1510574,0.11,-3.88,192.23
1510662,0.11,-3.88,192.22
1510751,0.10,-3.88,192.22
1510840,0.11,-3.88,192.22
1510929,0.11,-3.88,192.22
1511017,0.11,-3.88,192.22
1511106,0.11,-3.88,192.22
1511195,0.11,-3.88,192.23
1511284,0.11,-3.88,192.22
1511372,0.11,-3.88,192.22
1511461,0.10,-3.88,192.22
1511550,0.10,-3.89,192.22
1511638,0.11,-3.88,192.22
1511727,0.11,-3.89,192.22
1511816,0.11,-3.88,192.22
1511905,0.11,-3.88,192.22
1511993,0.10,-3.88,192.22
1512082,0.11,-3.88,192.22
1512171,0.10,-3.88,192.22
1512260,0.10,-3.89,192.22
1512348,0.11,-3.88,192.23
1512437,0.11,-3.88,192.22
1512614,0.11,-3.88,192.22
1512792,0.10,-3.88,192.22
1512969,0.11,-3.88,192.23
1513147,0.10,-3.88,192.22
1513324,0.11,-3.88,192.22
1513502,0.10,-3.88,192.22
1513679,0.11,-3.88,192.22
1513857,0.10,-3.89,192.22
1514034,0.10,-3.88,192.22
1514212,0.11,-3.88,192.23
1514389,0.10,-3.88,192.22
1514566,0.11,-3.88,192.22
1514744,0.11,-3.88,192.22
1514921,0.11,-3.88,192.22
1515099,0.10,-3.88,192.22
1515276,0.10,-3.88,192.22
1515454,0.10,-3.88,192.22
1515631,0.11,-3.88,192.22
1515808,0.11,-3.88,192.23
1515986,0.11,-3.88,192.23
1516163,0.10,-3.87,192.23
1516341,0.10,-3.87,192.22
1516518,0.10,-3.88,192.22
1516696,0.10,-3.88,192.22
1516873,0.11,-3.87,192.22
1517051,0.10,-3.88,192.22
1517228,0.11,-3.87,192.22
1517317,0.10,-3.87,192.22
1517406,0.10,-3.88,192.22
1517494,0.10,-3.88,192.22
1517583,0.10,-3.88,192.22
1517672,0.10,-3.88,192.22
1517760,0.11,-3.88,192.22
1517849,0.11,-3.88,192.22
1517938,0.11,-3.88,192.22
1518027,0.11,-3.88,192.22
1518115,0.11,-3.88,192.22
1518204,0.11,-3.88,192.22
1518382,0.11,-3.88,192.22
1518559,0.10,-3.88,192.22
1518736,0.11,-3.88,192.22
1518914,0.11,-3.88,192.22
1519091,0.11,-3.88,192.22
1519269,0.11,-3.88,192.21
1519446,0.10,-3.88,192.22
1519624,0.10,-3.88,192.22
1519801,0.10,-3.88,192.22
1519979,0.10,-3.87,192.22
1520156,0.10,-3.87,192.22
1520334,0.11,-3.88,192.22
1520422,0.11,-3.88,192.22
1520511,0.10,-3.87,192.22
1520600,0.10,-3.88,192.22
1520688,0.11,-3.88,192.22
1520777,0.11,-3.87,192.22
1520866,0.11,-3.87,192.22
1520955,0.11,-3.87,192.22
1521043,0.11,-3.88,192.22
1521132,0.11,-3.88,192.22
1521221,0.10,-3.88,192.21
1521309,0.11,-3.88,192.22
1521398,0.11,-3.88,192.22
1521487,0.11,-3.88,192.22
1521576,0.10,-3.87,192.22
1521664,0.10,-3.87,192.22
1521753,0.11,-3.88,192.22
1521842,0.11,-3.88,192.22
1521931,0.10,-3.87,192.22
1522019,0.10,-3.87,192.21
1522108,0.10,-3.87,192.22
1522197,0.10,-3.88,192.22
1522285,0.10,-3.87,192.21
1522374,0.10,-3.88,192.21
1522463,0.10,-3.87,192.22
1522552,0.10,-3.88,192.22
1522640,0.10,-3.87,192.22
1522729,0.10,-3.87,192.22
1522818,0.10,-3.87,192.22
1522907,0.11,-3.88,192.22
1522995,0.11,-3.88,192.21
1523084,0.10,-3.88,192.21
1523173,0.11,-3.88,192.21
1523261,0.11,-3.87,192.21
1523350,0.11,-3.87,192.21
1523439,0.10,-3.88,192.21
1523528,0.11,-3.87,192.22
1523616,0.11,-3.87,192.21
1523705,0.10,-3.88,192.21
1523794,0.10,-3.87,192.22
1523883,0.11,-3.87,192.22
1523971,0.11,-3.87,192.21
1524060,0.11,-3.87,192.22
1524149,0.11,-3.88,192.21
1524326,0.11,-3.87,192.21
1524504,0.10,-3.87,192.21
1524681,0.10,-3.87,192.22
1524859,0.10,-3.87,192.21
1525036,0.11,-3.88,192.22
1525213,0.10,-3.87,192.22
1525391,0.11,-3.88,192.22
1525568,0.11,-3.87,192.22
1525746,0.10,-3.88,192.22
1525923,0.10,-3.88,192.22
1526101,0.11,-3.88,192.22
1526278,0.10,-3.87,192.21
1526367,0.11,-3.88,192.21
1526456,0.10,-3.88,192.21
1526544,0.10,-3.87,192.21
1526633,0.10,-3.87,192.22
1526722,0.11,-3.87,192.21
1526810,0.12,-3.88,192.21
1526899,0.11,-3.87,192.22
1526988,0.11,-3.88,192.21
1527077,0.10,-3.87,192.22
1527165,0.10,-3.88,192.22
1527254,0.10,-3.88,192.21
1527343,0.11,-3.87,192.22
1527432,0.11,-3.87,192.21
1527520,0.10,-3.88,192.22
1527609,0.10,-3.88,192.22
1527698,0.10,-3.88,192.22
1527787,0.11,-3.87,192.22
1527875,0.10,-3.87,192.22
1527964,0.11,-3.87,192.22
1528053,0.11,-3.87,192.21
1528141,0.10,-3.88,192.21
1528230,0.11,-3.87,192.21
1528319,0.10,-3.88,192.22
1528408,0.10,-3.88,192.21
1528496,0.10,-3.87,192.22
1528585,0.10,-3.88,192.21
1528674,0.10,-3.88,192.21
1528762,0.10,-3.87,192.22
1528851,0.10,-3.88,192.21
1528940,0.11,-3.88,192.21
1529029,0.11,-3.88,192.21
1529117,0.11,-3.88,192.21
1529206,0.11,-3.88,192.22
1529295,0.11,-3.88,192.22
1529384,0.11,-3.88,192.21
1529472,0.11,-3.88,192.22
1529561,0.11,-3.88,192.21
1529650,0.11,-3.88,192.22
1529738,0.11,-3.88,192.21
1529827,0.10,-3.87,192.22
1529916,0.10,-3.88,192.21
1530093,0.11,-3.88,192.21
1530271,0.11,-3.88,192.21
1530448,0.11,-3.88,192.22
1530626,0.11,-3.87,192.21
1530803,0.10,-3.88,192.21
1530981,0.11,-3.88,192.21
1531158,0.10,-3.88,192.21
1531336,0.10,-3.88,192.22
1531513,0.10,-3.88,192.22
1531690,0.11,-3.88,192.22
1531868,0.11,-3.88,192.21
1532045,0.11,-3.88,192.22
1532223,0.10,-3.88,192.22
1532400,0.11,-3.88,192.22
1532578,0.10,-3.88,192.22
1532755,0.11,-3.88,192.22
1532933,0.11,-3.88,192.22
1533110,0.10,-3.88,192.22
1533287,0.11,-3.88,192.22
1533465,0.10,-3.88,192.22
1533642,0.10,-3.88,192.22
1533820,0.10,-3.88,192.21
1533997,0.10,-3.88,192.22
1534175,0.10,-3.88,192.22
1534352,0.11,-3.88,192.22
1534530,0.11,-3.88,192.22
1534707,0.11,-3.88,192.22
1534885,0.11,-3.88,192.22
1535062,0.10,-3.88,192.22
1535239,0.11,-3.87,192.22
1535328,0.11,-3.88,192.22
1535417,0.10,-3.88,192.22
1535506,0.10,-3.88,192.22
1535594,0.10,-3.88,192.22
1535683,0.11,-3.87,192.22
1535861,0.11,-3.88,192.22
1536038,0.11,-3.88,192.22
1536215,0.10,-3.88,192.22
1536393,0.10,-3.88,192.21
1536570,0.10,-3.88,192.22
1536748,0.11,-3.88,192.22
1536837,0.11,-3.88,192.21
1536925,0.10,-3.88,192.22
1537014,0.11,-3.88,192.22
1537103,0.11,-3.88,192.22
1537191,0.11,-3.88,192.22
1537280,0.11,-3.88,192.22
1537369,0.11,-3.88,192.22
1537458,0.11,-3.88,192.22
1537546,0.11,-3.88,192.21
1537635,0.10,-3.88,192.21
1537724,0.10,-3.88,192.21
1537812,0.10,-3.87,192.22
1537901,0.11,-3.88,192.21
1537990,0.10,-3.88,192.22
1538079,0.11,-3.88,192.21
1538167,0.10,-3.88,192.21
1538256,0.10,-3.88,192.21
1538345,0.10,-3.88,192.22
1538434,0.11,-3.88,192.21
1538522,0.10,-3.88,192.22
1538611,0.11,-3.88,192.21
1538700,0.11,-3.88,192.21
1538788,0.10,-3.88,192.22
1538877,0.10,-3.87,192.22
1538966,0.11,-3.88,192.21
1539055,0.11,-3.88,192.22
1539143,0.11,-3.88,192.21
1539232,0.10,-3.88,192.21
1539321,0.10,-3.88,192.21
1539410,0.10,-3.88,192.22
1539498,0.11,-3.88,192.21
1539587,0.10,-3.88,192.22
1539676,0.10,-3.88,192.21
1539764,0.10,-3.88,192.21
1539853,0.10,-3.88,192.21
1539942,0.11,-3.88,192.22
1540031,0.12,-3.88,192.21
1540119,0.10,-3.88,192.22
1540208,0.10,-3.88,192.21
1540297,0.10,-3.88,192.22
1540385,0.10,-3.87,192.21
1540474,0.11,-3.88,192.22
1540563,0.11,-3.87,192.21
1540652,0.11,-3.88,192.22
1540740,0.11,-3.87,192.21
1540829,0.10,-3.88,192.21
1540918,0.10,-3.87,192.22
1541007,0.10,-3.88,192.22
1541095,0.11,-3.87,192.21
1541184,0.10,-3.88,192.22
1541273,0.10,-3.87,192.21
1541361,0.11,-3.88,192.22
1541450,0.11,-3.88,192.21
1541539,0.10,-3.88,192.22
1541628,0.11,-3.87,192.21
1541805,0.10,-3.87,192.21
1541983,0.11,-3.87,192.21
1542160,0.11,-3.87,192.21
1542337,0.11,-3.87,192.21
1542515,0.10,-3.88,192.21
1542692,0.10,-3.87,192.21
1542870,0.10,-3.88,192.21
1543047,0.11,-3.87,192.21
1543225,0.11,-3.87,192.21
1543402,0.10,-3.87,192.21
1543580,0.10,-3.87,192.21
1543757,0.10,-3.87,192.21
1543935,0.10,-3.87,192.21
1544112,0.11,-3.87,192.21
1544289,0.11,-3.87,192.21
1544378,0.11,-3.87,192.21
1544467,0.11,-3.87,192.21
1544556,0.10,-3.87,192.20
1544644,0.10,-3.87,192.21
1544733,0.10,-3.87,192.21
1544822,0.10,-3.87,192.21
1544911,0.10,-3.87,192.21
1544999,0.11,-3.87,192.21
1545088,0.11,-3.87,192.20
1545177,0.10,-3.87,192.21
1545265,0.10,-3.86,192.21
1545354,0.10,-3.87,192.21
1545443,0.11,-3.86,192.21
1545532,0.11,-3.86,192.21
1545620,0.10,-3.86,192.20
1545709,0.11,-3.86,192.20
1545798,0.11,-3.86,192.21
1545887,0.11,-3.87,192.20
1545975,0.10,-3.86,192.20
1546064,0.10,-3.86,192.20
1546153,0.10,-3.86,192.20
1546241,0.11,-3.87,192.20
1546330,0.10,-3.86,192.20
1546419,0.11,-3.86,192.20
1546508,0.11,-3.87,192.20
1546596,0.10,-3.87,192.21
1546685,0.10,-3.87,192.20
1546774,0.11,-3.86,192.20
1546863,0.10,-3.86,192.21
1546951,0.11,-3.86,192.20
1547040,0.10,-3.87,192.20
1547129,0.11,-3.86,192.21
1547217,0.11,-3.86,192.20
1547306,0.11,-3.86,192.20
1547395,0.10,-3.86,192.20
1547572,0.10,-3.86,192.20
1547750,0.10,-3.86,192.20
1547927,0.11,-3.86,192.20
1548105,0.10,-3.86,192.20
1548282,0.11,-3.86,192.20
1548460,0.11,-3.86,192.20
1548637,0.10,-3.86,192.20
1548814,0.10,-3.86,192.20
1548992,0.10,-3.86,192.20
1549169,0.11,-3.86,192.21
1549347,0.10,-3.86,192.20
1549524,0.11,-3.86,192.20
1549702,0.11,-3.87,192.20
1549879,0.11,-3.86,192.21
1550057,0.10,-3.86,192.20
1550234,0.10,-3.86,192.20
1550412,0.11,-3.86,192.20
1550589,0.11,-3.86,192.20
1550766,0.11,-3.86,192.21
1550944,0.10,-3.86,192.20
1551121,0.10,-3.86,192.20
1551299,0.10,-3.86,192.20
1551476,0.10,-3.86,192.21
1551654,0.10,-3.87,192.20
1551831,0.11,-3.86,192.20
1552009,0.11,-3.86,192.20
1552186,0.10,-3.86,192.20
1552364,0.10,-3.86,192.20
1552541,0.11,-3.86,192.20
1552718,0.10,-3.86,192.20
1552896,0.10,-3.86,192.20
1553073,0.10,-3.86,192.21
1553251,0.10,-3.86,192.21
1553428,0.11,-3.86,192.20
1553517,0.11,-3.86,192.20
1553606,0.10,-3.86,192.20
1553694,0.10,-3.86,192.21
1553783,0.10,-3.86,192.20
1553872,0.10,-3.85,192.21
1553961,0.11,-3.86,192.20
1554049,0.10,-3.86,192.21
1554138,0.10,-3.86,192.20
1554227,0.10,-3.86,192.21
1554316,0.10,-3.86,192.20
1554404,0.11,-3.86,192.20
1554493,0.11,-3.86,192.21
1554582,0.11,-3.86,192.21
1554670,0.11,-3.86,192.20
1554759,0.11,-3.86,192.20
1554848,0.10,-3.86,192.20
1554937,0.10,-3.86,192.20
1555025,0.10,-3.85,192.21
1555114,0.11,-3.86,192.20
1555203,0.10,-3.85,192.21
1555291,0.10,-3.86,192.20
1555380,0.10,-3.86,192.20
1555469,0.10,-3.86,192.20
1555558,0.10,-3.86,192.20
1555646,0.10,-3.86,192.20
1555735,0.10,-3.86,192.21
1555824,0.11,-3.86,192.20
1555913,0.10,-3.87,192.20
1556001,0.10,-3.86,192.20
1556090,0.10,-3.86,192.21
1556179,0.11,-3.85,192.20
1556267,0.10,-3.87,192.21
1556356,0.10,-3.86,192.20
1556445,0.09,-3.86,192.21
1556534,0.10,-3.86,192.20
1556622,0.11,-3.86,192.21
1556711,0.11,-3.86,192.21
1556800,0.11,-3.87,192.21
1556888,0.11,-3.85,192.20
1556977,0.10,-3.87,192.20
1557066,0.10,-3.86,192.20
1557155,0.10,-3.86,192.21
1557243,0.11,-3.86,192.21
1557332,0.12,-3.86,192.20
1557421,0.10,-3.86,192.21
1557510,0.10,-3.86,192.20
1557598,0.10,-3.86,192.21
1557687,0.10,-3.86,192.21
1557776,0.10,-3.86,192.21
1557864,0.11,-3.86,192.21
1557953,0.10,-3.86,192.21
1558042,0.10,-3.86,192.21
1558131,0.10,-3.87,192.20
1558219,0.10,-3.86,192.21
1558308,0.10,-3.87,192.21
1558397,0.10,-3.86,192.21
1558486,0.10,-3.86,192.21
1558574,0.10,-3.86,192.20
1558663,0.10,-3.86,192.21
1558752,0.10,-3.86,192.21
1558840,0.11,-3.86,192.21
1558929,0.10,-3.86,192.21
1559018,0.10,-3.86,192.21
1559107,0.10,-3.86,192.20
1559284,0.10,-3.86,192.21
1559462,0.10,-3.86,192.21
1559639,0.11,-3.86,192.21
1559816,0.10,-3.86,192.21
1559994,0.10,-3.86,192.21
1560171,0.10,-3.86,192.21
1560349,0.10,-3.86,192.20
1560526,0.10,-3.86,192.21
1560704,0.11,-3.86,192.21
1560881,0.11,-3.86,192.21
1561059,0.10,-3.86,192.21
1561236,0.10,-3.87,192.21
1561413,0.10,-3.87,192.21
1561591,0.10,-3.87,192.21
1561768,0.10,-3.86,192.20
1561946,0.10,-3.86,192.21
1562123,0.11,-3.87,192.21
1562301,0.10,-3.86,192.20
1562478,0.10,-3.86,192.21
1562567,0.10,-3.86,192.21
1562656,0.11,-3.86,192.21
1562744,0.11,-3.86,192.21
1562833,0.10,-3.86,192.20
1562922,0.11,-3.86,192.21
1563011,0.10,-3.87,192.21
1563099,0.10,-3.86,192.21
1563188,0.11,-3.86,192.21
1563277,0.11,-3.86,192.21
1563365,0.11,-3.86,192.21
1563454,0.11,-3.86,192.21
1563543,0.10,-3.86,192.21
1563632,0.10,-3.86,192.21
1563720,0.10,-3.86,192.21
1563809,0.10,-3.86,192.21
1563898,0.10,-3.86,192.21
1563987,0.10,-3.86,192.21
1564075,0.09,-3.86,192.21
1564164,0.10,-3.86,192.21
1564253,0.10,-3.86,192.21
1564341,0.10,-3.86,192.21
1564430,0.10,-3.86,192.21
1564519,0.10,-3.86,192.21
1564608,0.10,-3.86,192.21
1564696,0.10,-3.86,192.21
1564785,0.10,-3.86,192.21
1564874,0.10,-3.86,192.21
1565140,0.11,-3.86,192.21
1565317,0.10,-3.86,192.21
1565495,0.10,-3.86,192.21
1565672,0.11,-3.86,192.21
1565850,0.10,-3.86,192.21
1566027,0.10,-3.86,192.22
1566205,0.10,-3.87,192.21
1566382,0.10,-3.86,192.22
1566560,0.10,-3.86,192.21
1566737,0.10,-3.86,192.21
1566914,0.11,-3.86,192.21
1567092,0.11,-3.86,192.22
1567269,0.11,-3.87,192.21
1567447,0.11,-3.87,192.21
1567624,0.11,-3.87,192.21
1567802,0.10,-3.86,192.21
1567979,0.10,-3.86,192.21
1568157,0.10,-3.86,192.21
1568334,0.10,-3.87,192.21
1568512,0.10,-3.86,192.22
1568689,0.10,-3.87,192.21
1568866,0.10,-3.86,192.21
1569044,0.10,-3.86,192.21
1569221,0.11,-3.86,192.21
1569399,0.11,-3.86,192.21
1569967,0.11,-3.86,48.12
1570055,0.10,-3.86,48.12
1570144,0.10,-3.86,48.12
1570233,0.10,-3.86,48.12
1570321,0.10,-3.86,48.12
1570410,0.10,-3.87,48.12
1570499,0.10,-3.86,48.12
1570588,0.10,-3.87,48.12
1570676,0.11,-3.86,48.12
1570765,0.10,-3.87,48.12
1571333,0.10,-3.87,192.21
1571510,0.10,-3.86,192.21
1571688,0.10,-3.86,192.21
1571865,0.10,-3.86,192.21
1572043,0.10,-3.86,192.21
1572220,0.10,-3.86,192.21
1572398,0.10,-3.86,192.21
1572575,0.10,-3.87,192.21
1572753,0.11,-3.87,192.21
1572930,0.10,-3.86,192.21
1573107,0.10,-3.86,192.21
1573285,0.10,-3.86,192.21
1573374,0.10,-3.86,192.21
1573462,0.10,-3.86,192.21
1573551,0.11,-3.86,192.21
1573640,0.11,-3.86,192.21
1573729,0.11,-3.86,192.21
1573817,0.10,-3.86,192.21
1573906,0.11,-3.86,192.22
1573995,0.11,-3.86,192.21
1574083,0.10,-3.87,192.21
1574172,0.11,-3.86,192.21
1574261,0.11,-3.86,192.21
1574350,0.11,-3.86,192.21
1574438,0.11,-3.86,192.21
1574527,0.11,-3.86,192.21
1574616,0.11,-3.86,192.21
1574704,0.10,-3.86,192.21
1574793,0.10,-3.87,192.21
1574882,0.10,-3.86,192.21
1574971,0.10,-3.86,192.21
1575059,0.10,-3.87,192.21
1575148,0.10,-3.86,192.21
1575237,0.10,-3.86,192.21
1575326,0.10,-3.86,192.21
1575414,0.11,-3.86,192.21
1575503,0.11,-3.86,192.21
1575592,0.10,-3.86,192.21
1575680,0.10,-3.87,192.21
1575769,0.10,-3.86,192.21
1575858,0.10,-3.87,192.21
1575947,0.11,-3.86,192.21
1576035,0.11,-3.86,192.21
1576124,0.10,-3.86,192.21
1576213,0.10,-3.86,192.21
1576302,0.11,-3.86,192.21
1576390,0.11,-3.86,192.21
1576479,0.10,-3.86,192.21
1576568,0.10,-3.86,192.21
1576656,0.11,-3.86,192.21
1576834,0.10,-3.86,192.21
1577011,0.10,-3.86,192.21
1577189,0.10,-3.86,192.21
1577366,0.11,-3.86,192.21
1577544,0.11,-3.86,192.20
1577721,0.10,-3.86,192.21
1577899,0.10,-3.86,192.21
1578076,0.10,-3.86,192.21
1578254,0.11,-3.86,192.21
1578431,0.11,-3.86,192.21
1578608,0.11,-3.86,192.21
1578786,0.10,-3.86,192.21
1578963,0.11,-3.85,192.21
1579141,0.11,-3.86,192.21
1579318,0.10,-3.86,192.21
1579496,0.11,-3.86,192.21
1579673,0.10,-3.86,192.21
1579851,0.10,-3.86,192.21
1580028,0.11,-3.86,192.21
1580206,0.10,-3.86,192.21
1580383,0.10,-3.86,192.21
1580560,0.11,-3.86,192.20
1580738,0.10,-3.86,192.21
1580915,0.10,-3.86,192.21
1581093,0.10,-3.86,192.20
1581270,0.10,-3.86,192.21
1581448,0.10,-3.87,192.21
1581625,0.10,-3.86,192.21
1581803,0.10,-3.86,192.21
1581980,0.10,-3.86,192.21
1582158,0.11,-3.86,192.21
1582335,0.10,-3.86,192.21
1582424,0.10,-3.86,192.21
1582601,0.10,-3.86,192.21
1582779,0.11,-3.86,192.21
1582867,0.11,-3.86,192.21
1582956,0.10,-3.86,192.21
1583045,0.10,-3.86,192.21
1583134,0.10,-3.86,192.21
1583222,0.10,-3.86,192.21
1583311,0.10,-3.86,192.21
1583400,0.10,-3.86,192.20
1583488,0.10,-3.86,192.21
1583577,0.11,-3.86,192.21
1583666,0.11,-3.86,192.21
1583755,0.10,-3.86,192.21
1583843,0.10,-3.87,192.21
1583932,0.10,-3.86,192.21
1584021,0.11,-3.87,192.20
1584110,0.11,-3.87,192.20
1584198,0.10,-3.87,192.20
1584287,0.10,-3.85,192.20
1584376,0.11,-3.85,192.20
1584464,0.11,-3.85,192.20
1584553,0.11,-3.85,192.20
1584642,0.10,-3.86,192.20
1584731,0.10,-3.85,192.20
1584819,0.10,-3.85,192.20
1584908,0.11,-3.86,192.20
1584997,0.11,-3.85,192.20
1585086,0.10,-3.86,192.20
1585174,0.10,-3.86,192.20
1585263,0.11,-3.86,192.20
1585352,0.11,-3.85,192.20
1585440,0.11,-3.85,192.20
1585529,0.11,-3.85,192.21
1585618,0.11,-3.86,192.20
1585707,0.10,-3.86,192.20
1585795,0.10,-3.85,192.20
1585884,0.10,-3.85,192.20
1585973,0.11,-3.85,192.20
1586062,0.11,-3.85,192.20
1586150,0.11,-3.85,192.20
1586239,0.10,-3.86,192.20
1586328,0.10,-3.85,192.20
1586416,0.10,-3.86,192.20
1586505,0.11,-3.85,192.20
1586594,0.10,-3.85,192.20
1586683,0.10,-3.85,192.20
1586771,0.10,-3.85,192.20
1586860,0.10,-3.85,192.20
1586949,0.10,-3.86,192.20
1587038,0.10,-3.85,192.20
1587126,0.10,-3.86,192.20
1587215,0.10,-3.86,192.20
1587304,0.10,-3.85,192.20
1587392,0.10,-3.86,192.20
1587481,0.11,-3.86,192.20
1587570,0.11,-3.86,192.20
1587659,0.11,-3.85,192.20
1587747,0.10,-3.86,192.20
1587836,0.11,-3.85,192.20
1587925,0.11,-3.85,192.20
1588014,0.10,-3.86,192.20
1588102,0.10,-3.85,192.20
1588191,0.10,-3.85,192.20
1588280,0.10,-3.86,192.20
1588368,0.10,-3.85,192.20
1588546,0.11,-3.85,192.20
1588723,0.11,-3.85,192.20
1588901,0.11,-3.85,192.20
1589078,0.11,-3.85,192.20
1589256,0.10,-3.85,192.20
1589433,0.10,-3.85,192.20
1589611,0.10,-3.85,192.20
1589788,0.10,-3.85,192.19
1589966,0.10,-3.85,192.19
1590143,0.10,-3.85,192.19
1590320,0.10,-3.85,192.20
1590498,0.11,-3.84,192.19
1590675,0.10,-3.85,192.19
1590853,0.11,-3.85,192.19
1591030,0.10,-3.85,192.19
1591208,0.10,-3.85,192.19
1591385,0.11,-3.85,192.20
1591474,0.11,-3.85,192.20
1591563,0.11,-3.85,192.19
1591651,0.10,-3.85,192.20
1591740,0.10,-3.85,192.19
1591829,0.10,-3.85,192.19
1591917,0.10,-3.85,192.19
1592006,0.11,-3.86,192.20
1592095,0.11,-3.86,192.20
1592184,0.11,-3.85,192.20
1592272,0.10,-3.86,192.20
1592361,0.11,-3.85,192.20
1592450,0.10,-3.85,192.20
1592539,0.10,-3.86,192.20
1592627,0.11,-3.85,192.20
1592716,0.10,-3.85,192.20
1592805,0.10,-3.86,192.20
1592893,0.11,-3.86,192.20
1592982,0.10,-3.86,192.20
1593071,0.10,-3.86,192.20
1593160,0.11,-3.86,192.20
1593248,0.11,-3.86,192.20
1593337,0.10,-3.86,192.20
1593426,0.10,-3.86,192.20
1593515,0.10,-3.86,192.20
1593603,0.11,-3.86,192.20
1593692,0.11,-3.86,192.20
1593781,0.11,-3.86,192.20
1593869,0.10,-3.86,192.20
1593958,0.10,-3.86,192.20
1594047,0.11,-3.86,192.20
1594136,0.10,-3.86,192.20
1594313,0.10,-3.86,192.20
1594490,0.11,-3.86,192.20
1594668,0.11,-3.86,192.20
1594845,0.11,-3.86,192.20
1595023,0.10,-3.85,192.20
1595200,0.10,-3.85,192.20
1595378,0.10,-3.85,192.20
1595555,0.10,-3.85,192.20
1595733,0.11,-3.85,192.20
1595910,0.10,-3.85,192.20
1596088,0.10,-3.85,192.20
1596265,0.11,-3.85,192.20
1596442,0.11,-3.85,192.20
1596620,0.10,-3.85,192.20
1596797,0.10,-3.85,192.20
1596975,0.10,-3.85,192.20
1597152,0.10,-3.85,192.20
1597330,0.10,-3.86,192.20
1597507,0.10,-3.86,192.20
1597685,0.10,-3.85,192.20
1597862,0.10,-3.85,192.20
1598040,0.11,-3.85,192.20
1598217,0.10,-3.86,192.20
1598394,0.10,-3.86,192.20
1598572,0.10,-3.85,192.20
1598749,0.10,-3.85,192.20
1598927,0.11,-3.85,192.20
1599104,0.10,-3.85,192.20
1599193,0.11,-3.85,192.20
1599370,0.10,-3.86,192.20
1599548,0.11,-3.86,192.20
1599725,0.11,-3.86,192.20
1599903,0.11,-3.86,192.20
1600080,0.10,-3.85,192.20
1600258,0.10,-3.85,192.20
1600435,0.10,-3.86,192.20
1600524,0.11,-3.86,192.20
1600613,0.11,-3.86,192.20
1600701,0.11,-3.85,192.20
1600790,0.11,-3.85,192.20
1600879,0.10,-3.85,192.20
1600967,0.10,-3.86,192.20
1601056,0.10,-3.85,192.20
1601145,0.10,-3.86,192.20
1601234,0.10,-3.86,192.20
1601322,0.10,-3.85,192.20
1601411,0.10,-3.85,192.20
1601500,0.10,-3.85,192.20
1601589,0.10,-3.85,192.20
1601677,0.11,-3.86,192.20
1601766,0.10,-3.85,192.20
1601855,0.11,-3.85,192.20
1601943,0.11,-3.86,192.20
1602032,0.11,-3.86,192.20
1602121,0.11,-3.86,192.20
1602210,0.10,-3.86,192.20
1602298,0.11,-3.86,192.20
1602387,0.11,-3.86,192.20
1602476,0.11,-3.85,192.20
1602565,0.11,-3.85,192.20
1602653,0.10,-3.86,192.20
1602742,0.10,-3.85,192.20
1602831,0.10,-3.86,192.20
1602919,0.10,-3.86,192.20
1603008,0.10,-3.85,192.20
1603097,0.10,-3.85,192.20
1603186,0.11,-3.85,192.20
1603274,0.11,-3.85,192.20
1603363,0.11,-3.85,192.20
1603452,0.10,-3.86,192.20
1603540,0.10,-3.85,192.20
1603629,0.10,-3.86,192.20
1603718,0.11,-3.86,192.20
1603807,0.10,-3.86,192.20
1603895,0.10,-3.85,192.20
1603984,0.10,-3.85,192.20
1604073,0.10,-3.85,192.20
1604162,0.10,-3.85,192.20
1604250,0.10,-3.86,192.20
1604339,0.10,-3.86,192.20
1604428,0.10,-3.86,192.20
1604516,0.10,-3.86,192.20
1604605,0.10,-3.86,192.20
1604694,0.10,-3.86,192.20
1604783,0.10,-3.86,192.20
1604871,0.10,-3.86,192.20
1604960,0.10,-3.86,192.20
1605049,0.11,-3.86,192.20
1605138,0.10,-3.86,192.20
1605226,0.10,-3.85,192.20
1605315,0.10,-3.85,192.20
1605404,0.10,-3.86,192.20
1605492,0.10,-3.86,192.20
1605581,0.11,-3.86,192.20
1605670,0.11,-3.86,192.20
1605759,0.11,-3.85,192.20
1605847,0.10,-3.86,192.20
1606025,0.10,-3.86,192.20
1606202,0.10,-3.85,192.20
1606380,0.11,-3.86,192.20
1606557,0.11,-3.86,192.20
1606735,0.10,-3.86,192.20
1606912,0.10,-3.85,192.20
1607089,0.11,-3.85,192.20
1607267,0.11,-3.86,192.20
1607444,0.10,-3.85,192.20
1607622,0.11,-3.86,192.20
1607799,0.10,-3.86,192.20
1607977,0.10,-3.85,192.20
1608154,0.10,-3.86,192.20
1608332,0.11,-3.85,192.20
1608509,0.10,-3.86,192.20
1608687,0.10,-3.86,192.20
1608864,0.10,-3.85,192.20
1609041,0.10,-3.85,192.20
1609219,0.10,-3.86,192.20
1609396,0.10,-3.86,192.20
1609574,0.10,-3.86,192.20
1609662,0.10,-3.85,192.20
1609751,0.10,-3.86,192.20
1609840,0.10,-3.85,192.20
1609929,0.11,-3.86,192.20
1610017,0.10,-3.86,192.20
1610106,0.09,-3.86,192.20
1610195,0.10,-3.86,192.20
1610284,0.10,-3.86,192.20
1610372,0.10,-3.86,192.20
1610461,0.10,-3.85,192.20
1610550,0.10,-3.85,192.20
1610638,0.10,-3.86,192.20
1610727,0.10,-3.86,192.20
1610816,0.10,-3.86,192.20
1610905,0.10,-3.86,192.20
1610993,0.10,-3.85,192.20
1611082,0.10,-3.85,192.20
1611171,0.10,-3.85,192.20
1611259,0.10,-3.86,192.20
1611348,0.10,-3.85,192.20
1611437,0.10,-3.86,192.20
1611526,0.10,-3.85,192.20
1611614,0.11,-3.85,192.20
1611792,0.11,-3.85,192.20
1611969,0.10,-3.86,192.20
1612147,0.11,-3.86,192.20
1612324,0.10,-3.85,192.20
1612502,0.11,-3.85,192.20
1612679,0.10,-3.86,192.20
1612857,0.10,-3.86,192.20
1613034,0.11,-3.86,192.20
1613211,0.10,-3.86,192.20
1613389,0.10,-3.86,192.20
1613566,0.10,-3.85,192.20
1613744,0.10,-3.85,192.20
1613921,0.10,-3.85,192.20
1614099,0.10,-3.85,192.20
1614276,0.10,-3.85,192.20
1614454,0.11,-3.86,192.20
1614631,0.10,-3.86,192.20
1614808,0.11,-3.86,192.20
1614986,0.10,-3.86,192.20
1615163,0.10,-3.86,192.20
1615341,0.11,-3.85,192.20
1615518,0.11,-3.86,192.20
1615607,0.11,-3.85,192.20
1615696,0.10,-3.85,192.20
1615784,0.10,-3.85,192.20
1615873,0.11,-3.85,192.20
1615962,0.11,-3.86,192.20
1616051,0.10,-3.85,192.19
1616139,0.10,-3.85,192.20
1616228,0.10,-3.85,192.20
1616317,0.10,-3.85,192.20
1616405,0.10,-3.85,192.20
1616494,0.10,-3.85,192.20
1616583,0.10,-3.85,192.20
1616672,0.10,-3.85,192.20
1616760,0.11,-3.85,192.20
1616849,0.10,-3.85,192.20
1616938,0.10,-3.85,192.20
1617027,0.11,-3.85,192.20
1617115,0.10,-3.85,192.19
1617204,0.09,-3.85,192.20
1617293,0.10,-3.86,192.20
1617381,0.10,-3.85,192.19
1617470,0.10,-3.85,192.20
1617648,0.11,-3.85,192.19
1617825,0.10,-3.85,192.20
1618003,0.10,-3.85,192.20
1618180,0.10,-3.85,192.19
1618357,0.09,-3.85,192.19
1618535,0.10,-3.85,192.20
1618712,0.10,-3.85,192.19
1618801,0.09,-3.85,192.20
1618890,0.09,-3.85,192.20
1618978,0.11,-3.85,192.20
1619067,0.10,-3.84,192.20
1619156,0.10,-3.85,192.20
1619245,0.11,-3.85,192.19
1619333,0.10,-3.85,192.19
1619422,0.10,-3.85,192.20
1619511,0.10,-3.85,192.20
1619600,0.10,-3.85,192.20
1619688,0.11,-3.86,192.19
1619777,0.11,-3.85,192.20
1619866,0.10,-3.85,192.20
1619954,0.10,-3.85,192.20
1620043,0.11,-3.85,192.20
1620132,0.11,-3.85,192.20
1620221,0.10,-3.85,192.20
1620309,0.10,-3.85,192.19
1620398,0.11,-3.85,192.19
1620487,0.10,-3.85,192.19
1620575,0.11,-3.85,192.20
1620664,0.11,-3.85,192.20
1620753,0.10,-3.85,192.20
1620842,0.10,-3.85,192.20
1620930,0.10,-3.85,192.20
1621019,0.11,-3.86,192.20
1621108,0.10,-3.85,192.20
1621197,0.11,-3.85,192.20
1621285,0.10,-3.86,192.20
1621374,0.10,-3.85,192.20
1621463,0.10,-3.86,192.19
1621551,0.10,-3.85,192.20
1621640,0.11,-3.85,192.20
1621729,0.11,-3.85,192.20
1621818,0.10,-3.85,192.20
1621906,0.10,-3.86,192.19
1621995,0.10,-3.85,192.20
1622084,0.10,-3.85,192.20
1622172,0.11,-3.85,192.20
1622261,0.11,-3.85,192.20
1622350,0.10,-3.86,192.20
1622439,0.12,-3.85,192.20
1622527,0.11,-3.85,192.20
1622616,0.11,-3.86,192.20
1622705,0.10,-3.85,192.20
1622794,0.10,-3.85,192.20
1622882,0.10,-3.86,192.20
1622971,0.10,-3.85,192.20
1623060,0.10,-3.85,192.20
1623148,0.11,-3.85,192.20
1623237,0.11,-3.85,192.20
1623326,0.10,-3.85,192.20
1623503,0.10,-3.86,192.20
1623681,0.10,-3.85,192.20
1623858,0.10,-3.85,192.20
1624036,0.11,-3.85,192.19
1624213,0.10,-3.85,192.19
1624390,0.10,-3.85,192.19
1624568,0.11,-3.85,192.19
1624745,0.11,-3.85,192.20
1624923,0.10,-3.85,192.20
1625100,0.11,-3.86,192.20
1625278,0.10,-3.85,192.20
1625455,0.10,-3.86,192.20
1625633,0.11,-3.85,192.20
1625810,0.10,-3.85,192.20
1625987,0.11,-3.85,192.20
1626165,0.10,-3.85,192.20
1626342,0.10,-3.85,192.20
1626520,0.11,-3.85,192.20
1626697,0.10,-3.85,192.20
1626875,0.10,-3.86,192.20
1627052,0.10,-3.86,192.20
1627230,0.11,-3.86,192.20
1627407,0.10,-3.85,192.20
1627584,0.10,-3.85,192.21
1627762,0.10,-3.85,192.20
1628294,0.11,-3.85,192.20
1628471,0.11,-3.85,192.20
1628649,0.11,-3.85,192.20
1628826,0.11,-3.85,192.20
1629004,0.10,-3.85,192.20
1629181,0.10,-3.85,192.20
1629359,0.10,-3.86,192.20
1629536,0.11,-3.85,192.20
1629713,0.11,-3.85,192.20
1629891,0.10,-3.85,192.20
1630068,0.10,-3.85,192.20
1630246,0.10,-3.85,192.20
1630423,0.10,-3.85,192.20
1630601,0.11,-3.85,192.21
1630778,0.10,-3.85,192.21
1630956,0.10,-3.85,192.20
1631133,0.11,-3.86,192.20
1631310,0.10,-3.85,192.20
1631488,0.10,-3.85,192.20
1631665,0.10,-3.85,192.20
1631754,0.11,-3.85,192.20
1631843,0.10,-3.85,192.20
1631931,0.10,-3.85,192.20
1632020,0.10,-3.85,192.20
1632109,0.11,-3.85,192.20
1632198,0.10,-3.86,192.20
1632286,0.11,-3.85,192.20
1632375,0.10,-3.85,192.20
1632464,0.10,-3.85,192.21
1632552,0.10,-3.85,192.20
1632641,0.10,-3.85,192.20
1632730,0.10,-3.85,192.20
1632819,0.11,-3.85,192.20
1632907,0.10,-3.85,192.20
1632996,0.11,-3.85,192.20
1633085,0.11,-3.85,192.20
1633174,0.10,-3.86,192.20
1633262,0.11,-3.85,192.20
1633351,0.10,-3.85,192.20
1633440,0.10,-3.85,192.20
1633528,0.10,-3.85,192.20
1633706,0.11,-3.85,192.20
1633795,0.11,-3.85,192.20
1633972,0.11,-3.85,192.20
1634149,0.10,-3.85,192.20
1634327,0.11,-3.85,192.20
1634504,0.10,-3.85,192.20
1634682,0.10,-3.85,192.20
1634859,0.11,-3.85,192.20
1635037,0.10,-3.85,192.20
1635125,0.11,-3.85,192.20
1635214,0.11,-3.85,192.20
1635303,0.10,-3.85,192.20
1635392,0.10,-3.85,192.20
1635480,0.10,-3.86,192.20
1635569,0.10,-3.85,192.20
1635658,0.11,-3.85,192.20
1635746,0.10,-3.85,192.20
1635835,0.10,-3.85,192.20
1635924,0.11,-3.85,192.20
1636013,0.11,-3.85,192.20
1636101,0.10,-3.85,192.20
1636190,0.10,-3.85,192.20
1636279,0.11,-3.85,192.20
1636367,0.10,-3.85,192.20
1636456,0.10,-3.86,192.20
1636545,0.10,-3.85,192.20
1636634,0.10,-3.85,192.20
1636722,0.10,-3.85,192.20
1636811,0.11,-3.85,192.20
1636900,0.11,-3.85,192.20
1636989,0.10,-3.85,192.20
1637077,0.11,-3.85,192.20
1637166,0.11,-3.85,192.20
1637255,0.11,-3.85,192.20
1637343,0.10,-3.85,192.20
1637432,0.10,-3.85,192.21
1637521,0.11,-3.86,192.20
1637610,0.10,-3.85,192.20
1637698,0.11,-3.86,192.20
1637787,0.11,-3.86,192.20
1637876,0.11,-3.85,192.20
1637964,0.11,-3.85,192.20
1638053,0.10,-3.85,192.20
1638142,0.10,-3.85,192.20
1638231,0.11,-3.85,192.20
1638319,0.11,-3.85,192.20
1638408,0.11,-3.85,192.20
1638497,0.11,-3.85,192.20
1638585,0.10,-3.85,192.20
1638674,0.11,-3.85,192.20
1638763,0.10,-3.85,192.20
1638852,0.10,-3.85,192.20
1638940,0.10,-3.85,192.20
1639029,0.10,-3.85,192.20
1639118,0.11,-3.85,192.20
1639207,0.10,-3.85,192.20
1639295,0.10,-3.85,192.20
1639384,0.10,-3.85,192.20
1639473,0.10,-3.85,192.20
1639561,0.11,-3.85,192.20
1639650,0.11,-3.85,192.20
1639828,0.10,-3.85,192.20
1640005,0.11,-3.85,192.20
1640182,0.10,-3.85,192.20
1640360,0.11,-3.85,192.20
1640537,0.10,-3.85,192.20
1640715,0.11,-3.85,192.20
1640892,0.10,-3.85,192.20
1641070,0.10,-3.84,192.20
1641247,0.11,-3.85,192.19
1641424,0.10,-3.85,192.19
1641602,0.10,-3.85,192.20
1641779,0.11,-3.85,192.19
1641957,0.10,-3.84,192.19
1642134,0.10,-3.85,192.19
1642312,0.11,-3.84,192.19
1642489,0.11,-3.84,192.19
1642667,0.11,-3.84,192.19
1642844,0.11,-3.84,192.19
1643021,0.10,-3.84,192.19
1643199,0.11,-3.84,192.19
1643376,0.11,-3.84,192.19
1643554,0.11,-3.84,192.19
1643731,0.10,-3.84,192.19
1643909,0.10,-3.84,192.19
1644086,0.11,-3.84,192.19
1644264,0.10,-3.84,192.19
1644352,0.10,-3.84,192.19
1644441,0.10,-3.84,192.19
1644530,0.11,-3.84,192.19
1644618,0.11,-3.84,192.19
1644707,0.11,-3.84,192.19
1644796,0.11,-3.85,192.19
1644885,0.11,-3.84,192.19
1644973,0.10,-3.84,192.19
1645062,0.11,-3.84,192.19
1645151,0.10,-3.84,192.19
1645239,0.10,-3.84,192.19
1645328,0.10,-3.84,192.19
1645417,0.10,-3.84,192.18
1645594,0.10,-3.84,192.19
1645772,0.10,-3.84,192.19
1645949,0.10,-3.84,192.19
1646127,0.10,-3.84,192.19
1646304,0.11,-3.84,192.19
1646482,0.10,-3.84,192.19
1646659,0.11,-3.84,192.19
1646836,0.10,-3.84,192.19
1647014,0.10,-3.85,192.19
1647191,0.10,-3.84,192.19
1647369,0.10,-3.84,192.19
1647546,0.11,-3.84,192.19
1647724,0.11,-3.84,192.19
1647812,0.11,-3.84,192.19
1647901,0.10,-3.85,192.19
1647990,0.10,-3.84,192.19
1648078,0.11,-3.84,192.19
1648167,0.10,-3.84,192.19
1648256,0.10,-3.85,192.19
1648345,0.10,-3.85,192.19
1648433,0.10,-3.85,192.18
1648522,0.10,-3.85,192.19
1648611,0.10,-3.84,192.19
1648700,0.11,-3.84,192.19
1648788,0.11,-3.85,192.19
1648877,0.11,-3.84,192.19
1648966,0.11,-3.85,192.19
1649054,0.10,-3.85,192.19
1649143,0.10,-3.84,192.19
1649232,0.11,-3.84,192.19
1649321,0.11,-3.85,192.19
1649409,0.11,-3.85,192.19
1649498,0.10,-3.85,192.19
1649587,0.10,-3.85,192.19
1649675,0.10,-3.85,192.19
1649764,0.10,-3.85,192.19
1649853,0.10,-3.85,192.19
1649942,0.11,-3.85,192.19
1650030,0.10,-3.85,192.19
1650119,0.10,-3.85,192.19
1650208,0.11,-3.85,192.19
1650296,0.10,-3.85,192.19
1650385,0.10,-3.85,192.19
1650474,0.09,-3.85,192.19
1650563,0.10,-3.85,192.19
1650651,0.10,-3.85,192.19
1650740,0.10,-3.85,192.19
1650829,0.11,-3.84,192.19
1650918,0.11,-3.84,192.19
1651006,0.10,-3.85,192.19
1651095,0.10,-3.85,192.19
1651184,0.11,-3.85,192.19
1651272,0.10,-3.85,192.19
1651450,0.10,-3.85,192.19
1651627,0.11,-3.85,192.19
1651805,0.11,-3.85,192.19
1651982,0.11,-3.85,192.19
1652160,0.10,-3.85,192.19
1652337,0.10,-3.85,192.19
1652515,0.10,-3.85,192.19
1652692,0.10,-3.85,192.19
1652869,0.11,-3.85,192.19
1653047,0.11,-3.85,192.19
1653224,0.10,-3.85,192.19
1653402,0.10,-3.85,192.19
1653490,0.10,-3.85,192.19
1653579,0.10,-3.85,192.19
1653668,0.11,-3.85,192.19
1653757,0.10,-3.85,192.19
1653845,0.10,-3.85,192.19
1653934,0.10,-3.85,192.19
1654023,0.11,-3.85,192.19
1654111,0.11,-3.85,192.19
1654200,0.11,-3.85,192.19
1654289,0.11,-3.85,192.19
1654378,0.10,-3.85,192.19
1654466,0.10,-3.85,192.19
1654555,0.11,-3.85,192.19
1654644,0.11,-3.85,192.19
1654733,0.11,-3.85,192.19
1654821,0.11,-3.85,192.19
1654910,0.10,-3.85,192.19
1654999,0.10,-3.85,192.19
1655087,0.11,-3.85,192.20
1655176,0.11,-3.85,192.19
1655265,0.10,-3.85,192.20
1655354,0.11,-3.85,192.19
1655442,0.11,-3.85,192.19
1655531,0.10,-3.85,192.19
1655620,0.10,-3.85,192.19
1655708,0.10,-3.85,192.19
1655797,0.10,-3.85,192.19
1655886,0.11,-3.85,192.19
1655975,0.11,-3.85,192.19
1656063,0.10,-3.85,192.19
1656152,0.11,-3.85,192.19
1656241,0.10,-3.85,192.19
1656330,0.11,-3.85,192.19
1656418,0.10,-3.85,192.19
1656507,0.11,-3.85,192.19
1656596,0.11,-3.85,192.20
1656684,0.11,-3.85,192.20
1656773,0.11,-3.85,192.20
1656862,0.10,-3.85,192.20
1656951,0.10,-3.85,192.19
1657039,0.10,-3.85,192.19
1657217,0.10,-3.85,192.19
1657394,0.11,-3.85,192.19
1657571,0.10,-3.85,192.19
1657749,0.10,-3.85,192.20
1657926,0.11,-3.85,192.20
1658104,0.11,-3.85,192.20
1658281,0.11,-3.85,192.19
1658459,0.11,-3.85,192.20
1658636,0.11,-3.85,192.19
1658813,0.11,-3.85,192.19
1658991,0.11,-3.85,192.20
1659168,0.10,-3.85,192.19
1659346,0.11,-3.85,192.20
1659523,0.10,-3.85,192.20
1659701,0.11,-3.85,192.19
1659878,0.11,-3.85,192.20
1660056,0.11,-3.86,192.20
1660233,0.11,-3.85,192.20
1660410,0.11,-3.85,192.20
1660588,0.11,-3.85,192.20
1660765,0.10,-3.85,192.19
1660943,0.11,-3.85,192.20
1661120,0.10,-3.85,192.19
1661298,0.10,-3.85,192.20
1661475,0.11,-3.85,192.20
1661653,0.11,-3.85,192.20
1661830,0.11,-3.85,192.20
1662007,0.10,-3.85,192.20
1662185,0.10,-3.85,192.20
1662362,0.10,-3.85,192.20
1662540,0.10,-3.86,192.20
1662629,0.10,-3.85,192.20
1662717,0.10,-3.85,192.20
1662806,0.10,-3.86,192.20
1662895,0.10,-3.85,192.20
1663072,0.11,-3.86,192.19
1663250,0.11,-3.85,192.20
1663427,0.11,-3.86,192.20
1663605,0.11,-3.85,192.20
1663782,0.10,-3.85,192.20
1663871,0.10,-3.85,192.20
1663959,0.10,-3.85,192.20
1664048,0.11,-3.85,192.20
1664137,0.10,-3.86,192.20
1664226,0.10,-3.86,192.20
1664314,0.10,-3.86,192.20
1664403,0.11,-3.85,192.20
1664492,0.11,-3.85,192.20
1664581,0.10,-3.86,192.20
1664669,0.10,-3.85,192.20
1664758,0.10,-3.85,192.20
1664847,0.10,-3.86,192.20
1664935,0.11,-3.85,192.20
1665024,0.11,-3.86,192.20
1665113,0.10,-3.86,192.19
1665202,0.10,-3.85,192.20
1665290,0.10,-3.85,192.20
1665379,0.11,-3.85,192.20
1665468,0.11,-3.85,192.20
1665557,0.11,-3.86,192.20
1665645,0.10,-3.86,192.19
1665734,0.10,-3.85,192.20
1665823,0.11,-3.85,192.19
1665911,0.10,-3.86,192.20
1666000,0.11,-3.86,192.19
1666089,0.11,-3.86,192.19
1666178,0.11,-3.86,192.20
1666266,0.11,-3.85,192.20
1666355,0.11,-3.85,192.20
1666444,0.10,-3.85,192.20
1666532,0.11,-3.85,192.20
1666621,0.10,-3.85,192.20
1666710,0.10,-3.85,192.20
1666799,0.10,-3.85,192.20
1666887,0.11,-3.86,192.20
1666976,0.11,-3.86,192.20
1667065,0.11,-3.85,192.20
1667154,0.10,-3.85,192.20
1667242,0.10,-3.85,192.20
1667331,0.11,-3.86,192.20
1667420,0.11,-3.85,192.20
1667508,0.11,-3.86,192.20
1667597,0.11,-3.86,192.20
1667686,0.11,-3.85,192.20
1667775,0.11,-3.85,192.20
1667863,0.11,-3.85,192.20
1667952,0.11,-3.85,192.20
1668041,0.11,-3.85,192.20
1668129,0.11,-3.85,192.19
1668218,0.10,-3.85,192.20
1668307,0.11,-3.85,192.20
1668396,0.11,-3.85,192.20
1668484,0.10,-3.85,192.20
1668573,0.10,-3.85,192.20
1668662,0.10,-3.85,192.20
1668751,0.10,-3.85,192.20
1668928,0.10,-3.85,192.20
1669105,0.11,-3.85,192.20
1669283,0.11,-3.85,192.20
1669460,0.10,-3.85,192.20
1669638,0.11,-3.85,192.20
1669815,0.11,-3.85,192.20
1669993,0.11,-3.85,192.20
1670170,0.10,-3.85,192.20
1670348,0.10,-3.85,192.20
1670525,0.10,-3.85,192.20
1670702,0.11,-3.85,192.20
1670880,0.11,-3.85,192.20
1671057,0.11,-3.85,192.20
1671235,0.10,-3.85,192.20
1671412,0.10,-3.85,192.20
1671590,0.11,-3.85,192.20
1671678,0.11,-3.85,192.20
1671767,0.11,-3.85,192.20
1671856,0.10,-3.85,192.20
1671945,0.10,-3.85,192.20
1672033,0.11,-3.84,192.20
1672122,0.11,-3.85,192.20
1672211,0.11,-3.85,192.20
1672299,0.10,-3.86,192.20
1672388,0.10,-3.86,192.20
1672477,0.10,-3.87,192.21
1672566,0.10,-3.86,192.20
1672654,0.10,-3.86,192.21
1672743,0.11,-3.86,192.20
1672832,0.11,-3.86,192.20
1672920,0.11,-3.84,192.19
1673009,0.10,-3.85,192.20
1673098,0.11,-3.85,192.20
1673187,0.11,-3.85,192.20
1673275,0.11,-3.84,192.19
1673364,0.11,-3.85,192.20
1673453,0.11,-3.84,192.19
1673542,0.10,-3.85,192.20
1673630,0.10,-3.85,192.19
1673719,0.10,-3.84,192.19
1673808,0.11,-3.84,192.19
1673896,0.11,-3.85,192.20
1673985,0.11,-3.84,192.19
1674074,0.10,-3.84,192.19
1674163,0.10,-3.84,192.19
1674251,0.10,-3.84,192.19
1674340,0.11,-3.85,192.19
1674429,0.10,-3.85,192.19
1674517,0.11,-3.84,192.19
1674606,0.11,-3.84,192.19
1674783,0.10,-3.84,192.20
1674961,0.11,-3.84,192.19
1675138,0.10,-3.84,192.20
1675316,0.11,-3.84,192.20
1675493,0.11,-3.85,192.20
1675671,0.11,-3.84,192.19
1675848,0.10,-3.85,192.20
1676026,0.11,-3.85,192.19
1676203,0.10,-3.85,192.19
1676380,0.10,-3.84,192.20
1676558,0.11,-3.85,192.20
1676735,0.10,-3.85,192.20
1676913,0.10,-3.85,192.20
1677090,0.11,-3.85,192.20
1677268,0.11,-3.85,192.20
1677445,0.10,-3.85,192.20
1677622,0.10,-3.85,192.19
1677800,0.11,-3.85,192.20
1677977,0.11,-3.85,192.20
1678155,0.11,-3.85,192.20
1678332,0.10,-3.85,192.20
1678510,0.11,-3.85,192.20
1678687,0.11,-3.85,192.20
1678865,0.11,-3.85,192.20
1679042,0.11,-3.85,192.20
1679219,0.11,-3.85,192.20
1679397,0.11,-3.85,192.20
1679574,0.10,-3.85,192.20
1679752,0.11,-3.85,192.20
1679929,0.11,-3.85,192.19
1680107,0.11,-3.85,192.20
1680284,0.10,-3.85,192.19
1680462,0.11,-3.85,192.20
1680639,0.11,-3.85,192.20
1680816,0.11,-3.85,192.20
1680905,0.11,-3.85,192.20
1680994,0.11,-3.85,192.20
1681083,0.11,-3.85,192.20
1681171,0.11,-3.85,192.20
1681260,0.11,-3.85,192.19
1681349,0.11,-3.85,192.19
1681437,0.10,-3.85,192.20
1681526,0.11,-3.85,192.20
1681615,0.11,-3.85,192.20
1681704,0.10,-3.85,192.20
1681792,0.10,-3.85,192.20
1681881,0.10,-3.85,192.19
1681970,0.10,-3.85,192.20
1682059,0.11,-3.85,192.20
1682147,0.11,-3.85,192.20
1682236,0.10,-3.85,192.20
1682325,0.10,-3.85,192.20
1682413,0.11,-3.85,192.20
1682502,0.11,-3.85,192.20
1682591,0.10,-3.85,192.20
1682680,0.11,-3.85,192.20
1682768,0.11,-3.85,192.20
1682857,0.10,-3.85,192.20
1682946,0.10,-3.85,192.20
1683034,0.10,-3.85,192.20
1683123,0.11,-3.85,192.20
1683212,0.11,-3.85,192.20
1683301,0.10,-3.85,192.20
1683389,0.11,-3.85,192.20
1683478,0.11,-3.85,192.20
1683567,0.11,-3.85,192.20
1683655,0.10,-3.85,192.20
1683744,0.11,-3.85,192.20
1683833,0.11,-3.85,192.20
1683922,0.11,-3.85,192.20
1684010,0.11,-3.84,192.20
1684099,0.11,-3.84,192.20
1684188,0.10,-3.85,192.20
1684277,0.11,-3.85,192.20
1684365,0.11,-3.85,192.20
1684454,0.10,-3.85,192.20
1684543,0.10,-3.85,192.20
1684631,0.12,-3.85,192.20
1684720,0.11,-3.85,192.20
1684809,0.11,-3.85,192.20
1684898,0.11,-3.85,192.20
1684986,0.11,-3.85,192.20
1685075,0.11,-3.85,192.20
1685164,0.11,-3.85,192.20
1685252,0.12,-3.85,192.20
1685341,0.11,-3.85,192.21
1685430,0.10,-3.86,192.20
1685519,0.10,-3.86,192.20
1685607,0.11,-3.85,192.20
1685696,0.10,-3.86,192.20
1685785,0.10,-3.86,192.20
1685873,0.11,-3.86,192.20
1685962,0.10,-3.86,192.20
1686051,0.10,-3.86,192.20
1686140,0.11,-3.85,192.20
1686228,0.11,-3.85,192.20
1686317,0.11,-3.85,192.20
1686494,0.11,-3.86,192.20
1686672,0.10,-3.85,192.20
1686849,0.11,-3.85,192.20
1687027,0.10,-3.86,192.20
1687204,0.10,-3.86,192.21
1687382,0.10,-3.85,192.20
1687559,0.11,-3.85,192.20
1687737,0.11,-3.85,192.20
1687914,0.11,-3.85,192.20
1688092,0.11,-3.85,192.20
1688269,0.11,-3.86,192.20
1688446,0.11,-3.85,192.20
1688624,0.11,-3.85,192.20
1688801,0.12,-3.85,192.20
1688979,0.11,-3.85,192.20
1689156,0.11,-3.85,192.20
1689334,0.11,-3.85,192.20
1689511,0.11,-3.85,192.21
1689688,0.10,-3.85,192.21
1689866,0.11,-3.85,192.20
1690043,0.10,-3.85,192.20
1690132,0.10,-3.85,192.20
1690221,0.10,-3.85,192.20
1690310,0.10,-3.85,192.20
1690398,0.10,-3.85,192.20
1690487,0.10,-3.86,192.20
1690576,0.11,-3.86,192.20
1690664,0.11,-3.86,192.20
1690753,0.11,-3.86,192.20
1690842,0.11,-3.85,192.20
1690931,0.11,-3.85,192.20
1691019,0.11,-3.85,192.21
1691108,0.11,-3.85,192.20
1691197,0.11,-3.85,192.20
1691285,0.11,-3.85,192.20
1691374,0.11,-3.86,192.20
1691463,0.11,-3.85,192.20
1691552,0.11,-3.86,192.20
1691640,0.10,-3.85,192.20
1691729,0.10,-3.86,192.20
1691818,0.11,-3.86,192.20
1691906,0.10,-3.86,192.20
1691995,0.10,-3.86,192.20
1692084,0.11,-3.85,192.20
1692261,0.11,-3.85,192.20
1692439,0.11,-3.86,192.20
1692616,0.11,-3.86,192.20
1692794,0.11,-3.86,192.20
1692971,0.10,-3.86,192.20
1693149,0.11,-3.86,192.20
1693326,0.11,-3.86,192.20
1693503,0.10,-3.86,192.20
1693681,0.10,-3.86,192.20
1693858,0.11,-3.86,192.20
1694036,0.11,-3.85,192.20
1694213,0.11,-3.86,192.20
1694391,0.10,-3.86,192.20
1694568,0.11,-3.86,192.20
1694745,0.11,-3.86,192.20
1694923,0.11,-3.85,192.20
1695100,0.11,-3.85,192.20
1695278,0.10,-3.85,192.20
1695455,0.11,-3.85,192.20
1695633,0.10,-3.85,192.20
1695810,0.10,-3.85,192.20
1695988,0.09,-3.85,192.20
1696076,0.10,-3.85,192.20
1696165,0.10,-3.85,192.20
1696254,0.10,-3.85,192.20
1696342,0.10,-3.86,192.20
1696431,0.10,-3.86,192.20
1696520,0.10,-3.85,192.20
1696609,0.11,-3.85,192.20
1696697,0.11,-3.85,192.20
1696786,0.11,-3.85,192.20
1696875,0.10,-3.85,192.20
1696963,0.10,-3.85,192.20
1697052,0.10,-3.85,192.20
1697141,0.11,-3.85,192.20
1697230,0.10,-3.85,192.20
1697318,0.10,-3.85,192.20
1697407,0.11,-3.85,192.20
1697496,0.11,-3.85,192.20
1697585,0.11,-3.85,192.20
1697762,0.11,-3.85,192.20
1697851,0.11,-3.85,192.20
1698028,0.10,-3.85,192.20
1698206,0.10,-3.85,192.20
1698383,0.11,-3.85,192.20
1698560,0.10,-3.85,192.20
1698738,0.11,-3.85,192.19
1698915,0.11,-3.85,192.19
1699093,0.10,-3.85,192.20
1699181,0.10,-3.85,192.20
1699270,0.10,-3.85,192.19
1699359,0.10,-3.85,192.19
1699448,0.10,-3.84,192.19
1699536,0.10,-3.84,192.19
1699625,0.10,-3.85,192.19
1699714,0.11,-3.85,192.19
1699803,0.11,-3.85,192.19
1699891,0.10,-3.85,192.19
1699980,0.11,-3.85,192.19
1700069,0.11,-3.85,192.19
1700157,0.11,-3.85,192.19
1700246,0.11,-3.85,192.19
1700335,0.11,-3.85,192.19
1700424,0.11,-3.85,192.19
1700512,0.11,-3.85,192.19
1700601,0.11,-3.85,192.19
1700690,0.11,-3.85,192.19
1700778,0.10,-3.85,192.19
1700867,0.11,-3.85,192.19
1700956,0.11,-3.85,192.19
1701045,0.11,-3.85,192.19
1701133,0.11,-3.85,192.19
1701222,0.11,-3.85,192.19
1701311,0.11,-3.84,192.20
1701399,0.10,-3.85,192.19
1701488,0.11,-3.85,192.19
1701577,0.10,-3.84,192.19
1701666,0.10,-3.85,192.19
1701754,0.11,-3.85,192.19
1701843,0.11,-3.85,192.19
1701932,0.10,-3.84,192.19
1702020,0.10,-3.84,192.19
1702109,0.10,-3.84,192.19
1702198,0.10,-3.85,192.19
1702287,0.11,-3.84,192.19
1702375,0.11,-3.84,192.19
1702464,0.11,-3.85,192.19
1702553,0.11,-3.85,192.19
1702641,0.10,-3.85,192.19
1702730,0.10,-3.85,192.19
1702819,0.10,-3.85,192.19
1702908,0.10,-3.85,192.19
1702996,0.10,-3.85,192.19
1703085,0.10,-3.85,192.19
1703174,0.10,-3.85,192.19
1703263,0.10,-3.85,192.19
1703351,0.11,-3.85,192.19
1703440,0.10,-3.85,192.19
1703529,0.10,-3.85,192.19
1703617,0.10,-3.85,192.20
1703706,0.10,-3.85,192.19
1703795,0.11,-3.85,192.19
1703972,0.11,-3.85,192.19
1704150,0.10,-3.85,192.19
1704327,0.10,-3.85,192.19
1704505,0.10,-3.85,192.20
1704682,0.10,-3.85,192.19
1704859,0.10,-3.85,192.19
1705037,0.10,-3.84,192.19
1705214,0.11,-3.85,192.20
1705392,0.11,-3.84,192.19
1705569,0.10,-3.85,192.19
1705747,0.11,-3.84,192.19
1705924,0.11,-3.85,192.19
1706101,0.10,-3.84,192.19
1706279,0.11,-3.84,192.19
1706456,0.11,-3.85,192.19
1706634,0.10,-3.85,192.19
1706811,0.11,-3.85,192.19
1706989,0.10,-3.85,192.20
1707166,0.10,-3.84,192.20
1707344,0.10,-3.84,192.19
1707521,0.10,-3.84,192.20
1707698,0.10,-3.85,192.20
1707876,0.10,-3.85,192.20
1708053,0.10,-3.85,192.20
1708231,0.10,-3.85,192.20
1708408,0.10,-3.85,192.20
1708497,0.10,-3.84,192.19
1708586,0.11,-3.85,192.19
1708674,0.10,-3.85,192.19
1708763,0.10,-3.85,192.20
1708852,0.10,-3.85,192.20
1708941,0.10,-3.85,192.20
1709029,0.11,-3.85,192.20
1709118,0.11,-3.85,192.20
1709207,0.11,-3.85,192.19
1709295,0.11,-3.85,192.19
1709384,0.10,-3.85,192.20
1709473,0.10,-3.85,192.20
1709562,0.10,-3.85,192.19
1709650,0.10,-3.85,192.20
1709828,0.10,-3.85,192.20
1710005,0.10,-3.85,192.20
1710183,0.11,-3.85,192.20
1710360,0.11,-3.85,192.20
1710538,0.11,-3.85,192.20
1710715,0.10,-3.85,192.20
1710892,0.11,-3.85,192.20
1711070,0.11,-3.85,192.20
1711247,0.11,-3.85,192.20
1711425,0.10,-3.85,192.20
1711602,0.10,-3.85,192.20
1711780,0.11,-3.84,192.20
1711957,0.10,-3.85,192.20
1712046,-1135.89,-3.85,192.20
1712134,0.10,-3.85,192.20
1712223,0.10,-3.85,192.20
1712312,0.11,-3.85,192.19
1712401,0.11,-3.85,192.20
1712489,0.11,-3.85,192.20
1712578,0.11,-3.85,192.20
1712667,0.11,-3.85,192.20
1712755,0.11,-3.85,192.20
1712844,0.10,-3.85,192.20
1712933,0.10,-3.85,192.20
1713022,0.11,-3.85,192.20
1713110,0.11,-3.85,192.20
1713199,0.11,-3.85,192.20
1713288,0.11,-3.85,192.20
1713377,0.10,-3.85,192.20
1713465,0.10,-3.85,192.20
1713554,0.10,-3.85,192.20
1713643,0.10,-3.85,192.20
1713731,0.10,-3.85,192.20
1713820,0.10,-3.85,192.20
1713909,0.11,-3.85,192.20
1713998,0.11,-3.85,192.20
1714086,0.10,-3.85,192.20
1714175,0.10,-3.85,192.20
1714264,0.11,-3.85,192.20
1714352,0.10,-3.85,192.20
1714441,0.10,-3.85,192.20
1714530,0.11,-3.85,192.20
1714619,0.11,-3.85,192.20
1714707,0.10,-3.85,192.20
1714796,0.10,-3.85,192.20
1714885,0.10,-3.85,192.20
1714973,0.11,-3.86,192.20
1715062,0.11,-3.85,192.20
1715151,0.10,-3.85,192.20
1715240,0.10,-3.86,192.20
1715328,0.10,-3.86,192.20
1715417,0.10,-3.86,192.20
1715506,0.11,-3.86,192.20
1715683,0.10,-3.85,192.20
1715861,0.10,-3.86,192.20
1716038,0.10,-3.85,192.20
1716216,0.10,-3.85,192.20
1716393,0.11,-3.85,192.20
1716570,0.10,-3.85,192.20
1716748,0.10,-3.86,192.20
1716925,0.11,-3.86,192.20
1717103,0.10,-3.86,192.20
1717280,0.10,-3.85,192.20
1717458,0.10,-3.86,192.20
1717635,0.10,-3.85,192.20
1717724,0.10,-3.86,192.20
1717813,0.10,-3.85,192.20
1717901,0.10,-3.85,192.20
1717990,0.11,-3.85,192.20
1718079,0.11,-3.85,192.20
1718167,0.10,-3.85,192.20
1718256,0.11,-3.86,192.20
1718345,0.10,-3.85,192.20
1718434,0.10,-3.86,192.20
1718522,0.11,-3.86,192.20
1718611,0.11,-3.86,192.20
1718700,0.10,-3.86,192.20
1718788,0.11,-3.85,192.20
1718877,0.11,-3.85,192.20
1718966,0.10,-3.86,192.20
1719055,0.10,-3.85,192.20
1719143,0.11,-3.85,192.20
1719232,0.10,-3.85,192.20
1719321,0.10,-3.85,192.20
1719409,0.10,-3.86,192.20
1719498,0.11,-3.86,192.20
1719587,0.10,-3.86,192.20
1719676,0.10,-3.86,192.20
1719764,0.11,-3.86,192.20
1719853,0.12,-3.85,192.20
1719942,0.11,-3.85,192.20
1720031,0.10,-3.85,192.20
1720119,0.11,-3.85,192.20
1720208,0.11,-3.85,192.20
1720297,0.11,-3.86,192.20
1720385,0.11,-3.86,192.20
1720474,0.10,-3.86,192.20
1720563,0.10,-3.86,192.20
1720652,0.11,-3.86,192.20
1720740,0.11,-3.86,192.20
1720829,0.10,-3.85,192.20
1720918,0.10,-3.86,192.20
1721006,0.11,-3.85,192.20
1721095,0.11,-3.85,192.20
1721184,0.10,-3.86,192.20
1721273,0.11,-3.85,192.20
1721361,0.11,-3.85,192.20
1721539,0.11,-3.86,192.20
1721716,0.11,-3.86,192.20
1721894,0.10,-3.85,192.20
1722071,0.11,-3.86,192.20
1722249,0.11,-3.85,192.20
1722426,0.10,-3.86,192.20
1722603,0.10,-3.86,192.20
1722781,0.11,-3.86,192.20
1722958,0.11,-3.86,192.20
1723136,0.10,-3.86,192.20
1723313,0.11,-3.85,192.20
1723491,0.10,-3.86,192.20
1723668,0.11,-3.85,192.20
1723846,0.10,-3.85,192.20
1724023,0.11,-3.85,192.20
1724200,0.10,-3.86,192.20
1724378,0.11,-3.86,192.20
1724555,0.10,-3.85,192.20
1724733,0.10,-3.86,192.20
1724910,0.11,-3.86,192.20
1725088,0.11,-3.86,192.20
1725265,0.10,-3.86,192.20
1725443,0.11,-3.86,192.20
1725620,0.10,-3.85,192.20
1725797,0.10,-3.85,192.20
1725975,0.11,-3.85,192.20
1726152,0.10,-3.85,192.20
1726330,0.11,-3.85,192.20
1726507,0.10,-3.85,192.20
1726685,0.10,-3.86,192.20
1726773,0.11,-3.86,192.21
1726862,0.11,-3.86,192.20
1726951,0.11,-3.86,192.20
1727040,0.10,-3.86,192.20
1727128,0.10,-3.86,192.20
1727306,0.11,-3.86,192.20
1727483,0.11,-3.85,192.20
1727661,0.10,-3.86,192.20
1727838,0.10,-3.86,192.20
1728016,0.10,-3.86,192.20
1728193,0.11,-3.85,192.20
1728282,0.11,-3.86,192.21
1728370,0.11,-3.86,192.20
1728459,0.10,-3.86,192.20
1728548,0.10,-3.86,192.21
1728637,0.11,-3.86,192.20
1728725,0.11,-3.86,192.20
1728814,0.11,-3.86,192.20
1728903,0.11,-3.86,192.20
1728992,0.10,-3.86,192.20
1729080,0.10,-3.86,192.20
1729169,0.10,-3.86,192.21
1729258,0.11,-3.86,192.20
1729346,0.11,-3.86,192.20
1729435,0.11,-3.86,192.20
1729524,0.11,-3.86,192.20
1729613,0.11,-3.86,192.20
1729701,0.11,-3.86,192.20
1729790,0.11,-3.86,192.20
1729879,0.10,-3.86,192.20
1729967,0.10,-3.86,192.20
1730056,0.10,-3.86,192.21
1730145,0.10,-3.86,192.21
1730234,0.10,-3.86,192.20
1730322,0.11,-3.86,192.20
1730411,0.11,-3.86,192.20
1730500,0.11,-3.86,192.20
1730589,0.11,-3.86,192.20
1730677,0.10,-3.86,192.20
1730766,0.10,-3.86,192.20
1730855,0.10,-3.86,192.20
1730943,0.11,-3.86,192.20
1731032,0.11,-3.86,192.20
1731121,0.11,-3.86,192.20
1731210,0.11,-3.86,192.21
1731298,0.11,-3.86,192.21
1731387,0.11,-3.86,192.20
1731476,0.10,-3.86,192.20
1731565,0.10,-3.86,192.20
1731653,0.11,-3.86,192.20
1731742,0.10,-3.86,192.20
1731831,0.10,-3.86,192.20
1731919,0.10,-3.86,192.20
1732008,0.10,-3.86,192.20
1732097,0.10,-3.86,192.20
1732186,0.11,-3.86,192.20
1732274,0.11,-3.86,192.20
1732363,0.11,-3.86,192.20
1732452,0.10,-3.86,192.20
1732540,0.10,-3.86,192.20
1732629,0.10,-3.86,192.20
1732718,0.10,-3.86,192.20
1732807,0.10,-3.86,192.20
1732895,0.10,-3.86,192.20
1732984,0.10,-3.86,192.20
1733073,0.11,-3.86,192.20
1733250,0.10,-3.86,192.20
1733428,0.10,-3.86,192.20
1733605,0.10,-3.86,192.20
1733783,0.10,-3.86,192.20
1733960,0.10,-3.86,192.20
1734137,0.10,-3.86,192.20
1734315,0.10,-3.86,192.20
1734492,0.09,-3.86,192.20
1734670,0.10,-3.86,192.20
1734847,0.11,-3.86,192.20
1735025,0.10,-3.86,192.20
1735202,0.10,-3.86,192.20
1735380,0.11,-3.86,192.20
1735557,0.10,-3.86,192.20
1735734,0.10,-3.86,192.20
1735912,0.10,-3.86,192.20
1736001,0.10,-3.86,192.20
1736089,0.09,-3.86,192.20
1736178,0.10,-3.86,192.20
1736267,0.10,-3.86,192.20
1736356,0.10,-3.86,192.20
1736444,0.10,-3.86,192.20
1736533,0.10,-3.86,192.20
1736622,0.11,-3.86,192.20
1736710,0.11,-3.87,192.20
1736799,0.10,-3.86,192.20
1736888,0.10,-3.86,192.20
1736977,0.10,-3.86,192.20
1737065,0.11,-3.86,192.21
1737154,0.11,-3.86,192.21
1737243,0.10,-3.86,192.20
1737331,0.10,-3.86,192.21
1737420,0.11,-3.86,192.21
1737509,0.10,-3.86,192.21
1737598,0.10,-3.86,192.20
1737686,0.11,-3.86,192.20
1737775,0.10,-3.86,192.21
1737864,0.10,-3.86,192.21
1737953,0.10,-3.86,192.21
1738041,0.10,-3.87,192.21
1738130,0.10,-3.86,192.20
1738219,0.10,-3.87,192.20
1738307,0.11,-3.87,192.20
1738396,0.10,-3.86,192.20
1738485,0.10,-3.86,192.21
1738574,0.10,-3.86,192.21
1738662,0.11,-3.86,192.21
1738751,0.10,-3.86,192.21
1738840,0.10,-3.86,192.20
1739017,0.11,-3.87,192.21
1739195,0.10,-3.87,192.20
1739372,0.11,-3.86,192.21
1739549,0.10,-3.86,192.21
1739727,0.10,-3.86,192.21
1739904,0.11,-3.86,192.20
1740082,0.10,-3.86,192.21
1740259,0.11,-3.86,192.21
1740437,0.11,-3.86,192.20
1740614,0.11,-3.87,192.21
1740792,0.10,-3.87,192.21
1740969,0.11,-3.86,192.20
1741147,0.11,-3.87,192.20
1741324,0.11,-3.86,192.20
1741501,0.11,-3.86,192.20
1741679,0.11,-3.86,192.20
1741856,0.10,-3.87,192.21
1742034,0.10,-3.87,192.22
1742211,0.10,-3.88,192.22
1742389,0.10,-3.87,192.21
1742566,0.10,-3.87,192.22
1742744,0.10,-3.88,192.22
1742921,0.11,-3.87,192.22
1743099,0.11,-3.87,192.22
1743276,0.11,-3.88,192.22
1743453,0.10,-3.88,192.22
1743631,0.10,-3.87,192.22
1743808,0.10,-3.87,192.22
1743986,0.10,-3.88,192.22
1744163,0.11,-3.87,192.21
1744341,0.11,-3.87,192.22
1744518,0.10,-3.88,192.22
1744696,0.11,-3.88,192.22
1744873,0.10,-3.88,192.21
1745050,0.10,-3.88,192.22
1745139,0.11,-3.88,192.21
1745228,0.11,-3.88,192.22
1745317,0.10,-3.87,192.22
1745405,0.10,-3.88,192.22
1745494,0.10,-3.88,192.22
1745583,0.10,-3.88,192.22
1745672,0.10,-3.88,192.22
1745760,0.10,-3.88,192.21
1745849,0.10,-3.87,192.21
1745938,0.10,-3.88,192.22
1746026,0.11,-3.88,192.21
1746115,0.10,-3.88,192.22
1746204,0.10,-3.88,192.22
1746293,0.10,-3.88,192.22
1746381,0.11,-3.87,192.21
1746470,0.11,-3.88,192.21
1746559,0.11,-3.88,192.21
1746647,0.11,-3.88,192.21
1746736,0.10,-3.88,192.21
1746825,0.10,-3.87,192.22
1746914,0.10,-3.88,192.22
1747002,0.10,-3.88,192.22
1747091,0.10,-3.88,192.22
1747180,0.10,-3.88,192.22
1747269,0.10,-3.88,192.22
1747357,0.11,-3.88,192.22
1747446,0.11,-3.88,192.21
1747535,0.10,-3.88,192.21
1747623,0.10,-3.88,192.21
1747712,0.10,-3.88,192.22
1747801,0.11,-3.88,192.22
1747890,0.11,-3.88,192.21
1747978,0.11,-3.88,192.21
1748067,0.10,-3.88,192.22
1748156,0.11,-3.88,192.22
1748244,0.11,-3.88,192.22
1748333,0.10,-3.88,192.21
1748422,0.10,-3.88,192.22
1748511,0.11,-3.88,192.22
1748599,0.11,-3.88,192.22
1748688,0.10,-3.88,192.22
1748777,0.09,-3.88,192.22
1748866,0.09,-3.88,192.22
1748954,0.10,-3.88,192.22
1749043,0.11,-3.88,192.22
1749132,0.11,-3.88,192.22
1749220,0.11,-3.88,192.23
1749309,0.11,-3.88,192.22
1749398,0.11,-3.88,192.22
1749487,0.10,-3.88,192.22
1749575,0.10,-3.88,192.22
1749664,0.10,-3.88,192.23
1749753,0.11,-3.88,192.22
1749841,0.10,-3.88,192.21
1749930,0.09,-3.89,192.21
1750019,0.11,-3.88,192.24
1750108,0.12,-3.86,192.22
1750196,0.10,-3.89,192.22
1750285,0.11,-3.88,192.23
1750374,0.11,-3.88,192.22
1750462,0.11,-3.89,192.23
1750551,0.10,-3.88,192.22
1750640,0.10,-3.88,192.22
1750817,0.09,-3.88,192.22
1750995,0.10,-3.88,192.22
1751172,0.11,-3.88,192.22
1751350,0.10,-3.88,192.22
1751527,0.10,-3.88,192.22
1751705,0.11,-3.88,192.22
1751882,0.11,-3.88,192.22
1752060,0.10,-3.88,192.22
1752237,0.10,-3.88,192.22
1752414,0.10,-3.88,192.22
1752592,0.10,-3.88,192.22
1752769,0.11,-3.88,192.22
1752947,0.11,-3.88,192.22
1753124,0.11,-3.88,192.22
1753302,0.10,-3.88,192.22
1753479,0.11,-3.88,192.22
1753657,0.10,-3.88,192.22
1753834,0.10,-3.89,192.22
1754011,0.11,-3.88,192.22
1754189,0.10,-3.88,192.22
1754278,0.10,-3.88,192.22
1754366,0.10,-3.88,192.22
1754455,0.10,-3.89,192.22
1754544,0.10,-3.88,192.23
1754632,0.10,-3.88,192.22
1754721,0.10,-3.88,192.22
1754810,0.10,-3.88,192.23
1754899,0.10,-3.89,192.22
1754987,0.11,-3.88,192.23
1755076,0.11,-3.88,192.22
1755165,0.11,-3.88,192.22
1755254,0.10,-3.89,192.22
1755342,0.10,-3.88,192.23
1755431,0.10,-3.88,192.23
1755520,0.10,-3.89,192.23
1755608,0.10,-3.88,192.23
1755697,0.10,-3.89,192.23
1755786,0.10,-3.88,192.22
1755875,0.10,-3.88,192.23
1755963,0.11,-3.89,192.23
1756052,0.11,-3.89,192.23
1756141,0.10,-3.89,192.23
1756230,0.10,-3.89,192.23
1756318,0.11,-3.88,192.23
1756407,0.10,-3.89,192.23
1756584,0.10,-3.88,192.23
1756762,0.10,-3.88,192.23
1756939,0.10,-3.89,192.23
1757117,0.10,-3.88,192.22
1757294,0.10,-3.89,192.23
1757472,0.11,-3.88,192.23
1757649,0.10,-3.89,192.23
1757827,0.11,-3.88,192.23
1758004,0.11,-3.89,192.23
1758181,0.10,-3.89,192.23
1758359,0.10,-3.88,192.23
1758536,0.10,-3.89,192.23
1758714,0.11,-3.89,192.23
1758891,0.11,-3.89,192.22
1759069,0.10,-3.88,192.22
1759246,0.10,-3.88,192.22
1759424,0.09,-3.88,192.22
1759601,0.10,-3.89,192.23
1759778,0.11,-3.89,192.23
1759956,0.10,-3.89,192.23
1760133,0.10,-3.88,192.23
1760311,0.11,-3.88,192.22
1760577,0.11,-3.89,192.22
1760666,0.11,-3.88,192.23
1760754,0.10,-3.89,192.22
1760843,0.10,-3.89,192.23
1760932,0.11,-3.89,192.23
1761021,0.11,-3.89,192.23
1761109,0.10,-3.89,192.23
1761198,0.09,-3.89,192.23
1761287,0.10,-3.89,192.23
1761375,0.11,-3.89,192.23
1761464,0.11,-3.89,192.23
1761553,0.10,-3.89,192.23
1761642,0.10,-3.89,192.23
1761730,0.11,-3.88,192.23
1761819,0.11,-3.89,192.23
1761908,0.11,-3.89,192.22
1761997,0.11,-3.89,192.23
1762085,0.11,-3.88,192.23
1762263,0.10,-3.89,192.23
1762440,0.11,-3.89,192.23
1762618,0.10,-3.89,192.23
1762795,0.11,-3.89,192.23
1762972,0.11,-3.89,192.23
1763150,0.11,-3.88,192.23
1763327,0.10,-3.88,192.23
1763505,0.10,-3.88,192.23
1763594,0.10,-3.88,192.23
1763682,0.10,-3.89,192.23
1763771,0.10,-3.88,192.23
1763860,0.10,-3.88,192.23
1763948,0.10,-3.88,192.22
1764037,0.10,-3.88,192.23
1764126,0.11,-3.89,192.22
1764215,0.11,-3.89,192.23
1764303,0.10,-3.88,192.23
1764392,0.11,-3.89,192.23
1764481,0.11,-3.89,192.23
1764570,0.10,-3.88,192.23
1764658,0.11,-3.88,192.23
1764747,0.10,-3.89,192.23
1764836,0.10,-3.88,192.23
1764924,0.10,-3.88,192.23
1765013,0.10,-3.88,192.23
1765102,0.10,-3.88,192.23
1765191,0.10,-3.88,192.23
1765279,0.10,-3.88,192.23
1765368,0.10,-3.87,192.22
1765457,0.10,-3.88,192.22
1765545,0.10,-3.88,192.22
1765634,0.10,-3.88,192.22
1765723,0.10,-3.88,192.22
1765812,0.10,-3.88,192.23
1765900,0.10,-3.88,192.22
1765989,0.11,-3.88,192.22
1766078,0.10,-3.88,192.22
1766167,0.10,-3.88,192.22
1766255,0.11,-3.88,192.22
1766344,0.11,-3.88,192.22
1766433,0.11,-3.88,192.22
1766521,0.10,-3.88,192.22
1766610,0.10,-3.88,192.22
1766699,0.10,-3.88,192.22
1766788,0.10,-3.88,192.23
1766876,0.10,-3.88,192.23
1766965,0.10,-3.88,192.22
1767054,0.10,-3.88,192.22
1767143,0.10,-3.88,192.22
1767231,0.10,-3.88,192.22
1767320,0.10,-3.88,192.22
1767409,0.11,-3.88,192.22
1767497,0.11,-3.88,192.22
1767586,0.10,-3.88,192.22
1767675,0.11,-3.88,192.22
1767764,0.11,-3.88,192.22
1767852,0.11,-3.88,192.22
1767941,0.10,-3.88,192.22
1768030,0.10,-3.88,192.22
1768118,0.11,-3.87,192.22
1768296,0.10,-3.88,192.22
1768473,0.10,-3.88,192.22
1768651,0.11,-3.88,192.22
1768828,0.11,-3.88,192.22
1769005,0.10,-3.88,192.22
1769183,0.10,-3.88,192.22
1769360,0.11,-3.88,192.23
1769538,0.10,-3.88,192.22
1769715,0.10,-3.88,192.22
1769893,0.10,-3.88,192.22
1770070,0.10,-3.88,192.22
1770248,0.10,-3.88,192.22
1770425,0.10,-3.88,192.22
1770603,0.11,-3.88,192.22
1770780,0.11,-3.88,192.22
1770957,0.10,-3.88,192.22
1771135,0.10,-3.88,192.22
1771312,0.10,-3.88,192.22
1771490,0.10,-3.88,192.22
1771667,0.10,-3.88,192.22
1771845,0.11,-3.88,192.22
1772022,0.11,-3.88,192.22
1772200,0.11,-3.88,192.22
1772377,0.10,-3.88,192.22
1772554,0.10,-3.88,192.22
1772643,0.10,-3.88,192.22
1772732,0.10,-3.88,192.22
1772821,0.10,-3.88,192.22
1772909,0.11,-3.88,192.22
1772998,0.10,-3.89,192.22
1773087,0.10,-3.88,192.22
1773175,0.11,-3.88,192.22
1773264,0.10,-3.88,192.22
1773353,0.10,-3.88,192.22
1773442,0.11,-3.88,192.22
1773530,0.11,-3.88,192.22
1773619,0.11,-3.88,192.22
1773708,0.10,-3.88,192.22
1773797,0.10,-3.88,192.22
1773885,0.11,-3.88,192.22
1773974,0.11,-3.88,192.22
1774151,0.11,-3.88,192.21
1774329,0.10,-3.88,192.22
1774506,0.10,-3.88,192.22
1774684,0.11,-3.88,192.22
1774861,0.11,-3.88,192.22
1775039,0.10,-3.88,192.22
1775216,0.11,-3.88,192.21
1775394,0.10,-3.88,192.21
1775571,0.11,-3.88,192.22
1775748,0.10,-3.88,192.22
1775926,0.10,-3.88,192.22
1776103,0.10,-3.88,192.21
1776281,0.10,-3.88,192.21
1776458,0.10,-3.88,192.22
1776547,0.10,-3.88,192.22
1776636,0.10,-3.88,192.22
1776724,0.10,-3.88,192.21
1776813,0.10,-3.88,192.22
1776902,0.10,-3.88,192.22
1776991,0.11,-3.88,192.22
1777079,0.10,-3.88,192.22
1777168,0.10,-3.87,192.22
1777257,0.10,-3.88,192.22
1777345,0.10,-3.88,192.22
1777434,0.11,-3.88,192.22
1777523,0.11,-3.88,192.22
1777612,0.10,-3.88,192.22
1777700,0.10,-3.88,192.22
1777789,0.10,-3.88,192.22
1777878,0.10,-3.88,192.21
1777967,0.10,-3.88,192.22
1778055,0.11,-3.88,192.22
1778144,0.10,-3.88,192.22
1778233,0.10,-3.88,192.22
1778321,0.10,-3.88,192.22
1778410,0.10,-3.88,192.21
1778499,0.10,-3.88,192.21
1778588,0.10,-3.88,192.21
1778676,0.10,-3.88,192.22
1778765,0.11,-3.88,192.21
1778854,0.10,-3.88,192.22
1778942,0.10,-3.87,192.21
1779031,0.10,-3.87,192.21
1779120,0.10,-3.88,192.21
1779209,0.11,-3.87,192.22
1779297,0.10,-3.88,192.22
1779386,0.10,-3.87,192.22
1779475,0.10,-3.88,192.22
1779564,0.10,-3.87,192.22
1779652,0.10,-3.87,192.22
1779741,0.11,-3.88,192.22
1779830,0.10,-3.88,192.22
1780007,0.10,-3.88,192.22
1780185,0.11,-3.88,192.22
1780362,0.11,-3.88,192.21
1780539,0.11,-3.88,192.21
1780717,0.10,-3.88,192.21
1780894,0.11,-3.88,192.22
1781072,0.10,-3.89,192.21
1781249,0.10,-3.88,192.21
1781427,0.10,-3.88,192.21
1781604,0.10,-3.88,192.21
1781782,0.11,-3.87,192.22
1781870,0.11,-3.88,192.22
1781959,0.11,-3.87,192.22
1782048,0.11,-3.88,192.21
1782137,0.10,-3.88,192.22
1782225,0.10,-3.88,192.22
1782314,0.11,-3.88,192.22
1782403,0.11,-3.88,192.21
1782491,0.10,-3.88,192.22
1782580,0.11,-3.88,192.21
1782669,0.11,-3.88,192.21
1782758,0.10,-3.87,192.22
1782846,0.10,-3.88,192.22
1782935,0.10,-3.88,192.22
1783024,0.10,-3.88,192.22
1783112,0.10,-3.88,192.22
1783201,0.10,-3.88,192.21
1783290,0.11,-3.87,192.21
1783379,0.10,-3.87,192.22
1783467,0.10,-3.88,192.21
1783556,0.10,-3.88,192.21
1783645,0.10,-3.88,192.21
1783734,0.11,-3.88,192.22
1783822,0.10,-3.88,192.22
1783911,0.10,-3.88,192.22
1784000,0.10,-3.88,192.22
1784088,0.11,-3.88,192.22
1784177,0.10,-3.88,192.22
1784266,0.10,-3.88,192.22
1784355,0.10,-3.88,192.21
1784443,0.10,-3.88,192.22
1784532,0.10,-3.88,192.21
1784621,0.10,-3.88,192.22
1784709,0.10,-3.88,192.22
1784798,0.10,-3.88,192.22
1784887,0.10,-3.88,192.21
1784976,0.10,-3.88,192.21
1785064,0.10,-3.88,192.21
1785153,0.10,-3.88,192.22
1785242,0.10,-3.88,192.22
1785331,0.10,-3.88,192.22
1785419,0.11,-3.88,192.21
1785508,0.10,-3.88,192.22
1785597,0.10,-3.88,192.22
1785685,0.11,-3.88,192.22
1785863,0.11,-3.88,192.22
1786040,0.10,-3.88,192.22
1786218,0.10,-3.88,192.22
1786395,0.10,-3.88,192.22
1786573,0.10,-3.88,192.22
1786750,0.10,-3.88,192.21
1786928,0.10,-3.88,192.22
1787105,0.10,-3.88,192.22
1787282,0.11,-3.88,192.22
1787460,0.10,-3.88,192.22
1787637,0.11,-3.89,192.22
1787815,0.11,-3.88,192.22
1787992,0.10,-3.88,192.22
1788170,0.11,-3.88,192.22
1788347,0.10,-3.88,192.22
1788525,0.11,-3.88,192.22
1788702,0.10,-3.89,192.22
1788880,0.11,-3.89,192.22
1789057,0.10,-3.88,192.22
1789234,0.10,-3.88,192.22
1789412,0.11,-3.88,192.22
1789589,0.11,-3.88,192.22
1789767,0.10,-3.88,192.22
1789944,0.10,-3.89,192.22
1790122,0.11,-3.89,192.22
1790299,0.10,-3.89,192.22
1790477,0.10,-3.88,192.22
1790654,0.10,-3.89,192.22
1790831,0.10,-3.88,192.22
1791009,0.10,-3.89,192.22
1791098,0.10,-3.88,192.22
1791186,0.10,-3.89,192.22
1791275,0.11,-3.88,192.22
1791364,0.11,-3.88,192.22
1791453,0.11,-3.89,192.22
1791541,0.11,-512.34,192.22
1791719,0.10,-3.89,192.22
1791896,0.10,-3.88,192.22
1792074,0.10,-3.88,192.22
1792251,0.10,-3.89,192.22
1792429,0.10,-3.89,192.22
1792606,0.11,-3.89,192.22
1792695,0.11,-3.89,192.22
1792783,0.11,-3.89,192.22
1792872,0.11,-3.89,192.22
1792961,0.11,-3.89,192.22
1793050,0.11,-3.89,192.22
1793138,0.10,-3.88,192.22
1793227,0.10,-3.89,192.22
1793316,0.10,-3.89,192.22
1793404,0.10,-3.89,192.22
1793493,0.10,-3.89,192.22
1793582,0.10,-3.89,192.22
1793671,0.11,-3.89,192.22
1793759,0.10,-3.89,192.22
1793848,0.11,-3.89,192.22
1793937,0.10,-3.89,192.22
1794025,0.10,-3.89,192.22
1794114,0.10,-3.89,192.22
1794203,0.11,-3.89,192.22
1794292,0.10,-3.88,192.22
1794380,0.10,-3.89,192.22
1794469,0.10,-3.89,192.22
1794558,0.10,-3.89,192.22
1794646,0.10,-3.89,192.22
1794735,0.10,-3.89,192.22
1794824,0.10,-3.89,192.23
1794913,0.10,-3.88,192.22
1795001,0.10,-3.89,192.22
1795090,0.10,-3.89,192.22
1795179,0.10,-3.89,192.22
1795268,0.10,-3.89,192.22
1795356,0.10,-3.88,192.22
1795445,0.11,-3.88,192.22
1795534,0.11,-3.88,192.22
1795622,0.11,-3.88,192.22
1795711,0.10,-3.88,192.22
1795800,0.10,-3.88,192.22
1795889,0.11,-3.87,192.22
1795977,0.10,-3.88,192.22
1796066,0.10,-3.88,192.22
1796155,0.10,-3.87,192.21
1796243,0.10,-3.87,192.21
1796332,0.10,-3.87,192.21
1796421,0.10,-3.87,192.21
1796510,0.09,-3.87,192.21
1796598,0.10,-3.87,192.21
1796687,0.10,-3.87,192.21
1796776,0.10,-3.88,192.22
1796865,0.10,-3.88,192.21
1796953,0.10,-3.87,192.22
1797042,0.10,-3.88,192.22
1797131,0.11,-3.88,192.22
1797219,0.11,-3.88,192.22
1797308,0.10,-3.88,192.22
1797397,0.10,-3.88,192.22
1797574,0.10,-3.89,192.22
1797752,0.10,-3.88,192.22
1797929,0.10,-3.89,192.22
1798107,0.11,-3.89,192.22
1798284,0.10,-3.88,192.22
1798462,0.10,-3.88,192.22
1798639,0.10,-3.88,192.22
1798816,0.10,-3.88,192.22
1798994,0.10,-3.88,192.22
1799171,0.10,-3.88,192.22
1799349,0.10,-3.88,192.22
1799526,0.10,-3.89,192.22
1799704,0.10,-3.88,192.22
1799881,0.10,-3.89,192.22
1800059,0.10,-3.88,192.21
1800236,0.09,-3.87,192.21
1800325,0.10,-3.89,192.22
1800414,0.10,-3.88,192.21
1800502,0.10,-3.89,192.22
1800591,0.10,-3.87,192.22
1800680,0.10,-3.88,192.22
1800768,0.09,-3.88,192.21
1800857,0.10,-3.88,192.22
1800946,0.11,-3.88,192.22
1801035,0.10,-3.88,192.22
1801123,0.10,-3.87,192.22
1801212,0.10,-3.87,192.22
1801301,0.10,-3.88,192.21
1801390,0.10,-3.88,192.22
1801478,0.10,-3.87,192.22
1801567,0.10,-3.88,192.22
1801656,0.10,-3.88,192.21
1801744,0.10,-3.88,192.22
1801833,0.10,-3.89,192.22
1801922,0.11,-3.89,192.22
1802011,0.10,-3.88,192.22
1802099,0.10,-3.89,192.23
1802188,0.10,-3.89,192.22
1802277,0.10,-3.89,192.23
1802365,0.11,-3.89,192.23
1802454,0.10,-3.90,192.23
1802543,0.10,-3.89,192.23
1802632,0.11,-3.90,192.23
1802720,0.10,-3.90,192.22
1802809,0.10,-3.89,192.23
1802898,0.10,-3.89,192.22
1802987,0.09,-3.89,192.23
1803075,0.10,-3.89,192.22
1803164,0.10,-3.89,192.23
1803253,0.10,-3.89,192.22
1803430,0.10,-3.89,192.22
1803608,0.10,-3.89,192.22
1803785,0.10,-3.89,192.23
1803963,0.10,-3.89,192.23
1804140,0.10,-3.90,192.23
1804317,0.10,-3.90,192.22
1804495,0.10,-3.89,192.23
1804672,0.10,-3.89,192.22
1804850,0.11,-3.88,192.22
1805027,0.11,-3.89,192.22
1805205,0.10,-3.89,192.22
1805382,0.10,-3.89,192.22
1805560,0.11,-3.89,192.22
1805737,0.10,-3.89,192.22
1805915,0.10,-3.88,192.22
1806092,0.11,-3.88,192.22
1806269,0.11,-3.89,192.22
1806447,0.10,-3.88,192.22
1806624,0.11,-3.88,192.22
1806802,0.10,-3.88,192.22
1806979,0.10,-3.88,192.22
1807157,0.10,-3.88,192.22
1807334,0.10,-3.88,192.22
1807512,0.10,-3.89,192.22
1807689,0.10,-3.89,192.22
1807867,0.11,-3.88,192.22
1808044,0.10,-3.88,192.23
1808221,0.10,-3.88,192.23
1808399,0.10,-3.88,192.23
1808576,0.10,-3.88,192.23
1808754,0.10,-3.88,192.23
1808931,0.10,-3.88,192.23
1809109,0.11,-3.88,192.23
1809286,0.10,-3.88,192.23
1809375,0.10,-3.88,192.22
1809464,0.10,-3.88,192.23
1809552,0.11,-3.88,192.22
1809641,0.10,-3.89,192.23
1809730,0.11,-3.87,192.22
1809819,0.11,-3.88,192.23
1809907,0.10,-3.88,192.22
1809996,0.10,-3.88,192.23
1810085,0.10,-3.88,192.22
1810173,0.10,-3.88,192.22
1810262,0.10,-3.88,192.22
1810351,0.10,-3.88,192.22
1810440,0.10,-3.88,192.22
1810528,0.10,-3.88,192.23
1810617,0.10,-3.88,192.22
1810706,0.10,-3.88,192.23
1810795,0.10,-3.88,192.23
1810883,0.10,-3.87,192.23
1810972,0.11,-3.88,192.22
1811061,0.10,-3.88,192.23
1811149,0.10,-3.89,192.23
1811238,0.10,-3.88,192.23
1811327,0.10,-3.89,192.22
1811416,0.10,-3.88,192.23
1811504,0.10,-3.89,192.23
1811593,0.10,-3.88,192.23
1811682,0.10,-3.89,192.22
1811770,0.11,-3.88,192.22
1811859,0.11,-3.89,192.23
1811948,0.11,-3.88,192.23
1812037,0.11,-3.88,192.22
1812125,0.10,-3.88,192.22
1812214,0.10,-3.89,192.22
1812303,0.10,-3.88,192.23
1812392,0.10,-3.88,192.23
1812480,0.11,-3.88,192.23
1812569,0.11,-3.88,192.23
1812658,0.11,-3.88,192.23
1812746,0.10,-3.88,192.23
1812835,0.10,-3.88,192.23
1812924,0.11,-3.88,192.23
1813013,0.11,-3.88,192.23
1813101,0.10,-3.89,192.23
1813190,0.10,-3.88,192.23
1813279,0.10,-3.88,192.23
1813368,0.10,-3.88,192.22
1813456,0.10,-3.89,192.23
1813545,0.10,-3.88,192.22
1813634,0.10,-3.88,192.22
1813722,0.10,-3.88,192.22
1813811,0.11,-3.89,192.22
1813900,0.11,-3.88,192.22
1813989,0.11,-3.88,192.23
1814077,0.10,-3.88,192.22
1814166,0.11,-3.88,192.22
1814255,0.10,-3.88,192.22
1814343,0.10,-3.88,192.22
1814432,0.10,-3.88,192.22
1814521,0.10,-3.88,192.22
1814610,0.11,-3.88,192.22
1814698,0.11,-3.88,192.22
1814787,0.11,-3.88,192.22
1814876,0.11,-3.88,192.22
1814965,0.10,-3.88,192.22
1815142,0.10,-3.88,192.22
1815319,0.10,-3.88,192.22
1815497,0.10,-3.88,192.22
1815674,0.11,-3.88,192.22
1815852,0.10,-3.88,192.23
1816029,0.10,-3.88,192.23
1816207,0.11,-3.88,192.22
1816384,0.11,-3.88,192.22
1816562,0.10,-3.88,192.22
1816739,0.10,-3.88,192.22
1816916,0.10,-3.88,192.22
1817094,0.10,-3.88,192.22
1817271,0.10,-3.88,192.22
1817449,0.10,-3.88,192.22
1817626,0.10,-3.88,192.23
1817804,0.10,-3.88,192.22
1817981,0.11,-3.88,192.22
1818159,0.10,-3.88,192.22
1818336,0.10,-3.88,192.22
1818514,0.10,-3.87,192.22
1818602,0.10,-3.88,192.23
1818691,0.10,-3.88,192.23
1818780,0.10,-3.87,192.22
1818868,0.10,-3.88,192.22
1818957,0.10,-3.88,192.22
1819046,0.10,-3.87,192.22
1819135,0.10,-3.87,192.22
1819223,0.11,-3.88,192.22
1819312,0.11,-3.87,192.22
1819401,0.11,-3.87,192.22
1819490,0.10,-3.87,192.22
1819578,0.10,-3.88,192.22
1819667,0.10,-3.88,192.22
1819756,0.11,-3.88,192.22
1819844,0.11,-3.87,192.22
1819933,0.11,-3.86,192.22
1820022,0.10,-3.86,192.21
1820111,0.10,-3.87,192.22
1820199,0.11,-3.85,192.22
1820288,0.10,-3.87,192.22
1820377,0.10,-3.87,192.22
1820465,0.10,-3.87,192.22
1820554,0.10,-3.86,192.21
1820643,0.10,-3.87,192.22
1820732,0.11,-3.86,192.21
1820820,0.11,-3.87,192.22
1820998,0.11,-3.86,192.22
1821175,0.10,-3.87,192.22
1821353,0.10,-3.87,192.22
1821530,0.11,-3.87,192.22
1821708,0.11,-3.87,192.22
1821885,0.11,-3.87,192.22
1822062,0.10,-3.87,192.22
1822240,0.10,-3.86,192.22
1822417,0.10,-3.86,192.22
1822595,0.11,-3.86,192.22
1822772,0.10,-3.86,192.22
1822950,0.10,-3.87,192.22
1823127,0.10,-3.87,192.22
1823305,0.10,-3.87,192.22
1823482,0.10,-3.87,192.22
1823659,0.10,-3.87,192.22
1823837,0.11,-3.87,192.22
1824014,0.10,-3.87,192.22
1824192,0.10,-3.86,192.22
1824369,0.11,-3.86,192.22
1824547,0.10,-3.87,192.22
1824724,0.10,-3.87,192.22
1824902,0.10,-3.86,192.22
1824990,0.10,-3.87,192.22
1825079,0.11,-3.86,192.22
1825168,0.11,-3.87,192.22
1825256,0.11,-3.86,192.22
1825345,0.10,-3.87,192.22
1825434,0.10,-3.87,192.22
1825523,0.11,-3.87,192.22
1825611,0.11,-3.87,192.22
1825700,0.10,-3.86,192.21
1825789,0.10,-3.87,192.22
1825878,0.10,-3.86,192.22
1825966,0.11,-3.86,192.22
1826055,0.11,-3.87,192.22
1826144,0.11,-3.87,192.22
1826232,0.11,-3.87,192.22
1826321,0.11,-3.87,192.22
1826410,0.10,-3.87,192.22
1826587,0.10,-3.87,192.22
1826765,0.10,-3.87,192.22
1826942,0.10,-3.87,192.22
1827120,0.10,-3.87,192.22
1827297,0.10,-3.87,192.22
1827475,0.10,-3.87,192.22
1827652,0.10,-3.87,192.22
1827829,0.11,-3.87,192.22
1827918,0.10,-3.87,192.22
1828007,0.11,-3.87,192.22
1828096,0.10,-3.87,192.22
1828184,0.10,-3.87,192.22
1828273,0.11,-3.87,192.22
1828362,0.10,-3.87,192.22
1828451,0.10,-3.87,192.22
1828539,0.11,-3.87,192.22
1828628,0.11,-3.87,192.22
1828717,0.11,-3.87,192.22
1828805,0.10,-3.87,192.22
1828894,0.10,-3.87,192.22
1828983,0.10,-3.87,192.22
1829072,0.10,-3.87,192.22
1829160,0.11,-3.87,192.22
1829249,0.10,-3.87,192.22
1829338,0.10,-3.87,192.22
1829426,0.10,-3.87,192.22
1829515,0.10,-3.87,192.22
1829604,0.10,-3.87,192.22
1829693,0.10,-3.87,192.22
1829781,0.11,-3.87,192.21
1829870,0.11,-3.87,192.21
1829959,0.11,-3.86,192.22
1830047,0.11,-3.87,192.21
1830136,0.10,-3.86,192.22
1830225,0.11,-3.86,192.22
1830314,0.10,-3.86,192.21
1830402,0.10,-3.86,192.21
1830491,0.11,-3.86,192.21
1830580,0.11,-3.86,192.22
1830669,0.11,-3.87,192.21
1830757,0.10,-3.86,192.21
1830846,0.10,-3.86,192.22
1830935,0.10,-3.87,192.22
1831023,0.11,-3.87,192.22
1831112,0.11,-3.86,192.22
1831201,0.10,-3.87,192.21
1831290,0.10,-3.87,192.21
1831378,0.10,-3.86,192.22
1831467,0.10,-3.87,192.22
1831556,0.10,-3.87,192.22
1831644,0.10,-3.87,192.22
1831733,0.11,-3.87,192.22
1831822,0.10,-3.86,192.22
1831911,0.11,-3.87,192.22
1831999,0.10,-3.86,192.22
1832088,0.10,-3.86,192.21
1832177,0.10,-3.86,192.21
1832266,0.11,-3.87,192.22
1832354,0.10,-3.87,192.22
1832443,0.10,-3.87,192.21
1832532,0.11,-3.86,192.21
1832709,0.11,-3.86,192.22
1832887,0.10,-3.87,192.21
1833064,0.10,-3.87,192.22
1833241,0.10,-3.87,192.21
1833419,0.10,-3.87,192.22
1833596,0.11,-3.87,192.22
1833774,0.11,-3.87,192.22
1833951,0.10,-3.87,192.22
1834129,0.10,-3.86,192.22
1834306,0.10,-3.86,192.21
1834484,0.11,-3.86,192.21
1834661,0.10,-3.87,192.22
1834838,0.10,-3.86,192.21
1835016,0.10,-3.87,192.21
1835193,0.10,-3.86,192.21
1835371,0.11,-3.87,192.21
1835548,0.10,-3.87,192.22
1835726,0.10,-3.87,192.22
1835903,0.11,-3.87,192.21
1836081,0.10,-3.87,192.22
1836258,0.10,-3.87,192.21
1836435,0.10,-3.87,192.21
1836613,0.09,-3.87,192.21
1836790,0.10,-3.87,192.21
1836968,0.10,-3.87,192.21
1837057,0.10,-3.87,192.22
1837145,0.10,-3.86,192.21
1837234,0.11,-3.87,192.22
1837323,0.10,-3.87,192.21
1837411,0.10,-3.87,192.22
1837500,0.11,-3.86,192.21
1837589,0.11,-3.86,192.22
1837678,0.10,-3.86,192.21
1837766,0.12,-3.87,192.22
1837855,0.11,-3.86,192.21
1837944,0.10,-3.87,192.22
1838033,0.10,-3.87,192.21
1838121,0.11,-3.87,192.21
1838210,0.10,-3.87,192.21
1838299,0.10,-3.87,192.22
1838476,0.11,-3.87,192.22
1838654,0.10,-3.87,192.22
1838831,0.11,-3.87,192.22
1839008,0.10,-3.87,192.21
1839186,0.10,-3.87,192.22
1839363,0.11,-3.87,192.22
1839541,0.11,-3.87,192.22
1839718,0.10,-3.87,192.22
1839896,0.11,-3.87,192.22
1840073,0.10,-3.87,192.22
1840251,0.11,-3.87,192.22
1840428,0.11,-3.88,192.23
1840605,0.11,-3.88,192.22
1840783,0.10,-3.86,192.22
1840960,0.10,-3.86,192.22
1841049,0.10,-3.88,192.22
1841138,0.10,-3.87,192.22
1841227,0.10,-3.88,192.22
1841315,0.10,-3.87,192.22
1841404,0.10,-3.88,192.23
1841493,0.10,-3.87,192.21
1841581,0.10,-3.88,192.22
1841670,0.10,-3.87,192.22
1841759,0.11,-3.88,192.23
1841848,0.11,-3.86,192.22
1841936,0.10,-3.88,192.22
1842025,0.10,-3.87,192.22
1842114,0.10,-3.88,192.23
1842203,0.10,-3.87,192.22
1842291,0.10,-3.88,192.22
1842380,0.10,-3.87,192.22
1842469,0.11,-3.88,192.22
1842557,0.11,-3.87,192.22
1842646,0.11,-3.88,192.23
1842735,0.11,-3.88,192.22
1842824,0.10,-3.88,192.22
1842912,0.10,-3.87,192.22
1843001,0.09,-3.88,192.23
1843090,0.11,-3.87,192.22
1843178,0.11,-3.88,192.22
1843267,0.10,-3.87,192.22
1843356,0.11,-3.87,192.22
1843445,0.10,-3.87,192.22
1843533,0.10,-3.87,192.22
1843622,0.10,-3.87,192.22
1843711,0.11,-3.87,192.22
1843800,0.11,-3.87,192.22
1843888,0.10,-3.87,192.22
1843977,0.10,-3.87,192.22
1844066,0.10,-3.87,192.22
1844154,0.10,-3.87,192.22
1844243,0.11,-3.87,192.22
1844421,0.11,-3.88,192.22
1844598,0.11,-3.87,192.22
1844775,0.10,-3.87,192.22
1844953,0.10,-3.87,192.22
1845130,0.10,-3.87,192.23
1845308,0.11,-3.87,192.22
1845485,0.10,-3.87,192.22
1845663,0.10,-3.87,192.22
1845840,0.10,-3.87,192.22
1846018,0.10,-3.87,192.22
1846195,0.11,-3.87,192.23
1846284,0.10,-3.87,192.22
1846372,0.10,-3.87,192.22
1846461,0.10,-3.88,192.22
1846550,0.10,-3.88,192.22
1846639,0.10,-3.87,192.22
1846727,0.10,-3.87,192.22
1846816,0.11,-3.88,192.22
1846905,0.11,-3.87,192.22
1846994,0.11,-3.87,192.22
1847082,0.10,-3.87,192.22
1847171,0.10,-3.87,192.22
1847260,0.11,-3.88,192.22
1847348,0.10,-3.87,192.22
1847437,0.11,-3.87,192.22
1847526,0.10,-3.87,192.22
1847615,0.11,-3.87,192.22
1847703,0.11,-3.86,192.22
1847792,0.10,-3.87,192.22
1847881,0.10,-3.87,192.22
1847969,0.10,-3.88,192.22
1848058,0.10,-3.86,192.22
1848147,0.10,-3.86,192.22
1848236,0.10,-3.85,192.21
1848324,0.10,-3.87,192.23
1848413,0.10,-3.87,192.22
1848502,0.10,-3.88,192.22
1848591,0.11,-3.86,192.22
1848679,0.11,-3.87,192.22
1848768,0.10,-3.86,192.22
1848857,0.11,-3.88,192.22
1848945,0.11,-3.87,192.22
1849034,0.11,-3.87,192.23
1849123,0.10,-3.86,192.21
1849212,0.10,-3.88,192.23
1849300,0.11,-3.87,192.22
1849389,0.11,-3.87,192.22
1849478,0.11,-3.87,192.21
1849566,0.11,-3.87,192.23
1849655,0.11,-3.86,192.22
1849744,0.11,-3.87,192.22
1849833,0.11,-3.86,192.22
1849921,0.11,-3.87,192.22
1850010,0.11,-3.87,192.21
1850187,0.11,-3.86,192.22
1850365,0.10,-3.86,192.22
1850542,0.11,-3.86,192.22
1850720,0.10,-3.86,192.22
1850897,0.10,-3.86,192.22
1851075,0.10,-3.87,192.22
1851252,0.11,-3.87,192.22
1851430,0.10,-3.86,192.22
1851607,0.11,-3.87,192.23
1851784,0.10,-3.87,192.22
1851962,0.10,-3.87,192.23
1852139,0.11,-3.87,192.23
1852317,0.11,-3.87,192.22
1852494,0.11,-3.87,192.22
1852672,0.11,-3.86,192.22
1852849,0.11,-3.87,192.23
1853027,0.10,-3.86,192.22
1853204,0.10,-3.86,192.22
1853381,0.11,-3.87,192.22
1853559,0.10,-3.86,192.23
1853736,0.10,-3.87,192.22
1853914,0.11,-3.87,192.22
1854091,0.10,-3.87,192.22
1854269,0.10,-3.87,192.22
1854446,0.10,-3.87,192.23
1854624,0.11,-3.87,192.22
1854801,0.10,-3.87,192.23
1854978,0.11,-3.87,192.22
1855156,0.10,-3.87,192.23
1855333,0.11,-3.87,192.23
1855422,0.10,-3.87,192.23
1855511,0.10,-3.87,192.23
1855600,0.10,-3.87,192.23
1855688,0.11,-3.87,192.22
1855777,0.11,-3.87,192.22
1855866,0.10,-3.87,192.23
1856043,0.10,-3.87,192.23
1856221,0.11,-3.87,192.23
1856398,0.10,-3.87,192.23
1856576,0.10,-3.87,192.23
1856753,0.10,-3.87,192.23
1856930,0.11,-3.87,192.23
1857019,0.10,-3.87,192.23
1857108,0.10,-3.87,192.23
1857197,0.11,-3.88,192.23
1857285,0.11,-3.88,192.23
1857374,0.10,-3.88,192.23
1857463,0.10,-3.88,192.23
1857551,0.10,-3.88,192.23
1857640,0.10,-3.88,192.23
1857729,0.10,-3.88,192.23
1857818,0.10,-3.88,192.23
1857906,0.10,-3.88,192.23
1857995,0.10,-3.88,192.23
1858084,0.10,-3.88,192.23
1858172,0.11,-3.88,192.23
1858261,0.11,-3.88,192.23
1858350,0.11,-3.88,192.23
1858439,0.10,-3.88,192.23
1858527,0.10,-3.88,192.23
1858616,0.10,-3.88,192.23
1858705,0.10,-3.88,192.23
1858794,0.10,-3.88,192.23
1858882,0.10,-3.88,192.23
1858971,0.11,-3.88,192.23
1859060,0.11,-3.88,192.23
1859148,0.10,-3.88,192.23
1859237,0.10,-3.88,192.23
1859326,0.10,-3.88,192.23
1859415,0.10,-3.89,192.23
1859503,0.11,-3.88,192.23
1859592,0.10,-3.88,192.24
1859681,0.10,-3.89,192.23
1859770,0.10,-3.88,192.24
1859858,0.09,-3.89,192.23
1859947,0.10,-3.88,192.24
1860036,0.10,-3.88,192.23
1860124,0.10,-3.87,192.24
1860213,0.11,-3.89,192.23
1860302,0.11,-3.87,192.23
1860391,0.11,-3.88,192.22
1860479,0.11,-3.88,192.23
1860568,0.10,-3.88,192.23
1860657,0.11,-3.87,192.23
1860745,0.10,-3.88,192.23
1860834,0.10,-3.86,192.23
1860923,0.10,-3.88,192.23
1861012,0.10,-3.87,192.23
1861100,0.10,-3.87,192.22
1861189,0.10,-3.87,192.23
1861278,0.10,-3.88,192.23
1861367,0.10,-3.86,192.22
1861455,0.10,-3.88,192.22
1861544,0.10,-3.87,192.22
1861633,0.10,-3.87,192.22
1861721,0.10,-3.87,192.23
1861899,0.11,-3.86,192.23
1862076,0.10,-3.87,192.23
1862254,0.10,-3.86,192.22
1862431,0.10,-3.86,192.23
1862609,0.10,-3.87,192.23
1862786,0.10,-3.87,192.22
1862964,0.10,-3.87,192.22
1863141,0.10,-3.87,192.22
1863318,0.10,-3.87,192.22
1863496,0.10,-3.87,192.22
1863673,0.10,-3.87,192.23
1863851,0.11,-3.87,192.22
1864028,0.10,-3.87,192.23
1864206,0.10,-3.87,192.22
1864383,0.10,-3.87,192.22
1864561,0.11,-3.87,192.23
1864649,0.10,-3.87,192.22
1864738,0.10,-3.87,192.22
1864827,0.10,-3.87,192.23
1864916,0.10,-3.87,192.23
1865004,0.09,-3.87,192.23
1865093,0.10,-3.87,192.23
1865182,0.10,-3.87,192.22
1865270,0.10,-3.87,192.23
1865359,0.10,-3.87,192.23
1865448,0.10,-3.87,192.22
1865537,0.10,-3.87,192.23
1865625,0.10,-3.87,192.23
1865714,0.10,-3.87,192.23
1865803,0.10,-3.87,192.23
1865891,0.10,-3.87,192.23
1865980,0.10,-3.87,192.23
1866069,0.10,-3.87,192.23
1866158,0.10,-3.87,192.23
1866246,0.10,-3.87,192.22
1866335,0.10,-3.87,192.23
1866424,0.11,-3.87,192.23
1866513,0.10,-3.87,192.23
1866601,0.10,-3.87,192.23
1866690,0.10,-3.87,192.23
1866779,0.10,-3.87,192.23
1866867,0.10,-3.87,192.23
1866956,0.10,-3.87,192.23
1867045,0.10,-3.87,192.22
1867134,0.10,-3.87,192.22
1867222,0.11,-3.86,192.23
1867311,0.11,-3.87,192.23
1867400,0.10,-3.87,192.23
1867488,0.09,-3.87,192.23
1867577,0.10,-3.87,192.23
1867755,0.10,-3.87,192.23
1867932,0.11,-3.87,192.23
1868110,0.10,-3.87,192.23
1868287,0.10,-3.87,192.23
1868464,0.10,-3.87,192.23
1868642,0.10,-3.87,192.23
1868819,0.10,-3.87,192.23
1868997,0.10,-3.87,192.23
1869174,0.11,-3.87,192.23
1869352,0.10,-3.86,192.23
1869529,0.10,-3.87,192.23
1869707,0.10,-3.87,192.23
1869884,0.10,-3.87,192.23
1870061,0.10,-3.87,192.23
1870239,0.10,-3.87,192.23
1870416,0.10,-3.87,192.23
1870594,0.10,-3.87,192.23
1870771,0.10,-3.87,192.22
1870949,0.10,-3.86,192.22
1871126,0.10,-3.87,192.22
1871304,0.10,-3.87,192.23
1871481,0.10,-3.86,192.22
1871659,0.10,-3.87,192.22
1871836,0.10,-3.87,192.22
1872013,0.10,-3.87,192.22
1872191,0.10,-3.87,192.22
1872368,0.10,-3.87,192.23
1872546,0.10,-3.87,192.23
1872723,0.11,-3.86,192.22
1872901,0.10,-3.86,192.22
1873078,0.10,-3.87,192.22
1873255,0.10,-3.87,192.23
1873433,0.10,-3.87,192.22
1873610,0.10,-3.87,192.22
1873788,0.10,-3.87,192.22
1873876,0.10,-3.87,192.23
1873965,0.10,-3.87,192.22
1874054,0.10,-3.87,192.22
1874143,0.11,-3.87,192.22
1874231,0.11,-3.87,192.22
1874320,0.11,-3.87,192.22
1874409,0.10,-3.87,192.22
1874498,0.11,-3.87,192.22
1874586,0.10,-3.87,192.22
1874675,0.10,-3.87,192.22
1874764,0.10,-3.87,192.22
1874852,0.10,-3.87,192.22
1874941,0.10,-3.87,192.22
1875030,0.10,-3.87,192.23
1875119,0.10,-3.87,192.22
1875207,0.10,-3.87,192.22
1875296,0.10,-3.86,192.22
1875385,0.10,-3.87,192.22
1875474,0.10,-3.87,192.22
1875562,0.10,-3.87,192.23
1875651,0.11,-3.87,192.22
1875740,0.11,-3.86,192.22
1875828,0.10,-3.86,192.22
1875917,0.11,-3.87,192.22
1876006,0.11,-3.87,192.22
1876095,0.11,-3.87,192.22
1876183,0.10,-3.86,192.22
1876272,0.10,-3.86,192.22
1876361,0.10,-3.87,192.22
1876449,0.10,-3.86,192.22
1876538,0.09,-3.86,192.22
1876627,0.10,-3.87,192.22
1876716,0.10,-3.86,192.23
1876804,0.10,-3.86,192.22
1876893,0.10,-3.86,192.22
1876982,0.11,-3.86,192.22
1877070,0.10,-3.87,192.22
1877159,0.10,-3.87,192.22
1877248,0.11,-3.86,192.22
1877337,0.10,-3.86,192.22
1877425,0.10,-3.86,192.22
1877514,0.10,-3.86,192.22
1877603,0.10,-3.86,192.22
1877692,0.10,-3.87,192.22
1877780,0.10,-3.87,192.22
1877869,0.10,-3.86,192.22
1877958,0.10,-3.86,192.22
1878046,0.10,-3.86,192.22
1878135,0.11,-3.86,192.22
1878224,0.10,-3.86,192.22
1878313,0.10,-3.86,192.22
1878401,0.10,-3.86,192.22
1878490,0.10,-3.86,192.22
1878579,0.10,-3.86,192.22
1878667,0.09,-3.86,192.22
1878756,0.10,-3.86,192.22
1878845,0.10,-3.86,192.22
1878934,0.10,-3.86,192.22
1879022,0.10,-3.86,192.22
1879111,0.10,-3.87,192.22
1879200,0.10,-3.86,192.22
1879289,0.10,-3.86,192.22
1879466,0.10,-3.86,192.22
1879643,0.10,-3.86,192.22
1879821,0.10,-3.86,192.22
1879998,0.10,-3.87,192.22
1880176,0.10,-3.86,192.22
1880353,0.10,-3.87,192.22
1880531,0.10,-3.86,192.22
1880708,0.10,-3.86,192.22
1880886,0.10,-3.86,192.22
1881063,0.11,-3.86,192.21
1881241,0.10,-3.86,192.22
1881418,0.11,-3.86,192.22
1881595,0.10,-3.86,192.22
1881773,0.10,-3.86,192.21
1881950,0.10,-3.86,192.22
1882128,0.11,-3.86,192.22
1882305,0.10,-3.86,192.22
1882483,0.10,-3.86,192.21
1882660,0.11,-3.86,192.22
1882838,0.10,-3.86,192.22
1882926,0.11,-3.87,192.21
1883015,0.10,-3.86,192.21
1883104,0.10,-3.86,192.21
1883192,0.11,-3.86,192.22
1883281,0.10,-3.86,192.21
1883370,0.09,-3.86,192.21
1883459,0.10,-3.86,192.22
1883547,0.11,-3.86,192.22
1883636,0.11,-3.86,192.22
1883725,0.10,-3.86,192.22
1883814,0.09,-3.86,192.22
1883902,0.10,-3.86,192.21
1883991,0.10,-3.87,192.21
1884080,0.10,-3.87,192.22
1884168,0.10,-3.87,192.22
1884257,0.10,-3.87,192.22
1884346,0.10,-3.87,192.21
1884435,0.10,-3.87,192.22
1884523,0.11,-3.86,192.22
1884612,0.10,-3.87,192.21
1884701,0.10,-3.87,192.22
1884789,0.10,-3.87,192.22
1884878,0.10,-3.86,192.22
1884967,0.11,-3.87,192.22
1885056,0.10,-3.87,192.21
1885144,0.10,-3.87,192.21
1885322,0.09,-3.86,192.22
1885499,0.10,-3.87,192.22
1885677,0.10,-3.86,192.22
1885854,0.11,-3.87,192.22
1886032,0.10,-3.87,192.22
1886209,0.09,-3.87,192.22
1886386,0.10,-3.87,192.21
1886564,0.11,-3.86,192.21
1886741,0.10,-3.86,192.21
1886919,0.11,-3.86,192.22
1887096,0.10,-3.86,192.21
1887274,0.10,-3.86,192.21
1887451,0.11,-3.86,192.21
1887629,0.10,-3.86,192.22
1887806,0.10,-3.86,192.22
1887983,0.10,-3.86,192.22
1888161,0.11,-3.86,192.21
1888338,0.10,-3.87,192.22
1888516,0.10,-3.88,192.22
1888693,0.10,-3.87,192.21
1888871,0.10,-3.87,192.21
1889048,0.10,-3.88,192.22
1889226,0.11,-3.87,192.21
1889314,0.10,-3.86,192.22
1889403,0.10,-3.88,192.22
1889492,0.10,-3.87,192.23
1889580,0.10,-3.89,192.22
1889669,0.10,-3.87,192.22
1889758,0.10,-3.88,192.21
1889847,0.10,-3.87,192.22
1889935,0.09,-3.88,192.21
1890024,0.09,-3.87,192.22
1890113,0.10,-3.87,192.22
1890202,0.10,-3.86,192.22
1890290,0.11,-3.87,192.21
1890379,0.10,-3.87,192.22
1890468,0.11,-3.87,192.21
1890556,0.11,-3.86,192.22
1890645,0.11,-3.87,192.21
1890734,0.10,-3.87,192.22
1890823,0.11,-3.88,192.21
1891000,0.10,-3.87,192.22
1891177,0.10,-3.87,192.21
1891355,0.10,-3.87,192.22
1891532,0.09,-3.87,192.22
1891710,0.10,-3.87,192.21
1891887,0.10,-3.87,192.21
1892065,0.11,-3.87,192.21
1892153,0.11,-3.87,192.21
1892242,0.10,-3.86,192.21
1892331,0.09,-3.87,192.21
1892420,0.10,-3.87,192.21
1892508,0.11,-3.87,192.21
1892597,0.10,-3.86,192.21
1892686,0.10,-3.87,192.21
1892775,0.11,-3.87,192.21
1892863,0.11,-3.87,192.21
1892952,0.10,-3.86,192.21
1893041,0.10,-3.87,192.21
1893129,0.10,-3.86,192.22
1893218,0.10,-3.86,192.21
1893307,0.10,-3.87,192.21
1893396,0.10,-3.87,192.22
1893484,0.10,-3.87,192.22
1893573,0.10,-3.87,192.22
1893662,0.11,-3.87,192.22
1893751,0.11,-3.87,192.22
1893839,0.11,-3.87,192.22
1893928,0.10,-3.87,192.22
1894017,0.10,-3.87,192.22
1894105,0.10,-3.87,192.22
1894194,0.10,-3.87,192.23
1894283,0.10,-3.88,192.23
1894372,0.10,-3.88,192.22
1894460,0.11,-3.87,192.22
1894549,0.10,-3.88,192.22
1894638,0.10,-3.88,192.22
1894726,0.10,-3.88,192.22
1894815,0.10,-3.88,192.22
1894904,0.10,-3.88,192.22
1894993,0.10,-3.88,192.22
1895081,0.11,-3.88,192.22
1895170,0.11,-3.88,192.23
1895259,0.10,-3.88,192.22
1895348,0.10,-3.87,192.22
1895436,0.11,-3.88,192.22
1895525,0.10,-3.88,192.23
1895614,0.10,-3.88,192.23
1895702,0.10,-3.88,192.22
1895791,0.10,-3.88,192.23
1895880,0.10,-3.88,192.23
1895969,0.10,-3.88,192.22
1896057,0.11,-3.88,192.22
1896146,0.10,-3.88,192.22
1896235,0.11,-3.88,192.22
1896323,0.11,-3.88,192.22
1896412,0.11,-3.88,192.22
1896501,0.11,-3.88,192.22
1896590,0.10,-3.88,192.22
1896678,0.10,-3.88,192.22
1896767,0.10,-3.88,192.22
1896856,0.10,-3.87,192.22
1897122,0.10,-3.88,192.22
1897299,0.10,-3.88,192.22
1897477,0.10,-3.87,192.22
1897654,0.11,-3.88,192.22
1897832,0.11,-3.88,192.22
1898009,0.10,-3.87,192.22
1898187,0.11,-3.87,192.22
1898364,0.10,-3.87,192.22
1898542,0.10,-3.88,192.22
1898719,0.10,-3.88,192.22
1898896,0.10,-3.88,192.22
1899074,0.10,-3.87,192.22
1899251,0.10,-3.87,192.21
1899429,0.10,-3.87,192.21
1899606,0.10,-3.87,192.22
1899784,0.10,-3.87,192.22
1899961,0.10,-3.87,192.21
1900139,0.10,-3.88,192.22
1900316,0.10,-3.87,192.22
1900493,0.10,-3.87,192.22
1900671,0.10,-3.87,192.21
1900848,0.11,-3.87,192.22
1901026,0.10,-3.87,192.21
1901203,0.10,-3.87,192.22
1901381,0.10,-3.87,192.22
1901469,0.10,-3.87,192.22
1901558,0.10,-3.87,192.22
1901647,0.10,-3.87,192.22
1901736,0.10,-3.88,192.21
1901824,0.10,-3.87,192.22
1901913,0.10,-3.87,192.22
1902002,0.10,-3.87,192.22
1902090,0.10,-3.87,192.21
1902179,0.10,-3.87,192.22
1902268,0.10,-3.88,192.21
1902357,0.10,-3.88,192.22
1902445,0.10,-3.88,192.22
1902534,0.10,-3.87,192.22
1902623,0.10,-3.87,192.21
1902712,0.10,-3.87,192.22
1902889,0.10,-3.87,192.22
1903066,0.11,-3.87,192.21
1903244,0.10,-3.87,192.22
1903421,0.11,-3.87,192.22
1903599,0.11,-3.87,192.22
1903776,0.10,-3.87,192.22
1903954,0.10,-3.87,192.22
1904131,0.10,-3.87,192.22
1904308,0.10,-3.87,192.22
1904486,0.10,-3.87,192.22
1904663,0.10,-3.87,192.22
1904841,0.10,-3.87,192.22
1905018,0.10,-3.87,192.22
1905196,0.10,-3.87,192.22
1905373,0.11,-3.87,192.22
1905462,0.10,-3.87,192.22
1905551,0.10,-3.87,192.22
1905639,0.10,-3.87,192.22
1905728,0.10,-3.88,192.22
1905817,0.09,-3.87,192.22
1905905,0.10,-3.88,192.22
1905994,0.11,-3.87,192.22
1906083,0.10,-3.87,192.22
1906172,0.10,-3.87,192.22
1906260,0.10,-3.87,192.22
1906349,0.11,-3.87,192.22
1906438,0.10,-3.88,192.22
1906526,0.10,-3.88,192.22
1906615,0.10,-3.87,192.22
1906704,0.10,-3.87,192.22
1906793,0.10,-3.88,192.22
1906881,0.10,-3.88,192.22
1906970,0.11,-3.87,192.22
1907059,0.10,-3.87,192.22
1907148,0.10,-3.87,192.22
1907236,0.10,-3.87,192.22
1907325,0.11,-3.87,192.22
1907414,0.10,-3.87,192.22
1907502,0.11,-3.87,192.22
1907591,0.11,-3.87,192.22
1907680,0.10,-3.87,192.22
1907769,0.10,-3.87,192.22
1907857,0.10,-3.87,192.22
1907946,0.10,-3.87,192.22
1908035,0.11,-3.87,192.22
1908123,0.11,-3.88,192.22
1908212,0.11,-3.87,192.22
1908301,0.10,-3.87,192.22
1908390,0.10,-3.87,192.22
1908478,0.11,-3.87,192.22
1908567,0.10,-3.88,192.22
1908656,0.10,-3.88,192.22
1908833,0.11,-3.88,192.22
1909011,0.11,-3.87,192.22
1909188,0.10,-3.87,192.22
1909366,0.10,-3.88,192.22
1909543,0.10,-3.87,192.22
1909720,0.11,-3.87,192.22
1909898,0.11,-3.87,192.22
1910075,0.10,-3.88,192.22
1910253,0.10,-3.88,192.22
1910430,0.10,-3.88,192.22
1910608,0.10,-3.87,192.22
1910696,0.10,-3.88,192.22
1910785,0.10,-3.88,192.22
1910874,0.10,-3.87,192.23
1910963,0.10,-3.88,192.22
1911051,0.10,-3.88,192.23
1911140,0.10,-3.88,192.23
1911229,0.10,-3.88,192.23
1911317,0.11,-3.88,192.23
1911406,0.11,-3.88,192.22
1911495,0.10,-3.88,192.22
1911584,0.10,-3.87,192.22
1911672,0.10,-3.87,192.22
1911761,0.11,-3.88,192.22
1911850,0.11,-3.88,192.22
1911938,0.11,-3.87,192.23
1912027,0.10,-3.87,192.22
1912116,0.10,-3.88,192.22
1912205,0.10,-3.87,192.23
1912293,0.10,-3.88,192.23
1912382,0.10,-3.88,192.23
1912471,0.10,-3.87,192.22
1912560,0.10,-3.87,192.22
1912648,0.11,-3.88,192.23
1912737,0.11,-3.88,192.23
1912826,0.11,-3.88,192.23
1912914,0.11,-3.88,192.23
1913003,0.10,-3.88,192.22
1913092,0.10,-3.88,192.23
1913181,0.10,-3.88,192.23
1913269,0.11,-3.88,192.23
1913358,0.11,-3.88,192.23
1913447,0.11,-3.88,192.23
1913535,0.10,-3.88,192.22
1913624,0.10,-3.88,192.22
1913713,0.10,-3.88,192.22
1913802,0.10,-3.88,192.23
1913890,0.10,-3.88,192.23
1913979,0.10,-3.88,192.23
1914068,0.10,-3.88,192.23
1914157,0.10,-3.88,192.23
1914245,0.11,-3.87,192.23
1914334,0.10,-3.88,192.22
1914423,0.11,-3.88,192.23
1914511,0.11,-3.88,192.23
1914689,0.11,-3.88,192.23
1914866,0.11,-3.88,192.22
1915044,0.10,-3.88,192.23
1915221,0.12,-3.88,192.22
1915399,0.10,-3.88,192.23
1915576,0.11,-3.88,192.23
1915754,0.10,-3.88,192.23
1915931,0.10,-3.88,192.23
1916108,0.11,-3.88,192.23
1916286,0.10,-3.88,192.23
1916463,0.10,-3.88,192.23
1916641,0.10,-3.88,192.23
1916818,0.10,-3.88,192.23
1916996,0.10,-3.88,192.23
1917173,0.10,-3.88,192.23
1917351,0.10,-3.88,192.23
1917528,0.11,-3.88,192.23
1917705,0.10,-3.88,192.22
1917883,0.11,-3.88,192.23
1918060,0.11,-3.88,192.23
1918238,0.10,-3.88,192.23
1918415,0.11,-3.88,192.23
1918593,0.10,-3.88,192.23
1918770,0.10,-3.88,192.23
1918948,0.10,-3.88,192.23
1919125,0.10,-3.88,192.23
1919302,0.10,-3.88,192.23
1919480,0.11,-3.88,192.23
1919657,0.10,-3.88,192.23
1919924,0.10,-3.88,192.23
1920012,0.10,-3.88,192.22
1920101,0.10,-3.87,192.23
1920190,0.11,-3.88,192.23
1920278,0.10,-3.88,192.22
1920456,0.10,-3.88,192.23
1920633,0.10,-3.88,192.23
1920811,0.10,-3.88,192.22
1920988,0.10,-3.88,192.23
1921166,0.10,-3.88,192.23
1921343,0.10,-3.88,192.23
1921521,0.11,-3.88,192.23
1921609,0.10,-3.88,192.23
1921698,0.10,-3.88,192.23
1921787,0.10,-3.88,192.23
1921875,0.11,-3.88,192.23
1921964,0.10,-3.87,192.23
1922053,0.10,-3.88,192.23
1922142,0.10,-3.88,192.23
1922230,0.10,-3.88,192.23
1922319,0.10,-3.88,192.23
1922408,0.10,-3.88,192.23
1922496,0.10,-3.88,192.23
1922585,0.10,-3.88,192.23
1922674,0.11,-3.87,192.23
1922763,0.11,-3.88,192.23
1922851,0.10,-3.88,192.23
1922940,0.10,-3.88,192.22
1923029,0.10,-3.88,192.23
1923118,0.10,-3.87,192.23
1923206,0.11,-3.88,192.22
1923295,0.10,-3.88,192.23
1923384,0.11,-3.88,192.23
1923472,0.10,-3.88,192.23
1923561,0.10,-3.87,192.22
1923650,0.10,-3.88,192.23
1923739,0.10,-3.87,192.23
1923827,0.11,-3.89,192.23
1923916,0.11,-3.87,192.23
1924005,0.11,-3.88,192.23
1924094,0.11,-3.87,192.23
1924182,0.11,-3.89,192.23
1924271,0.11,-3.87,192.23
1924360,0.10,-3.88,192.23
1924448,0.11,-3.87,192.23
1924537,0.11,-3.89,192.23
1924626,0.11,-3.87,192.23
1924715,0.11,-3.89,192.23
1924803,0.11,-3.87,192.23
1924892,0.11,-3.89,192.23
1924981,0.10,-3.87,192.23
1925070,0.11,-3.89,192.23
1925158,0.11,-3.88,192.22
1925247,0.10,-3.89,192.23
1925336,0.10,-3.88,192.23
1925424,0.10,-3.88,192.23
1925513,0.10,-3.87,192.23
1925602,0.10,-3.88,192.23
1925691,0.10,-3.88,192.23
1925779,0.09,-3.89,192.23
1925868,0.10,-3.88,192.23
1925957,0.11,-3.89,192.23
1926046,0.11,-3.88,192.23
1926134,0.11,-3.88,192.23
1926223,0.11,-3.88,192.23
1926400,0.11,-3.88,192.23
1926578,0.11,-3.88,192.23
1926755,0.11,-3.88,192.23
1926933,0.10,-3.88,192.23
1927110,0.10,-3.88,192.23
1927288,0.09,-3.88,192.23
1927465,0.10,-3.88,192.23
1927643,0.10,-3.88,192.23
1927820,0.11,-3.88,192.23
1927997,0.11,-3.88,192.23
1928175,0.11,-3.88,192.23
1928352,0.10,-3.88,192.23
1928530,0.11,-3.88,192.23
1928707,0.11,-3.88,192.23
1928885,0.11,-3.88,192.23
1928973,0.10,-3.88,192.24
1929062,0.10,-3.88,192.23
1929151,0.10,-3.88,192.23
1929240,0.10,-3.88,192.23
1929328,0.11,-3.88,192.23
1929417,0.11,-3.88,192.23
1929506,0.10,-3.88,192.23
1929594,0.10,-3.88,192.23
1929683,0.10,-3.88,192.23
1929772,0.11,-3.88,192.23
1929861,0.10,-3.88,192.23
1929949,0.11,-3.88,192.23
1930038,0.11,-3.88,192.23
1930127,0.10,-3.88,192.23
1930216,0.10,-3.88,192.23
1930304,0.10,-3.88,192.23
1930393,0.10,-3.88,192.23
1930482,0.10,-3.88,192.23
1930570,0.10,-3.89,192.23
1930659,0.11,-3.88,192.23
1930748,0.11,-3.88,192.24
1930837,0.11,-3.88,192.24
1930925,0.11,-3.89,192.23
1931014,0.10,-3.89,192.23
1931103,0.10,-3.88,192.23
1931191,0.10,-3.88,192.23
1931280,0.10,-3.88,192.23
1931369,0.10,-3.89,192.23
1931458,0.10,-3.89,192.23
1931546,0.11,-3.89,192.23
1931635,0.11,-3.88,192.23
1931724,0.11,-3.88,192.23
1931813,0.11,-3.88,192.23
1931901,0.11,-3.88,192.23
1931990,0.11,-3.88,192.23
1932167,0.10,-3.88,192.23
1932345,0.11,-3.88,192.23
1932522,0.11,-3.87,192.23
1932700,0.11,-3.88,192.22
1932877,0.11,-3.88,192.22
1933055,0.10,-3.88,192.22
1933232,0.10,-3.87,192.23
1933410,0.10,-3.87,192.23
1933587,0.11,-3.87,192.22
1933764,0.11,-3.87,192.23
1933942,0.10,-3.87,192.23
1934119,0.10,-3.88,192.23
1934297,0.10,-3.87,192.23
1934474,0.10,-3.88,192.23
1934652,0.10,-3.88,192.23
1934829,0.10,-3.87,192.23
1935007,0.10,-3.87,192.23
1935184,0.10,-3.88,192.23
1935361,0.11,-3.88,192.23
1935539,0.10,-3.88,192.23
1935716,0.10,-3.88,192.23
1935894,0.10,-3.88,192.23
1936071,0.10,-3.87,192.23
1936249,0.10,-3.88,192.23
1936426,0.10,-3.87,192.22
1936604,0.11,-3.87,192.23
1936781,0.10,-3.87,192.23
1936959,0.10,-3.87,192.23
1937136,0.10,-3.87,192.23
1937313,0.11,-3.87,192.23
1937491,0.11,-3.87,192.23
1937668,0.10,-3.88,192.23
1937846,0.11,-3.88,192.23
1938023,0.10,-3.87,192.23
1938201,0.10,-3.87,192.23
1938289,0.10,-3.87,192.23
1938378,0.10,-3.87,192.22
1938467,0.10,-3.87,192.22
1938556,0.11,-3.87,192.23
1938644,0.11,-3.87,192.23
1938733,0.10,-3.87,192.22
1938822,0.10,-3.87,192.23
1938910,0.11,-3.87,192.22
1938999,0.11,-3.87,192.22
1939088,0.10,-3.87,192.23
1939177,0.10,-3.87,192.23
1939265,0.11,-3.87,192.23
1939354,0.11,-3.87,192.23
1939443,0.11,-3.87,192.23
1939532,0.11,-3.87,192.22
1939620,0.10,-3.87,192.22
1939709,0.10,-3.87,192.22
1939798,0.10,-3.87,192.22
1939886,0.10,-3.87,192.22
1939975,0.10,-3.87,192.22
1940064,0.10,-3.87,192.22
1940153,0.10,-3.87,192.22
1940241,0.10,-3.87,192.22
1940330,0.11,-3.87,192.23
1940419,0.11,-3.87,192.23
1940508,0.11,-3.87,192.23
1940596,0.11,-3.87,192.22
1940685,0.10,-3.87,192.22
1940774,0.10,-3.87,192.23
1940862,0.11,-3.87,192.22
1940951,0.11,-3.87,192.23
1941040,0.11,-3.87,192.22
1941129,0.10,-3.87,192.23
1941217,0.10,-3.87,192.23
1941306,0.10,-3.87,192.23
1941395,0.11,-3.87,192.23
1941484,0.11,-3.87,192.23
1941572,0.10,-3.87,192.23
1941661,0.10,-3.87,192.23
1941750,0.11,-3.87,192.23
1941838,0.10,-3.87,192.22
1941927,0.11,-3.87,192.23
1942016,0.11,-3.87,192.22
1942105,0.11,-3.87,192.23
1942193,0.11,-3.87,192.23
1942282,0.11,-3.87,192.23
1942371,0.11,-3.87,192.22
1942459,0.10,-3.87,192.22
1942548,0.10,-3.87,192.22
1942637,0.10,-3.87,192.22
1942726,0.10,-3.87,192.22
1942814,0.10,-3.87,192.22
1942903,0.10,-3.87,192.22
1942992,0.10,-3.87,192.22
1943080,0.10,-3.87,192.22
1943169,0.11,-3.87,192.22
1943258,0.11,-3.87,192.22
1943346,0.11,-3.87,192.22
1943435,0.11,-3.87,192.22
1943524,0.10,-3.87,192.22
1943613,0.10,-3.87,192.22
1943701,0.10,-3.87,192.22
1943790,0.11,-3.87,192.23
1943968,0.10,-3.87,192.23
1944145,0.10,-3.87,192.23
1944322,0.11,-3.87,192.23
1944500,0.11,-3.87,192.22
1944677,0.11,-3.86,192.23
1944855,0.10,-3.87,192.23
1945032,0.10,-3.87,192.23
1945210,0.11,-3.87,192.23
1945387,0.11,-3.87,192.23
1945565,0.11,-3.87,192.23
1945742,0.10,-3.87,192.23
1945919,0.10,-3.87,192.23
1946097,0.10,-3.87,192.23
1946274,0.10,-3.87,192.23
1946452,0.10,-3.87,192.22
1946629,0.10,-3.88,192.23
1946807,0.10,-3.88,192.23
1946984,0.10,-3.88,192.22
1947162,0.10,-3.88,192.23
1947339,0.10,-3.87,192.22
1947428,0.10,-3.87,192.23
1947517,0.10,-3.88,192.22
1947605,0.10,-3.88,192.22
1947694,0.11,-3.87,192.22
1947783,0.11,-3.87,192.22
1947871,0.10,-3.88,192.22
1947960,0.10,-3.87,192.23
1948049,0.11,-3.88,192.22
1948138,0.11,-3.88,192.23
1948226,0.11,-3.87,192.23
1948315,0.11,-3.87,192.23
1948404,0.10,-3.87,192.22
1948492,0.10,-3.88,192.22
1948581,0.10,-3.87,192.23
1948670,0.10,-3.87,192.23
1948759,0.10,-3.88,192.22
1948847,0.11,-3.87,192.23
1948936,0.10,-3.87,192.22
1949025,0.10,-3.88,192.23
1949114,0.11,-3.87,192.23
1949202,0.11,-3.88,192.22
1949291,0.11,-3.87,192.22
1949380,0.11,-3.87,192.23
1949468,0.10,-3.88,192.22
1949557,0.11,-3.87,192.23
1949735,0.10,-3.88,192.22
1949912,0.11,-3.87,192.23
1950089,0.11,-3.87,192.23
1950267,0.11,-3.88,192.22
1950444,0.11,-3.87,192.23
1950622,0.10,-3.87,192.23
1950799,0.11,-3.88,192.23
1950977,0.10,-3.87,192.22
1951154,0.10,-3.87,192.22
1951332,0.10,-3.88,192.22
1951509,0.10,-3.88,192.22
1951687,0.11,-3.87,192.22
1951864,0.10,-3.87,192.23
1952041,0.11,-3.88,192.22
1952219,0.11,-3.88,192.22
1952396,0.10,-3.87,192.22
1952574,0.10,-3.87,192.22
1952751,0.10,-3.87,192.22
1952929,0.10,-3.87,192.22
1953106,0.10,-3.87,192.22
1953284,0.11,-3.87,192.22
1953461,0.11,-3.87,192.22
1953638,0.11,-3.87,192.22
1953727,0.10,-3.87,192.22
1953816,0.10,-3.87,192.22
1953905,0.11,-3.87,192.22
1953993,0.10,-3.87,192.22
1954082,0.10,-3.87,192.23
1954171,0.11,-3.87,192.22
1954260,0.11,-3.87,192.23
1954348,0.11,-3.87,192.23
1954437,0.11,-3.87,192.23
1954526,0.11,-3.87,192.22
1954614,0.11,-3.87,192.22
1954703,0.10,-3.87,192.22
1954792,0.11,-3.87,192.22
1954881,0.10,-3.88,192.22
1955058,0.10,-3.87,192.22
1955147,0.10,-3.87,192.23
1955236,0.11,-3.87,192.23
1955324,0.11,-3.87,192.22
1955502,0.11,-3.87,192.22
1955679,0.11,-3.87,192.23
1955857,0.10,-3.86,192.22
1956034,0.11,-3.87,192.22
1956212,0.11,-3.87,192.22
1956389,0.10,-3.87,192.23
1956566,0.10,-3.87,192.22
1956655,0.10,-3.87,192.22
1956744,0.10,-3.87,192.22
1956833,0.10,-3.87,192.22
1956921,0.10,-3.87,192.22
1957010,0.10,-3.87,192.22
1957099,0.11,-3.87,192.22
1957187,0.10,-3.87,192.22
1957276,0.10,-3.87,192.22
1957365,0.10,-3.87,192.22
1957454,0.11,-3.87,192.22
1957542,0.11,-3.87,192.22
1957631,0.11,-3.87,192.22
1957720,0.11,-3.87,192.22
1957809,0.11,-3.87,192.22
1957897,0.10,-3.87,192.22
1957986,0.10,-3.87,192.22
1958075,0.10,-3.87,192.22
1958163,0.11,-3.87,192.22
1958252,0.10,-3.87,192.22
1958341,0.10,-3.87,192.22
1958430,0.11,-3.87,192.22
1958518,0.10,-3.87,192.22
1958607,0.10,-3.88,192.22
1958696,0.11,-3.87,192.22
1958784,0.11,-3.87,192.22
1958873,0.10,-3.87,192.22
1958962,0.11,-3.87,192.22
1959051,0.11,-3.87,192.22
1959139,0.10,-3.87,192.22
1959228,0.10,-3.87,192.22
1959317,0.10,-3.87,192.22
1959405,0.10,-3.87,192.22
1959494,0.10,-3.87,192.22
1959583,0.11,-3.87,192.22
1959672,0.10,-3.87,192.22
1959760,0.10,-3.87,192.22
1959849,0.10,-3.87,192.22
1959938,0.10,-3.87,192.22
1960027,0.10,-3.87,192.22
1960115,0.11,-3.87,192.22
1960204,0.11,-3.87,192.22
1960293,0.11,-3.87,192.22
1960382,0.10,-3.87,192.22
1960470,0.10,-3.87,192.22
1960559,0.10,-3.87,192.22
1960648,0.11,-3.87,192.22
1960736,0.11,-3.87,192.22
1960825,0.10,-3.87,192.22
1960914,0.10,-3.87,192.22
1961003,0.11,-3.87,192.22
1961091,0.10,-3.87,192.22
1961180,0.10,-3.87,192.22
1961269,0.10,-3.87,192.22
1961357,0.11,-3.87,192.22
1961535,0.11,-3.87,192.22
1961712,0.11,-3.87,192.22
1961890,0.11,-3.87,192.22
1962067,0.11,-3.87,192.22
1962245,0.10,-3.87,192.22
1962422,0.10,-3.87,192.22
1962600,0.10,-3.87,192.22
1962777,0.10,-3.87,192.22
1962955,0.10,-3.87,192.22
1963132,0.11,-3.87,192.22
1963309,0.11,-3.87,192.22
1963487,0.11,-3.87,192.22
1963664,0.10,-3.87,192.22
1963842,0.11,-3.88,192.22
1964019,0.11,-3.87,192.22
1964197,0.11,-3.87,192.22
1964374,0.10,-3.87,192.22
1964552,0.10,-3.87,192.22
1964729,0.11,-3.87,192.22
1964907,0.11,-3.87,192.22
1965084,0.10,-3.87,192.22
1965261,0.11,-3.87,192.22
1965439,0.10,-3.87,192.22
1965616,0.10,-3.87,192.22
1965794,0.11,-3.87,192.22
1965883,0.11,-3.87,192.22
1965971,0.11,-3.87,192.22
1966060,0.11,-3.87,192.22
1966149,0.11,-3.87,192.22
1966237,0.11,-3.87,192.22
1966326,0.11,-3.87,192.22
1966415,0.10,-3.87,192.22
1966504,0.10,-3.87,192.22
1966592,0.10,-3.87,192.22
1966681,0.09,-3.87,192.22
1966770,0.10,-3.87,192.22
1966859,0.11,-3.87,192.22
1966947,0.11,-3.87,192.22
1967036,0.11,-3.87,192.22
1967125,0.11,-3.87,192.22
1967302,0.10,-3.87,192.22
1967480,0.10,-3.87,192.22
1967657,0.10,-3.87,192.22
1967834,0.10,-3.87,192.22
1968012,0.10,-3.87,192.22
1968189,0.10,-3.87,192.22
1968367,0.10,-3.87,192.22
1968544,0.10,-3.87,192.22
1968722,0.10,-3.87,192.22
1968899,0.11,-3.87,192.22
1969077,0.10,-3.87,192.22
1969254,0.10,-3.87,192.22
1969432,0.11,-3.87,192.22
1969609,0.11,-3.87,192.22
1969786,0.10,-3.88,192.22
1969875,0.10,-3.87,192.22
1969964,0.11,-3.87,192.22
1970053,0.11,-3.87,192.22
1970141,0.10,-3.87,192.23
1970230,0.11,-3.87,192.22
1970319,0.11,-3.87,192.22
1970408,0.10,-3.88,192.22
1970496,0.09,-3.88,192.22
1970585,0.10,-3.88,192.22
1970674,0.11,-3.88,192.22
1970762,0.11,-3.88,192.22
1970851,0.10,-3.88,192.22
1970940,0.10,-3.87,192.22
1971029,0.10,-3.87,192.22
1971117,0.10,-3.87,192.22
1971206,0.10,-3.87,192.22
1971295,0.10,-3.87,192.22
1971384,0.10,-3.87,192.22
1971472,0.10,-3.87,192.22
1971561,0.10,-3.87,192.22
1971650,0.10,-3.87,192.22
1971738,0.10,-3.87,192.23
1971827,0.11,-3.87,192.22
1971916,0.11,-3.87,192.22
1972005,0.10,-3.87,192.22
1972093,0.10,-3.87,192.22
1972182,0.10,-3.87,192.22
1972271,0.10,-3.87,192.22
1972360,0.11,-3.87,192.22
1972448,0.11,-3.88,192.22
1972537,0.10,-3.87,192.22
1972626,0.10,-3.87,192.23
1972714,0.11,-3.87,192.23
1972803,0.10,-3.87,192.23
1972892,0.10,-3.87,192.23
1972981,0.10,-3.87,192.23
1973069,0.10,-3.87,192.23
1973247,0.10,-3.87,192.23
1973424,0.11,-3.87,192.23
1973602,0.10,-3.87,192.23
1973779,0.11,-3.87,192.23
1973957,0.10,-3.88,192.23
1974134,0.10,-3.87,192.23
1974311,0.10,-3.88,192.22
1974489,0.10,-3.88,192.23
1974666,0.10,-3.87,192.23
1974844,0.10,-3.88,192.23
1974933,0.10,-3.87,192.23
1975021,0.11,-3.87,192.22
1975110,0.10,-3.87,192.22
1975199,0.10,-3.87,192.22
1975287,0.10,-3.87,192.23
1975376,0.10,-3.88,192.22
1975465,0.10,-3.88,192.23
1975554,0.10,-3.88,192.23
1975642,0.10,-3.88,192.23
1975731,0.10,-3.87,192.23
1975820,0.10,-3.87,192.23
1975909,0.11,-3.87,192.23
1975997,0.10,-3.88,192.23
1976086,0.11,-3.87,192.23
1976175,0.10,-3.88,192.23
1976263,0.10,-3.87,192.23
1976352,0.10,-3.88,192.23
1976441,0.10,-3.87,192.23
1976530,0.10,-3.87,192.23
1976618,0.10,-3.87,192.23
1976707,0.10,-3.87,192.23
1976796,0.10,-3.88,192.23
1976885,0.11,-3.88,192.23
1976973,0.10,-3.88,192.23
1977062,0.11,-3.88,192.23
1977151,0.11,-3.88,192.23
1977239,0.11,-3.88,192.23
1977328,0.11,-3.88,192.23
1977417,0.10,-3.87,192.23
1977506,0.10,-3.87,192.23
1977594,0.10,-3.87,192.23
1977683,0.10,-3.88,192.23
1977772,0.10,-3.88,192.23
1977860,0.10,-3.88,192.23
1977949,0.10,-3.88,192.23
1978038,0.10,-3.88,192.23
1978127,0.11,-3.88,192.23
1978215,0.11,-3.88,192.23
1978304,0.10,-3.88,192.23
1978393,0.11,-3.87,192.23
1978482,0.11,-3.87,192.23
1978570,0.10,-3.87,192.23
1978659,0.11,-3.87,192.23
1978748,0.10,-3.88,192.23
1978836,0.10,-3.88,192.23
1979014,0.10,-3.88,192.23
1979191,0.10,-3.88,192.23
1979369,0.10,-3.88,192.23
1979546,0.11,-3.88,192.23
1979724,0.10,-3.87,192.23
1979901,0.11,-3.88,192.23
1980079,0.11,-3.87,192.23
1980256,0.10,-3.87,192.23
1980433,0.11,-3.88,192.23
1980611,0.11,-3.88,192.23
1980788,0.10,-3.88,192.23
1980966,0.11,-3.88,192.23
1981143,0.11,-3.88,192.23
1981321,0.10,-3.88,192.23
1981498,0.10,-3.88,192.23
1981676,0.10,-3.88,192.23
1981853,0.10,-3.88,192.23
1982031,0.10,-3.88,192.23
1982208,0.11,-3.88,192.23
1982385,0.10,-3.88,192.23
1982563,0.10,-3.88,192.23
1982740,0.10,-3.88,192.23
1982918,0.10,-3.88,192.23
1983095,0.11,-3.88,192.23
1983273,0.11,-3.88,192.23
1983450,0.10,-3.88,192.23
1983628,0.11,-3.88,192.23
1983805,0.10,-3.88,192.23
1983982,0.10,-3.88,192.23
1984160,0.11,-3.88,192.23
1984249,0.11,-3.88,192.23
1984337,0.10,-3.88,192.23
1984426,0.10,-3.87,192.23
1984515,0.11,-3.88,192.23
1984604,0.10,-3.88,192.23
1984692,0.10,-3.88,192.23
1984870,0.10,-3.88,192.23
1985047,0.11,-3.88,192.23
1985225,0.10,-3.88,192.23
1985402,0.10,-3.88,192.23
1985579,0.11,-3.88,192.24
1985757,0.10,-3.88,192.23
1985934,0.11,-3.88,192.23
1986023,0.10,-3.88,192.23
1986112,0.10,-3.88,192.23
1986201,0.10,-3.88,192.23
1986289,0.10,-3.88,192.23
1986378,0.11,-3.88,192.24
1986467,0.11,-3.88,192.24
1986555,0.10,-3.89,192.23
1986644,0.11,-3.89,192.23
1986733,0.11,-3.88,192.23
1986822,0.10,-3.88,192.23
1986910,0.10,-3.88,192.23
1986999,0.11,-3.89,192.24
1987088,0.10,-3.88,192.24
1987177,0.10,-3.89,192.24
1987265,0.10,-3.88,192.23
1987354,0.10,-3.88,192.23
1987443,0.10,-3.89,192.24
1987531,0.10,-3.88,192.24
1987620,0.10,-3.88,192.23
1987709,0.10,-3.88,192.24
1987798,0.10,-3.89,192.24
1987886,0.10,-3.89,192.23
1987975,0.10,-3.88,192.23
1988064,0.10,-3.88,192.23
1988153,0.10,-3.88,192.23
1988241,0.11,-3.88,192.23
1988330,0.11,-3.88,192.23
1988419,0.10,-3.88,192.23
1988507,0.10,-3.87,192.23
1988596,0.11,-3.88,192.23
1988685,0.10,-3.88,192.23
1988774,0.10,-3.88,192.22
1988862,0.11,-3.88,192.23
1988951,0.11,-3.88,192.23
1989040,0.10,-3.88,192.22
1989128,0.10,-3.88,192.22
1989217,0.10,-3.88,192.22
1989306,0.10,-3.87,192.22
1989395,0.10,-3.88,192.23
1989483,0.11,-3.87,192.22
1989572,0.10,-3.87,192.23
1989661,0.11,-3.87,192.22
1989750,0.11,-3.87,192.23
1989838,0.10,-3.88,192.23
1989927,0.10,-3.88,192.23
1990016,0.10,-3.88,192.22
1990104,0.11,-3.88,192.23
1990193,0.10,-3.88,192.23
1990282,0.10,-3.88,192.23
1990371,0.10,-3.87,192.23
1990459,0.11,-3.88,192.23
1990548,0.11,-3.88,192.23
1990725,0.10,-3.88,192.23
1990903,0.10,-3.87,192.23
1991080,0.11,-3.88,192.23
1991258,0.10,-3.88,192.23
1991435,0.11,-3.88,192.23
1991613,0.10,-3.87,192.23
1991790,0.10,-3.88,192.23
1991968,0.10,-3.87,192.23
1992145,0.10,-3.88,192.23
1992322,0.11,-3.88,192.23
1992500,0.11,-3.88,192.23
1992677,0.10,-3.87,192.23
1992855,0.10,-3.88,192.23
1993032,0.10,-3.87,192.23
1993210,0.11,-3.87,192.23
1993387,0.10,-3.88,192.23
1993476,0.11,-3.88,192.23
1993565,0.10,-3.87,192.23
1993653,0.10,-3.88,192.23
1993742,0.11,-3.88,192.23
1993831,0.11,-3.88,192.23
1993920,0.10,-3.87,192.23
1994008,0.11,-3.88,192.23
1994097,0.11,-3.88,192.23
1994186,0.11,-3.88,192.23
1994274,0.11,-3.88,192.23
1994363,0.11,-3.88,192.23
1994452,0.11,-3.88,192.23
1994541,0.10,-3.88,192.23
1994629,0.10,-3.87,192.23
1994718,0.11,-3.88,192.23
1994807,0.11,-3.88,192.23
1994895,0.10,-3.87,192.23
1994984,0.11,-3.88,192.23
1995073,0.11,-3.87,192.23
1995162,0.10,-3.87,192.23
1995250,0.11,-3.88,192.22
1995339,0.11,-3.88,192.23
1995428,0.10,-3.88,192.23
1995517,0.11,-3.87,192.22
1995605,0.10,-3.88,192.22
1995694,0.11,-3.88,192.23
1995783,0.10,-3.87,192.23
1995871,0.10,-3.87,192.22
1995960,0.10,-3.87,192.22
1996049,0.10,-3.87,192.22
1996138,0.10,-3.88,192.23
1996226,0.10,-3.88,192.23
1996315,0.11,-3.87,192.23
1996404,0.11,-3.87,192.23
1996581,0.11,-3.88,192.22
1996759,0.11,-3.87,192.22
1996936,0.10,-3.87,192.23
1997114,0.10,-3.87,192.23
1997291,0.10,-3.87,192.23
1997468,0.10,-3.87,192.23
1997646,0.10,-3.87,192.23
1997823,0.10,-3.88,192.23
1998001,0.10,-3.87,192.23
1998178,0.10,-3.87,192.23
1998356,0.11,-3.87,192.23
1998533,0.11,-3.87,192.23
1998711,0.10,-3.87,192.23
1998888,0.10,-3.88,192.23
1999065,0.10,-3.87,192.23
1999243,0.11,-3.87,192.23
1999420,0.11,-3.87,192.22
1999598,0.11,-3.87,192.23
1999775,0.10,-3.87,192.23
1999953,0.10,-3.87,192.23
2000130,0.11,-3.87,192.23
2000308,0.10,-3.87,192.23
2000485,0.10,-3.88,192.23
2000663,0.09,-3.88,192.23
2000840,0.11,-3.87,192.23
2001017,0.11,-3.88,192.23
2001195,0.11,-3.88,192.23
2001372,0.11,-3.87,192.23
2001550,0.10,-3.88,192.23
2001727,0.11,-3.88,192.23
2001905,0.11,-3.87,192.22
2002082,0.10,-3.87,192.23
2002259,0.10,-3.87,192.23
2002437,0.11,-3.87,192.22
2002614,0.10,-3.87,192.22
2002703,0.10,-3.87,192.23
2002792,0.11,-3.87,192.23
2002880,0.10,-3.87,192.23
2002969,0.10,-3.87,192.23
2003058,0.10,-3.88,192.22
2003147,0.11,-3.88,192.22
2003235,0.10,-3.88,192.23
2003324,0.10,-3.87,192.23
2003413,0.10,-3.87,192.22
2003501,0.11,-3.87,192.23
2003590,0.11,-3.87,192.23
2003679,0.11,-3.87,192.23
2003768,0.11,-3.87,192.23
2003856,0.10,-3.87,192.23
2003945,0.10,-3.87,192.23
2004034,0.10,-3.87,192.23
2004123,0.10,-3.87,192.23
2004211,0.11,-3.88,192.23
2004300,0.11,-3.88,192.23
2004389,0.11,-3.88,192.23
2004477,0.11,-3.87,192.23
2004566,0.11,-3.87,192.23
2004655,0.11,-3.88,192.23
2004744,0.10,-3.87,192.23
2004832,0.10,-3.87,192.23
2004921,0.10,-3.87,192.22
2005010,0.10,-3.87,192.23
2005098,0.10,-3.88,192.23
2005187,0.10,-3.87,192.23
2005276,0.11,-3.87,192.22
2005365,0.10,-3.87,192.22
2005453,0.10,-3.87,192.23
2005542,0.10,-3.87,192.23
2005631,0.10,-3.88,192.23
2005720,0.10,-3.87,192.22
2005808,0.10,-3.87,192.22
2005897,0.10,-3.88,192.22
2005986,0.10,-3.88,192.22
2006074,0.11,-3.88,192.23
2006163,0.10,-3.87,192.23
2006252,0.11,-3.88,192.23
2006341,0.10,-3.88,192.23
2006429,0.10,-3.88,192.23
2006518,0.10,-3.87,192.23
2006607,0.10,-3.88,192.23
2006695,0.11,-3.87,192.23
2006784,0.11,-3.87,192.23
2006873,0.11,-3.88,192.22
2006962,0.10,-3.88,192.22
2007050,0.10,-3.87,192.23
2007139,0.11,-3.87,192.22
2007228,0.11,-3.88,192.23
2007317,0.11,-3.88,192.22
2007405,0.10,-3.87,192.22
2007494,0.10,-3.87,192.23
2007583,0.10,-3.87,192.23
2007671,0.10,-3.87,192.23
2007760,0.10,-3.88,192.22
2007849,0.10,-3.88,192.23
2007938,0.10,-3.87,192.23
2008026,0.10,-3.87,192.23
2008115,0.11,-3.87,192.22
2008293,0.11,-3.87,192.23
2008470,0.11,-3.88,192.22
2008647,0.11,-3.88,192.23
2008825,0.10,-3.88,192.23
2009002,0.10,-3.88,192.23
2009180,0.10,-3.88,192.23
2009357,0.10,-3.88,192.23
2009535,0.10,-3.88,192.23
2009712,0.10,-3.87,192.23
2009890,0.11,-3.88,192.23
2010067,0.11,-3.88,192.23
2010244,0.11,-3.88,192.23
2010422,0.11,-3.88,192.23
2010599,0.11,-3.88,192.23
2010777,0.11,-3.88,192.23
2010954,0.10,-3.88,192.23
2011132,0.10,-3.88,192.23
2011309,0.10,-3.88,192.23
2011487,0.10,-3.88,192.23
2011664,0.10,-3.88,192.23
2011841,0.10,-3.88,192.23
2011930,0.10,-3.88,192.23
2012019,0.11,-3.88,192.23
2012108,0.11,-3.88,192.23
2012196,0.11,-3.88,192.23
2012285,0.11,-3.87,192.23
2012374,0.11,-3.88,192.23
2012462,0.11,-3.87,192.23
2012551,0.10,-3.88,192.23
2012640,0.11,-3.88,192.23
2012729,0.10,-3.88,192.23
2012817,0.11,-3.87,192.23
2012906,0.10,-3.88,192.23
2012995,0.11,-3.88,192.23
2013084,0.11,-3.88,192.23
2013172,0.10,-3.88,192.23
2013261,0.10,-3.88,192.23
2013350,0.11,-3.87,192.23
2013438,0.10,-3.88,192.23
2013527,0.10,-3.88,192.23
2013616,0.10,-3.88,192.23
2013705,0.10,-3.88,192.23
2013793,0.10,-3.88,192.23
2013882,0.10,-3.88,192.23
2013971,0.10,-3.87,192.23
2014148,0.11,-3.88,192.23
2014326,0.11,-3.88,192.23
2014503,0.11,-3.88,192.23
2014681,0.10,-3.88,192.23
2014858,0.10,-3.87,192.23
2015035,0.10,-3.87,192.23
2015213,0.10,-3.88,192.23
2015390,0.11,-3.88,192.23
2015568,0.10,-3.88,192.23
2015745,0.11,-3.88,192.23
2015923,0.10,-3.88,192.23
2016100,0.11,-3.88,192.23
2016278,0.10,-3.88,192.23
2016455,0.10,-3.88,192.23
2016632,0.11,-3.88,192.23
2016810,0.10,-3.88,192.23
2016987,0.10,-3.88,192.23
2017165,0.10,-3.88,192.23
2017342,0.10,-3.88,192.23
2017520,0.10,-3.87,192.23
2017697,0.10,-3.88,192.23
2017875,0.10,-3.88,192.23
2017963,0.10,-3.88,192.23
2018052,0.10,-3.87,192.23
2018141,0.10,-3.88,192.23
2018230,0.10,-3.88,192.23
2018318,0.10,-3.88,192.23
2018407,0.10,-3.88,192.23
2018496,0.10,-3.88,192.23
2018584,0.10,-3.88,192.23
2018673,0.10,-3.88,192.23
2018762,0.11,-3.88,192.23
2018851,0.11,-3.88,192.23
2018939,0.11,-3.88,192.23
2019028,0.11,-3.88,192.23
2019117,0.11,-3.88,192.23
2019205,0.11,-3.88,192.23
2019294,0.11,-3.88,192.23
2019383,0.10,-3.88,192.23
2019472,0.10,-3.88,192.23
2019560,0.10,-3.88,192.23
2019649,0.10,-3.88,192.23
2019738,0.11,-3.88,192.23
2019827,0.11,-3.88,192.23
2020004,0.10,-3.88,192.23
2020181,0.11,-3.88,192.23
2020359,0.10,-3.88,192.23
2020536,0.10,-3.88,192.23
2020714,0.10,-3.88,192.23
2020891,0.10,-3.88,192.23
2021069,0.10,-3.88,192.23
2021157,0.10,-3.88,192.23
2021246,0.10,-3.89,192.23
2021335,0.10,-3.88,192.23
2021424,0.11,-3.89,192.23
2021512,0.11,-3.88,192.24
2021601,0.11,-3.88,192.24
2021690,0.11,-3.88,192.23
2021778,0.10,-3.88,192.24
2021867,0.11,-3.88,192.24
2021956,0.10,-3.89,192.23
2022045,0.10,-3.89,192.23
2022133,0.11,-3.89,192.23
2022222,0.11,-3.89,192.23
2022311,0.11,-3.89,192.23
2022399,0.11,-3.89,192.23
2022488,0.10,-3.88,192.23
2022577,0.10,-3.89,192.23
2022666,0.11,-3.89,192.24
2022754,0.11,-3.89,192.24
2022843,0.11,-3.88,192.23
2022932,0.10,-3.88,192.24
2023021,0.11,-3.89,192.23
2023109,0.11,-3.89,192.24
2023198,0.10,-3.89,192.23
2023287,0.10,-3.89,192.23
2023375,0.10,-3.88,192.23
2023464,0.10,-3.88,192.23
2023553,0.11,-3.88,192.24
2023642,0.10,-3.88,192.24
2023730,0.10,-3.89,192.24
2023819,0.10,-3.89,192.24
2023908,0.10,-3.89,192.24
2023997,0.10,-3.89,192.24
2024085,0.10,-3.88,192.23
2024174,0.11,-3.88,192.23
2024263,0.11,-3.89,192.23
2024351,0.11,-3.89,192.23
2024440,0.10,-3.88,192.23
2024529,0.10,-3.88,192.23
2024618,0.10,-3.88,192.23
2024706,0.11,-3.89,192.23
2024795,0.10,-3.89,192.23
2024884,0.11,-3.89,192.24
2024972,0.10,-3.89,192.23
2025061,0.10,-3.88,192.24
2025150,0.10,-3.89,192.23
2025239,0.10,-3.89,192.23
2025327,0.10,-3.88,192.24
2025416,0.10,-3.88,192.24
2025505,0.10,-3.89,192.24
2025594,0.11,-3.88,192.24
2025682,0.11,-3.88,192.24
2025860,0.11,-3.88,192.24
2026037,0.11,-3.88,192.23
2026215,0.10,-3.88,192.23
2026392,0.10,-3.88,192.23
2026569,0.11,-3.88,192.23
2026747,0.11,-3.88,192.23
2026924,0.10,-3.88,192.23
2027102,0.10,-3.88,192.23
2027279,0.10,-3.88,192.23
2027457,0.10,-3.88,192.23
2027634,0.10,-3.88,192.23
2027812,0.11,-3.88,192.23
2027989,0.10,-3.88,192.23
2028167,0.10,-3.88,192.23
2028344,0.11,-3.88,192.23
2028521,0.10,-3.88,192.23
2028699,0.11,-3.88,192.23
2028876,0.11,-3.88,192.23
2029054,0.10,-3.88,192.23
2029231,0.10,-3.88,192.23
2029409,0.10,-3.88,192.23
2029586,0.11,-3.88,192.23
2029763,0.10,-3.88,192.23
2029941,0.11,-3.88,192.23
2030118,0.11,-3.88,192.23
2030385,0.10,-3.88,192.23
2030473,0.10,-3.88,192.23
2030562,0.11,-3.88,192.23
2030651,0.10,-3.88,192.23
2030739,0.10,-3.88,192.24
2030828,0.10,-3.88,192.23
2030917,0.11,-3.88,192.23
2031006,0.11,-3.88,192.23
2031094,0.11,-3.88,192.24
2031183,0.10,-3.88,192.24
2031272,0.10,-3.88,192.23
2031360,0.11,-3.88,192.23
2031449,0.11,-3.88,192.24
2031627,0.11,-3.88,192.23
2031804,0.10,-3.88,192.23
2031981,0.10,-3.88,192.23
2032159,0.11,-3.88,192.23
2032336,0.10,-3.88,192.23
2032514,0.10,-3.88,192.23
2032691,0.11,-3.88,192.23
2032869,0.11,-3.87,192.23
2033046,0.10,-3.88,192.23
2033224,0.10,-3.87,192.23
2033401,0.10,-3.87,192.23
2033579,0.10,-3.88,192.23
2033756,0.11,-3.88,192.23
2033933,0.10,-3.88,192.23
2034022,0.10,-3.88,192.23
2034111,0.10,-3.87,192.23
2034200,0.10,-3.88,192.23
2034288,0.10,-3.88,192.23
2034377,0.10,-3.88,192.23
2034466,0.10,-3.88,192.23
2034555,0.10,-3.88,192.23
2034643,0.11,-3.88,192.24
2034732,0.11,-3.88,192.24
2034821,0.11,-3.88,192.24
2034909,0.11,-3.88,192.24
2034998,0.11,-3.88,192.24
2035087,0.10,-3.88,192.24
2035176,0.10,-3.88,192.24
2035264,0.10,-3.88,192.24
2035353,0.10,-3.88,192.23
2035442,0.10,-3.88,192.24
2035530,0.11,-3.88,192.24
2035619,0.11,-3.89,192.24
2035708,0.11,-3.89,192.24
2035797,0.10,-3.89,192.24
2035885,0.11,-3.89,192.24
2035974,0.11,-3.89,192.24
2036063,0.11,-3.89,192.24
2036152,0.10,-3.89,192.24
2036240,0.11,-3.89,192.23
2036329,0.10,-3.89,192.24
2036418,0.10,-3.88,192.24
2036506,0.10,-3.89,192.24
2036595,0.10,-3.89,192.23
2036684,0.10,-3.89,192.23
2036773,0.11,-3.89,192.24
2036861,0.10,-3.89,192.24
2036950,0.10,-3.89,192.24
2037039,0.10,-3.89,192.24
2037128,0.10,-3.89,192.24
2037216,0.10,-3.89,192.24
2037305,0.11,-3.89,192.24
2037394,0.11,-3.89,192.24
2037571,0.11,-3.89,192.24
2037749,0.10,-3.89,192.24
2037926,0.11,-3.89,192.24
2038103,0.10,-3.89,192.24
2038281,0.10,-3.89,192.24
2038458,0.11,-3.89,192.24
2038636,0.10,-3.88,192.24
2038813,0.11,-3.89,192.24
2038991,0.10,-3.89,192.24
2039168,0.10,-3.89,192.24
2039346,0.10,-3.88,192.24
2039434,0.10,-3.89,192.24
2039523,0.10,-3.89,192.24
2039612,0.10,-3.89,192.24
2039701,0.10,-3.89,192.24
2039789,0.11,-3.89,192.24
2039878,0.11,-3.89,192.24
2039967,0.10,-3.89,192.24
2040055,0.10,-3.89,192.24
2040144,0.10,-3.89,192.24
2040233,0.11,-3.89,192.24
2040322,0.11,-3.89,192.24
2040410,0.10,-3.89,192.24
2040499,0.09,-3.89,192.24
2040588,0.10,-3.89,192.25
2040676,0.10,-3.89,192.24
2040765,0.11,-3.89,192.24
2040854,0.11,-3.89,192.24
2040943,0.11,-3.89,192.24
2041031,0.11,-3.89,192.24
2041120,0.10,-3.89,192.24
2041209,0.11,-3.89,192.24
2041298,0.11,-3.89,192.24
2041386,0.11,-3.89,192.24
2041475,0.11,-3.89,192.24
2041564,0.10,-3.89,192.24
2041652,0.10,-3.89,192.24
2041741,0.10,-3.89,192.24
2041830,0.10,-3.89,192.24
2041919,0.10,-3.89,192.24
2042007,0.10,-3.89,192.24
2042096,0.10,-3.89,192.24
2042185,0.10,-3.89,192.24
2042274,0.10,-3.89,192.25
2042362,0.10,-3.89,192.25
2042451,0.10,-3.89,192.24
2042540,0.10,-3.89,192.24
2042628,0.11,-3.89,192.24
2042717,0.10,-3.89,192.25
2042806,0.10,-3.89,192.25
2042895,0.11,-3.89,192.25
2042983,0.10,-3.89,192.24
2043072,0.10,-3.89,192.25
2043161,0.11,-3.89,192.25
2043338,0.10,-3.89,192.24
2043516,0.11,-3.89,192.24
2043693,0.10,-3.89,192.24
2043871,0.10,-3.89,192.24
2044048,0.10,-3.89,192.24
2044225,0.10,-3.89,192.25
2044403,0.09,-3.89,192.24
2044580,0.10,-3.89,192.24
2044758,0.10,-3.89,192.24
2044935,0.10,-3.89,192.24
2045113,0.10,-3.89,192.24
2045290,0.11,-3.89,192.24
2045467,0.11,-3.89,192.25
2045645,0.11,-3.89,192.24
2045822,0.10,-3.89,192.24
2046000,0.10,-3.89,192.25
2046177,0.10,-3.89,192.25
2046354,0.10,-3.89,192.25
2046532,0.10,-3.89,192.25
2046709,0.10,-3.89,192.25
2046887,0.10,-3.89,192.24
2047064,0.10,-3.89,192.24
2047242,0.10,-3.89,192.24
2047419,0.11,-3.88,192.25
2047597,0.10,-3.89,192.24
2047774,0.10,-3.89,192.24
2047952,0.10,-3.89,192.24
2048129,0.10,-3.89,192.24
2048306,0.10,-3.89,192.24
2048484,0.10,-3.89,192.24
2048661,0.10,-3.89,192.24
2048750,0.10,-3.89,192.24
2048839,0.10,-3.89,192.24
2048927,0.11,-3.88,192.24
2049016,0.11,-3.89,192.24
2049194,0.11,-3.88,192.24
2049371,0.10,-3.89,192.24
2049549,0.10,-3.89,192.24
2049726,0.10,-3.89,192.24
2049903,0.11,-3.89,192.24
2049992,0.11,-3.88,192.24
2050081,0.11,-3.88,192.24
2050170,0.10,-3.88,192.24
2050258,0.11,-3.88,192.24
2050347,0.10,-3.89,192.24
2050436,0.09,-3.89,192.24
2050525,0.10,-3.89,192.24
2050613,0.10,-3.88,192.24
2050702,0.10,-3.88,192.24
2050791,0.10,-3.89,192.24
2050879,0.10,-3.89,192.24
2050968,0.10,-3.89,192.24
2051057,0.10,-3.88,192.24
2051146,0.11,-3.88,192.24
2051234,0.10,-3.88,192.24
2051323,0.10,-3.89,192.24
2051412,0.10,-3.89,192.24
2051500,0.10,-3.89,192.24
2051589,0.10,-3.88,192.24
2051678,0.10,-3.88,192.24
2051767,0.10,-3.89,192.24
2051855,0.10,-3.89,192.24
2051944,0.10,-3.89,192.24
2052033,0.10,-3.89,192.24
2052122,0.10,-3.88,192.24
2052210,0.10,-3.88,192.24
2052299,0.10,-3.88,192.24
2052388,0.11,-3.88,192.24
2052476,0.11,-3.88,192.24
2052565,0.11,-3.89,192.24
2052654,0.11,-3.88,192.24
2052742,0.11,-3.88,192.24
2052831,0.11,-3.88,192.24
2052920,0.10,-3.88,192.24
2053009,0.10,-3.88,192.24
2053097,0.10,-3.88,192.24
2053186,0.11,-3.88,192.24
2053275,0.10,-3.89,192.24
2053363,0.10,-3.88,192.24
2053452,0.10,-3.89,192.24
2053541,0.11,-3.88,192.24
2053630,0.11,-3.88,192.24
2053718,0.10,-3.88,192.24
2053807,0.10,-3.88,192.24
2053896,0.10,-3.88,192.24
2053985,0.10,-3.89,192.24
2054073,0.11,-3.88,192.24
2054162,0.11,-3.88,192.24
2054251,0.11,-3.88,192.24
2054339,0.11,-3.88,192.24
2054428,0.11,-3.88,192.24
2054517,0.10,-3.89,192.24
2054606,0.10,-3.89,192.24
2054694,0.11,-3.89,192.24
2054783,0.10,-3.89,192.24
2054872,0.10,-3.88,192.24
2054960,0.11,-3.88,192.24
2055138,0.11,-3.88,192.24
2055315,0.10,-3.88,192.24
2055493,0.10,-3.88,192.24
2055670,0.10,-3.88,192.24
2055848,0.10,-3.88,192.24
2056025,0.11,-3.88,192.24
2056203,0.11,-3.89,192.24
2056380,0.11,-3.88,192.24
2056557,0.10,-3.88,192.24
2056735,0.10,-3.89,192.24
2056912,0.10,-3.88,192.24
2057090,0.11,-3.89,192.24
2057267,0.10,-3.88,192.24
2057445,0.11,-3.88,192.24
2057622,0.11,-3.88,192.24
2057800,0.11,-3.88,192.24
2057977,0.11,-3.88,192.24
2058066,0.10,-3.88,192.24
2058155,0.10,-3.89,192.24
2058243,0.10,-3.88,192.24
2058332,0.10,-3.88,192.24
2058421,0.11,-3.89,192.24
2058509,0.10,-3.89,192.24
2058598,0.10,-3.89,192.24
2058687,0.10,-3.89,192.24
2058776,0.10,-3.88,192.24
2058864,0.10,-3.88,192.24
2058953,0.10,-3.89,192.24
2059042,0.11,-3.88,192.24
2059130,0.11,-3.88,192.24
2059219,0.11,-3.88,192.24
2059308,0.10,-3.89,192.24
2059397,0.10,-3.88,192.24
2059485,0.10,-3.89,192.24
2059574,0.10,-3.89,192.24
2059663,0.10,-3.89,192.24
2059752,0.10,-3.89,192.24
2059840,0.10,-3.88,192.24
2059929,0.10,-3.88,192.24
2060018,0.11,-3.88,192.24
2060106,0.10,-3.89,192.24
2060195,0.10,-3.88,192.24
2060284,0.11,-3.88,192.24
2060373,0.10,-3.88,192.24
2060461,0.11,-3.88,192.24
2060550,0.11,-3.88,192.24
2060639,0.11,-3.88,192.24
2060728,0.10,-3.88,192.24
2060905,0.10,-3.88,192.24
2061082,0.10,-3.88,192.24
2061260,0.11,-3.88,192.24
2061437,0.10,-3.88,192.24
2061615,0.11,-3.89,192.24
2061792,0.10,-3.89,192.24
2061970,0.10,-3.89,192.24
2062147,0.11,-3.89,192.24
2062325,0.11,-3.88,192.24
2062502,0.10,-3.89,192.24
2062679,0.10,-3.88,192.24
2062857,0.10,-3.88,192.24
2063034,0.10,-3.89,192.24
2063212,0.10,-3.89,192.24
2063389,0.10,-3.89,192.24
2063567,0.10,-3.88,192.24
2063744,0.10,-3.88,192.24
2063922,0.10,-3.89,192.24
2064099,0.10,-3.89,192.24
2064276,0.10,-3.89,192.24
2064454,0.10,-3.88,192.24
2064631,0.10,-3.88,192.24
2064809,0.10,-3.89,192.24
2064986,0.10,-3.89,192.24
2065164,0.10,-3.88,192.24
2065341,0.11,-3.89,192.24
2065519,0.11,-3.89,192.24
2065696,0.10,-3.88,192.24
2065874,0.10,-3.88,192.24
2066051,0.10,-3.88,192.24
2066228,0.10,-3.89,192.24
2066406,0.10,-3.88,192.24
2066583,0.11,-3.89,192.24
2066761,0.11,-3.89,192.24
2066938,0.11,-3.89,192.24
2067116,0.10,-3.89,192.24
2067204,0.11,-3.89,192.24
2067293,0.10,-3.88,192.24
2067382,0.11,-3.89,192.24
2067471,0.10,-3.88,192.24
2067559,0.10,-3.89,192.24
2067648,0.11,-3.88,192.24
2067737,0.11,-3.89,192.24
2067825,0.11,-3.88,192.23
2067914,0.10,-3.89,192.24
2068003,0.10,-3.89,192.24
2068092,0.10,-3.89,192.24
2068180,0.10,-3.88,192.23
2068269,0.10,-3.89,192.24
2068358,0.10,-3.88,192.24
2068447,0.11,-3.88,192.24
2068535,0.11,-3.88,192.23
2068624,0.10,-3.89,192.24
2068713,0.10,-3.88,192.24
2068801,0.10,-3.88,192.24
2068890,0.10,-3.88,192.24
2068979,0.10,-3.89,192.24
2069068,0.10,-3.88,192.24
2069156,0.10,-3.88,192.24
2069245,0.10,-3.88,192.24
2069334,0.10,-3.89,192.24
2069422,0.10,-3.88,192.24
2069511,0.10,-3.89,192.24
2069600,0.10,-3.88,192.24
2069689,0.11,-3.88,192.24
2069777,0.11,-3.88,192.24
2069866,0.10,-3.89,192.24
2069955,0.10,-3.88,192.24
2070044,0.10,-3.89,192.23
2070132,0.10,-3.88,192.24
2070221,0.10,-3.89,192.24
2070310,0.11,-3.88,192.24
2070398,0.11,-3.88,192.24
2070487,0.10,-3.88,192.24
2070576,0.10,-3.89,192.24
2070665,0.10,-3.88,192.24
2070753,0.11,-3.88,192.24
2070842,0.11,-3.88,192.24
2070931,0.10,-3.88,192.24
2071020,0.10,-3.88,192.24
2071108,0.11,-3.88,192.24
2071197,0.10,-3.89,192.23
2071286,0.10,-3.88,192.24
2071374,0.10,-3.88,192.24
2071463,0.10,-3.89,192.24
2071552,0.10,-3.88,192.24
2071641,0.10,-3.89,192.24
2071729,0.10,-3.89,192.24
2071818,0.10,-3.88,192.24
2071907,0.10,-3.88,192.23
2071995,0.11,-3.88,192.24
2072084,0.11,-3.88,192.24
2072173,0.11,-3.88,192.24
2072262,0.11,-3.88,192.24
2072350,0.11,-3.88,192.24
2072439,0.10,-3.88,192.24
2072528,0.10,-3.88,192.24
2072705,0.10,-3.88,192.24
2072883,0.10,-3.88,192.24
2073060,0.10,-3.88,192.24
2073238,0.11,-3.88,192.24
2073415,0.10,-3.88,192.24
2073592,0.10,-3.88,192.24
2073770,0.11,-3.88,192.24
2073947,0.11,-3.88,192.24
2074125,0.10,-3.88,192.24
2074302,0.10,-3.88,192.24
2074480,0.11,-3.88,192.24
2074657,0.10,-3.88,192.24
2074835,0.09,-3.88,192.24
2075012,0.10,-3.88,192.24
2075190,0.10,-3.88,192.24
2075367,0.10,-3.88,192.23
2075544,0.10,-3.87,192.24
2075722,0.10,-3.88,192.24
2075899,0.10,-3.88,192.24
2076077,0.11,-3.88,192.24
2076254,0.10,-3.88,192.24
2076343,0.10,-3.88,192.24
2076432,0.11,-3.88,192.24
2076520,0.10,-3.88,192.24
2076609,0.11,-3.88,192.24
2076698,0.10,-3.88,192.24
2076787,0.10,-3.88,192.24
2076875,0.10,-3.88,192.24
2076964,0.10,-3.88,192.24
2077053,0.10,-3.88,192.24
2077141,0.10,-3.88,192.24
2077230,0.10,-3.89,192.24
2077319,0.10,-3.88,192.24
2077408,0.11,-3.88,192.24
2077496,0.10,-3.88,192.23
2077585,0.10,-3.88,192.24
2077674,0.10,-3.88,192.24
2077762,0.11,-3.88,192.24
2077851,0.11,-3.88,192.24
2077940,0.11,-3.88,192.24
2078029,0.10,-3.88,192.24
2078117,0.10,-3.88,192.24
2078206,0.10,-3.88,192.24
2078295,0.10,-3.88,192.24
2078472,0.10,-3.89,192.24
2078650,0.10,-3.89,192.24
2078827,0.10,-3.89,192.24
2079005,0.10,-3.88,192.24
2079182,0.10,-3.89,192.24
2079359,0.10,-3.89,192.24
2079537,0.09,-3.89,192.23
2079714,0.10,-3.89,192.24
2079892,0.10,-3.89,192.24
2080069,0.11,-3.89,192.24
2080246,0.11,-3.89,192.24
2080424,0.10,-3.89,192.24
2080601,0.10,-3.89,192.24
2080778,0.11,-3.89,192.24
2080956,0.10,-3.89,192.24
2081133,0.10,-3.89,192.24
2081311,0.10,-3.89,192.24
2081488,0.10,-3.89,192.24
2081665,0.11,-3.89,192.24
2081843,0.11,-3.89,192.24
2081931,0.10,-3.89,192.24
2082020,0.10,-3.89,192.24
2082109,0.10,-3.88,192.24
2082197,0.10,-3.89,192.24
2082286,0.10,-3.89,192.24
2082375,0.10,-3.89,192.24
2082463,0.10,-3.89,192.24
2082552,0.11,-3.89,192.24
2082641,0.11,-3.89,192.24
2082730,0.11,-3.89,192.24
2082818,0.10,-3.89,192.24
2082907,0.10,-3.89,192.24
2082996,0.10,-3.89,192.24
2083084,0.10,-3.89,192.24
2083173,0.11,-3.89,192.24
2083262,0.10,-3.89,192.24
2083350,0.11,-3.89,192.24
2083439,0.10,-3.89,192.24
2083528,0.10,-3.89,192.24
2083616,0.10,-3.89,192.24
2083705,0.10,-3.89,192.23
2083794,0.11,-3.89,192.24
2083882,0.10,-3.89,192.24
2083971,0.10,-3.89,192.24
2084060,0.10,-3.89,192.24
2084148,0.11,-3.89,192.24
2084237,0.11,-3.89,192.24
2084415,0.11,-3.89,192.24
2084592,0.11,-3.89,192.24
2084769,0.10,-3.89,192.24
2084947,0.09,-3.89,192.24
2085124,0.10,-3.89,192.24
2085301,0.10,-3.89,192.24
2085479,0.11,-3.89,192.23
2085656,0.10,-3.89,192.24
2085833,0.10,-3.89,192.23
2085922,0.10,-3.89,192.24
2086011,0.10,-3.89,192.23
2086100,0.10,-3.89,192.24
2086188,0.11,-3.89,192.23
2086277,0.10,-3.89,192.24
2086366,0.10,-3.89,192.23
2086454,0.10,-3.89,192.24
2086543,0.11,-3.89,192.24
2086632,0.11,-3.89,192.23
2086720,0.11,-3.89,192.23
2086809,0.10,-3.89,192.24
2086898,0.10,-3.89,192.23
2086986,0.10,-3.88,192.24
2087075,0.10,-3.89,192.23
2087164,0.11,-3.89,192.24
2087252,0.11,-3.88,192.24
2087341,0.11,-3.89,192.23
2087430,0.11,-3.89,192.24
2087518,0.10,-3.89,192.24
2087607,0.10,-3.89,192.23
2087696,0.10,-3.89,192.24
2087784,0.10,-3.89,192.23
2087873,0.10,-3.89,192.23
2087962,0.09,-3.89,192.24
2088051,0.09,-3.89,192.24
2088139,0.10,-3.89,192.24
2088228,0.10,-3.89,192.24
2088317,0.10,-3.89,192.24
2088405,0.10,-3.89,192.23
2088494,0.10,-3.89,192.23
2088583,0.11,-3.88,192.24
2088671,0.10,-3.89,192.23
2088760,0.10,-3.89,192.24
2088849,0.11,-3.89,192.23
2088937,0.10,-3.89,192.23
2089026,0.11,-3.89,192.24
2089115,0.11,-3.89,192.24
2089203,0.10,-3.89,192.23
2089292,0.11,-3.89,192.23
2089381,0.10,-3.89,192.23
2089469,0.10,-3.89,192.24
2089558,0.10,-3.88,192.23
2089647,0.10,-3.89,192.23
2089735,0.10,-3.89,192.24
2089824,0.10,-3.89,192.24
2089913,0.10,-3.89,192.24
2090002,0.10,-3.89,192.23
2090179,0.10,-3.89,192.24
2090356,0.10,-3.89,192.23
2090534,0.11,-3.88,192.23
2090711,0.10,-3.88,192.24
2090888,0.10,-3.88,192.24
2091066,0.10,-3.88,192.24
2091243,0.11,-3.89,192.23
2091421,0.11,-3.89,192.24
2091598,0.10,-3.89,192.23
2091775,0.10,-3.88,192.24
2091953,0.10,-3.89,192.23
2092130,0.11,-3.89,192.23
2092307,0.10,-3.89,192.23
2092485,0.11,-3.89,192.24
2092662,0.10,-3.89,192.23
2092839,0.11,-3.89,192.23
2093017,0.10,-3.88,192.24
2093194,0.11,-3.89,192.23
2093372,0.10,-3.89,192.23
2093549,0.10,-3.89,192.24
2093726,0.10,-3.89,192.23
2093904,0.09,-3.89,192.23
2094081,0.10,-3.89,192.24
2094258,0.11,-3.89,192.23
2094436,0.11,-3.89,192.24
2094613,0.10,-3.89,192.24
2094790,0.10,-3.89,192.24
2094968,0.10,-3.89,192.24
2095145,0.10,-3.89,192.24
2095323,0.10,-3.89,192.24
2095411,0.10,-3.89,192.24
2095500,0.11,-3.89,192.24
2095589,0.11,-3.89,192.24
2095677,0.10,-3.90,192.24
2095766,0.09,-3.89,192.24
2095855,0.09,-3.89,192.24
2096032,0.10,-3.89,192.24
2096209,0.11,-3.89,192.24
2096387,0.10,-3.89,192.24
2096564,0.10,-3.89,192.24
2096742,0.10,-3.89,192.24
2096830,0.11,-3.89,192.24
2096919,0.10,-3.89,192.24
2097008,0.10,-3.90,192.24
2097096,0.11,-3.90,192.24
2097185,0.11,-3.89,192.24
2097274,0.10,-3.89,192.24
2097362,0.10,-3.89,192.24
2097451,0.11,-3.90,192.24
2097540,0.10,-3.89,192.24
2097628,0.11,-3.89,192.24
2097717,0.11,-3.89,192.23
2097806,0.10,-3.89,192.24
2097895,0.11,-3.90,192.24
2097983,0.10,-3.89,192.24
2098072,0.10,-3.89,192.24
2098161,0.10,-3.89,192.23
2098249,0.10,-3.89,192.24
2098338,0.10,-3.89,192.24
2098427,0.10,-3.89,192.24
2098515,0.10,-3.89,192.24
2098604,0.10,-3.89,192.24
2098693,0.10,-3.90,192.24
2098781,0.10,-3.90,192.24
2098870,0.10,-3.89,192.24
2098959,0.10,-3.89,192.24
2099047,0.10,-3.90,192.24
2099136,0.10,-3.90,192.24
2099225,0.11,-3.89,192.24
2099314,0.10,-3.89,192.24
2099402,0.10,-3.89,192.24
2099491,0.11,-3.89,192.24
2099580,0.11,-3.89,192.24
2099668,0.11,-3.90,192.24
2099757,0.11,-3.89,192.24
2099846,0.10,-3.89,192.24
2099934,0.10,-3.89,192.23
2100023,0.10,-3.90,192.23
2100112,0.10,-3.89,192.24
2100200,0.10,-3.89,192.24
2100289,0.10,-3.89,192.23
2100378,0.11,-3.89,192.24
2100466,0.10,-3.89,192.24
2100555,0.10,-3.89,192.24
2100644,0.10,-3.89,192.24
2100732,0.10,-3.89,192.24
2100821,0.10,-3.89,192.24
2100910,0.10,-3.89,192.24
2100998,0.10,-3.90,192.24
2101087,0.10,-3.89,192.24
2101176,0.10,-3.89,192.24
2101265,0.11,-3.89,192.24
2101353,0.10,-3.89,192.24
2101442,0.10,-3.89,192.24
2101531,0.10,-3.89,192.24
2101619,0.10,-3.89,192.24
2101708,0.10,-3.89,192.24
2101797,0.10,-3.89,192.24
2101974,0.10,-3.89,192.24
2102151,0.11,-3.89,192.24
2102329,0.10,-3.89,192.24
2102506,0.09,-3.89,192.24
2102684,0.11,-3.89,192.24
2102861,0.10,-3.89,192.24
2103038,0.11,-3.89,192.24
2103216,0.10,-3.89,192.24
2103393,0.11,-3.89,192.24
2103570,0.11,-3.89,192.24
2103748,0.10,-3.89,192.24
2103925,0.11,-3.89,192.24
2104103,0.11,-3.89,192.24
2104280,0.11,-3.89,192.24
2104457,0.10,-3.89,192.24
2104635,0.11,-3.89,192.24
2104812,0.10,-3.89,192.24
2104989,0.11,-3.89,192.23
2105078,0.10,-3.89,192.24
2105167,0.10,-3.89,192.24
2105255,0.10,-3.89,192.24
2105344,0.10,-3.89,192.24
2105433,0.11,-3.89,192.24
2105521,0.11,-3.90,192.24
2105610,0.10,-3.89,192.24
2105699,0.10,-3.89,192.24
2105787,0.10,-3.89,192.24
2105876,0.10,-3.89,192.24
2105965,0.11,-3.89,192.24
2106053,0.10,-3.90,192.24
2106142,0.10,-3.89,192.24
2106231,0.10,-3.89,192.24
2106320,0.11,-3.89,192.23
2106408,0.10,-3.90,192.24
2106497,0.10,-3.89,192.24
2106586,0.10,-3.90,192.24
2106674,0.10,-3.90,192.23
2106763,0.10,-3.89,192.24
2106852,0.10,-3.89,192.24
2106940,0.10,-3.89,192.24
2107029,0.11,-3.89,192.24
2107118,0.11,-3.89,192.24
2107206,0.10,-3.89,192.24
2107295,0.10,-3.89,192.24
2107384,0.10,-3.89,192.24
2107472,0.10,-3.90,192.23
2107561,0.10,-3.89,192.24
2107738,0.10,-3.89,192.24
2107916,0.10,-3.89,192.24
2108093,0.10,-3.89,192.24
2108271,0.11,-3.89,192.24
2108448,0.10,-3.89,192.24
2108625,0.11,-3.89,192.23
2108803,0.10,-3.89,192.24
2108980,0.10,-3.89,192.24
2109157,0.09,-3.89,192.24
2109335,0.10,-3.89,192.23
2109512,0.10,-3.89,192.24
2109690,0.10,-3.89,192.24
2109867,0.10,-3.89,192.24
2110044,0.10,-3.89,192.24
2110222,0.10,-3.89,192.24
2110399,0.11,-3.89,192.24
2110576,0.11,-3.89,192.24
2110754,0.11,-3.89,192.24
2110931,0.11,-3.89,192.24
2111109,0.10,-3.89,192.24
2111286,0.10,-3.89,192.24
2111463,0.10,-3.89,192.24
2111641,0.10,-3.89,192.24
2111729,0.10,-3.89,192.24
2111818,0.10,-3.89,192.24
2111907,0.10,-3.89,192.24
2111995,0.11,-3.89,192.24
2112084,0.11,-3.89,192.24
2112173,0.10,-3.89,192.24
2112261,0.11,-3.89,192.24
2112350,0.11,-3.89,192.24
2112439,0.10,-3.89,192.24
2112527,0.10,-3.89,192.24
2112616,0.10,-3.89,192.24
2112705,0.10,-3.89,192.24
2112794,0.10,-3.89,192.24
2112882,0.11,-3.88,192.24
2112971,0.11,-3.88,192.24
2113060,0.11,-3.89,192.24
2113148,0.11,-3.88,192.24
2113326,0.11,-3.89,192.24
2113414,0.11,-3.88,192.24
2113592,0.11,-3.89,192.24
2113769,0.11,-3.89,192.23
2113946,0.10,-3.89,192.24
2114124,0.10,-3.88,192.24
2114301,0.11,-3.89,192.24
2114479,0.10,-3.89,192.24
2114656,0.10,-3.89,192.24
2114745,0.10,-3.89,192.24
2114833,0.10,-3.89,192.24
2114922,0.10,-3.89,192.23
2115011,0.10,-3.89,192.23
2115099,0.10,-3.88,192.24
2115188,0.10,-3.89,192.23
2115277,0.10,-3.89,192.24
2115365,0.09,-3.89,192.23
2115454,0.10,-3.89,192.23
2115543,0.10,-3.89,192.24
2115631,0.11,-3.89,192.24
2115720,0.10,-3.89,192.23
2115809,0.10,-3.88,192.24
2115897,0.10,-3.89,192.23
2115986,0.11,-3.89,192.23
2116075,0.11,-3.88,192.23
2116164,0.10,-3.88,192.23
2116252,0.10,-3.88,192.23
2116341,0.10,-3.88,192.23
2116430,0.11,-3.88,192.23
2116518,0.10,-3.88,192.23
2116607,0.10,-3.88,192.23
2116696,0.10,-3.87,192.23
2116784,0.10,-3.88,192.23
2116873,0.10,-3.88,192.23
2116962,0.11,-3.88,192.24
2117050,0.11,-3.88,192.23
2117139,0.11,-3.88,192.23
2117228,0.10,-3.88,192.23
2117316,0.11,-3.88,192.23
2117405,0.11,-3.88,192.23
2117494,0.10,-3.88,192.23
2117583,0.10,-3.88,192.23
2117671,0.10,-3.88,192.23
2117760,0.11,-3.88,192.23
2117849,0.10,-3.88,192.23
2117937,0.10,-3.88,192.23
2118026,0.11,-3.88,192.23
2118115,0.11,-3.87,192.23
2118203,0.10,-3.87,192.23
2118292,0.10,-3.88,192.23
2118381,0.10,-3.88,192.23
2118469,0.10,-3.88,192.23
2118558,0.10,-3.88,192.23
2118647,0.10,-3.88,192.23
2118735,0.10,-3.88,192.23
2118824,0.10,-3.88,192.23
2118913,0.11,-3.88,192.23
2119001,0.10,-3.88,192.23
2119090,0.10,-3.88,192.23
2119179,0.10,-3.88,192.24
2119267,0.10,-3.88,192.23
2119356,0.11,-3.88,192.23
2119534,0.10,-3.88,192.23
2119711,0.10,-3.88,192.23
2119888,0.11,-3.88,192.23
2120066,0.10,-3.88,192.23
2120243,0.10,-3.88,192.23
2120420,0.10,-3.88,192.23
2120598,0.11,-3.88,192.23
2120775,0.10,-3.88,192.23
2120952,0.11,-3.88,192.24
2121130,0.10,-3.88,192.23
2121307,0.10,-3.88,192.23
2121485,0.10,-3.88,192.23
2121662,0.11,-3.88,192.23
2121839,0.10,-3.88,192.23
2122017,0.10,-3.88,192.23
2122194,0.11,-3.87,192.23
2122371,0.10,-3.88,192.23
2122549,0.11,-3.88,192.23
2122726,0.10,-3.88,192.23
2122904,0.10,-3.88,192.23
2123081,0.10,-3.88,192.23
2123258,0.11,-3.88,192.23
2123436,0.10,-3.88,192.23
2123613,0.10,-3.88,192.23
2123790,0.10,-3.88,192.23
2123968,0.10,-3.88,192.24
2124145,0.10,-3.88,192.24
2124322,0.11,-3.88,192.24
2124500,0.11,-3.88,192.24
2124588,0.11,-3.89,192.24
2124677,0.11,-3.88,192.24
2124766,0.10,-3.89,192.24
2124855,0.11,-3.89,192.24
2124943,0.11,-3.88,192.24
2125032,0.11,-3.88,192.24
2125121,0.10,-3.89,192.24
2125209,0.10,-3.88,192.23
2125387,0.10,-3.88,192.23
2125564,0.10,-3.88,192.23
2125741,0.11,-3.88,192.23
2125919,0.10,-3.88,192.23
2126096,0.10,-3.88,192.23
2126273,0.10,-3.88,192.24
2126451,0.10,-3.88,192.23
2126628,0.11,-3.88,192.23
2126717,0.11,-3.89,192.24
2126806,0.11,-3.88,192.23
2126894,0.11,-3.88,192.24
2126983,0.11,-3.88,192.23
2127072,0.10,-3.88,192.23
2127160,0.10,-3.88,192.23
2127249,0.10,-3.88,192.24
2127338,0.10,-3.88,192.23
2127426,0.10,-3.88,192.24
2127515,0.10,-3.88,192.23
2127604,0.10,-3.88,192.24
2127692,0.10,-3.88,192.23
2127781,0.10,-3.88,192.24
2127870,0.10,-3.88,192.23
2127958,0.10,-3.88,192.23
2128047,0.10,-3.88,192.23
2128136,0.10,-3.88,192.24
2128225,0.10,-3.88,192.23
2128313,0.11,-3.88,192.23
2128402,0.11,-3.88,192.23
2128491,0.10,-3.88,192.24
2128579,0.10,-3.88,192.24
2128668,0.11,-3.88,192.23
2128757,0.11,-3.88,192.23
2128845,0.11,-3.88,192.24
2128934,0.11,-3.88,192.24
2129023,0.10,-3.88,192.24
2129111,0.11,-3.88,192.23
2129200,0.10,-3.88,192.24
2129289,0.10,-3.88,192.23
2129377,0.10,-3.88,192.23
2129466,0.11,-3.88,192.23
2129555,0.11,-3.88,192.23
2129643,0.10,-3.88,192.23
2129732,0.10,-3.88,192.24
2129821,0.10,-3.88,192.24
2129910,0.11,-3.88,192.24
2129998,0.11,-3.88,192.23
2130087,0.11,-3.88,192.23
2130176,0.10,-3.88,192.23
2130264,0.10,-3.88,192.23
2130353,0.10,-3.88,192.24
2130442,0.10,-3.88,192.24
2130530,0.10,-3.87,192.24
2130619,0.10,-3.88,192.23
2130708,0.10,-3.88,192.24
2130796,0.10,-3.88,192.24
2130885,0.10,-3.88,192.24
2130974,0.10,-3.88,192.23
2131062,0.10,-3.88,192.24
2131151,0.11,-3.88,192.23
2131328,0.11,-3.89,192.23
2131506,0.10,-3.88,192.23
2131683,0.10,-3.88,192.24
2131861,0.10,-3.88,192.23
2132038,0.11,-3.88,192.23
2132215,0.10,-3.88,192.23
2132393,0.10,-3.88,192.23
2132570,0.09,-3.88,192.23
2132747,0.10,-3.88,192.23
2132925,0.10,-3.88,192.23
2133102,0.11,-3.88,192.23
2133279,0.10,-3.88,192.23
2133457,0.11,-3.88,192.23
2133634,0.10,-3.88,192.23
2133812,0.10,-3.88,192.23
2133989,0.09,-3.88,192.23
2134166,0.10,-3.89,192.23
2134255,0.10,-3.88,192.24
2134344,0.10,-3.88,192.23
2134432,0.10,-3.88,192.24
2134521,0.09,-3.88,192.23
2134610,0.09,-3.88,192.23
2134698,0.11,-3.88,192.23
2134787,0.10,-3.88,192.23
2134876,0.10,-3.88,192.23
2134964,0.10,-3.88,192.23
2135053,0.10,-3.88,192.23
2135142,0.10,-3.88,192.23
2135230,0.10,-3.88,192.23
2135319,0.10,-3.88,192.23
2135408,0.10,-3.88,192.23
2135496,0.10,-3.88,192.23
2135585,0.10,-3.88,192.23
2135674,0.10,-3.88,192.23
2135762,0.11,-3.87,192.23
2135851,0.10,-3.87,192.23
2135940,0.09,-3.88,192.23
2136028,0.10,-3.88,192.23
2136117,0.10,-3.88,192.23
2136206,0.10,-3.88,192.23
2136295,0.11,-3.88,192.23
2136383,0.10,-3.88,192.23
2136472,0.10,-3.88,192.23
2136561,0.10,-3.88,192.23
2136649,0.10,-3.88,192.23
2136738,0.10,-3.88,192.23
2136827,0.11,-3.88,192.23
2136915,0.10,-3.88,192.24
2137093,0.10,-3.88,192.23
2137270,0.10,-3.88,192.23
2137447,0.10,-3.88,192.23
2137625,0.10,-3.88,192.23
2137802,0.10,-3.88,192.23
2137979,0.10,-3.88,192.23
2138157,0.10,-3.88,192.23
2138334,0.10,-3.88,192.23
2138512,0.10,-3.88,192.23
2138689,0.10,-3.87,192.24
2138866,0.10,-3.88,192.23
2139044,0.11,-3.88,192.23
2139221,0.10,-3.88,192.24
2139398,0.10,-3.88,192.23
2139576,0.11,-3.88,192.23
2139753,0.11,-3.89,192.23
2139930,0.10,-3.88,192.23
2140108,0.10,-3.88,192.23
2140285,0.11,-3.88,192.23
2140463,0.10,-3.88,192.23
2140640,0.10,-3.88,192.23
2140817,0.10,-3.89,192.23
2140995,0.10,-3.88,192.24
2141172,0.10,-3.88,192.23
2141349,0.10,-3.88,192.23
2141438,0.11,-3.88,192.23
2141527,0.10,-3.88,192.23
2141615,0.10,-3.89,192.23
2141704,0.10,-3.88,192.23
2141793,0.10,-3.88,192.23
2141882,0.10,-3.88,192.23
2141970,0.10,-3.88,192.23
2142059,0.10,-3.89,192.23
2142148,0.10,-3.88,192.24
2142236,0.10,-3.88,192.23
2142325,0.11,-3.89,192.23
2142414,0.11,-3.89,192.24
2142502,0.11,-3.88,192.23
2142680,0.10,-3.88,192.23
2142857,0.11,-3.89,192.23
2143034,0.10,-3.88,192.23
2143212,0.11,-3.88,192.23
2143389,0.10,-3.88,192.24
2143566,0.10,-3.88,192.23
2143744,0.10,-3.88,192.24
2143833,0.10,-3.88,192.23
2143921,0.10,-3.88,192.23
2144010,0.10,-3.88,192.24
2144099,0.10,-3.88,192.24
2144187,0.11,-3.88,192.24
2144276,0.11,-3.88,192.24
2144365,0.11,-3.88,192.24
2144453,0.11,-3.88,192.24
2144542,0.11,-3.88,192.24
2144631,0.10,-3.88,192.24
2144719,0.10,-3.88,192.24
2144808,0.11,-3.89,192.24
2144897,0.10,-3.89,192.24
2144985,0.10,-3.89,192.24
2145074,0.10,-3.89,192.24
2145163,0.10,-3.89,192.24
2145251,0.10,-3.89,192.24
2145340,0.09,-3.89,192.23
2145429,0.09,-3.88,192.24
2145518,0.10,-3.88,192.24
2145606,0.10,-3.88,192.24
2145695,0.10,-3.88,192.23
2145784,0.10,-3.88,192.24
2145872,0.10,-3.88,192.24
2145961,0.10,-3.88,192.24
2146050,0.10,-3.88,192.24
2146138,0.10,-3.88,192.23
2146227,0.10,-3.88,192.23
2146316,0.10,-3.88,192.24
2146404,0.10,-3.88,192.24
2146493,0.10,-3.88,192.24
2146582,0.10,-3.88,192.23
2146670,0.10,-3.88,192.24
2146759,0.10,-3.88,192.24
2146848,0.11,-3.88,192.24
2146936,0.10,-3.88,192.24
2147025,0.10,-3.88,192.23
2147114,0.10,-3.88,192.23
2147203,0.11,-3.88,192.24
2147291,0.11,-3.88,192.24
2147380,0.11,-3.88,192.24
2147469,0.10,-3.88,192.24
2147557,0.10,-3.88,192.23
2147646,0.10,-3.87,192.24
2147735,0.10,-3.87,192.23
2147823,0.10,-3.88,192.23
2147912,0.10,-3.88,192.24
2148001,0.10,-3.88,192.24
2148089,0.10,-3.88,192.24
2148178,0.10,-3.89,192.23
2148267,0.10,-3.88,192.24
2148355,0.10,-3.88,192.24
2148444,0.11,-3.88,192.23
2148533,0.11,-3.88,192.24
2148621,0.11,-3.88,192.23
2148799,0.10,-3.88,192.23
2148976,0.10,-3.88,192.23
2149154,0.10,-3.88,192.23
2149331,0.10,-3.88,192.24
2149508,0.10,-3.88,192.24
2149686,0.10,-3.88,192.23
2149863,0.11,-3.88,192.24
2150040,0.10,-3.88,192.24
2150218,0.12,-3.89,192.24
2150395,0.11,-3.88,192.24
2150573,0.10,-3.88,192.24
2150750,0.11,-3.89,192.24
2150927,0.11,-3.88,192.23
2151105,0.09,-3.88,192.24
2151282,0.11,-3.88,192.23
2151459,0.11,-3.88,192.23
2151637,0.10,-3.88,192.23
2151814,0.10,-3.88,192.23
2151992,0.11,-3.88,192.23
2152169,0.10,-3.88,192.23
2152346,0.10,-3.88,192.23
2152524,0.10,-3.87,192.24
2152701,0.10,-3.88,192.24
2152878,0.10,-3.88,192.24
2153056,0.10,-3.88,192.24
2153233,0.11,-3.88,192.23
2153410,0.10,-3.88,192.23
2153942,0.10,-3.88,192.23
2154120,0.11,-3.88,192.23
2154297,0.10,-3.88,192.23
2154475,0.10,-3.88,192.23
2154652,0.10,-3.88,192.23
2154829,0.11,-3.87,192.24
2155007,0.10,-3.88,192.23
2155184,0.10,-3.88,192.23
2155361,0.11,-3.88,192.23
2155539,0.11,-3.88,192.23
2155716,0.10,-3.88,192.23
2155893,0.11,-3.88,192.23
2156071,0.11,-3.88,192.23
2156248,0.10,-3.88,192.23
2156337,0.11,-3.88,192.23
2156426,0.11,-3.87,192.24
2156514,0.10,-3.87,192.23
2156603,0.10,-3.87,192.24
2156692,0.10,-3.88,192.23
2156780,0.10,-3.88,192.23
2156869,0.11,-3.88,192.23
2156958,0.11,-3.88,192.23
2157046,0.10,-3.88,192.23
2157135,0.10,-3.88,192.24
2157224,0.11,-3.88,192.23
2157312,0.11,-3.88,192.24
2157401,0.11,-3.88,192.23
2157490,0.11,-3.88,192.23
2157578,0.10,-3.88,192.23
2157667,0.10,-3.88,192.23
2157756,0.10,-3.88,192.23
2157844,0.10,-3.88,192.24
2157933,0.10,-3.87,192.23
2158022,0.11,-3.87,192.23
2158110,0.11,-3.88,192.23
2158199,0.11,-3.88,192.24
2158288,0.11,-3.88,192.23
2158377,0.10,-3.88,192.24
2158465,0.10,-3.88,192.23
2158554,0.10,-3.88,192.24
2158643,0.10,-3.89,192.23
2158731,0.11,-3.88,192.24
2158820,0.10,-3.88,192.23
2158909,0.10,-3.88,192.24
2158997,0.11,-3.89,192.23
2159086,0.11,-3.88,192.24
2159175,0.11,-3.89,192.23
2159352,0.10,-3.89,192.24
2159529,0.10,-3.89,192.23
2159707,0.10,-3.88,192.23
2159884,0.09,-3.88,192.23
2160061,0.10,-3.88,192.23
2160239,0.11,-3.88,192.23
2160416,0.10,-3.88,192.23
2160593,0.10,-3.88,192.23
2160771,0.10,-3.88,192.23
2160948,0.10,-3.88,192.24
2161126,0.11,-3.88,192.23
2161214,0.10,-3.88,192.24
2161303,0.11,-3.88,192.24
2161392,0.11,-3.88,192.24
2161480,0.10,-3.88,192.24
2161569,0.10,-3.88,192.24
2161658,0.10,-3.88,192.24
2161746,0.11,-3.88,192.24
2161835,0.11,-3.88,192.24
2161924,0.11,-3.88,192.24
2162012,0.10,-3.88,192.24
2162101,0.10,-3.88,192.23
2162190,0.11,-3.88,192.23
2162278,0.10,-3.88,192.24
2162367,0.11,-3.88,192.23
2162456,0.11,-3.88,192.23
2162544,0.11,-3.88,192.24
2162633,0.10,-3.88,192.24
2162722,0.10,-3.88,192.24
2162810,0.10,-3.88,192.24
2162899,0.10,-3.88,192.23
2162988,0.10,-3.89,192.23
2163076,0.10,-3.88,192.23
2163165,0.10,-3.88,192.24
2163254,0.10,-3.88,192.23
2163343,0.10,-3.88,192.23
2163431,0.10,-3.88,192.24
2163520,0.10,-3.88,192.23
2163609,0.11,-3.88,192.23
2163697,0.10,-3.88,192.23
2163786,0.10,-3.88,192.23
2163875,0.10,-3.88,192.23
2163963,0.11,-3.88,192.23
2164052,0.11,-3.88,192.23
2164141,0.11,-3.88,192.24
2164229,0.10,-3.88,192.24
2164318,0.11,-3.88,192.24
2164407,0.11,-3.88,192.24
2164495,0.11,-3.88,192.24
2164584,0.11,-3.88,192.23
2164673,0.11,-3.88,192.23
2164761,0.10,-3.89,192.24
2164850,0.11,-3.88,192.24
2164939,0.11,-3.88,192.24
2165027,0.11,-3.88,192.24
2165205,0.11,-3.88,192.23
2165382,0.10,-3.88,192.24
2165559,0.10,-3.88,192.24
2165737,0.10,-3.88,192.23
2165914,0.11,-3.88,192.23
2166091,0.10,-3.88,192.24
2166269,0.10,-3.88,192.24
2166446,0.10,-3.89,192.23
2166624,0.11,-3.89,192.23
2166801,0.10,-3.88,192.23
2166978,0.11,-3.88,192.23
2167156,0.10,-3.89,192.23
2167333,0.11,-3.89,192.23
2167510,0.10,-3.89,192.23
2167688,0.11,-3.88,192.23
2167865,0.10,-3.88,192.23
2168042,0.10,-3.88,192.23
2168220,0.10,-3.88,192.23
2168397,0.10,-3.88,192.23
2168575,0.10,-3.88,192.23
2168752,0.11,-3.88,192.23
2168929,0.11,-3.88,192.23
2169107,0.10,-3.88,192.23
2169284,0.10,-3.88,192.23
2169461,0.11,-3.88,192.23
2169639,0.10,-3.88,192.23
2169816,0.10,-3.89,192.23
2169993,0.10,-3.88,192.23
2170171,0.11,-3.89,192.23
2170348,0.10,-3.89,192.23
2170526,0.10,-3.88,192.23
2170703,0.10,-3.89,192.23
2170880,0.11,-3.89,192.24
2171058,0.10,-3.89,192.24
2171146,0.10,-3.89,192.24
2171235,0.11,-3.89,192.23
2171324,0.10,-3.89,192.24
2171412,0.11,-3.88,192.24
2171501,0.11,-3.88,192.23
2171590,0.10,-3.88,192.24
2171678,0.10,-3.89,192.24
2171767,0.11,-3.89,192.23
2171856,0.11,-3.89,192.23
2171944,0.11,-3.89,192.23
2172033,0.10,-3.89,192.24
2172122,0.10,-3.89,192.23
2172211,0.10,-3.88,192.23
2172299,0.10,-3.88,192.23
2172388,0.11,-3.89,192.23
2172477,0.10,-3.89,192.23
2172565,0.10,-3.89,192.24
2172654,0.10,-3.89,192.23
2172743,0.10,-3.89,192.23
2172831,0.11,-3.89,192.23
2172920,0.11,-3.88,192.24
2173009,0.10,-3.89,192.23
2173097,0.11,-3.89,192.24
2173186,0.11,-3.88,192.24
2173275,0.10,-3.88,192.23
2173363,0.10,-3.88,192.24
2173452,0.11,-3.89,192.24
2173541,0.10,-3.89,192.24
2173629,0.10,-3.89,192.24
2173718,0.10,-3.88,192.23
2173807,0.11,-3.88,192.23
2173896,0.10,-3.88,192.23
2173984,0.10,-3.88,192.24
2174073,0.10,-3.89,192.23
2174162,0.10,-3.89,192.23
2174250,0.10,-3.88,192.23
2174339,0.10,-3.89,192.23
2174428,0.10,-3.89,192.23
2174516,0.11,-3.89,192.23
2174605,0.11,-3.89,192.23
2174694,0.11,-3.89,192.23
2174782,0.10,-3.88,192.23
2174871,0.10,-3.89,192.23
2174960,0.10,-3.89,192.24
2175048,0.11,-3.89,192.23
2175137,0.11,-3.89,192.23
2175226,0.11,-3.89,192.24
2175314,0.10,-3.89,192.23
2175403,0.11,-3.89,192.23
2175492,0.11,-3.89,192.23
2175581,0.10,-3.89,192.24
2175669,0.10,-3.89,192.23
2175758,0.10,-3.89,192.23
2175847,0.11,-3.89,192.23
2175935,0.11,-3.89,192.23
2176024,0.11,-3.89,192.23
2176113,0.10,-3.89,192.23
2176201,0.10,-3.89,192.23
2176290,0.10,-3.89,192.24
2176379,0.10,-3.89,192.24
2176467,0.11,-3.89,192.24
2176556,0.11,-3.89,192.24
2176645,0.11,-3.89,192.24
2176733,0.10,-3.90,192.24
2176911,0.10,-3.89,192.24
2177088,0.11,-3.89,192.23
2177265,0.10,-3.89,192.24
2177443,0.10,-3.89,192.24
2177620,0.10,-3.89,192.24
2177798,0.11,-3.89,192.24
2177975,0.11,-3.89,192.24
2178152,0.11,-3.89,192.24
2178330,0.10,-3.89,192.24
2178507,0.10,-3.89,192.24
2178684,0.10,-3.89,192.24
2178862,0.11,-3.89,192.24
2179039,0.10,-3.89,192.24
2179217,0.10,-3.89,192.24
2179394,0.11,-3.89,192.24
2179571,0.10,-3.89,192.23
2179749,0.10,-3.89,192.24
2179926,0.11,-3.89,192.24
2180103,0.11,-3.89,192.24
2180281,0.10,-3.89,192.24
2180458,0.10,-3.90,192.24
2180547,0.10,-3.89,192.24
2180636,0.11,-3.89,192.24
2180724,0.11,-3.89,192.24
2180813,0.10,-3.89,192.24
2180902,0.10,-3.89,192.24
2180990,0.11,-3.89,192.24
2181079,0.11,-3.89,192.24
2181168,0.11,-3.89,192.24
2181256,0.10,-3.90,192.24
2181345,0.11,-3.90,192.24
2181434,0.10,-3.90,192.24
2181522,0.10,-3.89,192.24
2181611,0.11,-3.89,192.24
2181700,0.10,-3.90,192.24
2181788,0.10,-3.90,192.24
2181877,0.11,-3.90,192.24
2181966,0.11,-3.89,192.24
2182054,0.11,-3.89,192.24
2182143,0.11,-3.89,192.24
2182232,0.10,-3.89,192.24
2182321,0.10,-3.89,192.24
2182409,0.10,-3.90,192.24
2182498,0.10,-3.90,192.24
2182587,0.10,-3.90,192.24
2182764,0.10,-3.90,192.24
2182941,0.10,-3.90,192.24
2183119,0.10,-3.90,192.24
2183296,0.11,-3.89,192.24
2183473,0.11,-3.89,192.24
2183651,0.10,-3.89,192.24
2183828,0.11,-3.89,192.24
2184006,0.11,-3.89,192.24
2184183,0.10,-3.89,192.24
2184360,0.11,-3.89,192.24
2184538,0.10,-3.89,192.24
2184715,0.10,-3.89,192.24
2184892,0.11,-3.89,192.24
2185070,0.10,-3.89,192.23
2185247,0.10,-3.89,192.24
2185425,0.10,-3.89,192.24
2185602,0.10,-3.89,192.23
2185779,0.11,-3.88,192.23
2185957,0.10,-3.88,192.23
2186045,0.11,-3.89,192.23
2186134,0.10,-3.88,192.23
2186223,0.10,-3.88,192.23
2186311,0.10,-3.89,192.23
2186400,0.11,-3.88,192.23
2186489,0.11,-3.88,192.23
2186577,0.10,-3.88,192.23
2186666,0.10,-3.88,192.23
2186755,0.10,-3.88,192.23
2186843,0.10,-3.89,192.23
2186932,0.10,-3.89,192.23
2187021,0.10,-3.88,192.23
2187109,0.11,-3.88,192.23
2187198,0.11,-3.88,192.23
2187287,0.11,-3.88,192.23
2187376,0.10,-3.88,192.23
2187464,0.10,-3.88,192.23
2187553,0.10,-3.88,192.23
2187642,0.10,-3.88,192.23
2187730,0.10,-3.88,192.23
2187819,0.10,-3.89,192.23
2187908,0.10,-3.89,192.23
2187996,0.10,-3.88,192.23
2188085,0.10,-3.88,192.23
2188174,0.11,-3.88,192.23
2188262,0.11,-3.88,192.24
2188351,0.11,-3.88,192.23
2188440,0.10,-3.88,192.23
2188617,0.10,-3.88,192.23
2188794,0.10,-3.88,192.23
2188972,0.10,-3.89,192.23
2189149,0.10,-3.88,192.24
2189327,0.10,-3.87,192.23
2189504,0.11,-3.87,192.24
2189681,0.10,-3.88,192.23
2189859,0.10,-3.87,192.24
2190036,0.11,-3.88,192.24
2190213,0.10,-3.88,192.24
2190302,0.11,-3.88,192.23
2190391,0.11,-3.89,192.24
2190479,0.10,-3.88,192.23
2190568,0.10,-3.89,192.24
2190657,0.10,-3.88,192.23
2190745,0.10,-3.89,192.24
2190834,0.10,-3.88,192.23
2190923,0.10,-3.88,192.24
2191012,0.10,-3.88,192.23
2191100,0.10,-3.89,192.24
2191189,0.10,-3.88,192.23
2191278,0.10,-3.89,192.24
2191366,0.10,-3.88,192.23
2191455,0.10,-3.89,192.24
2191544,0.10,-3.88,192.23
2191632,0.10,-3.89,192.24
2191721,0.11,-3.88,192.24
2191810,0.10,-3.89,192.24
2191898,0.10,-3.88,192.23
2191987,0.10,-3.89,192.24
2192076,0.11,-3.88,192.24
2192164,0.10,-3.89,192.24
2192253,0.10,-3.89,192.23
2192342,0.10,-3.89,192.24
2192430,0.11,-3.89,192.24
2192519,0.12,-3.89,192.24
2192608,0.10,-3.88,192.23
2192696,0.11,-3.89,192.24
2192785,0.11,-3.89,192.24
2192874,0.11,-3.89,192.24
2192963,0.11,-3.88,192.24
2193051,0.11,-3.89,192.24
2193140,0.11,-3.89,192.24
2193229,0.10,-3.89,192.24
2193317,0.11,-3.89,192.23
2193406,0.11,-3.88,192.24
2193495,0.10,-3.88,192.23
2193583,0.10,-3.89,192.24
2193672,0.10,-3.89,192.24
2193761,0.10,-3.88,192.24
2193849,0.10,-3.88,192.23
2193938,0.10,-3.89,192.24
2194027,0.11,-3.88,192.23
2194115,0.11,-3.89,192.24
2194204,0.11,-3.89,192.23
2194293,0.10,-3.89,192.24
2194470,0.10,-3.89,192.24
2194647,0.11,-3.89,192.24
2194825,0.10,-3.89,192.24
2195002,0.11,-3.89,192.24
2195179,0.11,-3.89,192.24
2195357,0.10,-3.89,192.24
2195534,0.10,-3.88,192.24
2195712,0.10,-3.89,192.24
2195889,0.10,-3.89,192.24
2196066,0.11,-3.88,192.24
2196244,0.11,-3.89,192.24
2196421,0.10,-3.89,192.24
2196598,0.10,-3.89,192.24
2196776,0.11,-3.89,192.24
2196953,0.09,-3.89,192.24
2197130,0.10,-3.89,192.24
2197308,0.11,-3.89,192.24
2197485,0.10,-3.89,192.24
2197662,0.11,-3.89,192.24
2197840,0.10,-3.89,192.24
2198017,0.10,-3.89,192.24
2198195,0.10,-3.89,192.24
2198372,0.10,-3.89,192.24
2198549,0.11,-3.89,192.24
2198727,0.11,-3.89,192.24
2198904,0.10,-3.89,192.24
2199081,0.10,-3.89,192.24
2199259,0.10,-3.89,192.24
2199436,0.11,-3.88,192.24
2199613,0.10,-3.89,192.24
2199791,0.10,-3.89,192.24
2199880,0.10,-3.89,192.24
2199968,0.10,-3.89,192.24
2200057,0.10,-3.89,192.24
2200146,0.10,-3.89,192.24
2200323,0.11,-3.89,192.24
2200500,0.10,-3.89,192.24
2200678,0.11,-3.89,192.24
2200855,0.10,-3.89,192.24
2200944,0.10,-3.89,192.24
2201032,0.10,-3.89,192.24
2201121,0.10,-3.89,192.24
2201210,0.10,-3.89,192.24
2201298,0.10,-3.89,192.24
2201387,0.10,-3.89,192.25
2201476,0.11,-3.89,192.24
2201565,0.11,-3.89,192.24
2201653,0.10,-3.89,192.24
2201742,0.10,-3.89,192.24
2201831,0.10,-3.90,192.24
2201919,0.11,-3.90,192.24
2202008,0.11,-3.89,192.24
2202097,0.10,-3.89,192.25
2202185,0.10,-3.90,192.25
2202274,0.10,-3.90,192.25
2202363,0.11,-3.90,192.24
2202451,0.11,-3.89,192.25
2202540,0.10,-3.90,192.24
2202629,0.09,-3.90,192.25
2202717,0.10,-3.90,192.24
2202806,0.10,-3.90,192.24
2202895,0.10,-3.90,192.25
2202983,0.10,-3.89,192.24
2203072,0.10,-3.90,192.24
2203161,0.11,-3.89,192.24
2203249,0.10,-3.89,192.25
2203338,0.11,-3.89,192.24
2203427,0.11,-3.89,192.25
2203516,0.10,-3.90,192.25
2203604,0.10,-3.90,192.24
2203693,0.10,-3.90,192.24
2203782,0.10,-3.90,192.25
2203870,0.10,-3.90,192.24
2203959,0.11,-3.89,192.24
2204048,0.11,-3.90,192.24
2204136,0.11,-3.90,192.25
2204225,0.11,-3.90,192.24
2204314,0.11,-3.89,192.24
2204402,0.10,-3.90,192.25
2204491,0.10,-3.90,192.24
2204580,0.10,-3.90,192.25
2204668,0.10,-3.90,192.25
2204757,0.10,-3.89,192.24
2204846,0.11,-3.90,192.24
2204934,0.10,-3.90,192.25
2205023,0.10,-3.90,192.24
2205112,0.10,-3.89,192.24
2205201,0.10,-3.89,192.24
2205289,0.10,-3.90,192.25
2205378,0.11,-3.90,192.25
2205467,0.10,-3.90,192.24
2205555,0.10,-3.90,192.25
2205644,0.10,-3.90,192.25
2205733,0.11,-3.89,192.25
2205821,0.10,-3.90,192.24
2205910,0.10,-3.90,192.25
2205999,0.11,-3.90,192.25
2206087,0.10,-3.90,192.25
2206265,0.10,-3.89,192.25
2206442,0.10,-3.90,192.25
2206620,0.10,-3.90,192.24
2206797,0.10,-3.90,192.24
2206974,0.10,-3.90,192.25
2207152,0.11,-3.90,192.25
2207329,0.11,-3.90,192.25
2207506,0.10,-3.90,192.25
2207684,0.10,-3.90,192.25
2207861,0.10,-3.90,192.25
2208038,0.11,-3.90,192.24
2208216,0.09,-3.90,192.25
2208393,0.10,-3.90,192.24
2208571,0.11,-3.90,192.25
2208748,0.10,-3.90,192.25
2208925,0.11,-3.90,192.24
2209103,0.11,-3.90,192.25
2209280,0.10,-3.90,192.25
2209457,0.11,-3.91,192.25
2209546,0.10,-3.91,192.25
2209635,0.10,-3.90,192.25
2209723,0.10,-3.90,192.25
2209812,0.10,-3.90,192.25
2209901,0.10,-3.91,192.25
2209989,0.10,-3.90,192.25
2210078,0.11,-3.91,192.25
2210167,0.11,-3.90,192.25
2210256,0.11,-3.90,192.25
2210344,0.10,-3.90,192.25
2210433,0.10,-3.91,192.25
2210522,0.11,-3.91,192.25
2210610,0.10,-3.91,192.25
2210699,0.11,-3.91,192.25
2210788,0.11,-3.91,192.25
2210876,0.11,-3.91,192.25
2210965,0.11,-3.91,192.25
2211054,0.11,-3.90,192.25
2211142,0.12,-3.91,192.25
2211231,0.11,-3.91,192.25
2211320,0.10,-3.90,192.25
2211408,0.10,-3.91,192.25
2211497,0.11,-3.91,192.25
2211586,0.10,-3.91,192.25
2211674,0.10,-3.90,192.25
2211763,0.10,-3.90,192.25
2211852,0.11,-3.90,192.25
2212029,0.10,-3.91,192.25
2212207,0.10,-3.91,192.25
2212384,0.10,-3.90,192.25
2212561,0.10,-3.91,192.25
2212739,0.10,-3.91,192.25
2212916,0.11,-3.91,192.25
2213093,0.10,-3.91,192.25
2213271,0.11,-3.91,192.25
2213448,0.10,-3.91,192.25
2213625,0.10,-3.91,192.25
2213803,0.10,-3.91,192.25
2213980,0.11,-3.91,192.25
2214158,0.10,-3.91,192.25
2214335,0.11,-3.91,192.25
2214512,0.10,-3.91,192.26
2214690,0.10,-3.91,192.25
2214867,0.10,-3.92,192.25
2215044,0.11,-3.92,192.26
2215222,0.11,-3.91,192.25
2215399,0.10,-3.91,192.25
2215576,0.10,-3.91,192.25
2215754,0.10,-3.91,192.25
2215843,0.10,-3.91,192.25
2215931,0.10,-3.91,192.25
2216020,0.10,-3.91,192.25
2216109,0.11,-3.91,192.25
2216197,0.11,-3.91,192.25
2216286,0.11,-3.91,192.25
2216375,0.10,-3.91,192.25
2216463,0.11,-3.91,192.25
2216552,0.11,-3.91,192.25
2216641,0.11,-3.92,192.25
2216729,0.11,-3.92,192.25
2216818,0.11,-3.91,192.25
2216907,0.10,-3.91,192.26
2216995,0.10,-3.91,192.25
2217084,0.10,-3.92,192.25
2217173,0.11,-3.92,192.26
2217261,0.11,-3.91,192.26
2217350,0.11,-3.91,192.26
2217439,0.10,-3.92,192.26
2217705,0.11,-3.91,192.25
2217794,0.10,-3.91,192.25
2217971,0.11,-3.91,192.25
2218148,0.10,-3.91,192.26
2218326,0.09,-3.91,192.25
2218503,0.10,-3.91,192.25
2218680,0.10,-3.91,192.26
2218858,0.09,-3.91,192.25
2219035,0.10,-3.92,192.26
2219212,0.11,-3.92,192.26
2219301,0.10,-3.92,192.26
2219390,0.10,-3.92,192.25
2219478,0.11,-3.91,192.26
2219567,0.11,-3.91,192.26
2219656,0.10,-3.91,192.26
2219745,0.10,-3.92,192.26
2219833,0.10,-3.91,192.26
2219922,0.11,-3.91,192.25
2220011,0.10,-3.92,192.25
2220099,0.10,-3.92,192.26
2220188,0.11,-3.92,192.26
2220277,0.10,-3.92,192.26
2220365,0.10,-3.92,192.26
2220454,0.10,-3.92,192.26
2220543,0.10,-3.92,192.26
2220631,0.10,-3.92,192.26
2220720,0.10,-3.92,192.26
2220809,0.10,-3.92,192.26
2220897,0.10,-3.92,192.26
2220986,0.10,-3.92,192.26
2221075,0.10,-3.92,192.26
2221163,0.11,-3.92,192.25
2221252,0.10,-3.92,192.26
2221341,0.10,-3.92,192.26
2221429,0.09,-3.92,192.26
2221518,0.10,-3.92,192.26
2221607,0.11,-3.92,192.26
2221695,0.11,-3.92,192.26
2221784,0.10,-3.92,192.26
2221873,0.10,-3.92,192.26
2221962,0.11,-3.92,192.26
2222050,0.11,-3.92,192.26
2222139,0.10,-3.92,192.26
2222228,0.10,-3.92,192.26
2222316,0.10,-3.92,192.26
2222405,0.10,-3.92,192.26
2222494,0.10,-3.92,192.26
2222582,0.10,-3.92,192.26
2222671,0.10,-3.92,192.26
2222760,0.10,-3.92,192.26
2222848,0.10,-3.92,192.26
2222937,0.10,-3.92,192.26
2223026,0.10,-3.92,192.26
2223114,0.11,-3.92,192.26
2223203,0.11,-3.92,192.26
2223292,0.11,-3.92,192.26
2223380,0.10,-3.92,192.25
2223469,0.10,-3.92,192.26
2223558,0.10,-3.92,192.26
2223735,0.10,-3.92,192.26
2223913,0.10,-3.92,192.26
2224090,0.11,-3.92,192.26
2224267,0.10,-3.92,192.26
2224445,0.10,-3.92,192.26
2224622,0.10,-3.92,192.26
2224799,0.10,-3.92,192.26
2224977,0.10,-3.92,192.26
2225154,0.10,-3.92,192.26
2225331,0.10,-3.92,192.26
2225509,0.10,-3.92,192.26
2225686,0.10,-3.92,192.26
2225864,0.10,-3.92,192.26
2226041,0.10,-3.92,192.26
2226218,0.10,-3.92,192.26
2226396,0.10,-3.92,192.26
2226573,0.11,-3.92,192.26
2226750,0.11,-3.92,192.26
2226928,0.10,-3.92,192.26
2227105,0.10,-3.92,192.26
2227282,0.11,-3.92,192.26
2227460,0.10,-3.92,192.26
2227637,0.11,-3.92,192.26
2227814,0.10,-3.92,192.26
2227992,0.11,-3.92,192.26
2228169,0.11,-3.92,192.26
2228347,0.10,-3.92,192.26
2228524,0.11,-3.92,192.26
2228701,0.10,-3.92,192.26
2228879,0.10,-3.92,192.26
2228967,0.11,-3.92,192.26
2229056,0.11,-3.92,192.26
2229145,0.10,-3.92,192.26
2229233,0.10,-3.92,192.26
2229322,0.10,-3.92,192.26
2229411,0.10,-3.93,192.26
2229588,0.10,-3.92,192.26
2229765,0.10,-3.92,192.26
2229943,0.11,-3.92,192.26
2230120,0.10,-3.92,192.26
2230298,0.11,-3.92,192.26
2230475,0.10,-3.92,192.26
2230741,0.11,-3.92,192.26
2230830,0.10,-3.92,192.26
2230918,0.10,-3.92,192.26
2231007,0.10,-3.92,192.26
2231096,0.10,-3.92,192.26
2231184,0.11,-3.92,192.26
2231273,0.10,-3.92,192.26
2231362,0.10,-3.92,192.26
2231450,0.10,-3.92,192.26
2231539,0.10,-3.92,192.27
2231628,0.11,-3.93,192.27
2231716,0.11,-3.93,192.27
2231805,0.11,-3.93,192.27
2231894,0.11,-3.93,192.27
2231982,0.11,-3.93,192.27
2232071,0.10,-3.93,192.27
2232160,0.10,-3.93,192.27
2232249,0.11,-3.93,192.27
2232337,0.10,-3.93,192.27
2232426,0.10,-3.93,192.28
2232515,0.10,-3.93,192.27
2232603,0.10,-3.93,192.27
2232692,0.10,-3.93,192.27
2232781,0.11,-3.93,192.27
2232869,0.11,-3.92,192.27
2232958,0.10,-3.93,192.27
2233047,0.10,-3.93,192.27
2233135,0.11,-3.93,192.27
2233224,0.10,-3.93,192.27
2233313,0.10,-3.93,192.28
2233401,0.10,-3.93,192.27
2233490,0.10,-3.93,192.27
2233579,0.10,-3.93,192.27
2233667,0.11,-3.93,192.27
2233756,0.10,-3.93,192.27
2233845,0.10,-3.93,192.27
2233933,0.10,-3.93,192.27
2234022,0.10,-3.94,192.27
2234111,0.10,-3.93,192.27
2234199,0.10,-3.93,192.27
2234288,0.10,-3.93,192.28
2234377,0.10,-3.93,192.27
2234465,0.10,-3.93,192.27
2234554,0.10,-3.93,192.27
2234643,0.10,-3.93,192.27
2234732,0.10,-3.93,192.27
2234820,0.10,-3.93,192.27
2234909,0.10,-3.93,192.28
2234998,0.10,-3.93,192.27
2235086,0.10,-3.93,192.28
2235175,0.10,-3.93,192.27
2235264,0.10,-3.93,192.27
2235352,0.11,-3.93,192.28
2235530,0.10,-3.93,192.27
2235707,0.10,-3.93,192.28
2235884,0.10,-3.93,192.28
2236062,0.11,-3.93,192.27
2236239,0.10,-3.93,192.27
2236416,0.10,-3.92,192.28
2236594,0.10,-3.93,192.28
2236771,0.11,-3.93,192.28
2236948,0.10,-3.93,192.27
2237126,0.10,-3.93,192.27
2237303,0.11,-3.93,192.28
2237481,0.10,-3.93,192.28
2237658,0.10,-3.93,192.27
2237835,0.10,-3.93,192.28
2238013,0.11,-3.93,192.28
2238190,0.11,-3.93,192.28
2238367,0.10,-3.92,192.28
2238545,0.10,-3.93,192.28
2238633,0.10,-3.93,192.28
2238722,0.10,-3.93,192.27
2238811,0.10,-3.93,192.27
2238899,0.11,-3.93,192.28
2238988,0.10,-3.93,192.28
2239077,0.11,-3.93,192.28
2239165,0.11,-3.93,192.28
2239254,0.10,-3.93,192.28
2239343,0.10,-3.93,192.28
2239431,0.11,-3.93,192.28
2239520,0.11,-3.93,192.28
2239609,0.10,-3.93,192.28
2239698,0.10,-3.93,192.28
2239786,0.10,-3.93,192.28
2239875,0.11,-3.93,192.28
2239964,0.11,-3.93,192.28
2240052,0.10,-3.93,192.28
2240141,0.10,-3.93,192.28
2240230,0.11,-3.93,192.28
2240318,0.10,-3.93,192.28
2240407,0.11,-3.93,192.27
2240496,0.11,-3.93,192.27
2240584,0.11,-3.93,192.27
2240673,0.11,-3.93,192.28
2240762,0.11,-3.93,192.28
2240850,0.10,-3.93,192.28
2240939,0.10,-3.93,192.28
2241028,0.11,-3.93,192.27
2241116,0.10,-3.93,192.27
2241294,0.10,-3.93,192.28
2241471,0.11,-3.93,192.27
2241648,0.11,-3.93,192.27
2241826,0.10,-3.93,192.28
2242003,0.10,-3.93,192.28
2242181,0.10,-3.93,192.28
2242358,0.10,-3.93,192.27
2242535,0.10,-3.93,192.27
2242713,0.10,-3.93,192.28
2242890,0.10,-3.93,192.27
2243067,0.11,-3.93,192.28
2243245,0.11,-3.93,192.28
2243422,0.10,-3.93,192.28
2243599,0.10,-3.93,192.28
2243777,0.10,-3.92,192.28
2243954,0.10,-3.93,192.28
2244132,0.10,-3.93,192.27
2244309,0.10,-3.93,192.27
2244486,0.11,-3.93,192.27
2244664,0.11,-3.93,192.27
2244841,0.10,-3.93,192.28
2245018,0.10,-3.93,192.28
2245196,0.11,-3.93,192.28
2245373,0.10,-3.93,192.28
2245462,0.10,-3.93,192.28
2245550,0.10,-3.93,192.28
2245639,0.11,-3.93,192.28
2245728,0.10,-3.92,192.28
2245816,0.11,-3.92,192.28
2245905,0.11,-3.93,192.27
2245994,0.10,-3.93,192.28
2246082,0.11,-3.93,192.28
2246171,0.11,-3.93,192.28
2246260,0.11,-3.93,192.27
2246349,0.11,-3.93,192.28
2246437,0.11,-3.93,192.27
2246526,0.10,-3.93,192.28
2246615,0.10,-3.93,192.28
2246703,0.10,-3.93,192.28
2246881,0.10,-3.93,192.28
2247058,0.10,-3.93,192.27
2247235,0.11,-3.93,192.28
2247413,0.10,-3.93,192.28
2247590,0.10,-3.93,192.28
2247767,0.11,-3.93,192.28
2247945,0.10,-3.93,192.28
2248122,0.11,-3.93,192.28
2248211,0.10,-3.93,192.27
2248299,0.10,-3.93,192.28
2248388,0.11,-3.93,192.28
2248477,0.11,-3.93,192.28
2248566,0.11,-3.93,192.27
2248654,0.10,-3.93,192.28
2248743,0.10,-3.93,192.28
2248832,0.10,-3.93,192.28
2248920,0.10,-3.93,192.28
2249009,0.10,-3.93,192.28
2249098,0.10,-3.93,192.28
2249186,0.10,-3.93,192.28
2249275,0.10,-3.93,192.28
2249364,0.11,-3.93,192.28
2249452,0.10,-3.93,192.28
2249541,0.10,-3.93,192.28
2249630,0.10,-3.93,192.28
2249718,0.11,-3.93,192.28
2249807,0.11,-3.93,192.28
2249896,0.10,-3.93,192.28
2249984,0.10,-3.93,192.27
2250073,0.10,-3.93,192.28
2250162,0.10,-3.93,192.28
2250250,0.10,-3.93,192.28
2250339,0.10,-3.93,192.28
2250428,0.10,-3.93,192.28
2250517,0.10,-3.93,192.28
2250605,0.11,-3.93,192.28
2250694,0.10,-3.93,192.28
2250783,0.11,-3.93,192.28
2250871,0.11,-3.93,192.28
2250960,0.10,-3.93,192.28
2251049,0.11,-3.93,192.28
2251137,0.11,-3.93,192.28
2251226,0.11,-3.93,192.28
2251315,0.10,-3.93,192.28
2251403,0.10,-3.93,192.28
2251492,0.10,-3.93,192.28
2251581,0.10,-3.93,192.28
2251669,0.10,-3.93,192.28
2251758,0.10,-3.93,192.27
2251847,0.10,-3.93,192.28
2251935,0.11,-3.93,192.28
2252024,0.11,-3.93,192.28
2252113,0.11,-3.93,192.28
2252201,0.10,-3.93,192.28
2252290,0.10,-3.93,192.28
2252379,0.11,-3.93,192.28
2252467,0.11,-3.93,192.28
2252556,0.10,-3.93,192.28
2252645,0.11,-3.93,192.27
2252733,0.11,-3.93,192.28
2252822,0.11,-3.94,192.28
2252911,0.11,-3.93,192.28
2253088,0.11,-3.93,192.27
2253266,0.11,-3.93,192.28
2253443,0.10,-3.93,192.27
2253620,0.10,-3.93,192.28
2253798,0.11,-3.93,192.27
2253975,0.11,-3.92,192.27
2254152,0.11,-3.92,192.27
2254330,0.10,-3.92,192.27
2254507,0.09,-3.92,192.27
2254684,0.10,-3.93,192.27
2254862,0.10,-3.93,192.27
2255039,0.11,-3.92,192.27
2255216,0.10,-3.93,192.27
2255394,0.10,-3.93,192.27
2255571,0.10,-3.93,192.27
2255749,0.11,-3.93,192.27
2255926,0.10,-3.93,192.27
2256103,0.10,-3.93,192.27
2256281,0.11,-3.93,192.27
2256458,0.10,-3.93,192.27
2256635,0.10,-3.93,192.27
2256813,0.11,-3.92,192.27
2256990,0.10,-3.93,192.27
2257167,0.10,-3.93,192.28
2257345,0.10,-3.93,192.27
2257522,0.09,-3.93,192.27
2257700,0.10,-3.92,192.27
2257877,0.10,-3.93,192.27
2257966,0.09,-3.93,192.27
2258054,0.10,-3.93,192.27
2258143,0.10,-3.93,192.27
2258232,0.10,-3.92,192.27
2258320,0.10,-3.93,192.27
2258409,0.10,-3.93,192.27
2258498,0.10,-3.93,192.27
2258586,0.11,-3.93,192.27
2258675,0.11,-3.93,192.27
2258852,0.11,-3.94,192.27
2259030,0.11,-3.93,192.27
2259207,0.10,-3.93,192.27
2259384,0.11,-3.93,192.27
2259562,0.09,-3.93,192.27
2259739,0.10,-3.93,192.27
2259917,0.10,-3.93,192.27
2260094,0.10,-3.93,192.27
2260271,0.10,-3.93,192.27
2260360,0.11,-3.93,192.27
2260449,0.11,-3.93,192.28
2260537,0.11,-3.93,192.27
2260626,0.10,-3.93,192.27
2260715,0.10,-3.93,192.28
2260803,0.11,-3.93,192.28
2260892,0.10,-3.93,192.27
2260981,0.10,-3.93,192.27
2261069,0.10,-3.93,192.27
2261158,0.10,-3.93,192.27
2261247,0.11,-3.93,192.27
2261335,0.11,-3.93,192.27
2261424,0.10,-3.93,192.27
2261513,0.10,-3.93,192.27
2261601,0.11,-3.93,192.27
2261690,0.10,-3.93,192.27
2261779,0.10,-3.93,192.27
2261867,0.10,-3.93,192.27
2261956,0.10,-3.93,192.28
2262045,0.09,-3.93,192.27
2262134,0.10,-3.93,192.27
2262222,0.10,-3.93,192.28
2262311,0.10,-3.93,192.27
2262400,0.10,-3.93,192.27
2262488,0.10,-3.93,192.27
2262577,0.11,-3.93,192.27
2262666,0.10,-3.93,192.27
2262754,0.11,-3.93,192.27
2262843,0.11,-3.93,192.27
2262932,0.10,-3.93,192.27
2263020,0.11,-3.93,192.27
2263109,0.10,-3.93,192.27
2263198,0.11,-3.93,192.27
2263286,0.11,-3.93,192.27
2263375,0.10,-3.93,192.27
2263464,0.10,-3.93,192.27
2263552,0.10,-3.93,192.27
2263641,0.10,-3.94,192.27
2263730,0.10,-3.93,192.28
2263818,0.11,-3.93,192.27
2263907,0.11,-3.93,192.27
2263996,0.10,-3.93,192.28
2264084,0.10,-3.93,192.28
2264173,0.10,-3.94,192.28
2264262,0.10,-3.93,192.28
2264350,0.11,-3.94,192.28
2264439,0.10,-3.93,192.27
2264528,0.10,-3.93,192.27
2264616,0.10,-3.93,192.28
2264794,0.09,-3.93,192.27
2264971,0.11,-3.93,192.27
2265148,0.10,-3.93,192.27
2265326,0.11,-3.93,192.27
2265503,0.10,-3.93,192.27
2265681,0.11,-3.93,192.27
2265858,0.10,-3.93,192.27
2266035,0.10,-3.93,192.27
2266213,0.10,-3.93,192.27
2266390,0.10,-3.93,192.27
2266567,0.10,-3.93,192.28
2266745,0.10,-3.93,192.27
2266922,0.11,-3.93,192.27
2267099,0.10,-3.93,192.27
2267277,0.10,-3.93,192.27
2267454,0.10,-3.93,192.27
2267543,0.10,-3.93,192.27
2267631,0.09,-3.93,192.27
2267720,0.10,-3.93,192.27
2267809,0.10,-3.93,192.27
2267898,0.10,-3.93,192.27
2267986,0.10,-3.93,192.27
2268075,0.10,-3.93,192.27
2268164,0.11,-3.94,192.27
2268252,0.11,-3.94,192.27
2268341,0.11,-3.93,192.27
2268430,0.10,-3.93,192.27
2268518,0.10,-3.93,192.27
2268607,0.11,-3.93,192.27
2268696,0.11,-3.93,192.27
2268784,0.11,-3.94,192.27
2268873,0.11,-3.94,192.27
2268962,0.11,-3.93,192.27
2269050,0.11,-3.93,192.27
2269139,0.10,-3.93,192.27
2269228,0.10,-3.93,192.27
2269316,0.11,-3.93,192.27
2269405,0.10,-3.93,192.27
2269494,0.10,-3.93,192.27
2269582,0.10,-3.93,192.27
2269671,0.10,-3.93,192.27
2269760,0.10,-3.93,192.27
2269848,0.10,-3.93,192.27
2269937,0.11,-3.93,192.27
2270026,0.11,-3.93,192.27
2270114,0.10,-3.93,192.27
2270203,0.11,-3.93,192.27
2270292,0.11,-3.93,192.27
2270381,0.11,-3.94,192.27
2270469,0.10,-3.93,192.27
2270647,0.10,-3.93,192.27
2270824,0.10,-3.93,192.27
2271001,0.11,-3.93,192.27
2271179,0.10,-3.93,192.27
2271356,0.10,-3.94,192.27
2271533,0.10,-3.94,192.27
2271711,0.11,-3.94,192.27
2271888,0.11,-3.93,192.27
2272065,0.10,-3.93,192.27
2272243,0.11,-3.93,192.27
2272420,0.10,-3.93,192.27
2272597,0.10,-3.93,192.27
2272775,0.10,-3.93,192.27
2272952,0.10,-3.94,192.27
2273129,0.10,-3.93,192.27
2273307,0.10,-3.94,192.27
2273484,0.10,-3.93,192.27
2273661,0.11,-3.94,192.27
2273839,0.11,-3.93,192.28
2274016,0.10,-3.94,192.27
2274194,0.11,-3.93,192.28
2274371,0.10,-3.94,192.28
2274548,0.10,-3.94,192.28
2274726,0.10,-3.94,192.28
2274903,0.10,-3.94,192.28
2275080,0.10,-3.94,192.28
2275169,0.10,-3.94,192.28
2275258,0.10,-3.94,192.28
2275346,0.10,-3.94,192.27
2275435,0.10,-3.94,192.27
2275524,0.10,-3.94,192.28
2275612,0.10,-3.94,192.28
2275790,0.10,-3.94,192.28
2275878,0.11,-3.94,192.28
2275967,0.11,-3.94,192.28
2276144,0.10,-3.94,192.28
2276322,0.10,-3.94,192.28
2276499,0.10,-3.94,192.28
2276677,0.10,-3.94,192.28
2276854,0.10,-3.94,192.28
2277031,0.10,-3.94,192.28
2277209,0.10,-3.94,192.28
2277297,0.10,-3.94,192.28
2277386,0.10,-3.94,192.28
2277475,0.10,-3.95,192.28
2277563,0.11,-3.94,192.28
2277652,0.11,-3.95,192.28
2277741,0.10,-3.94,192.28
2277829,0.10,-3.94,192.28
2277918,0.10,-3.94,192.28
2278007,0.10,-3.94,192.28
2278095,0.10,-3.94,192.28
2278184,0.10,-3.94,192.28
2278273,0.10,-3.94,192.28
2278361,0.10,-3.94,192.28
2278450,0.10,-3.94,192.28
2278539,0.11,-3.95,192.28
2278627,0.10,-3.95,192.28
2278716,0.11,-3.94,192.28
2278805,0.11,-3.94,192.28
2278893,0.10,-3.94,192.28
2278982,0.10,-3.94,192.28
2279071,0.10,-3.94,192.28
2279160,0.11,-3.94,192.28
2279248,0.11,-3.94,192.28
2279337,0.10,-3.95,192.28
2279426,0.11,-3.94,192.28
2279514,0.11,-3.94,192.28
2279603,0.11,-3.94,192.28
2279692,0.11,-3.94,192.28
2279780,0.11,-3.94,192.28
2279869,0.11,-3.94,192.28
2279958,0.10,-3.94,192.28
2280046,0.10,-3.94,192.28
2280135,0.10,-3.94,192.28
2280224,0.11,-3.94,192.28
2280312,0.11,-3.95,192.28
2280401,0.11,-3.94,192.28
2280490,0.10,-3.95,192.28
2280578,0.10,-3.94,192.28
2280667,0.10,-3.94,192.28
2280756,0.10,-3.94,192.28
2280844,0.10,-3.94,192.28
2280933,0.11,-3.94,192.28
2281022,0.11,-3.94,192.27
2281110,0.11,-3.94,192.28
2281199,0.11,-3.94,192.28
2281288,0.11,-3.95,192.28
2281377,0.11,-3.95,192.28
2281465,0.11,-3.95,192.28
2281554,0.11,-3.94,192.28
2281643,0.10,-3.94,192.28
2281731,0.10,-3.95,192.28
2281820,0.11,-3.95,192.28
2281909,0.11,-3.94,192.28
2281997,0.11,-3.94,192.28
2282086,0.10,-3.94,192.28
2282175,0.10,-3.94,192.29
2282352,0.11,-3.94,192.28
2282529,0.10,-3.94,192.29
2282707,0.11,-3.94,192.28
2282884,0.11,-3.94,192.28
2283061,0.11,-3.94,192.28
2283239,0.10,-3.93,192.28
2283416,0.11,-3.94,192.28
2283594,0.11,-3.94,192.28
2283771,0.11,-3.94,192.28
2283948,0.10,-3.94,192.28
2284126,0.10,-3.94,192.28
2284303,0.10,-3.94,192.28
2284480,0.11,-3.94,192.28
2284658,0.10,-3.94,192.28
2284835,0.10,-3.93,192.28
2285012,0.10,-3.94,192.28
2285190,0.10,-3.94,192.28
2285367,0.10,-3.93,192.28
2285544,0.11,-3.94,192.28
2285722,0.10,-3.94,192.28
2285899,0.11,-3.94,192.27
2286077,0.11,-3.94,192.28
2286254,0.10,-3.94,192.28
2286431,0.10,-3.94,192.28
2286609,0.11,-3.93,192.27
2286786,0.10,-3.93,192.28
2286963,0.10,-3.94,192.28
2287052,0.11,-3.94,192.28
2287141,0.11,-3.94,192.28
2287229,0.10,-3.94,192.28
2287318,0.10,-3.94,192.27
2287407,0.10,-3.94,192.28
2287495,0.10,-3.93,192.27
2287584,0.11,-3.93,192.28
2287673,0.10,-3.94,192.28
2287762,0.10,-3.94,192.28
2287850,0.10,-3.94,192.27
2287939,0.11,-3.94,192.28
2288028,0.10,-3.94,192.28
2288205,0.10,-3.94,192.28
2288382,0.10,-3.94,192.28
2288560,0.10,-3.93,192.28
2288737,0.11,-3.93,192.28
2288914,0.11,-3.94,192.28
2289092,0.11,-3.94,192.27
2289269,0.10,-3.93,192.27
2289446,0.10,-3.94,192.28
2289624,0.10,-3.94,192.28
2289801,0.09,-3.94,192.28
2289979,0.10,-3.94,192.28
2290067,0.10,-3.94,192.28
2290156,0.10,-3.94,192.27
2290245,0.10,-3.93,192.27
2290333,0.10,-3.94,192.27
2290422,0.10,-3.94,192.27
2290511,0.10,-3.94,192.28
2290599,0.10,-3.94,192.27
2290688,0.09,-3.94,192.28
2290777,0.10,-3.94,192.28
2290865,0.10,-3.94,192.28
2290954,0.10,-3.94,192.27
2291043,0.10,-3.94,192.28
2291131,0.10,-3.94,192.28
2291220,0.10,-3.94,192.27
2291309,0.10,-3.94,192.28
2291397,0.10,-3.94,192.27
2291486,0.10,-3.94,192.27
2291575,0.10,-3.94,192.28
2291663,0.10,-3.94,192.27
2291752,0.10,-3.94,192.27
2291841,0.10,-3.94,192.28
2291930,0.10,-3.94,192.28
2292018,0.10,-3.94,192.28
2292107,0.10,-3.93,192.28
2292196,0.10,-3.94,192.28
2292284,0.10,-3.94,192.28
2292373,0.10,-3.94,192.27
2292462,0.11,-3.94,192.28
2292550,0.10,-3.94,192.28
2292639,0.10,-3.94,192.28
2292728,0.10,-3.94,192.28
2292816,0.10,-3.94,192.28
2292905,0.10,-3.94,192.28
2292994,0.11,-3.94,192.28
2293082,0.10,-3.94,192.28
2293171,0.10,-3.94,192.28
2293260,0.10,-3.94,192.28
2293348,0.10,-3.94,192.28
2293437,0.11,-3.94,192.28
2293526,0.10,-3.94,192.28
2293614,0.10,-3.94,192.28
2293703,0.10,-3.94,192.28
2293792,0.11,-3.94,192.28
2293881,0.11,-3.94,192.27
2294058,0.11,-3.94,192.28
2294235,0.11,-3.94,192.27
2294413,0.10,-3.94,192.28
2294590,0.10,-3.94,192.28
2294767,0.10,-3.94,192.28
2294945,0.10,-3.94,192.28
2295122,0.11,-3.94,192.28
2295299,0.11,-3.94,192.28
2295477,0.11,-3.94,192.28
2295654,0.11,-3.94,192.27
2295831,0.10,-3.94,192.28
2296009,0.10,-3.94,192.28
2296186,0.10,-3.94,192.28
2296364,0.10,-3.94,192.28
2296541,0.11,-3.94,192.28
2296630,0.10,-3.94,192.28
2296718,0.10,-3.94,192.28
2296807,0.10,-3.94,192.27
2296895,0.09,-3.94,192.28
2296984,0.10,-3.94,192.28
2297073,0.11,-3.94,192.28
2297161,0.10,-3.94,192.28
2297250,0.11,-3.94,192.28
2297339,0.11,-3.94,192.28
2297427,0.10,-3.94,192.28
2297516,0.11,-3.94,192.28
2297605,0.10,-3.94,192.28
2297693,0.10,-3.94,192.27
2297782,0.11,-3.94,192.27
2297871,0.11,-3.94,192.28
2297959,0.11,-3.94,192.28
2298048,0.11,-3.94,192.27
2298137,0.10,-3.94,192.28
2298225,0.10,-3.94,192.28
2298314,0.11,-3.94,192.28
2298403,0.10,-3.95,192.28
2298492,0.11,-3.94,192.28
2298580,0.10,-3.94,192.28
2298669,0.11,-3.93,192.28
2298758,0.11,-3.94,192.28
2298846,0.10,-3.94,192.28
2298935,0.10,-3.94,192.28
2299024,0.10,-3.94,192.28
2299112,0.10,-3.94,192.28
2299201,0.10,-3.94,192.28
2299290,0.10,-3.94,192.28
2299378,0.10,-3.94,192.27
2299467,0.11,-3.94,192.28
2299556,0.11,-3.93,192.28
2299644,0.11,-3.94,192.28
2299733,0.10,-3.94,192.28
2299910,0.10,-3.93,192.28
2300088,0.10,-3.94,192.27
2300265,0.10,-3.93,192.27
2300442,0.10,-3.94,192.27
2300620,0.10,-3.94,192.28
2300797,0.10,-3.94,192.28
2300975,0.10,-3.93,192.27
2301152,0.10,-3.93,192.28
2301329,0.11,-3.93,192.27
2301507,0.11,-3.93,192.28
2301684,0.09,-3.93,192.28
2301861,0.10,-3.93,192.27
2302039,0.11,-3.93,192.27
2302216,0.10,-3.93,192.27
2302393,0.10,-3.93,192.27
2302571,0.10,-3.93,192.27
2302748,0.10,-3.93,192.27
2302926,0.11,-3.93,192.27
2303103,0.11,-3.94,192.27
2303280,0.10,-3.93,192.28
2303458,0.10,-3.93,192.27
2303635,0.10,-3.93,192.27
2303812,0.10,-3.93,192.27
2303990,0.10,-3.93,192.27
2304167,0.10,-3.93,192.26
2304345,0.10,-3.92,192.26
2304522,0.09,-3.93,192.26
2304699,0.10,-3.92,192.26
2304788,0.09,-3.93,192.27
2304877,0.10,-3.92,192.26
2304965,0.10,-3.92,192.27
2305143,0.11,-3.93,192.26
2305320,0.10,-3.91,192.27
2305497,0.11,-3.93,192.27
2305675,0.11,-3.91,192.26
2305852,0.11,-3.93,192.27
2306029,0.10,-3.92,192.26
2306207,0.10,-3.93,192.26
2306650,0.10,-246.40,192.26
2306739,0.11,-246.40,192.26
2306828,0.10,-246.40,192.26
2306916,0.11,-246.40,192.26
2307005,0.11,-246.40,192.26
2307094,0.10,-246.40,192.26
2307182,0.10,-246.40,192.26
2307271,0.10,-246.40,192.26
2307360,0.10,-246.40,192.26
2307448,0.10,-246.40,192.26
2307537,0.10,-246.40,192.26
2307626,0.10,-246.40,192.26
2307714,0.10,-246.40,192.27
2307803,0.10,-246.40,192.26
2307892,0.11,-246.40,192.26
2308424,0.11,-3.93,192.27
2308513,0.10,-3.93,192.27
2308601,0.10,-3.92,192.27
2308690,0.10,-3.93,192.27
2308779,0.10,-3.93,192.27
2308867,0.10,-3.93,192.27
2308956,0.11,-3.93,192.27
2309045,0.10,-3.92,192.27
2309133,0.10,-3.92,192.27
2309222,0.11,-3.92,192.26
2309311,0.11,-3.93,192.26
2309399,0.10,-3.93,192.27
2309488,0.10,-3.92,192.26
2309577,0.10,-3.93,192.27
2309665,0.10,-3.93,192.27
2309754,0.11,-3.92,192.27
2309843,0.10,-3.93,192.27
2309931,0.10,-3.93,192.27
2310020,0.11,-3.93,192.27
2310109,0.11,-3.93,192.26
2310198,0.10,-3.93,192.27
2310375,0.10,-3.92,192.27
2310552,0.10,-3.93,192.27
2310730,0.11,-3.93,192.27
2310907,0.11,-3.92,192.27
2311084,0.10,-3.93,192.27
2311262,0.10,-3.92,192.27
2311439,0.11,-3.93,192.27
2311616,0.10,-3.92,192.27
2311794,0.11,-3.93,192.27
2311971,0.10,-3.92,192.27
2312149,0.10,-3.93,192.27
2312326,0.10,-3.93,192.27
2312503,0.11,-3.92,192.27
2312681,0.11,-3.92,192.27
2312858,0.10,-3.92,192.27
2313035,0.10,-3.92,192.27
2313213,0.10,-3.92,192.27
2313390,0.10,-3.92,192.26
2313567,0.10,-3.92,192.26
2313745,0.10,-3.92,192.26
2313922,0.10,-3.92,192.26
2314011,0.10,-3.92,192.27
2314100,0.10,-3.92,192.26
2314188,0.10,-3.92,192.27
2314277,0.11,-3.91,192.26
2314366,0.10,-3.92,192.26
2314454,0.10,-3.91,192.26
2314543,0.11,-3.91,192.27
2314632,0.11,-3.92,192.26
2314720,0.11,-3.92,192.26
2314809,0.11,-3.91,192.26
2314898,0.10,-3.93,192.26
2314986,0.11,-3.92,192.26
2315075,0.10,-3.91,192.26
2315164,0.11,-3.92,192.26
2315252,0.10,-3.93,192.26
2315341,0.11,-3.91,192.27
2315430,0.11,-3.92,192.26
2315519,0.10,-3.92,192.26
2315607,0.10,-3.91,192.26
2315696,0.10,-3.92,192.26
2315784,0.11,-3.91,192.27
2315873,0.10,-3.92,192.25
2315962,0.11,-3.91,192.26
2316051,0.11,-3.92,192.25
2316228,0.10,-3.91,192.26
2316405,0.10,-3.91,192.26
2316583,0.09,-3.92,192.26
2316760,0.12,-3.92,192.25
2316937,0.10,-3.92,192.26
2317115,0.11,-3.92,192.26
2317292,0.11,-3.92,192.26
2317469,0.11,-3.92,192.26
2317647,0.10,-3.92,192.26
2317824,0.10,-3.92,192.26
2318002,0.11,-3.91,192.26
2318179,0.10,-3.92,192.26
2318356,0.10,-3.92,192.26
2318534,0.10,-3.92,192.26
2318711,0.10,-3.92,192.25
2318888,0.10,-3.91,192.26
2319066,0.10,-3.92,192.26
2319243,0.10,-3.91,192.26
2319420,0.11,-3.92,192.26
2319509,0.11,-3.92,192.26
2319598,0.11,-3.92,192.26
2319686,0.11,-3.92,192.26
2319775,0.10,-3.92,192.26
2319864,0.11,-3.92,192.26
2319952,0.11,-3.92,192.26
2320041,0.11,-3.92,192.26
2320130,0.10,-3.92,192.26
2320218,0.10,-3.92,192.26
2320307,0.10,-3.92,192.26
2320396,0.10,-3.92,192.26
2320484,0.10,-3.92,192.26
2320573,0.10,-3.92,192.26
2320662,0.11,-3.92,192.26
2320750,0.10,-3.93,192.26
2320839,0.11,-3.92,192.26
2320928,0.10,-3.92,192.26
2321017,0.11,-3.92,192.26
2321105,0.10,-3.93,192.26
2321194,0.10,-3.92,192.26
2321283,0.10,-3.92,192.26
2321371,0.10,-3.92,192.26
2321460,0.10,-3.92,192.26
2321549,0.10,-3.92,192.27
2321637,0.10,-3.92,192.26
2321726,0.11,-3.92,192.26
2321815,0.11,-3.92,192.27
2321903,0.10,-3.92,192.27
2322081,0.10,-3.92,192.27
2322258,0.10,-3.92,192.26
2322435,0.10,-3.92,192.26
2322613,0.10,-3.92,192.26
2322790,0.11,-3.92,192.26
2322968,0.10,-3.94,192.29
2323145,0.13,-3.93,192.25
2323322,0.10,-3.93,192.26
2323500,0.10,-3.92,192.26
2323588,0.10,-3.92,192.27
2323677,0.10,-3.93,192.26
2323766,0.09,-3.93,192.26
2323854,0.10,-3.92,192.26
2323943,0.10,-3.92,192.26
2324032,0.10,-3.93,192.26
2324120,0.10,-3.93,192.27
2324209,0.10,-3.92,192.27
2324298,0.11,-3.92,192.27
2324386,0.10,-3.92,192.26
2324475,0.10,-3.93,192.27
2324564,0.10,-3.92,192.27
2324653,0.10,-3.93,192.26
2324741,0.10,-3.92,192.26
2324830,0.11,-3.93,192.27
2324919,0.10,-3.93,192.26
2325007,0.10,-3.93,192.27
2325096,0.10,-3.92,192.26
2325185,0.10,-3.93,192.27
2325273,0.10,-3.92,192.27
2325362,0.10,-3.93,192.27
2325451,0.10,-3.93,192.26
2325539,0.11,-3.93,192.27
2325628,0.11,-3.93,192.26
2325717,0.10,-3.93,192.27
2325805,0.11,-3.92,192.27
2325894,0.10,-3.93,192.27
2325983,0.10,-3.92,192.27
2326071,0.10,-3.93,192.27
2326160,0.10,-3.94,192.27
2326249,0.10,-3.93,192.27
2326337,0.11,-3.93,192.27
2326426,0.11,-3.93,192.27
2326515,0.11,-3.93,192.27
2326604,0.11,-3.93,192.27
2326692,0.11,-3.93,192.27
2326781,0.10,-3.93,192.27
2326870,0.10,-3.93,192.27
2326958,0.10,-3.93,192.27
2327047,0.10,-3.93,192.27
2327136,0.10,-3.93,192.27
2327224,0.10,-3.93,192.27
2327313,0.10,-3.94,192.26
2327402,0.10,-3.93,192.26
2327490,0.10,-3.94,192.27
2327579,0.11,-3.92,192.28
2327668,0.11,-3.93,192.27
2327756,0.10,-3.94,192.27
2327934,0.10,-3.93,192.27
2328111,0.10,-3.93,192.27
2328288,0.10,-3.93,192.27
2328466,0.11,-3.92,192.27
2328643,0.11,-3.94,192.27
2328821,0.10,-3.93,192.27
2328998,0.10,-3.93,192.27
2329175,0.10,-3.93,192.27
2329353,0.09,-3.93,192.27
2329530,0.11,-3.93,192.27
2329707,0.10,-3.93,192.27
2329885,0.10,-3.93,192.27
2330062,0.11,-3.93,192.27
2330239,0.11,-3.93,192.27
2330417,0.10,-3.93,192.27
2330594,0.10,-3.93,192.27
2330772,0.11,-3.93,192.27
2330949,0.10,-3.93,192.27
2331126,0.11,-3.93,192.27
2331304,0.11,-3.93,192.27
2331481,0.10,-3.93,192.27
2331658,0.10,-3.93,192.27
2331836,0.11,-3.93,192.27
2332013,0.11,-3.93,192.27
2332190,0.10,-3.92,192.27
2332368,0.11,-3.93,192.27
2332545,0.11,-3.93,192.27
2332723,0.10,-3.93,192.27
2332900,0.11,-3.93,192.27
2333077,0.10,-3.92,192.27
2333255,0.11,-3.93,192.27
2333343,0.11,-3.93,192.27
2333432,0.11,-3.93,192.27
2333521,0.11,-3.93,192.27
2333698,0.10,-3.93,192.27
2333875,0.11,-3.93,192.27
2334053,0.11,-3.94,192.28
2334230,0.11,-3.93,192.27
2334319,0.11,-3.93,192.28
2334408,0.11,-3.93,192.28
2334496,0.10,-3.94,192.28
2334585,0.10,-3.93,192.27
2334674,0.10,-3.93,192.27
2334762,0.10,-3.93,192.28
2334851,0.11,-3.94,192.28
2334940,0.10,-3.93,192.28
2335028,0.11,-3.94,192.28
2335117,0.11,-3.93,192.28
2335206,0.11,-3.93,192.27
2335294,0.10,-3.93,192.27
2335383,0.10,-3.94,192.27
2335472,0.09,-3.93,192.27
2335560,0.10,-3.94,192.28
2335649,0.10,-3.93,192.28
2335738,0.10,-3.94,192.28
2335826,0.10,-3.93,192.28
2335915,0.11,-3.93,192.28
2336004,0.11,-3.93,192.28
2336093,0.10,-3.93,192.28
2336181,0.10,-3.93,192.27
2336270,0.10,-3.94,192.28
2336359,0.10,-3.93,192.28
2336447,0.11,-3.93,192.28
2336536,0.11,-3.93,192.28
2336625,0.11,-3.94,192.28
2336713,0.11,-3.93,192.28
2336802,0.11,-3.94,192.28
2336891,0.10,-3.94,192.28
2336979,0.10,-3.93,192.28
2337068,0.10,-3.94,192.28
2337157,0.10,-3.94,192.27
2337245,0.11,-3.93,192.28
2337334,0.11,-3.93,192.28
2337423,0.10,-3.93,192.28
2337511,0.10,-3.93,192.28
2337600,0.11,-3.93,192.28
2337689,0.10,-3.93,192.28
2337777,0.10,-3.93,192.28
2337866,0.10,-3.93,192.28
2337955,0.10,-3.93,192.28
2338044,0.11,-3.93,192.28
2338132,0.11,-3.93,192.28
2338221,0.11,-3.93,192.28
2338310,0.10,-3.93,192.28
2338398,0.11,-3.93,192.28
2338487,0.10,-3.93,192.28
2338576,0.10,-3.93,192.28
2338664,0.11,-3.93,192.28
2338753,0.11,-3.93,192.28
2338842,0.11,-3.93,192.28
2338930,0.10,-3.93,192.28
2339019,0.10,-3.93,192.28
2339108,0.11,-3.93,192.28
2339196,0.11,-3.93,192.28
2339285,0.11,-3.93,192.28
2339374,0.11,-3.93,192.28
2339462,0.10,-3.93,192.27
2339640,0.10,-3.93,192.28
2339817,0.11,-3.93,192.28
2339995,0.10,-3.94,192.27
2340172,0.10,-3.93,192.28
2340349,0.10,-3.93,192.28
2340527,0.10,-3.93,192.28
2340704,0.11,-3.93,192.28
2340881,0.10,-3.93,192.28
2341059,0.10,-3.93,192.28
2341236,0.11,-3.93,192.28
2341413,0.11,-3.93,192.28
2341591,0.10,-3.93,192.27
2341768,0.10,-3.94,192.28
2341946,0.10,-3.93,192.28
2342123,0.11,-3.94,192.28
2342300,0.10,-3.93,192.28
2342478,0.11,-3.94,192.28
2342655,0.11,-3.93,192.28
2342832,0.10,-3.94,192.28
2342921,0.10,-3.94,192.27
2343010,0.10,-3.93,192.28
2343098,0.11,-3.93,192.28
2343187,0.11,-3.93,192.28
2343276,0.10,-3.93,192.28
2343365,0.10,-3.93,192.28
2343453,0.11,-3.93,192.28
2343542,0.11,-3.93,192.28
2343631,0.11,-3.93,192.28
2343719,0.10,-3.93,192.28
2343808,0.10,-3.93,192.28
2343897,0.10,-3.93,192.27
2343985,0.11,-3.93,192.28
2344074,0.11,-3.93,192.28
2344163,0.11,-3.93,192.27
2344251,0.10,-3.93,192.28
2344340,0.10,-3.93,192.28
2344429,0.10,-3.93,192.28
2344517,0.10,-3.93,192.27
2344606,0.11,-3.92,192.28
2344695,0.11,-3.93,192.27
2344783,0.11,-3.93,192.28
2344872,0.11,-3.93,192.27
2344961,0.11,-3.93,192.27
2345050,0.11,-3.93,192.28
2345138,0.11,-3.93,192.27
2345227,0.10,-3.93,192.27
2345404,0.11,-3.93,192.28
2345582,0.10,-3.93,192.28
2345759,0.10,-3.93,192.28
2345936,0.10,-3.93,192.28
2346114,0.11,-3.93,192.27
2346291,0.10,-3.92,192.27
2346468,0.11,-3.93,192.28
2346646,0.11,-3.93,192.27
2346823,0.11,-3.93,192.27
2347001,0.10,-3.93,192.28
2347178,0.10,-3.93,192.28
2347355,0.11,-3.93,192.27
2347533,0.11,-3.93,192.27
2347710,0.11,-3.93,192.27
2347887,0.11,-3.93,192.28
2348065,0.11,-3.93,192.28
2348242,0.11,-3.93,192.27
2348420,0.11,-3.93,192.27
2348597,0.11,-3.93,192.27
2348774,0.10,-3.93,192.28
2348952,0.10,-3.93,192.28
2349129,0.11,-3.92,192.28
2349218,0.10,-3.93,192.28
2349306,0.10,-3.92,192.27
2349395,0.11,-3.92,192.27
2349484,0.11,-3.93,192.27
2349572,0.11,-3.93,192.28
2349661,0.10,-3.93,192.27
2349750,0.10,-3.93,192.27
2349838,0.10,-3.92,192.27
2349927,0.10,-3.93,192.27
2350016,0.11,-3.93,192.27
2350104,0.10,-3.93,192.27
2350193,0.11,-3.93,192.27
2350282,0.11,-3.92,192.27
2350370,0.11,-3.93,192.28
2350459,0.11,-3.93,192.27
2350548,0.11,-3.93,192.27
2350637,0.11,-3.92,192.27
2350725,0.11,-3.93,192.27
2350814,0.11,-3.92,192.27
2350903,0.10,-3.93,192.27
2350991,0.10,-3.92,192.27
2351080,0.10,-3.92,192.27
2351257,0.10,-3.93,192.28
2351435,0.11,-3.92,192.27
2351612,0.10,-3.92,192.27
2351789,0.10,-3.93,192.27
2351967,0.11,-3.92,192.27
2352144,0.10,-3.92,192.27
2352322,0.11,-3.92,192.27
2352410,0.11,-3.92,192.27
2352499,0.11,-3.92,192.27
2352588,0.11,-3.92,192.27
2352676,0.10,-3.92,192.27
2352765,0.10,-3.92,192.27
2352854,0.10,-3.92,192.27
2352942,0.10,-3.93,192.27
2353031,0.10,-3.92,192.27
2353120,0.11,-3.92,192.27
2353208,0.10,-3.92,192.27
2353297,0.11,-3.92,192.28
2353386,0.11,-3.92,192.27
2353474,0.11,-3.92,192.27
2353563,0.11,-3.92,192.27
2353652,0.10,-3.93,192.28
2353740,0.10,-3.92,192.27
2353829,0.10,-3.92,192.27
2353918,0.10,-3.92,192.27
2354007,0.10,-3.93,192.28
2354095,0.11,-3.92,192.27
2354184,0.11,-3.92,192.28
2354273,0.10,-3.92,192.28
2354361,0.10,-3.92,192.27
2354450,0.11,-3.92,192.28
2354539,0.11,-3.92,192.27
2354627,0.11,-3.93,192.27
2354716,0.10,-3.93,192.27
2354805,0.10,-3.92,192.28
2354893,0.10,-3.92,192.28
2354982,0.11,-3.93,192.27
2355071,0.11,-3.93,192.27
2355159,0.10,-3.93,192.28
2355248,0.11,-3.92,192.27
2355337,0.10,-3.93,192.28
2355425,0.11,-3.93,192.28
2355514,0.11,-3.93,192.28
2355603,0.10,-3.93,192.27
2355691,0.10,-3.93,192.28
2355780,0.10,-3.93,192.28
2355869,0.10,-3.92,192.28
2355958,0.10,-3.93,192.27
2356046,0.10,-3.93,192.28
2356135,0.10,-3.93,192.28
2356224,0.10,-3.93,192.28
2356312,0.10,-3.92,192.27
2356401,0.11,-3.93,192.27
2356490,0.10,-3.93,192.28
2356578,0.11,-3.93,192.28
2356667,0.11,-3.92,192.28
2356756,0.10,-3.92,192.28
2356844,0.10,-3.92,192.28
2356933,0.10,-944.41,192.28
2357110,0.10,-3.93,192.28
2357288,0.10,-3.92,192.27
2357465,0.10,-3.92,192.28
2357642,0.10,-3.92,192.27
2357820,0.11,-3.92,192.28
2357997,0.10,-3.92,192.28
2358175,0.10,-3.92,192.27
2358352,0.11,-3.92,192.27
2358529,0.11,-3.93,192.28
2358707,0.10,-3.92,192.27
2358884,0.10,-3.92,192.27
2359061,0.11,-3.92,192.27
2359239,0.10,-3.92,192.27
2359416,0.11,-3.93,192.27
2359593,0.11,-3.93,192.27
2359771,0.10,-3.92,192.27
2359948,0.10,-3.93,192.27
2360126,0.10,-3.92,192.27
2360303,0.10,-3.92,192.27
2360480,0.11,-3.93,192.27
2360658,0.10,-3.92,192.28
2360835,0.11,-3.92,192.28
2361012,0.11,-3.92,192.27
2361190,0.11,-3.92,192.28
2361367,0.10,-3.92,192.27
2361544,0.11,-3.93,192.28
2361722,0.10,-3.92,192.28
2361899,0.11,-3.92,192.27
2361988,0.11,-3.92,192.28
2362077,0.10,-3.92,192.28
2362165,0.10,-3.93,192.28
2362254,0.10,-3.93,192.28
2362343,0.11,-3.92,192.28
2362431,0.10,-3.92,192.27
2362520,0.10,-3.92,192.28
2362609,0.11,-3.92,192.28
2362697,0.11,-3.93,192.28
2362875,0.11,-3.92,192.28
2363052,0.11,-3.92,192.28
2363229,0.11,-3.93,192.28
2363407,0.10,-3.92,192.28
2363584,0.11,-3.93,192.28
2363762,0.10,-3.92,192.28
2363939,0.10,-3.92,192.27
2364027,-1384.81,-3.92,192.27
2364116,0.11,-3.92,192.27
2364205,0.10,-3.92,192.27
2364293,0.11,-3.93,192.27
2364382,0.11,-3.92,192.27
2364471,0.11,-3.92,192.28
2364559,0.11,-3.93,192.27
2364648,0.10,-3.93,192.28
2364737,0.11,-3.92,192.27
2364826,0.10,-3.92,192.27
2364914,0.10,-3.92,192.27
2365003,0.10,-3.92,192.28
2365092,0.10,-3.92,192.28
2365180,0.10,-3.93,192.28
2365269,0.10,-3.92,192.28
2365358,0.09,-3.92,192.28
2365446,0.10,-3.92,192.28
2365535,0.10,-3.92,192.28
2365624,0.10,-3.92,192.28
2365712,0.10,-3.92,192.28
2365801,0.10,-3.92,192.28
2365890,0.10,-3.92,192.28
2365978,0.10,-3.92,192.28
2366067,0.10,-3.92,192.28
2366156,0.10,-3.92,192.28
2366244,0.10,-3.92,192.28
2366333,0.10,-3.92,192.28
2366422,0.11,-3.92,192.28
2366510,0.11,-3.92,192.28
2366599,0.10,-3.92,192.28
2366688,0.10,-3.92,192.28
2366776,0.10,-3.92,192.28
2366865,0.10,-3.92,192.28
2366954,0.10,-3.92,192.27
2367042,0.10,-3.92,192.28
2367131,0.10,-3.92,192.28
2367220,0.10,-3.92,192.28
2367308,0.10,-3.92,192.28
2367397,0.11,-3.92,192.28
2367486,0.11,-3.92,192.28
2367575,0.11,-3.92,192.28
2367663,0.10,-3.92,192.28
2367752,0.10,-3.92,192.28
2367841,0.10,-3.92,192.28
2367929,0.10,-3.92,192.28
2368018,0.10,-3.92,192.28
2368107,0.10,-3.92,192.28
2368195,0.11,-3.92,192.28
2368284,0.10,-3.92,192.28
2368373,0.10,-3.92,192.28
2368461,0.11,-3.92,192.27
2368550,0.11,-3.92,192.28
2368727,0.11,-3.92,192.28
2368905,0.10,-3.92,192.28
2369082,0.10,-3.92,192.28
2369260,0.11,-3.92,192.28
2369437,0.11,-3.92,192.28
2369614,0.11,-3.92,192.28
2369792,0.11,-3.93,192.28
2369969,0.10,-3.92,192.28
2370146,0.11,-3.92,192.28
2370324,0.11,-3.92,192.28
2370501,0.10,-3.92,192.28
2370678,0.11,-3.92,192.28
2370856,0.10,-3.92,192.27
2371033,0.11,-3.92,192.28
2371211,0.11,-3.92,192.28
2371388,0.10,-3.92,192.28
2371565,0.11,-3.92,192.28
2371654,0.11,-3.92,192.28
2371743,0.11,-3.92,192.28
2371831,0.10,-3.92,192.28
2371920,0.10,-3.92,192.28
2372009,0.10,-3.92,192.28
2372097,0.10,-3.92,192.28
2372186,0.10,-3.92,192.28
2372275,0.10,-3.92,192.28
2372363,0.10,-3.92,192.28
2372452,0.11,-3.92,192.28
2372541,0.10,-3.92,192.28
2372630,0.10,-3.92,192.28
2372718,0.11,-3.92,192.28
2372807,0.11,-3.92,192.28
2372896,0.11,-3.92,192.28
2372984,0.10,-3.92,192.28
2373073,0.11,-3.92,192.28
2373162,0.10,-3.93,192.28
2373250,0.11,-3.92,192.28
2373339,0.11,-3.93,192.28
2373428,0.11,-3.92,192.28
2373516,0.10,-3.93,192.28
2373605,0.10,-3.92,192.28
2373694,0.10,-3.92,192.28
2373782,0.10,-3.93,192.28
2373871,0.10,-3.93,192.28
2373960,0.10,-3.93,192.28
2374048,0.10,-3.93,192.28
2374137,0.11,-3.93,192.28
2374226,0.11,-3.93,192.28
2374314,0.10,-3.93,192.28
2374403,0.10,-3.93,192.28
2374580,0.10,-3.93,192.28
2374758,0.11,-3.93,192.28
2374935,0.11,-3.92,192.28
2375113,0.11,-3.92,192.28
2375290,0.10,-3.93,192.28
2375467,0.10,-3.92,192.28
2375645,0.10,-3.93,192.28
2375822,0.10,-3.92,192.29
2375999,0.10,-3.92,192.28
2376177,0.11,-3.92,192.29
2376354,0.10,-3.92,192.28
2376531,0.10,-3.93,192.28
2376709,0.10,-3.93,192.28
2376886,0.10,-3.92,192.28
2377064,0.11,-3.93,192.28
2377241,0.10,-3.93,192.28
2377418,0.10,-3.93,192.28
2377596,0.10,-3.93,192.28
2377773,0.11,-3.93,192.28
2377950,0.10,-3.92,192.28
2378128,0.10,-3.93,192.28
2378305,0.10,-3.93,192.28
2378482,0.10,-3.93,192.28
2378660,0.10,-3.93,192.28
2378837,0.10,-3.93,192.28
2378926,0.10,-3.93,192.28
2379015,0.10,-3.93,192.28
2379103,0.10,-3.93,192.28
2379192,0.10,-3.93,192.28
2379281,0.10,-3.93,192.28
2379369,0.10,-3.93,192.28
2379458,0.11,-3.93,192.28
2379547,0.11,-3.92,192.28
2379635,0.10,-3.93,192.28
2379724,0.10,-3.93,192.28
2379901,0.10,-3.93,192.28
2379990,0.10,-3.93,192.28
2380168,0.10,-3.93,192.29
2380345,0.11,-3.93,192.29
2380522,0.10,-3.93,192.28
2380700,0.10,-3.92,192.28
2380877,0.10,-3.93,192.28
2381054,0.10,-3.93,192.28
2381232,0.10,-3.93,192.29
2381320,0.10,-3.93,192.29
2381409,0.11,-3.93,192.28
2381498,0.10,-3.93,192.28
2381586,0.11,-3.93,192.28
2381675,0.11,-3.93,192.28
2381764,0.10,-3.93,192.29
2381852,0.11,-3.93,192.29
2381941,0.11,-3.93,192.29
2382030,0.11,-3.93,192.29
2382118,0.11,-3.93,192.28
2382207,0.10,-3.93,192.28
2382296,0.10,-3.93,192.28
2382385,0.10,-3.93,192.29
2382473,0.10,-3.93,192.29
2382562,0.10,-3.93,192.28
2382651,0.11,-3.93,192.28
2382739,0.10,-3.93,192.29
2382828,0.11,-3.93,192.28
2382917,0.10,-3.94,192.28
2383005,0.10,-3.93,192.28
2383094,0.10,-3.93,192.28
2383183,0.10,-3.94,192.29
2383271,0.11,-3.94,192.29
2383360,0.11,-3.93,192.29
2383449,0.11,-3.93,192.28
2383537,0.11,-3.93,192.29
2383626,0.10,-3.93,192.28
2383715,0.11,-3.93,192.28
2383803,0.10,-3.93,192.28
2383892,0.10,-3.93,192.28
2383981,0.10,-3.93,192.28
2384070,0.11,-3.94,192.28
2384158,0.10,-3.94,192.29
2384247,0.10,-3.93,192.29
2384336,0.10,-3.94,192.28
2384424,0.11,-3.94,192.28
2384513,0.10,-3.94,192.28
2384602,0.11,-3.94,192.28
2384690,0.10,-3.94,192.28
2384779,0.10,-3.94,192.28
2384868,0.10,-3.93,192.28
2384956,0.10,-3.93,192.28
2385045,0.10,-3.94,192.29
2385134,0.10,-3.93,192.29
2385222,0.11,-3.94,192.29
2385311,0.11,-3.94,192.28
2385400,0.10,-3.93,192.29
2385488,0.10,-3.94,192.28
2385577,0.11,-3.94,192.28
2385666,0.11,-3.94,192.29
2385755,0.11,-3.93,192.28
2385843,0.10,-3.93,192.28
2385932,0.11,-3.93,192.29
2386021,0.11,-3.93,192.29
2386198,0.11,-3.93,192.29
2386375,0.11,-3.93,192.29
2386553,0.10,-3.93,192.28
2386730,0.11,-3.93,192.29
2386907,0.10,-3.93,192.29
2387085,0.10,-3.93,192.28
2387262,0.10,-3.93,192.29
2387440,0.10,-3.93,192.28
2387617,0.10,-3.93,192.28
2387794,0.10,-3.93,192.29
2387972,0.11,-3.93,192.29
2388149,0.11,-3.93,192.28
2388326,0.10,-3.94,192.28
2388504,0.11,-3.93,192.29
2388681,0.11,-3.93,192.28
2388858,0.11,-3.93,192.29
2389036,0.11,-3.93,192.29
2389213,0.10,-3.93,192.28
2389391,0.10,-3.93,192.29
2389568,0.11,-3.93,192.28
2389745,0.11,-3.93,192.28
2389923,0.11,-3.93,192.28
2390100,0.11,-3.93,192.28
2390277,0.10,-3.93,192.28
2390455,0.10,-3.93,192.28
2390632,0.10,-3.93,192.28
2390809,0.11,-3.93,192.28
2390898,0.11,-3.93,192.29
2390987,0.10,-3.93,192.28
2391076,0.10,-3.93,192.28
2391164,0.11,-3.93,192.28
2391253,0.11,-3.93,192.28
2391342,0.10,-3.93,192.28
2391430,0.10,-3.93,192.28
2391519,0.10,-3.93,192.29
2391608,0.10,-3.93,192.29
2391696,0.10,-3.93,192.28
2391785,0.10,-3.93,192.28
2391874,0.10,-3.93,192.28
2392051,0.10,-3.93,192.28
2392228,0.10,-3.93,192.28
2392406,0.10,-3.92,192.29
2392583,0.10,-3.92,192.28
2392760,0.12,-3.94,192.28
2392938,0.10,-3.94,192.28
2393115,0.11,-3.94,192.29
2393293,0.11,-3.94,192.29
2393470,0.10,-3.94,192.29
2393647,0.11,-3.94,192.29
2393736,0.10,-3.94,192.29
2393825,0.10,-3.94,192.30
2393913,0.10,-3.94,192.29
2394002,0.10,-3.94,192.29
2394091,0.10,-3.94,192.29
2394179,0.11,-3.95,192.29
2394268,0.11,-3.95,192.29
2394357,0.10,-3.95,192.29
2394445,0.10,-3.95,192.29
2394534,0.10,-3.95,192.29
2394623,0.10,-3.94,192.30
2394711,0.10,-3.94,192.29
2394800,0.10,-3.94,192.29
2394889,0.10,-3.94,192.29
2394977,0.10,-3.94,192.29
2395066,0.10,-3.94,192.29
2395155,0.10,-3.95,192.29
2395243,0.10,-3.95,192.29
2395332,0.11,-3.95,192.30
2395421,0.10,-3.94,192.29
2395510,0.10,-3.95,192.30
2395598,0.10,-3.95,192.29
2395687,0.11,-3.95,192.30
2395776,0.10,-3.94,192.29
2395864,0.11,-3.95,192.29
2395953,0.11,-3.94,192.29
2396042,0.11,-3.94,192.29
2396130,0.11,-3.94,192.29
2396219,0.10,-3.94,192.29
2396308,0.11,-3.94,192.29
2396396,0.11,-3.94,192.29
2396485,0.10,-3.94,192.29
2396574,0.10,-3.94,192.29
2396662,0.10,-3.94,192.29
2396751,0.10,-3.94,192.29
2396840,0.11,-3.94,192.29
2396928,0.11,-3.94,192.29
2397017,0.10,-3.94,192.29
2397106,0.10,-3.94,192.29
2397194,0.10,-3.94,192.29
2397283,0.10,-3.94,192.29
2397372,0.10,-3.94,192.29
2397460,0.10,-3.94,192.29
2397549,0.10,-3.94,192.29
2397638,0.10,-3.94,192.29
2397727,0.10,-3.94,192.29
2397904,0.10,-3.94,192.29
2398081,0.11,-3.94,192.29
2398259,0.11,-3.94,192.29
2398436,0.10,-3.94,192.29
2398613,0.11,-3.95,192.29
2398791,0.10,-3.94,192.29
2398968,0.10,-3.94,192.29
2399145,0.10,-3.94,192.29
2399323,0.10,-3.94,192.29
2399500,0.10,-3.94,192.29
2399678,0.11,-3.94,192.29
2399855,0.11,-3.94,192.29
2400032,0.10,-3.94,192.29
2400210,0.10,-3.94,192.29
2400387,0.11,-3.94,192.29
2400476,0.11,-3.94,192.29
2400564,0.11,-3.94,192.29
2400653,0.10,-3.94,192.29
2400742,0.10,-3.94,192.29
2400830,0.10,-3.94,192.29
2400919,0.11,-3.94,192.29
2401008,0.11,-3.95,192.29
2401096,0.11,-3.94,192.29
2401185,0.11,-3.94,192.29
2401274,0.11,-3.94,192.29
2401362,0.10,-3.94,192.29
2401451,0.10,-3.94,192.29
2401540,0.10,-3.95,192.29
2401628,0.11,-3.94,192.29
2401717,0.10,-3.94,192.29
2401806,0.11,-3.94,192.29
2401894,0.10,-3.94,192.29
2401983,0.10,-3.94,192.30
2402072,0.11,-3.94,192.29
2402161,0.10,-3.94,192.29
2402249,0.10,-3.94,192.29
2402338,0.11,-3.94,192.29
2402427,0.10,-3.94,192.29
2402515,0.10,-3.94,192.29
2402604,0.10,-3.94,192.29
2402693,0.10,-3.94,192.29
2402781,0.11,-3.94,192.29
2402870,0.10,-3.94,192.29
2402959,0.11,-3.94,192.29
2403047,0.10,-3.94,192.29
2403136,0.10,-3.94,192.29
2403225,0.10,-3.94,192.29
2403313,0.10,-3.94,192.29
2403402,0.10,-3.94,192.29
2403491,0.10,-3.94,192.29
2403668,0.11,-3.94,192.29
2403845,0.11,-3.94,192.29
2404023,0.11,-3.94,192.29
2404200,0.10,-3.94,192.29
2404378,0.11,-3.94,192.29
2404555,0.10,-3.94,192.29
2404732,0.11,-3.94,192.29
2404910,0.11,-3.94,192.29
2405087,0.10,-3.94,192.29
2405264,0.10,-3.94,192.29
2405442,0.10,-3.94,192.29
2405619,0.10,-3.94,192.29
2405796,0.11,-3.94,192.29
2405974,0.11,-3.94,192.29
2406151,0.11,-3.94,192.29
2406328,0.11,-3.94,192.29
2406506,0.11,-3.94,192.29
2406683,0.10,-3.94,192.29
2406861,0.10,-3.94,192.29
2407038,0.10,-3.94,192.29
2407215,0.10,-3.94,192.29
2407393,0.10,-3.94,192.30
2407570,0.10,-3.94,192.30
2407747,0.10,-3.94,192.29
2407925,0.10,-3.94,192.29
2408102,0.10,-3.94,192.30
2408280,0.10,-3.94,192.29
2408368,0.10,-3.94,192.29
2408457,0.10,-3.94,192.29
2408546,0.10,-3.94,192.29
2408634,0.10,-3.94,192.29
2408812,0.10,-3.94,192.30
2408989,0.11,-3.94,192.30
2409166,0.11,-3.94,192.30
2409344,0.11,-3.94,192.29
2409521,0.11,-3.94,192.30
2409698,0.11,-3.94,192.30
2409876,0.10,-3.94,192.30
2410053,0.11,-3.94,192.30
2410142,0.10,-3.94,192.30
2410231,0.10,-3.94,192.29
2410319,0.10,-3.94,192.30
2410408,0.11,-3.94,192.30
2410497,0.10,-3.94,192.30
2410585,0.10,-3.94,192.30
2410674,0.11,-3.94,192.30
2410763,0.11,-3.94,192.30
2410851,0.11,-3.94,192.30
2410940,0.10,-3.94,192.30
2411029,0.10,-3.94,192.30
2411117,0.10,-3.94,192.30
2411206,0.10,-3.94,192.30
2411295,0.11,-3.94,192.30
2411383,0.10,-3.94,192.30
2411472,0.10,-3.94,192.30
2411561,0.10,-3.94,192.30
2411649,0.11,-3.94,192.30
2411738,0.11,-3.94,192.30
2411827,0.10,-3.94,192.30
2411915,0.11,-3.94,192.30
2412004,0.10,-3.94,192.30
2412093,0.10,-3.94,192.30
2412182,0.10,-3.94,192.30
2412270,0.11,-3.94,192.30
2412359,0.11,-3.94,192.30
2412448,0.10,-3.94,192.30
2412536,0.11,-3.94,192.31
2412625,0.10,-3.94,192.30
2412714,0.09,-3.94,192.30
2412802,0.11,-3.94,192.30
2412891,0.10,-3.95,192.29
2412980,0.10,-3.93,192.32
2413068,0.13,-3.93,192.30
2413157,0.10,-3.95,192.30
2413246,0.10,-3.95,192.30
2413334,0.10,-3.95,192.30
2413423,0.10,-3.94,192.30
2413512,0.10,-3.95,192.30
2413600,0.11,-3.95,192.30
2413689,0.11,-3.94,192.30
2413778,0.10,-3.95,192.29
2413866,0.11,-3.95,192.29
2413955,0.10,-3.95,192.29
2414044,0.10,-3.95,192.30
2414133,0.10,-3.95,192.30
2414221,0.10,-3.95,192.29
2414310,0.10,-3.95,192.30
2414399,0.10,-3.95,192.30
2414487,0.10,-3.95,192.30
2414576,0.10,-3.94,192.30
2414665,0.10,-3.95,192.30
2414753,0.10,-3.95,192.30
2414842,0.11,-3.95,192.30
2414931,0.10,-3.94,192.30
2415019,0.10,-3.95,192.30
2415108,0.11,-3.95,192.30
2415285,0.11,-3.95,192.30
2415463,0.10,-3.94,192.30
2415640,0.10,-3.94,192.30
2415817,0.11,-3.94,192.29
2415995,0.11,-3.94,192.30
2416172,0.10,-3.95,192.30
2416350,0.10,-3.94,192.30
2416527,0.11,-3.94,192.30
2416704,0.10,-3.95,192.30
2416882,0.11,-3.94,192.30
2417059,0.11,-3.94,192.30
2417236,0.11,-3.95,192.30
2417414,0.10,-3.94,192.30
2417591,0.10,-3.95,192.30
2417769,0.10,-3.95,192.30
2417946,0.11,-3.94,192.30
2418123,0.10,-3.95,192.30
2418301,0.10,-3.95,192.30
2418478,0.11,-3.95,192.30
2418655,0.10,-3.94,192.29
2418833,0.10,-3.93,192.29
2419010,0.11,-3.94,192.29
2419187,0.11,-3.94,192.29
2419365,0.10,-3.94,192.30
2419542,0.10,-3.93,192.26
2419720,0.10,-3.74,191.91
2419808,0.10,-2.84,191.75
2419897,0.10,-2.99,191.89
2419986,0.11,-3.36,192.00
2420074,0.10,-3.18,191.93
2420163,0.10,-2.97,191.88
2420252,0.10,-3.01,191.83
2420340,0.11,-3.16,191.92
2420429,0.11,-3.18,191.96
2420518,0.10,-3.17,191.92
2420606,0.10,-3.01,191.82
2420695,0.10,-2.97,191.84
2420784,0.10,-3.15,191.92
2420872,0.10,-3.24,191.96
2421050,0.10,-3.07,191.87
2421227,0.10,-3.19,191.96
2421405,0.10,-3.14,191.91
2421582,0.11,-3.14,191.93
2421759,0.11,-3.17,191.93
2421937,0.11,-3.12,191.91
2422114,0.10,-3.20,191.95
2422291,0.10,-3.11,191.90
2422469,0.10,-3.19,191.94
2422646,0.10,-3.14,191.91
2422823,0.11,-3.16,191.93
2423001,0.10,-3.17,191.92
2423089,0.11,-3.13,191.91
2423178,0.11,-3.16,191.94
2423267,0.10,-3.21,191.95
2423356,0.10,-3.21,191.96
2423444,0.10,-3.19,191.95
2423533,0.11,-3.19,191.95
2423622,0.11,-3.21,191.97
2423710,0.11,-3.23,191.97
2423799,0.10,-3.21,191.95
2423888,0.10,-3.17,191.92
2423976,0.10,-3.16,191.93
2424065,0.10,-3.18,191.94
2424154,0.10,-3.19,191.93
2424242,0.11,-3.17,191.92
2424331,0.11,-3.15,191.92
2424420,0.11,-3.17,191.93
2424508,0.11,-3.18,191.93
2424597,0.10,-3.18,191.93
2424686,0.11,-3.16,191.92
2424774,0.11,-3.16,191.93
2424863,0.10,-3.17,191.93
2424952,0.11,-3.18,191.93
2425040,0.10,-3.17,191.92
2425129,0.10,-3.16,191.92
2425218,0.11,-3.17,191.93
2425306,0.10,-3.18,191.93
2425395,0.10,-3.18,191.93
2425484,0.11,-3.17,191.92
2425572,0.10,-3.17,191.92
2425661,0.10,-3.17,191.93
2425750,0.11,-3.18,191.92
2425838,0.11,-3.17,191.92
2425927,0.10,-3.17,191.92
2426016,0.10,-3.18,191.93
2426104,0.10,-3.18,191.93
2426193,0.10,-3.18,191.93
2426282,0.10,-3.18,191.93
2426370,0.11,-3.17,191.93
2426459,0.11,-3.18,191.93
2426548,0.10,-3.18,191.93
2426636,0.10,-3.18,191.92
2426725,0.10,-3.17,191.93
2426814,0.10,-3.18,191.93
2426991,0.10,-3.18,191.93
2427168,0.11,-3.18,191.93
2427346,0.11,-3.18,191.93
2427523,0.10,-3.18,191.93
2427700,0.10,-3.18,191.93
2427878,0.10,-3.18,191.93
2428055,0.10,-3.18,191.92
2428233,0.10,-3.18,191.93
2428410,0.10,-3.18,191.93
2428587,0.10,-3.18,191.92
2428765,0.10,-3.18,191.93
2428942,0.10,-3.18,191.93
2429119,0.11,-3.18,191.93
2429297,0.10,-3.18,191.93
2429385,0.10,-3.18,191.93
2429474,0.11,-3.18,191.92
2429563,0.11,-3.18,191.93
2429651,0.10,-3.19,191.93
2429740,0.10,-3.18,191.93
2429829,0.10,-3.18,191.93
2429917,0.10,-3.18,191.93
2430006,0.10,-3.18,191.93
2430095,0.11,-3.18,191.93
2430183,0.10,-3.18,191.93
2430272,0.10,-3.18,191.93
2430361,0.10,-3.18,191.92
2430449,0.10,-3.19,191.93
2430538,0.11,-3.18,191.93
2430627,0.10,-3.18,191.93
2430715,0.10,-3.18,191.93
2430804,0.10,-3.18,191.93
2430893,0.10,-3.18,191.93
2430981,0.11,-3.18,191.93
2431070,0.11,-3.18,191.93
2431159,0.11,-3.18,191.93
2431248,0.10,-3.18,191.93
2431336,0.10,-3.19,191.93
2431425,0.10,-3.19,191.93
2431514,0.10,-3.18,191.93
2431602,0.11,-3.19,191.93
2431691,0.11,-3.19,191.93
2431780,0.11,-3.18,191.93
2431868,0.11,-3.19,191.93
2431957,0.11,-3.19,191.93
2432046,0.11,-3.19,191.93
2432134,0.11,-3.19,191.93
2432223,0.11,-3.19,191.93
2432312,0.10,-3.19,191.93
2432400,0.10,-3.19,191.93
2432489,0.10,-3.18,191.93
2432578,0.10,-3.19,191.93
2432755,0.10,-3.19,191.93
2432932,0.11,-3.19,191.93
2433110,0.11,-3.19,191.93
2433287,0.11,-3.19,191.93
2433465,0.10,-3.19,191.93
2433642,0.10,-3.19,191.93
2433819,0.10,-3.19,191.93
2433997,0.10,-3.19,191.93
2434174,0.10,-3.19,191.93
2434351,0.10,-3.19,191.93
2434529,0.11,-3.19,191.93
2434706,0.11,-3.19,191.93
2434883,0.11,-3.19,191.93
2435061,0.10,-3.19,191.93
2435238,0.10,-3.19,191.93
2435416,0.10,-3.19,191.93
2435593,0.10,-3.19,191.93
2435770,0.10,-3.19,191.93
2435948,0.10,-3.19,191.93
2436125,0.10,-3.19,191.93
2436302,0.10,-3.19,191.93
2436480,0.11,-3.19,191.93
2436657,0.11,-3.19,191.93
2436834,0.11,-3.19,191.93
2437012,0.11,-3.19,191.93
2437189,0.10,-3.19,191.93
2437366,0.11,-3.19,191.93
2437544,0.10,-3.19,191.93
2437721,0.11,-3.19,191.93
2437810,0.10,-3.19,191.93
2437987,0.10,-3.19,191.93
2438165,0.10,-3.19,191.93
2438342,0.11,-3.19,191.93
2438519,0.10,-3.19,191.93
2438697,0.10,-3.19,191.93
2438874,0.10,-3.19,191.93
2439051,0.10,-3.19,191.93
2439140,0.10,-3.19,191.93
2439229,0.10,-3.19,191.93
2439317,0.10,-3.19,191.93
2439406,0.10,-3.19,191.93
2439495,0.11,-3.19,191.93
2439583,0.11,-3.19,191.93
2439672,0.11,-3.19,191.93
2439761,0.11,-3.19,191.93
2439850,0.11,-3.19,191.93
2439938,0.10,-3.19,191.93
2440027,0.10,-3.19,191.93
2440116,0.10,-3.19,191.93
2440204,0.10,-3.19,191.93
2440293,0.10,-3.19,191.93
2440382,0.10,-3.19,191.93
2440470,0.10,-3.19,191.93
2440559,0.10,-3.19,191.93
2440648,0.10,-3.20,191.93
2440736,0.11,-3.19,191.93
2440825,0.10,-3.19,191.93
2440914,0.11,-3.19,191.93
2441002,0.10,-3.19,191.93
2441091,0.10,-3.19,191.93
2441180,0.10,-3.19,191.93
2441268,0.10,-3.19,191.93
2441357,0.10,-3.19,191.93
2441446,0.10,-3.19,191.93
2441534,0.10,-3.19,191.93
2441623,0.10,-3.19,191.93
2441712,0.10,-3.19,191.93
2441800,0.10,-3.19,191.93
2441889,0.10,-3.19,191.93
2441978,0.10,-3.19,191.93
2442067,0.10,-3.19,191.93
2442155,0.10,-3.19,191.92
2442244,0.10,-3.19,191.93
2442333,0.10,-3.19,191.93
2442421,0.10,-3.19,191.93
2442510,0.10,-3.19,191.93
2442599,0.10,-3.19,191.93
2442687,0.10,-3.19,191.93
2442776,0.11,-3.19,191.93
2442865,0.10,-3.19,191.93
2442953,0.10,-3.19,191.93
2443042,0.10,-3.19,191.93
2443131,0.10,-3.19,191.93
2443219,0.10,-3.19,191.93
2443308,0.10,-3.19,191.93
2443397,0.10,-3.19,191.93
2443485,0.11,-3.19,191.93
2443574,0.10,-3.19,191.93
2443663,0.10,-3.19,191.93
2443751,0.10,-3.19,191.93
2443840,0.10,-3.20,191.92
2443929,0.10,-3.20,191.93
2444017,0.10,-3.20,191.93
2444106,0.10,-3.20,191.93
2444195,0.10,-3.20,191.93
2444283,0.10,-3.19,191.93
2444461,0.10,-3.19,191.93
2444638,0.10,-3.19,191.93
2444815,0.10,-3.19,191.93
2444993,0.11,-3.19,191.93
2445170,0.10,-3.19,191.93
2445347,0.11,-3.19,191.93
2445525,0.10,-3.20,191.94
2445702,0.11,-3.20,191.93
2445879,0.10,-3.19,191.93
2446057,0.11,-3.19,191.94
2446234,0.10,-3.19,191.93
2446411,0.10,-3.20,191.93
2446589,0.11,-3.20,191.93
2446766,0.11,-3.19,191.93
2446944,0.11,-3.20,191.93
2447121,0.11,-3.20,191.93
2447298,0.11,-3.20,191.93
2447476,0.10,-3.20,191.93
2447653,0.10,-3.20,191.93
2447830,0.10,-3.19,191.93
2448008,0.11,-3.20,191.93
2448185,0.10,-3.19,191.93
2448362,0.10,-3.20,191.93
2448540,0.11,-3.19,191.93
2448717,0.10,-3.20,191.93
2448806,0.11,-3.19,191.93
2448895,0.10,-3.19,191.93
2448983,0.11,-3.19,191.93
2449072,0.10,-3.20,191.93
2449161,0.09,-3.20,191.93
2449249,0.10,-3.19,191.93
2449338,0.11,-3.19,191.93
2449427,0.11,-3.19,191.93
2449515,0.11,-3.19,191.93
2449604,0.11,-3.20,191.93
2449693,0.10,-3.20,191.93
2449781,0.11,-3.19,191.93
2449870,0.11,-3.19,191.93
2449959,0.10,-3.20,191.93
2450047,0.10,-3.19,191.93
2450225,0.11,-3.19,191.93
2450402,0.10,-3.19,191.93
2450579,0.10,-3.19,191.93
2450757,0.10,-3.19,191.93
2450934,0.10,-3.20,191.93
2451112,0.10,-3.19,191.93
2451289,0.11,-3.19,191.93
2451466,0.11,-3.20,191.93
2451644,0.11,-3.19,191.93
2451821,0.10,-3.19,191.93
2451998,0.10,-3.20,191.93
2452176,0.11,-3.19,191.93
2452264,0.11,-3.19,191.93
2452353,0.10,-3.19,191.93
2452442,0.10,-3.19,191.93
2452530,0.10,-3.19,191.93
2452619,0.10,-3.19,191.93
2452708,0.10,-3.19,191.93
2452797,0.11,-3.20,191.93
2452885,0.11,-3.19,191.93
2452974,0.11,-3.20,191.93
2453063,0.10,-3.20,191.93
2453151,0.10,-3.20,191.93
2453240,0.10,-3.20,191.93
2453329,0.10,-3.20,191.93
2453417,0.10,-3.20,191.93
2453506,0.11,-3.20,191.93
2453595,0.11,-3.20,191.93
2453683,0.11,-3.20,191.93
2453772,0.11,-3.20,191.93
2453861,0.10,-3.20,191.93
2453949,0.10,-3.20,191.93
2454038,0.11,-3.19,191.93
2454127,0.11,-3.20,191.93
2454215,0.10,-3.20,191.93
2454304,0.10,-3.20,191.93
2454393,0.10,-3.20,191.93
2454481,0.11,-3.20,191.93
2454570,0.11,-3.20,191.93
2454659,0.10,-3.20,191.93
2454748,0.09,-3.20,191.93
2454836,0.10,-3.20,191.93
2454925,0.10,-3.20,191.93
2455014,0.10,-3.20,191.93
2455102,0.10,-3.20,191.93
2455191,0.10,-3.20,191.93
2455280,0.10,-3.19,191.93
2455368,0.10,-3.20,191.93
2455457,0.10,-3.20,191.93
2455546,0.11,-3.20,191.93
2455634,0.10,-3.20,191.93
2455723,0.10,-3.20,191.93
2455812,0.10,-3.20,191.93
2455900,0.10,-3.20,191.93
2456078,0.10,-3.20,191.93
2456255,0.11,-3.20,191.93
2456432,0.11,-3.20,191.93
2456610,0.10,-3.20,191.93
2456787,0.11,-3.20,191.93
2456965,0.11,-3.20,191.93
2457142,0.10,-3.20,191.93
2457319,0.10,-3.20,191.93
2457497,0.11,-3.20,191.93
2457674,0.10,-3.21,191.93
2457851,0.11,-3.20,191.93
2458029,0.10,-3.20,191.93
2458206,0.11,-3.20,191.93
2458383,0.11,-3.20,191.93
2458472,0.11,-3.21,191.93
2458561,0.10,-3.21,191.93
2458649,0.10,-3.21,191.93
2458738,0.10,-3.20,191.93
2458827,0.11,-3.20,191.93
2458916,0.10,-3.20,191.93
2459004,0.10,-3.20,191.93
2459093,0.10,-3.20,191.93
2459182,0.10,-3.21,191.93
2459270,0.10,-3.21,191.93
2459359,0.10,-3.21,191.93
2459448,0.10,-3.21,191.93
2459536,0.10,-3.21,191.93
2459625,0.10,-3.21,191.93
2459714,0.11,-3.20,191.93
2459802,0.10,-3.21,191.93
2459891,0.10,-3.21,191.93
2459980,0.11,-3.20,191.93
2460068,0.11,-3.21,191.93
2460157,0.11,-3.21,191.93
2460246,0.10,-3.21,191.93
2460334,0.10,-3.21,191.93
2460423,0.10,-3.21,191.93
2460512,0.11,-3.20,191.93
2460600,0.10,-3.21,191.93
2460689,0.11,-3.21,191.93
2460778,0.11,-3.21,191.93
2460866,0.11,-3.21,191.93
2460955,0.10,-3.21,191.93
2461044,0.10,-3.20,191.93
2461132,0.10,-3.20,191.93
2461221,0.11,-3.20,191.93
2461310,0.10,-3.21,191.93
2461398,0.11,-3.20,191.93
2461487,0.10,-3.20,191.93
2461576,0.11,-3.20,191.93
2461665,0.10,-3.21,191.93
2461753,0.10,-3.20,191.93
2461931,0.10,-3.20,191.93
2462108,0.10,-3.20,191.93
2462285,0.10,-3.20,191.93
2462463,0.11,-3.20,191.93
2462640,0.10,-3.20,191.93
2462817,0.10,-3.20,191.93
2462995,0.11,-3.21,191.93
2463172,0.10,-3.21,191.93
2463349,0.11,-3.21,191.93
2463527,0.11,-3.20,191.93
2463704,0.10,-3.21,191.93
2463882,0.09,-3.21,191.93
2464059,0.10,-3.21,191.93
2464236,0.11,-3.21,191.93
2464414,0.10,-3.21,191.93
2464591,0.11,-3.21,191.93
2464768,0.10,-3.20,191.93
2464946,0.10,-3.20,191.93
2465123,0.10,-3.20,191.93
2465301,0.11,-3.21,191.93
2465478,0.11,-3.20,191.93
2465655,0.11,-3.21,191.94
2465833,0.10,-3.20,191.93
2466010,0.10,-3.20,191.93
2466187,0.11,-3.21,191.93
2466365,0.11,-3.20,191.93
2466542,0.10,-3.20,191.93
2466719,0.10,-3.21,191.93
2466897,0.11,-3.20,191.93
2467074,0.10,-3.20,191.93
2467252,0.09,-3.20,191.93
2467429,0.10,-3.20,191.93
2467606,0.10,-3.20,191.93
2467784,0.10,-3.20,191.93
2467961,0.11,-3.20,191.93
2468138,0.10,-3.20,191.93
2468227,0.11,-3.20,191.93
2468316,0.10,-3.20,191.93
2468404,0.10,-3.20,191.93
2468493,0.11,-3.20,191.93
2468582,0.10,-3.20,191.93
2468670,0.10,-3.20,191.93
2468759,0.10,-3.20,191.93
2468848,0.10,-3.20,191.93
2468936,0.11,-3.20,191.93
2469025,0.11,-3.20,191.93
2469114,0.10,-3.20,191.93
2469203,0.10,-3.20,191.93
2469291,0.11,-3.20,191.93
2469380,0.10,-3.20,191.93
2469469,0.10,-3.20,191.93
2469557,0.09,-3.20,191.93
2469646,0.10,-3.20,191.93
2469735,0.10,-3.20,191.93
2469823,0.11,-3.20,191.93
2469912,0.11,-3.20,191.93
2470001,0.10,-3.20,191.93
2470089,0.10,-3.21,191.93
2470178,0.11,-3.20,191.93
2470267,0.11,-3.20,191.93
2470355,0.11,-3.20,191.93
2470444,0.11,-3.20,191.93
2470533,0.11,-3.20,191.93
2470622,0.11,-3.21,191.93
2470710,0.10,-3.20,191.93
2470799,0.10,-3.20,191.93
2470887,0.10,-3.20,191.93
2470976,0.10,-3.20,191.93
2471065,0.10,-3.20,191.93
2471154,0.10,-3.20,191.93
2471242,0.11,-3.20,191.93
2471331,0.10,-3.20,191.93
2471420,0.10,-3.20,191.93
2471508,0.10,-3.20,191.93
2471597,0.10,-3.21,191.93
2471686,0.11,-3.21,191.93
2471774,0.11,-3.20,191.93
2471863,0.10,-3.20,191.93
2471952,0.10,-3.20,191.93
2472040,0.10,-3.20,191.93
2472129,0.10,-3.21,191.93
2472218,0.11,-3.20,191.93
2472306,0.10,-3.21,191.93
2472395,0.09,-3.21,191.93
2472484,0.10,-3.20,191.93
2472572,0.10,-3.20,191.93
2472661,0.09,-3.20,191.93
2472750,0.10,-3.20,191.93
2472839,0.10,-3.20,191.93
2472927,0.11,-3.20,191.93
2473016,0.10,-3.21,191.93
2473105,0.10,-3.21,191.93
2473193,0.10,-3.21,191.93
2473282,0.11,-3.21,191.93
2473371,0.10,-3.20,191.93
2473548,0.11,-3.20,191.93
2473725,0.11,-3.20,191.93
2473903,0.11,-3.20,191.93
2474080,0.10,-3.20,191.93
2474257,0.10,-3.20,191.92
2474435,0.10,-3.20,191.93
2474612,0.10,-3.20,191.93
2474790,0.11,-3.20,191.93
2474967,0.11,-3.20,191.93
2475144,0.10,-3.20,191.93
2475322,0.10,-3.20,191.93
2475499,0.10,-3.20,191.93
2475676,0.10,-3.20,191.93
2475854,0.10,-3.20,191.92
2476031,0.11,-3.20,191.93
2476208,0.10,-3.20,191.93
2476386,0.11,-3.21,191.93
2476563,0.10,-3.20,191.93
2476741,0.10,-3.20,191.93
2476918,0.10,-3.20,191.93
2477095,0.11,-3.20,191.93
2477273,0.10,-3.20,191.93
2477450,0.10,-3.20,191.93
2477627,0.10,-3.21,191.93
2477805,0.11,-3.20,191.93
2477893,0.11,-3.20,191.93
2477982,0.11,-3.21,191.93
2478071,0.10,-3.20,191.92
2478159,0.10,-3.21,191.93
2478248,0.11,-3.21,191.92
2478337,0.11,-3.21,191.93
2478425,0.10,-3.20,191.93
2478514,0.10,-3.20,191.93
2478603,0.10,-3.20,191.92
2478692,0.11,-3.21,191.93
2478780,0.11,-3.20,191.92
2478869,0.10,-3.21,191.93
2478958,0.10,-3.20,191.92
2479046,0.10,-3.21,191.93
2479135,0.10,-3.21,191.92
2479224,0.10,-3.21,191.92
2479401,0.10,-3.21,191.92
2479578,0.10,-3.21,191.92
2479756,0.09,-3.21,191.93
2479933,0.10,-3.21,191.92
2480110,0.10,-3.21,191.93
2480288,0.10,-3.21,191.93
2480465,0.10,-3.21,191.93
2480643,0.10,-3.21,191.93
2480820,0.11,-3.21,191.93
2480997,0.11,-3.21,191.93
2481175,0.11,-3.21,191.93
2481352,0.10,-3.21,191.93
2481529,0.10,-3.21,191.93
2481707,0.10,-3.21,191.93
2481796,0.10,-3.21,191.93
2481884,0.11,-3.21,191.93
2481973,0.11,-3.21,191.93
2482062,0.10,-3.21,191.93
2482150,0.10,-3.21,191.93
2482239,0.11,-3.21,191.93
2482328,0.10,-3.22,191.93
2482416,0.10,-3.21,191.93
2482505,0.10,-3.21,191.93
2482594,0.10,-3.21,191.93
2482682,0.10,-3.22,191.93
2482771,0.10,-3.22,191.93
2482860,0.10,-3.21,191.93
2482948,0.10,-3.22,191.94
2483037,0.10,-3.22,191.93
2483126,0.10,-3.22,191.93
2483214,0.10,-3.22,191.93
2483303,0.10,-3.21,191.93
2483392,0.10,-3.22,191.93
2483480,0.10,-3.22,191.93
2483569,0.10,-3.21,191.93
2483658,0.10,-3.22,191.93
2483746,0.10,-3.22,191.93
2483835,0.10,-3.22,191.93
2483924,0.10,-3.22,191.93
2484013,0.10,-3.21,191.93
2484101,0.10,-3.22,191.93
2484190,0.10,-3.21,191.93
2484279,0.10,-3.22,191.93
2484367,0.10,-3.21,191.93
2484456,0.11,-3.21,191.93
2484545,0.11,-3.22,191.94
2484633,0.11,-3.22,191.93
2484722,0.11,-3.22,191.93
2484811,0.11,-3.22,191.93
2484899,0.11,-3.22,191.93
2484988,0.10,-3.22,191.93
2485077,0.10,-3.22,191.94
2485254,0.10,-3.22,191.93
2485431,0.10,-3.22,191.93
2485609,0.10,-3.22,191.93
2485786,0.10,-3.22,191.93
2485964,0.10,-3.22,191.93
2486141,0.10,-3.22,191.93
2486318,0.11,-3.22,191.93
2486496,0.10,-3.22,191.93
2486673,0.10,-3.22,191.93
2486850,0.10,-3.22,191.93
2487028,0.11,-3.22,191.93
2487205,0.10,-3.22,191.93
2487382,0.11,-3.22,191.93
2487471,0.10,-3.22,191.93
2487560,0.10,-3.22,191.94
2487649,0.10,-3.22,191.94
2487737,0.10,-3.22,191.93
2487826,0.10,-3.22,191.93
2487914,0.10,-3.22,191.93
2488003,0.10,-3.22,191.94
2488092,0.10,-3.21,191.93
2488181,0.10,-3.22,191.94
2488269,0.09,-3.22,191.94
2488358,0.10,-3.22,191.94
2488447,0.10,-3.22,191.94
2488535,0.10,-3.22,191.93
2488624,0.10,-3.22,191.94
2488713,0.10,-3.23,191.94
2488801,0.10,-3.23,191.94
2488890,0.11,-3.22,191.94
2488979,0.10,-3.22,191.94
2489067,0.11,-3.22,191.93
2489156,0.11,-3.22,191.94
2489245,0.10,-3.22,191.94
2489333,0.10,-3.22,191.94
2489422,0.10,-3.23,191.94
2489511,0.10,-3.22,191.94
2489599,0.10,-3.22,191.93
2489688,0.10,-3.22,191.94
2489777,0.10,-3.22,191.94
2489865,0.10,-3.22,191.94
2489954,0.10,-3.22,191.94
2490043,0.10,-3.22,191.94
2490132,0.10,-3.22,191.94
2490220,0.10,-3.22,191.94
2490309,0.11,-3.22,191.94
2490398,0.11,-3.22,191.94
2490486,0.10,-3.22,191.94
2490575,0.10,-3.23,191.93
2490664,0.10,-3.22,191.94
2490752,0.11,-3.22,191.94
2490841,0.11,-3.23,191.94
2491018,0.11,-3.22,191.93
2491196,0.10,-3.22,191.94
2491373,0.10,-3.22,191.93
2491550,0.10,-3.22,191.93
2491728,0.10,-3.22,191.94
2491905,0.09,-3.22,191.93
2492083,0.10,-3.23,191.94
2492260,0.10,-3.22,191.93
2492437,0.10,-3.22,191.94
2492615,0.10,-3.22,191.93
2492792,0.11,-3.22,191.93
2492969,0.10,-3.22,191.93
2493147,0.10,-3.22,191.94
2493324,0.10,-3.22,191.94
2493501,0.10,-3.22,191.94
2493679,0.09,-3.22,191.94
2493856,0.10,-3.22,191.94
2494034,0.10,-3.22,191.94
2494211,0.11,-3.22,191.94
2494388,0.10,-3.22,191.94
2494566,0.09,-3.22,191.94
2494743,0.10,-3.22,191.94
2494920,0.10,-3.22,191.94
2495098,0.11,-3.22,191.94
2495275,0.10,-3.22,191.94
2495452,0.10,-3.22,191.94
2495630,0.10,-3.22,191.94
2495807,0.10,-3.22,191.94
2495985,0.10,-3.23,191.94
2496162,0.10,-3.23,191.94
2496339,0.11,-3.23,191.94
2496517,0.11,-3.23,191.94
2496694,0.11,-3.23,191.94
2496871,0.10,-3.23,191.94
2497049,0.11,-3.23,191.94
2497137,0.11,-3.23,191.94
2497226,0.10,-3.22,191.94
2497315,0.11,-3.22,191.94
2497403,0.10,-3.23,191.94
2497492,0.10,-3.23,191.93
2497581,0.10,-3.22,191.94
2497669,0.11,-3.23,191.94
2497758,0.10,-3.23,191.94
2497847,0.10,-3.22,191.94
2497936,0.10,-3.23,191.94
2498024,0.10,-3.22,191.95
2498113,0.10,-3.23,191.94
2498202,0.10,-3.23,191.94
2498290,0.10,-3.23,191.94
2498379,0.11,-3.23,191.94
2498467,0.11,-3.23,191.94
2498556,0.11,-3.23,191.94
2498645,0.11,-3.23,191.94
2498734,0.11,-3.23,191.94
2498822,0.11,-3.23,191.94
2498911,0.10,-3.23,191.94
2499000,0.10,-3.23,191.94
2499088,0.10,-3.23,191.94
2499177,0.10,-3.23,191.94
2499266,0.10,-3.23,191.94
2499354,0.10,-3.23,191.94
2499443,0.11,-3.23,191.94
2499532,0.10,-3.23,191.94
2499620,0.11,-3.23,191.94
2499709,0.10,-3.24,191.94
2499798,0.10,-3.23,191.94
2499886,0.11,-3.23,191.94
2499975,0.11,-3.23,191.94
2500064,0.11,-3.23,191.94
2500152,0.10,-3.23,191.94
2500241,0.10,-3.23,191.94
2500330,0.10,-3.23,191.94
2500418,0.10,-3.22,191.94
2500507,0.10,-3.23,191.94
2500596,0.11,-3.23,191.94
2500685,0.10,-3.23,191.94
2500773,0.10,-3.23,191.94
2500862,0.11,-3.23,191.94
2500951,0.10,-3.23,191.94
2501039,0.11,-3.23,191.94
2501128,0.10,-3.23,191.94
2501217,0.10,-3.23,191.94
2501305,0.10,-3.23,191.94
2501394,0.10,-3.23,191.94
2501483,0.10,-3.23,191.94
2501571,0.10,-3.23,191.94
2501660,0.10,-3.23,191.94
2501749,0.10,-3.23,191.94
2501837,0.10,-3.23,191.94
2501926,0.11,-3.23,191.94
2502015,0.10,-3.23,191.94
2502103,0.10,-3.23,191.94
2502192,0.10,-3.23,191.94
2502281,0.11,-3.23,191.94
2502369,0.11,-3.23,191.94
2502458,0.11,-3.23,191.94
2502547,0.10,-3.23,191.94
2502724,0.11,-3.23,191.95
2502902,0.10,-3.23,191.94
2503079,0.11,-3.23,191.94
2503256,0.11,-3.23,191.94
2503434,0.10,-3.22,191.94
2503611,0.11,-3.23,191.94
2503788,0.10,-3.22,191.94
2503966,0.09,-3.23,191.94
2504143,0.10,-3.22,191.94
2504321,0.10,-3.23,191.94
2504498,0.10,-3.23,191.94
2504675,0.10,-3.22,191.94
2504853,0.11,-3.23,191.94
2505030,0.11,-3.22,191.94
2505207,0.10,-3.22,191.94
2505385,0.10,-3.22,191.94
2505562,0.10,-3.22,191.94
2505740,0.11,-3.23,191.93
2505917,0.10,-3.22,191.94
2506094,0.10,-3.22,191.94
2506272,0.10,-3.23,191.94
2506449,0.10,-3.22,191.94
2506626,0.10,-3.22,191.94
2506715,0.10,-3.22,191.94
2506804,0.10,-3.22,191.94
2506892,0.10,-3.22,191.94
2506981,0.11,-3.22,191.94
2507070,0.10,-3.22,191.94
2507158,0.11,-3.22,191.94
2507247,0.11,-3.22,191.93
2507336,0.10,-3.22,191.94
2507424,0.11,-3.22,191.93
2507513,0.10,-3.22,191.94
2507602,0.10,-3.22,191.94
2507691,0.10,-3.23,191.94
2507779,0.11,-3.22,191.94
2507868,0.10,-3.22,191.94
2507957,0.10,-3.22,191.93
2508045,0.10,-3.22,191.94
2508134,0.10,-3.22,191.94
2508223,0.10,-3.22,191.94
2508311,0.10,-3.21,191.94
2508489,0.10,-3.22,191.94
2508666,0.11,-3.22,191.94
2508843,0.11,-3.22,191.94
2509021,0.10,-3.22,191.94
2509198,0.11,-3.22,191.94
2509375,0.11,-3.22,191.94
2509553,0.11,-3.22,191.94
2509730,0.10,-3.22,191.93
2509908,0.10,-3.22,191.94
2510085,0.11,-3.22,191.93
2510262,0.10,-3.22,191.94
2510440,0.11,-3.22,191.94
2510617,0.11,-3.22,191.93
2510794,0.11,-3.22,191.94
2510972,0.10,-3.22,191.94
2511060,0.10,-3.22,191.94
2511149,0.11,-3.22,191.94
2511238,0.10,-3.22,191.94
2511327,0.10,-3.21,191.94
2511415,0.10,-3.22,191.94
2511504,0.10,-3.22,191.93
2511593,0.10,-3.22,191.94
2511681,0.11,-3.22,191.94
2511770,0.10,-3.22,191.94
2511859,0.10,-3.22,191.93
2511947,0.10,-3.22,191.94
2512036,0.11,-3.22,191.93
2512125,0.10,-3.22,191.94
2512213,0.10,-3.22,191.94
2512302,0.10,-3.21,191.94
2512479,0.11,-3.21,191.94
2512568,0.10,-3.22,191.94
2512657,0.10,-3.21,191.93
2512745,0.10,-3.22,191.94
2512834,0.11,-3.21,191.94
2512923,0.10,-3.21,191.94
2513012,0.11,-3.22,191.94
2513100,0.10,-3.21,191.93
2513189,0.11,-3.21,191.94
2513278,0.11,-3.21,191.94
2513366,0.10,-3.21,191.94
2513455,0.10,-3.22,191.93
2513544,0.10,-3.22,191.94
2513632,0.10,-3.22,191.94
2513721,0.11,-3.21,191.94
2513810,0.11,-3.21,191.93
2513898,0.11,-3.21,191.94
2513987,0.11,-3.21,191.93
2514076,0.10,-3.22,191.94
2514164,0.11,-3.22,191.93
2514253,0.11,-3.21,191.93
2514431,0.10,-3.21,191.94
2514608,0.11,-3.21,191.93
2514785,0.11,-3.21,191.94
2514963,0.10,-3.22,191.94
2515140,0.11,-3.21,191.94
2515317,0.10,-3.22,191.94
2515495,0.11,-3.22,191.94
2515672,0.10,-3.21,191.94
2515849,0.10,-3.21,191.94
2516027,0.10,-3.21,191.93
2516204,0.10,-3.21,191.94
2516382,0.10,-3.22,191.94
2516470,0.10,-3.21,191.94
2516559,0.10,-3.21,191.94
2516648,0.10,-3.22,191.94
2516736,0.10,-3.21,191.94
2516825,0.10,-3.21,191.94
2516914,0.10,-3.22,191.94
2517002,0.10,-3.22,191.94
2517091,0.10,-3.22,191.94
2517180,0.10,-3.21,191.94
2517268,0.11,-3.21,191.94
2517357,0.11,-3.22,191.94
2517446,0.10,-3.22,191.94
2517534,0.10,-3.22,191.94
2517623,0.11,-3.22,191.94
2517712,0.11,-3.22,191.94
2517800,0.10,-3.22,191.94
2517889,0.10,-3.22,191.94
2517978,0.10,-3.21,191.94
2518067,0.10,-3.21,191.94
2518155,0.10,-3.22,191.94
2518244,0.10,-3.22,191.94
2518333,0.10,-3.22,191.94
2518421,0.10,-3.22,191.94
2518510,0.10,-3.22,191.94
2518599,0.10,-3.22,191.94
2518687,0.10,-3.22,191.94
2518776,0.10,-3.22,191.94
2518865,0.11,-3.22,191.94
2518953,0.11,-3.22,191.94
2519042,0.10,-3.22,191.94
2519131,0.09,-3.22,191.94
2519219,0.10,-3.22,191.94
2519308,0.10,-3.22,191.94
2519397,0.10,-3.22,191.94
2519485,0.10,-3.22,191.94
2519574,0.10,-3.22,191.94
2519663,0.11,-3.22,191.94
2519752,0.11,-3.22,191.94
2519840,0.10,-3.22,191.94
2519929,0.10,-3.22,191.94
2520018,0.10,-3.22,191.93
2520195,0.10,-3.22,191.94
2520372,0.11,-3.22,191.93
2520550,0.10,-3.22,191.94
2520727,0.10,-3.22,191.93
2520904,0.10,-3.22,191.94
2521082,0.10,-3.22,191.94
2521259,0.10,-3.22,191.94
2521436,0.10,-3.22,191.94
2521614,0.11,-3.22,191.94
2521791,0.10,-3.22,191.94
2521969,0.10,-3.22,191.94
2522146,0.10,-3.22,191.94
2522323,0.10,-3.22,191.94
2522501,0.11,-3.22,191.94
2522678,0.10,-3.22,191.94
2522855,0.11,-3.22,191.94
2523033,0.10,-3.22,191.94
2523210,0.11,-3.22,191.94
2523387,0.10,-3.22,191.94
2523565,0.11,-3.22,191.94
2523742,0.11,-3.22,191.94
2523920,0.10,-3.22,191.94
2524097,0.10,-3.21,191.94
2524274,0.11,-3.21,191.94
2524452,0.10,-3.22,191.94
2524629,0.11,-3.21,191.94
2524806,0.11,-3.22,191.94
2524984,0.10,-3.22,191.94
2525161,0.10,-3.22,191.94
2525339,0.11,-3.21,191.94
2525516,0.10,-3.22,191.94
2525693,0.10,-3.22,191.94
2525871,341.32,-3.22,191.94
2526048,0.10,-3.21,191.94
2526137,0.10,-3.22,191.94
2526225,0.10,-3.22,191.94
2526314,0.10,-3.22,191.94
2526403,0.10,-3.22,191.93
2526491,0.10,-3.22,191.93
2526580,0.11,-3.21,191.94
2526669,0.11,-3.21,191.94
2526757,0.10,-3.21,191.94
2526846,0.10,-3.22,191.93
2526935,0.10,-3.22,191.93
2527024,0.11,-3.21,191.94
2527112,0.10,-3.21,191.94
2527201,0.11,-3.21,191.93
2527290,0.11,-3.21,191.93
2527378,0.10,-3.22,191.94
2527467,0.10,-3.22,191.94
2527556,0.11,-3.22,191.94
2527644,0.11,-3.22,191.93
2527733,0.11,-3.22,191.93
2527822,0.10,-3.21,191.93
2527910,0.11,-3.21,191.93
2527999,0.10,-3.22,191.93
2528088,0.11,-3.21,191.94
2528176,0.11,-3.22,191.93
2528265,0.10,-3.22,191.93
2528354,0.10,-3.22,191.94
2528442,0.11,-3.21,191.94
2528531,0.11,-3.22,191.94
2528620,0.10,-3.21,191.94
2528709,0.10,-3.22,191.93
2528797,0.10,-3.22,191.94
2528886,0.10,-3.22,191.93
2528975,0.11,-3.22,191.93
2529063,0.11,-3.21,191.94
2529152,0.11,-3.22,191.94
2529241,0.10,-3.22,191.94
2529329,0.11,-3.22,191.94
2529418,0.11,-3.22,191.94
2529507,0.10,-3.22,191.93
2529595,0.10,-3.22,191.93
2529684,0.10,-3.22,191.93
2529773,0.11,-3.22,191.94
2529861,0.11,-3.21,191.94
2529950,0.10,-3.21,191.94
2530039,0.10,-3.22,191.94
2530127,0.10,-3.22,191.94
2530216,0.10,-3.22,191.94
2530305,0.11,-3.22,191.94
2530393,0.11,-3.22,191.94
2530482,0.10,-3.22,191.94
2530571,0.10,-3.22,191.93
2530660,0.10,-3.22,191.93
2530748,0.11,-3.22,191.94
2530837,0.11,-3.22,191.93
2530926,0.10,-3.22,191.94
2531014,0.10,-3.22,191.93
2531103,0.10,-3.22,191.94
2531192,0.10,-3.22,191.93
2531280,0.10,-3.22,191.94
2531369,0.10,-3.22,191.93
2531458,0.10,-3.22,191.93
2531546,0.11,-3.22,191.93
2531635,0.11,-3.22,191.94
2531724,0.10,-3.22,191.93
2531901,0.10,-3.22,191.94
2532078,0.11,-3.22,191.93
2532256,0.10,-3.22,191.93
2532433,0.10,-3.22,191.93
2532611,0.10,-3.22,191.93
2532788,0.10,-3.22,191.93
2532965,0.10,-3.22,191.93
2533143,0.11,-3.22,191.94
2533320,0.10,-3.23,191.93
2533497,0.11,-3.22,191.93
2533675,0.11,-3.22,191.93
2533852,0.10,-3.22,191.93
2534029,0.10,-3.22,191.94
2534207,0.11,-3.22,191.94
2534384,0.10,-3.22,191.94
2534562,0.10,-3.22,191.94
2534739,0.10,-3.22,191.94
2534916,0.11,-3.22,191.94
2535094,0.11,-3.22,191.94
2535271,0.11,-3.22,191.94
2535448,0.11,-3.22,191.93
2535626,0.10,-3.22,191.93
2535714,0.11,-3.22,191.94
2535803,0.10,-3.23,191.94
2535892,0.10,-3.22,191.94
2535980,0.10,-3.22,191.94
2536069,0.10,-3.22,191.94
2536158,0.10,-3.22,191.93
2536247,0.10,-3.22,191.94
2536335,0.11,-3.22,191.94
2536424,0.11,-3.22,191.94
2536513,0.11,-3.22,191.94
2536601,0.10,-3.22,191.93
2536690,0.10,-3.22,191.93
2536779,0.11,-3.21,191.94
2536867,0.11,-3.23,191.94
2536956,0.11,-3.22,191.94
2537045,0.10,-3.23,191.94
2537133,0.10,-3.22,191.94
2537222,0.10,-3.23,191.93
2537311,0.10,-3.23,191.93
2537399,0.11,-3.22,191.94
2537488,0.10,-3.23,191.93
2537665,0.11,-3.23,191.94
2537843,0.10,-3.22,191.93
2538020,0.11,-3.23,191.94
2538198,0.10,-3.23,191.94
2538375,0.10,-3.22,191.94
2538552,0.11,-3.23,191.94
2538730,0.10,-3.22,191.94
2538907,0.10,-3.23,191.94
2539084,0.09,-3.23,191.94
2539262,0.10,-3.23,191.94
2539439,0.10,-3.23,191.94
2539616,0.10,-3.23,191.94
2539794,0.10,-3.23,191.94
2539971,0.11,-3.23,191.94
2540148,0.10,-3.23,191.94
2540326,0.10,-3.23,191.94
2540503,0.10,-3.23,191.94
2540592,0.10,-3.23,191.94
2540680,0.10,-3.23,191.94
2540769,0.10,-3.23,191.94
2540858,0.10,-3.23,191.94
2540947,0.10,-3.24,191.94
2541035,0.11,-3.23,191.94
2541124,0.11,-3.23,191.94
2541213,0.10,-3.23,191.94
2541301,0.10,-3.23,191.95
2541390,0.10,-3.23,191.94
2541479,0.10,-3.23,191.94
2541567,0.10,-3.23,191.94
2541656,0.10,-3.23,191.94
2541745,0.10,-3.23,191.94
2541833,0.10,-3.23,191.94
2541922,0.09,-3.23,191.94
2542011,0.10,-3.24,191.94
2542099,0.11,-3.23,191.94
2542188,0.10,-3.24,191.94
2542277,0.10,-3.24,191.95
2542365,0.10,-3.24,191.95
2542454,0.10,-3.24,191.95
2542543,0.11,-3.23,191.94
2542632,0.11,-3.24,191.95
2542720,0.10,-3.24,191.95
2542809,0.10,-3.24,191.95
2542898,0.10,-3.24,191.95
2542986,0.10,-3.24,191.95
2543075,0.10,-3.24,191.94
2543164,0.10,-3.24,191.95
2543252,0.11,-3.24,191.95
2543341,0.11,-3.24,191.95
2543430,0.11,-3.24,191.95
2543607,0.11,-3.24,191.94
2543784,0.11,-3.24,191.95
2543962,0.10,-3.24,191.95
2544139,0.11,-3.24,191.94
2544317,0.10,-3.24,191.95
2544494,0.10,-3.24,191.95
2544671,0.11,-3.24,191.95
2544849,0.10,-3.24,191.95
2545026,0.10,-3.24,191.95
2545203,0.10,-3.24,191.95
2545381,0.10,-3.24,191.95
2545469,0.11,-3.25,191.95
2545558,0.10,-3.24,191.95
2545647,0.10,-3.25,191.95
2545735,0.10,-3.24,191.95
2545824,0.10,-3.24,191.95
2545913,0.10,-3.24,191.95
2546002,0.10,-3.24,191.96
2546090,0.10,-3.24,191.95
2546179,0.10,-3.24,191.95
2546268,0.10,-3.24,191.95
2546356,0.10,-3.25,191.95
2546445,0.10,-3.25,191.95
2546534,0.10,-3.24,191.95
2546622,0.09,-3.25,191.95
2546711,0.10,-3.25,191.95
2546800,0.11,-3.24,191.95
2546888,0.10,-3.24,191.95
2546977,0.10,-3.25,191.95
2547066,0.10,-3.25,191.95
2547154,0.11,-3.24,191.95
2547243,0.11,-3.25,191.95
2547332,0.10,-3.25,191.95
2547420,0.10,-3.24,191.95
2547509,0.10,-3.25,191.95
2547598,0.11,-3.24,191.95
2547686,0.11,-3.24,191.95
2547775,0.11,-3.25,191.95
2547864,0.09,-3.25,191.95
2547953,0.09,-3.25,191.95
2548041,0.09,-3.25,191.95
2548130,0.10,-3.25,191.95
2548219,0.10,-3.25,191.96
2548307,0.10,-3.24,191.95
2548396,0.10,-3.25,191.95
2548485,0.10,-3.24,191.95
2548573,0.11,-3.24,191.95
2548662,0.11,-3.24,191.95
2548751,0.11,-3.24,191.95
2548839,0.10,-3.25,191.95
2548928,0.10,-3.24,191.95
2549017,0.10,-3.25,191.95
2549105,0.10,-3.24,191.96
2549194,0.11,-3.24,191.95
2549371,0.10,-3.25,191.95
2549549,0.10,-3.25,191.95
2549726,0.10,-3.25,191.95
2549904,0.10,-3.25,191.95
2550081,0.10,-3.25,191.95
2550258,0.10,-3.25,191.95
2550436,0.10,-3.25,191.95
2550613,0.10,-3.25,191.95
2550790,0.10,-3.25,191.95
2550968,0.10,-3.25,191.95
2551145,0.10,-3.25,191.95
2551322,0.10,-3.25,191.95
2551500,0.11,-3.25,191.96
2551677,0.10,-3.25,191.95
2551855,0.10,-3.25,191.95
2552032,0.10,-3.25,191.95
2552209,0.10,-3.25,191.95
2552387,0.10,-3.25,191.95
2552564,0.10,-3.25,191.96
2552741,0.10,-3.25,191.95
2552919,0.11,-3.25,191.95
2553096,0.10,-3.25,191.96
2553274,0.10,-3.25,191.95
2553451,0.10,-3.25,191.96
2553628,0.10,-3.25,191.95
2553806,0.11,-3.25,191.95
2553983,0.10,-3.26,191.95
2554160,0.10,-3.26,191.95
2554338,0.10,-3.26,191.96
2554515,0.10,-3.26,191.96
2554692,0.11,-3.26,191.95
2554870,0.10,-3.26,191.96
2554959,0.11,-3.27,191.96
2555047,0.10,6.16,191.96
2555225,0.11,-3.26,191.96
2555491,0.11,-3.26,191.96
2555579,0.11,-3.26,191.96
2555668,0.11,-3.26,191.96
2555757,0.10,-3.26,191.96
2555845,0.10,-3.26,191.96
2555934,0.10,-3.26,191.96
2556023,0.10,-3.26,191.96
2556111,0.10,-3.27,191.96
2556200,0.10,-3.27,191.96
2556289,0.10,-3.27,191.96
2556377,0.10,-3.26,191.96
2556466,0.10,-3.27,191.96
2556555,0.10,-3.27,191.96
2556643,0.10,-3.27,191.96
2556732,0.10,-3.27,191.96
2556821,0.10,-3.27,191.96
2556910,0.10,-3.27,191.96
2556998,0.10,-3.27,191.96
2557087,0.11,-3.27,191.96
2557176,0.11,-3.27,191.96
2557264,0.10,-3.27,191.96
2557353,0.10,-3.27,191.96
2557442,0.10,-3.27,191.97
2557530,0.10,-3.27,191.97
2557619,0.10,-3.27,191.96
2557708,0.10,-3.26,191.97
2557796,0.10,-3.27,191.96
2557885,0.10,-3.26,191.97
2557974,0.09,-3.26,191.96
2558062,0.10,-3.26,191.97
2558151,0.10,-3.27,191.96
2558240,0.10,-3.27,191.97
2558328,0.10,-3.27,191.96
2558417,0.10,-3.27,191.96
2558506,0.11,-3.27,191.96
2558595,0.11,-3.27,191.96
2558683,0.10,-3.26,191.97
2558772,0.11,-3.27,191.96
2558861,0.11,-3.27,191.96
2558949,0.10,-3.27,191.96
2559038,0.11,-3.27,191.97
2559127,0.11,-3.27,191.97
2559215,0.10,-3.27,191.97
2559304,0.10,-3.27,191.96
2559393,0.11,-3.27,191.97
2559481,0.10,-3.27,191.96
2559570,0.10,-3.26,191.97
2559659,0.10,-3.27,191.96
2559747,0.10,-3.27,191.97
2559836,0.10,-3.27,191.97
2559925,0.10,-3.27,191.97
2560013,0.10,-3.27,191.97
2560102,0.10,-3.27,191.97
2560191,0.10,-3.28,191.97
2560279,0.11,-3.27,191.97
2560368,0.10,-3.27,191.97
2560457,0.10,-3.27,191.97
2560546,0.10,-3.27,191.96
2560634,0.11,-3.27,191.97
2560723,0.10,-3.27,191.97
2560812,0.10,-3.27,191.97
2560900,0.10,-3.27,191.97
2561078,0.11,-3.27,191.97
2561255,0.10,-3.27,191.97
2561432,0.10,-3.27,191.97
2561610,0.10,-3.27,191.96
2561787,0.10,-3.27,191.97
2561964,0.10,-3.27,191.97
2562142,0.11,-3.28,191.97
2562319,0.11,-3.27,191.97
2562497,0.11,-3.27,191.97
2562674,0.11,-3.27,191.97
2562851,0.10,-3.27,191.97
2563029,0.11,-3.28,191.97
2563206,0.11,-3.27,191.97
2563383,0.11,-3.27,191.97
2563561,0.11,-3.27,191.97
2563738,0.11,-3.28,191.97
2563915,0.10,-3.27,191.97
2564093,0.10,-3.27,191.97
2564270,0.10,-3.28,191.97
2564448,0.10,-3.28,191.97
2564625,0.10,-3.27,191.97
2564714,0.10,-3.27,191.97
2564802,0.11,-3.27,191.97
2564891,0.11,-3.28,191.97
2564980,0.11,-3.27,191.97
2565068,0.11,-3.27,191.97
2565157,0.11,-3.28,191.97
2565246,0.10,-3.27,191.97
2565334,0.10,-3.27,191.97
2565423,0.11,-3.28,191.97
2565512,0.10,-3.27,191.97
2565600,0.10,-3.28,191.97
2565689,0.10,-3.27,191.97
2565778,0.11,-3.28,191.97
2565866,0.10,-3.27,191.97
2565955,0.10,-3.27,191.97
2566044,0.10,-3.27,191.97
2566133,0.10,-3.27,191.97
2566221,0.11,-3.27,191.97
2566310,0.11,-3.27,191.97
2566399,0.11,-3.27,191.97
2566487,0.10,-3.27,191.97
2566576,0.10,-3.27,191.97
2566665,0.11,-3.27,191.97
2566753,0.11,-3.27,191.97
2566931,0.11,-3.27,191.97
2567108,0.10,-3.27,191.97
2567285,0.10,-3.27,191.97
2567463,0.11,-3.27,191.97
2567640,0.11,-3.27,191.97
2567818,0.11,-3.27,191.97
2567995,0.10,-3.27,191.97
2568172,0.10,-3.27,191.97
2568350,0.10,-3.27,191.96
2568527,0.10,-3.27,191.96
2568704,0.10,-3.27,191.97
2568882,0.10,-3.26,191.96
2569059,0.11,-3.27,191.96
2569236,0.10,-3.27,191.96
2569414,0.10,-3.27,191.97
2569591,0.10,-3.27,191.96
2569769,0.10,-3.27,191.96
2569946,0.10,-3.27,191.96
2570123,0.10,-3.27,191.96
2570212,0.11,-3.27,191.96
2570300,0.10,-3.27,191.96
2570389,0.10,-3.27,191.96
2570478,0.10,-3.27,191.96
2570566,0.10,-3.27,191.96
2570655,0.10,-3.27,191.96
2570744,0.10,-3.27,191.96
2570832,0.10,-3.27,191.96
2570921,0.10,-3.27,191.96
2571010,0.10,-3.27,191.96
2571098,0.10,-3.27,191.96
2571187,0.11,-3.27,191.97
2571276,0.11,-3.27,191.96
2571364,0.11,-3.27,191.96
2571453,0.11,-3.27,191.96
2571542,0.11,-3.26,191.96
2571631,0.10,-3.27,191.96
2571719,0.10,-3.27,191.97
2571808,0.10,-3.27,191.96
2571897,0.10,-3.27,191.97
2571985,0.10,-3.27,191.96
2572074,0.11,-3.27,191.97
2572163,0.10,-3.28,191.96
2572251,0.10,-3.27,191.97
2572340,0.10,-3.27,191.97
2572429,0.10,-3.27,191.97
2572517,0.10,-3.27,191.97
2572606,0.10,-3.27,191.96
2572783,0.10,-3.27,191.97
2572961,0.11,-3.27,191.97
2573138,0.10,-3.27,191.97
2573316,0.10,-3.27,191.97
2573493,0.10,-3.27,191.97
2573670,0.10,-3.27,191.97
2573848,0.10,-3.27,191.97
2574025,0.10,-3.27,191.97
2574202,0.10,-3.27,191.97
2574291,0.10,-3.27,191.97
2574380,0.10,-3.26,191.97
2574468,0.10,-3.27,191.97
2574557,0.10,-3.27,191.97
2574646,0.10,-3.27,191.97
2574734,0.10,-3.27,191.97
2574823,0.11,-3.27,191.97
2574912,0.11,-3.27,191.97
2575001,0.10,-3.27,191.97
2575089,0.10,-3.27,191.97
2575178,0.11,-3.26,191.97
2575267,0.10,-3.26,191.97
2575355,0.10,-3.27,191.96
2575444,0.10,-3.27,191.97
2575533,0.11,-3.27,191.96
2575621,0.11,-3.27,191.97
2575710,0.10,-3.27,191.97
2575799,0.10,-3.27,191.97
2575887,0.10,-3.27,191.96
2575976,0.10,-3.26,191.96
2576065,0.10,-3.26,191.96
2576153,0.10,-3.27,191.96
2576242,0.10,-3.27,191.96
2576331,0.11,-3.27,191.96
2576420,0.10,-3.26,191.96
2576508,0.11,-3.26,191.96
2576597,0.11,-3.27,191.96
2576686,0.11,-3.26,191.96
2576774,0.11,-3.27,191.96
2576863,0.10,-3.27,191.96
2576952,0.10,-3.27,191.97
2577040,0.11,-3.27,191.96
2577129,0.11,-3.27,191.96
2577218,0.11,-3.26,191.96
2577306,0.10,-3.27,191.96
2577395,0.10,-3.27,191.96
2577484,0.11,-3.27,191.96
2577572,0.10,-3.26,191.96
2577661,0.10,-3.26,191.96
2577750,0.10,-3.26,191.96
2577838,0.11,-3.26,191.95
2577927,0.10,-3.25,191.96
2578016,0.11,-3.26,191.96
2578105,0.10,-3.26,191.96
2578193,0.10,-3.26,191.96
2578282,0.10,-3.27,191.96
2578371,0.10,-3.26,191.96
2578459,0.10,-3.26,191.96
2578637,0.10,-3.26,191.96
2578814,0.10,-3.26,191.96
2578991,0.11,-3.27,191.96
2579169,0.11,-3.27,191.96
2579346,0.11,-3.27,191.96
2579523,0.10,-3.28,191.96
2579701,0.11,-3.27,191.96
2579878,0.09,-3.28,191.96
2580056,0.10,-3.28,191.96
2580233,0.10,-3.27,191.96
2580410,0.10,-3.28,191.96
2580588,0.10,-3.28,191.96
2580765,0.10,-3.28,191.96
2580942,0.10,-3.27,191.97
2581120,0.10,-3.27,191.96
2581297,0.11,-3.27,191.96
2581475,0.11,-3.28,191.96
2581652,0.11,-3.27,191.96
2581829,0.10,-3.28,191.96
2582007,0.10,-3.28,191.96
2582184,0.10,-3.27,191.96
2582361,0.10,-3.27,191.96
2582539,0.10,-3.27,191.96
2582716,0.10,-3.27,191.96
2582893,0.11,-3.27,191.96
2583071,0.11,-3.27,191.96
2583248,0.11,-3.27,191.96
2583426,0.11,-3.28,191.97
2583603,0.10,-3.28,191.96
2583780,0.10,-3.27,191.96
2583958,0.10,-3.27,191.96
2584046,0.10,-3.27,191.97
2584135,0.11,-3.28,191.96
2584224,0.11,-3.28,191.96
2584312,0.10,-3.28,191.97
2584490,0.10,-3.28,191.97
2584667,0.10,-3.27,191.97
2584845,0.10,-3.27,191.97
2585022,0.10,-3.27,191.97
2585111,0.10,-3.27,191.96
2585199,0.10,-3.28,191.97
2585288,0.10,-3.28,191.97
2585377,0.10,-3.27,191.97
2585465,0.10,-3.28,191.96
2585554,0.10,-3.28,191.97
2585643,0.10,-3.27,191.97
2585731,0.10,-3.28,191.97
2585820,0.10,-3.27,191.97
2585909,0.10,-3.27,191.96
2585997,0.10,-3.27,191.96
2586086,0.11,-3.27,191.96
2586175,0.11,-3.27,191.96
2586263,0.09,-3.27,191.96
2586352,0.10,-3.28,191.96
2586441,0.10,-3.27,191.97
2586529,0.10,-3.27,191.97
2586618,0.11,-3.27,191.97
2586707,0.11,-3.27,191.97
2586796,0.11,-3.28,191.96
2586884,0.10,-3.28,191.97
2586973,0.10,-3.28,191.97
2587062,0.10,-3.28,191.97
2587150,0.10,-3.28,191.97
2587239,0.10,-3.28,191.97
2587328,0.10,-3.28,191.96
2587416,0.10,-3.28,191.97
2587505,0.10,-3.28,191.97
2587594,0.09,-3.27,191.97
2587682,0.10,-3.28,191.97
2587771,0.10,-3.28,191.97
2587860,0.10,-3.28,191.97
2587948,0.10,-3.27,191.96
2588037,0.09,-3.27,191.96
2588126,0.10,-3.27,191.97
2588214,0.09,-3.28,191.96
2588303,0.10,-3.27,191.97
2588392,0.10,-3.27,191.97
2588481,0.10,-3.26,191.96
2588569,0.10,-3.28,191.96
2588658,0.10,-3.27,191.96
2588747,0.10,-3.27,191.96
2588835,0.10,-3.26,191.97
2588924,0.10,-3.27,191.96
2589013,0.11,-3.27,191.96
2589101,0.10,-3.27,191.96
2589190,0.10,-3.27,191.96
2589279,0.11,-3.27,191.96
2589367,0.10,-3.27,191.97
2589456,0.10,-3.27,191.97
2589545,0.10,-3.27,191.97
2589633,0.10,-3.27,191.96
2589722,0.10,-3.27,191.97
2589811,0.11,-3.27,191.96
2589899,0.10,-3.27,191.97
2589988,0.10,-3.27,191.96
2590077,0.10,-3.26,191.96
2590165,0.10,-3.27,191.96
2590343,0.11,-3.27,191.96
2590520,0.10,-3.27,191.96
2590698,0.11,-3.27,191.96
2590875,0.10,-3.27,191.96
2591052,0.11,-3.27,191.96
2591230,0.10,-3.27,191.96
2591407,0.10,-3.27,191.96
2591584,0.10,-3.27,191.96
2591762,0.10,-3.26,191.97
2591939,0.11,-3.26,191.96
2592116,0.10,-3.26,191.97
2592294,0.10,-3.26,191.97
2592471,0.10,-3.26,191.97
2592649,0.10,-3.27,191.96
2592826,0.10,-3.26,191.96
2593003,0.10,-3.26,191.96
2593181,0.10,-3.26,191.96
2593358,0.11,-3.26,191.96
2593535,0.10,-3.27,191.96
2593624,0.10,-3.26,191.96
2593713,0.10,-3.26,191.96
2593801,0.10,-3.26,191.96
2593890,0.11,-3.26,191.96
2593979,0.10,-3.26,191.96
2594068,0.10,-3.26,191.96
2594156,0.10,-3.27,191.96
2594245,0.10,-3.26,191.96
2594334,0.10,-3.26,191.96
2594422,0.09,-3.26,191.96
2594511,0.09,-3.26,191.96
2594600,0.10,-3.26,191.96
2594688,0.11,-3.26,191.96
2594777,0.10,-3.26,191.96
2594866,0.10,-3.26,191.96
2594954,0.10,-3.26,191.96
2595043,0.10,-3.26,191.96
2595132,0.10,-3.26,191.96
2595220,0.10,-3.26,191.96
2595309,0.10,-3.26,191.96
2595398,0.10,-3.26,191.96
2595486,0.10,-3.26,191.96
2595575,0.10,-3.26,191.96
2595664,0.11,-3.26,191.96
2595753,0.10,-3.26,191.96
2595841,0.10,-3.26,191.96
2595930,0.10,-3.26,191.96
2596019,0.10,-3.26,191.96
2596196,0.10,-3.26,191.96
2596373,0.11,-3.26,191.96
2596551,0.10,-3.27,191.96
2596728,0.10,-3.26,191.96
2596905,0.10,-3.26,191.96
2597083,0.10,-3.26,191.96
2597260,0.10,-3.26,191.96
2597438,0.11,-3.26,191.96
2597615,0.10,-3.26,191.96
2597792,0.10,-3.26,191.96
2597970,0.10,-3.26,191.96
2598147,0.11,-3.26,191.96
2598324,0.11,-3.26,191.96
2598502,0.10,-3.26,191.97
2598679,0.11,-3.26,191.96
2598856,0.10,-3.26,191.96
2599034,0.11,-3.26,191.96
2599211,0.10,-3.26,191.96
2599389,0.10,-3.26,191.96
2599566,0.10,-3.26,191.96
2599743,0.11,-3.26,191.96
2599921,0.11,-3.26,191.96
2600009,0.11,-3.26,191.96
2600098,0.11,-3.26,191.97
2600187,0.10,-3.26,191.97
2600275,0.10,-3.26,191.96
2600364,0.11,-3.26,191.97
2600453,0.11,-3.26,191.97
2600541,0.10,-3.26,191.97
2600630,0.11,-3.27,191.96
2600719,0.10,-3.27,191.97
2600807,0.10,-3.26,191.97
2600896,0.10,-3.26,191.96
2600985,0.11,-3.26,191.96
2601074,0.10,-3.26,191.96
2601162,0.10,-3.26,191.97
2601251,0.11,-3.26,191.97
2601340,0.10,-3.26,191.96
2601428,0.10,-3.27,191.97
2601517,0.10,-3.26,191.97
2601606,0.11,-3.26,191.96
2601694,0.10,-3.26,191.97
2601783,0.11,-3.26,191.97
2601960,0.11,-3.26,191.96
2602138,0.10,-3.26,191.97
2602315,0.10,-3.26,191.96
2602492,0.10,-3.26,191.97
2602670,0.11,-3.26,191.96
2602847,0.10,-3.26,191.96
2603025,0.11,-3.26,191.96
2603202,0.10,-3.26,191.96
2603291,0.10,-3.26,191.96
2603379,0.11,-3.26,191.96
2603468,0.10,-3.26,191.96
2603557,0.11,-3.26,191.96
2603645,0.10,-3.26,191.96
2603734,0.10,-3.26,191.96
2603823,0.10,-3.26,191.96
2603911,0.10,-3.26,191.97
2604000,0.10,-3.26,191.96
2604089,0.11,-3.26,191.96
2604177,0.10,-3.26,191.96
2604266,0.10,-3.26,191.96
2604355,0.10,-3.26,191.96
2604443,0.10,-3.26,191.96
2604532,0.10,-3.26,191.96
2604621,0.10,-3.26,191.96
2604709,0.10,-3.26,191.96
2604798,0.10,-3.26,191.96
2604887,0.10,-3.26,191.96
2604976,0.10,-3.26,191.96
2605064,0.10,-3.26,191.97
2605153,0.10,-3.26,191.96
2605242,0.10,-3.26,191.97
2605330,0.10,-3.26,191.97
2605419,0.10,-3.26,191.96
2605508,0.10,-3.26,191.96
2605596,0.10,-3.26,191.97
2605685,0.11,-3.26,191.96
2605774,0.10,-3.27,191.96
2605862,0.09,-3.27,191.96
2605951,0.10,-3.27,191.97
2606040,0.11,-3.27,191.96
2606128,0.11,-3.27,191.96
2606217,0.11,-3.26,191.96
2606306,0.11,-3.26,191.96
2606394,0.11,-3.26,191.97
2606483,0.10,-3.26,191.96
2606572,0.10,-3.26,191.96
2606661,0.10,-3.26,191.96
2606749,0.10,-3.26,191.96
2606838,0.10,-3.26,191.96
2606927,0.10,-3.27,191.96
2607015,0.10,-3.26,191.96
2607104,0.10,-3.26,191.96
2607193,0.10,-3.27,191.96
2607281,0.10,-3.26,191.96
2607370,0.10,-3.26,191.96
2607459,0.10,-3.27,191.96
2607547,0.10,-3.27,191.96
2607636,0.10,-3.26,191.96
2607725,0.10,-3.27,191.96
2607902,0.11,-3.27,191.96
2608080,0.09,-3.27,191.96
2608257,0.10,-3.27,191.96
2608434,0.10,-3.27,191.96
2608612,0.11,-3.26,191.96
2608789,0.11,-3.27,191.96
2608966,0.10,-3.27,191.96
2609144,0.11,-3.26,191.96
2609321,0.11,-3.26,191.96
2609498,0.10,-3.26,191.96
2609676,0.11,-3.26,191.96
2609853,0.11,-3.26,191.96
2610031,0.10,-3.26,191.96
2610208,0.10,-3.26,191.96
2610385,0.10,-3.26,191.96
2610563,0.10,-3.26,191.96
2610740,0.11,-3.26,191.96
2610917,0.10,-3.26,191.96
2611095,0.11,-3.26,191.96
2611272,0.11,-3.26,191.96
2611449,0.10,-3.26,191.96
2611627,0.10,-3.26,191.96
2611804,0.10,-3.26,191.96
2611982,0.11,-3.26,191.96
2612159,0.11,-3.26,191.96
2612336,0.10,-3.26,191.96
2612514,0.11,-3.26,191.96
2612691,0.10,-3.26,191.96
2612868,0.10,-3.26,191.96
2612957,0.10,-3.26,191.96
2613046,0.10,-3.26,191.96
2613134,0.10,-3.26,191.96
2613223,0.11,-3.26,191.96
2613312,0.11,-3.26,191.96
2613401,0.11,-3.26,191.96
2613489,0.11,-3.26,191.96
2613667,0.11,-3.26,191.96
2613844,0.11,-3.26,191.96
2614021,0.11,-3.26,191.96
2614199,0.11,-3.26,191.96
2614376,0.10,-3.26,191.96
2614553,0.10,-3.26,191.96
2614731,0.11,-3.26,191.96
2614819,0.11,-3.26,191.96
2614908,0.10,-3.26,191.96
2614997,0.10,-3.26,191.96
2615086,0.10,-3.26,191.96
2615174,0.10,-3.26,191.96
2615263,0.10,-3.26,191.96
2615352,0.10,-3.26,191.96
2615440,0.11,-3.26,191.96
2615529,0.11,-3.26,191.96
2615618,0.11,-3.26,191.96
2615706,0.11,-3.26,191.96
2615795,0.10,-3.26,191.96
2615884,0.10,-3.26,191.96
2615972,0.11,-3.26,191.96
2616061,0.11,-3.27,191.96
2616150,0.11,-3.26,191.96
2616238,0.10,-3.26,191.96
2616327,0.11,-3.26,191.96
2616416,0.11,-3.26,191.96
2616504,0.10,-3.26,191.96
2616593,0.10,-3.26,191.96
2616682,0.10,-3.26,191.96
2616770,0.10,-3.26,191.96
2616859,0.11,-3.26,191.96
2616948,0.11,-3.26,191.96
2617037,0.11,-3.26,191.96
2617125,0.10,-3.26,191.96
2617214,0.10,-3.26,191.96
2617303,0.10,-3.26,191.96
2617391,0.10,-3.26,191.96
2617480,0.11,-3.26,191.96
2617569,0.11,-3.26,191.96
2617657,0.11,-3.26,191.96
2617746,0.10,-3.27,191.96
2617835,0.10,-3.26,191.96
2617923,0.10,-3.26,191.96
2618012,0.10,-3.26,191.96
2618101,0.10,-3.26,191.96
2618189,0.10,-3.26,191.96
2618278,0.11,-3.27,191.96
2618367,0.11,-3.26,191.96
2618455,0.11,-3.26,191.96
2618544,0.11,-3.26,191.96
2618633,0.11,-3.27,191.96
2618722,0.11,-3.26,191.96
2618810,0.10,-3.27,191.96
2618899,0.10,-3.27,191.96
2618988,0.11,-3.27,191.96
2619076,0.11,-3.27,191.96
2619165,0.10,-3.27,191.96
2619254,0.11,-3.26,191.96
2619342,0.11,-3.26,191.96
2619431,0.10,-3.26,191.96
2619608,0.10,-3.26,191.95
2619786,0.10,-3.26,191.96
2619963,0.11,-3.26,191.96
2620140,0.11,-3.26,191.96
2620318,0.10,-3.27,191.96
2620495,0.10,-3.27,191.95
2620673,0.10,-3.26,191.96
2620850,0.10,-3.26,191.96
2621027,0.11,-3.26,191.96
2621205,0.11,-3.26,191.96
2621382,0.10,-3.26,191.96
2621559,0.10,-3.26,191.96
2621737,0.10,-3.26,191.96
2621914,0.10,-3.26,191.96
2622092,0.10,-3.26,191.96
2622269,0.10,-3.26,191.96
2622446,0.09,-3.27,191.96
2622535,0.10,-3.26,191.96
2622624,0.10,-3.27,191.96
2622712,0.10,-3.26,191.96
2622801,0.10,-3.26,191.96
2622890,0.10,-3.26,191.96
2622978,0.10,-3.27,191.96
2623067,0.10,-3.26,191.95
2623156,0.10,-3.26,191.96
2623244,0.11,-3.26,191.95
2623333,0.10,-3.26,191.96
2623422,0.10,-3.26,191.96
2623510,0.10,-3.27,191.96
2623599,0.10,-3.26,191.96
2623688,0.10,-3.27,191.96
2623777,0.10,-3.27,191.96
2623865,0.10,-3.27,191.96
2623954,0.10,-3.26,191.96
2624043,0.10,-3.26,191.96
2624131,0.10,-3.26,191.96
2624220,0.11,-3.26,191.96
2624309,0.10,-3.27,191.96
2624397,0.11,-3.27,191.96
2624486,0.11,-3.26,191.96
2624575,0.11,-3.27,191.96
2624663,0.11,-3.27,191.96
2624752,0.10,-3.27,191.96
2624841,0.10,-3.26,191.96
2624929,0.10,-3.27,191.96
2625018,0.10,-3.26,191.96
2625107,0.11,-3.27,191.96
2625195,0.10,-3.27,191.96
2625284,0.10,-3.27,191.96
2625462,0.10,-3.27,191.96
2625639,0.10,-3.27,191.96
2625816,0.10,-3.27,191.96
2625994,0.11,-3.27,191.96
2626171,0.11,-3.26,191.96
2626348,0.10,-3.26,191.96
2626526,0.10,-3.26,191.96
2626703,0.10,-3.27,191.96
2626880,0.10,-3.26,191.96
2627058,0.11,-3.26,191.96
2627235,0.10,-3.26,191.96
2627413,0.10,-3.27,191.96
2627590,0.11,-3.26,191.96
2627767,0.11,-3.26,191.96
2627945,0.11,-3.26,191.96
2628122,0.10,-3.26,191.96
2628299,0.10,-3.26,191.96
2628477,0.10,-3.27,191.96
2628654,0.11,-3.26,191.96
2628832,0.10,-3.26,191.96
2629009,0.10,-3.27,191.96
2629186,0.10,-3.26,191.96
2629364,0.10,-3.26,191.96
2629541,0.10,-3.26,191.96
2629630,0.10,-3.26,191.96
2629718,0.11,-3.26,191.96
2629807,0.10,-3.26,191.96
2629896,0.11,-3.26,191.96
2629984,0.11,-3.26,191.96
2630073,0.10,-3.26,191.96
2630162,0.11,-3.26,191.96
2630250,0.11,-3.26,191.96
2630339,0.10,-3.26,191.96
2630428,0.10,-3.26,191.96
2630517,0.11,-3.26,191.96
2630694,0.10,-3.26,191.96
2630783,0.10,-3.26,191.95
2630871,0.10,-3.26,191.96
2631049,0.11,-3.26,191.96
2631226,0.10,-3.26,191.96
2631403,0.11,-3.26,191.96
2631581,0.10,-3.26,191.96
2631758,0.11,-3.26,191.96
2631936,0.11,-3.26,191.96
2632113,0.10,-3.26,191.96
2632202,0.11,-3.26,191.96
2632290,0.11,-3.26,191.95
2632379,0.10,-3.25,191.96
2632468,0.11,-3.26,191.95
2632556,0.10,-3.26,191.96
2632645,0.11,-3.26,191.95
2632734,0.10,-3.25,191.96
2632822,0.10,-3.26,191.96
2632911,0.11,-3.26,191.95
2633000,0.10,-3.25,191.96
2633088,0.11,-3.26,191.95
2633177,0.10,-3.26,191.95
2633266,0.10,-3.26,191.96
2633354,0.11,-3.26,191.96
2633443,0.11,-3.26,191.95
2633532,0.10,-3.26,191.96
2633621,0.11,-3.25,191.96
2633709,0.10,-3.26,191.96
2633798,0.10,-3.26,191.96
2633887,0.10,-3.26,191.96
2633975,0.10,-3.26,191.95
2634064,0.10,-3.26,191.95
2634153,0.11,-3.25,191.96
2634241,0.10,-3.27,191.95
2634330,0.10,-3.25,191.96
2634419,0.10,-3.26,191.96
2634507,0.10,-3.26,191.95
2634596,0.10,-3.26,191.95
2634685,0.10,-3.26,191.96
2634773,0.10,-3.27,191.95
2634862,0.10,-3.26,191.96
2634951,0.10,-3.26,191.96
2635039,0.10,-3.27,191.96
2635128,0.11,-3.26,191.95
2635217,0.10,-3.26,191.96
2635305,0.11,-3.26,191.95
2635394,0.10,-3.26,191.96
2635483,0.11,-3.26,191.96
2635572,0.11,-3.26,191.96
2635660,0.11,-3.26,191.95
2635749,0.10,-3.26,191.96
2635838,0.11,-3.25,191.96
2635926,0.10,-3.26,191.95
2636015,0.10,-3.26,191.96
2636104,0.10,-3.27,191.96
2636192,0.11,-3.27,191.96
2636281,0.10,-3.27,191.95
2636370,0.10,-3.27,191.96
2636458,0.10,-3.27,191.95
2636547,0.10,-3.27,191.97
2636636,0.11,-3.26,191.95
2636724,0.10,-3.27,191.96
2636813,0.11,-3.27,191.96
2636902,0.10,-3.27,191.96
2636990,0.11,-701.93,191.96
2637168,0.10,-3.26,191.96
2637345,0.11,-3.26,191.95
2637523,0.10,-3.26,191.96
2637700,0.10,-3.26,191.96
2637877,0.10,-3.26,191.95
2638055,0.11,-3.26,191.96
2638232,0.11,-3.27,191.96
2638409,0.11,-3.26,191.95
2638587,0.10,-3.26,191.95
2638764,0.11,-3.26,191.95
2638942,0.10,-3.27,191.96
2639119,0.10,-3.26,191.95
2639296,0.10,-3.26,191.95
2639474,0.10,-3.27,191.95
2639651,0.10,-3.27,191.95
2639828,0.10,-3.27,191.95
2640006,0.10,-3.27,191.95
2640183,0.10,-3.27,191.96
2640361,0.10,-3.27,191.95
2640538,0.09,-3.27,191.95
2640715,0.10,-3.27,191.95
2640893,0.10,-3.27,191.95
2641070,0.10,-3.27,191.95
2641247,0.10,-3.27,191.96
2641425,0.10,-3.28,191.95
2641602,0.11,-3.27,191.96
2641779,0.10,-3.27,191.96
2641868,0.10,-3.27,191.96
2641957,0.10,-3.27,191.95
2642046,0.10,-3.27,191.95
2642134,0.10,-3.28,191.96
2642223,0.10,-3.27,191.96
2642312,0.10,-3.28,191.96
2642400,0.10,-3.28,191.95
2642489,0.10,-3.28,191.96
2642578,0.10,-3.27,191.96
2642666,0.10,-3.27,191.96
2642755,0.10,-3.27,191.96
2642932,0.10,-3.27,191.95
2643110,0.10,-3.28,191.96
2643287,0.11,-3.28,191.96
2643465,0.11,-3.27,191.96
2643642,0.10,-3.27,191.96
2643819,0.11,-3.27,191.96
2643997,0.09,-3.28,191.95
2644174,0.11,-3.28,191.95
2644351,0.10,-3.28,191.96
2644440,0.11,-3.28,191.95
2644529,0.10,-3.28,191.96
2644617,0.10,-3.28,191.96
2644706,0.11,-3.28,191.96
2644795,0.10,-3.28,191.96
2644883,0.10,-3.28,191.96
2644972,0.10,-3.28,191.96
2645061,0.10,-3.28,191.96
2645150,0.10,-3.28,191.96
2645238,0.10,-3.28,191.96
2645327,0.10,-3.28,191.96
2645416,0.10,-3.28,191.96
2645504,0.11,-3.28,191.96
2645593,0.10,-3.28,191.96
2645682,0.10,-3.28,191.96
2645770,0.11,-3.28,191.96
2645859,0.10,-3.27,191.96
2645948,0.10,-3.28,191.96
2646036,0.10,-3.28,191.96
2646125,0.11,-3.27,191.96
2646214,0.11,-3.27,191.96
2646302,0.10,-3.27,191.96
2646391,0.11,-3.28,191.96
2646480,0.11,-3.28,191.95
2646568,0.11,-3.28,191.96
2646657,0.10,-3.28,191.96
2646746,0.10,-3.27,191.96
2646835,0.10,-3.28,191.96
2646923,0.10,-3.28,191.96
2647012,0.10,-3.28,191.96
2647101,0.10,-3.28,191.96
2647189,0.10,-3.28,191.95
2647278,0.10,-3.28,191.96
2647367,0.11,-3.28,191.96
2647455,0.11,-3.28,191.96
2647544,0.11,-3.28,191.96
2647633,0.11,-3.28,191.96
2647721,0.11,-3.27,191.96
2647810,0.10,-3.27,191.96
2647899,0.10,-3.27,191.96
2647987,0.10,-3.28,191.96
2648076,0.10,-3.27,191.96
2648165,0.11,-3.28,191.96
2648254,0.11,-3.27,191.96
2648342,0.10,-3.27,191.96
2648431,0.10,-3.27,191.96
2648520,0.11,-3.28,191.96
2648608,0.10,-3.27,191.96
2648786,0.10,-3.27,191.96
2648963,0.10,-3.27,191.96
2649140,0.10,-3.27,191.96
2649318,0.11,-3.27,191.96
2649495,0.10,-3.27,191.96
2649672,0.09,-3.27,191.96
2649850,0.10,-3.28,191.96
2650027,0.09,-3.28,191.95
2650205,0.10,-3.28,191.96
2650382,0.11,-3.27,191.96
2650559,0.09,-3.27,191.96
2650737,0.11,-3.27,191.96
2650914,0.10,-3.27,191.96
2651091,0.10,-3.28,191.96
2651269,0.10,-3.27,191.95
2651446,0.10,-3.27,191.96
2651535,0.11,-3.28,191.96
2651624,0.10,-3.28,191.96
2651712,0.10,-3.27,191.96
2651801,0.10,-3.27,191.95
2651890,0.11,-3.28,191.95
2651978,0.10,-3.27,191.96
2652067,0.11,-3.28,191.96
2652156,0.11,-3.28,191.96
2652244,0.10,-3.27,191.96
2652333,0.10,-3.27,191.96
2652422,0.10,-3.27,191.96
2652510,0.10,-3.27,191.95
2652599,0.10,-3.27,191.95
2652688,0.11,-3.27,191.96
2652776,0.10,-3.28,191.95
2652865,0.10,-3.27,191.96
2652954,0.10,-3.28,191.95
2653042,0.11,-3.28,191.95
2653131,0.11,-3.28,191.96
2653220,0.11,-3.28,191.96
2653309,0.11,-3.27,191.95
2653397,0.11,-3.27,191.96
2653486,0.11,-3.28,191.96
2653575,0.11,-3.28,191.96
2653663,0.10,-3.28,191.96
2653752,0.11,-3.28,191.96
2653841,0.10,-3.28,191.96
2653929,0.10,-3.27,191.95
2654018,0.10,-3.27,191.96
2654107,0.10,-3.27,191.96
2654195,0.10,-3.27,191.96
2654284,0.10,-3.27,191.96
2654373,0.10,-3.27,191.96
2654461,0.11,-879.92,191.96
2654639,0.10,-3.27,191.96
2654816,0.11,-3.27,191.96
2654994,0.10,-3.27,191.96
2655171,0.10,-3.27,191.96
2655348,0.11,-3.28,191.96
2655526,0.10,-3.27,191.96
2655703,0.09,-3.27,191.96
2655880,0.09,-3.27,191.96
2656058,0.10,-3.27,191.96
2656235,0.10,-3.27,191.96
2656413,0.11,-3.27,191.96
2656590,0.11,-3.27,191.96
2656767,0.11,-3.27,191.96
2656945,0.11,-3.27,191.96
2657122,0.10,-3.27,191.96
2657299,0.10,-3.27,191.96
2657477,0.10,-3.27,191.96
2657654,0.10,-3.27,191.96
2657831,0.10,-3.27,191.96
2658009,0.11,-3.27,191.96
2658186,0.10,-3.27,191.96
2658364,0.11,-3.27,191.96
2658541,0.10,-3.27,191.96
2658718,0.10,-3.27,191.96
2658896,0.10,-3.28,191.96
2659073,0.11,-3.28,191.96
2659162,944.71,-3.27,191.96
2659250,0.11,-3.27,191.96
2659339,0.10,-3.27,191.96
2659428,0.10,-3.27,191.96
2659605,0.10,-3.27,191.96
2659783,0.11,-3.27,191.96
2659960,0.10,-3.27,191.96
2660137,0.10,-3.27,191.96
2660315,0.11,-3.27,191.96
2660492,0.10,-3.27,191.96
2660669,0.11,-3.27,191.96
2660847,0.11,-3.27,191.96
2661024,0.10,-3.27,191.96
2661556,0.11,-246.07,191.96
2661645,0.10,-246.08,191.96
2661734,0.10,-246.08,191.96
2661822,0.10,-246.07,191.96
2661911,0.10,-246.07,191.97
2662000,0.11,-246.07,191.96
2662088,0.10,-246.07,191.96
2662177,0.10,-246.08,191.96
2662266,0.10,-246.08,191.96
2662354,0.11,-246.07,191.96
2662443,0.11,-246.07,191.96
2662532,0.10,-246.07,191.96
2662621,0.10,-246.07,191.97
2663153,0.11,-3.27,191.96
2663241,0.10,-3.27,191.96
2663330,0.10,-3.27,191.97
2663419,0.10,-3.27,191.96
2663507,0.11,-3.27,191.96
2663596,0.10,-3.28,191.96
2663685,0.10,-3.28,191.96
2663773,0.10,-3.28,191.96
2663862,0.10,-3.28,191.97
2663951,0.11,-3.28,191.96
2664040,0.10,-3.28,191.97
2664128,0.11,-3.28,191.97
2664217,0.11,-3.28,191.97
2664306,0.11,-3.28,191.97
2664394,0.10,-3.28,191.96
2664483,0.10,-3.28,191.96
2664572,0.11,-3.28,191.97
2664660,0.10,-3.28,191.97
2664749,0.10,-3.28,191.97
2664838,0.11,-3.28,191.96
2664926,0.11,-3.28,191.97
2665104,0.11,-3.28,191.96
2665281,0.10,-3.28,191.97
2665458,0.10,-3.28,191.96
2665636,0.11,-3.28,191.97
2665813,0.10,-3.28,191.97
2665991,0.10,-3.28,191.97
2666168,0.11,-3.28,191.97
2666345,0.10,-3.27,191.97
2666523,0.10,-3.27,191.97
2666700,0.11,-3.28,191.97
2666877,0.10,-3.28,191.96
2667055,0.10,-3.27,191.97
2667232,0.10,-3.28,191.97
2667410,0.11,-3.28,191.97
2667587,0.10,-3.28,191.97
2667764,0.11,-3.28,191.97
2667942,0.11,-3.27,191.96
2668119,0.10,-3.27,191.97
2668296,0.10,-3.28,191.97
2668474,0.11,-3.28,191.97
2668651,0.11,-3.27,191.97
2668828,0.11,-3.28,191.97
2668917,0.10,-3.28,191.97
2669006,0.10,-3.28,191.97
2669094,0.11,-3.28,191.97
2669183,0.10,-3.27,191.97
2669272,0.10,-3.28,191.97
2669360,0.10,-3.28,191.97
2669449,0.10,-3.27,191.97
2669538,0.10,-3.28,191.97
2669626,0.10,-3.28,191.97
2669715,0.11,-3.27,191.97
2669804,0.11,-3.28,191.97
2669893,0.11,-3.28,191.97
2669981,0.11,-3.28,191.97
2670070,0.10,-3.28,191.97
2670159,0.10,-3.28,191.97
2670247,0.11,-3.28,191.97
2670336,0.11,-3.28,191.97
2670425,0.10,-3.28,191.96
2670513,0.10,-3.27,191.97
2670602,0.10,-3.27,191.97
2670691,0.10,-3.28,191.97
2670779,0.11,-3.27,191.97
2670957,0.10,-3.27,191.97
2671134,0.10,-3.28,191.97
2671312,0.10,-3.28,191.97
2671489,0.10,-3.28,191.97
2671666,0.10,-3.28,191.97
2671844,0.10,-3.28,191.97
2672021,0.10,-3.27,191.97
2672198,0.11,-3.27,191.97
2672376,0.10,-3.28,191.97
2672553,0.11,-3.28,191.97
2672731,0.11,-3.28,191.97
2672908,0.11,-3.27,191.97
2673085,0.10,-3.27,191.96
2673263,0.11,-3.27,191.97
2673440,0.10,-3.27,191.97
2673617,0.10,-3.27,191.97
2673795,0.10,-3.28,191.97
2673972,0.10,-3.28,191.97
2674061,0.10,-3.28,191.97
2674149,0.11,-3.28,191.96
2674238,0.11,-3.28,191.97
2674327,0.11,-3.28,191.96
2674416,0.10,-3.28,191.97
2674504,0.11,-3.28,191.97
2674593,0.10,-3.27,191.97
2674682,0.11,-3.28,191.97
2674770,0.10,-3.28,191.97
2674859,0.10,-3.28,191.97
2674948,0.11,-3.28,191.96
2675036,0.11,-3.27,191.97
2675125,0.11,-3.28,191.97
2675214,0.10,-3.28,191.97
2675302,0.10,-3.28,191.97
2675391,0.10,-3.28,191.97
2675480,0.10,-3.28,191.97
2675568,0.10,-3.28,191.97
2675657,0.11,-3.28,191.97
2675746,0.10,-3.27,191.96
2675834,0.10,-3.28,191.97
2675923,0.10,-3.28,191.97
2676012,0.10,-3.28,191.97
2676101,0.10,-3.28,191.97
2676189,0.10,-3.28,191.97
2676278,0.11,-3.28,191.97
2676367,0.11,-3.28,191.97
2676455,0.10,-3.28,191.97
2676544,0.10,-3.28,191.97
2676633,0.10,-3.28,191.97
2676810,0.10,-3.28,191.97
2676987,0.11,-3.28,191.97
2677165,0.10,-3.28,191.97
2677342,0.11,-3.28,191.97
2677520,0.10,-3.28,191.97
2677697,0.10,-3.28,191.97
2677874,0.10,-3.28,191.97
2678052,0.11,-3.28,191.97
2678229,0.10,-3.28,191.97
2678406,0.11,-3.28,191.97
2678495,0.10,-3.28,191.97
2678584,0.10,-3.28,191.97
2678672,0.11,-3.28,191.97
2678761,0.11,-3.28,191.97
2678850,0.11,-3.28,191.97
2678939,0.10,-3.28,191.97
2679027,0.11,-3.28,191.97
2679116,0.11,-3.28,191.97
2679205,0.10,-3.28,191.97
2679293,0.10,-3.28,191.97
2679382,0.11,-3.28,191.97
2679471,0.10,-3.28,191.97
2679559,0.10,-3.28,191.98
2679648,0.11,-3.28,191.97
2679737,0.11,-3.28,191.97
2679825,0.11,-3.28,191.97
2679914,0.11,-3.28,191.97
2680003,0.11,-3.28,191.97
2680091,0.11,-3.28,191.97
2680180,0.10,-3.28,191.97
2680269,0.09,-3.28,191.97
2680357,0.10,-3.29,191.97
2680446,0.10,-3.29,191.97
2680535,0.10,-3.28,191.97
2680624,0.10,-3.28,191.97
2680712,0.10,-3.28,191.97
2680801,0.11,-3.28,191.97
2680890,0.11,-3.28,191.97
2680978,0.10,-3.28,191.97
2681067,0.10,-3.29,191.97
2681156,0.10,-3.28,191.97
2681244,0.11,-3.28,191.97
2681333,0.11,-3.28,191.97
2681422,0.10,-3.28,191.97
2681510,0.11,-3.28,191.97
2681599,0.10,-3.28,191.97
2681688,0.10,-3.28,191.97
2681776,0.10,-3.28,191.97
2681865,0.11,-3.28,191.97
2681954,0.11,-3.29,191.97
2682042,0.11,-3.28,191.97
2682131,0.11,-3.28,191.97
2682220,0.11,-3.28,191.97
2682309,0.10,-3.28,191.97
2682397,0.10,-3.28,191.97
2682486,0.10,-3.28,191.97
2682663,0.11,-3.28,191.97
2682841,0.11,-3.28,191.98
2683018,0.11,-3.28,191.97
2683195,0.11,-3.28,191.97
2683373,0.11,-3.28,191.97
2683550,0.10,-3.28,191.97
2683727,0.11,-3.28,191.98
2683905,0.11,-3.28,191.98
2684082,0.11,-3.28,191.98
2684260,0.10,-3.28,191.97
2684437,0.10,-3.28,191.98
2684614,0.10,-3.28,191.97
2684792,0.10,-3.28,191.97
2684969,0.11,-3.28,191.97
2685146,0.10,-3.28,191.98
2685324,0.11,-3.28,191.97
2685501,0.11,-3.28,191.98
2685679,0.11,-3.28,191.97
2685856,0.10,-3.28,191.97
2686033,0.10,-3.28,191.97
2686211,0.10,-3.28,191.98
2686388,0.11,-3.28,191.98
2686565,0.10,-3.28,191.97
2686743,0.11,-3.28,191.98
2686920,0.09,-3.28,191.97
2687098,0.11,-3.28,191.98
2687275,0.11,-3.28,191.97
2687452,0.11,-3.28,191.97
2687630,0.11,-3.28,191.97
2687807,0.10,-3.28,191.97
2687984,0.10,-3.28,191.97
2688073,0.11,-3.28,191.97
2688162,0.11,-3.28,191.97
2688250,0.11,-3.28,191.97
2688428,0.10,-3.28,191.97
2688605,0.10,-3.28,191.97
2688783,0.11,-3.28,191.97
2688960,0.11,-3.28,191.97
2689049,0.10,-3.28,191.97
2689137,0.10,-3.28,191.97
2689226,0.11,-3.28,191.97
2689315,0.11,-3.28,191.97
2689403,0.10,-3.28,191.97
2689492,0.10,-3.28,191.97
2689581,0.11,-3.28,191.97
2689669,0.11,-3.28,191.97
2689758,0.10,-3.28,191.97
2689847,0.10,-3.28,191.97
2689935,0.11,-3.28,191.97
2690024,0.10,-3.28,191.98
2690113,0.10,-3.28,191.97
2690202,0.10,-3.28,191.98
2690290,0.11,-3.28,191.97
2690379,0.10,-3.28,191.97
2690468,0.10,-3.28,191.97
2690556,0.11,-3.28,191.97
2690645,0.11,-3.28,191.97
2690734,0.10,-3.28,191.98
2690822,0.11,-3.28,191.97
2690911,0.11,-3.28,191.97
2691000,0.11,-3.28,191.97
2691088,0.11,-3.28,191.97
2691177,0.11,-3.28,191.97
2691266,0.10,-3.28,191.97
2691354,0.10,-3.28,191.97
2691443,0.10,-3.28,191.97
2691532,0.11,-3.28,191.97
2691621,0.11,-3.28,191.98
2691709,0.10,-3.28,191.97
2691798,0.11,-3.28,191.97
2691887,0.11,-3.29,191.98
2691975,0.11,-3.28,191.98
2692064,0.10,-3.28,191.97
2692153,0.10,-3.28,191.97
2692241,0.10,-3.28,191.97
2692330,0.10,-3.28,191.97
2692419,0.10,-3.29,191.97
2692507,0.09,-3.28,191.97
2692596,0.10,-3.28,191.97
2692685,0.11,-3.28,191.97
2692773,0.11,-3.28,191.98
2692862,0.11,-3.28,191.97
2692951,0.11,-3.29,191.97
2693040,0.11,-3.29,191.97
2693128,0.11,-3.29,191.97
2693217,0.11,-3.28,191.97
2693306,0.11,-3.28,191.97
2693394,0.10,-3.29,191.97
2693483,0.10,-3.29,191.97
2693572,0.10,-3.28,191.97
2693660,0.11,-3.29,191.97
2693749,0.11,-3.28,191.97
2693838,0.10,-3.28,191.97
2693926,0.11,-3.28,191.97
2694015,0.11,-3.29,191.97
2694104,0.11,-3.29,191.97
2694192,0.11,-3.28,191.98
2694370,0.11,-3.29,191.97
2694547,0.10,-3.28,191.98
2694725,0.11,-3.28,191.97
2694902,0.10,-3.29,191.97
2695079,0.11,-3.29,191.97
2695257,0.10,-3.28,191.97
2695434,0.11,-3.29,191.98
2695612,0.11,-3.28,191.97
2695789,0.11,-3.29,191.97
2695966,0.11,-3.29,191.97
2696144,0.10,-3.29,191.98
2696321,0.10,-3.29,191.98
2696498,0.11,-3.29,191.98
2696676,0.11,-3.29,191.97
2696853,0.11,-3.28,191.98
2697031,0.11,-3.29,191.98
2697208,0.11,-3.29,191.98
2697385,0.10,-3.29,191.98
2697563,0.11,-3.29,191.98
2697651,0.10,-3.29,191.98
2697740,0.10,-3.29,191.98
2697829,0.10,-3.29,191.98
2697917,0.11,-3.29,191.98
2698006,0.10,-3.29,191.98
2698095,0.10,-3.29,191.98
2698184,0.10,-3.29,191.98
2698272,0.10,-3.29,191.98
2698361,0.10,-3.29,191.98
2698450,0.11,-3.29,191.98
2698538,0.11,-3.29,191.98
2698627,0.11,-3.29,191.98
2698716,0.10,-3.30,191.98
2698804,0.10,-3.30,191.98
2698893,0.10,-3.29,191.98
2698982,0.11,-3.29,191.98
2699070,0.11,-3.29,191.98
2699159,0.10,-3.29,191.99
2699248,0.10,-3.29,191.98
2699336,0.10,-3.29,191.98
2699425,0.10,-3.29,191.98
2699514,0.10,-3.29,191.99
2699602,0.10,-3.29,191.98
2699691,0.10,-3.29,191.98
2699780,0.10,-3.30,191.98
2699869,0.11,-3.30,191.98
2699957,0.10,-3.29,191.99
2700046,0.10,-3.29,191.99
2700223,0.10,-3.29,191.99
2700401,0.11,-3.30,191.98
2700578,0.10,-3.30,191.99
2700755,0.11,-3.29,191.99
2700933,0.11,-3.30,191.98
2701110,0.11,-3.30,191.99
2701287,0.10,-3.29,191.99
2701465,0.10,-3.30,191.99
2701642,0.11,-3.30,191.99
2701820,0.11,-3.29,191.99
2701997,0.11,-3.30,191.99
2702174,0.11,-3.29,191.99
2702352,0.11,-3.30,191.99
2702529,0.11,-3.30,191.99
2702706,0.10,-3.30,191.99
2702884,0.11,-3.30,191.99
2703061,0.10,-3.30,191.99
2703239,0.11,-3.29,191.99
2703416,0.10,-3.29,191.99
2703593,0.11,-3.29,191.99
2703771,0.11,-3.30,191.99
2703948,0.10,-3.30,191.99
2704037,0.10,-3.29,191.99
2704125,0.11,-3.30,191.99
2704214,0.11,-3.30,191.99
2704303,0.11,-3.30,191.99
2704391,0.11,-3.29,191.99
2704480,0.11,-3.30,191.99
2704569,0.11,-3.30,191.99
2704658,0.11,-3.29,191.99
2704746,0.11,-3.29,191.99
2704835,0.11,-3.29,191.99
2704924,0.11,-3.29,191.99
2705012,0.11,-3.29,191.99
2705101,0.11,-3.29,191.99
2705190,0.11,-3.29,191.99
2705278,0.11,-3.29,191.99
2705367,0.11,-3.29,191.99
2705456,0.11,-3.29,191.99
2705544,0.11,-3.29,192.00
2705633,0.11,-3.30,191.99
2705722,0.11,-3.29,191.99
2705899,0.10,-3.29,191.99
2706077,0.11,-3.29,192.00
2706254,0.11,-3.29,191.99
2706431,0.10,-3.29,191.99
2706609,0.10,-3.29,191.99
2706786,0.10,-3.29,191.99
2706963,0.10,-3.29,192.00
2707141,0.11,-3.29,191.99
2707230,0.11,-3.29,191.99
2707318,0.11,-3.29,191.99
2707407,0.10,-3.29,191.99
2707496,0.10,-3.29,191.99
2707584,0.10,-3.29,191.99
2707673,0.10,-3.29,191.99
2707762,0.10,-3.29,191.99
2707850,0.11,-3.29,191.99
2707939,0.11,-3.29,191.99
2708028,0.11,-3.29,191.99
2708116,0.11,-3.29,191.99
2708205,0.11,-3.29,191.99
2708294,0.10,-3.29,191.99
2708382,0.10,-3.29,191.99
2708471,0.10,-3.29,191.99
2708560,0.10,-3.29,191.99
2708649,0.11,-3.29,191.99
2708737,0.10,-3.29,191.99
2708826,0.10,-3.29,191.99
2708915,0.10,-3.29,191.99
2709003,0.11,-3.29,191.99
2709092,0.10,-3.29,191.99
2709181,0.10,-3.29,191.99
2709269,0.11,-3.29,191.99
2709358,0.11,-3.28,191.99
2709447,0.11,-3.28,191.99
2709535,0.11,-3.29,191.99
2709624,0.10,-3.28,191.99
2709713,0.10,-3.28,191.99
2709801,0.11,-3.29,191.99
2709890,0.11,-3.28,191.99
2709979,0.11,-3.28,191.99
2710068,0.11,-3.29,191.99
2710156,0.11,-3.28,191.99
2710245,0.11,-3.28,191.99
2710334,0.10,-3.29,191.99
2710422,0.11,-3.28,191.99
2710511,0.10,-3.28,191.99
2710600,0.11,-3.28,191.99
2710688,0.11,-3.28,191.99
2710777,0.10,-3.28,191.99
2710866,0.10,-3.28,191.99
2710954,0.11,-3.29,191.99
2711043,0.11,-3.28,191.99
2711132,0.11,-3.28,191.98
2711220,0.11,-3.28,191.99
2711309,0.11,-3.28,191.99
2711398,0.11,-3.28,191.99
2711487,0.11,-3.28,191.99
2711575,0.10,-3.28,191.99
2711664,0.11,-3.28,191.99
2711753,0.10,-3.28,191.99
2711930,0.10,-3.28,191.98
2712107,0.10,-3.28,191.99
2712285,0.10,-3.28,191.98
2712462,0.11,-3.28,191.98
2712639,0.11,-3.28,191.98
2712817,0.10,-3.28,191.98
2712994,0.11,-3.28,191.98
2713172,0.10,-3.28,191.98
2713349,0.10,-3.28,191.98
2713526,0.10,-3.28,191.98
2713704,0.10,-3.28,191.98
2713881,0.10,-3.28,191.98
2714059,0.11,-3.28,191.98
2714236,0.10,-3.28,191.98
2714413,0.11,-3.28,191.98
2714591,0.11,-3.28,191.98
2714768,0.11,-3.28,191.98
2714945,0.10,-3.28,191.98
2715123,0.11,-3.28,191.98
2715300,0.11,-3.28,191.98
2715478,0.11,-3.28,191.98
2715655,0.11,-3.28,191.98
2715832,0.10,-3.28,191.98
2716010,0.11,-3.28,191.98
2716187,0.11,-3.28,191.98
2716364,0.11,-3.28,191.98
2716542,0.11,-3.28,191.98
2716719,0.10,-3.28,191.98
2716985,0.11,-3.27,191.98
2717074,0.11,-3.28,191.98
2717163,0.11,-3.28,191.99
2717251,0.10,-3.28,191.98
2717340,0.11,-3.28,191.98
2717429,0.11,-3.28,191.98
2717517,0.10,-3.28,191.98
2717783,0.10,-3.28,191.98
2717961,0.11,-3.28,191.98
2718138,0.11,-3.28,191.98
2718316,0.11,-3.28,191.99
2718493,0.10,-3.27,191.98
2718670,0.11,-3.27,191.98
2718848,0.10,-3.27,191.98
2719025,0.10,-3.27,191.98
2719114,0.10,-3.27,191.98
2719202,0.10,-3.27,191.98
2719291,0.11,-3.27,191.98
2719380,0.10,-3.27,191.98
2719469,0.11,-3.28,191.98
2719557,0.11,-3.27,191.98
2719646,0.10,-3.27,191.98
2719735,0.10,-3.27,191.98
2719823,0.10,-3.27,191.98
2719912,0.10,-3.27,191.98
2720001,0.11,-3.27,191.98
2720089,0.11,-3.27,191.98
2720178,0.11,-3.27,191.98
2720267,0.11,-3.28,191.98
2720355,0.11,-3.27,191.98
2720444,0.11,-3.27,191.98
2720533,0.11,-3.28,191.98
2720621,0.11,-3.27,191.99
2720710,0.10,-3.27,191.98
2720799,0.10,-3.27,191.98
2720888,0.11,-3.27,191.98
2720976,0.12,-3.28,191.98
2721065,0.12,-3.28,191.98
2721154,0.11,-3.28,191.98
2721242,0.10,-3.27,191.98
2721331,0.10,-3.27,191.98
2721420,0.10,-3.27,191.98
2721508,0.11,-3.27,191.98
2721597,0.10,-3.27,191.98
2721686,0.10,-3.27,191.98
2721774,0.10,-3.27,191.98
2721863,0.11,-3.27,191.98
2721952,0.11,-3.27,191.98
2722040,0.11,-3.27,191.98
2722129,0.11,-3.27,191.98
2722218,0.11,-3.27,191.98
2722307,0.11,-3.27,191.98
2722395,0.11,-3.27,191.98
2722484,0.10,-3.27,191.98
2722573,0.10,-3.27,191.98
2722661,0.11,-3.27,191.98
2722750,0.11,-3.27,191.98
2722839,0.11,-3.27,191.98
2722927,0.11,-3.27,191.98
2723016,0.11,-3.27,191.98
2723105,0.11,-3.27,191.98
2723193,0.11,-3.27,191.98
2723282,0.10,-3.26,191.98
2723371,0.10,-3.26,191.98
2723459,0.11,-3.26,191.98
2723637,0.11,-3.26,191.98
2723814,0.10,-3.26,191.98
2723992,0.10,-3.27,191.98
2724169,0.10,-3.27,191.98
2724346,0.10,-3.27,191.97
2724524,0.10,-3.26,191.98
2724701,0.11,-3.26,191.98
2724878,0.11,-3.27,191.97
2725056,0.10,-3.27,191.97
2725233,0.10,-3.26,191.98
2725410,0.11,-3.26,191.98
2725587,0.11,-3.27,191.98
2725765,0.11,-3.26,191.97
2725942,0.10,-3.27,191.98
2726119,0.11,-3.26,191.98
2726297,0.10,-3.26,191.98
2726474,0.10,-3.26,191.97
2726563,0.10,-3.26,191.98
2726652,0.10,-3.26,191.98
2726740,0.11,-3.26,191.98
2726829,0.11,-3.26,191.98
2726918,0.11,-3.26,191.97
2727006,0.11,-3.27,191.98
2727095,0.11,-3.26,191.97
2727184,0.10,-3.26,191.97
2727272,0.10,-3.26,191.98
2727361,0.10,-3.26,191.98
2727450,0.10,-3.26,191.98
2727538,0.10,-3.26,191.98
2727627,0.10,-3.26,191.98
2727716,0.10,-3.27,191.98
2727804,0.10,-3.26,191.98
2727893,0.10,-3.26,191.97
2727982,0.10,-3.26,191.97
2728070,0.10,-3.26,191.97
2728159,0.11,-3.26,191.97
2728248,0.10,-3.26,191.97
2728337,0.10,-3.27,191.98
2728425,0.10,-3.27,191.98
2728514,0.11,-3.27,191.98
2728603,0.11,-3.27,191.98
2728691,0.11,-3.26,191.98
2728780,0.10,-3.26,191.98
2728869,0.11,-3.26,191.98
2728957,0.11,-3.27,191.98
2729046,0.11,-3.26,191.98
2729135,0.10,-3.26,191.98
2729223,0.11,-3.26,191.98
2729312,0.11,-3.26,191.98
2729490,0.11,-3.27,191.98
2729667,0.10,-3.27,191.98
2729844,0.11,-3.26,191.98
2730022,0.11,-3.27,191.98
2730199,0.10,-3.26,191.98
2730376,0.10,-3.26,191.98
2730554,0.10,-3.27,191.98
2730731,0.11,-3.26,191.98
2730909,0.10,-3.26,191.98
2731086,0.09,-3.26,191.98
2731263,0.10,-3.26,191.98
2731441,0.10,-3.26,191.98
2731618,0.10,-3.26,191.98
2731795,0.11,-3.26,191.98
2731973,0.10,-3.26,191.98
2732150,0.10,-3.26,191.98
2732328,0.10,-3.26,191.98
2732505,0.10,-3.26,191.98
2732682,0.10,-3.26,191.98
2732860,0.10,-3.26,191.98
2733037,0.11,-3.26,191.98
2733214,0.11,-3.26,191.98
2733392,0.10,-3.26,191.98
2733569,0.10,-3.26,191.98
2733747,0.11,-3.26,191.98
2734013,0.11,-3.26,191.98
2734101,0.11,-3.26,191.98
2734190,0.11,-3.26,191.98
2734279,0.11,-3.26,191.98
2734367,0.11,-3.26,191.98
2734456,0.10,-3.26,191.97
2734545,0.11,-3.26,191.98
2734633,0.11,-3.26,191.98
2734722,0.11,-3.26,191.98
2734811,0.10,-3.26,191.98
2734899,0.10,6.16,191.98
2735077,0.10,-3.26,191.98
2735254,0.10,-3.26,191.98
2735432,0.11,-3.27,191.98
2735609,0.10,-3.26,191.98
2735786,0.10,-3.26,191.98
2735964,0.11,-3.26,191.98
2736141,0.11,-3.26,191.98
2736230,0.11,-3.26,191.98
2736318,0.11,-3.26,191.98
2736407,0.11,-3.26,191.98
2736496,0.11,-3.26,191.98
2736585,0.11,-3.26,191.98
2736673,0.10,-3.26,191.98
2736762,0.10,-3.26,191.98
2736851,0.10,-3.26,191.98
2736939,0.11,-3.26,191.98
2737028,0.11,-3.26,191.98
2737117,0.10,-3.26,191.98
2737205,0.11,-3.26,191.98
2737294,0.11,-3.26,191.98
2737383,0.11,-3.26,191.98
2737471,0.11,-3.26,191.98
2737560,0.11,-3.26,191.98
2737649,0.11,-3.26,191.98
2737737,0.10,-3.26,191.99
2737826,0.11,-3.26,191.98
2737915,0.11,-3.26,191.98
2738004,0.11,-3.26,191.98
2738092,0.11,-3.26,191.98
2738181,0.10,-3.26,191.98
2738270,0.11,-3.26,191.98
2738358,0.11,-3.26,191.97
2738447,0.11,-3.26,191.98
2738536,0.11,-3.26,191.98
2738624,0.11,-3.27,191.98
2738713,0.11,-3.26,191.98
2738802,0.11,-3.26,191.98
2738890,0.11,-3.26,191.98
2738979,0.10,-3.26,191.99
2739068,0.10,-3.26,191.98
2739156,0.10,-3.26,191.98
2739245,0.10,-3.26,191.98
2739334,0.10,-3.27,191.98
2739422,0.11,-3.26,191.98
2739511,0.10,-3.26,191.98
2739600,0.11,-3.26,191.98
2739689,0.11,-3.27,191.98
2739777,0.11,-3.27,191.98
2739866,0.11,-3.27,191.98
2739955,0.11,-3.27,191.98
2740043,0.10,-3.27,191.98
2740132,0.11,-3.27,191.99
2740221,0.11,-3.27,191.98
2740309,0.10,-3.26,191.98
2740398,0.10,-3.26,191.99
2740487,0.10,-3.27,191.98
2740575,0.10,-3.27,191.98
2740664,0.10,-3.27,191.98
2740753,0.10,-3.27,191.99
2740841,0.10,-3.26,191.98
2740930,0.11,-3.26,191.98
2741019,0.11,-3.26,191.98
2741196,0.10,-3.26,191.98
2741374,0.11,-3.26,191.98
2741551,0.10,-3.27,191.98
2741728,0.11,-3.26,191.98
2741906,0.11,-3.27,191.98
2742083,0.11,-3.26,191.98
2742260,0.11,-3.26,191.98
2742438,0.11,-3.26,191.98
2742615,0.10,-3.26,191.98
2742792,0.10,-3.26,191.98
2742970,0.10,-3.26,191.98
2743147,0.11,-3.26,191.98
2743325,0.11,-3.26,191.98
2743502,0.11,-3.26,191.98
2743679,0.11,-3.26,191.98
2743857,0.11,-3.26,191.97
2744034,0.11,-3.26,191.98
2744211,0.10,-3.26,191.98
2744389,0.10,-3.26,191.98
2744566,0.11,-3.26,191.98
2744743,0.11,-3.26,191.98
2744921,0.10,-3.26,191.98
2745098,0.11,-3.26,191.98
2745275,0.10,-3.26,191.98
2745453,0.11,-3.26,191.98
2745630,0.10,-3.26,191.98
2745719,0.11,-3.26,191.98
2745808,0.11,-3.26,191.98
2745896,0.10,-3.26,191.98
2745985,0.11,-3.26,191.98
2746074,0.11,-3.26,191.98
2746162,0.11,-3.27,191.98
2746251,0.11,-3.26,191.98
2746340,0.11,-3.26,191.98
2746428,0.11,-3.26,191.98
2746517,0.10,-3.26,191.98
2746606,0.10,-3.26,191.98
2746694,0.11,-3.26,191.98
2746783,0.11,-3.26,191.98
2746960,0.10,-3.26,191.98
2747138,0.10,-3.27,191.98
2747315,0.11,-3.26,191.98
2747493,0.11,-3.26,191.98
2747670,0.11,-3.26,191.98
2747847,0.10,-3.26,191.98
2748025,0.11,-3.26,191.98
2748202,0.11,-3.26,191.98
2748379,0.11,-3.27,191.99
2748557,0.11,-3.26,191.99
2748734,0.10,-3.26,191.98
2748823,0.11,-3.26,191.98
2748912,0.11,-3.26,191.98
2749000,0.10,-3.26,191.98
2749089,0.10,-3.26,191.98
2749178,0.11,-3.26,191.98
2749266,0.11,-3.26,191.98
2749355,0.11,-3.26,191.98
2749444,0.11,-3.27,191.98
2749532,0.10,-3.27,191.98
2749621,0.11,-3.27,191.98
2749710,0.11,-3.27,191.98
2749798,0.11,-3.26,191.98
2749887,0.10,-3.26,191.98
2749976,0.11,-3.26,191.98
2750064,0.11,-3.26,191.98
2750153,0.11,-3.26,191.98
2750242,0.10,-3.26,191.98
2750331,0.11,-3.26,191.98
2750419,0.11,-3.26,191.98
2750508,0.10,-3.26,191.98
2750597,0.10,-3.26,191.98
2750685,0.11,-3.26,191.98
2750774,0.10,-3.26,191.98
2750863,0.11,-3.26,191.98
2750951,0.11,-3.26,191.98
2751040,0.10,-3.26,191.98
2751129,0.10,-3.26,191.98
2751217,0.11,-3.26,191.98
2751306,0.11,-3.26,191.98
2751395,0.10,-3.26,191.98
2751483,0.10,-3.26,191.98
2751572,0.10,-3.26,191.98
2751661,0.11,-3.26,191.98
2751749,0.11,-3.26,191.98
2751838,0.10,-3.26,191.98
2751927,0.10,-3.26,191.98
2752015,0.10,-3.26,191.98
2752104,0.11,-3.26,191.98
2752193,0.10,-3.27,191.98
2752282,0.10,-3.27,191.98
2752370,0.11,-3.26,191.98
2752459,0.11,-3.26,191.98
2752548,0.10,-3.26,191.98
2752636,0.11,-3.26,191.98
2752725,0.11,-3.26,191.98
2752902,0.11,-3.26,191.98
2753080,0.11,-3.26,191.98
2753257,0.11,-3.26,191.98
2753434,0.11,-3.26,191.98
2753612,0.10,-3.26,191.98
2753789,0.11,-3.26,191.98
2753967,0.11,-3.26,191.98
2754144,0.11,-3.26,191.98
2754321,0.10,-3.26,191.98
2754499,0.11,-3.26,191.97
2754676,0.11,-3.26,191.98
2754853,0.11,-3.26,191.98
2755031,0.11,-3.26,191.98
2755208,0.11,-3.26,191.98
2755474,0.10,-3.26,191.98
2755563,0.10,-3.26,191.98
2755652,0.10,-3.26,191.98
2755740,0.11,-3.26,191.98
2755829,0.11,-3.26,191.97
2755918,0.11,-3.26,191.97
2756006,0.11,-3.26,191.98
2756095,0.11,-3.26,191.98
2756184,0.11,-3.26,191.98
2756272,0.11,-3.26,191.98
2756361,0.11,-3.26,191.98
2756450,0.11,-3.26,191.98
2756538,0.10,-3.26,191.98
2756627,0.10,-3.26,191.98
2756716,0.11,-3.26,191.98
2756804,0.11,-3.26,191.98
2756893,0.11,-3.26,191.98
2756982,0.10,-3.26,191.98
2757070,0.11,-3.27,191.98
2757159,0.11,-3.26,191.98
2757248,0.10,-3.26,191.98
2757337,0.10,-3.26,191.98
2757425,0.10,-3.26,191.98
2757514,0.11,-3.26,191.98
2757603,0.11,-3.26,191.98
2757691,0.11,-3.26,191.98
2757780,0.11,-3.26,191.98
2757869,0.11,-3.26,191.98
2757957,0.10,-3.26,191.98
2758046,0.10,-3.26,191.98
2758135,0.11,-3.26,191.98
2758223,0.10,-3.26,191.98
2758312,0.10,-3.26,191.98
2758401,0.10,-3.26,191.97
2758490,0.10,-3.26,191.98
2758667,0.10,-3.26,191.97
2758844,0.10,-3.26,191.98
2759022,0.11,-3.26,191.98
2759199,0.10,-3.26,191.97
2759376,0.11,-3.26,191.98
2759554,0.11,-3.26,191.97
2759731,0.11,-3.26,191.98
2759909,0.10,-3.26,191.98
2760086,0.11,-3.26,191.98
2760263,0.11,-3.26,191.98
2760441,0.10,-3.26,191.98
2760618,0.10,-3.26,191.98
2760795,0.11,-3.26,191.98
2760973,0.10,-3.26,191.98
2761150,0.11,-3.25,191.98
2761327,0.11,-3.26,191.98
2761505,0.10,-3.26,191.98
2761682,0.10,-3.25,191.98
2761860,0.11,-3.25,191.98
2762037,0.10,-3.25,191.98
2762214,0.11,-3.25,191.98
2762392,0.11,-3.25,191.97
2762569,0.10,-3.25,191.97
2762746,0.11,-3.25,191.98
2762924,0.11,-3.25,191.97
2763101,0.11,-3.25,191.97
2763279,0.10,-3.25,191.97
2763456,0.11,-3.25,191.97
2763633,0.11,-3.25,191.97
2763811,0.10,-3.26,191.98
2763988,0.11,-3.25,191.98
2764165,0.10,-3.25,191.98
2764343,0.10,-3.25,191.98
2764520,0.10,-3.25,191.98
2764698,0.11,-3.25,191.98
2764875,0.10,-3.25,191.97
2764964,0.11,-3.25,191.97
2765052,0.11,-3.26,191.98
2765141,0.10,-3.25,191.97
2765230,0.10,-3.26,191.98
2765318,0.11,-3.25,191.97
2765407,0.11,-3.25,191.98
2765496,0.11,-3.25,191.97
2765584,0.11,-3.26,191.98
2765673,0.11,-3.25,191.97
2765762,0.11,-3.25,191.98
2765850,0.10,-3.25,191.97
2765939,0.11,-3.25,191.98
2766028,0.10,-3.25,191.97
2766117,0.10,-3.25,191.97
2766205,0.10,-3.25,191.97
2766294,0.10,-3.25,191.97
2766383,0.10,-3.25,191.97
2766471,0.10,-3.25,191.97
2766560,0.10,-3.25,191.97
2766649,0.10,-3.25,191.98
2766737,0.11,-3.25,191.98
2766826,0.11,-3.25,191.98
2766915,0.11,-3.25,191.98
2767003,0.11,-3.26,191.98
2767092,0.11,-3.26,191.97
2767181,0.10,-3.25,191.97
2767269,0.10,-3.26,191.97
2767358,0.10,-3.25,191.98
2767447,0.11,-3.25,191.97
2767536,0.10,-3.25,191.97
2767624,0.10,-3.26,191.97
2767713,0.10,-3.25,191.98
2767802,0.10,-3.25,191.97
2767890,0.10,-3.25,191.98
2767979,0.10,-3.25,191.97
2768068,0.11,-3.25,191.97
2768156,0.10,-3.26,191.97
2768245,0.11,-3.25,191.98
2768334,0.10,-3.25,191.98
2768422,0.10,-3.25,191.97
2768511,0.10,-3.26,191.97
2768600,0.11,-3.25,191.97
2768689,0.11,-3.26,191.98
2768777,0.11,-3.26,191.98
2768866,0.11,-3.26,191.98
2768955,0.11,-3.26,191.98
2769043,0.11,-3.26,191.98
2769132,0.10,-3.25,191.98
2769221,0.10,-3.26,191.98
2769309,0.10,-3.26,191.97
2769398,0.10,-3.25,191.97
2769487,0.10,-3.25,191.97
2769575,0.10,-3.26,191.97
2769664,0.10,-3.25,191.98
2769753,0.11,-3.26,191.98
2769841,0.10,-3.25,191.98
2769930,0.10,-3.26,191.98
2770019,0.10,-3.26,191.97
2770108,0.11,-3.26,191.97
2770196,0.11,-3.25,191.98
2770374,0.10,-3.25,191.98
2770551,0.11,-3.25,191.98
2770728,0.10,-3.26,191.98
2770906,0.10,-3.25,191.98
2771083,0.11,-3.25,191.98
2771260,0.10,-3.25,191.98
2771438,0.10,-3.26,191.98
2771615,0.10,-3.26,191.97
2771793,0.10,-3.26,191.97
2771970,0.10,-3.26,191.98
2772147,0.10,-3.26,191.98
2772325,0.11,-3.26,191.98
2772502,0.10,-3.26,191.97
2772679,0.11,-3.25,191.98
2772857,0.10,-3.25,191.97
2773034,0.10,-3.26,191.97
2773212,0.10,-3.26,191.97
2773389,0.11,-3.25,191.97
2773566,0.10,-3.26,191.98
2773744,0.10,-3.26,191.98
2773921,0.10,-3.26,191.98
2774098,0.10,-3.26,191.98
2774276,0.11,-3.26,191.97
2774453,0.10,-3.26,191.97
2774985,0.10,-3.26,191.97
2775163,0.10,-3.26,191.98
2775340,0.10,-3.26,191.98
2775517,0.10,-3.26,191.98
2775695,0.11,-3.26,191.98
2775872,0.11,-3.26,191.98
2776049,0.10,-3.26,191.97
2776227,0.11,-3.26,191.98
2776404,0.10,-3.26,191.98
2776582,0.11,-3.26,191.97
2776759,0.10,-3.26,191.98
2776936,0.11,-3.26,191.98
2777114,0.10,-3.26,191.97
2777291,0.09,-3.26,191.97
2777468,0.10,-3.26,191.98
2777646,0.11,-3.26,191.98
2777823,0.10,-3.26,191.98
2778000,0.10,-3.26,191.98
2778178,0.11,-3.26,191.98
2778355,0.10,-3.26,191.97
2778533,0.10,-3.26,191.98
2778710,0.11,-3.26,191.97
2778799,0.10,-3.26,191.97
2778887,0.10,-3.26,191.98
2778976,0.11,-3.26,191.98
2779065,0.10,-3.26,191.98
2779153,0.10,-3.26,191.97
2779242,0.10,-3.27,191.98
2779331,0.11,-3.27,191.98
2779419,0.11,-3.27,191.98
2779508,0.10,-3.27,191.97
2779597,0.10,-3.26,191.97
2779686,0.10,-3.27,191.98
2779774,0.10,-3.27,191.98
2779863,0.10,-3.27,191.98
2779952,0.10,-3.26,191.98
2780040,0.11,-3.26,191.97
2780129,0.11,-3.27,191.97
2780218,0.11,-3.27,191.97
2780306,0.11,-3.26,191.97
2780395,0.10,-3.26,191.98
2780484,0.10,-3.26,191.98
2780572,0.11,-3.27,191.98
2780661,0.11,-3.27,191.97
2780750,0.11,-3.26,191.97
2780927,0.11,-3.26,191.97
2781104,0.11,-3.26,191.97
2781282,0.11,-3.27,191.98
2781459,0.10,-3.26,191.98
2781637,0.11,-3.26,191.98
2781814,0.10,-3.27,191.97
2781991,0.10,-3.26,191.97
2782169,0.10,-3.27,191.97
2782257,0.10,-3.27,191.97
2782346,0.10,-3.27,191.97
2782435,0.10,-3.27,191.97
2782523,0.11,-3.27,191.98
2782612,0.10,-3.27,191.97
2782701,0.11,-3.27,191.97
2782789,0.10,-3.27,191.97
2782878,0.11,-3.27,191.97
2782967,0.11,-3.27,191.97
2783056,0.10,-3.26,191.97
2783144,0.10,-3.26,191.97
2783233,0.10,-3.26,191.97
2783322,0.11,-3.26,191.97
2783410,0.10,-3.26,191.97
2783499,0.11,-3.26,191.97
2783588,0.10,-3.26,191.97
2783676,0.10,-3.26,191.97
2783765,0.11,-3.26,191.97
2783854,0.11,-3.27,191.97
2783942,0.10,-3.27,191.97
2784031,0.10,-3.27,191.97
2784120,0.10,-3.27,191.97
2784208,0.11,-3.26,191.97
2784297,0.10,-3.26,191.97
2784386,0.11,-3.26,191.97
2784474,0.11,-3.26,191.97
2784563,0.11,-3.26,191.97
2784652,0.11,-3.26,191.97
2784741,0.10,-3.26,191.97
2784829,0.10,-3.26,191.97
2784918,0.11,-3.26,191.97
2785007,0.10,-3.26,191.97
2785095,0.10,-3.26,191.97
2785184,0.11,-3.26,191.97
2785273,0.11,-3.26,191.97
2785361,0.11,-3.27,191.97
2785450,0.11,-3.26,191.97
2785539,0.10,-3.26,191.97
2785627,0.10,-3.27,191.97
2785716,0.10,-3.26,191.97
2785805,0.10,-3.26,191.97
2785893,0.10,-3.26,191.97
2785982,0.10,-3.26,191.97
2786071,0.11,-3.26,191.97
2786160,0.11,-3.26,191.97
2786248,0.10,-3.26,191.97
2786337,0.10,-3.27,191.97
2786426,0.10,-3.27,191.97
2786514,0.10,-3.27,191.97
2786603,0.10,-3.26,191.97
2786780,0.10,-3.26,191.97
2786958,0.10,-3.26,191.97
2787135,0.11,-3.26,191.97
2787313,0.11,-3.26,191.97
2787490,0.10,-3.27,191.97
2787667,0.10,-3.27,191.97
2787845,0.11,-3.27,191.97
2788022,0.11,-3.26,191.97
2788199,0.10,-3.27,191.97
2788377,0.11,-3.27,191.97
2788554,0.10,-3.27,191.97
2788732,0.10,-3.27,191.97
2788909,0.10,-3.27,191.97
2789086,0.09,-3.27,191.97
2789264,0.11,-3.27,191.97
2789441,0.10,-3.27,191.97
2789618,0.11,-3.27,191.97
2789796,0.10,-3.27,191.97
2789973,0.11,-3.27,191.97
2790151,0.11,-3.27,191.97
2790328,0.10,-3.26,191.97
2790505,0.10,-3.27,191.97
2790683,0.10,-3.27,191.97
2790860,0.11,-3.27,191.97
2791037,0.10,-3.27,191.97
2791215,0.11,-3.27,191.97
2791392,0.11,-3.27,191.97
2791570,0.10,-3.27,191.97
2791747,0.11,-3.27,191.97
2791836,0.10,-3.27,191.97
2791924,0.10,-3.27,191.97
2792013,0.10,-3.27,191.97
2792102,0.11,-3.27,191.97
2792190,0.10,-3.27,191.97
2792279,0.10,-3.27,191.97
2792368,0.11,-3.27,191.97
2792545,0.11,-3.27,191.97
2792723,0.10,-3.28,191.97
2792900,0.10,-3.27,191.97
2793077,0.11,-3.27,191.97
2793255,0.10,-3.27,191.97
2793432,0.11,-3.27,191.97
2793609,0.10,-3.27,191.97
2793698,0.10,-3.27,191.97
2793787,0.10,-3.27,191.97
2793875,0.10,-3.27,191.97
2793964,0.10,-3.27,191.97
2794053,0.11,-3.28,191.97
2794142,0.11,-3.28,191.97
2794230,0.10,-3.28,191.97
2794319,0.10,-3.27,191.97
2794408,0.10,-3.27,191.97
2794496,0.11,-3.28,191.97
2794585,0.10,-3.27,191.97
2794674,0.10,-3.27,191.97
2794762,0.11,-3.27,191.97
2794851,0.11,-3.27,191.97
2794940,0.11,-3.27,191.97
2795028,0.11,-3.27,191.97
2795117,0.11,-3.27,191.97
2795206,0.11,-3.27,191.97
2795294,0.10,-3.27,191.97
2795383,0.10,-3.27,191.97
2795472,0.10,-3.27,191.97
2795561,0.11,-3.27,191.97
2795649,0.11,-3.27,191.97
2795738,0.11,-3.27,191.97
2795827,0.11,-3.27,191.97
2795915,0.11,-3.27,191.97
2796004,0.11,-3.27,191.97
2796093,0.10,-3.27,191.97
2796181,0.11,-3.27,191.97
2796270,0.11,-3.27,191.97
2796359,0.10,-3.27,191.97
2796447,0.10,-3.27,191.97
2796536,0.10,-3.27,191.97
2796625,0.10,-3.27,191.97
2796713,0.10,-3.27,191.97
2796802,0.10,-3.27,191.97
2796891,0.11,-3.27,191.97
2796979,0.10,-3.27,191.97
2797068,0.10,-3.27,191.97
2797157,0.10,-3.27,191.97
2797246,0.11,-3.27,191.97
2797334,0.11,-3.27,191.97
2797423,0.11,-3.27,191.97
2797512,0.11,-3.27,191.98
2797600,0.11,-3.27,191.97
2797689,0.11,-3.27,191.97
2797778,0.11,-3.27,191.97
2797866,0.11,-3.27,191.97
2797955,0.11,-3.28,191.97
2798044,0.11,-3.28,191.97
2798132,0.10,-3.28,191.97
2798221,0.11,-3.28,191.97
2798310,0.11,-3.27,191.97
2798487,0.11,-3.27,191.97
2798664,0.11,-3.27,191.97
2798842,0.10,-3.27,191.97
2799019,0.10,-3.27,191.97
2799196,0.10,-3.27,191.97
2799374,0.10,-3.27,191.97
2799551,0.11,-3.27,191.97
2799728,0.11,-3.27,191.97
2799906,0.10,-3.26,191.97
2800083,0.10,-3.28,191.98
2800261,0.11,-3.27,191.97
2800438,0.11,-3.27,191.98
2800615,0.10,-3.27,191.97
2800793,0.10,-3.27,191.97
2800970,0.10,-3.27,191.97
2801147,0.09,-3.27,191.97
2801325,0.10,-3.27,191.97
2801414,0.10,-3.27,191.97
2801502,0.10,-3.27,191.97
2801591,0.11,-3.27,191.97
2801680,0.10,-3.27,191.97
2801768,0.11,-3.27,191.97
2801857,0.11,-3.27,191.97
2801946,0.10,-3.27,191.97
2802034,0.11,-3.27,191.97
2802123,0.10,-3.27,191.97
2802212,0.10,-3.28,191.97
2802300,0.10,-3.27,191.97
2802389,0.10,-3.27,191.97
2802478,0.11,-3.27,191.97
2802566,0.11,-3.27,191.97
2802655,0.11,-3.27,191.97
2802744,0.10,-3.27,191.97
2802832,0.10,-3.27,191.97
2802921,0.11,-3.28,191.97
2803010,0.10,-3.27,191.97
2803099,0.10,-3.28,191.97
2803187,0.11,-3.27,191.97
2803276,0.11,-3.28,191.98
2803365,0.11,-3.28,191.97
2803453,0.10,-3.28,191.98
2803542,0.11,-3.27,191.98
2803631,0.11,-3.28,191.98
2803719,0.10,-3.28,191.97
2803808,0.11,-3.28,191.97
2803897,0.11,-3.27,191.97
2803985,0.11,-3.28,191.97
2804074,0.11,-3.27,191.97
2804251,0.10,-3.28,191.97
2804429,0.11,-3.28,191.97
2804606,0.10,-3.27,191.97
2804784,0.11,-3.28,191.97
2804961,0.10,-3.27,191.98
2805138,0.10,-3.27,191.98
2805316,0.10,-3.27,191.97
2805493,0.10,-3.28,191.97
2805670,0.10,-3.27,191.97
2805848,0.11,-3.27,191.98
2806025,0.11,-3.28,191.98
2806203,0.11,-3.28,191.97
2806380,0.11,-3.27,191.97
2806557,0.11,-3.27,191.97
2806735,0.10,-3.28,191.97
2806912,0.12,-3.27,191.97
2807089,0.10,-3.27,191.97
2807267,0.10,-3.27,191.97
2807444,0.11,-3.27,191.97
2807621,0.12,-3.27,191.97
2807799,0.11,-3.27,191.97
2807976,0.11,-3.27,191.97
2808154,0.10,-3.28,191.97
2808331,0.10,-3.27,191.97
2808508,0.10,-3.27,191.98
2808686,0.11,-3.27,191.97
2808774,0.10,-3.27,191.98
2808863,0.10,-3.27,191.97
2808952,0.10,-3.27,191.97
2809040,0.11,-3.27,191.97
2809129,0.11,-3.27,191.97
2809218,0.11,-3.27,191.97
2809306,0.11,-3.27,191.97
2809395,0.11,-3.27,191.97
2809484,0.11,-3.27,191.98
2809572,0.11,-3.26,191.97
2809661,0.10,-3.27,191.98
2809839,0.11,-3.27,191.97
2810016,0.10,-3.27,191.97
2810193,0.11,-3.27,191.97
2810371,0.10,-3.27,191.97
2810548,0.11,-3.28,191.97
2810725,0.11,-3.27,191.97
2810903,0.10,-3.27,191.97
2810991,0.10,-3.27,191.97
2811080,0.10,-3.27,191.97
2811169,0.11,-3.27,191.97
2811258,0.10,-3.27,191.97
2811346,0.10,-3.27,191.98
2811435,0.10,-3.27,191.98
2811524,0.10,-3.27,191.98
2811612,0.11,-3.27,191.98
2811701,0.11,-3.27,191.98
2811790,0.11,-3.26,191.97
2811878,0.10,-3.27,191.98
2811967,0.10,-3.27,191.98
2812056,0.10,-3.27,191.98
2812144,0.11,-3.27,191.98
2812233,0.11,-3.27,191.98
2812322,0.11,-3.27,191.98
2812410,0.11,-3.27,191.98
2812499,0.10,-3.27,191.98
2812588,0.10,-3.27,191.97
2812677,0.10,-3.26,191.97
2812765,0.11,-3.27,191.98
2812854,0.11,-3.27,191.98
2812943,0.11,-3.27,191.98
2813031,0.11,-3.27,191.98
2813120,0.10,-3.27,191.98
2813209,0.11,-3.27,191.98
2813297,0.10,-3.26,191.98
2813386,0.10,-3.26,191.98
2813475,0.11,-3.27,191.98
2813563,0.11,-3.27,191.98
2813652,0.10,-3.27,191.97
2813741,0.11,-3.27,191.98
2813829,0.11,-3.27,191.98
2813918,0.10,-3.27,191.98
2814007,0.10,-3.27,191.98
2814096,0.10,-3.27,191.98
2814184,0.10,-3.27,191.98
2814273,0.11,-3.27,191.98
2814362,0.11,-3.27,191.98
2814450,0.11,-3.27,191.98
2814539,0.11,-3.27,191.98
2814628,0.10,-3.27,191.97
2814716,0.10,-3.27,191.98
2814805,0.11,-3.26,191.98
2814894,0.10,-3.26,191.97
2814982,0.10,-3.27,191.98
2815071,0.10,-3.27,191.98
2815160,0.10,-3.27,191.98
2815248,0.10,-3.27,191.97
2815337,0.11,-3.27,191.98
2815426,0.11,-3.27,191.97
2815515,0.11,-3.27,191.98
2815603,0.11,-3.27,191.97
2815692,0.11,-3.27,191.98
2815781,0.11,-3.27,191.97
2815958,0.11,-3.27,191.98
2816135,0.11,-3.26,191.98
2816313,0.11,-3.26,191.97
2816490,0.11,-3.26,191.98
2816667,0.10,-3.26,191.98
2816845,0.11,-3.26,191.97
2817022,0.10,-3.27,191.97
2817200,0.11,-3.26,191.97
2817377,0.11,-3.26,191.97
2817554,0.11,-3.26,191.97
2817732,0.10,-3.26,191.97
2817909,0.10,-3.26,191.98
2818086,0.11,-3.27,191.98
2818264,0.10,-3.26,191.97
2818441,0.10,-3.26,191.97
2818619,0.11,-3.26,191.98
2818796,0.11,-3.27,191.98
2818973,0.11,-3.26,191.98
2819151,0.10,-3.26,191.98
2819328,0.10,-3.26,191.98
2819505,0.11,-3.27,191.97
2819683,0.10,-3.26,191.97
2819860,0.10,-3.26,191.98
2820038,0.10,-3.27,191.98
2820215,0.11,-3.26,191.97
2820392,0.10,-3.26,191.98
2820481,0.10,-3.27,191.98
2820570,0.10,-3.26,191.98
2820658,0.11,-3.26,191.98
2820747,0.11,-3.27,191.98
2820836,0.11,-3.26,191.98
2820924,0.10,-3.26,191.97
2821013,0.10,-3.26,191.97
2821102,0.10,-3.26,191.98
2821191,0.11,-3.26,191.97
2821279,0.11,-3.26,191.97
2821368,0.11,-3.26,191.98
2821457,0.11,-3.26,191.98
2821545,0.10,-3.26,191.98
2821634,0.10,-3.26,191.98
2821811,0.11,-3.26,191.98
2821989,0.11,-3.26,191.98
2822166,0.11,-3.26,191.98
2822343,0.11,-3.27,191.98
2822521,0.11,-3.27,191.98
2822698,0.11,-3.27,191.98
2822876,0.10,-3.26,191.98
2823053,0.11,-3.27,191.98
2823230,0.11,-3.26,191.98
2823408,0.10,-3.26,191.98
2823585,0.10,-3.27,191.98
2823674,0.11,-3.26,191.98
2823762,0.10,-3.26,191.98
2823851,0.10,-3.26,191.98
2823940,0.11,-3.26,191.98
2824028,0.10,-3.27,191.98
2824117,0.11,-3.26,191.98
2824206,0.11,-3.26,191.98
2824295,0.11,-3.26,191.98
2824383,0.10,-3.26,191.98
2824472,0.11,-3.26,191.98
2824561,0.10,-3.26,191.98
2824649,0.11,-3.27,191.98
2824738,0.11,-3.27,191.98
2824827,0.11,-3.26,191.98
2824915,0.10,-3.26,191.98
2825004,0.10,-3.26,191.97
2825093,0.10,-3.27,191.98
2825181,0.10,-3.27,191.98
2825270,0.10,-3.27,191.98
2825359,0.10,-3.26,191.98
2825447,0.10,-3.26,191.98
2825536,0.10,-3.26,191.98
2825625,0.11,-3.27,191.98
2825713,0.11,-3.26,191.98
2825802,0.11,-3.26,191.98
2825891,0.11,-3.26,191.98
2825979,0.11,-3.26,191.98
2826068,0.10,-3.27,191.98
2826157,0.10,-3.27,191.98
2826245,0.10,-3.27,191.98
2826334,0.11,-3.26,191.98
2826423,0.10,-3.26,191.98
2826511,0.10,-3.27,191.98
2826600,0.11,-3.26,191.97
2826689,0.11,-3.26,191.98
2826778,0.11,-3.27,191.98
2826866,0.11,-3.27,191.98
2826955,0.11,-3.27,191.98
2827044,0.10,-3.27,191.98
2827132,0.11,-3.26,191.98
2827221,0.11,-3.27,191.98
2827310,0.11,-3.27,191.98
2827398,0.10,-3.27,191.98
2827487,0.10,-3.27,191.98
2827664,0.11,-3.26,191.98
2827842,0.11,-3.27,191.98
2828019,0.10,-3.26,191.98
2828197,0.11,-3.26,191.98
2828374,0.11,-3.27,191.98
2828551,0.11,-3.27,191.98
2828729,0.11,-3.27,191.98
2828906,0.10,-3.27,191.98
2829083,0.11,-3.26,191.98
2829261,0.10,-3.26,191.98
2829438,0.10,-3.27,191.98
2829616,0.10,-3.26,191.98
2829793,0.10,-3.26,191.98
2829970,0.11,-3.27,191.98
2830059,0.11,-3.27,191.98
2830148,0.11,-3.26,191.98
2830236,0.11,-3.26,191.98
2830325,0.11,-3.26,191.98
2830414,0.11,-3.27,191.98
2830502,0.11,-3.27,191.98
2830591,0.11,-3.27,191.98
2830680,0.11,-3.26,191.98
2830768,0.11,-3.27,191.98
2830857,0.11,-3.27,191.98
2830946,0.10,-3.27,191.98
2831035,0.10,-3.27,191.98
2831123,0.11,-3.27,191.98
2831212,0.11,-3.27,191.98
2831301,0.11,-3.27,191.98
2831389,0.10,-3.27,191.99
2831478,0.11,-3.27,191.99
2831567,0.11,-3.27,191.98
2831655,0.11,-3.27,191.98
2831744,0.10,-3.26,191.98
2831833,0.11,-3.27,191.98
2831921,0.11,-3.27,191.98
2832010,0.11,-3.27,191.98
2832099,0.11,-3.27,191.98
2832187,0.11,-3.27,191.98
2832276,0.11,-3.27,191.98
2832365,0.10,-3.27,191.98
2832453,0.10,-3.27,191.98
2832542,0.11,-3.27,191.98
2832631,0.11,-3.27,191.98
2832720,0.11,-3.27,191.98
2832808,0.11,-3.27,191.98
2832897,0.11,-3.27,191.98
2832986,0.11,-3.26,191.98
2833074,0.11,-3.27,191.98
2833163,0.11,-3.27,191.98
2833252,0.11,-3.27,191.98
2833340,0.10,-3.27,191.98
2833518,0.10,-3.27,191.99
2833695,0.10,-3.26,191.98
2833872,0.11,-3.26,191.98
2834050,0.11,-3.26,191.98
2834227,0.10,-3.27,191.98
2834405,0.11,-3.27,191.98
2834582,0.11,-3.27,191.98
2834759,0.10,-3.27,191.98
2834937,0.11,-3.26,191.98
2835114,0.10,-3.27,191.99
2835291,0.10,-3.26,191.98
2835469,0.10,-3.26,191.98
2835646,0.10,-3.26,191.98
2835824,0.11,-3.27,191.98
2836001,0.10,-3.27,191.98
2836178,0.10,-3.26,191.98
2836356,0.11,-3.26,191.98
2836533,0.10,-3.26,191.98
2836710,0.11,-3.27,191.98
2836888,0.10,-3.26,191.98
2837065,0.10,-3.26,191.98
2837242,0.11,-3.27,191.98
2837420,0.11,-3.26,191.98
2837597,0.10,-3.27,191.98
2837775,0.11,-3.26,191.98
2837952,0.11,-3.26,191.98
2838129,0.11,-3.27,191.98
2838307,0.10,-3.27,191.98
2838484,0.10,-3.27,191.98
2838661,0.11,-3.27,191.98
2838839,0.11,-3.27,191.98
2839016,0.10,-3.27,191.98
2839194,0.11,-3.27,191.98
2839371,0.11,-3.26,191.98
2839548,0.11,-3.26,191.98
2839637,0.10,-3.26,191.98
2839726,0.11,-3.26,191.98
2839814,0.11,-3.27,191.98
2839903,0.11,-3.26,191.98
2839992,0.11,-3.27,191.98
2840080,0.11,-3.27,191.98
2840169,0.11,-3.27,191.98
2840258,0.11,-3.27,191.98
2840346,0.11,-3.26,191.98
2840435,0.11,-3.26,191.98
2840524,0.11,-3.26,191.98
2840612,0.11,-3.27,191.98
2840701,0.11,-3.27,191.98
2840790,0.11,-3.27,191.98
2840879,0.10,-3.26,191.98
2840967,0.10,-3.26,191.98
2841056,0.10,-3.26,191.98
2841145,0.10,-3.26,191.98
2841233,0.11,-3.27,191.98
2841322,0.11,-3.27,191.98
2841411,0.11,-3.27,191.98
2841499,0.12,-3.26,191.98
2841588,0.11,-3.26,191.98
2841677,0.11,-3.26,191.98
2841765,0.11,-3.26,191.98
2841854,0.11,-3.27,191.98
2841943,0.11,-3.27,191.98
2842031,0.10,-3.26,191.98
2842120,0.10,-3.26,191.98
2842209,0.11,-3.27,191.98
2842297,0.10,-3.27,191.98
2842386,0.10,-3.27,191.98
2842475,0.10,-3.26,191.98
2842564,0.10,-3.26,191.98
2842652,0.11,-3.26,191.98
2842741,0.11,-3.26,191.98
2842830,0.11,-3.26,191.98
2842918,0.11,-3.26,191.98
2843007,0.11,-3.26,191.98
2843096,0.11,-3.26,191.98
2843184,0.10,-3.27,191.98
2843273,0.10,-3.27,191.98
2843362,0.10,-3.26,191.98
2843450,0.11,-3.26,191.98
2843539,0.11,-3.26,191.98
2843628,0.11,-3.26,191.98
2843716,0.11,-3.26,191.98
2843805,0.10,-3.26,191.98
2843894,0.11,-3.26,191.98
2843982,0.11,-3.27,191.98
2844071,0.11,-3.27,191.98
2844160,0.10,-3.27,191.98
2844249,0.11,-3.26,191.98
2844337,0.11,-3.27,191.98
2844426,0.11,-3.26,191.98
2844515,0.11,-3.26,191.98
2844603,0.10,-3.26,191.98
2844692,0.09,-3.27,191.98
2844781,0.10,-3.26,191.98
2844869,0.11,-3.27,191.98
2844958,0.11,-3.26,191.98
2845047,0.10,-3.27,191.98
2845224,0.10,-3.27,191.98
2845401,0.11,-3.26,191.98
2845579,0.10,-3.26,191.98
2845756,0.10,-3.26,191.98
2845933,0.11,-3.27,191.98
2846111,0.11,-3.26,191.98
2846288,0.10,-3.26,191.98
2846466,0.11,-3.26,191.98
2846643,0.10,-3.27,191.98
2846820,0.10,-3.27,191.98
2846998,0.11,-3.26,191.98
2847175,0.10,-3.27,191.98
2847352,0.10,-3.26,191.98
2847530,0.10,-3.26,191.98
2847707,0.10,-3.27,191.98
2847885,0.11,-3.26,191.98
2848062,0.10,-3.26,191.98
2848239,0.10,-3.26,191.98
2848417,0.11,-3.26,191.98
2848594,0.11,-3.26,191.98
2848771,0.10,-3.27,191.98
2848949,0.10,-3.26,191.98
2849126,0.10,-3.26,191.98
2849303,0.11,-3.26,191.98
2849392,0.10,-3.26,191.98
2849481,0.09,-3.27,191.98
2849569,0.10,-3.27,191.98
2849658,0.11,-3.26,191.98
2849747,0.10,-3.26,191.98
2849835,0.10,-3.26,191.98
2849924,0.10,-3.26,191.98
2850013,0.11,-3.26,191.98
2850102,0.10,-3.27,191.98
2850190,0.10,-3.26,191.98
2850279,0.10,-3.26,191.98
2850368,0.11,-3.26,191.98
2850456,0.10,-3.26,191.98
2850545,0.10,-3.27,191.98
2850634,0.11,-3.26,191.98
2850722,0.11,-3.26,191.98
2850811,0.10,-3.26,191.98
2850988,0.10,-3.26,191.98
2851166,0.11,-3.27,191.98
2851343,0.10,-3.26,191.98
2851520,0.11,-3.26,191.98
2851698,0.11,-3.26,191.98
2851875,0.11,-3.26,191.98
2852053,0.10,-3.26,191.98
2852230,0.11,-3.26,191.98
2852407,0.10,-3.26,191.98
2852585,0.10,-3.26,191.98
2852762,0.10,-3.26,191.98
2852939,0.10,-3.26,191.98
2853117,0.11,-3.26,191.98
2853294,0.11,-3.26,191.98
2853471,0.11,-3.27,191.98
2853560,0.10,-3.26,191.98
2853649,0.10,-3.27,191.98
2853738,0.10,-3.27,191.98
2853826,0.11,-3.27,191.98
2853915,0.11,-3.26,191.98
2854004,0.11,-3.26,191.98
2854092,0.10,-3.26,191.98
2854181,0.10,-3.27,191.98
2854270,0.10,-3.26,191.98
2854358,0.10,-3.27,191.98
2854447,0.11,-3.26,191.98
2854536,0.10,-3.26,191.98
2854624,0.11,-3.26,191.98
2854713,0.10,-3.26,191.98
2854802,0.10,-3.26,191.98
2854890,0.11,-3.26,191.98
2854979,0.11,-3.27,191.98
2855068,0.11,-3.26,191.98
2855156,0.11,-3.26,191.98
2855245,0.10,-3.26,191.98
2855334,0.10,-3.26,191.98
2855422,0.10,-3.27,191.98
2855511,0.11,-3.27,191.98
2855600,0.12,-3.27,191.98
2855689,0.11,-3.27,191.98
2855777,0.11,-3.27,191.98
2855866,0.10,-3.26,191.98
2855955,0.10,-3.26,191.98
2856043,0.10,-3.26,191.98
2856132,0.11,-3.26,191.98
2856221,0.11,-3.26,191.98
2856309,0.11,-3.26,191.98
2856398,0.11,-3.26,191.98
2856487,0.10,-3.26,191.98
2856575,0.11,-3.26,191.98
2856664,0.11,-3.26,191.98
2856753,0.11,-3.26,191.98
2856930,0.11,-3.26,191.98
2857107,0.11,-3.27,191.98
2857285,0.10,-3.26,191.98
2857462,0.11,-3.26,191.98
2857640,0.10,-3.26,191.98
2857817,0.10,-3.26,191.98
2857994,0.11,-3.26,191.98
2858172,0.11,-3.27,191.98
2858349,0.11,-3.27,191.98
2858526,0.10,-3.27,191.98
2858704,0.10,-3.27,191.98
2858881,0.11,-3.26,191.98
2858970,0.10,-3.26,191.98
2859059,0.10,-3.26,191.98
2859147,0.10,-3.26,191.98
2859236,0.10,-3.26,191.98
2859325,0.10,-3.26,191.98
2859413,0.10,-3.26,191.98
2859502,0.10,-3.26,191.98
2859591,0.10,-3.26,191.98
2859679,0.10,-3.26,191.98
2859768,0.10,-3.26,191.98
2859857,0.10,-3.26,191.98
2859945,0.10,-3.27,191.98
2860034,0.10,-3.26,191.98
2860123,0.10,-3.26,191.98
2860211,0.10,-3.26,191.98
2860300,0.11,-3.27,191.98
2860389,0.11,-3.27,191.98
2860477,0.11,-3.27,191.98
2860566,0.11,-3.27,191.98
2860655,0.10,-3.27,191.98
2860744,0.10,-3.27,191.98
2860832,0.10,-3.27,191.98
2860921,0.11,-3.27,191.98
2861010,0.11,-3.27,191.98
2861098,0.11,-3.27,191.98
2861187,0.11,-3.27,191.98
2861276,0.11,-3.27,191.98
2861364,0.10,-3.27,191.98
2861453,0.11,-3.27,191.98
2861542,0.11,-3.27,191.98
2861630,0.10,-3.27,191.98
2861719,0.10,-3.27,191.98
2861808,0.10,-3.27,191.98
2861896,0.10,-3.27,191.98
2861985,0.11,-3.27,191.98
2862074,0.10,-3.27,191.98
2862162,0.10,-3.27,191.98
2862251,0.11,-3.27,191.98
2862340,0.10,-3.27,191.98
2862428,0.10,-3.27,191.98
2862517,0.11,-3.27,191.98
2862695,0.11,-3.27,191.98
2862872,0.10,-3.26,191.98
2863049,0.11,-3.27,191.98
2863227,0.10,-3.27,191.98
2863404,0.12,-3.27,191.98
2863581,0.10,-3.27,191.98
2863759,0.11,-3.27,191.98
2863936,0.11,-3.27,191.97
2864113,0.10,-3.27,191.98
2864291,0.10,-3.27,191.98
2864468,0.11,-3.27,191.98
2864646,0.10,-3.27,191.98
2864823,0.10,-3.27,191.98
2865000,0.10,-3.27,191.98
2865178,0.11,-3.27,191.98
2865355,0.10,-3.27,191.98
2865532,0.11,-3.27,191.98
2865710,0.10,-3.27,191.98
2865887,0.11,-3.27,191.98
2866064,0.11,-3.27,191.98
2866242,0.10,-3.27,191.98
2866419,0.11,-3.27,191.98
2866597,0.10,-3.27,191.98
2866774,0.10,-3.27,191.98
2866951,0.11,-3.27,191.99
2867129,0.10,-3.27,191.98
2867306,0.11,-3.27,191.98
2867483,0.11,-3.27,191.98
2867661,0.11,-3.28,191.99
2867838,0.10,-3.27,191.99
2868015,0.10,-3.27,191.98
2868193,0.11,-3.27,191.98
2868370,0.11,-3.27,191.99
2868548,0.11,-3.27,191.99
2868636,0.10,-3.28,191.99
2868725,0.10,-3.28,191.99
2868814,0.10,-3.28,191.99
2868902,0.11,-3.28,191.99
2868991,0.11,-3.28,191.99
2869080,0.11,-3.28,191.98
2869168,0.11,-3.28,191.99
2869257,0.11,-3.28,191.99
2869346,0.11,-3.28,191.99
2869434,0.10,-3.28,191.99
2869523,0.11,-3.27,191.99
2869612,0.11,-3.27,191.99
2869700,0.10,-3.27,191.99
2869789,0.11,-3.28,191.99
2869878,0.11,-3.28,191.99
2869966,0.10,-3.28,191.99
2870055,0.10,-3.28,191.99
2870144,0.11,-3.28,191.99
2870233,0.11,-3.28,191.99
2870321,0.11,-3.28,191.99
2870410,0.12,-3.28,191.99
2870499,0.11,-3.28,191.99
2870587,0.11,-3.28,191.99
2870676,0.11,-3.28,191.99
2870765,0.11,-3.28,191.99
2870853,0.11,-3.28,191.99
2870942,0.11,-3.28,191.99
2871031,0.10,-3.28,191.99
2871119,0.10,-3.28,191.99
2871208,0.10,-3.28,191.99
2871297,0.10,-3.28,191.99
2871385,0.10,-3.28,191.99
2871474,0.10,-3.28,191.99
2871563,0.10,-3.28,191.99
2871651,0.11,-3.28,191.99
2871740,0.11,-3.28,191.99
2871829,0.10,-3.28,191.99
2871917,0.10,-3.28,191.99
2872006,0.11,-3.28,191.99
2872095,0.11,-3.28,191.99
2872183,0.11,-3.28,191.99
2872272,0.11,-3.28,191.98
2872361,0.10,-3.28,191.99
2872450,0.10,-3.28,191.99
2872538,0.11,-3.28,191.99
2872627,0.11,-3.28,191.99
2872716,0.11,-3.28,191.99
2872804,0.11,-3.28,191.99
2872893,0.10,-3.28,191.99
2872982,0.10,-3.28,191.99
2873070,0.11,-3.28,191.99
2873159,0.11,-3.28,191.99
2873248,0.11,-3.28,191.99
2873336,0.11,-3.28,191.99
2873425,0.10,-3.28,191.99
2873514,0.10,-3.28,191.99
2873602,0.11,-3.28,191.99
2873691,0.11,-3.28,191.99
2873780,0.10,-3.28,191.99
2873868,0.10,-3.28,191.99
2873957,0.10,-3.28,191.99
2874046,0.11,-3.28,191.99
2874135,0.11,-3.28,191.98
2874223,0.11,-3.28,191.99
2874401,0.12,-3.28,191.99
2874578,0.11,-3.28,191.99
2874755,0.11,-3.27,191.99
2874933,0.11,-3.28,191.99
2875110,0.10,-3.28,191.99
2875287,0.11,-3.27,191.98
2875465,0.11,-3.28,191.98
2875642,0.11,-3.27,191.98
2875819,0.11,-3.28,191.98
2875997,0.11,-3.27,191.98
2876174,0.10,-3.27,191.99
2876352,0.11,-3.27,191.98
2876529,0.11,-3.27,191.99
2876706,0.10,-3.28,191.99
2876884,0.10,-3.27,191.99
2877061,0.11,-3.28,191.98
2877238,0.11,-3.27,191.98
2877416,0.11,-3.28,191.98
2877593,0.11,-3.28,191.98
2877771,0.10,-3.28,191.98
2877948,0.10,-3.27,191.99
2878125,0.10,-3.28,191.99
2878214,0.11,-3.28,191.98
2878303,0.11,-3.28,191.98
2878391,0.10,-3.28,191.98
2878480,0.10,-3.28,191.99
2878569,0.11,-3.28,191.99
2878657,0.12,-3.28,191.99
2878746,0.11,-3.28,191.99
2878835,0.11,-3.28,191.99
2878923,0.10,-3.28,191.99
2879012,0.11,-3.27,191.99
2879101,0.11,-3.28,191.99
2879189,0.10,-3.28,191.99
2879278,0.10,-3.28,191.99
2879367,0.11,-3.28,191.99
2879456,0.11,-3.28,191.99
2879544,0.11,-3.27,191.99
2879633,0.11,-3.27,191.99
2879722,0.11,-3.28,191.99
2879810,0.11,-3.28,191.99
2879899,0.10,-3.28,191.99
2879988,0.10,-3.28,191.99
2880076,0.11,-3.27,191.99
2880254,0.11,-3.28,191.99
2880431,0.11,-3.28,191.99
2880608,0.10,-3.27,191.99
2880786,0.10,-3.27,191.99
2880963,0.11,-3.28,191.99
2881141,0.11,-3.27,191.99
2881318,0.11,-3.28,191.99
2881495,0.11,-3.28,191.99
2881673,0.11,-3.28,191.99
2881850,0.11,-3.28,191.99
2882027,0.10,-3.27,191.98
2882205,0.10,-3.28,191.99
2882382,0.10,-3.27,191.99
2882560,0.11,-3.27,191.99
2882737,0.11,-3.27,191.99
2882914,0.11,-3.28,191.99
2883092,0.11,-3.27,191.99
2883269,0.10,-3.27,191.99
2883358,0.10,-3.27,191.98
2883446,0.11,-3.28,191.98
2883535,0.10,-3.27,191.98
2883624,0.11,-3.27,191.98
2883713,0.11,-3.27,191.99
2883801,0.11,-3.27,191.99
2883890,0.10,-3.27,191.99
2883979,0.10,-3.28,191.99
2884067,0.10,-3.27,191.99
2884156,0.10,-3.27,191.98
2884245,0.11,-3.27,191.98
2884333,0.11,-3.27,191.99
2884422,0.10,-3.28,191.99
2884511,0.11,-3.27,191.99
2884599,0.11,-3.27,191.98
2884688,0.11,-3.27,191.98
2884777,0.10,-3.27,191.98
2884866,0.10,-3.27,191.99
2884954,0.10,-3.28,191.99
2885043,0.10,-3.28,191.99
2885131,0.11,-3.27,191.99
2885220,0.10,-3.28,191.99
2885309,0.10,-3.28,191.99
2885398,0.10,-3.28,191.99
2885486,0.10,-3.28,191.99
2885575,0.10,-3.28,191.99
2885664,0.10,-3.27,191.99
2885752,0.11,-3.28,191.99
2885841,0.10,-3.28,191.99
2885930,0.10,-3.27,191.98
2886107,0.10,-3.27,191.98
2886284,0.10,-3.27,191.99
2886462,0.10,-3.27,191.99
2886639,0.11,-3.27,191.98
2886817,0.10,-3.27,191.99
2886994,0.11,-3.27,191.99
2887171,0.11,-3.27,191.99
2887349,0.11,-3.27,191.99
2887526,0.10,-3.27,191.98
2887703,0.11,-3.27,191.98
2888147,0.11,-246.07,191.98
2888236,0.11,-246.07,191.98
2888768,0.10,-3.27,191.99
2888856,0.10,-3.27,191.99
2888945,0.10,-3.27,191.98
2889034,0.10,-3.27,191.98
2889122,0.11,-3.27,191.98
2889211,0.11,-3.27,191.98
2889300,0.10,-3.27,191.98
2889388,0.10,-3.27,191.99
2889477,0.11,-3.27,191.99
2889566,0.10,-3.27,191.99
2889655,0.10,-3.27,191.99
2889743,0.11,-3.26,191.98
2889832,0.11,-3.27,191.98
2889921,0.10,-3.27,191.98
2890009,0.10,-3.27,191.99
2890098,0.10,-3.27,191.99
2890187,0.11,-3.27,191.99
2890275,0.11,-3.27,191.99
2890364,0.10,-3.27,191.98
2890453,0.11,-3.27,191.98
2890541,0.11,-3.27,191.98
2890630,0.11,-3.27,191.98
2890807,0.10,-3.27,191.99
2890985,0.10,-3.27,191.99
2891162,0.11,-3.27,191.99
2891340,0.10,-3.27,191.99
2891517,0.10,-3.27,191.99
2891694,0.11,-3.27,191.99
2891872,0.10,-3.27,191.99
2892049,0.10,-3.27,191.99
2892226,0.11,-3.27,191.99
2892404,0.10,-3.27,191.99
2892581,0.11,-3.27,191.99
2892759,0.11,-3.27,191.98
2892936,0.10,-3.27,191.99
2893113,0.10,-3.27,191.98
2893291,0.11,-3.27,191.99
2893468,0.10,-3.27,191.99
2893645,0.11,-3.27,191.99
2893823,0.10,-3.27,191.99
2894000,0.11,-3.27,191.99
2894178,0.10,-3.27,191.99
2894355,0.10,-3.27,191.99
2894532,0.10,-3.27,191.99
2894710,0.10,-3.27,191.99
2894887,0.11,-3.27,191.99
2895064,0.10,-3.27,191.99
2895242,0.11,-3.27,191.99
2895419,0.10,-3.27,191.99
2895508,0.10,-3.27,191.99
2895597,0.11,-3.27,191.99
2895685,0.10,-3.27,191.99
2895774,0.10,-3.28,191.99
2895863,0.11,-3.27,191.99
2895951,0.11,-3.27,191.99
2896040,0.11,-3.27,191.99
2896129,0.11,-3.27,191.99
2896217,0.10,-3.27,191.99
2896306,0.10,-3.27,191.99
2896395,0.10,-3.27,191.99
2896572,0.10,-3.27,191.99
2896749,0.10,-3.27,191.99
2896927,0.11,-3.27,191.99
2897104,0.11,-3.27,191.99
2897282,0.10,-3.27,191.99
2897459,0.10,-3.27,191.99
2897636,0.11,-3.27,191.99
2897814,0.11,-3.27,191.99
2897991,0.10,-3.27,191.99
2898168,0.10,-3.27,191.99
2898257,0.10,-3.27,191.99
2898346,0.10,-3.27,191.99
2898434,0.11,-3.28,191.99
2898523,0.11,-3.28,191.99
2898612,0.11,-3.27,191.99
2898700,0.11,-3.27,191.99
2898789,0.11,-3.27,191.99
2898878,0.10,-3.27,191.99
2898967,0.10,-3.28,191.99
2899055,0.11,-3.27,191.99
2899144,0.11,-3.27,191.99
2899233,0.10,-3.27,191.99
2899321,0.11,-3.27,191.99
2899410,0.11,-3.27,191.99
2899499,0.11,-3.27,191.99
2899587,0.11,-3.27,191.99
2899676,0.10,-3.27,191.99
2899765,0.10,-3.28,191.99
2899853,0.11,-3.27,191.99
2899942,0.11,-3.27,191.99
2900031,0.11,-3.27,191.99
2900119,0.11,-3.27,191.99
2900208,0.11,-3.27,191.99
2900297,0.10,-3.27,191.99
2900385,0.10,-3.27,191.99
2900474,0.10,-3.27,191.99
2900563,0.10,-3.27,191.99
2900652,0.11,-3.28,191.99
2900740,0.11,-3.27,191.99
2900829,0.10,-3.27,191.99
2900918,0.09,-3.28,191.99
2901006,0.09,-3.28,191.99
2901095,0.10,-3.27,191.99
2901184,0.10,-3.27,191.99
2901272,0.11,-3.27,191.99
2901361,0.11,-3.27,191.99
2901450,0.11,-3.27,191.99
2901538,0.10,-3.27,191.98
2901627,0.10,-3.27,191.99
2901716,0.10,-3.27,191.99
2901804,0.10,-3.27,191.99
2901893,0.10,-3.28,191.99
2901982,0.10,-3.27,191.99
2902070,0.10,-3.27,191.99
2902159,0.11,-3.27,191.99
2902248,0.10,-3.27,191.99
2902336,0.10,-3.28,191.99
2902514,0.11,-3.27,191.99
2902691,0.10,-3.27,191.99
2902868,0.10,-3.27,191.99
2903046,0.10,-3.27,191.99
2903223,0.11,-3.27,191.99
2903401,0.11,-3.27,191.99
2903578,0.10,-3.27,191.99
2903755,0.11,-3.27,191.99
2903933,0.11,-3.27,191.99
2904110,0.10,-3.27,191.99
2904287,0.11,-3.27,191.99
2904465,0.09,-3.27,191.99
2904642,0.10,-3.27,191.99
2904820,0.10,-3.27,191.99
2904997,0.10,-3.27,191.99
2905086,0.10,-3.28,191.99
2905174,0.10,-3.28,191.99
2905263,0.10,-3.28,191.99
2905352,0.10,-3.27,191.99
2905440,0.10,-3.27,191.99
2905529,0.11,-3.27,191.99
2905618,0.11,-3.27,191.99
2905706,0.10,-3.27,191.99
2905795,0.10,-3.27,191.99
2905884,0.11,-3.27,191.99
2905972,0.10,-3.28,191.99
2906061,0.10,-3.28,191.99
2906150,0.10,-3.28,191.99
2906239,0.10,-3.28,191.99
2906327,0.10,-3.27,191.99
2906416,0.10,-3.27,191.99
2906505,0.10,-3.27,191.99
2906593,0.10,-3.27,191.99
2906682,0.10,-3.27,191.99
2906771,0.11,-3.27,191.99
2906859,0.11,-3.27,191.99
2906948,0.11,-3.27,191.99
2907037,0.10,-3.27,191.99
2907125,0.10,-3.27,191.99
2907214,0.10,-3.27,191.99
2907303,0.10,-3.28,191.99
2907391,0.10,-3.27,191.99
2907480,0.10,-3.27,191.99
2907569,0.10,-3.28,191.99
2907657,0.11,-3.27,191.99
2907746,0.11,-3.28,191.99
2907835,0.10,-3.28,191.99
2907924,0.11,-3.27,191.99
2908012,0.11,-3.28,191.99
2908101,0.10,-3.28,191.99
2908278,0.11,-3.27,191.99
2908456,0.10,-3.27,191.99
2908633,0.11,-3.28,191.99
2908810,0.10,-3.28,191.99
2908988,0.10,-3.27,191.99
2909165,0.10,-3.28,191.99
2909343,0.10,-3.28,191.99
2909520,0.11,-3.27,191.99
2909697,0.10,-3.28,191.99
2909875,0.10,-3.27,191.99
2910052,0.11,-3.28,191.99
2910229,0.11,-3.27,191.99
2910407,0.11,-3.28,191.99
2910584,0.10,-3.27,191.99
2910761,0.11,-3.27,191.99
2910939,0.10,-3.27,191.99
2911116,0.11,-3.28,191.99
2911294,0.11,-3.27,191.99
2911471,0.11,-3.27,191.99
2911648,0.11,-3.27,191.99
2911826,0.11,-3.28,191.99
2912003,0.11,-3.28,191.99
2912180,0.10,-3.28,191.98
2912358,0.11,-3.27,191.98
2912535,0.11,-3.28,191.99
2912713,0.11,-3.27,191.98
2912890,0.10,-3.27,191.99
2913067,0.10,-3.27,191.99
2913245,0.10,-3.27,191.98
2913333,0.11,-3.28,191.98
2913511,0.11,-3.27,191.98
2913688,0.10,-3.27,191.99
2913866,0.11,-3.27,191.99
2914043,0.10,-3.28,191.99
2914220,0.11,-3.28,191.98
2914398,0.10,-3.27,191.98
2914575,0.10,-3.27,191.98
2914664,0.11,-3.27,191.98
2914752,0.10,-3.27,191.98
2914841,0.11,-3.28,191.98
2914930,0.11,-3.28,191.98
2915018,0.11,-3.28,191.98
2915107,0.10,-3.28,191.98
2915196,0.10,-3.28,191.99
2915285,0.11,-3.28,191.98
2915373,0.10,-3.28,191.98
2915462,0.11,-3.28,191.98
2915551,0.11,-3.28,191.98
2915639,0.10,-3.28,191.98
2915728,0.11,-3.28,191.98
2915817,0.10,-3.28,191.98
2915905,0.11,-3.28,191.99
2915994,0.11,-3.28,191.98
2916083,0.10,-3.28,191.98
2916171,0.09,-3.28,191.98
2916260,0.10,-3.28,191.99
2916349,0.10,-3.28,191.99
2916437,0.11,-3.28,191.98
2916526,0.10,-3.28,191.98
2916615,0.11,-3.28,191.98
2916704,0.11,-3.28,191.99
2916792,0.11,-3.28,191.99
2916881,0.10,-3.28,191.99
2916970,0.10,-3.28,191.98
2917058,0.10,-3.28,191.98
2917147,0.11,-3.28,191.98
2917236,0.11,-3.28,191.98
2917324,0.10,-3.28,191.98
2917413,0.10,-3.28,191.98
2917502,0.10,-3.28,191.98
2917590,0.10,-3.28,191.98
2917679,0.10,-3.28,191.98
2917768,0.10,-3.28,191.98
2917856,0.10,-3.28,191.98
2917945,0.10,-3.28,191.98
2918034,0.11,-3.28,191.98
2918122,0.11,-3.28,191.98
2918211,0.11,-3.28,191.99
2918300,0.10,-3.28,191.98
2918389,0.10,-3.28,191.99
2918477,0.11,-3.28,191.98
2918566,0.10,-3.28,191.98
2918655,0.11,-3.28,191.98
2918743,0.11,-3.28,191.98
2918832,0.10,-3.28,191.98
2918921,0.10,-3.28,191.98
2919009,0.10,-3.28,191.98
2919098,0.10,-3.28,191.99
2919187,0.10,-3.28,191.98
2919275,0.10,-3.28,191.98
2919364,0.10,-3.28,191.98
2919453,0.10,-3.28,191.98
2919541,0.10,-3.28,191.99
2919630,0.11,-3.28,191.99
2919719,0.10,-3.28,191.98
2919807,0.11,-3.28,191.98
2919985,0.11,-3.29,191.98
2920162,0.10,-3.28,191.99
2920340,0.11,-3.28,191.99
2920517,0.10,-3.28,191.98
2920694,0.10,-3.28,191.99
2920872,0.11,-3.29,191.99
2921049,0.10,-3.29,191.98
2921226,0.11,-3.29,191.98
2921404,0.10,-3.29,191.99
2921581,0.10,-3.29,191.99
2921759,0.10,-3.29,191.99
2921936,0.10,-3.29,191.98
2922113,0.11,-3.29,191.99
2922291,0.10,-3.28,191.99
2922468,0.11,-3.28,191.99
2922645,0.10,-3.28,191.99
2922823,0.10,-3.29,191.99
2923000,0.10,-3.29,191.99
2923178,0.11,-3.28,191.98
2923355,0.11,-3.28,191.99
2923532,0.10,-3.28,191.98
2923710,0.10,-3.29,191.99
2923887,0.10,-3.28,191.99
2924064,0.11,-3.29,191.99
2924153,0.11,-3.29,191.99
2924242,0.11,-3.29,191.99
2924331,0.10,-3.29,191.99
2924419,0.10,-3.29,191.99
2924508,0.10,-3.29,191.99
2924597,0.11,-3.29,191.99
2924685,0.11,-3.29,191.99
2924774,0.11,-3.29,191.99
2924863,0.10,-3.29,191.99
2924951,0.10,-3.28,191.99
2925040,0.10,-3.29,191.99
2925129,0.10,-3.29,191.99
2925217,0.11,-3.29,191.99
2925306,0.10,-3.29,191.99
2925395,0.11,-3.28,191.99
2925483,0.10,-3.28,191.99
2925572,0.11,-3.28,191.99
2925661,0.10,-3.29,191.99
2925838,0.10,-3.29,191.99
2926016,0.11,-3.28,191.99
2926193,0.11,-3.28,191.99
2926370,0.11,-3.28,191.99
2926548,0.11,-3.28,191.99
2926725,0.11,-3.29,191.99
2926902,0.10,-3.28,191.99
2927080,0.10,-3.28,191.99
2927257,0.10,-3.28,191.99
2927435,0.11,-3.28,191.99
2927612,0.11,-3.28,191.99
2927789,0.11,-3.29,191.99
2927967,0.11,-3.28,191.99
2928144,0.10,-3.28,191.99
2928233,0.11,-3.29,191.99
2928321,0.11,-3.29,191.99
2928410,0.11,-3.29,191.99
2928499,0.11,-3.29,191.99
2928587,0.11,-3.29,191.99
2928676,0.11,-3.29,191.99
2928765,0.11,-3.29,191.99
2928853,0.11,-3.29,191.99
2928942,0.11,-3.29,191.99
2929031,0.11,-3.28,191.99
2929120,0.10,-3.29,191.99
2929208,0.10,-3.28,191.99
2929297,0.11,-3.29,191.99
2929386,0.11,-3.28,191.99
2929474,0.11,-3.29,191.99
2929563,0.11,-3.28,191.99
2929652,0.10,-3.29,191.99
2929740,0.10,-3.29,191.99
2929829,0.10,-3.28,191.99
2929918,0.11,-3.29,191.99
2930006,0.11,-3.29,191.99
2930095,0.11,-3.29,191.99
2930184,0.10,-3.28,191.99
2930272,0.10,-3.28,191.99
2930361,0.10,-3.29,191.99
2930450,0.11,-3.29,191.99
2930538,0.10,-3.29,191.99
2930627,0.10,-3.28,191.99
2930716,0.11,-3.28,191.99
2930805,0.10,-3.29,191.99
2930893,0.10,-3.29,191.99
2930982,0.10,-3.29,191.99
2931071,0.11,-3.29,191.99
2931159,0.11,-3.29,191.99
2931248,0.11,-3.29,191.99
2931337,0.11,-3.28,191.99
2931425,0.10,-3.29,191.99
2931514,0.10,-3.29,191.99
2931691,0.10,-3.29,191.99
2931869,0.11,-3.29,191.99
2932046,0.11,-3.29,191.99
2932224,0.10,-3.29,191.99
2932401,0.11,-3.29,191.99
2932578,0.10,-3.28,191.99
2932756,0.10,-3.28,191.99
2932933,0.10,-3.28,191.99
2933110,0.11,-3.28,191.99
2933288,0.10,-3.28,191.99
2933465,0.10,-3.28,191.99
2933643,0.10,-3.28,191.99
2933731,0.10,-3.28,191.99
2933820,0.10,-3.28,191.99
2933909,0.10,-3.28,191.99
2933997,0.10,-3.28,191.98
2934086,0.10,-3.28,191.99
2934175,0.10,-3.28,191.99
2934263,0.10,-3.28,191.98
2934352,0.10,-3.28,191.98
2934441,0.10,-3.28,191.99
2934529,0.10,-3.28,191.99
2934618,0.10,-3.28,191.99
2934707,0.10,-3.28,191.99
2934795,0.11,-3.28,191.99
2934884,0.10,-3.28,191.99
2934973,0.10,-3.28,191.99
2935061,0.11,-3.28,191.99
2935150,0.11,-3.28,191.99
2935239,0.11,-3.28,191.99
2935328,0.10,-3.28,191.99
2935416,0.10,-3.28,191.99
2935505,0.11,-3.29,191.99
2935594,0.10,-3.28,191.99
2935682,0.10,-3.28,191.99
2935771,0.10,-3.28,191.99
2935860,0.11,-3.28,191.99
2935948,0.11,-3.28,191.99
2936037,0.11,-3.28,191.99
2936126,0.11,-3.28,191.99
2936214,0.11,-3.28,191.99
2936303,0.10,-3.29,191.99
2936392,0.10,-3.29,191.99
2936480,0.11,-3.28,191.99
2936569,0.11,-3.29,191.99
2936658,0.11,-3.29,191.99
2936747,0.10,-3.29,191.99
2936835,0.10,-3.29,191.99
2936924,0.10,-3.29,191.99
2937013,0.10,-3.28,191.99
2937101,0.11,-3.29,191.99
2937190,0.11,-3.29,191.99
2937279,0.11,-3.29,191.99
2937367,0.10,-3.29,191.99
2937545,0.10,-3.29,191.99
2937722,0.11,-3.28,191.99
2937899,0.11,-3.29,191.99
2938077,0.10,-3.29,191.99
2938254,0.10,-3.29,191.99
2938432,0.10,-3.29,191.99
2938609,0.10,-3.28,191.99
2938786,0.11,-3.29,191.99
2938964,0.11,-3.29,191.99
2939141,0.10,-3.29,191.99
2939318,0.11,-3.29,191.99
2939496,0.11,-3.29,191.99
2939673,0.10,-3.29,191.99
2939850,0.11,-3.29,191.99
2940028,0.10,-3.29,191.99
2940205,0.10,-3.30,191.99
2940383,0.11,-3.29,191.99
2940560,0.10,-3.29,192.00
2940737,0.10,-3.30,191.99
2940915,0.10,-3.29,191.99
2941092,0.11,-3.30,191.99
2941269,0.11,-3.30,191.99
2941447,0.10,-3.29,191.99
2941624,0.11,-3.30,191.99
2941802,0.10,-3.29,191.99
2941979,0.11,-3.29,191.99
2942156,0.11,-3.29,191.99
2942334,0.10,-3.29,191.99
2942511,0.11,-3.29,191.99
2942688,0.10,-3.29,191.99
2942866,0.10,-3.29,191.99
2943043,0.10,-3.29,191.99
2943221,389.82,-3.29,191.99
2943309,0.11,-3.30,-527.28
2943398,0.11,-3.29,191.99
2943487,0.11,-3.29,191.99
2943575,0.10,-3.29,191.99
2943664,0.10,-3.30,191.99
2943753,0.10,-3.29,191.99
2943841,0.10,-3.29,191.99
2943930,0.10,-3.29,191.99
2944019,0.11,-3.30,191.99
2944107,0.10,-3.30,191.99
2944196,0.10,-3.30,191.99
2944285,0.10,-3.30,191.99
2944374,0.10,-3.30,191.99
2944462,0.10,-3.30,191.99
2944551,0.10,-3.30,191.99
2944640,0.11,-3.29,191.99
2944728,0.11,-3.29,192.00
2944817,0.11,-3.29,191.99
2944906,0.10,-3.29,191.99
2944994,0.11,-3.29,191.99
2945083,0.11,-3.29,191.99
2945172,0.10,-3.29,191.99
2945260,0.10,-3.30,192.00
2945349,0.10,-3.29,191.99
2945438,0.10,-3.29,191.99
2945526,0.11,-3.29,191.99
2945615,0.11,-3.30,191.99
2945704,0.10,-3.30,191.99
2945793,0.10,-3.30,192.00
2945881,0.10,-3.29,191.99
2945970,0.10,-3.30,191.99
2946059,0.10,-3.29,191.99
2946147,0.11,-3.29,191.99
2946236,0.11,-3.29,191.99
2946325,0.10,-3.29,192.00
2946413,0.10,-3.29,191.99
2946502,0.11,-3.29,191.99
2946591,0.10,-3.29,191.99
2946679,0.11,-3.29,191.99
2946768,0.10,-3.30,191.99
2946857,0.10,-3.30,191.99
2946945,0.10,-3.30,191.99
2947034,0.11,-3.30,191.99
2947123,0.11,-3.29,191.99
2947212,0.10,-3.29,192.00
2947300,0.10,-3.30,191.99
2947389,0.11,-3.29,191.99
2947478,0.11,-3.30,191.99
2947566,0.11,-3.30,191.99
2947655,0.10,-3.30,191.99
2947744,0.10,-3.30,192.00
2947832,0.11,-3.29,191.99
2947921,0.10,-3.30,192.00
2948010,0.11,-3.29,191.99
2948098,0.10,-3.30,191.99
2948187,0.10,-3.29,191.99
2948276,0.10,-3.29,191.99
2948364,0.11,-3.29,191.99
2948453,0.11,-3.29,191.99
2948542,0.11,-3.29,191.99
2948630,0.10,-3.29,191.99
2948719,0.11,-3.30,191.99
2948808,0.10,-3.30,191.99
2948897,0.11,-3.30,191.99
2948985,0.10,-3.29,191.99
2949074,0.10,-3.30,191.99
2949251,0.10,-3.30,191.99
2949429,0.10,-3.30,191.99
2949606,0.10,-3.30,191.99
2949783,0.10,-3.30,191.99
2949961,0.11,-3.30,191.99
2950138,0.11,-3.30,191.99
2950315,0.10,-3.30,191.99
2950493,0.11,-3.30,191.99
2950670,0.10,-3.30,191.99
2950848,0.11,-3.30,191.99
2951025,0.10,-3.30,191.99
2951202,0.10,-3.29,191.99
2951380,0.10,-3.30,191.99
2951557,0.10,-3.30,191.99
2951734,0.10,-3.30,191.99
2951912,0.11,-3.30,191.99
2952089,0.10,-3.29,191.99
2952267,0.10,-3.30,192.00
2952444,0.11,-3.30,191.99
2952621,0.10,-3.30,191.99
2952799,0.11,-3.30,192.00
2952976,0.10,-3.30,191.99
2953065,0.11,-3.30,192.00
2953153,0.11,-3.30,191.99
2953242,0.10,-3.30,192.00
2953331,0.10,-3.30,191.99
2953420,0.10,-3.31,191.99
2953508,0.10,-3.30,191.99
2953597,0.11,-3.30,191.99
2953686,0.11,-3.30,191.99
2953774,0.10,-3.30,191.99
2953863,0.10,-3.30,191.99
2953952,0.10,-3.31,191.99
2954040,0.11,-3.30,191.99
2954129,0.11,-3.30,191.99
2954218,0.11,-3.30,191.99
2954306,0.10,-3.30,191.99
2954395,0.10,-3.29,191.99
2954484,0.10,-3.30,191.99
2954572,0.10,-3.30,191.99
2954661,0.10,-3.30,191.99
2954750,0.11,-3.30,191.99
2954838,0.11,-3.30,191.99
2955016,0.10,-3.30,191.99
2955193,0.10,-3.30,191.99
2955371,0.11,-3.30,191.99
2955548,0.11,-3.30,191.99
2955725,0.11,-3.30,191.99
2955903,0.10,-3.30,191.99
2956080,0.11,-3.30,191.99
2956257,0.10,-3.29,191.99
2956435,0.10,-3.29,191.99
2956612,0.10,-3.29,191.99
2956790,0.10,-3.29,191.99
2956967,0.11,-3.29,191.99
2957144,0.11,-3.30,191.99
2957322,0.10,-3.29,191.99
2957499,0.10,-3.29,191.99
2957677,0.10,-3.29,191.99
2957854,0.10,-3.29,191.99
2958031,0.10,-3.30,191.99
2958120,0.10,-3.29,191.99
2958209,0.10,-3.29,191.99
2958297,0.11,-3.29,191.99
2958386,0.10,-3.29,191.99
2958475,0.10,-3.30,191.99
2958563,0.10,-3.30,191.99
2958652,0.10,-3.30,191.99
2958741,0.10,-3.30,191.99
2958829,0.10,-3.29,191.99
2958918,0.10,-3.29,191.99
2959007,0.10,-3.30,191.99
2959096,0.10,-3.30,191.99
2959184,0.11,-3.30,191.99
2959273,0.11,-3.30,191.99
2959362,0.11,-3.30,191.99
2959450,0.11,-3.30,191.99
2959539,0.10,-3.29,191.99
2959628,0.10,-3.29,191.99
2959716,0.10,-3.29,191.99
2959805,0.11,-3.30,191.99
2959894,0.10,-3.30,191.99
2959982,0.10,-3.29,191.99
2960071,0.11,-3.29,191.99
2960160,0.10,-3.29,191.99
2960248,0.10,-3.29,191.99
2960337,0.11,-3.30,191.99
2960426,0.11,-3.30,191.99
2960514,0.10,-3.30,191.99
2960603,0.11,-3.29,191.99
2960692,0.10,-3.29,191.99
2960781,0.10,-3.29,191.99
2960958,0.11,-3.30,191.99
2961135,0.10,-3.30,191.99
2961313,0.11,-3.30,191.99
2961490,0.11,-3.30,191.99
2961667,0.10,-3.29,191.99
2961845,0.10,-3.29,191.99
2962022,0.10,-3.30,191.99
2962200,0.10,-3.30,191.99
2962377,0.10,-3.30,191.99
2962554,0.10,-3.30,191.99
2962643,0.11,-3.29,191.99
2962732,0.11,-3.29,191.99
2962820,0.11,-3.30,191.99
2962909,0.10,-3.30,191.99
2962998,0.10,-3.30,191.99
2963086,0.10,-3.29,191.99
2963175,0.10,-3.30,191.99
2963264,0.10,-3.30,191.99
2963352,0.11,-3.30,191.99
2963441,0.11,-3.29,191.99
2963530,0.10,-3.30,191.99
2963619,0.10,-3.30,191.99
2963707,0.10,-3.30,191.99
2963796,0.10,-3.30,191.99
2963885,0.10,-3.29,191.99
2963973,0.10,-3.30,191.99
2964062,0.11,-3.30,191.99
2964151,0.11,-3.30,191.99
2964239,0.11,-3.30,191.99
2964328,0.10,-3.30,191.99
2964417,0.11,-3.30,191.99
2964505,0.11,-3.30,191.99
2964594,0.10,-3.29,191.99
2964683,0.10,-3.30,191.99
2964771,0.10,-3.29,191.99
2964860,0.10,-3.30,191.99
2964949,0.11,-3.30,191.99
2965037,0.10,-3.30,191.99
2965126,0.11,-3.30,191.99
2965215,0.10,-3.30,191.99
2965303,0.11,-3.30,191.99
2965392,0.10,-3.30,191.99
2965481,0.10,-3.29,191.99
2965570,0.10,-3.30,191.99
2965658,0.10,-3.30,191.99
2965747,0.10,-3.29,191.99
2965836,0.11,-3.30,191.99
2965924,0.11,-3.29,191.99
2966013,0.11,-3.29,191.99
2966102,0.10,-3.29,191.99
2966190,0.10,-3.29,191.99
2966279,0.10,-3.30,191.99
2966368,0.10,-3.29,191.99
2966456,0.10,-3.29,191.99
2966545,0.11,-3.29,191.98
2966634,0.10,-3.29,191.98
2966811,0.10,-3.29,191.98
2966988,0.11,-3.30,191.99
2967166,0.11,-3.29,191.98
2967343,0.10,-3.29,191.99
2967520,0.10,-3.30,191.99
2967698,0.11,-3.29,191.99
2967875,0.10,-3.29,191.99
2968052,0.10,-3.29,191.99
2968230,0.11,-3.29,191.99
2968407,0.10,-3.29,191.99
2968584,0.10,-3.29,191.99
2968762,0.10,-3.29,191.98
2968939,0.10,-3.29,191.99
2969116,0.10,-3.29,191.99
2969294,0.10,-3.29,191.99
2969471,0.10,-3.29,191.99
2969648,0.10,-3.29,191.99
2969826,0.11,-3.29,191.99
2970003,0.11,-3.29,191.99
2970180,0.10,-3.29,191.99
2970358,0.11,-3.29,191.99
2970535,0.11,-3.29,191.99
2970712,0.10,-3.29,191.99
2970890,0.10,-3.29,191.99
2971067,0.11,-3.29,191.99
2971245,0.11,-3.29,191.99
2971422,0.11,-3.29,191.99
2971599,0.11,-3.29,191.99
2971777,0.10,-3.29,191.99
2971954,0.11,-3.29,191.99
2972131,0.10,-3.29,191.99
2972220,0.10,-3.29,191.99
2972309,0.10,-3.29,191.99
2972397,0.11,-3.29,191.99
2972575,0.10,-3.29,192.00
2972752,0.10,-3.29,191.99
2972930,0.11,-3.29,191.99
2973018,0.10,-3.29,191.99
2973107,0.11,-3.29,191.99
2973196,0.11,-3.29,191.99
2973284,0.11,-3.29,191.99
2973373,0.10,-3.30,192.00
2973462,0.10,-3.29,191.99
2973550,0.11,-3.29,191.99
2973639,0.10,-3.29,192.00
2973728,0.10,-3.29,191.99
2973816,0.11,-3.29,191.99
2973905,0.10,-3.30,191.99
2973994,0.10,-3.29,191.99
2974082,0.10,-3.29,191.99
2974171,0.10,-3.29,191.99
2974260,0.10,-3.29,191.99
2974349,0.10,-3.29,191.99
2974437,0.10,-3.29,191.99
2974526,0.10,-3.30,191.99
2974615,0.09,-3.30,191.99
2974703,0.10,-3.29,191.99
2974792,0.10,-3.29,191.99
2974881,0.10,-3.29,192.00
2974969,0.11,-3.29,191.99
2975058,0.11,-3.29,191.99
2975147,0.11,-3.29,192.00
2975235,0.11,-3.29,192.00
2975324,0.11,-3.29,191.99
2975413,0.11,-3.29,191.99
2975501,0.11,-3.30,191.99
2975590,0.11,-3.29,191.99
2975679,0.11,-3.29,191.99
2975767,0.11,-3.29,191.99
2975856,0.10,-3.29,191.99
2975945,0.10,-3.29,191.99
2976034,0.11,-3.30,191.99
2976122,0.11,-3.30,191.99
2976211,0.11,-3.30,191.99
2976300,0.11,-3.29,191.99
2976388,0.10,-3.30,191.99
2976477,0.10,-3.29,191.99
2976566,0.10,-3.29,191.99
2976654,0.10,-3.29,191.99
2976743,0.11,-3.29,191.99
2976832,0.11,-3.29,192.00
2976920,0.11,-3.29,192.00
2977009,0.11,-3.29,192.00
2977098,0.11,-3.29,192.00
2977186,0.10,-3.29,191.99
2977275,0.10,-3.29,191.99
2977364,0.10,-3.29,191.99
2977453,0.11,-3.29,191.99
2977541,0.11,-3.29,191.99
2977630,0.11,-3.29,191.99
2977719,0.10,-3.29,191.99
2977807,0.10,-3.29,191.99
2977896,0.10,-3.29,191.99
2977985,0.10,-3.29,191.99
2978073,0.11,-3.29,191.99
2978162,0.10,-3.29,191.99
2978251,0.11,-3.29,191.99
2978339,0.11,-3.29,191.99
2978517,0.12,-3.29,191.99
2978694,0.11,-3.29,191.99
2978872,0.11,-3.29,192.00
2979049,0.10,-3.29,191.99
2979226,0.10,-3.29,192.00
2979404,0.10,-3.30,192.00
2979581,0.10,-3.29,191.99
2979758,0.10,-3.29,191.99
2979936,0.11,-3.29,191.99
2980113,0.10,-3.29,191.99
2980290,0.10,-3.29,192.00
2980468,0.10,-3.29,192.00
2980645,0.10,-3.29,191.99
2980823,0.11,-3.29,191.99
2981000,0.11,-3.29,192.00
2981177,0.11,-3.30,192.00
2981355,0.10,-3.30,192.00
2981532,0.11,-3.30,191.99
2981709,0.11,-3.29,192.00
2981887,0.10,-3.29,192.00
2981976,0.10,-3.29,192.00
2982064,0.10,-3.29,192.00
2982153,0.10,-3.30,191.99
2982242,0.10,-3.29,192.00
2982330,0.10,-3.29,191.99
2982419,0.11,-3.29,192.00
2982508,0.11,-3.29,192.00
2982596,0.10,-3.30,192.00
2982685,0.10,-3.30,192.00
2982774,0.11,-3.30,191.99
2982862,0.11,-3.30,191.99
2982951,0.10,-3.29,192.00
2983040,0.09,-3.30,191.99
2983128,0.10,-3.30,192.00
2983217,0.11,-3.29,191.99
2983306,0.11,-3.30,191.99
2983394,0.11,-3.29,192.00
2983483,0.11,-3.30,192.00
2983572,0.12,-3.30,192.00
2983661,0.11,-3.30,192.00
2983749,0.10,-3.29,191.99
2983838,0.10,-3.30,192.00
2983927,0.10,-3.30,191.99
2984015,0.11,-3.30,192.00
2984104,0.11,-3.30,192.00
2984370,0.10,-3.30,192.00
2984547,0.11,-3.30,192.00
2984725,0.11,-3.30,192.00
2984902,0.10,-3.30,192.00
2985080,0.10,-3.30,192.00
2985257,0.10,-3.30,192.00
2985434,0.10,-3.30,192.00
2985612,0.11,-3.30,191.99
2985789,0.10,-3.30,191.99
2985966,0.10,-3.30,192.00
2986144,0.11,-3.30,192.00
2986321,0.10,-3.30,192.00
2986498,0.11,-3.30,192.00
2986676,0.11,-3.30,192.00
2986853,0.11,-3.30,191.99
2987031,0.10,-3.30,192.00
2987208,0.11,-3.30,192.00
2987385,0.10,-3.30,192.00
2987563,0.10,-3.29,192.00
2987740,0.11,-3.30,191.99
2987917,0.11,-3.30,192.00
2988006,0.11,-3.30,192.00
2988095,0.11,-3.30,192.00
2988184,0.11,-3.30,192.00
2988272,0.10,-3.30,191.99
2988361,0.10,-3.30,191.99
2988450,0.10,-3.30,191.99
2988538,0.11,-3.30,192.00
2988627,0.10,-3.30,192.00
2988716,0.10,-3.30,192.00
2988804,0.10,-3.30,192.00
2988893,0.10,-3.30,192.00
2988982,0.11,-3.30,191.99
2989070,0.10,-3.30,191.99
2989159,0.10,-3.29,191.99
2989248,0.10,-3.30,191.99
2989336,0.10,-3.30,191.99
2989425,0.10,-3.30,191.99
2989514,0.10,-3.29,191.99
2989602,0.10,-3.29,191.99
2989691,0.10,-3.30,192.00
2989780,0.11,-3.29,191.99
2989868,0.11,-3.30,191.99
2989957,0.11,-3.30,191.99
2990046,0.10,-3.29,192.00
2990223,0.10,-3.29,191.99
2990401,0.10,-3.30,191.99
2990578,0.10,-3.29,191.99
2990755,0.11,-3.29,191.99
2990933,0.11,-3.29,192.00
2991110,0.11,-3.29,191.99
2991287,0.11,-3.30,192.00
2991465,0.11,-3.29,191.99
2991554,0.11,-3.29,191.99
2991642,0.10,-3.29,191.99
2991731,0.10,-3.29,191.99
2991820,0.11,-3.29,192.00
2991908,0.11,-3.29,191.99
2991997,0.10,-3.29,191.99
2992086,0.10,-3.29,191.99
2992174,0.11,-3.29,191.99
2992263,0.11,-3.29,191.99
2992352,0.11,-3.29,191.99
2992440,0.10,-3.29,191.99
2992529,0.11,-3.29,191.99
2992618,0.12,-3.29,191.99
2992706,0.11,-3.29,191.99
2992795,0.11,-3.29,191.99
2992884,0.10,-3.29,192.00
2992973,0.11,-3.29,191.99
2993061,0.11,-3.29,192.00
2993150,0.10,-3.29,192.00
2993239,0.10,-3.29,191.99
2993327,0.11,-3.29,191.99
2993416,0.11,-3.29,192.00
2993505,0.11,-3.29,191.99
2993593,0.11,-3.29,192.00
2993682,0.11,-3.29,191.99
2993771,0.11,-3.29,192.00
2993859,0.10,-3.29,192.00
2993948,0.10,-3.29,191.99
2994037,0.10,-3.30,191.99
2994125,0.11,-3.30,191.99
2994214,0.11,-3.29,191.99
2994303,0.11,-3.29,192.00
2994391,0.11,-3.29,191.99
2994480,0.11,-3.30,191.99
2994569,0.11,-3.29,192.00
2994658,0.10,-3.30,191.99
2994746,0.10,-3.29,192.00
2994835,0.10,-3.30,192.00
2994924,0.10,-3.29,191.99
2995012,0.10,-3.30,191.99
2995101,0.10,-3.29,192.00
2995190,0.10,-3.30,192.00
2995278,0.10,-3.29,192.00
2995367,0.11,-3.30,192.00
2995456,0.11,-3.30,192.00
2995544,0.10,-3.30,191.99
2995633,0.10,-3.30,191.99
2995722,0.10,-3.30,191.99
2995810,0.11,-3.29,191.99
2995899,0.10,-3.30,191.99
2996076,0.11,-3.30,191.99
2996254,0.11,-3.30,192.00
2996431,0.11,-3.29,191.99
2996608,0.11,-3.30,191.99
2996786,0.10,-3.29,191.99
2996963,0.11,-3.30,192.00
2997141,0.11,-3.30,191.99
2997318,0.10,-3.28,192.00
2997495,0.10,-3.29,191.99
2997673,0.10,-3.29,191.99
2997850,0.10,-3.30,192.00
2998027,0.11,-3.30,191.99
2998205,0.10,-3.29,191.99
2998382,0.10,-3.29,191.99
2998560,0.11,-3.29,191.99
2998737,0.11,-3.29,192.00
2998914,0.11,-3.29,191.99
2999092,0.11,-3.29,191.99
2999269,0.10,-3.29,191.99
2999446,0.10,-3.29,191.99
2999624,0.10,-3.30,192.00
2999801,0.11,-3.28,191.98
2999979,0.10,-3.29,191.99
3000156,0.10,-3.28,192.00
3000333,0.10,-3.29,191.99
3000511,0.10,-3.29,191.99
3000688,0.10,-3.29,192.00
3000865,0.10,-3.28,191.99
3001043,0.10,-3.29,191.99
3001131,0.11,-3.28,191.99
3001220,0.12,-3.27,192.01
3001309,0.10,-3.30,191.97
3001397,0.11,-3.29,191.99
3001486,0.10,-3.30,191.98
3001575,0.11,-3.30,191.99
3001664,0.11,-3.29,191.99
3001841,0.11,-3.29,191.98
3002018,0.10,-3.30,191.99
3002196,0.10,-3.28,192.00
3002373,0.10,-3.30,191.99
3002550,0.10,-3.29,191.99
3002728,0.11,-3.30,191.99
3002905,0.11,-3.29,191.99
3002994,0.10,-3.30,191.99
3003083,0.10,-3.30,191.99
3003171,0.11,-3.30,191.99
3003260,0.11,-3.30,192.00
3003349,0.12,-3.30,191.99
3003437,0.10,-3.30,192.00
3003526,0.10,-3.31,191.99
3003615,0.10,-3.30,191.99
3003703,0.11,-3.30,191.99
3003792,0.11,-3.30,191.99
3003881,0.10,-3.30,191.99
3003969,0.10,-3.30,191.99
3004058,0.10,-3.30,191.99
3004147,0.10,-3.31,191.99
3004235,0.10,-3.30,192.00
3004324,0.10,-3.30,192.00
3004413,0.11,-3.31,191.99
3004501,0.10,-3.31,191.99
3004590,0.10,-3.31,191.99
3004679,0.10,-3.31,192.00
3004768,0.11,-3.30,192.00
3004856,0.10,-3.31,192.00
3004945,0.11,-3.31,192.00
3005034,0.10,-3.31,192.00
3005122,0.11,-3.31,192.00
3005211,0.11,-3.31,192.00
3005300,0.10,-3.31,192.00
3005388,0.11,-3.30,192.00
3005477,0.11,-3.31,192.00
3005566,0.10,-3.30,192.00
3005654,0.10,-3.31,192.00
3005743,0.10,-3.31,192.00
3005832,0.10,-3.31,192.00
3005920,0.10,-3.30,192.00
3006009,0.10,-3.31,192.00
3006098,0.10,-3.30,192.00
3006186,0.10,-3.31,192.00
3006275,0.10,-3.31,192.00
3006364,0.10,-3.30,192.00
3006452,0.10,-3.31,192.00
3006541,0.11,-3.31,191.99
3006630,0.10,-3.31,192.00
3006719,0.10,-3.31,191.99
3006807,0.10,-3.31,192.00
3006896,0.10,-3.31,192.00
3006985,0.11,-3.31,192.00
3007073,0.11,-3.30,192.00
3007162,0.11,-3.30,192.00
3007251,0.10,-3.30,192.00
3007339,0.11,-3.30,192.00
3007428,0.11,-3.30,192.00
3007517,0.11,-3.30,191.99
3007605,0.10,-3.31,192.00
3007783,0.11,-3.31,192.00
3007960,0.10,-3.30,192.00
3008137,0.10,-3.30,192.00
3008315,0.10,-3.31,192.00
3008492,0.11,-3.30,192.00
3008670,0.10,-3.30,192.00
3008847,0.10,-3.31,192.00
3009024,0.10,-3.30,192.00
3009202,0.09,-3.30,192.00
3009379,0.10,-3.31,192.00
3009556,0.10,-3.31,192.00
3009734,0.10,-3.30,191.99
3009911,0.10,-3.30,192.00
3010089,0.11,-3.31,192.00
3010266,0.11,-3.30,192.00
3010443,0.10,-3.31,192.00
3010621,0.10,-3.31,192.00
3010798,0.10,-3.31,192.00
3010887,0.11,-3.31,192.00
3010975,0.10,-3.31,192.00
3011064,0.09,-3.31,192.00
3011153,0.10,-3.32,192.00
3011241,0.10,-3.32,192.00
3011330,0.10,-3.31,192.00
3011419,0.10,-3.32,192.00
3011507,0.11,-3.31,192.00
3011596,0.11,-3.32,192.00
3011685,0.10,-3.31,192.00
3011774,0.10,-3.31,192.00
3011862,0.10,-3.32,192.00
3011951,0.10,-3.32,192.00
3012040,0.11,-3.31,192.01
3012128,0.10,-3.32,192.01
3012217,0.10,-3.32,192.00
3012306,0.11,-3.32,192.01
3012394,0.10,-3.32,192.01
3012483,0.11,-3.32,192.01
3012572,0.11,-3.32,192.01
3012660,0.10,-3.32,192.01
3012749,0.09,-3.32,192.01
3012838,0.10,-3.32,192.01
3012926,0.11,-3.32,192.01
3013015,0.11,-3.32,192.01
3013104,0.10,-3.32,192.01
3013192,0.11,-3.32,192.01
3013281,0.11,-3.32,192.01
3013370,0.10,-3.32,192.01
3013547,0.11,-3.32,192.01
3013725,0.10,-3.32,192.01
3013902,0.10,-3.32,192.01
3014079,0.09,-3.32,192.01
3014257,0.10,-3.32,192.01
3014434,0.11,-3.32,192.01
3014611,0.10,-3.32,192.01
3014789,0.10,-3.32,192.01
3014966,0.10,-3.32,192.01
3015143,0.11,-3.32,192.01
3015321,0.11,-3.32,192.01
3015498,0.10,-3.32,192.01
3015676,0.10,-3.32,192.01
3015853,0.11,-3.32,192.01
3016030,0.10,-3.32,192.01
3016208,0.11,-3.31,192.01
3016385,0.11,-3.32,192.01
3016562,0.10,-3.31,192.01
3016740,0.10,-3.31,192.01
3016917,0.11,-3.31,192.00
3017094,0.10,-3.32,192.01
3017272,0.11,-3.31,192.00
3017449,0.10,-3.31,192.01
3017627,0.11,-3.31,192.01
3017804,0.10,-3.31,192.00
3017893,0.10,-3.32,192.00
3017981,0.11,-3.31,192.01
3018070,0.10,-3.31,192.00
3018159,0.11,-3.32,192.01
3018247,0.11,-3.31,192.01
3018336,0.10,-3.31,192.00
3018425,0.10,-3.31,192.00
3018513,0.11,-3.31,192.00
3018602,0.11,-3.31,192.00
3018691,0.11,-3.31,192.00
3018779,0.10,-3.31,192.00
3018868,0.11,-3.31,192.00
3019045,0.10,-3.31,192.00
3019134,0.11,-3.31,192.00
3019312,0.11,-3.32,192.00
3019489,0.11,-3.31,192.00
3019666,0.11,-3.31,192.01
3019844,0.11,-3.31,192.00
3020021,0.10,-3.31,192.00
3020198,0.10,-3.31,192.01
3020376,0.10,-3.31,192.00
3020464,0.09,-3.31,192.01
3020553,0.10,-3.32,192.00
3020642,0.10,-3.31,192.01
3020731,0.10,-3.31,192.00
3020819,0.10,-3.31,192.00
3020908,0.10,-3.31,192.00
3020997,0.10,-3.31,192.00
3021085,0.10,-3.31,192.00
3021174,0.10,-3.31,192.00
3021263,0.10,-3.31,192.01
3021351,0.10,-3.31,192.00
3021440,0.10,-3.31,192.00
3021529,0.10,-3.31,192.00
3021617,0.10,-3.31,192.00
3021706,0.10,-3.31,192.00
3021795,0.11,-3.31,192.00
3021883,0.10,-3.31,192.00
3021972,0.10,-3.31,192.00
3022061,0.11,-3.31,192.00
3022149,0.11,-3.31,192.00
3022238,0.10,-3.30,192.00
3022327,0.10,-3.31,192.00
3022415,0.10,-3.31,192.00
3022504,0.10,-3.31,192.00
3022593,0.10,-3.31,192.00
3022681,0.11,-3.30,192.00
3022770,0.10,-3.30,192.00
3022859,0.10,-3.30,192.00
3022947,0.10,-3.30,192.00
3023036,0.10,-3.31,192.00
3023125,0.10,-3.30,192.00
3023213,0.10,-3.31,191.99
3023302,0.10,-3.30,192.00
3023391,0.10,-3.30,192.00
3023479,0.10,-3.30,192.00
3023568,0.10,-3.30,192.00
3023657,0.10,-3.30,192.00
3023745,0.10,-3.30,192.00
3023834,0.10,-3.30,192.00
3023923,0.11,-3.30,192.00
3024011,0.11,-3.30,192.00
3024100,0.10,-3.30,192.00
3024189,0.11,-3.30,192.00
3024278,0.10,-3.30,192.00
3024366,0.10,-3.30,192.00
3024455,0.10,-3.30,192.00
3024544,0.09,-3.30,192.00
3024632,0.10,-3.30,192.00
3024721,0.10,-3.30,192.00
3024810,0.10,-3.30,192.00
3024898,0.11,-3.30,192.00
3024987,0.10,-3.30,192.00
3025076,0.10,-3.30,192.00
3025164,0.10,-3.30,192.00
3025342,0.10,-3.30,192.00
3025519,0.10,-3.29,192.00
3025697,0.10,-3.30,192.00
3025874,0.11,-3.30,192.00
3026051,0.11,-3.30,192.00
3026229,0.10,-3.30,192.00
3026406,0.10,-3.29,192.00
3026583,0.10,-3.30,192.00
3026761,0.10,-3.29,191.99
3026938,0.10,-3.29,192.00
3027116,0.10,-3.29,192.00
3027293,0.10,-3.30,192.00
3027470,0.11,-3.30,191.99
3027648,0.10,-3.30,192.00
3027825,0.11,-3.30,192.00
3028002,0.10,-3.30,192.00
3028180,0.10,-3.30,192.00
3028357,0.10,-3.29,192.00
3028535,0.10,-3.29,192.00
3028712,0.10,-3.29,191.99
3028889,0.10,-3.30,192.00
3029067,0.10,-3.29,191.99
3029244,0.11,-3.29,192.00
3029421,0.11,-3.30,192.00
3029599,0.10,-3.30,191.99
3029776,0.10,-3.30,191.99
3029953,0.11,-3.29,191.99
3030042,0.10,-3.29,192.00
3030131,0.10,-3.29,192.00
3030219,0.10,-3.29,192.00
3030308,0.10,-3.30,192.00
3030397,0.10,-3.30,192.00
3030485,0.10,-3.30,191.99
3030574,0.10,-3.29,192.00
3030663,0.10,-3.29,191.99
3030751,0.10,-3.29,191.99
3030840,0.11,-3.29,192.00
3030929,0.10,-3.29,192.00
3031106,0.10,-3.29,191.99
3031284,0.11,-3.29,192.00
3031461,0.10,-3.29,192.00
3031638,0.10,-3.29,192.00
3031816,0.10,-3.29,191.99
3031993,0.10,-3.29,191.99
3032170,0.11,-3.29,191.99
3032348,0.10,-3.29,191.99
3032525,0.10,-3.29,191.99
3032703,0.10,-3.29,191.99
3032791,0.10,-3.29,191.99
3032880,0.10,-3.29,191.99
3032969,0.11,-3.29,191.99
3033057,0.10,-3.29,191.99
3033146,0.10,-3.29,191.99
3033235,0.11,-3.29,191.99
3033323,0.10,-3.29,191.99
3033412,0.10,-3.29,191.99
3033501,0.10,-3.29,191.99
3033590,0.10,-3.29,191.99
3033678,0.11,-3.29,192.00
3033767,0.10,-3.29,192.00
3033856,0.10,-3.29,191.99
3033944,0.10,-3.29,191.99
3034033,0.10,-3.29,191.99
3034122,0.10,-3.28,191.99
3034210,0.10,-3.28,191.99
3034299,0.11,-3.28,191.99
3034388,0.10,-3.29,191.99
3034476,0.10,-3.28,191.99
3034565,0.10,-3.29,191.99
3034654,0.10,-3.29,191.99
3034742,0.10,-3.29,191.99
3034831,0.10,-3.28,191.99
3034920,0.10,-3.28,192.00
3035009,0.11,-3.28,191.99
3035097,0.11,-3.28,191.99
3035186,0.10,-3.28,191.99
3035275,0.10,-3.28,191.99
3035363,0.11,-3.28,191.99
3035452,0.11,-3.28,191.99
3035541,0.10,-3.28,191.99
3035629,0.10,-3.28,191.99
3035718,0.10,-3.28,191.99
3035807,0.10,-3.28,191.99
3035895,0.10,-3.28,191.99
3035984,0.10,-3.29,191.99
3036073,0.10,-3.28,191.99
3036161,0.10,-3.28,191.99
3036250,0.10,-3.28,191.99
3036339,0.11,-3.28,191.99
3036428,0.11,-3.28,191.99
3036516,0.11,-3.28,191.99
3036605,0.11,-3.28,191.99
3036694,0.10,-3.28,191.99
3036782,0.11,-3.28,191.99
3036871,0.11,-3.28,191.99
3037048,0.11,-3.28,191.99
3037226,0.10,-3.28,191.99
3037403,0.11,-3.28,191.99
3037581,0.10,-3.28,191.99
3037758,0.11,-3.28,191.98
3037935,0.10,-3.28,191.99
3038113,0.10,-3.28,191.98
3038290,0.10,-3.28,191.98
3038467,0.10,-3.27,191.99
3038645,0.10,-3.28,191.98
3038822,0.10,-3.28,191.98
3039000,0.11,-3.28,191.99
3039177,0.10,-3.27,191.98
3039354,0.10,-3.27,191.98
3039532,0.10,-3.27,191.98
3039620,0.10,-3.27,191.98
3039709,0.10,-3.28,191.98
3039798,0.10,-3.27,191.98
3039886,0.10,-3.27,191.98
3039975,0.11,-3.27,191.98
3040064,0.10,-3.27,191.98
3040152,0.10,-3.28,191.98
3040241,0.10,-3.28,191.98
3040330,0.10,-3.27,191.98
3040419,0.10,-3.27,191.98
3040507,0.10,-3.28,191.98
3040596,0.10,-3.28,191.98
3040685,0.10,-3.27,191.98
3040773,0.09,-3.27,191.98
3040862,0.10,-3.27,191.99
3040951,0.11,-3.28,191.99
3041039,0.10,-3.28,191.98
3041128,0.10,-3.28,191.98
3041217,0.10,-3.28,191.98
3041305,0.11,-3.27,191.98
3041394,0.10,-3.28,191.98
3041483,0.10,-3.28,191.99
3041571,0.10,-3.28,191.98
3041660,0.11,-3.28,191.98
3041749,0.11,-3.28,191.98
3041838,0.11,-3.27,191.99
3041926,0.10,-3.28,191.99
3042015,0.10,-3.28,191.99
3042104,0.11,-3.28,191.99
3042192,0.10,-3.27,191.99
3042281,0.10,-3.28,191.99
3042370,0.10,-3.27,191.99
3042458,0.10,-3.28,191.99
3042547,0.10,-3.27,191.99
3042636,0.10,-3.28,191.99
3042724,0.11,-3.28,191.99
3042902,0.11,-3.28,191.98
3043079,0.10,-3.27,191.98
3043257,0.11,-3.27,191.98
3043434,0.10,-3.27,191.98
3043611,0.10,-3.28,191.98
3043789,0.10,-3.28,191.98
3043966,0.10,-3.28,191.98
3044143,0.10,-3.27,191.99
3044321,0.11,-3.28,191.98
3044498,0.11,-3.28,191.98
3044675,0.10,-3.28,191.98
3044853,0.10,-3.27,191.98
3045030,0.10,-3.27,191.98
3045208,0.11,-3.27,191.98
3045385,0.10,-3.28,191.98
3045562,0.10,-3.27,191.99
3045740,0.10,-3.27,191.99
3045917,0.10,-3.27,191.98
3046094,0.10,-3.27,191.98
3046272,0.11,-3.28,191.98
3046449,0.10,-3.27,191.98
3046627,0.11,-3.27,191.99
3046804,0.10,-3.27,191.98
3046981,0.11,-3.27,191.98
3047159,0.10,-3.27,191.98
3047336,0.10,-3.27,191.98
3047513,0.10,-3.27,191.98
3047691,0.10,-3.27,191.98
3047779,0.10,-3.27,191.98
3047868,0.10,-3.27,191.98
3047957,0.11,-3.27,191.98
3048134,0.11,-3.27,191.98
3048312,0.11,-3.27,191.98
3048489,0.11,-3.27,191.98
3048666,0.10,-3.27,191.98
3048844,0.11,-3.26,191.98
3049021,0.11,-3.27,191.98
3049198,0.11,-3.27,191.98
3049287,0.10,-3.27,191.98
3049376,0.10,-3.27,191.98
3049465,0.11,-3.27,191.98
3049553,0.10,-3.27,191.98
3049642,0.10,-3.27,191.98
3049731,0.11,-3.27,191.98
3049819,0.10,-3.27,191.98
3049908,0.10,-3.27,191.98
3049997,0.10,-3.27,191.98
3050085,0.10,-3.27,191.98
3050174,0.11,-3.27,191.98
3050263,0.11,-3.27,191.99
3050351,0.10,-3.27,191.98
3050440,0.10,-3.27,191.98
3050529,0.10,-3.27,191.98
3050618,0.10,-3.27,191.98
3050706,0.10,-3.27,191.98
3050795,0.10,-3.27,191.98
3050884,0.10,-3.27,191.98
3050972,0.10,-3.27,191.98
3051061,0.11,-3.27,191.98
3051150,0.11,-3.27,191.98
3051238,0.10,-3.27,191.98
3051327,0.10,-3.27,191.98
3051416,0.10,-3.27,191.98
3051504,0.10,-3.27,191.98
3051593,0.11,-3.27,191.98
3051682,0.11,-3.28,191.98
3051770,0.11,-3.27,191.98
3051859,0.11,-3.27,191.98
3051948,0.11,-3.27,191.98
3052037,0.10,-3.27,191.98
3052125,0.10,-3.27,191.98
3052214,0.11,-3.27,191.98
3052303,0.10,-3.27,191.99
3052391,0.10,-3.27,191.98
3052480,0.11,-3.27,191.98
3052569,0.10,-3.27,191.98
3052657,0.10,-3.27,191.98
3052746,0.10,-3.27,191.98
3052835,0.10,-3.27,191.98
3052923,0.11,-3.27,191.98
3053012,0.11,-3.27,191.98
3053101,0.11,-3.27,191.98
3053189,0.11,-3.26,191.98
3053278,0.11,-3.27,191.98
3053367,0.10,-3.27,191.98
3053456,0.10,-3.27,191.98
3053544,0.10,-3.27,191.98
3053633,0.10,-3.27,191.98
3053722,0.11,-3.27,191.98
3053810,0.11,-3.27,191.98
3053899,0.10,-3.27,191.98
3053988,0.11,-3.27,191.98
3054076,0.11,-3.27,191.98
3054165,0.10,-3.27,191.98
3054254,0.10,-3.27,191.98
3054342,0.10,-3.27,191.98
3054431,0.10,-3.27,191.98
3054608,0.10,-3.27,191.98
3054786,0.10,-3.27,191.99
3054963,0.10,-3.27,191.98
3055141,0.10,-3.27,191.98
3055318,0.10,-3.27,191.98
3055495,0.10,-3.27,191.98
3055673,0.11,-3.27,191.98
3055850,0.10,-3.27,191.98
3056028,0.10,-3.27,191.99
3056205,0.11,-3.27,191.99
3056382,0.10,-3.27,191.99
3056560,0.10,-3.27,191.98
3056737,0.10,-3.27,191.99
3056914,0.10,-3.27,191.99
3057092,0.11,-3.28,191.99
3057269,0.10,-3.27,191.98
3057447,0.10,-3.27,191.99
3057624,0.10,-3.27,191.99
3057801,0.11,-3.27,191.99
3057979,0.10,-3.27,191.99
3058156,0.10,-3.27,191.99
3058333,0.10,-3.27,191.99
3058511,0.10,-3.27,191.99
3058688,0.10,-3.27,191.99
3058777,0.10,-3.27,191.99
3058866,0.10,-3.27,191.99
3058954,0.10,-3.27,191.99
3059043,0.10,-3.27,191.99
3059132,0.10,-3.27,191.99
3059220,0.10,-3.27,191.99
3059309,0.10,-3.27,191.99
3059398,0.10,-3.27,191.99
3059486,0.11,-3.27,191.99
3059575,0.10,-3.27,191.99
3059664,0.10,-3.27,191.99
3059753,0.10,-3.27,191.99
3059841,0.10,-3.27,191.99
3059930,0.11,-3.27,191.99
3060019,0.10,-3.27,191.99
3060107,0.10,-3.27,191.99
3060196,0.11,-3.27,191.99
3060285,0.11,-3.28,191.99
3060462,0.11,-3.27,191.99
3060639,0.11,-3.27,191.99
3060817,0.11,-3.28,191.99
3060994,0.10,-3.27,191.99
3061172,0.10,-3.27,191.99
3061349,0.10,-3.28,192.00
3061526,0.11,-3.28,191.99
3061704,0.10,-3.27,192.00
3061881,0.10,-3.28,191.99
3062058,0.11,-3.27,191.99
3062236,0.10,-3.27,192.00
3062413,0.10,-3.28,191.99
3062591,0.10,-3.28,191.99
3062768,0.10,-3.28,192.00
3062857,0.10,-3.27,191.99
3062945,0.10,-3.27,192.00
3063034,0.10,-3.28,191.99
3063123,0.10,-3.28,191.99
3063211,0.11,-3.28,191.99
3063300,0.11,-3.28,191.99
3063389,0.11,-3.28,191.99
3063477,0.10,-3.28,191.99
3063566,0.10,-3.28,191.99
3063655,0.10,-3.28,191.99
3063743,0.11,-3.28,191.99
3063832,0.11,-3.28,191.99
3063921,0.10,-3.28,191.99
3064010,0.10,-3.28,191.99
3064098,0.11,-3.28,191.99
3064187,0.11,-3.28,191.99
3064276,0.11,-3.28,191.99
3064364,0.11,-3.28,192.00
3064453,0.10,-3.27,192.00
3064542,0.10,-3.28,191.99
3064630,0.11,-3.28,191.99
3064719,0.10,-3.28,192.00
3064808,0.10,-3.28,191.99
3064896,0.11,-3.27,191.99
3064985,0.11,-3.28,191.99
3065074,0.11,-3.28,191.99
3065162,0.11,-3.28,192.00
3065251,0.11,-3.28,192.00
3065340,0.10,-3.28,192.00
3065429,0.10,-3.28,192.00
3065517,0.10,-3.28,192.00
3065606,0.10,-3.28,192.00
3065695,0.11,-3.28,192.00
3065783,0.11,-3.28,191.99
3065961,0.10,-3.28,192.00
3066138,0.11,-3.28,192.00
3066315,0.10,-3.29,192.00
3066493,0.10,-3.28,192.00
3066670,0.10,-3.28,192.00
3066847,0.11,-3.28,191.99
3067025,0.10,-3.28,192.00
3067202,0.09,-3.28,191.99
3067380,0.11,-3.28,191.99
3067557,0.10,-3.28,191.99
3067734,0.10,-3.28,191.99
3067912,0.10,-3.28,191.99
3068089,0.11,-3.28,191.99
3068267,0.11,-3.28,191.99
3068355,0.10,-3.28,191.99
3068444,0.10,-3.28,191.99
3068533,0.10,-3.28,191.99
3068621,0.10,-3.27,191.99
3068710,0.10,-3.28,191.99
3068799,0.10,-3.28,191.99
3068887,0.10,-3.28,191.99
3068976,0.11,-3.28,191.99
3069065,0.11,-3.28,191.99
3069153,0.11,-3.28,191.99
3069242,0.11,-3.28,191.99
3069331,0.11,-3.28,191.99
3069419,0.11,-3.28,191.99
3069508,0.11,-3.28,191.99
3069597,0.11,-3.28,191.99
3069685,0.10,-3.28,191.99
3069774,0.10,-3.28,191.99
3069863,0.10,-3.28,191.99
3069952,0.10,-3.27,191.99
3070040,0.10,-3.28,191.99
3070129,0.11,-3.28,191.99
3070218,0.10,-3.28,191.99
3070306,0.10,-3.28,191.99
3070395,0.10,-3.27,191.99
3070484,0.10,-3.28,191.99
3070572,0.10,-3.28,191.99
3070661,0.10,-3.28,191.99
3070750,0.10,-3.28,191.99
3070838,0.10,-3.28,191.99
3070927,0.10,-3.28,191.99
3071016,0.10,-3.28,191.99
3071104,0.10,-3.28,191.99
3071193,0.10,-3.28,191.99
3071282,0.10,-3.28,191.99
3071371,0.10,-3.28,191.99
3071459,0.10,-3.28,191.99
3071548,0.10,-3.28,191.99
3071637,0.10,-3.28,191.99
3071725,0.10,-3.28,191.99
3071814,0.10,-3.28,191.99
3071903,0.10,-3.28,191.99
3071991,0.10,-3.28,191.99
3072169,0.10,-3.27,191.99
3072346,0.10,-3.28,191.99
3072523,0.10,-3.27,191.99
3072701,0.10,-3.27,191.99
3072878,0.10,-3.27,191.99
3073056,0.10,-3.27,191.99
3073233,0.11,-3.27,191.99
3073410,0.10,-3.28,191.99
3073588,0.10,-3.28,191.99
3073765,0.10,-3.27,191.99
3073942,0.10,-3.27,191.99
3074120,0.11,-3.27,191.99
3074297,0.11,-3.27,191.99
3074475,0.11,-3.28,191.99
3074652,0.10,-3.27,191.99
3074829,0.11,-3.28,191.99
3075007,0.11,-3.27,191.99
3075184,0.10,-3.28,191.99
3075361,0.10,-3.27,191.99
3075539,0.10,-3.27,191.99
3075716,0.11,-3.27,191.99
3075894,0.10,-3.27,191.99
3076071,0.11,-3.28,191.99
3076248,0.10,-3.27,191.99
3076426,0.11,-3.27,191.99
3076603,0.10,-3.27,191.99
3076780,0.10,-3.27,191.99
3076958,0.11,-3.27,191.99
3077135,0.10,-3.27,191.99
3077313,0.11,-3.27,191.99
3077490,0.11,-3.27,191.99
3077667,0.10,-3.27,191.99
3077845,0.10,-3.27,191.99
3078022,0.10,-3.27,191.99
3078111,0.10,-3.27,191.99
3078199,0.10,-3.27,191.99
3078288,0.10,-3.27,191.99
3078377,0.10,-3.27,191.99
3078465,0.10,-3.27,191.99
3078554,0.10,-3.27,191.99
3078643,0.11,-3.27,191.98
3078732,0.11,-3.27,191.99
3078820,0.10,-3.27,191.99
3078909,0.10,-3.27,191.99
3078998,0.11,-3.27,191.99
3079086,0.10,-3.28,191.99
3079175,0.10,-3.27,191.99
3079264,0.11,-3.27,191.99
3079352,0.10,-3.27,191.99
3079441,0.10,-3.27,191.99
3079530,0.11,-3.27,191.99
3079618,0.10,-3.27,191.99
3079707,0.11,-3.27,191.99
3079796,0.11,-3.27,191.99
3079884,0.10,-3.27,191.99
3079973,0.10,-3.27,191.99
3080062,0.10,-3.27,191.99
3080150,0.09,-3.27,191.99
3080239,0.10,-3.27,191.99
3080328,0.10,-3.27,191.99
3080417,0.10,-3.27,191.99
3080505,0.11,-3.27,191.99
3080594,0.10,-3.27,191.99
3080683,0.10,-3.27,191.99
3080771,0.10,-3.27,191.99
3080860,0.10,-3.27,191.99
3080949,0.10,-3.27,191.99
3081037,0.10,-3.27,191.99
3081126,0.10,-3.28,191.99
3081215,0.10,-3.27,191.99
3081303,0.10,-3.27,191.98
3081392,0.11,-3.27,191.99
3081481,0.10,-3.27,191.99
3081569,0.10,-3.27,191.99
3081658,0.11,-3.27,191.99
3081747,0.10,-3.27,191.99
3081835,0.11,-3.27,191.99
3081924,0.11,-3.28,191.99
3082013,0.10,-3.27,191.99
3082102,0.10,-3.27,191.98
3082190,0.10,-3.27,191.98
3082279,0.10,-3.27,191.99
3082368,0.11,-3.27,191.99
3082456,0.10,-3.27,191.98
3082545,0.10,-3.27,191.99
3082634,0.10,-3.28,191.99
3082722,0.11,-3.27,191.98
3082811,0.10,-3.27,191.98
3082900,0.10,-3.27,191.98
3082988,0.10,-3.27,191.99
3083077,0.11,-3.27,191.98
3083166,0.11,-3.27,191.99
3083254,0.10,-3.27,191.99
3083343,0.10,-3.27,191.99
3083432,0.10,-3.27,191.99
3083521,0.10,-3.27,191.99
3083609,0.10,-3.27,191.99
3083698,0.11,-3.27,191.99
3083787,0.11,-3.27,191.99
3083964,0.10,-3.27,191.98
3084141,0.10,-3.27,191.99
3084319,0.11,-3.27,191.99
3084496,0.10,-3.27,191.99
3084673,0.10,-3.28,191.99
3084851,0.10,-3.27,191.99
3085028,0.10,-3.27,191.99
3085206,0.10,-3.27,191.98
3085383,0.10,-3.27,191.99
3085560,0.10,-3.28,191.99
3085738,0.10,-3.27,191.99
3085915,0.10,-3.27,191.99
3086092,0.10,-3.27,191.99
3086270,0.10,-3.28,191.99
3086447,0.10,-3.27,191.99
3086625,0.10,-3.27,191.99
3086802,0.10,-3.27,191.99
3086979,0.11,-3.27,191.99
3087157,0.10,-3.27,191.99
3087334,0.10,-3.27,191.99
3087511,0.11,-3.28,191.99
3087600,0.10,-3.28,191.99
3087689,0.10,-3.27,191.99
3087777,0.10,-3.27,191.99
3087866,0.10,-3.27,191.99
3087955,0.10,-3.28,191.99
3088043,0.10,-3.27,191.99
3088132,0.11,-3.27,191.99
3088221,0.10,-3.27,191.99
3088310,0.10,-3.28,191.99
3088398,0.10,-3.28,191.99
3088487,0.10,-3.27,191.99
3088576,0.10,-3.28,191.99
3088664,0.11,-3.28,191.99
3088753,0.11,-3.27,191.99
3088842,0.10,-3.27,191.99
3088930,0.11,-3.27,191.99
3089019,0.10,-3.27,191.99
3089108,0.11,-3.28,191.99
3089196,0.11,-3.28,191.99
3089285,0.11,-3.28,191.99
3089374,0.11,-3.28,191.99
3089462,0.10,-3.28,191.99
3089551,0.10,-3.28,191.99
3089729,0.11,-3.28,191.99
3089906,0.10,-3.28,191.99
3090083,0.11,-3.27,191.99
3090261,0.10,-3.28,191.99
3090438,0.11,-3.28,191.99
3090615,0.10,-3.28,191.99
3090793,0.11,-3.27,191.99
3090970,0.10,-3.28,191.99
3091147,0.11,-3.28,191.99
3091325,0.10,-3.28,191.99
3091502,0.10,-3.28,191.99
3091680,0.11,-3.28,191.99
3091857,0.10,-3.28,191.99
3092034,0.10,-3.28,191.99
3092212,0.10,-3.28,191.99
3092389,0.10,-3.28,192.00
3092566,0.10,-3.28,191.99
3092744,0.11,-3.28,192.00
3092921,0.10,-3.28,192.00
3093010,0.11,-3.28,192.00
3093099,0.10,-3.28,192.00
3093187,0.10,-3.28,191.99
3093276,0.10,-3.28,192.00
3093365,0.10,-3.28,192.00
3093453,0.10,-3.28,192.00
3093542,0.11,-3.28,192.00
3093631,0.11,-3.28,192.00
3093719,0.11,-3.28,192.00
3093808,0.11,-3.28,191.99
3093897,0.10,-3.28,192.00
3093985,0.10,-3.28,191.99
3094074,0.10,-3.28,191.99
3094163,0.10,-3.28,192.00
3094252,0.10,-3.28,192.00
3094340,0.10,-3.28,191.99
3094429,0.10,-3.28,192.00
3094518,0.11,-3.28,192.00
3094606,0.10,-3.28,192.00
3094695,0.11,-3.28,192.00
3094784,0.11,-3.28,192.00
3094872,0.10,-3.28,192.00
3094961,0.10,-3.28,192.00
3095050,0.10,-3.29,192.00
3095138,0.10,-3.28,192.00
3095227,0.11,-3.28,191.99
3095404,0.11,-3.28,192.00
3095493,0.11,-3.28,191.99
3095671,0.10,-3.27,192.00
3095848,0.11,-3.28,191.99
3096025,0.10,-3.28,191.99
3096203,0.10,-3.28,191.99
3096380,0.10,-3.28,191.99
3096557,0.11,-3.28,192.00
3096735,0.10,-3.28,192.00
3096912,0.10,-3.28,191.99
3097090,0.10,-3.28,192.00
3097178,0.10,-3.28,191.99
3097267,0.10,-3.27,192.00
3097356,0.11,-3.28,191.99
3097444,0.10,-3.28,191.99
3097533,0.11,-3.28,191.99
3097622,0.11,-3.28,192.00
3097710,0.11,-3.28,192.00
3097799,0.10,-3.28,192.00
3097888,0.11,-3.28,191.99
3097976,0.10,-3.28,191.99
3098065,0.11,-3.28,191.99
3098154,0.11,-3.28,192.00
3098242,0.10,-3.28,191.99
3098331,0.11,-3.28,192.00
3098420,0.11,-3.28,192.00
3098508,0.10,-3.28,191.99
3098597,0.11,-3.28,192.00
3098686,0.11,-3.28,191.99
3098775,0.10,-3.28,191.99
3098863,0.10,-3.28,191.99
3098952,0.11,-3.28,191.99
3099041,0.11,-3.28,191.99
3099129,0.11,-3.28,192.00
3099218,0.11,-3.28,191.99
3099307,0.10,-3.28,191.99
3099395,0.10,-3.28,191.99
3099484,0.10,-3.28,191.99
3099573,0.11,-3.28,192.00
3099661,0.11,-3.28,191.99
3099750,0.11,-3.28,191.99
3099839,0.11,-3.28,191.99
3099927,0.11,-3.28,191.99
3100016,0.11,-3.28,191.99
3100105,0.11,-3.28,192.00
3100193,0.10,-3.28,191.99
3100282,0.11,-3.28,191.99
3100371,0.10,-3.28,191.99
3100460,0.10,-3.29,191.99
3100548,0.10,-3.28,191.99
3100637,0.10,-3.28,192.00
3100726,0.10,-3.28,191.99
3100814,0.11,-3.28,192.00
3100903,0.10,-3.28,192.00
3100992,0.10,-3.28,191.99
3101080,0.11,-3.28,191.99
3101169,0.10,-3.28,192.00
3101258,0.10,-3.27,191.99
3101346,0.10,-3.28,192.00
3101524,0.11,-3.28,192.00
3101701,0.10,-3.28,192.00
3101878,0.11,-3.28,191.99
3102056,0.10,-3.28,191.99
3102233,0.10,-3.28,192.00
3102411,0.11,-3.28,192.00
3102588,0.10,-3.28,191.99
3102765,0.10,-3.28,192.00
3102943,0.10,-3.28,191.99
3103120,0.10,-3.28,191.99
3103297,0.10,-3.27,191.99
3103475,0.11,-3.27,191.98
3103652,0.10,-3.28,191.98
3103830,0.11,-3.27,191.98
3104007,0.12,-3.26,191.97
3104184,0.11,-3.27,191.97
3104362,0.11,-3.27,191.98
3104539,0.12,-3.25,191.97
3104716,0.10,-3.26,191.98
3104894,0.10,-3.27,191.98
3105071,0.11,-3.26,191.98
3105249,0.10,-3.28,191.99
3105426,0.10,-3.28,191.99
3105603,0.10,-3.28,192.00
3105781,0.09,-3.30,192.00
3105958,0.10,-3.29,191.99
3106135,0.10,-3.29,192.00
3106313,0.11,-3.29,191.99
3106490,0.10,-3.27,191.99
3106667,0.10,-3.29,191.99
3106756,0.10,-3.29,191.99
3106845,0.10,-3.28,191.99
3106933,0.10,-3.30,191.98
3107022,0.11,-3.29,192.00
3107111,0.12,-3.27,192.01
3107288,0.09,-3.29,191.98
3107466,0.10,-3.28,191.99
3107643,0.10,-3.28,191.99
3107820,0.10,-3.29,191.99
3107998,0.11,-3.28,191.99
3108086,0.10,-3.28,191.99
3108175,0.10,-3.28,191.99
3108264,0.10,-3.28,191.99
3108352,0.10,-3.29,191.99
3108441,0.10,-3.28,191.99
3108530,0.11,-3.28,191.99
3108618,0.11,-3.28,191.99
3108707,0.11,-3.28,191.99
3108796,0.11,-3.28,191.99
3108884,0.11,-3.28,191.99
3108973,0.11,-3.28,191.99
3109062,0.12,-3.29,191.99
3109151,0.11,-3.28,191.99
3109239,0.10,-3.28,191.99
3109328,0.10,-3.28,191.99
3109417,0.10,-3.28,191.99
3109505,0.11,-3.28,191.99
3109594,0.11,-3.28,191.99
3109683,0.11,-3.28,191.99
3109771,0.11,-3.28,191.99
3109860,0.10,-3.28,191.99
3109949,0.10,-3.28,191.99
3110037,0.10,-3.28,191.99
3110126,0.10,-3.28,191.99
3110215,0.11,-3.29,191.99
3110303,0.11,-3.28,191.99
3110392,0.10,-3.28,191.99
3110481,0.10,-3.28,191.99
3110569,0.10,-3.29,191.99
3110658,0.10,-3.28,191.98
3110747,0.11,-3.29,191.99
3110836,0.11,-3.28,191.98
3110924,0.10,-3.28,191.99
3111013,0.11,-3.28,191.99
3111102,0.11,-3.28,191.99
3111190,0.10,-3.29,191.98
3111279,0.10,-3.28,191.98
3111368,0.10,-3.28,191.98
3111456,0.10,-3.28,191.99
3111545,0.10,-3.28,191.99
3111634,0.10,-3.29,191.99
3111722,0.10,-3.29,191.99
3111811,0.11,-3.29,191.99
3111900,0.10,-3.29,191.98
3111988,0.10,-3.29,191.99
3112077,0.10,-3.29,191.99
3112166,0.10,-3.29,191.99
3112254,0.10,-3.29,191.99
3112343,0.10,-3.29,191.99
3112432,0.10,-3.29,191.99
3112521,0.10,-3.29,191.99
3112609,0.11,-3.29,191.99
3112698,0.11,-3.29,191.99
3112787,0.11,-3.29,191.99
3112875,0.10,-3.29,192.00
3112964,0.11,-3.29,191.99
3113053,0.11,-3.30,191.99
3113230,0.11,-3.29,191.99
3113407,0.11,-3.29,191.99
3113585,0.10,-3.29,191.99
3113762,0.11,-3.29,191.99
3113939,0.11,-3.29,191.99
3114117,0.11,-3.29,191.99
3114294,0.10,-3.29,191.99
3114471,0.10,-3.29,191.99
3114649,0.10,-3.29,192.00
3114826,0.10,-3.29,191.99
3115003,0.10,-3.29,191.99
3115181,0.10,-3.29,191.99
3115358,0.10,-3.29,191.99
3115535,0.10,-3.29,192.00
3115713,0.10,-3.29,191.99
3115890,0.10,-3.29,191.99
3116068,0.11,-3.29,191.99
3116245,0.10,-3.29,191.99
3116334,0.11,-3.29,-214.98
3116422,0.10,-3.28,191.99
3116511,0.09,-3.29,191.99
3116600,0.10,-3.29,191.99
3116688,0.11,-3.29,191.99
3116777,0.11,-3.29,191.99
3116866,0.10,-3.29,191.99
3116954,0.10,-3.29,192.00
3117043,0.11,-3.29,191.99
3117132,0.11,-3.29,191.99
3117220,0.11,-3.28,192.00
3117309,0.11,-3.29,191.99
3117398,0.10,-3.29,191.99
3117486,0.10,-3.28,191.99
3117575,0.11,-3.28,191.99
3117664,0.10,-3.29,191.99
3117753,0.10,-3.29,191.99
3117841,0.10,-3.29,191.99
3117930,0.10,-3.28,191.99
3118019,0.10,-3.28,191.99
3118107,0.10,-3.28,191.99
3118196,0.10,-3.28,191.99
3118285,0.10,-3.28,191.99
3118373,0.11,-3.28,191.99
3118462,0.11,-3.28,191.99
3118551,0.11,-3.28,191.99
3118639,0.11,-3.29,191.99
3118728,0.10,-3.29,191.99
3118817,0.10,-3.29,191.99
3118994,0.11,-3.29,191.99
3119172,0.10,-3.29,191.99
3119349,0.10,-3.29,191.99
3119526,0.11,-3.28,191.99
3119704,0.10,-3.28,191.99
3119881,0.10,-3.28,191.99
3120058,0.10,-3.28,191.99
3120236,0.10,-3.28,191.99
3120413,0.10,-3.28,191.99
3120591,0.10,-3.28,191.99
3120768,0.10,-3.28,191.99
3120945,0.10,-3.28,191.99
3121123,0.11,-3.27,191.98
3121300,0.10,-3.28,191.99
3121477,0.10,-3.28,191.98
3121655,0.11,-3.28,191.99
3121832,0.10,-3.28,191.98
3122010,0.10,-3.28,191.98
3122187,0.11,-3.28,191.98
3122364,0.10,-3.28,191.98
3122542,0.10,-3.28,191.98
3122719,0.10,-3.28,191.98
3122896,0.10,-3.28,191.98
3123162,0.11,-3.28,191.98
3123251,0.11,-3.28,191.98
3123340,0.11,-3.28,191.98
3123429,0.11,-3.28,191.98
3123517,0.10,-3.28,191.98
3123606,0.10,-3.28,191.98
3123695,0.12,-3.28,191.98
3123783,0.11,-3.28,191.98
3123872,0.10,-3.28,191.98
3123961,0.10,-3.28,191.98
3124049,0.11,-3.28,191.98
3124138,0.11,-3.28,191.98
3124227,0.11,-3.28,191.98
3124315,0.11,-3.28,191.98
3124493,0.11,-3.27,191.98
3124581,0.10,-3.28,191.98
3124670,0.09,-622.68,191.98
3124847,0.09,-3.27,191.98
3125025,0.10,-3.28,191.98
3125202,0.11,-3.28,191.98
3125380,0.10,-3.28,191.98
3125557,0.10,-3.28,191.98
3125734,0.10,-3.27,191.98
3125912,0.10,-3.28,191.98
3126000,0.10,-3.28,191.98
3126089,0.10,-3.27,191.98
3126178,0.10,-3.28,191.98
3126267,0.10,-3.27,191.98
3126355,0.11,-3.28,191.98
3126444,0.10,-3.27,191.98
3126533,0.10,-3.27,191.98
3126621,0.11,-3.28,191.98
3126710,0.11,-3.28,191.98
3126799,0.10,-3.28,191.98
3126887,0.10,-3.28,191.98
3126976,0.10,-3.28,191.98
3127065,0.10,-3.28,191.98
3127153,0.10,-3.28,191.98
3127242,0.10,-3.28,191.98
3127331,0.10,-3.28,191.98
3127419,0.10,-3.28,191.98
3127508,0.11,-3.27,191.98
3127597,0.10,-3.28,191.98
3127685,0.11,-3.28,191.98
3127774,0.11,-3.28,191.98
3127863,0.11,-3.28,191.98
3127952,0.10,-3.27,191.98
3128040,0.11,-3.27,191.98
3128129,0.10,-3.28,191.98
3128218,0.10,-3.27,191.98
3128306,0.10,-3.27,191.98
3128395,0.09,-3.27,191.98
3128484,0.10,-3.27,191.99
3128572,0.11,-3.28,191.98
3128661,0.10,-3.28,191.97
3128750,0.10,-3.28,191.98
3128838,0.11,-3.28,191.98
3128927,0.10,-3.27,191.98
3129016,0.10,-3.27,191.98
3129104,0.10,-3.27,191.98
3129193,0.10,-3.28,191.98
3129282,0.10,-3.28,191.97
3129370,0.11,-3.27,191.99
3129459,0.11,-3.28,191.97
3129547,0.10,-3.28,191.98
3129636,0.10,-3.28,191.98
3129725,0.11,-3.27,191.98
3129813,0.10,-3.27,191.98
3129902,0.10,-3.27,191.98
3129991,0.10,-3.27,191.98
3130079,0.11,-3.27,191.98
3130168,0.11,-3.27,191.98
3130257,0.10,-3.27,191.97
3130345,0.10,-3.27,191.98
3130434,0.11,-3.27,191.98
3130523,0.10,-3.27,191.98
3130700,0.10,-3.27,191.98
3130877,0.11,-3.27,191.98
3131055,0.10,-3.27,191.98
3131232,0.10,-3.28,191.98
3131409,0.11,-3.27,191.98
3131587,0.10,-3.27,191.98
3131764,0.11,-3.27,191.98
3131941,0.10,-3.27,191.98
3132119,0.10,-3.27,191.98
3132296,0.10,-3.27,191.98
3132474,0.11,-3.28,191.98
3132651,0.10,-3.27,191.98
3132828,0.10,-3.27,191.98
3133006,0.10,-3.28,191.98
3133183,0.11,-3.27,191.98
3133360,0.10,-3.27,191.98
3133538,0.11,-3.27,191.98
3133715,0.10,-3.27,191.99
3133892,0.11,-3.27,191.98
3134070,0.10,-3.27,191.98
3134247,0.10,-3.27,191.98
3134425,0.10,-3.28,191.98
3134602,0.10,-3.27,191.98
3134779,0.10,-3.27,191.98
3134957,0.10,-3.27,191.98
3135134,0.10,-3.27,191.98
3135311,0.10,-3.27,191.98
3135489,0.11,-3.27,191.98
3135577,0.10,-3.27,191.98
3135666,0.10,-3.27,191.98
3135755,0.11,-3.27,191.98
3135844,0.11,-3.27,191.98
3135932,0.11,-3.27,191.98
3136021,0.11,-3.27,191.98
3136110,0.11,-3.28,191.98
3136198,0.11,-3.27,191.98
3136287,0.11,-3.27,191.98
3136376,0.11,-3.28,191.98
3136553,0.10,-3.27,191.98
3136730,0.10,-3.27,191.98
3136908,0.09,-3.27,191.98
3137085,0.11,-3.27,191.99
3137262,0.10,-3.28,191.98
3137440,0.11,-3.28,191.99
3137617,0.10,-3.28,191.99
3137795,0.10,-3.28,191.98
3137883,0.11,-3.28,191.98
3137972,0.10,-3.27,191.99
3138061,0.10,-3.28,191.98
3138149,0.11,-3.28,191.98
3138238,0.10,-3.28,191.99
3138327,0.10,-3.28,191.98
3138415,0.10,-3.27,191.99
3138504,0.10,-3.28,191.98
3138593,0.11,-3.28,191.99
3138681,0.10,-3.28,191.99
3138770,0.10,-3.28,191.98
3138859,0.10,-3.28,191.99
3138947,0.10,-3.28,191.99
3139036,0.10,-3.28,191.98
3139125,0.11,-3.28,191.99
3139214,0.11,-3.28,191.99
3139302,0.10,-3.28,191.99
3139391,0.10,-3.28,191.99
3139480,0.10,-3.28,191.98
3139568,0.10,-3.28,191.99
3139657,0.10,-3.28,191.99
3139746,0.10,-3.28,191.99
3139834,0.10,-3.28,191.99
3139923,0.11,-3.28,191.99
3140012,0.11,-3.28,191.98
3140100,0.10,-3.28,191.99
3140189,0.10,-3.28,191.99
3140278,0.10,-3.28,191.99
3140366,0.11,-3.28,191.99
3140455,0.10,-3.28,191.99
3140544,0.10,-3.28,191.99
3140632,0.09,-3.28,191.98
3140721,0.10,-3.28,191.99
3140810,0.10,-3.28,191.99
3140899,0.10,-3.28,191.99
3140987,0.10,-3.28,191.99
3141076,0.11,-3.28,191.99
3141165,0.10,-3.28,191.99
3141253,0.10,-3.29,191.99
3141342,0.11,-3.28,191.99
3141431,0.10,-3.28,191.99
3141519,0.10,-3.28,191.98
3141608,0.09,-3.28,191.99
3141697,0.10,-3.27,191.99
3141785,0.10,-3.28,191.99
3141874,0.10,-3.28,191.98
3141963,0.10,-3.28,191.99
3142051,0.10,-3.28,191.99
3142140,0.10,-3.28,191.99
3142229,0.10,-3.28,191.99
3142406,0.10,-3.28,191.99
3142584,0.10,-3.28,191.98
3142761,0.10,-3.29,191.99
3142938,0.10,-3.28,191.99
3143116,0.11,-3.28,191.98
3143293,0.10,-3.28,191.99
3143470,0.11,-3.29,192.00
3143648,0.11,-3.28,191.99
3143825,0.10,-3.28,191.99
3144003,0.09,-3.28,191.99
3144180,0.10,-3.28,191.99
3144357,0.10,-3.28,191.98
3144535,0.10,-3.28,191.98
3144712,0.10,-3.27,191.99
3144889,0.11,-3.27,191.98
3145067,0.10,-3.28,191.99
3145244,0.10,-3.27,192.00
3145333,0.09,-3.28,191.98
3145421,0.10,-3.28,191.98
3145510,0.10,-3.28,191.98
3145599,0.10,-3.28,191.98
3145688,0.11,-3.28,191.98
3145776,0.11,-3.27,191.99
3145865,0.11,-3.28,191.98
3145954,0.11,-3.28,191.98
3146042,0.10,-3.29,191.97
3146131,0.11,-3.29,191.98
3146220,0.11,-3.28,191.98
3146308,0.11,-3.28,191.99
3146397,0.11,-3.28,191.97
3146486,0.10,-3.29,191.98
3146574,0.11,-3.29,191.97
3146663,0.10,-3.29,191.98
3146752,0.11,-3.28,191.98
3146840,0.11,-3.28,191.98
3146929,0.11,-3.28,191.98
3147018,0.10,-3.29,191.98
3147106,0.10,-3.29,191.97
3147195,0.10,-3.29,191.98
3147284,0.10,-3.29,191.98
3147373,0.11,-3.29,191.99
3147461,0.11,-3.28,191.99
3147550,0.10,-3.29,191.98
3147639,0.11,-3.29,191.98
3147727,0.10,-3.29,191.98
3147816,0.10,-3.29,191.98
3147905,0.11,-3.28,191.99
3147993,0.11,-3.28,191.99
3148082,0.10,-3.29,191.98
3148259,0.10,-3.29,191.99
3148437,0.10,-3.29,191.99
3148614,0.10,-3.29,191.99
3148792,0.11,-3.29,191.99
3148969,0.11,-3.29,191.98
3149146,0.10,-3.29,191.98
3149324,0.11,-3.30,191.99
3149501,0.10,-3.29,191.99
3149678,0.11,-3.30,191.99
3149856,0.11,-3.29,191.99
3150033,0.11,-3.29,191.99
3150210,0.11,-3.29,191.99
3150388,0.10,-3.29,191.99
3150565,0.10,-3.29,191.99
3150743,0.11,-3.29,191.98
3150920,0.12,-3.29,191.99
3151097,0.10,-3.28,191.99
3151275,0.11,-3.29,191.99
3151452,0.11,-3.29,191.99
3151629,0.10,-3.29,191.99
3151807,0.10,-3.29,191.99
3151984,0.10,-3.28,191.99
3152161,0.10,-3.29,191.99
3152339,0.11,-3.28,191.99
3152516,0.11,-3.28,191.99
3152694,0.11,-3.29,191.99
3152782,0.11,-3.28,191.99
3152871,0.11,-3.29,191.99
3152960,0.11,-3.29,191.99
3153048,0.11,-3.29,191.99
3153137,0.10,-3.29,191.99
3153226,0.10,-3.29,191.99
3153403,0.10,-3.28,191.99
3153492,0.10,-3.29,191.99
3153669,0.11,-3.29,191.99
3153846,0.10,-3.29,191.99
3154024,0.10,-3.29,191.99
3154201,0.10,-3.29,191.99
3154379,0.10,-3.28,191.99
3154556,0.10,-3.28,191.99
3154733,0.11,-3.28,191.99
3154822,0.10,-3.28,191.99
3154911,0.10,-3.28,191.99
3154999,0.11,-3.28,191.99
3155088,0.11,-3.28,191.99
3155177,0.10,-3.28,191.99
3155265,0.10,-3.28,191.99
3155354,0.10,-3.28,191.99
3155443,0.10,-3.28,191.99
3155532,0.10,-3.28,191.99
3155620,0.10,-3.28,191.99
3155709,0.10,-3.28,191.99
3155798,0.10,-3.29,191.99
3155886,0.10,-3.28,191.98
3155975,0.11,-3.28,191.98
3156064,0.10,-3.28,191.98
3156152,0.10,-3.28,191.99
3156241,0.11,-3.28,191.99
3156330,0.10,-3.28,191.99
3156418,0.10,-3.28,191.98
3156507,0.11,-3.28,191.99
3156596,0.11,-3.28,191.98
3156684,0.10,-3.28,191.99
3156773,0.10,-3.28,191.99
3156862,0.10,-3.28,191.99
3156951,0.11,-3.28,191.99
3157039,0.10,-3.28,191.99
3157128,0.10,-3.28,191.98
3157217,0.10,-3.28,191.98
3157305,0.10,-3.28,191.99
3157394,0.11,-3.28,191.99
3157483,0.11,-3.28,191.98
3157571,0.10,-3.28,191.98
3157660,0.10,-3.28,191.99
3157749,0.10,-3.28,191.99
3157837,0.10,-3.28,191.99
3157926,0.10,-3.28,191.98
3158015,0.10,-3.29,191.99
3158103,0.10,-3.28,191.99
3158192,0.11,-3.28,191.99
3158281,0.11,-3.28,191.98
3158369,0.10,-3.29,191.98
3158458,0.11,-3.28,191.99
3158547,0.11,-3.28,191.99
3158635,0.10,-3.28,191.99
3158724,0.10,-3.28,191.99
3158813,0.10,-3.28,191.99
3158902,0.10,-3.28,191.99
3158990,0.11,-3.28,191.99
3159079,0.11,-3.29,191.99
3159168,0.10,-3.28,191.99
3159256,0.10,-3.28,191.99
3159345,0.10,-3.28,191.99
3159434,0.11,-3.28,191.99
3159522,0.11,-3.28,191.99
3159611,0.11,-3.28,191.99
3159700,0.11,-3.28,191.99
3159788,0.11,-3.28,191.99
3159966,0.10,-3.28,191.99
3160143,0.11,-3.28,191.99
3160321,0.10,-3.28,191.99
3160498,0.10,-3.28,191.99
3160675,0.10,-3.28,191.99
3160853,0.10,-3.28,191.99
3161030,0.11,-3.28,191.99
3161207,0.11,-3.28,191.99
3161385,0.11,-3.28,191.99
3161562,0.10,-3.28,191.99
3161740,0.10,-3.28,191.99
3161917,0.11,-3.28,191.99
3162094,0.10,-3.28,191.99
3162272,0.10,-3.28,191.99
3162449,0.10,-3.28,191.99
3162626,0.11,-3.28,191.99
3162804,0.10,-3.28,191.99
3162981,0.10,-3.28,191.99
3163158,0.11,-3.28,191.99
3163336,0.11,-3.28,191.99
3163513,0.10,-3.28,191.99
3163691,0.10,-3.28,191.99
3163868,0.10,-3.28,191.99
3164045,0.10,-3.28,191.98
3164223,0.10,-3.28,191.98
3164400,0.10,-3.28,191.99
3164489,0.10,-3.28,191.99
3164577,0.10,-3.28,191.99
3164666,0.10,-3.28,191.99
3164755,0.10,-3.28,191.99
3164843,0.10,-3.28,191.99
3164932,0.10,-3.28,191.99
3165021,0.10,-3.28,191.99
3165110,0.10,-3.28,191.99
3165198,0.10,-3.28,191.99
3165287,0.10,-3.28,191.99
3165376,0.10,-3.28,191.99
3165464,0.11,-3.28,191.99
3165553,0.10,-3.28,191.99
3165642,0.10,-3.28,191.99
3165819,0.10,-3.29,191.99
3165996,0.10,-3.28,191.99
3166174,0.11,-3.28,191.99
3166351,0.10,-3.28,191.99
3166528,0.10,-3.28,191.99
3166706,0.09,-3.28,191.99
3166883,0.10,-3.28,191.99
3167061,0.10,-3.28,191.99
3167238,0.11,-3.28,191.99
3167415,0.10,-3.28,191.99
3167593,0.11,-3.28,191.99
3167770,0.11,-3.28,191.99
3167859,0.11,-3.28,191.99
3167947,0.10,-3.28,191.99
3168036,0.10,-3.28,191.99
3168125,0.10,-3.28,191.99
3168213,0.11,-3.28,191.99
3168302,0.11,-3.28,191.98
3168391,0.10,-3.28,191.99
3168480,0.11,-3.28,191.98
3168568,0.11,-3.28,191.98
3168657,0.11,-3.28,191.99
3168746,0.11,-3.28,191.99
3168834,0.10,-3.28,191.99
3168923,0.09,-3.28,191.99
3169012,0.10,-3.28,191.99
3169100,0.10,-3.28,191.98
3169189,0.10,-3.28,191.98
3169278,0.10,-3.28,191.99
3169366,0.10,-3.28,191.99
3169455,0.10,-3.28,191.99
3169544,0.10,-3.28,191.99
3169632,0.10,-3.28,191.99
3169721,0.10,-3.28,191.99
3169810,0.10,-3.28,191.98
3169898,0.10,-3.28,191.98
3169987,0.10,-3.28,191.98
3170076,0.10,-3.28,191.99
3170165,0.11,-3.28,191.99
3170253,0.11,-3.28,191.99
3170342,0.10,-3.28,191.99
3170431,0.10,-3.28,191.99
3170519,0.10,-3.28,191.98
3170608,0.10,-3.28,191.99
3170697,0.10,-3.28,191.98
3170785,0.10,-3.28,191.98
3170874,0.10,-3.28,191.98
3170963,0.10,-3.28,191.98
3171051,0.10,-3.28,191.98
3171140,0.10,-3.28,191.98
3171229,0.10,-3.28,191.98
3171317,0.10,-3.28,191.98
3171406,0.11,-3.28,191.98
3171495,0.11,-3.28,191.98
3171672,0.11,-3.28,191.98
3171849,0.10,-3.28,191.98
3172027,0.10,-3.28,191.99
3172204,0.11,-3.28,191.98
3172382,0.11,-3.28,191.98
3172559,0.11,-3.28,191.98
3172736,0.10,-3.28,191.98
3172914,0.11,-3.28,191.99
3173091,0.10,-3.28,191.99
3173268,0.10,-3.28,191.98
3173446,0.10,-3.28,191.98
3173623,0.10,-3.28,191.98
3173800,0.09,-3.28,191.98
3173978,0.10,-3.28,191.98
3174066,0.10,-3.28,191.98
3174155,0.11,-3.28,191.99
3174244,0.11,-3.28,191.99
3174332,0.11,-3.28,191.98
3174421,0.11,-3.28,191.99
3174510,0.10,-3.28,191.99
3174599,0.10,-3.28,191.99
3174687,0.10,-3.28,191.99
3174776,0.10,-3.28,191.98
3174865,0.10,-3.28,191.99
3174953,0.10,-3.28,191.99
3175042,0.10,-3.28,191.99
3175131,0.09,-3.28,191.99
3175219,0.10,-3.28,191.99
3175308,0.11,-3.28,191.98
3175397,0.10,-3.28,191.98
3175485,0.11,-3.28,191.98
3175574,0.11,-3.28,191.98
3175663,0.11,-3.28,191.98
3175752,0.10,-3.28,191.98
3175840,0.10,-3.28,191.99
3175929,0.10,-3.28,191.99
3176018,0.10,-3.28,191.98
3176106,0.10,-3.29,191.98
3176195,0.10,-3.29,191.99
3176284,0.11,-3.29,191.98
3176372,0.11,-3.28,191.98
3176461,0.10,-3.28,191.99
3176550,0.10,-3.28,191.99
3176638,0.11,-3.29,191.99
3176727,0.11,-3.28,191.99
3176816,0.11,-3.28,191.99
3176904,0.11,-3.28,191.99
3176993,0.10,-3.28,191.98
3177082,0.10,-3.28,191.99
3177170,0.10,-3.29,191.99
3177259,0.10,-3.28,191.99
3177348,0.10,-3.29,191.99
3177525,0.10,-3.28,191.98
3177703,0.10,-3.28,191.99
3177880,0.10,-3.29,191.99
3178057,0.11,-3.28,191.99
3178235,0.10,-3.28,191.98
3178412,0.11,-3.28,191.99
3178589,0.11,-3.29,191.99
3178767,0.11,-3.28,191.99
3178944,0.11,-3.29,191.99
3179121,0.11,-3.28,191.99
3179299,0.11,-3.28,191.99
3179476,0.10,-3.28,191.99
3179654,0.11,-3.28,191.99
3179831,0.10,-3.28,191.98
3180008,0.11,-3.28,191.99
3180186,0.11,-3.28,191.99
3180363,0.10,-3.28,191.98
3180540,0.10,-3.28,191.99
3180718,0.11,-3.28,191.99
3180895,0.10,-3.28,191.99
3181073,0.11,-3.28,191.98
3181250,0.10,-3.28,191.99
3181427,0.10,-3.28,191.99
3181605,0.10,-3.28,191.99
3181782,0.11,-3.28,191.99
3181959,0.11,-3.28,191.99
3182137,0.11,-3.27,191.99
3182314,0.10,-3.28,191.99
3182492,0.10,-3.28,191.99
3182669,0.11,-3.28,191.98
3182846,0.10,-3.27,191.99
3183024,0.10,-3.28,191.99
3183201,0.10,-3.28,191.98
3183378,0.10,-3.28,191.99
3183467,0.10,-3.28,-390.84
3183556,0.11,-3.28,191.98
3183644,0.10,-3.28,191.98
3183733,0.10,-3.28,191.99
3183822,0.11,-3.28,191.99
3183911,0.10,-3.28,191.99
3183999,0.10,-3.28,191.98
3184088,0.10,-3.28,191.98
3184177,0.10,-3.28,191.99
3184265,0.11,-3.28,191.99
3184354,0.10,-3.27,191.99
3184443,0.10,-3.28,191.99
3184531,0.10,-3.28,191.98
3184620,0.10,-3.27,191.99
3184709,0.10,-3.27,191.99
3184797,0.10,-3.28,191.99
3184886,0.10,-3.28,191.99
3184975,0.09,-3.28,191.99
3185063,0.10,-3.27,191.98
3185152,0.10,-3.28,191.99
3185241,0.10,-3.27,191.99
3185329,0.11,-3.27,191.99
3185418,0.11,-3.28,191.98
3185507,0.10,-3.28,191.98
3185595,0.11,-3.27,191.99
3185684,0.11,-3.27,191.99
3185773,0.10,-3.27,191.99
3185862,0.10,-3.27,191.98
3185950,0.10,-3.27,191.98
3186039,0.10,-3.28,191.98
3186128,0.11,-3.28,191.99
3186216,0.11,-3.27,191.98
3186305,0.11,-3.27,191.98
3186394,0.10,-3.27,191.98
3186482,0.10,-3.28,191.98
3186571,0.10,-3.27,191.98
3186660,0.10,-3.28,191.98
3186748,0.10,-3.27,191.98
3186837,0.10,-3.27,191.99
3186926,0.10,-3.27,191.98
3187014,0.10,-3.27,191.98
3187103,0.11,-3.27,191.98
3187192,0.10,-3.27,191.98
3187281,0.10,-3.28,191.98
3187369,0.10,-3.28,191.98
3187458,0.11,-3.27,191.98
3187547,0.10,-3.27,191.98
3187635,0.10,-3.27,191.98
3187724,0.10,-3.27,191.98
3187813,0.11,-3.28,191.98
3187901,0.11,-3.27,191.98
3187990,0.11,-3.27,191.98
3188079,0.10,-3.28,191.98
3188167,0.11,-3.28,191.98
3188256,0.10,-3.27,191.98
3188345,0.10,-3.27,191.98
3188433,0.10,-3.27,191.98
3188522,0.10,-3.27,191.98
3188611,0.10,-3.27,191.98
3188699,0.10,-3.27,191.98
3188788,0.11,-3.28,191.98
3188877,0.11,-3.28,191.99
3188965,0.11,-3.27,191.98
3189054,0.11,-3.27,191.98
3189232,0.11,-3.27,191.98
3189409,0.11,-3.28,191.98
3189586,0.11,-3.27,191.98
3189764,0.10,-3.27,191.98
3189941,0.10,-3.27,191.99
3190118,0.11,-3.27,191.98
3190296,0.10,-3.27,191.98
3190473,0.11,-3.28,191.98
3190650,0.11,-3.27,191.98
3190828,0.10,-3.27,191.98
3191005,0.11,-3.27,191.98
3191183,0.11,-3.27,191.98
3191360,0.10,-3.27,191.98
3191537,0.11,-3.27,191.98
3191715,0.11,-3.27,191.98
3191892,0.10,-3.27,191.98
3192069,0.10,-3.27,191.98
3192247,0.11,-3.27,191.98
3192424,0.11,-3.27,191.98
3192601,0.11,-3.28,191.98
3192779,0.10,-3.28,191.98
3192956,0.11,-3.28,191.98
3193045,0.10,-3.27,-21.45
3193134,0.11,-3.28,191.98
3193222,0.10,-3.28,191.98
3193311,0.10,-3.28,191.98
3193400,0.10,-3.27,191.98
3193488,0.11,-3.28,191.98
3193577,0.10,-3.28,191.98
3193666,0.11,-3.28,191.98
3193754,0.10,-3.28,191.98
3193843,0.10,-3.27,191.98
3193932,0.11,-3.27,191.98
3194020,0.10,-3.28,191.98
3194109,0.10,-3.27,191.99
3194198,0.10,-3.27,191.98
3194286,0.11,-3.27,191.98
3194375,0.11,-3.28,191.98
3194464,0.11,-3.27,191.98
3194552,0.11,-3.27,191.98
3194641,0.10,-3.28,191.98
3194730,0.11,-3.28,191.99
3194818,0.10,-3.28,191.99
3194907,0.11,-3.28,191.98
3195085,0.11,-3.28,191.98
3195262,0.11,-3.27,191.98
3195439,0.11,-3.27,191.99
3195617,0.10,-3.28,191.99
3195794,0.10,-3.27,191.99
3195971,0.11,-3.27,191.99
3196149,0.10,-3.28,191.99
3196326,0.10,-3.27,191.99
3196503,0.10,-3.28,191.98
3196681,0.11,-3.27,191.98
3196858,0.10,-3.27,191.99
3197036,0.10,-3.28,191.98
3197213,0.11,-3.27,191.98
3197390,0.10,-3.28,191.99
3197568,0.10,-3.27,191.98
3197745,0.10,-3.27,191.99
3197922,0.11,-3.27,191.99
3198100,0.11,-3.27,191.99
3198188,0.11,-3.27,191.98
3198277,0.11,-3.27,191.98
3198366,0.10,-3.27,191.99
3198454,0.10,-3.27,191.98
3198543,0.10,-3.27,191.99
3198632,0.11,-3.27,191.99
3198720,0.10,-3.27,191.99
3198809,0.10,-3.27,191.98
3198898,0.10,-3.27,191.98
3198986,0.10,-3.27,191.99
3199075,0.10,-3.28,191.99
3199164,0.10,-3.28,191.99
3199253,0.10,-3.28,191.99
3199341,0.10,-3.28,191.99
3199430,0.11,-3.28,191.99
3199519,0.10,-3.28,191.99
3199607,0.10,-3.28,191.99
3199696,0.10,-3.28,191.99
3199785,0.11,-3.28,191.99
3199873,0.11,-3.27,191.99
3199962,0.11,-3.27,191.99
3200051,0.10,-3.28,191.99
3200139,0.10,-3.28,191.98
3200228,0.10,-3.27,191.99
3200317,0.11,-3.27,191.99
3200405,0.10,-3.27,191.99
3200494,0.10,-3.28,191.99
3200583,0.10,-3.28,191.99
3200671,0.10,-3.27,191.99
3200760,0.11,-3.28,191.99
3200849,0.10,-3.28,191.99
3201026,0.10,-3.28,191.99
3201204,0.10,-3.28,191.99
3201381,0.11,-3.28,191.98
3201558,0.11,-3.28,191.99
3201736,0.10,-3.28,191.99
3201913,0.11,-3.28,191.99
3202090,0.10,-3.28,191.99
3202268,0.11,-3.28,191.99
3202445,0.11,-3.28,191.99
3202622,0.10,-3.28,191.99
3202711,0.11,-3.28,191.99
3202800,0.11,-3.28,191.99
3202888,0.10,-3.28,191.99
3202977,0.10,-3.28,191.99
3203066,0.10,-3.28,191.99
3203154,0.10,-3.28,191.99
3203243,0.10,-3.28,191.99
3203332,0.10,-3.28,191.99
3203420,0.10,-3.28,191.99
3203509,0.11,-3.28,191.99
3203598,0.11,-3.28,191.99
3203687,0.11,-3.28,191.99
3203775,0.11,-3.28,191.99
3203864,0.11,-3.28,191.99
3203953,0.11,-3.28,191.99
3204041,0.10,-3.28,191.99
3204130,0.11,-3.28,191.99
3204219,0.11,-3.28,191.99
3204307,0.10,-3.28,191.99
3204396,0.10,-3.28,191.99
3204485,0.10,-3.28,191.99
3204573,0.11,-3.29,191.99
3204662,0.11,-3.28,191.99
3204751,0.10,-3.28,191.99
3204839,0.11,-3.28,191.99
3204928,0.11,-3.28,191.99
3205017,0.10,-3.28,191.99
3205105,0.11,-3.29,191.99
3205194,0.10,-3.28,191.99
3205283,0.10,-3.28,191.99
3205372,0.11,-3.28,191.99
3205460,0.11,-3.29,191.99
3205549,0.11,-3.28,191.99
3205638,0.11,-3.28,191.99
3205726,0.11,-3.28,191.99
3205815,0.11,-3.28,192.00
3205904,0.11,-3.28,191.99
3205992,0.10,-3.28,191.99
3206081,0.10,-3.28,191.99
3206170,0.10,-3.28,191.99
3206258,0.10,-3.28,191.99
3206347,0.10,-3.28,191.99
3206436,0.10,-3.28,191.99
3206524,0.09,-3.28,191.99
3206613,0.10,-3.28,191.99
3206790,0.11,-3.28,191.99
3206968,0.10,-3.28,191.99
3207145,0.11,-3.28,191.99
3207323,0.10,-3.28,191.99
3207500,0.10,-3.28,191.99
3207677,0.10,-3.28,191.99
3207855,0.10,-3.29,191.99
3208032,0.10,-3.28,191.99
3208209,0.11,-3.28,191.99
3208387,0.10,-3.28,191.99
3208564,0.10,-3.28,191.99
3208742,0.10,-3.28,191.99
3208919,0.10,-3.28,191.99
3209096,0.10,-3.28,191.99
3209274,0.11,-3.28,191.99
3209451,0.10,-3.28,191.99
3209628,0.10,-3.28,191.99
3209806,0.11,-3.28,191.99
3209983,0.11,-3.28,191.99
3210160,0.11,-3.28,191.99
3210338,0.10,-3.28,191.99
3210515,0.11,-3.28,191.99
3210693,0.11,-3.27,191.99
3210870,0.10,-3.28,191.99
3211047,0.11,-3.28,191.99
3211225,0.10,-3.28,191.99
3211402,0.11,-3.28,191.99
3211579,0.10,-3.28,191.99
3211757,0.11,-3.27,191.99
3211934,0.11,-3.27,191.99
3212112,0.11,-3.27,191.99
3212289,0.10,-3.27,191.99
3212378,0.10,-3.28,191.99
3212466,0.11,-3.28,191.99
3212644,0.11,-3.28,191.99
3212821,0.10,-3.28,191.99
3212998,0.11,-3.28,191.99
3213087,-416.83,-3.28,191.99
3213176,0.10,-3.28,191.99
3213264,0.10,-3.28,191.99
3213353,0.10,-3.28,191.99
3213442,0.10,-3.28,191.99
3213530,0.10,-3.28,191.99
3213619,0.10,-3.28,191.99
3213708,0.10,-3.28,191.99
3213796,0.11,-3.28,191.99
3213885,0.11,-3.28,191.99
3213974,0.10,-3.28,191.98
3214063,0.11,-3.28,191.99
3214151,0.11,-3.28,191.99
3214240,0.11,-3.28,191.99
3214329,0.11,-3.28,191.99
3214417,0.10,-3.28,191.99
3214506,0.10,-3.28,191.99
3214595,0.10,-3.28,191.99
3214683,0.11,-3.28,191.99
3214772,0.11,-3.28,191.99
3214861,0.11,-3.28,191.99
3214949,0.10,-3.28,191.99
3215038,0.10,-3.28,191.99
3215127,0.10,-3.28,191.99
3215215,0.10,-3.28,191.99
3215304,0.11,-3.29,191.99
3215393,0.11,-3.28,191.99
3215481,0.11,-3.28,191.99
3215570,0.10,-3.29,191.99
3215659,0.11,-3.28,191.99
3215748,0.10,-3.28,191.99
3215836,0.10,-3.28,191.99
3215925,0.11,-3.28,191.99
3216014,0.11,-3.28,191.99
3216102,0.11,-3.28,191.99
3216191,0.11,-3.28,191.99
3216280,0.10,-3.28,191.99
3216368,0.10,-3.28,191.99
3216457,0.11,-3.28,191.99
3216546,0.11,-3.28,191.99
3216634,0.10,-3.28,191.99
3216723,0.10,-3.28,191.99
3216812,0.11,-3.29,191.99
3216900,0.10,-3.28,191.99
3216989,0.10,-3.29,191.99
3217078,0.10,-3.29,191.99
3217166,0.10,-3.28,191.99
3217255,0.10,-3.28,191.99
3217344,0.10,-3.28,191.99
3217433,0.10,-3.28,191.99
3217521,0.10,-3.28,191.99
3217610,0.11,-3.28,191.99
3217699,0.10,-3.28,191.99
3217787,0.10,-3.28,191.99
3217876,0.11,-3.28,191.99
3217965,0.10,-3.28,191.99
3218053,0.10,-3.28,191.99
3218142,0.10,-3.28,191.99
3218231,0.10,-3.28,191.99
3218319,0.11,-3.28,191.99
3218408,0.10,-3.28,191.99
3218585,0.10,-3.29,191.99
3218763,0.10,-3.28,191.99
3218940,0.10,-3.28,191.99
3219117,0.10,-3.28,191.99
3219295,0.11,-3.28,191.99
3219472,0.10,-3.28,191.99
3219650,0.11,-3.28,191.99
3219827,0.11,-3.28,191.99
3220004,0.11,-3.28,191.99
3220182,0.11,-3.28,191.99
3220359,0.10,-3.28,191.99
3220536,0.11,-3.28,191.99
3220714,0.11,-3.28,191.99
3220891,0.11,-3.28,191.99
3221069,0.10,-3.28,191.99
3221246,0.10,-3.28,191.99
3221423,0.10,-3.28,191.99
3221601,0.11,-3.28,191.99
3221778,0.10,-3.28,191.99
3221867,0.10,-3.28,191.99
3221955,0.10,-3.29,191.99
3222044,0.10,-3.28,191.99
3222133,0.10,-3.28,191.99
3222221,0.10,-3.28,191.99
3222310,0.10,-3.28,191.99
3222399,0.10,-3.28,191.99
3222487,0.10,-3.28,191.99
3222576,0.10,-3.28,191.99
3222665,0.11,-3.28,191.99
3222753,0.10,-3.28,191.99
3222842,0.10,-3.28,191.99
3222931,0.11,-3.28,191.99
3223020,0.11,-3.28,191.99
3223108,0.11,-3.28,191.99
3223197,0.11,-3.28,191.99
3223286,0.11,-3.28,191.99
3223374,0.11,-3.28,191.99
3223463,0.10,-3.28,191.99
3223552,0.10,-3.28,191.99
3223640,0.10,-3.29,191.99
3223729,0.10,-3.28,191.99
3223818,0.10,-3.28,191.99
3223906,0.10,-3.28,191.99
3223995,0.10,-3.29,191.99
3224084,0.11,-3.29,191.99
3224172,0.10,-3.28,191.99
3224350,0.10,-3.28,191.99
3224527,0.10,-3.28,191.99
3224705,0.10,-3.28,191.99
3224882,0.10,-3.28,191.99
3225059,0.10,-3.28,191.99
3225237,0.10,-3.28,191.99
3225414,0.11,-3.28,191.99
3225591,0.10,-3.28,191.99
3225769,0.11,-3.28,191.99
3225946,0.10,-3.28,191.99
3226123,0.10,-3.28,191.99
3226301,0.10,-3.28,191.99
3226478,0.10,-3.28,191.99
3226656,0.10,-3.28,191.99
3226833,0.11,-3.28,191.99
3227010,0.10,-3.28,191.99
3227188,0.09,-3.28,191.99
3227365,0.10,-3.28,191.99
3227542,0.10,-3.28,191.99
3227720,0.10,-3.28,191.99
3227897,0.10,-3.28,191.99
3228075,0.10,-3.28,191.99
3228252,0.10,-3.28,191.99
3228341,0.11,-3.28,191.99
3228429,0.11,-3.28,191.99
3228518,0.11,-3.27,191.99
3228607,0.11,-3.28,191.99
3228695,0.11,-3.28,191.99
3228784,0.10,-3.28,191.99
3228873,0.10,-3.28,191.99
3228961,0.10,-3.28,191.99
3229050,0.10,-3.28,191.99
3229139,0.10,-3.28,191.99
3229227,0.10,-3.28,191.99
3229316,0.11,-3.28,191.99
3229405,0.11,-3.28,191.99
3229493,0.11,-3.28,191.99
3229582,0.10,-3.28,191.99
3229671,0.10,-3.28,191.99
3229759,0.10,-3.28,191.99
3229848,0.10,-3.28,191.99
3229937,0.10,-3.28,191.99
3230026,0.10,-3.28,191.99
3230203,0.10,-3.28,191.99
3230380,0.10,-3.27,191.99
3230558,0.11,-3.28,191.99
3230735,0.10,-3.28,191.99
3230912,0.10,-3.27,191.99
3231090,0.10,-3.28,191.99
3231267,0.10,-3.28,191.99
3231444,0.10,-3.27,191.99
3231533,0.10,-3.28,191.99
3231622,0.10,-3.28,191.99
3231710,0.10,-3.28,191.99
3231799,0.10,-3.28,191.98
3231888,0.11,-3.28,191.98
3231977,0.11,-3.28,191.99
3232065,0.11,-3.28,191.99
3232154,0.10,-3.27,191.99
3232243,0.10,-3.27,191.99
3232331,0.10,-3.27,191.99
3232420,0.11,-3.28,191.98
3232509,0.10,-3.27,191.99
3232597,0.10,-3.27,191.98
3232686,0.10,-3.27,191.99
3232775,0.10,-3.27,191.99
3232863,0.10,-3.27,191.99
3232952,0.10,-3.27,191.98
3233041,0.10,-3.27,191.99
3233129,0.10,-3.28,191.99
3233218,0.09,-3.28,191.99
3233307,0.10,-3.27,191.99
3233395,0.10,-3.27,191.99
3233484,0.10,-3.27,191.99
3233573,0.11,-3.28,191.99
3233661,0.10,-3.28,191.99
3233750,0.10,-3.28,191.99
3233839,0.10,-3.27,191.99
3233928,0.10,-3.27,191.99
3234016,0.10,-3.27,191.99
3234105,0.10,-3.28,191.99
3234194,0.10,-3.28,191.98
3234282,0.10,-3.27,191.98
3234371,0.11,-3.27,191.99
3234460,0.10,-3.28,191.99
3234548,0.10,-3.28,191.98
3234637,0.11,-3.27,191.98
3234726,0.10,-3.27,191.98
3234814,0.10,-3.27,191.98
3234903,0.11,-3.27,191.99
3234992,0.10,-3.27,191.98
3235080,0.10,-3.27,191.98
3235169,0.10,-3.27,191.99
3235258,0.10,-3.27,191.98
3235346,0.10,-3.27,191.99
3235435,0.10,-3.27,191.99
3235524,0.11,-3.27,191.98
3235613,0.10,-3.27,191.98
3235701,0.10,-3.27,191.99
3235790,0.10,-3.27,191.99
3235879,0.11,-3.27,191.98
3235967,0.11,-3.28,191.98
3236145,0.11,-3.27,191.99
3236322,0.10,-3.27,191.99
3236499,0.11,-3.27,191.99
3236677,0.10,-3.28,191.99
3236854,0.10,-3.28,191.99
3237031,0.09,-3.27,191.99
3237209,0.10,-3.28,191.99
3237386,0.10,-3.27,191.99
3237564,0.11,-3.27,191.99
3237741,0.10,-3.27,191.99
3237918,0.11,-3.27,191.99
3238096,0.10,-3.27,191.99
3238273,0.10,-3.27,191.99
3238450,0.10,-3.27,191.99
3238628,0.11,-3.27,191.99
3238805,0.11,-3.27,191.99
3238983,0.10,-3.27,191.98
3239160,0.10,-3.27,191.99
3239337,0.11,-3.27,191.99
3239515,0.10,-3.27,191.99
3239692,0.10,-3.27,191.99
3239869,0.11,-3.28,191.99
3240047,0.10,-3.28,191.98
3240224,0.10,-3.27,191.99
3240402,0.10,-3.28,191.99
3240579,0.10,-3.28,191.99
3240756,0.10,-3.27,191.99
3240934,0.10,-3.27,191.99
3241022,0.10,-3.27,191.99
3241111,0.10,-3.27,191.99
3241200,0.10,-3.28,191.99
3241288,0.10,-3.28,191.99
3241377,0.10,-3.28,191.99
3241466,0.11,-3.28,191.99
3241554,0.11,-3.28,191.99
3241643,0.11,-3.28,191.99
3241732,0.10,-3.28,191.99
3241909,0.10,-3.28,191.99
3242087,0.10,-3.27,191.99
3242264,0.10,-3.27,191.99
3242441,0.10,-3.28,191.99
3242619,0.10,-3.28,191.99
3242796,0.10,-3.28,191.99
3242973,0.10,-3.28,191.99
3243151,0.10,-3.28,191.99
3243328,0.10,-3.28,191.99
3243417,0.11,-3.28,191.99
3243505,0.10,-3.28,191.99
3243594,0.10,-3.28,191.99
3243683,0.10,-3.28,191.99
3243772,0.11,-3.28,191.99
3243860,0.11,-3.28,191.99
3243949,0.11,-3.28,191.99
3244038,0.10,-3.28,191.99
3244126,0.11,-3.28,191.99
3244215,0.10,-3.28,191.99
3244304,0.10,-3.28,191.99
3244392,0.10,-3.28,191.99
3244481,0.10,-3.28,191.99
3244570,0.10,-3.28,191.99
3244658,0.10,-3.28,191.99
3244747,0.10,-3.28,191.99
3244836,0.10,-3.28,191.99
3244924,0.10,-3.28,191.99
3245013,0.10,-3.28,191.99
3245102,0.10,-3.28,191.99
3245190,0.10,-3.28,191.99
3245279,0.10,-3.28,191.99
3245368,0.10,-3.28,191.99
3245456,0.10,-3.28,191.99
3245545,0.10,-3.28,191.99
3245634,0.10,-3.28,191.99
3245723,0.10,-3.28,191.99
3245811,0.10,-3.28,191.99
3245900,0.11,-3.28,191.99
3245989,0.10,-3.28,191.99
3246077,0.09,-3.27,191.99
3246166,0.10,-3.28,191.99
3246255,0.10,-3.28,191.99
3246343,0.11,-3.28,191.99
3246432,0.10,-3.27,191.99
3246521,0.10,-3.28,191.99
3246609,0.10,-3.27,191.99
3246698,0.10,-3.27,191.99
3246787,0.10,-3.28,191.99
3246875,0.10,-3.28,191.99
3246964,0.10,-3.28,191.99
3247053,0.10,-3.28,191.99
3247141,0.10,-3.27,191.99
3247230,0.11,-3.27,191.99
3247319,0.10,-3.27,191.99
3247407,0.10,-3.28,191.99
3247496,0.10,-3.28,191.99
3247585,0.11,-3.28,191.99
3247673,0.11,-3.27,191.99
3247851,0.11,-3.28,191.99
3248028,0.10,-3.28,191.99
3248206,0.10,-3.28,191.99
3248383,0.10,-3.28,191.99
3248560,0.10,-3.28,191.99
3248738,0.10,-3.28,191.99
3248915,0.10,-3.28,191.99
3249092,0.11,-3.27,191.99
3249270,0.11,-3.28,191.99
3249447,0.10,-3.27,191.99
3249624,0.10,-3.27,191.99
3249802,0.10,-3.28,191.99
3249979,0.10,-3.27,191.99
3250157,0.10,-3.28,191.99
3250334,0.11,-3.27,191.99
3250511,0.11,-3.27,191.99
3250600,0.11,-3.27,191.99
3250689,0.10,-3.27,191.99
3250777,0.09,-3.27,191.99
3250866,0.10,-3.27,191.99
3250955,0.10,-3.28,191.99
3251043,0.10,-3.28,191.99
3251132,0.11,-3.28,191.99
3251221,0.10,-3.28,191.99
3251309,0.10,-3.27,191.99
3251398,0.10,-3.27,191.99
3251487,0.11,-3.27,191.99
3251575,0.11,-3.28,191.99
3251664,0.11,-3.28,191.99
3251753,0.10,-3.27,191.99
3251842,0.10,-3.28,191.99
3251930,0.10,-3.28,191.99
3252019,0.10,-3.28,191.99
3252108,0.11,-3.27,191.99
3252196,0.10,-3.28,191.99
3252285,0.10,-3.28,191.99
3252374,0.10,-3.28,191.99
3252462,0.10,-3.28,191.99
3252551,0.11,-3.27,191.99
3252640,0.10,-3.27,191.99
3252728,0.11,-3.28,191.99
3252817,0.11,-3.28,191.99
3252906,0.11,-3.27,191.99
3252994,0.11,-3.27,191.99
3253083,0.11,-3.27,191.99
3253172,0.11,-3.28,191.99
3253260,0.11,-3.28,191.99
3253349,0.10,-3.27,191.99
3253438,0.11,-3.27,191.99
3253615,0.10,-3.28,191.99
3253793,0.10,-3.27,191.99
3253970,0.11,-3.28,191.99
3254147,0.10,-3.28,191.99
3254325,0.10,-3.28,191.99
3254502,0.10,-3.27,191.99
3254679,0.11,-3.28,191.99
3254857,0.11,-3.28,191.99
3255034,0.10,-3.27,191.99
3255211,0.10,-3.28,191.99
3255389,0.10,-3.27,191.99
3255566,0.10,-3.28,191.99
3255744,0.10,-3.28,191.99
3255921,0.10,-3.28,191.99
3256098,0.11,-3.28,191.99
3256276,0.10,-3.28,191.99
3256453,0.10,-3.28,191.99
3256630,0.11,-3.28,191.99
3256808,0.10,-3.28,191.99
3256985,0.10,-3.28,191.99
3257162,0.10,-3.28,191.99
3257340,0.10,-3.28,191.99
3257517,0.11,-3.28,191.99
3257695,0.11,-3.28,191.99
3257872,0.10,-3.28,191.99
3258049,0.10,-3.28,191.99
3258227,0.11,-3.28,191.99
3258404,0.10,-3.28,191.99
3258493,0.10,-3.28,191.99
3258581,0.10,-3.28,191.99
3258759,0.10,-3.28,191.99
3258936,0.10,-3.28,191.99
3259113,0.10,-3.28,191.99
3259291,0.11,-3.28,191.99
3259468,0.09,-3.28,191.99
3259646,0.10,-3.28,191.99
3259823,0.10,-3.28,191.99
3260000,0.10,-3.28,191.99
3260089,0.11,-3.28,192.00
3260178,0.10,-3.28,192.00
3260266,0.11,-3.28,191.99
3260355,0.10,-3.28,191.99
3260444,0.11,-3.28,191.99
3260532,0.11,-3.28,191.99
3260621,0.10,-3.28,191.99
3260710,0.10,-3.28,191.99
3260798,0.10,-3.28,191.99
3260887,0.10,-3.28,191.99
3260976,0.10,-3.28,191.99
3261064,0.10,-3.28,191.99
3261153,0.10,-3.28,191.99
3261242,0.11,-3.28,191.99
3261331,0.11,-3.28,191.99
3261419,0.11,-3.28,191.99
3261508,0.11,-3.28,191.99
3261597,0.10,-3.28,191.99
3261685,0.10,-3.28,191.99
3261774,0.10,-3.28,191.99
3261863,0.11,-3.28,191.99
3261951,0.10,-3.28,192.00
3262040,0.10,-3.28,191.99
3262129,0.10,-3.28,191.99
3262217,0.10,-3.28,191.99
3262306,0.10,-3.28,191.99
3262395,0.11,-3.28,191.99
3262483,0.10,-3.28,191.99
3262572,0.11,-3.28,191.99
3262661,0.11,-3.28,191.99
3262749,0.11,-3.28,191.99
3262838,0.10,-3.28,191.99
3262927,0.10,-3.28,191.99
3263015,0.11,-3.28,191.99
3263104,0.11,-3.28,191.99
3263193,0.11,-3.27,191.99
3263282,0.10,-3.28,191.99
3263370,0.10,-3.28,191.99
3263459,0.10,-3.28,191.99
3263548,0.11,-3.28,191.99
3263636,0.11,-3.28,191.99
3263725,0.10,-3.28,191.99
3263814,0.10,-3.28,191.99
3263902,0.10,-3.28,191.99
3263991,0.10,-3.28,191.99
3264080,0.10,-3.27,191.99
3264168,0.10,-3.28,191.99
3264257,0.11,-3.28,191.99
3264346,0.11,-3.27,191.99
3264434,0.11,-3.27,191.99
3264523,0.11,-3.27,191.99
3264612,0.11,-3.27,191.99
3264700,0.11,-3.27,191.99
3264789,0.10,-3.27,191.99
3264878,0.10,-3.27,191.99
3264966,0.10,-3.27,191.99
3265055,0.10,-3.27,191.99
3265144,0.11,-3.27,191.99
3265321,0.11,-3.27,191.99
3265499,0.11,-3.28,191.99
3265676,0.10,-3.27,191.99
3265853,0.11,-3.28,191.99
3266031,0.10,-3.28,191.99
3266208,0.10,-3.27,191.99
3266385,0.11,-3.28,191.99
3266563,0.10,-3.28,191.99
3266740,0.10,-3.27,191.99
3266918,0.10,-3.28,191.99
3267095,0.10,-3.27,191.99
3267272,0.11,-3.27,191.99
3267450,0.11,-3.27,191.99
3267627,0.10,-3.27,191.99
3267804,0.10,-3.28,191.99
3267982,0.11,-3.28,191.99
3268159,0.09,-3.27,191.99
3268337,0.10,-3.27,191.99
3268514,0.11,-3.27,191.99
3268691,0.10,-3.27,191.99
3268869,0.10,-3.28,191.99
3269046,0.11,-3.27,191.99
3269223,0.11,-3.27,191.99
3269401,0.10,-3.27,191.99
3269578,0.10,-3.28,191.99
3269667,0.11,-3.28,191.99
3269755,0.10,-3.28,191.99
3269844,0.11,-3.28,191.99
3269933,0.10,-3.28,191.99
3270021,0.10,-3.27,191.99
3270110,0.10,-3.27,191.99
3270199,0.10,-3.28,191.99
3270287,0.11,-3.28,191.99
3270376,0.11,-3.28,191.99
3270465,0.10,-3.28,192.00
3270554,0.11,-3.28,192.00
3270642,0.11,-3.28,191.99
3270731,0.10,-3.28,191.99
3270820,0.10,-3.28,191.99
3270908,0.10,-3.28,191.99
3270997,0.11,-3.28,191.99
3271174,0.11,-3.28,191.99
3271352,0.11,-3.28,191.99
3271529,0.10,-3.28,191.99
3271706,0.11,-3.28,191.99
3271884,0.11,-3.28,191.99
3272061,0.10,-3.28,191.99
3272239,0.11,-3.28,192.00
3272416,0.10,-3.28,192.00
3272593,0.10,-3.28,192.00
3272771,0.10,-3.28,192.00
3272948,0.11,-3.28,192.00
3273125,0.10,-3.29,191.99
3273303,0.10,-3.28,192.00
3273480,0.11,-3.28,192.00
3273569,0.10,-3.28,192.00
3273657,0.11,-3.28,191.99
3273746,0.10,-3.28,192.00
3273835,0.10,-3.28,192.00
3273923,0.11,-3.28,192.00
3274012,0.11,-3.28,192.00
3274101,0.10,-3.28,192.00
3274190,0.10,-3.29,191.99
3274278,0.10,-3.28,192.00
3274367,0.10,-3.28,192.00
3274456,0.10,-3.28,192.00
3274544,0.10,-3.28,192.00
3274633,0.10,-3.28,192.00
3274722,0.11,-3.28,191.99
3274810,0.10,-3.28,192.00
3274899,0.10,-3.28,192.00
3274988,0.10,-3.28,192.00
3275076,0.10,-3.28,191.99
3275165,0.11,-3.28,191.99
3275254,0.11,-3.28,191.99
3275342,0.11,-3.28,192.00
3275431,0.10,-3.29,192.00
3275520,0.10,-3.29,192.00
3275608,0.10,-3.28,192.00
3275697,0.10,-3.28,192.00
3275786,0.10,-3.29,192.00
3275874,0.10,-3.28,192.00
3275963,0.10,-3.29,192.00
3276052,0.10,-3.29,192.00
3276141,0.10,-3.29,192.00
3276229,0.10,-3.28,192.00
3276318,0.10,-3.29,192.00
3276407,0.10,-3.29,192.00
3276495,0.10,-3.29,192.00
3276584,0.10,-3.28,192.00
3276673,0.10,-3.29,192.00
3276761,0.11,-3.28,192.00
3276850,0.11,-3.29,192.00
3277027,0.10,-3.29,192.00
3277205,0.10,-3.28,192.00
3277382,0.10,-3.29,192.00
3277559,0.11,-3.28,192.00
3277737,0.10,-3.28,192.00
3277914,0.11,-3.29,192.00
3278092,0.10,-3.29,192.00
3278269,0.10,-3.28,192.00
3278446,0.10,-3.29,192.00
3278624,0.10,-3.28,192.00
3278801,0.10,-3.28,192.00
3278978,0.11,-3.29,192.00
3279067,0.10,-3.28,192.00
3279156,0.10,-3.29,192.00
3279244,0.10,-3.29,192.00
3279333,0.10,-3.30,191.99
3279422,0.11,-3.29,192.00
3279510,0.11,-3.28,192.01
3279599,0.11,-3.28,192.00
3279688,0.11,-3.29,192.00
3279776,0.10,-3.28,192.01
3279865,0.10,-3.29,191.99
3279954,0.09,-3.28,192.00
3280043,0.10,-3.29,192.00
3280131,0.10,-3.28,192.00
3280220,0.10,-3.29,192.00
3280309,0.11,-3.28,192.00
3280397,0.10,-3.29,192.00
3280486,0.11,-3.28,191.99
3280575,0.11,-3.28,192.00
3280663,0.11,-3.28,191.99
3280752,0.10,-3.28,192.00
3280841,0.11,-3.28,192.00
3280929,0.10,-3.28,192.00
3281018,0.10,-3.28,192.00
3281107,0.11,-3.28,192.00
3281195,0.11,-3.28,192.00
3281284,0.10,-3.28,192.00
3281373,0.10,-3.29,192.00
3281461,0.10,-3.28,192.00
3281550,0.10,-3.28,192.00
3281639,0.11,-3.28,192.00
3281727,0.10,-3.28,192.00
3281816,0.11,-3.28,192.00
3281905,0.11,-3.28,192.00
3281994,0.11,-3.28,192.00
3282082,0.11,-3.28,192.00
3282171,0.10,-3.28,192.00
3282260,0.10,-3.28,192.00
3282348,0.10,-3.28,192.00
3282437,0.10,-3.29,192.00
3282526,0.10,-3.28,192.00
3282614,0.11,-3.28,192.00
3282703,0.10,-3.28,192.00
3282880,0.10,-3.28,192.00
3283058,0.11,-3.29,192.00
3283235,0.10,-3.29,192.00
3283412,0.10,-3.29,192.00
3283590,0.10,-3.28,192.00
3283767,0.10,-3.28,192.00
3283944,0.11,-3.28,192.00
3284122,0.10,-3.28,192.00
3284299,0.10,-3.29,192.00
3284477,0.10,-3.28,192.00
3284654,0.10,-3.28,192.00
3284831,0.10,-3.28,192.00
3285009,0.10,-3.28,192.00
3285186,0.11,-3.28,192.00
3285363,0.10,-3.28,192.00
3285541,0.11,-3.29,192.00
3285718,0.11,-3.29,192.00
3285895,0.10,-3.28,192.00
3286073,0.10,-3.28,192.00
3286250,0.11,-3.28,191.99
3286428,0.11,-3.28,192.00
3286605,0.11,-3.28,192.00
3286782,0.10,-3.28,192.00
3286960,0.11,-3.28,191.99
3287137,0.09,-3.28,192.00
3287314,0.10,-3.28,192.00
3287492,0.10,-3.28,191.99
3287669,0.11,-3.28,191.99
3287846,0.10,-3.28,191.99
3288024,0.11,-3.28,191.99
3288201,0.10,-3.28,191.99
3288378,0.11,-3.28,191.99
3288556,-1364.65,-3.28,191.99
3288644,0.11,-3.28,-527.52
3288733,0.10,-3.28,191.99
3288822,0.11,-3.28,191.99
3288910,0.10,-3.28,191.99
3288999,0.11,-3.28,191.99
3289088,0.11,-3.28,191.99
3289176,0.11,-3.28,191.99
3289265,0.11,-3.28,191.99
3289354,0.11,-3.28,191.99
3289442,0.10,-3.28,191.99
3289531,0.10,-3.28,191.99
3289620,0.10,-3.28,191.99
3289708,0.10,-3.28,191.99
3289797,0.10,-3.28,191.99
3289886,0.10,-3.28,191.99
3289974,0.10,-3.28,191.99
3290063,0.10,-3.28,191.99
3290152,0.11,-3.28,191.99
3290241,0.10,-3.28,191.99
3290329,0.11,-3.28,191.99
3290418,0.11,-3.28,191.99
3290507,0.11,-3.28,191.99
3290595,0.11,-3.28,191.99
3290684,0.10,-3.28,191.99
3290773,0.11,-3.28,191.99
3290861,0.11,-3.28,191.99
3290950,0.10,-3.28,191.99
3291039,0.10,-3.28,191.99
3291127,0.10,-3.28,191.99
3291216,0.11,-3.28,191.99
3291305,0.11,-3.28,191.99
3291393,0.10,-3.28,191.99
3291482,0.10,-3.28,191.99
3291571,0.11,-3.28,191.99
3291659,0.10,-3.28,191.99
3291748,0.11,-3.28,191.99
3291837,0.11,-3.28,191.99
3291925,0.10,-3.28,191.99
3292014,0.11,-3.28,191.99
3292103,0.10,-3.28,191.99
3292191,0.10,-3.28,191.99
3292280,0.10,-3.28,191.99
3292369,0.10,-3.28,191.99
3292457,0.11,-3.28,191.98
3292546,0.11,-3.28,191.99
3292635,0.11,-3.28,191.99
3292723,0.10,-3.28,191.99
3292812,0.11,-3.28,191.99
3292901,0.11,-3.28,191.99
3292990,0.11,-3.27,191.99
3293078,0.11,-3.27,191.99
3293167,0.10,-3.28,191.99
3293256,0.10,-3.28,191.99
3293344,0.10,-3.28,191.99
3293433,0.10,-3.28,191.99
3293522,0.10,-3.28,191.99
3293610,0.10,-3.28,191.99
3293699,0.10,-3.28,191.99
3293788,0.10,-3.28,191.99
3293876,0.10,-3.28,191.99
3293965,0.10,-3.27,191.99
3294054,0.11,-3.28,191.99
3294142,0.11,-3.28,191.99
3294231,0.11,-3.28,191.99
3294320,0.10,-3.27,191.99
3294408,0.10,-3.27,191.99
3294586,0.10,-3.27,191.99
3294763,0.11,-3.27,191.99
3294941,0.11,-3.28,191.99
3295118,0.11,-3.27,191.99
3295295,0.10,-3.27,191.99
3295473,0.11,-3.28,191.99
3295650,0.10,-3.27,191.99
3295827,0.10,-3.28,191.99
3296005,0.11,-3.27,191.99
3296182,0.10,-3.27,191.99
3296359,0.11,-3.27,191.99
3296537,0.11,-3.27,191.99
3296714,0.10,-3.27,191.99
3296891,0.10,-3.28,191.99
3297069,0.10,-3.27,191.99
3297246,0.11,-3.27,191.99
3297424,0.11,-3.27,191.99
3297601,0.11,-3.27,191.99
3297778,0.11,-3.28,191.99
3297956,0.10,-3.28,191.99
3298133,0.11,-3.28,191.99
3298310,0.10,-3.28,191.99
3298399,0.10,-3.28,191.99
3298488,0.09,-3.28,191.99
3298576,0.10,-3.28,191.99
3298665,0.11,-3.28,191.99
3298754,0.11,-3.28,191.98
3298842,0.11,-3.28,191.99
3298931,0.11,-3.28,191.99
3299020,0.11,-3.28,191.99
3299108,0.10,-3.28,191.98
3299197,0.10,-3.28,191.99
3299286,0.10,-3.28,191.99
3299374,0.11,-3.28,191.99
3299463,0.11,-3.28,191.99
3299552,0.11,-3.28,191.99
3299640,0.11,-3.28,191.99
3299729,0.10,-3.28,191.99
3299818,0.10,-3.27,191.99
3299907,0.11,-3.28,191.98
3299995,0.11,-3.28,191.99
3300084,0.11,-3.28,191.99
3300173,0.11,-3.27,191.99
3300350,0.11,-3.28,191.99
3300527,0.10,-3.28,191.99
3300705,0.10,-3.28,191.99
3300882,0.11,-3.28,191.98
3301059,0.10,-3.28,191.99
3301236,0.10,-3.27,191.99
3301414,0.11,-3.28,191.99
3301591,0.10,-3.28,191.99
3301768,0.11,-3.28,191.99
3301946,0.11,-3.28,191.99
3302123,0.10,-3.28,191.99
3302300,0.11,-3.28,191.99
3302478,0.10,-3.28,191.99
3302655,0.10,-3.28,191.99
3302833,0.10,-3.28,191.99
3303010,0.10,-3.27,191.99
3303187,0.11,-3.28,191.99
3303365,0.12,-3.27,191.99
3303453,0.11,-3.27,191.99
3303542,0.11,-3.27,191.99
3303631,0.10,-3.27,191.99
3303719,0.10,-3.28,191.99
3303808,0.11,-3.28,191.99
3303897,0.11,-3.28,191.99
3303985,0.11,-3.27,191.99
3304074,0.10,-3.27,191.99
3304163,0.11,-3.28,191.99
3304251,0.11,-3.28,191.99
3304340,0.11,-3.27,191.99
3304429,0.11,-3.28,191.99
3304517,0.10,-3.28,191.99
3304606,0.10,-3.28,191.99
3304695,0.10,-3.28,191.99
3304783,0.10,-3.27,191.99
3304872,0.11,-3.27,191.99
3304961,0.11,-3.27,191.99
3305050,0.10,-3.27,191.99
3305138,0.10,-3.27,191.99
3305227,0.11,-3.27,191.99
3305316,0.11,-3.27,191.99
3305404,0.11,-3.27,191.98
3305493,0.10,-3.27,191.99
3305582,0.11,-3.27,191.99
3305670,0.11,-3.28,191.99
3305759,0.10,-3.27,191.99
3305848,0.10,-3.27,191.99
3305936,0.11,-3.27,191.99
3306025,0.11,-3.28,191.99
3306291,0.11,-3.28,191.99
3306468,0.10,-3.28,191.99
3306646,0.10,-3.28,191.99
3306823,0.11,-3.28,191.99
3307001,0.10,-3.28,191.99
3307178,0.11,-3.27,191.99
3307355,0.11,-3.27,191.99
3307533,0.11,-3.27,191.99
3307710,0.10,-3.28,191.99
3307887,0.10,-3.28,191.99
3307976,0.10,-3.28,191.99
3308065,0.11,-3.28,191.99
3308153,0.11,-3.28,191.99
3308242,0.11,-3.27,191.99
3308331,0.11,-3.28,191.99
3308419,0.11,-3.28,191.99
3308508,0.11,-3.28,191.99
3308597,0.10,-3.28,191.99
3308685,0.10,-3.28,191.99
3308774,0.10,-3.28,191.99
3308863,0.10,-3.28,191.99
3308951,0.11,-3.28,191.99
3309040,0.11,-3.28,191.99
3309129,0.11,-3.28,191.99
3309218,0.10,-3.28,192.00
3309306,0.11,-3.27,191.99
3309395,0.10,-3.28,191.99
3309484,0.10,-3.28,191.99
3309572,0.10,-3.28,191.99
3309661,0.11,-3.28,191.99
3309750,0.11,-3.28,191.99
3309838,0.11,-3.28,191.99
3309927,0.11,-3.28,192.00
3310016,0.11,-3.28,191.99
3310104,0.11,-3.28,191.99
3310193,0.10,-3.28,191.99
3310282,0.10,-3.28,192.00
3310370,0.10,-3.28,191.99
3310459,0.11,-3.28,192.00
3310548,0.11,-3.28,191.99
3310636,0.11,-3.28,191.99
3310725,0.10,-3.28,191.99
3310814,0.11,-3.28,192.00
3310902,0.11,-3.28,191.99
3310991,0.10,-3.28,192.00
3311080,0.10,-3.28,191.99
3311168,0.11,-3.29,191.99
3311257,0.11,-3.28,191.99
3311346,0.11,-3.29,191.99
3311435,0.10,-3.28,191.99
3311523,0.10,-3.28,192.00
3311612,0.11,-3.28,191.99
3311701,0.10,-3.29,191.99
3311789,0.10,-3.28,191.99
3311878,0.11,-3.28,192.00
3312055,0.11,-3.28,192.00
3312233,0.11,-3.28,192.00
3312410,0.11,-3.28,191.99
3312587,0.11,-3.28,192.00
3312765,0.11,-3.28,192.00
3312942,0.11,-3.28,191.99
3313119,0.11,-3.28,192.00
3313297,0.10,-3.28,191.99
3313474,0.11,-3.28,192.00
3313652,0.10,-3.28,191.99
3313829,0.11,-3.28,192.00
3314006,0.11,-3.28,192.00
3314184,0.11,-3.28,192.00
3314361,0.10,-3.28,192.00
3314538,0.10,-3.28,192.00
3314716,0.11,-3.28,192.00
3314893,0.11,-3.28,192.00
3315070,0.11,-3.28,192.00
3315248,0.11,-3.28,192.00
3315425,0.11,-3.28,192.00
3315602,0.10,-3.28,192.00
3315780,0.11,-3.28,191.99
3315957,0.11,-3.28,192.00
3316135,0.11,-3.28,191.99
3316312,0.11,-3.28,191.99
3316489,0.11,-3.28,191.99
3316667,0.10,-3.28,192.00
3316844,0.11,-3.28,192.00
3317021,0.11,-3.28,192.00
3317199,0.10,-3.28,192.00
3317376,0.10,-3.28,191.99
3317465,0.11,-3.28,191.99
3317553,0.11,-3.28,192.00
3317642,0.10,-3.28,192.00
3317819,0.10,-3.28,192.00
3317997,0.11,-3.28,191.99
3318174,0.10,-3.28,192.00
3318263,0.11,-3.28,192.00
3318352,0.11,-3.28,191.99
3318440,0.10,-3.28,191.99
3318529,0.10,-3.28,191.99
3318618,0.11,-3.28,192.00
3318706,0.11,-3.28,192.00
3318795,0.11,-3.28,192.00
3318884,0.11,-3.28,192.00
3318972,0.11,-3.28,192.00
3319061,0.11,-3.28,191.99
3319150,0.11,-3.28,191.99
3319238,0.11,-3.28,191.99
3319327,0.11,-3.28,192.00
3319416,0.10,-3.28,191.99
3319504,0.10,-3.28,192.00
3319593,0.10,-3.28,192.00
3319682,0.11,-3.28,191.99
3319770,0.11,-3.28,192.00
3319859,0.11,-3.28,192.00
3319948,0.11,-3.28,192.00
3320036,0.10,-3.28,192.00
3320125,0.10,-3.28,191.99
3320214,0.11,-3.28,191.99
3320302,0.11,-3.28,192.00
3320391,0.10,-3.28,192.00
3320480,0.10,-3.28,191.99
3320568,0.10,-3.28,191.99
3320657,0.10,-3.28,191.99
3320746,0.10,-3.28,192.00
3320835,0.11,-3.28,191.99
3320923,0.11,-3.28,192.00
3321012,0.10,-3.28,192.00
3321101,0.10,-3.28,191.99
3321189,0.11,-3.28,191.99
3321278,0.11,-3.28,191.99
3321367,0.11,-3.28,192.00
3321455,0.11,-3.28,192.00
3321544,0.11,-3.28,192.00
3321633,0.11,-3.28,192.00
3321721,0.10,-3.28,192.00
3321810,0.10,-3.28,192.00
3321899,0.11,-3.28,192.00
3321987,0.11,-3.28,192.00
3322076,0.11,-3.28,191.99
3322165,0.11,-3.28,191.99
3322253,0.11,-3.28,192.00
3322342,0.10,-3.28,192.00
3322431,0.11,-3.28,191.99
3322519,0.11,-3.28,192.00
3322608,0.11,-3.28,192.00
3322697,0.11,-3.28,192.00
3322785,0.11,-3.28,191.99
3322874,0.11,-3.28,191.99
3322963,0.11,-3.28,191.99
3323052,0.10,-3.28,191.99
3323140,0.10,-3.28,191.99
3323229,0.10,-3.28,191.99
3323318,0.11,-3.28,191.99
3323406,0.11,-3.28,191.99
3323495,0.11,-3.28,192.00
3323584,0.11,-3.28,191.99
3323761,0.10,-3.28,191.99
3323938,0.11,-3.28,192.00
3324116,0.10,-3.28,191.99
3324293,0.10,-3.28,192.00
3324470,0.10,-3.28,192.00
3324648,0.11,-3.28,191.99
3324825,0.10,-3.28,191.99
3325002,0.11,-3.28,192.00
3325180,0.11,-3.28,191.99
3325357,0.11,-3.28,192.00
3325535,0.11,-3.28,192.00
3325712,0.11,-3.28,192.00
3325889,0.11,-3.27,192.00
3326067,0.11,-3.28,192.00
3326244,0.11,-3.27,191.99
3326421,0.10,-3.28,192.00
3326599,0.10,-3.28,191.99
3326776,0.11,-3.27,192.00
3326953,0.11,-3.28,192.00
3327042,0.10,-3.28,192.00
3327131,0.10,-3.28,192.00
3327219,0.11,-3.28,191.99
3327308,0.11,-3.28,192.00
3327397,0.11,-3.28,192.00
3327485,0.11,-3.28,192.00
3327574,0.11,-3.28,192.00
3327663,0.11,-3.28,192.00
3327751,0.11,-3.28,192.00
3327840,0.11,-3.28,192.00
3327929,0.11,-3.28,192.00
3328017,0.11,-3.28,192.00
3328106,0.11,-3.28,192.00
3328195,0.11,-3.28,192.00
3328284,0.11,-3.28,192.00
3328372,0.11,-3.28,191.99
3328461,0.11,-3.28,192.00
3328550,0.11,-3.28,192.00
3328638,0.10,-3.28,191.99
3328727,0.11,-3.28,191.99
3328816,0.10,-3.28,191.99
3328904,0.10,-3.28,191.99
3328993,0.11,-3.28,192.00
3329082,0.10,-3.28,191.99
3329170,0.10,-3.28,192.00
3329259,0.11,-3.28,191.99
3329348,0.10,-3.28,192.00
3329525,0.10,-3.28,191.99
3329702,0.11,-3.28,191.99
3329880,0.11,-3.28,191.99
3330057,0.11,-3.28,191.99
3330234,0.11,-3.28,191.99
3330412,0.11,-3.27,191.99
3330589,0.11,-3.28,191.99
3330767,0.10,-3.28,192.00
3330944,0.10,-3.28,192.00
3331121,0.11,-3.28,191.99
3331299,0.11,-3.28,191.99
3331476,0.11,-3.28,191.99
3331653,0.11,-3.28,192.00
3331831,0.11,-3.28,192.00
3332008,0.10,-3.28,192.00
3332185,0.10,-3.28,192.00
3332363,0.10,-3.28,192.00
3332540,0.10,-3.28,192.00
3332717,0.10,-3.28,192.00
3332895,0.11,-3.28,192.00
3333072,0.11,-3.28,192.00
3333250,0.11,-3.28,192.00
3333338,0.11,-3.28,192.00
3333427,0.11,-3.28,192.00
3333516,0.11,-3.28,192.00
3333604,0.11,-3.28,192.00
3333693,0.10,-3.28,192.00
3333782,0.11,-3.28,192.00
3333870,0.10,-3.28,192.00
3333959,0.10,-3.28,192.00
3334048,0.10,-3.28,192.00
3334136,0.11,-3.28,192.00
3334225,0.11,-3.28,192.00
3334314,0.11,-3.28,192.00
3334402,0.10,-3.28,192.00
3334491,0.10,-3.28,192.00
3334580,0.11,-3.28,192.00
3334668,0.10,-3.28,192.00
3334757,0.11,-3.29,192.00
3334846,0.11,-3.28,192.00
3334934,0.10,-3.28,192.00
3335023,0.10,-3.28,192.00
3335112,0.11,-3.28,192.00
3335289,0.11,-3.28,192.00
3335467,0.10,-3.28,192.00
3335644,0.11,-3.28,192.00
3335821,0.10,-3.28,192.00
3335999,0.11,-3.28,192.00
3336176,0.11,-3.28,192.00
3336353,0.11,-3.28,192.00
3336531,0.11,-3.28,192.00
3336708,0.10,-3.28,192.00
3336797,0.11,-3.28,192.00
3336885,0.10,-3.28,192.00
3336974,0.10,-3.28,192.00
3337063,0.11,-3.28,192.00
3337152,0.11,-3.28,192.00
3337240,0.11,-3.28,192.00
3337329,0.11,-3.28,192.00
3337418,0.11,-3.28,192.00
3337506,0.10,-3.28,192.00
3337595,0.10,-3.28,192.00
3337684,0.11,-3.28,192.00
3337772,0.10,-3.28,192.00
3337861,0.10,-3.28,192.00
3337950,0.10,-3.28,192.00
3338038,0.10,-3.28,192.00
3338127,0.11,-3.28,192.00
3338216,0.10,-3.28,192.00
3338304,0.10,-3.29,192.00
3338393,0.10,-3.28,192.00
3338482,0.10,-3.28,192.01
3338570,0.11,-3.28,192.00
3338659,0.10,-3.28,192.00
3338748,0.10,-3.28,192.00
3338836,0.10,-3.28,192.00
3338925,0.10,-3.28,192.00
3339014,0.11,-3.28,192.00
3339102,0.11,-3.28,192.00
3339191,0.10,-3.28,192.00
3339280,0.11,-3.28,192.00
3339368,0.11,-3.29,192.01
3339457,0.11,-3.28,192.00
3339546,0.11,-3.29,192.00
3339635,0.10,-3.28,192.00
3339723,0.11,-3.28,192.01
3339812,0.11,-3.28,192.00
3339901,0.11,-3.29,192.00
3339989,0.11,-3.28,192.01
3340078,0.11,-3.29,192.00
3340167,0.11,-3.28,192.00
3340255,0.10,-3.28,192.00
3340344,0.11,-3.28,192.00
3340433,0.11,-3.29,192.00
3340521,0.11,-3.28,192.00
3340610,0.10,-3.28,192.00
3340699,0.10,-3.28,192.00
3340787,0.11,-3.28,192.00
3340876,0.11,-3.28,192.00
3340965,0.11,-3.28,192.00
3341053,0.11,-3.28,192.00
3341142,0.11,-3.28,192.00
3341319,0.11,-3.28,192.00
3341497,0.11,-3.28,192.00
3341674,0.11,-3.28,192.00
3341851,0.10,-3.28,192.00
3342029,0.10,-3.29,192.00
3342206,0.10,-3.29,192.01
3342384,0.11,-3.28,192.00
3342561,0.10,-3.28,192.00
3342738,0.10,-3.29,192.00
3342916,0.10,-3.28,192.00
3343093,0.11,-3.28,192.00
3343270,0.10,-3.28,192.00
3343448,0.11,-3.28,192.00
3343625,0.10,-3.28,192.00
3343802,0.10,-3.29,192.00
3343980,0.10,-3.28,192.00
3344157,0.10,-3.28,192.00
3344335,0.10,-3.28,192.00
3344512,0.11,-3.28,192.00
3344689,0.10,-3.28,192.00
3344867,0.10,-3.28,192.00
3345044,0.11,-3.28,192.00
3345221,0.10,-3.28,192.00
3345399,0.11,-3.28,192.00
3345576,0.10,-3.28,192.00
3345753,0.10,-3.28,192.00
3345931,0.10,-3.28,192.00
3346108,0.11,-3.28,192.00
3346285,0.11,-3.29,192.00
3346374,0.11,-3.28,192.00
3346463,0.11,-3.28,192.00
3346552,0.11,-3.28,192.00
3346640,0.10,-3.28,192.00
3346729,0.11,-3.28,192.00
3346818,0.11,-3.28,192.00
3346906,0.11,-3.28,192.00
3347084,0.11,-3.28,192.00
3347261,0.11,-3.28,192.00
3347438,0.10,-3.28,192.00
3347616,0.11,-3.28,192.00
3347793,0.10,-3.28,192.00
3347970,0.11,-3.29,192.00
3348148,0.11,-3.28,192.00
3348236,0.11,-3.28,191.99
3348325,0.11,-3.28,192.00
3348414,0.11,-3.28,192.00
3348502,0.11,-3.28,192.00
3348591,0.10,-3.28,192.00
3348680,0.10,-3.28,192.00
3348769,0.10,-3.28,192.00
3348857,0.10,-3.28,192.00
3348946,0.10,-3.28,192.00
3349035,0.10,-3.28,192.00
3349123,0.10,-3.28,192.00
3349212,0.10,-3.28,192.00
3349301,0.11,-3.28,192.00
3349389,0.11,-3.28,192.00
3349478,0.10,-3.28,192.00
3349567,0.10,-3.28,192.00
3349655,0.10,-3.28,192.00
3349744,0.11,-3.28,192.00
3349833,0.11,-3.28,192.00
3349921,0.11,-3.29,192.00
3350010,0.11,-3.29,192.00
3350099,0.10,-3.28,192.00
3350187,0.10,-3.28,192.00
3350276,0.10,-3.28,192.00
3350365,0.10,-3.29,192.00
3350453,0.11,-3.29,192.00
3350542,0.11,-3.28,192.00
3350631,0.12,-3.29,192.00
3350719,0.11,-3.28,192.00
3350808,0.11,-3.28,192.00
3350897,0.11,-3.28,192.00
3350985,0.11,-3.28,192.00
3351074,0.11,-3.29,192.00
3351163,0.11,-3.28,192.00
3351252,0.11,-3.28,192.00
3351340,0.10,-3.28,192.00
3351429,0.10,-3.28,192.00
3351518,0.11,-3.29,192.00
3351606,0.11,-3.28,192.00
3351695,0.10,-3.28,192.00
3351784,0.10,-3.29,192.00
3351872,0.11,-3.28,192.00
3351961,0.10,-3.28,192.00
3352050,0.10,-3.28,192.00
3352138,0.11,-3.27,192.00
3352227,0.10,-3.28,192.01
3352316,0.10,-3.28,192.00
3352404,0.11,-3.28,192.00
3352493,0.10,-3.28,192.00
3352582,0.11,-3.28,192.00
3352670,0.11,-3.28,192.00
3352759,0.12,-3.28,192.01
3352936,0.11,-3.28,192.00
3353114,0.10,-3.28,192.00
3353291,0.10,-3.28,192.01
3353469,0.11,-3.29,192.00
3353646,0.11,-3.28,192.00
3353823,0.10,-3.28,192.00
3354001,0.11,-3.28,192.00
3354178,0.11,-3.28,192.00
3354355,0.11,-3.28,192.00
3354533,0.10,-3.28,192.00
3354710,0.10,-3.28,192.00
3354887,0.11,-3.29,192.00
3355065,0.11,-3.29,192.01
3355242,0.10,-3.28,192.00
3355419,0.11,-3.29,192.00
3355597,0.11,-3.28,192.00
3355774,0.10,-3.28,192.01
3355863,0.11,-3.28,192.00
3355952,0.10,-3.28,192.00
3356040,0.11,-3.29,192.00
3356129,0.10,-3.28,192.01
3356218,0.10,-3.28,192.00
3356306,0.11,-3.28,192.00
3356395,0.10,-3.27,192.01
3356484,0.10,-3.29,192.00
3356572,0.11,-3.28,192.00
3356661,0.10,-3.28,192.00
3356750,0.10,-3.28,192.00
3356838,0.10,-3.28,192.00
3356927,0.10,-3.28,192.00
3357016,0.10,-3.28,192.00
3357104,0.11,-3.28,191.99
3357193,0.10,-3.28,192.00
3357282,0.10,-3.28,191.99
3357370,0.10,-3.28,191.99
3357459,0.10,-3.28,191.99
3357548,0.11,-3.28,192.00
3357636,0.11,-3.28,191.99
3357725,0.11,-3.26,192.00
3357814,0.11,-3.28,191.99
3357902,0.11,-3.27,192.00
3357991,0.10,-3.28,191.99
3358080,0.10,-3.28,191.99
3358169,0.10,-3.28,191.99
3358257,0.10,-3.28,191.99
3358346,0.11,-3.27,192.01
3358435,0.11,-3.28,191.99
3358523,0.10,-3.29,191.99
3358612,0.10,-3.28,192.00
3358789,0.10,-3.28,192.00
3358967,0.10,-3.28,192.00
3359144,0.11,-3.28,192.00
3359321,0.11,-3.29,192.00
3359499,0.10,-3.28,192.00
3359676,0.11,-3.29,192.00
3359853,0.10,-3.29,192.00
3360031,0.10,-3.29,192.00
3360208,0.11,-3.28,192.00
3360386,0.10,-3.29,192.00
3360563,0.11,-3.29,192.00
3360740,0.10,-3.29,192.00
3360918,0.11,-3.29,192.00
3361095,0.10,-3.29,192.01
3361272,0.11,-3.29,192.01
3361450,0.11,-3.29,192.00
3361627,0.11,-3.29,192.01
3361804,0.11,-3.29,192.00
3361982,0.10,-3.29,192.01
3362159,0.11,-3.29,191.99
3362336,0.11,-3.29,192.00
3362514,0.11,-3.29,192.00
3362691,0.11,-3.29,192.00
3362869,0.10,-3.29,191.99
3363046,0.11,-3.28,192.03
3363223,0.09,-3.31,191.99
3363312,0.10,-3.29,192.00
3363401,0.11,-3.29,192.00
3363489,0.11,-3.29,191.99
3363578,0.10,-3.29,192.00
3363667,0.11,-3.28,192.00
3363755,0.10,-3.29,191.99
3363844,0.10,-3.29,192.00
3363933,0.11,-3.28,192.00
3364021,0.10,-3.29,192.00
3364110,0.10,-3.29,192.00
3364287,0.11,-3.29,192.00
3364465,0.11,-3.29,192.00
3364642,0.11,-3.29,192.00
3364820,0.10,-3.29,192.00
3364997,0.11,-3.30,192.00
3365174,0.10,-3.30,192.00
3365352,0.10,-3.31,192.00
3365440,0.11,-3.30,192.00
3365529,0.11,-3.31,192.00
3365618,0.11,-3.31,192.01
3365706,0.11,-3.31,192.01
3365795,0.11,-3.32,192.01
3365884,0.11,-3.30,192.00
3365972,0.11,-3.31,192.01
3366061,0.11,-3.31,192.01
3366150,0.11,-3.31,192.01
3366239,0.10,-3.31,192.01
3366327,0.11,-3.31,192.00
3366416,0.11,-3.31,192.01
3366505,0.10,-3.32,192.01
3366593,0.10,-3.31,192.01
3366682,0.10,-3.31,192.01
3366771,0.10,-3.31,192.01
3366859,0.10,-3.31,192.01
3366948,0.10,-3.32,192.01
3367037,0.11,-3.32,192.01
3367125,0.10,-3.31,192.01
3367214,0.10,-3.31,192.01
3367303,0.10,-3.32,192.01
3367391,0.11,-3.32,192.02
3367480,0.11,-3.31,192.01
3367569,0.11,-3.32,192.02
3367657,0.11,-3.32,192.02
3367746,0.10,-3.32,192.02
3367835,0.11,-3.32,192.02
3367923,0.11,-3.32,192.01
3368012,0.10,-3.32,192.02
3368101,0.10,-3.32,192.01
3368189,0.11,-3.32,192.01
3368278,0.11,-3.32,192.01
3368367,0.11,-3.31,192.01
3368455,0.10,-3.31,192.01
3368544,0.10,-3.32,192.01
3368633,0.11,-3.32,192.01
3368722,0.10,-3.32,192.01
3368810,0.11,-3.32,192.01
3368899,0.11,-3.32,192.01
3368988,0.10,-3.32,192.01
3369076,0.10,-3.32,192.01
3369165,0.11,-3.32,192.01
3369254,0.11,-3.32,192.01
3369342,0.11,-3.32,192.01
3369431,0.10,-3.32,192.01
3369520,0.11,-3.31,192.01
3369608,0.11,-3.31,192.02
3369697,0.11,-3.32,192.01
3369786,0.10,-3.31,192.01
3369874,0.10,-3.32,192.01
3369963,0.10,-3.31,192.01
3370052,0.10,-3.32,192.01
3370140,0.10,-3.32,192.02
3370229,0.10,-3.32,192.01
3370318,0.10,-3.31,192.01
3370495,0.10,-3.32,192.01
3370672,0.10,-3.32,192.01
3370850,0.10,-3.31,192.01
3371027,0.11,-3.31,192.01
3371205,0.11,-3.31,192.01
3371382,0.11,-3.32,192.01
3371559,0.10,-3.31,192.01
3371737,0.10,-3.31,192.01
3371914,0.10,-3.31,192.01
3372091,0.10,-3.31,192.01
3372269,0.11,-3.31,192.01
3372446,0.10,-3.31,192.01
3372624,0.11,-3.31,192.01
3372801,0.11,-3.31,192.01
3372978,0.09,-3.31,192.01
3373156,0.10,-3.31,192.01
3373333,0.11,-3.31,192.00
3373510,0.11,-3.31,192.00
3373688,0.11,-3.31,192.00
3373865,0.11,-3.31,192.00
3374042,0.10,-3.31,192.00
3374220,0.11,-3.31,192.00
3374397,0.10,-3.31,192.00
3374575,0.11,-3.31,192.00
3374752,0.11,-3.31,192.00
3374929,0.10,-3.31,192.00
3375018,0.11,-3.31,192.00
3375107,0.10,-3.31,192.00
3375195,0.10,-3.31,192.00
3375284,0.10,-3.30,192.00
3375373,0.10,-3.31,192.00
3375461,0.11,-3.31,192.00
3375550,0.11,-3.31,192.00
3375639,0.11,-3.31,192.00
3375727,0.10,-3.31,192.00
3375816,0.10,-3.31,192.00
3375905,0.10,-3.31,192.00
3375993,0.10,-3.31,192.00
3376082,0.10,-3.31,192.00
3376260,0.10,-3.31,192.00
3376437,0.11,-3.31,192.00
3376614,0.10,-3.31,192.00
3376792,0.11,-3.31,192.00
3376969,0.11,-3.31,192.00
3377146,0.11,-3.31,192.00
3377324,0.11,-3.31,192.00
3377501,0.10,-3.31,192.00
3377678,0.10,-3.31,192.00
3377856,0.11,-3.31,192.00
3378033,0.11,-3.31,192.00
3378211,0.10,-3.31,192.00
3378299,0.11,-3.31,192.00
3378388,0.11,-3.31,192.00
3378477,0.11,-3.31,192.00
3378565,0.11,-3.31,192.00
3378654,0.10,-3.31,192.00
3378743,0.11,-3.31,192.00
3378831,0.10,-3.31,192.00
3378920,0.11,-3.31,192.00
3379009,0.10,-3.31,192.01
3379097,0.10,-3.31,192.01
3379186,0.10,-3.32,192.00
3379275,0.10,-3.32,192.00
3379363,0.11,-3.32,192.01
3379452,0.11,-3.31,192.01
3379541,0.11,-3.32,192.01
3379629,0.11,-3.31,192.01
3379718,0.11,-3.31,192.00
3379807,0.10,-3.32,192.01
3379896,0.11,-3.32,192.01
3379984,0.11,-3.32,192.01
3380073,0.11,-3.31,192.00
3380162,0.11,-3.31,192.01
3380250,0.10,-3.32,192.01
3380339,0.11,-3.32,192.01
3380428,0.10,-3.32,192.01
3380516,0.10,-3.32,192.01
3380605,0.11,-3.32,192.00
3380694,0.11,-3.32,192.01
3380782,0.10,-3.32,192.00
3380871,0.10,-3.32,192.00
3380960,0.11,-3.32,192.01
3381048,0.11,-3.32,192.01
3381137,0.11,-3.32,192.01
3381226,0.11,-3.32,192.01
3381314,0.10,-3.32,192.01
3381403,0.10,-3.31,192.01
3381492,0.10,-3.31,192.01
3381581,0.11,-3.32,192.01
3381669,0.11,-3.32,192.01
3381758,0.11,-3.32,192.01
3381847,0.12,-3.32,192.00
3381935,0.11,-3.32,192.00
3382024,0.10,-3.32,192.01
3382201,0.10,-3.31,192.01
3382379,0.10,-3.31,192.00
3382556,0.11,-3.31,192.01
3382733,0.11,-3.31,192.01
3382911,0.10,-3.31,192.01
3383088,0.11,-3.31,192.01
3383265,0.11,-3.31,192.01
3383443,0.09,-3.31,192.01
3383620,0.11,-3.31,192.01
3383798,0.10,-3.31,192.01
3383975,0.11,-3.32,192.00
3384152,0.10,-3.31,192.01
3384330,0.10,-3.31,192.01
3384418,0.11,-3.31,192.01
3384507,0.11,-3.31,192.01
3384596,0.10,-3.32,192.01
3384684,0.11,-3.32,192.01
3384773,0.11,-3.32,192.00
3384862,0.10,-3.32,192.00
3384950,0.11,-3.31,192.01
3385039,0.10,-3.31,192.00
3385128,0.10,-3.31,192.01
3385217,0.11,-3.31,192.00
3385305,0.11,-3.31,192.00
3385394,0.11,-3.31,192.00
3385483,0.10,-3.31,192.00
3385571,0.10,-3.31,192.00
3385660,0.10,-3.31,192.01
3385749,0.11,-3.31,192.01
3385837,0.11,-3.31,192.01
3385926,0.10,-3.31,192.00
3386015,0.09,-3.31,192.00
3386103,0.10,-3.32,192.01
3386192,0.11,-3.31,192.01
3386281,0.11,-3.31,192.01
3386369,0.10,-3.31,192.01
3386458,0.10,-3.32,192.01
3386547,0.11,-3.32,192.01
3386635,0.11,-3.32,192.00
3386724,0.11,-3.32,192.01
3386813,0.10,-3.32,192.01
3386902,0.10,-3.32,192.01
3386990,0.11,-3.32,192.01
3387079,0.10,-3.32,192.01
3387168,0.10,-3.32,192.01
3387256,0.11,-3.32,192.01
3387345,0.11,-3.32,192.01
3387434,0.11,-3.32,192.01
3387522,0.11,-3.32,192.01
3387611,0.11,-3.32,192.01
3387700,0.10,-3.32,192.01
3387788,0.11,-3.32,192.01
3387966,0.11,-3.32,192.01
3388143,0.11,-3.32,192.01
3388320,0.11,-3.32,192.01
3388498,0.11,-3.32,192.01
3388675,0.10,-3.32,192.01
3388853,0.10,-3.33,192.01
3389030,0.11,-3.32,192.01
3389207,0.10,-3.32,192.01
3389385,0.11,-3.33,192.01
3389562,0.10,-3.33,192.01
3389739,0.10,-3.33,192.01
3389917,0.10,-3.33,192.01
3390094,0.10,-3.33,192.01
3390272,0.11,-3.33,192.01
3390449,0.10,-3.33,192.01
3390626,0.10,-3.33,192.01
3390804,0.10,-3.32,192.02
3390981,0.10,-3.32,192.01
3391158,0.11,-3.33,192.01
3391336,0.11,-3.32,192.01
3391513,0.10,-3.33,192.01
3391690,0.11,-3.33,192.01
3391868,0.10,-3.32,192.01
3392045,0.10,-3.33,192.01
3392223,0.11,-3.33,192.01
3392400,0.11,-3.33,192.01
3392577,0.11,-3.33,192.01
3392755,0.11,-3.33,192.01
3392932,0.11,-3.33,192.01
3393109,0.11,-3.33,192.01
3393677,0.11,-3.33,48.02
3394244,0.10,-3.33,192.00
3394422,0.10,-3.32,192.01
3394599,0.10,-3.32,192.00
3394777,0.11,-3.31,192.01
3394954,0.10,-3.32,192.00
3395131,0.10,-3.32,191.98
3395309,0.09,-3.31,192.02
3395486,0.10,-3.34,192.02
3395663,0.11,-3.31,191.99
3395841,0.10,-3.30,192.00
3395929,0.11,-3.31,192.00
3396018,0.11,-3.33,191.98
3396107,0.09,-3.32,191.99
3396195,0.10,-3.31,192.00
3396284,0.11,-3.30,192.01
3396373,0.12,-3.31,192.00
3396462,0.10,-3.31,192.00
3396550,0.10,-3.32,191.98
3396639,0.10,-3.32,191.99
3396727,0.11,-3.31,192.00
3396816,0.11,-3.32,192.00
3396905,0.11,-3.31,192.00
3396994,0.10,-3.32,192.00
3397082,0.09,-3.32,191.99
3397171,0.10,-3.32,191.99
3397260,0.10,-3.31,192.00
3397348,0.10,-3.32,192.00
3397437,0.11,-3.32,192.00
3397526,0.11,-3.32,192.00
3397614,0.10,-3.32,191.99
3397703,0.10,-3.32,191.99
3397792,0.10,-3.32,192.00
3397880,0.11,-3.32,192.00
3397969,0.11,-3.31,192.00
3398058,0.11,-3.32,192.00
3398146,0.11,-3.32,191.99
3398235,0.10,-3.32,192.00
3398324,0.10,-3.32,192.00
3398412,0.10,-3.32,192.00
3398501,0.12,-3.32,192.00
3398590,0.11,-3.32,192.00
3398678,0.11,-3.32,192.00
3398767,0.10,-3.33,192.00
3398856,0.10,-3.33,192.00
3398944,0.11,-3.32,192.00
3399033,0.11,-3.32,192.00
3399122,0.10,-3.33,192.01
3399210,0.11,-3.33,192.00
3399299,0.11,-3.32,192.00
3399388,0.11,-3.32,192.00
3399476,0.10,-3.32,192.00
3399654,0.10,-3.32,192.00
3399831,0.11,-3.32,192.00
3400009,0.11,-3.32,192.00
3400186,0.10,-3.32,192.00
3400363,0.11,-3.33,192.00
3400541,0.11,-3.32,192.00
3400718,0.10,-3.32,192.00
3400895,0.10,-3.32,192.00
3401073,0.10,-3.32,192.01
3401250,0.10,-3.32,192.01
3401427,0.10,-3.32,192.01
3401605,0.11,-3.32,192.01
3401782,0.11,-3.32,192.01
3401960,0.10,-3.32,192.01
3402137,0.11,-3.32,192.01
3402314,0.10,-3.32,192.01
3402492,0.10,-3.32,192.01
3402669,0.11,-3.32,192.01
3402846,0.11,-3.32,192.01
3403024,0.10,-3.31,192.00
3403201,0.10,-3.32,192.01
3403378,0.10,-3.32,192.00
3403556,0.10,-3.31,192.01
3403733,0.11,-3.31,192.01
3403911,0.10,-3.31,192.00
3404088,0.10,-3.30,192.00
3404265,0.11,-3.30,192.01
3404443,0.10,-3.31,192.00
3404620,0.09,-3.31,191.99
3404797,0.11,-3.31,192.00
3404975,0.10,-3.31,191.99
3405152,0.10,-3.31,192.00
3405330,0.11,-3.30,192.00
3405418,0.10,-3.30,192.00
3405507,0.11,-3.31,191.99
3405596,0.11,-3.30,192.00
3405684,0.09,-3.30,192.00
3405773,0.10,-3.30,192.00
3405862,0.10,-3.30,192.00
3405950,0.10,-3.30,192.00
3406039,0.11,-3.31,191.99
3406128,0.10,-3.31,192.00
3406216,0.10,-3.30,191.99
3406305,0.10,-3.31,191.99
3406394,0.10,-3.29,192.01
3406482,0.11,-3.30,192.00
3406571,0.10,-3.31,191.98
3406660,0.09,-3.30,191.99
3406748,0.11,-3.30,191.98
3406837,0.11,-3.30,191.99
3406926,0.10,-3.28,191.99
3407014,0.11,-3.29,191.98
3407103,0.11,-3.29,191.97
3407192,0.11,-3.29,191.98
3407280,0.11,-3.29,191.98
3407369,0.12,-3.29,191.98
3407458,0.11,-3.28,191.99
3407546,0.12,-3.29,191.97
3407635,0.11,-3.29,191.99
3407724,0.12,-3.29,191.98
3407812,0.11,-3.30,191.98
3407901,0.11,-3.29,191.98
3407990,0.11,-3.30,191.98
3408079,0.10,-3.30,191.98
3408167,0.10,-3.30,191.99
3408256,0.11,-3.30,191.98
3408345,0.10,-3.31,191.99
3408433,0.10,-3.30,191.99
3408522,0.09,-3.30,191.99
3408611,0.10,-3.30,191.99
3408699,0.09,-3.30,191.99
3408788,0.09,-3.31,191.98
3408877,0.09,-3.31,191.98
3408965,0.09,-3.31,191.97
3409054,0.09,-3.31,191.97
3409143,0.09,-3.30,191.97
3409231,0.09,-3.30,191.97
3409320,0.10,-3.29,191.96
3409409,0.10,-3.31,191.98
3409497,0.13,-3.25,191.98
3409586,0.10,-3.32,191.94
3409675,0.09,-3.29,191.94
3409763,0.11,-3.29,191.96
3409852,0.11,-3.29,191.95
3409941,0.10,-3.30,191.96
3410030,0.11,-3.29,191.95
3410118,0.10,-3.29,191.97
3410207,0.11,-3.29,191.95
3410296,0.11,-3.29,191.97
3410384,0.12,-3.30,191.94
3410473,0.10,-3.29,191.95
3410562,0.11,-3.25,191.92
3410650,0.11,-3.26,191.92
3410739,0.10,-3.25,191.92
3410828,0.10,-3.24,191.92
3410916,0.10,-3.25,191.92
3411005,0.11,-3.24,191.93
3411094,0.10,-3.24,191.91
3411182,0.11,-3.24,191.93
3411360,0.10,-3.24,191.92
3411537,0.11,-3.23,191.92
3411714,0.11,-3.24,191.92
3411892,0.11,-3.24,191.92
3412069,0.10,-3.24,191.92
3412247,0.10,-3.24,191.90
3412424,0.10,-3.23,191.91
3412601,0.10,-3.23,191.90
3412779,0.11,-3.23,191.90
3412956,0.10,-3.23,191.91
3413133,0.10,-3.23,191.91
3413311,0.10,-3.24,191.90
3413488,0.10,-3.23,191.91
3413665,0.10,-3.24,191.91
3413843,0.10,-3.24,191.90
3414020,0.10,-3.24,191.90
3414198,0.10,-3.24,191.90
3414375,0.10,-3.24,191.91
3414552,0.11,-3.24,191.91
3414730,0.11,-3.24,191.90
3414907,0.10,-3.24,191.91
3414996,0.11,-3.24,191.90
3415084,0.11,-3.24,191.90
3415173,0.10,-3.24,191.90
3415262,0.11,-3.24,191.90
3415350,0.11,-3.24,191.90
3415439,0.11,-3.24,191.90
3415528,0.11,-3.24,191.90
3415617,0.10,-3.25,191.90
3415705,0.10,-3.24,191.90
3415794,0.10,-3.25,191.90
3415883,0.11,-3.24,191.90
3415971,0.10,-3.24,191.90
3416060,0.10,-3.25,191.90
3416149,0.11,-3.24,191.90
3416237,0.11,-3.24,191.90
3416326,0.10,-3.25,191.90
3416415,0.11,-3.24,191.91
3416503,0.11,-3.25,191.91
3416592,0.11,-3.25,191.91
3416681,0.10,-3.25,191.91
3416769,0.10,-3.25,191.91
3416858,0.11,-3.25,191.90
3416947,0.11,-3.25,191.91
3417124,0.11,-3.25,191.90
3417302,0.11,-3.24,191.91
3417479,0.10,-3.24,191.91
3417656,0.10,-3.25,191.90
3417834,0.10,-3.25,191.91
3418011,0.10,-3.25,191.91
3418188,0.10,-3.25,191.91
3418366,0.10,-3.25,191.90
3418543,0.10,-3.25,191.91
3418721,0.11,-3.25,191.91
3418898,0.11,-3.25,191.91
3419075,0.10,-3.25,191.91
3419253,0.10,-3.25,191.91
3419430,0.10,-3.25,191.91
3419607,0.10,-3.25,191.91
3419785,0.10,-3.25,191.91
3419962,0.11,-3.25,191.91
3420140,0.10,-3.25,191.91
3420317,0.11,-3.25,191.91
3420494,0.11,-3.25,191.91
3420583,0.11,-3.25,191.91
3420672,0.10,-3.25,191.91
3420760,0.10,-3.24,191.91
3420849,0.09,-3.25,191.91
3420938,0.10,-3.25,191.91
3421026,0.10,-3.25,191.91
3421115,0.09,-3.25,191.91
3421204,0.10,-3.25,191.91
3421292,0.10,-3.25,191.91
3421381,0.10,-3.25,191.91
3421470,0.10,-3.25,191.91
3421558,0.09,-3.25,191.90
3421647,0.10,-3.24,191.92
3421736,0.10,-3.25,191.91
3421825,0.11,-3.25,191.93
3421913,0.12,-3.25,191.90
3422002,0.10,-3.26,191.92
3422091,0.11,-3.27,191.93
3422179,0.11,-3.25,191.93
3422268,0.10,-3.27,191.91
3422357,0.10,-3.26,191.92
3422445,0.09,-3.28,191.93
3422534,0.10,-3.26,191.94
3422623,0.09,-3.28,191.92
3422711,0.10,-3.26,191.94
3422800,0.11,-3.27,191.93
3422889,0.11,-3.25,191.93
3423066,0.10,-3.26,191.93
3423243,0.10,-3.26,191.93
3423421,0.10,-3.26,191.93
3423598,0.10,-3.27,191.94
3423776,0.10,-3.28,191.95
3423953,0.11,-3.27,191.94
3424130,0.10,-3.26,191.92
3424308,0.10,-3.25,191.92
3424396,0.11,-3.24,191.91
3424485,0.10,-3.24,191.89
3424574,0.12,-3.17,191.91
3424662,0.29,-2.35,191.75
3424751,0.12,-2.61,191.64
3424840,-0.26,-4.53,193.10
3424929,0.22,-4.04,192.83
3425017,0.15,-3.02,192.20
3425106,0.13,-2.54,191.86
3425195,0.10,-1.34,191.29
3425283,0.02,-0.19,190.90
3425372,0.14,1.02,190.34
3425461,0.05,0.51,190.50
3425549,0.05,-0.65,191.01
3425638,0.19,-0.08,190.66
3425727,0.04,0.17,190.59
3425815,0.07,0.25,190.64
3425904,0.13,1.14,190.22
3425993,0.10,1.21,190.23
3426081,0.05,0.79,190.39
3426170,0.12,0.54,190.42
3426259,0.11,0.78,190.24
3426348,0.07,1.20,190.03
3426436,0.09,0.35,190.57
3426525,0.07,-1.88,191.63
3426614,0.12,-2.32,191.73
3426702,0.10,-2.73,192.03
3426791,0.10,-3.18,192.31
3426880,0.10,-3.40,192.54
3426968,0.01,-3.72,192.49
3427057,0.11,-3.32,192.45
3427146,0.17,-3.77,192.69
3427234,0.07,-3.59,192.45
3427323,0.17,-2.68,192.04
3427412,0.04,-2.77,192.30
3427500,0.03,-3.40,192.20
3427589,0.24,-2.28,191.84
3427678,0.10,-2.74,192.34
3427766,0.02,-3.77,192.65
3427855,0.14,-3.25,192.05
3427944,0.11,-2.35,191.74
3428033,0.10,-2.78,192.13
3428121,0.08,-3.12,192.17
3428210,0.09,-2.95,192.04
3428299,0.11,-2.74,191.94
3428387,0.13,-2.81,192.06
3428476,0.11,-3.37,192.44
3428565,0.04,-3.57,192.42
3428653,0.10,-3.39,192.45
3428831,0.11,-3.28,192.39
3429008,0.09,-3.08,192.22
3429185,0.10,-1.34,191.59
3429363,0.08,-0.52,191.17
3429540,0.11,-0.76,191.24
3429718,0.09,-1.02,191.25
3429895,0.09,-1.84,191.70
3430072,0.06,-3.08,192.15
3430250,0.09,-3.61,192.27
3430427,0.11,-3.29,192.09
3430604,0.10,-2.82,192.47
3430782,0.10,-3.71,192.13
3430959,0.09,-2.84,192.02
3431136,0.12,-3.35,192.32
3431314,0.09,-3.65,192.22
3431491,0.10,-3.08,191.98
3431669,0.10,-3.02,192.04
3431846,0.09,-3.22,192.36
3432023,0.11,-3.70,192.37
3432201,0.09,-3.37,192.31
3432378,0.10,-3.07,192.43
3432555,0.10,-2.89,191.89
3432733,0.08,-2.88,192.34
3432910,0.12,-2.97,192.57
3433088,0.09,-3.64,191.98
3433265,0.10,-3.16,191.93
3433442,0.11,-2.14,191.88
3433620,0.08,-2.23,191.77
3433797,0.09,-2.40,191.73
3433886,0.11,-2.87,191.86
3433974,0.10,-3.11,192.03
3434063,0.09,-2.51,191.89
3434152,0.09,-2.30,191.83
3434240,0.10,-2.42,191.81
3434329,0.09,-2.43,191.71
3434418,0.11,-2.22,191.62
3434506,0.11,-736.58,191.64
3434684,0.10,-1.87,191.72
3434861,0.09,-1.97,191.62
3435039,0.10,-2.08,191.55
3435216,0.10,-2.13,191.65
3435393,0.09,-1.83,191.59
3435571,0.10,-1.80,191.61
3435837,0.10,-1.65,191.59
3435925,0.10,-1.53,191.56
3436014,0.09,-1.62,191.51
3436103,0.09,-1.70,191.52
3436191,0.10,-1.76,191.52
3436280,0.10,-1.88,191.56
3436369,0.10,-2.05,191.62
3436457,0.10,-2.13,191.64
3436546,0.10,-2.12,191.60
3436635,0.10,-2.17,191.58
3436723,0.10,-2.27,191.58
3436812,0.10,-2.37,191.61
3436901,0.10,-2.30,191.57
3436990,0.10,-2.33,191.65
3437078,0.11,-2.67,191.85
3437167,0.10,-2.79,191.83
3437256,0.10,-2.52,191.79
3437344,0.10,-2.20,191.74
3437433,0.09,-2.05,191.64
3437522,0.09,-2.32,191.59
3437610,0.10,-2.66,191.68
3437699,0.11,-3.13,192.02
3437788,0.10,-3.26,192.10
3437876,0.10,-2.92,192.08
3437965,0.10,-2.91,192.23
3438054,0.11,-2.96,192.26
3438142,0.11,-2.96,192.27
3438231,0.12,-3.04,192.36
3438320,0.12,-3.21,192.44
3438408,0.11,-3.35,192.49
3438497,0.10,-3.43,192.52
3438586,0.11,-3.43,192.52
3438675,0.11,-3.43,192.52
3438763,0.11,-3.44,192.52
3438852,0.11,-3.43,192.52
3438941,0.10,-3.44,192.52
3439029,0.10,-3.45,192.52
3439118,0.10,-3.44,192.52
3439207,0.10,-3.45,192.53
3439295,0.11,-3.45,192.53
3439384,0.10,-3.45,192.52
3439473,0.11,-3.45,192.52
3439561,0.11,-3.45,192.52
3439650,0.10,-3.46,192.52
3439739,0.10,-3.46,192.52
3439827,0.11,-3.46,192.53
3439916,0.11,-3.46,192.52
3440005,0.11,-3.46,192.53
3440093,0.10,-3.46,192.53
3440182,0.10,-3.46,192.52
3440271,0.11,-3.46,192.52
3440359,0.11,-3.46,192.52
3440537,0.10,-3.46,192.53
3440714,0.11,-3.47,192.53
3440892,0.10,-3.47,192.52
3441069,0.10,-3.46,192.52
3441246,0.10,-3.47,192.52
3441424,0.10,-3.47,192.52
3441601,0.11,-3.47,192.52
3441778,0.11,-3.47,192.52
3441956,0.10,-3.47,192.52
3442133,0.11,-3.47,192.52
3442310,0.11,-3.47,192.52
3442488,0.10,-3.47,192.52
3442665,0.11,-3.47,192.53
3442842,0.10,-3.48,192.52
3443020,0.11,-3.48,192.52
3443197,0.11,-3.48,192.53
3443375,0.10,-3.47,192.53
3443463,0.11,-3.48,192.52
3443552,0.11,-3.48,192.53
3443641,0.11,-3.48,192.52
3443729,0.10,-3.48,192.53
3443818,0.10,-3.48,192.52
3443907,0.11,-3.48,192.53
3443995,0.10,-3.48,192.53
3444084,0.10,-3.45,192.51
3444173,0.11,-3.01,192.27
3444261,0.11,-3.25,192.44
3444350,0.11,-3.26,192.36
3444439,0.11,-5.34,194.09
3444527,0.10,-6.88,195.24
3444616,0.10,-6.13,195.07
3444705,0.10,-7.52,195.77
3444793,0.10,-8.67,196.26
3444882,0.09,-8.11,196.36
3444971,0.10,-8.46,196.80
3445060,0.10,-8.19,196.21
3445148,0.09,-7.66,195.89
